t,x,y,z,q1,q2,q3,qd1,qd2,qd3,qdd1,qdd2,qdd3
0.0,0.3716225455311848,-0.1029330188875211,0.4948404712210624,0.7499905258688487,0.842924945208989,0.7570885899748078,-0.0,0.0,0.0,0.0,0.0,0.0
0.01,0.37162254246032317,-0.10293301526365228,0.49484047560806294,0.7499905142800796,0.8429249496727944,0.7570885927931149,-3.474368577952216e-06,1.338270291154908e-06,8.449419936943755e-07,-0.0006939690784270483,0.0002673056147873707,0.00016876840231267343
0.02,0.3716225210122222,-0.10293298995313421,0.49484050624859405,0.7499904333395776,0.8429249808497621,0.7570886124772768,-1.3861311534842333e-05,5.339152602250365e-06,3.37097390351829e-06,-0.0013825171259565408,0.0005325233240600297,0.0003362185632262278
0.03,0.371622462941281,-0.10293292142468524,0.494840589208129,0.7499902141924281,0.8429250652617092,0.757088665772339,-3.110668503598397e-05,1.1981795605966343e-05,7.5649307859724476e-06,-0.002065657334941481,0.0007956586858804778,0.000502353983848072
0.04,0.371622350145164,-0.10293278831616354,0.49484075034747366,0.7499897885245053,0.8429252292222189,0.7570887692918727,-5.515647412363201e-05,2.1245403927039407e-05,1.3413682916949228e-05,-0.0027434022912660757,0.0010567173322502698,0.0006671782067542417
0.05,0.37162216466442677,-0.10293256943420964,0.49484101532330066,0.7499890885612136,0.8429254988372035,0.7570889395183305,-8.595678673743235e-05,3.31092388712765e-05,2.090413620059398e-05,-0.003415763991340307,0.0013157049670387577,0.0008306948148265583
0.06,0.3716218886821405,-0.10293224375392146,0.49484140958868555,0.7499880470662877,0.8429259000054743,0.757089192803403,-0.00012345384790383567,4.755261913397843e-05,3.00232325666017e-05,-0.004082753858898951,0.0015726273639362473,0.0009929074301024755
0.07,0.37162150452351794,-0.10293179041856221,0.4948419583936415,0.7499865973406505,0.8429264584193199,0.7570895453683825,-0.00016759399409254196,6.455492148801571e-05,4.075795035607369e-05,-0.004744382761609266,0.0018274903644312304,0.001153819712637126
0.08,0.37162099465553855,-0.10293118873929546,0.49484268678565424,0.7499846732213254,0.8429271995650895,0.7570900133045279,-0.00021832366773808117,8.409558145179563e-05,5.309530469605362e-05,-0.005400661027491341,0.002080299875811359,0.0013134353593771033
0.09,0.37162034168657365,-0.10293041819495435,0.4948436196102165,0.7499822090804046,0.842928148723784,0.757090612573435,-0.00027558941192467755,0.00010615409393735647,6.702234786285827e-05,-0.006051598461154962,0.00233106186918784,0.0014717581030455418
0.1,0.37161952836601114,-0.10292945843183499,0.49484478151136413,0.7499791398240666,0.8429293309716529,0.7570913590074095,-0.00033933786523257964,0.00013071001387882138,8.252616963431395e-05,-0.006697204359856608,0.002579782377542951,0.0016287917110380848
0.11,0.3716185375838816,-0.10292828926352121,0.49484619693221005,0.7499754008916487,0.8429307711807982,0.7570922683098441,-0.00040951575674407636,0.00015774295684144193,9.959389763100524e-05,-0.007337487529380077,0.0028264674938003774,0.0017845399843293519
0.12,0.3716173523704823,-0.1029268906707348,0.49484789011548047,0.7499709282547642,0.8429324940197823,0.7570933560555979,-0.00048606990120745013,0.000187232599611458,0.00011821269764663946,-0.007972456299743975,0.0030711233689180847,0.0019390067563895329
0.13,0.3716159558960031,-0.10292524280121101,0.49484988510404876,0.7499656584164708,0.8429345239542448,0.7570946376913805,-0.0005689471943571535,0.00021915868076699766,0.00013836977396762654,-0.008602118540739263,0.0033137562100034653,0.002092195892110789
0.14,0.3716143314701511,-0.10292332596960124,0.49485220574147054,0.7499595284104821,0.8429368852475217,0.7570961285361376,-0.000658094608388523,0.00025350100123023905,0.0001600523696819697,-0.00922648167729975,0.00355437227845048,0.0022441112867431063
0.15,0.3716124625417756,-0.10292112065739911,0.49485487567252007,0.7499524758004267,0.8429396019612726,0.7570978437814416,-0.0007534591875853742,0.00029023942480105265,0.00018324776697756215,-0.009845552704708375,0.0037929778880985633,0.002394756864839344
0.16,0.37161033269849286,-0.10291860751289011,0.4948579183437239,0.7499444386791464,0.8429426979561117,0.7570997984918832,-0.0008549880440988514,0.0003293538786723399,0.00020794328742997756,-0.010459338203641925,0.004029579403413032,0.002544136579209168
0.17,0.3716079256663117,-0.10291576735112423,0.4948613570038961,0.7499353556680404,0.8429461968922436,0.7571020076054671,-0.000962628353875925,0.00037082435392728344,0.0002341262922798444,-0.011067844355056616,0.004264183237686778,0.0026922544098816215
0.18,0.3716052253092577,-0.10291258115390983,0.49486521470467415,0.7499251659164449,0.8429501222301058,0.7571044859340097,-0.0010763273527359583,0.00041463090601871804,0.00026178418269988694,-0.01167107695491701,0.0044967958512630215,0.0028391143630761145
0.19,0.37160221562899826,-0.10290903006983099,0.4948695143010532,0.7499138091010549,0.8429544972310139,0.7571072481635397,-0.0011960323325937942,0.0004607536552308364,0.0002909044000517192,-0.012269041428770368,0.004727423749778913,0.0029847204701815826
0.2,0.3715988807644676,-0.1029050954142815,0.49487427845192106,0.7499012254253806,0.8429593449578121,0.7571103088547019,-0.001321690637827816,0.0005091727871234307,0.0003214744261324683,-0.01286174284616856,0.004956073482429763,0.0031290767867436326
0.21,0.3715952049914915,-0.10290075866952203,0.494879529620594,0.749887355619241,0.8429646882755287,0.7571136824431619,-0.001453249661791473,0.0005598685529588816,0.00035348178341130984,-0.013449185934939482,0.005182751640253738,0.0032721873914594982
0.22,0.371591172722412,-0.10289600148475414,0.4948852900753514,0.7498721409382905,0.8429705498520349,0.7571173832400141,-0.0015906568434667823,0.0006128212701120945,0.000386914035255991,-0.014031375095309804,0.005407464854436805,0.0034140563851806204
0.23,0.3715867685057125,-0.10289080567621245,0.49489158188997057,0.749855523163579,0.8429769521587075,0.7571214254321925,-0.0017338596642583128,0.0006680113224635866,0.00042175878614941645,-0.014608314413880667,0.005630219794637754,0.003554687889922722
0.24,0.3715819770256418,-0.10288515322727515,0.4948984269442623,0.7498374446011431,0.8429839174710966,0.757125823082882,-0.001882805644926205,0.0007254191607759221,0.00045800368189637277,-0.015180007677458057,0.00585102316733314,0.0036940860478832365
0.25,0.37157678310184006,-0.10287902628858886,0.49490584692460543,0.7498178480816272,0.8429914678695954,0.7571305901319331,-0.0020374423426567693,0.0007850253030536983,0.0004956364098204623,-0.01574645838673917,0.0060698817141819714,0.003832255020465973
0.26,0.3715711716889628,-0.10287240717821267,0.4949138633244824,0.7497966769599338,0.8429996252401153,0.7571357403962777,-0.002197717348269236,0.0008468103348872737,0.0005346446989513202,-0.016307669769856172,0.00628680221040997,0.003969198987312911
0.27,0.3715651278763051,-0.10286527838177395,0.4949224974450141,0.7497738751148995,0.8430084112747624,0.7571412875703478,-0.002363578283557232,0.0009107549097804385,0.0005750163202021842,-0.01686364479577863,0.006501791463213298,0.004104922145343047
0.28,0.3715586368874279,-0.10285762255263997,0.49493177039549496,0.7497493869489992,0.8430178474725192,0.757147245226494,-0.0025349727987635864,0.000976839749462219,0.0006167390865378895,-0.01741438618757574,0.0067148563101815705,0.004239428707798216
0.29,0.37155168407978134,-0.10284942251210333,0.49494170309392815,0.7497231573880728,0.8430279551399276,0.7571536268154081,-0.002711848570187054,0.0010450456441830043,0.0006598008531333529,-0.01795989643553938,0.006926003617740025,0.0043727229032958104
0.3,0.3715442549443304,-0.10284066124957997,0.49495231626756087,0.7496951318810768,0.8430387553917755,0.7571604456665446,-0.002894153297919586,0.0011153534529951966,0.0007041895175226222,-0.018500177810168918,0.007135240279610741,0.0045048089748883765
0.31,0.37153633510517925,-0.10283132192281891,0.49496363045341824,0.7496652563998564,0.8430502691517872,0.7571677149885465,-0.003081834703712747,0.0011877441040185602,0.0007498930197385536,-0.019035232375018668,0.007342573215292743,0.0046356911791300215
0.32,0.37152791031919574,-0.10282138785812439,0.4949756659988405,0.7496334774389395,0.8430625171533136,0.7571754478696697,-0.0032748405289719416,0.0012621985946904726,0.0007968993424431875,-0.019565061999408842,0.00754800936856092,0.00476537378514964
0.33,0.37151896647563787,-0.10281084255058809,0.49498844306201617,0.7495997420153498,0.8430755199400285,0.7571836572782102,-0.003473118532877062,0.0013386979920012568,0.0008451965110488918,-0.020089668371000468,0.0077515557059836225,0.004893861073730907
0.34,0.37150948959577607,-0.10279966966433207,0.4950019816125185,0.7495639976684374,0.8430892978666239,0.7571923560629331,-0.0036766164906281954,0.0014172234327147779,0.0008947725938303361,-0.020609053008235068,0.007953219215458808,0.005021157336399075
0.35000000000000003,0.37149946583252014,-0.10278785303276095,0.4950163014318395,0.7495261924597272,0.8431038710995089,0.7572015569535001,-0.0038852821918150776,0.0014977561235744983,0.0009456157020273718,-0.02112321727263963,0.008153006904768686,0.005147266874514565
0.36,0.3714888814700432,-0.10277537665882247,0.49503142211392587,0.7494862749727828,0.8431192596175111,0.7572112725609013,-0.004099063438908908,0.0015802773414951713,0.0009977139899388784,-0.021632162380997147,0.00835092580015273,0.005272193998373349
0.37,0.37147772292340686,-0.10276222471527718,0.49504736306571406,0.749444194313084,0.8431354832125787,0.7572215153778846,-0.0043179080458752035,0.001664768433740354,0.0010510556550076503,-0.02213588941738329,0.008546982944898952,0.0053959430263142
0.38,0.37146597673818615,-0.10274838154497473,0.4950641435076646,0.7493999001079195,0.8431525614904851,0.7572322977793893,-0.004541763836906353,0.0017512108180859239,0.0011056289378963903,-0.02263439934506946,0.00874118539795341,0.005518518283832798
0.39,0.3714536295900942,-0.1027338316611377,0.495081782474298,0.749353342506289,0.8431705138715343,0.7572436320229771,-0.004770578645272537,0.0018395859829697858,0.0011614221225548771,-0.02312769301829246,0.008933540232547789,0.0056399241027027674
0.4,0.37144066828460803,-0.1027185597476511,0.4951002988147297,0.7493044721788192,0.8431893595912692,0.7572555302492658,-0.005004300312289664,0.0019298754876279352,0.0012184235362783782,-0.02361577119389097,0.009124054534845038,0.005760164820103685
0.41000000000000003,0.3714270797565927,-0.10270255065935874,0.4951197111932055,0.7492532403176869,0.8432091177011788,0.7572680044823635,-0.005242876686403034,0.0020220609622170808,0.00127662154975738,-0.024098634542809028,0.009312735402602981,0.005879244777756122
0.42,0.37141285106992766,-0.10268578942236228,0.495140038089636,0.7491995986365522,0.8432298070694093,0.7572810666303025,-0.0054862556223853375,0.0021161241079239797,0.0013360045771187029,-0.024576283661466462,0.009499589943855757,0.005997168321063803
0.43,0.37139796941713077,-0.10266826123432737,0.49516129780013163,0.7491434993704988,0.8432514463814742,0.7572947284854727,-0.005734384980647732,0.002212046697061689,0.001396561075958073,-0.025048719082996444,0.009684625275613161,0.006113939798262924
0.44,0.37138242211898376,-0.10264995146479222,0.49518350843753933,0.7490848952759805,0.8432740541409658,0.7573090017250586,-0.0059872126266625894,0.0023098105731528865,0.0014582795473642226,-0.025515941288349976,0.009867848522577667,0.00622956355957874
0.45,0.37136619662415815,-0.10263084565547853,0.49520668793197603,0.7490237396307733,0.8432976486702686,0.7573238979114725,-0.006244686430496653,0.002409397651000458,0.0015211485359345955,-0.025977950717267446,0.010049266815879199,0.006344043956389522
0.46,0.3713492805088403,-0.10261092952060819,0.4952308540313638,0.7489599862339308,0.843322248111271,0.7573394284927901,-0.0065067542664532275,0.002510789916745521,0.0015851566297827272,-0.02643474777911683,0.010228887291827488,0.006457385340397924
0.47000000000000003,0.3713316614763569,-0.10259018894721783,0.4952560243019667,0.7488935894057434,0.8433478704260802,0.7573556048031862,-0.006773364012822105,0.0026139694279130577,0.0016502924605373782,-0.02688633286359881,0.01040671709068209,0.006569592062809921
0.48,0.37131332735680017,-0.10256860999547834,0.49528221612892415,0.7488245039876996,0.8433745333977358,0.7573724380633695,-0.0070444635517358445,0.0027189183134453355,0.0017165447033334923,-0.02733270635131805,0.010582763355439834,0.00668066847352138
0.49,0.37129426610665417,-0.10254617889901396,0.4953094467167869,0.7487526853424474,0.8434022546309237,0.757389939381017,-0.007320000769131116,0.002825618773723288,0.0017839020767950612,-0.02777386862422096,0.01075703323063983,0.0067906189203124035
0.5,0.3712744658084196,-0.10252288206522142,0.4953377330900521,0.7486780893537565,0.8434310515526908,0.7574081197512097,-0.007599923554813756,0.002934053080576041,0.0018523533430099721,-0.028209820075899266,0.010929533861185878,0.006899447748049528
0.51,0.3712539146702403,-0.10249870607559003,0.4953670920936984,0.7486006724264779,0.8434609414131601,0.7574269900568666,-0.007884179802626167,0.003044203577278736,0.0019218873074969146,-0.028640561121759257,0.011100272391186248,0.007007159297895926
0.52,0.3712326010255294,-0.10247363768601991,0.4953975403937207,0.7485203914865034,0.8434919412862437,0.7574465610691787,-0.008172717410715761,0.0031560526785388548,0.0019924928191644336,-0.029066092209056416,0.011269255962810858,0.007113757906529719
0.53,0.3712105133325936,-0.10244766382713982,0.49542909447766653,0.7484372039807204,0.8435240680703584,0.7574668434480432,-0.008465484281903041,0.0032695828704711848,0.0020641587702622016,-0.02948641382679485,0.01143649171516568,0.0072192479053705206
0.54,0.3711876401742612,-0.10242077160462315,0.49546177065516994,0.7483510678769625,0.843557338489139,0.7574878477424958,-0.008762428324148051,0.003384776710561632,0.002136874096324607,-0.029901526515491505,0.011601986783184496,0.007323633619814363
0.55,0.3711639702575069,-0.10239294829950146,0.49549558505848684,0.7482619416639559,0.8435917690921517,0.7575095843911439,-0.009063497451113747,0.0035016168276200284,0.002210627776106723,-0.030311430876804314,0.011765748296537804,0.007426919368477097
0.56,0.37113949241307875,-0.10236418136847547,0.49553055364303106,0.7481697843512586,0.843627376255607,0.7575320637225985,-0.009368639582824943,0.0036200859217221035,0.0022854088315127563,-0.030716127583024215,0.011927783378558956,0.007529109462446453
0.5700000000000001,0.37111419559512426,-0.10233445844422229,0.495566692187909,0.7480745554691939,0.8436641761830727,0.7575552959559048,-0.009677802646421605,0.003740166764140836,0.0023612063275170753,-0.031115617386430452,0.012088099145187464,0.007630208204542862
0.58,0.3710880688808168,-0.10230376733569996,0.49560401629645395,0.7479762150687744,0.8437021849061842,0.7575792912009727,-0.009990934577004867,0.0038618421972672805,0.0024380093720778595,-0.03150990112850855,0.012246702703929373,0.007730219888589159
0.59,0.37106110146998184,-0.10227209602844722,0.4956425413967629,0.7478747237216182,0.8437414182853572,0.7576040594590063,-0.010307983318574666,0.003985095134521129,0.002515807116043529,-0.031898979749030845,0.012403601152834808,0.007829148798689393
0.6,0.37103328268472435,-0.10223943268487806,0.49568228274223064,0.7477700425198545,0.8437818920104952,0.7576296106229323,-0.010628896825057407,0.00410990856025109,0.002594588753051975,-0.03228285429499863,0.012558801579492492,0.007926999208516769
0.61,0.37100460196905455,-0.10220576564457184,0.4957232554120846,0.7476621330760188,0.8438236216016999,0.7576559544778272,-0.01095362306142238,0.00423626552962533,0.0026743435194227353,-0.03266152592944576,0.012712311060041356,0.008023775380610953
0.62,0.3709750488885155,-0.1021710834245581,0.49576547431192164,0.7475509575229371,0.8438666224099782,0.7576831007013435,-0.011282110004885555,0.004364149168512102,0.0027550606940421845,-0.0330349959401031,0.012864136658199127,0.008119481565684865
0.63,0.3709446131298102,-0.10213537471959427,0.4958089541742414,0.7474364785135966,0.8439109096179488,0.7577110588641353,-0.011614305646199252,0.004493542673350741,0.0028367295982418394,-0.03340326574792315,0.013014285424307881,0.008214122001941075
0.64,0.37091328450042743,-0.10209862840243716,0.4958537095589823,0.7473186592210033,0.8439564982405467,0.757739838430281,-0.011950157991026434,0.004624429311013217,0.0029193395956698797,-0.03376633691546464,0.013162764394396571,0.008307700914397979
0.65,0.37088105292827084,-0.10206083352410872,0.49589975485405713,0.7471974633380264,0.8440034031257277,0.7577694487577075,-0.012289615061398092,0.004756792418656382,0.0030028800921559798,-0.034124211155136114,0.013309580589260399,0.008400222514225886
0.66,0.3708479084612837,-0.10202197931415286,0.49594710427588734,0.7470728550772259,0.8440516389551697,0.7577998990986093,-0.012632624897252358,0.004890615403565094,0.003087340535569545,-0.03447689033729849,0.013454741013557174,0.008491690998093193
0.67,0.37081384126707895,-0.10198205518088588,0.4959957718699387,0.7469447991706671,0.8441012202449731,0.7578311985998699,-0.012979135558053977,0.005025881742986404,0.003172710415671472,-0.034824376498225555,0.013598252654920432,0.008582110547522712
0.68,0.3707788416325644,-0.10194105071163617,0.49604577151125573,0.7468132608697152,0.8441521613463602,0.7578633563034787,-0.013329095124492613,0.00516257498395494,0.00325897926395951,-0.035166671847922326,0.013740122483089463,0.008671485328258403
0.6900000000000001,0.37074289996357224,-0.10189895567297969,0.49609711690499925,0.7466782059448156,0.8442044764463718,0.7578963811469486,-0.013682451700258695,0.005300678743109692,0.003346136653507358,-0.03550377877780038,0.01388035744905612,0.008759819489642608
0.7000000000000001,0.37070600678448473,-0.10185576001096225,0.49614982158697774,0.7465396006852534,0.8442581795685622,0.7579302819637301,-0.014039153413895241,0.005440176706502347,0.0034341721987975757,-0.03583569986820978,0.014018964484228371,0.008847117164003866
0.71,0.37066815273786335,-0.1018114538513138,0.49620389892418504,0.7463974118988969,0.8443132845736925,0.7579650674836249,-0.014399148420724294,0.005581052629397317,0.0035230755555484264,-0.03616243789582712,0.014155950499610664,0.008933382466055592
0.72,0.37062932858407616,-0.10176602749965513,0.4962593621153359,0.7462516069119182,0.8443698051604216,0.7580007463331973,-0.014762384904846555,0.0057232903360636975,0.0036128364205347692,-0.03648399584089913,0.014291322385000978,0.009018619492305641
0.73,0.37058952520092575,-0.10171947144169008,0.4963162241913994,0.7461021535684962,0.8444277548659954,0.758037327036184,-0.015128811081212662,0.005866873719559244,0.003703444531403093,-0.03680037689434125,0.014425087008204576,0.009102832320476944
0.74,0.37054873358327683,-0.10167177634339153,0.4963744980161345,0.7459490202304973,0.8444871470669335,0.7580748180139015,-0.0154983751977648,0.00601178674150659,0.003794889666480825,-0.03711158446469077,0.014557251214264431,0.009186025008939377
0.75,0.37050694484268515,-0.10162293305117404,0.4964341962866256,0.745792175777134,0.8445479949797128,0.7581132275856526,-0.015871025537647045,0.006158013431861841,0.003887161644579992,-0.037417622184914075,0.014687821824708291,0.009268201596152943
0.76,0.37046415020702494,-0.10157293259205574,0.4964953315338179,0.7456315896046022,0.8446103116614513,0.7581525639691291,-0.01624671042148311,0.00630553788867573,0.003980250324795401,-0.03771849391906746,0.014816805636812362,0.00934936610012249
0.77,0.3704203410201172,-0.10152176617380948,0.49655791612305145,0.7454672316256943,0.8446741100105867,0.758192835280815,-0.016625378209719918,0.006454344277847491,0.004074145606297404,-0.03801420376881094,0.014944209422881535,0.009429522517863978
0.78,0.37037550874135794,-0.10146942518510083,0.496621962254597,0.7452990722693892,0.8447394027675535,0.7582340495363851,-0.0170069773050356,0.0066044168328716095,0.004168837428119386,-0.038304756079774946,0.015070039929546239,0.009508674824882575
0.79,0.3703296449453467,-0.1014159011956155,0.49668748196419094,0.7451270824804173,0.8448062025154589,0.758276214651103,-0.017391456154810407,0.006755739854577634,0.004264315768940096,-0.03859015544777899,0.015194303877075706,0.009586826974662543
0.8,0.3702827413215146,-0.1013611859561721,0.4967544871235699,0.7449512337188016,0.844874521680753,0.7583193384402166,-0.017778763253659107,0.0069082977108632085,0.004360570646860948,-0.03887040672490235,0.015317007958707834,0.009663982898169235
0.81,0.3702347896737525,-0.10130527139882439,0.4968229894410059,0.7447714979593715,0.8449443725338996,0.7583634286193505,-0.018168847146023286,0.007062074836420459,0.004457592119178381,-0.039145515025406134,0.015438158839995433,0.00974014650336314
0.8200000000000001,0.37018578192004037,-0.10124814963694856,0.49689300046184226,0.7445878476912524,0.8450157671900425,0.758408492804898,-0.01856165642882216,0.007217055732455955,0.004555370282151437,-0.03941548573150619,0.015557763158168902,0.009815321674726216
0.8300000000000001,0.3701357100920736,-0.1011898129653182,0.4969645315690266,0.7444002559173264,0.8450887176096679,0.758454538514408,-0.01895713975416037,0.007373224966404364,0.0046538952707646545,-0.03968032449899684,0.015675827521515296,0.009889512272800596
0.84,0.3700845663348937,-0.10113025386016483,0.49703759398364794,0.7442086961536674,0.8451632355992674,0.7585015731669726,-0.019355245832091285,0.007530567171635982,0.0047531572584864215,-0.039940037262724985,0.01579235850877377,0.009962722133739796
0.85,0.37003234290651554,-0.10106946497922459,0.4971121987654699,0.7440131424289469,0.8452393328119944,0.7585496040836096,-0.01975592343343423,0.0076890670471583,0.0048531464570229,-0.04019463024191398,0.015907362668547285,0.010034955068872507
0.86,0.36997903217755507,-0.10100743916177213,0.4971883568134664,0.7438135692838131,0.8453170207483188,0.758598638487644,-0.020159121392644273,0.007848709357311764,0.004953853116067635,-0.040444109945337335,0.016020846518730616,0.0101062148642791
0.87,0.3699246266308586,-0.10094416942863654,0.49726607886635654,0.7436099517702389,0.8453963107566801,0.7586486835050866,-0.020564788610732965,0.008009478931459911,0.005055267523047025,-0.04068848317634184,0.016132816545954602,0.010176505280380976
0.88,0.3698691188611302,-0.1008796489822067,0.49734537550313884,0.7434022654508419,0.8454772140341343,0.7586997461650102,-0.02097287405823856,0.00817136066367401,0.005157380002861725,-0.04092775703771971,0.01624327920504655,0.010245830051542821
0.89,0.3698125015745609,-0.10081387120641755,0.497426257143627,0.7431904863981742,0.8455597416270014,0.7587518333999229,-0.021383326778244165,0.008334339512412388,0.00526018091762414,-0.041161938936429776,0.01635224091850685,0.010314192885687894
0.9,0.3697547675884555,-0.10074682966672521,0.49750873404898305,0.7429745911939818,0.8456439044315057,0.7588049520461387,-0.021796095889442448,0.00849840050019463,0.005363660666392148,-0.04139103658816726,0.01645970807600162,0.010381597463926424
0.91,0.36969590983086115,-0.10067851811006262,0.49759281632225333,0.7427545569284324,0.8457297131944158,0.7588591088441458,-0.022211130589245162,0.008663528713270759,0.005467809684899168,-0.041615058021782086,0.0165656870338715,0.010448047440197243
0.92,0.3696359213401952,-0.10060893046478236,0.49767851390890366,0.7425303611993134,0.8458171785136807,0.7589143104389721,-0.022628380156936197,0.008829709301285587,0.0055726184452807035,-0.041834011583545695,0.016670184114656383,0.010513546440922705
0.93,0.36957479526487247,-0.10053806084058192,0.49776583659735213,0.742301982111196,0.8459063108390602,0.7589705633805478,-0.023047793956866434,0.008996927476938397,0.005678077455797515,-0.042047905941265784,0.016773205606636157,0.010578098064677011
0.9400000000000001,0.3695125248629334,-0.10046590352841372,0.4978547940195041,0.7420693982745699,0.8459971204727559,0.759027874124065,-0.023469321441689135,0.009165168515638117,0.005784177260555531,-0.04225675008824943,0.016874757763387347,0.010641705881867978
0.9500000000000001,0.36944910350167076,-0.1003924530003778,0.4979453956512885,0.7418325888049424,0.8460896175700354,0.7590862490303348,-0.023892912155634032,0.00933441775515415,0.005890908439222648,-0.04246055334711412,0.01697484680335567,0.010704373434432372
0.96,0.369384524657257,-0.1003177039095996,0.49803765081318985,0.7415915333219073,0.8461838121398542,0.7591456943661418,-0.024318515737818916,0.009504660595262959,0.005998261606742564,-0.042659325373446744,0.017073478909444283,0.010766104235544877
0.97,0.36931878191437145,-0.10024165109008892,0.49813156867078423,0.7413462119481786,0.8462797140454739,0.7592062163045951,-0.024746081925596963,0.009675882497390683,0.006106227413045745,-0.04285307615931071,0.017170660228617973,0.010826901769340733
0.98,0.36925186896582646,-0.10016428955658357,0.49822715823527314,0.7410966053085918,0.8463773330050777,0.7592678209254768,-0.025175560557938438,0.009848068984251833,0.006214796542757715,-0.043041816036600754,0.017266396871522875,0.010886769490652119
0.99,0.3691837796121943,-0.10008561450437553,0.49832442836401736,0.74084269452907,0.8464766785923802,0.7593305142155878,-0.025606901578845046,0.010021205639484236,0.006323959714904747,-0.04322555568024604,0.017360694912121947,0.010945710824758393
1.0,0.3691145077614326,-0.10000562130911939,0.4984233877610717,0.7405844612355571,0.8465777602372357,0.7593943020690898,-0.026040055040795807,0.010195278107280503,0.006433707682617168,-0.04340430611126112,0.01745356038734598,0.011003729167150162
1.01,0.3690440474285118,-0.09992430552662396,0.49852404497771907,0.7403218875529154,0.8466805872262423,0.7594591902878449,-0.02647497110822242,0.010370272092015983,0.00654403123283033,-0.04357807869964512,0.017544999296760157,0.011060827883307296
1.02,0.3689723927350379,-0.0998416628926263,0.4986264084130039,0.740054956103788,0.84678516870334,0.7595251845817524,-0.026911600061013008,0.010546173357873502,0.0066549211859834485,-0.04374688516712938,0.017635017602246058,0.011117010308490929
1.03,0.36889953790888014,-0.09975768932254736,0.49873048631426686,0.739783650007428,0.8468915136704089,0.7595922905690828,-0.027349892298042553,0.010722967728465042,0.0067663683957164605,-0.043910737589773194,0.0177236212276991,0.011172279747549457
1.04,0.36882547728379445,-0.09967238091123093,0.49883628677767844,0.739507952878489,0.8469996309878608,0.7596605137768069,-0.02778979834072855,0.0109006410864504,0.00687836374856496,-0.044069648400408556,0.017810816058741238,0.011226639474738582
1.05,0.3687502052990477,-0.09958573393266434,0.49894381774877283,0.7392278488257837,0.8471095293752272,0.7597298596409247,-0.028231268836610226,0.011079179373153066,0.0069908981636534265,-0.04422363039093346,0.017896607942448992,0.011280092733555467
1.06,0.3686737164990424,-0.09949774483967949,0.499053087022981,0.7389433224510035,0.8472212174117449,0.7598003335067885,-0.02867425456295018,0.011258568588173515,0.0071039625923869,-0.04437269671445452,0.017981002687096643,0.011332642736587005
1.07,0.36859600553293925,-0.09940841026363911,0.4991641022461655,0.7386543588474032,0.8473347035369369,0.7598719406294255,-0.02911870643035644,0.011438794788999933,0.007217548018141144,-0.04451686088727888,0.01806400606191457,0.011384292665372237
1.08,0.36851706715428,-0.09931772701410102,0.4992768709151532,0.7383609435984497,0.847449996051188,0.7599446861738547,-0.029564575486423838,0.011619844090616624,0.007331645455951556,-0.04465613679075584,0.018145623796862572,0.011435045670278912
1.09,0.3684368962206105,-0.09922569207846671,0.4993914003782686,0.7380630627764343,0.8475671031163192,0.7600185752154025,-0.03001181291939308,0.011801702665110285,0.007446245952200906,-0.044790538672968484,0.018225861582418238,0.01148490487039425
1.1,0.3683554876931018,-0.09913230262161016,0.4995076978358673,0.7377607029410469,0.8476860327561562,0.7600936127400149,-0.030460370061825788,0.01198435674127411,0.007561340584306006,-0.044920081150275896,0.018304725069380176,0.011533873353429898
1.11,0.3682728366361716,-0.09903755598548908,0.4996257703408694,0.7374538511379144,0.8478067928570945,0.7601698036445654,-0.03091019839429446,0.01216779260421015,0.007676920460403592,-0.04504477920870597,0.018382219868686045,0.011581954175641077
1.12,0.3681889382171053,-0.09894144968873597,0.4997456247992925,0.7371424948971037,0.8479293911686602,0.7602471527371615,-0.03136124954908546,0.012351996594929806,0.007792976719035362,-0.045164648205199734,0.01845835155124531,0.011629150361759915
1.1300000000000001,0.36810378770567465,-0.09884398142623296,0.4998672679707845,0.7368266222315837,0.848053835304068,0.7603256647374467,-0.031813475313913736,0.012536955109952811,0.00790950052883252,-0.04527970386870744,0.018533125647786797,0.011675464904943055
1.1400000000000001,0.368017380473758,-0.09874514906866566,0.4999907064691563,0.7365062216356538,0.8481801327407729,0.7604053442768999,-0.03226682763564782,0.01272265460090468,0.008026483088199763,-0.04538996230113628,0.018606547648720384,0.011720900766733294
1.1500000000000001,0.36792971199495855,-0.09864495066205925,0.5001159467629153,0.7361812820833338,0.8483082908210208,0.7604861958991321,-0.03272125862404348,0.01290908157411292,0.008143915624999071,-0.04549543997815228,0.018678623004013826,0.011765460877035621
1.16,0.36784077784422164,-0.09854338442729593,0.500242995175797,0.7358517930267151,0.8484383167523921,0.7605682240601782,-0.03317672055548474,0.013096222590202053,0.008261789396233218,-0.04559615374983417,0.018749357123083385,0.01180914813410721
1.17,0.3677505736974523,-0.09844044875961344,0.5003718578872978,0.7355177443942774,0.8485702176083435,0.7606514331287878,-0.033633165876730674,0.013284064263687598,0.008380095687729338,-0.04569212084118204,0.018818755374699046,0.011851965404561703
1.18,0.3676590953311305,-0.09833614222808368,0.5005025409332075,0.7351791265891646,0.8487040003287447,0.7607358273867116,-0.0340905472086665,0.013472593262569197,0.008498825813822537,-0.04578335885248033,0.018886823086903856,0.011893915523387501
1.19,0.36756633862192767,-0.09823046357507498,0.5006350502061411,0.734835930487426,0.8488396717204106,0.7608214110289849,-0.03454881735005768,0.013661796307923012,0.008617971117039819,-0.04586988575951623,0.018953565546947385,0.011935001293980224
1.2,0.36747229954631905,-0.09812341171569261,0.5007693914560714,0.734488147436218,0.8489772384576314,0.7609081881642078,-0.035007929281305444,0.013851660173493499,0.00873752296778436,-0.04595171991365418,0.01901898800123323,0.011975225488189179
1.21,0.36737697418019866,-0.0980149857372018,0.5009055702908598,0.7341357692519688,0.8491167070826955,0.7609961628148226,-0.03546783616820231,0.014042171685284757,0.008857472764020356,-0.04602888004176689,0.019083095655280366,0.012014590846377843
1.22,0.36728035869849096,-0.09790518489843258,0.5010435921767891,0.7337787882185067,0.8492580840064116,0.7610853389173875,-0.035928491365686266,0.014233317721151554,0.008977811930958505,-0.04610138524602406,0.019145893673698386,0.01205310007749829
1.23,0.36718244937476224,-0.09779400862916354,0.5011834624390938,0.733417197085149,0.8494013755086242,0.7611757203228484,-0.03638984842159205,0.014425085210390138,0.009098531920742326,-0.04616925500353928,0.019207387180176363,0.012090755859179552
1.24,0.3670832425808307,-0.09768145652948895,0.501325186262493,0.7330509890647541,0.849546587738726,0.7612673107968049,-0.036851861080398264,0.014617461133329068,0.00921962421213545,-0.04623250916587632,0.019267581257485428,0.012127560837829886
1.25,0.36698273478637644,-0.09756752836916649,0.50146876869172,0.7326801578317377,0.8496937267161673,0.761360114019777,-0.03731448328696879,0.014810432520920055,0.009341080310209941,-0.04629116795841516,0.019326480947494732,0.01216351762875273
1.26,0.36688092255854793,-0.0974522240869447,0.5016142146320538,0.7323046975200487,0.8498427983309584,0.7614541335874655,-0.03777766919028729,0.015003986454329153,0.009462891746035932,-0.0463452519795791,0.019384091251200934,0.012198628816276506
1.27,0.36677780256157005,-0.09733554378987397,0.5017615288498501,0.7319246027211102,0.8499938083441709,0.76154937301101,-0.03824137314718309,0.015198110064528156,0.009585050076372541,-0.04639478219992376,0.019440417128770808,0.012232896953898034
1.28,0.3666733715563496,-0.09721748775259642,0.5019107159730722,0.7315398684817224,0.850146762388434,0.7616458357172455,-0.038705549726047395,0.01539279053188661,0.009707546883360348,-0.046439779961088695,0.01949546349959718,0.01226632456443956
1.29,0.3665676264000792,-0.0970980564166195,0.5020617804918206,0.7311504903019282,0.850301665968425,0.7617435250489539,-0.039170153710538426,0.015588015085764424,0.009830373774215494,-0.04648026697461305,0.019549235242367805,0.012298914140219306
1.3,0.3664605640458403,-0.09697725038956834,0.5022147267588633,0.7307564641328421,0.8504585244613588,0.7618424442651133,-0.0396351401032738,0.01578377100410517,0.009953522380925537,-0.046516265320615965,0.01960173719514728,0.012330668143235466
1.31,0.36635218154220534,-0.09685507044442199,0.5023695589901658,0.7303577863744428,0.8506173431174706,0.7619425965411443,-0.040100464129509204,0.015980045613030344,0.010076984359947232,-0.046547797446342694,0.01965297415547169,0.012361589005363535
1.32,0.36624247603283766,-0.09673151751872977,0.5025262812654212,0.7299544538733274,0.8507781270604957,0.7620439849691527,-0.040566081240801924,0.016176826286434614,0.010200751391906356,-0.04657488616457804,0.01970295088045605,0.012391679128566917
1.33,0.36613144475609033,-0.09660659271380906,0.5026848975285799,0.7295464639204309,0.8509408812881464,0.7621466125581711,-0.0410319471186576,0.016374100445582174,0.010324815181299681,-0.04659755465192745,0.019751672086914227,0.012420940885120696
1.34,0.36601908504460334,-0.09648029729392599,0.5028454115883779,0.7291338142487084,0.8511056106725822,0.7622504822343944,-0.041498017678159436,0.016571855558704413,0.010449167456199263,-0.04661582644696782,0.01979914245149148,0.012449376617848479
1.35,0.36590539432490055,-0.09635263268545646,0.503007827118866,0.7287165030307814,0.8512723199608779,0.7623555968414154,-0.041964249071578044,0.0167700791405989,0.010573799967959183,-0.04662972544826829,0.019845366610809153,0.012476988640372225
1.36,0.3657903701169824,-0.09622360047602901,0.5031721476599402,0.7282945288765474,0.8514410137754881,0.7624619591404552,-0.042430597691961,0.016968758752229987,0.010698704490924823,-0.04663927591228286,0.019890349161621752,0.012503779237374875
1.37,0.3656740100339201,-0.0960932024136516,0.5033383766178684,0.7278678908307552,0.8516116966147058,0.7625695718105923,-0.042897020176700516,0.017167882000330904,0.010823872822144831,-0.046644502451115843,0.019934094660985998,0.012529750664875803
1.3800000000000001,0.36555631178144554,-0.09596144040581756,0.5035065172658185,0.7274365883705427,0.8517843728531184,0.762678437448988,-0.04336347341107837,0.017367436537007713,0.010949296781085931,-0.04664543003016138,0.01997660762644185,0.012554905150518826
1.3900000000000001,0.36543727315754143,-0.0958283165185963,0.503676572744389,0.7270006214029407,0.8519590467420598,0.7627885585711093,-0.043829914531786425,0.01756741005934511,0.011074968209350663,-0.046642083965618385,0.020017892536205433,0.0125792448938728
1.4000000000000001,0.3653168920520289,-0.09569383297570488,0.503848546062134,0.7265599902623425,0.8521357224100581,0.7628999376109485,-0.04429630093042171,0.017767790309014157,0.011200878970398162,-0.046634489921882176,0.02005795382937356,0.01260277206674453
1.41,0.3651951664461528,-0.09555799215756139,0.504022440096092,0.7261146957079352,0.8523144038632793,0.763012576921241,-0.04476259025695488,0.017968565071882204,0.011327020949268185,-0.04662267390881428,0.02009679590613989,0.012625488813504003
1.42,0.3650720944121669,-0.09542079660032216,0.5041982575923131,0.7256647389211005,0.8524950949859672,0.7631264787736789,-0.04522874042317074,0.01816972217762495,0.011453386052308407,-0.04660666227889154,0.020134423128022466,0.012647397251421694
1.43,0.3649476741129148,-0.0952822489949019,0.5043760011663853,0.7252101215027793,0.8526777995408802,0.7632416453591234,-0.04569470960607955,0.01837124949934089,0.01157996620690515,-0.04658648172423608,0.020170839818102523,0.012668499471017895
1.44,0.3648219038014115,-0.09514235218597467,0.5045556733039624,0.7247508454708015,0.8528625211697229,0.7633580787878138,-0.04616045625129824,0.01857313495316819,0.011706753361217688,-0.04656215927352771,0.02020605026127455,0.012688797536423881
1.45,0.36469478182042125,-0.09500110917095972,0.5047372763612893,0.7242869132571842,0.8530492633935751,0.7634757810895734,-0.04662593907640004,0.0187753664979041,0.011833739483916228,-0.0465337222887999,0.020240058704507236,0.012708293485754819
1.46,0.3645663066022085,-0.09485852309915949,0.5049208125657738,0.7238183277058137,0.8532380296131616,0.7635947542144353,-0.04709111678613367,0.01897793202807269,0.011960916854040797,-0.046501065866681034,0.020272820316041346,0.01272712285634963
1.47,0.3644364766735514,-0.09471459727600401,0.5051062840179389,0.723345092082725,0.8534288231044465,0.7637150000459844,-0.0475559463304499,0.019180818728057904,0.012088279818236968,-0.04646416563914522,0.020304319892343246,0.012745340389352865
1.48,0.36430529065679346,-0.09456933516341026,0.5052936926923336,0.7228672100768241,0.8536216470177472,0.763836520405103,-0.04802038659826886,0.01938401443668784,0.012215821074118225,-0.04642321522780369,0.02033462269785334,0.012762781608787835
1.49,0.36417274726353255,-0.09442274037296056,0.5054830404365167,0.7223846857829176,0.8538165043833774,0.7639593170359339,-0.04848439722809378,0.01958750720577704,0.012343532870977725,-0.04637824275319223,0.02036373263071911,0.012779448997051317
1.5,0.3640388452938439,-0.09427481666446641,0.5056743289714901,0.7218975236980163,0.8540133981123622,0.7640833916052365,-0.04894793814119529,0.01979128512593177,0.01247140748283187,-0.046329276647635,0.020391653551202,0.01279534501643968
1.51,0.36390358363587194,-0.09412556794487564,0.5058675598922302,0.7214057287184911,0.8542123309968255,0.764208745702633,-0.04941096954471091,0.019995336326173136,0.012599437208220616,-0.04627634565155558,0.020418389282068287,0.012810472109406609
1.52,0.36376696126541863,-0.0939749982671636,0.5060627346682177,0.7209093061371996,0.854413305710372,0.7643353808408528,-0.049873451934707054,0.020199648973564074,0.01272761437001033,-0.04621947880968654,0.02044394360899145,0.012824832698827676
1.53,0.36362897724553067,-0.09382311182920916,0.5062598546439694,0.7204082616405815,0.8546163248084654,0.7644632984559752,-0.05033534609920292,0.020404211272840502,0.012855931315199366,-0.04615870546717898,0.020468320280965624,0.012838429188271824
1.54,0.363489630726085,-0.09366991297265403,0.5064589210395666,0.7199026013057237,0.8548213907288044,0.7645924999076686,-0.05079661312115463,0.020609011466046667,0.012984380414726396,-0.046094055265613054,0.020491523010730057,0.012851263962279438
1.55,0.3633489209433709,-0.0935154061817493,0.5066599349511847,0.7193923315973975,0.8550285057916922,0.7647229864794306,-0.05125721438139939,0.020814037832174736,0.013112954063281538,-0.0460255581389121,0.02051355547520438,0.012863339386647044
1.56,0.36320684721967117,-0.09335959608218303,0.5068628973516239,0.7188774593650632,0.8552376722004056,0.7648547593788226,-0.05171711156155784,0.021019278686808824,0.01324164467912037,-0.0459532443091611,0.020534421315934547,0.012874657808718493
1.57,0.3630634089628408,-0.09320248743989806,0.5070678090908373,0.7183579918398496,0.8554488920415588,0.7649878197377068,-0.052176266646894606,0.021224722381773534,0.013370444703880864,-0.04587714428233169,0.02055412413954917,0.012885221557682437
1.58,0.36291860566588363,-0.09304408515989038,0.5072746708964593,0.7178339366315032,0.8556621672854638,0.765122168612477,-0.05263464192913526,0.02143035730478711,0.01349934660240339,-0.04579728884391531,0.0205726675182262,0.01289503294487615
1.59,0.3627724369065263,-0.09288439428499601,0.5074834833743348,0.7173053017253088,0.8558774997864884,0.765257806984291,-0.05309220000923941,0.021636171879119336,0.013628342862553721,-0.04571370905446594,0.02059005499016965,0.01290409426409535
1.6,0.3626249023467899,-0.09272341999466227,0.5076942470090473,0.7167720954789841,0.8560948912834084,0.7653947357593,-0.05354890380012852,0.021842154563254123,0.013757425995049167,-0.045626436245054455,0.02060629006009621,0.012912407791910118
1.61,0.362476001732561,-0.09256116760370603,0.5079069621644455,0.7162343266195469,0.85631434339976,0.7655329557688754,-0.05400471652936813,0.022048293850557232,0.013886588533287971,-0.04553550201263616,0.02062137619973162,0.012919975787986648
1.62,0.36232573489315734,-0.09239764256105781,0.5081216290841721,0.715692004240155,0.856535857644186,0.7656724677698354,-0.05445960174180313,0.022254578268948805,0.014015823033181874,-0.045440938215333224,0.0206353168483165,0.012926800495414779
1.6300000000000001,0.3621741017408941,-0.09223285044849061,0.5083382478921896,0.7151451377969205,0.8567594354107795,0.7658132724446696,-0.05491352330214553,0.022460996380581123,0.014145122072992027,-0.04534277696763403,0.020648115413121625,0.01293288414104117
1.6400000000000001,0.36202110227064604,-0.092066796979339,0.5085568185933083,0.7145937371056981,0.8569850779794249,0.7659553704017606,-0.05536644539751368,0.022667536781521495,0.014274478253168231,-0.04524105063551079,0.020659775269972185,0.012938228935807969
1.6500000000000001,0.36186673655940776,-0.09189948799720155,0.5087773410737111,0.7140378123388497,0.8572127865161361,0.7660987621756066,-0.05581833253992248,0.022874188101440467,0.014403884196191616,-0.045135791831457765,0.020670299763781163,0.01294283707509692
1.6600000000000001,0.3617110047658515,-0.0917309294746319,0.5089998151014805,0.7134773740219817,0.85744256207339,0.7662434482270395,-0.05626914956872339,0.02308093900330543,0.014533332546420797,-0.04502703340945133,0.020679692209091317,0.012946710739078679
1.67,0.36155390712988195,-0.09156112751181783,0.5092242403271242,0.7129124330306605,0.8576744055904583,0.7663894289434436,-0.05671886165299377,0.023287778183079623,0.014662815969941487,-0.04491480845983425,0.020687955890625834,0.0129498520930673
1.68,0.3613954439721902,-0.0913900883352457,0.5094506162840999,0.7123430005871036,0.8579083178937364,0.7665367046389724,-0.057167434293874664,0.023494694369426757,0.014792327154419787,-0.0447991503041255,0.02069509406384725,0.012952263287879757
1.69,0.36123561569380247,-0.09121781829635628,0.5096789423893403,0.7117690882568468,0.8581442996970687,0.7666852755547632,-0.057614833326856234,0.023701676323421208,0.01492185880895897,-0.044680092489757996,0.020701109955524603,0.012953946460200299
1.7,0.36107442277570895,-0.09104432387023431,0.5099092179437846,0.7111907079455585,0.8583823516021418,0.7668351418591077,-0.05806102475415388,0.023908712909878026,0.015051403620508465,-0.044557554399067965,0.020706054990996658,0.01295487447155986
1.71,0.3609118657847251,-0.09086961165818286,0.510141442133492,0.7106078719089399,0.8586224741044027,0.7669863036442683,-0.05850597231450223,0.024115794122603836,0.015180953631491413,-0.0444314019217611,0.02071000321207115,0.012955006430921541
1.72,0.3607479453780192,-0.09069368838943215,0.5103756140306335,0.7100205927597756,0.8588646675977818,0.7671387609240156,-0.058949641734047216,0.0243229092927815,0.015310501326564398,-0.04430193188870675,0.020712847030879934,0.012954411621116935
1.73,0.3605826622932796,-0.09051656091387417,0.5106117325931455,0.7094288834447853,0.8591089323666878,0.7672925136388852,-0.059392000007078775,0.02453004739282986,0.015440039447961566,-0.044169178303011244,0.02071458973135187,0.012953092025251828
1.74,0.36041601734723744,-0.09033823620002007,0.5108497966651584,0.7088327572390427,0.8593552685854181,0.7674475616569338,-0.05983301446891767,0.024737197427876858,0.015569560757687147,-0.04403317536683701,0.020715234571473607,0.012951049614311065
1.75,0.36024801143522006,-0.09015872133359626,0.5110898049775224,0.7082322277425548,0.8596036763184837,0.7676039047739366,-0.06027265279787879,0.024944348435502885,0.015699058037396442,-0.043893957475909226,0.02071478478383245,0.012948286347591332
1.76,0.36007864553070573,-0.0899780235161281,0.511331756148332,0.7076273088768226,0.8598541555209325,0.7677615427135835,-0.06071088301717889,0.025151489485489464,0.01582852408828107,-0.0437515592139647,0.020713243576165472,0.012944804173138211
1.77,0.359907920684873,-0.08979615006351505,0.5115756486834495,0.7070180148813823,0.8601067060386702,0.7679204751276728,-0.06114767349678886,0.025358609679573554,0.0159579517309587,-0.04360601534714477,0.020710614131914697,0.012940605028187363
1.78,0.359735838026149,-0.08961310840459519,0.51182148097703,0.7064043603103296,0.8603613276087788,0.7680807015963063,-0.06158299295522947,0.02556569815120741,0.016087333805367164,-0.043457360818333936,0.020706899610788143,0.012935690839609612
1.79,0.3595623987597533,-0.08942890607970033,0.5120692513120438,0.7057863600288248,0.8606180198598326,0.768242221628081,-0.06201681046131024,0.025772744065324038,0.016216663170663035,-0.043305630741446444,0.020702103149326623,0.012930063524359908
1.8,0.3593876041672409,-0.0892435507392007,0.5123189578608005,0.7051640292095812,0.8608767823122108,0.7684050346602813,-0.06244909543581103,0.025979736618108425,0.01634593270512476,-0.04315086039566247,0.02069622786147599,0.012923724989929898
1.81,0.3592114556060415,-0.0890570501420423,0.5125705986854704,0.7045373833293386,0.8611376143784109,0.7685691400590696,-0.06287981765310556,0.026186665036774408,0.016475135306060266,-0.042993085219615854,0.02068927683916478,0.01291667713480399
1.82,0.3590339545089959,-0.08886941215427285,0.5128241717386076,0.7039064381653177,0.8614005153633559,0.7687345371196762,-0.06330894724272682,0.026393518579347484,0.016604263889719206,-0.0428323408055354,0.020681253152887005,0.012908921848918817
1.83,0.3588551023838903,-0.08868064474756232,0.5130796748636722,0.7032712097916621,0.8616654844647029,0.768901225066588,-0.06373645469087348,0.02660028653445334,0.016733311391209798,-0.04266866289334154,0.020672159852289887,0.012900461014125815
1.84,0.35867490081298753,-0.08849075599771128,0.5133371057955505,0.702631714575864,0.8619325207731469,0.7690692030537374,-0.06416231084185708,0.02680695822111238,0.01686227076442027,-0.04250208736470025,0.02066199996676643,0.012891296504656901
1.85,0.35849335145255495,-0.08829975408315482,0.5135964621610764,0.7019879691751763,0.8622016232727244,0.7692384701646887,-0.06458648689948963,0.02701352298854014,0.01699113498194502,-0.0423326502370365,0.020650776506052616,0.01288143018759301
1.86,0.3583104560323904,-0.08810764728345638,0.5138577414795527,0.7013399905330102,0.8624727908411144,0.769409025412826,-0.06500895442841118,0.027219970215953782,0.017119897035015506,-0.04216038765750829,0.020638492460828894,0.012870863923335299
1.87,0.358126216355345,-0.08791444397779435,0.5141209411632699,0.7006877958753216,0.8627460222499369,0.7695808677415382,-0.06542968535535663,0.027426289312384444,0.01724854993343571,-0.041985335896944594,0.020625150803326137,0.012859599566079023
1.8800000000000001,0.35794063429684286,-0.0877201526434428,0.5143860585180273,0.7000314027069834,0.863021316165051,0.7697539960244049,-0.06584865197036224,0.027632469716495925,0.017377086705522557,-0.04180753134374764,0.020610754487935503,0.012847638964289752
1.8900000000000001,0.35775371180439886,-0.08752478185424306,0.5146530907436508,0.6993708288081465,0.8632986711468495,0.7699284090653815,-0.0662658269279106,0.02783850089640926,0.017505500398050967,-0.04162701049776248,0.020595306451822167,0.01283498396118181
1.9000000000000001,0.3575654508972673,-0.08732834027916819,0.5149220349345334,0.6987060922308838,0.8635780856505908,0.7701041055990443,-0.06668118295715096,0.02804437238675073,0.01763378413753002,-0.04144361730424533,0.020578834267152075,0.012821677016034832
1.9100000000000001,0.3573758536761274,-0.08713083668816973,0.5151928880816824,0.6980372113176908,0.8638595580295261,0.7702810842954491,-0.06709468885061846,0.028250074301879192,0.017761931976120478,-0.04125711941534681,0.02056137526479353,0.012807776690541554
1.92,0.35718492233027965,-0.0869322799561707,0.5154656470743982,0.6973642047145032,0.8641430865373253,0.77045934376383,-0.06750631656668286,0.02845559642706519,0.017889937394300653,-0.04106798789694779,0.02054287676750583,0.012793193252854508
1.93,0.35699265912209954,-0.08673267905054527,0.5157403086985326,0.696687091334169,0.8644286693241633,0.7706388825458597,-0.06791603995139626,0.028660928381999903,0.01801779357050839,-0.040876259233006945,0.020523341700910448,0.012777928614293877
1.94,0.35679906638493414,-0.0865320430283858,0.5160168696367619,0.6960058903492495,0.8647163044365573,0.77081969911509,-0.06832383321607609,0.028866059815557375,0.018145493702276295,-0.040681969991595034,0.02050277297604389,0.012761984682558791
1.95,0.35660414652262507,-0.08633038103494978,0.5162953264691107,0.6953206211883636,0.8650059898176596,0.7710017918771436,-0.06872967093811559,0.02907098040565158,0.018273031006197725,-0.04048515681879519,0.020481173489966916,0.012745363362176382
1.96,0.35640790200902783,-0.08612770230210226,0.5165756756734692,0.6946313035325227,0.8652977233075451,0.7711851591699044,-0.06913352806173333,0.02927567985909976,0.018400398717897275,-0.0402858564325833,0.020458546126376254,0.012728066554951902
1.97,0.35621033538752866,-0.08592401614675349,0.5168579136261144,0.6939379573114588,0.8655915026435016,0.7713697992637074,-0.06953537989866168,0.029480147911491894,0.018527590092005938,-0.040084105616691165,0.02043489375621891,0.012710096160420039
1.98,0.3560114492705585,-0.08571933196929016,0.5171420366022288,0.6932406026999464,0.8658873254603157,0.7715557103615291,-0.06993520212877337,0.02968437432706623,0.01865459840214052,-0.03987994121445333,0.020410219238308568,0.012691454076296894
1.99,0.3558112463391039,-0.08551365925200466,0.5174280407764184,0.6925392601141185,0.8661851892905597,0.7717428905991768,-0.07033297080064688,0.029888348898591082,0.018781416940887828,-0.03967340012264032,0.020384525419944215,0.01267214219893288
2.0,0.35560972934221613,-0.08530700755751824,0.5177159222232317,0.691833950207776,0.8664850915648749,0.7719313380454785,-0.0707286623320698,0.030092061447252762,0.01890803901979322,-0.03946451928527967,0.02035781513753067,0.012652162423766123
2.0100000000000002,0.35540690109651574,-0.08509938652720322,0.5180056769176776,0.6911246938686949,0.866787029612257,0.7721210507024728,-0.07112225351048046,0.030295501822549732,0.019034457969353758,-0.03925333568746657,0.020330091217200818,0.012631516645776329
2.02,0.355202764485696,-0.08489080587959802,0.5182973007357419,0.6904115122149261,0.8670910006603373,0.7723120265055973,-0.07151372149334768,0.03049865990219302,0.01916066713901588,-0.0390398863491663,0.020301356475439476,0.012610206759938954
2.0300000000000002,0.35499732246002275,-0.08468127540882142,0.5185907894549044,0.6896944265910949,0.867397001835665,0.7725042633238792,-0.07190304380848843,0.030701525592012884,0.01928665989717769,-0.03882420831900991,0.020271613719708696,0.012588234661679598
2.04,0.35479057803583225,-0.08447080498298465,0.518886138754656,0.6889734585646953,0.8677050301639879,0.7726977589601249,-0.0722901983543235,0.030904088825871704,0.019412429631195677,-0.03860633866808512,0.020240865749074192,0.01256560224732833
2.05,0.35458253429502484,-0.08425940454259812,0.5191833442170144,0.6882486299223832,0.8680150825705321,0.7728925111511085,-0.0726751634000709,0.031106339565583136,0.019537969747396043,-0.038386314483724614,0.02020911535483303,0.012542311414574002
2.06,0.35437319438455783,-0.0840470840989786,0.5194824013270392,0.6875199626662681,0.8683271558802816,0.7730885175677623,-0.07305791758587732,0.031308267800837584,0.019663273671090564,-0.03816417286329282,0.020176365321142035,0.012518364062918225
2.07,0.35416256151593445,-0.08383385373265256,0.5197833054733473,0.6867874790102029,0.8686412468182559,0.7732857758153675,-0.0734384399228874,0.03150986354913396,0.019788334846597,-0.03793995090797375,0.0201426184256471,0.012493762094129031
2.08,0.3539506389680447,-0.08361972359405001,0.5200860519490822,0.6860512013832422,0.86895735201126,0.7734842834343615,-0.0738167071342574,0.03171111740143161,0.019913146966777113,-0.037713026575024775,0.020108012717898218,0.012468564307022374
2.09,0.353737430107602,-0.08340470391619276,0.5203906359552704,0.6853111524706785,0.8692754679973439,0.7736840379043919,-0.07419269352565093,0.03191202054866207,0.02003770398423973,-0.037483915485475305,0.020072452753952703,0.01244273130448659
2.1,0.3535229383759877,-0.08318880500439096,0.5206970525996305,0.684567355183224,0.8695955912205163,0.7738850366421667,-0.07456637878086907,0.03211256318173291,0.02016199943847855,-0.037252805466076906,0.020035910356509198,0.012416251985581595
2.11,0.3533071672785778,-0.08297203722768304,0.5210052968957147,0.6838198326315743,0.8699177180265609,0.7740872769997703,-0.07493774309436943,0.03231273549041692,0.02028602687603564,-0.03701973326506348,0.01999838834631012,0.012389128292093026
2.12,0.3530901203841953,-0.08275441101721126,0.5213153637634186,0.6830686081226437,0.8702418446633,0.7742907562648496,-0.075306767027992,0.03251252769267078,0.02040977986289057,-0.03678473560964306,0.01995988953947783,0.012361362169800142
2.13,0.3528718013246027,-0.08253593686462568,0.5216272480294968,0.6823137051558916,0.8705679672808767,0.7744954716608085,-0.07567343151071855,0.03271193003459175,0.020533251984502454,-0.036547849199990934,0.019920416748111458,0.012332955568910184
2.14,0.3526522137939925,-0.08231662532048706,0.5219409444280796,0.6815551474196536,0.8708960819320349,0.7747014203470032,-0.07603771783837256,0.03291093279038047,0.020656436845856434,-0.036309110703254086,0.019879972780883368,0.012303910444491337
2.15,0.35243136154847415,-0.08209648699267003,0.5222564476011865,0.680792958787474,0.8712261845724016,0.7749085994189377,-0.0763996076732588,0.033109526262309605,0.020779328071514423,-0.036068556747570125,0.019838560443635557,0.01227422875690451
2.16,0.352209248405559,-0.08187553254476648,0.5225737520992413,0.6800271633144437,0.8715582710607662,0.7751170059084597,-0.07675908304374361,0.03330770078069863,0.020901919305670213,-0.03582622391610092,0.019796182539975376,0.012243912472233427
2.17,0.3519858782436419,-0.08165377269448998,0.5228928523815867,0.6792577852335413,0.8718923371593619,0.775326636783957,-0.0771161263437753,0.0335054467038944,0.021024204212208856,-0.03558214874108368,0.019752841871870732,0.01221296356271319
2.18,0.35176125500148236,-0.08143121821207955,0.5232137428169971,0.6784848489519801,0.8722283785341448,0.7755374889505551,-0.07747072033234509,0.033702754418257715,0.021146176474770257,-0.035336367697900835,0.019708541240244654,0.012181384007157096
2.19,0.3515353826776816,-0.08120787991870615,0.523536417684193,0.6777083790475615,0.8725663907550757,0.7757495592503151,-0.07782284813288912,0.03389961433815579,0.021267829796817107,-0.03508891719916989,0.019663283445568686,0.012149175791381465
2.2,0.3513082653301568,-0.0809837686848795,0.5238608711723529,0.6769284002650321,0.872906369296398,0.775962844462432,-0.07817249323263148,0.034096016905960876,0.02138915790170709,-0.03483983358885556,0.019617071288455516,0.012116340908628575
2.21,0.35107990707561526,-0.08075889542885695,0.524187097381626,0.6761449375124509,0.8732483095369196,0.7761773413034342,-0.07851963948186803,0.03429195259205445,0.021510154532769138,-0.03458915313640539,0.019569907570250237,0.012082881359987375
2.22,0.35085031208902406,-0.0805332711150532,0.524515090323645,0.6753580158575613,0.8735922067602916,0.7763930464273837,-0.07886427109319234,0.03448741189483758,0.02163081345338409,-0.03433691203091058,0.019521795093620356,0.012048799154811963
2.23,0.35061948460307946,-0.08030690675245405,0.5248448439220367,0.6745676605241733,0.8739380561552902,0.7766099564260766,-0.07920637263979538,0.03468238534090478,0.021751128447175715,-0.03408313331227273,0.019472739038092463,0.012014097912806701
2.24,0.35038742891574837,-0.08007981339852582,0.5251763520140691,0.6737738969057419,0.8742858528192208,0.776828067831353,-0.07954592395593664,0.03487686441203391,0.021871093943248272,-0.033826879583234375,0.01942291918311703,0.011978899011557713
2.25,0.3501541494132355,-0.07985200217357813,0.5255096083544688,0.6729767506117202,0.8746355917672811,0.777047377121425,-0.07988290528423603,0.03507084060922821,0.0219907043850491,-0.03356914168379124,0.01937216472654343,0.011943087403277873
2.2600000000000002,0.3499196505467782,-0.07962348424367055,0.5258446066127573,0.6721762474156017,0.8749872679240498,0.7772678807151485,-0.08021730196102381,0.03526430460073819,0.02210995365586753,-0.03330995520437057,0.019320478522087146,0.011906665161419144
2.27,0.3496839368247893,-0.07939427081404127,0.5261813403727352,0.6713724132357385,0.8753408761209298,0.7774895749703169,-0.08054909967803246,0.035457247083365125,0.02222883565977386,-0.03304935563408684,0.019267863426292286,0.011869634368796012
2.2800000000000002,0.34944701281233,-0.07916437312753377,0.5265198031329952,0.6705652741317926,0.8756964110964356,0.7777124561838685,-0.0808782844813561,0.03564965878249223,0.022347344321714986,-0.032787378355222205,0.019214322299086005,0.011831997117971242
2.29,0.3492088831305805,-0.078933802463032,0.5268599883074329,0.6697548563011981,0.8760538674964782,0.7779365205920955,-0.08120484277035457,0.03584153045212117,0.022465473587613746,-0.0325240586377414,0.019159858004331003,0.011793755511638812
2.3000000000000003,0.34896955245630945,-0.0787025701338972,0.527201889225761,0.6689411860756339,0.876413239874652,0.7781617643708549,-0.0815287612965032,0.03603285287491428,0.022583217424472207,-0.03225943163384223,0.019104473410376157,0.01175491166300395
2.31,0.34872902552134066,-0.0784706874864069,0.527545499134019,0.6681242899175086,0.8767745226925217,0.7783881836357797,-0.0818500271621877,0.03622361686224202,0.022700569820478543,-0.03199353237254293,0.019048171390604673,0.011715467696159977
2.32,0.34848730711201736,-0.07823816589820065,0.5278908111950864,0.667304194416457,0.8771377103199093,0.7786157744424909,-0.0821686278194458,0.03641381325423618,0.022817524785117928,-0.03172639575430829,0.018990954823980243,0.011675425746462152
2.33,0.34824440206866647,-0.07800501677672989,0.5282378184891912,0.6664809262858516,0.877502797035182,0.7788445327868114,-0.08248455106865483,0.03660343291984834,0.02293407634928691,-0.03145805654571525,0.018932826595590584,0.011634787960898093
2.34,0.3480003152850586,-0.07777125155771009,0.528586514014422,0.6656545123593247,0.8778697770255411,0.7790744546049808,-0.08279778505716627,0.03679246675691381,0.023050218565411583,-0.031188549374159796,0.018873789597188446,0.011593556498454841
2.35,0.34775505170786836,-0.07753688170358064,0.5289368906872378,0.6648249795873059,0.8782386443873111,0.7793055357738707,-0.08310831827788799,0.03698090569222107,0.0231659455075695,-0.03091790872260674,0.018813846727730125,0.01155173353048256
2.36,0.34750861633613217,-0.07730191870196712,0.5292889413429784,0.6639923550335743,0.8786093931262292,0.7795377721112027,-0.0834161395678134,0.0371687406815863,0.023281251271614935,-0.030646168924383006,0.01875300089391102,0.011509321241054502
2.37,0.3472610142207043,-0.07706637406415229,0.529642658736373,0.663156665871825,0.8789820171577363,0.779771159375766,-0.08372123810649962,0.03735596270993367,0.023396129975308082,-0.030373364158016454,0.018691255010698436,0.011466321827323397
2.38,0.34701225046449147,-0.07683025932406862,0.5299980355421582,0.6623179393838966,0.8793565103075779,0.7800056932678217,-0.08402360229853706,0.037542563001325024,0.023510575883088577,-0.03009902341612114,0.018628707012233136,0.011422793906183906
2.39,0.3467623302451647,-0.07659358605227085,0.5303550643588453,0.6614762030054543,0.8797328663213312,0.7802413694348052,-0.08432321339544703,0.03772853421865539,0.02362458411839989,-0.029823027297514904,0.018565388663388655,0.011378756819017585
2.4,0.3465112588194026,-0.07635636585751371,0.5307137377099094,0.6606314843325761,0.8801110788665736,0.7804781834726631,-0.0846200595269708,0.03791386782373189,0.023738149096488314,-0.02954603591840374,0.01850118505656547,0.011334142838117213
2.41,0.34625904149667974,-0.07611861036807349,0.5310740480407139,0.6597838110641217,0.8804911415229691,0.7807161309200162,-0.08491413090760952,0.0380985549788426,0.023851265059734453,-0.02926808267192447,0.018436099166819542,0.011288954229343803
2.42,0.34600568363718703,-0.07588033122921867,0.5314359877188072,0.6589332109951386,0.8808730477819541,0.7809552072580227,-0.08520541808494475,0.0382825868760717,0.023963926273246273,-0.028989200780226838,0.01837013397842214,0.011243193272367684
2.43,0.3457511906512889,-0.07564154010171459,0.5317995490344314,0.6580797120135405,0.8812567910470342,0.781195407910606,-0.08549391193790472,0.03846595473739434,0.024076127024998867,-0.02870942328970985,0.01830329248535426,0.011196862260989681
2.44,0.3454955679989814,-0.07540224866033368,0.5321647242010319,0.6572233420968031,0.8816423646340855,0.7814367282446842,-0.08577960367498323,0.03864864981477596,0.024187861625977247,-0.028428783066310234,0.018235577691797997,0.01114996350345825
2.45,0.345238821189348,-0.07516246859237546,0.532531505355768,0.6563641293086758,0.8820297617716536,0.781679163570401,-0.08606248483241177,0.03883066339027699,0.024299124410322535,-0.028147312790842968,0.01816699261262441,0.011102499322782414
2.46,0.3449809557800134,-0.07492221159619028,0.5328998845600212,0.655502101795916,0.8824189756012556,0.7819227091413575,-0.08634254727228512,0.03901198677616194,0.02440990973548098,-0.027865044954396664,0.018097540273878245,0.011054472057040583
2.47,0.34472197737659727,-0.07468148937971242,0.5332698537999048,0.6546372877850377,0.8828099991776832,0.7821673601548469,-0.08661978318064126,0.039192611315013635,0.02452021198235623,-0.02758201185378329,0.018027223713259013,0.011005884059684919
2.48,0.344461891632167,-0.07444031365899972,0.5336414049867724,0.6537697155790837,0.8832028254693057,0.7824131117520894,-0.08689418506549627,0.039372528379852244,0.02463002555546461,-0.027298245587044346,0.017956045980598617,0.010956737699841426
2.49,0.3442007042466881,-0.07419869615678143,0.5340145299577254,0.6528994135544149,0.8835974473583755,0.7826599590184687,-0.08716574575483424,0.03955172937425881,0.02473934488309328,-0.027013778049014246,0.017884010138335165,0.010907035362605481
2.5,0.3439384209664759,-0.07395664860101303,0.5343892204761227,0.6520264101575208,0.8839938576413336,0.7829078969837711,-0.08743445839455327,0.039730205732503805,0.024848164417461415,-0.02672864092694202,0.01781111926198327,0.010856779449332913
2.5100000000000002,0.3436750475836447,-0.07371418272344077,0.5347654682320883,0.6511507339018516,0.8843920490291185,0.7831569206224254,-0.08770031644636808,0.03990794891968014,0.024956478634884274,-0.026442865696172248,0.01773737644060028,0.010805972377926375
2.52,0.3434105899407465,-0.07347131026157855,0.5351432648437505,0.6502724133755514,0.8847920141494988,0.7834070248549893,-0.08796330960448077,0.04008495119139054,0.02506428250265622,-0.026155461513549784,0.017662975000596392,0.010754733468596848
2.5300000000000002,0.3431450539636302,-0.07322804297917046,0.5355226018624732,0.6493914773083227,0.8851937455604106,0.7836582045563961,-0.08822342340437454,0.040261205666290954,0.025171571523708323,-0.02586719988512054,0.017587780251227314,0.010702980494902054
2.54,0.34287844564074366,-0.07298439265142909,0.5359034707705335,0.6485079545259064,0.8855972357423743,0.7839104545513506,-0.08848065168178991,0.040436704007084934,0.025278340311744054,-0.025578362131390378,0.017511748703261734,0.010650687278694865
2.5500000000000003,0.3426107710058271,-0.07274037105260167,0.5362858629792671,0.6476218739118229,0.8860024770922611,0.7841637696105515,-0.08873498882851201,0.04061143786152799,0.025384583476767232,-0.025288978823120013,0.01743488350730295,0.010597856308549512
2.56,0.34234203613728764,-0.07249598995452033,0.5366697698295674,0.6467332644041508,0.8864094619235778,0.784418144450923,-0.08898642954092101,0.04078539890895161,0.025490295653751358,-0.024999080307902682,0.017357187828017456,0.010544490089871511
2.57,0.3420722471576511,-0.07225126112521507,0.5370551825923935,0.64584215499249,0.8868181824667833,0.784673573735864,-0.08923496881774103,0.04095857886040611,0.025595471502809237,-0.02470869670628375,0.017278664844564796,0.010490591145147679
2.58,0.3418014102330139,-0.07200619632753213,0.5374420924692778,0.6449485747149517,0.8872286308696056,0.7849300520755014,-0.08948060195775036,0.04113096945880757,0.025700105709364925,-0.024417857907944235,0.017199317751023787,0.01043616201419153
2.59,0.3415295315724932,-0.07176080731776663,0.537830490592835,0.6440525526551688,0.8876407991973622,0.7851875740269431,-0.0897233245574542,0.041302562479089276,0.02580419298432826,-0.02412659356794771,0.017119149756814462,0.010381205254383585
2.6,0.3412566174276794,-0.07151510584429921,0.5382203680272705,0.6431541179393301,0.8880546794332803,0.7854461340945349,-0.08996313250871987,0.04147334972835711,0.025907728064271694,-0.02383493310305286,0.01703816408711613,0.010325723440906973
2.61,0.34098267409208494,-0.071269103646247,0.5386117157688864,0.6422532997332387,0.8884702634788204,0.7857057267301171,-0.09020002199637567,0.04164332304604931,0.02601070571160953,-0.023542905688091535,0.0169563639832813,0.010269719166977963
2.62,0.3407077079005956,-0.07102281245212094,0.5390045247465911,0.6413501272393953,0.888887543153999,0.7859663463332838,-0.09043398949577362,0.041812474304100164,0.026113120714779274,-0.02325054025241352,0.016873752703245322,0.010213195044071461
2.63,0.3404317252289211,-0.07077624397849475,0.5393987858224055,0.6404446296941044,0.8893065101977153,0.7862279872516446,-0.09066503177031748,0.04198079540710801,0.026214967888425457,-0.022957865476398748,0.016790333521931933,0.010156153702141527
2.64,0.3401547324930446,-0.07052940992868495,0.5397944897919721,0.6395368363646068,0.8897271562680787,0.7864906437810877,-0.09089314586895553,0.042148278292506954,0.02631624207358542,-0.022664909788037355,0.016706109731654192,0.010098597789836579
2.65,0.33987673615627356,-0.07028232199634066,0.5401916273861398,0.6386267765620581,0.8901494729456921,0.7867543101678339,-0.09111832374621796,0.042314915934794264,0.02641693874631011,-0.022370480999783338,0.016621312503362712,0.010040668053307297
2.66,0.3395977427646813,-0.07003499188731127,0.5405901892765973,0.6377144797135648,0.8905734517479585,0.7870189806171739,-0.09134055454916107,0.042480701918220266,0.026517053758804785,-0.022075639504902107,0.016535752384664204,0.009982250358426032
2.67,0.3393177589195697,-0.06978743130079829,0.5409901660725583,0.6367999753030102,0.8909990841188876,0.7872846492873568,-0.09155983578070549,0.04264562835211009,0.02661658207624126,-0.021780571318332928,0.016449403153300526,0.009923329492947525
2.68,0.33903679126190356,-0.06953965191835382,0.5413915483191388,0.6358832928369837,0.891426361423584,0.7875513102863185,-0.09177616531145477,0.04280968736208108,0.026715518680482775,-0.02148530390123856,0.016362268160960192,0.009863908173799646
2.69,0.33875484647174725,-0.06929166540259607,0.5417943264978632,0.6349644618420007,0.8918552749485765,0.7878189576719499,-0.09198954128533142,0.04297287110735491,0.026813858580654784,-0.021189864455753764,0.0162743507769019,0.009803989136537485
2.7,0.3384719312677192,-0.06904348339594263,0.5421984910271709,0.6340435118617811,0.8922858159021549,0.7880875854523702,-0.09219996211697178,0.043135171780935344,0.026911596813332234,-0.02089427992201637,0.016185654388323267,0.009743575135523791
2.71,0.3381880524064437,-0.0687951175193584,0.542604032262927,0.6331204724545558,0.892717975414709,0.7883571875862024,-0.09240742648909143,0.04329658160978924,0.027008728442728436,-0.020598576975268554,0.016096182400725294,0.009682668944104238
2.72,0.33790321668200607,-0.06854657937111214,0.5430109404989266,0.6321953731903998,0.8931517445390682,0.7886277579828509,-0.09261193334982222,0.043457092855031555,0.027105248560885812,-0.02030278202302837,0.016005938238272517,0.009621273354777509
2.73,0.33761743092540675,-0.06829788052554436,0.5434192059674051,0.6312682436485901,0.8935871142508452,0.7888992905027797,-0.09281348191002087,0.043616697812113636,0.0272011522878682,-0.020006921202332963,0.015914925344148973,0.009559391179360265
2.74,0.3373307020040155,-0.06804903253184813,0.5438288188395455,0.6303391134149934,0.8940240754487794,0.7891717789577954,-0.0930120716405509,0.04377538881101529,0.02729643477195485,-0.019711020377052794,0.01582314718090953,0.009497025249146683
2.75,0.3370430368210297,-0.06780004691285901,0.5442397692259853,0.6294080120794792,0.8944626189550835,0.7894452171113283,-0.09320770226953781,0.0439331582164401,0.027391091189836014,-0.01941510513527834,0.0157306072308269,0.009434178415062864
2.7600000000000002,0.3367544423149278,-0.06755093516385785,0.544652047177325,0.6284749692333603,0.8949027355157915,0.7897195986787192,-0.09340037377959859,0.04408999842801452,0.027485116746810014,-0.019119200786779676,0.015637308996234323,0.009370853547815918
2.77,0.3364649254608128,-0.06730170875258112,0.5450656426849053,0.6275400144707587,0.8953444158018372,0.7899949173279458,-0.0935900842554224,0.0442459022820679,0.027578506920091322,-0.018822540807406717,0.015543403872430918,0.009307143058002603
2.7800000000000002,0.3361744933037282,-0.0670523791395169,0.5454805456861758,0.6266031774560809,0.8957876504224788,0.7902711666878269,-0.09377682320639401,0.04440086429873372,0.027671258213863494,-0.018525256974018113,0.015448875408066602,0.009243037751740535
2.79,0.3358831529551576,-0.06680295777471407,0.5458967460647943,0.6256644879152242,0.8962324299244735,0.790548340347598,-0.09396058958751101,0.04455487731508209,0.02776336612109986,-0.018228030913818517,0.01535360440021773,0.009178466238239832
2.8000000000000003,0.3355909115622896,-0.06655345607739127,0.5463142336468132,0.6247239755705918,0.8966787447807499,0.7908264318501325,-0.0941413840983599,0.04470793392344943,0.027854825994382177,-0.017930886951110062,0.015257594406444096,0.009113431451552523
2.81,0.3352977763063739,-0.06630388543408638,0.5467329982010289,0.6237816701363796,0.8971265853903386,0.791105434691976,-0.09431920768036779,0.04486002675184757,0.027945633215729706,-0.01763384912933061,0.015160849004318406,0.00904793634515225
2.82,0.33500375440218205,-0.06605425719752384,0.5471530294394905,0.622837601316172,0.8975759420787293,0.7913853423236429,-0.09449406151398289,0.045011148464165346,0.028035783196794038,-0.01733694120895507,0.015063371791741336,0.008981983892051114
2.83,0.334708853097468,-0.06580458268548961,0.5475743170180082,0.6218917988005651,0.8980268050982309,0.7916661481499125,-0.09466594701583506,0.04516129176037368,0.028125271379055062,-0.017040186665469845,0.014965166387252593,0.008915577084911443
2.84,0.3344130796724306,-0.06555487317972153,0.5479968505366613,0.6209442922648203,0.8984791646283331,0.7919478455301295,-0.09483486583587583,0.045310449376733286,0.028214093234017995,-0.016743608687420225,0.01486623643033749,0.008848718936152326
2.85,0.3341164414391772,-0.06530513992481007,0.548420619540307,0.6199951113665443,0.8989330107760711,0.7922304277785043,-0.09500081985449962,0.045458614086005725,0.02830224426341143,-0.016447230174531,0.014766585581729127,0.008781412478050846
2.86,0.33381894574118903,-0.06505539412711181,0.5488456135190887,0.6190442857434002,0.8993883335763906,0.7925138881644163,-0.09516381117964647,0.04560577869766739,0.028389719999386415,-0.016151073735901016,0.01466621752370637,0.008713660762838207
2.87,0.33352059995278704,-0.06480564695367586,0.5492718219089441,0.6180918450108457,0.8998451229925163,0.7927982199127198,-0.09532384214388698,0.045751936058126406,0.028476516004716502,-0.01585516168827135,0.014565135960387235,0.008645466862790515
2.88,0.33322141147860074,-0.06455590953118201,0.5496992340921152,0.6171378187599023,0.9003033689163233,0.7930834162040504,-0.09548091530149048,0.04589707905094248,0.028562627872998552,-0.015559516054367669,0.01446334461801783,0.00857683387031428
2.89,0.3329213877567211,-0.06430619294719392,0.5501278393981899,0.6161822365625194,0.9007630611701263,0.7933694701759881,-0.09563503003497179,0.046041201232193914,0.02864805161116285,-0.015263144914226754,0.014361037132060144,0.008507879195379804
2.9,0.3326205362970342,-0.06405650827335452,0.5505576271102482,0.615225128049171,0.9012241895219973,0.7936563749323631,-0.09578617833221661,0.04618429762122023,0.028732784115506522,-0.014966563763886302,0.014258124720334962,0.008438550260733214
2.91,0.33231886466628213,-0.06380686655520135,0.5509885864633031,0.614266522876896,0.9016867436805583,0.7939441235402065,-0.09593436233025936,0.04632636141381168,0.028816821193350394,-0.014670288606789208,0.014154518472653496,0.008368794418599097
2.92,0.3320163804612133,-0.06355727879465439,0.5514207066409997,0.6133064506730349,0.9021507132852162,0.7942327090239603,-0.09607958519453565,0.04646738569047191,0.028900158591347463,-0.014374340494907364,0.014050222165287597,0.008298614817804124
2.93,0.33171309130761417,-0.063307755948734,0.5518539767760626,0.6123449410322257,0.9026160879063716,0.7945221243656911,-0.09622185029953827,0.04660736356957669,0.02898279208773662,-0.014078740187452357,0.013945239596436124,0.008228014626703846
2.94,0.331409004859784,-0.06305830892856606,0.5522883859508034,0.6113820235143289,0.9030828570457999,0.7948123625054062,-0.09636116122588298,0.046746288207594494,0.029064717492538146,-0.013783508149636263,0.013839574586492214,0.008156997033239828
2.95,0.3311041288000059,-0.06280894859839908,0.5527239231976314,0.61041772764238,0.9035510101370317,0.795103416341373,-0.09649752175736284,0.04688415279930986,0.029145930647749937,-0.013488664551504978,0.013733230978306305,0.008085565244991759
2.96,0.33079847083802505,-0.06255968577463444,0.5531605774995636,0.609452082900573,0.9040205365457386,0.7953952787304397,-0.09663093587799104,0.04702095057804918,0.02922642742754407,-0.0131942292668447,0.013626212637445099,0.008013722489224589
2.97,0.3304920387105254,-0.0623105312248699,0.5535983377907328,0.6084851187322735,0.9044914255701187,0.7956879424883574,-0.09676140776903278,0.04715667481590905,0.029306203738463807,-0.012900221872160682,0.013518523452446057,0.007941472012930485
2.98,0.33018484018061034,-0.062061495666955846,0.5540371929568988,0.6075168645380604,0.9049636664412863,0.795981400390106,-0.09688894180602832,0.047291318823987544,0.02938525551962124,-0.012606661645729145,0.013410167335067887,0.007868817082865921
2.99,0.3298768830372847,-0.06181258976806403,0.5544771318359586,0.6065473496737981,0.9054372483236626,0.7962756451702199,-0.09701354255580551,0.047424875952617296,0.029463578742894885,-0.01231356756672219,0.01330114822053662,0.007795760985583657
3.0,0.3295681750950079,-0.061563824143813006,0.554918143218466,0.6055766034488785,0.9059121603153951,0.7965706695231325,-0.09713521453495767,0.047557339636451874,0.029541169439976454,-0.012020687127669615,0.013191521059047535,0.007722337552139145
3.0100000000000002,0.32925872421337155,-0.06131520936976781,0.5553602158511057,0.6046046551655457,0.9063883914565,0.7968664661081439,-0.09725395269773578,0.04768870518270191,0.029618024772910666,-0.011727027133184425,0.01308148003981402,0.007648663971156212
3.02,0.3289485383252263,-0.06106675599803202,0.5558033384414198,0.6036315341753384,0.9068659307402177,0.7971630275563131,-0.09736975674214822,0.047818967080832435,0.029694141423665426,-0.011433866486954112,0.012970792096632154,0.007574601670563844
3.0300000000000002,0.32863762539552716,-0.06081847453125827,0.5562474996523706,0.6026572697941708,0.9073447670977872,0.7974603464614378,-0.09748263175215909,0.04794811888148671,0.029769515521705696,-0.011141223236172663,0.01285946120987726,0.007500153985732728
3.04,0.3283259934138124,-0.06057037541745586,0.5566926881018263,0.6016818912862197,0.9078248893961532,0.7977584153787776,-0.09759258299073076,0.04807615417522739,0.029844143229945153,-0.010849115133267959,0.012747491383124374,0.007425324271056514
3.0500000000000003,0.3280136503936908,-0.06032246904912891,0.5571388923630698,0.6007054278621501,0.9083062864383666,0.7980572268253888,-0.09769961589687408,0.048203066592769905,0.02991802074493663,-0.010557559635411048,0.01263488664337779,0.007350115899959461
3.06,0.3277006043723305,-0.06007476576242532,0.5575861009653115,0.5997279086773688,0.9087889469639872,0.798356773280463,-0.09780373608269372,0.048328849805217865,0.02999114429706237,-0.01026657390409623,0.0125216510412969,0.00727453226489949
3.0700000000000003,0.3273868634099513,-0.05982727583630154,0.558034302394199,0.5987493628303084,0.9092728596494886,0.7986570471856647,-0.09790494933042901,0.04845349752430052,0.030063510150724265,-0.009976174804790768,0.012407788651417721,0.0071985767773663865
3.08,0.3270724355893182,-0.05958000949169823,0.5584834850923308,0.5977698193607408,0.9097580131086661,0.7989580409454741,-0.09800326158949302,0.04857700350261295,0.030135114604534382,-0.009686378906654858,0.012293303572370781,0.007122252867875488
3.09,0.3267573290152392,-0.05933297689073158,0.5589336374597651,0.5967893072481201,0.910244395893046,0.7992597469275288,-0.09809867897350777,0.04869936153385778,0.030205953991504907,-0.009397202482331217,0.012178199927094622,0.007045563985956505
3.1,0.326441551814065,-0.059086188135895445,0.5593847478545346,0.5958078554099554,0.9107319964922985,0.7995621574629695,-0.09819120775733864,0.04882056545308953,0.03027602467923841,-0.009108661507804079,0.012062481863045383,0.006968513600137726
3.11,0.3261251121331915,-0.05883965326928031,0.559836804593158,0.594825492700214,0.9112208033346519,0.7998652648467868,-0.09828085437412704,0.048940609136960626,0.030345323070117593,-0.008820771662328404,0.011946153552402524,0.006891105197925722
3.12,0.32580801815307264,-0.058593382279365336,0.5602897959530125,0.5938422479331055,0.9117108047921023,0.800169061341019,-0.09836761773662364,0.04905948795477525,0.030413846464108038,-0.008531997578207752,0.011829512303896353,0.0068135165626952545
3.13,0.3254902781258391,-0.05834738512382931,0.5607437101786779,0.5928581499607171,0.9122019891957978,0.8004735391840001,-0.09845149653404885,0.04917719738897871,0.03048159223857593,-0.008243873615791679,0.011712275177442234,0.006735580480229962
3.14,0.32517190033732846,-0.05810167170598485,0.5611985354768911,0.5918732275953189,0.9126943448220605,0.8007786905821515,-0.09853249746814582,0.049293731478129536,0.030548556922557004,-0.007956427405617309,0.011594443993428277,0.00665729905167701
3.15,0.32485289309355636,-0.05785625186613269,0.561654260015124,0.5908875095814088,0.913187859887807,0.8010845077073597,-0.09861062739074561,0.04940908430269422,0.03061473708021084,-0.007669673761149579,0.011476022964328834,0.006578675804144739
3.16,0.3245332647202201,-0.057611135380834455,0.5621108719220949,0.5899010245942299,0.91368252255097,0.8013909826973291,-0.09868589330036663,0.049523249985386104,0.030680129311058513,-0.007383627206414837,0.011357016327057493,0.006499714282805042
3.17,0.32421302356220727,-0.05736633196219698,0.5625683592882829,0.5889138012383194,0.914178320910921,0.8016981076559376,-0.09875830233932127,0.04963622269141053,0.030744730250162892,-0.0070983019762696185,0.0112374283431614,0.006420418050853422
3.18,0.323892177983106,-0.057121851257170564,0.5630267101664408,0.5879258680460836,0.9146752430088977,0.8020058746535919,-0.09882786179082616,0.049747996628712404,0.030808536568308818,-0.00681371201673513,0.011117263299011951,0.006340790689464828
3.19,0.3235707363647195,-0.056877702846860834,0.5634859125721087,0.5869372534764052,0.9151732768284313,0.8023142757275856,-0.09889457907611536,0.04985856604822509,0.030871544972182453,-0.006529870985397118,0.010996525505991587,0.006260835797745169
3.2,0.32324870710658166,-0.05663389624585391,0.563945954484128,0.5859479859132756,0.9156724102957786,0.8026233028824599,-0.09895846175155874,0.049967925244121754,0.030933752204550576,-0.006246792251870387,0.010875219300676784,0.006180556992678586
3.21,0.32292609862547883,-0.05639044090155504,0.564406823845157,0.5849580936644591,0.9161726312803556,0.8029329480903643,-0.09901951750578458,0.05007606855406797,0.03099515504443891,-0.005964488898328584,0.010753349045017355,0.006099957909070583
3.22,0.32260291935497504,-0.05614734619354139,0.564868508562185,0.5839676049601904,0.9166739275951743,0.8032432032914217,-0.09907775412822004,0.05018299036491632,0.03105575031051959,-0.0056828795426110135,0.010630937046994101,0.006019052772412896
3.23,0.3222791777602805,-0.05590462144205782,0.5653309965093674,0.5829765479827925,0.9171762870031615,0.8035540603975619,-0.09913317089417394,0.05028868675169949,0.0311155358281286,-0.005400605456483876,0.010508248644555634,0.0059379991962444645
3.24,0.3219548823739755,-0.0556622759288426,0.5657942755340232,0.5819849509382066,0.917679697231448,0.8038655113010595,-0.09918576889431581,0.050393153511808716,0.03117450926947283,-0.005119128450890938,0.010385012443334292,0.005856638129145857
3.25,0.3216300417555563,-0.055420318872569097,0.5662583334511253,0.5809928419740309,0.9181841459564504,0.8041775478658378,-0.09923555616110727,0.0504963851892319,0.03123266757796189,-0.004838460810694464,0.010261232842673542,0.005774973237725032
3.2600000000000002,0.32130466448036055,-0.05517875942191386,0.5667231580422175,0.580000249156929,0.9186896208002457,0.8044901619254389,-0.09928254084846738,0.05059837637207616,0.03129000773375587,-0.004558614542570425,0.010136914267053817,0.005693008205430225
3.27,0.320978759139093,-0.05493760665496322,0.5671887370559278,0.5790072004714305,0.9191961093310135,0.8048033452833903,-0.09932673122899405,0.050699121692819586,0.031346526753933124,-0.004279601375834401,0.010012061166264347,0.005610746732477608
3.2800000000000002,0.32065233433735446,-0.0546968695786319,0.567655058208485,0.5780137238187563,0.9197035990634805,0.8051170897135752,-0.0993681356911955,0.05079861582856561,0.031402221692657765,-0.004001432763328008,0.0098866780155718,0.005528192535775292
3.29,0.32032539869517446,-0.05445655712809533,0.5681221091842352,0.5770198470156745,0.9202120774593696,0.8054313869606057,-0.09940676273672959,0.050896853501298175,0.03145708964134603,-0.00372411988236538,0.009760769315885308,0.00544534934884355
3.3000000000000003,0.3199979608465455,-0.05421667816623471,0.5685898776361573,0.5760255977933824,0.9207215319278486,0.805746228740194,-0.09944262097765426,0.05099382947813947,0.03151112772883219,-0.003447673635738056,0.009634339593917659,0.0053622209217311124
3.31,0.3196700294389637,-0.05397724148309674,0.5690583511863809,0.575031003796416,0.9212319498259827,0.8060616067395288,-0.0994757191336869,0.0510895385716083,0.031564333121533214,-0.00317210465277999,0.009507393402343346,0.005278811020928007
3.3200000000000003,0.31934161313297016,-0.053738255795364065,0.5695275174267023,0.5740360925815874,0.9217433184591916,0.8063775126176517,-0.09950606602947558,0.0511839756398807,0.031616703023612774,-0.0028974232904898922,0.009379935319952598,0.005195123429274433
3.33,0.31901272060217273,-0.053499729746118885,0.5699973639191774,0.5730408916178987,0.9222556250818872,0.8066939380059416,-0.09953366973806324,0.05127713575088298,0.031668234772947695,-0.0026231278207418645,0.009252068158903474,0.005111219374302561
3.34,0.3186833605607676,-0.053261671920720344,0.5704678782009429,0.5720454283415076,0.9227688569086764,0.8070108745147758,-0.09955852817646017,0.051369015986561656,0.03171892689621637,-0.0023487097771873588,0.009123895998910551,0.0050271608254814784
3.35,0.3183535417790965,-0.05302409085555593,0.5709390477872152,0.571049730186602,0.9232830011209358,0.8073283137374858,-0.09958064694836323,0.05145961201896273,0.031768777106703554,-0.0020751961517793543,0.008995228270250243,0.004942837451049026
3.36,0.31802327304331107,-0.052786995014084015,0.5714108601656851,0.5700538245044637,0.9237980448519307,0.8076462472417657,-0.09960003514641136,0.051548918915448744,0.031817782775170264,-0.0018025965923340447,0.008866069587076707,0.004858253056997017
3.37,0.3176925631511561,-0.052550392784150635,0.5718833027964575,0.5690577385549708,0.9243139751858318,0.8079646665692078,-0.09961670195841373,0.05163693178965336,0.03186594131051414,-0.0015309204853660684,0.008736424589501916,0.004773411464646776
3.38,0.31736142091151764,-0.05231429247752706,0.5723563631125697,0.5680614995056578,0.9248307791581781,0.8082835632356852,-0.0996306566647442,0.0517236458017419,0.03191325015992233,-0.0012601769574567562,0.008606297943745957,0.004688316510547149
3.39,0.31702985514397386,-0.05207870232945938,0.5728300285205091,0.5670651344308034,0.9253484437563443,0.8086029287317342,-0.09964190863574857,0.051809056158673025,0.03195970680902317,-0.0009903748766769346,0.008475694342284424,0.0046029720463695405
3.4,0.31669787467835175,-0.051843630498231874,0.5733042864007339,0.5660686703105442,0.9258669559200092,0.808922754522941,-0.0996504673291667,0.051893158114461886,0.032005308782036765,-0.0007215228540618044,0.008344618503992048,0.004517381938799478
3.41,0.3163654883542839,-0.05160908506474393,0.5737791241081902,0.5650721340300127,0.9263863025416289,0.8092430320503269,-0.09965634228757034,0.05197594697044517,0.03205005364192483,-0.0004536292451377856,0.008213075174282944,0.004431550069424988
3.42,0.3160327050207728,-0.051375074032097456,0.5742545289728346,0.5640755523785022,0.9269064704669099,0.8095637527307376,-0.09965954313581513,0.052057418075546806,0.032093938990538876,-0.00018670215150212548,0.008081069125247765,0.0043454803346219956
3.43,0.3156995335357565,-0.051141605325199846,0.5747304883001532,0.5630789520486568,0.9274274464952875,0.8098849079572321,-0.09966007957851013,0.052137566826545696,0.032136962468767696,7.925057754751275e-05,0.007948605155787061,0.004259176645436384
3.44,0.3153659827713943,-0.05090868679367494,0.5752069893725796,0.562082359647055,0.9279492173826084,0.8102064891007499,-0.09965795696107886,0.05221638952826504,0.032179122254497226,0.0003453759608422879,0.007815911893542847,0.0041727724878099165
3.45,0.31503206165477093,-0.05067632623516444,0.5756840194564791,0.561085801775194,0.9284717698574589,0.8105284875196761,-0.09965317492525536,0.0522938836539665,0.032220417213342886,0.0006108673335433901,0.0076828392586032745,0.0040861821101262595
3.46,0.31469777914398717,-0.050444531381263535,0.5761615657990024,0.5600893049818422,0.9289950906125559,0.8108508945549713,-0.09964574290415754,0.05237004484169954,0.032260845159802994,0.0008753717894380997,0.007549325103280025,0.003999370663874115
3.47,0.31436314420517336,-0.05021330988410966,0.576639615625073,0.5590928957173845,0.9295191662965242,0.8111737015255229,-0.09963567080333925,0.0524448687004073,0.03230040390280994,0.001138882091535771,0.0074153742614035635,0.00391234207494594
3.48,0.3140281658119026,-0.04998266931594775,0.5771181561378845,0.5580966003327931,0.9300439835143199,0.8114968997285057,-0.09962296859952276,0.05251835088750474,0.0323390912906233,0.0014013912427953811,0.007280991593560796,0.0038251002828819363
3.49,0.31369285294476246,-0.049752617168794255,0.5775971745194199,0.5571004450789264,0.9305695288277173,0.811820480439773,-0.09960764633820876,0.052590487109147196,0.03237690521096584,0.001662892484301957,0.007146181987227308,0.0037376492407455676
3.5,0.3133572145909295,-0.0495231608541144,0.5780766579309751,0.5561044561058546,0.9310957887557965,0.8121444349142535,-0.09958971413130414,0.052661273120499626,0.03241384359115803,0.0019233792933968479,0.007010950356896448,0.003649992914996439
3.5100000000000002,0.3130212597437485,-0.04929430770251153,0.5785565935136802,0.5551086594622059,0.9316227497754356,0.8124687543863479,-0.09956918215476909,0.05273070472600757,0.032449904398251364,0.0021828453817636685,0.006875301644204822,0.003562135285360326
3.52,0.3126849974023157,-0.04906606496343008,0.5790369683890227,0.554113081094539,0.9321503983218048,0.8127934300703267,-0.09954606064628341,0.05279877777966919,0.03248508563916038,0.0024412846934692197,0.00673924081805481,0.0034740803446967595
3.5300000000000002,0.3123484365710646,-0.04883843980486868,0.5795177696593712,0.5531177468467363,0.9326787207888633,0.8131184531607292,-0.09952035990293248,0.052865488185308375,0.0325193853607933,0.002698691402960949,0.006602772874733572,0.0033858320988639137
3.54,0.3120115862597943,-0.048611439313355154,0.5799989844085687,0.5521226824602864,0.933207703530028,0.813443814832861,-0.09949208949143287,0.05293083205133434,0.032552801738604004,0.002955538252639925,0.0064659966767391065,0.003297448277101534
3.5500000000000003,0.31167445550987505,-0.048385070508789874,0.5804805997067293,0.5511279136263149,0.9337373328689934,0.813769506249102,-0.0994612493326308,0.05299480743957751,0.03258533407754452,0.0032123203123554447,0.006329015449907594,0.003208989103010881
3.56,0.31133705340942897,-0.04815934035291952,0.5809626026132779,0.550133466015692,0.9342675951062487,0.8140955185627498,-0.09942784655818987,0.053057411058248495,0.0326169809191801,0.0034680604781470023,0.0061916435987894505,0.0031203494840888746
3.5700000000000003,0.31099938905448005,-0.04793425572716442,0.5814449801713195,0.5491393652023902,0.9347984765046505,0.8144218429098755,-0.0993918916137523,0.05311863902624441,0.03264774047912172,0.0037227534458311243,0.00605388615593032,0.0030315334342001874
3.58,0.3106614715448577,-0.04770982343028296,0.581927719407572,0.5481456366556637,0.9353299632884968,0.8147484704089081,-0.09935339499691387,0.05317848751292485,0.03267761101317913,0.003976394128491826,0.005915748181322022,0.0029425449792185063
3.59,0.3103233099837873,-0.04748605017814761,0.5824108073328903,0.5471523057395405,0.9358620416440327,0.8150753921610354,-0.0993123672550622,0.05323695273838715,0.0327065908174803,0.004228977654332179,0.0057772347625215225,0.0028533881568882976
3.6,0.30998491347748436,-0.04726294260353081,0.5828942309427901,0.5461593977123341,0.9363946977199586,0.8154025992506091,-0.09926881898323626,0.053294030973742364,0.032734678228589366,0.004480499364487363,0.005638351014766745,0.0027640670166844293
3.61,0.3096462911347546,-0.04704050725590364,0.5833779772179751,0.5451669377261785,0.9369279176279429,0.8157300827455491,-0.09922276082200841,0.05334971854139296,0.032761871623623345,0.004730954810800501,0.00549910208108911,0.002674585619669628
3.62,0.30930745206659627,-0.046818750601246295,0.5838620331248602,0.5441749508265833,0.937461687443135,0.8160578336977494,-0.09917420345538837,0.05340401181531109,0.032788169420367164,0.004980339753561447,0.0053594931324228426,0.0025849480383498694
3.63,0.3089684053858057,-0.04659767902186873,0.5843463856161003,0.5431834619520087,0.9379959932046834,0.8163858431434863,-0.09912315760875025,0.05345690722131816,0.032813570077387444,0.005228650159209578,0.005219529367711,0.0024951583565276923
3.64,0.3086291602065882,-0.04637729881624619,0.5848310216311159,0.5421924959334633,0.9385308209162556,0.8167141021038252,-0.09906963404678272,0.05350840123736552,0.03283807209414464,0.0054758821980012765,0.005079216014008183,0.0024052206691534913
3.65,0.3082897256553347,-0.046157616205105,0.5853159280984556,0.54120207751605,0.9390661565509224,0.8170426015874975,-0.09901363686060052,0.0535584917289472,0.032861674765661375,0.005723401762929164,0.004938830793878258,0.0023152930687177172
3.66,0.30795011090652824,-0.0459386373515015,0.5858010919423002,0.5402122314298035,0.9396019860658502,0.8173713325993158,-0.09895516961265413,0.05360717672644958,0.032884377491483534,0.005969867332674511,0.004798112776461158,0.0022252292193145973
3.67,0.30761032514778497,-0.045720368341217954,0.5862865000773226,0.5392229823212507,0.9401382953892812,0.8177002861329293,-0.09889424312973129,0.053654452874617724,0.03290617889933434,0.006215248173564268,0.004657061802376178,0.0021350301562580074
3.68,0.30727037756694797,-0.04550281517561561,0.5867721394071594,0.5382343547284474,0.9406750704161614,0.8180294531684658,-0.09883086827634029,0.053700316870192236,0.032927077657548785,0.006459540873579682,0.00451568313776983,0.002044699975564378
3.69,0.3069302773516983,-0.04528598377151216,0.5872579968249375,0.5372463730806368,0.9412122970086688,0.8183588246729415,-0.09876505595015614,0.05374476546271635,0.032947072475473155,0.006702742210923635,0.004373982077080027,0.001954242783465424
3.7,0.3065900336891695,-0.04506987996107381,0.5877440592138025,0.536259061697927,0.9417499609967417,0.8186883916006713,-0.09869681708013124,0.053787795454819785,0.03296616210356661,0.006944849151593558,0.004231963943138952,0.0018636626962596952
3.71,0.306249655765564,-0.04485450949171732,0.5882303134474466,0.5352724447909887,0.9422880481786112,0.8190181448936811,-0.09862616262462906,0.05382940370250289,0.03298434533350097,0.007185858846923812,0.004089634087272838,0.001772963840162631
3.72,0.30590915276577607,-0.044639878026021595,0.5887167463906359,0.534286546460769,0.9428265443213366,0.8193480754821195,-0.09855310356958337,0.053869587115422064,0.03300162099825911,0.007425768631099177,0.003946997889398433,0.0016821503511550142
3.73,0.3055685338730162,-0.0444259911416528,0.5892033448997426,0.5333013906982259,0.9433654351613431,0.8196781742846724,-0.09847765092668227,0.05390834265717629,0.03301798797223195,0.0076645760186406665,0.003804060758115838,0.0015912263748296697
3.74,0.30522780826843954,-0.0442128543312984,0.5896900958232727,0.5323170013840786,0.943904706404963,0.8200084322089766,-0.09839981573157773,0.05394566734559439,0.03303344517131378,0.007902278701863026,0.0036608281307983345,0.0015001960662368757
3.75,0.30488698513452533,-0.04400047300467769,0.5901769860030293,0.5313334022958924,0.944444343730458,0.8203388401528601,-0.098319605866866,0.053981558895063696,0.03304799191076962,0.008139793534700207,0.0035174912939574714,0.0014091671370673224
3.7600000000000002,0.30454607369090436,-0.0437888525083962,0.5906640022807603,0.5303506171784884,0.9449843328028464,0.8206693890127162,-0.09823702291667831,0.054016016352473474,0.03306162825954244,0.008376611847025633,0.0033739532852684042,0.0013180866669323906
3.77,0.3042050831783476,-0.043577998117161565,0.5911511314960631,0.5293686697130277,0.9455246592682411,0.8210000696804587,-0.09815207732653804,0.05404903703181502,0.03307435333200485,0.008612321181135472,0.0032301365913335904,0.0012269125660639933
3.7800000000000002,0.3038640228346683,-0.04336791502064091,0.5916383604829134,0.5283875834704269,0.9460653087450183,0.8213308730387121,-0.09806478019627336,0.054080618173615,0.03308616621259643,0.008846919555390253,0.0030860466928216376,0.001135648985295893
3.79,0.30352290189401665,-0.0431586083232563,0.5921256760701396,0.5274073819105086,0.9466062668242338,0.821661789961153,-0.09797514264470603,0.054110757073352035,0.03309706602730827,0.009080405152287228,0.002941689099459163,0.0010443000840619269
3.8000000000000003,0.30318172958651185,-0.042950083044173415,0.5926130650819523,0.5264280883818181,0.9471475190701747,0.8219928113129261,-0.09788317580802294,0.054139451081747655,0.033107051943768125,0.009312776315866852,0.0027970693501200936,0.0009528700302443697
3.81,0.30284051513787774,-0.04274234411730027,0.593100514338476,0.5254497261214601,0.9476890510209123,0.8223239279510608,-0.09778889083817387,0.054166697605058274,0.03311612317132422,0.009544031549097541,0.0026521930129113427,0.0008613630000210066
3.8200000000000003,0.30249926776908037,-0.04253539639129683,0.5935880106562804,0.5244723182549463,0.9482308481888595,0.8226551307248888,-0.09769229890129505,0.0541924941053678,0.03312427896112737,0.009774169511238348,0.002507065685255397,0.00076978317771128
3.83,0.30215799669597254,-0.04232924462959542,0.5940755408489133,0.523495887796063,0.9487728960613306,0.8229864104764629,-0.09759341117615983,0.054216838100881314,0.03313151860621163,0.010003189015181864,0.002361692993968979,0.0006781347556210696
3.84,0.30181671112893793,-0.042123893510430055,0.5945630917274328,0.5225204576467519,0.9493151801011036,0.823317758040976,-0.09749223885265573,0.054239727166219436,0.033137841441573467,0.010231089024776477,0.0022160805953386977,0.000586421933886714
3.85,0.30147542027340596,-0.04191934762734706,0.5950506501010909,0.5215460505986845,0.9498576857473313,0.8236491642473703,-0.09738879196296465,0.05426115917315359,0.033143246976165074,0.01045841017859279,0.002070345716606229,0.0004947101167285695
3.86,0.30113413335680905,-0.04171561150405467,0.5955382027826176,0.5205726893861451,0.9504003984270218,0.8239806199247454,-0.09728307235417445,0.05428113373807255,0.03314773568695036,0.010685324618346002,0.0019245296831667423,0.0004030230566218672
3.87,0.3007928596338506,-0.041512689597417884,0.5960257365897437,0.5196003966967154,0.9509433035578253,0.8243121159039943,-0.09717508921131422,0.05429964902460998,0.03315130726460083,0.010911116847834065,0.0017784909886303373,0.0003112841877491113
3.88,0.3004516083544619,-0.04131058628026135,0.5965132383402332,0.5186291951096125,0.9514863865359194,0.824643643011265,-0.09706485376059736,0.05431670283465456,0.033153961211980366,0.011135786068037072,0.0016322353379086523,0.0002194977016166737
3.89,0.3001103887614608,-0.041109305840361376,0.5970006948520713,0.5176591070917521,0.9520296327357872,0.8249751920679443,-0.09695237723553773,0.05433229302729338,0.03315569707390342,0.01135933161745853,0.001485768465753979,0.00012766779679216142
3.9,0.2997692100902009,-0.04090885248052678,0.5974880929439985,0.5166901549976851,0.9525730275107894,0.8253067538910765,-0.09683767087558773,0.054346417519110464,0.033156514437204763,0.011581752969437132,0.0013390961368327891,3.579867875359464e-05
3.91,0.29942808156822287,-0.040709230318688616,0.597975419436043,0.5157223610695435,0.9531165561937416,0.8256383192937847,-0.09672074592480333,0.05435907428448633,0.03315641293080785,0.011803049729444196,0.0011922241457954293,-5.610544026229578e-05
3.92,0.2990870124149083,-0.040510443388000916,0.598462661150056,0.5147557474370009,0.9536602040974929,0.8259698790856925,-0.0966016136305366,0.05437026135589834,0.03315539222579172,0.012023221632367149,0.00104515831734222,-0.00014804034141244866
3.93,0.29874601184113825,-0.040312495636949386,0.5989498049102472,0.5137903361172466,0.9542039565155095,0.8263014240733448,-0.09648028524215474,0.05437997682422112,0.03315345203545609,0.01224226853977943,0.0008979045062859443,-0.00024000179940047268
3.94,0.298405089048954,-0.04011539092947114,0.5994368375437198,0.512826149014971,0.9547477987224591,0.8266329450606311,-0.09635677200978769,0.05438821883902858,0.03315059211538551,0.012460190437198851,0.0007504685976103551,-0.00033198558263047026
3.95,0.298064253231273,-0.03991913304510958,0.5999237458810165,0.5118632079224634,0.9552917159748209,0.8269644328492195,-0.09623108501077719,0.054394985645140274,0.03314681228305996,0.012677188871964767,0.0006028988755140759,-0.00042396460158763115
3.96,0.29772351358763627,-0.039723725687744904,0.6004105167595428,0.5109015345506358,0.9558356935180001,0.8272958782424992,-0.096103227940525,0.05440027709897246,0.0331421132355984,0.01289403739457334,0.00045536393893593516,-0.000515846885174051
3.97,0.29738287934679825,-0.03952917249791188,0.6008971370282257,0.5099411505731588,0.9563797165962002,0.8276272720510082,-0.09597320801846508,0.054404092374743175,0.03313649531249312,0.013109759247167514,0.00030766425062391184,-0.0006077390275810974
3.98,0.29704235973312765,-0.03933547703508433,0.6013835935420935,0.5089820775622186,0.956923770439502,0.8279586050855672,-0.09584103651070038,0.05440642985460843,0.03312995843624823,0.013324354567829787,0.0001598057503871069,-0.0006996368093599894
3.99,0.2967019639604747,-0.03914264277473056,0.6018698731617718,0.5080243369773495,0.9574678402621052,0.8282898681564337,-0.09570672468139663,0.05440728798027575,0.03312250257159095,0.013537823605630536,1.1794408635992099e-05,-0.0007915360054347516
4.0,0.29636170123183214,-0.03895067310847666,0.6023559627540195,0.5070679501654581,0.9580119112629254,0.8286210520737232,-0.09557028379168453,0.054406665253309575,0.03311412772552647,0.013750166717910954,-0.00013636377356287047,-0.0008834323852487028
4.01,0.29602158073900187,-0.038759571344284094,0.6028418491922665,0.5061129383608599,0.9585559686261949,0.8289521476478325,-0.09543172509859194,0.05440456023543882,0.03310483394739257,0.013961384367560475,-0.0002846627644367697,-0.0009753217129118407
4.0200000000000005,0.29568161166226226,-0.03856934070663148,0.6033275193571493,0.5051593226853242,0.959099997522065,0.829283145689865,-0.09529105985400103,0.05440097154886366,0.03309462132891182,0.014171477120285318,-0.00043309650145995776,-0.0010671997473480585
4.03,0.2953418031700392,-0.03837998433670714,0.6038129601370508,0.5042071241481316,0.959643983107213,0.8296140370120522,-0.09514829930363429,0.054395897876563494,0.03308349000424291,0.014380445641872667,-0.0005816588913115663,-0.001159062242443215
4.04,0.2950021644185812,-0.038191505292611616,0.6042981584286362,0.503256363646141,0.9601879105254507,0.8299448124281801,-0.09500345468606734,0.05438933796260503,0.03307144015003021,0.014588290695447785,-0.0007303438098366479,-0.0012509049471929373
4.05,0.2946627045516348,-0.038003906549566646,0.6047831011373941,0.5023070619638652,0.9607317649083376,0.8302754627540135,-0.09485653723176993,0.05438129061245119,0.0330584719854522,0.01479501313872725,-0.0008791451020116856,-0.0013427236058509533
4.0600000000000005,0.29432343270664435,-0.037817191003566064,0.6052677751793861,0.5013592397860536,0.9612755313784872,0.8306059788091469,-0.0947075539107963,0.0543717556086944,0.03304458625688423,0.015001577790868768,-0.0010278490371443726,-0.0014344040860280517
4.07,0.2939843580451794,-0.0376313614877542,0.605752167487501,0.5004129177566802,0.961819195062866,0.8309363514241429,-0.0945565093478012,0.05436073329882297,0.033029784019548,0.015207147452137488,-0.0011766298916723347,-0.0015260376742133772
4.08,0.2936454897284962,-0.03744642075985766,0.6062362650075288,0.49946811643268774,0.9623627410834338,0.8312665714356745,-0.09440341470743638,0.05434822268209584,0.033014065624602754,0.01541159341139775,-0.001325509374695825,-0.0016176349014181337
4.09,0.29330683690397497,-0.0372623714954326,0.6067200546962419,0.49852485625868,0.9629061545522941,0.8315966296840541,-0.09424828122218289,0.05433422280328732,0.03299743145685759,0.015614916590487561,-0.0014744812691845277,-0.0017091915270948214
4.1,0.2929684087047786,-0.037079216288101235,0.6072035235219324,0.4975831575669832,0.9634494205723093,0.8319265170136549,-0.09409112011488867,0.0543187327694983,0.03297988194354792,0.015817117993634163,-0.0016235393267861917,-0.0018007033065167931
4.11,0.2926302142495291,-0.03689695764980494,0.607686658464951,0.4966430405777464,0.9639925242377263,0.8322562242733342,-0.09393194259795863,0.05430175175046998,0.032961417554376836,0.016018198704769886,-0.0017726772677996998,-0.0018921659909182128
4.12,0.2922922626419878,-0.0367155980110645,0.6081694465182456,0.49570452539905085,0.9645354506348033,0.8325857423168589,-0.09377075987257162,0.05428327897889764,0.03294203880155474,0.016218159884847504,-0.0019218887811523464,-0.0019835753276340015
4.13,0.29195456297073674,-0.03653513972124883,0.6086518746879028,0.49476763202702456,0.9650781848424418,0.8329150620033309,-0.09360758312792235,0.054263313750743926,0.03292174623983749,0.01641700276915522,-0.002071167524381315,-0.002074927060239721
4.14,0.2916171243088633,-0.036355585048852,0.609133929993689,0.49383238034596677,0.9656207119328208,0.8332441741976124,-0.09344242354049237,0.0542418554255532,0.03290054046656343,0.01661472866463344,-0.002220507123619638,-0.002166216928691538
4.15,0.2912799557136476,-0.03617693618177775,0.60961559946959,0.4928987901284787,0.9661630169720338,0.8335730697707522,-0.09327529227334666,0.05421890342676556,0.032878422121688844,0.016811338947192195,-0.0023699011735860854,-0.0022574406694658698
4.16,0.29094306622758603,-0.03599919522832473,0.6100968701646121,0.4919668810381441,0.9667050850212915,0.8339017396007031,-0.09310619904387124,0.05419445755845431,0.03285539205197613,0.017007372099831827,-0.002519224535634133,-0.0023485324355224414
4.17,0.2906064649031507,-0.035822364230483905,0.6105777291481549,0.49103667267741885,0.9672469011481187,0.8342301745782246,-0.09293514745591094,0.054168519037231896,0.032831451846195445,0.017202759283347465,-0.0026684862899792063,-0.0024394960229601123
4.18,0.2902701608001912,-0.035646445162969664,0.6110581635101237,0.4901081845833171,0.9677884504260148,0.8345583656067961,-0.09276214758017043,0.05414108771178535,0.03280660239254408,0.017397029879027436,-0.0028177843040720235,-0.0025303813021454076
4.19,0.2899341629622158,-0.03547143992134161,0.6115381603569662,0.4891814361829097,0.9683297179252323,0.8348863035979255,-0.0925872105757345,0.05411216325186204,0.03278084449533522,0.017590185255430893,-0.0029671121036480386,-0.0026211840264380843
4.2,0.28959848041517544,-0.03529735032185377,0.6120177068120402,0.4882564467917461,0.9688706887130454,0.8352139794713755,-0.09241034758771155,0.05408174539211101,0.03275417900136353,0.0177822268387745,-0.003116463182590161,-0.002711899946178929
4.21,0.2892631221671499,-0.035124178101777814,0.612496790016155,0.4873332356139972,0.9694113478544006,0.8355413841555898,-0.09223156974667068,0.05404983393240198,0.032726606799934964,0.01797315611034136,-0.003265831002930377,-0.0028025248088206986
4.22,0.2889280972080358,-0.034951924919734034,0.6129753971281142,0.48641182174260283,0.9699516804125707,0.8358685085881175,-0.09205088816810357,0.05401642873814352,0.03269812882289481,0.018162974603894065,-0.0034152089948553625,-0.00289305435905842
4.23,0.28859341450923753,-0.034780592356030426,0.613453515325257,0.48549222415942533,0.970491671449812,0.836195343716039,-0.09186831395191257,0.053981529740601567,0.03266874604465465,0.018351683903094714,-0.0035645905567171766,-0.002983484338959722
4.24,0.2882590830233593,-0.03461018191300719,0.6139311318040015,0.4845744617354087,0.9710313060280228,0.8365218804963919,-0.09168385818192452,0.053945136937217426,0.032638459482217906,0.018539285638930536,-0.0037139690550479837,-0.0030738104880944786
4.25,0.2879251116838998,-0.03444069501538982,0.6144082337803891,0.4836585532307401,0.9715705692094091,0.8368481098965967,-0.09149753192543071,0.0539072503919264,0.03260727019520439,0.018725781487148225,-0.0038633378245802427,-0.0031640285436646365
4.26,0.28759150940495587,-0.034272133010651296,0.6148848084906293,0.48274451729503115,0.9721094460571528,0.8371740228948849,-0.09130934619279799,0.053867870244565595,0.03257517929048694,0.018911258969017755,-0.004012670645864771,-0.0032541243320306306
4.2700000000000005,0.28725828509146534,-0.034104497174774095,0.6153608431937581,0.4818323724874554,0.9726479216406239,0.8374996104830309,-0.09111930664364887,0.05382699791557549,0.032542188533498606,0.01909646620882008,-0.004161790972990268,-0.003344007395314316
4.28,0.28692544766024514,-0.03393778872349118,0.6158363251764649,0.4809221373172747,0.9731859810452345,0.8378248636714386,-0.0909274205590299,0.05378463451988671,0.03250829954305981,0.01928056632737641,-0.004310882864776726,-0.003433770314790464
4.29,0.28659300601358995,-0.033772008799243025,0.6163112417484162,0.4800138301945138,0.9737236093618519,0.8381497734838514,-0.09073369900216134,0.05374078037553087,0.03247351354183197,0.0194635609290801,-0.004459939580215084,-0.0035234088454462378
4.3,0.2862609690329074,-0.03360715846845247,0.6167855802415823,0.47910746941864696,0.9742607916848608,0.8384743309564517,-0.09053815302004502,0.05369543586811056,0.032437831794936756,0.019645451652795985,-0.004608954346115192,-0.003612918740263044
4.3100000000000005,0.2859293455784103,-0.03344323872191407,0.6172593280107843,0.4782030731787603,0.9747975131128412,0.8387985271382852,-0.09034079364313231,0.05364860145112122,0.032401255609975636,0.019826240169407403,-0.0047579203571407385,-0.003702295750336799
4.32,0.2855981444888125,-0.03328025047518751,0.6177324724342355,0.47730065955371975,0.9753337587492493,0.8391223530916866,-0.09014163188501528,0.05360027764627185,0.032363786337047847,0.02000592817937273,-0.004906830775848696,-0.003791535624997483
4.33,0.2852673745810236,-0.033118194568999226,0.6182050009140871,0.47640024651234053,0.9758695137031004,0.8394457998927037,-0.08994067874214429,0.05355046504380668,0.032325425368767896,0.02018451741029452,-0.005055678732734251,-0.0038806341119285515
4.34,0.2849370446498487,-0.03295707176964918,0.6186769008769727,0.47550185191356065,0.9764047630896561,0.8397688586315232,-0.08973794519356769,0.053499164302824795,0.032286174140281065,0.02036200961449856,-0.005204457326280049,-0.003969586957285414
4.3500000000000005,0.28460716346768694,-0.03279688276942544,0.6191481597745544,0.47460549350661496,0.9769394920311149,0.8400915204128961,-0.08953344220069692,0.05344637615160033,0.03224603412927819,0.020538406566626526,-0.005353159623011042,-0.0040583899058137755
4.36,0.284277739784234,-0.03263762818702376,0.6196187650840673,0.47371118893121367,0.9774736856573054,0.8404137763565633,-0.08932718070709553,0.0533921013879017,0.03220500685600926,0.020713710061240398,-0.005501778657553802,-0.004147038700967091
4.37,0.2839487823272725,-0.0324793085685216,0.6200887043090942,0.4728189557197699,0.9780073291068633,0.8407356175979187,-0.08911917047593813,0.05333634115234693,0.03216309401865427,0.02088836149360157,-0.005650204174727405,-0.0042354778946256605
4.38,0.2836202998232198,-0.03232192439831838,0.6205579649844722,0.47192881133679165,0.978540407537143,0.8410570352930031,-0.08890941620589449,0.05327909784106105,0.03212029794562899,0.021062309806350335,-0.005798441568147442,-0.004323709386536463
4.39,0.2832923009950645,-0.03216547609861431,0.6210265346764763,0.47104077317566556,0.9790729061241208,0.8413780206185327,-0.08869792793123416,0.053220372662978445,0.03207662038446417,0.02123516269265136,-0.0059465763621650665,-0.004411774816227344
4.4,0.2829647945423528,-0.03200996401987238,0.6214944009792482,0.4701548585216939,0.979604810054376,0.841698564768,-0.0884847165979297,0.05316016667930416,0.03203206301697307,0.021406921812853568,-0.0060946015091907346,-0.004499669945297523
4.41,0.28263778914010984,-0.03185538844087343,0.6219615515151788,0.4692710845508028,0.9801361045254531,0.8420186589519272,-0.08826979313529422,0.05309848102188018,0.03198662756735827,0.021577588838178747,-0.006242509929470258,-0.004587390534315584
4.42,0.28231129343854,-0.03170174956916727,0.6224279739354543,0.46838946832970874,0.9806667747465694,0.8423382943982907,-0.0880531684558836,0.05303531689350646,0.031940315802221335,0.021747165448460143,-0.006390294511164013,-0.004674932342927952
4.43,0.28198531606272514,-0.03154904754152843,0.6228936559206021,0.46751002681608683,0.9811968059393257,0.842657462352945,-0.0878348534554216,0.052970675568261426,0.03189312953057153,0.0219156533298955,-0.006537948110430805,-0.004762291129966362
4.44,0.2816598656123275,-0.031397282424420025,0.6233585851810381,0.46663277685873916,0.9817261833384225,0.8429761540800471,-0.08761485901274761,0.052904558391821586,0.031845070603833445,0.02208305417281627,-0.006685463551517187,-0.004849462653554782
4.45,0.2813349506612916,-0.031246454214461372,0.623822749457612,0.46575773519776437,0.9822548921923754,0.8432943608624796,-0.08739319598978622,0.05283696678178011,0.031796140915853505,0.022249369669473343,-0.006832833626852242,-0.004936442671215732
4.46,0.2810105797575482,-0.031096562838901054,0.6242861365221564,0.464884918464726,0.9827829177642373,0.8436120740022761,-0.08716987523153898,0.05276790222796455,0.03174634240290546,0.022414601511839088,-0.006980051097147385,-0.0050232269399757565
4.47,0.2806867614227194,-0.030947608156095707,0.6247487341780333,0.46401434318282253,0.9833102453323219,0.8439292848210455,-0.08694490756609821,0.05269736629275348,0.03169567704369485,0.022578751389427318,-0.007127108691501844,-0.0051098112164703795
4.48,0.2803635041552426,-0.030799589957695772,0.62521053026143,0.4631460257734464,0.9838368601924853,0.8442459846611465,-0.08671830141429136,0.05262536119287804,0.031644147140464166,0.022742416606520356,-0.007273854217307052,-0.005196121214265123
4.49,0.2800408164517033,-0.030652507979877675,0.6256715126466394,0.462279982596774,0.9843627476686885,0.8445621648908671,-0.08649006270862304,0.05255188981946819,0.03159175532853391,0.022905143566296443,-0.007420391090830713,-0.005282206228285925
4.5,0.2797187067923979,-0.03050636189673972,0.6261316692435225,0.46141622992541664,0.9848878931072821,0.8448778169017298,-0.08626020215966759,0.05247695397076466,0.03153850372181066,0.02306678551515111,-0.00756674805231675,-0.005368079468628931
4.51,0.2793971836298156,-0.030361151315200896,0.6265909879956032,0.46055478392358123,0.9854122818726311,0.8451929321064456,-0.08602873061001327,0.052400555482652995,0.03148439445915893,0.02322734395572031,-0.007712917743423858,-0.005453736709695544
4.5200000000000005,0.2790762553882884,-0.03021687577547688,0.627049456880603,0.4596956606471249,0.9859358993478275,0.8455075019393257,-0.08579565888727128,0.05232269626476079,0.03142942972170038,0.023386820380454282,-0.007858892774098259,-0.0055391737256671415
4.53,0.27875593046369185,-0.030073534751585196,0.6275070639109905,0.4588388760437022,0.9864587309354308,0.8458215178567036,-0.085560997804188,0.052243378300774454,0.031373611732815714,0.02354521626958461,-0.008004665722702453,-0.005624386290601043
4.54,0.2784362172231476,-0.02993112765185585,0.6279637971345277,0.45798444595291393,0.9869807620582081,0.8461349713373579,-0.08532475815877655,0.052162603648753844,0.0313169427581451,0.023702533089109752,-0.008150229136149153,-0.005709370178525472
4.55,0.2781171240047274,-0.029789653819447814,0.6284196446348178,0.4571323861064546,0.9875019781598801,0.8464478538829354,-0.08508695073446977,0.05208037444144646,0.03125942510558824,0.02385877228880129,-0.008295575530041273,-0.0057941211635340675
4.5600000000000005,0.27779865911715657,-0.02964911253286845,0.6288745945318551,0.45628271212825583,0.9880223647058701,0.8467601570183726,-0.08484758630029245,0.05199669288659993,0.03120106112530331,0.024013935300229397,-0.008440697388817094,-0.005878635019879376
4.57,0.2774808308395196,-0.029509503006498128,0.6293286349825724,0.4554354395346307,0.9885419071840554,0.8470718722923192,-0.08460667561105219,0.0519115612672723,0.03114185320970455,0.024168023534808562,-0.008585587165901054,-0.005962907522065532
4.58,0.277163647420966,-0.02937082439111982,0.6297817541813909,0.4545905837344143,0.989060591105521,0.8473829912775599,-0.08436422940755196,0.051824981942142204,0.031081803793459723,0.024321038381864862,-0.008730237283860331,-0.006046934444940302
4.59,0.27684711708430965,-0.02923307577636397,0.6302339403616624,0.45374816003633606,0.9895784020071473,0.8476935055722982,-0.08412025592555337,0.05173695797541458,0.031020915649790728,0.02447355267079688,-0.008874495712819105,-0.0061306435953167255
4.6000000000000005,0.2765312480447989,-0.02909625620059003,0.6306851818005943,0.4529081836845576,0.9900953254613148,0.8480034068047886,-0.08387476189515891,0.05164749288462404,0.030959191771634576,0.024625073678757874,-0.009018479674704658,-0.006214089511500989
4.61,0.2762160484949756,-0.028960364644088743,0.6311354668163984,0.4520706698311655,0.9906113470696852,0.8483126866304714,-0.08362775804460003,0.0515565892500767,0.030896634717063304,0.02477551689925634,-0.009162203188674712,-0.006297278176906174
4.62,0.27590152659587863,-0.028825400025440873,0.6315847837668925,0.4512356335204914,0.9911264524599713,0.8486213367305157,-0.08337925514592882,0.051464249714567895,0.03083324707962691,0.02492488349226807,-0.0093056585863964,-0.006380205383177159
4.63,0.2755876904767329,-0.028691361202060617,0.632033121050043,0.45040308968920395,0.991640627286697,0.8489293488122353,-0.08312926395973802,0.05137047699772988,0.030769031494956713,0.025073174589306867,-0.009448838168793931,-0.00646286692239564
4.64,0.2752745482346498,-0.028558246970746826,0.6324804671045159,0.4495730531664223,0.9921538572319687,0.8492367146095117,-0.08287779523545476,0.05127527389633849,0.030703990640760556,0.025220391291646983,-0.009591734206232123,-0.006545258587163863
4.65,0.2749621079343306,-0.028426056068239614,0.6329268104102252,0.44874553867382544,0.9926661280062474,0.8495434258832133,-0.08262485971165266,0.051178643284618394,0.030638127236817636,0.025366534668567704,-0.009734338938705673,-0.006627376170687568
4.66,0.2746503776077689,-0.028294787171779245,0.6333721394888818,0.4479205608257596,0.9931774253491248,0.8498494744216171,-0.0823704681163791,0.05108058811454492,0.03057144404497143,0.025511605755619747,-0.009876644576034127,-0.006709215466858
4.67,0.2743393652539543,-0.028164438899671407,0.6338164429045424,0.4470981341293423,0.9936877350301018,0.8501548520408281,-0.08211463116750206,0.050981111416145426,0.030503943869122904,0.02565560555291504,-0.010018643298062718,-0.00679077227033322
4.68,0.2740290788385757,-0.028035009811852862,0.6342597092641614,0.4462782729845606,0.9941970428493724,0.8504595505852012,-0.08185735957307234,0.050880216297797744,0.030435629555222152,0.025798535023438388,-0.010160327254868533,-0.006872042376618249
4.69,0.2737195262937261,-0.027906498410463443,0.6347019272181381,0.44546099168436953,0.994705334638606,0.850763561927761,-0.08159866403170407,0.05077790594652714,0.030366503991259848,0.025940395091383968,-0.010301688566973156,-0.006953021582144882
4.7,0.27341071551928453,-0.027778903141234212,0.6351430854612741,0.44464630441788094,0.9952125962625535,0.8510668779709949,-0.0813385538799508,0.05067418398472499,0.03029657027029141,0.026081580303509894,-0.010442615623168531,-0.007033658249262413
4.71,0.2731026543990407,-0.02765222240201648,0.6355831727372857,0.4438342253007526,0.9957188136278193,0.8513694906509255,-0.08107703572837441,0.050569054829850225,0.030225831854826014,0.026221870725796896,-0.010583158644333795,-0.007113974779234803
4.72,0.2727953507930886,-0.027526454539779366,0.6360221778375961,0.44302476836173543,0.9962239726800892,0.8516713919358988,-0.08081412005000067,0.05046252195923907,0.030154291782979677,0.026361085776947325,-0.010723357444303151,-0.007193988827354829
4.73,0.2724888125264811,-0.027401597845821024,0.6364600895992196,0.44221794752233995,0.9967280593995496,0.851972573824545,-0.08054981759519352,0.0503545888549369,0.030081953100512423,0.026499226119217685,-0.010863204051477015,-0.0072736962054544664
4.74,0.2721830473887688,-0.02727765055628001,0.636896896905272,0.44141377659660574,0.9972310598016064,0.852273028346161,-0.08028413910791275,0.050245259078851565,0.03000881889506147,0.02663629237104358,-0.011002690465072176,-0.007353092726322187
4.75,0.2718780631336989,-0.02715461085272247,0.6373325886855215,0.44061226929116265,0.9977329599376854,0.85257274756113,-0.08001709532615855,0.05013453627304327,0.029934892296130812,0.02677228510553393,-0.01114180865536461,-0.007432174203775504
4.76,0.27157386747891626,-0.027032476862735022,0.6377671539169365,0.43981343920528837,0.9982337458960345,0.8528717235613388,-0.07974869698243336,0.05002242416001345,0.02986017647508104,0.026907204848988387,-0.011280550563937338,-0.007510936452732248
4.7700000000000005,0.27127046810566297,-0.02691124666052186,0.6382005816242373,0.4390172998309619,0.99873340380253,0.8531699484705972,-0.0794789548042166,0.04990892654298997,0.029784674645117665,0.027041052079439278,-0.011418908103934583,-0.007589375289281228
4.78,0.27096787265847877,-0.026790918267501573,0.6386328608804449,0.43822386455290885,0.999231919821486,0.8534674144450569,-0.07920787951445454,0.049794047306210384,0.02970839006127917,0.02717382722521737,-0.011556873160321396,-0.007667486530751905
4.79,0.27066608874490206,-0.026671489652908775,0.6390639808074323,0.4374331466486477,0.9997292801564643,0.8537641136736281,-0.07893548183206453,0.04967779041520229,0.029631326020424214,0.027305530663542934,-0.011694437590149468,-0.007745265995783412
4.8,0.2703651239351699,-0.026552958734399223,0.6394939305764739,0.4366451592885248,1.0002254710510905,0.8540600383783995,-0.07866177247245339,0.04956015991706146,0.02955348586121837,0.027436162719140515,-0.011831593222828118,-0.007822709504392386
4.8100000000000005,0.27006498576195026,-0.02643532337867016,0.6399226994088049,0.4358599155358063,1.0007204787898853,0.854355180815062,-0.0783867620566923,0.04944115996589873,0.029474872975293043,0.027565818757617787,-0.01196830565792898,-0.007899801247491395
4.82,0.26976568172748205,-0.026318581405632924,0.6403502765780658,0.43507742836034496,1.0012142897028442,0.8546495332749958,-0.07811045806835135,0.049320795661779035,0.029395491179491563,0.027694799058041383,-0.012104483990730714,-0.007976500348842964
4.83,0.2694672193126644,-0.026202730593498536,0.6407766514132459,0.4342977106557976,1.0017068901709973,0.8549430880877902,-0.07783286967245175,0.049199071723326875,0.029315344126540716,0.02782270028057274,-0.012240231149810822,-0.008052851982885623
4.84,0.2691696059618535,-0.02608776867222945,0.6412018132954432,0.43352077521228616,1.0021982666196971,0.8552358376183165,-0.07755400765952829,0.049075992503563204,0.02923443531194586,0.027949522464732576,-0.012375538873884456,-0.008128851983375837
4.8500000000000005,0.26887284908017617,-0.02597369332301036,0.6416257516578079,0.432746634712029,1.0026884055182408,0.8555277742666094,-0.07727388282000089,0.048951562438257046,0.029152768272868106,0.02807526559381152,-0.012510398874690604,-0.00820449618543011
4.86,0.26857695603322473,-0.02586050217886765,0.642048455986091,0.43197530172933873,1.0031772933806973,0.8558188904682836,-0.07699250594474309,0.04882578604619383,0.02907034658811044,0.028199929593640854,-0.012644802837295584,-0.008279780425586868
4.87,0.2682819341467527,-0.025748192825287897,0.6424699158191959,0.4312067887306138,1.00366491676674,0.8561091786949495,-0.07670988782566178,0.04869866792943996,0.028987173878102828,0.02832351433138827,-0.012778742420402549,-0.008354700541867622
4.88,0.26798779070637185,-0.025636762800841373,0.6428901207497274,0.43044110807432673,1.0041512622824798,0.8563986314546304,-0.07642603925629099,0.04857021277360568,0.028903253804887608,0.028446019614379273,-0.012912209256666925,-0.008429252373837485
4.89,0.26769453295724627,-0.025526209597807048,0.643309060424543,0.42967827201100334,1.0046363165813037,0.8566872412921774,-0.07614097103239535,0.0484404253481035,0.028818590072103398,0.028567445188942164,-0.013045194953016944,-0.008503431762664486
4.9,0.2674021681037899,-0.025416530662796755,0.6437267245453026,0.4289182926831988,1.005120066364712,0.8569750007896866,-0.07585469395258586,0.048309310506403844,0.02873318642496888,0.028687790739278872,-0.013177691090980208,-0.008577234551178274
4.91,0.26711070330936076,-0.02530772339738585,0.644143102869018,0.42816118212546506,1.0056024983831608,0.8572619025669136,-0.07556721881894682,0.04817687318628757,0.028647046650265913,0.02880705588636114,-0.013309689227015982,-0.008650656583928084
4.92,0.26682014569595597,-0.02519978515874155,0.6445581852086067,0.4274069522643127,1.0060835994369077,0.8575479392816898,-0.07527855643767353,0.04804311841009492,0.02856017457632205,0.028925240186851043,-0.013441180892852577,-0.008723693707239542
4.93,0.2665305023440311,-0.02509271326031326,0.6449719614334719,0.4266556149183926,1.0065633563769218,0.8578331036303655,-0.07498871740786006,0.047908051346251694,0.028472574099346344,0.029042476171873496,-0.013572119113781629,-0.008796325219951048
4.94,0.26624178030031315,-0.024986504976309054,0.6453844214722432,0.4259071818132299,1.0070417561100107,0.8581173883500641,-0.07469770956820225,0.04777167804824975,0.028384249501107475,0.02915891004974757,-0.01370245291569731,-0.00886852871317565
4.95,0.26595398658234715,-0.02488115754460607,0.6457955553146348,0.42516166458998345,1.007518785602222,0.8584007862201944,-0.07440554284222822,0.04763400405358456,0.02829520484628078,0.029274253316475894,-0.013832257022760176,-0.008940335847065528
4.96,0.2656671281658957,-0.024776668161550774,0.6462053530086874,0.4244190747829746,1.0079944318732161,0.8586832900600775,-0.0741122281397182,0.047495034701954514,0.02820544411917017,0.029388505227350946,-0.013961522881052001,-0.009011742479815529
4.97,0.2653812119834092,-0.02467303398201548,0.646613804660989,0.4236794238173868,1.0084686819964794,0.8589648927290845,-0.0738177763782313,0.04735477541871561,0.02811497134548874,0.029501664970957076,-0.014090241912937262,-0.009082744471343766
4.98,0.26509624492371703,-0.02457025212003966,0.6470209004372254,0.4229427230091875,1.0089415231001797,0.8592455871270511,-0.07352219848377914,0.04721323171511782,0.02802379059234191,0.029613731668239923,-0.01421840551743396,-0.009153337683343758
4.99,0.26481223383171776,-0.024468319649468495,0.6474266305627296,0.42220898356503855,1.0094129423680287,0.8595253661946902,-0.07322550539150524,0.0470704091885356,0.027931905968208787,0.029724704371600262,-0.01434600507059028,-0.009223517979335977
5.0,0.264529185508069,-0.02436723360459414,0.6478309853230331,0.4214782165822014,1.0098829270401435,0.8598042229140068,-0.07292770804637579,0.04692631352269645,0.02783932162292409,0.029834582064012887,-0.014473031925866514,-0.009293281224718605
5.01,0.2642471067088774,-0.024266990980798597,0.6482339550644137,0.4207504330484368,1.01035146441391,0.8600821503087108,-0.07262881740387796,0.046780950487904586,0.027746041747658923,0.029943363658170897,-0.014599477414522869,-0.009362623286817768
5.0200000000000005,0.26396600414538796,-0.024167588735196255,0.6486355301944491,0.4200256438418939,1.0108185418448525,0.8603591414446305,-0.0723288444307265,0.04663432594126077,0.027652070574901183,0.03005104799565279,-0.014725332846011494,-0.00943154003493641
5.03,0.2636858844836725,-0.024069023787277544,0.6490357011825632,0.4193038597309968,1.0112841467474996,0.8606351894301252,-0.07202780010558012,0.046486445826879066,0.027557412378435904,0.030157633846116135,-0.014850589508374555,-0.009500027340402872
5.04,0.2634067543443188,-0.023971293019554973,0.6494344585605806,0.4185850913743195,1.011748266596259,0.8609102874164991,-0.071725695419763,0.046337316176098015,0.02746207147332423,0.03026311990651482,-0.014975238668647339,-0.009568081076618546
5.05,0.2631286203021178,-0.023874393278206507,0.6498317929232725,0.4178693493204562,1.0122108889262866,0.8611844285984128,-0.07142254137799688,0.04618694310768942,0.027366052215882893,0.03036750480034147,-0.015099271573266298,-0.009635697119104747
5.0600000000000005,0.2628514888887331,-0.02377832137512048,0.6502276949297624,0.41715664401327623,1.0126720013360087,0.8614576062149798,-0.07111834734860704,0.046035333331112115,0.027269359212957152,0.030471123350447254,-0.01522257695880099,-0.009702828704604077
5.07,0.2625753666020081,-0.023683074093036105,0.650622155306825,0.41644698580916695,1.0131315914932975,0.8617298135523846,-0.07081312261576969,0.045882493673844005,0.027171997125161815,0.03057363780409478,-0.015345248507268525,-0.009769514348073034
5.08,0.26230025989608374,-0.023588648181692762,0.6510151648467047,0.4157403849595607,1.0135896471310717,0.8620010439420972,-0.07050687830350608,0.045728430495410886,0.02707397042298355,0.0306750389610276,-0.015467279721854677,-0.009835750895260557
5.09,0.26202617517764853,-0.02349504035686545,0.6514067144066832,0.41503685160455905,1.0140461560462835,0.862271290760497,-0.07019962555314704,0.04557315024328253,0.02697528361795969,0.030775325136118425,-0.015588661773124544,-0.00990153423159521
5.1000000000000005,0.2617531188056234,-0.02340224730101409,0.6517967949096285,0.4143363957727647,1.0145011061008014,0.8625405474292847,-0.06989137552324687,0.04541665945331936,0.026875941262763072,0.030874494569695363,-0.015709385812447154,-0.009966860244551727
5.11,0.26148109709084477,-0.023310265663931407,0.6521853973445456,0.4136390273811062,1.0149544852222954,0.862808807415893,-0.06958213939033246,0.04525896474996261,0.02677594795118158,0.030972545426918702,-0.015829442972436027,-0.010031724823694431
5.12,0.2612101162957477,-0.02321909206339079,0.652572512767126,0.412944756234653,1.0154062814051235,0.8630760642338986,-0.0692719283496566,0.04510007284641878,0.026675308318096495,0.031069475797181965,-0.01594882436739531,-0.010096123860720315
5.13,0.26094018263404906,-0.023128723085796166,0.6529581323002968,0.4122535920264253,1.0158564827112206,0.863342311443432,-0.06896075361595998,0.044939990544841386,0.026574027039461563,0.031165283693536328,-0.016067521093770173,-0.010160053249501252
5.14,0.2606713022704292,-0.023039155286829816,0.6533422471347692,0.411565544337196,1.0163050772709878,0.8636075426515882,-0.06864862642423647,0.04477872473650665,0.026472108832280593,0.031259967052137884,-0.01618552423060191,-0.010223508886125375
5.15,0.2604034813202138,-0.022950385192100298,0.6537248485295911,0.4108806226352831,1.0167520532841865,0.8638717515128379,-0.06833555803050533,0.04461628240198569,0.026369558454585357,0.03135352373171928,-0.016302824839988166,-0.010286486668938149
5.16,0.26013672584905445,-0.022862409297790875,0.6541059278126939,0.41019883627633563,1.0171973990208305,0.8641349317294371,-0.0680215597125873,0.04445267061131113,0.0262663807054126,0.031445951513083166,-0.016419413967546932,-0.010348982498582274
5.17,0.25987104187260957,-0.022775224071308386,0.6544854763814416,0.40952019450311333,1.017641102822081,0.8643970770518368,-0.06770664277088763,0.0442878965241404,0.026162580424781267,0.03153724809862041,-0.016535282642885854,-0.010410992278037377
5.18,0.25960643535622346,-0.022688825951929226,0.6548634857031831,0.4088447064452551,1.0180831531011467,0.8646581812790934,-0.06739081852395026,0.04412196739159875,0.026058162494346074,0.031627428242653584,-0.01665041635663613,-0.010472509692739827
5.19,0.25934291221769806,-0.02260321135287985,0.6552399473167385,0.4081723811245937,1.018523538345968,0.8649182382599968,-0.06707409676837556,0.04395489105325327,0.025953132037050578,0.03171673217476993,-0.016764727859412246,-0.010533499201732818
5.2,0.25908047833404696,-0.022518376665257078,0.6556148528351051,0.4075032274676043,1.018962247124214,0.8651772418951253,-0.06675648769865448,0.04378667531850982,0.02584749416842109,0.03180489064436086,-0.016878294131878607,-0.010593991277885028
5.21,0.25881913953280117,-0.02243431825477943,0.6559881939434588,0.406837254290112,1.019399268079332,0.8654351861353056,-0.06643800278236922,0.04361732768482612,0.025741253883231768,0.031891901047067336,-0.016991106140741452,-0.010653981832443154
5.22,0.2585589015895179,-0.022351032461424947,0.6563599623990435,0.406174470293135,1.0198345899301966,0.8656920649815159,-0.06611865351353685,0.043446855740064017,0.025634416217132798,0.03197776070006084,-0.01710315483845435,-0.010713466778916004
5.23,0.25829977022745565,-0.02226851560007692,0.6567301500317207,0.4055148840626155,1.0202682014720141,0.8659478724852957,-0.06579845141339707,0.04327526716263036,0.02552698624662795,0.03206246684168043,-0.01721443116371831,-0.010772442033112407
5.24,0.25804175111725086,-0.022186763961167755,0.6570987487445173,0.40485850406914375,1.0207000915772273,0.8662026027491537,-0.06547740803120168,0.0431025697216115,0.025418969089051214,0.03214601663108901,-0.01732492604198453,-0.010830903513177753
5.25,0.2577848498765929,-0.02210577381132145,0.6574657505141738,0.40420533866767466,1.021130249196424,0.8664562499269758,-0.06515553494500831,0.042928771276903636,0.025310369902543386,0.03222840714795246,-0.017434630385962057,-0.010888847139630413
5.26,0.25752907206989867,-0.022025541393996595,0.6578311473916943,0.4035553960972348,1.0215586633592457,0.8667088082244332,-0.06483284376247594,0.042753879779336965,0.025201193886027814,0.032309635392139414,-0.01754353509612889,-0.010946268835397377
5.2700000000000005,0.25727442320798666,-0.02194606293012663,0.6581949315028944,0.40290868448062306,1.0219853231752971,0.8669602718993906,-0.06450934612166628,0.04257790327079669,0.025091446279186802,0.03238969828344278,-0.017651631061247095,-0.01100316452584941
5.28,0.25702090874774985,-0.02186733461876006,0.6585570950489492,0.40226521182410174,1.0224102178350587,0.8672106352623127,-0.06418505369184294,0.04240084988433581,0.024981132362436008,0.03246859266132035,-0.01775890915888087,-0.011059530138835148
5.29,0.25676853409182876,-0.0217893526376981,0.6589176303069416,0.40162498601708224,1.0228333366107953,0.8674598926766721,-0.06385997817427913,0.04222272784428644,0.02487025745690064,0.032546315284659066,-0.01786536025591937,-0.0111153616047154
5.3,0.2565173045882829,-0.02171211314413124,0.6592765296304115,0.4009880148317988,1.0232546688574744,0.8677080385593563,-0.06353413130306221,0.042043545466362534,0.024758826924389316,0.03262286283155678,-0.017970975209101684,-0.01117065485639598
5.3100000000000005,0.2562672255302622,-0.021635612275275884,0.6596337854499024,0.4003543059229778,1.0236742040136768,0.8679550673810738,-0.06320752484590336,0.04186331115775918,0.024646846167368723,0.032698231899126365,-0.018075744865546108,-0.01122540582936053
5.32,0.2560183021558288,-0.021559846149076134,0.6599893902735593,0.3997238668277669,1.0240919316026054,0.868200973666797,-0.06288017041226941,0.041682033483223024,0.024534320654522213,0.032772510707832575,-0.018179628662079672,-0.011279598284958359
5.33,0.25577053965269586,-0.021484810867165194,0.6603433366893238,0.39909670497441657,1.024507841236094,0.8684457519973672,-0.06255207823121749,0.041499721583908536,0.024421256083113123,0.032845726592867545,-0.018282606847294727,-0.011333224060873724
5.34,0.2555239431589338,-0.02141050251596366,0.6606956173658175,0.3984728276837649,1.0249219226161534,0.868689397010145,-0.062223259864678346,0.041316384248664975,0.024307658018790257,0.032917747195338104,-0.01838471431588024,-0.011386296191209821
5.3500000000000005,0.25527851775645016,-0.021336917164458347,0.6610462250508827,0.39785224215784115,1.0253341655321144,0.8689319033979513,-0.06189372728390863,0.04113203023063184,0.024193532018300202,0.032988568815748326,-0.018485941871928296,-0.011438810618238503
5.36,0.255034268470253,-0.02126405086464339,0.6613951525719958,0.3972349554787762,1.025744559861297,0.869173265909377,-0.06156349249755989,0.04094666837494547,0.024078883678954204,0.03305818767455859,-0.018586280312044717,-0.011490763286747774
5.37,0.2547912002681193,-0.02119189965214685,0.6617423928368169,0.3966209746084236,1.0261530955699347,0.8694134793491891,-0.061232567552479654,0.0407603076188112,0.023963718638602874,0.033126599912084206,-0.018685720425902844,-0.011542150144073492
5.38,0.25454931806026215,-0.02112045954685282,0.6620879388337365,0.39601030638797413,1.0265597627140928,0.8696525385787357,-0.06090096453451344,0.04057295699157007,0.023848042575610646,0.03319380158841383,-0.01878425299680103,-0.01159296714013107
5.39,0.25430862669899756,-0.02104972655352333,0.662431783632422,0.3954029575375621,1.0269645514405905,0.8698904385163508,-0.06056869556930712,0.04038462561475952,0.02373186120882969,0.03325978868334486,-0.018881868802221913,-0.01164321022744618
5.4,0.25406913097840944,-0.02097969666241789,0.6627739203843673,0.3947989346558625,1.0273674519879252,0.8701271741377595,-0.06023577282311069,0.04019532270216924,0.02361518029757392,0.03332455709633786,-0.01897855861439486,-0.011692875361185308
5.41,0.25383083563401626,-0.02091036584990813,0.6631143423234358,0.3941982442196826,1.0277684546871915,0.870362740476482,-0.05990220850358103,0.04000505755989025,0.023498005641592115,0.03338810264648791,-0.019074313200860307,-0.011741958499185516
5.42,0.25359374534243345,-0.020841730079094067,0.6634530427664117,0.39360089258354053,1.0281675499630083,0.8705971326242383,-0.05956801486058569,0.03981383958635923,0.023380343081041165,0.03345042107251336,-0.01916912332503642,-0.011790455601983703
5.43,0.25335786472103966,-0.020773785300413627,0.6637900151135436,0.39300688597924416,1.0285647283344401,0.8708303457313517,-0.05923320418700771,0.03962167827239725,0.023262198496459188,0.03351150803276354,-0.01926297974678858,-0.011838362632845743
5.44,0.25312319832763663,-0.020706527452252543,0.6641252528490925,0.3924162305154514,1.0289599804159222,0.8710623750071527,-0.058897788819547305,0.0394285832012416,0.023143577808737565,0.03357135910524074,-0.019355873222999788,-0.011885675557794484
5.45,0.25288975066011443,-0.02063995246155015,0.6644587495418774,0.391828932177233,1.0293532969181833,0.8712932157203823,-0.05856178113952724,0.03923456404857375,0.023024486979093844,0.03362996978764127,-0.019447794508143712,-0.011932390345637619
5.46,0.25265752615611115,-0.020574056244401395,0.6647904988458219,0.3912449968256189,1.029744668649172,0.8715228631995954,-0.05822519357369447,0.03903963058254009,0.022904932009043463,0.03368733549741253,-0.019538734354859814,-0.011978502967995294
5.47,0.25242652919362357,-0.02050883470709225,0.6651204945008315,0.3906644301988194,1.0301340865155948,0.8717513128337926,-0.05788803800308155,0.038843792880125565,0.022784919021183507,0.03374359039000099,-0.019628632775362014,-0.01202399044768292
5.48,0.2521967640956554,-0.020444283748967562,0.6654487303350752,0.3900872379205721,1.0305215415270603,0.8719785600740252,-0.057550325945691316,0.03864706126068562,0.02266445423433435,0.033798610754837685,-0.019717524004026852,-0.012068865003662034
5.49,0.25196823512602984,-0.020380399261265503,0.665775200264194,0.3895134254928633,1.0309070247945196,0.8722046004328703,-0.057212070002658516,0.03844944575765744,0.02254354376618744,0.03385236671493577,-0.019805407948962735,-0.012113126036579219
5.5,0.2517409464866729,-0.02031717712662412,0.666099898291018,0.3889429982912487,1.0312905275296553,0.8724294294842581,-0.05687328284226894,0.0382509564901995,0.022422193772088504,0.033904853409473995,-0.019892275345955147,-0.01215676952385398
5.51,0.2515149023172675,-0.020254613219667206,0.6664228185061113,0.3883759615643569,1.031672041045805,0.872653042863873,-0.05653397718180986,0.038051603670110165,0.022300410447595426,0.03395606589910501,-0.0199781169314125,-0.01219979144568347
5.5200000000000005,0.25129010669491186,-0.02019270340759116,0.6667439550883172,0.38781232043339475,1.0320515567588866,0.8728754362695567,-0.05619416578835375,0.03785139760181788,0.02217820002844999,0.03400599916608026,-0.02006292344295726,-0.012242187785069851
5.53,0.2510665636337791,-0.02013144355074631,0.6670633023053051,0.3872520798916469,1.0324290661883266,0.8730966054617084,-0.05585386147954205,0.03765034868236639,0.02205556879054981,0.03405464811439002,-0.020146685620018593,-0.012283954527847456
5.54,0.25084427708477375,-0.02007082950321648,0.6673808545141151,0.3866952448039642,1.0328045609579855,0.8733165462636875,-0.05551307712436658,0.037448467401393376,0.021932523049919758,0.034102007569918005,-0.020229394204426102,-0.012325087662709738
5.55,0.25062325093518983,-0.020010857113392788,0.6676966061617025,0.3861418199062495,1.03317803279708,0.8735352545622136,-0.055171825643951185,0.037245764341104375,0.021809069162683728,0.03414807228060963,-0.02031103994100403,-0.012365583181235592
5.5600000000000005,0.2504034890083658,-0.019951522224545992,0.6680105517854853,0.3855918098049286,1.033549473541115,0.8737527263077687,-0.05483012001232788,0.03704225017623844,0.021685213525034833,0.034192836916653264,-0.020391613578166087,-0.012405437077915209
5.57,0.2501849950633417,-0.01989282067539394,0.6683226860138869,0.3850452189764205,1.0339188751328034,0.8739689575149959,-0.05448797325721607,0.036837935674030854,0.021560962573207082,0.034236296070675735,-0.020471105868510725,-0.012444645350175604
5.58,0.24996777279451296,-0.01983474830066473,0.6686330035668822,0.38450205176659485,1.0342862296229933,0.8741839442631018,-0.05414539846079503,0.036632831694167,0.02143632278344512,0.03427844425794967,-0.020549507569416512,-0.01248320399840549
5.59,0.24975182583128475,-0.019777300931656527,0.6689414992565416,0.3839623123902239,1.0346515291715914,0.8743976826962547,-0.05380240876047732,0.036426949188732204,0.021311300671974866,0.03431927591661455,-0.020626809443638008,-0.012521109025979976
5.6000000000000005,0.2495371577377257,-0.019720474396793586,0.6692481679875758,0.38342600493042667,1.035014766048487,0.874610169023985,-0.0534590173496787,0.03622029920215477,0.02118590279497339,0.0343587854079097,-0.020703002259901352,-0.012558356439284633
5.61,0.2493237720122206,-0.0196642645221774,0.6695530047578803,0.3828931333381047,1.0353759326344758,0.8748213995215849,-0.05311523747858679,0.03601289287114397,0.021060135748539082,0.03439696701641988,-0.020778076793500022,-0.01259494224773933
5.62,0.24911167208712204,-0.01960866713213333,0.6698560046590789,0.38236370143137,1.0357350214221817,0.8750313705305066,-0.0527710824533668,0.035804741425228576,0.02093400616887934,0.034433820999054794,-0.020852021462238895,-0.012630861612888655
5.63,0.24890086132969072,-0.01955367805033753,0.670157162877548,0.3818377128972247,1.036092025017859,0.8752400784590793,-0.05242656500280822,0.03559585643458287,0.02080752082148871,0.034469444650128224,-0.02092478672670674,-0.012666096037455917
5.64,0.24869134304478427,-0.019499293101730875,0.6704564746960983,0.3813151712962966,1.0364469361443993,0.8754475197836561,-0.05208169805947985,0.035386249504860884,0.02068068649133107,0.03450371856404446,-0.020996407741536598,-0.012700657501873613
5.65,0.24848312047090373,-0.01944550811141571,0.6707539354931689,0.3807960800559272,1.0367997476397777,0.8756536910481239,-0.05173649515054655,0.03517593212462298,0.020553509927935334,0.03453663676966727,-0.021066875295391186,-0.012734542021144503
5.66,0.24827619677888282,-0.019392318904750072,0.6710495407430144,0.3802804424678868,1.0371504524573154,0.8758585888640643,-0.05139096986325783,0.03496491587449769,0.020425997920665503,0.03456819322138774,-0.02113618018616538,-0.01276774561330763
5.67,0.24807057507153868,-0.019339721307873647,0.6713432860162482,0.37976826168776967,1.0374990436665998,0.8760622099111506,-0.05104513584568953,0.03475321242708532,0.02029815729868954,0.034598381799410764,-0.021204313221587258,-0.012800264299462719
5.68,0.2478662583833223,-0.01928771114823008,0.6716351669803862,0.37925954073438206,1.0378455144544039,0.8762645509375476,-0.050699006807486104,0.03454083354685785,0.02016999493094937,0.034627196310053725,-0.02127126521981921,-0.012832094103794864
5.69,0.24766324967996886,-0.019236284255082725,0.671925179400391,0.3787542824891225,1.0381898581256048,0.8764656087603082,-0.05035259652059573,0.03432779109005016,0.020041517726129058,0.034654630486052,-0.021337027010056287,-0.012863231053597926
5.7,0.24746155185814697,-0.01918543646002613,0.6722133191392144,0.3782524896953563,1.0385320681040993,0.8766653802657702,-0.05000591882000751,0.034114097004548614,0.019912732632624754,0.034680677986877025,-0.02140158943312467,-0.012893671179298453
5.71,0.24726116774510662,-0.01913516359749351,0.6724995821583413,0.37775416495777975,1.0388721379337214,0.8768638624099542,-0.04965898760447906,0.03389976332976955,0.01978364663851189,0.034705332399060214,-0.02146494334207708,-0.012923410514478243
5.72,0.24706210009832766,-0.019085461505257417,0.672783964518333,0.37725931074177943,1.0392100612791562,0.8770610522189598,-0.0493118168372673,0.03368480219653603,0.019654266771514738,0.034728587236529176,-0.021527079602788126,-0.0129524450958976
5.73,0.24686435160516818,-0.019036326024926276,0.6730664623793697,0.3767679293727854,1.0395458319268542,0.8772569467893616,-0.04896442054685073,0.03346922582694526,0.01952460009897367,0.03475043594094898,-0.02158798909454586,-0.012980770963516939
5.74,0.24666792488250902,-0.01898775300243677,0.673347072001793,0.3762800230356124,1.0398794437859413,0.8774515432886062,-0.04861681282765125,0.0332530465342322,0.01939465372781345,0.03477087188207524,-0.021647662710643556,-0.013008384160519394
5.75,0.24647282247640198,-0.018939738288536845,0.67362578974665,0.3757955937737986,1.0402108908891325,0.8776448389554066,-0.04826900784075168,0.03303627672262671,0.019264434804510976,0.03478988835811204,-0.021706091358967124,-0.013035280733331722
5.76,0.24627904686171428,-0.01889227773926866,0.6739026120762326,0.3753146434889356,1.0405401673936379,0.8778368311001382,-0.04792101981460811,0.0328189288872037,0.0191339505150622,0.03480747859607928,-0.021763265962581546,-0.013061456731645577
5.7700000000000005,0.24608660044177375,-0.018845367216441977,0.6741775355546231,0.3748371739399901,1.040867267582073,0.8780275171052344,-0.047572863045761735,0.03260101561372977,0.019003208084950138,0.03482363575218771,-0.021819177460314733,-0.01308690820843841
5.78,0.2458954855480127,-0.018799002588103464,0.6744505568482342,0.37436318674261976,1.041192185863363,0.8782168944255803,-0.047224551899543624,0.032382549578501715,0.01887221477911131,0.034838352912219726,-0.021873816807338138,-0.013111631219993517
5.79,0.24570570443961234,-0.018753179729000757,0.6747216727263504,0.37389268336848214,1.0415149167736493,0.8784049605889078,-0.04687610081077724,0.032163543548180254,0.018740977901902676,0.03485162309191837,-0.021927174975745208,-0.013135621825920166
5.8,0.24551725930327778,-0.018707894521099333,0.674990880061725,0.37342566514476666,1.0418354549772866,0.8785917131962222,-0.04652752416161193,0.03194401043164849,0.018609504815014846,0.034863482970639084,-0.02197922443561562,-0.013158869701438229
5.8100000000000005,0.24533015225505278,-0.018663142855014303,0.6752581758319999,0.37296213325725724,1.042153795269343,0.8787771499227479,-0.0461788359558499,0.03172396341803682,0.018477802985106886,0.03487391350649611,-0.022029961241779698,-0.013181372653732697
5.82,0.24514438533950933,-0.018618920630250946,0.6755235571200653,0.3725020887488348,1.0424699325761648,0.878961268518206,-0.045830050796922886,0.03150341556269463,0.018345879841029904,0.034882872407794516,-0.022079391284041558,-0.013203131879215043
5.83,0.2449599605274146,-0.018575223754751624,0.6757870211138001,0.37204553251532957,1.042783861954823,0.8791440668067068,-0.04548118343716445,0.03128237997815892,0.018213742839727074,0.03489035246569297,-0.022127505586067134,-0.013224143443458096
5.84,0.24477687971530832,-0.018532048145303348,0.6760485651065853,0.3715924653046864,1.0430955785939615,0.8793255426871264,-0.04513224870133458,0.031060869866632083,0.018081399477468802,0.03489634640370021,-0.02217429519113766,-0.013244403415402634
5.8500000000000005,0.24459514472514723,-0.018489389727965266,0.6763081864978497,0.3711428877162384,1.0434050778146946,0.8795056941335004,-0.04478326148729499,0.03083889851978335,0.017948857289819237,0.03490084687807479,-0.022219751162717193,-0.013263907867378156
5.86,0.24441475730394596,-0.018447244438493438,0.6765658827936075,0.370696800199971,1.043712355071499,0.8796845191954163,-0.04443423676667981,0.030616479318544387,0.017816123851602396,0.03490384647823118,-0.022263864585017227,-0.013282652875123795
5.87,0.24423571912342046,-0.018405608222756442,0.6768216516070029,0.3702542030557815,1.0440174059531075,0.8798620159984065,-0.04408518958556062,0.03039362573289806,0.017683206776867404,0.034905337727148655,-0.02230662656355624,-0.013300634517808258
5.88,0.2440580317796289,-0.01836447703714561,0.677075490658849,0.3698150964327325,1.0443202261833955,0.8800381827443385,-0.043736135065110454,0.03017035132166368,0.017550113718854756,0.03490531308178677,-0.022348028225715848,-0.013317848878049904
5.89,0.2438816967926126,-0.018323846848979808,0.6773273977781705,0.36937948032829565,1.0446208116222706,0.8802130177118096,-0.04338708840226066,0.02994666973227487,0.01741685236996129,0.03490376493350273,-0.02238806072129164,-0.013334292041935866
5.9,0.24370671560603643,-0.018283713636902288,0.6775773709027431,0.3689473545875929,1.0449191582665565,0.8803865192565354,-0.043038064870355594,0.02972259470055314,0.017283430461705655,0.034900685608474924,-0.022426715223040503,-0.013349960099041384
5.91,0.24353308958682882,-0.01824407339127121,0.6778254080796359,0.3685187189026264,1.0452152622508772,0.8805586858117435,-0.04268907981980176,0.02949814005047529,0.017149855764693186,0.03489606736812798,-0.02246398292722205,-0.013364849142448076
5.92,0.2433608200248212,-0.018204922114543443,0.6780715074657504,0.3680935728115074,1.0455091198485347,0.8807295158885613,-0.042340148678713614,0.02927331969393586,0.017016136088580845,0.03488990240956352,-0.022499855054136406,-0.01337895526876253
5.93,0.24318990813238717,-0.0181662558216536,0.6783156673283622,0.36767191569767443,1.0458007274723897,0.8808990080764092,-0.04199128695355361,0.029048147630503427,0.01688227928204153,0.03488218286599174,-0.022534322848655693,-0.013392274578133747
5.94,0.24302035504408054,-0.018128070540381847,0.67855788604566,0.36725374678910716,1.0460900816757357,0.8810671610433887,-0.041642510229770675,0.02882263794717348,0.01674829323272924,0.03487290080716774,-0.022567377580751165,-0.013404803174270723
5.95,0.24285216181627334,-0.01809036231171962,0.6787981621072862,0.36683906515753306,1.0463771791531713,0.8812339735366722,-0.04129383417243163,0.028596804818114052,0.01661418586724299,0.03486204823983003,-0.02259901054601478,-0.013416537164459483
5.96,0.24268532942679397,-0.018053127190225282,0.6790364941148761,0.36642786971762875,1.0466620167414724,0.8813994443828934,-0.04094527452684859,0.02837066250440664,0.01647996515109077,0.03484961710814097,-0.022629213066174974,-0.013427472659579553
5.97,0.24251985877456284,-0.018016361244373447,0.6792728807825998,0.3660201592262122,1.0469445914204598,0.8815635724885355,-0.04059684711920302,0.028144225353782654,0.016345639088653732,0.03483559929412962,-0.022657976489606674,-0.01343760577412001
5.98,0.24235575067923054,-0.017980060556898325,0.6795073209376992,0.36561593228143485,1.0472249003138627,0.8817263568403186,-0.040248567857165754,0.027917507800354912,0.01621121572315032,0.034819986618137774,-0.022685292191836147,-0.013446932626195514
5.99,0.24219300588081283,-0.017944221225128176,0.6797398135210274,0.36521518732195996,1.0475029406901826,0.8818877965055907,-0.039900452730509836,0.027690524364342526,0.01607670313659928,0.03480277083926609,-0.022711151576039028,-0.013455449337561454
6.0,0.24203162503940057,-0.017908839361346962,0.6799703575876211,0.3648179226262678,1.0477787099636091,0.8820478906327315,-0.039552517744353734,0.027463289682153003,0.015942109459928105,0.03478396740950689,-0.022735535368692883,-0.01346314845676964
6.01,0.24187160873597746,-0.017873911093646222,0.6801989523077494,0.3644241363138605,1.0480522056957955,0.8822066384518481,-0.039204778747887956,0.027235818583557832,0.015807442898818306,0.034763560869769415,-0.022758438228102928,-0.013470027181584666
6.0200000000000005,0.24171295747178115,-0.0178394325661147,0.6804255969673361,0.36403382634395337,1.0483234255965017,0.8823640392750925,-0.03885725196122979,0.02700812585423978,0.015672711654423545,0.03474152404664391,-0.0227798600938668,-0.0134760844683935
6.03,0.2415556716668692,-0.017805399938664368,0.6806502909680326,0.3636469905127956,1.0485923675236102,0.8825200924967674,-0.038509953729350364,0.026780226346666748,0.015537923960478074,0.034717848502905754,-0.022799792464722107,-0.013481316447012505
6.04,0.24139975165971944,-0.01777180938731232,0.6808730338277483,0.36326362645276083,1.0488590294839562,0.8826747975937075,-0.03816290048188794,0.02655213499816905,0.015403088089399204,0.034692525742308904,-0.022818226869466603,-0.013485719250974058
6.05,0.24124519770686736,-0.01773865710447453,0.6810938251811853,0.36288373163150295,1.0491234096341677,0.8828281541256642,-0.03781610873373663,0.02632386683063677,0.015268212352250291,0.03466554721002231,-0.022835154867425093,-0.013489289017542124
6.0600000000000005,0.24109200998254038,-0.017705939299249684,0.6813126647803811,0.362507303351096,1.049385506281516,0.8829801617356934,-0.03746959508563011,0.02609543695021236,0.015133305098703432,0.03463690429306544,-0.022850568048908372,-0.01349202188772689
6.07,0.2409401885782944,-0.017673652197695955,0.6815295524952459,0.36213433874717593,1.0496453178847533,0.8831308201505402,-0.037123376224720166,0.025866860546977906,0.014998374717001552,0.034606588320745944,-0.0228644580356659,-0.013493914006299568
6.08,0.24078973350264823,-0.017641792043100235,0.6817444883141014,0.3617648347880731,1.0499028430549497,0.8832801291810247,-0.03677746892515326,0.025638152894639596,0.014863429633921406,0.034574590565095736,-0.022876816481329578,-0.013494961521806013
6.09,0.24064064468071827,-0.017610355096238706,0.6819574723442205,0.3613987882739396,1.0501580805563295,0.8834280887224273,-0.036431890048639205,0.025409329350205474,0.014728478314734993,0.03454090224130846,-0.022887635071851032,-0.013495160586580466
6.1000000000000005,0.24049292195385122,-0.017579337635631853,0.6821685048123673,0.36103619583586744,1.050411029307104,0.8835746987548739,-0.03608665654501852,0.02518040535366094,0.014593529263172133,0.03450551450817558,-0.02289690552593004,-0.013494507356758294
6.11,0.24034656507926072,-0.017548735957787498,0.682377586065332,0.3606770539350105,1.0506616883802957,0.883719959343719,-0.03574178545282472,0.024951396427639293,0.014458591021382472,0.03446841846852395,-0.02290461959543591,-0.01349299799228886
6.12,0.24020157372965842,-0.017518546377440214,0.6825847165704728,0.36032135886169026,1.0509100570045662,0.8838638706399315,-0.03539729389983963,0.02472231817708662,0.01432367216989648,0.0344296051696504,-0.02291076906581941,-0.013490628656947024
6.13,0.24005794749288734,-0.017488765227779923,0.6827898969162521,0.3599691067345011,1.0511561345650364,0.8840064328804768,-0.03505319910364888,0.024493186288925564,0.014188781327588093,0.034389065603758706,-0.02291534575651798,-0.013487395518345241
6.140000000000001,0.23991568587155582,-0.017459388860673664,0.6829931278127761,0.3596202934994116,1.0513999206041054,0.8841476463887002,-0.034709518372189815,0.02426401653171287,0.014053927151635925,0.03434679070839336,-0.022918341521350857,-0.013483294747944134
6.15,0.2397747882826685,-0.01743041364687814,0.683194410092332,0.35927491492885555,1.0516414148222641,0.8842875115747112,-0.03436626910429576,0.02403482475529353,0.01391911833748466,0.03430277136687379,-0.022919748248906534,-0.013478322521063148
6.16,0.23963525405725988,-0.017401835976246227,0.6833937447099252,0.35893296662082347,1.0518806170789072,0.8844260289357638,-0.03402346879023532,0.023805626890450588,0.01378436361880612,0.03425699840872682,-0.022919557862920745,-0.013472475016890332
6.17,0.23949708244002396,-0.017373652257921812,0.6835911327438196,0.35859444399794116,1.0521175273931407,0.8845631990566408,-0.03368113501224999,0.023576438948553234,0.013649671767461275,0.03420946261011965,-0.022917762322646647,-0.013465748418492242
6.18,0.23936027258894807,-0.017345858920530366,0.6837865753960712,0.3582593423065526,1.0523521459445848,0.8846990226100334,-0.03333928544508449,0.02334727702119887,0.013515051593460947,0.034160154694289596,-0.02291435362321436,-0.013458138912822439
6.19,0.23922482357494243,-0.017318452412357965,0.68398007399307,0.3579276566157879,1.052584473074176,0.884833500356924,-0.03299793785651332,0.02311815727985231,0.013380511944926654,0.03410906533197367,-0.022909323795982296,-0.01344964269073004
6.2,0.2390907343814714,-0.01729142920152399,0.6841716299860741,0.35759938181663253,1.0528145092849635,0.8849666331469668,-0.03265711010786542,0.022889095975482963,0.01324606170805238,0.03405618514183692,-0.022902664908878722,-0.013440255946967605
6.21,0.23895800390418492,-0.017264785776144043,0.6843612449517473,0.3572745126209901,1.0530422552429002,0.885098421918867,-0.0323168201545404,0.02266010943819579,0.013111709807064494,0.034001504690897806,-0.022894369066733186,-0.01342997488019804
6.22,0.23882663095054646,-0.017238518644485112,0.6845489205926996,0.35695304356073476,1.0532677117776381,0.885228867700764,-0.03197708604652514,0.022431214076862403,0.012977465204183596,0.03394501449495539,-0.02288442841160028,-0.013418795693002198
6.23,0.23869661423946614,-0.01721262433511317,0.6847346587380191,0.3566349689867687,1.0534908798833065,0.8853579716106075,-0.03163792592890244,0.02220242637874604,0.012843336899584659,0.03388670501901027,-0.02287283512307026,-0.013406714591884047
6.24,0.23856795240094794,-0.01718709939703872,0.6849184613438222,0.3563202830680977,1.0537117607193165,0.8854857348565448,-0.03129935801854109,0.021973762921182152,0.012709333935166956,0.03382657781657378,-0.0228595757794667,-0.01339372600580496
6.25,0.23844064397635817,-0.017161940400135578,0.6851003304940979,0.35600897979195845,1.0539303556116857,0.885612158737472,-0.030961400462153253,0.021745240443311914,0.012575465417296445,0.03376462596656468,-0.02284464126225055,-0.013379825715035062
6.26,0.2383146874181421,-0.017137143935299082,0.6852802684012862,0.3557010529630009,1.0541466660538872,0.8857372446434358,-0.03062407166518716,0.02151687567944754,0.012441740464244979,0.03370082432177864,-0.02282803169326627,-0.013365012410814028
6.2700000000000005,0.23819008108866216,-0.01711270661420361,0.6854582774064343,0.3553964962009797,1.0543606937069427,0.8858609940557989,-0.030287390173986725,0.021288685418592884,0.012308168225075987,0.03363516319462119,-0.022809739381684662,-0.01334928230797053
6.28,0.23806682325978065,-0.01708862506938502,0.6856343599797073,0.35509530293970126,1.0545724404001464,0.8859834085476024,-0.029951374632019544,0.02106068652646575,0.012174757886685261,0.03356763284837702,-0.022789756675831756,-0.01333263162534528
6.29,0.23794491211249016,-0.017064895954336246,0.6858085187209295,0.354797466426049,1.054781908131833,0.8861044897839466,-0.029616043780362058,0.02083289594510231,0.012041518673759206,0.03349822349760798,-0.022768075963445933,-0.0133150565857958
6.3,0.23782434573654518,-0.017041515943595542,0.6859807563601183,0.35450297971900624,1.0549890990701363,0.8862242395223667,-0.029281416458189213,0.02060533069246473,0.011908459848736423,0.033426925308551375,-0.022744689671924695,-0.013296553416201014
6.3100000000000005,0.2377051221300925,-0.01701848173282522,0.6861510757580245,0.35421183568867226,1.0551940155537478,0.8863426596132106,-0.02894751160325257,0.020378007862041237,0.011775590711766195,0.03335372839951365,-0.02271959026855855,-0.01327711834746412
6.32,0.23758723919930097,-0.016995790038882297,0.6863194799066691,0.35392402701527237,1.0553966600926714,0.8864597520000173,-0.028614348252357792,0.020150944622446196,0.011642920600668313,0.033278622841265613,-0.022692770260755606,-0.013256747614515908
6.33,0.23747069475799346,-0.016973437599878294,0.686485971929879,0.3536395461881685,1.0555970353689688,0.8865755187198908,-0.028281945541840606,0.019924158217019577,0.0115104588908938,0.033201598657435265,-0.022664222196253712,-0.013235437456316966
6.34,0.23735548652727512,-0.01695142117523385,0.6866505550838267,0.35335838550485776,1.0557951442375095,0.8866899619038788,-0.027950322708032938,0.019697665963420402,0.011378214995483278,0.03312264582489707,-0.02263393866332013,-0.013213184115858506
6.3500000000000005,0.23724161213516454,-0.016929737545720358,0.6868132327575643,0.35308053706997344,1.0559909897267077,0.8868030837773464,-0.02761949908773126,0.01947148525322235,0.011246198365027753,0.03304175427416369,-0.022601912290941616,-0.013189983840163828
6.36,0.237129069116223,-0.01690838351349605,0.6869740084735624,0.3528059927942771,1.0561845750392607,0.886914886660352,-0.027289494118657016,0.01924563355150483,0.011114418487627809,0.032958913889772415,-0.022568135749000264,-0.013165832880287677
6.37,0.23701785491118288,-0.016887355902132417,0.6871328858882478,0.35253474439364435,1.0563759035528846,0.8870253729680233,-0.026960327339913458,0.01902012839644253,0.010982884888852887,0.03287411451067261,-0.022532601748438977,-0.013140727491315733
6.38,0.23690796686657856,-0.01686665155662953,0.6872898687925382,0.3522667833880527,1.0565649788210398,0.8871345452109303,-0.026632018392441864,0.018794987398895572,0.010851607131701907,0.032787345930611465,-0.02249530304141419,-0.013114663932363121
6.390000000000001,0.23679940223437435,-0.016846267343426202,0.6874449611123801,0.3520021011005585,1.056751804573657,0.8872424059954599,-0.026304587019469756,0.018570228241995383,0.010720594816562214,0.032698597898517416,-0.022456232421435914,-0.013087638466571839
6.4,0.2366921581715937,-0.016826200150398263,0.6875981669092845,0.3517406886562735,1.0569363847178572,0.8873489580241899,-0.025978053066958377,0.01834586868073131,0.010589857581169806,0.032607860118884446,-0.02241538272349651,-0.01305964736110811
6.41,0.23658623173994753,-0.016806446886848958,0.687749490380865,0.35148253698133264,1.0571187233386703,0.8874542040962616,-0.025652436484044486,0.018121926541534845,0.010459405100568892,0.03251512225215314,-0.02237274682418561,-0.01303068688715817
6.42,0.23648161990546301,-0.016787004483491186,0.6878989358613731,0.35122763680186275,1.057298824699745,0.887558147107754,-0.02532775732347823,0.017898419721862492,0.010329247087071357,0.03242037391509203,-0.022328317641793088,-0.013000753319923682
6.43,0.23637831953811245,-0.016767869892419685,0.6880465078222341,0.35097597864294416,1.0574766932440585,0.8876607900520544,-0.025004035742060723,0.01767536618978031,0.010199393290217774,0.0323236046811788,-0.022282088136399675,-0.012969842938616596
6.44,0.23627632741144003,-0.016749040087074396,0.6881922108725846,0.3507275528275651,1.057652333594619,0.8877621360202322,-0.024681292001071074,0.017452783983542802,0.010069853496735736,0.03222480408097813,-0.022234051309953186,-0.01293795202645231
6.45,0.23617564020219137,-0.016730512062196612,0.6883360497598082,0.3504823494755788,1.0578257505551678,0.8878621882014093,-0.024359546466697073,0.017230691211176312,0.00994063753050122,0.03212396160252238,-0.022184200206333594,-0.012905076870643128
6.46,0.23607625448994046,-0.016712282833773406,0.6884780293700716,0.3502403585026494,1.0579969491108725,0.8879609498831322,-0.024038819610457122,0.01700910605005841,0.009811755252498076,0.03202106669168898,-0.02213252791140339,-0.012871213762389908
6.47,0.23597816675671712,-0.016694349438974798,0.6886181547288608,0.3500015696191969,1.05816593442902,0.8880584244517428,-0.023719132009619663,0.01678804674649771,0.009683216560778092,0.031916108752578796,-0.02207902755304544,-0.01283635899687336
6.48,0.2358813733866358,-0.016676708936083195,0.6887564310015167,0.3497659723293389,1.0583327118597032,0.8881546153927483,-0.02340050434761961,0.01656753161531388,0.009555031390421444,0.03180907714789503,-0.022023692301187815,-0.012800508873244645
6.49,0.23578587066552203,-0.01665935840441163,0.688892863493771,0.34953355592982677,1.0584972869365028,0.8882495262911919,-0.023082957414470036,0.016347579039416884,0.009427209713496903,0.031699961199319886,-0.02196651536781372,-0.012763659694614297
6.5,0.23569165478053963,-0.016642294944214264,0.6890274576522837,0.34930430950897556,1.0586596653771698,0.8883431608320222,-0.02276651210717128,0.016128207469386997,0.009299761539022617,0.03158875018789452,-0.02190749000695993,-0.012725807768041454
6.51,0.23559872181981878,-0.016625515676588043,0.6891602190651769,0.34907822194559485,1.0588198530842954,0.8884355228004627,-0.02245118943011491,0.015909435423053904,0.009172696912926449,0.03147543335439584,-0.021846609514698936,-0.012686949404520734
6.5200000000000005,0.23550706777208186,-0.016609017743364984,0.6892911534625717,0.3488552819079101,1.058977856145985,0.8885266160823807,-0.022137010495482955,0.015691281485075485,0.009046025918006094,0.031359999899717314,-0.02178386722910985,-0.01264708091896965
6.53,0.2354166885262723,-0.016592798306997003,0.6894202667171228,0.34863547785248744,1.0591336808365215,0.888616444664655,-0.02182399652364854,0.015473764306520445,0.008919758673891382,0.0312424389852484,-0.021719256530233513,-0.01260619863021406
6.54,0.2353275798711789,-0.016576854550430342,0.6895475648445555,0.3484187980231434,1.0592873336170299,0.8887050126355452,-0.021512168843565358,0.015256902604446553,0.00879390533700383,0.03112273973325565,-0.021652770840014463,-0.012564298860973148
6.55,0.23523973749506483,-0.01656118367697168,0.6896730540042005,0.3482052304498627,1.0594388211361336,0.8887923241850589,-0.021201548893159304,0.015040715161483456,0.008668476100518704,0.031000891227264762,-0.021584403622228156,-0.012521377937843145
6.5600000000000005,0.23515315698529257,-0.016545782910146745,0.6897967404995307,0.34799476294770243,1.0595881502306086,0.8888783836053192,-0.02089215821971223,0.014825220825413647,0.008543481194325624,0.030876882512445046,-0.02151414838239487,-0.012477432191280556
6.57,0.2350678338279521,-0.01653064949354799,0.6899186307786938,0.34778738311570073,1.0597353279260326,0.8889631952909309,-0.02058401848024491,0.014610438508756386,0.008418930884990595,0.030750702595994363,-0.021441998667678142,-0.012432457955583821
6.58,0.2349837634074858,-0.016515780690675164,0.6900387314350515,0.3475830783357733,1.0598803614374306,0.8890467637393483,-0.020277151441894754,0.01439638718835186,0.00829483547571767,0.030622340447526923,-0.021367948066769497,-0.0123864515688744
6.59,0.23490094100631523,-0.016501173784767564,0.6901570492077125,0.3473818357716121,1.0600232581699163,0.889129093551241,-0.01997157898228903,0.014183085904946007,0.008171205306310533,0.03049178499946325,-0.021291990209758586,-0.012339409373076728
6.6000000000000005,0.2348193618044689,-0.01648682607862656,0.6902735909820673,0.34718364236758187,1.0601640257193268,0.8892101894308582,-0.01966732308991464,0.013970553762777081,0.008048050753134472,0.03035902514742269,-0.021214118767988496,-0.012291327713897142
6.61,0.23473902087920612,-0.01647273489442913,0.6903883637903265,0.3469884848476037,1.0603026718728596,0.8892900561863964,-0.0193644058644857,0.013758809929165113,0.007925382229079351,0.030224049750617564,-0.02113432745389573,-0.012242202940801342
6.62,0.2346599132046444,-0.016458897573534748,0.6905013748120534,0.3467963497140445,1.0604392046096978,0.8893686987303637,-0.019062849517303835,0.013547873634100453,0.007803210183521357,0.030086847632253257,-0.0210526100208371,-0.012192031406991845
6.63,0.23458203365138547,-0.016445311476282642,0.6906126313747005,0.34660722324659876,1.0605736321016372,0.8894461220799437,-0.01876267637161683,0.013337764169835965,0.007681545102286014,0.02994740757992854,-0.02096896026289957,-0.012140809469383127
6.640000000000001,0.23450537698614107,-0.0164319739817807,0.6907221409541442,0.3464210915011679,1.0607059627137043,0.8895223313573606,-0.018463908862973142,0.013128500890481067,0.007560397507611376,0.029805718346042325,-0.02088337201469683,-0.012088533488576638
6.65,0.23442993787135902,-0.016418882487684583,0.6908299111752205,0.346237940308734,1.0608362050047753,0.8895973317902427,-0.018166569539571874,0.012920103211597542,0.007439777958111288,0.02966176864820269,-0.020795839151149603,-0.012035199828834076
6.66,0.23435571086484935,-0.016406034409972625,0.6909359498122589,0.3460577552742343,1.0609643677281864,0.8896711287119857,-0.017870681062607977,0.012712590609797184,0.007319697048738672,0.029515547169641564,-0.020706355587251504,-0.011980804858049959
6.67,0.23428269041940855,-0.016393427182707976,0.6910402647896207,0.34588052177542444,1.0610904598323458,0.8897437275621181,-0.01757626620661342,0.012505982622341984,0.007200165410749142,0.029367042559632937,-0.020614915277818915,-0.011925344947722585
6.68,0.2342108708824484,-0.016381058257794012,0.691142864182229,0.3457062249617507,1.0612144904613328,0.8898151338866599,-0.017283347859797068,0.012300298846748851,0.007081193711666076,0.02921624343391892,-0.020521512217227016,-0.011868816472924815
6.69,0.23414024649561738,-0.01636892510472321,0.69124375621611,0.3455348497532027,1.0613364689555052,0.8898853533384898,-0.01699194902437495,0.01209555894039346,0.006962792655243879,0.029063138375137538,-0.02042614043912821,-0.011811215812272279
6.7,0.23407081139443148,-0.016357025210315457,0.6913429492689221,0.34536638083918186,1.0614564048520883,0.8899543916777031,-0.01670209281690081,0.011891782620119997,0.006844972981433347,0.028907715933259262,-0.020328794016156455,-0.01175253934789137
6.71,0.23400255960789482,-0.016345356078450946,0.6914404518704951,0.3452008026773468,1.0615743078857744,0.8900222547719769,-0.016413802468590602,0.011688989661853057,0.006727745466346794,0.028749964626029745,-0.02022946705961646,-0.011692783465386127
6.72,0.23393548505812886,-0.016333915229791662,0.6915362727033629,0.3450380994924721,1.0616901879893073,0.890088948596929,-0.01612710132564167,0.011487199900211855,0.0066111209222230625,0.028589872939417806,-0.020128153719155734,-0.011631944553803175
6.73,0.23386958155999524,-0.01632270020149862,0.691630420603301,0.344878255275291,1.0618040552940706,0.8901544792364815,-0.015842012849548007,0.011286433228128417,0.006495110197393215,0.02842742932807123,-0.020024848182421718,-0.011570019005595785
6.74,0.2338048428207239,-0.016311708546939252,0.6917229045598581,0.3447212537813474,1.061915920130665,0.8902188528832186,-0.015558560617413087,0.011086709596470656,0.006379724176247414,0.02826262221578153,-0.019919544674703686,-0.011507003216587111
6.75,0.23374126243953627,-0.016300937835387275,0.6918137337168938,0.3445670785298324,1.06202579302949,0.8902820758387495,-0.015276768322254157,0.010888049013666521,0.006264973779200654,0.028095439995954985,-0.019812237458558004,-0.011442893585931604
6.76,0.23367883390727248,-0.0162903856517152,0.6919029173731117,0.34441571280242833,1.0621336847213134,0.8903441545140668,-0.01499665977330422,0.010690471545333561,0.006150869962659831,0.027925871032091907,-0.019702920833416876,-0.011377686516074877
6.7700000000000005,0.23361755060601477,-0.016280049596079704,0.6919904649825969,0.3442671396421399,1.0622396061378463,0.8904050954299081,-0.014718258896309205,0.010493997313912679,0.006037423718991301,0.02775390365827696,-0.019591589135182927,-0.011311378412713293
6.78,0.23355740580871526,-0.016269927283598606,0.6920763861553478,0.34412134185213317,1.062343568412305,0.8904649052171133,-0.014441589733818313,0.010298646498304462,0.005924646076487989,0.027579526179677037,-0.019478236735806117,-0.011243965684751295
6.79,0.2334983926788195,-0.0162600163440203,0.6921606906578126,0.3439783019945631,1.0624455828799755,0.8905235906169849,-0.014166676445472474,0.010104439333512273,0.005812548099338315,0.027402726873049052,-0.01936285804284477,-0.011175444744257591
6.8,0.23344050426989196,-0.0162503144213888,0.6922433884134249,0.3438380023893995,1.0625456610787742,0.8905811584816474,-0.013893543308284647,0.00991139611028753,0.00570114088759425,0.027223493987259612,-0.01924544749901143,-0.011105812006420482
6.8100000000000005,0.233383733525243,-0.016240819173696353,0.6923244895031371,0.3437004251132571,1.0626438147498014,0.890637615774404,-0.013622214716916556,0.009719537174780822,0.005590435577140546,0.027041815743813823,-0.019125999581701223,-0.011035063889501148
6.82,0.233328073277552,-0.0162315282725346,0.6924040041659554,0.3435655519982132,1.0627400558378934,0.8906929695700961,-0.013352715183948965,0.009528882928197065,0.005480443339663989,0.02685768033739534,-0.019004508802503848,-0.010963196814785525
6.83,0.23327351624849363,-0.016222439402734157,0.6924819427994773,0.34343336463062746,1.0628343964921751,0.8907472270554615,-0.013085069340147448,0.009339453826456307,0.005371175382623526,0.026671075936421006,-0.018880969706701247,-0.01089020720653587
6.84,0.23322005504836352,-0.01621355026200122,0.6925583159604218,0.34330384434996175,1.0629268490666006,0.8908003955294903,-0.012819301934723693,0.009151270379860368,0.005262642949221332,0.026481990683604045,-0.01875537687274587,-0.010816091491939253
6.8500000000000005,0.23316768217570336,-0.01620485856054349,0.6926331343651683,0.34317697224759247,1.0630174261204977,0.8908524824037835,-0.012555437835587421,0.00896435315276226,0.005154857318372921,0.02629041269653264,-0.018627724911724524,-0.010740846101055742
6.86,0.23311639001692452,-0.0161963620206933,0.6927064088902906,0.34305272916561963,1.0631061404191082,0.8909034952029109,-0.012293502029594233,0.008778722763242267,0.005047829804678489,0.02609633006826105,-0.01849800846680495,-0.010664467466764669
6.87,0.23306617084593637,-0.016188058376521486,0.6927781505730901,0.3429310956956822,1.063193004934121,0.890953441564765,-0.012033519622792501,0.008594399882793181,0.004941571758396862,0.025899730867915798,-0.018366222212666334,-0.010586952024709802
6.88,0.23301701682376924,-0.01617994537344558,0.6928483706121311,0.3428120521777614,1.063278032844204,0.8910023292409192,-0.01177551584065406,0.008411405236004225,0.004836094565415884,0.025700603141314293,-0.018232360854912102,-0.010508296213242254
6.890000000000001,0.2329689199981999,-0.016172020767833084,0.692917080367778,0.3426955786989835,1.0633612375355384,0.8910501660969851,-0.011519516028307562,0.008229759600257267,0.004731409647227047,0.025498934911600515,-0.018096419129467186,-0.010428496473362619
6.9,0.2329218723033776,-0.016164282326596224,0.6929842913627277,0.3425816550924259,1.06344263260234,0.8910969601129661,-0.011265545650759809,0.00804948380542511,0.004627528460898387,0.02529471417989524,-0.017958391801957713,-0.010347549248661053
6.91,0.23287586555944859,-0.01615672782678307,0.6930500152825441,0.34247026093591515,1.0635222318473845,0.8911427193836141,-0.0110136302931147,0.007870598733579126,0.004524462499049743,0.025087928925962913,-0.017818273667074322,-0.010265450985255997
6.92,0.23283089147218206,-0.016149355055160686,0.6931142639761958,0.34236137555082596,1.0636000492825288,0.8911874521187851,-0.010763795660781953,0.00769312531870083,0.004422223289827198,0.024878567108895765,-0.017676059547918895,-0.01018219813173149
6.93,0.23278694163259436,-0.016142161807794597,0.6931770494565883,0.3422549780008755,1.063676099129228,0.8912311666437943,-0.010516067579681303,0.007517084546401813,0.004320822396879132,0.024666616667813602,-0.01753174429533316,-0.010097787139072114
6.94,0.23274400751657548,-0.016135145889620117,0.6932383839010994,0.34215104709091954,1.0637503958190497,0.8912738713997701,-0.010270471996437703,0.00734249745364906,0.004220271419332163,0.02445206552258448,-0.01738532278721241,-0.010012214460597524
6.95,0.23270208048451327,-0.01612830511401231,0.6932982796521141,0.342049561365743,1.063822953994187,0.89131557494401,-0.010027034978570465,0.007169385128498171,0.004120581991768259,0.024234901574560663,-0.01723678992779997,-0.009925476551893945
6.96,0.23266115178091865,-0.01612163730234495,0.6933567492175619,0.3419504991088483,1.0638937885079691,0.8913562859503349,-0.009785782714675138,0.0069977687098338025,0.004021765784202617,0.024015112707336646,-0.01708614064696655,-0.009837569870745168
6.97,0.23262121253405227,-0.016115140283550433,0.6934138052714462,0.34185383834124955,1.063962914425365,0.8913960132094418,-0.009546741514597216,0.0068276693871170595,0.003923834502062034,0.02379268678752509,-0.016933369899471213,-0.009748490877061044
6.98,0.23258225375554809,-0.01610881189366986,0.6934694606543845,0.34175955682025294,1.0640303470234918,0.8914347656292597,-0.009309937809596895,0.006659108400139615,0.003826799886163567,0.02356761166555423,-0.016778472664206057,-0.009658236032804707
6.99,0.2325442663400395,-0.016102649975401506,0.6935237283741404,0.34166763203824524,1.064096101792114,0.8914725522353024,-0.009075398152508244,0.006492107038787217,0.003730673712694946,0.023339875176485603,-0.016621443943423107,-0.009566801801917749
7.0,0.23250724106478382,-0.016096652377641907,0.6935766216061601,0.34157804122147456,1.0641601944341466,0.891509382171023,-0.008843149217887432,0.006326686642809146,0.0036354677931946587,0.023109465140854227,-0.016462278761944647,-0.009474184650243923
7.01,0.23247116858928946,-0.016090816955026677,0.6936281536941044,0.34149076132883793,1.0642226408661473,0.8915452646981653,-0.008613217802155456,0.006162868601597741,0.0035411939745340236,0.022876369365530686,-0.016300972166355832,-0.009380381045450864
7.0200000000000005,0.2324360394549382,-0.016085141567461325,0.6936783381503882,0.34140576905065395,1.0642834572188182,0.89158020919712,-0.00838563082372752,0.006000674353972898,0.0034478641388981934,0.022640575644605976,-0.016137519224180226,-0.009285387456950003
7.03,0.23240184408461373,-0.016079624079653132,0.6937271886567101,0.34132304080745046,1.0643426598374937,0.8916142251672745,-0.00816041532313995,0.005840125387979423,0.003355490203770604,0.02240207176030091,-0.01597191502303826,-0.009189200355814924
7.04,0.23236857278232453,-0.016074262360636415,0.6937747190645915,0.3412425527487366,1.0644002652826345,0.8916473222273688,-0.007937598463161083,0.0056812432406881256,0.0032640841219154838,0.022160845483897695,-0.015804154669787237,-0.009091816214697106
7.05,0.23233621573282986,-0.016069054283294026,0.6938209433959095,0.3411642807517823,1.0644562903303172,0.8916795101158463,-0.007717207528896841,0.005524049498008484,0.003173657881362887,0.021916884576699252,-0.015634233289645756,-0.008993231507740935
7.0600000000000005,0.23230476300126585,-0.016063997723876844,0.693865875843432,0.34108820042039506,1.0645107519727197,0.8917107986912073,-0.007499269927887665,0.00536856579451094,0.003084223505395035,0.021670176791012307,-0.015462146025299404,-0.008893442710496012
7.07,0.23227420453276965,-0.01605909056151822,0.6939095307713526,0.34101428708369425,1.0645636674186092,0.8917411979323605,-0.007283813190190318,0.005214813813254539,0.0029957930525314268,0.021420709871156306,-0.015287888035988843,-0.008792446299827505
7.08,0.23224453015210533,-0.016054330677746476,0.693951922715826,0.340942515794885,1.0646150540938246,0.8917707179389768,-0.00707086496845338,0.0050628152856265676,0.002908378616516457,0.021168471554500735,-0.01511145449658135,-0.008690238753825073
7.09,0.23221572956329034,-0.016049715955994415,0.6939930663855016,0.3408728613300351,1.0646649296417598,0.8917993689318394,-0.006860453037984265,0.004912591991193009,0.0028219923263087935,0.020913449572529115,-0.014932840596624166,-0.008586816551709543
7.1000000000000005,0.23218779234921766,-0.01604524428110443,0.6940329766620613,0.34080529818684174,1.0647133119238457,0.8918271612531987,-0.006652605296798104,0.00476416575755333,0.002736646346068679,0.02065563165193055,-0.014752041539379984,-0.008482176173737333
7.11,0.2321607079712847,-0.0160409135388338,0.6940716686007506,0.34073980058341125,1.0647602190200276,0.8918541053671217,-0.0064473497656635575,0.0046175584602106525,0.00265235287514947,0.020395005515721917,-0.014569052540845787,-0.008376314101103536
7.12,0.23213446576901775,-0.016036721615355687,0.6941091574309144,0.3406763424570297,1.0648056692292436,0.8918802118598442,-0.006244714588133657,0.004472792022449296,0.002569124148088683,0.020131558884397802,-0.014383868828752894,-0.008269226815842306
7.13,0.23210905495969522,-0.016032666396757544,0.6941454585565352,0.3406148974629299,1.0648496810699055,0.8919054914401244,-0.00604472803056231,0.004329888415220496,0.0024869724345989524,0.019865279477111714,-0.014196485641550191,-0.008160910800725655
7.140000000000001,0.23208446463797525,-0.01602874576854102,0.6941805875567655,0.3405554389730682,1.064892273280373,0.8919299549395938,-0.005847418482114512,0.004188869657042397,0.002405910039562326,0.019596155012887063,-0.014006898227368574,-0.008051362539159657
7.15,0.23206068377552125,-0.016024957615116076,0.6942145601864607,0.34049794007489786,1.0649334648194246,0.8919536133131069,-0.0056528144547605234,0.0040497578139078,0.002325949303024058,0.019324173211861778,-0.013815101842969194,-0.00794057851507946
7.16,0.23203770122062528,-0.016021299819295898,0.6942473923767182,0.34044237357013457,1.06497327486674,0.8919764776390957,-0.005460944583258516,0.003912574999203328,0.0022471026001879297,0.019049321796562216,-0.01362109175267192,-0.007828555212841029
7.17,0.23201550569783502,-0.01601777026179141,0.6942791002354107,0.34038871197353404,1.065011722823368,0.8919985591199205,-0.005271837625123093,0.003777343373638475,0.002169382341412129,0.018771588493211876,-0.01342486322726715,-0.007715289117111491
7.18,0.2319940858075805,-0.016014366820702453,0.6943097000477183,0.340336927511666,1.065048828312199,0.8920198690822191,-0.005085522460584447,0.0036440851451884195,0.0020928009722078595,0.018490961033074328,-0.013226411542910226,-0.007600776712757653
7.19,0.2319734300257958,-0.01601108737101059,0.6943392082766683,0.34028699212168084,1.065084611178441,0.8920404189772616,-0.004902028092526262,0.003512822569042537,0.0020173709732359186,0.018207427153826245,-0.013025731979995129,-0.007485014484730678
7.2,0.23195352670354816,-0.01600792978407034,0.6943676415636664,0.34023887745008957,1.0651190914900897,0.8920602203812998,-0.004721383646420966,0.0033835779475722785,0.0019431048603090683,0.017920974600971668,-0.012822819822014485,-0.007367998917951146
7.21,0.2319343640666608,-0.016004891927100195,0.6943950167290347,0.34019255485153344,1.065152289538401,0.8920792849959204,-0.004543618370237693,0.003256373630301285,0.0018700151843902347,0.01763159112928475,-0.01261767035439677,-0.007249726497189086
7.22,0.23191593021534007,-0.01600197166267453,0.6944213507725434,0.34014799538756374,1.0651842258383601,0.8920976246483944,-0.004368761634347673,0.0031312320138958145,0.0017981145315968641,0.017339264504294485,-0.01241027886332936,-0.007130193706944107
7.23,0.2318982131238011,-0.015999166848215618,0.6944466608739477,0.34010516982541716,1.0652149211291555,0.8921152512920297,-0.004196842931405056,0.003008175542160215,0.00172741552320257,0.01704398250380212,-0.012200640634560661,-0.007009397031321647
7.24,0.231881200639891,-0.015996475335485316,0.6944709643935236,0.34006404863679035,1.06524439637465,0.8921321770065238,-0.004027891876219717,0.002887226706049731,0.0016579308156430522,0.01674573291943834,-0.011988750952185677,-0.006887332953907884
7.25,0.23186488048471696,-0.015993894970079248,0.6944942788726004,0.34002460199662377,1.0652726727638508,0.8921484139983137,-0.0038619382056072804,0.0027684080436904935,0.0015896731005203798,0.016444503558256305,-0.011774605097411725,-0.006763997957641454
7.26,0.23184924025227116,-0.01599142359092154,0.6945166220340969,0.33998679978188096,1.0652997717113823,0.8921639746009278,-0.003699011778232381,0.002651742140418674,0.0015226551046124321,0.016140282244366734,-0.011558198347308259,-0.006639388524684233
7.2700000000000005,0.23183426740905386,-0.01598905902975989,0.6945380117830582,0.33995061157032713,1.0653257148579598,0.8921788712753393,-0.0035391425744222657,0.002537251628822831,0.0014568895898782422,0.015833056820607014,-0.011339525973534643,-0.006513501136287657
7.28,0.23181994929370328,-0.015986799110665417,0.6945584662071871,0.3399160066393206,1.0653505240708596,0.8921931166103162,-0.003382360695977714,0.0024249591888092403,0.0013923893534705336,0.015522815150255427,-0.011118583241053076,-0.006386332272658762
7.29,0.23180627311661745,-0.01598464164953106,0.6945780035773809,0.3398829539645939,1.065374221444393,0.8922067233227734,-0.0032286963659569397,0.002314887547673267,0.0013291672277456299,0.015209545118783184,-0.010895365406821239,-0.006257878412822809
7.3,0.23179322595958013,-0.015982584453574422,0.6945966423482693,0.33985142221904013,1.0653968293003862,0.8922197042581279,-0.0030781799284437805,0.00220705948018536,0.0012672360802755854,0.014893234635646202,-0.01066986771846544,-0.0061281360344829575
7.3100000000000005,0.23178079477538924,-0.015980625320843544,0.6946144011587431,0.33982137977151344,1.0654183701886453,0.8922320723906454,-0.002930841848301543,0.002101497808693072,0.0012066088138632687,0.014573871636121819,-0.010442085412937263,-0.005997101613878789
7.32,0.2317689663874787,-0.015978762039724648,0.6946312988324935,0.33979279468561235,1.0654388668874408,0.8922438408237979,-0.0027867127109027653,0.0019982254032327165,0.0011472983665566279,0.014251444083184437,-0.010212013715149454,-0.005864771625641157
7.33,0.23175772748954607,-0.01597699238845368,0.6946473543785485,0.3397656347184809,1.065458342403984,0.892255022790614,-0.002645823221843936,0.001897265181657543,0.001089317711666027,0.013925939969426248,-0.009979647836594477,-0.005731142542645432
7.34,0.23174706464517825,-0.015975314134631435,0.6946625869918034,0.33973986731960887,1.0654768199749014,0.8922656316540308,-0.002508204206639863,0.0017986401097791515,0.0010326798577826736,0.01359734731901925,-0.00974498297394279,-0.0055962108358614615
7.3500000000000005,0.23173696428747562,-0.015973725034743314,0.6946770160535574,0.3397154596296317,1.0654943230667193,0.8922756809072487,-0.0023738866103973967,0.0017023732015224642,0.0009773978487982427,0.013265654189722373,-0.009508014307623146,-0.005459972974201575
7.36,0.23172741271867897,-0.015972222833681382,0.6946906611320518,0.33969237847913697,1.0655108753763456,0.8922851841740831,-0.0022429014974684096,0.0016084875190946473,0.0009234847639258339,0.012930848674932643,-0.009268737000383593,-0.005322425424365892
7.37,0.23171839610979394,-0.015970805264274635,0.6947035419830007,0.3396705903874739,1.0655265008315509,0.8922941552093187,-0.00211528005108454,0.0015170061731703186,0.0008709537177235265,0.012592918905779944,-0.00902714619583245,-0.005183564650684618
7.38,0.23170990050021745,-0.01596947004682059,0.6947156785501284,0.33965006156156724,1.0655412235914563,0.8923026078990625,-0.0019910535729684123,0.0014279523230897513,0.0008198178601185497,0.01225185305326887,-0.008783237016961312,-0.005043387114958442
7.390000000000001,0.231701911797363,-0.01596821488862371,0.6947270909657034,0.3396307578947337,1.065555068047021,0.892310556261097,-0.0018702534829247754,0.0013413491770730723,0.0007700903764337116,0.01190763933046505,-0.008537004564647796,-0.004901889276295855
7.4,0.23169441577628636,-0.01596703748354089,0.694737799551074,0.33961264496550353,1.0655680588215304,0.892318014445236,-0.00175291131840721,0.0012572199924478496,0.000721784487414504,0.011560265994727705,-0.008288443916138843,-0.00475906759094784
7.41,0.23168739807931032,-0.015965935511530527,0.6947478248172034,0.33959568803644474,1.0655802207710912,0.8923249967336775,-0.0016390587340658585,0.0011755880758945207,0.0006749134492593483,0.01120972134998953,-0.008037550123514987,-0.004614918512140201
7.42,0.2316808442156513,-0.015964906638210208,0.6947571874652045,0.339579852052996,1.0655915789851245,0.8923315175413593,-0.001528727501267297,0.0010964767837038016,0.0006294905536495427,0.010855993749081923,-0.007784318212133638,-0.004469438489902535
7.43,0.23167473956104512,-0.015963948514419013,0.6947659083868735,0.33956510164230197,1.0656021587868614,0.8923375914163124,-0.0014219495075968311,0.0010199095220540175,0.0005855291277833712,0.01049907159610967,-0.007528743179054069,-0.004322623970895352
7.44,0.2316690693573705,-0.01596305877578963,0.6947740086652286,0.3395514011120492,1.065611985733849,0.8923432330400192,-0.0013187567563322923,0.0009459097473010417,0.0005430425344100957,0.01013894334887272,-0.007270819991442003,-0.00417447139823422
7.45,0.23166381871227731,-0.01596223504232619,0.6947815095750414,0.339538714449318,1.0656210856184483,0.8923484572277662,-0.0012191813658938484,0.0008745009662846207,0.000502044171865911,0.009775597521334566,-0.007010543584952927,-0.004024977211310519
7.46,0.23165897259881077,-0.015961474917989438,0.6947884325833719,0.33952700531943103,1.0656294844683405,0.8923532789290018,-0.001123255569271062,0.000805706736652534,0.00046254747411260573,0.009409022686141105,-0.006747908862096745,-0.0038741378456103254
7.47,0.23165451585503713,-0.01596077599029283,0.6947947993501075,0.33951623706480993,1.0656372085470422,0.8923577132276923,-0.0010310117134237423,0.0007395506672006522,0.00042456591077772734,0.009039207477187108,-0.006482910690581218,-0.0037219497325300284
7.48,0.23165043318366857,-0.015960135829905353,0.6948006317284939,0.3395063727038385,1.0656442843544136,0.8923617753426791,-0.0009424822586548583,0.0006760564182282058,0.00038811298719576917,0.008666140592232002,-0.006215543901635116,-0.0035684092991893008
7.49,0.23164670915169056,-0.015959551990263388,0.6948059517656717,0.3394973749297353,1.0656507386271767,0.8923654806280352,-0.0008576997779590783,0.0006152477019113807,0.00035320224445207766,0.008289810795564444,-0.0059458032883103465,-0.0034135129682410516
7.5,0.23164332818998615,-0.015959022007193624,0.694810781703211,0.3394892061094281,1.0656565983394362,0.8923688445734232,-0.0007766969563455056,0.0005571482826947815,0.00031984725942912337,0.007910206920717556,-0.00567368360376412,-0.003257257157679048
7.51,0.23164027459296116,-0.015958543398545466,0.6948151439776478,0.33948182828243606,1.0656618907032056,0.8923718828044547,-0.0006995065901286467,0.0005017819776970441,0.00028806164485291173,0.007527317873232121,-0.005399179559518892,-0.0030996382806419936
7.5200000000000005,0.2316375325181711,-0.015958113663831375,0.6948190612210162,0.33947520315976315,1.0656666431689326,0.8923746110830466,-0.0006261615861969589,0.0004491726571378696,0.0002578590493436153,0.0071411326334707755,-0.005122285823701921,-0.002940652745215208
7.53,0.23163508598594545,-0.015957730283882754,0.6948225562613874,0.33946929212279364,1.0656708834260367,0.8923770453077833,-0.0005566949612486343,0.00039934424477963584,0.00022925315746640375,0.006751640259483043,-0.00484299701926414,-0.002780296954229799
7.54,0.2316329188790149,-0.0159573907205125,0.6948256521233994,0.3394640562222012,1.0656746394034418,0.8923792015142726,-0.0004911398410019311,0.0003523207183893986,0.00020225768978571562,0.006358829889917208,-0.004561307722175102,-0.002618567305057596
7.55,0.23163101494213395,-0.01595709241619281,0.694828372028799,0.339459456176857,1.0656779392701257,0.892381095875511,-0.00042952945937158206,0.00030812611021578944,0.00017688640291972193,0.0059626907469861375,-0.004277212459598969,-0.002455460189404755
7.5600000000000005,0.2316293577817102,-0.015956832793742937,0.6948307393969688,0.3394554523727594,1.0656808114356584,0.8923827447022389,-0.0003718971576207827,0.0002667845074881951,0.00015315308959912635,0.005563212139480727,-0.003990705708046625,-0.002290971993101364
7.57,0.2316279308654266,-0.015956609256029097,0.6948327778454694,0.3394520048619582,1.0656832845507627,0.8923841644433067,-0.00031827638347934424,0.0002283200529320573,0.00013107157872666546,0.005160383465835441,-0.0037017818915070716,-0.0021250990958889145
7.58,0.23162671752186934,-0.01595641918568147,0.69483451119057,0.33944907336149877,1.065685387507867,0.8923853716860345,-0.0002687006902311097,0.0001927569453030877,0.0001106557354388173,0.004754194217241458,-0.0034104353795545352,-0.0019578378712037524
7.59,0.2316257009401519,-0.01595625994481814,0.6948359634477854,0.3394466172523684,1.0656871494416706,0.8923863831565751,-0.00022320373577153324,0.00016011943994163585,9.191946117032763e-05,0.0043446339808124,-0.0031166604854347807,-0.0017891846859586012
7.6000000000000005,0.2316248641695423,-0.015956128874790587,0.6948371588324085,0.33944459557845974,1.0656885997297088,0.8923872157202768,-0.0001818192816313326,0.00013043184934485703,7.487669372010296e-05,0.003931692442799254,-0.0028204514641279647,-0.0016191359003207683
7.61,0.23162419011908666,-0.015956023295936483,0.6948381217600489,0.33944296704553323,1.0656897679929331,0.8923878863820486,-0.0001445811919703981,0.00010371854376027437,5.954140732043139e-05,0.0035153593918547045,-0.002521802510388113,-0.001447687867487209
7.62,0.23162366155723516,-0.015955940507352384,0.6948388768471673,0.3394416900201975,1.0656906840962896,0.892388412286725,-0.00011152343253506024,8.000395179637068e-05,4.5927612706922405e-05,0.003095624722346559,-0.0022207077567588,-0.001274836933456342
7.63,0.23162326111146966,-0.015955877786681116,0.6948394489116057,0.339440722528905,1.0656913781493005,0.892388810719429,-8.268006958649752e-05,5.9312561056385484e-05,3.4049357192605984e-05,0.0026724784377227346,-0.0019171612715667067,-0.0011005794367977305
7.640000000000001,0.23162297126792644,-0.015955832389912494,0.6948398629731289,0.3394400222569435,1.065691880506665,0.8923890991059414,-5.808526879072989e-05,4.1668918789055717e-05,2.3920724742489656e-05,0.00224591065392356,-0.0016111570568900023,-0.0009249117084180091
7.65,0.23162277437102294,-0.015955801551203463,0.6948401442539568,0.33943954654745223,1.0656922217688567,0.892389295013066,-3.777329407861555e-05,2.7097632562927577e-05,1.5555836052270904e-05,0.0018159116028431872,-0.0013026890465026677,-0.000747830071323875
7.66,0.2316226526230849,-0.015955782482713843,0.6948403181792963,0.3394392524004488,1.065692432782725,0.892389416148996,-2.177850646708205e-05,1.5623370958543688e-05,8.968848627825255e-06,0.0013824716358396254,-0.000991751103794442,-0.0005693308403821127
7.67,0.23162258808396785,-0.01595577237445933,0.6948404103778832,0.3394390964718539,1.0656925446421184,0.8923894803636865,-1.01353628478278e-05,7.270864283571788e-06,4.173956868267248e-06,0.0009455812272934671,-0.0006783370196664213,-0.000389410322076836
7.68,0.2316225626706869,-0.015955768394183667,0.6948404466825104,0.33943903507254963,1.0656925886884965,0.8923895056492197,-2.878414737704189e-06,2.064905307313291e-06,1.1853921504270484e-06,0.0005052309782133362,-0.00036244051040086107,-0.00020806481426330982
7.69,0.23162255815704033,-0.015955767687248157,0.6948404531305663,0.3394390241674345,1.0656925965115633,0.8923895101401771,-4.230699577233695e-08,3.0350018768384366e-08,1.742291702535013e-08,6.141161988832081e-05,-4.4055215505454815e-05,-2.5290605918676846e-05
7.7,0.23162255582513028,-0.015955766247222947,0.6948404498222378,0.339439021004566,1.0656925919292966,0.8923895075096685,-1.0930480332226187e-06,-1.5982082322931003e-06,-9.174718076977243e-07,-0.00025323524437161624,-0.0003702697785890693,-0.0002125580870643089
7.71,0.23162253478563447,-0.0159557532211409,0.6948404197657774,0.33943899254495713,1.0656925503168693,0.892389483621524,-5.08460141297812e-06,-7.434487514464998e-06,-4.2678624360004895e-06,-0.0005446719509799909,-0.0007963961360006127,-0.000457181385569786
7.72,0.23162247349475681,-0.015955715274430293,0.6948403322072715,0.3394389096383002,1.065692429094286,0.8923894140321503,-1.197842820561298e-05,-1.751434803264848e-05,-1.0054335779076765e-05,-0.00083369099917379,-0.0012189876133708918,-0.0006997755618290025
7.73,0.2316223505859598,-0.015955639178604764,0.6948401566230566,0.3394387433826374,1.0656921860023196,0.8923892744820832,-2.175038378307318e-05,-3.180248840844586e-05,-1.8256628556805877e-05,-0.001120298759227233,-0.001638053674688149,-0.0009403462031215135
7.74,0.23162214487092633,-0.015955511815648304,0.6948398627440708,0.33943846511714065,1.0656917791342866,0.8923890409142121,-3.437638659799481e-05,-5.026370129701104e-05,-2.885453332655594e-05,-0.0014045014776301028,-0.002053603663284561,-0.0011788988897015113
7.75,0.23162183533906555,-0.015955320177810872,0.6948394205551465,0.33943804642148706,1.0656911669351106,0.8923886894732218,-4.983241696455535e-05,-7.28628721987034e-05,-4.182789841399788e-05,-0.0016863052808184635,-0.002465646805470224,-0.0014154391950100948
7.76,0.23162140115701965,-0.015955051367432138,0.6948388002943076,0.3394374591152462,1.065690308200402,0.8923881965050355,-6.809451587640349e-05,-9.956497830684654e-05,-5.71566278460226e-05,-0.001965716178861625,-0.002874192214122824,-0.001649972685885114
7.7700000000000005,0.23162082166816975,-0.015954692596789943,0.6948379724520616,0.33943667525727905,1.0656891620755444,0.8923875385562577,-8.91387838612535e-05,-0.00013033508739117796,-7.482068128575183e-05,-0.0022427400691070465,-0.0032792488922345005,-0.0018825049227690481
7.78,0.23162007639214252,-0.01595423118797873,0.6948369077706968,0.3394356671451485,1.0656876880547963,0.8923866923736185,-0.00011294137987171174,-0.00016513835671653975,-9.480007396960873e-05,-0.0025173827397840885,-0.003680825736416331,-0.0021130414599148002
7.79,0.2316191450243167,-0.015953654572810783,0.6948355772435757,0.33943440731454017,1.0656858459804,0.8923856349034179,-0.00013947852021196032,-0.00020394003199643643,-0.00011707487664645378,-0.002789649873568157,-0.0040789315403618525,-0.0023415878455898477
7.8,0.2316180074353284,-0.01595295029274263,0.6948339521144302,0.3394328685386939,1.0656835960417024,0.892384343290971,-0.00016872647749986756,-0.0002467054463809946,-0.00014162521551873677,-0.0030595470511058194,-0.004473574998269646,-0.0025681496222784354
7.8100000000000005,0.2316166436705786,-0.015952105998827737,0.6948320038766556,0.33943102382784657,1.065680898774286,0.8923827948800542,-0.0002006615796641729,-0.0002934000194789685,-0.0001684312721856727,-0.003327079754502306,-0.00486476470822635,-0.002792732326882239
7.82,0.23161503394973865,-0.01595110945168743,0.6948297042726068,0.33942884642868276,1.0656777150591095,0.892380967212351,-0.00023526020897634498,-0.0003439892564133543,-0.00019747328358840326,-0.003592253370772051,-0.005252509175550333,-0.0030153414909193637
7.83,0.2316131586662569,-0.015949948521508772,0.6948270252928918,0.33942630982379673,1.0656740061216554,0.8923788380268988,-0.0002724988011167951,-0.0003984387469102929,-0.000228731541957165,-0.0038550731952535595,-0.005636816816097302,-0.0032359826407220567
7.84,0.23161099838686458,-0.01594861118806251,0.6948239391756672,0.33942338773116276,1.0656697335310905,0.8923763852595366,-0.0003123538442750326,-0.0004567141644207938,-0.00026218639476040256,-0.004115544434988933,-0.006017695959527715,-0.0034546612976328224
7.8500000000000005,0.2316085338510826,-0.01594708554073926,0.6948204184059323,0.33942005410361414,1.0656648591994315,0.8923735870423527,-0.0003548018782834629,-0.0005187812652749768,-0.0002978182446558536,-0.004373672212069241,-0.006395154852537205,-0.0036713829781993487
7.86,0.23160574597072736,-0.015945359778609558,0.694816435714825,0.33941628312833105,1.0656593453807215,0.8923704217031332,-0.0003998194937844478,-0.0005846058878683978,-0.00033560754944355497,-0.00462946156694616,-0.006769201662050129,-0.0038861531943680397
7.87,0.23160261582941705,-0.01594342221050077,0.6948119640789151,0.3394120492263367,1.0656531546702117,0.8923668677648107,-0.000447383331430356,-0.0006541539518801896,-0.00037553482202081417,-0.004882917461710918,-0.0071398444783773215,-0.004098977453676544
7.88,0.2315991246820783,-0.0159412612550921,0.6948069767194999,0.339407327052001,1.065646250003554,0.8923629039449132,-0.0004974700811162025,-0.0007273914575225413,-0.00041758063033906466,-0.005134044783340716,-0.007507091318337858,-0.004309861259444954
7.890000000000001,0.2315952539544519,-0.015938865441029015,0.6948014471018984,0.33940209149255157,1.0656385946559979,0.8923585091550142,-0.0005500564812446176,-0.0008042844848212583,-0.0004617255973626505,-0.005382848346913551,-0.007870950128345839,-0.004518810110965999
7.9,0.23159098524259913,-0.01593622340705314,0.6947953489347474,0.33939631766759254,1.0656301522415967,0.8923536625001832,-0.0006051193180227779,-0.0008847991929269706,-0.0005079504010294823,-0.005629332898791696,-0.008231428787462249,-0.004725829503694095
7.91,0.2315863003124084,-0.01593332390214952,0.6947886561692943,0.33938998092862965,1.0656208867124197,0.8923483432784347,-0.000662635424791069,-0.0009689018194567628,-0.0005562357742136195,-0.005873503119774668,-0.008588535110412748,-0.004930924929433537
7.92,0.23158118109910106,-0.015930155785708222,0.6947813429986937,0.3393830568586023,1.0656107623577702,0.8923425309801807,-0.0007225816813830761,-0.0010565586798657373,-0.0006065625046896902,-0.006115363628221679,-0.008942276850571208,-0.005134101876525526
7.930000000000001,0.23157560970673766,-0.015926708027702463,0.6947733838573001,0.3393755212714219,1.0655997438034093,0.8923362052876807,-0.000784935013516678,-0.00114773616684829,-0.0006589114350991991,-0.006354918983144292,-0.009292661702909804,-0.005335365830034354
7.94,0.2315695684077244,-0.0159229697088783,0.6947647534199646,0.33936735021151515,1.0655877960107885,0.8923293460744934,-0.0008496723922158893,-0.001242400749768672,-0.000713263462918667,-0.0065921736872693966,-0.009639697306915591,-0.005534722271932516
7.95,0.23156303964231917,-0.015918930020960897,0.6947554266013289,0.3393585199533747,1.065574884276284,0.8923219334049294,-0.000916770833263241,-0.0013405189741206355,-0.0007695995404296644,-0.006827132190073148,-0.00998339124947444,-0.0057321766812851276
7.96,0.23155600601813803,-0.015914578266871704,0.6947453785551194,0.3393490070011135,1.065560974230439,0.8923139475335018,-0.0009862073966822973,-0.0014420574610156665,-0.0008279006746906345,-0.007059798890785676,-0.010323751067721853,-0.005927734534433191
7.97,0.23154845030966112,-0.015909903860957808,0.6947345846734428,0.3393387880880253,1.0655460318372092,0.8923053689043797,-0.0010579591862501059,-0.0015469829066996133,-0.0008881479275105709,-0.007290178141367209,-0.010660784251861538,-0.006121401305176126
7.98,0.23154035545773916,-0.015904896329233587,0.6947230205860808,0.3393278401761492,1.0655300233932143,0.8922961781508406,-0.0011320033490392675,-0.0016552620820973352,-0.0009503224154245162,-0.007518274249455579,-0.010994498247951661,-0.006313182464953351
7.99,0.23153170456909922,-0.015899545309632224,0.6947106621597843,0.33931614045583874,1.0655129155269927,0.8922863560947228,-0.0012083170749893042,-0.001766861832385005,-0.001014405309670844,-0.007744091481285308,-0.01132490046065894,-0.006503083483024927
8.0,0.2315224809158517,-0.01589384055226889,0.6946974854975683,0.33930366634533554,1.0654946751982617,0.8922758837458791,-0.0012868775965071428,-0.0018817490765898896,-0.0010803778361703974,-0.00796763406457859,-0.01165199825598114,-0.006691109826651458
8.01,0.2315126679349961,-0.015887771919711746,0.6946834669380073,0.3392903954903463,1.0654752696971812,0.8922647423016294,-0.0013676621880963054,-0.0019998908072171055,-0.0011482212755073696,-0.008188906191407972,-0.011975798963937622,-0.0068772669612729475
8.02,0.23150224922792714,-0.01588132938726361,0.6946685830545286,0.3392763057636238,1.0654546666436187,0.8922529131462148,-0.0014506481660146123,-0.002121254089903162,-0.0012179169629119913,-0.00840791202103104,-0.01229630988122846,-0.0070615603506868135
8.03,0.23149120855994154,-0.015874503043249943,0.694652810654709,0.33926137526455047,1.0654328339864225,0.8922403778502509,-0.001535812887960091,-0.002245806063095934,-0.0012894462882449937,-0.008624655682697059,-0.012613538273862118,-0.007243995457224995
8.040000000000001,0.23147952985974382,-0.01586728308931723,0.6946361267795682,0.33924558231872615,1.0654097400026932,0.8922271181701813,-0.0016231337527848264,-0.002373513937760778,-0.001362790695983848,-0.008839141278425677,-0.012927491379751905,-0.007424577741930146
8.05,0.23146719721895267,-0.01585965984073684,0.6946185087028638,0.33922890547755724,1.0653853532970599,0.8922131160477323,-0.0017125882002363764,-0.00250434499711234,-0.0014379316852106956,-0.009051372885757381,-0.013238176411280892,-0.00760331266473072
8.06,0.23145419489160735,-0.015851623726714392,0.6945999339303861,0.33921132351784916,1.0653596428009593,0.892198353609366,-0.0018041537107267127,-0.002638266596372089,-0.0015148508096021584,-0.00926135456047634,-0.013545600557836357,-0.007780205684615429
8.07,0.231440507293674,-0.015843165290708894,0.6945803801992528,0.33919281544140084,1.0653325777719174,0.8921828131657349,-0.0018978078051280856,-0.0027752461625507995,-0.0015935296774207543,-0.009469090339304735,-0.013849770988312493,-0.007955262259806367
8.08,0.2314261190025516,-0.015834275190752978,0.694559825477205,0.33917336047460084,1.0653041277928312,0.8921664772111361,-0.001993528044595784,-0.0029152511942560425,-0.0016739499515081087,-0.009674584242569157,-0.014150694853582514,-0.0081284878479313
8.09,0.23141101475657894,-0.01582494419978092,0.6945382479618993,0.3391529380680255,1.0652742627712548,0.8921493284229652,-0.0020912920304173867,-0.003058249261524197,-0.0017560933492798672,-0.009877840276838664,-0.014448379288939665,-0.008299887906194875
8.1,0.2313951794545403,-0.015815163205959548,0.6945156260802052,0.33913152789603807,1.0652429529386858,0.8921313496611709,-0.002191077403888259,-0.0032042080056767295,-0.001839941642722313,-0.01007886243753447,-0.014742831416507318,-0.00846946789154875
8.11,0.23137859815517187,-0.015804923213024957,0.6944919384874987,0.33910910985638926,1.0652101688498512,0.8921125239677093,-0.002292861846213009,-0.0033530951392004194,-0.0019254766583906894,-0.010277654711511151,-0.015034058347618172,-0.00863723326086064
8.120000000000001,0.2313612560766688,-0.01579421534061881,0.694467164066957,0.3390856640698186,1.0651758813819998,0.892092834565998,-0.002396623078432622,-0.0035048784456512393,-0.0020126802774092095,-0.010474221079609195,-0.015322067185162545,-0.00880318947108224
8.13,0.23134313859619027,-0.015783030824631616,0.6944412819288539,0.339061170879656,1.065140061734188,0.8920722648603704,-0.0025023388613768884,-0.0036595257795814452,-0.002101534435472672,-0.01066856551917857,-0.015606865025905562,-0.008967341979415837
8.14,0.2313242312493674,-0.015771361017545227,0.6944142714098541,0.3390356108514244,1.0651026814265725,0.8920507984355301,-0.0026099869956421108,-0.003817005066489937,-0.0021920211228498927,-0.010860692006573618,-0.015888458962773813,-0.009129696243480019
8.15,0.23130451972980853,-0.0157591973887784,0.6943861120723089,0.33900896477244197,1.0650637122997013,0.8920284190560056,-0.0027195453215934215,-0.003977284302795073,-0.002284122384388619,-0.011050604519618402,-0.01616685608711067,-0.009290257721473806
8.16,0.23128398988860582,-0.015746531525033136,0.6943567837035489,0.33898121365142414,1.0650231265138022,0.8920051106656033,-0.002830991719391704,-0.004140331555830005,-0.002377820319522171,-0.011238307040042844,-0.01644206349090075,-0.0094490318723397
8.17,0.23126262773384215,-0.015733355130642446,0.6943262663151817,0.3389523387180857,1.0649808965480758,0.8919808573868625,-0.002944304109044714,-0.0043061149638601,-0.0024730970822776895,-0.011423803555889138,-0.016714088268963374,-0.009606024155925328
8.18,0.2312404194300971,-0.015719660027916915,0.6942945401423846,0.33892232142274176,1.0649369951999854,0.8919556435205096,-0.0030594604504820978,-0.004474602736122102,-0.00256993488128598,-0.011607098063888337,-0.016982937521114887,-0.009761240033143726
8.19,0.23121735129795373,-0.015705438157492813,0.6942615856432004,0.3388911434359081,1.0648913955845463,0.8919294535449113,-0.0031764387436540565,-0.00464576315288481,-0.0026683159797929734,-0.011788194571806843,-0.01724861835429992,-0.009914684966132242
8.2,0.23119340981350472,-0.015690681578678478,0.6942273834978319,0.33885878664790037,1.0648440711336162,0.8919022721155285,-0.003295217028653283,-0.004819564565530859,-0.002768222695672747,-0.011967097100762478,-0.017511137884691323,-0.01006636441840992
8.21,0.23116858160785925,-0.015675382469799493,0.6941919146079373,0.3388252331684321,1.064794995595182,0.8918740840643709,-0.0034157733858599737,-0.004995975396659433,-0.0028696374014421508,-0.012143809687510033,-0.017770503239759018,-0.010216283855033469
8.22,0.23114285346664945,-0.015659533128542513,0.6941551600959244,0.33879046532621093,1.0647441430326494,0.8918448743994489,-0.0035380859361093917,-0.0051749641402092945,-0.0029725425242768735,-0.012318336386695728,-0.018026721560307192,-0.01036444874275151
8.23,0.23111621232953655,-0.015643125972297722,0.6941171013042459,0.3387544656685327,1.0646914878241265,0.8918146283042283,-0.0036621328408820678,-0.0053564993616023945,-0.0030769205460292473,-0.012490681273080837,-0.018279800002480584,-0.010510864550157501
8.24,0.23108864528971812,-0.015626153538497667,0.694077719794694,0.338717216960875,1.0646370046617089,0.8917833311370827,-0.0037878923025158437,-0.005540549697907041,-0.003182754003247372,-0.012660848443733554,-0.018529745739738805,-0.010655536747840753
8.25,0.23106013959343402,-0.015608608484953046,0.6940369973476965,0.33867870218648605,1.0645806685507637,0.891750968430747,-0.003915342564439789,-0.005727083858020818,-0.0032900254871958434,-0.012828842020189236,-0.018776565964799246,-0.010798470808535876
8.26,0.2310306826394736,-0.015590483590187554,0.6939949159616094,0.33863890454597384,1.0645224548092076,0.8917175258917692,-0.004044461911429546,-0.005916070622872751,-0.0033987176438779443,-0.012994666150578694,-0.019020267891548398,-0.010939672207270473
8.27,0.23100026197868184,-0.015571771753765284,0.6939514578520143,0.33859780745689055,1.0644623390667878,0.8916829893999638,-0.00417522866988379,-0.006107478845644421,-0.0035088131740593125,-0.013158325011724037,-0.01926085875692127,-0.011079146421511017
8.28,0.23096886531346628,-0.01555246599661797,0.6939066054510118,0.33855539455331496,1.0644002972643574,0.8916473450078639,-0.004307621208121487,-0.006301277452009718,-0.0036202948332930435,-0.01331982281120201,-0.019498345822749095,-0.011216898931306923
8.290000000000001,0.2309364804973035,-0.01553255946136356,0.6938603414065165,0.33851164968543174,1.0643363056531487,0.8916105789401727,-0.004441617936699633,-0.006497435440392925,-0.0037331454319462485,-0.013479163789374356,-0.01973273637757502,-0.0113529352194327
8.3,0.2309030955342463,-0.015512045412624298,0.6938126485815538,0.33846655691910754,1.064270340794046,0.8915726775932157,-0.004577197308751036,-0.00669592188224467,-0.0038473478352279438,-0.013636352221384868,-0.019964037738437582,-0.011487260771528096
8.31,0.23086869857842957,-0.015490917237335478,0.693763510053552,0.33842010053546306,1.0642023795568514,0.8915336275343919,-0.00471433782034212,-0.006896705922335858,-0.0039628849632185005,-0.013791392419123171,-0.02019225725262252,-0.011619881076236451
8.32,0.23083327793357794,-0.015469168445050863,0.6937129091136394,0.33837226503044243,1.0641323991195522,0.8914934155016252,-0.004853018010849961,-0.007099756779068621,-0.00407973979090029,-0.01394428873315442,-0.020417402299381816,-0.0117508016253408
8.33,0.230796822052512,-0.015446792668241616,0.6936608292659383,0.33832303511437767,1.0640603769675814,0.8914520284028147,-0.004993216463358585,-0.007305043744804495,-0.004197895348189776,-0.014095045554614962,-0.02063948029162072,-0.011880027913897955
8.34,0.23075931953665535,-0.015423783662588786,0.6936072542268614,0.3382723957115495,1.0639862908930788,0.8914094533152858,-0.005134911805073997,-0.007512536186209231,-0.004317334719970902,-0.014243667317073603,-0.02085849867755226,-0.012007565440370517
8.35,0.2307207591355409,-0.01540013530726908,0.6935521679244043,0.33822033195974455,1.0639101189941422,0.89136567748524,-0.005278082707757685,-0.007722203544614033,-0.004438041046129817,-0.014390158498358065,-0.02107446494231923,-0.01213341970675657
8.36,0.2306811297463187,-0.015375841605232254,0.6934955544974438,0.33816682920980695,1.0638318396740836,0.8913206883272049,-0.005422707888178188,-0.007934015336392814,-0.004559997521590859,-0.014534523622346453,-0.021287386609583507,-0.012257596218717236
8.370000000000001,0.23064042041326152,-0.015350896683473947,0.6934373982950295,0.3381118730251862,1.0637514316406724,0.8912744734234833,-0.005568766108580427,-0.008147941153355228,-0.004683187396353826,-0.014676767260723422,-0.02149727124308278,-0.012380100485701926
8.38,0.23059862032727269,-0.015325294793298028,0.6933776838756815,0.3380554491814799,1.0636688739053823,0.8912270205236026,-0.005716236177172318,-0.008363950663154948,-0.004807593975532412,-0.01481689403470055,-0.021704126448154216,-0.01250093802107114
8.39,0.2305557188253924,-0.015299030310572392,0.6933163960066843,0.3379975436659718,1.0635841457826287,0.8911783175437632,-0.005865096948628635,-0.008582013609713352,-0.004933200619394037,-0.01495490861670109,-0.02190795987322561,-0.0126201143422171
8.4,0.23051170539030488,-0.015272097735975543,0.6932535196633814,0.3379381426771642,1.063497226889005,0.8911283525662871,-0.006015327324611302,-0.008802099813657597,-0.005059990743400671,-0.015090815732008244,-0.022108779211273164,-0.012737634970681757
8.41,0.23046656964984544,-0.015244491695235396,0.6931890400284726,0.33787723262430586,1.0634080971425135,0.8910771138390652,-0.006166906254306105,-0.009024179172773294,-0.005187947818250933,-0.015224620160377105,-0.022306592201246436,-0.01285350543227239
8.42,0.23042030137650665,-0.015216206939357713,0.6931229424913056,0.33781480012691356,1.0633167367617897,0.8910245897750055,-0.006319812734975319,-0.009248221662471237,-0.00531705536992332,-0.015356326737609774,-0.02250140662946,-0.012967731257174691
8.43,0.23037289048694634,-0.015187238344847087,0.6930552126471743,0.3377508320142889,1.063223126265326,0.8909707689514792,-0.006474025812525899,-0.009474197336267854,-0.005447296979720533,-0.01548594035709347,-0.022693230330951893,-0.013080317980063228
8.44,0.23032432704149322,-0.015157580913916335,0.6929858362966116,0.33768531532502855,1.0631272464706858,0.8909156401097679,-0.006629524582092867,-0.00970207632627911,-0.005578656284314915,-0.015613465971301374,-0.022882071190808848,-0.01319127114020937
8.45,0.23027460124365512,-0.015127229774688,0.6929147994446861,0.3376182373065294,1.0630290784937177,0.8908591921545094,-0.006786288188637523,-0.009931828843727482,-0.005711116975794951,-0.015738908593255874,-0.023067937145457965,-0.013300596281586472
8.46,0.2302237034396248,-0.01509618018138481,0.6928420883002965,0.3375495854144868,1.0629286037477592,0.8908014141531433,-0.00694429582756011,-0.010163425179461713,-0.005844662801712814,-0.015862273297954047,-0.02325083618392512,-0.01340829895297243
8.47,0.230171624117788,-0.015064427514509149,0.6927676892754662,0.33747934731238777,1.0628258039428398,0.8907422953353562,-0.007103526745326441,-0.010396835704488792,-0.00597927756513283,-0.015983565223754947,-0.023430776349059504,-0.013514384708049335
8.48,0.2301183539082291,-0.01503196728101297,0.6926915889846391,0.3374075108709961,1.0627206610848752,0.8906818250925265,-0.007263960240108444,-0.010632030870518424,-0.006114945124681143,-0.016102789573728925,-0.02360776573872515,-0.01361885910550061
8.49,0.230063883582239,-0.014998795114456176,0.6926137742439746,0.337334064167833,1.0626131574748587,0.8906199929771677,-0.007425575662437754,-0.01086898121051881,-0.006251649394596105,-0.016219951616968088,-0.023781812506958266,-0.013721727709105062
8.5,0.23000820405182154,-0.014964906775154774,0.6925342320706422,0.3372589954866496,1.0625032757080448,0.8905567887023731,-0.007588352415872355,-0.011107657339284092,-0.006389374344779717,-0.016335056689858202,-0.023952924865091162,-0.013822996087828172
8.51,0.22995130636920086,-0.014930298150316546,0.6924529496821175,0.3371822933168937,1.062390998673129,0.8904922021412587,-0.007752269957675708,-0.011348029954012745,-0.006528104000849931,-0.016448110197311603,-0.02412111108284234,-0.01392266981591048
8.52,0.22989318172632736,-0.014894965254165504,0.6923699144954756,0.3371039463531688,1.0622763095514198,0.8904262233264048,-0.007917307799508024,-0.011590069834896804,-0.006667822444193847,-0.016559117613960984,-0.024286379489372907,-0.014020754472953001
8.53,0.22983382145438594,-0.014858904228055525,0.6922851141266884,0.33702394349468706,1.0621591918160072,0.8903588424492993,-0.008083445508129266,-0.011833747845721382,-0.006808513812021717,-0.016668084485313754,-0.024448738474309024,-0.014117255643999684
8.540000000000001,0.22977321702330145,-0.014822111340570487,0.6921985363899178,0.3369422738447146,1.0620396292309218,0.8902900498597787,-0.008250662706113536,-0.012079034934474367,-0.006950162297421807,-0.01677501642886699,-0.02460819648873071,-0.014212178919616852
8.55,0.2297113600412466,-0.014784582987612982,0.692110169296811,0.33685892671000955,1.0619176058502913,0.8902198360654685,-0.00841893907257427,-0.012325902133965576,-0.007092752149415897,-0.0168799191351825,-0.024764762046126494,-0.0143055298959695
8.56,0.22964824225414765,-0.01474631569248086,0.692020001055797,0.33677389160025334,1.0617931060174886,0.8901481917312245,-0.00858825434390025,-0.012574320562455726,-0.007236267673015794,-0.01698279836892221,-0.024918443723314504,-0.0143973141748947
8.57,0.22958385554519217,-0.014707306105930351,0.6919280200713797,0.33668715822747386,1.061666114364274,0.8900751076785722,-0.008758588314501525,-0.012824261424294043,-0.007380693229280309,-0.017083659969843373,-0.025069250161329455,-0.014487537363971716
8.58,0.22951819193433554,-0.014667551006228075,0.6918342149434337,0.33659871650546175,1.0615366158099313,0.8900005748851458,-0.008929920837565188,-0.013075696010564753,-0.007526013235373038,-0.017182509853753684,-0.025217190066275742,-0.014576205076589037
8.59,0.22945124357780677,-0.014627047299186957,0.691738574466499,0.3365085565491786,1.0614045955603963,0.889924584484127,-0.009102231825820484,-0.01332859569974189,-0.007672212164620765,-0.017279354013425993,-0.0253622722101467,-0.014663322932008237
8.6,0.22938300276761625,-0.014585792018193433,0.6916410876290771,0.336416668674158,1.0612700391073813,0.8898471277636839,-0.009275501252312874,-0.013582931958352161,-0.007819274546572521,-0.017374198519472715,-0.025504505431609946,-0.014748896555424633
8.61,0.22931346193106153,-0.014543782324217103,0.6915417436129239,0.33632304339589797,1.0611329322274903,0.8897681961664068,-0.009449709151186635,-0.01383867634164546,-0.007967184967059194,-0.01746704952117955,-0.025643898636758755,-0.014832931578024688
8.620000000000001,0.22924261363023418,-0.014501015505809511,0.691440531792346,0.3362276714292465,1.0609932609813273,0.8896877812887466,-0.00962483561847562,-0.014095800494272798,-0.008115928068253744,-0.017557913247298693,-0.025780460799829756,-0.014915433637040213
8.63,0.229170450561526,-0.014457488979088773,0.6913374417334959,0.3361305436877784,1.060851011712601,0.8896058748804504,-0.009800860812901583,-0.014354276150970992,-0.008265488548731815,-0.017646796006801125,-0.025914200963886507,-0.014996408375799174
8.64,0.22909696555513565,-0.01441320028770987,0.6912324631936646,0.3360316512831645,1.0607061710472194,0.8895224688439971,-0.00997776495668018,-0.014614075137254483,-0.008415851163533083,-0.017733704189588327,-0.02604512824146958,-0.015075861443773353
8.65,0.2290221515745746,-0.014368147102821638,0.6911255861205791,0.33593098552453243,1.0605587258923779,0.8894375552340331,-0.010155528336333498,-0.014875169370113054,-0.008567000724222833,-0.017818644267162898,-0.0261732518152127,-0.015153798496622593
8.66,0.2289460017161736,-0.014322327223009579,0.6910168006516952,0.33582853791782,1.0604086634356418,0.8893511262568056,-0.010334131303509296,-0.01513753085871571,-0.008718922098954045,-0.01790162279325831,-0.026298580938425152,-0.015230225196235667
8.67,0.22886850920858864,-0.014275738574225205,0.6909060971134932,0.3357243001651193,1.0602559711440211,0.8892631742695974,-0.010513554275806303,-0.015401131705120242,-0.008871600212529899,-0.01798264640442772,-0.026421124935640614,-0.015305147210767865
8.68,0.22878966741230702,-0.014228379209699105,0.6907934660207724,0.335618264164013,1.0601006367630383,0.8891736917801601,-0.01069377773760517,-0.015665944104988064,-0.009025020046466607,-0.01806172182059169,-0.026540893203132358,-0.01537857021467516
8.69,0.22870946981915324,-0.014180247309842076,0.6906788980759445,0.3355104220069031,1.0599426483157872,0.8890826714461456,-0.010874782240904723,-0.01593194034830404,-0.009179166639056567,-0.018138855845544945,-0.02665789520939493,-0.01545049988874499
8.700000000000001,0.22862791005179472,-0.01413134118213144,0.6905623841683303,0.3354007659803295,1.059781994101988,0.8889901060745393,-0.011056548406163085,-0.016199092820100996,-0.009334025085431848,-0.018214055367422065,-0.02677214049559235,-0.015520941920123623
8.71,0.2285449818632478,-0.014081659260979928,0.6904439153734523,0.3352892885642819,1.0596186626970314,0.8888959886210905,-0.011239056923143136,-0.016467374001188372,-0.009489580537627808,-0.018287327359122085,-0.026883638675972973,-0.015589902002340086
8.72,0.22846067913638277,-0.01403120010759401,0.6903234829523301,0.3351759824315024,1.0594526429510196,0.8888003121897436,-0.011422288551762258,-0.016736756468885238,-0.009645818204647166,-0.018358678878692178,-0.026992399438251023,-0.015657385835326696
8.73,0.2283749958834298,-0.013979962409815305,0.6902010783507744,0.33506084044677936,1.059283923987794,0.8887030700320678,-0.011606224122945466,-0.017007212897756564,-0.00980272335252403,-0.018428117069670298,-0.02709843254395508,-0.01572339912543616
8.74,0.2282879262454843,-0.01392794498194605,0.6900766931986813,0.33494385566623375,1.059112495203963,0.8886042555466862,-0.011790844539481886,-0.017278716060353003,-0.009960281304388197,-0.018495649161386893,-0.027201747828743354,-0.01578794758545515
8.75,0.22819946449201098,-0.013875146764562751,0.6899503193093265,0.3348250213365951,1.058938346267915,0.8885038622787055,-0.011976130776884015,-0.01755123882795364,-0.010118477440529544,-0.018561282469225705,-0.027302355202686084,-0.015851036934614485
8.76,0.22810960502035055,-0.013821566824312626,0.6898219486786594,0.3347043308944711,1.0587614671188292,0.8884018839191428,-0.012162063884249386,-0.017824754171311356,-0.010277297198462503,-0.018625024394843818,-0.027400264650515115,-0.015912672898595853
8.77,0.22801834235522317,-0.013767204353694662,0.6896915734845975,0.33458177796560673,1.0585818479656774,0.8882983143043539,-0.012348624985124228,-0.01809923516140058,-0.010436726072990595,-0.01868688242635078,-0.027495486231840425,-0.015972861209534974
8.78,0.22792567114823392,-0.013712058670828031,0.6895591860863204,0.33445735636413587,1.058399479286217,0.8881931474154602,-0.012535795278368728,-0.018374654970167024,-0.010596749616270969,-0.01874686413844745,-0.027588030081334956,-0.01603160760602147
8.790000000000001,0.22783158617737687,-0.013656129219202617,0.689424779023562,0.33433106009182323,1.0582143518259777,0.8880863773777737,-0.012723556039023491,-0.01865098687127913,-0.010757353437878953,-0.018804977192523883,-0.027677906408886038,-0.016088917833095084
8.8,0.22773608234653925,-0.013599415567416506,0.6892883450159076,0.334202883337299,1.0580264565972413,0.8879779984602244,-0.012911888619176647,-0.018928204240880663,-0.010918523204872414,-0.01886122933671709,-0.02776512549971507,-0.016144797642238518
8.81,0.22763915468500628,-0.013541917408896043,0.6891498769620839,0.33407282047528347,1.0578357848780118,0.8878680050747828,-0.013100774448831584,-0.019206280558344772,-0.011080244641856288,-0.01891562840592835,-0.02784969771446505,-0.016199252791366824
8.82,0.2275407983469644,-0.013483634561603786,0.6890093679392557,0.33394086606580364,1.0576423282109817,0.8877563917758863,-0.013290195036774442,-0.01948518940702837,-0.011242503531046758,-0.0189681823218005,-0.02793163348925603,-0.016252289044813278
8.83,0.22744100861100497,-0.013424566967727924,0.6888668112023175,0.3338070148534012,1.0574460784024855,0.8876431532598612,-0.01348013197144124,-0.01976490447502703,-0.011405285712335343,-0.019018899092655136,-0.02801094333570892,-0.01630391217331183
8.84,0.2273397808796283,-0.013364714693358148,0.6887222001831871,0.3336712617663316,1.05724702752145,0.8875282843643469,-0.013670566921784205,-0.020045399555930068,-0.011568577083352835,-0.019067786813390004,-0.028087637840937624,-0.016354127953976078
8.85,0.22723711067874627,-0.013304077928146696,0.6885755284900994,0.3335336019157546,1.0570451678983364,0.8874117800677168,-0.013861481638136823,-0.02032664854957521,-0.011732363599532938,-0.019114853665336835,-0.028161727667509847,-0.016402942170274812
8.86,0.22713299365718576,-0.013242656984952805,0.6884267899068995,0.3333940305949161,1.056840492124072,0.8872936354885012,-0.014052857953077357,-0.02060862546280287,-0.011896631274175725,-0.01916010791607966,-0.028233223553376638,-0.016450360612004142
8.870000000000001,0.22702742558619118,-0.013180452299471679,0.6882759783923351,0.33325254327832143,1.0566329930489784,0.8871738458848074,-0.014244677782290282,-0.02089130441020952,-0.012061366178510755,-0.019203557919233914,-0.02830213631177106,-0.016496389075256204
8.88,0.22692040235892721,-0.013117464429849957,0.6881230880793502,0.3331091356209,1.056422663781689,0.887052406653741,-0.014436923125425225,-0.0211746596148997,-0.012226554441759768,-0.019245212114186512,-0.0283684768310759,-0.016541033362384376
8.89,0.22681191998998063,-0.013053694056284093,0.6879681132743771,0.33296380345716114,1.0562094976880605,0.8869293133308247,-0.014629576066953408,-0.02145866540923699,-0.012392182251199263,-0.01928507902579717,-0.02843225607466097,-0.016584299281965222
8.9,0.2267019746148628,-0.01298914198060469,0.6878110484566293,0.33281654280034206,1.0559934883900763,0.8868045615894182,-0.014822618777020588,-0.02174329623559277,-0.01255823585222242,-0.019323167264061154,-0.028493485080690065,-0.016626192648756987
8.91,0.2265905624895109,-0.01292380912584401,0.6876518882773945,0.33266734984154644,1.0557746297647437,0.8866781472401362,-0.015016033512296611,-0.022028526647093115,-0.012724701548400738,-0.01935948552373373,-0.0285521749618977,-0.016666719283654714
8.92,0.22647767998978957,-0.012857696535790164,0.6874906275593259,0.3325162209488752,1.055552915942981,0.8865500662302667,-0.015209802616820966,-0.02231433130836325,-0.012891565701545132,-0.019394042583916634,-0.02860833690533613,-0.016705885013642046
8.93,0.2263633236109917,-0.012790805374524983,0.687327261295735,0.33236315266654826,1.0553283413085002,0.8864203146431882,-0.015403908522844028,-0.02260068499626936,-0.01305881473176661,-0.019426847307606798,-0.02866198217209272,-0.01674369567173973
8.94,0.22624748996734007,-0.012723136925946066,0.6871617846498836,0.33220814171401886,1.0551009004966803,0.8862888886977861,-0.015598333751663583,-0.022887562600657368,-0.013226435117536304,-0.019457908641207583,-0.02871312209697794,-0.016780157096950733
8.950000000000001,0.22613017579148642,-0.012654692593275285,0.6869941929542751,0.33205118498507846,1.054870588393433,0.8861557847478692,-0.015793060914456366,-0.023174939125088573,-0.013394413395745123,-0.019487235614002917,-0.028761768088184245,-0.01681527513420218
8.96,0.22601137793401277,-0.012585473898551192,0.6868244817099471,0.3318922795469538,1.0546374001340644,0.8860209992815848,-0.015988072713103908,-0.02346278968757144,-0.013562736161762496,-0.019514837337594567,-0.028807931626916243,-0.016849055634283915
8.97,0.22589109336293056,-0.012515482482106266,0.6866526465857621,0.3317314226393958,1.0544013311021236,0.8858845289208347,-0.016183351941012968,-0.02375108952129002,-0.01373139006949489,-0.019540723005302955,-0.02885162426699227,-0.016881504453783964
8.98,0.22576931916318038,-0.012444720102029683,0.6864786834176995,0.3315686116737605,1.0541623769282504,0.8857463704206875,-0.01637888148392943,-0.024039813975327805,-0.01390036183144333,-0.01956490189153178,-0.028892857634417634,-0.016912627455020698
8.99,0.22564605253613085,-0.012373188633614973,0.6863025882081456,0.3314038442320813,1.0539205334890103,0.8856065206687944,-0.01657464432074586,-0.024328938515387397,-0.01406963821876039,-0.019587383351096783,-0.02893164342693,-0.01694243050597184
9.0,0.22552129079907743,-0.012300890068792536,0.6861243571251854,0.33123711806613365,1.0536757969057255,0.8854649766848015,-0.016770623524302107,-0.02461843872450545,-0.014239206061306405,-0.019608176818519153,-0.02896799341351712,-0.01697091948020034
9.01,0.22539503138474104,-0.01222782651554749,0.685943986501894,0.3310684310964915,1.0534281635432994,0.8853217356197621,-0.01696680226217868,-0.024908290303762595,-0.014409052247704942,-0.019627291807283762,-0.02900191943390704,-0.016998100256777112
9.02,0.22526727184076517,-0.0121540001973231,0.6857614728356255,0.33089778141157605,1.0531776300090303,0.8851767947555496,-0.017163163797482558,-0.025198469072988287,-0.014579163725397503,-0.019644737909062744,-0.029033433398031456,-0.01702397872020071
9.03,0.2251380098292145,-0.012079413452409149,0.6855768127873046,0.33072516726669654,1.0529241931514222,0.8850301515042687,-0.01735969148962497,-0.025488950971459895,-0.014749527500697333,-0.01966052479290477,-0.0290625472854622,-0.01704856076031393
9.040000000000001,0.22500724312607115,-0.012004068733316109,0.6853900031807161,0.3305505870830833,1.0526678500589857,0.884881803407666,-0.017556368795091086,-0.0257797120585964,-0.014920130638842533,-0.019674662204390344,-0.02908927314482135,-0.01707185227221739
9.05,0.22487496962073206,-0.011927968606133876,0.6852010410017952,0.33037403944691346,1.052408598059034,0.8847317481365415,-0.017753179268200754,-0.026070728514645442,-0.015090960264048004,-0.019687159964753762,-0.02911362309316529,-0.01709385915618017
9.06,0.22474118731550496,-0.011851115749877572,0.6850099233979171,0.3301955231083285,1.0521464347164708,0.8845799834901572,-0.017950106561860798,-0.026361976641365,-0.01526200355955692,-0.019698027969971846,-0.029135609315342977,-0.017114587317547444
9.07,0.2246058943251052,-0.011773512955818743,0.6848166476771869,0.3300150369804461,1.0518813578325725,0.8844265073956483,-0.018147134425031356,-0.026653432860874755,-0.015433247767310447,-0.01970727083662801,-0.02915524108482014,-0.017134042045089254
9.08,0.22446908887677208,-0.011695163127055652,0.6846212113080405,0.3298325801394015,1.0516133654443407,0.8842713179075511,-0.018344246438867107,-0.026945073569105412,-0.015604680157275484,-0.019714863987610968,-0.029172511457646697,-0.01715222523433904
9.09,0.2243307693109432,-0.011616069278299002,0.6844236119191257,0.3296481518253133,1.0513424558243667,0.8841144132074416,-0.018541426362673308,-0.027236875328546562,-0.015776288067577793,-0.019720854507852638,-0.029187453388291536,-0.017169147097913836
9.1,0.2241909340794176,-0.01153623453460928,0.6842238472979238,0.3294617514390456,1.0510686274783545,0.883955791603084,-0.018738658220572923,-0.027528814916724882,-0.01594805891452936,-0.01972525249502614,-0.02920007927716008,-0.017184813550320904
9.11,0.22404958174456624,-0.011455662130554323,0.6840219153898947,0.3292733785407148,1.0507918791436108,0.8837954515277838,-0.018935926138011754,-0.027820869235490972,-0.01611998017360983,-0.01972806811584439,-0.029210401588497015,-0.017199230510561842
9.120000000000001,0.22390671097883125,-0.011374355409473236,0.6838178142977684,0.32908303284867346,1.0505122097878004,0.8836333915397956,-0.019133214342443507,-0.02811301531165388,-0.016292039379510896,-0.019729311604992597,-0.029218432849615526,-0.017212403902027107
9.13,0.22376232056422468,-0.011292317822723552,0.6836115422808364,0.3288907142384869,1.0502296186076925,0.8834696103217309,-0.019330507164003956,-0.028405230297607723,-0.016464224126179584,-0.01972899326403165,-0.02922418565010384,-0.01722433965238811
9.14,0.22361640939182653,-0.011209552928916344,0.6834030977542414,0.32869642274190286,1.0499441050279013,0.8833041066799653,-0.019527789036174293,-0.0286974914719506,-0.016636522066860653,-0.01972712346027293,-0.029227672641009228,-0.01723504369348675
9.15,0.22346897646128222,-0.011126064393139179,0.683192479288268,0.32850015854581477,1.0496556686996217,0.883136879544045,-0.01972504449643273,-0.028989776240094862,-0.01680892091413766,-0.019723712625624928,-0.02922890653399999,-0.017244521961222458
9.16,0.22332002088030029,-0.011041855986163307,0.6829796856076333,0.3283019219912186,1.0493643094993579,0.8829679279660939,-0.019922258186894654,-0.0292820621348691,-0.016981408439972936,-0.019718771255412243,-0.029227900100505612,-0.017252780395436776
9.17,0.22316954186414895,-0.010956931583640528,0.6827647155907763,0.32810171357216344,1.0490700275276468,0.8827972511202189,-0.020119414854940756,-0.029574326817111283,-0.017153972475746463,-0.019712309907167522,-0.02922466617083572,-0.01725982493979564
9.18,0.22301753873515245,-0.010871295165283845,0.682547568269148,0.32789953393469545,1.048772823107774,0.8826248483019165,-0.020316499353832947,-0.02986654807625317,-0.017326600912293495,-0.019704339199396702,-0.029219217633278057,-0.017265661541669218
9.19,0.22286401092218683,-0.010784950814037797,0.6823282428264991,0.32769538387579666,1.0484726967844844,0.8824507189274762,-0.020513496643317825,-0.030158703830895434,-0.017499281699941006,-0.019694869810318233,-0.029211567433175885,-0.017270296152009517
9.200000000000001,0.2227089579601752,-0.010697902715235685,0.682106738598172,0.32748926434231634,1.0481696493226909,0.8822748625333876,-0.020710391790217445,-0.030450772129373627,-0.017672002848542923,-0.019683912476576776,-0.029201728571985323,-0.017273734725225722
9.21,0.22255237948958295,-0.010610155155742373,0.6818830550703873,0.327281176429898,1.04786368170617,0.882097278775744,-0.020907169969006843,-0.030742731150314218,-0.017844752427513908,-0.019671477991931887,-0.02918971410631295,-0.017275983219057392
9.22,0.22239427525591177,-0.010521712523087534,0.6816571918795333,0.3270711213818997,1.0475547951362594,0.881917967429646,-0.02110381646237881,-0.031034559203181617,-0.018017518565862242,-0.019657577205922264,-0.029175537146934053,-0.017277047594445465
9.23,0.22223464510919338,-0.010432579304583578,0.6814291488114543,0.3268591005883091,1.0472429910305452,0.8817369283886066,-0.02130031666179471,-0.03132623472881457,-0.018190289452221047,-0.019642221022506054,-0.029159210857791978,-0.0172769338154012
9.24,0.22207348900348334,-0.010342760086434477,0.6811989258007382,0.3266451155846533,1.0469282710215462,0.8815541616639538,-0.02149665606802182,-0.031617736299952875,-0.018363053334878345,-0.01962542039867794,-0.029140748454979094,-0.01727564784887312
9.25,0.22191080699635315,-0.010252259552829823,0.6809665229300046,0.3264291680509029,1.0466106369553922,0.8813696673842348,-0.02169282029165672,-0.03190904262175368,-0.01853579852180576,-0.01960718634306334,-0.029120163205699528,-0.01727319566461189
9.26,0.2217465992483831,-0.010161082485028672,0.6807319404291923,0.32621125981037136,1.0462900908904968,0.8811834457946179,-0.02188879505363446,-0.03220013253229738,-0.018708513380685896,-0.01958752991449052,-0.029097468427214418,-0.017269583235033418
9.27,0.2215808660226536,-0.010069233760432228,0.6804951786748463,0.32599139282860895,1.045966635096227,0.8809954972562966,-0.022084566185723343,-0.03249098500308276,-0.018881186338938236,-0.019566462220541023,-0.0290726774857698,-0.017264816535079903
9.28,0.22141360768423668,-0.009976718351643432,0.6802562381894046,0.32576956921229205,1.0456402720515645,0.8808058222458907,-0.022280119631005145,-0.032781579139511505,-0.01905380588374375,-0.01954399441607917,-0.02904580379550792,-0.01725890154207927
9.290000000000001,0.22124482469968626,-0.009883541325516276,0.6800151196404854,0.3255457912081077,1.0453110044437668,0.8806144213548499,-0.022475441444340515,-0.03307189418136161,-0.019226360562068025,-0.019520137701761052,-0.02901686081736199,-0.01725184423560271
9.3,0.22107451763654157,-0.009789707842199014,0.6797718238401789,0.3253200612016549,1.044978835167031,0.8804212952888575,-0.02267051777039225,-0.033361909490447685,-0.019398838977974436,-0.019494887330365845,-0.028985852929222483,-0.01724364866596041
9.31,0.22090268716396358,-0.009695223154619348,0.6795263517449279,0.3250923817182269,1.0446437673222329,0.880226444867463,-0.022865334482236408,-0.03365160434453421,-0.01957122974894728,-0.019468227739251522,-0.028952778355405873,-0.017234317574083242
9.32,0.22072933405322576,-0.009600092607893351,0.6792787044553319,0.32486275542334303,1.044305804216519,0.8800298710236838,-0.023059877797986118,-0.033940958289519214,-0.019743521580329024,-0.019440209992113714,-0.028917673372022692,-0.017223861744141904
9.33,0.22055445917543737,-0.009504321637625879,0.6790288832145205,0.3246311851186837,1.043964949360275,0.8798315748030533,-0.023254134192565664,-0.03422995108927006,-0.0199157032546338,-0.019410845392344264,-0.028880551578627015,-0.01721228715535745
9.34,0.22037806350082784,-0.00940791576882083,0.6787768894073309,0.3243976737406144,1.0436212064655659,0.8796315573629804,-0.02344809025412526,-0.034518562643856054,-0.02008776361417566,-0.019380145281472576,-0.028841426615857518,-0.017199599788468294
9.35,0.22020014809823824,-0.009310880614868622,0.6785227245595974,0.32416222435905145,1.0432745794447749,0.879429819972152,-0.023641732684414538,-0.034806772989953466,-0.020259691561083034,-0.019348121037595006,-0.02880031216426078,-0.01718580562558225
9.36,0.2200207141346114,-0.00921322187652135,0.6782663903374347,0.32392484017632406,1.0429250724092316,0.8792263640099343,-0.023835048299140345,-0.03509456230123855,-0.020431476057311625,-0.019314784073788407,-0.02875722194310152,-0.017170910650027134
9.370000000000001,0.21983976287448292,-0.00911494534085816,0.6780078885465285,0.32368552452603316,1.0425726896678444,0.8790211909657752,-0.024028024028308562,-0.035381910888768894,-0.020603106124655927,-0.019280145836508285,-0.028712169709160188,-0.017154920846200208
9.38,0.21965729567947034,-0.009016056880242318,0.6777472211314172,0.323444280871907,1.0422174357257215,0.8788143024386053,-0.024220646916549664,-0.03566879920135223,-0.02077457084475904,-0.019244217803972338,-0.02866516925551836,-0.01713784219941645
9.39,0.21947331400776238,-0.008916562451267818,0.6774843901747802,0.32320111280665287,1.0418593152827929,0.8786057001362392,-0.02441290412342847,-0.03595520782590367,-0.02094585935912125,-0.019207011484529878,-0.02861623441033237,-0.017119680695755576
9.4,0.21928781941360748,-0.008816468093695073,0.6772193978967225,0.32295602405080653,1.0414983332324277,0.8783953858747774,-0.024604782923737037,-0.03624111748779006,-0.021116960869106798,-0.019168538415017877,-0.028565379035595705,-0.017100442321908205
9.41,0.21910081354680103,-0.008715779929381773,0.6769522466540588,0.32270901845157857,1.0411344946600474,0.8781833615780075,-0.024796270707771358,-0.0365265090511622,-0.02128786463594924,-0.01912881015910411,-0.028512617025890426,-0.017080133065020778
9.42,0.21891229815217428,-0.008614504161200132,0.6766829389396002,0.32246009998169806,1.0407678048417373,0.8779696292768053,-0.02498735498159127,-0.03681136351927434,-0.02145855998075522,-0.019087838305618245,-0.028457962307128385,-0.017058758912539763
9.43,0.2187222750690794,-0.008512647071947876,0.6764114773814363,0.3222092727382535,1.0403982692428528,0.8777541911085359,-0.025178023367263755,-0.037095662034791275,-0.021629036284506686,-0.01904563446687127,-0.028401428835282374,-0.017036325852054838
9.44,0.21853074623087665,-0.008410215023251733,0.6761378647422205,0.32195654094153187,1.0400258935166247,0.8775370493164558,-0.025368263603089254,-0.037379385880082494,-0.021799282988061566,-0.019002210276964023,-0.02834303059510781,-0.017012839871141296
9.450000000000001,0.21833771366441954,-0.008307214454458534,0.6758621039184529,0.321701908933855,1.0396506835027597,0.8773182062491128,-0.02555806354381111,-0.03766251647750363,-0.021969289592152812,-0.01895757739008555,-0.028282781598855545,-0.016988306957201747
9.46,0.21814317948954023,-0.008203651881523388,0.6755841979397652,0.32144538117841437,1.039272645226041,0.8770976643597488,-0.02574741116080779,-0.03794503538966478,-0.02213904565738583,-0.018911747478801713,-0.028220695884975975,-0.016962733097307094
9.47,0.21794714591853348,-0.008099533895886357,0.6753041499682014,0.3211869622581036,1.0388917848949224,0.8768754262056998,-0.025936294542268208,-0.03822692431968625,-0.02230854080423444,-0.018864732232334827,-0.02815678751681512,-0.016936124278036847
9.48,0.21774961525564113,-0.007994867163341413,0.6750219632975021,0.32092665687434996,1.0385081089001238,0.8766514944477977,-0.026124701893349565,-0.038508165111440756,-0.02247776471303515,-0.018816543354834965,-0.028091070581303047,-0.01690848648531896
9.49,0.21755058989657872,-0.007889658422918389,0.6747376413524093,0.32066446984601615,1.038121623813263,0.8764258718497808,-0.026312621475738356,-0.03878873971466289,-0.022646707116479543,-0.01876715888660442,-0.028023539664006763,-0.016879821534769447
9.5,0.21735007233018683,-0.007783914486573784,0.6744511876890931,0.3204004061118137,1.0377323363875242,0.8761985612781396,-0.026500041035765257,-0.039068629853554034,-0.022815357728785946,-0.018716561695745277,-0.027954192163621026,-0.016850131837336243
9.51,0.21714806513902446,-0.00767764223845957,0.6741626059950193,0.3201344707309643,1.0373402535573075,0.8759695657017441,-0.026686948900651843,-0.039347817662452246,-0.0229837063814003,-0.018664821804746563,-0.027883076018941643,-0.016819430592073997
9.52,0.21694457099602948,-0.00757084863266777,0.6738719000867447,0.31986666887735954,1.03694538243411,0.8757388881906693,-0.026873333701796193,-0.03962628552555055,-0.02315174298871357,-0.018611950894782795,-0.02781020536015252,-0.016787723772614237
9.53,0.21673959266376258,-0.007463540691969195,0.6735790739090716,0.319597005837993,1.0365477303048796,0.8755065319155471,-0.027059184187443748,-0.03990401596843146,-0.023319457524846272,-0.01855796065386389,-0.027735594334744658,-0.01675501735121073
9.540000000000001,0.21653313299389143,-0.0073557255066432625,0.673284131534331,0.3193254870117914,1.0361473046306007,0.8752725001469701,-0.02724448922274699,-0.04018099165823337,-0.023486840023633916,-0.018502862775104132,-0.027659257106188363,-0.016721317298581485
9.55,0.216325194926675,-0.007247410233299945,0.6729870771616662,0.3190521179084451,1.0357441130448781,0.8750367962548937,-0.027429237789807822,-0.04045719540380368,-0.023653880578610797,-0.01844666895498736,-0.02758120785260111,-0.016686629583750667
9.56,0.21611578149044716,-0.007138602093695823,0.6726879151163134,0.31877690414723886,1.035338163352519,0.8747994237080398,-0.02761341898770262,-0.040732610155838726,-0.023820569342992388,-0.018389390891628818,-0.02750146076541136,-0.016650960173890474
9.57,0.215904895801099,-0.00702930837354343,0.6723866498488853,0.3184998514558812,1.0349294635281132,0.8745603860732996,-0.0277970220324898,-0.041007219007010036,-0.02398689652965594,-0.018331040283034478,-0.02742003004801895,-0.016614315034163028
9.58,0.21569254106156188,-0.006919536421317318,0.6720832859346513,0.3182209656693356,1.0345180217146148,0.8743196870151373,-0.027980036257200077,-0.04128100519207747,-0.024152852411119648,-0.018271628825358335,-0.027336929914452357,-0.01657670012756231
9.59,0.21547872056128894,-0.006809293647051795,0.67177782807282,0.31794025272865045,1.034103846221918,0.874077330294994,-0.02816245111180914,-0.04155395208798864,-0.02431842731952011,-0.018211168211158382,-0.027252174588023412,-0.01653812141475628
9.6,0.21526343767573647,-0.006698587521136001,0.6714702810858195,0.31765771867978987,1.0336869455254374,0.8738333197706913,-0.028344256163193013,-0.04182604321396515,-0.02448361164658833,-0.018149670127651854,-0.02716577829997983,-0.016498584853929174
9.61,0.2150466958658444,-0.006587425573101158,0.6711606499185778,0.31737336967246466,1.0332673282646825,0.8735876593958357,-0.028525441095065912,-0.04209726223157506,-0.02464839584362407,-0.01808714625497031,-0.027077755288155935,-0.016458096400624022
9.620000000000001,0.21482849867751663,-0.006475815390406259,0.6708489396378032,0.3170872119589649,1.0328450032418361,0.8733403532192227,-0.028705995707900694,-0.04236759294479216,-0.0248127704214687,-0.018023608264415306,-0.026988119795622264,-0.016416662007585587
9.63,0.21460884974110106,-0.006363764617216605,0.6705351554312654,0.3167992518929926,1.032419979420329,0.8730914053842423,-0.028885909918831793,-0.04263701930004141,-0.024976725950476345,-0.017959067816715225,-0.02689688606933423,-0.016374287624603596
9.64,0.21438775277086797,-0.006251280953179561,0.6702193026070725,0.3165094959284953,1.0319922659234149,0.8728408201282831,-0.029065173761540792,-0.04290552538623115,-0.025140253060483588,-0.017893536560283745,-0.026804068358780443,-0.01633097919835645
9.65,0.2141652115644893,-0.00613837215219476,0.6699013865929531,0.3162179506185017,1.0315618720327457,0.8725886017821383,-0.02924377738612463,-0.04317309543477169,-0.025303342440777653,-0.01782702612948079,-0.026709680914631016,-0.016286742672255473
9.66,0.21394123000314763,-0.006025046021418179,0.6695814129358758,0.31592462261499515,1.031128807187563,0.8723347547695443,-0.02942171067347346,-0.04343971359077078,-0.025465984790489938,-0.017759452361468777,-0.026613681133328876,-0.016241571668521724
9.67,0.21371581205497953,-0.00591131042150822,0.6692593873034803,0.3156295186742701,1.0306930809871413,0.8720792836074251,-0.029598963210496137,-0.04370536389841833,-0.025628170815396357,-0.01769089592120855,-0.026516124258905382,-0.01619548100538772
9.68,0.21348896177217697,-0.005797173264476263,0.6689353154820685,0.31533264565186087,1.030254703187041,0.8718221929047961,-0.029775525428669576,-0.04397003097689536,-0.025789891374325285,-0.017621390511867757,-0.026417037668306127,-0.016148479460407667
9.69,0.21326068328853562,-0.005682642511718183,0.6686092033748366,0.31503401049821267,1.0298136836958032,0.8715634873617626,-0.029951387895876272,-0.04423369960010587,-0.02595113738807351,-0.01755094764464317,-0.026316435573970266,-0.01610057295599707
9.700000000000001,0.21303098081892596,-0.005567726172762688,0.6682810570011504,0.3147336202575163,1.0293700325735191,0.8713031717689251,-0.030126541295003972,-0.044496354684054724,-0.026111899836642635,-0.017479578809098766,-0.026214332183405256,-0.016051767410671533
9.71,0.21279985865877296,-0.005452432304021648,0.6679508824958241,0.31443148206655996,1.0289237600304089,0.8710412510067894,-0.030300976423720812,-0.04475798128679159,-0.026272169759199267,-0.017407295471483234,-0.02611074169786217,-0.01600206873889909
9.72,0.212567321183534,-0.005336769007537767,0.6676186861084,0.31412760315358196,1.028474876425403,0.8707777300451734,-0.03047468419423389,-0.04501856460834194,-0.026431938254033862,-0.01733410907305398,-0.026005678311014184,-0.015951482850953536
9.73,0.21233337284817727,-0.005220744429729529,0.6672844742024274,0.313821990837127,1.0280233922647217,0.8705126139426166,-0.03064765563303098,-0.045278089990624576,-0.026591196478518035,-0.01726003102840791,-0.02589915620763804,-0.01590001565276855
9.74,0.2120980181866598,-0.005104366760134427,0.6669482532547408,0.3135146525249047,1.0275693182004582,0.8702459078457895,-0.03081988188060557,-0.04553654291735611,-0.02674993564906044,-0.01718507272381999,-0.02579118956229976,-0.015847673045793098
9.75,0.21186126181140397,-0.00498764423014858,0.6666100298547366,0.3132055957126509,1.0271126650291578,0.8699776169889036,-0.030991354191165405,-0.04579390901394226,-0.026908147041061186,-0.017109245515589715,-0.025681792538044135,-0.015794460926847626
9.76,0.21162310841277485,-0.004870585111766357,0.6662698107036534,0.312894827982992,1.0266534436904056,0.8697077466931222,-0.031162063932324496,-0.046050174047356195,-0.02706582198886485,-0.017032560728396446,-0.0255709792850891,-0.01574038518798163
9.77,0.2113835627585564,-0.0047531977163172145,0.665927602613848,0.31258235700431264,1.0261916652654088,0.8694363023659695,-0.03133200258477874,-0.046305323926003714,-0.0272229518857121,-0.016955029653663866,-0.025458763939524974,-0.015685451716332295
9.78,0.21114262969342767,-0.004635490393201158,0.6655834125080724,0.3122681905296265,1.0257273409755847,0.8691632895007441,-0.03150116174196517,-0.04655934469957541,-0.02737952818368974,-0.01687666354793426,-0.02534516062201904,-0.015629666393984318
9.790000000000001,0.21090031413843793,-0.004517471528624084,0.6652372474187516,0.31195233639545056,1.025260482181147,0.8688887136759288,-0.031669533109705175,-0.04681222255888617,-0.02753554239367971,-0.016797473631253296,-0.025230183436526173,-0.015573035097831266
9.8,0.21065662109048278,-0.00439914954433035,0.6648891144872602,0.3116348025206835,1.0247911003796977,0.8686125805546048,-0.03183710850583131,-0.04706394383570134,-0.027690986085306193,-0.016717471085565483,-0.02511384646900529,-0.015515563699437945
9.81,0.21041155562270356,-0.004280532896671685,0.6645390209637136,0.3113155969069995,1.0243192072057343,0.8683348958840648,-0.032003879331253884,-0.047314494681469595,-0.027845850816275663,-0.01663654364221186,-0.024996088816290306,-0.015457241578906716
9.82,0.21016512288876577,-0.004161630077075595,0.6641869742089241,0.31099472764558417,1.0238448144340146,0.8680556654962763,-0.03216983671440473,-0.047563861155116585,-0.028000128151671164,-0.016554801378921725,-0.024876984651078037,-0.015398087818669429
9.83,0.20991732811899766,-0.00404244960954514,0.6638329816918178,0.3106722029105655,1.023367933974835,0.8677748953065655,-0.032334972745001966,-0.047812029972578045,-0.02815380982876587,-0.016472274965088653,-0.024756559911187855,-0.01533811089328924
9.84,0.20966817661777534,-0.0039230000486260574,0.6634770509875471,0.31034803095449337,1.0228885778705519,0.8674925913125766,-0.032499279636475455,-0.04805898799802944,-0.028306887645134986,-0.01638897538045844,-0.024634828577252486,-0.015277316647130591
9.85,0.20941767376299575,-0.003803289978136948,0.6631191897767664,0.31002222010723524,1.0224067582941836,0.8672087595936852,-0.03266274971183078,-0.04830472223533617,-0.028459353456768387,-0.01630491356018374,-0.02451180460641712,-0.015215710918744288
9.86,0.2091658250055512,-0.00368332800989829,0.6627594058449073,0.30969477877488216,1.0219224875480102,0.8669234063104158,-0.032825375403195786,-0.04854921982781245,-0.028611199178011824,-0.016220100393320246,-0.02438750193111565,-0.01515329954074237
9.870000000000001,0.20891263586880582,-0.0035631227824647893,0.6623977070814558,0.3093657154386606,1.0214357780621837,0.8666365377038572,-0.03298714925135226,-0.04879246805796833,-0.028762416781507052,-0.01613454672133733,-0.024261934457855926,-0.015090088339674911
9.88,0.20865811194807046,-0.003442682959857446,0.6620341014792296,0.30903503865384796,1.020946642393336,0.8663481600950814,-0.03314806390525245,-0.049034454347244114,-0.02891299829813037,-0.016048263336643328,-0.0241351160660138,-0.015026083135908346
9.89,0.20840225891007644,-0.003322017230293184,0.6616685971336507,0.30870275704869293,1.02045509322319,0.8660582798845604,-0.033308112121521474,-0.04927516625573344,-0.029062935816930473,-0.01596126098112599,-0.02400706060663643,-0.014961289743505635
9.9,0.20814508249245167,-0.00320113430492186,0.6613012022420252,0.30836887932334217,1.0199611433571776,0.865766903551585,-0.03346728676394458,-0.04951459148189359,-0.02921222148506457,-0.015873550344708876,-0.023877781901255547,-0.014895713970108276
9.91,0.20788658850319397,-0.003080042916557557,0.6609319251028162,0.3080334142487706,1.0194648057230538,0.8654740376536839,-0.0336255808029405,-0.04975271786224485,-0.02936084750773373,-0.015785142063923684,-0.023747293740710544,-0.014829361616820146
9.92,0.20762678282014518,-0.0029587518184169825,0.6605607741149189,0.30769637066571814,1.0189660933695197,0.8651796888260442,-0.033782987315020475,-0.04998953337105749,-0.029508806148116903,-0.015696046720499422,-0.023615609883981967,-0.014762238478093229
9.93,0.20736567139046572,-0.0028372697828545346,0.6601877577769377,0.3073577574836314,1.0184650194648472,0.864883863780932,-0.03393949948223319,-0.050225026120027536,-0.02965608972730384,-0.015606274839968692,-0.023482744057035883,-0.014694350341615385
9.94,0.20710326023010822,-0.0027156056001032547,0.65981288468646,0.30701758367961235,1.0179615972955054,0.8645865693071123,-0.03409511058727886,-0.05045918435524733,-0.029802690623624145,-0.015515825118584384,-0.023348702607214486,-0.014625701344685375
9.950000000000001,0.20683955542533777,-0.0025937680777338157,0.6594361635405064,0.3066758583006952,1.0174558402668659,0.8642878122697372,-0.03424981310152819,-0.05069199588822924,-0.02994860114533247,-0.015424568528213183,-0.02321341219503254,-0.014556277793520365
9.96,0.2065745631368467,-0.0024717660410122355,0.6590576031374762,0.30633259047034256,1.01694776190654,0.8639875996108188,-0.034403599790966626,-0.050923448785926695,-0.030093813685028524,-0.01533266187288677,-0.023076977815245682,-0.014486105902313707
9.97,0.2063082895941371,-0.0023496083298359394,0.658677212373497,0.3059877893791342,1.0164373758578527,0.8636859383474984,-0.034556464206338,-0.05115353167654948,-0.03023832078810254,-0.015240115421137656,-0.022939413038803355,-0.014415191428012562
9.98,0.20604074109369674,-0.002227303797020963,0.6582950002409528,0.30564146428163025,1.0159246958771684,0.8633828355711755,-0.03470840000076533,-0.05138223332382906,-0.030382115057478787,-0.015146939380086145,-0.022800731398957472,-0.014343540120476003
9.99,0.20577192399847366,-0.002104861307051231,0.6579109758277609,0.3052936244953503,1.0154097358325394,0.8630782984469328,-0.03485940092913062,-0.05160954262663662,-0.03052518915354432,-0.015053143894176323,-0.022660946390188702,-0.014271157722377801
10.0,0.20550184473734992,-0.001982289734829945,0.6575251483166451,0.304944279399759,1.0148925097023533,0.8627723342129626,-0.03500946084744164,-0.051835448618589776,-0.03066753579407659,-0.014958739043931957,-0.0225200714671456,-0.014198049969111493
10.01,0.20523050980461693,-0.0018595979644349114,0.6571375269844117,0.3045934384352578,1.014373031573992,0.8624649501799925,-0.03515857371218676,-0.05205994046764914,-0.03080914775417021,-0.014863734844732357,-0.022378120043596544,-0.014124222588697544
10.02,0.2049579257594482,-0.0017367948878774242,0.6567481212012232,0.30424111110218377,1.0138513156424855,0.8621561537307127,-0.035306733579677375,-0.05228300747570431,-0.030950017866162742,-0.014768141245608917,-0.022235105491395027,-0.014049681301692877
10.03,0.20468409922537478,-0.0016138894038617013,0.6563569404298724,0.3038873069598146,1.0133273762091781,0.8618459523192042,-0.035453934605378504,-0.052504639078149506,-0.03109013901955964,-0.014671968128062542,-0.022091041139458437,-0.013974431821102685
10.040000000000001,0.20440903688975792,-0.001490890416551982,0.655963994225058,0.3035320356253799,1.0128012276803942,0.8615343534703677,-0.035600171043227685,-0.05272482484344929,-0.031229504160958283,-0.014575225304902373,-0.021945940272760683,-0.01389847985229455
10.05,0.2041327455032646,-0.0013678068343397354,0.6555692922326589,0.3031753067730812,1.0122728845661106,0.8612213647793527,-0.03574543724494232,-0.05294355447269408,-0.03136810629397117,-0.014477922519106208,-0.02179981613133889,-0.013821831092914946
10.06,0.20385523187934024,-0.0012446475686159753,0.6551728441890057,0.30281713013311623,1.0117423614786312,0.8609069939109875,-0.03588972765931579,-0.053160817799145915,-0.03150593847914835,-0.014380069442703007,-0.02165268190931451,-0.01374449123280822
10.07,0.2035765028936916,-0.0011214215325519583,0.6547746599201627,0.3024575154907258,1.011209673131277,0.8605912485992127,-0.0360330368076869,-0.05337660477247311,-0.03164299383040758,-0.014281646776186931,-0.021504532186126874,-0.013666461717180564
10.08,0.20329656548659644,-0.0009981376408405018,0.6543747493428851,0.30209647268980977,1.0106748343400112,0.8602741366471838,-0.036175358203933305,-0.05359090476484312,-0.031779265356729,-0.014182543977602623,-0.0213553029174656,-0.013587730617567854
10.09,0.20301542666666073,-0.0008748048099141426,0.6539731224664388,0.30173401163888147,1.010137860026568,0.8599556659277159,-0.036316685933039404,-0.05380370758513625,-0.03191474619360644,-0.01408291491669555,-0.021205099941329957,-0.013508324771943105
10.1,0.2027330935044997,-0.0007514319547449744,0.6535697893884372,0.30137014230076886,1.0095987652111367,0.8596358443813465,-0.0364570147793158,-0.05401500356131355,-0.03204942962187343,-0.013982768967875396,-0.021053936256692787,-0.013428249837725842
10.11,0.20244957313116826,-0.0006280279872812877,0.6531647602934915,0.3010048746899893,1.0090575650099776,0.8593146800155222,-0.03659633962044476,-0.0542247831510786,-0.03218330897889811,-0.013882115430889503,-0.02090182481292492,-0.013347511464389807
10.120000000000001,0.20216487273763495,-0.0005046018152431997,0.6527580454524867,0.3006382188718196,1.0085142746341274,0.858992180904033,-0.03673465542672863,-0.05443303694137698,-0.03231637765850331,-0.013780963529855743,-0.020748778508914788,-0.013266115293398629
10.13,0.20187899957425764,-0.0003811623409264442,0.6523496552218565,0.30027018496137375,1.0079689093881101,0.8586683551864491,-0.03687195726032882,-0.054639755647887055,-0.03244862911088612,-0.013679322412319323,-0.020594810192203914,-0.013184066958144051
10.14,0.2015919609502577,-0.0002577184600093818,0.6519396000428543,0.2999007831226878,1.00742148466865,0.8583432110675572,-0.03700824027449555,-0.054844930114502415,-0.03258005684253707,-0.013577201148333709,-0.020439932658138253,-0.01310137208388673
10.15,0.20130376423319618,-0.00013427906036578285,0.65152789044083,0.29953002356781333,1.006872015963395,0.858016756816798,-0.037143499712788346,-0.05504855131280565,-0.03271065441615832,-0.013474608729565924,-0.02028415864903578,-0.013018036287699554
10.16,0.20101441684844829,-1.0853020882273245e-05,0.651114537024503,0.2991579165559179,1.00632051884964,0.8576890007677043,-0.03727773090828786,-0.05525061034153397,-0.03284041545058164,-0.013371554068426824,-0.020127500853370697,-0.012934065178413801
10.17,0.20072392627867974,0.00011255078971694754,0.6506995504852356,0.29878447239239403,1.0057670089930593,0.8573599513173404,-0.03741092928279902,-0.055451098426036814,-0.03296933362068568,-0.013268045997226096,-0.019969971904974043,-0.012849464356567752
10.18,0.20043230006332174,0.00023592351404116974,0.650282941596308,0.29840970142797585,1.005211502146443,0.8570296169257418,-0.03754309034604589,-0.0556500069177253,-0.03309740265731273,-0.013164093267352676,-0.01981158438225123,-0.012764239414358057
10.19,0.2001395457980474,0.00035925630719790824,0.6498647212121912,0.29803361405786416,1.0046540141484386,0.8566980061153562,-0.03767420969485855,-0.055847327293514444,-0.033224616347185244,-0.013059704548480672,-0.019652350807416705,-0.012678395935593863
10.200000000000001,0.19984567113585833,0.00048254033742323177,0.6494449002688143,0.29765622072343956,1.0040945609240135,0.8563651274708848,-0.03780428218918977,-0.056043050608530216,-0.033350968405291406,-0.012954713052131613,-0.019492167164920395,-0.012591912325193149
10.21,0.1995506837927001,0.000605766785241213,0.6490234897866247,0.2972775319212363,1.0035331584897393,0.856030989640248,-0.03793330254246429,-0.05623716788818442,-0.033476452566390126,-0.012849287789849385,-0.019331152468120522,-0.012504819017052037
10.22,0.19925459154171088,0.0007289268463525622,0.6486005008666405,0.2968975581937096,1.0029698229469812,0.8556956013327303,-0.038061266562737214,-0.05642967095250094,-0.03360106277734491,-0.012743447849933042,-0.019169326151882195,-0.012417123222374605
10.23,0.19895740221044705,0.000852011733518343,0.6481759446883397,0.29651631012478397,1.0024045704782691,0.8553589713178648,-0.03818817014503692,-0.05662055174682339,-0.03372479304105562,-0.012637201579416809,-0.019006700514080942,-0.012328830492818976
10.24,0.19865912368035937,0.0009750126776952861,0.6477498325089335,0.29613379833901765,1.0018374173460651,0.8550211084248782,-0.038314009267443716,-0.05680980233918098,-0.033847637415897,-0.012530557241537774,-0.01884328779383049,-0.012239946371699268
10.25,0.19835976388626964,0.001097920929164664,0.6473221756626384,0.29575003350077617,1.0012683798915387,0.8546820215421367,-0.03843877999024861,-0.056997414919697495,-0.03396959001563513,-0.012423523015104259,-0.018679100170826406,-0.012150476393957103
10.26,0.19805933081584934,0.0012207277586530063,0.6468929855599528,0.2953650263134148,1.000697474533352,0.8543417196165918,-0.038562478455106054,-0.05718338179999389,-0.034090645009343494,-0.012316106993890491,-0.018514149764707326,-0.012060426086135655
10.27,0.19775783250909623,0.0013434244584479282,0.6464622736869303,0.29497878751846884,1.0001247177664445,0.8540002116532284,-0.03868510088418059,-0.05736769541258458,-0.034210796621318915,-0.012208317186058106,-0.01834844863443451,-0.01196980096635663
10.28,0.19745527705781354,0.0014660023435041358,0.6460300516044546,0.2945913278948532,0.9995501261608298,0.8536575067145126,-0.038806643579288105,-0.05755034831026787,-0.034330039130997296,-0.01210016151360444,-0.018182008777689315,-0.011878606544299909
10.290000000000001,0.19715167260508754,0.0015884527525455994,0.6455963309475128,0.2942026582580696,0.9989737163603938,0.8533136139198405,-0.03892710292103133,-0.05773133316550982,-0.034448366872869014,-0.011991647811838004,-0.018014842130289258,-0.011786848321186129
10.3,0.19684702734476728,0.0017107670491567362,0.6451611234244721,0.2938127894594239,0.9983955050817026,0.852968542444989,-0.03904647536793064,-0.057910642769823106,-0.03456577423639427,-0.011882783828880961,-0.01784696056562229,-0.011694531789761903
10.31,0.19654134952098068,0.0018329366228577726,0.6447244408163753,0.2934217323853091,0.9978155091128544,0.8526223015215751,-0.0391647573890835,-0.05808826998729831,-0.03468225565495836,-0.011773527081775039,-0.01767834131034416,-0.011601654165840155
10.32,0.19623464743145924,0.00195495288897074,0.6442862949786876,0.2930294979625508,0.9972337453165142,0.8522749004375156,-0.03928194427400325,-0.05826420693372726,-0.0347978054096788,-0.011663794057294471,-0.017508933289922136,-0.011508205905542203
10.33,0.1959269294304815,0.0020768072886274136,0.6438466978427966,0.2926360971631478,0.9966502306325304,0.8519263485373866,-0.039398032165795245,-0.05843844637884954,-0.03491241796472861,-0.011553729699652831,-0.017338842993213047,-0.011414215142788984
10.34,0.1956182039220329,0.002198491291849125,0.6434056614112311,0.29224154099347416,0.9960649820698362,0.8515766552202183,-0.039513017788284845,-0.05861098155812253,-0.035026087922401875,-0.011443341425635951,-0.01716808205366259,-0.011319687339941134
10.35,0.19530847935850565,0.0023199963988514427,0.6429631977564361,0.29184584049229606,0.9954780167044289,0.8512258299387463,-0.03962689793902622,-0.058781805823018535,-0.035138809939574966,-0.011332636564160217,-0.01699666204069918,-0.011224627951083685
10.36,0.19499776424017867,0.002441314141093609,0.6425193190200449,0.2914490067300395,0.9948893516782138,0.8508738821988633,-0.03973966948842204,-0.05895091264038217,-0.035250578727623785,-0.01122162235594058,-0.01682459445928096,-0.011129042422028336
10.370000000000001,0.19468606711469888,0.00256243608231832,0.6420740374121581,0.2910510508080654,0.9942990041978538,0.8505208215590776,-0.03985132937883981,-0.05911829559178346,-0.035361389052340965,-0.011110305953186178,-0.016651890749461988,-0.011032936190318613
10.38,0.19437339657656247,0.0026833538195843443,0.6416273652106156,0.2906519838579555,0.993706991533625,0.8501666576299666,-0.039961874623725295,-0.059283948372866484,-0.03547123573385316,-0.010998694419323442,-0.016478562285977015,-0.010936314685237657
10.39,0.19405976126659685,0.0028040589842902586,0.6411793147602732,0.29025181704080494,0.9931133310182798,0.8498114000736359,-0.04007130230671379,-0.059447864792694816,-0.03558011364653882,-0.010886794728746799,-0.016304620377845195,-0.010839183327818776
10.4,0.19374516987144305,0.002924543243190636,0.6407298984722788,0.2898505615465254,0.992518040045915,0.8494550586031762,-0.04017960958073825,-0.0596100387730917,-0.03568801771894531,-0.010774613766597496,-0.016130076267993402,-0.010741547530859085
10.41,0.19342963112303888,0.003044798299402074,0.6402791288233473,0.28944822859315644,0.9919211360708488,0.8490976429821218,-0.040286793667136084,-0.05977046434797793,-0.03579494293370701,-0.010662158328569735,-0.01595494113289796,-0.010643412698935512
10.42,0.19311315379810237,0.0031648158934029502,0.6398270183550367,0.2890448294261861,0.9913226366065017,0.8487391630239113,-0.04039285185392641,-0.05992913566210946,-0.03590088432731652,-0.010549429544846896,-0.015779222066113575,-0.01054478324129979
10.43,0.19279574671979655,0.003284587803360939,0.6393735796744918,0.2886403753213133,0.9907225592267601,0.8483796285919545,-0.04049778049716984,-0.060086046251766535,-0.03600583681340824,-0.010436255576107266,-0.015602801574536324,-0.010445632953410918
10.44,0.19247741876308738,0.0034041058443566863,0.6389188254576699,0.28823487759303207,0.9901209215715298,0.8480190496007312,-0.040601576105775285,-0.06024118982607826,-0.03610979537488343,-0.010322823702422332,-0.015425820824153218,-0.010345999214864048
10.450000000000001,0.19215817884819858,0.0035233618712169346,0.6384627684445671,0.28782834758447584,0.9895177413387947,0.8476574360135702,-0.04070423613310039,-0.06039456083715822,-0.03621275520412836,-0.010209140390411299,-0.015248290744118473,-0.01024588740290128
10.46,0.191838035938287,0.003642347780031141,0.6380054214372783,0.28742079666392273,0.9889130362814723,0.8472947978416082,-0.040805758096725174,-0.060546153846076284,-0.036314711547262166,-0.010095212017940823,-0.015070222196531464,-0.010145302886888093
10.47,0.1915169990389276,0.0037610555091074915,0.6375467972992742,0.28701223622415756,0.9883068242063278,0.8469311451432522,-0.04090613957756449,-0.06069596352218718,-0.03641565970405856,-0.009981044874093997,-0.01489162597619089,-0.01004425102834527
10.48,0.19119507719759904,0.0038794770399203093,0.6370869089546765,0.28660267768184305,0.9876991229728934,0.846566488023643,-0.041005378218979996,-0.06084398464245603,-0.03651559502786721,-0.0098666451591675,-0.014712512810369022,-0.009942737180984072
10.49,0.19087227950316926,0.003997604398046528,0.6366257693875358,0.28619213247689973,0.987089950492397,0.8462008366341212,-0.04110347172589253,-0.06099021209078225,-0.03661451292553614,-0.00975201898469561,-0.014532893358604087,-0.009840766690743588
10.5,0.19054861508538257,0.004115429654095393,0.6361633916411089,0.2857806120718949,0.9864793247266954,0.8458342011716912,-0.04120041786389468,-0.061134640857321246,-0.03671240885733403,-0.00963717237350214,-0.014352778212512544,-0.009738344895831162
10.51,0.1902240931143469,0.0042329449246250594,0.6356997888171358,0.2853681279514402,0.9858672636872158,0.845466591878488,-0.04129621445836398,-0.0612772660378041,-0.03680927833687311,-0.009522111259779578,-0.014172177895620107,-0.009635477126765312
10.52,0.18989872280002185,0.004350142373054089,0.6352349740751173,0.28495469162159826,0.9852537854339024,0.8450980190412442,-0.04139085939357722,-0.0614180828328562,-0.03690511693103258,-0.009406841489195723,-0.013991102863212045,-0.00953216870642143
10.53,0.18957251339171435,0.00446701421055723,0.6347689606315979,0.28454031460930923,0.9846389080741805,0.8447284929907597,-0.041484350590362845,-0.061557086531054045,-0.03699992025576057,-0.009291340797289334,-0.013809542273430547,-0.00942841956868146
10.540000000000001,0.18924547418054327,0.004583552696093451,0.6343017617615527,0.2841250084664491,0.9840226497654275,0.84435802410226,-0.041576684890892356,-0.06169427166404777,-0.037093683761999195,-0.00917548644342941,-0.013627409163806867,-0.009324210361010993
10.55,0.18891761450361963,0.004699750135949865,0.6338333908009908,0.28370878477656475,0.9834050287194737,0.8439866227962681,-0.04166785967124434,-0.06182963322819346,-0.037186403045461475,-0.00905943769054909,-0.013444830210904967,-0.009219575897303755
10.56,0.1885889437372293,0.004815598886476702,0.6333638611417675,0.2832916551444851,0.9827860631941289,0.843614299536186,-0.0417578730151471,-0.061963166816157635,-0.037278073880091744,-0.008943200067916813,-0.013261815623272461,-0.009114521477302517
10.57,0.18825947129514098,0.004931091355294515,0.632893186230027,0.28287363119392733,0.9821657714907676,0.8432410648274119,-0.04184672306118892,-0.06209486812235287,-0.037368692092795905,-0.00882677901828482,-0.013078375541562449,-0.00900905239357975
10.58,0.18792920662809526,0.005046220002147217,0.6324213795654794,0.2824547245669516,0.9815441719533139,0.84286692921681,-0.04193440800195402,-0.06222473294225858,-0.03745825356336993,-0.008710179898151113,-0.01289452003849251,-0.008903173931597667
10.59,0.18759815922329603,0.005160977339746076,0.6319484547006798,0.2820349469234259,0.980921282967235,0.8424919032921822,-0.042020926083161575,-0.06235275717174162,-0.03754675422442917,-0.008593407978047786,-0.012710259118822223,-0.008796891369770733
10.6,0.18726633860390202,0.005275355934600101,0.6314744252403073,0.28161430994049924,0.9802971229585397,0.842115997681741,-0.042106275602807504,-0.06247893680637658,-0.037634190061338085,-0.008476468442855732,-0.012525602719349303,-0.00869020997953062
10.61,0.1869337543285184,0.005389348407841665,0.630999304840445,0.2811928253120825,0.9796717103927858,0.8417392230535816,-0.042190454910309705,-0.06260326794076627,-0.03772055711214086,-0.008359366392145802,-0.012340560708924602,-0.008583135025393866
10.620000000000001,0.18660041599069022,0.005502947436035688,0.6305231072078581,0.28077050474833903,0.9790450637740928,0.8413615901151553,-0.04227346240565686,-0.06272574676786258,-0.037805851467492636,-0.008242106840545792,-0.012155142888485182,-0.00847567176503166
10.63,0.18626633321839609,0.005616145751983714,0.6300458460992772,0.28034735997518295,0.9784172016441616,0.840983109612745,-0.04235529653856062,-0.06284636957828708,-0.037890069270591166,-0.008124694718133941,-0.011969358991106616,-0.008367825449342585
10.64,0.1859315156738913,0.005728936145418473,0.6295675353209371,0.2799234027343225,0.9777881425817326,0.8406037923310512,-0.04243595552526377,-0.06296513253259443,-0.037973206657533655,-0.008007035734258804,-0.011783138958529392,-0.008259580404518106
10.65,0.18559597305876613,0.005841311462250087,0.6290881887320476,0.27949864479132724,0.9771579052084969,0.8402236490944741,-0.04251543660965813,-0.06308203106707627,-0.03805525960152153,-0.007889157338845305,-0.0115965106332695,-0.008150946655278562
10.66,0.18525971511254477,0.005953264605622288,0.6286078202433999,0.27907309793376894,0.9765265081870234,0.8398426907662964,-0.042593738203747206,-0.06319706161507029,-0.03813622436461246,-0.007771138452669046,-0.01140954324893189,-0.008041945097807104
10.67,0.1849227516074653,0.006064788538000354,0.6281264438131036,0.2786467739634973,0.9758939702139712,0.8394609282466302,-0.0426708589258712,-0.06331022083351331,-0.03821609729489406,-0.007652983711693521,-0.011222246299905739,-0.007932580965047507
10.68,0.18458509234782544,0.006175876281963588,0.6276440734457548,0.2782196846959487,0.9752603100189569,0.8390783724718457,-0.042746797440322865,-0.06342150547395274,-0.03829487479275233,-0.0075346976705562155,-0.011034629213954076,-0.007822859483753254
10.69,0.1842467471694786,0.006286520920947447,0.6271607231917162,0.2777918419596899,0.9746255463636109,0.838695034414047,-0.04282155245653688,-0.06353091238188101,-0.03837255331081019,-0.007416284803104963,-0.010846701352367231,-0.007712785874572347
10.700000000000001,0.18390772593933066,0.006396715599973846,0.6266764071463993,0.27736325759597097,0.973989698040642,0.8383109250805519,-0.042895122728284815,-0.06363843849607191,-0.03844912935386689,-0.007297749502958644,-0.01065847201013351,-0.007602365352134094
10.71,0.183568038554837,0.006506453526372524,0.6261911394495465,0.2769339434582861,0.9733527838729076,0.8379260555133691,-0.04296750705287579,-0.06374408084791845,-0.03852459947883834,-0.007179096084092566,-0.010469950416127926,-0.00749160312513843
10.72,0.18322769494350105,0.006615727970489205,0.6257049342845122,0.27650391141194186,0.9727148227124903,0.837540436788678,-0.0430387042703628,-0.06384783656077246,-0.038598960294698004,-0.007060328781447834,-0.010281145733318089,-0.007380504396447209
10.73,0.1828867050623728,0.0067245322663851415,0.6252178058775466,0.27607317333363385,0.9720758334397833,0.837154080016308,-0.043108713262755935,-0.06394970284928704,-0.03867220846241933,-0.006941451751564768,-0.010092067058987469,-0.007269074363177725
10.74,0.1825450788975696,0.006832859812520853,0.6247297684970945,0.275641741111062,0.971435834962605,0.8367669963392268,-0.04317753291213547,-0.06404967698324467,-0.03874434068523521,-0.006822432783162297,-0.009902692069895686,-0.007157309667963428
10.75,0.18220282646693672,0.006940704071599524,0.6242408364556294,0.27520962664730375,0.9707948462194286,0.8363791969341464,-0.04324516109686123,-0.06414775542028513,-0.038815353472302104,-0.00670318726094936,-0.009712953166474901,-0.0070451946212548725
10.76,0.18185995782301112,0.007048058570351068,0.6237510241117329,0.2747768418656481,0.970152886183007,0.8359906930122384,-0.04331159632590383,-0.06424393521800048,-0.03888524352382405,-0.006583842301055376,-0.009522965688824008,-0.0069327634235010205
10.77,0.18151648304681114,0.007154916901721431,0.6232603458647729,0.27434339870055846,0.9695099738520139,0.8356014958165794,-0.04337683762439747,-0.0643382139350602,-0.038954007704217655,-0.006464401793238494,-0.009332738508639664,-0.006820021259245334
10.78,0.18117241224652444,0.007261272725736456,0.622768816153532,0.273909309096054,0.9688661282490941,0.8352116166213428,-0.043440884056002264,-0.06443058921853186,-0.0390216429297194,-0.006344869553060425,-0.009142280433899313,-0.00670697330794761
10.790000000000001,0.1808277555570082,0.007367119770135877,0.6222764494554899,0.2734745850053273,0.9682213684199821,0.8348210667312803,-0.043503734722166,-0.06452105880324532,-0.0390881461683353,-0.006225249322648233,-0.008951600209176633,-0.006593624744087378
10.8,0.18048252313929203,0.0074724518309995935,0.6217832602861083,0.27303923839037114,0.9675757134326282,0.8344298574812056,-0.04356538876139399,-0.06460962051116072,-0.0391535144397918,-0.006105544771478534,-0.008760706515973733,-0.006479980737269516
10.81,0.18013672518007934,0.007577262773359628,0.6212892631981144,0.27260328122161037,0.9669291823763296,0.834038000235476,-0.04362584534852638,-0.06469627225073937,-0.03921774481548747,-0.005985759497183208,-0.00856960797306889,-0.006366046452331392
10.82,0.17979037189125202,0.007681546531803585,0.6207944727807869,0.2721667254775432,0.9662817943608696,0.8336455063874773,-0.04368510369402375,-0.06478101201631803,-0.0392808344184458,-0.005865897026377134,-0.008378313136880878,-0.006251827049452271
10.83,0.17944347350937356,0.007785297111065237,0.6202989036592398,0.2717295831443879,0.9656335685156606,0.8332523873591067,-0.043743163043261396,-0.06486383788748765,-0.0393427804232693,-0.005745960815506867,-0.008186830501848551,-0.0061373276842641876
10.84,0.17909604029519596,0.007888508586605614,0.6198025704937111,0.2712918662157384,0.9649845239888974,0.832858654600258,-0.04380002267166112,-0.06494474802453974,-0.039403580054974734,-0.00562594331405638,-0.00799515817997052,-0.006022550571239014
10.85,0.1787480825351757,0.007991175104681059,0.6193054879806104,0.27085358669520604,0.9643346799495244,0.8324643195891068,-0.0438556810718937,-0.06502373990154071,-0.03946323037090068,-0.0055057256200989925,-0.0078031892146287075,-0.005907468041412116
10.86,0.17839961054541553,0.008093290881819315,0.6188076708556949,0.2704147566026536,0.9636840555925956,0.8320693938333587,-0.04391013696726422,-0.06510081126260125,-0.03952172853293814,-0.005385442884284481,-0.007611056377981389,-0.005792120652009638
10.870000000000001,0.1780506346660812,0.008194850206666715,0.6183091338888975,0.2699753879663279,0.9630326701313254,0.8316738888677094,-0.04396338972352396,-0.06517596051049207,-0.03957907191823903,-0.005265098329668896,-0.0074187679568703336,-0.005676513551925328
10.88,0.1777011652596399,0.008295847440844883,0.617809891882503,0.2695354928206581,0.9623805427944876,0.8312778162528265,-0.04401543873832855,-0.0652491861305552,-0.039635257955425,-0.005144695114200258,-0.007226332178765721,-0.0055606518862233514
10.89,0.17735121271036575,0.00839627701947665,0.6173099596704341,0.26909508320593994,0.9617276928255918,0.8308811875748336,-0.044066283440591505,-0.06532048669011246,-0.0396902841245497,-0.005024236331678449,-0.007033757212227065,-0.005444540796256661
10.9,0.1770007874238471,0.008496133451700527,0.6168093521175367,0.2686541711680263,0.961074139482067,0.8304840144447966,-0.044115923289847626,-0.06538986083787851,-0.039744147957062194,-0.004903725012734468,-0.006841051167378993,-0.00532818541978715
10.91,0.17664989982649426,0.008595411321174973,0.61630808411887,0.2682127687580246,0.9604199020344506,0.8300863084982107,-0.04416435777562645,-0.06545730730337934,-0.039796847035771785,-0.0047831641258283125,-0.006648222096401091,-0.005211590891107205
10.92,0.17629856036504776,0.008694105286571052,0.6158061705989915,0.26777088803199894,0.9597649997655832,0.8296880813944858,-0.04421158641683535,-0.06552282489637488,-0.0398483789948138,-0.004662556578265446,-0.006455277994031996,-0.005094762341162803
10.93,0.1759467795060877,0.008792210082052498,0.6153036265112475,0.2673285410506806,0.9591094519698089,0.8292893448164342,-0.04425760876115338,-0.06558641250628759,-0.039898741519616886,-0.004541905217231344,-0.0062622267980873385,-0.004977704897678024
10.94,0.17559456773554435,0.008889720517747113,0.614800466837061,0.2668857398791834,0.9584532779521826,0.828890110469758,-0.04430242438052394,-0.06564806909751097,-0.03994793234564057,-0.004421202981099052,-0.006069066002886406,-0.004860420585939637
10.950000000000001,0.1752419355600127,0.008986631479784124,0.6142967065869698,0.2664424965893238,0.9577964970304222,0.8284903900833539,-0.044346032166022814,-0.06570779296586467,-0.03999594903665089,-0.004300347815756015,-0.005875692933186962,-0.004742881555981793
10.96,0.1748888935101802,0.009082937929850654,0.6137923608037089,0.26599882326498675,0.9571391285400729,0.8280901954105757,-0.04438843121526562,-0.0657655826744654,-0.04004278926410558,-0.004179456176520438,-0.005682235348862357,-0.004625128729540259
10.97,0.174535452135797,0.009178634906717553,0.6132874445571073,0.26555473199531376,0.9564811918268284,0.8276895382266638,-0.04442962117682065,-0.06582143741697377,-0.04008845091567734,-0.004058530715700071,-0.005488701002297241,-0.004507167233708192
10.98,0.17418162200406945,0.009273717526927183,0.6127819729422916,0.2651102348728295,0.9558227062440593,0.8272884303277246,-0.04446960172550679,-0.06587535646430515,-0.04013293193029744,-0.003937574031259447,-0.005295097592107384,-0.004389002193108205
10.99,0.17382741369917065,0.009368180985210084,0.6122759610789785,0.2646653439931809,0.9551636911520427,0.8268868835302196,-0.04450837256185539,-0.06592733916409445,-0.04017623029813146,-0.0038165886679461195,-0.005101432763726443,-0.00427063873002172
11.0,0.17347283782175282,0.009462020554887374,0.6117694241107627,0.2642200714548838,0.9545041659171983,0.8264849096704523,-0.04454593341158402,-0.06597738494016762,-0.0402183440605567,-0.003695577118432288,-0.004907714110004757,-0.0041520819645192875
11.01,0.17311790498845878,0.009555231588263158,0.6112623772044068,0.2637744293590727,0.9538441499113285,0.8260825206040568,-0.044582284025081416,-0.06602549329201873,-0.04025927131014065,-0.0035745418244720896,-0.004713949171820948,-0.004033337014592372
11.02,0.17276262583143565,0.009647809517005279,0.6107548355491339,0.2633284298092571,0.9531836625108648,0.8256797282054856,-0.04461742417690407,-0.06607166379429326,-0.040299010190620814,-0.0034534851780733808,-0.004520145438704879,-0.003914408996285859
11.03,0.1724070109978479,0.00973974985251519,0.6102468143559168,0.26288208491108206,0.9525227230961186,0.8252765443674975,-0.04465135366528485,-0.06611589609627802,-0.040337558896886075,-0.0033324095226843547,-0.0043263103494728125,-0.003795303023831881
11.040000000000001,0.17205107114940185,0.009831048186283275,0.6097383288567821,0.26243540677210775,0.9518613510505538,0.8248729810006528,-0.0446840722910245,-0.06615818989623787,-0.040374915667044896,-0.003211296600986279,-0.004132426225611688,-0.003676016324592312
11.05,0.1716948169639484,0.009921700189789329,0.6092293943063908,0.26198840750446806,0.9511995657635712,0.8244690500339087,-0.04471557922097702,-0.06619854416518527,-0.040411078538393826,-0.003090087076624341,-0.003938425294833978,-0.003556530382362884
11.06,0.17133825913758838,0.010011701614305146,0.6087200259841704,0.2615410992282271,0.9505373866341421,0.8240647634154831,-0.04474587399000166,-0.06623695836894128,-0.040446045731970026,-0.0029688647842158345,-0.0037444144044812776,-0.003436881623454197
11.07,0.17098140838016923,0.010101048292106729,0.608210239189205,0.2610934940655958,0.9498748330632949,0.8236601331102094,-0.04477495648140987,-0.06627343244434467,-0.040479815645206696,-0.0028476319149722336,-0.003550400833509953,-0.003317075167659539
11.08,0.17062427541417072,0.01018973613692542,0.6077000492388374,0.2606456041398433,0.9492119244523265,0.8232551710986904,-0.044802826600212856,-0.06630796640078734,-0.040512386726729493,-0.0027263906178880107,-0.0033563918137568816,-0.003197116133721167
11.09,0.17026687097422027,0.01027776114425033,0.6071894714679618,0.2601974415750816,0.9485486802020788,0.8228498893767868,-0.04482948427270604,-0.06634056031974701,-0.040543757476346844,-0.00260514300099737,-0.0031623945306293354,-0.003077009639466027
11.1,0.1699092058066083,0.010365119391619493,0.6066785212283161,0.25974901849605525,0.9478851197122209,0.8224442999551055,-0.04485492944606553,-0.06637121435432598,-0.04057392644504134,-0.0024838911326428713,-0.0029684161238051417,-0.002956760801942327
11.11,0.16955129066880456,0.010451807038900696,0.6061672138877754,0.2593003470279341,0.9472212623805338,0.8220384148584876,-0.044879162087957905,-0.06639992872879791,-0.04060289223496286,-0.0023626370427551223,-0.002774463687942246,-0.002836374737556543
11.120000000000001,0.169193136328975,0.010537820328558933,0.6056555648296448,0.2588514392961105,0.9465571276022028,0.8216322461254969,-0.04490218218616221,-0.06642670373816072,-0.040630653499422645,-0.002241382724143869,-0.002580544273398505,-0.002715856562211462
11.13,0.16883475356549923,0.010623155585914701,0.6051435894519547,0.2584023074260001,0.9458927347691112,0.821225805807908,-0.04492398974820552,-0.06645153974769767,-0.040657208942889066,-0.002120130133799274,-0.0023866648869603027,-0.002595211391444498
11.14,0.1684761531665564,0.010707809219376752,0.6046313031668428,0.25795296354293545,0.9452281032692723,0.8208191059702404,-0.04494458473522391,-0.06647443709449459,-0.040682557288276154,-0.001998848953504182,-0.0021927844405181304,-0.002474428310983932
11.15,0.1681173459321309,0.0107917777202019,0.6041187214030432,0.257503419775204,0.9445632524909499,0.8204121586908514,-0.04496396660673186,-0.06649539540903683,-0.04070669705077675,-0.001877526384220131,-0.0019988879642062665,-0.002353505133238805
11.16,0.1677583426742357,0.010875057662607934,0.6036058596060881,0.25705368825477454,0.9438982018233272,0.8200049760618803,-0.044982135286750206,-0.06651441505520961,-0.04072962701836798,-0.0017562109664896474,-0.0018050519158153825,-0.0022324701836120013
11.17,0.16739915421340268,0.01095764570458796,0.6030927332337153,0.25660378111317345,0.9432329706499523,0.8195975701867797,-0.04499909085607171,-0.06653149667170095,-0.040751346098966655,-0.001634904550804039,-0.0016112831704394332,-0.0021113285892926208
11.18,0.16703979137799022,0.011039538588151099,0.6025793577548917,0.256153710481027,0.9425675783476423,0.8191899531796661,-0.04501483341384758,-0.0665466409657509,-0.04077185325176336,-0.0015136089585848639,-0.0014175885635238417,-0.001990085477853516
11.19,0.16668026500370217,0.011120733139515226,0.6020657486491097,0.25570348848787955,0.9419020442858016,0.8187821371648079,-0.04502936307730354,-0.06655984871275904,-0.04079114748722688,-0.0013923259835326679,-0.0012239748916342912,-0.0018687459773887496
11.200000000000001,0.1663205859331059,0.011201226269285214,0.6015519214056819,0.2552531272620137,0.9412363878257407,0.8183741342761124,-0.04504267998146935,-0.06657112075589935,-0.04080922786711012,-0.0012710573929839415,-0.0010304489132339327,-0.0017473152166518745
11.21,0.1659607650151522,0.011281014972621406,0.6010378915230377,0.2548026389302744,0.9405706283200019,0.8179659566566132,-0.04505478427892201,-0.06658045800574325,-0.040826093504457435,-0.0011498049292748042,-0.0008370173494672514,-0.0016257983251940656
11.22,0.16560081310469416,0.011360096329396996,0.6005236745080181,0.25435203561789327,0.9399047851116855,0.8175576164579563,-0.04506567613954248,-0.06658786143989019,-0.04084174356361312,-0.001028570311111754,-0.0006436868849513866,-0.0015042004335026843
11.23,0.165240741062008,0.011438467504344463,0.6000092858751744,0.25390132944831834,0.939238877533783,0.8171491258398884,-0.04507535575028655,-0.06659333210260662,-0.040856177260231774,-0.0009073552349486973,-0.0004504641685741768,-0.0013825266731399967
11.24,0.16488055975254912,0.011516125747151107,0.5994947411464397,0.2534505325433178,0.9385729249090639,0.8167404969699398,-0.04508382319226461,-0.06659687085727867,-0.04086939377326295,-0.0007861248421609233,-0.0002572822143392336,-0.0012607559677040637
11.25,0.16452028004893504,0.011593068392190209,0.5989800558543402,0.2529996570256751,0.9379069465551814,0.8163317420249644,-0.04509107829383876,-0.06659847809052989,-0.04088139213972248,-0.0006648994092246434,-6.418511374954822e-05,-0.0011389068093411916
11.26,0.16415991282949122,0.01166929285881746,0.5984652455397433,0.25254871501788784,0.9372409617817263,0.8159228731898125,-0.045097121261928844,-0.06659815498406006,-0.04089217170773236,-0.0005436984196581707,0.0001287846359968698,-0.0010169971358106869
11.27,0.16379946897608505,0.01174479665175615,0.597950325748475,0.2520977186400412,0.936574989885619,0.8155139026554084,-0.04510195234917065,-0.06659590284414009,-0.04090173189788469,-0.0004225235111963411,0.0003216204877653447,-0.0008950320961349408
11.28,0.16343895937361858,0.011819577361191824,0.5974353120305725,0.2516466800096126,0.9359090501503904,0.8151048426182131,-0.04510557182449962,-0.06659172304235332,-0.04091007218227044,-0.00030137630631347026,0.0005143159260135744,-0.000773016841124965
11.290000000000001,0.16307839490954873,0.011893632662852816,0.5969202199395829,0.251195611241309,0.9352431618455299,0.814695705279709,-0.0451079799730056,-0.06658561701528411,-0.04091719208449828,-0.00018025841362455912,0.0007068644659681058,-0.0006509565235157191
11.3,0.16271778647340893,0.011966960318078868,0.5964050650318604,0.25074452444690654,0.9345773442258384,0.8142865028458856,-0.04510917709580116,-0.06657758626421424,-0.04092309117971446,-5.917142928990951e-05,0.0008992596527956615,-0.0005288562981013985
11.31,0.16235714495632947,0.012039558173878584,0.5958898628658642,0.25029343173509044,0.9339116165307806,0.8138772475267216,-0.045109163509904016,-0.06656763235482752,-0.04092776909462399,6.188306157760807e-05,0.0010914950607701377,-0.00040672132187029027
11.32,0.16199648125055904,0.012111424162977613,0.5953746290014585,0.24984234521129647,0.933245997983844,0.8134679515356722,-0.04510793954813367,-0.06655575691692292,-0.04093122550751327,0.00018290348350237181,0.0012835642924344257,-0.0002845567541398768
11.33,0.16163580624898694,0.012182556303852787,0.5948593789992107,0.24939127697755392,0.9325805077918988,0.8130586270891509,-0.045105505559022034,-0.06654196164413621,-0.0409334601482741,0.0003038882692342871,0.0014754609777587599,-0.00016236775669122393
11.34,0.16127513084514544,0.012252952700705089,0.5943441284207355,0.24894023913276234,0.9319151651460587,0.8126492864065883,-0.04510186177158356,-0.06652624782714074,-0.04093447261975388,0.0004248639193798813,0.0016672756347894944,-4.012239710002687e-05
11.35,0.16091446593440006,0.012322611543291895,0.5938288928316092,0.2484892437740397,0.9312499892262383,0.8122399417119032,-0.04509700840963883,-0.06650861674822069,-0.040934262548999234,0.0005458018794448408,0.0018589087487340685,8.213846414958483e-05
11.36,0.16055382241192356,0.012391531107129983,0.5933136877973139,0.24803830299516894,0.9305849991956965,0.8118306052311388,-0.04509094586839492,-0.06648907029070188,-0.04093282982078579,0.0006666995195053114,0.0020503503027123208,0.00020440823081585867
11.370000000000001,0.16019321117161767,0.012459709753558923,0.5927985288812349,0.24758742888590116,0.9299202141985362,0.8114212891912286,-0.045083674558839826,-0.06646761040169943,-0.040930174371979836,0.0007875552822763543,0.0022415939975616167,0.00032668171830091647
11.38,0.15983264310563433,0.012527145929721817,0.5922834316439599,0.24713663353179968,0.9292556533590743,0.8110120058194779,-0.04507519490752746,-0.06644423909120352,-0.04092629619130912,0.0009083676116311521,0.002432633557309547,0.00044895373888560644
11.39,0.1594721291038979,0.01259383816853843,0.59176841164258,0.2466859290140845,0.9285913357812152,0.8106027673430455,-0.04506550735657306,-0.06641895843185151,-0.04092119531939469,0.0010291349511890064,0.002623462728321844,0.0005712191016010612
11.4,0.15911168005362647,0.012659785088663555,0.5912534844299886,0.24623532740947654,0.9279272805478237,0.8101935859884248,-0.045054612363662795,-0.06639177055870897,-0.040914871848784076,0.001149855742903733,0.0028140752784470003,0.0006934726121002319
11.41,0.15875130683885402,0.012724985394436894,0.5907386655541824,0.2457848407900419,0.9272635067201028,0.809784473980923,-0.04504251040207765,-0.06636267766905939,-0.040907325923985806,0.0012705284256538903,0.0030044649961593257,0.00081570907253033
11.42,0.15839102033995267,0.01278943787582315,0.5902239705575623,0.245334481223036,0.9266000333369734,0.8093754435441431,-0.04502920196073101,-0.06633168202220188,-0.040898557741504964,0.0013911514338347726,0.0031946256896999217,0.0009379232814057644
11.43,0.15803083143315916,0.012853141408339208,0.5897094149762532,0.24488426077074732,0.9259368794144778,0.8089665068994729,-0.045014687542978125,-0.06629878590972588,-0.04088856753761282,0.0015117241713594467,0.003384574374678462,0.001060119665709835
11.44,0.1576707509906563,0.012916094952970691,0.5891950143414646,0.24443419149046205,0.9252740639480357,0.8085576762667578,-0.04499896764276522,-0.06626399108673574,-0.040877355352199114,0.0016322469338098738,0.003574349455898578,0.0011823115258783059
11.450000000000001,0.15731078988061062,0.01297829755609431,0.5886807841806916,0.24398428543441658,0.9246116059144749,0.8081489638648786,-0.04498204278570257,-0.06622729974622343,-0.04086492143362791,0.0017527152757472395,0.0037638768530263798,0.001304465426129919
11.46,0.15695095896573671,0.013039748349386426,0.5881667400134806,0.2435345546494319,0.9239495242664845,0.8077403819091823,-0.04496391352397977,-0.06618871439578577,-0.04085126618763776,0.001873127598460437,0.003953150417511432,0.001426576137875478
11.47,0.1565912691026953,0.013100446549712708,0.5876528973502773,0.24308501117672687,0.9232878379313691,0.8073319426106963,-0.04494458042582991,-0.06614823760442695,-0.040836390072274256,0.0019934822917620568,0.004142164016341456,0.001548638428303686
11.48,0.15623173114161587,0.013160391459001053,0.5871392716917293,0.24263566705175726,0.9226265658104381,0.806923658175606,-0.04492404407565114,-0.06610587200240707,-0.040820293597932746,0.002113777732601006,0.004330911531185676,0.001670647060261905
11.49,0.15587235592561782,0.013219582464108204,0.5866258785279881,0.24218653430405349,0.9219657267783922,0.8065155408047308,-0.044902305074142036,-0.06606162028109966,-0.04080297732740212,0.0022340122836799325,0.004519386857537968,0.0017925967921377365
11.5,0.15551315429033233,0.013278019036673305,0.5861127333380096,0.2417376249570569,0.9213053396827129,0.8061076026930003,-0.04487936403845127,-0.06601548519285778,-0.04078444187591038,0.0023541842920784544,0.004707583903860889,0.001914482377741934
11.51,0.15515413706342368,0.013335700732961475,0.585599851588858,0.24128895102795442,0.9206454233430542,0.8056998560289292,-0.04485522160234045,-0.06596746955088859,-0.04076468791117063,0.0024742920878813566,0.004895496590728984,0.0020362985661915556
11.52,0.1547953150641112,0.013392627193698659,0.5850872487350075,0.24084052452751148,0.9199859965506342,0.8052923129940927,-0.04482987841636099,-0.0659175762291364,-0.040743716153428804,0.002594333982813824,0.005083118849974053,0.002158040101794905
11.53,0.15443669910269814,0.01344879814390093,0.5845749402177861,0.24039235745985482,0.9193270780678173,0.8048849857626862,-0.04480333517625436,-0.06586580805314239,-0.0407215273259095,0.0027142973876883333,0.005270486680435907,0.0022797208570384613
11.540000000000001,0.15407829998024858,0.013504213392842968,0.584062941467489,0.23994446182132045,0.9186686866312958,0.8044778865027231,-0.044775592723859864,-0.06581216741071494,-0.04069812197779085,0.002834181403065652,0.0054575908273363175,0.002401334107485457
11.55,0.15372012848810263,0.013558872833866031,0.5835512679025331,0.23949684960033482,0.918010840951283,0.8040710273754158,-0.044746651784876204,-0.06575665726625156,-0.040673500945749314,0.002953994412702985,0.0056443860777408185,0.0025228567609044566
11.56,0.15336219540724721,0.013612776444030195,0.5830399349260472,0.239049532778184,0.9173535597072535,0.8036644205329857,-0.04471651307818574,-0.06569928073900076,-0.04064766516218521,0.0030737346475251054,0.005830866376194659,0.002644283530414466
11.57,0.1530045115078314,0.013665924283891129,0.5825289579250637,0.2386025233288765,0.9166968615471865,0.8032580781180655,-0.04468517734048612,-0.06564004100872926,-0.040620615612394086,0.0031934003133425445,0.006017025674379006,0.002765609123826514
11.58,0.15264708754868678,0.01371831649727151,0.5820183522698207,0.23815583321896372,0.9160407650869616,0.8028520122631704,-0.04465264532654792,-0.06557894131565478,-0.04059235333462041,0.0033129895895300772,0.006202857930271789,0.002886828243537944
11.59,0.15228993427684823,0.013769953311023264,0.5815081333130653,0.237709474407358,0.9153852889097541,0.802446235090168,-0.044618917809485625,-0.06551598496038717,-0.04056287942011211,0.0034325006277145732,0.006388357107311314,0.003007935586428169
11.6,0.15193306242707388,0.013820835034779877,0.5809983163893581,0.2372634588451475,0.9147304515654315,0.8020407587097488,-0.044583995581041674,-0.06545117530387827,-0.04053219501317641,0.0035519315504720025,0.0065735171735620875,0.003128925843755421
11.61,0.15157648272136537,0.013870962060697045,0.5804889168143748,0.23681779847540835,0.9140762715699499,0.8016355952208937,-0.0445478794518833,-0.06538451576737934,-0.040500301311236435,0.003671280450034537,0.006758332100883777,0.0032497937010549653
11.620000000000001,0.15122020586848825,0.013920334863185668,0.5799799498842123,0.23637250523301456,0.9134227674047519,0.8012307567103445,-0.04451057025191266,-0.06531600983240787,-0.04046719956488907,0.0037905453870079094,0.006942795864103294,0.0033705338380386144
11.63,0.15086424256342396,0.01396895399867204,0.5794714308750423,0.2359275910441579,0.9127699575166173,0.8008262552522988,-0.044472068948574354,-0.06524566085344799,-0.04043289098359912,0.00390969189732233,0.0071269540130203144,0.003491166915306813
11.64,0.15050860348632444,0.014016820105644312,0.5789633750453621,0.23548306782374484,0.9121178603208784,0.8004221029098022,-0.04443237672314619,-0.06517347193737402,-0.04039737667501097,0.004028738404856572,0.007310768097721007,0.0036116712605188672
11.65,0.1501532993023224,0.014063933904196357,0.578455797633797,0.2350389474764245,0.9114664941988687,0.8000183117332322,-0.044391494479545816,-0.06509944672364336,-0.040360658038141935,0.004147695190584981,0.007494212537478278,0.0037320316795642554
11.66,0.14979834066139677,0.014110296195519734,0.5779487138565955,0.23459524189785846,0.9108158774949823,0.7996148937585862,-0.04434942312528905,-0.06502358893891316,-0.04032273653902199,0.004266560188698074,0.007677281290619654,0.003852242817725537
11.67,0.1494437381978953,0.014155907861586159,0.5774421389069169,0.23415196297452884,0.9101660285160437,0.7992118610069333,-0.04430616358873882,-0.0649459023702615,-0.04028361369725943,0.004385331295404671,0.007859968314526842,0.0039722993140668145
11.68,0.14908950253005343,0.014200769864817997,0.5769360879541338,0.23370912258352838,0.909516965530705,0.7988092254838783,-0.04426171681949115,-0.06486639086520103,-0.04024329108610353,0.004504006367715466,0.00804226756483753,0.004092195801344978
11.69,0.1487356442595128,0.014244883247753026,0.5764305761431369,0.2332667325923464,0.9088687067688412,0.7984069991790254,-0.044216083788772564,-0.06478505833169945,-0.040201770332507526,0.004622583222238931,0.00822417299465087,0.004211926905921899
11.700000000000001,0.14838217397083842,0.01428824913269644,0.575925618593639,0.2328248048586494,0.9082212704209444,0.7980051940654398,-0.0441692654898508,-0.0647019087382099,-0.040159053117193706,0.004741059633991144,0.008405678553738798,0.004331487247678688
11.71,0.14802910223103774,0.014330868721365186,0.5754212303994808,0.23238335123006007,0.9075746746375204,0.7976038220991113,-0.044121262938456286,-0.0646169461137077,-0.04011514117471825,0.004859433335218917,0.008586778187761712,0.00445087143993108
11.72,0.14767643958907695,0.014372743294523094,0.5749174266279334,0.23194238354392907,0.9069289375284818,0.7972028952184138,-0.04407207717321545,-0.06453017454773502,-0.04007003629353712,0.004977702014237269,0.008767465837489937,0.004570074089346725
11.73,0.1473241965751598,0.014413874211691047,0.5744142223195079,0.23150191362642514,0.9062840771631628,0.7968024253439178,-0.04402170949663046,-0.06444159797125149,-0.04002374019208854,0.005095806583562429,0.008947787137703524,0.004689119038090387
11.74,0.1469723836989678,0.014454262911232918,0.5739116324899365,0.23106195328866486,0.9056401115730228,0.7964024243797224,-0.04397016141367455,-0.06435122021306887,-0.0399762545507468,0.0052137915923471225,0.009127693228801156,0.004807976677503118
11.75,0.146621011450114,0.01449391090962604,0.5734096721275183,0.23062251432913286,0.904997058748617,0.7960029042115448,-0.043917434037166296,-0.06425904554223828,-0.03992758131863576,0.005331664884682052,0.00930716865080308,0.004926636287510427
11.76,0.14627009029825636,0.014532819800842256,0.572908356191168,0.23018360853513775,0.9043549366374364,0.7956038767053002,-0.04386352849663229,-0.06416507829595887,-0.03987772250319409,0.005449423979953248,0.009486207300723986,0.00504509243804668
11.77,0.14591963069261643,0.014570991255934307,0.5724076996097187,0.2297452476825679,0.9037137631432952,0.7952053537065588,-0.043808445946652966,-0.06406932287250137,-0.03982668016619561,0.00556706634781292,0.009664803067075844,0.005163339692118243
11.78,0.14556964306149417,0.014608427022612891,0.571907717281226,0.22930744353563864,0.903073556125719,0.7948073470400003,-0.04375218756736551,-0.06397178373129724,-0.039774456423819125,0.005684589407103672,0.00984294982913064,0.005281372605733629
11.790000000000001,0.14522013781178378,0.014645128924816175,0.5714084240722729,0.2288702078466338,0.9024343333993328,0.7944098685088709,-0.04369475456497694,-0.06387246539303414,-0.03972105344671847,0.005801990524798965,0.010020641456189342,0.005399185727835097
11.8,0.14487112532848884,0.014681098862270259,0.570909834817275,0.22843355235564303,0.9017961127332483,0.794012929894437,-0.043636148172288614,-0.0637713724397601,-0.039666473460093936,0.0059192670149605196,0.01019787180685792,0.005516773600232051
11.81,0.14452261597423652,0.014716338810037755,0.5704119643177855,0.22799748879029236,0.9011589118504495,0.7936165429554407,-0.043576369649229646,-0.06366850951499294,-0.039610718743763325,0.006036416137713215,0.01037463472833087,0.005634130757536544
11.82,0.14417462008879167,0.01475085081806099,0.5699148273418004,0.2275620288654708,0.9005227484271766,0.7932207194275518,-0.043515420283402204,-0.06356388132383908,-0.039553791632234846,0.006153435098237104,0.010550924055681527,0.005751251727100185
11.83,0.14382714798820742,0.014784637010802348,0.5694184386235155,0.22712718428215642,0.8998876400928376,0.7928254710231613,-0.043453301705950596,-0.06345749244760246,-0.039495694395075324,0.006270246973849171,0.010726777191175695,0.005868159149122892
11.84,0.14348020996241861,0.014817699587341804,0.5689228128650081,0.2266929667224086,0.8992536044321668,0.7924308094326253,-0.043390015804088446,-0.06334934739571335,-0.03943642927040604,0.0063869106370525765,0.010902151595356077,0.005984824082445867
11.85,0.14313381627617933,0.014850040820471644,0.5684279647337823,0.2262593878525741,0.89862065898255,0.7920367463223895,-0.043325563953374537,-0.06323945105789282,-0.03937599875664808,0.006503436248802788,0.011077033339825982,0.006101236049034549
11.86,0.1427879771694695,0.0148816630559373,0.5679339088609654,0.2258264593251891,0.8979888212321098,0.7916432933336048,-0.043259947549284535,-0.06312780839189217,-0.03931440541101596,0.006619820806922941,0.011251416191207364,0.006217389538202392
11.870000000000001,0.1424427028570097,0.014912568711933971,0.56744065984061,0.22539419277868378,0.8973581086190792,0.7912504620815738,-0.04319316801761546,-0.06301442441787289,-0.039251651845868256,0.006736061249186218,0.01142529390076998,0.0063332790318449015
11.88,0.14209800352777352,0.014942760278594647,0.5669482322289998,0.22496259983707645,0.896728538531177,0.7908582641552,-0.043125226815090706,-0.0628993042185634,-0.03918774072878188,0.0068521544524134115,0.011598660203773195,0.006448899004390324
11.89,0.1417538893444991,0.014972240317470464,0.5664566405439541,0.2245316921096609,0.8961001283049811,0.7904667111164346,-0.043056125429973724,-0.06278245293942203,-0.03912267478262689,0.006968097231590363,0.011771508818816577,0.006564243922752449
11.9,0.14141037044320065,0.015001011461002245,0.5659658992641325,0.2241014811906879,0.8954728952253005,0.7900758144997231,-0.042985865382691044,-0.06266387578880728,-0.03905645678564208,0.007083886339005195,0.011943833447199011,0.0066793082462852
11.91,0.14106745693267916,0.015029076411982811,0.5654760228283418,0.2236719786590406,0.8948468565245453,0.7896855858114517,-0.04291444822646322,-0.06254357803815369,-0.03898908957151062,0.007199518463405625,0.012115627772286386,0.006794086426739028
11.92,0.14072515889403298,0.015056437943011813,0.5649870256348395,0.2232431960779034,0.8942220293820957,0.7892960365293923,-0.042841875547944476,-0.06242156502215442,-0.038920576029436375,0.007314990229177103,0.012286885458888846,0.006908572908219633
11.93,0.1403834863799039,0.015083098896011338,0.5644989220408608,0.22281514499382413,0.8935984309239067,0.7889071781023266,-0.042768149224881744,-0.06229784203614774,-0.03885091902701105,0.007430224849124534,0.012457629490509079,0.00702278416133837
11.94,0.14004244941154542,0.01510906218230279,0.5640117263639689,0.22238783693079797,0.892976078224104,0.7885190219511647,-0.042693271652137446,-0.0621724142461674,-0.038780121342588285,0.0075452617181621705,0.012627836332771845,0.007136701726601265
11.950000000000001,0.13970205797947902,0.015134330781737926,0.5635254528803997,0.22196128339252963,0.892354988303299,0.7881315794676025,-0.04261724455609807,-0.062045287163632855,-0.03870818602172632,0.007660128911075305,0.012797486932193906,0.007250310517429544
11.96,0.1393623220445966,0.015158907741703254,0.5630401158230323,0.22153549586570842,0.8917351781264985,0.7877448620124723,-0.04254006965154996,-0.0619164663830814,-0.03863511618013427,0.007774822811485714,0.012966574863523404,0.007363604939619093
11.97,0.1390232515376894,0.015182796176528124,0.5625557293806773,0.22111048581969348,0.8911166646024417,0.7873588809151695,-0.0424617486897857,-0.06178595756340886,-0.03856091498950147,0.00788933973437549,0.013135093680171926,0.00747657939128931
11.98,0.13868485635895691,0.015205999266889814,0.5620723076973813,0.220686264706146,0.8904994645829564,0.7869736474730927,-0.042382283459294234,-0.06165376642808601,-0.038485585677574624,0.008003675925386755,0.013303036913651207,0.007589228262855646
11.99,0.13834714637751433,0.01522852025921062,0.5615898648717319,0.2202628439586531,0.8898835948623118,0.7865891729510823,-0.04230167578645761,-0.0615198987653803,-0.03840913152823488,0.008117827560143684,0.013470398073019902,0.007701545937004226
12.0,0.13801013143089969,0.015250362465047018,0.561108414956162,0.21984023499234578,0.8892690721765696,0.7862054685808587,-0.04221992753625447,-0.06138436042858317,-0.038331555881575295,0.008231790743597311,0.013637170644340876,0.007813526788668758
12.01,0.13767382132458106,0.015271529260472205,0.5606279719562566,0.2194184492035094,0.8886559132029325,0.7858225455604603,-0.04213704061296989,-0.06124715733624256,-0.038252862133978396,0.008345561509392443,0.013803348090147929,0.007925165185008985
12.02,0.13733822583146238,0.015292024085449163,0.5601485498300554,0.21899749796918677,0.8880441345590904,0.7854404150536793,-0.04205301696091164,-0.0611082954724009,-0.03817305373819409,0.008459135819258213,0.013968923848923969,0.008036455485391877
12.030000000000001,0.13700335469134794,0.015311850443206765,0.5596701624873857,0.21857739264668444,0.8874337528025891,0.7850590881895216,-0.04196785864111667,-0.06096778086577203,-0.03809213418451543,0.008572466934014075,0.014133903153108739,0.008147402645841084
12.040000000000001,0.1366692176083774,0.015331011900089953,0.5591928237904196,0.21815814456864807,0.8868247844314239,0.7846785760627633,-0.04188156854872411,-0.06082561939130243,-0.03801010682258008,0.00868551733234162,0.014298288634213828,0.008258009303295464
12.05,0.13633582424960272,0.015349512085130468,0.5587165475535397,0.2177397650406165,0.8862172458839389,0.7842988897338896,-0.04179414898580292,-0.06068181716630521,-0.03792697521666263,0.008798360328253341,0.014462052149228188,0.008368250496565444
12.06,0.13600318424736543,0.015367354688706814,0.5582413475409069,0.21732226534685362,0.8856111535364304,0.7839200402269728,-0.04170560204784727,-0.060536380443767523,-0.03784274304978916,0.008910991615199332,0.01462518702848303,0.00847812054747324
12.07,0.1356713071990463,0.015384543461823164,0.5577672374656137,0.21690565675045145,0.88500652370233,0.7835420385289705,-0.04161592987379307,-0.06038931554350508,-0.03775741406180643,0.009023406811379515,0.014787686575983125,0.008587613770142015
12.08,0.13534020266656968,0.015401082215437678,0.5572942309889912,0.21648995049289257,0.8844033726315371,0.7831648955891575,-0.04152513464677217,-0.06024062885242659,-0.03767099204945819,0.009135601459269197,0.014949544068950707,0.008696724470990683
12.09,0.13500988017590718,0.015416974819784657,0.556822341719911,0.21607515779360412,0.8838017165097445,0.7827886223185566,-0.04143321859487243,-0.060090326824804724,-0.037583480866462744,0.0092475710251691,0.015110752757380875,0.008805446948731059
12.1,0.1346803492165802,0.015432225203687866,0.5563515832140917,0.21566128984950397,0.8832015714577641,0.7824132295893677,-0.04134018399190124,-0.059938415982549925,-0.03749488442358975,0.00935931089877952,0.015271305863607785,0.008913775494366784
12.11,0.13435161924116362,0.015446837353869702,0.5558819689734028,0.21524835783454055,0.8826029535308503,0.7820387282343977,-0.04124603315815356,-0.05978490291548926,-0.037405206688737265,0.009470816392799496,0.015431196581882845,0.009021704391194816
12.120000000000001,0.1340236996647869,0.015460815314250587,0.555413512445169,0.21483637289922358,0.8820058787180177,0.7816651290464888,-0.041150768461184144,-0.05962979428164964,-0.037314451687009025,0.009582082742550017,0.01559041807796342,0.009129227914808427
12.13,0.1336965998646364,0.01547416318524264,0.5549462270214752,0.21442534617014777,0.8814103629413592,0.7812924427779455,-0.041054392316582825,-0.05947309680754452,-0.037222623500791314,0.009693105105622558,0.01574896348871384,0.00923634033310284
12.14,0.13337032917897887,0.015486885123141392,0.5544801260386875,0.2140152887484996,0.880816422055551,0.7809206801401763,-0.040956907579666794,-0.059314817213633554,-0.03712972618672067,0.009803777658430974,0.015906845237206126,0.009343057358537759
12.15,0.133044896903321,0.01549898534013422,0.5540152227782783,0.21360621170249272,0.8802240718485189,0.7805498518046231,-0.04085831763678416,-0.05915496219728972,-0.037035763756515974,0.009914168519027352,0.016064042404890913,0.009449357698807021
12.16,0.13272031229195874,0.01551046810312351,0.5535515304651972,0.21319812607119687,0.8796333280399172,0.7801799684012668,-0.04075862506573049,-0.058993538689678646,-0.03694074046202054,0.010024302443709155,0.016220542328713925,0.00955522925603442
12.17,0.13239658455933573,0.015521337732586127,0.5530890622663293,0.21279104286796124,0.8790442062796795,0.7798110405172145,-0.04065783246146573,-0.058830553698147776,-0.03684466061989684,0.010134174299009285,0.01637633802182752,0.00966066626255576
12.18,0.13207372287955668,0.015531598601831065,0.5526278312897926,0.2123849730799284,0.8784567221473171,0.7794430786961193,-0.040555942470683844,-0.05866601430006564,-0.03674752860452134,0.010243778871557349,0.016531422466820322,0.00976566294323531
12.19,0.131751736385886,0.01554125513625354,0.5521678505842439,0.21197992766751125,0.8778708911512157,0.7790760934376009,-0.04045295779261306,-0.058499927643129286,-0.03664934884805938,0.010353110867875288,0.01668578861539016,0.00987021351548541
12.200000000000001,0.13143063417024692,0.015550311812583095,0.5517091331381794,0.21157591756386449,0.8772867287279307,0.778710095196668,-0.0403488811798174,-0.05833230094567412,-0.03655012584053899,0.01046216491419771,0.01683942938802752,0.009974312189287203
12.21,0.1311104252827209,0.015558773158124484,0.5512516918792416,0.21117295367434763,0.8767042502414807,0.7783450943831401,-0.04024371543900081,-0.05816314149698834,-0.0364498641299257,0.010570935556318203,0.01699233767371151,0.010077953167213766
12.22,0.1307911187310448,0.01556664374999367,0.550795539673522,0.21077104687597853,0.8761234709826344,0.7779811013610665,-0.04013746343181198,-0.057992456657628894,-0.03634856832219616,0.010679417259461558,0.017144506329617993,0.010181130644455461
12.23,0.13047272348010916,0.015573928214347055,0.5503406893248637,0.21037020801688097,0.875544406168198,0.7776181264481462,-0.04003012807565073,-0.0578202538597414,-0.036246243081411986,0.010787604408181613,0.017295928180839772,0.010283838808847201
12.24,0.13015524845145499,0.01558063122560499,0.5498871535741672,0.20997044791572197,0.8749670709402959,0.7772561799151474,-0.03992171234447475,-0.05764654060738163,-0.03614289312979288,0.010895491306284815,0.017446596020118596,0.010386071840897727
12.25,0.12983870252196925,0.015586757505831939,0.5494349450989722,0.20957177735948185,0.8743914803658659,0.776895271985634,-0.03981221982471586,-0.05747132440552987,-0.03603852314453559,0.01100294871695817,0.017596518467761738,0.010487846878383283
12.26,0.12952309451983912,0.015592311824663974,0.5489840765140016,0.20917420709553225,0.8738176494368757,0.7765354128367481,-0.0397016544089243,-0.05729461279987657,-0.03593313781502096,0.011110082379913644,0.01774567391476303,0.01058913732918069
12.27,0.12920843322701578,0.01559729899790957,0.5485345603694252,0.20877774783719294,0.8732455930688092,0.7761766125974863,-0.03959001922825249,-0.0571164135143943,-0.035826742041604215,0.011216900699672464,0.01789405321274376,0.010689934684069575
12.280000000000001,0.12889472738020943,0.015601723886444874,0.5480864091496364,0.20838241026624565,0.8726753260995348,0.775818881347535,-0.03947731746606857,-0.056936734347253014,-0.03571934078449823,0.011323397675396307,0.0180416490202196,0.010790233091130634
12.290000000000001,0.12858198567038706,0.01560559139540868,0.5476396352725572,0.20798820503233745,0.872106863288572,0.7754622291166859,-0.03936355236615732,-0.0567555831702041,-0.035610939062469905,0.01142956722457438,0.01818845396231904,0.010890026691469141
12.3,0.12827021674226738,0.015608906473392359,0.5471942510889385,0.20759514275237162,0.8715402193163528,0.7751066658842503,-0.03924872723353683,-0.056572967928915606,-0.03550154195290989,0.011535403183100377,0.01833446063058903,0.010989309619256765
12.31,0.1279594291938166,0.015611674111625784,0.5467502688816664,0.2072032340098925,0.870975408783483,0.7747522015784724,-0.0391328454352738,-0.05638889664330873,-0.03539115459190159,0.011640899305376007,0.018479661582813525,0.011088076001775771
12.32,0.12764963157574136,0.015613899343155047,0.5463077008650616,0.20681248935445906,0.8704124462099947,0.774398846075941,-0.03901591040129773,-0.05620337740789629,-0.03527978217428979,0.011746049264439996,0.01862404934284366,0.011186319959464777
12.33,0.12734083239098465,0.015615587242018947,0.5458665591841839,0.2064229193010141,0.8698513460346015,0.774046609201003,-0.03889792562521395,-0.056016418392122846,-0.03516742995374885,0.011850846652123173,0.018767616400440116,0.011284035605966402
12.34,0.12703304009421823,0.015616742922416382,0.5454268559141351,0.2060345343292421,0.8692921226139461,0.7736955007251737,-0.03877889466511487,-0.05582802784070668,-0.03505410324285067,0.011955284979229926,0.018910355211128584,0.011381217048177423
12.35,0.1267262630913369,0.015617371537873292,0.5449886030593616,0.20564734488292125,0.8687347902218467,0.7733455303665486,-0.03865882114438909,-0.05563821407398237,-0.034939807413131574,0.012059357675745067,0.01905225819606664,0.011477858386300298
12.36,0.12642050973861665,0.015617478280464503,0.5445518125530465,0.2052613613685832,0.8681793630485933,0.7729967077893249,-0.03853770906178388,-0.055446985463306245,-0.03482454784390438,0.012162964755863395,0.019193325268622347,0.011573969182855809
12.370000000000001,0.1261157883386077,0.015617068380648746,0.5441164962573963,0.2048765941474941,0.8676258552007801,0.7726490426044317,-0.03841556318481477,-0.05525435039974222,-0.03470832985725642,0.012266147383668966,0.01933354491853725,0.011669535586915627
12.38,0.12581210714108473,0.01561614710613729,0.5436826659625399,0.20449305353795208,0.8670742807003,0.7723025443684444,-0.03829238739056624,-0.05506031742827216,-0.03459115899323542,0.01236894707204522,0.019472905566278557,0.01176454366994911
12.39,0.12550947434511783,0.015614719760551732,0.5432503333851317,0.20411074981986896,0.8665246534831542,0.771957222582122,-0.03816818554275758,-0.054864895177481374,-0.034473040864687075,0.012471356942631033,0.01961139949345326,0.011858987503891284
12.4,0.12520789809860872,0.015612791682558025,0.5428195101676389,0.2037296932341736,0.8659769873986702,0.7716130866897984,-0.03804296157429346,-0.05466809235331174,-0.034353981143768274,0.012573370036620693,0.01974901894690421,0.011952861154443679
12.41,0.12490738649778313,0.015610368245004114,0.5423902078776437,0.20334989398211684,0.865431296208729,0.7712701460787894,-0.037916719488067845,-0.054469917739411636,-0.03423398556201031,0.012674979315126289,0.019885756138650887,0.01204615868113737
12.42,0.12460794758668212,0.015607454854054681,0.5419624380071466,0.2029713622245671,0.8648875935869842,0.7709284100787978,-0.037789463357762246,-0.05427038019748323,-0.03411305991037955,0.012776177659565464,0.020021603245841586,0.012138874137397556
12.43,0.12430958935665326,0.015604056948320344,0.5415362119718666,0.20259410808129916,0.8643458931180814,0.7705878879613198,-0.03766119732864097,-0.054069488667632115,-0.0339912100393386,0.012876957872074752,0.020156552410718218,0.01223100157061016
12.44,0.12401231974584101,0.015600179997984742,0.541111541110544,0.20221814163027307,0.8638062082968707,0.770248588939049,-0.037531925618340886,-0.05386725216871507,-0.033868441858905515,0.012977312675947957,0.02029059574059253,0.012322535022189936
12.450000000000001,0.12371614663867823,0.015595829503927017,0.5406884366842419,0.20184347290690835,0.8632685525276195,0.7699105221652807,-0.037401652517659,-0.05366367979869169,-0.03374476133871447,0.013077234716100112,0.020423725307835275,0.01241346852765081
12.46,0.12342107786537557,0.015591010996839016,0.5402669098756467,0.20147011190334702,0.862732939123218,0.7695736967333162,-0.03727038239133259,-0.05345878073497181,-0.033620174508073294,0.013176716559555931,0.020555933149876245,0.012503796116677464
12.47,0.12312712120141175,0.015585730036343393,0.5398469717883713,0.20109806856771073,0.8621993813043838,0.769238121675864,-0.03713811967881617,-0.05325256423476594,-0.03349468745602197,0.013275750695963297,0.020687211269216813,0.012593511813198921
12.48,0.12283428436591992,0.01557999221029821,0.5394286334464903,0.2007273528011196,0.8616678921989589,0.7689038059647786,-0.03700486957344492,-0.05304503960599004,-0.03336830622972689,0.013374192238395904,0.020817557592589877,0.012682630210944878
12.49,0.12254257501770849,0.015573803134514508,0.5390119057945828,0.20035797444992137,0.8611384848414102,0.7685707585115112,-0.03687063736661512,-0.052836216236112336,-0.03324103693293224,0.013472171865117497,0.020946958048363492,0.012771124590928435
12.5,0.12225200075826313,0.015567168451237401,0.5385967996962812,0.19998994331201425,0.8606111721717158,0.7682389881654502,-0.03673542769432124,-0.05262610362523604,-0.03311288583904157,0.013569684035709927,0.02107540443901584,0.01285898863077113
12.51,0.1219625691324615,0.015560093828030364,0.5381833259333096,0.1996232691385501,0.860085967034447,0.7679085037129495,-0.036599245270115995,-0.05241471135466861,-0.03298385928144614,0.013666720939267869,0.02120288862754957,0.01294621633165013
12.52,0.12167428762806282,0.015552584956874727,0.5377714952047853,0.19925796163315354,0.8595628821779541,0.767579313876729,-0.03646209488603922,-0.05220204908726037,-0.032853963653551255,0.01376327468932356,0.021329402442325528,0.013032801689547855
12.530000000000001,0.1213871636751965,0.015544647553267565,0.5373613181265202,0.19889403045113335,0.8590419302535509,0.7672514273152744,-0.036323981413370815,-0.05198812656775142,-0.0327232054088283,0.013859337324511172,0.021454937677144778,0.013118738695334631
12.540000000000001,0.12110120464585053,0.015536287355316591,0.5369528052303197,0.19853148519868613,0.8585231238146921,0.7669248526222365,-0.03618490980337564,-0.05177295362311572,-0.032591591060864906,0.013954900809255044,0.021579486091341925,0.013204021334852914
12.55,0.12081641785335966,0.01552751012283049,0.5365459669632853,0.19817033543209264,0.8580064753161497,0.7665995983258288,-0.0360448850880427,-0.051556540162906284,-0.03245912718341527,0.014049957034481758,0.021703039409890348,0.013288643589003321
12.56,0.12053281055189431,0.015518321636409427,0.5361408136871139,0.19781059065690748,0.8574919971131869,0.7662756728882266,-0.0359039123808159,-0.05133889617959728,-0.03232582041044876,0.01414449781835477,0.021825589323517334,0.013372599433831503
12.57,0.1202503899359475,0.01550872769653272,0.5357373556773984,0.19745226032713986,0.856979701460725,0.7659530847049641,-0.03576199687731834,-0.05112003174892654,-0.032191677436198274,0.014238514907033104,0.021947127488831864,0.013455882840617371
12.58,0.11996916313982392,0.015498734122641022,0.5353356031229288,0.19709535384442955,0.8564696005125111,0.7656318421043318,-0.03561914385606824,-0.050899957030235775,-0.03205670501520733,0.014331999975452162,0.02206764552846243,0.013538487775965207
12.59,0.11968913723712697,0.015488346752223936,0.5349355661249913,0.19673988055721325,0.8559617063202787,0.7653119533467728,-0.03547535867918734,-0.05067868226680979,-0.031920909962376495,0.014424944628127332,0.022187135031206028,0.013620408201895421
12.6,0.11941031923975157,0.015477571439978022,0.5345372546967517,0.19638584975889295,0.8554560308329218,0.7649934266244156,-0.03533064718359104,-0.05045621778082433,-0.03178429909945554,0.014517238196277519,0.022305588962798044,0.013701652092471144
12.61,0.11913271609376055,0.015466414057482225,0.5341406787631602,0.19603327067974577,0.8549525858957491,0.7646762700614629,-0.03518501580016341,-0.050232573972046585,-0.03164687923883877,0.014608945458301967,0.02242299783301187,0.013782203346559236
12.620000000000001,0.11885633468106309,0.01545488049190763,0.5337458481598816,0.19568215249045692,0.854451383249576,0.7643604917129853,-0.03503847014942408,-0.05000776133756137,-0.03150865737629676,0.014700090218299149,0.022539352682888012,0.013862051468761322
12.63,0.1185811818209836,0.015442976644747253,0.5333527726322469,0.19533250430543014,0.8539524345298165,0.7640460995637447,-0.03489101589971561,-0.04978179046026874,-0.03136964057341745,0.014790663800605638,0.02265464496769876,0.01394119040466478
12.64,0.11830726426976346,0.015430708430890061,0.532961461834551,0.1949843351819508,0.8534557512656278,0.7637331015275842,-0.03474265880647318,-0.04955467200867947,-0.031229835952351924,0.014880657462344443,0.022768866109805316,0.014019614095908874
12.65,0.11803458872004811,0.015418081777693715,0.5325719253293515,0.19463765411931164,0.8529613448790522,0.7634215054468226,-0.03459340471289378,-0.04932641673724573,-0.031089250695855022,0.014970062394369328,0.022882007498871124,0.014097316480284013
12.66,0.11776316180037362,0.015405102624058309,0.5321841725867685,0.194292470057932,0.8524692266841565,0.7631113190916475,-0.03444325955059261,-0.04909703548668476,-0.030947892047322,0.01505886972222837,0.02299406049208258,0.01417429149183059
12.67,0.1174929900746534,0.015391776919497724,0.5317982129837847,0.19394879187846994,0.8519794078861676,0.7628025501595094,-0.03429222934025204,-0.04886653918430368,-0.030805767310826206,0.01514707050714979,0.02310501641438259,0.014250533060940792
12.68,0.11722408004166526,0.015378110623210206,0.5314140558035445,0.19360662840092907,0.8514918995806052,0.7624952062745148,-0.03414032019225944,-0.04863493884432015,-0.030662883851154777,0.015234655747046315,0.023214866558711404,0.014326035114460012
12.69,0.11695643813453767,0.015364109703149664,0.5310317102346536,0.19326598838375797,0.8510067127524114,0.7621892949868185,-0.03398753830733561,-0.04840224556818183,-0.0305192490938439,0.015321616377540792,0.023323602186259357,0.01440079157579073
12.700000000000001,0.1166900707202363,0.015349780135093638,0.5306511853704764,0.19292688052294332,0.8505238582750752,0.7618848237720158,-0.03383388997715193,-0.04816847054488163,-0.03037487052521226,0.01540794327301052,0.023431214526727952,0.014474796364996852
12.71,0.11642498409905136,0.015335127901714263,0.5302724902084374,0.19258931345109856,0.8500433469097578,0.761581800030535,-0.033679381584938196,-0.04793362505127239,-0.030229755692394528,0.015493627247650623,0.023537694778600394,0.014548043398909055
12.72,0.11616118450408358,0.015320158991646016,0.529895633649319,0.19225329573654382,0.8495651893044106,0.7612802310870288,-0.0335240196060784,-0.0476977204523766,-0.030083912203372504,0.015578659056556666,0.02364303410942196,0.014620526591231635
12.73,0.1158986781000847,0.01530487939865477,0.5295206244966446,0.19191883588109301,0.8490893959928801,0.760980124189929,-0.033367811061158985,-0.04746076820619564,-0.029937347669617153,0.015662923778162276,0.023747222605407254,0.014692253248974368
12.74,0.1156374709796012,0.01528929512121896,0.5291474714564138,0.1915859423124539,0.8486159773939546,0.7606814865116843,-0.033210763367847215,-0.04722277986253604,-0.029790069724978652,0.015746502909609206,0.02385025227693688,0.014763205755919386
12.75,0.11537756916505967,0.015273412161192768,0.5287761831360589,0.19125462338846766,0.848144943810527,0.7603843251474937,-0.03305288325820852,-0.046983767052535465,-0.02964208616311035,0.01582940546665517,0.023952114383865512,0.014833375679278152
12.76,0.11511897860983106,0.015257236522630169,0.5284067680435407,0.1909248873993109,0.8476763054287336,0.7600886471142987,-0.032894177545386406,-0.04674374149658219,-0.02949340484032247,0.015911621960198172,0.024052799972779874,0.014902756923744672
12.77,0.11486170519771971,0.015240774210855124,0.5280392345866419,0.19059674256655354,0.8472100723170584,0.7597944593501728,-0.03273465313768902,-0.04650271500474614,-0.029344033673890685,0.015993142846631503,0.024152300060852512,0.014971343391572547
12.780000000000001,0.11460575474244956,0.015224031231532542,0.5276735910722696,0.19027019704220396,0.8467462544254347,0.7595017687137121,-0.032574317039128005,-0.046260699477071045,-0.029193980642079773,0.01607395852904659,0.024250605636174902,0.015039128982685671
12.790000000000001,0.11435113298715048,0.015207013589738694,0.5273098457057529,0.18994525890775046,0.8462848615843455,0.7592105819834252,-0.03241317634994582,-0.04601770690386416,-0.02904325378416678,0.016154059358452266,0.024347707658098922,0.015106107594789904
12.8,0.11409784560384345,0.015189727289034116,0.5269480065901392,0.18962193617319476,0.8458259035039167,0.7589209058571217,-0.032251238267129695,-0.04577374936598085,-0.02889186120046186,0.016233435635009133,0.024443597057585035,0.015172273123484658
12.81,0.11384589819292829,0.0151721783305373,0.5265880817254948,0.18930023677608332,0.8453693897730126,0.758632746951304,-0.03208851008491454,-0.04552883903510774,-0.02873981105232954,0.016312077609280586,0.024538264737560267,0.015237619462376548
12.82,0.11359529628266926,0.015154372711998432,0.5262300790082027,0.1889801685805322,0.8449153298583254,0.7583461118005552,-0.031924999195272405,-0.045282988174040854,-0.028587111562207758,0.01638997548349806,0.02463170157328242,0.015302140503192802
12.83,0.11334604532868153,0.015136316426874408,0.525874006230259,0.18866173937624636,0.844463733103462,0.7580610068569282,-0.031760713088389174,-0.045036209136960215,-0.02843377101362597,0.01646711941284111,0.024723898412712296,0.015365830135895783
12.84,0.11309815071341857,0.015118015463407242,0.5255198710785731,0.1883449568775365,0.84401460872803,0.7577774384893353,-0.03159565935312876,-0.04478851436970107,-0.028279797751222288,0.016543499506731632,0.024814846076893146,0.015428682248798032
12.85,0.11285161774565877,0.015099475803702078,0.5251676811342643,0.18802982872232943,0.8435679658267197,0.7574954129829374,-0.03142984567748461,-0.0445399164100218,-0.028125200180759855,0.01661910583014217,0.02490453536033789,0.015490690728678431
12.86,0.11260645165999196,0.015080703422806874,0.5248174438719595,0.18771636247117365,0.8431238133683817,0.7572149365385311,-0.031263279851430126,-0.04429042788793722,-0.027969986768855464,0.016693921079757104,0.024992956815419676,0.015551850326986768
12.870000000000001,0.11236265761518704,0.015061704287957056,0.5244691666592026,0.18740456560401758,0.8426821601950404,0.7569360152722016,-0.031095970380143407,-0.04404006154404871,-0.027814165970539404,0.016767840667289702,0.025080098396173846,0.015612166109050253
12.88,0.11212024069119167,0.015042484358014196,0.5241228567560031,0.1870944455142609,0.8422430150208219,0.7566586552152964,-0.03092792570512727,-0.04378883020682046,-0.027657746321407425,0.016840960140591197,0.02516595393405616,0.015671619471179156
12.89,0.11187920589165076,0.015023049582110704,0.5237785213138256,0.1867860095137662,0.8418063864312022,0.7563828623131004,-0.030759153878142213,-0.04353674678320284,-0.02750073647623069,0.016913269369422456,0.025250514120553492,0.015730204298822603
12.9,0.1116395581441622,0.015003405898629751,0.5234361673748121,0.18647926483337182,0.8413722828821225,0.7561086424240456,-0.03058966305244596,-0.04328382427335475,-0.027343145150930424,0.016984758184860223,0.025333769622628337,0.01578791447659786
12.91,0.11140130229976197,0.01498355923429523,0.5230958018710794,0.18617421862187392,0.8409407126990543,0.7558360013190986,-0.030419461483172986,-0.043030075770886134,-0.0271849811225852,0.017055416380697856,0.025415711083144745,0.01584474388840667
12.92,0.11116444313241179,0.014963515503268077,0.5227574316240159,0.18587087794500698,0.8405116840760661,0.7555649446811499,-0.030248557527700486,-0.042775514463097214,-0.027026253229437823,0.017125233714857153,0.025496329121300895,0.015900686417552597
12.93,0.11092898533848518,0.014943280606242615,0.52242106334358,0.18556924978441863,0.840085205074883,0.7552954781044012,-0.030076959645999487,-0.042520153631212136,-0.026866970370900193,0.017194199910809643,0.025575614333066127,0.015955735946857966
12.94,0.11069493353625512,0.014922860429547213,0.5220867036275967,0.18526934103664294,0.8396612836239482,0.7550276070937549,-0.029904676400973263,-0.04226400665061072,-0.02670714150755854,0.017262304659008736,0.025653557291625426,0.01600988635878235
12.950000000000001,0.11046229226538025,0.014902260844246618,0.5217543589610546,0.18497115851206802,0.839239927517478,0.7547613370642005,-0.029731716458778958,-0.04200708699105183,-0.02654677566117515,0.01732953761832963,0.025730148547826747,0.01606313153553997
12.96,0.11023106598639404,0.01488148770524994,0.5214240357154044,0.18467470893390392,0.8388211444145199,0.7544966733402053,-0.02955808858913735,-0.04174940821689657,-0.026385881914691427,0.017395888417518802,0.02580537863063528,0.01611546535921843
12.97,0.11000125908019076,0.014860546850419376,0.5210957401478536,0.1843799989371432,0.8384049418380023,0.7542336211551002,-0.02938380166562575,-0.04149098398732298,-0.026224469412227468,0.017461346656651246,0.025879238047591503,0.01616688171189711
12.98,0.10977287584751531,0.014839444099684074,0.5207694784006666,0.1840870350675234,0.837991327173788,0.7539721856504698,-0.02920886466595875,-0.04123182805654003,-0.02606254735908287,0.017525901908595307,0.025951717285274283,0.016217374475766013
12.99,0.10954592050845052,0.014818185254157012,0.5204452565004583,0.18379582378048248,0.8375803076697212,0.7537123718755393,-0.029033286672251402,-0.04097195427399267,-0.025900125021733555,0.0175895437204846,0.026022806809768123,0.016266937533244593
13.0,0.10932039720190599,0.01479677609525576,0.5201230803574934,0.1835063714401144,0.8371718904346751,0.7534541847865637,-0.0288570768712705,-0.040711376584566306,-0.025737211727830136,0.017652261615196677,0.026092497067135078,0.01631556476710103
13.01,0.10909630998510587,0.014775222383828335,0.5198029557649819,0.18321868431811833,0.836766082437595,0.7531976292462155,-0.02868024456102455,-0.04045010902906898,-0.025573816865485367,0.01771403427945944,0.026160777997735887,0.016363251264311752
13.02,0.10887366283201351,0.014753529859423742,0.519484888398457,0.18293276859063942,0.8363628905064477,0.7529427100232087,-0.028502799687007696,-0.040188165768524374,-0.02540994982359972,0.017774782746290227,0.026227636931794276,0.01640999852806049
13.030000000000001,0.10865245963094855,0.014731704239674959,0.519168883815214,0.18264863033350218,0.8359623213270948,0.7526894317921,-0.028324752079298507,-0.039925561050051475,-0.025245620076803373,0.01783457925256297,0.026293067979743356,0.01645579122807954
13.040000000000001,0.10843270418665829,0.014709751219086686,0.5188549474534083,0.18236627552626888,0.8355643814425605,0.7524377991321085,-0.028146111310495034,-0.03966230920065175,-0.025080837201283807,0.017893413196680755,0.026357061510443005,0.016500623254437217
13.05,0.1082144002203435,0.014687676468104927,0.518543084631313,0.1820857100522455,0.8351690772521176,0.752187816526386,-0.02796688705930054,-0.03939842464372733,-0.024915610834323223,0.017951273959541252,0.026419607875111592,0.016544488498226692
13.06,0.10799755136914677,0.014665485632265995,0.5182333005466134,0.1818069396974193,0.8347764150103217,0.7519394883614057,-0.02778708911069037,-0.03913392189925417,-0.024749950674287174,0.018008150906067583,0.026480697407819526,0.016587380851682477
13.07,0.1077821611856418,0.014643184331348036,0.5179256002757061,0.1815299701493968,0.834386400826046,0.7516928189263524,-0.02760672735606404,-0.03886881558395111,-0.024583866480612636,0.018064033386741733,0.026540320425985132,0.016629294208296536
13.08,0.1075682331373207,0.014620778158529968,0.5176199887729931,0.18125480699633698,0.8339990406615112,0.7514478124125109,-0.027425811793381955,-0.03860312041144381,-0.02441736807379476,0.01811891073914042,0.026598467230873214,0.016670222462934342
13.09,0.1073557706060841,0.014598272679552715,0.5173164708701794,0.1809814557258857,0.8336143403313163,0.7512044729126552,-0.027244352527286988,-0.03833685119242412,-0.024250465335372826,0.018172772289473227,0.026655128108096587,0.016710159511951206
13.1,0.10714477688773161,0.014575673431889313,0.5170150512755701,0.18070992172410968,0.8332323055014689,0.7509628044204402,-0.02706235976921053,-0.03807002283480427,-0.024083168207914802,0.018225607354120727,0.02671029332811803,0.01674909925330729
13.11,0.10693525519144945,0.014552985923917128,0.5167157345733647,0.1804402102744258,0.832852941688409,0.7507228108297888,-0.026879843837462433,-0.03780265034386476,-0.02391548669500012,0.018277405241174487,0.02676395314675564,0.01678703558668342
13.120000000000001,0.10672720863930255,0.014530215634097843,0.516418525222955,0.1801723265565336,0.8324762542580374,0.7504844959342832,-0.02669681515730718,-0.037534748822399815,-0.023747430861202793,0.018328155251976796,0.02681609780568959,0.016823962413596398
13.13,0.10652064026572443,0.01450736801016278,0.5161234275582206,0.17990627564534506,0.8321022484247385,0.7502478634265557,-0.026513284261022854,-0.03726633347085497,-0.02357901083207171,0.01837784668265896,0.02686671753296872,0.01685987363751299
13.14,0.10631555301700846,0.014484448468303157,0.5158304457868254,0.17964206250991438,0.8317309292504039,0.750012916897678,-0.02632926178794601,-0.03699741958746153,-0.023410236794111024,0.01842646882568016,0.026915802543520734,0.01689476316396511
13.15,0.10611194975079832,0.01446146239236834,0.5155395839895129,0.17937969201236614,0.8313623016434528,0.7497796598365517,-0.026144758484500485,-0.03672802256836483,-0.02324111899475867,0.018474010971363156,0.02696334303966114,0.016928624900663203
13.16,0.10590983323558038,0.014438415133068205,0.5152508461194029,0.1791191689068257,0.8309963703578526,0.7495480956292997,-0.025959785204210866,-0.03645815790774761,-0.02307166774236383,0.018520462409428624,0.02700932921160411,0.0169614527576099
13.17,0.1057092061501762,0.014415312007183267,0.5149642360012876,0.17886049783834798,0.8306331399921395,0.7493182275586572,-0.02577435290770199,-0.036187841197949974,-0.02290189340616448,0.018565812430526914,0.027053751237974263,0.01699324064721344
13.18,0.10551007108312194,0.014392158296795299,0.5146797573309322,0.1786036833416247,0.8302726149884203,0.7490900588033855,-0.025588472779431513,-0.035917088136463896,-0.02273180640401618,0.018610009234002214,0.027096596863510337,0.01702398679440798
13.19,0.10531243053038325,0.014368959248730884,0.514397413674468,0.1783487298363944,0.8299147996311845,0.7488635924380329,-0.025402156524648015,-0.03564591454355286,-0.02256141717121837,0.018653054235131663,0.027137856959655475,0.0170536838457658
13.200000000000001,0.10511628689525251,0.014345720073737633,0.514117208467666,0.17809564162716854,0.829559698046366,0.7486388314322437,-0.025215415462394742,-0.03537433630888313,-0.02239073625561046,0.018694968936733877,0.0271775235717927,0.01708232234434911
13.21,0.10492164248944283,0.014322445945520568,0.5138391450151434,0.17784442290532743,0.8292073142005428,0.748415778649817,-0.02502826094939267,-0.03510236941661526,-0.02221977427307837,0.018735742594800583,0.027215586834137735,0.01710989621892906
13.22,0.1047284995326311,0.014299141999981058,0.5135632264896606,0.17759507774814784,0.8288576518999601,0.7481944368480901,-0.024840704449764384,-0.034830029949614726,-0.02204854190020623,0.018775364473463164,0.027252036871849496,0.01713639940127947
13.23,0.10453686015194805,0.014275813334467258,0.5132894559314132,0.1773476101177281,0.8285107147895387,0.74797480867733,-0.024652757534943406,-0.03455733408953757,-0.021877049874244367,0.01881382384652162,0.027286863801539794,0.017161825826282475
13.24,0.10434672638147109,0.014252465007035142,0.5130178362473304,0.17710202385991614,0.8281665063518889,0.7477568966801292,-0.02446443188357081,-0.03428429811691468,-0.02170530899307852,0.018851109998968364,0.027320057731784586,0.017186169432034992
13.25,0.10415810016171599,0.014229102035712315,0.51274837021037,0.17685832270323806,0.8278250299063217,0.7475407032907977,-0.02427573928137522,-0.03401093841122894,-0.021533330115196737,0.018887212228503168,0.027351608763631755,0.017209424159953125
13.26,0.10397098333912956,0.014205729397775924,0.5124810604588134,0.17661651025782754,0.8274862886078571,0.7473262308347575,-0.02408669162103907,-0.03373727145098911,-0.02136112415965643,0.01892211984704144,0.02738150699110938,0.01723158395487694
13.27,0.10378537766558306,0.014182352029031842,0.5122159094955631,0.17637659001435801,0.8271502854462361,0.7471134815279382,-0.02389730090204767,-0.0334633138137958,-0.021188702106048486,0.018955822182212836,0.02740974250173065,0.01725264276517338
13.280000000000001,0.10360128479786408,0.014158974823106352,0.511952919687436,0.1761385653429736,0.8268170232449263,0.7469024574761698,-0.023707579230525303,-0.03318908217640503,-0.02101607499446212,0.01898830857885123,0.027436305376997688,0.017272594542838818
13.290000000000001,0.10341870629717229,0.014135602630743205,0.511692093264461,0.17590243949222578,0.8264865046601332,0.7466931606745805,-0.023517538819056223,-0.03291459331478644,-0.020843253925448446,0.01901956840047534,0.02746118569290367,0.017291433243600936
13.3,0.10323764362861163,0.014112240259111508,0.5114334323191733,0.17566821558800802,0.8261587321798052,0.7464855930069892,-0.02332719198648944,-0.03263986410417453,-0.020670250059981778,0.01904959103075836,0.02748437352043158,0.017309152827019045
13.31,0.10305809816068581,0.014088892471118497,0.5111769388059102,0.1754358966324952,0.8258337081226425,0.7462797562453045,-0.02313655115773056,-0.0323649115191172,-0.020497074619421442,0.019078365874987013,0.02750585892605089,0.017325747256583732
13.32,0.10288007116479293,0.014065563984734741,0.510922614540107,0.17520548550308343,0.8255114346371025,0.7460756520489189,-0.02294562886351814,-0.03208975263351804,-0.020323738885471704,0.019105882361509816,0.027525631972212236,0.01734121049981592
13.33,0.10270356381472068,0.014042259472323737,0.5106704611975921,0.17497698495133365,0.8251919137004072,0.7458732819641064,-0.02275443774018601,-0.03181440462067426,-0.02015025420014112,0.019132129943172208,0.02754368271783754,0.01735553652836392
13.34,0.10252857718614174,0.014018983559984544,0.5104204803138821,0.1747503976019162,0.8248751471175485,0.7456726474234198,-0.022562990529411357,-0.03153888475330981,-0.019976631965700924,0.019157098098740222,0.027560001218808552,0.017368719318100356
13.35,0.10235511225611008,0.013995740826899306,0.510172673283478,0.17452572595155935,0.8245611365202932,0.7454737497450878,-0.022371300077947645,-0.031263210403602186,-0.0198028836446416,0.019180776334310416,0.027574577528450862,0.01738075284921731
13.36,0.10218316990255713,0.013972535804693653,0.5099270413591597,0.17430297236799935,0.8242498833661898,0.7452765901324135,-0.022179379337345723,-0.030987399043207523,-0.019629020759630442,0.019203154184706576,0.027587401698015126,0.01739163110632075
13.370000000000001,0.10201275090368744,0.013949372976813368,0.5096835856512854,0.17408213908873452,0.8239413889375582,0.7450811696731923,-0.02198724145614686,-0.030711468249528667,-0.019455054884136756,0.019224192718047324,0.027598461850854832,0.017401350952802704
13.38,0.10184385593633244,0.01392625677803594,0.509442307127133,0.17386322821771777,0.823635654340344,0.7448874893393406,-0.021794899907589305,-0.030435435714383844,-0.01928099762947566,0.0192438963154899,0.027607749034902755,0.017409904891138115
13.39,0.10167648557592299,0.013903191593797992,0.5092032066101755,0.17364624172525525,0.8233326805031848,0.7446955499861986,-0.02160236796075076,-0.030159319208287422,-0.019106860698070938,0.019262270639931935,0.0276152543818577,0.017417285302522265
13.4,0.10151064029685855,0.013880181759491017,0.5089662847793415,0.17343118144869302,0.8230324681765323,0.7445053523517579,-0.02140965896033282,-0.029883136599389716,-0.018932655855154173,0.01927930530289796,0.027620967935893543,0.017423486195367544
13.41,0.10134632047201861,0.013857231559863237,0.5087315421683092,0.1732180490914107,0.8227350179316583,0.7443168970560569,-0.021216786354744988,-0.029606905855397922,-0.01875839492584838,0.019294989951445914,0.02762487974145609,0.017428501582948154
13.42,0.10118352637225991,0.01383434522843685,0.5084989791648035,0.17300684622178739,0.8224403301596612,0.7441301846005852,-0.021023763695743155,-0.029330645043571725,-0.018584089795119264,0.019309314269493217,0.027626979843719934,0.017432325483484366
13.43,0.10102225816591158,0.013811526946932384,0.5082685960098896,0.17279757427216938,0.8221484050704678,0.7439452153676832,-0.020830604638054095,-0.02905437233071332,-0.01840975240772512,0.01932226797912563,0.02762725828904078,0.017434951920225816
13.44,0.10086251591827211,0.01378878084470403,0.5080403927972686,0.17259023453784245,0.8218592426918405,0.7437619896199447,-0.020637322938987995,-0.028778105983154244,-0.018235394768166706,0.019333840841887037,0.027625705125401415,0.017436374921532542
13.450000000000001,0.10070429959110538,0.013766110998184644,0.5078143694725732,0.17238482817600725,0.8215728428683788,0.7435805074996198,-0.020443932458036416,-0.028501864366735373,-0.018061028940634737,0.0193440226600517,0.027622310402853904,0.01743658852095564
13.46,0.10054760904213969,0.01374352143034191,0.5075905258326623,0.17218135620476163,0.8212892052605285,0.7434007690280191,-0.020250447156459586,-0.02822566594678536,-0.017886667048958416,0.019352803277876095,0.027617064173954754,0.017435586757315418
13.47,0.10039244402456336,0.01372101611014298,0.5073688615249171,0.1719798195020826,0.8210083293435831,0.7432227741049162,-0.02005688109686002,-0.027949529288092797,-0.01771232127655198,0.01936017258283214,0.027609956494195752,0.017433363674778986
13.48,0.10023880418652432,0.013698598952031571,0.5071493760465356,0.17178021880481725,0.8207302144066927,0.7430465225079539,-0.019863248442744612,-0.02767347305487528,-0.017538003866361167,0.019366120506819354,0.027600977422427918,0.017429913322935628
13.49,0.10008668907062718,0.013676273815413698,0.5069320687438275,0.17158255470767417,0.8204548595518667,0.742872013892047,-0.019669563458073882,-0.02739751601074294,-0.017363727120808154,0.019370637027357054,0.027590117021280353,0.01742522975687119
13.5,0.09993609811343247,0.013654044504155305,0.5067169388115091,0.1713868276622223,0.8201822636929822,0.7426992477887895,-0.019475840506799985,-0.027121677018658794,-0.01718950340173631,0.01937371216875431,0.027577365357571625,0.017419307037240102
13.51,0.09978703064495541,0.013631914766089825,0.506503985292,0.1711930379758929,0.81991242555479,0.7425282236058598,-0.019282094052393742,-0.026845975040895684,-0.017015345130354763,0.019375336003259486,0.027562712502716406,0.017412139230336802
13.52,0.0996394858881656,0.013609888292536398,0.5062932070747161,0.17100118581098747,0.8196453436719223,0.7423589406264284,-0.01908833865735887,-0.026570429138987394,-0.016841264787181027,0.01937549865218642,0.027546148533124124,0.017403720408164552
13.530000000000001,0.09949346295848577,0.01358796871783019,0.5060846028953669,0.17081127118368858,0.8193810163878993,0.7421913980085629,-0.018894588982736125,-0.02629505847367712,-0.016667274911983842,0.019374190287018592,0.027527663530591665,0.017394044648503065
13.540000000000001,0.09934896086329253,0.01356615961886165,0.5058781713352479,0.1706232939630785,0.8191194418541381,0.7420255947846387,-0.018700859787595475,-0.026019882304860752,-0.016493388103724478,0.019371401130490053,0.02750724758268921,0.01738310603497437
13.55,0.09920597850141637,0.013544464514629262,0.5056739108205378,0.1704372538701605,0.8188606180289615,0.7418615298607448,-0.018507165928519836,-0.02574491999152935,-0.01631961702049935,0.019367121457642848,0.02748489078313916,0.017370898657107
13.56,0.09906451466264203,0.013522886865800776,0.5054718196215925,0.170253150476887,0.8186045426766071,0.7416992020160947,-0.018313522359075223,-0.02547019099170358,-0.01614597437947925,0.019361341596859993,0.027460583232187277,0.017357416610397993
13.57,0.09892456802720892,0.013501430074287779,0.5052718958522399,0.170070983205191,0.8183512133662368,0.7415386099024339,-0.018119944129272984,-0.02519571486236757,-0.01597247295684996,0.019354051930874465,0.02743431503696723,0.01734265399637354
13.58,0.09878613716531359,0.013480097482830744,0.5050741374690758,0.16989075132602677,0.8181006274709492,0.7413797520434524,-0.0179264463850212,-0.024921511259398163,-0.01579912558775155,0.01934524289775326,0.027406076311857958,0.017326604922647846
13.59,0.09864922053660999,0.013458892374595244,0.5048785422707582,0.16971245395841175,0.8178527821667897,0.7412226268341935,-0.017733044367566782,-0.024647599937490897,-0.015625945166217424,0.019334904991855407,0.027375857178832074,0.01730926350297942
13.6,0.09851381648956177,0.013437817972795307,0.5046851078973059,0.16953609006818043,0.8176076744317388,0.7410672325404947,-0.01753975352293291,-0.024374000758836903,-0.015452944634667433,0.019323001645654123,0.027343645609601664,0.017290626432332572
13.61,0.09837992326002973,0.013416877440411756,0.50449383182941,0.1693616584652305,0.8173653010445819,0.74091356729857,-0.017346589492855266,-0.02410073369236554,-0.015280136984650835,0.019309546009392105,0.027309433536168517,0.017270685696656313
13.620000000000001,0.09824753897145251,0.013396073879747394,0.5043047113877184,0.16918915780392424,0.8171256585840302,0.7407616291142968,-0.017153567785590105,-0.023827818787510082,-0.015107535287986074,0.019294535521630914,0.02727321164406435,0.01724943478565718
13.63,0.09811666163484484,0.013375410332018667,0.5041177437321173,0.16901858658313543,0.8168887434278124,0.7406114158625354,-0.016960703996397035,-0.023555276191712948,-0.014935152675705148,0.019277960843563813,0.02723497008361303,0.01722686784460148
13.64,0.09798728914829777,0.013354889777010048,0.5039329258610274,0.1688499431453185,0.8166545517516902,0.7404629252865428,-0.016768013813618334,-0.023283126150868073,-0.01476300233735628,0.0192598126977247,0.027194699014412932,0.017202979025093015
13.65,0.09785941929647982,0.01333451513274092,0.5037502546106993,0.16868322567558236,0.816423079528475,0.7403161549973883,-0.016575513018059804,-0.023011389009224375,-0.014591097520938906,0.01924008186880899,0.027152388605640697,0.017177762485116335
13.66,0.09773304975013569,0.013314289255144218,0.5035697266545076,0.16851843220076776,0.8161943225270442,0.7401711024733693,-0.016383217482367114,-0.022740085209291164,-0.014419451532841358,0.019218759204464794,0.02710802903634526,0.017151212389077138
13.67,0.09760817806558705,0.013294214937756677,0.5033913385022464,0.16835556058853282,0.815968276311359,0.7400277650594278,-0.016191143170391196,-0.02246923529173632,-0.014248077737775387,0.019195835616056096,0.027061610495734873,0.017123322907841614
13.68,0.09748480168423217,0.013274294911420736,0.5032150864994238,0.16819460854644305,0.8157449362394836,0.7398861399665672,-0.015999306136547486,-0.022198859895283352,-0.014076989558711438,0.019171302079395196,0.02701312318345363,0.017094088218772605
13.69,0.09736291793204754,0.013254531844000883,0.5030409668265573,0.16803557362107024,0.815524297462605,0.7397462242712697,-0.015807722525168353,-0.02192897975660637,-0.0139062004768139,0.019145149635446352,0.026962557309850747,0.01706350250576456
13.700000000000001,0.09724252401908819,0.013234928340108199,0.5028689754984688,0.16787845319709593,0.8153063549240546,0.7396080149149157,-0.015616408569847614,-0.021659615710220938,-0.013735724031375149,0.019117369390998923,0.02690990309624048,0.017031559959276084
13.71,0.09712361703898903,0.01321548694083946,0.5026991083635793,0.16772324449642215,0.8150911033583295,0.7394715087032024,-0.015425380592779897,-0.021390788688374327,-0.013565573819750477,0.019087952519309892,0.026855150775152936,0.016998254776360244
13.72,0.09700619396846649,0.013196210123528451,0.5025313611032038,0.16756994457728888,0.8148785372901168,0.7393367023055633,-0.015234655004091966,-0.021122519720930835,-0.013395763497291205,0.019056890260715866,0.026798290590576198,0.01696358116069288
13.73,0.09689025166681965,0.013177100301508038,0.5023657292308464,0.16741855033339764,0.8146686510333162,0.7392035922545885,-0.0150442483011697,-0.020854829935257085,-0.01322630677727895,0.01902417392321355,0.02673931279818894,0.016927533322598467
13.74,0.09677578687543245,0.013158159823885907,0.5022022080914943,0.16726905849304258,0.8144614386900673,0.7390721749454455,-0.014854177067977679,-0.02058774055610248,-0.013057217430858086,0.018989794883009246,0.026678207665584264,0.016890105479073977
13.75,0.0966627962172766,0.0131393909753314,0.5020407928609154,0.16712146561824912,0.8142568941497768,0.7389424466353027,-0.014664457974376429,-0.02032127290548175,-0.012888509286970672,0.018953744585036618,0.026614965472484577,0.01685129185381073
13.76,0.09655127619641199,0.01312079597587501,0.5018814785449488,0.1669757681039159,0.8140550110881432,0.7388144034427487,-0.014475107775430294,-0.02005544840254925,-0.012720196232287246,0.018916014543442175,0.026549576510946398,0.016811086677213385
13.77,0.0964412231974914,0.013102376980720476,0.5017242599788035,0.1668319621769689,0.8138557829661901,0.7386880413472181,-0.014286143310714764,-0.019790288563477112,-0.012552292211141174,0.01887659634203885,0.02648203108555661,0.01676948418641717
13.780000000000001,0.09633263348526222,0.013084136080068087,0.5015691318263524,0.16669004389551864,0.8136592030292945,0.738563356188414,-0.014097581503616933,-0.019525815001327895,-0.012384811225460614,0.018835481634726918,0.02641231951361885,0.016726478625302584
13.790000000000001,0.0962255032040694,0.013066075298952706,0.501416088579426,0.16655000914802537,0.8134652643062186,0.7384403436657323,-0.013909439360633097,-0.019262049425927207,-0.012217767334701382,0.018792662145882034,0.026340432125330444,0.016682064244507577
13.8,0.09611982837735886,0.013048196597090889,0.5012651245571079,0.1664118536524716,0.8132739596081427,0.7383189993376867,-0.013721733970661537,-0.018999013643732948,-0.012051174655778728,0.018748129670710736,0.026266359263950344,0.0166362353014378
13.81,0.09601560490718099,0.013030501868742328,0.5011162339050297,0.16627557295554238,0.8130852815277005,0.7381993186213359,-0.013534482504293366,-0.01873672955770504,-0.011885047363000346,0.018701876075572773,0.02619009128595766,0.01658898606027453
13.82,0.09591282857369392,0.013012992942583512,0.5009694105946664,0.16614116243181076,0.8128992224380142,0.7380812967917073,-0.01334770221309872,-0.018475219167171344,-0.011719399687997869,0.018653893298268973,0.026111618561199146,0.01654031079197913
13.83,0.0958114950346673,0.012995671581593204,0.5008246484226303,0.16600861728293234,0.8127157744917307,0.7379649289812266,-0.013161410428911335,-0.01821450456769366,-0.011554245919659293,0.018604173348296966,0.026030931473029106,0.016490203774296476
13.84,0.09571159982498695,0.01297853948295069,0.5006819410099668,0.16587793253684663,0.8125349296200618,0.7378502101791445,-0.012975624563111646,-0.017954607950933704,-0.011389600404062228,0.018552708307072553,0.02594802041843911,0.016438659291755444
13.85,0.09561313835615737,0.012961598277945574,0.5005412818014477,0.16574910304698345,0.8123566795318214,0.7377371352309651,-0.01279036210590375,-0.01769555160451208,-0.011225477544403489,0.01849949032811661,0.025862875808177043,0.0163856716356663
13.86,0.095516105915808,0.012944849531900504,0.5004026640648683,0.1656221234914807,0.8121810157124694,0.7376256988378755,-0.012605640625596957,-0.017437357911874906,-0.011061891800934314,0.018444511637208793,0.02577548806685836,0.016331235104116687
13.870000000000001,0.09542049766719593,0.012928294744106672,0.5002660808903406,0.1654969883724051,0.812007929423152,0.7375158955561749,-0.01242147776788041,-0.017180049352151585,-0.010898857690890707,0.018387764532505943,0.025685847633065823,0.016275344001963978
13.88,0.09532630864871067,0.012911935347769965,0.500131525189587,0.1653736920149818,0.8118374116997451,0.7374077197967054,-0.012237891255098872,-0.01692364850001468,-0.010736389788425785,0.018329241384627503,0.025593944959441863,0.016217992640826427
13.89,0.0952335337733804,0.012895772709971498,0.4999989896952396,0.16525222856683378,0.811669453351903,0.737301165824284,-0.012054898885529252,-0.016668178025540943,-0.01057450272454352,0.018268934636704433,0.02549977051276874,0.01615917533907012
13.9,0.09514216782837502,0.012879808131637971,0.49986846696012954,0.16513259199722383,0.8115040449621015,0.7371962277571329,-0.011872518532654091,-0.016413660694067685,-0.010413211187030159,0.018206836804395388,0.025403314774041504,0.016098886421794946
13.91,0.09505220547451157,0.01286404284752618,0.49973994935658556,0.16501477609630644,0.811341176884687,0.7370928995663131,-0.011690768144436918,-0.016160119366051155,-0.010252529920387483,0.01814294047586694,0.025304568238530056,0.016037120220816933
13.92,0.0949636412457604,0.01284847802621969,0.49961342907572787,0.16489877447438844,0.8111808392449279,0.7369911750751579,-0.011509665742596856,-0.015907576996922728,-0.010092473725765255,0.018077238311739435,0.025203521415831924,0.01597387107464854
13.93,0.09487646954874855,0.012833114770134768,0.4994888981267617,0.16478458056119252,0.8110230219380624,0.7368910479587052,-0.01132922942188561,-0.015656056636946948,-0.009933057460895331,0.01800972304499798,0.025100164829916373,0.015909133328476228
13.94,0.09479068466226642,0.012817954115542374,0.49936634833627397,0.16467218760513191,0.8108677146283532,0.7367925117431334,-0.011149477349363047,-0.015405581431075737,-0.009774296040023856,0.017940387480867383,0.024994489019156827,0.015842901334134546
13.950000000000001,0.0947062807367724,0.012802997032598518,0.4992457713475264,0.1645615886725905,0.8107149067481396,0.7366955598051955,-0.01097042776367656,-0.015156174618805605,-0.009616204433845784,0.017869224496654203,0.02488648453635738,0.015775169450079493
13.96,0.0946232517938996,0.012788244425390338,0.4991271586197524,0.1644527766472116,0.8105645874968957,0.7366001853716567,-0.010792098974340955,-0.014907859534032921,-0.00945879766943861,0.017796227041551118,0.024776141948766175,0.01570593204135692
13.97,0.09454159172595988,0.012773697131990114,0.49901050142744974,0.16434574422919107,0.8104167458402837,0.7365063815187289,-0.010614509361020099,-0.014660659604908617,-0.009302090830196097,0.017721388136408067,0.02466345183808224,0.015635183479569912
13.98,0.09446129429545139,0.012759355924523819,0.498895790859677,0.1642404839345816,0.8102713705092147,0.7364141411715095,-0.010437677372813144,-0.014414598353695747,-0.009146099055764214,0.01764470087346732,0.024548404800451708,0.015562918142842714
13.99,0.09438235313456228,0.012745221509249949,0.49878301781934703,0.16413698809459926,0.8101284499989062,0.7363234571034177,-0.01026162152754022,-0.014169699396622493,-0.00899083754197446,0.017566158416063765,0.024430991446455406,0.015489130415782185
14.0,0.09430476174467836,0.012731294526652115,0.49867217302252276,0.1640352488549421,0.809987972567945,0.736234321935634,-0.010086360411034301,-0.013925986443739536,-0.008836321540780269,0.017485753998289513,0.0243112024010867,0.015413814689436159
14.01,0.09422851349588858,0.012717575551539462,0.49856324699771215,0.16393525817511304,0.8098499262373489,0.7361467281365397,-0.009911912676435092,-0.013683483298775558,-0.008682566360192503,0.017403480924623984,0.024189028303721084,0.015336965361249599
14.02,0.09415360162649004,0.012704065093162631,0.498456230085161,0.1638370078277485,0.8097142987896292,0.7360606680211543,-0.009738297043487536,-0.01344221385899414,-0.008529587364216027,0.01731933256952836,0.024064459808076196,0.015258576835017504
14.030000000000001,0.09408001924249634,0.012690763595338994,0.498351112436151,0.16374048939795943,0.8095810777678598,0.7359761337505797,-0.009565532297843592,-0.013202202115049798,-0.008377399972785984,0.01723330237700504,0.023937487582163037,0.015178643520835162
14.040000000000001,0.0940077593171409,0.012677671436588933,0.4982478840122915,0.1636456942826715,0.8094502504747393,0.7358931173314369,-0.009393637290369489,-0.012963472150845722,-0.008226019661705285,0.017145383860122543,0.023808102308229055,0.015097159835045984
14.05,0.09393681469038645,0.012664788930285498,0.49814653458481667,0.1635526136899806,0.8093218039716641,0.735811610615312,-0.009222630936457987,-0.012726048143392362,-0.008075461962582799,0.017055570600504426,0.02367629468269135,0.01501412020018578
14.06,0.09386717806842781,0.012652116324811391,0.4980470537338776,0.16346123863850684,0.8091957250777928,0.7357316052981939,-0.009052532215343963,-0.01248995436266385,-0.007925742462770304,0.01696385624778372,0.023542055416061573,0.014929519044924396
14.07,0.09379884202320168,0.012639653803732387,0.49794943084784116,0.16337155995676336,0.8090720003691227,0.7356530929199215,-0.008883360169429737,-0.012255215171461054,-0.007776876805303722,0.01687023451902354,0.02340537523286415,0.014843350804005647
14.08,0.09373179899189032,0.012627401485975576,0.4978536551225803,0.16328356828252497,0.8089506161775575,0.7355760648636243,-0.008715133903611614,-0.012021855025268832,-0.0076288806888407355,0.016774699198100967,0.02326624487154303,0.014755609918182424
14.09,0.09366604127642966,0.012615359426023265,0.49775971556077175,0.1631972540622086,0.8088315585899843,0.7355005123551669,-0.008547872584615396,-0.01178989847211792,-0.007481769867601424,0.016677244135057816,0.023124655084362473,0.014666290834150426
14.1,0.09360156104301498,0.012603527614115206,0.49766760097119,0.16311260755025722,0.8087148134473474,0.7354264264625954,-0.008381595440339562,-0.011559370152449254,-0.00733556015131043,0.016577863245416657,0.022980596637299427,0.014575388004478792
14.11,0.0935383503216076,0.012591905976461648,0.49757729996800165,0.16302961880853134,0.8086003663437249,0.7353537980955798,-0.00821632175920206,-0.011330294798974698,-0.007190267405136867,0.016476550509461424,0.022834060309926393,0.014482895887536913
14.120000000000001,0.09347640100544195,0.012580494375467377,0.4974888009700614,0.16294827770570808,0.8084882026254077,0.7352826180048629,-0.008052070889497406,-0.011102697236543058,-0.007045907549637549,0.016373299971485084,0.022685036895288387,0.014388808947419576
14.13,0.09341570485053155,0.012569292609964922,0.4974020922002058,0.16286857391668466,0.8083783073899778,0.7352128767817047,-0.007888862238760778,-0.010876602382006382,-0.006902496560700362,0.01626810573900252,0.022533517199771137,0.01429312165386856
14.14,0.09335625347517526,0.01255830041545919,0.4973171616845481,0.16279049692198852,0.8082706654853885,0.735144564857329,-0.007726715273139426,-0.010652035244086623,-0.00676005046948781,0.01616096198192893,0.022379492042961007,0.014195828482190863
14.15,0.09329803835946615,0.012547517464382207,0.49723399725177453,0.16271403600719747,0.8081652615090495,0.7350776725023741,-0.007565649516772983,-0.010429020923244485,-0.006618585362381849,0.016051862931725502,0.022222952257499068,0.01409692391317499
14.16,0.09324105084479382,0.012536943366353859,0.49715258653243505,0.16263918026235696,0.8080620798069035,0.7350121898263354,-0.007405684551181662,-0.010207584611548526,-0.006478117380928816,0.015940802880510977,0.02206388868892687,0.013996402433003706
14.17,0.09318528213335614,0.012526577668459882,0.4970729169582444,0.16256591858141595,0.8079611044725189,0.73494810677702,-0.00724684001466609,-0.009987751592549556,-0.006338662721787566,0.015827776180139173,0.021902292195524784,0.013894258533163568
14.18,0.09313072328766284,0.012516419855531535,0.4969949757613718,0.16249423966165796,0.8078623193461707,0.7348854131399924,-0.007089135601713563,-0.009769547241152466,-0.006200237636675887,0.015712777241244535,0.02173815364814464,0.013790486710352382
14.19,0.09307736523004217,0.01250646935043842,0.4969187499737369,0.16242413200314232,0.807765708013927,0.7348240985380236,-0.006932591062414635,-0.00955299702349065,-0.006062858432318393,0.015595800532253129,0.021571463930033563,0.013685081466382386
14.200000000000001,0.09302519874214962,0.012496725514390628,0.4968442264263067,0.16235558390815322,0.8076712538067411,0.734764152430544,-0.00677722620189105,-0.009338126496804064,-0.005926541470396577,0.015476840578361937,0.021402213936652977,0.013578037308081558
14.21,0.09297421446447253,0.012487187647248876,0.4967713917483877,0.16228858348064978,0.8075789397995377,0.7347055641130921,-0.006623060879733482,-0.00912496130931827,-0.005791303167499318,0.0153558919604855,0.021230394575490738,0.013469348747191742
14.22,0.0929244028958375,0.012477854987843373,0.496700232366921,0.1622231186257249,0.8074887488103039,0.7346483227167653,-0.006470115009448858,-0.008913527200123894,-0.005657159995073486,0.015232949314169106,0.021055996765865635,0.0133590103002629
14.23,0.0928757543929186,0.012468726714301825,0.4966307345057801,0.1621591770490706,0.8074006633991845,0.7345924172076741,-0.006318408557920405,-0.008703849999060438,-0.005524128479377095,0.01510800732847105,0.020879011438727533,0.013247016488545418
14.24,0.09282825916974188,0.012459801944385729,0.49656288418506184,0.16209674625644416,0.807314665867571,0.7345378363863914,-0.00616796154487828,-0.008495955626600995,-0.005392225201432867,0.014981060744812558,0.020699429536450764,0.013133361837878936
14.25,0.09278190729719311,0.012451079735833148,0.4964966672203831,0.16203581355314364,0.8072307382571974,0.7344845688874064,-0.006018794042380982,-0.00828987009373793,-0.005261466796982186,0.014852104355795386,0.020517242012620982,0.013018040878577601
14.26,0.092736688702525,0.012442559086713767,0.49643206922217564,0.16197636604348747,0.8071488623492361,0.7344326031785781,-0.005870926174310317,-0.008085619501872877,-0.005131869956441574,0.014721133003989683,0.020332439831818695,0.012901048145313709
14.27,0.09269259316886301,0.012434238935785824,0.49636907559498084,0.16191839063029773,0.8070690196633944,0.7343819275605874,-0.005724378115878189,-0.007883230042708241,-0.0050034514248599475,0.01458814158068875,0.02014501396939469,0.01278237817699654
14.280000000000001,0.09264961033471265,0.01242611816286543,0.4963076715367433,0.16186187401438984,0.80699119145701,0.7343325301663917,-0.005579170093144353,-0.007682727998138793,-0.004876228001875671,0.014453125024634254,0.019954955411242033,0.012662025516649246
14.290000000000001,0.0926077296934661,0.012418195589201375,0.4962478420381074,0.1618068026940664,0.8069153587241527,0.7342843989606798,-0.005435322382549799,-0.007484139740149268,-0.004750216541677241,0.01431607832071039,0.019762255153562534,0.012539984711282325
14.3,0.0925669405929091,0.01241046997785572,0.49618957188171153,0.16175316296461584,0.8068415021947217,0.7342375217393259,-0.005292855310462149,-0.007287491730712697,-0.0046254339529642014,0.014176996498608454,0.019566904202629312,0.012416250311764536
14.31,0.09252723223472717,0.012402940034093701,0.49613284564148186,0.16170094091781465,0.8067696023335469,0.7341918861288442,-0.005151789252732599,-0.007092810521688449,-0.0045018971989076615,0.01403587463145983,0.019368893574542648,0.012290816872689368
14.32,0.0924885936740131,0.012395604405778193,0.49607764768192936,0.16165012244143598,0.8066996393394914,0.7341474795858464,-0.0050121446342704466,-0.0069001227547279,-0.0043796232971154495,0.013892707834440922,0.019168214294983752,0.012163678952239874
14.33,0.09245101381877213,0.012388461683771335,0.4960239621574408,0.16160069321875875,0.8066315931445511,0.734104289396494,-0.004873941928628317,-0.006709455161177904,-0.004258629319595648,0.013747491263348066,0.018964857398963433,0.012034831112049778
14.34,0.0924144814294308,0.0123815104023427,0.49597177301157835,0.16155263872808637,0.8065654434129628,0.7340623026759581,-0.004737201657604534,-0.006520834561990619,-0.004138932392723975,0.013600220113143111,0.018758813930566744,0.011904267917061402
14.35,0.09237898511834225,0.012374749039581634,0.4959210639763712,0.16150594424226447,0.8065011695403054,0.7340215063678744,-0.004601944390857889,-0.006334287867632699,-0.004020549697210561,0.01345088961647058,0.018550074942694166,0.011771983935380672
14.36,0.09234451334929218,0.012368176017816812,0.4958718185716102,0.16146059482820285,0.8064387506526041,0.7339818872437984,-0.004468190745537804,-0.006149842077997719,-0.003903498468068577,0.013299495042145523,0.018338631496798263,0.011637973738128308
14.370000000000001,0.09231105443700874,0.012361789704040782,0.4958240201041461,0.16141657534640685,0.8063781656054426,0.7339434319026671,-0.0043359613859328015,-0.0059675242823254175,-0.0037877959945870334,0.013146031693615064,0.01812447466261973,0.011502231899289584
14.38,0.09227859654666346,0.012355588410338347,0.4957776516671784,0.16137387045050047,0.80631939298306,0.7339061267702491,-0.004205277023128171,-0.005787361659114861,-0.0036734596202995418,0.012990494907389771,0.017907595517916847,0.01136475299555876
14.39,0.09224712769338432,0.012349570394320053,0.4957326961395562,0.16133246458676795,0.8062624110974693,0.7338699580986103,-0.0040761584146872835,-0.005609381476051182,-0.0035605067429615306,0.012832880051449147,0.01768798514819484,0.011225531606182032
14.4,0.09221663574175802,0.012343733859561001,0.4956891361850704,0.16129234199368514,0.8062071979875595,0.7338349119655666,-0.003948626364342064,-0.005433611089925392,-0.0034489548145229436,0.012673182523619124,0.01746563464643111,0.011084562312796429
14.41,0.09218710840533745,0.01233807695604311,0.49564695425174626,0.1612534867014603,0.8061537314182047,0.7338009742741424,-0.0038227017217039045,-0.005260077946562663,-0.0033388213411061694,0.01251139774992275,0.01724053511279843,0.01094183969926577
14.42,0.09215853324615007,0.012332597780600696,0.49560613257114405,0.1612158825315795,0.8061019888793793,0.7337681307520326,-0.00369840538199076,-0.005088809580752739,-0.003230123882985231,0.012347521182904782,0.017012677654386667,0.010797358351513884
14.43,0.09213089767420188,0.012327294377369291,0.49556665315764714,0.16117951309634762,0.8060519475852626,0.7337363669510567,-0.0035757582857683704,-0.0049198336161793395,-0.0031228800545642314,0.012181548299929288,0.016782053384921326,0.010651112857353916
14.44,0.09210418894698547,0.012322164738239605,0.4955284978077613,0.16114436179843872,0.8060035844733533,0.7337056682466201,-0.0034547814187130166,-0.00475317776535842,-0.0030171075243613688,0.0120134746014515,0.016548653424480857,0.010503097806314731
14.450000000000001,0.09207839416898597,0.012317206803311165,0.49549164809940754,0.1611104118304452,0.8059568762035808,0.7336760198371722,-0.003335495811387103,-0.004588869829572969,-0.0029128240149906936,0.011843295609264311,0.01631246889921275,0.010353307789464366
14.46,0.09205350029118986,0.012312418461351504,0.49545608539122,0.16107764617443265,0.8059117991574216,0.7336474067436678,-0.003217922539037348,-0.004426937698817467,-0.0028100473031499704,0.011671006864719297,0.016073490941048207,0.010201737399230148
14.47,0.0920294941105859,0.012307797550254906,0.49542179082183363,0.16104604760148708,0.8058683294370023,0.733619813809021,-0.003102082721405259,-0.004267409351737387,-0.002708795219605411,0.011496603926922457,0.01583171068741511,0.010048381229215279
14.48,0.09200636226967898,0.012303341857504924,0.4953887453091889,0.16101559867128012,0.8058264428642268,0.7335932256975713,-0.002987997522561365,-0.00411031285557938,-0.002609085649183193,0.01132008237090563,0.015587119280951125,0.009893233874012789
14.49,0.09198409125598957,0.012299049120636396,0.49535692954981686,0.16098628173161753,0.8057861149798784,0.7335676268945367,-0.0028756881507523706,-0.003955676366136661,-0.0025109365307580036,0.011141437785772665,0.015339707869214523,0.009736289929015273
14.5,0.09196266740156593,0.012294917027700691,0.4953263240181417,0.16095807891800534,0.8057473210427436,0.733543001705479,-0.002765175858273004,-0.0038035281277056933,-0.002414365857248822,0.010960665772822873,0.015089467604396943,0.00957754399022288
14.51,0.09194207688248635,0.012290943217728778,0.4952969089657702,0.16093097215320487,0.8057100360287213,0.7335193342557581,-0.0026564819413508784,-0.003653896473037596,-0.0023193916756114757,0.010777761943649145,0.014836389643033548,0.00941699065404656
14.52,0.09192230571836829,0.012287125281198186,0.4952686644207899,0.16090494314679718,0.8056742346299423,0.733496608489996,-0.0025496277400547584,-0.0035068098232983705,-0.002226032086836934,0.010592721918213284,0.014580465145714447,0.009254624517108902
14.530000000000001,0.09190333977187382,0.012283460760496079,0.49524157018706244,0.16087997339474353,0.8056398912538831,0.7334748081715342,-0.002444634638219886,-0.0033622966880288135,-0.002134305245949575,0.010405541322897961,0.014321685276796057,0.009090440176041525
14.540000000000001,0.09188516474821559,0.012279947150385773,0.49521560584351865,0.1608560441789479,0.8056069800224839,0.7334539168818934,-0.0023415240633938767,-0.003220385665108661,-0.0020442293620083585,0.010216215788535704,0.01406004120411298,0.008924432227279325
14.55,0.09186776619466361,0.012276581898467642,0.4951907507434522,0.16083313656682016,0.805575474771263,0.7334339180202336,-0.002240317486801989,-0.0030811054407230065,-0.0019558226981096823,0.010024740948414228,0.013795524098689263,0.008756595266850662
14.56,0.09185112950005173,0.012273362405644472,0.4951669840138167,0.16081123141083972,0.8055453490484361,0.7334147948028134,-0.0021410364233323703,-0.002944484789331461,-0.0018691035713922668,0.009831112436260449,0.013528125134452049,0.00858692389016529
14.57,0.09183523989428424,0.012270286026578536,0.49514428455451864,0.16079030934811916,0.8055165761140335,0.7333965302624503,-0.002043702431542642,-0.0028105525736416754,-0.0017840903530451258,0.009635325884201854,0.013257835487945804,0.008415412691798761
14.58,0.09182008244784211,0.012267350070153504,0.4951226310377138,0.16077035079996715,0.8054891289390175,0.7333791072479796,-0.0019483371136858312,-0.0026793377445840953,-0.001700801468316689,0.00943737692070478,0.012984646338046187,0.008242056265272548
14.59,0.09180564207128931,0.012264551799928358,0.4951020019071008,0.1607513359714513,0.8054629802044001,0.7333625084237141,-0.0018549621157568305,-0.002550869341289325,-0.0016192553965259809,0.009237261168492284,0.012708548865677332,0.008066849202832214
14.6,0.09179190351477731,0.012261888434590251,0.4950823753772138,0.160733244850958,0.8054381023003582,0.7333467162689008,-0.001763599127561063,-0.002425176491070048,-0.0015394706710771325,0.009034974242439247,0.01242953425352905,0.007889786095221188
14.61,0.09177885136755559,0.012259357148405425,0.4950637294327235,0.16071605720975934,0.8054144673253589,0.7333317130771851,-0.001674269882802937,-0.0023022884094039096,-0.001461465879475,0.008830511747446224,0.012147593685776156,0.007710861531451572
14.620000000000001,0.09176647005747482,0.012256955071663356,0.49504604182772677,0.1606997526015696,0.8053920470852726,0.7333174809560656,-0.0015869961591976633,-0.0021822343999219136,-0.0013852596633448114,0.00862386927629245,0.011862718347800151,0.00753007009857186
14.63,0.09175474385049343,0.012254679291119064,0.49502929008504215,0.1606843103621044,0.8053708130924914,0.733304001826354,-0.0015017997786010483,-0.002065043854394656,-0.0013108707184510218,0.008415042407466652,0.011574899425911521,0.007347406381430493
14.64,0.09174365685018367,0.01225252685042938,0.49501345149550485,0.16066970960863877,0.8053507365650483,0.7332912574216323,-0.0014187026071652178,-0.0019507462527270044,-0.001238317794722154,0.008204026702977454,0.01128412810707507,0.007162864962436572
14.65,0.09173319299724092,0.012250494750584373,0.4949985031172647,0.16065592923956676,0.8053317884257404,0.7332792292877147,-0.0013377265555135458,-0.0018393711629516806,-0.001167619696275617,0.007990817706142999,0.010990395578637792,0.006976440421317369
14.66,0.09172333606898525,0.012248579950332406,0.494984421775075,0.16064294793395006,0.8053139393012392,0.733267898782101,-0.0012588935789395234,-0.0017309482412279137,-0.001098795281446462,0.00777541093935892,0.010693693028057873,0.006788127334871637
14.67,0.09171406967887166,0.01224677936660018,0.4949711840595928,0.1606307441510748,0.8052971595212169,0.7332572470734372,-0.001182225677625779,-0.0016255072318396824,-0.0010318634628166555,0.007557801901846029,0.010394011642637023,0.006597920276720032
14.68,0.09170537727599538,0.012245089874905635,0.4949587663266725,0.16061929613000064,0.8052814191174631,0.7332472551409737,-0.001107744896889248,-0.00152307796720146,-0.00096684320724993,0.007337986067377414,0.010091342609255597,0.006405813817052155
14.69,0.09169724214459535,0.012243508309761675,0.49494714469665596,0.16060858188910415,0.8052666878229978,0.7332379037740172,-0.0010354733274447689,-0.0014236903678605248,-0.0009037535359253349,0.007115958881983708,0.009785677114108774,0.006211802522369169
14.700000000000001,0.09168964740356617,0.012242031465075798,0.49493629505367615,0.16059857922563098,0.805252935071202,0.733229173571395,-0.0009654331056957611,-0.0013273744425074624,-0.0008426135243769079,0.006891715761638953,0.009477006342447561,0.006015880955224137
14.71,0.09168257600595794,0.012240656094538949,0.4949261930449418,0.16058926571522888,0.8052401299949221,0.7332210449409039,-0.0008976464140460132,-0.001234160287986278,-0.0007834423025340801,0.006665252089925358,0.009165321478321923,0.005818043673958443
14.72,0.09167601073848738,0.01223937891200605,0.494916814080041,0.16058061871149248,0.8052282414255992,0.7332134980987703,-0.0008321354812349124,-0.0011440780893070676,-0.0007262590547647389,0.006436563215675768,0.00885061370432498,0.005618285232433491
14.73,0.0916699342210418,0.012238196591866368,0.49490813333023037,0.16057261534549527,0.8052172378923825,0.7332065130691049,-0.0007689225826977023,-0.001057158119663073,-0.0006710830199221569,0.006205644450597708,0.00853287420134351,0.005416600179760942
14.74,0.09166432890618592,0.012237105769407897,0.49490012572773195,0.16056523252532093,0.8052070876212474,0.7332000696833566,-0.0007080300409471881,-0.0009734307404468965,-0.0006179334913925302,0.005972491066873807,0.008212094148307838,0.005212983060027104
14.75,0.09165917707866877,0.012236103041165625,0.4948927659650293,0.16055844693559193,0.805197758534116,0.7331941475797685,-0.0006494802259832178,-0.0008929264012742556,-0.0005668298171484996,0.005737098294743315,0.007888264721947902,0.005007428412015695
14.76,0.09165446085492934,0.012235184965263268,0.49488602849415997,0.1605522350369915,0.8051892182479727,0.7331887262028306,-0.000593295555722328,-0.0008156756400044854,-0.0005177913998018593,0.005499461320060383,0.007561377096549673,0.004799930768925281
14.77,0.09165016218260107,0.01223434806174134,0.49487988752600937,0.16054657306577982,0.8051814340739792,0.7331837848027314,-0.0005394984964549681,-0.000741709082767659,-0.0004708376966617722,0.0052595752818323785,0.007231422443716813,0.004590484658084423
14.780000000000001,0.09164626284002264,0.012233588812874896,0.4948743170296106,0.1605414370333138,0.8051743730165986,0.7331793024348157,-0.00048811156332601106,-0.0006710574439921061,-0.0004259882197946027,0.0050174352697345105,0.006898391932132759,0.004379084600661524
14.790000000000001,0.09164274443573965,0.012232903663476125,0.49486929073143415,0.1605368027255503,0.8051680017727055,0.7331752579590313,-0.00043915732084112696,-0.0006037515264355205,-0.00038326253608744607,0.00477303632160451,0.006562276727328628,0.0041657251113727265
14.8,0.0916395884080134,0.012232289021186116,0.49486478211468443,0.1605326457025524,0.8051622867307052,0.7331716300393835,-0.0003926583833962554,-0.0005398222212155407,-0.0003426802673128012,0.004526373420913102,0.006223067991451584,0.003950400698184521
14.81,0.09163677602432665,0.012231741256750972,0.4948607644185957,0.1605289412979882,0.805157193969651,0.7331683971433854,-0.0003486374158363518,-0.0004793005078479448,-0.0003042610901996066,0.004277441494212902,0.005880756883037681,0.0037331058620135734
14.82,0.09163428838088965,0.012231256704284599,0.49485721063772586,0.16052566461862205,0.8051526892583585,0.7331655375415075,-0.00030711713403490626,-0.00042221745428042855,-0.00026802473650306,0.004026235408563202,0.005535334556786111,0.003513835096421864
14.83,0.09163210640214671,0.012230831661516284,0.4948540935212507,0.16052279054380228,0.8051487380545211,0.733163029306627,-0.00026812030550454636,-0.0003686042169357981,-0.00023399099308205946,0.003772749968931934,0.005186792163337175,0.0032925828873086598
14.84,0.09163021084028225,0.012230462390021901,0.49485138557226016,0.16052029372494117,0.8051453055038259,0.7331608503134777,-0.00023166975002789428,-0.00031849204074933183,-0.0002021797019746398,0.0035169799155725305,0.004835120849051371,0.0030693437125976692
14.85,0.09162858227472724,0.012230145115439794,0.49484905904705145,0.1605181485849889,0.8051423564390677,0.7331589782380954,-0.00019778834032134203,-0.00027191225921736466,-0.0001726107604822872,0.003258919921378236,0.004480311755793693,0.0028441120419220554
14.86,0.09162720111166486,0.012229876027667841,0.4948470859544246,0.16051632931790047,0.8051398553792624,0.7331573905572667,-0.00016649900271894312,-0.00022889629443912705,-0.00014530412125177958,0.0029985645892079975,0.004122356020715683,0.0026168823363026334
14.870000000000001,0.09162604758353854,0.012229651281046305,0.4948454380549787,0.16051480988809788,0.8051377665287636,0.7331560645479752,-0.00013782471788810566,-0.00018947565716753663,-0.00012027979236457066,0.0027359084491892743,0.0037612447760432956,0.002387649047824438
14.88,0.09162510174855612,0.012229466994517879,0.49484408686040426,0.16051356402992062,0.8051360537763724,0.7331549772868459,-0.00011178852157024055,-0.00015368194685914433,-9.755783742755199e-05,0.002470945955993758,0.0033969691488657115,0.002156406619308673
14.89,0.09162434349019732,0.012229319251773174,0.49484300363277955,0.16051256524707208,0.8051346806944519,0.7331541056495887,-8.841350534825055e-05,-0.00012154685172544801,-7.715837566664805e-05,0.0022036714860842626,0.0030295202609235444,0.0019231494839791427
14.9,0.09162375251672117,0.012229204101373292,0.4948421593838655,0.1605117868120594,0.805133610538041,0.7331534263104453,-6.772281744347882e-05,-9.310214878877594e-05,-5.910158202532898e-05,0.0019340793349358002,0.0026588892284013913,0.0016878720651264283
14.91,0.09162330836066788,0.012229117556854296,0.4948415248743979,0.16051120176561656,0.8051328062439592,0.7331529157416249,-4.973966353862096e-05,-6.837970393753103e-05,-4.340768726478341e-05,0.0016621637142261027,0.0022850671617190223,0.0014505687757663214
14.92,0.09162299037837189,0.012229055596808536,0.49484107061338767,0.1605107829161347,0.8051322304299285,0.7331525502127539,-3.448730763058177e-05,-4.741147198586137e-05,-3.009697806901483e-05,0.0013879187489975176,0.0019080451653249132,0.0012112340182949901
14.93,0.09162277774946234,0.012229014164947427,0.4948407668574095,0.16051050283906662,0.8051318453936738,0.7331523057903088,-2.1989072911512252e-05,-3.022949673490493e-05,-1.9189797153098338e-05,0.001111338474787596,0.001527814337489261,0.000969862184139242
14.94,0.09162264947637246,0.012228989170137428,0.49484058360990135,0.16051033387633484,0.8051316131120384,0.7331521583370598,-1.2268342676985597e-05,-1.6865911033750272e-05,-1.0706543373462558e-05,0.0008324168347277785,0.0011443657700968273,0.0007264476534022498
14.950000000000001,0.09162258438384524,0.012228976486418075,0.49484049062045643,0.16051024813572423,0.8051314952400918,0.733152083511507,-5.348561266317615e-06,-7.3529368465503135e-06,-4.6676718443266084e-06,0.0005511476766101159,0.0007576905484405574,0.0004809847945055459
14.96,0.09162256111843882,0.01222897195299033,0.4948404573841186,0.16051021749026634,0.8051314531102364,0.733152056767317,-1.2532350290632647e-06,-1.722885317131906e-06,-1.0936940548376885e-06,0.00026752474991900444,0.0003677797510129944,0.00023346796382558418
14.97,0.09162255815301383,0.012228971375156328,0.4948404531477916,0.16051021358417467,0.8051314477403354,0.7331520533584839,2.4670098765526947e-08,3.3915173445071485e-08,2.152947309843677e-08,7.672701551587053e-05,0.00010548032514588904,6.69592867133246e-05
14.98,0.09162257628130568,0.012228974907575962,0.49484047904535583,0.16051023746298074,0.8051314805676811,0.7331520741974,6.722377043700185e-06,9.241575897319873e-06,5.866585333399801e-06,0.0012595004083887393,0.001731496025568587,0.0010991598466165474
14.99,0.09162268990280831,0.01222899704744812,0.4948406413618153,0.16051038712658589,0.8051316863174754,0.733152204808102,2.5148581478154256e-05,3.457297410802199e-05,2.1947046860363888e-05,0.0024224447066298867,0.0033302532489312437,0.002114056535891757
15.0,0.09162298730662699,0.012229054998127153,0.49484106622448437,0.1605107788703225,0.8051322248667115,0.7331525466810637,5.5105535398789216e-05,7.57562876301018e-05,4.809035847407608e-05,0.0035656682169827245,0.004901904494761797,0.0031117459453364154
15.01,0.09162355528500493,0.012229165670275266,0.49484187762230314,0.16051152701743043,0.805133253381784,0.7331531995860292,9.639656558684836e-05,0.00013252121871036864,8.412492948943043e-05,0.0046892776068069774,0.006446602149184774,0.004092324465214248
15.02,0.09162447914175537,0.01222934568240519,0.49484319741788124,0.16051274392972473,0.8051349263337271,0.7331542615816522,0.00014882605772572504,0.0002045989929196956,0.0001298801321732359,0.005793378005943203,0.007964498492071962,0.005055888297690186
15.030000000000001,0.0916258427006936,0.012229611361041282,0.49484514535954616,0.16051454001810936,0.8051373955134433,0.7331558290251161,0.00021219944152485118,0.0002917223581258815,0.00018518629992407944,0.006878073106125467,0.009455745704104561,0.006002533468945821
15.040000000000001,0.09162772831406926,0.012229978740517178,0.4948478390933872,0.16051702375294724,0.8051408100469214,0.7331579965817372,0.00028632317682576313,0.00039362558353671405,0.00024987472557171737,0.007943465258029652,0.010920495873770985,0.006932355840980486
15.05,0.09163021687099845,0.012230463562441063,0.4948513941753017,0.160520301674296,0.8051453164104448,0.73316085723455,0.0003710047406672927,0.0005100444588129587,0.00032377765979304087,0.008989655566039954,0.012358901004326076,0.007845451123106187
15.06,0.09163338780589614,0.01223108127484468,0.49485592408304174,0.16052447840201942,0.8051510584457927,0.7331645022938792,0.0004660526152871824,0.0006407162932506394,0.0004067283096413674,0.010016743980801296,0.01377111302072481,0.008741914883138562
15.07,0.09163731910690809,0.012231847031046184,0.49486154022825873,0.16052965664578286,0.8051581773754324,0.7331690214068958,0.0005712762770384948,0.0007853799150326957,0.0004985608371862066,0.011024829389624123,0.015157283776549445,0.009621842558291556
15.08,0.0916420873243434,0.01223277568824327,0.4948683519685497,0.16053593721494328,0.8051668118177038,0.733174502567162,0.000686486186199551,0.0009437756705498989,0.0005991103582604955,0.012014009704797044,0.016517565060940424,0.010485329465779819
15.09,0.09164776757910652,0.012233881805861158,0.4948764666195038,0.16054341902834052,0.8051770978020005,0.7331810321241619,0.0008114937776567483,0.001115645423791142,0.000708212941312419,0.012984381949857121,0.01785210860554031,0.01133247081313366
15.1,0.09165443357112975,0.012235179643675098,0.49488598946674606,0.16055219912400098,0.8051891687839404,0.7331886947928227,0.0009461114524400503,0.001300732555803259,0.0008257056063589608,0.013936042343861288,0.019161066091457103,0.012163361708231115
15.11,0.0916621575878052,0.0122366831597297,0.4948970237779856,0.1605623726687598,0.8052031556605361,0.7331975736630257,0.0010901525700913561,0.0014987819642205916,0.0009514263240383776,0.014869086383696462,0.020444589156250702,0.012978097169051366
15.120000000000001,0.09167101051241734,0.012238406008071245,0.49490967081506004,0.16057403296781142,0.8052191867853571,0.7332077502091081,0.0012434314418463296,0.0017095400628645812,0.0010852140147588562,0.015783608924460804,0.021702829400944465,0.013776772133153823
15.13,0.09168106183257503,0.01224036153631669,0.49492402984598155,0.16058727147419563,0.8052373879836914,0.733219304299357,0.0014057633246103707,0.0019327547814134082,0.0012269085479404856,0.016679704257942227,0.0229359383970597,0.014559481466885862
15.14,0.09169237964864387,0.012242562783073785,0.4949401981569829,0.16060217779822744,0.805257882567701,0.7332323142054957,0.0015769644157102368,0.002168175565142472,0.00137635074134821,0.017557466189219426,0.024144067693674318,0.015326319974325214
15.15,0.09170503068217839,0.012245022475233291,0.49495827106456247,0.16061883971687824,0.8052807913515786,0.7332468566121645,0.001756851848402082,0.002415553374735163,0.0015333823605126428,0.018416988111400488,0.02532736882449656,0.016077382405957616
15.16,0.09171908028435416,0.012247753025149355,0.4949783419275313,0.16063734318311568,0.8053062326667001,0.733263006626396,0.0019452436881177767,0.002674640686164634,0.0016978461182364827,0.019258363078516274,0.026485993314951693,0.01681276346709551
15.17,0.0917345924444002,0.01225076652772511,0.4950005021590579,0.16065777233520961,0.805334322376777,0.7332808377870849,0.0021419589294309513,0.0029451914906464156,0.001869585674183798,0.020081683876578663,0.027620092689272555,0.017532557826040046
15.18,0.09175162979803081,0.012254074757420685,0.49502484123871465,0.16068020950601145,0.8053651738930098,0.7333004220744559,0.0023468174937244846,0.0032269612946619415,0.0020484456345496735,0.020887043092811957,0.02872981847758615,0.018236860121989978
15.19,0.09177025363587778,0.012257689165197594,0.4950514467245226,0.16070473523221318,0.8053988981892399,0.7333218299195271,0.0025596402275411922,0.0035197071200528574,0.002234271551807681,0.02167453318306263,0.029815322222986072,0.01892576497270033
15.200000000000001,0.09179052391192248,0.012261620875418766,0.4950804042649988,0.16073142826359374,0.805435603817105,0.7333451302135718,0.0027802489015995567,0.003823187504186016,0.002426909924532744,0.02244424653739029,0.030876755488580456,0.019599366981894125
15.21,0.0918124992519278,0.012265880682712504,0.4951117976112005,0.16076036557225848,0.8054753969211947,0.7333703903175794,0.003008466210456081,0.004137162500188487,0.002626208197296716,0.02319627554383962,0.03191426986450258,0.020257760746429324
15.22,0.09183623696187035,0.012270479048822391,0.49514570862877244,0.16079162236187838,0.8055183812542104,0.7333976760717146,0.003244115772796657,0.004461393677253008,0.0028320147606347716,0.02393071265039379,0.03292801697487447,0.020901040863225518
15.23,0.09186179303637179,0.012275426099450149,0.49518221730999135,0.16082527207693548,0.805564658192127,0.7334270518047773,0.003487022132337957,0.004795644121012195,0.0030441789510795123,0.024647650425103817,0.033918148484706756,0.02152930193595088
15.24,0.0918892221671312,0.012280731621110264,0.49522140178581264,0.1608613864119801,0.8056143267493594,0.7334585803436635,0.0037370107593211973,0.005139678433981695,0.0032625510512609454,0.025347181614391187,0.034884816106723913,0.022142638581473768
15.25,0.09191857775135659,0.012286405058003713,0.4952633383379159,0.16090003532090605,0.8056674835939349,0.7334923230228261,0.003993908052579711,0.005493262736071066,0.003486982290069766,0.0260293991995175,0.03582817160809974,0.02274114543608094
15.26,0.09194991190019666,0.012292455508928046,0.4953081014107501,0.160941287026249,0.8057242230626688,0.7335283396937397,0.004257541342162052,0.005856164665161539,0.0037173248428816782,0.026694396451214644,0.03674836681708893,0.02332491716146513
15.27,0.09198327544717247,0.012298891724233485,0.49535576362358075,0.1609852080285142,0.8057846371763476,0.7335666887343657,0.0045277388924921365,0.006228153377749482,0.003953431831840429,0.02734226698246816,0.03764555362953982,0.02389404845048439
15.280000000000001,0.09201871795660892,0.012305722102835481,0.49540639578253465,0.16103186311553822,0.8058488156549193,0.7336074270586226,0.004804329906048039,0.006608999549654421,0.004195157326197372,0.02797310479944632,0.03851988401527423,0.024448634032696103
15.290000000000001,0.09205628773206631,0.012312954689295663,0.495460066892645,0.16108131537188977,0.8059168459326892,0.7336506101258582,0.005087144527540498,0.0069984753767897935,0.0044423563427050125,0.028587004350565905,0.03937151002431805,0.02498876867966719
15.3,0.09209603182477187,0.012320597170983827,0.49551684416989994,0.1611336261883151,0.8059888131735262,0.7336962919503274,0.005376013848573245,0.007396354575995884,0.004694884846063015,0.029184060573688272,0.0402005837929704,0.025514547210064763
15.31,0.0921379960420509,0.012328656875325694,0.495576793053285,0.16118885527123203,0.8060648002860756,0.7337445251106739,0.005670769912765398,0.0078024123859318775,0.004952599749413553,0.029764368941435315,0.0410072575496935,0.026026064494527597
15.32,0.09218222495575845,0.012337140767150923,0.49563997721683123,0.16124706065227784,0.8061448879389828,0.7337953607594171,0.005971245721317845,0.008216425568026233,0.00521535891488454,0.030328025504618765,0.04179168362081084,0.02652341546032223
15.33,0.09222876191071033,0.012346055446149029,0.49570645858165974,0.16130829869791438,0.8062291545761247,0.7338488486324455,0.006277275239004381,0.008638172407482905,0.00548302115417829,0.030875126933774814,0.04255401443599863,0.027006695095785783
15.34,0.09227764903311447,0.01235540714444,0.4957762973280288,0.16137262411909567,0.8063176764318543,0.7339050370585143,0.006588693400568734,0.009067432714341454,0.005755446229203567,0.031405770558796696,0.04329440253355626,0.027475998454557657
15.35,0.09232892723900209,0.012365201724270025,0.49584955190737745,0.161440089981001,0.8064105275462531,0.7339639729687522,0.006905336117508312,0.00950398782458861,0.00603249485274888,0.03192005440665886,0.04401300056544241,0.027931420659602985
15.36,0.09238263624265905,0.012375444675841007,0.49592627905437375,0.16151074771283824,0.8065077797803978,0.734025701906173,0.007227040285225692,0.009947620601319061,0.00631402868919502,0.03241807723722694,0.04470996130206339,0.028373056907029855
15.370000000000001,0.0924388145650569,0.01238614111527847,0.4960065337989594,0.16158464711771983,0.8066095028316359,0.7340902680351956,0.007553643790528633,0.010398115435942854,0.006599910355264761,0.032899938577148485,0.045385437636800675,0.02880100246970313
15.38,0.09249749954228428,0.012397295782745843,0.4960903694783953,0.16166183638261566,0.8067157642488761,0.7341577141511706,0.007884985519459094,0.010855258249436313,0.006890003420807456,0.03336573875182014,0.04603958259026511,0.02921535270065669
15.39,0.09255872733397809,0.012408913040714398,0.49617783774930774,0.16174236208838627,0.80682662944789,0.7342280816899166,0.00822090536543291,0.01131883649363494,0.007184172409617272,0.03381557891542943,0.04667254931426718,0.029616203036307732
15.4,0.09262253293175479,0.012420996872391232,0.4962689885997343,0.16182626921989804,0.8069421617266274,0.7343014107372628,0.008561244237669616,0.011788639152563674,0.007482282800282065,0.03424956107906784,0.04728449109549007,0.030003648999474258
15.41,0.09268895016764206,0.012433550880313893,0.4963638703611696,0.16191360117622483,0.8070624222805451,0.7343777400386029,0.00890584406989411,0.012264456743802828,0.007784201027061731,0.03466778813691574,0.04787556135885649,0.030377786202199126
15.42,0.0927580117225099,0.012446578285115917,0.4964625297206104,0.1620043997809373,0.8071874702179489,0.7344571070084543,0.00925454782929038,0.01274608131988596,0.00808979448079375,0.03507036389049944,0.04844591367057868,0.03073871034838305
15.43,0.09282974913450288,0.012460081924469568,0.49656501173260287,0.1620987052924837,0.8073173625753511,0.7345395477400299,0.009607199525688287,0.013233306469726711,0.008398931509824185,0.03545739307102248,0.0489957017408821,0.031086517236228937
15.44,0.09290419280747145,0.012474064252207928,0.4966713598312869,0.16219655641466268,0.8074521543328408,0.7346250970148179,0.009963644220963935,0.01372592732007112,0.008711481420962107,0.0358289813597748,0.04952507942639458,0.031421302760500244
15.450000000000001,0.0929813720194044,0.012488527337635336,0.49678161584244296,0.16229799030719194,0.80759189842947,0.7347137883121704,0.010323728038634671,0.01422374053697227,0.00902731448045581,0.036185235406624654,0.05003420073219278,0.03174316291459618
15.46,0.09306131493086091,0.012503472865025789,0.4968958199955368,0.162403042596373,0.8077366457786537,0.7348056538189037,0.010687298173629109,0.01472654432728323,0.009346301914988557,0.036526262846599426,0.050523219813498374,0.03205219379244574
15.47,0.09314404859340313,0.012518902133314358,0.4970140109357666,0.16251174738585522,0.807886445283586,0.7349007244389071,0.011054202902214077,0.015234138440165992,0.009668315912692942,0.03685217231456451,0.05099229097701893,0.03234849159022449
15.48,0.09322959895802926,0.01253481605598783,0.49713622573610766,0.16262413726749908,0.8080413438526703,0.7349990298027631,0.01142429159205823,0.015746324168611193,0.009993229624180986,0.03716307345800819,0.051441568681925745,0.032632152607895266
15.49,0.09331799088360693,0.012551215161173579,0.4972624999093592,0.16274024333234122,0.808201386414966,0.7351005982773767,0.011797414712414448,0.016262904350966216,0.010320917163589051,0.03745907694794529,0.051871207540465716,0.03290327325057682
15.5,0.0934092481453063,0.012568099591930781,0.49739286742018857,0.16286009518166147,0.8083666159356482,0.7352054569756165,0.012173423844401794,0.016783683372467446,0.010651253609635517,0.037740294487951444,0.05228136231820184,0.033161950029742523
15.51,0.09350339344303478,0.012585469106749014,0.49752736069717896,0.16298372093815333,0.8085370734314857,0.7353136317659653,0.012552171691368602,0.017308467166773072,0.010984115006689667,0.03800683882134303,0.05267218793387984,0.03340827956425204
15.52,0.09360044840987164,0.012603323080252138,0.4976660106448739,0.1631111472571984,0.8087127979863326,0.7354251472821831,0.012933512089318056,0.01783706321749269,0.011319378365849965,0.038258823736518816,0.05304383945891802,0.03364235858121925
15.530000000000001,0.09370043362050297,0.012621660504112953,0.49780884665582326,0.16324239933824522,0.8088938267666349,0.735540026932978,0.013317300017378254,0.018369280559709978,0.011656921666030365,0.03849636407048097,0.053396472116518816,0.033864283916718675
15.540000000000001,0.09380336859965756,0.01264047998817619,0.49795589662262923,0.16337750093629283,0.8090801950369527,0.7356582929116919,0.013703391608298044,0.01890492978149419,0.011996623855052553,0.038719575710554885,0.053730241280401,0.034074152516333486
15.55,0.09390927183054386,0.012659779761797718,0.4981071869499922,0.1635164743734798,0.8092719361754989,0.7357799662059934,0.014091644158951819,0.019443823025397884,0.012338364850743449,0.038928575594329516,0.05404530247315285,0.034272061435548735
15.56,0.09401816076328655,0.012679557675391806,0.49826274256675596,0.16365934055077763,0.8094690816896897,0.7359050666075841,0.014481916140834283,0.019985773989935507,0.012682025542035355,0.03912348170784017,0.0543418113642066,0.03445810783999183
15.57,0.0941300518233653,0.012699811202196265,0.49842258693795427,0.16380611895978966,0.8096716612317129,0.7360336127219151,0.014874067210528627,0.020530597931040166,0.01302748779006799,0.03930441308201871,0.054619923767435644,0.0346323890055238
15.58,0.09424496042005316,0.012720537440248869,0.4985867420768558,0.16395682769465392,0.8098797026141084,0.7361656219779145,0.015267958220130681,0.021078111663494516,0.013374634429290693,0.03947148978743715,0.05487979563837718,0.0347950023181845
15.59,0.09436290095485646,0.012741733114578213,0.4987552285570101,0.16411148346405008,0.8100932318253639,0.7363011106377261,0.015663451227611935,0.021628133562331904,0.013723349268563313,0.039624832927371956,0.05512158307108303,0.03494604527399451
15.6,0.09448388682995598,0.012763394579612564,0.4989280655242938,0.1642701016033099,0.8103122730455247,0.7364400938064586,0.01606040950710513,0.022180483564204295,0.01407351709225448,0.039764564629218645,0.055345442294602455,0.03508561547861715
15.610000000000001,0.09460793045664849,0.012785517821795322,0.4991052707089557,0.16443269608662983,0.8105368486618163,0.7365825854419471,0.016458697559095733,0.022734983168713193,0.01442502366133579,0.039890808034287115,0.05555152966910179,0.035213810646883684
15.620000000000001,0.0947350432637895,0.012808098462420925,0.49928686043766257,0.16459927953938477,0.81076697928428,0.7367285983645234,0.016858181120503215,0.023291455439699557,0.01477775571447033,0.04000368728600997,0.05574000168162589,0.035330728602184766
15.63,0.09486523570623795,0.012831131760679015,0.4994728496455448,0.16476986325054271,0.8110026837614221,0.7368781442667992,0.017258727174637233,0.0238497250064905,0.015131600969095067,0.04010332751659781,0.05591101494150775,0.03543646727573166
15.64,0.0949985172733011,0.012854612616910233,0.4996632518882427,0.1649444571851776,0.811243979195875,0.7370312337234589,0.01766020396101204,0.02440961806509737,0.015486448122494544,0.04018985483217612,0.05606472617543254,0.0355311247056901
15.65,0.09513489649718122,0.012878535576073713,0.49985807935395055,0.16512306999707974,0.8114908809600686,0.7371878762010633,0.018062480984227126,0.02497096237929645,0.015842186852937066,0.04026339455494348,0.056201292072532306,0.03561479919596105
15.66,0.09527438096120579,0.012902894831442746,0.5000573428754662,0.16530570904103054,0.8117434027118787,0.7373480800679039,0.01846542890687224,0.025533587271705033,0.016198707831424533,0.04032405726371227,0.056320868080899755,0.03568759059412358
15.67,0.09541697730777515,0.012927684228536462,0.50026105194224,0.16549238038460973,0.812001556410235,0.7375118526039184,0.0188689196903573,0.02609732363611782,0.016555902710668327,0.04037198825918876,0.05642361265342412,0.035749595750343206
15.68,0.09556269124727212,0.0129528972691616,0.5004692147124175,0.16568308882199737,0.8122653523309037,0.7376792000104431,0.01927282666512271,0.026662003943731683,0.016913664120512747,0.040407317203881236,0.056509682916326076,0.03580091313434038
15.69,0.09571152756662576,0.012978527115691751,0.5006818380248824,0.1658778378871758,0.8125347990822218,0.7378501274200379,0.019677024462632354,0.027227462237449297,0.01727188567600584,0.04043017463624785,0.05657923608341388,0.03584164131687032
15.700000000000001,0.09586349013775651,0.013004566595557487,0.5008989274113036,0.16607662986698318,0.8128099036208165,0.7380246389063431,0.02008138902401955,0.0277935341327211,0.017630461978401808,0.04044069194779677,0.056632429449276905,0.035871878968139946
15.71,0.09601858192602343,0.01303100820593478,0.5011204871081796,0.16627946581425251,0.8130906712673358,0.7382027374939472,0.020485797608497745,0.028360056818317728,0.017989288616147053,0.040439001358960544,0.056669420382199714,0.035891724856120175
15.72,0.09617680499867287,0.013057844118629869,0.5013465200688845,0.16648634556103337,0.813377105722185,0.7383844251682627,0.020890128801524594,0.028926869057030825,0.018348262165849265,0.04042523589378996,0.056690366316808745,0.035901277844757114
15.73,0.09633816053328886,0.013085066185152983,0.5015770279757131,0.1666972677318944,0.8136692090812698,0.7385697028854132,0.021294262522706532,0.029493811186298374,0.018707280193227583,0.040399529353512376,0.056695424746463746,0.03590063689208546
15.74,0.09650264882624532,0.013112665941986346,0.5018120112519278,0.16691222975730277,0.8139669818517464,0.7387585705821287,0.021698080033433913,0.030060725118752955,0.019066241254043735,0.040362016289001275,0.05668475321540605,0.0358899010482477
15.75,0.09667026930115945,0.013140634616033542,0.5020514690738015,0.16713122788707926,0.8142704229677747,0.738951027185651,0.022101463944235417,0.030627454342690413,0.019425044895012806,0.04031283197220454,0.05665850931067772,0.03586916945342263
15.76,0.09684102051734786,0.013168963130253841,0.5022953993826651,0.16735425720392536,0.8145795298062779,0.7391470706236476,0.02250429822184177,0.031193843922456506,0.019783591654692886,0.04025211236657914,0.05661685065382407,0.03583854133566669
15.77,0.09701490017815888,0.013197642109489094,0.5025437988969538,0.16758131163677184,0.8148942982026838,0.7393466978341575,0.022906468104581523,0.03175974049133039,0.02014178307295355,0.04017997141089696,0.05655993305025861,0.03579811814417332
15.780000000000001,0.09719190513864653,0.013226661886533542,0.5027966631242671,0.16781238397288656,0.8152147224665638,0.7395499047756696,0.023307860097597916,0.03232499225082896,0.020499521692878497,0.040096561252236575,0.056487915374199095,0.03574799787400194
15.790000000000001,0.09737203141443757,0.013256012508252146,0.5030539863734057,0.16804746587240396,0.8155407953974644,0.7397566864369852,0.02370836224065908,0.03288944899208408,0.020856711036953822,0.04000202442223558,0.056400955679012696,0.03568827956249932
15.8,0.09755527419053955,0.013285683741876109,0.5033157617664119,0.16828654788279357,0.8158725083007299,0.739967036847103,0.02410786395804747,0.0334529620832218,0.021213255622542747,0.03989649921140756,0.05629921162729052,0.03561906277780949
15.81,0.0977416278298011,0.01331566508149351,0.5035819812506139,0.16852961945269104,0.8162098510032688,0.7401809490851751,0.02450625605963515,0.03401538446895328,0.02156906096307116,0.039780124441530514,0.05618284087195832,0.03554044716390596
15.82,0.097931085881373,0.013345945754702937,0.5038526356106722,0.16877666894578053,0.8165528118693196,0.7403984152904708,0.024903430746025922,0.03457657067043203,0.021924033568772885,0.039653039431416924,0.056052001047006784,0.03545253243796081
15.83,0.09812364108917064,0.013376514729420586,0.5041277144806228,0.16902768365472576,0.8169013778162129,0.7406194266723494,0.025299281613351862,0.03513637678501776,0.022278080947408276,0.039515383962048,0.05590684975811046,0.035355418387651084
15.84,0.09831928540033946,0.013407360720838146,0.5044072063559232,0.16928264981514834,0.8172555343301326,0.7408439735202377,0.025693703657718264,0.03569466048594594,0.022631111604955557,0.03936729824112361,0.055747544573150946,0.03524920486840586
15.85,0.09851800997372184,0.013438472198528506,0.5046910986054973,0.16954155261964773,0.8176152654818735,0.7410720452136166,0.02608659327929123,0.036251281021902,0.02298303504627428,0.039208922867080706,0.05557424301266117,0.03513399180059792
15.860000000000001,0.09871980518828434,0.01346983739369545,0.504979377483781,0.16980437623177738,0.8179805539425847,0.7413036302320206,0.026477848233416017,0.03680609921238767,0.023333761780773978,0.03904037671486628,0.05538710081435276,0.03500988127903779
15.870000000000001,0.09892466065052935,0.013501444306671384,0.5052720281427898,0.17007110379804422,0.818351380999354,0.7415387161652364,0.026867367381690585,0.0373589774273811,0.023683203347158344,0.03886179611798604,0.0551862749892565,0.034876973817678084
15.88,0.09913256520278343,0.013533280714455309,0.5055690346441708,0.17034171746167126,0.8187277265709179,0.741777289723342,0.027255051255168892,0.037909779630415384,0.024031272260402293,0.03867334534723345,0.054971924634077185,0.03473536734051239
15.89,0.09934350693268847,0.013565334178246402,0.5058703799712211,0.17061619837876207,0.8191095692235507,0.7420193367465245,0.027640801860250804,0.038458371362388326,0.024377882031121192,0.03847516606807703,0.05474420697342853,0.03458516201079435
15.9,0.09955747318172475,0.01359759205120653,0.5061760460409336,0.17089452673257094,0.8194968861867965,0.7422648422150863,0.028024522621060755,0.0390046197359744,0.024722947171814974,0.0382674001536868,0.05450327913641641,0.03442645804167974
15.91,0.09977445055368475,0.013630041486341893,0.5064860137160401,0.1711766817476902,0.8198896533691793,0.7425137902594657,0.028406118381336012,0.03954839343462128,0.025066383197351796,0.03805018964714408,0.05424929814697486,0.03425935569313138
15.92,0.09999442492314836,0.01366266944450023,0.5068002628170556,0.17146264170425404,0.8202878453739084,0.7427661641702636,0.028785495405936137,0.04008956271145004,0.02540810662542045,0.03782367672348546,0.05398242091423893,0.034083955268792654
15.93,0.1002173814439604,0.013695462702471906,0.5071187721343231,0.17175238395215564,0.8206914355145669,0.743021946408274,0.029162561381972204,0.04062799938805915,0.025748034976951426,0.037588003651632354,0.053702804222970635,0.033900357112833845
15.94,0.10044330455769535,0.013728407861196668,0.5074415194400578,0.17204588492524364,0.8211003958307886,0.7432811186145207,0.029537225390458836,0.04116357685109051,0.026086086779355255,0.037343294013631075,0.05341060334382542,0.03370866344194831
15.950000000000001,0.10067217800105631,0.013761491354185529,0.5077684815004234,0.1723431201534133,0.8215146971037661,0.7435436616205057,0.029909397523532315,0.04169617002262815,0.02642218160439592,0.03708966442596237,0.05310597288991351,0.03350897719073141
15.96,0.1009039848135326,0.013794699456008197,0.5080996340876014,0.17264406427520929,0.8219343088717801,0.7438095554584093,0.030278989552488436,0.04222565540791426,0.026756240003103938,0.03682729688957848,0.05278907213823673,0.03330139492062123
15.97,0.10113870734740386,0.013828018290602817,0.5084349519917901,0.1729486910550627,0.822359199446057,0.7440787793708423,0.030645914808713242,0.042751911085038424,0.027088183517689934,0.036556333566949914,0.05246005727454501,0.03308601711579104
15.98,0.10137632727638299,0.013861433839818194,0.5087744090332422,0.17325697339782525,0.8227893359264107,0.7443513118208617,0.031010088044790246,0.04327481669310246,0.027417934695328945,0.03627691652886505,0.05211908431406738,0.03286294428441339
15.99,0.10161682560410078,0.013894931952047718,0.5091179780743098,0.17356888336297596,0.8232246842168437,0.7446271305020219,0.03137142543339634,0.04379425343047074,0.027745417088384072,0.035989187716981806,0.05176630909261921,0.032632276955386626
16.0,0.10186018267259216,0.013928498350933294,0.5094656310314857,0.17388439217881516,0.8236652090411309,0.7449062123484281,0.031729844565824165,0.04431010405293235,0.02807055525459741,0.035693288906609166,0.05140188725787583,0.03239411567505774
16.01,0.10210637817078438,0.013962118644133215,0.5098173388874481,0.17420347025664154,0.8241108739583844,0.7451885335447902,0.032085264450133676,0.044822252871776776,0.028393274757248125,0.0353893616697653,0.0510259742608276,0.03214856100394438
16.02,0.10235539114246117,0.013995778332209274,0.5101730717031229,0.17452608720386875,0.8245616413785261,0.7454740695365834,0.03243760517323749,0.04533058572858195,0.0287135021988838,0.035077474754310556,0.05063872033054632,0.03189572077976784
16.03,0.1026071999926388,0.014029462817754301,0.5105327986298065,0.17485221183397762,0.8250174725775239,0.7457627950405236,0.032786788106176766,0.04583499000749064,0.02903116520060557,0.034757831692324055,0.05024028481804924,0.03163568932716734
16.04,0.10286178249768205,0.014063157414134997,0.5108964879211481,0.17518181218383427,0.8254783277131165,0.7460546840543038,0.03313273643855197,0.04633535467017976,0.02934619234833138,0.03443057805936425,0.04983082286899617,0.03136856674585908
16.05,0.10311911581454745,0.014096847354374276,0.5112641069451648,0.17551485552924517,0.8259441658403975,0.7463497098665041,0.0334753747666025,0.046831570225369365,0.029658513233731275,0.034095854185413055,0.04941048906174022,0.03109445362702492
16.06,0.10337917648927493,0.014130517800157616,0.5116356221962834,0.17585130839898894,0.826414944927272,0.7466478450666507,0.03381462908801588,0.047323528726389605,0.029968058454375553,0.033753800024486996,0.048979437738903626,0.03081345055909615
16.07,0.10364194046548315,0.014164153850869499,0.5120109993073826,0.17619113658881255,0.8268906218698922,0.7469490615552753,0.034150426797998,0.04781112376878908,0.030274759613692036,0.0334045551205018,0.04853782300024252,0.03052565812451458
16.080000000000002,0.1039073830928624,0.014197740552656546,0.5123902030618349,0.17653430517538143,0.8273711525080659,0.7472533305539728,0.034482696677345256,0.048294250487380806,0.030578549321674635,0.03304824683382665,0.04808579794512407,0.03023117810055613
16.09,0.1041754791345713,0.014231262907641262,0.5127731974056,0.17688077852801293,0.8278564916405029,0.7475606226156822,0.034811368340997885,0.048772805518746125,0.030879361250859973,0.03268494435493279,0.04762351172761255,0.029930118169106255
16.1,0.10444620277372982,0.01426470588326506,0.5131599454593587,0.17723052031857767,0.8283465930399213,0.7478709076351492,0.035136372963469456,0.049246687045341325,0.031177130061282587,0.03231486156591401,0.04715112252364579,0.029622571104758695
16.11,0.10471952762425761,0.014298054421114481,0.5135504095304478,0.17758349353994266,0.828841409468676,0.7481841548585046,0.03545764342980327,0.04971579480282925,0.031471791384282466,0.031938136004219,0.04666878339362614,0.029308637437858942
16.12,0.10499542673986187,0.01433129344597106,0.5139445511248797,0.17793966052069343,0.8293408926941276,0.7485003328932202,0.03577511399762141,0.050180030056113864,0.03176328185639345,0.031554904642995825,0.04617664712432937,0.02898841767622014
16.13,0.10527387262253467,0.014364407874918883,0.5143423309593814,0.17829898293883018,0.8298449935039196,0.7488194097181562,0.03608872029133035,0.05063929559657608,0.032051539119101566,0.031165303861140196,0.04567486622364872,0.028662012302037763
16.14,0.10555483723105386,0.014397382626443023,0.5147437089734386,0.1786614218354062,0.8303536617212308,0.749141352693613,0.03639839929603279,0.05109349573926127,0.032336501818574344,0.03076946941412959,0.045163592915686064,0.028329521768840408
16.15,0.10583829198909837,0.014430202629562905,0.5151486443413543,0.17902693762734273,0.830866846219952,0.7494661285714538,0.03670408905037948,0.05154253630247662,0.032618109636998016,0.030367456764067314,0.044642974491598195,0.02799105487640576
16.16,0.10612420779084018,0.01446285283326787,0.5155570954844529,0.17939549011518627,0.8313844949395451,0.7497937035057533,0.0370057285034956,0.051986324596931914,0.032896303306597305,0.029959450097942222,0.04411316549672608,0.02764670677716513
16.17,0.10641255501088556,0.014495318215386632,0.5159690200830398,0.17976703849940795,0.831906554900373,0.7501240430625352,0.0373032585996174,0.05242476948645271,0.03317102449444627,0.02954560759137706,0.04357431870430861,0.02729657524800965
16.18,0.10670330351433804,0.014527583791407062,0.5163843750883585,0.18014154139686514,0.8324329722190151,0.7504571122294825,0.03759662164590617,0.052857781348551174,0.033442215867825566,0.029126062234767696,0.0430265851617479,0.026940760597809293
16.19,0.10699642266531158,0.014559634623457107,0.5168031167346279,0.18051895685412456,0.8329636921233736,0.750792875425966,0.03788576127570417,0.053285272069704744,0.03370982109688686,0.02870094626983564,0.04247011561414774,0.02657936309137397
16.2,0.10729188133543155,0.01459145582924537,0.5172252005510827,0.18089924236068497,0.833498658967747,0.7511312965130696,0.03817062244092795,0.05370715504231878,0.03397378485419765,0.02827039116591888,0.04190506050170565,0.026212482946673932
16.21,0.10758964791196249,0.014623032591006113,0.5176505813740382,0.181282354861384,0.8340378162478372,0.7514723388036945,0.038451151098027034,0.05412334514571534,0.03423405284735066,0.02783444304200386,0.041331565552524194,0.025840229469803508
16.22,0.1078896903031171,0.01465435016476413,0.5180792133591353,0.18166825076315027,0.8345811066154314,0.7518159650732554,0.03872729398026596,0.0545337587316085,0.03449057184219184,0.0273932802041208,0.040749783114777685,0.025462697541198405
16.23,0.10819197594798101,0.01468539388894946,0.5185110499932908,0.18205688595081382,0.8351284718935345,0.7521621375693897,0.03899899985273993,0.05493831368682139,0.03474328952576497,0.026947062527061555,0.04015986430982333,0.025079983887756126
16.240000000000002,0.108496471826864,0.014716149192888994,0.5189460441066153,0.18244821580367512,0.8356798530915087,0.7525108180215649,0.039266218808773644,0.05533692939396461,0.03499215458087055,0.026495918210979304,0.039561958342356505,0.024692188509348994
16.25,0.1088031444698212,0.014746601605474863,0.5193841478844513,0.18284219520836348,0.8362351904199985,0.7528619676510762,0.03952890221936819,0.055729526726139386,0.03523711669000624,0.026039974587982014,0.03895621410577019,0.0242994113451271
16.26,0.10911195996515369,0.014776736763758569,0.5198253128794114,0.1832387785715707,0.8367944233058183,0.7532155471810393,0.03978700272443235,0.056116028043824234,0.035478126534747655,0.025579358104639578,0.03834278018208087,0.02390175227109112
16.27,0.10942288396696011,0.01480654042160462,0.5202694900234883,0.1836379198308162,0.8373574904067264,0.7535715168465877,0.04004047363857671,0.05649635716527996,0.03571513586017359,0.025114072326017346,0.03772179932303261,0.023499324659230922
16.28,0.10973588170029877,0.014835998458588184,0.5207166296403466,0.18403957246039737,0.8379243296259528,0.7539298364055871,0.040289269411375575,0.056870439384681504,0.035948097422017565,0.02464435462767076,0.03709342459098381,0.02309221571706925
16.29,0.11005091797257077,0.014865096887973217,0.5211666814571444,0.18444368948957546,0.8384948781272548,0.7542904651479737,0.040533346384809654,0.0572382015037112,0.036176964900738746,0.024170333001945578,0.0364578038321667,0.022680524639602878
16.3,0.1103679571831602,0.014893821864831458,0.5216195946164843,0.18485022351721178,0.8390690723497846,0.7546533619054697,0.040772662134503465,0.05759957179909532,0.03640169297300889,0.023692130271291304,0.035815084394347295,0.022264351019423582
16.31,0.1106869633319314,0.01492215969422006,0.5220753176884511,0.18525912672404857,0.8396468480228235,0.7550184850615426,0.041007175459570944,0.05795448001951156,0.03662223731105171,0.02320986830928686,0.03516541332048999,0.02184379437402518
16.32,0.11100790002764374,0.014950096839273452,0.522533798682656,0.18567035088473316,0.8402281401804811,0.7553857925613751,0.041236846255839,0.0583028573781348,0.03683855459531427,0.022723612196706378,0.034508935246634224,0.021418960540975873
16.330000000000002,0.11133073049364559,0.014977619929575192,0.5229949850605203,0.18608384737435557,0.8408128831761591,0.7557552419224464,0.04146163474102143,0.058644636520784665,0.037050602601357875,0.02223345761837277,0.03384579569980523,0.020989951661231895
16.34,0.11165541757557158,0.015004715769147137,0.5234588237473822,0.18649956717887356,0.8414010106971361,0.7561267902446468,0.04168150306171557,0.05897975158389528,0.03725834001381829,0.02173959906017233,0.033176143672574564,0.020556858362522887
16.35,0.11198192375306293,0.015031371343766142,0.5239252611442543,0.1869174609134156,0.8419924557794256,0.7565003942194733,0.04189641476932245,0.05930813817219179,0.03746172648451106,0.02124215459842665,0.03250012502245427,0.020119779831789048
16.36,0.11231021114847363,0.01505757382857914,0.52439424313984,0.187337478834511,0.8425871508223752,0.7568760101398985,0.04210633459108882,0.05962973334753374,0.0376607226566962,0.020741241325101273,0.031817885319721205,0.019678815170799654
16.37,0.11264024153536366,0.015083310595631172,0.5248657151225706,0.18775957085179984,0.8431850276032257,0.7572535939102818,0.042311228418273346,0.05994447562600996,0.037855290164451674,0.020236967989874982,0.031129569636223965,0.019234064264325886
16.38,0.11297197634562886,0.015108569221463919,0.5253396219927783,0.188183686536944,0.843786017291559,0.7576331010565888,0.042511062535128916,0.06025230495278354,0.038045391721829955,0.01972932462197926,0.030435319308725662,0.018785640835117964
16.39,0.11330537667463625,0.015133337494885879,0.5258159081750707,0.18860977512848742,0.8443900504636057,0.7580144867370722,0.04270580448540274,0.060553162725091085,0.03823099101829058,0.019218553627975924,0.02973528284436686,0.01833362854381124
16.4,0.11364040329323302,0.015157603423614385,0.5262945176300143,0.18903778555027392,0.8449970571169229,0.7583977057513255,0.04289542355981473,0.0608469918041661,0.03841205265894967,0.018704768238788156,0.029029604719940146,0.01787812612244361
16.41,0.11397701665720664,0.015181355241147776,0.5267753938660746,0.18946766642470025,0.8456069666849005,0.7587827125499288,0.04307989017643417,0.06113373649471062,0.03858854223577924,0.01818808069324983,0.028318429153343403,0.017419232209874073
16.42,0.11431517691576878,0.015204581413636675,0.5272584799516492,0.1898993660839387,0.8462197080511812,0.7591694612443121,0.04325917587075927,0.06141334254233934,0.03876042632666879,0.01766860223854751,0.027601900110468078,0.016957045350597624
16.43,0.11465484391935689,0.015227270646718416,0.5277437185271827,0.1903328325797048,0.8468352095640307,0.7595579056167754,0.04343325279462606,0.06168575712118666,0.038927672554574765,0.017146324457468477,0.0268801589183054,0.016491678514012342
16.44,0.11499597722417215,0.015249411892694908,0.5282310518176585,0.19076801368644725,0.8474533990505526,0.7599479991312942,0.04360209375639664,0.06195092883250844,0.03909024958043381,0.016621447790829025,0.026153350900335524,0.016023218897434074
16.45,0.11533853610323477,0.01527099435659196,0.528720421644337,0.191204856917414,0.8480742038311389,0.7603396949427239,0.04376567352853928,0.062208807728929554,0.03924812694099807,0.01609410452074969,0.0254216197958797,0.015551761819945656
16.46,0.11568247955671382,0.01529200750216797,0.5292117694365813,0.19164330953917377,0.8486975507338711,0.7607329459061748,0.04392396798306652,0.062459345294953186,0.03940127515243967,0.015564402094889062,0.024685108642515698,0.015077405421213464
16.47,0.11602776632040966,0.015312441058040083,0.5297050362438913,0.19208331858237102,0.849323366108824,0.7611277045868237,0.04407695406162611,0.06270249444439288,0.03954966571182913,0.015032446993727935,0.02394396026631018,0.014600247741170858
16.48,0.11637435487376843,0.015332285023725079,0.5302001627479989,0.19252483085145733,0.8499515758423396,0.7615239232698354,0.04422460938616506,0.06293820951451128,0.03969327114428452,0.01449823987955921,0.02319831624365418,0.014120400016368613
16.490000000000002,0.11672220344443414,0.015351529676056408,0.5306970892754165,0.1929677929274357,0.8505821053712109,0.7619215539711458,0.04436691198675858,0.06316644626142082,0.03983206503526515,0.01396194796796799,0.02244831963132372,0.013637952140991843
16.5,0.11707127001857316,0.015370165574549122,0.5311957558092316,0.1934121511820285,0.8512148796969622,0.7623205484467752,0.044503841872588885,0.0633871618739925,0.03996602182914155,0.013423714144763559,0.021694113069674597,0.013152996873360584
16.51,0.11742151235168066,0.015388183566514169,0.5316961020008393,0.19385785179271076,0.851849823400122,0.7627208582020105,0.04463538013953247,0.06360031496325841,0.04009511694015516,0.012883641254547003,0.020935838635852206,0.012665631829141448
16.52,0.11777288797707228,0.015405574792358268,0.5321980671819715,0.19430484075304252,0.8524868606544287,0.76312243450116,0.0447615089073129,0.06380586556020303,0.04021932675819002,0.012341831224045117,0.020173638245039868,0.012175954521177978
16.53,0.11812535421390818,0.015422330690786468,0.5327015903768003,0.19475306388197952,0.8531259152410264,0.763525228377421,0.044882210940326336,0.06400377511467126,0.04033862869649317,0.011798281617424116,0.01940765379352024,0.0116840759882135
16.54,0.11847886817176272,0.015438443004381852,0.533206610314549,0.19520246682620335,0.8537669105626488,0.7639291906436444,0.044997469354026015,0.06419400649427613,0.040453001228137296,0.011253153013832772,0.01863802682826664,0.011190085573132131
16.55,0.11883338676087987,0.015453903784105993,0.5337130654412646,0.1956529950737365,0.8544097696577786,0.7643342719015916,0.04510726920367182,0.06437652398101668,0.04056242367452488,0.010706585302176464,0.01786489879315084,0.01069407512531105
16.56,0.11918886670300846,0.015468705393513804,0.534220893931501,0.19610459396862875,0.8550544152147902,0.7647404225510267,0.04521159659162085,0.06455129327118102,0.040666876320807926,0.010158677027694747,0.0170884110670931,0.010196141723353404
16.57,0.11954526453988804,0.015482840513162899,0.5347300337003521,0.19655720872086707,0.8557007695860885,0.7651475927994177,0.0453104386014388,0.06471828147431316,0.0407663404224062,0.009609525889474436,0.016308704924357674,0.009696382342231073
16.580000000000002,0.11990253664113451,0.015496302144935414,0.5352404224155807,0.1970107844150052,0.8563487548022516,0.7655557326717901,0.04540378285276483,0.06487745711826827,0.04086079826386741,0.009059117057721647,0.015525923091692765,0.009194909171643992
16.59,0.12026063920880152,0.015509083616724761,0.5357519975103081,0.19746526601205963,0.8569982925862563,0.7659647920214824,0.04549161740323396,0.06502879014959347,0.04095023317015746,0.008507625700199577,0.014740205576906758,0.008691808130741111
16.6,0.12061952828811756,0.015521178585917283,0.5362646961946702,0.19792059836371423,0.8576493043675267,0.7663747205391924,0.04557393217870095,0.06517225191290067,0.04103462930838974,0.007955177896500541,0.013951692988570288,0.008187171658657618
16.61,0.12097915977798844,0.015532581042711935,0.5367784554675067,0.19837672622597702,0.8583017112959782,0.7667854677620776,0.04565071808859978,0.06530781516238515,0.04111397180703869,0.0074018682983732365,0.013160526304937437,0.007681096295586062
16.62,0.12133948943945796,0.015543285313583843,0.5372932121283983,0.19883359426867092,0.8589554342561175,0.7671969830834054,0.04572196698509126,0.06543545406180847,0.04118824675946938,0.006847790802601115,0.012366846463106585,0.007173678479509662
16.63,0.1217004729032887,0.015553286064703409,0.5378089027898636,0.19929114708308718,0.8596103938811824,0.7676092157624451,0.045787671082027054,0.06555514420008543,0.041257441305040096,0.006292912079385422,0.011570797885999523,0.006665032657034798
16.64,0.1220620656746932,0.015562578305651498,0.5383254638901024,0.19974932918384636,0.8602665105674419,0.7680221149351704,0.04584782327547607,0.06566686258196817,0.041321543581161135,0.005737437018406795,0.010772518345030985,0.0061552389648152584
16.65,0.12242422314478166,0.01557115739178594,0.5388428317044613,0.2002080850242099,0.8609237044881153,0.768435629623012,0.0459024181834143,0.06577058759889384,0.041380542572424996,0.005181470240825761,0.00997214837682337,0.005644391695848498
16.66,0.12278690060048897,0.015579019026668028,0.5393609423571932,0.2006673590082607,0.8615818956073807,0.768849708742044,0.04595145134547781,0.0658662990510852,0.041434428223205894,0.004625102997231431,0.009169828883690797,0.005132586861941668
16.67,0.12315005323301073,0.015586159264534605,0.5398797318334909,0.20112709550002833,0.8622410036944628,0.7692643011125817,0.04599491920671476,0.06595397814807676,0.04148319143807692,0.004068415749319751,0.008365701234786131,0.004619921895954068
16.68,0.12351363614486165,0.015592574512818813,0.5403991359918201,0.20158723882977014,0.8629009483378479,0.7696793554691921,0.04603281835336466,0.06603360754194,0.041526824194397564,0.003511384254908431,0.0075599113565922305,0.004106509729910037
16.69,0.12387760435526965,0.015598261534763402,0.5409190905766097,0.20204773329684383,0.8635616489596476,0.7700948204711922,0.0460651464542355,0.06610517128664224,0.041565319399352256,0.002954221468045369,0.0067525949107822,0.0035924275638149735
16.7,0.12424191281209668,0.015603217450675999,0.541439531229542,0.20250852318571164,0.8642230248293924,0.7705106447111618,0.04609190264168969,0.06616865482187485,0.04159867083101307,0.0023970163520052406,0.005943892983503364,0.0030777709963393882
16.71,0.12460651640114195,0.015607439739433682,0.5419603935014076,0.202969552776599,0.8648849950780665,0.7709267767242407,0.04611308693493941,0.06622404499859344,0.041626873222965495,0.0018398573175115044,0.00513394674381063,0.002562635531702362
16.72,0.12497136995454777,0.015610926239946255,0.5424816128641452,0.20343076635429214,0.865547478712225,0.7713431649976834,0.04612870018767308,0.06627133008277868,0.041649922270760156,0.0012827975475777859,0.004322899571350997,0.002047122040279487
16.73,0.12533642825716762,0.015613675152779394,0.5430031247233811,0.20389210821275416,0.8662103946283779,0.7717597579810597,0.046138743282098674,0.06631049980525355,0.04166781475697814,0.0007258654283395266,0.003510896436736922,0.0015313351227658203
16.740000000000002,0.12570164605323988,0.015615685041523664,0.5435248644308897,0.20435352266032578,0.8668736616273397,0.7721765040963409,0.046143218522922316,0.0663415452776631,0.04168054833023254,0.0001692412987781345,0.002698073151684097,0.0010153553074022565
16.75,0.1260669780582021,0.015616954833012453,0.5440467672958158,0.2048149540353156,0.867537198427962,0.7725933517463376,0.0461421294234485,0.06636445900654461,0.04168812153719249,-0.0003869882327075107,0.0018845713489679412,0.0004992777090093137
16.76,0.12643237896752013,0.015617483817871425,0.5445687685966172,0.205276346715489,0.8682009236812465,0.7730102493240827,0.04613548036091412,0.06637923491551986,0.04169053387523656,-0.0009427369837423881,0.001070532815063498,-1.680264509591685e-05
16.77,0.12679780346499664,0.015617271650956166,0.545090803593133,0.20573764512646275,0.8688647559845405,0.7734271452223682,0.04612327643310116,0.06638586835813334,0.04168778581466558,-0.0014979772467155574,0.0002561041878356851,-0.0005327811883712245
16.78,0.1271632062285303,0.015616318352067449,0.5456128075393512,0.2061987937448613,0.8695286138961709,0.7738439878441408,0.04610552282549498,0.06638435617032543,0.04167987890209576,-0.0020526284894410505,-0.0005585720034371299,-0.0010485622554735304
16.79,0.1275285419383748,0.015614624305984315,0.5461347156954925,0.20665973710655472,0.8701924159496813,0.774260725612036,0.04608222632086449,0.06637469655028402,0.0416668155088337,-0.002606542477221304,-0.0013733585219088465,-0.0015640615419972438
16.8,0.12789376528833243,0.015612190261731773,0.546656463339297,0.2071204198208519,0.8708560806676078,0.7746773069769141,0.04605339471646843,0.06635688910720189,0.04164859892609617,-0.003159634319460994,-0.0021881128385677173,-0.002079184379062411
16.81,0.12825883099430643,0.0156090173321361,0.5471779857780242,0.20758078657927323,0.8715195265757083,0.7750936804272796,0.04601903665697798,0.06633093487666625,0.041625233391392194,-0.003711819419813801,-0.003002692201270996,-0.002593836176783402
16.82,0.12862369380241284,0.015605106993256734,0.5476992183605921,0.20804078216339686,0.8721826722173016,0.7755097944988483,0.0459791613637122,0.06629683635055561,0.041596724134694736,-0.00426309126632625,-0.003816945606554641,-0.0031079087870264366
16.830000000000002,0.1289883084944725,0.015600461084126327,0.5482200964905174,0.20850035144730059,0.8728454361681827,0.7759255977850473,0.04593377836221927,0.0662545975072692,0.04156307742496768,-0.0048133227485746815,-0.004630734246648595,-0.003621315310859665
16.84,0.12935262989768836,0.015595081805463817,0.5487405556375708,0.20895943940859332,0.8735077370506774,0.7763410389460007,0.045882898774333956,0.06620422368098457,0.041524300342624804,-0.00536239455911975,-0.005443918268963944,-0.0041339675928930425
16.85,0.12971661289498876,0.015588971718046352,0.5492605313492238,0.20941799114079285,0.8741694935475817,0.7767560667172658,0.04582653461604417,0.06614572163646361,0.04148040090148552,-0.005910222872849936,-0.00625635390953498,-0.004645771364520022
16.86,0.13008021243346166,0.01558213374124734,0.549779959262683,0.20987595186176464,0.8748306244165317,0.7771706299192502,0.04576469874076095,0.06607909957754299,0.04143138805770798,-0.006456724025892568,-0.007067897115351948,-0.005156632426333522
16.87,0.13044338353218063,0.015574571151490746,0.5502987751171398,0.21033326692089022,0.8754910485045643,0.7775846774668559,0.0456974044307073,0.06600436720238753,0.041377271784837875,-0.007001906551315918,-0.007878391705189114,-0.005666439521304989
16.88,0.13080608128789994,0.0155662875809372,0.5508169147667615,0.21078988180181585,0.876150684763271,0.7779981583799325,0.045624665585880776,0.06592153568213945,0.04131806303777368,-0.007545606294522439,-0.00868770338182991,-0.006175113599708256
16.89,0.13116826088561015,0.015557287014976717,0.5513343141919894,0.21124574213526584,0.8768094522626922,0.7784110217918555,0.045546497566277766,0.06583061755579891,0.041253773595284114,-0.00808772760136055,-0.009495688732833844,-0.006682562948020687
16.9,0.13152987760810664,0.015547573789717939,0.5518509095111721,0.21170079370980427,0.8774672702055034,0.7788232169584723,0.04546291657333798,0.06573162681291679,0.04118441617432117,-0.008628187063916468,-0.010302202442004886,-0.007188693645918846
16.91,0.1318908868443939,0.015537152589509828,0.5523666369926157,0.21215498248017975,0.8781240579415482,0.7792346932674956,0.04537393964117343,0.06562457889813746,0.041110004430990575,-0.009166906149670142,-0.011107098079949078,-0.00769341087064177
16.92,0.13225124409720565,0.015526028444447448,0.5528814330669785,0.21260825457382454,0.8787797349826927,0.779645400248253,0.04527958411807623,0.06550949079647285,0.04103055306277944,-0.009703886573807793,-0.011910216204502631,-0.008196603940439078
16.93,0.13261090498927963,0.015514206727944901,0.5533952343401695,0.21306055629475457,0.8794342210181292,0.7800552875819485,0.04517986828680417,0.06538638093917064,0.04094607768499393,-0.010238953864406914,-0.012711424779328795,-0.008698197168299261
16.94,0.1329698252741559,0.015501693153155083,0.5539079776044393,0.21351183413693725,0.8800874359282239,0.7804643051100398,0.04507481169638519,0.06525526915521446,0.040856594764485374,-0.010772024473576542,-0.01351057704260664,-0.009198096876214385
16.95,0.13332796084522797,0.015488493769559908,0.5544195998501712,0.2139620347940082,0.8807392997989761,0.7808724028433364,0.04496443473164867,0.0651161767431593,0.040762121704637395,-0.011303014784841506,-0.014307525840261485,-0.009696209435378212
16.96,0.1336852677441383,0.01547461495950192,0.5549300382779315,0.21441110516762643,0.8813897329367377,0.7812795309713639,0.04484875860080156,0.06496912647763535,0.04066267684769836,-0.011831856145987198,-0.015102120734078853,-0.010192438062263613
16.97,0.13404170216809858,0.015460063434756754,0.55543923031101,0.21485899237356884,0.8820386558834022,0.781685639872206,0.04472780481299027,0.06481414271361736,0.04055827958563453,-0.012358519565806846,-0.01589420326051278,-0.010686677559906092
16.98,0.1343972204768108,0.015444846233007736,0.555947113608144,0.21530564374699773,0.8826859894317999,0.7820906801225211,0.04460159598667539,0.06465125123609994,0.040448950188082235,-0.01288284982324096,-0.016683638670195185,-0.011178849584284042
16.990000000000002,0.13475177920309714,0.015428970713312617,0.556453626074553,0.21575100685558918,0.8833316546396298,0.7824946025058854,0.04447015587446643,0.06448047925988358,0.04033470979697919,-0.013404762692202593,-0.01747027816423711,-0.011668860700793472
17.0,0.13510533506167807,0.01541244455179136,0.5569587058738178,0.21619502950875946,0.8839755728441858,0.7828973580219655,0.04433350907213994,0.06430185548993926,0.040215580488420444,-0.013924173761653958,-0.01825397250619365,-0.012156617512235011
17.01,0.13545784495756102,0.015395275737210501,0.5574622914399359,0.2166376597660891,0.8846176656772856,0.7832988978958623,0.04419168099830972,0.06411541013096751,0.040091585277403745,-0.014441016805028696,-0.01903456776899682,-0.012642022441647964
17.02,0.13580926599335014,0.015377472566630412,0.557964321489944,0.21707884594345653,0.8852578550807746,0.7836991735879808,0.044044697425457996,0.06392117500064391,0.039962748225465146,-0.014955245227875391,-0.019811904988477246,-0.01312497339325507
17.03,0.13615955547659503,0.015359043640865766,0.5584647350365204,0.2175185366192834,0.8858960633220583,0.7840981368038764,0.043892585286593094,0.06371918334853294,0.03982909425604769,-0.015466715789503503,-0.02058584699194393,-0.013605390393084017
17.04,0.13650867093013377,0.015339997859081633,0.5589634713990186,0.2179566806472253,0.8865322130081944,0.7844957395026259,0.04373537258733038,0.0635094698816107,0.03969064917495398,-0.01597534304275834,-0.021356242737979186,-0.014083180188611833
17.05,0.13685657010074948,0.015320344413599751,0.559460470215388,0.21839322716527163,0.8871662271008717,0.784891933906027,0.04357308818918587,0.06329207081962354,0.039547439720382424,-0.016481041251329778,-0.022122940713030333,-0.014558249552818158
17.06,0.1372032109675605,0.015300092784590769,0.5599556714542319,0.21882812560430429,0.8877980289315622,0.7852866725079231,0.043405761794576815,0.06306702390482391,0.039399493567159195,-0.016983739798464764,-0.0228857846488456,-0.015030501443557217
17.07,0.1375485517495036,0.015279252734810178,0.560449015427416,0.21926132569471377,0.8884275422172756,0.78567990808402,0.0432334235399981,0.06283436852043621,0.03924683942852136,-0.01748338673575119,-0.023644612528493033,-0.015499834113697628
17.080000000000002,0.13789255091280803,0.015257834304170659,0.5609404428026837,0.21969277747303076,0.8890546910763589,0.7860715937017023,0.04305610469230697,0.06259414550340675,0.03908950688352945,-0.017979843927427654,-0.02439928564595155,-0.015966167191107116
17.09,0.13823516718107134,0.015235847803529878,0.5614298946146957,0.220122431294262,0.8896794000427787,0.786461682728438,0.04287383758437611,0.06234639716811503,0.038927526393783024,-0.01847302422851467,-0.025149650567560973,-0.016429407543835945
17.1,0.1385763595438888,0.015213303808659873,0.5619173122769477,0.2205502378411073,0.8903015940813263,0.786850128840968,0.04268665542240658,0.06209116736574733,0.03876092935213012,-0.01896284011546484,-0.025895553365042945,-0.01688946205373482
17.11,0.13891608726524904,0.015190213154112009,0.562402637593827,0.2209761481327081,0.8909211986030087,0.7872368860346177,0.04249459228511655,0.061828501490815216,0.03858974808381394,-0.0194492109569631,-0.026636837188070063,-0.017346235631503774
17.12,0.13925430989133022,0.015166586927077175,0.5628858127730982,0.22140011353210015,0.8915381394809404,0.7876219086329733,0.042297682792824726,0.0615584465975854,0.03841401593750248,-0.019932089751365182,-0.02737333336055813,-0.017799623935249052
17.13,0.13959098725787458,0.015142436461195619,0.5633667804386855,0.22182208575277498,0.892152343066589,0.7880051512978077,0.04209596259331171,0.06128105124481927,0.03823376715414371,-0.02041133756444057,-0.028104903151703265,-0.018249547528724798
17.14,0.13992607949999813,0.015117773329613282,0.5638454836417329,0.22224201687069509,0.8927637362042746,0.7883865690375376,0.041889468442229835,0.06099636547547858,0.03804903684620093,-0.020886865154304424,-0.028831390647882243,-0.01869591334040697
17.150000000000002,0.14025954706087435,0.015092609338172969,0.5643218658724624,0.22265985933384894,0.8933722462465515,0.788766117216357,0.0416782379898946,0.06070444089418067,0.037859861056838015,-0.021358582827994743,-0.029552639431521855,-0.019138628301355164
17.16,0.1405913507001345,0.015066956518532237,0.5647958710722324,0.22307556597122022,0.8939778010698483,0.7891437515635455,0.041462309785860386,0.06040533067223911,0.03766627675990399,-0.021826400428665457,-0.03026849258105833,-0.019577599343189832
17.17,0.1409214515020121,0.015040827121210687,0.5652674436458143,0.2234890900012182,0.894580329090397,0.789519428182951,0.04124172308988921,0.06009908963018822,0.037468321918141034,-0.022290269900621586,-0.030978775641683907,-0.020012720604314697
17.18,0.1412498108826512,0.015014233608719507,0.5657365284743645,0.2239003850382529,0.8951797592809677,0.7898931035630429,0.04101651799678315,0.059785774194809994,0.03726603544715162,-0.022750060542629593,-0.031683346517497005,-0.020443910903255313
17.19,0.14157639059946242,0.014987188648026173,0.5662030709266889,0.22430940510402478,0.8957760211857935,0.7902647345855667,0.04078673579559786,0.059465442262442936,0.037059457108999834,-0.023205676199422553,-0.03238204859526261,-0.02087107852475933
17.2,0.14190115275998422,0.014959705103018361,0.566667016870917,0.22471610463773595,0.8963690449359902,0.790634278534536,0.040552418696542906,0.059138153315223464,0.036848627595834474,-0.02365702471459858,-0.03307472296082711,-0.02129413039251116
17.21,0.14222405983028757,0.014931796026967648,0.5671283126865636,0.2251204385053073,0.8969587612654503,0.7910016931055398,0.04031360983395486,0.0588039684269148,0.03663358853061428,-0.024104013417660844,-0.03376121020341036,-0.021712973420465936
17.22,0.14254507464333668,0.014903474654884286,0.5675869052766318,0.225522362008544,0.89754510152683,0.7913669364150846,0.04007035321535296,0.058462950294975585,0.0364143824860384,-0.024546569907802008,-0.03444134037336938,-0.022127507538057305
17.23,0.1428641604066175,0.014874754395958645,0.5680427420804589,0.22592183089262677,0.8981279977084267,0.791729967010519,0.03982269355434289,0.05811516332874565,0.036191053042472575,-0.024984596431979412,-0.035114955024764596,-0.022537640986180576
17.240000000000002,0.1431812807106555,0.014845648825646929,0.5684957710856613,0.2263188013557527,0.8987073824500837,0.792090743879252,0.03957067676136001,0.05776067341979172,0.035963644625298906,-0.025417980544160845,-0.03578190206669883,-0.022943286738483854
17.25,0.14349639953816007,0.014816171677474899,0.5689459408394557,0.22671323006030092,0.899283189058442,0.7924492264574848,0.039314349734173304,0.05739954805055169,0.03573220257714008,-0.025846627424112326,-0.03644202015081786,-0.023344351659016285
17.26,0.14380948127245893,0.014786336834938518,0.5693932004606927,0.22710507414237815,0.8998553515230413,0.7928053746395017,0.03905376032147433,0.05703185631932749,0.035496773172072095,-0.02627044170679234,-0.03709514745366726,-0.023740742592806653
17.27,0.14412049070590574,0.014756158323310897,0.569837499651919,0.22749429122135537,0.900423804532504,0.7931591487869855,0.03878895732834704,0.05665766894500566,0.035257403615822504,-0.02668932747817093,-0.037741121682904444,-0.0241323663642849
17.28,0.1444293930480855,0.014725650301421478,0.5702787887116927,0.22788083940895842,0.9009884834910586,0.7935105097385262,0.038519990370972895,0.05627705836043982,0.03501414210323088,-0.0271032184258777,-0.03837976234234408,-0.024519118328762853
17.29,0.14473615393361147,0.014694827053459647,0.5707170185474021,0.2282646773174125,0.9015493245356976,0.7938594188195096,0.03824691003734438,0.05589009862573495,0.03476703775957014,-0.027511986305268084,-0.0390109245935895,-0.02490091711783322
17.3,0.14504073943118592,0.01466370298032621,0.5711521406865254,0.22864576407074305,0.90210626455156,0.7942058378508341,0.037969768047683705,0.05549686534164154,0.034516140582002544,-0.027915533321283225,-0.039634444908134635,-0.025277669567506
17.31,0.1453431160522264,0.014632292591029827,0.5715841072884232,0.22902405931506634,0.9026592411879814,0.7945497291580319,0.0376886171008822,0.05509743574761257,0.03426150150024688,-0.02831376132971872,-0.04025015919623841,-0.02564928240817537
17.32,0.14564325075927892,0.014600610494074129,0.5720128711564036,0.229399523228404,0.9032081928749044,0.7948910555805966,0.037403510880053815,0.05469188872615943,0.03400317237685935,-0.028706571630289432,-0.04085790293750552,-0.026015662341760094
17.330000000000002,0.14594111097442755,0.014568671388777765,0.5724383857497853,0.22977211653054833,0.9037530588393328,0.7952297804813145,0.03711450405179284,0.05428030481168191,0.033741206010280154,-0.029093870416541878,-0.04145750723739787,-0.026376713657181812
17.34,0.14623666458743909,0.01453649005661245,0.5728606051963864,0.23014180049228453,0.9042937791223357,0.7955658677559051,0.03682165212687236,0.05386276629970635,0.03347565619848762,-0.029475569907908807,-0.04204879801700561,-0.026732337734619225
17.35,0.14652987996391179,0.014504081352481102,0.5732794843050042,0.23050853694468196,0.9048302945960853,0.7958992818426601,0.03652501171437809,0.05343935707060723,0.033206577630588284,-0.029851551158000096,-0.04263162300396903,-0.027082449310778665
17.36,0.1468207259541982,0.014471460195688124,0.5736949785766772,0.23087228829045617,0.905362546979467,0.7962299877311999,0.036224640500832614,0.05301016261270017,0.03293402589868452,-0.030221713253887096,-0.0432058160563456,-0.027426954962038105
17.37,0.14710917190189166,0.014438641561006105,0.574107044216639,0.2312330175142433,0.9058904788545635,0.7965579509717383,0.035920597184611304,0.05257527007762555,0.0326580575292888,-0.030585954738498518,-0.04377121065292208,-0.027765761229725475
17.38,0.1473951876522418,0.01440564046971643,0.5745156381463807,0.23159068819274467,0.9064140336833056,0.7968831376844276,0.03561294148136392,0.052134768284083366,0.032378729983680334,-0.03094417361491612,-0.04432763990520412,-0.028098774619098685
17.39,0.14767874356057198,0.014372471980613422,0.5749207180157162,0.23194526450492509,0.9069331558241643,0.7972055145687098,0.035301734125967064,0.05168874772455972,0.03209610166003254,-0.03129627078552123,-0.044874933439630726,-0.02842589982822923
17.400000000000002,0.14795981050052784,0.014339151181031351,0.5753222422151971,0.23229671124178547,0.9074477905493104,0.7975250489129158,0.03498703677280937,0.05123730066455522,0.031810231947931346,-0.03164215304433574,-0.04541291468814824,-0.028747038207610015
17.41,0.14823835987230094,0.014305693177856127,0.5757201698885875,0.23264499381611362,0.9079578840618809,0.7978417086039102,0.03466891217400759,0.05078052098828274,0.03152118113960537,-0.031981702607860166,-0.045941428680380224,-0.029062103468164464
17.42,0.14851436361139195,0.014272113088312222,0.5761144609442043,0.23299007827382084,0.9084633835118795,0.7981554621359477,0.034347424176562794,0.0503185042092102,0.031229010434461055,-0.03231481538130891,-0.04646030718378201,-0.02937100195945089
17.43,0.1487877941970831,0.014238426030839968,0.5765050760668671,0.2333319313045012,0.9089642370128596,0.7984662786199597,0.034022637670964424,0.049851347524652014,0.030933781968614134,-0.03264138676323585,-0.046969381664133274,-0.029673639990009566
17.44,0.14905862466085976,0.014204647115979074,0.5768919767299632,0.23367052025189258,0.9094603936587801,0.7987741277929243,0.03369461859621455,0.04937914981871174,0.030635558815302517,-0.03296131165390521,-0.047468483300148905,-0.029969923826658782
17.45,0.14932682859483154,0.014170791437243535,0.5772751252075081,0.23400581312438556,0.9099518035408868,0.7990789800272392,0.033363433944767346,0.048902011665079556,0.03033440498530778,-0.03327448446428595,-0.04795744299846949,-0.03025975969383881
17.46,0.1495923801601204,0.014136874062010085,0.5776544845863113,0.23433777860547142,0.9104384177647525,0.7993808063401698,0.033029151727023545,0.04842003537713672,0.030030385452676847,-0.03358080878454083,-0.04843608004769261,-0.030543047717734494
17.47,0.14985525409509198,0.014102910022474657,0.5780300187786195,0.23466638606372245,0.9109201884679482,0.7996795784036227,0.03269184098525105,0.04793332499965621,0.02972356614940487,-0.03388016976854245,-0.04890423462894819,-0.03081969924457861
17.48,0.15011542572392794,0.014068914306472557,0.5784016925337256,0.23499160556393311,0.9113970688364299,0.7999752685532271,0.03235157190622358,0.04744198618409857,0.029414013898167505,-0.034172458366378,-0.049361739340949826,-0.031089621655237022
17.490000000000002,0.15037287096514743,0.014034901848334946,0.578769471449733,0.2353134078781388,0.9118690131211432,0.8002678497975249,0.03200841575061567,0.04694612627916187,0.029101796459868805,-0.0344575671420468,-0.04980842414909418,-0.03135272099376255
17.5,0.15062756634003258,0.014000887519806604,0.5791333219856153,0.2356317644963608,0.912335976655026,0.8005572958273653,0.03166244485564555,0.04644585433486849,0.028786982535198947,-0.03473538822475007,-0.05024411882582006,-0.03160890325874834
17.51,0.15087948898105352,0.01396688612099084,0.5794932114732777,0.23594664763739345,0.9127979158700307,0.8008435810253061,0.0313137326393626,0.04594128110441102,0.028469641765091196,-0.03500581332119169,-0.05066865296755585,-0.03185807440296837
17.52,0.15112861664029378,0.013932912371322326,0.5798491081296171,0.23625803025963282,0.9132547883141642,0.8011266804750167,0.030962353604785976,0.045432519045862124,0.028149844731199584,-0.035268733913002254,-0.05108185571817901,-0.03210014018508548
17.53,0.1513749276978458,0.013898980900597935,0.5802009810687464,0.2365658860718144,0.9137065526687566,0.8014065699707951,0.030608383305311487,0.04491968238512057,0.027827662987315056,-0.03552404781989119,-0.05148354536663436,-0.03233500092030897
17.54,0.1516184011701563,0.013865106240073755,0.5805488003144754,0.23687018954357866,0.9141531687660773,0.8016832260272575,0.030251898394273186,0.04440288704459302,0.027503169023235834,-0.03577163794901334,-0.0518735631924827,-0.032562568521245644
17.55,0.1518590167185498,0.013831302813508528,0.5808925368118699,0.23717091591682807,0.9145945976057689,0.8019566258884294,0.029892976658358224,0.043882250597161894,0.027176436241467324,-0.03601139445824836,-0.05225173824809203,-0.03278274874745538
17.56,0.15209675465768363,0.013797584928301965,0.581232162439164,0.2374680412168299,0.9150308013717503,0.8022267475370737,0.029531696984456613,0.043357892325645284,0.02684753898715672,-0.03624320715167686,-0.05261789949713931,-0.03299544731109412
17.57,0.1523315959639763,0.013763966766704938,0.5815676500198201,0.23776154226323604,0.9154617434493231,0.8024935697041201,0.02916813936312459,0.0428299332235913,0.026516552548566587,-0.03646696549435259,-0.052971875832813854,-0.03320056987681848
17.580000000000002,0.15256352228403566,0.013730462377095132,0.5818989733345885,0.2380513966811361,0.9158873884422798,0.8027570718780987,0.028802384891900634,0.04229849599589295,0.026183553157551057,-0.036682558627399,-0.05331349609614736,-0.03339802206172667
17.59,0.15279251594308782,0.01369708566532335,0.5822261071335649,0.23833758291214294,0.9163077021900207,0.8030172343145778,0.028434515778467614,0.04176370505921689,0.025848617990031172,-0.036889875383405046,-0.05364258909444994,-0.03358770943533589
17.6,0.15301855995340435,0.013663850386134935,0.5825490271482816,0.23862008022549128,0.9167226517847159,0.8032740380456281,0.028064615334967423,0.041225686562090746,0.025511825175964804,-0.037088806964470394,-0.05395897754191084,-0.033769534611460275
17.61,0.15324163802270707,0.013630770134699877,0.5828677101041276,0.23889886872897234,0.917132205588905,0.8035274648894992,0.027692767969501795,0.04068456841087343,0.025173253812220103,-0.03727924015391489,-0.05426249361140526,-0.03394340468052421
17.62,0.15346173456260973,0.013597858338185664,0.5831821337322419,0.239173929380204,0.9175363332524011,0.8037774974599697,0.02731905923816132,0.040140480156986444,0.024832983909153842,-0.0374610614535249,-0.05455296954504789,-0.03410922670811292
17.63,0.1536788346970654,0.01356512824740963,0.5834922767812877,0.23944524399799083,0.9179350057290364,0.8040241191756247,0.026943575820819667,0.03959355305763476,0.024491096420288915,-0.03763415862900997,-0.05483023418193213,-0.034266906064779716
17.64,0.1538929242707991,0.013532592928614973,0.5837981190295072,0.2397127952735531,0.9183281952937739,0.8042673142693177,0.026566405520845084,0.03904392008135311,0.02414767324567915,-0.03779841921826764,-0.05509411641980324,-0.03441634807360225
17.650000000000002,0.154103989857737,0.013500265255344646,0.5840996412967753,0.2399765667817706,0.9187158755598144,0.8045070677976374,0.026187637267297757,0.03849171590732914,0.023802797232385025,-0.037953730547961605,-0.055344445233670284,-0.03455745801036531
17.66,0.15431201876943818,0.013468157900426048,0.5843968254566584,0.24023654299245084,0.9190980214957012,0.8047433656503795,0.02580736111695765,0.03793707692453639,0.023456552174944533,-0.038099979750199145,-0.055581049694355164,-0.034690141103769036
17.67,0.1545169990635254,0.013436283328064513,0.5846896544484695,0.24049270928161592,0.9194746094424119,0.8049761945600253,0.025425668256186414,0.037380141230683735,0.023109022815842848,-0.03823705377928122,-0.05580375898695693,-0.034814302535663436
17.68,0.15471891955211703,0.01340465378605793,0.5849781122893319,0.24074505194280274,0.9198456171304527,0.805205542111228,0.025042651000534554,0.036821048639355834,0.022760294849780167,-0.03836484029362684,-0.05601239895931328,-0.03492984586677675
17.69,0.15491776981027366,0.013373281298142525,0.5852621840864727,0.24099355819830495,0.9202110236972463,0.8054313967504446,0.024658402787410664,0.03625994071411129,0.0224104549402518,-0.03848322589597816,-0.05620679926580081,-0.03503667627036459
17.7,0.155113540184428,0.013342177656453735,0.5855418560492599,0.24123821621051214,0.9205708097041639,0.8056537477954184,0.024273018200500037,0.03569696067440208,0.02205959067804488,-0.038592096129133446,-0.056386793469831525,-0.03513470057082737
17.71,0.1553062218008015,0.013311354414107135,0.585817115500992,0.24147901509334782,0.9209249571532043,0.8058725854445112,0.023886592961326343,0.035132253432406294,0.02170779059921714,-0.038691337409645685,-0.05655221137316644,-0.035223823755202346
17.72,0.15549580657383405,0.013280822877928533,0.5860879508909381,0.241715944923631,0.9212734495039931,0.8060879007861966,0.02349922392773185,0.03456596560127914,0.021355144190184135,-0.03878083606011423,-0.056702882981705366,-0.03530395076504221
17.73,0.1556822872146177,0.013250594101327784,0.586354351806393,0.2419489967524446,0.9216162716907842,0.8062996858085659,0.023111009094733414,0.03399824549302301,0.021001741888171617,-0.03886047832573569,-0.056838638522944726,-0.03537498649678694
17.740000000000002,0.15586565723932816,0.013220678877318315,0.5866163089847308,0.24217816261651076,0.9219534101394368,0.8065079334088393,0.022722047595214203,0.033429243116185246,0.02064767508166467,-0.038930150390723846,-0.05695930846317333,-0.03543683580215086
17.75,0.15604591097765713,0.013191087731687368,0.5868738143254578,0.24240343554957156,0.9222848527843668,0.8067126374028791,0.02233243970045292,0.03285911017338658,0.02029303611085371,-0.038989738394570136,-0.05706472352437985,-0.035489403488523724
17.76,0.15622304358124536,0.01316183091632206,0.5871268609022663,0.24262480959377583,0.922610589085477,0.8069137925347105,0.021942286820489102,0.03228800005867892,0.01993791826807445,-0.03903912844811595,-0.05715471470084684,-0.03553259431938342
17.77,0.15639705103211454,0.013132918402694316,0.5873754429750854,0.24284227981106732,0.9229306100450557,0.8071113944860445,0.021551691504277007,0.031716067855184917,0.019582415798439473,-0.039078206726528814,-0.05722911265437544,-0.03556631274323325
17.78,0.15656793015111206,0.013104359875512894,0.5876195560022107,0.24305584229456223,0.9232449082247548,0.8073054398858521,0.021160757436581676,0.031143470357510184,0.019226623911364347,-0.03910685968677409,-0.05728774610459488,-0.03559046218340356
17.79,0.15673567860635937,0.013076164726542383,0.5878591966524674,0.24326549417991908,0.9235534777625822,0.8074959263199634,0.02076958944284132,0.030570366028638038,0.018870638763517786,-0.039124972958175325,-0.05733045090245753,-0.03560494899824062
17.8,0.15690029492165739,0.013048342048586958,0.5880943628170725,0.24347123365675966,0.9238563143894565,0.8076828523404916,0.02037829348920333,0.02999691499426967,0.018514557458202463,-0.03913243269559046,-0.057357059269339636,-0.0356096777707768
17.81,0.1570617784849136,0.013020900629653942,0.5883250536216542,0.24367305998005837,0.924153415445936,0.8078662174753554,0.019986976680040344,0.029423279056157752,0.018158478053100773,-0.03912912510182299,-0.0573674037763896,-0.03560455304237225
17.82,0.15722012955657547,0.012993848947297382,0.5885512694383019,0.24387097348152248,0.9244447798989625,0.8080460222378233,0.01959574725739563,0.02884962168853292,0.0178024995606865,-0.03911493644200372,-0.05736131735876346,-0.03558947931319365
17.830000000000002,0.15737534927806263,0.012967195163144318,0.5887730118976164,0.2440649755809652,0.9247304083585667,0.8082222681360641,0.019204714600292088,0.028276108034398298,0.017446721948636716,-0.039089753057605155,-0.057338633329378184,-0.035564361042698875
17.84,0.15752743968020014,0.01294094711760796,0.5889902839007628,0.2442550687976712,0.9250103030945372,0.8083949576827018,0.01881398922389896,0.02770290490168323,0.01709124614023518,-0.03905346138006224,-0.05729918539215707,-0.035529102650124655
17.85,0.15767640369165134,0.012915112324789646,0.5892030896315196,0.24444125676175404,0.9252844680530505,0.8085640944043724,0.018423682778565542,0.027130180759268693,0.016736174014771784,-0.03900594794397838,-0.057242807654745285,-0.03548360851497739
17.86,0.15782224514735016,0.01288969796757311,0.5894114345683271,0.2446235442255017,0.9255529088732591,0.8087296828512864,0.01803390804872687,0.026558105732891194,0.016381608407938897,-0.038947099399895636,-0.05716933464067545,-0.03542778297752782
17.87,0.15796496879693425,0.012864710892914133,0.5896153254963393,0.24480193707471212,0.9258156329038398,0.8088917286067951,0.017644778951680568,0.025986851600922747,0.016027653112219556,-0.03887680252660385,-0.057078601300954185,-0.03536153033930473
17.88,0.15810458031317787,0.012840157607328762,0.5898147705194712,0.24497644234001506,0.9260726492194985,0.8090502382969602,0.017256410536246197,0.025416591790042742,0.015674412877273673,-0.03879494424297635,-0.056970443025059846,-0.03528475486359437
17.89,0.1582410863004312,0.012816044272580429,0.5900097790724729,0.2451470682081824,0.9263239686374652,0.8092052196001418,0.016868918982140647,0.024847501382635716,0.01532199341519011,-0.03870141143116322,-0.05684469298302054,-0.03519735967738217
17.900000000000002,0.1583744943030867,0.012792376701571628,0.5902003619330918,0.2453138240334323,0.9265696037340706,0.809356681256641,0.016482421597921695,0.024279757105322878,0.014970501398008516,-0.03859609151108711,-0.05670119012942521,-0.03509925006314597
17.91,0.15850481281397946,0.012769160354438647,0.5903865312340105,0.2454767203486953,0.9268095688609606,0.8095046330782181,0.016097036817521667,0.023713537298914466,0.014620044447625402,-0.03847887191619334,-0.05653977163144406,-0.03499033033818437
17.92,0.15863205128280256,0.012746400334856522,0.590568300474837,0.24563576887686728,0.9270438801613406,0.8096490859576447,0.01571288419991681,0.02314902193417825,0.014270731144593832,-0.03834964023201896,-0.05636027470437488,-0.03487050460736271
17.93,0.15875622012454108,0.012724101386549502,0.5907456845341561,0.24579098254205223,0.9272725555862568,0.8097900518782934,0.015330084427277844,0.022586392607313217,0.013922671028596047,-0.038208284235584776,-0.05616253704786259,-0.03473967694003638
17.94,0.1588773307279043,0.012702267890013608,0.5909186996815764,0.24594237548078304,0.9274956149108228,0.8099275439237307,0.014948759303012147,0.022025832535071132,0.013575974598796467,-0.038054691903994756,-0.05594639685292447,-0.03459775137056605
17.95,0.1589953954637589,0.012680903859449366,0.5910873635897801,0.2460899630532248,0.9277130797504024,0.8100615762873132,0.01456903174972195,0.021467526549810077,0.013230753314188659,-0.03788875142244849,-0.05571169280824599,-0.034444631898836627
17.96,0.15911042769356173,0.012660012939907539,0.5912516953465712,0.24623376185435572,0.9279249735767403,0.8101921642817888,0.014191025807085377,0.020911661094488793,0.012887119593937112,-0.03771035119164916,-0.05545826410572109,-0.034280222490774545
17.97,0.15922244177779243,0.0126395984046484,0.5914117154669232,0.24637378972512697,0.9281313217340424,0.8103193243488986,0.013814866629668477,0.020358424217612376,0.012545186817715616,-0.03751937983460218,-0.055185950445228414,-0.034104427078869244
17.98,0.15933145308438634,0.012619663152714511,0.5915674459050277,0.24651006576360052,0.9283321514550066,0.8104430740689849,0.013440680484668633,0.019808005568128638,0.012205069326037092,-0.037315726202790174,-0.05489459203861945,-0.03391714956269433
17.990000000000002,0.15943747799716693,0.012600209706718324,0.591718910066341,0.24664261033606366,0.9285274918768004,0.8105634321706,0.013068594749603264,0.01926059639029427,0.011866882420581664,-0.03709927938172217,-0.05458402961291157,-0.033718293809434294
18.0,0.1595405339242787,0.01258124021084328,0.5918661328196335,0.2467714450881211,0.92871737405699,0.8106804185401209,0.012698737909943874,0.018716389518509825,0.01153074236451742,-0.03686992869584631,-0.05425410441266557,-0.03350776365441417
18.01,0.15964063930661915,0.01256275642906085,0.5920091405090341,0.24689659295576136,0.928901830989413,0.8107940542313645,0.012331239556704236,0.018175579372134962,0.011196766382815804,-0.036627563712822636,-0.05390465820153526,-0.033285462901634054
18.02,0.15973781362627204,0.01254475974355923,0.59214796096608,0.24701807817640137,0.9290808976200062,0.8109043614752085,0.011966230383990632,0.0176383619502949,0.010865072662563152,-0.036372074247153906,-0.05353553326297928,-0.033051295324311614
18.03,0.15983207741493885,0.012527251153387098,0.5922826235217613,0.2471359262999035,0.9292546108625724,0.8110113636892122,0.011603842186516871,0.017104934826680657,0.01053578035326477,-0.03610335036316832,-0.053146572400116686,-0.03280516466543045
18.04,0.15992345226237198,0.012510231273308359,0.5924131590185693,0.2472501641995702,0.9294230096145037,0.8111150854872441,0.011244207857094917,0.016575497144358468,0.010209009567145494,-0.035821282377357475,-0.05273761893472077,-0.03254697463829928
18.05,0.16001196082480662,0.012493700332868285,0.5925395998225429,0.247360820083112,0.9295861347724481,0.8112155526891095,0.010887461384103101,0.016050249610590164,0.009884881379442543,-0.035525760860066695,-0.05230851670533661,-0.032276628927121374
18.06,0.1600976268333933,0.012477658175669759,0.5926619798353138,0.2474679235035904,0.9297440292479255,0.8113127923301823,0.010533737848942678,0.015529394491679827,0.009563517828694464,-0.0352166766365423,-0.0518591100645127,-0.03199403118757685
18.07,0.16018047510262992,0.012462104258854967,0.5927803345061541,0.2475715053703356,0.9298967379828931,0.8114068326710397,0.010183173423486295,0.01501313560785141,0.009245041917023425,-0.03489392078733766,-0.051389243875139885,-0.03169908504742049
18.080000000000002,0.16026053153879394,0.012447037652794923,0.5928947008440221,0.24767159795983787,0.9300443079652583,0.8114977032070991,0.009835905367524347,0.014501678328165573,0.00892957761041032,-0.03455738464808132,-0.05089876350588303,-0.0313916941070943
18.09,0.1603378231483749,0.012432457040981781,0.5930051174296082,0.24776823492661473,0.9301867882443423,0.8115854346782583,0.009492072026220072,0.013995229565491646,0.00861724983896663,-0.03420695980861759,-0.05038751482570559,-0.031071761940361476
18.1,0.16041237804650565,0.012418360720118538,0.5931116244273806,0.24786145131405116,0.9303242299462934,0.811670059078537,0.00915181282757196,0.013493997771532398,0.00830818449719584,-0.03384253811152221,-0.04985534419747222,-0.030739192094959632
18.11,0.16048422546539604,0.012404746600410077,0.5932142635976323,0.24795128356521634,0.9304566862894509,0.8117516096657242,0.008815268279898491,0.012998192931923919,0.008002508444252208,-0.033464011650007,-0.049302098470630516,-0.03039388809328034
18.12,0.1605533957627634,0.012391612206044178,0.5933130783085253,0.2480377695336534,0.9305842125996595,0.8118301209710244,0.008482579969343144,0.012508026561407867,0.0077003495041892385,-0.03307127276521747,-0.048727624972956594,-0.030035753433071685
18.13,0.16061992043026543,0.012378954675865916,0.5934081135481385,0.24812094849414593,0.9307068663255373,0.8119056288087075,0.008153890557412752,0.012023711699095848,0.0074018364662040426,-0.03266421404294222,-0.048131771501370775,-0.029664691588173545
18.14,0.16068383210193238,0.012366770764235258,0.593499415936512,0.24820086115345946,0.9308247070536964,0.8119781702857632,0.007829343778547266,0.011545462903823897,0.00710709908487018,-0.03224272830974126,-0.04751438631180977,-0.029280606009282742
18.150000000000002,0.1607451645625987,0.012355056842067336,0.5935870337376932,0.2482775496610585,0.9309377965239164,0.812047783811554,0.007509084437736794,0.011073496249621336,0.006816268080367872,-0.03180670862851098,-0.04687531810815746,-0.028883400124754623
18.16,0.16080395275633474,0.012343808898049868,0.5936710168717814,0.24835105761979998,0.9310461986442744,0.8121145091074726,0.007193258408181316,0.010608029321288532,0.0065294751387019855,-0.031356048293499805,-0.04621441603022875,-0.028472977341442583
18.17,0.16086023279487988,0.012333022540031047,0.593751416926976,0.24842143009660517,0.9311499795062324,0.8121783872166034,0.006882012629003448,0.010149281210100385,0.006246852911911908,-0.030890640824790334,-0.045531529640803294,-0.028049241045578304
18.18,0.16091404196607337,0.012322692996575124,0.5938282871716194,0.24848871363310618,0.9312492073996791,0.8122394605133808,0.006575495103021817,0.009697472509648348,0.005968535018274963,-0.03041037996227066,-0.04482650891171381,-0.02761209460370005
18.19,0.16096541874228684,0.012312815118675713,0.5939016825662444,0.2485529562562729,0.9313439528279345,0.8122977727132544,0.006273854894583256,0.009252825311820536,0.005694656042496725,-0.029915159659105475,-0.044099204208976,-0.027161441363625253
18.2,0.16101440278885676,0.012303383381625177,0.5939716597756194,0.24861420748901814,0.9314342885227131,0.8123533688823539,0.005977242127465773,0.008815563202939835,0.005425351535894143,-0.029404874074736676,-0.04334946627697341,-0.02669718465547941
18.21,0.16106103497251495,0.012294391887031464,0.5940382771807928,0.24867251836078003,0.9315202894590481,0.8124062954471557,0.005685807982852859,0.008385911260063545,0.0051607580165672524,-0.028879417567427408,-0.04257714622168652,-0.026219227792778722
18.22,0.16110535736982265,0.012285834364971993,0.5941015948911409,0.24872794141808852,0.9316020328701837,0.8124566002041523,0.005399704697383508,0.007964096047453935,0.0049010129695588244,-0.02833868468637469,-0.041782095492971086,-0.02572747407357288
18.23,0.16114741327560042,0.01227770417628482,0.5941616747564109,0.24878053073510872,0.9316795982624274,0.812504332329521,0.005119085561284436,0.007550345613232712,0.004646254847003438,-0.02778257016341349,-0.04096416586588669,-0.025221826781652114
18.240000000000002,0.16118724721136168,0.012269994314981159,0.5942185803787687,0.24883034192416886,0.9317530674299748,0.8125495423887974,0.004844104916587076,0.007144889486226659,0.004396623068263995,-0.027210968904336722,-0.04012320942107718,-0.024702189187822774
18.25,0.16122490493374397,0.012262697410775791,0.5942723771248436,0.24887743214626917,0.9318225244697008,0.8125922823465472,0.004574918155432997,0.006747958673013993,0.004152258020054967,-0.02662377597985222,-0.03925907852420026,-0.02416846455125284
18.26,0.16126043344294091,0.012255805731726854,0.5943231321377732,0.24892186012157516,0.9318880557959227,0.8126326055760401,0.004311681718470158,0.006359785655179214,0.003913301056550635,-0.02602088661620629,-0.038371625804414375,-0.023620556120895392
18.27,0.16129388099113473,0.012249311186970535,0.5943709143492509,0.2489636861398952,0.9319497501551391,0.8126705668689255,0.004054553093347443,0.005980604386792151,0.0036798944994813525,-0.025402196185496828,-0.03746070413192111,-0.02305836713699193
18.28,0.1613252970909274,0.012243205329550366,0.5944157944915686,0.24900297207114286,0.932007698640741,0.812706222444908,0.0038036908133045663,0.005610650292111963,0.003452181638211705,-0.02476760019570185,-0.0365261665945653,-0.022481800832659736
18.29,0.1613547325237738,0.012237479359321068,0.5944578451096664,0.24903978137578722,0.9320619947077052,0.812739629961425,0.00355925445586463,0.0052501602635322475,0.003230306729803824,-0.02411699428045193,-0.0355678664734983,-0.02189076043556952
18.3,0.16138223934841256,0.012232124125923782,0.5944971405731745,0.24907417911528845,0.9321127341872649,0.8127708485233223,0.0033214046416292983,0.004899372659772935,0.0030144149990627028,-0.023450274188569535,-0.03458565721790158,-0.02128514916971463
18.31,0.16140787090929878,0.012227130131819752,0.5945337570884611,0.24910623196252343,0.9321600153015658,0.8127999386925329,0.003090303033181151,0.004558527304331903,0.0028046526385647197,-0.022767335773406585,-0.03357939241878008,-0.020664870257280463
18.32,0.1614316818450361,0.01222248753536731,0.5945677727106775,0.24913600821220117,0.9322039386783071,0.8128269624977549,0.0028661123340910006,0.004227865484199524,0.0026011668086646346,-0.02206807498199986,-0.032548925781817645,-0.020029826920612386
18.330000000000002,0.16145372809680802,0.012218186153938826,0.5945992673558032,0.24916357779126688,0.9322446073653704,0.812851983444128,0.002648996288037361,0.003907629948853599,0.0024041056374850146,-0.021352387844079834,-0.03149411109930986,-0.01937992238429503
18.34,0.16147406691681038,0.012214215467054534,0.5946283228126922,0.24918901226929988,0.9322821268454416,0.8128750665229121,0.0024391196780335625,0.0035980649095353357,0.0022136182208816846,-0.02062017046094702,-0.030414802221159214,-0.018715059877336807
18.35,0.16149275687668452,0.012210564619530628,0.5946550227551205,0.2492123848689046,0.9323166050506273,0.8128962782211651,0.0022366483257690215,0.00329941603882352,0.002029854622388924,-0.019871318994251944,-0.029310853024949405,-0.018035142635473723
18.36,0.1615098578759468,0.01220722242462069,0.5946794527538276,0.24923377047609185,0.9323481523770638,0.8129156865314165,0.0020417490910624473,0.0030119304705116035,0.0018529658731404222,-0.019105729654697343,-0.028182117385091122,-0.017340073903591626
18.37,0.16152543115042325,0.012204177367142133,0.5947017002885674,0.24925324565066082,0.9323768816995338,0.8129333609613466,0.0018545898714262283,0.002735856799794898,0.0016831039717635178,-0.01832329869068355,-0.027028449141035207,-0.01662975693826867
18.38,0.16153953928067938,0.012201417606569065,0.5947218547601485,0.24927088863657149,0.9324029083860792,0.812949372543457,0.0016753396017495353,0.0024714450837876444,0.001520421884251906,-0.017523922376931282,-0.025849702064570265,-0.015904095010452892
18.39,0.16155224620045477,0.012198930980080236,0.5947400075024863,0.24928677937232052,0.9324263503126287,0.8129637938447476,0.001504168254088472,0.002218946842361743,0.0013650735438047554,-0.016707497003083657,-0.024645729826174415,-0.01516299140826142
18.400000000000002,0.16156361720509216,0.012196705005544428,0.5947562517946426,0.24930099950130857,0.932447327877625,0.8129766989763835,0.0013412468375766137,0.0019786150593361146,0.0012172138506430048,-0.015873918862327162,-0.02341638596044839,-0.014406349439923565
18.41,0.16157371895997236,0.012194726884428131,0.5947706828728766,0.24931363238221482,0.9324659640166781,0.8129881636033676,0.001186747398444831,0.0017507041840099514,0.001076998671791558,-0.015023084240035624,-0.022161523830606166,-0.013634072436859138
18.42,0.16158261950894387,0.012192983504609956,0.5947833979426858,0.24932476309936522,0.9324823842172235,0.8129982649542051,0.0010408430201568047,0.001535470133059207,0.0009445848408321046,-0.014154889402456227,-0.020880996592022753,-0.0128460637568985
18.43,0.1615903882827569,0.012191461443085083,0.5947944961908564,0.24933447847310863,0.9324967165332114,0.8130070818305695,0.0009037078236559214,0.0013331702928001425,0.0008201301576216604,-0.013269230585455418,-0.01957465715483923,-0.01204222678765174
18.44,0.1615970961074943,0.012190146968538595,0.594804078797507,0.2493428670701916,0.9325090915998132,0.8130146946169621,0.0007755169677255274,0.0011440635218332885,0.0007037933879777177,-0.012366003983328084,-0.01824235814560561,-0.01122246495002327
18.45,0.16160281521300401,0.012189026043775086,0.5948122489481339,0.24935001921413988,0.9325196426481611,0.8130211852903716,0.0006564466494607,0.0009684101540757723,0.0005957342633274699,-0.01144510573768689,-0.016883951867964774,-0.010386681701882616
18.46,0.1616076192413312,0.012188084327982185,0.5948191118456579,0.2493560269956441,0.9325285055201163,0.8130266374299269,0.0005466741048489338,0.0008064720021890399,0.0004961134803179349,-0.010506431926424867,-0.015499290262347799,-0.009534780541883257
18.47,0.16161158325515,0.012187307178811002,0.5948247747224701,0.24936098428295186,0.9325358186830764,0.8130311362265475,0.00044637760946412676,0.0006585123614194919,0.00040509270039013425,-0.009549878552769566,-0.014088224864691419,-0.008666665013446793
18.48,0.16161478374619626,0.012186679654251742,0.5948293468524778,0.24936498673226817,0.9325417232448228,0.8130347684925904,0.0003557364792652545,0.0005247960138505309,0.0003228345493086747,-0.008575341534408037,-0.012650606764133791,-0.007782238708897548
18.490000000000002,0.16161729864369873,0.012186186514284658,0.5948329395631494,0.24936813179816295,0.9325463629684101,0.8130376226714883,0.00027493107150822747,0.0004055892330898621,0.00024950261665354894,-0.007582716692692183,-0.011186286559692664,-0.006881405273763213
18.5,0.16161920732281154,0.012185812222288317,0.5948356662475611,0.24937051874398908,0.9325498842871078,0.8130397888473873,0.00020414278576183641,0.00030115978939003083,0.00018526145526492075,-0.006571899741905144,-0.009695114315891568,-0.005964068411234728
18.51,0.161620590613047,0.01218554094617802,0.5948376423764433,0.24937224865231228,0.9325524363193954,0.813041358754776,0.0001435540650311198,0.00021177695521854237,0.00013027658064280955,-0.005542786278575357,-0.008176939517311976,-0.005030131886787578
18.52,0.16162153080670602,0.012185356559259009,0.5948389855102246,0.24937342443534935,0.9325541708840117,0.8130424257881078,9.33483969894913e-05,0.00013771151129098012,8.471447030162255e-05,-0.004495271770823063,-0.006631611022051394,-0.004079499532969377
18.53,0.16162211166731175,0.01218524264076376,0.594839815311079,0.24937415084542347,0.9325552425150712,0.813043085011419,5.3710315316002006e-05,7.923575307316009e-05,4.8742563074761156e-05,-0.0034292515477055384,-0.005058977014044587,-0.00311207525434606
18.54,0.16162241843804087,0.012185182476058487,0.5948402535549719,0.24937453448543045,0.9325558084772458,0.8130434331679375,2.482540113794321e-05,3.66234977639189e-05,2.2529258367757968e-05,-0.0023446207885372988,-0.003458884954224692,-0.002127763032612872
18.55,0.1616225378501562,0.012185159056487427,0.5948404241437059,0.2493746838193214,0.9325560287810198,0.8130435686896853,6.880284583582538e-06,1.0150091776757504e-05,6.243915362258539e-06,-0.0012412745121428326,-0.0018311815304791425,-0.0011264669318644999
18.56,0.1616225581314379,0.01218515507883533,0.5948404531169654,0.24937470918260005,0.9325560661980197,0.8130435917070711,6.264644053604488e-08,9.24187246508504e-08,5.6852164376330966e-08,-0.00011910756600203487,-0.00017571260636456009,-0.00010809110402639944
18.57,0.1616225697197401,0.01218515230720224,0.5948404531420551,0.24937473098367247,0.9325560671035611,0.8130435922640967,7.294184389706214e-06,2.9242911455834844e-07,1.798815964388303e-07,0.0016269746964154683,6.522659819444237e-05,4.012276487990422e-05
18.580000000000002,0.1616226676372878,0.012185128881356977,0.5948404531420592,0.2493749152896951,0.9325560744925254,0.8130435968092621,3.2558282033132006e-05,1.3052860125390944e-06,8.029191327944266e-07,0.0034217337179055732,0.00013718005417939842,8.438341370727418e-05
18.59,0.1616229472346996,0.012185061990223012,0.5948404531420708,0.24937544156400526,0.9325560955912813,0.8130436097877163,7.564682506943842e-05,3.0327447207558696e-06,1.8655288708019806e-06,0.005191882652264735,0.0002081478844972862,0.00012803777335609434
18.6,0.16162350255634667,0.012184929134127442,0.5948404531420939,0.24937648682244226,0.9325561374966602,0.813043635564925,0.00013631427975232277,5.464977574610029e-06,3.3616654928283306e-06,0.006937535004363489,0.00027813589313368614,0.0001710894111019941
18.61,0.16162442634503613,0.012184708124023114,0.594840453142132,0.2493782256311911,0.9325562072075155,0.8130436784460843,0.00021431624974014988,8.59221747332623e-06,5.285320900894208e-06,0.008658804746277062,0.00034715038456972416,0.00021354220096592047
18.62,0.1616258100479773,0.012184377079489939,0.5948404531421894,0.24938083011817944,0.9325563116253532,0.8130437426765079,0.0003094094806490552,1.2404762756887953e-05,7.630527205663987e-06,0.010355806293555654,0.0004151981382694028,0.00025540030807737673
18.63,0.16162774382274675,0.012183914426584674,0.5948404531422691,0.24938446998451896,0.9325564575550085,0.8130438324420435,0.00042135186437112094,1.6892981830601857e-05,1.0391359560755287e-05,0.012028654482048533,0.00048228638372042773,0.00029666817337661643
18.64,0.16163031654325452,0.012183298895548589,0.5948404531423751,0.24938931251598884,0.9325566517053699,0.8130439518695167,0.0005499024431641737,2.2047317542842126e-05,1.3561938845767728e-05,0.01367746454530609,0.0005484227760246344,0.0003373504986533542
18.650000000000002,0.16163361580570923,0.012182509518377904,0.5948404531425106,0.24939552259455883,0.9325569006901437,0.8130441050272017,0.0006948214135178719,2.7858291321401687e-05,1.7136434201353288e-05,0.015302352092544238,0.0006136153720324395,0.0003774522319185305
18.66,0.16163772793458392,0.01218152562626923,0.5948404531426783,0.24940326270994995,0.9325572110286598,0.8130442959253145,0.0008558701298027054,3.4316507073905334e-05,2.110906541966782e-05,0.016903433087188186,0.000677872607016967,0.00041697855310642614
18.67,0.1616427379885817,0.012180326846942313,0.594840453142882,0.24941269297123086,0.9325575891467154,0.8130445285165325,0.0010328111077073875,4.141265485764363e-05,2.5474105193483732e-05,0.018480823825990207,0.0007412032718825259,0.0004559348601038328
18.68,0.1616487297666011,0.012178893101851662,0.5948404531431242,0.24942397111844725,0.9325580413774524,0.813044806696533,0.0012254080274696627,4.9137514324116466e-05,3.02258812272008e-05,0.020034640918715436,0.0008036164909020244,0.0004943267551029322
18.69,0.16165578581370188,0.012177204603291136,0.594840453143407,0.24943725253428248,0.9325585739622716,0.8130451343045537,0.0014334257369078018,5.748195794361313e-05,3.535877821301509e-05,0.021565001268408657,0.0008651216999785889,0.0005321600312749667
18.7,0.16166398742707072,0.012175241851399954,0.5948404531437331,0.24945269025574807,0.9325591930517751,0.813045515123972,0.0016566302542565076,6.643695401496123e-05,4.0867239675386566e-05,0.023072022052222006,0.0009257286254252912,0.0005694406597609451
18.71,0.16167341466198637,0.012172985631076938,0.5948404531441039,0.24947043498590102,0.9325599047067387,0.813045952882902,0.0018947887708151336,7.599356946569013e-05,4.674576968701523e-05,0.024555820702818292,0.000985447263258202,0.0006061747769764454
18.72,0.1616841463377856,0.01217041700880761,0.5948404531445214,0.24949063510558694,0.9325607148991114,0.8130464512548079,0.0021476696534114695,8.614297244761536e-05,5.298893445938913e-05,0.026016514890328055,0.0010442878589964945,0.0006423686722266619
18.73,0.16169626004382884,0.012167517329413902,0.5948404531449862,0.2495134366852071,0.9325616295130402,0.8130470138591327,0.002415042446689248,9.687643473299197e-05,5.959136381105399e-05,0.02745422250487263,0.0011022608879646323,0.0006780287756286489
18.740000000000002,0.16170983214546533,0.01216426821272898,0.5948404531454992,0.24953898349650694,0.9325626543459169,0.8130476442619413,0.002696677875222319,0.00010818533391612151,6.654775251659298e-05,0.028869061639631186,0.0011593770360902634,0.0007131616463368579
18.75,0.16172493778999925,0.012160651550207013,0.5948404531460608,0.24956741702438567,0.9325637951094474,0.8130483459765766,0.0029923478454631103,0.00012006115542542913,7.385286153938634e-05,0.0302611505744581,0.0012156471811925471,0.0007477739610687387
18.76,0.16174165091265474,0.012156649501470496,0.5948404531466699,0.24959887647872392,0.9325650574307379,0.8130491224643265,0.003301825447530044,0.0001324954943508545,8.150151915111391e-05,0.031630607760038426,0.0012710823747548573,0.0007818725029267083
18.77,0.16176004424254206,0.012152244490802655,0.5948404531473266,0.24963349880622854,0.9325664468534013,0.8130499771351025,0.0036248849568380668,0.00014548005709132274,8.948862194091706e-05,0.032977551802568825,0.0013256938241757684,0.0008154641505127572
18.78,0.1617801893086228,0.012147419203591747,0.5948404531480287,0.24967141870229342,0.932567968838677,0.8130509133481275,0.003961301835580263,0.00015900666282715956,9.780913571719631e-05,0.03430210144896782,0.001379492875492865,0.0008485558673323732
18.79,0.16180215644567572,0.012142156582728658,0.5948404531487747,0.24971276862287384,0.9325696287665658,0.8130519344126318,0.004310852734062311,0.00017306724482200815,0.00010645809630483325,0.0356043755725917,0.0014324909965727848,0.0008811546914837537
18.8,0.1618260148002621,0.012136439824968648,0.5948404531495619,0.24975767879637362,0.9325714319369763,0.8130530435885568,0.004673315491898536,0.00018765385155903143,0.000115430610240764,0.03688449315946182,0.0014846997607620915,0.0009132677256290232
18.81,0.16185183233669168,0.012130252377257567,0.5948404531503866,0.24980627723554388,0.9325733835708822,0.8130542440872658,0.0050484691390707374,0.0002027586477158205,0.0001247218553706097,0.038142573294978825,0.0015361308309923085,0.0009449021272433881
18.82,0.16187967584298818,0.01212357793303026,0.5948404531512457,0.2498586897493913,0.932575488811488,0.813055539072259,0.00543609389685863,0.00021837391498268275,0.00013432708134922424,0.03937873515112806,0.0015867959443336458,0.0009760650991389059
18.830000000000002,0.16190961093685496,0.01211640042848583,0.5948404531521343,0.2499150399550952,0.9325777527254036,0.8130569316598938,0.005835971178642743,0.0002344920527286047,0.00014424161004778754,0.040593097974151955,0.0016367068969907405,0.001006763880258802
18.84,0.16194170207164055,0.012108704038842955,0.594840453153047,0.24997544928993207,0.9325801803038227,0.8130584249201089,0.0062478835905877,0.0002511055785194111,0.00015446083587021306,0.041785781072689814,0.0016858755297347653,0.0010370057367389042
18.85,0.16197601254230476,0.012100473174582738,0.5948404531539785,0.25004003702320654,0.932582776463708,0.8130600218771508,0.0066716149322092215,0.0002682071284924037,0.00016498022598149072,0.04295690380636904,0.001734313713765588,0.0010667979532323535
18.86,0.16201260449138385,0.012091692477680327,0.5948404531549226,0.25010892026818693,0.9325855460489766,0.8130617255103016,0.007106950196827738,0.0002857894575916852,0.00017579532045054042,0.044106585574832734,0.0017820333369976925,0.0010961478244937727
18.87,0.1620515389149568,0.012082346817832323,0.5948404531558715,0.2501822139940453,0.9325884938316898,0.8130635387546097,0.0075536755719167355,0.00030384543966852865,0.00018690173231024609,0.04523494580720261,0.0018290462907641551,0.0011250626472194228
18.88,0.16209287566861066,0.012072421288681745,0.5948404531568185,0.25026003103780026,0.9325916245132424,0.8130654645016177,0.008011578439345305,0.00032236806745074916,0.00019829514753709305,0.04634210395195232,0.0018753644569320187,0.0011535497121393085
18.89,0.16213667347340674,0.01206190120404771,0.5948404531577554,0.250342482116262,0.9325949427255495,0.8130675056000929,0.00848044737552404,0.0003413504523853661,0.0002099713249530351,0.04742817946719287,0.0019209996954234895,0.0011816162963578477
18.900000000000002,0.16218298992184585,0.012050772094160556,0.5948404531586733,0.25042967583797726,0.9325984530322338,0.8130696648567542,0.008960072151453315,0.00036078582435838014,0.00022192609605193396,0.04849329181134543,0.001965963832136315,0.0012092696559390722
18.91,0.16223188148383474,0.012039019701909182,0.5948404531595638,0.2505217187151759,0.9326021599298069,0.813071945036998,0.009450243732681845,0.0003806675312957925,0.0002341553647531,0.04953756043419966,0.0020102686472576762,0.0012365170187329244
18.92,0.16228340351265158,0.012026629979101144,0.5948404531604177,0.25061871517571577,0.9326060678488481,0.8130743488656201,0.009950754279177743,0.0004009890386497063,0.00024665510708428564,0.05056110476834107,0.0020539258639653184,0.0012633655774388374
18.93,0.16233761025091192,0.012013589082742526,0.5948404531612252,0.250720767575025,0.9326101811551762,0.8130768790275364,0.010461397145113844,0.00042174392877327756,0.0002594213707964424,0.051564044220932054,0.002096947137509734,0.0012898224829028522
18.94,0.16239455483653484,0.011999883371338615,0.5948404531619772,0.25082797620804387,0.9326145041510152,0.8130795381684962,0.010981966878575304,0.0004429259001884794,0.0002724502749126686,0.052546498165843565,0.0021393440446717295,0.001315894837644826
18.95,0.16245428930870817,0.011985499401218624,0.5948404531626632,0.2509404393211611,0.9326190410761511,0.813082328895794,0.011512259221187232,0.0004645287667501725,0.00028573800921349087,0.05350858593611373,0.0021811280735888837,0.0013415896896118
18.96,0.16251686461385564,0.011970423922890883,0.5948404531632743,0.251058253124148,0.9326237961090822,0.8130852537789732,0.012052071107671498,0.0004865464567103816,0.0002992808336608696,0.05445042681673328,0.0022223106139454196,0.001366914026154203
18.97,0.16258233061160168,0.01195464387742634,0.5948404531638005,0.251181511802086,0.9326287733681562,0.8130883153505252,0.012601200665329985,0.0005089730116861421,0.00031307507776299055,0.05537214003773413,0.0022629029475190418,0.001391874768220971
18.98,0.1626507360807381,0.01193814639287899,0.5948404531642327,0.2513103075272904,0.9326339769126998,0.8130915161065809,0.013159447213463193,0.0005318025855346955,0.00032711713988216296,0.05627384476758036,0.0023029162390792966,0.0014164787647702993
18.990000000000002,0.16272212872519007,0.011920918780741419,0.5948404531645621,0.2514447304712268,0.9326394107441339,0.8130948585075969,0.01372661126272136,0.0005550294431392872,0.00034140348648781623,0.05715566010683923,0.0023423615276311266,0.0014407327873921711
19.0,0.16279655517998154,0.01190294853244106,0.5948404531647804,0.25158486881642067,0.9326450788070784,0.813098344979031,0.014302494514395584,0.0005786479591091791,0.00035593065135681507,0.05801770508212902,0.0023812497179981477,0.0014646435251393503
19.01,0.16287406101720245,0.01188422331587946,0.59484045316488,0.2517308087683611,0.932650984990442,0.8131019779120119,0.01488689985964977,0.0006026526163971709,0.0003706952347231127,0.05886009864032833,0.0024195915727396764,0.0014882175795632203
19.02,0.1629546907519736,0.011864730972016013,0.5948404531648537,0.2518826345673943,0.9326571331284984,0.8131057596639992,0.015479631378693874,0.0006270380048378518,0.0003856939023787196,0.0596829596430329,0.0024573977043956504,0.0015114614599509018
19.03,0.16303848784841354,0.011844459511498928,0.5948404531646964,0.2520404285006103,0.9326635270019483,0.8131096925594347,0.016080494339906094,0.000651798819610047,0.0004009233847281163,0.060486406861255816,0.002494678568054032,0.0015343815787603847
19.04,0.16312549472560414,0.011823397111347334,0.5948404531644025,0.25220427091371983,0.9326701703389635,0.8131137788903825,0.016689295198899706,0.0006769298596263841,0.00041638047579790476,0.06127055897035123,0.0025314444542346563,0.0015569842472499913
19.05,0.16321575276355713,0.011801532111684832,0.5948404531639689,0.2523742402229221,0.932677066816217,0.8131180209171615,0.017305841597543826,0.0007024260258534034,0.0004320620322038017,0.06203553454515967,0.00256770548208429,0.0015792756712990066
19.06,0.16330930230917984,0.011778853012526957,0.5948404531633938,0.2525504129267616,0.9326842200598945,0.8131224208689648,0.017929942362933018,0.0007282823195650022,0.00044796497207668826,0.06278145205535521,0.0026034715928769437,0.0016012619474158507
19.07,0.1634061826822412,0.01175534847062576,0.5948404531626765,0.252732863617976,0.9326916336466885,0.8131269809444698,0.01856140750631504,0.0007544938405325364,0.00046408627394975877,0.06350842986099313,0.00263875254381433,0.001622949058930699
19.080000000000002,0.1635064321813381,0.011731007296372276,0.5948404531618181,0.2529216649953309,0.9326993111047736,0.8131317033124366,0.019200048221971553,0.0007810557851542629,0.0004804229756084158,0.0642165862082394,0.0026735579021206065,0.0016443428723689863
19.09,0.1636100880898611,0.011705818450760352,0.5948404531608216,0.2531168878754456,0.9327072559147638,0.8131365901122943,0.019845676886059316,0.0008079634445272739,0.00049697217290485,0.06490603922527821,0.00270789703942632,0.0016654491340027
19.1,0.16371718668196084,0.011679771042409748,0.594840453159692,0.2533186012046053,0.9327154715106493,0.8131416434547164,0.020498107055411288,0.0008352122024646919,0.0005137310185390073,0.06557690691838594,0.0027417791264360736,0.0016862734665761478
19.11,0.1638277632285131,0.011652854324656847,0.594840453158436,0.2535268720705614,0.9327239612807134,0.8131468654221813,0.021157153466296923,0.0008627975334608444,0.0005306967208076148,0.06622930716815895,0.0027752131278744934,0.0017068213662028923
19.12,0.16394185200308573,0.011625057692705887,0.5948404531570628,0.25374176571432033,0.9327327285684294,0.8131522580695241,0.021822632033149054,0.0008907150006074123,0.0005478665423231078,0.0668633577258924,0.0028082077977055787,0.0017270981994308614
19.13,0.16405948628790382,0.011596370680851897,0.5948404531555835,0.2539633455419179,0.9327417766733352,0.8131578234244715,0.02249435984725143,0.0009189602534629602,0.0005652377987039385,0.06747917621009386,0.0028407716746198675,0.001747109200472259
19.14,0.1641806983798158,0.011566782959767541,0.5948404531540112,0.25419167313618174,0.932751108851888,0.8131635634881663,0.02317215517539585,0.0009475290258788156,0.000582807857238093,0.0680768801031302,0.002872913077784699,0.0017668594685953914
19.150000000000002,0.16430551959625858,0.011536284333862445,0.5948404531523616,0.25442680826847885,0.9327607283182956,0.8131694802356767,0.02385583745850284,0.0009764171337835924,0.0006005741355212301,0.06865658674799278,0.0029046401028521318,0.0017863539656751087
19.16,0.16443398028122366,0.011504864738711318,0.5948404531506518,0.2546688089104503,0.9327706382453259,0.8131755756164923,0.02454522731021292,0.0010056204729291661,0.0006185341000711689,0.06921841334517796,0.002935960618219825,0.0018055975138989986
19.17,0.16456610981122252,0.01147251423855522,0.5948404531489019,0.25491773124573147,0.9327808417650942,0.8131818515550073,0.02524014651544723,0.001035135016600498,0.0006366852649202025,0.06976247694967344,0.0029668822615398355,0.001824594793626255
19.18,0.16470193660125154,0.011439223023875178,0.5948404531471331,0.25517362968165685,0.9327913419698265,0.8131883099509872,0.025940418028936065,0.0010649568132916661,0.0006550251901866888,0.07028889446804042,0.002997412436470324,0.0018433503413961781
19.19,0.16484148811075794,0.011404981409040338,0.5948404531453686,0.25543655686095157,0.9328021419126001,0.8131949526800235,0.02664586597372239,0.0010950819843507644,0.0006735514806275591,0.07079778265558996,0.0030275583096656677,0.001861868548083555
19.2,0.1649847908496038,0.011369779830030569,0.5948404531436328,0.2557065636734056,0.9328132446080599,0.8132017815939722,0.027356315639633574,0.0011255067215957028,0.0006922617841729977,0.0712892581136404,0.003057326807999871,0.0018801536571978069
19.21,0.16513187038403207,0.011333608842234333,0.5948404531419518,0.25598369926753556,0.9328246530331116,0.8132087985213784,0.028071593481730082,0.0011562272849035638,0.0007111537904449255,0.07176343728685522,0.003086724616018943,0.0018982097633232565
19.22,0.1652827513426303,0.011296459118325552,0.5948404531403522,0.25626801106222746,0.9328363701275895,0.8132160052678852,0.028791527118723893,0.0011872399997754314,0.0007302252292604745,0.07222043646064892,0.003115758173617242,0.0019160408106974885
19.23,0.16543745742229604,0.011258321446214081,0.594840453138861,0.25655954475836656,0.9328483987949011,0.8132234036166295,0.029515945331375363,0.0012185412548792647,0.0007494738691220311,0.07266037175866255,0.0031444336739336887,0.0019336505919252361
19.240000000000002,0.16559601139420022,0.011219186727077723,0.5948404531375051,0.2568583443504491,0.9328607419026459,0.8132309953286194,0.03024467806086127,0.0012501274995726404,0.0007688975156949829,0.0730833591402948,0.003172757061462843,0.0019510427468248195
19.25,0.16575843510975183,0.011179045973470136,0.5948404531363107,0.25716445213817785,0.9328734022832103,0.8132387821430996,0.030977556407121205,0.0012819952414077822,0.0007884940102746515,0.07348951439829071,0.0032007340303768328,0.0019682207614046213
19.26,0.16592474950656164,0.011137890307509724,0.5948404531353025,0.25747790873804244,0.9328863827343361,0.8132467657778993,0.031714412627179736,0.0013141410436208385,0.000808261228243626,0.07387895315637874,0.0032283700230535724,0.0019851879669668354
19.27,0.16609497461440528,0.011095710959146077,0.5948404531345031,0.25779875309488054,0.9328996860196662,0.8132549479297655,0.032455080133443,0.0013465615226073476,0.0008281970775206924,0.07425179086695223,0.0032556702288069114,0.0020019475393358074
19.28,0.16626912956118717,0.011052499264507798,0.5948404531339319,0.2581270224934242,0.9329133148692623,0.8132633302746805,0.03319939349197585,0.0013792533453861615,0.000848299497002762,0.07460814280879315,0.0032826395828147027,0.002018502498208531
19.29,0.16644723257890276,0.011008246664330312,0.5948404531336038,0.2584627525698264,0.9329272719800985,0.8132719144681642,0.033947188420752596,0.001412213227053447,0.0008685664550007937,0.07494812408483004,0.003309282765240296,0.0020348557066245214
19.3,0.1666293010096015,0.010962944702462785,0.5948404531335294,0.25880597732317284,0.9329415600165302,0.8132807021455598,0.03469830178788933,0.001445437928229029,0.0008889959476711129,0.07527184961993102,0.0033356042005436813,0.002051009870552771
19.31,0.16681535131134892,0.010916585024457304,0.5948404531337117,0.25915672912697285,0.9329561816107356,0.8132896949223052,0.03545257160985042,0.001478924252496594,0.0009095859974430625,0.0755794341587243,0.0033616080569778993,0.0020669675385930875
19.32,0.16700539906418854,0.010869159376237503,0.5948404531341465,0.25951503874063536,0.9329711393631329,0.8132988943941869,0.036209837049637386,0.0015126690438399565,0.0009303346514443438,0.07587099226344626,0.0033872982462670323,0.002082731101789563
19.330000000000002,0.16719945897610317,0.010820659602848837,0.5948404531348198,0.2598809353209238,0.9329864358427715,0.81330830213758,0.03696993841495246,0.0015466691840768149,0.0009512399799249314,0.07614663831181187,0.0034126784234615637,0.002098302793553569
19.34,0.1673975448889759,0.010771077647289795,0.5948404531357062,0.26025444643339457,0.9330020735876974,0.8133179197096707,0.03773271715634365,0.0015809215902920538,0.0009723000746808335,0.07640648649490663,0.00343775198696747,0.0021136846896940673
19.35,0.16759966978455096,0.01072040554942183,0.5948404531367678,0.26063559806381614,0.9330180551052931,0.813327748648665,0.03849801586532875,0.0016154232122721909,0.0009935130474786776,0.07665065081509731,0.0034625220787451332,0.00212887870855281
19.36,0.16780584579039318,0.010668635444963548,0.5948404531379516,0.2610244146295687,0.933034382872592,0.8133377904739791,0.039265678272495906,0.001650171029942524,0.0010148770284820912,0.07687924508395812,0.0034869915846742457,0.002143886611242081
19.37,0.1680160841858484,0.01061575956456201,0.5948404531391869,0.2614209189910263,0.9330510593365665,0.8133480466864169,0.04003554924558751,0.0016851620508089213,0.001036390164681075,0.07709238292021348,0.003511163135081241,0.002158710001982855
19.38,0.16823039540800175,0.010561770232946965,0.5948404531403835,0.2618251324629175,0.9330680869143915,0.8133585187683293,0.04080747478755942,0.001720393307405497,0.0010580506183251305,0.07729017774769305,0.0035350391054253527,0.0021733503285409498
19.39,0.1684487890576365,0.010506659868162627,0.5948404531414293,0.26223707482566877,0.9330854679936816,0.8133692081837599,0.041581302034623874,0.001755861854750112,0.0010798565653613499,0.07747274279330024,0.0035586216171399994,0.0021878088827591603
19.400000000000002,0.1686712739051934,0.010450420980882003,0.5948404531421877,0.26265676433672874,0.9331032049327043,0.8133801163785741,0.04235687925730479,0.001791564768764438,0.0011018061944224299,0.07764019388962848,0.0035819134212233985,0.002202087303868385
19.41,0.16889785789695103,0.010393046173743203,0.5948404531425752,0.2630842177422563,0.9331213000606878,0.8133912447806415,0.043134055942001065,0.0018274991700455597,0.0011238977202543512,0.07779265202855594,0.0036049187036085025,0.002216188037255178
19.42,0.16912854816127446,0.010334528140753252,0.5948404531426652,0.2635194502889052,0.9331397556781406,0.8134025948000246,0.04391268266517462,0.0018636621823966601,0.001146129359986669,0.07793022035030375,0.003627635845712355,0.0022301102112918672
19.43,0.16936335101419803,0.010274859666924041,0.5948404531425483,0.26396247573444465,0.9331585740567865,0.8134141678289467,0.04469261109127018,0.0019000509303156662,0.0011684993315921608,0.0780530113441011,0.003650065986328627,0.0022438545138616576
19.44,0.1696022719653284,0.010214033627914731,0.5948404531423092,0.2644133063589101,0.9331777574396468,0.8134259652418425,0.045473694008596945,0.0019366625484503548,0.0011910058591628528,0.07816113729306236,0.003672210016892059,0.0022574214810931288
19.45,0.1698453157238018,0.010152042989735821,0.5948404531420239,0.26487195297582994,0.9331973080411302,0.8134379883954118,0.04625578532725515,0.001973494179132939,0.0012136471713975942,0.07825471027214731,0.003694068583156072,0.002270811498410172
19.46,0.17009248620424317,0.010088880808530487,0.5948404531417584,0.26533842494343474,0.9332172280470963,0.8134502386286585,0.047038740077046434,0.002010542969932296,0.0012364215001006605,0.07833384214613172,0.0037156420870015448,0.002284024801662998
19.47,0.17034378653272314,0.010024540230433088,0.5948404531415638,0.265812730175842,0.9332375196148971,0.8134627172629135,0.0478224144053598,0.0020478060712247116,0.0012593270786919375,0.07839864456758752,0.0037369306883733655,0.0022970614783381148
19.48,0.17059921905271477,0.009959014491502105,0.5948404531414739,0.2662948751542228,0.933258184873392,0.8134754256018439,0.04860666557504161,0.00208528063378483,0.0012823621407297208,0.07844922897487493,0.0037579343073419753,0.002309921468845548
19.490000000000002,0.17085878533104898,0.009892296917729748,0.5948404531415026,0.2667848649379445,0.9332792259229401,0.8134883649314474,0.04939135196224171,0.0021229638063976377,0.0013055249184466477,0.07848570659014692,0.003778652626286658,0.002322604567881284
19.5,0.17112248616387,0.009824380925124498,0.5948404531416387,0.2672827031756937,0.9333006448353689,0.8135015365200304,0.05017633305424213,0.0021608527334930024,0.0013288136412996968,0.0785081884173687,0.0037990850921978216,0.00233511042586323
19.51,0.17139032158258966,0.009755260019867595,0.5948404531418432,0.2677883921165765,0.9333224436539184,0.8135149416181752,0.05096146944726629,0.00219894455280382,0.001352226534534913,0.07851678524035266,0.003819230919095276,0.0023474385504388146
19.52,0.17166229085984014,0.009684927798543741,0.5948404531420437,0.26830193262119617,0.9333446243931627,0.8135285814586887,0.051746622844265636,0.002237236393048775,0.001375761817767472,0.07851160762081201,0.003839089090559603,0.0023595883080624424
19.53,0.17193839251542714,0.009613377948441082,0.5948404531421307,0.2688233241727107,0.9333671890389086,0.8135424572565402,0.05253165605269147,0.0022757253716411837,0.0013994177035779934,0.07849276589643417,0.003858658362373983,0.0023715589256411316
19.54,0.17221862432228846,0.009540604247922913,0.5948404531419558,0.2693525648878779,0.9333901395480753,0.813556570208786,0.05331643299371649,0.0023144085959481454,0.0014231923981317203,0.07846037693903174,0.003877939341276171,0.002383350674257285
19.55,0.17250298331287495,0.009466600566763406,0.594840453141476,0.2698896515288112,0.9334134778487747,0.8135709214946089,0.054100818825159276,0.002353283199500299,0.0014470841216989744,0.07841455810501721,0.0038969326305894796,0.0023949638135007567
19.56,0.17279146578537852,0.009391360866589427,0.5948404531408492,0.27043457951444955,0.9334372058402924,0.8135855122752969,0.054884679713670705,0.0023923462705263574,0.001471091067870253,0.07835540661945979,0.003915632502622479,0.0024063949888883628
19.57,0.17308406730912218,0.009314879201597848,0.5948404531402279,0.270987342930557,0.9334613253925976,0.8136003436939564,0.05566788288034834,0.0024315948644915925,0.0014952114106021371,0.07828303196608852,0.003934036849205631,0.0024176428975483167
19.580000000000002,0.1733807827304576,0.009237149719214577,0.5948404531397387,0.2715479345405785,0.9334858383461058,0.8136154168753665,0.056450296639960346,0.0024710260147114325,0.0015194433101688525,0.07819754339515934,0.003952143349077762,0.002428706106216136
19.59,0.1736816061787152,0.009158166660808431,0.594840453139473,0.27211634579656524,0.9335107465114457,0.8136307329258353,0.057231790398602496,0.0025106367302366304,0.0015437849118683502,0.07809904992162664,0.003969949471109691,0.0024395830532402594
19.6,0.17398653107215306,0.009077924362467793,0.5948404531394843,0.27269256685007676,0.9335360516692071,0.8136462929330432,0.058012234651336925,0.0025504239937711244,0.0015682343447487245,0.07798766032335347,0.003987452477619559,0.0024502720506441636
19.61,0.17429555012390505,0.008996417255844325,0.5948404531397808,0.2732765865630573,0.9335617555696657,0.8136620979658747,0.05879150097981054,0.0025903847596233645,0.001592789720355444,0.07786348313936456,0.004004649427777381,0.0024607712862434075
19.62,0.17460865534792794,0.008913639869056189,0.5948404531403195,0.2738683925186914,0.9335878599324905,0.8136781490742376,0.0595694620498603,0.002630515951692329,0.00161744913150015,0.0777266266681442,0.0040215371810965505,0.002471078825816195
19.63,0.17492583806494616,0.008829586827656999,0.5948404531409988,0.27446797103223186,0.9336143664464289,0.8136944472888685,0.06034599160909734,0.0026708144614886547,0.0016422106510512835,0.07757719896598482,0.0040381124010097965,0.002481192615325885
19.64,0.17524708890839719,0.008744252855662271,0.5948404531416517,0.27507530716180745,0.9336412767689739,0.8137109936211283,0.061120964484479096,0.0027112771461921706,0.0016670723307473307,0.07741530784538736,0.004054371558527423,0.002491110483194064
19.650000000000002,0.17557239783037432,0.00865763277663828,0.5948404531420382,0.2756903847192022,0.9336685925260099,0.8137277890627846,0.06189425657986186,0.0027519008267461926,0.001692032200032914,0.07724106087351988,0.004070310935975383,0.00250083014262268
19.66,0.17590175410777795,0.008569721514794404,0.5948404531419096,0.27631318628097523,0.933696315311552,0.813744834585846,0.0626657450024645,0.0027926823250495987,0.0017170882871535885,0.0770545961315623,0.004085935950371479,0.0025103544992039115
19.67,0.1762351463494188,0.008480514095887903,0.5948404531414024,0.27694369320120726,0.9337244466879651,0.8137621311426689,0.06343530804398091,0.002833618457154894,0.001742238615208673,0.07685599795430122,0.004101235629499824,0.0025196771214066227
19.68,0.1765725625012427,0.00839000564866349,0.5948404531407825,0.27758188562096864,0.9337529881851812,0.8137796796654936,0.0642028248552263,0.0028747059336609094,0.0017674811453758414,0.07664536787137721,0.004116204109244945,0.0025287944783232773
19.69,0.17691398985177043,0.008298191406291233,0.5948404531402606,0.2782277424781403,0.9337819413000115,0.8137974810660329,0.06496817565054278,0.0029159414206487745,0.0017928138115284181,0.07642281252031714,0.004130836976043099,0.002537703857785986
19.7,0.17725941503803716,0.008205066707733744,0.5948404531399862,0.27888124151807314,0.9338113074957045,0.8138155362352014,0.0657312417093812,0.0029573215392142476,0.0018182345199002077,0.07618843828535293,0.004145129647080913,0.0025464024444908366
19.71,0.17760882405153283,0.008110626999163928,0.5948404531400374,0.2795423593042286,0.9338410882014879,0.8138338460428336,0.06649190537376425,0.002998842863795999,0.0018437411480670286,0.07594235129620885,0.004159077374437978,0.0025548873225690865
19.72,0.17796220224413886,0.00801486783543337,0.5948404531404119,0.2802110712287895,0.9338712848120934,0.8138524113373918,0.06725005004573355,0.003040501920545406,0.0018693315439540132,0.07568465742697587,0.004172675249294254,0.0025631554781979154
19.73,0.1783195343340666,0.007917784881591006,0.5948404531410176,0.2808873515232497,0.933901898687266,0.8138712329456662,0.06800556018479012,0.0030822951857389716,0.0018950035248693534,0.07541546229507431,0.004185918206200467,0.0025712038022496016
19.740000000000002,0.1786808044117915,0.007819373914449979,0.5948404531416629,0.2815711732689735,0.9339329311512583,0.8138903116724622,0.06875832130532115,0.0031242190842335395,0.0019207548765645907,0.07513487126031228,0.004198801027409359,0.0025790290929777492
19.75,0.17904599594598775,0.0077196308242006295,0.5948404531420451,0.2822625084077333,0.9339643834923076,0.8139096483002815,0.06950821997402012,0.0031662699879652567,0.001946583352322035,0.07484298942404173,0.0042113183472659655,0.002586628058739429
19.76,0.17941509178970558,0.0076185516160041655,0.5948404531418244,0.2829613277526436,0.933996256962226,0.8139292435890642,0.07025514396866,0.003208444262526725,0.001972486699405271,0.07453996273051375,0.0042234768919839506,0.0025940042837610732
19.77,0.1797880741879544,0.007516132411262699,0.5948404531411698,0.2836676010015168,0.9340285527767053,0.8139490982763382,0.07099898231256736,0.003250738276790227,0.001998462664481798,0.07422586840594426,0.004235262870084801,0.0026011496705761945
19.78,0.18016492478274687,0.00741236944958884,0.5948404531404475,0.28438129674578316,0.9340612721142929,0.8139692130766115,0.07173962475771446,0.0032931482484407797,0.00202450890566582,0.07390080035329163,0.004246667397546486,0.0026080589094649633
19.79,0.18054562461821091,0.007307259090805596,0.5948404531399314,0.2851023824795047,0.9340944161153925,0.8139895886807776,0.07247696208762808,0.0033356703336015646,0.002050623043473972,0.07356486269034383,0.0042576845789384895,0.002614728386678161
19.8,0.1809301541465162,0.007200797816771409,0.5948404531397907,0.285830824609781,0.9341279858816718,0.8140102257557539,0.07321088612569823,0.003378300628808737,0.0020768026619022556,0.07321815927169129,0.004268308393050351,0.002621154412311459
19.81,0.1813184932338024,0.007092982233243339,0.5948404531400783,0.28656658846713295,0.9341619824754614,0.8140311249441111,0.07394128973254262,0.003421035169776855,0.0021030453076788724,0.0728607936884733,0.00427853269756832,0.0026273332232018306
19.82,0.1817106211661076,0.006983809071777536,0.594840453140717,0.28730963831586376,0.9341964069191393,0.8140522868636987,0.0746680668033736,0.0034638699302115437,0.0021293484895463107,0.07249286926825343,0.004288351233798391,0.0026332609858518365
19.830000000000002,0.18210651665529293,0.006873275191663197,0.5948404531414885,0.2880599373643901,0.9342312601945061,0.8140737121072603,0.07539111226536051,0.003506800820669389,0.0021557096775726703,0.07211448907503047,0.0042977576314338,0.0026389337993805648
19.84,0.18250615784496782,0.006761377581894545,0.594840453142019,0.288817447775549,0.9342665432421479,0.8140954012420443,0.07611032207499538,0.0035498236874658673,0.002182126302492714,0.07172575590938617,0.004306745413365336,0.0026443476985001813
19.85,0.18290952231665336,0.006648113363104724,0.5948404531418461,0.28958213067729754,0.9343022569609101,0.8141173548094767,0.07682559339278183,0.0035929343636182005,0.0022085957846581946,0.07132682254924767,0.004315322729931615,0.002649507037261923
19.86,0.18331658709790094,0.006533479789007424,0.5948404531411324,0.29035394617679305,0.9343384022083643,0.8141395733253977,0.07753682474063463,0.003636128714767546,0.0022351155601339255,0.07091776482015325,0.004323475150681192,0.0026544033185255207
19.87,0.18372732866732888,0.006417474248686605,0.5948404531403569,0.2911328533690858,0.9343749797996878,0.8141620572793964,0.0782439152151262,0.0036794024083431085,0.002261682949326253,0.07049866486465373,0.004331190081881894,0.0026590290872951713
19.88,0.1841417229592258,0.006300094269038381,0.5948404531398641,0.29191881034502776,0.9344119905063168,0.8141848071340146,0.07894676490318292,0.003722751035306421,0.0022882952262252916,0.07006962447693639,0.004338460680685206,0.0026633801580475884
19.89,0.18455974536945485,0.006181337516890539,0.5948404531398422,0.29271177420142713,0.9344494350552532,0.8142078233243243,0.07964527490835564,0.0037661701177711363,0.002314949622714965,0.06963074518769641,0.004345280021184586,0.0026674522955753236
19.900000000000002,0.18498137076137172,0.00606120180114178,0.5948404531403113,0.2935117010511984,0.9344873141283733,0.8142311062575034,0.08033934734818823,0.0038096551081973637,0.0023416433280915596,0.06918212826511451,0.004351641099422007,0.002671241218080102
19.91,0.18540657347174072,0.005939685074926204,0.5948404531411048,0.2943185460334907,0.9345256283617251,0.8142546563124081,0.08102888535159837,0.003853201388636347,0.0023683734886133815,0.06872387471600258,0.004357536838426185,0.002674742600284678
19.92,0.18583532731665184,0.005816785437797678,0.5948404531418562,0.29513226332378933,0.9345643783448238,0.8142784738391404,0.08171379305627112,0.0038968042700257047,0.0023951372070816295,0.06825608528711824,0.0043629600932807225,0.002677952076562075
19.93,0.18626760559746527,0.005692501137927852,0.594840453141992,0.2959528061440444,0.9346035646199503,0.8143025591586203,0.08239397565644171,0.003940459006083646,0.0024219315507277737,0.0677788906567054,0.004367912374651193,0.0026808702032109087
19.94,0.1867033811086275,0.005566830573803194,0.5948404531413346,0.29678012677604465,0.9346431876823929,0.8143269125626916,0.08306933996271838,0.003984160955118343,0.002448753643239016,0.06729242380678005,0.0043723958749598765,0.00268349792311137
19.95,0.18714262614476107,0.005439772296130629,0.594840453140466,0.2976141765735021,0.9346832479803144,0.8143515343140181,0.08373979336328641,0.004027905280227487,0.0024756004942179774,0.06679672616104537,0.004376386367046599,0.0026858211504623554
19.96,0.1875853125039596,0.005311325010810608,0.5948404531398596,0.298454905967484,0.9347237459127031,0.8143764246448848,0.08440524404914213,0.00407168701457578,0.002502469036304807,0.06629189746768244,0.004379876492642,0.0026878353939404306
19.97,0.1880314114934467,0.005181487581277122,0.5948404531397815,0.29930226447594943,0.9347646818285096,0.8144015837566784,0.08506560120748806,0.004115501117524365,0.002529356157098244,0.06577803722031585,0.0043828588501790946,0.0026895361371264306
19.98,0.18848089393548614,0.005050259030778825,0.594840453140275,0.3001562007137014,0.9348060560259077,0.8144270118194352,0.08572077501920085,0.0041593424742239204,0.002556258698920725,0.06525524466035296,0.00438532599998781,0.0026909188417067334
19.990000000000002,0.18893373017328768,0.004917638544674474,0.5948404531411402,0.30101666240230857,0.9348478687515501,0.8144527089713881,0.08637067665631988,0.004203205895259584,0.002583173458615434,0.06472361877952103,0.0043872704695092175,0.0026919789506854083
20.0,0.18938989007691415,0.004783625472736364,0.5948404531419179,0.3018835963800053,0.9348901201998214,0.8144786753185095,0.08701521827956472,0.004247086116348249,0.002610097187375598,0.06418325832259947,0.004388684758527821,0.002692711891606214
20.01,0.18984934304931395,0.004648219331425174,0.5948404531419113,0.3027569486117905,0.9349328105121513,0.8145049109340916,0.08765431317193005,0.00429097783681943,0.002637026612631737,0.06363431720845776,0.004389577121114979,0.0026931220516881803
20.02,0.19031205803516588,0.004511419805371508,0.5948404531411039,0.30363666420442836,0.9349759397777292,0.8145314158591215,0.08828787632244874,0.004334875886296619,0.002663958532846512,0.06307689889694847,0.004389941497855043,0.0026932056791026393
20.03,0.1907780035270021,0.004373226749620929,0.5948404531402085,0.3045226874166646,0.9350195080328617,0.8145581901018846,0.08891582303316121,0.004378774828658135,0.0026908895923036546,0.06251104556516161,0.004389754438816525,0.0026929491333704467
20.04,0.19124714756822486,0.00423364019277106,0.594840453139728,0.30541496166398013,0.9350635152587798,0.8145852336366877,0.0895380694430085,0.004422669111760945,0.002717816366264288,0.06193685500251994,0.004389008386092776,0.0026923478127506163
20.05,0.19171945775887198,0.004092660339335807,0.5948404531398924,0.3063134295281324,0.9351079613808154,0.8146125464033608,0.09015453266765029,0.004466553107865933,0.002744735383969704,0.06135442476379749,0.0043876957792444125,0.002691397115552219
20.06,0.19219490126151387,0.003950287572074385,0.5948404531406392,0.3072180327669079,0.9351528462676445,0.8146401283067954,0.09076513079713612,0.004510421113638928,0.002771643128658048,0.06076385217303706,0.004385809060594251,0.0026900924433875483
20.07,0.19267344480715426,0.0038065224543140652,0.5948404531415941,0.30812871232385736,0.9351981697305325,0.8146679792164866,0.09136978289362035,0.004554267350204951,0.002798536037613716,0.06016523432767898,0.004383340680530498,0.002688429204428911
20.080000000000002,0.19315505470112598,0.0036613657322745463,0.5948404531420506,0.3090454083380038,0.9352439315225788,0.814696098966072,0.09196840899215794,0.004598085964109478,0.0028254105027348086,0.05955867714971865,0.004380285643175171,0.002686404260976276
20.09,0.19363969683055238,0.003514818336931236,0.5948404531414386,0.30996806015627654,0.9352901313387342,0.8147244873533133,0.09256093085844773,0.004641871240871861,0.0028522629919712204,0.058944396373683705,0.004376669868004313,0.0026840320545542698
20.1,0.19412733667389942,0.003366881385247822,0.5948404531404434,0.31089660634960176,0.935336768816853,0.8147531441406645,0.09314727108554222,0.004685617352158033,0.0028790899056066756,0.05832236536374294,0.004372451300306819,0.002681288382994792
20.11,0.194617939302957,0.0032175561836059186,0.5948404531397616,0.3118309847156796,0.9353838435350162,0.8147820690537205,0.0937273526523434,0.004729318232663267,0.002905887506289139,0.05769268033313564,0.004367622469299646,0.0026781687095784965
20.12,0.19511146938770718,0.003066844230394883,0.594840453139758,0.31277113228680764,0.9354313550102791,0.8148112617804766,0.094301099498844,0.004772967742537027,0.0029326520114071257,0.05705543728751654,0.004362175937480186,0.0026746685196715205
20.13,0.19560789120221528,0.0029147472182969314,0.5948404531404451,0.3137169853394792,0.9354793026979265,0.8148407219708762,0.09486843652407707,0.00481655966774225,0.0029593795933267743,0.056410732030366846,0.00435610430593975,0.002670783323979991
20.14,0.19610716863052224,0.0027612670365573244,0.5948404531414624,0.3146684794039658,0.9355276859907337,0.8148704492363629,0.09542928958412392,0.004860087720467943,0.002986066379661568,0.055758660168624456,0.004349400219675471,0.002666508661801989
20.150000000000002,0.19660926517253502,0.0026064057732435586,0.5948404531420548,0.3156255492738761,0.9355765042182318,0.814900443149433,0.09598358549017584,0.004903545539594679,0.0030127084535744334,0.055099317118540436,0.004342056372899165,0.0026618401042760535
20.16,0.1971141439513112,0.002450165717072905,0.5948404531414779,0.3165881290181519,0.9356257566466553,0.8149307032435811,0.09653125276471443,0.004946926901299217,0.003039301973524685,0.05443295465884734,0.004334108899460957,0.0026567979176154383
20.17,0.19762176772368295,0.0022925493582099388,0.5948404531404263,0.3175561519989299,0.935675442480529,0.8149612290141723,0.09707222099824014,0.004990225541854313,0.003065843072589992,0.05375952066988215,0.004325509820708895,0.002651354563027093
20.18,0.19813209888191352,0.0021335593917188866,0.5948404531397116,0.31852955087360063,0.9357255608598857,0.8149920199168353,0.09760641990854661,0.005033434898028137,0.0030923277109544357,0.05307910580560453,0.004316250838678137,0.0026455050606672163
20.19,0.1986450994579783,0.0019731987202251666,0.5948404531397459,0.3195082576014672,0.935776110858768,0.8150230753665841,0.09813378016031765,0.005076548335369538,0.003118751805711877,0.05239180472549931,0.0043063248816190705,0.002639245132441548
20.2,0.1991607311294497,0.0018114704560824313,0.5948404531405218,0.32049220345320845,0.935827091484522,0.8150543947373907,0.09865423336400844,0.0051195591490764735,0.003145111231408388,0.05169771192573887,0.004295724951995817,0.002632570547431935
20.21,0.19967895522538445,0.0016483779235166307,0.5948404531415885,0.32148131902033117,0.9358785016770971,0.8150859773617617,0.0991677120742502,0.005162460564764615,0.0031714018205301667,0.050996921746360516,0.004284444131745533,0.0026254771251047106
20.22,0.20019973273221428,0.0014839246607432077,0.5948404531420338,0.32247553422461145,0.935930340308357,0.815117822530322,0.09967414980834334,0.005205245744767031,0.0031976193671366233,0.050289555472654575,0.004272483002446531,0.0026179649520000313
20.23,0.20072302430223823,0.001318114421261951,0.594840453141244,0.3234747783321143,0.9359826061826546,0.815149929492117,0.10017348216245645,0.005247908094878668,0.003223759801221829,0.049575839198830636,0.004259870957742638,0.0026100504926208114
20.240000000000002,0.20124879026376638,0.0011509511746018997,0.5948404531401608,0.32447897997012026,0.9360352980382174,0.8151822974553761,0.10066564522562826,0.00529044083161113,0.0032498189428669384,0.04885571291309619,0.0042465592231050045,0.0026017057986843463
20.25,0.20177699062148613,0.0009824391100226593,0.594840453139595,0.3254880671267814,0.9360884145438167,0.8152149255855966,0.10115057536638705,0.0053328369251272895,0.003275792469872843,0.048129270323880514,0.004232541227892991,0.0025929269101272203
20.26,0.20230758506128288,0.0008125826388460378,0.5948404531398856,0.32650196715861934,0.9361419542975996,0.8152478130048574,0.10162820988972711,0.0053750892803997,0.003301676020764334,0.04739660501725197,0.004217810505536332,0.002583709932311686
20.27,0.20284053295612078,0.000641386396430077,0.5948404531408757,0.32752060679988165,0.9361959158264404,0.8152809587914288,0.10209848703592635,0.0054171907382770425,0.00332746519546001,0.04665781046541758,0.0042023606987011955,0.0025740510391665016
20.28,0.20337579337192804,0.00046885524411310886,0.5948404531418918,0.3285439121718919,0.9362502975853066,0.8153143619793901,0.10256134597945224,0.005459134076602337,0.0033531555559736547,0.045912980035427584,0.00418618556443437,0.0025639464763126925
20.29,0.203913325073788,0.00029499427102319675,0.5948404531418132,0.3295718087929319,0.9363050979567824,0.8153480215583387,0.10301672713264075,0.005500912093766438,0.0033787426739524933,0.04516232001250454,0.0041693095371634235,0.002553409925362465
20.3,0.20445308653749447,0.00011980879416839674,0.5948404531407231,0.33060422159760644,0.9363603152531683,0.8153819364745633,0.10346457311737874,0.005542517872908745,0.0034042222808505643,0.04440591064383445,0.00415172312014513,0.0025424357973388425
20.31,0.20499503595501012,-5.6695639629344985e-05,0.5948404531397599,0.33164107494541795,0.9364159477156834,0.8154161056305701,0.1039048261746436,0.005583944082979214,0.003429589870905319,0.043643750010557654,0.004133394750530523,0.0025310059739029733
20.32,0.20553913123526385,-0.00023451325035861448,0.5948404531395864,0.3326822926210779,0.9364719935114425,0.815450527883348,0.10433742925645077,0.005625183275508451,0.003454840869818893,0.042875931033425456,0.004114318662254695,0.0025191170004232894
20.330000000000002,0.20608533000984058,-0.00041363802300387054,0.5948404531403149,0.3337277978434622,0.9365284507327899,0.8154852020439717,0.10476232624369479,0.005666227945053561,0.0034799706691757575,0.0421025465692462,0.0040944892275265946,0.0025067655085087267
20.34,0.20663358963886308,-0.0005940637058315934,0.5948404531414845,0.33477751327489735,0.9365853173967362,0.8155201268772644,0.10517946194555979,0.005707070530605934,0.003504974627320279,0.04132368942083785,0.004073900961825666,0.0024939482190333632
20.35,0.20718386721687868,-0.0007757838087205648,0.5948404531420406,0.33583136103044764,0.9366425914444122,0.8155553011014717,0.10558878211343559,0.0057477034208990785,0.0035298480724512194,0.040539478256731744,0.004052555454250281,0.0024806658784876927
20.36,0.20773611958174265,-0.0009587916024977883,0.5948404531411853,0.3368892626925139,0.9367002707419574,0.8155907233887504,0.10599023481629405,0.005788119323644551,0.00355458651241502,0.039750189662296605,0.004030496665718014,0.0024669433071607366
20.37,0.20829030332624335,-0.0011430801192272577,0.5948404531400178,0.33795113933029974,0.9367583530827268,0.815626392366407,0.1063837686078853,0.0058283107772723105,0.0035791853574768185,0.03895571142840926,0.00400766480023146,0.0024527464038939543
20.38,0.20884637479703344,-0.0013286421484741684,0.5948404531394924,0.3390169114967523,0.9368168361834931,0.8156623066147268,0.10676933205454446,0.005868270026370155,0.0036036398496601257,0.03815613609898757,0.003984054956583907,0.0024380722542380467
20.39,0.20940429009898415,-0.00151547023533527,0.5948404531399527,0.3400864992351105,0.9368757176832323,0.8156984646662716,0.10714687464800349,0.005907989267341567,0.0036279452023578484,0.0373515562112414,0.003959662399915128,0.002422918047001326
20.400000000000002,0.2099640051010658,-0.001703556679000462,0.5948404531411109,0.34115982208815626,0.9369349951426509,0.815734865005598,0.10751634680537854,0.005947460650093144,0.0036520966013793097,0.036542064306768055,0.003934482566512821,0.0024072810771441047
20.41,0.21052547544223235,-0.0018928935313688444,0.5948404531420285,0.3422367991074702,0.9369946660437287,0.8157715060689874,0.1078776998692709,0.005986676279769959,0.003676089206026164,0.035727752942802456,0.003908511068571804,0.0023911587486456724
20.42,0.21108865653867773,-0.002083472596166591,0.5948404531414864,0.3433173488651261,0.9370547277899256,0.8158083862445522,0.10823088699302062,0.006025628452494627,0.003699918283046255,0.03490892916112109,0.0038818003897245577,0.0023745807685746512
20.43,0.21165350359769625,-0.002275285430303531,0.5948404531402391,0.3444013894771386,0.9371151777095114,0.8158455038741178,0.10857586305836392,0.006064309635343125,0.0037235791953568386,0.034085519993794736,0.003854302734943222,0.002357519911358727
20.44,0.2122199716182874,-0.002468323340958034,0.5948404531394803,0.34548883860334084,0.9371760130526824,0.8158828572515759,0.10891258226880882,0.006102711831923953,0.0037470670418912394,0.033257573602064563,0.0038260025057409385,0.0023399672434681806
20.45,0.21278801539323092,-0.0026625773831666644,0.594840453139738,0.3465796134498639,0.937237230989385,0.815920444621642,0.10924099971483155,0.006140826997903762,0.003770376893647128,0.032425182540549095,0.003796896016876426,0.0023219206059287272
20.46,0.21335758951496092,-0.0028580383587113456,0.59484045314085,0.34767363077837427,0.9372988286089416,0.8159582641796351,0.10956107141279128,0.006178647053081858,0.0037935038006411807,0.03158843943319633,0.003766979780867484,0.002303377961962999
20.47,0.21392864838145115,-0.0030546968150660936,0.5948404531419471,0.348770806915333,0.9373608029197007,0.8159963140712753,0.10987275430568383,0.0062161638833902605,0.0038164427931445238,0.0307474369854877,0.0037362505124946127,0.0022843373996908572
20.48,0.2145011462028679,-0.003252543044662104,0.5948404531416479,0.349871057762627,0.9374231508490651,0.8160345923926926,0.11017600688058862,0.006253369504203717,0.0038391889744994016,0.029902454850232192,0.0037047540051576176,0.0022648248806326323
20.490000000000002,0.21507503701577194,-0.0034515670867616977,0.5948404531403716,0.3509742988216752,0.9374858692470619,0.8160730971924521,0.11047078999879194,0.006290256279287704,0.0038617376455243346,0.02905349825992839,0.0036724644603747395,0.002244825732101073
20.5,0.2156502746860256,-0.0036517587256353345,0.5948404531394749,0.35208044519740944,0.9375489548846658,0.8161118264705987,0.11075706358993564,0.006326816057984615,0.003884083814776649,0.02820056491843282,0.0036393542949015433,0.0022243242786286364
20.51,0.21622681290891005,-0.003853107487835683,0.5948404531396152,0.3531894115972707,0.9376124044508402,0.8161507781769757,0.11103478835112948,0.006363040621468723,0.003906222452008279,0.02734374777228045,0.0036054210217539824,0.002203319103143074
20.52,0.21680460521491185,-0.004055602641420353,0.5948404531407038,0.35430111234031947,0.9376762145522383,0.8161899502110544,0.11130392590963703,0.006398921727155058,0.003928148513484488,0.02648313990793553,0.0035706623767824894,0.00218180892580878
20.53,0.21738360497561712,-0.004259233195279377,0.5948404531418906,0.355415461366547,0.9377403817129791,0.816229340421808,0.11156443882434026,0.0064344511109488715,0.0039498569433688326,0.025618834564734662,0.0035350763228660102,0.002159792606528188
20.54,0.21796376541018436,-0.004463987898725763,0.5948404531417085,0.3565323722472292,0.9378049023747091,0.8162689466077475,0.11181629111454686,0.006469620626038758,0.003971342752602311,0.024751104709638774,0.003498707544805574,0.002137295532435366
20.55,0.21854503959976532,-0.004669855243896459,0.5948404531404063,0.357651758209512,0.9378697729003698,0.8163087665190634,0.11205944948647069,0.006504422562333235,0.003992601200304764,0.02387999295929346,0.0034615412757284156,0.002114309361012559
20.56,0.21912738049164887,-0.004876823464731617,0.5948404531394431,0.3587735321426446,0.9379349895732304,0.8163487978570801,0.1122938795954188,0.006538848680586379,0.004013627245721267,0.02300546772148195,0.0034235437246402387,0.002090814964160597
20.57,0.21971074089818993,-0.005084880534203529,0.5948404531395489,0.3598976065948851,0.9380005485935267,0.816389038272353,0.11251954777506899,0.006572890662026714,0.004034415803514117,0.02212762274142195,0.0033847137419570662,0.002066811750186963
20.580000000000002,0.22029507350250743,-0.005294014163918281,0.5948404531406554,0.3610238937825181,0.9380664460782523,0.816429485364557,0.11273642129761519,0.00660654017761412,0.0040549617831822544,0.021246551979332944,0.0033450504241810983,0.0020422992784980753
20.59,0.22088033086438674,-0.005504211803862846,0.5948404531418833,0.3621523055992519,0.9381326780610705,0.8164701366824426,0.11294446837598426,0.006639788890519897,0.004075260090583653,0.020362349623873562,0.0033045531177288224,0.002017277261868495
20.6,0.2214664654267986,-0.005715460642437387,0.5948404531416966,0.3632827536267374,0.9381992404925288,0.816510989723967,0.1131436587283133,0.006672628602767945,0.004095305711264971,0.019475301933637224,0.003263270605439834,0.0019917734781388953
20.61,0.22205342953089027,-0.005927747609552225,0.5948404531403539,0.36441514916030154,0.9382661292441973,0.8165520419386509,0.1133339648938775,0.006705051594542918,0.004115093903123805,0.018585449101714124,0.003221188773331623,0.0019657800251580157
20.62,0.22264117542001838,-0.006141059375993796,0.59484045313938,0.3655494032150673,0.9383333401077948,0.816593290727095,0.11351535822676151,0.006737049598927887,0.004134619614726316,0.01769275120325016,0.0031782731580058013,0.0019392774650166234
20.63,0.22322965523818233,-0.006355382350869632,0.5948404531395226,0.36668542652203534,0.9384008687917624,0.8166347334390452,0.1136878107509419,0.006768614279449007,0.004153877756415487,0.016797303214393013,0.003134524075379795,0.001912266107733616
20.64,0.22381882103572015,-0.006570702681655272,0.5948404531406852,0.36782312953720175,0.9384687109211968,0.8166763673733703,0.11385129544161142,0.006799737304124827,0.00417286324245085,0.015899200404408887,0.0030899421085793695,0.0018847464269306042
20.650000000000002,0.2244086247752191,-0.00678700625439671,0.594840453141917,0.36896242245108124,0.9385368620379084,0.8167181897781075,0.11400578622817753,0.006830410348155375,0.004191570992654509,0.014998538349327331,0.0030445281113419044,0.0018567190618344102
20.66,0.2249990183382682,-0.007004278694290822,0.5948404531416268,0.37010321519976475,0.9386053176008871,0.8167601978507424,0.11415125870227462,0.006860625275690855,0.004209996035643957,0.014095634202715245,0.002998339412960705,0.001828216700595327
20.67,0.22558995354134354,-0.007222505369639642,0.5948404531402346,0.3712454174924329,0.9386740729909683,0.8168023887408733,0.11428769125533765,0.006890374430711605,0.004228133673960847,0.013190490210454339,0.0029513535452256106,0.0017992267770421855
20.68,0.22618138213851435,-0.007441671391203608,0.5948404531392959,0.3723889388152135,0.9387431235095086,0.8168447595494773,0.11441506094316672,0.00691964958850652,0.0042459788894011,0.012283077235051952,0.0029035402602650717,0.0017697323241386792
20.69,0.226773255820015,-0.007661761610110507,0.5948404531395306,0.37353368842761503,0.9388124643751955,0.81688730732712,0.11453334555890869,0.006948442484150401,0.004263526642926189,0.011373491933087565,0.002854901454883798,0.0017397346218253373
20.7,0.22736552621801248,-0.007882760618410034,0.5948404531407737,0.3746795753719152,0.9388820907241667,0.8169300290740432,0.1146425238641277,0.0069767448731129795,0.00428077190916832,0.010461831333769272,0.0028054393117649245,0.001709235124601824
20.71,0.22795814491253355,-0.008104652749767571,0.594840453141971,0.37582650848286664,0.9389519976102285,0.8169729217403108,0.11474257559259968,0.007004548534132435,0.00429770967818462,0.009548192852457291,0.00275515630238726,0.001678235463227156
20.72,0.22855106343866827,-0.008327422080709301,0.5948404531415094,0.3769743963997305,0.9390221800056805,0.8170159822262992,0.11483348240716598,0.0070318455120012575,0.004314335093286509,0.008632938114597736,0.002704121599951427,0.001646775113198055
20.73,0.22914423330339173,-0.008551052435497808,0.594840453140072,0.3781231475956942,0.9390926328065348,0.8170592073856822,0.11491522855840995,0.007058628285284787,0.004330643546292378,0.007716003484454598,0.0026522975152968925,0.0016148329517844296
20.740000000000002,0.22973760598610413,-0.008775527385172566,0.5948404531392065,0.37927267037798407,0.9391633508303775,0.8171025940242425,0.11498779686800184,0.007084888757092463,0.0043466301052333765,0.006797386212937207,0.0025996618761960403,0.0015823966698011525
20.75,0.2303311329378997,-0.009000830246161107,0.5948404531395681,0.38042287288569593,0.9392343288136745,0.8171461388983713,0.11505117100312795,0.007110618829522339,0.004362289840295746,0.005877185094264501,0.002546218261244887,0.001549468576148487
20.76,0.23092476558743102,-0.00922694408138014,0.5948404531408977,0.38157366309954577,0.9393055614120969,0.81718983871528,0.11510533562116454,0.007135810441965249,0.004377617845672452,0.004955499374322947,0.002491970550798814,0.0015160511634991418
20.77,0.2315184553468503,-0.00945385170144819,0.5948404531420212,0.38272494885179176,0.9393770432009082,0.8172336901332495,0.11515027637425915,0.007160455574134236,0.004392609241407717,0.0040324287637295494,0.002436922929342337,0.0014821471096607933
20.78,0.2321121536197261,-0.009681535666729857,0.594840453141359,0.3838766378397664,0.9394487686762718,0.8172776897624019,0.11518598120840427,0.007184546572164829,0.004407259358428328,0.003108387351936709,0.0023811582314209557,0.0014478037010505875
20.79,0.23270581181846392,-0.009909978293052013,0.5948404531398925,0.3850286376566409,0.9395207322608778,0.817321834167923,0.11521244023216155,0.007208076117717917,0.004421563721151515,0.0021832284096780447,0.0023246195082271045,0.0014129889772871692
20.8,0.2332993813624133,-0.010139161650320472,0.5948404531391239,0.386180855787328,0.9395929283008876,0.8173661198683619,0.11522964216517254,0.007231036343452869,0.004435517546070509,0.0012569860569987428,0.002267295132502864,0.0013776966887876416
20.81,0.23389281367820777,-0.010369067562011891,0.5948404531396243,0.3873331996084368,0.9396653510639079,0.8174105433345181,0.11523757667982819,0.0072534194193076985,0.0044491160743124255,0.0003297616799392243,0.002209190449180392,0.0013419302222039394
20.82,0.2344860602057009,-0.010599677606835667,0.5948404531410306,0.38848557639837933,0.9397379947395176,0.817455100989775,0.11523623446501081,0.007275217570240793,0.004462354581825284,-0.0005983428072365727,0.002150311117697207,0.0013056931552316447
20.830000000000002,0.23507907240392456,-0.010830973120495135,0.5948404531420496,0.38963789334756055,0.9398108534398333,0.817499789210457,0.11522560723143742,0.007296423079384796,0.00447522838129342,-0.0015272249498088893,0.002090663113756583,0.0012689892575993903
20.84,0.23567180175993535,-0.011062935198645873,0.5948404531411976,0.39079005757384605,0.9398839212013995,0.8175446043269401,0.11520568940724242,0.007317028709563414,0.004487733061221763,-0.002456417145841639,0.002030342977148252,0.0012318736523411363
20.85,0.2362641998062397,-0.011295544703259053,0.5948404531397208,0.3919419761536485,0.9399571919909632,0.8175895426269644,0.11517647699067148,0.0073370274211094245,0.004499864326094714,-0.003386152953061848,0.0019692738731432436,0.0011943031895797244
20.86,0.23685621811680707,-0.011528782260928128,0.5948404531390534,0.3930935561142495,0.9400306597016699,0.8176346003535193,0.11513796478582568,0.007356411689433931,0.0045116176096347185,-0.004316357447312736,0.0019074555021856045,0.0011562781197441436
20.87,0.23744780830855847,-0.01176262826330543,0.5948404531396805,0.39424470443607024,0.9401043181517427,0.8176797737041352,0.11509014862742627,0.007375174057485724,0.0045229883881169825,-0.005246926211262506,0.0018448950417957472,0.0011178029446630335
20.88,0.2380389220473359,-0.011997062869333941,0.5948404531411449,0.3953953280631086,0.940178161085198,0.8177250588313337,0.11503302539735852,0.0073933071416066,0.004533972183815305,-0.006177754227414522,0.0017815999932617155,0.001078882362338652
20.89,0.23862951105388264,-0.012232066007577203,0.5948404531420542,0.3965453339134445,0.9402521821725961,0.8177704518430975,0.1149665930310108,0.0074108036348436365,0.0045445645670059215,-0.007108731104061216,0.0017175793523764404,0.0010395219304700307
20.900000000000002,0.2392195271136583,-0.012467617380141294,0.5948404531410553,0.39769462889676876,0.9403263750135357,0.8178159488043296,0.11489085258776417,0.007427656817134197,0.004554761445260217,-0.008039356973072762,0.0016529379308859796,0.0009997815266546695
20.91,0.23980892209374058,-0.012703696469497039,0.5948404531395778,0.3988431199448689,0.940400733142345,0.8178615457401267,0.11480580608091386,0.007443860024127114,0.004564558762504742,-0.008969926011229317,0.0015875857200590958,0.0009596106191725817
20.92,0.2403976479374838,-0.012940282536745618,0.5948404531389903,0.39999071400173486,0.9404752500238757,0.8179072386334435,0.11471145461425432,0.007459406191292355,0.00457395224075335,-0.00990033101305687,0.00152153144728647,0.0009190146512223253
20.93,0.24098565666691912,-0.013177354622942727,0.5948404531397098,0.4011373180277647,0.9405499190527757,0.8179530234247302,0.1146078003669032,0.007474288343016755,0.004582937657445327,-0.010830464117567409,0.0014547841686612048,0.0008779992647460099
20.94,0.24157290038874668,-0.013414891551911001,0.5948404531412124,0.4022828390105531,0.9406247335543959,0.8179988960124969,0.11449484659990661,0.007488499595893765,0.00459151084743409,-0.011760216798492044,0.0013873532694780573,0.0008365703006530486
20.95,0.24215933130033251,-0.013652871933150568,0.5948404531420473,0.40342718397574284,0.9406996867857271,0.8180448522538976,0.11437259767103851,0.007502033163991202,0.004599667706096016,-0.012689454042531242,0.0013192547553007648,0.0007947373633717961
20.96,0.2427449017002123,-0.013891274166642098,0.5948404531409646,0.4045702600061518,0.9407747719383733,0.8180908879664673,0.11424106131735356,0.007514882916772347,0.004607404505580522,-0.013617708214813739,0.0012505858578413147,0.0007525560936216373
20.97,0.2433295640044313,-0.014130076450112772,0.5948404531394811,0.405711974271623,0.9408499821441513,0.8181369989313514,0.11410024586044912,0.00752704269961309,0.004614717509927305,-0.014545256251573881,0.0011812625109263735,0.0007099794181808323
20.98,0.24391327074058572,-0.01436925677754336,0.5948404531389254,0.4068522340182782,0.9409253104708151,0.8181831808909372,0.11395015891590654,0.007538506020881502,0.004621602797882742,-0.015471987189232593,0.0011112953422252594,0.0006670139309708816
20.990000000000002,0.24449597455072014,-0.014608792941241011,0.5948404531396814,0.40799094657395407,0.9410007499217389,0.8182294295487323,0.11379080921250471,0.007549266496876313,0.004628056515130024,-0.016397789350716466,0.001040695310157698,0.0006236664253939679
21.0,0.24507762819733922,-0.014848662535238422,0.5948404531412066,0.4091280193593706,0.941076293437014,0.8182757405700449,0.11362220659939327,0.007559317855133086,0.00463407487628277,-0.017322550337581438,0.0009694737036219587,0.0005799438940924754
21.01,0.24565818456942506,-0.015088842958795756,0.5948404531420478,0.4102633598993742,0.9411519338945767,0.8183221095826817,0.11344436206116905,0.007568653939620141,0.004639654167948388,-0.018246131547083204,0.0008976483048465371,0.0005358570203324826
21.02,0.24623759669296225,-0.01532931142182875,0.5948404531409602,0.4113968758424828,0.9412276641133634,0.8183685321787969,0.11325729001338249,0.007577269267615544,0.004644791064337409,-0.019168057967081452,0.0008253184349401171,0.0004914626938798269
21.03,0.24681581774734218,-0.015570044952868012,0.5948404531394518,0.41252847499127426,0.9413034768591021,0.818415003918235,0.11306100549356228,0.007585158351635808,0.004649482243229775,-0.020088606841503896,0.0007524015710687558,0.000446714795169777
21.04,0.24739280105933487,-0.015811020398023845,0.5948404531388523,0.4136580652918193,0.9413793648402103,0.8184615203262705,0.11285552285179332,0.007592315384127198,0.004653724207457983,-0.021007663118242925,0.0006789102452312032,0.00040162106820050233
21.05,0.24796850010597665,-0.016052214423612432,0.5948404531395667,0.414785554839456,0.9414553207076631,0.8185080768935972,0.11264085759248015,0.007598734684498772,0.004657513538282883,-0.02192511098455708,0.0006048573178097567,0.000356189454524136
21.06,0.24854286852059776,-0.016293603520145028,0.594840453141095,0.4159108518903683,0.9415313370562771,0.8185546690771213,0.11241702638198135,0.007604410702400811,0.004660846897365584,-0.022840833861432364,0.0005302559764808717,0.0003104280925165122
21.07,0.24911586009885966,-0.016535164006419745,0.594840453142055,0.41703386487324745,0.9416074064260315,0.818601292300776,0.11218404705629839,0.007609338020991729,0.0046637210287317,-0.02375471439839702,0.0004551197349755348,0.0002643453165574103
21.080000000000002,0.24968742880841457,-0.016776872035208668,0.594840453141075,0.41815450240766605,0.9416835213050126,0.8186479419572589,0.11194194064263721,0.007613511843994533,0.0046661330347394295,-0.024666227964853373,0.0003795600906234737,0.00021800496744854504
21.09,0.2502575288062101,-0.01701870360224733,0.5948404531395207,0.4192726733365618,0.9417596741357658,0.8186946134116962,0.111690729406871,0.00761692752798649,0.00466808011129285,-0.025575663778278284,0.00030349315665428953,0.00017136023691273526
21.1,0.2508261144331924,-0.01726063454598964,0.594840453138781,0.42038828671734896,0.9418358573117174,0.8187413019996894,0.11143043467468254,0.007619580060291156,0.004669559252244575,-0.02648290728192457,0.000226932182457932,0.00012441934287212584
21.11,0.2513931402164298,-0.017502640550471904,0.594840453139347,0.4215012518266781,0.9419120631768927,0.8187880030272242,0.11116107896951825,0.007621464573919742,0.004670567541153246,-0.0273878382732939,0.00014989190413323104,7.719135610175908e-05
21.12,0.25195856087516083,-0.017744697149887856,0.5948404531408364,0.4226114781724593,0.9419882840273897,0.8188347117715793,0.11088268602083681,0.007622576350843071,0.004671102153244197,-0.028290335751948843,7.238737716069865e-05,2.96855389486123e-05
21.13,0.2525223313268454,-0.017986779733260072,0.5948404531420197,0.42371887550595877,0.9420645121128837,0.8188814234822518,0.11059528077210255,0.007622910825175012,0.00467116035731859,-0.029190277916926844,-5.5660256966512216e-06,-1.808865600049208e-05
21.14,0.25308440669527626,-0.018228863550076913,0.5948404531413324,0.42482335383776,0.9421407396390663,0.8189281333824128,0.11029889076577898,0.0076224639149145065,0.004670739703714767,-0.030087207945650427,-8.387286394110315e-05,-6.60764255824009e-05
21.150000000000002,0.2536447423286261,-0.01847092372024517,0.5948404531397422,0.4259248234720854,0.94221695877448,0.8189748366728535,0.1099935459903641,0.007621231986665166,0.00466983800443341,-0.030981271221696575,-0.00016258127725409834,-0.00011430426186164518
21.16,0.25420329379704787,-0.018712935235548622,0.5948404531387589,0.42702319500360136,0.9422931616484093,0.8190215285308684,0.10967927506665524,0.0076192109467796915,0.004668452818579612,-0.03187241687754328,-0.00024169245717453255,-0.0001627720613462736
21.17,0.25476001689273187,-0.018954872962180513,0.5948404531390347,0.4281183793187829,0.9423693403498745,0.819068204109762,0.10935610779401951,0.007616396850126056,0.004666581797190768,-0.032760520144350644,-0.0003211898455626771,-0.0002114696594334672
21.18,0.2553148676359464,-0.019196711645877662,0.5948404531403859,0.42921028760834906,0.9424454869292769,0.8191148585398609,0.10902407522358568,0.007612785918688696,0.004664222693868672,-0.033645455438749965,-0.00040105657775230596,-0.00026038670814966655
21.19,0.25586780228110617,-0.019438425917159663,0.5948404531418233,0.4302988313798244,0.9425215934000869,0.8191614869295478,0.10868320966638748,0.007608374544618982,0.004661373366604011,-0.034527096363134384,-0.000481275485535003,-0.0003095126780081282
21.2,0.2564187773234054,-0.01967999029690387,0.5948404531417106,0.43138392247121315,0.9425976517408047,0.8192080843664542,0.10833354527915036,0.007603159430206281,0.0046580318571152,-0.03540510141689983,-0.0005617782955656286,-0.00035880809743575387
21.21,0.25696774951513596,-0.01992137920618814,0.5948404531401905,0.43246547308262684,0.9426736539011907,0.8192546459210687,0.10797511986956455,0.007597138016941044,0.004654196633851623,-0.036279379667374594,-0.0006425560356923244,-0.0004082670582372457
21.22,0.257514675870428,-0.020162566971298923,0.5948404531388923,0.43354339578665185,0.9427495918034646,0.8193011666474981,0.10760796991721318,0.007590307306084657,0.004649865924364977,-0.037149988467502615,-0.0007236347884077912,-0.00045790348886649347
21.23,0.25805951366170765,-0.020403527825226697,0.594840453138707,0.4346176035234874,0.9428254573399037,0.8193476415821933,0.10723213276303627,0.0075826643787582255,0.0046450380098420905,-0.038016798393946005,-0.0008049962559018129,-0.0005077061834179619
21.240000000000002,0.25860222042541536,-0.02064423591320108,0.5948404531397328,0.43568800961322585,0.942901242374516,0.8193940657449792,0.10684764704628208,0.007574206500507004,0.004639711284391504,-0.03887967920893277,-0.0008866218517871059,-0.00055766376384278
21.25,0.25914275396808545,-0.020884665298471994,0.5948404531413065,0.43675452776887735,0.9429769387448992,0.8194404341401942,0.10645455271263558,0.007564931124166943,0.004633884256753087,-0.039738499863627194,-0.0009684927049791086,-0.0006077646823358812
21.26,0.25968107237243565,-0.0211247899681819,0.5948404531420359,0.4378170721094842,0.9430525382641295,0.8194867417578452,0.10605289104522402,0.007554835898090796,0.004627555555039288,-0.04059308643533742,-0.0010505797522518722,-0.0006579916137574005
21.27,0.26021713400814683,-0.021364583841379015,0.5948404531409145,0.4388755571819918,0.9431280327247237,0.8195329835759377,0.10564270691412762,0.007543919197051749,0.004620724227318366,-0.04144300954838939,-0.0011327936548922606,-0.0007082931078486615
21.28,0.2607508975466375,-0.021604020778913213,0.5948404531393529,0.43992989799061294,0.9432034139043748,0.8195791545638109,0.10522404568147983,0.007532179393901756,0.00461338932944244,-0.042288484467574716,-0.0012151968758847159,-0.000758703628544189
21.29,0.2612823219556862,-0.021843074584585787,0.5948404531385563,0.4409800099889722,0.9432786735629265,0.819625249680514,0.10479695249889419,0.007519614694861807,0.004605549831898281,-0.043129377124790404,-0.0012977694897013075,-0.0008092109987373286
21.3,0.261811366503041,-0.02208171901027156,0.5948404531389833,0.4420258090889284,0.9433538034432858,0.8196712638754129,0.10436147386265114,0.007506223506739317,0.004597204827735376,-0.043965552655547635,-0.0013804913053522185,-0.0008598028834610964
21.31,0.26233799076250724,-0.022319927762206426,0.5948404531403778,0.44306721167405816,0.9434287952734416,0.8197171920894233,0.10391765762163191,0.007492004439559155,0.0045883535341301185,-0.04479687540556219,-0.0014633418711559247,-0.0009104667927999569
21.32,0.26286215462004336,-0.02255767450735774,0.5948404531418026,0.4441041346132241,0.9435036407685097,0.8197630292562594,0.10346555298517952,0.007476956309146017,0.004578995293920337,-0.04562320893790591,-0.0015463004796594385,-0.0009611900848897864
21.330000000000002,0.2633838182802692,-0.022794932880058905,0.5948404531417659,0.44513649527498744,0.9435783316329847,0.819808770303801,0.10300521099163161,0.007461078247567076,0.004569129638175539,-0.04644423271544422,-0.0016293032364087397,-0.0010119356714435907
21.34,0.2639029422815542,-0.02303167649256399,0.5948404531403022,0.4461642115580224,0.9436528595667448,0.8198544101575841,0.10253668630293333,0.007444370124120602,0.004558756524502289,-0.047259817887591864,-0.0017123310756009817,-0.0010626918258471263
21.35,0.26441948750171573,-0.023267878941533926,0.5948404531389065,0.44718720190420413,0.9437272162670056,0.819899943742001,0.10206003260799136,0.007426831469406533,0.004547875728244529,-0.04807001080095873,-0.0017954059014430803,-0.0011134699997861338
21.36,0.26493341515491353,-0.023503513810629317,0.5948404531384663,0.4482053852954018,0.9438013934264652,0.8199453659793446,0.10157530452555084,0.007408461921605475,0.004536487095096239,-0.04887467209833256,-0.0018785060654454198,-0.0011642569922520288
21.37,0.26544468679733757,-0.023738554677080304,0.5948404531392025,0.4492186812666544,0.9438753827352891,0.8199906717910266,0.10108255807168517,0.007389261336545504,0.0045245906034499924,-0.04967366167287027,-0.0019616096875533402,-0.0012150394651102
21.38,0.26595326433330524,-0.023972975118509376,0.5948404531407018,0.45022700992017683,0.9439491758832996,0.8200358560989118,0.10058185066724201,0.007369229789989084,0.004512186365750795,-0.05046683867852745,-0.002044694661926874,-0.0012658039466043188
21.39,0.2664591100213652,-0.024206748719829696,0.5948404531419507,0.4512302919394492,0.9440227645621855,0.8200809138266656,0.10007324114517907,0.007348367579861358,0.004499274629814393,-0.051254061541039814,-0.002127738662860804,-0.001316536834942819
21.400000000000002,0.2669621864813452,-0.024439849080641396,0.5948404531415836,0.452228448605135,0.9440961404681447,0.8201258399013459,0.09955679053947177,0.007326675410444371,0.0044858558830965884,-0.052034957475641457,-0.0022106654770747674,-0.0013671940342136247
21.41,0.26746245671004,-0.024672249826644232,0.5948404531400666,0.4532214018271686,0.9441692953082987,0.820170629257129,0.09903256293742331,0.007304154591301851,0.004471930965294457,-0.05280951299892889,-0.0022934825162017874,-0.0014177787569752828
21.42,0.26795988408297267,-0.024903924614816053,0.59484045313875,0.4542090741509985,0.9442422208010885,0.8202152768356334,0.09850062151788551,0.007280806115140773,0.004457500546665642,-0.05357769698147017,-0.0023761930426110136,-0.001468291863287129
21.43,0.2684544323537692,-0.02513484713753189,0.5948404531383849,0.4551913887594282,0.9443149086756543,0.8202597775856655,0.09796103071717174,0.007256631162559517,0.004442565413654608,-0.05433936512814716,-0.002458773929693658,-0.0015187192780852518
21.44,0.2689460656601571,-0.025364991129737613,0.5948404531391349,0.4561682694868519,0.9443873506741016,0.8203041264646019,0.09741385641794076,0.007231631146382463,0.004427126494021849,-0.05509437246727384,-0.0025412018599668645,-0.0015690468138966442
21.45,0.26943474853006805,-0.025594330376238095,0.5948404531406084,0.4571396408337488,0.9444595385538335,0.8203483184398085,0.0968591659558931,0.007205807713535302,0.004411184857947812,-0.05584257336479159,-0.002623453331794405,-0.001619260174893456
21.46,0.26992044588774294,-0.02582283871904173,0.5948404531418926,0.45810542798124865,0.9445314640899,0.8203923484900689,0.09629702812631907,0.007179162746852282,0.004394741719095766,-0.056583821538985134,-0.002705504666233018,-0.0016693449610205029
21.47,0.27040312306039016,-0.02605049006502136,0.5948404531417095,0.4590655568067933,0.944603119077606,0.8204362116071612,0.09572751372342293,0.007151698490229176,0.004377798505443976,-0.057317787627511656,-0.002787289762354127,-0.0017192627720962114
21.48,0.27088274579254323,-0.026277258397209236,0.5948404531402804,0.46001995391425593,0.9446744953384691,0.8204799027993279,0.09515069676933412,0.007123417833461865,0.004360357020443138,-0.05804438499985905,-0.0028687987110268508,-0.0017690069900168502
21.490000000000002,0.27135928025003797,-0.026503117781369268,0.5948404531388786,0.4609685466447457,0.9447455847217058,0.8205234170922187,0.0945666506343798,0.007094323413959458,0.004342418934923634,-0.05876359906606235,-0.0029500382694022586,-0.0018185804209851146
21.5,0.27183269301897806,-0.026728042370268545,0.5948404531382772,0.46191126307809527,0.9448163791035633,0.8205667495286136,0.09397544989464024,0.0070644180470725015,0.004323986030545538,-0.059475281124805324,-0.003030984123377031,-0.0018679682925224052
21.51,0.2723029511116314,-0.026952006411189944,0.5948404531387343,0.4628480320473431,0.9448868703896596,0.8206098951698495,0.09337717061611005,0.007033704792018067,0.0043050602371174475,-0.06017928189699913,-0.00311161181496518,-0.0019171557481332104
21.52,0.2727700219725334,-0.027174984253589163,0.5948404531400284,0.46377878315366,0.9449570505174305,0.8206528490973052,0.09277189036039203,0.007002186953281206,0.0042856436334142,-0.0608754515435215,-0.0031918967498560753,-0.001966127851846337
21.53,0.27323387348459094,-0.027396950356796013,0.5948404531414871,0.46470344678133535,0.945026911458589,0.8206956064138952,0.09215968819020356,0.006969868081939743,0.004265738447948526,-0.06156363968341726,-0.003271814205077877,-0.0020148695928173064
21.54,0.273694473975192,-0.027617879297764603,0.5948404531420243,0.46562195411283014,0.9450964452216003,0.8207381622455737,0.09154064470951129,0.00693675198493024,0.004245347064231132,-0.062243651009119536,-0.003351329108345392,-0.0020633601053524696
21.55,0.27415179222612485,-0.027837745780662226,0.594840453141006,0.4665342371510244,0.9451656438558158,0.8207805117437739,0.09091484376613045,0.006902843117231695,0.004224472242585541,-0.062915146413435,-0.0034303732659318074,-0.0021115597905004995
21.56,0.27460579748522496,-0.02805652464734132,0.5948404531394944,0.46744022874477337,0.9452344994563677,0.8208226500882801,0.090282369859767,0.006868145984754707,0.0042031167824689575,-0.06357821824466015,-0.0035089778772746786,-0.0021594852593903755
21.57,0.2750564594639631,-0.028274190881212358,0.5948404531384084,0.4683398625881645,0.9453030041630045,0.820864572486673,0.08964330798776433,0.006832665108726355,0.004181283502341886,-0.06423271410266262,-0.0035871177735318288,-0.0022071212432903074
21.580000000000002,0.2755037483420137,-0.028490719614414406,0.59484045313822,0.4692330732328856,0.9453711501619468,0.8209062741754813,0.08899774467375948,0.00679640526252571,0.004158975373618289,-0.06487848113241144,-0.003664767694524207,-0.0022544524210650523
21.59,0.2759476347733534,-0.02870608613573633,0.5948404531389847,0.47011979610351046,0.9454389296884143,0.8209477504217157,0.08834576797212787,0.006759371472555986,0.004136195521164934,-0.06551536604487074,-0.0037419022969901513,-0.0023014634241194584
21.6,0.27638808989235997,-0.02892026589857033,0.5948404531403719,0.4709999675128294,0.9455063350291578,0.8209889965244045,0.08768746747221559,0.006721569019033665,0.00411294722375103,-0.06614321513828021,-0.003818496162919777,-0.002348138841388134
21.61,0.27682508531990685,-0.029133234528887664,0.5948404531416956,0.47187352467721677,0.9455733585250037,0.821030007816134,0.08702293430236091,0.006683003436694113,0.004089233914447872,-0.06676187431980166,-0.0038945238079644254,-0.0023944632243682136
21.62,0.2772585931695263,-0.029344967833275892,0.5948404531419573,0.4727404057321703,0.9456399925734296,0.8210707796646121,0.08635226125573778,0.006643680543382694,0.004065059196793042,-0.06737111175679544,-0.003969941958053941,-0.002440411066030818
21.63,0.27768858605806834,-0.02955544180915859,0.5948404531408646,0.47360054975634763,0.9457062296330885,0.8211113074753279,0.08567554427941002,0.006603606781032228,0.004040427037585075,-0.06797068938813669,-0.004044705941823588,-0.0024859560699018748
21.64,0.27811503711438207,-0.02976463265411261,0.5948404531394134,0.4744538967919397,0.9457720622274886,0.8211515866937368,0.0849928796092644,0.006562788558727264,0.004015341395423291,-0.06856062462236046,-0.00411882967014258,-0.0025311050646834297
21.650000000000002,0.2785379199782373,-0.029972516770500945,0.5948404531383645,0.47530038784671885,0.9458374829444711,0.8211916128050688,0.0843043644467184,0.00652123240743937,0.0039898063081896,-0.06914076192036278,-0.004192287454617646,-0.0025758424895775457
21.66,0.27895720880570385,-0.030179070773201644,0.5948404531381184,0.4761399649082535,0.945902484438472,0.8212313813357115,0.08361009755003646,0.006478945115158774,0.003963825969442964,-0.0697109454558087,-0.0042650535813791215,-0.0026201527708490683
21.67,0.2793728782752413,-0.030384271497691406,0.5948404531387406,0.47697257095949175,0.9459670594330931,0.8212708878547664,0.08291017923708327,0.006435933727105041,0.003937404728522441,-0.07027101913892138,-0.004337102319901686,-0.002664020327092654
21.68,0.2797849035937846,-0.030588096008133836,0.594840453139992,0.47779814999436704,0.9460312007236749,0.8213101279756079,0.08220471138783897,0.006392205545849369,0.003910547090597469,-0.07082082664053366,-0.004408407931868939,-0.0027074295745244323
21.69,0.2801932605028302,-0.030790521605478682,0.594840453141354,0.4786166470334349,0.9460949011798706,0.8213490973574411,0.08149379744667046,0.006347768131347965,0.0038832577166650665,-0.07136021141639579,-0.004478944680077753,-0.002750364932295906
21.7,0.2805979252845156,-0.030991525835557865,0.5948404531420547,0.4794280081395225,0.9461581537482201,0.8213877917068599,0.08077754242436123,0.006302629300886305,0.0038555414234938724,-0.071889016731713,-0.004548686837376251,-0.0027928108278264703
21.71,0.2809988747692035,-0.03119108649792396,0.5948404531414152,0.4802321804362425,0.9462209514553681,0.82142620677977,0.08005605380195908,0.006256797334644365,0.003827403299807537,-0.07240689520194507,-0.004617565257021699,-0.002834727145327929
21.72,0.28139608634708724,-0.03138918165666543,0.5948404531400548,0.481029112134126,0.946283287413019,0.8214643383842912,0.07932944079756993,0.006210280807908526,0.003798848611400295,-0.07291387890154277,-0.0046855973855166305,-0.0028761227252670023
21.73,0.2817895379688436,-0.03158578964586867,0.594840453138752,0.48181875253611406,0.9463451548181733,0.8215021823809953,0.07859781302166731,0.006163088283806553,0.0037698826274003127,-0.07340982327613386,-0.0047527604537306156,-0.0029169836767284265
21.740000000000002,0.2821792081494807,-0.03178088907661564,0.5948404531379944,0.48260105204908077,0.9464065469547381,0.8215397346839162,0.07786128165450627,0.006115228581158429,0.0037405107716561928,-0.07389457091051073,-0.004819028826362513,-0.0029572944921841017
21.75,0.28256507597441427,-0.031974458845057174,0.5948404531380016,0.4833759621995742,0.9464674571960893,0.8215769912621013,0.07711995945087853,0.00606671077487805,0.0037107386229257105,-0.07436796431690548,-0.004884376921451305,-0.0029970396982340088
21.76,0.2829471211055421,-0.0321664781404723,0.59484045313875,0.48414343564956763,0.9465278790076299,0.8216139481411586,0.07637396074070764,0.006017544195394257,0.003680571914507386,-0.07482984596083057,-0.004948779219471659,-0.003036203861022721
21.77,0.2833253237873129,-0.03235692645331306,0.5948404531399965,0.4849034262122093,0.9465878059493426,0.8216506014048002,0.07562340142938848,0.005967738427981142,0.003650016533818057,-0.07528005828702303,-0.005012210272425828,-0.0030747715916525447
21.78,0.28369966485279413,-0.03254578358322785,0.5948404531412985,0.48565588886757954,0.9466472316783329,0.8216869471963806,0.0748683989978632,0.005917303311997221,0.0036190785219161747,-0.07571844374548066,-0.005074644712927017,-0.0031127275515903797
21.79,0.2840701257297355,-0.03273302964706348,0.5948404531420384,0.4864007797784451,0.9467061499513677,0.8217229817204313,0.07410907250243973,0.005866248940034097,0.00358776407297125,-0.07614484481755614,-0.005136057263267006,-0.0031500564580640754
21.8,0.2844366884475312,-0.03291864508729325,0.5948404531416324,0.48713805630771817,0.9467645546277894,0.8217587012444076,0.07334554316862472,0.005814585791874858,0.0035560796099260803,-0.07655896672574737,-0.00519639157380301,-0.0031867254715466265
21.81,0.2847993356477796,-0.03310261068221565,0.5948404531405005,0.48786767704273365,0.9468224396739705,0.8217941021013053,0.07257793414777085,0.005762324678380949,0.003524031752726409,-0.07696077616363411,-0.0052556507372914,-0.0032227353554269396
21.82,0.28515805058656307,-0.03328490755201141,0.5948404531392868,0.48858960180385314,0.9468797991642013,0.8218291806902611,0.07180636913338206,0.005709476426492527,0.0034916271402232316,-0.07735013919698142,-0.005313815095886197,-0.00325807402015392
21.830000000000002,0.2855128171383287,-0.033465517165549574,0.594840453138419,0.48930379165608434,0.9469366272822534,0.8218639334775335,0.07103097337634366,0.005656052108751116,0.0034588725598407046,-0.07772689848176073,-0.005370859772555099,-0.003292726432392022
21.84,0.2858636198019433,-0.03364442134823581,0.5948404531381287,0.4900102089248087,0.9469929183238649,0.8218983569980063,0.07025187370021926,0.005602063045809092,0.003425774948931812,-0.07809089683080313,-0.005426760023658702,-0.003326677640601688
21.85,0.2862104437067483,-0.03382160228982645,0.5948404531384703,0.4907088172114995,0.9470486666992163,0.8219324478566821,0.06946919849954965,0.005547520805051027,0.003392341393933829,-0.0784419772401723,-0.005481491247873697,-0.0033599127803414786
21.86,0.28655327461861124,-0.0339970425521981,0.5948404531393398,0.491399581409422,0.9471038669353884,0.8219662027301703,0.068683077737889,0.005492437199126162,0.003358579129470981,-0.0787799829154496,-0.005535028995057902,-0.0033924170795346723
21.87,0.28689209894597556,-0.03417072507707447,0.5948404531404927,0.4920824677193147,0.9471585136788092,0.8219996183681634,0.06789364294557901,0.005436824284392577,0.003324495537404653,-0.07910475729792295,-0.0055873489750517666,-0.0034241758636972177
21.88,0.28722690374590315,-0.03434263319370301,0.5948404531415606,0.49275744366504054,0.9472126016976816,0.822032691594904,0.06710102721726165,0.005380694359273628,0.0032900981458314875,-0.07941614409064236,-0.005638427066408665,-0.003455174561122476
21.89,0.28755767673011723,-0.03451275062648518,0.5948404531420685,0.49342447810922074,0.9472661258843961,0.8220654193106431,0.06630536520913125,0.005324059962527468,0.003255394628029863,-0.07971398728433363,-0.005688239325048728,-0.0034853987080197017
21.900000000000002,0.2878844062715976,-0.03468106150283262,0.5948404531415648,0.4940835412698936,0.9473190812581641,0.8220977984932211,0.06550679353043018,0.0052669339605403345,0.00322039285171099,-0.07999803383574186,-0.0057367400040044415,-0.003514821527781985
21.91,0.28820708141403173,-0.03484755036242315,0.5948404531403491,0.49473460474257946,0.9473714629688615,0.8221298262003316,0.06470545070896411,0.005209329538372158,0.0031851008738782807,-0.0802682099101672,-0.005783923953779087,-0.003543439193486502
21.92,0.2885256918752789,-0.03501220216337242,0.5948404531389482,0.4953776415109482,0.9474232662982848,0.8221614995703237,0.06390147600171946,0.005151259929906925,0.0031495267882531955,-0.08052438514961667,-0.005829773377911875,-0.0035712407398592995
21.93,0.28884022805152776,-0.035175002288686474,0.59484045313774,0.4960126259587659,0.9474744866616845,0.8221928158231596,0.0630950101916444,0.005092738596611296,0.003113678826205926,-0.0807664047010394,-0.005874265070124706,-0.0035982121531998
21.94,0.2891506810233271,-0.03533593655359413,0.5948404531369678,0.4966395338853651,0.9475251196100836,0.822223772261814,0.06228619560817844,0.005033779230928018,0.003077565358585388,-0.08099411412309374,-0.005917376042822456,-0.003624339552260147
21.95,0.2894570425616172,-0.03549499121282251,0.594840453136753,0.49725834252108597,0.9475751608325739,0.8222543662736609,0.061475176123014376,0.004974395754048615,0.003041194894370698,-0.08120735941102519,-0.005959083535220977,-0.003649609193064635
21.96,0.2897593051337644,-0.03565215296780072,0.5948404531371116,0.49786903054268095,0.9476246061585945,0.8222845953318499,0.0606620971456044,0.004914602313604803,0.003004576079274448,-0.08140598702123993,-0.005999365021351801,-0.0036740074736552573
21.97,0.290057461909585,-0.03580740897378887,0.594840453137965,0.4984715780886629,0.9476734515601818,0.8223144569966653,0.05984710561843225,0.004854413281281213,0.002967717694299348,-0.08158984389554479,-0.006038198217935571,-0.003697520938758703
21.98,0.29035150676737304,-0.03596074684693806,0.5948404531391537,0.49906596677461607,0.9477216931542003,0.8223439489168709,0.059030350012035715,0.004793843250349452,0.002930628654248231,-0.08175877748503221,-0.00607556109211823,-0.0037201362843712333
21.990000000000002,0.29064143429991973,-0.036112154671270824,0.5948404531404491,0.49965217970844883,0.9477693272045439,0.8223730688310423,0.05821198031979621,0.004732907033125781,0.0028933180061887953,-0.08191263577358851,-0.006111431869062709,-0.0037418403622572
22.0,0.2909272398205312,-0.03626162100558017,0.5948404531415639,0.5002302015055938,0.9478163501243139,0.8224018145688796,0.057392148052498544,0.0046716196583538845,0.002855794927873977,-0.08205126730100037,-0.006145789039389201,-0.003762620184357104
22.01,0.29120891936906296,-0.03640913489026065,0.5948404531421662,0.500800018304192,0.9478627584779786,0.8224301840525121,0.0565710062674412,0.004609996376344609,0.0028180687305429516,-0.08217449870967973,-0.0061786063068800315,-0.0037824600684386563
22.02,0.2914864697192419,-0.03655468585471988,0.5948404531421602,0.5013616177826791,0.9479085489840589,0.8224581752980982,0.05574870999719515,0.004548052754057915,0.0027801489125375885,-0.082282155916945,-0.006209857356696925,-0.0038013443323348696
22.03,0.2917598883853846,-0.03669826392439701,0.5948404531418394,0.5019149891761704,0.9479537185175294,0.8224857864172629,0.05492541538705455,0.004485804479477946,0.0027420450486674926,-0.08237414175987609,-0.006239533336109611,-0.0038192671707492055
22.04,0.2920291736262493,-0.036839859626215665,0.5948404531414524,0.5024601232873231,0.947998264110962,0.8225130156178252,0.05410127989743717,0.0044232674056985475,0.0027037668150096798,-0.08245030699297824,-0.00626761381667354,-0.0038362162490607854
22.05,0.29229432445083836,-0.036979463994948336,0.5948404531411672,0.5029970125008545,0.9480421829564768,0.8225398612049787,0.053276462477905365,0.004360457588601988,0.0026653240100865893,-0.08251050303593033,-0.006294078670216941,-0.003852179413437634
22.06,0.29255534062440525,-0.03711706857959307,0.5948404531410811,0.5035256507983908,0.9480854724077532,0.8225663215825065,0.05245112356041312,0.004297391283823897,0.002626726553039066,-0.08255458199408619,-0.006318908075291106,-0.0038671446946523373
22.07,0.2928122226744687,-0.03725266544966016,0.594840453141231,0.5040460337732644,0.9481281299820137,0.822592395253979,0.05162542505235025,0.004234084943654759,0.002587984481761823,-0.08258239667841595,-0.006342082523420844,-0.003881100311778693
22.080000000000002,0.2930649718968156,-0.03738624720135947,0.5948404531416007,0.5045581586452261,0.9481701533619732,0.8226180808239308,0.050799530329386784,0.004170555213879566,0.002549107951002318,-0.08259380062485944,-0.00636358282514745,-0.003894034675764797
22.09,0.29331359036150684,-0.03751780696368795,0.5948404531421287,0.5050620242750962,0.9482115403977587,0.8226433769990205,0.04997360422813198,0.004106818930558598,0.0025101072304248473,-0.08258864811307723,-0.006383390115858113,-0.003905936392879011
22.1,0.2935580809188781,-0.03764733840441603,0.5948404531427176,0.5055576311793338,0.9482522891087957,0.8226682825891697,0.04914781303860123,0.004042893116750328,0.0024709927026404076,-0.08256679418457284,-0.006401485861394589,-0.003916794268024518
22.11,0.2937984472055378,-0.03777483573597118,0.5948404531432377,0.5060449815445334,0.9482923976856611,0.8226927965086824,0.04832232449651505,0.00397879497918023,0.0024317748612046122,-0.08252809466016653,-0.00641785186343428,-0.003926597307918444
22.12,0.2940346936503637,-0.03790029372121623,0.5948404531435362,0.5065240792418418,0.9483318644919037,0.8227169177773446,0.047497307775418225,0.0039145419048562165,0.0023924643085840693,-0.08247240615680174,-0.006432470264637416,-0.003935334724131786
22.13,0.2942668254804963,-0.038023707679119945,0.5948404531434417,0.5069949298412979,0.9483706880658292,0.822740645521503,0.046672933478637255,0.003850151457634085,0.0023530717540932466,-0.08239958610366098,-0.006445323553553286,-0.003942995935985999
22.14,0.29449484872733017,-0.03814507349031965,0.5948404531427686,0.5074575406260883,0.948408867122252,0.8227639789751223,0.04584937363108157,0.00378564137473521,0.0023136080118031453,-0.08230949275756894,-0.006456394569278648,-0.0039495705733021075
22.150000000000002,0.2947187702325397,-0.03826438760259565,0.594840453141331,0.5079119206067934,0.9484464005542262,0.8227869174808332,0.0450268017205713,0.003721029574336838,0.002274084004703404,-0.08220196239713928,-0.006465661398588442,-0.003955045594058815
22.16,0.2949385976552089,-0.03838164703680952,0.5948404531391788,0.5083580805376635,0.9484832874352168,0.8228094604912221,0.04420539296709736,0.0036563342141636246,0.002234510797672348,-0.08207685191311143,-0.006473106908753434,-0.003959410669286769
22.17,0.29515433947787595,-0.03849684939216974,0.5948404531366126,0.5087960329307422,0.9485195270207699,0.8228316075698416,0.043385323641998534,0.0035915735374387374,0.002194899510332102,-0.0819340535518107,-0.006478722048083217,-0.003962660047536816
22.18,0.2953660050110718,-0.03860999285058814,0.5948404531338941,0.5092257920670192,0.9485551187495028,0.8228533583918334,0.04256677131767195,0.0035267659270812077,0.0021552613475346156,-0.08177342873706846,-0.006482491035993804,-0.003964784189296263
22.19,0.29557360439922997,-0.03872107618163961,0.5948404531312348,0.5096473740101246,0.9485900622446455,0.8228747127448609,0.041749914947796465,0.0034619299219639066,0.002115607608416113,-0.08159483979076887,-0.006484398462854368,-0.003965773777548994
22.2,0.29577714862667803,-0.038830098747450636,0.5948404531288011,0.5100607966200918,0.9486243573155801,0.8228956705300413,0.04093493485829404,0.0033970842131881072,0.0020759496841627747,-0.08139814994383195,-0.006484429293078216,-0.003965619719590527
22.21,0.29597664952363145,-0.03893706050747053,0.5948404531267202,0.5104660795670382,0.9486580039593462,0.822916231762854,0.04012201273819119,0.0033322476403290836,0.0020362990557594406,-0.08118322334634573,-0.006482568867918315,-0.003964313148667438
22.22,0.2961721197721816,-0.03904196202312282,0.5948404531250852,0.5108632443447473,0.948691002362105,0.8229363965740283,0.03931133163037828,0.0032674391876548175,0.0019966672917225425,-0.08094992507682634,-0.006478802907960919,-0.0039618454254372335
22.23,0.29636357291228477,-0.03914480446233859,0.5948404531239588,0.5112523142841628,0.9487233529005685,0.8229561652104064,0.03850307592228265,0.0032026779803214973,0.001957066045819469,-0.08069812115058693,-0.006473117515310773,-0.003958208139244836
22.240000000000002,0.2965510233477478,-0.039245589603967734,0.5948404531233786,0.5116333145667866,0.9487550561433885,0.8229755380357853,0.0376974313364627,0.003137983280548709,0.0019175070547760816,-0.08042767852720233,-0.006465499175461936,-0.003953393109212103
22.25,0.296734486352212,-0.039344319842069986,0.59484045312336,0.5120062722379807,0.9487861128525084,0.8229945155317339,0.0368945849211342,0.003073374483777726,0.0018780021359744174,-0.08013846511705604,-0.006455934758848415,-0.003947392385136927
22.26,0.2969139780751371,-0.0394409981900849,0.5948404531239007,0.5123712162201799,0.9488165239844761,0.8230130982983894,0.03609472504062838,0.003008871114815315,0.0018385631851419956,-0.0798303497869401,-0.006444411522067449,-0.003940198248197598
22.27,0.2970895155477811,-0.039535628284877,0.5948404531249823,0.5127281773260016,0.9488462906917183,0.8230312870552275,0.03529804136580931,0.0029444928239678076,0.0017992021740355793,-0.07950320236471213,-0.006430917108770836,-0.003931803211459706
22.28,0.29726111668918054,-0.039628214390663385,0.5948404531265745,0.5130771882712647,0.9488754143237759,0.8230490826418129,0.034504724864439985,0.0028802593831671838,0.0017599311481204158,-0.0791568936429797,-0.006415439550217417,-0.003922200020181477
22.29,0.2974288003121286,-0.03971876140281233,0.5948404531286375,0.5134182836879099,0.9489038964285014,0.8230664860185225,0.033714967791522124,0.002816190682093806,0.0017207622242477098,-0.0787912953818026,-0.006397967265481083,-0.003911381651914076
22.3,0.29759258612915296,-0.03980727485152491,0.5948404531311241,0.5137515001368245,0.9489317387532166,0.8230834982672502,0.03292896367961215,0.0027523067242986813,0.0016817075883320614,-0.07840628031040343,-0.006378489061308936,-0.0038993413163937764
22.31,0.29775249475848997,-0.0398937609053886,0.5948404531339812,0.514076876120567,0.9489589432458316,0.823100120592084,0.032146907329125896,0.00268862762332896,0.0016427794930310602,-0.07800172212786513,-0.006356994131623165,-0.0038860724552220237
22.32,0.29790854773006115,-0.03997822637481324,0.594840453137152,0.5143944520960014,0.9489855120559267,0.823116354319963,0.03136899479863755,0.0026251735988599327,0.001603990255428978,-0.07757749550280867,-0.006333472056661709,-0.0038715687413304846
22.330000000000002,0.29806076749144494,-0.040060678715338416,0.5948404531405782,0.5147042704868259,0.9490114475357928,0.823132200901309,0.030595423395195907,0.002561964972838156,0.0015653522547273283,-0.0771334760720407,-0.006307912801751976,-0.0038558240782276118
22.34,0.2982091774138501,-0.040141126030824925,0.5948404531442011,0.5150063756960119,0.9490367522414358,0.8231476619106375,0.029826391664647695,0.002499022165637749,0.0015268779299434936,-0.07666954043814911,-0.006280306715711647,-0.0038388325990231357
22.35,0.29835380179808735,-0.04021957707651863,0.5948404531479613,0.515300814118143,0.9490614289335414,0.8231627390471432,0.02906209938199961,0.002436365692235349,0.001488579777620701,-0.07618556616604617,-0.006250644528872011,-0.0038205886652276956
22.36,0.29849466588053997,-0.04029604126199682,0.5948404531518023,0.515587634151659,0.9490854805784027,0.8231774341352649,0.02830274754181746,0.002374016158406509,0.001450470349550999,-0.07568143177844815,-0.006218917350718047,-0.0038010868653241933
22.37,0.298631795839133,-0.040370528653992765,0.5948404531556695,0.5158668862110027,0.9491089103488083,0.8231917491252254,0.027548538348671235,0.002311994256947235,0.0014125622505134345,-0.07515701675026802,-0.006185116667139683,-0.0037803220131074036
22.38,0.2987652187993034,-0.0404430499791002,0.5948404531595106,0.5161386227386737,0.9491317216248942,0.8232056860935516,0.026799675207650493,0.0022503207639257322,0.0013748681360304619,-0.07461220150193315,-0.006149234337290217,-0.003758289145789469
22.39,0.2988949628399679,-0.04051361662635977,0.594840453163278,0.5164028982171853,0.9491539179949585,0.8232192472435697,0.026056362714942605,0.0021890165349667413,0.001337400710143993,-0.07404686739159766,-0.0061112625900453955,-0.003734983521867322
22.400000000000002,0.2990210569994908,-0.0405822406497266,0.5948404531669275,0.5166597691809298,0.9491755032562373,0.8232324349058794,0.02531880664850363,0.002128102501574095,0.001300172723214451,-0.07346089670625672,-0.006071194020059324,-0.0037104006187496856
22.41,0.2991435312816516,-0.04064893477042242,0.5948404531704197,0.516909294227949,0.9491964814156467,0.8232452515388075,0.024587213958815496,0.002067599667494056,0.0012631969697443528,-0.07285417265174692,-0.006029021583411767,-0.003684536130140369
22.42,0.29926241666161113,-0.04071371237917287,0.5948404531737193,0.5171515340316134,0.9492168566904857,0.8232576997288364,0.023861792759753614,0.0020075291051246625,0.0012264862862295387,-0.07222657934162605,-0.00598473859284195,-0.0036573859631748628
22.43,0.29937774509187876,-0.040776587538328746,0.5948404531767955,0.5173865513522129,0.9492366335091064,0.8232697821910154,0.023142752319569776,0.0019479119519746927,0.0011900535490402024,-0.07157800178492876,-0.005938338712564492,-0.0036289462353075587
22.44,0.29948954950827766,-0.040837574983878244,0.5948404531796232,0.5176144110484544,0.9492558165115468,0.8232815017693482,0.02243030305200238,0.0018887694071765087,0.0011539116723342689,-0.0709083258727869,-0.005889815952662323,-0.003599213270946469
22.45,0.2995978638359097,-0.04089669012734626,0.594840453182181,0.517835180088871,0.9492744105501294,0.8232928614371597,0.02172465650753094,0.0018301227280575008,0.0011180736060059353,-0.07021743836391464,-0.005839164663052453,-0.0035681835978328934
22.46,0.29970272299512307,-0.04095394905758781,0.5948404531844526,0.5180489275631521,0.9492924206900282,0.8233038642974448,0.021026025364771554,0.0017719932267732305,0.0010825523336712203,-0.06950522686894539,-0.005786379527019658,-0.00353585394316302
22.47,0.2998041629074747,-0.04100936854247256,0.5948404531864258,0.5182557246933766,0.9493098522097979,0.8233145135831944,0.0203346234220441,0.0017144022670081552,0.0010473608706940431,-0.06877157983362232,-0.0057314555543138065,-0.003502221229448816
22.48,0.2999022205016958,-0.041062966030466275,0.594840453188093,0.5184556448451699,0.949326710601875,0.8233248126577041,0.019650665589112114,0.0016573712607475116,0.0010125122622549765,-0.06801638652083683,-0.0056743880738066325,-0.003467282570115654
22.490000000000002,0.29999693371965674,-0.041114759652110644,0.59484045318945,0.5186487635387799,0.9493430015730436,0.823334765014862,0.01897436787910231,0.0016009216651243622,0.000978019581465043,-0.06723953699150564,-0.00561517272570312,-0.003431035264833661
22.5,0.30008834152233177,-0.041164768221403136,0.5948404531904973,0.5188351584600693,0.9493587310448726,0.8233443742794201,0.01830594740062586,0.001545074979347169,0.000943895927527787,-0.06644092208428917,-0.005553805453303683,-0.003393476794580465
22.51,0.3001764838957624,-0.04121301123708021,0.594840453191238,0.5190149094714325,0.9493739051541205,0.8233536442072447,0.017645622350107942,0.001489852741711972,0.0009101544239520502,-0.06562043339414658,-0.005490282494312837,-0.0033546048164326534
22.52,0.300261401857022,-0.041259508883806195,0.5948404531916793,0.5191880986226353,0.9493885302531121,0.8233625786855516,0.016993612004335884,0.0014352765267036352,0.0008768082168181168,-0.06477796324972354,-0.005424600371690168,-0.0033144171580833546
22.53,0.30034313746017993,-0.04130428203327147,0.5948404531918297,0.5193548101615834,0.9494026129100861,0.8233711817331236,0.01635013671324164,0.0013813679421910779,0.0008438704731001832,-0.06391340468956871,-0.005356755884039282,-0.003272911812083276
22.54,0.30042173380226544,-0.04134735224520114,0.5948404531917021,0.5195151305450181,0.949416159909516,0.8233794575005106,0.01571541789292517,0.0013281486267207156,0.000811354379047667,-0.06302665143718268,-0.005286746095531247,-0.003230086929803003
22.55,0.300497235029233,-0.041388741768282056,0.5948404531913105,0.519669148449146,0.9494291782524032,0.8233874102702148,0.015089678018934584,0.0012756402469131264,0.0007792731386283709,-0.06211759787489059,-0.0052145683253578545,-0.0031859408151136905
22.56,0.3005696863419234,-0.041428473541003485,0.5948404531906707,0.5198169547801965,0.9494416751565447,0.823395044456861,0.014473140619814485,0.001223864494967635,0.000747639972036306,-0.06118613901654407,-0.005140220136711332,-0.0031404719177840035
22.57,0.30063913400203185,-0.04146657119242414,0.5948404531898008,0.5199586426849273,0.9494536580567778,0.8234023646073502,0.013866030270931074,0.0011728430862793212,0.000716468114266878,-0.06023217047904619,-0.0050636993252862065,-0.003093678826590663
22.580000000000002,0.3007056253380681,-0.04150305904286172,0.5948404531887197,0.5200943075610557,0.9494651346052002,0.8234093754010025,0.013268572588589492,0.00112259775717353,0.0006857708137624783,-0.05925558845270012,-0.004985003907299369,-0.0030455602621401174
22.59,0.3007692087513235,-0.04153796210451344,0.594840453187447,0.520224047067645,0.9494761126713683,0.8234160816496837,0.012680994224453943,0.0010731502627626618,0.0006555613311313472,-0.058256289670383404,-0.004904132107024892,-0.002996115069399166
22.6,0.30082993372183464,-0.041571306082010095,0.5948404531860036,0.5203479611354308,0.9494866003424757,0.8234224882979222,0.012103522860277077,0.0010245223749296315,0.0006258529379423367,-0.05723417137554371,-0.004821082343839238,-0.0029453422099318346
22.61,0.3008878508143459,-0.041603117372906284,0.5948404531844103,0.5204661519770934,0.94949660592351,0.8234286004230111,0.011536387202964926,0.0009767358804441478,0.0005966589155992773,-0.05618913128901959,-0.00473585321877333,-0.0028932407538402715
22.62,0.30094301168427623,-0.04163342306811357,0.5948404531826883,0.5205787240974906,0.949506137937394,0.8234344232351034,0.010979816979968337,0.0009298125792150256,0.0005679925542968581,-0.05512106757468063,-0.004648443500567311,-0.002839809871407065
22.63,0.30099546908368346,-0.04166225095228049,0.5948404531808585,0.5206857843038404,0.9495152051251087,0.8234399620772932,0.01043404293503388,0.0008837742826852862,0.000539867152062096,-0.05402987880389918,-0.0045588521112249775,-0.0027850488244370686
22.64,0.3010452768672262,-0.04168962950412092,0.5948404531789423,0.5207874417158607,0.949523816445801,0.8234452224256908,0.00989929682430846,0.0008386428123735981,0.0005122960138835123,-0.05291546391883342,-0.004467078111062396,-0.0027289569572953244
22.650000000000002,0.30109248999813115,-0.04171558789670132,0.5948404531769593,0.5208838077758787,0.9495319810768772,0.8234502098894877,0.0093758114128208,0.0007944399985681062,0.0004852924509316617,-0.05177772219454409,-0.004373120683248697,-0.0026715336876398012
22.66,0.30113716455415784,-0.041740155997685324,0.5948404531749294,0.520974996258905,0.9495397084140862,0.8234549302110151,0.008863820471347003,0.0007511876791773568,0.0004588697798738373,-0.050616553199931344,-0.004276979117833984,-0.002612778496845777
22.67,0.30117935773356264,-0.041763364369548917,0.5948404531728712,0.5210611232826743,0.9495470080715899,0.8234593892657962,0.008363558773671915,0.0007089076987434562,0.0004330413222860432,-0.04943185675749133,-0.004178652795260295,-0.002552690920119338
22.68,0.30121912786106264,-0.041785244269758826,0.5948404531708024,0.5211423073176619,0.9495538898820249,0.8234635930625921,0.007875262094259476,0.0006676219076227775,0.00040782040416543054,-0.04822353290190317,-0.004078141169352595,-0.0024912705362980818
22.69,0.3012565343938039,-0.0418058276509366,0.59484045316874,0.5212186691970867,0.949560363896558,0.8234675477434441,0.007399167206344053,0.0006273521613394709,0.0003832203555463612,-0.046991481837432396,-0.003975443749784663,-0.0024285169573358117
22.7,0.3012916379273236,-0.041825147160997056,0.5948404531666993,0.5212903321268851,0.9495664403849348,0.8234712595837136,0.0069355118804489985,0.0005881203201165441,0.00035925451022296147,-0.0457356038941623,-0.00387056008401657,-0.0023644298174691804
22.71,0.30132450020151696,-0.041843236143278395,0.5948404531646948,0.5213574216956816,0.9495721298355255,0.8234747349921171,0.006484534883357284,0.0005499482485909658,0.0003359362055820625,-0.04445579948304089,-0.0037634897386987763,-0.0022990087620631473
22.72,0.3013551841066019,-0.041860128636665606,0.5948404531627395,0.5214200658847462,0.9495774429553684,0.8234779805107635,0.006046475977527471,0.0005128578157165453,0.0003132787825487722,-0.04315196904975435,-0.0036542322805394566,-0.0022322534361331582
22.73,0.301383753689085,-0.0418758593757132,0.5948404531608446,0.5214783950779524,0.9495823906702128,0.8234810028151881,0.005621575920985572,0.00047687089486158924,0.0002912955856489114,-0.041824013027414404,-0.003542787256629802,-0.002164163472540769
22.740000000000002,0.30141027415772714,-0.0418904637907736,0.5948404531590208,0.5215325420717328,0.9495869841245653,0.8234838087143908,0.005210076467690451,0.0004420093641055613,0.00026999996319084803,-0.04047183178806314,-0.003429154174223217,-0.0020947384798601803
22.75,0.301434811889508,-0.041903978008140275,0.5948404531572768,0.5215826420850418,0.9495912346817388,0.8234864051508742,0.004812220368392376,0.0004082951067408945,0.00024940526757044325,-0.03909532559299393,-0.003313332479963924,-0.0020239780299128964
22.76,0.30145743443559353,-0.04191643885020768,0.5948404531556203,0.5216288327693319,0.949595153923908,0.8234887992006875,0.004428251371993659,0.0003757500119852366,0.00022952485570228956,-0.03769439454187802,-0.003195321538559596,-0.0019518816449671896
22.77,0.30147821052730034,-0.041927883835658486,0.5948404531540572,0.5216712542185424,0.9495987536521732,0.8234909980734735,0.004058414227425335,0.0003443959759098806,0.00021037208958071075,-0.036268938520703356,-0.003075120610893954,-0.0018784487845998454
22.78,0.3014972100820623,-0.041938351179684474,0.5948404531525923,0.5217100489791128,0.9496020458866343,0.8234930091125234,0.0037029546860472633,0.0003142549025896236,0.00019196033697368303,-0.034818857148506806,-0.002952728831573072,-0.0018036788322163479
22.79,0.3015145042093953,-0.04194787979424636,0.594840453151229,0.5217453620600181,0.9496050428664778,0.8234948397948384,0.003362119504591009,0.0002853487054803588,0.00017430297225348452,-0.03334404972291102,-0.0028281451859014936,-0.001727571081227104
22.8,0.30153016521686465,-0.04195650928838246,0.5948404531499701,0.5217773409428438,0.949607757050078,0.8234964977312004,0.0030361564486507072,0.0002576993090295568,0.0001574133773671809,-0.03184441516444112,-0.0027013684862811985,-0.0016501247208754364
22.81,0.3015442666160502,-0.04196427996857205,0.5948404531488162,0.5218061355918918,0.9496102011151165,0.8234979906662528,0.002725314296735646,0.00023132865052555884,0.00014130494295051997,-0.030319851959631716,-0.0025723973480291755,-0.0015713388217147536
22.82,0.30155688312851225,-0.04197123283916149,0.5948404531477676,0.521831898464332,0.9496123879587205,0.8234993264785949,0.0024298428449027786,0.000206258682192044,0.00012599106958907918,-0.028770258102896823,-0.0024412301646061074,-0.0014912123207303208
22.830000000000002,0.3015680906917584,-0.04197740960286167,0.5948404531468228,0.5218547845204057,0.9496143306976238,0.8235005131808866,0.0021499929119725425,0.00018251137353282184,0.00011148516922977017,-0.027195531037170286,-0.002307865082251508,-0.0014097440061027998
22.84,0.30157796646520735,-0.041982852661324455,0.5948404531459802,0.521874951233677,0.9496160426683521,0.8235015589199709,0.0018860163453452228,0.00016010871393333073,9.780066674655259e-05,-0.025595567593293136,-0.002172299974017729,-0.001326932501608946
22.85,0.30158658883615935,-0.04198760511580635,0.5948404531452366,0.5218925586013582,0.9496175374274368,0.823502471977011,0.0016381660274292918,0.00013907271552479278,8.495100166395034e-05,-0.023970263928136355,-0.00203453241319627,-0.0012427762506554973
22.86,0.3015940374257573,-0.04199171076792685,0.5948404531445886,0.5219077691546865,0.9496188287516568,0.8235032607676469,0.0014066958826985123,0.00011942541631747667,7.294963004226538e-05,-0.02231951546145566,-0.001894559646130163,-0.0011572734999424795
22.87,0.30160039309495534,-0.04199521412053281,0.5948404531440309,0.5219207479693857,0.9496199306383144,0.8235039338421699,0.001191860885381495,0.00010118888360848001,6.181002652775104e-05,-0.020643216811444254,-0.0017523785644035631,-0.0010704222827505893
22.88,0.3016057379504854,-0.041998160378676375,0.5948404531435588,0.5219316626762078,0.9496208573055475,0.8235044998857199,0.0009939170678079487,8.438521767124102e-05,5.154568657210297e-05,-0.01894126172898526,-0.0016079856764024264,-0.0009822204018489777
22.89,0.3016101553508219,-0.042000595450713496,0.5948404531431667,0.5219406834715535,0.9496216231926767,0.8235049677185059,0.0008131215294103476,6.903655573188649e-05,4.217012882434145e-05,-0.01721354303056438,-0.0014613770782364252,-0.0008926654120175087
22.900000000000002,0.3016137299121475,-0.04200256594953533,0.5948404531428476,0.5219479831281929,0.9496222429605984,0.8235053462960488,0.0006497324464178587,5.516507624083014e-05,3.369689770017764e-05,-0.015459952529845418,-0.0013125484240156715,-0.0008017546021796764
22.91,0.3016165475143222,-0.04200411919394237,0.5948404531425954,0.5219537370060894,0.9496227314922182,0.8235056447094548,0.0005040090822242094,4.279300344341642e-05,2.613956613113343e-05,-0.013680380967858044,-0.001161494895471024,-0.0007094849771394304
22.92,0.301618695306844,-0.04200530321016532,0.5948404531424027,0.5219581230633156,0.9496231038929331,0.823505872185714,0.00037621179847231414,3.1942612258664795e-05,1.9511738498897065e-05,-0.011874717941789969,-0.001008211170910058,-0.0006158532389172258
22.93,0.3016202617148211,-0.042006166733553396,0.5948404531422617,0.5219613218671078,0.9496233754911645,0.8235060380880302,0.000266602066856022,2.2636233471644542e-05,1.3827053758241028e-05,-0.010042851832358979,-0.0008526913934992742,-0.0005208557676796829
22.94,0.3016213364449319,-0.04200675921042668,0.594840453142165,0.521963516605015,0.9496235618389437,0.8235061519161837,0.0001754424816508851,1.4896259246056582e-05,9.099188752467177e-06,-0.00818466972970932,-0.000694929138859971,-0.0004244886022553608
22.95,0.3016220104913956,-0.04200713080011409,0.5948404531421041,0.5219648930962013,0.9496236787125545,0.8235062233069268,0.00010299677299881458,8.7451489647875e-06,5.341861726067645e-06,-0.006300057357835317,-0.0005349173819701043,-0.0003267474202321506
22.96,0.3016223761419354,-0.042007332377183015,0.5948404531420712,0.5219656398028678,0.9496237421132365,0.8235062620344172,4.9529820952991574e-05,4.2054354047050775e-06,2.5688360383745943e-06,-0.004388898997457637,-0.000372648463357376,-0.00022762751762749175
22.97,0.301622526983745,-0.042007415533870884,0.5948404531420576,0.5219659478418274,0.949623768267951,0.8235062780106875,1.5307670304250406e-05,1.299731253315124e-06,7.939240827943683e-07,-0.0024510774073509415,-0.00020811405457482675,-0.00012712378812632409
22.98,0.3016225579094549,-0.042007432582729765,0.5948404531420548,0.5219660109962295,0.9496237736302141,0.8235062812861569,5.975461963132589e-07,5.073597381049337e-08,3.0991415553953194e-08,-0.0004864737440445906,-4.130512294324413e-05,-2.52307018774618e-05
22.990000000000002,0.30162256277197563,-0.04200743548472141,0.5948404465378074,0.5219660246833304,0.9496237663230122,0.8235062768223982,5.242940486031244e-06,-2.91932343120707e-06,-1.7833298107679528e-06,0.001387215129813924,-0.0007724156937191378,-0.00047184629311313527
23.0,0.30162261606603513,-0.04200746741676964,0.594840370403476,0.5219661768300743,0.9496236816061429,0.8235062250713248,2.82106275779105e-05,-1.5707965327473268e-05,-9.595539689206077e-06,0.0032017490596923056,-0.001782765888243747,-0.0010890399547615309
23.01,0.30162278143122345,-0.0420075664982793,0.5948401341676145,0.5219666489236583,0.9496234187397102,0.8235060644938486,6.918669548377781e-05,-3.8523830918457565e-05,-2.3533091804271714e-05,0.004988915243931581,-0.0027778729761752047,-0.0016969224800557213
23.02,0.30162312146866643,-0.04200777023838992,0.5948396484000893,0.5219676196819123,0.9496228782123813,0.8235057343013308,0.00012789819085351926,-7.121486429750318e-05,-4.350310669394408e-05,0.006748859054293841,-0.003757811876030502,-0.002295540220919518
23.03,0.3016236978254603,-0.0420081155757116,0.5948388250336646,0.5219692651004554,0.9496219620296473,0.8235051746316125,0.00020407363026381155,-0.0001136297554060083,-6.941316757976707e-05,0.008481729073916719,-0.004722656845173672,-0.0028849393637065727
23.04,0.30162457119948827,-0.042008638882075455,0.5948375773571232,0.5219717584675532,0.9496205737063976,0.823504326544396,0.00029744303142583724,-0.00016561793360865554,-0.000101171318757775,0.010187676916886318,-0.005672481517039336,-0.0034651659384983637
23.05,0.3016258013442345,-0.0420093759665211,0.594835820008387,0.5219752703792775,0.9496186182595566,0.8235031320166412,0.0004077379426115838,-0.00022702956163673355,-0.00013868606408138154,0.011866857052303625,-0.006607358937487042,-0.004036265828172943
23.06,0.3016274470735993,-0.04201036207950554,0.594833468967639,0.5219799687549512,0.9496160022007778,0.823501533937978,0.0005346914703426555,-0.00029771552989038184,-0.00018186636553361448,0.013519426632814363,-0.007527361600286836,-0.004598284777237992
23.07,0.30162956626671533,-0.04201163191732238,0.5948304415504428,0.5219860188528632,0.9496126335291953,0.8234994761061315,0.0006780383053873103,-0.0003775274510917695,-0.00023062164188673376,0.015145545327605514,-0.008432561481758126,-0.005151268400435364
23.080000000000002,0.3016322158727615,-0.042013219626715115,0.5948266564008645,0.5219935832862334,0.9496084217242251,0.8234969032223601,0.0008375147471089983,-0.0004663176552800805,-0.0002848617674465151,0.01674537515982827,-0.009323030074562573,-0.005695262191111749
23.09,0.3016354519157787,-0.04201515880967782,0.5948220334845935,0.5220028220394132,0.9496032777384161,0.8234937608869067,0.0010128587262116465,-0.0005639391851405198,-0.00034449707087924494,0.01831908034843544,-0.010198838420670181,-0.006230311529361729
23.1,0.30163932949948447,-0.0420174825284218,0.5948164940820626,0.5220138924843071,0.9495971139903451,0.82348999559446,0.0012038098259253179,-0.0006702457916589216,-0.0004094383341190317,0.019866827154395493,-0.011060057143505862,-0.006756461689942621
23.11,0.30164390281208847,-0.04202022331050437,0.5948099607815702,0.5220269493969971,0.9495898443575543,0.8234855547296277,0.0014101093016750637,-0.0007850919300933922,-0.00047959679135290323,0.021388783731241635,-0.011906756479284108,-0.007273757849961143
23.12,0.30164922513110726,-0.04202341315410518,0.5948023574724001,0.5220421449745571,0.9495813841695282,0.8234803865624181,0.001631500099277836,-0.0009083327562558732,-0.0005548841280819955,0.022885119979929345,-0.012739006307549792,-0.007782245096338493
23.13,0.30165534882817907,-0.04202708353343371,0.5947936093379426,0.5220596288520407,0.9495716502007041,0.8234744402437312,0.0018677268717081218,-0.0010398241230945105,-0.0006352124802558833,0.024356007407941048,-0.01355687618092597,-0.008281968433050454
23.14,0.3016623253738796,-0.04203126540426794,0.5947836428488157,0.5220795481196328,0.9495605606635177,0.8234676658008593,0.0021185359944769617,-0.0011794225775703046,-0.0007204944334786404,0.02580161899260704,-0.014360435354088336,-0.008772972788150766
23.150000000000002,0.30167020534253586,-0.04203598920960072,0.5947723857559862,0.522102047339944,0.9495480352014767,0.8234600141329929,0.0023836755796637493,-0.0013269853578189562,-0.0008106430222836168,0.027222129048575024,-0.015149752811967187,-0.00925530302057485
23.16,0.30167903841704247,-0.042041284885390995,0.5947597670838899,0.522127268565443,0.9495339948822625,0.8234514370067354,0.002662895488644144,-0.0014823703905914125,-0.0009055717294754757,0.02861771309938693,-0.015924897297194072,-0.00972900392673127
23.17,0.30168887339367567,-0.04204718186641154,0.5947457171235525,0.5221553513560065,0.9495183621908556,0.8234418870516236,0.002955947343554077,-0.0016454362889651573,-0.0010051944855371034,0.029988547753100215,-0.016685937336799846,-0.010194120246882016
23.18,0.30169975818690953,-0.04205370909217249,0.5947301674257113,0.5221864327965798,0.9495010610226825,0.8234313177556526,0.003262584537528919,-0.0018160423503182103,-0.0011094256680989323,0.03133481058188915,-0.017432941268171076,-0.010650696671313256
23.19,0.30171173983422994,-0.042060895012924815,0.5947130507939359,0.5222206475149327,0.9494820166767819,0.8234196834608085,0.00358256224375989,-0.001994048554559905,-0.0012181801014694768,0.03265668000557591,-0.018165977264281093,-0.011098777846303939
23.2,0.30172486450094993,-0.04206876759572453,0.5946943012777477,0.5222581276995002,0.9494611558489874,0.8234069393586014,0.003915637423403389,-0.0021793155626094,-0.0013313730562239533,0.033954335179012245,-0.0188851133581968,-0.011538408379890655
23.21,0.3017391774850261,-0.04207735433055121,0.5946738541657433,0.5222990031172985,0.9494384066251236,0.8233930414856071,0.004261568832384977,-0.0023717047151167146,-0.0014489202488501833,0.03522795588326051,-0.019590417466878854,-0.011969632847437423
23.22,0.30175472322187213,-0.04208668223647416,0.5946516459787135,0.5223434011318999,0.9494136984742145,0.8233779467190075,0.004620117027131942,-0.002571078031417188,-0.0015707378414485669,0.03647772242049121,-0.020281957414276224,-0.012392495797009002
23.23,0.30177154528917527,-0.042096777867856316,0.5946276144627642,0.5223914467214646,0.9493869622417005,0.8233616127721362,0.004991044369275147,-0.002777298208714517,-0.0016967424414855116,0.03770381551254223,-0.020959800953732382,-0.012807041754556459
23.240000000000002,0.3017896864117112,-0.04210766732058485,0.5946016985824396,0.5224432624968106,0.9493581301426637,0.823343998190027,0.005374115029352549,-0.002990228621483371,-0.0018268511015971341,0.03890641620305491,-0.02162401578970422,-0.013213315228914035
23.25,0.3018091884661599,-0.04211937623832612,0.5945738385138396,0.5224989687195173,0.9493271357550567,0.8233250623449613,0.005769094989552962,-0.0032097333210865217,-0.0019609813194424465,0.04008570576312638,-0.022274669598809034,-0.013611360716615041
23.26,0.3018300924859201,-0.04213192981879316,0.594543975637744,0.5225586833200526,0.9492939140129342,0.8233047654320198,0.00617575204553367,-0.003435677035599146,-0.0020990510376038274,0.04124186560040038,-0.02291183005020565,-0.014001222706529079
23.27,0.3018524386659265,-0.042145352820018245,0.5945120525327319,0.5226225219159124,0.9492584011996874,0.8232830684646327,0.00659385580734439,-0.0036679251698328455,-0.002240978643532498,0.04237507717151944,-0.023535564825316446,-0.014382945684323335
23.28,0.30187626636746423,-0.042159669566625424,0.594478012968303,0.5226905978297659,0.9492205349412746,0.8232599332701317,0.007023177699494458,-0.003906343805554852,-0.0023866829695384996,0.04348552189787395,-0.024145941636904537,-0.014756574136755352
23.29,0.3019016141229848,-0.042174903956095466,0.5944418018979982,0.5227630221075962,0.9491802541994496,0.8232353224853004,0.007463490960191241,-0.004150799701893458,-0.0025360832928219418,0.044573381084561124,-0.02474302824750775,-0.015122152555797151
23.3,0.30192851964092227,-0.04219107946501521,0.5944033654525218,0.5228399035368315,0.9491374992649865,0.8232091995519265,0.007914570639786407,-0.004401160295926019,-0.002689099335545526,0.045638835842491635,-0.025326892487245147,-0.01547972544259904
23.31,0.30195701981050893,-0.04220821915530676,0.5943626509328612,0.5229213486644547,0.949092211750895,0.8231815287123502,0.008376193598456077,-0.0046572937034404654,-0.0028456512649450393,0.046682067013556004,-0.025897602270997484,-0.015829337311292973
23.32,0.30198715070659155,-0.04222634568042688,0.5943196068034086,0.523007461815087,0.9490443345856301,0.8231522750050133,0.008848138503150301,-0.004919068719867007,-0.0030056596934779963,0.047703255098788186,-0.026455225614977,-0.016171032692643722
23.330000000000002,0.3020189475944474,-0.04224548129153727,0.5942741826850824,0.523098345109038,0.9489938120062898,0.8231214042600068,0.009330185823836297,-0.005186354821371112,-0.003169045679007198,0.048702580189439224,-0.02699983065268835,-0.016504856137547992
23.34,0.3020524449346002,-0.04226564784363096,0.5942263293484475,0.523194098480313,0.9489405895518013,0.8230888830946145,0.009822117829068359,-0.005459022166104021,-0.003335730725019102,0.04968022190089565,-0.02753148565029417,-0.016830852220388687
23.35,0.3020876763876371,-0.04228686680161842,0.5941759987068372,0.523294819694576,0.9488846140560946,0.8230546789088565,0.01032371858091091,-0.005736941595603991,-0.0035056367808750477,0.05063635930936434,-0.028050259021391476,-0.01714906554224709
23.36,0.3021246748190244,-0.04230915924635992,0.5941231438094735,0.5234006043670549,0.9488258336412614,0.8230187598810287,0.010834773929240126,-0.006019984636341414,-0.003678686242093301,0.05157117089124598,-0.028556219341205252,-0.017459540733975893
23.37,0.30216347230392415,-0.04233254588064583,0.5940677188345893,0.5235115459803898,0.9487641977106965,0.8229810949632397,0.011355071505455115,-0.006308023501404466,-0.003854801950662062,0.0524848344651328,-0.0290494353602121,-0.017762322459139966
23.38,0.30220410013201116,-0.04235704703511445,0.5940096790825486,0.5236277359024141,0.9486996569422238,0.8229416538769446,0.011884400715619017,-0.0066009310923165814,-0.00403390719538025,0.05337752713634665,-0.029529976017196393,-0.018057455416825234
23.39,0.30224658881228905,-0.042382682674107774,0.5939489809689679,0.5237492634038643,0.9486321632812013,0.8229004071084748,0.012422552733060803,-0.006898581000983308,-0.004215925712226737,0.05424942524395606,-0.029997910451752676,-0.01834498434432324
23.400000000000002,0.302290968077907,-0.04240947240145626,0.5938855820178377,0.5238762156760141,0.9485616699336077,0.8228573259045643,0.012969320490456541,-0.007200847511759906,-0.004400781684754871,0.05510070431019097,-0.03045330801623708,-0.018624954019691862
23.41,0.3023372668909763,-0.04243743546618989,0.5938194408546432,0.524008677848225,0.9484881313591065,0.8228123822678721,0.013524498671418408,-0.007507605603636771,-0.004588399744512631,0.0559315389921926,-0.03089623828717996,-0.01889740926419868
23.42,0.302385513447388,-0.04246659076817477,0.5937505171994859,0.5241467330054139,0.9484115032640891,0.8227655489524999,0.014087883701612607,-0.007818730952536363,-0.004778704971486678,0.05674210303602563,-0.03132677107616591,-0.01916239494464965
23.43,0.3024357351816278,-0.042496956863664004,0.5936787718602049,0.5242904622054246,0.9483317425946929,0.8227167994595053,0.014659273739426394,-0.008134099933715161,-0.004971622894568426,0.05753256923288161,-0.03174497644018777,-0.019419955975605925
23.44,0.3024879587715944,-0.04252855197076699,0.593604166725497,0.5244399444963087,0.9482488075297952,0.8226661080324105,0.015238468666210956,-0.008453589624268293,-0.0051670794920427995,0.058303109377413675,-0.032150924691486255,-0.019670137321494856
23.45,0.3025422101434147,-0.04256139397482972,0.5935266647580388,0.5245952569335033,0.9481626574739831,0.8226134496527059,0.015825270076114575,-0.008777077805728133,-0.005365001192096443,0.05905389422812696,-0.032544686406878284,-0.01991298399861577
23.46,0.30259851447626185,-0.042595500433720734,0.5934462299876081,0.5247564745969081,0.9480732530504943,0.822558800035348,0.016419481265533196,-0.009104442966755586,-0.005565314873346628,0.05978509346976965,-0.03292633243658683,-0.020148541077047007
23.47,0.30265689620716973,-0.04263088858302516,0.5933628275042047,0.5249236706078514,0.9479805560941333,0.8225021356242531,0.017020907222191125,-0.009435564305915271,-0.005767947865387595,0.06049687567765157,-0.03329593391257525,-0.020376853682454923
23.48,0.30271737903585155,-0.042667575341139186,0.5932764234511703,0.52509691614595,0.9478845296441573,0.8224434335877842,0.01762935461387782,-0.009770321734533526,-0.005972827949355664,0.061189408283836906,-0.03365356225639844,-0.020597966997810725
23.490000000000002,0.302779985929513,-0.04270557731426322,0.5931869850183115,0.5252762804658493,0.9477851379371344,0.8223826718142323,0.01824463177685242,-0.01010859587963075,-0.006179883358509986,0.06186285754514213,-0.03399928918657445,-0.020811926265016142
23.5,0.30284473912767107,-0.042744910801292224,0.5930944804350197,0.5254618309138513,0.9476823463997709,0.8223198289072937,0.01886654870393924,-0.010450268086926307,-0.006389042778829834,0.06251738851288563,-0.03433318672548739,-0.021018776786442935
23.51,0.3029116601469674,-0.042785591798600975,0.5929988789633925,0.5256536329444179,0.9475761216417107,0.822254884181538,0.019494917032329244,-0.0107952204239101,-0.006600235349626868,0.0631531650043288,-0.03465532720582801,-0.02121856392638861
23.52,0.302980769785985,-0.04282763600471934,0.5929001508913542,0.5258517501365525,0.9474664314482999,0.8221878176578725,0.020129550031101992,-0.01114333568297512,-0.006813390664170807,0.06377034957574952,-0.0349657832765788,-0.02141133311245076
23.53,0.30305208813006207,-0.042871058824897834,0.592798267525777,0.5260562442100567,0.9473532447733238,0.8221186100589997,0.020770262588489553,-0.011494497384609406,-0.007028438770329595,0.06436910349709875,-0.035264627908553677,-0.021597129836824693
23.54,0.3031256345561078,-0.04291587537556024,0.5926932011856023,0.5262671750416554,0.9472365317317082,0.8220472428048675,0.021416871198891105,-0.011848589780639218,-0.007245310171220935,0.06494958672817956,-0.03555193439949663,-0.021775999657525004
23.55,0.303201427737415,-0.042962100488642574,0.5925849251949598,0.5264846006809937,0.9471162635921903,0.8219736980081135,0.022069193949660327,-0.012205497857523038,-0.007463935825876894,0.06551195789630368,-0.035827776378750446,-0.021947988199536105
23.56,0.30327948564847435,-0.04300974871581564,0.5924734138762898,0.5267085773664988,0.9469924127699558,0.8218979584695028,0.02272705050767286,-0.012565107339688115,-0.007684247149918457,0.0660563742753684,-0.03609222781149954,-0.02211314115589236
23.57,0.303359825569788,-0.043058834332589724,0.5923586425434633,0.526939159541108,0.9468649528192424,0.8218200076733584,0.023390262105695187,-0.012927304692909385,-0.007906176016241766,0.06658299176631124,-0.03634536300259787,-0.022271504288692297
23.580000000000002,0.3034424640926806,-0.04310937134229903,0.5922405874949017,0.527176399867858,0.9467338584259086,0.821739829782985,0.024058651528561216,-0.01329197712772269,-0.00812965475571301,0.06709196487888941,-0.03658725659998623,-0.022423123430047587
23.59,0.3035274171241119,-0.04316137347996829,0.5921192260066985,0.5274203492453357,0.9465991053999703,0.8216574096360862,0.02473204309917541,-0.013659012602871454,-0.008354616157873293,0.06758344671474187,-0.036817983597709006,-0.02256804448297081
23.6,0.3036146998914871,-0.043214854216054144,0.5919945363257375,0.527671056822989,0.9464606706680994,0.8215727327401734,0.02541026266435285,-0.014028299828781541,-0.00858099347165206,0.06805758895169056,-0.037037619338536665,-0.022706313422203396
23.61,0.30370432694746696,-0.043269826760066965,0.591866497662815,0.5279285700162932,0.9463185322660911,0.8214857852679689,0.026093137580505823,-0.014399728271059087,-0.008808720406087716,0.06851454182923328,-0.03724623951620077,-0.022837976294985872
23.62,0.3037963121747772,-0.043326304064067234,0.5917350901857578,0.5281929345217763,0.946172669331294,0.8213965540528011,0.026780496699194887,-0.014773188154010792,-0.00903773113105691,0.06895445413519401,-0.03744392017725105,-0.022963079221773593
23.63,0.3038906687910159,-0.04338429882603667,0.5916002950125441,0.5284641943318964,0.9460230620950052,0.8213050265839925,0.02747217035254801,-0.015148570464178722,-0.009267960278009359,0.06937747319348518,-0.0376307377225393,-0.023081668396898482
23.64,0.3039874093534608,-0.04344382349312659,0.5914620942044226,0.528742391749775,0.9458696918748306,0.8212111910022399,0.02816799033856683,-0.015525766953890354,-0.009499342940710384,0.06978374485294957,-0.03780676890834001,-0.023193790089180384
23.650000000000002,0.3040865457638757,-0.04350489026477733,0.5913204707590323,0.5290275674037808,0.9457125410670092,0.8211150360949879,0.0288677899063227,-0.015904670144815926,-0.009731814675988064,0.07017341347724013,-0.037972090847112755,-0.023299490642488273
23.66,0.3041880892733139,-0.043567511095714995,0.5911754086035205,0.5293197602619667,0.9455515931387014,0.8210165512917944,0.02957140374105915,-0.016285173331533058,-0.009965311504486554,0.07054662193570846,-0.03812678100791576,-0.023398816476254535
23.67,0.30429205048692254,-0.04363169769881686,0.5910268925876626,0.529619007646357,0.9453868326202425,0.8209157266596884,0.03027866794920821,-0.01666717058509381,-0.010199769911424387,0.0709035115952653,-0.03827091721647644,-0.023491814085943113
23.68,0.30439843936874345,-0.043697461547854755,0.5908749084769808,0.5299253452470829,0.9452182450973601,0.8208125528985211,0.0309894200433274,-0.01705055675658933,-0.010435126847356339,0.0712442223131821,-0.038404577654926775,-0.023578530043473232
23.69,0.30450726524651417,-0.04376481388010772,0.5907194429458618,0.5302388071363692,0.945045817203356,0.8207070213363076,0.03170349892697323,-0.01743522748071234,-0.010671319728940594,0.07156889243080546,-0.038527840861211,-0.023659010997600732
23.7,0.30461853681646645,-0.043833765698849225,0.590560483570676,0.5305594257823675,0.9448695366112521,0.8205991239245636,0.03242074487951211,-0.01782107917930982,-0.010908286439708164,0.07187765876815304,-0.03864078572817219,-0.023733303674257657
23.71,0.3047322621481234,-0.043904327775707075,0.5903980188228946,0.5308872320628395,0.9446893920259014,0.820488853233631,0.03314099954088577,-0.01820800906492727,-0.011145965330836886,0.07217065661936715,-0.03874349150232578,-0.023801454876852254
23.72,0.30484844868909367,-0.043976510652895096,0.5902320380622066,0.5312222552786844,0.944505373176063,0.820376202447999,0.03386410589633109,-0.018595915144336877,-0.011384295221926813,0.07244801974899719,-0.03883603778232626,-0.023863511486529914
23.73,0.30496710326986676,-0.04405032464532088,0.5900625315296374,0.5315645231673175,0.9443174708064426,0.8202611653616154,0.034589908261071105,-0.018984696222051126,-0.01162321540177943,0.07270988038908968,-0.03891850451713516,-0.023919520462396832
23.740000000000002,0.3050882321086027,-0.04412577984256466,0.5898894903406654,0.5319140619158921,0.9441256766696978,0.8201437363731906,0.035318252264976736,-0.019374251903814466,-0.011862665629177609,0.07295636923706073,-0.03899097200389651,-0.023969528841707017
23.75,0.30521184081604996,-0.04420288611080281,0.589712906478359,0.5322708961746198,0.9439299835184586,0.8200239104815222,0.03604898494245467,-0.019764482578754548,-0.01210258612180668,0.07318764509690295,-0.039053514880645394,-0.02401358039905223
23.76,0.3053379344014938,-0.0442816530951789,0.5895327727866913,0.532635049071955,0.9437303850977228,0.8199016832810393,0.03678195481549475,-0.020155289402891526,-0.01234291754594661,0.073403821745214,-0.03910621693870379,-0.024051723889209405
23.77,0.30546651727715296,-0.04436209022119253,0.5893490829635873,0.5330065422266012,0.9435268761366048,0.8197770509569976,0.037517011431857795,-0.02054657439299233,-0.01258360106757393,0.07360501469211397,-0.03914916164708849,-0.02408400777689554
23.78,0.3055975932623324,-0.04444420669583432,0.5891618315539362,0.5333853957588931,0.9433194523399531,0.8196500102806138,0.03825400557989371,-0.020938240383328692,-0.01282457832720483,0.07379134875498877,-0.03918243061519286,-0.02411047938328606
23.79,0.30573116558821173,-0.04452801150894481,0.5889710139427051,0.5337716283032646,0.9431081103801885,0.8195205586043324,0.038992789288468256,-0.02133019102593265,-0.013065791438957957,0.07396294722009567,-0.03920610578521226,-0.02413118610777829
23.8,0.30586723690263357,-0.044613513434455465,0.5887766263480558,0.5341652570205768,0.9428928478891081,0.8193886938570855,0.03973321581166257,-0.02172233079390763,-0.013307182991337516,0.07411993184439555,-0.039220269428484326,-0.024146175428017145
23.81,0.3060058092748932,-0.044700721031508406,0.588578665814463,0.5345662976102938,0.9426736634496596,0.8192544145395443,0.04047513961348989,-0.0221145649846994,-0.013548696048015042,0.07426242285803344,-0.03922500414158816,-0.024155494899890998
23.82,0.306146884200524,-0.04478964264545543,0.5883771302058289,0.5349747643225067,0.9424505565876804,0.8191177197193649,0.041218416352644706,-0.02250679972332923,-0.01379027414861242,0.07439053896745774,-0.039220392842209864,-0.024159192157498715
23.830000000000002,0.3062904626060802,-0.044880286408736536,0.5881720181985989,0.5353906699698024,0.9422235277636068,0.8189786090264242,0.041962902867281965,-0.022898941965582207,-0.01403186130948303,0.07450439735916493,-0.03920651876478067,-0.024157314913087747
23.84,0.30643654485391725,-0.044972660241642426,0.5879633292748776,0.5358140259389843,0.9419925783641507,0.818837082648048,0.04270845715983979,-0.023290899501152488,-0.014273402024493129,0.07460411370406184,-0.03918346545589486,-0.024149910956964147
23.85,0.3065851307469686,-0.045066771852955934,0.5877510637155419,0.5362448422026383,0.9417577106939438,0.8186931413242331,0.04345493838190867,-0.023682580956741504,-0.014514841265802103,0.07468980216243482,-0.03915131676951344,-0.02413702815737426
23.86,0.3067362195335199,-0.04516262874048177,0.5875352225933568,0.5366831273305488,0.9415189279671536,0.8185467863428602,0.04420220681915071,-0.024073895799105818,-0.014756124484640558,0.07476157538951952,-0.03911015686196125,-0.02411871446035881
23.87,0.3068898099119809,-0.04526023819145797,0.5873158077660878,0.5371288885009663,0.9412762342990673,0.8183980195348985,0.04495012387999972,-0.024464754337311434,-0.014997197611669741,0.07481955122179927,-0.039060068848968135,-0.024095017137892225
23.88,0.3070459000363639,-0.045359607283252334,0.5870928218697333,0.5375821315131164,0.9410296346979261,0.8182468432697618,0.045698552443535226,-0.02485506765301728,-0.015238007016928172,0.07486388913045691,-0.03900112750150702,-0.02406597868649288
23.89,0.3072044875224991,-0.0454607428843577,0.5868662683118768,0.5380428608010119,0.9407791350570196,0.818093260450817,0.04644735639544549,-0.025244747693313085,-0.015478499561146745,0.07489464684086239,-0.038933427954853744,-0.024031652961805105
23.900000000000002,0.30736556945128524,-0.04556365165363263,0.5866361512645492,0.5385110794413149,0.9405247421455922,0.8179372745102348,0.047196400469614236,-0.025633707302309086,-0.015718622612677733,0.07491193128074863,-0.03885705547573776,-0.02399208819369056
23.91,0.30752914237311035,-0.045668340040082855,0.5864024756572825,0.5389867891633481,0.9402664636001791,0.8177788894040893,0.047945550461849284,-0.026021860178160987,-0.015958324022555977,0.07491584790860327,-0.03877209560552421,-0.023947332688755082
23.92,0.30769520231261727,-0.04577481428273106,0.5861652471702241,0.539469990359641,0.9400043079160519,0.8176181096075279,0.048694673215233915,-0.026409120875786604,-0.016197552125265215,0.07490650072237703,-0.03867863415417413,-0.023897434830076447
23.93,0.30786374477346373,-0.0458830804103767,0.5859244722272481,0.5399606820963294,0.9397382844386388,0.8174549401099329,0.04944363660556563,-0.026795404809520057,-0.016436255739500753,0.07488399226875833,-0.03857675719404383,-0.02384244307690488
23.94,0.3080347647430806,-0.045993144241256445,0.5856801579890663,0.5404588621234108,0.9394684033549161,0.8172893864100746,0.05019230952689431,-0.027180628255705122,-0.01667438416893026,0.07484842365301332,-0.0384665510535288,-0.02378240596433596
23.95,0.3082082566974241,-0.04610501138259915,0.5854323123463397,0.5409645268848537,0.9391946756847765,0.8171214545112597,0.05094056187715741,-0.027564708355222123,-0.01691188720294975,0.07479989454939187,-0.03834810231055931,-0.02371737210295593
23.96,0.30838421460572685,-0.04621868723008282,0.5851809439127894,0.5414776715285673,0.9389171132723709,0.8169511509164683,0.05168826454392638,-0.027947563115951264,-0.01714871511743734,0.0747385032120996,-0.038221497785952636,-0.023647390178458693
23.97,0.3085626319352416,-0.046334176967191,0.5849260620183047,0.541998289916224,0.9386357287774261,0.8167784826234866,0.052435289390261305,-0.028329111415166634,-0.017384818675501578,0.0746643464868376,-0.0380868245366293,-0.023572508951234777
23.98,0.3087435016562564,-0.04645148556462714,0.584667676702098,0.5425263746334826,0.9383505356666463,0.8166034571200906,0.05318150948248002,-0.028709272953737586,-0.017620149101038905,0.07457759295633648,-0.03794415529224397,-0.0234927690325386
23.990000000000002,0.30892681624980367,-0.046570617781147405,0.5844057987063008,0.5430619170053778,0.9380615482061476,0.8164260823798198,0.053926799418053686,-0.029087968190353152,-0.017854658041040288,0.07447830744271212,-0.03779358338166512,-0.023408222619049623
24.0,0.30911256771154527,-0.04669157816216524,0.5841404394689328,0.5436049071040667,0.937768781452378,0.8162463668569007,0.05467103405123823,-0.029465118594617302,-0.018088297708073135,0.07436654785491065,-0.03763520345197117,-0.023318922603977967
24.01,0.309300747554594,-0.04681437103766917,0.583871611116693,0.5441553337543544,0.9374722512425974,0.816064319480926,0.055414089100320855,-0.029840646525582833,-0.018321020811197596,0.07424240577288917,-0.03746910338606761,-0.023224918014657273
24.02,0.3094913468142162,-0.046939000521104335,0.5835993264580636,0.5447131845427843,0.9371719741860789,0.8158799496519453,0.05615584119263892,-0.030214475222143884,-0.01855278055011109,0.07410597142932786,-0.037295371268206756,-0.023126257951191966
24.03,0.30968435605256267,-0.04706547050818932,0.5833235989764173,0.5452784458266632,0.9368679676552985,0.8156932672355556,0.05689616785118185,-0.03058652880501369,-0.01878353061587407,0.0739573337242014,-0.03711409537659111,-0.023022991585914917
24.04,0.3098797653633961,-0.047193784675645445,0.5830444428231238,0.5458511027429501,0.936560249777108,0.8155042825579827,0.05763494748133713,-0.030956732278625512,-0.019013225191628742,0.07379658023994137,-0.036925364175881846,-0.022915168162814404
24.05,0.3100775643768131,-0.047323946479846724,0.582761872810657,0.5464311392170158,0.9362488394238888,0.8153130064011581,0.058372059357795214,-0.031325011532960446,-0.019241818953313252,0.07362379725719241,-0.03672926630961544,-0.022802836996928276
24.060000000000002,0.310277742263962,-0.04745595915538664,0.5824759044056979,0.5470185379712703,0.9359337562046874,0.8151194499977867,0.05910738361161124,-0.031691293345297064,-0.01946926707036851,0.07343906977116896,-0.03652589059253604,-0.022686047473706134
24.07,0.3104802877419492,-0.0475898257136787,0.5821865537222741,0.547613280534044,0.9356150204564098,0.8149236250264519,0.05984080143395335,-0.03205550533912822,-0.019695525182113295,0.07324256364945336,-0.036315309782031235,-0.022564839819753626
24.080000000000002,0.31068518908230913,-0.04772554894349629,0.5818938375154709,0.5482153472553807,0.9352926532363872,0.8147255436075024,0.060572195825371475,-0.03241757583530707,-0.01992054931284224,0.07303436020277539,-0.03609761324202303,-0.022439263690197584
24.09,0.31089243411573697,-0.0478631314093409,0.5815977731745393,0.548824717315354,0.9349666763134792,0.8145252182981093,0.06130144968452716,-0.032777434228539806,-0.020144296085849157,0.07281447067085585,-0.03587290407807111,-0.0223093765424961
24.1,0.3111020102334822,-0.04800257544785064,0.581298378715462,0.5494413687256797,0.9346371121578572,0.8143226620865732,0.062028446552756016,-0.033135010839376054,-0.02036672263908042,0.07258297528907542,-0.035641271670844056,-0.022175228013531882
24.11,0.31131390439191986,-0.048143883165934764,0.5809956727740349,0.5500652783374778,0.9343039839320159,0.8141178883873332,0.0627530707677149,-0.03349023688284562,-0.020587786607190007,0.07233995308973147,-0.035402805534488574,-0.022036867807868215
24.12,0.3115281031172511,-0.0482870564389154,0.5806896745989696,0.5506964218491773,0.9339673154818218,0.813910911035995,0.06347520745145087,-0.033843044469754446,-0.02080744612221291,0.07208548192169634,-0.03515759530864133,-0.021894345696948442
24.13,0.31174459251019604,-0.04843209690860706,0.5803804040449959,0.5513347738143005,0.9336271313275498,0.8137017442843545,0.06419474249866595,-0.0341933666078983,-0.021025659814229172,0.0718196384707217,-0.034905730750392244,-0.021747711518259168
24.14,0.31196335825068444,-0.0485790059813318,0.580067881565963,0.5519803076491318,0.9332834566549065,0.8134904027954134,0.06491156256519194,-0.03454113720319789,-0.021242386812020564,0.07154249828039069,-0.03464730172620153,-0.021597015174454535
24.150000000000002,0.31218438560257794,-0.04872778482590001,0.5797521282079455,0.5526329956403471,0.9329363173060596,0.8132769016383983,0.06562555513734158,-0.03488629104492562,-0.021457586734659643,0.07125419382422686,-0.034382386815072656,-0.021442300114267825
24.16,0.31240765942186954,-0.04887843437351336,0.5794331656029081,0.5532928089594197,0.9325857397720061,0.8130612562845451,0.06633660985002547,-0.035228763545904526,-0.021671219542897777,0.07095489872146972,-0.03411105640140499,-0.021283605106382213
24.17,0.31263316416449266,-0.049030955317408254,0.5791110159623056,0.5539597176761656,0.932231751184786,0.8128434826027939,0.06704461623210715,-0.03556849118359689,-0.021883245791735062,0.07064453968412165,-0.03383342918332072,-0.02112099658491553
24.18,0.31286088388557964,-0.049185348107580684,0.5787857020693121,0.5546336907552755,0.9318743793063694,0.8126235968535793,0.06774946400189148,-0.03590541144085337,-0.022093626596664372,0.07032318806719885,-0.03354959535232798,-0.020954524685987224
24.19,0.31309080224348895,-0.04934161294817124,0.5784572472718164,0.5553146960621738,0.9315136525193869,0.8124016156836724,0.06845104358601721,-0.03623946270280112,-0.022302323574848747,0.06999091418628023,-0.03325964517073273,-0.020784239607261362
24.2,0.3133229025044743,-0.0494997497951703,0.5781256754755206,0.5560027003700494,0.9311495998181044,0.8121775561211625,0.06914924610918279,-0.03657058425750969,-0.022509298845730785,0.06964778734210135,-0.0329636689634584,-0.020610191606873017
24.21,0.3135571675473481,-0.04965975835407971,0.5777910111370378,0.556697669366788,0.9307822507993893,0.8119514355704303,0.069843963384126,-0.036898716296577365,-0.02271451503163249,0.06929387584584139,-0.032661757109849573,-0.02043243100231077
24.22,0.31379357986814077,-0.04982163807753043,0.5774532792569881,0.5573995676618003,0.9304116356536735,0.8117232718071166,0.07053508790185546,-0.0372237999156332,-0.02291793525834235,0.06892924704511107,-0.03235400003546745,-0.020251008169256794
24.23,0.31403212158542343,-0.04998538816324727,0.5771125053732017,0.5581083587940852,0.9300377851561685,0.8114930829732327,0.07122251341898213,-0.03754577699840764,-0.023119523088703346,0.0685541471170496,-0.03204045315862308,-0.02006595336332912
24.240000000000002,0.31427277445215307,-0.050151007555723603,0.5767687155549539,0.5588240052531497,0.9296607306606044,0.8112608875737216,0.07190613575196021,-0.03786459006043379,-0.02331924243299361,0.06816856303551436,-0.031721222281493405,-0.0198773258868828
24.25,0.3145155198579878,-0.0503184949424163,0.5764219363956893,0.559546468480964,0.9292805040892833,0.8110267044708915,0.07258584965825009,-0.03818018285557292,-0.023517057898532142,0.06777247249237457,-0.03139641486552953,-0.01968518603960502
24.26,0.31476033882918086,-0.05048784874850898,0.576072195005361,0.5602757088690064,0.9288971379221926,0.8107905528783057,0.0732615503931926,-0.03849250007098853,-0.02371293461449957,0.06736593933677873,-0.031066121423085666,-0.019489584408269305
24.27,0.31500721203313886,-0.05065906713431867,0.5757195190035137,0.5610116857644857,0.9285106651879221,0.8105524523557054,0.07393313384640433,-0.03880148729901455,-0.023906838216212138,0.06694902657984995,-0.030730432474619533,-0.01929057163305206
24.28,0.31525611978306184,-0.050832147992727617,0.5753639365123772,0.5617543574766455,0.9281211194546125,0.8103124228039454,0.07460049653354836,-0.03910709103719654,-0.024098734845649318,0.06652179642463545,-0.030389438540568286,-0.019088198406133156
24.29,0.31550704204257496,-0.05100708894658679,0.5750054761499598,0.5625036812829812,0.9277285348209028,0.8100704844599258,0.07526353558840446,-0.03940925868825012,-0.024288591151966122,0.06608431029678767,-0.030043230133242248,-0.018882515470249987
24.3,0.315759958430799,-0.051183887346355095,0.5746441670232103,0.5632596134362596,0.9273329459070485,0.8098266578916148,0.07592214923926108,-0.03970793846612338,-0.024476374237681644,0.06563680813490773,-0.029691863002390247,-0.018673553502677867
24.310000000000002,0.3160148482349864,-0.051362540272103574,0.5742800387223662,0.5640221091865376,0.9269343878489652,0.8095809639947601,0.0765762383574826,-0.04000307909421431,-0.024662051484578486,0.06517933381542367,-0.029335430738483693,-0.018461365148115087
24.32,0.31627169041472736,-0.05154304453065023,0.5739131213139769,0.5647911227863586,0.9265328962890254,0.8093334239877151,0.07722570238018397,-0.040294630594057905,-0.024845591010901707,0.06471179885812953,-0.028974052422802384,-0.01824601787242275
24.330000000000002,0.3165304635995446,-0.05172539664885423,0.5735434453328924,0.5655666074827158,0.926128507364307,0.8090840594047827,0.07787044099471337,-0.04058254395716677,-0.025026961482050063,0.0642342619002816,-0.02860781845455329,-0.01802756260515386
24.34,0.3167911460932496,-0.05190959287079672,0.5731710417753143,0.5663485155223966,0.925721257697454,0.808832892091065,0.07851035447161021,-0.040866771078827135,-0.025206132072941728,0.06374678094877392,-0.028236819187995987,-0.017806050320398538
24.35,0.3170537158785558,-0.05209562915510574,0.5727959420918859,0.5671367981577846,0.9253111843876404,0.8085799441973651,0.07914534365847675,-0.04114726475761044,-0.025383072468451548,0.06324941341497714,-0.027861144924543665,-0.017581532035066877
24.36,0.31731815062168867,-0.05228350117227798,0.5724181781807834,0.5679314056525994,0.9248983250015407,0.8083252381750864,0.07977530997419839,-0.04142397869480499,-0.025557752863829993,0.06274221615031463,-0.027480885904904283,-0.017354058807122402
24.37,0.31758442767864764,-0.05247320430296004,0.5720377823810623,0.5687322872908874,0.9244827175649419,0.8080687967714962,0.08040015665300503,-0.04169686725285926,-0.02573014382491336,0.06222556147904518,-0.027096071374186015,-0.01712364627887731
24.38,0.31785252411076226,-0.052664733641662353,0.5716547874674458,0.5695393914045342,0.9240644005579468,0.8078106430270723,0.081019788947693,-0.04196588541449962,-0.025900216265137718,0.061699285183119706,-0.026706833857744347,-0.016890370275596
24.39,0.31812241668299646,-0.05285808399044711,0.5712692266424322,0.5703526653663158,0.9236434129035455,0.8075508002689818,0.08163411020311871,-0.042230989538094905,-0.026067941885933914,0.06116336280828168,-0.026313278762600048,-0.01665429092609477
24.400000000000002,0.3183940818630441,-0.053053249853059314,0.5708811335285299,0.5711720555844518,0.9232197939564981,0.8072892921047332,0.08224302423324864,-0.042492136897630824,-0.026233292909883865,0.06061784923738035,-0.025915496028005268,-0.01641545944497545
24.41,0.3186674958258956,-0.05325022543225272,0.5704905421613418,0.5719975075080388,0.9227935834943298,0.8070261424170476,0.08284643539889366,-0.04274928566601362,-0.02639624207188516,0.06006279896300577,-0.025513575497555074,-0.016173927080431128
24.42,0.31894263445843063,-0.053449004627139196,0.570097486982652,0.5728289656325012,0.9223648217083452,0.8067613753587338,0.08344424860400532,-0.04300239491407599,-0.026556762619476867,0.05949826612727095,-0.02510760691163751,-0.015929745112185065
24.43,0.319219473364173,-0.053649581030651816,0.5697020028335422,0.5736663735053296,0.9219335491947191,0.806495015347598,0.08403636957278687,-0.04325142455570054,-0.026714828281680036,0.05892446542037096,-0.024697649034340997,-0.01568294680034127
24.44,0.3194979878765323,-0.05385194793201209,0.5693041249488059,0.5745096737488001,0.9214998069488576,0.8062270870632566,0.08462270767792247,-0.043496334803437724,-0.026870412951616116,0.058341600287744766,-0.024283762617696835,-0.01543356666381004
24.45,0.3197781530680759,-0.05405609831692082,0.5689038889507546,0.5753588080747544,0.9210636363582565,0.805957615443061,0.08520317056065478,-0.04373708719911585,-0.027023491290142653,0.0577494297822179,-0.023866093515170755,-0.015181689084039706
24.46,0.3200599437434467,-0.054262024858155955,0.5685013308405086,0.5762137172665839,0.9206250791890822,0.8056866256743405,0.08577766543221009,-0.043973644362436615,-0.027174038579835903,0.05714800686429863,-0.023444731016750216,-0.014927365466728359
24.47,0.32034333444289875,-0.05446971991241217,0.5680964869909226,0.5770743411824361,0.9201841775768417,0.8054141431890283,0.08634610003257666,-0.04420596980532641,-0.027322030617444506,0.05653738433325128,-0.023019764276226432,-0.014670647240286858
24.48,0.32062829944687754,-0.0546791755177789,0.5676893941396739,0.5779406187604975,0.9197409740174668,0.8051401936585186,0.08690838262911248,-0.04443402793053892,-0.027467443714105068,0.055917614870985496,-0.022591282304020566,-0.014411585853471189
24.490000000000002,0.32091481278061385,-0.054890383391258235,0.5672800893823513,0.5788124880242879,0.9192955113584199,0.8048648029885239,0.08746442207251647,-0.044657784019310656,-0.027610254689144742,0.05528882851897025,-0.02215935916750084,-0.014150224082725022
24.5,0.32120284822526757,-0.055103334930194925,0.5668686101665423,0.5796898861011122,0.9188478327923267,0.8045879973154102,0.0880141310080313,-0.044877203616261185,-0.02775044050979837,0.05465145877159537,-0.021724010799991283,-0.01388657066030436
24.51,0.3214923793332956,-0.05531802121627727,0.5664549942865594,0.5805727492490415,0.9183979818522556,0.8043098030034851,0.08855742133892044,-0.04509225339442623,-0.027887978800479878,0.05400511631732042,-0.02128541016163347,-0.013620726677026768
24.52,0.32178337941912527,-0.05553443300496269,0.5660392798744047,0.5814610128342661,0.9179460023975339,0.8040302466367176,0.0890942035999169,-0.045302901273352195,-0.02802284791326261,0.053349853527842,-0.02084364567496762,-0.013352743671193275
24.53,0.3220758215610397,-0.05575256072154805,0.5656215053924474,0.5823546113309448,0.9174919386038745,0.8037493550129785,0.08962438884988704,-0.04550911605594575,-0.028155026715655642,0.05268572286591863,-0.02039880558832282,-0.013082673191176829
24.54,0.32236967860574967,-0.05597239445887181,0.5652017096265102,0.5832534783264489,0.9170358349545521,0.8034671551388863,0.09014788867297813,-0.04571086742669746,-0.0282844945906909,0.05201277693310033,-0.019950977969074198,-0.012810566792747828
24.55,0.3226649231729821,-0.05619392397507028,0.5647799316789591,0.5841575465266551,0.9165777362316021,0.8031836742246543,0.090664615241105,-0.04590812593825925,-0.02841123143015185,0.051331153565083124,-0.01950023451377743,-0.012536466488629296
24.560000000000002,0.32296152766736347,-0.056417138695737556,0.5643562109628941,0.5850667477759512,0.916117687509835,0.8028989396805889,0.09117448492544539,-0.04610086232272256,-0.02853521722940247,0.05064133885327311,-0.019046580501760342,-0.012260375223358322
24.57,0.3232594642951689,-0.05664202771908167,0.5639305871970685,0.5859810130871308,0.9156557341527469,0.802612979114693,0.09167741321753682,-0.0462890484565806,-0.02865643265786307,0.049942883961867815,-0.018590198968823236,-0.011982400931260802
24.580000000000002,0.32355870505321727,-0.05686857980451604,0.5635031003966052,0.5869002726151491,0.9151919217977632,0.8023258203239657,0.09217331398152925,-0.04647265750156514,-0.028774859143280436,0.049235842136606214,-0.018131177268740913,-0.011702595214848075
24.59,0.32385922173036963,-0.057096783368791704,0.5630737908656196,0.5878244556562692,0.9147262963463278,0.8020374912885488,0.09266210161581308,-0.046651663491903084,-0.02889047862940691,0.04852026698845069,-0.017669602545756856,-0.011421009672251499
24.6,0.3241609859121033,-0.05732662648401776,0.5626426991903059,0.5887534906534276,0.9142589039551885,0.8017480201665669,0.09314369105692766,-0.046826041332190094,-0.02900327357594196,0.04779621254469349,-0.01720556172831009,-0.011137695894249962
24.61,0.32446396898523394,-0.0575580968758303,0.5622098662320487,0.5896873052019346,0.9137897910277618,0.8014574352890014,0.09361799808412409,-0.046995766738291124,-0.029113226924732054,0.04706393277813173,-0.01673910369991166,-0.010852683056402773
24.62,0.32476814215382177,-0.057791181928359636,0.5617753331222066,0.5906258260778358,0.9133190042098049,0.8011657651571066,0.09408494346631548,-0.04716081544972413,-0.02922032163443134,0.04632375585393102,-0.016270263146967907,-0.010565992046133427
24.63,0.32507347645200285,-0.05802586868746268,0.5613391412564307,0.5915689792601616,0.9128465903839461,0.8008730384391342,0.09454444553719626,-0.04732116463621495,-0.029324541514909635,0.04557527974797706,-0.015799213081493117,-0.010277725811757982
24.64,0.32537994273138626,-0.0582621438487157,0.5609013322851748,0.5925166899017669,0.912372596654474,0.8005792839612774,0.094996421582942,-0.04747679263334173,-0.029425871071881608,0.04481856016410272,-0.015326039604284874,-0.009987935941236325
24.650000000000002,0.325687511663777,-0.058499993754657864,0.5604619481065067,0.5934688823311621,0.911897070338021,0.8002845307020938,0.09544078945001473,-0.04762767863648496,-0.029524295326841032,0.04405365346484437,-0.014850828574086601,-0.009696674001908101
24.66,0.32599615374575597,-0.05873940439322067,0.560021030859198,0.5944254800581531,0.9114200589549769,0.7999888077873478,0.09587746755201937,-0.04777380269837811,-0.02961979981683837,0.04328061672527233,-0.014373665601823096,-0.00940399153724974
24.67,0.3263058393045015,-0.058980361396985925,0.5595786229159966,0.595386405782056,0.9109416102214012,0.7996921444851381,0.09630637615054001,-0.047915145485907466,-0.02971237045111077,0.042499939254297354,-0.013894554492947882,-0.009109891573234606
24.68,0.3266165385203915,-0.05922285005271155,0.5591347668793951,0.5963515814340451,0.9104617720473998,0.7993945702048564,0.09672744027609609,-0.04805168772695679,-0.029801993183414772,0.04171155751066124,-0.013413603443764499,-0.008814439329635819
24.69,0.3269282214279079,-0.05946685529784218,0.5586895055741623,0.5973209281756149,0.9099805925272137,0.7990961144912049,0.09714058083250116,-0.04818341189076637,-0.029888655012393905,0.04091523532182259,-0.012930953180792347,-0.008517719491996966
24.7,0.3272408579056923,-0.059712361710482165,0.5582428820382743,0.5982943663750444,0.9094981199251642,0.7987968070157384,0.09754571871378333,-0.04831030140882544,-0.02997234351955961,0.04011103254049586,-0.012446688384610485,-0.008219783544549235
24.71,0.32755441768072985,-0.05995935350798842,0.5577949395159435,0.599271815612563,0.9090144026670269,0.798496677571623,0.09794277541729085,-0.04843234055807491,-0.03005304680107585,0.03929900998720141,-0.011960893464088962,-0.00792068293298559
24.72,0.32786887033294254,-0.06020781454590035,0.5573457214507109,0.6002531946864303,0.9085294893315933,0.7981957560684915,0.0983316730536476,-0.048549514458163884,-0.030130753467356268,0.0384792295059632,-0.011473652551167878,-0.007620469060989741
24.73,0.3281841853060531,-0.06045772832079177,0.5568952714794644,0.6012384216318593,0.9080434286446559,0.7978940725287353,0.09871233822849429,-0.04866180833897361,-0.030205452207260976,0.037652539493291344,-0.010984901443083894,-0.007319104950828166
24.740000000000002,0.32850033193203254,-0.060709077981563,0.5564436334284537,0.602227413767748,0.9075562694782484,0.797591657086917,0.0990846984483386,-0.048769208217314175,-0.030277132193074176,0.03681824003844034,-0.010494867702125186,-0.007016727829205893
24.75,0.32881727941681604,-0.060961846317183654,0.555990851303589,0.6032200876646886,0.9070680608350496,0.7972885399803213,0.09944867784869717,-0.04887170170141854,-0.03034578356172648,0.0359763864548449,-0.010003636472103467,-0.006713390070188402
24.76,0.3291349968382401,-0.06121601575194002,0.5555369692825499,0.6042163591378716,0.9065788518374899,0.7969847515422965,0.09980420121612289,-0.04896927723219169,-0.030411396963297588,0.035127044520412876,-0.00951129086277735,-0.006409142955139873
24.77,0.3294534531506521,-0.06147156834484635,0.5550820317078807,0.6052161432536617,0.9060886917194404,0.7966803221971273,0.10015119400133846,-0.04906192408014782,-0.03047396356039413,0.034270281300706903,-0.009017913685474162,-0.006104037707497467
24.78,0.3297726171902549,-0.0617284857896091,0.5546260830801935,0.6062193543377772,0.9055976298182072,0.7963752824550773,0.10048958327106884,-0.04914963216590165,-0.030533474921900207,0.033406565130795915,-0.008523512249366321,-0.00579808047560598
24.79,0.33009245769822537,-0.06198674942565924,0.5541691680539731,0.6072259060199044,0.905105715573385,0.7960696629115255,0.1008193022519321,-0.049232391205294865,-0.03058992251245128,0.03253602480279426,-0.008028157664583922,-0.005491315717423139
24.8,0.3304129433271745,-0.06224634023909903,0.5537113314309342,0.6082357112444959,0.9046129985193531,0.7957634942422849,0.1011402797605452,-0.04931019269647112,-0.030643298883064187,0.03165828255090554,-0.007532016252677593,-0.0051838450015269716
24.810000000000002,0.33073404262620465,-0.06250723885053067,0.5532526181502455,0.6092486822379254,0.9041195282695714,0.7954568071940016,0.10145244413630121,-0.04938302918003545,-0.030693597229448328,0.030773410356126914,-0.0070351697362589114,-0.004875719373079473
24.82,0.33105572404451306,-0.06276942551437514,0.552793073281478,0.6102647305135861,0.9036253545080138,0.7951496325788139,0.10175572444613504,-0.04945089401223246,-0.030740811257394057,0.029881481755283577,-0.006537699519951557,-0.004566989802501458
24.830000000000002,0.33137795593603775,-0.06303288011894387,0.5523327420177051,0.611283766879245,0.9031305269810257,0.7948420012692546,0.10205005050163186,-0.04951378136150822,-0.030784935181864075,0.028982587039112023,-0.006039683844969437,-0.004257705475861658
24.84,0.33170070657186485,-0.06329758219144582,0.5518716696697353,0.6123057014604395,0.9026350954921984,0.794533944194952,0.10233535755955445,-0.04957168532631718,-0.0308259631984756,0.028077681679667614,-0.0055410385928602625,-0.003947818213593378
24.85,0.3320239441667387,-0.06356351091192403,0.5514099016623882,0.6133304437529847,0.9021391099027023,0.7942254923425981,0.10261158140824364,-0.04962460085703446,-0.0308638900381372,0.02716595828471148,-0.005042010430405396,-0.003637478548754146
24.86,0.33234763686142593,-0.06383064509992475,0.5509474835243415,0.6143579025852023,0.9016426201146855,0.7939166767457365,0.10287865426308843,-0.049672524526114994,-0.030898711430560225,0.02624749630249844,-0.004542679613674709,-0.0033267372137035494
24.87,0.3326717527203916,-0.06409896321071762,0.5504844608802159,0.6153879861115721,0.901145676060563,0.7936075284780787,0.10313650914303538,-0.049715453706899664,-0.03093042361232158,0.025322377005482302,-0.004043126063154302,-0.0030156448485496
24.88,0.33299625973647146,-0.0643684433359707,0.5500208794436799,0.6164206018208567,0.9006483276950272,0.79329807864844,0.10338507988910703,-0.049753386570241025,-0.030959023325922184,0.02439068354563962,-0.003543429360093726,-0.0027042519973603835
24.89,0.3333211258373314,-0.06463906320566859,0.5495567850108135,0.6174556565480583,0.9001506249877693,0.7929883583960956,0.10362430297036905,-0.04978632174637067,-0.03098450761729207,0.023453086182438583,-0.003043559128027974,-0.0023925431120342374
24.900000000000002,0.33364631891378527,-0.06491080020386386,0.5490922234566344,0.61849305653151,0.8996526179246577,0.7926783988912148,0.10385412101316029,-0.049814257664031684,-0.03100687343897992,0.022509463585844783,-0.00254363329785557,-0.0020805920359430632
24.91,0.3339718068182035,-0.06518363136591465,0.5486272407272843,0.6195327074087502,0.8991543564974442,0.7923682313283805,0.1040744712142816,-0.049837194721224325,-0.031026118958063606,0.02155953271758291,-0.002043800124944238,-0.0017684909719852737
24.92,0.3342975573507451,-0.06545753336815657,0.5481618828304569,0.6205745141874448,0.8986558906887926,0.7920578869172802,0.10428529094059734,-0.04985513423665192,-0.031042242925902287,0.02060338384633748,-0.0015441379766332562,-0.001456290149029907
24.93,0.3346235382636099,-0.06573248252895059,0.547696195828447,0.6216183812534761,0.8981572704642682,0.7917473968775787,0.1044865184723227,-0.04986807831092225,-0.031055244595576976,0.01964110938250309,-0.0010447248659733684,-0.0011440396819709052
24.94,0.3349497172658681,-0.06600845481022438,0.5472302258312748,0.6226642123804079,0.8976585457645756,0.7914367924339307,0.1046780933047949,-0.04987602977059709,-0.031065123689109672,0.01867304081726964,-0.0005455941377917614,-0.0008317628232740132
24.95,0.3352760620429674,-0.06628542582841729,0.5467640189919296,0.6237119107694155,0.8971597665034957,0.7911261048144228,0.10485996243356495,-0.04987899099309707,-0.03107187968918171,0.01769980451606134,-4.672403907680835e-05,-0.0005194496659922771
24.96,0.33560254027660136,-0.06656337086587627,0.5462976215016506,0.6247613790902657,0.8966609825660069,0.7908153652491168,0.10503206995145412,-0.04987696585326497,-0.031075513014967925,0.01672073519437792,0.0004516655058951543,-0.00020723626595254207
24.97,0.3359291196230768,-0.06684226485617828,0.5458310795792366,0.6258125194368631,0.8961622437904246,0.7905046049589385,0.105194358028788,-0.049869959540710926,-0.031076024912820306,0.015735933353162437,0.0009494977435745889,0.0001048276426198775
24.98,0.33625576771445803,-0.06712208238389877,0.5453644394636425,0.6268652333298814,0.8956635999593354,0.7901938551498651,0.10534676985283038,-0.04985797801074663,-0.03107341712577628,0.014745501887289209,0.0014466962876321173,0.0004166924574860695
24.990000000000002,0.3365824521633284,-0.06740279768679452,0.5448977474070993,0.6279194217270518,0.8951651007919608,0.7898831470079661,0.10548924965196803,-0.049841027980700746,-0.03106769189222051,0.013749546134716354,0.0019431851213436084,0.0007283087120134092
25.0,0.3369091405732233,-0.06768438466173998,0.5444310496690432,0.6289749850454003,0.8946667959387401,0.7895725116957789,0.10562174672253286,-0.04981911617841755,-0.031058851492115267,0.01274908631165781,0.002439059077752821,0.0010397302133860783
25.01,0.3372358005705236,-0.06796681688451783,0.5439643925131161,0.6300318232281862,0.8941687349842599,0.7892619803537233,0.10574421376631678,-0.049792249653858874,-0.031046898436357974,0.011743447193173119,0.0029340960992891283,0.001350818974822792
25.02,0.3375623997881608,-0.06825006759914881,0.5434978221972535,0.6310898357123977,0.8936709674315902,0.7889515840902624,0.10585659834919488,-0.04976043737608329,-0.031031836433735093,0.010732613001970256,0.003428197237966976,0.0016615114063632526
25.03,0.3378889058586134,-0.06853410971318658,0.5430313849651155,0.6321489214155712,0.8931735426902226,0.788641353974231,0.1059588490909922,-0.04972368907778376,-0.031013669692698607,0.009716698290755124,0.003921287784035093,0.001971758502641013
25.04,0.33821528641869497,-0.0688189158006432,0.5425651270392093,0.633208978747211,0.8926765100685924,0.7883313210299316,0.10605091577040238,-0.04968201523685397,-0.030992402910991274,0.008695820287885136,0.004413293407402066,0.0022815114114379626
25.05,0.3385415091155728,-0.06910445810585225,0.5420990946141869,0.6342699056229993,0.8921799187671086,0.7880215162325299,0.1061327507889013,-0.04963542680431358,-0.030968041111458396,0.007670653613493576,0.004904243714029079,0.002590784217635044
25.060000000000002,0.33886754163566335,-0.06939070856218255,0.5416333338534036,0.6353315995267776,0.8916838178800933,0.7877119705088443,0.10620431433949488,-0.04958393424062361,-0.03094058905854357,0.006641279356866985,0.005394057367631173,0.0028995236746245288
25.07,0.3391933517081325,-0.06967763879470934,0.5411678908818411,0.6363939575201556,0.8911882563879266,0.7874027147321899,0.1062655610419143,-0.0495275500121926,-0.030910052772517606,0.005607304957854555,0.005882564464618082,0.0032076227716664393
25.080000000000002,0.3395189070864801,-0.06996522010890849,0.5407028117759161,0.6374568762067546,0.89069328314071,0.7870937797120734,0.10631644552887717,-0.04946628754987116,-0.030876438898746295,0.004568857722615883,0.006369692012542818,0.003515033183557272
25.09,0.33984417555242363,-0.07025342349376051,0.5402381425564738,0.6385202517429357,0.8901989468505932,0.7867851961891351,0.10635692372056306,-0.0494001610124991,-0.030839754565000394,0.003526067843778789,0.006855367406201027,0.0038217067550349575
25.1,0.3401691249207923,-0.07054221962565504,0.5397739291819248,0.6395839798508747,0.8897052960845236,0.7864769948303378,0.10638695296619159,-0.049329185262031734,-0.03080000736698721,0.002479225385656217,0.007339547714046477,0.0041276132923487655
25.11,0.34049372305734904,-0.07083157888081704,0.5393102175432184,0.6406479558588355,0.8892123792620568,0.7861692062272267,0.1064064986514575,-0.04925337463223648,-0.03075720462105104,0.001429242973966887,0.007822306007330644,0.0044327930035727775
25.12,0.3408179379044878,-0.071121471353076,0.5388470534599228,0.6417120747582375,0.8887202446562804,0.7858618608960727,0.1064155246833305,-0.04917274470583619,-0.030711354444230277,0.00037531796143641313,0.008303395128345398,0.004737091526525303
25.13,0.3411417374573973,-0.07141186683975304,0.5383844826692725,0.6427762311577546,0.8882289403755135,0.7855549892663317,0.10641399233851313,-0.049087312531101754,-0.030662465886383942,-0.0006824086007270712,0.008782743832799055,0.005040461296656102
25.14,0.3414650897634369,-0.0717027348426354,0.5379225508185203,0.6438403192859321,0.8877385143540355,0.7852486216745858,0.10640186431954309,-0.04899709586678618,-0.03061054847209076,-0.0017437925913814187,0.009260281268530055,0.005342854934976646
25.150000000000002,0.34178796292704966,-0.07199404457267844,0.5374613034580774,0.6449042330055975,0.8872490143450031,0.7849427883598055,0.10637910478564777,-0.04890211317820328,-0.030555612198780807,-0.0028086867890136195,0.009735936975675067,0.005644225250722692
25.16,0.3421103251182389,-0.07228576495719718,0.5370007860351609,0.6459678658359957,0.8867604879147862,0.7846375194594724,0.10634568239632415,-0.048802383071361304,-0.03049766719290767,-0.003876125179143833,0.010209793041381908,0.005944617827401106
25.17,0.34243214460597515,-0.07257786466351979,0.5365410438909536,0.6470311110273939,0.8862729824470719,0.7843328450116395,0.10630157193753342,-0.04869792399155248,-0.030436723527011794,-0.004946490012381802,0.010681679849459662,0.006243925046091271
25.18,0.3427533897477031,-0.07287031209425698,0.5360821222515542,0.6480938615442706,0.8857865451299,0.7840287949466014,0.10624674238843995,-0.04858875645138698,-0.030372792575880832,-0.006019917029209926,0.01115147356620297,0.006542067102931552
25.19,0.34307402897722017,-0.07316307538157407,0.5356240662187017,0.6491560100452494,0.8853012229420663,0.7837253990781762,0.10618116391890084,-0.04847490172751696,-0.03030588622394403,-0.007096247352424336,0.01161910510948709,0.006838997469226272
25.2,0.34339403080947506,-0.07345612239262689,0.535166920762902,0.650217448898648,0.884817062646153,0.7834226870990143,0.10610480830374076,-0.0483563817854481,-0.03023601681991064,-0.008175318862100902,0.012084505790611554,0.00713466981801996
25.21,0.343713363845749,-0.07374942073541291,0.534710730716603,0.651278070199122,0.8843341107817387,0.7831206885760148,0.10601764940599136,-0.048233219191535975,-0.030163197123506246,-0.009256649618305085,0.012547666362557917,0.007429074011801897
25.22,0.34403199679630647,-0.07404293777628285,0.5342555407698353,0.6523377658212667,0.8838524136654836,0.782819432949927,0.10591967009872108,-0.04810543582400353,-0.03008743952028376,-0.01033960134114575,0.013008606520711967,0.007722217518212676
25.23,0.34434989849869546,-0.07433664065485518,0.5338013954652245,0.6533964274645186,0.8833720173895678,0.7825189495339445,0.10581084987566364,-0.047973055186223496,-0.03000875743169887,-0.011424804004346041,0.013467109161435986,0.00801396346461524
25.240000000000002,0.34466703789399555,-0.07463049627141544,0.5333483391870829,0.6544539466100632,0.8828929678036943,0.7822192675022819,0.10569116709611767,-0.047836101990234886,-0.029927165061588018,-0.012512083310909425,0.013923106977144844,0.008304266239134193
25.25,0.344983384028571,-0.07492447129116914,0.5328964161541028,0.65551021453145,0.8824153105070874,0.7819204158848385,0.10556060187906986,-0.047694601619195136,-0.02984267706884227,-0.013601261618261891,0.014376533051482081,0.008593080442981512
25.26,0.34529890605909097,-0.07521853215080415,0.5324456704125112,0.6565651223123572,0.8819390908417998,0.7816224235626579,0.10541913613670606,-0.04754858012347566,-0.02975530856526875,-0.014692157927346378,0.014827320857619565,0.008880360891916668
25.27,0.3456135732615004,-0.07551264506783822,0.5319961458297818,0.6576185608729752,0.8814643538876069,0.7813253192643538,0.10526675684877677,-0.047398063612140974,-0.02966507474444421,-0.01578374374405273,0.015275561747868522,0.009166158730855687
25.28,0.34592735506435907,-0.07580677606633629,0.5315478860917585,0.6586704210480806,0.8809911444665187,0.7810291315684027,0.10510345701548045,-0.047243078077585085,-0.029571990774889464,-0.016876434642275083,0.015721077407378898,0.009450360515087219
25.29,0.3462402210367931,-0.07610089097277556,0.531100934693401,0.6597205935699312,0.8805195071295108,0.7807338888945843,0.104929224240075,-0.047083651528156176,-0.029476073101729155,-0.017970300183950065,0.016163753830923003,0.009732892030721457
25.3,0.3465521408775173,-0.07639495541268537,0.5306553349296865,0.660768969053587,0.8800494861436825,0.7804396194956796,0.10474404774125841,-0.046919812682319754,-0.029377338649916748,-0.01906514677504799,0.01660352586129195,0.010013708861262242
25.310000000000002,0.34686308441978236,-0.07668893481797895,0.5302111298887558,0.66181543801603,0.879581125485697,0.7801463514530037,0.10454791869069265,-0.04675159090819797,-0.029275804787458694,-0.020160777417131074,0.017040328724028084,0.010292766812804971
25.32,0.3471730216364881,-0.07698279443456024,0.5297683624450802,0.6628598908959448,0.8791144688353191,0.7798541126719942,0.1043408303920456,-0.04657901619268974,-0.02917148930664612,-0.021256813931559877,0.017474131206568645,0.010570042190645319
25.330000000000002,0.3474819226585538,-0.0772764993389638,0.5293270752544843,0.6639022181018328,0.8786495595742143,0.7795629308810167,0.1041227849186638,-0.04640211790512061,-0.02906440966865594,-0.022352330623890894,0.017905004032100897,0.010845573581726662
25.34,0.3477897577991886,-0.07757001445918865,0.5288873107499872,0.6649423100730278,0.8781864407871335,0.7792728336316247,0.10389378312759746,-0.04622092666370025,-0.028954584144111284,-0.023448042793567242,0.01833271137440156,0.011119212250487051
25.35,0.34809649753039323,-0.07786330456375623,0.5284491111309504,0.6659800572400614,0.8777251552442823,0.778983848287323,0.10365382411000365,-0.04603547444070928,-0.028842031877387847,-0.024543740686444018,0.018757189806077504,0.011390914804328554
25.36,0.3484021124829812,-0.07815633426656382,0.5280125183555316,0.6670153500349199,0.8772657453929787,0.778696002018008,0.10340290907160254,-0.04584579384083986,-0.028726772445650042,-0.025639211146102417,0.019178376271657728,0.011660638078140042
25.37,0.3487065734516891,-0.07844906803529467,0.527577574133852,0.6680480789123623,0.8768082533513466,0.7784093217956489,0.1031410413666364,-0.045651918097494866,-0.02860882585657628,-0.026734237626850982,0.01959620808375335,0.011928339134153764
25.38,0.34900985140107577,-0.07874147020051891,0.5271443199212724,0.6690781343732191,0.8763527209023555,0.7781238343901833,0.1028682276203334,-0.04545388086579246,-0.02848821242173008,-0.02782812063907912,0.020010712492154893,0.012194030043432105
25.39,0.3493119174921967,-0.0790335049789822,0.5267127969145704,0.6701054070320993,0.8758991894961256,0.7778395663704681,0.10258448342296046,-0.04525171516170826,-0.028364952107698266,-0.0289205565154423,0.020421842548646135,0.012457677505013103
25.400000000000002,0.3496127430898794,-0.07932513648406592,0.5262830460453957,0.6711297876443889,0.8754477002446047,0.7775565441005642,0.10228982011457347,-0.0450454558330687,-0.02823906604724322,-0.030011904915604348,0.020829427142283707,0.012719172290206847
25.41,0.3499122997434455,-0.07961632871844287,0.5258551079700233,0.6721511670771578,0.874998293905741,0.7772747937295996,0.10198424971328846,-0.044835138641738624,-0.02811057597788408,-0.031101936613036667,0.02123340488484798,0.012978472286015275
25.42,0.3502105591904799,-0.07990704558236661,0.5254290230623327,0.6731694363291749,0.8745510108767999,0.7769943411872244,0.10166778654611537,-0.04462079996170178,-0.027979504057129855,-0.03219041905985101,0.02163371473994971,0.013235535607293498
25.43,0.35050749336197906,-0.08019725088304575,0.5250048314069791,0.6741844865541599,0.8741058911882613,0.7767152121794237,0.10134044728203707,-0.04440247677556801,-0.02784587286020653,-0.03327711641415371,0.02203029601791776,0.013490320595588596
25.44,0.35080307438933667,-0.08048690834541866,0.5245825727928215,0.6751962090882517,0.8736629744984751,0.7764374321847954,0.10100225286677814,-0.04418020631566897,-0.02770970516002516,-0.03436116903852966,0.022423204342498344,0.013742856867049172
25.45,0.3510972746335307,-0.08077598163820676,0.5241622867094402,0.6762044955250917,0.8732223000971918,0.7761610264562668,0.10065323213669966,-0.04395402539133682,-0.027571023514873488,-0.03544258369206692,0.02281233314712935,0.013993074691438937
25.46,0.35139006668280504,-0.08106443437877603,0.5237440123392544,0.6772092377242513,0.8727839068966056,0.7758860200151626,0.100293409468488,-0.04372397269975004,-0.027429851683945308,-0.03652151557365989,0.023197547855671494,0.014240887198621427
25.47,0.35168142333849084,-0.08135223013000764,0.5233277885479963,0.6782103277946094,0.8723478334176917,0.775612437642394,0.09992281092791475,-0.04349008767945324,-0.027286213924751227,-0.03759771654353035,0.023578789006077017,0.014486253558161848
25.48,0.3519713176197078,-0.08163933241010857,0.5229136538778187,0.6792076581181642,0.8719141177840725,0.7753403038742579,0.0995414650779645,-0.04325241036198231,-0.027140134901992293,-0.038670935305463436,0.023955997460954472,0.014729133161975109
25.490000000000002,0.35225972276854395,-0.08192570470289073,0.5225016465404717,0.6802011213751586,0.8714827977161035,0.7750696429983783,0.09914940301019239,-0.04301098136865093,-0.026991639685348193,-0.03974091744894004,0.024329114401152308,0.014969485622086698
25.5,0.35254661225693107,-0.08221131046935892,0.5220918044107139,0.6811906105731341,0.8710539105256667,0.7748004790500801,0.09874666015592798,-0.042765841574091884,-0.02684075354348049,-0.04080682114141316,0.024698190722955125,0.015207337665046937
25.51,0.35283195981444,-0.08249611317380601,0.5216841650226272,0.6821760191210059,0.8706274931193688,0.7745328358139038,0.09833327975031596,-0.042517031460332054,-0.02668750154879133,-0.041868617597192126,0.025063124840942745,0.015442622808605012
25.52,0.35311573942649355,-0.0827800762898439,0.5212787655618125,0.6831572408403359,0.8702035819899544,0.7742667368179195,0.09790930109155546,-0.042264593317527625,-0.02653190992280538,-0.04292642768293322,0.02542378689248191,0.015675257310196766
25.53,0.35339792532113534,-0.08306316329864777,0.5208756428560011,0.6841341699523333,0.8697822132031477,0.7740022053252474,0.09747476537089941,-0.0420085701550333,-0.026374005370014372,-0.04397998539920273,0.025780119188435084,0.01590520159072109
25.54,0.3536784919737609,-0.08334533769961072,0.5204748333681656,0.6851067011034667,0.8693634223917004,0.773739264329988,0.09702971645416784,-0.041749005557638996,-0.026213814989645957,-0.04502902184152763,0.026132064329747635,0.016132416281632016
25.55,0.35395741411231657,-0.08362656302145255,0.5200763731896996,0.6860747293923567,0.8689472447496501,0.7734779365532837,0.09657420091051422,-0.04148594368270668,-0.026051366273574232,-0.046073265257308135,0.026479565199722974,0.016356862221591377
25.560000000000002,0.35423466672296877,-0.083906802833778,0.5196802980336589,0.6870381503979512,0.8685337150267977,0.7732182444395194,0.09610826878132965,-0.041219429118917406,-0.02588668701871433,-0.047112076303370165,0.02682263315159811,0.016578542586448527
25.57,0.35451022507227015,-0.08418602077018966,0.5192866432302948,0.6879968602433785,0.8681228675298263,0.772960210156631,0.09563197870667765,-0.040949505930396916,-0.025719804736102792,-0.04814503013176939,0.02716123919765008,0.016797435663487313
25.580000000000002,0.354784064716371,-0.08446418054263366,0.5188954437207769,0.688950755632386,0.8677147361182722,0.7727038555932347,0.09514538681604136,-0.0406762197358787,-0.02555074793511428,-0.04917239266824003,0.027495224978009606,0.01701343984619492
25.59,0.3550561614846294,-0.08474124593811727,0.5185067340473675,0.6898997338310715,0.8673093541902462,0.7724492023494289,0.09464855043165837,-0.0403996170187896,-0.025379545696835697,-0.0501938816154615,0.02782453438077243,0.01722651673827213
25.6,0.3553264914833225,-0.08501718082939164,0.5181205483463904,0.6908436926929156,0.8669067546762226,0.7721962717325844,0.09414152971163395,-0.04011974482242831,-0.025206227485351826,-0.0512092121088855,0.028149111541967753,0.017436628135703926
25.61,0.35559503110085083,-0.08529194918678251,0.5177369203414116,0.6917825306872624,0.8665069700334543,0.7719450847535241,0.09362438767525931,-0.03983665074753112,-0.02503082314584473,-0.05221809678794012,0.02846890083655009,0.017643736022304936
25.62,0.35586175701294487,-0.08556551509013055,0.5173558833364152,0.6927161469280597,0.8661100322404092,0.7716956621227214,0.09309719022760611,-0.03955038294992832,-0.024853362902738315,-0.05322024586951063,0.028783846869193122,0.017847802565089808
25.63,0.35612664619349477,-0.08583784274476008,0.5169774702097587,0.6936444412149405,0.8657159727935188,0.7714480242478831,0.09256000995667507,-0.0392609894251528,-0.024673876932116926,-0.05421458589170756,0.029094042134013197,0.01804887827375602
25.64,0.35638967593901577,-0.0861088965071014,0.5166017134100093,0.694567314103962,0.8653248227095088,0.771202191234869,0.09201292280823946,-0.03896851863909083,-0.024492395737776295,-0.05520160455926355,0.029399283851733717,0.018246837415763537
25.650000000000002,0.3566508238546086,-0.08637864088360359,0.51622864494645,0.6954846668957274,0.8649366125120949,0.7709581828792821,0.09145600314552314,-0.03867302046384032,-0.02430895070948814,-0.05618103914526203,0.02969951085939089,0.01844163885739646
25.66,0.35691006785182583,-0.0866470405379709,0.5158582963812424,0.6963964016492665,0.8645513722235227,0.7707160186609572,0.09088932830095321,-0.03837454531954588,-0.024123573610155605,-0.05715259097685334,0.029994668580466934,0.018633245446256132
25.67,0.35716738615387567,-0.08691406030359367,0.5154906988226031,0.6973024212119033,0.8641691313591111,0.7704757177402447,0.09031297860406198,-0.0380731441711672,-0.023936296573391375,-0.05811595931979275,0.0302847026265866,0.018821620191805048
25.68,0.35742275730082,-0.08717966519606407,0.5151258829179802,0.6982026292493253,0.8637899189218133,0.7702372989543126,0.08972703740167336,-0.037768868526651234,-0.023747152101928366,-0.05907084146497988,0.03056955878712614,0.019006726259692075
25.69,0.3576761601548275,-0.08744382042581522,0.5147638788472367,0.6990969302759752,0.8634137633968161,0.770000780813476,0.08913159124410014,-0.037461770404699245,-0.023556173045492356,-0.060016775768559676,0.03084921172540537,0.01918854634460685
25.7,0.35792757391515406,-0.08770649141771097,0.5144047163171906,0.6999852297066835,0.8630406927500082,0.7697661815001439,0.08852673443035902,-0.03715190150569961,-0.02336339204075325,-0.06095305098656441,0.031123681557128486,0.019367093862927943
25.71,0.35817697813396276,-0.08796764383135464,0.5140484245562622,0.7008674339103794,0.8626707344268063,0.7695335188680092,0.08791256145875158,-0.036839314593367506,-0.023168842443616694,-0.0618799558347825,0.03139280545028904,0.019542258770916185
25.72,0.35842435270217615,-0.08822724356032002,0.5136950323049503,0.7017434501991594,0.8623039153391533,0.7693028104332614,0.08728916758088275,-0.03652406339510592,-0.022972558261556475,-0.06279718046545549,0.03165652982413941,0.019714004816767387
25.73,0.35866967785183684,-0.08848525674304397,0.5133445678086112,0.7026131868531558,0.8619402618590414,0.7690740733702035,0.08665665115466835,-0.036206202173464666,-0.022774573863908035,-0.06370441348003546,0.031914801228006315,0.019882295878756867
25.740000000000002,0.3589129341612918,-0.08874164977577187,0.5129970588106333,0.703476553151674,0.8615797998131663,0.768847324507642,0.08601511365935646,-0.03588578572489777,-0.022574923980601434,-0.06460134202718554,0.03216756632985078,0.020047095958609228
25.75,0.35915410256037317,-0.08899638932556064,0.5126525325456105,0.704333459404478,0.8612225544775949,0.7686225803252857,0.08536465970955863,-0.035562869378634905,-0.022373643700960465,-0.06548765190237754,0.03241477190468957,0.020208369174734023
25.76,0.35939316433557544,-0.08924944234333337,0.5123110157325144,0.705183816983216,0.8608685505724432,0.7683998569501589,0.08470539709242234,-0.03523750899068494,-0.022170768470481165,-0.06636297189266285,0.03265637633088527,0.020366084578423257
25.77,0.3596301011414942,-0.08950077608138468,0.5119725345687093,0.7060275383665359,0.8605178122593646,0.7681791701541975,0.08403744039692888,-0.03490976019634173,-0.021966333776863325,-0.06722647137146895,0.032892432655084895,0.02052025096494008
25.78,0.3598648950184823,-0.08975035811533627,0.5116371147248001,0.7068645371988362,0.860170363141837,0.7679605353530253,0.08336090611211837,-0.03457967942338881,-0.021760375573984886,-0.06807843668023274,0.03312276323985283,0.020670780513757668
25.79,0.3600975283812303,-0.08999815634571867,0.511304781335564,0.7076947282862441,0.8598262262524786,0.7677439675993022,0.08267591117353608,-0.03424732419350493,-0.021552930407577796,-0.06891854889663765,0.033347315238386854,0.020817637768509843
25.8,0.3603279840200919,-0.09024413900848977,0.5109755589926049,0.7085180276202028,0.8594854240460492,0.7675294815784586,0.0819825757103723,-0.033912752556555285,-0.02134403517751158,-0.06974648823174881,0.03356603585804059,0.020960787356737204
25.810000000000002,0.36055624510624,-0.09048827468826959,0.510649471737522,0.7093343524094499,0.859147978394171,0.7673170916051593,0.08128102305358989,-0.033576023090113156,-0.021133727136992568,-0.07056193413848495,0.03377887234790706,0.021100193982369224
25.82,0.36078229519681726,-0.09073053233159994,0.5103265430550796,0.710143621112071,0.8588139105800541,0.7671068116197732,0.08057137974295643,-0.0332371948991039,-0.020922043891837303,-0.07136456542116344,0.033985771986316866,0.021235822418112588
25.830000000000002,0.3610061182400784,-0.09097088126021508,0.5100067958663739,0.7109457534676199,0.8584832412932225,0.7668986551848511,0.07985377553297847,-0.03289632761557544,-0.020709023399823227,-0.07215406034602721,0.03418668206826028,0.021367637497752598
25.84,0.36122769858096104,-0.09120929118464932,0.5096902525220646,0.7117406705302551,0.8581559906243651,0.7666926354818202,0.07912834400581008,-0.03255348132359455,-0.02049470383661423,-0.07292984237557473,0.03438158126782073,0.021495659956328576
25.85,0.361447020976924,-0.0914457322254828,0.5093769347971585,0.7125282947245338,0.8578321780629711,0.7664887653126505,0.07839522526602245,-0.03220871622735044,-0.02027912300444805,-0.07369158729822503,0.03457041708952428,0.021619855107668298
25.86,0.3616640706028882,-0.09168017492654157,0.5090668638841436,0.7133085498773428,0.8575118224920223,0.7662870570962776,0.07765455916423128,-0.03186209348742844,-0.02006231982002744,-0.07443926090132574,0.03475310122289733,0.021740124590229268
25.87,0.3618788330444418,-0.09191259025936127,0.5087600603843473,0.7140813612240177,0.8571949421794921,0.7660875228593591,0.07690648803001678,-0.031513674884185106,-0.019844333714494757,-0.07517253989814948,0.03492958096702101,0.02185643351830946
25.88,0.36209129430236475,-0.0921429496360221,0.5084565443010136,0.7148466554393512,0.8568815547729163,0.7658901742324973,0.07615115742592604,-0.03116352272519495,-0.019625204467706235,-0.07589110100154618,0.03509980357719957,0.021968747033543023
25.89,0.36230144079774185,-0.0923712249224104,0.5081563350324654,0.7156043606699274,0.8565716772941151,0.7656950224467534,0.07538871614689621,-0.03081169984575131,-0.01940497220799905,-0.07659462103951226,0.035263716251988965,0.02207703029658303
25.900000000000002,0.3625092593770668,-0.0925973884514551,0.5078594513652662,0.7163544065664329,0.856265326133916,0.7655020783301635,0.0746193162185286,-0.03045826960950101,-0.01918367741204431,-0.07728277707109396,0.035421266120216316,0.022181248478743677
25.91,0.3627147373173347,-0.09282141303634012,0.5075659114673802,0.7170967243159531,0.8559625170468643,0.7653113523042556,0.07384311289419335,-0.030103295909204655,-0.01896136090478124,-0.07795524650252192,0.035572400227998326,0.02228136675360835
25.92,0.3629178623311633,-0.09304327198370027,0.5072757328813354,0.7178312466743088,0.8556632651459622,0.7651228543805461,0.07306026475697243,-0.029746843122464426,-0.0187380638871938,-0.07861161283266786,0.03571710573738579,0.022377325575570255
25.93,0.3631186225776951,-0.09326293911043343,0.5069889325179164,0.7185579080105712,0.8553675849026072,0.7649365941538346,0.07227093627460734,-0.02938897502185568,-0.018513828606848887,-0.07925134004285264,0.03585542087552645,0.02246903393436364
25.94,0.3633170066733903,-0.09348038876042652,0.5067055266498403,0.7192766443513481,0.8550754901464434,0.7647525807955429,0.07147529336352294,-0.029029756663537666,-0.01828869719809795,-0.07987444505725688,0.03598714843436968,0.022556545414532708
25.95,0.3635130036856635,-0.09369559581042336,0.5064255309038601,0.7199873933888106,0.8547869940497835,0.7645708230565261,0.07067350384987686,-0.028669254188866497,-0.018062711805059736,-0.0804806071776,0.036112235279116334,0.022639824942765688
25.96,0.36370660313637115,-0.09390853568202012,0.5061489602537738,0.7206900945094113,0.8545021091208685,0.7643913292644448,0.06986573876236192,-0.028307534271232542,-0.01783591492280333,-0.08106950661481646,0.03623062813560094,0.022718837401019952
25.97,0.36389779500687486,-0.09411918435460215,0.5058758290135809,0.7213846888258632,0.8542208471985385,0.7642141073202515,0.0690521723225289,-0.027944664117519575,-0.01760834939783541,-0.08164082460557077,0.03634227357702424,0.022793547618421072
25.98,0.36408656974309594,-0.09432751837820802,0.5056061508306346,0.7220711192090138,0.8539432194468914,0.7640391646946745,0.06823298193395025,-0.027580711469697743,-0.017380058428669323,-0.08219424352826799,0.03644711801076358,0.022863920363191046
25.990000000000002,0.36427291826055885,-0.09453351488632489,0.5053399386787947,0.7227493303196079,0.8536692363499221,0.7638665084246941,0.06740834817022406,-0.02721574460654694,-0.01715108556647411,-0.08272944701843093,0.03654510766526627,0.02292992033460939
26.0,0.36445683194942363,-0.09473715160860124,0.5050772048515774,0.7234192686399202,0.8533989077061468,0.7636961451100125,0.06657845476183122,-0.026849832345512213,-0.01692147471580449,-0.08324612008334809,0.03663618857704595,0.022991512155019926
26.01,0.36463830267951014,-0.09493840688347877,0.5048179609553044,0.7240808825052619,0.8531322426232025,0.7635280809095216,0.06574348859438586,-0.026483044052429693,-0.0166912701178365,-0.08374392051404582,0.03672028885661472,0.0230487005717992
26.02,0.36481732280805945,-0.09513725967375625,0.5045622179031444,0.7247341221422202,0.852869249508175,0.7633623215474156,0.06490364152375253,-0.02611545077385417,-0.016460513786770624,-0.08422227947182827,0.036797195483525495,0.02310180997651536
26.03,0.3649938851900627,-0.09533368958490707,0.5043099859099879,0.7253789397132326,0.852609936053897,0.7631988723283796,0.06405910780519866,-0.025747123662212965,-0.016229249089245907,-0.0846811984151519,0.036867046265998245,0.023150368096211283
26.04,0.36516798317580756,-0.09552767686925845,0.5040612744831816,0.7260152893289804,0.8523543092449861,0.7630377381079372,0.06321008338628299,-0.025378133552482918,-0.01599752171129259,-0.08512036817237928,0.03692978585513554,0.023194340278605473
26.05,0.3653396106141935,-0.09571920243639354,0.5038160924151256,0.7266431270750494,0.8521023753549372,0.762878923283017,0.06235676729676768,-0.02500855183442373,-0.015765377685969365,-0.08553948149239181,0.03698535864119657,0.023233691768615308
26.060000000000002,0.3655087618577333,-0.09590824786530855,0.5035744477764281,0.7272624110426502,0.8518541399405635,0.7627224317884773,0.061499361628868286,-0.024638450455244165,-0.015532863394438962,-0.08593823315370192,0.03703370874225262,0.02326838769897017
26.07,0.3656754317675497,-0.09609479541645577,0.5033363479090545,0.7278731013591425,0.8516096078364072,0.7625682670936197,0.06063807151641916,-0.024267901922380104,-0.015300025567136645,-0.08631632007202014,0.03707477999302629,0.023298393080938402
26.080000000000002,0.36583961571835816,-0.09627882804366178,0.5031017994194751,0.7284751602183424,0.8513687831491226,0.7624164321986896,0.05977310511296914,-0.023896979306382574,-0.015066911285030387,-0.08667344140614353,0.037108515933920456,0.023323672795175433
26.09,0.3660013096034398,-0.0964603294059202,0.5028708081718145,0.7290685519106024,0.851131669251831,0.7622669296313649,0.05890467356882945,-0.023525756243915282,-0.014833567980972398,-0.08700929866206399,0.03713485980025496,0.023344191582707875
26.1,0.36616050983960713,-0.0966392838790539,0.5026433792809968,0.7296532428526658,0.8508982687784433,0.7621197614432289,0.0580329910070874,-0.023154306940857572,-0.014600043441139406,-0.08732359579517096,0.037153754511718554,0.02335991403606206
26.11,0.3663172133721558,-0.09681567656723694,0.5024195171058895,0.7302292016172638,0.8506685836179523,0.7619749292062308,0.05715827449861317,-0.022782706175514054,-0.014366385806562321,-0.08761603931042991,0.037165142662048935,0.023370804590548112
26.12,0.36647141768034963,-0.09698949331427459,0.5021992252422696,0.7307963989632364,0.8504426149115588,0.761832434004883,0.056280744392144526,-0.022411027971112524,-0.014132645545215957,-0.08788622875940699,0.03716937613470413,0.023376220999840252
26.13,0.3666231207884376,-0.09716072071368637,0.5019825065139489,0.7313548078732686,0.8502203630792435,0.761692276384795,0.05540062475691799,-0.022039343844179757,-0.013898878052328312,-0.08813393838227115,0.03716616383475011,0.023376472362825206
26.14,0.36677232126772463,-0.09732934612034627,0.5017693629668515,0.7319044035786457,0.8500018277988074,0.7615544563715168,0.054518141297691364,-0.021667730496194377,-0.013665132268640042,-0.0883589461449821,0.03715521098936901,0.02337187251549078
26.150000000000002,0.36691901823668754,-0.09749535766232698,0.5015597958637407,0.7324451635809501,0.8497870079744967,0.7614189735047302,0.053633522450569675,-0.021296265613907545,-0.01343145690589466,-0.08856096904283625,0.03713646127666665,0.023362381499092713
26.16,0.36706321136583553,-0.09765874425167248,0.5013538056773753,0.732977067680225,0.8495759017308674,0.7612858268349996,0.052746999466684104,-0.020925027449188206,-0.013197901076349305,-0.088739727089436,0.03710985799270733,0.02334795916910771
26.17,0.3672049008826579,-0.09781949559498893,0.5011513920836326,0.7335000980029737,0.8493685064071153,0.7611550149197555,0.05185880638157791,-0.020554094822906377,-0.012964514294645626,-0.08889494340324267,0.03707534403931885,0.023328565192837256
26.18,0.3673440875765615,-0.09797760220386736,0.5009525539546312,0.7340142390298451,0.8491648185513657,0.7610265358192625,0.05096917998373551,-0.02018354712893442,-0.012731346479702735,-0.0890263442912746,0.037032861912282576,0.02330415904712077
26.19,0.3674807728038021,-0.098133055405135,0.500757289351852,0.7345194776230046,0.8489648339149234,0.760900387092567,0.05007835978228928,-0.019813464338264197,-0.012498447956632394,-0.08913365932984628,0.036982353689927965,0.023274700016163368
26.2,0.36761495849240455,-0.09828584735092727,0.5005655955192575,0.7350158030531727,0.8487685474464801,0.7607765657934252,0.049186587973939336,-0.01944392700323847,-0.01226586945867669,-0.08921662144223537,0.036923761022147894,0.023240147189481763
26.21,0.3677466471470797,-0.09843597102858537,0.5003774688764104,0.7355032070263371,0.8485759532862787,0.7606550684662113,0.048294109409104294,-0.019075016261886443,-0.012033662129163502,-0.08927496697316109,0.03685702511984625,0.023200459459969167
26.22,0.3678758418541282,-0.09858342027036449,0.5001929050115927,0.7359816837101117,0.8483870447602355,0.7605358911418083,0.04740117155735184,-0.018706813842366127,-0.011801877523482891,-0.08930843575997208,0.03678208674483864,0.02315559552208569
26.23,0.36800254628634144,-0.098728189762959,0.5000118986749217,0.7364512297597562,0.8482018143740158,0.7604190293334769,0.04650802447212902,-0.018339402067503133,-0.011570567611079515,-0.08931677120043229,0.03669888620021772,0.023105513870175638
26.240000000000002,0.36812676470789263,-0.09887027505683699,0.49983444377146624,0.7369118443438349,0.8480202538070627,0.7603044780327053,0.04561492075581272,-0.01797286386610075,-0.011339784766416398,-0.08929971458804487,0.03660732429368244,0.023050237353609775
26.25,0.36824850197909853,-0.09900967257913162,0.49966053335630467,0.7373635291725129,0.8478423538861526,0.7601922317388314,0.0447221163791641,-0.01760728860905331,-0.01110957212510649,-0.08925687084971902,0.03650634727548689,0.022991366795273804
26.26,0.3683677635609947,-0.09914637965151124,0.499490159632268,0.737806288529624,0.847668104530692,0.7600822845353065,0.043829869545826454,-0.017242764631775095,-0.01087997596279336,-0.0891881651361959,0.03639705688980764,0.02292693653857606
26.27,0.3684845555205961,-0.09928039448708043,0.4993233139369311,0.7382401292877633,0.8474974948110684,0.7599746299788523,0.04293844009285643,-0.01687937541205516,-0.010651052027620348,-0.08909335462639192,0.03627938425237444,0.022856916282070403
26.28,0.36859888453586664,-0.0994117161958128,0.49915998673410955,0.7386650609299725,0.8473305129594412,0.7598692610671872,0.04204809026624426,-0.016517205118366497,-0.010422856372854086,-0.08897220036313726,0.03615326011100479,0.022781275300305902
26.29,0.3687107579005793,-0.09954034479302898,0.49900016760704025,0.7390810955736368,0.847167146362816,0.7597661702359532,0.04115908468203475,-0.01615633861353754,-0.010195445361192051,-0.0888244672994875,0.036018614846778346,0.022699982430221147
26.3,0.3688201835291699,-0.09966628120766308,0.4988438452515578,0.7394882479939892,0.8470073815560828,0.7596653493555997,0.0402716902870144,-0.01579686145841439,-0.00996887566920415,-0.08864992434085887,0.035875378475367724,0.02261300605836651
26.310000000000002,0.3689271699615843,-0.09978952729031915,0.49869100746927053,0.7398865356472173,0.8468512042150185,0.7595667897282227,0.0393861763189955,-0.015438859915507877,-0.009743204291897154,-0.08844834438289323,0.03572348064853058,0.02252031410897164
26.32,0.36903172636812226,-0.09991008582111566,0.4985416411607329,0.7402759786931757,0.8466985991492514,0.7594704820843556,0.038502814266740716,-0.015082420952623719,-0.009518488547393466,-0.08821950434495338,0.03556285065576593,0.022421874032872696
26.330000000000002,0.3691338625542762,-0.10002796051731722,0.49839573231861894,0.7406566000176941,0.8465495502951896,0.7593764165797158,0.03762187782957631,-0.014727632246475851,-0.009294786081716612,-0.08796318519916062,0.0353934174261423,0.022317652797315294
26.34,0.36923358896556485,-0.10014315604074886,0.4982532660208916,0.7410284252544784,0.846404040708915,0.7592845827919001,0.036743642876740874,-0.014374582186281928,-0.009072154873675103,-0.08767917199488641,0.03521510953030455,0.022207616876647292
26.35,0.3693309166923637,-0.10025567800499491,0.49811422642397285,0.7413914828066058,0.8462620525590397,0.759194969717033,0.03586838740650851,-0.01402335987733629,-0.008850653239833908,-0.08736725387860676,0.03502785518266359,0.022091732243912168
26.36,0.36942585747473144,-0.10036553298238082,0.49797859675590905,0.7417458038676108,0.8461235671195281,0.7591075657663635,0.03499639150513786,-0.013674055144560448,-0.008630339839565663,-0.08702722410903627,0.034831582243777075,0.021969964363355014
26.37,0.3695184237072333,-0.10047272851073746,0.4978463593095373,0.7420914224421591,0.8459885647624816,0.7590223587628112,0.03412793730569304,-0.01332675853602849,-0.008411273680172016,-0.08665888006745967,0.03462621822292883,0.02184227818385074
26.38,0.36960862844375986,-0.10057727309994446,0.49771749543564964,0.7424283753663083,0.8458570249508919,0.7589393359374622,0.0332633089467896,-0.012981561326467288,-0.008193514122067116,-0.0862620232631815,0.03441169028091523,0.02170863813326365
26.39,0.3696964854023451,-0.10067917623825856,0.49759198553615325,0.7427567023273594,0.8457289262313543,0.7588584839260102,0.032402792531303785,-0.012638555520724926,-0.007977120884010959,-0.08583645933401095,0.034187925233044134,0.021569008113743394
26.400000000000002,0.3697820089699801,-0.10077844839842043,0.49746980905723287,0.7430764458832898,0.8456042462267518,0.7587797887651481,0.03154667608511011,-0.012297833857211369,-0.007762154048387219,-0.0853819980417156,0.03395484955236009,0.02142335149796652
26.41,0.3698652142074246,-0.1008751010435463,0.4973509444825078,0.7433876514817803,0.8454829616289004,0.7587032358889049,0.030695249515882317,-0.011959489811302569,-0.0075486740665119175,-0.08489845326236048,0.0337123893730992,0.021271631126324273
26.42,0.3699461168540177,-0.10096914663279855,0.4972353693261896,0.7436903674788254,0.845365048191164,0.7586288101249289,0.029848804572021395,-0.011623617598710768,-0.007336741763966678,-0.08438564297146987,0.03346047049438798,0.021113809305062497
26.43,0.37002473333248503,-0.10106059862684247,0.4971230601262373,0.7439846451569373,0.8452504807210334,0.7585564956907199,0.029007634801758688,-0.011290312178816672,-0.007126418345945914,-0.08384338922394526,0.03319901838419527,0.020949847805375277
26.44,0.3701010807537457,-0.101149471493087,0.4970139924375114,0.744270538742939,0.8451392330726745,0.7584862761898046,0.028172035512482402,-0.010959669257959343,-0.006917765402607364,-0.08327151812866151,0.03292795818354505,0.020779707863449706
26.45,0.37017517692171675,-0.10123578071071021,0.49690814082492435,0.7445481054253571,0.8450312781394397,0.7584181346078613,0.02734230373034793,-0.010631785292683623,-0.006710844914418106,-0.0826698598177013,0.03264721471100744,0.020603350181466078
26.46,0.37024704033811723,-0.10131954277547345,0.496805478856593,0.7448174053714044,0.8449265878463528,0.7583520533087899,0.026518738160221895,-0.010306757492941007,-0.006505719257485623,-0.08203824841013577,0.03235671246746967,0.020420734929543886
26.47,0.37031669020727076,-0.10140077520432428,0.4967059790969865,0.7450785017435704,0.8448251331425584,0.7582880140307289,0.025701639146018994,-0.009984683825242403,-0.006302451208865403,-0.08137652197033439,0.03205637564121318,0.020231821748639203
26.48,0.3703841464409079,-0.10147949653979305,0.4966096131000731,0.7453314607158168,0.8447268839937386,0.7582259978820196,0.024891308631475827,-0.009665663015755662,-0.006101103951832977,-0.0806845224607038,0.031746128113292485,0.02003656975437747
26.490000000000002,0.3704494296629673,-0.10155572635418197,0.49651635140246625,0.7455763514893794,0.8446318093745045,0.7581659853371174,0.0240880501214328,-0.00934979455335066,-0.0059017410811148426,-0.07996209568884512,0.03142589346324526,0.019834937541825793
26.5,0.3705125612143964,-0.10162948525355076,0.49642616351656915,0.7458132463081888,0.8445398772607514,0.7581079562324518,0.02329216864367183,-0.009037178692585275,-0.00570442660806678,-0.07920909124904803,0.03109559497513481,0.01962688319118891
26.51,0.3705735631579527,-0.1017007948815058,0.49633901792371715,0.7460422204739098,0.8444510546219893,0.7580518897622343,0.022503970711361492,-0.00872791645662681,-0.005509224965789148,-0.07842536245808966,0.030755155643944505,0.01941236427442351
26.52,0.37063245828300495,-0.10176967792279124,0.4962548820673177,0.7462633523606153,0.8443653074136404,0.7579977644742153,0.021723764286180648,-0.008422109640110656,-0.005316201014173341,-0.07761076628529572,0.030404498182340256,0.019191337862761334
26.53,0.37068927011033215,-0.10183615810668611,0.496173722345992,0.7464767234290843,0.8442826005693123,0.7579455582653917,0.020951858742163862,-0.008119860811927015,-0.00512542004486703,-0.07676516327680409,0.03004354502780907,0.018963760535125145
26.54,0.37074402289692604,-0.10190026021021564,0.496095504106713,0.7466824182407502,0.844202897993041,0.757895248377665,0.020188564830337638,-0.007821273317935883,-0.004936947786151819,-0.07588841747400848,0.029672218350196025,0.01872958838742906
26.55,0.37079674164079135,-0.10196201006117794,0.49602019163794125,0.746880524471298,0.8441261625515082,0.7578468113934506,0.019434194644201926,-0.007526451283604787,-0.004750850407723653,-0.07498039632613795,0.02929044005965311,0.01848877704274755
26.560000000000002,0.37084745208574743,-0.10202143454098933,0.4959477481627615,0.7470711329239194,0.8440523560662319,0.7578002232312403,0.018689061586109793,-0.0072354996165627785,-0.004567194525365911,-0.07404097059692726,0.02889813181501264,0.018241281662335698
26.57,0.37089618072623043,-0.10207856158735801,0.4958781358320172,0.747254337542237,0.8439814393057326,0.7577554591411189,0.01795348033461667,-0.006948524009071081,-0.004386047205509742,-0.07307001426535618,0.028495215032606925,0.017987056957487393
26.580000000000002,0.3709429548120957,-0.10213342019678706,0.4958113157174421,0.7474302354229094,0.8439133719776752,0.7577124937002344,0.01722776681284678,-0.006665630940401164,-0.004207475969670391,-0.07206740442041987,0.028081610895548264,0.017726057202211994
26.59,0.37098780235342055,-0.1021860404269132,0.4957472478047948,0.7475989268279188,0.8438481127209879,0.7576713008082272,0.0165122381579469,-0.0063869276791196665,-0.004031548798754011,-0.07103302114989944,0.027657240363487354,0.017458236246711344
26.6,0.371030752125309,-0.1022364533986887,0.4956858909869868,0.7477605151965685,0.8437856190979564,0.7576318536826134,0.015807212691676283,-0.0061125222852707935,-0.003858334137224238,-0.06996674742310108,0.027222024182865574,0.01718354753163612
26.61,0.3710718336726956,-0.10228469129841367,0.49562720305721286,0.747915107157183,0.8437258475863006,0.7575941248541302,0.015113009892206134,-0.00584252361245627,-0.0036879008971240244,-0.06886846896755136,0.02677588289768588,0.016901944103105013
26.62,0.37111107731515125,-0.10233078737961937,0.4955711407020814,0.748062812538538,0.8436687535712287,0.7575580861620406,0.014429950367177449,-0.005577041309802956,-0.003520318461942354,-0.06773807413959822,0.026318736860810342,0.01661337862845893
26.63,0.3711485141516889,-0.10237477596481748,0.49551765949473864,0.7482037443810263,0.8436142913374712,0.7575237087493996,0.013758355828084738,-0.005316185823815291,-0.0033556566903201095,-0.06657545378891684,0.025850506245812414,0.016317803412733645
26.64,0.37118417606557125,-0.10241669244711576,0.4954667138879969,0.7483380189475726,0.8435624140613005,0.7574909630582849,0.013098549066048746,-0.005060068400107722,-0.0031939859195886226,-0.06538050111688418,0.025371111059397943,0.016015170415824988
26.650000000000002,0.371218095729118,-0.1024565732917131,0.4954182572074607,0.7484657557343157,0.8435130738025296,0.757459818824994,0.012450853929028548,-0.004808801085007026,-0.0030353769691312993,-0.06415311152880522,0.024880471154415655,0.015705431270323693
26.66,0.3712503066085151,-0.10249445603727714,0.4953722416446489,0.7485870774810695,0.843466221496499,0.7574302450752066,0.011815595300551294,-0.0045624967270250175,-0.0028799011435658856,-0.06289318247996414,0.024378506243475193,0.015388537299994799
26.67,0.3712808429686235,-0.10253037929721426,0.49532861825012225,0.7487021101815752,0.8434218069460482,0.7574022101191181,0.011193099080006454,-0.004321268978189699,-0.0027276302357373905,-0.06160061331548748,0.023865135913195046,0.015064439538878562
26.68,0.3713097398777918,-0.10256438276084529,0.49528733692660054,0.7488109830935766,0.843379778813472,0.7573756815465417,0.010583692164571577,-0.004085232295230241,-0.0025786365295167022,-0.060275305103993045,0.02334027963909746,0.014733088750985992
26.69,0.3713370332126648,-0.10259650719448521,0.4952483464220905,0.7489138287487045,0.8433400846124721,0.757350626221986,0.009987702432837932,-0.003854501940611881,-0.002432992802400774,-0.05891716046500171,0.02280385680117086,0.014394435450563901
26.7,0.3713627596629973,-0.10262679444244815,0.49521159432300366,0.7490107829622239,0.8433026707000917,0.7573270102797071,0.009405458730189869,-0.003629193983410299,-0.0022907723279064723,-0.05752608339010585,0.022255786700123455,0.014048429922906074
26.71,0.3713869567364674,-0.10265528742797658,0.4951770270472774,0.7491019848426324,0.8432674822686476,0.7573047991187356,0.00883729085600368,-0.0034094253000199544,-0.0021520488777537223,-0.05610197905785461,0.021695988574342323,0.013695022245681174
26.72,0.37140966276348797,-0.10268203015411409,0.49514458983749704,0.7491875768011435,0.8432344633376541,0.7572839573978869,0.008283529552732124,-0.003195313574690368,-0.002016896723833622,-0.054644753642349254,0.021124381617583204,0.013334162310754853
26.73,0.37143091690202457,-0.10270706770452442,0.4951142267540122,0.7492677045610757,0.8432035567457418,0.7572644490307481,0.00774450649692764,-0.0029869772998790713,-0.0018853906399542587,-0.05315431411552003,0.020540884997408637,0.012965799846478882
26.740000000000002,0.3714507591424073,-0.10273044624427047,0.4950858806680581,0.7493425171671504,0.843174704142575,0.7572462371806529,0.007220554292282977,-0.0027845357764196836,-0.0017576059033635215,-0.051630568043062805,0.01994541787439612,0.01258988444042319
26.75,0.3714692303121492,-0.10275221302056664,0.49505949325487275,0.7494121669947432,0.8431478459807679,0.7572292842556394,0.006712006464739695,-0.0025881091134921596,-0.001633618296041331,-0.05007342337401349,0.019337899422136522,0.012206365562525976
26.76,0.3714863720807603,-0.10277241636350987,0.4950350049868161,0.7494768097590847,0.8431229215078022,0.7572135519033982,0.0062191974597335066,-0.002397818228389311,-0.0015135041057585624,-0.04848278822392797,0.018718248848041585,0.01181519258863706
26.77,0.37150222696456736,-0.10279110568680794,0.49501235512648545,0.7495366045244581,0.8430998687579474,0.7571990010062093,0.005742462641637124,-0.002213784846070016,-0.0013973401268979695,-0.046858570651645184,0.018086385414982097,0.011416314824432236
26.78,0.3715168383315286,-0.10280833148851021,0.4949914817198354,0.7495917137133877,0.843078624544188,0.7571855916758733,0.005282138295474889,-0.002036131498494627,-0.0012852036610359815,-0.045200678429597324,0.017442228463775487,0.011009681529675462
26.79,0.3715302504060542,-0.10282414535176004,0.4949723215892924,0.74964230311587,0.8430591244501574,0.7571732832486378,0.004838561630960208,-0.0018649815237286316,-0.0011771725172786199,-0.04350901880763995,0.0167856974365441,0.0105952419428087
26.8,0.37154250827382157,-0.10283859994557515,0.4949548103268739,0.7496885418986444,0.8430413028220831,0.7571620342801214,0.0044120707889272175,-0.0017004590648083203,-0.0010733250123499817,-0.04178349827035231,0.016116711900959372,0.010172945305846878
26.810000000000002,0.37155365788659805,-0.10285174902567495,0.4949388822873022,0.7497306026145538,0.8430250927607421,0.7571518025402371,0.004003004850229028,-0.0015426890683620771,-0.0009737399704319469,-0.04002402228778779,0.015435191575398117,0.009742740889563957
26.82,0.37156374606705667,-0.10286364743536236,0.49492447058112266,0.7497686612119941,0.8430104261134345,0.7571425450081215,0.0036117038471534975,-0.0013917972829724584,-0.000878496722748742,-0.038230495059606365,0.01474105635502119,0.009304578018947946
26.830000000000002,0.37157282051359686,-0.10287435110648041,0.49491150706781883,0.7498028970444995,0.8429972334659722,0.7571342178670654,0.003238508777433041,-0.0012479102572735708,-0.0007876751068961584,-0.03640281925255333,0.014034226338797218,0.00885840609891282
26.84,0.3715809298051634,-0.10288391706045208,0.4948999223489295,0.7498334928804758,0.8429854441346899,0.7571267764994567,0.002883761620918714,-0.0011111553377755716,-0.000701355465913786,-0.03454089573123552,0.013314621857491582,0.008404174640255961
26.85,0.37158812340606684,-0.10289240340942063,0.49488964576116384,0.749860634913119,0.8429749861584778,0.7571201754817293,0.0025478053589717727,-0.0009816606664010904,-0.0006196186470944122,-0.03264462328211345,0.012582163502628892,0.007941833285844937
26.86,0.37159445167080235,-0.102899869357508,0.49488060536951806,0.7498845127705372,0.8429657862908408,0.7571143685793297,0.002230983996656827,-0.0008595551777299177,-0.0005425460005322262,-0.030713898330671077,0.011836772156456067,0.007471331837032281
26.87,0.3715999658488699,-0.10290637520219953,0.4948727279603908,0.7499053195261107,0.8429577699919876,0.7571093087416959,0.0019336425877896672,-0.0007449685959358928,-0.00047021937740380115,-0.02874861465166505,0.011078369022911589,0.006992620280286509
26.88,0.37160471808959444,-0.10291198233587812,0.49486593903470094,0.7499232517091169,0.8429508614209514,0.7571049480972577,0.0016561272629297761,-0.0006380314314137316,-0.0004027211279846799,-0.026748663072398923,0.010306875659625297,0.006505648814043072
26.89,0.3716087614469439,-0.10291675324752175,0.494860162801002,0.7499385093156499,0.8429449834277454,0.7571012379484552,0.0013987852603605353,-0.0005388749770749357,-0.00034013409939274416,-0.024713931168908652,0.009522214010952277,0.00601036787576947
26.900000000000002,0.37161214988435143,-0.10292075152457669,0.4948553221685992,0.7499512958198675,0.8429400575455575,0.7570981287667836,0.0011619649601553943,-0.0004476313043127581,-0.00028254163306276224,-0.022644302954993027,0.008724306442064969,0.005506728169256052
26.91,0.37161493827953185,-0.10292404185503023,0.4948513387406673,0.7499618181855888,0.8429360039829877,0.7570955701878642,0.0009460159213837782,-0.00036443325861853495,-0.00023002756194537063,-0.020539658563959708,0.00791307577410575,0.004994680692134534
26.92,0.3716171824293043,-0.10292669002969607,0.49484813280736534,0.7499702868782884,0.8429327416163301,0.7570935110065431,0.000751288922538207,-0.00028941445484182397,-0.00018267620743011185,-0.018399873922988398,0.007088445320416341,0.004474176763640064
26.93,0.37161893905440757,-0.10292876294472925,0.49484562333895665,0.7499769158774996,0.8429301879819051,0.7570918991720255,0.0005781360052552103,-0.0002227092720828318,-0.0001405723759895711,-0.01622482041998796,0.00625033892385408,0.003945168052633782
26.94,0.37162026580432195,-0.10293032860439416,0.4948437279789228,0.7499819226896863,0.8429282592684427,0.75709068178304,0.0004269105214049011,-0.000164452848205873,-0.00010380135554168557,-0.014014364562797697,0.005398680995197123,0.0034076066059033306
26.95,0.37162122126208663,-0.10293145612409871,0.49484236303708307,0.7499855283615913,0.8429268703095248,0.7570898050830455,0.0002979671836286722,-0.00011478107396378995,-7.244891152785844e-05,-0.011768367630616002,0.004533396552656937,0.0028614448767749954
26.96,0.3716218649491165,-0.10293221573371397,0.49484144348271497,0.7499879574941075,0.8429259345760889,0.7570892144554775,0.0001916621194018445,-7.383058672158145e-05,-4.6601282703195485e-05,-0.0094866853174604,0.003654411262488855,0.0023066357540599733
26.97,0.37162225733002247,-0.10293267878120599,0.49484088293766726,0.7499894382567198,0.8429253641689912,0.7570888544190341,0.00010835292869925484,-4.17387637672557e-05,-2.6345176634721233e-05,-0.007169167367529666,0.0027616514807204426,0.001743132591382327
26.98,0.3716224598174272,-0.10293291773658902,0.4948405936694836,0.749990202402528,0.8429250698116464,0.7570886686230148,4.839874535754812e-05,-1.864371520329838e-05,-1.176776490643521e-05,-0.00481565720224605,0.0018550442959858347,0.0011708892369233222
26.990000000000002,0.3716225347767822,-0.10293300619623075,0.49484048658451907,0.7499904852839094,0.8429249608427343,0.7570885998427034,1.2160302193673482e-05,-4.684276398178563e-06,-2.956678020795971e-06,-0.0024259915388030492,0.000934517573475715,0.0005898600636380156
27.0,0.3716225455311847,-0.1029330188875211,0.49484047122106234,0.7499905258688487,0.8429249452089889,0.7570885899748077,0.0,-0.0,-0.0,0.0,0.0,0.0
