t,x,y,z,q1,q2,q3,qd1,qd2,qd3,qdd1,qdd2,qdd3
0.0,0.3716225455311848,-0.1029330188875211,0.4948404712210624,0.7499905258688487,0.842924945208989,0.7570885899748078,-0.0,0.0,0.0,-0.0,0.0,0.0
0.01,0.3716225455859532,-0.1029330188184206,0.4948404716358784,0.7499905255903193,0.842924945719921,0.7570885902974672,-8.354334342015301e-08,1.5325122204543436e-07,9.677989793506924e-08,-1.6702478486109648e-05,3.0638887226604895e-05,1.9348809442729073e-05
0.02,0.3716225459690879,-0.10293301833502394,0.49484047453774666,0.7499905236418514,0.842924949294174,0.7570885925546493,-3.3392583775576034e-07,6.125506299946782e-07,3.8683291325861415e-07,-3.33678380324867e-05,6.120963872182297e-05,3.865463805253846e-05
0.03,0.37162254700828545,-0.10293301702387953,0.4948404824086507,0.7499905183569086,0.842924958988823,0.7570885986769381,-7.507765615251152e-07,1.3772168444180548e-06,8.697297669641666e-07,-4.999613546055864e-05,9.17122432384143e-05,5.791760088732065e-05
0.04,0.3716225490305098,-0.1029330144724559,0.49484049772504873,0.7499905080726604,0.842924977854128,0.7570886105906312,-1.333725258356613e-06,2.4465681692248915e-06,1.545042605705493e-06,-6.658744694560721e-05,0.0001221466487447586,7.713786794936832e-05
0.05,0.3716225523619903,-0.10293301026914076,0.494840522957878,0.749990491129975,0.8429250089335288,0.757088630217757,-2.082402529768815e-06,3.819922185418111e-06,2.4123455490871158e-06,-8.314186786515831e-05,0.00015251276274435714,9.631566375491475e-05
0.06,0.37162255732821725,-0.1029330040032394,0.4948405605725593,0.7499904658734091,0.8429250552636357,0.7570886594760976,-2.9964400264369626e-06,5.496595348038527e-06,3.4712152326572837e-06,-9.965951264788064e-05,0.00018281045259427222,0.00011545126690507807
0.07,0.3716225642539377,-0.10293299526497507,0.4948406130290018,0.7499904306511975,0.8429251198742163,0.7570887002792159,-4.075470637951009e-06,7.475902586288276e-06,4.721231346617299e-06,-0.00011614051462299019,0.00021303954582251763,0.00013454500965818503
0.08,0.3716225734631482,-0.10293298364548614,0.49484068278160814,0.7499903838152384,0.842925205788178,0.7570887545364897,-5.319128681070199e-06,9.757156906822953e-06,6.161977170260874e-06,-0.0001325850258701563,0.00024319983044441063,0.00015359727750345042
0.09,0.3716225852790881,-0.10293296873682484,0.4948407722792789,0.7499903237210795,0.8429253160215473,0.7570888241531492,-6.727050086479224e-06,1.2339669000202126e-05,7.793040102156985e-06,-0.00014899321706990596,0.000273291055277897,0.000172608508735989
0.1,0.37162260002423053,-0.10293295013195619,0.4948408839654184,0.7499902487279,0.8429254535834442,0.7570889110303217,-8.298872584050863e-06,1.5222746850488005e-05,9.614012186089385e-06,-0.00016536527735452162,0.00030331293025786057,0.00019157919403313533
0.11,0.37162261802027285,-0.10293292742475596,0.49484102027793964,0.749990157198492,0.8429256214760535,0.7570890170650801,-1.003423588662008e-05,1.8405695347982157e-05,1.1624490632765744e-05,-0.00018170141415943083,0.0003332651267494281,0.00021050987603205034
0.12,0.371622639588125,-0.10293290021000917,0.4948411836492698,0.7499900474992403,0.8429258226945918,0.7570891441504979,-1.1932781872274473e-05,2.1887815905090403e-05,1.3824078337309294e-05,-0.0001980018530750824,0.0003631472778602815,0.00022940114890859166
0.13,0.3716226650478982,-0.10293286808340801,0.4948413765063558,0.7499899180000985,0.8429260602272707,0.7570892941757073,-1.3994154765165846e-05,2.5668406075305708e-05,1.6212384392545223e-05,-0.00021426683769930582,0.00039295897875198587,0.00024825365795742404
0.14,0.37162269471889076,-0.10293283064154934,0.4948416012706707,0.7499897670745664,0.842926337055257,0.7570894690259654,-1.621800131484784e-05,2.9746759175299678e-05,1.8789024598094482e-05,-0.00023049662949015226,0.00042269978695034735,0.0002670680991733516
0.15,0.37162272891957393,-0.1029327874819333,0.49484186035821764,0.7499895930996622,0.842926656152627,0.7570896705827223,-1.860397097414434e-05,3.412216391011273e-05,2.155362196528678e-05,-0.0002466915076192103,0.00045236922265480637,0.00028584521883384553
0.16,0.37162276796757676,-0.10293273820296123,0.49484215617953836,0.7499893944558959,0.8429270204863203,0.7570899007236966,-2.115171607555341e-05,3.879390400143344e-05,2.4505807217904858e-05,-0.0002628517688253969,0.00048196676904688245,0.00030458581308275164
0.17,0.37162281217966864,-0.10293268240393211,0.4948424911397172,0.7499891695272384,0.8429274330160866,0.757090161322955,-2.3860892006191474e-05,4.376125781895764e-05,2.764521928877157e-05,-0.0002789777272692177,0.0005114918725976766,0.00032329072751515316
0.18,0.371622861871741,-0.1029326196850412,0.4948428676383886,0.7499889167010911,0.8429278966944319,0.7570904542509963,-2.673115738128245e-05,4.9023498014817774e-05,3.0971505812191284e-05,-0.0002950697143874937,0.000540943943374441,0.0003419608567633691
0.19,0.37162291735878994,-0.10293254964737697,0.49484328806974276,0.7499886343682528,0.8429284144665575,0.7570907813748412,-2.9762174216196503e-05,5.457989116107358e-05,3.4484323612256964e-05,-0.000311128078748552,0.0005703223553462291,0.00036059714408406964
0.2,0.3716229789548945,-0.10293247189291899,0.49484375482253307,0.7499883209228838,0.8429289892702995,0.7570911445581268,-3.2953608097042916e-05,6.0429697390254364e-05,3.818333918703377e-05,-0.00032715318590787693,0.0005996264466886325,0.000379200580946488
0.21,0.3716230469731962,-0.10293238602453403,0.4948442702800809,0.7499879747624701,0.842929624036061,0.7570915456612052,-3.630512834982189e-05,6.657217003894444e-05,4.206822918863027e-05,-0.00034314541826421834,0.0006288555200876167,0.0003977722066217088
0.22,0.37162312172587675,-0.10293229164597456,0.4948448368202847,0.7499875942877853,0.8429303216867431,0.7570919865412482,-3.9816408208139606e-05,7.300655529440226e-05,4.613868089916783e-05,-0.0003591051749161538,0.0006580088430424621,0.00041631310777301466
0.23,0.3716232035241347,-0.10293218836187479,0.4948454568156251,0.7499871779028501,0.842931085137672,0.7570924690523555,-4.3487124979491226e-05,7.973209184420469e-05,5.039439270265866e-05,-0.0003750328715191027,0.0006870856481678234,0.000434824418047273
0.24,0.3716232926781608,-0.10293207577774777,0.4948461326331728,0.7499867240148913,0.8429319172965213,0.7570929950456678,-4.73169602101161e-05,8.674801052890707e-05,5.4835074552802746e-05,-0.00039092894014278645,0.0007160851334949103,0.00045330731766734226
0.25,0.37162338949711266,-0.10293195349998219,0.4948468666345948,0.7499862310342984,0.8429328210632328,0.7570935663694852,-5.1305599848430216e-05,9.405353399771152e-05,5.9460448436714205e-05,-0.00040679382912913695,0.0007450064627718083,0.00047176303302548327
0.26,0.37162349428908836,-0.10293182113583987,0.49484766117616347,0.7499856973745784,0.842933799329932,0.7570941848693902,-5.545273440703946e-05,0.00010164787636713346,6.427024883458631e-05,-0.0004226280029506441,0.0007738487657629356,0.000490192836277754
0.27,0.3716236073610986,-0.10293167829345057,0.4948485186087608,0.7499851214523102,0.8429348549808415,0.7570948523883736,-5.975805912333879e-05,0.00010953024288265856,6.92642231753054e-05,-0.0004384319420691451,0.0008026111385476573,0.0005085980449393742
0.28,0.3716237290190385,-0.10293152458181065,0.49484944127788977,0.7499845016870956,0.8429359908921912,0.7570955707669681,-6.422127411870169e-05,0.00011769982958338225,7.444213228802366e-05,-0.0004542061427950489,0.0008312926438180556,0.0005269800214810402
0.29,0.371623859567658,-0.1029313596107776,0.4948504315236783,0.7499838365015103,0.8429372099321233,0.7570963418433827,-6.884208455626342e-05,0.0001261558229696215,7.980375084969878e-05,-0.0004699511171469938,0.000859892311175868,0.0005453401729261718
0.3,0.37162399931053025,-0.1029311829910679,0.49485149168088965,0.7499831243210523,0.8429385149605961,0.7570971674536447,-7.36202007973039e-05,0.00013489739967349363,8.534886782861191e-05,-0.00048566739271193926,0.0008884091374286076,0.0005636799504490824
0.31,0.3716241485500218,-0.10293099433425212,0.49485262407892844,0.7499823635740899,0.8429399088292837,0.7570980494317446,-7.855533855623267e-05,0.0001439237261324503,9.107728692387063e-05,-0.000501355512505681,0.0009168420868848581,0.0005820008489740443
0.32,0.37162430758725834,-0.10293079325275134,0.49485383104184955,0.7499815526918061,0.8429413943814723,0.7570989896097848,-8.364721905418199e-05,0.00015323395826576198,9.698882700090798e-05,-0.0005170160348337962,0.0009451900916487716,0.0006003044067752457
0.33,0.3716244767220917,-0.10293057935983352,0.49485511488836614,0.749980690108144,0.842942974451953,0.7570999898181343,-8.889556917121085e-05,0.0001628272411539424,0.00010308332252298475,-0.00053264953315301,0.0009734520519137581,0.0006185922050776135
0.34,0.37162465625306584,-0.10293035226960878,0.49485647793185744,0.7499797742597489,0.8429446518669123,0.7571010518855865,-9.430012159712523e-05,0.00017270270872110654,0.00010936062397870472,-0.0005482565959329803,0.0010016268362553864,0.0006368658676584944
0.35000000000000003,0.3716248464773806,-0.10293011159702592,0.4948579224803771,0.7499788035859096,0.8429464294438191,0.7571021776395216,-9.986061498091813e-05,0.00018285948342025338,0.00011582059830555084,-0.0005638378265185055,0.001029713281923501,0.0006551270604501761
0.36,0.37162504769085514,-0.10292985695786805,0.4948594508366616,0.7499777765284977,0.8429483099913081,0.757103368906073,-0.00010557679407883339,0.00019329667592146564,0.00012246312930945034,-0.000579393842992142,0.0010577101951335579,0.0006733774911432313
0.37,0.3716252601878911,-0.10292958796874746,0.49486106529813895,0.7499766915319064,0.8429502963090602,0.7571046275102984,-0.00011144840990105867,0.00020401338480302016,0.00012928811808037813,-0.0005949252780372393,0.0010856163513571955,0.0006916189087906781
0.38,0.3716254842614338,-0.102929304247102,0.494862768156937,0.7499755470429866,0.8429523911876806,0.7571059552763544,-0.00011747521985704968,0.00021500869624539856,0.00013629548340400517,-0.0006104327788013818,0.0011134304956120348,0.0007098531034129331
0.39,0.37162572020293305,-0.10292900541119077,0.4948645616998921,0.749974341510983,0.8429545974085733,0.7571073540276759,-0.00012365698789949182,0.00022628168372819342,0.00014348516216940036,-0.0006259170067602415,0.0011411513427507314,0.0007280819056035511
0.4,0.37162596830230316,-0.10292869108008823,0.4948664482085585,0.749973073387467,0.8429569177438118,0.7571088255871584,-0.00012999348466690173,0.00023783140772990036,0.00015085710977279397,-0.0006413786375818352,0.0011687775777492707,0.0007463071861357342
0.41000000000000003,0.37162622884788094,-0.10292836087368101,0.4948684299592164,0.7499717411262697,0.8429593549560085,0.7571103717773463,-0.00013648448762487418,0.00024965691543059044,0.00015841130051741015,-0.000656818360991186,0.0011963078559945263,0.0007645308555695987
0.42,0.37162650212638454,-0.10292801441266192,0.49487050922288134,0.749970343183413,0.8429619117981796,0.7571119944206225,-0.00014312978120597635,0.00026175724041745254,0.00016614772800937466,-0.0006722368806353846,0.0012237408035710765,0.0007827548638601856
0.43,0.3716267884228707,-0.1029276513185256,0.49487268826531333,0.7499688780170393,0.8429645910136082,0.7571136953394043,-0.00014992915694829638,0.0002741314023932031,0.00017406640554970825,-0.0006876349139490514,0.0012510750175472984,0.0008009811999662033
0.44,0.37162708802068933,-0.10292727121356349,0.49487496934702635,0.7499673440873385,0.8429673953357041,0.7571154763563427,-0.00015688241363264675,0.0002867784068873497,0.00018216736652240914,-0.0007030131920201932,0.0012783090662607272,0.0008192118914594887
0.45,0.3716274012014409,-0.10292687372085918,0.4948773547232965,0.749965739856477,0.8429703274878596,0.7571173392945234,-0.00016398935741842989,0.0002996972449703085,0.0001904506647786355,-0.0007183724594564578,0.001305441489602711,0.0008374490041351793
0.46,0.3716277282449292,-0.10292645846428244,0.4948798466441734,0.7499640637885218,0.8429733901833049,0.7571192859776759,-0.00017124980197816693,0.0003128868929703607,0.00019891637501699127,-0.0007337134742517779,0.0013324707993023447,0.0008556946416225753
0.47000000000000003,0.3716280694291157,-0.10292602506848436,0.4948824473544874,0.7499623143493648,0.8429765861249581,0.7571213182303812,-0.0001786635686306954,0.0003263463121934476,0.00020756459315992532,-0.0007490370076534062,0.0013593954792097008,0.0008739509449966907
0.48,0.3716284250300717,-0.10292557315889223,0.4948851590938608,0.7499604900066461,0.8429799180052745,0.7571234378782881,-0.00018623048647303952,0.0003400744486457939,0.00021639543672624938,-0.0007643438440293415,0.0013862139855783642,0.0008922200923904763
0.49,0.371628795321931,-0.10292510236170399,0.4948879840967168,0.7499585892296755,0.8429833885060917,0.7571256467483295,-0.00019395039251095654,0.00035407023275935276,0.00022540904519978137,-0.0007796347807361384,0.0014129247473472697,0.0009105042986077037
0.5,0.3716291805768402,-0.10292461230388289,0.49489092459228934,0.7499566104893527,0.8429870002984723,0.7571279466689451,-0.00020182313178816226,0.00036833257912006416,0.00023460558039411995,-0.0007949106279871003,0.0014395261664218477,0.0009288058147365
0.51,0.3716295810649086,-0.10292410261315171,0.49489398280463354,0.7499545522580857,0.842990756042545,0.7571303394703057,-0.00020984855751424183,0.0003828603861989247,0.00024398522681355955,-0.0008101722087208608,0.0014660166179544974,0.0009471269277635283
0.52,0.3716299970541591,-0.10292357291798726,0.4948971609526342,0.7499524130097102,0.8429946583873408,0.7571328269845414,-0.00021802653119124706,0.0003976525360858553,0.00025354819201014816,-0.0008254203584703383,0.00149239445062437,0.0009654699601887907
0.53,0.37163042881047464,-0.10292302284761445,0.49490046125001774,0.7499501912194034,0.8429987099706294,0.7571354110459755,-0.00022635692273898576,0.0004127078942263658,0.0002632947069368982,-0.0008406559252320749,0.0015186579869164885,0.0009838372696410616
0.54,0.3716308765975468,-0.10292245203200107,0.49490388590536033,0.7499478853636018,0.84300291341875,0.757138093491359,-0.00023483961061900637,0.0004280253091610056,0.0002732250262971534,-0.0008558797693359497,0.001544805523400196,0.001002231248493925
0.55,0.3716313406768238,-0.1029218601018515,0.4949074371220998,0.7499454939199137,0.8430072713464418,0.7571408761601096,-0.00024347448195728138,0.0004436036122675977,0.00028333942889012005,-0.000871092763315268,0.001570835331006943,0.001020654323482418
0.56,0.3716318213074552,-0.10292124668860037,0.494911117098545,0.7499430153670325,0.843011786356671,0.7571437608945555,-0.00025226143266559345,0.00045944161750624416,0.0002936382179525668,-0.0008862957917772228,0.0015967456553074143,0.0010391089553202632
0.5700000000000001,0.3716323187462376,-0.10292061142440762,0.4949149280278864,0.7499404481846476,0.8430164610404554,0.7571467495401809,-0.0002612003675616281,0.00047553812116710284,0.0003041217214967001,-0.0009014897512737295,0.0016225347167880097,0.0010575976383176906
0.58,0.37163283324755947,-0.10291995394215109,0.4949188720982059,0.7499377908533554,0.8430212979766857,0.7571498439458747,-0.0002702912004877772,0.0004918919016209236,0.00031479029264422126,-0.0009166755501726299,0.0016482007111266676,0.0010761228999998274
0.59,0.37163336506334504,-0.10291927387542221,0.4949229514924885,0.7499350418545688,0.8430262997319465,0.7571530459641846,-0.00027953385442865543,0.0005085017190723406,0.00032564430995656973,-0.0009318541085292649,0.001673741809468055,0.0010946873007256631
0.6,0.3716339144429969,-0.10291857085851708,0.4949271683886313,0.7499321996704238,0.8430314688603319,0.7571563574515725,-0.00028892826162733415,0.0005253663153159119,0.00033668417776135773,-0.000947026357958411,0.0016991561586981075,0.001113293433307563
0.61,0.371634481633339,-0.10291784452643227,0.49493152495945686,0.7499292627836878,0.8430368079032613,0.7571597802686734,-0.00029847436370029765,0.0005424844134949032,0.00034791032647500555,-0.0009621932415065859,0.0017244418817179423,0.0011319439226313416
0.62,0.37163506687855774,-0.1029170945148577,0.49493602337272047,0.7499262296776642,0.8430423193892912,0.7571633162805581,-0.00030817211175112377,0.0005598547178628063,0.00035932321292157766,-0.0009773557135247179,0.0017495970777171425,0.0011506414252768769
0.63,0.37163567042014223,-0.1029163204601714,0.4949406657911234,0.7499230988360982,0.8430480058339251,0.7571669673569997,-0.00031802146648289196,0.0005774759135475871,0.0003709233206478286,-0.000992514739541171,0.001774619822446402,0.0011693886291392526
0.64,0.37163629249682595,-0.10291552199943022,0.49494545437232257,0.7499198687430787,0.8430538697394213,0.7571707353727409,-0.00032802239830932505,0.000595346666318658,0.00038271116023446333,-0.001007671296135137,0.001799508168489563,0.0011881882530504402
0.65,0.37163693334452497,-0.10291469877036552,0.49495039126894264,0.749916537882942,0.8430599135945979,0.7571746222077673,-0.0003381748874646658,0.0006134656223565667,0.00039468726960361673,-0.0010228263708103851,0.0018242601455350249,0.001207043046401493
0.66,0.37163759319627643,-0.10291385041137607,0.4949554786285855,0.7499131047401721,0.8430661398746362,0.7571786297475811,-0.0003484789241122927,0.000631831408025396,0.0004068522143225573,-0.0010379809618693658,0.001848873760646543,0.0012259557887652616
0.67,0.3716382722821776,-0.10291297656152093,0.4949607185938424,0.749909567799302,0.8430725510408805,0.75718275988348,-0.00035893450845207893,0.0006504426296478694,0.0004192065879036208,-0.001053136078287675,0.0018733469985334123,0.0012449292895196098
0.68,0.37163897082932207,-0.10291207686051257,0.49496611330230533,0.7499059255448107,0.843079149540638,0.7571870145128381,-0.0003695416508264977,0.0006692978732831541,0.00043175101210037866,-0.0010682927395888717,0.0018976778218200486,0.0012639663874711403
0.6900000000000001,0.3716396890617374,-0.10291115094871062,0.49497166488657685,0.7499021764610244,0.8430859378069738,0.7571913955393886,-0.0003803003718254773,0.0006883957045073584,0.00044448613720004615,-0.0010834519757196457,0.0019218641713149597,0.0012830699504794087
0.7000000000000001,0.3716404272003196,-0.10291019846711419,0.49497737547428217,0.7498983190320103,0.8430929182585053,0.7571959048735122,-0.0003912107023900098,0.000707734668196715,0.00045741264231213515,-0.001098614826925343,0.001945903966279121,0.0013022428750816318
0.71,0.37164118546276986,-0.10290921905735506,0.4949832471880812,0.7498943517414746,0.8431000932991948,0.7572005444325257,-0.00040227268391451656,0.0007273132883134436,0.0004705312356533556,-0.0011137823436258374,0.0019697951046937475,0.0013214880861178772
0.72,0.3716419640635284,-0.10290821236169145,0.4949892821456786,0.7498902730726569,0.8431074653181383,0.7572053161409747,-0.0004134863683479749,0.0007471300676942922,0.0004838426548287732,-0.0011289555862917554,0.0019935354635274797,0.0013408085363567335
0.73,0.3716427632137083,-0.1029071780229992,0.4949954824598357,0.7498860815082239,0.8431150366893536,0.7572102219309294,-0.00042485181829380697,0.0007671834878417415,0.0004973476671092231,-0.0011441356253210442,0.002017122899002971,0.001360207206121451
0.74,0.37164358312102885,-0.10290611568476637,0.4950018502383821,0.7498817755301627,0.8431228097715665,0.7572152637422813,-0.00043636910710853865,0.000787472008717879,0.0005110470697049915,-0.0011593235409158927,0.0020405552468628877,0.001379687102916553
0.75,0.37164442398974845,-0.10290502499108445,0.49500838758422727,0.7498773536196726,0.8431307869079936,0.7572204435230457,-0.0004480383189992268,0.0008079940685409242,0.000524941690035761,-0.0011745204229599941,0.002063830322635331,0.0013992512610549088
0.76,0.37164528602059643,-0.10290390558664253,0.49501509659537146,0.7498728142570564,0.843138970426124,0.757225763229664,-0.00045985954911966344,0.0008287480835844092,0.0005390323859968336,-0.0011897273708961552,0.002086945921898664,0.0014189027412852661
0.77,0.3716461694107041,-0.1029027571167182,0.495021979364918,0.7498681559216099,0.843147362637499,0.7572312248273099,-0.0004718329036653548,0.0008497324479790015,0.000553320046221627,-0.001204945493604248,0.0021098998205457686,0.0014386446304202373
0.78,0.37164707435353594,-0.10290157922717158,0.4950290379810853,0.7498633770915119,0.8431559658374898,0.757236830290198,-0.00048395849996728425,0.0008709455335169696,0.0005678055903404568,-0.0012201759092795063,0.0021326897750477245,0.0014584800409647356
0.79,0.37164800103881956,-0.10290037156443704,0.49503627452721694,0.7498584762437107,0.8431647823050732,0.7572425816018957,-0.0004962364665844582,0.0008923856894592796,0.0005824899692356017,-0.00123541974531116,0.002155313522716907,0.0014784121107448585
0.8,0.37164894965247525,-0.10289913377551546,0.495043691081795,0.7498534518538141,0.8431738143026047,0.7572484807556364,-0.0005086669433952412,0.0009140512423453228,0.0005973741652926635,-0.0012506781381614138,0.002177768781969521,0.0014984440025372118
0.81,0.37164992037654476,-0.10289786550796776,0.4950512897184514,0.7498483023959727,0.8431830640755912,0.7572545297546356,-0.0005212500816874822,0.0009359404958052632,0.0006124591926482196,-0.0012659522332447613,0.002200053252587554,0.0015185789036986704
0.8200000000000001,0.37165091338911993,-0.10289656640990569,0.49505907250597964,0.7498430263427674,0.8431925338524605,0.7572607306124106,-0.0005339860442474337,0.0009580517303750018,0.0006277460974337762,-0.0012812431848076421,0.002222164615980177,0.0015388200257965814
0.8300000000000001,0.3716519288642698,-0.10289523612998486,0.49506704150834574,0.7498376221650935,0.8432022258443292,0.7572670853531001,-0.0005468750054474733,0.0009803832033137558,0.0006432359580160261,-0.0012965521558084305,0.002244100535444563,0.0015591706042393874
0.84,0.3716529669719687,-0.10289387431739705,0.4950751987847024,0.7498320883320442,0.8432121422447698,0.7572735960117893,-0.0005599171513326226,0.0010029331484242383,0.0006589298852334149,-0.0013118803177977665,0.002265858656426155,0.0015796338979076911
0.85,0.3716540278780224,-0.10289248062186246,0.49508354638939855,0.7498264233107932,0.8432222852295749,0.7572802646348349,-0.000573112679705874,0.00102569977587544,0.0006748290226290195,-0.0013272288507992199,0.0022874366067783657,0.0016002131887857362
0.86,0.37165511174399346,-0.10289105469362075,0.49509208637199265,0.7498206255664775,0.8432326569565192,0.7572870932801937,-0.0005864618002123242,0.0010486812720280068,0.0006909345466797431,-0.0013425989431902871,0.002308831997021723,0.0016209117815933166
0.87,0.37165621872712834,-0.1028895961834243,0.4951008207772642,0.749814693562078,0.8432432595651218,0.7572940840177526,-0.0005999647344221191,0.0010718757992622008,0.0007072476670218319,-0.0013579917915837246,0.0023300424206024475,0.0016417330034181018
0.88,0.3716573489802809,-0.10288810474252957,0.4951097516452255,0.7498086257582997,0.8432540951764048,0.7573012389296615,-0.0006136217159122165,0.001095281495808453,0.0007237696266727194,-0.0013734086007092152,0.0023510654541504883,0.0016626802033483878
0.89,0.3716585026518368,-0.10288658002268897,0.4951188810111351,0.7498024206134513,0.8432651658926513,0.7573085601106686,-0.0006274329903469633,0.001118896475580484,0.0007405017022491954,-0.0013888505832953654,0.0023718986577369963,0.001683756752106257
0.9,0.37165967988563864,-0.10288502167614322,0.4951282109055075,0.7497960765833246,0.8432764737971613,0.7573160496684571,-0.0006413988155574963,0.0011427188280110018,0.0007574452041819123,-0.0014043189599520338,0.0023925395751312425,0.001704966041681155
0.91,0.371660880820908,-0.10288342935561284,0.49513774335412736,0.749789592121072,0.8432880209540059,0.7573237097239846,-0.0006555194616199688,0.0011667466178899683,0.0007746014769262297,-0.0014198149590529917,0.0024129857340569913,0.0017263114849638812
0.92,0.3716621055921687,-0.10288180271428954,0.49514748037806006,0.7497829656770828,0.84329980940778,0.7573315424118235,-0.0006697952109326029,0.0011909778852054198,0.0007919718991693972,-0.001435339816618911,0.002433234646448322,0.001747796515380987
0.93,0.37166335432916964,-0.10288014140582868,0.49515742399366547,0.7497761956988611,0.8433118411833542,0.7573395498805062,-0.0006842263582915758,0.0012154106449868494,0.0008095578840340868,-0.0014508947762006852,0.002453283808704899,0.0017694245865295857
0.9400000000000001,0.3716646271568055,-0.10287844508434013,0.4951675762126078,0.7497692806309006,0.8433241182856238,0.7573477342928683,-0.0006988132109657411,0.0012400428871511382,0.0008273608792782766,-0.001466481088763077,0.002473130701946704,0.001791199171812573
0.9500000000000001,0.3716659241950389,-0.10287671340438076,0.49517793904187024,0.7497622189145596,0.8433366426992568,0.7573560978263977,-0.0007135560887701838,0.0012648725763510244,0.0008453823674914812,-0.0014821000125686886,0.0024927727922682058,0.001813123764074245
0.96,0.3716672455588207,-0.10287494602094516,0.49518851448376544,0.7497550089879348,0.8433494163884413,0.7573646426735828,-0.0007284553241386225,0.0012898976518261223,0.0008636238662873498,-0.0014977528130622696,0.002512207530992002,0.001835201875236334
0.97,0.37166859135801067,-0.10287314258945784,0.49519930453594746,0.7497476492857358,0.8433624412966294,0.7573733710422642,-0.0007435112621946547,0.0013151160272564693,0.0008820869284926219,-0.0015134407627553424,0.0025314323549219123,0.0018574370359344399
0.98,0.37166996169729727,-0.10287130276576445,0.4952103111914258,0.7497401382391571,0.8433757193462823,0.7573822851559875,-0.0007587242608218458,0.001340525590618597,0.0009007731423324478,-0.0015291651411111576,0.0025504446865955207,0.0018798327951548737
0.99,0.37167135667611684,-0.1028694262061225,0.4952215364385751,0.74973247427575,0.8433892524386115,0.7573913872543584,-0.0007740946907326745,0.0013661242040441327,0.0009196841316120831,-0.0015449272344299726,0.002569241934536186,0.0019023927198718964
1.0,0.37167277638857205,-0.1028675125671944,0.49523298226114976,0.7497246558192943,0.8434030424533202,0.7574006795933991,-0.0007896229355363303,0.001391909703680914,0.0009388215558949557,-0.0015607283357346581,0.0025878214935045104,0.0019251203946853718
1.01,0.3716742209233517,-0.10286556150603687,0.4952446506382938,0.7497166812896692,0.8434170912483422,0.7574101644459073,-0.0008053093918053702,0.0014178798995566177,0.0009581871106771124,-0.0015765697446566264,0.0026061807447492597,0.0019480194214588134
1.02,0.3716756903636471,-0.10286357268009344,0.4952565435445553,0.7497085491027227,0.843431400659581,0.7574198441018156,-0.0008211544691412322,0.0014440325754448908,0.000977782527558046,-0.001592452767322083,0.002624317056257754,0.001971093418957843
1.03,0.37167718478707096,-0.10286154574718553,0.4952686629498958,0.7497002576701419,0.8434459725006453,0.7574297208685542,-0.0008371585902386188,0.001470365488733989,0.0009976095744079119,-0.0016083787162386016,0.0026422277830057115,0.001994346022489044
1.04,0.3716787042655735,-0.10285948036550302,0.49528101081970577,0.7496918053993207,0.8434608085625861,0.7574397970714138,-0.0008533221909487436,0.0014968763702979057,0.001017670055531133,-0.0016243489101820268,0.0026599102672065643,0.002017780883539233
1.05,0.3716802488653596,-0.10285737619359647,0.4952935891148139,0.7496831906932288,0.8434759106136295,0.7574500750539114,-0.0008696457203414489,0.0015235629243699929,0.001037965811826398,-0.001640364674083686,0.002677361838560216,0.0020414016694151114
1.06,0.3716818186468048,-0.10285523289036708,0.49530639979150076,0.7496744119502786,0.8434912803989099,0.7574605571781557,-0.0008861296407662006,0.0015504228284190704,0.0010584987209430654,-0.0016564273389179426,0.0026945798145012927,0.0020652120628833555
1.07,0.37168341366437124,-0.10285305011505863,0.49531944480151013,0.7496654675641925,0.8435069196402025,0.7574712458252173,-0.0009027744279119541,0.0015774537330280078,0.001079270697433959,-0.0016725382415900508,0.002711561500446826,0.0020892157618110805
1.08,0.3716850339665234,-0.10285082752724795,0.49533272609206225,0.7496563559238691,0.8435228300356539,0.7574821433954969,-0.0009195805708659076,0.0016046532617747902,0.0011002836929045817,-0.0016886987248243455,0.00272830419004342,0.0021134164788067324
1.09,0.37168667959564206,-0.1028485647868363,0.49534624560586443,0.7496470754132488,0.8435390132595099,0.7574932523090973,-0.0009365485721711329,0.0016320190111160425,0.0011215396961587322,-0.0017049101370527453,0.002744805165413871,0.0021378179408613777
1.1,0.37168835058794036,-0.1028462615540397,0.4953600052811243,0.7496376244111792,0.8435554709618454,0.7575045750061956,-0.0009536789478830945,0.0016595485502730232,0.0011430407333405386,-0.0017211738323035801,0.002761061697403257,0.0021624238889904053
1.11,0.3716900469733764,-0.1028439174893811,0.49537400705156065,0.7496280012912793,0.8435722047682905,0.7575161139474184,-0.0009709722276250616,0.0016872394211200786,0.0011647888680729151,-0.0017374911700907332,0.0027770710458244847,0.0021872380778756354
1.12,0.3716917687755684,-0.10284153225367965,0.4953882528464176,0.7496182044218039,0.8435892162797578,0.7575278716142155,-0.0009884289546424085,0.0017150891380755433,0.0011867862015924357,-0.0017538635153031108,0.002792830459703309,0.0022122642755078486
1.1300000000000001,0.3716935160117077,-0.10283910550804276,0.4954027445904736,0.7496082321655073,0.8436065070721651,0.7575398505092386,-0.0010060496858558142,0.0017430951879950916,0.0012090348728806383,-0.0017702922380944215,0.002808337177522802,0.0022375062628297144
1.1400000000000001,0.3716952886924713,-0.10283663691385603,0.4954174842040561,0.7495980828795056,0.8436240786961612,0.7575520531567177,-0.0010238349919133613,0.0017712550300675327,0.0012315370587917616,-0.001786778713773284,0.0028235884274673065,0.0022629678333791494
1.1500000000000001,0.371697086821935,-0.10283412613277493,0.49543247360305187,0.7495877549151397,0.8436419326768481,0.7575644821028418,-0.0010417854572415365,0.0017995660957130413,0.001254294974176916,-0.0018033243226936464,0.0028385814276658287,0.0022886527929330816
1.16,0.3716989103974856,-0.10283157282671457,0.49544771469891924,0.7495772466178372,0.8436600705135023,0.7575771399161385,-0.001059901680095136,0.0018280257884838143,0.001277310872004691,-0.0018199304501455267,0.0028533133864349137,0.002314564959151636
1.17,0.37170075940973335,-0.10282897665784102,0.49546320939870064,0.7495665563269738,0.8436784936792966,0.7575900291878563,-0.0010781842726060845,0.0018566314839671653,0.0013005870434782151,-0.0018365984862460736,0.002867781502520974,0.002340708161222747
1.18,0.37170263384242264,-0.10282633728856172,0.4954789596050337,0.7495556823757342,0.843697203621019,0.7576031525323478,-0.0010966338608311597,0.0018853805296910272,0.0013241258181486552,-0.001853329825830941,0.002881982965342083,0.0023670862395071854
1.19,0.3717045336723439,-0.10282365438151642,0.49549496721616304,0.7495446230909729,0.8437162017587923,0.7576165125874524,-0.001115251084798637,0.0019142702450318766,0.0013479295640251708,-0.001870125868345983,0.0028959149552292302,0.002393703045184014
1.2,0.3717064588692445,-0.10282092759956696,0.4955112341259521,0.749533376793074,0.843735489485792,0.7576301120148833,-0.001134036598553852,0.0019432979211250704,0.0013720006876813309,-0.0018869880177392665,0.002909574643667041,0.0024205624398964754
1.21,0.37170840939573896,-0.10281815660578875,0.49552776222389544,0.7495219417958106,0.8437550681679632,0.7576439535006118,-0.0011529910702036824,0.001972460820777578,0.0013963416343579812,-0.0019039176823533999,0.0029229591935339503,0.0024476682953983022
1.22,0.37171038520721966,-0.1028153410634608,0.4955445533951293,0.7495103164062044,0.8437749391437371,0.7576580397552561,-0.0011721151819599576,0.0020017561783831224,0.0014209548880625862,-0.001920916274818181,0.0029360657593418484,0.0024750244932004676
1.23,0.3717123862517664,-0.10281248063605669,0.4955616095204444,0.7494984989243846,0.8437951037237468,0.7576723735144685,-0.0011914096301817955,0.00203118119983971,0.0014458429716650376,-0.0019379852119435618,0.0029488914874751778,0.002502634924218371
1.24,0.3717144124700563,-0.1028095749872342,0.4955789324762965,0.7494864876434455,0.8438155631905411,0.7576869575393241,-0.0012108751254168682,0.002060733062469546,0.0014710084469899312,-0.0019551259146129243,0.002961433516429487,0.0025305034884194537
1.25,0.37171646379527373,-0.10280662378082644,0.49559652413481803,0.7494742808493052,0.8438363187982989,0.7577017946167124,-0.001230512392441606,0.002090408914941341,0.001496453914905334,-0.001972339807676687,0.002973688977049459,0.002558634094471272
1.26,0.3717185401530171,-0.10280362668083176,0.4956143863638302,0.7494618768205622,0.8438573717725424,0.7577168875597265,-0.001250322170300337,0.002120205877194989,0.0015221820154080242,-0.0019896283198462122,0.002985654992766377,0.0025870306593900037
1.27,0.3717206414612107,-0.1028005833514049,0.4956325210268539,0.7494492738283536,0.843878723309849,0.7577322392080557,-0.0012703052123433662,0.002150121040368613,0.0015481954277052207,-0.0020069928835880426,0.0029973286798350616,0.002615697108189407
1.28,0.37172276763001044,-0.10279749345684663,0.49565092998312055,0.7494364701362106,0.8439003745775635,0.7577478524283773,-0.0012904622862639993,0.00218015146672799,0.0015744968702928065,-0.002024434935018446,0.003008707147570262,0.0026446373735302285
1.29,0.37172491856171375,-0.10279435666159448,0.49566961508758406,0.7494234639999167,0.8439223267135085,0.757763730114751,-0.0013107941741345175,0.0022102941895983273,0.0016010891010300498,-0.0020419559137982842,0.0030197874985824964,0.002673855395370077
1.3,0.3717270941506666,-0.10279117263021237,0.4956885781909321,0.7494102536673615,0.8439445808256949,0.7577798751890117,-0.0013313016724410946,0.0022405462132983945,0.0016279749172108207,-0.0020595572630281917,0.003030566829013353,0.002703355120613741
1.31,0.37172929428317125,-0.10278794102738209,0.49570782113959627,0.7493968373783984,0.8439671379920314,0.7577962906011648,-0.0013519855921176758,0.0022709045130770143,0.001655157155631319,-0.002077240429144075,0.00304104222877024,0.002733140502763979
1.32,0.37173151883739347,-0.10278466151789228,0.49572734577576427,0.749383213364698,0.8439899992600336,0.7578129793297818,-0.0013728467585788055,0.002301366035051886,0.0016826386926543071,-0.002095006861812926,0.0030512107817605946,0.0027632155015727762
1.33,0.37173376768327027,-0.10278133376663012,0.4957471539373901,0.7493693798496059,0.8440131656465326,0.7578299443823956,-0.001393886011751422,0.0023319276961507565,0.0017104224442698625,-0.0021128580138289606,0.0030610695661255367,0.002793584082693067
1.34,0.3717360406824154,-0.10277795743856966,0.495767247458205,0.7493553350479941,0.8440366381373826,0.7578471887958971,-0.0014151042061056104,0.002362586384054927,0.0017385113661526489,-0.002130795341010057,0.0030706156544729724,0.0028242502173309375
1.35,0.37173833768802733,-0.10277453219876376,0.4957876281677284,0.749341077166118,0.8440604176871677,0.7578647156369331,-0.0014365022106843212,0.0023933389571450777,0.0017669084537157058,-0.0021488203020945287,0.0030798461141101517,0.0028552178818983
1.36,0.37174065854479443,-0.10277105771233314,0.49580829789127884,0.749326604401469,0.8440845052189094,0.7578825280023032,-0.0014580809091320633,0.0024241822444494286,0.0017956167421607808,-0.0021669343586382035,0.0030887580072756736,0.00288649105766606
1.37,0.37174300308880226,-0.10276753364445718,0.4958292584499845,0.7493119149426298,0.8441089016237728,0.7579006290193583,-0.0014798411997225618,0.0024551130455942025,0.0018246393065251777,-0.0021851389749118206,0.0030973483913709233,0.0029180737304177586
1.3800000000000001,0.3717453711474375,-0.10276395966036384,0.49585051166079325,0.7492970069691262,0.8441336077607714,0.7579190218463988,-0.0015017839953853985,0.0024861281307564155,0.001853979261725159,-0.0022034356177987515,0.003105614319190983,0.0029499698901037192
1.3900000000000001,0.3717477625392954,-0.10276033542531982,0.49587205933648376,0.7492818786512814,0.8441586244564735,0.757937709673074,-0.0015239102237316273,0.0025172242406189633,0.0018836397625958863,-0.002221825756693027,0.003113552839154955,0.002982183530495677
1.4000000000000001,0.37175017707408475,-0.10275666060462046,0.49589390328567545,0.7492665281500698,0.8441839525047065,0.757956695720781,-0.001546220827078371,0.002548398086328007,0.001913624003927906,-0.002240310863397692,0.0031211609955357484,0.0030147186488419216
1.41,0.3717526145525325,-0.10275293486358,0.4959160453128391,0.749250953616968,0.8442095926662614,0.7579759832430656,-0.0015687167624724057,0.0025796463494526627,0.0019439352205001962,-0.0022588924120234694,0.0031284358286892957,0.0030475792455229396
1.42,0.37175507476628855,-0.10274915786752187,0.4959384872183067,0.7492351531938092,0.8442355456685967,0.75799557552602,-0.0015913990017127335,0.0026109656819469766,0.0019745766871097706,-0.0022775718788877472,0.0031353743752832166,0.003080769323707567
1.43,0.37175755749783124,-0.1027453292817681,0.49596123079828186,0.749219125012634,0.8442618122055425,0.7580154758886861,-0.0016142685313721443,0.0026423527061141794,0.0020055517185978396,-0.002296350742413881,0.0031419736685249127,0.0031142928890096565
1.44,0.37176006252037175,-0.10274144877163038,0.49598427784484866,0.7492028671955441,0.8442883929370033,0.7580356876834535,-0.0016373263528177695,0.002673804014573218,0.0020368636698725475,-0.00231523048303081,0.0031482307383890974,0.0031481539491452627
1.45,0.3717625895977579,-0.10273751600239911,0.49600763014598354,0.7491863778545528,0.8443152884886612,0.7580562142964618,-0.0016605734822306441,0.002705316170227575,0.0020685159359282858,-0.0023342125830730018,0.0031541426118447745,0.0031823565135903663
1.46,0.37176513848437887,-0.10273353063933405,0.49603128948556335,0.7491696550914378,0.844342499451679,0.7580770591480006,-0.0016840109506242578,0.0027368857062363343,0.00210051195186158,-0.0023532985266806992,0.003159706313081623,0.0032169045932391037
1.47,0.37176770892506894,-0.10272949234765405,0.49605525764337555,0.7491526969975925,0.8443700263824018,0.7580982256929115,-0.0017076398038621196,0.0027685091259875235,0.002132855192883568,-0.0023724897997005057,0.0031649188637358438,0.00325180220006256
1.48,0.3717703006550115,-0.1027254007925269,0.4960795363951277,0.749135501653877,0.8443978698020599,0.7581197174209886,-0.0017314611026743205,0.0028001829030737026,0.002165549174329061,-0.002391787889586268,0.003169777283115413,0.0032870533467680794
1.49,0.37177291339964197,-0.10272125563906037,0.4961041275124569,0.74911806713047,0.8444260301964703,0.7581415378573799,-0.0017554759226731157,0.0028319034812698068,0.0021985974516622086,-0.0024111942853002944,0.0031742785884247716,0.0033226620464591352
1.5,0.3717755468745521,-0.10271705655229058,0.49612903276293885,0.7491003914867196,0.8444545080157387,0.7581636905629889,-0.0017796853543675158,0.002863667274513232,0.0022320036204787606,-0.0024307104772148813,0.003178419794988942,0.003358632312295749
1.51,0.3717782007853929,-0.10271280319717296,0.4961542539100978,0.7490824727709939,0.8444833036739609,0.7581861791348757,-0.0018040905031768942,0.0028954706668861585,0.002265771316504936,-0.0024503379570141644,0.0031821979164770677,0.003394968157155462
1.52,0.3717808748277777,-0.10270849523857284,0.4961797927134147,0.7490643090205328,0.8445124175489243,0.7582090072066581,-0.0018286924894436178,0.0029273100126001083,0.0022999042155929087,-0.0024700782175962875,0.003185609965125366,0.0034316735932948756
1.53,0.3717835686871853,-0.1027041323412537,0.49620565092833624,0.7490458982612976,0.8445418499818086,0.7582321784489132,-0.0018534924484446985,0.0029591816359827283,0.002334406033712903,-0.0024899327529758915,0.0031886529519595235,0.0034687526320117588
1.54,0.3717862820388625,-0.102699714169869,0.4962318303062837,0.7490272385078224,0.8445716012768876,0.7582556965695784,-0.0018784915304024712,0.002991081831466793,0.0023692805269419216,-0.00250990305818692,0.0031913238870164805,0.003506209283307722
1.55,0.37178901454772645,-0.10269524038895078,0.4962583325946623,0.749008327763064,0.84460167170123,0.7582795653143518,-0.0019036909004943043,0.0030230068635814255,0.0024045314914491016,-0.002529990629185753,0.003193619779565655,0.003544047555551486
1.56,0.3717917658682688,-0.1026907106629007,0.49628515953686886,0.7489891640182532,0.8446320614844,0.7583037884670946,-0.001929091738861339,0.0030549529669455255,0.0024401627634777,-0.002550196962754651,0.003195537638329572,0.003582271455142722
1.57,0.37179453564445597,-0.1026861246559791,0.49631231287230027,0.7489697452527438,0.8446627708181588,0.7583283698502297,-0.0019546952406162667,0.003086916346263397,0.002476178219323725,-0.0025705235564055296,0.003197074471703901,0.0036208849861764894
1.58,0.37179732350963324,-0.10268148203229549,0.496339794336362,0.7489500694338643,0.8446937998561644,0.7583533133251438,-0.0019805026158501485,0.003118893176322587,0.0025125817753112196,-0.0025909719082840483,0.0031982272879769154,0.0036598921501082775
1.59,0.37180012908642557,-0.10267678245579875,0.49636760566047633,0.7489301345167668,0.8447251487136738,0.7583786227925865,-0.0020065150896382707,0.003150879601993894,0.00254937738776419,-0.0026115435170740216,0.0031989930955483433,0.003699296945419638
1.6,0.3718029519866398,-0.1026720255902665,0.49639574857208985,0.7489099384442778,0.8447568174672427,0.7584043021930704,-0.0020327339020450507,0.0031828717382335853,0.0025865690529751953,-0.0026322398819021552,0.0031993689031476432,0.003739103367284437
1.61,0.3718057918111678,-0.10266721109929566,0.49642422479468185,0.7488894791467485,0.8447888061544272,0.7584303555072714,-0.002059160308127995,0.0032148656700877786,0.0026241608071706094,-0.0026530625022431037,0.003199351720051668,0.003779315407235726
1.62,0.37180864814988707,-0.1026623386462922,0.49645303604777086,0.7488687545419044,0.8448211147734838,0.7584567867564265,-0.0020857955779406984,0.003246857452698997,0.002662156726472543,-0.0026740128778248457,0.0031989385563017366,0.0038199370528332185
1.6300000000000001,0.3718115205815625,-0.10265740789446154,0.4964821840469237,0.7488477625346954,0.8448537432830713,0.7584836000027333,-0.0021126409965349104,0.0032788431113149074,0.0027005609268574574,-0.0026950925085343874,0.0031981264229201094,0.003860972287331422
1.6400000000000001,0.37181440867374843,-0.10265241850679763,0.49651167050376155,0.7488265010171461,0.8448866916019513,0.7585107993497487,-0.002139697863961656,0.003310818641299201,0.0027393775641114527,-0.0027163028943237902,0.0031969123321258525,0.003902425089348384
1.6500000000000001,0.3718173119826902,-0.10264737014607411,0.49654149712596785,0.748804967868205,0.84491995960869,0.7585383889427859,-0.0021669674952714117,0.0033427800081446387,0.0027786108337822463,-0.0027376455351165096,0.0031952932975500975,0.003944299432535079
1.6600000000000001,0.37182023005322473,-0.10264226247483382,0.49657166561729504,0.7487831609535959,0.8449535471413591,0.7585663729693123,-0.002194451220513359,0.003374723147488252,0.002818264971127858,-0.0027591219307140777,0.0031932663344507047,0.003986599285245465
1.67,0.37182316241868346,-0.1026370951553785,0.49660217767757125,0.7487610781256665,0.8449874539972375,0.7585947556593461,-0.002222150384733698,0.0034066439651286736,0.002858344251061988,-0.0027807335807030955,0.003190828459926303,0.004029328610207175
1.68,0.3718261086007915,-0.10263186784976014,0.4966330350027076,0.7487387172232395,0.8450216799325126,0.7586235412858527,-0.0022500663479730326,0.003438538337045618,0.002898852988096112,-0.0028024819843625497,0.0031879766931297245,0.0040724913641928704
1.69,0.37182906810957095,-0.10262658021976967,0.4966642392847038,0.7487160760714618,0.8450562246619832,0.7586527341651407,-0.002278200485262835,0.0034704021094214854,0.002939795536278292,-0.0028243686405714655,0.003184708055480823,0.00411609149769228
1.7,0.37183204044324075,-0.10262123192692801,0.4966957922116553,0.7486931524816556,0.8450910878587606,0.7586823386572561,-0.002306554186620982,0.003502231098665091,0.0029811762891287052,-0.0028463950477168737,0.0031810195708786787,0.004160132954584891
1.71,0.37183502508811744,-0.10261582263247537,0.4967276954677591,0.7486699442511675,0.8451262691539715,0.7587123591663776,-0.002335128857046381,0.0035340210914375264,0.003022999679571917,-0.0028685627036021087,0.00317690826591318,0.004204619671813342
1.72,0.37183802151851736,-0.10261035199736257,0.4967599507333199,0.7486464491632195,0.8451617681364609,0.7587428001412094,-0.00236392591651267,0.0035657678446801037,0.003065270179865868,-0.0028908731053554283,0.003172371170075977,0.004249555579057482
1.73,0.3718410291966565,-0.10260481968224028,0.4967925596847554,0.748622664986759,0.8451975843524941,0.758773666075375,-0.0023929467999610184,0.0035974670856444486,0.0031079923015276366,-0.0029133277493389757,0.003167405315970832,0.004294944598409159
1.74,0.3718440475725522,-0.10259922534744942,0.4968255239946033,0.748598589476309,0.8452337173054615,0.7588049615078092,-0.0024221929572920057,0.003629114511924653,0.003151170595255922,-0.0029359281310580424,0.003162007739523319,0.004340790644047671
1.75,0.3718470760839232,-0.10259356865301211,0.4968588453315246,0.748574220371819,0.8452701664555802,0.7588366910231488,-0.0024516658533566054,0.0036607057914915457,0.003194809650850306,-0.0029586757450706814,0.0031561754801899032,0.0043870976219159506
1.76,0.37185011415609126,-0.10258784925862036,0.49689252536031114,0.7485495553985151,0.8453069312196002,0.7588688592521241,-0.002481366967946259,0.003692236562729046,0.003238914097127272,-0.00298157208489764,0.003149905581166402,0.004433869429397467
1.77,0.37185316120188067,-0.10258206682362858,0.4969265657418886,0.7485245922667509,0.8453440109705064,0.7589014708719485,-0.0025112977957820553,0.0037237024344725913,0.0032834886018329973,-0.003004618642932619,0.003143195089595786,0.00448110995499384
1.78,0.3718562166215208,-0.10257622100704183,0.4969609681333232,0.7484993286718582,0.8453814050372257,0.7589345306067065,-0.0025414598465030077,0.003755098986049645,0.003328537871552918,-0.0030278169103528604,0.0031360410567753644,0.004528823078003178
1.79,0.371859279802545,-0.10257031146750711,0.49699573418782467,0.7484737622939978,0.8454191127043297,0.758968043227743,-0.0025718546446534566,0.0037864217673222846,0.003374066651618108,-0.003051168377030075,0.00312844053836332,0.004577012668199193
1.8,0.3718623501196924,-0.10256433786330432,0.4970308655547525,0.7484478907980106,0.8454571332117424,0.7590020135540491,-0.0026024837296695553,0.0038176662987318252,0.003420079726008417,-0.0030746745314416844,0.003120390594584605,0.004625682585511005
1.81,0.37186542693480795,-0.10255829985233567,0.4970663638796188,0.7484217118332688,0.845495465754445,0.7590364464526485,-0.0026333486558648947,0.0038488280713455236,0.0034665819172524292,-0.003098336860582405,0.0031118882904361965,0.004674836679703737
1.82,0.3718685095967434,-0.10255219709211627,0.4971022308040925,0.748395223033527,0.8455341094821824,0.7590713468389826,-0.0026644509924152317,0.0038799025469053203,0.003513578086324237,-0.0031221568498761604,0.003102930695891696,0.004724478790059865
1.83,0.37187159744125814,-0.10254602923976563,0.4971384679660042,0.7483684220167742,0.845573063499171,0.7591067196772945,-0.0026957923233423406,0.003910885157878621,0.003561073132537014,-0.0031461359830883165,0.0030935148861052854,0.004774612745061308
1.84,0.371874689790919,-0.10253979595199697,0.49717507699934876,0.7483413063850844,0.8456123268638054,0.7591425699810114,-0.002727374247496994,0.003941771307511126,0.0036090719934334316,-0.003170275742238263,0.003083637941615026,0.0048252423620723335
1.85,0.37187778595500137,-0.10253349688510871,0.49721205953428965,0.7483138737244696,0.845651898588367,0.7591789028131267,-0.0027591983785410666,0.003972556369881681,0.003657579644672899,-0.003194577607512317,0.003073296948545507,0.004876371447023211
1.86,0.37188088522939006,-0.10252713169497474,0.49724941719716126,0.7482861216047308,0.8456917776387319,0.7592157232865806,-0.002791266344928765,0.00400323568995915,0.0037066010999156377,-0.0032190430571769598,0.00306248899880983,0.004928003794094663
1.87,0.37188398689647956,-0.10252070003703478,0.49728715161047227,0.7482580475793107,0.8457319629340814,0.7592530365646393,-0.0028235797898870066,0.004033804583661311,0.003756141410703623,-0.0032436735674924153,0.0030512111903109387,0.0049801431854031245
1.8800000000000001,0.3718870902250746,-0.10251420156628632,0.4973252643929089,0.7482296491851461,0.8457724533466103,0.7592908478612733,-0.0028561403713949184,0.00406425833791576,0.0038062056663383617,-0.0032684706126265505,0.0030394606271422833,0.005032793390686793
1.8900000000000001,0.3718901944702913,-0.10250763593727374,0.4973637571593365,0.7482009239425202,0.8458132477012381,0.7593291624415346,-0.002888949762162484,0.004094592210722806,0.0038567989937555447,-0.0032934356645691167,0.003027234419787809,0.005085958166992482
1.9000000000000001,0.37189329887345735,-0.10250100280408059,0.49740263152080333,0.7481718693549156,0.8458543447753202,0.7593679856219316,-0.002922009649608344,0.004124801431220388,0.003907926557396576,-0.003318570193046327,0.0030145296853212895,0.005139641258363321
1.9100000000000001,0.3718964026620126,-0.1024943018203196,0.4974418890845409,0.7481424829088671,0.8458957432983593,0.759407322770805,-0.002955321735836722,0.004154881199750956,0.00395959355907697,-0.0033438756654357695,0.0030013435476049875,0.005193846395527255
1.92,0.37189950504941033,-0.10248753263912413,0.49748153145396723,0.7481127620738155,0.8459374419517173,0.7594471793086994,-0.0029888877376135266,0.0041848266879303524,0.004011805237851653,-0.0033693535466816473,0.0029876731374876217,0.005248577295586392
1.93,0.3719026052350174,-0.10248069491313899,0.4975215602286881,0.7480827043019599,0.8459794393683296,0.7594875607087356,-0.003022709386341585,0.004214633038718658,0.00406456686987715,-0.00339500529921037,0.0029735155930016863,0.005303837661707185
1.94,0.371905702404016,-0.10247378829451209,0.4975619770044983,0.7480523070281135,0.8460217341324181,0.7595284724969809,-0.003056788428035056,0.004244295366493024,0.004117883768270689,-0.0034208323828464685,0.0029588680595600565,0.00535963118281147
1.95,0.371908795727303,-0.10246681243488387,0.4976027833733824,0.7480215676695556,0.8460643247792056,0.7595699202528179,-0.0030911266232929763,0.004273808757122441,0.0041717612829662055,-0.0034468362547288517,0.0029437276901519444,0.005415961533268349
1.96,0.3719118843613922,-0.10245976698538078,0.4976439809235167,0.7479904836258869,0.8461072097946314,0.7596119096093124,-0.0031257257472720058,0.004303168268044494,0.004226204800567283,-0.0034730183692274117,0.002928091645538143,0.005472832372586958
1.97,0.3719149674483142,-0.10245265159660527,0.4976855712392695,0.7479590522788837,0.8461503876150674,0.7596544462535787,-0.0031605875896582986,0.004332368928344036,0.004281219744197013,-0.0034993801778599436,0.0029119570944455926,0.005530247345110071
1.98,0.3719180441155184,-0.10244546591862735,0.49772755590120066,0.7479272709923535,0.8461938566270354,0.759697535927144,-0.003195713954638596,0.004361405738833838,0.0043368115733448225,-0.003525923129209436,0.0028953212137612567,0.005588210079708641
1.99,0.37192111347577306,-0.10243820960097544,0.4977699364860636,0.7478951371119884,0.8462376151669233,0.7597411844263122,-0.0032311066608704414,0.00439027367213714,0.0043929857837102055,-0.0035526486688416685,0.002878181188725291,0.00564672418947716
2.0,0.3719241746270673,-0.10243088229262953,0.4978127145668033,0.7478626479652232,0.8462816615207056,0.7597853976025242,-0.003266767541451613,0.004418967672772153,0.004449747907043466,-0.0035795582392231795,0.002860534213123536,0.005705793271429976
2.0100000000000002,0.3719272266525112,-0.10242348364201115,0.4978558917125573,0.7478298008610882,0.8463259939236613,0.7598301813627178,-0.0033026984438887176,0.004447482657238478,0.00450710351098338,-0.0036066532796395533,0.0028423774894792892,0.005765420906198472
2.02,0.37193026862023787,-0.10241601329697558,0.4978994694886547,0.7477965930900677,0.8463706105600948,0.7598755416696864,-0.0033389012300649697,0.0044758135141054235,0.004565058198891863,-0.003633935226114056,0.0028237082292443833,0.005825610657729171
2.0300000000000002,0.37193329958330446,-0.1024084709048042,0.4979434494566151,0.7477630219239553,0.846415509563057,0.7599214845424348,-0.0033753777762071716,0.004503955104102264,0.004623617609685626,-0.003661405511326617,0.002804523652989561,0.00588636607298277
2.04,0.3719363185795937,-0.10240085611219452,0.4979878331741478,0.7477290846157102,0.8464606890140669,0.7599680160565335,-0.003412129972851871,0.004531902260210358,0.0046827874176647985,-0.0036890655645331477,0.0027848209905941266,0.005947690681634074
2.05,0.37193932463171503,-0.1023931685652551,0.49803262219515076,0.7476947783993155,0.8465061469428357,0.760015142344473,-0.003449159724810718,0.00455964978775719,0.004742573332338585,-0.0037169168114852074,0.0027645974814349047,0.006009587995772897
2.06,0.3719423167469064,-0.10238540790949424,0.49807781806970824,0.7476601004896345,0.8465518813269891,0.760062869596014,-0.0034864689511350236,0.004587192464512287,0.004802981098247922,-0.0037449606743500063,0.0027438503745744677,0.00607206150960587
2.07,0.37194529391693565,-0.10237757378981455,0.49812342234408935,0.7476250480822689,0.846597890091794,0.7601112040585363,-0.00352405958507952,0.004614525040785012,0.004864016494785156,-0.003773198571630764,0.002722576928948656,0.006135114699159243
2.08,0.3719482551180028,-0.10236966585050378,0.4981694365607464,0.7475896183534175,0.8466441711098829,0.7601601520373881,-0.0035619335740653185,0.004641642239524225,0.004925685336010762,-0.0038016319180874036,0.002700774413553369,0.006198751021982602
2.09,0.37195119931064097,-0.1023616837352283,0.49821586225831055,0.7475538084597338,0.8466907222009813,0.76020971989623,-0.0036000928796420793,0.004668538756419827,0.004987993470467085,-0.003830262124657585,0.002678440107630641,0.006262973916853562
2.1,0.371954125439619,-0.10235362708702395,0.498262700971592,0.7475176155381855,0.8467375411316365,0.7602599140573804,-0.0036385394774494126,0.004695209260006144,0.00505094678098918,-0.0038590905983781148,0.0026555713008539813,0.006327786803483481
2.11,0.37195703243384365,-0.10234549554829042,0.4983099542315747,0.7474810367059134,0.846784625614945,0.7603107410021561,-0.0036772753571774537,0.00472164839176716,0.0051145511845126414,-0.0038881187423066544,0.002632165293512989,0.0063931930822240714
2.12,0.3719599192062606,-0.10233728876078196,0.49835762356541335,0.7474440690600914,0.8468319733102838,0.7603622072712132,-0.003716302522526702,0.004747850766243602,0.00517881263187858,-0.003917347955443825,0.002608219396697235,0.006459196133775085
2.13,0.37196278465375815,-0.10232900636560127,0.4984057104964317,0.7474067096777867,0.846879581823041,0.7604143194648846,-0.003755622991167046,0.004773810971141856,0.005243737107635614,-0.003946779632655618,0.0025837309324794116,0.006525799318892923
2.14,0.37196562765706837,-0.1023206480031929,0.49845421654411604,0.74736895561582,0.8469274487043478,0.760467084243517,-0.0037952387946960527,0.004799523567444716,0.005309330629839016,-0.003976415164596196,0.002558697234097727,0.006593005978100331
2.15,0.37196844708067,-0.10231221331333473,0.49850314322411293,0.7473308039106265,0.846975571450812,0.7605205083278037,-0.0038351519785964363,0.004824983089523935,0.005375599249846897,-0.004006255937630994,0.002533115646137591,0.006660819431397017
2.16,0.3719712417726921,-0.10230370193513133,0.49855249204822455,0.7472922515781173,0.8470239475042534,0.7605745984991178,-0.003875364602192813,0.004850184045254617,0.005442549052113558,-0.004036303333760217,0.0025069835247125173,0.006729242977971382
2.17,0.3719740105648145,-0.1022951135070087,0.4986022645244031,0.7472532956135414,0.8470725742514373,0.760629361599841,-0.003915878738607654,0.004875120916131388,0.005510186153979926,-0.0040665587305426555,0.002480298237644298,0.006798279895913197
2.18,0.37197675227217253,-0.10228644766670558,0.49865246215674647,0.7472139329913476,0.8471214490238134,0.7606848045336925,-0.003956696474716495,0.004899788157386385,0.005578516705461142,-0.004097023501019868,0.002453057164642437,0.0068679334419273885
2.19,0.3719794656932597,-0.10227770405126846,0.4987030864454939,0.7471741606650477,0.8471705690972527,0.7607409342660536,-0.0039978199111023825,0.004924180198109018,0.005647546889031272,-0.004127699013640703,0.002425257697482814,0.006938206851048807
2.2,0.3719821496098303,-0.10226888229704423,0.4987541388870178,0.7471339755670787,0.8472199316917869,0.7607977578242922,-0.0040392511620095835,0.004948291441367534,0.005717282919405213,-0.004158586632186192,0.0023968972401855857,0.007009103336358124
2.21,0.3719848027868028,-0.10225998203967412,0.4988056209738202,0.7470933746086676,0.8472695339713486,0.7608552822980834,-0.004080992355296517,0.004972116264332341,0.005787731043317706,-0.004189687715694772,0.00236797320919235,0.007080626088698699
2.22,0.3719874239721636,-0.10225100291408812,0.49885753419452605,0.7470523546796949,0.8473193730435133,0.7609135148397287,-0.00412304563238797,0.004995649018401105,0.005858897539299571,-0.0042210036183878774,0.0023384830335425283,0.007152778276394598
2.23,0.37199001189687053,-0.10224194455449831,0.49890988003387565,0.7470109126485591,0.8473694459592425,0.7609724626644732,-0.004165413148226544,0.005018884029325609,0.005930788717451094,-0.004252535689595875,0.0023084241550489965,0.007225563044969638
2.24,0.371992565274756,-0.1022328065943931,0.49896265997271927,0.7469690453620413,0.8474197497126265,0.7610321330508196,-0.004208097071223384,0.005041815597340354,0.006003410919212637,-0.004284285273684367,0.0022777940284729346,0.007298983516867544
2.25,0.37199508280243154,-0.1022235886665323,0.4990158754880088,0.7469267496451727,0.8474702812406317,0.7610925333408411,-0.004251099583208158,0.005064437997292926,0.00607677051713243,-0.004316253709980827,0.0022465901216979106,0.007373042791173175
2.2600000000000002,0.37199756315919197,-0.10221429040293989,0.4990695280527913,0.7468840223010981,0.8475210374228468,0.7611536709404907,-0.004294422879378324,0.005086745478776085,0.006150873914631611,-0.004348442332701622,0.002214809915903185,0.007447743943334897
2.27,0.37200000500691854,-0.10220491143490151,0.4991236191362006,0.7468408601109443,0.8475720150812301,0.7612155533199091,-0.004338069168247632,0.005108732266261567,0.006225727545766454,-0.004380852470879355,0.002182450905736254,0.007523090024887989
2.2800000000000002,0.37200240698998466,-0.10219545139295594,0.4991781502034497,0.7467972598336864,0.8476232109798598,0.7612781880137297,-0.004382040671593947,0.005130392559235659,0.006301337874987881,-0.004413485448290599,0.0021495105994845934,0.007599084063179261
2.29,0.3720047677351589,-0.1021859099068918,0.49923312271582165,0.7467532182060156,0.8476746218246847,0.7613415826213812,-0.004426339624406318,0.005151720532336419,0.006377711396898194,-0.004446342583383961,0.002115986519246618,0.0076757290610927125
2.3000000000000003,0.3720070858515114,-0.10217628660574335,0.4992885381306614,0.7467087319422077,0.847726244263276,0.7614057448073883,-0.00447096827483134,0.005172710335492663,0.006454854636005083,-0.004479425189208516,0.0020818762011018733,0.007753027996776374
2.31,0.3720093599303175,-0.1021665811177841,0.49934439790136714,0.7466637977339908,0.847778074884582,0.7614706823016693,-0.004515928884118801,0.005193356094064608,0.006532774146472896,-0.004512734573342597,0.0020471771952804267,0.007830983823370267
2.32,0.3720115885449632,-0.10215679307052328,0.49940070347737975,0.7466184122504161,0.8478301102186813,0.7615364028998309,-0.004561223726566634,0.005213651908986236,0.006611476511871229,-0.004546272037822959,0.002011887066331455,0.007909599468735552
2.33,0.3720137702508506,-0.10214692209070148,0.49945745630417426,0.7465725721377262,0.847882346736541,0.7616029144634623,-0.00460685508946513,0.005233591856909306,0.006690968344920758,-0.004580038879074266,0.0019760033932910547,0.007988877835184753
2.34,0.37201590358530284,-0.10213696780428583,0.4995146578232497,0.746526274019226,0.8479347808497738,0.7616702249204238,-0.004652825273040469,0.005253169990349072,0.006771256287236419,-0.0046140363878389755,0.0019395237698492536,0.008068821799213238
2.35,0.37201798706747025,-0.10212692983646682,0.49957230947211767,0.7464795144951542,0.8479874089103974,0.7617383422651356,-0.004699136590397567,0.0052723803378316525,0.006852347009067916,-0.004648265849107569,0.0019024458045161946,0.008149434211231817
2.36,0.372020019198236,-0.10211680781165405,0.49963041268429315,0.7464322901425539,0.8480402272105955,0.7618072745588624,-0.004745791367462185,0.0052912169040430605,0.006934247209037515,-0.004682728542049135,0.0018647671207875543,0.008230717895300534
2.37,0.37202199846012196,-0.1021066013534726,0.4996889688892823,0.746384597515145,0.84809323198248,0.7618770299299962,-0.004792791942922385,0.00530967366997987,0.00701696361387523,-0.004717425739942341,0.001826485357309126,0.008312675648863654
2.38,0.37202392331719486,-0.10209631008476006,0.49974797951257177,0.7463364331431974,0.848146419397855,0.7619476165743351,-0.004840140668169272,0.005327744593101557,0.007100502978151333,-0.004752358710106719,0.0017875981680405962,0.00839531024248583
2.39,0.3720257922149732,-0.10208593362756252,0.49980744597561694,0.7462877935334036,0.8481997855679821,0.7620190427553615,-0.004887839907237075,0.0053454236074844345,0.007184872084006264,-0.004787528713834386,0.001748103222418518,0.008478624419589513
2.4,0.37202760358033365,-0.10207547160313252,0.49986736969582946,0.7462386751687526,0.8482533265433476,0.7620913168045156,-0.0049358920367425126,0.005362704623977243,0.007270077740877867,-0.00482293700632205,0.0017079982055184665,0.008562620896193501
2.41,0.37202935582141744,-0.10206492363192565,0.4999277520865653,0.7461890745084049,0.8483070383134306,0.7621644471214676,-0.00498429944582352,0.005379581530358356,0.007356126785226087,-0.00485858483660344,0.001667280818216362,0.008647302360652802
2.42,0.3720310473275379,-0.10205428933359811,0.4999885945571118,0.746138987987567,0.8483609168064731,0.7622384421743861,-0.005033064536077271,0.005396048191494564,0.007443026080255013,-0.004894473447482075,0.001625948777348985,0.008732671473399645
2.43,0.372032676469088,-0.10204356832700501,0.5000498985126749,0.7460884120173675,0.8484149578892525,0.7623133105002043,-0.005082189721497549,0.0054120984495015,0.0075307825156323725,-0.004930604075464398,0.0015839998158736638,0.008818730866685776
2.44,0.3720342415974471,-0.10203276023019686,0.5001116653543654,0.7460373429847333,0.8484691573668536,0.7623890607048832,-0.005131677428411429,0.00542772612390564,0.007619403007206428,-0.004966977950693277,0.0015414316830271368,0.008905483144325953
2.45,0.3720357410448891,-0.10202186466041924,0.5001738964791852,0.7459857772522671,0.8485235109824447,0.762465701463672,-0.005181530095415335,0.005442925011807876,0.007708894496720363,-0.005003596296881891,0.0014982421444835587,0.008992930881442767
2.46,0.37203717312449064,-0.10201088123411006,0.5002365932800134,0.7459337111581235,0.8485780144170534,0.7625432415213658,-0.005231750173310388,0.005457688888048688,0.007799263951524039,-0.005040460331247951,0.0014544289825117237,0.009081076624212613
2.47,0.3720385361300387,-0.10199980956689858,0.5002997571455914,0.7458811410158894,0.8486326632893451,0.7626216896925595,-0.005282340125037143,0.005472011505374869,0.00789051836428332,-0.005077571264448313,0.001409989996131396,0.009169922889613037
2.48,0.3720398283359393,-0.10198864927360479,0.5003633894605088,0.7458280631144613,0.8486874531554031,0.7627010548619007,-0.005333302425609648,0.005485886594607814,0.007982664752686792,-0.005114930300513957,0.0013649230012688436,0.009259472165171282
2.49,0.3720410479971268,-0.10197739996823757,0.5004274916051876,0.7457744737179257,0.8487423795085095,0.7627813459843374,-0.005384639562048859,0.00549930786481335,0.008075710159150023,-0.005152538636785322,0.0013192258309115044,0.009349726908714159
2.5,0.37204219334897115,-0.10196606126399377,0.5004920649558664,0.7457203690654388,0.8487974377789298,0.7628625720853641,-0.005436354033315415,0.005512269003473139,0.008169661650517301,-0.00519039746384802,0.001272896335261827,0.009440689548119163
2.5100000000000002,0.372043262607189,-0.10195463277325978,0.5005571108845859,0.7456657453711084,0.8488526233336964,0.7629447422612649,-0.005488448350241778,0.005524763676657569,0.008264526317760932,-0.005228507965468926,0.0012259323818902294,0.009532362481066956
2.52,0.37204425396775154,-0.10194311410760887,0.5006226307591702,0.7456105988238744,0.8489079314763966,0.7630278656793522,-0.00554092503546371,0.0055367855292002095,0.00836031127567799,-0.005266871318532618,0.0011783318558872624,0.009624748074795061
2.5300000000000002,0.372045165606795,-0.10193150487780367,0.5006886259432128,0.7455549255873917,0.8489633574469598,0.7631119515782057,-0.005593786623351151,0.00554832818487377,0.008457023662584705,-0.00530548869297822,0.001130092660014861,0.009717848665852983
2.54,0.37204599568053087,-0.10191980469379452,0.5007550977960581,0.745498721799913,0.8490188964214497,0.7631970092679032,-0.005647035659938435,0.005559385246567557,0.008554670640008337,-0.005344361251736571,0.001081212714856779,0.009811666559858517
2.5500000000000003,0.3720467423251542,-0.10190801316472153,0.5008220476727837,0.7454419835741729,0.8490745435118542,0.7632830481302532,-0.005700674702853917,0.005569950296466455,0.00865325939237667,-0.005383490150667825,0.001031689958968136,0.009906204031255514
2.56,0.3720474036567565,-0.10189612989891528,0.5008894769241838,0.7453847069972721,0.8491302937658809,0.7633700776190214,-0.005754706321248927,0.005580016896231374,0.008752797126705033,-0.005422876538499369,0.0009815223490241367,0.010001463323072897
2.57,0.37204797777123483,-0.10188415450389754,0.5009573868967508,0.7453268881305622,0.8491861421667517,0.7634581072601557,-0.005809133095726151,0.005589578587181184,0.00885329107228098,-0.005462521556764141,0.0009307078599678879,0.010097446646685026
2.58,0.3720484627442028,-0.10187208658638414,0.5010257789326559,0.7452685230095321,0.8492420836330011,0.7635471466520062,-0.005863957618267391,0.005598628890476154,0.00895474848034656,-0.005502426339739336,0.0008792444851573695,0.010194156181573485
2.59,0.3720488566309029,-0.10185992575228447,0.5010946543697312,0.7452096076436937,0.8492981130182752,0.7636372054655448,-0.005919182492160661,0.0056071613073028015,0.00905717662377814,-0.005542592014385431,0.0008271302365115427,0.010291594075090095
2.6,0.37204915746611666,-0.10184767160670688,0.5011640145414502,0.7451501380164706,0.8493542251111326,0.7637282934445779,-0.00597481033192677,0.0056151693190602545,0.009160582796764027,-0.005583019700285671,0.0007743631446555451,0.010389762442221458
2.61,0.37204936326407695,-0.10183532375395787,0.5012338607769082,0.7450901100850845,0.8494104146348477,0.7638204204059601,-0.0060308437632452085,0.005622646387548021,0.009264974314479561,-0.005623710509585843,0.000720941259065069,0.010488663365354717
2.62,0.37204947201838073,-0.10182288179754762,0.5013041944008023,0.7450295197804458,0.849466676247216,0.7639135962398006,-0.00608728542287949,0.005629585955155215,0.009370358512759988,-0.005664665546934482,0.0006668626482098094,0.010588298894044796
2.63,0.3720494817019001,-0.10181034534019112,0.501375016733411,0.7449683630070412,0.8495230045403604,0.764007830909669,-0.006144137958601878,0.005635981445051214,0.00947674274777098,-0.005705885909423436,0.0006121253996960608,0.01068867104478299
2.64,0.3720493902666959,-0.10179771398381304,0.5014463290905727,0.7449066356428257,0.8495793940405406,0.7641031344527968,-0.006201404029117533,0.005641826261377733,0.009584134395676859,-0.005747372686528807,0.0005567276204083969,0.010789781800766955
2.65,0.37204919564393,-0.10178498732955038,0.5015181327836666,0.7448443335391123,0.8496358392079626,0.764199516980276,-0.006259086303988041,0.005647113789442307,0.009692540852306477,-0.005789126960052267,0.0005006674366505267,0.010891633111672086
2.66,0.3720488957437793,-0.10177216497775748,0.5015904291195892,0.7447814525204648,0.8496923344365928,0.7642969886772538,-0.006317187463554401,0.005651837395913194,0.009801969532816899,-0.005831149804062768,0.0004439429942851799,0.010994226893424348
2.67,0.3720484884553479,-0.10175924652801066,0.5016632194007327,0.7447179883845899,0.8497488740539717,0.7643955598031237,-0.006375710198859387,0.005655990429015652,0.009912427871354755,-0.005873442284838608,0.00038655245887316654,0.011097565027974461
2.68,0.3720479716465825,-0.10174623157911089,0.5017365049249637,0.7446539369022307,0.8498054523210304,0.7644952406917149,-0.006434657211569369,0.005659566218729607,0.010023923320715377,-0.005916005460809888,0.00032849401581149656,0.011201649363073555
2.69,0.37204734316418564,-0.10173311972909266,0.5018102869855999,0.744589293817061,0.84986206343191,0.7645960417514758,-0.006494031213895536,0.0056625580769887164,0.010136463351999666,-0.005958840382501356,0.00026976587047064255,0.011306481712050233
2.7,0.3720466008335297,-0.10171991057522634,0.501884566871387,0.7445240548455797,0.8499187015137809,0.7646979734656563,-0.006553834928514563,0.005664959297880774,0.010250055454268797,-0.006001948092475616,0.00021036624833085113,0.011412063853589097
2.71,0.3720457424585728,-0.10170660371402529,0.5019593458664752,0.7444582156770073,0.8499753606266666,0.7648010463924848,-0.0066140710884887025,0.0056667631578494896,0.010364707134196623,-0.0060453296252767266,0.00015029339511761844,0.011518397531510665
2.72,0.3720447658217722,-0.10169319874125254,0.5020346252503953,0.744391771973182,0.8500320347632667,0.7649052711653436,-0.006674742437185322,0.005667962915897621,0.01048042591572,-0.006088986007374176,8.954557693618493e-05,0.01162548445455281
2.73,0.37204366868400174,-0.10167969525192655,0.502110406298035,0.7443247193684569,0.8500887178487858,0.7650106584929389,-0.0067358517281958805,0.005668551813791424,0.010597219339686822,-0.006132918257107245,2.8121080405185423e-05,0.011733326296153604
2.74,0.3720424487844655,-0.1016660928403294,0.5021866902796137,0.744257053469599,0.8501454037407599,0.7651172191594683,-0.006797401725254347,0.005668523076266467,0.01071509496350198,-0.006177127384629748,-3.398178721064713e-05,0.011841924694235652
2.75,0.37204110384061523,-0.10165239110001312,0.5022634784606579,0.7441887698556869,0.850202086228888,0.7652249640247853,-0.00685939520215507,0.0056678699112347455,0.010834060360771103,-0.006221614391855151,-9.676469786867826e-05,0.011951281250991878
2.7600000000000002,0.37203963154806563,-0.10163858962380812,0.502340772101975,0.7441198640780116,0.8502587590348656,0.7653339040245585,-0.006921834942670116,0.00566658550999312,0.010954123120942249,-0.006266380272402098,-0.00016022930261749748,0.012061397532672855
2.77,0.37203802958051163,-0.10162468800383156,0.5024185724596285,0.744050331659977,0.8503154158122186,0.7654440501704286,-0.006984723740466021,0.005664663047433042,0.01107529084894535,-0.006311426011540264,-0.00022437723146692418,0.012172275069375498
2.7800000000000002,0.37203629558964535,-0.10161068583149568,0.5024968807849114,0.7439801680970007,0.8503720501461406,0.7655554135501619,-0.007048064399020056,0.005662095682251604,0.011197571164829678,-0.006356752586136667,-0.00028921009325898975,0.012283915354833377
2.79,0.37203442720507296,-0.10159658269751737,0.5025756983243189,0.7439093688564177,0.8504286555533322,0.7656680053277991,-0.007111859731535929,0.00565887655716385,0.011320971703399156,-0.006402360964602311,-0.00035472947553979875,0.012396319846208464
2.8000000000000003,0.37203242203423287,-0.10158237819192745,0.5026550263195232,0.7438379293773818,0.8504852254818425,0.7657818367438013,-0.007176112560858958,0.005654998799116376,0.011445500113845623,-0.006448252106839229,-0.0004209369444323481,0.012509489963884412
2.81,0.3720302776623132,-0.10156807190408029,0.5027348660073433,0.7437658450707709,0.8505417533109111,0.7658969191151915,-0.0072408257193907095,0.005650455519502179,0.011571164059379978,-0.00649442696418791,-0.0004878340445102266,0.0126234270912613
2.82,0.37202799165217065,-0.10155366342266464,0.5028152186197199,0.7436931113190915,0.8505982323508158,0.7660132638356939,-0.007306002049003138,0.005645239814376802,0.01169797121686138,-0.006540886479375124,-0.0005554222986723185,0.012738132574551978
2.83,0.3720255615442484,-0.10153915233571476,0.5028960853836854,0.7436197234763842,0.8506546558427184,0.7661308823758676,-0.007371644400952181,0.005639344764675685,0.011825929276424323,-0.006587631586462114,-0.0006237032080183618,0.012853607722579865
2.84,0.3720229848564962,-0.1015245382306208,0.5029774675213368,0.7435456768681304,0.8507110169585157,0.7662497862832381,-0.007437755635790832,0.005632763436432781,0.01195504594110374,-0.0066346632107931805,-0.0006926782517254868,0.012969853806578314
2.85,0.3720202590842894,-0.10150982069414177,0.5030593662498044,0.7434709667911604,0.8507673088006915,0.766369987182424,-0.007504338623281759,0.005625488881000402,0.012085328926458158,-0.006681982268944682,-0.0007623488869257112,0.013086872059991556
2.86,0.3720173817003472,-0.10149499931241679,0.5031417827812255,0.7433955885135607,0.8508235244021698,0.7664914967752604,-0.007571396242309309,0.005617514135270263,0.012216785960190726,-0.00672958966867435,-0.0008327165485842998,0.013204663678277068
2.87,0.37201435015465556,-0.1014800736709785,0.5032247183227111,0.7433195372745838,0.8508796567261729,0.7666143268409192,-0.0076389313807911285,0.005608832221895771,0.012349424781768457,-0.006777486308871088,-0.0009037826493791586,0.013323229818709658
2.88,0.3720111618743851,-0.10146504335476547,0.5033081740763186,0.7432428082845581,0.8509356986660791,0.7667384892360236,-0.0077069469355891835,0.005599436149515487,0.012483253142039354,-0.006825673079505079,-0.0009755485795810955,0.013442571600186956
2.89,0.37200781426381346,-0.10144990794813658,0.5033921512390195,0.7431653967247994,0.8509916430452842,0.7668639958947606,-0.007775445812420364,0.005589318912977795,0.012618278802847743,-0.006874150861578334,-0.0010480157069351088,0.01356269010303662
2.9,0.37200430470424606,-0.10143466703488557,0.5034766510026688,0.7430872977475222,0.8510474826170639,0.7669908588289894,-0.007844430925766505,0.005578473493566744,0.012754509536647543,-0.00692292052707558,-0.0011211853765425131,0.013683586368824937
2.91,0.3720006305539371,-0.10141932019825406,0.5035616745539737,0.7430085064757529,0.8511032100644406,0.7671190901283448,-0.007913905198784028,0.0055668928592290876,0.012891953126113772,-0.00697198293891561,-0.0011950589107441534,0.013805261400167215
2.92,0.3719967891480128,-0.101403867020949,0.5036472230744613,0.742929018003243,0.8511588180000497,0.7672487019603379,-0.007983871563212992,0.005554569964802445,0.013030617363752023,-0.0070213389509029295,-0.001269637609004442,0.013927716160539531
2.93,0.37199277779839246,-0.10138830708515667,0.5037332977404467,0.7428488273943842,0.851214298966011,0.7673797065704525,-0.008054332959285744,0.0055414977522446575,0.01317051005150622,-0.007070989407679886,-0.0013449227477964655,0.014050951574092302
2.94,0.37198859379371185,-0.10137263997255969,0.5038198997230001,0.7427679296841238,0.8512696454337999,0.7675121162822375,-0.008125292335635026,0.0055276691508642705,0.013311639000364346,-0.007120935144679114,-0.0014209155804879485,0.014174968525465223
2.95,0.37198423439924594,-0.10135686526435378,0.5039070301879139,0.7426863198778816,0.851324849804123,0.7676459434973947,-0.008196752649201685,0.005513077077552144,0.013454012029962504,-0.007171176988076433,-0.0014976173372282728,0.014299767859604028
2.96,0.3719796968568333,-0.10134098254126489,0.5039946902956687,0.7426039929514661,0.8513799044067947,0.7677812006958645,-0.008268716865141829,0.005497714437014209,0.013597636968186999,-0.0072217157547440755,-0.001575029224836376,0.014425350381578671
2.97,0.37197497838710597,-0.10132499138116657,0.5040828812003544,0.7425209438520871,0.8514348015230406,0.7679179004025749,-0.008341187605334432,0.005481581331539021,0.01374251093473854,-0.007272476726516199,-0.0016516028925172939,0.014549413674960057
2.98,0.3719700761984898,-0.1013088913496531,0.5041716040455227,0.7424371675025719,0.8514895334735577,0.7680560550564518,-0.008414167383563306,0.005464680234163292,0.01388862751554305,-0.007323528257487241,-0.0017287255223031044,0.01467401860665476
2.99,0.3719649874796937,-0.1012926820077894,0.5042608599675314,0.742352658797761,0.8515440925460752,0.7681956771179914,-0.008487659158471576,0.0054470046422012966,0.01403599362775522,-0.007374876184343295,-0.0018065018184341992,0.014799319801534025
3.0,0.37195970939631545,-0.1012763629155824,0.5043506500970151,0.7422674126028557,0.8515984709629636,0.7683367791173056,-0.008561665897659798,0.005428548018787404,0.014184616229263546,-0.0074265212337528185,-0.0018849318155679143,0.014925316301461378
3.0100000000000002,0.3719542390907764,-0.10125993363198965,0.5044409755588445,0.742181423753345,0.8516526608812226,0.7684793736540356,-0.008636190575944957,0.0054093038268830185,0.01433450226809077,-0.007478464122323019,-0.0019640155136140627,0.01505200709138152
3.02,0.37194857368226153,-0.10124339371492641,0.5045318374720873,0.7420946870549342,0.8517066543924833,0.7686234733972516,-0.00871123617525959,0.005389265529624792,0.014485658681823521,-0.007530705556553625,-0.0020437528775913423,0.015179391099092845
3.0300000000000002,0.37194271026665615,-0.1012267427212738,0.5046232369499652,0.7420071972834739,0.8517604435230095,0.7687690910853451,-0.008786805684550519,0.005368426590674228,0.014638092397039757,-0.007583246232791124,-0.002124143837485143,0.015307467195022281
3.04,0.37193664591648556,-0.10120998020688787,0.5047151750998133,0.7419189491848911,0.8518140202337061,0.7689162395259155,-0.008862902099677068,0.005346780474568741,0.014791810328733895,-0.007636086837183375,-0.0022051882881067536,0.015436234192002355
3.0500000000000003,0.37193037768085363,-0.10119310572660767,0.504807653023038,0.7418299374751195,0.8518673764201294,0.769064931595652,-0.00893952842330886,0.005324320647074068,0.014946819379739813,-0.007689228045634649,-0.0022868860889540014,0.015565690845050644
3.06,0.37192390258538344,-0.10117611883426603,0.5049006718150727,0.7417401568400327,0.8519205039125006,0.7692151802402097,-0.00901668766482316,0.005301040575538133,0.015103126440151557,-0.007742670523761099,-0.0023692370640732924,0.015695835851151474
3.0700000000000003,0.37191721763215785,-0.10115901908269731,0.5049942325653369,0.7416496019353775,0.8519733944757241,0.7693669984740773,-0.009094382840201766,0.005276933729246199,0.015260738386741962,-0.007796414926846616,-0.002452241001923092,0.01582666784903997
3.08,0.37191031979966005,-0.10114180602374961,0.505088336357191,0.7415582673867083,0.8520260398094079,0.7695203993804429,-0.009172616971927472,0.005251993579777468,0.015419662082379075,-0.007850461899799138,-0.0025358976552388142,0.015958185418988458
3.09,0.37190320604271554,-0.10112447920829465,0.5051829842678935,0.7414661477893223,0.8520784315478894,0.7696753961110513,-0.009251393088880093,0.0052262136013629425,0.01557990437544046,-0.007904812077107354,-0.002620206740899164,0.016090387082595182
3.1,0.37189587329243423,-0.1011070381862389,0.5052781773685553,0.7413732377081966,0.8521305612602625,0.7698320018860558,-0.009330714226232058,0.0051995872712446885,0.01574147209922545,-0.007959466082797831,-0.0027051679397939216,0.016223271302575414
3.11,0.37188831845615367,-0.10108948250653593,0.5053739167240954,0.7412795316779257,0.8521824204504103,0.7699902299938655,-0.009410583425343571,0.005172108070036359,0.015904372071365226,-0.008014424530392559,-0.0027907808966931547,0.016356836482554905
3.12,0.3718805384173816,-0.10107181171719831,0.5054702033931951,0.7411850242026599,0.8522340005570403,0.7701500937909842,-0.009491003733657357,0.005143769482085032,0.01606861109323094,-0.008069688022866915,-0.0028770452201178896,0.01649108096686571
3.13,0.3718725300357407,-0.101054025365309,0.5055670384282527,0.7410897097560446,0.8522852929537238,0.7703116067018462,-0.009571978204592976,0.005114564995834376,0.016234195949339725,-0.008125257152608046,-0.002963960482212236,0.016626003040344426
3.14,0.37186429014691347,-0.10103612299703735,0.5056644228753363,0.7409935827811622,0.8523362889489385,0.7704747822186441,-0.00965350989744078,0.005084488104189016,0.01640113340675884,-0.008181132501373697,-0.0030515262186170317,0.01676160092813287
3.15,0.3718558155625865,-0.10101810415764961,0.5057623577741376,0.7408966376904732,0.8523869797861148,0.7706396339011512,-0.009735601877255353,0.00505353230488021,0.0165694302145076,-0.008237314640251387,-0.003139741928344813,0.01689787279548101
3.16,0.37184710307039615,-0.10099996839152547,0.5058608441579239,0.7407988688657587,0.8524373566436864,0.7708061753765386,-0.009818257214748634,0.005021691100832745,0.01673909310295757,-0.008293804129618106,-0.0032286070736564027,0.017034816747552518
3.17,0.37183814943387633,-0.10098171524217148,0.5059598830534914,0.7407002706580657,0.8524874106351433,0.7709744203391854,-0.009901478986182629,0.004988958000533067,0.01691012878323073,-0.008350601519100347,-0.003318121079938908,0.01717243082923261
3.18,0.3718289513924043,-0.10096334425223663,0.5060594754811155,0.7406008373876501,0.8525371328090903,0.7711443825504825,-0.009985270273261685,0.004955326518398627,0.017082543946595717,-0.008407707347534613,-0.0034082833355852044,0.017310713024938387
3.19,0.37181950566114874,-0.1009448549635284,0.5061596224545034,0.7405005633439253,0.8525865141493069,0.7713160758386325,-0.010069634163024394,0.004920790175148416,0.017256345263862216,-0.00846512214292831,-0.0034990931918748914,0.017449661258431594
3.2,0.371809808931018,-0.1009262469170279,0.5062603249807439,0.7403994427854071,0.8526355455748132,0.7714895140984409,-0.010154573747735126,0.004885342498174676,0.01743153938477349,-0.008522846422421095,-0.0035905499628567875,0.01758927339263388
3.21,0.37179985786860864,-0.10090751965290856,0.5063615840602586,0.7402974699396634,0.8526842179399385,0.7716647112911029,-0.010240092124775139,0.004848977021915803,0.01760813293739705,-0.008580880692246627,-0.0036826529252328715,0.017729547229444476
3.22,0.3717896491161561,-0.10088867271055119,0.5064634006867507,0.7401946390032631,0.8527325220343926,0.771841681443983,-0.01032619239653336,0.004811687288230392,0.01778613252751356,-0.008639225447694743,-0.0037754013182437663,0.01787048050956041
3.23,0.3717791792914825,-0.10086970562856412,0.5065657758471553,0.7400909441417265,0.852780448583343,0.7720204386503903,-0.0104128776702967,0.0047734668467724044,0.017965544738003845,-0.00869788117307404,-0.0038687943435556514,0.01801207091229909
3.24,0.37176844498795114,-0.10085061794479988,0.5066687105215881,0.7399863794894775,0.8528279882474941,0.772200997069345,-0.010500151058140138,0.004734309255367476,0.018146376128234352,-0.008756848341674943,-0.003962831165148834,0.0181543160554236
3.25,0.3717574427744136,-0.10083140919637534,0.5067722056832935,0.7398809391497948,0.8528751316231707,0.7723833709253409,-0.010588015676816285,0.004694208080390331,0.018328633233440597,-0.008816127415733115,-0.004057510909207645,0.018297213494970252
3.2600000000000002,0.3717461691951657,-0.10081207891969074,0.5068762622985933,0.7397746171947678,0.8529218692424065,0.7725675745081015,-0.010676474647644709,0.004653156897143282,0.018512322564109184,-0.008875718846393354,-0.004152832664012037,0.018440760725078862
3.27,0.3717346207698976,-0.1007926266504498,0.5069808813268325,0.7396674076652494,0.8529681915730337,0.772753622172328,-0.010765531096400797,0.004611149290235809,0.01869745060535789,-0.00893562307367387,-0.004248795479830553,0.01858495517782538
3.2800000000000002,0.3717227939936486,-0.1007730519236813,0.5070860637203287,0.7395593045708134,0.8530140890187788,0.772941528337444,-0.010855188153204352,0.004568178853965203,0.01888402381631425,-0.008995840526431029,-0.004345398368814929,0.018729794223057185
3.29,0.3717106853367609,-0.10075335427375925,0.5071918104243173,0.7394503018897111,0.8530595519193619,0.7731313074873314,-0.010945448952407781,0.004524239192698261,0.01907204862949245,-0.009056371622324486,-0.004442640304896177,0.018875275168230864
3.3000000000000003,0.3716982912448342,-0.1007335332344258,0.5072981223768972,0.7393403935688294,0.8531045705505977,0.7733229741700618,-0.01103631663248398,0.0044793239212539936,0.01926153145016866,-0.009117216767782783,-0.0045405202236822595,0.019021395258252558
3.31,0.37168560813868157,-0.10071358833881316,0.5074050005089774,0.7392295735236506,0.853149135124504,0.773516542997621,-0.011127794335913791,0.004433426665287371,0.019452478655754647,-0.009178376357969309,-0.0046390370223571824,0.019168151675320808
3.3200000000000003,0.37167263241428505,-0.10069351911946722,0.5075124457442215,0.7391178356382125,0.85319323578941,0.7737120286456263,-0.011219885209073266,0.004386541061674061,0.01964489659517002,-0.009239850776748762,-0.004738189559581827,0.019315541538772088
3.33,0.3716593604427526,-0.10067332510837113,0.507620458998993,0.73900517376507,0.8532368626300723,0.7739094458530398,-0.011312592402120446,0.004338660758896135,0.01983879158821279,-0.009301640396653993,-0.004837976655396126,0.01946356190492879
3.34,0.37164578857027575,-0.1006530058369694,0.5077290411822981,0.7388915817252582,0.8532800056677908,0.7741088094218728,-0.011405919068881921,0.004289779417428781,0.020034169924928506,-0.00936374557885328,-0.004938397091122962,0.01961220976694989
3.35,0.37163191311808824,-0.10063256083619354,0.5078381931957319,0.7387770533082557,0.8533226548605333,0.7743101342168862,-0.011499868366738997,0.004239890710127941,0.020231037864977874,-0.009426166673118033,-0.005039449609273513,0.019761482054684143
3.36,0.3716177303824239,-0.10061198963648732,0.5079479159334181,0.7386615822719506,0.853364800103058,0.7745134351652826,-0.011594443456513583,0.00418898832261888,0.020429401637002947,-0.009488904017790949,-0.005141132913454223,0.019911375634525913
3.37,0.3716032366344773,-0.10059129176783355,0.508058210281956,0.7385451623426056,0.853406431227046,0.7747187272563931,-0.011689647502353732,0.004137065953685711,0.020629267437991834,-0.009551957939754538,-0.005243445668275299,0.020061887309273597
3.38,0.3715884281203631,-0.10057046675977982,0.508169077120359,0.7384277872148258,0.8534475380012333,0.7749260255413583,-0.011785483671618894,0.0040841173156618065,0.020830641432642082,-0.009615328754400148,-0.0053463864992608105,0.020213013817990677
3.39,0.37157330106107817,-0.10054951414146818,0.5082805173199985,0.7383094505515273,0.8534881101315483,0.7751353451328011,-0.011881955134764855,0.004030136134821086,0.02103352975272263,-0.009679016765597365,-0.005449953992760353,0.02036475183586941
3.4,0.37155785165246263,-0.10052843344166118,0.5083925317445454,0.7381901459839065,0.8535281372612541,0.7753467012044952,-0.01197906506522836,0.0039751161517702195,0.021237938496434433,-0.009743022265663861,-0.005554146695862272,0.020517097974097093
3.41,0.3715420760651627,-0.10050722418877267,0.5085051212499094,0.738069867111411,0.8535676089710925,0.7755601089910258,-0.012076816639311441,0.003919051121841648,0.021443873727769715,-0.00980734553533567,-0.00565896311630849,0.020670048779725052
3.42,0.37152597044459357,-0.10048588591089608,0.5086182866841814,0.7379486075017115,0.8536065147794344,0.7757755837874437,-0.01217521303606547,0.0038619348154874714,0.021651341475870042,-0.009871986843737895,-0.005764401722410934,0.020823600735540224
3.43,0.371509530910904,-0.10046441813583601,0.5087320288875717,0.7378263606906754,0.8536448441424322,0.7759931409489151,-0.012274257437174882,0.0038037610186741756,0.021860347734382966,-0.00993694644835583,-0.00587046094296947,0.020977750259939386
3.44,0.3714927535589408,-0.100442820391138,0.5088463486923508,0.7377031201823399,0.8536825864541774,0.776212795890362,-0.012373953026840665,0.003744523533278129,0.022070898460817577,-0.010002224595006538,-0.0059771391671915855,0.021132493706806144
3.45,0.37147563445821397,-0.10042109220412071,0.5089612469227872,0.7375788794488883,0.8537197310468613,0.7764345640860978,-0.012474302991663497,0.0036842161774819247,0.02228299957589868,-0.010067821517810818,-0.006084434744613473,0.021287827365390394
3.46,0.3714581696528632,-0.10039923310190924,0.5090767243950874,0.7374536319306266,0.85375626719094,0.7766584610694574,-0.012575310520526687,0.0036228327861714785,0.02249665696291997,-0.010133737439165652,-0.006192345985022899,0.021443747460190718
3.47,0.3714403551616256,-0.10037724261146647,0.5091927819173325,0.7373273710359611,0.8537921840953043,0.7768845024324178,-0.012676978804478772,0.003560367211333865,0.02271187646709587,-0.01019997256971703,-0.006300871158383546,0.02160025015083926
3.48,0.37142218697780205,-0.1003551202596284,0.5093094202894171,0.7372000901413767,0.8538274709074514,0.7771127038252157,-0.01277931103661588,0.003496813322455977,0.02292866389491232,-0.010266527108333246,-0.006410008494761012,0.021757331531989377
3.49,0.3714036610692273,-0.1003328655731382,0.509426640302985,0.7370717825914183,0.8538621167136625,0.7773430809559563,-0.012882310411963848,0.0034321650069238222,0.023147025013476458,-0.010333401242078603,-0.006519756184250464,0.021914987633206
3.5,0.3713847733782384,-0.10031047807868093,0.509544442741367,0.7369424416986708,0.8538961105391845,0.7775756495902159,-0.012985980127359983,0.003366416170422623,0.023366965549865146,-0.010400595146187543,-0.006630112376905766,0.02207321441885865
3.5100000000000002,0.37136551982164456,-0.10028795730292062,0.5096628283795169,0.7368120607437426,0.8539294413484136,0.777810425550639,-0.013090323381334725,0.003299560737337543,0.023588491190472582,-0.010468108984039234,-0.006741075182670417,0.022232007788017236
3.52,0.3713458962906995,-0.1002653027725362,0.5097817979839468,0.7366806329752487,0.8539620980450855,0.7780474247165275,-0.013195343373992897,0.0032315926511551595,0.02381160758035668,-0.010535942907132544,-0.006852642671309939,0.022391363574350474
3.5300000000000002,0.37132589865107185,-0.10024251401425932,0.5099013523126623,0.7365481516097955,0.8539940694724675,0.7782866630234252,-0.013301043306894824,0.003162505874865547,0.02403632032258469,-0.010604097055061504,-0.006964812872345993,0.022551277546027197
3.54,0.3713055227428182,-0.10021959055491286,0.5100214921150987,0.736414609831967,0.8540253444135564,0.7785281564626934,-0.01340742638293713,0.003092294391365054,0.024262634977577604,-0.010672571555491133,-0.007077583774992071,0.022711745405620147
3.5500000000000003,0.37128476438035674,-0.10019653192144895,0.5101422181320525,0.7362800007943127,0.8540559115912791,0.7787719210810813,-0.013514495806233356,0.0030209522038597016,0.024490557062453743,-0.010741366524133752,-0.007190953328090818,0.02287276279001274
3.56,0.3712636193524409,-0.10017333764099062,0.5102635310956183,0.7361443176173342,0.8540857596686976,0.7790179729802907,-0.013622254781994303,0.002948473336269193,0.024720092050371515,-0.010810482064725704,-0.007304919440053058,0.023034325270308506
3.5700000000000003,0.3712420834221347,-0.10015000724087042,0.5103854317291205,0.7360075533894774,0.8541148772492186,0.7792663283165323,-0.013730706516408167,0.0028748518336315265,0.024951245369871044,-0.010879918269004495,-0.007419479978798327,0.02319642835174319
3.58,0.37122015232678884,-0.10012654024867201,0.5105079207470459,0.7358697011671206,0.8541432528768061,0.7795170033000761,-0.013839854216520406,0.002800081762508203,0.025184022404215117,-0.010949675216686376,-0.007534632771697147,0.0233590674735997
3.59,0.371197821778017,-0.10010293619227428,0.5106309988549774,0.7357307539745688,0.8541708750361997,0.7797700141947957,-0.01394970109011348,0.002724157211390006,0.025418428490729266,-0.011019752975444384,-0.007650375605514936,0.023522238009125812
3.6,0.3711750874616734,-0.10007919459989184,0.5107546667495251,0.7355907048040454,0.8541977321531343,0.7800253773177056,-0.014060250345586247,0.0026470722911032976,0.02565446892014099,-0.011090151600886746,-0.007766706226357492,0.023685935265454625
3.61,0.37115194503783167,-0.10005531500011944,0.510878925118258,0.7354495466156877,0.8542238125945673,0.7802831090384917,-0.014171505191833243,0.0025688211352169373,0.02589214893591819,-0.011160871136535782,-0.007883622339618177,0.023850154483527744
3.62,0.3711283901407635,-0.10003129692197726,0.511003774639635,0.7353072723375419,0.8542491046689064,0.7805432257790357,-0.01428346883812372,0.0024893979004495777,0.026131473733606986,-0.011231911613807207,-0.008001121609926767,0.02401489083802138
3.63,0.3711044183789195,-0.10000713989495591,0.5111292159829366,0.7351638748655601,0.8542735966262448,0.7808057440129322,-0.014396144493980448,0.002408796767077642,0.02637244846016855,-0.011303273051989852,-0.008119201661099877,0.02418013943727502
3.64,0.3710800253349096,-0.09998284344906122,0.5112552498081924,0.7350193470635983,0.8542972766585973,0.7810706802649999,-0.014509535369058382,0.002327011939343628,0.026615078213315525,-0.011374955458225849,-0.00823786007609313,0.024345895323223114
3.65,0.3710552065654848,-0.09995840711486359,0.5113818767661137,0.7348736817634159,0.8543201329001431,0.7813380511107855,-0.014623644673023085,0.0022440376458649994,0.026859368040847598,-0.011446958827491225,-0.008357094396954935,0.02451215347132941
3.66,0.37102995760152097,-0.0999338304235437,0.5115090974980204,0.7347268717646763,0.8543421534274707,0.7816078731760613,-0.014738475615428966,0.002159868140043425,0.027105322939986475,-0.011519283142576935,-0.008476902124781917,0.024678908790524152
3.67,0.37100427394800156,-0.09990911290694171,0.5116369126357715,0.7345789098349482,0.8543633262598287,0.7818801631363163,-0.014854031405597335,0.002074497700474578,0.02735294785671023,-0.011591928374070307,-0.00859728071967602,0.02484615612314401
3.68,0.37097815108400234,-0.09988425409760737,0.5117653228016922,0.7344297887097085,0.8543836393593788,0.7821549377162401,-0.014970315252494312,0.0019879206313582307,0.027602247685087143,-0.011664894480336975,-0.008718227600703324,0.025013890244874992
3.69,0.37095158446267773,-0.09985925352884972,0.511894328608502,0.7342795010923475,0.8544030806314551,0.782432213689201,-0.015087330364608433,0.0019001312629088653,0.02785322726660878,-0.011738181407503118,-0.008839740145854374,0.025182105864697876
3.7,0.3709245695112457,-0.09983411073478776,0.5120239306592425,0.7341280396541727,0.8544216379248251,0.7827120078767162,-0.015205079949828297,0.001811123951766569,0.028105891389522904,-0.011811789089438328,-0.008961815692006426,0.02535079762483685
3.71,0.37089710163097656,-0.09980882525040358,0.5121541295472035,0.7339753970344165,0.8544392990319567,0.7829943371479167,-0.015323567215319783,0.0017208930814084002,0.028360244788165397,-0.011885717447738676,-0.00908445153488708,0.025519960100710573
3.72,0.3708691761971806,-0.09978339661159435,0.5122849258558503,0.7338215658402442,0.8544560516892885,0.783279218419004,-0.015442795367403344,0.0016294330625600058,0.028616292142292225,-0.01195996639171043,-0.009207644929039834,0.025689587800886392
3.73,0.37084078855919744,-0.09975782435522601,0.512416320158749,0.7336665386467619,0.8544718835775045,0.7835666686527021,-0.01556276761143094,0.0015367383336076876,0.028874038076410497,-0.012034535818354019,-0.009331393087791129,0.02585967516703721
3.74,0.37081193404038604,-0.09973210801918797,0.5125483130194923,0.7335103079970281,0.854486782321812,0.7838567048577004,-0.015683487151662966,0.001442803361010677,0.029133487159109458,-0.012109425612348542,-0.009455693183219175,0.026030216573901192
3.75,0.3707826079381159,-0.09970624714244913,0.5126809049916243,0.7333528664020643,0.8545007354922258,0.7841493440880924,-0.015804957191144924,0.0013476226397137903,0.029394643902390886,-0.012184635646036696,-0.00958054234612444,0.026201206329244484
3.7600000000000002,0.37075280552375944,-0.09968024126511338,0.5128140966185657,0.7331942063408684,0.8545137306038535,0.7844446034428059,-0.015927180931584028,0.001251190693560352,0.02965751276099926,-0.012260165779410073,-0.009705937666001795,0.026372638673826544
3.77,0.37072252204268463,-0.09965408992847719,0.5129478884335376,0.7330343202604284,0.854525755117188,0.7847425000650261,-0.016050161573225544,0.0011535020757053773,0.029922098131751403,-0.012336015860094932,-0.009831876191014296,0.026544507781368458
3.7800000000000002,0.37069175271424937,-0.0996277926750877,0.5130822809594846,0.7328732005757376,0.8545367964384015,0.7850430511416154,-0.016173902314729163,0.001054551369028995,0.03018840435286613,-0.012412185723338423,-0.009958354927968802,0.02671680775852414
3.79,0.37066049273179624,-0.09960134904880114,0.513217274708999,0.732710839669811,0.8545468419196457,0.7853462739025212,-0.01629840635304507,0.0009543331865501682,0.030456435703293268,-0.012488675191995185,-0.010085370842293084,0.026889532644854264
3.8000000000000003,0.3706287372646091,-0.09957475859312914,0.513352870183655,0.7325472298948642,0.8545558788763076,0.7856521855955548,-0.016423676326526398,0.0008528503030171853,0.030726184589742106,-0.012565305801179344,-0.010210317260600349,0.027058894121911037
3.81,0.37059648148265795,-0.09954802082963388,0.5134890678665,0.7323823635869847,0.8545638948013111,0.7859608031749142,-0.01654971331159,0.0007501283066376588,0.03099761026179071,-0.01264214313320667,-0.010334151802961811,0.027226281774893606
3.8200000000000003,0.37056372054994186,-0.09952113526377065,0.5136258682239896,0.7322162330621972,0.854570877307664,0.7862721433844911,-0.016676520227097178,0.000646165878872284,0.03127071104121788,-0.012719291836790925,-0.01045840276933724,0.02739391421856564
3.83,0.37053044960617515,-0.09949410140095477,0.5137632717114146,0.7320488306056339,0.8545768139703084,0.7865862229874604,-0.016804100185148677,0.0005409588786181088,0.03154548933442493,-0.01279675158679372,-0.010583065523866349,0.02756178313842386
3.84,0.370496663766393,-0.09946691874696578,0.5139012787729396,0.7318801484713228,0.854581692323008,0.7869030587706445,-0.016932456294528515,0.00043450321138354677,0.03182194746426628,-0.012874522045001582,-0.010708135380135115,0.0277298801395853
3.85,0.3704623581209706,-0.09943958680799103,0.5140398898415189,0.7317101788822208,0.8545854998588164,0.7872226675436724,-0.017061591660573177,0.0003267948297939131,0.032100087669245686,-0.012952602860115504,-0.010833607601167864,0.027898196746785488
3.86,0.37042752773564414,-0.09941210509067072,0.514179105338813,0.7315389140302495,0.8545882240305515,0.7875450661381338,-0.017191509385040653,0.00021782973409716487,0.03237991210271223,-0.013030993667740895,-0.01095947739942151,0.028066724404380006
3.87,0.37039216765153343,-0.09938447310214332,0.5143189256751005,0.7313663460763312,0.8545898522512737,0.7878702714067225,-0.017322212565979492,0.00010760397266950746,0.0326614228320568,-0.013109694090378075,-0.011085739936782009,0.028235454476349883
3.88,0.37035627288516443,-0.09935669035009054,0.514459351249194,0.7311924671504272,0.8545903718947703,0.788198300222373,-0.01745370429759766,-3.886357478828621e-06,0.03294462183790812,-0.013188703737413127,-0.011212390324562848,0.02840437824631022
3.89,0.37031983842849436,-0.09932875634278432,0.5146003824483524,0.7310172693515757,0.8545897702960434,0.788529169477389,-0.017585987670131413,-0.00011664511019790827,0.03322951101332944,-0.01326802220510933,-0.011339423623505917,0.0285734869175227
3.9,0.37028285924893745,-0.09930067058913372,0.5147420196481942,0.7308407447479339,0.8545880347518049,0.7888628960825638,-0.01771906576971395,-0.00023067608969234497,0.03351609216301476,-0.013347649076598918,-0.011466834843784237,0.028742771612911333
3.91,0.3702453302893909,-0.09927243259873297,0.51488426321261,0.7306628853768179,0.8545851525209744,0.7891994969662919,-0.017852941678244142,-0.0003459830500156899,0.03380436700248586,-0.013427583921875414,-0.011594618945007157,0.028912223375082056
3.92,0.37020724646826486,-0.09924404188190955,0.5150271134936746,0.7304836832447469,0.8545811108251847,0.7895389890736747,-0.017987618473255043,-0.00046256969456476586,0.034094337157288976,-0.013507826297786355,-0.011722770836227477,0.02908183316634571
3.93,0.37016860267951057,-0.09921549794977308,0.5151705708315577,0.7303031303274872,0.8545758968492893,0.7898813893656149,-0.01812309922778243,-0.0005804396755741936,0.034386004162192126,-0.013588375748026477,-0.01185128537595085,0.029251591868744632
3.94,0.37012939379265175,-0.09918680031426591,0.5153146355544355,0.7301212185700976,0.8545694977418774,0.7902267148179064,-0.01825938701023325,-0.0006995965936109781,0.03467936946038258,-0.013669231803131445,-0.011980157372147407,0.02942149028408298
3.95,0.37008961465281676,-0.09915794848821213,0.5154593079784007,0.7299379398869767,0.8545619006157931,0.7905749824203133,-0.01839648488425398,-0.0008200439970691682,0.034974434402664505,-0.013750393980471873,-0.012109381582265355,0.029591519133960284
3.96,0.37004926008077155,-0.0991289419853702,0.5156045884073731,0.7297532861619109,0.8545530925486596,0.7909262091756426,-0.018534395908598938,-0.0009417853816647701,0.03527120024665726,-0.013831861784247983,-0.012238952713246964,0.029761669059808978
3.97,0.370008324872954,-0.09909978032048306,0.5157504771330081,0.729567249248124,0.8545430605834083,0.7912804120988081,-0.018673123136998607,-0.0010648241899307736,0.03556966815599385,-0.01391363470548461,-0.012368865421546601,0.02993193062293526
3.98,0.36996680380151126,-0.09907046300933114,0.5158969744346058,0.7293798209683283,0.8545317917288133,0.7916376082158869,-0.018812669618027782,-0.0011891638107123241,0.035869839199519866,-0.013995712222026682,-0.012499114313150919,0.030102294304563584
3.99,0.36992469161433517,-0.09904098956878588,0.5160440805790203,0.7291909931147764,0.8545192729600307,0.7919978145631674,-0.018953038394973826,-0.0013148075786622124,0.036171714350492976,-0.01407809379853521,-0.012629693943601354,0.030272750505884835
4.0,0.369881983035103,-0.09901135951686169,0.5161917958205664,0.7290007574493156,0.8545054912191435,0.7923610481861887,-0.01909423250570475,-0.0014417587737365015,0.03647529448578278,-0.014160778886483651,-0.012760598818018627,0.030443289548107974
4.01,0.3698386727633154,-0.09898157237277205,0.5163401204009277,0.7288091057034415,0.8544904334157103,0.7927273261387738,-0.01923625498253737,-0.0015700206206904909,0.03678058038507128,-0.014243766924154801,-0.01289182339112953,0.030613901672515334
4.0200000000000005,0.3697947554743385,-0.09895162765698345,0.5164890545490636,0.728616029578355,0.8544740864273204,0.7930966654820535,-0.019379108852105354,-0.0016995962885748754,0.03708757273005395,-0.014327057336638112,-0.013023362067295888,0.030784577040521566
4.03,0.36975022581944716,-0.09892152489127032,0.5166385984811154,0.7284215207450201,0.8544564371001532,0.7934690832834814,-0.019522797135227286,-0.001830488890232275,0.03739627210364128,-0.014410649535827455,-0.013155209200545605,0.03095530573373605
4.04,0.36970507842586847,-0.09889126359877237,0.5167887524003122,0.7282255708442218,0.8544374722495429,0.7938445966158437,-0.019667322846774714,-0.0019627014817940784,0.03770667898916113,-0.014494542920419368,-0.013287359094606042,0.031126077754029036
4.05,0.36965930789682633,-0.09886084330405065,0.5169395164968766,0.7280281714866266,0.8544171786605482,0.7942232225562588,-0.019812688995540142,-0.0020962370621775547,0.03801879376956162,-0.014578736875911727,-0.013419806002939386,0.03129688302360127
4.0600000000000005,0.3696129088115901,-0.09883026353314489,0.5170908909479296,0.7278293142528441,0.8543955430885262,0.7946049781851686,-0.01995889858410508,-0.002231098572583464,0.03833261672661493,-0.01466323077460291,-0.013552544128780401,0.031467711385057384
4.07,0.36956587572552124,-0.09879952381363222,0.5172428759173939,0.7276289906934903,0.8543725522597133,0.794989880585324,-0.020105954608708,-0.0023672888959939188,0.03864814804012152,-0.014748023975591378,-0.01368556762517617,0.03163855260148268
4.08,0.3695182031701234,-0.09876862367468431,0.5173954715559002,0.7274271923292499,0.8543481928718089,0.7953779468407607,-0.020253860059112356,-0.002504810856670741,0.03896538778711545,-0.014833115824775714,-0.013818870595028116,0.031809396356523675
4.09,0.36946988565309435,-0.09873756264712896,0.5175486780006883,0.727223910650944,0.8543224515945655,0.7957691940357677,-0.020402617918474617,-0.0026436672196542246,0.03928433594107047,-0.01491850565485517,-0.013952447091136255,0.03198023225447223
4.1,0.3694209176583768,-0.09870634026350777,0.5177024953755113,0.7270191371195952,0.8542953150703837,0.7961636392538476,-0.020552231163212243,-0.0027838606902623603,0.0396049923711068,-0.015004192785330588,-0.014086291116245502,0.03215104982035325
4.11,0.3693712936462138,-0.09867495605813753,0.5178569237905374,0.7268128631664961,0.8542667699149112,0.7965612995766685,-0.020702702762871707,-0.0029253939135904907,0.03992735684119895,-0.015090176522505834,-0.014220396623094229,0.03232183850001597
4.12,0.36932100805320306,-0.09864340956717133,0.5180119633422524,0.7266050801932787,0.8542368027176481,0.7969621920830103,-0.020854035679996517,-0.0030682694740115255,0.04025142900938439,-0.01517645615948961,-0.014354757514464966,0.032492587660228875
4.13,0.36927005529235496,-0.09861170032866068,0.5181676141133604,0.7263957795719856,0.8542054000425566,0.7973663338476996,-0.021006232869995374,-0.0032124898946766667,0.040577208426973405,-0.015263030976197876,-0.014489367643237421,0.03266328658877833
4.14,0.36921842975314983,-0.09857982788261704,0.5183238761726855,0.7261849526451413,0.8541725484286753,0.7977737419405391,-0.021159297281010105,-0.00335805763701658,0.0409046945377595,-0.0153499002393565,-0.01462422081244342,0.03283392449457063
4.15,0.36916612580159824,-0.09854779177107459,0.5184807495750722,0.7259725907258254,0.8541382343907397,0.7981844334252292,-0.021313231853783927,-0.003504975100243308,0.04123388667723146,-0.015437063202504563,-0.014759310775324322,0.033004490507737815
4.16,0.3691131377803022,-0.09851559153815476,0.518638234361284,0.7257586850977481,0.8541024444198057,0.7985984253582796,-0.021468039521529494,-0.0036532446208525477,0.04156478407178582,-0.015524519105997989,-0.01489463123539035,0.033174973679747
4.17,0.3690594600085184,-0.09848322673012944,0.5187963305579044,0.7255432270153256,0.85406516498388,0.7990157347879158,-0.02162372320979709,-0.0038028684721267097,0.04189738583794096,-0.015612267177013646,-0.015030175846482273,0.03334536298351333
4.18,0.369005086782222,-0.0984506968954858,0.5189550381772358,0.725326207703757,0.8540263825285551,0.7994363787529756,-0.021780285836342964,-0.003953848863638555,0.04223169098155222,-0.015700306629553993,-0.01516593821283527,0.033515647313516694
4.19,0.368950012374173,-0.09841800158499159,0.5191143572171966,0.7251076183591041,0.8539860834776479,0.7998603742817988,-0.0219377303109975,-0.004106187940755443,0.04256769839702801,-0.01578863666445202,-0.015301911889144844,0.03368581548592177
4.2,0.36889423103398333,-0.09838514035176116,0.5192742876612205,0.72488745014837,0.8539442542338452,0.8002877383911089,-0.02209605953553357,-0.004259887784144218,0.04290540686654728,-0.01587725646937675,-0.015438090380634987,0.033855856238701895
4.21,0.36883773698818606,-0.098352112751321,0.519434829478153,0.724665694209581,0.853900881179352,0.8007184880848864,-0.022255276403534946,-0.004414950409276957,0.0432448150592783,-0.015966165218839132,-0.015574467143128566,0.03402575823176644
4.22,0.36878052444030623,-0.09831891834167733,0.5195959826221492,0.7244423416518693,0.8538559506765472,0.8011526403532359,-0.02241538380026479,-0.004571377765937252,0.04358592153059876,-0.016055362074198474,-0.015711035583119887,0.03419551004709198
4.23,0.3687225875709327,-0.09828555668338379,0.5197577470325699,0.7242173835555562,0.8538094490686421,0.8015902121712427,-0.022576384602534093,-0.0047291717377272915,0.04392872472131693,-0.01614484618366917,-0.015847789057849296,0.034365100188856725
4.24,0.36866392053779173,-0.09825202733960864,0.5199201226338771,0.7239908109722384,0.853761362680345,0.8020312204978247,-0.02273828167857027,-0.004888334141575708,0.04427322295689439,-0.016234616682327993,-0.015984720875380092,0.034534517083578804
4.25,0.3686045174758231,-0.09821832987620382,0.5200831093355298,0.7237626149248729,0.8537116778185303,0.8024756822745742,-0.02290107788788589,-0.005048866727246227,0.04461941444667028,-0.016324672692121817,-0.01612182429467762,0.03470374908025822
4.26,0.3685443724972562,-0.09818446386177337,0.5202467070318797,0.7235327864078666,0.8536603807729127,0.8029236144245931,-0.02306477608114735,-0.005210771176847066,0.04496729728308672,-0.016415013321875737,-0.016259092525690445,0.034872784450522186
4.2700000000000005,0.3684834796916894,-0.09815042886774439,0.5204109156020642,0.7233013163871636,0.8536074578167261,0.8033750338513205,-0.02322937910004377,-0.005374049104341237,0.045316869440915925,-0.0165056376673017,-0.01639651872943379,0.035041611388774194
4.28,0.36842183312616994,-0.09811622446843532,0.5205757349099019,0.7230681958003371,0.8535528952074074,0.8038299574373505,-0.02339488977715578,-0.005538702055057497,0.04566812877648851,-0.01659654481100748,-0.01653409601807502,0.03521021801234663
4.29,0.3683594268452759,-0.09808185024112803,0.5207411648037851,0.7228334155566808,0.8534966791872858,0.8042884020432465,-0.023561310935824673,-0.005704731505202483,0.04602107302692383,-0.016687733822506236,-0.016671817455021477,0.035378592361657094
4.3,0.36829625487119977,-0.0980473057661378,0.5209072051165726,0.7225969665373012,0.8534387959842755,0.8047503845063424,-0.02372864539002142,-0.005872138861373451,0.046375699809361466,-0.016779203758226394,-0.016809676055010346,0.035546722400368165
4.3100000000000005,0.3682323112038338,-0.09801259062688561,0.5210738556654836,0.7223588395952126,0.8533792318125754,0.8052159216395419,-0.02389689594421591,-0.006040925460072094,0.04673200662019461,-0.016870953661522043,-0.016947664784200712,0.03571459601555092
4.32,0.3681675898208573,-0.09797770440996978,0.5212411162519881,0.7221190255554331,0.8533179728733714,0.8056850302301042,-0.024066065393246207,-0.006211092567219108,0.047089990834304714,-0.016962982562683686,-0.017085776560267794,0.035882201017851834
4.33,0.36810208467782435,-0.097942646705239,0.5214089866616994,0.7218775152150803,0.8532550053555454,0.8061577270384278,-0.02423615652218805,-0.0063826413776700225,0.04744964970429846,-0.017055289478949576,-0.017224004252499384,0.036049525141663555
4.34,0.3680357897082553,-0.0979074171058647,0.5215774666642641,0.7216342993434711,0.8531903154363879,0.8066340287968221,-0.02440717210622432,-0.006555573014731657,0.04781098035974583,-0.017147873414517338,-0.017362340681894378,0.036216556045299
4.3500000000000005,0.36796869882372857,-0.09787201520841449,0.5217465560132546,0.7213893686822206,0.8531238892823164,0.807113952208274,-0.02457911491051475,-0.006729888529679835,0.048173979806420304,-0.01724073336055615,-0.01750077862126351,0.03638328131116919
4.36,0.36790080591397367,-0.09783644061292662,0.5219162544460563,0.7211427139453422,0.8530557130495974,0.8075975139452058,-0.024751987690065643,-0.006905588901277937,0.04853864492554071,-0.017333868295219275,-0.01763931079533225,0.03654968844596464
4.37,0.3678321048469678,-0.09780069292298371,0.5220865616837601,0.7208943258193515,0.8529857728850746,0.8080847306482267,-0.024925793189599824,-0.007082675035296608,0.0489049724730149,-0.017427277183657094,-0.017777929880845793,0.03671576488084027
4.38,0.3677625894690334,-0.09776477174578768,0.522257477431049,0.7206441949633681,0.8529140549269008,0.8085756189248742,-0.02510053414342667,-0.007261147764034537,0.04927295907868546,-0.017520958978030556,-0.017916628506676344,0.036881497971604005
4.39,0.3676922536049363,-0.09772867669223506,0.5224290013760884,0.7203923120092215,0.8528405453052754,0.8090701953483519,-0.02527621327531227,-0.007441007845840182,0.0496426012455771,-0.017614912617525055,-0.018055399253932368,0.037046874998908894
4.4,0.36762109105821295,-0.09769240737686691,0.5226011331904066,0.7201386675617402,0.8527652301447349,0.8095684764541453,-0.025452833092192748,-0.007622254222940786,0.050013892976344364,-0.017708982428968446,-0.01819292854076776,0.03721010377855169
4.41,0.3675490956344045,-0.09765596340506666,0.5227738725281419,0.7198832522176501,0.8526880957236569,0.8100704785224601,-0.025630392237361934,-0.007804853212384881,0.05038678380036435,-0.01780288932890689,-0.018326860229536873,0.037367971787474925
4.42,0.36747626116187776,-0.0976193443615293,0.5229472190253542,0.719626056582496,0.8526091286170481,0.8105762173834314,-0.025808891731191764,-0.007988791230671333,0.050761250603185426,-0.017897051954660723,-0.01846073285851095,0.03752529712117092
4.43,0.367402581454134,-0.0975825498312971,0.5231211723009601,0.7193670712400257,0.8525283154377182,0.8110857087694712,-0.02598833412472495,-0.008174067643593618,0.05113728788539281,-0.017991469060904798,-0.01859453769730744,0.037682065233687764
4.44,0.36732805030528975,-0.09754557940239966,0.5232957319567464,0.7191062867485394,0.8524456428052568,0.8115989683572692,-0.026168721956483672,-0.008360681729381371,0.051514890001708676,-0.018086139388844215,-0.01872826596354193,0.03783826149837011
4.45,0.36725266149020397,-0.09750843266591197,0.5234708975772542,0.7188436936410144,0.8523610973469108,0.8121160117663291,-0.026350057752334836,-0.008548632678180863,0.05189405116018597,-0.018181061666232984,-0.018861908822969238,0.03799387120809826
4.46,0.36717640876460966,-0.0974711092160151,0.5236466687296621,0.718579282425234,0.8522746656984682,0.8126368545574985,-0.026532344025355724,-0.00873791959153724,0.052274765421405196,-0.018276234607393266,-0.01899545738962679,0.038148879575531314
4.47,0.36709928586524476,-0.09743360865005374,0.5238230449636712,0.7183130435839148,0.8521863345051468,0.8131615122314905,-0.026715583275699784,-0.008928541481878084,0.0526570266976734,-0.018371656913234963,-0.019128902725980616,0.03830327173335413
4.48,0.36702128650998683,-0.09739593056859674,0.5240000258113858,0.718044967574837,0.8520960904224879,0.8136900002273962,-0.026899777990462583,-0.009120497271998365,0.053040828752225634,-0.018467327271275914,-0.019262235843073582,0.03845703273452833
4.49,0.3669424043979893,-0.09735807457549406,0.524177610787196,0.7177750448309763,0.8520039201172553,0.8142223339211906,-0.02708493064354795,-0.009313785794546952,0.05342616519842896,-0.018563244355662374,-0.019395447700676086,0.03861014755254706
4.5,0.3668626332098193,-0.09732004027793811,0.5243557993876611,0.717503265760635,0.8519098102683389,0.8147585286242295,-0.027271043695534437,-0.009508405791514737,0.05381302949898909,-0.0186594068271901,-0.019528529207439128,0.0387626010816937
4.51,0.3667819666075982,-0.09728182728652146,0.5245345910913874,0.7172296207475772,0.8518137475676639,0.8152985995817394,-0.02745811959354192,-0.0097043559137242,0.05420141496515976,-0.01875581333332589,-0.019661471221049876,0.03891437813730467
4.5200000000000005,0.3667003982351436,-0.09724343521529583,0.5247139853589129,0.716954100151164,0.8517157187211062,0.8158425619712985,-0.027646160771098334,-0.009901634720320464,0.05459131475595431,-0.018852462508229452,-0.019794264548389492,0.039065463456035815
4.53,0.3666179217181129,-0.09720486368183129,0.5248939816325833,0.7166766943064893,0.8516157104494094,0.8163904309013109,-0.02783516964800679,-0.01010024067826414,0.05498272187736038,-0.018949352972775845,-0.01992689994569336,0.03921584169613285
4.54,0.3665345306641513,-0.09716611230727529,0.5250745793364342,0.7163973935245181,0.8515137094891119,0.8169422214094721,-0.028025148630212837,-0.010300172161825646,0.055375629181557195,-0.01904648333457841,-0.020059368118713845,0.039365497437705774
4.55,0.36645021866303795,-0.09712718071641063,0.5252557778760684,0.7161161880922261,0.8514097025934735,0.8174979484612271,-0.02821610010967193,-0.010501427452081158,0.05577002936613554,-0.01914385218801202,-0.02019165972288528,0.039514415183007
4.5600000000000005,0.36636497928683837,-0.09708806853771457,0.5254375766385365,0.7158330682727394,0.8513036765334128,0.8180576269482209,-0.02840802646421718,-0.010704004736410354,0.05616591497332061,-0.019241458114236894,-0.02032376536349135,0.03966257935671341
4.57,0.36627880609005603,-0.09704877540341722,0.5256199749922119,0.7155480243054779,0.851195618098444,0.81862127168674,-0.028600930057427334,-0.010907902107995653,0.056563278389197676,-0.019339299681222853,-0.020455675595834943,0.03980997430621233
4.58,0.3661916926097866,-0.09700930094955962,0.5258029722866708,0.7152610464062965,0.8510855140976231,0.8191888974161485,-0.02879481323849498,-0.011113117565323336,0.05696211184294065,-0.01943737544377397,-0.02058738092541028,0.039956584301891286
4.59,0.36610363236587573,-0.09696964481605191,0.5259865678525671,0.7149721247676313,0.8509733513604968,0.8197605187973143,-0.028989678342095024,-0.011319649011686308,0.0573624074060435,-0.019535683943553754,-0.020718871808077466,0.04010239353743171
4.6000000000000005,0.3660146188610771,-0.09692980664673134,0.5261707610015103,0.7146812495586444,0.8508591167380566,0.8203361504110286,-0.029185527688253443,-0.011527494254688691,0.05776415699155487,-0.01963422370911075,-0.020850138650239377,0.04024738613010645
4.61,0.3659246455812139,-0.09688978608941912,0.5263555510259397,0.7143884109253719,0.8507427971036988,0.8209158067564173,-0.029382363582216155,-0.011736651005751966,0.058167352353315084,-0.019732993255904514,-0.020981171809020892,0.04039154612108105
4.62,0.36583370599534154,-0.09684958279597922,0.5265409371990007,0.7140935989908712,0.850624379354188,0.8214995022493464,-0.029580188314318415,-0.011947116879623356,0.058571985085197065,-0.019831991086332205,-0.02111196159245053,0.04053485747571896
4.63,0.36574179355591363,-0.09680919642237384,0.5267269187744198,0.7137968038553723,0.8505038504106274,0.8220872512208168,-0.029779004159854235,-0.012158889393885609,0.0589780466203496,-0.019931215689755494,-0.02124249825964442,0.04067730408389063
4.64,0.3656489016989489,-0.09676862662872188,0.5269134949863774,0.7134980155964273,0.8503811972194317,0.8226790679153546,-0.029978813378946124,-0.01237196596846881,0.05938552823044393,-0.020030665542527908,-0.02137277202099253,0.04081886976028621
4.65,0.36555502384420063,-0.09672787307935338,0.5271006650493825,0.7131972242690636,0.8502564067533067,0.8232749664893919,-0.030179618216415304,-0.012586343925164192,0.05979442102492378,-0.02013033910802277,-0.02150277303834742,0.040959538244732335
4.66,0.3654601533953295,-0.096686935442868,0.5272884281581454,0.7128944199059379,0.8501294660122332,0.8238749610096409,-0.03038142090165185,-0.012802020487139501,0.06020471595025797,-0.02023023483666138,-0.021632491425215124,0.041099293202512474
4.67,0.3653642837400773,-0.0966458133921893,0.5274767834874502,0.7125895925174903,0.8500003620244552,0.8244790654514607,-0.03058422364848543,-0.013018992778456692,0.060616403789196874,-0.0203303511659418,-0.021761917246948523,0.04123811822469123
4.68,0.36526740825044246,-0.09660450660462006,0.5276657301920274,0.7122827320921008,0.8498690818474735,0.825087293697216,-0.030788028655056244,-0.013237257823591293,0.06102947516003183,-0.02043068652046805,-0.02189104052094299,0.041375996828442466
4.69,0.3651695202828593,-0.09656301476189838,0.5278552674064251,0.7119738285962472,0.8497356125690446,0.8256996595346295,-0.030992838103686186,-0.013456812546953847,0.061443920515857856,-0.0205312393119797,-0.022019851216834342,0.04151291245738104
4.7,0.36507061317837886,-0.096521337550251,0.528045394244879,0.7116628719746638,0.8495999413081828,0.8263161766551256,-0.031198654160750225,-0.01367765377241316,0.06185973014383948,-0.020632007939381854,-0.02214833925669906,0.041648848481898426
4.71,0.36497068026285157,-0.0964794746604482,0.5282361098011843,0.7113498521505013,0.8494620552161687,0.8269368586521672,-0.03140547897654852,-0.01389977822282202,0.06227689416448079,-0.02073299078877581,-0.022276494515257057,0.04178378819950223
4.72,0.3648697148471127,-0.09643742578785724,0.5284274131485645,0.7110347590254883,0.8493219414775607,0.8275617190195864,-0.031613314685178244,-0.014123182519544397,0.06269540253089777,-0.02083418623348985,-0.022404306820076384,0.0419177148351592
4.73,0.3647677102271699,-0.09639519063249513,0.5286193033395412,0.710717582480094,0.8491795873112139,0.8281907711499065,-0.0318221634044061,-0.01434786318198503,0.06311524502809472,-0.020935592634110663,-0.022531765951780525,0.042050611541642156
4.74,0.3646646596843927,-0.09635276889908179,0.5288117794058033,0.710398312373692,0.8490349799713006,0.8288240283326571,-0.032032027235541154,-0.014573816627121096,0.06353641127224441,-0.021037208338515204,-0.02265886164425796,0.04218246139988073
4.75,0.3645605564857053,-0.09631016029709139,0.529004840358074,0.7100769385447258,0.8488881067483375,0.8294615037526822,-0.03224290826330775,-0.014801039169035798,0.0639588907099709,-0.021139031681902856,-0.022785583584873842,0.04231324741931562
4.76,0.36445539388378023,-0.0962673645408037,0.5291984851859806,0.7097534508108752,0.8487389549702167,0.8301032104884418,-0.03245480855571905,-0.01502952701845433,0.0643826726176369,-0.02124106098682819,-0.022911921414684185,0.04244295253825684
4.7700000000000005,0.3643491651172355,-0.09622438134935601,0.529392712857919,0.7094278389692233,0.848587512003242,0.8307491615103051,-0.032667730163950665,-0.01525927628228178,0.06480774610063404,-0.021343294563234066,-0.023037864728652203,0.04257155962424548
4.78,0.3642418634108338,-0.09618121044679245,0.529587522320923,0.7091000927964274,0.8484337652531693,0.8313993696788372,-0.032881675122214626,-0.015490282963143285,0.0652341000926769,-0.021445730708485086,-0.023163403075866854,0.042699051474419165
4.79,0.3641334819756837,-0.09613785156211263,0.5297829125005288,0.7087702020488866,0.8482777021662511,0.8320538477430792,-0.03309664544763395,-0.01572254295892643,0.06566172335510109,-0.02154836770740174,-0.02328852595976394,0.04282541081588156
4.8,0.3640240140094424,-0.09609430442932226,0.5299788823006407,0.7084381564629157,0.8481193102302869,0.8327126083388207,-0.0333126431401173,-0.015956052062325875,0.06609060447616467,-0.021651203832294692,-0.02341322283834913,0.04295062030607505
4.8100000000000005,0.3639134526965238,-0.0960505687874803,0.5301754306033974,0.708103945754917,0.8479585769756772,0.8333756639868656,-0.033529670182233955,-0.016190805960390055,0.06652073187035325,-0.02175423734299963,-0.023537483124423424,0.04307466253315746
4.82,0.36380179120830547,-0.09600664438074541,0.530372556269035,0.7077675596215536,0.847795489976482,0.8340430270912912,-0.033747728539089354,-0.016426800234070355,0.06695209377768922,-0.021857466486912572,-0.023661296185810882,0.0431975200163824
4.83,0.36368902270333925,-0.09596253095842389,0.5305702581357516,0.7074289877399257,0.847630036851484,0.834714709937699,-0.033966820158200905,-0.016664030357772513,0.06738467826304471,-0.021960889499025554,-0.023784651345588586,0.04331917520648319
4.84,0.36357514032756577,-0.09591822827501506,0.5307685350195713,0.7070882197677473,0.8474622052652564,0.8353907246914617,-0.034186946969373994,-0.01690249169891022,0.06781847321545802,-0.022064504601962704,-0.02390753788231869,0.043439610486060445
4.8500000000000005,0.3634601372145284,-0.09587373609025507,0.5309673857142065,0.7067452453435228,0.8472919829292357,0.8360710833959598,-0.03440811088457859,-0.017142179517461234,0.06825346634745454,-0.02216831000601683,-0.02402994503028299,0.04355880816997339
4.86,0.36334400648559284,-0.09582905416916282,0.53116680899092,0.7064000540867269,0.8471193576027968,0.8367557979708137,-0.03463031379782607,-0.017383088965525664,0.06868964519437108,-0.022272303909186338,-0.02415186197971942,0.043676750505734704
4.87,0.36322674125016563,-0.09578418228208108,0.5313668035983878,0.7060526355979844,0.8469443170943354,0.8374448802101084,-0.034853557585046525,-0.017625215086886806,0.06912699711368464,-0.022376484497212672,-0.024273277877061062,0.04379341967390912
4.88,0.3631083346059185,-0.09573912020471964,0.5315673682625599,0.7057029794592515,0.8467668492623526,0.8381383417806118,-0.03507784410396627,-0.01786855281657427,0.06956550928434473,-0.02248084994361805,-0.02439418182517707,0.04390879778851548
4.89,0.36298877963901266,-0.09569386771819693,0.5317685016865206,0.7053510752339992,0.8465869420165445,0.8388361942199856,-0.035303175193985965,-0.018113096980429542,0.07000516870610997,-0.022585398409743745,-0.02451456288361611,0.04402286689743254
4.9,0.36286806943625094,-0.09564842460962253,0.5319702025560148,0.7049969124817371,0.8464045833653718,0.8395384488888515,-0.03552954823242008,-0.018358827894056587,0.07044594790229242,-0.02268920869952594,-0.02463143072244077,0.04413265115731815
4.91,0.36274619712610323,-0.09560279067395339,0.5321724695586881,0.7046404808072622,0.8462197615761581,0.8402451168111373,-0.03575695990100158,-0.01860572356899625,0.0708878170375332,-0.022793151714956605,-0.024747602707487718,0.044240940446670034
4.92,0.3626231558418853,-0.09555696571226197,0.5323753013663387,0.7042817698162892,0.8460324650317997,0.8409562088156178,-0.035985411797290735,-0.018853777897730684,0.07133076197122311,-0.02289725390143345,-0.024863159548381197,0.04434780773302216
4.93,0.36249893870784033,-0.09551094953111028,0.5325786966280516,0.7039207690986166,0.8458426821767097,0.8416717355888657,-0.03621490550278861,-0.019102984670755163,0.07177476838979915,-0.02300151321500927,-0.024978089625215825,0.04445323429884747
4.94,0.3623735388393876,-0.0954647419425802,0.5327826539700607,0.7035574682283304,0.8456504015179771,0.8423917076733808,-0.036445442578494705,-0.019353337562148236,0.07221982179219548,-0.02310592759931146,-0.02509238127458333,0.0445572013611398
4.95,0.3622469493433751,-0.09541834276430128,0.5329871719956132,0.7031918567640092,0.8454556116265348,0.8431161354657126,-0.0366770245647828,-0.019604830129137923,0.07266590748919056,-0.023210494985586458,-0.025206022789841104,0.04465969007185318
4.96,0.36211916331833427,-0.09537175181947904,0.5331922492848312,0.7028239242489317,0.8452583011383294,0.8438450292145743,-0.03690965298127742,-0.019857455811670758,0.07311301060275897,-0.023315213292744635,-0.02531900242138302,0.04476068151834453
4.97,0.36199017385473814,-0.09532496893692105,0.5333978843945735,0.7024536602112847,0.8450584587554958,0.8445783990189524,-0.037143329326730715,-0.02011120793198357,0.07356111606542777,-0.02342008042740564,-0.025431308376912508,0.04486015672382019
4.98,0.3618599740352609,-0.0952779939510604,0.5336040758582974,0.7020810541643724,0.8448560732475369,0.8453162548262092,-0.03737805507889981,-0.02036607969417795,0.07401020861963736,-0.023525094283944205,-0.02554292882171798,0.04495809664778605
4.99,0.36172855693503925,-0.09523082670198002,0.5338108221859195,0.7017060956068265,0.8446511334525075,0.8460586064301774,-0.03761383169442449,-0.020622064183797365,0.07446027281710636,-0.023630252744536263,-0.02565385187895021,0.04505448218650103
5.0,0.361595915621939,-0.09518346703543323,0.5340181218636756,0.701328774022819,0.8444436282782011,0.8468054634692513,-0.03785066060870546,-0.020879154367407286,0.07491129301820168,-0.02373555367920566,-0.025764065629902255,0.04514929417343437
5.01,0.3614620431568214,-0.09513591480286537,0.5342259733539811,0.7009490788822741,0.8442335467033423,0.8475568354244696,-0.038088543235783257,-0.021137343092178112,0.07536325339131311,-0.023840994945871226,-0.025873558114291473,0.04524251337972647
5.0200000000000005,0.36132693259381315,-0.0950881698614302,0.5344343750952899,0.7005669996410832,0.8440208777787824,0.8483127316175918,-0.0383274809682171,-0.02139662308547057,0.07581613791223184,-0.023946574390394215,-0.025982317330543653,0.04533412051465306
5.03,0.3611905769805789,-0.09504023207400913,0.5346433255019526,0.7001825257413196,0.8438056106287005,0.8490731612091703,-0.038567475176964815,-0.02165698695442444,0.07626993036353463,-0.024052289846626274,-0.026090331236079546,0.045424096226093266
5.04,0.3610529693585967,-0.09499210130922486,0.5348528229640755,0.6997956466114562,0.8435877344518067,0.8498381331966146,-0.03880852721126295,-0.021918427185549948,0.07672461433397199,-0.02415813913645782,-0.026197587747603425,0.045512421101000816
5.05,0.36091410276343394,-0.09494377744145571,0.5350628658473784,0.6994063516665822,0.8433672385225506,0.8506076564122497,-0.039050638398507226,-0.022180936144321865,0.07718017321786123,-0.024264120069866744,-0.02630407474139394,0.04559907566587905
5.0600000000000005,0.3607739702250286,-0.0948952603508475,0.5352734524930499,0.6990146303086222,0.8431441121923344,0.8513817395213694,-0.03929381004413392,-0.02244450607477698,0.07763659021448455,-0.02437023044496771,-0.026409780053597086,0.04568404038725932
5.07,0.36063256476797145,-0.0948465499233237,0.5354845812176064,0.6986204719265577,0.8429183448907284,0.8521603910202824,-0.039538043431501205,-0.022709129099113948,0.07809384832749144,-0.024476468048061674,-0.02651469148052142,0.04576729567218284
5.08,0.3604898794117905,-0.09479764605059371,0.5356962503127468,0.6982238658966468,0.8426899261266924,0.8529436192343538,-0.03978333982177153,-0.02297479721729671,0.07855193036430659,-0.024582830653686025,-0.026618796778935347,0.045848821868686065
5.09,0.36034590717123877,-0.09474854863015947,0.5359084580452071,0.6978248015826474,0.8424588454897982,0.8537314323160384,-0.04002970045379404,-0.023241502306660347,0.0790108189355419,-0.024689316024664985,-0.026722083666366653,0.045928599266289574
5.1000000000000005,0.36020064105658395,-0.0946992575653195,0.536121202656618,0.6974232683360412,0.8422250926514604,0.8545238382429121,-0.04027712654398785,-0.023509236121520363,0.07947049645441413,-0.024795921912160554,-0.026824539821404158,0.04600660809649027
5.11,0.36005407407390144,-0.09464977276517333,0.536334482363356,0.6970192554962583,0.841988657366166,0.8553208448156918,-0.04052561928622545,-0.023777990292784573,0.07993094513616664,-0.02490264605572369,-0.026926152884001422,0.04608282853325708
5.12,0.3599061992253687,-0.09460009414462012,0.5365482953564007,0.6966127523909033,0.8417495294727125,0.856122459656256,-0.040775179851717136,-0.024047756327568556,0.08039214699749724,-0.025009486183346155,-0.027026910455782777,0.04615724069353017
5.13,0.35975700950956296,-0.09455022162435955,0.5367626398011852,0.6962037483359824,0.841507698895446,0.8569286902056544,-0.041025809388895454,-0.024318525608813698,0.08085408385598986,-0.025116440011512545,-0.027126800100351255,0.04622982463772342
5.14,0.35960649792176136,-0.09450015513088728,0.5369775138374511,0.6957922326361321,0.8412631556455062,0.8577395437221148,-0.04127750902330055,-0.024590289394908652,0.08131673732955222,-0.025223505245252874,-0.027225809343598865,0.046300560370230344
5.15,0.3594546574542429,-0.09444989459648923,0.5371929155790992,0.695378194584848,0.8410158898220729,0.8585550272790436,-0.04153027985746578,-0.02486303881931372,0.08178008883585788,-0.025330679578195493,-0.027323925674018694,0.04636942783993342
5.16,0.35930148109659427,-0.09439943995923611,0.5374088431140422,0.6949616234647163,0.8407658916136177,0.8593751477630199,-0.04178412297080401,-0.025136764890188405,0.08224411959179391,-0.02543796069262043,-0.027421136543019455,0.046436406940716796
5.17,0.3591469618360165,-0.09434879116297168,0.5376252945040563,0.6945425085476449,0.8405131512991586,0.8601999118717859,-0.042039039419494315,-0.025411458490022215,0.08270881061291316,-0.025545346259513158,-0.02751742936524171,0.04650147751198218
5.18,0.3589910926576354,-0.09429794815730258,0.5378422677846304,0.6941208390950966,0.8402576592495186,0.86102932611223,-0.042295030236369525,-0.0256871103752686,0.08317414271289249,-0.02565283393861878,-0.027612791518876648,0.046564619339168375
5.19,0.3588338665448134,-0.0942469108975833,0.5380597609648181,0.6936966043583229,0.8399994059285875,0.8618633967983668,-0.04255209643080387,-0.025963711175982,0.08364009650299552,-0.025760421378496545,-0.027707210345986468,0.04662581215427386
5.2,0.3586752764794659,-0.09419567934490031,0.5382777720270864,0.6932697935785999,0.8397383818945889,0.8627021300493075,-0.04281023898860136,-0.02624125139545804,0.0841066523915405,-0.025868106216574795,-0.0278006731528271,0.046685035636382696
5.21,0.35851531544237686,-0.09414425346605326,0.5384962989271642,0.6928403959874634,0.8394745778013478,0.8635455317872313,-0.04306945887188512,-0.026519721409877472,0.08457379058337464,-0.02597588607920645,-0.027893167210173028,0.04674226941219404
5.22,0.3583539764135196,-0.09409263323353412,0.5387153395938931,0.6924084008069468,0.839207984399565,0.8643936077353449,-0.04332975701898635,-0.02679911146795248,0.08504149107935194,-0.02608375858172455,-0.027984679753643805,0.046797493056554396
5.23,0.35819125237237964,-0.09404081862550379,0.5389348919290724,0.6919737972498201,0.8389385925380927,0.8652463634158425,-0.04359113434433498,-0.027079411690577225,0.08550973367581824,-0.02619172132849864,-0.02807519798403314,0.046850686092993754
5.24,0.3580271362982782,-0.093988809625766,0.5391549538073103,0.6915365745198285,0.838666393165215,0.8661038041478567,-0.04385359173834993,-0.027360612070480995,0.08597849796410019,-0.026299771912991144,-0.028164709067639418,0.04690182799426436
5.25,0.3578616211707008,-0.09393660622373917,0.5393755230758676,0.6910967218119338,0.8383913773299304,0.8669659350454062,-0.04411713006733044,-0.027642702471884953,0.08644776333000022,-0.026407907917814392,-0.028253200136598728,0.0469508981828832
5.26,0.35769469996962594,-0.09388420841442507,0.5395965975545061,0.6906542283125559,0.8381135361832399,0.8678327610153377,-0.044381750173347875,-0.027925672630162202,0.08691750895329715,-0.026516126914787906,-0.02834065828921959,0.04699787603167749
5.2700000000000005,0.3575263656758575,-0.09383161619837549,0.5398181750353347,0.6902090831998149,0.8378328609794358,0.8687042867552641,-0.044647452874138176,-0.028209512151501307,0.08738771380725208,-0.02662442646499616,-0.02842707059031986,0.04704274086433332
5.28,0.3573566112713598,-0.09377882958165679,0.5400402532826541,0.6897612756437768,0.8375493430773964,0.8695805167514956,-0.0449142389629945,-0.028494210512572764,0.0878583566581191,-0.02673280411884662,-0.02851242407156545,0.04708547195594763
5.29,0.3571854297395938,-0.09372584857580979,0.5402628300328018,0.6893107948066963,0.8372629739418814,0.8704614552769684,-0.04518210920866104,-0.028779757060199532,0.08832941606466299,-0.026841257416128243,-0.028596705731811153,0.04712604853358319
5.3,0.3570128140658567,-0.09367267319780909,0.540485902993998,0.6888576298432644,0.8369737451448338,0.871347106389167,-0.04545106435522706,-0.029066141011030496,0.08880087037768128,-0.02694978388607044,-0.028679902537443472,0.04716444977682696
5.3100000000000005,0.35683875723762404,-0.09361930347001873,0.5407094698461877,0.6884017699008549,0.8366816483666818,0.8722374739280414,-0.04572110512202158,-0.029353351451217445,0.0892726977395323,-0.02705838104740222,-0.028762001422725277,0.04720065481835141
5.32,0.35666325224572704,-0.09356573942110002,0.5409335282420512,0.6879432041213257,0.8363866753968399,0.873132561518399,-0.04599223106815033,-0.029641377925217302,0.0897448793559759,-0.027166492880713416,-0.028843276508014576,0.04723623811114364
5.33,0.35648629211446137,-0.09351198112009806,0.5411580758484857,0.6874819216967216,0.8360888181062449,0.874032372727638,-0.046264432797913035,-0.02993021447992348,0.09021742196080697,-0.02727385997232666,-0.02892384797223957,0.04727191916127035
5.34,0.3563078699105967,-0.09345802868647163,0.5413831103586668,0.6870179118857863,0.8357880684402302,0.8749369111105229,-0.046537708401130355,-0.030219851133640993,0.09069031043111357,-0.027381267123646594,-0.029003294129121605,0.04730540778363189
5.3500000000000005,0.3561279787080469,-0.09340388224923146,0.5416086294420512,0.6865511639478272,0.8354844184542893,0.8758461800157445,-0.04681205826494193,-0.03051027656781068,0.09116352273986636,-0.027488711641411666,-0.029081601876431343,0.047336683420587305
5.36,0.35594661158577445,-0.09334954194408429,0.5418346307408011,0.6860816671384151,0.8351778603177569,0.8767601825706952,-0.04708748274950214,-0.030801479332699548,0.09163703665424247,-0.0275961908218809,-0.02915875808171404,0.04736572547124399
5.37,0.3557637616281534,-0.09329500791338485,0.5420611118696382,0.6856094107096549,0.8348683863151223,0.8776789216794078,-0.04736398218787588,-0.031093447847100407,0.09211082973519634,-0.027703701950900293,-0.02923474958264345,0.047392513292023805
5.38,0.35557942192533254,-0.09324028030608378,0.5422880704156977,0.6851343839104557,0.834555988847345,0.8786024000204917,-0.04764155688593476,-0.031386170398034985,0.09258487933703564,-0.027811242303969513,-0.02930956318737739,0.04741702619723193
5.39,0.3553935855736033,-0.09318535927767352,0.5425155039383817,0.6846565759868055,0.8342406604331752,0.8795306200450652,-0.047920207122253936,-0.03167963514046048,0.09305916260700278,-0.02791880914630894,-0.029383185674915206,0.04743924345962875
5.4,0.3552062456757677,-0.09313024499012973,0.5427434099692118,0.6841759761820427,0.8339223937104743,0.8804635839746813,-0.048199933148009674,-0.0319738300969798,0.09353365648486264,-0.028026399732927233,-0.0294556037954572,0.04745914431100477
5.41,0.35501739534151,-0.09307493761185098,0.5429717860116816,0.6836925737371319,0.8336011814375407,0.8814012937992515,-0.04848073518687742,-0.0322687431575553,0.09400833770249524,-0.028134011308689054,-0.029526804270765646,0.04747670794275812
5.42,0.3548270276877698,-0.0930194373175936,0.5432006295411094,0.6832063578909382,0.8332770164944381,0.8823437512749654,-0.048762613434931,-0.03256436207922637,0.09448318278349535,-0.028241641108383505,-0.02959677379452801,0.047491913506475344
5.43,0.3546351358391181,-0.09296374428840554,0.5434299380044885,0.6827173178805049,0.8329498918843249,0.8832909579222056,-0.04904556806054192,-0.03286067448583034,0.09495816804277679,-0.028349286356792618,-0.029665499032721632,0.04750474011451477
5.44,0.35444171292813426,-0.09290785871155388,0.543659708820339,0.6822254429413306,0.8326198007347889,0.8842429150234581,-0.04932959920427981,-0.03315766786772735,0.09543326958618335,-0.028456944268760394,-0.02973296662398041,0.04751516684059279
5.45,0.35424675209578677,-0.09285178078045098,0.543889939378558,0.6817307223076471,0.8322867362991825,0.8851996236212208,-0.04961470697881334,-0.03345532958152865,0.09590846331010515,-0.028564612049262257,-0.02979916317996329,0.047523172720373145
5.46,0.3540502464918147,-0.09279551069457692,0.5441206270402699,0.6812331452126996,0.8319506919579618,0.886161084515907,-0.049900891468811825,-0.03375364684982878,0.09638372490110124,-0.028672286893474747,-0.029864075285724455,0.047528736752058785
5.47,0.35385218927511247,-0.09273904865939803,0.5443517691376756,0.6807327008890275,0.8316116612200283,0.8871272982637444,-0.05018815273084775,-0.034052606760941344,0.09685902983552783,-0.02877996598684572,-0.02992768950008539,0.047531837896986756
5.48,0.35365257361411606,-0.09268239488628244,0.5445833629739026,0.6802293785687448,0.8312696377240727,0.8880982651746718,-0.05047649079329965,-0.03435219626863854,0.09733435337917265,-0.028887646505164816,-0.02998999235600861,0.04753245508022566
5.49,0.3534513926871908,-0.09262554959241037,0.5448154058228528,0.6797231674838233,0.8309246152399218,0.8890739853102317,-0.05076590565625595,-0.03465240219189445,0.0978096705868953,-0.028995325614634346,-0.03005097036097322,0.04753056719117607
5.5,0.3532486396830226,-0.09256851300068353,0.5450478949290514,0.6792140568663758,0.8305765876698882,0.8900544584814588,-0.05105639729141949,-0.03495321121463211,0.09828495630227346,-0.029103000471940553,-0.03011060999735224,0.04752615308417364
5.51,0.3530443078010098,-0.09251128533962832,0.5452808275074936,0.6787020359489403,0.8302255490501205,0.891039684246766,-0.05134796564201273,-0.0352546098854744,0.0987601851572556,-0.029210668224325248,-0.030168897722791573,0.0475191915790948
5.5200000000000005,0.35283839025165886,-0.09245386684329693,0.5455142007434937,0.6781870939647654,0.8298714935519595,0.892029661909826,-0.05164061062268353,-0.035556584617498485,0.0992353315718189,-0.029318326009657718,-0.030225819970590782,0.04750966146196549
5.53,0.35263088025697886,-0.09239625775116334,0.5457480117925306,0.6776692201480966,0.829514415483294,0.8930243905174501,-0.05193433211941196,-0.03585912168799449,0.09971036975363431,-0.02942597095650714,-0.030281363150085564,0.04749754148557221
5.54,0.3524217710508818,-0.09233845830801701,0.5459822577800949,0.6771484037344631,0.8291543092899187,0.8940238688574634,-0.05222912998941756,-0.03616220723822763,0.1001852736977369,-0.02953360018421522,-0.030335513647031853,0.04748281037007608
5.55,0.3522110558795818,-0.09228046876385065,0.5462169358015347,0.6766246339609663,0.8287911695568982,0.8950280954565765,-0.052525004061067415,-0.03646582727320436,0.10066001718620282,-0.02964121080296928,-0.030388257823991745,0.04746544680362936
5.5600000000000005,0.3519987280019978,-0.09222228937374682,0.5464520429219013,0.6760979000665683,0.8284249910099287,0.8960370685782552,-0.05282195413378513,-0.036769967661442526,0.10113457378783233,-0.029748799913875662,-0.030439582020720994,0.04744542944299465
5.57,0.3517847806901575,-0.09216392039775739,0.5466875761757938,0.6755681912923823,0.828055768516704,0.8970507862205849,-0.05311997997796012,-0.03707461413474494,0.10160891685783877,-0.029856364609033438,-0.030489472554558184,0.04742273691416682
5.58,0.35156920722960366,-0.09210536210078141,0.5469235325672048,0.6750354968819633,0.8276834970882854,0.8980692461141347,-0.05341908133485815,-0.03737975228797748,0.1020830195375444,-0.029963901971608583,-0.03053791572081561,0.04739734781299741
5.59,0.35135200091980096,-0.09204661475243797,0.5471599090693643,0.6744998060815994,0.8273081718804705,0.8990924457198156,-0.05371925791653232,-0.037685367578850576,0.10255685475408187,-0.030071409075908405,-0.030584897793171865,0.04736924070582176
5.6000000000000005,0.3511331550745462,-0.09198767862693463,0.5473967026245826,0.6739611081406044,0.8269297881951665,0.9001203822267385,-0.05402050940573481,-0.037991445327705035,0.10303039522010216,-0.030178882987456346,-0.03063040502406577,0.047338394130088474
5.61,0.35091266302237917,-0.09192855400293248,0.5476339101440947,0.6734193923116119,0.8265483414817651,0.9011530525500661,-0.0543228354558293,-0.038297970717301295,0.10350361343348885,-0.03028632076306708,-0.03067442364509231,0.04730478659499181
5.62,0.3506905181069959,-0.09186924116340628,0.5478715285079034,0.6728746478508686,0.8261638273385195,0.9021904533288662,-0.05462623569070456,-0.03860492879261337,0.103976481677079,-0.030393719450922115,-0.030716939867399942,0.04726839658210623
5.63,0.3504667136876625,-0.0918097403955006,0.5481095545646212,0.6723268640185307,0.8257762415139219,0.9032325809239573,-0.054930709704688246,-0.03891230446062608,0.10444897201838992,-0.030501076090645472,-0.030757939882089545,0.04722920254602371
5.64,0.35024124313963256,-0.09175005199038166,0.5483479851313121,0.6717760300789589,0.8253855799080866,0.9042794314157567,-0.05523625706246176,-0.03922008249013673,0.10492105630935249,-0.030608387713379967,-0.030797409860614973,0.04718718291499346
5.65,0.35001409985456344,-0.09169017624308451,0.5485868169933343,0.6712221353010157,0.8249918385741308,0.905331000602121,-0.055542877298975946,-0.039528247511560644,0.10539270618605126,-0.03071565134186363,-0.030835335955185214,0.04714231609156405
5.66,0.34978527724093633,-0.09163011345235672,0.5488260469041811,0.6706651689583631,0.8245950137195607,0.9063872839961876,-0.05585056991936719,-0.03983678401674056,0.10586389306847019,-0.030822863990506558,-0.030871704299168037,0.04709458045322823
5.67,0.34955476872447755,-0.09156986392049604,0.5490656715853216,0.6701051203297613,0.8241951017076578,0.9074482768242123,-0.05615933439887468,-0.04014567635876045,0.10633458816024566,-0.030930022665468036,-0.03090650100749521,0.04704395435306986
5.68,0.3493225677485794,-0.09150942795318501,0.5493056877260403,0.6695419786993677,0.8237920990588667,0.9085139740234044,-0.05646917018275842,-0.0404549087517632,0.10680476244842575,-0.031037124364734124,-0.030939712177069405,0.046990416120413554
5.69,0.3490886677747256,-0.09144880585932069,0.5495460919832789,0.6689757333570375,0.823386002452187,0.9095843702397604,-0.05678007668621759,-0.04076446527077221,0.10727438670323554,-0.031144166078195326,-0.030971323887172324,0.04693394406147656
5.7,0.3488530622839428,-0.0913879979538555,0.5497868809844908,0.6684063736015478,0.8229768087181776,0.910659459845877,-0.05709205139956912,-0.041074335287209836,0.10774344443161832,-0.03125032552345454,-0.031003672530985897,0.04688011752106149
5.71,0.34861574480460567,-0.09132700463811616,0.5500280514078993,0.6678338888188208,0.8225645146168058,0.9117392374715131,-0.057405080351877205,-0.041384540826738356,0.10821199707373845,-0.03135544911701758,-0.03103717607766804,0.046829944076556926
5.72,0.34837670891614997,-0.0912658264100411,0.5502695999924504,0.6672582684919868,0.8221491168108475,0.9128236980681296,-0.05771916006013377,-0.04169507360036762,0.10868003394234425,-0.0314604761776134,-0.03106911710516158,0.04677695938984554
5.73,0.3481359482201245,-0.09120446377817182,0.5505115234516944,0.6666795021183661,0.8217306121063119,0.9139128363370865,-0.0580342895429298,-0.04200591791550049,0.1091475268221305,-0.03156540348804755,-0.031099482129822175,0.04672114288103695
5.74,0.3478934563390264,-0.09114291725681178,0.5507538184689637,0.6660975792052548,0.8213089974668091,0.9150066466965618,-0.05835046778664508,-0.042317057944626625,0.10961444729189679,-0.03167022782331971,-0.03112825765274705,0.04666247395113984
5.75,0.3476492269167351,-0.09108118736586235,0.5509964816972304,0.6655124892702462,0.8208842700148995,0.9161051232794899,-0.058667693745370765,-0.04262847772517205,0.11008076672436008,-0.03177494595070913,-0.03115543016017676,0.04660093198269066
5.76,0.34740325361894847,-0.09101927463065262,0.5512395097589642,0.6649242218415546,0.8204564270334452,0.9172082599315025,-0.05898596634083261,-0.042940161159352674,0.11054645628597297,-0.03187955462985998,-0.031180986123897754,0.0465364963403838
5.7700000000000005,0.3471555301336179,-0.09095717958176486,0.5514828992459903,0.6643327664583392,0.8200254659669624,0.918316050208863,-0.059305284462314985,-0.043252092014031636,0.11101148693674837,-0.0319840506128673,-0.03120491200164674,0.046469146371704365
5.78,0.3469060501713877,-0.09089490275485529,0.5517266467193467,0.6637381126710288,0.8195913844229766,0.9194284873764023,-0.059625646966585774,-0.04356425392058084,0.11147582943009064,-0.03208843064436315,-0.031227194237516256,0.04639886140756303
5.79,0.34665480746603217,-0.0908324446904697,0.5519707487091404,0.6631402500416473,0.819154180173377,0.9205455644054517,-0.0599470526778222,-0.04387663037474662,0.11193945431263302,-0.032192691461603036,-0.031247819262361504,0.04632562076293261
5.8,0.3464017957748965,-0.09076980593385353,0.552215201714405,0.6625391681441404,0.8187138511557746,0.9216672739717742,-0.06026950038753765,-0.04418920473651945,0.11240233192408154,-0.03229682979455288,-0.03126677349420877,0.04624940373748717
5.8100000000000005,0.3461470088793368,-0.09070698703475938,0.5524600022029555,0.661934856564702,0.818270395474859,0.9227936084534948,-0.06059298885450898,-0.04450196023000751,0.11286443239706502,-0.032400842365975964,-0.031284043338664934,0.04617018961624285
5.82,0.34589044058516233,-0.09064398854724642,0.552705146611246,0.6613273049021025,0.8178238114037598,0.9239245599290286,-0.06091751680470504,-0.04481487994331474,0.11332572565699191,-0.03250472589152051,-0.031299615189328445,0.04608795767020092
5.83,0.345632084723077,-0.09058081102947618,0.5529506313442228,0.6607165027680165,0.817374097385405,0.9250601201750076,-0.06124308293121595,-0.04512794682842268,0.11378618142191321,-0.032608477079807296,-0.03131347542820148,0.046002687156992614
5.84,0.34537193514912323,-0.09051745504350456,0.5531964527751825,0.6601024397873531,0.8169212520338845,0.9262002806642082,-0.06156968589418332,-0.0454411437010767,0.11424576920239221,-0.03271209263251784,-0.03132561042610356,0.045914357321526225
5.8500000000000005,0.34510998574512597,-0.09045392115506518,0.5534426072456243,0.659485105598584,0.8164652741358119,0.9273450325634736,-0.06189732432073124,-0.04575445324067617,0.11470445830138026,-0.03281556924448267,-0.03133600654308624,0.04582294739663592
5.86,0.3448462304191371,-0.090390209933352,0.5536890910651057,0.6588644898540759,0.8160061626516895,0.9284943667316381,-0.062225996804898154,-0.046067857990168805,0.11516221781409942,-0.03291890360376998,-0.03134465012884929,0.04572843660373277
5.87,0.34458066310588115,-0.09032632195079315,0.5539359005110966,0.6582405822204206,0.8155439167172723,0.9296482737174491,-0.06255570190756975,-0.04638134035594935,0.11561901662793145,-0.03302209239177459,-0.03135152752315789,0.04563080415345735
5.88,0.34431327776720044,-0.09026225778282071,0.5541830318288332,0.6576133723787669,0.8150785356449352,0.9308067437574883,-0.06288643815641276,-0.04669488260776227,0.11607482342231344,-0.03312513228330727,-0.03135662505626134,0.045530029246334716
5.89,0.34404406839250246,-0.09019801800763577,0.5544304812311713,0.6569828500251536,0.8146100189250385,0.9319697667740915,-0.06321820404580941,-0.0470084668786087,0.11652960666863982,-0.03322801994668416,-0.0313599290493127,0.04542609107343076
5.9,0.3437730289992057,-0.09013360320596736,0.5546782448984399,0.6563490048708418,0.8141383662272971,0.9331373323732682,-0.06355099803679302,-0.04732207516465756,0.11698333463017124,-0.03333075204381673,-0.03136142581478992,0.04531896881701093
5.91,0.3435001536331879,-0.09006901396082606,0.5549263189782936,0.6557118266426499,0.8136635774021486,0.934309429842619,-0.06388481855698429,-0.04763568932516087,0.11743597536194958,-0.033433325230301784,-0.031361101656918015,0.04520864165120041
5.92,0.34322543636923275,-0.09000425085725205,0.5551746995855652,0.6550713050832871,0.8131856524821229,0.9354860481492536,-0.06421966400052881,-0.047949291082373544,0.11788749671072019,-0.033535736155511954,-0.03135894287209245,0.04509508874264631
5.93,0.34294887131147883,-0.08993931448205889,0.5554233828021188,0.6544274299516891,0.812704591683213,0.9366671759377078,-0.06455553272803509,-0.04826286202147696,0.11833786631486018,-0.033637981462686393,-0.031354935749303814,0.044978289251181816
5.94,0.342670452593866,-0.08987420542356972,0.5556723646767007,0.6537801910233528,0.812220395406245,0.9378528015278583,-0.06489242306651373,-0.04857638359050717,0.1187870516043137,-0.03374005778902163,-0.03134906657056342,0.04485822233049169
5.95,0.34239017438058567,-0.08980892427134946,0.5559216412247918,0.653129578090674,0.8117330642382516,0.9390429129128399,-0.06523033330931753,-0.04888983710028727,0.11923501980053383,-0.033841961765762985,-0.031341321611330394,0.04473486712878004
5.96,0.3421080308665274,-0.08974347161593121,0.5561712084284584,0.6524755809632828,0.8112425989538431,0.9402374977569578,-0.06556926171608228,-0.04920320372436389,0.119681737916431,-0.03394369001829596,-0.031331687140939646,0.04460820278943958
5.97,0.34182401627772796,-0.08967784804853624,0.5564210622362032,0.6518181894683824,0.8107490005165807,0.9414365433936048,-0.06590920651266875,-0.04951646449894824,0.12012717275632837,-0.034045239166238125,-0.031320149423031,0.04447820845172262
5.98,0.34153812487181934,-0.08961205416078916,0.5566711985628171,0.6511573934510861,0.8102522700803511,0.9426400368231733,-0.06625016589110551,-0.049829600322861246,0.1205712909159238,-0.034146605823531115,-0.03130669471597959,0.04434486325141383
5.99,0.3412503509384773,-0.08954609054442597,0.5569216132892283,0.6504931827747565,0.8097524089907392,0.9438479647109691,-0.06659213800953238,-0.050142591957483,0.12101405878225825,-0.034247786598533,-0.031291309273327246,0.044208146321504736
6.0,0.3409606887998681,-0.08947995779099943,0.5571723022623525,0.6498255473213446,0.8092494187864041,0.9450603133851252,-0.06693512099214535,-0.05045542002670669,0.12145544253369162,-0.034348778094110834,-0.031273979344214865,0.04406803679286972
6.01,0.34066913281109723,-0.08941365649157429,0.5574232612949437,0.6491544769917287,0.8087433012004532,0.9462770688345152,-0.06727911292914199,-0.05076806501689672,0.12189540813988474,-0.03444957690773363,-0.03125469117381617,0.04392451379494396
6.0200000000000005,0.3403756773606562,-0.08934718723642071,0.5576744861654431,0.6484799617060562,0.8082340581618183,0.9474982167066652,-0.06762411187666795,-0.051080507276851206,0.12233392136178844,-0.034550179631565286,-0.031233431003772176,0.04377755645640263
6.03,0.34008031687086937,-0.08928055061469892,0.5579259726178285,0.6478019914040829,0.807721691796631,0.9487237423056675,-0.06797011585676441,-0.05139272701776881,0.12277094775163937,-0.034650582852558155,-0.031210185072627024,0.04362714390584213
6.04,0.3397830457983403,-0.08921374721414055,0.5581777163614629,0.6471205560455154,0.8072062044295993,0.9499536305900929,-0.06831712285731634,-0.05170470431321995,0.12320645265296243,-0.034750783152546504,-0.031184939616264538,0.04347325527246247
6.05,0.33948385864125447,-0.0891467776557347,0.558429713104371,0.6464356456370681,0.8066875984754192,0.9511878664142043,-0.068665121943334,-0.05201645568558762,0.12364048214976683,-0.034848803433519565,-0.031165804671184717,0.0433338439629085
6.0600000000000005,0.3391827499698918,-0.08907964274773328,0.5586819587001646,0.645747250350316,0.8061658759564677,0.9524264355960446,-0.0690140980208923,-0.052328014497089376,0.12407311968086783,-0.034946371669905274,-0.031145639878409195,0.04319312120947865
6.07,0.3388797144028441,-0.08901234336331798,0.5589344490308547,0.6450553604284326,0.8056410388894704,0.9536693240628727,-0.06936404856255607,-0.05263936210637496,0.12450433372084628,-0.03504369565331271,-0.03112356205133161,0.04304914252309109
6.08,0.33857474659523346,-0.08894488037817577,0.5591871799473079,0.6443599661390491,0.8051130894823186,0.9549165174166598,-0.06971497110774844,-0.0529504793178007,0.12493409161391775,-0.035140771773536826,-0.031099558129641224,0.042901888613254564
6.09,0.33826784123915077,-0.08887725467015317,0.5594401472690795,0.643661057774584,0.8045820301355135,0.9561680009318538,-0.0700668631597674,-0.053261346805115524,0.12536236051140906,-0.03523759641579825,-0.031073615052269916,0.042751340192863016
6.1000000000000005,0.33795899306410304,-0.08880946711895144,0.5596933467842848,0.6429586256526032,0.8040478634434717,0.9574237595534524,-0.07041972218574084,-0.0535719451114558,0.12578910737179572,-0.03533416596084428,-0.03104571975781091,0.04259747797883428
6.11,0.33764819683745734,-0.08874151860581253,0.5599467742494739,0.6422526601161823,0.8035105921958313,0.9586837778950732,-0.070773545616582,-0.05388225464934368,0.126214298960745,-0.03543047678504986,-0.031015859184938314,0.04244028269275005
6.12,0.3373354473648867,-0.08867341001320123,0.5602004253895037,0.6415431515342693,0.8029702193787588,0.9599480402370268,-0.07112833084694652,-0.054192255700690334,0.1266379018511662,-0.035526525260519214,-0.030984020272827657,0.04227973506149723
6.13,0.33702073949081307,-0.08860514222448157,0.5604542958974101,0.6408300903020465,0.8024267481762538,0.96121653052439,-0.07148407523519013,-0.05450192841680292,0.12705988242326638,-0.035622307755187266,-0.03095018996157718,0.042115815817910504
6.140000000000001,0.33670406809885045,-0.08853671612358532,0.5607083814342815,0.640113466841295,0.8018801819714566,0.9624892323650779,-0.07184077610332759,-0.05481125281839602,0.12748020686461387,-0.03571782063292174,-0.030914355192630187,0.04194850570141636
6.15,0.33638542811224637,-0.08846813259467623,0.5609626776291295,0.6393932716007574,0.8013305243479526,0.9637661290279179,-0.07219843073699224,-0.05512020879560702,0.12789884117020642,-0.035813060253625004,-0.030876502909197884,0.04177778545867808
6.16,0.33606481449432235,-0.08839939252180651,0.5612171800787628,0.638669495056502,0.8007777790910793,0.9650472034407258,-0.07255703638539719,-0.05542877610801608,0.12831575114254748,-0.035908022973336715,-0.030836620056683528,0.04160363584424236
6.17,0.33574222224891326,-0.08833049678856902,0.5614718843476564,0.6379421277122872,0.8002219501892305,0.9663324381883795,-0.07291659026129699,-0.05573693438467012,0.12873090239172816,-0.03600270514433608,-0.03079469358310693,0.041426037621186684
6.18,0.3354176464208043,-0.08826144627774163,0.5617267859678248,0.6372111600999262,0.799663041835162,0.967621815510897,-0.07327708954095066,-0.05604466312411115,0.12914426033551557,-0.03609710311524493,-0.030750710439530086,0.04124497156176834
6.19,0.3350910820961687,-0.08819224187092634,0.5619818804386933,0.6364765827796525,0.7991010584272975,0.9689153173015118,-0.07363853136408555,-0.05635194169440874,0.12955579019944813,-0.03619121323113052,-0.03070465758048353,0.041060418448074384
6.2,0.3347625244030016,-0.08812288444818173,0.562237163226968,0.6357383863404849,0.7985360045710311,0.9702129251047524,-0.0740009128338623,-0.056658749333196874,0.12996545701693682,-0.03628503183360889,-0.03065652196439332,0.0408723590726728
6.21,0.334431968511554,-0.08805337488765003,0.5624926297665068,0.6349965614005939,0.7979678850800334,0.9715146201145216,-0.07436423101684095,-0.0569650651477151,0.1303732256293736,-0.03637855526094829,-0.030606290554008996,0.040680774239264736
6.22,0.3340994096347635,-0.08798371406517613,0.5627482754581906,0.6342510986076669,0.7973967049775537,0.972820383172176,-0.07472848294294789,-0.05727086811485384,0.13077906068624565,-0.03647177984817282,-0.030553950316832185,0.04048564476333808
6.23,0.33376484302868514,-0.08791390285392242,0.5630040956697929,0.6335019886392762,0.7968224694977244,0.9741301947646083,-0.07509366560544396,-0.05757613708120408,0.13118292664525688,-0.03656470192716636,-0.030499488225546,0.04028695147282195
6.24,0.33342826399291864,-0.08784394212397645,0.5632600857358507,0.632749222203244,0.7962451840868632,0.9754440350223298,-0.07545977596089362,-0.057880850763111384,0.13158478777245539,-0.036657317826776566,-0.03044289125844507,0.04008467520874218
6.25,0.3330896678710346,-0.08777383274195061,0.5635162409575335,0.6319927900380116,0.7956648544047753,0.9767618837175543,-0.07582681092913493,-0.05818498774673401,0.13198460814236757,-0.036749623872919246,-0.030384146399866474,0.039878796825878284
6.26,0.33274905005099814,-0.08770357557057867,0.5637725566025135,0.6312326829130045,0.7950814863260549,0.9780837202622845,-0.076194767393251,-0.05848852648810569,0.13238235163813925,-0.03684161638868278,-0.030323240640621134,0.03966929719342082
6.2700000000000005,0.332406405965591,-0.08763317146830385,0.5640290279048356,0.6304688916290018,0.7944950859413863,0.9794095237063978,-0.07656364219954218,-0.05879144531320246,0.13277798195168314,-0.03693329169443291,-0.030260160978426168,0.03945615719563051
6.28,0.3320617310928311,-0.08756262128886017,0.5642856500647851,0.629701407018504,0.7939056595588441,0.9807392727357349,-0.07693343215749908,-0.05909372241801372,0.13317146258383228,-0.03702464610791743,-0.03019489441833769,0.03923935773249773
6.29,0.3317150209563892,-0.08749192588084953,0.5645424182487583,0.6289302199461,0.7933132137051924,0.9820729456701905,-0.0773041340397773,-0.059395335868618046,0.13356275684450125,-0.0371156759443715,-0.030127427973184434,0.03901887972040341
6.3,0.33136627112600414,-0.08742108608730925,0.564799327589131,0.6281553213088372,0.7927177551271838,0.983410520461805,-0.07767574458217277,-0.05969626360126303,0.1339518278528533,-0.03720637751662276,-0.030057748664001918,0.03879470409278054
6.3100000000000005,0.33101547721789437,-0.08735010274527694,0.5650563731841262,0.6273767020365891,0.7921192907928576,0.9847519746928562,-0.07804826048359778,-0.059996483422449266,0.1343386385374736,-0.03729674713519675,-0.02998584352046737,0.03856681180077712
6.32,0.33066263489516845,-0.08727897668534523,0.5653135500976834,0.6265943530924244,0.7915178278928358,0.986097285573957,-0.07842167840605911,-0.06029597300901934,0.13472315163655052,-0.03738678110842265,-0.029911699581335126,0.03833518381391938
6.33,0.3303077398682308,-0.08720770873121247,0.5655708533593267,0.6258082654729766,0.7909133738416206,0.98744642994215,-0.0787959949746361,-0.06059470990825044,0.1351053296980622,-0.03747647574253904,-0.029835303894872822,0.03809980112077654
6.34,0.3299507878951865,-0.08713629969922643,0.5658282779640321,0.6250184302088135,0.7903059362788881,0.9887993842590073,-0.07917120677746055,-0.06089267153795191,0.1354851350799704,-0.03756582734179989,-0.029756643519298038,0.037860644729626
6.3500000000000005,0.32959177478224166,-0.087064750397921,0.5660858188720967,0.6242248383648054,0.7896955230707842,0.9901561246087324,-0.07954731036569736,-0.06118983518656682,0.1358625299504211,-0.03765483220858072,-0.02967570552321553,0.03761769566911949
6.36,0.32923069638410163,-0.08699306162754672,0.5663434710090045,0.6234274810404966,0.7890821423112155,0.9915166266962605,-0.07992430225352612,-0.061486178013278055,0.13623747628795155,-0.037743486643484966,-0.02959247698605527,0.037370934988950485
6.37,0.32886754861261075,-0.08692123423416637,0.5666012293175969,0.6226263494071865,0.7884658021532164,0.9928808662215406,-0.0803021673339036,-0.061781730668030055,0.13661005458197728,-0.03782934752891652,-0.02951823633214795,0.03714533978083549
6.38,0.32850232746715546,-0.08684926930899656,0.5668590889490374,0.6218214348423885,0.7878465101895763,0.9942488202516215,-0.08068088787028482,-0.0620765356715669,0.13698037169719288,-0.037914694218452116,-0.029442403075743504,0.03691749729895628
6.390000000000001,0.32813502900818636,-0.0867771680123976,0.5671170450936401,0.6210127288114611,0.787224274003744,0.9956204660020624,-0.08106045990124933,-0.062370571483344135,0.13734839278001504,-0.03799964580093822,-0.029364395959475174,0.03668613043537098
6.4,0.32776564934663954,-0.08670493150117531,0.5673750929113813,0.6202002228192787,0.7865991013965324,0.9969957803360334,-0.08144087945638567,-0.06266381630415994,0.13771408250065936,-0.03808419840801547,-0.02928420286466858,0.03645122200023713
6.41,0.3273941846443265,-0.08663256092812993,0.5676332275317877,0.6193839084106123,0.7859710003873517,0.9983747397625488,-0.08182214252659378,-0.06295624821368526,0.1380774053575527,-0.0381683481703165,-0.02920181168460661,0.036212754825742814
6.42,0.32702063111432383,-0.08656005744160511,0.567891444053831,0.6185637771705182,0.7853399792154208,0.9997573204347474,-0.08220424506407527,-0.0632478451705853,0.13843832567755648,-0.03825209121757929,-0.02911721032494377,0.0359707117667191
6.43,0.3266449850213575,-0.08648742218503186,0.5681497375458244,0.617739820724724,0.7847060463409761,1.0011434981481808,-0.08258718298232516,-0.06353858501264545,0.13879680761619628,-0.03833542367876033,-0.02903038670412035,0.035725075701252086
6.44,0.32626724268218493,-0.086414656296465,0.5684081030453167,0.6169120307400154,0.7840692104464804,1.0025332483391007,-0.08297095215612463,-0.0638284454569012,0.13915281515789726,-0.03841834168214811,-0.028941328753777414,0.035475829531296126
6.45,0.325887400465974,-0.08634176090811319,0.568666535558986,0.6160803989246252,0.7834294804378292,1.0039265460827467,-0.08335554842153464,-0.0641174040997719,0.13950631211622594,-0.03850084135547664,-0.02885002441917215,0.035222956183287656
6.46,0.32550545479467646,-0.0862687371458628,0.5689250300625355,0.6152449170286175,0.7827868654455564,1.0053233660916425,-0.08374096757589158,-0.06440543841719973,0.13985726213413838,-0.038582918826039314,-0.028756461659593526,0.03496643860875914
6.47,0.32512140214340063,-0.08619558612879558,0.5691835815005872,0.6144055768442779,0.7821413748260382,1.0067236827138888,-0.08412720537780276,-0.06469252576479133,0.1402056286842339,-0.03866457022080269,-0.028660628448778452,0.034706259784954244
6.48,0.3247352390407775,-0.08612230896869866,0.5694421847865763,0.613562370206499,0.7814930181626953,1.0081274699314617,-0.0845142575471442,-0.06497864337796484,0.1405513750690155,-0.038745791666520576,-0.028562512775328328,0.034442402715443035
6.49,0.3243469620693249,-0.08604890676957044,0.5697008348026443,0.6127152889931686,0.7808418052671955,1.0095347013585128,-0.08490211976505858,-0.06526376837210032,0.14089446442115575,-0.03882657928984805,-0.028462102643125917,0.03417485043073803
6.5,0.32395656786580673,-0.08597538062711652,0.5699595263995334,0.611864325125557,0.7801877461806519,1.0109453502396717,-0.08529078767395537,-0.06554787774269498,0.14123485970376998,-0.03890692921745591,-0.028359386071752653,0.03390358598891046
6.51,0.3235640531215874,-0.08590173162824344,0.5702182543964803,0.6110094705687031,0.779530851174821,1.0123593894483542,-0.08568025687751121,-0.06583094836552192,0.14157252371069445,-0.038986837576145,-0.028254351096906195,0.03362859247620724
6.5200000000000005,0.32316941458298454,-0.08582796085054217,0.5704770135811091,0.6101507173318037,0.7788711307533,1.0137767914850684,-0.086070522940672,-0.06611295699679375,0.1419074190667714,-0.039066300492960795,-0.02814698577081844,0.03334985300766835
6.53,0.3227726490516142,-0.08575406936176688,0.5707357987093241,0.6092880574685993,0.7782085956527208,1.0151975284757264,-0.08646158138965555,-0.06639388027332957,0.14223950822813994,-0.03914531409530798,-0.02803727816267383,0.033067350727744756
6.54,0.32237375338473395,-0.08568005821930813,0.5709946045052038,0.6084214830777619,0.7775432568439439,1.0166215721699599,-0.08685342771195616,-0.06667369471272692,0.14256875348253328,-0.03922387451106531,-0.027925216359027935,0.03278106881091657
6.55,0.32197272449558056,-0.08560592846965798,0.5712534256608928,0.6075509863032822,0.7768751255332484,1.0180488939394379,-0.08724605735634969,-0.06695237671353757,0.14289511694958218,-0.03930197786870047,-0.02781078846422632,0.03249099046231167
6.5600000000000005,0.32156955935370274,-0.08553168114786958,0.5715122568364948,0.6066765593348568,0.7762042131635231,1.0194794647761851,-0.08763946573290024,-0.06722990255544739,0.14321856058112467,-0.039379620297385134,-0.027693982600823824,0.03219709891832491
6.57,0.3211642549852898,-0.08545731727700939,0.5717710926599652,0.6057981944082748,0.7755305314154527,1.0209132552909084,-0.08803364821296744,-0.06750624839946054,0.14353904616152138,-0.03945679792711003,-0.02757478691000398,0.03189937744723753
6.58,0.3207568084734953,-0.08538283786760564,0.5720299277270028,0.6049158838058059,0.7748540922087053,1.022350235711321,-0.0884286001292155,-0.067781390288088,0.14385653530797798,-0.039533506888800155,-0.02745318955199879,0.03159780934983687
6.59,0.32034721695875457,-0.08530824391708675,0.572288756600943,0.6040296198565858,0.7741749077031151,1.0237903758804747,-0.08882431677562311,-0.06805530414554002,0.14417098947087306,-0.03960974331443019,-0.02732917870650866,0.03129237796003658
6.6000000000000005,0.3199354776390992,-0.08523353640921633,0.5725475738126474,0.6031393949370041,0.7734929902998648,1.0252336452550914,-0.08922079340749427,-0.06832796577792295,0.14448236993409247,-0.03968550333713981,-0.027202742573122725,0.030983066645497107
6.61,0.3195215877704646,-0.0851587163135204,0.5728063738603986,0.6022452014710913,0.7728083526426663,1.0266800129039015,-0.08961802524147074,-0.06859935087344017,0.14479063781537005,-0.03976078309134932,-0.027073869371739258,0.0306698588082465
6.62,0.3191055446669919,-0.08508378458470911,0.5730651512097894,0.6013470319309033,0.7721210076189375,1.028129447505984,-0.09001600745554549,-0.06886943500259748,0.14509575406663447,-0.03983557871287515,-0.026942547342986276,0.03035273788530117
6.63,0.31868734570132773,-0.08500874216209109,0.5733239002936145,0.600444878836911,0.7714309683609791,1.0295819173491076,-0.09041473518907689,-0.0691381936184122,0.14539767947436183,-0.03990988633904566,-0.026808764748642522,0.030031687349287572
6.640000000000001,0.318266988304913,-0.08493358996898359,0.5735826155117616,0.5995387347583837,0.7707382482471483,1.031037390328082,-0.09081420354280484,-0.06940560205662707,0.1456963746599354,-0.03998370210881694,-0.026672509872058523,0.029706690709063552
6.65,0.31784446996827104,-0.08485832891211387,0.5738412912311038,0.5986285923137762,0.77004286090303,1.0324958339431063,-0.09121440757886735,-0.0696716355359279,0.14599180008001061,-0.04005702216288857,-0.02653377101857768,0.029377731510340028
6.66,0.3174197882412927,-0.08478295988105716,0.5740999217854283,0.5977144441711416,0.7693448202024843,1.0339572152984016,-0.0916153422255374,-0.06993626960909247,0.1462839170503223,-0.0401296090046359,-0.026393642234480597,0.029047302903979836
6.67,0.31699294074733597,-0.08470748384419996,0.5743585015699196,0.5967962831089494,0.7686441399828048,1.0354215017497037,-0.09201698593666874,-0.07019955749645539,0.14657286326360303,-0.04019904319833349,-0.0262635438219433,0.02874133476755327
6.68,0.31656392521325155,-0.08463190205739263,0.5746170252453716,0.5958741021469551,0.7679408334283592,1.0368886623041718,-0.09241932128236885,-0.07046153263901656,0.14685873162143087,-0.04026793525155217,-0.026131091455706426,0.028431729359582946
6.69,0.3161327394350668,-0.0845562158238175,0.5748754875025122,0.594947894395987,0.7672349137844752,1.0383586660011428,-0.09282234282123215,-0.07072217144272328,0.14714148567753546,-0.04033628116457366,-0.0259962742363386,0.02811847197504704
6.7,0.31569938126981256,-0.08448042643465054,0.5751338830042457,0.594017653021487,0.7665263945329652,1.0398314815147558,-0.09322604507186921,-0.07098145020464026,0.14742108883877622,-0.040404076940362285,-0.025859081286812885,0.02780154794503718
6.71,0.31526384863579204,-0.08440453516848484,0.5753922063855734,0.5930833712439103,0.7658152893932149,1.0413070771524862,-0.0936304225129342,-0.07123934511317567,0.14769750436550638,-0.04047131858468683,-0.025719501752902302,0.02748094263732092
6.72,0.3148261395128467,-0.08432854329075046,0.5756504522535113,0.5921450423391266,0.7651016123232678,1.042785420853681,-0.0940354695831534,-0.07149583224831096,0.14797069537194274,-0.040538002106242664,-0.02557752480357559,0.02715664145690464
6.73,0.3143862519426115,-0.08425245205312493,0.5759086151870098,0.5912026596388164,0.7643853775209086,1.0442664801881019,-0.09444118068135532,-0.07175088758183502,0.14824062482654063,-0.04060412351677353,-0.025433139631392532,0.026828629846595717
6.74,0.31394418402876767,-0.0841762626929412,0.5761666897368718,0.5902562165308718,0.7636665994247449,1.0457502223544657,-0.0948475501665015,-0.07200448697758176,0.14850725555237462,-0.04066967883119381,-0.02528633545290003,0.026496893287565822
6.75,0.313499933937289,-0.08409997643258793,0.5764246704256707,0.589305706459795,0.762945292715284,1.0472366141789964,-0.0952545723577191,-0.0722566061916723,0.14877055022752544,-0.04073466406771058,-0.025137101509027617,0.026161417299913264
6.76,0.31305349989668024,-0.08402359447890256,0.5766825517476692,0.5883511229270952,0.7622214723160098,1.0487256221139747,-0.09566224153433436,-0.07250722087276061,0.14903047138547168,-0.04079907524794575,-0.024985427065483352,0.025822187443225862
6.7700000000000005,0.3126048801982103,-0.08394711802256088,0.5769403281687367,0.5873924594916873,0.7614951533944554,1.0502172122362954,-0.0960705519359072,-0.07275630656228317,0.1492869814154874,-0.04086290839705829,-0.02483130141314957,0.025479189317143755
6.78,0.31215407319613964,-0.08387054823745921,0.5771979941262666,0.5864297097702899,0.7607663513632758,1.0517113502460256,-0.09647949776226743,-0.07300383869471293,0.14954004256304612,-0.04092615954386659,-0.02467471386847894,0.02513240856192227
6.79,0.3117010773079397,-0.08379388628009116,0.5774555440290946,0.5854628674378213,0.7600350818813137,1.0532080014649707,-0.09688907317355175,-0.07324979259781675,0.1497896169302289,-0.04098882472097054,-0.02451565377388995,0.02478183085899435
6.8,0.31124589101450606,-0.08371713328891806,0.577712972257416,0.5844919262277964,0.7593013608546677,1.0547071308352418,-0.09729927229024236,-0.07349414349291727,0.15003566647613953,-0.04105089996487405,-0.024354110498162967,0.02442744193153336
6.8100000000000005,0.31078851286036513,-0.08364029038373505,0.5779702731627018,0.5835168799327244,0.7585652044377532,1.056208702917827,-0.09771008919320658,-0.07373686649515836,0.15027815301732464,-0.04111238131610731,-0.02419007343683592,0.0240692275450156
6.82,0.3103289414538743,-0.08356335866502862,0.5782274410676163,0.5825377224045027,0.7578266290343648,1.0577126818911695,-0.0981215179237374,-0.07397793661377457,0.15051703822819928,-0.0411732648193491,-0.024023532012600136,0.023707173507783
6.83,0.30986717546741377,-0.08348633921333232,0.5784844702659344,0.5815544475548142,0.7570856512987328,1.0592190315497478,-0.0985335524835962,-0.07421732875236499,0.15075228364147888,-0.04123354652354934,-0.023854475675695923,0.023341265671605077
6.84,0.30940321363757267,-0.08340923308857329,0.5787413550224565,0.5805670493555212,0.7563422881365784,1.0607277153026609,-0.0989461868350556,-0.07445501770917042,0.1509838506486159,-0.04129322248205142,-0.023682893904308267,0.0229714899322415
6.8500000000000005,0.3089370547653273,-0.08333204132941563,0.5789980895729265,0.5795755218390606,0.7555965567061664,1.0622386961722179,-0.09935941490094395,-0.07469097817735479,0.15121170050024246,-0.041352288752714544,-0.023508776204962452,0.02259783223000422
6.86,0.3084686977162115,-0.08325476495259637,0.579254668123946,0.5785798590988384,0.7548484744193539,1.0637519367925306,-0.09977323056469155,-0.07492518474529077,0.15143579430661938,-0.04141074139803639,-0.023332112112919443,0.022220278550319168
6.87,0.30799814142048054,-0.08317740495225806,0.5795110848528923,0.5775800552896225,0.7540980589426369,1.0652673994081159,-0.10018762767037721,-0.0751576118968489,0.15165609303808927,-0.04146857648527533,-0.02315289119257127,0.021838814924288144
6.88,0.307525384873267,-0.08309996229927419,0.579767333907832,0.5765761046279373,0.7533453281981944,1.0667850458724946,-0.10060260002277671,-0.07538823401169091,0.15187255752553658,-0.04152579008657302,-0.0229711030378364,0.0214534274292505
6.890000000000001,0.30705042713472896,-0.08302243794056924,0.5800234094074381,0.5755680013924553,0.7525903003649282,1.0683048376468014,-0.10101814138741208,-0.07561702536556708,0.15208514846085278,-0.041582378279076834,-0.0227867372725548,0.02106410218934436
6.9,0.3065732673301895,-0.08294483279843556,0.5802793054409039,0.5745557399243896,0.751832993879501,1.0698267357983977,-0.10143424549060259,-0.07584396013061731,0.15229382639740693,-0.041638337145062265,-0.022599783550882848,0.02067082537606757
6.91,0.306093904650271,-0.08286714776984244,0.5805350160678584,0.5735393146278865,0.751073427437371,1.0713507009994867,-0.10185090601951613,-0.07606901237567622,0.15249855175052227,-0.041693662772055426,-0.02241023155768848,0.02027358320883909
6.92,0.3056123383510174,-0.08278938372574124,0.5807905353182825,0.5725187199704156,0.7503116199938233,1.0728766935257377,-0.10226811662222277,-0.0762921560665824,0.1526992847979581,-0.04174835125295545,-0.022218071008945614,0.019872361955559102
6.93,0.305128567754012,-0.08271154151036592,0.5810458571924206,0.5714939504831618,0.7495475907649981,1.0744046732549108,-0.10268587090774889,-0.07651336506649133,0.15289598568039753,-0.04180239868615695,-0.022023291652128872,0.019467147933169584
6.94,0.3046425922464846,-0.08263362194052754,0.5813009756606983,0.5704650007614135,0.7487813592289161,1.075934599665491,-0.10310416244613296,-0.07673261313619235,0.15308861440194066,-0.04185580117567239,-0.02182588326660774,0.019057927508214174
6.95,0.3041544112911725,-0.0825556258712562,0.5815558847300479,0.5694318655044824,0.7480129449412987,1.077466432268721,-0.10352297178534345,-0.07694993476524788,0.1532772731830664,-0.04190570946368444,-0.021639167266187934,0.018675884876088143
6.96,0.3036640244674522,-0.08247755447486843,0.581810578723282,0.56839453968237,0.7472423667575082,1.0790001324303935,-0.10394227422849987,-0.07716538873342636,0.15346212118912958,-0.04195466419177915,-0.0214512114475094,0.018293107276380595
6.97,0.3031714314376871,-0.08239940901239823,0.5820650520497477,0.5673530183996038,0.7464696434733588,1.0805356618722903,-0.1043620627629844,-0.07737895067992004,0.15364312312732614,-0.04200292706171409,-0.021260761346476933,0.017906669297877837
6.98,0.3026766319310986,-0.08232119072286537,0.5823192990948935,0.5663072968299301,0.7456947941339391,1.0820729819505144,-0.10478233045019911,-0.07759059561447562,0.15382024233380043,-0.0420504940713403,-0.02106780748240511,0.017516558934923855
6.99,0.30217962574385426,-0.08224290082254238,0.5825733142201562,0.5652573702166813,0.7449178380347148,1.0836120536539287,-0.10520307031155793,-0.07780029845219112,0.15399344202487655,-0.04209736122520407,-0.020872340406290272,0.0171227642291536
7.0,0.3016804127391553,-0.0821645405042764,0.5828270917629019,0.5642032338731757,0.7441387947224718,1.0851528376029638,-0.1056242753285544,-0.07800803401383448,0.15416268529753346,-0.04214352453467433,-0.02067435070117927,0.01672527326999414
7.01,0.3011789928473157,-0.08208611093679968,0.5830806260363675,0.5631448831831151,0.7433576839962589,1.0866952940484245,-0.10604593844283038,-0.07821377702616596,0.15432793512988552,-0.04218898001806992,-0.020473828982537946,0.01632407419516539
7.0200000000000005,0.3006753660658341,-0.08200761326404254,0.583333911329601,0.562082313600984,0.7425745259083255,1.0882393828703059,-0.10646805255624613,-0.07841750212226399,0.15448915438166747,-0.04223372370078695,-0.02027076589861949,0.015919155191180753
7.03,0.30016953245945693,-0.08192904860443612,0.5835869419074015,0.561015520652448,0.7417893407650581,1.0897850635766089,-0.10689061053095172,-0.07861918384185505,0.15464630579472574,-0.04227775161542607,-0.020065152130832667,0.01551050449384739
7.04,0.2996614921602321,-0.08185041805021254,0.5838397120102613,0.5599444999347482,0.7410021491279108,1.0913322953021658,-0.10731360518945994,-0.07881879663164706,0.15479935199351297,-0.04232105980191962,-0.01985697839410917,0.015098110388765292
7.05,0.2991512453675551,-0.08177172266670174,0.584092215854304,0.5588692471170986,0.7402129718143342,1.0928810368074695,-0.10773702931472014,-0.07901631484566643,0.15494825548558927,-0.04236364430765886,-0.019646235437271366,0.014681961211826891
7.0600000000000005,0.29863879234820734,-0.08169296349162081,0.5843444476312256,0.5577897579410821,0.7394218298987009,1.0944312464775052,-0.10816087565019304,-0.07921171274559854,0.15509297866212665,-0.04240550118762086,-0.01943291404339937,0.014262045349715808
7.07,0.2981241334363828,-0.08161414153436225,0.5845964015082339,0.5567060282210431,0.7386287447132269,1.0959828823205906,-0.10858513689992794,-0.0794049645011327,0.15523348379842042,-0.04244662650449574,-0.01921700503019783,0.013838351240404822
7.08,0.29760726903370927,-0.08153525777527448,0.5848480716279871,0.5556180538444824,0.7378337378488893,1.0975359019672188,-0.10900980572864029,-0.07959604419030986,0.15536973305440419,-0.042487016328813486,-0.01899849925036236,0.013410867373653653
7.09,0.2970881996092589,-0.0814563131649425,0.5850994521085349,0.5545258307724509,0.7370368311563424,1.0990902626689074,-0.10943487476178985,-0.07978492579987408,0.15550168847516968,-0.04252666673907071,-0.01877738759194604,0.01297958229150693
7.1000000000000005,0.29656692569954934,-0.08137730862345965,0.5853505370432555,0.55342935503994,0.7362380467468278,1.1006459212970536,-0.1098603365856625,-0.0799715832256287,0.1556293119914931,-0.042565573821857716,-0.018553660978724736,0.012544484588789762
7.11,0.29604344790853576,-0.08129824503969818,0.585601320500795,0.5523286227562735,0.7354374069930817,1.1022028343417918,-0.11028618374745056,-0.08015599027279473,0.15575256542036459,-0.04260373367198493,-0.01832731037056292,0.012105562913604935
7.12,0.29551776690759624,-0.08121912327057634,0.585851796525008,0.5512236301054995,0.7346349345302404,1.103760957910861,-0.11071240875533624,-0.0803381206563738,0.15587141046552386,-0.04264114239260969,-0.01809832676377861,0.011662805967828104
7.13,0.2949898834355035,-0.08113994414031894,0.5861019591348923,0.550114373346778,0.7338306522567392,1.1053202477284723,-0.11113900407857555,-0.08051794800151454,0.15598580871800025,-0.04267779609536272,-0.017866701191508075,0.011216202507603024
7.140000000000001,0.2944597982983905,-0.08106070843971708,0.5863518023245301,0.5490008488147711,0.7330245833352096,1.106880659134187,-0.11156596214758376,-0.08069544584388258,0.15609572165665803,-0.04271369090047452,-0.017632424724070075,0.010765741343835934
7.15,0.2939275123697054,-0.08098141692538163,0.5866013200630247,0.5478830529200306,0.7322167511933724,1.108442147081796,-0.11199327535402176,-0.08087058763003405,0.15620111064874614,-0.04274882293690183,-0.017395488469329947,0.0103114113426898
7.16,0.2933930265901572,-0.08090207031899582,0.5868505062944381,0.546760982149385,0.731407179524927,1.1100046661382066,-0.11242093605088452,-0.08104334671779316,0.15630193695045397,-0.04278318834245384,-0.01715588357306287,0.009853201426077214
7.17,0.2928563419676509,-0.08082266930656173,0.5870993549377294,0.5456346330663259,0.7305958922904365,1.111568170482335,-0.11284893655258958,-0.08121369637663278,0.15639816170747042,-0.042816783263918246,-0.01691360121931703,0.00939110057215337
7.18,0.2923174595772139,-0.08074321453764466,0.5873478598866911,0.5445040023113931,0.7297829137182094,1.1131326139040045,-0.11327726913506785,-0.08138160978805917,0.1564897459555493,-0.04284960385718732,-0.016668632630776167,0.00892509781580799
7.19,0.2917763805609118,-0.08066370662461592,0.5875960150098877,0.5433690866025591,0.7289682683051771,1.1146979498028498,-0.11370592603585536,-0.0815470600460002,0.15657665062107912,-0.042881646287384,-0.01642096906912178,0.008455182249156642
7.2,0.29123310612775494,-0.08058414614188836,0.5878438141505908,0.5422298827356132,0.7281519808177689,1.1162641311872221,-0.11413489945418583,-0.08171002015719694,0.15665883652165766,-0.04291290672898747,-0.01617060183539488,0.007981343022031732
7.21,0.2906876375536604,-0.08050453362560578,0.5880912511271739,0.5410863875848002,0.7273340762915715,1.117831110675993,-0.11456418109242729,-0.08187046519313289,0.15673626950219238,-0.04294283674776554,-0.015920077037725463,0.007509667346325258
7.22,0.2901399762034818,-0.08042486972223395,0.5883383198833387,0.5399385981880562,0.7265145796341594,1.1193988414475544,-0.11499374231075621,-0.08202846538397025,0.1568091426415283,-0.04296926929002849,-0.015679533704558782,0.007064366026496221
7.23,0.28959012356331854,-0.08034515540687348,0.5885850147076203,0.5387865118712805,0.7256935150447815,1.1209672786259552,-0.11542356371916183,-0.08218404730530242,0.15687754491712663,-0.042994874112814024,-0.015436421796165757,0.006615493029752801
7.24,0.2890380811949479,-0.08026539167626279,0.5888313299240682,0.537630126074024,0.7248709068346959,1.122536377323816,-0.11585363702095837,-0.08233718523122552,0.15694144056523596,-0.04301964731970613,-0.0151907332886479,0.006163038968596154
7.25,0.2884838507276725,-0.0801855794938075,0.5890772598375307,0.5364694383189977,0.7240467795728193,1.124106092295654,-0.11628395388054878,-0.08248785335578988,0.1570007937285002,-0.043043585024802454,-0.014942460196780877,0.0057069945097522265
7.26,0.287927433858209,-0.08010571978884512,0.5893227987336187,0.535304446212464,0.7232211580865278,1.1256763779369454,-0.11671450592352973,-0.08263602579338825,0.15705556845650384,-0.043066683352843804,-0.014691594574352268,0.005247350374607766
7.2700000000000005,0.2873688323505629,-0.08002581345590731,0.5895679408786645,0.534135147444622,0.722394067462449,1.1272471882832005,-0.11714528473679928,-0.08278167657914773,0.15710572870632009,-0.04308893843934379,-0.0144381285144979,0.004784097339644005
7.28,0.2868080480358964,-0.07994586135397791,0.5898126805196853,0.5329615397899949,0.7215655330472546,1.1288184770090386,-0.11757628186866498,-0.08292477966932506,0.15715123834306438,-0.04311034643071805,-0.01418205415003807,0.004317226236870333
7.29,0.28624508281238636,-0.07986586430575021,0.5900570118843445,0.5317836211078162,0.7207355804484464,1.1303901974272739,-0.1180074888289535,-0.08306530894170482,0.1571920611404518,-0.043130903484413514,-0.013923363653813359,0.0038467279542575214
7.3,0.28567993864506996,-0.07978582309688081,0.590300929180912,0.5306013893424122,0.7199042355351389,1.1319623024880026,-0.11843889708912173,-0.08320323819600157,0.15722816078135843,-0.043150605769037405,-0.013662049239019465,0.0033725934361693473
7.3100000000000005,0.2851126175656847,-0.07970573847523982,0.5905444265982261,0.529414842523586,0.719071524438838,1.1335347447776982,-0.11887049808236907,-0.08333854115426505,0.15725950085838786,-0.043169449464486156,-0.013398103159541881,0.002894813683794153
7.32,0.2845431216724943,-0.07962561115016037,0.5907874983056539,0.528223978767,0.7182374735542159,1.1351074765183105,-0.11930228320375065,-0.08347119146128856,0.1572860448744417,-0.04318743076207411,-0.013131517710290029,0.002413379755575762
7.33,0.28397145313010647,-0.07954544179168566,0.5910301384530523,0.5270287962745561,0.7174021095398813,1.136680449566373,-0.11973424381029259,-0.08360116268502117,0.15730775624329388,-0.04320454586466206,-0.012862285227530433,0.0019282827676426993
7.34,0.2833976141692812,-0.07946523102981234,0.5912723411707291,0.5258292933347758,0.7165654593191463,1.1382536154121128,-0.12016637122110764,-0.08372842831698264,0.15732459829016976,-0.04322079098678563,-0.01259039808921976,0.0014395138942377324
7.3500000000000005,0.28282160708672716,-0.07938497945373418,0.5915141005694027,0.5246254683231778,0.7157275500807874,1.1398269251785702,-0.12059865671751321,-0.08385296177268228,0.15733653425232974,-0.043236162354783496,-0.012315848715336895,0.000947064368145567
7.36,0.2822434342448893,-0.0793046876110815,0.591755410740163,0.5234173197026573,0.7148884092798053,1.1414003296207194,-0.1210310915431492,-0.08397473639204055,0.1573435272796564,-0.043250656206925406,-0.012038629568214897,0.00045092548112087363
7.37,0.2816630980717252,-0.07922435600716077,0.5919962657544321,0.5222048460238597,0.714048064638177,1.1429737791246004,-0.12146366690409861,-0.08409372543981443,0.15734554043524634,-0.04326426879353993,-0.011758733152871705,-4.8911415685824744e-05
7.38,0.2810806010604716,-0.0791439851041914,0.5922366596639234,0.520988045925558,0.713206544145606,1.1445472237064511,-0.12189637396900851,-0.08420990210602584,0.15734253669600656,-0.04327699637714226,-0.011476152017340781,-0.000552454911302052
7.390000000000001,0.2804959457694003,-0.07906357532054198,0.5924765865006029,0.5197669181350244,0.7123638760602677,1.1461206130118515,-0.12232920386921282,-0.0843232395063937,0.15733447895325492,-0.043288835232561655,-0.011190878753000837,-0.001059713534508861
7.4,0.27990913482156377,-0.07898312702996335,0.592716040276648,0.5185414614684049,0.71152008890955,1.1476938963148682,-0.12276214769885536,-0.08443371068276849,0.157321330013324,-0.04329978164706855,-0.010902905994905135,-0.0015706957534163367
7.41,0.27932017090452943,-0.07890264056082302,0.5929550149844096,0.5173116748310883,0.7106752114907896,1.1492670225172097,-0.12319519651501579,-0.08454128860357117,0.15730305259817062,-0.04330983192050179,-0.010612226422109709,-0.002085409975041329
7.42,0.2787290567701049,-0.07882211619533613,0.593193504596369,0.5160775572180781,0.7098292728720043,1.1508399401473843,-0.12362834133783548,-0.08464594616423467,0.15727960934598886,-0.04331898236539558,-0.010318832758001533,-0.0026038645448846418
7.43,0.27813579523405113,-0.07874155416879658,0.5934315030651005,0.5148391077143608,0.7089823023926209,1.1524125973598656,-0.124061573150645,-0.08474765618764864,0.1572509628118267,-0.04332722930710587,-0.010022717770625477,-0.0031260677465101312
7.44,0.27754038917578466,-0.07866095466880751,0.5936690043232292,0.5135963254952722,0.7081343296641981,1.1539849419342652,-0.12449488290009324,-0.084846391424608,0.15721707546820834,-0.04333456908393707,-0.00972387427301093,-0.0036520278011243183
7.45,0.2769428415380713,-0.07858031783451058,0.5939060022833924,0.5123492098268657,0.7072853845711452,1.1555569212745094,-0.12492826149627728,-0.08494212455426414,0.1571779097057592,-0.043340998047268264,-0.009422295123497659,-0.004181752867156871
7.46,0.2763431553267059,-0.07849964375581436,0.5941424908381977,0.5110977600662747,0.7064354972714363,1.1571284824080246,-0.12536169981287404,-0.08503482818457979,0.15713342783383596,-0.04334651256167911,-0.009117973226060628,-0.004715251039842688
7.47,0.27574133361362624,-0.0784189324978804,0.5943784638849292,0.5098419756755785,0.7055846981307329,1.1586995721424653,-0.12579518224785272,-0.08512450661353128,0.15708366722492198,-0.04334906027605743,-0.008821006347425553,-0.005228623041541584
7.48,0.2751373795793733,-0.0783381844139514,0.5946139156323952,0.508581856389558,0.70473301689746,1.160270139018298,-0.12622867561098283,-0.08521125063967377,0.1570288699922429,-0.04334945304575011,-0.008527365422258865,-0.005731392763923943
7.49,0.27453129650044383,-0.078257400052828,0.5948488405097409,0.5073174021662133,0.7038804829493451,1.1618401327263619,-0.12666216811655165,-0.08529504524195297,0.15696902797282566,-0.04334888815108556,-0.008231120491508755,-0.006237581529734148
7.5,0.27392308771721546,-0.07817657992464128,0.5950832329372595,0.5060486130620647,0.703027125910935,1.1634095026477245,-0.127095650169558,-0.08537586434788919,0.15690410694211648,-0.04334736192293742,-0.007932265077804741,-0.006747196153106868
7.51,0.2733127566329243,-0.07809572449496821,0.5953170873213286,0.5047754892297655,0.7021729756678248,1.164978197820866,-0.1275291121383814,-0.08545368182045125,0.15683407260771365,-0.04334487070657037,-0.007630792748247367,-0.007260243389479608
7.5200000000000005,0.27270030671333423,-0.07801483418409255,0.5955503980543949,0.5034980309184672,0.7013180623673003,1.1665461669410084,-0.12796254435492638,-0.08552847145850251,0.15675889060995565,-0.043341410861768515,-0.007326697114709504,-0.007776729935226115
7.53,0.2720857414863956,-0.07793390936626243,0.5957831595149563,0.5022162384741852,0.7004624164189787,1.1681133583594405,-0.12839593711476843,-0.08560020699725025,0.15667852652251466,-0.043336978762963954,-0.007019971834137421,-0.008296662427290019
7.54,0.27146906454189323,-0.07785295036895162,0.5960153660675456,0.5009301123401589,0.6996060684954396,1.1696797200828586,-0.12882928067730126,-0.0856688621086978,0.15659294585299166,-0.043331570799364644,-0.006710610608850341,-0.008820047442820458
7.55,0.2708502795310855,-0.07777195747211818,0.5962470120627155,0.499639653057215,0.6987490495328579,1.1712451997727076,-0.12926256526588506,-0.08573441040209971,0.15650211404351666,-0.043325183375082316,-0.0063986071868399495,-0.009346891498807741
7.5600000000000005,0.2702293901663318,-0.0776909309074636,0.5964780918370204,0.4983448612641255,0.6978913907316276,1.1728097447445274,-0.12969578106799615,-0.08579682542442026,0.15640599647135228,-0.04331781290925999,-0.006083955362068837,-0.009877201051720526
7.57,0.26960640022071064,-0.07760987085769255,0.5967085997130016,0.4970457376979669,0.6970331235569825,1.1743733019673093,-0.13012891823537787,-0.08585608066079421,0.15630455844950047,-0.04330945583619934,-0.005766648974768312,-0.010410982497143471
7.58,0.26898131352762733,-0.07752877745577413,0.5969385299991714,0.495742283194476,0.6961742797396123,1.1759358180628565,-0.13056196688419291,-0.08591214953499134,0.15619776522731316,-0.04330010860548755,-0.0054466819117351736,-0.010948242169416693
7.59,0.26835413398041036,-0.07744765078419996,0.5971678769899956,0.4944344986884052,0.6953148912762737,1.1774972393051493,-0.130994917095177,-0.08596500540988342,0.15608558199110661,-0.04328976768212431,-0.005124048106628006,-0.011488986341275514
7.6000000000000005,0.26772486553189995,-0.07736649087424768,0.59739663496588,0.49312238521387636,0.6944549904303974,1.1790575116197184,-0.1314277589137933,-0.08601462158791441,0.15596797386477948,-0.04327842954664808,-0.004798741540262604,-0.012033221223491503
7.61,0.26709351219402294,-0.0772852977052415,0.5976247981931534,0.4918059439047322,0.69359460973269,1.1806165805830249,-0.1318604823503885,-0.08606097131157338,0.1558449059104338,-0.04326609069526244,-0.004470756240906513,-0.01258095296451452
7.62,0.2664600780373598,-0.07720407120381484,0.5978523609240526,0.4904851759948869,0.6927337819817306,1.1821743914218437,-0.13229307738035034,-0.08610402776387058,0.15571634312900023,-0.04325274763996188,-0.00414008628457278,-0.013132187650115899
7.63,0.2658245671907004,-0.07712281124317566,0.5980793173967076,0.48916008281867496,0.691872540244564,1.1837308890126557,-0.13272553394426592,-0.08614376406881638,0.1555822504608667,-0.04323839690865755,-0.0038067257953129496,-0.013686931303032654
7.640000000000001,0.2651869838405889,-0.07704151764237088,0.598305661835127,0.48783066581119783,0.6910109178572872,1.185286017881047,-0.13315784194808158,-0.08618015329190296,0.15544259278651026,-0.04322303504530252,-0.0034706689455091567,-0.01424518988261262
7.65,0.26454733223086,-0.07696019016555228,0.5985313884491827,0.4864969265086714,0.6901489484256341,1.1868397222011093,-0.13358999126326374,-0.0862131684405893,0.15529733492713302,-0.04320665861001686,-0.003131909956165675,-0.014806969284460514
7.66,0.2639056166621616,-0.07687882852124561,0.598756491434596,0.4851588665487671,0.6892866658255508,1.1883919457948546,-0.1340219717269617,-0.08624278246478875,0.15514644164530134,-0.04318926417921243,-0.002790443097198928,-0.015372275340086065
7.67,0.2632618414914705,-0.0767974323616204,0.5989809649729237,0.48381648767095664,0.6884241042037708,1.1899426321316287,-0.13445377314217052,-0.08626896825735945,0.15498987764558803,-0.043170848345717217,-0.0024462626877274525,-0.01594111381655176
7.68,0.26261601113159566,-0.07671600128176137,0.5992048032315448,0.4824697917168517,0.6875612979783818,1.191491724327537,-0.1348853852778964,-0.08629169865459811,0.15482760757521938,-0.04315140771889969,-0.0020993630963605427,-0.01651349041612287
7.69,0.26196813005067104,-0.07663453481894239,0.5994280003636464,0.4811187806305426,0.6866982818393896,1.1930391651448724,-0.13531679786932244,-0.0863109464367361,0.15465959602472423,-0.043130938924792445,-0.0017497387414858925,-0.01708941077591844
7.7,0.2613182027716394,-0.07655303245190198,0.5996505505082113,0.47976345645893737,0.6858350907492758,1.1945848969915522,-0.1357480006179755,-0.08632668432843871,0.15448580752858748,-0.043109438606215786,-0.0013973840915571228,-0.017668880467562206
7.71,0.26066623387174664,-0.07647149360034344,0.5998724477902052,0.47840382135220316,0.6849717599429446,1.196128861921924,-0.13617898293768455,-0.08633888642749889,0.15430620977466655,-0.043086504215895875,-0.0010445364629934617,-0.018246866037502703
7.72,0.26001222799791734,-0.07638991777691728,0.6000936864585477,0.47703987763855776,0.6841083245099697,1.1976710025760242,-0.1366097152518497,-0.0863476332807001,0.1541210096807476,-0.04305978042386605,-0.0007044043093103625,-0.01879368490352044
7.73,0.2593561898947283,-0.07630830485655049,0.6003142611294032,0.47567162795579343,0.6832448186580778,1.1992112638350079,-0.1370401749766828,-0.0863529659080155,0.15393032542594465,-0.04303198578867823,-0.00036169045633590614,-0.019343698963014078
7.74,0.258698124368587,-0.0762266547321005,0.6005341664746895,0.4742990750834022,0.6823812766586961,1.2007495906974308,-0.13747035138695865,-0.0863548584676477,0.15373412503596126,-0.043003116954678955,-1.638995123076116e-05,-0.019896912678315518
7.75,0.25803803627989114,-0.07614496724280923,0.6007533971579625,0.47292222190829486,0.6815177330419154,1.2022859278418858,-0.13790023372398588,-0.08635328506851263,0.1535323764921784,-0.04297317058417221,0.0003315021104853995,-0.020453330451566467
7.76,0.2573759305425134,-0.07606324217361554,0.6009719478344278,0.4715410714251363,0.6806542225969827,1.2038202196265588,-0.13832981119578625,-0.08634821977072431,0.15332504773225783,-0.04294214335754402,0.0006819905846698459,-0.02101295662441693
7.7700000000000005,0.25671181212327515,-0.07598147925447085,0.6011898131509513,0.4701556267366764,0.6797907803727851,1.205352410088797,-0.1387590729772763,-0.08633963658608229,0.1531121066507484,-0.04291003197338695,0.0010350802782942148,-0.021575795477725535
7.78,0.25604568604141176,-0.0758996781596557,0.6014069877460728,0.46876589105408156,0.6789274416783321,1.2068824429446798,-0.13918800821044996,-0.08632750947856209,0.15289352109969578,-0.04287683314862418,0.0013907759491824379,-0.02214185123126061
7.79,0.25537755736802703,-0.07581783850710022,0.6016234662500155,0.46737186769726086,0.6780642420832295,1.2084102615885972,-0.13961660600456263,-0.08631181236480755,0.15266925888925434,-0.042842543618633225,0.0017490823057500961,-0.02271112804340292
7.8,0.2547074312255405,-0.07573595985770687,0.6018392432847027,0.4659735600951946,0.6772012174181523,1.2099358090928345,-0.14004485543631628,-0.08629251911462676,0.15243928778830312,-0.042807160137369335,0.002110004006744116,-0.023283630010848943
7.8100000000000005,0.25403531278712327,-0.0756540417146756,0.6020543134637688,0.4645709717862577,0.6763384037753084,1.2114590282071602,-0.14047274555004588,-0.08626960355148962,0.15220357552506375,-0.0427706794774885,0.0024735456609837232,-0.02385936116831549
7.82,0.2533612072761256,-0.07557208352283257,0.6022686713925749,0.46316410641854294,0.6754758375089018,1.2129798613584264,-0.1409002653579068,-0.08624303945302852,0.15196208978772163,-0.04273309843046999,0.0028397118271022478,-0.024438325488245483
7.83,0.25268511996549475,-0.07549008466796331,0.6024823116682236,0.4617529677501818,0.6746135552355864,1.2144982506501676,-0.1413274038400641,-0.08621280055154174,0.15171479822505077,-0.04269441380673889,0.0032085070132898096,-0.025020526880514888
7.84,0.2520070561771833,-0.07540804447614635,0.6026952288795759,0.4603375596496627,0.6737515938349178,1.2160141378622138,-0.1417541499448821,-0.08617886053449858,0.1514616684470399,-0.0426546224357877,0.003579935677037141,-0.025605969192140816
7.8500000000000005,0.25132702128154927,-0.07532596221309323,0.6029074176072651,0.45891788609614925,0.6728899904497995,1.217527464450301,-0.1421804925891159,-0.08614119304504829,0.15120266802552343,-0.04261372116629804,0.0039540022248799305,-0.026194656206990467
7.86,0.25064502069674577,-0.0752438370834907,0.603118872423718,0.45749395117979447,0.6720287824869224,1.2190381715456975,-0.142606420658104,-0.08609977168253052,0.15093776449481414,-0.04257170686626191,0.004330711012144656,-0.026786591645491842
7.87,0.2499610598881018,-0.07516166823034715,0.6033295878931695,0.456065759102054,0.6711680076172009,1.220546199954829,-0.14303192300596196,-0.08605457000298872,0.15066692535233867,-0.04252857642310225,0.0047100663426951975,-0.02738177916434538
7.88,0.2492751443674944,-0.07507945473434369,0.6035395585716835,0.4546333141759984,0.6703077037762037,1.2220514901589132,-0.14345698845577673,-0.08600556151968604,0.15039011805927657,-0.04248432674379343,0.005092072468679905,-0.027980222356236012
7.890000000000001,0.2485872796927112,-0.0749971956131874,0.6037487790071732,0.45319662082662115,0.6694479091645784,1.2235539823136017,-0.1438816057998039,-0.08595271970362393,0.150107310041202,-0.04243895475498133,0.005476733590280747,-0.02858192474954822
7.9,0.24789747146680333,-0.07491488982097233,0.6039572437394207,0.45175568359114615,0.6685886622484716,1.2250536162486265,-0.14430576379966398,-0.08589601798406266,0.14981846868872764,-0.04239245740310281,0.005864053855462426,-0.029186889808080384
7.91,0.2472057253374314,-0.07483253624754116,0.6041649473000997,0.4503105071193344,0.6677300017599441,1.2265503314674528,-0.14472945118654132,-0.08583542974904522,0.1495235613581527,-0.042344831654505075,0.006254037359722844,-0.02979512093076138
7.92,0.24651204699619944,-0.07475013371785477,0.6043718842127983,0.4488610961737856,0.66687196669738,1.2280440671469415,-0.14515265666138402,-0.08577092834592283,0.14922255537211218,-0.042296074495564384,0.006646688145844926,-0.03040662145136851
7.930000000000001,0.24581644217798243,-0.07466768099136456,0.6045780489930423,0.4474074556302404,0.666014596325891,1.2295347621370127,-0.14557536889510433,-0.08570248708188345,0.1489154180202304,-0.04224618293280451,0.007042010203648891,-0.031021394638245967
7.94,0.24511891666024402,-0.07458517676139031,0.6047834361483202,0.44594959047788013,0.6651579301777157,1.2310223549603212,-0.14599757652878115,-0.08563007922448292,0.14860211655977684,-0.042195153993014836,0.0074400074697458275,-0.03163944369402519
7.95,0.24441947626314744,-0.07450261967107502,0.6049880401908341,0.44448750582666546,0.6643020080028891,1.232506783913326,-0.14641926416432566,-0.08555370631459012,0.14828267594709657,-0.04214146215032004,0.007829932532521294,-0.032238849195569144
7.96,0.2437181268646804,-0.07442000863416837,0.6051918558841067,0.4430212070440493,0.6634468688063426,1.2339879890301804,-0.14684039865797027,-0.08547349495370503,0.14795737619254937,-0.04208524155325606,0.008212757185986562,-0.03282158795327217
7.97,0.24301487440017747,-0.07433734281658255,0.6053948782284941,0.44155069974704175,0.6625925509064061,1.2354659119639175,-0.1472609650899624,-0.08538944281433218,0.14762623445940612,-0.042027849328415905,0.008598088799221268,-0.03340724529648141
7.98,0.24230972484759083,-0.07425462133611777,0.6055971022307909,0.44007598967488887,0.6617390928362692,1.236940494148785,-0.14768095172931703,-0.08530152480988401,0.14728922155046004,-0.04196928253783083,0.00898593076173253,-0.03399582348559363
7.99,0.24160268422626946,-0.07417184324994919,0.6057985228951098,0.4385970826842951,0.6608865333801559,1.2384116767269449,-0.14810034681577552,-0.08520971582013182,0.14694630824619873,-0.04190953826489975,0.00937628641226063,-0.03458732472137323
8.0,0.24089375859629691,-0.07408900755404402,0.6059991352229342,0.437113984749711,0.6600349115736585,1.2398794005482559,-0.14851913856002105,-0.08511399069171392,0.14659746530540074,-0.04184861361450708,0.009769159038556813,-0.03518175114471619
8.01,0.24018295405782586,-0.07400611318258771,0.6061989342131686,0.43562670196362624,0.6591842667040669,1.2413436061700587,-0.14893731514389336,-0.08501432423864731,0.14624266346573656,-0.04178650571314044,0.01016455187716088,-0.03577910483641361
8.02,0.2394702767504015,-0.07392315900741364,0.606397914862191,0.4341352405368538,0.6583346383106912,1.2428042338569676,-0.14935486472060555,-0.08491069124284023,0.14588187344436965,-0.04172321170900753,0.010562468113180748,-0.03637938781691746
8.03,0.23875573285227955,-0.07384014383743787,0.6065960721639079,0.43263960679881863,0.6574860661851812,1.2442612235806672,-0.149771775414962,-0.08480306645460832,0.14551506593856248,-0.04165872877215304,0.010962910880072186,-0.036982602046106774
8.040000000000001,0.23803932857973584,-0.0737570664181002,0.6067934011098101,0.43113980719783734,0.6566385903718396,1.245714515019719,-0.1501880353235771,-0.08469142459319151,0.14514221162628163,-0.04159305409457447,0.011365883259420494,-0.037588749423055776
8.05,0.23732107018636894,-0.07367392543080975,0.6069898966890288,0.4296358483014008,0.6557922511679289,1.2471640475593708,-0.1506036325150955,-0.08457574034727419,0.14476328116680842,-0.041526184890338165,0.011771388280722345,-0.03819783178580239
8.06,0.23660096396239577,-0.07359071949239637,0.6071855538883956,0.42812773679645294,0.6549470891239769,1.2486097602913708,-0.1510185550304134,-0.0844559883755074,0.14437824520135015,-0.04145811839569451,0.012179428921169223,-0.038809850911118715
8.07,0.23587901623393884,-0.07350744715456853,0.6073803676925006,0.4266154794896657,0.6541031450440713,1.2500515920137922,-0.15143279088290074,-0.08433214330703229,0.14398707435365313,-0.04138885186919258,0.012590008105431746,-0.03942480851428215
8.08,0.23515523336230776,-0.07342410690337708,0.607574333083756,0.42509908330771456,0.6532604599861549,1.251489481230861,-0.15184632805862505,-0.08420417974200704,0.14358973923061966,-0.04131838259179471,0.013003128705444981,-0.04004270624884797
8.09,0.23442962174327334,-0.07334069715868374,0.607767445042458,0.4235785552975495,0.652419075262311,1.2529233661527905,-0.15225915451657604,-0.08407207225213503,0.1431862104229259,-0.04124670786699034,0.01341879354019495,-0.04066354570642335
8.1,0.23370218780633428,-0.07325721627363779,0.6079596985468536,0.4220539026266655,0.651579032439046,1.2543531846956226,-0.15267125818889138,-0.0839357953811953,0.1427764585056427,-0.04117382502090931,0.01383700537550604,-0.041287328416442004
8.11,0.23297293801397706,-0.07317366253415852,0.6081510885732038,0.4205251325833692,0.6507403733375665,1.2557788744810732,-0.15308262698108369,-0.08379532364557554,0.14236045403885847,-0.04109973140243495,0.014257766923829622,-0.04191405584594074
8.120000000000001,0.2322418788609297,-0.07309003415842297,0.6083416100958563,0.41899225257704426,0.6499031400340488,1.2572003728363887,-0.15349324877226872,-0.08365063153480648,0.14193816756830396,-0.04102442438331644,0.014681080844033832,-0.042543729399336996
8.13,0.23150901687340805,-0.07300632929636258,0.6085312580873121,0.4174552701384144,0.6490673748599072,1.2586176167942018,-0.15390311141539445,-0.08350169351209902,0.14150956962597977,-0.040947901358280886,0.01510694974119402,-0.04317635041820724
8.14,0.23077435860835624,-0.0729225460291647,0.6087200275182998,0.41591419291980364,0.6482331204020523,1.2600305430924004,-0.1543122027374715,-0.08334848401488318,0.14107463073078616,-0.04087015974514478,0.015535376166384902,-0.043811920181067436
8.15,0.23003791065267978,-0.07283868236878288,0.6089079133578488,0.4143690286953946,0.6474004195031478,1.2614390881739972,-0.15472051053980448,-0.08319097745534897,0.14063332138915402,-0.040791196984925004,0.015966362616473363,-0.044450439903154185
8.16,0.2292996796224731,-0.07275473625745271,0.6090949105733654,0.4128197853614844,0.6465693152618588,1.2628431881870117,-0.15512802259822486,-0.08302914822098978,0.14018561209567942,-0.04071101054194944,0.016399911533912577,-0.045091910736207386
8.17,0.22855967216224043,-0.07267070556721561,0.6092810141307105,0.41126647093673857,0.6457398510330972,1.2642427789843502,-0.15553472666332413,-0.08286297067514736,0.13973147333375951,-0.04062959790396696,0.016836025306537064,-0.04573633376825393
8.18,0.2278178949428789,-0.07258658814391439,0.6094662190196138,0.4097090935778267,0.6449120702766816,1.2656377963950585,-0.15594060402521617,-0.08269248255923946,0.13927098907862093,-0.040545161144479355,0.017257017781349953,-0.046352043899837506
8.19,0.22707435465071962,-0.07250238219598021,0.6096505204753789,0.408147661714169,0.6440860152325314,1.267028178596316,-0.15634562471912725,-0.08251783222971107,0.13880444136109038,-0.0404587687812287,0.017673442459492143,-0.04695793100745897
8.2,0.22632905799362696,-0.07241808611041162,0.6098339138739255,0.40658218398408624,0.643261727552352,1.2684138649829015,-0.15674977521960343,-0.0823390058201647,0.13833182182987416,-0.04037112204757884,0.018092234101413408,-0.04756640669247417
8.21,0.22558201170737616,-0.07233369821357599,0.6100163945957295,0.405012669152272,0.642439249115323,1.2697947947072439,-0.15715304297068375,-0.08215597965155355,0.1378531045976278,-0.040282218496206154,0.01851339458039961,-0.04817747125951417
8.22,0.22483322255500726,-0.07224921676806989,0.6101979580243864,0.4034391261091022,0.6416186220375075,1.271170906662884,-0.15755541539205606,-0.08196873002635391,0.13736826377424496,-0.0401920557041984,0.01893692571852036,-0.04879112495633005
8.23,0.2240826973260943,-0.07216463997228645,0.6103785995467156,0.40186156387087546,0.6407998886720342,1.2725421394844507,-0.15795687987930154,-0.0817772332290781,0.1368772734674267,-0.04010063127316326,0.0193628292864484,-0.04940736797361568
8.24,0.2233304428360124,-0.07207996595999222,0.610558314552869,0.4002799915800549,0.639983091609274,1.2739084315476417,-0.1583574238041406,-0.08158146552678949,0.13638010778325318,-0.04000794282933681,0.019791107003279823,-0.05002620044483147
8.25,0.22257646592519753,-0.07199519279990801,0.6107370984364394,0.39869441850550436,0.6391682736770129,1.275269720969208,-0.1587570345146795,-0.0813814031696192,0.13587674082675702,-0.0399139880236912,0.020221760536355434,-0.05064762244602931
8.26,0.22182077345840312,-0.07191031849529983,0.6109149465945737,0.3971048540427239,0.6383554779406172,1.2766259456069506,-0.1591556993356583,-0.08117702239128441,0.13536714670249797,-0.03981876453204169,0.020654791501083455,-0.051271633995678995
8.27,0.22106337232395193,-0.07182534098357524,0.6110918544280869,0.39551130771408183,0.6375447477031966,1.2779770430597142,-0.15955340556870004,-0.08096829940960858,0.1348512995151398,-0.039722270055153525,0.021090201460762938,-0.05189823505449545
8.28,0.22030426943298312,-0.07174025813588836,0.6112678173415791,0.393913789169045,0.6367361265057598,1.2793229506673938,-0.1599501404925605,-0.08075521042704352,0.13432917337002862,-0.03962450231884798,0.021527991926408564,-0.0525274255252675
8.290000000000001,0.2195434717186949,-0.07165506775675073,0.6114428307435541,0.3923123081844049,0.6359296581273651,1.2806636055109442,-0.16034589136337943,-0.08053773163119282,0.13380074237377246,-0.039525459074107754,0.02196816435657653,-0.053159205252687754
8.3,0.2187809861355843,-0.07156976758365247,0.611616890046542,0.39070687466450543,0.6351253865852676,1.2819989444123936,-0.16074064541493255,-0.08031583919533786,0.13326598063482456,-0.039425138097182386,0.022410720157190984,-0.05379357402318305
8.31,0.2180168196586809,-0.0714843552866884,0.6117899906672237,0.3890974986414623,0.6343233561350585,1.2833289039348679,-0.16113438985888506,-0.08008950927896454,0.13272486226406532,-0.0393235371896925,0.022855660681372632,-0.05443053156474763
8.32,0.21725097928277848,-0.07139882846819445,0.6119621280265577,0.3874841902753846,0.6335236112708011,1.284653420382615,-0.16152711188504537,-0.07985871802829214,0.1321773613753882,-0.039220654178733744,0.023302987229267404,-0.055070077546775786
8.33,0.21648347202166102,-0.071313184662391,0.61213329754991,0.3858669598545912,0.6327261967251607,1.2859724298010404,-0.16191879866162087,-0.07962344157680423,0.13162345208628634,-0.03911648691698026,0.023752701047876967,-0.05571221157989706
8.34,0.215714304907327,-0.07122742133503368,0.6123034946671866,0.3842458177958257,0.6319311574695291,1.2872858679767443,-0.16230943733547393,-0.07938365604578067,0.13106310851844108,-0.03901103328278753,0.024204803330890045,-0.056356933215812074
8.35,0.21494348498920868,-0.07114153588307459,0.6124727148129692,0.38262077464446925,0.6311385387141437,1.2885936704375676,-0.16269901503237935,-0.07913933754483177,0.1304963047983122,-0.03890429118029466,0.024659295218514794,-0.057004241947129566
8.36,0.21417101933338858,-0.07105552563432999,0.6126409534266533,0.3809918410747493,0.6303483859082029,1.2898957724526414,-0.16308751885728265,-0.07889046217243384,0.12992301505772944,-0.03879625853952606,0.02511617779731258,-0.05765413720720496
8.370000000000001,0.21339691502181218,-0.07096938784715734,0.6128082059525897,0.3793590278899464,0.6295607447399724,1.2911921090324459,-0.1634749358945595,-0.0786370060164664,0.12934321343448568,-0.03868693331649259,0.025575452100032918,-0.058306618369980204
8.38,0.2126211791514989,-0.07088311971014116,0.612974467840228,0.37772234602260074,0.6287756611368913,1.2924826149288697,-0.16386125320827583,-0.07837894515475145,0.12875687407293282,-0.03857631349329228,0.026037119105448814,-0.05896168474982401
8.39,0.21184381883374762,-0.07079671834178675,0.6131397345442656,0.3760818065347105,0.6279931812656677,1.2937672246352812,-0.16424645784244946,-0.07811625565559356,0.12816397112457678,-0.038464397078210186,0.026501179738194637,-0.05961933560137493
8.4,0.21106484118997582,-0.07071018081911068,0.6133040015340996,0.37443742062531404,0.6272133514188866,1.295045872562619,-0.1646305331724842,-0.0778489696884592,0.12756456577604108,-0.0383499789156691,0.026949132720763803,-0.06025087310930281
8.41,0.2102842533058538,-0.07062350457047495,0.6134672644206073,0.3727891997309914,0.6264362164726114,1.296318495431883,-0.16501345150855387,-0.07757728927058577,0.12695898267091257,-0.038233468799554485,0.027387310323351847,-0.0608661165551487
8.42,0.20950206224447407,-0.07053668727813317,0.6136295189250573,0.37113715550077214,0.6256618202753442,1.2975850316710644,-0.1653951981552991,-0.07730121629178492,0.12634723607439155,-0.03811564073148889,0.027827644986470865,-0.06148357116325413
8.43,0.20871827508242455,-0.07044972656996668,0.6137907607801047,0.36948129971747795,0.6248902068605547,1.2988454195347152,-0.1657757599236667,-0.07702072917912749,0.12572930388167944,-0.03799649280923735,0.028270137166599027,-0.06210323556003911
8.44,0.20793289891000125,-0.07036262001139948,0.613950985727443,0.36782164429591757,0.6241214204774649,1.3000995970564067,-0.16615512360571616,-0.07673580635536757,0.125105164001975,-0.037876023157594016,0.028714787270666488,-0.06272510831978019
8.45,0.20714594083049354,-0.07027536510513366,0.6141101895179804,0.36615820128307147,0.6233555055910878,1.3013475020488752,-0.16653327597489065,-0.07644642623943806,0.12447479435899493,-0.037754229928479516,0.029161595655917597,-0.06334918796448817
8.46,0.20635740795947044,-0.07018795929089522,0.614268367912018,0.36449098285827686,0.6225925068822642,1.3025890721041697,-0.16691020378628837,-0.07615256724694831,0.1238381728914974,-0.037631111301038175,0.029610562629773303,-0.06397547296378585
8.47,0.20556730742406604,-0.0701003999451878,0.6144255166794317,0.3628200013334128,0.6218324692476944,1.3038242445938029,-0.16728589377693545,-0.07585420779068348,0.12319527755380766,-0.037506665481734675,0.030061688449694604,-0.06460396173478686
8.48,0.2047756463622601,-0.07001268438105385,0.6145816315998549,0.36114526915307443,0.6210754377999613,1.3050529566689115,-0.1676603326660601,-0.07555132628110402,0.12254608631634177,-0.03738089070444954,0.030514973323048387,-0.06523465264197736
8.49,0.20398243192216298,-0.06992480984784372,0.6147367084628689,0.3594667988947555,0.6203214578675543,1.3062751452604187,-0.1680335071553661,-0.0752439011268483,0.12189057716613573,-0.037253785230574765,0.030970417406971998,-0.0658675439970957
8.5,0.20318767126129342,-0.06983677353099527,0.6148907430681927,0.35778460326901673,0.6195705749948822,1.3074907470792037,-0.16840540392930978,-0.07493191073523453,0.12122872810737138,-0.03712534734910828,0.031428020808241655,-0.06650263405901691
8.51,0.2023913715458603,-0.06974857255181932,0.6150437312258785,0.35609869511966036,0.6188228349422857,1.308699698616275,-0.16877600965537548,-0.07461533351276572,0.1205605171619071,-0.03699557537674804,0.03188778358313975,-0.06713992103363536
8.52,0.20159353995004167,-0.06966020396729516,0.6151956687565103,0.3544090874238979,0.6180782836860427,1.309901936142951,-0.16914531098435362,-0.0742941478656352,0.1198859223698079,-0.036864467657985484,0.03234970573732427,-0.06777940307375
8.53,0.20079418365526286,-0.06957166476987442,0.6153465514914054,0.3527157932925141,0.6173369674183675,1.311097395711043,-0.16951329455061867,-0.07396833220023301,0.11920492178987602,-0.03673202256519822,0.032813787225699435,-0.06842107827895072
8.540000000000001,0.19999330984947483,-0.06948295188729381,0.6154963752728206,0.35101882597003153,0.6165989325474084,1.3122860131530472,-0.16987994697240896,-0.07363786492365472,0.11851749350018487,-0.03659823849874244,0.033280027952286934,-0.0690649446955054
8.55,0.1991909257264332,-0.06939406218239602,0.6156451359541618,0.3493181988348709,0.6158642256972373,1.313467724082338,-0.17024525485210631,-0.0733027244442108,0.1178236155986126,-0.03646311388704435,0.033748427770098316,-0.06971100031624813
8.56,0.19838703848497416,-0.06930499245296073,0.6157928294001969,0.3476139253995055,0.615132893707834,1.3146424638933716,-0.17060920477651784,-0.07296288917193677,0.11712326620337575,-0.03632664718669107,0.03421898648100936,-0.07035924308046951
8.57,0.19758165532829375,-0.06921573943154297,0.6159394514872725,0.3459060193106184,0.6144049836350676,1.3158101677618879,-0.17097178331715768,-0.07261833751910594,0.116416423453567,-0.03618883688252106,0.03469170383563438,-0.07100967087380686
8.58,0.196774783463225,-0.06912629978532209,0.6160849981035362,0.34419449434925187,0.6136805427506709,1.3169707706451266,-0.1713329770305296,-0.07226904790074191,0.11570306550969044,-0.03604968148771366,0.03516657953320237,-0.07166228152813621
8.59,0.19596643009951709,-0.06903667011595926,0.6162294651491604,0.342479364430958,0.6129596185422107,1.3181242072820405,-0.17169277245841194,-0.07191499873513396,0.11498317055420164,-0.03590917954387833,0.035643613221434396,-0.07231707282146617
8.6,0.1951566024491132,-0.06894684695946329,0.6163728485365724,0.3407606436059428,0.6122422587130526,1.3192704121935193,-0.17205115612814098,-0.07155616844435173,0.11425671679204515,-0.03576732962114287,0.03612280449642131,-0.0729740424778311
8.61,0.19434530772538267,-0.06885682678629962,0.6165151441906975,0.33903834605924704,0.6115285111812805,1.3204093196840205,-0.1724081144587551,-0.0711925380934699,0.11352368601498505,-0.03562397099633495,0.036599687297440855,-0.0736271570029744
8.620000000000001,0.19353255310243342,-0.06876660619643293,0.6166563480588055,0.33731248614216347,0.6108184232030132,1.3215408650257758,-0.17276362578531604,-0.07082431494795528,0.1127843655339494,-0.035478067411859805,0.03704525451077554,-0.07423723822288512
8.63,0.1927183456432279,-0.0686761822781759,0.6167964561288453,0.33558307842969004,0.6101120397658291,1.3226649866287692,-0.1731176712666757,-0.07045162675042893,0.11203893527467879,-0.035330801733360596,0.03749269757023847,-0.07484911219587581
8.64,0.19190269239414762,-0.0685855521590073,0.6169354644081805,0.3338501376484046,0.6094094056140273,1.323781623305626,-0.1734702372752611,-0.0700744547463927,0.11128737732334235,-0.03518217263917884,0.0379420156755409,-0.07546277617424517
8.65,0.19108560040432548,-0.06849471290973808,0.6170733689191893,0.3321136786612281,0.6087105656794115,1.3248907136899724,-0.17382131017042876,-0.06969278018958006,0.11052967379381524,-0.03503217883684108,0.038393207980730135,-0.07607822736466428
8.66,0.1902670767250348,-0.06840366154441035,0.6172101656995168,0.3303737164675507,0.6080155650812045,1.325992196236712,-0.17417087629875677,-0.06930658434241241,0.10976580682813385,-0.03488081906314357,0.038846273594092456,-0.07669546292810192
8.67,0.1894471284090823,-0.06831239502020886,0.6173458508023334,0.32863026620336055,0.6073244491259601,1.3270860092223133,-0.1745189219943377,-0.06891584847645772,0.108995758596954,-0.03472809208423715,0.03930121157805644,-0.07731447997975013
8.68,0.18862576251020127,-0.06822091023737742,0.617480420296594,0.3268833431413658,0.6066372633074686,1.3281720907450951,-0.17486543357907286,-0.06852055387288934,0.10821951130000877,-0.034573996695710846,0.03975802094909792,-0.07793527558895201
8.69,0.1878029860824472,-0.06812920403914507,0.6176138702673051,0.3251329626911143,0.6059540533066582,1.3292503787255217,-0.1752103973629669,-0.0681206818229457,0.10743704716656677,-0.03441853172267505,0.04021670067764571,-0.07855784677912939
8.700000000000001,0.18697880617959695,-0.06803727321165959,0.6177461968157931,0.3233791403991132,0.605274864991493,1.330320810906499,-0.17555379964442372,-0.06771621362839195,0.10664834845589298,-0.03426169601984411,0.04067724968798829,-0.07918219052771244
8.71,0.18615322985454846,-0.06794511448392987,0.6178773960599788,0.32162189194894214,0.6045997444168645,1.331383324853678,-0.17589562671054249,-0.06730713060198121,0.10585339745770801,-0.03410348847161808,0.04113966685818149,-0.07980830376606941
8.72,0.1853262641587241,-0.06785272452777596,0.6180074641346542,0.319861233161365,0.60392873782448,1.3324378579557603,-0.1762358648374154,-0.06689341406791778,0.10505217649264957,-0.03394390799216404,0.04160395101995762,-0.08043618337943839
8.73,0.1844979161414767,-0.06776009995778792,0.6181363971917656,0.3180971799944391,0.603261891642746,1.3334843474248108,-0.17657450029042512,-0.06647504536232061,0.10424466791273405,-0.033782953525496255,0.042070100958635004,-0.08106582620685908
8.74,0.18366819284949673,-0.06766723733129265,0.6182641914006998,0.31632974854361867,0.6025992524866453,1.3345227302965748,-0.17691151932454438,-0.0660520058336876,0.10343085410181799,-0.033620624045556206,0.04253811541302953,-0.08169722904110692
8.75,0.18283710132622535,-0.06757413314832939,0.6183908429485746,0.31455895504186027,0.6019408671576126,1.3355529434307944,-0.17724690818463507,-0.06562427684336161,0.10261071747606236,-0.03345691855629161,0.04300799307536597,-0.08233038862862663
8.76,0.18200464861126855,-0.06748078385163331,0.6185163480405353,0.31278481585972157,0.6012867826434031,1.3365749235115392,-0.17758065310574922,-0.06519183976599682,0.10178424048439594,-0.033291836091735055,0.04347973259119148,-0.08296530166946836
8.77,0.18117084173981415,-0.06738718582662862,0.6186407029000538,0.3110073475054563,0.6006370461179564,1.3375886070475325,-0.17791274031342938,-0.06475467599002517,0.10095140560897842,-0.03312537571608136,0.04395333255928939,-0.08360196481722337
8.78,0.1803356877420535,-0.06729333540142801,0.6187639037692343,0.30922656662510883,0.5999917049412572,1.3385939303724887,-0.17824315602401192,-0.06431276691812506,0.10011219536566622,-0.03295753652376493,0.044428791531594986,-0.08424037467896281
8.790000000000001,0.17949919364260752,-0.0671992288468436,0.6188859469091212,0.30744249000260704,0.5993508066591907,1.339590829645449,-0.17857188644492836,-0.06386609396769062,0.09926659230447896,-0.03278831763953613,0.04490610801311083,-0.08488052781517484
8.8,0.1786613664599531,-0.06710486237640395,0.6190068286000152,0.30565513455984533,0.5987143990033916,1.3405792408511303,-0.17889891777501002,-0.06341463857130025,0.09841457901006309,-0.032617718218536804,0.04538528046182492,-0.0855224207397054
8.81,0.17782221320585717,-0.06701023214638158,0.6191265451417909,0.30386451735677333,0.5980825298910921,1.3415590998002684,-0.1792242362047918,-0.0629583821771885,0.0975561381021613,-0.03244573744637536,0.04586630728862863,-0.08616604991969849
8.82,0.1769817408845341,-0.06691533425680762,0.6192450928540061,0.302070655591542,0.5974552474200253,1.3425303421358799,-0.17954782780810596,-0.0624973142298266,0.09669126178289865,-0.03227225734757487,0.04634058424631817,-0.0868011202402916
8.83,0.17613995642119198,-0.06682016500292898,0.6193624680212464,0.3002735666178107,0.5968325986035801,1.3434929048465936,-0.17986967463824294,-0.0620317187594618,0.09582029469147425,-0.032096877399955245,0.04677876406773384,-0.08739252116262439
8.84,0.17529686656940596,-0.06672472121368583,0.6194786668203766,0.2984732679679063,0.596214627676246,1.3444467282940507,-0.18018976072931647,-0.06156173386672607,0.09494340690363129,-0.03192010941678472,0.04721846841155667,-0.0879852588881169
8.85,0.174452478055152,-0.06662899975372333,0.6195936854309296,0.2966697773186333,0.5956013786084419,1.3453917532045108,-0.1805080721974798,-0.06108734431572966,0.09406058507047739,-0.03174195270497765,0.04765969540436128,-0.08857932958272029
8.86,0.173606797600027,-0.06653299744079622,0.6197075200536069,0.2948631124856681,0.594992895522851,1.3463279201709368,-0.18082459515211,-0.06060853488951481,0.093171815881648,-0.03156240660238616,0.04810244313308675,-0.08917472937479798
8.870000000000001,0.17275983192082162,-0.066436711045814,0.6198201669106123,0.2930532914236257,0.5943892226942299,1.3472551696533825,-0.1811393156961177,-0.06012529039045292,0.09227708606568313,-0.03138147047787133,0.048546709644978,-0.08977145435509287
8.88,0.17191158772909762,-0.06634013729289279,0.6199316222459896,0.2912403322261243,0.5937904045492132,1.3481734419793818,-0.18145221992625732,-0.059637595640641854,0.09137638239040403,-0.03119914373137344,0.04899249294752809,-0.0903695005766946
8.89,0.17106207173077,-0.06624327285941445,0.6200418823259664,0.289424253125843,0.5931964856661144,1.3490826773443465,-0.18176329393343882,-0.05914543548230344,0.09046969166328933,-0.031015425793981404,0.049439791008422135,-0.09096886405500954
8.9,0.1702112906256939,-0.06614611437609341,0.6201509434392987,0.2876050724945802,0.5926075107747222,1.3499828158119622,-0.18207252380303823,-0.05864879477818179,0.08955700073185169,-0.03083031612800169,0.04988860175548077,-0.09156954076772897
8.91,0.1693592511072578,-0.06604865842704877,0.6202588018976248,0.28578280884330665,0.5920235247560937,1.350873797314591,-0.18237989561521192,-0.05814765841194251,0.08863829648401605,-0.03064381422702647,0.05033892307660645,-0.09217152665480141
8.92,0.16850595986198114,-0.06595090154988498,0.6203654540358199,0.2839574808222165,0.591444572642343,1.3517555616536785,-0.18268539544520845,-0.05764201128857203,0.0877135658484966,-0.03045591961600095,0.05079075281972864,-0.09277481761840267
8.93,0.16765142356911747,-0.06585284023578025,0.6204708962123582,0.2821291072207738,0.5908706996164261,1.3526280485001636,-0.18298900936368276,-0.05713183833477713,0.08678279579517409,-0.03026663185128995,0.051244088792751476,-0.09337940952290892
8.94,0.16679564890026502,-0.06575447092957787,0.6205751248096769,0.28029770696775963,0.590301951011922,1.3534911973948895,-0.1832907234370113,-0.056617124499386794,0.08584597333547607,-0.030075950520744216,0.051698928763501524,-0.09398529819486973
8.950000000000001,0.16593864251897916,-0.06565579002989114,0.6206781362345488,0.2784632991313084,0.5897383723128081,1.3543449477490253,-0.18359052372760615,-0.056097854753751106,0.08490308552275179,-0.029883875243765047,0.052155270459676925,-0.09459247942298217
8.96,0.1650804110803965,-0.06555679388920915,0.6207799269184553,0.2766259029189531,0.5891800091532359,1.3551892388444822,-0.18388839629423173,-0.05557401409214546,0.08395411945265532,-0.029690405671369526,0.052613111568796694,-0.0952009489580654
8.97,0.1642209612308586,-0.06545747881401315,0.620880493317968,0.2747855376776524,0.5886269073172959,1.356024009834343,-0.18418432719232092,-0.05504558753217008,0.08299906226352025,-0.029495541486253496,0.05307244973815252,-0.09581070251303746
8.98,0.16336029960754644,-0.06535784106489984,0.6209798319151327,0.2729422228938269,0.5880791127387853,1.3568491997432888,-0.18447830247429226,-0.0545125601151538,0.08203790113674082,-0.02929928240285501,0.05353328257475982,-0.09642173576289138
8.99,0.1624984328381206,-0.06525787685670953,0.6210779392178611,0.2710959781933877,0.5875366715009676,1.3576647474680306,-0.18477030818986767,-0.05397491690655726,0.0810706232971518,-0.029101628167416654,0.053995607645310514,-0.09703404434467298
9.0,0.16163536754036523,-0.06515758235866409,0.6211748117603233,0.26924682334175953,0.5869996298363288,1.3584705917777462,-0.18506033038639055,-0.05343264299637554,0.08009721601340647,-0.02890257855804678,0.05445942247612691,-0.09764762385745938
9.01,0.16077111032184274,-0.0650569536945102,0.6212704461033514,0.2673947782439057,0.5864680341263316,1.3592666713145225,-0.18534835510914538,-0.05288572349954302,0.07911766659835813,-0.028702133384780698,0.05492472455311607,-0.09826246986233861
9.02,0.15990566777955054,-0.06495598694267052,0.6213648388348421,0.26553986294434384,0.5859419309011622,1.3600529245937958,-0.18563436840167635,-0.05233414355633663,0.0781319624094382,-0.028500292489640283,0.05539151132172546,-0.09887857788238977
9.03,0.15903904647508393,-0.06485467820850799,0.6214579865373939,0.2636820976262004,0.5854213664439895,1.3608292904336432,-0.18591835669095483,-0.05177804600388538,0.07714026181829929,-0.028297158075221124,0.05581785629545271,-0.099450483603282
9.040000000000001,0.15817125274885477,-0.06475302417657036,0.6215498855384992,0.26182150260384024,0.5849063837677283,1.361595711233174,-0.1862003069544382,-0.05121779968938722,0.07614296828558548,-0.028092662108093767,0.056231591623914154,-0.10000836487418231
9.05,0.15730229282686936,-0.06465102181331472,0.6216405320480869,0.25995809832689526,0.5843970242598694,1.3623521311891396,-0.18648020528276282,-0.0506534104754437,0.07514009168973879,-0.02788677103588091,0.056646435740329265,-0.10056709546717121
9.06,0.15643217292857708,-0.06454866805381987,0.6217299223018815,0.25809190538447296,0.5838933294048022,1.363098494428519,-0.1867580377247035,-0.05008486728755367,0.07413162356046599,-0.027679484829049722,0.057062385963789986,-0.10112667079205115
9.07,0.1555608992675554,-0.06444595979937928,0.6218180525629606,0.25622294450519345,0.5833953407975262,1.3638347449938184,-0.18703379032890058,-0.04951215907818224,0.07311755547351609,-0.027470803490320765,0.05747943958187646,-0.1016870862304589
9.08,0.1546884780513319,-0.0643428939176462,0.6219049191221566,0.2543512365571912,0.5829031001433806,1.3645608268435323,-0.18730744914418335,-0.04893527482707698,0.07209787905096354,-0.027260727054723714,0.05789759385063296,-0.10224833713586745
9.09,0.15381491548121137,-0.06423946724278062,0.6219905182984664,0.2524768025481087,0.5824166492577693,1.3652766838526094,-0.18757900021989318,-0.0483542035415823,0.07107258596148804,-0.02704925558965194,0.0583168459945454,-0.10281041883358921
9.1,0.1529402177521118,-0.06413567657560648,0.6220748464394599,0.25059966362509156,0.5819360300658827,1.3659822598129188,-0.18784842960620723,-0.04776893425695573,0.07004166792065715,-0.026836389194916616,0.058737193206518,-0.10337332662077803
9.11,0.1520643910524075,-0.06403151868376844,0.6221578999216995,0.24871984107477832,0.5814612846024189,1.3666774984337215,-0.18811572335446328,-0.0471794560366839,0.06900511669120783,-0.02662212800279989,0.05915863264785223,-0.10393705576643396
9.120000000000001,0.15118744156377906,-0.06392699030189736,0.6222396751511584,0.24683735632328657,0.5809924550112976,1.367362343342143,-0.1883808675174844,-0.046585757972798375,0.06796292408332759,-0.026406472178107425,0.059581161448225686,-0.10450160151140735
9.13,0.15030937546107148,-0.06382208813177903,0.6223201685636475,0.24495223093619706,0.580529583545375,1.368036738083648,-0.1886438481499045,-0.04598782918619214,0.0669150819549362,-0.02618942191822013,0.06000477670567164,-0.10506695906840385
9.14,0.14943019891216053,-0.06371680884252845,0.6223993766252436,0.24306448661853472,0.5800727125661526,1.368700626122521,-0.18890465130849454,-0.04538565882693654,0.06586158221196765,-0.025970977453145087,0.06042947548656003,-0.10563312362199091
9.15,0.14854991807782453,-0.06361114907076854,0.6224772958327254,0.24117414521474312,0.5796218845434833,1.3693539508423476,-0.18916326305248873,-0.044779236074597085,0.06480241680865002,-0.025751139045565665,0.06085525482557862,-0.10620009032860384
9.16,0.1476685391116275,-0.06350510542081422,0.6225539227140118,0.23928122870866086,0.5791771420552765,1.3699966555464964,-0.18941966944391195,-0.04416855013855119,0.06373757774778822,-0.025529906990891,0.06128211172571513,-0.10676785431655336
9.17,0.14678606815980758,-0.06339867446486147,0.6226292538286059,0.23738575922349034,0.5787385277871964,1.3706286834586112,-0.1896738565479066,-0.04355359025830475,0.06266705708104427,-0.025307281617304642,0.06171004315823991,-0.1073364106860332
9.18,0.14590251136117516,-0.06329185274318028,0.6227032857680439,0.235487759021766,0.5783060845323612,1.371249977723095,-0.18992581043306134,-0.04293434570380981,0.06159084690921911,-0.02508326328581246,0.062139046062689746,-0.10790575450912897
9.19,0.1450178748470178,-0.06318463676431396,0.6227760151563478,0.23358725050531762,0.5778798551910355,1.3718604814056072,-0.19017551717173906,-0.04231080577578164,0.060508939382533086,-0.02485785239028963,0.06256911734685228,-0.10847588082982766
9.200000000000001,0.14413216474101523,-0.06307702300528117,0.6228474386504842,0.23168425621523114,0.5774598827703213,1.3724601374935572,-0.190422962840406,-0.04168295980601656,0.05942132670090738,-0.024631049357527083,0.0630002538867511,-0.1090467846640274
9.21,0.14324538715916155,-0.06296900791178467,0.6229175529408273,0.22977879883180682,0.577046210383847,1.3730488888966033,-0.19066813351996104,-0.04105079715770975,0.058328001114244896,-0.024402854647277098,0.06343245252663135,-0.10961846099954793
9.22,0.14235754820969548,-0.06286058789842391,0.6229863547516271,0.227870901174511,0.5766388812514496,1.3736266784471536,-0.19091101529606544,-0.040414307225772404,0.057228954922709935,-0.024173268752297805,0.06386571007894692,-0.11019090479614234
9.23,0.14146865396136302,-0.06275175943407729,0.6230538407871317,0.2259605861949562,0.5762379382038523,1.374193449399638,-0.1911515969732873,-0.039773672103008965,0.05612437460696489,-0.02394299666122778,0.06425001033702536,-0.11071371794206586
9.24,0.14057871021957763,-0.06264251965090523,0.6231200073444348,0.22404787692708966,0.5758434201497518,1.3747491489904484,-0.19138987085332562,-0.03912932180660552,0.055014696474292836,-0.023711548662094604,0.06462015658605043,-0.1112219663773666
9.25,0.1396877226631047,-0.06253286599603664,0.6231848505386789,0.22213279651588852,0.5754553641166789,1.3752937263817526,-0.19162582333384115,-0.038481266823618895,0.05389993413196036,-0.023478716857659072,0.06499094713505654,-0.11173055904919646
9.26,0.1387956969693349,-0.06242279589983957,0.6232483665158826,0.2202153682445285,0.5750738071836627,1.3758271307143246,-0.19185944057986584,-0.03782950072664326,0.052780084162380024,-0.023244501870424494,0.06536237886168576,-0.11223949099910405
9.27,0.13790263881521184,-0.06231230677386951,0.6233105514547994,0.2182956155345025,0.5746987864938498,1.3763493110950107,-0.19209070876282194,-0.03717401711960378,0.051655143197636456,-0.023008904355966833,0.06573444862205027,-0.11274875725103373
9.28,0.13700855387733682,-0.062201396011045795,0.6233714015673602,0.2163735619455562,0.5743303392541895,1.376860216597228,-0.19231961406085296,-0.036514809637972226,0.050525107919662936,-0.022771925002974876,0.06610715325073549,-0.11325835281135295
9.290000000000001,0.1361134478320805,-0.062090060985828144,0.6234309130991186,0.21444923117561848,0.5739685027351185,1.377359796261461,-0.19254614265915537,-0.03585187194898199,0.04938997506041662,-0.022533564533289065,0.06648048956080421,-0.11376827266888102
9.3,0.13521732635570485,-0.06197829905439861,0.6234890823297006,0.21252264706073076,0.5736133142702406,1.3778479990957668,-0.19277028075030958,-0.03518519775184386,0.04824974140205479,-0.022293823701940194,0.06685445434380012,-0.11427851179491608
9.31,0.13432019512449123,-0.06186610755484351,0.623545905573259,0.21059383357496944,0.5732648112560077,1.3783247740762747,-0.19299201453461248,-0.03451478077796044,0.047104403777108714,-0.022052703297186557,0.06722904436975331,-0.11478906514326544
9.32,0.1334220598148785,-0.061753483807337806,0.623601379178929,0.2086628148303678,0.5729230311513948,1.3787900701476916,-0.19321133022041004,-0.0338406147911415,0.04595395906865871,-0.021810204140550918,0.06760425638718542,-0.11529992765027428
9.33,0.13252292610361005,-0.06164042511433293,0.6236554995312917,0.20672961507683488,0.5725880114775768,1.3792438362238097,-0.19342821402442964,-0.033162693587819383,0.04479840421050943,-0.021566327086856418,0.06798008712311537,-0.11581109423485549
9.34,0.13162279966788806,-0.06152692876074717,0.6237082630508377,0.2047942587020684,0.5722597898175995,1.3796860211880129,-0.1936426521721137,-0.03248101099726352,0.04363773618736294,-0.02132107302426163,0.06835653328306612,-0.11632255979852038
9.35,0.13072168618553748,-0.06141299201415529,0.6237596661944357,0.2028567702314666,0.5719384038160515,1.380116573893787,-0.19385463089795327,-0.03179556088179553,0.04247195203499309,-0.021074442874295024,0.0687335915510715,-0.11683431922540911
9.36,0.12981959133517934,-0.06129861212498483,0.6238097054558076,0.20091717432803716,0.5716238911787318,1.3805354431652328,-0.1940641364458211,-0.031106337137004416,0.04130104884041954,-0.02082643759188863,0.06911125858968331,-0.11734636738232149
9.370000000000001,0.12891652079641053,-0.0611837863267109,0.6238583773660039,0.19897549579229895,0.5713162896723161,1.3809425777975775,-0.19427115506930706,-0.030413333691960427,0.04012502374207951,-0.020577058165410445,0.06948953103998026,-0.11785869911874987
9.38,0.12801248024999629,-0.06106851183605444,0.623905678493885,0.1970317595621875,0.5710156371240213,1.3813379265576897,-0.19447567303205152,-0.029716544509431266,0.03894387393000323,-0.020326305616696967,0.06986840552157543,-0.11837130926690953
9.39,0.1271074753780675,-0.06095278585318292,0.623951605446607,0.19508599071294824,0.5707219714212673,1.3817214381845984,-0.19467767660808097,-0.02901596358609506,0.0377575966459838,-0.020074181001083838,0.07024787863262638,-0.11888419264177279
9.4,0.12620151186432974,-0.06083660556191228,0.6239961548701101,0.19313821445703372,0.5704353305113365,1.3820930613900095,-0.19487715208214262,-0.02831158495275582,0.03656618918375102,-0.019820685407436468,0.07062794694984414,-0.11939734404110094
9.41,0.12529459539428056,-0.06071996812991087,0.6240393234496118,0.19118845614399416,0.5701557524010321,1.3824527448588264,-0.19507408575004062,-0.02760340267455777,0.03536964888914322,-0.0195658199581796,0.07100860702850391,-0.11991075824547873
9.42,0.12438673165483918,-0.06060287071047238,0.6240811079089141,0.18923674126015108,0.5698832751469295,1.382800437258698,-0.19526846424250538,-0.02689142511971569,0.034167986855092154,-0.0193099131140469,0.0713754206327433,-0.12041057563571134
9.43,0.12347792620560752,-0.06048531078374203,0.6241215047518334,0.18728309538209092,0.569617934809035,1.3831360892042717,-0.19546028480193012,-0.02617612816873205,0.032961662908362964,-0.01905397258378469,0.07168399483980825,-0.1208541863144578
9.44,0.12256818432148114,-0.06036728658862017,0.6241605099364003,0.1853275441180766,0.5693597628718752,1.3834596557326042,-0.19564953917248154,-0.025457744722670615,0.03175090368494179,-0.01879667554473064,0.07199271912119441,-0.12129763015133525
9.450000000000001,0.12165751124867197,-0.06024879646455,0.6241981193774655,0.1833701131978016,0.5691087902078518,1.383771092499353,-0.19583621379528743,-0.024736273296618212,0.03053571087794066,-0.018538023245603174,0.07230159030919835,-0.12174090220663525
9.46,0.12074591224510905,-0.06012983874731592,0.6242343290265684,0.18141082848648568,0.5688650477040569,1.3840703551773539,-0.1960202951241301,-0.024011712437389764,0.02931608622990027,-0.018278016968561652,0.07261060522594805,-0.12218399753440431
9.47,0.11983339258082754,-0.06001041176917543,0.6242691348723779,0.17944971598474466,0.568628566261956,1.3843573994571154,-0.1962017696257807,-0.023284060723629114,0.028092031532850975,-0.018016658029230796,0.07291976068342451,-0.12262691118248786
9.48,0.11891995753836743,-0.05989051385899413,0.6243025329411357,0.17748680182846166,0.5683993767970678,1.384632181047314,-0.19638062378033372,-0.02255331676591143,0.026863548628376307,-0.017753947776724663,0.07322905348348352,-0.12306963819257423
9.49,0.1180056124131793,-0.05977014334237801,0.6243345192971029,0.17552211228865067,0.5681775102386457,1.3848946556752901,-0.19655684408154292,-0.021819479206843854,0.02563063940767353,-0.017489887593669352,0.07353848041787832,-0.12351217360024003
9.5,0.11709036251403836,-0.059649298541805285,0.6243650900430077,0.17355567377131795,0.5679629975293565,1.385144779087544,-0.19673041703715552,-0.021082546721166155,0.024393305811614044,-0.01722447889622524,0.0738480382682816,-0.1239545124349939
9.51,0.11617421316346718,-0.05952797777675878,0.6243942413204977,0.17158751281732107,0.5677558696249582,1.3853825070502341,-0.19690132916924813,-0.020342518015851747,0.023151549830804495,-0.016957723134108312,0.07415772380630849,-0.12439664972032187
9.52,0.11525716969816682,-0.05940617936385739,0.6244219693105948,0.1696176561022238,0.5675561574939776,1.3856077953496735,-0.1970695670145626,-0.01959939183020814,0.021905373505646593,-0.016689621790610547,0.07446753379353958,-0.12483858047373256
9.53,0.11433923746945612,-0.0592839016169866,0.6244482702341508,0.16764613043614837,0.5673638921173864,1.3858205997928281,-0.19723511712484162,-0.01885316693597731,0.02065477892639705,-0.016420176382619903,0.07477746498154429,-0.12528029970680232
9.540000000000001,0.11342042184371803,-0.05916114284742846,0.6244731403523085,0.16567296276362178,0.567179104488276,1.386020876207816,-0.1973979660671647,-0.018103842137434933,0.019399768233225347,-0.016149388460638757,0.07508751411190423,-0.12572180242522057
9.55,0.11250072820285723,-0.059037901363992396,0.6244965759669644,0.1636981801634235,0.5670018256115325,1.3862085804444078,-0.1975581004242844,-0.017351416271491255,0.018140343616274198,-0.015877259608802485,0.07539767791623715,-0.1261630836288357
9.56,0.11158016194476297,-0.05891417547314193,0.6245185734212338,0.16172180984842557,0.566832086503509,1.3863836683745239,-0.19771550679496336,-0.016595888207790063,0.016876507315716854,-0.01560379144489645,0.07570795311622129,-0.126604138311701
9.57,0.11065872848378189,-0.05878996347912446,0.6245391290999194,0.1597438791654307,0.566669918191698,1.3865460958927387,-0.1978701717943099,-0.015837256848807758,0.015608261621814485,-0.015328985620372477,0.07601833642361938,-0.12704496146212058
9.58,0.10973643325119828,-0.058665263684098246,0.6245582394299823,0.15776441559500676,0.5665153517144028,1.3866958189167782,-0.19802208205411545,-0.015075521129952432,0.014335608874973524,-0.015052843820364429,0.07632882454030372,-0.1274855480626958
9.59,0.10881328169572407,-0.058540074388258256,0.6245759008810167,0.15578344675131955,0.5663684181204074,1.3868327933880247,-0.19817122422319133,-0.014310680019663007,0.013058551465803037,-0.014775367763703218,0.0766394141582809,-0.12792589309037178
9.6,0.10788927928399568,-0.058414393889961946,0.6245921099657259,0.15380100038196004,0.5662291484686461,1.3869569752720172,-0.19831758496770538,-0.01354273251950749,0.011777091835170625,-0.014496559202930737,0.07695010195971688,-0.12836599151648362
9.61,0.1069644315010802,-0.05828822048585525,0.6246068632404023,0.1518171043677695,0.5660975738278712,1.387068320558955,-0.1984611509715199,-0.012771677664281422,0.010491232474258521,-0.014216419924312938,0.07726088461696304,-0.1288058383068042
9.620000000000001,0.10603874377231769,-0.05816155268691153,0.624620157128893,0.14983178668436523,0.5659737239685178,1.3871667864890376,-0.19860192048638944,-0.011997908950743683,0.009201345330864951,-0.013937275084249221,0.07749241667598643,-0.1291711197365039
9.63,0.10511222122643442,-0.05803438988271992,0.6246319873811416,0.14784507528440297,0.5658576233478697,1.3872523353127897,-0.19873989209329454,-0.011221830524897506,0.007907812345570498,-0.013656827442792493,0.07772320901615615,-0.12953536407643845
9.64,0.10418486894007739,-0.057906731694258085,0.6246423496046379,0.1458569982126311,0.5657492950451376,1.3873249306058157,-0.19887505266130154,-0.010443445964652975,0.006610640321824158,-0.013375067619362118,0.07795364308666511,-0.12989892667016215
9.65,0.10325669202026239,-0.057778577752619575,0.6246512394459979,0.14386758364501648,0.5656487621037053,1.3873845360118935,-0.19900738907808824,-0.0096627588667727,0.005309836099779621,-0.013091997519018905,0.07818371607468978,-0.13026180298035941
9.66,0.10232769560502916,-0.057649927699033376,0.6246586525913612,0.14187685988855273,0.5655560475308479,1.3874311152434302,-0.1991368882505502,-0.008879772856136973,0.004005406564934942,-0.012807619080257758,0.07841342516946508,-0.13062398847538606
9.67,0.10139788486410406,-0.05752078118487952,0.6246645847667904,0.13988485538106718,0.5654711742974515,1.3874646320819137,-0.19926353710513486,-0.00809449158572335,0.002697358648076119,-0.012521934275015672,0.07864276756231472,-0.1309854786293204
9.68,0.10046726499956948,-0.05739113787170291,0.62466903173867,0.13789159869102405,0.5653941653377322,1.3874850503783667,-0.19938732258817654,-0.007306918736585855,0.0013856993252199768,-0.012234945108679271,0.07887174044668235,-0.13134626892201484
9.69,0.09953584124653908,-0.057260997431223204,0.6246719893141085,0.13589711851732297,0.565325043548955,1.3874923340537972,-0.1995082316662305,-0.006517058017833073,7.043561755529558e-05,-0.011946653620091315,0.07910034101816163,-0.13170635483914686
9.700000000000001,0.09860361887384063,-0.05713035954534118,0.6246734533413412,0.13390144368909473,0.5652638317911536,1.387486447099651,-0.19962625132640816,-0.005724913166606586,-0.0012484254086155974,-0.011657061881556133,0.07932856647452743,-0.13206573187227055
9.71,0.09767060318470591,-0.05699922390614315,0.6246734197101342,0.13190460316549624,0.5652105528868503,1.3874673535782627,-0.1997413685767107,-0.0049304879480596715,-0.002570876641934684,-0.011366171998845126,0.07955641401576545,-0.13242439551886642
9.72,0.0967367995174661,-0.056867590215900876,0.6246718843521912,0.12990662603549805,0.5651652296207761,1.3874350176233048,-0.19985357044636484,-0.004133786155334386,-0.003896910926048926,-0.011073986111200406,0.07978388084410361,-0.13278234128239347
9.73,0.09580221324625421,-0.05673545818706849,0.6246688432415605,0.12790754151767095,0.5651278847395904,1.3873894034402383,-0.19996284398615685,-0.0033348116095391943,-0.005226521059669927,-0.010780506391338218,0.08001096416404217,-0.1331395646723396
9.74,0.09486684978171434,-0.05660282754227719,0.6246642923950428,0.12590737895996837,0.5650985409516018,1.3873304753067621,-0.20006917626876786,-0.0025335681597259416,-0.006559699796634743,-0.01048573504545133,0.08023766118238458,-0.13349606120427268
9.75,0.09393071457171663,-0.056469698014324554,0.6246582278726025,0.12390616783950577,0.5650772209264889,1.3872581975732596,-0.2001725543891077,-0.0017300596828666722,-0.007896439845966906,-0.010189674313210845,0.08046396910826731,-0.13385182639989032
9.76,0.09299381310208074,-0.05633606934616264,0.6246506457777798,0.12190393776233814,0.5650639472950215,1.3871725346632489,-0.20027296546465098,-0.0009242900838307512,-0.009236733871937023,-0.009892326467766895,0.08068988515319134,-0.13420685578707198
9.77,0.09205615089730258,-0.05620194129088196,0.6246415422581021,0.11990071846323049,0.5650587426487803,1.3870734510738285,-0.20037039663577075,-0.00011626329536015235,-0.010580574494126305,-0.009593693815748717,0.08091540653105175,-0.13456114489992824
9.78,0.09111773352128981,-0.05606731361169093,0.6246309135055007,0.11789653980542794,0.5650616295398802,1.386960911376124,-0.20046483506607393,0.0006940167219542521,-0.011927954287488527,-0.009293778697263702,0.08114053045816882,-0.13491468927885186
9.790000000000001,0.09017856657810376,-0.05593218608189349,0.6246187557567251,0.11589143178042353,0.5650726304806906,1.386834880215735,-0.20055626794273596,0.0015065459796964895,-0.013278865782412106,-0.008992583485896063,0.08136525415331808,-0.13526748447056827
9.8,0.08923865571253434,-0.055796558485374015,0.6246050652933459,0.11388542450761115,0.565091767940491,1.386695322316049,-0.20064468272281752,0.0023213133850362856,-0.014633294843287955,-0.008690489001992086,0.08157868833069118,-0.1356093396636778
9.81,0.0882980065000922,-0.05566043095042622,0.6245898381708752,0.11187854816450626,0.5651190623445834,1.386542204350631,-0.20073008451623037,0.0031378006628042664,-0.0159907527520735,-0.008389659897867103,0.08171862591353092,-0.13588204665455633
9.82,0.08735662426090947,-0.055523804530194176,0.6245730697481828,0.1098708328658906,0.565154528604193,1.3863754981903353,-0.20081247172921932,0.003955683073674387,-0.017350931861315807,-0.008087573328199291,0.08185771460708577,-0.13615357912702356
9.83,0.08641451431747346,-0.05538668045157574,0.6245547552990852,0.10786230882040092,0.5651981806281722,1.3861951766819456,-0.20089183179951448,0.004774952118456375,-0.018713820407019206,-0.007784231775626163,0.0819959523543151,-0.13642393332177183
9.84,0.08547168204700564,-0.055249059962157676,0.6245348901370149,0.10585300636217007,0.5652500322402786,1.386001212790074,-0.2009681521898375,0.005595599277462537,-0.020079406587684485,-0.0074796377558296115,0.08213333711262608,-0.13669310549715546
9.85,0.08452813288233427,-0.05511094433005009,0.6245134696153338,0.10384295595057975,0.565310097178971,1.3857935795975338,-0.20104142038823233,0.0064176160106506515,-0.02144767856448292,-0.0071737938175298055,0.08226986685390304,-0.13696109192924008
9.86,0.08358387231276812,-0.054972334843717996,0.6244904891276477,0.10183218817000259,0.5653783890972068,1.385572250305713,-0.20111162390839527,0.007240993757770108,-0.022818624461435625,-0.0068667025424776415,0.08240553956453617,-0.1372278889118505
9.870000000000001,0.08263890588497484,-0.05483323281180519,0.6244659441081195,0.09982073372954321,0.5654549215622408,1.385337198234944,-0.20117875029000487,0.008065723938507385,-0.024192232365591843,-0.006558366545446491,0.08254035324545018,-0.13749349275661923
9.88,0.0816932392038654,-0.0546936395629557,0.6244398300317828,0.09780862346278056,0.5655397080554239,1.3850883968248724,-0.20124278709905313,0.008891797952630079,-0.02556849032720488,-0.006248788474223553,0.08267430591213311,-0.13775789979303465
9.89,0.080746877933479,-0.054553556445627205,0.6244121424148578,0.09579588832749822,0.5656327619720066,1.3848258196348253,-0.20130372192817442,0.00971920718013459,-0.026947386359914016,-0.005937971009599724,0.08280739559466345,-0.13802110636848752
9.9,0.07979982779787492,-0.05441298482790086,0.6243828768150645,0.09378255940542085,0.5657340966209412,1.3845494403441756,-0.20136154239697615,0.010547942981390345,-0.028328908440920796,-0.0056259168653593015,0.08293962033773866,-0.1382831088483188
9.91,0.07885209458202597,-0.054271926097283985,0.624352028831938,0.09176866790194009,0.5658437252246855,1.3842592327527057,-0.20141623615236845,0.011377996697287238,-0.02971304451117058,-0.005312628788268584,0.08307097820070224,-0.13854390361586624
9.92,0.0779036841327157,-0.05413038166050954,0.6243195941071427,0.08975424514583967,0.5659616609190097,1.3839551707809679,-0.20146779086889416,0.012209359649382365,-0.03109978247553298,-0.0049981095580631605,0.08320146725757106,-0.13880348707251128
9.93,0.07695460235944097,-0.05398835294332932,0.6242855683247885,0.08773932258901995,0.5660879167528039,1.3836372284706473,-0.201516194249058,0.013042023140045737,-0.03248911020298064,-0.004682361987435666,0.08333108559706183,-0.139061855637724
9.94,0.07600485523531503,-0.053845841390300575,0.6242499472117462,0.08572393180621372,0.5662225056878858,1.3833053799849166,-0.20156143402365648,0.013875978452608772,-0.03388101552677256,-0.004365388922021261,0.08345983132261799,-0.1393190057491098
9.950000000000001,0.0750544487979761,-0.0537028484645688,0.6242127265379617,0.08370810449470302,0.5663654405988127,1.3829595996087942,-0.20160349795210725,0.014711216851511007,-0.03527548624463458,-0.004047193240383202,0.08358770255243574,-0.1395749338624547
9.96,0.07410338915049988,-0.05355937564764596,0.6241739021167734,0.08169187247403366,0.5665167342726916,1.3825998617494986,-0.20164237382277797,0.015547729582446814,-0.03667251011893983,-0.003727777853997853,0.08371469741948975,-0.13982963645176943
9.97,0.07315168246231057,-0.05341542443917985,0.6241334698052272,0.07967526768571825,0.566676399408994,1.3822261409367995,-0.2016780494533158,0.016385507872515723,-0.0380720748768952,-0.0034071457072373454,0.0838408140715592,-0.14008311000933546
9.98,0.07219933497010088,-0.053270996356722444,0.6240914255043932,0.07765832219294692,0.5668444486193698,1.3818384118233704,-0.20171051269097542,0.01722454293036843,-0.03947416821072066,-0.003085299777353461,0.0839660506712523,-0.1403353510457476
9.99,0.07124635296560602,-0.05312609298122717,0.6240477651254428,0.07564106816967085,0.5670208941609488,1.3814366494402037,-0.20173975697774293,0.018064686256533097,-0.040878644088486855,-0.0027641880019765776,0.08404158299733462,-0.1405396308921611
10.0,0.0702927425916764,-0.05298071667750903,0.6240024840504488,0.07362353773310401,0.5672057437391209,1.3810208332137073,-0.20176579557894178,0.0189052924792519,-0.04228488093223425,-0.002443334006859593,0.08407944377685228,-0.14070746367862833
10.01,0.0693385098880209,-0.05283487046801416,0.6239555772269569,0.07160576297303457,0.5673990012507787,1.3805909462545625,-0.2017886196983474,0.019746270775120773,-0.04369278787413237,-0.0021212921529993496,0.08411599747242218,-0.1408736500879274
10.02,0.06838366097116205,-0.05268855742089712,0.6239070396260099,0.06958777609362359,0.5676006703512835,1.3801469719441501,-0.2018082174727166,0.02058760806869788,-0.04510234843742969,-0.001798065514643215,0.08415124316808792,-0.14103818752919456
10.03,0.0674282020409484,-0.05254178063061321,0.6238568662565788,0.06756960941750868,0.5678107545651977,1.379688893828748,-0.20182457706971016,0.021429291275514746,-0.046513546119614835,-0.001473657198361518,0.0841851799743491,-0.1412010734411069
10.040000000000001,0.06647213938155894,-0.05239454321750975,0.6238050521657612,0.06555129538549438,0.5680292572861947,1.3792166956197855,-0.20183768668821658,0.022271307302340528,-0.0479263643927116,-0.0011480703430258605,0.08421780702817923,-0.14136230529191962
10.05,0.06551547936250916,-0.05224684832741794,0.6237515924389819,0.06353286655624084,0.568256181776973,1.3787303611940982,-0.20184753455867416,0.023113643047445728,-0.049340786703572885,-0.0008213081197869856,0.08424912349304226,-0.14152188057950074
10.06,0.0645582284396545,-0.05209869913123011,0.62369648220019,0.061514355605943975,0.5684915311691722,1.3782298745941788,-0.20185410894339384,0.02395628540086829,-0.05075679647417902,-0.0004933737320510084,0.08427912855890893,-0.14167979683136678
10.07,0.06360039315619417,-0.05195009882447621,0.6236397166120559,0.05949579532801424,0.5687353084632925,1.3777152200284215,-0.2018573981368822,0.024799221244679197,-0.05217437710193506,-0.00016427041545514706,0.08430782144227277,-0.14183605160471782
10.08,0.0626419801436777,-0.05180105062689072,0.6235812908761692,0.057477218632757135,0.5689875165286158,1.3771863818713699,-0.20185739046616266,0.025642437453245976,-0.05359351195996489,0.00016599856215675224,0.08433520138616499,-0.14199064248647053
10.09,0.061682996123006956,-0.051651557781972446,0.6235212002332342,0.05545865854704263,0.5692481581031305,1.376643344663955,-0.20185407429109867,0.026485920893499847,-0.05501418439741127,0.0004974299007605293,0.08436126766016938,-0.14214356709329273
10.1,0.06072344790544051,-0.05150162355654081,0.623459439963266,0.05344014821397661,0.569517235793458,1.376086093113736,-0.20184743800471452,0.02732965842520062,-0.05643637773973249,0.0008300202681780916,0.08438601956043597,-0.14229482307163505
10.11,0.059763342393596625,-0.051351251240282225,0.6233960053857845,0.051421720892568,0.5697947520747829,1.3755146120951345,-0.2018374700335164,0.028173636901202295,-0.05786007528900001,0.0011637663001045698,0.08440945640969418,-0.14244440809776288
10.120000000000001,0.05880268658245496,-0.05120044414529151,0.6233308918600098,0.04940340995739119,0.5700807092907847,1.374928886649667,-0.20182415883781513,0.029017843167719493,-0.05928526032419782,0.0014986646001371486,0.08443157755726663,-0.14259231987778967
10.13,0.05784148756035887,-0.05104920560560777,0.6232640947850538,0.04738524889824886,0.5703751096535725,1.3743289019861744,-0.20180749291204483,0.029862264064592248,-0.060711916101518965,0.0018347117398031312,0.08445238237907982,-0.14273855614770478
10.14,0.05687975251001403,-0.050897538976741374,0.6231956096001157,0.04536727131982507,0.5706779552436241,1.373714643481048,-0.20178746078508517,0.030706886425553966,-0.062140025854667685,0.002171904258590651,0.08447187027767686,-0.14288311467340611
10.15,0.05591748870948935,-0.05074544763519728,0.623125431784672,0.043349510941343226,0.5709892480097242,1.3730860966784544,-0.2017640510205808,0.03155169707849585,-0.06356957279515559,0.0025102386639787623,0.08449004068222803,-0.14302599325072854
10.16,0.05495470353321328,-0.05059293497798967,0.6230535568586696,0.04133200159621354,0.5713089897689089,1.3724432472905528,-0.20173725221726166,0.03239668284573472,-0.06500054011260359,0.0028497114314690944,0.08450689304854135,-0.14316718970547318
10.17,0.053991404451460716,-0.05044000442864671,0.6229799803786339,0.03931477723004754,0.5716371821702124,1.371786081234007,-0.20170705466957656,0.0332417938339113,-0.06643287417077796,0.0031891963298083317,0.08449760396500848,-0.14328181550955985
10.18,0.053027598912924793,-0.05028665995071119,0.622904697614603,0.03729787177074424,0.5719738238301516,1.3711145875019877,-0.2016734739700559,0.03408642158143077,-0.06786596132031684,0.0035271288614197108,0.0844276604676381,-0.14333526780273792
10.19,0.052063294265721795,-0.050132906423083046,0.6228277033130267,0.03528131903357657,0.5723189082418862,1.370428760260522,-0.20163650839258385,0.0349303413426691,-0.06929957259305941,0.003866171321275874,0.0843560067929829,-0.1433866399652136
10.200000000000001,0.05109849794933072,-0.0499787488389124,0.6227489921994286,0.03326515292276008,0.5726724282400529,1.3697285943724036,-0.20159614685589478,0.035773536018442006,-0.07073368718221425,0.004206320100783808,0.08428264346497794,-0.14343593090687243
10.21,0.05013321751618026,-0.04982419221749368,0.6226685590334147,0.031249407453143124,0.5730343764883238,1.3690140849085466,-0.20155237831496559,0.03661598851499151,-0.07216828427029257,0.004547571560029768,0.08420757104502828,-0.1434831395785178
10.22,0.04916746063268059,-0.049669241603587266,0.6225863986087475,0.029234116749840684,0.5734047454794615,1.3682852271480928,-0.20150519176132883,0.03745768174436145,-0.07360334302951903,0.004889922027815461,0.08413079013200582,-0.1435282649718862
10.23,0.04820123508025268,-0.049513902066732896,0.6225025057534173,0.02721931504786906,0.5737835275353802,1.3675420165785108,-0.20145457622338558,0.0382985986247714,-0.07503884262223996,0.005233367801694411,0.0840523013622455,-0.14357130611966182
10.24,0.0472345487563503,-0.04935817870055598,0.6224168753297132,0.025205036691773108,0.5741707148072088,1.3667844488956924,-0.20140052076671683,0.0391387220809923,-0.07647476220133444,0.005577905148009415,0.08397210540954032,-0.14361226209548925
10.25,0.04626740967548104,-0.04920207662206938,0.6223295022342945,0.023191316135257215,0.5745662992753579,1.3660125200040487,-0.20134301449439646,0.03997803504471925,-0.0779110809106211,0.005923530301930232,0.08389020298513605,-0.1436511320139866
10.26,0.04529982597021759,-0.049045600970964554,0.6222403813982584,0.02117818794080528,0.5749702727495908,1.3652262260165946,-0.20128204654730253,0.040816520454947505,-0.07934777788527052,0.006270239467493086,0.0838065948377249,-0.14368791503075742
10.27,0.044331805892206234,-0.048888756908899655,0.6221495077872091,0.019165686779301448,0.5753826268690997,1.3644255632550348,-0.20121760610442788,0.04165416125834664,-0.08078483225221456,0.006618028817640127,0.08372128175343756,-0.14372261034240036
10.28,0.04336335781317026,-0.048731549618778236,0.622056876401325,0.01715384742964919,0.5758033531025829,1.3636105282498452,-0.20114968238319142,0.042490940409634276,-0.08222222313055537,0.006966894494259829,0.08363426455583559,-0.14375521718651985
10.290000000000001,0.042394490225905634,-0.04857398430402282,0.621962482275424,0.015142704778382678,0.5762324427483281,1.3627811177403462,-0.20107826463974815,0.04332684087195143,-0.0836599296319774,0.00731683260822855,0.08354554410590202,-0.14378573484173457
10.3,0.04142521174527408,-0.04841606618784189,0.6218663204790307,0.013132293819281632,0.5766698869342977,1.3619373286747787,-0.20100334216929908,0.04416184561723513,-0.08509793086115479,0.0076678392394520754,0.08345512130203159,-0.14381416262768534
10.31,0.04045553110918665,-0.04825780051249018,0.6217683861164395,0.01112264965297598,0.5771156766182186,1.3610791582103696,-0.2009249043064015,0.044995937626594075,-0.0865362059161645,0.008019910436909224,0.08336299708002047,-0.14384049990504358
10.32,0.0394854571795836,-0.04809919253852252,0.6216686743267786,0.009113807486551917,0.5775698025876775,1.3602066037133957,-0.20084294042527642,0.045829099890681645,-0.087974733888895,0.008373042218694808,0.08326917241305339,-0.14386474607551486
10.33,0.03851499894340763,-0.04794024754404269,0.6215671802840725,0.007105802633154762,0.5780322554602156,1.3593196627592448,-0.2007574399401189,0.046661315410069786,-0.08941349386545663,0.008727230572064293,0.0831736483116925,-0.143886900581847
10.34,0.037544165513569754,-0.047780970823944946,0.6214638991973044,0.00509867051158616,0.5785030256834316,1.3584183331324708,-0.20066839230540484,0.04749256719562299,-0.09085246492659266,0.009082471453479032,0.08307642582386308,-0.1439069629078323
10.35,0.03657296612899241,-0.04762136769448577,0.621358826308041,0.0030924466444501963,0.5789821035070604,1.3575026128570056,-0.20057578859305641,0.04832280778472553,-0.0922915933414529,0.009437617208791927,0.08295539808748197,-0.14390114029640366
10.36,0.035601410070421086,-0.04746144399438851,0.6212519566611767,0.0010871665213816,0.579469476346834,1.3565725030333011,-0.20047964739365365,0.049151458519411134,-0.0937302536973165,0.009790793360390179,0.08277440775384108,-0.14383051904262373
10.370000000000001,0.034629506597138295,-0.04730120649788777,0.6211432849143433,-0.0009171345138342865,0.5799651266103376,1.3556280101782807,-0.20037996931889618,0.04997828912152462,-0.09516819548681163,0.010144991596677274,0.08259137193839872,-0.14375742714235634
10.38,0.033657265092813096,-0.04714066209573203,0.6210328057101214,-0.0029204210414066865,0.5804690359940078,1.3546691416011292,-0.20027674416847963,0.05080327914728804,-0.09660539400715121,0.010500207804102862,0.08240629285714339,-0.1436818653399771
10.39,0.03268469508321634,-0.04697981769777487,0.62092051371996,-0.004922657539749987,0.580981185989955,1.3536959048580195,-0.20016996178338567,0.05162640817531961,-0.09804182456325138,0.010856437839066884,0.08221917277313327,-0.1436038344314473
10.4,0.031711806237161494,-0.04681868023200836,0.6208064036441303,-0.006923808385895665,0.5815015578861905,1.3527083077520357,-0.20005961204618192,0.05244765580710313,-0.09947746246824546,0.011213677527968001,0.08203001399646474,-0.14352333526429814
10.41,0.03073860836743377,-0.04665725664358916,0.620690470211677,-0.008923837855909883,0.5820301327668563,1.3517063583330864,-0.1999456848813218,0.05326700166745844,-0.10091228304399973,0.011571922667254026,0.08183881888423998,-0.14344036873761523
10.42,0.02976511143170911,-0.0464955538938609,0.6205727081803707,-0.010922710125314344,0.5825668915124611,1.350690064897817,-0.19982817025544378,0.05408442540501129,-0.10234626162162927,0.011931169023472375,0.08164558984053293,-0.14335493580202052
10.43,0.02879132553346339,-0.04633357895936813,0.6204531123366575,-0.012920389269507717,0.5831118148001206,1.3496594359895127,-0.19970705817767032,0.05489990669266233,-0.10377937354201187,0.012291412333321514,0.08145032931635511,-0.14326703745965474
10.44,0.027817260922868313,-0.04617133883086638,0.6203316774956105,-0.01491683926419626,0.5836648831038039,1.3486144803979982,-0.1995823386999055,0.055713425228057924,-0.10521159415630611,0.012652648303703717,0.08125303980961898,-0.14317667476415674
10.450000000000001,0.026842927997680587,-0.046008840512326066,0.6202083985008795,-0.016912023985817922,0.5842260766945812,1.347555207159535,-0.1994540019171338,0.05652496073405698,-0.1066428988264627,0.013014872611777617,0.081053723865102,-0.14308384882064415
10.46,0.02586833730411584,-0.04584609101993242,0.6200832702246373,-0.018905907211978535,0.5847953756408794,1.3464816255567065,-0.1993220379677162,0.05733449295920084,-0.1080732629257418,0.013378080905012186,0.08085238407440763,-0.14298856078568994
10.47,0.02489349953771417,-0.04568309738107851,0.6199562875675315,-0.020898452621885284,0.5853727598087417,1.3453937451183073,-0.19918643703368688,0.05814200167818062,-0.10950266183922593,0.013742268801241143,0.08064902307592639,-0.14289081186729974
10.48,0.02391842554419273,-0.04551986663335367,0.6198274454586297,-0.02288962379678517,0.5859582088620904,1.3442915756192182,-0.19904718934105056,0.05894746669230528,-0.11093107096433522,0.01410743188871868,0.08044364355479647,-0.14279060332488897
10.49,0.022943126320287242,-0.04535640582352979,0.619696738855368,-0.02487938422040665,0.5865517022629964,1.3431751270802825,-0.19890428516007613,0.05975086782996859,-0.11235846571134046,0.01447356572617495,0.08023624824286095,-0.14268793646925487
10.5,0.02196761301458164,-0.04519272200653818,0.6195641627434971,-0.02686769727940351,0.5871532192719516,1.3420444097681745,-0.19875771480559296,0.060552184947116366,-0.1137848215038778,0.014840665842873474,0.08002683991862669,-0.14258281266255238
10.51,0.02099189692832632,-0.04502882224444704,0.6194297121370291,-0.028854526263800813,0.5877627389481471,1.3408994341952631,-0.19860746863728504,0.06135139792771208,-0.11521011377946061,0.01520872773866822,0.07981542140722026,-0.1424752333182652
10.52,0.020015989516242644,-0.044864713605431095,0.6192933820781821,-0.030839834367447,0.5883802401497555,1.3397402111194707,-0.19845353705998442,0.06214848668420384,-0.11663431798999438,0.015577746884062318,0.07960199558034314,-0.14236519990117694
10.53,0.01903990238406012,-0.04470040319279128,0.6191551676302116,-0.0328235846973111,0.5890057013874955,1.338566751717791,-0.1982959159351826,0.06294334139538721,-0.11805730335719246,0.015945511360823512,0.07934994913994708,-0.1422093741250639
10.540000000000001,0.01806364721567754,-0.044535898837646526,0.6190150637125904,-0.03480574047820155,0.589639097436551,1.3373790715966936,-0.19813462956674474,0.06373538121909485,-0.11947838157203983,0.01631191688468896,0.07905763126521961,-0.14200580009834046
10.55,0.017087235778402536,-0.04437120911861614,0.6188730650937934,-0.0367862650596935,0.5902803992295328,1.3361771909190128,-0.19796967451393596,0.06452448634072286,-0.12089740998899379,0.016679247473427618,0.07876300940164985,-0.14179941502392787
10.56,0.016110680003179077,-0.04420634265398071,0.618729166557507,-0.03876512170876785,0.590929577304289,1.3349611303232305,-0.19780104154900313,0.06531063374080127,-0.12231436051200231,0.017047498543142844,0.07846608764196347,-0.14159022179677505
10.57,0.015133991989027297,-0.044041308066768425,0.6185833629104416,-0.04074227360035556,0.5915866019686781,1.333730910728645,-0.1976287214901747,0.06609380044106129,-0.12372920507426775,0.01741666548140921,0.07816687013384119,-0.14137822337317116
10.58,0.01415718400375213,-0.043876113983511655,0.6184356489821851,-0.042717683817801375,0.5922514433009844,1.332486553335074,-0.19745270520194624,0.0668739635049857,-0.12514191563886254,0.017786743647335138,0.07786536107985266,-0.14116342277069238
10.59,0.013180268484636926,-0.043710769033003805,0.6182860196250588,-0.044691315353327855,0.5929240711503379,1.331228079622552,-0.19727298359536363,0.06765110003835723,-0.12655246419934105,0.018157728371625326,0.07756156473738837,-0.14094582306814607
10.6,0.012203258039121083,-0.0435452818450473,0.6181344697139741,-0.04666313110850204,0.5936044551371403,1.3299555113510224,-0.19708954762830805,0.06842518718980635,-0.1279608227803518,0.018529614956644444,0.07725548541859124,-0.14072542740551477
10.61,0.011226165445461646,-0.043379661049205265,0.6179809941462883,-0.04863309389470418,0.5942925646534962,1.3286688705600254,-0.19690238830577822,0.0691962021513581,-0.12936696343824822,0.01890239867648083,0.07694712749028655,-0.14050223898389846
10.620000000000001,0.01024900365337697,-0.04321391527354457,0.6178255878416594,-0.05060116643360192,0.5949883688636494,1.3273681795683756,-0.19671149668017301,0.06996412215897907,-0.13077085826170015,0.01927607477701171,0.07663649537390987,-0.14027626106545443
10.63,0.009271785784674455,-0.04304805314338106,0.6176682457419053,-0.05256731135762549,0.5956918367044257,1.326053460973838,-0.19651686385157344,0.07072892449312318,-0.1321724793723048,0.019650638475969068,0.07632359354543504,-0.14004749697333763
10.64,0.008294525133861717,-0.04288208328002008,0.6175089628108579,-0.05453149121044499,0.5964029368856802,1.3247247376527926,-0.19631848096802362,0.07149058647927627,-0.133571798925195,0.0200260849630055,0.07600842653529974,-0.13981595009163794
10.65,0.007317235168740183,-0.042716014299495175,0.6173477340342212,-0.05649366844745158,0.5971216378907497,1.3233820327598995,-0.1961163392258111,0.07224908548850029,-0.1349687891096486,0.02040240939976142,0.07569099892833024,-0.13958162386531656
10.66,0.0063399295309807015,-0.04254985481130574,0.6171845544194287,-0.058453805436242914,0.5978479079769126,1.3220253697277515,-0.19591042986974724,0.07300439893797785,-0.1363634221496984,0.020779606919933476,0.07537131536366509,-0.1393445218001424
10.67,0.005362622036683678,-0.042383613417153854,0.6170194189955012,-0.060411864457107244,0.5985817151758511,1.320654772266526,-0.19570074419344521,0.07375650429155328,-0.1377556703047371,0.02115767262934201,0.0750493805346766,-0.1391046474626236
10.68,0.004385326676919606,-0.04221729870967844,0.6168523228129037,-0.062367807703514445,0.5993230272941221,1.3192702643636263,-0.1954872735395998,0.07450537906027599,-0.13914550587012683,0.021536601606001432,0.07472519918889263,-0.13886200447994265
10.69,0.0034080576182527397,-0.042050919271188536,0.6166832609434056,-0.06432159728260822,0.6000718119136309,1.3178718702833203,-0.1952700093002638,0.07525100080294099,-0.14053290117780434,0.02191638890018953,0.07439877612791515,-0.13861659653988478
10.700000000000001,0.0024308292032464464,-0.04188448367239744,0.6165122284799385,-0.06627319521570141,0.6008280363921122,1.3164596145663698,-0.1950489429171259,0.07599334712662964,-0.1419178285968876,0.02229702953451862,0.07407011620733896,-0.1383684273907691
10.71,0.0014536559418044416,-0.041718000668251876,0.6163392205408393,-0.06822256350244306,0.6015916669790249,1.315033523206989,-0.19482408665931578,0.07673210702322988,-0.14329987634164518,0.022673997019566468,0.07367640696097681,-0.1380338950869998
10.72,0.00047655247707830556,-0.04155148000439979,0.6161642322868156,-0.07016966438265412,0.6023626651853036,1.3135936284847345,-0.19459546038713987,0.07746686476638398,-0.14467849322600596,0.023051394411553378,0.07327472738531264,-0.13768896524470903
10.73,-0.00050046637638404,-0.04138493173159519,0.6159872589038036,-0.07211446011659478,0.6031409908436315,1.312139964891761,-0.1943630560394914,0.07819759329532491,-0.14605364532455983,0.023429611280679587,0.07287056512837226,-0.13734093881099482
10.74,-0.001477385616415989,-0.04121836588544703,0.6158082955953672,-0.07405691288262095,0.6039266035378344,1.3106725672306663,-0.19412686544664598,0.07892426781364219,-0.14742530169807008,0.023808642613021805,0.07246392628070453,-0.13698982113289854
10.75,-0.002454190052864326,-0.04105179248481505,0.6156273375824861,-0.07599698477763973,0.604719462604078,1.3091914706131744,-0.19388688048915295,0.07964686358613489,-0.14879343146111892,0.02418848336788946,0.07205481699384772,-0.1366356176275033
10.76,-0.0034308643072545088,-0.04088522153033797,0.6154443801033478,-0.07793463781761946,0.605519527131486,1.3076967104595885,-0.19364309309810163,0.08036535593942308,-0.1501580037828113,0.024569128477899483,0.07164324348022232,-0.13627833378183216
10.77,-0.004407392812471052,-0.04071866300296123,0.6152594184131416,-0.07986983393809033,0.6063267559627589,1.3061883224982478,-0.19339549525538824,0.08107972026255392,-0.15151898788746956,0.024950572849049814,0.07122921201302489,-0.13591797515274687
10.78,-0.005383759812466089,-0.040552126862467286,0.6150724477838533,-0.08180253499465934,0.6071411076948031,1.3046663427649674,-0.19314407899398214,0.08178993200761113,-0.15287635305533576,0.02533281136079597,0.0708127289261188,-0.135554547366844
10.790000000000001,-0.006359949361984356,-0.040385623046008456,0.6148834635040623,-0.08373270276351717,0.6079625406793632,1.3031308076024797,-0.19288883639819066,0.08249596669031894,-0.15423006862326408,0.025715838866125725,0.07039380061392468,-0.13518805612034962
10.8,-0.007335945326314871,-0.0402191614666399,0.6146924608787372,-0.085660298941956,0.6087910130236611,1.301581753659861,-0.19262975960392278,0.08319779989064827,-0.15558010398541902,0.026099650191636473,0.06997243353130804,-0.1348185071790117
10.81,-0.008311731381062875,-0.04005275201185676,0.6144994352290372,-0.08758528514888705,0.6096264825910435,1.3000192178919572,-0.19236684079895341,0.0838954072534208,-0.15692642859397057,0.02648424013761259,0.0695486341934668,-0.13444590637799217
10.82,-0.009287291011944199,-0.039886404542132325,0.6143043818921099,-0.08950762292535984,0.6104689070016313,1.2984432375587975,-0.19210007222318595,0.08458876448891153,-0.1582690119597871,0.02686960347810366,0.06912240917581651,-0.1340702596217566
10.83,-0.010262607514601719,-0.03972012888946036,0.614107296220896,-0.09142727373508343,0.6113182436329778,1.2968538502250095,-0.19182944616891387,0.08527784737344961,-0.15960782365312637,0.02725573496100244,0.06869376511387475,-0.13369157288396186
10.84,-0.011237663994446069,-0.039553934855901196,0.6139081735839307,-0.09334419896495366,0.6121744496207329,1.2952510937592159,-0.19155495498108227,0.08596263175001972,-0.16094283330432918,0.027642629308125177,0.06826270870314344,-0.13330985220734345
10.85,-0.012212443366517795,-0.03938783221213016,0.6137070093651488,-0.09525835992558011,0.6130374818593116,1.2936350063334332,-0.19127659105754832,0.08664309352886108,-0.16227401060450852,0.028030281215291414,0.06782924669899047,-0.13292510370360025
10.86,-0.013186928355372815,-0.03922183069599089,0.6135037989636919,-0.09716971785181638,0.6139072970025703,1.2920056264224606,-0.19099434684934052,0.08731920868806524,-0.16360132530623836,0.028418685352404736,0.06739338591652914,-0.13253733355327763
10.870000000000001,-0.014161101494990846,-0.03905594001105195,0.613298537793716,-0.09907823390329343,0.6147838514644882,1.2903629928032612,-0.19070821486091744,0.08799095327417315,-0.1649247472242421,0.028807836363534428,0.06695513323049661,-0.1321465480056494
10.88,-0.015134945128360666,-0.03889016986592464,0.6130912212967086,-0.10098386917961362,0.6156671012528356,1.2887071448083207,-0.1904181957237772,0.08865821141500242,-0.16624410635087306,0.029194764046543625,0.06648071440977281,-0.13170138257838057
10.89,-0.01610844139993793,-0.03872453069807774,0.6128818451637869,-0.10288658498210194,0.6165569989936069,1.2870381268509992,-0.19012432282134092,0.08932049474724046,-0.16755866619124749,0.029579935428382928,0.0659755193646323,-0.13121002942447724
10.9,-0.017081572251130717,-0.038559033587197866,0.6126704053090389,-0.10478634278511928,0.617453494264714,1.2853559879185066,-0.18982659464438018,0.08997771316224465,-0.16886829583119195,0.02996581805818789,0.06546773230656737,-0.13071534382201128
10.91,-0.018054319423922834,-0.03839368959548073,0.6124568976672011,-0.10668310400044913,0.6183565362875195,1.2836607774793345,-0.18952500410725545,0.09062984078030026,-0.1701729619862363,0.03035240656368029,0.06495736132927966,-0.13021733378684272
10.92,-0.019026664461155186,-0.03822850974221409,0.6122413181861196,-0.10857682996928511,0.6192660740249929,1.28195254533442,-0.18921954417817535,0.09127685180295571,-0.17147263145245653,0.030739695547721636,0.06444441459180668,-0.12971600741258854
10.93,-0.01999858870667034,-0.038063505002145503,0.6120236628265141,-0.11046748196277444,0.6201820561825295,1.2802313416163325,-0.1889102078794429,0.09191872051367599,-0.1727672711072533,0.031127679588397544,0.06392890031837299,-0.1292113728704668
10.94,-0.0209700733054808,-0.03789868630386034,0.6118039275617435,-0.11235502118255807,0.6211044312087709,1.2784972167884574,-0.18859698828770455,0.09255542127849369,-0.1740568479101267,0.03151635323910279,0.06341082679824286,-0.12870343840914336
10.950000000000001,-0.02194109920396547,-0.03773406452816436,0.6115821083775734,-0.11423940876131675,0.6220331472964348,1.2767502216441708,-0.18827987853419537,0.09318692854665858,-0.17534132890345022,0.0319057110286264,0.06289020238556907,-0.1281922123545733
10.96,-0.02291164715009086,-0.037569650506475816,0.6113582012719482,-0.11612060576331656,0.6229681523831495,1.2749904073060097,-0.18795887180498577,0.09381321685128566,-0.1766206812132423,0.03229574746123805,0.06236703549924213,-0.1276777031098436
10.97,-0.02388169769366213,-0.03740545501922382,0.6111322022547624,-0.11799857318496204,0.6239093941522981,1.2732178252248256,-0.18763396134122473,0.09443426081000238,-0.17789487204993837,0.03268645701677487,0.06184133462273533,-0.12715991915501018
10.98,-0.02485123118659538,-0.037241488794258704,0.6109041073476386,-0.11987327195534199,0.6248568200338632,1.2714325271789446,-0.18730514043938595,0.09505003512559247,-0.17916386870915688,0.03307783415072847,0.061313108303952396,-0.1266388690469387
10.99,-0.02582022778322278,-0.03707776250526773,0.6106739125837036,-0.1217446629367893,0.6258103772052848,1.2696345652733059,-0.18697240245150898,0.09566051458664049,-0.18042763857246918,0.03346987329433363,0.06078236515506897,-0.1261145614191377
11.0,-0.026788667440621913,-0.03691428677020181,0.6104416140073696,-0.12361270692543803,0.626770012592321,1.2678239919385978,-0.18663574078544104,0.09626567406817385,-0.18168614910816497,0.03386256885465663,0.060249113852374414,-0.12558700498159228
11.01,-0.027756529918969507,-0.03675107214971235,0.6102072076741183,-0.1254773646517782,0.6277356728699142,1.2660008599303911,-0.18629514890508053,0.09686548853230241,-0.18293936787201462,0.03425591521468495,0.059713363136114396,-0.1250562085205989
11.02,-0.028723794781925372,-0.036588129145598,0.6099706896502862,-0.12733859678121992,0.6287073044630653,1.2641652223282598,-0.18595062033061563,0.09745993302885742,-0.184187262508032,0.034649906733416946,0.05917512181032841,-0.12452218089859393
11.03,-0.029690441397043316,-0.03642546819926146,0.6097320560128541,-0.12919636391465947,0.6296848535477167,1.26231713253489,-0.18560214863876354,0.09804898269602905,-0.185429800749236,0.03504453774595282,0.05863439874268668,-0.12398493105398156
11.040000000000001,-0.030656448936206122,-0.0362630996901766,0.6094913028492367,-0.13105062658904232,0.6306682660516353,1.260456644275192,-0.18524972746301024,0.0986326127610016,-0.18666695041840833,0.03543980256358602,0.05809120286432736,-0.12344446800096255
11.05,-0.03162179637550776,-0.03610103394510261,0.6092484262634558,-0.1329013452822786,0.6316574876150044,1.2585838116656958,-0.18489335422815958,0.09921076388724727,-0.18789861898440965,0.0358335547823658,0.05752567817149172,-0.12286615110390048
11.06,-0.03258646246424031,-0.035939281802547685,0.6090034227125846,-0.13474848064320227,0.6326524614626307,1.2566986929266348,-0.18453306734491476,0.099782997022401,-0.18912405152672168,0.03622392171357894,0.05692050894094991,-0.12221977060267036
11.07,-0.033550425706059775,-0.03577785488994195,0.6087562891740883,-0.13659199360698634,0.6336531273391977,1.2548013522398052,-0.1841688738063899,0.10034916528450681,-0.19034300267953064,0.036614884893438386,0.05631270524485172,-0.1215698750245484
11.08,-0.03451366440014127,-0.035616764832414605,0.608507022677523,-0.13843184507735942,0.6346594244644194,1.2528918545946743,-0.18380076767848377,0.10090924237951177,-0.1915554373468478,0.03700643864115901,0.05570227721512758,-0.12091647533974702
11.09,-0.03547615664558326,-0.0354560231813395,0.6082556202628902,-0.14026799589899422,0.635671291795578,1.2509702653311188,-0.18342874308401655,0.10146320211502302,-0.19276132054280926,0.03739857725320277,0.05508923505178214,-0.12025958260288916
11.1,-0.036437880342139,-0.0352956414126428,0.6080020789803997,-0.14210040685807773,0.6366886680285432,1.2490366501383185,-0.18305279420295684,0.10201101840098732,-0.19396061739251855,0.037791295003371805,0.054473589022703675,-0.11959920795279405
11.11,-0.03739881319097594,-0.03513563092512412,0.6077463958902363,-0.14392903868288257,0.6377114915987976,1.2470910750536457,-0.18267291527264876,0.10255266525036898,-0.19515329313288746,0.03818458614290272,0.053855349463472674,-0.11893536261226259
11.120000000000001,-0.038358932695467404,-0.03497600303879339,0.6074885680623279,-0.14575385204434393,0.6387397006824729,1.2451336064615384,-0.18228910058803577,0.10308811677982593,-0.19633931311347538,0.03857844490056098,0.05323452677716706,-0.11826805788785824
11.13,-0.03931821616200977,-0.03481676899322428,0.60722859257612,-0.14757480755663258,0.6397732331973865,1.2431643110923771,-0.1819013445018864,0.10361734721038277,-0.19751864279732334,0.038972865482735625,0.05261113143416827,-0.11759730516968889
11.14,-0.040276640700874625,-0.0346579399459202,0.6069664665203498,-0.1493918657777391,0.6408120268040925,1.2411832560213365,-0.18150964142501666,0.10414033086810445,-0.19869124776179203,0.03936784207353615,0.05198517397196287,-0.11692311593118397
11.15,-0.041234183227086094,-0.03449952697070052,0.6067021869928252,-0.15120498721005382,0.641856018906933,1.239190508667244,-0.18111398582651156,0.10465704218476515,-0.19985709369939156,0.039763368834888006,0.051356664994943665,-0.11624550172886991
11.16,-0.042190820461328146,-0.03434154105610049,0.6064357511002093,-0.1530141323009495,0.6429051466550996,1.2371861367914225,-0.18071437223394826,0.10516745569851686,-0.20101614641861218,0.040159439906630325,0.05072561517421067,-0.1155644742021466
11.17,-0.04314652893088169,-0.034183993103790666,0.6061671559578045,-0.1548192614433669,0.6439593469436989,1.2351702084965286,-0.18031079523361587,0.105671546054555,-0.20216837184475084,0.040556049406612976,0.05009203524736884,-0.11488004507305917
11.18,-0.044101284970592236,-0.03402689392701158,0.6058963986893419,-0.15662033497640615,0.645018556414829,1.2331427922253753,-0.17990324947073325,0.10616928800578282,-0.20331373602073768,0.04095319143079505,0.04945593601832323,-0.11419222614606636
11.19,-0.045055064723864106,-0.03387025424902884,0.6056234764267738,-0.15841731318591437,0.6460827114586574,1.2311039567597564,-0.17949172964966967,0.10666065641347348,-0.20445220510795883,0.04135086005334403,0.04881732835707544,-0.11350102930781172
11.200000000000001,-0.046007844143684765,-0.03371408470160453,0.6053483863100713,-0.16021015630507843,0.647151748214509,1.2290537712192562,-0.179076230534161,0.10714562624792938,-0.20558374538707608,0.04174904932673467,0.04817622319951618,-0.11280646652688876
11.21,-0.046959598993678575,-0.033558395823489406,0.6050711254870205,-0.16199882451502062,0.6482256025719597,1.2269923050600526,-0.17865674694752678,0.10762417258914074,-0.20670832325884642,0.04214775328184968,0.047532631547217076,-0.11210854985360619
11.22,-0.04791030484847297,-0.03340319806705894,0.6047916911199819,-0.16378327794910016,0.6493042101434753,1.224919628129862,-0.1782332772871381,0.10809624362867465,-0.20782585197976353,0.04254474329149927,0.04686948873670317,-0.11137360314872218
11.23,-0.04885993704623015,-0.03324850234129967,0.6045100808524076,-0.16556347694224083,0.6503875043546207,1.2228358144366878,-0.17780586688495434,0.1085614275483219,-0.20893553445500307,0.04293741681608346,0.046166857697313254,-0.11056228332696937
11.24,-0.04980847065625778,-0.03309432035081861,0.6042262931048558,-0.16733938218974095,0.6514754152297115,1.2207409445455506,-0.17737452736726286,0.10901957205296978,-0.21003708549847225,0.04333056540604327,0.04546160776489701,-0.1097473191590257
11.25,-0.05075588055026456,-0.03294066377645505,0.6039403263778679,-0.16911095437679097,0.6525678722438564,1.2186350999527482,-0.17693925401305335,0.10947065101464541,-0.21113046873778937,0.04372418312936824,0.04475375114247579,-0.10892872487583005
11.26,-0.05170214141088155,-0.032787544191444085,0.6036521791815324,-0.17087815414166838,0.6536648046114956,1.2165183625175897,-0.176500042160737,0.10991463842775315,-0.21221564794333134,0.044118264033591016,0.04404330010250036,-0.10810651479832817
11.27,-0.0526472277330575,-0.0326349730597808,0.6033618500352631,-0.17264094207633174,0.6547661412876271,1.2143908144609639,-0.17605688720835244,0.11035150840976793,-0.2132925870291335,0.044512802145889534,0.04333026698661642,-0.10728070333719292
11.28,-0.05359111382548648,-0.03248296173461457,0.6030693374675811,-0.17439927872702107,0.655871810969044,1.2122525383638942,-0.175609784613767,0.11078123520192669,-0.2143612500537866,0.04490779147318886,0.04261466420542545,-0.10645130499253769
11.290000000000001,-0.054533773812062473,-0.03233152145666035,0.602774640015899,-0.1761531245948534,0.6569817420955717,1.2101036171660937,-0.17515872989488024,0.11120379316991565,-0.2154216012213272,0.04530322600226319,0.04189650423824741,-0.10561833435363216
11.3,-0.05547518163336587,-0.03218066335263964,0.6024777562263115,-0.17790244013642517,0.6580958628513175,1.2079441341645056,-0.1747037186298244,0.11161915680455685,-0.21647360488212927,0.045699099699839055,0.04117579963287962,-0.10478180609861357
11.31,-0.05641531104818087,-0.03203039843374328,0.6021786846533863,-0.1796471857644172,0.6592141011659259,1.2057741730118323,-0.1742447464571639,0.11202730072249177,-0.2175172255337915,0.04609540651269913,0.04045256300535342,-0.10394173499419497
11.32,-0.05735413563504108,-0.03188073759411969,0.6018774238599599,-0.18138732184820017,0.6603363847158411,1.2035938177150582,-0.1737818090760943,0.11242819966686265,-0.21855242782202214,0.04649214036778655,0.03972680703969015,-0.10309813589537264
11.33,-0.05829162879380245,-0.031731691609390544,0.6015739724169387,-0.1831228087144379,0.6614626409255717,1.2014031526339706,-0.1733149022466412,0.11282182850799025,-0.21957917654151796,0.046889295172308755,0.038998544487656966,-0.10225102374513324
11.34,-0.059227763747249904,-0.03158327113518944,0.601268328903101,-0.18485360664770148,0.6625927969689697,1.199202262479659,-0.1728440217898558,0.1132081622440511,-0.22059743663684558,0.04728686481384388,0.038267788168517516,-0.10140041357415477
11.35,-0.06016251354272944,-0.03143548670573054,0.6009604919049035,-0.186579675891078,0.6637267797705104,1.1969912323130134,-0.1723691635880119,0.11358717600175114,-0.2216071732033158,0.0476848431604463,0.03753455096878394,-0.10054632050050898
11.36,-0.06109585105380944,-0.03128834873240183,0.6006504600162933,-0.1883009766467837,0.6648645160065821,1.1947701475432158,-0.17189032358479908,0.1139588450369958,-0.2226083514878545,0.04808322406075213,0.036798845841965744,-0.09968875972935913
11.370000000000001,-0.06202774898197221,-0.031141867502386122,0.6003382318385198,-0.19001746907678066,0.6660059321067806,1.1925390939262146,-0.1714074977855178,0.11432314473556036,-0.22360093688987503,0.04848200134408767,0.036060685808317346,-0.09882774655265798
11.38,-0.06295817985833053,-0.03099605317731069,0.6000238059799539,-0.19172911330339107,0.6671509542552111,1.1902981575632008,-0.17092068225727125,0.11468005061375461,-0.22458489496214132,0.048881168820575444,0.035320083954584684,-0.09796329634884207
11.39,-0.06388711604303743,-0.030850915813379287,0.5997071810787307,-0.19343586942084745,0.668299508319367,1.188047425055489,-0.17042988071885243,0.11502948801294648,-0.22556008276934947,0.049277205708643176,0.03455375808765246,-0.09704511542427764
11.4,-0.06481452965306239,-0.030706466033092128,0.5993883565202767,-0.19513769783960186,0.6694515175733817,1.1857869884227292,-0.16993515007053545,0.11537103032019876,-0.22652559715799658,0.04966898254894055,0.03375427640625952,-0.09605714089476591
11.41,-0.06574039254685196,-0.030562715153312603,0.599067332583326,-0.19683455935719732,0.670606902233749,1.1835169461068764,-0.16943649990616647,0.11570456502573802,-0.22748121318864567,0.05006110790084051,0.03295224012712725,-0.0950654467887512
11.42,-0.0666646764103958,-0.030419674398818708,0.5987441096087995,-0.19852641476114988,0.6717655820969604,1.1812373972771917,-0.1689339267712051,0.11603006665516592,-0.2284268937546124,0.050453575646185383,0.03214766357769411,-0.0940700509381143
11.43,-0.06758735276457278,-0.03027735485199201,0.5984186879477423,-0.20021322480473547,0.6729274767054803,1.178948441473112,-0.16842742727238297,0.11634750987770687,-0.2293626019280037,0.050846379648831715,0.03134056115504737,-0.09307097126927766
11.44,-0.06850839296724306,-0.030135767451387463,0.5980910679611157,-0.20189495020760517,0.6740925053491872,1.1766501786024541,-0.16791699807788216,0.11665686950690327,-0.2302883009606622,0.05123951375475807,0.03053094732563951,-0.09206822580284565
11.450000000000001,-0.06942776821536711,-0.02999492299033829,0.5977612500195956,-0.20357155165640017,0.6752605870668197,1.1743427089396128,-0.16740263591751425,0.116958120501308,-0.23120395428510654,0.05163297179217425,0.02971883662500388,-0.09106183265324409
11.46,-0.07034544954715174,-0.029854832115591756,0.5974292345033726,-0.20524298980536754,0.6764316406474286,1.1720261331237527,-0.16688433758289684,0.11725123796517285,-0.23210952551546588,0.052026747571628756,0.028904243657468884,-0.09005181002835676
11.47,-0.07126140784422605,-0.02971550532598144,0.5970950218019553,-0.2069092252769821,0.6776055846318402,1.1697005521569823,-0.16636209992762954,0.11753619714913612,-0.23300497844841533,0.052420834886119726,0.02808718309586887,-0.08903817622915919
11.48,-0.0721756138338405,-0.029576952971132275,0.5967586123139775,-0.20857021866256406,0.6787823373141212,1.1673660674025281,-0.16583591986747026,0.11781297345090595,-0.2338902770641035,0.052815227511204293,0.027267669681256018,-0.08802094964935275
11.49,-0.07308803809109451,-0.029439185250201505,0.59642000644701,-0.21022593052290164,0.6799618167430524,1.1650227805828968,-0.16530579438050777,0.11808154241594036,-0.2347653855270771,0.05320991920510844,0.02644571822260857,-0.08700014877499347
11.5,-0.07399865104119274,-0.02930221221065299,0.5960792046173717,-0.21187632138887957,0.6811439407236137,1.1626707937780174,-0.16477172050733355,0.11834187973812586,-0.23563026818720476,0.05360490370883901,0.025621343596535773,-0.08597579218411756
11.51,-0.07490742296172043,-0.029166043747069104,0.5957362072499495,-0.21352135176209813,0.6823286268184655,1.1603102094233961,-0.16423369535121662,0.11859396126045199,-0.236484889580593,0.05400017474629459,0.024794560746986938,-0.08494789854637211
11.52,-0.07581432398495169,-0.029030689599998716,0.595391014778016,-0.21516098211550752,0.683515792349449,1.157941130308238,-0.16369171607827038,0.11883776297568327,-0.23732921443050214,0.05439572602437782,0.023965384684951116,-0.08391648662263257
11.53,-0.07671932410017582,-0.02889615935483858,0.595043627643056,-0.2167951728940308,0.6847053543990826,1.155563659573581,-0.16314577991762508,0.11907326102702781,-0.23816320764825472,0.05479155123310726,0.023133830488162643,-0.08288157526462898
11.540000000000001,-0.0776223931560546,-0.028762462440755754,0.5946940462945907,-0.2184238845152019,0.6858972298120743,1.1531779007104,-0.1625958841615932,0.11930043170880383,-0.23898683433414444,0.05518764404573136,0.022299913300797784,-0.08184318341456
11.55,-0.07852350086299659,-0.02862960812964399,0.5943422711900097,-0.2200470773697901,0.6870913351968304,1.1507839575577246,-0.1620420261658402,0.11951925146710224,-0.2398000597783367,0.05558399811884098,0.021463648333177578,-0.08080133010471512
11.56,-0.07942261678500866,-0.02849760562437692,0.5939883029016296,-0.22166471187246423,0.6882875866245607,1.1483819349853108,-0.16148422534760726,0.11972956390301255,-0.240602548398059,0.05597415668213407,0.02058605251402797,-0.0796677546546988
11.57,-0.08031971023616835,-0.028366464946940395,0.5936321431886882,-0.22327674896265232,0.6894858966064685,1.1459719457378614,-0.16092254705245088,0.11993093547907471,-0.24139333710250152,0.056361539150511786,0.019687853076450497,-0.07848936138251125
11.58,-0.08121475032580133,-0.028236196555250226,0.5932737945507038,-0.22488314989711145,0.6906861753532718,1.1435541075854259,-0.16035699383893806,0.12012331279959472,-0.24217232316492712,0.056749139316108616,0.018787204157141274,-0.07730722987902104
11.59,-0.08210770603140535,-0.028106810741590105,0.5929132595097321,-0.22648387591587682,0.6918883328002163,1.1411285387409718,-0.15978756356124144,0.12030667145241716,-0.24293946931201868,0.05713695094735759,0.017884122300035277,-0.07612138195986298
11.6,-0.08299854620244809,-0.027978317622472382,0.5925505405993372,-0.22807888823783734,0.6930922786392548,1.1386953577891095,-0.15921425413592677,0.12048098719117144,-0.24369473848910664,0.057524967797327464,0.016978624118016046,-0.07493183953862945
11.61,-0.08388723956312467,-0.02785072713756992,0.5921856403643874,-0.2296681480613601,0.6942979223207081,1.1362546836838976,-0.15863706354210477,0.12064623593595857,-0.24443809386114404,0.05791318360383427,0.01607072629258316,-0.0737386246264247
11.620000000000001,-0.08477375471513694,-0.027724049048693744,0.5918185613608522,-0.231251616564917,0.6955051730549331,1.1338066357466428,-0.15805598982158425,0.12080239377403675,-0.24516949881368175,0.0583015920895559,0.015160445573517641,-0.07254175933141804
11.63,-0.08565806014049297,-0.027598292938812163,0.5914493061556068,-0.23282925490771086,0.6967139398139977,1.1313513336636905,-0.15747103107902274,0.12094943696050178,-0.24588891695383497,0.058690186962144834,0.014247798778546924,-0.07134126585839502
11.64,-0.08654012420433069,-0.027473468211115237,0.591077877326234,-0.23440102423030923,0.6979241313333644,1.1288888974841997,-0.1568821854820743,0.12108734191896497,-0.24659631211124883,0.05907896191434328,0.013332802793004452,-0.0701371665083017
11.65,-0.08741991515775477,-0.0273495840881241,0.5907042774608333,-0.23596688565526736,0.6991356561135746,1.1264194476179217,-0.15628945126154206,0.12121608524222786,-0.2472916483390559,0.05946791062409717,0.012415474569494586,-0.06892948367779668
11.66,-0.08829740114070168,-0.027226649610841147,0.590328509157829,-0.2375268002877678,0.700348422421948,1.123943104832951,-0.15569282671152143,0.12133564369295266,-0.24797488991483238,0.0598570267546716,0.011495831127547481,-0.06771823985878839
11.67,-0.08917255018481685,-0.027104673637950272,0.5899505750257846,-0.2390807292162506,0.7015623382942832,1.121459990253481,-0.15509231018954875,0.12144599420433036,-0.24864600134154843,0.0602463039547668,0.010573889553278022,-0.06650345763797871
11.68,-0.09004533021635346,-0.026983664845057265,0.5895704776832167,-0.24062863351304847,0.7027773115365652,1.118970225357545,-0.1544879001167455,0.12154711388074436,-0.24930494734851225,0.06063573585863339,0.00964966699904151,-0.06528515969640154
11.69,-0.09091570905908869,-0.026863631723980874,0.5891882197584138,-0.24217047423502513,0.7039932497266832,1.1164739319747465,-0.15387959497796214,0.12163897999843146,-0.24995169289231306,0.06102531608618977,0.0087231806830865,-0.06406336880895797
11.700000000000001,-0.09178365443725552,-0.02674458258208451,0.5888038038892571,-0.2437062124242101,0.7052100602161484,1.113971232283985,-0.15326739332192202,0.1217215700061391,-0.250586203157756,0.0614150382431384,0.0077944478892088016,-0.06283810784395269
11.71,-0.0926491339784937,-0.02662652554165812,0.5884172327230432,-0.2452358091084417,0.7064276501318265,1.1114622488111643,-0.15265129376136102,0.12179486152577869,-0.2512084435587942,0.0618048959210834,0.006863485966400087,-0.06160939976262275
11.72,-0.09351211521680866,-0.0265094685393929,0.588028508916372,-0.2467592253020339,0.7076459263775023,1.108947104427285,-0.15203129513345498,0.12185883142204713,-0.2518183776175928,0.062194290305116945,0.0059268713674591085,-0.060369425490974654
11.73,-0.09437256555385679,-0.026393419677897267,0.5876376355815525,-0.24827642222009474,0.7088647943944806,1.1064259251747577,-0.151407456563644,0.12191310691817923,-0.2524151718387811,0.06257343922977236,0.004927838438618689,-0.05898879648771004
11.74,-0.09523045216144738,-0.026278388065010205,0.5872446173610321,-0.24978736179347968,0.7100841551759097,1.1038988470735864,-0.1507798260478116,0.12195738043372036,-0.25299814114558666,0.06295267846839603,0.003926478382303682,-0.05760444695973988
11.75,-0.09608574209593078,-0.026164382860379143,0.5868494592330727,-0.25129200609831703,0.711303908585941,1.1013660085585062,-0.1501484027140702,0.12199162879150027,-0.25356724846328993,0.06333200176844364,0.002922810030736043,-0.056216403029357764
11.76,-0.09693840233156992,-0.026051413019123393,0.586452166188969,-0.25279031720233014,0.7125239542578978,1.09882754843369,-0.14951318575312086,0.12201582900301033,-0.2541224569788978,0.0637114028646284,0.001916852283990815,-0.05482469091950766
11.77,-0.09778839976384715,-0.025939487291251007,0.5860527432328242,-0.25428225716545994,0.7137441915961621,1.096283605870132,-0.1488741744183821,0.12202995826908053,-0.25466373014214766,0.06409087547903657,0.0009086241096142376,-0.05342933695324851
11.78,-0.09863570121278896,-0.02582861422112459,0.5856511953813304,-0.2557677880404988,0.7149645197780761,1.0937343204030063,-0.1482313680261128,0.12203399398055184,-0.25519103166650575,0.06447041332124412,-0.0001018554577659498,-0.052030367553207266
11.790000000000001,-0.09948027342629563,-0.025718802146984632,0.5852475276635499,-0.25724687187371476,0.7161848377558421,1.091179831929033,-0.14758476595553904,0.12202791371894559,-0.2557043255301606,0.06485001008843289,-0.0011145673168252547,-0.05062780924103927
11.8,-0.10032208308348467,-0.025610059200521063,0.5848417451206991,-0.2587194707054826,0.717405044258433,1.088620280703822,-0.14693436764897652,0.12201169525712786,-0.2562035759770091,0.0652296594655068,-0.002129492299932187,-0.04922168863688099
11.81,-0.10116109679804523,-0.02550239330650178,0.584433852805935,-0.26018554657091836,0.7186250377935115,1.0860558073392106,-0.14628017261195242,0.12198531655997133,-0.2566887475176408,0.06560935512521077,-0.0031466111735411533,-0.04781203245879911
11.82,-0.10199728112159877,-0.02539581218245418,0.5840238557841428,-0.2616450615005093,0.7198447166493516,1.0834865528005924,-0.14562218041332653,0.1219487557850117,-0.2571598049303127,0.06598909072824674,-0.004165904638583607,-0.0463988675222409
11.83,-0.10283060254706863,-0.025290323338399756,0.583611759131728,-0.2630979775207475,0.7210639788967674,1.080912658404237,-0.1449603906854121,0.12190199128310159,-0.257616713261921,0.06636885992339277,-0.005187353330862071,-0.04498222073948154
11.84,-0.10366102751205905,-0.02518593407664388,0.5831975679364088,-0.26454425665476583,0.7222827223910515,1.0783342658145991,-0.14429480312409373,0.1218450015990596,-0.2580594378289662,0.06674865634762087,-0.006210937821446616,-0.043562119119067225
11.85,-0.10448852240223973,-0.02508265149161948,0.58278128729701,-0.2659838609229758,0.7235008447739177,1.0757515170416134,-0.14362541748894414,0.12177776547231552,-0.2584879442185138,0.06712847362621645,-0.007236638617073776,-0.04213858976525502
11.86,-0.105313053554736,-0.024980482469785903,0.5823629223232634,-0.26741675234370266,0.7247182434754493,1.073164554437989,-0.14295223360334133,0.12170026183755168,-0.25890219828914757,0.06750830537289697,-0.008264436160543938,-0.040711659877454676
11.870000000000001,-0.1061345872615251,-0.0248794336895809,0.5819424781356055,-0.2688428929338251,0.7259348157160554,1.070573520696487,-0.14227525135458366,0.12161246982534056,-0.2593021661719191,0.06788814518993203,-0.009294310831123366,-0.03928135674966413
11.88,-0.10695308977283674,-0.024779511621430717,0.5815199598649813,-0.27026224470941435,0.727150458508433,1.0679785588471926,-0.14159447069400377,0.12151436876277805,-0.25968781427129045,0.06826798666826307,-0.010326242944946044,-0.037847707769904954
11.89,-0.10776852729503997,-0.024680722577397507,0.5810953727159975,-0.27167476971856913,0.7283650684740046,1.0653798126692784,-0.14090990968255063,0.1214058341727543,-0.26005887691091123,0.06864107902628686,-0.011399082495003328,-0.036323899394219525
11.9,-0.10858086589153187,-0.024583073630551233,0.5806687231456222,-0.2730804306412062,0.7295785383917961,1.0627774344030116,-0.14022166283814178,0.1212863015022701,-0.2604141050500672,0.06900828296702144,-0.012507812121745465,-0.034721124500014605
11.91,-0.10939007149621649,-0.02448657251766384,0.580240018756338,-0.2744791907359165,0.7307907575104382,1.0601715840543642,-0.13952974417130778,0.12115567075546112,-0.2607532873736709,0.06937544247822043,-0.013618694203777905,-0.03311474143705137
11.92,-0.11019611001240229,-0.024391226780423436,0.579809267205774,-0.27587101328680136,0.732001614741901,1.0575624222613818,-0.13883415415735395,0.12101392051456987,-0.2610763879548028,0.06974255135618163,-0.01473170737105121,-0.03150478117581781
11.93,-0.11099894732011942,-0.024297043732940726,0.5793764761649912,-0.277255861583024,0.733210998785046,1.0549501100198335,-0.1381348933336728,0.12086102957586785,-0.26138337117675475,0.0701096033872724,-0.015846830187851456,-0.029891274788170157
11.94,-0.111798549279824,-0.024204030461870085,0.5789416533182282,-0.27863369891943407,0.7344187981277716,1.0523348086800968,-0.13743196229984175,0.12069697695031031,-0.2616742017340422,0.07047659234804816,-0.016964041153244742,-0.028274253446683502
11.950000000000001,-0.11259488173609486,-0.024112193826591966,0.578504806362654,-0.2800044885971867,0.73562490104916,1.0497166799440465,-0.13672536171772212,0.12052174186418618,-0.26194884463340684,0.07084351200536858,-0.018083318701518455,-0.026653748424006272
11.96,-0.11338791052133042,-0.024021540459457813,0.5780659430081211,-0.2813681939243683,0.7368291956216371,1.047095885861923,-0.13601509231155381,0.12033530375976334,-0.2622072651948143,0.07121035611651574,-0.019204641202628596,-0.02502979109220611
11.97,-0.11417760145943848,-0.023932076766097765,0.5776250709769214,-0.2827247782166196,0.738031569713133,1.0444725888291981,-0.13530115486805197,0.12013764229593021,-0.2624494290524457,0.07157711842931244,-0.020327986962645792,-0.023402412922117727
11.98,-0.11496392036952344,-0.02384380892578858,0.5771821980035446,-0.28407420479776196,0.7392319109892537,1.0418469515834243,-0.13458355023649962,0.11992873734883171,-0.2626753021556814,0.07194379268224033,-0.021453334224205027,-0.021771645482684947
11.99,-0.11574683306956425,-0.023756742891887395,0.576737331834441,-0.2854164370004221,0.7404301069154545,1.0392191372010828,-0.13386227932884165,0.1197085690125019,-0.26288485077007884,0.07231037260455855,-0.022580661166954633,-0.0201375204403039
12.0,-0.1165263053800881,-0.023670884392325564,0.5762904802277822,-0.2867514381666606,0.7416260447592239,1.0365893090944118,-0.13313734311977551,0.11947711759949133,-0.26307804147834424,0.07267685191642313,-0.023709945908009625,-0.018500069558159936
12.01,-0.11730230312783389,-0.02358623893016637,0.575841650953232,-0.2880791716485981,0.7428196115922703,1.0339576310082352,-0.13240874264684288,0.11923436364149029,-0.26325484118129655,0.07304322432900595,-0.02484116650240359,-0.016859324695566447
12.02,-0.11807479214940916,-0.02350281178422481,0.5753908517917129,-0.2893996008090458,0.7440106942927175,1.0313242670167728,-0.13167647901051766,0.11898028788994727,-0.26341521709882604,0.07340948354461489,-0.02597430094354545,-0.015215317807296333
12.030000000000001,-0.1188437382949358,-0.02342060800975021,0.574938090535179,-0.29071268902213543,0.745199179547306,1.0286893815204452,-0.13094055337429403,0.11871487131668251,-0.2635591367708448,0.0737756232568138,-0.02710932716367613,-0.013568080942913834
12.040000000000001,-0.11960910743168493,-0.023339632439172364,0.5744833749863925,-0.2920183996739473,0.746384953853597,1.0260531392426733,-0.1302009669647751,0.11843809511449853,-0.26368656805823243,0.0741416371505426,-0.028246223034324974,-0.011917646246106693
12.05,-0.12037086544765399,-0.02325988968341658,0.5740267129593374,-0.29331669616349887,0.7475679035201604,1.0234157052310542,-0.12945772200269395,0.11814993535579317,-0.26379746756461897,0.07450588471172584,-0.029394343823433252,-0.010243719633035126
12.06,-0.12112897820984805,-0.023181384602845467,0.5735681128718039,-0.29460754223217045,0.7487479127820676,1.0207772489437523,-0.12871090608986768,0.11784987875696074,-0.2638907310200507,0.07485726965493612,-0.030617304635281707,-0.008408394831973507
12.07,-0.12188341148484308,-0.023104123171184432,0.5731075848459863,-0.2958909025753114,0.7499248602971763,1.0181379518456486,-0.12796057718365544,0.11753758272921999,-0.2639656239889135,0.07520848237985135,-0.03184222560528152,-0.0065696283308462455
12.08,-0.12263413105051105,-0.02302811135920596,0.572645139316842,-0.2971667420717004,0.7510986235735906,1.0154979978130911,-0.12720673703652538,0.11721302779108998,-0.2640221122347239,0.07555951682811204,-0.03306908270271834,-0.004727456249951469
12.09,-0.12338110272296143,-0.022953354896433187,0.5721807867320463,-0.2984350256179423,0.7522690799258005,1.0128575710629875,-0.12644938746156653,0.11687619470171316,-0.264060161882706,0.07591036693415339,-0.03429785183382198,-0.002881914810421115
12.1,-0.12412429236038676,-0.022879859272084302,0.5717145375517203,-0.29969571812907814,0.753436106477095,1.0102168561491771,-0.12568853033255775,0.11652706446148214,-0.2640797394207963,0.07626102662532187,-0.03552850884227237,-0.0010330403334548694
12.11,-0.1248636658668824,-0.022807629736086188,0.5712464022481647,-0.3009487845391881,0.7545995801619744,1.0075760379588068,-0.12492416758404112,0.11616561831266434,-0.26408081170064107,0.07661148982199124,-0.03676102950970032,0.0008191307604375735
12.120000000000001,-0.12559918919625201,-0.022736671300161382,0.5707763913055937,-0.3021941898020052,0.7557593777285754,1.0049353017086775,-0.12415630121138696,0.11579183774001767,-0.26406334593858366,0.07696175043767939,-0.03799538955619806,0.0026745619522101187
12.13,-0.12633082835578258,-0.022666988738983262,0.570304515219879,-0.30343189889151656,0.7569153757410948,1.0022948329416077,-0.1233849332708672,0.11540570447140641,-0.26402730971664906,0.07731180237916513,-0.03923156464082148,0.00453321662503982
12.14,-0.1270585494100055,-0.02259858659140157,0.569830784498293,-0.30466187680258,0.7580674505822282,0.9996548175227568,-0.12261006587971672,0.11500720047840592,-0.2639726709835149,0.0776616395466058,-0.04046953036210521,0.006395058065107642
12.15,-0.1277823184844265,-0.022531469161739592,0.5693552096592589,-0.3058840885515297,0.7592154784556076,0.9970154416359612,-0.12183170121620224,0.11459630797690702,-0.263899398055479,0.07801125583365433,-0.041709262258569815,0.008260049462366125
12.16,-0.12850210176923363,-0.02246564052115918,0.5688778012321065,-0.30709849917678733,0.7603593353882468,0.9943768917800546,-0.12104984151968656,0.11417300942771388,-0.263807459617418,0.07836064512757734,-0.04295073580923479,0.010128153911316209
12.17,-0.12921786552297984,-0.022401104509097935,0.5683985697568307,-0.3083050737394748,0.7614988972329962,0.9917393547651732,-0.12026448909069064,0.11373728753713519,-0.26369682472373734,0.07870980130937318,-0.04419392643413396,0.011999334411788212
12.18,-0.12992957607623787,-0.02233786473477578,0.5679175257838556,-0.3095037773240251,0.7626340396709986,0.9891030177090574,-0.11947564629095617,0.11328912525757216,-0.26356746279931376,0.07905871825388987,-0.0454388094948299,0.013873553869720837
12.19,-0.13063719983522726,-0.022275924578769424,0.5674346798738052,-0.31069457503879483,0.7637646382141539,0.9864680680333431,-0.11868331554350704,0.11282850578810087,-0.26341934364043174,0.07940738982994452,-0.046685360294931665,0.015750775097945313
12.200000000000001,-0.13134070328541358,-0.022215287194659206,0.5669500425972781,-0.31187743201667756,0.7648905682075883,0.9838346934598423,-0.11788749933270824,0.11235541257504847,-0.26325243741570864,0.07975580990044111,-0.047933554080612936,0.017630960816970888
12.21,-0.13204005299507748,-0.02215595551074334,0.5664636245346276,-0.3130523134157167,0.7660117048321291,0.9812030820068175,-0.11708820020432587,0.1118698293125663,-0.2630667146670163,0.08010397232249043,-0.049183366041131805,0.019514073655771555
12.22,-0.13273521560774865,-0.02209793239680391,0.5659754364803028,-0.3142191845469629,0.7671279224028787,0.97857342347148,-0.11628546976653373,0.11137146886392521,-0.2628615739508809,0.08043928921597873,-0.05050437498910404,0.021547038065719577
12.23,-0.1334261577700158,-0.022041221799871447,0.5654854908561252,-0.31537801175466446,0.7682390895057593,0.9759459197002451,-0.11547941934827274,0.11085971429905925,-0.2626357173442715,0.08077074439860717,-0.05184682237646726,0.023624808416328184
12.24,-0.13411284618389102,-0.02198582804632554,0.5649938008633281,-0.3165287618904519,0.7693450719122936,0.9733207784359377,-0.1146700558890275,0.11033452677327159,-0.2623890673486023,0.08110189644133055,-0.053190962699159315,0.025705708949351445
12.25,-0.1347952476526254,-0.021931755224024074,0.5645003797187297,-0.31767140183917036,0.7704457352086748,0.9706982077682624,-0.11385738244935144,0.10979588949153743,-0.26212159287006415,0.08143273951233741,-0.05453676908150505,0.027789698045271902
12.26,-0.1354733290846311,-0.02187900718047714,0.5640052406498275,-0.3188058985165609,0.7715409448144882,0.9680784160957823,-0.1130414021481397,0.109243785927884,-0.261833263231531,0.08176326777542754,-0.05588421458908617,0.02987673398761444
12.27,-0.13614705749711134,-0.02182758752487035,0.5635083968945629,-0.31993221886984563,0.7726305659854081,0.9654616121217435,-0.11222211816267054,0.1086781998259739,-0.2615240481735218,0.08209347539012452,-0.05723327222931033,0.03196677496383358
12.280000000000001,-0.13681640001964895,-0.021777499630165065,0.563009861701092,-0.3210503298783127,0.7737144638158965,0.9628480048498927,-0.11139953372864682,0.10809911519968328,-0.2611939178551567,0.08242335651178909,-0.05858391495198205,0.03405977906620242
12.290000000000001,-0.13748132389774964,-0.02172874663527602,0.5625096483275694,-0.32216019855389777,0.7747925032419063,0.9602378035802921,-0.1105736521402398,0.10750651633367708,-0.2608428428551068,0.08275290529173407,-0.0599361156498721,0.03615570429269893
12.3,-0.13814179649634747,-0.02168133144732587,0.5620077700419348,-0.32326179194177174,0.7758645490435939,0.9576312179051132,-0.10974447675012644,0.1069003877839747,-0.26047079417253033,0.08308211587733771,-0.06128984715929303,0.03825450854790282
12.31,-0.13879778530326264,-0.021635256743975706,0.5615042401217128,-0.3243550771209255,0.7769304658480362,0.9550284577044282,-0.10891201096952863,0.10628071437851193,-0.2600777432280027,0.08341098241215844,-0.06264508226067354,0.040356149643890254
12.32,-0.1394492579326152,-0.021590524975833192,0.5609990718538219,-0.3254400212047534,0.7779901181319492,0.9524297331419972,-0.10807625826825276,0.10564748121769832,-0.25966366186443834,0.08373949903604892,-0.06400179367913206,0.04246058530112707
12.33,-0.1400961821281959,-0.02154713836893485,0.5604922785343891,-0.3265165913416428,0.7790433702244197,0.9498352546610304,-0.1072372221747231,0.10500067367496524,-0.2592285223480003,0.08406765988527175,-0.0653599540850589,0.044567773149375996
12.34,-0.1407385257667868,-0.0215050989273054,0.5599838734685793,-0.32758475471555737,0.7800900863096348,0.9472452329799598,-0.10639490627601997,0.10434027739731226,-0.2587722973690045,0.0843954590926135,-0.06671953609469117,0.04667767072859209
12.35,-0.1413762568614378,-0.021464408435591664,0.5594738699704317,-0.3286444785466256,0.7811301304296229,0.9446598790881877,-0.10554931421791175,0.1036662783058441,-0.2582949600428117,0.08472289078750019,-0.06808051227069598,0.048790235489831864
12.36,-0.14200934356469286,-0.021425068461773278,0.5589622813627074,-0.32969573009172637,0.7821633664869947,0.9420794042418366,-0.10470044970489019,0.10297866259630538,-0.2577964839107142,0.08504994909611303,-0.06944285512275068,0.0509054247961569
12.370000000000001,-0.1426377541717705,-0.021387080359944133,0.5584491209767479,-0.3307384766450782,0.7831896582476947,0.9395040199594797,-0.10384831650019975,0.10227741673960546,-0.2572768429408087,0.08537662814150382,-0.07080653710812858,0.05302319592354695
12.38,-0.1432614571234365,-0.021350445319542943,0.5579344022104412,-0.3317726855808698,0.7842088691378737,0.9369339384493052,-0.10299294268297632,0.10156240870338398,-0.25673576262316405,0.08569359164300336,-0.07221721849303672,0.05523924666462976
12.39,-0.14388042100485343,-0.02131516529096955,0.5574181396886796,-0.3327983251940245,0.7852208581325999,0.9343693812259697,-0.10213446671359871,0.10083296651933173,-0.25617183684182704,0.08600153217458763,-0.07367145152148799,0.05754636715646473
12.4,-0.14449461455238405,-0.02128124292483491,0.5569003492019576,-0.33381536465748746,0.7862254799706366,0.9318105786620327,-0.10127291344982885,0.10008897505812153,-0.25558482620705353,0.08630904960289128,-0.07512706899801115,0.0598562095397025
12.41,-0.1451040066630128,-0.02124868068260105,0.5563810465957655,-0.33482377321956197,0.7872225890904833,0.9292577617413411,-0.10040828715026032,0.09933042062316136,-0.25497470373445025,0.08661613841541824,-0.07658404133589987,0.06216872689487384
12.42,-0.14570856639768834,-0.021217480803126132,0.5558602477247949,-0.3358235201714129,0.7882120397951529,0.9267111617152379,-0.09954059212862044,0.09855728981399313,-0.2543414429092729,0.08692279309790474,-0.07804233889516038,0.06448387221199876
12.43,-0.14630826298438152,-0.021187645305859426,0.5553379684528381,-0.33681457484761784,0.7891936862551369,0.9241710100978634,-0.09866983275378836,0.0977695695268231,-0.2536850176873254,0.08722900813442717,-0.07950193198314108,0.06680159839158979
12.44,-0.14690306582108228,-0.02115917599411732,0.5548142246526984,-0.33779690662671885,0.7901673825113743,0.9216375386614422,-0.09779601344980983,0.0969672469550444,-0.2530054024958497,0.08753477800751111,-0.0809627908551673,0.06912185824566303
12.450000000000001,-0.14749294447873515,-0.021132074458441785,0.5542890322061179,-0.33877048493177503,0.7911329824782264,0.919110979431565,-0.09691913869591234,0.09615030958975401,-0.2523025722344057,0.08784009719824025,-0.08242488571517596,0.07144460449874902
12.46,-0.1480778687041113,-0.02110634208004042,0.553762407003723,-0.3397352792309125,0.7920903399464555,0.9165915646824643,-0.09603921302652028,0.0953187452202648,-0.2515765022757417,0.08814496018636517,-0.08388818671634932,0.07376978978890278
12.47,-0.14865780842261986,-0.02108198003430528,0.5532343649449825,-0.3406912590378796,0.7930393085862112,0.9140795269322713,-0.09515624103126533,0.09447254193460755,-0.2508271684666528,0.08844936145041356,-0.08535266396175682,0.07609736666872581
12.48,-0.14923273374105206,-0.021058989294414243,0.5527049219381854,-0.3416383939125952,0.793979741950018,0.9115750989382795,-0.09427022735500061,0.09361168812003134,-0.25005454712883174,0.0887532954677979,-0.08681828750498813,0.0784272876063755
12.49,-0.14980261495026473,-0.02103737063501071,0.5521740939004374,-0.34257665346170374,0.7949114934757718,0.9090785136921854,-0.09338117669781008,0.09273617246349382,-0.24925861505970745,0.08905675671492673,-0.08828502735079752,0.08075950498659112
12.5,-0.1503674225277961,-0.02101712463596317,0.5516418967576692,-0.34350600733912656,0.7958344164897385,0.9065900044153294,-0.09248909381501778,0.0918459839521463,-0.24843934953327437,0.08935973966731342,-0.08975285345574405,0.08309397111171447
12.51,-0.1509271271404176,-0.02099825168620384,0.5511083464446707,-0.3444264252466145,0.7967483642095581,0.9041098045539261,-0.09159398351719711,0.09094111187381325,-0.24759672830091137,0.08966223879968628,-0.09122173572883371,0.08543063820271314
12.52,-0.15148169964661884,-0.020980751987644597,0.5505734589051381,-0.34533787693430024,0.7976531897472544,0.9016381477742857,-0.0906958506701773,0.09002154581746379,-0.24673072959218978,0.08996424858609814,-0.09269164403216414,0.08776945840020794
12.530000000000001,-0.15203111109902687,-0.02096462555917239,0.5500372500917423,-0.3462403322012516,0.798548746112249,0.8991752679580279,-0.08979470019504994,0.08908727567367788,-0.24584133211567252,0.09026576350003758,-0.09416254818157108,0.09011038376550311
12.540000000000001,-0.1525753327481616,-0.020949872249994117,0.54949973597897,-0.3471337609074396,0.7994348861740479,0.8967213992856783,-0.08889054756042966,0.08813825457063372,-0.2449284338298428,0.09056034943719662,-0.09565712725280152,0.09250313560395922
12.55,-0.15311433613254385,-0.02093649231768968,0.548960933355023,-0.34801813368335693,0.8003114601604574,0.894276781721357,-0.0879835396235629,0.0871739719966618,-0.24399091640564358,0.09084114902809763,-0.09719955548308382,0.09500071201234281
12.56,-0.15364809313571934,-0.020924486760247107,0.5484208602880751,-0.3488934223488382,0.8011783141830541,0.8918416642461611,-0.08707372636654603,0.08619426015515344,-0.24302841241977516,0.09112141261547346,-0.09874297545735755,0.09750043936422126
12.57,-0.15417657586292982,-0.020913856471882597,0.5478795349686443,-0.349759598877567,0.8020352939001058,0.8894162968323976,-0.08616111317496428,0.08519910928782616,-0.2420409006201418,0.09140113508956481,-0.10028735533660224,0.10000226617855619
12.58,-0.1546997566310236,-0.020904602165723984,0.54733697559775,-0.3506166352973386,0.8028822448738899,0.8870009296623185,-0.0852457054854962,0.08418850995501555,-0.24102836026985688,0.0916803113413313,-0.10183266323619584,0.10250614089450143
12.59,-0.15521760797055142,-0.020896724378280107,0.5467932003870934,-0.35146450369057075,0.8037190125738836,0.8845958131229633,-0.08432750878590631,0.08316245303612803,-0.23999077114803627,0.09195893626255423,-0.1033788672266014,0.10501201187251644
12.6,-0.15573010262778472,-0.020890223473992442,0.5462482275592625,-0.3523031761948137,0.8045454423799534,0.8822011978009999,-0.08340652861503775,0.08212092973008822,-0.23892811355058136,0.09223700474593811,-0.10492593533405106,0.1075198273954762
12.61,-0.15623721356665696,-0.020885099649869232,0.5457020753479617,-0.3531326250032613,0.8053613795855554,0.8798173344775498,-0.08248277056280134,0.08106393155577644,-0.23784036829094718,0.09251451168521205,-0.10647383554123438,0.11002953566978865
12.620000000000001,-0.15673891397062853,-0.020881352940200992,0.5451547619982672,-0.35395282236526254,0.8061666694009364,0.8774444741230072,-0.08155624027016468,0.0799914503524605,-0.23672751670090283,0.09279145197523359,-0.10802253578799037,0.11254108482651684
12.63,-0.15723517724447278,-0.02087898322135706,0.5446063057669118,-0.3547637405868311,0.8069611569563394,0.8750828678918545,-0.0806269434291406,0.07890347828022108,-0.23558954063127782,0.09306782051208898,-0.10957200397199426,0.11505442292249433
12.64,-0.1577259770159842,-0.020877990216661535,0.5440567249225963,-0.3555653520311553,0.8077446873052132,0.872732767117469,-0.07969488578277545,0.07780000782037112,-0.23442642245270154,0.09334361219319694,-0.11112220794945007,0.11756949794144844
12.65,-0.15821128713760924,-0.02087837350135152,0.5435060377463263,-0.35635762911911006,0.8085171054274287,0.8703944233069177,-0.07876007312513317,0.07668103177586472,-0.23323814505632526,0.09361882191741037,-0.1126731155357846,0.12008625779512713
12.66,-0.15869108168799753,-0.02088013250761056,0.5429542625317836,-0.357140544329765,0.8092782562324959,0.8680680881357518,-0.07782251130128232,0.07554654327170351,-0.23202469185453897,0.09389344458511907,-0.11422469450633943,0.12260465032442201
12.67,-0.15916533497347568,-0.02088326652968464,0.5424014175857199,-0.3579140702008963,0.8100279845627865,0.8657540134427881,-0.07688220620727904,0.07439653575533281,-0.23078604678167297,0.09416747509835258,-0.11577691259706781,0.12512462330049945
12.68,-0.1596340215294409,-0.020887774729073272,0.5418475212283883,-0.3586781793294944,0.8107661351967601,0.8634524512248904,-0.07593916379015131,0.07323100299703336,-0.22952219429469062,0.09444090836088231,-0.11732973750522838,0.12764612442592693
12.69,-0.160097116121678,-0.02089365613979871,0.5412925917939984,-0.35943284437227624,0.811492552852196,0.861163653631733,-0.07499339004787899,0.07204993909030229,-0.22823311937386617,0.09471373927832492,-0.11888313689008613,0.1301691013358108
12.700000000000001,-0.16055459374835,-0.02090090967468794,0.5407366476331154,-0.3601780380485743,0.8122070821867472,0.858887872969266,-0.07404489482184824,0.07085333418718037,-0.22691879367620366,0.09498193697295676,-0.12044160581159685,0.1327082007364811
12.71,-0.16100642982714583,-0.020909534360346926,0.540179707582405,-0.360913733726771,0.8129095671422404,0.8566253638338306,-0.07309382376559458,0.0696410260852464,-0.2255786936855141,0.09523216804484388,-0.12202010100398807,0.13531203508539721
12.72,-0.16145260044223206,-0.02091952963912741,0.5396217915805077,-0.36163990619349423,0.8135998500834495,0.8543763859135616,-0.07214025359332676,0.06841293049348585,-0.22421254831123688,0.09548175940424815,-0.12359909827965343,0.13791726840986668
12.73,-0.1618930819778691,-0.02093089491280742,0.5390629197357727,-0.3623565304896465,0.8142777731109212,0.8521411997313393,-0.07118419072531026,0.06716904255604256,-0.2228203438350478,0.09573070642356399,-0.12517856463738503,0.1405238464128801
12.74,-0.16232785105909603,-0.020943629473160863,0.5385031121744254,-0.3630635817205644,0.8149431782782955,0.8499200659445112,-0.07022564162807159,0.06590935774724913,-0.22140206708191468,0.09597900447820468,-0.12675846704074245,0.14313171473324854
12.75,-0.16275688455254428,-0.020957732507650206,0.5379423890411942,-0.3637610350564811,0.8155959075956076,0.8477132453394555,-0.06926461281436726,0.06463387187197535,-0.21995770542073245,0.09622664894669516,-0.12833877241876832,0.14574081894678362
12.76,-0.1631801595671695,-0.020973203105195348,0.5373807704999789,-0.36444886573298835,0.8162358030325958,0.8455209988261391,-0.06830111084315274,0.06334258106597032,-0.2184872467649484,0.09647363521076559,-0.12991944766670366,0.14835110456747802
12.77,-0.1635976534548988,-0.020990040262018006,0.5368182767345535,-0.36512704905149773,0.8168627065220111,0.8433435874326706,-0.06733514231955041,0.0620354817961976,-0.21699067957317483,0.09671995865544428,-0.1315004596467049,0.1509625170486881
12.780000000000001,-0.16400934381119753,-0.021008242887562645,0.5362549279493088,-0.36579556037970395,0.8174764599629322,0.8411812722998412,-0.06636671389481394,0.06071257086115955,-0.21546799284978635,0.09696561466915164,-0.13308177518856487,0.15357500178432384
12.790000000000001,-0.16441520847555013,-0.021027809810489462,0.5356907443700342,-0.36645437515204293,0.8180769052240809,0.8390343146756719,-0.065395832266298,0.059373845391222854,-0.21391917614551514,0.09721059864379336,-0.13466336109042748,0.15618850411002702
12.8,-0.16481522553186362,-0.02104873978474442,0.535125746244738,-0.3671034688701566,0.8186638841471449,0.8369029759099367,-0.06442250417741753,0.05801930284892418,-0.21234421955801822,0.09745490597485354,-0.1362451841195135,0.15880296930437052
12.81,-0.1652093733087837,-0.02107103149569972,0.5345599538445116,-0.36774281710334983,0.819237238550098,0.8347875174486992,-0.06344673641761603,0.05664894102928175,-0.21074311373245044,0.09769853206148892,-0.13782721101283807,0.16141834259004056
12.82,-0.1655976303799337,-0.021094683566368344,0.5339933874644308,-0.3683723954890524,0.8197968102305285,0.8326882008288312,-0.06246853582232629,0.05526275806009134,-0.20911584986201331,0.09794147230662154,-0.13940940847793323,0.16403456913503056
12.83,-0.16597997556406957,-0.021119694563689173,0.5334260674245036,-0.36899217973327764,0.8203424409689674,0.83060528767253,-0.06148790927293298,0.05386075240221801,-0.20746241968849768,0.09818372211703329,-0.1409917431935726,0.16665159405383573
12.84,-0.16635638792515628,-0.02114606300488353,0.532858014070659,-0.3696021456110832,0.8208739725322208,0.8285390396818295,-0.06050486369673275,0.052442922849879316,-0.20578281550281094,0.0984252769034588,-0.14257418181049464,0.16926936240864773
12.85,-0.1667268467723622,-0.021173787363881702,0.5322892477757797,-0.37020226896702835,0.8213912466767056,0.8264897186331075,-0.05951940606689519,0.051009268530923114,-0.20407703014549602,0.09866613208067981,-0.14415669095212783,0.17188781921055116
12.86,-0.1670913316601741,-0.021202866077761784,0.5317197889409242,-0.3707925257159749,0.821894105152655,0.8244575863707853,-0.05853154446536526,0.04955979161589024,-0.20234505949669063,0.09890407454891442,-0.14573360905406219,0.17450173698582658
12.870000000000001,-0.16744982268166475,-0.021233297469104018,0.5311496582102313,-0.37137289234571913,0.822382390987196,0.822442903625716,-0.05754142066938466,0.048094835200201774,-0.20058721299939902,0.09912056295272995,-0.14725766379415872,0.1770676468056747
12.88,-0.16780230105734917,-0.021265079585200353,0.5305788769014149,-0.3719433469252701,0.8228559510560065,0.8204459276493176,-0.056549135646993084,0.04661463859946039,-0.19880370496389438,0.0993363191519425,-0.1487816406974275,0.17963403562875999
12.89,-0.1681487484185859,-0.021298210412553753,0.5300074664853404,-0.3725038678790412,0.8233146329616641,0.8184669150800251,-0.05555469674060028,0.04511920275308441,-0.19699453087020313,0.09955133907492675,-0.1503055075505173,0.18220084943648057
12.9,-0.1684891466422216,-0.02133268793096771,0.5294354484670917,-0.37305443370507446,0.8237582843177523,0.8165061225987669,-0.05455811133330465,0.04360852892273398,-0.195159686738753,0.09976561865513453,-0.15182923211783858,0.1847680341664533
12.91,-0.16882347785000673,-0.0213685101201167,0.5288628443871681,-0.37359502297544556,0.8241867527520834,0.8145638069235652,-0.05355938684884541,0.04208261869253499,-0.19329916913081197,0.09997915383117771,-0.15335278214226084,0.1873355357136855
12.92,-0.16915172440793996,-0.02140567496617668,0.5282896758227239,-0.3741256143366707,0.8245998859099236,0.8126402248041239,-0.052558530751549384,0.040541473969289366,-0.19141297514890543,0.10019194054690994,-0.15487612534581555,0.18990329993175642
12.93,-0.1694738689255373,-0.021444180468514262,0.5277159643888591,-0.3746461865101123,0.8249975314572222,0.8107356330164126,-0.05155555054627792,0.03898509698267924,-0.1895011024372246,0.10040397475151124,-0.15639922943040294,0.19247127263400401
12.94,-0.16978989425502772,-0.02148402464643756,0.5271417317399578,-0.37515671829238306,0.8253795370838394,0.8088502883572514,-0.05055045377837486,0.03741349028546751,-0.18756354918202614,0.10061525239956985,-0.15792206207849227,0.19503939959470218
12.950000000000001,-0.17009978349047847,-0.02152520554600279,0.5265669995710761,-0.3756571885557526,0.8257457505067805,0.8069844476388812,-0.049543248033608316,0.03582665675368268,-0.1856003141120095,0.10082576945116589,-0.15944459095383262,0.1976076265502556
12.96,-0.17040351996684622,-0.021567721246881055,0.5259917896193849,-0.3761475762485485,0.8260960194734268,0.8051383676835486,-0.048533940938121245,0.03422459958681187,-0.18361139649870137,0.10103552187195358,-0.16096678370215078,0.20017589920037182
12.97,-0.1707010872589614,-0.021611569869279756,0.5254161236656572,-0.3766278603955629,0.8264301917647742,0.8033123053180632,-0.0475225401583684,0.03260732230796677,-0.18159679615680274,0.10124450563324434,-0.1624886079518656,0.20274416320926303
12.98,-0.1709924691804394,-0.021656749580923007,0.5248400235358156,-0.37709802009845284,0.8267481151986668,0.8015065173683743,-0.04650905340106524,0.03097482876406224,-0.17955651344455037,0.10145271671209037,-0.16401003131478967,0.2053123642068242
12.99,-0.17127764978252577,-0.021703258604084008,0.5242635111025284,-0.3775580345361441,0.8270496376330387,0.7997212606541276,-0.04549348841312623,0.02932712312597287,-0.17749054926404545,0.10166015109136678,-0.16553102138684017,0.20788044778982864
13.0,-0.17155661335287345,-0.021751095222674766,0.5236866082868606,-0.37800788296523224,0.8273346069691528,0.7979567919832273,-0.04447585298160802,0.02766420988869123,-0.17539890506158307,0.10186680475985511,-0.16705154574874606,0.21044835952311677
13.01,-0.17182934441425304,-0.021800257789387156,0.5231093370599825,-0.3784475447203838,0.8276028711548433,0.7962133681463931,-0.04345615493364962,0.025986093871475664,-0.17328158282796474,0.1020726737123261,-0.16857157196675712,0.213016044940788
13.02,-0.17209582772322266,-0.021850744732866578,0.5225317194449322,-0.37887699921476353,0.8278542781879596,0.7944912459114398,-0.04243440233706088,0.024292781705581794,-0.17113858712923088,0.1022767641062872,-0.17008372896611781,0.215573432958589
13.030000000000001,-0.17235604868728177,-0.021902554178716394,0.5219537775178364,-0.3792962263988212,0.8280886795180471,0.7927906773792532,-0.041410734700958164,0.022585254546939486,-0.16897125277509087,0.10245662813399069,-0.17142158745933042,0.21789335183581987
13.040000000000001,-0.17260999442644426,-0.021955682981518676,0.5213755334085706,-0.37970520792682855,0.8283059386952726,0.7911118981777452,-0.04038527247973995,0.020864352310012144,-0.16678072189514961,0.10263568055420837,-0.17275873986709192,0.22021272992169957
13.05,-0.1728576526148205,-0.022010127808481328,0.5207970093046502,-0.38010392589357267,0.8285059220046331,0.7894551402443122,-0.03935802380672894,0.01913008219835507,-0.16456700014327816,0.1028139179182987,-0.17409515764758146,0.22253151802080728
13.06,-0.1730990111504005,-0.022065885450429645,0.5202182274534359,-0.380492362475346,0.8286884958045888,0.7878206354573538,-0.0383289968497009,0.017382451700981783,-0.16233009366540574,0.102991336784466,-0.17543081225132914,0.22484966691742808
13.07,-0.17333405815329994,-0.02212295282848087,0.5196392101638386,-0.38087049993029026,0.8288535265299172,0.7862086156313507,-0.03729819981081589,0.015621468592437713,-0.16007000909971786,0.10316793371783085,-0.1767656751218402,0.22716712737663025
13.08,-0.1735627819639587,-0.02218132700075004,0.5190599798080825,-0.3812383205987405,0.8290008806945691,0.7846193125119385,-0.03626564092654756,0.01384714093286509,-0.15778675357683997,0.10334370529050205,-0.1780997176962225,0.22948385014534828
13.09,-0.17378517114129055,-0.022241005169090555,0.5184805588235182,-0.38159580690356837,0.8291304248945253,0.783052957770982,-0.03523132846761197,0.012059477068062386,-0.15548033472001166,0.1035186480816469,-0.1794329114058127,0.23179978595346382
13.1,-0.17400121446078698,-0.022301984685865417,0.5179009697144926,-0.3819429413505231,0.8292420258106529,0.7815097830016525,-0.03419527073889942,0.01025848562954353,-0.15315076064525776,0.10369275867756236,-0.1807652276767992,0.23411488551488135
13.11,-0.1742109009125758,-0.022364263060752065,0.5173212350542731,-0.3822797065285733,0.8293355502115629,0.7799900197134951,-0.03315747607940069,0.008444175534582512,-0.15079803996153823,0.10386603367174671,-0.18209663793085273,0.2364290995286159
13.120000000000001,-0.1744142196994372,-0.022427837967577857,0.5167413774870244,-0.38260608511024813,0.8294108649564682,0.7784938993274997,-0.03211795286213513,0.0066165559862565075,-0.14842218177089225,0.10403846966496902,-0.18342711358574987,0.23874237867987091
13.13,-0.17461116023477655,-0.022492707251183797,0.5161614197298475,-0.38292205985197636,0.8294678369980415,0.7770216531711706,-0.03107670949407803,0.0047756364734822575,-0.14602319566857216,0.10421006326534099,-0.18475662605600165,0.24105467364112268
13.14,-0.1748017121405564,-0.022558868934319132,0.5155813845748713,-0.38322761359442614,0.8295063333852739,0.7755735124735934,-0.030033754416086886,0.0029214267710455074,-0.14360109174316577,0.1043808110883883,-0.18608514675348228,0.24336593507320586
13.15,-0.1749858652451896,-0.02262632122456626,0.5150012948914016,-0.38352272926284336,0.829526221266334,0.7741497083604993,-0.028989096102825792,0.0010539369396226235,-0.1411558805767041,0.10455070975712014,-0.1874126470880556,0.24567611362639594
13.16,-0.17516360958139385,-0.022695062521289666,0.5144211736281333,-0.3838073898673893,0.8295273678914266,0.7727504718493325,-0.027942743062691358,-0.0008268226742005929,-0.13868757324476436,0.10471975590210032,-0.18873909846820297,0.24798515994149353
13.17,-0.17533493538400952,-0.022765091422614903,0.5138410438154183,-0.38408157850347735,0.8295096406156519,0.7713760338443133,-0.026894703837736567,-0.0027208414379190004,-0.1361961813165591,0.10488794616151914,-0.19006447230165435,0.25029302465091346
13.18,-0.1754998330877845,-0.022836406732431314,0.5132609285675922,-0.3843452783521105,0.8294729069018744,0.7700266251314863,-0.025844987022156363,-0.0046281081940583975,-0.13368171720328048,0.1050549677499493,-0.1913847552113485,0.252593852914855
13.19,-0.17565829388710907,-0.02290900677794222,0.5126808508870649,-0.3845984731257558,0.8294170400611435,0.7687024680146876,-0.024793733252456342,-0.006546911520430302,-0.13114667052271256,0.10519564038242292,-0.1923756958305528,0.25441523257705434
13.200000000000001,-0.17581031133697655,-0.0229828874564591,0.5121008330988782,-0.384841148342665,0.82934193566163,0.7674037524084529,-0.023741077135282153,-0.008475617790473242,-0.12859341762885104,0.10533543678291842,-0.19336534039112155,0.2562350891058946
13.21,-0.17595587969956755,-0.023058044278919276,0.5115208974318006,-0.38507329002322066,0.8292474947390553,0.7661306602981136,-0.022687027446793292,-0.010414213936982527,-0.12602197394705036,0.10547435418512598,-0.19435366757088696,0.2580533836981982
13.22,-0.17609499341822127,-0.023134473019657154,0.5109410662045052,-0.3852948842757059,0.8291336184608795,0.7648833735128038,-0.02163159299076844,-0.012362686679567669,-0.12343235529067775,0.10561238983101791,-0.19534065605397816,0.2598700775535223
13.23,-0.1762276471151225,-0.023212169721971376,0.510361361827477,-0.3855059172965789,0.8290002081284319,0.763662073721587,-0.02057478259852717,-0.01432102252470872,-0.12082457786109306,0.1057495409709053,-0.196326284531284,0.2616851318750027
13.24,-0.1763538355889796,-0.02329113070369726,0.509781806804966,-0.38570637537074864,0.8288471651790418,0.7624669424295711,-0.019516605128842,-0.016289207765834094,-0.11819865824759852,0.10588580486349648,-0.19731053170092577,0.26349850787021434
13.25,-0.17647355381269259,-0.023371352562776115,0.5092024237369898,-0.3858962448718485,0.82867439118817,0.7612981609740338,-0.018457069467858536,-0.018267228483387025,-0.11555461342740062,0.10602117877595404,-0.19829337626872123,0.2653101667520171
13.26,-0.17658679693101476,-0.02345283218282551,0.5086232353213851,-0.38607551226250997,0.8284817878715373,0.7601559105205384,-0.01739618452900542,-0.020255070544914662,-0.11289246076554033,0.10615565998395347,-0.19927479694865902,0.2671200697394194
13.27,-0.17669356025820643,-0.023535566738707214,0.5080442643559107,-0.38624416409463475,0.8282692570872524,0.759040372059062,-0.016333959252914396,-0.022252719605141875,-0.11021221801484093,0.10628924577174004,-0.20025477246336204,0.2689281780584229
13.280000000000001,-0.17679383927568598,-0.02361955370209351,0.5074655337403983,-0.38640218700966683,0.8280367008379417,0.7579517264001127,-0.015270402607329576,-0.02426016110606882,-0.10751390331582186,0.10642193343218685,-0.2012332815445605,0.2707344529428844
13.290000000000001,-0.1768876296296753,-0.023704790847031754,0.5068870664789545,-0.3865495677388627,0.8277840212728739,0.7568901541708558,-0.014205523587024049,-0.026277380277058334,-0.10479753519662376,0.10655372026685171,-0.20221030293355782,0.27253885563536445
13.3,-0.17697492712884388,-0.023791276255503924,0.5063088856822169,-0.386686293103561,0.8275111206900874,0.7558558358112382,-0.013139331213711643,-0.028304362134936204,-0.10206313257291481,0.10668460358603536,-0.20318581538170125,0.2743413473879857
13.31,-0.177055727741953,-0.02387900832298473,0.5057310145696551,-0.3868123500154525,0.8272179015385139,0.7548489515701117,-0.01207183453595868,-0.030341091484094956,-0.09931071474778906,0.10681458070883848,-0.20415979765085107,0.2761418894632874
13.32,-0.17713002759549898,-0.023967985763993505,0.505153476471932,-0.3869277254768469,0.8269042664201041,0.7538696815013621,-0.0110030426290974,-0.0323875529165979,-0.09654030141166248,0.10694364896321842,-0.20513222851384738,0.27794044313507665
13.33,-0.17719782297136003,-0.02405820761764177,0.5045762948333086,-0.38703240658094107,0.8265701180919479,0.7529182054600331,-0.009932964595134175,-0.034443730812297006,-0.09375191264214848,0.10707180568604731,-0.20610308675498235,0.27973696968928946
13.34,-0.17725911030444502,-0.02414967325317574,0.5039994932141094,-0.3871263805120849,0.8262153594683981,0.7519947030984575,-0.008861609562967035,-0.036509609333543074,-0.09094556891198491,0.10719900762721761,-0.2070716303286903,0.2815303567636562
13.35,-0.17731388688585378,-0.024242381405137958,0.5034230949129157,-0.38720963499957045,0.8258399016761826,0.7510993418678192,-0.007789122542607324,-0.03858276012900018,-0.08812488409501805,0.10729824251790716,-0.2075582418150258,0.282606228805029
13.36,-0.17736215295974467,-0.024336327296558546,0.5028471218312166,-0.3872821596705091,0.8254436880741771,0.750232241241074,-0.006715647794545674,-0.04066076841317633,-0.08529345193064312,0.10739655282786892,-0.20804312630171484,0.2836798224194109
13.370000000000001,-0.17740390960283944,-0.0244315055656259,0.5022715956064437,-0.3873439446938868,0.8250266701740219,0.7493935085773931,-0.0056411945747622426,-0.04274361686298551,-0.08245129531786267,0.10749393652438548,-0.20852627317413597,0.28475111466442476
13.38,-0.17743915802201368,-0.02452791123343856,0.5016965379894798,-0.38739498033135056,0.8245887996611175,0.7485832510058095,-0.004565772159515497,-0.04483128804928136,-0.07959843738499636,0.10759039158408458,-0.2090076718340523,0.2858200826179522
13.39,-0.1774678995522715,-0.024625539707101407,0.5011219708461734,-0.38743525693741143,0.8241300283956863,0.7478015754229275,-0.0034893898452509307,-0.046923764437017616,-0.07673490148948213,0.10768591599298252,-0.2094873116998445,0.2868867033786371
13.4,-0.1774901356547452,-0.024724386782797425,0.5005479161588847,-0.3874647649596451,0.8236503084138299,0.7470485884906329,-0.0024120569485081367,-0.04902102838541326,-0.07386071121766931,0.10778050774652767,-0.2099651822067443,0.28795095406639
13.41,-0.17750586791472406,-0.024824448648828212,0.49997439602806326,-0.3874834949388929,0.8231495919285854,0.7463243966338037,-0.0013337828058231531,-0.05112306214812811,-0.07097589038459505,0.10787416484964388,-0.21044127280706912,0.2890128118228956
13.42,-0.1775150980397118,-0.024925721888627572,0.4994014326738649,-0.387491437509461,0.8226278313309802,0.7456291060380252,-0.0002545767736358843,-0.05322984787343032,-0.06808046303377051,0.10796688531677369,-0.21091557297045505,0.2900722538121158
13.43,-0.17751782785751263,-0.02502820348374829,0.498829048437799,-0.38748858339931924,0.822084979191086,0.7449628226473068,0.0008255517718048578,-0.055341367604369786,-0.06517445343695656,0.10805866717192118,-0.21138807218408906,0.29112925722079314
13.44,-0.17751405931434946,-0.025131890816815272,0.49825726578441115,-0.38747492343029843,0.821520988259069,0.744325652161799,0.0019065934345399473,-0.05745760327896029,-0.0622578860939264,0.10814950844869607,-0.2118587599529452,0.29218379925895993
13.450000000000001,-0.17750379447301137,-0.025236781674454978,0.4976861073030002,-0.3874504485182872,0.8209358114662394,0.743717700035516,0.0029885387989938062,-0.059578536730353716,-0.059330785732236206,0.1082394071903554,-0.21232762580001432,0.2932358571604377
13.46,-0.17748703551103506,-0.025342874250190828,0.49711559570936925,-0.38741514967342766,0.8203294019260994,0.743139071474058,0.004071378430072261,-0.06170414968702376,-0.056393177306981845,0.10832836144984725,-0.2127946592665392,0.2942854081833445
13.47,-0.17746378471891805,-0.025450167147311353,0.49654575384761235,-0.38736901800030993,0.8197017129353898,0.7425898714323388,0.00515510287325799,-0.06383442377294626,-0.053445086000557813,0.1084163692898535,-0.21325984991224609,0.29533242961059664
13.48,-0.17743404449836653,-0.025558659381707483,0.4959766046919314,-0.3873120446981661,0.8190526979751325,0.7420702046123113,0.006239702654711464,-0.06596934050779193,-0.05048653722239757,0.10850342878283231,-0.2137231873155784,0.2963768987504155
13.49,-0.17739781736057714,-0.025668350384678518,0.49540817134849197,-0.38724422106106293,0.8183823107116742,0.741580175460701,0.007325168281364413,-0.06810888130710582,-0.047517556608730326,0.10858953801106122,-0.21418466107392853,0.2974187929368283
13.5,-0.17735510592455472,-0.025779240005708137,0.49484047705731066,-0.3871655384780934,0.8176905049977253,0.7411198881667377,0.00841149024102272,-0.07025302748250667,-0.04453817002230799,0.10867469506667908,-0.21464426080386897,0.2984580895301736
13.51,-0.17730591372496113,-0.025891327352835558,0.4942735446756137,-0.3870759889058956,0.8169772446044388,0.7406894320399411,0.00949851730422976,-0.07239884093227789,-0.041552789534383565,0.10873055845726388,-0.2145181152904081,0.29861757107543063
13.52,-0.17725024763400893,-0.02600460731636739,0.49370739511637185,-0.3869755662858131,0.8162425324153053,0.7402888376483888,0.010586098225711441,-0.074543383515238,-0.038565827345932654,0.10878546651126247,-0.21439008785463654,0.29877442908176266
13.530000000000001,-0.17718811542289453,-0.02611907407154046,0.49314204889171753,-0.38686426512705113,0.8154863812330482,0.7399181206778545,0.011674223445812692,-0.0766866364245948,-0.035577309708897324,0.10883941797263162,-0.2142601809862577,0.2989286602435518
13.540000000000001,-0.1771195249499545,-0.026234722242740816,0.49257752663006527,-0.38674208003447386,0.8147088040483337,0.7395772965514268,0.012762883392368104,-0.07882858087855109,-0.032587262908138286,0.10889241159533143,-0.21412839719451277,0.2990802612826442
13.55,-0.1770444841596323,-0.02635154690313396,0.4920138490765393,-0.3866090057087295,0.8139098140395205,0.7392663804291827,0.013852068480802188,-0.08096919812049995,-0.029595713261159735,0.1089444461433535,-0.21399473900812652,0.29922922894842297
13.56,-0.17696300108148827,-0.02646954357426179,0.4914510370934157,-0.38646503694637324,0.8130894245724043,0.7389853872078618,0.014941769114231533,-0.08310846941922237,-0.026602687117828552,0.10899552039074802,-0.21385920897525074,0.2993755600178784
13.57,-0.176875083829257,-0.026588708225600277,0.4908891116605827,-0.38631016863999057,0.8122476491999686,0.7387343315205444,0.016031975683560757,-0.08524637606907234,-0.023608210860111584,0.10904563312165326,-0.21372180966341367,0.2995192512956848
13.58,-0.17678074059994878,-0.026709037274085856,0.4903280938760105,-0.3861443957783184,0.8113845016621215,0.7385132277363317,0.017122678567589443,-0.08738289939018165,-0.020612310901781776,0.10909478313032278,-0.21358254365946253,0.29966029961427054
13.59,-0.17667997967299756,-0.02683052758360177,0.4897680049562411,-0.38596771344636577,0.8104999958854431,0.7383220899600297,0.018213868133107075,-0.08951802072864035,-0.01761501368815789,0.10914296922115305,-0.21344141356950963,0.29979870183389007
13.6,-0.17657280940945436,-0.02695317646443257,0.4892088662368865,-0.3857801168255337,0.8095941459829197,0.7381609320318345,0.019305534735000362,-0.09165172145670057,-0.014616345695810065,0.10919019020871175,-0.21329842201887728,0.299934454842697
13.61,-0.1764592382512253,-0.027076981672681133,0.4886506991731432,-0.38558160119373297,0.8086669662536848,0.7380297675270209,0.020397668716351538,-0.09378398297296123,-0.011616333432290177,0.10923644491776477,-0.21315357165204202,0.3000675555568141
13.620000000000001,-0.17633927472035618,-0.02720194140965132,0.488093525340319,-0.38537216192550255,0.8077184711827523,0.7379286097556351,0.021490260408542867,-0.095914786702564,-0.008615003435845158,0.10928173218330388,-0.2130068651325792,0.30019800092040516
13.63,-0.17621292741836211,-0.027328054321194395,0.48753736643437484,-0.38515179449212544,0.8067486754407521,0.7378574717621882,0.02258330013135595,-0.09804411409737805,-0.005612382275144995,0.10932605085057456,-0.21285830514310858,0.3003257879057466
13.64,-0.1760802050256018,-0.027455319497021236,0.48698224427247455,-0.38492049446174453,0.8057575938836612,0.7378163663253537,0.023676778193077085,-0.10017194663619541,-0.0026084965489935343,0.10936939977510259,-0.2127078943852369,0.30045091351329684
13.65,-0.1759411163006982,-0.027583736469978748,0.48642818079354927,-0.38467825749947665,0.8047452415525316,0.7378053059576677,0.024770684890600445,-0.102298265824921,0.0003966271139541491,0.10941177782272184,-0.2125556355795028,0.30057337477176815
13.66,-0.17579567008000305,-0.027713305215291695,0.4858751980588751,-0.3844250793675265,0.803711633673222,0.7378243029052312,0.02586501050952817,-0.10442305319675574,0.0034029620554659207,0.10945318386960148,-0.21240153146532156,0.30069316873819685
13.67,-0.1756438761042362,-0.02784402496552263,0.4853233176843256,-0.38416095641611814,0.8026567956735345,0.7378733540605396,0.026959597860134295,-0.10654328063243082,0.006405948814343524,0.10946408079718821,-0.21164276759629017,0.2999024105981229
13.68,-0.17548574751001994,-0.02797589063781225,0.4847725591142156,-0.38388588706469123,0.8015807934112491,0.7379523954363946,0.02805428890068848,-0.1086559028775362,0.009401002052065904,0.10947396605388082,-0.21088139954202595,0.29910782811113334
13.69,-0.17532129833329074,-0.028108896398823302,0.4842229413110199,-0.38359987032472376,0.800483703023036,0.7380613475746903,0.0291490739552797,-0.11076090301233465,0.012388097228321586,0.10948288353125135,-0.2101183482072323,0.29831080115149466
13.700000000000001,-0.17515054267369468,-0.028243036856465842,0.4836744833248952,-0.38330290530447164,0.7993656008138964,0.7382001307728729,0.030243943343934473,-0.11285826428421984,0.015367209983830463,0.10949083279521803,-0.20935362963453336,0.2975113468128679
13.71,-0.17497349469472773,-0.028378307055970498,0.48312720429254163,-0.38299499120901204,0.7982265632555535,0.7383686650856512,0.0313388873823915,-0.1149479701010847,0.018338316130362336,0.1094978134219361,-0.20858725988042073,0.2967094822104681
13.72,-0.1747901686239133,-0.028514702475944897,0.4825811234360671,-0.38267612734028544,0.7970666669848474,0.7385668703267081,0.03243389638220272,-0.1170300040314557,0.02130139165094663,0.10950382499780988,-0.20781925501490303,0.2959052244806904
13.73,-0.17460057875301332,-0.028652219024414227,0.4820362600618563,-0.3823463130971382,0.7958859888021327,0.7387946660704129,0.03352896065083282,-0.11910434980462095,0.024256412700073844,0.1095088671195059,-0.2070496311211587,0.29509859078074124
13.74,-0.17440473943827353,-0.028790853034846353,0.4814926335594293,-0.38200554797536074,0.794684605669663,0.7390519716535394,0.034624070491767495,-0.12117099131076992,0.02720335560391725,0.10951293939396302,-0.20627840429517738,0.29428959828825346
13.75,-0.17420266510070403,-0.028930601262162403,0.48095026340031094,-0.3816538315677294,0.7934625947099884,0.7393387061769812,0.03571921620461047,-0.12322991260110976,0.030142196860519443,0.1095160414384057,-0.20550559064541518,0.29347826420091994
13.76,-0.17399437022638822,-0.029071460878732025,0.48040916913688886,-0.3812911635640423,0.7922200332043368,0.7396547885074737,0.03681438808519293,-0.12528109788799974,0.03307291314000885,0.10951817288035408,-0.2047312062924356,0.2926646057361096
13.77,-0.17377986936682793,-0.029213429470354713,0.4798693704012798,-0.3809175437511588,0.7909569985910122,0.7400001372793131,0.03790957642566762,-0.1273245315450544,0.03599548128477048,0.1095193333576371,-0.20395526736856692,0.291848640130502
13.780000000000001,-0.17355917713931468,-0.02935650503222803,0.47933088690418424,-0.38053297201303377,0.7896735684637702,0.7403746708960836,0.03900477151462232,-0.12936019810727842,0.0389098783096649,0.10951952251840248,-0.20317779001754113,0.29103038463970143
13.790000000000001,-0.17333230822733406,-0.029500685964901907,0.4787937384337464,-0.38013744833075386,0.7883698205702119,0.7407783075323795,0.04009996363717494,-0.13138808227116386,0.04181608140219381,0.1095187400211291,-0.20239879039414932,0.2902098565378692
13.8,-0.17309927738099737,-0.029645971070220267,0.4782579448544089,-0.37973097278257195,0.7870458328101654,0.7412109651355349,0.04119514307508001,-0.13340816889480464,0.04471406792269218,0.1095169855346372,-0.20161828466388665,0.28938707311734385
13.81,-0.17286009941750083,-0.02979235954724946,0.47772352610576296,-0.3793135455439391,0.7857016832340685,0.7416725614273518,0.04229030010683303,-0.13542044299800365,0.04760381540451029,0.10951425873810036,-0.20083628900260123,0.28856205168826676
13.82,-0.17261478922161383,-0.02993985098819596,0.4771905022013984,-0.37888516688753776,0.784337450041353,0.742163013905832,0.04338542500777233,-0.13742488976237138,0.05048530155418519,0.10951055932105654,-0.20005281959614432,0.28773480957820813
13.83,-0.17236336248106315,-0.030088444374519963,0.4766588927270272,-0.37844583767929646,0.7829532201339007,0.7426822269913088,0.04448035745318923,-0.13941889693341955,0.05335460087588785,0.10947540399751463,-0.19874210164823028,0.28611526505142065
13.84,-0.17210583799615842,-0.030238134923271043,0.4761287152506123,-0.3779955609386527,0.7815491160263442,0.7432300515880066,0.04557492986708481,-0.14139972739443424,0.0562076001750858,0.10943891889302029,-0.19742379198554935,0.2844842924711121
13.85,-0.17184223541711324,-0.03038891714674702,0.4755999868351597,-0.3775343403141122,0.7801252695494012,0.7438063245989809,0.046669132633938744,-0.14336736884814463,0.059044280737045846,0.10940147465571587,-0.19610430482734406,0.28285152341203623
13.86,-0.17157257445431695,-0.03054078591949788,0.4750727245707096,-0.3770621795500958,0.7786818126515566,0.7444108827476158,0.04776295616443726,-0.14532180965879932,0.061864624771239274,0.10936307169031377,-0.19478366801484856,0.2812169927272665
13.870000000000001,-0.1712968748792063,-0.030693736471765543,0.4745469455716189,-0.3765790824868958,0.7772188773962575,0.7450435625811345,0.0488563908733659,-0.14726303846906713,0.06466861483569607,0.10932371041150525,-0.19346190938999344,0.27958073527408345
13.88,-0.1710151565251465,-0.030847764382941845,0.47402266697384876,-0.3760850530606374,0.7757365959591367,0.7457042004740808,0.04994942717970411,-0.14919104420003199,0.06745623383702926,0.10928339124395713,-0.19213905679480492,0.2779427859132221
13.89,-0.1707274392883103,-0.031002865575055882,0.47349990593224023,-0.3755800953032332,0.7742351006252203,0.74639263263181,0.05104205550673036,-0.1511058160512007,0.0702274650304797,0.10924211462230748,-0.19081513807079073,0.2763031795081025
13.9,-0.17043374312856138,-0.03115903630628397,0.4729786796177956,-0.37506421334234197,0.7727145237861492,0.7471086950939719,0.052134266282117814,-0.15300734350048706,0.07298229201992895,0.10919988099115953,-0.18949018105833312,0.2746619509240693
13.91,-0.17013408807033564,-0.031316273164485764,0.4724590052149505,-0.3745374114013229,0.7711749979373934,0.7478522237379983,0.0532260499380359,-0.15489561630420146,0.07572069875791951,0.1091566908050775,-0.1881642135960801,0.27301913502762803
13.92,-0.16982849420352236,-0.03147457306076701,0.47194089991884797,-0.37399969379919085,0.7696166556754661,0.7486230542825907,0.054317396911250024,-0.1567706244970304,0.0784426695456628,0.10911254452858182,-0.18683726352033728,0.27137476668568367
13.93,-0.169516981684341,-0.031633933223068955,0.47142438093260586,-0.3734510649505691,0.768039629695143,0.7494210222912052,0.055408297643220236,-0.15863235839200862,0.08114818903303743,0.10906744263614333,-0.18550935866446003,0.26972888076477863
13.94,-0.1691995707362171,-0.03179435118978691,0.4709094654645858,-0.37289152936564374,0.7664440527866789,0.7502459631755396,0.056498742580199754,-0.16048080858048516,0.08383724221857937,0.10902138561217875,-0.1841805268582481,0.2680815121303339
13.950000000000001,-0.16887628165064852,-0.031955824803415134,0.4703961707256523,-0.37232109165011174,0.7648300578330198,0.7510977121990228,0.05758872217333908,-0.1623159659320922,0.08650981444947836,0.10897437395104466,-0.18285079592733222,0.26643269564587985
13.96,-0.16854713478807118,-0.03211835220422071,0.46988451392643893,-0.37173975650513624,0.7631977778070305,0.7519761044802947,0.05867822687877725,-0.16413782159468732,0.08916589142153519,0.10892640815703347,-0.18152019369257896,0.2647824661723113
13.97,-0.16821215057871192,-0.03228193182394912,0.4693745122745997,-0.37114752872729195,0.7615473457687011,0.7528809749966996,0.05976724715774929,-0.1659463669943158,0.09180545917915166,0.10887748874436615,-0.18018874796947196,0.26313085856711055
13.98,-0.16787134952343657,-0.03244656237955629,0.46886618297206695,-0.3705444132085153,0.7598788948623711,0.7538121585877674,0.06085577347668168,-0.1677415938351478,0.09442850411528339,0.10882761623718762,-0.17885648656751213,0.26147790768359613
13.99,-0.16752475275094,-0.032612242201574715,0.4683595428764163,-0.3699304154100449,0.758192564126498,0.7547694813017247,0.0619436481089345,-0.1695216767465757,0.09703230627882607,0.10874590226817822,-0.1771446474423818,0.2592594939353396
14.0,-0.16717238397324227,-0.03277896688062226,0.46785460730501305,-0.3693055430291408,0.7564885189304985,0.755752729957017,0.06303068815423578,-0.17128448186622333,0.09961368619780951,0.10866195173855264,-0.17541629590339414,0.2570163457047576
14.01,-0.16681426767779894,-0.032946731405819996,0.467351391099174,-0.3686698044608107,0.7547669321087876,0.7567616802398696,0.06411688404473137,-0.17303000111357658,0.10217263038914322,0.10857707151686682,-0.1736874790435736,0.25477235633986145
14.02,-0.16645042841814847,-0.033115531003689413,0.4668499090452608,-0.3680232081930661,0.753027976542748,0.7577961077517429,0.06520222648980688,-0.1747582300171957,0.1047091306794758,0.10849126286586898,-0.17195823321384054,0.25252757343563054
14.030000000000001,-0.16608089081468586,-0.03328536113052083,0.46635017587087857,-0.36736576280676025,0.7512718251566559,0.7588557880147451,0.06628670621152363,-0.17646916446906877,0.10722317937131105,0.10840452705754201,-0.17022859474800692,0.2502820445670234
14.040000000000001,-0.1657056795554465,-0.03345621746475941,0.46585220624106155,-0.36669747697546495,0.7494986509140603,0.7599404964763826,0.06737031394470387,-0.17816280072442545,0.10971476924278616,0.10831686537308198,-0.16849859996199373,0.24803581728795226
14.05,-0.16532481939685026,-0.03362809589946347,0.46535601475445804,-0.36601835946533745,0.7477086268141361,0.7610500085143247,0.0684530404370313,-0.17983913540156704,0.11218389354747609,0.10822827910287475,-0.16676828515302344,0.24578893913022407
14.06,-0.16493833516441464,-0.03380099253482838,0.4648616159395289,-0.36532841913499353,0.7459019258880603,0.7621840994411522,0.06953487644913922,-0.18149816548167005,0.1146305460141589,0.10813876954647463,-0.1650376865988344,0.24354145760251156
14.07,-0.16454625175342927,-0.03397490367078376,0.46436902425075477,-0.36462766493537757,0.7440787211953858,0.7633425445091083,0.07061581275470194,-0.1831398883085874,0.11705472084657859,0.10804833801258357,-0.1633068405568923,0.24129342018932037
14.08,-0.16414859412959315,-0.034149825799657973,0.46387825406485156,-0.3639161059096336,0.7422391858204187,0.7645251189148448,0.07169584014052408,-0.18476430158863874,0.11945641272319377,0.10795698581902967,-0.16157578326360414,0.23904487434995889
14.09,-0.16374538732961055,-0.03432575559891771,0.4633893196769923,-0.36319375119296793,0.7403834928685818,0.765731597804176,0.07277494940663864,-0.18637140339040545,0.12183561679693608,0.10786471429274203,-0.15984455093351294,0.2367958675174824
14.1,-0.163336656461752,-0.03450268992397454,0.46290223529704577,-0.3624606100125235,0.7385118154628096,0.7669617562768117,0.07385313136638903,-0.18796119214449575,0.12419232869492254,0.10777152476973247,-0.15811317975852948,0.2345464470976869
14.11,-0.1629224267063696,-0.03468062580106862,0.46241701504581867,-0.3617166916872405,0.7366243267399166,0.7682153693911059,0.07493037684652658,-0.18953366664332374,0.12652654451819317,0.1076774185950699,-0.15638170590712794,0.2322966604680549
14.120000000000001,-0.16250272331637483,-0.03485956042022076,0.461933672951313,-0.3609620056277256,0.7347211998469875,0.7694922121687895,0.07600667668729759,-0.19108882604086716,0.1288382608414147,0.10758239712286183,-0.1546501655235714,0.23004655497674062
14.13,-0.16207757161767083,-0.0350394911282606,0.4614522229449929,-0.3601965613361142,0.7328026079377586,0.7707920595997085,0.07708202174253515,-0.19262666985242227,0.13112747471258604,0.10748646171622854,-0.15291859472711686,0.2277961779415277
14.14,-0.1616469970095447,-0.03522041542192694,0.46097267885806514,-0.359420368405937,0.7308687241690124,0.7721146866465513,0.07815640287974618,-0.19414719795434673,0.1333941836527226,0.10738961374728331,-0.15118702961123934,0.22554557664881275
14.15,-0.16121102531766046,-0.03540233062926845,0.46049505427366616,-0.35863343693576333,0.7289197245933468,0.7734598640446143,0.07922967363104728,-0.19564944917689156,0.13563698988880596,0.10726146279404214,-0.1492427718557572,0.22298595141325223
14.16,-0.160769684325384,-0.035585232541353984,0.4600193618893704,-0.3578357793271498,0.7269558007416508,0.7748273400341195,0.08030162764137867,-0.19713204341987625,0.13785388739523183,0.10712919266985106,-0.14727612709859858,0.22039358210356136
14.17,-0.16032300251155518,-0.035769116504643095,0.45954561401196825,-0.35702740880659106,0.7249771492745569,0.7762168553836736,0.08137225455594167,-0.19859497279447785,0.1400448622664187,0.10699604399526051,-0.1453098050247203,0.21780143345510491
14.18,-0.15987100842248267,-0.03595397796588584,0.459073822806815,-0.3562083386889355,0.7229839668239277,0.7776281508788673,0.08244154559988952,-0.20003824073283244,0.14220991698158808,0.10686201890267887,-0.14334384668828223,0.21520955998146374
14.19,-0.15941373067155834,-0.036139812465178445,0.4586040002938046,-0.3553785823766757,0.7209764499852579,0.7790609673328056,0.08350949201973593,-0.20146185107743314,0.14434905456486274,0.10672711953248973,-0.1413782931074279,0.21261801615052578
14.200000000000001,-0.15895119793923304,-0.03632661562874573,0.45813615834318816,-0.3545381533597305,0.7189547953135625,0.7805150455915594,0.08457608508344056,-0.20286580808077423,0.14646227858481575,0.10659134803301407,-0.13941318526338592,0.21002685638329233
14.21,-0.1584834389729368,-0.036514383161823816,0.4576703086714262,-0.35368706521523113,0.716919199319284,0.7819901265396062,0.08564131608048554,-0.2042501164049732,0.14854959315399038,0.10645470656047024,-0.13744856409958134,0.20743613505269723
14.22,-0.1580104825869389,-0.03670311084164596,0.4572064628370628,-0.352825331607308,0.7148698584642003,0.7834859511052638,0.08670517632195293,-0.2056147811213874,0.15061100292841068,0.10631719727893696,-0.13548447052075283,0.20484590648243473
14.23,-0.1575323576621443,-0.03689279451053129,0.4567446322366286,-0.3519529662868707,0.7128069691573274,0.785002260266128,0.08776765714060623,-0.20695980771022626,0.15264651310708968,0.10617882236031245,-0.13352094539205597,0.20225622494576748
14.24,-0.15704909314583243,-0.0370834300690735,0.4562848281005735,-0.3510699830913927,0.7107307277508375,0.7865387950544978,0.08882874989096695,-0.20828520206014922,0.15465612943151608,0.10603958398427686,-0.1315580295381815,0.19966714466435564
14.25,-0.15656071805133392,-0.03727501346943679,0.4558270614892284,-0.3501763959446938,0.7086413305359776,0.7880952965627951,0.08988844594939081,-0.209590970467855,0.15663985818512965,0.10589948433825247,-0.12959576374247075,0.19707871980708128
14.26,-0.15606726145764413,-0.03746754070875141,0.45537134328879575,-0.3492722188567197,0.7065389737389858,0.7896715059489866,0.090946736714148,-0.2108771196376673,0.1585977061927935,0.1057585256173648,-0.12763418874602683,0.19449100448886808
14.27,-0.15556875250897817,-0.037661007822614945,0.454917684207373,-0.34835746592332467,0.7044238535170239,0.7912671644419902,0.09200361360549708,-0.21214365668110474,0.16052968082024296,0.10561671002440408,-0.12567334524683782,0.19190405276951578
14.280000000000001,-0.1550652204142605,-0.03785541087869748,0.45446609477100763,-0.3474321513260494,0.7022961659541029,0.792882013347084,0.09305906806576286,-0.21339058911644632,0.1624357899735311,0.10547403976978463,-0.1237132738988898,0.18931791865252198
14.290000000000001,-0.15455669444655465,-0.038050745970448885,0.45401658531978323,-0.3464962893319005,0.7001561070570181,0.7945157940513067,0.09411309155941311,-0.2146179248682888,0.1643160420984612,0.10533051707150749,-0.12175401531128888,0.18673265608391573
14.3,-0.15404320394243046,-0.03824700921091362,0.45356916600394276,-0.3455498942931295,0.698003872751291,0.7961682480288498,0.09516567557313232,-0.2158256722670901,0.16617044618000293,0.10518614415511986,-0.11979561004738273,0.1841483189510902
14.31,-0.15352477848487317,-0.03844419666283999,0.45312384677517303,-0.3445929809603932,0.6958396597056019,0.7978391157657408,0.09621669578296876,-0.21701353382155716,0.16799861229018484,0.10501238250246595,-0.11776264552926351,0.18146653789217818
14.32,-0.1530014490246845,-0.03864230393814427,0.45268063735029007,-0.34362556640006164,0.6936636703971096,0.7995281301525918,0.09726591428508294,-0.2181809121153994,0.16979975928000265,0.10483118352841632,-0.11571318918963922,0.17876305871601691
14.33,-0.15247324713478463,-0.03884132643943089,0.4522395472203598,-0.3426476687280833,0.6914761097607219,0.8012350208554828,0.0983133167706976,-0.21932780119500897,0.17157387753118664,0.10464917970277221,-0.11366480974605694,0.17606079954213105
14.34,-0.1519402044431814,-0.03904125954808807,0.45180058566029235,-0.3416593061448176,0.6892771826340345,0.8029595176489619,0.09935889520631802,-0.220454212041164,0.1733209795249563,0.1044663740311909,-0.11161754955367671,0.17335981659920377
14.35,-0.15140235262957397,-0.03924209861912431,0.4513637617250373,-0.34066049693080536,0.687067093742711,0.8047013504352049,0.10040264158854005,-0.22156015605793203,0.17504107830448173,0.10428276952551177,-0.10957145091443325,0.17066016604743545
14.36,-0.15085972342419654,-0.03944383897532455,0.4509290842457697,-0.33965125944647223,0.6848460476962644,0.8064602492496235,0.10144454794410719,-0.22264564507212858,0.1767341874741852,0.10409836920370208,-0.10752655607613232,0.1679619039773445
14.370000000000001,-0.1503123486065938,-0.03964647590152398,0.45049656182612025,-0.3386316121318255,0.6826142489838272,0.8082359442664768,0.1024846063299731,-0.2237106913327731,0.17840032119904087,0.10391317608980025,-0.10548290723153418,0.16526508640855025
14.38,-0.14976026000433024,-0.039850004638999514,0.4500662028384507,-0.3376015735061512,0.6803719019699322,0.810028165804475,0.10352280883336222,-0.22475530751053363,0.18003949420386003,0.10372719321385968,-0.10344054651744154,0.1625697692885619
14.39,-0.14920348949163662,-0.04005442037997825,0.4496380154201757,-0.33656116216771176,0.678119210890301,0.811836644332371,0.10455914757182927,-0.22577950669716296,0.18165172177256333,0.10354042361189403,-0.10139951601379306,0.159876008491575
14.4,-0.14864206898798987,-0.040259718262261046,0.44921200747013296,-0.33551039679344086,0.675856379847631,0.8136611104745524,0.10559361469331947,-0.22678330240492509,0.1832370197474428,0.1033528703258186,-0.09935985774274911,0.15718385981725747
14.41,-0.1480760304566323,-0.04046589336396561,0.44878818664500414,-0.33444929613864366,0.6735836128074039,0.8155012950166124,0.1066262023762242,-0.2277667085660119,0.1847954045284063,0.10316453640339869,-0.09732161366779801,0.15449337898956308
14.42,-0.1475054059030205,-0.04067294069838501,0.44836656035578126,-0.33337787903668575,0.6713011135936754,0.817356928910934,0.1076569028294438,-0.22872973953195408,0.18632689307222097,0.10297542489818917,-0.09528482569283594,0.15180462165550943
14.43,-0.1469302273732182,-0.04088085520896406,0.44794713576428924,-0.33229616439869275,0.6690090858848953,0.8192277432822463,0.10868570829244192,-0.22967241007301967,0.18783150289173312,0.10278553886948207,-0.09324953566127556,0.14911764338399452
14.44,-0.1463505269522211,-0.04108963176439123,0.4475299197797549,-0.33120417121324136,0.6667077332097174,0.8211134694331856,0.10971261103530398,-0.2305947353776044,0.18930925205508298,0.10259488138224794,-0.0912157853551375,0.14643249966459038
14.450000000000001,-0.14576633676222178,-0.04129926515380794,0.44711491905543305,-0.3301019185460539,0.6643972589428234,0.8230138388498427,0.11073760335879373,-0.23149673105161378,0.19076015918490538,0.1024034555070817,-0.08918361649415392,0.14374924590635227
14.46,-0.1451776889608143,-0.04150975008213581,0.4467021399852849,-0.32898942553969435,0.6620778663007557,0.8249285832072997,0.11176067759440646,-0.23237841311783405,0.1921842434575152,0.10221126432014674,-0.08715307073487502,0.14106793743663298
14.47,-0.14458461581468818,-0.04172108119975171,0.44629158874512936,-0.3278667116006765,0.6597497582778242,0.8268574345846352,0.11278174263269955,-0.23323982470072205,0.19358161789044953,0.10199352893777089,-0.08513211231894148,0.1384163259294379
14.48,-0.14398715047747643,-0.04193325345015875,0.44588327174921377,-0.326733798336041,0.6574131370227465,0.8288001276351061,0.11380052618488734,-0.23408106727216912,0.19495259857454028,0.10176306320756039,-0.08311668724875089,0.13578014918489997
14.49,-0.14338532666913248,-0.04214626191756943,0.44547719546400716,-0.32559070877098184,0.6550682040845055,0.8307563987176383,0.11481700153745544,-0.23490216421991686,0.19629722773037056,0.10153188965890583,-0.08110299444234331,0.13314602930449912
14.5,-0.14277917813839044,-0.042360101578899745,0.44507336609164794,-0.3244374660228241,0.6527151608320442,0.8327259844206908,0.11583116163158222,-0.23570313307239252,0.19761552619725972,0.10130001216534928,-0.07909107504660362,0.13051402040998822
14.51,-0.1421687386519719,-0.04257476729568854,0.44467178956188597,-0.32327409327928286,0.650354208456956,0.8347086215438273,0.11684299944720358,-0.23648399176915777,0.19890751535531878,0.10106743460426586,-0.07708097014122221,0.12788417653709522
14.52,-0.14155404199235974,-0.04279025381003748,0.444272471529143,-0.3221006137980836,0.6479855479693923,0.8367040471031079,0.11785250800304581,-0.23724475866023118,0.20017321712457867,0.10083416085679543,-0.07507272073782902,0.125256551634385
14.530000000000001,-0.14093512195550933,-0.043006555740670416,0.44387541736962705,-0.3209170509065668,0.6456093801939492,0.8387119983364937,0.11885968035666729,-0.23798545250540426,0.20141265396411784,0.10060019480776637,-0.0730663677791005,0.12263119956208476
14.540000000000001,-0.14031201234851268,-0.043223667579107894,0.44348063217851014,-0.319723428001307,0.6432259057655859,0.8407322127092225,0.11986450960449051,-0.2387060924735461,0.20262584887116777,0.10036554034562631,-0.07106195213789404,0.12000817409094648
14.55,-0.1396847469872024,-0.04344158368595891,0.4430881207671627,-0.31851976854771685,0.6408353251255241,0.8427644279191965,0.1208669888818419,-0.239406698141902,0.20381282538021728,0.10013020136236614,-0.06905951461635972,0.11738752890107806
14.56,-0.1390533596937096,-0.04366029828732576,0.4426978876604529,-0.31730609607966115,0.6384378385171745,0.8448083819023448,0.1218671113629858,-0.2400872894953825,0.20497360756209893,0.09989418175344975,-0.06705909594507165,0.1147693175808018
14.57,-0.13841788429396928,-0.043879805471325584,0.4423099370941074,-0.31608243419907095,0.6360336459820709,0.8468638128379766,0.12286487026115489,-0.2407478869258398,0.20610822002306084,0.09965748541774135,-0.06506073678216123,0.11215359362551425
14.58,-0.13777835461517052,-0.04410009918472635,0.441924273012132,-0.3148488065755451,0.6336229473557866,0.8489304591541454,0.12386025882859145,-0.24138851123134458,0.20721668790384065,0.0994201162574318,-0.06306447771243236,0.10954041043652271
14.59,-0.1371348044831652,-0.044321173229698696,0.44154089906430244,-0.31360523694596865,0.6312059422638941,0.8510080595329741,0.12485327035657247,-0.2420091836154427,0.20829903687870974,0.0991820781779673,-0.06107035924650703,0.10692982131992172
14.6,-0.1364872677198211,-0.04454302126067894,0.4411598186037136,-0.3123517491141156,0.6287828301179009,0.8530963529159962,0.12584389817544825,-0.24260992568641418,0.2093552931545232,0.09894337508797736,-0.05907842181994899,0.10432187948544076
14.61,-0.13583577814033318,-0.044765636781348594,0.4407810346843989,-0.31108836695026254,0.626353810111213,0.8551950785094707,0.1268321356546694,-0.24319075945651397,0.21038548346974448,0.098704010899201,-0.057088705792403924,0.10171663804531296
14.620000000000001,-0.1351803695504854,-0.044989013141725265,0.4404045500590149,-0.30981511439079634,0.6239190812150992,0.8573039757896946,0.12781797620281898,-0.24375170734121074,0.21138963509346748,0.09846398952641668,-0.055101251446737505,0.09911415001314214
14.63,-0.13452107576507905,-0.0452131435643221,0.44003036720460376,-0.3085320155087176,0.6214788420343591,0.8594227847678909,0.1288013689576354,-0.24429287984435347,0.21236793806361853,0.09820485361572336,-0.053152632358685586,0.09658206345702289
14.64,-0.1338579311199502,-0.045438021844872556,0.4396584890032242,-0.30723909623640794,0.6190332873933234,0.8615512523047565,0.12978201926409505,-0.2448148703952594,0.2133214757269956,0.09792510947849829,-0.05124585230315776,0.09412591462199338
14.65,-0.13319097049379977,-0.04566364238627574,0.43928891878520626,-0.30593638445803967,0.6165826081481715,0.8636891324555632,0.13075986919112353,-0.24531780444409462,0.2142504653470434,0.09764477851689304,-0.04934133834851296,0.0916724630793497
14.66,-0.13252022876467406,-0.04588999945938088,0.4389216596188465,-0.3046239082066705,0.6141269947499802,0.8658361798755698,0.13173491289410372,-0.24580170484385888,0.21515493414517145,0.09736386545648193,-0.047439128880029505,0.08922175851004314
14.67,-0.13184574078001055,-0.04611708716374063,0.4385567142729663,-0.30330169557356707,0.6116666374193779,0.8679921494947318,0.13270714457567895,-0.24626659483101676,0.21603490983911033,0.0970823750237558,-0.04553926220540503,0.08677385049720643
14.68,-0.13116754135366854,-0.046344899425322716,0.438194085215092,-0.30196977470773406,0.6092017261427143,0.8701567965226596,0.13367655848576185,-0.2467124980247194,0.21689042064192882,0.09680031194603492,-0.04364177655394292,0.08432878852510213
14.69,-0.13048566526292385,-0.04657342999432462,0.43783377460969897,-0.3006281738154389,0.6067324506682352,0.8723298764535686,0.13464314892154275,-0.24713943842601543,0.21772149526104026,0.09651768095137826,-0.04174671007573484,0.08188662197806525
14.700000000000001,-0.12980014724543154,-0.04680267244309477,0.43747578431652284,-0.29927692115974125,0.6042590005022705,0.8745111450712159,0.13560691022749535,-0.24754744041705434,0.2185281628971964,0.09623448676849532,-0.03985410084085149,0.07944740013945696
14.71,-0.1291110219961573,-0.04703262016415782,0.43712011588893657,-0.2979160450600207,0.6017815649054282,0.8767003584538259,0.1365678367953831,-0.24793652876028358,0.2193104532434737,0.09595073412665887,-0.03796398683853441,0.07701117219061968
14.72,-0.12841832416427582,-0.047263266368342494,0.43676677057239427,-0.29654557389150216,0.5993003328887931,0.8788972729790123,0.13752592306426453,-0.2483067285976349,0.22006839648424728,0.09566642775561474,-0.03607640597638509,0.07457798720982813
14.73,-0.12772208835004104,-0.047494604083015424,0.4364157493029436,-0.29516553608478335,0.5968154932101362,0.881101645328686,0.13848116352049797,-0.24865806544970462,0.22080202329415557,0.0953815723854937,-0.03419139607955973,0.0721478941712483
14.74,-0.1270223491016277,-0.047726626150414064,0.4360670527058047,-0.29377596012536117,0.5943272343701311,0.8833132324939507,0.13943355269774532,-0.24899056521492613,0.22151136483705466,0.09509617274672427,-0.03230899488996623,0.06972094194389877
14.75,-0.12631914091194624,-0.04795932522608526,0.4357206810940207,-0.2923768745531608,0.5918357446085848,0.885531791779989,0.14038308517697223,-0.24930425416873048,0.222196452764959,0.09481023356994299,-0.0304292400654645,0.06729717929061649
14.76,-0.12561249821542944,-0.048192693777422024,0.43537663446717517,-0.29096830796205964,0.5893412119006647,0.8877570808109425,0.141329755586453,-0.2495991589627049,0.22285731921697752,0.09452375958590736,-0.028552169179063485,0.06487665486701827
14.77,-0.12490245538479747,-0.04842672408230381,0.43503491251018106,-0.2895502889994171,0.5868438239531479,0.8899888575347727,0.142273558601769,-0.24987530662373938,0.22349399681823498,0.0942367555254087,-0.026677819718128888,0.06245941722047642
14.780000000000001,-0.12418904672779617,-0.04866140822783427,0.43469551459213873,-0.28812284636559976,0.584343768200669,0.8922268802281188,0.14321448894580935,-0.25013272455316554,0.22410651867878373,0.09394922611918262,-0.024806229083584777,0.060045514789085694
14.790000000000001,-0.12347230648573816,-0.048896738112868765,0.4343584397686538,-0.28668600882071404,0.581841231782587,0.8944709075351899,0.1441525316046524,-0.2503714668627977,0.22469496463291608,0.09365231846670871,-0.022961277582129395,0.05767685767538105
14.8,-0.12275226912846766,-0.04913270605074144,0.4340236873370552,-0.2852398063639044,0.579336398363543,0.8967207040482799,0.1450874120561587,-0.2505922867093387,0.22526064167492868,0.09332369778615576,-0.02120313599278095,0.05545907216920129
14.81,-0.12202896967979734,-0.04936930543810225,0.4336912574616096,-0.28378427154099395,0.5768294446085384,0.8989760464948453,0.14601900408865726,-0.25079553852615505,0.22580415657879163,0.09299463559005725,-0.019447677451125883,0.053244437407006864
14.82,-0.12130244315938259,-0.04960652963568668,0.4333611501528685,-0.2823194372581582,0.5743205460631409,0.9012367134117741,0.14694730331473885,-0.2509812493180006,0.22632554107261976,0.09266513742753481,-0.01769493679855061,0.05103299750665533
14.83,-0.12057272449933652,-0.04984437180566481,0.4330333651186931,-0.2808453364651666,0.5718098780011246,0.9035024836554444,0.14787230540247517,-0.25114944643762116,0.22682482732518697,0.09233520884513136,-0.015944948791676548,0.04882479648149301
14.84,-0.11983984854095518,-0.05008282491086896,0.43270790176358453,-0.27936200215483153,0.5692976154210022,0.9057731364061187,0.14879400607538826,-0.2513001575849001,0.22730204794487197,0.0920048553867052,-0.014197748101630624,0.04661987823943238
14.85,-0.11910385003142898,-0.05032188171411617,0.43238475918807723,-0.27786946736245133,0.5667839330425524,0.9080484511723399,0.14971240111242623,-0.2514334108060023,0.2277572359786028,0.09167408259332768,-0.012453369313310744,0.04441828658202394
14.86,-0.1183647636205469,-0.05056153477761555,0.4320639361881987,-0.2763677651652608,0.5642690053033689,0.910328207795304,0.1506274863479325,-0.25154923449250804,0.22819042491078734,0.09134289600317969,-0.010711846924660786,0.04222006520353977
14.870000000000001,-0.11762262385738839,-0.05080177646246642,0.4317454312549928,-0.2748569286818717,0.5617530063554023,0.9126121864532379,0.15153925767161816,-0.2516476573805384,0.22860164866223565,0.09101130115144566,-0.008973215345936949,0.04002525769004574
14.88,-0.11687746518701117,-0.05104259892824159,0.4314292425741098,-0.2733369910717232,0.5592361100615242,0.9149001676657526,0.15244771102853047,-0.25172870854987595,0.22899094158907377,0.09067930357021181,-0.007237508898986695,0.03783390751849008
14.89,-0.11612932194713098,-0.051283994132657995,0.43111536802546124,-0.2718079855345284,0.556718489992096,0.9171919322981907,0.15335284241902086,-0.2517924174230765,0.22935833848164738,0.09034690878836242,-0.0055047618165259445,0.03564605805578959
14.9,-0.1153782283647955,-0.05152595383133435,0.43080380518294076,-0.27026994530971865,0.5542003194215404,0.9194872615659677,0.15425464789871454,-0.2518388137645746,0.22970387456341818,0.09001412233147618,-0.0037750082414145097,0.0334617525579135
14.91,-0.1146242185530548,-0.051768469577629705,0.4304945513142118,-0.2687229036758931,0.5516817713249295,0.9217859370388938,0.15515312357847463,-0.2518679276797802,0.23002758548984795,0.08968094972172305,-0.002048282225940749,0.031281034168978775
14.92,-0.11386732650763082,-0.05201153272257081,0.43018760338056283,-0.26716689395026805,0.5491630183745849,0.9240877406454869,0.15604826562436863,-0.25187978961417223,0.2303295073472779,0.08934739647776373,-0.00032461773110687916,0.029103945920347152
14.93,-0.11310758610358032,-0.05225513441486013,0.42988295803682514,-0.2656019494881205,0.546644232936671,0.9263924546772822,0.15694007025763332,-0.2518744303523784,0.23060967665179452,0.08901346811464371,0.0013959513740902756,0.026930530729714776
14.94,-0.11234503109196298,-0.05249926560096563,0.4295806116313625,-0.2640281036822428,0.5441255870678198,0.9286998617931141,0.15782853375463557,-0.2518518810172538,0.2308681303480887,0.08867917014369373,0.0031133913133633544,0.02476083140022238
14.950000000000001,-0.11157969509650272,-0.052743917025295184,0.4292805602061243,-0.26244538996238326,0.5416072525117405,0.9310097450234097,0.15871365244683994,-0.2518121730689509,0.23110490580830795,0.08834450807242632,0.004827668403852841,0.02259489061954701
14.96,-0.11081161172683135,-0.05298907948977144,0.4289827997304769,-0.2608538422765003,0.539089399326692,0.9333218901339118,0.15959525961991627,-0.2517558018073685,0.23132083957692615,0.08797268324953222,0.006434158241214101,0.020612990199847872
14.97,-0.1100408151150837,-0.05323474505766307,0.42868732719230934,-0.25925349732558406,0.5365721895295603,0.9356360965771721,0.1604731025066355,-0.25168350757109764,0.23151719031576318,0.08759584929118405,0.0080241865203246,0.01865773514975358
14.98,-0.1092673394821024,-0.05348090610130002,0.4283941397533916,-0.25764439279195234,0.5340557821258265,0.9379521688229858,0.16134717572022092,-0.2515953281784864,0.23169400589526848,0.08721874967699293,0.009611184345110532,0.016705964700280674
14.99,-0.10849121890326235,-0.053727554789549326,0.42810323429004393,-0.25602656638551313,0.5315403358150144,0.9402699116946274,0.16221747663573108,-0.2514912940888551,0.23185132135227396,0.08684139072919367,0.011195120775025515,0.014757716998706294
15.0,-0.10771248730505383,-0.05397468308768916,0.42781460739300115,-0.25440005584211073,0.5290260089905126,0.9425891303676402,0.16308400269141182,-0.2513714360704806,0.23198917210454542,0.08646377876325494,0.012775964959513617,0.012813030084373346
15.01,-0.10693117846191874,-0.054222282757902474,0.42752825536782846,-0.2527648989228871,0.5265129597364807,0.9449096303736519,0.16394675138863168,-0.251235785199693,0.2321075939496999,0.08608592008776021,0.014353686138660095,0.010871941887890152
15.02,-0.1061473259931047,-0.05447034535984285,0.42724417423539784,-0.2511211334136587,0.5240013458247829,0.9472312176041562,0.16480572029180793,-0.2510843728599645,0.2322066230641122,0.08570782100428999,0.015928253643828175,0.008934490230347278
15.030000000000001,-0.10536096335952412,-0.054718862251272204,0.4269623597324203,-0.24946879712428008,0.5214913247119127,0.9495536983143034,0.1656609070283399,-0.25091723074099564,0.23228629600181824,0.08532948780730436,0.017499636898304763,0.007000712822523791
15.040000000000001,-0.10457212386063179,-0.05496782458876498,0.42668280731203884,-0.24780792788801936,0.5189830535359432,0.9518768791266647,0.16651230928853403,-0.25073439083779137,0.2323466496934063,0.08495092678402599,0.019067805417934156,0.0050706472641077055
15.05,-0.10378084063131215,-0.0552172233284815,0.426405512144478,-0.2461385635609268,0.5164766891134732,0.9542005670349964,0.16735992482553314,-0.25053588544973315,0.23238772144490347,0.08457214421432324,0.02063272881175645,0.003144331042910989
15.06,-0.10298714663878249,-0.05546704922701101,0.42613046911775243,-0.24446074202120682,0.5139723879365892,0.9565245694079887,0.1682037514552413,-0.25032174717964334,0.2324095489366518,0.08419314637059275,0.022194376782641224,0.0012218015340900515
15.07,-0.10219107467951288,-0.05571729284227672,0.4258576728384328,-0.24277450116859178,0.5114703061698369,0.9588486939930001,0.16904378705624828,-0.25009200893284317,0.2324121702221784,0.08381393951764342,0.023752719127917418,-0.0006969040006289864
15.08,-0.10139265737616057,-0.05596794453451204,0.4255871176324714,-0.24107987892371388,0.5089705996471987,0.9611727489197885,0.1698800295697545,-0.24984670391620611,0.2323956237270573,0.08343452991258056,0.02530772574000402,-0.002611748413725936
15.09,-0.10059192717452442,-0.05621899446729539,0.4253187975460844,-0.23937691322748234,0.5064734238690866,0.9634965427042204,0.17071247699949152,-0.24958586563720372,0.2323599482477638,0.08305492380469047,0.026859366607033745,-0.004522694672653661
15.1,-0.09978891634051493,-0.0564704326086547,0.42505270634669257,-0.2376656420404557,0.5039789339993378,0.9658198842519772,0.17154112741164437,-0.24930952790294453,0.23230518295052013,0.08267512743532411,0.028407611813479363,-0.006429705860608772
15.11,-0.09898365695714603,-0.05672224873223003,0.4247888375239203,-0.23594610334222002,0.501487284862226,0.9681425828622457,0.1723659789347715,-0.24901772481920884,0.2322313673701355,0.08229514703778328,0.029952431540773802,-0.00833274517729411
15.120000000000001,-0.0981761809393174,-0.056974432456072255,0.42452718432342845,-0.23421833520223395,0.49899863074474515,0.970464448562153,0.17318698362959623,-0.24871061647282508,0.2321387548844442,0.0818951414146505,0.03143972098310764,-0.010139928359514428
15.13,-0.0973665204977803,-0.05722697423151979,0.4242677406127104,-0.23248237765797894,0.4965131202748646,0.9727853008047739,0.17400382027840305,-0.24838910797470953,0.23202886417139718,0.0814721757692073,0.03286143761031804,-0.011837608763711368
15.14,-0.09655470818031506,-0.057479865440329625,0.42401050097993,-0.2307382728967469,0.4940308959215808,0.9751049693169278,0.17481642690517035,-0.24805339858656786,0.23190201487312007,0.08104913818029488,0.03427989445591346,-0.013531639986478697
15.15,-0.09574077636286057,-0.05773309732737353,0.42375545980926815,-0.2289860632222373,0.49155209953035095,0.977423284695764,0.17562480282564982,-0.24770352104203502,0.23175824364381992,0.08062603568326197,0.03569506437139862,-0.015221989567069279
15.16,-0.09492475721960378,-0.05798666094452054,0.42350261123217514,-0.22722579094464246,0.48907687261794247,0.9797400779065925,0.1764289474258897,-0.24733950834577065,0.2315975874617757,0.08020287530206147,0.03710692030074497,-0.016908625152172382
15.17,-0.09410668272026551,-0.058240547151977795,0.4232519491286039,-0.22545749837994053,0.4866053563697218,0.9820551802861256,0.17722886016211997,-0.24696139377252763,0.23142008362825753,0.07977966404911714,0.038515435280953296,-0.018591514496584582
15.18,-0.09328658462741736,-0.058494746619689675,0.4230034671282929,-0.22368122784920022,0.48413769163696524,0.9843684235456943,0.1780245405606366,-0.24656921086622371,0.23122576976644638,0.07935640892519708,0.039920582442608134,-0.02027062546386938
15.19,-0.09246449449381948,-0.05874924982878854,0.42275715861209423,-0.22189702167787387,0.48167401893416356,0.9866796397744713,0.178815988217685,-0.24616299343899847,0.2310146838203392,0.0789331169192807,0.041322335010436875,-0.021945926027024075
15.200000000000001,-0.09164044365979232,-0.05900404707309598,0.4225130167133524,-0.22010492219510494,0.47921447843635234,0.9889886614426646,0.1796032027993407,-0.24574277557027344,0.23078686405365492,0.07850979500843279,0.042720666303859046,-0.023617384269133495
15.21,-0.09081446325061221,-0.0592591284606766,0.4222710343193292,-0.21830497173302654,0.4767592099764397,0.9912953214047153,0.180386184041389,-0.24530859160579802,0.2305423490487266,0.07808645015767195,0.04411554973753816,-0.02528496838402837
15.22,-0.089986584173938,-0.05951448391544123,0.42203120407267514,-0.21649721262606642,0.4743083530425489,0.9935994529024751,0.18116493174920503,-0.2448604761566979,0.2302811777053936,0.07766308931984393,0.045506958821930434,-0.02694864667693843
15.23,-0.08915683711726541,-0.059770103178798606,0.4217935183729491,-0.2146816872102483,0.47186204677536553,0.9959008895683806,0.18193944579763185,-0.24439846409851154,0.23000338923988242,0.0772397194354924,0.0468948671638318,-0.02860838756514477
15.24,-0.08832525254541665,-0.060025975811354326,0.42155796937818524,-0.2128584378225053,0.4694204299655079,0.9981994654286024,0.1827097261308548,-0.24392259057022792,0.2297090231836855,0.07681634743273381,0.04827924846691689,-0.030264159578621604
15.25,-0.08749186069805293,-0.060282091194660714,0.4213245490065043,-0.21102750679997762,0.4669836410508847,1.0004950149062035,0.18347577276227867,-0.2434328909733096,0.2293981193824272,0.07639298022712657,0.049660076532286136,-0.03191593136068904
15.26,-0.08665669158722812,-0.06053843853300639,0.42109324893777345,-0.20918893647933234,0.46455181811409035,1.0027873728242607,0.18423758577439875,-0.24292940097072227,0.22907071799473175,0.07596962472154882,0.05103732525899667,-0.033563671668645156
15.27,-0.08581977499496217,-0.06079500685525829,0.4208640606153101,-0.2073427691960575,0.4621250988797741,1.0050763744090094,0.18499516531867796,-0.24241215648594483,0.22872685949107477,0.07554628780606683,0.05241096864460931,-0.03520734937441859
15.280000000000001,-0.0849811404708618,-0.06105178501674163,0.42063697524763416,-0.2054890472837897,0.45970362071206167,1.0073618552929342,0.18574851161541306,-0.241881193701989,0.22836658465263926,0.0751229763578144,0.05378098078571104,-0.03684693346519079
15.290000000000001,-0.08414081749000951,-0.06130876200714114,0.42041198406090496,-0.20362781368511595,0.45728751906542264,1.0096436540903329,0.1864974310455658,-0.2413370394713904,0.22799075030394017,0.07465871236520288,0.05504368141799902,-0.038309977565367054
15.3,-0.08329883604347996,-0.06156592808429723,0.42018907923531973,-0.20175911421412313,0.4548769217581423,1.0119216219214302,0.18724168570578403,-0.2407803330766995,0.22760040016195174,0.07419224423097576,0.05629702572920023,-0.0397594291420043
15.31,-0.0824552261014983,-0.061823273755053254,0.41996825308486624,-0.19988299551744976,0.45247195412475016,1.0141956138408081,0.18798127643400317,-0.24021111043176446,0.2271955742001595,0.07372592724167706,0.05754692755618768,-0.04120513700436363
15.32,-0.08161001738934937,-0.062080789353226695,0.41974949771421644,-0.19799950422672563,0.4500727411552269,1.016465485277913,0.1887162047799303,-0.23962940607859212,0.2267763099911848,0.07325976904562223,0.058793363481372055,-0.04264707407410589
15.33,-0.08076323938530405,-0.06233846504145585,0.41953280502049345,-0.1961086869577129,0.44767940749297835,1.018731092039255,0.18944647236966755,-0.23903525479289944,0.22634264537790796,0.0727937772744653,0.06003631018096452,-0.04408521337821416
15.34,-0.07991492131859243,-0.0625962908131415,0.41931816669511857,-0.194210590309521,0.44529207743247573,1.0209922903111328,0.1901720809055536,-0.23842869158316707,0.2258946184724083,0.0723279595430549,0.061275744425467404,-0.045519528049558625
15.35,-0.07906509216742968,-0.062854256494424,0.41910557422569794,-0.19230526086386104,0.4429108749169522,1.023248936662301,0.19089303216598946,-0.2378097516896996,0.2254322676549065,0.07186232344929874,0.0625116430801388,-0.046949991327430975
15.36,-0.07821378065706905,-0.06311235174619684,0.41889501889794195,-0.19039274518428026,0.4405359235360826,1.0255008880466523,0.19160932800526978,-0.23717847058367286,0.22495563157269574,0.07139687657402273,0.06374398310546825,-0.048376576558092
15.370000000000001,-0.07736101525789302,-0.06337056606615749,0.41868649179762135,-0.18847308981540123,0.4381673465236759,1.0277480018058873,0.19232097035341225,-0.23653488396617833,0.22446474913906836,0.07093162648083226,0.0649727415576476,-0.04979925719531386
15.38,-0.07650682418354518,-0.0636288887908884,0.4184799838125584,-0.18654634128217196,0.43580526675538866,1.0299901356721608,0.19302796121598312,-0.23587902776726677,0.22395965953224042,0.07046658071597628,0.06619789558903538,-0.051218006800914165
15.39,-0.0756512353890953,-0.06388730909797369,0.4182754856346519,-0.1846125460891059,0.4334498067464343,1.0322271477707319,0.19373030267392374,-0.23521093814498117,0.22344040219426634,0.07000174680820807,0.06741942244862399,-0.052632799045294276
15.4,-0.07479427656924419,-0.06414581600814967,0.4180729877619372,-0.18267175071953032,0.4311010886493088,1.0344588966225956,0.1944279968833764,-0.23453065148439065,0.22290701682995223,0.06953713226865033,0.06863729948250309,-0.05404360770797223
15.41,-0.07393597515656752,-0.0644043983874823,0.41787248050068004,-0.18072400163483723,0.4287592342515281,1.0366852411471028,0.19512104607550418,-0.2338382043966154,0.2223595434057608,0.0690727445906576,0.06985150413431741,-0.05545040667811037
15.42,-0.07307635831979656,-0.06466304494957947,0.41767395396750334,-0.1787693452737326,0.42642436497337094,1.038906040664573,0.195809452556315,-0.2331336337178498,0.2217980221487129,0.06860859124968158,0.07106201394572609,-0.05685316995504397
15.43,-0.07221545296213734,-0.06492174425783126,0.41747739809154794,-0.1768078280514883,0.424096601865632,1.0411211548988937,0.19649321870648112,-0.23241697650837942,0.22122249354528287,0.06814467970313562,0.07226880655685834,-0.05825187164880613
15.44,-0.07135328571962987,-0.06518048472767751,0.41728280261666534,-0.1748394963591966,0.42177606560738623,1.0433304439801108,0.1971723469811584,-0.23168827005159442,0.22063299834028893,0.06768101739026024,0.07347185970676676,-0.05964648598064956
15.450000000000001,-0.07048988296595604,-0.06543925463999778,0.41709015711168385,-0.17286439658618713,0.4194628764490622,1.0455337685349155,0.19784681804280332,-0.2309476034979341,0.22002966053357859,0.06720384914842498,0.07463864710739071,-0.060984750391185685
15.46,-0.06962527123586165,-0.06569804287832676,0.4168994515075558,-0.17088257665458914,0.4171571505841931,1.0477309955165544,0.19851632430691082,-0.23019574716848357,0.2194136987248445,0.06669746731711684,0.07573203125325796,-0.06220699165477727
15.47,-0.06875947748819135,-0.06595683938610175,0.4167106764425771,-0.1688940869730432,0.41485899789298947,1.0499220018301059,0.1991807686756616,-0.22943297465685356,0.21878553313177218,0.06619147143982397,0.07682188020702815,-0.06342550353515156
15.48,-0.06789252846960353,-0.06621563406861114,0.4165238224748909,-0.16689897814106822,0.4125685273601793,1.0521066656245688,0.19984015504944108,-0.2286593214148969,0.2181452011597355,0.0656858696819221,0.07790817399772723,-0.064640263740669
15.49,-0.067024450649779,-0.0664744166852646,0.416338880005267,-0.1648973007187734,0.4102858476149775,1.0542848654241055,0.20049448741017747,-0.22787482309371188,0.21749274043652136,0.06518067018657925,0.0789908927475701,-0.06585125008067969
15.5,-0.066155270220169,-0.06673317685183427,0.416155839279277,-0.1628891052260394,0.4080110669290927,1.0564564801302683,0.20114376982111956,-0.22707951554270572,0.21682818881131527,0.06467588107460737,0.08007001667236305,-0.06705844046597012
15.51,-0.0652850130927878,-0.06699190404271843,0.41597469038949647,-0.160874442141712,0.40574429321475586,1.0586213890241989,0.20178800642661107,-0.22627343480865963,0.21615158435368717,0.06417151044431749,0.08114552608190027,-0.0682618129092032
15.52,-0.0644137048990377,-0.0672505875932285,0.415795423277729,-0.15885336190278368,0.40348563402274085,1.0607794717688395,0.20242720145186624,-0.2254566171347819,0.21546296535256626,0.06366756637137119,0.0822174013803637,-0.06946134552536233
15.530000000000001,-0.0635413709885831,-0.06750921670189297,0.4156180277372536,-0.15682591490359804,0.40123519654041884,1.0629306084111054,0.2030613592027417,-0.22462909895976982,0.2147623703152224,0.06316405690864034,0.08328562306671324,-0.07065701653218405
15.540000000000001,-0.06266803642825278,-0.06776778043279102,0.4154424934150953,-0.15479215149503103,0.3989930875897929,1.065074679384081,0.2036904840655089,-0.22379091691685135,0.21404983796622867,0.0626609900860576,0.08435017173508313,-0.07184880425059861
15.55,-0.06179372600099408,-0.06802626771789555,0.41526880981431935,-0.15275212198370283,0.3967594136255741,1.0672115655091696,0.20431458050662185,-0.22294210783283994,0.21332540724643495,0.06215837391047743,0.08541102807516635,-0.07303668710515636
15.56,-0.06091846420485309,-0.06828466735944422,0.4150969662963432,-0.1507058766311595,0.39453428073323094,1.0693411479982693,0.2049336530724897,-0.22208270872716832,0.21258911731192195,0.061656216365528586,0.08646817287260926,-0.0742206436244662
15.57,-0.06004227525200947,-0.06854296803232107,0.41492695208327635,-0.14865346565309234,0.3923177946270872,1.0714633084559027,0.20554770638923814,-0.2212127568109342,0.21184100753296467,0.06115452541147556,0.08752158700938781,-0.07540065244161338
15.58,-0.05916518306783721,-0.06880115828646222,0.41475875626027686,-0.14659493921852845,0.39011006064839576,1.0735779288813683,0.20615674516248045,-0.2203322894859309,0.21108111749298164,0.06065330898507461,0.08857125146419817,-0.07657669229459303
15.59,-0.05828721129001604,-0.06905922654927271,0.41459236777792996,-0.14453034744904622,0.38791118376344624,1.0756848916708548,0.20676077417707842,-0.21944134434368137,0.21030948698748714,0.06015257499943459,0.0896171473128316,-0.07774874202672666
15.6,-0.05740838326767479,-0.06931716112806269,0.41442777545464804,-0.14245974041797854,0.3857212685616666,1.0777840796195644,0.20735979829690543,-0.21853995916446178,0.20952615602303176,0.059652331343874446,0.09065925572855466,-0.07891678058708472
15.610000000000001,-0.056528722060578164,-0.06957495021249704,0.41426496797908996,-0.1403831681496246,0.3835404192537415,1.0798753759238167,0.20795382246460994,-0.21762817191632747,0.20873116481614598,0.059152585883785455,0.09169755798248563,-0.08008078703090439
15.620000000000001,-0.05564825047601521,-0.06983258193799924,0.4141039339486646,-0.13830068074789703,0.38136873937489735,1.0819586646327768,0.20854278335026766,-0.21670617645698095,0.2079247912386754,0.05862928622891104,0.09267722657740932,-0.08115715715512539
15.63,-0.054766991671880524,-0.07009004536371577,0.41394466245286804,-0.13621233046922743,0.3792063270591977,1.0840338378543832,0.2091263707351378,-0.2157747294175145,0.20710817131475834,0.0580882973398613,0.09361158547113638,-0.08216621748748623
15.64,-0.053884969050982015,-0.0703473302992349,0.4137871429852365,-0.13411817135545906,0.37705327587218407,1.0861007944848222,0.20970455144319886,-0.2148339566922502,0.2062814791216768,0.057547952290064576,0.0945423609601794,-0.08317160799757017
15.65,-0.05300220573965689,-0.07060442646201115,0.41363136495068453,-0.13201825744102721,0.37490967889126825,1.0881594339851905,0.21027733195548196,-0.2138838941983865,0.20544475144720736,0.05700825960242328,0.09546953642975053,-0.08417331079084131
15.66,-0.052118724570723175,-0.07086132345286217,0.4134773176519778,-0.12991264269512548,0.37277562883385484,1.0902096561853618,0.21084471883810665,-0.2129245780188085,0.20459802525758983,0.05646922777164593,0.09639309535661116,-0.08517130806855686
15.67,-0.05123454808304853,-0.07111801075831992,0.4133249902920298,-0.1278013810208699,0.3706512180557034,1.092251361285752,0.2114067187419957,-0.21195604440117805,0.2037413376965741,0.05593086526410123,0.09731302130939516,-0.08616558212811294
15.68,-0.05034969852114508,-0.07137447775299349,0.4131743719762113,-0.12568452625443963,0.3685365385492716,1.094284449859103,0.2119633384025955,-0.21097832975700856,0.2028747260844528,0.05539318051766614,0.09822929794894159,-0.08715611536340036
15.69,-0.04946419783480982,-0.07163071370194257,0.41302545171467253,-0.12356213216423914,0.366431681942088,1.0963088228522375,0.21251458463958714,-0.2099914706607427,0.2019982279170956,0.05485618194157831,0.09914190902861438,-0.08814289026514709
15.700000000000001,-0.04857806767879951,-0.07188670776306044,0.41287821842467565,-0.1214342524500562,0.3643367394951259,1.0983243815878105,0.21306046435659975,-0.20899550384882495,0.20111188086497897,0.05431987791628854,0.10005083839462484,-0.08912588942126329
15.71,-0.04769132941254337,-0.07214244898946526,0.4127326609329397,-0.11930094074222479,0.36225180210118924,1.1003310277660496,0.21360098454092386,-0.20799046621877446,0.20021572277221483,0.053784276793314954,0.1009560699863526,-0.09010509551718457
15.72,-0.0468040040998916,-0.07239792633190156,0.4125887679779977,-0.11716225060078789,0.36017696028330387,1.1023286634664888,0.2141361522632182,-0.20697639482824673,0.19930979165556947,0.05324938689509469,0.10185758783666023,-0.09108049133620941
15.73,-0.04591611250890158,-0.07265312864114803,0.41244652821256156,-0.1150182355146641,0.3581123041931207,1.1043171911496903,0.2146659746772223,-0.205953326894101,0.19839412570348638,0.05271521651484101,0.10275537607221205,-0.09205205975983988
15.74,-0.045027675111662835,-0.07290804467043116,0.41230593020590095,-0.11286894890082409,0.35605792360933325,1.1062965136589529,0.21519045901945819,-0.20492129979145932,0.1974687632751013,0.05218177391639773,0.10364941891378147,-0.0930197837681112
15.75,-0.04413871208415489,-0.07316266307784802,0.41216696244622913,-0.11071444410345906,0.35401390793609494,1.1082665342220162,0.21570961260894067,-0.20388035105276459,0.19653374289925613,0.05164906733409639,0.10453970067656589,-0.09398364643992867
15.76,-0.04324924330614342,-0.07341697242879264,0.41202961334310106,-0.10855477439315912,0.3519803462014523,1.1102271564527535,0.21622344284687925,-0.20283051836683427,0.19558910327350781,0.05111710497261315,0.10542620577049291,-0.09494363095339568
15.77,-0.042359288361112454,-0.07367096119838779,0.41189387122981785,-0.10638999296609288,0.3499573270557862,1.1121782843528516,0.21673195721638183,-0.20177183957791223,0.19463488326313555,0.05058589500682733,0.10630891870052711,-0.0958997205861423
15.780000000000001,-0.04146886653623106,-0.0739246177739214,0.4117597243658441,-0.10422015294318758,0.3479449387702599,1.1141198223134878,0.21723516328215442,-0.20070435268471373,0.19367112190014096,0.0500554455816786,0.10718782406697254,-0.09685189871564956
15.790000000000001,-0.04057799688799383,-0.07417793056116928,0.4116271609833743,-0.10204530758436853,0.34594326873867004,1.1160516758224135,0.21773297434814592,-0.19962831370085166,0.19269816784967128,0.049498178063430834,0.10799920128802301,-0.0977096568368947
15.8,-0.039686698894485985,-0.07443088901632616,0.41149616973126135,-0.09986551242152826,0.3439523985484477,1.1179737584649725,0.21822510964292363,-0.1985444271521829,0.19171700682692258,0.04892903199409694,0.10877751593664134,-0.09852195773907949
15.81,-0.03879499218083202,-0.07468348320501594,0.41136673950140124,-0.09768082434789603,0.3419724060801366,1.1198859889413155,0.21871155802462788,-0.19745277525477292,0.19072774051773006,0.04836079690367286,0.10955226879178116,-0.09933071179194894
15.82,-0.03790289608378453,-0.07493570311251996,0.4112388591405697,-0.09549130018691217,0.34000336880891363,1.1217882863761504,0.21919232864664195,-0.1963533936937452,0.1897304044604508,0.04779348150560388,0.11032344643068825,-0.10013590503783587
15.83,-0.03701042964548923,-0.07518753863576544,0.4111125174482731,-0.09329699667003741,0.3380453638524256,1.1236805702502735,0.21966743074931558,-0.1952463182880047,0.1887250343325677,0.04722709447903307,0.11109103551896393,-0.10093752360848365
15.84,-0.0361176116137944,-0.07543897958560547,0.41098770317895444,-0.09109797043590918,0.33609846796947707,1.1255627604019376,0.22013687365961426,-0.19413158498936378,0.1877116659498038,0.04666164446865734,0.11185502281081548,-0.10173555372530509
15.85,-0.0352244604425727,-0.07569001568911099,0.41086440504419897,-0.08889427802945218,0.3341627575586835,1.127434777028248,0.22060066679077994,-0.1930092298816428,0.18669033526521317,0.04609714008457366,0.11261539514932382,-0.10252998169965853
15.860000000000001,-0.03433099429209191,-0.07594063659185724,0.41074261171494597,-0.08668597590103552,0.3322383086571718,1.1292965406865194,0.22105881964198146,-0.19187928917979022,0.18566107836828954,0.04553358990213704,0.11337213946669396,-0.10332079393310664
15.870000000000001,-0.03343723102940605,-0.07619083186021519,0.4106223118237002,-0.08447312040560545,0.33032519693926476,1.1311479722956417,0.22151134179796717,-0.19074179922898377,0.18462393148405715,0.04497100246181156,0.11412524278451133,-0.10410797691768127
15.88,-0.03254318822878348,-0.07644059098364103,0.41050349396674657,-0.08225576780183584,0.3284234977151874,1.1329889931374275,0.22195824292871397,-0.1895967965037378,0.18357893097216654,0.04440938626902594,0.11487469221399174,-0.10489151723614165
15.89,-0.03164888317216369,-0.07668990337696707,0.4103861467063671,-0.08003397425127612,0.32653328592977654,1.1348195248579553,0.2223995327890774,-0.18844431760700525,0.18252611332598612,0.043848749794029765,0.11562047495623215,-0.10567140156223354
15.9,-0.03075433284964405,-0.07693875838269132,0.41027025857305727,-0.07780779581750222,0.32465463616119955,1.1366394894689038,0.2228352212184405,-0.18728439926927756,0.18146551517169082,0.043289101471749886,0.11636257830246015,-0.10644761666094678
15.91,-0.02985955395999893,-0.07718714527326626,0.4101558180677463,-0.0755772884652744,0.3227876226196843,1.1384488093488747,0.22326531814035702,-0.18611707834768065,0.1803971732673469,0.04273044970164762,0.11710098963427637,-0.10722014938876614
15.92,-0.028964562911230413,-0.07743505325338551,0.4100428136640163,-0.07334250805970353,0.3209323191462623,1.1402474072447006,0.2236898335621977,-0.18494239182507552,0.17932112450200074,0.04217280284757967,0.11783569642389843,-0.1079889866939232
15.93,-0.028069375821143116,-0.07768247146226825,0.4099312338103229,-0.07110351036540642,0.31908879921150973,1.1420352062727588,0.22410877757479253,-0.1837603768091445,0.17823740589475465,0.04161616923765526,0.11856668623440249,-0.10875411561664627
15.94,-0.027174008517949846,-0.07792938897594331,0.4098210669322148,-0.06886035104566877,0.3172571359142996,1.1438121299202684,0.22452216035207567,-0.18257107053148108,0.17714605459384491,0.04106055716409636,0.11929394671996534,-0.10951552328941046
15.950000000000001,-0.026278476540915825,-0.07817579480952463,0.409712301434557,-0.06661308566163439,0.3154374019805827,1.1455781020465654,0.22492999215072043,-0.1813745103466857,0.17604710787572567,0.04050597488310289,0.12001746562609389,-0.11027319693717526
15.96,-0.02538279519600223,-0.07842167800888017,0.4096049257252864,-0.06436176984252444,0.31362966933712166,1.1473330474387051,0.22533220449879576,-0.1801709295470913,0.17494085852487445,0.03992822875868747,0.12067709828513261,-0.11094869968803252
15.97,-0.024486980179108848,-0.07866702866137343,0.4094989284639289,-0.06210646121714297,0.31183400430918656,1.1490768980742638,0.22572853796213943,-0.17896103621926665,0.1738282185158211,0.0393386597974865,0.12130099042616622,-0.1115787420639176
15.98,-0.023591047357466748,-0.07891183752963749,0.40939429848581965,-0.059847218715953665,0.31005046935140995,1.1508095908636609,0.22611898162707092,-0.1777449212930386,0.17270929490226333,0.038750270532632254,0.12192141622892455,-0.11220541884249342
15.99,-0.022695012324408972,-0.07915609532476087,0.4092910246319102,-0.05758410117780465,0.30827912650628125,1.1525310631393095,0.22650354733417347,-0.17652261948376147,0.17158412139243362,0.03816306968096738,0.12253836531253111,-0.11282871958512714
16.0,-0.021798890391795892,-0.07939979269459241,0.4091890957474219,-0.05531716732271336,0.30652003746862655,1.1542412525712185,0.22688224701099408,-0.1752941656101855,0.17045273179854512,0.03757706591901414,0.1231518273795962,-0.11344863393513033
16.01,-0.020902696590910368,-0.07964292022583114,0.40908850068378483,-0.05304647575098027,0.3047732635845645,1.155940097168041,0.22725509267164434,-0.17405959459361228,0.1693151600359634,0.03699226788282702,0.1237617922164202,-0.11406515161796225
16.02,-0.02000644567339216,-0.07988546844611066,0.40898922830057577,-0.05077208494234391,0.3030388658504995,1.157627535278089,0.22762209641639253,-0.17281894145706725,0.16817144012239352,0.03640868416785514,0.12436824969318455,-0.11467826244142032
16.03,-0.019110152112178775,-0.08012742782608218,0.408891267467447,-0.048494053255096356,0.30131690491208907,1.1593035055903704,0.2279832704312588,-0.17157224132444476,0.1670216061770417,0.03582632332879433,0.12497118976414895,-0.11528795629583727
16.04,-0.018213830102490988,-0.08036878878148834,0.40879460706605364,-0.046212438925255304,0.2996074410632611,1.1609679471355803,0.2283386269876052,-0.17031952941968356,0.165865692419805,0.035245193879454684,0.12557060246783872,-0.1158942231542681
16.05,-0.01731749356282324,-0.0806095416752372,0.40869923599197533,-0.04392730006569396,0.2979105342452027,1.1626207992871156,0.22868817844172742,-0.1690608410659114,0.16470373317043205,0.03466530429261607,0.12616647792723631,-0.1164970530726817
16.06,-0.016421156135967327,-0.08084967681946525,0.40860514315663066,-0.04163869466530097,0.2962262440453784,1.1642620017620668,0.22903193723444287,-0.16779621168460382,0.16353576284769714,0.034086662999892436,0.1267588063499674,-0.11709643619014654
16.07,-0.015524831190055929,-0.08108918447759916,0.4085123174891899,-0.03934668058813731,0.29455462969655083,1.165891494622203,0.22936991589067768,-0.16652567679473618,0.16236181596856764,0.03350927839159417,0.127347578028485,-0.11769236272901494
16.080000000000002,-0.014628531819626232,-0.0813280548664091,0.4084207479384775,-0.03705131557259098,0.2928957500758052,1.1675092182749531,0.22970212701905665,-0.16524927201193337,0.1611819271473693,0.03293315881659226,0.1279327833402576,-0.1182848229951108
16.09,-0.013732270846711206,-0.08156627815805506,0.4083304234748728,-0.03475265723055102,0.29124966370359384,1.1691151134743698,0.23002858331148332,-0.1639670330476206,0.15999613109495225,0.03235831258218437,0.12851441274794348,-0.11887380737790416
16.1,-0.01283606082194742,-0.08180384448212741,0.40824133309220273,-0.03245076304657214,0.28961642874277876,1.1707091213220941,0.23034929754272596,-0.16267899570816963,0.15880446261785278,0.03178474795396024,0.12909245679957373,-0.1194593063506942
16.11,-0.01193991402570753,-0.0820407439276789,0.4081534658096291,-0.030145690377051435,0.28799610299768913,1.1722911832683058,0.23066428257000005,-0.16138519589404623,0.15760695661745608,0.03121247315567069,0.1296669061287289,-0.12004131047078548
16.12,-0.011043842469248763,-0.08227696654525174,0.40806681067352724,-0.0278374964493971,0.2863887439131781,1.173861241112673,0.23097355133254993,-0.16008566959894868,0.15640364808915064,0.030641496369093673,0.13023775145471558,-0.1206198103796651
16.13,-0.010147857913598065,-0.08251250237986879,0.40798135676121544,-0.02552623841282562,0.28479440842654685,1.1754192371803134,0.23127708284892182,-0.15878054987747503,0.155194687458655,0.030056890733872937,0.1307623916195819,-0.12114413668918099
16.14,-0.009251972361520915,-0.08274734232832925,0.40789709323588125,-0.02321197476376932,0.2832131488992282,1.1769651191605963,0.23157464516331633,-0.15747057176857132,0.15398094115276498,0.02945581160519685,0.13123268200117727,-0.12160460359451884
16.15,-0.008356198125635716,-0.08298147824305918,0.40781400936330964,-0.020894765521544706,0.2816450126126709,1.1784988407065948,0.2318662038844814,-0.15615590721322087,0.15276260581690038,0.028856173511756945,0.1316996796541723,-0.122061941461246
16.16,-0.007460547291274839,-0.08321490198507742,0.4077320944608427,-0.018574670649889283,0.2800900462665772,1.1800203560845834,0.23215177346540566,-0.15483658917622703,0.15153971277801287,0.02825798497298772,0.13216337708788192,-0.12251614298848439
16.17,-0.006565031687503282,-0.08344760537262058,0.4076513378958585,-0.0162517499675874,0.27854829623062927,1.1815296198744687,0.23243136844404003,-0.15351265069691586,0.15031229343569552,0.027661254462307133,0.1326237668884803,-0.12296720094883301
16.18,-0.005669662888454979,-0.0836795801829523,0.40757172908731826,-0.013926063147617901,0.27701980854374486,1.1830265869705157,0.2327050034428413,-0.15218412488836613,0.149080379261447,0.027065990406983147,0.133080841719144,-0.12341510818850658
16.19,-0.004774452214689931,-0.08391081815416557,0.40749325750730464,-0.011597669716317868,0.2755046289133473,1.1845112125820587,0.23297269316830585,-0.15085104493664034,0.14784400179793605,0.026472201188002406,0.1335345943201843,-0.12385985762746378
16.2,-0.003879410734561363,-0.08414131098697686,0.4074159126825495,-0.009266629052537799,0.27400280271463584,1.1859834522342134,0.23323445241050966,-0.1495134441000107,0.14660319265826177,0.02587989513993859,0.1339850175091872,-0.12430144225954272
16.21,-0.002984549265604316,-0.0843710503465116,0.40733968419595407,-0.006933000386816923,0.2725143749898722,1.187443261768572,0.23349029604263966,-0.14817135570818865,0.1453579835252168,0.02528908055082373,0.13443210418114152,-0.12473985515258526
16.22,-0.002089878375930592,-0.08460002786408405,0.40726456168809777,-0.004596842800541345,0.27103939044766245,1.188890597343905,0.23374023902053231,-0.14682481316154472,0.14410840615054168,0.024699765662017908,0.13487584730857632,-0.12517508944857017
16.23,-0.0011954083856488412,-0.08482823513896753,0.4071905348587381,-0.002258215225133876,0.26957789346226274,1.1903254154368377,0.23398429638220197,-0.14547384993033904,0.14285449235418868,0.02411195866808416,0.13531623994168587,-0.12560713836373416
16.240000000000002,-0.00030114936829156794,-0.08505566374015516,0.4071175934683011,8.282355877100035e-05,0.2681299280728811,1.1917476728425331,0.23422248324737424,-0.1441184995539414,0.1415962740235765,0.023525667716661917,0.13575327520845948,-0.1260359951886978
16.25,0.0005928888477452904,-0.08528230520811508,0.4070457273393603,0.0024262149221510082,0.2666955379829843,1.1931573266753668,0.234454814817017,-0.14275879564004748,0.14033378311284075,0.022940900908339657,0.1361869463148095,-0.1264616532885897
16.26,0.0014866966777391903,-0.08550815105653337,0.40697492635810795,0.004771900388390058,0.26527476655962823,1.1945543343695828,0.23468130637286794,-0.14139477186390856,0.1390670516420972,0.02235766629653531,0.13661724654469337,-0.12688410610316478
16.27,0.002380264779174787,-0.08573319277405028,0.40690518047581303,0.007119821634095,0.26386765683278,1.1959386536799537,0.23490197327696194,-0.1400264619675427,0.13779611169668782,0.021775971887370814,0.13704416926023627,-0.12730334714692326
16.28,0.0032735840502567982,-0.0859574218259852,0.4068364797102726,0.009469920489887075,0.2624742514946589,1.1973102426824265,0.2351168309711586,-0.13865389975895934,0.13652099542643892,0.021195825639553398,0.1374677079018527,-0.12771937000922853
16.29,0.004166645628418897,-0.08618082965605567,0.40676881414724886,0.011822138941212763,0.26109459289907194,1.1986690597747707,0.23532589497666667,-0.13727711911136536,0.13524173504490253,0.02061723546425203,0.1378878559883652,-0.12813216835442265
16.3,0.005059440888718653,-0.08640340768825638,0.4067021739418821,0.014176419128881108,0.25972872305994404,1.2000150636781064,0.235529180010364,-0.13589615706567698,0.13395836620169072,0.020038012342080212,0.13829688801301668,-0.12853334574466282
16.31,0.005951961225953924,-0.0866251477512262,0.40663654927763787,0.016532702777237392,0.25837668163867966,1.2013482156244455,0.2357265451250191,-0.1345115979529707,0.13267151940922184,0.01943529077895894,0.13861442857084771,-0.12883553989372623
16.32,0.0068441975846230615,-0.08684604298257442,0.4065719302815735,0.018890929968717992,0.25703850163495273,1.2026684840404585,0.23591789144332873,-0.13312387862144406,0.13138166486853317,0.018834254429782576,0.13892893097576073,-0.12913489462983738
16.330000000000002,0.0077361409994338125,-0.08706608675269356,0.40650830714068975,0.02125104059975067,0.25571421449896675,1.203975838990707,0.23610323585805595,-0.1317330294765469,0.13008883099640625,0.01823491141115595,0.13924039045541667,-0.12943140543361922
16.34,0.008627782726781136,-0.08728527240414702,0.406445670130151,0.023612974736101366,0.25440385137663013,1.205270250824148,0.2362825953428772,-0.1303390809711086,0.12879304625449464,0.017637269788558948,0.1395488023058894,-0.1297250678497428
16.35,0.009519114243150325,-0.08750359325315621,0.4063840096143563,0.025976672613681136,0.25310744310908573,1.2065516901745796,0.23645598695186718,-0.12894206360465138,0.12749433914868075,0.017041337576226185,0.13985416189174815,-0.1300158774870051
16.36,0.010410127243504014,-0.0877210425910731,0.4063233160479997,0.028342074639326555,0.2518250202322588,1.20782012796107,0.23662342781898482,-0.12754200792271778,0.12619273822844632,0.01644712273703574,0.14015646464614068,-0.1303038300184072
16.37,0.011300813639679483,-0.08793761368585234,0.406263579977117,0.030709121391622,0.25055661297638593,1.209075535388403,0.2367849351575618,-0.12613894451616922,0.12488827208621578,0.015854633182385964,0.14045570607088034,-0.13058892118123658
16.38,0.012191165558765045,-0.0881532997835105,0.4062047920401221,0.03307775362168155,0.24930225126557057,1.210317883947499,0.2369405262597862,-0.12473290402050465,0.12358096935671835,0.01526387677208407,0.14075188173652625,-0.13087114677714262
16.39,0.013081175341468403,-0.08836809410957563,0.4061469429688318,0.03544791225392263,0.24806196471734637,1.2115471454158298,0.23709021849618409,-0.12332391711517898,0.12227085871634978,0.014674861314233976,0.14104498728246043,-0.1311505026722094
16.4,0.013970835540491462,-0.08858198987053378,0.4060900235894775,0.03781953838687096,0.2468357826422286,1.212763291857843,0.23723402931510584,-0.12191201452290168,0.12095796888251595,0.014087594565120227,0.14133501841697182,-0.131426984797035
16.41,0.014860138918879329,-0.08879498025525884,0.4060340248237056,0.04019257329390905,0.24562373404329907,1.2139662956253563,0.23737197624220263,-0.12049722700896176,0.11964232861300048,0.01350208422910196,0.14162197091732665,-0.13170058914679766
16.42,0.015749078448382837,-0.08900705843644241,0.4059789376895656,0.042566958424074014,0.24442584761576958,1.215156129357971,0.23750407687991132,-0.11907958538052284,0.11832396670530512,0.012918337958498127,0.14190584062984987,-0.131971311781333
16.43,0.016637647307795256,-0.08921821757200538,0.405924753302487,0.04494263540279716,0.24324215174657993,1.216332765983453,0.23763034890693066,-0.11765912048594682,0.11700291199601637,0.012336363353484939,0.1421866234699949,-0.13223914882519944
16.44,0.01752583888129948,-0.08942845080650896,0.40587146287624365,0.0473195460326837,0.2420726745139792,1.2174961787181318,0.23775081007769874,-0.11623586321408964,0.11567919336014602,0.011756167961984008,0.14246431542241528,-0.1325040964677462
16.45,0.018413646756796638,-0.08963775127254947,0.40581905772390575,0.04969763229425374,0.24091744368713136,1.2186463410672723,0.23786547822187257,-0.1148098444936189,0.11435283971049236,0.011177759279560481,0.14273891254103815,-0.13276615096318234
16.46,0.01930106472423913,-0.08984611209214943,0.40576752925877957,0.05207683634670473,0.23977648672571422,1.2197832268254576,0.23797437124380297,-0.11338109529231212,0.11302387999698324,0.010601144749316258,0.14301041094913206,-0.1330253086306409
16.47,0.020188086773948562,-0.09005352637813452,0.405716868995337,0.054457100528644,0.23864983077953744,1.2209068100769505,0.2380775071220073,-0.1119496466163693,0.11169234320603219,0.01002633176178859,0.1432788068393714,-0.1332815658542399
16.48,0.021074707074816183,-0.09025998728115531,0.40566706853945733,0.05683836731282045,0.2375375024706227,1.2220170654141531,0.2381748768232438,-0.11051565756398284,0.11035838674301611,0.009442700196658414,0.14349385201720194,-0.1334845455908343
16.490000000000002,0.021960919548263673,-0.09046548894765355,0.4056181193670493,0.05922057834179582,0.23643952333019821,1.2231139725123108,0.2382663423387752,-0.1090798973859023,0.1090227797308932,0.008850720583912865,0.1436577329417076,-0.1336364401066881
16.5,0.022846717869697837,-0.09067002648765893,0.4055700128384122,0.06160367445874218,0.23535590994052677,1.2241975159873018,0.2383518976009055,-0.10764251192203407,0.10768566627886468,0.008260650764362464,0.1438189088026868,-0.13378583322976514
16.51,0.023732095877383362,-0.09087359503334685,0.40552274042162983,0.06398759665674414,0.23428667841917408,1.2252676808998328,0.23843156174491034,-0.10620352823408344,0.10634707141103927,0.007672498197379838,0.1439773773953371,-0.13393272293238762
16.52,0.02461704758862833,-0.09107618969940717,0.40547629370270627,0.06637228612060378,0.23323184461298282,1.2263244525609482,0.23850535398038067,-0.10476297340551678,0.10500702017153746,0.007086270286847322,0.14413313657307175,-0.13407710724062535
16.53,0.025501567198101108,-0.0912778055841898,0.40543066438611186,0.06875768422759213,0.232191424097853,1.227367816532234,0.23857329359066928,-0.10332087454097318,0.10366553762394837,0.006501974381054931,0.14428618424756134,-0.13421898423433445
16.54,0.026385649076140924,-0.09147843777084202,0.40538584429531443,0.0711437325481809,0.2311654321785345,1.2283977586260069,0.23863539993233238,-0.1018772587656826,0.10232264885079259,0.005919617772604191,0.1444365183887695,-0.13435835204719002
16.55,0.027269287767067045,-0.09167808132843625,0.4053418253733,0.07353037284676733,0.23015388388842595,1.2294142649054995,0.23869169243457472,-0.10043215322488672,0.1009783789529875,0.005339207698313364,0.144584137024992,-0.13449520886672206
16.56,0.028152477987490043,-0.09187673131309382,0.4052985996830804,0.07591754708240107,0.2291567939893762,1.230417321685044,0.23874219059868876,-0.09898558508325221,0.0996327530493056,0.004760751339121672,0.14472903824288966,-0.1346295529343457
16.57,0.029035214624626583,-0.09207438276910018,0.40525615940818954,0.07830519740951707,0.22817417697148681,1.231406915530252,0.23878691399749682,-0.09753758152427866,0.09828579627582762,0.004184255819993408,0.14487122018752407,-0.13476138254539408
16.580000000000002,0.029917492734592634,-0.09227103073000809,0.4052144968531678,0.08069326617860612,0.22720604705294392,1.2323830332581696,0.23882588227479112,-0.09608816974973992,0.0969375337854272,0.00360972820983552,0.14501068106238924,-0.13489069604914738
16.59,0.030799307540733574,-0.09246667021974242,0.40517360444403455,0.08308169593698018,0.22625241817981465,1.2333456619374656,0.23885911514477204,-0.09463737697906369,0.0955879907471977,0.003037175521394122,0.14514741912944412,-0.13501749184886258
16.6,0.031680654431911495,-0.09266129625368646,0.40513347472874817,0.08547042942941836,0.22531330402589564,1.2342947888885691,0.23888663239148614,-0.0931852304487808,0.09423719234594403,0.002466604711178117,0.145281432709141,-0.1351417684017995
16.61,0.0325615289608274,-0.09285490383977046,0.40509410037765464,0.08785940959890179,0.22438871799252966,1.2352304016838391,0.23890845386826354,-0.09173175741191587,0.0928851637816199,0.001898022679363176,0.14541272018045545,-0.13526352421924842
16.62,0.03344192684232072,-0.09304748797954421,0.4050554741839239,0.09024857958728236,0.22347867320845147,1.2361524881477048,0.23892459949715336,-0.09027698513741483,0.09153193026879927,0.0013314362697098743,0.14554127998091201,-0.13538275786655368
16.63,0.03432184395168059,-0.09323904366924685,0.40501758906397517,0.09263788273597785,0.22258318252962775,1.237061036356814,0.2389350892683619,-0.0888209409095536,0.09017751703613078,0.000766852269477588,0.14566711060661383,-0.13549946796314052
16.64,0.03520127632295062,-0.09342956590086687,0.4049804380578895,0.09502726258664325,0.22170225853910946,1.2379560346401672,0.23893994323968318,-0.08736365202735556,0.0888219493257995,0.000204277409341945,0.14579021061226277,-0.13561365318253396
16.65,0.036080220147237455,-0.09361904966319429,0.4049440143298118,0.09741666288184749,0.2208359135468859,1.2388374715792534,0.23893918153593535,-0.08590514580400377,0.08746525239298444,-0.0003562816366867866,0.14591057861118512,-0.1357253122523819
16.66,0.03695867172166861,-0.09380749007664896,0.404908311123605,0.09980602747858863,0.21998415895206494,1.2397053366062942,0.23893278825336425,-0.08444571366686825,0.08610769922078033,-0.0009247816336974239,0.1459553130606704,-0.13576606656534954
16.67,0.03783662702508191,-0.09399488352783375,0.4048733213856702,0.10219529960976027,0.21914699983418146,1.2405596250773703,0.23892068762436625,-0.08298608555103741,0.0847499740941325,-0.001494995336415554,0.14596992828475913,-0.1357786067032896
16.68,0.038714081916460565,-0.09418122709289978,0.404839037962582,0.10458442225886523,0.2183244376900364,1.241400335705378,0.2389028953343184,-0.08152632273750356,0.08339213412781171,-0.0020631127362907287,0.14598225261119957,-0.13578903451345514
16.69,0.03959103238691466,-0.0943665178412848,0.40480545383542105,0.10697333861422392,0.2175164737520613,1.2422274674475375,0.2388794323793735,-0.0800664481348737,0.08203420044462437,-0.0026291272182594645,0.14599228612095305,-0.13579735009661384
16.7,0.04046747456076442,-0.09455075282913739,0.4047725621222894,0.10936199207443562,0.21672310902361056,1.2430410194722865,0.2388503198215407,-0.07860648465072115,0.08067619416616317,-0.0031930322260034436,0.14600002894130656,-0.13580355359611845
16.71,0.04134340469393268,-0.09473392910014217,0.4047403560783326,0.1117503262490626,0.21594434427896472,1.2438409911592765,0.23881557878809892,-0.07714645519110504,0.0793181364123655,-0.0037548212620298546,0.14600548124587456,-0.13580764519790822
16.72,0.042218819172317734,-0.0949160436863381,0.40470882909575073,0.11413828495924551,0.2151801800633592,1.2446273820993428,0.23877523047100777,-0.07568638266012796,0.07796004830110675,-0.0043144878877381925,0.1460086432545981,-0.13580962513050765
16.73,0.043093714510196106,-0.09509709360893376,0.4046779747037993,0.11652581223838258,0.21443061669299457,1.2454001920944917,0.2387292961263169,-0.07422628995945074,0.07660195094775424,-0.004872025723500262,0.14600951523374245,-0.13580949366502398
16.740000000000002,0.04396808734860575,-0.09527707587911433,0.4046477865687797,0.11891285233273922,0.21369565425507253,1.2461594211578662,0.23867779707357928,-0.07276619998784745,0.07524386546475827,-0.005427428448724599,0.1460080974958982,-0.13580725111514771
16.75,0.044841934453749,-0.0954559874988451,0.4046182584940198,0.121299349702094,0.2129752926078226,1.2469050695137185,0.23862075469525623,-0.07130613564073246,0.07388581296121731,-0.005980689801928958,0.14600439039997354,-0.1358028978371454
16.76,0.04571525271539542,-0.09563382546166915,0.4045893844198431,0.1236852490203688,0.21226953138053695,1.247637137597374,0.23855819043612844,-0.06984611980969561,0.07252781454245069,-0.0065318035808088724,0.14599839435119283,-0.13579643422985746
16.77,0.046588039145280195,-0.09581058675349863,0.40456115842352935,0.12607049517622837,0.21157836997361695,1.2483556260551876,0.23849012580270446,-0.0683861753820517,0.07116989130958466,-0.007080763642299691,0.14599010980109095,-0.1357878607346934
16.78,0.04746029087552595,-0.09598626835340213,0.4045335747192631,0.1284550332737283,0.2109018075586086,1.249060535744508,0.23841658236262578,-0.06692632524035651,0.06981206435910725,-0.007627563902648795,0.14597953724750595,-0.13577717783562393
16.79,0.04833200515704051,-0.09616086723438322,0.4045066276580744,0.13083880863287897,0.2102398430782649,1.2497518677336164,0.23833758174407643,-0.0654665922619714,0.06845435478246835,-0.008172198337469495,0.14596667723457366,-0.13576438605917593
16.8,0.04920317935795295,-0.09633438036415848,0.4044803117277669,0.1332217667902989,0.2095924752465861,1.2504296233016896,0.23825314563518496,-0.06400699931856862,0.0670967836656247,-0.008714660981813399,0.14595153035271563,-0.13574948597442132
16.81,0.05007381096202003,-0.09650680470592476,0.4044546215528382,0.13560385349976847,0.20895970254889054,1.2510938039387296,0.2381632957834331,-0.06254756927569516,0.06573937208863923,-0.009254945930222445,0.14593409723863288,-0.13573247819297032
16.82,0.050943897567059165,-0.09667813721912272,0.40442955189438967,0.1379850147328403,0.20834152324187283,1.2517444113455087,0.2380680539950598,-0.06108832499229783,0.06438214112524446,-0.009793047336791772,0.14591437857529474,-0.13571336336896134
16.830000000000002,0.051813436883377834,-0.09684837486019615,0.40440509765002475,0.14036519667942202,0.20773793535367266,1.2523814474335038,0.23796744213446452,-0.05962928932026151,0.06302511184241807,-0.010328959415227,0.14589237509192632,-0.1356921421990489
16.84,0.052682426695242424,-0.09701751470757625,0.40438125380347184,0.14274434571107772,0.2071489360930494,1.2530049148521176,0.23786146624643403,-0.058170736783225784,0.0616685298875592,-0.010867183538230147,0.14579664265262654,-0.13560506110244516
16.85,0.05355086451655389,-0.0971855550992149,0.4043580149653714,0.14512240804020163,0.20657451643775449,1.2536148218177756,0.23775010309246414,-0.05671340698804458,0.06031305592754642,-0.011405074990983945,0.14566901531379325,-0.13548945101319743
16.86,0.05441874773523626,-0.09735249509749405,0.4043353755924971,0.14749932988046438,0.2060146636689456,1.254211179852319,0.2376333722013426,-0.055257362495006235,0.0589587464619696,-0.01194073002725614,0.14553958255901722,-0.13537216252253287
16.87,0.05528607382537986,-0.09751833375899144,0.4043133302838147,0.1498750576664069,0.20546936484336462,1.254794000684581,0.2375112959653726,-0.05380262134816362,0.05760561826557094,-0.012474143029525432,0.14540834641539266,-0.13525319749021844
16.88,0.05615284034853551,-0.09768307012579869,0.4042918737837717,0.15224953805677643,0.20493860683741408,1.2553632962110497,0.2373838968327283,-0.05234920157113128,0.05625368809433935,-0.01300530844097519,0.14527530894306398,-0.13513255780674938
16.89,0.05701904495229003,-0.09784670322606781,0.4042710009818429,0.154622717935079,0.20442237634736388,1.2559190784956773,0.23725119730684924,-0.050897121166757125,0.05490297268520524,-0.013534220765542063,0.14514047223519952,-0.13501024539332507
16.9,0.05788468536884796,-0.09800923207455214,0.4042507069120658,0.1569945444101226,0.20392065988956204,1.2564613597696879,0.2371132199458314,-0.049446398116796124,0.05355348875573708,-0.014060874567962213,0.14500383841796224,-0.13488626220182184
16.91,0.0587497594136286,-0.09817065567314698,0.4042309867525703,0.159364964816578,0.20343344380064346,1.2569901524313856,0.23696998736181876,-0.04799705038157005,0.052205253003825024,-0.014585264473821389,0.14486540965048014,-0.13476061021476565
16.92,0.05961426498385678,-0.09833097301142557,0.4042118358250992,0.16173392671549677,0.20296071423775014,1.257505469045952,0.2368215222203956,-0.046549095899649826,0.050858282107385626,-0.015107385169595755,0.1447251881248174,-0.13463329144530567
16.93,0.06047820005717121,-0.09849018306717094,0.4041932495945228,0.16410137789485169,0.20250245717874837,1.2580073223452464,0.2366678472399757,-0.04510255258752046,0.049512592724050286,-0.01562723140269654,0.14458317606594215,-0.13450430793718424
16.94,0.06134156269023556,-0.09864828480690924,0.4041752236683458,0.1664672663700606,0.20205865842245138,1.2584957252276021,0.23650898519119606,-0.04365743833925375,0.04816820149086098,-0.01614479798151208,0.14443937573169882,-0.13437366176471163
16.95,0.06220435101736139,-0.09880527718643506,0.4041577537962052,0.16883154038451673,0.20162930358884334,1.2589706907576201,0.23634495889630183,-0.0422137710261721,0.046825125023957526,-0.016660079775449914,0.14429378941277057,-0.13424135503273105
16.96,0.06306656324912344,-0.0989611591513348,0.4041408358693651,0.1711941484100746,0.20121437811931328,1.259432232165955,0.2361757912285418,-0.04077156849653741,0.04548337991828852,-0.017173071714970345,0.14414641943265286,-0.13410738987659448
16.97,0.06392819767100114,-0.09911592963750909,0.4041244659201993,0.1735550391475826,0.20081386727688263,1.2598803628491038,0.2360015051115522,-0.03933084857520696,0.04414298274729124,-0.017683768791628453,0.1439972681476141,-0.13397176846212625
16.98,0.06478925264201556,-0.09926958757169102,0.40410864012167036,0.17591416152737835,0.20042775614644212,1.2603150963691905,0.23582212351874976,-0.03789162906330989,0.04280395006259091,-0.0181921660581092,0.14384633794666657,-0.1338344929855961
16.990000000000002,0.0656497265933719,-0.09942213187195881,0.40409335478680114,0.17827146470977542,0.20005602963499192,1.2607364464537443,0.23563766947271803,-0.03645392773792419,0.0414662983937003,-0.018698258628259506,0.1436936312515288,-0.1336955656736844
17.0,0.06650961802711251,-0.09957356144824847,0.40407860636813786,0.18062689808555477,0.1996986724718834,1.2611444269954766,0.23544816604459556,-0.03501776235174831,0.040130044247714415,-0.019202041677122215,0.14353915051658986,-0.13355498878344935
17.01,0.06736892551477724,-0.09972387520286141,0.40406439145720885,0.18298041127645223,0.19935566920906347,1.2615390520520586,0.23525363635346555,-0.03358315063277179,0.03879520410900427,-0.01970351044096747,0.14338289822887534,-0.13341276460229531
17.02,0.0682276476897773,-0.09987307205862989,0.4040507067716106,0.1853319541366771,0.19902700409042415,1.2619203359590156,0.2350541042996428,-0.03215020212914666,0.037461873813807445,-0.020202316987340322,0.14318192287443823,-0.13323177350861845
17.03,0.06908578304106736,-0.10002115184922306,0.40403754875698283,0.1876814767870477,0.19871265683871642,1.262288296970769,0.23484959906428096,-0.0307196813955324,0.03613071526979016,-0.02069834309663629,0.14292201306296026,-0.1329997338093728
17.04,0.0699433298573508,-0.10016811550282895,0.4040249135056179,0.19002892962247664,0.1984126017777906,1.262642958019202,0.23464014518506876,-0.029291766077653048,0.034801883161951146,-0.02119204500042567,0.14266084032271673,-0.13276648681165937
17.05,0.07080028645810998,-0.10031396399386061,0.40401279722491,0.1923742632728141,0.1981268127904022,1.2629843424289884,0.23442576592666697,-0.027866468786906337,0.03347538954708285,-0.021683418187869653,0.14239840823450056,-0.13253203575668432
17.06,0.07165665120741738,-0.10045869827672532,0.4040011962662611,0.19471742860077348,0.1978552636333729,1.263312473645205,0.234206484598538,-0.026443802098792487,0.03215124644947791,-0.022172458209379534,0.1421347203979289,-0.13229638390405127
17.07,0.07251242251280361,-0.10060231928613966,0.40399010712422323,0.19705837670239088,0.1975979279379491,1.2636273752330105,0.2339823245543338,-0.025023778552717722,0.030829465860737443,-0.02265916067664187,0.1418697804313976,-0.13205953453171987
17.080000000000002,0.07336759882412744,-0.10074482793744649,0.4039795264356368,0.1993970589074595,0.19735477921016392,1.2639290708773154,0.2337533091912826,-0.023606410651809198,0.02951005973959011,-0.023143521262638234,0.14160359197203576,-0.1318214909359638
17.09,0.0742221786324509,-0.1008862251269283,0.40396945097876347,0.20173342677994988,0.19712579083120269,1.2642175843824504,0.23351946194957796,-0.022191710862735664,0.028193040011716342,-0.023625535701662172,0.14133615867566163,-0.13158225643133023
17.1,0.07507616046893689,-0.10102651173212379,0.40395987767241853,0.204067432118459,0.19691093605776572,1.2644929396718392,0.23328080631176082,-0.020779691615506787,0.02687841856955276,-0.02410519978934056,0.14106748421673077,-0.13134183435059235
17.11,0.07592954290373786,-0.10116568861213993,0.40395080357509555,0.20639902695660786,0.19671018802243834,1.2647551607876613,0.23303736580211215,-0.019370365303301346,0.02556620727212354,-0.024582509382646243,0.14079757228829606,-0.1311002280447123
17.12,0.07678232454490874,-0.10130375660796737,0.40394222588409023,0.20872816356347523,0.1965235197340583,1.2650042718905192,0.2327891639860348,-0.017963744282269316,0.024256417944847362,-0.025057460399915632,0.14052642660195558,-0.1308574408827932
17.13,0.07763450403731517,-0.10144071654279085,0.40393414193462035,0.21105479444398909,0.1963509040780884,1.265240297259101,0.23253622446944167,-0.016559840871356965,0.022949062379365785,-0.025530048820859262,0.14025405088780651,-0.13061347625203676
17.14,0.07848608006156077,-0.1015765692223034,0.4039265491989408,0.21337887233934258,0.19619231381698818,1.2654632612898418,0.23227857089814247,-0.015158667352113665,0.02164415233335475,-0.026000270686575677,0.13998044889439865,-0.1303683375577005
17.150000000000002,0.0793370513329156,-0.10171131543501699,0.4039194452854562,0.21570035022738357,0.1960477215905897,1.265673188496582,0.23201622695722576,-0.01376023596851127,0.02034169953034742,-0.026468122099560308,0.13970562438868075,-0.130122028223048
17.16,0.08018741660025186,-0.10184495595257137,0.40391282793783034,0.21801918132299639,0.19591709991647424,1.2658701035102267,0.2317492163704538,-0.01236455892676558,0.01904171565955952,-0.026933599223713203,0.13942958115596243,-0.12987455168931386
17.17,0.08103717464499875,-0.10197749153004732,0.4039066950340913,0.22033531907850767,0.1958004211903498,1.2660540310784003,0.23147756289963747,-0.010971648395139122,0.01774421237569666,-0.027396698284349954,0.1391523229998529,-0.12962591141564714
17.18,0.08188632428008705,-0.10210892290627177,0.40390104458573434,0.22264871718403653,0.19569765768643294,1.2662249960651009,0.23120129034402986,-0.009581516503775162,0.01644920129879117,-0.027857415568201753,0.13887385374221936,-0.12937611087907283
17.19,0.0827348643489192,-0.10223925080412877,0.4038958747368212,0.22495932956788597,0.19560878155782982,1.2663830234503535,0.23092042253970918,-0.00819417534450312,0.015156694014012114,-0.028315747423424527,0.138594177223135,-0.12912515357444387
17.2,0.08358279372433763,-0.10236847593086557,0.4038911837630758,0.2272671103969042,0.19553376483692053,1.2665281383298592,0.23063498335896493,-0.0068096369706592205,0.013866702071489611,-0.028771690259599622,0.13831329730082917,-0.12887304301439492
17.21,0.08443011127117722,-0.10249659920590448,0.4038869699654901,0.2295720141584083,0.19547257836759474,1.2666603668249405,0.23034502482772598,-0.005428281592973483,0.012579550769079852,-0.029218781417648085,0.13794663777190042,-0.12854770214893832
17.22,0.08527681566053044,-0.10262362287912902,0.4038832311509628,0.2318739960616778,0.19542518655279761,1.2667797405587493,0.2300506162155952,-0.004050714725178099,0.011295757409403705,-0.02966254793740839,0.13756662261693445,-0.12821085215348343
17.23,0.08612290549409102,-0.10274954966885863,0.4038799650309069,0.23417301172982496,0.19539155139462322,1.2668862932132063,0.22975178173594776,-0.0026769513962047954,0.010015336071602774,-0.030103954368203772,0.13718593079108443,-0.1278732984804256
17.240000000000002,0.08696837938028637,-0.10287438226554524,0.4038771694502571,0.23646901702222675,0.19537163482392828,1.2669800585436441,0.22944854500615217,-0.0013069983492376212,0.008738293771238208,-0.03054299742458656,0.13680456700087024,-0.12753504537452492
17.25,0.08781323593361398,-0.1029981233311546,0.40387484238665855,0.23876196803460853,0.19536539870437292,1.2670610703753373,0.22914092967612792,5.913771963196502e-05,0.0074646374813882215,-0.03097967388147449,0.13642253595692397,-0.12719609708633556
17.26,0.08865747377385162,-0.10312077549930632,0.4038729819493047,0.24105182109934878,0.1953728048328921,1.26712936260308,0.22882895942774434,0.0014214501614354539,0.006194374132600169,-0.031413980574141596,0.136039842373941,-0.1268564578721603
17.27,0.08950109152528697,-0.10324234137542032,0.4038715863777729,0.24333853278580925,0.19539381494016686,1.2671849691907573,0.22851265797421413,0.0027799323743757337,0.00492751061282576,-0.031845914398212646,0.13565649097062513,-0.12651613199399978
17.28,0.09034408781594631,-0.10336282353685877,0.40387065404086303,0.24562205990062713,0.1954283906910962,1.2672279241709223,0.22819204905949514,0.00413457780385613,0.003664053767374449,-0.03227547230965114,0.1352724864696431,-0.1261751237195098
17.29,0.09118646127684363,-0.10348222453307593,0.40387018343543385,0.24790235948803566,0.1954764936852693,1.2672582616443662,0.22786715645768246,0.00548537994252927,0.0024040103988482013,-0.03270265132475121,0.13488783359756756,-0.12583343732194846
17.3,0.09202821054123533,-0.10360054688576653,0.40387017318524177,0.25017938883016655,0.19553808545743864,1.2672760157796934,0.2275380039724058,0.006832332330338494,0.001147387267083317,-0.03312744852012656,0.13450253708482632,-0.12549107708012877
17.31,0.09286933424387145,-0.10371779308901496,0.40387062203977814,0.25245310544731425,0.19561312747799217,1.2672812208128919,0.22720461543622927,0.008175428554539243,-0.00010580891088913625,-0.033549861032691676,0.13411660166565384,-0.12514804727837317
17.32,0.09370983102027819,-0.10383396560944819,0.40387152887310857,0.25472346709825483,0.1957015811534276,1.2672739110469067,0.22686701471004406,0.00951466224975641,-0.0013555714609164234,-0.03396988605965243,0.13373003207803472,-0.12480435220646106
17.330000000000002,0.09454969950603001,-0.10394906688638889,0.4038728926827118,0.25699043178050673,0.19580340782682548,1.267254120851209,0.22652522568246977,0.010850027098009854,-0.002601893751767445,-0.03438752085848667,0.13334283306365677,-0.12445999615958461
17.34,0.09538893833604131,-0.10406309933201069,0.4038747125883195,0.25925395773061566,0.19591856877832414,1.2672218846613676,0.22617927226924892,0.012181516828757647,-0.0038447691951927405,-0.03480276274692791,0.1329550093678559,-0.1241149834382973
17.35,0.09622754614385863,-0.10417606533149326,0.40387698783075543,0.2615140034244107,0.1960470252255934,1.2671772369786187,0.22582917841264602,0.013509125218924837,-0.005084191245970891,-0.035215609102943635,0.1325665657395661,-0.12376931834846706
17.36,0.09706552156097015,-0.10428796724318112,0.40387971777077775,0.2637705275772801,0.1961887383243101,1.2671202123694354,0.22547496808084477,0.014832846092947575,-0.006320153401969213,-0.03562605736471716,0.13217750693126737,-0.1234230052012273
17.37,0.0979028632161161,-0.10439880739874224,0.40388290188791964,0.26602348914441887,0.19634366916863316,1.2670508454650966,0.2251166652673448,0.01615267332280286,-0.007552649204191174,-0.03603410503062339,0.13178783769893246,-0.12307604831292693
17.38,0.09873956973460993,-0.10450858810332775,0.4038865397793312,0.2682728473210789,0.19651177879167878,1.2669691709612552,0.22475429399036306,0.0174686008280435,-0.00878167223682846,-0.03643974965920578,0.13139756280197823,-0.12272845200508477
17.39,0.09957563973767075,-0.10461731163573385,0.4038906311586229,0.27051856154282,0.1966930281659971,1.2668752236175058,0.22438787829376294,0.018780622565061886,-0.010007216118097153,-0.0368429254081752,0.131006241157376,-0.1223798391187507
17.400000000000002,0.10041107181109085,-0.10472498058431762,0.4038951757014037,0.2727605917074542,0.1968873766463675,1.2667690395897726,0.22401750840315426,0.0200882677424641,-0.011228876809797578,-0.03723066346591947,0.13052278130457273,-0.12195226798990196
17.41,0.10124586440825943,-0.10483159883066517,0.40390017259433986,0.27499889882521555,0.19709477740423997,1.2666506603367822,0.22364327281299462,0.02139107793972751,-0.012446260861346687,-0.03761606496052855,0.130039246023676,-0.12152451189627872
17.42,0.10208001593014489,-0.10493717054449342,0.40390562099162586,0.27723344435596975,0.19731518208613089,1.2665201286341032,0.22326519489955135,0.02268905242938242,-0.013659366447325641,-0.037999127774667116,0.12955564067548686,-0.12109657568281718
17.43,0.1029135247531638,-0.10504169985643613,0.4039115201628764,0.2794641899934491,0.19754854233154975,1.2663774872753166,0.22288329805997417,0.023982190537514558,-0.014868191790730942,-0.03837984984909218,0.12907197061039072,-0.12066846418774144
17.44,0.10374638922877466,-0.10514519085806495,0.40391786949176933,0.2816910976654713,0.19779480977353536,1.266222779071531,0.22249760571171226,0.025270491643668045,-0.016072735162914,-0.03875822918262334,0.1285882411683083,-0.12024018224251702
17.45,0.10457860768306465,-0.10524764760191263,0.40392466847469327,0.2839141295341097,0.1980539360391869,1.266056046850902,0.222108141291941,0.026553955180723416,-0.01727299488349721,-0.039134263832105734,0.12810445767865952,-0.11981173467181538
17.46,0.10541017841636988,-0.10534907410150274,0.40393191671940026,0.2861332479959225,0.19832587275020053,1.265877333458146,0.22171492825697425,0.02783258063481249,-0.01846896932032471,-0.03950795191238053,0.1276206254603084,-0.11938312629346187
17.47,0.10624109970288119,-0.10544947433137997,0.40393961394365985,0.2883484156821142,0.1986105715233984,1.2656866817540602,0.22131799008168798,0.029106367545196847,-0.01966065688937897,-0.039879291596244724,0.12713674982152257,-0.11895436191839634
17.48,0.10707136979027412,-0.10554885222714666,0.40394775997392146,0.29055959545872967,0.19890798397126055,1.2654841346150427,0.2209173502589415,0.030375315504168266,-0.02084805605471789,-0.040248281114416605,0.12665283605992944,-0.11852544635063057
17.490000000000002,0.10790098689934374,-0.10564721168550084,0.40395635474397806,0.2927667504268351,0.19921806170245543,1.2652697349326099,0.2205130322989957,0.031639424156944373,-0.022031165328407435,-0.04061491875549714,0.1261688894624684,-0.11809638438720284
17.5,0.10872994922364267,-0.10574455656428006,0.40396539829363476,0.294969843922676,0.19954075632236665,1.2650435256129187,0.22010505972893937,0.03289869320155436,-0.023209983270444944,-0.04097920286592861,0.12568491530535272,-0.11766718081814023
17.51,0.10955825492913662,-0.10584089068250613,0.403974890767382,0.29716883951785517,0.19987601943362243,1.2648055495762858,0.2196934560921055,0.034153122388738036,-0.02438450848869496,-0.041341131849954485,0.12520091885401965,-0.11723784042641078
17.52,0.11038590215386279,-0.10593621782043516,0.40398483241307404,0.29936370101948695,0.2002238026366214,1.2645558497567109,0.21927824494749568,0.0354027115218353,-0.02555473963881608,-0.04170070416957636,0.12471690536308945,-0.11680836798788347
17.53,0.11121288900759994,-0.10603054171961152,0.40399522358060835,0.3015543924703577,0.20058405753005915,1.264294469101397,0.21885944986920255,0.036647460456681484,-0.026720675424193107,-0.04205791834451089,0.12423288007632217,-0.11637876827128615
17.54,0.11203921357153712,-0.10612386608292185,0.4040060647206147,0.30374087814905215,0.20095673571144898,1.2640214505702778,0.21843709444583612,0.03788736910148611,-0.027882314595853948,-0.04241277295214112,0.12374884822657872,-0.1159490460381673
17.55,0.11286487389797101,-0.10621619457465686,0.4040173563831431,0.30592312257012916,0.20134178877765088,1.263736837135536,0.21801120227994092,0.03912243741674293,-0.029039655952415522,-0.042765266627474444,0.12326481503577102,-0.1155192060428479
17.56,0.1136898680099874,-0.1063075308205722,0.4040290992163605,0.30810109048422835,0.20173916832538855,1.2634406717811313,0.21758179698742505,0.04035266541510273,-0.030192698339995,-0.04311539806308973,0.12278078571482591,-0.11508925303238526
17.57,0.11451419390116936,-0.10639787840795695,0.4040412939652487,0.3102747468782194,0.20214882595177378,1.2631329975023255,0.21714890219698338,0.041578053161274754,-0.03134144065214752,-0.043463166009091496,0.12229676546364145,-0.11465919174653072
17.580000000000002,0.11533784953529941,-0.10648724088570011,0.4040539414703095,0.31244405697530875,0.2025707132548229,1.2628138573052088,0.21671254154952355,0.042798600771904824,-0.03248588182978255,-0.04380856927305513,0.12181275947104708,-0.11422902691768999
17.59,0.11616083284296222,-0.10657562192504005,0.404067042597825,0.31460898638642604,0.2030047811006659,1.2624832948476166,0.2162727952276209,0.044014034306778985,-0.033625781112533684,-0.04413752528013722,0.12126049336702821,-0.11373904271495665
17.6,0.11698314169731439,-0.1066630263348991,0.4040805978052055,0.3167695020661377,0.20345097498926315,1.2621413584924739,0.21582980202725197,0.04522379572031877,-0.03476064924987785,-0.044460737590653075,0.12069187807822812,-0.11323464311456334
17.61,0.11780477391625031,-0.10674945940063246,0.404094607419178,0.318925571690952,0.20390923807012767,1.2617880986700807,0.21538358802140972,0.04642787365231421,-0.03589047515044322,-0.044781686222531814,0.1201237979797689,-0.11273059619898076
17.62,0.1186257272701239,-0.10683492635964892,0.4041090718572268,0.3210771631660164,0.20437951353529626,1.2614235657850865,0.21493417585135757,0.04762627348227023,-0.03701526236623416,-0.045100370289369224,0.1195562585875229,-0.1122269069959578
17.63,0.11944599948175966,-0.1069194323989538,0.4041239916271861,0.3232242446229305,0.2048617446308753,1.26104781020637,0.214481588166951,0.04881900064472646,-0.03813501449943555,-0.045416788959266104,0.11898926539303728,-0.1117235805142792
17.64,0.12026558822643585,-0.1070029826551096,0.4041393673258148,0.3253667844198327,0.2053558746575907,1.2606608822665382,0.2140258476260929,0.05000606062901656,-0.03924973520222536,-0.04573094145477208,0.11842282386350586,-0.1112206217437365
17.650000000000002,0.12108449113187546,-0.1070855822142015,0.4041551996373786,0.3275047511414808,0.20586184697133522,1.260262832261426,0.21356697689418694,0.05118745897902494,-0.04035942817658517,-0.04604282705282761,0.1178569394417386,-0.11071803565509612
17.66,0.12190270577824319,-0.10716723611180717,0.4041714893322408,0.329638113599321,0.20637960498371183,1.259853710449601,0.2131049986435961,0.0523632012929418,-0.041464097174108636,-0.046352445084704166,0.11729161754613765,-0.11021582720007347
17.67,0.12272022969815137,-0.10724794933297377,0.4041882372654598,0.3317668408315532,0.20690909216257547,1.2594335670518686,0.21263993555310048,0.053533293223017954,-0.042563745995810025,-0.04665979493594409,0.11672686357067187,-0.10971400131130586
17.68,0.12353706037667628,-0.10732772681219843,0.4042054443753953,0.333890902103198,0.20745025203257358,1.259002452250776,0.21217181030735283,0.05469774047532327,-0.043658378491936004,-0.046964876046298454,0.11616268288484895,-0.1092125629023229
17.69,0.1243531952513799,-0.10740657343341559,0.4042231116823217,0.33601026690615016,0.20800302817568259,1.2585604161901227,0.21170064559633717,0.05585654880950063,-0.04474799856177324,-0.047267687909663965,0.11559908083369098,-0.10871151686751993
17.7,0.1251686317123378,-0.10748449402998861,0.40424124028704933,0.33812490495922265,0.2085673642317405,1.2581075089744729,0.21122646411482887,0.05700972403851706,-0.04583261015345324,-0.04756823007401717,0.11503606273771146,-0.10821086808213286
17.71,0.12598336710218272,-0.10756149338470761,0.40425983136955357,0.3402347862082071,0.2091432038989831,1.257643780668664,0.21074928856185313,0.0581572720284276,-0.046912217263769096,-0.04786650214135155,0.11447363389289039,-0.1077106214022112
17.72,0.12679739871614384,-0.10763757622979059,0.404278886187611,0.34233988082589506,0.2097304909345686,1.2571692812973236,0.2102691416401452,0.05929919869811857,-0.047986823937973044,-0.04816250376760649,0.11391179957065134,-0.10721078166459255
17.73,0.12761072380210764,-0.10771274724689256,0.404298406075445,0.3444401592121324,0.2103291691551102,1.2566840608443852,0.20978604605561166,0.06043551001907416,-0.0490564342695955,-0.048456234662603306,0.11335056501783947,-0.10671135368687815
17.740000000000002,0.1284233395606712,-0.10778701106711641,0.40431839244237694,0.34653559199382833,0.21093918243719523,1.2561881692526065,0.20930002451679106,0.061566212015118256,-0.05012105240024139,-0.04874769458997118,0.11278993545669869,-0.10621234226740753
17.75,0.129235243145216,-0.10786037227103201,0.40433884677148674,0.34862615002499237,0.21156047471791115,1.2556816564230897,0.20881109973431833,0.06269131076217689,-0.05118068251940509,-0.049036883367079565,0.11222991608485294,-0.10571375218523672
17.76,0.13004643166198038,-0.10793283538869802,0.40435977061827977,0.3507118043867439,0.21219298999536262,1.2551645722148046,0.20831929442038574,0.06381081238802608,-0.05223532886427218,-0.049323800864963796,0.11167051207528325,-0.10521558820011256
17.77,0.1308569021701462,-0.10800440489969088,0.4043811656093626,0.35279252638733505,0.21283667232919193,1.2546369664441095,0.20782463128820758,0.0649247230720516,-0.05328499571953217,-0.049608447008253745,0.11111172857630877,-0.10471785505245085
17.78,0.13166665168212438,-0.10807508523658671,0.40440303343984485,0.3548682875662913,0.21349146582567388,1.2540988888983131,0.2073271384671076,0.0660330288391423,-0.0543296690262123,-0.04988609140300852,0.1105359215528428,-0.10420449354940484
17.79,0.13247567719160042,-0.10814488130082567,0.4044253756801567,0.3569390603121525,0.21415731233335045,1.2535503914330561,0.20682697817357468,0.0671352154819221,-0.05536887942445432,-0.050145610339452196,0.10990159309451664,-0.10363773317748526
17.8,0.13328397569654277,-0.10821379900741668,0.40444819357006884,0.35900481851482785,0.21483414900966308,1.252991530187107,0.20632423339934525,0.06823106443161986,-0.05640242663941223,-0.05040298756937342,0.10926838381107211,-0.10307185769955979
17.81,0.13409154414092245,-0.10828184434218768,0.4044714883656796,0.361065536436589,0.2155219125337258,1.2524223617479744,0.20581892556059328,0.0693205869061626,-0.0574303195441849,-0.050658223279378065,0.10863629893243745,-0.10250687194273553
17.82,0.13489837940732557,-0.10834902322962614,0.40449526138697434,0.36312118855387165,0.2162205396970969,1.2518429426141917,0.2053110760713746,0.0704037941755985,-0.05845256705999573,-0.05091131770600382,0.10800534365155921,-0.10194278070354997
17.830000000000002,0.13570447831728477,-0.10841534153282306,0.404519514016434,0.3651717495572219,0.21692996740428824,1.2512533291948456,0.20480070634313516,0.07148069756171137,-0.05946917815587227,-0.05116227113564059,0.10737552312441054,-0.1013795887479732
17.84,0.13650983763164087,-0.10848080505342289,0.40454424769765607,0.36721719435129524,0.2176501326732902,1.250653577809092,0.20428783778420462,0.07255130843766464,-0.060480161848353434,-0.0514110839044543,0.10674684246998255,-0.10081730081139458
17.85,0.13731445405089954,-0.10854541953158287,0.4045694639339838,0.3692574980548199,0.21838097263608264,1.2500437446856827,0.20377249179930107,0.07361563822763074,-0.061485527201182784,-0.05165775639830876,0.10611930677028729,-0.10025592159862036
17.86,0.13811832421558656,-0.10860919064593538,0.4045951642871482,0.3712926360005345,0.2191224245391347,1.2494238859625022,0.20325468978904085,0.074673698406409,-0.06248528332499116,-0.05190228905268235,0.10549292107036864,-0.09969545578387781
17.87,0.13892144470662998,-0.10867212401356069,0.4046213503759196,0.37332258373517196,0.21987442574391888,1.2487940576860934,0.2027344531494342,0.07572550049906937,-0.06347943937700358,-0.0521446823525895,0.10486769037829474,-0.0991359080108029
17.88,0.1397238120457317,-0.1087342251899654,0.4046480238747692,0.3753473170193939,0.22063691372740601,1.2481543158111956,0.20221180327139546,0.07677105608057469,-0.06446800456072557,-0.052384936832496204,0.10424361966516899,-0.09857728289244463
17.89,0.14052542269575963,-0.10879549966906754,0.4046751865125437,0.37736681182775444,0.2214098260825685,1.2475047162002806,0.2016867615402442,0.07781037677541924,-0.06545098812564527,-0.05262305307623808,0.10362071386512879,-0.09801958501125839
17.900000000000002,0.14132627306113127,-0.10885595288318817,0.40470284007114643,0.37938104434862396,0.22219310051886718,1.2468453146230987,0.20115934933521853,0.07884347425725101,-0.06642839936691956,-0.05285903171693447,0.10299897787535961,-0.09746281891911274
17.91,0.1421263594882114,-0.10891559020305097,0.40473098638423255,0.3813899909841237,0.22298667486274007,1.246176166756224,0.20062958802897995,0.07987036024849978,-0.06740024762506613,-0.05309287343690068,0.10237841655609885,-0.0969069891372871
17.92,0.14292567826572714,-0.1089744169377872,0.4047596273359135,0.38339362835008384,0.2237904870580987,1.2454973281825947,0.20009749898711734,0.08089104652002213,-0.06836654228567116,-0.053324578967564734,0.101759034730638,-0.09635210015646808
17.93,0.1437242256251656,-0.10903243833494902,0.40478876485947085,0.38539193327594035,0.2246044751667986,1.2448088543910731,0.19956310356766346,0.08190554489071633,-0.0693272927790685,-0.05355414908937539,0.1011408371853399,-0.09579815643675889
17.94,0.1445219977412002,-0.10908965958052685,0.4048184009360818,0.38738488280467814,0.22542857736912644,1.2441108007759933,0.19902642312060048,0.0829138672271644,-0.07028250858004456,-0.05378158463171531,0.10052382866964268,-0.09524516240767716
17.95,0.1453189907321064,-0.10914608579897694,0.40484853759355494,0.3893724541927317,0.22626273196426833,1.2434032226367226,0.19848747898737273,0.08391602544325326,-0.07123219920752354,-0.054006886472807686,0.09990801389607237,-0.09469312246815995
17.96,0.1461152006601982,-0.10920172205325235,0.4048791769050754,0.3913546249099155,0.22710687737078852,1.2426861751772162,0.19794629250039678,0.08491203149981638,-0.07217637422427148,-0.054230055539627495,0.09929339754025172,-0.09414204098656599
17.97,0.14691062353225257,-0.10925657334484246,0.40491032098796126,0.3933313726393062,0.22796095212708645,1.2419597135055895,0.19740288498258007,0.08590189740425126,-0.07311504323657787,-0.05445109280780538,0.09867998424091876,-0.09359192230068593
17.98,0.14770525530049083,-0.10931064461777312,0.4049419720012724,0.39530267528280155,0.22882489487465635,1.2412238926502661,0.19685728457657314,0.08688561431942021,-0.0740481957595939,-0.05466447508245616,0.09805088118205275,-0.0930264850917667
17.990000000000002,0.14849909192723063,-0.10936394124603604,0.40497413200160187,0.3972685116545295,0.22969864223718564,1.2404787696041026,0.19630966556568533,0.087862726408576,-0.0749753904917795,-0.05485899693321816,0.09737181460589783,-0.09241269640276788
18.0,0.14929212944111375,-0.10941646949946249,0.40500680280277973,0.39922886214306674,0.23058212679509205,1.2397244052765282,0.19576011123924958,0.08883305617821854,-0.07589645439587454,-0.055051538383047924,0.09669441803195877,-0.09180032017969475
18.01,0.15008436381899964,-0.10946823568882397,0.40503998622282517,0.40118370749425936,0.2314752808087557,1.2389608609051304,0.19520864139546795,0.08979662035086386,-0.0768114016176479,-0.05524210060102837,0.09601869595086163,-0.09118936063744376
18.02,0.15087579097144554,-0.10951924605393637,0.40507368411531197,0.4031330286518734,0.2323780367060047,1.2381881975858289,0.19465527582062858,0.09075343569369254,-0.07772024634480922,-0.05543068480076244,0.09534465280523685,-0.09057982194959865
18.03,0.15166640674338006,-0.1095695067636388,0.4051078983681171,0.40507680675748187,0.23329032708256275,1.237406476272457,0.19410003428865857,0.09170351901807383,-0.07862300280659959,-0.055617292240280176,0.0946722929897538,-0.0899717082484563
18.04,0.15245620691477235,-0.10961902391578104,0.40514263090217967,0.40701502315032856,0.23421208470248375,1.2366157577763512,0.1935429365606867,0.0926468871790826,-0.07951968527337544,-0.05580192422194544,0.09400162085116598,-0.08936502362506242
18.05,0.15324518720131594,-0.10966780353721806,0.40517788367027546,0.40894765936720445,0.2351432424985899,1.23581610276594,0.19298400238459537,0.0935835570750223,-0.0804103080561979,-0.05598458209235971,0.09333264068834507,-0.08875977212923668
18.06,0.15403334325511053,-0.10971585158381386,0.40521365865580206,0.4108746971423069,0.2360837335728984,1.2350075717663411,0.1924232514945803,0.09451354564694327,-0.08129488550641789,-0.05616526724226527,0.09266535675232324,-0.08815595776960534
18.07,0.15482067066535893,-0.10976317394045304,0.4052499578715779,0.4127961184071179,0.23703349119705508,1.234190225158954,0.19186070361070706,0.09543686987817387,-0.08217343201527316,-0.05634398110644986,0.09199977324633192,-0.08755358451363092
18.080000000000002,0.1556071649590492,-0.10980977642106093,0.4052867833586521,0.41471190529022844,0.23799244881273882,1.2333641231810755,0.19129637843847952,0.0963535467938271,-0.0830459620134619,-0.05652072516364623,0.09133589432585427,-0.08695265628765389
18.09,0.1563928216016696,-0.10985566476863212,0.40532413718512983,0.4166220401172289,0.23896054003209624,1.2325293259254924,0.19073029566838745,0.09726359346034026,-0.083912489970748,-0.056695500936434134,0.0906737240986539,-0.08635317697691293
18.1,0.15717763599789833,-0.10990084465526606,0.40536202144500677,0.4185265054105219,0.23993769863813488,1.2316858933401067,0.19016247497548242,0.09816702698498331,-0.08477303039553605,-0.056868309991138774,0.09001326662483577,-0.08575515042559441
18.11,0.1579616034923253,-0.10994532168221172,0.40540043825701855,0.42042528388919503,0.24092385858514415,1.2308338852275384,0.1895929360189298,0.0990638645153952,-0.08562759783447312,-0.05703915393773122,0.08935452591687966,-0.08515858043685669
18.12,0.15874471937015375,-0.10998910137992007,0.40543938976350113,0.4223183584688336,0.24191895399908298,1.229973361244759,0.18902169844158145,0.0999541232390958,-0.08647620687202728,-0.0572080344297239,0.08869750593969726,-0.08456347077287607
18.13,0.15952697885792794,-0.11003218920810487,0.4054788781292636,0.4242057122613788,0.24292291917798878,1.2291043809027007,0.18844878186953237,0.1008378203830212,-0.08731887213008806,-0.05737495316406829,0.08804221061067172,-0.08396982515487657
18.14,0.1603083771242484,-0.11007459055581131,0.40551890554047454,0.42608732857494186,0.24393568859236028,1.2282270035658958,0.18787420591169543,0.10171497321304206,-0.08815560826755098,-0.05753991188105123,0.08738864379971549,-0.08337764726317651
18.150000000000002,0.16108890928049946,-0.1101163107414912,0.40555947420355776,0.4279631909136327,0.24495719688554657,1.2273412884521044,0.18729799015936263,0.1025855990334892,-0.08898642997990854,-0.057702912364187606,0.08673680932931578,-0.08278694073722337
18.16,0.16186857038158384,-0.11015735501308921,0.40560058634410334,0.42983328297739354,0.24598737887413505,1.2264472946319465,0.1867201541857735,0.10344971518668568,-0.08981135199884768,-0.05786395644011577,0.08608671097458562,-0.08219770917563411
18.17,0.16264735542664877,-0.11019772854813437,0.4056422442057881,0.4316975886617967,0.24702616954831885,1.2255450810285506,0.18614071754568967,0.10430733905246493,-0.09063038909183357,-0.058023045978489264,0.08543835246332249,-0.08160995613624224
18.18,0.16342525935983088,-0.1102374364538396,0.40568445004931,0.433556092057874,0.24807350407227852,1.2246347064171907,0.18555969977495892,0.1051584880477043,-0.09144355606170822,-0.05818018289186856,0.08479173747605558,-0.0810236851361342
18.19,0.16420227709780028,-0.11027648389441219,0.40572720612715263,0.43540877765651576,0.24912931724748055,1.2237162299819169,0.18497719571932258,0.1060029818899364,-0.09225066267833978,-0.058316888174679934,0.08409835793936431,-0.08038858913585263
18.2,0.16497840369001082,-0.11031487685958719,0.40577051453508084,0.43725563158367614,0.25019354027019064,1.2227897146783036,0.18439337189546298,0.10684045214785255,-0.0930513235833398,-0.05844757855630718,0.08339605547294546,-0.07974391263505592
18.21,0.1657536342046565,-0.11035262164818133,0.4058143773058601,0.43909664076787214,0.25126610291655216,1.2218552249673762,0.18380825010569296,0.10767091024159196,-0.09384554735182782,-0.05857648169051595,0.08269592566386381,-0.07910116236886139
18.22,0.16652796364689934,-0.11038972448212625,0.40585879648081685,0.44093179231878044,0.2523469351736157,1.2209128251241312,0.18322184821241178,0.10849437791442416,-0.09463335326212316,-0.058703599598313935,0.08199797184119592,-0.07846034152282944
18.23,0.16730138695947247,-0.11042619150501254,0.40590377410908185,0.4427610735245865,0.2534359672460228,1.2199625792306306,0.1826341840576197,0.10931087694261812,-0.09541476062414034,-0.058828934339243646,0.0813021972770288,-0.07782145323162183
18.240000000000002,0.16807389902362424,-0.11046202878215128,0.40594931224656444,0.4445844718518007,0.2545331295563448,1.2190045511756762,0.1820452754625275,0.11012042913488325,-0.09618978877889008,-0.05895248801127785,0.08060860518653626,-0.07718450057906723
18.25,0.16884549466005333,-0.11049724230064195,0.40599541295494,0.4464019749450387,0.25563835274539926,1.218038804654508,0.1814551402271738,0.11092305633179533,-0.09695845709796648,-0.05907426275071201,0.07991719872806552,-0.07654948659823602
18.26,0.16961616862985046,-0.11053183796945326,0.4060420783006511,0.44821357062680944,0.25675156767256696,1.217065403168499,0.18086379613004355,0.1117187804052304,-0.0977207849830415,-0.05919426073205784,0.07922798100322381,-0.07591641427151549
18.27,0.17038591563543953,-0.11056582161950962,0.40608931035392243,0.4500192468972916,0.2578727054160978,1.2160844100248596,0.18027126092768833,0.11250762325779488,-0.09847679186535555,-0.05931248416793496,0.07854095505696751,-0.07528528653068703
18.28,0.17115473032153058,-0.11059919900378956,0.4061371111877899,0.4518189919341275,0.25900169727342487,1.2150958883363374,0.17967755235433905,0.11328960682226523,-0.09922649720521731,-0.05942893530896133,0.07785612387768358,-0.07465610625699609
18.29,0.17192260727606154,-0.11063197579743189,0.40618548287714346,0.4536127940921818,0.2601384747614535,1.2140999010209377,0.17908268812153486,0.11406475306101743,-0.09996992049149384,-0.05954361644364427,0.07717349039728814,-0.0740288762812383
18.3,0.17268954103115292,-0.11066415759785136,0.4062344274977813,0.4554006419033227,0.26128296961686015,1.2130965108016338,0.1784866859177376,0.11483308396546457,-0.10070708124110815,-0.059656529898268335,0.0764930574913096,-0.07340359938383091
18.31,0.17345552606405926,-0.1106957499248627,0.4062839471254814,0.45718252407618437,0.2624351137963773,1.2120857802060931,0.17788956340796105,0.11559462155549462,-0.10143799899853687,-0.059767678036785676,0.07581482797898802,-0.07278027829489941
18.32,0.17422055679812584,-0.11072675822081479,0.406334043835083,0.45895842949593463,0.26359483947707785,1.2110677715664018,0.1772913382333886,0.11634938787890615,-0.10216269333530624,-0.05987706326070116,0.07513880462336181,-0.07215891569435222
18.330000000000002,0.17498462760374434,-0.11075718785073319,0.40638471969958223,0.46072834722403316,0.2647620790566504,1.210042547018796,0.17669202801100198,0.11709740501084868,-0.1028811838494918,-0.059984688008960875,0.07446499013136662,-0.07153951421196693
18.34,0.17574773279930622,-0.11078704410247087,0.4064359767892416,0.4624922664979745,0.26593676515366127,1.2090101685034087,0.17609165033321128,0.1178386950532559,-0.10359349016521173,-0.060090554757836916,0.07379338715393538,-0.07092207642747714
18.35,0.17650986665217647,-0.11081633218686904,0.40648781717071286,0.464250176731072,0.2671188306078403,1.2079706977639917,0.17549022276746945,0.11857328013429803,-0.10429963193213829,-0.060194666020812436,0.07312399828608238,-0.07030660487064486
18.36,0.1772710233796408,-0.11084505723792626,0.4065402429061709,0.4660020675121728,0.26830820848031844,1.2069241963476829,0.17488776285591712,0.11930118240781243,-0.10499962882498808,-0.060297024348466996,0.07245682606701827,-0.06969310202136135
18.37,0.17803119714988036,-0.11087322431297575,0.406593256052463,0.46774792860542935,0.269504832053899,1.2058707256047436,0.17428428811499655,0.12002242405275246,-0.1056935005430301,-0.06039763232835764,0.07179187298023453,-0.0690815703097195
18.38,0.17879038208292386,-0.11090083839287229,0.4066468586602685,0.46948774995001274,0.2707086348332875,1.2048103466883298,0.17367981603509794,0.1207370272726237,-0.1063812668095813,-0.06049649258490304,0.07112914145361998,-0.06847201211611616
18.39,0.1795485722516279,-0.11092790438218741,0.4067010527732742,0.4712215216598831,0.2719195505453564,1.2037431205542373,0.17307436408017696,0.12144501429493916,-0.10706294737152033,-0.06059360777926481,0.07046863385954814,-0.06786442977132712
18.400000000000002,0.18030576172371815,-0.11095442725375826,0.40675584041794494,0.4729492342750737,0.2731375125495678,1.2026691086274692,0.17246803523045717,0.12214620682461867,-0.10773833527382017,-0.06066959995037653,0.06976491675076078,-0.06720745868775233
18.41,0.18106194475388826,-0.11098041272794373,0.4068112235568345,0.47467087994400803,0.2743624510657918,1.201588375936332,0.1718609788760431,0.12284031772308154,-0.10840710050639821,-0.060741408444848585,0.06905769836230354,-0.06654599021840639
18.42,0.18181711562724828,-0.11100586673575746,0.40686720411930943,0.4763864514852131,0.27559429537363234,1.2005009886260443,0.17125321230688367,0.12352736950344094,-0.10906926312906613,-0.06081164334357669,0.06835309344479422,-0.06588693701065299
18.43,0.18257126857599065,-0.11103079512555686,0.40692378401923596,0.4780959418751748,0.2768329750126117,1.1994070126019132,0.17064475124555578,0.12420738830974586,-0.10972484730349293,-0.06088030732811944,0.06765110385570244,-0.06523030086543481
18.44,0.18332439778041548,-0.11105520366285543,0.4069809651542362,0.4797993442474715,0.2780784197837857,1.1983065135275395,0.17003561138765888,0.12488040030430175,-0.110373877209062,-0.06094740311239723,0.06695173138866554,-0.06457608352453165
18.45,0.18407649737005208,-0.11107909803049337,0.40703874940493656,0.4814966518925047,0.27933055974992405,1.197199556824641,0.169425808401491,0.12554643166703314,-0.11101637704228055,-0.06101293344257958,0.0662549777736221,-0.063924286670683
18.46,0.18482756142477522,-0.11110248382881721,0.4070971386342303,0.4831878582572137,0.28058932523567576,1.1960862076728924,0.1688153579277298,0.12620550859484309,-0.11165237101618568,-0.06107690109697113,0.0655608446769519,-0.06327491192771688
18.47,0.1855775839759325,-0.1111253665758688,0.40715613468655426,0.4848729569448125,0.28185464682774664,1.1949665310097537,0.16820427557910722,0.12685765730098378,-0.11228188335976126,-0.06113930888589796,0.06486933370160791,-0.06262796086067111
18.48,0.18632655900745895,-0.11114775170758634,0.4072157393871793,0.4865519417144977,0.28312645537505143,1.1938405915303187,0.16759257694009277,0.12750290401441883,-0.11290493831734653,-0.06120015965159239,0.06418044638725903,-0.06198343497592457
18.490000000000002,0.1870744804569998,-0.11116964457801093,0.40727595454151433,0.48822480648116934,0.2844046819888713,1.1927084536871644,0.1669802775665761,0.12814127497919436,-0.11352156014805342,-0.06125945626807876,0.06349418421043067,-0.061341335721326565
18.5,0.18782134221702776,-0.11119105045950628,0.40733678193442474,0.48989154531514106,0.2856892580430001,1.1915701816902042,0.16636739298554631,0.12877279645380468,-0.11413177312517833,-0.06131720164105499,0.06281054858464377,-0.060701664486324663
18.51,0.18856713813596168,-0.11121197454298587,0.4073982233295632,0.49155215244184985,0.28698011517388544,1.1904258395065521,0.16575393869477975,0.12939749471056602,-0.11473560153562179,-0.06137339870777759,0.06212954086056163,-0.06006442260209968
18.52,0.18931186201928618,-0.11123242193814997,0.40746028046871574,0.49320662224156736,0.2882771852807681,1.1892754908603833,0.16513993016251996,0.13001539603498816,-0.11533306967930596,-0.06142805043694283,0.061451162326129,-0.05942961134169374
18.53,0.1900555076306634,-0.11125239767373207,0.4075229550711584,0.49485494924909373,0.2895804005258034,1.1881191992328148,0.1645253828271695,0.13062652672514596,-0.11592420186859191,-0.06148115982856879,0.06077541420672403,-0.058797231920149934
18.54,0.19079806869305202,-0.11127190669775483,0.4075862488330303,0.49649712815346464,0.2908896933341889,1.1869570278617798,0.16391031209697327,0.13123091309105625,-0.11650902242770222,-0.061532729913875955,0.06010229766530134,-0.05816728549464409
18.55,0.19153953888981984,-0.11129095387779347,0.40765016342671806,0.4981331537976476,0.29220499639428127,1.18578903974191,0.16329473334970823,0.1318285814540548,-0.11708755569214317,-0.06158276375516798,0.05943181380254134,-0.05753977316462197
18.56,0.19227991186585391,-0.11130954400125137,0.40771470050025316,0.49976302117822835,0.293526242657699,1.1846152976244333,0.1626786619323755,0.13241955814617087,-0.11765982600812505,-0.061631264445710564,0.05876396365700297,-0.056914695971940016
18.57,0.1930191812286774,-0.1113276817756404,0.40777986167672203,0.5013867254451165,0.2948533653394398,1.1834358640170568,0.1620621131608866,0.13300386950951365,-0.11822585773199343,-0.06167823510961151,0.05809874820526967,-0.05629205490099949
18.580000000000002,0.19375734054955246,-0.1113453718288755,0.40784564855369126,0.5030042619012186,0.2961862979179651,1.182250801183881,0.16144510231975914,0.13358154189564553,-0.118785675229648,-0.0617236789016968,0.057436168362106285,-0.05567185087889101
18.59,0.19449438336458957,-0.11136261870957259,0.407912062702642,0.5046156260021264,0.2975249741352962,1.1810601711453022,0.16082764466181057,0.13415260166496842,-0.11933930287597364,-0.06176759900738997,0.05677622498061242,-0.05505408477553557
18.6,0.19523030317585513,-0.11137942688735952,0.4079791056684197,0.506220813355804,0.2988693279971023,1.1798640356779233,0.16020975540784987,0.13471707518610831,-0.11988676505427007,-0.06180999864258782,0.056118918852375646,-0.054438757403825574
18.61,0.19596509345644936,-0.1113958007646021,0.4080467789695746,0.5078198197429853,0.3002192937275833,1.1786624563705947,0.15959146556389597,0.1352749543457146,-0.12042804332710155,-0.06184283543263306,0.055446707492700725,-0.05380408465441639
18.62,0.1966987478078925,-0.11141174512699792,0.40811508413191,0.5094126419344267,0.3015748039868734,1.1774554968380315,0.15897294104431048,0.13582593680305508,-0.12096275388907185,-0.061861843222384916,0.054750282213733154,-0.053138507025829895
18.63,0.19743126000842634,-0.11142726528943292,0.4081840226958179,0.5109992779527944,0.3029357892992963,1.1762432234308022,0.15835423319945985,0.13636996995508854,-0.12149082305357561,-0.061879501009200526,0.05405684646182063,-0.05247580518185305
18.64,0.19816262381300848,-0.1114423665243634,0.40825359616993184,0.5125797260322839,0.3043021803212784,1.1750257024190898,0.1577353555136272,0.1369070836978836,-0.12201227957896804,-0.061895811946642613,0.053366400385097566,-0.05181597921326413
18.650000000000002,0.1988928329397948,-0.11145705401999739,0.40832380602735774,0.5141539845417757,0.3056739080082136,1.1738029997854904,0.15711632143942816,0.13743730792864714,-0.12252715222418188,-0.06191077921454733,0.052678944063192554,-0.05115902914487175
18.66,0.1996218810713558,-0.1114713328805893,0.4083946537052185,0.5157220519845153,0.3070509036144687,1.1725751812250118,0.15649714439755127,0.13796067254504127,-0.12303546974806936,-0.06192440601891142,0.05199447750741985,-0.050504954935699994
18.67,0.200349761855894,-0.11148520812674217,0.40846614060421266,0.5172839269977977,0.30843309869338953,1.1713423121450746,0.15587783777649192,0.13847720744450004,-0.12353726090874453,-0.0619366955917742,0.05131300066096619,-0.04985375647916873
18.68,0.20107646890845116,-0.11149868469572122,0.40853826808818594,0.5188396083526374,0.30982042509729,1.170104457665526,0.15525841493229744,0.1389869425235497,-0.12403255446292848,-0.06194765119110325,0.050634513399088345,-0.04920543360328444
18.69,0.2018019958121195,-0.11151176744177588,0.4086110374837168,0.52038909495345,0.31121281497744446,1.1688616826186533,0.1546388891883044,0.13948990767713032,-0.1245213791652962,-0.0619572761006764,0.04995901552930315,-0.048559986070823735
18.7,0.20252633611923856,-0.11152446113647191,0.4086844500797139,0.5219323858377104,0.312610200784058,1.167614051549218,0.15401927383488745,0.13998613279791747,-0.12500376376782335,-0.06196557362996595,0.049286506791589774,-0.04791741357952857
18.71,0.20324948335260556,-0.11153677046903049,0.4087585071270289,0.523469480175643,0.31401251526625895,1.166361628714468,0.15339958212919247,0.14047564777565175,-0.12547973701914064,-0.06197254711401867,0.04861698685857576,-0.04727771576228621
18.72,0.20397143100666074,-0.11154870004668033,0.4088332098380769,0.525000377269868,0.3154196914720473,1.165104478084191,0.15277982729489262,0.1409584824964631,-0.12594932766388325,-0.06197819991334003,0.04795045533574696,-0.046640892187331646
18.73,0.20469217254868705,-0.11156025439501455,0.4089085593864759,0.5265250765550811,0.31683166274827057,1.163842663340746,0.1521600225219254,0.1414346668422028,-0.1264125644420476,-0.0619825354137731,0.04728691176163845,-0.04600694235843212
18.740000000000002,0.2054117014199917,-0.11157143795835917,0.4089845569066942,0.5280435775977025,0.3182483627405659,1.1625762478791213,0.15154018096624558,0.14190423068977204,-0.1268694760883446,-0.06198555702637966,0.04662635560804166,-0.0453758657150871
18.75,0.20613001103709083,-0.1115822551001493,0.40906120349371167,0.5295558800955399,0.31966972539331034,1.1613052948069886,0.150920315749573,0.142367203910457,-0.1273200913315598,-0.06198726818732102,0.045968786280205925,-0.04474766163272288
18.76,0.20684709479289168,-0.11159271010331479,0.4091385002026934,0.5310619838774523,0.32109568494956986,1.1600298669447584,0.15030043995913675,0.14282361636926574,-0.1277644388939146,-0.06198767235773544,0.045314203117037995,-0.04412232942288531
18.77,0.20756294605785994,-0.11160280717067272,0.40921644804867524,0.5325618889029899,0.32252617595101823,1.1587500268256612,0.14968056664743545,0.14327349792426344,-0.1282025474904261,-0.06198677302361953,0.04466260539131571,-0.043499868333446004
18.78,0.20827755818119487,-0.11161255042533152,0.4092950480062614,0.5340555952620584,0.3239611332378775,1.1574658366958117,0.14906070883198028,0.1437168784259136,-0.12863444582827308,-0.06198457369570426,0.04401399230988681,-0.042880277548794435
18.79,0.20899092449199064,-0.11162194391109925,0.40937430100933386,0.5355431031745604,0.32540049194883225,1.1561773585142963,0.1484408794950531,0.14415378771641957,-0.1290601626061617,-0.06198107790933378,0.043368363013881986,-0.042263556190043516
18.8,0.20970303830039763,-0.11163099159290574,0.4094542079507738,0.5370244129900482,0.3268441875209479,1.1548846539532551,0.1478210915834581,0.14458425562906865,-0.12947972651369408,-0.06197628922434213,0.04272571657892098,-0.041649703315228756
18.81,0.21041389289877246,-0.1116396973572259,0.40953476968219316,0.5384995251873563,0.32829215568956893,1.153587784397988,0.1472013580082829,0.14500831198757666,-0.12989316623073713,-0.06197021122493104,0.04208605201532931,-0.041038717919517353
18.82,0.21112348156283212,-0.11164806501251773,0.40961598701368074,0.5399684403742555,0.32974433248823093,1.1522868109470432,0.14658169164464946,0.14542598660543787,-0.13030051042679675,-0.06196284751954485,0.04144936826834429,-0.040430598935407236
18.830000000000002,0.21183179755428674,-0.11165609829344941,0.4096978607144152,0.5414311592939902,0.33120065423391803,1.1509817944322813,0.14596211266212486,0.14583729374363086,-0.13070176656705446,-0.061949012444721896,0.040804662442494394,-0.03981034267915351
18.84,0.21253883425344794,-0.11166380119623931,0.4097803915879128,0.5428876834353179,0.33266105623282993,1.149672797183715,0.14534276260463166,0.14624199024976534,-0.13109659109946675,-0.061920811736064146,0.04013518904838498,-0.03915511461403155
18.85,0.21324458526025705,-0.11167117823936562,0.4098635805277014,0.544338015504825,0.3341254717781543,1.148359884396153,0.14472370016799657,0.1466400085269481,-0.13148487987231505,-0.06189148884980872,0.03946901635671485,-0.03850319044044756
18.86,0.21394904417991822,-0.11167823392080128,0.4099474283919108,0.545782158434765,0.33559383425260025,1.147043121262036,0.14410493655666035,0.14703138157322448,-0.13186666591462126,-0.06186104725695336,0.03880614256018959,-0.03785456816820233
18.87,0.21465220459957224,-0.11168497265624627,0.4100319359889153,0.5472201152692774,0.33706607736878225,1.1457225726435984,0.14348648294024446,0.14741614236821624,-0.132241982235154,-0.06182949044887573,0.03814656578064511,-0.037209245736114546
18.88,0.21535406008950098,-0.1116913987795542,0.4101171040771849,0.5486518891640071,0.33854213516899895,1.1443983030731089,0.14286835045336324,0.1477943238724066,-0.13261086182171286,-0.061796821937222426,0.03749028406931063,-0.0365672210122862
18.89,0.2160546042043537,-0.11169751654316606,0.41020293336514835,0.5500774833857757,0.3400219420250625,1.1430703767530574,0.1422505501954094,0.1481659590264397,-0.1329733376404264,-0.06176304525379199,0.03683729540704747,-0.035928491794344264
18.900000000000002,0.2167538304843524,-0.11170333011855293,0.41028942451106876,0.5514969013122281,0.34150543263809585,1.1417388575563787,0.14163309323035603,0.1485310807504208,-0.13332944263505128,-0.06172816395042274,0.036187597704602066,-0.03529305580969633
18.91,0.21745173245648378,-0.1117088435966676,0.41037657812292966,0.5529101464314577,0.3429925420383029,1.1404038090266981,0.14101599058656353,0.1488897219432085,-0.13367920972626388,-0.061692181598876794,0.035541188802866296,-0.034660910715793476
18.92,0.21814830363570453,-0.11171406098840253,0.4104643947583333,0.5543172223416741,0.34448320558477963,1.1390652943785409,0.14039925325657013,0.14924191548172522,-0.13402267181096925,-0.061655101790724226,0.03489806647312074,-0.034032054100376435
18.93,0.21884353752611968,-0.11171898622505833,0.4105528749244098,0.5557181327508292,0.345977358965275,1.137723376497588,0.13978289219690185,0.14958769422025883,-0.1343598617616022,-0.06161692813722834,0.034258228417297365,-0.03340648348174072
18.94,0.21953742762216186,-0.11172362315881856,0.4106420190777363,0.5571128814762535,0.3474749381959593,1.1363781179409271,0.1391669183278756,0.1499270909897688,-0.13469081242543213,-0.06157766426922882,0.03362167226823634,-0.03278419630899629
18.95,0.22022996740976833,-0.111727975563233,0.41073182762426924,0.5585014724443063,0.3489758796212,1.1350295809372941,0.13855134253339982,0.15026013859720042,-0.13501555662387668,-0.06153731383702468,0.032988395589940184,-0.032165189962324356
18.96,0.22092115036754023,-0.11173204713370777,0.41082230091928534,0.5598839096899982,0.35048011991330646,1.1336778273873485,0.13793617566078548,0.15058686982479536,-0.13533412715181106,-0.061495880510258574,0.03235839587783799,-0.031549461753244204
18.97,0.2216109699679037,-0.11173584148800425,0.41091343926733515,0.5612601973566331,0.3519875960722879,1.132322918863932,0.13732142852054954,0.15090731742940897,-0.13564655677688467,-0.061453367977798476,0.03173167055904336,-0.03093700892487393
18.98,0.22229941967825578,-0.11173936216674485,0.411005242922204,0.5626303396954329,0.3534982454255901,1.1309649166123514,0.13670711188622423,0.1512215141418251,-0.13595287823883515,-0.061409779947618606,0.031108216992618083,-0.03032782865219681
18.990000000000002,0.22298649296210812,-0.11174261263392576,0.41109771208688717,0.5639943410651695,0.3550120056278338,1.1296038815506584,0.13609323649416838,0.151529492666081,-0.1362531242488122,-0.06136512014668388,0.03048803246983683,-0.029721918042328616
19.0,0.2236721832802197,-0.11174559627743763,0.411190846913572,0.5653522059317903,0.35652881466054187,1.1282398742699398,0.13547981304337633,0.15183128567878723,-0.13654732748869697,-0.06131939232082863,0.02987111421445139,-0.029119274134784608
19.01,0.22435648409172682,-0.11174831640959249,0.4112846475036325,0.5667039388680517,0.35804861083187084,1.1268729550346066,0.13486685219528782,0.15212692582845758,-0.1368355206104308,-0.06127260023463881,0.029257459382954862,-0.028519893901746484
19.02,0.22503938885525077,-0.11175077626765906,0.4113791139076311,0.5680495445531222,0.3595713327763039,1.1255031837827165,0.13425436457360904,0.15241644573483182,-0.13711773623533807,-0.06122474767133251,0.028647065064857195,-0.027923774248340485
19.03,0.22572089103002196,-0.11175297901440218,0.411474246125334,0.5693890277722323,0.36109691945439076,1.1241306201262553,0.13364236076411556,0.15269987798821502,-0.1373940069534639,-0.06117583843263969,0.02803992828294331,-0.027330912012898376
19.04,0.22640098407697345,-0.11175492773863249,0.4115700441057322,0.5707223934162765,0.3626253101524307,1.122755323351471,0.13303085131447512,0.1529772551488067,-0.137664365322903,-0.061125876338681884,0.027436045993550855,-0.026741303967237867
19.05,0.22707966145983052,-0.11175662545575932,0.41166650774707386,0.5720496464814264,0.3641564444821625,1.1213773524192012,0.13241984673406582,0.15324860974603657,-0.13792884386913473,-0.061074865227851924,0.026835415086843194,-0.026154946816938283
19.06,0.22775691665281234,-0.11175807512428998,0.41176363690284074,0.5733707920969187,0.36569026231956986,1.119996766055556,0.13180937534963735,0.15351393565900995,-0.1381874177786041,-0.061015262786021374,0.026221711416159504,-0.025547618859506915
19.07,0.2284327433074775,-0.11175928004737107,0.4118614315303666,0.5746858362327083,0.367226702273195,1.118613625024618,0.13119956672644884,0.15377300769097693,-0.13843973716942526,-0.060946312054927086,0.025593286199478777,-0.024916874886044584
19.080000000000002,0.2291071352627863,-0.11176024390016331,0.411959891697658,0.5759947857447681,0.3687657015849861,1.117227992275429,0.13059045209842957,0.1540258132009257,-0.13868576758065373,-0.0608764643571513,0.024968406358389757,-0.02428982220882613
19.09,0.22978008636782743,-0.11176097030240362,0.41205901742271456,0.577297647617838,0.3703071977669265,1.1158399305132938,0.12998204041706826,0.1542723876228704,-0.13892554590316475,-0.06080572333086607,0.024347067932606627,-0.023666456397998813
19.1,0.23045159047376965,-0.11176146279684124,0.41215880866539567,0.5785944289259899,0.37185112868513964,1.1144495020748313,0.12937434059739714,0.15451276635086714,-0.13915910898316505,-0.060734092629098874,0.02372926689097403,-0.02304677294985294
19.11,0.23112164143498914,-0.11176172484978669,0.4122592653275631,0.5798851368322593,0.37339743255948254,1.1130567689284285,0.12876736151784596,0.15474698473830634,-0.13938649362145525,-0.06066157591962357,0.023114999131778658,-0.022430767287150596
19.12,0.2317902331101973,-0.11176175985166553,0.41236038725323076,0.5811697785882914,0.3749460479631503,1.111661792674686,0.12816111202009012,0.15497507809721248,-0.1396077365726999,-0.060588176884851325,0.022504260483054546,-0.02181843475944827
19.13,0.2324573593635399,-0.1117615711175809,0.41246217422872417,0.5824483615339535,0.3764969138222358,1.1102646345469007,0.12755560090891174,0.15519708169753685,-0.13982287454469103,-0.06051389922172039,0.02189704670290297,-0.021209770643434323
19.14,0.2331230140657109,-0.11176116188788138,0.41256462598285115,0.5837208930969869,0.3780499694153329,1.1088653554115182,0.1269508369520478,0.15541303076646798,-0.14003194419762896,-0.06043874664158744,0.021293353479797293,-0.020604770143251044
19.150000000000002,0.23378719109503163,-0.11176053532873365,0.41266774218707747,0.5849873807926165,0.37960515437307996,1.1074640157686313,0.12634682888005216,0.15562296048772845,-0.14023498214339047,-0.06036272287011552,0.020693176432905164,-0.020003428390834625
19.16,0.23444988433853683,-0.11175969453270579,0.41277152245571425,0.5862478322231846,0.38116240867773066,1.1060606757524607,0.12574358538615255,0.15582690600088817,-0.14043202494481286,-0.060285831647165264,0.020096511112402626,-0.0194057404462467
19.17,0.23511108769305225,-0.11175864251935147,0.4128759663461138,0.5875022550777895,0.38272167266272455,1.104655395131834,0.1251411151261024,0.15602490240067707,-0.14062310911497786,-0.06020807672668238,0.019503352999785735,-0.0188117012980036
19.18,0.23577079506624177,-0.11175738223580423,0.412981073358871,0.5887506571318845,0.3842828870122024,1.1032482333107172,0.12453942671805256,0.15621698473629517,-0.1408082711164933,-0.060129461876588325,0.018913697508200284,-0.018221305863423867
19.19,0.23642900037767425,-0.1117559165573741,0.41308684293803866,0.5899930462469277,0.3858459927605828,1.101839249328691,0.12393852874239886,0.15640318801073513,-0.1409875473607873,-0.06004999087866668,0.01832753998274972,-0.017634548988953856
19.2,0.23708569755985454,-0.1117542482881535,0.4131932744713437,0.5912294303699869,0.3874109312920727,1.1004285018614874,0.12333842974165446,0.15658354718010234,-0.1411609742073999,-0.05996966752845391,0.01774487570082543,-0.017051425450515738
19.21,0.23774088055925738,-0.11175238016162453,0.41330036729041775,0.5924598175333635,0.3889776443402024,1.0990160492215058,0.12273913822030812,0.15675809715293756,-0.14132858796327802,-0.05988849563512562,0.0171656998724252,-0.016471929953844017
19.22,0.23839454333735016,-0.11175031484127562,0.4134081206710319,0.5936842158542175,0.39054607398735103,1.0976019493583382,0.12214066264468772,0.15692687278954678,-0.14149042488207703,-0.0598064790213845,0.016590007640476478,-0.01589605713482656
19.23,0.2390466798715985,-0.11174805492122075,0.4135165338333402,0.5949026335341729,0.3921161626642478,1.0961862598593177,0.12154301144283014,0.15708990890132976,-0.1416465211634622,-0.05972362152334838,0.016017794081165403,-0.015323801559851639
19.240000000000002,0.2396972841564752,-0.11174560292682378,0.4136256059421318,0.596115078858954,0.3936878531495036,1.09476903795004,0.12094619300433947,0.15724724025011835,-0.14179691295241886,-0.05963992699043662,0.0154490542042551,-0.014755157726144205
19.25,0.24034635020444,-0.11174296131533046,0.4137353361070878,0.5973215601979789,0.39526108856908476,1.0933503404949387,0.120350215680264,0.15739890154750963,-0.14194163633855875,-0.05955539928525799,0.014883782953422173,-0.014190120062120549
19.26,0.24099387204692477,-0.11174013247650033,0.4138457233830479,0.598522086003986,0.39683581239582394,1.091930223997827,0.11975508778295774,0.1575449274542074,-0.14208072735543437,-0.059470042283495644,0.014321975206579043,-0.013628682927728689
19.27,0.24163984373530162,-0.11173711873324865,0.4139567667702837,0.5997166648126449,0.3984119684489048,1.0905087446024635,0.11916081758595443,0.15768535257936997,-0.14221422197985906,-0.059383859873795936,0.01376362577620635,-0.013070840614798997
19.28,0.24228425934183784,-0.1117339223422889,0.4140684652147768,0.6009053052421615,0.3999895008933383,1.0890859580931307,0.11856741332383688,0.15782021147995176,-0.14234215613122309,-0.059296855957651814,0.013208729409684244,-0.012516587347393648
19.29,0.24292711296064576,-0.11173054549478129,0.4141808176085073,0.6020880159928927,0.40156835423944004,1.0876619198952064,0.11797488319211043,0.15794953866005843,-0.14246456567082108,-0.059209034449291216,0.012657280789623852,-0.011965917282156492
19.3,0.24356839874544906,-0.11172699040697343,0.41429382283487454,0.6032648059962923,0.40314847299683826,1.0862366856244547,0.11738328665023721,0.1580732498790747,-0.14258129788430662,-0.05910865682061017,0.012082108055881509,-0.01137567608289311
19.31,0.24420811108885404,-0.11172325975846997,0.4144074799871056,0.6044356851401671,0.4047297999950276,1.0848103137541925,0.11679271343136206,0.1581911907123046,-0.1426920886107485,-0.059005873309516246,0.011506679491059348,-0.010783141016215275
19.32,0.24484624448243839,-0.11171935635251573,0.4145217881949067,0.6056006637023819,0.40631227769219075,1.0833828635362628,0.11620317145085361,0.15830339587655493,-0.14279697412892292,-0.05890240975712706,0.010934973221814477,-0.010194633234789571
19.330000000000002,0.24548279343824267,-0.11171528292320393,0.41463674652724375,0.6067597520292589,0.4078958489176447,1.0819543938215075,0.11561466749080326,0.15840990256352638,-0.14289599467572325,-0.05879826982958134,0.010366982985881394,-0.009610145534547927
19.34,0.2461177524896282,-0.11171104213583471,0.4147523539925858,0.6079129605347565,0.4094804568723087,1.0805249630587612,0.11502720829659324,0.15851074790195596,-0.1429891904156323,-0.058693457202845356,0.009802702452508059,-0.009029670637203977
19.35,0.2467511161922373,-0.11170663658755897,0.41486860953929433,0.609060299700108,0.4110660451280773,1.0790946292955736,0.11444080057679323,0.1586059689569296,-0.1430766014399781,-0.058587975562608245,0.009242125222823552,-0.00845320119065834
19.36,0.24738287912493648,-0.11170206880802636,0.41498551205602163,0.6102017800734508,0.41265255762717984,1.0776634501789462,0.11385545100306907,0.1586956027292102,-0.14315826776620463,-0.05848182860418409,0.008685244830213438,-0.007880729769411472
19.37,0.24801303589074114,-0.11169734126003622,0.4151030603721088,0.611337412269443,0.41423993868151304,1.0762314829560917,0.11327116621008837,0.15877968615455196,-0.1432342293371307,-0.058375020032406674,0.008132054740697045,-0.007312248874979263
19.38,0.24864158111774956,-0.11169245634019465,0.41522125325799786,0.6124672069689151,0.41582813297201826,1.074798784475158,0.11268795279541988,0.15885825610303772,-0.14330452602023058,-0.05826755356152882,0.007582548353295023,-0.006747750936297904
19.39,0.24926850946004392,-0.11168741637957474,0.4153400894256449,0.6135911749184837,0.41741708554800283,1.0733654111860012,0.11210581731944422,0.15893134937840658,-0.14336919760690606,-0.058159432915119755,0.007036719000409888,-0.006187228310142762
19.400000000000002,0.24989381559858945,-0.11168222364437957,0.41545956752893964,0.6147093269301813,0.41900674182647357,1.0719314191409497,0.111524766305261,0.15899900271738937,-0.14342828381176706,-0.058050661825961886,0.0064945599482036515,-0.005630673281544117
19.41,0.25051749424212216,-0.11167688033661066,0.4155796861641317,0.6158216738810869,0.42059704759147004,1.07049686399557,0.11094480623859466,0.1590612527890483,-0.1434818242719161,-0.05794124403594771,0.005956064396973337,-0.005078078064200804
19.42,0.2511395401280195,-0.11167138859473824,0.41570044387026117,0.6169282267129446,0.4221879489933753,1.0690618010094537,0.11036594356770897,0.15911813619412218,-0.14352985854623915,-0.05783118329597861,0.005421225481534484,-0.004529434800902014
19.43,0.25175994802316876,-0.11166575049437605,0.41582183912959586,0.6180289964317999,0.42377939254824387,1.0676262850469898,0.10978818470330994,0.15916968946437107,-0.14357242611469626,-0.05772048336585905,0.004890036271595757,-0.00398473556394029
19.44,0.25237871272481155,-0.11165996804895861,0.4159438703680721,0.6191239941076127,0.42537132513709386,1.0661903705781703,0.1092115360184648,0.1592159490619293,-0.14360956637762068,-0.05760914801419552,0.004362489772146622,-0.003443972355537679
19.45,0.25299582906138796,-0.1116540432104221,0.4160665359557424,0.6202132308738899,0.42696369400522116,1.0647541116793797,0.10863600384850787,0.1592569513786585,-0.1436413186550187,-0.057497181018291176,0.0038385789238344105,-0.0029071371082614213
19.46,0.25361129189335613,-0.1116479778698875,0.4161898342072258,0.6212967179272948,0.42855644676147486,1.0633175620342166,0.10806159449096099,0.15929273273550545,-0.14366772218587479,-0.05738458616404307,0.0033182966033547118,-0.0023742216854530512
19.47,0.25422509611401706,-0.111641773858347,0.41631376338216536,0.6223744665272861,0.4301495313775701,1.0618807749342851,0.10748831420544154,0.15932332938186913,-0.1436888161274654,-0.05727136724583876,0.002801635623828822,-0.0018452178816443753
19.48,0.254837236650307,-0.1116354329473529,0.4164383216856873,0.6234464879957202,0.431742896187343,1.0604438032800392,0.10691616921358281,0.15934877749495938,-0.14370463955466642,-0.05715752806645044,0.0022885887351959885,-0.0013201174229889867
19.490000000000002,0.25544770846359877,-0.11162895684970842,0.41656350726886865,0.624512793716487,0.43333648988604934,1.0590066995815897,0.10634516569894673,0.15936911317917357,-0.1437152314592773,-0.05704307243693202,0.001779148624595328,-0.0007989119676826521
19.5,0.2560565065504707,-0.11162234722016218,0.4166893182292042,0.6255733951351132,0.4349302615296097,1.0575695159595582,0.10577530980694734,0.15938437246546708,-0.14372063074934063,-0.056928004176515126,0.001273307916759385,-0.0002815931063963155
19.51,0.256663625943484,-0.11161560565610251,0.41681575261108267,0.6266283037583947,0.4365241605338944,1.0561323041458985,0.10520660764476324,0.1593945913107335,-0.14372087624847094,-0.05681232711250393,0.0007710591743968903,0.00023184763730235008
19.52,0.25726906171193287,-0.11160873369825713,0.4169428084062634,0.6276775311540078,0.43811813667396937,1.0546951154847544,0.10463906528125942,0.1593998055971836,-0.14371600669518347,-0.056696045080169545,0.0002723948985858815,0.0007414188065164654
19.53,0.2578728089625868,-0.11160173283139108,0.41707048355435755,0.6287210889501216,0.4397121400833405,1.0532580009333172,0.10407268874691125,0.15940005113173328,-0.14370606074223172,-0.05657916192264707,-0.0002226924708339413,0.0012471290105882903
19.54,0.2584748628427921,-0.1115946044912059,0.41719877594707544,0.6297589888444636,0.4413061212289032,1.0518210111031878,0.10350749167452389,0.15939534398467994,-0.14369104418634962,-0.056457561880874474,-0.0007248108126142669,0.0017666549609393484
19.55,0.2590752186485476,-0.11158735034661199,0.41732768359913563,0.6307912430329551,0.4429000298062802,1.050384198101181,0.10294356120786655,0.15938551089796,-0.14367064730066118,-0.056328451260337684,-0.0012411662526908215,0.0023120034439122576
19.56,0.25967387186715424,-0.11157997241298995,0.41745720471463377,0.6318178643803131,0.4444938142990068,1.0489476162636269,0.10238092424718241,0.15937053345094937,-0.14364481847522323,-0.05619886128018182,-0.0017536842979992036,0.002853044603794975
19.57,0.26027081803356666,-0.11157247267631337,0.4175873374577517,0.6328388658455071,0.446087423455209,1.0475113196947252,0.10181958556824686,0.15935044997467196,-0.14361360073235804,-0.05606879550528993,-0.0022623735439313945,0.0033897886343064905
19.580000000000002,0.26086605271951074,-0.11156485306346192,0.41771807993484567,0.6338542604350871,0.44768080640589325,1.0460753620689611,0.10125954991115893,0.1593252987138774,-0.1435770369920902,-0.05593825750601614,-0.0027672426499500587,0.00392224580124011
19.59,0.26145957153421634,-0.11155711544291824,0.4178494301950195,0.6348640612028212,0.4492739126640734,1.0446397966321403,0.10070082198028951,0.15929511782640274,-0.14353517007142852,-0.0558072508580945,-0.0032683003391555145,0.004450426441967192
19.6,0.2620513701251427,-0.11154926162546452,0.417981386230703,0.6358682812493466,0.45086669212391045,1.0432046762024108,0.10014340644422301,0.15925994538253654,-0.14348804268365142,-0.05567577914254468,-0.003765555397856956,0.004974340964945492
19.61,0.26264144417868335,-0.11154129336488189,0.4181139459782321,0.6368669337218034,0.4524590950598226,1.041770053171314,0.09958730793570988,0.15921981936439103,-0.14343569743760015,-0.055543845945581406,-0.004259016675134834,0.005493999849218036
19.62,0.263229789420864,-0.11153321235865149,0.41824710731843134,0.6378600318134808,0.4540510721256071,1.040335979504827,0.09903253105161137,0.15917477766527374,-0.1433781768369731,-0.05541145485852053,-0.004748693082409779,0.006009413643918639
19.63,0.2638164016180262,-0.11152502024865613,0.4183808680772012,0.6388475887634554,0.4556425743535446,1.038902506744421,0.09847908035285335,0.15912485808907148,-0.1433155232796319,-0.05527860947768915,-0.005234593593004513,0.00652059296777046
19.64,0.26440127657750506,-0.11151671862188495,0.4185152260261078,0.6398296178562434,0.457233553153522,1.0374696860081063,0.09792696036436654,0.15907009834962713,-0.14324777905690242,-0.05514531340432806,-0.005716727241714233,0.007027548508592905
19.650000000000002,0.2649844101482711,-0.11150830901113618,0.4186501788829705,0.6408061324214122,0.45882396031208283,1.0360375679915401,0.09737617557505465,0.15901053607013063,-0.14317498635288953,-0.05501157024450466,-0.006195103124356557,0.007530291022786961
19.66,0.2655657982215959,-0.11149979289572376,0.4187857243124598,0.6417771458332515,0.4604137479915687,1.0346062029690584,0.09682673043773088,0.15894620878251198,-0.1430971872437945,-0.05487738360901654,-0.0066697303973469735,0.008028831334847865
19.67,0.26614543673167845,-0.11149117170218414,0.4189218599266929,0.6427426715103994,0.4620028687291827,1.0331756407947774,0.09627862936907602,0.15887715392683444,-0.14301442369723397,-0.05474275711329864,-0.007140618277254564,0.00852318033685635
19.68,0.2667233216562591,-0.11148244680498243,0.4190585832858279,0.6437027229154695,0.46359127543605044,1.031745930903696,0.0957318767495988,0.15880340885069644,-0.14292673757156796,-0.0546076943773324,-0.007607776040357991,0.00901334898797012
19.69,0.26729944901724184,-0.11147361952722007,0.4191958918986699,0.6446573135547077,0.46517892139632194,1.0303171223127683,0.09518647692358198,0.15872501080863766,-0.14283417061523213,-0.05447219902555061,-0.008071213022211816,0.00949934831392674
19.7,0.2678738148812814,-0.11146469114134416,0.41933378322326786,0.6456064569776175,0.46676576026621813,1.0288892636220206,0.09464243419904453,0.1586419969615481,-0.14273676446607442,-0.054336274686745845,-0.00853093861720038,0.009981189406532675
19.71,0.26844641536037367,-0.1114556628698537,0.4194722546675223,0.6465501667766025,0.46835174607310087,1.027462403015656,0.09409975284769448,0.1585544043760804,-0.1426345606506953,-0.05419992499397541,-0.008986962278097754,0.01045888342315902
19.72,0.26901724661242526,-0.11144653588601033,0.4196113035897883,0.6474884565866023,0.4699368332145258,1.0260365882631683,0.09355843710488876,0.15846227002407037,-0.14252760058379693,-0.05406315358446975,-0.009439293515624385,0.010932441586233643
19.73,0.2695863048418151,-0.11143731131454454,0.4197509272994841,0.648421340084728,0.4715209764572903,1.0246118667204673,0.09301849116959097,0.15836563078195803,-0.14241592556753302,-0.05392596409953764,-0.009887941898002656,0.011401875182732033
19.740000000000002,0.2701535862999425,-0.11142799023236627,0.4198911230576982,0.6493488309899005,0.4731041309364805,1.0231882853310035,0.09247991920433098,0.15826452343021594,-0.1422995767908676,-0.053788360184473506,-0.010332917050513042,0.011867195563668945
19.75,0.27071908728575633,-0.11141857366927183,0.4200318880777981,0.6502709430624749,0.4746862521544908,1.0217658906269178,0.09194272533517059,0.15815898465278092,-0.14217859532893692,-0.05365034548846517,-0.010774228655044859,0.012328414143583842
19.76,0.27128280414629014,-0.11140906260865147,0.420173219526044,0.6511876901038923,0.4762672959800823,1.0203447287301621,0.09140691365165585,0.1580490510364877,-0.14205302214241447,-0.053511923664496606,-0.01121188644965581,0.012785542400036118
19.77,0.27184473327716757,-0.11139945798819717,0.4203151145221976,0.6520990859563057,0.4778472186473961,1.0189248453536561,0.09087248820678615,0.1579347590705143,-0.1419228980768877,-0.053373098369258465,-0.011645900228122574,0.013238591873090498
19.78,0.2724048711231022,-0.11138976070060935,0.4204575701401366,0.6530051445022154,0.4794259767549743,1.0175062858024422,0.09033945301697435,0.15781614514582165,-0.14178826386223062,-0.053233873263050714,-0.012076279839492613,0.013687574164803614
19.79,0.27296321417838537,-0.11137997159430252,0.42060058340846623,0.6539058796641013,0.48100352726477275,1.0160890949748467,0.08980781206201499,0.1576932455546083,-0.14164916011199136,-0.05309425200969242,-0.012503035187635729,0.01413250093871053
19.8,0.2735197590084368,-0.11137009153599209,0.42074415135330906,0.6548013054898049,0.48257982725056636,1.0146733177941056,0.08927760019988208,0.15756600614252883,-0.1415054721343579,-0.052946813434369654,-0.01294787500106532,0.01461065565204917
19.81,0.27407450236922887,-0.11136012176156201,0.4208882712366762,0.6556914366373314,0.484154832479111,1.0132590016449594,0.08874887804749342,0.15743429726879818,-0.14135695562927772,-0.052797568300856954,-0.013393253829560976,0.015091895270210159
19.82,0.27462744112249027,-0.11135006362859795,0.4210329403858459,0.6565762880304494,0.48572849841451965,1.011846194647895,0.08822164980310782,0.15729815396594007,-0.14120364920847261,-0.05264803239485083,-0.01383476265910195,0.015568641034823525
19.830000000000002,0.2751785721781337,-0.11133991844706687,0.4211781560777104,0.6574558746227278,0.48730078090582934,1.010434944477589,0.08769591835761473,0.1571576148788693,-0.14104559774323094,-0.05249820908324329,-0.014272412514479391,0.016040906406632673
19.84,0.2757278924945451,-0.11132968747950317,0.4213239155391121,0.6583302113964608,0.48887163618794605,1.0090252983607062,0.08717168656823274,0.15701271854196605,-0.1408828459699012,-0.0523481017345664,-0.014706214477163054,0.01650870491234033
19.85,0.27627539907906873,-0.11131937194171243,0.42147021594753864,0.6591993133623597,0.4904410208805891,1.007617303077203,0.08664895725848103,0.15686350337851548,-0.14071543848923793,-0.05219771371890967,-0.015136179684823597,0.016972050144040095
19.86,0.27682108898845187,-0.11130897300347253,0.42161705443181074,0.6600631955591983,0.49200889198714487,1.0062110049617163,0.0861277332181729,0.15671000770014767,-0.14054341976575108,-0.052047048407840454,-0.015562319330834249,0.017430955758624366
19.87,0.2773649593292892,-0.11129849178923562,0.421764428072773,0.6609218730534793,0.493575206893554,1.0048064499049227,0.08560801720339921,0.15655226970628228,-0.14036683412705966,-0.05189610917432205,-0.01598464466378153,0.01788543547720234
19.88,0.27790700725845463,-0.11128792937882642,0.4219123339039842,0.6617753609390965,0.49513992336718715,1.0034036833549103,0.08508981193651381,0.1563903274835773,-0.1401857257632516,-0.05174489939263141,-0.016403166986973423,0.018335503084515294
19.89,0.27844722998352134,-0.11127728680814236,0.4220607689124092,0.6626236743370006,0.496702999555718,1.0020027503185545,0.08457312010612271,0.15622421900538944,-0.14000013872625455,-0.05159342243828019,-0.0168178976579473,0.018781172428351815
19.900000000000002,0.2789856247631695,-0.11126656506985017,0.42220973003910733,0.6634668283948625,0.49826439398599154,1.0006036953628996,0.08405794436706723,0.1560539821312273,-0.13981011692920198,-0.051441681687929716,-0.0172288480879784,0.01922245741896289
19.91,0.27952218890757086,-0.1112557651140823,0.42235921417991973,0.6643048382867203,0.4998240655628524,0.9992065626165761,0.08354428734042511,0.1558796546062238,-0.13961570414581911,-0.05128968051931492,-0.017636029741578588,0.019659372028467
19.92,0.28005691977879277,-0.11124488784913078,0.42250921818616227,0.6651377192126725,0.5013819735680577,0.9978113957711454,0.08303215161348004,0.15570127406059853,-0.1394169440097982,-0.05113742231115604,-0.01803945413601675,0.020091930290278406
19.93,0.2805898147911464,-0.11123393414213989,0.4226597388653081,0.6659654863985061,0.502938077659061,0.9964182380825605,0.08252153973973446,0.15551887800914174,-0.13921388001419904,-0.05098491044308489,-0.01843913284080775,0.020520146298501518
19.94,0.2811208714115611,-0.11122290481979807,0.4228107729816777,0.66678815509538,0.5044923378678956,0.9950271323725393,0.082012454238884,0.1553325038506833,-0.1390065555108334,-0.05083214829555614,-0.01883507747722811,0.02094403420735346
19.95,0.28165008715992873,-0.1112118006690253,0.4229623172571236,0.6676057405794829,0.5060447146000044,0.993638121029988,0.08150489759681746,0.15514218886758813,-0.13879501370967665,-0.05067913924977125,-0.01922729971781682,0.02136360823057177
19.96,0.2821774596094383,-0.11120062243766149,0.4231143683717151,0.6684182581516904,0.5075951686330645,0.9922512460124292,0.08099887226560949,0.15494797022524104,-0.13857929767827162,-0.05052588668759547,-0.019615811285878342,0.021778882640823186
19.97,0.28270298638690067,-0.1111893708351509,0.42326692296442103,0.6692257231372287,0.509143661115817,0.9908665488474268,0.08049438066351254,0.15474988497153963,-0.1383594503411402,-0.050372393991474834,-0.020000623954985357,0.022189871769112697
19.98,0.28322666517306705,-0.11117804653322433,0.4234199776337927,0.6700281508853417,0.5106901535669016,0.9894840706340083,0.07999142517495038,0.15454797003639836,-0.13813551447920608,-0.05021866454435658,-0.020381749548485095,0.02259659000419652
19.990000000000002,0.2837484937029255,-0.11116665016658017,0.4235735289386445,0.6708255567689457,0.512234607873659,0.9881038520441191,0.07949000815051693,0.15434226223125133,-0.13790753272921952,-0.05006470172960738,-0.020759199938997174,0.022999051791985643
20.0,0.28426846976599285,-0.11115518233356142,0.42372757339873246,0.6716179561842913,0.5137769862909464,0.9867259333240628,0.07899013190697192,0.1541327982485627,-0.13767554758318895,-0.04991050893093226,-0.02113298704791669,0.023397271634955034
20.01,0.2847865912066008,-0.11114364359683204,0.42388210749543337,0.6724053645506353,0.5153172514399625,0.9853503542959364,0.07849179872723147,0.1539196146613382,-0.1374396013878146,-0.04975608953229055,-0.021503122844919207,0.023791264091554833
20.02,0.28530285592415344,-0.1111320344840489,0.42403712767241775,0.6731877973098841,0.5168553663070178,0.983977154359116,0.07799501086037808,0.15370274792265096,-0.13719973634393884,-0.049601446917819265,-0.021869619347454336,0.024181043775609447
20.03,0.2858172618733959,-0.1111203554885315,0.4241926303363272,0.6739652699262724,0.5183912942423636,0.9826063724916905,0.07749977052164803,0.15348223436516065,-0.1369559945059888,-0.04944658447174739,-0.02223248862025333,0.024566625355731394
20.04,0.28632980706465705,-0.11110860706992987,0.42434861185744543,0.6747377978860186,0.5199249989589763,0.9812380472519364,0.07700607989243476,0.1532581102006453,-0.1367084177814341,-0.04929150557831613,-0.02259174277482691,0.02494802355472485
20.05,0.2868404895640835,-0.11109678965488767,0.424505068570368,0.675505396696982,0.5214564445313352,0.9798722167798004,0.0765139411202922,0.15303041151953728,-0.13645704793024926,-0.04913621362169841,-0.022947393968962823,0.02532525314898873
20.06,0.2873493074938864,-0.11108490363776335,0.4246619967747137,0.6762680818884056,0.5229855953939752,0.9785089187987934,0.07602335657977563,0.15279917343100222,-0.13620192506194942,-0.0489801044082812,-0.023301456316518473,0.025701828529590486
20.07,0.2878562590679632,-0.11107294949945445,0.4248193928218692,0.6770258691608249,0.5245124158451914,0.9771481914829123,0.07553436914044608,0.15256429738327798,-0.1359428556970643,-0.04881736267080678,-0.023673113965895158,0.02611127918941205
20.080000000000002,0.2883613426654061,-0.11106092805359563,0.42497725329350156,0.6777787746980042,0.5260368690169201,0.9757900752567554,0.07504700973695788,0.15232572391477184,-0.13567971475552298,-0.04865449775372192,-0.024040942690594876,0.026516146642583213
20.09,0.2888645567406815,-0.11104884014813388,0.42513557478288844,0.6785268147864084,0.5275589181261751,0.9744346106072099,0.07456127958569654,0.15208349124812032,-0.13541254798584426,-0.04849151273903648,-0.024404955820518277,0.02691644760807448
20.1,0.28936589980250604,-0.11103668659489918,0.4252943538436937,0.6792700057245153,0.5290785267715361,0.9730818375645083,0.07407717987223364,0.15183763747242643,-0.1351414009690757,-0.048328410707279314,-0.024765166732654137,0.027312198861269628
20.11,0.28986537041405314,-0.1110244681702669,0.4254535869906951,0.6800083638225,0.530595658931795,0.9717317957039207,0.07359471175134408,0.15158820054278727,-0.13486631911822944,-0.048165194737427586,-0.025121588850534376,0.02770341723329604
20.12,0.29036296719315946,-0.11101218561581538,0.42561327070051513,0.680741905401932,0.5321102789646245,0.9703845241474277,0.07311387634702167,0.15133521827983634,-0.13458734767773234,-0.04800186790683924,-0.025474235643694942,0.028090119610362577
20.13,0.2908586888125213,-0.11099983963897969,0.42577340141234665,0.6814706467954766,0.5336223516052486,0.9690400615653946,0.07263467475249054,0.15107872836928404,-0.1343045317228759,-0.047838433291182286,-0.02582312062713828,0.028472322933098655
20.14,0.29135253399985733,-0.11098743091370605,0.4259339755286699,0.6821946043465608,0.5351318419650369,0.9676984461783116,0.0721571080302345,0.15081876836146468,-0.13401791615927622,-0.04767489396436677,-0.026168257360779486,0.028850044195874412
20.150000000000002,0.29184450153809977,-0.11097496008109758,0.4260949894159795,0.6829137944090974,0.5366387155302156,0.966359715758436,0.07168117721199994,0.15055537567089092,-0.13372754572233864,-0.047511252998473544,-0.026509659448918147,0.029223300446151197
20.16,0.2923345902655375,-0.11096242775006149,0.42625643940549435,0.6836282333471532,0.5381429381604527,0.9650239076315434,0.07120688329882831,0.15028858757581567,-0.13343346497673442,-0.04734751346368851,-0.026847340539685006,0.029592108783802473
20.17,0.29282279907597886,-0.11094983449794943,0.4264183217938762,0.6843379375346624,0.5396444760875382,0.9636910586785988,0.07073422726106128,0.1500184412177884,-0.13313571831587148,-0.0471836784282281,-0.027181314324508297,0.029956486360457182
20.18,0.29330912691887384,-0.11093718087119697,0.42658063284393344,0.6850429233550951,0.5411432959139625,0.9623612053375183,0.07026321003837824,0.14974497360123593,-0.13283434996139165,-0.04701975095827709,-0.027511594537560368,0.03031645037882123
20.19,0.2937935727994638,-0.11092446738595674,0.42674336878533586,0.6857432072011795,0.5426393646116044,0.9610343836048342,0.0697938325397978,0.14946822159302753,-0.13252940396265214,-0.046855734117912794,-0.027838194955227383,0.03067201809202463
20.2,0.29427613577888134,-0.11091169452873045,0.42690652581530947,0.6864388054745709,0.5441326495202989,0.959710629037469,0.06932609564371427,0.1491882219220608,-0.13222092419623113,-0.04669163096904013,-0.028161129395554804,0.03102320680294135
20.21,0.2947568149742703,-0.11089886275699523,0.4270701000993432,0.6871297345855583,0.5456231183464868,0.9583899767544382,0.06886000019791226,0.14890501117884686,-0.13190895436543193,-0.04652744457132135,-0.028480411717710614,0.03137003386352945
20.22,0.29523560955888395,-0.11088597249982773,0.4272340877718822,0.6878160109527579,0.5471107391618237,0.9570724614385897,0.06839554701959194,0.14861862581510488,-0.1315935379997982,-0.04636317798210881,-0.028796055821441523,0.03171251667416328
20.23,0.29571251876216936,-0.11087302415852196,0.42739848493702076,0.6884976510028007,0.5485954804017782,0.9557581173383543,0.06793273689539191,0.14832910214335218,-0.13127471845462751,-0.04619883425637307,-0.029108075646526385,0.032050672682961766
20.240000000000002,0.2961875418698554,-0.11086001810720642,0.4275632876691933,0.6891746711700372,0.5500773108642575,0.954446978269473,0.06747157058141066,0.14803647633651015,-0.1309525389104997,-0.046034416446635223,-0.029416485172236915,0.03238451938512607
20.25,0.2966606782240126,-0.11084695469345379,0.4277284920138572,0.6898470878962178,0.5515561997081823,0.953139077616771,0.06701204880323909,0.1477407844275154,-0.1306270423728134,-0.04586992760290057,-0.02972129841678885,0.032714074322265835
20.26,0.2971319272231282,-0.11083383423888898,0.42789409398817835,0.6905149176302066,0.5530321164521209,0.9518344483358799,0.06655417225597537,0.14744206230892754,-0.13029827167131888,-0.04570537077258624,-0.030022529436805237,0.033039355081739226
20.27,0.29760128832214505,-0.11082065703979105,0.4280600895817056,0.6911781768276586,0.5545050309728492,0.9505331229550267,0.0660979416042601,0.14714034573255036,-0.12996626945966777,-0.045540749000454704,-0.030320192326765753,0.03336037929597714
20.28,0.2980687610325137,-0.1108074233676925,0.4282264747570473,0.6918368819507283,0.5559749135039656,0.9492351335767757,0.06564335748229823,0.14683567030905714,-0.12963107821496545,-0.04537606532854531,-0.030614301218468674,0.03367716464182194
20.29,0.29853434492221725,-0.11079413346997363,0.4283932454505391,0.6924910494677533,0.5574417346344532,0.9479405118798172,0.06519042049389047,0.14652807150761704,-0.1292927402373286,-0.04521132279610453,-0.030904870280481476,0.033989728839852906
20.3,0.29899803961580784,-0.1107807875704514,0.4285603975729135,0.6931406958529653,0.5589054653072965,0.9466492891207116,0.06473913121245657,0.14621758465553428,-0.12895129764945354,-0.045046524439519064,-0.031191913717604255,0.034298089653727104
20.31,0.29945984479441234,-0.1107673858699656,0.4287279270099586,0.6937858375861734,0.5603660768180299,0.9453614961356913,0.06428949018106853,0.14590424493788404,-0.12860679239618603,-0.044881673292245704,-0.031475445770319674,0.03460226488950373
20.32,0.2999197601957445,-0.11075392854695942,0.42889582962317807,0.6944264911524668,0.5618235408133283,0.9440771633424291,0.06384149791247848,0.1455880873971613,-0.12825926624410255,-0.04471677238474436,-0.03175548071425256,0.03490227239498056
20.330000000000002,0.30037778561410294,-0.11074041575805532,0.42906410125044414,0.6950626730419104,0.5632778292895766,0.9427963207418262,0.06339515488914957,0.14526914693293144,-0.1279087607810958,-0.04455182474440955,-0.032032032859626046,0.03519813005902572
20.34,0.3008339209003611,-0.11072684763862711,0.4292327377066478,0.6956943997492422,0.5647289145914397,0.9415189979197995,0.06295046156328647,0.14494745830148695,-0.12755531741596737,-0.044386833395501965,-0.03230511655071767,0.03548985581091006
20.35,0.30128816597821717,-0.11071322436175551,0.42940173482832267,0.696321687844227,0.5661767691606282,0.9402452244915775,0.062507441412973,0.1446229745912786,-0.1271988329667453,-0.04421678989151073,-0.03259246624312346,0.035808856804337444
20.36,0.3017405209104749,-0.11069954637732293,0.4295710886533654,0.6969445542600335,0.5676213645136313,0.9389750319117577,0.06206612585283784,0.1442956205771895,-0.12683915417215574,-0.04404632712536561,-0.03287772554471865,0.03612615195601754
20.37,0.30219098584118664,-0.11068581420575546,0.4297407952647571,0.6975630160428654,0.5690626721245641,0.9377084519097109,0.061626514766122,0.14396543227520323,-0.12647632489768257,-0.04387589566213919,-0.03315932640180224,0.03643895609183802
20.38,0.3026395609689231,-0.11067202834283868,0.42991085071892876,0.6981770902358468,0.5705006638332132,0.936445515766015,0.061188607826173386,0.14363244619233495,-0.12611038995409588,-0.0437054982254906,-0.03343728430560762,0.03674728909604239
20.39,0.30308624654673955,-0.11065818926024851,0.4300812510464266,0.6987867938787017,0.5719353118436653,0.9351862543141309,0.06075240467912417,0.14329669868052214,-0.12574139395311992,-0.043535137534973525,-0.033711614780949736,0.03705117089391324
20.400000000000002,0.3035310428821391,-0.11064429740611781,0.430251992252598,0.6993921440074732,0.5733665887227359,0.9339306979424115,0.06031790494393439,0.14295822593628832,-0.12536938130702432,-0.043364816305977584,-0.033982333385639885,0.03735062145103302
20.41,0.30397395033703983,-0.11063035320559811,0.4304230703182796,0.6999931576542614,0.5747944673984341,0.9326788765960793,0.05988510821242933,0.14261706400041516,-0.12499439622822311,-0.04319453724967098,-0.03424945570990992,0.037645660772556246
20.42,0.30441496932772855,-0.11061635706141698,0.4305944812004774,0.7005898518469531,0.5762189211584058,0.9314308197792259,0.05945401404934188,0.14227324875762168,-0.12461648272888295,-0.04302430307294404,-0.034512997375833125,0.03793630890247757
20.43,0.30485410032479576,-0.11060230935443133,0.4307662208330384,0.7011822436089381,0.5776399236483417,0.9301865565568427,0.05902462199236263,0.14192681593625137,-0.1242356846205422,-0.04285411647835355,-0.03477297403673741,0.03822258592289133
20.44,0.305291343853087,-0.11058821044417416,0.4309382851273256,0.7017703499588588,0.5790574488704572,0.9289461155567889,0.058596931552173485,0.1415778011079601,-0.12385204551372918,-0.04268398016406504,-0.035029401376636134,0.038504511953271335
20.45,0.305726700491618,-0.11057406066939823,0.43111066997287883,0.702354187910321,0.5804714711818806,0.9277095249718409,0.05817094221250034,0.141226239687412,-0.12346560881759408,-0.04251389682379636,-0.0352822951096395,0.038782107149727824
20.46,0.3061601708735028,-0.11055986034861409,0.43128337123807653,0.7029337744716347,0.5818819652931033,0.9264768125616905,0.05774665343015373,0.1408721669319817,-0.12307641773954536,-0.042343869146761116,-0.03553167097937988,0.03905539170428131
20.47,0.3065917556858729,-0.11054560978062222,0.4314563847707923,0.703509126645551,0.5832889062664204,0.9252480056549498,0.057324064635071635,0.1405156179414629,-0.12268451528489438,-0.042173899817612576,-0.03577754475843649,0.03932438584413553
20.48,0.30702145566976863,-0.1105313092450434,0.4316297063990402,0.7040802614289743,0.5846922695143079,0.9240231311512146,0.056903175230374387,0.14015662765778222,-0.12228994425651012,-0.042003991516388096,-0.03601993224774839,0.03958910983093633
20.490000000000002,0.3074492716200553,-0.11051695900283859,0.4318033319316248,0.7046471958127168,0.5860920307978946,0.9228022155230434,0.056483984592398985,0.13979523086471365,-0.12189274725447106,-0.04183414691845018,-0.03625884927604591,0.039849583960052615
20.5,0.3078752043853025,-0.11050255929682928,0.4319772571587766,0.7052099467812141,0.5874881662253417,0.9215852848180228,0.0560664920707576,0.13943146218761346,-0.1214929666757427,-0.041664368694435155,-0.0364943116992672,0.04010582855984015
20.51,0.30829925486767423,-0.11048811035221029,0.43215147785278757,0.7057685313122644,0.5888806522502701,0.9203723646607862,0.055650696988378226,0.1390653560931406,-0.12109064471384126,-0.04149465951019246,-0.0367263353999823,0.04035786399091329
20.52,0.30872142402281055,-0.11047361237705622,0.432325989768642,0.7063229663767691,0.5902694656701885,0.9191634802550362,0.055236598641551136,0.13869694688899678,-0.12068582335851696,-0.041325022026730156,-0.03695493628682012,0.04060571064542112
20.53,0.30914171285968817,-0.1104590655628252,0.43250078864463604,0.70687326893845,0.5916545836248658,0.9179586563856171,0.054824196299986146,0.13832626872367226,-0.12027854439544758,-0.04115545890016087,-0.037180130293885255,0.04084938894631136
20.54,0.3095601224404962,-0.11044447008485592,0.4326758702030004,0.7074194559536007,0.5930359835947749,0.9167579174205238,0.0544134892068532,0.13795335558619048,-0.11986884940592872,-0.04098597278164436,-0.0374019333801892,0.04108891934661117
20.55,0.30997665388048345,-0.11042982610285951,0.43285123015050947,0.707961544370807,0.5944136433994642,0.9155612873129755,0.054004476578838743,0.13757824130586263,-0.11945677976657935,-0.04081656631733241,-0.0376203615290687,0.04132432232869278
20.56,0.3103913083478202,-0.11041513376140721,0.4330268641790931,0.7084995511306965,0.5957875411959935,0.9143687896034342,0.05359715760618946,0.13720095955204673,-0.11904237664904951,-0.0406472421483129,-0.037835430747617194,0.04155561840355501
20.57,0.310804087063436,-0.11040039319041112,0.43320276796643625,0.7090334931656648,0.5971576554773094,0.9131804474216769,0.05319153145276761,0.13682154383391307,-0.11862568101973905,-0.04047800291055446,-0.038047157066105966,0.041782828110092235
20.580000000000002,0.31121499130085717,-0.11038560450560098,0.4333789371765753,0.7095633873996114,0.5985239650706401,0.911996283488851,0.05278759725610385,0.13644002750021766,-0.11820673363952465,-0.040308851234852366,-0.03825555653741032,0.04200597201436968
20.59,0.31162402238604553,-0.11037076780899507,0.43355536746049184,0.7100892507476845,0.5998864491359104,0.9108163201195132,0.052385354127443655,0.1360564437390742,-0.11778557506348619,-0.040139789746771064,-0.03846064523643922,0.04222507070890252
20.6,0.3120311816972161,-0.11035588318936573,0.4337320544566958,0.7106111001160065,0.6012450871641051,0.9096405792237147,0.051984801151807904,0.13567082557774335,-0.11736224564065367,-0.03997082106659219,-0.03866243925955823,0.042440144811927594
20.61,0.31243647066466956,-0.11034095072269956,0.4339089937918109,0.7111289524014288,0.6025998589757008,0.9084690823090261,0.051585937388035616,0.13528320588241444,-0.11693678551374499,-0.03980194780925633,-0.03886095472402367,0.04265121496668803
20.62,0.3128398907705925,-0.11032597047265236,0.4340861810811433,0.7116428244912519,0.6039507447190073,0.9073018504826434,0.05118876186884793,0.13489361735800295,-0.11650923461892583,-0.03963317258431015,-0.03905620776740303,0.04285830184070162
20.63,0.3132414435488783,-0.11031094249099815,0.43426361192925667,0.712152733262979,0.6052977248685922,0.9061389044534207,0.050793273600894036,0.13450209254794765,-0.1160796326855657,-0.039464497995850195,-0.039248214547010635,0.04306142612504768
20.64,0.3136411305849241,-0.11029586681808023,0.4344412819305374,0.7126586955840543,0.6066407802236138,0.9049802645340089,0.05039947161347035,0.13410866367060695,-0.11564801894009086,-0.03929572511525708,-0.039437668060734225,0.04326183416356954
20.650000000000002,0.31403895353535893,-0.11028074354726414,0.43461918671862343,0.7131607283914521,0.6079798916380516,0.9038259511285215,0.05000737755096378,0.1337132867433831,-0.1152142947053932,-0.039123114297977823,-0.039637152664720406,0.04348230589332966
20.66,0.3144349141763382,-0.11026557298138323,0.4347973220855893,0.7136588488860666,0.6093150393653921,0.9026759859183685,0.04961700878541067,0.13331593188316646,-0.11477838692255189,-0.03895066611047258,-0.03983325751321141,0.04369854752558344
20.67,0.314829014348362,-0.1102503554569213,0.4349756838472303,0.7141530743126934,0.6106462037949971,0.9015303905279094,0.04922836367894358,0.13291663280186536,-0.11434033778050627,-0.03877838286601969,-0.04002599973846456,0.04391058147123787
20.68,0.3152212559410555,-0.11023509129620557,0.4351542678067342,0.7146434218996413,0.611973365652512,0.9003891861607161,0.04884144057058868,0.13251542303997516,-0.11390018924397484,-0.038606266871846893,-0.040215396490746694,0.044118430163173385
20.69,0.3156116408929502,-0.11021978080784905,0.43533306975526487,0.7151299088584882,0.6132965059981108,0.8992523936018516,0.048456237776334336,0.13211233596640298,-0.11345798305324356,-0.03843432042908745,-0.04040146493772753,0.044322116055460305
20.7,0.3160001711912827,-0.11020442428718302,0.4355120854725492,0.7156125523838609,0.6146156062248108,0.8981200332200879,0.048072753589185196,0.13170740477829265,-0.1130137607239524,-0.03826254583273387,-0.04058422226388639,0.04452166162259204
20.71,0.3163868488717724,-0.11018902201668623,0.4356913107274514,0.7160913696531991,0.6159306480567331,0.8969921249701721,0.04769098627922806,0.13130066250086106,-0.11256756354689736,-0.03809094537159425,-0.0407636856699112,0.04471708935870852
20.72,0.316771676018403,-0.11017357426640906,0.4358707412785439,0.7165663778265289,0.6172416135473922,0.895868688395066,0.047310934093693364,0.13089214198724183,-0.11211943258784,-0.03791952132824943,-0.04093987237210459,0.044908421776828855
20.73,0.31715465476319843,-0.11015808129439097,0.4360503728746755,0.7170375940462381,0.6185484850779792,0.8947497426281953,0.04693259525701536,0.13048187591832877,-0.11166940868731881,-0.037748275979007144,-0.041112799601787764,0.04509568140808093
20.740000000000002,0.31753578728598597,-0.11014254334707357,0.43623020125552514,0.7175050354368407,0.6198512453556229,0.8936353063957149,0.04655596797089858,0.13006989680262981,-0.11121753246047451,-0.03757721159385871,-0.04128248460470301,0.045278890800929505
20.75,0.3179150758141646,-0.11012696065970862,0.4364102221521592,0.7179687191047558,0.6211498774116776,0.8925253980187533,0.04618105041437931,0.12965623697612744,-0.1107638442968807,-0.0374063304364357,-0.04144894464042214,0.0454580725204119
20.76,0.3182925226224683,-0.11011133345675866,0.43659043128757896,0.7184286621380844,0.622444364600007,0.8914200354156613,0.0458078407438859,0.12924092860213748,-0.11030838436037636,-0.03723563476396377,-0.0416121969817536,0.04563324914737162
20.77,0.3186681300327088,-0.11009566195229525,0.4367708243772571,0.7188848816063708,0.6237346905952209,0.8903192361043001,0.0454363370933126,0.1288240036711897,-0.1098511925889229,-0.03706512682722332,-0.04177225891414631,0.04580444327768846
20.78,0.319041900413538,-0.1100799463503892,0.43695139712967773,0.7193373945603901,0.6250208393909834,0.8892230172042696,0.045066537574074396,0.12840549400089418,-0.10939230869444608,-0.03689480887050149,-0.04192914773510183,0.04597167752151876
20.79,0.31941383618019087,-0.11006418684549663,0.43713214524686556,0.7197862180319218,0.6263027952982733,0.8881313954391787,0.044698440275176325,0.12798543123583053,-0.10893177216270358,-0.03672468313155164,-0.042082880753583685,0.046134974502532365
20.8,0.31978393979422354,-0.11004838362283942,0.4373130644249066,0.7202313690335193,0.6275805429436405,0.8870443871389173,0.04433204326327966,0.12756384684743247,-0.10846962225315152,-0.03655475184154869,-0.04223347528942544,0.04629435685714753
20.81,0.3201522137632561,-0.11003253685878034,0.43749415035446776,0.7206728645582944,0.6288540672674905,0.8859620082419065,0.04396734458276631,0.12714077213388486,-0.10800589799882183,-0.03638501722504672,-0.04238094867274428,0.04644984723377375
20.82,0.32051866064070145,-0.11001664672119227,0.43767539872130784,0.7211107215796884,0.630123353522335,0.8848842742973778,0.04360434225580727,0.12671623822002198,-0.10754063820620599,-0.036215481499935566,-0.04252531824335118,0.04660146829204935
20.830000000000002,0.3208832830255011,-0.11000071336982326,0.43785680520678477,0.721544957051258,0.6313883872710797,0.8838112004676194,0.043243034282425166,0.12629027605723173,-0.10707388145514307,-0.03604614687739689,-0.042666601350167,0.046749242702087024
20.84,0.3212460835618445,-0.1099847369566545,0.4380383654883526,0.7219755879064453,0.6326491543852647,0.8827428015302653,0.04288341864056802,0.1258629164233738,-0.10660566609872624,-0.035877015561864053,-0.04280481535063398,0.046893193143714
20.85,0.3216070649388945,-0.10996871762625415,0.4382200752400572,0.7224026310583622,0.6339056410433411,0.8816790918805523,0.04252549328617233,0.12543418992269045,-0.1061360302632026,-0.0357080897509766,-0.042939977610132005,0.04703334230571728
20.86,0.3219662298905097,-0.10995265551612549,0.43840193013302614,0.722826103399575,0.6351578337289475,0.8806200855335775,0.042169256153230104,0.12500412698573293,-0.10566501184788857,-0.03553937163553907,-0.04307210550139802,0.04716971288509374
20.87,0.32232358119495225,-0.10993655075704895,0.4385839258359476,0.7232460218018758,0.6364057192291467,0.8795657961265914,0.04181470515386213,0.12457275786929171,-0.10519264852509466,-0.03537086339947853,-0.04320121640393827,0.047302327586291215
20.88,0.3226791216746019,-0.10992040347342041,0.4387660580155479,0.7236624031160689,0.6376492846327011,0.878516236921255,0.04146183817838422,0.12414011265633054,-0.10471897774005237,-0.03520256721980215,-0.04332732770345012,0.047431209120460935
20.89,0.32303285419566613,-0.1099042137835825,0.4389483223370622,0.7240752641717534,0.6388885173283325,0.877471420805914,0.04111065309537764,0.12370622125592931,-0.10424403671085283,-0.03503448526655581,-0.04345045679124136,0.04755638020470771
20.900000000000002,0.32338478166788664,-0.10988798180015136,0.43913071446470103,0.7244846217771096,0.6401234050029964,0.8764313602978582,0.04076114775175434,0.12327111340322411,-0.10376786242838416,-0.03486661970277897,-0.04357062106365113,0.04767786356134168
20.91,0.32373490704423474,-0.10987170763033788,0.4393132300621055,0.7248904927186739,0.6413539356401144,0.8753960675456182,0.04041331997283575,0.12283481865937108,-0.10329049165629495,-0.034698972684467894,-0.04368783792147099,0.04779568191713051
20.92,0.32408323332061517,-0.10985539137626366,0.43949586479280306,0.7252928937611304,0.6425800975178565,0.874365554331218,0.04006716756241645,0.12239736641149533,-0.10281196093094355,-0.03453154636052955,-0.04380212476936843,0.04790985800255462
20.93,0.324429763535561,-0.10983903313527144,0.4396786143206536,0.7256918416470941,0.643801879207394,0.8733398320724547,0.039722688302837206,0.12195878587265732,-0.10233230656136721,-0.03436434287274117,-0.04391349901531102,0.048020414551063144
20.94,0.3247745007699253,-0.10982263300023065,0.43986147431029193,0.7260873530968959,0.645019269571157,0.8723189118251728,0.03937987995505779,0.12151910608182592,-0.101851564629259,-0.03419736435571006,-0.044021978069992446,0.048127374298332776
20.95,0.3251174481465706,-0.1098061910598383,0.44004444042756086,0.7264794448083682,0.6462322577610898,0.8713028042855406,0.03903874025872916,0.12107835590385337,-0.10136977098894873,-0.03403061293683183,-0.04412757934625826,0.0482307599815258
20.96,0.32545860883007616,-0.1097897073989435,0.4402275083399708,0.7268681334566857,0.6474408332168167,0.8702915197925265,0.03869926707974144,0.12063656368643497,-0.10088696059807141,-0.03386378786027451,-0.04423102469156576,0.04833196887778034
20.97,0.3257979860486365,-0.10977318214358905,0.4404106737517452,0.7272534357622003,0.6486449855055969,0.8692850686390392,0.038361476318890926,0.12019371560807687,-0.10040308624320422,-0.03369441035140763,-0.04433810160300196,0.04844228271377419
20.98,0.3261355831375167,-0.10975661554954796,0.4405939324722419,0.7276353686243687,0.649844704008608,0.8682834616829562,0.0380253779487861,0.11974981141192913,-0.09991812729166513,-0.03352531002030328,-0.04444225124809007,0.048548892188830725
20.990000000000002,0.3264714034837461,-0.1097400078919657,0.4407772803303609,0.7280139489532099,0.6510399783107372,0.867286709585422,0.037690969188389635,0.1193048802806985,-0.0994321206677678,-0.033356488717608795,-0.04454349161818727,0.04865182116185473
21.0,0.3268054505133052,-0.10972335944048439,0.440960713155469,0.7283891936308398,0.6522307982878025,0.8662948226395284,0.03735824723819405,0.11885895121717861,-0.09894510305724388,-0.03318794828649222,-0.044641840704097775,0.048751093489837014
21.01,0.3271377276908086,-0.10970667045952592,0.4411442267778286,0.728761119511284,0.653417154104738,0.8653078107727138,0.037027209280301024,0.11841205304426423,-0.09845711090727251,-0.0330196905626126,-0.04473731649548769,0.04884673302708588
21.02,0.327468238519194,-0.10968994120856818,0.4413278170290289,0.7291297434203002,0.654599036213816,0.864325683549129,0.03669785247849074,0.11796421440495826,-0.09796818042650256,-0.032851717374084585,-0.04482993698030221,0.04893876362446173
21.03,0.32779698653940376,-0.10967317194241655,0.4415114797424076,0.7294950821551944,0.6557764353528458,0.8633484501720262,0.03637017397829912,0.11751546376239502,-0.09747834758509406,-0.03268403054144808,-0.04491972014418476,0.04902720912861414
21.04,0.3281239753300572,-0.10965636291147274,0.4416952107534614,0.729857152484631,0.6569493425433492,0.8623761194861649,0.036044170907098494,0.11706582939986836,-0.09698764811476852,-0.03251663187763662,-0.04500668396989129,0.04911209338121307
21.05,0.32844920850714016,-0.10963951436199443,0.44187900590026274,0.7302159711484653,0.6581177490888058,0.8614086999801586,0.035719840374165666,0.1166153394208601,-0.09649611750885508,-0.03234952318794518,-0.04509084643671929,0.04919344021819825
21.06,0.32877268972366935,-0.1096226265363543,0.44206286102385867,0.730571554857549,0.6592816465728133,0.8604461997888941,0.03539717947076572,0.11616402174907867,-0.09600379102235718,-0.03218270626999796,-0.04517222551992081,0.049271273469009294
21.07,0.32909442266937106,-0.10960569967329137,0.4422467719686707,0.7309239202935581,0.6604410268573093,0.8594886266958993,0.03507618527022625,0.11571190412850432,-0.09551070367202075,-0.03201618291371838,-0.04525083919013191,0.049345616955835586
21.080000000000002,0.3294144110703576,-0.10958873400815772,0.44243073458289106,0.7312730841088181,0.6615958820807932,0.8585359881357076,0.03475685482800986,0.11525901412343267,-0.09501689023640401,-0.03184995490129541,-0.04532670541279814,0.04941649449286226
21.09,0.32973265868878227,-0.1095717297731626,0.4426147447188603,0.7316190629261081,0.6627462046564688,0.8575882911962912,0.03443918518180453,0.11480537911854023,-0.09452238525597643,-0.03168402400715598,-0.045399842147594204,0.04948392988550823
21.1,0.33004916932252837,-0.10955468719760791,0.44279879823346124,0.7319618733385088,0.6638919872705329,0.8566455426213714,0.03412317335158314,0.11435102631892839,-0.09402722303318775,-0.03151839199792831,-0.04547026734786164,0.04954794692968711
21.11,0.33036394680485665,-0.10953760650812255,0.442982890988483,0.7323015319092021,0.6650332228803013,0.8557077488128622,0.033808816339699725,0.1138959827502092,-0.09353143763259111,-0.031353060632417745,-0.04553799896003076,0.049608569411049006
21.12,0.3306769950040878,-0.1095204879288888,0.44316701885100107,0.7326380551713152,0.6661699047124808,0.8547749158331963,0.033496111130951856,0.113440275258558,-0.09303506288092653,-0.031188031661569058,-0.045603054923057225,0.049665821104239755
21.13,0.3309883178232473,-0.10950333168186754,0.4433511776937312,0.7329714596277253,0.6673020262613075,0.8538470494077556,0.03318505469267469,0.11298393051080768,-0.0925381323672555,-0.031023306828441462,-0.04566545316784827,0.04971972577214824
21.14,0.33129791919974716,-0.10948613798701384,0.4435353633953996,0.7333017617509056,0.6684295812868224,0.8529241549271926,0.03287564397480563,0.11252697499451911,-0.09204067944306442,-0.03085888786817383,-0.04572521161670463,0.04977030716517311
21.150000000000002,0.3316058031050303,-0.10946890706249357,0.4437195718410865,0.7336289779827344,0.6695525638130206,0.8520062374498534,0.032567875909975806,0.11206943501808025,-0.09154273722240787,-0.030694776507957613,-0.04578234818274993,0.04981758902047364
21.16,0.3319119735442418,-0.10945163912489025,0.44390379892258086,0.7339531247343348,0.6706709681261,0.851093301704118,0.032261747413581655,0.11161133671079476,-0.0910443385820355,-0.030530974467004653,-0.04583688076937287,0.04986159506123728
21.17,0.3322164345558828,-0.10943433438941036,0.4440880405387202,0.7342742183858968,0.6717847887726542,0.850185352090787,0.03195725538386674,0.1111527060229796,-0.0905455161615352,-0.03036748345651567,-0.0458888272696623,0.049902348995937776
21.18,0.33251919021146725,-0.10941699307008335,0.44427229259572787,0.7345922752865068,0.6728940205578824,0.849282392685453,0.03165439670200497,0.11069356872608035,-0.09004630236349156,-0.030204305179654178,-0.04593820556585152,0.04993987451760566
21.19,0.33282024461518084,-0.10939961537995574,0.44445655100754516,0.7349073117539788,0.6739986585438076,0.8483844272408638,0.03135316823217729,0.11023395041277308,-0.08954672935363585,-0.030041441331512916,-0.04598503352875852,0.04997419530309292
21.2,0.33311960190353473,-0.10938220153128247,0.4446408116961577,0.7352193440746839,0.6750986980474855,0.8474914591892947,0.03105356682165422,0.10977387649708453,-0.08904682906101437,-0.02987889359908514,-0.04602932901722977,0.05000533501234312
21.21,0.33341726624501855,-0.10936475173571342,0.444825070591915,0.7355283885033791,0.6761941346392111,0.8466034916449193,0.030755589300879658,0.10931337221452066,-0.08854663317816684,-0.029716663661237534,-0.04607110987758781,0.05003331728766587
21.22,0.33371324183976203,-0.10934726620447316,0.44500932363385126,0.7358344612630482,0.6772849641407631,0.8457205274061518,0.030459232483544377,0.1088524626221813,-0.08804617316129255,-0.029554753188675904,-0.04611039394307857,0.05005816575301081
21.23,0.3340075329191738,-0.10932974514854032,0.44519356676998784,0.7361375785447203,0.678371182623572,0.8448425689580467,0.030164493166679077,0.10839117259890821,-0.08754548023045466,-0.029393163843920583,-0.04614719903331692,0.05007990401324033
21.240000000000002,0.3343001437456089,-0.10931218877881899,0.44537779595764665,0.7364377565073188,0.6794527864069895,0.8439696184746194,0.0298713681307255,0.10792952684541329,-0.08704458536975995,-0.029231897281274115,-0.04618154295374349,0.05009855565341572
21.25,0.3345910786120109,-0.10929459730630708,0.44556200716374605,0.7367350112774862,0.6805297720564749,0.8431016778212305,0.029579854139625588,0.10746754988442907,-0.08654351932756937,-0.02907095514679397,-0.046213443495073406,0.05011414423807369
21.26,0.33488034184156423,-0.10927697094226035,0.4457461963650956,0.7370293589494217,0.6816021363818248,0.8422387485569356,0.029289947940901704,0.10700526606085499,-0.08604231261670271,-0.02891033907826221,-0.04624291843275068,0.05012669331050998
21.27,0.3351679377873471,-0.10925930989835325,0.4459303595486884,0.7373208155847186,0.6826698764353967,0.8413808319368387,0.0290016462657406,0.10654269954191783,-0.08554099551465835,-0.028750050705158913,-0.046269985526407056,0.050136226392068856
21.28,0.3354538708319794,-0.109241614386832,0.44611449271198444,0.7376093972122011,0.6837329895103349,0.8405279289144422,0.028714945829074884,0.10607987431732695,-0.0850395980638318,-0.028590091648631313,-0.04629466251931799,0.0501427669814288
21.29,0.33573814538727187,-0.10922388462066773,0.4462985918631896,0.7378951198277597,0.6847914731387861,0.8396800401440062,0.028429843329669004,0.10561681419944392,-0.08453815007174986,-0.028430463521466505,-0.04631696713786204,0.05014633855389285
21.3,0.33602076589387886,-0.10920612081370268,0.44648265302153345,0.7381779993941952,0.6858453250901462,0.8388371659828786,0.028146335450199365,0.10515354282345274,-0.0840366811113041,-0.028271167928063057,-0.04633691709098592,0.05014696456068608
21.31,0.33630173682385794,-0.10918832318274696,0.4466666722191943,0.738458051846873,0.6868945433697395,0.8379993064987343,0.02786442210656162,0.10469008390736068,-0.08353521779601608,-0.028110997780153385,-0.046354433417403605,0.05014568209980026
21.32,0.336581062733835,-0.10917049198366341,0.44685064553198905,0.7387352932004335,0.687939126225594,0.8371664615615457,0.027584116689405396,0.10422646207113773,-0.08303377519122519,-0.02795014751317757,-0.04636954921063975,0.05014235283893455
21.330000000000002,0.3368587482584143,-0.1091526275075082,0.4470345690760476,0.7390097395361449,0.6889790721456879,0.8363386308354357,0.027305417916803444,0.10376270058609739,-0.0825323804203688,-0.027789669094191144,-0.04638236611825176,0.05013611923757508
21.34,0.33713479805980046,-0.10913473004718227,0.447218438979606,0.7392814069018359,0.6900143798481763,0.835515813697246,0.02702832206353988,0.1032988223530019,-0.08203106240915103,-0.027629563869320053,-0.04639290175615664,0.05012700483183239
21.35,0.3374092168255863,-0.10911679989629508,0.44740225138220235,0.7395503113080191,0.6910450482793544,0.8346980092357276,0.026752825390976766,0.10283485009655155,-0.08152984984804917,-0.027469833176330106,-0.0464011737201894,0.050115033130100795
21.36,0.3376820092684064,-0.10909883734928538,0.44758600243492597,0.7398164687277526,0.6920710766118787,0.8338852162539065,0.026478924147141494,0.10237080636559162,-0.08102877119259938,-0.027310478344607186,-0.046407199585574,0.05010022761235784
21.37,0.33795318012559583,-0.10908084270153684,0.4477696883006678,0.7400798950965073,0.6930924642430107,0.8330774332714309,0.02620661456681042,0.10190671353332077,-0.08052785466368403,-0.027151500695136967,-0.046410996906399576,0.050082611729469914
21.38,0.3382227341588544,-0.10906281624949027,0.4479533051543682,0.7403406063120396,0.6941092107928821,0.8322746585269001,0.025935892871589265,0.10144259379750242,-0.08002712824782142,-0.02699290154048415,-0.0464125832151007,0.05006220890250343
21.39,0.33849067615389733,-0.1090447582907515,0.4481368491832514,0.7405986182342535,0.6951213161027138,0.8314768899802274,0.025666755270002593,0.10097846918068833,-0.07952661969747442,-0.026834682184773397,-0.04641197602193346,0.050039042522030994
21.400000000000002,0.33875701092011645,-0.10902666912419745,0.44832031658706323,0.7408539466850719,0.6961287802330713,0.8306841253149765,0.02539919795757742,0.10051436153044233,-0.07902635653135764,-0.026676843923669414,-0.04640919281445849,0.0500131359474458
21.41,0.3390217432902451,-0.10900854905007568,0.44850370357830377,0.7411066074483121,0.6971316034621388,0.8298963619406768,0.025133217116922527,0.10005029251956324,-0.07852636603474414,-0.026519388044354775,-0.046404251057024976,0.04998451250627847
21.42,0.33928487812000974,-0.10899039837010377,0.4486870063824498,0.741356616269551,0.6981297862839438,0.829113596995181,0.02486880891782034,0.09958628364632897,-0.07802667525979894,-0.026362315825513665,-0.04639716819025616,0.049953195493514804
21.43,0.3395464202877916,-0.10897221738756235,0.44887022123817655,0.7416039888559982,0.6991233294066218,0.8283358273469862,0.02460596951730975,0.0991223562347332,-0.07752731102590411,-0.02620562853731097,-0.04638796163053653,0.04991920817091662
21.44,0.3398063746942927,-0.10895400640738584,0.44905334439757927,0.7418487408763752,0.7001122337506963,0.8275630495975439,0.024344695059765734,0.09865853143472014,-0.0770282999199836,-0.026049327441369525,-0.04637664876950127,0.04988257376634481
21.45,0.3400647462621845,-0.10893576573624963,0.4492363721263778,0.7420908879607777,0.7010965004472955,0.8267952600836174,0.024084981676996717,0.09819483022245629,-0.07652966829686843,-0.02589341379075819,-0.046363246973529185,0.049843315473088345
21.46,0.34032153993578035,-0.10891749568265452,0.4494193007041327,0.7423304457005622,0.7020761308364609,0.8260324548795651,0.02382682548831801,0.09773127340056265,-0.07603144227962191,-0.02573788882996502,-0.0463477735832356,0.04980145644919114
21.47,0.34057676068069126,-0.10889919655700614,0.44960212642444486,0.7425674296482151,0.7030511264653904,0.8252746297996753,0.023570222600644314,0.09726788159838856,-0.07553364775990913,-0.02558275379488278,-0.04633024591296899,0.049757019816786124
21.48,0.3408304134834866,-0.10888086867169294,0.4497848455951543,0.7428018553172296,0.7040214890867067,0.824521780400477,0.023315169108574996,0.09680467527227349,-0.07503631039835673,-0.02542800991278908,-0.046310681250309,0.049710028661429435
21.490000000000002,0.3410825033513558,-0.1088625123411599,0.449967454538536,0.7430337381819822,0.7049872206567241,0.8237739019830528,0.02306166109448118,0.09634167470581785,-0.07453945562492327,-0.02527365840232735,-0.04628909685556458,0.049660506031436104
21.5,0.34133303531177617,-0.10884412788197778,0.45014994959149224,0.7432630936776137,0.7059483233337402,0.8230309895953304,0.022809694628589693,0.09587890001015867,-0.07404310863927267,-0.02511970047348932,-0.04626550996128122,0.04960847493722656
21.51,0.3415820144121752,-0.10882571561291304,0.45033232710574045,0.7434899371999094,0.7069047994763107,0.8222930380343845,0.02255926576906771,0.09541637112424073,-0.07354729441114975,-0.024966137327592595,-0.0462399377717399,0.04955395835066306
21.52,0.3418294457195877,-0.10880727585498906,0.45051458344798984,0.7437142841051716,0.7078566516415007,0.8215600418487556,0.02231037056211835,0.09495410781512036,-0.0730520376807877,-0.02481297015726927,-0.04621239746246818,0.04949697920440191
21.53,0.34207533432033066,-0.10878880893155013,0.45069671500012654,0.7439361497101091,0.7088038825832053,0.8208319953407146,0.022063005042056518,0.09449212967823284,-0.07255736295928034,-0.024660200146439576,-0.04618290617974467,0.04943756039123694
21.54,0.34231968531965995,-0.10877031516831726,0.4508787181593829,0.7441555492917116,0.7097464952504032,0.8201088925685756,0.021817165231406532,0.09403045613771148,-0.0720632945290072,-0.024507828470302768,-0.04615148104011653,0.04937572476346026
21.55,0.3425625038414454,-0.10875179489344422,0.45106058933851356,0.7443724980871393,0.7106844927854769,0.819390727348958,0.021572847140979137,0.093569106446663,-0.07156985644401852,-0.024355856295310285,-0.04611813912990631,0.04931149513220876
21.56,0.3428037950278277,-0.10873324843756965,0.4512423249659537,0.7445870112935981,0.711617878522465,0.8186774932590959,0.021330046769969184,0.09310809968749215,-0.07107707253047084,-0.02420428477915486,-0.04608289750473042,0.04924489426682639
21.57,0.3430435640388955,-0.10871467613386598,0.45142392148598876,0.7447991040682305,0.712546655985393,0.8179691836390888,0.02108876010603555,0.09264745477219928,-0.07058496638703386,-0.024053115070749236,-0.04604577318901744,0.049175944894225804
21.580000000000002,0.3432818160523489,-0.10869607831808481,0.4516053753589094,0.7450087915279978,0.713470828886548,0.8172657915941903,0.02084898312539352,0.09218719044270074,-0.07009356138532587,-0.023902348310210434,-0.04600678317552724,0.049104669698251474
21.59,0.3435185562631711,-0.1086774553286014,0.45178668306116665,0.7452160887495667,0.7143904011247915,0.8165673099970688,0.02061071179289999,0.09172732527114254,-0.06960288067034168,-0.023751985628840663,-0.04596594442487291,0.04903109131904597
21.6,0.3437537898832985,-0.10865880750645435,0.4519678410855231,0.7454210107691962,0.7153053767838591,0.8158737314900728,0.020373942062143446,0.09126787766022995,-0.06911294716089775,-0.02360202814911229,-0.04592327386504717,0.04895523235242312
21.61,0.3439875221412918,-0.10864013519538351,0.45214884594119886,0.7456235725826245,0.7162157601306621,0.8151850484874971,0.020138669875532672,0.09080886584355263,-0.0686237835500771,-0.023452476984649178,-0.04587878839094656,0.048877115349237284
21.62,0.34421975828200935,-0.10862143874186547,0.4523296941540164,0.7458237891449593,0.7171215556136104,0.8145012531778263,0.01990489116438309,0.09035030788591734,-0.06813541230567938,-0.023303333240210132,-0.045832504863903084,0.04879676281476296
21.63,0.3444505035662805,-0.10860271849514452,0.45251038226653917,0.746021675370566,0.7180227678609171,0.813822337525994,0.01967260184900782,0.08989222168368957,-0.06764785567068406,-0.0231545980116731,-0.0457844401112154,0.048714197208073795
21.64,0.34467976327057903,-0.10858397480726345,0.45269090683820673,0.7462172461329583,0.7189194016789173,0.813148293275626,0.01944179783880535,0.08943462496513188,-0.06716113566371205,-0.02300627238601699,-0.04573461092568086,0.04862944094142285
21.650000000000002,0.34490754268669893,-0.10856520803309011,0.45287126444546705,0.746410516264689,0.7198114620503853,0.8124791119512859,0.019212475032349956,0.088977535290755,-0.06667527407950047,-0.02285835744130666,-0.0456830340651334,0.04854251637963014
21.66,0.34513384712143336,-0.10854641853034164,0.4530514516819082,0.7466015005572446,0.7206989541328727,0.8118147848606997,0.01898462931747842,0.08852097005366766,-0.066190292489376,-0.02271085424667614,-0.0456297262519834,0.048453445839473266
21.67,0.34535868189625085,-0.10852760665960665,0.45323146515837986,0.7467902137609366,0.7215818832570257,0.8111553030969957,0.018758256571380513,0.08806494647993104,-0.06570621224173862,-0.022563763862311393,-0.04557470417275569,0.048362251589075464
21.68,0.3455820523469694,-0.10850877278436455,0.45341130150311393,0.7469766705847914,0.7224602549248991,0.8105006575409451,0.018533352660692885,0.0876094816289282,-0.06522305446256024,-0.022417087339436835,-0.0455179844776338,0.04826895584730202
21.69,0.3458039638277632,-0.10848991726994162,0.4535909573614953,0.7471608857018281,0.7233340748311256,0.8098508388330887,0.018309916174292288,0.0871546039851585,-0.06474085534603968,-0.022269899823578035,-0.04545565637247509,0.04816840017160118
21.7,0.3460244217735504,-0.10847104046818346,0.4537704293910825,0.74734287382702,0.7242033491923867,0.8092058369391345,0.018087954523378705,0.08670037933313021,-0.06425970028598026,-0.02212250421588577,-0.045389016876742905,0.048062295702967286
21.71,0.3462434316843657,-0.10845214272150072,0.45394971426316677,0.7475226496980935,0.7250680846647514,0.8085656412590322,0.01786746461146773,0.08624682876461302,-0.0637796157198289,-0.02197555215986328,-0.045320842282692876,0.047954304877859705
21.72,0.34646099907269956,-0.1084332243758307,0.4541288086672334,0.747700228010248,0.7259282880655503,0.8079302409938717,0.017648441998954892,0.08579396755228223,-0.06330062040660152,-0.021829044471528877,-0.04525114824569419,0.047844448597584965
21.73,0.3466771294617287,-0.10841428578098594,0.4543077093111735,0.7478756234142462,0.7267839663640581,0.8072996251581982,0.017430882238118943,0.08534181081244291,-0.06282273289655085,-0.021682981958217353,-0.04517995038404629,0.04773274771321849
21.740000000000002,0.34689182838501487,-0.10839532729064033,0.45448641292137193,0.7480488505163309,0.7276351266799238,0.8066737825821018,0.01721478087321119,0.08489037350541094,-0.06234597153167856,-0.021537365418573602,-0.045107264278564124,0.04761922302505517
21.75,0.34710510138621264,-0.10837634926231138,0.4546649162428006,0.7482199238781518,0.7284817762816406,0.8060527019132777,0.017000133440534894,0.08443967043587157,-0.06187035444622781,-0.021392195642536777,-0.04503310547215676,0.04750389528205062
21.76,0.3473169540187626,-0.10835735205734276,0.4548432160390917,0.7483888580166782,0.72932392258495,0.8054363716191316,0.01678693546854297,0.0839897162532839,-0.06139589956722347,-0.021247473411338674,-0.044957489469418334,0.04738678518128009
21.77,0.34752739184560355,-0.10833833604088422,0.4550213090926255,0.7485556674041274,0.730161573151325,0.8048247799888237,0.016575182477916766,0.08354052545224838,-0.06092262461497496,-0.021103199497488626,-0.04488043173621288,0.047267913367387934
21.78,0.34773642043887654,-0.1083193015818687,0.45519919220460897,0.748720366467886,0.7309947356864211,0.8042179151353371,0.016364869981654356,0.08309211237289962,-0.060450547103606284,-0.020959374664765933,-0.04480194769926746,0.0471473004320484
21.79,0.34794404537962426,-0.1083002490529898,0.45537686219514006,0.7488829695904277,0.731823418038495,0.8036157649975626,0.01615599348516599,0.08264449120131263,-0.05997968434160434,-0.020815999668214163,-0.04472205274576389,0.047024966913425885
21.8,0.34815027225751194,-0.10828117883067562,0.4555543159032941,0.7490434911092476,0.7326476281969246,0.8030183173423117,0.01594854848634897,0.08219767596987967,-0.05951005343233164,-0.020673075254126642,-0.044640762222935254,0.04690093329563917
21.81,0.3483551066705285,-0.10826209129506204,0.4557315501871832,0.7492019453167819,0.7334673742906368,0.8024255597663911,0.01574253047568335,0.0817516805577258,-0.059041671274586024,-0.020530602160041708,-0.04455809143766402,0.046775220008229854
21.82,0.3485585542246994,-0.10824298682996364,0.4559085619240245,0.7493583464603333,0.7342826645865823,0.801837479698642,0.01553793493631763,0.08130651869110886,-0.05857455456314415,-0.020388581114732164,-0.0444740556560807,0.046647847425630586
21.830000000000002,0.34876062053379936,-0.10822386582284449,0.45608534801020495,0.7495127087420003,0.7350935074882098,0.8012540644019782,0.015334757344157813,0.08086220394383598,-0.05810871978932033,-0.020247012838199612,-0.044388670103170845,0.04651883586664456
21.84,0.3489613112190665,-0.10820472866478453,0.456261905361341,0.7496650463186039,0.7358999115339471,0.8006753009754126,0.015132993167952595,0.08041874973766726,-0.057644183241517426,-0.0201058980416624,-0.04430194996237581,0.04638820559391656
21.85,0.3491606319089192,-0.10818557575044901,0.45643823091233837,0.749815373301619,0.7367018853956843,0.8001011763560849,0.014932637869382018,0.07997616934273774,-0.057180961005794374,-0.01996523742754924,-0.04421391037520338,0.04625597681341734
21.86,0.3493585882386713,-0.10816640747805112,0.4566143216174467,0.7499637037571003,0.7374994378772529,0.7995316773212862,0.014733686903146968,0.07953447587798211,-0.056719068966438975,-0.01982503168949229,-0.04412456644083901,0.04612216967392876
21.87,0.3495551858502508,-0.10814722424931705,0.4567901744503122,0.7501100517056163,0.7382925779129214,0.7989667904904693,0.014536135717055174,0.07909368231155288,-0.05625852280653651,-0.019685281512316487,-0.04403393321575537,0.04598680426652662
21.88,0.3497504303919225,-0.10812802646944836,0.4569657864040313,0.75025443112218,0.7390813145658915,0.7984065023272574,0.01433997975210934,0.07865380146125256,-0.055799338008550865,-0.019545987572033272,-0.04394202571333064,0.045849900624074985
21.89,0.349944327518002,-0.10810881454708321,0.45714115449119086,0.7503968559361774,0.7398656570267773,0.7978507991414611,0.014145214442599714,0.07821484599497248,-0.05534152985491767,-0.01940715053583421,-0.04384885890346519,0.045711478720718915
21.900000000000002,0.35013688288858963,-0.10808958889425513,0.4573162757439249,0.7505373400313087,0.7406456146121437,0.7972996670910496,0.013951835216184521,0.07777682843111759,-0.054885113428618335,-0.01926877106208037,-0.04375444771220279,0.04557155847138231
21.91,0.3503281021692876,-0.10807034992635295,0.4574911472139502,0.7506758972455159,0.7414211967629882,0.7967530921841621,0.013759837493983977,0.07733976113905552,-0.05443010361378609,-0.019130849800297185,-0.043658807021353205,0.04543015973126842
21.92,0.3505179910309246,-0.1080510980620768,0.4576657659726064,0.7508125413709185,0.7421924130432482,0.7962110602810951,0.013569216690669133,0.07690365633956103,-0.053976515096306445,-0.01899338739116696,-0.04356195166811695,0.045287302295363006
21.93,0.35070655514929205,-0.10803183372339453,0.4578401291109018,0.7509472861537543,0.7429592731383483,0.7956735570962608,0.013379968214544326,0.07646852610525479,-0.05352436236440963,-0.01885638446651956,-0.04346389644471433,0.04514300589794269
21.94,0.3508938002048614,-0.10801255733549675,0.4580142337395391,0.7510801452943086,0.7437217868536766,0.7951405682001913,0.013192087467644878,0.0760343823610703,-0.05307365970929931,-0.018719841649329397,-0.043364656098016305,0.04499729021208662
21.95,0.3510797318825238,-0.10799326932675024,0.4581880769889564,0.7512111324468576,0.7444799641131428,0.794612079021483,0.013005569845818797,0.07560123688469768,-0.052624421225752484,-0.018583759553705382,-0.04326424532917711,0.04485017484918977
21.96,0.35126435587132293,-0.10797397012865007,0.4583616560093611,0.7513402612196086,0.7452338149577173,0.7940880748487517,0.012820410738813447,0.07516910130703786,-0.052176660812733845,-0.018448138784882735,-0.043162678793269335,0.044701679358479456
21.97,0.35144767786417885,-0.10795466017577171,0.45853496797074805,0.7514675451746305,0.7459833495439162,0.7935685408326218,0.012636605530375124,0.07473798711268645,-0.05173039217404413,-0.018312979939222564,-0.04305997109892534,0.044551823226541075
21.98,0.35162970355763323,-0.10793533990572213,0.45870801006293693,0.7515929978278036,0.7467285781423882,0.7930534619876416,0.012454149598327255,0.07430790564037908,-0.05128562881892505,-0.018178283604199152,-0.042956136807974735,0.04440062587683784
21.990000000000002,0.35181043865158645,-0.1079160097590865,0.4588807794955975,0.7517166326487585,0.7474695111364542,0.7925428231942282,0.012273038314660287,0.0738788680834633,-0.050842384062695256,-0.0180440503583944,-0.0428511904350892,0.04424810666924016
22.0,0.35198988884902643,-0.10789667017937965,0.4590532734982629,0.7518384630608131,0.7482061590206205,0.7920366092006291,0.012093267045628355,0.07345088549038667,-0.050400671027405676,-0.0179102807714957,-0.04274514644743002,0.04409428489955969
22.01,0.35216805985577937,-0.10787732161299224,0.45922548932036017,0.7519585024409221,0.7489385323991683,0.7915348046248258,0.01191483115183085,0.07302396876516137,-0.049960502642466945,-0.01777697540428673,-0.04263801926429722,0.043939179799084224
22.02,0.35234495738024735,-0.10785796450913698,0.4593974242312251,0.7520767641196184,0.7496666419847028,0.7910373939564637,0.0117377259883024,0.07259812866784209,-0.04952189164529687,-0.0176441348086401,-0.04252982325677769,0.04378281053411194
22.03,0.35252058713314693,-0.10783859931979528,0.459569075520115,0.7521932613809551,0.7503904985966913,0.7905443615587846,0.011561946904608147,0.07217337581502527,-0.049084850581988235,-0.017511759527516543,-0.042420572747404184,0.04362519620550019
22.04,0.3526949548272647,-0.10781922649966103,0.45974044049623375,0.7523080074624579,0.7511101131600786,0.7900556916705058,0.011387489244922775,0.07174972068031663,-0.04864939180794241,-0.0173798500949535,-0.04231028200980888,0.0434663558482067
22.05,0.3528680661771927,-0.10779984650608543,0.45991151648873196,0.7524210155550636,0.7518254967038098,0.7895713684077565,0.01121434834812954,0.07132717359483763,-0.04821552748855135,-0.01724840703606368,-0.04219896526838369,0.043306308430839824
22.06,0.3530399268990866,-0.10778045979901968,0.4600823008467299,0.7525322988030761,0.7525366603594513,0.7890913757659456,0.011042519547901057,0.07090574474770636,-0.04778326959984555,-0.017117430867026398,-0.04208663669794246,0.04314507285521135
22.07,0.35321054271040586,-0.10776106684095799,0.4602527909393159,0.7526418703041065,0.7532436153597354,0.788615697621677,0.010871998172797081,0.07048544418655207,-0.047352629929183696,-0.016986922095087287,-0.04197331042338913,0.04298266795589748
22.080000000000002,0.35337991932967217,-0.10774166809687863,0.46042298415555954,0.7527497431090278,0.7539463730371712,0.7881443177346178,0.010702779546347482,0.0700662818179988,-0.04692362007591049,-0.016856881218547556,-0.04185900051937945,0.042819112499790854
22.09,0.35354806247622234,-0.10772226403418589,0.4605928779045181,0.7528559302219251,0.7546449448226428,0.7876772197493714,0.010534858987141968,0.06964826740817523,-0.04649625145203869,-0.016727308726761564,-0.041743721009996126,0.04265442518567041
22.1,0.35371497786995426,-0.10770285512264999,0.4607624696152315,0.7529604446000415,0.7553393422439697,0.7872143871973716,0.010368231808926725,0.06923141058323287,-0.04607053528294732,-0.016598205100134423,-0.04162748586842104,0.04248862464376808
22.11,0.3538806712310966,-0.1076834418343458,0.46093175673673487,0.7530632991537374,0.7560295769245626,0.7867558034987067,0.010202893325446608,0.06881572087772415,-0.04564648267750239,-0.016469539400035746,-0.041509993209782964,0.04232127138212538
22.12,0.35404514830306744,-0.10766402462639091,0.4611007367285458,0.7531645067652314,0.7567156607709481,0.7863014516899428,0.01003884429028819,0.06840126242806506,-0.045224183956608,-0.016340349254600418,-0.04138157626387763,0.042138342877168194
22.13,0.3542084149127094,-0.10764460389600367,0.46126940703593633,0.7532640803377181,0.7573976064656832,0.7858513137090347,0.00987608470742972,0.06798809174147756,-0.04480371839184946,-0.01621164898620938,-0.04125244260692845,0.041954642802700906
22.14,0.35437047690354306,-0.1076251800301643,0.4614377651175114,0.7533620327412207,0.7580754269220243,0.7854053711861131,0.009714609676728082,0.06757621592480505,-0.044385093619591066,-0.016083438868281858,-0.04112260428468027,0.0417701870148876
22.150000000000002,0.3545313401161083,-0.1076057534200251,0.4616058084532168,0.7534583767967501,0.7587491351237111,0.7849636056757255,0.009554414295345624,0.0671656419646687,-0.043968317117946965,-0.015955719165771143,-0.04099207329548803,0.04158499130663923
22.16,0.354691010387743,-0.10758632446081728,0.461773534544304,0.7535531252762745,0.759418744123744,0.784525998658432,0.009395493657838377,0.06675637672794356,-0.043553396207420894,-0.015828490135163756,-0.04086086159004221,0.041399071407255524
22.17,0.3548494935523671,-0.10756689355175575,0.46194094091329707,0.7536462909026939,0.7600842670431884,0.7840925315423765,0.00923784285624131,0.06634842696224026,-0.0431403380515466,-0.015701752024481014,-0.040728981071102774,0.04121244298207802
22.18,0.3550067954402744,-0.10754746109594476,0.4621080251039633,0.7537378863498175,0.7607457170699985,0.783663185664846,0.009081456980150181,0.0659417992963807,-0.042729149657522926,-0.015575505073277963,-0.04059644359323304,0.04102512163214257
22.19,0.3551629218779205,-0.10752802750028306,0.462274784681278,0.7538279242423392,0.7614031074578275,0.7832379422938328,0.008926331116806829,0.06553650024088074,-0.04231983787685914,-0.015449749512643284,-0.04046326096253494,0.04083712289383418
22.2,0.35531787868771003,-0.1075085931753691,0.4624412172313874,0.7539164171558133,0.7620564515248405,0.7828167826295916,0.008772460351185488,0.065132536188442,-0.04191240940602822,-0.015324485565201683,-0.04032944493639084,0.04064846223855019
22.21,0.3554716716877906,-0.10748915853540653,0.4626073203615713,0.7540033776166317,0.7627057626525392,0.7823996878061877,0.008619839766077055,0.06472991341443741,-0.04150687078711667,-0.015199713445113365,-0.04019500722320333,0.04045915507236093
22.22,0.3556243066918472,-0.10746972399811011,0.4627730917002078,0.7540888181020055,0.7633510542845979,0.7819866388930318,0.008468464442172237,0.06432863807739887,-0.04110322840847558,-0.015075433358073622,-0.04005995948213821,0.04026921673567442
22.23,0.3557757895088978,-0.10745028998461076,0.46293852889673487,0.7541727510399421,0.7639923399256999,0.7815776168964141,0.00831832945814648,0.06392871621951539,-0.04070148850538143,-0.014951645501315506,-0.03992431332287427,0.04007866250291019
22.240000000000002,0.3559261259430856,-0.10743085691936155,0.46310362962160456,0.7542551888092243,0.7646296331403545,0.7811726027610448,0.008169429890747783,0.0635301537671293,-0.04030165716070237,-0.014828350063609795,-0.03978808030534908,0.039887507582167456
22.25,0.3560753217934848,-0.1074114252300431,0.4632683915662506,0.7543361437393953,0.7652629475517737,0.7807715773715537,0.008021760814876058,0.06313295653123142,-0.03990374030555366,-0.014705547225266066,-0.03965127193951336,0.03969576711490519
22.26,0.3562233828538963,-0.10739199534747046,0.4634328124430417,0.7544156281107378,0.7658922968407025,0.7803745215540174,0.007875317303670455,0.06273713020796139,-0.03950774371996936,-0.014583237158132712,-0.03951389968508161,0.039503456175616666
22.27,0.35637031491264715,-0.10737256770549919,0.46359688998523607,0.7544936541542564,0.7665176947442641,0.7799814160774713,0.0077300944285963675,0.06234268037912052,-0.03911367303358138,-0.01446142002560139,-0.03937597495129314,0.03931058977151815
22.28,0.3565161237523985,-0.10735314274093077,0.4637606219469419,0.7545702340516629,0.7671391550548363,0.7795922416554003,0.007586087259526247,0.06194961251266742,-0.03872153372628354,-0.014340095982605142,-0.0392375090966675,0.03911718284222977
22.29,0.35666081514994974,-0.10733372089342064,0.46392400610307394,0.7546453799353614,0.7677566916189176,0.7792069789472309,0.007443290864823773,0.061557931963226634,-0.038331331128908595,-0.014219265175620124,-0.03909851342876664,0.038923250259465525
22.3,0.35680439487604126,-0.10731430260538388,0.46408704024930086,0.7547191038884307,0.7683703183359761,0.7788256085598311,0.007301700311432753,0.06116764397260905,-0.03794307042391966,-0.014098927742669926,-0.038958999203961606,0.03872880682672941
22.31,0.35694686869516656,-0.10729488832190331,0.4642497222020042,0.7547914179446132,0.7689800491573434,0.7784481110489789,0.00716131066495736,0.06077875367031439,-0.03755675664608268,-0.013979083813324184,-0.038818977627196105,0.038533867279006886
22.32,0.3570882423653795,-0.10727547849063634,0.46441204979822975,0.7548623340883012,0.7695858980850857,0.7780744669208408,0.007022116989748702,0.060391266074053,-0.03717239468315902,-0.013859733508702433,-0.03867845985175816,0.03833844628246747
22.330000000000002,0.35722852163810415,-0.10725607356172351,0.4645740208956346,0.7549318642545232,0.770187879170879,0.7777046566334447,0.006884114348991021,0.06000518609026497,-0.036789989276598385,-0.013740876941476172,-0.038537456979051296,0.03814255843416653
22.34,0.35736771225795355,-0.1072366739876951,0.4647356333724466,0.7550000203289361,0.7707860065149283,0.7773386605981203,0.006747297804780058,0.05962051851462784,-0.03640954502221661,-0.013622514215867618,-0.03839598005836588,0.037946218261747225
22.35,0.3575058199625362,-0.107217280223381,0.46489688512740623,0.7550668141478111,0.77138029426483,0.7769764591809734,0.00661166241821448,0.05923726803259421,-0.03603106637090873,-0.013504645427656317,-0.03825404008666083,0.03774944022315595
22.36,0.35764285048227673,-0.10719789272581914,0.4650577740797189,0.7551322574980263,0.7719707566144873,0.7766180327043221,0.006477203249477426,0.05885543921991182,-0.03565455762934102,-0.01338727066418042,-0.038111648008342186,0.03755223870635434
22.37,0.3577788095402332,-0.10717851195416317,0.4652182981690042,0.7551963621170577,0.7725574078030233,0.7762633614481298,0.0063439153579185345,0.05847503654313975,-0.035280022960644045,-0.013270390004335587,-0.03796881471504031,0.03735462802902826
22.38,0.35791370285191443,-0.10715913836959423,0.4653784553552418,0.7552591396929708,0.773140262113676,0.7759124256514489,0.006211793802142593,0.05809606436019246,-0.03490746638513002,-0.013154003518582561,-0.037825551045401404,0.03715662243831681
22.39,0.3580475361250993,-0.1071397724352296,0.46553824361871676,0.7553206018644131,0.7737193338727184,0.77556520551384,0.006080833640092119,0.057718526920861934,-0.03453689178099316,-0.013038111268946759,-0.03768186778486983,0.03695823611052849
22.400000000000002,0.3581803150596629,-0.10712041461603278,0.46569766095997,0.7553807602206095,0.7742946374483896,0.775221681196787,0.005951029929130632,0.05734242836735228,-0.034168302885018334,-0.012922713309022043,-0.03753777566548028,0.03675948315087075
22.41,0.3583120453473957,-0.10710106537872488,0.4658567053997391,0.7554396263013551,0.774866187249809,0.7748818328251127,0.005822377726128807,0.05696777273481674,-0.03380170329329711,-0.012807809683973898,-0.03739328536564987,0.03656037759317889
22.42,0.3584427326718351,-0.10708172519169529,0.4660153749789098,0.7554972115970136,0.775433997725931,0.7745456404883703,0.005694872087544603,0.056594563951885855,-0.03343709646193241,-0.01269340043054,-0.03724840750997038,0.036360933399645703
22.43,0.3585723827080807,-0.10706239452491462,0.46617366775844693,0.7555535275485084,0.7759980833644368,0.7742130842422656,0.0055685080695164904,0.05622280584122706,-0.033074485707779266,-0.01257948557703906,-0.03710315266901178,0.036161164460565894
22.44,0.35870100112263553,-0.10704307384984446,0.46633158181935364,0.7556085855473254,0.776558458690732,0.7738841441100144,0.005443280727936766,0.05585250212006222,-0.03271387420913753,-0.012466065143367731,-0.03695753135911638,0.03596108459406752
22.45,0.3588285935732272,-0.10702376363935273,0.46648911526260295,0.755662396935508,0.7771151382668577,0.7735588000837464,0.005319185118543377,0.05548365640072769,-0.03235526500649437,-0.012353139141008575,-0.036811554042205694,0.0357607075458613
22.46,0.35895516570864133,-0.10700446436762467,0.4666462662090844,0.7557149730056557,0.7776681366904576,0.7732370321258714,0.005196216297001072,0.05511627219121162,-0.03199866100324138,-0.012240707573031358,-0.03666523112558371,0.03556004698898381
22.47,0.35908072316855566,-0.106985176510078,0.4668030327995446,0.7557663250009261,0.7782174685937381,0.7729188201704462,0.005074369318985441,0.054750352895701695,-0.03164406496640291,-0.012128770434097005,-0.03651857296174504,0.03535911652354832
22.48,0.3592052715833734,-0.10696590054327615,0.46695941319452966,0.7558164641150329,0.7787631486424309,0.7726041441245368,0.004953639240267565,0.054385901815136535,-0.031291479527368334,-0.012017327710462213,-0.036371589848187114,0.03515792967650006
22.490000000000002,0.3593288165740583,-0.10694663694484302,0.46711540557432296,0.7558654014922488,0.7793051915347623,0.7722929838695699,0.0048340211167981866,0.0540229221477569,-0.030940907182625342,-0.011906379379983475,-0.036224292027223375,0.03495649990137346
22.5,0.3594513637519723,-0.10692738619337944,0.4672710081388872,0.7559131482274071,0.7798436120004284,0.7719853192626807,0.004715510004791581,0.053661416989654605,-0.030592350294493517,-0.011795925412119624,-0.03607668968579631,0.034754840578048764
22.51,0.3595729187187142,-0.10690814876837784,0.4674262191078023,0.7559597153659047,0.7803784247995784,0.7716811301380474,0.0045981009608093894,0.05330138933533164,-0.030245811091863677,-0.011685965767937921,-0.03592879295529979,0.034552965012521
22.52,0.35969348706596127,-0.10688892515013865,0.4675810367202064,0.7560051139037066,0.7809096447218042,0.7713803963082227,0.004481789041843885,0.05294284207825323,-0.02990129167093548,-0.011576500400117287,-0.035780611911398794,0.03435088643666519
22.53,0.35981307437530735,-0.10686971581968885,0.46773545923473003,0.7560493547873499,0.7814372865851209,0.7710830975654617,0.004366569305404135,0.052585778011409956,-0.029558793995965275,-0.011467529252953577,-0.03563215657385292,0.03414861800800753
22.54,0.3599316862181114,-0.10685052125869698,0.46788948492944077,0.7560924489139498,0.7819613652349847,0.7707892136830274,0.00425243680959592,0.052230199827870936,-0.02921831990000136,-0.011359052262362739,-0.03548343690634291,0.033946172809499034
22.55,0.3600493281553379,-0.10683134194939481,0.4680431121017744,0.7561344071312065,0.7824818955432805,0.7704987244165079,0.0041393866132086775,0.051876110121351564,-0.028879871085638744,-0.011251069355887018,-0.035334462816300705,0.03374356384929504
22.56,0.3601660057374032,-0.10681217837449353,0.46819633906847385,0.7561752402374107,0.7829988924073314,0.7702116095051174,0.004027413775799194,0.051523511386776216,-0.028543449125767888,-0.011143580452699548,-0.03518524415474053,0.03354080406053578
22.57,0.3602817245040262,-0.10679303101710391,0.46834916416552763,0.7562149589814539,0.7835123707489255,0.7699278486729818,0.0039165133577728,0.05117240602083924,-0.028209055464320093,-0.011036585463608558,-0.03503579071609379,0.03333790630113122
22.580000000000002,0.360396489984073,-0.10677390036065754,0.4685015857481025,0.7562535740628353,0.7840223455133203,0.769647421630435,0.0038066804204704464,0.0508227963225781,-0.02787669141702942,-0.010930084291063973,-0.03488611223804634,0.03313488335355058
22.59,0.36051030769541126,-0.10675478688882661,0.4686536021904829,0.7562910961316732,0.7845288316682828,0.7693703080752877,0.003697910026249223,0.05047468449393603,-0.02754635817218065,-0.010824076829161464,-0.03473621840137853,0.032931747924613466
22.6,0.3606231831447625,-0.10673569108544584,0.46880521188600716,0.7563275357887151,0.785031844203125,0.769096487694098,0.0035901972385652767,0.05012807264032786,-0.027218056791364107,-0.010718562963646368,-0.0345861188298045,0.03272851264528169
22.61,0.36073512183439754,-0.10671661342763972,0.46895641324320325,0.7563629035893346,0.785531398193937,0.7688259400649438,0.003483538751318211,0.049782989836973775,-0.02689182846944279,-0.010613099247954639,-0.03442845844043081,0.03251423545523717
22.62,0.3608461293177623,-0.10669755433046446,0.46910720465492706,0.756397210076001,0.7860275093418391,0.7685586438566642,0.0033779337824733145,0.0494395069733552,-0.026567776614993384,-0.010507978938429672,-0.03426812059217814,0.03229617848567522
22.63,0.3609562111688815,-0.10667851417717134,0.4692575845153254,0.756430465760554,0.7865201936773394,0.7682945772684217,0.003273377484667516,0.04909762728705415,-0.026245904023766014,-0.010403364993112167,-0.03410782416487365,0.03207838430263962
22.64,0.36106537294816243,-0.10665949335294839,0.46940755123866373,0.7564626811043903,0.7870094672300161,0.7680337185208752,0.003169864795680058,0.04875735032829562,-0.02592620802323728,-0.0102992571266716,-0.033947576264261106,0.03186086182810211
22.650000000000002,0.36117362020194776,-0.10664049224513916,0.4695571032594219,0.756493866518299,0.7874953460246034,0.7677760458618493,0.003067390656180318,0.04841867557648032,-0.02560868585196734,-0.010195655046069818,-0.03378738394845948,0.03164361992236167
22.66,0.3612809584623949,-0.10662151124313723,0.4697062390321993,0.7565240323624906,0.7879778460802725,0.7675215375672281,0.00296595000980763,0.04808160244067073,-0.025293334660225923,-0.010092558450572341,-0.0336272542278622,0.031426667383920526
22.67,0.3613873932473637,-0.10660255073827923,0.4698549570316269,0.7565531889466275,0.7884569834099423,0.7672701719418277,0.00286553780324564,0.04774613026005812,-0.024980151510602084,-0.009989967031753288,-0.03346719406502728,0.031210012949348463
22.68,0.36149293006029815,-0.1065836111237391,0.4700032557522707,0.7565813465298539,0.7889327740195652,0.7670219273202805,0.002766148986302994,0.047412258304456015,-0.024669133378636812,-0.009887880473508658,-0.03330721037458378,0.03099366529316813
22.69,0.36159757439011775,-0.10656469279442504,0.47015113370854683,0.7566085153208286,0.7894052339074582,0.7667767820678899,0.0026677785119854232,0.04707998577476521,-0.02436027715342988,-0.009786298452060516,-0.03314731002312554,0.030777633027723458
22.7,0.36170133171110286,-0.1065457961468752,0.47029858943462505,0.7566347054777562,0.789874379063597,0.7665347145815018,0.0025704213365762636,0.046749311803463464,-0.02405357963827259,-0.009685220635968168,-0.03298749982911651,0.03056192470306402
22.71,0.3618042074827858,-0.10652692157915711,0.47044562148434077,0.7566599271084216,0.7903402254689461,0.7662957032903539,0.002474072419710761,0.046420235455084856,-0.023749037551266332,-0.009584646686136811,-0.03282778656279686,0.03034654880682896
22.72,0.3619062071498411,-0.10650806949076619,0.47059222843110227,0.7566841902702222,0.7908027890947739,0.7660597266569277,0.0023787267244540534,0.04609275572670262,-0.023446647525949868,-0.009484576255826114,-0.03266817694608801,0.03013151376413061
22.73,0.36200733614197833,-0.10648924028252704,0.4707384088678019,0.756707504970204,0.7912620859019859,0.765826763177789,0.0022843792173765933,0.045766871548414474,-0.023146406111924193,-0.009385008990660299,-0.03250867765250397,0.029916827937445985
22.740000000000002,0.3621075998738372,-0.10647043435649373,0.47088416140672584,0.7567298811650971,0.7917181318404621,0.7655967913844213,0.0021910248686294836,0.04544258178382028,-0.02284830977547485,-0.009285944528635015,-0.032349295307059184,0.029702499626502503
22.75,0.36220700374487697,-0.10645165211585444,0.4710294846794582,0.7567513287613501,0.7921709428483736,0.7653697898440665,0.002098658652024706,0.045119885230519456,-0.022552354900211912,-0.009187382500130105,-0.03219003648618572,0.02948853706817836
22.76,0.3623055531392807,-0.10643289396483324,0.4711743773368005,0.7567718576151695,0.7926205348515575,0.7651457371605321,0.00200727554510508,0.044798780620583185,-0.022258537787682418,-0.009089322527915467,-0.03203090771764568,0.029274948436393257
22.77,0.36240325342584434,-0.1064141603085979,0.47131883804866975,0.7567914775325553,0.7930669237628267,0.7649246119750278,0.0019168705292273887,0.0444792666210565,-0.02196685465801905,-0.00899176422716429,-0.031871915480452,0.02906174184201337
22.78,0.36250010995788334,-0.10639545155316305,0.47146286550402167,0.7568101982693413,0.7935101254813639,0.7647063929669548,0.0018274385896304682,0.044161341834429504,-0.021677301650550502,-0.008894707205458575,-0.031713066204784174,0.028848925332746547
22.79,0.3625961280731232,-0.10637676810530022,0.47160645841074433,0.7568280295312324,0.7939501558920267,0.7644910588547369,0.0017389747155206175,0.04384500479914675,-0.021389874824458924,-0.008798151062804157,-0.031554366271916115,0.02863650689305594
22.8,0.36269131309361213,-0.10635811037244436,0.47174961549558825,0.7568449809738467,0.7943870308647707,0.7642785883965887,0.0016514739001359988,0.04353025399007049,-0.021104570159382035,-0.008702095391633684,-0.031395822014131214,0.028424494444054683
22.81,0.36278567032561326,-0.10633947876260563,0.47189233550406046,0.756861062202755,0.7948207662539637,0.7640689603913337,0.0015649311408321707,0.04321708781899613,-0.02082138355607486,-0.008606539776823572,-0.031237439714658567,0.028212895843429543
22.82,0.36287920505951277,-0.10632087368427795,0.4720346172003418,0.7568762827735217,0.7952513778977811,0.7638621536791778,0.001479341439153118,0.042905504635130556,-0.020540310837031357,-0.008511483795700513,-0.0310792256075958,0.02800171888534637
22.830000000000002,0.36297192256972616,-0.10630229554635234,0.472176459367201,0.7568906521917489,0.7956788816175876,0.7636581471424874,0.001394699800905748,0.04259550272558112,-0.02026134774711722,-0.008416927018050979,-0.030921185877838486,0.02779097130036405
22.84,0.3630638281146006,-0.10628374475803037,0.4723178608058983,0.7569041799131179,0.7961032932172999,0.7634569197065699,0.0013110012362386545,0.04228708031585816,-0.01998448995421663,-0.008322869006134466,-0.03076332666101694,0.02758066075535867
22.85,0.36315492693632606,-0.10626522172873737,0.47245882033610503,0.7569168753434338,0.7965246284827943,0.7632584503404317,0.0012282407597135716,0.04198023557035688,-0.019709733049858198,-0.00822930931469082,-0.03060565404342694,0.02737079485343821
22.86,0.36324522426084027,-0.10624672686803832,0.4725993367958078,0.7569287478386691,0.7969429031812771,0.7630627180575483,0.0011464133903843633,0.04167496659286239,-0.019437072549864615,-0.008136247490954047,-0.030448174061970652,0.027161381133872547
22.87,0.3633347252977404,-0.10622826058555479,0.47273940904122347,0.7569398067050103,0.7973581330606921,0.7628697019166115,0.0010655141518697913,0.04137127142703584,-0.019166503894983988,-0.008043683074660527,-0.03029089270409209,0.026952427072014472
22.88,0.3634234352401983,-0.10620982329088174,0.4728790359467182,0.7569500611989028,0.7977703338491409,0.7626793810222702,0.0009855380724251193,0.04106914805690393,-0.018898022451521307,-0.00795161559805878,-0.030133815907717788,0.026743940079227636
22.89,0.36351135926486183,-0.1061914153935073,0.47301821640470393,0.7569595205270984,0.7981795212542399,0.7624917345258926,0.0009064801850259923,0.040768594407375854,-0.018631623512003703,-0.007860044585925968,-0.02997694956120693,0.02653592750282856
22.900000000000002,0.3635985025317808,-0.10617303730273236,0.47315694932556773,0.7569681938467022,0.7985857109625863,0.7623067416262768,0.0008283355274328508,0.04046960834471215,-0.0183673022957917,-0.007768969555571557,-0.029820299503286893,0.026328396626006643
22.91,0.36368487018431045,-0.10615468942759121,0.47329523363756953,0.7569760902652213,0.798988918639126,0.7621243815704005,0.0007510991422745301,0.04017218767704453,-0.018105053949746548,-0.0076783900168548,-0.0296638715230094,0.026121354667773728
22.92,0.3637704673490363,-0.1061363721767748,0.473433068286769,0.7569832188406137,0.7993891599266147,0.7619446336541252,0.0006747660771154404,0.03987633015485795,-0.017844873548853054,-0.007588305472192355,-0.029507671359696133,0.02591480878289776
22.93,0.36385529913568654,-0.10611808595855232,0.47357045223693045,0.7569895885813382,0.7997864504450234,0.7617674772229204,0.0005993313845335027,0.039582033471491286,-0.017586756096870007,-0.007498715416569949,-0.02935170470288962,0.025708766061844468
22.94,0.36393937063705084,-0.10609983118069782,0.4737073844694383,0.7569952084464046,0.8001808057909716,0.761592891672572,0.0005247901221940751,0.03928929526363909,-0.017330696526974478,-0.007409619337555385,-0.029195977192310135,0.025503233530726647
22.95,0.3640226869288987,-0.10608160825041468,0.4738438639832092,0.7570000873454251,0.8005722415371591,0.7614208564498872,0.0004511373529250365,0.03899811311185103,-0.017076689702407704,-0.007321016715310292,-0.02904049441781223,0.02529821815125232
22.96,0.3641052530699026,-0.10606341757426169,0.47397988979461114,0.7570042341386664,0.8009607732318196,0.7612513510533846,0.00037836814478830306,0.038708484541023463,-0.016824730417111914,-0.007232907022599881,-0.02888526191933964,0.02509372682067116
22.97,0.36418707410155704,-0.10604525955808208,0.47411546093737056,0.7570076576371021,0.8013464163981521,0.76108435503399,0.0003064775711563104,0.038420407020906454,-0.016574813396382993,-0.007145289724807018,-0.02873028518688915,0.024889766371732604
22.98,0.36426815504810484,-0.10602713460693158,0.47425057646249735,0.7570103666024665,0.8017291865337927,0.7609198479957114,0.0002354607107822776,0.03813387796659543,-0.016326933297506056,-0.007058164279942207,-0.028575569660470555,0.024686343572638294
22.990000000000002,0.3643485009164574,-0.1060090431250088,0.4743852354381895,0.7570123697473086,0.8021090991102469,0.7607578095963261,0.00016531264787788017,0.037848894739037804,-0.016081084710411093,-0.006971530138657146,-0.0284211207300726,0.02448346512700295
23.0,0.3644281166961214,-0.10599098551558622,0.4745194369497529,0.7570136757350474,0.802486169572363,0.7605982195480445,9.60284721847345e-05,0.03756545464553348,-0.01583726215831543,-0.00688538674425756,-0.0282669437356321,0.02428113767381856
23.01,0.3645070073591252,-0.10597296218094299,0.4746531800995161,0.757014293180027,0.802860413337793,0.7604410576181776,2.7603279048621612e-05,0.03728355494023231,-0.015595460098370277,-0.006799733532714238,-0.028113043966999488,0.0240793677874146
23.02,0.36458517785994643,-0.10595497352229677,0.47478646400674684,0.7570142306475729,0.80323184579647,0.7602863036297912,-3.9967830508273215e-05,0.03700319282463724,-0.015355672922306501,-0.006714569932676587,-0.02795942666391281,0.0238781619774285
23.03,0.364662633135443,-0.10593701993973936,0.4749192878075722,0.7570134966540505,0.8036004823100903,0.7601339374623541,-0.00010668974971553299,0.03672436544809718,-0.0151178949570758,-0.006629895365482611,-0.027806097015966244,0.023677526688768893
23.04,0.3647393781047761,-0.10591910183217196,0.47505165065488336,0.7570120996669212,0.8039663382115652,0.7599839390523951,-0.0001725673659759421,0.0364470699083284,-0.01488212046551645,-0.0065457092451775105,-0.027653060162594688,0.02347746830160112
23.05,0.3648154176693481,-0.10590121959724158,0.47518355171826443,0.7570100481048018,0.8043294288045394,0.7598362883941272,-0.0002376055607985758,0.036171303251894334,-0.014648343646980875,-0.006462010978520148,-0.02750032119304131,0.02327799313130813
23.06,0.3648907567127316,-0.10588337363127848,0.475314990183904,0.7570073503375241,0.8046897693628684,0.7596909655400852,-0.00030180920972346304,0.03589706247472092,-0.014416558637993772,-0.006378799965000291,-0.027347885146344397,0.023079107428478386
23.07,0.3649654001006043,-0.10586556432923466,0.4754459652545164,0.7570040146861947,0.8050473751301211,0.7595479506017482,-0.00036518318225029693,0.035624344522590286,-0.014186759512894184,-0.0062960755968490805,-0.027195757011314284,0.022880817378879887
23.080000000000002,0.36503935268067955,-0.10584779208462414,0.4755764761492518,0.7570000494232552,0.8054022613190643,0.7594072237501643,-0.0004277323417627094,0.03535314629165368,-0.01395894028449406,-0.006213837259055382,-0.027043941726522615,0.022683129103450498
23.09,0.36511261928264577,-0.10583005728946371,0.4757065221036219,0.7569954627725447,0.8057544431111875,0.7592687652165561,-0.0004894615454593521,0.035083464628925594,-0.013733094904716872,-0.006132084329377054,-0.026892444180285153,0.02248604865827957
23.1,0.36518520471810034,-0.10581236033421415,0.47583610236941376,0.7569902629093616,0.8061039356562018,0.7591325552929298,-0.0005503756442795691,0.03481529633278812,-0.013509217265250695,-0.006050816178354679,-0.026741269210649555,0.022289582034596335
23.11,0.3652571137804906,-0.1057947016077238,0.47596521621461385,0.7569844579605259,0.8064507540715719,0.7589985743326695,-0.0006104794828339924,0.0345486381534923,-0.013287301198191324,-0.0059700321693254114,-0.026590421605387583,0.02209373515876309
23.12,0.365328351245047,-0.10577708149717208,0.47609386292331807,0.7569780560044443,0.80679491344201,0.75886680275114,-0.0006697778993276544,0.03428348679366823,-0.013067340476703052,-0.005889731658438292,-0.026439906101988223,0.021898513892271123
23.13,0.36539892186872935,-0.1057595003880148,0.4762220417956613,0.7569710650711732,0.8071364288190326,0.7587372210262614,-0.0007282757254937171,0.03401983890881704,-0.0128493288156527,-0.005809913994665662,-0.026289727387649817,0.021703924031733327
23.14,0.36546883039016287,-0.10574195866392949,0.47634975214772934,0.7569634931424842,0.8074753152204697,0.7586098096990957,-0.0007859777865179433,0.03375769110782336,-0.012633259872269426,-0.005730578519819798,-0.026139890099279844,0.021509971308888706
23.150000000000002,0.36553808152958356,-0.10572445670676262,0.4764769933114845,0.7569553481519308,0.8078115876300141,0.7584845493744174,-0.0008428889009691926,0.033497039953451345,-0.012419127246786834,-0.005651724568565189,-0.025990398823491676,0.02131666139060071
23.16,0.36560667998877877,-0.1057069948964785,0.4766037646346819,0.7569466379849132,0.8081452609967543,0.7583614207212819,-0.0008990138807267659,0.033237881962852475,-0.012206924483096047,-0.0055733514684343875,-0.025841258096607072,0.021123999878865256
23.17,0.3656746304510344,-0.10568957361110654,0.47673006548079405,0.7569373704787473,0.8084763502347296,0.7582404044735825,-0.0009543575309105968,0.032980213608063476,-0.011996645069389633,-0.005495458539841118,-0.025692472404657853,0.02093199231081558
23.18,0.36574193758107587,-0.10567219322669358,0.47685589522892646,0.7569275534227318,0.8088048702224676,0.7581214814306099,-0.0010089246498077226,0.0327240313165166,-0.011788282438817707,-0.005418045096097044,-0.025544046183394065,0.020740644158737165
23.19,0.3658086060250188,-0.10565485411725278,0.476981253273744,0.7569171945582168,0.8091308358025519,0.7580046324575944,-0.001062720028803312,0.03246933147153726,-0.011581829970130558,-0.005341110443425191,-0.02539598381828987,0.02054996083007814
23.2,0.36587464041031587,-0.10563755665471619,0.47710613902539434,0.7569063015786732,0.8094542617811902,0.7578898384862454,-0.0011157484523109885,0.03221611041284148,-0.011377280988322636,-0.005264653880973365,-0.02524828964454974,0.020359947667461176
23.21,0.3659400453462429,-0.10562030120829197,0.47723055190909913,0.7568948821300149,0.8097751629333584,0.7577770805068872,-0.0011680144959269859,0.03196436892915404,-0.01117463550759037,-0.005188566883508281,-0.025098567573802695,0.020167007174755287
23.22,0.3660048254478401,-0.10560308811792551,0.4773544913507451,0.7568829438218249,0.8100935542507594,0.7576663391962011,-0.0012195208324087188,0.03171414997177741,-0.010973956836367354,-0.0051127810617618685,-0.02494531518472692,0.019968883191297502
23.23,0.3660689853446313,-0.10558591768460596,0.47747795677162885,0.7568704942314997,0.8104094510320677,0.7575575947816482,-0.0012702717287686662,0.03146546079651602,-0.0107752547182946,-0.005037478721846877,-0.02479261147774065,0.01977169684765009
23.240000000000002,0.3661325296482468,-0.10556879020605187,0.47760094760776023,0.75685754088928,0.8107228685476422,0.7574508275446079,-0.0013202720156941863,0.03121829590680151,-0.010578519767960972,-0.004962659036356639,-0.02464045839609823,0.01957544993880725
23.25,0.3661954629498302,-0.10555170597947577,0.47772346331129995,0.7568440912771416,0.8110338220127751,0.757346017860404,-0.0013695265155659923,0.03097264978681349,-0.010383742582223764,-0.004888321171528404,-0.024488857847121986,0.019380144216456837
23.26,0.36625778982001184,-0.10553466530151501,0.477845503350462,0.7568301528288781,0.8113423265874936,0.7572431461984822,-0.0014180400423933618,0.030728516901843236,-0.010190913740645905,-0.004814464287260599,-0.0243378117022301,0.019185781389020443
23.27,0.36631951480889235,-0.10551766846816207,0.4779670672094372,0.7568157329301844,0.8116483973764174,0.7571421931225673,-0.0014658174017585656,0.03048589169863368,-0.010000023805906078,-0.004741087537123956,-0.02418732179695553,0.018992363121680136
23.28,0.3663806424460048,-0.10550071577470255,0.478088154388275,0.756800838918743,0.8119520494285097,0.7570431392908497,-0.0015128633907424212,0.030244768605766095,-0.009811063324263633,-0.004668190068385138,-0.02403738993098605,0.018799891036435798
23.29,0.366441177240302,-0.10548380751564762,0.4782087644028077,0.7567854780843081,0.812253297736938,0.7569459654561358,-0.0015591827978681764,0.030005142033999524,-0.009624022825969525,-0.004595771022017905,-0.02388801786818558,0.018608366712134533
23.3,0.36650112368013277,-0.10546694398466994,0.47832889678456003,0.7567696576687912,0.8125521572389046,0.7568506524660025,-0.0016047804030400853,0.02976700637662836,-0.009438892825694734,-0.004523829532719693,-0.023739207336625663,0.018417791684514448
23.31,0.36656048623321635,-0.10545012547454302,0.47844855108064827,0.7567533848663488,0.812848642815442,0.7567571812629614,-0.0016496609774750968,0.02953035600985073,-0.009255663822976141,-0.004452364728930751,-0.023590960028621405,0.018228167446255085
23.32,0.36661926934662625,-0.1054333522770789,0.47856772685369625,0.7567366668234683,0.8131427692912689,0.7566655328846004,-0.0016938292836448275,0.02929518529311838,-0.009074326302635358,-0.004381375732849071,-0.023443277600763673,0.018039495447020448
23.330000000000002,0.36667747744677015,-0.10541662468306745,0.4786864236817463,0.7567195106390567,0.8134345514346183,0.7565756884637302,-0.0017372900752119851,0.029061488569493893,-0.008894870735211034,-0.0043108616604470695,-0.02329616167395282,0.017851777093506042
23.34,0.3667351149393674,-0.10539994298221911,0.47880464115816196,0.7567019233645292,0.8137240039570598,0.7564876292285297,-0.0017800480969657527,0.028829260166015225,-0.008717287577396175,-0.0042408216214907014,-0.02314961383343998,0.017665013749494318
23.35,0.36679218620943943,-0.10538330746310415,0.4789223788915552,0.7566839120038963,0.8140111415133787,0.7564013365026713,-0.001822108084765911,0.02859849439403458,-0.008541567272448234,-0.004171254719551746,-0.023003635628856177,0.017479206735894016
23.36,0.3668486956212821,-0.10536671841309997,0.4790396365056756,0.7566654835138567,0.8142959787013658,0.7563167917054694,-0.001863474765471959,0.028369185549601467,-0.008367700250645876,-0.004102160052032519,-0.022858228574265227,0.017294357330811725
23.37,0.36690464751846286,-0.10535017611833031,0.4791564136393518,0.7566466448038833,0.8145785300617353,0.7562339763519873,-0.001904152856892944,0.02814132791378358,-0.008195676929680743,-0.004033536710173529,-0.022713394148187536,0.017110466769582614
23.38,0.3669600462237913,-0.10533368086361689,0.4792727099463717,0.7566274027363195,0.8148588100778973,0.7561528720531852,-0.0019441470677126452,0.027914915753059946,-0.00802548771512577,-0.003965383779081375,-0.022569133793660618,0.016927536244852198
23.39,0.3670148960393175,-0.10531723293242079,0.47938852509542446,0.7566077641264656,0.815136833175882,0.756073460516018,-0.0019834620974399065,0.027689943319645718,-0.007857123000827488,-0.0038977003377383087,-0.02242544891826857,0.01674556690661456
23.400000000000002,0.3670692012463142,-0.10530083260679202,0.4795038587700053,0.7565877357426726,0.8154126137241753,0.7559957235435586,-0.0020221026363432164,0.027466404851853848,-0.007690573169343361,-0.0038304854590216356,-0.022282340894190313,0.01656455986227581
23.41,0.36712296610526124,-0.10528448016731984,0.4796187106683217,0.7565673243064368,0.8156861660335603,0.7559196430351136,-0.002060073365386566,0.027244294574461727,-0.007525828592378723,-0.003763738209725357,-0.02213981105825187,0.016384516176724196
23.42,0.36717619485583775,-0.10526817589308007,0.4797330805032185,0.7565465364924913,0.8159575043570064,0.7558452009863238,-0.0020973789561722833,0.0270236066990523,-0.007362879631199825,-0.003697457650574599,-0.021997860711968888,0.016205436872384384
23.43,0.36722889171691275,-0.10525192006158768,0.47984696800209536,0.7565253789288994,0.8162266428895437,0.7557723794892655,-0.0021340240708812345,0.026804335424366273,-0.007201716637056334,-0.003631642836243657,-0.021856491121594893,0.01602732292928122
23.44,0.3672810608865328,-0.10523571294874823,0.479960372906818,0.7565038581971504,0.8164935957681201,0.7557011607325522,-0.0021700133622096504,0.026586474936659308,-0.00704232995161225,-0.0035662928153753688,-0.02171570351817395,0.015850175285108244
23.45,0.36733270654191263,-0.10521955482881046,0.48007329497363516,0.7564819808322549,0.8167583770714809,0.7556315270014284,-0.0022053514733095633,0.026370019410056487,-0.006884709907368735,-0.003501406630600436,-0.021575499097594687,0.015673994835297834
23.46,0.3673838328394323,-0.10520344597432085,0.48018573397310604,0.7564597533228387,0.8170210008200683,0.7555634606778538,-0.0022400430377316127,0.026154963006891026,-0.006728846828075745,-0.0034369833185522187,-0.021435879020636282,0.01549878243308054
23.47,0.36743444391462204,-0.10518738665607913,0.48029768969000286,0.7564371821112417,0.8172814809758705,0.7554969442405974,-0.0022740926793596667,0.02594129987807403,-0.006574731029172042,-0.0033730219098907967,-0.021296844413032773,0.015324538889569247
23.48,0.36748454388216384,-0.10517137714309266,0.4804091619232455,0.7564142735936126,0.8175398314423429,0.7554319602653103,-0.0023075050123566895,0.02572902416342713,-0.006422352818188228,-0.003309521429316724,-0.021158396365520846,0.015151264973819132
23.490000000000002,0.3675341368358818,-0.10515541770253517,0.48052015048581254,0.7563910341200079,0.8177960660642816,0.755368491424607,-0.002340284641102357,0.025518129992041443,-0.006271702495176326,-0.0032464808955926143,-0.021020535933901196,0.014978961412907797
23.5,0.36758322684873934,-0.10513950859970378,0.48063065520466514,0.7563674699944887,0.8180501986277231,0.7553065204881365,-0.0023724361601345882,0.02530861148262342,-0.006122770353126241,-0.00318389932156124,-0.02088326413909562,0.014807628892008231
23.51,0.3676318179728352,-0.10512365009797775,0.4807406759206658,0.7563435874752206,0.8183022428598414,0.7552460303226518,-0.0024039641540903435,0.025100462743844,-0.005975546678384932,-0.003121775714164914,-0.020746581967207738,0.014637268054466393
23.52,0.36767991423939755,-0.1051078424587803,0.4808502124884963,0.7563193927745734,0.8185522124288367,0.755187003892076,-0.0024348731976447744,0.024893677874692932,-0.005830021751080657,-0.0030601090744666456,-0.020610490369587557,0.014467879501884254
23.53,0.3677275196587888,-0.10509208594153724,0.4809592647765887,0.7562948920592192,0.8188001209438659,0.7551294242575574,-0.0024651678554564673,0.024688250964812586,-0.005686185845526924,-0.002998898397665796,-0.020474990262887377,0.014299463794190285
23.54,0.36777463822049866,-0.10507638080363901,0.4810678326670406,0.756270091450234,0.8190459819549303,0.75507327457753,-0.0024948526821057335,0.024484176094856147,-0.005544029230649667,-0.0029381426731210354,-0.020340082529131786,0.014132021449729538
23.55,0.3678212738931478,-0.10506072730040483,0.48117591605554433,0.7562449970231985,0.8192898089528022,0.7550185381077622,-0.002523932222038594,0.024281447336825464,-0.005403542170394912,-0.002877840884367747,-0.0202057680157793,0.01396555294534111
23.56,0.36786743062448457,-0.10504512568504604,0.48128351485130066,0.7562196148083002,0.8195316153689204,0.7549651982014082,-0.002552411009505571,0.02408005875442524,-0.005264714924152981,-0.0028179920091404177,-0.02007204753579337,0.013800058716449118
23.57,0.3679131123413909,-0.1050295762086288,0.4813906289769554,0.756193950790435,0.8197714145753323,0.7549132383090472,-0.0025802935685074464,0.023880004403398356,-0.005127537747161352,-0.002758595019390164,-0.019938921867706384,0.013635539157142976
23.580000000000002,0.3679583229498792,-0.10501407912004262,0.4814972583685106,0.7561680109093114,0.820009219884589,0.7548626419787284,-0.0026075844127331654,0.023681278331880027,-0.004992000890930121,-0.0026996488813076846,-0.01980639175569355,0.013471994620271982
23.59,0.36800306633510227,-0.10499863466596382,0.4816034029752651,0.756141801059551,0.8202450445497037,0.7548133928559988,-0.002634288045507664,0.023483874580727773,-0.004858094603638263,-0.0026411525553399814,-0.019674457909638052,0.013309425417526215
23.6,0.3680473463613512,-0.10498324309082452,0.48170906275972686,0.7561153270907955,0.8204789017640504,0.7547654746839415,-0.0026604089597297774,0.023287787183878278,-0.004725809130559848,-0.0025831049962149214,-0.01954312100521008,0.013147831819537686
23.61,0.36809116687206467,-0.10496790463677969,0.48181423769755066,0.756088594807809,0.8207108046613212,0.7547188713031975,-0.0026859516378189177,0.02309301016867631,-0.004595134714461556,-0.00252550515295817,-0.019412381683934086,0.012987214055963831
23.62,0.36813453168982924,-0.1049526195436774,0.4819189277774507,0.7560616099705858,0.8209407663154314,0.7546735666519938,-0.0027109205516532885,0.02289953755622831,-0.004466061596026517,-0.0024683519689174776,-0.019282240553269527,0.012827572315590343
23.63,0.3681774446163949,-0.10493738804902641,0.4820231330011508,0.7560343782944511,0.8211687997405072,0.7546295447661543,-0.002735320162521014,0.022707363361725994,-0.004338580014240633,-0.00241164438177923,-0.019152698186679442,0.01266890674641625
23.64,0.36821990943266925,-0.10492221038797017,0.48212685338328176,0.7560069054501749,0.8213949178907616,0.754586789779127,-0.002759154921053177,0.022516481594810945,-0.0042126802068304554,-0.002355381323596289,-0.019023755123720707,0.01251121745576838
23.650000000000002,0.3682619298987396,-0.104907086793254,0.482230088951341,0.7559791970640704,0.8216191336605091,0.7545452859219804,-0.002782429267178009,0.022326886259884413,-0.00408835241063736,-0.0022995617208013018,-0.018895411870107758,0.012354504510379968
23.66,0.3683035097538719,-0.10489201749520083,0.4823328397456008,0.7559512587181072,0.821841459884068,0.7545050175234216,-0.0028051476300576974,0.02213857135646593,-0.003965586862045196,-0.0022441844942339075,-0.018767668897803545,0.012198767936505935
23.67,0.3683446527165233,-0.10487700272168277,0.4824351058190432,0.7559230959500178,0.8220619093357261,0.7544659690097935,-0.0028273144280347665,0.021951530879526004,-0.0038443737973785147,-0.002189248559161119,-0.018640526645099548,0.012044007720022312
23.68,0.3683853624843554,-0.10486204269809474,0.4825368872372978,0.755894714253404,0.8222804947297115,0.754428124905073,-0.0028489340685781536,0.021765758819814317,-0.003724703453299165,-0.002134752825296719,-0.018513985516693695,0.01189022380652356
23.69,0.36842564273424333,-0.10484713764732934,0.4826381840785643,0.755866119077848,0.8224972287201371,0.7543914698308676,-0.0028700109482260503,0.021581249164203405,-0.0036065660672153655,-0.002080696196825576,-0.018388045883779458,0.011737416101434238
23.7,0.36846549712228577,-0.10483228778975301,0.4827389964335415,0.7558373158290225,0.8227121239009557,0.7543559885064067,-0.0028905494525291405,0.021397995896023717,-0.0034899518776860643,-0.002027077572425695,-0.018262708084131093,0.011585584470115503
23.71,0.36850492928382217,-0.10481749334318086,0.4828393244053688,0.7558083098687992,0.8229251928059474,0.7543216657485255,-0.0029105539559990366,0.021215992995392195,-0.0033748511248123756,-0.0019738958452891813,-0.018137972422188342,0.011434728737970471
23.72,0.36854394283344455,-0.1048027545228542,0.4829391681095522,0.7557791065153595,0.8231364479086786,0.7542884864716486,-0.0029300288220519676,0.02103523443954724,-0.003261254050640465,-0.0019211499031450878,-0.018013839169145864,0.011284848690555335
23.73,0.36858254136501145,-0.10478807154141817,0.48303852767389804,0.755749711043307,0.8233459016224729,0.754256435687769,-0.002948978402953906,0.02085571420318168,-0.0031491508995605414,-0.0018688386282823346,-0.017890308563042606,0.011135944073691407
23.740000000000002,0.36862072845166294,-0.1047734446089007,0.48313740323844273,0.7557201286837795,0.8235535663003828,0.7542254985064236,-0.0029674070397654683,0.020677426258776093,-0.0030385319187061547,-0.0018169608975730257,-0.017767380808854226,0.010988014593579858
23.75,0.3686585076458405,-0.1047588739326894,0.4832357949553988,0.7556903646245577,0.823759454235192,0.7541956601346601,-0.0029853190622916616,0.020500364576920452,-0.002929387358338922,-0.0017655155824930107,-0.017645056078581182,0.01084105991691043
23.76,0.3686958824792974,-0.10474435971751478,0.48333370298906975,0.7556604240101851,0.8239635776593595,0.7541669058770096,-0.0030027187890215826,0.020324523126657314,-0.002821707472261319,-0.0017145015491487948,-0.01752333451134852,0.010695079670986927
23.77,0.36873285646312437,-0.10472990216542727,0.48343112751580847,0.7556303119420721,0.8241659487450539,0.7541392211354424,-0.0030196105270830897,0.02014989587579312,-0.0027154825181869564,-0.0016639176582961504,-0.017402216213492847,0.010550073443833519
23.78,0.36876943308776144,-0.10471550147578024,0.4835280687239327,0.755600033478618,0.8243665796041002,0.7541125914093325,-0.003035998572181754,0.01997647679123885,-0.002610702758153062,-0.0016137627653670505,-0.017281701258664225,0.01040604078432237
23.79,0.36880561582301924,-0.1047011578452125,0.4836245268136672,0.7555695936353228,0.8245654822879881,0.7540870022954106,-0.0030518872085513083,0.01980425983933564,-0.0025073584589042457,-0.0015640357204933348,-0.017161789687924117,0.010262981202295032
23.8,0.36884140811810173,-0.1046868714676285,0.4837205019970882,0.7555389973848993,0.8247626687878818,0.754062439487713,-0.003067280708901775,0.019633238986168335,-0.0024054398922752325,-0.00151473536852683,-0.017042481509837042,0.010120894168674942
23.81,0.36887681340162337,-0.10467264253418385,0.4838159944980472,0.7555082496573934,0.8249581510345938,0.7540388887775326,-0.003082183334364017,0.019463408197906158,-0.002304937335591599,-0.0014658605490681452,-0.01692377670057986,0.009979779115604052
23.82,0.36891183508163333,-0.10465847123326733,0.4839110045521202,0.7554773553402956,0.8251519408986099,0.7540163360533583,-0.0030965993344397196,0.01929476144111124,-0.002205841072046137,-0.001417410096486406,-0.01680567520403402,0.009839635436556266
23.830000000000002,0.3689464765456363,-0.10464435775048742,0.48400553240653693,0.7554463192786617,0.8253440501900788,0.753994767300817,-0.003110532946947826,0.019127292683073647,-0.002108141391092828,-0.0013693828399472566,-0.016688176931896267,0.009700462486474562
23.84,0.36898074116061597,-0.10463030226865466,0.4840995783201222,0.7554151462752272,0.8255344906588267,0.7539741686026085,-0.003123988397972502,0.018960995892123956,-0.0020118285888280894,-0.001321777603434746,-0.016571281763776147,0.009562259581891804
23.85,0.36901463227306064,-0.10461630496776997,0.4841931425632397,0.7553838410905247,0.8257232739943778,0.7539545261384353,-0.0031369699018134077,0.018795865037955526,-0.0019168929683712164,-0.0012745932057766187,-0.016454989547303466,0.009425026001062894
23.86,0.36904815320898393,-0.10460236602500955,0.484286225417719,0.7553524084430054,0.8259104118259455,0.7539358261849342,-0.003149481660930333,0.018631894091949756,-0.0018233248402566365,-0.0012278284606708604,-0.016339300098236715,0.009288760984099977
23.87,0.3690813072739565,-0.1045884856147119,0.4843788271768141,0.7553208530091519,0.8260959157224885,0.7539180551155956,-0.0031615278658978117,0.01846907702748228,-0.0017311145227984276,-0.0011814821767072794,-0.016224213200565343,0.00915346373309694
23.88,0.36911409775312465,-0.1045746639083664,0.48447094814512154,0.755289179423604,0.826279797192689,0.7539011994006883,-0.0031731126953477096,0.01830740782025481,-0.0016402523424885174,-0.001135553157396915,-0.016109728606625948,0.009019133412274345
23.89,0.3691465279112437,-0.10456090107460003,0.4845625886385391,0.7552573922792736,0.82646206768501,0.753885245607173,-0.00318424031592306,0.018146880448598454,-0.0015507286343606902,-0.0010900402011938747,-0.01599584603720516,0.008885769148105857
23.900000000000002,0.3691786009927026,-0.1045471972791665,0.4846537489842009,0.7552254961274656,0.8266427385877133,0.7538701803986152,-0.0031949148822267856,0.017987488893795582,-0.0014625337423719229,-0.0010449421015228794,-0.01588256518165594,0.008753370029461287
23.91,0.3692103202215541,-0.1045335526849363,0.4847444295204191,0.7551934954780002,0.8268218212288901,0.7538559905350952,-0.003205140536770596,0.017829227140389144,-0.0013756580197776497,-0.0010002576468037213,-0.015769885698006664,0.008621935107741443
23.92,0.3692416888015406,-0.10451996745188546,0.48483463059662274,0.755161394799333,0.8269993268764892,0.7538426628731127,-0.0032149214099252113,0.01767208917650143,-0.0012900918295080494,-0.0009559856204790552,-0.015657807213079175,0.00849146339702369
23.93,0.3692727099161273,-0.10450644173708706,0.48492435257330346,0.755129198518678,0.8271752667383567,0.7538301843654887,-0.0032242616198702397,0.017516068994143517,-0.0012058255445406528,-0.0009121248010399315,-0.015546329322602487,0.008361953874201987
23.94,0.3693033867285338,-0.10449297569470056,0.48501359582196585,0.7550969110221254,0.8273496519622958,0.753818542061261,-0.003233165272547827,0.017361160589516016,-0.0011228495482615058,-0.0008686739620493869,-0.015435451591323713,0.008233405479122904
23.95,0.3693337223817611,-0.10447956947596487,0.4851023607250556,0.755064536654771,0.8275224936360746,0.7538077231055818,-0.0032416364616087525,0.017207357963336486,-0.001041154234851836,-0.0008256318721742645,-0.01532517355313635,0.008105817114744611
23.96,0.3693637199986289,-0.10446622322918886,0.4851906476759205,0.7550320797208326,0.8276938027875094,0.7537977147396047,-0.0032496792683683446,0.01705465512112892,-0.000960730009639205,-0.0007829972952065989,-0.015215494711188406,0.007979187647268812
23.97,0.3693933826818033,-0.10445293709974535,0.4852784570787378,0.7549995444837797,0.8278635903844807,0.7537885043003734,-0.003257297761753216,0.01690304607354577,-0.000881567289479764,-0.0007407689900949508,-0.015106414538011197,0.00785351590630023
23.98,0.36942271351383527,-0.10443971123006324,0.4853657893484753,0.7549669351664527,0.828031867335014,0.7537800792207038,-0.0032644959982572053,0.016752524836663132,-0.0008036565031108773,-0.000698945710968581,-0.014997932475634974,0.007728800684988116
23.990000000000002,0.3694517155571922,-0.10442654575962024,0.48545264491082746,0.7549342559511896,0.8281986444873215,0.7537724270290632,-0.0032712780218908228,0.016603085432288285,-0.00072698809152109,-0.0006575262071656556,-0.014890047935713012,0.007605040740179096
24.0,0.3694803918542935,-0.10441344082493864,0.4855390242021638,0.7549015109799511,0.8283639326298617,0.7537655353494468,-0.003277647864134227,0.016454721888265272,-0.000651552508311954,-0.0006165092232615008,-0.014782760299647256,0.007482234792571566
24.01,0.3695087454275461,-0.1044003965595785,0.4856249276694723,0.7548687043544473,0.8285277424914,0.7537593919012486,-0.0032836095438888747,0.016307428238775127,-0.0005773402200597383,-0.0005758934990959367,-0.0146760689187117,0.007360381526867837
24.02,0.3695367792793833,-0.10438741309413185,0.4857103557703164,0.7548358401362592,0.8286900847410885,0.7537539844991309,-0.003289167067432999,0.016161198524632714,-0.0005043417066677514,-0.0005356777697999918,-0.01456997311417743,0.007239479591926584
24.03,0.36956449639229677,-0.10437449055622106,0.48579530897276485,0.7548029223469723,0.8288509699885036,0.7537493010528886,-0.0032943244283700768,0.016016026793595563,-0.00043254746173690574,-0.0004958607658269271,-0.01446447217744456,0.007119527600926502
24.04,0.369591899728882,-0.10436162907048979,0.485879787755358,0.7547699549682966,0.8290104087837613,0.7537453295672972,-0.003299085605928978,0.015871907142481784,-0.0003619480558321459,-0.00045643605881721385,-0.014359435331498513,0.007000328524609797
24.05,0.36961899223569455,-0.104348828754246,0.4859637926047919,0.7547369419437941,0.829168411657812,0.7537420580814312,-0.0033034541244848048,0.01572884482945358,-0.0002925508517158021,-0.00041733404458612917,-0.014253137969823516,0.006879287870932991
24.060000000000002,0.36964577685184213,-0.10433608970771441,0.4860473240108418,0.7547038871825738,0.8293249892125376,0.7537394745331165,-0.003307433612439862,0.015586842172669832,-0.00022435879271649273,-0.0003786297159174279,-0.014147503731896889,0.006759298925601007
24.07,0.369672256498634,-0.10432341202587897,0.4861303824724454,0.754670794555079,0.8294801520113803,0.7537375669234295,-0.0033110280399587127,0.015445892551443402,-0.0001573613790486083,-0.0003403217338665398,-0.01404253050509232,0.006640358226478014
24.080000000000002,0.3696984340769874,-0.10431079580148284,0.48621296849920376,0.754637667892119,0.8296339105516832,0.7537363233582718,-0.0033142413637963692,0.01530598936629148,-9.154814562189041e-05,-0.0003024087554787465,-0.013938216160834599,0.006522462296509222
24.09,0.36972431246747733,-0.10429824112501296,0.4862950826113161,0.7546045109850031,0.8297862752648948,0.7537357320480209,-0.003317077527257635,0.015167126039099173,-2.6908662193422303e-05,-0.0002648894338179702,-0.013834558554687721,0.006405607643815513
24.1,0.36974989453039586,-0.10428574808468405,0.4863767253395333,0.7545713275856744,0.8299372565167996,0.7537357813071828,-0.0033195404601592446,0.015029296013270563,3.656746649111553e-05,-0.00022776241799236062,-0.01373155552643612,0.006289790761778988
24.11,0.36977518310580004,-0.10427331676642482,0.4864578972250877,0.7545381214068457,0.8300868646077141,0.7537364595540395,-0.003321634078788108,0.01489249275389456,9.889060054239139e-05,-0.00019102635318461476,-0.013629204900176693,0.006175008129142279
24.12,0.36980018101357165,-0.10426094725386287,0.4865385988196453,0.7545048961221359,0.8302351097727183,0.7537377553102982,-0.0033233622858641633,0.014756709747897272,0.00016007106478702667,-0.00015467988067876864,-0.013527504484403728,0.006061256210098017
24.13,0.36982489105347083,-0.10424863962831121,0.48661883068524886,0.7544716553662025,0.8303820021818739,0.7537396572007377,-0.0033247289705008102,0.014621940504194858,0.00022011914862232984,-0.00011872163788775739,-0.013426452072094582,0.0059485314543801255
24.14,0.3698493160051929,-0.10423639396875573,0.4866985933942616,0.7544384027348808,0.8305275519404447,0.7537421539528526,-0.0033257380081666574,0.014488178553850149,0.00027904510587199385,-8.31502583823634e-05,-0.013326045440799756,0.00583683029735968
24.150000000000002,0.3698734586284228,-0.10422421035184176,0.4867778875293063,0.7544051417853208,0.8306717690891081,0.7537452343964975,-0.003326393260646129,0.014355417450231283,0.0003368591546387205,-4.7964371921243535e-05,-0.013226282352735519,0.005726149160143973
24.16,0.36989732166289396,-0.10421208885186306,0.4868567136832176,0.7543718760361228,0.8308146636041912,0.7537488874635287,-0.0033266985760025975,0.01422365076915894,0.00039357147716663406,-1.3162604478211999e-05,-0.013127160554869878,0.005616484449667421
24.17,0.3699209078284459,-0.1042000295407492,0.4869350724589851,0.7543386089674755,0.8309562453978905,0.7537531021874448,-0.0033266577885400824,0.014092872109059625,0.00044919221969833245,2.1256421728392972e-05,-0.013028677779014425,0.005507832558789033
24.18,0.3699442198250833,-0.1041880324880543,0.48701296446970427,0.7543053440212921,0.8310965243185077,0.753757867703027,-0.0033262747187671887,0.013963075091115365,0.0005037314923378316,5.529408820680818e-05,-0.012930831741914535,0.0054001898663883
24.19,0.36996726033303273,-0.10417609776094722,0.4870903903385173,0.75427208460135,0.8312355101506674,0.7537631732459754,-0.003325553173358446,0.013834253359416565,0.0005571993689071381,8.895178016165477e-05,-0.012833620145343618,0.005293552737465288
24.2,0.3699900320128021,-0.1041642254242025,0.4871673506985577,0.7542388340734323,0.8313732126155405,0.7537690081525469,-0.0033244969451168035,0.013706400581114355,0.0006096058868052996,0.00012223088646316597,-0.012737040676197239,0.005187917523241859
24.21,0.37001253750524243,-0.10415241554018728,0.48724384619291006,0.7542055957654598,0.8315096413710978,0.7537753618591896,-0.0033231098129397805,0.013579510446559764,0.0006609610468801512,0.00015513279962013388,-0.012641091006581232,0.0050832805612531
24.22,0.3700347794316072,-0.10414066816885559,0.4873198774745482,0.7541723729676356,0.8316448060123252,0.7537822239021764,-0.003321395541781357,0.013453576669458971,0.0007112748132849912,0.00018765891574748787,-0.012545768793911054,0.0049796381754539775
24.23,0.37005676039361307,-0.10412898336773779,0.48739544520629013,0.7541391689325826,0.8317787160714663,0.7537895839172383,-0.0033193578826163092,0.013328592987014134,0.0007605571133461417,0.00021981063453739265,-0.012451071681002304,0.004876986676315402
24.240000000000002,0.37007848297350066,-0.10411736119193288,0.4874705500607399,0.7541059868754855,0.8319113810182476,0.7537974316391941,-0.0033170005724045093,0.013204553160076701,0.0008088178374251375,0.0002515893592266239,-0.012356997296172104,0.0047753223609321716
24.25,0.3700999497340992,-0.10410580169409966,0.4875451927202491,0.7540728299742264,0.8320428102601338,0.7538057569015819,-0.0033143273340569277,0.01308145097328219,0.0008560668387921287,0.0002829964965685818,-0.012263543253328764,0.004674641513116915
24.26,0.37012116321888455,-0.10409430492445204,0.48761937387685056,0.7540397013695336,0.8321730131425397,0.7538145496362852,-0.003311341876397254,0.012959280235203296,0.0009023139334829963,0.0003140334567993156,-0.012170707152074755,0.004574940403511346
24.27,0.37014212595204743,-0.10408287093074803,0.4876930942322296,0.7540066041651129,0.8323019989491035,0.7538237998731622,-0.0033080478941323118,0.012838034778483342,0.0009475689001819053,0.00034470165360933505,-0.012078486577798885,0.00447621528968171
24.28,0.3701628404385532,-0.10407149975828622,0.4877663544976579,0.7539735414277965,0.8324297769018998,0.7538334977396701,-0.003304449067813086,0.01271770845998545,0.0009918414800789762,0.0003750025041095804,-0.011986879101779088,0.004378462416230062
24.29,0.3701833091642074,-0.10406019144989875,0.48783915539395495,0.753940516187681,0.8325563561616979,0.7538436334604904,-0.003300549063803083,0.01259829516092816,0.0010351413767479617,0.00040493742880142207,-0.011895882281278561,0.004281678014894957
24.3,0.37020353459572064,-0.10404894604594461,0.48791149765143776,0.7539075314382698,0.8326817458282031,0.7538541973571516,-0.003296351534244317,0.01247978878702735,0.001077478256016651,0.00043450785154407244,-0.011805493659646995,0.004185858304659281
24.310000000000002,0.3702235191807713,-0.10403776358430655,0.4879833820098662,0.7538745901366197,0.8328059549402886,0.7538651798476504,-0.0032918601170219704,0.01236218326863854,0.0011188617458345535,0.0004637151995211938,-0.011715710766423228,0.004090999491860299
24.32,0.3702432653480752,-0.10402664410038276,0.48805480921841343,0.7538416952034751,0.8329289924762731,0.7538765714460741,-0.0032870784357349942,0.012245472560884069,0.0011593014361585684,0.000492560903211874,-0.011626531117429877,0.003997097770287823
24.330000000000002,0.3702627755074481,-0.10401558762708535,0.48812578003560175,0.7538088495234196,0.8330508673541378,0.7538883627622187,-0.00328201009965982,0.012129650643800928,0.0011988068788165052,0.0005210463963544827,-0.011537952214882349,0.003904149321302287
24.34,0.37028205204987524,-0.10400459419483421,0.48819629522926916,0.7537760559450131,0.8331715884317995,0.7539005445012079,-0.003276658703720361,0.012014711522467907,0.0012373875873916307,0.0005491731159164776,-0.011449971547486002,0.0038121503139362935
24.35,0.37030109734757477,-0.10399366383155395,0.4882663555765133,0.7537433172809405,0.8332911645073416,0.7539131074631082,-0.0032710278284537185,0.011900649227146912,0.0012750530370928624,0.0005769425020591638,-0.011362586590543738,0.0037210969050103606
24.36,0.37031991375406836,-0.10398279656267045,0.4883359618636529,0.753710636308153,0.8334096043192782,0.7539260425425469,-0.003265121039979819,0.011787457813413858,0.0013118126646370486,0.0006043559981052909,-0.011275794806058375,0.0036309852392409766
24.37,0.37033850360424836,-0.1039719924111071,0.4884051148861848,0.7536780157680119,0.8335269165468123,0.7539393407283248,-0.003258941889970333,0.011675131362287835,0.0013476758681306104,0.0006314150505064709,-0.011189593642835163,0.0035418114493490573
24.38,0.370356869214448,-0.10396125139728152,0.4884738154487377,0.753645458366433,0.8336431098100857,0.7539529931030315,-0.003252493915617104,0.01156366398036575,0.0013826520069478957,0.0006581211088084479,-0.011103980536589331,0.0034535716561747403
24.39,0.37037501288250546,-0.10395057353910558,0.4885420643650209,0.7536129667740364,0.8337581926704233,0.7539669908426544,-0.0032457806395996595,0.01145304979995513,0.0014167504016085802,0.0006844756256160656,-0.011018952910053491,0.0033662619687926864
24.400000000000002,0.3703929368878395,-0.10393995885197976,0.48860986245779425,0.7535805436262846,0.8338721736306136,0.7539813252161927,-0.0032388055700578633,0.011343282979197894,0.0014499803336688823,0.0007104800565610075,-0.010934508173081156,0.0032798784846203833
24.41,0.37041064349151565,-0.10392940734879397,0.48867721055881636,0.753548191523633,0.8339850611351524,0.7539959875852654,-0.0032315722005597618,0.01123435770220231,0.0014823510456000038,0.0007361358602659032,-0.0108506437227565,0.0031944172895361474
24.42,0.37042813493631677,-0.10391891903992528,0.4887441095088,0.7535159130316758,0.8340968635704993,0.7540109694037193,-0.003224084010071594,0.011126268179172082,0.001513871740671983,0.0007614444983090089,-0.010767356943504017,0.0031098744579959904
24.43,0.3704454134468175,-0.1039084939332352,0.48881056015738555,0.7534837106812856,0.8342075892653662,0.75402626221724,-0.0032163444629310072,0.011019008646521663,0.0015445515828496719,0.0007864074351924806,-0.010684645207190223,0.0030262460531401284
24.44,0.3704624812294501,-0.10389813203407183,0.4888765633630741,0.7534515869687721,0.8343172464909372,0.7540418576629528,-0.0032083570088139502,0.010912573367018978,0.0015743996966647849,0.0008110261383015465,-0.010602505873244886,0.0029435281269254675
24.45,0.3704793404725819,-0.10388783334526563,0.4889421199932129,0.7534195443560147,0.8344258434611773,0.7540577474690331,-0.0032001250827103245,0.010806956629891005,0.001603425167120758,0.0008353020778747125,-0.010520936288759464,0.0028617167202269964
24.46,0.37049599334658323,-0.10387759786713302,0.48900723092393306,0.7533875852706212,0.8345333883330621,0.7540739234543066,-0.0031916521048918956,0.010702152750959995,0.0016316370395695872,0.0008592367269637084,-0.010439933788607181,0.002780807862968302
24.47,0.370512442003902,-0.1038674255974733,0.4890718970401189,0.7533557121060699,0.8346398892068604,0.7540903775278539,-0.0031829414808866204,0.010598156072761206,0.001659044319608975,0.0008828315613987475,-0.010359495695551803,0.0027007975742369644
24.48,0.3705286885791389,-0.1038573165315696,0.48913611923537403,0.7533239272218539,0.8347453541264124,0.7541071016886141,-0.0031739966014510583,0.01049496096465609,0.001685655972977736,0.0009060880597542872,-0.010279619320355397,0.002621681862398571
24.490000000000002,0.37054473518911657,-0.10384727066219018,0.48919989841196665,0.753292232943637,0.8348497910793734,0.7541240880249818,-0.003164820842541253,0.010392561822962911,0.0017114809254408175,0.0009290077033091383,-0.010200301961899293,0.0025434567252273057
24.5,0.37056058393295743,-0.10383728797958924,0.4892632354808012,0.7532606315633957,0.834953207997502,0.75414132871441,-0.0031554175652879725,0.010290953071070072,0.0017365280626901564,0.0009515919760111266,-0.010121540907293987,0.002466118150023014
24.51,0.37057623689215696,-0.10382736847150686,0.48932613136137687,0.7532291253395695,0.8350556127569272,0.7541588160230079,-0.0031457901159690637,0.0101901291595514,0.001760806230239122,0.0009738423644404886,-0.010043333431993172,0.002389662113732502
24.52,0.37059169613065857,-0.10381751212317164,0.4893885869817482,0.75319771649721,0.8351570131784181,0.7541765423051379,-0.0031359418259831284,0.010090084566284477,0.0017843242333182507,0.000995760357771695,-0.009965676799910301,0.002314084583074935
24.53,0.3706069636949294,-0.10380771891730123,0.4894506032784884,0.7531664072281284,0.8352574170276627,0.7541945000030135,-0.003125876011825157,0.009990813796565702,0.001807090836776171,0.001017347447735993,-0.009888568263534712,0.002239381514665702
24.54,0.37062204161403484,-0.10379798883410513,0.4895121811966481,0.7531351996910475,0.8353568320155335,0.7542126816462934,-0.003115595975059128,0.009892311383223624,0.00182911476497541,0.0010386051285832336,-0.00981200506404835,0.0021655488551419076
24.55,0.37063693189971747,-0.10378832185128545,0.4895733216897262,0.753104096011746,0.8354552657983787,0.7542310798516789,-0.003105105002294928,0.009794571886727742,0.0018504047016985321,0.0010595348970450268,-0.00973598443144063,0.002092582541284498
24.560000000000002,0.3706516365464712,-0.10377871794404059,0.4896340257196241,0.7530730982832139,0.8355527259782836,0.7542496873225044,-0.003094406365162668,0.00969758989530683,0.0018709692900451638,0.0010801382522941012,-0.009660503584631153,0.002020478500151121
24.57,0.3706661575316192,-0.10376917708506755,0.48969429425661054,0.7530422085657998,0.8356492201033533,0.7542684968483311,-0.003083503320288278,0.009601360025054633,0.001890817132336928,0.0011004166959068555,-0.009585559731586066,0.001949232649200069
24.580000000000002,0.370680496815392,-0.10375969924456352,0.4897541282792925,0.7530114288873601,0.8357447556679998,0.7542875013045405,-0.0030723991092705028,0.009505876920037352,0.0019099567900243268,0.0011203717318247148,-0.009511150069436055,0.0018788408964172689
24.59,0.37069465634100396,-0.10375028439023026,0.48981352877456874,0.7529807612434116,0.8358393401132085,0.7543066936519224,-0.003061096958656741,0.009411135252407096,0.0019283967835888641,0.0011400048663132464,-0.009437271784600942,0.0018092991404504064
24.6,0.37070863803473364,-0.10374093248727667,0.4898724967376042,0.7529502075972802,0.8359329808268338,0.7543260669362672,-0.003049600079920373,0.00931712972250139,0.0019461455924540188,0.0011593176079245783,-0.009363922052906003,0.0017406032707331584
24.61,0.3707224438060012,-0.10373164349842129,0.4899310331717924,0.7529197698802506,0.836025685143877,0.7543456142879547,-0.0030379116694387066,0.00922385505895236,0.001963211654893303,0.001178311467456437,-0.009291098039705726,0.0016727491676191257
24.62,0.37073607554744703,-0.10372241738389881,0.4899891390887121,0.7528894499917237,0.8361174603467573,0.754365328921539,-0.003026034908468776,0.009131306018793707,0.001979603367935119,0.0011969879579110103,-0.009218796900009096,0.0016057327025167784
24.63,0.37074953513501147,-0.1037132541014606,0.4900468155081017,0.7528592497993618,0.8362083136656098,0.7543852041353383,-0.0030139729631268367,0.00903947738755795,0.0019953290872789567,0.0012153485944560998,-0.009147015778598213,0.0015395497380171258
24.64,0.3707628244280172,-0.10370415360638047,0.49010406345783086,0.7528291711392384,0.8362982522785792,0.7544052333110238,-0.003001728984368308,0.0089483639793783,0.0020103971272104875,0.0012333948943848117,-0.009075751810152669,0.0014741961280266746
24.650000000000002,0.37077594526924545,-0.10369511585145835,0.49016088397384905,0.7527992158159983,0.8363872833120802,0.7544254099131984,-0.0029893061079635467,0.00885796063709509,0.0020248157605066647,0.0012511283770720674,-0.009005002119378306,0.0014096677179084257
24.66,0.3707888994850198,-0.10368614078702476,0.49021727810016935,0.7527693856030008,0.8364754138411103,0.7544457274889872,-0.0029767074544799475,0.008768262232347827,0.0020385932183592296,0.00126855056393582,-0.008934763821127413,0.0013459603446101106
24.67,0.370801688885285,-0.10367722836094612,0.4902732468888249,0.7527396822424779,0.836562650889522,0.7544661796676181,-0.002963936129260133,0.008679263665677842,0.0020517376902861443,0.00128566297839381,-0.008865034020528281,0.0012830698368050569
24.68,0.37081431526368935,-0.10366837851862903,0.4903287913998363,0.752710107445686,0.8366490014303128,0.7544867601600037,-0.0029509952224024464,0.008590959866625687,0.002064257324049733,0.0013024671458215403,-0.008795809813112575,0.0012209920150297797
24.69,0.3708267803976683,-0.1036595912030237,0.4903839127011942,0.7526806628930509,0.8367344723859387,0.7545074627583296,-0.0029378878087429347,0.008503345793816904,0.002076160225582702,0.0013189645935128879,-0.008727088284935836,0.001159722691813522
24.7,0.3708390860485224,-0.10365086635463161,0.49043861186880355,0.7526513502343325,0.836819070628569,0.7545282813356267,-0.0029246169478344274,0.008416416435071492,0.002087454458898434,0.0013351568506330103,-0.008658866512716546,0.0010992576718306716
24.71,0.3708512339615033,-0.1036422039115098,0.4904928899864696,0.7526221710887698,0.8369028029804056,0.7545492098453578,-0.002911185683928947,0.008330166807484001,0.002098148046020287,0.001351045448179216,-0.008591141563956448,0.001039592752029723
24.72,0.37086322586589554,-0.10363360380927439,0.4905467481458644,0.752593127045233,0.8369856762139729,0.7545702423209972,-0.0028975970459601667,0.008244591957518699,0.002108248966904587,0.0013666319189369139,-0.00852391049707229,0.0009807237217766762
24.73,0.37087506347509924,-0.1036250659811096,0.490600187446488,0.7525642196623828,0.8370676970524004,0.7545913728756065,-0.002883854047524768,0.008159686961102908,0.0021177651593622553,0.0013819177974351497,-0.008457170361528698,0.0009226463629997156
24.740000000000002,0.3708867484867132,-0.10361659035777171,0.49065320899564147,0.7525354504688213,0.8371488721697223,0.7546125957014134,-0.0028699596868652236,0.008075446923713927,0.002126704518985993,0.001396904619903348,-0.00839091819796775,0.0008653564503301489
24.75,0.3708982825826204,-0.10360817686759377,0.4907058139084004,0.752506820963243,0.8372292081911816,0.7546339050693915,-0.0028559169468537903,0.007991866980464097,0.0021350748990805837,0.001411593924228196,-0.008325151038339106,0.000808849751243308
24.76,0.3709096674290715,-0.10359982543649338,0.4907580033075842,0.7524783326145895,0.8373087116935227,0.754655295328837,-0.0028417287949761352,0.00790894229618912,0.002142884110591152,0.0014259872499087414,-0.008259865906033914,0.0007531220262045292
24.77,0.3709209046767683,-0.10359153598797899,0.49080977832371786,0.7524499868622082,0.8373873892052793,0.7546767609069408,-0.002827398183314332,0.007826668065535535,0.002150139922030546,0.0014400861380106465,-0.00819505981601983,0.0006981690288172472
24.78,0.37093199596095,-0.10358330844315483,0.4908611400950146,0.7524217851159991,0.8374652472070891,0.7546982963083685,-0.0028129280485325323,0.007745039513038313,0.0021568500594161518,0.0014538921311231996,-0.008130729774970855,0.0006439865059635428
24.79,0.3709429429014771,-0.10357514272072815,0.49091208976733725,0.7523937287565752,0.8375422921319794,0.754719896114832,-0.0027983213118617676,0.007664051893209995,0.0021630222062001304,0.0014674067733120555,-0.008066872781406671,0.0005905701979570031
24.8,0.3709537471029179,-0.10356703873701661,0.4909626284941727,0.7523658191354144,0.8376185303656726,0.7547415549846643,-0.0027835808790845546,0.0075837004906168515,0.0021686640032048043,0.00148063161007471,-0.008003485825825163,0.0005379158386874074
24.810000000000002,0.37096441015463477,-0.10355899640595245,0.49101275743660955,0.7523380575750108,0.8376939682468957,0.7547632676523955,-0.0027687096405223477,0.007503980619957194,0.002173783048562676,0.0014935681882952746,-0.007940565890837217,0.00048601915576772605
24.82,0.370974933630867,-0.10355101563909319,0.4910624777632937,0.7523104453690387,0.8377686120676578,0.7547850289283193,-0.0027537104710198173,0.007424887626147584,0.0021783868976469447,0.0015062180561954152,-0.007878109951309588,0.00043487587069199435
24.830000000000002,0.37098531909082294,-0.10354309634562425,0.491111790650423,0.7522829837824944,0.8378424680735878,0.7548068336980739,-0.002738586229934431,0.007346416884387958,0.0021824830630213145,0.001518582763291761,-0.007816114974493875,0.0003844816989747393
24.84,0.3709955680787602,-0.10353523843236945,0.49116069728169737,0.7522556740518638,0.8379155424642014,0.7548286769222046,-0.0027233397611209956,0.007268563800248486,0.0021860790143707655,0.001530663860345061,-0.007754577920173387,0.00033483235031401973
24.85,0.3710056821240783,-0.10352744180379625,0.49120919884830866,0.7522285173852684,0.8379878413932341,0.7548505536357418,-0.0027079738929211886,0.007191323809733968,0.0021891821784516276,0.0015424628993161238,-0.007693495740795229,0.0002859235287350245
24.86,0.37101566274140185,-0.10351970636202429,0.4912572965489029,0.7522015149626252,0.8380593709689277,0.7548724589477671,-0.002692491438151429,0.007114692379364082,0.0021917999390316635,0.0015539814333159208,-0.007632865381615041,0.00023775093275038247
24.87,0.37102551143067053,-0.10351203200683146,0.4913049915895579,0.752174667935801,0.8381301372543428,0.7548943880409847,-0.00267689519409099,0.007038665006239653,0.002193939636836613,0.0015652210165589704,-0.007572683780834601,0.00019031025551106387
24.88,0.3710352296772258,-0.10350441863566218,0.49135228518375673,0.7521479774287669,0.8382001462676657,0.7549163361712914,-0.002661187942472025,0.006963237218114465,0.002195608569498105,0.001576183204314793,-0.007512947869744146,0.0001435971849630454
24.89,0.37104481895189967,-0.10349686614363524,0.491399178552362,0.7521214445377538,0.8382694039825148,0.7549382986673446,-0.0026453724494688987,0.006888404573462713,0.0021968139915020946,0.0015868695528593773,-0.007453654572863495,9.760740400343291e-05
24.900000000000002,0.3710542807111022,-0.10348937442355138,0.4914456729235846,0.7520950703314113,0.8383379163282414,0.7549602709301286,-0.0026294514656882246,0.006814162661549143,0.0021975631141375384,0.0015972816194254945,-0.007394800808087311,5.233659064060006e-05
24.91,0.37106361639691143,-0.10348194336589966,0.4914917695329685,0.7520688558509577,0.8384056891902513,0.7549822484325275,-0.0026134277261599436,0.006740507102488905,0.002197863105451506,0.0016074209621550492,-0.007336383486824232,7.780418147740808e-06
24.92,0.3710728274371612,-0.10347457285886785,0.49153746962335393,0.7520428021103412,0.8384727284102999,0.755004226718887,-0.002597303950327915,0.00666743354731687,0.002197721090199311,0.0016172891400478614,-0.007278399514144763,-3.606544477289175e-05
24.93,0.3710819152455315,-0.10346726278834745,0.49158277444486376,0.7520169100963906,0.8385390397868145,0.7550262014045862,-0.0025810828420424763,0.006594937678046715,0.0021971441498028657,0.0016268877129130659,-0.007220845788923519,-7.92053338332635e-05
24.94,0.37109088122163514,-0.10346001303794539,0.49162768525486295,0.7519911807689798,0.8386046290751861,0.7550481681755971,-0.002564767089551238,0.00652301520773726,0.0021961393223025078,0.001636218241316878,-0.007163719203988639,-0.00012164358899270102
24.95,0.37109972675111236,-0.10345282348898782,0.49167220331795636,0.7519656150611704,0.838669501988108,0.7550701227880615,-0.002548359365493354,0.0064516618805426805,0.002194713602322491,0.001645282286535254,-0.0071070166462612345,-0.00016338455430479275
24.96,0.37110845320571495,-0.10344569402053261,0.49171632990594044,0.7519402138793829,0.8387336641958557,0.7550920610678443,-0.0025318623268914386,0.006380873471783029,0.0021928739410232516,0.0016540814104989282,-0.00705073499691095,-0.000204432577742632
24.97,0.37111706194340144,-0.10343862450937358,0.4917600662977981,0.7519149781035411,0.8387971213266239,0.7551139789101081,-0.002515278615145965,0.006310645787990816,0.0021906272460687254,0.0016626171757453088,-0.006994871131496789,-0.0002447920110436488
24.98,0.3711255543084233,-0.10343161483005253,0.4918034137796618,0.7518899085872359,0.8388598789668217,0.7551358722788722,-0.0024986108560286825,0.006240974666972229,0.00218798038158552,0.0016708911453648073,-0.006939421920119818,-0.0002844672095385643
24.990000000000002,0.37113393163141906,-0.10342466485486557,0.49184637364479994,0.7518650061578768,0.8389219426613982,0.755157737206581,-0.002481861659678764,0.006171855977858855,0.0021849401681314816,0.0016789048829499076,-0.0068843842275704715,-0.0003234625319879882
25.0,0.371142195229503,-0.10341777445387085,0.4918889471935877,0.7518402716168502,0.8389833179141492,0.755179569793666,-0.0024650336205962816,0.006103285621158918,0.0021815133826592653,0.0016866599525424584,-0.006829754913478443,-0.0003617823404144394
25.01,0.3711503464063571,-0.10341094349489954,0.4919311357334873,0.7518157057396755,0.8390440101880339,0.7552013662081106,-0.0024481293176397815,0.0060352595288111445,0.002177706758486794,0.0016941579185806859,-0.006775530832464747,-0.0003994309999329265
25.02,0.3711583864523209,-0.10340417184356271,0.491972940579019,0.7517913092761641,0.8391040249054823,0.7552231226850108,-0.002431151314020767,0.00596777366423281,0.0021735269852641813,0.0017014003458457813,-0.0067217088342930035,-0.00043641287858100673
25.03,0.3711663166444852,-0.10339745936326061,0.4920143630517479,0.7517670829505707,0.839163367448723,0.7552448355261433,-0.002414102157301901,0.005900824022365543,0.00216898070894888,0.0017083887994095333,-0.006668285764019805,-0.00047273234715129926
25.04,0.37117413824678214,-0.10339080591519123,0.4920554044802563,0.7517430274617535,0.8392220431600903,0.7552665010995252,-0.0023969843793938787,0.005834406629723797,0.0021640745317770957,0.0017151248445796724,-0.006615258462149319,-0.0005083937790177197
25.05,0.37118185251007696,-0.10338421135835885,0.49209606620011925,0.7517191434833314,0.8392800573423376,0.7552881158389755,-0.002379800496553197,0.005768517544440451,0.002158815012238216,0.0017216100468452774,-0.006562623764787396,-0.0005434015499620724
25.060000000000002,0.3711894606722615,-0.10337767554958316,0.4921363495538917,0.7516954316638355,0.8393374152589654,0.7553096762436825,-0.0023625530093813415,0.005703152856306821,0.002153208665054365,0.0017278459718234884,-0.006510378503793641,-0.0005777600380040295
25.07,0.3711969639583445,-0.1033711983435085,0.49217625589107494,0.751671892626873,0.8393941221345228,0.7553311788777594,-0.00234524440282218,0.005638308686817115,0.0021472619611546152,0.0017338341852031606,-0.006458519506939261,-0.0006114736232227379
25.080000000000002,0.3712043635805454,-0.10336477959261192,0.49221578656810605,0.7516485269712776,0.8394501831549378,0.7553526203698118,-0.002327877146163438,0.005573981189207367,0.0021409813276594874,0.0017395762526904736,-0.0064070435980608945,-0.0006445466875839069
25.09,0.37121166073838674,-0.10335841914721289,0.4922549429483315,0.7516253352712685,0.839505603467829,0.7553739974124973,-0.0023104536930359885,0.0055101665484948575,0.0021343731478610166,0.0017450737399528605,-0.006355947597218635,-0.0006769836147618687
25.1,0.3712188566187851,-0.10335211685548273,0.49229372640198144,0.7516023180766103,0.8395603881828163,0.7553953067620841,-0.0022929764814132525,0.005446860981514623,0.002127443761204304,0.001750328212562472,-0.006305228320853437,-0.0007087887899609997
25.11,0.3712259523961481,-0.10334587256345168,0.4923321383061664,0.7515794759127595,0.8396145423718627,0.7554165452380216,-0.002275447933615297,0.00538406073695255,0.0021201994632796344,0.0017553412359414986,-0.00625488258194212,-0.0007399665997417613
25.12,0.37123294923246286,-0.10333968611502042,0.49237018004483524,0.7515568092810334,0.8396680710695644,0.7554377097224906,-0.0022578704563078703,0.005321762095384127,0.002112646505802409,0.0017601143753028653,-0.006204907190161091,-0.0007705214318340719
25.13,0.3712398482773914,-0.10333355735196836,0.4924078530087671,0.7515343186587601,0.839720979273485,0.75545879715997,-0.0022402464405059937,0.005259961369303258,0.002104791096606135,0.001764649195594545,-0.006155298952043065,-0.0008004576749606578
25.14,0.3712466506683654,-0.10332748611396142,0.4924451585955545,0.7515120044994321,0.8397732719444797,0.7554798045568014,-0.0022225782615774153,0.005198654903152389,0.0020966393996346387,0.00176894726144225,-0.006106054671136528,-0.0008297797186561169
25.150000000000002,0.37125335753067645,-0.1033214722385638,0.4924820982095715,0.7514898672328714,0.8398249540069991,0.7555007289807418,-0.002204868279244544,0.005137839073353993,0.0020881975349307524,0.0017730101370901088,-0.006057171148169418,-0.0008584919530802669
25.16,0.3712599699775722,-0.10331551556124507,0.49251867326196636,0.7514679072653774,0.8398760303494239,0.7555215675605322,-0.0021871188375900473,0.005077510288335705,0.002079471578634834,0.0017768393863435987,-0.006008645181208557,-0.0008865987688376764
25.17,0.3712664891103499,-0.10330961591539012,0.4925548851706364,0.7514461249798876,0.8399265058243792,0.7555423174854548,-0.002169332265061183,0.005017664988557689,0.0020704675629799048,0.0017804365725101676,-0.005960473565823441,-0.0009141045567908838
25.18,0.371272916018449,-0.1033037731323092,0.4925907353602084,0.7514245207361335,0.8399763852490529,0.7555629760048942,-0.0021515108744743563,0.004958299646535758,0.0020611914762890394,0.0017838032583400985,-0.00591265309524917,-0.0009410137078744195
25.19,0.3712792517795458,-0.10329798704124704,0.4926262252620179,0.7514030948707995,0.8400256734055137,0.7555835404278964,-0.002133656963021665,0.004899410766866451,0.002051649262975818,0.001786941005966546,-0.0058651805605520625,-0.0009673306129061264
25.2,0.3712854974596492,-0.10329225746939014,0.49266135631410357,0.7513818476976688,0.8400743750410509,0.7556040081227385,-0.0021157728122776437,0.004840994886241652,0.002041846823549616,0.0017898513768475008,-0.005818052750789529,-0.000993059662404627
25.21,0.37129165411319126,-0.10328658424187948,0.49269612996116596,0.7513607795077958,0.8401224948684632,0.7556243765164747,-0.0020978606882048724,0.004783048573476264,0.002031790014613153,0.0017925359317023978,-0.0057712664531826986,-0.0010182052463909963
25.22,0.3712977227831257,-0.10328096718181767,0.4927305476545723,0.7513398905696467,0.840170037566412,0.7556446430945125,-0.0020799228411635872,0.004725568429518593,0.0020214846488752045,0.001794996230454342,-0.005724818453276288,-0.0010427717542067644
25.23,0.3713037045010199,-0.10327540611027874,0.4927646108523239,0.7513191811292647,0.8402170077797233,0.755664805400164,-0.0020619615059191505,0.004668551087471365,0.0020109364951546287,0.0017972338321670422,-0.005678705535109603,-0.0010667635743169153
25.240000000000002,0.3713096002871493,-0.10326990084631821,0.4927983210190431,0.7512986514104235,0.8402634101197146,0.7556848610342102,-0.002043978901649912,0.004611993212601868,0.0020001512783898194,0.0017992502949842263,-0.00563292448138237,-0.0010901850941199014
25.25,0.3713154111505941,-0.1032644512069818,0.4928316796259564,0.7512783016147817,0.8403092491645195,0.755704807654463,-0.0020259772319584056,0.00455589150235722,0.001989134679652448,0.0018010471760674406,-0.005587472073623706,-0.0011130406997531927
25.26,0.3713211380893316,-0.10325905700731514,0.4928646881508757,0.7512581319220404,0.840354529459406,0.7557246429753258,-0.0020079586848804204,0.004500242686374046,0.001977892336159499,0.001802626031533788,-0.005542345092361577,-0.0011353347758985104
25.27,0.37132678209033215,-0.10325371806037353,0.49289734807817953,0.7512381424900985,0.8403992555170975,0.7557443647673534,-0.00198992543289621,0.004445043526488964,0.0019664298412891087,0.0018039884163927732,-0.0054975403172930004,-0.0011570717055850032
25.28,0.3713323441296545,-0.10324843417723145,0.4929296608988001,0.7512183334552072,0.8404434318180997,0.7557639708568171,-0.001971879632941725,0.004390290816744106,0.0019547527445986025,0.0018051358844838783,-0.005453054527453904,-0.0011782558699940037
25.29,0.371337825172539,-0.10324320516699148,0.49296162811020194,0.7511987049321264,0.8404870628110171,0.7557834591252635,-0.0019538234264202836,0.004335981383393882,0.0019428665518428508,0.0018060699884124185,-0.0054088845013913495,-0.0011988916482594345
25.3,0.37134322617350457,-0.10323803083679406,0.49299325121636844,0.7511792570142798,0.8405301529128792,0.7558028275090781,-0.0019357589392161097,0.00428211208490973,0.0019307767249971339,0.0018067922794857234,-0.005365027017335649,-0.0012189834172689103
25.310000000000002,0.3713485480764428,-0.10323291099182713,0.4930245317277848,0.7511599897739086,0.8405727065094625,0.7558220739990481,-0.0019176882817068274,0.004228679811980689,0.0019184886822797792,0.001807304307649091,-0.005321478853373006,-0.0012385355514641606
25.32,0.3713537918147132,-0.10322784543533564,0.4930554711614223,0.7511409032622278,0.8406147279556118,0.7558411966399247,-0.0018996135487776705,0.0041756814875145735,0.0019060077981778872,0.001807607621420676,-0.0052782367876189765,-0.0012575524226390656
25.330000000000002,0.3713589583112369,-0.10322283396863191,0.49308607104071406,0.751121997509585,0.8406562215755538,0.755860193529981,-0.0018815368198360643,0.004123114066639943,0.001893339403473452,0.0018077037678254316,-0.005235297598395663,-0.0012760383997342506
25.34,0.3713640484785956,-0.10321787639110219,0.49311633289556034,0.751103272525602,0.8406971916632464,0.7558790628205884,-0.0018634601588274863,0.004070974536695669,0.0018804887852772708,0.0018075942923320566,-0.005192658064400759,-0.0012939978486409924
25.35,0.37136906321912105,-0.10321297250022105,0.493146258262278,0.7510847282993515,0.8407376424826534,0.7558978027157583,-0.0018453856142494592,0.0040192599172368,0.0018674611870523044,0.0018072807387827794,-0.0051503149648930305,-0.0013114351319842461
25.36,0.37137400342499705,-0.103208122091555,0.4931758486836278,0.7510663647994845,0.8407775782681264,0.7559164114717328,-0.0018273152191712395,0.003967967260016774,0.0018542618086581802,0.0018067646493318175,-0.0051082650798579265,-0.0013283546089309535
25.37,0.37137886997834857,-0.10320332495877782,0.49320510570876064,0.7510481819744081,0.8408170032246733,0.7559348873965245,-0.001809250991247702,0.003917093648987937,0.0018408958063766442,0.0018060475643741965,-0.005066505190194421,-0.0013447606349706234
25.38,0.37138366375134035,-0.10319858089367623,0.49323403089322354,0.7510301797524269,0.8408559215283091,0.7559532288494941,-0.001791194932739881,0.003866636200288599,0.0018273682929557,0.0018051310224805775,-0.005025032077888936,-0.0013606575617130716
25.39,0.371388385606272,-0.10319388968616039,0.4932626257989427,0.7510123580418978,0.8408943373263765,0.755971434240915,-0.0017731490305320297,0.0038165920622284942,0.0018136843376476701,0.0018040165603296137,-0.004983842526193407,-0.001376049736679618
25.400000000000002,0.37139303639567167,-0.10318925112427385,0.4932908919942013,0.7509947167313878,0.8409322547378553,0.7559895020315324,-0.0017551152561514592,0.003766958415279979,0.001799848966250234,0.0018027057126385455,-0.004942933319808289,-0.0013909415030887492
25.41,0.3713976169623927,-0.10318466499420331,0.4933188310536279,0.7509772556898263,0.8409696778536907,0.7560074307321324,-0.001737095565788488,0.003717732472060389,0.0017858671611514592,0.001801200012095263,-0.004902301245061299,-0.0014053371996464734
25.42,0.37140212813970847,-0.10318013108028656,0.4933464445581868,0.750959974766655,0.8410066107371194,0.7560252189031104,-0.0017190919003168704,0.003668911477313595,0.001771743861376126,0.0017995009892895633,-0.004861943090087925,-0.0014192411603343577
25.43,0.3714065707514076,-0.10317564916502375,0.49337373409515745,0.7509428737919842,0.8410430574239829,0.7560428651540341,-0.0017011061853153186,0.003620492707893166,0.001757483962633492,0.0017976101726430971,-0.004821855645015064,-0.0014326577141936803
25.44,0.37141094561188914,-0.1031712190290856,0.49340070125812474,0.7509259525767439,0.8410790219230556,0.7560603681432133,-0.0016831403310893335,0.003572473472739405,0.0017430923173683045,0.001795529088339911,-0.004782035702142086,-0.001445591185111874
25.45,0.37141525352625704,-0.10316684045132435,0.49342734764695706,0.7509092109128406,0.8411145082163534,0.7560777265772627,-0.0016651962326942851,0.0035248511128607987,0.0017285737348123524,0.0017932592602549577,-0.004742480056127387,-0.0014580458916026722
25.46,0.3714194952904169,-0.10316251320878145,0.49345367486780345,0.750892648573303,0.8411495202594698,0.7560949392106767,-0.001647275769958223,0.0034776230013037284,0.0017139329810405238,0.001790802209884959,-0.004703185504168961,-0.0014700261465933734
25.47,0.37142367169116947,-0.10315823707669786,0.49347968453307334,0.7508762653124386,0.8411840619818874,0.7561120048453943,-0.0016293808075070163,0.003430786543130872,0.0016991747790276988,0.001788159456275946,-0.004664148846191963,-0.0014815362572027152
25.48,0.37142778350630623,-0.10315401182852402,0.49350537826142094,0.7508600608659854,0.8412181372872967,0.7561289223303675,-0.0016115131947880943,0.0033843391753908126,0.0016843038087066792,0.0017853325159517775,-0.00462536688503401,-0.0014925805245215753
25.490000000000002,0.3714318315047055,-0.1031498372359278,0.4935307576777407,0.750844034951261,0.8412517500539234,0.7561456905611355,-0.001593674766097036,0.003338278367088144,0.0016693247070314607,0.001782322902842467,-0.004586836426630991,-0.0015031632433931302
25.5,0.37143581644642454,-0.10314571306880588,0.4935558244131408,0.7508281872673184,0.8412849041348351,0.7561623084793881,-0.001575867340602638,0.003292601619152154,0.00165424206803817,0.0017791321282106603,-0.00454855428020595,-0.0015132887021881022
25.51,0.37143973908279804,-0.10314163909529073,0.4935805801049464,0.7508125174950901,0.8413176033582793,0.7561787750725467,-0.0015580927223758489,0.0032473064644024307,0.0016390604429148364,0.0017757617005799214,-0.0045105172584551725,-0.0015229611825847244
25.52,0.37144360015652983,-0.10313761508176217,0.49360502639667064,0.7507970252975473,0.8413498515279814,0.7561950893733264,-0.0015403527004152113,0.0032023904675132302,0.001623784340064919,0.0017722131256598527,-0.00447272217773913,-0.0015321849593404944
25.53,0.3714474004017888,-0.10313364079285636,0.49362916493800907,0.7507817103198466,0.8413816524234727,0.756211250459312,-0.0015226490486771223,0.003157851224977321,0.001608418225180438,0.0017684879062726336,-0.004435165858271664,-0.0015409643000674428
25.54,0.3714511405443046,-0.10312971599147319,0.49365299738483315,0.750766572189476,0.8414130098004171,0.7562272574525369,-0.0015049835261047443,0.003113686365063791,0.0015929665213150613,0.001764587542279408,-0.0043978451243086225,-0.0015493034650073513
25.55,0.3714548213014605,-0.10312584043878747,0.4936765253991683,0.7507516105164111,0.8414439273909152,0.7562431095190494,-0.0014873578766573033,0.0030698935477781134,0.0015774336089570066,0.0017605135305044743,-0.004360756804340773,-0.0015572067068008897
25.560000000000002,0.3714584433823873,-0.10312201389425901,0.49369975064917926,0.7507368248932663,0.8414744089038192,0.756258805868487,-0.0014697738293412222,0.0030264704648205755,0.0015618238261062092,0.0017562673646596,-0.0043238977312868776,-0.001564678270256934
25.57,0.3714620074880603,-0.10311823611563908,0.4937226748091695,0.7507222148954363,0.841504458025065,0.7562743457536588,-0.0014522330982421213,0.0029834148395382954,0.0015461414683559276,0.0017518505352695092,-0.004287264742683716,-0.0015717223921254777
25.580000000000002,0.37146551431139146,-0.1031145068589816,0.4937452995595623,0.7507077800812499,0.8415340784179787,0.7562897284701184,-0.0014347373825564207,0.0029407244268788656,0.0015303907889728924,0.001747264529594985,-0.004250854680880878,-0.0015783433008638751
25.59,0.3714689645373241,-0.103110825878652,0.4937676265868908,0.750693519992118,0.8415632737235954,0.7563049533557408,-0.0014172883666243295,0.0028983970133407582,0.0015145759989815448,0.0017425108315562666,-0.004214664393234568,-0.0015845452164041074
25.6,0.3714723588429266,-0.10310719292733694,0.4937896575837794,0.7506794341526848,0.8415920475609662,0.7563200197902971,-0.001399887719964317,0.002856430416925391,0.001498701267250457,0.0017375909216551975,-0.004178690732304577,-0.001590332349916267
25.61,0.3714756978974866,-0.10310360775605193,0.4938113942489423,0.7506655220709706,0.8416204035274852,0.7563349271950404,-0.0013825370973069512,0.002814822487079703,0.0014827707205815842,0.0017325062768987572,-0.004142930556047237,-0.0015957089035764543
25.62,0.3714789823626045,-0.10310007011415162,0.4938328382871662,0.750651783238523,0.841648345199197,0.7563496750322805,-0.00136523813863087,0.002773571104644413,0.0014667884438012509,0.0017272583707201982,-0.004107380728014056,-0.0016006790703276233
25.63,0.3714822128922868,-0.10309657974933989,0.49385399140929775,0.7506382171305649,0.8416758761311081,0.7563642628049645,-0.0013479924691976398,0.002732674181794642,0.0014507584798522414,0.0017218486729005248,-0.004072038117548302,-0.0016052470336419614
25.64,0.37148539013303994,-0.10309313640767637,0.4938748553322368,0.7506248232061379,0.8417029998575065,0.7563786900562621,-0.0013308016995909491,0.0026921296619841755,0.001434684829892769,0.0017162786494896837,-0.004036899599983321,-0.0016094169672819865
25.650000000000002,0.3714885147239636,-0.10308973983358782,0.49389543177892137,0.7506116009082525,0.8417297198922691,0.7563929563691448,-0.0013136674257518458,0.0026519355198809584,0.0014185714533915246,0.0017105497627268949,-0.0040019620568412136,-0.0016131930350598404
25.66,0.3714915872968436,-0.10308638976987572,0.49391572247832016,0.7505985496640317,0.8417560397291773,0.7564070613659715,-0.0012965912290192237,0.002612089761307143,0.0014024222682309706,0.0017046634709607775,-0.003967222376032757,-0.0016165793905956456
25.67,0.371494608476245,-0.10308308595772558,0.4939357291654203,0.7505856688848573,0.8417819628422273,0.7564210047080734,-0.0012795746761676639,0.0025725904231716063,0.001386241150808743,0.0016986212285689676,-0.003932677452057388,-0.0016195801770748789
25.68,0.3714975788796038,-0.10307982813671734,0.4939554535812114,0.750572957966519,0.8418074926859334,0.7564347860953355,-0.0012626193194483337,0.002533435573405958,0.0013700319361434992,0.0016924244858765294,-0.0038983241862059676,-0.001622199527002214
25.69,0.3715004991173213,-0.10307661604483176,0.4939748974726842,0.7505604162893535,0.8418326326956497,0.7564484052657894,-0.0012457266966301272,0.0024946233108937487,0.001353798417984158,0.0016860746890753186,-0.0038641594867608363,-0.0016244415619583895
25.7,0.37150336979285503,-0.10307344941846158,0.49399406259281214,0.7505480432183947,0.8418573862878697,0.7564618619951959,-0.001228898331040313,0.0024561517653992936,0.0013375443489183482,0.001679573280141664,-0.0038301802692001004,-0.0016263103923520048
25.71,0.3715061915028124,-0.10307032799241861,0.49401295070055073,0.7505358381035103,0.841881756860547,0.7564751560966415,-0.0012121357316082718,0.0024180190974945,0.0013212734404877333,0.0016729216967545737,-0.0037963834563991493,-0.0016278101171735425
25.72,0.37150896483704043,-0.1030672514999445,0.4940315635608117,0.7505238002795575,0.8419057477933813,0.7564882874201156,-0.0011954403929084491,0.002380223498487348,0.001304989363301108,0.0016661213722114138,-0.0037627659788389903,-0.0016289448237415767
25.73,0.37151169037871945,-0.10306421967271828,0.4940499029444663,0.7505119290665155,0.8419293624481462,0.7565012558521138,-0.0011788137952045436,0.0023427631903406468,0.0012886957471540603,0.0016591737353460429,-0.0037293247748075736,-0.0016297185874567495
25.740000000000002,0.37151436870445487,-0.103061232240864,0.4940679706283363,0.7505002237696301,0.8419526041689929,0.7565140613152285,-0.0011622574044944974,0.0023056364255933394,0.0012723961811491114,0.001652080210444838,-0.003696056790606294,-0.0016301354715494668
25.75,0.37151700038436736,-0.10305828893296232,0.4940857683951749,0.7504886836795601,0.8419754762827457,0.7565267037677382,-0.0011457726725565198,0.002268841487281356,0.0012560942138180702,0.0016448422171615954,-0.003662958980758252,-0.001630199526824659
25.76,0.37151958598218304,-0.10305538947605747,0.4941032980336554,0.7504773080725216,0.841997982099204,0.7565391832031999,-0.0011293610369955658,0.0022323766888543498,0.0012397933532470368,0.0016374611704325693,-0.0036300283082162294,-0.0016299147914069529
25.77,0.3715221260553274,-0.10305253359566574,0.49412056133837673,0.750466096210419,0.8420201249114652,0.7565514996500562,-0.0011130239212915891,0.0021962403740881406,0.001223497067206691,0.001629938480392452,-0.0035972617445680292,-0.0016292852904888004
25.78,0.37152462115501306,-0.10304972101578497,0.49413756010983706,0.7504550473409971,0.8420419079962068,0.7565636531712217,-0.0010967627348473074,0.002160430916999606,0.0012072087832806096,0.0016222755522872093,-0.0035646562702485985,-0.0016283150360696258
25.79,0.3715270718263323,-0.1030469514589018,0.4941542961544391,0.7504441606979725,0.8420633346140064,0.756575643863691,-0.0010805788730379523,0.002124946721755105,0.001190931889000196,0.0016144737863889537,-0.0035322088747475194,-0.0016270080267009102
25.8,0.3715294786083454,-0.10304422464600249,0.49417077128446746,0.7504334355011817,0.842084408009625,0.75658747185813,-0.001064473717260842,0.0020897862225804347,0.001174669731978634,0.0016065345779079528,-0.0034999165568216617,-0.0016253682472235336
25.810000000000002,0.3715318420341715,-0.10304154029657875,0.4941869873180894,0.7504228709567144,0.8421051314123216,0.7565991373184847,-0.0010484486349875437,0.0020549478836670372,0.00115842562005147,0.0015984593169063863,-0.00346777632470554,-0.0016233996685094928
25.82,0.3715341626310781,-0.10303889812863848,0.49420294607934045,0.7504124662570566,0.8421255080361432,0.7566106404415799,-0.0010325049798146054,0.0020204301990752543,0.0011422028214156945,0.0015902493882098338,-0.0034357851963238667,-0.0016211062471982978
25.830000000000002,0.3715364409205702,-0.1030362978587126,0.49421864939811666,0.750402220581227,0.8421455410802269,0.7566219814567241,-0.0010166440915167201,0.001986231692636462,0.0011260045647740362,0.0015819061713193323,-0.0034039401995044714,-0.001618491925434328
25.84,0.37153867741848007,-0.10303373920186437,0.49423409911016825,0.7503921330949148,0.8421652337290986,0.7566331606253179,-0.001000867296101365,0.0019523509178546604,0.0011098340394823524,0.0015734310403226058,-0.0033722383721924787,-0.0016155606306020491
25.85,0.3715408726350541,-0.10303122187169794,0.4942492970570864,0.750382202950619,0.8421845891529641,0.756644178240457,-0.0009851759058614631,0.0019187864578011642,0.0010936943956961513,0.00156482536380452,-0.0033406767626644874,-0.0016123162750597533
25.86,0.3715430270750437,-0.10302874558036484,0.4942642450863009,0.7503724292877819,0.8422036105080117,0.7566550346265464,-0.0009695712194330141,0.001885536925013353,0.0010775887445250193,0.0015560905047577178,-0.003309252429744274,-0.0016087627558729937
25.87,0.3715451412377911,-0.10302631003857582,0.49427894505106057,0.750362811232932,0.8422223009366931,0.7566657301389021,-0.0009540545218497387,0.0018526009613866368,0.0010615201581841748,0.0015472278204914482,-0.0032779624430197287,-0.0016049039545440172
25.88,0.3715472156173196,-0.10302391495560448,0.49429339881044043,0.7503533478998101,0.8422406635680351,0.7566762651633742,-0.0009386270846013572,0.0018199772380650702,0.0010454916701536504,0.0015382386625420214,-0.003246803883058214,-0.0016007437367450237
25.89,0.37154925070241973,-0.10302156003929869,0.49430760822932374,0.7503440383895106,0.8422587015179199,0.7566866401159535,-0.0009232901656915424,0.0017876644553315236,0.0010295062753370471,0.001529124376580669,-0.003215773841625425,-0.0015962859520449156
25.900000000000002,0.37155124697673547,-0.10301924499608883,0.4943215751783926,0.750334881790617,0.8422764178893744,0.7566968554423859,-0.0009080450096967257,0.0017556613424943978,0.0010135669302234317,0.0015198863023217076,-0.003184869421904561,-0.0015915344336365146
25.91,0.371553204918853,-0.10301696953099432,0.49433530153412003,0.7503258771793352,0.8422938157728594,0.7567069116177881,-0.0008928928478265596,0.0017239666577731421,0.000997676553052966,0.0015105257734301246,-0.0031540877387158136,-0.0015864929980625375
25.92,0.37155512500238685,-0.10301473334763128,0.49434878917877556,0.7503170236196196,0.8423108982465757,0.7567168091462773,-0.0008778348979845511,0.0016925791881777785,0.0009818380239854363,0.0015010441174297942,-0.0031234259187339804,-0.0015811654449435979
25.93,0.3715570076960647,-0.10301253614822325,0.4943620400003938,0.750308320163319,0.8423276683767214,0.7567265485605726,-0.0008628723648301256,0.0016614977493936824,0.0009660541852693273,0.001491442655608279,-0.0030928811007138323,-0.0015755555566962973
25.94,0.37155885346381545,-0.1030103776336056,0.49437505589279296,0.7502997658502936,0.8423441292178118,0.7567361304216371,-0.0008480064398412357,0.001630721185654746,0.0009503278414169207,0.0014817227029251142,-0.0030624504357074215,-0.0015696670982615227
25.95,0.37156066276485167,-0.10300825750323755,0.4943878387555387,0.7502913597085642,0.8423602838129266,0.7567455553182795,-0.0008332383013785861,0.0016002483696251231,0.0009346617593788757,0.001471885567914975,-0.0030321310872918035,-0.0015635038168183768
25.96,0.37156243605375827,-0.1030061754552058,0.49440039049396267,0.750283100754426,0.8423761351940285,0.7567548238667993,-0.0008185691147499181,0.0015700782022675228,0.0009190586687246789,0.0014619325525949815,-0.0030019202317878324,-0.0015570694415099695
25.97,0.3715641737805745,-0.10300413118623497,0.49441271301914186,0.7502749879925875,0.8423916863822278,0.7567639367106037,-0.0008040000322755915,0.001540209612716799,0.0009035212618233547,0.0014518649523681847,-0.002971815058486799,-0.0015503676831584601
25.98,0.37156587639087907,-0.10300212439169532,0.4944248082478908,0.7502670204163011,0.8424069403880621,0.7567728945198362,-0.0007895321933558168,0.0015106415581503819,0.0008880521940287453,0.0014416840559275115,-0.002941812769875816,-0.0015434022339815361
25.990000000000002,0.3715675443258752,-0.10300015476560825,0.4944366781027628,0.7502591970074848,0.8424219002117888,0.7567816979910142,-0.0007751667245374703,0.0014813730236522646,0.0008726540838667302,0.0014313911451600816,-0.002911910581861984,-0.0015361767673101505
26.0,0.3715691780224718,-0.10299822200065828,0.49444832451202747,0.7502515167368629,0.8424365688436414,0.7567903478466492,-0.00076090473958299,0.001452403022080902,0.000857329513224832,0.001420987495048914,-0.00288210572400196,-0.0015286949372988988
26.01,0.3715707779133698,-0.10299632578819479,0.49445974940968695,0.7502439785640758,0.842450949264138,0.7567988448348989,-0.0007467473395400987,0.001423730593928329,0.0008420810275471776,0.0014104743735772784,-0.002852395439725826,-0.0015209603786439756
26.02,0.37157234442714154,-0.10299446581824562,0.49447095473544284,0.7502365814378252,0.8424650444443234,0.7568071897291857,-0.0007326956128122523,0.0013953548071840613,0.0008269111360288389,0.0013998530416285784,-0.0028227769865693435,-0.0015129767062888953
26.03,0.3715738779883157,-0.10299264177951994,0.49448194243470867,0.7502293242959881,0.8424788573460671,0.7568153833278475,-0.0007187506352293189,0.0013672747571886299,0.0008118223118150491,0.0013891247528893737,-0.0027932476364002554,-0.0015047475151388544
26.04,0.37157537901745763,-0.10299085335941899,0.4944927144585943,0.7502222060657465,0.8424923909223249,0.7568234264537723,-0.0007049134701215109,0.0013394895664931303,0.0007968169922041799,0.0013782907537494946,-0.002763804675649949,-0.0014962763797671792
26.05,0.3715768479312527,-0.10298910024403951,0.49450327276391004,0.7502152256637059,0.8425056481174243,0.7568313199540502,-0.0006911851683915893,0.0013119983847085467,0.0007818975788517322,0.0013673522832032964,-0.0027344454055422784,-0.0014875668541252138
26.060000000000002,0.371578285142584,-0.1029873821181872,0.494513619313135,0.750208381996036,0.8425186318673034,0.7568390646995965,-0.0006775667685896648,0.0012848003883607748,0.0007670664379769445,0.0013563105727476747,-0.0027051671423292344,-0.0014786224712430064
26.07,0.3715796910606165,-0.10298569866537804,0.49452375607444166,0.7502016739585732,0.8425313450998154,0.7568466615848236,-0.0006640592969891424,0.0012578947807359183,0.0007523259005757814,0.0013451668462836138,-0.0026759672175189907,-0.001469446742940128
26.080000000000002,0.3715810660908756,-0.10298404956784873,0.49453368502167094,0.7501951004369548,0.8425437907349757,0.7568541115272758,-0.0006506637676625133,0.0012312807917276968,0.0007376782626327272,0.0013339223200136332,-0.002646842978111577,-0.0014600431595252782
26.09,0.37158241063532654,-0.10298243450656264,0.4945434081343315,0.7501886603067376,0.8425559716852311,0.7568614154672828,-0.0006373811825593666,0.0012049576776816835,0.0007231257853382566,0.0013225782023404504,-0.0026177917868325778,-0.0014504151894991209
26.1,0.3715837250924532,-0.10298085316121891,0.4945529273975879,0.750182352433522,0.8425678908557181,0.7568685743676105,-0.0006242125315845113,0.0011789247212368387,0.0007086706953076722,0.001311135693764384,-0.002588811022368908,-0.0014405662792537895
26.11,0.37158500985733917,-0.1029793052102565,0.49456224480226774,0.750176175673064,0.8425795511445412,0.7568755892131248,-0.0006111587926778476,0.001153181231163729,0.0006943151848047644,0.0012995959867813545,-0.002559898079602658,-0.0014304998527743978
26.12,0.3715862653217427,-0.1029777903308639,0.4945713623448378,0.750170128871406,0.8425909554430103,0.7568824610104368,-0.0005982209318946747,0.001127726542203066,0.0006800614119661891,0.00128796026577837,-0.0025310503698502736,-0.0014202193113334058
26.13,0.3715874918741774,-0.10297630819898446,0.49458028202741605,0.7501642108649831,0.8426021066359225,0.756889190787575,-0.0005853999034874576,0.0011025600148984146,0.0006659115010311684,0.001276229706930875,-0.002502265321097743,-0.0014097280331903167
26.14,0.37158868989998717,-0.10297485848932492,0.49458900585775034,0.7501584204807515,0.842613007601799,0.7568957795936364,-0.0005726966499884529,0.0010776810354300402,0.0006518675425723846,0.0012644054780972512,-0.002473540378240887,-0.001399029373283679
26.150000000000002,0.37158985978142456,-0.10297344087536059,0.4945975358492246,0.7501527565362976,0.8426236612131567,0.7569022284984602,-0.0005601121022932293,0.00105308901544299,0.000637931593731076,0.0012524887387147332,-0.0024448730033231093,-0.0013881266629269448
26.16,0.37159100189772687,-0.10297205502934231,0.4946058740208513,0.7501472178399545,0.8426340703367586,0.7569085385922926,-0.000547647179745371,0.0010287833918744952,0.0006241056784547215,0.0012404806396937532,-0.0024162606757753865,-0.0013770232095003214
26.17,0.37159211662519076,-0.10297070062230501,0.4946140223972582,0.7501418031909232,0.842644237833856,0.7569147109854499,-0.0005353027902228067,0.0010047636267808955,0.0006103917877380986,0.0012283823233113081,-0.002387700892658542,-0.001365722296139774
26.18,0.37159320433724696,-0.10296937732407302,0.4946219830086859,0.7501365113793841,0.8426541665604423,0.7569207468079933,-0.0005230798302242229,0.0009810292071588164,0.000596791879866956,0.0012161949231047535,-0.0023591911689044083,-0.0013542271814273455
26.19,0.37159426540453905,-0.1029680848032658,0.4946297578909962,0.750131341186602,0.8426638593675198,0.7569266472094126,-0.0005109791849567682,0.0009575796447634503,0.0005833078806654387,0.0012039195637655099,-0.002330729037556462,-0.00134254109908154
26.2,0.3715953001949912,-0.102966822727307,0.49463734908564333,0.750126291385054,0.8426733191013145,0.756932413358285,-0.000499001728425708,0.0009344144759299554,0.0005699416837459731,0.0011915573610298124,-0.002302312050016553,-0.0013306672576393805
26.21,0.3715963090738871,-0.10296559076242862,0.49464475863969065,0.7501213607385266,0.8426825486035504,0.7569380464419712,-0.0004871483235241621,0.0009115332613857051,0.000556695150763224,0.0011791094215720113,-0.0022739377762861944,-0.0013186088401457633
26.22,0.3715972924039399,-0.10296438857367923,0.4946519886057887,0.7501165480022374,0.8426915507116703,0.7569435476662835,-0.0004754198221241394,0.00088893558606447,0.000543570111669748,0.0011665768428947814,-0.00224560380521376,-0.0013063690038342883
26.23,0.3715982505453661,-0.10296321582492851,0.49465904104218505,0.7501118519229352,0.8427003282590956,0.7569489182551823,-0.0004638170651686925,0.0008666210589152411,0.0005305683649761166,0.001153960713220667,-0.0022173077447387125,-0.0012939508798119784
26.240000000000002,0.37159918385595675,-0.10296207217887599,0.4946659180127072,0.7501072712390177,0.8427088840754491,0.7569541594504522,-0.00045234088276586304,0.0008445893127122453,0.000517691678014009,0.0011412621113815861,-0.002189047222140003,-0.001281357572738258
26.25,0.37160009269114863,-0.10296095729705479,0.4946726215867674,0.7501028046806322,0.8427172209868052,0.7569592725113998,-0.0004409920942826939,0.0008228400038586921,0.0005049417872021166,0.0011284821067089111,-0.002160819884282416,-0.001268592160505957
26.26,0.37160097740409537,-0.10295987083984004,0.49467915383934946,0.7500984509697886,0.8427253418159146,0.7569642587145394,-0.00042977150844084256,0.0008013728121904111,0.0004923203983152057,0.0011156217589222983,-0.002132623397866312,-0.0012556576939184328
26.27,0.37160183834573657,-0.1029588124664535,0.49468551685101225,0.7500942088204602,0.8427332493824461,0.7569691193532931,-0.00041867992341352797,0.0007801874407762474,0.0004798291867571593,0.0011026821180183503,-0.0021044554496759595,-0.0012425571963669952
26.28,0.3716026758648691,-0.1029577818349699,0.49469171270788137,0.7500900769386908,0.8427409465032152,0.7569738557376866,-0.00040771812692263305,0.0007592836157148578,0.0004674697978358599,0.0010896642241586432,-0.0020763137468301305,-0.0012292936635061409
26.29,0.3716034903082141,-0.10295677860232377,0.4946977435016433,0.7500860540227006,0.8427484359924093,0.7569784691940472,-0.00039688689633848986,0.0007386610859319702,0.0004552438470430876,0.0010765691075570252,-0.0020481960170338205,-0.0012158700629269128
26.3,0.37160428202048545,-0.10295580242431501,0.4947036113295436,0.7500821387629866,0.8427557206618197,0.7569829610647103,-0.0003861869987791994,0.0007183196229716596,0.000443152920336072,0.0010633977883665203,-0.0020201000088293725,-0.0012022893338297517
26.310000000000002,0.3716050513444587,-0.10295485295561385,0.4947093182943854,0.7500783298424244,0.8427628033210678,0.7569873327077259,-0.0003756191912119732,0.0006982590207869243,0.0004311985744232728,0.0010501512765659499,-0.001992023491849628,-0.0011885543866959616
26.32,0.37160579862103643,-0.10295392984976826,0.49471486650451885,0.7500746259363714,0.842769686777823,0.756991585496564,-0.00036518422055622905,0.0006784790955292838,0.0004193823370539854,0.0010368305718453316,-0.001963964257071985,-0.0011746681029564145
26.330000000000002,0.3716065241893157,-0.10295303275920836,0.49472025807384173,0.7500710257127661,0.8427763738380262,0.7569957208198288,-0.0003548828237861513,0.0006589796853322562,0.00040770570730952504,0.0010234366634913148,-0.001935920117072803,-0.0011606333346602024
26.34,0.37160722838665267,-0.10295216133525298,0.49472549512179576,0.7500675278322243,0.842782867306111,0.7569997400809746,-0.00034471572803492255,0.0006397606500931849,0.0003961701558983627,0.0010099705302719665,-0.0019078889062823835,-0.0011464529041417943
26.35,0.37160791154872896,-0.1029513152281144,0.4947305797733621,0.7500641309481408,0.8427891699852171,0.757003644698022,-0.0003346836507019292,0.0006208218712563543,0.0003847771254564866,0.0009964331403207278,-0.001879868481242052,-0.0011321296036856912
26.36,0.371608574009614,-0.10295049408690582,0.4947355141590515,0.7500608337067877,0.8427952846773995,0.7570074361032743,-0.0003247872995583381,0.0006021632515883198,0.00037352803084793015,0.000982825451019869,-0.0018518567208616254,-0.0011176661951899723
26.37,0.3716092161018306,-0.10294969755964373,0.49474030041491424,0.7500576347474014,0.8428012141838553,0.7570111157430518,-0.0003150273728562575,0.0005837847149541057,0.00036242425947188844,0.0009691484088840647,-0.0018238515266762645,-0.0011030654098303353
26.38,0.3716098381564171,-0.10294892529325639,0.4947449406825255,0.7500545327022863,0.8428069613051202,0.7570146850774103,-0.00030540455943709626,0.000565686206088717,0.00035146717157028256,0.0009554029494423188,-0.0017958508231065646,-0.0010883299477195728
26.39,0.3716104405029901,-0.10294817693358665,0.49474943710898783,0.7500515261969033,0.8428125288412832,0.7570181455798745,-0.00029591953884246144,0.0005478676903674552,0.00034065810054076536,0.0009415899971202109,-0.001767852557717978,-0.0010734624775679729
26.400000000000002,0.37161102346980446,-0.10294745212539919,0.49475379184692536,0.750048613849964,0.8428179195921892,0.7570214987371703,-0.0002865729814258267,0.0005303291535733667,0.0003299983532524494,0.00092771046512119,-0.0017398547014818477,-0.0010584656363411865
26.41,0.37161158738381606,-0.10294675051238511,0.4947580070544769,0.7500457942735249,0.8428231363576367,0.7570247460489579,-0.0002773655484649323,0.0005130706016613319,0.0003194892103644922,0.0009137652553070748,-0.0017118552490371951,-0.0010433420289162588
26.42,0.37161213257074066,-0.10294607173716663,0.49476208489530016,0.7500430660730721,0.8428281819375877,0.7570278890275767,-0.00026829789227640876,0.0004960920605207825,0.00030913192664958604,0.0008997552580788016,-0.0016838522189528962,-0.0010280942277379793
26.43,0.37161265935511445,-0.10294541544130165,0.49476602753856946,0.7500404278476108,0.8428330591323664,0.7570309291977884,-0.0002593706563306236,0.00047939357573442953,0.00029892773131958474,0.0008856813522561083,-0.0016558436539910648,-0.0010127247724726642
26.44,0.37161316806035155,-0.10294478126529066,0.4947698371589617,0.7500378781897603,0.8428377707428403,0.757033868096515,-0.0002505844753681725,0.0004629752123357066,0.00028887782835487655,0.0008715444049560624,-0.0016278276213722177,-0.0009972361696589578
26.45,0.3716136590088017,-0.10294416884858021,0.4947735159366636,0.7500354156858329,0.8428423195706282,0.7570367072725954,-0.00024193997551750875,0.0004468370545622959,0.00027898339683763676,0.0008573452714723563,-0.0015998022130399082,-0.0009816308923603504
26.46,0.3716141325218102,-0.10294357782956698,0.4947770660573719,0.7500330389159204,0.8428467084182911,0.7570394482865401,-0.0002334377744134306,0.0004309792056068993,0.0002692455912879262,0.0008430847951531292,-0.0015717655459263741,-0.0009659113798144227
26.47,0.37161458891976995,-0.1029430078456049,0.4947804897122771,0.7500307464539839,0.842850940089507,0.7570420927102778,-0.00022507848131831976,0.0004154017873686654,0.0002596655420048521,0.0008287638072782157,-0.0015437157622211182,-0.0009500800370797384
26.48,0.3716150285221811,-0.10294245853300654,0.49478378909807724,0.750028536867929,0.8428550173892745,0.757044642126926,-0.00021686269724143165,0.0004001049401949788,0.000250244355408061,0.0008143831269364217,-0.0015156510296370927,-0.0009341392346838253
26.490000000000002,0.3716154516477035,-0.10294192952705195,0.49478696641695985,0.7500264087196966,0.8428589431240777,0.7570470981305426,-0.0002087910150637225,0.0003850888226297039,0.00024098311438722827,0.0007999435609015529,-0.001487569541681444,-0.0009180913082667971
26.5,0.371615858614211,-0.10294142046198995,0.4947900238766106,0.7500243605653376,0.8428627201020787,0.7570494623259005,-0.00020086401965984545,0.000370353611150244,0.0002318828786508262,0.0007854459035083973,-0.001459469517923994,-0.0009019385582258688
26.51,0.37161624973884644,-0.10294093097104268,0.49479296369021064,0.7500223909550908,0.8428663511332981,0.7570517363282577,-0.00019308228802418788,0.0003558994999073819,0.0002229446850815517,0.0007708909365281364,-0.0014313492042680883,-0.0008856832493577648
26.52,0.3716166253380725,-0.10294046068641077,0.4947957880764308,0.7500204984334655,0.8428698390297824,0.7570539217631276,-0.00018544638939620858,0.00034172670045912423,0.0002141695480929555,0.0007562794290427717,-0.0014032068732225981,-0.000869327610498733
26.53,0.3716169857277231,-0.10294000923927904,0.49479849925942676,0.7500186815393194,0.8428731866057749,0.7570560202660525,-0.00017795688538931119,0.00032783544150583716,0.0002055584599923863,0.0007416121373192623,-0.0013750408241749075,-0.0008528738341635935
26.54,0.37161733122305607,-0.10293957625981798,0.49480109946884543,0.7500169388059285,0.8428763966778965,0.7570580334823939,-0.00017061433011812463,0.00031422596861700297,0.0001971123913444189,0.0007268898046833824,-0.001346849383663398,-0.0008363240761844655
26.55,0.3716176621388012,-0.10293916137718934,0.4948035909398184,0.7500152687610654,0.8428794720653048,0.7570599630671097,-0.00016341927032978686,0.0003008985439608506,0.00018883229134082933,0.000712113161392455,-0.0013186309056524316,-0.0008196804553462618
26.560000000000002,0.37161797878921143,-0.10293876421955006,0.494805975912961,0.7500136699270712,0.8428824155898628,0.7570618106845455,-0.0001563722455342031,0.0002878534460266924,0.0001807190881716919,0.0006972829245079925,-0.0012903837718076239,-0.000802945053021892
26.57,0.3716182814881089,-0.10293838441405628,0.4948082566343684,0.7500121408209289,0.8428852300762951,0.7570635780082237,-0.000149473788137563,0.00027509096934829306,0.0001727736894023633,0.0006823997977674715,-0.0012621063917722776,-0.0007861199128052927
26.580000000000002,0.37161857054893427,-0.10293802158686727,0.4948104353556182,0.7500106799543321,0.8428879183523522,0.7570652667206409,-0.00014272442357580694,0.0002626114242218797,0.00016499698235265654,0.0006674644714558018,-0.0012337972034445136,-0.0007692070401435931
26.59,0.371618846284793,-0.10293767536314768,0.4948125143337686,0.7500092858337525,0.8428904832489678,0.7570668785130694,-0.00013612467044981546,0.0002504151364221667,0.00015738983448020536,0.0006524776222761108,-0.001205454673255066,-0.0007522084019676635
26.6,0.3716191090085005,-0.10293734536707422,0.4948144958313549,0.7500079569605106,0.8428929276004078,0.7570684150853572,-0.00012967504066162564,0.00023850244691530557,0.00014995309376713778,0.0006374399132198378,-0.001177077296446712,-0.0007351259263206482
26.61,0.37161935903262727,-0.10293703122183695,0.4948163821163857,0.750006691830843,0.8428952542444181,0.7570698781457336,-0.00012337603955305887,0.0002268737115709659,0.00014268758911180007,0.0006223519934365593,-0.0011486635973547636,-0.0007179615019855334
26.62,0.3716195966695438,-0.10293673254964258,0.4948181754623547,0.7500054889359596,0.8428974660223874,0.7570712694106297,-0.00011722816604313074,0.0002155293008666876,0.00013559413072141525,0.0006072144981031142,-0.0011202121296866089,-0.0007007169781117652
26.63,0.371619822231462,-0.10293644897172083,0.4948198781482186,0.7500043467621205,0.842899565779466,0.7570725906044776,-0.0001112319127707719,0.00020446959959749124,0.00012867351051280875,0.0005920280482919747,-0.0010917214768057443,-0.0006833941638385076
26.64,0.37162003603047894,-0.1029361801083235,0.49482149245842044,0.7500032637906817,0.8429015563647374,0.7570738434595485,-0.0001053877662345711,0.00019369500657379185,0.00012192650251234375,0.0005767932508396684,-0.0010631902520126088,-0.0006659948279193693
26.650000000000002,0.3716202383786174,-0.10293592557873132,0.49482302068286943,0.7500022384981702,0.8429034406313329,0.7570750297157598,-9.969620693634108e-05,0.00018320593432202164,0.00011535386326212222,0.0005615106982136422,-0.0010346170988295824,-0.0006485206983423391
26.66,0.37162042958786645,-0.10293568500125583,0.49482446511694883,0.7500012693563364,0.8429052214365774,0.7570761511205093,-9.415770952602378e-05,0.00017300280878181735,0.00010895633223025157,0.0005461809683797058,-0.0010060006912858597,-0.0006309734619509129
26.67,0.3716206099702207,-0.10293545799324122,0.4948258280615192,0.7500003548322098,0.8429069016421261,0.7570772094285094,-8.877274294659625e-05,0.00016308606899804185,0.00010273463222331703,0.0005308046246680609,-0.0009773397342022685,-0.0006133547640625066
26.68,0.37162077983771935,-0.10293524417106964,0.4948271118229094,0.7499994933881611,0.8429084841140846,0.757078206401616,-8.354177058199839e-05,0.00015345616681322727,9.668946980453988e-05,0.000515382215639266,-0.0009486329634791809,-0.000595666208085436
26.69,0.37162093950248254,-0.10293504315016327,0.4948283187129167,0.7499986834819566,0.8429099717231346,0.7570791438086686,-7.846525040435226e-05,0.00014411356655322197,9.082153571346014e-05,0.0004999142749491307,-0.0009198791463835286,-0.0005779093551342103
26.7,0.3716210892767495,-0.10293485454498508,0.49482945104881937,0.7499979235668038,0.8429113673446738,0.757080023425343,-7.354363512488581e-05,0.00013505874471409876,8.513150529227167e-05,0.00048440132121397244,-0.0008910770818373879,-0.0005600857236448658
26.71,0.3716212294729132,-0.10293467796904521,0.49483051115336013,0.7499972120914137,0.8429126738589139,0.7570808470339877,-6.877737234400957e-05,0.00012629218964256423,7.962003891328575e-05,0.00046884385787409076,-0.0008622256007079342,-0.0005421967889862699
26.72,0.3716213604035562,-0.10293451303489948,0.4948315013547636,0.7499965475000392,0.842913894151021,0.7570816164234891,-6.416690470388837e-05,0.00011781440121506084,7.428778241179542e-05,0.00045324237305796887,-0.0008333235660976598,-0.00052424398307273
26.73,0.37162148238148107,-0.10293435935415701,0.49483242398671085,0.7499959282325425,0.8429150311111961,0.7570823333891095,-5.9712670043678914e-05,0.00010962589051691075,6.913536752409604e-05,0.00043759733944464315,-0.0008043698736370846,-0.0005062286939719926
26.740000000000002,0.3716215957197482,-0.10293421653747692,0.4948332813883729,0.7499953527244181,0.8429160876348277,0.7570829997323725,-5.541510155221491e-05,0.00010172717951059395,6.416341232518685e-05,0.00042190921412677484,-0.0007753634517755139,-0.00048815226551544773
26.75,0.3716217007317021,-0.10293408419457523,0.4948340759043794,0.7499948194068621,0.8429170666225579,0.757083617260905,-5.1274627927209446e-05,9.411880071131855e-05,5.937252167601156e-05,0.00040617843847203823,-0.000746303262076434,-0.00047001599690309323
26.76,0.37162179773100706,-0.10293396193422405,0.4948348098848474,0.7499943267067957,0.8429179709804229,0.7570841877883288,-4.7291673530531734e-05,8.680129684921671e-05,5.476328766878429e-05,0.0003904054379849887,-0.0007171882995106314,-0.00045182114231041436
26.77,0.371621887031673,-0.10293384936425598,0.49483548568535723,0.7499938730469251,0.8429188036199212,0.7570847131341158,-4.3466658550141896e-05,7.977522053882412e-05,5.0336290082131364e-05,0.0003745906221673814,-0.0006880175927528704,-0.0004335689104907402
26.78,0.3716219689480862,-0.10293374609156453,0.49483610566697056,0.749993456845771,0.8429195674581339,0.757085195123481,-3.9799999158621735e-05,7.30411339363656e-05,4.609209683482714e-05,0.00035873438437880107,-0.0006587902044777195,-0.00041526046437857946
26.79,0.37162204379503505,-0.10293365172210722,0.49483667219622063,0.7499930765177146,0.8429202654178035,0.7570856355872573,-3.629210767693307e-05,6.659960840136682e-05,4.203126444783085e-05,0.00034283710169613125,-0.0006295052316575346,-0.00039689692068978997
26.8,0.371622111887739,-0.10293356586090663,0.49483718764512313,0.7499927304730293,0.8429209004274372,0.7570860363617917,-3.29433927369576e-05,6.04512241502894e-05,3.8154338507360076e-05,0.0003268991347728927,-0.0006001618058606137,-0.00037847934952142567
26.810000000000002,0.3716221735418732,-0.10293348811205122,0.49483765439117194,0.7499924171179203,0.8429214754213865,0.7570863992888343,-2.9754259446713957e-05,5.459656990962788e-05,3.446185413338996e-05,0.000310920827697827,-0.0005707590935511347,-0.00036000877394936926
26.82,0.3716222290735907,-0.10293341807870043,0.49483807481733477,0.7499921348545621,0.8429219933399242,0.7570867262154313,-2.6725109557069975e-05,4.903624256612467e-05,3.095433645228308e-05,0.00029490250785279795,-0.0005412962963897133,-0.0003414861696243794
26.830000000000002,0.37162227879954973,-0.10293335536308124,0.4948384513120689,0.7499918820811229,0.842922457129341,0.7570870189938378,-2.385634162867466e-05,4.377084681167159e-05,2.7632301072111766e-05,0.0002788444857705525,-0.0005117726515346738,-0.0003229124643675695
26.84,0.37162232303693243,-0.10293329956649394,0.49483878626930955,0.7499916571918036,0.8429228697420061,0.7570872794814167,-2.1148351202087094e-05,3.8800994788573566e-05,2.449625456403017e-05,0.0002627470549915705,-0.00048218743194510845,-0.0003042885377633611
26.85,0.3716223621034686,-0.10293325028931133,0.49483908208847743,0.749991458576864,0.8429232341364471,0.7570875095405537,-1.8601530967917315e-05,3.412730572908583e-05,2.1546694946111643e-05,0.0002466104919204451,-0.0004525399466841732,-0.00028561522075143067
26.86,0.37162239631745353,-0.10293320713097981,0.4948393411744786,0.7499912846226499,0.8429235532774169,0.757087711038573,-1.6216270938831865e-05,2.9750405592717975e-05,1.878411217175704e-05,0.00023043505568191643,-0.00042282954122404854,-0.00026689329521728056
26.87,0.3716224259977692,-0.10293316969002148,0.4948395659377089,0.74999113371162,0.8429238301359607,0.757087885847661,-1.3992958623942844e-05,2.567092670220451e-05,1.620898862329706e-05,0.00021422098797614533,-0.00039305559775146487,-0.00024812349358109635
26.88,0.37162245146390055,-0.102933137564034,0.4948397587940572,0.7499910042223678,0.8429240676894817,0.7570880358447944,-1.1931979201903459e-05,2.188950737138181e-05,1.3821799606535802e-05,0.00019796851293347792,-0.00036321753547427813,-0.00022930649838517775
26.89,0.371622473035953,-0.10293311034969294,0.494839922164899,0.7499908945296493,0.8429242689217864,0.7570881629116649,-1.0033715699565776e-05,1.840679153755321e-05,1.1623013854174457e-05,0.0001816778369687694,-0.0003333148109297189,-0.0002104429418798009
26.900000000000002,0.37162249103466694,-0.10293308764275089,0.4948400584771086,0.7499908030043979,0.8429244368231524,0.7570882689346241,-8.29854916842989e-06,1.522342838399244e-05,9.613094029154012e-06,0.00016534914863516512,-0.00030334691829289205,-0.00019153340560792737
26.91,0.3716225057814343,-0.1029330690380389,0.4948401701630609,0.7499907280137446,0.8429245743903767,0.7570883558046233,-6.726858864281484e-06,1.2340071962550755e-05,7.792497234141107e-06,0.00014898261847711984,-0.0002733133896864572,-0.00017257841998793454
26.92,0.37162251759830944,-0.10293305412946763,0.4948402596606236,0.7499906679210395,0.8429246846268114,0.7570884254171545,-5.319022428372177e-06,9.757380813292885e-06,6.1616755252746156e-06,0.00013257839888329136,-0.00024321379549222257,-0.00015357846389529013
26.93,0.371622526808022,-0.1029330425100275,0.494840329413171,0.7499906210858621,0.842924770542419,0.7570884796722097,-4.075416069144287e-06,7.476017579283455e-06,4.721076429036377e-06,0.00011613662393836196,-0.00021304774466226892,-0.00013453396424234943
26.94,0.3716225337339893,-0.10293303377178725,0.49484038186958257,0.7499905858640364,0.8429248351538067,0.7570885204742351,-2.996414746586302e-06,5.496648620378642e-06,3.471143464651128e-06,9.96574092748679e-05,-0.0001828148850325624,-0.00011544529555711081
26.95,0.3716225387003244,-0.10293302750589661,0.4948404194842516,0.7499905606076387,0.8429248814842686,0.7570885497320983,-2.082392357211517e-06,3.8199436222881484e-06,2.412316669712232e-06,8.314085192424601e-05,-0.00015251490363693389,-9.631277956029764e-05
26.96,0.3716225420318455,-0.1029330233025848,0.49484044471707783,0.7499905436650148,0.8429249125638031,0.7570885693590478,-1.3337219205985138e-06,2.446575202628507e-06,1.5450331301210032e-06,6.658703016716935e-05,-0.00012214752702212518,-7.71366847406085e-05
26.97,0.3716225440540818,-0.10293302075116201,0.4948404600334756,0.749990533380784,0.8429249314291483,0.7570885812726897,-7.507757683704682e-07,1.3772185155341579e-06,8.697275153735449e-07,4.9996003383669295e-05,-9.17125215641244e-05,-5.7917225929005615e-05
26.98,0.3716225450932813,-0.1029330194400182,0.4948404679043775,0.7499905280958461,0.8429249411238025,0.7570885873949667,-3.3392573323219344e-07,6.125508504558512e-07,3.868326164378449e-07,3.336781190256393e-05,-6.12096937854202e-05,-3.8654563871266614e-05
26.990000000000002,0.3716225454764165,-0.1029330189566216,0.49484047080624693,0.7499905261473778,0.8429249446980576,0.7570885896521489,-8.354334009272702e-08,1.5325122883953722e-07,9.677988858155755e-08,1.6702476850426452e-05,-3.063889067340391e-05,-1.9348804799156058e-05
27.0,0.3716225455311848,-0.1029330188875211,0.4948404712210624,0.7499905258688487,0.842924945208989,0.7570885899748078,-0.0,0.0,0.0,-0.0,0.0,0.0
