[0.000000] (-) TimerEvent: {}
[0.000373] (-) JobUnselected: {'identifier': 'gim_arm_description'}
[0.000389] (-) JobUnselected: {'identifier': 'gim_arm_moveit_config'}
[0.000427] (-) JobUnselected: {'identifier': 'gim_control'}
[0.000438] (gim_arm_hardware) JobQueued: {'identifier': 'gim_arm_hardware', 'dependencies': OrderedDict()}
[0.000900] (gim_arm_hardware) JobStarted: {'identifier': 'gim_arm_hardware'}
[0.009671] (gim_arm_hardware) JobProgress: {'identifier': 'gim_arm_hardware', 'progress': 'cmake'}
[0.010201] (gim_arm_hardware) JobProgress: {'identifier': 'gim_arm_hardware', 'progress': 'build'}
[0.010860] (gim_arm_hardware) Command: {'cmd': ['/home/minh/.local/bin/cmake', '--build', '/home/minh/gim60108_ws/build/gim_arm_hardware', '--', '-j16', '-l16'], 'cwd': '/home/minh/gim60108_ws/build/gim_arm_hardware', 'env': OrderedDict([('GJS_DEBUG_TOPICS', 'JS ERROR;JS LOG'), ('LESSOPEN', '| /usr/bin/lesspipe %s'), ('USER', 'minh'), ('LC_TIME', 'vi_VN'), ('XDG_SESSION_TYPE', 'x11'), ('SHLVL', '1'), ('LD_LIBRARY_PATH', '/home/minh/gim60108_ws/install/gim_arm_hardware/lib:/home/minh/rehab_robot_ver2_modified/install/rviz_custom_plugins/lib:/home/minh/rehab_robot_ver2_modified/install/gravity_compensation/lib:/home/minh/rehab_robot_ver2_modified/install/can_odrive_interface/lib:/home/minh/apriltag_ws/install/apriltag_ros/lib:/usr/lib/x86_64-linux-gnu/gazebo-11/plugins:/opt/ros/humble/opt/rviz_ogre_vendor/lib:/opt/ros/humble/lib/x86_64-linux-gnu:/opt/ros/humble/lib'), ('HOME', '/home/minh'), ('CYCLONEDDS_URI', '/home/minh/cyclonedds_config.xml'), ('OLDPWD', '/home/minh/gim60108_ws'), ('DESKTOP_SESSION', 'ubuntu-xorg'), ('GIO_LAUNCHED_DESKTOP_FILE', '/usr/share/applications/terminator.desktop'), ('ROS_PYTHON_VERSION', '3'), ('GNOME_SHELL_SESSION_MODE', 'ubuntu'), ('GTK_MODULES', 'gail:atk-bridge'), ('LC_MONETARY', 'vi_VN'), ('ROS_IP', '10.136.4.158'), ('MANAGERPID', '2304'), ('SYSTEMD_EXEC_PID', '2577'), ('DBUS_SESSION_BUS_ADDRESS', 'unix:path=/run/user/1000/bus'), ('COLORTERM', 'truecolor'), ('TERMINATOR_DBUS_NAME', 'net.tenshu.Terminator21a9d5db22c73a993ff0b42f64b396873'), ('GIO_LAUNCHED_DESKTOP_FILE_PID', '3178'), ('COLCON_PREFIX_PATH', '/home/minh/gim60108_ws/install:/home/minh/rehab_robot_ver2_modified/install:/home/minh/apriltag_ws/install:/home/minh/moveit_ws/install'), ('ROS_DISTRO', 'humble'), ('GTK_IM_MODULE', 'ibus'), ('LOGNAME', 'minh'), ('JOURNAL_STREAM', '8:10563'), ('_', '/usr/bin/colcon'), ('ROS_VERSION', '2'), ('XDG_SESSION_CLASS', 'user'), ('USERNAME', 'minh'), ('TERM', 'xterm-256color'), ('GNOME_DESKTOP_SESSION_ID', 'this-is-deprecated'), ('ROS_LOCALHOST_ONLY', '1'), ('WINDOWPATH', '2'), ('PATH', '/opt/ros/humble/bin:/home/minh/.local/bin:/usr/local/sbin:/usr/local/bin:/usr/sbin:/usr/bin:/sbin:/bin:/usr/games:/usr/local/games:/snap/bin:/snap/bin'), ('SESSION_MANAGER', 'local/minh-LOQ-15APH8:@/tmp/.ICE-unix/2549,unix/minh-LOQ-15APH8:/tmp/.ICE-unix/2549'), ('INVOCATION_ID', '8060943018564186a042c790a14e233f'), ('XDG_MENU_PREFIX', 'gnome-'), ('LC_ADDRESS', 'vi_VN'), ('XDG_RUNTIME_DIR', '/run/user/1000'), ('DISPLAY', ':0'), ('TERMINATOR_DBUS_PATH', '/net/tenshu/Terminator2'), ('LANG', 'en_US.UTF-8'), ('XDG_CURRENT_DESKTOP', 'ubuntu:GNOME'), ('IBUS_DISABLE_SNOOPER', '1'), ('LC_TELEPHONE', 'vi_VN'), ('RMW_IMPLEMENTATION', 'rmw_cyclonedds_cpp'), ('XMODIFIERS', '@im=ibus'), ('XDG_SESSION_DESKTOP', 'ubuntu-xorg'), ('XAUTHORITY', '/run/user/1000/gdm/Xauthority'), ('LS_COLORS', 'rs=0:di=01;34:ln=01;36:mh=00:pi=40;33:so=01;35:do=01;35:bd=40;33;01:cd=40;33;01:or=40;31;01:mi=00:su=37;41:sg=30;43:ca=30;41:tw=30;42:ow=34;42:st=37;44:ex=01;32:*.tar=01;31:*.tgz=01;31:*.arc=01;31:*.arj=01;31:*.taz=01;31:*.lha=01;31:*.lz4=01;31:*.lzh=01;31:*.lzma=01;31:*.tlz=01;31:*.txz=01;31:*.tzo=01;31:*.t7z=01;31:*.zip=01;31:*.z=01;31:*.dz=01;31:*.gz=01;31:*.lrz=01;31:*.lz=01;31:*.lzo=01;31:*.xz=01;31:*.zst=01;31:*.tzst=01;31:*.bz2=01;31:*.bz=01;31:*.tbz=01;31:*.tbz2=01;31:*.tz=01;31:*.deb=01;31:*.rpm=01;31:*.jar=01;31:*.war=01;31:*.ear=01;31:*.sar=01;31:*.rar=01;31:*.alz=01;31:*.ace=01;31:*.zoo=01;31:*.cpio=01;31:*.7z=01;31:*.rz=01;31:*.cab=01;31:*.wim=01;31:*.swm=01;31:*.dwm=01;31:*.esd=01;31:*.jpg=01;35:*.jpeg=01;35:*.mjpg=01;35:*.mjpeg=01;35:*.gif=01;35:*.bmp=01;35:*.pbm=01;35:*.pgm=01;35:*.ppm=01;35:*.tga=01;35:*.xbm=01;35:*.xpm=01;35:*.tif=01;35:*.tiff=01;35:*.png=01;35:*.svg=01;35:*.svgz=01;35:*.mng=01;35:*.pcx=01;35:*.mov=01;35:*.mpg=01;35:*.mpeg=01;35:*.m2v=01;35:*.mkv=01;35:*.webm=01;35:*.webp=01;35:*.ogm=01;35:*.mp4=01;35:*.m4v=01;35:*.mp4v=01;35:*.vob=01;35:*.qt=01;35:*.nuv=01;35:*.wmv=01;35:*.asf=01;35:*.rm=01;35:*.rmvb=01;35:*.flc=01;35:*.avi=01;35:*.fli=01;35:*.flv=01;35:*.gl=01;35:*.dl=01;35:*.xcf=01;35:*.xwd=01;35:*.yuv=01;35:*.cgm=01;35:*.emf=01;35:*.ogv=01;35:*.ogx=01;35:*.aac=00;36:*.au=00;36:*.flac=00;36:*.m4a=00;36:*.mid=00;36:*.midi=00;36:*.mka=00;36:*.mp3=00;36:*.mpc=00;36:*.ogg=00;36:*.ra=00;36:*.wav=00;36:*.oga=00;36:*.opus=00;36:*.spx=00;36:*.xspf=00;36:'), ('SSH_AGENT_LAUNCHER', 'gnome-keyring'), ('SSH_AUTH_SOCK', '/run/user/1000/keyring/ssh'), ('ROS_DOMAIN_ID', '0'), ('AMENT_PREFIX_PATH', '/home/minh/gim60108_ws/install/gim_control:/home/minh/gim60108_ws/install/gim_arm_moveit_config:/home/minh/gim60108_ws/install/gim_arm_hardware:/home/minh/gim60108_ws/install/gim_arm_description:/home/minh/rehab_robot_ver2_modified/install/rehab_robot_ver2_control:/home/minh/rehab_robot_ver2_modified/install/rviz_custom_plugins:/home/minh/rehab_robot_ver2_modified/install/rehab_robot_ver2:/home/minh/rehab_robot_ver2_modified/install/rehab_gui:/home/minh/rehab_robot_ver2_modified/install/my_rqt_plugin:/home/minh/rehab_robot_ver2_modified/install/gravity_compensation:/home/minh/rehab_robot_ver2_modified/install/can_odrive_interface:/home/minh/moveit_ws/install/my_robot_bringup:/home/minh/moveit_ws/install/my_robot_moveit_config:/home/minh/moveit_ws/install/my_robot_description:/home/minh/apriltag_ws/install/apriltag_ros:/opt/ros/humble'), ('SHELL', '/bin/bash'), ('LC_NAME', 'vi_VN'), ('TERMINATOR_UUID', 'urn:uuid:95f1abc0-9865-46d0-8926-ec51be58c1a2'), ('QT_ACCESSIBILITY', '1'), ('GDMSESSION', 'ubuntu-xorg'), ('LESSCLOSE', '/usr/bin/lesspipe %s %s'), ('LC_MEASUREMENT', 'vi_VN'), ('GPG_AGENT_INFO', '/run/user/1000/gnupg/S.gpg-agent:0:1'), ('GJS_DEBUG_OUTPUT', 'stderr'), ('LC_IDENTIFICATION', 'vi_VN'), ('QT_IM_MODULE', 'ibus'), ('PWD', '/home/minh/gim60108_ws/build/gim_arm_hardware'), ('LC_ALL', 'en_US.UTF-8'), ('XDG_CONFIG_DIRS', '/etc/xdg/xdg-ubuntu-xorg:/etc/xdg'), ('XDG_DATA_DIRS', '/usr/share/ubuntu-xorg:/usr/share/gnome:/usr/local/share/:/usr/share/:/var/lib/snapd/desktop'), ('PYTHONPATH', '/home/minh/gim60108_ws/install/gim_control/lib/python3.10/site-packages:/home/minh/rehab_robot_ver2_modified/install/rviz_custom_plugins/local/lib/python3.10/dist-packages:/home/minh/rehab_robot_ver2_modified/install/rehab_gui/lib/python3.10/site-packages:/home/minh/rehab_robot_ver2_modified/install/my_rqt_plugin/lib/python3.10/site-packages:/home/minh/apriltag_ws/install/apriltag_ros/local/lib/python3.10/dist-packages:/opt/ros/humble/lib/python3.10/site-packages:/opt/ros/humble/local/lib/python3.10/dist-packages'), ('LC_NUMERIC', 'vi_VN'), ('LC_PAPER', 'vi_VN'), ('COLCON', '1'), ('VTE_VERSION', '6800'), ('CMAKE_PREFIX_PATH', '/home/minh/gim60108_ws/install/gim_arm_moveit_config:/home/minh/gim60108_ws/install/gim_arm_hardware:/home/minh/gim60108_ws/install/gim_arm_description:/home/minh/rehab_robot_ver2_modified/install/rehab_robot_ver2_control:/home/minh/rehab_robot_ver2_modified/install/rviz_custom_plugins:/home/minh/rehab_robot_ver2_modified/install/rehab_robot_ver2:/home/minh/rehab_robot_ver2_modified/install/gravity_compensation:/home/minh/rehab_robot_ver2_modified/install/can_odrive_interface:/home/minh/moveit_ws/install/my_robot_bringup:/home/minh/moveit_ws/install/my_robot_moveit_config:/home/minh/moveit_ws/install/my_robot_description:/home/minh/apriltag_ws/install/apriltag_ros:/home/minh/gim60108_ws/install/gim_control:/home/minh/rehab_robot_ver2_modified/install/rehab_gui:/home/minh/rehab_robot_ver2_modified/install/my_rqt_plugin:/opt/ros/humble')]), 'shell': False}
[0.076755] (gim_arm_hardware) StderrLine: {'line': b'\x1b[0mCMake Deprecation Warning at CMakeLists.txt:1 (cmake_minimum_required):\n'}
[0.077045] (gim_arm_hardware) StderrLine: {'line': b'  Compatibility with CMake < 3.10 will be removed from a future version of\n'}
[0.077123] (gim_arm_hardware) StderrLine: {'line': b'  CMake.\n'}
[0.077186] (gim_arm_hardware) StderrLine: {'line': b'\n'}
[0.077245] (gim_arm_hardware) StderrLine: {'line': b'  Update the VERSION argument <min> value.  Or, use the <min>...<max> syntax\n'}
[0.077298] (gim_arm_hardware) StderrLine: {'line': b'  to tell CMake that the project requires at least <min> but has been updated\n'}
[0.077351] (gim_arm_hardware) StderrLine: {'line': b'  to work with policies introduced by <max> or earlier.\n'}
[0.077402] (gim_arm_hardware) StderrLine: {'line': b'\n'}
[0.077452] (gim_arm_hardware) StderrLine: {'line': b'\x1b[0m\n'}
[0.081049] (gim_arm_hardware) StdoutLine: {'line': b'-- Found ament_cmake: 1.3.14 (/opt/ros/humble/share/ament_cmake/cmake)\n'}
[0.099919] (-) TimerEvent: {}
[0.110019] (gim_arm_hardware) StdoutLine: {'line': b'-- Found Python3: /usr/bin/python3 (found version "3.10.12") found components: Interpreter\n'}
[0.168594] (gim_arm_hardware) StdoutLine: {'line': b'-- Found rclcpp: 16.0.19 (/opt/ros/humble/share/rclcpp/cmake)\n'}
[0.191983] (gim_arm_hardware) StdoutLine: {'line': b'-- Found rosidl_generator_c: 3.1.9 (/opt/ros/humble/share/rosidl_generator_c/cmake)\n'}
[0.193662] (gim_arm_hardware) StdoutLine: {'line': b'-- Found rosidl_adapter: 3.1.9 (/opt/ros/humble/share/rosidl_adapter/cmake)\n'}
[0.198025] (gim_arm_hardware) StdoutLine: {'line': b'-- Found rosidl_generator_cpp: 3.1.9 (/opt/ros/humble/share/rosidl_generator_cpp/cmake)\n'}
[0.200001] (-) TimerEvent: {}
[0.205515] (gim_arm_hardware) StdoutLine: {'line': b'-- Using all available rosidl_typesupport_c: rosidl_typesupport_fastrtps_c;rosidl_typesupport_introspection_c\n'}
[0.215078] (gim_arm_hardware) StdoutLine: {'line': b'-- Using all available rosidl_typesupport_cpp: rosidl_typesupport_fastrtps_cpp;rosidl_typesupport_introspection_cpp\n'}
[0.242144] (gim_arm_hardware) StdoutLine: {'line': b'-- Found rmw_implementation_cmake: 6.1.2 (/opt/ros/humble/share/rmw_implementation_cmake/cmake)\n'}
[0.243338] (gim_arm_hardware) StdoutLine: {'line': b'-- Found rmw_cyclonedds_cpp: 1.3.4 (/opt/ros/humble/share/rmw_cyclonedds_cpp/cmake)\n'}
[0.257823] (gim_arm_hardware) StdoutLine: {'line': b"-- Using RMW implementation 'rmw_cyclonedds_cpp' as default\n"}
[0.300117] (-) TimerEvent: {}
[0.304913] (gim_arm_hardware) StdoutLine: {'line': b'-- Found hardware_interface: 2.54.0 (/opt/ros/humble/share/hardware_interface/cmake)\n'}
[0.400239] (-) TimerEvent: {}
[0.434367] (gim_arm_hardware) StderrLine: {'line': b'\x1b[33mCMake Warning (dev) at /home/minh/.local/lib/python3.10/site-packages/cmake/data/share/cmake-4.1/Modules/CMakeFindDependencyMacro.cmake:78 (find_package):\n'}
[0.434683] (gim_arm_hardware) StderrLine: {'line': b'  Policy CMP0167 is not set: The FindBoost module is removed.  Run "cmake\n'}
[0.434788] (gim_arm_hardware) StderrLine: {'line': b'  --help-policy CMP0167" for policy details.  Use the cmake_policy command to\n'}
[0.434889] (gim_arm_hardware) StderrLine: {'line': b'  set the policy and suppress this warning.\n'}
[0.434978] (gim_arm_hardware) StderrLine: {'line': b'\n'}
[0.435049] (gim_arm_hardware) StderrLine: {'line': b'Call Stack (most recent call first):\n'}
[0.435077] (gim_arm_hardware) StderrLine: {'line': b'  /opt/ros/humble/lib/x86_64-linux-gnu/cmake/pinocchio/pinocchioConfig.cmake:183 (find_dependency)\n'}
[0.435104] (gim_arm_hardware) StderrLine: {'line': b'  CMakeLists.txt:21 (find_package)\n'}
[0.435130] (gim_arm_hardware) StderrLine: {'line': b'This warning is for project developers.  Use -Wno-dev to suppress it.\n'}
[0.435157] (gim_arm_hardware) StderrLine: {'line': b'\x1b[0m\n'}
[0.438055] (gim_arm_hardware) StdoutLine: {'line': b'-- Found Boost: /usr/include (found version "1.74.0") found components: filesystem serialization\n'}
[0.439327] (gim_arm_hardware) StdoutLine: {'line': b'-- eigenpy FOUND. eigenpy at /opt/ros/humble/lib/x86_64-linux-gnu/libeigenpy.so\n'}
[0.464028] (gim_arm_hardware) StdoutLine: {'line': b'-- Checking for NumPy\n'}
[0.501015] (-) TimerEvent: {}
[0.601783] (-) TimerEvent: {}
[0.652191] (gim_arm_hardware) StdoutLine: {'line': b'--   NUMPY_INCLUDE_DIRS=/home/minh/.local/lib/python3.10/site-packages/numpy/core/include\n'}
[0.701862] (-) TimerEvent: {}
[0.734829] (gim_arm_hardware) StdoutLine: {'line': b'--   NUMPY_VERSION=1.26.4\n'}
[0.801921] (-) TimerEvent: {}
[0.902155] (-) TimerEvent: {}
[0.937462] (gim_arm_hardware) StdoutLine: {'line': b'-- Found Python3: /usr/bin/python3 (found version "3.10.12") found components: Interpreter Development.Module NumPy\n'}
[0.938186] (gim_arm_hardware) StdoutLine: {'line': b'-- PythonLibraryDirs: \n'}
[0.938275] (gim_arm_hardware) StdoutLine: {'line': b'-- PythonLibVersionString: 3.10.12\n'}
[0.957297] (gim_arm_hardware) StdoutLine: {'line': b'-- Python site lib: lib/python3.10/site-packages\n'}
[0.957466] (gim_arm_hardware) StdoutLine: {'line': b'-- Python include dirs: /usr/include/python3.10\n'}
[0.997939] (gim_arm_hardware) StdoutLine: {'line': b'-- Checking for NumPy\n'}
[1.002272] (-) TimerEvent: {}
[1.088360] (gim_arm_hardware) StdoutLine: {'line': b'--   NUMPY_INCLUDE_DIRS=/home/minh/.local/lib/python3.10/site-packages/numpy/core/include\n'}
[1.102341] (-) TimerEvent: {}
[1.174585] (gim_arm_hardware) StdoutLine: {'line': b'--   NUMPY_VERSION=1.26.4\n'}
[1.174735] (gim_arm_hardware) StdoutLine: {'line': b'-- NumPy include dir: /home/minh/.local/lib/python3.10/site-packages/numpy/core/include\n'}
[1.174866] (gim_arm_hardware) StderrLine: {'line': b'\x1b[33mCMake Warning (dev) at /opt/ros/humble/lib/x86_64-linux-gnu/cmake/eigenpy/boost.cmake:146 (find_package):\n'}
[1.174986] (gim_arm_hardware) StderrLine: {'line': b'  Policy CMP0167 is not set: The FindBoost module is removed.  Run "cmake\n'}
[1.175031] (gim_arm_hardware) StderrLine: {'line': b'  --help-policy CMP0167" for policy details.  Use the cmake_policy command to\n'}
[1.175068] (gim_arm_hardware) StderrLine: {'line': b'  set the policy and suppress this warning.\n'}
[1.175103] (gim_arm_hardware) StderrLine: {'line': b'\n'}
[1.175137] (gim_arm_hardware) StderrLine: {'line': b'Call Stack (most recent call first):\n'}
[1.175168] (gim_arm_hardware) StderrLine: {'line': b'  /opt/ros/humble/lib/x86_64-linux-gnu/cmake/eigenpy/eigenpyConfig.cmake:172 (SEARCH_FOR_BOOST_PYTHON)\n'}
[1.175209] (gim_arm_hardware) StderrLine: {'line': b'  /home/minh/.local/lib/python3.10/site-packages/cmake/data/share/cmake-4.1/Modules/CMakeFindDependencyMacro.cmake:78 (find_package)\n'}
[1.175238] (gim_arm_hardware) StderrLine: {'line': b'  /opt/ros/humble/lib/x86_64-linux-gnu/cmake/pinocchio/pinocchioConfig.cmake:184 (find_dependency)\n'}
[1.175266] (gim_arm_hardware) StderrLine: {'line': b'  CMakeLists.txt:21 (find_package)\n'}
[1.175293] (gim_arm_hardware) StderrLine: {'line': b'This warning is for project developers.  Use -Wno-dev to suppress it.\n'}
[1.175320] (gim_arm_hardware) StderrLine: {'line': b'\x1b[0m\n'}
[1.179103] (gim_arm_hardware) StdoutLine: {'line': b'-- Found Boost: /usr/include (found version "1.74.0") found components: python310\n'}
[1.202443] (-) TimerEvent: {}
[1.302781] (-) TimerEvent: {}
[1.383927] (gim_arm_hardware) StdoutLine: {'line': b'-- Default C++ standard: 201703\n'}
[1.384151] (gim_arm_hardware) StdoutLine: {'line': b'-- C++ standard sufficient: Minimal required 17, currently defined: 17\n'}
[1.384243] (gim_arm_hardware) StdoutLine: {'line': b'-- CMAKE_CXX_STANDARD was not set: automatically set to currently defined standard 17\n'}
[1.385435] (gim_arm_hardware) StdoutLine: {'line': b'-- coal FOUND. coal at /opt/ros/humble/lib/x86_64-linux-gnu/libcoal.so\n'}
[1.385815] (gim_arm_hardware) StderrLine: {'line': b'\x1b[33mCMake Warning (dev) at /home/minh/.local/lib/python3.10/site-packages/cmake/data/share/cmake-4.1/Modules/CMakeFindDependencyMacro.cmake:78 (find_package):\n'}
[1.385866] (gim_arm_hardware) StderrLine: {'line': b'  Policy CMP0167 is not set: The FindBoost module is removed.  Run "cmake\n'}
[1.385905] (gim_arm_hardware) StderrLine: {'line': b'  --help-policy CMP0167" for policy details.  Use the cmake_policy command to\n'}
[1.385944] (gim_arm_hardware) StderrLine: {'line': b'  set the policy and suppress this warning.\n'}
[1.385972] (gim_arm_hardware) StderrLine: {'line': b'\n'}
[1.386000] (gim_arm_hardware) StderrLine: {'line': b'Call Stack (most recent call first):\n'}
[1.386028] (gim_arm_hardware) StderrLine: {'line': b'  /opt/ros/humble/lib/x86_64-linux-gnu/cmake/coal/coalConfig.cmake:154 (find_dependency)\n'}
[1.386056] (gim_arm_hardware) StderrLine: {'line': b'  /home/minh/.local/lib/python3.10/site-packages/cmake/data/share/cmake-4.1/Modules/CMakeFindDependencyMacro.cmake:78 (find_package)\n'}
[1.386085] (gim_arm_hardware) StderrLine: {'line': b'  /opt/ros/humble/lib/x86_64-linux-gnu/cmake/pinocchio/pinocchioConfig.cmake:186 (find_dependency)\n'}
[1.386113] (gim_arm_hardware) StderrLine: {'line': b'  CMakeLists.txt:21 (find_package)\n'}
[1.386140] (gim_arm_hardware) StderrLine: {'line': b'This warning is for project developers.  Use -Wno-dev to suppress it.\n'}
[1.386169] (gim_arm_hardware) StderrLine: {'line': b'\x1b[0m\n'}
[1.390368] (gim_arm_hardware) StdoutLine: {'line': b'-- Found Boost: /usr/include (found version "1.74.0") found components: serialization filesystem\n'}
[1.391598] (gim_arm_hardware) StdoutLine: {'line': b'-- C++ standard sufficient: Minimal required 17, currently defined: 17\n'}
[1.392187] (gim_arm_hardware) StdoutLine: {'line': b'-- C++ standard sufficient: Minimal required 17, currently defined: 17\n'}
[1.402835] (-) TimerEvent: {}
[1.458229] (gim_arm_hardware) StdoutLine: {'line': b'-- Configuring done (1.4s)\n'}
[1.468902] (gim_arm_hardware) StdoutLine: {'line': b'-- Generating done (0.0s)\n'}
[1.470820] (gim_arm_hardware) StdoutLine: {'line': b'-- Build files have been written to: /home/minh/gim60108_ws/build/gim_arm_hardware\n'}
[1.502938] (-) TimerEvent: {}
[1.517482] (gim_arm_hardware) StdoutLine: {'line': b'[ 50%] \x1b[32mBuilding CXX object CMakeFiles/gim_arm_system_hardware.dir/src/gim_arm_system.cpp.o\x1b[0m\n'}
[1.603037] (-) TimerEvent: {}
[1.703355] (-) TimerEvent: {}
[1.803727] (-) TimerEvent: {}
[1.904127] (-) TimerEvent: {}
[2.004470] (-) TimerEvent: {}
[2.104811] (-) TimerEvent: {}
[2.205207] (-) TimerEvent: {}
[2.305628] (-) TimerEvent: {}
[2.405972] (-) TimerEvent: {}
[2.506321] (-) TimerEvent: {}
[2.606676] (-) TimerEvent: {}
[2.706968] (-) TimerEvent: {}
[2.807306] (-) TimerEvent: {}
[2.907608] (-) TimerEvent: {}
[3.008000] (-) TimerEvent: {}
[3.108354] (-) TimerEvent: {}
[3.208700] (-) TimerEvent: {}
[3.309057] (-) TimerEvent: {}
[3.409432] (-) TimerEvent: {}
[3.509868] (-) TimerEvent: {}
[3.610235] (-) TimerEvent: {}
[3.710579] (-) TimerEvent: {}
[3.810947] (-) TimerEvent: {}
[3.911321] (-) TimerEvent: {}
[4.011708] (-) TimerEvent: {}
[4.112078] (-) TimerEvent: {}
[4.212427] (-) TimerEvent: {}
[4.312764] (-) TimerEvent: {}
[4.413117] (-) TimerEvent: {}
[4.513461] (-) TimerEvent: {}
[4.546344] (gim_arm_hardware) StderrLine: {'line': b'In file included from \x1b[01m\x1b[K/usr/include/boost/variant/variant.hpp:31\x1b[m\x1b[K,\n'}
[4.546673] (gim_arm_hardware) StderrLine: {'line': b'                 from \x1b[01m\x1b[K/usr/include/boost/variant.hpp:17\x1b[m\x1b[K,\n'}
[4.546755] (gim_arm_hardware) StderrLine: {'line': b'                 from \x1b[01m\x1b[K/opt/ros/humble/include/pinocchio/multibody.hpp:21\x1b[m\x1b[K,\n'}
[4.546828] (gim_arm_hardware) StderrLine: {'line': b'                 from \x1b[01m\x1b[K/opt/ros/humble/include/pinocchio/parsers/urdf.hpp:27\x1b[m\x1b[K,\n'}
[4.546904] (gim_arm_hardware) StderrLine: {'line': b'                 from \x1b[01m\x1b[K/home/minh/gim60108_ws/src/gim_arm_hardware/include/gim_arm_hardware/gim_arm_system.hpp:25\x1b[m\x1b[K,\n'}
[4.546971] (gim_arm_hardware) StderrLine: {'line': b'                 from \x1b[01m\x1b[K/home/minh/gim60108_ws/src/gim_arm_hardware/src/gim_arm_system.cpp:1\x1b[m\x1b[K:\n'}
[4.547029] (gim_arm_hardware) StderrLine: {'line': b'/usr/include/boost/variant/detail/make_variant_list.hpp: In instantiation of \xe2\x80\x98\x1b[01m\x1b[Kstruct boost::detail::variant::make_variant_list<pinocchio::JointModelRevoluteTpl<double, 0, 0>, pinocchio::JointModelRevoluteTpl<double, 0, 1>, pinocchio::JointModelRevoluteTpl<double, 0, 2>, pinocchio::JointModelFreeFlyerTpl<double, 0>, pinocchio::JointModelPlanarTpl<double, 0>, pinocchio::JointModelRevoluteUnalignedTpl<double, 0>, pinocchio::JointModelSphericalTpl<double, 0>, pinocchio::JointModelSphericalZYXTpl<double, 0>, pinocchio::JointModelEllipsoidTpl<double, 0>, pinocchio::JointModelPrismaticTpl<double, 0, 0>, pinocchio::JointModelPrismaticTpl<double, 0, 1>, pinocchio::JointModelPrismaticTpl<double, 0, 2>, pinocchio::JointModelPrismaticUnalignedTpl<double, 0>, pinocchio::JointModelTranslationTpl<double, 0>, pinocchio::JointModelRevoluteUnboundedTpl<double, 0, 0>, pinocchio::JointModelRevoluteUnboundedTpl<double, 0, 1>, pinocchio::JointModelRevoluteUnboundedTpl<double, 0, 2>, pinocchio::JointModelRevoluteUnboundedUnalignedTpl<double, 0>, pinocchio::JointModelHelicalTpl<double, 0, 0>, pinocchio::JointModelHelicalTpl<double, 0, 1>, pinocchio::JointModelHelicalTpl<double, 0, 2>, pinocchio::JointModelHelicalUnalignedTpl<double, 0>, pinocchio::JointModelUniversalTpl<double, 0>, boost::recursive_wrapper<pinocchio::JointModelCompositeTpl<double, 0, pinocchio::JointCollectionDefaultTpl> >, boost::recursive_wrapper<pinocchio::JointModelMimicTpl<double, 0, pinocchio::JointCollectionDefaultTpl> > >\x1b[m\x1b[K\xe2\x80\x99:\n'}
[4.547140] (gim_arm_hardware) StderrLine: {'line': b'\x1b[01m\x1b[K/usr/include/boost/mpl/eval_if.hpp:38:31:\x1b[m\x1b[K   required from \xe2\x80\x98\x1b[01m\x1b[Kstruct boost::mpl::eval_if<boost::variant<pinocchio::JointModelRevoluteTpl<double, 0, 0>, pinocchio::JointModelRevoluteTpl<double, 0, 1>, pinocchio::JointModelRevoluteTpl<double, 0, 2>, pinocchio::JointModelFreeFlyerTpl<double, 0>, pinocchio::JointModelPlanarTpl<double, 0>, pinocchio::JointModelRevoluteUnalignedTpl<double, 0>, pinocchio::JointModelSphericalTpl<double, 0>, pinocchio::JointModelSphericalZYXTpl<double, 0>, pinocchio::JointModelEllipsoidTpl<double, 0>, pinocchio::JointModelPrismaticTpl<double, 0, 0>, pinocchio::JointModelPrismaticTpl<double, 0, 1>, pinocchio::JointModelPrismaticTpl<double, 0, 2>, pinocchio::JointModelPrismaticUnalignedTpl<double, 0>, pinocchio::JointModelTranslationTpl<double, 0>, pinocchio::JointModelRevoluteUnboundedTpl<double, 0, 0>, pinocchio::JointModelRevoluteUnboundedTpl<double, 0, 1>, pinocchio::JointModelRevoluteUnboundedTpl<double, 0, 2>, pinocchio::JointModelRevoluteUnboundedUnalignedTpl<double, 0>, pinocchio::JointModelHelicalTpl<double, 0, 0>, pinocchio::JointModelHelicalTpl<double, 0, 1>, pinocchio::JointModelHelicalTpl<double, 0, 2>, pinocchio::JointModelHelicalUnalignedTpl<double, 0>, pinocchio::JointModelUniversalTpl<double, 0>, boost::recursive_wrapper<pinocchio::JointModelCompositeTpl<double, 0, pinocchio::JointCollectionDefaultTpl> >, boost::recursive_wrapper<pinocchio::JointModelMimicTpl<double, 0, pinocchio::JointCollectionDefaultTpl> > >::is_sequence_based_, pinocchio::JointModelRevoluteTpl<double, 0, 0>, boost::detail::variant::make_variant_list<pinocchio::JointModelRevoluteTpl<double, 0, 0>, pinocchio::JointModelRevoluteTpl<double, 0, 1>, pinocchio::JointModelRevoluteTpl<double, 0, 2>, pinocchio::JointModelFreeFlyerTpl<double, 0>, pinocchio::JointModelPlanarTpl<double, 0>, pinocchio::JointModelRevoluteUnalignedTpl<double, 0>, pinocchio::JointModelSphericalTpl<double, 0>, pinocchio::JointModelSphericalZYXTpl<double, 0>, pinocchio::JointModelEllipsoidTpl<double, 0>, pinocchio::JointModelPrismaticTpl<double, 0, 0>, pinocchio::JointModelPrismaticTpl<double, 0, 1>, pinocchio::JointModelPrismaticTpl<double, 0, 2>, pinocchio::JointModelPrismaticUnalignedTpl<double, 0>, pinocchio::JointModelTranslationTpl<double, 0>, pinocchio::JointModelRevoluteUnboundedTpl<double, 0, 0>, pinocchio::JointModelRevoluteUnboundedTpl<double, 0, 1>, pinocchio::JointModelRevoluteUnboundedTpl<double, 0, 2>, pinocchio::JointModelRevoluteUnboundedUnalignedTpl<double, 0>, pinocchio::JointModelHelicalTpl<double, 0, 0>, pinocchio::JointModelHelicalTpl<double, 0, 1>, pinocchio::JointModelHelicalTpl<double, 0, 2>, pinocchio::JointModelHelicalUnalignedTpl<double, 0>, pinocchio::JointModelUniversalTpl<double, 0>, boost::recursive_wrapper<pinocchio::JointModelCompositeTpl<double, 0, pinocchio::JointCollectionDefaultTpl> >, boost::recursive_wrapper<pinocchio::JointModelMimicTpl<double, 0, pinocchio::JointCollectionDefaultTpl> > > >\x1b[m\x1b[K\xe2\x80\x99\n'}
[4.547240] (gim_arm_hardware) StderrLine: {'line': b'\x1b[01m\x1b[K/usr/include/boost/variant/variant.hpp:1138:17:\x1b[m\x1b[K   required from \xe2\x80\x98\x1b[01m\x1b[Kclass boost::variant<pinocchio::JointModelRevoluteTpl<double, 0, 0>, pinocchio::JointModelRevoluteTpl<double, 0, 1>, pinocchio::JointModelRevoluteTpl<double, 0, 2>, pinocchio::JointModelFreeFlyerTpl<double, 0>, pinocchio::JointModelPlanarTpl<double, 0>, pinocchio::JointModelRevoluteUnalignedTpl<double, 0>, pinocchio::JointModelSphericalTpl<double, 0>, pinocchio::JointModelSphericalZYXTpl<double, 0>, pinocchio::JointModelEllipsoidTpl<double, 0>, pinocchio::JointModelPrismaticTpl<double, 0, 0>, pinocchio::JointModelPrismaticTpl<double, 0, 1>, pinocchio::JointModelPrismaticTpl<double, 0, 2>, pinocchio::JointModelPrismaticUnalignedTpl<double, 0>, pinocchio::JointModelTranslationTpl<double, 0>, pinocchio::JointModelRevoluteUnboundedTpl<double, 0, 0>, pinocchio::JointModelRevoluteUnboundedTpl<double, 0, 1>, pinocchio::JointModelRevoluteUnboundedTpl<double, 0, 2>, pinocchio::JointModelRevoluteUnboundedUnalignedTpl<double, 0>, pinocchio::JointModelHelicalTpl<double, 0, 0>, pinocchio::JointModelHelicalTpl<double, 0, 1>, pinocchio::JointModelHelicalTpl<double, 0, 2>, pinocchio::JointModelHelicalUnalignedTpl<double, 0>, pinocchio::JointModelUniversalTpl<double, 0>, boost::recursive_wrapper<pinocchio::JointModelCompositeTpl<double, 0, pinocchio::JointCollectionDefaultTpl> >, boost::recursive_wrapper<pinocchio::JointModelMimicTpl<double, 0, pinocchio::JointCollectionDefaultTpl> > >\x1b[m\x1b[K\xe2\x80\x99\n'}
[4.547319] (gim_arm_hardware) StderrLine: {'line': b'\x1b[01m\x1b[K/opt/ros/humble/include/pinocchio/src/multibody/joint/joint-generic.hxx:256:10:\x1b[m\x1b[K   required from \xe2\x80\x98\x1b[01m\x1b[Kstruct pinocchio::JointModelTpl<double>\x1b[m\x1b[K\xe2\x80\x99\n'}
[4.547381] (gim_arm_hardware) StderrLine: {'line': b'\x1b[01m\x1b[K/opt/ros/humble/include/pinocchio/src/parsers/urdf/model.hxx:235:38:\x1b[m\x1b[K   required from here\n'}
[4.547436] (gim_arm_hardware) StderrLine: {'line': b'\x1b[01m\x1b[K/usr/include/boost/variant/detail/make_variant_list.hpp:40:46:\x1b[m\x1b[K \x1b[01;31m\x1b[Kerror: \x1b[m\x1b[Kwrong number of template arguments (25, should be at least 0)\n'}
[4.547493] (gim_arm_hardware) StderrLine: {'line': b'   40 |     typedef typename mpl::list< T... >::type \x1b[01;31m\x1b[Ktype\x1b[m\x1b[K;\n'}
[4.547562] (gim_arm_hardware) StderrLine: {'line': b'      |                                              \x1b[01;31m\x1b[K^~~~\x1b[m\x1b[K\n'}
[4.547621] (gim_arm_hardware) StderrLine: {'line': b'In file included from \x1b[01m\x1b[K/usr/include/boost/mpl/aux_/include_preprocessed.hpp:37\x1b[m\x1b[K,\n'}
[4.547676] (gim_arm_hardware) StderrLine: {'line': b'                 from \x1b[01m\x1b[K/usr/include/boost/mpl/list.hpp:46\x1b[m\x1b[K,\n'}
[4.547731] (gim_arm_hardware) StderrLine: {'line': b'                 from \x1b[01m\x1b[K/usr/include/boost/math/policies/policy.hpp:9\x1b[m\x1b[K,\n'}
[4.547789] (gim_arm_hardware) StderrLine: {'line': b'                 from \x1b[01m\x1b[K/usr/include/boost/math/constants/constants.hpp:12\x1b[m\x1b[K,\n'}
[4.547844] (gim_arm_hardware) StderrLine: {'line': b'                 from \x1b[01m\x1b[K/opt/ros/humble/include/pinocchio/math.hpp:20\x1b[m\x1b[K,\n'}
[4.547914] (gim_arm_hardware) StderrLine: {'line': b'                 from \x1b[01m\x1b[K/opt/ros/humble/include/pinocchio/spatial.hpp:19\x1b[m\x1b[K,\n'}
[4.547974] (gim_arm_hardware) StderrLine: {'line': b'                 from \x1b[01m\x1b[K/opt/ros/humble/include/pinocchio/parsers/urdf.hpp:26\x1b[m\x1b[K,\n'}
[4.548030] (gim_arm_hardware) StderrLine: {'line': b'                 from \x1b[01m\x1b[K/home/minh/gim60108_ws/src/gim_arm_hardware/include/gim_arm_hardware/gim_arm_system.hpp:25\x1b[m\x1b[K,\n'}
[4.548097] (gim_arm_hardware) StderrLine: {'line': b'                 from \x1b[01m\x1b[K/home/minh/gim60108_ws/src/gim_arm_hardware/src/gim_arm_system.cpp:1\x1b[m\x1b[K:\n'}
[4.548151] (gim_arm_hardware) StderrLine: {'line': b'\x1b[01m\x1b[K/usr/include/boost/mpl/aux_/preprocessed/gcc/list.hpp:22:8:\x1b[m\x1b[K \x1b[01;36m\x1b[Knote: \x1b[m\x1b[Kprovided for \xe2\x80\x98\x1b[01m\x1b[Ktemplate<class T0, class T1, class T2, class T3, class T4, class T5, class T6, class T7, class T8, class T9, class T10, class T11, class T12, class T13, class T14, class T15, class T16, class T17, class T18, class T19> struct boost::mpl::list\x1b[m\x1b[K\xe2\x80\x99\n'}
[4.548197] (gim_arm_hardware) StderrLine: {'line': b'   22 | struct \x1b[01;36m\x1b[Klist\x1b[m\x1b[K;\n'}
[4.548231] (gim_arm_hardware) StderrLine: {'line': b'      |        \x1b[01;36m\x1b[K^~~~\x1b[m\x1b[K\n'}
[4.613628] (-) TimerEvent: {}
[4.714062] (-) TimerEvent: {}
[4.814407] (-) TimerEvent: {}
[4.914754] (-) TimerEvent: {}
[5.015114] (-) TimerEvent: {}
[5.115494] (-) TimerEvent: {}
[5.215950] (-) TimerEvent: {}
[5.316299] (-) TimerEvent: {}
[5.416655] (-) TimerEvent: {}
[5.516968] (-) TimerEvent: {}
[5.617328] (-) TimerEvent: {}
[5.717684] (-) TimerEvent: {}
[5.747098] (gim_arm_hardware) StderrLine: {'line': b'In file included from \x1b[01m\x1b[K/opt/ros/humble/include/pinocchio/multibody/joint.hpp:84\x1b[m\x1b[K,\n'}
[5.747313] (gim_arm_hardware) StderrLine: {'line': b'                 from \x1b[01m\x1b[K/opt/ros/humble/include/pinocchio/multibody.hpp:43\x1b[m\x1b[K,\n'}
[5.747354] (gim_arm_hardware) StderrLine: {'line': b'                 from \x1b[01m\x1b[K/opt/ros/humble/include/pinocchio/parsers/urdf.hpp:27\x1b[m\x1b[K,\n'}
[5.747456] (gim_arm_hardware) StderrLine: {'line': b'                 from \x1b[01m\x1b[K/home/minh/gim60108_ws/src/gim_arm_hardware/include/gim_arm_hardware/gim_arm_system.hpp:25\x1b[m\x1b[K,\n'}
[5.747486] (gim_arm_hardware) StderrLine: {'line': b'                 from \x1b[01m\x1b[K/home/minh/gim60108_ws/src/gim_arm_hardware/src/gim_arm_system.cpp:1\x1b[m\x1b[K:\n'}
[5.747515] (gim_arm_hardware) StderrLine: {'line': b'/opt/ros/humble/include/pinocchio/src/multibody/joint/joint-generic.hxx: In instantiation of \xe2\x80\x98\x1b[01m\x1b[Kpinocchio::JointModelTpl<Scalar, Options, JointCollectionTpl>::JointModelTpl(const pinocchio::JointModelBase<OtherDerived>&) [with JointModelDerived = pinocchio::JointModelFreeFlyerTpl<double>; _Scalar = double; int _Options = 0; JointCollectionTpl = pinocchio::JointCollectionDefaultTpl]\x1b[m\x1b[K\xe2\x80\x99:\n'}
[5.747546] (gim_arm_hardware) StderrLine: {'line': b'\x1b[01m\x1b[K/opt/ros/humble/include/pinocchio/src/parsers/urdf/model.hxx:235:38:\x1b[m\x1b[K   required from here\n'}
[5.747572] (gim_arm_hardware) StderrLine: {'line': b'\x1b[01m\x1b[K/opt/ros/humble/include/pinocchio/src/multibody/joint/joint-generic.hxx:306:25:\x1b[m\x1b[K \x1b[01;31m\x1b[Kerror: \x1b[m\x1b[Kno matching function for call to \xe2\x80\x98\x1b[01m\x1b[Kboost::variant<pinocchio::JointModelRevoluteTpl<double, 0, 0>, pinocchio::JointModelRevoluteTpl<double, 0, 1>, pinocchio::JointModelRevoluteTpl<double, 0, 2>, pinocchio::JointModelFreeFlyerTpl<double, 0>, pinocchio::JointModelPlanarTpl<double, 0>, pinocchio::JointModelRevoluteUnalignedTpl<double, 0>, pinocchio::JointModelSphericalTpl<double, 0>, pinocchio::JointModelSphericalZYXTpl<double, 0>, pinocchio::JointModelEllipsoidTpl<double, 0>, pinocchio::JointModelPrismaticTpl<double, 0, 0>, pinocchio::JointModelPrismaticTpl<double, 0, 1>, pinocchio::JointModelPrismaticTpl<double, 0, 2>, pinocchio::JointModelPrismaticUnalignedTpl<double, 0>, pinocchio::JointModelTranslationTpl<double, 0>, pinocchio::JointModelRevoluteUnboundedTpl<double, 0, 0>, pinocchio::JointModelRevoluteUnboundedTpl<double, 0, 1>, pinocchio::JointModelRevoluteUnboundedTpl<double, 0, 2>, pinocchio::JointModelRevoluteUnboundedUnalignedTpl<double, 0>, pinocchio::JointModelHelicalTpl<double, 0, 0>, pinocchio::JointModelHelicalTpl<double, 0, 1>, pinocchio::JointModelHelicalTpl<double, 0, 2>, pinocchio::JointModelHelicalUnalignedTpl<double, 0>, pinocchio::JointModelUniversalTpl<double, 0>, boost::recursive_wrapper<pinocchio::JointModelCompositeTpl<double, 0, pinocchio::JointCollectionDefaultTpl> >, boost::recursive_wrapper<pinocchio::JointModelMimicTpl<double, 0, pinocchio::JointCollectionDefaultTpl> > >::variant(const JointModelDerived&)\x1b[m\x1b[K\xe2\x80\x99\n'}
[5.747626] (gim_arm_hardware) StderrLine: {'line': b'  306 |     : JointModelVariant(\x1b[01;31m\x1b[K(JointModelVariant)jmodel.derived()\x1b[m\x1b[K)\n'}
[5.747654] (gim_arm_hardware) StderrLine: {'line': b'      |                         \x1b[01;31m\x1b[K^~~~~~~~~~~~~~~~~~~~~~~~~~~~~~~~~~~\x1b[m\x1b[K\n'}
[5.747682] (gim_arm_hardware) StderrLine: {'line': b'In file included from \x1b[01m\x1b[K/usr/include/boost/variant.hpp:17\x1b[m\x1b[K,\n'}
[5.747712] (gim_arm_hardware) StderrLine: {'line': b'                 from \x1b[01m\x1b[K/opt/ros/humble/include/pinocchio/multibody.hpp:21\x1b[m\x1b[K,\n'}
[5.747738] (gim_arm_hardware) StderrLine: {'line': b'                 from \x1b[01m\x1b[K/opt/ros/humble/include/pinocchio/parsers/urdf.hpp:27\x1b[m\x1b[K,\n'}
[5.747763] (gim_arm_hardware) StderrLine: {'line': b'                 from \x1b[01m\x1b[K/home/minh/gim60108_ws/src/gim_arm_hardware/include/gim_arm_hardware/gim_arm_system.hpp:25\x1b[m\x1b[K,\n'}
[5.747789] (gim_arm_hardware) StderrLine: {'line': b'                 from \x1b[01m\x1b[K/home/minh/gim60108_ws/src/gim_arm_hardware/src/gim_arm_system.cpp:1\x1b[m\x1b[K:\n'}
[5.747814] (gim_arm_hardware) StderrLine: {'line': b'\x1b[01m\x1b[K/usr/include/boost/variant/variant.hpp:1770:5:\x1b[m\x1b[K \x1b[01;36m\x1b[Knote: \x1b[m\x1b[Kcandidate: \xe2\x80\x98\x1b[01m\x1b[Kboost::variant<T0, TN>::variant(boost::variant<T0, TN>&&) [with T0_ = pinocchio::JointModelRevoluteTpl<double, 0, 0>; TN = {pinocchio::JointModelRevoluteTpl<double, 0, 1>, pinocchio::JointModelRevoluteTpl<double, 0, 2>, pinocchio::JointModelFreeFlyerTpl<double, 0>, pinocchio::JointModelPlanarTpl<double, 0>, pinocchio::JointModelRevoluteUnalignedTpl<double, 0>, pinocchio::JointModelSphericalTpl<double, 0>, pinocchio::JointModelSphericalZYXTpl<double, 0>, pinocchio::JointModelEllipsoidTpl<double, 0>, pinocchio::JointModelPrismaticTpl<double, 0, 0>, pinocchio::JointModelPrismaticTpl<double, 0, 1>, pinocchio::JointModelPrismaticTpl<double, 0, 2>, pinocchio::JointModelPrismaticUnalignedTpl<double, 0>, pinocchio::JointModelTranslationTpl<double, 0>, pinocchio::JointModelRevoluteUnboundedTpl<double, 0, 0>, pinocchio::JointModelRevoluteUnboundedTpl<double, 0, 1>, pinocchio::JointModelRevoluteUnboundedTpl<double, 0, 2>, pinocchio::JointModelRevoluteUnboundedUnalignedTpl<double, 0>, pinocchio::JointModelHelicalTpl<double, 0, 0>, pinocchio::JointModelHelicalTpl<double, 0, 1>, pinocchio::JointModelHelicalTpl<double, 0, 2>, pinocchio::JointModelHelicalUnalignedTpl<double, 0>, pinocchio::JointModelUniversalTpl<double, 0>, boost::recursive_wrapper<pinocchio::JointModelCompositeTpl<double, 0, pinocchio::JointCollectionDefaultTpl> >, boost::recursive_wrapper<pinocchio::JointModelMimicTpl<double, 0, pinocchio::JointCollectionDefaultTpl> >}]\x1b[m\x1b[K\xe2\x80\x99\n'}
[5.747846] (gim_arm_hardware) StderrLine: {'line': b' 1770 |     \x1b[01;36m\x1b[Kvariant\x1b[m\x1b[K(variant&& operand) BOOST_NOEXCEPT_IF(variant_move_noexcept_constructible::type::value)\n'}
[5.747872] (gim_arm_hardware) StderrLine: {'line': b'      |     \x1b[01;36m\x1b[K^~~~~~~\x1b[m\x1b[K\n'}
[5.747905] (gim_arm_hardware) StderrLine: {'line': b'\x1b[01m\x1b[K/usr/include/boost/variant/variant.hpp:1770:23:\x1b[m\x1b[K \x1b[01;36m\x1b[Knote: \x1b[m\x1b[K  no known conversion for argument 1 from \xe2\x80\x98\x1b[01m\x1b[Kconst JointModelDerived\x1b[m\x1b[K\xe2\x80\x99 {aka \xe2\x80\x98\x1b[01m\x1b[Kconst pinocchio::JointModelFreeFlyerTpl<double>\x1b[m\x1b[K\xe2\x80\x99} to \xe2\x80\x98\x1b[01m\x1b[Kboost::variant<pinocchio::JointModelRevoluteTpl<double, 0, 0>, pinocchio::JointModelRevoluteTpl<double, 0, 1>, pinocchio::JointModelRevoluteTpl<double, 0, 2>, pinocchio::JointModelFreeFlyerTpl<double, 0>, pinocchio::JointModelPlanarTpl<double, 0>, pinocchio::JointModelRevoluteUnalignedTpl<double, 0>, pinocchio::JointModelSphericalTpl<double, 0>, pinocchio::JointModelSphericalZYXTpl<double, 0>, pinocchio::JointModelEllipsoidTpl<double, 0>, pinocchio::JointModelPrismaticTpl<double, 0, 0>, pinocchio::JointModelPrismaticTpl<double, 0, 1>, pinocchio::JointModelPrismaticTpl<double, 0, 2>, pinocchio::JointModelPrismaticUnalignedTpl<double, 0>, pinocchio::JointModelTranslationTpl<double, 0>, pinocchio::JointModelRevoluteUnboundedTpl<double, 0, 0>, pinocchio::JointModelRevoluteUnboundedTpl<double, 0, 1>, pinocchio::JointModelRevoluteUnboundedTpl<double, 0, 2>, pinocchio::JointModelRevoluteUnboundedUnalignedTpl<double, 0>, pinocchio::JointModelHelicalTpl<double, 0, 0>, pinocchio::JointModelHelicalTpl<double, 0, 1>, pinocchio::JointModelHelicalTpl<double, 0, 2>, pinocchio::JointModelHelicalUnalignedTpl<double, 0>, pinocchio::JointModelUniversalTpl<double, 0>, boost::recursive_wrapper<pinocchio::JointModelCompositeTpl<double, 0, pinocchio::JointCollectionDefaultTpl> >, boost::recursive_wrapper<pinocchio::JointModelMimicTpl<double, 0, pinocchio::JointCollectionDefaultTpl> > >&&\x1b[m\x1b[K\xe2\x80\x99\n'}
[5.747950] (gim_arm_hardware) StderrLine: {'line': b' 1770 |     variant(\x1b[01;36m\x1b[Kvariant&& operand\x1b[m\x1b[K) BOOST_NOEXCEPT_IF(variant_move_noexcept_constructible::type::value)\n'}
[5.747976] (gim_arm_hardware) StderrLine: {'line': b'      |             \x1b[01;36m\x1b[K~~~~~~~~~~^~~~~~~\x1b[m\x1b[K\n'}
[5.748004] (gim_arm_hardware) StderrLine: {'line': b'\x1b[01m\x1b[K/usr/include/boost/variant/variant.hpp:1759:5:\x1b[m\x1b[K \x1b[01;36m\x1b[Knote: \x1b[m\x1b[Kcandidate: \xe2\x80\x98\x1b[01m\x1b[Kboost::variant<T0, TN>::variant(const boost::variant<T0, TN>&) [with T0_ = pinocchio::JointModelRevoluteTpl<double, 0, 0>; TN = {pinocchio::JointModelRevoluteTpl<double, 0, 1>, pinocchio::JointModelRevoluteTpl<double, 0, 2>, pinocchio::JointModelFreeFlyerTpl<double, 0>, pinocchio::JointModelPlanarTpl<double, 0>, pinocchio::JointModelRevoluteUnalignedTpl<double, 0>, pinocchio::JointModelSphericalTpl<double, 0>, pinocchio::JointModelSphericalZYXTpl<double, 0>, pinocchio::JointModelEllipsoidTpl<double, 0>, pinocchio::JointModelPrismaticTpl<double, 0, 0>, pinocchio::JointModelPrismaticTpl<double, 0, 1>, pinocchio::JointModelPrismaticTpl<double, 0, 2>, pinocchio::JointModelPrismaticUnalignedTpl<double, 0>, pinocchio::JointModelTranslationTpl<double, 0>, pinocchio::JointModelRevoluteUnboundedTpl<double, 0, 0>, pinocchio::JointModelRevoluteUnboundedTpl<double, 0, 1>, pinocchio::JointModelRevoluteUnboundedTpl<double, 0, 2>, pinocchio::JointModelRevoluteUnboundedUnalignedTpl<double, 0>, pinocchio::JointModelHelicalTpl<double, 0, 0>, pinocchio::JointModelHelicalTpl<double, 0, 1>, pinocchio::JointModelHelicalTpl<double, 0, 2>, pinocchio::JointModelHelicalUnalignedTpl<double, 0>, pinocchio::JointModelUniversalTpl<double, 0>, boost::recursive_wrapper<pinocchio::JointModelCompositeTpl<double, 0, pinocchio::JointCollectionDefaultTpl> >, boost::recursive_wrapper<pinocchio::JointModelMimicTpl<double, 0, pinocchio::JointCollectionDefaultTpl> >}]\x1b[m\x1b[K\xe2\x80\x99\n'}
[5.748034] (gim_arm_hardware) StderrLine: {'line': b' 1759 |     \x1b[01;36m\x1b[Kvariant\x1b[m\x1b[K(const variant& operand)\n'}
[5.748059] (gim_arm_hardware) StderrLine: {'line': b'      |     \x1b[01;36m\x1b[K^~~~~~~\x1b[m\x1b[K\n'}
[5.748084] (gim_arm_hardware) StderrLine: {'line': b'\x1b[01m\x1b[K/usr/include/boost/variant/variant.hpp:1759:28:\x1b[m\x1b[K \x1b[01;36m\x1b[Knote: \x1b[m\x1b[K  no known conversion for argument 1 from \xe2\x80\x98\x1b[01m\x1b[Kconst JointModelDerived\x1b[m\x1b[K\xe2\x80\x99 {aka \xe2\x80\x98\x1b[01m\x1b[Kconst pinocchio::JointModelFreeFlyerTpl<double>\x1b[m\x1b[K\xe2\x80\x99} to \xe2\x80\x98\x1b[01m\x1b[Kconst boost::variant<pinocchio::JointModelRevoluteTpl<double, 0, 0>, pinocchio::JointModelRevoluteTpl<double, 0, 1>, pinocchio::JointModelRevoluteTpl<double, 0, 2>, pinocchio::JointModelFreeFlyerTpl<double, 0>, pinocchio::JointModelPlanarTpl<double, 0>, pinocchio::JointModelRevoluteUnalignedTpl<double, 0>, pinocchio::JointModelSphericalTpl<double, 0>, pinocchio::JointModelSphericalZYXTpl<double, 0>, pinocchio::JointModelEllipsoidTpl<double, 0>, pinocchio::JointModelPrismaticTpl<double, 0, 0>, pinocchio::JointModelPrismaticTpl<double, 0, 1>, pinocchio::JointModelPrismaticTpl<double, 0, 2>, pinocchio::JointModelPrismaticUnalignedTpl<double, 0>, pinocchio::JointModelTranslationTpl<double, 0>, pinocchio::JointModelRevoluteUnboundedTpl<double, 0, 0>, pinocchio::JointModelRevoluteUnboundedTpl<double, 0, 1>, pinocchio::JointModelRevoluteUnboundedTpl<double, 0, 2>, pinocchio::JointModelRevoluteUnboundedUnalignedTpl<double, 0>, pinocchio::JointModelHelicalTpl<double, 0, 0>, pinocchio::JointModelHelicalTpl<double, 0, 1>, pinocchio::JointModelHelicalTpl<double, 0, 2>, pinocchio::JointModelHelicalUnalignedTpl<double, 0>, pinocchio::JointModelUniversalTpl<double, 0>, boost::recursive_wrapper<pinocchio::JointModelCompositeTpl<double, 0, pinocchio::JointCollectionDefaultTpl> >, boost::recursive_wrapper<pinocchio::JointModelMimicTpl<double, 0, pinocchio::JointCollectionDefaultTpl> > >&\x1b[m\x1b[K\xe2\x80\x99\n'}
[5.748131] (gim_arm_hardware) StderrLine: {'line': b' 1759 |     variant(\x1b[01;36m\x1b[Kconst variant& operand\x1b[m\x1b[K)\n'}
[5.748156] (gim_arm_hardware) StderrLine: {'line': b'      |             \x1b[01;36m\x1b[K~~~~~~~~~~~~~~~^~~~~~~\x1b[m\x1b[K\n'}
[5.748181] (gim_arm_hardware) StderrLine: {'line': b'\x1b[01m\x1b[K/usr/include/boost/variant/variant.hpp:1375:5:\x1b[m\x1b[K \x1b[01;36m\x1b[Knote: \x1b[m\x1b[Kcandidate: \xe2\x80\x98\x1b[01m\x1b[Kboost::variant<T0, TN>::variant() [with T0_ = pinocchio::JointModelRevoluteTpl<double, 0, 0>; TN = {pinocchio::JointModelRevoluteTpl<double, 0, 1>, pinocchio::JointModelRevoluteTpl<double, 0, 2>, pinocchio::JointModelFreeFlyerTpl<double, 0>, pinocchio::JointModelPlanarTpl<double, 0>, pinocchio::JointModelRevoluteUnalignedTpl<double, 0>, pinocchio::JointModelSphericalTpl<double, 0>, pinocchio::JointModelSphericalZYXTpl<double, 0>, pinocchio::JointModelEllipsoidTpl<double, 0>, pinocchio::JointModelPrismaticTpl<double, 0, 0>, pinocchio::JointModelPrismaticTpl<double, 0, 1>, pinocchio::JointModelPrismaticTpl<double, 0, 2>, pinocchio::JointModelPrismaticUnalignedTpl<double, 0>, pinocchio::JointModelTranslationTpl<double, 0>, pinocchio::JointModelRevoluteUnboundedTpl<double, 0, 0>, pinocchio::JointModelRevoluteUnboundedTpl<double, 0, 1>, pinocchio::JointModelRevoluteUnboundedTpl<double, 0, 2>, pinocchio::JointModelRevoluteUnboundedUnalignedTpl<double, 0>, pinocchio::JointModelHelicalTpl<double, 0, 0>, pinocchio::JointModelHelicalTpl<double, 0, 1>, pinocchio::JointModelHelicalTpl<double, 0, 2>, pinocchio::JointModelHelicalUnalignedTpl<double, 0>, pinocchio::JointModelUniversalTpl<double, 0>, boost::recursive_wrapper<pinocchio::JointModelCompositeTpl<double, 0, pinocchio::JointCollectionDefaultTpl> >, boost::recursive_wrapper<pinocchio::JointModelMimicTpl<double, 0, pinocchio::JointCollectionDefaultTpl> >}]\x1b[m\x1b[K\xe2\x80\x99\n'}
[5.748215] (gim_arm_hardware) StderrLine: {'line': b' 1375 |     \x1b[01;36m\x1b[Kvariant\x1b[m\x1b[K()\n'}
[5.748240] (gim_arm_hardware) StderrLine: {'line': b'      |     \x1b[01;36m\x1b[K^~~~~~~\x1b[m\x1b[K\n'}
[5.748264] (gim_arm_hardware) StderrLine: {'line': b'\x1b[01m\x1b[K/usr/include/boost/variant/variant.hpp:1375:5:\x1b[m\x1b[K \x1b[01;36m\x1b[Knote: \x1b[m\x1b[K  candidate expects 0 arguments, 1 provided\n'}
[5.788928] (gim_arm_hardware) StderrLine: {'line': b'In file included from \x1b[01m\x1b[K/opt/ros/humble/include/pinocchio/multibody/joint.hpp:84\x1b[m\x1b[K,\n'}
[5.789244] (gim_arm_hardware) StderrLine: {'line': b'                 from \x1b[01m\x1b[K/opt/ros/humble/include/pinocchio/multibody.hpp:43\x1b[m\x1b[K,\n'}
[5.789334] (gim_arm_hardware) StderrLine: {'line': b'                 from \x1b[01m\x1b[K/opt/ros/humble/include/pinocchio/parsers/urdf.hpp:27\x1b[m\x1b[K,\n'}
[5.789431] (gim_arm_hardware) StderrLine: {'line': b'                 from \x1b[01m\x1b[K/home/minh/gim60108_ws/src/gim_arm_hardware/include/gim_arm_hardware/gim_arm_system.hpp:25\x1b[m\x1b[K,\n'}
[5.789503] (gim_arm_hardware) StderrLine: {'line': b'                 from \x1b[01m\x1b[K/home/minh/gim60108_ws/src/gim_arm_hardware/src/gim_arm_system.cpp:1\x1b[m\x1b[K:\n'}
[5.789575] (gim_arm_hardware) StderrLine: {'line': b'/opt/ros/humble/include/pinocchio/src/multibody/joint/joint-generic.hxx: In instantiation of \xe2\x80\x98\x1b[01m\x1b[Kpinocchio::JointModelTpl<Scalar, Options, JointCollectionTpl>::JointModelTpl(const pinocchio::JointModelBase<OtherDerived>&) [with JointModelDerived = pinocchio::JointModelPlanarTpl<double>; _Scalar = double; int _Options = 0; JointCollectionTpl = pinocchio::JointCollectionDefaultTpl]\x1b[m\x1b[K\xe2\x80\x99:\n'}
[5.789655] (gim_arm_hardware) StderrLine: {'line': b'\x1b[01m\x1b[K/opt/ros/humble/include/pinocchio/src/parsers/urdf/model.hxx:269:38:\x1b[m\x1b[K   required from here\n'}
[5.789724] (gim_arm_hardware) StderrLine: {'line': b'\x1b[01m\x1b[K/opt/ros/humble/include/pinocchio/src/multibody/joint/joint-generic.hxx:306:25:\x1b[m\x1b[K \x1b[01;31m\x1b[Kerror: \x1b[m\x1b[Kno matching function for call to \xe2\x80\x98\x1b[01m\x1b[Kboost::variant<pinocchio::JointModelRevoluteTpl<double, 0, 0>, pinocchio::JointModelRevoluteTpl<double, 0, 1>, pinocchio::JointModelRevoluteTpl<double, 0, 2>, pinocchio::JointModelFreeFlyerTpl<double, 0>, pinocchio::JointModelPlanarTpl<double, 0>, pinocchio::JointModelRevoluteUnalignedTpl<double, 0>, pinocchio::JointModelSphericalTpl<double, 0>, pinocchio::JointModelSphericalZYXTpl<double, 0>, pinocchio::JointModelEllipsoidTpl<double, 0>, pinocchio::JointModelPrismaticTpl<double, 0, 0>, pinocchio::JointModelPrismaticTpl<double, 0, 1>, pinocchio::JointModelPrismaticTpl<double, 0, 2>, pinocchio::JointModelPrismaticUnalignedTpl<double, 0>, pinocchio::JointModelTranslationTpl<double, 0>, pinocchio::JointModelRevoluteUnboundedTpl<double, 0, 0>, pinocchio::JointModelRevoluteUnboundedTpl<double, 0, 1>, pinocchio::JointModelRevoluteUnboundedTpl<double, 0, 2>, pinocchio::JointModelRevoluteUnboundedUnalignedTpl<double, 0>, pinocchio::JointModelHelicalTpl<double, 0, 0>, pinocchio::JointModelHelicalTpl<double, 0, 1>, pinocchio::JointModelHelicalTpl<double, 0, 2>, pinocchio::JointModelHelicalUnalignedTpl<double, 0>, pinocchio::JointModelUniversalTpl<double, 0>, boost::recursive_wrapper<pinocchio::JointModelCompositeTpl<double, 0, pinocchio::JointCollectionDefaultTpl> >, boost::recursive_wrapper<pinocchio::JointModelMimicTpl<double, 0, pinocchio::JointCollectionDefaultTpl> > >::variant(const JointModelDerived&)\x1b[m\x1b[K\xe2\x80\x99\n'}
[5.789833] (gim_arm_hardware) StderrLine: {'line': b'  306 |     : JointModelVariant(\x1b[01;31m\x1b[K(JointModelVariant)jmodel.derived()\x1b[m\x1b[K)\n'}
[5.789906] (gim_arm_hardware) StderrLine: {'line': b'      |                         \x1b[01;31m\x1b[K^~~~~~~~~~~~~~~~~~~~~~~~~~~~~~~~~~~\x1b[m\x1b[K\n'}
[5.789935] (gim_arm_hardware) StderrLine: {'line': b'In file included from \x1b[01m\x1b[K/usr/include/boost/variant.hpp:17\x1b[m\x1b[K,\n'}
[5.789962] (gim_arm_hardware) StderrLine: {'line': b'                 from \x1b[01m\x1b[K/opt/ros/humble/include/pinocchio/multibody.hpp:21\x1b[m\x1b[K,\n'}
[5.789987] (gim_arm_hardware) StderrLine: {'line': b'                 from \x1b[01m\x1b[K/opt/ros/humble/include/pinocchio/parsers/urdf.hpp:27\x1b[m\x1b[K,\n'}
[5.790015] (gim_arm_hardware) StderrLine: {'line': b'                 from \x1b[01m\x1b[K/home/minh/gim60108_ws/src/gim_arm_hardware/include/gim_arm_hardware/gim_arm_system.hpp:25\x1b[m\x1b[K,\n'}
[5.790040] (gim_arm_hardware) StderrLine: {'line': b'                 from \x1b[01m\x1b[K/home/minh/gim60108_ws/src/gim_arm_hardware/src/gim_arm_system.cpp:1\x1b[m\x1b[K:\n'}
[5.790064] (gim_arm_hardware) StderrLine: {'line': b'\x1b[01m\x1b[K/usr/include/boost/variant/variant.hpp:1770:5:\x1b[m\x1b[K \x1b[01;36m\x1b[Knote: \x1b[m\x1b[Kcandidate: \xe2\x80\x98\x1b[01m\x1b[Kboost::variant<T0, TN>::variant(boost::variant<T0, TN>&&) [with T0_ = pinocchio::JointModelRevoluteTpl<double, 0, 0>; TN = {pinocchio::JointModelRevoluteTpl<double, 0, 1>, pinocchio::JointModelRevoluteTpl<double, 0, 2>, pinocchio::JointModelFreeFlyerTpl<double, 0>, pinocchio::JointModelPlanarTpl<double, 0>, pinocchio::JointModelRevoluteUnalignedTpl<double, 0>, pinocchio::JointModelSphericalTpl<double, 0>, pinocchio::JointModelSphericalZYXTpl<double, 0>, pinocchio::JointModelEllipsoidTpl<double, 0>, pinocchio::JointModelPrismaticTpl<double, 0, 0>, pinocchio::JointModelPrismaticTpl<double, 0, 1>, pinocchio::JointModelPrismaticTpl<double, 0, 2>, pinocchio::JointModelPrismaticUnalignedTpl<double, 0>, pinocchio::JointModelTranslationTpl<double, 0>, pinocchio::JointModelRevoluteUnboundedTpl<double, 0, 0>, pinocchio::JointModelRevoluteUnboundedTpl<double, 0, 1>, pinocchio::JointModelRevoluteUnboundedTpl<double, 0, 2>, pinocchio::JointModelRevoluteUnboundedUnalignedTpl<double, 0>, pinocchio::JointModelHelicalTpl<double, 0, 0>, pinocchio::JointModelHelicalTpl<double, 0, 1>, pinocchio::JointModelHelicalTpl<double, 0, 2>, pinocchio::JointModelHelicalUnalignedTpl<double, 0>, pinocchio::JointModelUniversalTpl<double, 0>, boost::recursive_wrapper<pinocchio::JointModelCompositeTpl<double, 0, pinocchio::JointCollectionDefaultTpl> >, boost::recursive_wrapper<pinocchio::JointModelMimicTpl<double, 0, pinocchio::JointCollectionDefaultTpl> >}]\x1b[m\x1b[K\xe2\x80\x99\n'}
[5.790099] (gim_arm_hardware) StderrLine: {'line': b' 1770 |     \x1b[01;36m\x1b[Kvariant\x1b[m\x1b[K(variant&& operand) BOOST_NOEXCEPT_IF(variant_move_noexcept_constructible::type::value)\n'}
[5.790124] (gim_arm_hardware) StderrLine: {'line': b'      |     \x1b[01;36m\x1b[K^~~~~~~\x1b[m\x1b[K\n'}
[5.790150] (gim_arm_hardware) StderrLine: {'line': b'\x1b[01m\x1b[K/usr/include/boost/variant/variant.hpp:1770:23:\x1b[m\x1b[K \x1b[01;36m\x1b[Knote: \x1b[m\x1b[K  no known conversion for argument 1 from \xe2\x80\x98\x1b[01m\x1b[Kconst JointModelDerived\x1b[m\x1b[K\xe2\x80\x99 {aka \xe2\x80\x98\x1b[01m\x1b[Kconst pinocchio::JointModelPlanarTpl<double>\x1b[m\x1b[K\xe2\x80\x99} to \xe2\x80\x98\x1b[01m\x1b[Kboost::variant<pinocchio::JointModelRevoluteTpl<double, 0, 0>, pinocchio::JointModelRevoluteTpl<double, 0, 1>, pinocchio::JointModelRevoluteTpl<double, 0, 2>, pinocchio::JointModelFreeFlyerTpl<double, 0>, pinocchio::JointModelPlanarTpl<double, 0>, pinocchio::JointModelRevoluteUnalignedTpl<double, 0>, pinocchio::JointModelSphericalTpl<double, 0>, pinocchio::JointModelSphericalZYXTpl<double, 0>, pinocchio::JointModelEllipsoidTpl<double, 0>, pinocchio::JointModelPrismaticTpl<double, 0, 0>, pinocchio::JointModelPrismaticTpl<double, 0, 1>, pinocchio::JointModelPrismaticTpl<double, 0, 2>, pinocchio::JointModelPrismaticUnalignedTpl<double, 0>, pinocchio::JointModelTranslationTpl<double, 0>, pinocchio::JointModelRevoluteUnboundedTpl<double, 0, 0>, pinocchio::JointModelRevoluteUnboundedTpl<double, 0, 1>, pinocchio::JointModelRevoluteUnboundedTpl<double, 0, 2>, pinocchio::JointModelRevoluteUnboundedUnalignedTpl<double, 0>, pinocchio::JointModelHelicalTpl<double, 0, 0>, pinocchio::JointModelHelicalTpl<double, 0, 1>, pinocchio::JointModelHelicalTpl<double, 0, 2>, pinocchio::JointModelHelicalUnalignedTpl<double, 0>, pinocchio::JointModelUniversalTpl<double, 0>, boost::recursive_wrapper<pinocchio::JointModelCompositeTpl<double, 0, pinocchio::JointCollectionDefaultTpl> >, boost::recursive_wrapper<pinocchio::JointModelMimicTpl<double, 0, pinocchio::JointCollectionDefaultTpl> > >&&\x1b[m\x1b[K\xe2\x80\x99\n'}
[5.790187] (gim_arm_hardware) StderrLine: {'line': b' 1770 |     variant(\x1b[01;36m\x1b[Kvariant&& operand\x1b[m\x1b[K) BOOST_NOEXCEPT_IF(variant_move_noexcept_constructible::type::value)\n'}
[5.790213] (gim_arm_hardware) StderrLine: {'line': b'      |             \x1b[01;36m\x1b[K~~~~~~~~~~^~~~~~~\x1b[m\x1b[K\n'}
[5.790238] (gim_arm_hardware) StderrLine: {'line': b'\x1b[01m\x1b[K/usr/include/boost/variant/variant.hpp:1759:5:\x1b[m\x1b[K \x1b[01;36m\x1b[Knote: \x1b[m\x1b[Kcandidate: \xe2\x80\x98\x1b[01m\x1b[Kboost::variant<T0, TN>::variant(const boost::variant<T0, TN>&) [with T0_ = pinocchio::JointModelRevoluteTpl<double, 0, 0>; TN = {pinocchio::JointModelRevoluteTpl<double, 0, 1>, pinocchio::JointModelRevoluteTpl<double, 0, 2>, pinocchio::JointModelFreeFlyerTpl<double, 0>, pinocchio::JointModelPlanarTpl<double, 0>, pinocchio::JointModelRevoluteUnalignedTpl<double, 0>, pinocchio::JointModelSphericalTpl<double, 0>, pinocchio::JointModelSphericalZYXTpl<double, 0>, pinocchio::JointModelEllipsoidTpl<double, 0>, pinocchio::JointModelPrismaticTpl<double, 0, 0>, pinocchio::JointModelPrismaticTpl<double, 0, 1>, pinocchio::JointModelPrismaticTpl<double, 0, 2>, pinocchio::JointModelPrismaticUnalignedTpl<double, 0>, pinocchio::JointModelTranslationTpl<double, 0>, pinocchio::JointModelRevoluteUnboundedTpl<double, 0, 0>, pinocchio::JointModelRevoluteUnboundedTpl<double, 0, 1>, pinocchio::JointModelRevoluteUnboundedTpl<double, 0, 2>, pinocchio::JointModelRevoluteUnboundedUnalignedTpl<double, 0>, pinocchio::JointModelHelicalTpl<double, 0, 0>, pinocchio::JointModelHelicalTpl<double, 0, 1>, pinocchio::JointModelHelicalTpl<double, 0, 2>, pinocchio::JointModelHelicalUnalignedTpl<double, 0>, pinocchio::JointModelUniversalTpl<double, 0>, boost::recursive_wrapper<pinocchio::JointModelCompositeTpl<double, 0, pinocchio::JointCollectionDefaultTpl> >, boost::recursive_wrapper<pinocchio::JointModelMimicTpl<double, 0, pinocchio::JointCollectionDefaultTpl> >}]\x1b[m\x1b[K\xe2\x80\x99\n'}
[5.790275] (gim_arm_hardware) StderrLine: {'line': b' 1759 |     \x1b[01;36m\x1b[Kvariant\x1b[m\x1b[K(const variant& operand)\n'}
[5.790300] (gim_arm_hardware) StderrLine: {'line': b'      |     \x1b[01;36m\x1b[K^~~~~~~\x1b[m\x1b[K\n'}
[5.790324] (gim_arm_hardware) StderrLine: {'line': b'\x1b[01m\x1b[K/usr/include/boost/variant/variant.hpp:1759:28:\x1b[m\x1b[K \x1b[01;36m\x1b[Knote: \x1b[m\x1b[K  no known conversion for argument 1 from \xe2\x80\x98\x1b[01m\x1b[Kconst JointModelDerived\x1b[m\x1b[K\xe2\x80\x99 {aka \xe2\x80\x98\x1b[01m\x1b[Kconst pinocchio::JointModelPlanarTpl<double>\x1b[m\x1b[K\xe2\x80\x99} to \xe2\x80\x98\x1b[01m\x1b[Kconst boost::variant<pinocchio::JointModelRevoluteTpl<double, 0, 0>, pinocchio::JointModelRevoluteTpl<double, 0, 1>, pinocchio::JointModelRevoluteTpl<double, 0, 2>, pinocchio::JointModelFreeFlyerTpl<double, 0>, pinocchio::JointModelPlanarTpl<double, 0>, pinocchio::JointModelRevoluteUnalignedTpl<double, 0>, pinocchio::JointModelSphericalTpl<double, 0>, pinocchio::JointModelSphericalZYXTpl<double, 0>, pinocchio::JointModelEllipsoidTpl<double, 0>, pinocchio::JointModelPrismaticTpl<double, 0, 0>, pinocchio::JointModelPrismaticTpl<double, 0, 1>, pinocchio::JointModelPrismaticTpl<double, 0, 2>, pinocchio::JointModelPrismaticUnalignedTpl<double, 0>, pinocchio::JointModelTranslationTpl<double, 0>, pinocchio::JointModelRevoluteUnboundedTpl<double, 0, 0>, pinocchio::JointModelRevoluteUnboundedTpl<double, 0, 1>, pinocchio::JointModelRevoluteUnboundedTpl<double, 0, 2>, pinocchio::JointModelRevoluteUnboundedUnalignedTpl<double, 0>, pinocchio::JointModelHelicalTpl<double, 0, 0>, pinocchio::JointModelHelicalTpl<double, 0, 1>, pinocchio::JointModelHelicalTpl<double, 0, 2>, pinocchio::JointModelHelicalUnalignedTpl<double, 0>, pinocchio::JointModelUniversalTpl<double, 0>, boost::recursive_wrapper<pinocchio::JointModelCompositeTpl<double, 0, pinocchio::JointCollectionDefaultTpl> >, boost::recursive_wrapper<pinocchio::JointModelMimicTpl<double, 0, pinocchio::JointCollectionDefaultTpl> > >&\x1b[m\x1b[K\xe2\x80\x99\n'}
[5.790359] (gim_arm_hardware) StderrLine: {'line': b' 1759 |     variant(\x1b[01;36m\x1b[Kconst variant& operand\x1b[m\x1b[K)\n'}
[5.790385] (gim_arm_hardware) StderrLine: {'line': b'      |             \x1b[01;36m\x1b[K~~~~~~~~~~~~~~~^~~~~~~\x1b[m\x1b[K\n'}
[5.790410] (gim_arm_hardware) StderrLine: {'line': b'\x1b[01m\x1b[K/usr/include/boost/variant/variant.hpp:1375:5:\x1b[m\x1b[K \x1b[01;36m\x1b[Knote: \x1b[m\x1b[Kcandidate: \xe2\x80\x98\x1b[01m\x1b[Kboost::variant<T0, TN>::variant() [with T0_ = pinocchio::JointModelRevoluteTpl<double, 0, 0>; TN = {pinocchio::JointModelRevoluteTpl<double, 0, 1>, pinocchio::JointModelRevoluteTpl<double, 0, 2>, pinocchio::JointModelFreeFlyerTpl<double, 0>, pinocchio::JointModelPlanarTpl<double, 0>, pinocchio::JointModelRevoluteUnalignedTpl<double, 0>, pinocchio::JointModelSphericalTpl<double, 0>, pinocchio::JointModelSphericalZYXTpl<double, 0>, pinocchio::JointModelEllipsoidTpl<double, 0>, pinocchio::JointModelPrismaticTpl<double, 0, 0>, pinocchio::JointModelPrismaticTpl<double, 0, 1>, pinocchio::JointModelPrismaticTpl<double, 0, 2>, pinocchio::JointModelPrismaticUnalignedTpl<double, 0>, pinocchio::JointModelTranslationTpl<double, 0>, pinocchio::JointModelRevoluteUnboundedTpl<double, 0, 0>, pinocchio::JointModelRevoluteUnboundedTpl<double, 0, 1>, pinocchio::JointModelRevoluteUnboundedTpl<double, 0, 2>, pinocchio::JointModelRevoluteUnboundedUnalignedTpl<double, 0>, pinocchio::JointModelHelicalTpl<double, 0, 0>, pinocchio::JointModelHelicalTpl<double, 0, 1>, pinocchio::JointModelHelicalTpl<double, 0, 2>, pinocchio::JointModelHelicalUnalignedTpl<double, 0>, pinocchio::JointModelUniversalTpl<double, 0>, boost::recursive_wrapper<pinocchio::JointModelCompositeTpl<double, 0, pinocchio::JointCollectionDefaultTpl> >, boost::recursive_wrapper<pinocchio::JointModelMimicTpl<double, 0, pinocchio::JointCollectionDefaultTpl> >}]\x1b[m\x1b[K\xe2\x80\x99\n'}
[5.790448] (gim_arm_hardware) StderrLine: {'line': b' 1375 |     \x1b[01;36m\x1b[Kvariant\x1b[m\x1b[K()\n'}
[5.790473] (gim_arm_hardware) StderrLine: {'line': b'      |     \x1b[01;36m\x1b[K^~~~~~~\x1b[m\x1b[K\n'}
[5.790499] (gim_arm_hardware) StderrLine: {'line': b'\x1b[01m\x1b[K/usr/include/boost/variant/variant.hpp:1375:5:\x1b[m\x1b[K \x1b[01;36m\x1b[Knote: \x1b[m\x1b[K  candidate expects 0 arguments, 1 provided\n'}
[5.790523] (gim_arm_hardware) StderrLine: {'line': b'In file included from \x1b[01m\x1b[K/opt/ros/humble/include/pinocchio/multibody/joint.hpp:84\x1b[m\x1b[K,\n'}
[5.790550] (gim_arm_hardware) StderrLine: {'line': b'                 from \x1b[01m\x1b[K/opt/ros/humble/include/pinocchio/multibody.hpp:43\x1b[m\x1b[K,\n'}
[5.790574] (gim_arm_hardware) StderrLine: {'line': b'                 from \x1b[01m\x1b[K/opt/ros/humble/include/pinocchio/parsers/urdf.hpp:27\x1b[m\x1b[K,\n'}
[5.790598] (gim_arm_hardware) StderrLine: {'line': b'                 from \x1b[01m\x1b[K/home/minh/gim60108_ws/src/gim_arm_hardware/include/gim_arm_hardware/gim_arm_system.hpp:25\x1b[m\x1b[K,\n'}
[5.790623] (gim_arm_hardware) StderrLine: {'line': b'                 from \x1b[01m\x1b[K/home/minh/gim60108_ws/src/gim_arm_hardware/src/gim_arm_system.cpp:1\x1b[m\x1b[K:\n'}
[5.790648] (gim_arm_hardware) StderrLine: {'line': b'/opt/ros/humble/include/pinocchio/src/multibody/joint/joint-generic.hxx: In instantiation of \xe2\x80\x98\x1b[01m\x1b[Kpinocchio::JointModelTpl<Scalar, Options, JointCollectionTpl>::JointModelTpl(const pinocchio::JointModelBase<OtherDerived>&) [with JointModelDerived = pinocchio::JointModelSphericalTpl<double>; _Scalar = double; int _Options = 0; JointCollectionTpl = pinocchio::JointCollectionDefaultTpl]\x1b[m\x1b[K\xe2\x80\x99:\n'}
[5.790674] (gim_arm_hardware) StderrLine: {'line': b'\x1b[01m\x1b[K/opt/ros/humble/include/pinocchio/src/parsers/urdf/model.hxx:276:38:\x1b[m\x1b[K   required from here\n'}
[5.790698] (gim_arm_hardware) StderrLine: {'line': b'\x1b[01m\x1b[K/opt/ros/humble/include/pinocchio/src/multibody/joint/joint-generic.hxx:306:25:\x1b[m\x1b[K \x1b[01;31m\x1b[Kerror: \x1b[m\x1b[Kno matching function for call to \xe2\x80\x98\x1b[01m\x1b[Kboost::variant<pinocchio::JointModelRevoluteTpl<double, 0, 0>, pinocchio::JointModelRevoluteTpl<double, 0, 1>, pinocchio::JointModelRevoluteTpl<double, 0, 2>, pinocchio::JointModelFreeFlyerTpl<double, 0>, pinocchio::JointModelPlanarTpl<double, 0>, pinocchio::JointModelRevoluteUnalignedTpl<double, 0>, pinocchio::JointModelSphericalTpl<double, 0>, pinocchio::JointModelSphericalZYXTpl<double, 0>, pinocchio::JointModelEllipsoidTpl<double, 0>, pinocchio::JointModelPrismaticTpl<double, 0, 0>, pinocchio::JointModelPrismaticTpl<double, 0, 1>, pinocchio::JointModelPrismaticTpl<double, 0, 2>, pinocchio::JointModelPrismaticUnalignedTpl<double, 0>, pinocchio::JointModelTranslationTpl<double, 0>, pinocchio::JointModelRevoluteUnboundedTpl<double, 0, 0>, pinocchio::JointModelRevoluteUnboundedTpl<double, 0, 1>, pinocchio::JointModelRevoluteUnboundedTpl<double, 0, 2>, pinocchio::JointModelRevoluteUnboundedUnalignedTpl<double, 0>, pinocchio::JointModelHelicalTpl<double, 0, 0>, pinocchio::JointModelHelicalTpl<double, 0, 1>, pinocchio::JointModelHelicalTpl<double, 0, 2>, pinocchio::JointModelHelicalUnalignedTpl<double, 0>, pinocchio::JointModelUniversalTpl<double, 0>, boost::recursive_wrapper<pinocchio::JointModelCompositeTpl<double, 0, pinocchio::JointCollectionDefaultTpl> >, boost::recursive_wrapper<pinocchio::JointModelMimicTpl<double, 0, pinocchio::JointCollectionDefaultTpl> > >::variant(const JointModelDerived&)\x1b[m\x1b[K\xe2\x80\x99\n'}
[5.790738] (gim_arm_hardware) StderrLine: {'line': b'  306 |     : JointModelVariant(\x1b[01;31m\x1b[K(JointModelVariant)jmodel.derived()\x1b[m\x1b[K)\n'}
[5.790763] (gim_arm_hardware) StderrLine: {'line': b'      |                         \x1b[01;31m\x1b[K^~~~~~~~~~~~~~~~~~~~~~~~~~~~~~~~~~~\x1b[m\x1b[K\n'}
[5.790787] (gim_arm_hardware) StderrLine: {'line': b'In file included from \x1b[01m\x1b[K/usr/include/boost/variant.hpp:17\x1b[m\x1b[K,\n'}
[5.790812] (gim_arm_hardware) StderrLine: {'line': b'                 from \x1b[01m\x1b[K/opt/ros/humble/include/pinocchio/multibody.hpp:21\x1b[m\x1b[K,\n'}
[5.790836] (gim_arm_hardware) StderrLine: {'line': b'                 from \x1b[01m\x1b[K/opt/ros/humble/include/pinocchio/parsers/urdf.hpp:27\x1b[m\x1b[K,\n'}
[5.790860] (gim_arm_hardware) StderrLine: {'line': b'                 from \x1b[01m\x1b[K/home/minh/gim60108_ws/src/gim_arm_hardware/include/gim_arm_hardware/gim_arm_system.hpp:25\x1b[m\x1b[K,\n'}
[5.790890] (gim_arm_hardware) StderrLine: {'line': b'                 from \x1b[01m\x1b[K/home/minh/gim60108_ws/src/gim_arm_hardware/src/gim_arm_system.cpp:1\x1b[m\x1b[K:\n'}
[5.790917] (gim_arm_hardware) StderrLine: {'line': b'\x1b[01m\x1b[K/usr/include/boost/variant/variant.hpp:1770:5:\x1b[m\x1b[K \x1b[01;36m\x1b[Knote: \x1b[m\x1b[Kcandidate: \xe2\x80\x98\x1b[01m\x1b[Kboost::variant<T0, TN>::variant(boost::variant<T0, TN>&&) [with T0_ = pinocchio::JointModelRevoluteTpl<double, 0, 0>; TN = {pinocchio::JointModelRevoluteTpl<double, 0, 1>, pinocchio::JointModelRevoluteTpl<double, 0, 2>, pinocchio::JointModelFreeFlyerTpl<double, 0>, pinocchio::JointModelPlanarTpl<double, 0>, pinocchio::JointModelRevoluteUnalignedTpl<double, 0>, pinocchio::JointModelSphericalTpl<double, 0>, pinocchio::JointModelSphericalZYXTpl<double, 0>, pinocchio::JointModelEllipsoidTpl<double, 0>, pinocchio::JointModelPrismaticTpl<double, 0, 0>, pinocchio::JointModelPrismaticTpl<double, 0, 1>, pinocchio::JointModelPrismaticTpl<double, 0, 2>, pinocchio::JointModelPrismaticUnalignedTpl<double, 0>, pinocchio::JointModelTranslationTpl<double, 0>, pinocchio::JointModelRevoluteUnboundedTpl<double, 0, 0>, pinocchio::JointModelRevoluteUnboundedTpl<double, 0, 1>, pinocchio::JointModelRevoluteUnboundedTpl<double, 0, 2>, pinocchio::JointModelRevoluteUnboundedUnalignedTpl<double, 0>, pinocchio::JointModelHelicalTpl<double, 0, 0>, pinocchio::JointModelHelicalTpl<double, 0, 1>, pinocchio::JointModelHelicalTpl<double, 0, 2>, pinocchio::JointModelHelicalUnalignedTpl<double, 0>, pinocchio::JointModelUniversalTpl<double, 0>, boost::recursive_wrapper<pinocchio::JointModelCompositeTpl<double, 0, pinocchio::JointCollectionDefaultTpl> >, boost::recursive_wrapper<pinocchio::JointModelMimicTpl<double, 0, pinocchio::JointCollectionDefaultTpl> >}]\x1b[m\x1b[K\xe2\x80\x99\n'}
[5.790949] (gim_arm_hardware) StderrLine: {'line': b' 1770 |     \x1b[01;36m\x1b[Kvariant\x1b[m\x1b[K(variant&& operand) BOOST_NOEXCEPT_IF(variant_move_noexcept_constructible::type::value)\n'}
[5.790974] (gim_arm_hardware) StderrLine: {'line': b'      |     \x1b[01;36m\x1b[K^~~~~~~\x1b[m\x1b[K\n'}
[5.790998] (gim_arm_hardware) StderrLine: {'line': b'\x1b[01m\x1b[K/usr/include/boost/variant/variant.hpp:1770:23:\x1b[m\x1b[K \x1b[01;36m\x1b[Knote: \x1b[m\x1b[K  no known conversion for argument 1 from \xe2\x80\x98\x1b[01m\x1b[Kconst JointModelDerived\x1b[m\x1b[K\xe2\x80\x99 {aka \xe2\x80\x98\x1b[01m\x1b[Kconst pinocchio::JointModelSphericalTpl<double>\x1b[m\x1b[K\xe2\x80\x99} to \xe2\x80\x98\x1b[01m\x1b[Kboost::variant<pinocchio::JointModelRevoluteTpl<double, 0, 0>, pinocchio::JointModelRevoluteTpl<double, 0, 1>, pinocchio::JointModelRevoluteTpl<double, 0, 2>, pinocchio::JointModelFreeFlyerTpl<double, 0>, pinocchio::JointModelPlanarTpl<double, 0>, pinocchio::JointModelRevoluteUnalignedTpl<double, 0>, pinocchio::JointModelSphericalTpl<double, 0>, pinocchio::JointModelSphericalZYXTpl<double, 0>, pinocchio::JointModelEllipsoidTpl<double, 0>, pinocchio::JointModelPrismaticTpl<double, 0, 0>, pinocchio::JointModelPrismaticTpl<double, 0, 1>, pinocchio::JointModelPrismaticTpl<double, 0, 2>, pinocchio::JointModelPrismaticUnalignedTpl<double, 0>, pinocchio::JointModelTranslationTpl<double, 0>, pinocchio::JointModelRevoluteUnboundedTpl<double, 0, 0>, pinocchio::JointModelRevoluteUnboundedTpl<double, 0, 1>, pinocchio::JointModelRevoluteUnboundedTpl<double, 0, 2>, pinocchio::JointModelRevoluteUnboundedUnalignedTpl<double, 0>, pinocchio::JointModelHelicalTpl<double, 0, 0>, pinocchio::JointModelHelicalTpl<double, 0, 1>, pinocchio::JointModelHelicalTpl<double, 0, 2>, pinocchio::JointModelHelicalUnalignedTpl<double, 0>, pinocchio::JointModelUniversalTpl<double, 0>, boost::recursive_wrapper<pinocchio::JointModelCompositeTpl<double, 0, pinocchio::JointCollectionDefaultTpl> >, boost::recursive_wrapper<pinocchio::JointModelMimicTpl<double, 0, pinocchio::JointCollectionDefaultTpl> > >&&\x1b[m\x1b[K\xe2\x80\x99\n'}
[5.791039] (gim_arm_hardware) StderrLine: {'line': b' 1770 |     variant(\x1b[01;36m\x1b[Kvariant&& operand\x1b[m\x1b[K) BOOST_NOEXCEPT_IF(variant_move_noexcept_constructible::type::value)\n'}
[5.791064] (gim_arm_hardware) StderrLine: {'line': b'      |             \x1b[01;36m\x1b[K~~~~~~~~~~^~~~~~~\x1b[m\x1b[K\n'}
[5.791089] (gim_arm_hardware) StderrLine: {'line': b'\x1b[01m\x1b[K/usr/include/boost/variant/variant.hpp:1759:5:\x1b[m\x1b[K \x1b[01;36m\x1b[Knote: \x1b[m\x1b[Kcandidate: \xe2\x80\x98\x1b[01m\x1b[Kboost::variant<T0, TN>::variant(const boost::variant<T0, TN>&) [with T0_ = pinocchio::JointModelRevoluteTpl<double, 0, 0>; TN = {pinocchio::JointModelRevoluteTpl<double, 0, 1>, pinocchio::JointModelRevoluteTpl<double, 0, 2>, pinocchio::JointModelFreeFlyerTpl<double, 0>, pinocchio::JointModelPlanarTpl<double, 0>, pinocchio::JointModelRevoluteUnalignedTpl<double, 0>, pinocchio::JointModelSphericalTpl<double, 0>, pinocchio::JointModelSphericalZYXTpl<double, 0>, pinocchio::JointModelEllipsoidTpl<double, 0>, pinocchio::JointModelPrismaticTpl<double, 0, 0>, pinocchio::JointModelPrismaticTpl<double, 0, 1>, pinocchio::JointModelPrismaticTpl<double, 0, 2>, pinocchio::JointModelPrismaticUnalignedTpl<double, 0>, pinocchio::JointModelTranslationTpl<double, 0>, pinocchio::JointModelRevoluteUnboundedTpl<double, 0, 0>, pinocchio::JointModelRevoluteUnboundedTpl<double, 0, 1>, pinocchio::JointModelRevoluteUnboundedTpl<double, 0, 2>, pinocchio::JointModelRevoluteUnboundedUnalignedTpl<double, 0>, pinocchio::JointModelHelicalTpl<double, 0, 0>, pinocchio::JointModelHelicalTpl<double, 0, 1>, pinocchio::JointModelHelicalTpl<double, 0, 2>, pinocchio::JointModelHelicalUnalignedTpl<double, 0>, pinocchio::JointModelUniversalTpl<double, 0>, boost::recursive_wrapper<pinocchio::JointModelCompositeTpl<double, 0, pinocchio::JointCollectionDefaultTpl> >, boost::recursive_wrapper<pinocchio::JointModelMimicTpl<double, 0, pinocchio::JointCollectionDefaultTpl> >}]\x1b[m\x1b[K\xe2\x80\x99\n'}
[5.791123] (gim_arm_hardware) StderrLine: {'line': b' 1759 |     \x1b[01;36m\x1b[Kvariant\x1b[m\x1b[K(const variant& operand)\n'}
[5.791149] (gim_arm_hardware) StderrLine: {'line': b'      |     \x1b[01;36m\x1b[K^~~~~~~\x1b[m\x1b[K\n'}
[5.791173] (gim_arm_hardware) StderrLine: {'line': b'\x1b[01m\x1b[K/usr/include/boost/variant/variant.hpp:1759:28:\x1b[m\x1b[K \x1b[01;36m\x1b[Knote: \x1b[m\x1b[K  no known conversion for argument 1 from \xe2\x80\x98\x1b[01m\x1b[Kconst JointModelDerived\x1b[m\x1b[K\xe2\x80\x99 {aka \xe2\x80\x98\x1b[01m\x1b[Kconst pinocchio::JointModelSphericalTpl<double>\x1b[m\x1b[K\xe2\x80\x99} to \xe2\x80\x98\x1b[01m\x1b[Kconst boost::variant<pinocchio::JointModelRevoluteTpl<double, 0, 0>, pinocchio::JointModelRevoluteTpl<double, 0, 1>, pinocchio::JointModelRevoluteTpl<double, 0, 2>, pinocchio::JointModelFreeFlyerTpl<double, 0>, pinocchio::JointModelPlanarTpl<double, 0>, pinocchio::JointModelRevoluteUnalignedTpl<double, 0>, pinocchio::JointModelSphericalTpl<double, 0>, pinocchio::JointModelSphericalZYXTpl<double, 0>, pinocchio::JointModelEllipsoidTpl<double, 0>, pinocchio::JointModelPrismaticTpl<double, 0, 0>, pinocchio::JointModelPrismaticTpl<double, 0, 1>, pinocchio::JointModelPrismaticTpl<double, 0, 2>, pinocchio::JointModelPrismaticUnalignedTpl<double, 0>, pinocchio::JointModelTranslationTpl<double, 0>, pinocchio::JointModelRevoluteUnboundedTpl<double, 0, 0>, pinocchio::JointModelRevoluteUnboundedTpl<double, 0, 1>, pinocchio::JointModelRevoluteUnboundedTpl<double, 0, 2>, pinocchio::JointModelRevoluteUnboundedUnalignedTpl<double, 0>, pinocchio::JointModelHelicalTpl<double, 0, 0>, pinocchio::JointModelHelicalTpl<double, 0, 1>, pinocchio::JointModelHelicalTpl<double, 0, 2>, pinocchio::JointModelHelicalUnalignedTpl<double, 0>, pinocchio::JointModelUniversalTpl<double, 0>, boost::recursive_wrapper<pinocchio::JointModelCompositeTpl<double, 0, pinocchio::JointCollectionDefaultTpl> >, boost::recursive_wrapper<pinocchio::JointModelMimicTpl<double, 0, pinocchio::JointCollectionDefaultTpl> > >&\x1b[m\x1b[K\xe2\x80\x99\n'}
[5.791212] (gim_arm_hardware) StderrLine: {'line': b' 1759 |     variant(\x1b[01;36m\x1b[Kconst variant& operand\x1b[m\x1b[K)\n'}
[5.791237] (gim_arm_hardware) StderrLine: {'line': b'      |             \x1b[01;36m\x1b[K~~~~~~~~~~~~~~~^~~~~~~\x1b[m\x1b[K\n'}
[5.791261] (gim_arm_hardware) StderrLine: {'line': b'\x1b[01m\x1b[K/usr/include/boost/variant/variant.hpp:1375:5:\x1b[m\x1b[K \x1b[01;36m\x1b[Knote: \x1b[m\x1b[Kcandidate: \xe2\x80\x98\x1b[01m\x1b[Kboost::variant<T0, TN>::variant() [with T0_ = pinocchio::JointModelRevoluteTpl<double, 0, 0>; TN = {pinocchio::JointModelRevoluteTpl<double, 0, 1>, pinocchio::JointModelRevoluteTpl<double, 0, 2>, pinocchio::JointModelFreeFlyerTpl<double, 0>, pinocchio::JointModelPlanarTpl<double, 0>, pinocchio::JointModelRevoluteUnalignedTpl<double, 0>, pinocchio::JointModelSphericalTpl<double, 0>, pinocchio::JointModelSphericalZYXTpl<double, 0>, pinocchio::JointModelEllipsoidTpl<double, 0>, pinocchio::JointModelPrismaticTpl<double, 0, 0>, pinocchio::JointModelPrismaticTpl<double, 0, 1>, pinocchio::JointModelPrismaticTpl<double, 0, 2>, pinocchio::JointModelPrismaticUnalignedTpl<double, 0>, pinocchio::JointModelTranslationTpl<double, 0>, pinocchio::JointModelRevoluteUnboundedTpl<double, 0, 0>, pinocchio::JointModelRevoluteUnboundedTpl<double, 0, 1>, pinocchio::JointModelRevoluteUnboundedTpl<double, 0, 2>, pinocchio::JointModelRevoluteUnboundedUnalignedTpl<double, 0>, pinocchio::JointModelHelicalTpl<double, 0, 0>, pinocchio::JointModelHelicalTpl<double, 0, 1>, pinocchio::JointModelHelicalTpl<double, 0, 2>, pinocchio::JointModelHelicalUnalignedTpl<double, 0>, pinocchio::JointModelUniversalTpl<double, 0>, boost::recursive_wrapper<pinocchio::JointModelCompositeTpl<double, 0, pinocchio::JointCollectionDefaultTpl> >, boost::recursive_wrapper<pinocchio::JointModelMimicTpl<double, 0, pinocchio::JointCollectionDefaultTpl> >}]\x1b[m\x1b[K\xe2\x80\x99\n'}
[5.791294] (gim_arm_hardware) StderrLine: {'line': b' 1375 |     \x1b[01;36m\x1b[Kvariant\x1b[m\x1b[K()\n'}
[5.791319] (gim_arm_hardware) StderrLine: {'line': b'      |     \x1b[01;36m\x1b[K^~~~~~~\x1b[m\x1b[K\n'}
[5.791343] (gim_arm_hardware) StderrLine: {'line': b'\x1b[01m\x1b[K/usr/include/boost/variant/variant.hpp:1375:5:\x1b[m\x1b[K \x1b[01;36m\x1b[Knote: \x1b[m\x1b[K  candidate expects 0 arguments, 1 provided\n'}
[5.817818] (-) TimerEvent: {}
[5.918212] (-) TimerEvent: {}
[5.929351] (gim_arm_hardware) StderrLine: {'line': b'/usr/include/boost/variant/variant.hpp: In instantiation of \xe2\x80\x98\x1b[01m\x1b[Kboost::variant<T0, TN>::variant(const boost::variant<T0, TN>&) [with T0_ = pinocchio::JointModelRevoluteTpl<double, 0, 0>; TN = {pinocchio::JointModelRevoluteTpl<double, 0, 1>, pinocchio::JointModelRevoluteTpl<double, 0, 2>, pinocchio::JointModelFreeFlyerTpl<double, 0>, pinocchio::JointModelPlanarTpl<double, 0>, pinocchio::JointModelRevoluteUnalignedTpl<double, 0>, pinocchio::JointModelSphericalTpl<double, 0>, pinocchio::JointModelSphericalZYXTpl<double, 0>, pinocchio::JointModelEllipsoidTpl<double, 0>, pinocchio::JointModelPrismaticTpl<double, 0, 0>, pinocchio::JointModelPrismaticTpl<double, 0, 1>, pinocchio::JointModelPrismaticTpl<double, 0, 2>, pinocchio::JointModelPrismaticUnalignedTpl<double, 0>, pinocchio::JointModelTranslationTpl<double, 0>, pinocchio::JointModelRevoluteUnboundedTpl<double, 0, 0>, pinocchio::JointModelRevoluteUnboundedTpl<double, 0, 1>, pinocchio::JointModelRevoluteUnboundedTpl<double, 0, 2>, pinocchio::JointModelRevoluteUnboundedUnalignedTpl<double, 0>, pinocchio::JointModelHelicalTpl<double, 0, 0>, pinocchio::JointModelHelicalTpl<double, 0, 1>, pinocchio::JointModelHelicalTpl<double, 0, 2>, pinocchio::JointModelHelicalUnalignedTpl<double, 0>, pinocchio::JointModelUniversalTpl<double, 0>, boost::recursive_wrapper<pinocchio::JointModelCompositeTpl<double, 0, pinocchio::JointCollectionDefaultTpl> >, boost::recursive_wrapper<pinocchio::JointModelMimicTpl<double, 0, pinocchio::JointCollectionDefaultTpl> >}]\x1b[m\x1b[K\xe2\x80\x99:\n'}
[5.929592] (gim_arm_hardware) StderrLine: {'line': b'\x1b[01m\x1b[K/opt/ros/humble/include/pinocchio/src/multibody/joint/joint-generic.hxx:256:10:\x1b[m\x1b[K   required from \xe2\x80\x98\x1b[01m\x1b[Kpinocchio::ModelTpl<_Scalar, _Options, JointCollectionTpl>::JointIndex pinocchio::ModelTpl<_Scalar, _Options, JointCollectionTpl>::addJoint(pinocchio::ModelTpl<_Scalar, _Options, JointCollectionTpl>::JointIndex, const JointModel&, const SE3&, const string&, const VectorXs&, const VectorXs&, const VectorXs&, const VectorXs&, const VectorXs&, const VectorXs&, const VectorXs&, const VectorXs&, const VectorXs&, const VectorXs&) [with _Scalar = double; int _Options = 0; JointCollectionTpl = pinocchio::JointCollectionDefaultTpl; pinocchio::ModelTpl<_Scalar, _Options, JointCollectionTpl>::JointIndex = long unsigned int; pinocchio::ModelTpl<_Scalar, _Options, JointCollectionTpl>::JointModel = pinocchio::JointModelTpl<double>; pinocchio::ModelTpl<_Scalar, _Options, JointCollectionTpl>::SE3 = pinocchio::SE3Tpl<double, 0>; std::string = std::__cxx11::basic_string<char>; pinocchio::ModelTpl<_Scalar, _Options, JointCollectionTpl>::VectorXs = Eigen::Matrix<double, -1, 1>]\x1b[m\x1b[K\xe2\x80\x99\n'}
[5.929706] (gim_arm_hardware) StderrLine: {'line': b'\x1b[01m\x1b[K/opt/ros/humble/include/pinocchio/src/parsers/urdf/model.hxx:235:38:\x1b[m\x1b[K   required from here\n'}
[5.929785] (gim_arm_hardware) StderrLine: {'line': b'\x1b[01m\x1b[K/usr/include/boost/variant/variant.hpp:1762:45:\x1b[m\x1b[K \x1b[01;31m\x1b[Kerror: \x1b[m\x1b[Kusing invalid field \xe2\x80\x98\x1b[01m\x1b[Kboost::variant<T0, TN>::storage_\x1b[m\x1b[K\xe2\x80\x99\n'}
[5.929856] (gim_arm_hardware) StderrLine: {'line': b' 1762 |         detail::variant::copy_into visitor( \x1b[01;31m\x1b[Kstorage_\x1b[m\x1b[K.address() );\n'}
[5.929947] (gim_arm_hardware) StderrLine: {'line': b'      |                                             \x1b[01;31m\x1b[K^~~~~~~~\x1b[m\x1b[K\n'}
[5.944359] (gim_arm_hardware) StderrLine: {'line': b'In file included from \x1b[01m\x1b[K/opt/ros/humble/include/pinocchio/multibody/joint.hpp:84\x1b[m\x1b[K,\n'}
[5.944830] (gim_arm_hardware) StderrLine: {'line': b'                 from \x1b[01m\x1b[K/opt/ros/humble/include/pinocchio/multibody.hpp:43\x1b[m\x1b[K,\n'}
[5.945052] (gim_arm_hardware) StderrLine: {'line': b'                 from \x1b[01m\x1b[K/opt/ros/humble/include/pinocchio/parsers/urdf.hpp:27\x1b[m\x1b[K,\n'}
[5.945606] (gim_arm_hardware) StderrLine: {'line': b'                 from \x1b[01m\x1b[K/home/minh/gim60108_ws/src/gim_arm_hardware/include/gim_arm_hardware/gim_arm_system.hpp:25\x1b[m\x1b[K,\n'}
[5.945675] (gim_arm_hardware) StderrLine: {'line': b'                 from \x1b[01m\x1b[K/home/minh/gim60108_ws/src/gim_arm_hardware/src/gim_arm_system.cpp:1\x1b[m\x1b[K:\n'}
[5.945721] (gim_arm_hardware) StderrLine: {'line': b'/opt/ros/humble/include/pinocchio/src/multibody/joint/joint-generic.hxx: In instantiation of \xe2\x80\x98\x1b[01m\x1b[Kpinocchio::JointModelTpl<Scalar, Options, JointCollectionTpl>::JointModelTpl(const pinocchio::JointModelBase<OtherDerived>&) [with JointModelDerived = pinocchio::JointModelRevoluteTpl<double, 0, 0>; _Scalar = double; int _Options = 0; JointCollectionTpl = pinocchio::JointCollectionDefaultTpl]\x1b[m\x1b[K\xe2\x80\x99:\n'}
[5.945756] (gim_arm_hardware) StderrLine: {'line': b'\x1b[01m\x1b[K/opt/ros/humble/include/pinocchio/src/parsers/urdf/model.hxx:495:34:\x1b[m\x1b[K   required from \xe2\x80\x98\x1b[01m\x1b[Kpinocchio::JointIndex pinocchio::urdf::details::UrdfVisitor::addJoint(const Vector3&, const Frame&, const SE3&, const string&, const VectorConstRef&, const VectorConstRef&, const VectorConstRef&, const VectorConstRef&, const VectorConstRef&, const VectorConstRef&, const VectorConstRef&, const VectorConstRef&, const VectorConstRef&, const VectorConstRef&) [with TypeX = pinocchio::JointModelRevoluteTpl<double, 0, 0>; TypeY = pinocchio::JointModelRevoluteTpl<double, 0, 1>; TypeZ = pinocchio::JointModelRevoluteTpl<double, 0, 2>; TypeUnaligned = pinocchio::JointModelRevoluteUnalignedTpl<double>; pinocchio::JointIndex = long unsigned int; pinocchio::urdf::details::UrdfVisitor::Vector3 = Eigen::Matrix<double, 3, 1>; pinocchio::urdf::details::UrdfVisitor::Frame = pinocchio::FrameTpl<double, 0>; pinocchio::urdf::details::UrdfVisitor::SE3 = pinocchio::SE3Tpl<double, 0>; std::string = std::__cxx11::basic_string<char>; pinocchio::urdf::details::UrdfVisitor::VectorConstRef = Eigen::Ref<const Eigen::Matrix<double, -1, 1> >]\x1b[m\x1b[K\xe2\x80\x99\n'}
[5.945790] (gim_arm_hardware) StderrLine: {'line': b'\x1b[01m\x1b[K/opt/ros/humble/include/pinocchio/src/parsers/urdf/model.hxx:245:69:\x1b[m\x1b[K   required from here\n'}
[5.945818] (gim_arm_hardware) StderrLine: {'line': b'\x1b[01m\x1b[K/opt/ros/humble/include/pinocchio/src/multibody/joint/joint-generic.hxx:306:25:\x1b[m\x1b[K \x1b[01;31m\x1b[Kerror: \x1b[m\x1b[Kno matching function for call to \xe2\x80\x98\x1b[01m\x1b[Kboost::variant<pinocchio::JointModelRevoluteTpl<double, 0, 0>, pinocchio::JointModelRevoluteTpl<double, 0, 1>, pinocchio::JointModelRevoluteTpl<double, 0, 2>, pinocchio::JointModelFreeFlyerTpl<double, 0>, pinocchio::JointModelPlanarTpl<double, 0>, pinocchio::JointModelRevoluteUnalignedTpl<double, 0>, pinocchio::JointModelSphericalTpl<double, 0>, pinocchio::JointModelSphericalZYXTpl<double, 0>, pinocchio::JointModelEllipsoidTpl<double, 0>, pinocchio::JointModelPrismaticTpl<double, 0, 0>, pinocchio::JointModelPrismaticTpl<double, 0, 1>, pinocchio::JointModelPrismaticTpl<double, 0, 2>, pinocchio::JointModelPrismaticUnalignedTpl<double, 0>, pinocchio::JointModelTranslationTpl<double, 0>, pinocchio::JointModelRevoluteUnboundedTpl<double, 0, 0>, pinocchio::JointModelRevoluteUnboundedTpl<double, 0, 1>, pinocchio::JointModelRevoluteUnboundedTpl<double, 0, 2>, pinocchio::JointModelRevoluteUnboundedUnalignedTpl<double, 0>, pinocchio::JointModelHelicalTpl<double, 0, 0>, pinocchio::JointModelHelicalTpl<double, 0, 1>, pinocchio::JointModelHelicalTpl<double, 0, 2>, pinocchio::JointModelHelicalUnalignedTpl<double, 0>, pinocchio::JointModelUniversalTpl<double, 0>, boost::recursive_wrapper<pinocchio::JointModelCompositeTpl<double, 0, pinocchio::JointCollectionDefaultTpl> >, boost::recursive_wrapper<pinocchio::JointModelMimicTpl<double, 0, pinocchio::JointCollectionDefaultTpl> > >::variant(const JointModelDerived&)\x1b[m\x1b[K\xe2\x80\x99\n'}
[5.945859] (gim_arm_hardware) StderrLine: {'line': b'  306 |     : JointModelVariant(\x1b[01;31m\x1b[K(JointModelVariant)jmodel.derived()\x1b[m\x1b[K)\n'}
[5.945901] (gim_arm_hardware) StderrLine: {'line': b'      |                         \x1b[01;31m\x1b[K^~~~~~~~~~~~~~~~~~~~~~~~~~~~~~~~~~~\x1b[m\x1b[K\n'}
[5.945929] (gim_arm_hardware) StderrLine: {'line': b'In file included from \x1b[01m\x1b[K/usr/include/boost/variant.hpp:17\x1b[m\x1b[K,\n'}
[5.945954] (gim_arm_hardware) StderrLine: {'line': b'                 from \x1b[01m\x1b[K/opt/ros/humble/include/pinocchio/multibody.hpp:21\x1b[m\x1b[K,\n'}
[5.945983] (gim_arm_hardware) StderrLine: {'line': b'                 from \x1b[01m\x1b[K/opt/ros/humble/include/pinocchio/parsers/urdf.hpp:27\x1b[m\x1b[K,\n'}
[5.946008] (gim_arm_hardware) StderrLine: {'line': b'                 from \x1b[01m\x1b[K/home/minh/gim60108_ws/src/gim_arm_hardware/include/gim_arm_hardware/gim_arm_system.hpp:25\x1b[m\x1b[K,\n'}
[5.946033] (gim_arm_hardware) StderrLine: {'line': b'                 from \x1b[01m\x1b[K/home/minh/gim60108_ws/src/gim_arm_hardware/src/gim_arm_system.cpp:1\x1b[m\x1b[K:\n'}
[5.946061] (gim_arm_hardware) StderrLine: {'line': b'\x1b[01m\x1b[K/usr/include/boost/variant/variant.hpp:1770:5:\x1b[m\x1b[K \x1b[01;36m\x1b[Knote: \x1b[m\x1b[Kcandidate: \xe2\x80\x98\x1b[01m\x1b[Kboost::variant<T0, TN>::variant(boost::variant<T0, TN>&&) [with T0_ = pinocchio::JointModelRevoluteTpl<double, 0, 0>; TN = {pinocchio::JointModelRevoluteTpl<double, 0, 1>, pinocchio::JointModelRevoluteTpl<double, 0, 2>, pinocchio::JointModelFreeFlyerTpl<double, 0>, pinocchio::JointModelPlanarTpl<double, 0>, pinocchio::JointModelRevoluteUnalignedTpl<double, 0>, pinocchio::JointModelSphericalTpl<double, 0>, pinocchio::JointModelSphericalZYXTpl<double, 0>, pinocchio::JointModelEllipsoidTpl<double, 0>, pinocchio::JointModelPrismaticTpl<double, 0, 0>, pinocchio::JointModelPrismaticTpl<double, 0, 1>, pinocchio::JointModelPrismaticTpl<double, 0, 2>, pinocchio::JointModelPrismaticUnalignedTpl<double, 0>, pinocchio::JointModelTranslationTpl<double, 0>, pinocchio::JointModelRevoluteUnboundedTpl<double, 0, 0>, pinocchio::JointModelRevoluteUnboundedTpl<double, 0, 1>, pinocchio::JointModelRevoluteUnboundedTpl<double, 0, 2>, pinocchio::JointModelRevoluteUnboundedUnalignedTpl<double, 0>, pinocchio::JointModelHelicalTpl<double, 0, 0>, pinocchio::JointModelHelicalTpl<double, 0, 1>, pinocchio::JointModelHelicalTpl<double, 0, 2>, pinocchio::JointModelHelicalUnalignedTpl<double, 0>, pinocchio::JointModelUniversalTpl<double, 0>, boost::recursive_wrapper<pinocchio::JointModelCompositeTpl<double, 0, pinocchio::JointCollectionDefaultTpl> >, boost::recursive_wrapper<pinocchio::JointModelMimicTpl<double, 0, pinocchio::JointCollectionDefaultTpl> >}]\x1b[m\x1b[K\xe2\x80\x99\n'}
[5.946100] (gim_arm_hardware) StderrLine: {'line': b' 1770 |     \x1b[01;36m\x1b[Kvariant\x1b[m\x1b[K(variant&& operand) BOOST_NOEXCEPT_IF(variant_move_noexcept_constructible::type::value)\n'}
[5.946126] (gim_arm_hardware) StderrLine: {'line': b'      |     \x1b[01;36m\x1b[K^~~~~~~\x1b[m\x1b[K\n'}
[5.946151] (gim_arm_hardware) StderrLine: {'line': b'\x1b[01m\x1b[K/usr/include/boost/variant/variant.hpp:1770:23:\x1b[m\x1b[K \x1b[01;36m\x1b[Knote: \x1b[m\x1b[K  no known conversion for argument 1 from \xe2\x80\x98\x1b[01m\x1b[Kconst JointModelDerived\x1b[m\x1b[K\xe2\x80\x99 {aka \xe2\x80\x98\x1b[01m\x1b[Kconst pinocchio::JointModelRevoluteTpl<double, 0, 0>\x1b[m\x1b[K\xe2\x80\x99} to \xe2\x80\x98\x1b[01m\x1b[Kboost::variant<pinocchio::JointModelRevoluteTpl<double, 0, 0>, pinocchio::JointModelRevoluteTpl<double, 0, 1>, pinocchio::JointModelRevoluteTpl<double, 0, 2>, pinocchio::JointModelFreeFlyerTpl<double, 0>, pinocchio::JointModelPlanarTpl<double, 0>, pinocchio::JointModelRevoluteUnalignedTpl<double, 0>, pinocchio::JointModelSphericalTpl<double, 0>, pinocchio::JointModelSphericalZYXTpl<double, 0>, pinocchio::JointModelEllipsoidTpl<double, 0>, pinocchio::JointModelPrismaticTpl<double, 0, 0>, pinocchio::JointModelPrismaticTpl<double, 0, 1>, pinocchio::JointModelPrismaticTpl<double, 0, 2>, pinocchio::JointModelPrismaticUnalignedTpl<double, 0>, pinocchio::JointModelTranslationTpl<double, 0>, pinocchio::JointModelRevoluteUnboundedTpl<double, 0, 0>, pinocchio::JointModelRevoluteUnboundedTpl<double, 0, 1>, pinocchio::JointModelRevoluteUnboundedTpl<double, 0, 2>, pinocchio::JointModelRevoluteUnboundedUnalignedTpl<double, 0>, pinocchio::JointModelHelicalTpl<double, 0, 0>, pinocchio::JointModelHelicalTpl<double, 0, 1>, pinocchio::JointModelHelicalTpl<double, 0, 2>, pinocchio::JointModelHelicalUnalignedTpl<double, 0>, pinocchio::JointModelUniversalTpl<double, 0>, boost::recursive_wrapper<pinocchio::JointModelCompositeTpl<double, 0, pinocchio::JointCollectionDefaultTpl> >, boost::recursive_wrapper<pinocchio::JointModelMimicTpl<double, 0, pinocchio::JointCollectionDefaultTpl> > >&&\x1b[m\x1b[K\xe2\x80\x99\n'}
[5.946196] (gim_arm_hardware) StderrLine: {'line': b' 1770 |     variant(\x1b[01;36m\x1b[Kvariant&& operand\x1b[m\x1b[K) BOOST_NOEXCEPT_IF(variant_move_noexcept_constructible::type::value)\n'}
[5.946222] (gim_arm_hardware) StderrLine: {'line': b'      |             \x1b[01;36m\x1b[K~~~~~~~~~~^~~~~~~\x1b[m\x1b[K\n'}
[5.946248] (gim_arm_hardware) StderrLine: {'line': b'\x1b[01m\x1b[K/usr/include/boost/variant/variant.hpp:1759:5:\x1b[m\x1b[K \x1b[01;36m\x1b[Knote: \x1b[m\x1b[Kcandidate: \xe2\x80\x98\x1b[01m\x1b[Kboost::variant<T0, TN>::variant(const boost::variant<T0, TN>&) [with T0_ = pinocchio::JointModelRevoluteTpl<double, 0, 0>; TN = {pinocchio::JointModelRevoluteTpl<double, 0, 1>, pinocchio::JointModelRevoluteTpl<double, 0, 2>, pinocchio::JointModelFreeFlyerTpl<double, 0>, pinocchio::JointModelPlanarTpl<double, 0>, pinocchio::JointModelRevoluteUnalignedTpl<double, 0>, pinocchio::JointModelSphericalTpl<double, 0>, pinocchio::JointModelSphericalZYXTpl<double, 0>, pinocchio::JointModelEllipsoidTpl<double, 0>, pinocchio::JointModelPrismaticTpl<double, 0, 0>, pinocchio::JointModelPrismaticTpl<double, 0, 1>, pinocchio::JointModelPrismaticTpl<double, 0, 2>, pinocchio::JointModelPrismaticUnalignedTpl<double, 0>, pinocchio::JointModelTranslationTpl<double, 0>, pinocchio::JointModelRevoluteUnboundedTpl<double, 0, 0>, pinocchio::JointModelRevoluteUnboundedTpl<double, 0, 1>, pinocchio::JointModelRevoluteUnboundedTpl<double, 0, 2>, pinocchio::JointModelRevoluteUnboundedUnalignedTpl<double, 0>, pinocchio::JointModelHelicalTpl<double, 0, 0>, pinocchio::JointModelHelicalTpl<double, 0, 1>, pinocchio::JointModelHelicalTpl<double, 0, 2>, pinocchio::JointModelHelicalUnalignedTpl<double, 0>, pinocchio::JointModelUniversalTpl<double, 0>, boost::recursive_wrapper<pinocchio::JointModelCompositeTpl<double, 0, pinocchio::JointCollectionDefaultTpl> >, boost::recursive_wrapper<pinocchio::JointModelMimicTpl<double, 0, pinocchio::JointCollectionDefaultTpl> >}]\x1b[m\x1b[K\xe2\x80\x99\n'}
[5.946281] (gim_arm_hardware) StderrLine: {'line': b' 1759 |     \x1b[01;36m\x1b[Kvariant\x1b[m\x1b[K(const variant& operand)\n'}
[5.946308] (gim_arm_hardware) StderrLine: {'line': b'      |     \x1b[01;36m\x1b[K^~~~~~~\x1b[m\x1b[K\n'}
[5.946334] (gim_arm_hardware) StderrLine: {'line': b'\x1b[01m\x1b[K/usr/include/boost/variant/variant.hpp:1759:28:\x1b[m\x1b[K \x1b[01;36m\x1b[Knote: \x1b[m\x1b[K  no known conversion for argument 1 from \xe2\x80\x98\x1b[01m\x1b[Kconst JointModelDerived\x1b[m\x1b[K\xe2\x80\x99 {aka \xe2\x80\x98\x1b[01m\x1b[Kconst pinocchio::JointModelRevoluteTpl<double, 0, 0>\x1b[m\x1b[K\xe2\x80\x99} to \xe2\x80\x98\x1b[01m\x1b[Kconst boost::variant<pinocchio::JointModelRevoluteTpl<double, 0, 0>, pinocchio::JointModelRevoluteTpl<double, 0, 1>, pinocchio::JointModelRevoluteTpl<double, 0, 2>, pinocchio::JointModelFreeFlyerTpl<double, 0>, pinocchio::JointModelPlanarTpl<double, 0>, pinocchio::JointModelRevoluteUnalignedTpl<double, 0>, pinocchio::JointModelSphericalTpl<double, 0>, pinocchio::JointModelSphericalZYXTpl<double, 0>, pinocchio::JointModelEllipsoidTpl<double, 0>, pinocchio::JointModelPrismaticTpl<double, 0, 0>, pinocchio::JointModelPrismaticTpl<double, 0, 1>, pinocchio::JointModelPrismaticTpl<double, 0, 2>, pinocchio::JointModelPrismaticUnalignedTpl<double, 0>, pinocchio::JointModelTranslationTpl<double, 0>, pinocchio::JointModelRevoluteUnboundedTpl<double, 0, 0>, pinocchio::JointModelRevoluteUnboundedTpl<double, 0, 1>, pinocchio::JointModelRevoluteUnboundedTpl<double, 0, 2>, pinocchio::JointModelRevoluteUnboundedUnalignedTpl<double, 0>, pinocchio::JointModelHelicalTpl<double, 0, 0>, pinocchio::JointModelHelicalTpl<double, 0, 1>, pinocchio::JointModelHelicalTpl<double, 0, 2>, pinocchio::JointModelHelicalUnalignedTpl<double, 0>, pinocchio::JointModelUniversalTpl<double, 0>, boost::recursive_wrapper<pinocchio::JointModelCompositeTpl<double, 0, pinocchio::JointCollectionDefaultTpl> >, boost::recursive_wrapper<pinocchio::JointModelMimicTpl<double, 0, pinocchio::JointCollectionDefaultTpl> > >&\x1b[m\x1b[K\xe2\x80\x99\n'}
[5.946371] (gim_arm_hardware) StderrLine: {'line': b' 1759 |     variant(\x1b[01;36m\x1b[Kconst variant& operand\x1b[m\x1b[K)\n'}
[5.946402] (gim_arm_hardware) StderrLine: {'line': b'      |             \x1b[01;36m\x1b[K~~~~~~~~~~~~~~~^~~~~~~\x1b[m\x1b[K\n'}
[5.946428] (gim_arm_hardware) StderrLine: {'line': b'\x1b[01m\x1b[K/usr/include/boost/variant/variant.hpp:1375:5:\x1b[m\x1b[K \x1b[01;36m\x1b[Knote: \x1b[m\x1b[Kcandidate: \xe2\x80\x98\x1b[01m\x1b[Kboost::variant<T0, TN>::variant() [with T0_ = pinocchio::JointModelRevoluteTpl<double, 0, 0>; TN = {pinocchio::JointModelRevoluteTpl<double, 0, 1>, pinocchio::JointModelRevoluteTpl<double, 0, 2>, pinocchio::JointModelFreeFlyerTpl<double, 0>, pinocchio::JointModelPlanarTpl<double, 0>, pinocchio::JointModelRevoluteUnalignedTpl<double, 0>, pinocchio::JointModelSphericalTpl<double, 0>, pinocchio::JointModelSphericalZYXTpl<double, 0>, pinocchio::JointModelEllipsoidTpl<double, 0>, pinocchio::JointModelPrismaticTpl<double, 0, 0>, pinocchio::JointModelPrismaticTpl<double, 0, 1>, pinocchio::JointModelPrismaticTpl<double, 0, 2>, pinocchio::JointModelPrismaticUnalignedTpl<double, 0>, pinocchio::JointModelTranslationTpl<double, 0>, pinocchio::JointModelRevoluteUnboundedTpl<double, 0, 0>, pinocchio::JointModelRevoluteUnboundedTpl<double, 0, 1>, pinocchio::JointModelRevoluteUnboundedTpl<double, 0, 2>, pinocchio::JointModelRevoluteUnboundedUnalignedTpl<double, 0>, pinocchio::JointModelHelicalTpl<double, 0, 0>, pinocchio::JointModelHelicalTpl<double, 0, 1>, pinocchio::JointModelHelicalTpl<double, 0, 2>, pinocchio::JointModelHelicalUnalignedTpl<double, 0>, pinocchio::JointModelUniversalTpl<double, 0>, boost::recursive_wrapper<pinocchio::JointModelCompositeTpl<double, 0, pinocchio::JointCollectionDefaultTpl> >, boost::recursive_wrapper<pinocchio::JointModelMimicTpl<double, 0, pinocchio::JointCollectionDefaultTpl> >}]\x1b[m\x1b[K\xe2\x80\x99\n'}
[5.946461] (gim_arm_hardware) StderrLine: {'line': b' 1375 |     \x1b[01;36m\x1b[Kvariant\x1b[m\x1b[K()\n'}
[5.946487] (gim_arm_hardware) StderrLine: {'line': b'      |     \x1b[01;36m\x1b[K^~~~~~~\x1b[m\x1b[K\n'}
[5.946513] (gim_arm_hardware) StderrLine: {'line': b'\x1b[01m\x1b[K/usr/include/boost/variant/variant.hpp:1375:5:\x1b[m\x1b[K \x1b[01;36m\x1b[Knote: \x1b[m\x1b[K  candidate expects 0 arguments, 1 provided\n'}
[5.946538] (gim_arm_hardware) StderrLine: {'line': b'In file included from \x1b[01m\x1b[K/opt/ros/humble/include/pinocchio/multibody/joint.hpp:84\x1b[m\x1b[K,\n'}
[5.946563] (gim_arm_hardware) StderrLine: {'line': b'                 from \x1b[01m\x1b[K/opt/ros/humble/include/pinocchio/multibody.hpp:43\x1b[m\x1b[K,\n'}
[5.946588] (gim_arm_hardware) StderrLine: {'line': b'                 from \x1b[01m\x1b[K/opt/ros/humble/include/pinocchio/parsers/urdf.hpp:27\x1b[m\x1b[K,\n'}
[5.946612] (gim_arm_hardware) StderrLine: {'line': b'                 from \x1b[01m\x1b[K/home/minh/gim60108_ws/src/gim_arm_hardware/include/gim_arm_hardware/gim_arm_system.hpp:25\x1b[m\x1b[K,\n'}
[5.946639] (gim_arm_hardware) StderrLine: {'line': b'                 from \x1b[01m\x1b[K/home/minh/gim60108_ws/src/gim_arm_hardware/src/gim_arm_system.cpp:1\x1b[m\x1b[K:\n'}
[5.946666] (gim_arm_hardware) StderrLine: {'line': b'/opt/ros/humble/include/pinocchio/src/multibody/joint/joint-generic.hxx: In instantiation of \xe2\x80\x98\x1b[01m\x1b[Kpinocchio::JointModelTpl<Scalar, Options, JointCollectionTpl>::JointModelTpl(const pinocchio::JointModelBase<OtherDerived>&) [with JointModelDerived = pinocchio::JointModelRevoluteTpl<double, 0, 1>; _Scalar = double; int _Options = 0; JointCollectionTpl = pinocchio::JointCollectionDefaultTpl]\x1b[m\x1b[K\xe2\x80\x99:\n'}
[5.946698] (gim_arm_hardware) StderrLine: {'line': b'\x1b[01m\x1b[K/opt/ros/humble/include/pinocchio/src/parsers/urdf/model.hxx:502:34:\x1b[m\x1b[K   required from \xe2\x80\x98\x1b[01m\x1b[Kpinocchio::JointIndex pinocchio::urdf::details::UrdfVisitor::addJoint(const Vector3&, const Frame&, const SE3&, const string&, const VectorConstRef&, const VectorConstRef&, const VectorConstRef&, const VectorConstRef&, const VectorConstRef&, const VectorConstRef&, const VectorConstRef&, const VectorConstRef&, const VectorConstRef&, const VectorConstRef&) [with TypeX = pinocchio::JointModelRevoluteTpl<double, 0, 0>; TypeY = pinocchio::JointModelRevoluteTpl<double, 0, 1>; TypeZ = pinocchio::JointModelRevoluteTpl<double, 0, 2>; TypeUnaligned = pinocchio::JointModelRevoluteUnalignedTpl<double>; pinocchio::JointIndex = long unsigned int; pinocchio::urdf::details::UrdfVisitor::Vector3 = Eigen::Matrix<double, 3, 1>; pinocchio::urdf::details::UrdfVisitor::Frame = pinocchio::FrameTpl<double, 0>; pinocchio::urdf::details::UrdfVisitor::SE3 = pinocchio::SE3Tpl<double, 0>; std::string = std::__cxx11::basic_string<char>; pinocchio::urdf::details::UrdfVisitor::VectorConstRef = Eigen::Ref<const Eigen::Matrix<double, -1, 1> >]\x1b[m\x1b[K\xe2\x80\x99\n'}
[5.946730] (gim_arm_hardware) StderrLine: {'line': b'\x1b[01m\x1b[K/opt/ros/humble/include/pinocchio/src/parsers/urdf/model.hxx:245:69:\x1b[m\x1b[K   required from here\n'}
[5.946755] (gim_arm_hardware) StderrLine: {'line': b'\x1b[01m\x1b[K/opt/ros/humble/include/pinocchio/src/multibody/joint/joint-generic.hxx:306:25:\x1b[m\x1b[K \x1b[01;31m\x1b[Kerror: \x1b[m\x1b[Kno matching function for call to \xe2\x80\x98\x1b[01m\x1b[Kboost::variant<pinocchio::JointModelRevoluteTpl<double, 0, 0>, pinocchio::JointModelRevoluteTpl<double, 0, 1>, pinocchio::JointModelRevoluteTpl<double, 0, 2>, pinocchio::JointModelFreeFlyerTpl<double, 0>, pinocchio::JointModelPlanarTpl<double, 0>, pinocchio::JointModelRevoluteUnalignedTpl<double, 0>, pinocchio::JointModelSphericalTpl<double, 0>, pinocchio::JointModelSphericalZYXTpl<double, 0>, pinocchio::JointModelEllipsoidTpl<double, 0>, pinocchio::JointModelPrismaticTpl<double, 0, 0>, pinocchio::JointModelPrismaticTpl<double, 0, 1>, pinocchio::JointModelPrismaticTpl<double, 0, 2>, pinocchio::JointModelPrismaticUnalignedTpl<double, 0>, pinocchio::JointModelTranslationTpl<double, 0>, pinocchio::JointModelRevoluteUnboundedTpl<double, 0, 0>, pinocchio::JointModelRevoluteUnboundedTpl<double, 0, 1>, pinocchio::JointModelRevoluteUnboundedTpl<double, 0, 2>, pinocchio::JointModelRevoluteUnboundedUnalignedTpl<double, 0>, pinocchio::JointModelHelicalTpl<double, 0, 0>, pinocchio::JointModelHelicalTpl<double, 0, 1>, pinocchio::JointModelHelicalTpl<double, 0, 2>, pinocchio::JointModelHelicalUnalignedTpl<double, 0>, pinocchio::JointModelUniversalTpl<double, 0>, boost::recursive_wrapper<pinocchio::JointModelCompositeTpl<double, 0, pinocchio::JointCollectionDefaultTpl> >, boost::recursive_wrapper<pinocchio::JointModelMimicTpl<double, 0, pinocchio::JointCollectionDefaultTpl> > >::variant(const JointModelDerived&)\x1b[m\x1b[K\xe2\x80\x99\n'}
[5.946791] (gim_arm_hardware) StderrLine: {'line': b'  306 |     : JointModelVariant(\x1b[01;31m\x1b[K(JointModelVariant)jmodel.derived()\x1b[m\x1b[K)\n'}
[5.946816] (gim_arm_hardware) StderrLine: {'line': b'      |                         \x1b[01;31m\x1b[K^~~~~~~~~~~~~~~~~~~~~~~~~~~~~~~~~~~\x1b[m\x1b[K\n'}
[5.946842] (gim_arm_hardware) StderrLine: {'line': b'In file included from \x1b[01m\x1b[K/usr/include/boost/variant.hpp:17\x1b[m\x1b[K,\n'}
[5.946868] (gim_arm_hardware) StderrLine: {'line': b'                 from \x1b[01m\x1b[K/opt/ros/humble/include/pinocchio/multibody.hpp:21\x1b[m\x1b[K,\n'}
[5.946902] (gim_arm_hardware) StderrLine: {'line': b'                 from \x1b[01m\x1b[K/opt/ros/humble/include/pinocchio/parsers/urdf.hpp:27\x1b[m\x1b[K,\n'}
[5.946933] (gim_arm_hardware) StderrLine: {'line': b'                 from \x1b[01m\x1b[K/home/minh/gim60108_ws/src/gim_arm_hardware/include/gim_arm_hardware/gim_arm_system.hpp:25\x1b[m\x1b[K,\n'}
[5.946960] (gim_arm_hardware) StderrLine: {'line': b'                 from \x1b[01m\x1b[K/home/minh/gim60108_ws/src/gim_arm_hardware/src/gim_arm_system.cpp:1\x1b[m\x1b[K:\n'}
[5.946986] (gim_arm_hardware) StderrLine: {'line': b'\x1b[01m\x1b[K/usr/include/boost/variant/variant.hpp:1770:5:\x1b[m\x1b[K \x1b[01;36m\x1b[Knote: \x1b[m\x1b[Kcandidate: \xe2\x80\x98\x1b[01m\x1b[Kboost::variant<T0, TN>::variant(boost::variant<T0, TN>&&) [with T0_ = pinocchio::JointModelRevoluteTpl<double, 0, 0>; TN = {pinocchio::JointModelRevoluteTpl<double, 0, 1>, pinocchio::JointModelRevoluteTpl<double, 0, 2>, pinocchio::JointModelFreeFlyerTpl<double, 0>, pinocchio::JointModelPlanarTpl<double, 0>, pinocchio::JointModelRevoluteUnalignedTpl<double, 0>, pinocchio::JointModelSphericalTpl<double, 0>, pinocchio::JointModelSphericalZYXTpl<double, 0>, pinocchio::JointModelEllipsoidTpl<double, 0>, pinocchio::JointModelPrismaticTpl<double, 0, 0>, pinocchio::JointModelPrismaticTpl<double, 0, 1>, pinocchio::JointModelPrismaticTpl<double, 0, 2>, pinocchio::JointModelPrismaticUnalignedTpl<double, 0>, pinocchio::JointModelTranslationTpl<double, 0>, pinocchio::JointModelRevoluteUnboundedTpl<double, 0, 0>, pinocchio::JointModelRevoluteUnboundedTpl<double, 0, 1>, pinocchio::JointModelRevoluteUnboundedTpl<double, 0, 2>, pinocchio::JointModelRevoluteUnboundedUnalignedTpl<double, 0>, pinocchio::JointModelHelicalTpl<double, 0, 0>, pinocchio::JointModelHelicalTpl<double, 0, 1>, pinocchio::JointModelHelicalTpl<double, 0, 2>, pinocchio::JointModelHelicalUnalignedTpl<double, 0>, pinocchio::JointModelUniversalTpl<double, 0>, boost::recursive_wrapper<pinocchio::JointModelCompositeTpl<double, 0, pinocchio::JointCollectionDefaultTpl> >, boost::recursive_wrapper<pinocchio::JointModelMimicTpl<double, 0, pinocchio::JointCollectionDefaultTpl> >}]\x1b[m\x1b[K\xe2\x80\x99\n'}
[5.947018] (gim_arm_hardware) StderrLine: {'line': b' 1770 |     \x1b[01;36m\x1b[Kvariant\x1b[m\x1b[K(variant&& operand) BOOST_NOEXCEPT_IF(variant_move_noexcept_constructible::type::value)\n'}
[5.947044] (gim_arm_hardware) StderrLine: {'line': b'      |     \x1b[01;36m\x1b[K^~~~~~~\x1b[m\x1b[K\n'}
[5.947069] (gim_arm_hardware) StderrLine: {'line': b'\x1b[01m\x1b[K/usr/include/boost/variant/variant.hpp:1770:23:\x1b[m\x1b[K \x1b[01;36m\x1b[Knote: \x1b[m\x1b[K  no known conversion for argument 1 from \xe2\x80\x98\x1b[01m\x1b[Kconst JointModelDerived\x1b[m\x1b[K\xe2\x80\x99 {aka \xe2\x80\x98\x1b[01m\x1b[Kconst pinocchio::JointModelRevoluteTpl<double, 0, 1>\x1b[m\x1b[K\xe2\x80\x99} to \xe2\x80\x98\x1b[01m\x1b[Kboost::variant<pinocchio::JointModelRevoluteTpl<double, 0, 0>, pinocchio::JointModelRevoluteTpl<double, 0, 1>, pinocchio::JointModelRevoluteTpl<double, 0, 2>, pinocchio::JointModelFreeFlyerTpl<double, 0>, pinocchio::JointModelPlanarTpl<double, 0>, pinocchio::JointModelRevoluteUnalignedTpl<double, 0>, pinocchio::JointModelSphericalTpl<double, 0>, pinocchio::JointModelSphericalZYXTpl<double, 0>, pinocchio::JointModelEllipsoidTpl<double, 0>, pinocchio::JointModelPrismaticTpl<double, 0, 0>, pinocchio::JointModelPrismaticTpl<double, 0, 1>, pinocchio::JointModelPrismaticTpl<double, 0, 2>, pinocchio::JointModelPrismaticUnalignedTpl<double, 0>, pinocchio::JointModelTranslationTpl<double, 0>, pinocchio::JointModelRevoluteUnboundedTpl<double, 0, 0>, pinocchio::JointModelRevoluteUnboundedTpl<double, 0, 1>, pinocchio::JointModelRevoluteUnboundedTpl<double, 0, 2>, pinocchio::JointModelRevoluteUnboundedUnalignedTpl<double, 0>, pinocchio::JointModelHelicalTpl<double, 0, 0>, pinocchio::JointModelHelicalTpl<double, 0, 1>, pinocchio::JointModelHelicalTpl<double, 0, 2>, pinocchio::JointModelHelicalUnalignedTpl<double, 0>, pinocchio::JointModelUniversalTpl<double, 0>, boost::recursive_wrapper<pinocchio::JointModelCompositeTpl<double, 0, pinocchio::JointCollectionDefaultTpl> >, boost::recursive_wrapper<pinocchio::JointModelMimicTpl<double, 0, pinocchio::JointCollectionDefaultTpl> > >&&\x1b[m\x1b[K\xe2\x80\x99\n'}
[5.947104] (gim_arm_hardware) StderrLine: {'line': b' 1770 |     variant(\x1b[01;36m\x1b[Kvariant&& operand\x1b[m\x1b[K) BOOST_NOEXCEPT_IF(variant_move_noexcept_constructible::type::value)\n'}
[5.947132] (gim_arm_hardware) StderrLine: {'line': b'      |             \x1b[01;36m\x1b[K~~~~~~~~~~^~~~~~~\x1b[m\x1b[K\n'}
[5.947158] (gim_arm_hardware) StderrLine: {'line': b'\x1b[01m\x1b[K/usr/include/boost/variant/variant.hpp:1759:5:\x1b[m\x1b[K \x1b[01;36m\x1b[Knote: \x1b[m\x1b[Kcandidate: \xe2\x80\x98\x1b[01m\x1b[Kboost::variant<T0, TN>::variant(const boost::variant<T0, TN>&) [with T0_ = pinocchio::JointModelRevoluteTpl<double, 0, 0>; TN = {pinocchio::JointModelRevoluteTpl<double, 0, 1>, pinocchio::JointModelRevoluteTpl<double, 0, 2>, pinocchio::JointModelFreeFlyerTpl<double, 0>, pinocchio::JointModelPlanarTpl<double, 0>, pinocchio::JointModelRevoluteUnalignedTpl<double, 0>, pinocchio::JointModelSphericalTpl<double, 0>, pinocchio::JointModelSphericalZYXTpl<double, 0>, pinocchio::JointModelEllipsoidTpl<double, 0>, pinocchio::JointModelPrismaticTpl<double, 0, 0>, pinocchio::JointModelPrismaticTpl<double, 0, 1>, pinocchio::JointModelPrismaticTpl<double, 0, 2>, pinocchio::JointModelPrismaticUnalignedTpl<double, 0>, pinocchio::JointModelTranslationTpl<double, 0>, pinocchio::JointModelRevoluteUnboundedTpl<double, 0, 0>, pinocchio::JointModelRevoluteUnboundedTpl<double, 0, 1>, pinocchio::JointModelRevoluteUnboundedTpl<double, 0, 2>, pinocchio::JointModelRevoluteUnboundedUnalignedTpl<double, 0>, pinocchio::JointModelHelicalTpl<double, 0, 0>, pinocchio::JointModelHelicalTpl<double, 0, 1>, pinocchio::JointModelHelicalTpl<double, 0, 2>, pinocchio::JointModelHelicalUnalignedTpl<double, 0>, pinocchio::JointModelUniversalTpl<double, 0>, boost::recursive_wrapper<pinocchio::JointModelCompositeTpl<double, 0, pinocchio::JointCollectionDefaultTpl> >, boost::recursive_wrapper<pinocchio::JointModelMimicTpl<double, 0, pinocchio::JointCollectionDefaultTpl> >}]\x1b[m\x1b[K\xe2\x80\x99\n'}
[5.947191] (gim_arm_hardware) StderrLine: {'line': b' 1759 |     \x1b[01;36m\x1b[Kvariant\x1b[m\x1b[K(const variant& operand)\n'}
[5.947218] (gim_arm_hardware) StderrLine: {'line': b'      |     \x1b[01;36m\x1b[K^~~~~~~\x1b[m\x1b[K\n'}
[5.947243] (gim_arm_hardware) StderrLine: {'line': b'\x1b[01m\x1b[K/usr/include/boost/variant/variant.hpp:1759:28:\x1b[m\x1b[K \x1b[01;36m\x1b[Knote: \x1b[m\x1b[K  no known conversion for argument 1 from \xe2\x80\x98\x1b[01m\x1b[Kconst JointModelDerived\x1b[m\x1b[K\xe2\x80\x99 {aka \xe2\x80\x98\x1b[01m\x1b[Kconst pinocchio::JointModelRevoluteTpl<double, 0, 1>\x1b[m\x1b[K\xe2\x80\x99} to \xe2\x80\x98\x1b[01m\x1b[Kconst boost::variant<pinocchio::JointModelRevoluteTpl<double, 0, 0>, pinocchio::JointModelRevoluteTpl<double, 0, 1>, pinocchio::JointModelRevoluteTpl<double, 0, 2>, pinocchio::JointModelFreeFlyerTpl<double, 0>, pinocchio::JointModelPlanarTpl<double, 0>, pinocchio::JointModelRevoluteUnalignedTpl<double, 0>, pinocchio::JointModelSphericalTpl<double, 0>, pinocchio::JointModelSphericalZYXTpl<double, 0>, pinocchio::JointModelEllipsoidTpl<double, 0>, pinocchio::JointModelPrismaticTpl<double, 0, 0>, pinocchio::JointModelPrismaticTpl<double, 0, 1>, pinocchio::JointModelPrismaticTpl<double, 0, 2>, pinocchio::JointModelPrismaticUnalignedTpl<double, 0>, pinocchio::JointModelTranslationTpl<double, 0>, pinocchio::JointModelRevoluteUnboundedTpl<double, 0, 0>, pinocchio::JointModelRevoluteUnboundedTpl<double, 0, 1>, pinocchio::JointModelRevoluteUnboundedTpl<double, 0, 2>, pinocchio::JointModelRevoluteUnboundedUnalignedTpl<double, 0>, pinocchio::JointModelHelicalTpl<double, 0, 0>, pinocchio::JointModelHelicalTpl<double, 0, 1>, pinocchio::JointModelHelicalTpl<double, 0, 2>, pinocchio::JointModelHelicalUnalignedTpl<double, 0>, pinocchio::JointModelUniversalTpl<double, 0>, boost::recursive_wrapper<pinocchio::JointModelCompositeTpl<double, 0, pinocchio::JointCollectionDefaultTpl> >, boost::recursive_wrapper<pinocchio::JointModelMimicTpl<double, 0, pinocchio::JointCollectionDefaultTpl> > >&\x1b[m\x1b[K\xe2\x80\x99\n'}
[5.947278] (gim_arm_hardware) StderrLine: {'line': b' 1759 |     variant(\x1b[01;36m\x1b[Kconst variant& operand\x1b[m\x1b[K)\n'}
[5.947302] (gim_arm_hardware) StderrLine: {'line': b'      |             \x1b[01;36m\x1b[K~~~~~~~~~~~~~~~^~~~~~~\x1b[m\x1b[K\n'}
[5.947327] (gim_arm_hardware) StderrLine: {'line': b'\x1b[01m\x1b[K/usr/include/boost/variant/variant.hpp:1375:5:\x1b[m\x1b[K \x1b[01;36m\x1b[Knote: \x1b[m\x1b[Kcandidate: \xe2\x80\x98\x1b[01m\x1b[Kboost::variant<T0, TN>::variant() [with T0_ = pinocchio::JointModelRevoluteTpl<double, 0, 0>; TN = {pinocchio::JointModelRevoluteTpl<double, 0, 1>, pinocchio::JointModelRevoluteTpl<double, 0, 2>, pinocchio::JointModelFreeFlyerTpl<double, 0>, pinocchio::JointModelPlanarTpl<double, 0>, pinocchio::JointModelRevoluteUnalignedTpl<double, 0>, pinocchio::JointModelSphericalTpl<double, 0>, pinocchio::JointModelSphericalZYXTpl<double, 0>, pinocchio::JointModelEllipsoidTpl<double, 0>, pinocchio::JointModelPrismaticTpl<double, 0, 0>, pinocchio::JointModelPrismaticTpl<double, 0, 1>, pinocchio::JointModelPrismaticTpl<double, 0, 2>, pinocchio::JointModelPrismaticUnalignedTpl<double, 0>, pinocchio::JointModelTranslationTpl<double, 0>, pinocchio::JointModelRevoluteUnboundedTpl<double, 0, 0>, pinocchio::JointModelRevoluteUnboundedTpl<double, 0, 1>, pinocchio::JointModelRevoluteUnboundedTpl<double, 0, 2>, pinocchio::JointModelRevoluteUnboundedUnalignedTpl<double, 0>, pinocchio::JointModelHelicalTpl<double, 0, 0>, pinocchio::JointModelHelicalTpl<double, 0, 1>, pinocchio::JointModelHelicalTpl<double, 0, 2>, pinocchio::JointModelHelicalUnalignedTpl<double, 0>, pinocchio::JointModelUniversalTpl<double, 0>, boost::recursive_wrapper<pinocchio::JointModelCompositeTpl<double, 0, pinocchio::JointCollectionDefaultTpl> >, boost::recursive_wrapper<pinocchio::JointModelMimicTpl<double, 0, pinocchio::JointCollectionDefaultTpl> >}]\x1b[m\x1b[K\xe2\x80\x99\n'}
[5.947359] (gim_arm_hardware) StderrLine: {'line': b' 1375 |     \x1b[01;36m\x1b[Kvariant\x1b[m\x1b[K()\n'}
[5.947384] (gim_arm_hardware) StderrLine: {'line': b'      |     \x1b[01;36m\x1b[K^~~~~~~\x1b[m\x1b[K\n'}
[5.947410] (gim_arm_hardware) StderrLine: {'line': b'\x1b[01m\x1b[K/usr/include/boost/variant/variant.hpp:1375:5:\x1b[m\x1b[K \x1b[01;36m\x1b[Knote: \x1b[m\x1b[K  candidate expects 0 arguments, 1 provided\n'}
[5.947435] (gim_arm_hardware) StderrLine: {'line': b'In file included from \x1b[01m\x1b[K/opt/ros/humble/include/pinocchio/multibody/joint.hpp:84\x1b[m\x1b[K,\n'}
[5.947464] (gim_arm_hardware) StderrLine: {'line': b'                 from \x1b[01m\x1b[K/opt/ros/humble/include/pinocchio/multibody.hpp:43\x1b[m\x1b[K,\n'}
[5.947489] (gim_arm_hardware) StderrLine: {'line': b'                 from \x1b[01m\x1b[K/opt/ros/humble/include/pinocchio/parsers/urdf.hpp:27\x1b[m\x1b[K,\n'}
[5.947513] (gim_arm_hardware) StderrLine: {'line': b'                 from \x1b[01m\x1b[K/home/minh/gim60108_ws/src/gim_arm_hardware/include/gim_arm_hardware/gim_arm_system.hpp:25\x1b[m\x1b[K,\n'}
[5.947538] (gim_arm_hardware) StderrLine: {'line': b'                 from \x1b[01m\x1b[K/home/minh/gim60108_ws/src/gim_arm_hardware/src/gim_arm_system.cpp:1\x1b[m\x1b[K:\n'}
[5.947563] (gim_arm_hardware) StderrLine: {'line': b'/opt/ros/humble/include/pinocchio/src/multibody/joint/joint-generic.hxx: In instantiation of \xe2\x80\x98\x1b[01m\x1b[Kpinocchio::JointModelTpl<Scalar, Options, JointCollectionTpl>::JointModelTpl(const pinocchio::JointModelBase<OtherDerived>&) [with JointModelDerived = pinocchio::JointModelRevoluteTpl<double, 0, 2>; _Scalar = double; int _Options = 0; JointCollectionTpl = pinocchio::JointCollectionDefaultTpl]\x1b[m\x1b[K\xe2\x80\x99:\n'}
[5.947589] (gim_arm_hardware) StderrLine: {'line': b'\x1b[01m\x1b[K/opt/ros/humble/include/pinocchio/src/parsers/urdf/model.hxx:509:34:\x1b[m\x1b[K   required from \xe2\x80\x98\x1b[01m\x1b[Kpinocchio::JointIndex pinocchio::urdf::details::UrdfVisitor::addJoint(const Vector3&, const Frame&, const SE3&, const string&, const VectorConstRef&, const VectorConstRef&, const VectorConstRef&, const VectorConstRef&, const VectorConstRef&, const VectorConstRef&, const VectorConstRef&, const VectorConstRef&, const VectorConstRef&, const VectorConstRef&) [with TypeX = pinocchio::JointModelRevoluteTpl<double, 0, 0>; TypeY = pinocchio::JointModelRevoluteTpl<double, 0, 1>; TypeZ = pinocchio::JointModelRevoluteTpl<double, 0, 2>; TypeUnaligned = pinocchio::JointModelRevoluteUnalignedTpl<double>; pinocchio::JointIndex = long unsigned int; pinocchio::urdf::details::UrdfVisitor::Vector3 = Eigen::Matrix<double, 3, 1>; pinocchio::urdf::details::UrdfVisitor::Frame = pinocchio::FrameTpl<double, 0>; pinocchio::urdf::details::UrdfVisitor::SE3 = pinocchio::SE3Tpl<double, 0>; std::string = std::__cxx11::basic_string<char>; pinocchio::urdf::details::UrdfVisitor::VectorConstRef = Eigen::Ref<const Eigen::Matrix<double, -1, 1> >]\x1b[m\x1b[K\xe2\x80\x99\n'}
[5.947623] (gim_arm_hardware) StderrLine: {'line': b'\x1b[01m\x1b[K/opt/ros/humble/include/pinocchio/src/parsers/urdf/model.hxx:245:69:\x1b[m\x1b[K   required from here\n'}
[5.947649] (gim_arm_hardware) StderrLine: {'line': b'\x1b[01m\x1b[K/opt/ros/humble/include/pinocchio/src/multibody/joint/joint-generic.hxx:306:25:\x1b[m\x1b[K \x1b[01;31m\x1b[Kerror: \x1b[m\x1b[Kno matching function for call to \xe2\x80\x98\x1b[01m\x1b[Kboost::variant<pinocchio::JointModelRevoluteTpl<double, 0, 0>, pinocchio::JointModelRevoluteTpl<double, 0, 1>, pinocchio::JointModelRevoluteTpl<double, 0, 2>, pinocchio::JointModelFreeFlyerTpl<double, 0>, pinocchio::JointModelPlanarTpl<double, 0>, pinocchio::JointModelRevoluteUnalignedTpl<double, 0>, pinocchio::JointModelSphericalTpl<double, 0>, pinocchio::JointModelSphericalZYXTpl<double, 0>, pinocchio::JointModelEllipsoidTpl<double, 0>, pinocchio::JointModelPrismaticTpl<double, 0, 0>, pinocchio::JointModelPrismaticTpl<double, 0, 1>, pinocchio::JointModelPrismaticTpl<double, 0, 2>, pinocchio::JointModelPrismaticUnalignedTpl<double, 0>, pinocchio::JointModelTranslationTpl<double, 0>, pinocchio::JointModelRevoluteUnboundedTpl<double, 0, 0>, pinocchio::JointModelRevoluteUnboundedTpl<double, 0, 1>, pinocchio::JointModelRevoluteUnboundedTpl<double, 0, 2>, pinocchio::JointModelRevoluteUnboundedUnalignedTpl<double, 0>, pinocchio::JointModelHelicalTpl<double, 0, 0>, pinocchio::JointModelHelicalTpl<double, 0, 1>, pinocchio::JointModelHelicalTpl<double, 0, 2>, pinocchio::JointModelHelicalUnalignedTpl<double, 0>, pinocchio::JointModelUniversalTpl<double, 0>, boost::recursive_wrapper<pinocchio::JointModelCompositeTpl<double, 0, pinocchio::JointCollectionDefaultTpl> >, boost::recursive_wrapper<pinocchio::JointModelMimicTpl<double, 0, pinocchio::JointCollectionDefaultTpl> > >::variant(const JointModelDerived&)\x1b[m\x1b[K\xe2\x80\x99\n'}
[5.947684] (gim_arm_hardware) StderrLine: {'line': b'  306 |     : JointModelVariant(\x1b[01;31m\x1b[K(JointModelVariant)jmodel.derived()\x1b[m\x1b[K)\n'}
[5.947709] (gim_arm_hardware) StderrLine: {'line': b'      |                         \x1b[01;31m\x1b[K^~~~~~~~~~~~~~~~~~~~~~~~~~~~~~~~~~~\x1b[m\x1b[K\n'}
[5.947734] (gim_arm_hardware) StderrLine: {'line': b'In file included from \x1b[01m\x1b[K/usr/include/boost/variant.hpp:17\x1b[m\x1b[K,\n'}
[5.947759] (gim_arm_hardware) StderrLine: {'line': b'                 from \x1b[01m\x1b[K/opt/ros/humble/include/pinocchio/multibody.hpp:21\x1b[m\x1b[K,\n'}
[5.947788] (gim_arm_hardware) StderrLine: {'line': b'                 from \x1b[01m\x1b[K/opt/ros/humble/include/pinocchio/parsers/urdf.hpp:27\x1b[m\x1b[K,\n'}
[5.947813] (gim_arm_hardware) StderrLine: {'line': b'                 from \x1b[01m\x1b[K/home/minh/gim60108_ws/src/gim_arm_hardware/include/gim_arm_hardware/gim_arm_system.hpp:25\x1b[m\x1b[K,\n'}
[5.947838] (gim_arm_hardware) StderrLine: {'line': b'                 from \x1b[01m\x1b[K/home/minh/gim60108_ws/src/gim_arm_hardware/src/gim_arm_system.cpp:1\x1b[m\x1b[K:\n'}
[5.947864] (gim_arm_hardware) StderrLine: {'line': b'\x1b[01m\x1b[K/usr/include/boost/variant/variant.hpp:1770:5:\x1b[m\x1b[K \x1b[01;36m\x1b[Knote: \x1b[m\x1b[Kcandidate: \xe2\x80\x98\x1b[01m\x1b[Kboost::variant<T0, TN>::variant(boost::variant<T0, TN>&&) [with T0_ = pinocchio::JointModelRevoluteTpl<double, 0, 0>; TN = {pinocchio::JointModelRevoluteTpl<double, 0, 1>, pinocchio::JointModelRevoluteTpl<double, 0, 2>, pinocchio::JointModelFreeFlyerTpl<double, 0>, pinocchio::JointModelPlanarTpl<double, 0>, pinocchio::JointModelRevoluteUnalignedTpl<double, 0>, pinocchio::JointModelSphericalTpl<double, 0>, pinocchio::JointModelSphericalZYXTpl<double, 0>, pinocchio::JointModelEllipsoidTpl<double, 0>, pinocchio::JointModelPrismaticTpl<double, 0, 0>, pinocchio::JointModelPrismaticTpl<double, 0, 1>, pinocchio::JointModelPrismaticTpl<double, 0, 2>, pinocchio::JointModelPrismaticUnalignedTpl<double, 0>, pinocchio::JointModelTranslationTpl<double, 0>, pinocchio::JointModelRevoluteUnboundedTpl<double, 0, 0>, pinocchio::JointModelRevoluteUnboundedTpl<double, 0, 1>, pinocchio::JointModelRevoluteUnboundedTpl<double, 0, 2>, pinocchio::JointModelRevoluteUnboundedUnalignedTpl<double, 0>, pinocchio::JointModelHelicalTpl<double, 0, 0>, pinocchio::JointModelHelicalTpl<double, 0, 1>, pinocchio::JointModelHelicalTpl<double, 0, 2>, pinocchio::JointModelHelicalUnalignedTpl<double, 0>, pinocchio::JointModelUniversalTpl<double, 0>, boost::recursive_wrapper<pinocchio::JointModelCompositeTpl<double, 0, pinocchio::JointCollectionDefaultTpl> >, boost::recursive_wrapper<pinocchio::JointModelMimicTpl<double, 0, pinocchio::JointCollectionDefaultTpl> >}]\x1b[m\x1b[K\xe2\x80\x99\n'}
[5.947906] (gim_arm_hardware) StderrLine: {'line': b' 1770 |     \x1b[01;36m\x1b[Kvariant\x1b[m\x1b[K(variant&& operand) BOOST_NOEXCEPT_IF(variant_move_noexcept_constructible::type::value)\n'}
[5.947933] (gim_arm_hardware) StderrLine: {'line': b'      |     \x1b[01;36m\x1b[K^~~~~~~\x1b[m\x1b[K\n'}
[5.947958] (gim_arm_hardware) StderrLine: {'line': b'\x1b[01m\x1b[K/usr/include/boost/variant/variant.hpp:1770:23:\x1b[m\x1b[K \x1b[01;36m\x1b[Knote: \x1b[m\x1b[K  no known conversion for argument 1 from \xe2\x80\x98\x1b[01m\x1b[Kconst JointModelDerived\x1b[m\x1b[K\xe2\x80\x99 {aka \xe2\x80\x98\x1b[01m\x1b[Kconst pinocchio::JointModelRevoluteTpl<double, 0, 2>\x1b[m\x1b[K\xe2\x80\x99} to \xe2\x80\x98\x1b[01m\x1b[Kboost::variant<pinocchio::JointModelRevoluteTpl<double, 0, 0>, pinocchio::JointModelRevoluteTpl<double, 0, 1>, pinocchio::JointModelRevoluteTpl<double, 0, 2>, pinocchio::JointModelFreeFlyerTpl<double, 0>, pinocchio::JointModelPlanarTpl<double, 0>, pinocchio::JointModelRevoluteUnalignedTpl<double, 0>, pinocchio::JointModelSphericalTpl<double, 0>, pinocchio::JointModelSphericalZYXTpl<double, 0>, pinocchio::JointModelEllipsoidTpl<double, 0>, pinocchio::JointModelPrismaticTpl<double, 0, 0>, pinocchio::JointModelPrismaticTpl<double, 0, 1>, pinocchio::JointModelPrismaticTpl<double, 0, 2>, pinocchio::JointModelPrismaticUnalignedTpl<double, 0>, pinocchio::JointModelTranslationTpl<double, 0>, pinocchio::JointModelRevoluteUnboundedTpl<double, 0, 0>, pinocchio::JointModelRevoluteUnboundedTpl<double, 0, 1>, pinocchio::JointModelRevoluteUnboundedTpl<double, 0, 2>, pinocchio::JointModelRevoluteUnboundedUnalignedTpl<double, 0>, pinocchio::JointModelHelicalTpl<double, 0, 0>, pinocchio::JointModelHelicalTpl<double, 0, 1>, pinocchio::JointModelHelicalTpl<double, 0, 2>, pinocchio::JointModelHelicalUnalignedTpl<double, 0>, pinocchio::JointModelUniversalTpl<double, 0>, boost::recursive_wrapper<pinocchio::JointModelCompositeTpl<double, 0, pinocchio::JointCollectionDefaultTpl> >, boost::recursive_wrapper<pinocchio::JointModelMimicTpl<double, 0, pinocchio::JointCollectionDefaultTpl> > >&&\x1b[m\x1b[K\xe2\x80\x99\n'}
[5.947990] (gim_arm_hardware) StderrLine: {'line': b' 1770 |     variant(\x1b[01;36m\x1b[Kvariant&& operand\x1b[m\x1b[K) BOOST_NOEXCEPT_IF(variant_move_noexcept_constructible::type::value)\n'}
[5.948015] (gim_arm_hardware) StderrLine: {'line': b'      |             \x1b[01;36m\x1b[K~~~~~~~~~~^~~~~~~\x1b[m\x1b[K\n'}
[5.948040] (gim_arm_hardware) StderrLine: {'line': b'\x1b[01m\x1b[K/usr/include/boost/variant/variant.hpp:1759:5:\x1b[m\x1b[K \x1b[01;36m\x1b[Knote: \x1b[m\x1b[Kcandidate: \xe2\x80\x98\x1b[01m\x1b[Kboost::variant<T0, TN>::variant(const boost::variant<T0, TN>&) [with T0_ = pinocchio::JointModelRevoluteTpl<double, 0, 0>; TN = {pinocchio::JointModelRevoluteTpl<double, 0, 1>, pinocchio::JointModelRevoluteTpl<double, 0, 2>, pinocchio::JointModelFreeFlyerTpl<double, 0>, pinocchio::JointModelPlanarTpl<double, 0>, pinocchio::JointModelRevoluteUnalignedTpl<double, 0>, pinocchio::JointModelSphericalTpl<double, 0>, pinocchio::JointModelSphericalZYXTpl<double, 0>, pinocchio::JointModelEllipsoidTpl<double, 0>, pinocchio::JointModelPrismaticTpl<double, 0, 0>, pinocchio::JointModelPrismaticTpl<double, 0, 1>, pinocchio::JointModelPrismaticTpl<double, 0, 2>, pinocchio::JointModelPrismaticUnalignedTpl<double, 0>, pinocchio::JointModelTranslationTpl<double, 0>, pinocchio::JointModelRevoluteUnboundedTpl<double, 0, 0>, pinocchio::JointModelRevoluteUnboundedTpl<double, 0, 1>, pinocchio::JointModelRevoluteUnboundedTpl<double, 0, 2>, pinocchio::JointModelRevoluteUnboundedUnalignedTpl<double, 0>, pinocchio::JointModelHelicalTpl<double, 0, 0>, pinocchio::JointModelHelicalTpl<double, 0, 1>, pinocchio::JointModelHelicalTpl<double, 0, 2>, pinocchio::JointModelHelicalUnalignedTpl<double, 0>, pinocchio::JointModelUniversalTpl<double, 0>, boost::recursive_wrapper<pinocchio::JointModelCompositeTpl<double, 0, pinocchio::JointCollectionDefaultTpl> >, boost::recursive_wrapper<pinocchio::JointModelMimicTpl<double, 0, pinocchio::JointCollectionDefaultTpl> >}]\x1b[m\x1b[K\xe2\x80\x99\n'}
[5.948074] (gim_arm_hardware) StderrLine: {'line': b' 1759 |     \x1b[01;36m\x1b[Kvariant\x1b[m\x1b[K(const variant& operand)\n'}
[5.948104] (gim_arm_hardware) StderrLine: {'line': b'      |     \x1b[01;36m\x1b[K^~~~~~~\x1b[m\x1b[K\n'}
[5.948129] (gim_arm_hardware) StderrLine: {'line': b'\x1b[01m\x1b[K/usr/include/boost/variant/variant.hpp:1759:28:\x1b[m\x1b[K \x1b[01;36m\x1b[Knote: \x1b[m\x1b[K  no known conversion for argument 1 from \xe2\x80\x98\x1b[01m\x1b[Kconst JointModelDerived\x1b[m\x1b[K\xe2\x80\x99 {aka \xe2\x80\x98\x1b[01m\x1b[Kconst pinocchio::JointModelRevoluteTpl<double, 0, 2>\x1b[m\x1b[K\xe2\x80\x99} to \xe2\x80\x98\x1b[01m\x1b[Kconst boost::variant<pinocchio::JointModelRevoluteTpl<double, 0, 0>, pinocchio::JointModelRevoluteTpl<double, 0, 1>, pinocchio::JointModelRevoluteTpl<double, 0, 2>, pinocchio::JointModelFreeFlyerTpl<double, 0>, pinocchio::JointModelPlanarTpl<double, 0>, pinocchio::JointModelRevoluteUnalignedTpl<double, 0>, pinocchio::JointModelSphericalTpl<double, 0>, pinocchio::JointModelSphericalZYXTpl<double, 0>, pinocchio::JointModelEllipsoidTpl<double, 0>, pinocchio::JointModelPrismaticTpl<double, 0, 0>, pinocchio::JointModelPrismaticTpl<double, 0, 1>, pinocchio::JointModelPrismaticTpl<double, 0, 2>, pinocchio::JointModelPrismaticUnalignedTpl<double, 0>, pinocchio::JointModelTranslationTpl<double, 0>, pinocchio::JointModelRevoluteUnboundedTpl<double, 0, 0>, pinocchio::JointModelRevoluteUnboundedTpl<double, 0, 1>, pinocchio::JointModelRevoluteUnboundedTpl<double, 0, 2>, pinocchio::JointModelRevoluteUnboundedUnalignedTpl<double, 0>, pinocchio::JointModelHelicalTpl<double, 0, 0>, pinocchio::JointModelHelicalTpl<double, 0, 1>, pinocchio::JointModelHelicalTpl<double, 0, 2>, pinocchio::JointModelHelicalUnalignedTpl<double, 0>, pinocchio::JointModelUniversalTpl<double, 0>, boost::recursive_wrapper<pinocchio::JointModelCompositeTpl<double, 0, pinocchio::JointCollectionDefaultTpl> >, boost::recursive_wrapper<pinocchio::JointModelMimicTpl<double, 0, pinocchio::JointCollectionDefaultTpl> > >&\x1b[m\x1b[K\xe2\x80\x99\n'}
[5.948160] (gim_arm_hardware) StderrLine: {'line': b' 1759 |     variant(\x1b[01;36m\x1b[Kconst variant& operand\x1b[m\x1b[K)\n'}
[5.948185] (gim_arm_hardware) StderrLine: {'line': b'      |             \x1b[01;36m\x1b[K~~~~~~~~~~~~~~~^~~~~~~\x1b[m\x1b[K\n'}
[5.948210] (gim_arm_hardware) StderrLine: {'line': b'\x1b[01m\x1b[K/usr/include/boost/variant/variant.hpp:1375:5:\x1b[m\x1b[K \x1b[01;36m\x1b[Knote: \x1b[m\x1b[Kcandidate: \xe2\x80\x98\x1b[01m\x1b[Kboost::variant<T0, TN>::variant() [with T0_ = pinocchio::JointModelRevoluteTpl<double, 0, 0>; TN = {pinocchio::JointModelRevoluteTpl<double, 0, 1>, pinocchio::JointModelRevoluteTpl<double, 0, 2>, pinocchio::JointModelFreeFlyerTpl<double, 0>, pinocchio::JointModelPlanarTpl<double, 0>, pinocchio::JointModelRevoluteUnalignedTpl<double, 0>, pinocchio::JointModelSphericalTpl<double, 0>, pinocchio::JointModelSphericalZYXTpl<double, 0>, pinocchio::JointModelEllipsoidTpl<double, 0>, pinocchio::JointModelPrismaticTpl<double, 0, 0>, pinocchio::JointModelPrismaticTpl<double, 0, 1>, pinocchio::JointModelPrismaticTpl<double, 0, 2>, pinocchio::JointModelPrismaticUnalignedTpl<double, 0>, pinocchio::JointModelTranslationTpl<double, 0>, pinocchio::JointModelRevoluteUnboundedTpl<double, 0, 0>, pinocchio::JointModelRevoluteUnboundedTpl<double, 0, 1>, pinocchio::JointModelRevoluteUnboundedTpl<double, 0, 2>, pinocchio::JointModelRevoluteUnboundedUnalignedTpl<double, 0>, pinocchio::JointModelHelicalTpl<double, 0, 0>, pinocchio::JointModelHelicalTpl<double, 0, 1>, pinocchio::JointModelHelicalTpl<double, 0, 2>, pinocchio::JointModelHelicalUnalignedTpl<double, 0>, pinocchio::JointModelUniversalTpl<double, 0>, boost::recursive_wrapper<pinocchio::JointModelCompositeTpl<double, 0, pinocchio::JointCollectionDefaultTpl> >, boost::recursive_wrapper<pinocchio::JointModelMimicTpl<double, 0, pinocchio::JointCollectionDefaultTpl> >}]\x1b[m\x1b[K\xe2\x80\x99\n'}
[5.948244] (gim_arm_hardware) StderrLine: {'line': b' 1375 |     \x1b[01;36m\x1b[Kvariant\x1b[m\x1b[K()\n'}
[5.948269] (gim_arm_hardware) StderrLine: {'line': b'      |     \x1b[01;36m\x1b[K^~~~~~~\x1b[m\x1b[K\n'}
[5.948293] (gim_arm_hardware) StderrLine: {'line': b'\x1b[01m\x1b[K/usr/include/boost/variant/variant.hpp:1375:5:\x1b[m\x1b[K \x1b[01;36m\x1b[Knote: \x1b[m\x1b[K  candidate expects 0 arguments, 1 provided\n'}
[5.960025] (gim_arm_hardware) StderrLine: {'line': b'In file included from \x1b[01m\x1b[K/opt/ros/humble/include/pinocchio/multibody/joint.hpp:84\x1b[m\x1b[K,\n'}
[5.960429] (gim_arm_hardware) StderrLine: {'line': b'                 from \x1b[01m\x1b[K/opt/ros/humble/include/pinocchio/multibody.hpp:43\x1b[m\x1b[K,\n'}
[5.960506] (gim_arm_hardware) StderrLine: {'line': b'                 from \x1b[01m\x1b[K/opt/ros/humble/include/pinocchio/parsers/urdf.hpp:27\x1b[m\x1b[K,\n'}
[5.960568] (gim_arm_hardware) StderrLine: {'line': b'                 from \x1b[01m\x1b[K/home/minh/gim60108_ws/src/gim_arm_hardware/include/gim_arm_hardware/gim_arm_system.hpp:25\x1b[m\x1b[K,\n'}
[5.960627] (gim_arm_hardware) StderrLine: {'line': b'                 from \x1b[01m\x1b[K/home/minh/gim60108_ws/src/gim_arm_hardware/src/gim_arm_system.cpp:1\x1b[m\x1b[K:\n'}
[5.960857] (gim_arm_hardware) StderrLine: {'line': b'/opt/ros/humble/include/pinocchio/src/multibody/joint/joint-generic.hxx: In instantiation of \xe2\x80\x98\x1b[01m\x1b[Kpinocchio::JointModelTpl<Scalar, Options, JointCollectionTpl>::JointModelTpl(const pinocchio::JointModelBase<OtherDerived>&) [with JointModelDerived = pinocchio::JointModelRevoluteUnalignedTpl<double>; _Scalar = double; int _Options = 0; JointCollectionTpl = pinocchio::JointCollectionDefaultTpl]\x1b[m\x1b[K\xe2\x80\x99:\n'}
[5.961166] (gim_arm_hardware) StderrLine: {'line': b'\x1b[01m\x1b[K/opt/ros/humble/include/pinocchio/src/parsers/urdf/model.hxx:516:34:\x1b[m\x1b[K   required from \xe2\x80\x98\x1b[01m\x1b[Kpinocchio::JointIndex pinocchio::urdf::details::UrdfVisitor::addJoint(const Vector3&, const Frame&, const SE3&, const string&, const VectorConstRef&, const VectorConstRef&, const VectorConstRef&, const VectorConstRef&, const VectorConstRef&, const VectorConstRef&, const VectorConstRef&, const VectorConstRef&, const VectorConstRef&, const VectorConstRef&) [with TypeX = pinocchio::JointModelRevoluteTpl<double, 0, 0>; TypeY = pinocchio::JointModelRevoluteTpl<double, 0, 1>; TypeZ = pinocchio::JointModelRevoluteTpl<double, 0, 2>; TypeUnaligned = pinocchio::JointModelRevoluteUnalignedTpl<double>; pinocchio::JointIndex = long unsigned int; pinocchio::urdf::details::UrdfVisitor::Vector3 = Eigen::Matrix<double, 3, 1>; pinocchio::urdf::details::UrdfVisitor::Frame = pinocchio::FrameTpl<double, 0>; pinocchio::urdf::details::UrdfVisitor::SE3 = pinocchio::SE3Tpl<double, 0>; std::string = std::__cxx11::basic_string<char>; pinocchio::urdf::details::UrdfVisitor::VectorConstRef = Eigen::Ref<const Eigen::Matrix<double, -1, 1> >]\x1b[m\x1b[K\xe2\x80\x99\n'}
[5.961324] (gim_arm_hardware) StderrLine: {'line': b'\x1b[01m\x1b[K/opt/ros/humble/include/pinocchio/src/parsers/urdf/model.hxx:245:69:\x1b[m\x1b[K   required from here\n'}
[5.961406] (gim_arm_hardware) StderrLine: {'line': b'\x1b[01m\x1b[K/opt/ros/humble/include/pinocchio/src/multibody/joint/joint-generic.hxx:306:25:\x1b[m\x1b[K \x1b[01;31m\x1b[Kerror: \x1b[m\x1b[Kno matching function for call to \xe2\x80\x98\x1b[01m\x1b[Kboost::variant<pinocchio::JointModelRevoluteTpl<double, 0, 0>, pinocchio::JointModelRevoluteTpl<double, 0, 1>, pinocchio::JointModelRevoluteTpl<double, 0, 2>, pinocchio::JointModelFreeFlyerTpl<double, 0>, pinocchio::JointModelPlanarTpl<double, 0>, pinocchio::JointModelRevoluteUnalignedTpl<double, 0>, pinocchio::JointModelSphericalTpl<double, 0>, pinocchio::JointModelSphericalZYXTpl<double, 0>, pinocchio::JointModelEllipsoidTpl<double, 0>, pinocchio::JointModelPrismaticTpl<double, 0, 0>, pinocchio::JointModelPrismaticTpl<double, 0, 1>, pinocchio::JointModelPrismaticTpl<double, 0, 2>, pinocchio::JointModelPrismaticUnalignedTpl<double, 0>, pinocchio::JointModelTranslationTpl<double, 0>, pinocchio::JointModelRevoluteUnboundedTpl<double, 0, 0>, pinocchio::JointModelRevoluteUnboundedTpl<double, 0, 1>, pinocchio::JointModelRevoluteUnboundedTpl<double, 0, 2>, pinocchio::JointModelRevoluteUnboundedUnalignedTpl<double, 0>, pinocchio::JointModelHelicalTpl<double, 0, 0>, pinocchio::JointModelHelicalTpl<double, 0, 1>, pinocchio::JointModelHelicalTpl<double, 0, 2>, pinocchio::JointModelHelicalUnalignedTpl<double, 0>, pinocchio::JointModelUniversalTpl<double, 0>, boost::recursive_wrapper<pinocchio::JointModelCompositeTpl<double, 0, pinocchio::JointCollectionDefaultTpl> >, boost::recursive_wrapper<pinocchio::JointModelMimicTpl<double, 0, pinocchio::JointCollectionDefaultTpl> > >::variant(const JointModelDerived&)\x1b[m\x1b[K\xe2\x80\x99\n'}
[5.961526] (gim_arm_hardware) StderrLine: {'line': b'  306 |     : JointModelVariant(\x1b[01;31m\x1b[K(JointModelVariant)jmodel.derived()\x1b[m\x1b[K)\n'}
[5.961636] (gim_arm_hardware) StderrLine: {'line': b'      |                         \x1b[01;31m\x1b[K^~~~~~~~~~~~~~~~~~~~~~~~~~~~~~~~~~~\x1b[m\x1b[K\n'}
[5.961664] (gim_arm_hardware) StderrLine: {'line': b'In file included from \x1b[01m\x1b[K/usr/include/boost/variant.hpp:17\x1b[m\x1b[K,\n'}
[5.961692] (gim_arm_hardware) StderrLine: {'line': b'                 from \x1b[01m\x1b[K/opt/ros/humble/include/pinocchio/multibody.hpp:21\x1b[m\x1b[K,\n'}
[5.961722] (gim_arm_hardware) StderrLine: {'line': b'                 from \x1b[01m\x1b[K/opt/ros/humble/include/pinocchio/parsers/urdf.hpp:27\x1b[m\x1b[K,\n'}
[5.961749] (gim_arm_hardware) StderrLine: {'line': b'                 from \x1b[01m\x1b[K/home/minh/gim60108_ws/src/gim_arm_hardware/include/gim_arm_hardware/gim_arm_system.hpp:25\x1b[m\x1b[K,\n'}
[5.961776] (gim_arm_hardware) StderrLine: {'line': b'                 from \x1b[01m\x1b[K/home/minh/gim60108_ws/src/gim_arm_hardware/src/gim_arm_system.cpp:1\x1b[m\x1b[K:\n'}
[5.961803] (gim_arm_hardware) StderrLine: {'line': b'\x1b[01m\x1b[K/usr/include/boost/variant/variant.hpp:1770:5:\x1b[m\x1b[K \x1b[01;36m\x1b[Knote: \x1b[m\x1b[Kcandidate: \xe2\x80\x98\x1b[01m\x1b[Kboost::variant<T0, TN>::variant(boost::variant<T0, TN>&&) [with T0_ = pinocchio::JointModelRevoluteTpl<double, 0, 0>; TN = {pinocchio::JointModelRevoluteTpl<double, 0, 1>, pinocchio::JointModelRevoluteTpl<double, 0, 2>, pinocchio::JointModelFreeFlyerTpl<double, 0>, pinocchio::JointModelPlanarTpl<double, 0>, pinocchio::JointModelRevoluteUnalignedTpl<double, 0>, pinocchio::JointModelSphericalTpl<double, 0>, pinocchio::JointModelSphericalZYXTpl<double, 0>, pinocchio::JointModelEllipsoidTpl<double, 0>, pinocchio::JointModelPrismaticTpl<double, 0, 0>, pinocchio::JointModelPrismaticTpl<double, 0, 1>, pinocchio::JointModelPrismaticTpl<double, 0, 2>, pinocchio::JointModelPrismaticUnalignedTpl<double, 0>, pinocchio::JointModelTranslationTpl<double, 0>, pinocchio::JointModelRevoluteUnboundedTpl<double, 0, 0>, pinocchio::JointModelRevoluteUnboundedTpl<double, 0, 1>, pinocchio::JointModelRevoluteUnboundedTpl<double, 0, 2>, pinocchio::JointModelRevoluteUnboundedUnalignedTpl<double, 0>, pinocchio::JointModelHelicalTpl<double, 0, 0>, pinocchio::JointModelHelicalTpl<double, 0, 1>, pinocchio::JointModelHelicalTpl<double, 0, 2>, pinocchio::JointModelHelicalUnalignedTpl<double, 0>, pinocchio::JointModelUniversalTpl<double, 0>, boost::recursive_wrapper<pinocchio::JointModelCompositeTpl<double, 0, pinocchio::JointCollectionDefaultTpl> >, boost::recursive_wrapper<pinocchio::JointModelMimicTpl<double, 0, pinocchio::JointCollectionDefaultTpl> >}]\x1b[m\x1b[K\xe2\x80\x99\n'}
[5.961989] (gim_arm_hardware) StderrLine: {'line': b' 1770 |     \x1b[01;36m\x1b[Kvariant\x1b[m\x1b[K(variant&& operand) BOOST_NOEXCEPT_IF(variant_move_noexcept_constructible::type::value)\n'}
[5.962023] (gim_arm_hardware) StderrLine: {'line': b'      |     \x1b[01;36m\x1b[K^~~~~~~\x1b[m\x1b[K\n'}
[5.962049] (gim_arm_hardware) StderrLine: {'line': b'\x1b[01m\x1b[K/usr/include/boost/variant/variant.hpp:1770:23:\x1b[m\x1b[K \x1b[01;36m\x1b[Knote: \x1b[m\x1b[K  no known conversion for argument 1 from \xe2\x80\x98\x1b[01m\x1b[Kconst JointModelDerived\x1b[m\x1b[K\xe2\x80\x99 {aka \xe2\x80\x98\x1b[01m\x1b[Kconst pinocchio::JointModelRevoluteUnalignedTpl<double>\x1b[m\x1b[K\xe2\x80\x99} to \xe2\x80\x98\x1b[01m\x1b[Kboost::variant<pinocchio::JointModelRevoluteTpl<double, 0, 0>, pinocchio::JointModelRevoluteTpl<double, 0, 1>, pinocchio::JointModelRevoluteTpl<double, 0, 2>, pinocchio::JointModelFreeFlyerTpl<double, 0>, pinocchio::JointModelPlanarTpl<double, 0>, pinocchio::JointModelRevoluteUnalignedTpl<double, 0>, pinocchio::JointModelSphericalTpl<double, 0>, pinocchio::JointModelSphericalZYXTpl<double, 0>, pinocchio::JointModelEllipsoidTpl<double, 0>, pinocchio::JointModelPrismaticTpl<double, 0, 0>, pinocchio::JointModelPrismaticTpl<double, 0, 1>, pinocchio::JointModelPrismaticTpl<double, 0, 2>, pinocchio::JointModelPrismaticUnalignedTpl<double, 0>, pinocchio::JointModelTranslationTpl<double, 0>, pinocchio::JointModelRevoluteUnboundedTpl<double, 0, 0>, pinocchio::JointModelRevoluteUnboundedTpl<double, 0, 1>, pinocchio::JointModelRevoluteUnboundedTpl<double, 0, 2>, pinocchio::JointModelRevoluteUnboundedUnalignedTpl<double, 0>, pinocchio::JointModelHelicalTpl<double, 0, 0>, pinocchio::JointModelHelicalTpl<double, 0, 1>, pinocchio::JointModelHelicalTpl<double, 0, 2>, pinocchio::JointModelHelicalUnalignedTpl<double, 0>, pinocchio::JointModelUniversalTpl<double, 0>, boost::recursive_wrapper<pinocchio::JointModelCompositeTpl<double, 0, pinocchio::JointCollectionDefaultTpl> >, boost::recursive_wrapper<pinocchio::JointModelMimicTpl<double, 0, pinocchio::JointCollectionDefaultTpl> > >&&\x1b[m\x1b[K\xe2\x80\x99\n'}
[5.962086] (gim_arm_hardware) StderrLine: {'line': b' 1770 |     variant(\x1b[01;36m\x1b[Kvariant&& operand\x1b[m\x1b[K) BOOST_NOEXCEPT_IF(variant_move_noexcept_constructible::type::value)\n'}
[5.962149] (gim_arm_hardware) StderrLine: {'line': b'      |             \x1b[01;36m\x1b[K~~~~~~~~~~^~~~~~~\x1b[m\x1b[K\n'}
[5.962194] (gim_arm_hardware) StderrLine: {'line': b'\x1b[01m\x1b[K/usr/include/boost/variant/variant.hpp:1759:5:\x1b[m\x1b[K \x1b[01;36m\x1b[Knote: \x1b[m\x1b[Kcandidate: \xe2\x80\x98\x1b[01m\x1b[Kboost::variant<T0, TN>::variant(const boost::variant<T0, TN>&) [with T0_ = pinocchio::JointModelRevoluteTpl<double, 0, 0>; TN = {pinocchio::JointModelRevoluteTpl<double, 0, 1>, pinocchio::JointModelRevoluteTpl<double, 0, 2>, pinocchio::JointModelFreeFlyerTpl<double, 0>, pinocchio::JointModelPlanarTpl<double, 0>, pinocchio::JointModelRevoluteUnalignedTpl<double, 0>, pinocchio::JointModelSphericalTpl<double, 0>, pinocchio::JointModelSphericalZYXTpl<double, 0>, pinocchio::JointModelEllipsoidTpl<double, 0>, pinocchio::JointModelPrismaticTpl<double, 0, 0>, pinocchio::JointModelPrismaticTpl<double, 0, 1>, pinocchio::JointModelPrismaticTpl<double, 0, 2>, pinocchio::JointModelPrismaticUnalignedTpl<double, 0>, pinocchio::JointModelTranslationTpl<double, 0>, pinocchio::JointModelRevoluteUnboundedTpl<double, 0, 0>, pinocchio::JointModelRevoluteUnboundedTpl<double, 0, 1>, pinocchio::JointModelRevoluteUnboundedTpl<double, 0, 2>, pinocchio::JointModelRevoluteUnboundedUnalignedTpl<double, 0>, pinocchio::JointModelHelicalTpl<double, 0, 0>, pinocchio::JointModelHelicalTpl<double, 0, 1>, pinocchio::JointModelHelicalTpl<double, 0, 2>, pinocchio::JointModelHelicalUnalignedTpl<double, 0>, pinocchio::JointModelUniversalTpl<double, 0>, boost::recursive_wrapper<pinocchio::JointModelCompositeTpl<double, 0, pinocchio::JointCollectionDefaultTpl> >, boost::recursive_wrapper<pinocchio::JointModelMimicTpl<double, 0, pinocchio::JointCollectionDefaultTpl> >}]\x1b[m\x1b[K\xe2\x80\x99\n'}
[5.962297] (gim_arm_hardware) StderrLine: {'line': b' 1759 |     \x1b[01;36m\x1b[Kvariant\x1b[m\x1b[K(const variant& operand)\n'}
[5.962323] (gim_arm_hardware) StderrLine: {'line': b'      |     \x1b[01;36m\x1b[K^~~~~~~\x1b[m\x1b[K\n'}
[5.962348] (gim_arm_hardware) StderrLine: {'line': b'\x1b[01m\x1b[K/usr/include/boost/variant/variant.hpp:1759:28:\x1b[m\x1b[K \x1b[01;36m\x1b[Knote: \x1b[m\x1b[K  no known conversion for argument 1 from \xe2\x80\x98\x1b[01m\x1b[Kconst JointModelDerived\x1b[m\x1b[K\xe2\x80\x99 {aka \xe2\x80\x98\x1b[01m\x1b[Kconst pinocchio::JointModelRevoluteUnalignedTpl<double>\x1b[m\x1b[K\xe2\x80\x99} to \xe2\x80\x98\x1b[01m\x1b[Kconst boost::variant<pinocchio::JointModelRevoluteTpl<double, 0, 0>, pinocchio::JointModelRevoluteTpl<double, 0, 1>, pinocchio::JointModelRevoluteTpl<double, 0, 2>, pinocchio::JointModelFreeFlyerTpl<double, 0>, pinocchio::JointModelPlanarTpl<double, 0>, pinocchio::JointModelRevoluteUnalignedTpl<double, 0>, pinocchio::JointModelSphericalTpl<double, 0>, pinocchio::JointModelSphericalZYXTpl<double, 0>, pinocchio::JointModelEllipsoidTpl<double, 0>, pinocchio::JointModelPrismaticTpl<double, 0, 0>, pinocchio::JointModelPrismaticTpl<double, 0, 1>, pinocchio::JointModelPrismaticTpl<double, 0, 2>, pinocchio::JointModelPrismaticUnalignedTpl<double, 0>, pinocchio::JointModelTranslationTpl<double, 0>, pinocchio::JointModelRevoluteUnboundedTpl<double, 0, 0>, pinocchio::JointModelRevoluteUnboundedTpl<double, 0, 1>, pinocchio::JointModelRevoluteUnboundedTpl<double, 0, 2>, pinocchio::JointModelRevoluteUnboundedUnalignedTpl<double, 0>, pinocchio::JointModelHelicalTpl<double, 0, 0>, pinocchio::JointModelHelicalTpl<double, 0, 1>, pinocchio::JointModelHelicalTpl<double, 0, 2>, pinocchio::JointModelHelicalUnalignedTpl<double, 0>, pinocchio::JointModelUniversalTpl<double, 0>, boost::recursive_wrapper<pinocchio::JointModelCompositeTpl<double, 0, pinocchio::JointCollectionDefaultTpl> >, boost::recursive_wrapper<pinocchio::JointModelMimicTpl<double, 0, pinocchio::JointCollectionDefaultTpl> > >&\x1b[m\x1b[K\xe2\x80\x99\n'}
[5.962447] (gim_arm_hardware) StderrLine: {'line': b' 1759 |     variant(\x1b[01;36m\x1b[Kconst variant& operand\x1b[m\x1b[K)\n'}
[5.962498] (gim_arm_hardware) StderrLine: {'line': b'      |             \x1b[01;36m\x1b[K~~~~~~~~~~~~~~~^~~~~~~\x1b[m\x1b[K\n'}
[5.962526] (gim_arm_hardware) StderrLine: {'line': b'\x1b[01m\x1b[K/usr/include/boost/variant/variant.hpp:1375:5:\x1b[m\x1b[K \x1b[01;36m\x1b[Knote: \x1b[m\x1b[Kcandidate: \xe2\x80\x98\x1b[01m\x1b[Kboost::variant<T0, TN>::variant() [with T0_ = pinocchio::JointModelRevoluteTpl<double, 0, 0>; TN = {pinocchio::JointModelRevoluteTpl<double, 0, 1>, pinocchio::JointModelRevoluteTpl<double, 0, 2>, pinocchio::JointModelFreeFlyerTpl<double, 0>, pinocchio::JointModelPlanarTpl<double, 0>, pinocchio::JointModelRevoluteUnalignedTpl<double, 0>, pinocchio::JointModelSphericalTpl<double, 0>, pinocchio::JointModelSphericalZYXTpl<double, 0>, pinocchio::JointModelEllipsoidTpl<double, 0>, pinocchio::JointModelPrismaticTpl<double, 0, 0>, pinocchio::JointModelPrismaticTpl<double, 0, 1>, pinocchio::JointModelPrismaticTpl<double, 0, 2>, pinocchio::JointModelPrismaticUnalignedTpl<double, 0>, pinocchio::JointModelTranslationTpl<double, 0>, pinocchio::JointModelRevoluteUnboundedTpl<double, 0, 0>, pinocchio::JointModelRevoluteUnboundedTpl<double, 0, 1>, pinocchio::JointModelRevoluteUnboundedTpl<double, 0, 2>, pinocchio::JointModelRevoluteUnboundedUnalignedTpl<double, 0>, pinocchio::JointModelHelicalTpl<double, 0, 0>, pinocchio::JointModelHelicalTpl<double, 0, 1>, pinocchio::JointModelHelicalTpl<double, 0, 2>, pinocchio::JointModelHelicalUnalignedTpl<double, 0>, pinocchio::JointModelUniversalTpl<double, 0>, boost::recursive_wrapper<pinocchio::JointModelCompositeTpl<double, 0, pinocchio::JointCollectionDefaultTpl> >, boost::recursive_wrapper<pinocchio::JointModelMimicTpl<double, 0, pinocchio::JointCollectionDefaultTpl> >}]\x1b[m\x1b[K\xe2\x80\x99\n'}
[5.962580] (gim_arm_hardware) StderrLine: {'line': b' 1375 |     \x1b[01;36m\x1b[Kvariant\x1b[m\x1b[K()\n'}
[5.962607] (gim_arm_hardware) StderrLine: {'line': b'      |     \x1b[01;36m\x1b[K^~~~~~~\x1b[m\x1b[K\n'}
[5.962633] (gim_arm_hardware) StderrLine: {'line': b'\x1b[01m\x1b[K/usr/include/boost/variant/variant.hpp:1375:5:\x1b[m\x1b[K \x1b[01;36m\x1b[Knote: \x1b[m\x1b[K  candidate expects 0 arguments, 1 provided\n'}
[5.962660] (gim_arm_hardware) StderrLine: {'line': b'In file included from \x1b[01m\x1b[K/opt/ros/humble/include/pinocchio/multibody/joint.hpp:84\x1b[m\x1b[K,\n'}
[5.962685] (gim_arm_hardware) StderrLine: {'line': b'                 from \x1b[01m\x1b[K/opt/ros/humble/include/pinocchio/multibody.hpp:43\x1b[m\x1b[K,\n'}
[5.962710] (gim_arm_hardware) StderrLine: {'line': b'                 from \x1b[01m\x1b[K/opt/ros/humble/include/pinocchio/parsers/urdf.hpp:27\x1b[m\x1b[K,\n'}
[5.962755] (gim_arm_hardware) StderrLine: {'line': b'                 from \x1b[01m\x1b[K/home/minh/gim60108_ws/src/gim_arm_hardware/include/gim_arm_hardware/gim_arm_system.hpp:25\x1b[m\x1b[K,\n'}
[5.962782] (gim_arm_hardware) StderrLine: {'line': b'                 from \x1b[01m\x1b[K/home/minh/gim60108_ws/src/gim_arm_hardware/src/gim_arm_system.cpp:1\x1b[m\x1b[K:\n'}
[5.962811] (gim_arm_hardware) StderrLine: {'line': b'/opt/ros/humble/include/pinocchio/src/multibody/joint/joint-generic.hxx: In instantiation of \xe2\x80\x98\x1b[01m\x1b[Kpinocchio::JointModelTpl<Scalar, Options, JointCollectionTpl>::JointModelTpl(const pinocchio::JointModelBase<OtherDerived>&) [with JointModelDerived = pinocchio::JointModelRevoluteUnboundedTpl<double, 0, 0>; _Scalar = double; int _Options = 0; JointCollectionTpl = pinocchio::JointCollectionDefaultTpl]\x1b[m\x1b[K\xe2\x80\x99:\n'}
[5.962841] (gim_arm_hardware) StderrLine: {'line': b'\x1b[01m\x1b[K/opt/ros/humble/include/pinocchio/src/parsers/urdf/model.hxx:495:34:\x1b[m\x1b[K   required from \xe2\x80\x98\x1b[01m\x1b[Kpinocchio::JointIndex pinocchio::urdf::details::UrdfVisitor::addJoint(const Vector3&, const Frame&, const SE3&, const string&, const VectorConstRef&, const VectorConstRef&, const VectorConstRef&, const VectorConstRef&, const VectorConstRef&, const VectorConstRef&, const VectorConstRef&, const VectorConstRef&, const VectorConstRef&, const VectorConstRef&) [with TypeX = pinocchio::JointModelRevoluteUnboundedTpl<double, 0, 0>; TypeY = pinocchio::JointModelRevoluteUnboundedTpl<double, 0, 1>; TypeZ = pinocchio::JointModelRevoluteUnboundedTpl<double, 0, 2>; TypeUnaligned = pinocchio::JointModelRevoluteUnboundedUnalignedTpl<double>; pinocchio::JointIndex = long unsigned int; pinocchio::urdf::details::UrdfVisitor::Vector3 = Eigen::Matrix<double, 3, 1>; pinocchio::urdf::details::UrdfVisitor::Frame = pinocchio::FrameTpl<double, 0>; pinocchio::urdf::details::UrdfVisitor::SE3 = pinocchio::SE3Tpl<double, 0>; std::string = std::__cxx11::basic_string<char>; pinocchio::urdf::details::UrdfVisitor::VectorConstRef = Eigen::Ref<const Eigen::Matrix<double, -1, 1> >]\x1b[m\x1b[K\xe2\x80\x99\n'}
[5.962966] (gim_arm_hardware) StderrLine: {'line': b'\x1b[01m\x1b[K/opt/ros/humble/include/pinocchio/src/parsers/urdf/model.hxx:254:78:\x1b[m\x1b[K   required from here\n'}
[5.963001] (gim_arm_hardware) StderrLine: {'line': b'\x1b[01m\x1b[K/opt/ros/humble/include/pinocchio/src/multibody/joint/joint-generic.hxx:306:25:\x1b[m\x1b[K \x1b[01;31m\x1b[Kerror: \x1b[m\x1b[Kno matching function for call to \xe2\x80\x98\x1b[01m\x1b[Kboost::variant<pinocchio::JointModelRevoluteTpl<double, 0, 0>, pinocchio::JointModelRevoluteTpl<double, 0, 1>, pinocchio::JointModelRevoluteTpl<double, 0, 2>, pinocchio::JointModelFreeFlyerTpl<double, 0>, pinocchio::JointModelPlanarTpl<double, 0>, pinocchio::JointModelRevoluteUnalignedTpl<double, 0>, pinocchio::JointModelSphericalTpl<double, 0>, pinocchio::JointModelSphericalZYXTpl<double, 0>, pinocchio::JointModelEllipsoidTpl<double, 0>, pinocchio::JointModelPrismaticTpl<double, 0, 0>, pinocchio::JointModelPrismaticTpl<double, 0, 1>, pinocchio::JointModelPrismaticTpl<double, 0, 2>, pinocchio::JointModelPrismaticUnalignedTpl<double, 0>, pinocchio::JointModelTranslationTpl<double, 0>, pinocchio::JointModelRevoluteUnboundedTpl<double, 0, 0>, pinocchio::JointModelRevoluteUnboundedTpl<double, 0, 1>, pinocchio::JointModelRevoluteUnboundedTpl<double, 0, 2>, pinocchio::JointModelRevoluteUnboundedUnalignedTpl<double, 0>, pinocchio::JointModelHelicalTpl<double, 0, 0>, pinocchio::JointModelHelicalTpl<double, 0, 1>, pinocchio::JointModelHelicalTpl<double, 0, 2>, pinocchio::JointModelHelicalUnalignedTpl<double, 0>, pinocchio::JointModelUniversalTpl<double, 0>, boost::recursive_wrapper<pinocchio::JointModelCompositeTpl<double, 0, pinocchio::JointCollectionDefaultTpl> >, boost::recursive_wrapper<pinocchio::JointModelMimicTpl<double, 0, pinocchio::JointCollectionDefaultTpl> > >::variant(const JointModelDerived&)\x1b[m\x1b[K\xe2\x80\x99\n'}
[5.963034] (gim_arm_hardware) StderrLine: {'line': b'  306 |     : JointModelVariant(\x1b[01;31m\x1b[K(JointModelVariant)jmodel.derived()\x1b[m\x1b[K)\n'}
[5.963058] (gim_arm_hardware) StderrLine: {'line': b'      |                         \x1b[01;31m\x1b[K^~~~~~~~~~~~~~~~~~~~~~~~~~~~~~~~~~~\x1b[m\x1b[K\n'}
[5.963083] (gim_arm_hardware) StderrLine: {'line': b'In file included from \x1b[01m\x1b[K/usr/include/boost/variant.hpp:17\x1b[m\x1b[K,\n'}
[5.963107] (gim_arm_hardware) StderrLine: {'line': b'                 from \x1b[01m\x1b[K/opt/ros/humble/include/pinocchio/multibody.hpp:21\x1b[m\x1b[K,\n'}
[5.963132] (gim_arm_hardware) StderrLine: {'line': b'                 from \x1b[01m\x1b[K/opt/ros/humble/include/pinocchio/parsers/urdf.hpp:27\x1b[m\x1b[K,\n'}
[5.963157] (gim_arm_hardware) StderrLine: {'line': b'                 from \x1b[01m\x1b[K/home/minh/gim60108_ws/src/gim_arm_hardware/include/gim_arm_hardware/gim_arm_system.hpp:25\x1b[m\x1b[K,\n'}
[5.963181] (gim_arm_hardware) StderrLine: {'line': b'                 from \x1b[01m\x1b[K/home/minh/gim60108_ws/src/gim_arm_hardware/src/gim_arm_system.cpp:1\x1b[m\x1b[K:\n'}
[5.963206] (gim_arm_hardware) StderrLine: {'line': b'\x1b[01m\x1b[K/usr/include/boost/variant/variant.hpp:1770:5:\x1b[m\x1b[K \x1b[01;36m\x1b[Knote: \x1b[m\x1b[Kcandidate: \xe2\x80\x98\x1b[01m\x1b[Kboost::variant<T0, TN>::variant(boost::variant<T0, TN>&&) [with T0_ = pinocchio::JointModelRevoluteTpl<double, 0, 0>; TN = {pinocchio::JointModelRevoluteTpl<double, 0, 1>, pinocchio::JointModelRevoluteTpl<double, 0, 2>, pinocchio::JointModelFreeFlyerTpl<double, 0>, pinocchio::JointModelPlanarTpl<double, 0>, pinocchio::JointModelRevoluteUnalignedTpl<double, 0>, pinocchio::JointModelSphericalTpl<double, 0>, pinocchio::JointModelSphericalZYXTpl<double, 0>, pinocchio::JointModelEllipsoidTpl<double, 0>, pinocchio::JointModelPrismaticTpl<double, 0, 0>, pinocchio::JointModelPrismaticTpl<double, 0, 1>, pinocchio::JointModelPrismaticTpl<double, 0, 2>, pinocchio::JointModelPrismaticUnalignedTpl<double, 0>, pinocchio::JointModelTranslationTpl<double, 0>, pinocchio::JointModelRevoluteUnboundedTpl<double, 0, 0>, pinocchio::JointModelRevoluteUnboundedTpl<double, 0, 1>, pinocchio::JointModelRevoluteUnboundedTpl<double, 0, 2>, pinocchio::JointModelRevoluteUnboundedUnalignedTpl<double, 0>, pinocchio::JointModelHelicalTpl<double, 0, 0>, pinocchio::JointModelHelicalTpl<double, 0, 1>, pinocchio::JointModelHelicalTpl<double, 0, 2>, pinocchio::JointModelHelicalUnalignedTpl<double, 0>, pinocchio::JointModelUniversalTpl<double, 0>, boost::recursive_wrapper<pinocchio::JointModelCompositeTpl<double, 0, pinocchio::JointCollectionDefaultTpl> >, boost::recursive_wrapper<pinocchio::JointModelMimicTpl<double, 0, pinocchio::JointCollectionDefaultTpl> >}]\x1b[m\x1b[K\xe2\x80\x99\n'}
[5.963245] (gim_arm_hardware) StderrLine: {'line': b' 1770 |     \x1b[01;36m\x1b[Kvariant\x1b[m\x1b[K(variant&& operand) BOOST_NOEXCEPT_IF(variant_move_noexcept_constructible::type::value)\n'}
[5.963270] (gim_arm_hardware) StderrLine: {'line': b'      |     \x1b[01;36m\x1b[K^~~~~~~\x1b[m\x1b[K\n'}
[5.963294] (gim_arm_hardware) StderrLine: {'line': b'\x1b[01m\x1b[K/usr/include/boost/variant/variant.hpp:1770:23:\x1b[m\x1b[K \x1b[01;36m\x1b[Knote: \x1b[m\x1b[K  no known conversion for argument 1 from \xe2\x80\x98\x1b[01m\x1b[Kconst JointModelDerived\x1b[m\x1b[K\xe2\x80\x99 {aka \xe2\x80\x98\x1b[01m\x1b[Kconst pinocchio::JointModelRevoluteUnboundedTpl<double, 0, 0>\x1b[m\x1b[K\xe2\x80\x99} to \xe2\x80\x98\x1b[01m\x1b[Kboost::variant<pinocchio::JointModelRevoluteTpl<double, 0, 0>, pinocchio::JointModelRevoluteTpl<double, 0, 1>, pinocchio::JointModelRevoluteTpl<double, 0, 2>, pinocchio::JointModelFreeFlyerTpl<double, 0>, pinocchio::JointModelPlanarTpl<double, 0>, pinocchio::JointModelRevoluteUnalignedTpl<double, 0>, pinocchio::JointModelSphericalTpl<double, 0>, pinocchio::JointModelSphericalZYXTpl<double, 0>, pinocchio::JointModelEllipsoidTpl<double, 0>, pinocchio::JointModelPrismaticTpl<double, 0, 0>, pinocchio::JointModelPrismaticTpl<double, 0, 1>, pinocchio::JointModelPrismaticTpl<double, 0, 2>, pinocchio::JointModelPrismaticUnalignedTpl<double, 0>, pinocchio::JointModelTranslationTpl<double, 0>, pinocchio::JointModelRevoluteUnboundedTpl<double, 0, 0>, pinocchio::JointModelRevoluteUnboundedTpl<double, 0, 1>, pinocchio::JointModelRevoluteUnboundedTpl<double, 0, 2>, pinocchio::JointModelRevoluteUnboundedUnalignedTpl<double, 0>, pinocchio::JointModelHelicalTpl<double, 0, 0>, pinocchio::JointModelHelicalTpl<double, 0, 1>, pinocchio::JointModelHelicalTpl<double, 0, 2>, pinocchio::JointModelHelicalUnalignedTpl<double, 0>, pinocchio::JointModelUniversalTpl<double, 0>, boost::recursive_wrapper<pinocchio::JointModelCompositeTpl<double, 0, pinocchio::JointCollectionDefaultTpl> >, boost::recursive_wrapper<pinocchio::JointModelMimicTpl<double, 0, pinocchio::JointCollectionDefaultTpl> > >&&\x1b[m\x1b[K\xe2\x80\x99\n'}
[5.963331] (gim_arm_hardware) StderrLine: {'line': b' 1770 |     variant(\x1b[01;36m\x1b[Kvariant&& operand\x1b[m\x1b[K) BOOST_NOEXCEPT_IF(variant_move_noexcept_constructible::type::value)\n'}
[5.963355] (gim_arm_hardware) StderrLine: {'line': b'      |             \x1b[01;36m\x1b[K~~~~~~~~~~^~~~~~~\x1b[m\x1b[K\n'}
[5.963379] (gim_arm_hardware) StderrLine: {'line': b'\x1b[01m\x1b[K/usr/include/boost/variant/variant.hpp:1759:5:\x1b[m\x1b[K \x1b[01;36m\x1b[Knote: \x1b[m\x1b[Kcandidate: \xe2\x80\x98\x1b[01m\x1b[Kboost::variant<T0, TN>::variant(const boost::variant<T0, TN>&) [with T0_ = pinocchio::JointModelRevoluteTpl<double, 0, 0>; TN = {pinocchio::JointModelRevoluteTpl<double, 0, 1>, pinocchio::JointModelRevoluteTpl<double, 0, 2>, pinocchio::JointModelFreeFlyerTpl<double, 0>, pinocchio::JointModelPlanarTpl<double, 0>, pinocchio::JointModelRevoluteUnalignedTpl<double, 0>, pinocchio::JointModelSphericalTpl<double, 0>, pinocchio::JointModelSphericalZYXTpl<double, 0>, pinocchio::JointModelEllipsoidTpl<double, 0>, pinocchio::JointModelPrismaticTpl<double, 0, 0>, pinocchio::JointModelPrismaticTpl<double, 0, 1>, pinocchio::JointModelPrismaticTpl<double, 0, 2>, pinocchio::JointModelPrismaticUnalignedTpl<double, 0>, pinocchio::JointModelTranslationTpl<double, 0>, pinocchio::JointModelRevoluteUnboundedTpl<double, 0, 0>, pinocchio::JointModelRevoluteUnboundedTpl<double, 0, 1>, pinocchio::JointModelRevoluteUnboundedTpl<double, 0, 2>, pinocchio::JointModelRevoluteUnboundedUnalignedTpl<double, 0>, pinocchio::JointModelHelicalTpl<double, 0, 0>, pinocchio::JointModelHelicalTpl<double, 0, 1>, pinocchio::JointModelHelicalTpl<double, 0, 2>, pinocchio::JointModelHelicalUnalignedTpl<double, 0>, pinocchio::JointModelUniversalTpl<double, 0>, boost::recursive_wrapper<pinocchio::JointModelCompositeTpl<double, 0, pinocchio::JointCollectionDefaultTpl> >, boost::recursive_wrapper<pinocchio::JointModelMimicTpl<double, 0, pinocchio::JointCollectionDefaultTpl> >}]\x1b[m\x1b[K\xe2\x80\x99\n'}
[5.963415] (gim_arm_hardware) StderrLine: {'line': b' 1759 |     \x1b[01;36m\x1b[Kvariant\x1b[m\x1b[K(const variant& operand)\n'}
[5.963440] (gim_arm_hardware) StderrLine: {'line': b'      |     \x1b[01;36m\x1b[K^~~~~~~\x1b[m\x1b[K\n'}
[5.963464] (gim_arm_hardware) StderrLine: {'line': b'\x1b[01m\x1b[K/usr/include/boost/variant/variant.hpp:1759:28:\x1b[m\x1b[K \x1b[01;36m\x1b[Knote: \x1b[m\x1b[K  no known conversion for argument 1 from \xe2\x80\x98\x1b[01m\x1b[Kconst JointModelDerived\x1b[m\x1b[K\xe2\x80\x99 {aka \xe2\x80\x98\x1b[01m\x1b[Kconst pinocchio::JointModelRevoluteUnboundedTpl<double, 0, 0>\x1b[m\x1b[K\xe2\x80\x99} to \xe2\x80\x98\x1b[01m\x1b[Kconst boost::variant<pinocchio::JointModelRevoluteTpl<double, 0, 0>, pinocchio::JointModelRevoluteTpl<double, 0, 1>, pinocchio::JointModelRevoluteTpl<double, 0, 2>, pinocchio::JointModelFreeFlyerTpl<double, 0>, pinocchio::JointModelPlanarTpl<double, 0>, pinocchio::JointModelRevoluteUnalignedTpl<double, 0>, pinocchio::JointModelSphericalTpl<double, 0>, pinocchio::JointModelSphericalZYXTpl<double, 0>, pinocchio::JointModelEllipsoidTpl<double, 0>, pinocchio::JointModelPrismaticTpl<double, 0, 0>, pinocchio::JointModelPrismaticTpl<double, 0, 1>, pinocchio::JointModelPrismaticTpl<double, 0, 2>, pinocchio::JointModelPrismaticUnalignedTpl<double, 0>, pinocchio::JointModelTranslationTpl<double, 0>, pinocchio::JointModelRevoluteUnboundedTpl<double, 0, 0>, pinocchio::JointModelRevoluteUnboundedTpl<double, 0, 1>, pinocchio::JointModelRevoluteUnboundedTpl<double, 0, 2>, pinocchio::JointModelRevoluteUnboundedUnalignedTpl<double, 0>, pinocchio::JointModelHelicalTpl<double, 0, 0>, pinocchio::JointModelHelicalTpl<double, 0, 1>, pinocchio::JointModelHelicalTpl<double, 0, 2>, pinocchio::JointModelHelicalUnalignedTpl<double, 0>, pinocchio::JointModelUniversalTpl<double, 0>, boost::recursive_wrapper<pinocchio::JointModelCompositeTpl<double, 0, pinocchio::JointCollectionDefaultTpl> >, boost::recursive_wrapper<pinocchio::JointModelMimicTpl<double, 0, pinocchio::JointCollectionDefaultTpl> > >&\x1b[m\x1b[K\xe2\x80\x99\n'}
[5.963496] (gim_arm_hardware) StderrLine: {'line': b' 1759 |     variant(\x1b[01;36m\x1b[Kconst variant& operand\x1b[m\x1b[K)\n'}
[5.963522] (gim_arm_hardware) StderrLine: {'line': b'      |             \x1b[01;36m\x1b[K~~~~~~~~~~~~~~~^~~~~~~\x1b[m\x1b[K\n'}
[5.963546] (gim_arm_hardware) StderrLine: {'line': b'\x1b[01m\x1b[K/usr/include/boost/variant/variant.hpp:1375:5:\x1b[m\x1b[K \x1b[01;36m\x1b[Knote: \x1b[m\x1b[Kcandidate: \xe2\x80\x98\x1b[01m\x1b[Kboost::variant<T0, TN>::variant() [with T0_ = pinocchio::JointModelRevoluteTpl<double, 0, 0>; TN = {pinocchio::JointModelRevoluteTpl<double, 0, 1>, pinocchio::JointModelRevoluteTpl<double, 0, 2>, pinocchio::JointModelFreeFlyerTpl<double, 0>, pinocchio::JointModelPlanarTpl<double, 0>, pinocchio::JointModelRevoluteUnalignedTpl<double, 0>, pinocchio::JointModelSphericalTpl<double, 0>, pinocchio::JointModelSphericalZYXTpl<double, 0>, pinocchio::JointModelEllipsoidTpl<double, 0>, pinocchio::JointModelPrismaticTpl<double, 0, 0>, pinocchio::JointModelPrismaticTpl<double, 0, 1>, pinocchio::JointModelPrismaticTpl<double, 0, 2>, pinocchio::JointModelPrismaticUnalignedTpl<double, 0>, pinocchio::JointModelTranslationTpl<double, 0>, pinocchio::JointModelRevoluteUnboundedTpl<double, 0, 0>, pinocchio::JointModelRevoluteUnboundedTpl<double, 0, 1>, pinocchio::JointModelRevoluteUnboundedTpl<double, 0, 2>, pinocchio::JointModelRevoluteUnboundedUnalignedTpl<double, 0>, pinocchio::JointModelHelicalTpl<double, 0, 0>, pinocchio::JointModelHelicalTpl<double, 0, 1>, pinocchio::JointModelHelicalTpl<double, 0, 2>, pinocchio::JointModelHelicalUnalignedTpl<double, 0>, pinocchio::JointModelUniversalTpl<double, 0>, boost::recursive_wrapper<pinocchio::JointModelCompositeTpl<double, 0, pinocchio::JointCollectionDefaultTpl> >, boost::recursive_wrapper<pinocchio::JointModelMimicTpl<double, 0, pinocchio::JointCollectionDefaultTpl> >}]\x1b[m\x1b[K\xe2\x80\x99\n'}
[5.963586] (gim_arm_hardware) StderrLine: {'line': b' 1375 |     \x1b[01;36m\x1b[Kvariant\x1b[m\x1b[K()\n'}
[5.963610] (gim_arm_hardware) StderrLine: {'line': b'      |     \x1b[01;36m\x1b[K^~~~~~~\x1b[m\x1b[K\n'}
[5.963635] (gim_arm_hardware) StderrLine: {'line': b'\x1b[01m\x1b[K/usr/include/boost/variant/variant.hpp:1375:5:\x1b[m\x1b[K \x1b[01;36m\x1b[Knote: \x1b[m\x1b[K  candidate expects 0 arguments, 1 provided\n'}
[5.963660] (gim_arm_hardware) StderrLine: {'line': b'In file included from \x1b[01m\x1b[K/opt/ros/humble/include/pinocchio/multibody/joint.hpp:84\x1b[m\x1b[K,\n'}
[5.963684] (gim_arm_hardware) StderrLine: {'line': b'                 from \x1b[01m\x1b[K/opt/ros/humble/include/pinocchio/multibody.hpp:43\x1b[m\x1b[K,\n'}
[5.963712] (gim_arm_hardware) StderrLine: {'line': b'                 from \x1b[01m\x1b[K/opt/ros/humble/include/pinocchio/parsers/urdf.hpp:27\x1b[m\x1b[K,\n'}
[5.963737] (gim_arm_hardware) StderrLine: {'line': b'                 from \x1b[01m\x1b[K/home/minh/gim60108_ws/src/gim_arm_hardware/include/gim_arm_hardware/gim_arm_system.hpp:25\x1b[m\x1b[K,\n'}
[5.963760] (gim_arm_hardware) StderrLine: {'line': b'                 from \x1b[01m\x1b[K/home/minh/gim60108_ws/src/gim_arm_hardware/src/gim_arm_system.cpp:1\x1b[m\x1b[K:\n'}
[5.963789] (gim_arm_hardware) StderrLine: {'line': b'/opt/ros/humble/include/pinocchio/src/multibody/joint/joint-generic.hxx: In instantiation of \xe2\x80\x98\x1b[01m\x1b[Kpinocchio::JointModelTpl<Scalar, Options, JointCollectionTpl>::JointModelTpl(const pinocchio::JointModelBase<OtherDerived>&) [with JointModelDerived = pinocchio::JointModelRevoluteUnboundedTpl<double, 0, 1>; _Scalar = double; int _Options = 0; JointCollectionTpl = pinocchio::JointCollectionDefaultTpl]\x1b[m\x1b[K\xe2\x80\x99:\n'}
[5.963816] (gim_arm_hardware) StderrLine: {'line': b'\x1b[01m\x1b[K/opt/ros/humble/include/pinocchio/src/parsers/urdf/model.hxx:502:34:\x1b[m\x1b[K   required from \xe2\x80\x98\x1b[01m\x1b[Kpinocchio::JointIndex pinocchio::urdf::details::UrdfVisitor::addJoint(const Vector3&, const Frame&, const SE3&, const string&, const VectorConstRef&, const VectorConstRef&, const VectorConstRef&, const VectorConstRef&, const VectorConstRef&, const VectorConstRef&, const VectorConstRef&, const VectorConstRef&, const VectorConstRef&, const VectorConstRef&) [with TypeX = pinocchio::JointModelRevoluteUnboundedTpl<double, 0, 0>; TypeY = pinocchio::JointModelRevoluteUnboundedTpl<double, 0, 1>; TypeZ = pinocchio::JointModelRevoluteUnboundedTpl<double, 0, 2>; TypeUnaligned = pinocchio::JointModelRevoluteUnboundedUnalignedTpl<double>; pinocchio::JointIndex = long unsigned int; pinocchio::urdf::details::UrdfVisitor::Vector3 = Eigen::Matrix<double, 3, 1>; pinocchio::urdf::details::UrdfVisitor::Frame = pinocchio::FrameTpl<double, 0>; pinocchio::urdf::details::UrdfVisitor::SE3 = pinocchio::SE3Tpl<double, 0>; std::string = std::__cxx11::basic_string<char>; pinocchio::urdf::details::UrdfVisitor::VectorConstRef = Eigen::Ref<const Eigen::Matrix<double, -1, 1> >]\x1b[m\x1b[K\xe2\x80\x99\n'}
[5.963844] (gim_arm_hardware) StderrLine: {'line': b'\x1b[01m\x1b[K/opt/ros/humble/include/pinocchio/src/parsers/urdf/model.hxx:254:78:\x1b[m\x1b[K   required from here\n'}
[5.963869] (gim_arm_hardware) StderrLine: {'line': b'\x1b[01m\x1b[K/opt/ros/humble/include/pinocchio/src/multibody/joint/joint-generic.hxx:306:25:\x1b[m\x1b[K \x1b[01;31m\x1b[Kerror: \x1b[m\x1b[Kno matching function for call to \xe2\x80\x98\x1b[01m\x1b[Kboost::variant<pinocchio::JointModelRevoluteTpl<double, 0, 0>, pinocchio::JointModelRevoluteTpl<double, 0, 1>, pinocchio::JointModelRevoluteTpl<double, 0, 2>, pinocchio::JointModelFreeFlyerTpl<double, 0>, pinocchio::JointModelPlanarTpl<double, 0>, pinocchio::JointModelRevoluteUnalignedTpl<double, 0>, pinocchio::JointModelSphericalTpl<double, 0>, pinocchio::JointModelSphericalZYXTpl<double, 0>, pinocchio::JointModelEllipsoidTpl<double, 0>, pinocchio::JointModelPrismaticTpl<double, 0, 0>, pinocchio::JointModelPrismaticTpl<double, 0, 1>, pinocchio::JointModelPrismaticTpl<double, 0, 2>, pinocchio::JointModelPrismaticUnalignedTpl<double, 0>, pinocchio::JointModelTranslationTpl<double, 0>, pinocchio::JointModelRevoluteUnboundedTpl<double, 0, 0>, pinocchio::JointModelRevoluteUnboundedTpl<double, 0, 1>, pinocchio::JointModelRevoluteUnboundedTpl<double, 0, 2>, pinocchio::JointModelRevoluteUnboundedUnalignedTpl<double, 0>, pinocchio::JointModelHelicalTpl<double, 0, 0>, pinocchio::JointModelHelicalTpl<double, 0, 1>, pinocchio::JointModelHelicalTpl<double, 0, 2>, pinocchio::JointModelHelicalUnalignedTpl<double, 0>, pinocchio::JointModelUniversalTpl<double, 0>, boost::recursive_wrapper<pinocchio::JointModelCompositeTpl<double, 0, pinocchio::JointCollectionDefaultTpl> >, boost::recursive_wrapper<pinocchio::JointModelMimicTpl<double, 0, pinocchio::JointCollectionDefaultTpl> > >::variant(const JointModelDerived&)\x1b[m\x1b[K\xe2\x80\x99\n'}
[5.963916] (gim_arm_hardware) StderrLine: {'line': b'  306 |     : JointModelVariant(\x1b[01;31m\x1b[K(JointModelVariant)jmodel.derived()\x1b[m\x1b[K)\n'}
[5.963941] (gim_arm_hardware) StderrLine: {'line': b'      |                         \x1b[01;31m\x1b[K^~~~~~~~~~~~~~~~~~~~~~~~~~~~~~~~~~~\x1b[m\x1b[K\n'}
[5.963965] (gim_arm_hardware) StderrLine: {'line': b'In file included from \x1b[01m\x1b[K/usr/include/boost/variant.hpp:17\x1b[m\x1b[K,\n'}
[5.963990] (gim_arm_hardware) StderrLine: {'line': b'                 from \x1b[01m\x1b[K/opt/ros/humble/include/pinocchio/multibody.hpp:21\x1b[m\x1b[K,\n'}
[5.964015] (gim_arm_hardware) StderrLine: {'line': b'                 from \x1b[01m\x1b[K/opt/ros/humble/include/pinocchio/parsers/urdf.hpp:27\x1b[m\x1b[K,\n'}
[5.964043] (gim_arm_hardware) StderrLine: {'line': b'                 from \x1b[01m\x1b[K/home/minh/gim60108_ws/src/gim_arm_hardware/include/gim_arm_hardware/gim_arm_system.hpp:25\x1b[m\x1b[K,\n'}
[5.964068] (gim_arm_hardware) StderrLine: {'line': b'                 from \x1b[01m\x1b[K/home/minh/gim60108_ws/src/gim_arm_hardware/src/gim_arm_system.cpp:1\x1b[m\x1b[K:\n'}
[5.964092] (gim_arm_hardware) StderrLine: {'line': b'\x1b[01m\x1b[K/usr/include/boost/variant/variant.hpp:1770:5:\x1b[m\x1b[K \x1b[01;36m\x1b[Knote: \x1b[m\x1b[Kcandidate: \xe2\x80\x98\x1b[01m\x1b[Kboost::variant<T0, TN>::variant(boost::variant<T0, TN>&&) [with T0_ = pinocchio::JointModelRevoluteTpl<double, 0, 0>; TN = {pinocchio::JointModelRevoluteTpl<double, 0, 1>, pinocchio::JointModelRevoluteTpl<double, 0, 2>, pinocchio::JointModelFreeFlyerTpl<double, 0>, pinocchio::JointModelPlanarTpl<double, 0>, pinocchio::JointModelRevoluteUnalignedTpl<double, 0>, pinocchio::JointModelSphericalTpl<double, 0>, pinocchio::JointModelSphericalZYXTpl<double, 0>, pinocchio::JointModelEllipsoidTpl<double, 0>, pinocchio::JointModelPrismaticTpl<double, 0, 0>, pinocchio::JointModelPrismaticTpl<double, 0, 1>, pinocchio::JointModelPrismaticTpl<double, 0, 2>, pinocchio::JointModelPrismaticUnalignedTpl<double, 0>, pinocchio::JointModelTranslationTpl<double, 0>, pinocchio::JointModelRevoluteUnboundedTpl<double, 0, 0>, pinocchio::JointModelRevoluteUnboundedTpl<double, 0, 1>, pinocchio::JointModelRevoluteUnboundedTpl<double, 0, 2>, pinocchio::JointModelRevoluteUnboundedUnalignedTpl<double, 0>, pinocchio::JointModelHelicalTpl<double, 0, 0>, pinocchio::JointModelHelicalTpl<double, 0, 1>, pinocchio::JointModelHelicalTpl<double, 0, 2>, pinocchio::JointModelHelicalUnalignedTpl<double, 0>, pinocchio::JointModelUniversalTpl<double, 0>, boost::recursive_wrapper<pinocchio::JointModelCompositeTpl<double, 0, pinocchio::JointCollectionDefaultTpl> >, boost::recursive_wrapper<pinocchio::JointModelMimicTpl<double, 0, pinocchio::JointCollectionDefaultTpl> >}]\x1b[m\x1b[K\xe2\x80\x99\n'}
[5.964124] (gim_arm_hardware) StderrLine: {'line': b' 1770 |     \x1b[01;36m\x1b[Kvariant\x1b[m\x1b[K(variant&& operand) BOOST_NOEXCEPT_IF(variant_move_noexcept_constructible::type::value)\n'}
[5.964153] (gim_arm_hardware) StderrLine: {'line': b'      |     \x1b[01;36m\x1b[K^~~~~~~\x1b[m\x1b[K\n'}
[5.964178] (gim_arm_hardware) StderrLine: {'line': b'\x1b[01m\x1b[K/usr/include/boost/variant/variant.hpp:1770:23:\x1b[m\x1b[K \x1b[01;36m\x1b[Knote: \x1b[m\x1b[K  no known conversion for argument 1 from \xe2\x80\x98\x1b[01m\x1b[Kconst JointModelDerived\x1b[m\x1b[K\xe2\x80\x99 {aka \xe2\x80\x98\x1b[01m\x1b[Kconst pinocchio::JointModelRevoluteUnboundedTpl<double, 0, 1>\x1b[m\x1b[K\xe2\x80\x99} to \xe2\x80\x98\x1b[01m\x1b[Kboost::variant<pinocchio::JointModelRevoluteTpl<double, 0, 0>, pinocchio::JointModelRevoluteTpl<double, 0, 1>, pinocchio::JointModelRevoluteTpl<double, 0, 2>, pinocchio::JointModelFreeFlyerTpl<double, 0>, pinocchio::JointModelPlanarTpl<double, 0>, pinocchio::JointModelRevoluteUnalignedTpl<double, 0>, pinocchio::JointModelSphericalTpl<double, 0>, pinocchio::JointModelSphericalZYXTpl<double, 0>, pinocchio::JointModelEllipsoidTpl<double, 0>, pinocchio::JointModelPrismaticTpl<double, 0, 0>, pinocchio::JointModelPrismaticTpl<double, 0, 1>, pinocchio::JointModelPrismaticTpl<double, 0, 2>, pinocchio::JointModelPrismaticUnalignedTpl<double, 0>, pinocchio::JointModelTranslationTpl<double, 0>, pinocchio::JointModelRevoluteUnboundedTpl<double, 0, 0>, pinocchio::JointModelRevoluteUnboundedTpl<double, 0, 1>, pinocchio::JointModelRevoluteUnboundedTpl<double, 0, 2>, pinocchio::JointModelRevoluteUnboundedUnalignedTpl<double, 0>, pinocchio::JointModelHelicalTpl<double, 0, 0>, pinocchio::JointModelHelicalTpl<double, 0, 1>, pinocchio::JointModelHelicalTpl<double, 0, 2>, pinocchio::JointModelHelicalUnalignedTpl<double, 0>, pinocchio::JointModelUniversalTpl<double, 0>, boost::recursive_wrapper<pinocchio::JointModelCompositeTpl<double, 0, pinocchio::JointCollectionDefaultTpl> >, boost::recursive_wrapper<pinocchio::JointModelMimicTpl<double, 0, pinocchio::JointCollectionDefaultTpl> > >&&\x1b[m\x1b[K\xe2\x80\x99\n'}
[5.964216] (gim_arm_hardware) StderrLine: {'line': b' 1770 |     variant(\x1b[01;36m\x1b[Kvariant&& operand\x1b[m\x1b[K) BOOST_NOEXCEPT_IF(variant_move_noexcept_constructible::type::value)\n'}
[5.964243] (gim_arm_hardware) StderrLine: {'line': b'      |             \x1b[01;36m\x1b[K~~~~~~~~~~^~~~~~~\x1b[m\x1b[K\n'}
[5.964267] (gim_arm_hardware) StderrLine: {'line': b'\x1b[01m\x1b[K/usr/include/boost/variant/variant.hpp:1759:5:\x1b[m\x1b[K \x1b[01;36m\x1b[Knote: \x1b[m\x1b[Kcandidate: \xe2\x80\x98\x1b[01m\x1b[Kboost::variant<T0, TN>::variant(const boost::variant<T0, TN>&) [with T0_ = pinocchio::JointModelRevoluteTpl<double, 0, 0>; TN = {pinocchio::JointModelRevoluteTpl<double, 0, 1>, pinocchio::JointModelRevoluteTpl<double, 0, 2>, pinocchio::JointModelFreeFlyerTpl<double, 0>, pinocchio::JointModelPlanarTpl<double, 0>, pinocchio::JointModelRevoluteUnalignedTpl<double, 0>, pinocchio::JointModelSphericalTpl<double, 0>, pinocchio::JointModelSphericalZYXTpl<double, 0>, pinocchio::JointModelEllipsoidTpl<double, 0>, pinocchio::JointModelPrismaticTpl<double, 0, 0>, pinocchio::JointModelPrismaticTpl<double, 0, 1>, pinocchio::JointModelPrismaticTpl<double, 0, 2>, pinocchio::JointModelPrismaticUnalignedTpl<double, 0>, pinocchio::JointModelTranslationTpl<double, 0>, pinocchio::JointModelRevoluteUnboundedTpl<double, 0, 0>, pinocchio::JointModelRevoluteUnboundedTpl<double, 0, 1>, pinocchio::JointModelRevoluteUnboundedTpl<double, 0, 2>, pinocchio::JointModelRevoluteUnboundedUnalignedTpl<double, 0>, pinocchio::JointModelHelicalTpl<double, 0, 0>, pinocchio::JointModelHelicalTpl<double, 0, 1>, pinocchio::JointModelHelicalTpl<double, 0, 2>, pinocchio::JointModelHelicalUnalignedTpl<double, 0>, pinocchio::JointModelUniversalTpl<double, 0>, boost::recursive_wrapper<pinocchio::JointModelCompositeTpl<double, 0, pinocchio::JointCollectionDefaultTpl> >, boost::recursive_wrapper<pinocchio::JointModelMimicTpl<double, 0, pinocchio::JointCollectionDefaultTpl> >}]\x1b[m\x1b[K\xe2\x80\x99\n'}
[5.964307] (gim_arm_hardware) StderrLine: {'line': b' 1759 |     \x1b[01;36m\x1b[Kvariant\x1b[m\x1b[K(const variant& operand)\n'}
[5.964332] (gim_arm_hardware) StderrLine: {'line': b'      |     \x1b[01;36m\x1b[K^~~~~~~\x1b[m\x1b[K\n'}
[5.964357] (gim_arm_hardware) StderrLine: {'line': b'\x1b[01m\x1b[K/usr/include/boost/variant/variant.hpp:1759:28:\x1b[m\x1b[K \x1b[01;36m\x1b[Knote: \x1b[m\x1b[K  no known conversion for argument 1 from \xe2\x80\x98\x1b[01m\x1b[Kconst JointModelDerived\x1b[m\x1b[K\xe2\x80\x99 {aka \xe2\x80\x98\x1b[01m\x1b[Kconst pinocchio::JointModelRevoluteUnboundedTpl<double, 0, 1>\x1b[m\x1b[K\xe2\x80\x99} to \xe2\x80\x98\x1b[01m\x1b[Kconst boost::variant<pinocchio::JointModelRevoluteTpl<double, 0, 0>, pinocchio::JointModelRevoluteTpl<double, 0, 1>, pinocchio::JointModelRevoluteTpl<double, 0, 2>, pinocchio::JointModelFreeFlyerTpl<double, 0>, pinocchio::JointModelPlanarTpl<double, 0>, pinocchio::JointModelRevoluteUnalignedTpl<double, 0>, pinocchio::JointModelSphericalTpl<double, 0>, pinocchio::JointModelSphericalZYXTpl<double, 0>, pinocchio::JointModelEllipsoidTpl<double, 0>, pinocchio::JointModelPrismaticTpl<double, 0, 0>, pinocchio::JointModelPrismaticTpl<double, 0, 1>, pinocchio::JointModelPrismaticTpl<double, 0, 2>, pinocchio::JointModelPrismaticUnalignedTpl<double, 0>, pinocchio::JointModelTranslationTpl<double, 0>, pinocchio::JointModelRevoluteUnboundedTpl<double, 0, 0>, pinocchio::JointModelRevoluteUnboundedTpl<double, 0, 1>, pinocchio::JointModelRevoluteUnboundedTpl<double, 0, 2>, pinocchio::JointModelRevoluteUnboundedUnalignedTpl<double, 0>, pinocchio::JointModelHelicalTpl<double, 0, 0>, pinocchio::JointModelHelicalTpl<double, 0, 1>, pinocchio::JointModelHelicalTpl<double, 0, 2>, pinocchio::JointModelHelicalUnalignedTpl<double, 0>, pinocchio::JointModelUniversalTpl<double, 0>, boost::recursive_wrapper<pinocchio::JointModelCompositeTpl<double, 0, pinocchio::JointCollectionDefaultTpl> >, boost::recursive_wrapper<pinocchio::JointModelMimicTpl<double, 0, pinocchio::JointCollectionDefaultTpl> > >&\x1b[m\x1b[K\xe2\x80\x99\n'}
[5.964389] (gim_arm_hardware) StderrLine: {'line': b' 1759 |     variant(\x1b[01;36m\x1b[Kconst variant& operand\x1b[m\x1b[K)\n'}
[5.964414] (gim_arm_hardware) StderrLine: {'line': b'      |             \x1b[01;36m\x1b[K~~~~~~~~~~~~~~~^~~~~~~\x1b[m\x1b[K\n'}
[5.964438] (gim_arm_hardware) StderrLine: {'line': b'\x1b[01m\x1b[K/usr/include/boost/variant/variant.hpp:1375:5:\x1b[m\x1b[K \x1b[01;36m\x1b[Knote: \x1b[m\x1b[Kcandidate: \xe2\x80\x98\x1b[01m\x1b[Kboost::variant<T0, TN>::variant() [with T0_ = pinocchio::JointModelRevoluteTpl<double, 0, 0>; TN = {pinocchio::JointModelRevoluteTpl<double, 0, 1>, pinocchio::JointModelRevoluteTpl<double, 0, 2>, pinocchio::JointModelFreeFlyerTpl<double, 0>, pinocchio::JointModelPlanarTpl<double, 0>, pinocchio::JointModelRevoluteUnalignedTpl<double, 0>, pinocchio::JointModelSphericalTpl<double, 0>, pinocchio::JointModelSphericalZYXTpl<double, 0>, pinocchio::JointModelEllipsoidTpl<double, 0>, pinocchio::JointModelPrismaticTpl<double, 0, 0>, pinocchio::JointModelPrismaticTpl<double, 0, 1>, pinocchio::JointModelPrismaticTpl<double, 0, 2>, pinocchio::JointModelPrismaticUnalignedTpl<double, 0>, pinocchio::JointModelTranslationTpl<double, 0>, pinocchio::JointModelRevoluteUnboundedTpl<double, 0, 0>, pinocchio::JointModelRevoluteUnboundedTpl<double, 0, 1>, pinocchio::JointModelRevoluteUnboundedTpl<double, 0, 2>, pinocchio::JointModelRevoluteUnboundedUnalignedTpl<double, 0>, pinocchio::JointModelHelicalTpl<double, 0, 0>, pinocchio::JointModelHelicalTpl<double, 0, 1>, pinocchio::JointModelHelicalTpl<double, 0, 2>, pinocchio::JointModelHelicalUnalignedTpl<double, 0>, pinocchio::JointModelUniversalTpl<double, 0>, boost::recursive_wrapper<pinocchio::JointModelCompositeTpl<double, 0, pinocchio::JointCollectionDefaultTpl> >, boost::recursive_wrapper<pinocchio::JointModelMimicTpl<double, 0, pinocchio::JointCollectionDefaultTpl> >}]\x1b[m\x1b[K\xe2\x80\x99\n'}
[5.964476] (gim_arm_hardware) StderrLine: {'line': b' 1375 |     \x1b[01;36m\x1b[Kvariant\x1b[m\x1b[K()\n'}
[5.964504] (gim_arm_hardware) StderrLine: {'line': b'      |     \x1b[01;36m\x1b[K^~~~~~~\x1b[m\x1b[K\n'}
[5.964530] (gim_arm_hardware) StderrLine: {'line': b'\x1b[01m\x1b[K/usr/include/boost/variant/variant.hpp:1375:5:\x1b[m\x1b[K \x1b[01;36m\x1b[Knote: \x1b[m\x1b[K  candidate expects 0 arguments, 1 provided\n'}
[5.964553] (gim_arm_hardware) StderrLine: {'line': b'In file included from \x1b[01m\x1b[K/opt/ros/humble/include/pinocchio/multibody/joint.hpp:84\x1b[m\x1b[K,\n'}
[5.964578] (gim_arm_hardware) StderrLine: {'line': b'                 from \x1b[01m\x1b[K/opt/ros/humble/include/pinocchio/multibody.hpp:43\x1b[m\x1b[K,\n'}
[5.964601] (gim_arm_hardware) StderrLine: {'line': b'                 from \x1b[01m\x1b[K/opt/ros/humble/include/pinocchio/parsers/urdf.hpp:27\x1b[m\x1b[K,\n'}
[5.964625] (gim_arm_hardware) StderrLine: {'line': b'                 from \x1b[01m\x1b[K/home/minh/gim60108_ws/src/gim_arm_hardware/include/gim_arm_hardware/gim_arm_system.hpp:25\x1b[m\x1b[K,\n'}
[5.964650] (gim_arm_hardware) StderrLine: {'line': b'                 from \x1b[01m\x1b[K/home/minh/gim60108_ws/src/gim_arm_hardware/src/gim_arm_system.cpp:1\x1b[m\x1b[K:\n'}
[5.964673] (gim_arm_hardware) StderrLine: {'line': b'/opt/ros/humble/include/pinocchio/src/multibody/joint/joint-generic.hxx: In instantiation of \xe2\x80\x98\x1b[01m\x1b[Kpinocchio::JointModelTpl<Scalar, Options, JointCollectionTpl>::JointModelTpl(const pinocchio::JointModelBase<OtherDerived>&) [with JointModelDerived = pinocchio::JointModelRevoluteUnboundedTpl<double, 0, 2>; _Scalar = double; int _Options = 0; JointCollectionTpl = pinocchio::JointCollectionDefaultTpl]\x1b[m\x1b[K\xe2\x80\x99:\n'}
[5.964700] (gim_arm_hardware) StderrLine: {'line': b'\x1b[01m\x1b[K/opt/ros/humble/include/pinocchio/src/parsers/urdf/model.hxx:509:34:\x1b[m\x1b[K   required from \xe2\x80\x98\x1b[01m\x1b[Kpinocchio::JointIndex pinocchio::urdf::details::UrdfVisitor::addJoint(const Vector3&, const Frame&, const SE3&, const string&, const VectorConstRef&, const VectorConstRef&, const VectorConstRef&, const VectorConstRef&, const VectorConstRef&, const VectorConstRef&, const VectorConstRef&, const VectorConstRef&, const VectorConstRef&, const VectorConstRef&) [with TypeX = pinocchio::JointModelRevoluteUnboundedTpl<double, 0, 0>; TypeY = pinocchio::JointModelRevoluteUnboundedTpl<double, 0, 1>; TypeZ = pinocchio::JointModelRevoluteUnboundedTpl<double, 0, 2>; TypeUnaligned = pinocchio::JointModelRevoluteUnboundedUnalignedTpl<double>; pinocchio::JointIndex = long unsigned int; pinocchio::urdf::details::UrdfVisitor::Vector3 = Eigen::Matrix<double, 3, 1>; pinocchio::urdf::details::UrdfVisitor::Frame = pinocchio::FrameTpl<double, 0>; pinocchio::urdf::details::UrdfVisitor::SE3 = pinocchio::SE3Tpl<double, 0>; std::string = std::__cxx11::basic_string<char>; pinocchio::urdf::details::UrdfVisitor::VectorConstRef = Eigen::Ref<const Eigen::Matrix<double, -1, 1> >]\x1b[m\x1b[K\xe2\x80\x99\n'}
[5.964731] (gim_arm_hardware) StderrLine: {'line': b'\x1b[01m\x1b[K/opt/ros/humble/include/pinocchio/src/parsers/urdf/model.hxx:254:78:\x1b[m\x1b[K   required from here\n'}
[5.964756] (gim_arm_hardware) StderrLine: {'line': b'\x1b[01m\x1b[K/opt/ros/humble/include/pinocchio/src/multibody/joint/joint-generic.hxx:306:25:\x1b[m\x1b[K \x1b[01;31m\x1b[Kerror: \x1b[m\x1b[Kno matching function for call to \xe2\x80\x98\x1b[01m\x1b[Kboost::variant<pinocchio::JointModelRevoluteTpl<double, 0, 0>, pinocchio::JointModelRevoluteTpl<double, 0, 1>, pinocchio::JointModelRevoluteTpl<double, 0, 2>, pinocchio::JointModelFreeFlyerTpl<double, 0>, pinocchio::JointModelPlanarTpl<double, 0>, pinocchio::JointModelRevoluteUnalignedTpl<double, 0>, pinocchio::JointModelSphericalTpl<double, 0>, pinocchio::JointModelSphericalZYXTpl<double, 0>, pinocchio::JointModelEllipsoidTpl<double, 0>, pinocchio::JointModelPrismaticTpl<double, 0, 0>, pinocchio::JointModelPrismaticTpl<double, 0, 1>, pinocchio::JointModelPrismaticTpl<double, 0, 2>, pinocchio::JointModelPrismaticUnalignedTpl<double, 0>, pinocchio::JointModelTranslationTpl<double, 0>, pinocchio::JointModelRevoluteUnboundedTpl<double, 0, 0>, pinocchio::JointModelRevoluteUnboundedTpl<double, 0, 1>, pinocchio::JointModelRevoluteUnboundedTpl<double, 0, 2>, pinocchio::JointModelRevoluteUnboundedUnalignedTpl<double, 0>, pinocchio::JointModelHelicalTpl<double, 0, 0>, pinocchio::JointModelHelicalTpl<double, 0, 1>, pinocchio::JointModelHelicalTpl<double, 0, 2>, pinocchio::JointModelHelicalUnalignedTpl<double, 0>, pinocchio::JointModelUniversalTpl<double, 0>, boost::recursive_wrapper<pinocchio::JointModelCompositeTpl<double, 0, pinocchio::JointCollectionDefaultTpl> >, boost::recursive_wrapper<pinocchio::JointModelMimicTpl<double, 0, pinocchio::JointCollectionDefaultTpl> > >::variant(const JointModelDerived&)\x1b[m\x1b[K\xe2\x80\x99\n'}
[5.964796] (gim_arm_hardware) StderrLine: {'line': b'  306 |     : JointModelVariant(\x1b[01;31m\x1b[K(JointModelVariant)jmodel.derived()\x1b[m\x1b[K)\n'}
[5.964820] (gim_arm_hardware) StderrLine: {'line': b'      |                         \x1b[01;31m\x1b[K^~~~~~~~~~~~~~~~~~~~~~~~~~~~~~~~~~~\x1b[m\x1b[K\n'}
[5.964844] (gim_arm_hardware) StderrLine: {'line': b'In file included from \x1b[01m\x1b[K/usr/include/boost/variant.hpp:17\x1b[m\x1b[K,\n'}
[5.964868] (gim_arm_hardware) StderrLine: {'line': b'                 from \x1b[01m\x1b[K/opt/ros/humble/include/pinocchio/multibody.hpp:21\x1b[m\x1b[K,\n'}
[5.964899] (gim_arm_hardware) StderrLine: {'line': b'                 from \x1b[01m\x1b[K/opt/ros/humble/include/pinocchio/parsers/urdf.hpp:27\x1b[m\x1b[K,\n'}
[5.964925] (gim_arm_hardware) StderrLine: {'line': b'                 from \x1b[01m\x1b[K/home/minh/gim60108_ws/src/gim_arm_hardware/include/gim_arm_hardware/gim_arm_system.hpp:25\x1b[m\x1b[K,\n'}
[5.964949] (gim_arm_hardware) StderrLine: {'line': b'                 from \x1b[01m\x1b[K/home/minh/gim60108_ws/src/gim_arm_hardware/src/gim_arm_system.cpp:1\x1b[m\x1b[K:\n'}
[5.964973] (gim_arm_hardware) StderrLine: {'line': b'\x1b[01m\x1b[K/usr/include/boost/variant/variant.hpp:1770:5:\x1b[m\x1b[K \x1b[01;36m\x1b[Knote: \x1b[m\x1b[Kcandidate: \xe2\x80\x98\x1b[01m\x1b[Kboost::variant<T0, TN>::variant(boost::variant<T0, TN>&&) [with T0_ = pinocchio::JointModelRevoluteTpl<double, 0, 0>; TN = {pinocchio::JointModelRevoluteTpl<double, 0, 1>, pinocchio::JointModelRevoluteTpl<double, 0, 2>, pinocchio::JointModelFreeFlyerTpl<double, 0>, pinocchio::JointModelPlanarTpl<double, 0>, pinocchio::JointModelRevoluteUnalignedTpl<double, 0>, pinocchio::JointModelSphericalTpl<double, 0>, pinocchio::JointModelSphericalZYXTpl<double, 0>, pinocchio::JointModelEllipsoidTpl<double, 0>, pinocchio::JointModelPrismaticTpl<double, 0, 0>, pinocchio::JointModelPrismaticTpl<double, 0, 1>, pinocchio::JointModelPrismaticTpl<double, 0, 2>, pinocchio::JointModelPrismaticUnalignedTpl<double, 0>, pinocchio::JointModelTranslationTpl<double, 0>, pinocchio::JointModelRevoluteUnboundedTpl<double, 0, 0>, pinocchio::JointModelRevoluteUnboundedTpl<double, 0, 1>, pinocchio::JointModelRevoluteUnboundedTpl<double, 0, 2>, pinocchio::JointModelRevoluteUnboundedUnalignedTpl<double, 0>, pinocchio::JointModelHelicalTpl<double, 0, 0>, pinocchio::JointModelHelicalTpl<double, 0, 1>, pinocchio::JointModelHelicalTpl<double, 0, 2>, pinocchio::JointModelHelicalUnalignedTpl<double, 0>, pinocchio::JointModelUniversalTpl<double, 0>, boost::recursive_wrapper<pinocchio::JointModelCompositeTpl<double, 0, pinocchio::JointCollectionDefaultTpl> >, boost::recursive_wrapper<pinocchio::JointModelMimicTpl<double, 0, pinocchio::JointCollectionDefaultTpl> >}]\x1b[m\x1b[K\xe2\x80\x99\n'}
[5.965004] (gim_arm_hardware) StderrLine: {'line': b' 1770 |     \x1b[01;36m\x1b[Kvariant\x1b[m\x1b[K(variant&& operand) BOOST_NOEXCEPT_IF(variant_move_noexcept_constructible::type::value)\n'}
[5.965028] (gim_arm_hardware) StderrLine: {'line': b'      |     \x1b[01;36m\x1b[K^~~~~~~\x1b[m\x1b[K\n'}
[5.965052] (gim_arm_hardware) StderrLine: {'line': b'\x1b[01m\x1b[K/usr/include/boost/variant/variant.hpp:1770:23:\x1b[m\x1b[K \x1b[01;36m\x1b[Knote: \x1b[m\x1b[K  no known conversion for argument 1 from \xe2\x80\x98\x1b[01m\x1b[Kconst JointModelDerived\x1b[m\x1b[K\xe2\x80\x99 {aka \xe2\x80\x98\x1b[01m\x1b[Kconst pinocchio::JointModelRevoluteUnboundedTpl<double, 0, 2>\x1b[m\x1b[K\xe2\x80\x99} to \xe2\x80\x98\x1b[01m\x1b[Kboost::variant<pinocchio::JointModelRevoluteTpl<double, 0, 0>, pinocchio::JointModelRevoluteTpl<double, 0, 1>, pinocchio::JointModelRevoluteTpl<double, 0, 2>, pinocchio::JointModelFreeFlyerTpl<double, 0>, pinocchio::JointModelPlanarTpl<double, 0>, pinocchio::JointModelRevoluteUnalignedTpl<double, 0>, pinocchio::JointModelSphericalTpl<double, 0>, pinocchio::JointModelSphericalZYXTpl<double, 0>, pinocchio::JointModelEllipsoidTpl<double, 0>, pinocchio::JointModelPrismaticTpl<double, 0, 0>, pinocchio::JointModelPrismaticTpl<double, 0, 1>, pinocchio::JointModelPrismaticTpl<double, 0, 2>, pinocchio::JointModelPrismaticUnalignedTpl<double, 0>, pinocchio::JointModelTranslationTpl<double, 0>, pinocchio::JointModelRevoluteUnboundedTpl<double, 0, 0>, pinocchio::JointModelRevoluteUnboundedTpl<double, 0, 1>, pinocchio::JointModelRevoluteUnboundedTpl<double, 0, 2>, pinocchio::JointModelRevoluteUnboundedUnalignedTpl<double, 0>, pinocchio::JointModelHelicalTpl<double, 0, 0>, pinocchio::JointModelHelicalTpl<double, 0, 1>, pinocchio::JointModelHelicalTpl<double, 0, 2>, pinocchio::JointModelHelicalUnalignedTpl<double, 0>, pinocchio::JointModelUniversalTpl<double, 0>, boost::recursive_wrapper<pinocchio::JointModelCompositeTpl<double, 0, pinocchio::JointCollectionDefaultTpl> >, boost::recursive_wrapper<pinocchio::JointModelMimicTpl<double, 0, pinocchio::JointCollectionDefaultTpl> > >&&\x1b[m\x1b[K\xe2\x80\x99\n'}
[5.965091] (gim_arm_hardware) StderrLine: {'line': b' 1770 |     variant(\x1b[01;36m\x1b[Kvariant&& operand\x1b[m\x1b[K) BOOST_NOEXCEPT_IF(variant_move_noexcept_constructible::type::value)\n'}
[5.965116] (gim_arm_hardware) StderrLine: {'line': b'      |             \x1b[01;36m\x1b[K~~~~~~~~~~^~~~~~~\x1b[m\x1b[K\n'}
[5.965139] (gim_arm_hardware) StderrLine: {'line': b'\x1b[01m\x1b[K/usr/include/boost/variant/variant.hpp:1759:5:\x1b[m\x1b[K \x1b[01;36m\x1b[Knote: \x1b[m\x1b[Kcandidate: \xe2\x80\x98\x1b[01m\x1b[Kboost::variant<T0, TN>::variant(const boost::variant<T0, TN>&) [with T0_ = pinocchio::JointModelRevoluteTpl<double, 0, 0>; TN = {pinocchio::JointModelRevoluteTpl<double, 0, 1>, pinocchio::JointModelRevoluteTpl<double, 0, 2>, pinocchio::JointModelFreeFlyerTpl<double, 0>, pinocchio::JointModelPlanarTpl<double, 0>, pinocchio::JointModelRevoluteUnalignedTpl<double, 0>, pinocchio::JointModelSphericalTpl<double, 0>, pinocchio::JointModelSphericalZYXTpl<double, 0>, pinocchio::JointModelEllipsoidTpl<double, 0>, pinocchio::JointModelPrismaticTpl<double, 0, 0>, pinocchio::JointModelPrismaticTpl<double, 0, 1>, pinocchio::JointModelPrismaticTpl<double, 0, 2>, pinocchio::JointModelPrismaticUnalignedTpl<double, 0>, pinocchio::JointModelTranslationTpl<double, 0>, pinocchio::JointModelRevoluteUnboundedTpl<double, 0, 0>, pinocchio::JointModelRevoluteUnboundedTpl<double, 0, 1>, pinocchio::JointModelRevoluteUnboundedTpl<double, 0, 2>, pinocchio::JointModelRevoluteUnboundedUnalignedTpl<double, 0>, pinocchio::JointModelHelicalTpl<double, 0, 0>, pinocchio::JointModelHelicalTpl<double, 0, 1>, pinocchio::JointModelHelicalTpl<double, 0, 2>, pinocchio::JointModelHelicalUnalignedTpl<double, 0>, pinocchio::JointModelUniversalTpl<double, 0>, boost::recursive_wrapper<pinocchio::JointModelCompositeTpl<double, 0, pinocchio::JointCollectionDefaultTpl> >, boost::recursive_wrapper<pinocchio::JointModelMimicTpl<double, 0, pinocchio::JointCollectionDefaultTpl> >}]\x1b[m\x1b[K\xe2\x80\x99\n'}
[5.965166] (gim_arm_hardware) StderrLine: {'line': b' 1759 |     \x1b[01;36m\x1b[Kvariant\x1b[m\x1b[K(const variant& operand)\n'}
[5.965190] (gim_arm_hardware) StderrLine: {'line': b'      |     \x1b[01;36m\x1b[K^~~~~~~\x1b[m\x1b[K\n'}
[5.965214] (gim_arm_hardware) StderrLine: {'line': b'\x1b[01m\x1b[K/usr/include/boost/variant/variant.hpp:1759:28:\x1b[m\x1b[K \x1b[01;36m\x1b[Knote: \x1b[m\x1b[K  no known conversion for argument 1 from \xe2\x80\x98\x1b[01m\x1b[Kconst JointModelDerived\x1b[m\x1b[K\xe2\x80\x99 {aka \xe2\x80\x98\x1b[01m\x1b[Kconst pinocchio::JointModelRevoluteUnboundedTpl<double, 0, 2>\x1b[m\x1b[K\xe2\x80\x99} to \xe2\x80\x98\x1b[01m\x1b[Kconst boost::variant<pinocchio::JointModelRevoluteTpl<double, 0, 0>, pinocchio::JointModelRevoluteTpl<double, 0, 1>, pinocchio::JointModelRevoluteTpl<double, 0, 2>, pinocchio::JointModelFreeFlyerTpl<double, 0>, pinocchio::JointModelPlanarTpl<double, 0>, pinocchio::JointModelRevoluteUnalignedTpl<double, 0>, pinocchio::JointModelSphericalTpl<double, 0>, pinocchio::JointModelSphericalZYXTpl<double, 0>, pinocchio::JointModelEllipsoidTpl<double, 0>, pinocchio::JointModelPrismaticTpl<double, 0, 0>, pinocchio::JointModelPrismaticTpl<double, 0, 1>, pinocchio::JointModelPrismaticTpl<double, 0, 2>, pinocchio::JointModelPrismaticUnalignedTpl<double, 0>, pinocchio::JointModelTranslationTpl<double, 0>, pinocchio::JointModelRevoluteUnboundedTpl<double, 0, 0>, pinocchio::JointModelRevoluteUnboundedTpl<double, 0, 1>, pinocchio::JointModelRevoluteUnboundedTpl<double, 0, 2>, pinocchio::JointModelRevoluteUnboundedUnalignedTpl<double, 0>, pinocchio::JointModelHelicalTpl<double, 0, 0>, pinocchio::JointModelHelicalTpl<double, 0, 1>, pinocchio::JointModelHelicalTpl<double, 0, 2>, pinocchio::JointModelHelicalUnalignedTpl<double, 0>, pinocchio::JointModelUniversalTpl<double, 0>, boost::recursive_wrapper<pinocchio::JointModelCompositeTpl<double, 0, pinocchio::JointCollectionDefaultTpl> >, boost::recursive_wrapper<pinocchio::JointModelMimicTpl<double, 0, pinocchio::JointCollectionDefaultTpl> > >&\x1b[m\x1b[K\xe2\x80\x99\n'}
[5.965253] (gim_arm_hardware) StderrLine: {'line': b' 1759 |     variant(\x1b[01;36m\x1b[Kconst variant& operand\x1b[m\x1b[K)\n'}
[5.965278] (gim_arm_hardware) StderrLine: {'line': b'      |             \x1b[01;36m\x1b[K~~~~~~~~~~~~~~~^~~~~~~\x1b[m\x1b[K\n'}
[5.965305] (gim_arm_hardware) StderrLine: {'line': b'\x1b[01m\x1b[K/usr/include/boost/variant/variant.hpp:1375:5:\x1b[m\x1b[K \x1b[01;36m\x1b[Knote: \x1b[m\x1b[Kcandidate: \xe2\x80\x98\x1b[01m\x1b[Kboost::variant<T0, TN>::variant() [with T0_ = pinocchio::JointModelRevoluteTpl<double, 0, 0>; TN = {pinocchio::JointModelRevoluteTpl<double, 0, 1>, pinocchio::JointModelRevoluteTpl<double, 0, 2>, pinocchio::JointModelFreeFlyerTpl<double, 0>, pinocchio::JointModelPlanarTpl<double, 0>, pinocchio::JointModelRevoluteUnalignedTpl<double, 0>, pinocchio::JointModelSphericalTpl<double, 0>, pinocchio::JointModelSphericalZYXTpl<double, 0>, pinocchio::JointModelEllipsoidTpl<double, 0>, pinocchio::JointModelPrismaticTpl<double, 0, 0>, pinocchio::JointModelPrismaticTpl<double, 0, 1>, pinocchio::JointModelPrismaticTpl<double, 0, 2>, pinocchio::JointModelPrismaticUnalignedTpl<double, 0>, pinocchio::JointModelTranslationTpl<double, 0>, pinocchio::JointModelRevoluteUnboundedTpl<double, 0, 0>, pinocchio::JointModelRevoluteUnboundedTpl<double, 0, 1>, pinocchio::JointModelRevoluteUnboundedTpl<double, 0, 2>, pinocchio::JointModelRevoluteUnboundedUnalignedTpl<double, 0>, pinocchio::JointModelHelicalTpl<double, 0, 0>, pinocchio::JointModelHelicalTpl<double, 0, 1>, pinocchio::JointModelHelicalTpl<double, 0, 2>, pinocchio::JointModelHelicalUnalignedTpl<double, 0>, pinocchio::JointModelUniversalTpl<double, 0>, boost::recursive_wrapper<pinocchio::JointModelCompositeTpl<double, 0, pinocchio::JointCollectionDefaultTpl> >, boost::recursive_wrapper<pinocchio::JointModelMimicTpl<double, 0, pinocchio::JointCollectionDefaultTpl> >}]\x1b[m\x1b[K\xe2\x80\x99\n'}
[5.965336] (gim_arm_hardware) StderrLine: {'line': b' 1375 |     \x1b[01;36m\x1b[Kvariant\x1b[m\x1b[K()\n'}
[5.965359] (gim_arm_hardware) StderrLine: {'line': b'      |     \x1b[01;36m\x1b[K^~~~~~~\x1b[m\x1b[K\n'}
[5.965383] (gim_arm_hardware) StderrLine: {'line': b'\x1b[01m\x1b[K/usr/include/boost/variant/variant.hpp:1375:5:\x1b[m\x1b[K \x1b[01;36m\x1b[Knote: \x1b[m\x1b[K  candidate expects 0 arguments, 1 provided\n'}
[5.965407] (gim_arm_hardware) StderrLine: {'line': b'In file included from \x1b[01m\x1b[K/opt/ros/humble/include/pinocchio/multibody/joint.hpp:84\x1b[m\x1b[K,\n'}
[5.965431] (gim_arm_hardware) StderrLine: {'line': b'                 from \x1b[01m\x1b[K/opt/ros/humble/include/pinocchio/multibody.hpp:43\x1b[m\x1b[K,\n'}
[5.965522] (gim_arm_hardware) StderrLine: {'line': b'                 from \x1b[01m\x1b[K/opt/ros/humble/include/pinocchio/parsers/urdf.hpp:27\x1b[m\x1b[K,\n'}
[5.965559] (gim_arm_hardware) StderrLine: {'line': b'                 from \x1b[01m\x1b[K/home/minh/gim60108_ws/src/gim_arm_hardware/include/gim_arm_hardware/gim_arm_system.hpp:25\x1b[m\x1b[K,\n'}
[5.965643] (gim_arm_hardware) StderrLine: {'line': b'                 from \x1b[01m\x1b[K/home/minh/gim60108_ws/src/gim_arm_hardware/src/gim_arm_system.cpp:1\x1b[m\x1b[K:\n'}
[5.965670] (gim_arm_hardware) StderrLine: {'line': b'/opt/ros/humble/include/pinocchio/src/multibody/joint/joint-generic.hxx: In instantiation of \xe2\x80\x98\x1b[01m\x1b[Kpinocchio::JointModelTpl<Scalar, Options, JointCollectionTpl>::JointModelTpl(const pinocchio::JointModelBase<OtherDerived>&) [with JointModelDerived = pinocchio::JointModelRevoluteUnboundedUnalignedTpl<double>; _Scalar = double; int _Options = 0; JointCollectionTpl = pinocchio::JointCollectionDefaultTpl]\x1b[m\x1b[K\xe2\x80\x99:\n'}
[5.965739] (gim_arm_hardware) StderrLine: {'line': b'\x1b[01m\x1b[K/opt/ros/humble/include/pinocchio/src/parsers/urdf/model.hxx:516:34:\x1b[m\x1b[K   required from \xe2\x80\x98\x1b[01m\x1b[Kpinocchio::JointIndex pinocchio::urdf::details::UrdfVisitor::addJoint(const Vector3&, const Frame&, const SE3&, const string&, const VectorConstRef&, const VectorConstRef&, const VectorConstRef&, const VectorConstRef&, const VectorConstRef&, const VectorConstRef&, const VectorConstRef&, const VectorConstRef&, const VectorConstRef&, const VectorConstRef&) [with TypeX = pinocchio::JointModelRevoluteUnboundedTpl<double, 0, 0>; TypeY = pinocchio::JointModelRevoluteUnboundedTpl<double, 0, 1>; TypeZ = pinocchio::JointModelRevoluteUnboundedTpl<double, 0, 2>; TypeUnaligned = pinocchio::JointModelRevoluteUnboundedUnalignedTpl<double>; pinocchio::JointIndex = long unsigned int; pinocchio::urdf::details::UrdfVisitor::Vector3 = Eigen::Matrix<double, 3, 1>; pinocchio::urdf::details::UrdfVisitor::Frame = pinocchio::FrameTpl<double, 0>; pinocchio::urdf::details::UrdfVisitor::SE3 = pinocchio::SE3Tpl<double, 0>; std::string = std::__cxx11::basic_string<char>; pinocchio::urdf::details::UrdfVisitor::VectorConstRef = Eigen::Ref<const Eigen::Matrix<double, -1, 1> >]\x1b[m\x1b[K\xe2\x80\x99\n'}
[5.965798] (gim_arm_hardware) StderrLine: {'line': b'\x1b[01m\x1b[K/opt/ros/humble/include/pinocchio/src/parsers/urdf/model.hxx:254:78:\x1b[m\x1b[K   required from here\n'}
[5.965825] (gim_arm_hardware) StderrLine: {'line': b'\x1b[01m\x1b[K/opt/ros/humble/include/pinocchio/src/multibody/joint/joint-generic.hxx:306:25:\x1b[m\x1b[K \x1b[01;31m\x1b[Kerror: \x1b[m\x1b[Kno matching function for call to \xe2\x80\x98\x1b[01m\x1b[Kboost::variant<pinocchio::JointModelRevoluteTpl<double, 0, 0>, pinocchio::JointModelRevoluteTpl<double, 0, 1>, pinocchio::JointModelRevoluteTpl<double, 0, 2>, pinocchio::JointModelFreeFlyerTpl<double, 0>, pinocchio::JointModelPlanarTpl<double, 0>, pinocchio::JointModelRevoluteUnalignedTpl<double, 0>, pinocchio::JointModelSphericalTpl<double, 0>, pinocchio::JointModelSphericalZYXTpl<double, 0>, pinocchio::JointModelEllipsoidTpl<double, 0>, pinocchio::JointModelPrismaticTpl<double, 0, 0>, pinocchio::JointModelPrismaticTpl<double, 0, 1>, pinocchio::JointModelPrismaticTpl<double, 0, 2>, pinocchio::JointModelPrismaticUnalignedTpl<double, 0>, pinocchio::JointModelTranslationTpl<double, 0>, pinocchio::JointModelRevoluteUnboundedTpl<double, 0, 0>, pinocchio::JointModelRevoluteUnboundedTpl<double, 0, 1>, pinocchio::JointModelRevoluteUnboundedTpl<double, 0, 2>, pinocchio::JointModelRevoluteUnboundedUnalignedTpl<double, 0>, pinocchio::JointModelHelicalTpl<double, 0, 0>, pinocchio::JointModelHelicalTpl<double, 0, 1>, pinocchio::JointModelHelicalTpl<double, 0, 2>, pinocchio::JointModelHelicalUnalignedTpl<double, 0>, pinocchio::JointModelUniversalTpl<double, 0>, boost::recursive_wrapper<pinocchio::JointModelCompositeTpl<double, 0, pinocchio::JointCollectionDefaultTpl> >, boost::recursive_wrapper<pinocchio::JointModelMimicTpl<double, 0, pinocchio::JointCollectionDefaultTpl> > >::variant(const JointModelDerived&)\x1b[m\x1b[K\xe2\x80\x99\n'}
[5.965862] (gim_arm_hardware) StderrLine: {'line': b'  306 |     : JointModelVariant(\x1b[01;31m\x1b[K(JointModelVariant)jmodel.derived()\x1b[m\x1b[K)\n'}
[5.965895] (gim_arm_hardware) StderrLine: {'line': b'      |                         \x1b[01;31m\x1b[K^~~~~~~~~~~~~~~~~~~~~~~~~~~~~~~~~~~\x1b[m\x1b[K\n'}
[5.965922] (gim_arm_hardware) StderrLine: {'line': b'In file included from \x1b[01m\x1b[K/usr/include/boost/variant.hpp:17\x1b[m\x1b[K,\n'}
[5.965946] (gim_arm_hardware) StderrLine: {'line': b'                 from \x1b[01m\x1b[K/opt/ros/humble/include/pinocchio/multibody.hpp:21\x1b[m\x1b[K,\n'}
[5.965971] (gim_arm_hardware) StderrLine: {'line': b'                 from \x1b[01m\x1b[K/opt/ros/humble/include/pinocchio/parsers/urdf.hpp:27\x1b[m\x1b[K,\n'}
[5.965995] (gim_arm_hardware) StderrLine: {'line': b'                 from \x1b[01m\x1b[K/home/minh/gim60108_ws/src/gim_arm_hardware/include/gim_arm_hardware/gim_arm_system.hpp:25\x1b[m\x1b[K,\n'}
[5.966019] (gim_arm_hardware) StderrLine: {'line': b'                 from \x1b[01m\x1b[K/home/minh/gim60108_ws/src/gim_arm_hardware/src/gim_arm_system.cpp:1\x1b[m\x1b[K:\n'}
[5.966043] (gim_arm_hardware) StderrLine: {'line': b'\x1b[01m\x1b[K/usr/include/boost/variant/variant.hpp:1770:5:\x1b[m\x1b[K \x1b[01;36m\x1b[Knote: \x1b[m\x1b[Kcandidate: \xe2\x80\x98\x1b[01m\x1b[Kboost::variant<T0, TN>::variant(boost::variant<T0, TN>&&) [with T0_ = pinocchio::JointModelRevoluteTpl<double, 0, 0>; TN = {pinocchio::JointModelRevoluteTpl<double, 0, 1>, pinocchio::JointModelRevoluteTpl<double, 0, 2>, pinocchio::JointModelFreeFlyerTpl<double, 0>, pinocchio::JointModelPlanarTpl<double, 0>, pinocchio::JointModelRevoluteUnalignedTpl<double, 0>, pinocchio::JointModelSphericalTpl<double, 0>, pinocchio::JointModelSphericalZYXTpl<double, 0>, pinocchio::JointModelEllipsoidTpl<double, 0>, pinocchio::JointModelPrismaticTpl<double, 0, 0>, pinocchio::JointModelPrismaticTpl<double, 0, 1>, pinocchio::JointModelPrismaticTpl<double, 0, 2>, pinocchio::JointModelPrismaticUnalignedTpl<double, 0>, pinocchio::JointModelTranslationTpl<double, 0>, pinocchio::JointModelRevoluteUnboundedTpl<double, 0, 0>, pinocchio::JointModelRevoluteUnboundedTpl<double, 0, 1>, pinocchio::JointModelRevoluteUnboundedTpl<double, 0, 2>, pinocchio::JointModelRevoluteUnboundedUnalignedTpl<double, 0>, pinocchio::JointModelHelicalTpl<double, 0, 0>, pinocchio::JointModelHelicalTpl<double, 0, 1>, pinocchio::JointModelHelicalTpl<double, 0, 2>, pinocchio::JointModelHelicalUnalignedTpl<double, 0>, pinocchio::JointModelUniversalTpl<double, 0>, boost::recursive_wrapper<pinocchio::JointModelCompositeTpl<double, 0, pinocchio::JointCollectionDefaultTpl> >, boost::recursive_wrapper<pinocchio::JointModelMimicTpl<double, 0, pinocchio::JointCollectionDefaultTpl> >}]\x1b[m\x1b[K\xe2\x80\x99\n'}
[5.966075] (gim_arm_hardware) StderrLine: {'line': b' 1770 |     \x1b[01;36m\x1b[Kvariant\x1b[m\x1b[K(variant&& operand) BOOST_NOEXCEPT_IF(variant_move_noexcept_constructible::type::value)\n'}
[5.966103] (gim_arm_hardware) StderrLine: {'line': b'      |     \x1b[01;36m\x1b[K^~~~~~~\x1b[m\x1b[K\n'}
[5.966128] (gim_arm_hardware) StderrLine: {'line': b'\x1b[01m\x1b[K/usr/include/boost/variant/variant.hpp:1770:23:\x1b[m\x1b[K \x1b[01;36m\x1b[Knote: \x1b[m\x1b[K  no known conversion for argument 1 from \xe2\x80\x98\x1b[01m\x1b[Kconst JointModelDerived\x1b[m\x1b[K\xe2\x80\x99 {aka \xe2\x80\x98\x1b[01m\x1b[Kconst pinocchio::JointModelRevoluteUnboundedUnalignedTpl<double>\x1b[m\x1b[K\xe2\x80\x99} to \xe2\x80\x98\x1b[01m\x1b[Kboost::variant<pinocchio::JointModelRevoluteTpl<double, 0, 0>, pinocchio::JointModelRevoluteTpl<double, 0, 1>, pinocchio::JointModelRevoluteTpl<double, 0, 2>, pinocchio::JointModelFreeFlyerTpl<double, 0>, pinocchio::JointModelPlanarTpl<double, 0>, pinocchio::JointModelRevoluteUnalignedTpl<double, 0>, pinocchio::JointModelSphericalTpl<double, 0>, pinocchio::JointModelSphericalZYXTpl<double, 0>, pinocchio::JointModelEllipsoidTpl<double, 0>, pinocchio::JointModelPrismaticTpl<double, 0, 0>, pinocchio::JointModelPrismaticTpl<double, 0, 1>, pinocchio::JointModelPrismaticTpl<double, 0, 2>, pinocchio::JointModelPrismaticUnalignedTpl<double, 0>, pinocchio::JointModelTranslationTpl<double, 0>, pinocchio::JointModelRevoluteUnboundedTpl<double, 0, 0>, pinocchio::JointModelRevoluteUnboundedTpl<double, 0, 1>, pinocchio::JointModelRevoluteUnboundedTpl<double, 0, 2>, pinocchio::JointModelRevoluteUnboundedUnalignedTpl<double, 0>, pinocchio::JointModelHelicalTpl<double, 0, 0>, pinocchio::JointModelHelicalTpl<double, 0, 1>, pinocchio::JointModelHelicalTpl<double, 0, 2>, pinocchio::JointModelHelicalUnalignedTpl<double, 0>, pinocchio::JointModelUniversalTpl<double, 0>, boost::recursive_wrapper<pinocchio::JointModelCompositeTpl<double, 0, pinocchio::JointCollectionDefaultTpl> >, boost::recursive_wrapper<pinocchio::JointModelMimicTpl<double, 0, pinocchio::JointCollectionDefaultTpl> > >&&\x1b[m\x1b[K\xe2\x80\x99\n'}
[5.966164] (gim_arm_hardware) StderrLine: {'line': b' 1770 |     variant(\x1b[01;36m\x1b[Kvariant&& operand\x1b[m\x1b[K) BOOST_NOEXCEPT_IF(variant_move_noexcept_constructible::type::value)\n'}
[5.966188] (gim_arm_hardware) StderrLine: {'line': b'      |             \x1b[01;36m\x1b[K~~~~~~~~~~^~~~~~~\x1b[m\x1b[K\n'}
[5.966212] (gim_arm_hardware) StderrLine: {'line': b'\x1b[01m\x1b[K/usr/include/boost/variant/variant.hpp:1759:5:\x1b[m\x1b[K \x1b[01;36m\x1b[Knote: \x1b[m\x1b[Kcandidate: \xe2\x80\x98\x1b[01m\x1b[Kboost::variant<T0, TN>::variant(const boost::variant<T0, TN>&) [with T0_ = pinocchio::JointModelRevoluteTpl<double, 0, 0>; TN = {pinocchio::JointModelRevoluteTpl<double, 0, 1>, pinocchio::JointModelRevoluteTpl<double, 0, 2>, pinocchio::JointModelFreeFlyerTpl<double, 0>, pinocchio::JointModelPlanarTpl<double, 0>, pinocchio::JointModelRevoluteUnalignedTpl<double, 0>, pinocchio::JointModelSphericalTpl<double, 0>, pinocchio::JointModelSphericalZYXTpl<double, 0>, pinocchio::JointModelEllipsoidTpl<double, 0>, pinocchio::JointModelPrismaticTpl<double, 0, 0>, pinocchio::JointModelPrismaticTpl<double, 0, 1>, pinocchio::JointModelPrismaticTpl<double, 0, 2>, pinocchio::JointModelPrismaticUnalignedTpl<double, 0>, pinocchio::JointModelTranslationTpl<double, 0>, pinocchio::JointModelRevoluteUnboundedTpl<double, 0, 0>, pinocchio::JointModelRevoluteUnboundedTpl<double, 0, 1>, pinocchio::JointModelRevoluteUnboundedTpl<double, 0, 2>, pinocchio::JointModelRevoluteUnboundedUnalignedTpl<double, 0>, pinocchio::JointModelHelicalTpl<double, 0, 0>, pinocchio::JointModelHelicalTpl<double, 0, 1>, pinocchio::JointModelHelicalTpl<double, 0, 2>, pinocchio::JointModelHelicalUnalignedTpl<double, 0>, pinocchio::JointModelUniversalTpl<double, 0>, boost::recursive_wrapper<pinocchio::JointModelCompositeTpl<double, 0, pinocchio::JointCollectionDefaultTpl> >, boost::recursive_wrapper<pinocchio::JointModelMimicTpl<double, 0, pinocchio::JointCollectionDefaultTpl> >}]\x1b[m\x1b[K\xe2\x80\x99\n'}
[5.966244] (gim_arm_hardware) StderrLine: {'line': b' 1759 |     \x1b[01;36m\x1b[Kvariant\x1b[m\x1b[K(const variant& operand)\n'}
[5.966268] (gim_arm_hardware) StderrLine: {'line': b'      |     \x1b[01;36m\x1b[K^~~~~~~\x1b[m\x1b[K\n'}
[5.966292] (gim_arm_hardware) StderrLine: {'line': b'\x1b[01m\x1b[K/usr/include/boost/variant/variant.hpp:1759:28:\x1b[m\x1b[K \x1b[01;36m\x1b[Knote: \x1b[m\x1b[K  no known conversion for argument 1 from \xe2\x80\x98\x1b[01m\x1b[Kconst JointModelDerived\x1b[m\x1b[K\xe2\x80\x99 {aka \xe2\x80\x98\x1b[01m\x1b[Kconst pinocchio::JointModelRevoluteUnboundedUnalignedTpl<double>\x1b[m\x1b[K\xe2\x80\x99} to \xe2\x80\x98\x1b[01m\x1b[Kconst boost::variant<pinocchio::JointModelRevoluteTpl<double, 0, 0>, pinocchio::JointModelRevoluteTpl<double, 0, 1>, pinocchio::JointModelRevoluteTpl<double, 0, 2>, pinocchio::JointModelFreeFlyerTpl<double, 0>, pinocchio::JointModelPlanarTpl<double, 0>, pinocchio::JointModelRevoluteUnalignedTpl<double, 0>, pinocchio::JointModelSphericalTpl<double, 0>, pinocchio::JointModelSphericalZYXTpl<double, 0>, pinocchio::JointModelEllipsoidTpl<double, 0>, pinocchio::JointModelPrismaticTpl<double, 0, 0>, pinocchio::JointModelPrismaticTpl<double, 0, 1>, pinocchio::JointModelPrismaticTpl<double, 0, 2>, pinocchio::JointModelPrismaticUnalignedTpl<double, 0>, pinocchio::JointModelTranslationTpl<double, 0>, pinocchio::JointModelRevoluteUnboundedTpl<double, 0, 0>, pinocchio::JointModelRevoluteUnboundedTpl<double, 0, 1>, pinocchio::JointModelRevoluteUnboundedTpl<double, 0, 2>, pinocchio::JointModelRevoluteUnboundedUnalignedTpl<double, 0>, pinocchio::JointModelHelicalTpl<double, 0, 0>, pinocchio::JointModelHelicalTpl<double, 0, 1>, pinocchio::JointModelHelicalTpl<double, 0, 2>, pinocchio::JointModelHelicalUnalignedTpl<double, 0>, pinocchio::JointModelUniversalTpl<double, 0>, boost::recursive_wrapper<pinocchio::JointModelCompositeTpl<double, 0, pinocchio::JointCollectionDefaultTpl> >, boost::recursive_wrapper<pinocchio::JointModelMimicTpl<double, 0, pinocchio::JointCollectionDefaultTpl> > >&\x1b[m\x1b[K\xe2\x80\x99\n'}
[5.966330] (gim_arm_hardware) StderrLine: {'line': b' 1759 |     variant(\x1b[01;36m\x1b[Kconst variant& operand\x1b[m\x1b[K)\n'}
[5.966355] (gim_arm_hardware) StderrLine: {'line': b'      |             \x1b[01;36m\x1b[K~~~~~~~~~~~~~~~^~~~~~~\x1b[m\x1b[K\n'}
[5.966379] (gim_arm_hardware) StderrLine: {'line': b'\x1b[01m\x1b[K/usr/include/boost/variant/variant.hpp:1375:5:\x1b[m\x1b[K \x1b[01;36m\x1b[Knote: \x1b[m\x1b[Kcandidate: \xe2\x80\x98\x1b[01m\x1b[Kboost::variant<T0, TN>::variant() [with T0_ = pinocchio::JointModelRevoluteTpl<double, 0, 0>; TN = {pinocchio::JointModelRevoluteTpl<double, 0, 1>, pinocchio::JointModelRevoluteTpl<double, 0, 2>, pinocchio::JointModelFreeFlyerTpl<double, 0>, pinocchio::JointModelPlanarTpl<double, 0>, pinocchio::JointModelRevoluteUnalignedTpl<double, 0>, pinocchio::JointModelSphericalTpl<double, 0>, pinocchio::JointModelSphericalZYXTpl<double, 0>, pinocchio::JointModelEllipsoidTpl<double, 0>, pinocchio::JointModelPrismaticTpl<double, 0, 0>, pinocchio::JointModelPrismaticTpl<double, 0, 1>, pinocchio::JointModelPrismaticTpl<double, 0, 2>, pinocchio::JointModelPrismaticUnalignedTpl<double, 0>, pinocchio::JointModelTranslationTpl<double, 0>, pinocchio::JointModelRevoluteUnboundedTpl<double, 0, 0>, pinocchio::JointModelRevoluteUnboundedTpl<double, 0, 1>, pinocchio::JointModelRevoluteUnboundedTpl<double, 0, 2>, pinocchio::JointModelRevoluteUnboundedUnalignedTpl<double, 0>, pinocchio::JointModelHelicalTpl<double, 0, 0>, pinocchio::JointModelHelicalTpl<double, 0, 1>, pinocchio::JointModelHelicalTpl<double, 0, 2>, pinocchio::JointModelHelicalUnalignedTpl<double, 0>, pinocchio::JointModelUniversalTpl<double, 0>, boost::recursive_wrapper<pinocchio::JointModelCompositeTpl<double, 0, pinocchio::JointCollectionDefaultTpl> >, boost::recursive_wrapper<pinocchio::JointModelMimicTpl<double, 0, pinocchio::JointCollectionDefaultTpl> >}]\x1b[m\x1b[K\xe2\x80\x99\n'}
[5.966406] (gim_arm_hardware) StderrLine: {'line': b' 1375 |     \x1b[01;36m\x1b[Kvariant\x1b[m\x1b[K()\n'}
[5.966430] (gim_arm_hardware) StderrLine: {'line': b'      |     \x1b[01;36m\x1b[K^~~~~~~\x1b[m\x1b[K\n'}
[5.966455] (gim_arm_hardware) StderrLine: {'line': b'\x1b[01m\x1b[K/usr/include/boost/variant/variant.hpp:1375:5:\x1b[m\x1b[K \x1b[01;36m\x1b[Knote: \x1b[m\x1b[K  candidate expects 0 arguments, 1 provided\n'}
[5.966483] (gim_arm_hardware) StderrLine: {'line': b'In file included from \x1b[01m\x1b[K/opt/ros/humble/include/pinocchio/multibody/joint.hpp:84\x1b[m\x1b[K,\n'}
[5.966512] (gim_arm_hardware) StderrLine: {'line': b'                 from \x1b[01m\x1b[K/opt/ros/humble/include/pinocchio/multibody.hpp:43\x1b[m\x1b[K,\n'}
[5.966536] (gim_arm_hardware) StderrLine: {'line': b'                 from \x1b[01m\x1b[K/opt/ros/humble/include/pinocchio/parsers/urdf.hpp:27\x1b[m\x1b[K,\n'}
[5.966559] (gim_arm_hardware) StderrLine: {'line': b'                 from \x1b[01m\x1b[K/home/minh/gim60108_ws/src/gim_arm_hardware/include/gim_arm_hardware/gim_arm_system.hpp:25\x1b[m\x1b[K,\n'}
[5.966583] (gim_arm_hardware) StderrLine: {'line': b'                 from \x1b[01m\x1b[K/home/minh/gim60108_ws/src/gim_arm_hardware/src/gim_arm_system.cpp:1\x1b[m\x1b[K:\n'}
[5.966621] (gim_arm_hardware) StderrLine: {'line': b'/opt/ros/humble/include/pinocchio/src/multibody/joint/joint-generic.hxx: In instantiation of \xe2\x80\x98\x1b[01m\x1b[Kpinocchio::JointModelTpl<Scalar, Options, JointCollectionTpl>::JointModelTpl(const pinocchio::JointModelBase<OtherDerived>&) [with JointModelDerived = pinocchio::JointModelPrismaticTpl<double, 0, 0>; _Scalar = double; int _Options = 0; JointCollectionTpl = pinocchio::JointCollectionDefaultTpl]\x1b[m\x1b[K\xe2\x80\x99:\n'}
[5.966651] (gim_arm_hardware) StderrLine: {'line': b'\x1b[01m\x1b[K/opt/ros/humble/include/pinocchio/src/parsers/urdf/model.hxx:495:34:\x1b[m\x1b[K   required from \xe2\x80\x98\x1b[01m\x1b[Kpinocchio::JointIndex pinocchio::urdf::details::UrdfVisitor::addJoint(const Vector3&, const Frame&, const SE3&, const string&, const VectorConstRef&, const VectorConstRef&, const VectorConstRef&, const VectorConstRef&, const VectorConstRef&, const VectorConstRef&, const VectorConstRef&, const VectorConstRef&, const VectorConstRef&, const VectorConstRef&) [with TypeX = pinocchio::JointModelPrismaticTpl<double, 0, 0>; TypeY = pinocchio::JointModelPrismaticTpl<double, 0, 1>; TypeZ = pinocchio::JointModelPrismaticTpl<double, 0, 2>; TypeUnaligned = pinocchio::JointModelPrismaticUnalignedTpl<double>; pinocchio::JointIndex = long unsigned int; pinocchio::urdf::details::UrdfVisitor::Vector3 = Eigen::Matrix<double, 3, 1>; pinocchio::urdf::details::UrdfVisitor::Frame = pinocchio::FrameTpl<double, 0>; pinocchio::urdf::details::UrdfVisitor::SE3 = pinocchio::SE3Tpl<double, 0>; std::string = std::__cxx11::basic_string<char>; pinocchio::urdf::details::UrdfVisitor::VectorConstRef = Eigen::Ref<const Eigen::Matrix<double, -1, 1> >]\x1b[m\x1b[K\xe2\x80\x99\n'}
[5.966684] (gim_arm_hardware) StderrLine: {'line': b'\x1b[01m\x1b[K/opt/ros/humble/include/pinocchio/src/parsers/urdf/model.hxx:263:70:\x1b[m\x1b[K   required from here\n'}
[5.966708] (gim_arm_hardware) StderrLine: {'line': b'\x1b[01m\x1b[K/opt/ros/humble/include/pinocchio/src/multibody/joint/joint-generic.hxx:306:25:\x1b[m\x1b[K \x1b[01;31m\x1b[Kerror: \x1b[m\x1b[Kno matching function for call to \xe2\x80\x98\x1b[01m\x1b[Kboost::variant<pinocchio::JointModelRevoluteTpl<double, 0, 0>, pinocchio::JointModelRevoluteTpl<double, 0, 1>, pinocchio::JointModelRevoluteTpl<double, 0, 2>, pinocchio::JointModelFreeFlyerTpl<double, 0>, pinocchio::JointModelPlanarTpl<double, 0>, pinocchio::JointModelRevoluteUnalignedTpl<double, 0>, pinocchio::JointModelSphericalTpl<double, 0>, pinocchio::JointModelSphericalZYXTpl<double, 0>, pinocchio::JointModelEllipsoidTpl<double, 0>, pinocchio::JointModelPrismaticTpl<double, 0, 0>, pinocchio::JointModelPrismaticTpl<double, 0, 1>, pinocchio::JointModelPrismaticTpl<double, 0, 2>, pinocchio::JointModelPrismaticUnalignedTpl<double, 0>, pinocchio::JointModelTranslationTpl<double, 0>, pinocchio::JointModelRevoluteUnboundedTpl<double, 0, 0>, pinocchio::JointModelRevoluteUnboundedTpl<double, 0, 1>, pinocchio::JointModelRevoluteUnboundedTpl<double, 0, 2>, pinocchio::JointModelRevoluteUnboundedUnalignedTpl<double, 0>, pinocchio::JointModelHelicalTpl<double, 0, 0>, pinocchio::JointModelHelicalTpl<double, 0, 1>, pinocchio::JointModelHelicalTpl<double, 0, 2>, pinocchio::JointModelHelicalUnalignedTpl<double, 0>, pinocchio::JointModelUniversalTpl<double, 0>, boost::recursive_wrapper<pinocchio::JointModelCompositeTpl<double, 0, pinocchio::JointCollectionDefaultTpl> >, boost::recursive_wrapper<pinocchio::JointModelMimicTpl<double, 0, pinocchio::JointCollectionDefaultTpl> > >::variant(const JointModelDerived&)\x1b[m\x1b[K\xe2\x80\x99\n'}
[5.966736] (gim_arm_hardware) StderrLine: {'line': b'  306 |     : JointModelVariant(\x1b[01;31m\x1b[K(JointModelVariant)jmodel.derived()\x1b[m\x1b[K)\n'}
[5.966759] (gim_arm_hardware) StderrLine: {'line': b'      |                         \x1b[01;31m\x1b[K^~~~~~~~~~~~~~~~~~~~~~~~~~~~~~~~~~~\x1b[m\x1b[K\n'}
[5.966784] (gim_arm_hardware) StderrLine: {'line': b'In file included from \x1b[01m\x1b[K/usr/include/boost/variant.hpp:17\x1b[m\x1b[K,\n'}
[5.966811] (gim_arm_hardware) StderrLine: {'line': b'                 from \x1b[01m\x1b[K/opt/ros/humble/include/pinocchio/multibody.hpp:21\x1b[m\x1b[K,\n'}
[5.966838] (gim_arm_hardware) StderrLine: {'line': b'                 from \x1b[01m\x1b[K/opt/ros/humble/include/pinocchio/parsers/urdf.hpp:27\x1b[m\x1b[K,\n'}
[5.966862] (gim_arm_hardware) StderrLine: {'line': b'                 from \x1b[01m\x1b[K/home/minh/gim60108_ws/src/gim_arm_hardware/include/gim_arm_hardware/gim_arm_system.hpp:25\x1b[m\x1b[K,\n'}
[5.966895] (gim_arm_hardware) StderrLine: {'line': b'                 from \x1b[01m\x1b[K/home/minh/gim60108_ws/src/gim_arm_hardware/src/gim_arm_system.cpp:1\x1b[m\x1b[K:\n'}
[5.966921] (gim_arm_hardware) StderrLine: {'line': b'\x1b[01m\x1b[K/usr/include/boost/variant/variant.hpp:1770:5:\x1b[m\x1b[K \x1b[01;36m\x1b[Knote: \x1b[m\x1b[Kcandidate: \xe2\x80\x98\x1b[01m\x1b[Kboost::variant<T0, TN>::variant(boost::variant<T0, TN>&&) [with T0_ = pinocchio::JointModelRevoluteTpl<double, 0, 0>; TN = {pinocchio::JointModelRevoluteTpl<double, 0, 1>, pinocchio::JointModelRevoluteTpl<double, 0, 2>, pinocchio::JointModelFreeFlyerTpl<double, 0>, pinocchio::JointModelPlanarTpl<double, 0>, pinocchio::JointModelRevoluteUnalignedTpl<double, 0>, pinocchio::JointModelSphericalTpl<double, 0>, pinocchio::JointModelSphericalZYXTpl<double, 0>, pinocchio::JointModelEllipsoidTpl<double, 0>, pinocchio::JointModelPrismaticTpl<double, 0, 0>, pinocchio::JointModelPrismaticTpl<double, 0, 1>, pinocchio::JointModelPrismaticTpl<double, 0, 2>, pinocchio::JointModelPrismaticUnalignedTpl<double, 0>, pinocchio::JointModelTranslationTpl<double, 0>, pinocchio::JointModelRevoluteUnboundedTpl<double, 0, 0>, pinocchio::JointModelRevoluteUnboundedTpl<double, 0, 1>, pinocchio::JointModelRevoluteUnboundedTpl<double, 0, 2>, pinocchio::JointModelRevoluteUnboundedUnalignedTpl<double, 0>, pinocchio::JointModelHelicalTpl<double, 0, 0>, pinocchio::JointModelHelicalTpl<double, 0, 1>, pinocchio::JointModelHelicalTpl<double, 0, 2>, pinocchio::JointModelHelicalUnalignedTpl<double, 0>, pinocchio::JointModelUniversalTpl<double, 0>, boost::recursive_wrapper<pinocchio::JointModelCompositeTpl<double, 0, pinocchio::JointCollectionDefaultTpl> >, boost::recursive_wrapper<pinocchio::JointModelMimicTpl<double, 0, pinocchio::JointCollectionDefaultTpl> >}]\x1b[m\x1b[K\xe2\x80\x99\n'}
[5.966955] (gim_arm_hardware) StderrLine: {'line': b' 1770 |     \x1b[01;36m\x1b[Kvariant\x1b[m\x1b[K(variant&& operand) BOOST_NOEXCEPT_IF(variant_move_noexcept_constructible::type::value)\n'}
[5.966978] (gim_arm_hardware) StderrLine: {'line': b'      |     \x1b[01;36m\x1b[K^~~~~~~\x1b[m\x1b[K\n'}
[5.967002] (gim_arm_hardware) StderrLine: {'line': b'\x1b[01m\x1b[K/usr/include/boost/variant/variant.hpp:1770:23:\x1b[m\x1b[K \x1b[01;36m\x1b[Knote: \x1b[m\x1b[K  no known conversion for argument 1 from \xe2\x80\x98\x1b[01m\x1b[Kconst JointModelDerived\x1b[m\x1b[K\xe2\x80\x99 {aka \xe2\x80\x98\x1b[01m\x1b[Kconst pinocchio::JointModelPrismaticTpl<double, 0, 0>\x1b[m\x1b[K\xe2\x80\x99} to \xe2\x80\x98\x1b[01m\x1b[Kboost::variant<pinocchio::JointModelRevoluteTpl<double, 0, 0>, pinocchio::JointModelRevoluteTpl<double, 0, 1>, pinocchio::JointModelRevoluteTpl<double, 0, 2>, pinocchio::JointModelFreeFlyerTpl<double, 0>, pinocchio::JointModelPlanarTpl<double, 0>, pinocchio::JointModelRevoluteUnalignedTpl<double, 0>, pinocchio::JointModelSphericalTpl<double, 0>, pinocchio::JointModelSphericalZYXTpl<double, 0>, pinocchio::JointModelEllipsoidTpl<double, 0>, pinocchio::JointModelPrismaticTpl<double, 0, 0>, pinocchio::JointModelPrismaticTpl<double, 0, 1>, pinocchio::JointModelPrismaticTpl<double, 0, 2>, pinocchio::JointModelPrismaticUnalignedTpl<double, 0>, pinocchio::JointModelTranslationTpl<double, 0>, pinocchio::JointModelRevoluteUnboundedTpl<double, 0, 0>, pinocchio::JointModelRevoluteUnboundedTpl<double, 0, 1>, pinocchio::JointModelRevoluteUnboundedTpl<double, 0, 2>, pinocchio::JointModelRevoluteUnboundedUnalignedTpl<double, 0>, pinocchio::JointModelHelicalTpl<double, 0, 0>, pinocchio::JointModelHelicalTpl<double, 0, 1>, pinocchio::JointModelHelicalTpl<double, 0, 2>, pinocchio::JointModelHelicalUnalignedTpl<double, 0>, pinocchio::JointModelUniversalTpl<double, 0>, boost::recursive_wrapper<pinocchio::JointModelCompositeTpl<double, 0, pinocchio::JointCollectionDefaultTpl> >, boost::recursive_wrapper<pinocchio::JointModelMimicTpl<double, 0, pinocchio::JointCollectionDefaultTpl> > >&&\x1b[m\x1b[K\xe2\x80\x99\n'}
[5.967033] (gim_arm_hardware) StderrLine: {'line': b' 1770 |     variant(\x1b[01;36m\x1b[Kvariant&& operand\x1b[m\x1b[K) BOOST_NOEXCEPT_IF(variant_move_noexcept_constructible::type::value)\n'}
[5.967057] (gim_arm_hardware) StderrLine: {'line': b'      |             \x1b[01;36m\x1b[K~~~~~~~~~~^~~~~~~\x1b[m\x1b[K\n'}
[5.967081] (gim_arm_hardware) StderrLine: {'line': b'\x1b[01m\x1b[K/usr/include/boost/variant/variant.hpp:1759:5:\x1b[m\x1b[K \x1b[01;36m\x1b[Knote: \x1b[m\x1b[Kcandidate: \xe2\x80\x98\x1b[01m\x1b[Kboost::variant<T0, TN>::variant(const boost::variant<T0, TN>&) [with T0_ = pinocchio::JointModelRevoluteTpl<double, 0, 0>; TN = {pinocchio::JointModelRevoluteTpl<double, 0, 1>, pinocchio::JointModelRevoluteTpl<double, 0, 2>, pinocchio::JointModelFreeFlyerTpl<double, 0>, pinocchio::JointModelPlanarTpl<double, 0>, pinocchio::JointModelRevoluteUnalignedTpl<double, 0>, pinocchio::JointModelSphericalTpl<double, 0>, pinocchio::JointModelSphericalZYXTpl<double, 0>, pinocchio::JointModelEllipsoidTpl<double, 0>, pinocchio::JointModelPrismaticTpl<double, 0, 0>, pinocchio::JointModelPrismaticTpl<double, 0, 1>, pinocchio::JointModelPrismaticTpl<double, 0, 2>, pinocchio::JointModelPrismaticUnalignedTpl<double, 0>, pinocchio::JointModelTranslationTpl<double, 0>, pinocchio::JointModelRevoluteUnboundedTpl<double, 0, 0>, pinocchio::JointModelRevoluteUnboundedTpl<double, 0, 1>, pinocchio::JointModelRevoluteUnboundedTpl<double, 0, 2>, pinocchio::JointModelRevoluteUnboundedUnalignedTpl<double, 0>, pinocchio::JointModelHelicalTpl<double, 0, 0>, pinocchio::JointModelHelicalTpl<double, 0, 1>, pinocchio::JointModelHelicalTpl<double, 0, 2>, pinocchio::JointModelHelicalUnalignedTpl<double, 0>, pinocchio::JointModelUniversalTpl<double, 0>, boost::recursive_wrapper<pinocchio::JointModelCompositeTpl<double, 0, pinocchio::JointCollectionDefaultTpl> >, boost::recursive_wrapper<pinocchio::JointModelMimicTpl<double, 0, pinocchio::JointCollectionDefaultTpl> >}]\x1b[m\x1b[K\xe2\x80\x99\n'}
[5.967115] (gim_arm_hardware) StderrLine: {'line': b' 1759 |     \x1b[01;36m\x1b[Kvariant\x1b[m\x1b[K(const variant& operand)\n'}
[5.967143] (gim_arm_hardware) StderrLine: {'line': b'      |     \x1b[01;36m\x1b[K^~~~~~~\x1b[m\x1b[K\n'}
[5.967167] (gim_arm_hardware) StderrLine: {'line': b'\x1b[01m\x1b[K/usr/include/boost/variant/variant.hpp:1759:28:\x1b[m\x1b[K \x1b[01;36m\x1b[Knote: \x1b[m\x1b[K  no known conversion for argument 1 from \xe2\x80\x98\x1b[01m\x1b[Kconst JointModelDerived\x1b[m\x1b[K\xe2\x80\x99 {aka \xe2\x80\x98\x1b[01m\x1b[Kconst pinocchio::JointModelPrismaticTpl<double, 0, 0>\x1b[m\x1b[K\xe2\x80\x99} to \xe2\x80\x98\x1b[01m\x1b[Kconst boost::variant<pinocchio::JointModelRevoluteTpl<double, 0, 0>, pinocchio::JointModelRevoluteTpl<double, 0, 1>, pinocchio::JointModelRevoluteTpl<double, 0, 2>, pinocchio::JointModelFreeFlyerTpl<double, 0>, pinocchio::JointModelPlanarTpl<double, 0>, pinocchio::JointModelRevoluteUnalignedTpl<double, 0>, pinocchio::JointModelSphericalTpl<double, 0>, pinocchio::JointModelSphericalZYXTpl<double, 0>, pinocchio::JointModelEllipsoidTpl<double, 0>, pinocchio::JointModelPrismaticTpl<double, 0, 0>, pinocchio::JointModelPrismaticTpl<double, 0, 1>, pinocchio::JointModelPrismaticTpl<double, 0, 2>, pinocchio::JointModelPrismaticUnalignedTpl<double, 0>, pinocchio::JointModelTranslationTpl<double, 0>, pinocchio::JointModelRevoluteUnboundedTpl<double, 0, 0>, pinocchio::JointModelRevoluteUnboundedTpl<double, 0, 1>, pinocchio::JointModelRevoluteUnboundedTpl<double, 0, 2>, pinocchio::JointModelRevoluteUnboundedUnalignedTpl<double, 0>, pinocchio::JointModelHelicalTpl<double, 0, 0>, pinocchio::JointModelHelicalTpl<double, 0, 1>, pinocchio::JointModelHelicalTpl<double, 0, 2>, pinocchio::JointModelHelicalUnalignedTpl<double, 0>, pinocchio::JointModelUniversalTpl<double, 0>, boost::recursive_wrapper<pinocchio::JointModelCompositeTpl<double, 0, pinocchio::JointCollectionDefaultTpl> >, boost::recursive_wrapper<pinocchio::JointModelMimicTpl<double, 0, pinocchio::JointCollectionDefaultTpl> > >&\x1b[m\x1b[K\xe2\x80\x99\n'}
[5.967197] (gim_arm_hardware) StderrLine: {'line': b' 1759 |     variant(\x1b[01;36m\x1b[Kconst variant& operand\x1b[m\x1b[K)\n'}
[5.967221] (gim_arm_hardware) StderrLine: {'line': b'      |             \x1b[01;36m\x1b[K~~~~~~~~~~~~~~~^~~~~~~\x1b[m\x1b[K\n'}
[5.967245] (gim_arm_hardware) StderrLine: {'line': b'\x1b[01m\x1b[K/usr/include/boost/variant/variant.hpp:1375:5:\x1b[m\x1b[K \x1b[01;36m\x1b[Knote: \x1b[m\x1b[Kcandidate: \xe2\x80\x98\x1b[01m\x1b[Kboost::variant<T0, TN>::variant() [with T0_ = pinocchio::JointModelRevoluteTpl<double, 0, 0>; TN = {pinocchio::JointModelRevoluteTpl<double, 0, 1>, pinocchio::JointModelRevoluteTpl<double, 0, 2>, pinocchio::JointModelFreeFlyerTpl<double, 0>, pinocchio::JointModelPlanarTpl<double, 0>, pinocchio::JointModelRevoluteUnalignedTpl<double, 0>, pinocchio::JointModelSphericalTpl<double, 0>, pinocchio::JointModelSphericalZYXTpl<double, 0>, pinocchio::JointModelEllipsoidTpl<double, 0>, pinocchio::JointModelPrismaticTpl<double, 0, 0>, pinocchio::JointModelPrismaticTpl<double, 0, 1>, pinocchio::JointModelPrismaticTpl<double, 0, 2>, pinocchio::JointModelPrismaticUnalignedTpl<double, 0>, pinocchio::JointModelTranslationTpl<double, 0>, pinocchio::JointModelRevoluteUnboundedTpl<double, 0, 0>, pinocchio::JointModelRevoluteUnboundedTpl<double, 0, 1>, pinocchio::JointModelRevoluteUnboundedTpl<double, 0, 2>, pinocchio::JointModelRevoluteUnboundedUnalignedTpl<double, 0>, pinocchio::JointModelHelicalTpl<double, 0, 0>, pinocchio::JointModelHelicalTpl<double, 0, 1>, pinocchio::JointModelHelicalTpl<double, 0, 2>, pinocchio::JointModelHelicalUnalignedTpl<double, 0>, pinocchio::JointModelUniversalTpl<double, 0>, boost::recursive_wrapper<pinocchio::JointModelCompositeTpl<double, 0, pinocchio::JointCollectionDefaultTpl> >, boost::recursive_wrapper<pinocchio::JointModelMimicTpl<double, 0, pinocchio::JointCollectionDefaultTpl> >}]\x1b[m\x1b[K\xe2\x80\x99\n'}
[5.967279] (gim_arm_hardware) StderrLine: {'line': b' 1375 |     \x1b[01;36m\x1b[Kvariant\x1b[m\x1b[K()\n'}
[5.967303] (gim_arm_hardware) StderrLine: {'line': b'      |     \x1b[01;36m\x1b[K^~~~~~~\x1b[m\x1b[K\n'}
[5.967326] (gim_arm_hardware) StderrLine: {'line': b'\x1b[01m\x1b[K/usr/include/boost/variant/variant.hpp:1375:5:\x1b[m\x1b[K \x1b[01;36m\x1b[Knote: \x1b[m\x1b[K  candidate expects 0 arguments, 1 provided\n'}
[5.967351] (gim_arm_hardware) StderrLine: {'line': b'In file included from \x1b[01m\x1b[K/opt/ros/humble/include/pinocchio/multibody/joint.hpp:84\x1b[m\x1b[K,\n'}
[5.967374] (gim_arm_hardware) StderrLine: {'line': b'                 from \x1b[01m\x1b[K/opt/ros/humble/include/pinocchio/multibody.hpp:43\x1b[m\x1b[K,\n'}
[5.967398] (gim_arm_hardware) StderrLine: {'line': b'                 from \x1b[01m\x1b[K/opt/ros/humble/include/pinocchio/parsers/urdf.hpp:27\x1b[m\x1b[K,\n'}
[5.967422] (gim_arm_hardware) StderrLine: {'line': b'                 from \x1b[01m\x1b[K/home/minh/gim60108_ws/src/gim_arm_hardware/include/gim_arm_hardware/gim_arm_system.hpp:25\x1b[m\x1b[K,\n'}
[5.967446] (gim_arm_hardware) StderrLine: {'line': b'                 from \x1b[01m\x1b[K/home/minh/gim60108_ws/src/gim_arm_hardware/src/gim_arm_system.cpp:1\x1b[m\x1b[K:\n'}
[5.967473] (gim_arm_hardware) StderrLine: {'line': b'/opt/ros/humble/include/pinocchio/src/multibody/joint/joint-generic.hxx: In instantiation of \xe2\x80\x98\x1b[01m\x1b[Kpinocchio::JointModelTpl<Scalar, Options, JointCollectionTpl>::JointModelTpl(const pinocchio::JointModelBase<OtherDerived>&) [with JointModelDerived = pinocchio::JointModelPrismaticTpl<double, 0, 1>; _Scalar = double; int _Options = 0; JointCollectionTpl = pinocchio::JointCollectionDefaultTpl]\x1b[m\x1b[K\xe2\x80\x99:\n'}
[5.967502] (gim_arm_hardware) StderrLine: {'line': b'\x1b[01m\x1b[K/opt/ros/humble/include/pinocchio/src/parsers/urdf/model.hxx:502:34:\x1b[m\x1b[K   required from \xe2\x80\x98\x1b[01m\x1b[Kpinocchio::JointIndex pinocchio::urdf::details::UrdfVisitor::addJoint(const Vector3&, const Frame&, const SE3&, const string&, const VectorConstRef&, const VectorConstRef&, const VectorConstRef&, const VectorConstRef&, const VectorConstRef&, const VectorConstRef&, const VectorConstRef&, const VectorConstRef&, const VectorConstRef&, const VectorConstRef&) [with TypeX = pinocchio::JointModelPrismaticTpl<double, 0, 0>; TypeY = pinocchio::JointModelPrismaticTpl<double, 0, 1>; TypeZ = pinocchio::JointModelPrismaticTpl<double, 0, 2>; TypeUnaligned = pinocchio::JointModelPrismaticUnalignedTpl<double>; pinocchio::JointIndex = long unsigned int; pinocchio::urdf::details::UrdfVisitor::Vector3 = Eigen::Matrix<double, 3, 1>; pinocchio::urdf::details::UrdfVisitor::Frame = pinocchio::FrameTpl<double, 0>; pinocchio::urdf::details::UrdfVisitor::SE3 = pinocchio::SE3Tpl<double, 0>; std::string = std::__cxx11::basic_string<char>; pinocchio::urdf::details::UrdfVisitor::VectorConstRef = Eigen::Ref<const Eigen::Matrix<double, -1, 1> >]\x1b[m\x1b[K\xe2\x80\x99\n'}
[5.967528] (gim_arm_hardware) StderrLine: {'line': b'\x1b[01m\x1b[K/opt/ros/humble/include/pinocchio/src/parsers/urdf/model.hxx:263:70:\x1b[m\x1b[K   required from here\n'}
[5.967552] (gim_arm_hardware) StderrLine: {'line': b'\x1b[01m\x1b[K/opt/ros/humble/include/pinocchio/src/multibody/joint/joint-generic.hxx:306:25:\x1b[m\x1b[K \x1b[01;31m\x1b[Kerror: \x1b[m\x1b[Kno matching function for call to \xe2\x80\x98\x1b[01m\x1b[Kboost::variant<pinocchio::JointModelRevoluteTpl<double, 0, 0>, pinocchio::JointModelRevoluteTpl<double, 0, 1>, pinocchio::JointModelRevoluteTpl<double, 0, 2>, pinocchio::JointModelFreeFlyerTpl<double, 0>, pinocchio::JointModelPlanarTpl<double, 0>, pinocchio::JointModelRevoluteUnalignedTpl<double, 0>, pinocchio::JointModelSphericalTpl<double, 0>, pinocchio::JointModelSphericalZYXTpl<double, 0>, pinocchio::JointModelEllipsoidTpl<double, 0>, pinocchio::JointModelPrismaticTpl<double, 0, 0>, pinocchio::JointModelPrismaticTpl<double, 0, 1>, pinocchio::JointModelPrismaticTpl<double, 0, 2>, pinocchio::JointModelPrismaticUnalignedTpl<double, 0>, pinocchio::JointModelTranslationTpl<double, 0>, pinocchio::JointModelRevoluteUnboundedTpl<double, 0, 0>, pinocchio::JointModelRevoluteUnboundedTpl<double, 0, 1>, pinocchio::JointModelRevoluteUnboundedTpl<double, 0, 2>, pinocchio::JointModelRevoluteUnboundedUnalignedTpl<double, 0>, pinocchio::JointModelHelicalTpl<double, 0, 0>, pinocchio::JointModelHelicalTpl<double, 0, 1>, pinocchio::JointModelHelicalTpl<double, 0, 2>, pinocchio::JointModelHelicalUnalignedTpl<double, 0>, pinocchio::JointModelUniversalTpl<double, 0>, boost::recursive_wrapper<pinocchio::JointModelCompositeTpl<double, 0, pinocchio::JointCollectionDefaultTpl> >, boost::recursive_wrapper<pinocchio::JointModelMimicTpl<double, 0, pinocchio::JointCollectionDefaultTpl> > >::variant(const JointModelDerived&)\x1b[m\x1b[K\xe2\x80\x99\n'}
[5.967583] (gim_arm_hardware) StderrLine: {'line': b'  306 |     : JointModelVariant(\x1b[01;31m\x1b[K(JointModelVariant)jmodel.derived()\x1b[m\x1b[K)\n'}
[5.967610] (gim_arm_hardware) StderrLine: {'line': b'      |                         \x1b[01;31m\x1b[K^~~~~~~~~~~~~~~~~~~~~~~~~~~~~~~~~~~\x1b[m\x1b[K\n'}
[5.967639] (gim_arm_hardware) StderrLine: {'line': b'In file included from \x1b[01m\x1b[K/usr/include/boost/variant.hpp:17\x1b[m\x1b[K,\n'}
[5.967665] (gim_arm_hardware) StderrLine: {'line': b'                 from \x1b[01m\x1b[K/opt/ros/humble/include/pinocchio/multibody.hpp:21\x1b[m\x1b[K,\n'}
[5.967689] (gim_arm_hardware) StderrLine: {'line': b'                 from \x1b[01m\x1b[K/opt/ros/humble/include/pinocchio/parsers/urdf.hpp:27\x1b[m\x1b[K,\n'}
[5.967713] (gim_arm_hardware) StderrLine: {'line': b'                 from \x1b[01m\x1b[K/home/minh/gim60108_ws/src/gim_arm_hardware/include/gim_arm_hardware/gim_arm_system.hpp:25\x1b[m\x1b[K,\n'}
[5.967740] (gim_arm_hardware) StderrLine: {'line': b'                 from \x1b[01m\x1b[K/home/minh/gim60108_ws/src/gim_arm_hardware/src/gim_arm_system.cpp:1\x1b[m\x1b[K:\n'}
[5.967767] (gim_arm_hardware) StderrLine: {'line': b'\x1b[01m\x1b[K/usr/include/boost/variant/variant.hpp:1770:5:\x1b[m\x1b[K \x1b[01;36m\x1b[Knote: \x1b[m\x1b[Kcandidate: \xe2\x80\x98\x1b[01m\x1b[Kboost::variant<T0, TN>::variant(boost::variant<T0, TN>&&) [with T0_ = pinocchio::JointModelRevoluteTpl<double, 0, 0>; TN = {pinocchio::JointModelRevoluteTpl<double, 0, 1>, pinocchio::JointModelRevoluteTpl<double, 0, 2>, pinocchio::JointModelFreeFlyerTpl<double, 0>, pinocchio::JointModelPlanarTpl<double, 0>, pinocchio::JointModelRevoluteUnalignedTpl<double, 0>, pinocchio::JointModelSphericalTpl<double, 0>, pinocchio::JointModelSphericalZYXTpl<double, 0>, pinocchio::JointModelEllipsoidTpl<double, 0>, pinocchio::JointModelPrismaticTpl<double, 0, 0>, pinocchio::JointModelPrismaticTpl<double, 0, 1>, pinocchio::JointModelPrismaticTpl<double, 0, 2>, pinocchio::JointModelPrismaticUnalignedTpl<double, 0>, pinocchio::JointModelTranslationTpl<double, 0>, pinocchio::JointModelRevoluteUnboundedTpl<double, 0, 0>, pinocchio::JointModelRevoluteUnboundedTpl<double, 0, 1>, pinocchio::JointModelRevoluteUnboundedTpl<double, 0, 2>, pinocchio::JointModelRevoluteUnboundedUnalignedTpl<double, 0>, pinocchio::JointModelHelicalTpl<double, 0, 0>, pinocchio::JointModelHelicalTpl<double, 0, 1>, pinocchio::JointModelHelicalTpl<double, 0, 2>, pinocchio::JointModelHelicalUnalignedTpl<double, 0>, pinocchio::JointModelUniversalTpl<double, 0>, boost::recursive_wrapper<pinocchio::JointModelCompositeTpl<double, 0, pinocchio::JointCollectionDefaultTpl> >, boost::recursive_wrapper<pinocchio::JointModelMimicTpl<double, 0, pinocchio::JointCollectionDefaultTpl> >}]\x1b[m\x1b[K\xe2\x80\x99\n'}
[5.967798] (gim_arm_hardware) StderrLine: {'line': b' 1770 |     \x1b[01;36m\x1b[Kvariant\x1b[m\x1b[K(variant&& operand) BOOST_NOEXCEPT_IF(variant_move_noexcept_constructible::type::value)\n'}
[5.967823] (gim_arm_hardware) StderrLine: {'line': b'      |     \x1b[01;36m\x1b[K^~~~~~~\x1b[m\x1b[K\n'}
[5.967847] (gim_arm_hardware) StderrLine: {'line': b'\x1b[01m\x1b[K/usr/include/boost/variant/variant.hpp:1770:23:\x1b[m\x1b[K \x1b[01;36m\x1b[Knote: \x1b[m\x1b[K  no known conversion for argument 1 from \xe2\x80\x98\x1b[01m\x1b[Kconst JointModelDerived\x1b[m\x1b[K\xe2\x80\x99 {aka \xe2\x80\x98\x1b[01m\x1b[Kconst pinocchio::JointModelPrismaticTpl<double, 0, 1>\x1b[m\x1b[K\xe2\x80\x99} to \xe2\x80\x98\x1b[01m\x1b[Kboost::variant<pinocchio::JointModelRevoluteTpl<double, 0, 0>, pinocchio::JointModelRevoluteTpl<double, 0, 1>, pinocchio::JointModelRevoluteTpl<double, 0, 2>, pinocchio::JointModelFreeFlyerTpl<double, 0>, pinocchio::JointModelPlanarTpl<double, 0>, pinocchio::JointModelRevoluteUnalignedTpl<double, 0>, pinocchio::JointModelSphericalTpl<double, 0>, pinocchio::JointModelSphericalZYXTpl<double, 0>, pinocchio::JointModelEllipsoidTpl<double, 0>, pinocchio::JointModelPrismaticTpl<double, 0, 0>, pinocchio::JointModelPrismaticTpl<double, 0, 1>, pinocchio::JointModelPrismaticTpl<double, 0, 2>, pinocchio::JointModelPrismaticUnalignedTpl<double, 0>, pinocchio::JointModelTranslationTpl<double, 0>, pinocchio::JointModelRevoluteUnboundedTpl<double, 0, 0>, pinocchio::JointModelRevoluteUnboundedTpl<double, 0, 1>, pinocchio::JointModelRevoluteUnboundedTpl<double, 0, 2>, pinocchio::JointModelRevoluteUnboundedUnalignedTpl<double, 0>, pinocchio::JointModelHelicalTpl<double, 0, 0>, pinocchio::JointModelHelicalTpl<double, 0, 1>, pinocchio::JointModelHelicalTpl<double, 0, 2>, pinocchio::JointModelHelicalUnalignedTpl<double, 0>, pinocchio::JointModelUniversalTpl<double, 0>, boost::recursive_wrapper<pinocchio::JointModelCompositeTpl<double, 0, pinocchio::JointCollectionDefaultTpl> >, boost::recursive_wrapper<pinocchio::JointModelMimicTpl<double, 0, pinocchio::JointCollectionDefaultTpl> > >&&\x1b[m\x1b[K\xe2\x80\x99\n'}
[5.967884] (gim_arm_hardware) StderrLine: {'line': b' 1770 |     variant(\x1b[01;36m\x1b[Kvariant&& operand\x1b[m\x1b[K) BOOST_NOEXCEPT_IF(variant_move_noexcept_constructible::type::value)\n'}
[5.967915] (gim_arm_hardware) StderrLine: {'line': b'      |             \x1b[01;36m\x1b[K~~~~~~~~~~^~~~~~~\x1b[m\x1b[K\n'}
[5.967939] (gim_arm_hardware) StderrLine: {'line': b'\x1b[01m\x1b[K/usr/include/boost/variant/variant.hpp:1759:5:\x1b[m\x1b[K \x1b[01;36m\x1b[Knote: \x1b[m\x1b[Kcandidate: \xe2\x80\x98\x1b[01m\x1b[Kboost::variant<T0, TN>::variant(const boost::variant<T0, TN>&) [with T0_ = pinocchio::JointModelRevoluteTpl<double, 0, 0>; TN = {pinocchio::JointModelRevoluteTpl<double, 0, 1>, pinocchio::JointModelRevoluteTpl<double, 0, 2>, pinocchio::JointModelFreeFlyerTpl<double, 0>, pinocchio::JointModelPlanarTpl<double, 0>, pinocchio::JointModelRevoluteUnalignedTpl<double, 0>, pinocchio::JointModelSphericalTpl<double, 0>, pinocchio::JointModelSphericalZYXTpl<double, 0>, pinocchio::JointModelEllipsoidTpl<double, 0>, pinocchio::JointModelPrismaticTpl<double, 0, 0>, pinocchio::JointModelPrismaticTpl<double, 0, 1>, pinocchio::JointModelPrismaticTpl<double, 0, 2>, pinocchio::JointModelPrismaticUnalignedTpl<double, 0>, pinocchio::JointModelTranslationTpl<double, 0>, pinocchio::JointModelRevoluteUnboundedTpl<double, 0, 0>, pinocchio::JointModelRevoluteUnboundedTpl<double, 0, 1>, pinocchio::JointModelRevoluteUnboundedTpl<double, 0, 2>, pinocchio::JointModelRevoluteUnboundedUnalignedTpl<double, 0>, pinocchio::JointModelHelicalTpl<double, 0, 0>, pinocchio::JointModelHelicalTpl<double, 0, 1>, pinocchio::JointModelHelicalTpl<double, 0, 2>, pinocchio::JointModelHelicalUnalignedTpl<double, 0>, pinocchio::JointModelUniversalTpl<double, 0>, boost::recursive_wrapper<pinocchio::JointModelCompositeTpl<double, 0, pinocchio::JointCollectionDefaultTpl> >, boost::recursive_wrapper<pinocchio::JointModelMimicTpl<double, 0, pinocchio::JointCollectionDefaultTpl> >}]\x1b[m\x1b[K\xe2\x80\x99\n'}
[5.967970] (gim_arm_hardware) StderrLine: {'line': b' 1759 |     \x1b[01;36m\x1b[Kvariant\x1b[m\x1b[K(const variant& operand)\n'}
[5.967996] (gim_arm_hardware) StderrLine: {'line': b'      |     \x1b[01;36m\x1b[K^~~~~~~\x1b[m\x1b[K\n'}
[5.968021] (gim_arm_hardware) StderrLine: {'line': b'\x1b[01m\x1b[K/usr/include/boost/variant/variant.hpp:1759:28:\x1b[m\x1b[K \x1b[01;36m\x1b[Knote: \x1b[m\x1b[K  no known conversion for argument 1 from \xe2\x80\x98\x1b[01m\x1b[Kconst JointModelDerived\x1b[m\x1b[K\xe2\x80\x99 {aka \xe2\x80\x98\x1b[01m\x1b[Kconst pinocchio::JointModelPrismaticTpl<double, 0, 1>\x1b[m\x1b[K\xe2\x80\x99} to \xe2\x80\x98\x1b[01m\x1b[Kconst boost::variant<pinocchio::JointModelRevoluteTpl<double, 0, 0>, pinocchio::JointModelRevoluteTpl<double, 0, 1>, pinocchio::JointModelRevoluteTpl<double, 0, 2>, pinocchio::JointModelFreeFlyerTpl<double, 0>, pinocchio::JointModelPlanarTpl<double, 0>, pinocchio::JointModelRevoluteUnalignedTpl<double, 0>, pinocchio::JointModelSphericalTpl<double, 0>, pinocchio::JointModelSphericalZYXTpl<double, 0>, pinocchio::JointModelEllipsoidTpl<double, 0>, pinocchio::JointModelPrismaticTpl<double, 0, 0>, pinocchio::JointModelPrismaticTpl<double, 0, 1>, pinocchio::JointModelPrismaticTpl<double, 0, 2>, pinocchio::JointModelPrismaticUnalignedTpl<double, 0>, pinocchio::JointModelTranslationTpl<double, 0>, pinocchio::JointModelRevoluteUnboundedTpl<double, 0, 0>, pinocchio::JointModelRevoluteUnboundedTpl<double, 0, 1>, pinocchio::JointModelRevoluteUnboundedTpl<double, 0, 2>, pinocchio::JointModelRevoluteUnboundedUnalignedTpl<double, 0>, pinocchio::JointModelHelicalTpl<double, 0, 0>, pinocchio::JointModelHelicalTpl<double, 0, 1>, pinocchio::JointModelHelicalTpl<double, 0, 2>, pinocchio::JointModelHelicalUnalignedTpl<double, 0>, pinocchio::JointModelUniversalTpl<double, 0>, boost::recursive_wrapper<pinocchio::JointModelCompositeTpl<double, 0, pinocchio::JointCollectionDefaultTpl> >, boost::recursive_wrapper<pinocchio::JointModelMimicTpl<double, 0, pinocchio::JointCollectionDefaultTpl> > >&\x1b[m\x1b[K\xe2\x80\x99\n'}
[5.968048] (gim_arm_hardware) StderrLine: {'line': b' 1759 |     variant(\x1b[01;36m\x1b[Kconst variant& operand\x1b[m\x1b[K)\n'}
[5.968079] (gim_arm_hardware) StderrLine: {'line': b'      |             \x1b[01;36m\x1b[K~~~~~~~~~~~~~~~^~~~~~~\x1b[m\x1b[K\n'}
[5.968104] (gim_arm_hardware) StderrLine: {'line': b'\x1b[01m\x1b[K/usr/include/boost/variant/variant.hpp:1375:5:\x1b[m\x1b[K \x1b[01;36m\x1b[Knote: \x1b[m\x1b[Kcandidate: \xe2\x80\x98\x1b[01m\x1b[Kboost::variant<T0, TN>::variant() [with T0_ = pinocchio::JointModelRevoluteTpl<double, 0, 0>; TN = {pinocchio::JointModelRevoluteTpl<double, 0, 1>, pinocchio::JointModelRevoluteTpl<double, 0, 2>, pinocchio::JointModelFreeFlyerTpl<double, 0>, pinocchio::JointModelPlanarTpl<double, 0>, pinocchio::JointModelRevoluteUnalignedTpl<double, 0>, pinocchio::JointModelSphericalTpl<double, 0>, pinocchio::JointModelSphericalZYXTpl<double, 0>, pinocchio::JointModelEllipsoidTpl<double, 0>, pinocchio::JointModelPrismaticTpl<double, 0, 0>, pinocchio::JointModelPrismaticTpl<double, 0, 1>, pinocchio::JointModelPrismaticTpl<double, 0, 2>, pinocchio::JointModelPrismaticUnalignedTpl<double, 0>, pinocchio::JointModelTranslationTpl<double, 0>, pinocchio::JointModelRevoluteUnboundedTpl<double, 0, 0>, pinocchio::JointModelRevoluteUnboundedTpl<double, 0, 1>, pinocchio::JointModelRevoluteUnboundedTpl<double, 0, 2>, pinocchio::JointModelRevoluteUnboundedUnalignedTpl<double, 0>, pinocchio::JointModelHelicalTpl<double, 0, 0>, pinocchio::JointModelHelicalTpl<double, 0, 1>, pinocchio::JointModelHelicalTpl<double, 0, 2>, pinocchio::JointModelHelicalUnalignedTpl<double, 0>, pinocchio::JointModelUniversalTpl<double, 0>, boost::recursive_wrapper<pinocchio::JointModelCompositeTpl<double, 0, pinocchio::JointCollectionDefaultTpl> >, boost::recursive_wrapper<pinocchio::JointModelMimicTpl<double, 0, pinocchio::JointCollectionDefaultTpl> >}]\x1b[m\x1b[K\xe2\x80\x99\n'}
[5.968137] (gim_arm_hardware) StderrLine: {'line': b' 1375 |     \x1b[01;36m\x1b[Kvariant\x1b[m\x1b[K()\n'}
[5.968161] (gim_arm_hardware) StderrLine: {'line': b'      |     \x1b[01;36m\x1b[K^~~~~~~\x1b[m\x1b[K\n'}
[5.968185] (gim_arm_hardware) StderrLine: {'line': b'\x1b[01m\x1b[K/usr/include/boost/variant/variant.hpp:1375:5:\x1b[m\x1b[K \x1b[01;36m\x1b[Knote: \x1b[m\x1b[K  candidate expects 0 arguments, 1 provided\n'}
[5.968211] (gim_arm_hardware) StderrLine: {'line': b'In file included from \x1b[01m\x1b[K/opt/ros/humble/include/pinocchio/multibody/joint.hpp:84\x1b[m\x1b[K,\n'}
[5.968235] (gim_arm_hardware) StderrLine: {'line': b'                 from \x1b[01m\x1b[K/opt/ros/humble/include/pinocchio/multibody.hpp:43\x1b[m\x1b[K,\n'}
[5.968260] (gim_arm_hardware) StderrLine: {'line': b'                 from \x1b[01m\x1b[K/opt/ros/humble/include/pinocchio/parsers/urdf.hpp:27\x1b[m\x1b[K,\n'}
[5.968284] (gim_arm_hardware) StderrLine: {'line': b'                 from \x1b[01m\x1b[K/home/minh/gim60108_ws/src/gim_arm_hardware/include/gim_arm_hardware/gim_arm_system.hpp:25\x1b[m\x1b[K,\n'}
[5.968308] (gim_arm_hardware) StderrLine: {'line': b'                 from \x1b[01m\x1b[K/home/minh/gim60108_ws/src/gim_arm_hardware/src/gim_arm_system.cpp:1\x1b[m\x1b[K:\n'}
[5.968332] (gim_arm_hardware) StderrLine: {'line': b'/opt/ros/humble/include/pinocchio/src/multibody/joint/joint-generic.hxx: In instantiation of \xe2\x80\x98\x1b[01m\x1b[Kpinocchio::JointModelTpl<Scalar, Options, JointCollectionTpl>::JointModelTpl(const pinocchio::JointModelBase<OtherDerived>&) [with JointModelDerived = pinocchio::JointModelPrismaticTpl<double, 0, 2>; _Scalar = double; int _Options = 0; JointCollectionTpl = pinocchio::JointCollectionDefaultTpl]\x1b[m\x1b[K\xe2\x80\x99:\n'}
[5.968357] (gim_arm_hardware) StderrLine: {'line': b'\x1b[01m\x1b[K/opt/ros/humble/include/pinocchio/src/parsers/urdf/model.hxx:509:34:\x1b[m\x1b[K   required from \xe2\x80\x98\x1b[01m\x1b[Kpinocchio::JointIndex pinocchio::urdf::details::UrdfVisitor::addJoint(const Vector3&, const Frame&, const SE3&, const string&, const VectorConstRef&, const VectorConstRef&, const VectorConstRef&, const VectorConstRef&, const VectorConstRef&, const VectorConstRef&, const VectorConstRef&, const VectorConstRef&, const VectorConstRef&, const VectorConstRef&) [with TypeX = pinocchio::JointModelPrismaticTpl<double, 0, 0>; TypeY = pinocchio::JointModelPrismaticTpl<double, 0, 1>; TypeZ = pinocchio::JointModelPrismaticTpl<double, 0, 2>; TypeUnaligned = pinocchio::JointModelPrismaticUnalignedTpl<double>; pinocchio::JointIndex = long unsigned int; pinocchio::urdf::details::UrdfVisitor::Vector3 = Eigen::Matrix<double, 3, 1>; pinocchio::urdf::details::UrdfVisitor::Frame = pinocchio::FrameTpl<double, 0>; pinocchio::urdf::details::UrdfVisitor::SE3 = pinocchio::SE3Tpl<double, 0>; std::string = std::__cxx11::basic_string<char>; pinocchio::urdf::details::UrdfVisitor::VectorConstRef = Eigen::Ref<const Eigen::Matrix<double, -1, 1> >]\x1b[m\x1b[K\xe2\x80\x99\n'}
[5.968387] (gim_arm_hardware) StderrLine: {'line': b'\x1b[01m\x1b[K/opt/ros/humble/include/pinocchio/src/parsers/urdf/model.hxx:263:70:\x1b[m\x1b[K   required from here\n'}
[5.968410] (gim_arm_hardware) StderrLine: {'line': b'\x1b[01m\x1b[K/opt/ros/humble/include/pinocchio/src/multibody/joint/joint-generic.hxx:306:25:\x1b[m\x1b[K \x1b[01;31m\x1b[Kerror: \x1b[m\x1b[Kno matching function for call to \xe2\x80\x98\x1b[01m\x1b[Kboost::variant<pinocchio::JointModelRevoluteTpl<double, 0, 0>, pinocchio::JointModelRevoluteTpl<double, 0, 1>, pinocchio::JointModelRevoluteTpl<double, 0, 2>, pinocchio::JointModelFreeFlyerTpl<double, 0>, pinocchio::JointModelPlanarTpl<double, 0>, pinocchio::JointModelRevoluteUnalignedTpl<double, 0>, pinocchio::JointModelSphericalTpl<double, 0>, pinocchio::JointModelSphericalZYXTpl<double, 0>, pinocchio::JointModelEllipsoidTpl<double, 0>, pinocchio::JointModelPrismaticTpl<double, 0, 0>, pinocchio::JointModelPrismaticTpl<double, 0, 1>, pinocchio::JointModelPrismaticTpl<double, 0, 2>, pinocchio::JointModelPrismaticUnalignedTpl<double, 0>, pinocchio::JointModelTranslationTpl<double, 0>, pinocchio::JointModelRevoluteUnboundedTpl<double, 0, 0>, pinocchio::JointModelRevoluteUnboundedTpl<double, 0, 1>, pinocchio::JointModelRevoluteUnboundedTpl<double, 0, 2>, pinocchio::JointModelRevoluteUnboundedUnalignedTpl<double, 0>, pinocchio::JointModelHelicalTpl<double, 0, 0>, pinocchio::JointModelHelicalTpl<double, 0, 1>, pinocchio::JointModelHelicalTpl<double, 0, 2>, pinocchio::JointModelHelicalUnalignedTpl<double, 0>, pinocchio::JointModelUniversalTpl<double, 0>, boost::recursive_wrapper<pinocchio::JointModelCompositeTpl<double, 0, pinocchio::JointCollectionDefaultTpl> >, boost::recursive_wrapper<pinocchio::JointModelMimicTpl<double, 0, pinocchio::JointCollectionDefaultTpl> > >::variant(const JointModelDerived&)\x1b[m\x1b[K\xe2\x80\x99\n'}
[5.968448] (gim_arm_hardware) StderrLine: {'line': b'  306 |     : JointModelVariant(\x1b[01;31m\x1b[K(JointModelVariant)jmodel.derived()\x1b[m\x1b[K)\n'}
[5.968472] (gim_arm_hardware) StderrLine: {'line': b'      |                         \x1b[01;31m\x1b[K^~~~~~~~~~~~~~~~~~~~~~~~~~~~~~~~~~~\x1b[m\x1b[K\n'}
[5.968496] (gim_arm_hardware) StderrLine: {'line': b'In file included from \x1b[01m\x1b[K/usr/include/boost/variant.hpp:17\x1b[m\x1b[K,\n'}
[5.968520] (gim_arm_hardware) StderrLine: {'line': b'                 from \x1b[01m\x1b[K/opt/ros/humble/include/pinocchio/multibody.hpp:21\x1b[m\x1b[K,\n'}
[5.968544] (gim_arm_hardware) StderrLine: {'line': b'                 from \x1b[01m\x1b[K/opt/ros/humble/include/pinocchio/parsers/urdf.hpp:27\x1b[m\x1b[K,\n'}
[5.968568] (gim_arm_hardware) StderrLine: {'line': b'                 from \x1b[01m\x1b[K/home/minh/gim60108_ws/src/gim_arm_hardware/include/gim_arm_hardware/gim_arm_system.hpp:25\x1b[m\x1b[K,\n'}
[5.968592] (gim_arm_hardware) StderrLine: {'line': b'                 from \x1b[01m\x1b[K/home/minh/gim60108_ws/src/gim_arm_hardware/src/gim_arm_system.cpp:1\x1b[m\x1b[K:\n'}
[5.968617] (gim_arm_hardware) StderrLine: {'line': b'\x1b[01m\x1b[K/usr/include/boost/variant/variant.hpp:1770:5:\x1b[m\x1b[K \x1b[01;36m\x1b[Knote: \x1b[m\x1b[Kcandidate: \xe2\x80\x98\x1b[01m\x1b[Kboost::variant<T0, TN>::variant(boost::variant<T0, TN>&&) [with T0_ = pinocchio::JointModelRevoluteTpl<double, 0, 0>; TN = {pinocchio::JointModelRevoluteTpl<double, 0, 1>, pinocchio::JointModelRevoluteTpl<double, 0, 2>, pinocchio::JointModelFreeFlyerTpl<double, 0>, pinocchio::JointModelPlanarTpl<double, 0>, pinocchio::JointModelRevoluteUnalignedTpl<double, 0>, pinocchio::JointModelSphericalTpl<double, 0>, pinocchio::JointModelSphericalZYXTpl<double, 0>, pinocchio::JointModelEllipsoidTpl<double, 0>, pinocchio::JointModelPrismaticTpl<double, 0, 0>, pinocchio::JointModelPrismaticTpl<double, 0, 1>, pinocchio::JointModelPrismaticTpl<double, 0, 2>, pinocchio::JointModelPrismaticUnalignedTpl<double, 0>, pinocchio::JointModelTranslationTpl<double, 0>, pinocchio::JointModelRevoluteUnboundedTpl<double, 0, 0>, pinocchio::JointModelRevoluteUnboundedTpl<double, 0, 1>, pinocchio::JointModelRevoluteUnboundedTpl<double, 0, 2>, pinocchio::JointModelRevoluteUnboundedUnalignedTpl<double, 0>, pinocchio::JointModelHelicalTpl<double, 0, 0>, pinocchio::JointModelHelicalTpl<double, 0, 1>, pinocchio::JointModelHelicalTpl<double, 0, 2>, pinocchio::JointModelHelicalUnalignedTpl<double, 0>, pinocchio::JointModelUniversalTpl<double, 0>, boost::recursive_wrapper<pinocchio::JointModelCompositeTpl<double, 0, pinocchio::JointCollectionDefaultTpl> >, boost::recursive_wrapper<pinocchio::JointModelMimicTpl<double, 0, pinocchio::JointCollectionDefaultTpl> >}]\x1b[m\x1b[K\xe2\x80\x99\n'}
[5.968648] (gim_arm_hardware) StderrLine: {'line': b' 1770 |     \x1b[01;36m\x1b[Kvariant\x1b[m\x1b[K(variant&& operand) BOOST_NOEXCEPT_IF(variant_move_noexcept_constructible::type::value)\n'}
[5.968673] (gim_arm_hardware) StderrLine: {'line': b'      |     \x1b[01;36m\x1b[K^~~~~~~\x1b[m\x1b[K\n'}
[5.968698] (gim_arm_hardware) StderrLine: {'line': b'\x1b[01m\x1b[K/usr/include/boost/variant/variant.hpp:1770:23:\x1b[m\x1b[K \x1b[01;36m\x1b[Knote: \x1b[m\x1b[K  no known conversion for argument 1 from \xe2\x80\x98\x1b[01m\x1b[Kconst JointModelDerived\x1b[m\x1b[K\xe2\x80\x99 {aka \xe2\x80\x98\x1b[01m\x1b[Kconst pinocchio::JointModelPrismaticTpl<double, 0, 2>\x1b[m\x1b[K\xe2\x80\x99} to \xe2\x80\x98\x1b[01m\x1b[Kboost::variant<pinocchio::JointModelRevoluteTpl<double, 0, 0>, pinocchio::JointModelRevoluteTpl<double, 0, 1>, pinocchio::JointModelRevoluteTpl<double, 0, 2>, pinocchio::JointModelFreeFlyerTpl<double, 0>, pinocchio::JointModelPlanarTpl<double, 0>, pinocchio::JointModelRevoluteUnalignedTpl<double, 0>, pinocchio::JointModelSphericalTpl<double, 0>, pinocchio::JointModelSphericalZYXTpl<double, 0>, pinocchio::JointModelEllipsoidTpl<double, 0>, pinocchio::JointModelPrismaticTpl<double, 0, 0>, pinocchio::JointModelPrismaticTpl<double, 0, 1>, pinocchio::JointModelPrismaticTpl<double, 0, 2>, pinocchio::JointModelPrismaticUnalignedTpl<double, 0>, pinocchio::JointModelTranslationTpl<double, 0>, pinocchio::JointModelRevoluteUnboundedTpl<double, 0, 0>, pinocchio::JointModelRevoluteUnboundedTpl<double, 0, 1>, pinocchio::JointModelRevoluteUnboundedTpl<double, 0, 2>, pinocchio::JointModelRevoluteUnboundedUnalignedTpl<double, 0>, pinocchio::JointModelHelicalTpl<double, 0, 0>, pinocchio::JointModelHelicalTpl<double, 0, 1>, pinocchio::JointModelHelicalTpl<double, 0, 2>, pinocchio::JointModelHelicalUnalignedTpl<double, 0>, pinocchio::JointModelUniversalTpl<double, 0>, boost::recursive_wrapper<pinocchio::JointModelCompositeTpl<double, 0, pinocchio::JointCollectionDefaultTpl> >, boost::recursive_wrapper<pinocchio::JointModelMimicTpl<double, 0, pinocchio::JointCollectionDefaultTpl> > >&&\x1b[m\x1b[K\xe2\x80\x99\n'}
[5.968736] (gim_arm_hardware) StderrLine: {'line': b' 1770 |     variant(\x1b[01;36m\x1b[Kvariant&& operand\x1b[m\x1b[K) BOOST_NOEXCEPT_IF(variant_move_noexcept_constructible::type::value)\n'}
[5.968760] (gim_arm_hardware) StderrLine: {'line': b'      |             \x1b[01;36m\x1b[K~~~~~~~~~~^~~~~~~\x1b[m\x1b[K\n'}
[5.968784] (gim_arm_hardware) StderrLine: {'line': b'\x1b[01m\x1b[K/usr/include/boost/variant/variant.hpp:1759:5:\x1b[m\x1b[K \x1b[01;36m\x1b[Knote: \x1b[m\x1b[Kcandidate: \xe2\x80\x98\x1b[01m\x1b[Kboost::variant<T0, TN>::variant(const boost::variant<T0, TN>&) [with T0_ = pinocchio::JointModelRevoluteTpl<double, 0, 0>; TN = {pinocchio::JointModelRevoluteTpl<double, 0, 1>, pinocchio::JointModelRevoluteTpl<double, 0, 2>, pinocchio::JointModelFreeFlyerTpl<double, 0>, pinocchio::JointModelPlanarTpl<double, 0>, pinocchio::JointModelRevoluteUnalignedTpl<double, 0>, pinocchio::JointModelSphericalTpl<double, 0>, pinocchio::JointModelSphericalZYXTpl<double, 0>, pinocchio::JointModelEllipsoidTpl<double, 0>, pinocchio::JointModelPrismaticTpl<double, 0, 0>, pinocchio::JointModelPrismaticTpl<double, 0, 1>, pinocchio::JointModelPrismaticTpl<double, 0, 2>, pinocchio::JointModelPrismaticUnalignedTpl<double, 0>, pinocchio::JointModelTranslationTpl<double, 0>, pinocchio::JointModelRevoluteUnboundedTpl<double, 0, 0>, pinocchio::JointModelRevoluteUnboundedTpl<double, 0, 1>, pinocchio::JointModelRevoluteUnboundedTpl<double, 0, 2>, pinocchio::JointModelRevoluteUnboundedUnalignedTpl<double, 0>, pinocchio::JointModelHelicalTpl<double, 0, 0>, pinocchio::JointModelHelicalTpl<double, 0, 1>, pinocchio::JointModelHelicalTpl<double, 0, 2>, pinocchio::JointModelHelicalUnalignedTpl<double, 0>, pinocchio::JointModelUniversalTpl<double, 0>, boost::recursive_wrapper<pinocchio::JointModelCompositeTpl<double, 0, pinocchio::JointCollectionDefaultTpl> >, boost::recursive_wrapper<pinocchio::JointModelMimicTpl<double, 0, pinocchio::JointCollectionDefaultTpl> >}]\x1b[m\x1b[K\xe2\x80\x99\n'}
[5.968814] (gim_arm_hardware) StderrLine: {'line': b' 1759 |     \x1b[01;36m\x1b[Kvariant\x1b[m\x1b[K(const variant& operand)\n'}
[5.968838] (gim_arm_hardware) StderrLine: {'line': b'      |     \x1b[01;36m\x1b[K^~~~~~~\x1b[m\x1b[K\n'}
[5.968866] (gim_arm_hardware) StderrLine: {'line': b'\x1b[01m\x1b[K/usr/include/boost/variant/variant.hpp:1759:28:\x1b[m\x1b[K \x1b[01;36m\x1b[Knote: \x1b[m\x1b[K  no known conversion for argument 1 from \xe2\x80\x98\x1b[01m\x1b[Kconst JointModelDerived\x1b[m\x1b[K\xe2\x80\x99 {aka \xe2\x80\x98\x1b[01m\x1b[Kconst pinocchio::JointModelPrismaticTpl<double, 0, 2>\x1b[m\x1b[K\xe2\x80\x99} to \xe2\x80\x98\x1b[01m\x1b[Kconst boost::variant<pinocchio::JointModelRevoluteTpl<double, 0, 0>, pinocchio::JointModelRevoluteTpl<double, 0, 1>, pinocchio::JointModelRevoluteTpl<double, 0, 2>, pinocchio::JointModelFreeFlyerTpl<double, 0>, pinocchio::JointModelPlanarTpl<double, 0>, pinocchio::JointModelRevoluteUnalignedTpl<double, 0>, pinocchio::JointModelSphericalTpl<double, 0>, pinocchio::JointModelSphericalZYXTpl<double, 0>, pinocchio::JointModelEllipsoidTpl<double, 0>, pinocchio::JointModelPrismaticTpl<double, 0, 0>, pinocchio::JointModelPrismaticTpl<double, 0, 1>, pinocchio::JointModelPrismaticTpl<double, 0, 2>, pinocchio::JointModelPrismaticUnalignedTpl<double, 0>, pinocchio::JointModelTranslationTpl<double, 0>, pinocchio::JointModelRevoluteUnboundedTpl<double, 0, 0>, pinocchio::JointModelRevoluteUnboundedTpl<double, 0, 1>, pinocchio::JointModelRevoluteUnboundedTpl<double, 0, 2>, pinocchio::JointModelRevoluteUnboundedUnalignedTpl<double, 0>, pinocchio::JointModelHelicalTpl<double, 0, 0>, pinocchio::JointModelHelicalTpl<double, 0, 1>, pinocchio::JointModelHelicalTpl<double, 0, 2>, pinocchio::JointModelHelicalUnalignedTpl<double, 0>, pinocchio::JointModelUniversalTpl<double, 0>, boost::recursive_wrapper<pinocchio::JointModelCompositeTpl<double, 0, pinocchio::JointCollectionDefaultTpl> >, boost::recursive_wrapper<pinocchio::JointModelMimicTpl<double, 0, pinocchio::JointCollectionDefaultTpl> > >&\x1b[m\x1b[K\xe2\x80\x99\n'}
[5.968906] (gim_arm_hardware) StderrLine: {'line': b' 1759 |     variant(\x1b[01;36m\x1b[Kconst variant& operand\x1b[m\x1b[K)\n'}
[5.968931] (gim_arm_hardware) StderrLine: {'line': b'      |             \x1b[01;36m\x1b[K~~~~~~~~~~~~~~~^~~~~~~\x1b[m\x1b[K\n'}
[5.968955] (gim_arm_hardware) StderrLine: {'line': b'\x1b[01m\x1b[K/usr/include/boost/variant/variant.hpp:1375:5:\x1b[m\x1b[K \x1b[01;36m\x1b[Knote: \x1b[m\x1b[Kcandidate: \xe2\x80\x98\x1b[01m\x1b[Kboost::variant<T0, TN>::variant() [with T0_ = pinocchio::JointModelRevoluteTpl<double, 0, 0>; TN = {pinocchio::JointModelRevoluteTpl<double, 0, 1>, pinocchio::JointModelRevoluteTpl<double, 0, 2>, pinocchio::JointModelFreeFlyerTpl<double, 0>, pinocchio::JointModelPlanarTpl<double, 0>, pinocchio::JointModelRevoluteUnalignedTpl<double, 0>, pinocchio::JointModelSphericalTpl<double, 0>, pinocchio::JointModelSphericalZYXTpl<double, 0>, pinocchio::JointModelEllipsoidTpl<double, 0>, pinocchio::JointModelPrismaticTpl<double, 0, 0>, pinocchio::JointModelPrismaticTpl<double, 0, 1>, pinocchio::JointModelPrismaticTpl<double, 0, 2>, pinocchio::JointModelPrismaticUnalignedTpl<double, 0>, pinocchio::JointModelTranslationTpl<double, 0>, pinocchio::JointModelRevoluteUnboundedTpl<double, 0, 0>, pinocchio::JointModelRevoluteUnboundedTpl<double, 0, 1>, pinocchio::JointModelRevoluteUnboundedTpl<double, 0, 2>, pinocchio::JointModelRevoluteUnboundedUnalignedTpl<double, 0>, pinocchio::JointModelHelicalTpl<double, 0, 0>, pinocchio::JointModelHelicalTpl<double, 0, 1>, pinocchio::JointModelHelicalTpl<double, 0, 2>, pinocchio::JointModelHelicalUnalignedTpl<double, 0>, pinocchio::JointModelUniversalTpl<double, 0>, boost::recursive_wrapper<pinocchio::JointModelCompositeTpl<double, 0, pinocchio::JointCollectionDefaultTpl> >, boost::recursive_wrapper<pinocchio::JointModelMimicTpl<double, 0, pinocchio::JointCollectionDefaultTpl> >}]\x1b[m\x1b[K\xe2\x80\x99\n'}
[5.968989] (gim_arm_hardware) StderrLine: {'line': b' 1375 |     \x1b[01;36m\x1b[Kvariant\x1b[m\x1b[K()\n'}
[5.969013] (gim_arm_hardware) StderrLine: {'line': b'      |     \x1b[01;36m\x1b[K^~~~~~~\x1b[m\x1b[K\n'}
[5.969036] (gim_arm_hardware) StderrLine: {'line': b'\x1b[01m\x1b[K/usr/include/boost/variant/variant.hpp:1375:5:\x1b[m\x1b[K \x1b[01;36m\x1b[Knote: \x1b[m\x1b[K  candidate expects 0 arguments, 1 provided\n'}
[5.969061] (gim_arm_hardware) StderrLine: {'line': b'In file included from \x1b[01m\x1b[K/opt/ros/humble/include/pinocchio/multibody/joint.hpp:84\x1b[m\x1b[K,\n'}
[5.969085] (gim_arm_hardware) StderrLine: {'line': b'                 from \x1b[01m\x1b[K/opt/ros/humble/include/pinocchio/multibody.hpp:43\x1b[m\x1b[K,\n'}
[5.969109] (gim_arm_hardware) StderrLine: {'line': b'                 from \x1b[01m\x1b[K/opt/ros/humble/include/pinocchio/parsers/urdf.hpp:27\x1b[m\x1b[K,\n'}
[5.969133] (gim_arm_hardware) StderrLine: {'line': b'                 from \x1b[01m\x1b[K/home/minh/gim60108_ws/src/gim_arm_hardware/include/gim_arm_hardware/gim_arm_system.hpp:25\x1b[m\x1b[K,\n'}
[5.969157] (gim_arm_hardware) StderrLine: {'line': b'                 from \x1b[01m\x1b[K/home/minh/gim60108_ws/src/gim_arm_hardware/src/gim_arm_system.cpp:1\x1b[m\x1b[K:\n'}
[5.969183] (gim_arm_hardware) StderrLine: {'line': b'/opt/ros/humble/include/pinocchio/src/multibody/joint/joint-generic.hxx: In instantiation of \xe2\x80\x98\x1b[01m\x1b[Kpinocchio::JointModelTpl<Scalar, Options, JointCollectionTpl>::JointModelTpl(const pinocchio::JointModelBase<OtherDerived>&) [with JointModelDerived = pinocchio::JointModelPrismaticUnalignedTpl<double>; _Scalar = double; int _Options = 0; JointCollectionTpl = pinocchio::JointCollectionDefaultTpl]\x1b[m\x1b[K\xe2\x80\x99:\n'}
[5.969208] (gim_arm_hardware) StderrLine: {'line': b'\x1b[01m\x1b[K/opt/ros/humble/include/pinocchio/src/parsers/urdf/model.hxx:516:34:\x1b[m\x1b[K   required from \xe2\x80\x98\x1b[01m\x1b[Kpinocchio::JointIndex pinocchio::urdf::details::UrdfVisitor::addJoint(const Vector3&, const Frame&, const SE3&, const string&, const VectorConstRef&, const VectorConstRef&, const VectorConstRef&, const VectorConstRef&, const VectorConstRef&, const VectorConstRef&, const VectorConstRef&, const VectorConstRef&, const VectorConstRef&, const VectorConstRef&) [with TypeX = pinocchio::JointModelPrismaticTpl<double, 0, 0>; TypeY = pinocchio::JointModelPrismaticTpl<double, 0, 1>; TypeZ = pinocchio::JointModelPrismaticTpl<double, 0, 2>; TypeUnaligned = pinocchio::JointModelPrismaticUnalignedTpl<double>; pinocchio::JointIndex = long unsigned int; pinocchio::urdf::details::UrdfVisitor::Vector3 = Eigen::Matrix<double, 3, 1>; pinocchio::urdf::details::UrdfVisitor::Frame = pinocchio::FrameTpl<double, 0>; pinocchio::urdf::details::UrdfVisitor::SE3 = pinocchio::SE3Tpl<double, 0>; std::string = std::__cxx11::basic_string<char>; pinocchio::urdf::details::UrdfVisitor::VectorConstRef = Eigen::Ref<const Eigen::Matrix<double, -1, 1> >]\x1b[m\x1b[K\xe2\x80\x99\n'}
[5.969243] (gim_arm_hardware) StderrLine: {'line': b'\x1b[01m\x1b[K/opt/ros/humble/include/pinocchio/src/parsers/urdf/model.hxx:263:70:\x1b[m\x1b[K   required from here\n'}
[5.969268] (gim_arm_hardware) StderrLine: {'line': b'\x1b[01m\x1b[K/opt/ros/humble/include/pinocchio/src/multibody/joint/joint-generic.hxx:306:25:\x1b[m\x1b[K \x1b[01;31m\x1b[Kerror: \x1b[m\x1b[Kno matching function for call to \xe2\x80\x98\x1b[01m\x1b[Kboost::variant<pinocchio::JointModelRevoluteTpl<double, 0, 0>, pinocchio::JointModelRevoluteTpl<double, 0, 1>, pinocchio::JointModelRevoluteTpl<double, 0, 2>, pinocchio::JointModelFreeFlyerTpl<double, 0>, pinocchio::JointModelPlanarTpl<double, 0>, pinocchio::JointModelRevoluteUnalignedTpl<double, 0>, pinocchio::JointModelSphericalTpl<double, 0>, pinocchio::JointModelSphericalZYXTpl<double, 0>, pinocchio::JointModelEllipsoidTpl<double, 0>, pinocchio::JointModelPrismaticTpl<double, 0, 0>, pinocchio::JointModelPrismaticTpl<double, 0, 1>, pinocchio::JointModelPrismaticTpl<double, 0, 2>, pinocchio::JointModelPrismaticUnalignedTpl<double, 0>, pinocchio::JointModelTranslationTpl<double, 0>, pinocchio::JointModelRevoluteUnboundedTpl<double, 0, 0>, pinocchio::JointModelRevoluteUnboundedTpl<double, 0, 1>, pinocchio::JointModelRevoluteUnboundedTpl<double, 0, 2>, pinocchio::JointModelRevoluteUnboundedUnalignedTpl<double, 0>, pinocchio::JointModelHelicalTpl<double, 0, 0>, pinocchio::JointModelHelicalTpl<double, 0, 1>, pinocchio::JointModelHelicalTpl<double, 0, 2>, pinocchio::JointModelHelicalUnalignedTpl<double, 0>, pinocchio::JointModelUniversalTpl<double, 0>, boost::recursive_wrapper<pinocchio::JointModelCompositeTpl<double, 0, pinocchio::JointCollectionDefaultTpl> >, boost::recursive_wrapper<pinocchio::JointModelMimicTpl<double, 0, pinocchio::JointCollectionDefaultTpl> > >::variant(const JointModelDerived&)\x1b[m\x1b[K\xe2\x80\x99\n'}
[5.969298] (gim_arm_hardware) StderrLine: {'line': b'  306 |     : JointModelVariant(\x1b[01;31m\x1b[K(JointModelVariant)jmodel.derived()\x1b[m\x1b[K)\n'}
[5.969322] (gim_arm_hardware) StderrLine: {'line': b'      |                         \x1b[01;31m\x1b[K^~~~~~~~~~~~~~~~~~~~~~~~~~~~~~~~~~~\x1b[m\x1b[K\n'}
[5.969346] (gim_arm_hardware) StderrLine: {'line': b'In file included from \x1b[01m\x1b[K/usr/include/boost/variant.hpp:17\x1b[m\x1b[K,\n'}
[5.969370] (gim_arm_hardware) StderrLine: {'line': b'                 from \x1b[01m\x1b[K/opt/ros/humble/include/pinocchio/multibody.hpp:21\x1b[m\x1b[K,\n'}
[5.969395] (gim_arm_hardware) StderrLine: {'line': b'                 from \x1b[01m\x1b[K/opt/ros/humble/include/pinocchio/parsers/urdf.hpp:27\x1b[m\x1b[K,\n'}
[5.969418] (gim_arm_hardware) StderrLine: {'line': b'                 from \x1b[01m\x1b[K/home/minh/gim60108_ws/src/gim_arm_hardware/include/gim_arm_hardware/gim_arm_system.hpp:25\x1b[m\x1b[K,\n'}
[5.969442] (gim_arm_hardware) StderrLine: {'line': b'                 from \x1b[01m\x1b[K/home/minh/gim60108_ws/src/gim_arm_hardware/src/gim_arm_system.cpp:1\x1b[m\x1b[K:\n'}
[5.969466] (gim_arm_hardware) StderrLine: {'line': b'\x1b[01m\x1b[K/usr/include/boost/variant/variant.hpp:1770:5:\x1b[m\x1b[K \x1b[01;36m\x1b[Knote: \x1b[m\x1b[Kcandidate: \xe2\x80\x98\x1b[01m\x1b[Kboost::variant<T0, TN>::variant(boost::variant<T0, TN>&&) [with T0_ = pinocchio::JointModelRevoluteTpl<double, 0, 0>; TN = {pinocchio::JointModelRevoluteTpl<double, 0, 1>, pinocchio::JointModelRevoluteTpl<double, 0, 2>, pinocchio::JointModelFreeFlyerTpl<double, 0>, pinocchio::JointModelPlanarTpl<double, 0>, pinocchio::JointModelRevoluteUnalignedTpl<double, 0>, pinocchio::JointModelSphericalTpl<double, 0>, pinocchio::JointModelSphericalZYXTpl<double, 0>, pinocchio::JointModelEllipsoidTpl<double, 0>, pinocchio::JointModelPrismaticTpl<double, 0, 0>, pinocchio::JointModelPrismaticTpl<double, 0, 1>, pinocchio::JointModelPrismaticTpl<double, 0, 2>, pinocchio::JointModelPrismaticUnalignedTpl<double, 0>, pinocchio::JointModelTranslationTpl<double, 0>, pinocchio::JointModelRevoluteUnboundedTpl<double, 0, 0>, pinocchio::JointModelRevoluteUnboundedTpl<double, 0, 1>, pinocchio::JointModelRevoluteUnboundedTpl<double, 0, 2>, pinocchio::JointModelRevoluteUnboundedUnalignedTpl<double, 0>, pinocchio::JointModelHelicalTpl<double, 0, 0>, pinocchio::JointModelHelicalTpl<double, 0, 1>, pinocchio::JointModelHelicalTpl<double, 0, 2>, pinocchio::JointModelHelicalUnalignedTpl<double, 0>, pinocchio::JointModelUniversalTpl<double, 0>, boost::recursive_wrapper<pinocchio::JointModelCompositeTpl<double, 0, pinocchio::JointCollectionDefaultTpl> >, boost::recursive_wrapper<pinocchio::JointModelMimicTpl<double, 0, pinocchio::JointCollectionDefaultTpl> >}]\x1b[m\x1b[K\xe2\x80\x99\n'}
[5.969504] (gim_arm_hardware) StderrLine: {'line': b' 1770 |     \x1b[01;36m\x1b[Kvariant\x1b[m\x1b[K(variant&& operand) BOOST_NOEXCEPT_IF(variant_move_noexcept_constructible::type::value)\n'}
[5.969529] (gim_arm_hardware) StderrLine: {'line': b'      |     \x1b[01;36m\x1b[K^~~~~~~\x1b[m\x1b[K\n'}
[5.969553] (gim_arm_hardware) StderrLine: {'line': b'\x1b[01m\x1b[K/usr/include/boost/variant/variant.hpp:1770:23:\x1b[m\x1b[K \x1b[01;36m\x1b[Knote: \x1b[m\x1b[K  no known conversion for argument 1 from \xe2\x80\x98\x1b[01m\x1b[Kconst JointModelDerived\x1b[m\x1b[K\xe2\x80\x99 {aka \xe2\x80\x98\x1b[01m\x1b[Kconst pinocchio::JointModelPrismaticUnalignedTpl<double>\x1b[m\x1b[K\xe2\x80\x99} to \xe2\x80\x98\x1b[01m\x1b[Kboost::variant<pinocchio::JointModelRevoluteTpl<double, 0, 0>, pinocchio::JointModelRevoluteTpl<double, 0, 1>, pinocchio::JointModelRevoluteTpl<double, 0, 2>, pinocchio::JointModelFreeFlyerTpl<double, 0>, pinocchio::JointModelPlanarTpl<double, 0>, pinocchio::JointModelRevoluteUnalignedTpl<double, 0>, pinocchio::JointModelSphericalTpl<double, 0>, pinocchio::JointModelSphericalZYXTpl<double, 0>, pinocchio::JointModelEllipsoidTpl<double, 0>, pinocchio::JointModelPrismaticTpl<double, 0, 0>, pinocchio::JointModelPrismaticTpl<double, 0, 1>, pinocchio::JointModelPrismaticTpl<double, 0, 2>, pinocchio::JointModelPrismaticUnalignedTpl<double, 0>, pinocchio::JointModelTranslationTpl<double, 0>, pinocchio::JointModelRevoluteUnboundedTpl<double, 0, 0>, pinocchio::JointModelRevoluteUnboundedTpl<double, 0, 1>, pinocchio::JointModelRevoluteUnboundedTpl<double, 0, 2>, pinocchio::JointModelRevoluteUnboundedUnalignedTpl<double, 0>, pinocchio::JointModelHelicalTpl<double, 0, 0>, pinocchio::JointModelHelicalTpl<double, 0, 1>, pinocchio::JointModelHelicalTpl<double, 0, 2>, pinocchio::JointModelHelicalUnalignedTpl<double, 0>, pinocchio::JointModelUniversalTpl<double, 0>, boost::recursive_wrapper<pinocchio::JointModelCompositeTpl<double, 0, pinocchio::JointCollectionDefaultTpl> >, boost::recursive_wrapper<pinocchio::JointModelMimicTpl<double, 0, pinocchio::JointCollectionDefaultTpl> > >&&\x1b[m\x1b[K\xe2\x80\x99\n'}
[5.969583] (gim_arm_hardware) StderrLine: {'line': b' 1770 |     variant(\x1b[01;36m\x1b[Kvariant&& operand\x1b[m\x1b[K) BOOST_NOEXCEPT_IF(variant_move_noexcept_constructible::type::value)\n'}
[5.969608] (gim_arm_hardware) StderrLine: {'line': b'      |             \x1b[01;36m\x1b[K~~~~~~~~~~^~~~~~~\x1b[m\x1b[K\n'}
[5.969632] (gim_arm_hardware) StderrLine: {'line': b'\x1b[01m\x1b[K/usr/include/boost/variant/variant.hpp:1759:5:\x1b[m\x1b[K \x1b[01;36m\x1b[Knote: \x1b[m\x1b[Kcandidate: \xe2\x80\x98\x1b[01m\x1b[Kboost::variant<T0, TN>::variant(const boost::variant<T0, TN>&) [with T0_ = pinocchio::JointModelRevoluteTpl<double, 0, 0>; TN = {pinocchio::JointModelRevoluteTpl<double, 0, 1>, pinocchio::JointModelRevoluteTpl<double, 0, 2>, pinocchio::JointModelFreeFlyerTpl<double, 0>, pinocchio::JointModelPlanarTpl<double, 0>, pinocchio::JointModelRevoluteUnalignedTpl<double, 0>, pinocchio::JointModelSphericalTpl<double, 0>, pinocchio::JointModelSphericalZYXTpl<double, 0>, pinocchio::JointModelEllipsoidTpl<double, 0>, pinocchio::JointModelPrismaticTpl<double, 0, 0>, pinocchio::JointModelPrismaticTpl<double, 0, 1>, pinocchio::JointModelPrismaticTpl<double, 0, 2>, pinocchio::JointModelPrismaticUnalignedTpl<double, 0>, pinocchio::JointModelTranslationTpl<double, 0>, pinocchio::JointModelRevoluteUnboundedTpl<double, 0, 0>, pinocchio::JointModelRevoluteUnboundedTpl<double, 0, 1>, pinocchio::JointModelRevoluteUnboundedTpl<double, 0, 2>, pinocchio::JointModelRevoluteUnboundedUnalignedTpl<double, 0>, pinocchio::JointModelHelicalTpl<double, 0, 0>, pinocchio::JointModelHelicalTpl<double, 0, 1>, pinocchio::JointModelHelicalTpl<double, 0, 2>, pinocchio::JointModelHelicalUnalignedTpl<double, 0>, pinocchio::JointModelUniversalTpl<double, 0>, boost::recursive_wrapper<pinocchio::JointModelCompositeTpl<double, 0, pinocchio::JointCollectionDefaultTpl> >, boost::recursive_wrapper<pinocchio::JointModelMimicTpl<double, 0, pinocchio::JointCollectionDefaultTpl> >}]\x1b[m\x1b[K\xe2\x80\x99\n'}
[5.969668] (gim_arm_hardware) StderrLine: {'line': b' 1759 |     \x1b[01;36m\x1b[Kvariant\x1b[m\x1b[K(const variant& operand)\n'}
[5.969695] (gim_arm_hardware) StderrLine: {'line': b'      |     \x1b[01;36m\x1b[K^~~~~~~\x1b[m\x1b[K\n'}
[5.969719] (gim_arm_hardware) StderrLine: {'line': b'\x1b[01m\x1b[K/usr/include/boost/variant/variant.hpp:1759:28:\x1b[m\x1b[K \x1b[01;36m\x1b[Knote: \x1b[m\x1b[K  no known conversion for argument 1 from \xe2\x80\x98\x1b[01m\x1b[Kconst JointModelDerived\x1b[m\x1b[K\xe2\x80\x99 {aka \xe2\x80\x98\x1b[01m\x1b[Kconst pinocchio::JointModelPrismaticUnalignedTpl<double>\x1b[m\x1b[K\xe2\x80\x99} to \xe2\x80\x98\x1b[01m\x1b[Kconst boost::variant<pinocchio::JointModelRevoluteTpl<double, 0, 0>, pinocchio::JointModelRevoluteTpl<double, 0, 1>, pinocchio::JointModelRevoluteTpl<double, 0, 2>, pinocchio::JointModelFreeFlyerTpl<double, 0>, pinocchio::JointModelPlanarTpl<double, 0>, pinocchio::JointModelRevoluteUnalignedTpl<double, 0>, pinocchio::JointModelSphericalTpl<double, 0>, pinocchio::JointModelSphericalZYXTpl<double, 0>, pinocchio::JointModelEllipsoidTpl<double, 0>, pinocchio::JointModelPrismaticTpl<double, 0, 0>, pinocchio::JointModelPrismaticTpl<double, 0, 1>, pinocchio::JointModelPrismaticTpl<double, 0, 2>, pinocchio::JointModelPrismaticUnalignedTpl<double, 0>, pinocchio::JointModelTranslationTpl<double, 0>, pinocchio::JointModelRevoluteUnboundedTpl<double, 0, 0>, pinocchio::JointModelRevoluteUnboundedTpl<double, 0, 1>, pinocchio::JointModelRevoluteUnboundedTpl<double, 0, 2>, pinocchio::JointModelRevoluteUnboundedUnalignedTpl<double, 0>, pinocchio::JointModelHelicalTpl<double, 0, 0>, pinocchio::JointModelHelicalTpl<double, 0, 1>, pinocchio::JointModelHelicalTpl<double, 0, 2>, pinocchio::JointModelHelicalUnalignedTpl<double, 0>, pinocchio::JointModelUniversalTpl<double, 0>, boost::recursive_wrapper<pinocchio::JointModelCompositeTpl<double, 0, pinocchio::JointCollectionDefaultTpl> >, boost::recursive_wrapper<pinocchio::JointModelMimicTpl<double, 0, pinocchio::JointCollectionDefaultTpl> > >&\x1b[m\x1b[K\xe2\x80\x99\n'}
[5.969749] (gim_arm_hardware) StderrLine: {'line': b' 1759 |     variant(\x1b[01;36m\x1b[Kconst variant& operand\x1b[m\x1b[K)\n'}
[5.969773] (gim_arm_hardware) StderrLine: {'line': b'      |             \x1b[01;36m\x1b[K~~~~~~~~~~~~~~~^~~~~~~\x1b[m\x1b[K\n'}
[5.969797] (gim_arm_hardware) StderrLine: {'line': b'\x1b[01m\x1b[K/usr/include/boost/variant/variant.hpp:1375:5:\x1b[m\x1b[K \x1b[01;36m\x1b[Knote: \x1b[m\x1b[Kcandidate: \xe2\x80\x98\x1b[01m\x1b[Kboost::variant<T0, TN>::variant() [with T0_ = pinocchio::JointModelRevoluteTpl<double, 0, 0>; TN = {pinocchio::JointModelRevoluteTpl<double, 0, 1>, pinocchio::JointModelRevoluteTpl<double, 0, 2>, pinocchio::JointModelFreeFlyerTpl<double, 0>, pinocchio::JointModelPlanarTpl<double, 0>, pinocchio::JointModelRevoluteUnalignedTpl<double, 0>, pinocchio::JointModelSphericalTpl<double, 0>, pinocchio::JointModelSphericalZYXTpl<double, 0>, pinocchio::JointModelEllipsoidTpl<double, 0>, pinocchio::JointModelPrismaticTpl<double, 0, 0>, pinocchio::JointModelPrismaticTpl<double, 0, 1>, pinocchio::JointModelPrismaticTpl<double, 0, 2>, pinocchio::JointModelPrismaticUnalignedTpl<double, 0>, pinocchio::JointModelTranslationTpl<double, 0>, pinocchio::JointModelRevoluteUnboundedTpl<double, 0, 0>, pinocchio::JointModelRevoluteUnboundedTpl<double, 0, 1>, pinocchio::JointModelRevoluteUnboundedTpl<double, 0, 2>, pinocchio::JointModelRevoluteUnboundedUnalignedTpl<double, 0>, pinocchio::JointModelHelicalTpl<double, 0, 0>, pinocchio::JointModelHelicalTpl<double, 0, 1>, pinocchio::JointModelHelicalTpl<double, 0, 2>, pinocchio::JointModelHelicalUnalignedTpl<double, 0>, pinocchio::JointModelUniversalTpl<double, 0>, boost::recursive_wrapper<pinocchio::JointModelCompositeTpl<double, 0, pinocchio::JointCollectionDefaultTpl> >, boost::recursive_wrapper<pinocchio::JointModelMimicTpl<double, 0, pinocchio::JointCollectionDefaultTpl> >}]\x1b[m\x1b[K\xe2\x80\x99\n'}
[5.969827] (gim_arm_hardware) StderrLine: {'line': b' 1375 |     \x1b[01;36m\x1b[Kvariant\x1b[m\x1b[K()\n'}
[5.969851] (gim_arm_hardware) StderrLine: {'line': b'      |     \x1b[01;36m\x1b[K^~~~~~~\x1b[m\x1b[K\n'}
[5.969878] (gim_arm_hardware) StderrLine: {'line': b'\x1b[01m\x1b[K/usr/include/boost/variant/variant.hpp:1375:5:\x1b[m\x1b[K \x1b[01;36m\x1b[Knote: \x1b[m\x1b[K  candidate expects 0 arguments, 1 provided\n'}
[5.969906] (gim_arm_hardware) StderrLine: {'line': b'In file included from \x1b[01m\x1b[K/opt/ros/humble/include/pinocchio/multibody/joint.hpp:84\x1b[m\x1b[K,\n'}
[5.969930] (gim_arm_hardware) StderrLine: {'line': b'                 from \x1b[01m\x1b[K/opt/ros/humble/include/pinocchio/multibody.hpp:43\x1b[m\x1b[K,\n'}
[5.969954] (gim_arm_hardware) StderrLine: {'line': b'                 from \x1b[01m\x1b[K/opt/ros/humble/include/pinocchio/parsers/urdf.hpp:27\x1b[m\x1b[K,\n'}
[5.969979] (gim_arm_hardware) StderrLine: {'line': b'                 from \x1b[01m\x1b[K/home/minh/gim60108_ws/src/gim_arm_hardware/include/gim_arm_hardware/gim_arm_system.hpp:25\x1b[m\x1b[K,\n'}
[5.970007] (gim_arm_hardware) StderrLine: {'line': b'                 from \x1b[01m\x1b[K/home/minh/gim60108_ws/src/gim_arm_hardware/src/gim_arm_system.cpp:1\x1b[m\x1b[K:\n'}
[5.970035] (gim_arm_hardware) StderrLine: {'line': b'/opt/ros/humble/include/pinocchio/src/multibody/joint/joint-generic.hxx: In instantiation of \xe2\x80\x98\x1b[01m\x1b[Kpinocchio::JointModelTpl<Scalar, Options, JointCollectionTpl>::JointModelTpl(const pinocchio::JointModelBase<OtherDerived>&) [with JointModelDerived = pinocchio::JointModelMimicTpl<double>; _Scalar = double; int _Options = 0; JointCollectionTpl = pinocchio::JointCollectionDefaultTpl]\x1b[m\x1b[K\xe2\x80\x99:\n'}
[5.970060] (gim_arm_hardware) StderrLine: {'line': b'\x1b[01m\x1b[K/opt/ros/humble/include/pinocchio/src/parsers/urdf/model.hxx:554:34:\x1b[m\x1b[K   required from \xe2\x80\x98\x1b[01m\x1b[Kpinocchio::JointIndex pinocchio::urdf::details::UrdfVisitor::addMimicJoint(const Frame&, const SE3&, const string&, const VectorConstRef&, const VectorConstRef&, const VectorConstRef&, const VectorConstRef&, const VectorConstRef&, const VectorConstRef&, const VectorConstRef&, const VectorConstRef&, const VectorConstRef&, const VectorConstRef&, const pinocchio::urdf::details::MimicInfo&) [with TypeX = pinocchio::JointModelRevoluteTpl<double, 0, 0>; TypeY = pinocchio::JointModelRevoluteTpl<double, 0, 1>; TypeZ = pinocchio::JointModelRevoluteTpl<double, 0, 2>; TypeUnaligned = pinocchio::JointModelRevoluteUnalignedTpl<double>; pinocchio::JointIndex = long unsigned int; pinocchio::urdf::details::UrdfVisitor::Frame = pinocchio::FrameTpl<double, 0>; pinocchio::urdf::details::UrdfVisitor::SE3 = pinocchio::SE3Tpl<double, 0>; std::string = std::__cxx11::basic_string<char>; pinocchio::urdf::details::UrdfVisitor::VectorConstRef = Eigen::Ref<const Eigen::Matrix<double, -1, 1> >]\x1b[m\x1b[K\xe2\x80\x99\n'}
[5.970090] (gim_arm_hardware) StderrLine: {'line': b'\x1b[01m\x1b[K/opt/ros/humble/include/pinocchio/src/parsers/urdf/model.hxx:290:73:\x1b[m\x1b[K   required from here\n'}
[5.970115] (gim_arm_hardware) StderrLine: {'line': b'\x1b[01m\x1b[K/opt/ros/humble/include/pinocchio/src/multibody/joint/joint-generic.hxx:306:25:\x1b[m\x1b[K \x1b[01;31m\x1b[Kerror: \x1b[m\x1b[Kno matching function for call to \xe2\x80\x98\x1b[01m\x1b[Kboost::variant<pinocchio::JointModelRevoluteTpl<double, 0, 0>, pinocchio::JointModelRevoluteTpl<double, 0, 1>, pinocchio::JointModelRevoluteTpl<double, 0, 2>, pinocchio::JointModelFreeFlyerTpl<double, 0>, pinocchio::JointModelPlanarTpl<double, 0>, pinocchio::JointModelRevoluteUnalignedTpl<double, 0>, pinocchio::JointModelSphericalTpl<double, 0>, pinocchio::JointModelSphericalZYXTpl<double, 0>, pinocchio::JointModelEllipsoidTpl<double, 0>, pinocchio::JointModelPrismaticTpl<double, 0, 0>, pinocchio::JointModelPrismaticTpl<double, 0, 1>, pinocchio::JointModelPrismaticTpl<double, 0, 2>, pinocchio::JointModelPrismaticUnalignedTpl<double, 0>, pinocchio::JointModelTranslationTpl<double, 0>, pinocchio::JointModelRevoluteUnboundedTpl<double, 0, 0>, pinocchio::JointModelRevoluteUnboundedTpl<double, 0, 1>, pinocchio::JointModelRevoluteUnboundedTpl<double, 0, 2>, pinocchio::JointModelRevoluteUnboundedUnalignedTpl<double, 0>, pinocchio::JointModelHelicalTpl<double, 0, 0>, pinocchio::JointModelHelicalTpl<double, 0, 1>, pinocchio::JointModelHelicalTpl<double, 0, 2>, pinocchio::JointModelHelicalUnalignedTpl<double, 0>, pinocchio::JointModelUniversalTpl<double, 0>, boost::recursive_wrapper<pinocchio::JointModelCompositeTpl<double, 0, pinocchio::JointCollectionDefaultTpl> >, boost::recursive_wrapper<pinocchio::JointModelMimicTpl<double, 0, pinocchio::JointCollectionDefaultTpl> > >::variant(const JointModelDerived&)\x1b[m\x1b[K\xe2\x80\x99\n'}
[5.970146] (gim_arm_hardware) StderrLine: {'line': b'  306 |     : JointModelVariant(\x1b[01;31m\x1b[K(JointModelVariant)jmodel.derived()\x1b[m\x1b[K)\n'}
[5.970170] (gim_arm_hardware) StderrLine: {'line': b'      |                         \x1b[01;31m\x1b[K^~~~~~~~~~~~~~~~~~~~~~~~~~~~~~~~~~~\x1b[m\x1b[K\n'}
[5.970193] (gim_arm_hardware) StderrLine: {'line': b'In file included from \x1b[01m\x1b[K/usr/include/boost/variant.hpp:17\x1b[m\x1b[K,\n'}
[5.970217] (gim_arm_hardware) StderrLine: {'line': b'                 from \x1b[01m\x1b[K/opt/ros/humble/include/pinocchio/multibody.hpp:21\x1b[m\x1b[K,\n'}
[5.970242] (gim_arm_hardware) StderrLine: {'line': b'                 from \x1b[01m\x1b[K/opt/ros/humble/include/pinocchio/parsers/urdf.hpp:27\x1b[m\x1b[K,\n'}
[5.970266] (gim_arm_hardware) StderrLine: {'line': b'                 from \x1b[01m\x1b[K/home/minh/gim60108_ws/src/gim_arm_hardware/include/gim_arm_hardware/gim_arm_system.hpp:25\x1b[m\x1b[K,\n'}
[5.970290] (gim_arm_hardware) StderrLine: {'line': b'                 from \x1b[01m\x1b[K/home/minh/gim60108_ws/src/gim_arm_hardware/src/gim_arm_system.cpp:1\x1b[m\x1b[K:\n'}
[5.970317] (gim_arm_hardware) StderrLine: {'line': b'\x1b[01m\x1b[K/usr/include/boost/variant/variant.hpp:1770:5:\x1b[m\x1b[K \x1b[01;36m\x1b[Knote: \x1b[m\x1b[Kcandidate: \xe2\x80\x98\x1b[01m\x1b[Kboost::variant<T0, TN>::variant(boost::variant<T0, TN>&&) [with T0_ = pinocchio::JointModelRevoluteTpl<double, 0, 0>; TN = {pinocchio::JointModelRevoluteTpl<double, 0, 1>, pinocchio::JointModelRevoluteTpl<double, 0, 2>, pinocchio::JointModelFreeFlyerTpl<double, 0>, pinocchio::JointModelPlanarTpl<double, 0>, pinocchio::JointModelRevoluteUnalignedTpl<double, 0>, pinocchio::JointModelSphericalTpl<double, 0>, pinocchio::JointModelSphericalZYXTpl<double, 0>, pinocchio::JointModelEllipsoidTpl<double, 0>, pinocchio::JointModelPrismaticTpl<double, 0, 0>, pinocchio::JointModelPrismaticTpl<double, 0, 1>, pinocchio::JointModelPrismaticTpl<double, 0, 2>, pinocchio::JointModelPrismaticUnalignedTpl<double, 0>, pinocchio::JointModelTranslationTpl<double, 0>, pinocchio::JointModelRevoluteUnboundedTpl<double, 0, 0>, pinocchio::JointModelRevoluteUnboundedTpl<double, 0, 1>, pinocchio::JointModelRevoluteUnboundedTpl<double, 0, 2>, pinocchio::JointModelRevoluteUnboundedUnalignedTpl<double, 0>, pinocchio::JointModelHelicalTpl<double, 0, 0>, pinocchio::JointModelHelicalTpl<double, 0, 1>, pinocchio::JointModelHelicalTpl<double, 0, 2>, pinocchio::JointModelHelicalUnalignedTpl<double, 0>, pinocchio::JointModelUniversalTpl<double, 0>, boost::recursive_wrapper<pinocchio::JointModelCompositeTpl<double, 0, pinocchio::JointCollectionDefaultTpl> >, boost::recursive_wrapper<pinocchio::JointModelMimicTpl<double, 0, pinocchio::JointCollectionDefaultTpl> >}]\x1b[m\x1b[K\xe2\x80\x99\n'}
[5.970350] (gim_arm_hardware) StderrLine: {'line': b' 1770 |     \x1b[01;36m\x1b[Kvariant\x1b[m\x1b[K(variant&& operand) BOOST_NOEXCEPT_IF(variant_move_noexcept_constructible::type::value)\n'}
[5.970379] (gim_arm_hardware) StderrLine: {'line': b'      |     \x1b[01;36m\x1b[K^~~~~~~\x1b[m\x1b[K\n'}
[5.970403] (gim_arm_hardware) StderrLine: {'line': b'\x1b[01m\x1b[K/usr/include/boost/variant/variant.hpp:1770:23:\x1b[m\x1b[K \x1b[01;36m\x1b[Knote: \x1b[m\x1b[K  no known conversion for argument 1 from \xe2\x80\x98\x1b[01m\x1b[Kconst JointModelDerived\x1b[m\x1b[K\xe2\x80\x99 {aka \xe2\x80\x98\x1b[01m\x1b[Kconst pinocchio::JointModelMimicTpl<double>\x1b[m\x1b[K\xe2\x80\x99} to \xe2\x80\x98\x1b[01m\x1b[Kboost::variant<pinocchio::JointModelRevoluteTpl<double, 0, 0>, pinocchio::JointModelRevoluteTpl<double, 0, 1>, pinocchio::JointModelRevoluteTpl<double, 0, 2>, pinocchio::JointModelFreeFlyerTpl<double, 0>, pinocchio::JointModelPlanarTpl<double, 0>, pinocchio::JointModelRevoluteUnalignedTpl<double, 0>, pinocchio::JointModelSphericalTpl<double, 0>, pinocchio::JointModelSphericalZYXTpl<double, 0>, pinocchio::JointModelEllipsoidTpl<double, 0>, pinocchio::JointModelPrismaticTpl<double, 0, 0>, pinocchio::JointModelPrismaticTpl<double, 0, 1>, pinocchio::JointModelPrismaticTpl<double, 0, 2>, pinocchio::JointModelPrismaticUnalignedTpl<double, 0>, pinocchio::JointModelTranslationTpl<double, 0>, pinocchio::JointModelRevoluteUnboundedTpl<double, 0, 0>, pinocchio::JointModelRevoluteUnboundedTpl<double, 0, 1>, pinocchio::JointModelRevoluteUnboundedTpl<double, 0, 2>, pinocchio::JointModelRevoluteUnboundedUnalignedTpl<double, 0>, pinocchio::JointModelHelicalTpl<double, 0, 0>, pinocchio::JointModelHelicalTpl<double, 0, 1>, pinocchio::JointModelHelicalTpl<double, 0, 2>, pinocchio::JointModelHelicalUnalignedTpl<double, 0>, pinocchio::JointModelUniversalTpl<double, 0>, boost::recursive_wrapper<pinocchio::JointModelCompositeTpl<double, 0, pinocchio::JointCollectionDefaultTpl> >, boost::recursive_wrapper<pinocchio::JointModelMimicTpl<double, 0, pinocchio::JointCollectionDefaultTpl> > >&&\x1b[m\x1b[K\xe2\x80\x99\n'}
[5.970430] (gim_arm_hardware) StderrLine: {'line': b' 1770 |     variant(\x1b[01;36m\x1b[Kvariant&& operand\x1b[m\x1b[K) BOOST_NOEXCEPT_IF(variant_move_noexcept_constructible::type::value)\n'}
[5.970454] (gim_arm_hardware) StderrLine: {'line': b'      |             \x1b[01;36m\x1b[K~~~~~~~~~~^~~~~~~\x1b[m\x1b[K\n'}
[5.970478] (gim_arm_hardware) StderrLine: {'line': b'\x1b[01m\x1b[K/usr/include/boost/variant/variant.hpp:1759:5:\x1b[m\x1b[K \x1b[01;36m\x1b[Knote: \x1b[m\x1b[Kcandidate: \xe2\x80\x98\x1b[01m\x1b[Kboost::variant<T0, TN>::variant(const boost::variant<T0, TN>&) [with T0_ = pinocchio::JointModelRevoluteTpl<double, 0, 0>; TN = {pinocchio::JointModelRevoluteTpl<double, 0, 1>, pinocchio::JointModelRevoluteTpl<double, 0, 2>, pinocchio::JointModelFreeFlyerTpl<double, 0>, pinocchio::JointModelPlanarTpl<double, 0>, pinocchio::JointModelRevoluteUnalignedTpl<double, 0>, pinocchio::JointModelSphericalTpl<double, 0>, pinocchio::JointModelSphericalZYXTpl<double, 0>, pinocchio::JointModelEllipsoidTpl<double, 0>, pinocchio::JointModelPrismaticTpl<double, 0, 0>, pinocchio::JointModelPrismaticTpl<double, 0, 1>, pinocchio::JointModelPrismaticTpl<double, 0, 2>, pinocchio::JointModelPrismaticUnalignedTpl<double, 0>, pinocchio::JointModelTranslationTpl<double, 0>, pinocchio::JointModelRevoluteUnboundedTpl<double, 0, 0>, pinocchio::JointModelRevoluteUnboundedTpl<double, 0, 1>, pinocchio::JointModelRevoluteUnboundedTpl<double, 0, 2>, pinocchio::JointModelRevoluteUnboundedUnalignedTpl<double, 0>, pinocchio::JointModelHelicalTpl<double, 0, 0>, pinocchio::JointModelHelicalTpl<double, 0, 1>, pinocchio::JointModelHelicalTpl<double, 0, 2>, pinocchio::JointModelHelicalUnalignedTpl<double, 0>, pinocchio::JointModelUniversalTpl<double, 0>, boost::recursive_wrapper<pinocchio::JointModelCompositeTpl<double, 0, pinocchio::JointCollectionDefaultTpl> >, boost::recursive_wrapper<pinocchio::JointModelMimicTpl<double, 0, pinocchio::JointCollectionDefaultTpl> >}]\x1b[m\x1b[K\xe2\x80\x99\n'}
[5.970514] (gim_arm_hardware) StderrLine: {'line': b' 1759 |     \x1b[01;36m\x1b[Kvariant\x1b[m\x1b[K(const variant& operand)\n'}
[5.970538] (gim_arm_hardware) StderrLine: {'line': b'      |     \x1b[01;36m\x1b[K^~~~~~~\x1b[m\x1b[K\n'}
[5.970563] (gim_arm_hardware) StderrLine: {'line': b'\x1b[01m\x1b[K/usr/include/boost/variant/variant.hpp:1759:28:\x1b[m\x1b[K \x1b[01;36m\x1b[Knote: \x1b[m\x1b[K  no known conversion for argument 1 from \xe2\x80\x98\x1b[01m\x1b[Kconst JointModelDerived\x1b[m\x1b[K\xe2\x80\x99 {aka \xe2\x80\x98\x1b[01m\x1b[Kconst pinocchio::JointModelMimicTpl<double>\x1b[m\x1b[K\xe2\x80\x99} to \xe2\x80\x98\x1b[01m\x1b[Kconst boost::variant<pinocchio::JointModelRevoluteTpl<double, 0, 0>, pinocchio::JointModelRevoluteTpl<double, 0, 1>, pinocchio::JointModelRevoluteTpl<double, 0, 2>, pinocchio::JointModelFreeFlyerTpl<double, 0>, pinocchio::JointModelPlanarTpl<double, 0>, pinocchio::JointModelRevoluteUnalignedTpl<double, 0>, pinocchio::JointModelSphericalTpl<double, 0>, pinocchio::JointModelSphericalZYXTpl<double, 0>, pinocchio::JointModelEllipsoidTpl<double, 0>, pinocchio::JointModelPrismaticTpl<double, 0, 0>, pinocchio::JointModelPrismaticTpl<double, 0, 1>, pinocchio::JointModelPrismaticTpl<double, 0, 2>, pinocchio::JointModelPrismaticUnalignedTpl<double, 0>, pinocchio::JointModelTranslationTpl<double, 0>, pinocchio::JointModelRevoluteUnboundedTpl<double, 0, 0>, pinocchio::JointModelRevoluteUnboundedTpl<double, 0, 1>, pinocchio::JointModelRevoluteUnboundedTpl<double, 0, 2>, pinocchio::JointModelRevoluteUnboundedUnalignedTpl<double, 0>, pinocchio::JointModelHelicalTpl<double, 0, 0>, pinocchio::JointModelHelicalTpl<double, 0, 1>, pinocchio::JointModelHelicalTpl<double, 0, 2>, pinocchio::JointModelHelicalUnalignedTpl<double, 0>, pinocchio::JointModelUniversalTpl<double, 0>, boost::recursive_wrapper<pinocchio::JointModelCompositeTpl<double, 0, pinocchio::JointCollectionDefaultTpl> >, boost::recursive_wrapper<pinocchio::JointModelMimicTpl<double, 0, pinocchio::JointCollectionDefaultTpl> > >&\x1b[m\x1b[K\xe2\x80\x99\n'}
[5.970593] (gim_arm_hardware) StderrLine: {'line': b' 1759 |     variant(\x1b[01;36m\x1b[Kconst variant& operand\x1b[m\x1b[K)\n'}
[5.970618] (gim_arm_hardware) StderrLine: {'line': b'      |             \x1b[01;36m\x1b[K~~~~~~~~~~~~~~~^~~~~~~\x1b[m\x1b[K\n'}
[5.970641] (gim_arm_hardware) StderrLine: {'line': b'\x1b[01m\x1b[K/usr/include/boost/variant/variant.hpp:1375:5:\x1b[m\x1b[K \x1b[01;36m\x1b[Knote: \x1b[m\x1b[Kcandidate: \xe2\x80\x98\x1b[01m\x1b[Kboost::variant<T0, TN>::variant() [with T0_ = pinocchio::JointModelRevoluteTpl<double, 0, 0>; TN = {pinocchio::JointModelRevoluteTpl<double, 0, 1>, pinocchio::JointModelRevoluteTpl<double, 0, 2>, pinocchio::JointModelFreeFlyerTpl<double, 0>, pinocchio::JointModelPlanarTpl<double, 0>, pinocchio::JointModelRevoluteUnalignedTpl<double, 0>, pinocchio::JointModelSphericalTpl<double, 0>, pinocchio::JointModelSphericalZYXTpl<double, 0>, pinocchio::JointModelEllipsoidTpl<double, 0>, pinocchio::JointModelPrismaticTpl<double, 0, 0>, pinocchio::JointModelPrismaticTpl<double, 0, 1>, pinocchio::JointModelPrismaticTpl<double, 0, 2>, pinocchio::JointModelPrismaticUnalignedTpl<double, 0>, pinocchio::JointModelTranslationTpl<double, 0>, pinocchio::JointModelRevoluteUnboundedTpl<double, 0, 0>, pinocchio::JointModelRevoluteUnboundedTpl<double, 0, 1>, pinocchio::JointModelRevoluteUnboundedTpl<double, 0, 2>, pinocchio::JointModelRevoluteUnboundedUnalignedTpl<double, 0>, pinocchio::JointModelHelicalTpl<double, 0, 0>, pinocchio::JointModelHelicalTpl<double, 0, 1>, pinocchio::JointModelHelicalTpl<double, 0, 2>, pinocchio::JointModelHelicalUnalignedTpl<double, 0>, pinocchio::JointModelUniversalTpl<double, 0>, boost::recursive_wrapper<pinocchio::JointModelCompositeTpl<double, 0, pinocchio::JointCollectionDefaultTpl> >, boost::recursive_wrapper<pinocchio::JointModelMimicTpl<double, 0, pinocchio::JointCollectionDefaultTpl> >}]\x1b[m\x1b[K\xe2\x80\x99\n'}
[5.970677] (gim_arm_hardware) StderrLine: {'line': b' 1375 |     \x1b[01;36m\x1b[Kvariant\x1b[m\x1b[K()\n'}
[5.970704] (gim_arm_hardware) StderrLine: {'line': b'      |     \x1b[01;36m\x1b[K^~~~~~~\x1b[m\x1b[K\n'}
[5.970727] (gim_arm_hardware) StderrLine: {'line': b'\x1b[01m\x1b[K/usr/include/boost/variant/variant.hpp:1375:5:\x1b[m\x1b[K \x1b[01;36m\x1b[Knote: \x1b[m\x1b[K  candidate expects 0 arguments, 1 provided\n'}
[6.018348] (-) TimerEvent: {}
[6.118168] (gim_arm_hardware) StderrLine: {'line': b'In file included from \x1b[01m\x1b[K/usr/include/boost/variant/variant.hpp:31\x1b[m\x1b[K,\n'}
[6.118471] (-) TimerEvent: {}
[6.118580] (gim_arm_hardware) StderrLine: {'line': b'                 from \x1b[01m\x1b[K/usr/include/boost/variant.hpp:17\x1b[m\x1b[K,\n'}
[6.118659] (gim_arm_hardware) StderrLine: {'line': b'                 from \x1b[01m\x1b[K/opt/ros/humble/include/pinocchio/multibody.hpp:21\x1b[m\x1b[K,\n'}
[6.118720] (gim_arm_hardware) StderrLine: {'line': b'                 from \x1b[01m\x1b[K/opt/ros/humble/include/pinocchio/parsers/urdf.hpp:27\x1b[m\x1b[K,\n'}
[6.118774] (gim_arm_hardware) StderrLine: {'line': b'                 from \x1b[01m\x1b[K/home/minh/gim60108_ws/src/gim_arm_hardware/include/gim_arm_hardware/gim_arm_system.hpp:25\x1b[m\x1b[K,\n'}
[6.118827] (gim_arm_hardware) StderrLine: {'line': b'                 from \x1b[01m\x1b[K/home/minh/gim60108_ws/src/gim_arm_hardware/src/gim_arm_system.cpp:1\x1b[m\x1b[K:\n'}
[6.118891] (gim_arm_hardware) StderrLine: {'line': b'/usr/include/boost/variant/detail/make_variant_list.hpp: In instantiation of \xe2\x80\x98\x1b[01m\x1b[Kstruct boost::detail::variant::make_variant_list<pinocchio::JointDataRevoluteTpl<double, 0, 0>, pinocchio::JointDataRevoluteTpl<double, 0, 1>, pinocchio::JointDataRevoluteTpl<double, 0, 2>, pinocchio::JointDataFreeFlyerTpl<double, 0>, pinocchio::JointDataPlanarTpl<double, 0>, pinocchio::JointDataRevoluteUnalignedTpl<double, 0>, pinocchio::JointDataSphericalTpl<double, 0>, pinocchio::JointDataSphericalZYXTpl<double, 0>, pinocchio::JointDataEllipsoidTpl<double, 0>, pinocchio::JointDataPrismaticTpl<double, 0, 0>, pinocchio::JointDataPrismaticTpl<double, 0, 1>, pinocchio::JointDataPrismaticTpl<double, 0, 2>, pinocchio::JointDataPrismaticUnalignedTpl<double, 0>, pinocchio::JointDataTranslationTpl<double, 0>, pinocchio::JointDataRevoluteUnboundedTpl<double, 0, 0>, pinocchio::JointDataRevoluteUnboundedTpl<double, 0, 1>, pinocchio::JointDataRevoluteUnboundedTpl<double, 0, 2>, pinocchio::JointDataRevoluteUnboundedUnalignedTpl<double, 0>, pinocchio::JointDataHelicalTpl<double, 0, 0>, pinocchio::JointDataHelicalTpl<double, 0, 1>, pinocchio::JointDataHelicalTpl<double, 0, 2>, pinocchio::JointDataHelicalUnalignedTpl<double, 0>, pinocchio::JointDataUniversalTpl<double, 0>, boost::recursive_wrapper<pinocchio::JointDataCompositeTpl<double, 0, pinocchio::JointCollectionDefaultTpl> >, boost::recursive_wrapper<pinocchio::JointDataMimicTpl<double, 0, pinocchio::JointCollectionDefaultTpl> > >\x1b[m\x1b[K\xe2\x80\x99:\n'}
[6.118965] (gim_arm_hardware) StderrLine: {'line': b'\x1b[01m\x1b[K/usr/include/boost/mpl/eval_if.hpp:38:31:\x1b[m\x1b[K   required from \xe2\x80\x98\x1b[01m\x1b[Kstruct boost::mpl::eval_if<boost::variant<pinocchio::JointDataRevoluteTpl<double, 0, 0>, pinocchio::JointDataRevoluteTpl<double, 0, 1>, pinocchio::JointDataRevoluteTpl<double, 0, 2>, pinocchio::JointDataFreeFlyerTpl<double, 0>, pinocchio::JointDataPlanarTpl<double, 0>, pinocchio::JointDataRevoluteUnalignedTpl<double, 0>, pinocchio::JointDataSphericalTpl<double, 0>, pinocchio::JointDataSphericalZYXTpl<double, 0>, pinocchio::JointDataEllipsoidTpl<double, 0>, pinocchio::JointDataPrismaticTpl<double, 0, 0>, pinocchio::JointDataPrismaticTpl<double, 0, 1>, pinocchio::JointDataPrismaticTpl<double, 0, 2>, pinocchio::JointDataPrismaticUnalignedTpl<double, 0>, pinocchio::JointDataTranslationTpl<double, 0>, pinocchio::JointDataRevoluteUnboundedTpl<double, 0, 0>, pinocchio::JointDataRevoluteUnboundedTpl<double, 0, 1>, pinocchio::JointDataRevoluteUnboundedTpl<double, 0, 2>, pinocchio::JointDataRevoluteUnboundedUnalignedTpl<double, 0>, pinocchio::JointDataHelicalTpl<double, 0, 0>, pinocchio::JointDataHelicalTpl<double, 0, 1>, pinocchio::JointDataHelicalTpl<double, 0, 2>, pinocchio::JointDataHelicalUnalignedTpl<double, 0>, pinocchio::JointDataUniversalTpl<double, 0>, boost::recursive_wrapper<pinocchio::JointDataCompositeTpl<double, 0, pinocchio::JointCollectionDefaultTpl> >, boost::recursive_wrapper<pinocchio::JointDataMimicTpl<double, 0, pinocchio::JointCollectionDefaultTpl> > >::is_sequence_based_, pinocchio::JointDataRevoluteTpl<double, 0, 0>, boost::detail::variant::make_variant_list<pinocchio::JointDataRevoluteTpl<double, 0, 0>, pinocchio::JointDataRevoluteTpl<double, 0, 1>, pinocchio::JointDataRevoluteTpl<double, 0, 2>, pinocchio::JointDataFreeFlyerTpl<double, 0>, pinocchio::JointDataPlanarTpl<double, 0>, pinocchio::JointDataRevoluteUnalignedTpl<double, 0>, pinocchio::JointDataSphericalTpl<double, 0>, pinocchio::JointDataSphericalZYXTpl<double, 0>, pinocchio::JointDataEllipsoidTpl<double, 0>, pinocchio::JointDataPrismaticTpl<double, 0, 0>, pinocchio::JointDataPrismaticTpl<double, 0, 1>, pinocchio::JointDataPrismaticTpl<double, 0, 2>, pinocchio::JointDataPrismaticUnalignedTpl<double, 0>, pinocchio::JointDataTranslationTpl<double, 0>, pinocchio::JointDataRevoluteUnboundedTpl<double, 0, 0>, pinocchio::JointDataRevoluteUnboundedTpl<double, 0, 1>, pinocchio::JointDataRevoluteUnboundedTpl<double, 0, 2>, pinocchio::JointDataRevoluteUnboundedUnalignedTpl<double, 0>, pinocchio::JointDataHelicalTpl<double, 0, 0>, pinocchio::JointDataHelicalTpl<double, 0, 1>, pinocchio::JointDataHelicalTpl<double, 0, 2>, pinocchio::JointDataHelicalUnalignedTpl<double, 0>, pinocchio::JointDataUniversalTpl<double, 0>, boost::recursive_wrapper<pinocchio::JointDataCompositeTpl<double, 0, pinocchio::JointCollectionDefaultTpl> >, boost::recursive_wrapper<pinocchio::JointDataMimicTpl<double, 0, pinocchio::JointCollectionDefaultTpl> > > >\x1b[m\x1b[K\xe2\x80\x99\n'}
[6.119024] (gim_arm_hardware) StderrLine: {'line': b'\x1b[01m\x1b[K/usr/include/boost/variant/variant.hpp:1138:17:\x1b[m\x1b[K   required from \xe2\x80\x98\x1b[01m\x1b[Kclass boost::variant<pinocchio::JointDataRevoluteTpl<double, 0, 0>, pinocchio::JointDataRevoluteTpl<double, 0, 1>, pinocchio::JointDataRevoluteTpl<double, 0, 2>, pinocchio::JointDataFreeFlyerTpl<double, 0>, pinocchio::JointDataPlanarTpl<double, 0>, pinocchio::JointDataRevoluteUnalignedTpl<double, 0>, pinocchio::JointDataSphericalTpl<double, 0>, pinocchio::JointDataSphericalZYXTpl<double, 0>, pinocchio::JointDataEllipsoidTpl<double, 0>, pinocchio::JointDataPrismaticTpl<double, 0, 0>, pinocchio::JointDataPrismaticTpl<double, 0, 1>, pinocchio::JointDataPrismaticTpl<double, 0, 2>, pinocchio::JointDataPrismaticUnalignedTpl<double, 0>, pinocchio::JointDataTranslationTpl<double, 0>, pinocchio::JointDataRevoluteUnboundedTpl<double, 0, 0>, pinocchio::JointDataRevoluteUnboundedTpl<double, 0, 1>, pinocchio::JointDataRevoluteUnboundedTpl<double, 0, 2>, pinocchio::JointDataRevoluteUnboundedUnalignedTpl<double, 0>, pinocchio::JointDataHelicalTpl<double, 0, 0>, pinocchio::JointDataHelicalTpl<double, 0, 1>, pinocchio::JointDataHelicalTpl<double, 0, 2>, pinocchio::JointDataHelicalUnalignedTpl<double, 0>, pinocchio::JointDataUniversalTpl<double, 0>, boost::recursive_wrapper<pinocchio::JointDataCompositeTpl<double, 0, pinocchio::JointCollectionDefaultTpl> >, boost::recursive_wrapper<pinocchio::JointDataMimicTpl<double, 0, pinocchio::JointCollectionDefaultTpl> > >\x1b[m\x1b[K\xe2\x80\x99\n'}
[6.119058] (gim_arm_hardware) StderrLine: {'line': b'\x1b[01m\x1b[K/opt/ros/humble/include/pinocchio/src/multibody/joint/joint-generic.hxx:88:10:\x1b[m\x1b[K   required from \xe2\x80\x98\x1b[01m\x1b[Kstruct pinocchio::JointDataTpl<double>\x1b[m\x1b[K\xe2\x80\x99\n'}
[6.119085] (gim_arm_hardware) StderrLine: {'line': b'\x1b[01m\x1b[K/opt/ros/humble/include/pinocchio/src/multibody/data.hxx:802:40:\x1b[m\x1b[K   required from \xe2\x80\x98\x1b[01m\x1b[Kpinocchio::DataTpl<_Scalar, _Options, JointCollectionTpl>::DataTpl(const Model&) [with _Scalar = double; int _Options = 0; JointCollectionTpl = pinocchio::JointCollectionDefaultTpl; pinocchio::DataTpl<_Scalar, _Options, JointCollectionTpl>::Model = pinocchio::ModelTpl<double, 0>]\x1b[m\x1b[K\xe2\x80\x99\n'}
[6.119118] (gim_arm_hardware) StderrLine: {'line': b'\x1b[01m\x1b[K/usr/include/c++/11/bits/unique_ptr.h:962:30:\x1b[m\x1b[K   required from \xe2\x80\x98\x1b[01m\x1b[Ktypename std::_MakeUniq<_Tp>::__single_object std::make_unique(_Args&& ...) [with _Tp = pinocchio::DataTpl<double, 0>; _Args = {pinocchio::ModelTpl<double, 0, pinocchio::JointCollectionDefaultTpl>&}; typename std::_MakeUniq<_Tp>::__single_object = std::unique_ptr<pinocchio::DataTpl<double, 0> >]\x1b[m\x1b[K\xe2\x80\x99\n'}
[6.119148] (gim_arm_hardware) StderrLine: {'line': b'\x1b[01m\x1b[K/home/minh/gim60108_ws/src/gim_arm_hardware/src/gim_arm_system.cpp:134:52:\x1b[m\x1b[K   required from here\n'}
[6.119173] (gim_arm_hardware) StderrLine: {'line': b'\x1b[01m\x1b[K/usr/include/boost/variant/detail/make_variant_list.hpp:40:46:\x1b[m\x1b[K \x1b[01;31m\x1b[Kerror: \x1b[m\x1b[Kwrong number of template arguments (25, should be at least 0)\n'}
[6.119198] (gim_arm_hardware) StderrLine: {'line': b'   40 |     typedef typename mpl::list< T... >::type \x1b[01;31m\x1b[Ktype\x1b[m\x1b[K;\n'}
[6.119223] (gim_arm_hardware) StderrLine: {'line': b'      |                                              \x1b[01;31m\x1b[K^~~~\x1b[m\x1b[K\n'}
[6.119247] (gim_arm_hardware) StderrLine: {'line': b'In file included from \x1b[01m\x1b[K/usr/include/boost/mpl/aux_/include_preprocessed.hpp:37\x1b[m\x1b[K,\n'}
[6.119275] (gim_arm_hardware) StderrLine: {'line': b'                 from \x1b[01m\x1b[K/usr/include/boost/mpl/list.hpp:46\x1b[m\x1b[K,\n'}
[6.119299] (gim_arm_hardware) StderrLine: {'line': b'                 from \x1b[01m\x1b[K/usr/include/boost/math/policies/policy.hpp:9\x1b[m\x1b[K,\n'}
[6.119323] (gim_arm_hardware) StderrLine: {'line': b'                 from \x1b[01m\x1b[K/usr/include/boost/math/constants/constants.hpp:12\x1b[m\x1b[K,\n'}
[6.119347] (gim_arm_hardware) StderrLine: {'line': b'                 from \x1b[01m\x1b[K/opt/ros/humble/include/pinocchio/math.hpp:20\x1b[m\x1b[K,\n'}
[6.119370] (gim_arm_hardware) StderrLine: {'line': b'                 from \x1b[01m\x1b[K/opt/ros/humble/include/pinocchio/spatial.hpp:19\x1b[m\x1b[K,\n'}
[6.119394] (gim_arm_hardware) StderrLine: {'line': b'                 from \x1b[01m\x1b[K/opt/ros/humble/include/pinocchio/parsers/urdf.hpp:26\x1b[m\x1b[K,\n'}
[6.119418] (gim_arm_hardware) StderrLine: {'line': b'                 from \x1b[01m\x1b[K/home/minh/gim60108_ws/src/gim_arm_hardware/include/gim_arm_hardware/gim_arm_system.hpp:25\x1b[m\x1b[K,\n'}
[6.119443] (gim_arm_hardware) StderrLine: {'line': b'                 from \x1b[01m\x1b[K/home/minh/gim60108_ws/src/gim_arm_hardware/src/gim_arm_system.cpp:1\x1b[m\x1b[K:\n'}
[6.119467] (gim_arm_hardware) StderrLine: {'line': b'\x1b[01m\x1b[K/usr/include/boost/mpl/aux_/preprocessed/gcc/list.hpp:22:8:\x1b[m\x1b[K \x1b[01;36m\x1b[Knote: \x1b[m\x1b[Kprovided for \xe2\x80\x98\x1b[01m\x1b[Ktemplate<class T0, class T1, class T2, class T3, class T4, class T5, class T6, class T7, class T8, class T9, class T10, class T11, class T12, class T13, class T14, class T15, class T16, class T17, class T18, class T19> struct boost::mpl::list\x1b[m\x1b[K\xe2\x80\x99\n'}
[6.119492] (gim_arm_hardware) StderrLine: {'line': b'   22 | struct \x1b[01;36m\x1b[Klist\x1b[m\x1b[K;\n'}
[6.119517] (gim_arm_hardware) StderrLine: {'line': b'      |        \x1b[01;36m\x1b[K^~~~\x1b[m\x1b[K\n'}
[6.218624] (-) TimerEvent: {}
[6.319043] (-) TimerEvent: {}
[6.419340] (-) TimerEvent: {}
[6.519704] (-) TimerEvent: {}
[6.620149] (-) TimerEvent: {}
[6.720485] (-) TimerEvent: {}
[6.793116] (gim_arm_hardware) StderrLine: {'line': b'In file included from \x1b[01m\x1b[K/usr/include/boost/variant.hpp:17\x1b[m\x1b[K,\n'}
[6.793358] (gim_arm_hardware) StderrLine: {'line': b'                 from \x1b[01m\x1b[K/opt/ros/humble/include/pinocchio/multibody.hpp:21\x1b[m\x1b[K,\n'}
[6.793487] (gim_arm_hardware) StderrLine: {'line': b'                 from \x1b[01m\x1b[K/opt/ros/humble/include/pinocchio/parsers/urdf.hpp:27\x1b[m\x1b[K,\n'}
[6.793642] (gim_arm_hardware) StderrLine: {'line': b'                 from \x1b[01m\x1b[K/home/minh/gim60108_ws/src/gim_arm_hardware/include/gim_arm_hardware/gim_arm_system.hpp:25\x1b[m\x1b[K,\n'}
[6.793721] (gim_arm_hardware) StderrLine: {'line': b'                 from \x1b[01m\x1b[K/home/minh/gim60108_ws/src/gim_arm_hardware/src/gim_arm_system.cpp:1\x1b[m\x1b[K:\n'}
[6.793785] (gim_arm_hardware) StderrLine: {'line': b'/usr/include/boost/variant/variant.hpp: In instantiation of \xe2\x80\x98\x1b[01m\x1b[Ktypename Visitor::result_type boost::variant<T0, TN>::internal_apply_visitor(Visitor&) [with Visitor = boost::detail::variant::destroyer; T0_ = pinocchio::JointModelRevoluteTpl<double, 0, 0>; TN = {pinocchio::JointModelRevoluteTpl<double, 0, 1>, pinocchio::JointModelRevoluteTpl<double, 0, 2>, pinocchio::JointModelFreeFlyerTpl<double, 0>, pinocchio::JointModelPlanarTpl<double, 0>, pinocchio::JointModelRevoluteUnalignedTpl<double, 0>, pinocchio::JointModelSphericalTpl<double, 0>, pinocchio::JointModelSphericalZYXTpl<double, 0>, pinocchio::JointModelEllipsoidTpl<double, 0>, pinocchio::JointModelPrismaticTpl<double, 0, 0>, pinocchio::JointModelPrismaticTpl<double, 0, 1>, pinocchio::JointModelPrismaticTpl<double, 0, 2>, pinocchio::JointModelPrismaticUnalignedTpl<double, 0>, pinocchio::JointModelTranslationTpl<double, 0>, pinocchio::JointModelRevoluteUnboundedTpl<double, 0, 0>, pinocchio::JointModelRevoluteUnboundedTpl<double, 0, 1>, pinocchio::JointModelRevoluteUnboundedTpl<double, 0, 2>, pinocchio::JointModelRevoluteUnboundedUnalignedTpl<double, 0>, pinocchio::JointModelHelicalTpl<double, 0, 0>, pinocchio::JointModelHelicalTpl<double, 0, 1>, pinocchio::JointModelHelicalTpl<double, 0, 2>, pinocchio::JointModelHelicalUnalignedTpl<double, 0>, pinocchio::JointModelUniversalTpl<double, 0>, boost::recursive_wrapper<pinocchio::JointModelCompositeTpl<double, 0, pinocchio::JointCollectionDefaultTpl> >, boost::recursive_wrapper<pinocchio::JointModelMimicTpl<double, 0, pinocchio::JointCollectionDefaultTpl> >}; typename Visitor::result_type = void]\x1b[m\x1b[K\xe2\x80\x99:\n'}
[6.793837] (gim_arm_hardware) StderrLine: {'line': b'\x1b[01m\x1b[K/usr/include/boost/variant/variant.hpp:1365:37:\x1b[m\x1b[K   required from \xe2\x80\x98\x1b[01m\x1b[Kvoid boost::variant<T0, TN>::destroy_content() [with T0_ = pinocchio::JointModelRevoluteTpl<double, 0, 0>; TN = {pinocchio::JointModelRevoluteTpl<double, 0, 1>, pinocchio::JointModelRevoluteTpl<double, 0, 2>, pinocchio::JointModelFreeFlyerTpl<double, 0>, pinocchio::JointModelPlanarTpl<double, 0>, pinocchio::JointModelRevoluteUnalignedTpl<double, 0>, pinocchio::JointModelSphericalTpl<double, 0>, pinocchio::JointModelSphericalZYXTpl<double, 0>, pinocchio::JointModelEllipsoidTpl<double, 0>, pinocchio::JointModelPrismaticTpl<double, 0, 0>, pinocchio::JointModelPrismaticTpl<double, 0, 1>, pinocchio::JointModelPrismaticTpl<double, 0, 2>, pinocchio::JointModelPrismaticUnalignedTpl<double, 0>, pinocchio::JointModelTranslationTpl<double, 0>, pinocchio::JointModelRevoluteUnboundedTpl<double, 0, 0>, pinocchio::JointModelRevoluteUnboundedTpl<double, 0, 1>, pinocchio::JointModelRevoluteUnboundedTpl<double, 0, 2>, pinocchio::JointModelRevoluteUnboundedUnalignedTpl<double, 0>, pinocchio::JointModelHelicalTpl<double, 0, 0>, pinocchio::JointModelHelicalTpl<double, 0, 1>, pinocchio::JointModelHelicalTpl<double, 0, 2>, pinocchio::JointModelHelicalUnalignedTpl<double, 0>, pinocchio::JointModelUniversalTpl<double, 0>, boost::recursive_wrapper<pinocchio::JointModelCompositeTpl<double, 0, pinocchio::JointCollectionDefaultTpl> >, boost::recursive_wrapper<pinocchio::JointModelMimicTpl<double, 0, pinocchio::JointCollectionDefaultTpl> >}]\x1b[m\x1b[K\xe2\x80\x99\n'}
[6.793871] (gim_arm_hardware) StderrLine: {'line': b'\x1b[01m\x1b[K/usr/include/boost/variant/variant.hpp:1372:9:\x1b[m\x1b[K   required from \xe2\x80\x98\x1b[01m\x1b[Kboost::variant<T0, TN>::~variant() [with T0_ = pinocchio::JointModelRevoluteTpl<double, 0, 0>; TN = {pinocchio::JointModelRevoluteTpl<double, 0, 1>, pinocchio::JointModelRevoluteTpl<double, 0, 2>, pinocchio::JointModelFreeFlyerTpl<double, 0>, pinocchio::JointModelPlanarTpl<double, 0>, pinocchio::JointModelRevoluteUnalignedTpl<double, 0>, pinocchio::JointModelSphericalTpl<double, 0>, pinocchio::JointModelSphericalZYXTpl<double, 0>, pinocchio::JointModelEllipsoidTpl<double, 0>, pinocchio::JointModelPrismaticTpl<double, 0, 0>, pinocchio::JointModelPrismaticTpl<double, 0, 1>, pinocchio::JointModelPrismaticTpl<double, 0, 2>, pinocchio::JointModelPrismaticUnalignedTpl<double, 0>, pinocchio::JointModelTranslationTpl<double, 0>, pinocchio::JointModelRevoluteUnboundedTpl<double, 0, 0>, pinocchio::JointModelRevoluteUnboundedTpl<double, 0, 1>, pinocchio::JointModelRevoluteUnboundedTpl<double, 0, 2>, pinocchio::JointModelRevoluteUnboundedUnalignedTpl<double, 0>, pinocchio::JointModelHelicalTpl<double, 0, 0>, pinocchio::JointModelHelicalTpl<double, 0, 1>, pinocchio::JointModelHelicalTpl<double, 0, 2>, pinocchio::JointModelHelicalUnalignedTpl<double, 0>, pinocchio::JointModelUniversalTpl<double, 0>, boost::recursive_wrapper<pinocchio::JointModelCompositeTpl<double, 0, pinocchio::JointCollectionDefaultTpl> >, boost::recursive_wrapper<pinocchio::JointModelMimicTpl<double, 0, pinocchio::JointCollectionDefaultTpl> >}]\x1b[m\x1b[K\xe2\x80\x99\n'}
[6.793986] (gim_arm_hardware) StderrLine: {'line': b'\x1b[01m\x1b[K/opt/ros/humble/include/pinocchio/src/multibody/joint/joint-generic.hxx:256:10:\x1b[m\x1b[K   required from here\n'}
[6.794025] (gim_arm_hardware) StderrLine: {'line': b'\x1b[01m\x1b[K/usr/include/boost/variant/variant.hpp:2350:41:\x1b[m\x1b[K \x1b[01;31m\x1b[Kerror: \x1b[m\x1b[Kusing invalid field \xe2\x80\x98\x1b[01m\x1b[Kboost::variant<T0, TN>::storage_\x1b[m\x1b[K\xe2\x80\x99\n'}
[6.794057] (gim_arm_hardware) StderrLine: {'line': b' 2350 |               which_, which(), visitor, \x1b[01;31m\x1b[Kstorage_\x1b[m\x1b[K.address()\n'}
[6.794084] (gim_arm_hardware) StderrLine: {'line': b'      |                                         \x1b[01;31m\x1b[K^~~~~~~~\x1b[m\x1b[K\n'}
[6.820614] (-) TimerEvent: {}
[6.823467] (gim_arm_hardware) StderrLine: {'line': b'In file included from \x1b[01m\x1b[K/usr/include/boost/optional/optional.hpp:33\x1b[m\x1b[K,\n'}
[6.823660] (gim_arm_hardware) StderrLine: {'line': b'                 from \x1b[01m\x1b[K/usr/include/boost/optional.hpp:15\x1b[m\x1b[K,\n'}
[6.823752] (gim_arm_hardware) StderrLine: {'line': b'                 from \x1b[01m\x1b[K/opt/ros/humble/include/pinocchio/parsers/urdf.hpp:16\x1b[m\x1b[K,\n'}
[6.823826] (gim_arm_hardware) StderrLine: {'line': b'                 from \x1b[01m\x1b[K/home/minh/gim60108_ws/src/gim_arm_hardware/include/gim_arm_hardware/gim_arm_system.hpp:25\x1b[m\x1b[K,\n'}
[6.823907] (gim_arm_hardware) StderrLine: {'line': b'                 from \x1b[01m\x1b[K/home/minh/gim60108_ws/src/gim_arm_hardware/src/gim_arm_system.cpp:1\x1b[m\x1b[K:\n'}
[6.824000] (gim_arm_hardware) StderrLine: {'line': b'/usr/include/boost/variant/get.hpp: In instantiation of \xe2\x80\x98\x1b[01m\x1b[Ktypename boost::add_pointer<T>::type boost::strict_get(boost::variant<T0, TN ...>*) [with U = pinocchio::JointModelMimicTpl<double>; T0 = pinocchio::JointModelRevoluteTpl<double, 0, 0>; TN = {pinocchio::JointModelRevoluteTpl<double, 0, 1>, pinocchio::JointModelRevoluteTpl<double, 0, 2>, pinocchio::JointModelFreeFlyerTpl<double, 0>, pinocchio::JointModelPlanarTpl<double, 0>, pinocchio::JointModelRevoluteUnalignedTpl<double, 0>, pinocchio::JointModelSphericalTpl<double, 0>, pinocchio::JointModelSphericalZYXTpl<double, 0>, pinocchio::JointModelEllipsoidTpl<double, 0>, pinocchio::JointModelPrismaticTpl<double, 0, 0>, pinocchio::JointModelPrismaticTpl<double, 0, 1>, pinocchio::JointModelPrismaticTpl<double, 0, 2>, pinocchio::JointModelPrismaticUnalignedTpl<double, 0>, pinocchio::JointModelTranslationTpl<double, 0>, pinocchio::JointModelRevoluteUnboundedTpl<double, 0, 0>, pinocchio::JointModelRevoluteUnboundedTpl<double, 0, 1>, pinocchio::JointModelRevoluteUnboundedTpl<double, 0, 2>, pinocchio::JointModelRevoluteUnboundedUnalignedTpl<double, 0>, pinocchio::JointModelHelicalTpl<double, 0, 0>, pinocchio::JointModelHelicalTpl<double, 0, 1>, pinocchio::JointModelHelicalTpl<double, 0, 2>, pinocchio::JointModelHelicalUnalignedTpl<double, 0>, pinocchio::JointModelUniversalTpl<double, 0>, boost::recursive_wrapper<pinocchio::JointModelCompositeTpl<double, 0, pinocchio::JointCollectionDefaultTpl> >, boost::recursive_wrapper<pinocchio::JointModelMimicTpl<double, 0, pinocchio::JointCollectionDefaultTpl> >}; typename boost::add_pointer<T>::type = pinocchio::JointModelMimicTpl<double>*]\x1b[m\x1b[K\xe2\x80\x99:\n'}
[6.824099] (gim_arm_hardware) StderrLine: {'line': b'\x1b[01m\x1b[K/usr/include/boost/variant/get.hpp:319:25:\x1b[m\x1b[K   required from \xe2\x80\x98\x1b[01m\x1b[Ktypename boost::add_pointer<T>::type boost::get(boost::variant<T0, TN ...>*) [with U = pinocchio::JointModelMimicTpl<double>; T0 = pinocchio::JointModelRevoluteTpl<double, 0, 0>; TN = {pinocchio::JointModelRevoluteTpl<double, 0, 1>, pinocchio::JointModelRevoluteTpl<double, 0, 2>, pinocchio::JointModelFreeFlyerTpl<double, 0>, pinocchio::JointModelPlanarTpl<double, 0>, pinocchio::JointModelRevoluteUnalignedTpl<double, 0>, pinocchio::JointModelSphericalTpl<double, 0>, pinocchio::JointModelSphericalZYXTpl<double, 0>, pinocchio::JointModelEllipsoidTpl<double, 0>, pinocchio::JointModelPrismaticTpl<double, 0, 0>, pinocchio::JointModelPrismaticTpl<double, 0, 1>, pinocchio::JointModelPrismaticTpl<double, 0, 2>, pinocchio::JointModelPrismaticUnalignedTpl<double, 0>, pinocchio::JointModelTranslationTpl<double, 0>, pinocchio::JointModelRevoluteUnboundedTpl<double, 0, 0>, pinocchio::JointModelRevoluteUnboundedTpl<double, 0, 1>, pinocchio::JointModelRevoluteUnboundedTpl<double, 0, 2>, pinocchio::JointModelRevoluteUnboundedUnalignedTpl<double, 0>, pinocchio::JointModelHelicalTpl<double, 0, 0>, pinocchio::JointModelHelicalTpl<double, 0, 1>, pinocchio::JointModelHelicalTpl<double, 0, 2>, pinocchio::JointModelHelicalUnalignedTpl<double, 0>, pinocchio::JointModelUniversalTpl<double, 0>, boost::recursive_wrapper<pinocchio::JointModelCompositeTpl<double, 0, pinocchio::JointCollectionDefaultTpl> >, boost::recursive_wrapper<pinocchio::JointModelMimicTpl<double, 0, pinocchio::JointCollectionDefaultTpl> >}; typename boost::add_pointer<T>::type = pinocchio::JointModelMimicTpl<double>*]\x1b[m\x1b[K\xe2\x80\x99\n'}
[6.824179] (gim_arm_hardware) StderrLine: {'line': b'\x1b[01m\x1b[K/opt/ros/humble/include/pinocchio/src/multibody/model.hxx:979:76:\x1b[m\x1b[K   required from \xe2\x80\x98\x1b[01m\x1b[Kpinocchio::ModelTpl<_Scalar, _Options, JointCollectionTpl>::JointIndex pinocchio::ModelTpl<_Scalar, _Options, JointCollectionTpl>::addJoint(pinocchio::ModelTpl<_Scalar, _Options, JointCollectionTpl>::JointIndex, const JointModel&, const SE3&, const string&, const VectorXs&, const VectorXs&, const VectorXs&, const VectorXs&, const VectorXs&, const VectorXs&, const VectorXs&, const VectorXs&, const VectorXs&, const VectorXs&) [with _Scalar = double; int _Options = 0; JointCollectionTpl = pinocchio::JointCollectionDefaultTpl; pinocchio::ModelTpl<_Scalar, _Options, JointCollectionTpl>::JointIndex = long unsigned int; pinocchio::ModelTpl<_Scalar, _Options, JointCollectionTpl>::JointModel = pinocchio::JointModelTpl<double>; pinocchio::ModelTpl<_Scalar, _Options, JointCollectionTpl>::SE3 = pinocchio::SE3Tpl<double, 0>; std::string = std::__cxx11::basic_string<char>; pinocchio::ModelTpl<_Scalar, _Options, JointCollectionTpl>::VectorXs = Eigen::Matrix<double, -1, 1>]\x1b[m\x1b[K\xe2\x80\x99\n'}
[6.824261] (gim_arm_hardware) StderrLine: {'line': b'\x1b[01m\x1b[K/opt/ros/humble/include/pinocchio/src/parsers/urdf/model.hxx:235:38:\x1b[m\x1b[K   required from here\n'}
[6.824325] (gim_arm_hardware) StderrLine: {'line': b'\x1b[01m\x1b[K/usr/include/boost/variant/get.hpp:220:5:\x1b[m\x1b[K \x1b[01;31m\x1b[Kerror: \x1b[m\x1b[K\xe2\x80\x98\x1b[01m\x1b[Kvalue\x1b[m\x1b[K\xe2\x80\x99 is not a member of \xe2\x80\x98\x1b[01m\x1b[Kboost::detail::variant::holds_element<boost::variant<pinocchio::JointModelRevoluteTpl<double, 0, 0>, pinocchio::JointModelRevoluteTpl<double, 0, 1>, pinocchio::JointModelRevoluteTpl<double, 0, 2>, pinocchio::JointModelFreeFlyerTpl<double, 0>, pinocchio::JointModelPlanarTpl<double, 0>, pinocchio::JointModelRevoluteUnalignedTpl<double, 0>, pinocchio::JointModelSphericalTpl<double, 0>, pinocchio::JointModelSphericalZYXTpl<double, 0>, pinocchio::JointModelEllipsoidTpl<double, 0>, pinocchio::JointModelPrismaticTpl<double, 0, 0>, pinocchio::JointModelPrismaticTpl<double, 0, 1>, pinocchio::JointModelPrismaticTpl<double, 0, 2>, pinocchio::JointModelPrismaticUnalignedTpl<double, 0>, pinocchio::JointModelTranslationTpl<double, 0>, pinocchio::JointModelRevoluteUnboundedTpl<double, 0, 0>, pinocchio::JointModelRevoluteUnboundedTpl<double, 0, 1>, pinocchio::JointModelRevoluteUnboundedTpl<double, 0, 2>, pinocchio::JointModelRevoluteUnboundedUnalignedTpl<double, 0>, pinocchio::JointModelHelicalTpl<double, 0, 0>, pinocchio::JointModelHelicalTpl<double, 0, 1>, pinocchio::JointModelHelicalTpl<double, 0, 2>, pinocchio::JointModelHelicalUnalignedTpl<double, 0>, pinocchio::JointModelUniversalTpl<double, 0>, boost::recursive_wrapper<pinocchio::JointModelCompositeTpl<double, 0, pinocchio::JointCollectionDefaultTpl> >, boost::recursive_wrapper<pinocchio::JointModelMimicTpl<double, 0, pinocchio::JointCollectionDefaultTpl> > >, pinocchio::JointModelMimicTpl<double> >\x1b[m\x1b[K\xe2\x80\x99\n'}
[6.824417] (gim_arm_hardware) StderrLine: {'line': b'  220 |     \x1b[01;31m\x1b[KBOOST_STATIC_ASSERT_MSG\x1b[m\x1b[K(\n'}
[6.824478] (gim_arm_hardware) StderrLine: {'line': b'      |     \x1b[01;31m\x1b[K^~~~~~~~~~~~~~~~~~~~~~~\x1b[m\x1b[K\n'}
[6.920749] (-) TimerEvent: {}
[7.021107] (-) TimerEvent: {}
[7.121463] (-) TimerEvent: {}
[7.221814] (-) TimerEvent: {}
[7.293038] (gim_arm_hardware) StderrLine: {'line': b'In file included from \x1b[01m\x1b[K/usr/include/boost/variant.hpp:17\x1b[m\x1b[K,\n'}
[7.293254] (gim_arm_hardware) StderrLine: {'line': b'                 from \x1b[01m\x1b[K/opt/ros/humble/include/pinocchio/multibody.hpp:21\x1b[m\x1b[K,\n'}
[7.293363] (gim_arm_hardware) StderrLine: {'line': b'                 from \x1b[01m\x1b[K/opt/ros/humble/include/pinocchio/parsers/urdf.hpp:27\x1b[m\x1b[K,\n'}
[7.293437] (gim_arm_hardware) StderrLine: {'line': b'                 from \x1b[01m\x1b[K/home/minh/gim60108_ws/src/gim_arm_hardware/include/gim_arm_hardware/gim_arm_system.hpp:25\x1b[m\x1b[K,\n'}
[7.293509] (gim_arm_hardware) StderrLine: {'line': b'                 from \x1b[01m\x1b[K/home/minh/gim60108_ws/src/gim_arm_hardware/src/gim_arm_system.cpp:1\x1b[m\x1b[K:\n'}
[7.293583] (gim_arm_hardware) StderrLine: {'line': b'/usr/include/boost/variant/variant.hpp: In instantiation of \xe2\x80\x98\x1b[01m\x1b[Kboost::variant<T0, TN>::variant(boost::variant<T0, TN>&&) [with T0_ = pinocchio::JointModelRevoluteTpl<double, 0, 0>; TN = {pinocchio::JointModelRevoluteTpl<double, 0, 1>, pinocchio::JointModelRevoluteTpl<double, 0, 2>, pinocchio::JointModelFreeFlyerTpl<double, 0>, pinocchio::JointModelPlanarTpl<double, 0>, pinocchio::JointModelRevoluteUnalignedTpl<double, 0>, pinocchio::JointModelSphericalTpl<double, 0>, pinocchio::JointModelSphericalZYXTpl<double, 0>, pinocchio::JointModelEllipsoidTpl<double, 0>, pinocchio::JointModelPrismaticTpl<double, 0, 0>, pinocchio::JointModelPrismaticTpl<double, 0, 1>, pinocchio::JointModelPrismaticTpl<double, 0, 2>, pinocchio::JointModelPrismaticUnalignedTpl<double, 0>, pinocchio::JointModelTranslationTpl<double, 0>, pinocchio::JointModelRevoluteUnboundedTpl<double, 0, 0>, pinocchio::JointModelRevoluteUnboundedTpl<double, 0, 1>, pinocchio::JointModelRevoluteUnboundedTpl<double, 0, 2>, pinocchio::JointModelRevoluteUnboundedUnalignedTpl<double, 0>, pinocchio::JointModelHelicalTpl<double, 0, 0>, pinocchio::JointModelHelicalTpl<double, 0, 1>, pinocchio::JointModelHelicalTpl<double, 0, 2>, pinocchio::JointModelHelicalUnalignedTpl<double, 0>, pinocchio::JointModelUniversalTpl<double, 0>, boost::recursive_wrapper<pinocchio::JointModelCompositeTpl<double, 0, pinocchio::JointCollectionDefaultTpl> >, boost::recursive_wrapper<pinocchio::JointModelMimicTpl<double, 0, pinocchio::JointCollectionDefaultTpl> >}]\x1b[m\x1b[K\xe2\x80\x99:\n'}
[7.293685] (gim_arm_hardware) StderrLine: {'line': b'\x1b[01m\x1b[K/opt/ros/humble/include/pinocchio/src/multibody/joint/joint-generic.hxx:256:10:\x1b[m\x1b[K   required from \xe2\x80\x98\x1b[01m\x1b[Kvoid __gnu_cxx::new_allocator<_Tp>::construct(_Up*, _Args&& ...) [with _Up = pinocchio::JointModelTpl<double>; _Args = {pinocchio::JointModelTpl<double, 0, pinocchio::JointCollectionDefaultTpl>}; _Tp = pinocchio::JointModelTpl<double>]\x1b[m\x1b[K\xe2\x80\x99\n'}
[7.293761] (gim_arm_hardware) StderrLine: {'line': b'\x1b[01m\x1b[K/usr/include/c++/11/bits/alloc_traits.h:516:17:\x1b[m\x1b[K   required from \xe2\x80\x98\x1b[01m\x1b[Kstatic void std::allocator_traits<std::allocator<_CharT> >::construct(std::allocator_traits<std::allocator<_CharT> >::allocator_type&, _Up*, _Args&& ...) [with _Up = pinocchio::JointModelTpl<double>; _Args = {pinocchio::JointModelTpl<double, 0, pinocchio::JointCollectionDefaultTpl>}; _Tp = pinocchio::JointModelTpl<double>; std::allocator_traits<std::allocator<_CharT> >::allocator_type = std::allocator<pinocchio::JointModelTpl<double> >]\x1b[m\x1b[K\xe2\x80\x99\n'}
[7.293837] (gim_arm_hardware) StderrLine: {'line': b'\x1b[01m\x1b[K/usr/include/c++/11/bits/vector.tcc:115:30:\x1b[m\x1b[K   required from \xe2\x80\x98\x1b[01m\x1b[Kstd::vector<_Tp, _Alloc>::reference std::vector<_Tp, _Alloc>::emplace_back(_Args&& ...) [with _Args = {pinocchio::JointModelTpl<double, 0, pinocchio::JointCollectionDefaultTpl>}; _Tp = pinocchio::JointModelTpl<double>; _Alloc = std::allocator<pinocchio::JointModelTpl<double> >; std::vector<_Tp, _Alloc>::reference = pinocchio::JointModelTpl<double>&]\x1b[m\x1b[K\xe2\x80\x99\n'}
[7.293916] (gim_arm_hardware) StderrLine: {'line': b'\x1b[01m\x1b[K/usr/include/c++/11/bits/stl_vector.h:1204:21:\x1b[m\x1b[K   required from \xe2\x80\x98\x1b[01m\x1b[Kvoid std::vector<_Tp, _Alloc>::push_back(std::vector<_Tp, _Alloc>::value_type&&) [with _Tp = pinocchio::JointModelTpl<double>; _Alloc = std::allocator<pinocchio::JointModelTpl<double> >; std::vector<_Tp, _Alloc>::value_type = pinocchio::JointModelTpl<double>]\x1b[m\x1b[K\xe2\x80\x99\n'}
[7.293985] (gim_arm_hardware) StderrLine: {'line': b'\x1b[01m\x1b[K/opt/ros/humble/include/pinocchio/src/multibody/model.hxx:867:21:\x1b[m\x1b[K   required from \xe2\x80\x98\x1b[01m\x1b[Kpinocchio::ModelTpl<_Scalar, _Options, JointCollectionTpl>::JointIndex pinocchio::ModelTpl<_Scalar, _Options, JointCollectionTpl>::addJoint(pinocchio::ModelTpl<_Scalar, _Options, JointCollectionTpl>::JointIndex, const JointModel&, const SE3&, const string&, const VectorXs&, const VectorXs&, const VectorXs&, const VectorXs&, const VectorXs&, const VectorXs&, const VectorXs&, const VectorXs&, const VectorXs&, const VectorXs&) [with _Scalar = double; int _Options = 0; JointCollectionTpl = pinocchio::JointCollectionDefaultTpl; pinocchio::ModelTpl<_Scalar, _Options, JointCollectionTpl>::JointIndex = long unsigned int; pinocchio::ModelTpl<_Scalar, _Options, JointCollectionTpl>::JointModel = pinocchio::JointModelTpl<double>; pinocchio::ModelTpl<_Scalar, _Options, JointCollectionTpl>::SE3 = pinocchio::SE3Tpl<double, 0>; std::string = std::__cxx11::basic_string<char>; pinocchio::ModelTpl<_Scalar, _Options, JointCollectionTpl>::VectorXs = Eigen::Matrix<double, -1, 1>]\x1b[m\x1b[K\xe2\x80\x99\n'}
[7.294064] (gim_arm_hardware) StderrLine: {'line': b'\x1b[01m\x1b[K/opt/ros/humble/include/pinocchio/src/parsers/urdf/model.hxx:235:38:\x1b[m\x1b[K   required from here\n'}
[7.294127] (gim_arm_hardware) StderrLine: {'line': b'\x1b[01m\x1b[K/usr/include/boost/variant/variant.hpp:1773:45:\x1b[m\x1b[K \x1b[01;31m\x1b[Kerror: \x1b[m\x1b[Kusing invalid field \xe2\x80\x98\x1b[01m\x1b[Kboost::variant<T0, TN>::storage_\x1b[m\x1b[K\xe2\x80\x99\n'}
[7.294189] (gim_arm_hardware) StderrLine: {'line': b' 1773 |         detail::variant::move_into visitor( \x1b[01;31m\x1b[Kstorage_\x1b[m\x1b[K.address() );\n'}
[7.294254] (gim_arm_hardware) StderrLine: {'line': b'      |                                             \x1b[01;31m\x1b[K^~~~~~~~\x1b[m\x1b[K\n'}
[7.312706] (gim_arm_hardware) StderrLine: {'line': b'/usr/include/boost/variant/variant.hpp: In instantiation of \xe2\x80\x98\x1b[01m\x1b[Ktypename Visitor::result_type boost::variant<T0, TN>::internal_apply_visitor(Visitor&) const [with Visitor = boost::detail::variant::invoke_visitor<const pinocchio::CheckMimicVisitor<pinocchio::JointModelTpl<double> >, false>; T0_ = pinocchio::JointModelRevoluteTpl<double, 0, 0>; TN = {pinocchio::JointModelRevoluteTpl<double, 0, 1>, pinocchio::JointModelRevoluteTpl<double, 0, 2>, pinocchio::JointModelFreeFlyerTpl<double, 0>, pinocchio::JointModelPlanarTpl<double, 0>, pinocchio::JointModelRevoluteUnalignedTpl<double, 0>, pinocchio::JointModelSphericalTpl<double, 0>, pinocchio::JointModelSphericalZYXTpl<double, 0>, pinocchio::JointModelEllipsoidTpl<double, 0>, pinocchio::JointModelPrismaticTpl<double, 0, 0>, pinocchio::JointModelPrismaticTpl<double, 0, 1>, pinocchio::JointModelPrismaticTpl<double, 0, 2>, pinocchio::JointModelPrismaticUnalignedTpl<double, 0>, pinocchio::JointModelTranslationTpl<double, 0>, pinocchio::JointModelRevoluteUnboundedTpl<double, 0, 0>, pinocchio::JointModelRevoluteUnboundedTpl<double, 0, 1>, pinocchio::JointModelRevoluteUnboundedTpl<double, 0, 2>, pinocchio::JointModelRevoluteUnboundedUnalignedTpl<double, 0>, pinocchio::JointModelHelicalTpl<double, 0, 0>, pinocchio::JointModelHelicalTpl<double, 0, 1>, pinocchio::JointModelHelicalTpl<double, 0, 2>, pinocchio::JointModelHelicalUnalignedTpl<double, 0>, pinocchio::JointModelUniversalTpl<double, 0>, boost::recursive_wrapper<pinocchio::JointModelCompositeTpl<double, 0, pinocchio::JointCollectionDefaultTpl> >, boost::recursive_wrapper<pinocchio::JointModelMimicTpl<double, 0, pinocchio::JointCollectionDefaultTpl> >}; typename Visitor::result_type = pinocchio::JointModelTpl<double>]\x1b[m\x1b[K\xe2\x80\x99:\n'}
[7.312967] (gim_arm_hardware) StderrLine: {'line': b'\x1b[01m\x1b[K/usr/include/boost/variant/variant.hpp:2404:44:\x1b[m\x1b[K   required from \xe2\x80\x98\x1b[01m\x1b[Ktypename Visitor::result_type boost::variant<T0, TN>::apply_visitor(Visitor&) const & [with Visitor = const pinocchio::CheckMimicVisitor<pinocchio::JointModelTpl<double> >; T0_ = pinocchio::JointModelRevoluteTpl<double, 0, 0>; TN = {pinocchio::JointModelRevoluteTpl<double, 0, 1>, pinocchio::JointModelRevoluteTpl<double, 0, 2>, pinocchio::JointModelFreeFlyerTpl<double, 0>, pinocchio::JointModelPlanarTpl<double, 0>, pinocchio::JointModelRevoluteUnalignedTpl<double, 0>, pinocchio::JointModelSphericalTpl<double, 0>, pinocchio::JointModelSphericalZYXTpl<double, 0>, pinocchio::JointModelEllipsoidTpl<double, 0>, pinocchio::JointModelPrismaticTpl<double, 0, 0>, pinocchio::JointModelPrismaticTpl<double, 0, 1>, pinocchio::JointModelPrismaticTpl<double, 0, 2>, pinocchio::JointModelPrismaticUnalignedTpl<double, 0>, pinocchio::JointModelTranslationTpl<double, 0>, pinocchio::JointModelRevoluteUnboundedTpl<double, 0, 0>, pinocchio::JointModelRevoluteUnboundedTpl<double, 0, 1>, pinocchio::JointModelRevoluteUnboundedTpl<double, 0, 2>, pinocchio::JointModelRevoluteUnboundedUnalignedTpl<double, 0>, pinocchio::JointModelHelicalTpl<double, 0, 0>, pinocchio::JointModelHelicalTpl<double, 0, 1>, pinocchio::JointModelHelicalTpl<double, 0, 2>, pinocchio::JointModelHelicalUnalignedTpl<double, 0>, pinocchio::JointModelUniversalTpl<double, 0>, boost::recursive_wrapper<pinocchio::JointModelCompositeTpl<double, 0, pinocchio::JointCollectionDefaultTpl> >, boost::recursive_wrapper<pinocchio::JointModelMimicTpl<double, 0, pinocchio::JointCollectionDefaultTpl> >}; typename Visitor::result_type = pinocchio::JointModelTpl<double>]\x1b[m\x1b[K\xe2\x80\x99\n'}
[7.313084] (gim_arm_hardware) StderrLine: {'line': b'\x1b[01m\x1b[K/usr/include/boost/variant/detail/apply_visitor_unary.hpp:68:64:\x1b[m\x1b[K   required from \xe2\x80\x98\x1b[01m\x1b[Ktypename Visitor::result_type boost::apply_visitor(const Visitor&, Visitable&&) [with Visitor = pinocchio::CheckMimicVisitor<pinocchio::JointModelTpl<double> >; Visitable = const pinocchio::JointModelTpl<double>&; typename Visitor::result_type = pinocchio::JointModelTpl<double>]\x1b[m\x1b[K\xe2\x80\x99\n'}
[7.313173] (gim_arm_hardware) StderrLine: {'line': b'\x1b[01m\x1b[K/opt/ros/humble/include/pinocchio/src/multibody/joint/joint-basic-visitors.hxx:1546:32:\x1b[m\x1b[K   required from \xe2\x80\x98\x1b[01m\x1b[KJointModel pinocchio::checkMimic(const JointModel&) [with JointModel = pinocchio::JointModelTpl<double>]\x1b[m\x1b[K\xe2\x80\x99\n'}
[7.313252] (gim_arm_hardware) StderrLine: {'line': b'\x1b[01m\x1b[K/opt/ros/humble/include/pinocchio/src/multibody/joint/joint-mimic.hxx:582:36:\x1b[m\x1b[K   required from \xe2\x80\x98\x1b[01m\x1b[Kpinocchio::JointModelMimicTpl<Scalar, Options, JointCollectionTpl>::JointModelMimicTpl(const pinocchio::JointModelBase<OtherDerived>&, const pinocchio::JointModelBase<JointModelDerived2>&, const Scalar&, const Scalar&) [with JointModelMimicking = pinocchio::JointModelRevoluteTpl<double, 0, 0>; JointModelMimicked = pinocchio::JointModelTpl<double>; _Scalar = double; int _Options = 0; JointCollectionTpl = pinocchio::JointCollectionDefaultTpl; pinocchio::JointModelMimicTpl<Scalar, Options, JointCollectionTpl>::Scalar = double]\x1b[m\x1b[K\xe2\x80\x99\n'}
[7.313342] (gim_arm_hardware) StderrLine: {'line': b'\x1b[01m\x1b[K/opt/ros/humble/include/pinocchio/src/parsers/urdf/model.hxx:556:41:\x1b[m\x1b[K   required from \xe2\x80\x98\x1b[01m\x1b[Kpinocchio::JointIndex pinocchio::urdf::details::UrdfVisitor::addMimicJoint(const Frame&, const SE3&, const string&, const VectorConstRef&, const VectorConstRef&, const VectorConstRef&, const VectorConstRef&, const VectorConstRef&, const VectorConstRef&, const VectorConstRef&, const VectorConstRef&, const VectorConstRef&, const VectorConstRef&, const pinocchio::urdf::details::MimicInfo&) [with TypeX = pinocchio::JointModelRevoluteTpl<double, 0, 0>; TypeY = pinocchio::JointModelRevoluteTpl<double, 0, 1>; TypeZ = pinocchio::JointModelRevoluteTpl<double, 0, 2>; TypeUnaligned = pinocchio::JointModelRevoluteUnalignedTpl<double>; pinocchio::JointIndex = long unsigned int; pinocchio::urdf::details::UrdfVisitor::Frame = pinocchio::FrameTpl<double, 0>; pinocchio::urdf::details::UrdfVisitor::SE3 = pinocchio::SE3Tpl<double, 0>; std::string = std::__cxx11::basic_string<char>; pinocchio::urdf::details::UrdfVisitor::VectorConstRef = Eigen::Ref<const Eigen::Matrix<double, -1, 1> >]\x1b[m\x1b[K\xe2\x80\x99\n'}
[7.313430] (gim_arm_hardware) StderrLine: {'line': b'\x1b[01m\x1b[K/opt/ros/humble/include/pinocchio/src/parsers/urdf/model.hxx:290:73:\x1b[m\x1b[K   required from here\n'}
[7.313498] (gim_arm_hardware) StderrLine: {'line': b'\x1b[01m\x1b[K/usr/include/boost/variant/variant.hpp:2359:41:\x1b[m\x1b[K \x1b[01;31m\x1b[Kerror: \x1b[m\x1b[Kusing invalid field \xe2\x80\x98\x1b[01m\x1b[Kboost::variant<T0, TN>::storage_\x1b[m\x1b[K\xe2\x80\x99\n'}
[7.313562] (gim_arm_hardware) StderrLine: {'line': b' 2359 |               which_, which(), visitor, \x1b[01;31m\x1b[Kstorage_\x1b[m\x1b[K.address()\n'}
[7.313629] (gim_arm_hardware) StderrLine: {'line': b'      |                                         \x1b[01;31m\x1b[K^~~~~~~~\x1b[m\x1b[K\n'}
[7.321964] (-) TimerEvent: {}
[7.378822] (gim_arm_hardware) StderrLine: {'line': b'/usr/include/boost/variant/variant.hpp: In instantiation of \xe2\x80\x98\x1b[01m\x1b[Ktypename Visitor::result_type boost::variant<T0, TN>::internal_apply_visitor(Visitor&) const [with Visitor = boost::detail::variant::invoke_visitor<const pinocchio::CreateJointData<double, 0, pinocchio::JointCollectionDefaultTpl>, false>; T0_ = pinocchio::JointModelRevoluteTpl<double, 0, 0>; TN = {pinocchio::JointModelRevoluteTpl<double, 0, 1>, pinocchio::JointModelRevoluteTpl<double, 0, 2>, pinocchio::JointModelFreeFlyerTpl<double, 0>, pinocchio::JointModelPlanarTpl<double, 0>, pinocchio::JointModelRevoluteUnalignedTpl<double, 0>, pinocchio::JointModelSphericalTpl<double, 0>, pinocchio::JointModelSphericalZYXTpl<double, 0>, pinocchio::JointModelEllipsoidTpl<double, 0>, pinocchio::JointModelPrismaticTpl<double, 0, 0>, pinocchio::JointModelPrismaticTpl<double, 0, 1>, pinocchio::JointModelPrismaticTpl<double, 0, 2>, pinocchio::JointModelPrismaticUnalignedTpl<double, 0>, pinocchio::JointModelTranslationTpl<double, 0>, pinocchio::JointModelRevoluteUnboundedTpl<double, 0, 0>, pinocchio::JointModelRevoluteUnboundedTpl<double, 0, 1>, pinocchio::JointModelRevoluteUnboundedTpl<double, 0, 2>, pinocchio::JointModelRevoluteUnboundedUnalignedTpl<double, 0>, pinocchio::JointModelHelicalTpl<double, 0, 0>, pinocchio::JointModelHelicalTpl<double, 0, 1>, pinocchio::JointModelHelicalTpl<double, 0, 2>, pinocchio::JointModelHelicalUnalignedTpl<double, 0>, pinocchio::JointModelUniversalTpl<double, 0>, boost::recursive_wrapper<pinocchio::JointModelCompositeTpl<double, 0, pinocchio::JointCollectionDefaultTpl> >, boost::recursive_wrapper<pinocchio::JointModelMimicTpl<double, 0, pinocchio::JointCollectionDefaultTpl> >}; typename Visitor::result_type = pinocchio::JointDataTpl<double>]\x1b[m\x1b[K\xe2\x80\x99:\n'}
[7.379190] (gim_arm_hardware) StderrLine: {'line': b'\x1b[01m\x1b[K/usr/include/boost/variant/variant.hpp:2404:44:\x1b[m\x1b[K   required from \xe2\x80\x98\x1b[01m\x1b[Ktypename Visitor::result_type boost::variant<T0, TN>::apply_visitor(Visitor&) const & [with Visitor = const pinocchio::CreateJointData<double, 0, pinocchio::JointCollectionDefaultTpl>; T0_ = pinocchio::JointModelRevoluteTpl<double, 0, 0>; TN = {pinocchio::JointModelRevoluteTpl<double, 0, 1>, pinocchio::JointModelRevoluteTpl<double, 0, 2>, pinocchio::JointModelFreeFlyerTpl<double, 0>, pinocchio::JointModelPlanarTpl<double, 0>, pinocchio::JointModelRevoluteUnalignedTpl<double, 0>, pinocchio::JointModelSphericalTpl<double, 0>, pinocchio::JointModelSphericalZYXTpl<double, 0>, pinocchio::JointModelEllipsoidTpl<double, 0>, pinocchio::JointModelPrismaticTpl<double, 0, 0>, pinocchio::JointModelPrismaticTpl<double, 0, 1>, pinocchio::JointModelPrismaticTpl<double, 0, 2>, pinocchio::JointModelPrismaticUnalignedTpl<double, 0>, pinocchio::JointModelTranslationTpl<double, 0>, pinocchio::JointModelRevoluteUnboundedTpl<double, 0, 0>, pinocchio::JointModelRevoluteUnboundedTpl<double, 0, 1>, pinocchio::JointModelRevoluteUnboundedTpl<double, 0, 2>, pinocchio::JointModelRevoluteUnboundedUnalignedTpl<double, 0>, pinocchio::JointModelHelicalTpl<double, 0, 0>, pinocchio::JointModelHelicalTpl<double, 0, 1>, pinocchio::JointModelHelicalTpl<double, 0, 2>, pinocchio::JointModelHelicalUnalignedTpl<double, 0>, pinocchio::JointModelUniversalTpl<double, 0>, boost::recursive_wrapper<pinocchio::JointModelCompositeTpl<double, 0, pinocchio::JointCollectionDefaultTpl> >, boost::recursive_wrapper<pinocchio::JointModelMimicTpl<double, 0, pinocchio::JointCollectionDefaultTpl> >}; typename Visitor::result_type = pinocchio::JointDataTpl<double>]\x1b[m\x1b[K\xe2\x80\x99\n'}
[7.379280] (gim_arm_hardware) StderrLine: {'line': b'\x1b[01m\x1b[K/usr/include/boost/variant/detail/apply_visitor_unary.hpp:68:64:\x1b[m\x1b[K   required from \xe2\x80\x98\x1b[01m\x1b[Ktypename Visitor::result_type boost::apply_visitor(const Visitor&, Visitable&&) [with Visitor = pinocchio::CreateJointData<double, 0, pinocchio::JointCollectionDefaultTpl>; Visitable = const boost::variant<pinocchio::JointModelRevoluteTpl<double, 0, 0>, pinocchio::JointModelRevoluteTpl<double, 0, 1>, pinocchio::JointModelRevoluteTpl<double, 0, 2>, pinocchio::JointModelFreeFlyerTpl<double, 0>, pinocchio::JointModelPlanarTpl<double, 0>, pinocchio::JointModelRevoluteUnalignedTpl<double, 0>, pinocchio::JointModelSphericalTpl<double, 0>, pinocchio::JointModelSphericalZYXTpl<double, 0>, pinocchio::JointModelEllipsoidTpl<double, 0>, pinocchio::JointModelPrismaticTpl<double, 0, 0>, pinocchio::JointModelPrismaticTpl<double, 0, 1>, pinocchio::JointModelPrismaticTpl<double, 0, 2>, pinocchio::JointModelPrismaticUnalignedTpl<double, 0>, pinocchio::JointModelTranslationTpl<double, 0>, pinocchio::JointModelRevoluteUnboundedTpl<double, 0, 0>, pinocchio::JointModelRevoluteUnboundedTpl<double, 0, 1>, pinocchio::JointModelRevoluteUnboundedTpl<double, 0, 2>, pinocchio::JointModelRevoluteUnboundedUnalignedTpl<double, 0>, pinocchio::JointModelHelicalTpl<double, 0, 0>, pinocchio::JointModelHelicalTpl<double, 0, 1>, pinocchio::JointModelHelicalTpl<double, 0, 2>, pinocchio::JointModelHelicalUnalignedTpl<double, 0>, pinocchio::JointModelUniversalTpl<double, 0>, boost::recursive_wrapper<pinocchio::JointModelCompositeTpl<double, 0, pinocchio::JointCollectionDefaultTpl> >, boost::recursive_wrapper<pinocchio::JointModelMimicTpl<double, 0, pinocchio::JointCollectionDefaultTpl> > >&; typename Visitor::result_type = pinocchio::JointDataTpl<double>]\x1b[m\x1b[K\xe2\x80\x99\n'}
[7.379371] (gim_arm_hardware) StderrLine: {'line': b'\x1b[01m\x1b[K/opt/ros/humble/include/pinocchio/src/multibody/joint/joint-basic-visitors.hxx:550:34:\x1b[m\x1b[K   required from \xe2\x80\x98\x1b[01m\x1b[Kstatic pinocchio::CreateJointData<Scalar, Options, JointCollectionTpl>::JointDataVariant pinocchio::CreateJointData<Scalar, Options, JointCollectionTpl>::run(const JointModelVariant&) [with Scalar = double; int Options = 0; JointCollectionTpl = pinocchio::JointCollectionDefaultTpl; pinocchio::CreateJointData<Scalar, Options, JointCollectionTpl>::JointDataVariant = pinocchio::JointDataTpl<double>; pinocchio::CreateJointData<Scalar, Options, JointCollectionTpl>::JointModelVariant = boost::variant<pinocchio::JointModelRevoluteTpl<double, 0, 0>, pinocchio::JointModelRevoluteTpl<double, 0, 1>, pinocchio::JointModelRevoluteTpl<double, 0, 2>, pinocchio::JointModelFreeFlyerTpl<double, 0>, pinocchio::JointModelPlanarTpl<double, 0>, pinocchio::JointModelRevoluteUnalignedTpl<double, 0>, pinocchio::JointModelSphericalTpl<double, 0>, pinocchio::JointModelSphericalZYXTpl<double, 0>, pinocchio::JointModelEllipsoidTpl<double, 0>, pinocchio::JointModelPrismaticTpl<double, 0, 0>, pinocchio::JointModelPrismaticTpl<double, 0, 1>, pinocchio::JointModelPrismaticTpl<double, 0, 2>, pinocchio::JointModelPrismaticUnalignedTpl<double, 0>, pinocchio::JointModelTranslationTpl<double, 0>, pinocchio::JointModelRevoluteUnboundedTpl<double, 0, 0>, pinocchio::JointModelRevoluteUnboundedTpl<double, 0, 1>, pinocchio::JointModelRevoluteUnboundedTpl<double, 0, 2>, pinocchio::JointModelRevoluteUnboundedUnalignedTpl<double, 0>, pinocchio::JointModelHelicalTpl<double, 0, 0>, pinocchio::JointModelHelicalTpl<double, 0, 1>, pinocchio::JointModelHelicalTpl<double, 0, 2>, pinocchio::JointModelHelicalUnalignedTpl<double, 0>, pinocchio::JointModelUniversalTpl<double, 0>, boost::recursive_wrapper<pinocchio::JointModelCompositeTpl<double, 0, pinocchio::JointCollectionDefaultTpl> >, boost::recursive_wrapper<pinocchio::JointModelMimicTpl<double, 0, pinocchio::JointCollectionDefaultTpl> > >]\x1b[m\x1b[K\xe2\x80\x99\n'}
[7.379612] (gim_arm_hardware) StderrLine: {'line': b'\x1b[01m\x1b[K/opt/ros/humble/include/pinocchio/src/multibody/data.hxx:802:40:\x1b[m\x1b[K   required from \xe2\x80\x98\x1b[01m\x1b[Kpinocchio::DataTpl<_Scalar, _Options, JointCollectionTpl>::DataTpl(const Model&) [with _Scalar = double; int _Options = 0; JointCollectionTpl = pinocchio::JointCollectionDefaultTpl; pinocchio::DataTpl<_Scalar, _Options, JointCollectionTpl>::Model = pinocchio::ModelTpl<double, 0>]\x1b[m\x1b[K\xe2\x80\x99\n'}
[7.379728] (gim_arm_hardware) StderrLine: {'line': b'\x1b[01m\x1b[K/usr/include/c++/11/bits/unique_ptr.h:962:30:\x1b[m\x1b[K   required from \xe2\x80\x98\x1b[01m\x1b[Ktypename std::_MakeUniq<_Tp>::__single_object std::make_unique(_Args&& ...) [with _Tp = pinocchio::DataTpl<double, 0>; _Args = {pinocchio::ModelTpl<double, 0, pinocchio::JointCollectionDefaultTpl>&}; typename std::_MakeUniq<_Tp>::__single_object = std::unique_ptr<pinocchio::DataTpl<double, 0> >]\x1b[m\x1b[K\xe2\x80\x99\n'}
[7.379782] (gim_arm_hardware) StderrLine: {'line': b'\x1b[01m\x1b[K/home/minh/gim60108_ws/src/gim_arm_hardware/src/gim_arm_system.cpp:134:52:\x1b[m\x1b[K   required from here\n'}
[7.379832] (gim_arm_hardware) StderrLine: {'line': b'\x1b[01m\x1b[K/usr/include/boost/variant/variant.hpp:2359:41:\x1b[m\x1b[K \x1b[01;31m\x1b[Kerror: \x1b[m\x1b[Kusing invalid field \xe2\x80\x98\x1b[01m\x1b[Kboost::variant<T0, TN>::storage_\x1b[m\x1b[K\xe2\x80\x99\n'}
[7.379871] (gim_arm_hardware) StderrLine: {'line': b'In file included from \x1b[01m\x1b[K/usr/include/boost/optional/optional.hpp:33\x1b[m\x1b[K,\n'}
[7.379910] (gim_arm_hardware) StderrLine: {'line': b'                 from \x1b[01m\x1b[K/usr/include/boost/optional.hpp:15\x1b[m\x1b[K,\n'}
[7.379936] (gim_arm_hardware) StderrLine: {'line': b'                 from \x1b[01m\x1b[K/opt/ros/humble/include/pinocchio/parsers/urdf.hpp:16\x1b[m\x1b[K,\n'}
[7.379960] (gim_arm_hardware) StderrLine: {'line': b'                 from \x1b[01m\x1b[K/home/minh/gim60108_ws/src/gim_arm_hardware/include/gim_arm_hardware/gim_arm_system.hpp:25\x1b[m\x1b[K,\n'}
[7.379986] (gim_arm_hardware) StderrLine: {'line': b'                 from \x1b[01m\x1b[K/home/minh/gim60108_ws/src/gim_arm_hardware/src/gim_arm_system.cpp:1\x1b[m\x1b[K:\n'}
[7.380022] (gim_arm_hardware) StderrLine: {'line': b'/usr/include/boost/variant/get.hpp: In instantiation of \xe2\x80\x98\x1b[01m\x1b[Ktypename boost::add_pointer<const U>::type boost::strict_get(const boost::variant<T0, TN ...>*) [with U = pinocchio::JointModelMimicTpl<double>; T0 = pinocchio::JointModelRevoluteTpl<double, 0, 0>; TN = {pinocchio::JointModelRevoluteTpl<double, 0, 1>, pinocchio::JointModelRevoluteTpl<double, 0, 2>, pinocchio::JointModelFreeFlyerTpl<double, 0>, pinocchio::JointModelPlanarTpl<double, 0>, pinocchio::JointModelRevoluteUnalignedTpl<double, 0>, pinocchio::JointModelSphericalTpl<double, 0>, pinocchio::JointModelSphericalZYXTpl<double, 0>, pinocchio::JointModelEllipsoidTpl<double, 0>, pinocchio::JointModelPrismaticTpl<double, 0, 0>, pinocchio::JointModelPrismaticTpl<double, 0, 1>, pinocchio::JointModelPrismaticTpl<double, 0, 2>, pinocchio::JointModelPrismaticUnalignedTpl<double, 0>, pinocchio::JointModelTranslationTpl<double, 0>, pinocchio::JointModelRevoluteUnboundedTpl<double, 0, 0>, pinocchio::JointModelRevoluteUnboundedTpl<double, 0, 1>, pinocchio::JointModelRevoluteUnboundedTpl<double, 0, 2>, pinocchio::JointModelRevoluteUnboundedUnalignedTpl<double, 0>, pinocchio::JointModelHelicalTpl<double, 0, 0>, pinocchio::JointModelHelicalTpl<double, 0, 1>, pinocchio::JointModelHelicalTpl<double, 0, 2>, pinocchio::JointModelHelicalUnalignedTpl<double, 0>, pinocchio::JointModelUniversalTpl<double, 0>, boost::recursive_wrapper<pinocchio::JointModelCompositeTpl<double, 0, pinocchio::JointCollectionDefaultTpl> >, boost::recursive_wrapper<pinocchio::JointModelMimicTpl<double, 0, pinocchio::JointCollectionDefaultTpl> >}; typename boost::add_pointer<const U>::type = const pinocchio::JointModelMimicTpl<double>*]\x1b[m\x1b[K\xe2\x80\x99:\n'}
[7.380061] (gim_arm_hardware) StderrLine: {'line': b'\x1b[01m\x1b[K/usr/include/boost/variant/get.hpp:335:25:\x1b[m\x1b[K   required from \xe2\x80\x98\x1b[01m\x1b[Ktypename boost::add_pointer<const U>::type boost::get(const boost::variant<T0, TN ...>*) [with U = pinocchio::JointModelMimicTpl<double>; T0 = pinocchio::JointModelRevoluteTpl<double, 0, 0>; TN = {pinocchio::JointModelRevoluteTpl<double, 0, 1>, pinocchio::JointModelRevoluteTpl<double, 0, 2>, pinocchio::JointModelFreeFlyerTpl<double, 0>, pinocchio::JointModelPlanarTpl<double, 0>, pinocchio::JointModelRevoluteUnalignedTpl<double, 0>, pinocchio::JointModelSphericalTpl<double, 0>, pinocchio::JointModelSphericalZYXTpl<double, 0>, pinocchio::JointModelEllipsoidTpl<double, 0>, pinocchio::JointModelPrismaticTpl<double, 0, 0>, pinocchio::JointModelPrismaticTpl<double, 0, 1>, pinocchio::JointModelPrismaticTpl<double, 0, 2>, pinocchio::JointModelPrismaticUnalignedTpl<double, 0>, pinocchio::JointModelTranslationTpl<double, 0>, pinocchio::JointModelRevoluteUnboundedTpl<double, 0, 0>, pinocchio::JointModelRevoluteUnboundedTpl<double, 0, 1>, pinocchio::JointModelRevoluteUnboundedTpl<double, 0, 2>, pinocchio::JointModelRevoluteUnboundedUnalignedTpl<double, 0>, pinocchio::JointModelHelicalTpl<double, 0, 0>, pinocchio::JointModelHelicalTpl<double, 0, 1>, pinocchio::JointModelHelicalTpl<double, 0, 2>, pinocchio::JointModelHelicalUnalignedTpl<double, 0>, pinocchio::JointModelUniversalTpl<double, 0>, boost::recursive_wrapper<pinocchio::JointModelCompositeTpl<double, 0, pinocchio::JointCollectionDefaultTpl> >, boost::recursive_wrapper<pinocchio::JointModelMimicTpl<double, 0, pinocchio::JointCollectionDefaultTpl> >}; typename boost::add_pointer<const U>::type = const pinocchio::JointModelMimicTpl<double>*]\x1b[m\x1b[K\xe2\x80\x99\n'}
[7.380095] (gim_arm_hardware) StderrLine: {'line': b'\x1b[01m\x1b[K/opt/ros/humble/include/pinocchio/src/algorithm/check-data.hxx:135:80:\x1b[m\x1b[K   required from \xe2\x80\x98\x1b[01m\x1b[Kbool pinocchio::checkData(const pinocchio::ModelTpl<Scalar, Options, JointCollectionTpl>&, const pinocchio::DataTpl<Scalar, Options, JointCollectionTpl>&) [with Scalar = double; int Options = 0; JointCollectionTpl = pinocchio::JointCollectionDefaultTpl]\x1b[m\x1b[K\xe2\x80\x99\n'}
[7.380121] (gim_arm_hardware) StderrLine: {'line': b'\x1b[01m\x1b[K/opt/ros/humble/include/pinocchio/src/multibody/model.hxx:1545:21:\x1b[m\x1b[K   required from \xe2\x80\x98\x1b[01m\x1b[Kbool pinocchio::ModelTpl<_Scalar, _Options, JointCollectionTpl>::check(const Data&) const [with _Scalar = double; int _Options = 0; JointCollectionTpl = pinocchio::JointCollectionDefaultTpl; pinocchio::ModelTpl<_Scalar, _Options, JointCollectionTpl>::Data = pinocchio::DataTpl<double, 0>]\x1b[m\x1b[K\xe2\x80\x99\n'}
[7.380146] (gim_arm_hardware) StderrLine: {'line': b'\x1b[01m\x1b[K/opt/ros/humble/include/pinocchio/src/algorithm/rnea.hxx:418:7:\x1b[m\x1b[K   required from \xe2\x80\x98\x1b[01m\x1b[Kconst typename pinocchio::DataTpl<_Scalar, _Options, JointCollectionTpl>::TangentVectorType& pinocchio::impl::computeGeneralizedGravity(const pinocchio::ModelTpl<Scalar, Options, JointCollectionTpl>&, pinocchio::DataTpl<Scalar, Options, JointCollectionTpl>&, const Eigen::MatrixBase<Res>&) [with Scalar = double; int Options = 0; JointCollectionTpl = pinocchio::JointCollectionDefaultTpl; ConfigVectorType = Eigen::Ref<const Eigen::Matrix<double, -1, 1> >; typename pinocchio::DataTpl<_Scalar, _Options, JointCollectionTpl>::TangentVectorType = Eigen::Matrix<double, -1, 1>]\x1b[m\x1b[K\xe2\x80\x99\n'}
[7.380176] (gim_arm_hardware) StderrLine: {'line': b'\x1b[01m\x1b[K/opt/ros/humble/include/pinocchio/src/algorithm/rnea.hxx:822:43:\x1b[m\x1b[K   required from \xe2\x80\x98\x1b[01m\x1b[Kconst typename pinocchio::DataTpl<_Scalar, _Options, JointCollectionTpl>::TangentVectorType& pinocchio::computeGeneralizedGravity(const pinocchio::ModelTpl<Scalar, Options, JointCollectionTpl>&, pinocchio::DataTpl<Scalar, Options, JointCollectionTpl>&, const Eigen::MatrixBase<Res>&) [with Scalar = double; int Options = 0; JointCollectionTpl = pinocchio::JointCollectionDefaultTpl; ConfigVectorType = Eigen::Matrix<double, -1, 1>; typename pinocchio::DataTpl<_Scalar, _Options, JointCollectionTpl>::TangentVectorType = Eigen::Matrix<double, -1, 1>]\x1b[m\x1b[K\xe2\x80\x99\n'}
[7.380202] (gim_arm_hardware) StderrLine: {'line': b'\x1b[01m\x1b[K/home/minh/gim60108_ws/src/gim_arm_hardware/src/gim_arm_system.cpp:380:47:\x1b[m\x1b[K   required from here\n'}
[7.380225] (gim_arm_hardware) StderrLine: {'line': b'\x1b[01m\x1b[K/usr/include/boost/variant/get.hpp:237:5:\x1b[m\x1b[K \x1b[01;31m\x1b[Kerror: \x1b[m\x1b[K\xe2\x80\x98\x1b[01m\x1b[Kvalue\x1b[m\x1b[K\xe2\x80\x99 is not a member of \xe2\x80\x98\x1b[01m\x1b[Kboost::detail::variant::holds_element<boost::variant<pinocchio::JointModelRevoluteTpl<double, 0, 0>, pinocchio::JointModelRevoluteTpl<double, 0, 1>, pinocchio::JointModelRevoluteTpl<double, 0, 2>, pinocchio::JointModelFreeFlyerTpl<double, 0>, pinocchio::JointModelPlanarTpl<double, 0>, pinocchio::JointModelRevoluteUnalignedTpl<double, 0>, pinocchio::JointModelSphericalTpl<double, 0>, pinocchio::JointModelSphericalZYXTpl<double, 0>, pinocchio::JointModelEllipsoidTpl<double, 0>, pinocchio::JointModelPrismaticTpl<double, 0, 0>, pinocchio::JointModelPrismaticTpl<double, 0, 1>, pinocchio::JointModelPrismaticTpl<double, 0, 2>, pinocchio::JointModelPrismaticUnalignedTpl<double, 0>, pinocchio::JointModelTranslationTpl<double, 0>, pinocchio::JointModelRevoluteUnboundedTpl<double, 0, 0>, pinocchio::JointModelRevoluteUnboundedTpl<double, 0, 1>, pinocchio::JointModelRevoluteUnboundedTpl<double, 0, 2>, pinocchio::JointModelRevoluteUnboundedUnalignedTpl<double, 0>, pinocchio::JointModelHelicalTpl<double, 0, 0>, pinocchio::JointModelHelicalTpl<double, 0, 1>, pinocchio::JointModelHelicalTpl<double, 0, 2>, pinocchio::JointModelHelicalUnalignedTpl<double, 0>, pinocchio::JointModelUniversalTpl<double, 0>, boost::recursive_wrapper<pinocchio::JointModelCompositeTpl<double, 0, pinocchio::JointCollectionDefaultTpl> >, boost::recursive_wrapper<pinocchio::JointModelMimicTpl<double, 0, pinocchio::JointCollectionDefaultTpl> > >, const pinocchio::JointModelMimicTpl<double> >\x1b[m\x1b[K\xe2\x80\x99\n'}
[7.380264] (gim_arm_hardware) StderrLine: {'line': b'  237 |     \x1b[01;31m\x1b[KBOOST_STATIC_ASSERT_MSG\x1b[m\x1b[K(\n'}
[7.380288] (gim_arm_hardware) StderrLine: {'line': b'      |     \x1b[01;31m\x1b[K^~~~~~~~~~~~~~~~~~~~~~~\x1b[m\x1b[K\n'}
[7.380411] (gim_arm_hardware) StderrLine: {'line': b'In file included from \x1b[01m\x1b[K/usr/include/boost/variant.hpp:17\x1b[m\x1b[K,\n'}
[7.380477] (gim_arm_hardware) StderrLine: {'line': b'                 from \x1b[01m\x1b[K/opt/ros/humble/include/pinocchio/multibody.hpp:21\x1b[m\x1b[K,\n'}
[7.380505] (gim_arm_hardware) StderrLine: {'line': b'                 from \x1b[01m\x1b[K/opt/ros/humble/include/pinocchio/parsers/urdf.hpp:27\x1b[m\x1b[K,\n'}
[7.380528] (gim_arm_hardware) StderrLine: {'line': b'                 from \x1b[01m\x1b[K/home/minh/gim60108_ws/src/gim_arm_hardware/include/gim_arm_hardware/gim_arm_system.hpp:25\x1b[m\x1b[K,\n'}
[7.380552] (gim_arm_hardware) StderrLine: {'line': b'                 from \x1b[01m\x1b[K/home/minh/gim60108_ws/src/gim_arm_hardware/src/gim_arm_system.cpp:1\x1b[m\x1b[K:\n'}
[7.380576] (gim_arm_hardware) StderrLine: {'line': b'/usr/include/boost/variant/variant.hpp: In instantiation of \xe2\x80\x98\x1b[01m\x1b[Ktypename Visitor::result_type boost::variant<T0, TN>::internal_apply_visitor(Visitor&) const [with Visitor = boost::detail::variant::invoke_visitor<pinocchio::fusion::JointUnaryVisitorBase<pinocchio::impl::ComputeGeneralizedGravityForwardStep<double, 0, pinocchio::JointCollectionDefaultTpl, Eigen::Ref<const Eigen::Matrix<double, -1, 1> > >, void>::InternalVisitorModelAndData<pinocchio::JointModelTpl<double>, pinocchio::JointDataTpl<double>, boost::fusion::vector<const pinocchio::ModelTpl<double, 0, pinocchio::JointCollectionDefaultTpl>&, pinocchio::DataTpl<double, 0, pinocchio::JointCollectionDefaultTpl>&, const Eigen::Ref<const Eigen::Matrix<double, -1, 1, 0, -1, 1>, 0, Eigen::InnerStride<1> >&> >, false>; T0_ = pinocchio::JointModelRevoluteTpl<double, 0, 0>; TN = {pinocchio::JointModelRevoluteTpl<double, 0, 1>, pinocchio::JointModelRevoluteTpl<double, 0, 2>, pinocchio::JointModelFreeFlyerTpl<double, 0>, pinocchio::JointModelPlanarTpl<double, 0>, pinocchio::JointModelRevoluteUnalignedTpl<double, 0>, pinocchio::JointModelSphericalTpl<double, 0>, pinocchio::JointModelSphericalZYXTpl<double, 0>, pinocchio::JointModelEllipsoidTpl<double, 0>, pinocchio::JointModelPrismaticTpl<double, 0, 0>, pinocchio::JointModelPrismaticTpl<double, 0, 1>, pinocchio::JointModelPrismaticTpl<double, 0, 2>, pinocchio::JointModelPrismaticUnalignedTpl<double, 0>, pinocchio::JointModelTranslationTpl<double, 0>, pinocchio::JointModelRevoluteUnboundedTpl<double, 0, 0>, pinocchio::JointModelRevoluteUnboundedTpl<double, 0, 1>, pinocchio::JointModelRevoluteUnboundedTpl<double, 0, 2>, pinocchio::JointModelRevoluteUnboundedUnalignedTpl<double, 0>, pinocchio::JointModelHelicalTpl<double, 0, 0>, pinocchio::JointModelHelicalTpl<double, 0, 1>, pinocchio::JointModelHelicalTpl<double, 0, 2>, pinocchio::JointModelHelicalUnalignedTpl<double, 0>, pinocchio::JointModelUniversalTpl<double, 0>, boost::recursive_wrapper<pinocchio::JointModelCompositeTpl<double, 0, pinocchio::JointCollectionDefaultTpl> >, boost::recursive_wrapper<pinocchio::JointModelMimicTpl<double, 0, pinocchio::JointCollectionDefaultTpl> >}; typename Visitor::result_type = void]\x1b[m\x1b[K\xe2\x80\x99:\n'}
[7.380615] (gim_arm_hardware) StderrLine: {'line': b'\x1b[01m\x1b[K/usr/include/boost/variant/variant.hpp:2404:44:\x1b[m\x1b[K   required from \xe2\x80\x98\x1b[01m\x1b[Ktypename Visitor::result_type boost::variant<T0, TN>::apply_visitor(Visitor&) const & [with Visitor = pinocchio::fusion::JointUnaryVisitorBase<pinocchio::impl::ComputeGeneralizedGravityForwardStep<double, 0, pinocchio::JointCollectionDefaultTpl, Eigen::Ref<const Eigen::Matrix<double, -1, 1> > >, void>::InternalVisitorModelAndData<pinocchio::JointModelTpl<double>, pinocchio::JointDataTpl<double>, boost::fusion::vector<const pinocchio::ModelTpl<double, 0, pinocchio::JointCollectionDefaultTpl>&, pinocchio::DataTpl<double, 0, pinocchio::JointCollectionDefaultTpl>&, const Eigen::Ref<const Eigen::Matrix<double, -1, 1, 0, -1, 1>, 0, Eigen::InnerStride<1> >&> >; T0_ = pinocchio::JointModelRevoluteTpl<double, 0, 0>; TN = {pinocchio::JointModelRevoluteTpl<double, 0, 1>, pinocchio::JointModelRevoluteTpl<double, 0, 2>, pinocchio::JointModelFreeFlyerTpl<double, 0>, pinocchio::JointModelPlanarTpl<double, 0>, pinocchio::JointModelRevoluteUnalignedTpl<double, 0>, pinocchio::JointModelSphericalTpl<double, 0>, pinocchio::JointModelSphericalZYXTpl<double, 0>, pinocchio::JointModelEllipsoidTpl<double, 0>, pinocchio::JointModelPrismaticTpl<double, 0, 0>, pinocchio::JointModelPrismaticTpl<double, 0, 1>, pinocchio::JointModelPrismaticTpl<double, 0, 2>, pinocchio::JointModelPrismaticUnalignedTpl<double, 0>, pinocchio::JointModelTranslationTpl<double, 0>, pinocchio::JointModelRevoluteUnboundedTpl<double, 0, 0>, pinocchio::JointModelRevoluteUnboundedTpl<double, 0, 1>, pinocchio::JointModelRevoluteUnboundedTpl<double, 0, 2>, pinocchio::JointModelRevoluteUnboundedUnalignedTpl<double, 0>, pinocchio::JointModelHelicalTpl<double, 0, 0>, pinocchio::JointModelHelicalTpl<double, 0, 1>, pinocchio::JointModelHelicalTpl<double, 0, 2>, pinocchio::JointModelHelicalUnalignedTpl<double, 0>, pinocchio::JointModelUniversalTpl<double, 0>, boost::recursive_wrapper<pinocchio::JointModelCompositeTpl<double, 0, pinocchio::JointCollectionDefaultTpl> >, boost::recursive_wrapper<pinocchio::JointModelMimicTpl<double, 0, pinocchio::JointCollectionDefaultTpl> >}; typename Visitor::result_type = void]\x1b[m\x1b[K\xe2\x80\x99\n'}
[7.380655] (gim_arm_hardware) StderrLine: {'line': b'\x1b[01m\x1b[K/usr/include/boost/variant/detail/apply_visitor_unary.hpp:48:64:\x1b[m\x1b[K   required from \xe2\x80\x98\x1b[01m\x1b[Ktypename Visitor::result_type boost::apply_visitor(Visitor&, Visitable&&) [with Visitor = pinocchio::fusion::JointUnaryVisitorBase<pinocchio::impl::ComputeGeneralizedGravityForwardStep<double, 0, pinocchio::JointCollectionDefaultTpl, Eigen::Ref<const Eigen::Matrix<double, -1, 1> > >, void>::InternalVisitorModelAndData<pinocchio::JointModelTpl<double>, pinocchio::JointDataTpl<double>, boost::fusion::vector<const pinocchio::ModelTpl<double, 0, pinocchio::JointCollectionDefaultTpl>&, pinocchio::DataTpl<double, 0, pinocchio::JointCollectionDefaultTpl>&, const Eigen::Ref<const Eigen::Matrix<double, -1, 1, 0, -1, 1>, 0, Eigen::InnerStride<1> >&> >; Visitable = const pinocchio::JointModelTpl<double>&; typename Visitor::result_type = void]\x1b[m\x1b[K\xe2\x80\x99\n'}
[7.380687] (gim_arm_hardware) StderrLine: {'line': b'\x1b[01m\x1b[K/opt/ros/humble/include/pinocchio/src/multibody/visitor/joint-unary-visitor.hxx:58:36:\x1b[m\x1b[K   required from \xe2\x80\x98\x1b[01m\x1b[Kstatic ReturnType pinocchio::fusion::JointUnaryVisitorBase<JointVisitorDerived, ReturnType>::run(const pinocchio::JointModelTpl<Scalar, Options, JointCollectionTpl>&, pinocchio::JointDataTpl<Scalar, Options, JointCollectionTpl>&, ArgsTmp) [with Scalar = double; int Options = 0; JointCollectionTpl = pinocchio::JointCollectionDefaultTpl; ArgsTmp = boost::fusion::vector<const pinocchio::ModelTpl<double, 0, pinocchio::JointCollectionDefaultTpl>&, pinocchio::DataTpl<double, 0, pinocchio::JointCollectionDefaultTpl>&, const Eigen::Ref<const Eigen::Matrix<double, -1, 1, 0, -1, 1>, 0, Eigen::InnerStride<1> >&>; JointVisitorDerived = pinocchio::impl::ComputeGeneralizedGravityForwardStep<double, 0, pinocchio::JointCollectionDefaultTpl, Eigen::Ref<const Eigen::Matrix<double, -1, 1> > >; ReturnType = void]\x1b[m\x1b[K\xe2\x80\x99\n'}
[7.380725] (gim_arm_hardware) StderrLine: {'line': b'\x1b[01m\x1b[K/opt/ros/humble/include/pinocchio/src/algorithm/rnea.hxx:435:19:\x1b[m\x1b[K   required from \xe2\x80\x98\x1b[01m\x1b[Kconst typename pinocchio::DataTpl<_Scalar, _Options, JointCollectionTpl>::TangentVectorType& pinocchio::impl::computeGeneralizedGravity(const pinocchio::ModelTpl<Scalar, Options, JointCollectionTpl>&, pinocchio::DataTpl<Scalar, Options, JointCollectionTpl>&, const Eigen::MatrixBase<Res>&) [with Scalar = double; int Options = 0; JointCollectionTpl = pinocchio::JointCollectionDefaultTpl; ConfigVectorType = Eigen::Ref<const Eigen::Matrix<double, -1, 1> >; typename pinocchio::DataTpl<_Scalar, _Options, JointCollectionTpl>::TangentVectorType = Eigen::Matrix<double, -1, 1>]\x1b[m\x1b[K\xe2\x80\x99\n'}
[7.380751] (gim_arm_hardware) StderrLine: {'line': b'\x1b[01m\x1b[K/opt/ros/humble/include/pinocchio/src/algorithm/rnea.hxx:822:43:\x1b[m\x1b[K   required from \xe2\x80\x98\x1b[01m\x1b[Kconst typename pinocchio::DataTpl<_Scalar, _Options, JointCollectionTpl>::TangentVectorType& pinocchio::computeGeneralizedGravity(const pinocchio::ModelTpl<Scalar, Options, JointCollectionTpl>&, pinocchio::DataTpl<Scalar, Options, JointCollectionTpl>&, const Eigen::MatrixBase<Res>&) [with Scalar = double; int Options = 0; JointCollectionTpl = pinocchio::JointCollectionDefaultTpl; ConfigVectorType = Eigen::Matrix<double, -1, 1>; typename pinocchio::DataTpl<_Scalar, _Options, JointCollectionTpl>::TangentVectorType = Eigen::Matrix<double, -1, 1>]\x1b[m\x1b[K\xe2\x80\x99\n'}
[7.380780] (gim_arm_hardware) StderrLine: {'line': b'\x1b[01m\x1b[K/home/minh/gim60108_ws/src/gim_arm_hardware/src/gim_arm_system.cpp:380:47:\x1b[m\x1b[K   required from here\n'}
[7.380804] (gim_arm_hardware) StderrLine: {'line': b'\x1b[01m\x1b[K/usr/include/boost/variant/variant.hpp:2359:41:\x1b[m\x1b[K \x1b[01;31m\x1b[Kerror: \x1b[m\x1b[Kusing invalid field \xe2\x80\x98\x1b[01m\x1b[Kboost::variant<T0, TN>::storage_\x1b[m\x1b[K\xe2\x80\x99\n'}
[7.380828] (gim_arm_hardware) StderrLine: {'line': b' 2359 |               which_, which(), visitor, \x1b[01;31m\x1b[Kstorage_\x1b[m\x1b[K.address()\n'}
[7.380854] (gim_arm_hardware) StderrLine: {'line': b'      |                                         \x1b[01;31m\x1b[K^~~~~~~~\x1b[m\x1b[K\n'}
[7.380976] (gim_arm_hardware) StderrLine: {'line': b'/usr/include/boost/variant/variant.hpp: In instantiation of \xe2\x80\x98\x1b[01m\x1b[Ktypename Visitor::result_type boost::variant<T0, TN>::internal_apply_visitor(Visitor&) const [with Visitor = boost::detail::variant::invoke_visitor<pinocchio::fusion::JointUnaryVisitorBase<pinocchio::impl::ComputeGeneralizedGravityBackwardStep<double, 0, pinocchio::JointCollectionDefaultTpl>, void>::InternalVisitorModelAndData<pinocchio::JointModelTpl<double>, pinocchio::JointDataTpl<double>, boost::fusion::vector<const pinocchio::ModelTpl<double, 0, pinocchio::JointCollectionDefaultTpl>&, pinocchio::DataTpl<double, 0, pinocchio::JointCollectionDefaultTpl>&, Eigen::Matrix<double, -1, 1, 0, -1, 1>&> >, false>; T0_ = pinocchio::JointModelRevoluteTpl<double, 0, 0>; TN = {pinocchio::JointModelRevoluteTpl<double, 0, 1>, pinocchio::JointModelRevoluteTpl<double, 0, 2>, pinocchio::JointModelFreeFlyerTpl<double, 0>, pinocchio::JointModelPlanarTpl<double, 0>, pinocchio::JointModelRevoluteUnalignedTpl<double, 0>, pinocchio::JointModelSphericalTpl<double, 0>, pinocchio::JointModelSphericalZYXTpl<double, 0>, pinocchio::JointModelEllipsoidTpl<double, 0>, pinocchio::JointModelPrismaticTpl<double, 0, 0>, pinocchio::JointModelPrismaticTpl<double, 0, 1>, pinocchio::JointModelPrismaticTpl<double, 0, 2>, pinocchio::JointModelPrismaticUnalignedTpl<double, 0>, pinocchio::JointModelTranslationTpl<double, 0>, pinocchio::JointModelRevoluteUnboundedTpl<double, 0, 0>, pinocchio::JointModelRevoluteUnboundedTpl<double, 0, 1>, pinocchio::JointModelRevoluteUnboundedTpl<double, 0, 2>, pinocchio::JointModelRevoluteUnboundedUnalignedTpl<double, 0>, pinocchio::JointModelHelicalTpl<double, 0, 0>, pinocchio::JointModelHelicalTpl<double, 0, 1>, pinocchio::JointModelHelicalTpl<double, 0, 2>, pinocchio::JointModelHelicalUnalignedTpl<double, 0>, pinocchio::JointModelUniversalTpl<double, 0>, boost::recursive_wrapper<pinocchio::JointModelCompositeTpl<double, 0, pinocchio::JointCollectionDefaultTpl> >, boost::recursive_wrapper<pinocchio::JointModelMimicTpl<double, 0, pinocchio::JointCollectionDefaultTpl> >}; typename Visitor::result_type = void]\x1b[m\x1b[K\xe2\x80\x99:\n'}
[7.381023] (gim_arm_hardware) StderrLine: {'line': b'\x1b[01m\x1b[K/usr/include/boost/variant/variant.hpp:2404:44:\x1b[m\x1b[K   required from \xe2\x80\x98\x1b[01m\x1b[Ktypename Visitor::result_type boost::variant<T0, TN>::apply_visitor(Visitor&) const & [with Visitor = pinocchio::fusion::JointUnaryVisitorBase<pinocchio::impl::ComputeGeneralizedGravityBackwardStep<double, 0, pinocchio::JointCollectionDefaultTpl>, void>::InternalVisitorModelAndData<pinocchio::JointModelTpl<double>, pinocchio::JointDataTpl<double>, boost::fusion::vector<const pinocchio::ModelTpl<double, 0, pinocchio::JointCollectionDefaultTpl>&, pinocchio::DataTpl<double, 0, pinocchio::JointCollectionDefaultTpl>&, Eigen::Matrix<double, -1, 1, 0, -1, 1>&> >; T0_ = pinocchio::JointModelRevoluteTpl<double, 0, 0>; TN = {pinocchio::JointModelRevoluteTpl<double, 0, 1>, pinocchio::JointModelRevoluteTpl<double, 0, 2>, pinocchio::JointModelFreeFlyerTpl<double, 0>, pinocchio::JointModelPlanarTpl<double, 0>, pinocchio::JointModelRevoluteUnalignedTpl<double, 0>, pinocchio::JointModelSphericalTpl<double, 0>, pinocchio::JointModelSphericalZYXTpl<double, 0>, pinocchio::JointModelEllipsoidTpl<double, 0>, pinocchio::JointModelPrismaticTpl<double, 0, 0>, pinocchio::JointModelPrismaticTpl<double, 0, 1>, pinocchio::JointModelPrismaticTpl<double, 0, 2>, pinocchio::JointModelPrismaticUnalignedTpl<double, 0>, pinocchio::JointModelTranslationTpl<double, 0>, pinocchio::JointModelRevoluteUnboundedTpl<double, 0, 0>, pinocchio::JointModelRevoluteUnboundedTpl<double, 0, 1>, pinocchio::JointModelRevoluteUnboundedTpl<double, 0, 2>, pinocchio::JointModelRevoluteUnboundedUnalignedTpl<double, 0>, pinocchio::JointModelHelicalTpl<double, 0, 0>, pinocchio::JointModelHelicalTpl<double, 0, 1>, pinocchio::JointModelHelicalTpl<double, 0, 2>, pinocchio::JointModelHelicalUnalignedTpl<double, 0>, pinocchio::JointModelUniversalTpl<double, 0>, boost::recursive_wrapper<pinocchio::JointModelCompositeTpl<double, 0, pinocchio::JointCollectionDefaultTpl> >, boost::recursive_wrapper<pinocchio::JointModelMimicTpl<double, 0, pinocchio::JointCollectionDefaultTpl> >}; typename Visitor::result_type = void]\x1b[m\x1b[K\xe2\x80\x99\n'}
[7.381066] (gim_arm_hardware) StderrLine: {'line': b'\x1b[01m\x1b[K/usr/include/boost/variant/detail/apply_visitor_unary.hpp:48:64:\x1b[m\x1b[K   required from \xe2\x80\x98\x1b[01m\x1b[Ktypename Visitor::result_type boost::apply_visitor(Visitor&, Visitable&&) [with Visitor = pinocchio::fusion::JointUnaryVisitorBase<pinocchio::impl::ComputeGeneralizedGravityBackwardStep<double, 0, pinocchio::JointCollectionDefaultTpl>, void>::InternalVisitorModelAndData<pinocchio::JointModelTpl<double>, pinocchio::JointDataTpl<double>, boost::fusion::vector<const pinocchio::ModelTpl<double, 0, pinocchio::JointCollectionDefaultTpl>&, pinocchio::DataTpl<double, 0, pinocchio::JointCollectionDefaultTpl>&, Eigen::Matrix<double, -1, 1, 0, -1, 1>&> >; Visitable = const pinocchio::JointModelTpl<double>&; typename Visitor::result_type = void]\x1b[m\x1b[K\xe2\x80\x99\n'}
[7.381096] (gim_arm_hardware) StderrLine: {'line': b'\x1b[01m\x1b[K/opt/ros/humble/include/pinocchio/src/multibody/visitor/joint-unary-visitor.hxx:58:36:\x1b[m\x1b[K   required from \xe2\x80\x98\x1b[01m\x1b[Kstatic ReturnType pinocchio::fusion::JointUnaryVisitorBase<JointVisitorDerived, ReturnType>::run(const pinocchio::JointModelTpl<Scalar, Options, JointCollectionTpl>&, pinocchio::JointDataTpl<Scalar, Options, JointCollectionTpl>&, ArgsTmp) [with Scalar = double; int Options = 0; JointCollectionTpl = pinocchio::JointCollectionDefaultTpl; ArgsTmp = boost::fusion::vector<const pinocchio::ModelTpl<double, 0, pinocchio::JointCollectionDefaultTpl>&, pinocchio::DataTpl<double, 0, pinocchio::JointCollectionDefaultTpl>&, Eigen::Matrix<double, -1, 1, 0, -1, 1>&>; JointVisitorDerived = pinocchio::impl::ComputeGeneralizedGravityBackwardStep<double, 0, pinocchio::JointCollectionDefaultTpl>; ReturnType = void]\x1b[m\x1b[K\xe2\x80\x99\n'}
[7.381126] (gim_arm_hardware) StderrLine: {'line': b'\x1b[01m\x1b[K/opt/ros/humble/include/pinocchio/src/algorithm/rnea.hxx:443:19:\x1b[m\x1b[K   required from \xe2\x80\x98\x1b[01m\x1b[Kconst typename pinocchio::DataTpl<_Scalar, _Options, JointCollectionTpl>::TangentVectorType& pinocchio::impl::computeGeneralizedGravity(const pinocchio::ModelTpl<Scalar, Options, JointCollectionTpl>&, pinocchio::DataTpl<Scalar, Options, JointCollectionTpl>&, const Eigen::MatrixBase<Res>&) [with Scalar = double; int Options = 0; JointCollectionTpl = pinocchio::JointCollectionDefaultTpl; ConfigVectorType = Eigen::Ref<const Eigen::Matrix<double, -1, 1> >; typename pinocchio::DataTpl<_Scalar, _Options, JointCollectionTpl>::TangentVectorType = Eigen::Matrix<double, -1, 1>]\x1b[m\x1b[K\xe2\x80\x99\n'}
[7.381155] (gim_arm_hardware) StderrLine: {'line': b'\x1b[01m\x1b[K/opt/ros/humble/include/pinocchio/src/algorithm/rnea.hxx:822:43:\x1b[m\x1b[K   required from \xe2\x80\x98\x1b[01m\x1b[Kconst typename pinocchio::DataTpl<_Scalar, _Options, JointCollectionTpl>::TangentVectorType& pinocchio::computeGeneralizedGravity(const pinocchio::ModelTpl<Scalar, Options, JointCollectionTpl>&, pinocchio::DataTpl<Scalar, Options, JointCollectionTpl>&, const Eigen::MatrixBase<Res>&) [with Scalar = double; int Options = 0; JointCollectionTpl = pinocchio::JointCollectionDefaultTpl; ConfigVectorType = Eigen::Matrix<double, -1, 1>; typename pinocchio::DataTpl<_Scalar, _Options, JointCollectionTpl>::TangentVectorType = Eigen::Matrix<double, -1, 1>]\x1b[m\x1b[K\xe2\x80\x99\n'}
[7.381181] (gim_arm_hardware) StderrLine: {'line': b'\x1b[01m\x1b[K/home/minh/gim60108_ws/src/gim_arm_hardware/src/gim_arm_system.cpp:380:47:\x1b[m\x1b[K   required from here\n'}
[7.381205] (gim_arm_hardware) StderrLine: {'line': b'\x1b[01m\x1b[K/usr/include/boost/variant/variant.hpp:2359:41:\x1b[m\x1b[K \x1b[01;31m\x1b[Kerror: \x1b[m\x1b[Kusing invalid field \xe2\x80\x98\x1b[01m\x1b[Kboost::variant<T0, TN>::storage_\x1b[m\x1b[K\xe2\x80\x99\n'}
[7.397375] (gim_arm_hardware) StderrLine: {'line': b'/usr/include/boost/variant/variant.hpp: In instantiation of \xe2\x80\x98\x1b[01m\x1b[Ktypename Visitor::result_type boost::variant<T0, TN>::internal_apply_visitor(Visitor&) [with Visitor = boost::detail::variant::invoke_visitor<const pinocchio::JointSetIndexesVisitor, false>; T0_ = pinocchio::JointModelRevoluteTpl<double, 0, 0>; TN = {pinocchio::JointModelRevoluteTpl<double, 0, 1>, pinocchio::JointModelRevoluteTpl<double, 0, 2>, pinocchio::JointModelFreeFlyerTpl<double, 0>, pinocchio::JointModelPlanarTpl<double, 0>, pinocchio::JointModelRevoluteUnalignedTpl<double, 0>, pinocchio::JointModelSphericalTpl<double, 0>, pinocchio::JointModelSphericalZYXTpl<double, 0>, pinocchio::JointModelEllipsoidTpl<double, 0>, pinocchio::JointModelPrismaticTpl<double, 0, 0>, pinocchio::JointModelPrismaticTpl<double, 0, 1>, pinocchio::JointModelPrismaticTpl<double, 0, 2>, pinocchio::JointModelPrismaticUnalignedTpl<double, 0>, pinocchio::JointModelTranslationTpl<double, 0>, pinocchio::JointModelRevoluteUnboundedTpl<double, 0, 0>, pinocchio::JointModelRevoluteUnboundedTpl<double, 0, 1>, pinocchio::JointModelRevoluteUnboundedTpl<double, 0, 2>, pinocchio::JointModelRevoluteUnboundedUnalignedTpl<double, 0>, pinocchio::JointModelHelicalTpl<double, 0, 0>, pinocchio::JointModelHelicalTpl<double, 0, 1>, pinocchio::JointModelHelicalTpl<double, 0, 2>, pinocchio::JointModelHelicalUnalignedTpl<double, 0>, pinocchio::JointModelUniversalTpl<double, 0>, boost::recursive_wrapper<pinocchio::JointModelCompositeTpl<double, 0, pinocchio::JointCollectionDefaultTpl> >, boost::recursive_wrapper<pinocchio::JointModelMimicTpl<double, 0, pinocchio::JointCollectionDefaultTpl> >}; typename Visitor::result_type = void]\x1b[m\x1b[K\xe2\x80\x99:\n'}
[7.397622] (gim_arm_hardware) StderrLine: {'line': b'\x1b[01m\x1b[K/usr/include/boost/variant/variant.hpp:2393:44:\x1b[m\x1b[K   required from \xe2\x80\x98\x1b[01m\x1b[Ktypename Visitor::result_type boost::variant<T0, TN>::apply_visitor(Visitor&) & [with Visitor = const pinocchio::JointSetIndexesVisitor; T0_ = pinocchio::JointModelRevoluteTpl<double, 0, 0>; TN = {pinocchio::JointModelRevoluteTpl<double, 0, 1>, pinocchio::JointModelRevoluteTpl<double, 0, 2>, pinocchio::JointModelFreeFlyerTpl<double, 0>, pinocchio::JointModelPlanarTpl<double, 0>, pinocchio::JointModelRevoluteUnalignedTpl<double, 0>, pinocchio::JointModelSphericalTpl<double, 0>, pinocchio::JointModelSphericalZYXTpl<double, 0>, pinocchio::JointModelEllipsoidTpl<double, 0>, pinocchio::JointModelPrismaticTpl<double, 0, 0>, pinocchio::JointModelPrismaticTpl<double, 0, 1>, pinocchio::JointModelPrismaticTpl<double, 0, 2>, pinocchio::JointModelPrismaticUnalignedTpl<double, 0>, pinocchio::JointModelTranslationTpl<double, 0>, pinocchio::JointModelRevoluteUnboundedTpl<double, 0, 0>, pinocchio::JointModelRevoluteUnboundedTpl<double, 0, 1>, pinocchio::JointModelRevoluteUnboundedTpl<double, 0, 2>, pinocchio::JointModelRevoluteUnboundedUnalignedTpl<double, 0>, pinocchio::JointModelHelicalTpl<double, 0, 0>, pinocchio::JointModelHelicalTpl<double, 0, 1>, pinocchio::JointModelHelicalTpl<double, 0, 2>, pinocchio::JointModelHelicalUnalignedTpl<double, 0>, pinocchio::JointModelUniversalTpl<double, 0>, boost::recursive_wrapper<pinocchio::JointModelCompositeTpl<double, 0, pinocchio::JointCollectionDefaultTpl> >, boost::recursive_wrapper<pinocchio::JointModelMimicTpl<double, 0, pinocchio::JointCollectionDefaultTpl> >}; typename Visitor::result_type = void]\x1b[m\x1b[K\xe2\x80\x99\n'}
[7.397738] (gim_arm_hardware) StderrLine: {'line': b'\x1b[01m\x1b[K/usr/include/boost/variant/detail/apply_visitor_unary.hpp:68:64:\x1b[m\x1b[K   required from \xe2\x80\x98\x1b[01m\x1b[Ktypename Visitor::result_type boost::apply_visitor(const Visitor&, Visitable&&) [with Visitor = pinocchio::JointSetIndexesVisitor; Visitable = pinocchio::JointModelTpl<double>&; typename Visitor::result_type = void]\x1b[m\x1b[K\xe2\x80\x99\n'}
[7.397819] (gim_arm_hardware) StderrLine: {'line': b'\x1b[01m\x1b[K/opt/ros/humble/include/pinocchio/src/multibody/joint/joint-basic-visitors.hxx:1033:34:\x1b[m\x1b[K   required from \xe2\x80\x98\x1b[01m\x1b[Kstatic void pinocchio::JointSetIndexesVisitor::run(pinocchio::JointModelTpl<Scalar, Options, JointCollectionTpl>&, pinocchio::JointIndex, int, int, int) [with Scalar = double; int Options = 0; JointCollectionTpl = pinocchio::JointCollectionDefaultTpl; pinocchio::JointIndex = long unsigned int]\x1b[m\x1b[K\xe2\x80\x99\n'}
[7.397906] (gim_arm_hardware) StderrLine: {'line': b'\x1b[01m\x1b[K/opt/ros/humble/include/pinocchio/src/multibody/joint/joint-basic-visitors.hxx:1045:39:\x1b[m\x1b[K   required from \xe2\x80\x98\x1b[01m\x1b[Kvoid pinocchio::setIndexes(pinocchio::JointModelTpl<Scalar, Options, JointCollectionTpl>&, pinocchio::JointIndex, int, int, int) [with Scalar = double; int Options = 0; JointCollectionTpl = pinocchio::JointCollectionDefaultTpl; pinocchio::JointIndex = long unsigned int]\x1b[m\x1b[K\xe2\x80\x99\n'}
[7.397992] (gim_arm_hardware) StderrLine: {'line': b'\x1b[01m\x1b[K/opt/ros/humble/include/pinocchio/src/multibody/joint/joint-generic.hxx:462:30:\x1b[m\x1b[K   required from \xe2\x80\x98\x1b[01m\x1b[Kvoid pinocchio::JointModelTpl<Scalar, Options, JointCollectionTpl>::setIndexes(pinocchio::JointIndex, int, int, int) [with _Scalar = double; int _Options = 0; JointCollectionTpl = pinocchio::JointCollectionDefaultTpl; pinocchio::JointIndex = long unsigned int]\x1b[m\x1b[K\xe2\x80\x99\n'}
[7.398062] (gim_arm_hardware) StderrLine: {'line': b'\x1b[01m\x1b[K/opt/ros/humble/include/pinocchio/src/multibody/model.hxx:869:22:\x1b[m\x1b[K   required from \xe2\x80\x98\x1b[01m\x1b[Kpinocchio::ModelTpl<_Scalar, _Options, JointCollectionTpl>::JointIndex pinocchio::ModelTpl<_Scalar, _Options, JointCollectionTpl>::addJoint(pinocchio::ModelTpl<_Scalar, _Options, JointCollectionTpl>::JointIndex, const JointModel&, const SE3&, const string&, const VectorXs&, const VectorXs&, const VectorXs&, const VectorXs&, const VectorXs&, const VectorXs&, const VectorXs&, const VectorXs&, const VectorXs&, const VectorXs&) [with _Scalar = double; int _Options = 0; JointCollectionTpl = pinocchio::JointCollectionDefaultTpl; pinocchio::ModelTpl<_Scalar, _Options, JointCollectionTpl>::JointIndex = long unsigned int; pinocchio::ModelTpl<_Scalar, _Options, JointCollectionTpl>::JointModel = pinocchio::JointModelTpl<double>; pinocchio::ModelTpl<_Scalar, _Options, JointCollectionTpl>::SE3 = pinocchio::SE3Tpl<double, 0>; std::string = std::__cxx11::basic_string<char>; pinocchio::ModelTpl<_Scalar, _Options, JointCollectionTpl>::VectorXs = Eigen::Matrix<double, -1, 1>]\x1b[m\x1b[K\xe2\x80\x99\n'}
[7.398152] (gim_arm_hardware) StderrLine: {'line': b'\x1b[01m\x1b[K/opt/ros/humble/include/pinocchio/src/parsers/urdf/model.hxx:235:38:\x1b[m\x1b[K   required from here\n'}
[7.398233] (gim_arm_hardware) StderrLine: {'line': b'\x1b[01m\x1b[K/usr/include/boost/variant/variant.hpp:2350:41:\x1b[m\x1b[K \x1b[01;31m\x1b[Kerror: \x1b[m\x1b[Kusing invalid field \xe2\x80\x98\x1b[01m\x1b[Kboost::variant<T0, TN>::storage_\x1b[m\x1b[K\xe2\x80\x99\n'}
[7.398298] (gim_arm_hardware) StderrLine: {'line': b' 2350 |               which_, which(), visitor, \x1b[01;31m\x1b[Kstorage_\x1b[m\x1b[K.address()\n'}
[7.398362] (gim_arm_hardware) StderrLine: {'line': b'      |                                         \x1b[01;31m\x1b[K^~~~~~~~\x1b[m\x1b[K\n'}
[7.422098] (-) TimerEvent: {}
[7.463273] (gim_arm_hardware) StderrLine: {'line': b'/usr/include/boost/variant/variant.hpp: In instantiation of \xe2\x80\x98\x1b[01m\x1b[Ktypename Visitor::result_type boost::variant<T0, TN>::internal_apply_visitor(Visitor&) const [with Visitor = boost::detail::variant::invoke_visitor<const pinocchio::JointNvVisitor, false>; T0_ = pinocchio::JointModelRevoluteTpl<double, 0, 0>; TN = {pinocchio::JointModelRevoluteTpl<double, 0, 1>, pinocchio::JointModelRevoluteTpl<double, 0, 2>, pinocchio::JointModelFreeFlyerTpl<double, 0>, pinocchio::JointModelPlanarTpl<double, 0>, pinocchio::JointModelRevoluteUnalignedTpl<double, 0>, pinocchio::JointModelSphericalTpl<double, 0>, pinocchio::JointModelSphericalZYXTpl<double, 0>, pinocchio::JointModelEllipsoidTpl<double, 0>, pinocchio::JointModelPrismaticTpl<double, 0, 0>, pinocchio::JointModelPrismaticTpl<double, 0, 1>, pinocchio::JointModelPrismaticTpl<double, 0, 2>, pinocchio::JointModelPrismaticUnalignedTpl<double, 0>, pinocchio::JointModelTranslationTpl<double, 0>, pinocchio::JointModelRevoluteUnboundedTpl<double, 0, 0>, pinocchio::JointModelRevoluteUnboundedTpl<double, 0, 1>, pinocchio::JointModelRevoluteUnboundedTpl<double, 0, 2>, pinocchio::JointModelRevoluteUnboundedUnalignedTpl<double, 0>, pinocchio::JointModelHelicalTpl<double, 0, 0>, pinocchio::JointModelHelicalTpl<double, 0, 1>, pinocchio::JointModelHelicalTpl<double, 0, 2>, pinocchio::JointModelHelicalUnalignedTpl<double, 0>, pinocchio::JointModelUniversalTpl<double, 0>, boost::recursive_wrapper<pinocchio::JointModelCompositeTpl<double, 0, pinocchio::JointCollectionDefaultTpl> >, boost::recursive_wrapper<pinocchio::JointModelMimicTpl<double, 0, pinocchio::JointCollectionDefaultTpl> >}; typename Visitor::result_type = int]\x1b[m\x1b[K\xe2\x80\x99:\n'}
[7.463689] (gim_arm_hardware) StderrLine: {'line': b'\x1b[01m\x1b[K/usr/include/boost/variant/variant.hpp:2404:44:\x1b[m\x1b[K   required from \xe2\x80\x98\x1b[01m\x1b[Ktypename Visitor::result_type boost::variant<T0, TN>::apply_visitor(Visitor&) const & [with Visitor = const pinocchio::JointNvVisitor; T0_ = pinocchio::JointModelRevoluteTpl<double, 0, 0>; TN = {pinocchio::JointModelRevoluteTpl<double, 0, 1>, pinocchio::JointModelRevoluteTpl<double, 0, 2>, pinocchio::JointModelFreeFlyerTpl<double, 0>, pinocchio::JointModelPlanarTpl<double, 0>, pinocchio::JointModelRevoluteUnalignedTpl<double, 0>, pinocchio::JointModelSphericalTpl<double, 0>, pinocchio::JointModelSphericalZYXTpl<double, 0>, pinocchio::JointModelEllipsoidTpl<double, 0>, pinocchio::JointModelPrismaticTpl<double, 0, 0>, pinocchio::JointModelPrismaticTpl<double, 0, 1>, pinocchio::JointModelPrismaticTpl<double, 0, 2>, pinocchio::JointModelPrismaticUnalignedTpl<double, 0>, pinocchio::JointModelTranslationTpl<double, 0>, pinocchio::JointModelRevoluteUnboundedTpl<double, 0, 0>, pinocchio::JointModelRevoluteUnboundedTpl<double, 0, 1>, pinocchio::JointModelRevoluteUnboundedTpl<double, 0, 2>, pinocchio::JointModelRevoluteUnboundedUnalignedTpl<double, 0>, pinocchio::JointModelHelicalTpl<double, 0, 0>, pinocchio::JointModelHelicalTpl<double, 0, 1>, pinocchio::JointModelHelicalTpl<double, 0, 2>, pinocchio::JointModelHelicalUnalignedTpl<double, 0>, pinocchio::JointModelUniversalTpl<double, 0>, boost::recursive_wrapper<pinocchio::JointModelCompositeTpl<double, 0, pinocchio::JointCollectionDefaultTpl> >, boost::recursive_wrapper<pinocchio::JointModelMimicTpl<double, 0, pinocchio::JointCollectionDefaultTpl> >}; typename Visitor::result_type = int]\x1b[m\x1b[K\xe2\x80\x99\n'}
[7.463825] (gim_arm_hardware) StderrLine: {'line': b'\x1b[01m\x1b[K/usr/include/boost/variant/detail/apply_visitor_unary.hpp:68:64:\x1b[m\x1b[K   required from \xe2\x80\x98\x1b[01m\x1b[Ktypename Visitor::result_type boost::apply_visitor(const Visitor&, Visitable&&) [with Visitor = pinocchio::JointNvVisitor; Visitable = const pinocchio::JointModelTpl<double>&; typename Visitor::result_type = int]\x1b[m\x1b[K\xe2\x80\x99\n'}
[7.464107] (gim_arm_hardware) StderrLine: {'line': b'\x1b[01m\x1b[K/opt/ros/humble/include/pinocchio/src/multibody/joint/joint-basic-visitors.hxx:795:34:\x1b[m\x1b[K   required from \xe2\x80\x98\x1b[01m\x1b[Kstatic int pinocchio::JointNvVisitor::run(const pinocchio::JointModelTpl<Scalar, Options, JointCollectionTpl>&) [with Scalar = double; int Options = 0; JointCollectionTpl = pinocchio::JointCollectionDefaultTpl]\x1b[m\x1b[K\xe2\x80\x99\n'}
[7.464221] (gim_arm_hardware) StderrLine: {'line': b'\x1b[01m\x1b[K/opt/ros/humble/include/pinocchio/src/multibody/joint/joint-basic-visitors.hxx:802:31:\x1b[m\x1b[K   required from \xe2\x80\x98\x1b[01m\x1b[Kint pinocchio::nv(const pinocchio::JointModelTpl<Scalar, Options, JointCollectionTpl>&) [with Scalar = double; int Options = 0; JointCollectionTpl = pinocchio::JointCollectionDefaultTpl]\x1b[m\x1b[K\xe2\x80\x99\n'}
[7.464325] (gim_arm_hardware) StderrLine: {'line': b'\x1b[01m\x1b[K/opt/ros/humble/include/pinocchio/src/multibody/joint/joint-generic.hxx:430:29:\x1b[m\x1b[K   required from \xe2\x80\x98\x1b[01m\x1b[Kint pinocchio::JointModelTpl<Scalar, Options, JointCollectionTpl>::nv_impl() const [with _Scalar = double; int _Options = 0; JointCollectionTpl = pinocchio::JointCollectionDefaultTpl]\x1b[m\x1b[K\xe2\x80\x99\n'}
[7.464394] (gim_arm_hardware) StderrLine: {'line': b'\x1b[01m\x1b[K/opt/ros/humble/include/pinocchio/src/multibody/joint/joint-model-base.hxx:147:31:\x1b[m\x1b[K   required from \xe2\x80\x98\x1b[01m\x1b[Kint pinocchio::JointModelBase<Derived>::nv() const [with Derived = pinocchio::JointModelTpl<double>]\x1b[m\x1b[K\xe2\x80\x99\n'}
[7.464460] (gim_arm_hardware) StderrLine: {'line': b'\x1b[01m\x1b[K/opt/ros/humble/include/pinocchio/src/multibody/model.hxx:1083:40:\x1b[m\x1b[K   required from \xe2\x80\x98\x1b[01m\x1b[Kpinocchio::ModelTpl<_Scalar, _Options, JointCollectionTpl>::JointIndex pinocchio::ModelTpl<_Scalar, _Options, JointCollectionTpl>::addJoint(pinocchio::ModelTpl<_Scalar, _Options, JointCollectionTpl>::JointIndex, const JointModel&, const SE3&, const string&) [with _Scalar = double; int _Options = 0; JointCollectionTpl = pinocchio::JointCollectionDefaultTpl; pinocchio::ModelTpl<_Scalar, _Options, JointCollectionTpl>::JointIndex = long unsigned int; pinocchio::ModelTpl<_Scalar, _Options, JointCollectionTpl>::JointModel = pinocchio::JointModelTpl<double>; pinocchio::ModelTpl<_Scalar, _Options, JointCollectionTpl>::SE3 = pinocchio::SE3Tpl<double, 0>; std::string = std::__cxx11::basic_string<char>]\x1b[m\x1b[K\xe2\x80\x99\n'}
[7.464545] (gim_arm_hardware) StderrLine: {'line': b'\x1b[01m\x1b[K/opt/ros/humble/include/pinocchio/src/parsers/urdf/model.hxx:121:44:\x1b[m\x1b[K   required from here\n'}
[7.464609] (gim_arm_hardware) StderrLine: {'line': b'\x1b[01m\x1b[K/usr/include/boost/variant/variant.hpp:2359:41:\x1b[m\x1b[K \x1b[01;31m\x1b[Kerror: \x1b[m\x1b[Kusing invalid field \xe2\x80\x98\x1b[01m\x1b[Kboost::variant<T0, TN>::storage_\x1b[m\x1b[K\xe2\x80\x99\n'}
[7.464671] (gim_arm_hardware) StderrLine: {'line': b' 2359 |               which_, which(), visitor, \x1b[01;31m\x1b[Kstorage_\x1b[m\x1b[K.address()\n'}
[7.464744] (gim_arm_hardware) StderrLine: {'line': b'      |                                         \x1b[01;31m\x1b[K^~~~~~~~\x1b[m\x1b[K\n'}
[7.464805] (gim_arm_hardware) StderrLine: {'line': b'/usr/include/boost/variant/variant.hpp: In instantiation of \xe2\x80\x98\x1b[01m\x1b[Ktypename Visitor::result_type boost::variant<T0, TN>::internal_apply_visitor(Visitor&) const [with Visitor = boost::detail::variant::invoke_visitor<const pinocchio::JointNqVisitor, false>; T0_ = pinocchio::JointModelRevoluteTpl<double, 0, 0>; TN = {pinocchio::JointModelRevoluteTpl<double, 0, 1>, pinocchio::JointModelRevoluteTpl<double, 0, 2>, pinocchio::JointModelFreeFlyerTpl<double, 0>, pinocchio::JointModelPlanarTpl<double, 0>, pinocchio::JointModelRevoluteUnalignedTpl<double, 0>, pinocchio::JointModelSphericalTpl<double, 0>, pinocchio::JointModelSphericalZYXTpl<double, 0>, pinocchio::JointModelEllipsoidTpl<double, 0>, pinocchio::JointModelPrismaticTpl<double, 0, 0>, pinocchio::JointModelPrismaticTpl<double, 0, 1>, pinocchio::JointModelPrismaticTpl<double, 0, 2>, pinocchio::JointModelPrismaticUnalignedTpl<double, 0>, pinocchio::JointModelTranslationTpl<double, 0>, pinocchio::JointModelRevoluteUnboundedTpl<double, 0, 0>, pinocchio::JointModelRevoluteUnboundedTpl<double, 0, 1>, pinocchio::JointModelRevoluteUnboundedTpl<double, 0, 2>, pinocchio::JointModelRevoluteUnboundedUnalignedTpl<double, 0>, pinocchio::JointModelHelicalTpl<double, 0, 0>, pinocchio::JointModelHelicalTpl<double, 0, 1>, pinocchio::JointModelHelicalTpl<double, 0, 2>, pinocchio::JointModelHelicalUnalignedTpl<double, 0>, pinocchio::JointModelUniversalTpl<double, 0>, boost::recursive_wrapper<pinocchio::JointModelCompositeTpl<double, 0, pinocchio::JointCollectionDefaultTpl> >, boost::recursive_wrapper<pinocchio::JointModelMimicTpl<double, 0, pinocchio::JointCollectionDefaultTpl> >}; typename Visitor::result_type = int]\x1b[m\x1b[K\xe2\x80\x99:\n'}
[7.464897] (gim_arm_hardware) StderrLine: {'line': b'\x1b[01m\x1b[K/usr/include/boost/variant/variant.hpp:2404:44:\x1b[m\x1b[K   required from \xe2\x80\x98\x1b[01m\x1b[Ktypename Visitor::result_type boost::variant<T0, TN>::apply_visitor(Visitor&) const & [with Visitor = const pinocchio::JointNqVisitor; T0_ = pinocchio::JointModelRevoluteTpl<double, 0, 0>; TN = {pinocchio::JointModelRevoluteTpl<double, 0, 1>, pinocchio::JointModelRevoluteTpl<double, 0, 2>, pinocchio::JointModelFreeFlyerTpl<double, 0>, pinocchio::JointModelPlanarTpl<double, 0>, pinocchio::JointModelRevoluteUnalignedTpl<double, 0>, pinocchio::JointModelSphericalTpl<double, 0>, pinocchio::JointModelSphericalZYXTpl<double, 0>, pinocchio::JointModelEllipsoidTpl<double, 0>, pinocchio::JointModelPrismaticTpl<double, 0, 0>, pinocchio::JointModelPrismaticTpl<double, 0, 1>, pinocchio::JointModelPrismaticTpl<double, 0, 2>, pinocchio::JointModelPrismaticUnalignedTpl<double, 0>, pinocchio::JointModelTranslationTpl<double, 0>, pinocchio::JointModelRevoluteUnboundedTpl<double, 0, 0>, pinocchio::JointModelRevoluteUnboundedTpl<double, 0, 1>, pinocchio::JointModelRevoluteUnboundedTpl<double, 0, 2>, pinocchio::JointModelRevoluteUnboundedUnalignedTpl<double, 0>, pinocchio::JointModelHelicalTpl<double, 0, 0>, pinocchio::JointModelHelicalTpl<double, 0, 1>, pinocchio::JointModelHelicalTpl<double, 0, 2>, pinocchio::JointModelHelicalUnalignedTpl<double, 0>, pinocchio::JointModelUniversalTpl<double, 0>, boost::recursive_wrapper<pinocchio::JointModelCompositeTpl<double, 0, pinocchio::JointCollectionDefaultTpl> >, boost::recursive_wrapper<pinocchio::JointModelMimicTpl<double, 0, pinocchio::JointCollectionDefaultTpl> >}; typename Visitor::result_type = int]\x1b[m\x1b[K\xe2\x80\x99\n'}
[7.464995] (gim_arm_hardware) StderrLine: {'line': b'\x1b[01m\x1b[K/usr/include/boost/variant/detail/apply_visitor_unary.hpp:68:64:\x1b[m\x1b[K   required from \xe2\x80\x98\x1b[01m\x1b[Ktypename Visitor::result_type boost::apply_visitor(const Visitor&, Visitable&&) [with Visitor = pinocchio::JointNqVisitor; Visitable = const pinocchio::JointModelTpl<double>&; typename Visitor::result_type = int]\x1b[m\x1b[K\xe2\x80\x99\n'}
[7.465062] (gim_arm_hardware) StderrLine: {'line': b'\x1b[01m\x1b[K/opt/ros/humble/include/pinocchio/src/multibody/joint/joint-basic-visitors.hxx:819:34:\x1b[m\x1b[K   required from \xe2\x80\x98\x1b[01m\x1b[Kstatic int pinocchio::JointNqVisitor::run(const pinocchio::JointModelTpl<Scalar, Options, JointCollectionTpl>&) [with Scalar = double; int Options = 0; JointCollectionTpl = pinocchio::JointCollectionDefaultTpl]\x1b[m\x1b[K\xe2\x80\x99\n'}
[7.465124] (gim_arm_hardware) StderrLine: {'line': b'\x1b[01m\x1b[K/opt/ros/humble/include/pinocchio/src/multibody/joint/joint-basic-visitors.hxx:826:31:\x1b[m\x1b[K   required from \xe2\x80\x98\x1b[01m\x1b[Kint pinocchio::nq(const pinocchio::JointModelTpl<Scalar, Options, JointCollectionTpl>&) [with Scalar = double; int Options = 0; JointCollectionTpl = pinocchio::JointCollectionDefaultTpl]\x1b[m\x1b[K\xe2\x80\x99\n'}
[7.465153] (gim_arm_hardware) StderrLine: {'line': b'\x1b[01m\x1b[K/opt/ros/humble/include/pinocchio/src/multibody/joint/joint-generic.hxx:426:29:\x1b[m\x1b[K   required from \xe2\x80\x98\x1b[01m\x1b[Kint pinocchio::JointModelTpl<Scalar, Options, JointCollectionTpl>::nq_impl() const [with _Scalar = double; int _Options = 0; JointCollectionTpl = pinocchio::JointCollectionDefaultTpl]\x1b[m\x1b[K\xe2\x80\x99\n'}
[7.465178] (gim_arm_hardware) StderrLine: {'line': b'\x1b[01m\x1b[K/opt/ros/humble/include/pinocchio/src/multibody/joint/joint-model-base.hxx:151:31:\x1b[m\x1b[K   required from \xe2\x80\x98\x1b[01m\x1b[Kint pinocchio::JointModelBase<Derived>::nq() const [with Derived = pinocchio::JointModelTpl<double>]\x1b[m\x1b[K\xe2\x80\x99\n'}
[7.465202] (gim_arm_hardware) StderrLine: {'line': b'\x1b[01m\x1b[K/opt/ros/humble/include/pinocchio/src/multibody/model.hxx:1087:40:\x1b[m\x1b[K   required from \xe2\x80\x98\x1b[01m\x1b[Kpinocchio::ModelTpl<_Scalar, _Options, JointCollectionTpl>::JointIndex pinocchio::ModelTpl<_Scalar, _Options, JointCollectionTpl>::addJoint(pinocchio::ModelTpl<_Scalar, _Options, JointCollectionTpl>::JointIndex, const JointModel&, const SE3&, const string&) [with _Scalar = double; int _Options = 0; JointCollectionTpl = pinocchio::JointCollectionDefaultTpl; pinocchio::ModelTpl<_Scalar, _Options, JointCollectionTpl>::JointIndex = long unsigned int; pinocchio::ModelTpl<_Scalar, _Options, JointCollectionTpl>::JointModel = pinocchio::JointModelTpl<double>; pinocchio::ModelTpl<_Scalar, _Options, JointCollectionTpl>::SE3 = pinocchio::SE3Tpl<double, 0>; std::string = std::__cxx11::basic_string<char>]\x1b[m\x1b[K\xe2\x80\x99\n'}
[7.465234] (gim_arm_hardware) StderrLine: {'line': b'\x1b[01m\x1b[K/opt/ros/humble/include/pinocchio/src/parsers/urdf/model.hxx:121:44:\x1b[m\x1b[K   required from here\n'}
[7.465258] (gim_arm_hardware) StderrLine: {'line': b'\x1b[01m\x1b[K/usr/include/boost/variant/variant.hpp:2359:41:\x1b[m\x1b[K \x1b[01;31m\x1b[Kerror: \x1b[m\x1b[Kusing invalid field \xe2\x80\x98\x1b[01m\x1b[Kboost::variant<T0, TN>::storage_\x1b[m\x1b[K\xe2\x80\x99\n'}
[7.468760] (gim_arm_hardware) StderrLine: {'line': b'/usr/include/boost/variant/variant.hpp: In instantiation of \xe2\x80\x98\x1b[01m\x1b[Ktypename Visitor::result_type boost::variant<T0, TN>::internal_apply_visitor(Visitor&) const [with Visitor = boost::detail::variant::invoke_visitor<const pinocchio::JointNvExtendedVisitor, false>; T0_ = pinocchio::JointModelRevoluteTpl<double, 0, 0>; TN = {pinocchio::JointModelRevoluteTpl<double, 0, 1>, pinocchio::JointModelRevoluteTpl<double, 0, 2>, pinocchio::JointModelFreeFlyerTpl<double, 0>, pinocchio::JointModelPlanarTpl<double, 0>, pinocchio::JointModelRevoluteUnalignedTpl<double, 0>, pinocchio::JointModelSphericalTpl<double, 0>, pinocchio::JointModelSphericalZYXTpl<double, 0>, pinocchio::JointModelEllipsoidTpl<double, 0>, pinocchio::JointModelPrismaticTpl<double, 0, 0>, pinocchio::JointModelPrismaticTpl<double, 0, 1>, pinocchio::JointModelPrismaticTpl<double, 0, 2>, pinocchio::JointModelPrismaticUnalignedTpl<double, 0>, pinocchio::JointModelTranslationTpl<double, 0>, pinocchio::JointModelRevoluteUnboundedTpl<double, 0, 0>, pinocchio::JointModelRevoluteUnboundedTpl<double, 0, 1>, pinocchio::JointModelRevoluteUnboundedTpl<double, 0, 2>, pinocchio::JointModelRevoluteUnboundedUnalignedTpl<double, 0>, pinocchio::JointModelHelicalTpl<double, 0, 0>, pinocchio::JointModelHelicalTpl<double, 0, 1>, pinocchio::JointModelHelicalTpl<double, 0, 2>, pinocchio::JointModelHelicalUnalignedTpl<double, 0>, pinocchio::JointModelUniversalTpl<double, 0>, boost::recursive_wrapper<pinocchio::JointModelCompositeTpl<double, 0, pinocchio::JointCollectionDefaultTpl> >, boost::recursive_wrapper<pinocchio::JointModelMimicTpl<double, 0, pinocchio::JointCollectionDefaultTpl> >}; typename Visitor::result_type = int]\x1b[m\x1b[K\xe2\x80\x99:\n'}
[7.468967] (gim_arm_hardware) StderrLine: {'line': b'\x1b[01m\x1b[K/usr/include/boost/variant/variant.hpp:2404:44:\x1b[m\x1b[K   required from \xe2\x80\x98\x1b[01m\x1b[Ktypename Visitor::result_type boost::variant<T0, TN>::apply_visitor(Visitor&) const & [with Visitor = const pinocchio::JointNvExtendedVisitor; T0_ = pinocchio::JointModelRevoluteTpl<double, 0, 0>; TN = {pinocchio::JointModelRevoluteTpl<double, 0, 1>, pinocchio::JointModelRevoluteTpl<double, 0, 2>, pinocchio::JointModelFreeFlyerTpl<double, 0>, pinocchio::JointModelPlanarTpl<double, 0>, pinocchio::JointModelRevoluteUnalignedTpl<double, 0>, pinocchio::JointModelSphericalTpl<double, 0>, pinocchio::JointModelSphericalZYXTpl<double, 0>, pinocchio::JointModelEllipsoidTpl<double, 0>, pinocchio::JointModelPrismaticTpl<double, 0, 0>, pinocchio::JointModelPrismaticTpl<double, 0, 1>, pinocchio::JointModelPrismaticTpl<double, 0, 2>, pinocchio::JointModelPrismaticUnalignedTpl<double, 0>, pinocchio::JointModelTranslationTpl<double, 0>, pinocchio::JointModelRevoluteUnboundedTpl<double, 0, 0>, pinocchio::JointModelRevoluteUnboundedTpl<double, 0, 1>, pinocchio::JointModelRevoluteUnboundedTpl<double, 0, 2>, pinocchio::JointModelRevoluteUnboundedUnalignedTpl<double, 0>, pinocchio::JointModelHelicalTpl<double, 0, 0>, pinocchio::JointModelHelicalTpl<double, 0, 1>, pinocchio::JointModelHelicalTpl<double, 0, 2>, pinocchio::JointModelHelicalUnalignedTpl<double, 0>, pinocchio::JointModelUniversalTpl<double, 0>, boost::recursive_wrapper<pinocchio::JointModelCompositeTpl<double, 0, pinocchio::JointCollectionDefaultTpl> >, boost::recursive_wrapper<pinocchio::JointModelMimicTpl<double, 0, pinocchio::JointCollectionDefaultTpl> >}; typename Visitor::result_type = int]\x1b[m\x1b[K\xe2\x80\x99\n'}
[7.469054] (gim_arm_hardware) StderrLine: {'line': b'\x1b[01m\x1b[K/usr/include/boost/variant/detail/apply_visitor_unary.hpp:68:64:\x1b[m\x1b[K   required from \xe2\x80\x98\x1b[01m\x1b[Ktypename Visitor::result_type boost::apply_visitor(const Visitor&, Visitable&&) [with Visitor = pinocchio::JointNvExtendedVisitor; Visitable = const pinocchio::JointModelTpl<double>&; typename Visitor::result_type = int]\x1b[m\x1b[K\xe2\x80\x99\n'}
[7.469231] (gim_arm_hardware) StderrLine: {'line': b'\x1b[01m\x1b[K/opt/ros/humble/include/pinocchio/src/multibody/joint/joint-basic-visitors.hxx:843:34:\x1b[m\x1b[K   required from \xe2\x80\x98\x1b[01m\x1b[Kstatic int pinocchio::JointNvExtendedVisitor::run(const pinocchio::JointModelTpl<Scalar, Options, JointCollectionTpl>&) [with Scalar = double; int Options = 0; JointCollectionTpl = pinocchio::JointCollectionDefaultTpl]\x1b[m\x1b[K\xe2\x80\x99\n'}
[7.469294] (gim_arm_hardware) StderrLine: {'line': b'\x1b[01m\x1b[K/opt/ros/humble/include/pinocchio/src/multibody/joint/joint-basic-visitors.hxx:850:39:\x1b[m\x1b[K   required from \xe2\x80\x98\x1b[01m\x1b[Kint pinocchio::nvExtended(const pinocchio::JointModelTpl<Scalar, Options, JointCollectionTpl>&) [with Scalar = double; int Options = 0; JointCollectionTpl = pinocchio::JointCollectionDefaultTpl]\x1b[m\x1b[K\xe2\x80\x99\n'}
[7.469416] (gim_arm_hardware) StderrLine: {'line': b'\x1b[01m\x1b[K/opt/ros/humble/include/pinocchio/src/multibody/joint/joint-generic.hxx:434:37:\x1b[m\x1b[K   required from \xe2\x80\x98\x1b[01m\x1b[Kint pinocchio::JointModelTpl<Scalar, Options, JointCollectionTpl>::nvExtended_impl() const [with _Scalar = double; int _Options = 0; JointCollectionTpl = pinocchio::JointCollectionDefaultTpl]\x1b[m\x1b[K\xe2\x80\x99\n'}
[7.469474] (gim_arm_hardware) StderrLine: {'line': b'\x1b[01m\x1b[K/opt/ros/humble/include/pinocchio/src/multibody/joint/joint-model-base.hxx:155:39:\x1b[m\x1b[K   required from \xe2\x80\x98\x1b[01m\x1b[Kint pinocchio::JointModelBase<Derived>::nvExtended() const [with Derived = pinocchio::JointModelTpl<double>]\x1b[m\x1b[K\xe2\x80\x99\n'}
[7.469529] (gim_arm_hardware) StderrLine: {'line': b'\x1b[01m\x1b[K/opt/ros/humble/include/pinocchio/src/multibody/model.hxx:823:5:\x1b[m\x1b[K   required from \xe2\x80\x98\x1b[01m\x1b[Kpinocchio::ModelTpl<_Scalar, _Options, JointCollectionTpl>::JointIndex pinocchio::ModelTpl<_Scalar, _Options, JointCollectionTpl>::addJoint(pinocchio::ModelTpl<_Scalar, _Options, JointCollectionTpl>::JointIndex, const JointModel&, const SE3&, const string&, const VectorXs&, const VectorXs&, const VectorXs&, const VectorXs&, const VectorXs&, const VectorXs&, const VectorXs&, const VectorXs&, const VectorXs&, const VectorXs&) [with _Scalar = double; int _Options = 0; JointCollectionTpl = pinocchio::JointCollectionDefaultTpl; pinocchio::ModelTpl<_Scalar, _Options, JointCollectionTpl>::JointIndex = long unsigned int; pinocchio::ModelTpl<_Scalar, _Options, JointCollectionTpl>::JointModel = pinocchio::JointModelTpl<double>; pinocchio::ModelTpl<_Scalar, _Options, JointCollectionTpl>::SE3 = pinocchio::SE3Tpl<double, 0>; std::string = std::__cxx11::basic_string<char>; pinocchio::ModelTpl<_Scalar, _Options, JointCollectionTpl>::VectorXs = Eigen::Matrix<double, -1, 1>]\x1b[m\x1b[K\xe2\x80\x99\n'}
[7.469622] (gim_arm_hardware) StderrLine: {'line': b'\x1b[01m\x1b[K/opt/ros/humble/include/pinocchio/src/parsers/urdf/model.hxx:235:38:\x1b[m\x1b[K   required from here\n'}
[7.469673] (gim_arm_hardware) StderrLine: {'line': b'\x1b[01m\x1b[K/usr/include/boost/variant/variant.hpp:2359:41:\x1b[m\x1b[K \x1b[01;31m\x1b[Kerror: \x1b[m\x1b[Kusing invalid field \xe2\x80\x98\x1b[01m\x1b[Kboost::variant<T0, TN>::storage_\x1b[m\x1b[K\xe2\x80\x99\n'}
[7.469730] (gim_arm_hardware) StderrLine: {'line': b'/usr/include/boost/variant/variant.hpp: In instantiation of \xe2\x80\x98\x1b[01m\x1b[Ktypename Visitor::result_type boost::variant<T0, TN>::internal_apply_visitor(Visitor&) const [with Visitor = boost::detail::variant::invoke_visitor<const pinocchio::JointIdxQVisitor, false>; T0_ = pinocchio::JointModelRevoluteTpl<double, 0, 0>; TN = {pinocchio::JointModelRevoluteTpl<double, 0, 1>, pinocchio::JointModelRevoluteTpl<double, 0, 2>, pinocchio::JointModelFreeFlyerTpl<double, 0>, pinocchio::JointModelPlanarTpl<double, 0>, pinocchio::JointModelRevoluteUnalignedTpl<double, 0>, pinocchio::JointModelSphericalTpl<double, 0>, pinocchio::JointModelSphericalZYXTpl<double, 0>, pinocchio::JointModelEllipsoidTpl<double, 0>, pinocchio::JointModelPrismaticTpl<double, 0, 0>, pinocchio::JointModelPrismaticTpl<double, 0, 1>, pinocchio::JointModelPrismaticTpl<double, 0, 2>, pinocchio::JointModelPrismaticUnalignedTpl<double, 0>, pinocchio::JointModelTranslationTpl<double, 0>, pinocchio::JointModelRevoluteUnboundedTpl<double, 0, 0>, pinocchio::JointModelRevoluteUnboundedTpl<double, 0, 1>, pinocchio::JointModelRevoluteUnboundedTpl<double, 0, 2>, pinocchio::JointModelRevoluteUnboundedUnalignedTpl<double, 0>, pinocchio::JointModelHelicalTpl<double, 0, 0>, pinocchio::JointModelHelicalTpl<double, 0, 1>, pinocchio::JointModelHelicalTpl<double, 0, 2>, pinocchio::JointModelHelicalUnalignedTpl<double, 0>, pinocchio::JointModelUniversalTpl<double, 0>, boost::recursive_wrapper<pinocchio::JointModelCompositeTpl<double, 0, pinocchio::JointCollectionDefaultTpl> >, boost::recursive_wrapper<pinocchio::JointModelMimicTpl<double, 0, pinocchio::JointCollectionDefaultTpl> >}; typename Visitor::result_type = int]\x1b[m\x1b[K\xe2\x80\x99:\n'}
[7.469802] (gim_arm_hardware) StderrLine: {'line': b'\x1b[01m\x1b[K/usr/include/boost/variant/variant.hpp:2404:44:\x1b[m\x1b[K   required from \xe2\x80\x98\x1b[01m\x1b[Ktypename Visitor::result_type boost::variant<T0, TN>::apply_visitor(Visitor&) const & [with Visitor = const pinocchio::JointIdxQVisitor; T0_ = pinocchio::JointModelRevoluteTpl<double, 0, 0>; TN = {pinocchio::JointModelRevoluteTpl<double, 0, 1>, pinocchio::JointModelRevoluteTpl<double, 0, 2>, pinocchio::JointModelFreeFlyerTpl<double, 0>, pinocchio::JointModelPlanarTpl<double, 0>, pinocchio::JointModelRevoluteUnalignedTpl<double, 0>, pinocchio::JointModelSphericalTpl<double, 0>, pinocchio::JointModelSphericalZYXTpl<double, 0>, pinocchio::JointModelEllipsoidTpl<double, 0>, pinocchio::JointModelPrismaticTpl<double, 0, 0>, pinocchio::JointModelPrismaticTpl<double, 0, 1>, pinocchio::JointModelPrismaticTpl<double, 0, 2>, pinocchio::JointModelPrismaticUnalignedTpl<double, 0>, pinocchio::JointModelTranslationTpl<double, 0>, pinocchio::JointModelRevoluteUnboundedTpl<double, 0, 0>, pinocchio::JointModelRevoluteUnboundedTpl<double, 0, 1>, pinocchio::JointModelRevoluteUnboundedTpl<double, 0, 2>, pinocchio::JointModelRevoluteUnboundedUnalignedTpl<double, 0>, pinocchio::JointModelHelicalTpl<double, 0, 0>, pinocchio::JointModelHelicalTpl<double, 0, 1>, pinocchio::JointModelHelicalTpl<double, 0, 2>, pinocchio::JointModelHelicalUnalignedTpl<double, 0>, pinocchio::JointModelUniversalTpl<double, 0>, boost::recursive_wrapper<pinocchio::JointModelCompositeTpl<double, 0, pinocchio::JointCollectionDefaultTpl> >, boost::recursive_wrapper<pinocchio::JointModelMimicTpl<double, 0, pinocchio::JointCollectionDefaultTpl> >}; typename Visitor::result_type = int]\x1b[m\x1b[K\xe2\x80\x99\n'}
[7.469863] (gim_arm_hardware) StderrLine: {'line': b'\x1b[01m\x1b[K/usr/include/boost/variant/detail/apply_visitor_unary.hpp:68:64:\x1b[m\x1b[K   required from \xe2\x80\x98\x1b[01m\x1b[Ktypename Visitor::result_type boost::apply_visitor(const Visitor&, Visitable&&) [with Visitor = pinocchio::JointIdxQVisitor; Visitable = const pinocchio::JointModelTpl<double>&; typename Visitor::result_type = int]\x1b[m\x1b[K\xe2\x80\x99\n'}
[7.469926] (gim_arm_hardware) StderrLine: {'line': b'\x1b[01m\x1b[K/opt/ros/humble/include/pinocchio/src/multibody/joint/joint-basic-visitors.hxx:919:34:\x1b[m\x1b[K   required from \xe2\x80\x98\x1b[01m\x1b[Kstatic int pinocchio::JointIdxQVisitor::run(const pinocchio::JointModelTpl<Scalar, Options, JointCollectionTpl>&) [with Scalar = double; int Options = 0; JointCollectionTpl = pinocchio::JointCollectionDefaultTpl]\x1b[m\x1b[K\xe2\x80\x99\n'}
[7.469956] (gim_arm_hardware) StderrLine: {'line': b'\x1b[01m\x1b[K/opt/ros/humble/include/pinocchio/src/multibody/joint/joint-basic-visitors.hxx:926:33:\x1b[m\x1b[K   required from \xe2\x80\x98\x1b[01m\x1b[Kint pinocchio::idx_q(const pinocchio::JointModelTpl<Scalar, Options, JointCollectionTpl>&) [with Scalar = double; int Options = 0; JointCollectionTpl = pinocchio::JointCollectionDefaultTpl]\x1b[m\x1b[K\xe2\x80\x99\n'}
[7.469981] (gim_arm_hardware) StderrLine: {'line': b'\x1b[01m\x1b[K/opt/ros/humble/include/pinocchio/src/multibody/joint/joint-generic.hxx:439:32:\x1b[m\x1b[K   required from \xe2\x80\x98\x1b[01m\x1b[Kint pinocchio::JointModelTpl<Scalar, Options, JointCollectionTpl>::idx_q_impl() const [with _Scalar = double; int _Options = 0; JointCollectionTpl = pinocchio::JointCollectionDefaultTpl]\x1b[m\x1b[K\xe2\x80\x99\n'}
[7.470007] (gim_arm_hardware) StderrLine: {'line': b'\x1b[01m\x1b[K/opt/ros/humble/include/pinocchio/src/multibody/joint/joint-model-base.hxx:174:34:\x1b[m\x1b[K   required from \xe2\x80\x98\x1b[01m\x1b[Kint pinocchio::JointModelBase<Derived>::idx_q() const [with Derived = pinocchio::JointModelTpl<double>]\x1b[m\x1b[K\xe2\x80\x99\n'}
[7.470038] (gim_arm_hardware) StderrLine: {'line': b'\x1b[01m\x1b[K/opt/ros/humble/include/pinocchio/src/multibody/model.hxx:872:41:\x1b[m\x1b[K   required from \xe2\x80\x98\x1b[01m\x1b[Kpinocchio::ModelTpl<_Scalar, _Options, JointCollectionTpl>::JointIndex pinocchio::ModelTpl<_Scalar, _Options, JointCollectionTpl>::addJoint(pinocchio::ModelTpl<_Scalar, _Options, JointCollectionTpl>::JointIndex, const JointModel&, const SE3&, const string&, const VectorXs&, const VectorXs&, const VectorXs&, const VectorXs&, const VectorXs&, const VectorXs&, const VectorXs&, const VectorXs&, const VectorXs&, const VectorXs&) [with _Scalar = double; int _Options = 0; JointCollectionTpl = pinocchio::JointCollectionDefaultTpl; pinocchio::ModelTpl<_Scalar, _Options, JointCollectionTpl>::JointIndex = long unsigned int; pinocchio::ModelTpl<_Scalar, _Options, JointCollectionTpl>::JointModel = pinocchio::JointModelTpl<double>; pinocchio::ModelTpl<_Scalar, _Options, JointCollectionTpl>::SE3 = pinocchio::SE3Tpl<double, 0>; std::string = std::__cxx11::basic_string<char>; pinocchio::ModelTpl<_Scalar, _Options, JointCollectionTpl>::VectorXs = Eigen::Matrix<double, -1, 1>]\x1b[m\x1b[K\xe2\x80\x99\n'}
[7.470069] (gim_arm_hardware) StderrLine: {'line': b'\x1b[01m\x1b[K/opt/ros/humble/include/pinocchio/src/parsers/urdf/model.hxx:235:38:\x1b[m\x1b[K   required from here\n'}
[7.470096] (gim_arm_hardware) StderrLine: {'line': b'\x1b[01m\x1b[K/usr/include/boost/variant/variant.hpp:2359:41:\x1b[m\x1b[K \x1b[01;31m\x1b[Kerror: \x1b[m\x1b[Kusing invalid field \xe2\x80\x98\x1b[01m\x1b[Kboost::variant<T0, TN>::storage_\x1b[m\x1b[K\xe2\x80\x99\n'}
[7.470122] (gim_arm_hardware) StderrLine: {'line': b'/usr/include/boost/variant/variant.hpp: In instantiation of \xe2\x80\x98\x1b[01m\x1b[Ktypename Visitor::result_type boost::variant<T0, TN>::internal_apply_visitor(Visitor&) const [with Visitor = boost::detail::variant::invoke_visitor<const pinocchio::JointIdxVVisitor, false>; T0_ = pinocchio::JointModelRevoluteTpl<double, 0, 0>; TN = {pinocchio::JointModelRevoluteTpl<double, 0, 1>, pinocchio::JointModelRevoluteTpl<double, 0, 2>, pinocchio::JointModelFreeFlyerTpl<double, 0>, pinocchio::JointModelPlanarTpl<double, 0>, pinocchio::JointModelRevoluteUnalignedTpl<double, 0>, pinocchio::JointModelSphericalTpl<double, 0>, pinocchio::JointModelSphericalZYXTpl<double, 0>, pinocchio::JointModelEllipsoidTpl<double, 0>, pinocchio::JointModelPrismaticTpl<double, 0, 0>, pinocchio::JointModelPrismaticTpl<double, 0, 1>, pinocchio::JointModelPrismaticTpl<double, 0, 2>, pinocchio::JointModelPrismaticUnalignedTpl<double, 0>, pinocchio::JointModelTranslationTpl<double, 0>, pinocchio::JointModelRevoluteUnboundedTpl<double, 0, 0>, pinocchio::JointModelRevoluteUnboundedTpl<double, 0, 1>, pinocchio::JointModelRevoluteUnboundedTpl<double, 0, 2>, pinocchio::JointModelRevoluteUnboundedUnalignedTpl<double, 0>, pinocchio::JointModelHelicalTpl<double, 0, 0>, pinocchio::JointModelHelicalTpl<double, 0, 1>, pinocchio::JointModelHelicalTpl<double, 0, 2>, pinocchio::JointModelHelicalUnalignedTpl<double, 0>, pinocchio::JointModelUniversalTpl<double, 0>, boost::recursive_wrapper<pinocchio::JointModelCompositeTpl<double, 0, pinocchio::JointCollectionDefaultTpl> >, boost::recursive_wrapper<pinocchio::JointModelMimicTpl<double, 0, pinocchio::JointCollectionDefaultTpl> >}; typename Visitor::result_type = int]\x1b[m\x1b[K\xe2\x80\x99:\n'}
[7.470156] (gim_arm_hardware) StderrLine: {'line': b'\x1b[01m\x1b[K/usr/include/boost/variant/variant.hpp:2404:44:\x1b[m\x1b[K   required from \xe2\x80\x98\x1b[01m\x1b[Ktypename Visitor::result_type boost::variant<T0, TN>::apply_visitor(Visitor&) const & [with Visitor = const pinocchio::JointIdxVVisitor; T0_ = pinocchio::JointModelRevoluteTpl<double, 0, 0>; TN = {pinocchio::JointModelRevoluteTpl<double, 0, 1>, pinocchio::JointModelRevoluteTpl<double, 0, 2>, pinocchio::JointModelFreeFlyerTpl<double, 0>, pinocchio::JointModelPlanarTpl<double, 0>, pinocchio::JointModelRevoluteUnalignedTpl<double, 0>, pinocchio::JointModelSphericalTpl<double, 0>, pinocchio::JointModelSphericalZYXTpl<double, 0>, pinocchio::JointModelEllipsoidTpl<double, 0>, pinocchio::JointModelPrismaticTpl<double, 0, 0>, pinocchio::JointModelPrismaticTpl<double, 0, 1>, pinocchio::JointModelPrismaticTpl<double, 0, 2>, pinocchio::JointModelPrismaticUnalignedTpl<double, 0>, pinocchio::JointModelTranslationTpl<double, 0>, pinocchio::JointModelRevoluteUnboundedTpl<double, 0, 0>, pinocchio::JointModelRevoluteUnboundedTpl<double, 0, 1>, pinocchio::JointModelRevoluteUnboundedTpl<double, 0, 2>, pinocchio::JointModelRevoluteUnboundedUnalignedTpl<double, 0>, pinocchio::JointModelHelicalTpl<double, 0, 0>, pinocchio::JointModelHelicalTpl<double, 0, 1>, pinocchio::JointModelHelicalTpl<double, 0, 2>, pinocchio::JointModelHelicalUnalignedTpl<double, 0>, pinocchio::JointModelUniversalTpl<double, 0>, boost::recursive_wrapper<pinocchio::JointModelCompositeTpl<double, 0, pinocchio::JointCollectionDefaultTpl> >, boost::recursive_wrapper<pinocchio::JointModelMimicTpl<double, 0, pinocchio::JointCollectionDefaultTpl> >}; typename Visitor::result_type = int]\x1b[m\x1b[K\xe2\x80\x99\n'}
[7.470194] (gim_arm_hardware) StderrLine: {'line': b'\x1b[01m\x1b[K/usr/include/boost/variant/detail/apply_visitor_unary.hpp:68:64:\x1b[m\x1b[K   required from \xe2\x80\x98\x1b[01m\x1b[Ktypename Visitor::result_type boost::apply_visitor(const Visitor&, Visitable&&) [with Visitor = pinocchio::JointIdxVVisitor; Visitable = const pinocchio::JointModelTpl<double>&; typename Visitor::result_type = int]\x1b[m\x1b[K\xe2\x80\x99\n'}
[7.470219] (gim_arm_hardware) StderrLine: {'line': b'\x1b[01m\x1b[K/opt/ros/humble/include/pinocchio/src/multibody/joint/joint-basic-visitors.hxx:943:34:\x1b[m\x1b[K   required from \xe2\x80\x98\x1b[01m\x1b[Kstatic int pinocchio::JointIdxVVisitor::run(const pinocchio::JointModelTpl<Scalar, Options, JointCollectionTpl>&) [with Scalar = double; int Options = 0; JointCollectionTpl = pinocchio::JointCollectionDefaultTpl]\x1b[m\x1b[K\xe2\x80\x99\n'}
[7.470248] (gim_arm_hardware) StderrLine: {'line': b'\x1b[01m\x1b[K/opt/ros/humble/include/pinocchio/src/multibody/joint/joint-basic-visitors.hxx:950:33:\x1b[m\x1b[K   required from \xe2\x80\x98\x1b[01m\x1b[Kint pinocchio::idx_v(const pinocchio::JointModelTpl<Scalar, Options, JointCollectionTpl>&) [with Scalar = double; int Options = 0; JointCollectionTpl = pinocchio::JointCollectionDefaultTpl]\x1b[m\x1b[K\xe2\x80\x99\n'}
[7.470275] (gim_arm_hardware) StderrLine: {'line': b'\x1b[01m\x1b[K/opt/ros/humble/include/pinocchio/src/multibody/joint/joint-generic.hxx:443:32:\x1b[m\x1b[K   required from \xe2\x80\x98\x1b[01m\x1b[Kint pinocchio::JointModelTpl<Scalar, Options, JointCollectionTpl>::idx_v_impl() const [with _Scalar = double; int _Options = 0; JointCollectionTpl = pinocchio::JointCollectionDefaultTpl]\x1b[m\x1b[K\xe2\x80\x99\n'}
[7.470299] (gim_arm_hardware) StderrLine: {'line': b'\x1b[01m\x1b[K/opt/ros/humble/include/pinocchio/src/multibody/joint/joint-model-base.hxx:178:34:\x1b[m\x1b[K   required from \xe2\x80\x98\x1b[01m\x1b[Kint pinocchio::JointModelBase<Derived>::idx_v() const [with Derived = pinocchio::JointModelTpl<double>]\x1b[m\x1b[K\xe2\x80\x99\n'}
[7.470325] (gim_arm_hardware) StderrLine: {'line': b'\x1b[01m\x1b[K/opt/ros/humble/include/pinocchio/src/multibody/model.hxx:874:41:\x1b[m\x1b[K   required from \xe2\x80\x98\x1b[01m\x1b[Kpinocchio::ModelTpl<_Scalar, _Options, JointCollectionTpl>::JointIndex pinocchio::ModelTpl<_Scalar, _Options, JointCollectionTpl>::addJoint(pinocchio::ModelTpl<_Scalar, _Options, JointCollectionTpl>::JointIndex, const JointModel&, const SE3&, const string&, const VectorXs&, const VectorXs&, const VectorXs&, const VectorXs&, const VectorXs&, const VectorXs&, const VectorXs&, const VectorXs&, const VectorXs&, const VectorXs&) [with _Scalar = double; int _Options = 0; JointCollectionTpl = pinocchio::JointCollectionDefaultTpl; pinocchio::ModelTpl<_Scalar, _Options, JointCollectionTpl>::JointIndex = long unsigned int; pinocchio::ModelTpl<_Scalar, _Options, JointCollectionTpl>::JointModel = pinocchio::JointModelTpl<double>; pinocchio::ModelTpl<_Scalar, _Options, JointCollectionTpl>::SE3 = pinocchio::SE3Tpl<double, 0>; std::string = std::__cxx11::basic_string<char>; pinocchio::ModelTpl<_Scalar, _Options, JointCollectionTpl>::VectorXs = Eigen::Matrix<double, -1, 1>]\x1b[m\x1b[K\xe2\x80\x99\n'}
[7.470359] (gim_arm_hardware) StderrLine: {'line': b'\x1b[01m\x1b[K/opt/ros/humble/include/pinocchio/src/parsers/urdf/model.hxx:235:38:\x1b[m\x1b[K   required from here\n'}
[7.470383] (gim_arm_hardware) StderrLine: {'line': b'\x1b[01m\x1b[K/usr/include/boost/variant/variant.hpp:2359:41:\x1b[m\x1b[K \x1b[01;31m\x1b[Kerror: \x1b[m\x1b[Kusing invalid field \xe2\x80\x98\x1b[01m\x1b[Kboost::variant<T0, TN>::storage_\x1b[m\x1b[K\xe2\x80\x99\n'}
[7.470407] (gim_arm_hardware) StderrLine: {'line': b'/usr/include/boost/variant/variant.hpp: In instantiation of \xe2\x80\x98\x1b[01m\x1b[Ktypename Visitor::result_type boost::variant<T0, TN>::internal_apply_visitor(Visitor&) const [with Visitor = boost::detail::variant::invoke_visitor<const pinocchio::JointIdxVExtendedVisitor, false>; T0_ = pinocchio::JointModelRevoluteTpl<double, 0, 0>; TN = {pinocchio::JointModelRevoluteTpl<double, 0, 1>, pinocchio::JointModelRevoluteTpl<double, 0, 2>, pinocchio::JointModelFreeFlyerTpl<double, 0>, pinocchio::JointModelPlanarTpl<double, 0>, pinocchio::JointModelRevoluteUnalignedTpl<double, 0>, pinocchio::JointModelSphericalTpl<double, 0>, pinocchio::JointModelSphericalZYXTpl<double, 0>, pinocchio::JointModelEllipsoidTpl<double, 0>, pinocchio::JointModelPrismaticTpl<double, 0, 0>, pinocchio::JointModelPrismaticTpl<double, 0, 1>, pinocchio::JointModelPrismaticTpl<double, 0, 2>, pinocchio::JointModelPrismaticUnalignedTpl<double, 0>, pinocchio::JointModelTranslationTpl<double, 0>, pinocchio::JointModelRevoluteUnboundedTpl<double, 0, 0>, pinocchio::JointModelRevoluteUnboundedTpl<double, 0, 1>, pinocchio::JointModelRevoluteUnboundedTpl<double, 0, 2>, pinocchio::JointModelRevoluteUnboundedUnalignedTpl<double, 0>, pinocchio::JointModelHelicalTpl<double, 0, 0>, pinocchio::JointModelHelicalTpl<double, 0, 1>, pinocchio::JointModelHelicalTpl<double, 0, 2>, pinocchio::JointModelHelicalUnalignedTpl<double, 0>, pinocchio::JointModelUniversalTpl<double, 0>, boost::recursive_wrapper<pinocchio::JointModelCompositeTpl<double, 0, pinocchio::JointCollectionDefaultTpl> >, boost::recursive_wrapper<pinocchio::JointModelMimicTpl<double, 0, pinocchio::JointCollectionDefaultTpl> >}; typename Visitor::result_type = int]\x1b[m\x1b[K\xe2\x80\x99:\n'}
[7.470441] (gim_arm_hardware) StderrLine: {'line': b'\x1b[01m\x1b[K/usr/include/boost/variant/variant.hpp:2404:44:\x1b[m\x1b[K   required from \xe2\x80\x98\x1b[01m\x1b[Ktypename Visitor::result_type boost::variant<T0, TN>::apply_visitor(Visitor&) const & [with Visitor = const pinocchio::JointIdxVExtendedVisitor; T0_ = pinocchio::JointModelRevoluteTpl<double, 0, 0>; TN = {pinocchio::JointModelRevoluteTpl<double, 0, 1>, pinocchio::JointModelRevoluteTpl<double, 0, 2>, pinocchio::JointModelFreeFlyerTpl<double, 0>, pinocchio::JointModelPlanarTpl<double, 0>, pinocchio::JointModelRevoluteUnalignedTpl<double, 0>, pinocchio::JointModelSphericalTpl<double, 0>, pinocchio::JointModelSphericalZYXTpl<double, 0>, pinocchio::JointModelEllipsoidTpl<double, 0>, pinocchio::JointModelPrismaticTpl<double, 0, 0>, pinocchio::JointModelPrismaticTpl<double, 0, 1>, pinocchio::JointModelPrismaticTpl<double, 0, 2>, pinocchio::JointModelPrismaticUnalignedTpl<double, 0>, pinocchio::JointModelTranslationTpl<double, 0>, pinocchio::JointModelRevoluteUnboundedTpl<double, 0, 0>, pinocchio::JointModelRevoluteUnboundedTpl<double, 0, 1>, pinocchio::JointModelRevoluteUnboundedTpl<double, 0, 2>, pinocchio::JointModelRevoluteUnboundedUnalignedTpl<double, 0>, pinocchio::JointModelHelicalTpl<double, 0, 0>, pinocchio::JointModelHelicalTpl<double, 0, 1>, pinocchio::JointModelHelicalTpl<double, 0, 2>, pinocchio::JointModelHelicalUnalignedTpl<double, 0>, pinocchio::JointModelUniversalTpl<double, 0>, boost::recursive_wrapper<pinocchio::JointModelCompositeTpl<double, 0, pinocchio::JointCollectionDefaultTpl> >, boost::recursive_wrapper<pinocchio::JointModelMimicTpl<double, 0, pinocchio::JointCollectionDefaultTpl> >}; typename Visitor::result_type = int]\x1b[m\x1b[K\xe2\x80\x99\n'}
[7.470472] (gim_arm_hardware) StderrLine: {'line': b'\x1b[01m\x1b[K/usr/include/boost/variant/detail/apply_visitor_unary.hpp:68:64:\x1b[m\x1b[K   required from \xe2\x80\x98\x1b[01m\x1b[Ktypename Visitor::result_type boost::apply_visitor(const Visitor&, Visitable&&) [with Visitor = pinocchio::JointIdxVExtendedVisitor; Visitable = const pinocchio::JointModelTpl<double>&; typename Visitor::result_type = int]\x1b[m\x1b[K\xe2\x80\x99\n'}
[7.470497] (gim_arm_hardware) StderrLine: {'line': b'\x1b[01m\x1b[K/opt/ros/humble/include/pinocchio/src/multibody/joint/joint-basic-visitors.hxx:967:34:\x1b[m\x1b[K   required from \xe2\x80\x98\x1b[01m\x1b[Kstatic int pinocchio::JointIdxVExtendedVisitor::run(const pinocchio::JointModelTpl<Scalar, Options, JointCollectionTpl>&) [with Scalar = double; int Options = 0; JointCollectionTpl = pinocchio::JointCollectionDefaultTpl]\x1b[m\x1b[K\xe2\x80\x99\n'}
[7.470529] (gim_arm_hardware) StderrLine: {'line': b'\x1b[01m\x1b[K/opt/ros/humble/include/pinocchio/src/multibody/joint/joint-basic-visitors.hxx:974:41:\x1b[m\x1b[K   required from \xe2\x80\x98\x1b[01m\x1b[Kint pinocchio::idx_vExtended(const pinocchio::JointModelTpl<Scalar, Options, JointCollectionTpl>&) [with Scalar = double; int Options = 0; JointCollectionTpl = pinocchio::JointCollectionDefaultTpl]\x1b[m\x1b[K\xe2\x80\x99\n'}
[7.470555] (gim_arm_hardware) StderrLine: {'line': b'\x1b[01m\x1b[K/opt/ros/humble/include/pinocchio/src/multibody/joint/joint-generic.hxx:447:40:\x1b[m\x1b[K   required from \xe2\x80\x98\x1b[01m\x1b[Kint pinocchio::JointModelTpl<Scalar, Options, JointCollectionTpl>::idx_vExtended_impl() const [with _Scalar = double; int _Options = 0; JointCollectionTpl = pinocchio::JointCollectionDefaultTpl]\x1b[m\x1b[K\xe2\x80\x99\n'}
[7.470580] (gim_arm_hardware) StderrLine: {'line': b'\x1b[01m\x1b[K/opt/ros/humble/include/pinocchio/src/multibody/joint/joint-model-base.hxx:182:42:\x1b[m\x1b[K   required from \xe2\x80\x98\x1b[01m\x1b[Kint pinocchio::JointModelBase<Derived>::idx_vExtended() const [with Derived = pinocchio::JointModelTpl<double>]\x1b[m\x1b[K\xe2\x80\x99\n'}
[7.470605] (gim_arm_hardware) StderrLine: {'line': b'\x1b[01m\x1b[K/opt/ros/humble/include/pinocchio/src/multibody/model.hxx:876:57:\x1b[m\x1b[K   required from \xe2\x80\x98\x1b[01m\x1b[Kpinocchio::ModelTpl<_Scalar, _Options, JointCollectionTpl>::JointIndex pinocchio::ModelTpl<_Scalar, _Options, JointCollectionTpl>::addJoint(pinocchio::ModelTpl<_Scalar, _Options, JointCollectionTpl>::JointIndex, const JointModel&, const SE3&, const string&, const VectorXs&, const VectorXs&, const VectorXs&, const VectorXs&, const VectorXs&, const VectorXs&, const VectorXs&, const VectorXs&, const VectorXs&, const VectorXs&) [with _Scalar = double; int _Options = 0; JointCollectionTpl = pinocchio::JointCollectionDefaultTpl; pinocchio::ModelTpl<_Scalar, _Options, JointCollectionTpl>::JointIndex = long unsigned int; pinocchio::ModelTpl<_Scalar, _Options, JointCollectionTpl>::JointModel = pinocchio::JointModelTpl<double>; pinocchio::ModelTpl<_Scalar, _Options, JointCollectionTpl>::SE3 = pinocchio::SE3Tpl<double, 0>; std::string = std::__cxx11::basic_string<char>; pinocchio::ModelTpl<_Scalar, _Options, JointCollectionTpl>::VectorXs = Eigen::Matrix<double, -1, 1>]\x1b[m\x1b[K\xe2\x80\x99\n'}
[7.470640] (gim_arm_hardware) StderrLine: {'line': b'\x1b[01m\x1b[K/opt/ros/humble/include/pinocchio/src/parsers/urdf/model.hxx:235:38:\x1b[m\x1b[K   required from here\n'}
[7.470664] (gim_arm_hardware) StderrLine: {'line': b'\x1b[01m\x1b[K/usr/include/boost/variant/variant.hpp:2359:41:\x1b[m\x1b[K \x1b[01;31m\x1b[Kerror: \x1b[m\x1b[Kusing invalid field \xe2\x80\x98\x1b[01m\x1b[Kboost::variant<T0, TN>::storage_\x1b[m\x1b[K\xe2\x80\x99\n'}
[7.472337] (gim_arm_hardware) StderrLine: {'line': b'/usr/include/boost/variant/variant.hpp: In instantiation of \xe2\x80\x98\x1b[01m\x1b[Ktypename Visitor::result_type boost::variant<T0, TN>::internal_apply_visitor(Visitor&) const [with Visitor = boost::detail::variant::invoke_visitor<const pinocchio::JointIdVisitor, false>; T0_ = pinocchio::JointModelRevoluteTpl<double, 0, 0>; TN = {pinocchio::JointModelRevoluteTpl<double, 0, 1>, pinocchio::JointModelRevoluteTpl<double, 0, 2>, pinocchio::JointModelFreeFlyerTpl<double, 0>, pinocchio::JointModelPlanarTpl<double, 0>, pinocchio::JointModelRevoluteUnalignedTpl<double, 0>, pinocchio::JointModelSphericalTpl<double, 0>, pinocchio::JointModelSphericalZYXTpl<double, 0>, pinocchio::JointModelEllipsoidTpl<double, 0>, pinocchio::JointModelPrismaticTpl<double, 0, 0>, pinocchio::JointModelPrismaticTpl<double, 0, 1>, pinocchio::JointModelPrismaticTpl<double, 0, 2>, pinocchio::JointModelPrismaticUnalignedTpl<double, 0>, pinocchio::JointModelTranslationTpl<double, 0>, pinocchio::JointModelRevoluteUnboundedTpl<double, 0, 0>, pinocchio::JointModelRevoluteUnboundedTpl<double, 0, 1>, pinocchio::JointModelRevoluteUnboundedTpl<double, 0, 2>, pinocchio::JointModelRevoluteUnboundedUnalignedTpl<double, 0>, pinocchio::JointModelHelicalTpl<double, 0, 0>, pinocchio::JointModelHelicalTpl<double, 0, 1>, pinocchio::JointModelHelicalTpl<double, 0, 2>, pinocchio::JointModelHelicalUnalignedTpl<double, 0>, pinocchio::JointModelUniversalTpl<double, 0>, boost::recursive_wrapper<pinocchio::JointModelCompositeTpl<double, 0, pinocchio::JointCollectionDefaultTpl> >, boost::recursive_wrapper<pinocchio::JointModelMimicTpl<double, 0, pinocchio::JointCollectionDefaultTpl> >}; typename Visitor::result_type = long unsigned int]\x1b[m\x1b[K\xe2\x80\x99:\n'}
[7.472422] (gim_arm_hardware) StderrLine: {'line': b'\x1b[01m\x1b[K/usr/include/boost/variant/variant.hpp:2404:44:\x1b[m\x1b[K   required from \xe2\x80\x98\x1b[01m\x1b[Ktypename Visitor::result_type boost::variant<T0, TN>::apply_visitor(Visitor&) const & [with Visitor = const pinocchio::JointIdVisitor; T0_ = pinocchio::JointModelRevoluteTpl<double, 0, 0>; TN = {pinocchio::JointModelRevoluteTpl<double, 0, 1>, pinocchio::JointModelRevoluteTpl<double, 0, 2>, pinocchio::JointModelFreeFlyerTpl<double, 0>, pinocchio::JointModelPlanarTpl<double, 0>, pinocchio::JointModelRevoluteUnalignedTpl<double, 0>, pinocchio::JointModelSphericalTpl<double, 0>, pinocchio::JointModelSphericalZYXTpl<double, 0>, pinocchio::JointModelEllipsoidTpl<double, 0>, pinocchio::JointModelPrismaticTpl<double, 0, 0>, pinocchio::JointModelPrismaticTpl<double, 0, 1>, pinocchio::JointModelPrismaticTpl<double, 0, 2>, pinocchio::JointModelPrismaticUnalignedTpl<double, 0>, pinocchio::JointModelTranslationTpl<double, 0>, pinocchio::JointModelRevoluteUnboundedTpl<double, 0, 0>, pinocchio::JointModelRevoluteUnboundedTpl<double, 0, 1>, pinocchio::JointModelRevoluteUnboundedTpl<double, 0, 2>, pinocchio::JointModelRevoluteUnboundedUnalignedTpl<double, 0>, pinocchio::JointModelHelicalTpl<double, 0, 0>, pinocchio::JointModelHelicalTpl<double, 0, 1>, pinocchio::JointModelHelicalTpl<double, 0, 2>, pinocchio::JointModelHelicalUnalignedTpl<double, 0>, pinocchio::JointModelUniversalTpl<double, 0>, boost::recursive_wrapper<pinocchio::JointModelCompositeTpl<double, 0, pinocchio::JointCollectionDefaultTpl> >, boost::recursive_wrapper<pinocchio::JointModelMimicTpl<double, 0, pinocchio::JointCollectionDefaultTpl> >}; typename Visitor::result_type = long unsigned int]\x1b[m\x1b[K\xe2\x80\x99\n'}
[7.472486] (gim_arm_hardware) StderrLine: {'line': b'\x1b[01m\x1b[K/usr/include/boost/variant/detail/apply_visitor_unary.hpp:68:64:\x1b[m\x1b[K   required from \xe2\x80\x98\x1b[01m\x1b[Ktypename Visitor::result_type boost::apply_visitor(const Visitor&, Visitable&&) [with Visitor = pinocchio::JointIdVisitor; Visitable = const pinocchio::JointModelTpl<double>&; typename Visitor::result_type = long unsigned int]\x1b[m\x1b[K\xe2\x80\x99\n'}
[7.472543] (gim_arm_hardware) StderrLine: {'line': b'\x1b[01m\x1b[K/opt/ros/humble/include/pinocchio/src/multibody/joint/joint-basic-visitors.hxx:991:34:\x1b[m\x1b[K   required from \xe2\x80\x98\x1b[01m\x1b[Kstatic pinocchio::JointIndex pinocchio::JointIdVisitor::run(const pinocchio::JointModelTpl<Scalar, Options, JointCollectionTpl>&) [with Scalar = double; int Options = 0; JointCollectionTpl = pinocchio::JointCollectionDefaultTpl; pinocchio::JointIndex = long unsigned int]\x1b[m\x1b[K\xe2\x80\x99\n'}
[7.472601] (gim_arm_hardware) StderrLine: {'line': b'\x1b[01m\x1b[K/opt/ros/humble/include/pinocchio/src/multibody/joint/joint-basic-visitors.hxx:998:31:\x1b[m\x1b[K   required from \xe2\x80\x98\x1b[01m\x1b[Kpinocchio::JointIndex pinocchio::id(const pinocchio::JointModelTpl<Scalar, Options, JointCollectionTpl>&) [with Scalar = double; int Options = 0; JointCollectionTpl = pinocchio::JointCollectionDefaultTpl; pinocchio::JointIndex = long unsigned int]\x1b[m\x1b[K\xe2\x80\x99\n'}
[7.472650] (gim_arm_hardware) StderrLine: {'line': b'\x1b[01m\x1b[K/opt/ros/humble/include/pinocchio/src/multibody/joint/joint-generic.hxx:452:29:\x1b[m\x1b[K   required from \xe2\x80\x98\x1b[01m\x1b[Kpinocchio::JointIndex pinocchio::JointModelTpl<Scalar, Options, JointCollectionTpl>::id_impl() const [with _Scalar = double; int _Options = 0; JointCollectionTpl = pinocchio::JointCollectionDefaultTpl; pinocchio::JointIndex = long unsigned int]\x1b[m\x1b[K\xe2\x80\x99\n'}
[7.472700] (gim_arm_hardware) StderrLine: {'line': b'\x1b[01m\x1b[K/opt/ros/humble/include/pinocchio/src/multibody/joint/joint-model-base.hxx:186:31:\x1b[m\x1b[K   required from \xe2\x80\x98\x1b[01m\x1b[Kpinocchio::JointIndex pinocchio::JointModelBase<Derived>::id() const [with Derived = pinocchio::JointModelTpl<double>; pinocchio::JointIndex = long unsigned int]\x1b[m\x1b[K\xe2\x80\x99\n'}
[7.472748] (gim_arm_hardware) StderrLine: {'line': b'\x1b[01m\x1b[K/opt/ros/humble/include/pinocchio/src/multibody/model.hxx:981:43:\x1b[m\x1b[K   required from \xe2\x80\x98\x1b[01m\x1b[Kpinocchio::ModelTpl<_Scalar, _Options, JointCollectionTpl>::JointIndex pinocchio::ModelTpl<_Scalar, _Options, JointCollectionTpl>::addJoint(pinocchio::ModelTpl<_Scalar, _Options, JointCollectionTpl>::JointIndex, const JointModel&, const SE3&, const string&, const VectorXs&, const VectorXs&, const VectorXs&, const VectorXs&, const VectorXs&, const VectorXs&, const VectorXs&, const VectorXs&, const VectorXs&, const VectorXs&) [with _Scalar = double; int _Options = 0; JointCollectionTpl = pinocchio::JointCollectionDefaultTpl; pinocchio::ModelTpl<_Scalar, _Options, JointCollectionTpl>::JointIndex = long unsigned int; pinocchio::ModelTpl<_Scalar, _Options, JointCollectionTpl>::JointModel = pinocchio::JointModelTpl<double>; pinocchio::ModelTpl<_Scalar, _Options, JointCollectionTpl>::SE3 = pinocchio::SE3Tpl<double, 0>; std::string = std::__cxx11::basic_string<char>; pinocchio::ModelTpl<_Scalar, _Options, JointCollectionTpl>::VectorXs = Eigen::Matrix<double, -1, 1>]\x1b[m\x1b[K\xe2\x80\x99\n'}
[7.472808] (gim_arm_hardware) StderrLine: {'line': b'\x1b[01m\x1b[K/opt/ros/humble/include/pinocchio/src/parsers/urdf/model.hxx:235:38:\x1b[m\x1b[K   required from here\n'}
[7.472856] (gim_arm_hardware) StderrLine: {'line': b'\x1b[01m\x1b[K/usr/include/boost/variant/variant.hpp:2359:41:\x1b[m\x1b[K \x1b[01;31m\x1b[Kerror: \x1b[m\x1b[Kusing invalid field \xe2\x80\x98\x1b[01m\x1b[Kboost::variant<T0, TN>::storage_\x1b[m\x1b[K\xe2\x80\x99\n'}
[7.522244] (-) TimerEvent: {}
[7.555285] (gim_arm_hardware) StderrLine: {'line': b'/usr/include/boost/variant/variant.hpp: In instantiation of \xe2\x80\x98\x1b[01m\x1b[Ktypename Visitor::result_type boost::variant<T0, TN>::internal_apply_visitor(Visitor&) const [with Visitor = boost::detail::variant::invoke_visitor<pinocchio::fusion::JointUnaryVisitorBase<pinocchio::NeutralStep<pinocchio::LieGroupMap, Eigen::Matrix<double, -1, 1> >, void>::InternalVisitorModel<boost::fusion::vector<Eigen::Matrix<double, -1, 1, 0, -1, 1>&>, void>, false>; T0_ = pinocchio::JointModelRevoluteTpl<double, 0, 0>; TN = {pinocchio::JointModelRevoluteTpl<double, 0, 1>, pinocchio::JointModelRevoluteTpl<double, 0, 2>, pinocchio::JointModelFreeFlyerTpl<double, 0>, pinocchio::JointModelPlanarTpl<double, 0>, pinocchio::JointModelRevoluteUnalignedTpl<double, 0>, pinocchio::JointModelSphericalTpl<double, 0>, pinocchio::JointModelSphericalZYXTpl<double, 0>, pinocchio::JointModelEllipsoidTpl<double, 0>, pinocchio::JointModelPrismaticTpl<double, 0, 0>, pinocchio::JointModelPrismaticTpl<double, 0, 1>, pinocchio::JointModelPrismaticTpl<double, 0, 2>, pinocchio::JointModelPrismaticUnalignedTpl<double, 0>, pinocchio::JointModelTranslationTpl<double, 0>, pinocchio::JointModelRevoluteUnboundedTpl<double, 0, 0>, pinocchio::JointModelRevoluteUnboundedTpl<double, 0, 1>, pinocchio::JointModelRevoluteUnboundedTpl<double, 0, 2>, pinocchio::JointModelRevoluteUnboundedUnalignedTpl<double, 0>, pinocchio::JointModelHelicalTpl<double, 0, 0>, pinocchio::JointModelHelicalTpl<double, 0, 1>, pinocchio::JointModelHelicalTpl<double, 0, 2>, pinocchio::JointModelHelicalUnalignedTpl<double, 0>, pinocchio::JointModelUniversalTpl<double, 0>, boost::recursive_wrapper<pinocchio::JointModelCompositeTpl<double, 0, pinocchio::JointCollectionDefaultTpl> >, boost::recursive_wrapper<pinocchio::JointModelMimicTpl<double, 0, pinocchio::JointCollectionDefaultTpl> >}; typename Visitor::result_type = void]\x1b[m\x1b[K\xe2\x80\x99:\n'}
[7.555553] (gim_arm_hardware) StderrLine: {'line': b'\x1b[01m\x1b[K/usr/include/boost/variant/variant.hpp:2404:44:\x1b[m\x1b[K   required from \xe2\x80\x98\x1b[01m\x1b[Ktypename Visitor::result_type boost::variant<T0, TN>::apply_visitor(Visitor&) const & [with Visitor = pinocchio::fusion::JointUnaryVisitorBase<pinocchio::NeutralStep<pinocchio::LieGroupMap, Eigen::Matrix<double, -1, 1> >, void>::InternalVisitorModel<boost::fusion::vector<Eigen::Matrix<double, -1, 1, 0, -1, 1>&>, void>; T0_ = pinocchio::JointModelRevoluteTpl<double, 0, 0>; TN = {pinocchio::JointModelRevoluteTpl<double, 0, 1>, pinocchio::JointModelRevoluteTpl<double, 0, 2>, pinocchio::JointModelFreeFlyerTpl<double, 0>, pinocchio::JointModelPlanarTpl<double, 0>, pinocchio::JointModelRevoluteUnalignedTpl<double, 0>, pinocchio::JointModelSphericalTpl<double, 0>, pinocchio::JointModelSphericalZYXTpl<double, 0>, pinocchio::JointModelEllipsoidTpl<double, 0>, pinocchio::JointModelPrismaticTpl<double, 0, 0>, pinocchio::JointModelPrismaticTpl<double, 0, 1>, pinocchio::JointModelPrismaticTpl<double, 0, 2>, pinocchio::JointModelPrismaticUnalignedTpl<double, 0>, pinocchio::JointModelTranslationTpl<double, 0>, pinocchio::JointModelRevoluteUnboundedTpl<double, 0, 0>, pinocchio::JointModelRevoluteUnboundedTpl<double, 0, 1>, pinocchio::JointModelRevoluteUnboundedTpl<double, 0, 2>, pinocchio::JointModelRevoluteUnboundedUnalignedTpl<double, 0>, pinocchio::JointModelHelicalTpl<double, 0, 0>, pinocchio::JointModelHelicalTpl<double, 0, 1>, pinocchio::JointModelHelicalTpl<double, 0, 2>, pinocchio::JointModelHelicalUnalignedTpl<double, 0>, pinocchio::JointModelUniversalTpl<double, 0>, boost::recursive_wrapper<pinocchio::JointModelCompositeTpl<double, 0, pinocchio::JointCollectionDefaultTpl> >, boost::recursive_wrapper<pinocchio::JointModelMimicTpl<double, 0, pinocchio::JointCollectionDefaultTpl> >}; typename Visitor::result_type = void]\x1b[m\x1b[K\xe2\x80\x99\n'}
[7.555671] (gim_arm_hardware) StderrLine: {'line': b'\x1b[01m\x1b[K/usr/include/boost/variant/detail/apply_visitor_unary.hpp:48:64:\x1b[m\x1b[K   required from \xe2\x80\x98\x1b[01m\x1b[Ktypename Visitor::result_type boost::apply_visitor(Visitor&, Visitable&&) [with Visitor = pinocchio::fusion::JointUnaryVisitorBase<pinocchio::NeutralStep<pinocchio::LieGroupMap, Eigen::Matrix<double, -1, 1> >, void>::InternalVisitorModel<boost::fusion::vector<Eigen::Matrix<double, -1, 1, 0, -1, 1>&>, void>; Visitable = const pinocchio::JointModelTpl<double>&; typename Visitor::result_type = void]\x1b[m\x1b[K\xe2\x80\x99\n'}
[7.555751] (gim_arm_hardware) StderrLine: {'line': b'\x1b[01m\x1b[K/opt/ros/humble/include/pinocchio/src/multibody/visitor/joint-unary-visitor.hxx:162:36:\x1b[m\x1b[K   required from \xe2\x80\x98\x1b[01m\x1b[Kstatic ReturnType pinocchio::fusion::JointUnaryVisitorBase<JointVisitorDerived, ReturnType>::run(const pinocchio::JointModelTpl<Scalar, Options, JointCollectionTpl>&, ArgsTmp) [with Scalar = double; int Options = 0; JointCollectionTpl = pinocchio::JointCollectionDefaultTpl; ArgsTmp = boost::fusion::vector<Eigen::Matrix<double, -1, 1, 0, -1, 1>&>; JointVisitorDerived = pinocchio::NeutralStep<pinocchio::LieGroupMap, Eigen::Matrix<double, -1, 1> >; ReturnType = void]\x1b[m\x1b[K\xe2\x80\x99\n'}
[7.555841] (gim_arm_hardware) StderrLine: {'line': b'\x1b[01m\x1b[K/opt/ros/humble/include/pinocchio/src/algorithm/joint-configuration.hxx:200:47:\x1b[m\x1b[K   required from \xe2\x80\x98\x1b[01m\x1b[Kvoid pinocchio::neutral(const pinocchio::ModelTpl<Scalar, Options, JointCollectionTpl>&, const Eigen::MatrixBase<Vector3Like>&) [with LieGroup_t = pinocchio::LieGroupMap; Scalar = double; int Options = 0; JointCollectionTpl = pinocchio::JointCollectionDefaultTpl; ReturnType = Eigen::Matrix<double, -1, 1>; typename std::enable_if<is_lie_group_map_v<LieGroup_t>, int>::type <anonymous> = 0]\x1b[m\x1b[K\xe2\x80\x99\n'}
[7.555937] (gim_arm_hardware) StderrLine: {'line': b'\x1b[01m\x1b[K/opt/ros/humble/include/pinocchio/src/algorithm/joint-configuration.hxx:814:73:\x1b[m\x1b[K   required from \xe2\x80\x98\x1b[01m\x1b[KEigen::Matrix<Scalar, -1, 1, Options> pinocchio::neutral(const pinocchio::ModelTpl<Scalar, Options, JointCollectionTpl>&) [with LieGroup_t = pinocchio::LieGroupMap; Scalar = double; int Options = 0; JointCollectionTpl = pinocchio::JointCollectionDefaultTpl; typename std::enable_if<is_lie_group_map_v<LieGroup_t>, int>::type <anonymous> = 0]\x1b[m\x1b[K\xe2\x80\x99\n'}
[7.556010] (gim_arm_hardware) StderrLine: {'line': b'\x1b[01m\x1b[K/opt/ros/humble/include/pinocchio/algorithm/joint-configuration.hpp:1793:69:\x1b[m\x1b[K   required from \xe2\x80\x98\x1b[01m\x1b[KEigen::Matrix<Scalar, -1, 1, Options> pinocchio::neutral(const pinocchio::ModelTpl<Scalar, Options, JointCollectionTpl>&) [with Scalar = double; int Options = 0; JointCollectionTpl = pinocchio::JointCollectionDefaultTpl]\x1b[m\x1b[K\xe2\x80\x99\n'}
[7.556076] (gim_arm_hardware) StderrLine: {'line': b'\x1b[01m\x1b[K/opt/ros/humble/include/pinocchio/src/multibody/data.hxx:660:17:\x1b[m\x1b[K   required from \xe2\x80\x98\x1b[01m\x1b[Kpinocchio::DataTpl<_Scalar, _Options, JointCollectionTpl>::DataTpl(const Model&) [with _Scalar = double; int _Options = 0; JointCollectionTpl = pinocchio::JointCollectionDefaultTpl; pinocchio::DataTpl<_Scalar, _Options, JointCollectionTpl>::Model = pinocchio::ModelTpl<double, 0>]\x1b[m\x1b[K\xe2\x80\x99\n'}
[7.556143] (gim_arm_hardware) StderrLine: {'line': b'\x1b[01m\x1b[K/usr/include/c++/11/bits/unique_ptr.h:962:30:\x1b[m\x1b[K   required from \xe2\x80\x98\x1b[01m\x1b[Ktypename std::_MakeUniq<_Tp>::__single_object std::make_unique(_Args&& ...) [with _Tp = pinocchio::DataTpl<double, 0>; _Args = {pinocchio::ModelTpl<double, 0, pinocchio::JointCollectionDefaultTpl>&}; typename std::_MakeUniq<_Tp>::__single_object = std::unique_ptr<pinocchio::DataTpl<double, 0> >]\x1b[m\x1b[K\xe2\x80\x99\n'}
[7.556207] (gim_arm_hardware) StderrLine: {'line': b'\x1b[01m\x1b[K/home/minh/gim60108_ws/src/gim_arm_hardware/src/gim_arm_system.cpp:134:52:\x1b[m\x1b[K   required from here\n'}
[7.556271] (gim_arm_hardware) StderrLine: {'line': b'\x1b[01m\x1b[K/usr/include/boost/variant/variant.hpp:2359:41:\x1b[m\x1b[K \x1b[01;31m\x1b[Kerror: \x1b[m\x1b[Kusing invalid field \xe2\x80\x98\x1b[01m\x1b[Kboost::variant<T0, TN>::storage_\x1b[m\x1b[K\xe2\x80\x99\n'}
[7.563411] (gim_arm_hardware) StderrLine: {'line': b'/usr/include/boost/variant/variant.hpp: In instantiation of \xe2\x80\x98\x1b[01m\x1b[Kboost::variant<T0, TN>::variant(const boost::variant<T0, TN>&) [with T0_ = pinocchio::JointDataRevoluteTpl<double, 0, 0>; TN = {pinocchio::JointDataRevoluteTpl<double, 0, 1>, pinocchio::JointDataRevoluteTpl<double, 0, 2>, pinocchio::JointDataFreeFlyerTpl<double, 0>, pinocchio::JointDataPlanarTpl<double, 0>, pinocchio::JointDataRevoluteUnalignedTpl<double, 0>, pinocchio::JointDataSphericalTpl<double, 0>, pinocchio::JointDataSphericalZYXTpl<double, 0>, pinocchio::JointDataEllipsoidTpl<double, 0>, pinocchio::JointDataPrismaticTpl<double, 0, 0>, pinocchio::JointDataPrismaticTpl<double, 0, 1>, pinocchio::JointDataPrismaticTpl<double, 0, 2>, pinocchio::JointDataPrismaticUnalignedTpl<double, 0>, pinocchio::JointDataTranslationTpl<double, 0>, pinocchio::JointDataRevoluteUnboundedTpl<double, 0, 0>, pinocchio::JointDataRevoluteUnboundedTpl<double, 0, 1>, pinocchio::JointDataRevoluteUnboundedTpl<double, 0, 2>, pinocchio::JointDataRevoluteUnboundedUnalignedTpl<double, 0>, pinocchio::JointDataHelicalTpl<double, 0, 0>, pinocchio::JointDataHelicalTpl<double, 0, 1>, pinocchio::JointDataHelicalTpl<double, 0, 2>, pinocchio::JointDataHelicalUnalignedTpl<double, 0>, pinocchio::JointDataUniversalTpl<double, 0>, boost::recursive_wrapper<pinocchio::JointDataCompositeTpl<double, 0, pinocchio::JointCollectionDefaultTpl> >, boost::recursive_wrapper<pinocchio::JointDataMimicTpl<double, 0, pinocchio::JointCollectionDefaultTpl> >}]\x1b[m\x1b[K\xe2\x80\x99:\n'}
[7.563524] (gim_arm_hardware) StderrLine: {'line': b'\x1b[01m\x1b[K/opt/ros/humble/include/pinocchio/src/multibody/joint/joint-generic.hxx:88:10:\x1b[m\x1b[K   required from \xe2\x80\x98\x1b[01m\x1b[Kvoid std::_Construct(_Tp*, _Args&& ...) [with _Tp = pinocchio::JointDataTpl<double>; _Args = {const pinocchio::JointDataTpl<double, 0, pinocchio::JointCollectionDefaultTpl>&}]\x1b[m\x1b[K\xe2\x80\x99\n'}
[7.563564] (gim_arm_hardware) StderrLine: {'line': b'\x1b[01m\x1b[K/usr/include/c++/11/bits/stl_uninitialized.h:92:18:\x1b[m\x1b[K   required from \xe2\x80\x98\x1b[01m\x1b[Kstatic _ForwardIterator std::__uninitialized_copy<_TrivialValueTypes>::__uninit_copy(_InputIterator, _InputIterator, _ForwardIterator) [with _InputIterator = const pinocchio::JointDataTpl<double>*; _ForwardIterator = pinocchio::JointDataTpl<double>*; bool _TrivialValueTypes = false]\x1b[m\x1b[K\xe2\x80\x99\n'}
[7.563596] (gim_arm_hardware) StderrLine: {'line': b'\x1b[01m\x1b[K/usr/include/c++/11/bits/stl_uninitialized.h:151:15:\x1b[m\x1b[K   required from \xe2\x80\x98\x1b[01m\x1b[K_ForwardIterator std::uninitialized_copy(_InputIterator, _InputIterator, _ForwardIterator) [with _InputIterator = const pinocchio::JointDataTpl<double>*; _ForwardIterator = pinocchio::JointDataTpl<double>*]\x1b[m\x1b[K\xe2\x80\x99\n'}
[7.563652] (gim_arm_hardware) StderrLine: {'line': b'\x1b[01m\x1b[K/usr/include/c++/11/bits/stl_uninitialized.h:333:37:\x1b[m\x1b[K   required from \xe2\x80\x98\x1b[01m\x1b[K_ForwardIterator std::__uninitialized_copy_a(_InputIterator, _InputIterator, _ForwardIterator, std::allocator<_Tp>&) [with _InputIterator = const pinocchio::JointDataTpl<double>*; _ForwardIterator = pinocchio::JointDataTpl<double>*; _Tp = pinocchio::JointDataTpl<double>]\x1b[m\x1b[K\xe2\x80\x99\n'}
[7.563717] (gim_arm_hardware) StderrLine: {'line': b'\x1b[01m\x1b[K/usr/include/c++/11/bits/stl_vector.h:1514:35:\x1b[m\x1b[K   required from \xe2\x80\x98\x1b[01m\x1b[Kstd::vector<_Tp, _Alloc>::pointer std::vector<_Tp, _Alloc>::_M_allocate_and_copy(std::vector<_Tp, _Alloc>::size_type, _ForwardIterator, _ForwardIterator) [with _ForwardIterator = const pinocchio::JointDataTpl<double>*; _Tp = pinocchio::JointDataTpl<double>; _Alloc = std::allocator<pinocchio::JointDataTpl<double> >; std::vector<_Tp, _Alloc>::pointer = pinocchio::JointDataTpl<double>*; std::vector<_Tp, _Alloc>::size_type = long unsigned int]\x1b[m\x1b[K\xe2\x80\x99\n'}
[7.563783] (gim_arm_hardware) StderrLine: {'line': b'\x1b[01m\x1b[K/usr/include/c++/11/bits/vector.tcc:85:36:\x1b[m\x1b[K   required from \xe2\x80\x98\x1b[01m\x1b[Kvoid std::vector<_Tp, _Alloc>::reserve(std::vector<_Tp, _Alloc>::size_type) [with _Tp = pinocchio::JointDataTpl<double>; _Alloc = std::allocator<pinocchio::JointDataTpl<double> >; std::vector<_Tp, _Alloc>::size_type = long unsigned int]\x1b[m\x1b[K\xe2\x80\x99\n'}
[7.563845] (gim_arm_hardware) StderrLine: {'line': b'\x1b[01m\x1b[K/opt/ros/humble/include/pinocchio/src/multibody/data.hxx:798:19:\x1b[m\x1b[K   required from \xe2\x80\x98\x1b[01m\x1b[Kpinocchio::DataTpl<_Scalar, _Options, JointCollectionTpl>::DataTpl(const Model&) [with _Scalar = double; int _Options = 0; JointCollectionTpl = pinocchio::JointCollectionDefaultTpl; pinocchio::DataTpl<_Scalar, _Options, JointCollectionTpl>::Model = pinocchio::ModelTpl<double, 0>]\x1b[m\x1b[K\xe2\x80\x99\n'}
[7.563941] (gim_arm_hardware) StderrLine: {'line': b'\x1b[01m\x1b[K/usr/include/c++/11/bits/unique_ptr.h:962:30:\x1b[m\x1b[K   required from \xe2\x80\x98\x1b[01m\x1b[Ktypename std::_MakeUniq<_Tp>::__single_object std::make_unique(_Args&& ...) [with _Tp = pinocchio::DataTpl<double, 0>; _Args = {pinocchio::ModelTpl<double, 0, pinocchio::JointCollectionDefaultTpl>&}; typename std::_MakeUniq<_Tp>::__single_object = std::unique_ptr<pinocchio::DataTpl<double, 0> >]\x1b[m\x1b[K\xe2\x80\x99\n'}
[7.564007] (gim_arm_hardware) StderrLine: {'line': b'\x1b[01m\x1b[K/home/minh/gim60108_ws/src/gim_arm_hardware/src/gim_arm_system.cpp:134:52:\x1b[m\x1b[K   required from here\n'}
[7.564068] (gim_arm_hardware) StderrLine: {'line': b'\x1b[01m\x1b[K/usr/include/boost/variant/variant.hpp:1762:45:\x1b[m\x1b[K \x1b[01;31m\x1b[Kerror: \x1b[m\x1b[Kusing invalid field \xe2\x80\x98\x1b[01m\x1b[Kboost::variant<T0, TN>::storage_\x1b[m\x1b[K\xe2\x80\x99\n'}
[7.564133] (gim_arm_hardware) StderrLine: {'line': b' 1762 |         detail::variant::copy_into visitor( \x1b[01;31m\x1b[Kstorage_\x1b[m\x1b[K.address() );\n'}
[7.564194] (gim_arm_hardware) StderrLine: {'line': b'      |                                             \x1b[01;31m\x1b[K^~~~~~~~\x1b[m\x1b[K\n'}
[7.600979] (gim_arm_hardware) StderrLine: {'line': b'/usr/include/boost/variant/variant.hpp: In instantiation of \xe2\x80\x98\x1b[01m\x1b[Kboost::variant<T0, TN>::variant() [with T0_ = pinocchio::JointModelRevoluteTpl<double, 0, 0>; TN = {pinocchio::JointModelRevoluteTpl<double, 0, 1>, pinocchio::JointModelRevoluteTpl<double, 0, 2>, pinocchio::JointModelFreeFlyerTpl<double, 0>, pinocchio::JointModelPlanarTpl<double, 0>, pinocchio::JointModelRevoluteUnalignedTpl<double, 0>, pinocchio::JointModelSphericalTpl<double, 0>, pinocchio::JointModelSphericalZYXTpl<double, 0>, pinocchio::JointModelEllipsoidTpl<double, 0>, pinocchio::JointModelPrismaticTpl<double, 0, 0>, pinocchio::JointModelPrismaticTpl<double, 0, 1>, pinocchio::JointModelPrismaticTpl<double, 0, 2>, pinocchio::JointModelPrismaticUnalignedTpl<double, 0>, pinocchio::JointModelTranslationTpl<double, 0>, pinocchio::JointModelRevoluteUnboundedTpl<double, 0, 0>, pinocchio::JointModelRevoluteUnboundedTpl<double, 0, 1>, pinocchio::JointModelRevoluteUnboundedTpl<double, 0, 2>, pinocchio::JointModelRevoluteUnboundedUnalignedTpl<double, 0>, pinocchio::JointModelHelicalTpl<double, 0, 0>, pinocchio::JointModelHelicalTpl<double, 0, 1>, pinocchio::JointModelHelicalTpl<double, 0, 2>, pinocchio::JointModelHelicalUnalignedTpl<double, 0>, pinocchio::JointModelUniversalTpl<double, 0>, boost::recursive_wrapper<pinocchio::JointModelCompositeTpl<double, 0, pinocchio::JointCollectionDefaultTpl> >, boost::recursive_wrapper<pinocchio::JointModelMimicTpl<double, 0, pinocchio::JointCollectionDefaultTpl> >}]\x1b[m\x1b[K\xe2\x80\x99:\n'}
[7.601319] (gim_arm_hardware) StderrLine: {'line': b'\x1b[01m\x1b[K/opt/ros/humble/include/pinocchio/src/multibody/joint/joint-generic.hxx:275:25:\x1b[m\x1b[K   required from \xe2\x80\x98\x1b[01m\x1b[Kpinocchio::JointModelTpl<Scalar, Options, JointCollectionTpl>::JointModelTpl() [with _Scalar = double; int _Options = 0; JointCollectionTpl = pinocchio::JointCollectionDefaultTpl]\x1b[m\x1b[K\xe2\x80\x99\n'}
[7.601417] (gim_arm_hardware) StderrLine: {'line': b'\x1b[01m\x1b[K/usr/include/c++/11/bits/stl_construct.h:119:7:\x1b[m\x1b[K   required from \xe2\x80\x98\x1b[01m\x1b[Kvoid std::_Construct(_Tp*, _Args&& ...) [with _Tp = pinocchio::JointModelTpl<double>; _Args = {}]\x1b[m\x1b[K\xe2\x80\x99\n'}
[7.601493] (gim_arm_hardware) StderrLine: {'line': b'\x1b[01m\x1b[K/usr/include/c++/11/bits/stl_uninitialized.h:579:18:\x1b[m\x1b[K   required from \xe2\x80\x98\x1b[01m\x1b[Kstatic _ForwardIterator std::__uninitialized_default_n_1<_TrivialValueType>::__uninit_default_n(_ForwardIterator, _Size) [with _ForwardIterator = pinocchio::JointModelTpl<double>*; _Size = long unsigned int; bool _TrivialValueType = false]\x1b[m\x1b[K\xe2\x80\x99\n'}
[7.601575] (gim_arm_hardware) StderrLine: {'line': b'\x1b[01m\x1b[K/usr/include/c++/11/bits/stl_uninitialized.h:640:20:\x1b[m\x1b[K   required from \xe2\x80\x98\x1b[01m\x1b[K_ForwardIterator std::__uninitialized_default_n(_ForwardIterator, _Size) [with _ForwardIterator = pinocchio::JointModelTpl<double>*; _Size = long unsigned int]\x1b[m\x1b[K\xe2\x80\x99\n'}
[7.601643] (gim_arm_hardware) StderrLine: {'line': b'\x1b[01m\x1b[K/usr/include/c++/11/bits/stl_uninitialized.h:704:44:\x1b[m\x1b[K   required from \xe2\x80\x98\x1b[01m\x1b[K_ForwardIterator std::__uninitialized_default_n_a(_ForwardIterator, _Size, std::allocator<_Tp>&) [with _ForwardIterator = pinocchio::JointModelTpl<double>*; _Size = long unsigned int; _Tp = pinocchio::JointModelTpl<double>]\x1b[m\x1b[K\xe2\x80\x99\n'}
[7.601709] (gim_arm_hardware) StderrLine: {'line': b'\x1b[01m\x1b[K/usr/include/c++/11/bits/stl_vector.h:1606:36:\x1b[m\x1b[K   required from \xe2\x80\x98\x1b[01m\x1b[Kvoid std::vector<_Tp, _Alloc>::_M_default_initialize(std::vector<_Tp, _Alloc>::size_type) [with _Tp = pinocchio::JointModelTpl<double>; _Alloc = std::allocator<pinocchio::JointModelTpl<double> >; std::vector<_Tp, _Alloc>::size_type = long unsigned int]\x1b[m\x1b[K\xe2\x80\x99\n'}
[7.601782] (gim_arm_hardware) StderrLine: {'line': b'\x1b[01m\x1b[K/usr/include/c++/11/bits/stl_vector.h:512:9:\x1b[m\x1b[K   required from \xe2\x80\x98\x1b[01m\x1b[Kstd::vector<_Tp, _Alloc>::vector(std::vector<_Tp, _Alloc>::size_type, const allocator_type&) [with _Tp = pinocchio::JointModelTpl<double>; _Alloc = std::allocator<pinocchio::JointModelTpl<double> >; std::vector<_Tp, _Alloc>::size_type = long unsigned int; std::vector<_Tp, _Alloc>::allocator_type = std::allocator<pinocchio::JointModelTpl<double> >]\x1b[m\x1b[K\xe2\x80\x99\n'}
[7.601848] (gim_arm_hardware) StderrLine: {'line': b'\x1b[01m\x1b[K/opt/ros/humble/include/pinocchio/src/multibody/model.hxx:262:7:\x1b[m\x1b[K   required from \xe2\x80\x98\x1b[01m\x1b[Kpinocchio::ModelTpl<_Scalar, _Options, JointCollectionTpl>::ModelTpl() [with _Scalar = double; int _Options = 0; JointCollectionTpl = pinocchio::JointCollectionDefaultTpl]\x1b[m\x1b[K\xe2\x80\x99\n'}
[7.601928] (gim_arm_hardware) StderrLine: {'line': b'\x1b[01m\x1b[K/usr/include/c++/11/bits/unique_ptr.h:962:30:\x1b[m\x1b[K   required from \xe2\x80\x98\x1b[01m\x1b[Ktypename std::_MakeUniq<_Tp>::__single_object std::make_unique(_Args&& ...) [with _Tp = pinocchio::ModelTpl<double, 0>; _Args = {}; typename std::_MakeUniq<_Tp>::__single_object = std::unique_ptr<pinocchio::ModelTpl<double, 0> >]\x1b[m\x1b[K\xe2\x80\x99\n'}
[7.601994] (gim_arm_hardware) StderrLine: {'line': b'\x1b[01m\x1b[K/home/minh/gim60108_ws/src/gim_arm_hardware/src/gim_arm_system.cpp:132:54:\x1b[m\x1b[K   required from here\n'}
[7.602034] (gim_arm_hardware) StderrLine: {'line': b'\x1b[01m\x1b[K/usr/include/boost/variant/variant.hpp:1390:14:\x1b[m\x1b[K \x1b[01;31m\x1b[Kerror: \x1b[m\x1b[Kusing invalid field \xe2\x80\x98\x1b[01m\x1b[Kboost::variant<T0, TN>::storage_\x1b[m\x1b[K\xe2\x80\x99\n'}
[7.602060] (gim_arm_hardware) StderrLine: {'line': b' 1390 |         new( \x1b[01;31m\x1b[Kstorage_\x1b[m\x1b[K.address() ) internal_T0();\n'}
[7.602088] (gim_arm_hardware) StderrLine: {'line': b'      |              \x1b[01;31m\x1b[K^~~~~~~~\x1b[m\x1b[K\n'}
[7.622334] (-) TimerEvent: {}
[7.722682] (-) TimerEvent: {}
[7.823071] (-) TimerEvent: {}
[7.923440] (-) TimerEvent: {}
[8.023798] (-) TimerEvent: {}
[8.058619] (gim_arm_hardware) StderrLine: {'line': b'gmake[2]: *** [CMakeFiles/gim_arm_system_hardware.dir/build.make:79: CMakeFiles/gim_arm_system_hardware.dir/src/gim_arm_system.cpp.o] Error 1\n'}
[8.058894] (gim_arm_hardware) StderrLine: {'line': b'gmake[1]: *** [CMakeFiles/Makefile2:153: CMakeFiles/gim_arm_system_hardware.dir/all] Error 2\n'}
[8.059109] (gim_arm_hardware) StderrLine: {'line': b'gmake: *** [Makefile:146: all] Error 2\n'}
[8.061023] (gim_arm_hardware) CommandEnded: {'returncode': 2}
[8.066724] (gim_arm_hardware) JobEnded: {'identifier': 'gim_arm_hardware', 'rc': 2}
[8.087418] (-) EventReactorShutdown: {}
