[0.000000] (-) TimerEvent: {}
[0.000533] (-) JobUnselected: {'identifier': 'gim_arm_description'}
[0.000632] (-) JobUnselected: {'identifier': 'gim_arm_moveit_config'}
[0.000663] (-) JobUnselected: {'identifier': 'gim_control'}
[0.000690] (gim_arm_hardware) JobQueued: {'identifier': 'gim_arm_hardware', 'dependencies': OrderedDict()}
[0.000718] (gim_arm_hardware) JobStarted: {'identifier': 'gim_arm_hardware'}
[0.007877] (gim_arm_hardware) JobProgress: {'identifier': 'gim_arm_hardware', 'progress': 'cmake'}
[0.008202] (gim_arm_hardware) JobProgress: {'identifier': 'gim_arm_hardware', 'progress': 'build'}
[0.008631] (gim_arm_hardware) Command: {'cmd': ['/home/minh/.local/bin/cmake', '--build', '/home/minh/gim60108_ws/build/gim_arm_hardware', '--', '-j16', '-l16'], 'cwd': '/home/minh/gim60108_ws/build/gim_arm_hardware', 'env': OrderedDict([('GJS_DEBUG_TOPICS', 'JS ERROR;JS LOG'), ('LESSOPEN', '| /usr/bin/lesspipe %s'), ('USER', 'minh'), ('LC_TIME', 'vi_VN'), ('XDG_SESSION_TYPE', 'x11'), ('SHLVL', '1'), ('LD_LIBRARY_PATH', '/home/minh/gim60108_ws/install/gim_arm_hardware/lib:/home/minh/rehab_robot_ver2_modified/install/rviz_custom_plugins/lib:/home/minh/rehab_robot_ver2_modified/install/gravity_compensation/lib:/home/minh/rehab_robot_ver2_modified/install/can_odrive_interface/lib:/home/minh/apriltag_ws/install/apriltag_ros/lib:/usr/lib/x86_64-linux-gnu/gazebo-11/plugins:/opt/ros/humble/opt/rviz_ogre_vendor/lib:/opt/ros/humble/lib/x86_64-linux-gnu:/opt/ros/humble/lib'), ('HOME', '/home/minh'), ('CYCLONEDDS_URI', '/home/minh/cyclonedds_config.xml'), ('OLDPWD', '/home/minh/gim60108_ws'), ('DESKTOP_SESSION', 'ubuntu-xorg'), ('GIO_LAUNCHED_DESKTOP_FILE', '/usr/share/applications/terminator.desktop'), ('ROS_PYTHON_VERSION', '3'), ('GNOME_SHELL_SESSION_MODE', 'ubuntu'), ('GTK_MODULES', 'gail:atk-bridge'), ('LC_MONETARY', 'vi_VN'), ('ROS_IP', '10.136.4.158'), ('MANAGERPID', '2304'), ('SYSTEMD_EXEC_PID', '2577'), ('DBUS_SESSION_BUS_ADDRESS', 'unix:path=/run/user/1000/bus'), ('COLORTERM', 'truecolor'), ('TERMINATOR_DBUS_NAME', 'net.tenshu.Terminator21a9d5db22c73a993ff0b42f64b396873'), ('GIO_LAUNCHED_DESKTOP_FILE_PID', '3178'), ('COLCON_PREFIX_PATH', '/home/minh/gim60108_ws/install:/home/minh/rehab_robot_ver2_modified/install:/home/minh/apriltag_ws/install:/home/minh/moveit_ws/install'), ('ROS_DISTRO', 'humble'), ('GTK_IM_MODULE', 'ibus'), ('LOGNAME', 'minh'), ('JOURNAL_STREAM', '8:10563'), ('_', '/usr/bin/colcon'), ('ROS_VERSION', '2'), ('XDG_SESSION_CLASS', 'user'), ('USERNAME', 'minh'), ('TERM', 'xterm-256color'), ('GNOME_DESKTOP_SESSION_ID', 'this-is-deprecated'), ('ROS_LOCALHOST_ONLY', '1'), ('WINDOWPATH', '2'), ('PATH', '/opt/ros/humble/bin:/home/minh/.local/bin:/usr/local/sbin:/usr/local/bin:/usr/sbin:/usr/bin:/sbin:/bin:/usr/games:/usr/local/games:/snap/bin:/snap/bin'), ('SESSION_MANAGER', 'local/minh-LOQ-15APH8:@/tmp/.ICE-unix/2549,unix/minh-LOQ-15APH8:/tmp/.ICE-unix/2549'), ('INVOCATION_ID', '8060943018564186a042c790a14e233f'), ('XDG_MENU_PREFIX', 'gnome-'), ('LC_ADDRESS', 'vi_VN'), ('XDG_RUNTIME_DIR', '/run/user/1000'), ('DISPLAY', ':0'), ('TERMINATOR_DBUS_PATH', '/net/tenshu/Terminator2'), ('LANG', 'en_US.UTF-8'), ('XDG_CURRENT_DESKTOP', 'ubuntu:GNOME'), ('IBUS_DISABLE_SNOOPER', '1'), ('LC_TELEPHONE', 'vi_VN'), ('RMW_IMPLEMENTATION', 'rmw_cyclonedds_cpp'), ('XMODIFIERS', '@im=ibus'), ('XDG_SESSION_DESKTOP', 'ubuntu-xorg'), ('XAUTHORITY', '/run/user/1000/gdm/Xauthority'), ('LS_COLORS', 'rs=0:di=01;34:ln=01;36:mh=00:pi=40;33:so=01;35:do=01;35:bd=40;33;01:cd=40;33;01:or=40;31;01:mi=00:su=37;41:sg=30;43:ca=30;41:tw=30;42:ow=34;42:st=37;44:ex=01;32:*.tar=01;31:*.tgz=01;31:*.arc=01;31:*.arj=01;31:*.taz=01;31:*.lha=01;31:*.lz4=01;31:*.lzh=01;31:*.lzma=01;31:*.tlz=01;31:*.txz=01;31:*.tzo=01;31:*.t7z=01;31:*.zip=01;31:*.z=01;31:*.dz=01;31:*.gz=01;31:*.lrz=01;31:*.lz=01;31:*.lzo=01;31:*.xz=01;31:*.zst=01;31:*.tzst=01;31:*.bz2=01;31:*.bz=01;31:*.tbz=01;31:*.tbz2=01;31:*.tz=01;31:*.deb=01;31:*.rpm=01;31:*.jar=01;31:*.war=01;31:*.ear=01;31:*.sar=01;31:*.rar=01;31:*.alz=01;31:*.ace=01;31:*.zoo=01;31:*.cpio=01;31:*.7z=01;31:*.rz=01;31:*.cab=01;31:*.wim=01;31:*.swm=01;31:*.dwm=01;31:*.esd=01;31:*.jpg=01;35:*.jpeg=01;35:*.mjpg=01;35:*.mjpeg=01;35:*.gif=01;35:*.bmp=01;35:*.pbm=01;35:*.pgm=01;35:*.ppm=01;35:*.tga=01;35:*.xbm=01;35:*.xpm=01;35:*.tif=01;35:*.tiff=01;35:*.png=01;35:*.svg=01;35:*.svgz=01;35:*.mng=01;35:*.pcx=01;35:*.mov=01;35:*.mpg=01;35:*.mpeg=01;35:*.m2v=01;35:*.mkv=01;35:*.webm=01;35:*.webp=01;35:*.ogm=01;35:*.mp4=01;35:*.m4v=01;35:*.mp4v=01;35:*.vob=01;35:*.qt=01;35:*.nuv=01;35:*.wmv=01;35:*.asf=01;35:*.rm=01;35:*.rmvb=01;35:*.flc=01;35:*.avi=01;35:*.fli=01;35:*.flv=01;35:*.gl=01;35:*.dl=01;35:*.xcf=01;35:*.xwd=01;35:*.yuv=01;35:*.cgm=01;35:*.emf=01;35:*.ogv=01;35:*.ogx=01;35:*.aac=00;36:*.au=00;36:*.flac=00;36:*.m4a=00;36:*.mid=00;36:*.midi=00;36:*.mka=00;36:*.mp3=00;36:*.mpc=00;36:*.ogg=00;36:*.ra=00;36:*.wav=00;36:*.oga=00;36:*.opus=00;36:*.spx=00;36:*.xspf=00;36:'), ('SSH_AGENT_LAUNCHER', 'gnome-keyring'), ('SSH_AUTH_SOCK', '/run/user/1000/keyring/ssh'), ('ROS_DOMAIN_ID', '0'), ('AMENT_PREFIX_PATH', '/home/minh/gim60108_ws/install/gim_control:/home/minh/gim60108_ws/install/gim_arm_moveit_config:/home/minh/gim60108_ws/install/gim_arm_hardware:/home/minh/gim60108_ws/install/gim_arm_description:/home/minh/rehab_robot_ver2_modified/install/rehab_robot_ver2_control:/home/minh/rehab_robot_ver2_modified/install/rviz_custom_plugins:/home/minh/rehab_robot_ver2_modified/install/rehab_robot_ver2:/home/minh/rehab_robot_ver2_modified/install/rehab_gui:/home/minh/rehab_robot_ver2_modified/install/my_rqt_plugin:/home/minh/rehab_robot_ver2_modified/install/gravity_compensation:/home/minh/rehab_robot_ver2_modified/install/can_odrive_interface:/home/minh/moveit_ws/install/my_robot_bringup:/home/minh/moveit_ws/install/my_robot_moveit_config:/home/minh/moveit_ws/install/my_robot_description:/home/minh/apriltag_ws/install/apriltag_ros:/opt/ros/humble'), ('SHELL', '/bin/bash'), ('LC_NAME', 'vi_VN'), ('TERMINATOR_UUID', 'urn:uuid:95f1abc0-9865-46d0-8926-ec51be58c1a2'), ('QT_ACCESSIBILITY', '1'), ('GDMSESSION', 'ubuntu-xorg'), ('LESSCLOSE', '/usr/bin/lesspipe %s %s'), ('LC_MEASUREMENT', 'vi_VN'), ('GPG_AGENT_INFO', '/run/user/1000/gnupg/S.gpg-agent:0:1'), ('GJS_DEBUG_OUTPUT', 'stderr'), ('LC_IDENTIFICATION', 'vi_VN'), ('QT_IM_MODULE', 'ibus'), ('PWD', '/home/minh/gim60108_ws/build/gim_arm_hardware'), ('LC_ALL', 'en_US.UTF-8'), ('XDG_CONFIG_DIRS', '/etc/xdg/xdg-ubuntu-xorg:/etc/xdg'), ('XDG_DATA_DIRS', '/usr/share/ubuntu-xorg:/usr/share/gnome:/usr/local/share/:/usr/share/:/var/lib/snapd/desktop'), ('PYTHONPATH', '/home/minh/gim60108_ws/install/gim_control/lib/python3.10/site-packages:/home/minh/rehab_robot_ver2_modified/install/rviz_custom_plugins/local/lib/python3.10/dist-packages:/home/minh/rehab_robot_ver2_modified/install/rehab_gui/lib/python3.10/site-packages:/home/minh/rehab_robot_ver2_modified/install/my_rqt_plugin/lib/python3.10/site-packages:/home/minh/apriltag_ws/install/apriltag_ros/local/lib/python3.10/dist-packages:/opt/ros/humble/lib/python3.10/site-packages:/opt/ros/humble/local/lib/python3.10/dist-packages'), ('LC_NUMERIC', 'vi_VN'), ('LC_PAPER', 'vi_VN'), ('COLCON', '1'), ('VTE_VERSION', '6800'), ('CMAKE_PREFIX_PATH', '/home/minh/gim60108_ws/install/gim_arm_moveit_config:/home/minh/gim60108_ws/install/gim_arm_hardware:/home/minh/gim60108_ws/install/gim_arm_description:/home/minh/rehab_robot_ver2_modified/install/rehab_robot_ver2_control:/home/minh/rehab_robot_ver2_modified/install/rviz_custom_plugins:/home/minh/rehab_robot_ver2_modified/install/rehab_robot_ver2:/home/minh/rehab_robot_ver2_modified/install/gravity_compensation:/home/minh/rehab_robot_ver2_modified/install/can_odrive_interface:/home/minh/moveit_ws/install/my_robot_bringup:/home/minh/moveit_ws/install/my_robot_moveit_config:/home/minh/moveit_ws/install/my_robot_description:/home/minh/apriltag_ws/install/apriltag_ros:/home/minh/gim60108_ws/install/gim_control:/home/minh/rehab_robot_ver2_modified/install/rehab_gui:/home/minh/rehab_robot_ver2_modified/install/my_rqt_plugin:/opt/ros/humble')]), 'shell': False}
[0.072347] (gim_arm_hardware) StderrLine: {'line': b'\x1b[0mCMake Deprecation Warning at CMakeLists.txt:1 (cmake_minimum_required):\n'}
[0.072626] (gim_arm_hardware) StderrLine: {'line': b'  Compatibility with CMake < 3.10 will be removed from a future version of\n'}
[0.072720] (gim_arm_hardware) StderrLine: {'line': b'  CMake.\n'}
[0.072793] (gim_arm_hardware) StderrLine: {'line': b'\n'}
[0.072857] (gim_arm_hardware) StderrLine: {'line': b'  Update the VERSION argument <min> value.  Or, use the <min>...<max> syntax\n'}
[0.072925] (gim_arm_hardware) StderrLine: {'line': b'  to tell CMake that the project requires at least <min> but has been updated\n'}
[0.072987] (gim_arm_hardware) StderrLine: {'line': b'  to work with policies introduced by <max> or earlier.\n'}
[0.073049] (gim_arm_hardware) StderrLine: {'line': b'\n'}
[0.073109] (gim_arm_hardware) StderrLine: {'line': b'\x1b[0m\n'}
[0.076491] (gim_arm_hardware) StdoutLine: {'line': b'-- Found ament_cmake: 1.3.14 (/opt/ros/humble/share/ament_cmake/cmake)\n'}
[0.099715] (-) TimerEvent: {}
[0.100185] (gim_arm_hardware) StdoutLine: {'line': b'-- Found Python3: /usr/bin/python3 (found version "3.10.12") found components: Interpreter\n'}
[0.152725] (gim_arm_hardware) StdoutLine: {'line': b'-- Found rclcpp: 16.0.19 (/opt/ros/humble/share/rclcpp/cmake)\n'}
[0.176155] (gim_arm_hardware) StdoutLine: {'line': b'-- Found rosidl_generator_c: 3.1.9 (/opt/ros/humble/share/rosidl_generator_c/cmake)\n'}
[0.177836] (gim_arm_hardware) StdoutLine: {'line': b'-- Found rosidl_adapter: 3.1.9 (/opt/ros/humble/share/rosidl_adapter/cmake)\n'}
[0.182025] (gim_arm_hardware) StdoutLine: {'line': b'-- Found rosidl_generator_cpp: 3.1.9 (/opt/ros/humble/share/rosidl_generator_cpp/cmake)\n'}
[0.188975] (gim_arm_hardware) StdoutLine: {'line': b'-- Using all available rosidl_typesupport_c: rosidl_typesupport_fastrtps_c;rosidl_typesupport_introspection_c\n'}
[0.198122] (gim_arm_hardware) StdoutLine: {'line': b'-- Using all available rosidl_typesupport_cpp: rosidl_typesupport_fastrtps_cpp;rosidl_typesupport_introspection_cpp\n'}
[0.199777] (-) TimerEvent: {}
[0.223783] (gim_arm_hardware) StdoutLine: {'line': b'-- Found rmw_implementation_cmake: 6.1.2 (/opt/ros/humble/share/rmw_implementation_cmake/cmake)\n'}
[0.224864] (gim_arm_hardware) StdoutLine: {'line': b'-- Found rmw_cyclonedds_cpp: 1.3.4 (/opt/ros/humble/share/rmw_cyclonedds_cpp/cmake)\n'}
[0.241043] (gim_arm_hardware) StdoutLine: {'line': b"-- Using RMW implementation 'rmw_cyclonedds_cpp' as default\n"}
[0.286486] (gim_arm_hardware) StdoutLine: {'line': b'-- Found hardware_interface: 2.54.0 (/opt/ros/humble/share/hardware_interface/cmake)\n'}
[0.299859] (-) TimerEvent: {}
[0.400139] (-) TimerEvent: {}
[0.408963] (gim_arm_hardware) StderrLine: {'line': b'\x1b[33mCMake Warning (dev) at /home/minh/.local/lib/python3.10/site-packages/cmake/data/share/cmake-4.1/Modules/CMakeFindDependencyMacro.cmake:78 (find_package):\n'}
[0.409140] (gim_arm_hardware) StderrLine: {'line': b'  Policy CMP0167 is not set: The FindBoost module is removed.  Run "cmake\n'}
[0.409234] (gim_arm_hardware) StderrLine: {'line': b'  --help-policy CMP0167" for policy details.  Use the cmake_policy command to\n'}
[0.409308] (gim_arm_hardware) StderrLine: {'line': b'  set the policy and suppress this warning.\n'}
[0.409373] (gim_arm_hardware) StderrLine: {'line': b'\n'}
[0.409438] (gim_arm_hardware) StderrLine: {'line': b'Call Stack (most recent call first):\n'}
[0.409528] (gim_arm_hardware) StderrLine: {'line': b'  /opt/ros/humble/lib/x86_64-linux-gnu/cmake/pinocchio/pinocchioConfig.cmake:183 (find_dependency)\n'}
[0.409594] (gim_arm_hardware) StderrLine: {'line': b'  CMakeLists.txt:21 (find_package)\n'}
[0.409658] (gim_arm_hardware) StderrLine: {'line': b'This warning is for project developers.  Use -Wno-dev to suppress it.\n'}
[0.409724] (gim_arm_hardware) StderrLine: {'line': b'\x1b[0m\n'}
[0.412330] (gim_arm_hardware) StdoutLine: {'line': b'-- Found Boost: /usr/include (found version "1.74.0") found components: filesystem serialization\n'}
[0.413560] (gim_arm_hardware) StdoutLine: {'line': b'-- eigenpy FOUND. eigenpy at /opt/ros/humble/lib/x86_64-linux-gnu/libeigenpy.so\n'}
[0.437972] (gim_arm_hardware) StdoutLine: {'line': b'-- Checking for NumPy\n'}
[0.500514] (-) TimerEvent: {}
[0.602677] (-) TimerEvent: {}
[0.614386] (gim_arm_hardware) StdoutLine: {'line': b'--   NUMPY_INCLUDE_DIRS=/home/minh/.local/lib/python3.10/site-packages/numpy/core/include\n'}
[0.699866] (gim_arm_hardware) StdoutLine: {'line': b'--   NUMPY_VERSION=1.26.4\n'}
[0.702729] (-) TimerEvent: {}
[0.802935] (-) TimerEvent: {}
[0.888394] (gim_arm_hardware) StdoutLine: {'line': b'-- Found Python3: /usr/bin/python3 (found version "3.10.12") found components: Interpreter Development.Module NumPy\n'}
[0.889630] (gim_arm_hardware) StdoutLine: {'line': b'-- PythonLibraryDirs: \n'}
[0.889682] (gim_arm_hardware) StdoutLine: {'line': b'-- PythonLibVersionString: 3.10.12\n'}
[0.903018] (-) TimerEvent: {}
[0.909081] (gim_arm_hardware) StdoutLine: {'line': b'-- Python site lib: lib/python3.10/site-packages\n'}
[0.909238] (gim_arm_hardware) StdoutLine: {'line': b'-- Python include dirs: /usr/include/python3.10\n'}
[0.952573] (gim_arm_hardware) StdoutLine: {'line': b'-- Checking for NumPy\n'}
[1.003110] (-) TimerEvent: {}
[1.033421] (gim_arm_hardware) StdoutLine: {'line': b'--   NUMPY_INCLUDE_DIRS=/home/minh/.local/lib/python3.10/site-packages/numpy/core/include\n'}
[1.103196] (-) TimerEvent: {}
[1.117031] (gim_arm_hardware) StdoutLine: {'line': b'--   NUMPY_VERSION=1.26.4\n'}
[1.117191] (gim_arm_hardware) StdoutLine: {'line': b'-- NumPy include dir: /home/minh/.local/lib/python3.10/site-packages/numpy/core/include\n'}
[1.117475] (gim_arm_hardware) StderrLine: {'line': b'\x1b[33mCMake Warning (dev) at /opt/ros/humble/lib/x86_64-linux-gnu/cmake/eigenpy/boost.cmake:146 (find_package):\n'}
[1.117558] (gim_arm_hardware) StderrLine: {'line': b'  Policy CMP0167 is not set: The FindBoost module is removed.  Run "cmake\n'}
[1.117617] (gim_arm_hardware) StderrLine: {'line': b'  --help-policy CMP0167" for policy details.  Use the cmake_policy command to\n'}
[1.117673] (gim_arm_hardware) StderrLine: {'line': b'  set the policy and suppress this warning.\n'}
[1.117729] (gim_arm_hardware) StderrLine: {'line': b'\n'}
[1.117782] (gim_arm_hardware) StderrLine: {'line': b'Call Stack (most recent call first):\n'}
[1.117835] (gim_arm_hardware) StderrLine: {'line': b'  /opt/ros/humble/lib/x86_64-linux-gnu/cmake/eigenpy/eigenpyConfig.cmake:172 (SEARCH_FOR_BOOST_PYTHON)\n'}
[1.117905] (gim_arm_hardware) StderrLine: {'line': b'  /home/minh/.local/lib/python3.10/site-packages/cmake/data/share/cmake-4.1/Modules/CMakeFindDependencyMacro.cmake:78 (find_package)\n'}
[1.117961] (gim_arm_hardware) StderrLine: {'line': b'  /opt/ros/humble/lib/x86_64-linux-gnu/cmake/pinocchio/pinocchioConfig.cmake:184 (find_dependency)\n'}
[1.118014] (gim_arm_hardware) StderrLine: {'line': b'  CMakeLists.txt:21 (find_package)\n'}
[1.118070] (gim_arm_hardware) StderrLine: {'line': b'This warning is for project developers.  Use -Wno-dev to suppress it.\n'}
[1.118124] (gim_arm_hardware) StderrLine: {'line': b'\x1b[0m\n'}
[1.121499] (gim_arm_hardware) StdoutLine: {'line': b'-- Found Boost: /usr/include (found version "1.74.0") found components: python310\n'}
[1.203289] (-) TimerEvent: {}
[1.303644] (-) TimerEvent: {}
[1.320527] (gim_arm_hardware) StdoutLine: {'line': b'-- Default C++ standard: 201703\n'}
[1.320745] (gim_arm_hardware) StdoutLine: {'line': b'-- C++ standard sufficient: Minimal required 17, currently defined: 17\n'}
[1.320835] (gim_arm_hardware) StdoutLine: {'line': b'-- CMAKE_CXX_STANDARD was not set: automatically set to currently defined standard 17\n'}
[1.322554] (gim_arm_hardware) StdoutLine: {'line': b'-- coal FOUND. coal at /opt/ros/humble/lib/x86_64-linux-gnu/libcoal.so\n'}
[1.323090] (gim_arm_hardware) StderrLine: {'line': b'\x1b[33mCMake Warning (dev) at /home/minh/.local/lib/python3.10/site-packages/cmake/data/share/cmake-4.1/Modules/CMakeFindDependencyMacro.cmake:78 (find_package):\n'}
[1.323250] (gim_arm_hardware) StderrLine: {'line': b'  Policy CMP0167 is not set: The FindBoost module is removed.  Run "cmake\n'}
[1.323342] (gim_arm_hardware) StderrLine: {'line': b'  --help-policy CMP0167" for policy details.  Use the cmake_policy command to\n'}
[1.323428] (gim_arm_hardware) StderrLine: {'line': b'  set the policy and suppress this warning.\n'}
[1.323519] (gim_arm_hardware) StderrLine: {'line': b'\n'}
[1.323587] (gim_arm_hardware) StderrLine: {'line': b'Call Stack (most recent call first):\n'}
[1.323650] (gim_arm_hardware) StderrLine: {'line': b'  /opt/ros/humble/lib/x86_64-linux-gnu/cmake/coal/coalConfig.cmake:154 (find_dependency)\n'}
[1.323713] (gim_arm_hardware) StderrLine: {'line': b'  /home/minh/.local/lib/python3.10/site-packages/cmake/data/share/cmake-4.1/Modules/CMakeFindDependencyMacro.cmake:78 (find_package)\n'}
[1.323775] (gim_arm_hardware) StderrLine: {'line': b'  /opt/ros/humble/lib/x86_64-linux-gnu/cmake/pinocchio/pinocchioConfig.cmake:186 (find_dependency)\n'}
[1.323836] (gim_arm_hardware) StderrLine: {'line': b'  CMakeLists.txt:21 (find_package)\n'}
[1.323898] (gim_arm_hardware) StderrLine: {'line': b'This warning is for project developers.  Use -Wno-dev to suppress it.\n'}
[1.323959] (gim_arm_hardware) StderrLine: {'line': b'\x1b[0m\n'}
[1.328421] (gim_arm_hardware) StdoutLine: {'line': b'-- Found Boost: /usr/include (found version "1.74.0") found components: serialization filesystem\n'}
[1.329984] (gim_arm_hardware) StdoutLine: {'line': b'-- C++ standard sufficient: Minimal required 17, currently defined: 17\n'}
[1.331788] (gim_arm_hardware) StdoutLine: {'line': b'-- C++ standard sufficient: Minimal required 17, currently defined: 17\n'}
[1.401424] (gim_arm_hardware) StdoutLine: {'line': b'-- Configuring done (1.3s)\n'}
[1.403745] (-) TimerEvent: {}
[1.412997] (gim_arm_hardware) StdoutLine: {'line': b'-- Generating done (0.0s)\n'}
[1.415277] (gim_arm_hardware) StdoutLine: {'line': b'-- Build files have been written to: /home/minh/gim60108_ws/build/gim_arm_hardware\n'}
[1.439216] (gim_arm_hardware) StdoutLine: {'line': b'[ 50%] \x1b[32mBuilding CXX object CMakeFiles/gim_arm_system_hardware.dir/src/gim_arm_system.cpp.o\x1b[0m\n'}
[1.503872] (-) TimerEvent: {}
[1.604198] (-) TimerEvent: {}
[1.704554] (-) TimerEvent: {}
[1.804905] (-) TimerEvent: {}
[1.905256] (-) TimerEvent: {}
[2.005686] (-) TimerEvent: {}
[2.106041] (-) TimerEvent: {}
[2.206372] (-) TimerEvent: {}
[2.306690] (-) TimerEvent: {}
[2.407029] (-) TimerEvent: {}
[2.507350] (-) TimerEvent: {}
[2.607743] (-) TimerEvent: {}
[2.708094] (-) TimerEvent: {}
[2.808412] (-) TimerEvent: {}
[2.908759] (-) TimerEvent: {}
[3.009079] (-) TimerEvent: {}
[3.109409] (-) TimerEvent: {}
[3.209764] (-) TimerEvent: {}
[3.310052] (-) TimerEvent: {}
[3.410372] (-) TimerEvent: {}
[3.510697] (-) TimerEvent: {}
[3.611007] (-) TimerEvent: {}
[3.711340] (-) TimerEvent: {}
[3.811692] (-) TimerEvent: {}
[3.912012] (-) TimerEvent: {}
[4.012352] (-) TimerEvent: {}
[4.112701] (-) TimerEvent: {}
[4.213027] (-) TimerEvent: {}
[4.313356] (-) TimerEvent: {}
[4.413703] (-) TimerEvent: {}
[4.503671] (gim_arm_hardware) StderrLine: {'line': b'In file included from \x1b[01m\x1b[K/usr/include/boost/variant/variant.hpp:31\x1b[m\x1b[K,\n'}
[4.503907] (gim_arm_hardware) StderrLine: {'line': b'                 from \x1b[01m\x1b[K/usr/include/boost/variant.hpp:17\x1b[m\x1b[K,\n'}
[4.504010] (gim_arm_hardware) StderrLine: {'line': b'                 from \x1b[01m\x1b[K/opt/ros/humble/include/pinocchio/multibody.hpp:21\x1b[m\x1b[K,\n'}
[4.504272] (gim_arm_hardware) StderrLine: {'line': b'                 from \x1b[01m\x1b[K/opt/ros/humble/include/pinocchio/parsers/urdf.hpp:27\x1b[m\x1b[K,\n'}
[4.504376] (gim_arm_hardware) StderrLine: {'line': b'                 from \x1b[01m\x1b[K/home/minh/gim60108_ws/src/gim_arm_hardware/include/gim_arm_hardware/gim_arm_system.hpp:17\x1b[m\x1b[K,\n'}
[4.504475] (gim_arm_hardware) StderrLine: {'line': b'                 from \x1b[01m\x1b[K/home/minh/gim60108_ws/src/gim_arm_hardware/src/gim_arm_system.cpp:1\x1b[m\x1b[K:\n'}
[4.504567] (gim_arm_hardware) StderrLine: {'line': b'/usr/include/boost/variant/detail/make_variant_list.hpp: In instantiation of \xe2\x80\x98\x1b[01m\x1b[Kstruct boost::detail::variant::make_variant_list<pinocchio::JointModelRevoluteTpl<double, 0, 0>, pinocchio::JointModelRevoluteTpl<double, 0, 1>, pinocchio::JointModelRevoluteTpl<double, 0, 2>, pinocchio::JointModelFreeFlyerTpl<double, 0>, pinocchio::JointModelPlanarTpl<double, 0>, pinocchio::JointModelRevoluteUnalignedTpl<double, 0>, pinocchio::JointModelSphericalTpl<double, 0>, pinocchio::JointModelSphericalZYXTpl<double, 0>, pinocchio::JointModelEllipsoidTpl<double, 0>, pinocchio::JointModelPrismaticTpl<double, 0, 0>, pinocchio::JointModelPrismaticTpl<double, 0, 1>, pinocchio::JointModelPrismaticTpl<double, 0, 2>, pinocchio::JointModelPrismaticUnalignedTpl<double, 0>, pinocchio::JointModelTranslationTpl<double, 0>, pinocchio::JointModelRevoluteUnboundedTpl<double, 0, 0>, pinocchio::JointModelRevoluteUnboundedTpl<double, 0, 1>, pinocchio::JointModelRevoluteUnboundedTpl<double, 0, 2>, pinocchio::JointModelRevoluteUnboundedUnalignedTpl<double, 0>, pinocchio::JointModelHelicalTpl<double, 0, 0>, pinocchio::JointModelHelicalTpl<double, 0, 1>, pinocchio::JointModelHelicalTpl<double, 0, 2>, pinocchio::JointModelHelicalUnalignedTpl<double, 0>, pinocchio::JointModelUniversalTpl<double, 0>, boost::recursive_wrapper<pinocchio::JointModelCompositeTpl<double, 0, pinocchio::JointCollectionDefaultTpl> >, boost::recursive_wrapper<pinocchio::JointModelMimicTpl<double, 0, pinocchio::JointCollectionDefaultTpl> > >\x1b[m\x1b[K\xe2\x80\x99:\n'}
[4.504711] (gim_arm_hardware) StderrLine: {'line': b'\x1b[01m\x1b[K/usr/include/boost/mpl/eval_if.hpp:38:31:\x1b[m\x1b[K   required from \xe2\x80\x98\x1b[01m\x1b[Kstruct boost::mpl::eval_if<boost::variant<pinocchio::JointModelRevoluteTpl<double, 0, 0>, pinocchio::JointModelRevoluteTpl<double, 0, 1>, pinocchio::JointModelRevoluteTpl<double, 0, 2>, pinocchio::JointModelFreeFlyerTpl<double, 0>, pinocchio::JointModelPlanarTpl<double, 0>, pinocchio::JointModelRevoluteUnalignedTpl<double, 0>, pinocchio::JointModelSphericalTpl<double, 0>, pinocchio::JointModelSphericalZYXTpl<double, 0>, pinocchio::JointModelEllipsoidTpl<double, 0>, pinocchio::JointModelPrismaticTpl<double, 0, 0>, pinocchio::JointModelPrismaticTpl<double, 0, 1>, pinocchio::JointModelPrismaticTpl<double, 0, 2>, pinocchio::JointModelPrismaticUnalignedTpl<double, 0>, pinocchio::JointModelTranslationTpl<double, 0>, pinocchio::JointModelRevoluteUnboundedTpl<double, 0, 0>, pinocchio::JointModelRevoluteUnboundedTpl<double, 0, 1>, pinocchio::JointModelRevoluteUnboundedTpl<double, 0, 2>, pinocchio::JointModelRevoluteUnboundedUnalignedTpl<double, 0>, pinocchio::JointModelHelicalTpl<double, 0, 0>, pinocchio::JointModelHelicalTpl<double, 0, 1>, pinocchio::JointModelHelicalTpl<double, 0, 2>, pinocchio::JointModelHelicalUnalignedTpl<double, 0>, pinocchio::JointModelUniversalTpl<double, 0>, boost::recursive_wrapper<pinocchio::JointModelCompositeTpl<double, 0, pinocchio::JointCollectionDefaultTpl> >, boost::recursive_wrapper<pinocchio::JointModelMimicTpl<double, 0, pinocchio::JointCollectionDefaultTpl> > >::is_sequence_based_, pinocchio::JointModelRevoluteTpl<double, 0, 0>, boost::detail::variant::make_variant_list<pinocchio::JointModelRevoluteTpl<double, 0, 0>, pinocchio::JointModelRevoluteTpl<double, 0, 1>, pinocchio::JointModelRevoluteTpl<double, 0, 2>, pinocchio::JointModelFreeFlyerTpl<double, 0>, pinocchio::JointModelPlanarTpl<double, 0>, pinocchio::JointModelRevoluteUnalignedTpl<double, 0>, pinocchio::JointModelSphericalTpl<double, 0>, pinocchio::JointModelSphericalZYXTpl<double, 0>, pinocchio::JointModelEllipsoidTpl<double, 0>, pinocchio::JointModelPrismaticTpl<double, 0, 0>, pinocchio::JointModelPrismaticTpl<double, 0, 1>, pinocchio::JointModelPrismaticTpl<double, 0, 2>, pinocchio::JointModelPrismaticUnalignedTpl<double, 0>, pinocchio::JointModelTranslationTpl<double, 0>, pinocchio::JointModelRevoluteUnboundedTpl<double, 0, 0>, pinocchio::JointModelRevoluteUnboundedTpl<double, 0, 1>, pinocchio::JointModelRevoluteUnboundedTpl<double, 0, 2>, pinocchio::JointModelRevoluteUnboundedUnalignedTpl<double, 0>, pinocchio::JointModelHelicalTpl<double, 0, 0>, pinocchio::JointModelHelicalTpl<double, 0, 1>, pinocchio::JointModelHelicalTpl<double, 0, 2>, pinocchio::JointModelHelicalUnalignedTpl<double, 0>, pinocchio::JointModelUniversalTpl<double, 0>, boost::recursive_wrapper<pinocchio::JointModelCompositeTpl<double, 0, pinocchio::JointCollectionDefaultTpl> >, boost::recursive_wrapper<pinocchio::JointModelMimicTpl<double, 0, pinocchio::JointCollectionDefaultTpl> > > >\x1b[m\x1b[K\xe2\x80\x99\n'}
[4.504816] (gim_arm_hardware) StderrLine: {'line': b'\x1b[01m\x1b[K/usr/include/boost/variant/variant.hpp:1138:17:\x1b[m\x1b[K   required from \xe2\x80\x98\x1b[01m\x1b[Kclass boost::variant<pinocchio::JointModelRevoluteTpl<double, 0, 0>, pinocchio::JointModelRevoluteTpl<double, 0, 1>, pinocchio::JointModelRevoluteTpl<double, 0, 2>, pinocchio::JointModelFreeFlyerTpl<double, 0>, pinocchio::JointModelPlanarTpl<double, 0>, pinocchio::JointModelRevoluteUnalignedTpl<double, 0>, pinocchio::JointModelSphericalTpl<double, 0>, pinocchio::JointModelSphericalZYXTpl<double, 0>, pinocchio::JointModelEllipsoidTpl<double, 0>, pinocchio::JointModelPrismaticTpl<double, 0, 0>, pinocchio::JointModelPrismaticTpl<double, 0, 1>, pinocchio::JointModelPrismaticTpl<double, 0, 2>, pinocchio::JointModelPrismaticUnalignedTpl<double, 0>, pinocchio::JointModelTranslationTpl<double, 0>, pinocchio::JointModelRevoluteUnboundedTpl<double, 0, 0>, pinocchio::JointModelRevoluteUnboundedTpl<double, 0, 1>, pinocchio::JointModelRevoluteUnboundedTpl<double, 0, 2>, pinocchio::JointModelRevoluteUnboundedUnalignedTpl<double, 0>, pinocchio::JointModelHelicalTpl<double, 0, 0>, pinocchio::JointModelHelicalTpl<double, 0, 1>, pinocchio::JointModelHelicalTpl<double, 0, 2>, pinocchio::JointModelHelicalUnalignedTpl<double, 0>, pinocchio::JointModelUniversalTpl<double, 0>, boost::recursive_wrapper<pinocchio::JointModelCompositeTpl<double, 0, pinocchio::JointCollectionDefaultTpl> >, boost::recursive_wrapper<pinocchio::JointModelMimicTpl<double, 0, pinocchio::JointCollectionDefaultTpl> > >\x1b[m\x1b[K\xe2\x80\x99\n'}
[4.504901] (gim_arm_hardware) StderrLine: {'line': b'\x1b[01m\x1b[K/opt/ros/humble/include/pinocchio/src/multibody/joint/joint-generic.hxx:256:10:\x1b[m\x1b[K   required from \xe2\x80\x98\x1b[01m\x1b[Kstruct pinocchio::JointModelTpl<double>\x1b[m\x1b[K\xe2\x80\x99\n'}
[4.504964] (gim_arm_hardware) StderrLine: {'line': b'\x1b[01m\x1b[K/opt/ros/humble/include/pinocchio/src/parsers/urdf/model.hxx:235:38:\x1b[m\x1b[K   required from here\n'}
[4.505008] (gim_arm_hardware) StderrLine: {'line': b'\x1b[01m\x1b[K/usr/include/boost/variant/detail/make_variant_list.hpp:40:46:\x1b[m\x1b[K \x1b[01;31m\x1b[Kerror: \x1b[m\x1b[Kwrong number of template arguments (25, should be at least 0)\n'}
[4.505033] (gim_arm_hardware) StderrLine: {'line': b'   40 |     typedef typename mpl::list< T... >::type \x1b[01;31m\x1b[Ktype\x1b[m\x1b[K;\n'}
[4.505060] (gim_arm_hardware) StderrLine: {'line': b'      |                                              \x1b[01;31m\x1b[K^~~~\x1b[m\x1b[K\n'}
[4.506937] (gim_arm_hardware) StderrLine: {'line': b'In file included from \x1b[01m\x1b[K/usr/include/boost/mpl/aux_/include_preprocessed.hpp:37\x1b[m\x1b[K,\n'}
[4.507010] (gim_arm_hardware) StderrLine: {'line': b'                 from \x1b[01m\x1b[K/usr/include/boost/mpl/list.hpp:46\x1b[m\x1b[K,\n'}
[4.507045] (gim_arm_hardware) StderrLine: {'line': b'                 from \x1b[01m\x1b[K/usr/include/boost/math/policies/policy.hpp:9\x1b[m\x1b[K,\n'}
[4.507073] (gim_arm_hardware) StderrLine: {'line': b'                 from \x1b[01m\x1b[K/usr/include/boost/math/constants/constants.hpp:12\x1b[m\x1b[K,\n'}
[4.507098] (gim_arm_hardware) StderrLine: {'line': b'                 from \x1b[01m\x1b[K/opt/ros/humble/include/pinocchio/math.hpp:20\x1b[m\x1b[K,\n'}
[4.507123] (gim_arm_hardware) StderrLine: {'line': b'                 from \x1b[01m\x1b[K/opt/ros/humble/include/pinocchio/spatial.hpp:19\x1b[m\x1b[K,\n'}
[4.507147] (gim_arm_hardware) StderrLine: {'line': b'                 from \x1b[01m\x1b[K/opt/ros/humble/include/pinocchio/parsers/urdf.hpp:26\x1b[m\x1b[K,\n'}
[4.507171] (gim_arm_hardware) StderrLine: {'line': b'                 from \x1b[01m\x1b[K/home/minh/gim60108_ws/src/gim_arm_hardware/include/gim_arm_hardware/gim_arm_system.hpp:17\x1b[m\x1b[K,\n'}
[4.507202] (gim_arm_hardware) StderrLine: {'line': b'                 from \x1b[01m\x1b[K/home/minh/gim60108_ws/src/gim_arm_hardware/src/gim_arm_system.cpp:1\x1b[m\x1b[K:\n'}
[4.507227] (gim_arm_hardware) StderrLine: {'line': b'\x1b[01m\x1b[K/usr/include/boost/mpl/aux_/preprocessed/gcc/list.hpp:22:8:\x1b[m\x1b[K \x1b[01;36m\x1b[Knote: \x1b[m\x1b[Kprovided for \xe2\x80\x98\x1b[01m\x1b[Ktemplate<class T0, class T1, class T2, class T3, class T4, class T5, class T6, class T7, class T8, class T9, class T10, class T11, class T12, class T13, class T14, class T15, class T16, class T17, class T18, class T19> struct boost::mpl::list\x1b[m\x1b[K\xe2\x80\x99\n'}
[4.507254] (gim_arm_hardware) StderrLine: {'line': b'   22 | struct \x1b[01;36m\x1b[Klist\x1b[m\x1b[K;\n'}
[4.507278] (gim_arm_hardware) StderrLine: {'line': b'      |        \x1b[01;36m\x1b[K^~~~\x1b[m\x1b[K\n'}
[4.513800] (-) TimerEvent: {}
[4.614095] (-) TimerEvent: {}
[4.714491] (-) TimerEvent: {}
[4.814765] (-) TimerEvent: {}
[4.915063] (-) TimerEvent: {}
[5.015393] (-) TimerEvent: {}
[5.115712] (-) TimerEvent: {}
[5.216052] (-) TimerEvent: {}
[5.316360] (-) TimerEvent: {}
[5.416721] (-) TimerEvent: {}
[5.517061] (-) TimerEvent: {}
[5.617399] (-) TimerEvent: {}
[5.698200] (gim_arm_hardware) StderrLine: {'line': b'In file included from \x1b[01m\x1b[K/opt/ros/humble/include/pinocchio/multibody/joint.hpp:84\x1b[m\x1b[K,\n'}
[5.698681] (gim_arm_hardware) StderrLine: {'line': b'                 from \x1b[01m\x1b[K/opt/ros/humble/include/pinocchio/multibody.hpp:43\x1b[m\x1b[K,\n'}
[5.698786] (gim_arm_hardware) StderrLine: {'line': b'                 from \x1b[01m\x1b[K/opt/ros/humble/include/pinocchio/parsers/urdf.hpp:27\x1b[m\x1b[K,\n'}
[5.698866] (gim_arm_hardware) StderrLine: {'line': b'                 from \x1b[01m\x1b[K/home/minh/gim60108_ws/src/gim_arm_hardware/include/gim_arm_hardware/gim_arm_system.hpp:17\x1b[m\x1b[K,\n'}
[5.698937] (gim_arm_hardware) StderrLine: {'line': b'                 from \x1b[01m\x1b[K/home/minh/gim60108_ws/src/gim_arm_hardware/src/gim_arm_system.cpp:1\x1b[m\x1b[K:\n'}
[5.699014] (gim_arm_hardware) StderrLine: {'line': b'/opt/ros/humble/include/pinocchio/src/multibody/joint/joint-generic.hxx: In instantiation of \xe2\x80\x98\x1b[01m\x1b[Kpinocchio::JointModelTpl<Scalar, Options, JointCollectionTpl>::JointModelTpl(const pinocchio::JointModelBase<OtherDerived>&) [with JointModelDerived = pinocchio::JointModelFreeFlyerTpl<double>; _Scalar = double; int _Options = 0; JointCollectionTpl = pinocchio::JointCollectionDefaultTpl]\x1b[m\x1b[K\xe2\x80\x99:\n'}
[5.699163] (gim_arm_hardware) StderrLine: {'line': b'\x1b[01m\x1b[K/opt/ros/humble/include/pinocchio/src/parsers/urdf/model.hxx:235:38:\x1b[m\x1b[K   required from here\n'}
[5.699230] (gim_arm_hardware) StderrLine: {'line': b'\x1b[01m\x1b[K/opt/ros/humble/include/pinocchio/src/multibody/joint/joint-generic.hxx:306:25:\x1b[m\x1b[K \x1b[01;31m\x1b[Kerror: \x1b[m\x1b[Kno matching function for call to \xe2\x80\x98\x1b[01m\x1b[Kboost::variant<pinocchio::JointModelRevoluteTpl<double, 0, 0>, pinocchio::JointModelRevoluteTpl<double, 0, 1>, pinocchio::JointModelRevoluteTpl<double, 0, 2>, pinocchio::JointModelFreeFlyerTpl<double, 0>, pinocchio::JointModelPlanarTpl<double, 0>, pinocchio::JointModelRevoluteUnalignedTpl<double, 0>, pinocchio::JointModelSphericalTpl<double, 0>, pinocchio::JointModelSphericalZYXTpl<double, 0>, pinocchio::JointModelEllipsoidTpl<double, 0>, pinocchio::JointModelPrismaticTpl<double, 0, 0>, pinocchio::JointModelPrismaticTpl<double, 0, 1>, pinocchio::JointModelPrismaticTpl<double, 0, 2>, pinocchio::JointModelPrismaticUnalignedTpl<double, 0>, pinocchio::JointModelTranslationTpl<double, 0>, pinocchio::JointModelRevoluteUnboundedTpl<double, 0, 0>, pinocchio::JointModelRevoluteUnboundedTpl<double, 0, 1>, pinocchio::JointModelRevoluteUnboundedTpl<double, 0, 2>, pinocchio::JointModelRevoluteUnboundedUnalignedTpl<double, 0>, pinocchio::JointModelHelicalTpl<double, 0, 0>, pinocchio::JointModelHelicalTpl<double, 0, 1>, pinocchio::JointModelHelicalTpl<double, 0, 2>, pinocchio::JointModelHelicalUnalignedTpl<double, 0>, pinocchio::JointModelUniversalTpl<double, 0>, boost::recursive_wrapper<pinocchio::JointModelCompositeTpl<double, 0, pinocchio::JointCollectionDefaultTpl> >, boost::recursive_wrapper<pinocchio::JointModelMimicTpl<double, 0, pinocchio::JointCollectionDefaultTpl> > >::variant(const JointModelDerived&)\x1b[m\x1b[K\xe2\x80\x99\n'}
[5.699363] (gim_arm_hardware) StderrLine: {'line': b'  306 |     : JointModelVariant(\x1b[01;31m\x1b[K(JointModelVariant)jmodel.derived()\x1b[m\x1b[K)\n'}
[5.699426] (gim_arm_hardware) StderrLine: {'line': b'      |                         \x1b[01;31m\x1b[K^~~~~~~~~~~~~~~~~~~~~~~~~~~~~~~~~~~\x1b[m\x1b[K\n'}
[5.699511] (gim_arm_hardware) StderrLine: {'line': b'In file included from \x1b[01m\x1b[K/usr/include/boost/variant.hpp:17\x1b[m\x1b[K,\n'}
[5.699579] (gim_arm_hardware) StderrLine: {'line': b'                 from \x1b[01m\x1b[K/opt/ros/humble/include/pinocchio/multibody.hpp:21\x1b[m\x1b[K,\n'}
[5.699643] (gim_arm_hardware) StderrLine: {'line': b'                 from \x1b[01m\x1b[K/opt/ros/humble/include/pinocchio/parsers/urdf.hpp:27\x1b[m\x1b[K,\n'}
[5.699704] (gim_arm_hardware) StderrLine: {'line': b'                 from \x1b[01m\x1b[K/home/minh/gim60108_ws/src/gim_arm_hardware/include/gim_arm_hardware/gim_arm_system.hpp:17\x1b[m\x1b[K,\n'}
[5.699764] (gim_arm_hardware) StderrLine: {'line': b'                 from \x1b[01m\x1b[K/home/minh/gim60108_ws/src/gim_arm_hardware/src/gim_arm_system.cpp:1\x1b[m\x1b[K:\n'}
[5.699817] (gim_arm_hardware) StderrLine: {'line': b'\x1b[01m\x1b[K/usr/include/boost/variant/variant.hpp:1770:5:\x1b[m\x1b[K \x1b[01;36m\x1b[Knote: \x1b[m\x1b[Kcandidate: \xe2\x80\x98\x1b[01m\x1b[Kboost::variant<T0, TN>::variant(boost::variant<T0, TN>&&) [with T0_ = pinocchio::JointModelRevoluteTpl<double, 0, 0>; TN = {pinocchio::JointModelRevoluteTpl<double, 0, 1>, pinocchio::JointModelRevoluteTpl<double, 0, 2>, pinocchio::JointModelFreeFlyerTpl<double, 0>, pinocchio::JointModelPlanarTpl<double, 0>, pinocchio::JointModelRevoluteUnalignedTpl<double, 0>, pinocchio::JointModelSphericalTpl<double, 0>, pinocchio::JointModelSphericalZYXTpl<double, 0>, pinocchio::JointModelEllipsoidTpl<double, 0>, pinocchio::JointModelPrismaticTpl<double, 0, 0>, pinocchio::JointModelPrismaticTpl<double, 0, 1>, pinocchio::JointModelPrismaticTpl<double, 0, 2>, pinocchio::JointModelPrismaticUnalignedTpl<double, 0>, pinocchio::JointModelTranslationTpl<double, 0>, pinocchio::JointModelRevoluteUnboundedTpl<double, 0, 0>, pinocchio::JointModelRevoluteUnboundedTpl<double, 0, 1>, pinocchio::JointModelRevoluteUnboundedTpl<double, 0, 2>, pinocchio::JointModelRevoluteUnboundedUnalignedTpl<double, 0>, pinocchio::JointModelHelicalTpl<double, 0, 0>, pinocchio::JointModelHelicalTpl<double, 0, 1>, pinocchio::JointModelHelicalTpl<double, 0, 2>, pinocchio::JointModelHelicalUnalignedTpl<double, 0>, pinocchio::JointModelUniversalTpl<double, 0>, boost::recursive_wrapper<pinocchio::JointModelCompositeTpl<double, 0, pinocchio::JointCollectionDefaultTpl> >, boost::recursive_wrapper<pinocchio::JointModelMimicTpl<double, 0, pinocchio::JointCollectionDefaultTpl> >}]\x1b[m\x1b[K\xe2\x80\x99\n'}
[5.699845] (gim_arm_hardware) StderrLine: {'line': b' 1770 |     \x1b[01;36m\x1b[Kvariant\x1b[m\x1b[K(variant&& operand) BOOST_NOEXCEPT_IF(variant_move_noexcept_constructible::type::value)\n'}
[5.699870] (gim_arm_hardware) StderrLine: {'line': b'      |     \x1b[01;36m\x1b[K^~~~~~~\x1b[m\x1b[K\n'}
[5.699894] (gim_arm_hardware) StderrLine: {'line': b'\x1b[01m\x1b[K/usr/include/boost/variant/variant.hpp:1770:23:\x1b[m\x1b[K \x1b[01;36m\x1b[Knote: \x1b[m\x1b[K  no known conversion for argument 1 from \xe2\x80\x98\x1b[01m\x1b[Kconst JointModelDerived\x1b[m\x1b[K\xe2\x80\x99 {aka \xe2\x80\x98\x1b[01m\x1b[Kconst pinocchio::JointModelFreeFlyerTpl<double>\x1b[m\x1b[K\xe2\x80\x99} to \xe2\x80\x98\x1b[01m\x1b[Kboost::variant<pinocchio::JointModelRevoluteTpl<double, 0, 0>, pinocchio::JointModelRevoluteTpl<double, 0, 1>, pinocchio::JointModelRevoluteTpl<double, 0, 2>, pinocchio::JointModelFreeFlyerTpl<double, 0>, pinocchio::JointModelPlanarTpl<double, 0>, pinocchio::JointModelRevoluteUnalignedTpl<double, 0>, pinocchio::JointModelSphericalTpl<double, 0>, pinocchio::JointModelSphericalZYXTpl<double, 0>, pinocchio::JointModelEllipsoidTpl<double, 0>, pinocchio::JointModelPrismaticTpl<double, 0, 0>, pinocchio::JointModelPrismaticTpl<double, 0, 1>, pinocchio::JointModelPrismaticTpl<double, 0, 2>, pinocchio::JointModelPrismaticUnalignedTpl<double, 0>, pinocchio::JointModelTranslationTpl<double, 0>, pinocchio::JointModelRevoluteUnboundedTpl<double, 0, 0>, pinocchio::JointModelRevoluteUnboundedTpl<double, 0, 1>, pinocchio::JointModelRevoluteUnboundedTpl<double, 0, 2>, pinocchio::JointModelRevoluteUnboundedUnalignedTpl<double, 0>, pinocchio::JointModelHelicalTpl<double, 0, 0>, pinocchio::JointModelHelicalTpl<double, 0, 1>, pinocchio::JointModelHelicalTpl<double, 0, 2>, pinocchio::JointModelHelicalUnalignedTpl<double, 0>, pinocchio::JointModelUniversalTpl<double, 0>, boost::recursive_wrapper<pinocchio::JointModelCompositeTpl<double, 0, pinocchio::JointCollectionDefaultTpl> >, boost::recursive_wrapper<pinocchio::JointModelMimicTpl<double, 0, pinocchio::JointCollectionDefaultTpl> > >&&\x1b[m\x1b[K\xe2\x80\x99\n'}
[5.699935] (gim_arm_hardware) StderrLine: {'line': b' 1770 |     variant(\x1b[01;36m\x1b[Kvariant&& operand\x1b[m\x1b[K) BOOST_NOEXCEPT_IF(variant_move_noexcept_constructible::type::value)\n'}
[5.699960] (gim_arm_hardware) StderrLine: {'line': b'      |             \x1b[01;36m\x1b[K~~~~~~~~~~^~~~~~~\x1b[m\x1b[K\n'}
[5.699986] (gim_arm_hardware) StderrLine: {'line': b'\x1b[01m\x1b[K/usr/include/boost/variant/variant.hpp:1759:5:\x1b[m\x1b[K \x1b[01;36m\x1b[Knote: \x1b[m\x1b[Kcandidate: \xe2\x80\x98\x1b[01m\x1b[Kboost::variant<T0, TN>::variant(const boost::variant<T0, TN>&) [with T0_ = pinocchio::JointModelRevoluteTpl<double, 0, 0>; TN = {pinocchio::JointModelRevoluteTpl<double, 0, 1>, pinocchio::JointModelRevoluteTpl<double, 0, 2>, pinocchio::JointModelFreeFlyerTpl<double, 0>, pinocchio::JointModelPlanarTpl<double, 0>, pinocchio::JointModelRevoluteUnalignedTpl<double, 0>, pinocchio::JointModelSphericalTpl<double, 0>, pinocchio::JointModelSphericalZYXTpl<double, 0>, pinocchio::JointModelEllipsoidTpl<double, 0>, pinocchio::JointModelPrismaticTpl<double, 0, 0>, pinocchio::JointModelPrismaticTpl<double, 0, 1>, pinocchio::JointModelPrismaticTpl<double, 0, 2>, pinocchio::JointModelPrismaticUnalignedTpl<double, 0>, pinocchio::JointModelTranslationTpl<double, 0>, pinocchio::JointModelRevoluteUnboundedTpl<double, 0, 0>, pinocchio::JointModelRevoluteUnboundedTpl<double, 0, 1>, pinocchio::JointModelRevoluteUnboundedTpl<double, 0, 2>, pinocchio::JointModelRevoluteUnboundedUnalignedTpl<double, 0>, pinocchio::JointModelHelicalTpl<double, 0, 0>, pinocchio::JointModelHelicalTpl<double, 0, 1>, pinocchio::JointModelHelicalTpl<double, 0, 2>, pinocchio::JointModelHelicalUnalignedTpl<double, 0>, pinocchio::JointModelUniversalTpl<double, 0>, boost::recursive_wrapper<pinocchio::JointModelCompositeTpl<double, 0, pinocchio::JointCollectionDefaultTpl> >, boost::recursive_wrapper<pinocchio::JointModelMimicTpl<double, 0, pinocchio::JointCollectionDefaultTpl> >}]\x1b[m\x1b[K\xe2\x80\x99\n'}
[5.700016] (gim_arm_hardware) StderrLine: {'line': b' 1759 |     \x1b[01;36m\x1b[Kvariant\x1b[m\x1b[K(const variant& operand)\n'}
[5.700041] (gim_arm_hardware) StderrLine: {'line': b'      |     \x1b[01;36m\x1b[K^~~~~~~\x1b[m\x1b[K\n'}
[5.700065] (gim_arm_hardware) StderrLine: {'line': b'\x1b[01m\x1b[K/usr/include/boost/variant/variant.hpp:1759:28:\x1b[m\x1b[K \x1b[01;36m\x1b[Knote: \x1b[m\x1b[K  no known conversion for argument 1 from \xe2\x80\x98\x1b[01m\x1b[Kconst JointModelDerived\x1b[m\x1b[K\xe2\x80\x99 {aka \xe2\x80\x98\x1b[01m\x1b[Kconst pinocchio::JointModelFreeFlyerTpl<double>\x1b[m\x1b[K\xe2\x80\x99} to \xe2\x80\x98\x1b[01m\x1b[Kconst boost::variant<pinocchio::JointModelRevoluteTpl<double, 0, 0>, pinocchio::JointModelRevoluteTpl<double, 0, 1>, pinocchio::JointModelRevoluteTpl<double, 0, 2>, pinocchio::JointModelFreeFlyerTpl<double, 0>, pinocchio::JointModelPlanarTpl<double, 0>, pinocchio::JointModelRevoluteUnalignedTpl<double, 0>, pinocchio::JointModelSphericalTpl<double, 0>, pinocchio::JointModelSphericalZYXTpl<double, 0>, pinocchio::JointModelEllipsoidTpl<double, 0>, pinocchio::JointModelPrismaticTpl<double, 0, 0>, pinocchio::JointModelPrismaticTpl<double, 0, 1>, pinocchio::JointModelPrismaticTpl<double, 0, 2>, pinocchio::JointModelPrismaticUnalignedTpl<double, 0>, pinocchio::JointModelTranslationTpl<double, 0>, pinocchio::JointModelRevoluteUnboundedTpl<double, 0, 0>, pinocchio::JointModelRevoluteUnboundedTpl<double, 0, 1>, pinocchio::JointModelRevoluteUnboundedTpl<double, 0, 2>, pinocchio::JointModelRevoluteUnboundedUnalignedTpl<double, 0>, pinocchio::JointModelHelicalTpl<double, 0, 0>, pinocchio::JointModelHelicalTpl<double, 0, 1>, pinocchio::JointModelHelicalTpl<double, 0, 2>, pinocchio::JointModelHelicalUnalignedTpl<double, 0>, pinocchio::JointModelUniversalTpl<double, 0>, boost::recursive_wrapper<pinocchio::JointModelCompositeTpl<double, 0, pinocchio::JointCollectionDefaultTpl> >, boost::recursive_wrapper<pinocchio::JointModelMimicTpl<double, 0, pinocchio::JointCollectionDefaultTpl> > >&\x1b[m\x1b[K\xe2\x80\x99\n'}
[5.700111] (gim_arm_hardware) StderrLine: {'line': b' 1759 |     variant(\x1b[01;36m\x1b[Kconst variant& operand\x1b[m\x1b[K)\n'}
[5.700137] (gim_arm_hardware) StderrLine: {'line': b'      |             \x1b[01;36m\x1b[K~~~~~~~~~~~~~~~^~~~~~~\x1b[m\x1b[K\n'}
[5.700161] (gim_arm_hardware) StderrLine: {'line': b'\x1b[01m\x1b[K/usr/include/boost/variant/variant.hpp:1375:5:\x1b[m\x1b[K \x1b[01;36m\x1b[Knote: \x1b[m\x1b[Kcandidate: \xe2\x80\x98\x1b[01m\x1b[Kboost::variant<T0, TN>::variant() [with T0_ = pinocchio::JointModelRevoluteTpl<double, 0, 0>; TN = {pinocchio::JointModelRevoluteTpl<double, 0, 1>, pinocchio::JointModelRevoluteTpl<double, 0, 2>, pinocchio::JointModelFreeFlyerTpl<double, 0>, pinocchio::JointModelPlanarTpl<double, 0>, pinocchio::JointModelRevoluteUnalignedTpl<double, 0>, pinocchio::JointModelSphericalTpl<double, 0>, pinocchio::JointModelSphericalZYXTpl<double, 0>, pinocchio::JointModelEllipsoidTpl<double, 0>, pinocchio::JointModelPrismaticTpl<double, 0, 0>, pinocchio::JointModelPrismaticTpl<double, 0, 1>, pinocchio::JointModelPrismaticTpl<double, 0, 2>, pinocchio::JointModelPrismaticUnalignedTpl<double, 0>, pinocchio::JointModelTranslationTpl<double, 0>, pinocchio::JointModelRevoluteUnboundedTpl<double, 0, 0>, pinocchio::JointModelRevoluteUnboundedTpl<double, 0, 1>, pinocchio::JointModelRevoluteUnboundedTpl<double, 0, 2>, pinocchio::JointModelRevoluteUnboundedUnalignedTpl<double, 0>, pinocchio::JointModelHelicalTpl<double, 0, 0>, pinocchio::JointModelHelicalTpl<double, 0, 1>, pinocchio::JointModelHelicalTpl<double, 0, 2>, pinocchio::JointModelHelicalUnalignedTpl<double, 0>, pinocchio::JointModelUniversalTpl<double, 0>, boost::recursive_wrapper<pinocchio::JointModelCompositeTpl<double, 0, pinocchio::JointCollectionDefaultTpl> >, boost::recursive_wrapper<pinocchio::JointModelMimicTpl<double, 0, pinocchio::JointCollectionDefaultTpl> >}]\x1b[m\x1b[K\xe2\x80\x99\n'}
[5.700193] (gim_arm_hardware) StderrLine: {'line': b' 1375 |     \x1b[01;36m\x1b[Kvariant\x1b[m\x1b[K()\n'}
[5.700217] (gim_arm_hardware) StderrLine: {'line': b'      |     \x1b[01;36m\x1b[K^~~~~~~\x1b[m\x1b[K\n'}
[5.700241] (gim_arm_hardware) StderrLine: {'line': b'\x1b[01m\x1b[K/usr/include/boost/variant/variant.hpp:1375:5:\x1b[m\x1b[K \x1b[01;36m\x1b[Knote: \x1b[m\x1b[K  candidate expects 0 arguments, 1 provided\n'}
[5.717496] (-) TimerEvent: {}
[5.740871] (gim_arm_hardware) StderrLine: {'line': b'In file included from \x1b[01m\x1b[K/opt/ros/humble/include/pinocchio/multibody/joint.hpp:84\x1b[m\x1b[K,\n'}
[5.741200] (gim_arm_hardware) StderrLine: {'line': b'                 from \x1b[01m\x1b[K/opt/ros/humble/include/pinocchio/multibody.hpp:43\x1b[m\x1b[K,\n'}
[5.741299] (gim_arm_hardware) StderrLine: {'line': b'                 from \x1b[01m\x1b[K/opt/ros/humble/include/pinocchio/parsers/urdf.hpp:27\x1b[m\x1b[K,\n'}
[5.741497] (gim_arm_hardware) StderrLine: {'line': b'                 from \x1b[01m\x1b[K/home/minh/gim60108_ws/src/gim_arm_hardware/include/gim_arm_hardware/gim_arm_system.hpp:17\x1b[m\x1b[K,\n'}
[5.741707] (gim_arm_hardware) StderrLine: {'line': b'                 from \x1b[01m\x1b[K/home/minh/gim60108_ws/src/gim_arm_hardware/src/gim_arm_system.cpp:1\x1b[m\x1b[K:\n'}
[5.741798] (gim_arm_hardware) StderrLine: {'line': b'/opt/ros/humble/include/pinocchio/src/multibody/joint/joint-generic.hxx: In instantiation of \xe2\x80\x98\x1b[01m\x1b[Kpinocchio::JointModelTpl<Scalar, Options, JointCollectionTpl>::JointModelTpl(const pinocchio::JointModelBase<OtherDerived>&) [with JointModelDerived = pinocchio::JointModelPlanarTpl<double>; _Scalar = double; int _Options = 0; JointCollectionTpl = pinocchio::JointCollectionDefaultTpl]\x1b[m\x1b[K\xe2\x80\x99:\n'}
[5.741880] (gim_arm_hardware) StderrLine: {'line': b'\x1b[01m\x1b[K/opt/ros/humble/include/pinocchio/src/parsers/urdf/model.hxx:269:38:\x1b[m\x1b[K   required from here\n'}
[5.741946] (gim_arm_hardware) StderrLine: {'line': b'\x1b[01m\x1b[K/opt/ros/humble/include/pinocchio/src/multibody/joint/joint-generic.hxx:306:25:\x1b[m\x1b[K \x1b[01;31m\x1b[Kerror: \x1b[m\x1b[Kno matching function for call to \xe2\x80\x98\x1b[01m\x1b[Kboost::variant<pinocchio::JointModelRevoluteTpl<double, 0, 0>, pinocchio::JointModelRevoluteTpl<double, 0, 1>, pinocchio::JointModelRevoluteTpl<double, 0, 2>, pinocchio::JointModelFreeFlyerTpl<double, 0>, pinocchio::JointModelPlanarTpl<double, 0>, pinocchio::JointModelRevoluteUnalignedTpl<double, 0>, pinocchio::JointModelSphericalTpl<double, 0>, pinocchio::JointModelSphericalZYXTpl<double, 0>, pinocchio::JointModelEllipsoidTpl<double, 0>, pinocchio::JointModelPrismaticTpl<double, 0, 0>, pinocchio::JointModelPrismaticTpl<double, 0, 1>, pinocchio::JointModelPrismaticTpl<double, 0, 2>, pinocchio::JointModelPrismaticUnalignedTpl<double, 0>, pinocchio::JointModelTranslationTpl<double, 0>, pinocchio::JointModelRevoluteUnboundedTpl<double, 0, 0>, pinocchio::JointModelRevoluteUnboundedTpl<double, 0, 1>, pinocchio::JointModelRevoluteUnboundedTpl<double, 0, 2>, pinocchio::JointModelRevoluteUnboundedUnalignedTpl<double, 0>, pinocchio::JointModelHelicalTpl<double, 0, 0>, pinocchio::JointModelHelicalTpl<double, 0, 1>, pinocchio::JointModelHelicalTpl<double, 0, 2>, pinocchio::JointModelHelicalUnalignedTpl<double, 0>, pinocchio::JointModelUniversalTpl<double, 0>, boost::recursive_wrapper<pinocchio::JointModelCompositeTpl<double, 0, pinocchio::JointCollectionDefaultTpl> >, boost::recursive_wrapper<pinocchio::JointModelMimicTpl<double, 0, pinocchio::JointCollectionDefaultTpl> > >::variant(const JointModelDerived&)\x1b[m\x1b[K\xe2\x80\x99\n'}
[5.742062] (gim_arm_hardware) StderrLine: {'line': b'  306 |     : JointModelVariant(\x1b[01;31m\x1b[K(JointModelVariant)jmodel.derived()\x1b[m\x1b[K)\n'}
[5.742140] (gim_arm_hardware) StderrLine: {'line': b'      |                         \x1b[01;31m\x1b[K^~~~~~~~~~~~~~~~~~~~~~~~~~~~~~~~~~~\x1b[m\x1b[K\n'}
[5.742209] (gim_arm_hardware) StderrLine: {'line': b'In file included from \x1b[01m\x1b[K/usr/include/boost/variant.hpp:17\x1b[m\x1b[K,\n'}
[5.742274] (gim_arm_hardware) StderrLine: {'line': b'                 from \x1b[01m\x1b[K/opt/ros/humble/include/pinocchio/multibody.hpp:21\x1b[m\x1b[K,\n'}
[5.742337] (gim_arm_hardware) StderrLine: {'line': b'                 from \x1b[01m\x1b[K/opt/ros/humble/include/pinocchio/parsers/urdf.hpp:27\x1b[m\x1b[K,\n'}
[5.742406] (gim_arm_hardware) StderrLine: {'line': b'                 from \x1b[01m\x1b[K/home/minh/gim60108_ws/src/gim_arm_hardware/include/gim_arm_hardware/gim_arm_system.hpp:17\x1b[m\x1b[K,\n'}
[5.742481] (gim_arm_hardware) StderrLine: {'line': b'                 from \x1b[01m\x1b[K/home/minh/gim60108_ws/src/gim_arm_hardware/src/gim_arm_system.cpp:1\x1b[m\x1b[K:\n'}
[5.742550] (gim_arm_hardware) StderrLine: {'line': b'\x1b[01m\x1b[K/usr/include/boost/variant/variant.hpp:1770:5:\x1b[m\x1b[K \x1b[01;36m\x1b[Knote: \x1b[m\x1b[Kcandidate: \xe2\x80\x98\x1b[01m\x1b[Kboost::variant<T0, TN>::variant(boost::variant<T0, TN>&&) [with T0_ = pinocchio::JointModelRevoluteTpl<double, 0, 0>; TN = {pinocchio::JointModelRevoluteTpl<double, 0, 1>, pinocchio::JointModelRevoluteTpl<double, 0, 2>, pinocchio::JointModelFreeFlyerTpl<double, 0>, pinocchio::JointModelPlanarTpl<double, 0>, pinocchio::JointModelRevoluteUnalignedTpl<double, 0>, pinocchio::JointModelSphericalTpl<double, 0>, pinocchio::JointModelSphericalZYXTpl<double, 0>, pinocchio::JointModelEllipsoidTpl<double, 0>, pinocchio::JointModelPrismaticTpl<double, 0, 0>, pinocchio::JointModelPrismaticTpl<double, 0, 1>, pinocchio::JointModelPrismaticTpl<double, 0, 2>, pinocchio::JointModelPrismaticUnalignedTpl<double, 0>, pinocchio::JointModelTranslationTpl<double, 0>, pinocchio::JointModelRevoluteUnboundedTpl<double, 0, 0>, pinocchio::JointModelRevoluteUnboundedTpl<double, 0, 1>, pinocchio::JointModelRevoluteUnboundedTpl<double, 0, 2>, pinocchio::JointModelRevoluteUnboundedUnalignedTpl<double, 0>, pinocchio::JointModelHelicalTpl<double, 0, 0>, pinocchio::JointModelHelicalTpl<double, 0, 1>, pinocchio::JointModelHelicalTpl<double, 0, 2>, pinocchio::JointModelHelicalUnalignedTpl<double, 0>, pinocchio::JointModelUniversalTpl<double, 0>, boost::recursive_wrapper<pinocchio::JointModelCompositeTpl<double, 0, pinocchio::JointCollectionDefaultTpl> >, boost::recursive_wrapper<pinocchio::JointModelMimicTpl<double, 0, pinocchio::JointCollectionDefaultTpl> >}]\x1b[m\x1b[K\xe2\x80\x99\n'}
[5.742638] (gim_arm_hardware) StderrLine: {'line': b' 1770 |     \x1b[01;36m\x1b[Kvariant\x1b[m\x1b[K(variant&& operand) BOOST_NOEXCEPT_IF(variant_move_noexcept_constructible::type::value)\n'}
[5.742700] (gim_arm_hardware) StderrLine: {'line': b'      |     \x1b[01;36m\x1b[K^~~~~~~\x1b[m\x1b[K\n'}
[5.742762] (gim_arm_hardware) StderrLine: {'line': b'\x1b[01m\x1b[K/usr/include/boost/variant/variant.hpp:1770:23:\x1b[m\x1b[K \x1b[01;36m\x1b[Knote: \x1b[m\x1b[K  no known conversion for argument 1 from \xe2\x80\x98\x1b[01m\x1b[Kconst JointModelDerived\x1b[m\x1b[K\xe2\x80\x99 {aka \xe2\x80\x98\x1b[01m\x1b[Kconst pinocchio::JointModelPlanarTpl<double>\x1b[m\x1b[K\xe2\x80\x99} to \xe2\x80\x98\x1b[01m\x1b[Kboost::variant<pinocchio::JointModelRevoluteTpl<double, 0, 0>, pinocchio::JointModelRevoluteTpl<double, 0, 1>, pinocchio::JointModelRevoluteTpl<double, 0, 2>, pinocchio::JointModelFreeFlyerTpl<double, 0>, pinocchio::JointModelPlanarTpl<double, 0>, pinocchio::JointModelRevoluteUnalignedTpl<double, 0>, pinocchio::JointModelSphericalTpl<double, 0>, pinocchio::JointModelSphericalZYXTpl<double, 0>, pinocchio::JointModelEllipsoidTpl<double, 0>, pinocchio::JointModelPrismaticTpl<double, 0, 0>, pinocchio::JointModelPrismaticTpl<double, 0, 1>, pinocchio::JointModelPrismaticTpl<double, 0, 2>, pinocchio::JointModelPrismaticUnalignedTpl<double, 0>, pinocchio::JointModelTranslationTpl<double, 0>, pinocchio::JointModelRevoluteUnboundedTpl<double, 0, 0>, pinocchio::JointModelRevoluteUnboundedTpl<double, 0, 1>, pinocchio::JointModelRevoluteUnboundedTpl<double, 0, 2>, pinocchio::JointModelRevoluteUnboundedUnalignedTpl<double, 0>, pinocchio::JointModelHelicalTpl<double, 0, 0>, pinocchio::JointModelHelicalTpl<double, 0, 1>, pinocchio::JointModelHelicalTpl<double, 0, 2>, pinocchio::JointModelHelicalUnalignedTpl<double, 0>, pinocchio::JointModelUniversalTpl<double, 0>, boost::recursive_wrapper<pinocchio::JointModelCompositeTpl<double, 0, pinocchio::JointCollectionDefaultTpl> >, boost::recursive_wrapper<pinocchio::JointModelMimicTpl<double, 0, pinocchio::JointCollectionDefaultTpl> > >&&\x1b[m\x1b[K\xe2\x80\x99\n'}
[5.742852] (gim_arm_hardware) StderrLine: {'line': b' 1770 |     variant(\x1b[01;36m\x1b[Kvariant&& operand\x1b[m\x1b[K) BOOST_NOEXCEPT_IF(variant_move_noexcept_constructible::type::value)\n'}
[5.742913] (gim_arm_hardware) StderrLine: {'line': b'      |             \x1b[01;36m\x1b[K~~~~~~~~~~^~~~~~~\x1b[m\x1b[K\n'}
[5.742951] (gim_arm_hardware) StderrLine: {'line': b'\x1b[01m\x1b[K/usr/include/boost/variant/variant.hpp:1759:5:\x1b[m\x1b[K \x1b[01;36m\x1b[Knote: \x1b[m\x1b[Kcandidate: \xe2\x80\x98\x1b[01m\x1b[Kboost::variant<T0, TN>::variant(const boost::variant<T0, TN>&) [with T0_ = pinocchio::JointModelRevoluteTpl<double, 0, 0>; TN = {pinocchio::JointModelRevoluteTpl<double, 0, 1>, pinocchio::JointModelRevoluteTpl<double, 0, 2>, pinocchio::JointModelFreeFlyerTpl<double, 0>, pinocchio::JointModelPlanarTpl<double, 0>, pinocchio::JointModelRevoluteUnalignedTpl<double, 0>, pinocchio::JointModelSphericalTpl<double, 0>, pinocchio::JointModelSphericalZYXTpl<double, 0>, pinocchio::JointModelEllipsoidTpl<double, 0>, pinocchio::JointModelPrismaticTpl<double, 0, 0>, pinocchio::JointModelPrismaticTpl<double, 0, 1>, pinocchio::JointModelPrismaticTpl<double, 0, 2>, pinocchio::JointModelPrismaticUnalignedTpl<double, 0>, pinocchio::JointModelTranslationTpl<double, 0>, pinocchio::JointModelRevoluteUnboundedTpl<double, 0, 0>, pinocchio::JointModelRevoluteUnboundedTpl<double, 0, 1>, pinocchio::JointModelRevoluteUnboundedTpl<double, 0, 2>, pinocchio::JointModelRevoluteUnboundedUnalignedTpl<double, 0>, pinocchio::JointModelHelicalTpl<double, 0, 0>, pinocchio::JointModelHelicalTpl<double, 0, 1>, pinocchio::JointModelHelicalTpl<double, 0, 2>, pinocchio::JointModelHelicalUnalignedTpl<double, 0>, pinocchio::JointModelUniversalTpl<double, 0>, boost::recursive_wrapper<pinocchio::JointModelCompositeTpl<double, 0, pinocchio::JointCollectionDefaultTpl> >, boost::recursive_wrapper<pinocchio::JointModelMimicTpl<double, 0, pinocchio::JointCollectionDefaultTpl> >}]\x1b[m\x1b[K\xe2\x80\x99\n'}
[5.742987] (gim_arm_hardware) StderrLine: {'line': b' 1759 |     \x1b[01;36m\x1b[Kvariant\x1b[m\x1b[K(const variant& operand)\n'}
[5.743013] (gim_arm_hardware) StderrLine: {'line': b'      |     \x1b[01;36m\x1b[K^~~~~~~\x1b[m\x1b[K\n'}
[5.743040] (gim_arm_hardware) StderrLine: {'line': b'\x1b[01m\x1b[K/usr/include/boost/variant/variant.hpp:1759:28:\x1b[m\x1b[K \x1b[01;36m\x1b[Knote: \x1b[m\x1b[K  no known conversion for argument 1 from \xe2\x80\x98\x1b[01m\x1b[Kconst JointModelDerived\x1b[m\x1b[K\xe2\x80\x99 {aka \xe2\x80\x98\x1b[01m\x1b[Kconst pinocchio::JointModelPlanarTpl<double>\x1b[m\x1b[K\xe2\x80\x99} to \xe2\x80\x98\x1b[01m\x1b[Kconst boost::variant<pinocchio::JointModelRevoluteTpl<double, 0, 0>, pinocchio::JointModelRevoluteTpl<double, 0, 1>, pinocchio::JointModelRevoluteTpl<double, 0, 2>, pinocchio::JointModelFreeFlyerTpl<double, 0>, pinocchio::JointModelPlanarTpl<double, 0>, pinocchio::JointModelRevoluteUnalignedTpl<double, 0>, pinocchio::JointModelSphericalTpl<double, 0>, pinocchio::JointModelSphericalZYXTpl<double, 0>, pinocchio::JointModelEllipsoidTpl<double, 0>, pinocchio::JointModelPrismaticTpl<double, 0, 0>, pinocchio::JointModelPrismaticTpl<double, 0, 1>, pinocchio::JointModelPrismaticTpl<double, 0, 2>, pinocchio::JointModelPrismaticUnalignedTpl<double, 0>, pinocchio::JointModelTranslationTpl<double, 0>, pinocchio::JointModelRevoluteUnboundedTpl<double, 0, 0>, pinocchio::JointModelRevoluteUnboundedTpl<double, 0, 1>, pinocchio::JointModelRevoluteUnboundedTpl<double, 0, 2>, pinocchio::JointModelRevoluteUnboundedUnalignedTpl<double, 0>, pinocchio::JointModelHelicalTpl<double, 0, 0>, pinocchio::JointModelHelicalTpl<double, 0, 1>, pinocchio::JointModelHelicalTpl<double, 0, 2>, pinocchio::JointModelHelicalUnalignedTpl<double, 0>, pinocchio::JointModelUniversalTpl<double, 0>, boost::recursive_wrapper<pinocchio::JointModelCompositeTpl<double, 0, pinocchio::JointCollectionDefaultTpl> >, boost::recursive_wrapper<pinocchio::JointModelMimicTpl<double, 0, pinocchio::JointCollectionDefaultTpl> > >&\x1b[m\x1b[K\xe2\x80\x99\n'}
[5.743074] (gim_arm_hardware) StderrLine: {'line': b' 1759 |     variant(\x1b[01;36m\x1b[Kconst variant& operand\x1b[m\x1b[K)\n'}
[5.743098] (gim_arm_hardware) StderrLine: {'line': b'      |             \x1b[01;36m\x1b[K~~~~~~~~~~~~~~~^~~~~~~\x1b[m\x1b[K\n'}
[5.743122] (gim_arm_hardware) StderrLine: {'line': b'\x1b[01m\x1b[K/usr/include/boost/variant/variant.hpp:1375:5:\x1b[m\x1b[K \x1b[01;36m\x1b[Knote: \x1b[m\x1b[Kcandidate: \xe2\x80\x98\x1b[01m\x1b[Kboost::variant<T0, TN>::variant() [with T0_ = pinocchio::JointModelRevoluteTpl<double, 0, 0>; TN = {pinocchio::JointModelRevoluteTpl<double, 0, 1>, pinocchio::JointModelRevoluteTpl<double, 0, 2>, pinocchio::JointModelFreeFlyerTpl<double, 0>, pinocchio::JointModelPlanarTpl<double, 0>, pinocchio::JointModelRevoluteUnalignedTpl<double, 0>, pinocchio::JointModelSphericalTpl<double, 0>, pinocchio::JointModelSphericalZYXTpl<double, 0>, pinocchio::JointModelEllipsoidTpl<double, 0>, pinocchio::JointModelPrismaticTpl<double, 0, 0>, pinocchio::JointModelPrismaticTpl<double, 0, 1>, pinocchio::JointModelPrismaticTpl<double, 0, 2>, pinocchio::JointModelPrismaticUnalignedTpl<double, 0>, pinocchio::JointModelTranslationTpl<double, 0>, pinocchio::JointModelRevoluteUnboundedTpl<double, 0, 0>, pinocchio::JointModelRevoluteUnboundedTpl<double, 0, 1>, pinocchio::JointModelRevoluteUnboundedTpl<double, 0, 2>, pinocchio::JointModelRevoluteUnboundedUnalignedTpl<double, 0>, pinocchio::JointModelHelicalTpl<double, 0, 0>, pinocchio::JointModelHelicalTpl<double, 0, 1>, pinocchio::JointModelHelicalTpl<double, 0, 2>, pinocchio::JointModelHelicalUnalignedTpl<double, 0>, pinocchio::JointModelUniversalTpl<double, 0>, boost::recursive_wrapper<pinocchio::JointModelCompositeTpl<double, 0, pinocchio::JointCollectionDefaultTpl> >, boost::recursive_wrapper<pinocchio::JointModelMimicTpl<double, 0, pinocchio::JointCollectionDefaultTpl> >}]\x1b[m\x1b[K\xe2\x80\x99\n'}
[5.743157] (gim_arm_hardware) StderrLine: {'line': b' 1375 |     \x1b[01;36m\x1b[Kvariant\x1b[m\x1b[K()\n'}
[5.743181] (gim_arm_hardware) StderrLine: {'line': b'      |     \x1b[01;36m\x1b[K^~~~~~~\x1b[m\x1b[K\n'}
[5.743205] (gim_arm_hardware) StderrLine: {'line': b'\x1b[01m\x1b[K/usr/include/boost/variant/variant.hpp:1375:5:\x1b[m\x1b[K \x1b[01;36m\x1b[Knote: \x1b[m\x1b[K  candidate expects 0 arguments, 1 provided\n'}
[5.743230] (gim_arm_hardware) StderrLine: {'line': b'In file included from \x1b[01m\x1b[K/opt/ros/humble/include/pinocchio/multibody/joint.hpp:84\x1b[m\x1b[K,\n'}
[5.743254] (gim_arm_hardware) StderrLine: {'line': b'                 from \x1b[01m\x1b[K/opt/ros/humble/include/pinocchio/multibody.hpp:43\x1b[m\x1b[K,\n'}
[5.743277] (gim_arm_hardware) StderrLine: {'line': b'                 from \x1b[01m\x1b[K/opt/ros/humble/include/pinocchio/parsers/urdf.hpp:27\x1b[m\x1b[K,\n'}
[5.743301] (gim_arm_hardware) StderrLine: {'line': b'                 from \x1b[01m\x1b[K/home/minh/gim60108_ws/src/gim_arm_hardware/include/gim_arm_hardware/gim_arm_system.hpp:17\x1b[m\x1b[K,\n'}
[5.743325] (gim_arm_hardware) StderrLine: {'line': b'                 from \x1b[01m\x1b[K/home/minh/gim60108_ws/src/gim_arm_hardware/src/gim_arm_system.cpp:1\x1b[m\x1b[K:\n'}
[5.743348] (gim_arm_hardware) StderrLine: {'line': b'/opt/ros/humble/include/pinocchio/src/multibody/joint/joint-generic.hxx: In instantiation of \xe2\x80\x98\x1b[01m\x1b[Kpinocchio::JointModelTpl<Scalar, Options, JointCollectionTpl>::JointModelTpl(const pinocchio::JointModelBase<OtherDerived>&) [with JointModelDerived = pinocchio::JointModelSphericalTpl<double>; _Scalar = double; int _Options = 0; JointCollectionTpl = pinocchio::JointCollectionDefaultTpl]\x1b[m\x1b[K\xe2\x80\x99:\n'}
[5.743373] (gim_arm_hardware) StderrLine: {'line': b'\x1b[01m\x1b[K/opt/ros/humble/include/pinocchio/src/parsers/urdf/model.hxx:276:38:\x1b[m\x1b[K   required from here\n'}
[5.743397] (gim_arm_hardware) StderrLine: {'line': b'\x1b[01m\x1b[K/opt/ros/humble/include/pinocchio/src/multibody/joint/joint-generic.hxx:306:25:\x1b[m\x1b[K \x1b[01;31m\x1b[Kerror: \x1b[m\x1b[Kno matching function for call to \xe2\x80\x98\x1b[01m\x1b[Kboost::variant<pinocchio::JointModelRevoluteTpl<double, 0, 0>, pinocchio::JointModelRevoluteTpl<double, 0, 1>, pinocchio::JointModelRevoluteTpl<double, 0, 2>, pinocchio::JointModelFreeFlyerTpl<double, 0>, pinocchio::JointModelPlanarTpl<double, 0>, pinocchio::JointModelRevoluteUnalignedTpl<double, 0>, pinocchio::JointModelSphericalTpl<double, 0>, pinocchio::JointModelSphericalZYXTpl<double, 0>, pinocchio::JointModelEllipsoidTpl<double, 0>, pinocchio::JointModelPrismaticTpl<double, 0, 0>, pinocchio::JointModelPrismaticTpl<double, 0, 1>, pinocchio::JointModelPrismaticTpl<double, 0, 2>, pinocchio::JointModelPrismaticUnalignedTpl<double, 0>, pinocchio::JointModelTranslationTpl<double, 0>, pinocchio::JointModelRevoluteUnboundedTpl<double, 0, 0>, pinocchio::JointModelRevoluteUnboundedTpl<double, 0, 1>, pinocchio::JointModelRevoluteUnboundedTpl<double, 0, 2>, pinocchio::JointModelRevoluteUnboundedUnalignedTpl<double, 0>, pinocchio::JointModelHelicalTpl<double, 0, 0>, pinocchio::JointModelHelicalTpl<double, 0, 1>, pinocchio::JointModelHelicalTpl<double, 0, 2>, pinocchio::JointModelHelicalUnalignedTpl<double, 0>, pinocchio::JointModelUniversalTpl<double, 0>, boost::recursive_wrapper<pinocchio::JointModelCompositeTpl<double, 0, pinocchio::JointCollectionDefaultTpl> >, boost::recursive_wrapper<pinocchio::JointModelMimicTpl<double, 0, pinocchio::JointCollectionDefaultTpl> > >::variant(const JointModelDerived&)\x1b[m\x1b[K\xe2\x80\x99\n'}
[5.743438] (gim_arm_hardware) StderrLine: {'line': b'  306 |     : JointModelVariant(\x1b[01;31m\x1b[K(JointModelVariant)jmodel.derived()\x1b[m\x1b[K)\n'}
[5.743469] (gim_arm_hardware) StderrLine: {'line': b'      |                         \x1b[01;31m\x1b[K^~~~~~~~~~~~~~~~~~~~~~~~~~~~~~~~~~~\x1b[m\x1b[K\n'}
[5.743496] (gim_arm_hardware) StderrLine: {'line': b'In file included from \x1b[01m\x1b[K/usr/include/boost/variant.hpp:17\x1b[m\x1b[K,\n'}
[5.743521] (gim_arm_hardware) StderrLine: {'line': b'                 from \x1b[01m\x1b[K/opt/ros/humble/include/pinocchio/multibody.hpp:21\x1b[m\x1b[K,\n'}
[5.743545] (gim_arm_hardware) StderrLine: {'line': b'                 from \x1b[01m\x1b[K/opt/ros/humble/include/pinocchio/parsers/urdf.hpp:27\x1b[m\x1b[K,\n'}
[5.743569] (gim_arm_hardware) StderrLine: {'line': b'                 from \x1b[01m\x1b[K/home/minh/gim60108_ws/src/gim_arm_hardware/include/gim_arm_hardware/gim_arm_system.hpp:17\x1b[m\x1b[K,\n'}
[5.743592] (gim_arm_hardware) StderrLine: {'line': b'                 from \x1b[01m\x1b[K/home/minh/gim60108_ws/src/gim_arm_hardware/src/gim_arm_system.cpp:1\x1b[m\x1b[K:\n'}
[5.743616] (gim_arm_hardware) StderrLine: {'line': b'\x1b[01m\x1b[K/usr/include/boost/variant/variant.hpp:1770:5:\x1b[m\x1b[K \x1b[01;36m\x1b[Knote: \x1b[m\x1b[Kcandidate: \xe2\x80\x98\x1b[01m\x1b[Kboost::variant<T0, TN>::variant(boost::variant<T0, TN>&&) [with T0_ = pinocchio::JointModelRevoluteTpl<double, 0, 0>; TN = {pinocchio::JointModelRevoluteTpl<double, 0, 1>, pinocchio::JointModelRevoluteTpl<double, 0, 2>, pinocchio::JointModelFreeFlyerTpl<double, 0>, pinocchio::JointModelPlanarTpl<double, 0>, pinocchio::JointModelRevoluteUnalignedTpl<double, 0>, pinocchio::JointModelSphericalTpl<double, 0>, pinocchio::JointModelSphericalZYXTpl<double, 0>, pinocchio::JointModelEllipsoidTpl<double, 0>, pinocchio::JointModelPrismaticTpl<double, 0, 0>, pinocchio::JointModelPrismaticTpl<double, 0, 1>, pinocchio::JointModelPrismaticTpl<double, 0, 2>, pinocchio::JointModelPrismaticUnalignedTpl<double, 0>, pinocchio::JointModelTranslationTpl<double, 0>, pinocchio::JointModelRevoluteUnboundedTpl<double, 0, 0>, pinocchio::JointModelRevoluteUnboundedTpl<double, 0, 1>, pinocchio::JointModelRevoluteUnboundedTpl<double, 0, 2>, pinocchio::JointModelRevoluteUnboundedUnalignedTpl<double, 0>, pinocchio::JointModelHelicalTpl<double, 0, 0>, pinocchio::JointModelHelicalTpl<double, 0, 1>, pinocchio::JointModelHelicalTpl<double, 0, 2>, pinocchio::JointModelHelicalUnalignedTpl<double, 0>, pinocchio::JointModelUniversalTpl<double, 0>, boost::recursive_wrapper<pinocchio::JointModelCompositeTpl<double, 0, pinocchio::JointCollectionDefaultTpl> >, boost::recursive_wrapper<pinocchio::JointModelMimicTpl<double, 0, pinocchio::JointCollectionDefaultTpl> >}]\x1b[m\x1b[K\xe2\x80\x99\n'}
[5.743650] (gim_arm_hardware) StderrLine: {'line': b' 1770 |     \x1b[01;36m\x1b[Kvariant\x1b[m\x1b[K(variant&& operand) BOOST_NOEXCEPT_IF(variant_move_noexcept_constructible::type::value)\n'}
[5.743675] (gim_arm_hardware) StderrLine: {'line': b'      |     \x1b[01;36m\x1b[K^~~~~~~\x1b[m\x1b[K\n'}
[5.743699] (gim_arm_hardware) StderrLine: {'line': b'\x1b[01m\x1b[K/usr/include/boost/variant/variant.hpp:1770:23:\x1b[m\x1b[K \x1b[01;36m\x1b[Knote: \x1b[m\x1b[K  no known conversion for argument 1 from \xe2\x80\x98\x1b[01m\x1b[Kconst JointModelDerived\x1b[m\x1b[K\xe2\x80\x99 {aka \xe2\x80\x98\x1b[01m\x1b[Kconst pinocchio::JointModelSphericalTpl<double>\x1b[m\x1b[K\xe2\x80\x99} to \xe2\x80\x98\x1b[01m\x1b[Kboost::variant<pinocchio::JointModelRevoluteTpl<double, 0, 0>, pinocchio::JointModelRevoluteTpl<double, 0, 1>, pinocchio::JointModelRevoluteTpl<double, 0, 2>, pinocchio::JointModelFreeFlyerTpl<double, 0>, pinocchio::JointModelPlanarTpl<double, 0>, pinocchio::JointModelRevoluteUnalignedTpl<double, 0>, pinocchio::JointModelSphericalTpl<double, 0>, pinocchio::JointModelSphericalZYXTpl<double, 0>, pinocchio::JointModelEllipsoidTpl<double, 0>, pinocchio::JointModelPrismaticTpl<double, 0, 0>, pinocchio::JointModelPrismaticTpl<double, 0, 1>, pinocchio::JointModelPrismaticTpl<double, 0, 2>, pinocchio::JointModelPrismaticUnalignedTpl<double, 0>, pinocchio::JointModelTranslationTpl<double, 0>, pinocchio::JointModelRevoluteUnboundedTpl<double, 0, 0>, pinocchio::JointModelRevoluteUnboundedTpl<double, 0, 1>, pinocchio::JointModelRevoluteUnboundedTpl<double, 0, 2>, pinocchio::JointModelRevoluteUnboundedUnalignedTpl<double, 0>, pinocchio::JointModelHelicalTpl<double, 0, 0>, pinocchio::JointModelHelicalTpl<double, 0, 1>, pinocchio::JointModelHelicalTpl<double, 0, 2>, pinocchio::JointModelHelicalUnalignedTpl<double, 0>, pinocchio::JointModelUniversalTpl<double, 0>, boost::recursive_wrapper<pinocchio::JointModelCompositeTpl<double, 0, pinocchio::JointCollectionDefaultTpl> >, boost::recursive_wrapper<pinocchio::JointModelMimicTpl<double, 0, pinocchio::JointCollectionDefaultTpl> > >&&\x1b[m\x1b[K\xe2\x80\x99\n'}
[5.743737] (gim_arm_hardware) StderrLine: {'line': b' 1770 |     variant(\x1b[01;36m\x1b[Kvariant&& operand\x1b[m\x1b[K) BOOST_NOEXCEPT_IF(variant_move_noexcept_constructible::type::value)\n'}
[5.743761] (gim_arm_hardware) StderrLine: {'line': b'      |             \x1b[01;36m\x1b[K~~~~~~~~~~^~~~~~~\x1b[m\x1b[K\n'}
[5.743784] (gim_arm_hardware) StderrLine: {'line': b'\x1b[01m\x1b[K/usr/include/boost/variant/variant.hpp:1759:5:\x1b[m\x1b[K \x1b[01;36m\x1b[Knote: \x1b[m\x1b[Kcandidate: \xe2\x80\x98\x1b[01m\x1b[Kboost::variant<T0, TN>::variant(const boost::variant<T0, TN>&) [with T0_ = pinocchio::JointModelRevoluteTpl<double, 0, 0>; TN = {pinocchio::JointModelRevoluteTpl<double, 0, 1>, pinocchio::JointModelRevoluteTpl<double, 0, 2>, pinocchio::JointModelFreeFlyerTpl<double, 0>, pinocchio::JointModelPlanarTpl<double, 0>, pinocchio::JointModelRevoluteUnalignedTpl<double, 0>, pinocchio::JointModelSphericalTpl<double, 0>, pinocchio::JointModelSphericalZYXTpl<double, 0>, pinocchio::JointModelEllipsoidTpl<double, 0>, pinocchio::JointModelPrismaticTpl<double, 0, 0>, pinocchio::JointModelPrismaticTpl<double, 0, 1>, pinocchio::JointModelPrismaticTpl<double, 0, 2>, pinocchio::JointModelPrismaticUnalignedTpl<double, 0>, pinocchio::JointModelTranslationTpl<double, 0>, pinocchio::JointModelRevoluteUnboundedTpl<double, 0, 0>, pinocchio::JointModelRevoluteUnboundedTpl<double, 0, 1>, pinocchio::JointModelRevoluteUnboundedTpl<double, 0, 2>, pinocchio::JointModelRevoluteUnboundedUnalignedTpl<double, 0>, pinocchio::JointModelHelicalTpl<double, 0, 0>, pinocchio::JointModelHelicalTpl<double, 0, 1>, pinocchio::JointModelHelicalTpl<double, 0, 2>, pinocchio::JointModelHelicalUnalignedTpl<double, 0>, pinocchio::JointModelUniversalTpl<double, 0>, boost::recursive_wrapper<pinocchio::JointModelCompositeTpl<double, 0, pinocchio::JointCollectionDefaultTpl> >, boost::recursive_wrapper<pinocchio::JointModelMimicTpl<double, 0, pinocchio::JointCollectionDefaultTpl> >}]\x1b[m\x1b[K\xe2\x80\x99\n'}
[5.743815] (gim_arm_hardware) StderrLine: {'line': b' 1759 |     \x1b[01;36m\x1b[Kvariant\x1b[m\x1b[K(const variant& operand)\n'}
[5.743839] (gim_arm_hardware) StderrLine: {'line': b'      |     \x1b[01;36m\x1b[K^~~~~~~\x1b[m\x1b[K\n'}
[5.743862] (gim_arm_hardware) StderrLine: {'line': b'\x1b[01m\x1b[K/usr/include/boost/variant/variant.hpp:1759:28:\x1b[m\x1b[K \x1b[01;36m\x1b[Knote: \x1b[m\x1b[K  no known conversion for argument 1 from \xe2\x80\x98\x1b[01m\x1b[Kconst JointModelDerived\x1b[m\x1b[K\xe2\x80\x99 {aka \xe2\x80\x98\x1b[01m\x1b[Kconst pinocchio::JointModelSphericalTpl<double>\x1b[m\x1b[K\xe2\x80\x99} to \xe2\x80\x98\x1b[01m\x1b[Kconst boost::variant<pinocchio::JointModelRevoluteTpl<double, 0, 0>, pinocchio::JointModelRevoluteTpl<double, 0, 1>, pinocchio::JointModelRevoluteTpl<double, 0, 2>, pinocchio::JointModelFreeFlyerTpl<double, 0>, pinocchio::JointModelPlanarTpl<double, 0>, pinocchio::JointModelRevoluteUnalignedTpl<double, 0>, pinocchio::JointModelSphericalTpl<double, 0>, pinocchio::JointModelSphericalZYXTpl<double, 0>, pinocchio::JointModelEllipsoidTpl<double, 0>, pinocchio::JointModelPrismaticTpl<double, 0, 0>, pinocchio::JointModelPrismaticTpl<double, 0, 1>, pinocchio::JointModelPrismaticTpl<double, 0, 2>, pinocchio::JointModelPrismaticUnalignedTpl<double, 0>, pinocchio::JointModelTranslationTpl<double, 0>, pinocchio::JointModelRevoluteUnboundedTpl<double, 0, 0>, pinocchio::JointModelRevoluteUnboundedTpl<double, 0, 1>, pinocchio::JointModelRevoluteUnboundedTpl<double, 0, 2>, pinocchio::JointModelRevoluteUnboundedUnalignedTpl<double, 0>, pinocchio::JointModelHelicalTpl<double, 0, 0>, pinocchio::JointModelHelicalTpl<double, 0, 1>, pinocchio::JointModelHelicalTpl<double, 0, 2>, pinocchio::JointModelHelicalUnalignedTpl<double, 0>, pinocchio::JointModelUniversalTpl<double, 0>, boost::recursive_wrapper<pinocchio::JointModelCompositeTpl<double, 0, pinocchio::JointCollectionDefaultTpl> >, boost::recursive_wrapper<pinocchio::JointModelMimicTpl<double, 0, pinocchio::JointCollectionDefaultTpl> > >&\x1b[m\x1b[K\xe2\x80\x99\n'}
[5.743898] (gim_arm_hardware) StderrLine: {'line': b' 1759 |     variant(\x1b[01;36m\x1b[Kconst variant& operand\x1b[m\x1b[K)\n'}
[5.743922] (gim_arm_hardware) StderrLine: {'line': b'      |             \x1b[01;36m\x1b[K~~~~~~~~~~~~~~~^~~~~~~\x1b[m\x1b[K\n'}
[5.743946] (gim_arm_hardware) StderrLine: {'line': b'\x1b[01m\x1b[K/usr/include/boost/variant/variant.hpp:1375:5:\x1b[m\x1b[K \x1b[01;36m\x1b[Knote: \x1b[m\x1b[Kcandidate: \xe2\x80\x98\x1b[01m\x1b[Kboost::variant<T0, TN>::variant() [with T0_ = pinocchio::JointModelRevoluteTpl<double, 0, 0>; TN = {pinocchio::JointModelRevoluteTpl<double, 0, 1>, pinocchio::JointModelRevoluteTpl<double, 0, 2>, pinocchio::JointModelFreeFlyerTpl<double, 0>, pinocchio::JointModelPlanarTpl<double, 0>, pinocchio::JointModelRevoluteUnalignedTpl<double, 0>, pinocchio::JointModelSphericalTpl<double, 0>, pinocchio::JointModelSphericalZYXTpl<double, 0>, pinocchio::JointModelEllipsoidTpl<double, 0>, pinocchio::JointModelPrismaticTpl<double, 0, 0>, pinocchio::JointModelPrismaticTpl<double, 0, 1>, pinocchio::JointModelPrismaticTpl<double, 0, 2>, pinocchio::JointModelPrismaticUnalignedTpl<double, 0>, pinocchio::JointModelTranslationTpl<double, 0>, pinocchio::JointModelRevoluteUnboundedTpl<double, 0, 0>, pinocchio::JointModelRevoluteUnboundedTpl<double, 0, 1>, pinocchio::JointModelRevoluteUnboundedTpl<double, 0, 2>, pinocchio::JointModelRevoluteUnboundedUnalignedTpl<double, 0>, pinocchio::JointModelHelicalTpl<double, 0, 0>, pinocchio::JointModelHelicalTpl<double, 0, 1>, pinocchio::JointModelHelicalTpl<double, 0, 2>, pinocchio::JointModelHelicalUnalignedTpl<double, 0>, pinocchio::JointModelUniversalTpl<double, 0>, boost::recursive_wrapper<pinocchio::JointModelCompositeTpl<double, 0, pinocchio::JointCollectionDefaultTpl> >, boost::recursive_wrapper<pinocchio::JointModelMimicTpl<double, 0, pinocchio::JointCollectionDefaultTpl> >}]\x1b[m\x1b[K\xe2\x80\x99\n'}
[5.743978] (gim_arm_hardware) StderrLine: {'line': b' 1375 |     \x1b[01;36m\x1b[Kvariant\x1b[m\x1b[K()\n'}
[5.744006] (gim_arm_hardware) StderrLine: {'line': b'      |     \x1b[01;36m\x1b[K^~~~~~~\x1b[m\x1b[K\n'}
[5.744032] (gim_arm_hardware) StderrLine: {'line': b'\x1b[01m\x1b[K/usr/include/boost/variant/variant.hpp:1375:5:\x1b[m\x1b[K \x1b[01;36m\x1b[Knote: \x1b[m\x1b[K  candidate expects 0 arguments, 1 provided\n'}
[5.817600] (-) TimerEvent: {}
[5.899793] (gim_arm_hardware) StderrLine: {'line': b'/usr/include/boost/variant/variant.hpp: In instantiation of \xe2\x80\x98\x1b[01m\x1b[Kboost::variant<T0, TN>::variant(const boost::variant<T0, TN>&) [with T0_ = pinocchio::JointModelRevoluteTpl<double, 0, 0>; TN = {pinocchio::JointModelRevoluteTpl<double, 0, 1>, pinocchio::JointModelRevoluteTpl<double, 0, 2>, pinocchio::JointModelFreeFlyerTpl<double, 0>, pinocchio::JointModelPlanarTpl<double, 0>, pinocchio::JointModelRevoluteUnalignedTpl<double, 0>, pinocchio::JointModelSphericalTpl<double, 0>, pinocchio::JointModelSphericalZYXTpl<double, 0>, pinocchio::JointModelEllipsoidTpl<double, 0>, pinocchio::JointModelPrismaticTpl<double, 0, 0>, pinocchio::JointModelPrismaticTpl<double, 0, 1>, pinocchio::JointModelPrismaticTpl<double, 0, 2>, pinocchio::JointModelPrismaticUnalignedTpl<double, 0>, pinocchio::JointModelTranslationTpl<double, 0>, pinocchio::JointModelRevoluteUnboundedTpl<double, 0, 0>, pinocchio::JointModelRevoluteUnboundedTpl<double, 0, 1>, pinocchio::JointModelRevoluteUnboundedTpl<double, 0, 2>, pinocchio::JointModelRevoluteUnboundedUnalignedTpl<double, 0>, pinocchio::JointModelHelicalTpl<double, 0, 0>, pinocchio::JointModelHelicalTpl<double, 0, 1>, pinocchio::JointModelHelicalTpl<double, 0, 2>, pinocchio::JointModelHelicalUnalignedTpl<double, 0>, pinocchio::JointModelUniversalTpl<double, 0>, boost::recursive_wrapper<pinocchio::JointModelCompositeTpl<double, 0, pinocchio::JointCollectionDefaultTpl> >, boost::recursive_wrapper<pinocchio::JointModelMimicTpl<double, 0, pinocchio::JointCollectionDefaultTpl> >}]\x1b[m\x1b[K\xe2\x80\x99:\n'}
[5.900047] (gim_arm_hardware) StderrLine: {'line': b'\x1b[01m\x1b[K/opt/ros/humble/include/pinocchio/src/multibody/joint/joint-generic.hxx:256:10:\x1b[m\x1b[K   required from \xe2\x80\x98\x1b[01m\x1b[Kpinocchio::ModelTpl<_Scalar, _Options, JointCollectionTpl>::JointIndex pinocchio::ModelTpl<_Scalar, _Options, JointCollectionTpl>::addJoint(pinocchio::ModelTpl<_Scalar, _Options, JointCollectionTpl>::JointIndex, const JointModel&, const SE3&, const string&, const VectorXs&, const VectorXs&, const VectorXs&, const VectorXs&, const VectorXs&, const VectorXs&, const VectorXs&, const VectorXs&, const VectorXs&, const VectorXs&) [with _Scalar = double; int _Options = 0; JointCollectionTpl = pinocchio::JointCollectionDefaultTpl; pinocchio::ModelTpl<_Scalar, _Options, JointCollectionTpl>::JointIndex = long unsigned int; pinocchio::ModelTpl<_Scalar, _Options, JointCollectionTpl>::JointModel = pinocchio::JointModelTpl<double>; pinocchio::ModelTpl<_Scalar, _Options, JointCollectionTpl>::SE3 = pinocchio::SE3Tpl<double, 0>; std::string = std::__cxx11::basic_string<char>; pinocchio::ModelTpl<_Scalar, _Options, JointCollectionTpl>::VectorXs = Eigen::Matrix<double, -1, 1>]\x1b[m\x1b[K\xe2\x80\x99\n'}
[5.900155] (gim_arm_hardware) StderrLine: {'line': b'\x1b[01m\x1b[K/opt/ros/humble/include/pinocchio/src/parsers/urdf/model.hxx:235:38:\x1b[m\x1b[K   required from here\n'}
[5.900229] (gim_arm_hardware) StderrLine: {'line': b'\x1b[01m\x1b[K/usr/include/boost/variant/variant.hpp:1762:45:\x1b[m\x1b[K \x1b[01;31m\x1b[Kerror: \x1b[m\x1b[Kusing invalid field \xe2\x80\x98\x1b[01m\x1b[Kboost::variant<T0, TN>::storage_\x1b[m\x1b[K\xe2\x80\x99\n'}
[5.900297] (gim_arm_hardware) StderrLine: {'line': b' 1762 |         detail::variant::copy_into visitor( \x1b[01;31m\x1b[Kstorage_\x1b[m\x1b[K.address() );\n'}
[5.900362] (gim_arm_hardware) StderrLine: {'line': b'      |                                             \x1b[01;31m\x1b[K^~~~~~~~\x1b[m\x1b[K\n'}
[5.914172] (gim_arm_hardware) StderrLine: {'line': b'In file included from \x1b[01m\x1b[K/opt/ros/humble/include/pinocchio/multibody/joint.hpp:84\x1b[m\x1b[K,\n'}
[5.914366] (gim_arm_hardware) StderrLine: {'line': b'                 from \x1b[01m\x1b[K/opt/ros/humble/include/pinocchio/multibody.hpp:43\x1b[m\x1b[K,\n'}
[5.914491] (gim_arm_hardware) StderrLine: {'line': b'                 from \x1b[01m\x1b[K/opt/ros/humble/include/pinocchio/parsers/urdf.hpp:27\x1b[m\x1b[K,\n'}
[5.914927] (gim_arm_hardware) StderrLine: {'line': b'                 from \x1b[01m\x1b[K/home/minh/gim60108_ws/src/gim_arm_hardware/include/gim_arm_hardware/gim_arm_system.hpp:17\x1b[m\x1b[K,\n'}
[5.915487] (gim_arm_hardware) StderrLine: {'line': b'                 from \x1b[01m\x1b[K/home/minh/gim60108_ws/src/gim_arm_hardware/src/gim_arm_system.cpp:1\x1b[m\x1b[K:\n'}
[5.915565] (gim_arm_hardware) StderrLine: {'line': b'/opt/ros/humble/include/pinocchio/src/multibody/joint/joint-generic.hxx: In instantiation of \xe2\x80\x98\x1b[01m\x1b[Kpinocchio::JointModelTpl<Scalar, Options, JointCollectionTpl>::JointModelTpl(const pinocchio::JointModelBase<OtherDerived>&) [with JointModelDerived = pinocchio::JointModelRevoluteTpl<double, 0, 0>; _Scalar = double; int _Options = 0; JointCollectionTpl = pinocchio::JointCollectionDefaultTpl]\x1b[m\x1b[K\xe2\x80\x99:\n'}
[5.915596] (gim_arm_hardware) StderrLine: {'line': b'\x1b[01m\x1b[K/opt/ros/humble/include/pinocchio/src/parsers/urdf/model.hxx:495:34:\x1b[m\x1b[K   required from \xe2\x80\x98\x1b[01m\x1b[Kpinocchio::JointIndex pinocchio::urdf::details::UrdfVisitor::addJoint(const Vector3&, const Frame&, const SE3&, const string&, const VectorConstRef&, const VectorConstRef&, const VectorConstRef&, const VectorConstRef&, const VectorConstRef&, const VectorConstRef&, const VectorConstRef&, const VectorConstRef&, const VectorConstRef&, const VectorConstRef&) [with TypeX = pinocchio::JointModelRevoluteTpl<double, 0, 0>; TypeY = pinocchio::JointModelRevoluteTpl<double, 0, 1>; TypeZ = pinocchio::JointModelRevoluteTpl<double, 0, 2>; TypeUnaligned = pinocchio::JointModelRevoluteUnalignedTpl<double>; pinocchio::JointIndex = long unsigned int; pinocchio::urdf::details::UrdfVisitor::Vector3 = Eigen::Matrix<double, 3, 1>; pinocchio::urdf::details::UrdfVisitor::Frame = pinocchio::FrameTpl<double, 0>; pinocchio::urdf::details::UrdfVisitor::SE3 = pinocchio::SE3Tpl<double, 0>; std::string = std::__cxx11::basic_string<char>; pinocchio::urdf::details::UrdfVisitor::VectorConstRef = Eigen::Ref<const Eigen::Matrix<double, -1, 1> >]\x1b[m\x1b[K\xe2\x80\x99\n'}
[5.915626] (gim_arm_hardware) StderrLine: {'line': b'\x1b[01m\x1b[K/opt/ros/humble/include/pinocchio/src/parsers/urdf/model.hxx:245:69:\x1b[m\x1b[K   required from here\n'}
[5.915652] (gim_arm_hardware) StderrLine: {'line': b'\x1b[01m\x1b[K/opt/ros/humble/include/pinocchio/src/multibody/joint/joint-generic.hxx:306:25:\x1b[m\x1b[K \x1b[01;31m\x1b[Kerror: \x1b[m\x1b[Kno matching function for call to \xe2\x80\x98\x1b[01m\x1b[Kboost::variant<pinocchio::JointModelRevoluteTpl<double, 0, 0>, pinocchio::JointModelRevoluteTpl<double, 0, 1>, pinocchio::JointModelRevoluteTpl<double, 0, 2>, pinocchio::JointModelFreeFlyerTpl<double, 0>, pinocchio::JointModelPlanarTpl<double, 0>, pinocchio::JointModelRevoluteUnalignedTpl<double, 0>, pinocchio::JointModelSphericalTpl<double, 0>, pinocchio::JointModelSphericalZYXTpl<double, 0>, pinocchio::JointModelEllipsoidTpl<double, 0>, pinocchio::JointModelPrismaticTpl<double, 0, 0>, pinocchio::JointModelPrismaticTpl<double, 0, 1>, pinocchio::JointModelPrismaticTpl<double, 0, 2>, pinocchio::JointModelPrismaticUnalignedTpl<double, 0>, pinocchio::JointModelTranslationTpl<double, 0>, pinocchio::JointModelRevoluteUnboundedTpl<double, 0, 0>, pinocchio::JointModelRevoluteUnboundedTpl<double, 0, 1>, pinocchio::JointModelRevoluteUnboundedTpl<double, 0, 2>, pinocchio::JointModelRevoluteUnboundedUnalignedTpl<double, 0>, pinocchio::JointModelHelicalTpl<double, 0, 0>, pinocchio::JointModelHelicalTpl<double, 0, 1>, pinocchio::JointModelHelicalTpl<double, 0, 2>, pinocchio::JointModelHelicalUnalignedTpl<double, 0>, pinocchio::JointModelUniversalTpl<double, 0>, boost::recursive_wrapper<pinocchio::JointModelCompositeTpl<double, 0, pinocchio::JointCollectionDefaultTpl> >, boost::recursive_wrapper<pinocchio::JointModelMimicTpl<double, 0, pinocchio::JointCollectionDefaultTpl> > >::variant(const JointModelDerived&)\x1b[m\x1b[K\xe2\x80\x99\n'}
[5.915688] (gim_arm_hardware) StderrLine: {'line': b'  306 |     : JointModelVariant(\x1b[01;31m\x1b[K(JointModelVariant)jmodel.derived()\x1b[m\x1b[K)\n'}
[5.915718] (gim_arm_hardware) StderrLine: {'line': b'      |                         \x1b[01;31m\x1b[K^~~~~~~~~~~~~~~~~~~~~~~~~~~~~~~~~~~\x1b[m\x1b[K\n'}
[5.915743] (gim_arm_hardware) StderrLine: {'line': b'In file included from \x1b[01m\x1b[K/usr/include/boost/variant.hpp:17\x1b[m\x1b[K,\n'}
[5.915768] (gim_arm_hardware) StderrLine: {'line': b'                 from \x1b[01m\x1b[K/opt/ros/humble/include/pinocchio/multibody.hpp:21\x1b[m\x1b[K,\n'}
[5.915792] (gim_arm_hardware) StderrLine: {'line': b'                 from \x1b[01m\x1b[K/opt/ros/humble/include/pinocchio/parsers/urdf.hpp:27\x1b[m\x1b[K,\n'}
[5.915816] (gim_arm_hardware) StderrLine: {'line': b'                 from \x1b[01m\x1b[K/home/minh/gim60108_ws/src/gim_arm_hardware/include/gim_arm_hardware/gim_arm_system.hpp:17\x1b[m\x1b[K,\n'}
[5.915840] (gim_arm_hardware) StderrLine: {'line': b'                 from \x1b[01m\x1b[K/home/minh/gim60108_ws/src/gim_arm_hardware/src/gim_arm_system.cpp:1\x1b[m\x1b[K:\n'}
[5.915863] (gim_arm_hardware) StderrLine: {'line': b'\x1b[01m\x1b[K/usr/include/boost/variant/variant.hpp:1770:5:\x1b[m\x1b[K \x1b[01;36m\x1b[Knote: \x1b[m\x1b[Kcandidate: \xe2\x80\x98\x1b[01m\x1b[Kboost::variant<T0, TN>::variant(boost::variant<T0, TN>&&) [with T0_ = pinocchio::JointModelRevoluteTpl<double, 0, 0>; TN = {pinocchio::JointModelRevoluteTpl<double, 0, 1>, pinocchio::JointModelRevoluteTpl<double, 0, 2>, pinocchio::JointModelFreeFlyerTpl<double, 0>, pinocchio::JointModelPlanarTpl<double, 0>, pinocchio::JointModelRevoluteUnalignedTpl<double, 0>, pinocchio::JointModelSphericalTpl<double, 0>, pinocchio::JointModelSphericalZYXTpl<double, 0>, pinocchio::JointModelEllipsoidTpl<double, 0>, pinocchio::JointModelPrismaticTpl<double, 0, 0>, pinocchio::JointModelPrismaticTpl<double, 0, 1>, pinocchio::JointModelPrismaticTpl<double, 0, 2>, pinocchio::JointModelPrismaticUnalignedTpl<double, 0>, pinocchio::JointModelTranslationTpl<double, 0>, pinocchio::JointModelRevoluteUnboundedTpl<double, 0, 0>, pinocchio::JointModelRevoluteUnboundedTpl<double, 0, 1>, pinocchio::JointModelRevoluteUnboundedTpl<double, 0, 2>, pinocchio::JointModelRevoluteUnboundedUnalignedTpl<double, 0>, pinocchio::JointModelHelicalTpl<double, 0, 0>, pinocchio::JointModelHelicalTpl<double, 0, 1>, pinocchio::JointModelHelicalTpl<double, 0, 2>, pinocchio::JointModelHelicalUnalignedTpl<double, 0>, pinocchio::JointModelUniversalTpl<double, 0>, boost::recursive_wrapper<pinocchio::JointModelCompositeTpl<double, 0, pinocchio::JointCollectionDefaultTpl> >, boost::recursive_wrapper<pinocchio::JointModelMimicTpl<double, 0, pinocchio::JointCollectionDefaultTpl> >}]\x1b[m\x1b[K\xe2\x80\x99\n'}
[5.915899] (gim_arm_hardware) StderrLine: {'line': b' 1770 |     \x1b[01;36m\x1b[Kvariant\x1b[m\x1b[K(variant&& operand) BOOST_NOEXCEPT_IF(variant_move_noexcept_constructible::type::value)\n'}
[5.915924] (gim_arm_hardware) StderrLine: {'line': b'      |     \x1b[01;36m\x1b[K^~~~~~~\x1b[m\x1b[K\n'}
[5.915948] (gim_arm_hardware) StderrLine: {'line': b'\x1b[01m\x1b[K/usr/include/boost/variant/variant.hpp:1770:23:\x1b[m\x1b[K \x1b[01;36m\x1b[Knote: \x1b[m\x1b[K  no known conversion for argument 1 from \xe2\x80\x98\x1b[01m\x1b[Kconst JointModelDerived\x1b[m\x1b[K\xe2\x80\x99 {aka \xe2\x80\x98\x1b[01m\x1b[Kconst pinocchio::JointModelRevoluteTpl<double, 0, 0>\x1b[m\x1b[K\xe2\x80\x99} to \xe2\x80\x98\x1b[01m\x1b[Kboost::variant<pinocchio::JointModelRevoluteTpl<double, 0, 0>, pinocchio::JointModelRevoluteTpl<double, 0, 1>, pinocchio::JointModelRevoluteTpl<double, 0, 2>, pinocchio::JointModelFreeFlyerTpl<double, 0>, pinocchio::JointModelPlanarTpl<double, 0>, pinocchio::JointModelRevoluteUnalignedTpl<double, 0>, pinocchio::JointModelSphericalTpl<double, 0>, pinocchio::JointModelSphericalZYXTpl<double, 0>, pinocchio::JointModelEllipsoidTpl<double, 0>, pinocchio::JointModelPrismaticTpl<double, 0, 0>, pinocchio::JointModelPrismaticTpl<double, 0, 1>, pinocchio::JointModelPrismaticTpl<double, 0, 2>, pinocchio::JointModelPrismaticUnalignedTpl<double, 0>, pinocchio::JointModelTranslationTpl<double, 0>, pinocchio::JointModelRevoluteUnboundedTpl<double, 0, 0>, pinocchio::JointModelRevoluteUnboundedTpl<double, 0, 1>, pinocchio::JointModelRevoluteUnboundedTpl<double, 0, 2>, pinocchio::JointModelRevoluteUnboundedUnalignedTpl<double, 0>, pinocchio::JointModelHelicalTpl<double, 0, 0>, pinocchio::JointModelHelicalTpl<double, 0, 1>, pinocchio::JointModelHelicalTpl<double, 0, 2>, pinocchio::JointModelHelicalUnalignedTpl<double, 0>, pinocchio::JointModelUniversalTpl<double, 0>, boost::recursive_wrapper<pinocchio::JointModelCompositeTpl<double, 0, pinocchio::JointCollectionDefaultTpl> >, boost::recursive_wrapper<pinocchio::JointModelMimicTpl<double, 0, pinocchio::JointCollectionDefaultTpl> > >&&\x1b[m\x1b[K\xe2\x80\x99\n'}
[5.915985] (gim_arm_hardware) StderrLine: {'line': b' 1770 |     variant(\x1b[01;36m\x1b[Kvariant&& operand\x1b[m\x1b[K) BOOST_NOEXCEPT_IF(variant_move_noexcept_constructible::type::value)\n'}
[5.916010] (gim_arm_hardware) StderrLine: {'line': b'      |             \x1b[01;36m\x1b[K~~~~~~~~~~^~~~~~~\x1b[m\x1b[K\n'}
[5.916033] (gim_arm_hardware) StderrLine: {'line': b'\x1b[01m\x1b[K/usr/include/boost/variant/variant.hpp:1759:5:\x1b[m\x1b[K \x1b[01;36m\x1b[Knote: \x1b[m\x1b[Kcandidate: \xe2\x80\x98\x1b[01m\x1b[Kboost::variant<T0, TN>::variant(const boost::variant<T0, TN>&) [with T0_ = pinocchio::JointModelRevoluteTpl<double, 0, 0>; TN = {pinocchio::JointModelRevoluteTpl<double, 0, 1>, pinocchio::JointModelRevoluteTpl<double, 0, 2>, pinocchio::JointModelFreeFlyerTpl<double, 0>, pinocchio::JointModelPlanarTpl<double, 0>, pinocchio::JointModelRevoluteUnalignedTpl<double, 0>, pinocchio::JointModelSphericalTpl<double, 0>, pinocchio::JointModelSphericalZYXTpl<double, 0>, pinocchio::JointModelEllipsoidTpl<double, 0>, pinocchio::JointModelPrismaticTpl<double, 0, 0>, pinocchio::JointModelPrismaticTpl<double, 0, 1>, pinocchio::JointModelPrismaticTpl<double, 0, 2>, pinocchio::JointModelPrismaticUnalignedTpl<double, 0>, pinocchio::JointModelTranslationTpl<double, 0>, pinocchio::JointModelRevoluteUnboundedTpl<double, 0, 0>, pinocchio::JointModelRevoluteUnboundedTpl<double, 0, 1>, pinocchio::JointModelRevoluteUnboundedTpl<double, 0, 2>, pinocchio::JointModelRevoluteUnboundedUnalignedTpl<double, 0>, pinocchio::JointModelHelicalTpl<double, 0, 0>, pinocchio::JointModelHelicalTpl<double, 0, 1>, pinocchio::JointModelHelicalTpl<double, 0, 2>, pinocchio::JointModelHelicalUnalignedTpl<double, 0>, pinocchio::JointModelUniversalTpl<double, 0>, boost::recursive_wrapper<pinocchio::JointModelCompositeTpl<double, 0, pinocchio::JointCollectionDefaultTpl> >, boost::recursive_wrapper<pinocchio::JointModelMimicTpl<double, 0, pinocchio::JointCollectionDefaultTpl> >}]\x1b[m\x1b[K\xe2\x80\x99\n'}
[5.916064] (gim_arm_hardware) StderrLine: {'line': b' 1759 |     \x1b[01;36m\x1b[Kvariant\x1b[m\x1b[K(const variant& operand)\n'}
[5.916087] (gim_arm_hardware) StderrLine: {'line': b'      |     \x1b[01;36m\x1b[K^~~~~~~\x1b[m\x1b[K\n'}
[5.916111] (gim_arm_hardware) StderrLine: {'line': b'\x1b[01m\x1b[K/usr/include/boost/variant/variant.hpp:1759:28:\x1b[m\x1b[K \x1b[01;36m\x1b[Knote: \x1b[m\x1b[K  no known conversion for argument 1 from \xe2\x80\x98\x1b[01m\x1b[Kconst JointModelDerived\x1b[m\x1b[K\xe2\x80\x99 {aka \xe2\x80\x98\x1b[01m\x1b[Kconst pinocchio::JointModelRevoluteTpl<double, 0, 0>\x1b[m\x1b[K\xe2\x80\x99} to \xe2\x80\x98\x1b[01m\x1b[Kconst boost::variant<pinocchio::JointModelRevoluteTpl<double, 0, 0>, pinocchio::JointModelRevoluteTpl<double, 0, 1>, pinocchio::JointModelRevoluteTpl<double, 0, 2>, pinocchio::JointModelFreeFlyerTpl<double, 0>, pinocchio::JointModelPlanarTpl<double, 0>, pinocchio::JointModelRevoluteUnalignedTpl<double, 0>, pinocchio::JointModelSphericalTpl<double, 0>, pinocchio::JointModelSphericalZYXTpl<double, 0>, pinocchio::JointModelEllipsoidTpl<double, 0>, pinocchio::JointModelPrismaticTpl<double, 0, 0>, pinocchio::JointModelPrismaticTpl<double, 0, 1>, pinocchio::JointModelPrismaticTpl<double, 0, 2>, pinocchio::JointModelPrismaticUnalignedTpl<double, 0>, pinocchio::JointModelTranslationTpl<double, 0>, pinocchio::JointModelRevoluteUnboundedTpl<double, 0, 0>, pinocchio::JointModelRevoluteUnboundedTpl<double, 0, 1>, pinocchio::JointModelRevoluteUnboundedTpl<double, 0, 2>, pinocchio::JointModelRevoluteUnboundedUnalignedTpl<double, 0>, pinocchio::JointModelHelicalTpl<double, 0, 0>, pinocchio::JointModelHelicalTpl<double, 0, 1>, pinocchio::JointModelHelicalTpl<double, 0, 2>, pinocchio::JointModelHelicalUnalignedTpl<double, 0>, pinocchio::JointModelUniversalTpl<double, 0>, boost::recursive_wrapper<pinocchio::JointModelCompositeTpl<double, 0, pinocchio::JointCollectionDefaultTpl> >, boost::recursive_wrapper<pinocchio::JointModelMimicTpl<double, 0, pinocchio::JointCollectionDefaultTpl> > >&\x1b[m\x1b[K\xe2\x80\x99\n'}
[5.916145] (gim_arm_hardware) StderrLine: {'line': b' 1759 |     variant(\x1b[01;36m\x1b[Kconst variant& operand\x1b[m\x1b[K)\n'}
[5.916172] (gim_arm_hardware) StderrLine: {'line': b'      |             \x1b[01;36m\x1b[K~~~~~~~~~~~~~~~^~~~~~~\x1b[m\x1b[K\n'}
[5.916195] (gim_arm_hardware) StderrLine: {'line': b'\x1b[01m\x1b[K/usr/include/boost/variant/variant.hpp:1375:5:\x1b[m\x1b[K \x1b[01;36m\x1b[Knote: \x1b[m\x1b[Kcandidate: \xe2\x80\x98\x1b[01m\x1b[Kboost::variant<T0, TN>::variant() [with T0_ = pinocchio::JointModelRevoluteTpl<double, 0, 0>; TN = {pinocchio::JointModelRevoluteTpl<double, 0, 1>, pinocchio::JointModelRevoluteTpl<double, 0, 2>, pinocchio::JointModelFreeFlyerTpl<double, 0>, pinocchio::JointModelPlanarTpl<double, 0>, pinocchio::JointModelRevoluteUnalignedTpl<double, 0>, pinocchio::JointModelSphericalTpl<double, 0>, pinocchio::JointModelSphericalZYXTpl<double, 0>, pinocchio::JointModelEllipsoidTpl<double, 0>, pinocchio::JointModelPrismaticTpl<double, 0, 0>, pinocchio::JointModelPrismaticTpl<double, 0, 1>, pinocchio::JointModelPrismaticTpl<double, 0, 2>, pinocchio::JointModelPrismaticUnalignedTpl<double, 0>, pinocchio::JointModelTranslationTpl<double, 0>, pinocchio::JointModelRevoluteUnboundedTpl<double, 0, 0>, pinocchio::JointModelRevoluteUnboundedTpl<double, 0, 1>, pinocchio::JointModelRevoluteUnboundedTpl<double, 0, 2>, pinocchio::JointModelRevoluteUnboundedUnalignedTpl<double, 0>, pinocchio::JointModelHelicalTpl<double, 0, 0>, pinocchio::JointModelHelicalTpl<double, 0, 1>, pinocchio::JointModelHelicalTpl<double, 0, 2>, pinocchio::JointModelHelicalUnalignedTpl<double, 0>, pinocchio::JointModelUniversalTpl<double, 0>, boost::recursive_wrapper<pinocchio::JointModelCompositeTpl<double, 0, pinocchio::JointCollectionDefaultTpl> >, boost::recursive_wrapper<pinocchio::JointModelMimicTpl<double, 0, pinocchio::JointCollectionDefaultTpl> >}]\x1b[m\x1b[K\xe2\x80\x99\n'}
[5.916225] (gim_arm_hardware) StderrLine: {'line': b' 1375 |     \x1b[01;36m\x1b[Kvariant\x1b[m\x1b[K()\n'}
[5.916248] (gim_arm_hardware) StderrLine: {'line': b'      |     \x1b[01;36m\x1b[K^~~~~~~\x1b[m\x1b[K\n'}
[5.916271] (gim_arm_hardware) StderrLine: {'line': b'\x1b[01m\x1b[K/usr/include/boost/variant/variant.hpp:1375:5:\x1b[m\x1b[K \x1b[01;36m\x1b[Knote: \x1b[m\x1b[K  candidate expects 0 arguments, 1 provided\n'}
[5.916295] (gim_arm_hardware) StderrLine: {'line': b'In file included from \x1b[01m\x1b[K/opt/ros/humble/include/pinocchio/multibody/joint.hpp:84\x1b[m\x1b[K,\n'}
[5.916320] (gim_arm_hardware) StderrLine: {'line': b'                 from \x1b[01m\x1b[K/opt/ros/humble/include/pinocchio/multibody.hpp:43\x1b[m\x1b[K,\n'}
[5.916344] (gim_arm_hardware) StderrLine: {'line': b'                 from \x1b[01m\x1b[K/opt/ros/humble/include/pinocchio/parsers/urdf.hpp:27\x1b[m\x1b[K,\n'}
[5.916367] (gim_arm_hardware) StderrLine: {'line': b'                 from \x1b[01m\x1b[K/home/minh/gim60108_ws/src/gim_arm_hardware/include/gim_arm_hardware/gim_arm_system.hpp:17\x1b[m\x1b[K,\n'}
[5.916391] (gim_arm_hardware) StderrLine: {'line': b'                 from \x1b[01m\x1b[K/home/minh/gim60108_ws/src/gim_arm_hardware/src/gim_arm_system.cpp:1\x1b[m\x1b[K:\n'}
[5.916415] (gim_arm_hardware) StderrLine: {'line': b'/opt/ros/humble/include/pinocchio/src/multibody/joint/joint-generic.hxx: In instantiation of \xe2\x80\x98\x1b[01m\x1b[Kpinocchio::JointModelTpl<Scalar, Options, JointCollectionTpl>::JointModelTpl(const pinocchio::JointModelBase<OtherDerived>&) [with JointModelDerived = pinocchio::JointModelRevoluteTpl<double, 0, 1>; _Scalar = double; int _Options = 0; JointCollectionTpl = pinocchio::JointCollectionDefaultTpl]\x1b[m\x1b[K\xe2\x80\x99:\n'}
[5.916446] (gim_arm_hardware) StderrLine: {'line': b'\x1b[01m\x1b[K/opt/ros/humble/include/pinocchio/src/parsers/urdf/model.hxx:502:34:\x1b[m\x1b[K   required from \xe2\x80\x98\x1b[01m\x1b[Kpinocchio::JointIndex pinocchio::urdf::details::UrdfVisitor::addJoint(const Vector3&, const Frame&, const SE3&, const string&, const VectorConstRef&, const VectorConstRef&, const VectorConstRef&, const VectorConstRef&, const VectorConstRef&, const VectorConstRef&, const VectorConstRef&, const VectorConstRef&, const VectorConstRef&, const VectorConstRef&) [with TypeX = pinocchio::JointModelRevoluteTpl<double, 0, 0>; TypeY = pinocchio::JointModelRevoluteTpl<double, 0, 1>; TypeZ = pinocchio::JointModelRevoluteTpl<double, 0, 2>; TypeUnaligned = pinocchio::JointModelRevoluteUnalignedTpl<double>; pinocchio::JointIndex = long unsigned int; pinocchio::urdf::details::UrdfVisitor::Vector3 = Eigen::Matrix<double, 3, 1>; pinocchio::urdf::details::UrdfVisitor::Frame = pinocchio::FrameTpl<double, 0>; pinocchio::urdf::details::UrdfVisitor::SE3 = pinocchio::SE3Tpl<double, 0>; std::string = std::__cxx11::basic_string<char>; pinocchio::urdf::details::UrdfVisitor::VectorConstRef = Eigen::Ref<const Eigen::Matrix<double, -1, 1> >]\x1b[m\x1b[K\xe2\x80\x99\n'}
[5.916497] (gim_arm_hardware) StderrLine: {'line': b'\x1b[01m\x1b[K/opt/ros/humble/include/pinocchio/src/parsers/urdf/model.hxx:245:69:\x1b[m\x1b[K   required from here\n'}
[5.916522] (gim_arm_hardware) StderrLine: {'line': b'\x1b[01m\x1b[K/opt/ros/humble/include/pinocchio/src/multibody/joint/joint-generic.hxx:306:25:\x1b[m\x1b[K \x1b[01;31m\x1b[Kerror: \x1b[m\x1b[Kno matching function for call to \xe2\x80\x98\x1b[01m\x1b[Kboost::variant<pinocchio::JointModelRevoluteTpl<double, 0, 0>, pinocchio::JointModelRevoluteTpl<double, 0, 1>, pinocchio::JointModelRevoluteTpl<double, 0, 2>, pinocchio::JointModelFreeFlyerTpl<double, 0>, pinocchio::JointModelPlanarTpl<double, 0>, pinocchio::JointModelRevoluteUnalignedTpl<double, 0>, pinocchio::JointModelSphericalTpl<double, 0>, pinocchio::JointModelSphericalZYXTpl<double, 0>, pinocchio::JointModelEllipsoidTpl<double, 0>, pinocchio::JointModelPrismaticTpl<double, 0, 0>, pinocchio::JointModelPrismaticTpl<double, 0, 1>, pinocchio::JointModelPrismaticTpl<double, 0, 2>, pinocchio::JointModelPrismaticUnalignedTpl<double, 0>, pinocchio::JointModelTranslationTpl<double, 0>, pinocchio::JointModelRevoluteUnboundedTpl<double, 0, 0>, pinocchio::JointModelRevoluteUnboundedTpl<double, 0, 1>, pinocchio::JointModelRevoluteUnboundedTpl<double, 0, 2>, pinocchio::JointModelRevoluteUnboundedUnalignedTpl<double, 0>, pinocchio::JointModelHelicalTpl<double, 0, 0>, pinocchio::JointModelHelicalTpl<double, 0, 1>, pinocchio::JointModelHelicalTpl<double, 0, 2>, pinocchio::JointModelHelicalUnalignedTpl<double, 0>, pinocchio::JointModelUniversalTpl<double, 0>, boost::recursive_wrapper<pinocchio::JointModelCompositeTpl<double, 0, pinocchio::JointCollectionDefaultTpl> >, boost::recursive_wrapper<pinocchio::JointModelMimicTpl<double, 0, pinocchio::JointCollectionDefaultTpl> > >::variant(const JointModelDerived&)\x1b[m\x1b[K\xe2\x80\x99\n'}
[5.916556] (gim_arm_hardware) StderrLine: {'line': b'  306 |     : JointModelVariant(\x1b[01;31m\x1b[K(JointModelVariant)jmodel.derived()\x1b[m\x1b[K)\n'}
[5.916579] (gim_arm_hardware) StderrLine: {'line': b'      |                         \x1b[01;31m\x1b[K^~~~~~~~~~~~~~~~~~~~~~~~~~~~~~~~~~~\x1b[m\x1b[K\n'}
[5.916603] (gim_arm_hardware) StderrLine: {'line': b'In file included from \x1b[01m\x1b[K/usr/include/boost/variant.hpp:17\x1b[m\x1b[K,\n'}
[5.916626] (gim_arm_hardware) StderrLine: {'line': b'                 from \x1b[01m\x1b[K/opt/ros/humble/include/pinocchio/multibody.hpp:21\x1b[m\x1b[K,\n'}
[5.916649] (gim_arm_hardware) StderrLine: {'line': b'                 from \x1b[01m\x1b[K/opt/ros/humble/include/pinocchio/parsers/urdf.hpp:27\x1b[m\x1b[K,\n'}
[5.916676] (gim_arm_hardware) StderrLine: {'line': b'                 from \x1b[01m\x1b[K/home/minh/gim60108_ws/src/gim_arm_hardware/include/gim_arm_hardware/gim_arm_system.hpp:17\x1b[m\x1b[K,\n'}
[5.916699] (gim_arm_hardware) StderrLine: {'line': b'                 from \x1b[01m\x1b[K/home/minh/gim60108_ws/src/gim_arm_hardware/src/gim_arm_system.cpp:1\x1b[m\x1b[K:\n'}
[5.916722] (gim_arm_hardware) StderrLine: {'line': b'\x1b[01m\x1b[K/usr/include/boost/variant/variant.hpp:1770:5:\x1b[m\x1b[K \x1b[01;36m\x1b[Knote: \x1b[m\x1b[Kcandidate: \xe2\x80\x98\x1b[01m\x1b[Kboost::variant<T0, TN>::variant(boost::variant<T0, TN>&&) [with T0_ = pinocchio::JointModelRevoluteTpl<double, 0, 0>; TN = {pinocchio::JointModelRevoluteTpl<double, 0, 1>, pinocchio::JointModelRevoluteTpl<double, 0, 2>, pinocchio::JointModelFreeFlyerTpl<double, 0>, pinocchio::JointModelPlanarTpl<double, 0>, pinocchio::JointModelRevoluteUnalignedTpl<double, 0>, pinocchio::JointModelSphericalTpl<double, 0>, pinocchio::JointModelSphericalZYXTpl<double, 0>, pinocchio::JointModelEllipsoidTpl<double, 0>, pinocchio::JointModelPrismaticTpl<double, 0, 0>, pinocchio::JointModelPrismaticTpl<double, 0, 1>, pinocchio::JointModelPrismaticTpl<double, 0, 2>, pinocchio::JointModelPrismaticUnalignedTpl<double, 0>, pinocchio::JointModelTranslationTpl<double, 0>, pinocchio::JointModelRevoluteUnboundedTpl<double, 0, 0>, pinocchio::JointModelRevoluteUnboundedTpl<double, 0, 1>, pinocchio::JointModelRevoluteUnboundedTpl<double, 0, 2>, pinocchio::JointModelRevoluteUnboundedUnalignedTpl<double, 0>, pinocchio::JointModelHelicalTpl<double, 0, 0>, pinocchio::JointModelHelicalTpl<double, 0, 1>, pinocchio::JointModelHelicalTpl<double, 0, 2>, pinocchio::JointModelHelicalUnalignedTpl<double, 0>, pinocchio::JointModelUniversalTpl<double, 0>, boost::recursive_wrapper<pinocchio::JointModelCompositeTpl<double, 0, pinocchio::JointCollectionDefaultTpl> >, boost::recursive_wrapper<pinocchio::JointModelMimicTpl<double, 0, pinocchio::JointCollectionDefaultTpl> >}]\x1b[m\x1b[K\xe2\x80\x99\n'}
[5.916752] (gim_arm_hardware) StderrLine: {'line': b' 1770 |     \x1b[01;36m\x1b[Kvariant\x1b[m\x1b[K(variant&& operand) BOOST_NOEXCEPT_IF(variant_move_noexcept_constructible::type::value)\n'}
[5.916776] (gim_arm_hardware) StderrLine: {'line': b'      |     \x1b[01;36m\x1b[K^~~~~~~\x1b[m\x1b[K\n'}
[5.916800] (gim_arm_hardware) StderrLine: {'line': b'\x1b[01m\x1b[K/usr/include/boost/variant/variant.hpp:1770:23:\x1b[m\x1b[K \x1b[01;36m\x1b[Knote: \x1b[m\x1b[K  no known conversion for argument 1 from \xe2\x80\x98\x1b[01m\x1b[Kconst JointModelDerived\x1b[m\x1b[K\xe2\x80\x99 {aka \xe2\x80\x98\x1b[01m\x1b[Kconst pinocchio::JointModelRevoluteTpl<double, 0, 1>\x1b[m\x1b[K\xe2\x80\x99} to \xe2\x80\x98\x1b[01m\x1b[Kboost::variant<pinocchio::JointModelRevoluteTpl<double, 0, 0>, pinocchio::JointModelRevoluteTpl<double, 0, 1>, pinocchio::JointModelRevoluteTpl<double, 0, 2>, pinocchio::JointModelFreeFlyerTpl<double, 0>, pinocchio::JointModelPlanarTpl<double, 0>, pinocchio::JointModelRevoluteUnalignedTpl<double, 0>, pinocchio::JointModelSphericalTpl<double, 0>, pinocchio::JointModelSphericalZYXTpl<double, 0>, pinocchio::JointModelEllipsoidTpl<double, 0>, pinocchio::JointModelPrismaticTpl<double, 0, 0>, pinocchio::JointModelPrismaticTpl<double, 0, 1>, pinocchio::JointModelPrismaticTpl<double, 0, 2>, pinocchio::JointModelPrismaticUnalignedTpl<double, 0>, pinocchio::JointModelTranslationTpl<double, 0>, pinocchio::JointModelRevoluteUnboundedTpl<double, 0, 0>, pinocchio::JointModelRevoluteUnboundedTpl<double, 0, 1>, pinocchio::JointModelRevoluteUnboundedTpl<double, 0, 2>, pinocchio::JointModelRevoluteUnboundedUnalignedTpl<double, 0>, pinocchio::JointModelHelicalTpl<double, 0, 0>, pinocchio::JointModelHelicalTpl<double, 0, 1>, pinocchio::JointModelHelicalTpl<double, 0, 2>, pinocchio::JointModelHelicalUnalignedTpl<double, 0>, pinocchio::JointModelUniversalTpl<double, 0>, boost::recursive_wrapper<pinocchio::JointModelCompositeTpl<double, 0, pinocchio::JointCollectionDefaultTpl> >, boost::recursive_wrapper<pinocchio::JointModelMimicTpl<double, 0, pinocchio::JointCollectionDefaultTpl> > >&&\x1b[m\x1b[K\xe2\x80\x99\n'}
[5.916834] (gim_arm_hardware) StderrLine: {'line': b' 1770 |     variant(\x1b[01;36m\x1b[Kvariant&& operand\x1b[m\x1b[K) BOOST_NOEXCEPT_IF(variant_move_noexcept_constructible::type::value)\n'}
[5.916861] (gim_arm_hardware) StderrLine: {'line': b'      |             \x1b[01;36m\x1b[K~~~~~~~~~~^~~~~~~\x1b[m\x1b[K\n'}
[5.916884] (gim_arm_hardware) StderrLine: {'line': b'\x1b[01m\x1b[K/usr/include/boost/variant/variant.hpp:1759:5:\x1b[m\x1b[K \x1b[01;36m\x1b[Knote: \x1b[m\x1b[Kcandidate: \xe2\x80\x98\x1b[01m\x1b[Kboost::variant<T0, TN>::variant(const boost::variant<T0, TN>&) [with T0_ = pinocchio::JointModelRevoluteTpl<double, 0, 0>; TN = {pinocchio::JointModelRevoluteTpl<double, 0, 1>, pinocchio::JointModelRevoluteTpl<double, 0, 2>, pinocchio::JointModelFreeFlyerTpl<double, 0>, pinocchio::JointModelPlanarTpl<double, 0>, pinocchio::JointModelRevoluteUnalignedTpl<double, 0>, pinocchio::JointModelSphericalTpl<double, 0>, pinocchio::JointModelSphericalZYXTpl<double, 0>, pinocchio::JointModelEllipsoidTpl<double, 0>, pinocchio::JointModelPrismaticTpl<double, 0, 0>, pinocchio::JointModelPrismaticTpl<double, 0, 1>, pinocchio::JointModelPrismaticTpl<double, 0, 2>, pinocchio::JointModelPrismaticUnalignedTpl<double, 0>, pinocchio::JointModelTranslationTpl<double, 0>, pinocchio::JointModelRevoluteUnboundedTpl<double, 0, 0>, pinocchio::JointModelRevoluteUnboundedTpl<double, 0, 1>, pinocchio::JointModelRevoluteUnboundedTpl<double, 0, 2>, pinocchio::JointModelRevoluteUnboundedUnalignedTpl<double, 0>, pinocchio::JointModelHelicalTpl<double, 0, 0>, pinocchio::JointModelHelicalTpl<double, 0, 1>, pinocchio::JointModelHelicalTpl<double, 0, 2>, pinocchio::JointModelHelicalUnalignedTpl<double, 0>, pinocchio::JointModelUniversalTpl<double, 0>, boost::recursive_wrapper<pinocchio::JointModelCompositeTpl<double, 0, pinocchio::JointCollectionDefaultTpl> >, boost::recursive_wrapper<pinocchio::JointModelMimicTpl<double, 0, pinocchio::JointCollectionDefaultTpl> >}]\x1b[m\x1b[K\xe2\x80\x99\n'}
[5.916913] (gim_arm_hardware) StderrLine: {'line': b' 1759 |     \x1b[01;36m\x1b[Kvariant\x1b[m\x1b[K(const variant& operand)\n'}
[5.916940] (gim_arm_hardware) StderrLine: {'line': b'      |     \x1b[01;36m\x1b[K^~~~~~~\x1b[m\x1b[K\n'}
[5.916963] (gim_arm_hardware) StderrLine: {'line': b'\x1b[01m\x1b[K/usr/include/boost/variant/variant.hpp:1759:28:\x1b[m\x1b[K \x1b[01;36m\x1b[Knote: \x1b[m\x1b[K  no known conversion for argument 1 from \xe2\x80\x98\x1b[01m\x1b[Kconst JointModelDerived\x1b[m\x1b[K\xe2\x80\x99 {aka \xe2\x80\x98\x1b[01m\x1b[Kconst pinocchio::JointModelRevoluteTpl<double, 0, 1>\x1b[m\x1b[K\xe2\x80\x99} to \xe2\x80\x98\x1b[01m\x1b[Kconst boost::variant<pinocchio::JointModelRevoluteTpl<double, 0, 0>, pinocchio::JointModelRevoluteTpl<double, 0, 1>, pinocchio::JointModelRevoluteTpl<double, 0, 2>, pinocchio::JointModelFreeFlyerTpl<double, 0>, pinocchio::JointModelPlanarTpl<double, 0>, pinocchio::JointModelRevoluteUnalignedTpl<double, 0>, pinocchio::JointModelSphericalTpl<double, 0>, pinocchio::JointModelSphericalZYXTpl<double, 0>, pinocchio::JointModelEllipsoidTpl<double, 0>, pinocchio::JointModelPrismaticTpl<double, 0, 0>, pinocchio::JointModelPrismaticTpl<double, 0, 1>, pinocchio::JointModelPrismaticTpl<double, 0, 2>, pinocchio::JointModelPrismaticUnalignedTpl<double, 0>, pinocchio::JointModelTranslationTpl<double, 0>, pinocchio::JointModelRevoluteUnboundedTpl<double, 0, 0>, pinocchio::JointModelRevoluteUnboundedTpl<double, 0, 1>, pinocchio::JointModelRevoluteUnboundedTpl<double, 0, 2>, pinocchio::JointModelRevoluteUnboundedUnalignedTpl<double, 0>, pinocchio::JointModelHelicalTpl<double, 0, 0>, pinocchio::JointModelHelicalTpl<double, 0, 1>, pinocchio::JointModelHelicalTpl<double, 0, 2>, pinocchio::JointModelHelicalUnalignedTpl<double, 0>, pinocchio::JointModelUniversalTpl<double, 0>, boost::recursive_wrapper<pinocchio::JointModelCompositeTpl<double, 0, pinocchio::JointCollectionDefaultTpl> >, boost::recursive_wrapper<pinocchio::JointModelMimicTpl<double, 0, pinocchio::JointCollectionDefaultTpl> > >&\x1b[m\x1b[K\xe2\x80\x99\n'}
[5.916996] (gim_arm_hardware) StderrLine: {'line': b' 1759 |     variant(\x1b[01;36m\x1b[Kconst variant& operand\x1b[m\x1b[K)\n'}
[5.917020] (gim_arm_hardware) StderrLine: {'line': b'      |             \x1b[01;36m\x1b[K~~~~~~~~~~~~~~~^~~~~~~\x1b[m\x1b[K\n'}
[5.917043] (gim_arm_hardware) StderrLine: {'line': b'\x1b[01m\x1b[K/usr/include/boost/variant/variant.hpp:1375:5:\x1b[m\x1b[K \x1b[01;36m\x1b[Knote: \x1b[m\x1b[Kcandidate: \xe2\x80\x98\x1b[01m\x1b[Kboost::variant<T0, TN>::variant() [with T0_ = pinocchio::JointModelRevoluteTpl<double, 0, 0>; TN = {pinocchio::JointModelRevoluteTpl<double, 0, 1>, pinocchio::JointModelRevoluteTpl<double, 0, 2>, pinocchio::JointModelFreeFlyerTpl<double, 0>, pinocchio::JointModelPlanarTpl<double, 0>, pinocchio::JointModelRevoluteUnalignedTpl<double, 0>, pinocchio::JointModelSphericalTpl<double, 0>, pinocchio::JointModelSphericalZYXTpl<double, 0>, pinocchio::JointModelEllipsoidTpl<double, 0>, pinocchio::JointModelPrismaticTpl<double, 0, 0>, pinocchio::JointModelPrismaticTpl<double, 0, 1>, pinocchio::JointModelPrismaticTpl<double, 0, 2>, pinocchio::JointModelPrismaticUnalignedTpl<double, 0>, pinocchio::JointModelTranslationTpl<double, 0>, pinocchio::JointModelRevoluteUnboundedTpl<double, 0, 0>, pinocchio::JointModelRevoluteUnboundedTpl<double, 0, 1>, pinocchio::JointModelRevoluteUnboundedTpl<double, 0, 2>, pinocchio::JointModelRevoluteUnboundedUnalignedTpl<double, 0>, pinocchio::JointModelHelicalTpl<double, 0, 0>, pinocchio::JointModelHelicalTpl<double, 0, 1>, pinocchio::JointModelHelicalTpl<double, 0, 2>, pinocchio::JointModelHelicalUnalignedTpl<double, 0>, pinocchio::JointModelUniversalTpl<double, 0>, boost::recursive_wrapper<pinocchio::JointModelCompositeTpl<double, 0, pinocchio::JointCollectionDefaultTpl> >, boost::recursive_wrapper<pinocchio::JointModelMimicTpl<double, 0, pinocchio::JointCollectionDefaultTpl> >}]\x1b[m\x1b[K\xe2\x80\x99\n'}
[5.917074] (gim_arm_hardware) StderrLine: {'line': b' 1375 |     \x1b[01;36m\x1b[Kvariant\x1b[m\x1b[K()\n'}
[5.917097] (gim_arm_hardware) StderrLine: {'line': b'      |     \x1b[01;36m\x1b[K^~~~~~~\x1b[m\x1b[K\n'}
[5.917120] (gim_arm_hardware) StderrLine: {'line': b'\x1b[01m\x1b[K/usr/include/boost/variant/variant.hpp:1375:5:\x1b[m\x1b[K \x1b[01;36m\x1b[Knote: \x1b[m\x1b[K  candidate expects 0 arguments, 1 provided\n'}
[5.917144] (gim_arm_hardware) StderrLine: {'line': b'In file included from \x1b[01m\x1b[K/opt/ros/humble/include/pinocchio/multibody/joint.hpp:84\x1b[m\x1b[K,\n'}
[5.917172] (gim_arm_hardware) StderrLine: {'line': b'                 from \x1b[01m\x1b[K/opt/ros/humble/include/pinocchio/multibody.hpp:43\x1b[m\x1b[K,\n'}
[5.917195] (gim_arm_hardware) StderrLine: {'line': b'                 from \x1b[01m\x1b[K/opt/ros/humble/include/pinocchio/parsers/urdf.hpp:27\x1b[m\x1b[K,\n'}
[5.917219] (gim_arm_hardware) StderrLine: {'line': b'                 from \x1b[01m\x1b[K/home/minh/gim60108_ws/src/gim_arm_hardware/include/gim_arm_hardware/gim_arm_system.hpp:17\x1b[m\x1b[K,\n'}
[5.917243] (gim_arm_hardware) StderrLine: {'line': b'                 from \x1b[01m\x1b[K/home/minh/gim60108_ws/src/gim_arm_hardware/src/gim_arm_system.cpp:1\x1b[m\x1b[K:\n'}
[5.917267] (gim_arm_hardware) StderrLine: {'line': b'/opt/ros/humble/include/pinocchio/src/multibody/joint/joint-generic.hxx: In instantiation of \xe2\x80\x98\x1b[01m\x1b[Kpinocchio::JointModelTpl<Scalar, Options, JointCollectionTpl>::JointModelTpl(const pinocchio::JointModelBase<OtherDerived>&) [with JointModelDerived = pinocchio::JointModelRevoluteTpl<double, 0, 2>; _Scalar = double; int _Options = 0; JointCollectionTpl = pinocchio::JointCollectionDefaultTpl]\x1b[m\x1b[K\xe2\x80\x99:\n'}
[5.917291] (gim_arm_hardware) StderrLine: {'line': b'\x1b[01m\x1b[K/opt/ros/humble/include/pinocchio/src/parsers/urdf/model.hxx:509:34:\x1b[m\x1b[K   required from \xe2\x80\x98\x1b[01m\x1b[Kpinocchio::JointIndex pinocchio::urdf::details::UrdfVisitor::addJoint(const Vector3&, const Frame&, const SE3&, const string&, const VectorConstRef&, const VectorConstRef&, const VectorConstRef&, const VectorConstRef&, const VectorConstRef&, const VectorConstRef&, const VectorConstRef&, const VectorConstRef&, const VectorConstRef&, const VectorConstRef&) [with TypeX = pinocchio::JointModelRevoluteTpl<double, 0, 0>; TypeY = pinocchio::JointModelRevoluteTpl<double, 0, 1>; TypeZ = pinocchio::JointModelRevoluteTpl<double, 0, 2>; TypeUnaligned = pinocchio::JointModelRevoluteUnalignedTpl<double>; pinocchio::JointIndex = long unsigned int; pinocchio::urdf::details::UrdfVisitor::Vector3 = Eigen::Matrix<double, 3, 1>; pinocchio::urdf::details::UrdfVisitor::Frame = pinocchio::FrameTpl<double, 0>; pinocchio::urdf::details::UrdfVisitor::SE3 = pinocchio::SE3Tpl<double, 0>; std::string = std::__cxx11::basic_string<char>; pinocchio::urdf::details::UrdfVisitor::VectorConstRef = Eigen::Ref<const Eigen::Matrix<double, -1, 1> >]\x1b[m\x1b[K\xe2\x80\x99\n'}
[5.917324] (gim_arm_hardware) StderrLine: {'line': b'\x1b[01m\x1b[K/opt/ros/humble/include/pinocchio/src/parsers/urdf/model.hxx:245:69:\x1b[m\x1b[K   required from here\n'}
[5.917347] (gim_arm_hardware) StderrLine: {'line': b'\x1b[01m\x1b[K/opt/ros/humble/include/pinocchio/src/multibody/joint/joint-generic.hxx:306:25:\x1b[m\x1b[K \x1b[01;31m\x1b[Kerror: \x1b[m\x1b[Kno matching function for call to \xe2\x80\x98\x1b[01m\x1b[Kboost::variant<pinocchio::JointModelRevoluteTpl<double, 0, 0>, pinocchio::JointModelRevoluteTpl<double, 0, 1>, pinocchio::JointModelRevoluteTpl<double, 0, 2>, pinocchio::JointModelFreeFlyerTpl<double, 0>, pinocchio::JointModelPlanarTpl<double, 0>, pinocchio::JointModelRevoluteUnalignedTpl<double, 0>, pinocchio::JointModelSphericalTpl<double, 0>, pinocchio::JointModelSphericalZYXTpl<double, 0>, pinocchio::JointModelEllipsoidTpl<double, 0>, pinocchio::JointModelPrismaticTpl<double, 0, 0>, pinocchio::JointModelPrismaticTpl<double, 0, 1>, pinocchio::JointModelPrismaticTpl<double, 0, 2>, pinocchio::JointModelPrismaticUnalignedTpl<double, 0>, pinocchio::JointModelTranslationTpl<double, 0>, pinocchio::JointModelRevoluteUnboundedTpl<double, 0, 0>, pinocchio::JointModelRevoluteUnboundedTpl<double, 0, 1>, pinocchio::JointModelRevoluteUnboundedTpl<double, 0, 2>, pinocchio::JointModelRevoluteUnboundedUnalignedTpl<double, 0>, pinocchio::JointModelHelicalTpl<double, 0, 0>, pinocchio::JointModelHelicalTpl<double, 0, 1>, pinocchio::JointModelHelicalTpl<double, 0, 2>, pinocchio::JointModelHelicalUnalignedTpl<double, 0>, pinocchio::JointModelUniversalTpl<double, 0>, boost::recursive_wrapper<pinocchio::JointModelCompositeTpl<double, 0, pinocchio::JointCollectionDefaultTpl> >, boost::recursive_wrapper<pinocchio::JointModelMimicTpl<double, 0, pinocchio::JointCollectionDefaultTpl> > >::variant(const JointModelDerived&)\x1b[m\x1b[K\xe2\x80\x99\n'}
[5.917380] (gim_arm_hardware) StderrLine: {'line': b'  306 |     : JointModelVariant(\x1b[01;31m\x1b[K(JointModelVariant)jmodel.derived()\x1b[m\x1b[K)\n'}
[5.917404] (gim_arm_hardware) StderrLine: {'line': b'      |                         \x1b[01;31m\x1b[K^~~~~~~~~~~~~~~~~~~~~~~~~~~~~~~~~~~\x1b[m\x1b[K\n'}
[5.917427] (gim_arm_hardware) StderrLine: {'line': b'In file included from \x1b[01m\x1b[K/usr/include/boost/variant.hpp:17\x1b[m\x1b[K,\n'}
[5.917455] (gim_arm_hardware) StderrLine: {'line': b'                 from \x1b[01m\x1b[K/opt/ros/humble/include/pinocchio/multibody.hpp:21\x1b[m\x1b[K,\n'}
[5.917486] (gim_arm_hardware) StderrLine: {'line': b'                 from \x1b[01m\x1b[K/opt/ros/humble/include/pinocchio/parsers/urdf.hpp:27\x1b[m\x1b[K,\n'}
[5.917510] (gim_arm_hardware) StderrLine: {'line': b'                 from \x1b[01m\x1b[K/home/minh/gim60108_ws/src/gim_arm_hardware/include/gim_arm_hardware/gim_arm_system.hpp:17\x1b[m\x1b[K,\n'}
[5.917533] (gim_arm_hardware) StderrLine: {'line': b'                 from \x1b[01m\x1b[K/home/minh/gim60108_ws/src/gim_arm_hardware/src/gim_arm_system.cpp:1\x1b[m\x1b[K:\n'}
[5.917557] (gim_arm_hardware) StderrLine: {'line': b'\x1b[01m\x1b[K/usr/include/boost/variant/variant.hpp:1770:5:\x1b[m\x1b[K \x1b[01;36m\x1b[Knote: \x1b[m\x1b[Kcandidate: \xe2\x80\x98\x1b[01m\x1b[Kboost::variant<T0, TN>::variant(boost::variant<T0, TN>&&) [with T0_ = pinocchio::JointModelRevoluteTpl<double, 0, 0>; TN = {pinocchio::JointModelRevoluteTpl<double, 0, 1>, pinocchio::JointModelRevoluteTpl<double, 0, 2>, pinocchio::JointModelFreeFlyerTpl<double, 0>, pinocchio::JointModelPlanarTpl<double, 0>, pinocchio::JointModelRevoluteUnalignedTpl<double, 0>, pinocchio::JointModelSphericalTpl<double, 0>, pinocchio::JointModelSphericalZYXTpl<double, 0>, pinocchio::JointModelEllipsoidTpl<double, 0>, pinocchio::JointModelPrismaticTpl<double, 0, 0>, pinocchio::JointModelPrismaticTpl<double, 0, 1>, pinocchio::JointModelPrismaticTpl<double, 0, 2>, pinocchio::JointModelPrismaticUnalignedTpl<double, 0>, pinocchio::JointModelTranslationTpl<double, 0>, pinocchio::JointModelRevoluteUnboundedTpl<double, 0, 0>, pinocchio::JointModelRevoluteUnboundedTpl<double, 0, 1>, pinocchio::JointModelRevoluteUnboundedTpl<double, 0, 2>, pinocchio::JointModelRevoluteUnboundedUnalignedTpl<double, 0>, pinocchio::JointModelHelicalTpl<double, 0, 0>, pinocchio::JointModelHelicalTpl<double, 0, 1>, pinocchio::JointModelHelicalTpl<double, 0, 2>, pinocchio::JointModelHelicalUnalignedTpl<double, 0>, pinocchio::JointModelUniversalTpl<double, 0>, boost::recursive_wrapper<pinocchio::JointModelCompositeTpl<double, 0, pinocchio::JointCollectionDefaultTpl> >, boost::recursive_wrapper<pinocchio::JointModelMimicTpl<double, 0, pinocchio::JointCollectionDefaultTpl> >}]\x1b[m\x1b[K\xe2\x80\x99\n'}
[5.917589] (-) TimerEvent: {}
[5.917648] (gim_arm_hardware) StderrLine: {'line': b' 1770 |     \x1b[01;36m\x1b[Kvariant\x1b[m\x1b[K(variant&& operand) BOOST_NOEXCEPT_IF(variant_move_noexcept_constructible::type::value)\n'}
[5.917682] (gim_arm_hardware) StderrLine: {'line': b'      |     \x1b[01;36m\x1b[K^~~~~~~\x1b[m\x1b[K\n'}
[5.917710] (gim_arm_hardware) StderrLine: {'line': b'\x1b[01m\x1b[K/usr/include/boost/variant/variant.hpp:1770:23:\x1b[m\x1b[K \x1b[01;36m\x1b[Knote: \x1b[m\x1b[K  no known conversion for argument 1 from \xe2\x80\x98\x1b[01m\x1b[Kconst JointModelDerived\x1b[m\x1b[K\xe2\x80\x99 {aka \xe2\x80\x98\x1b[01m\x1b[Kconst pinocchio::JointModelRevoluteTpl<double, 0, 2>\x1b[m\x1b[K\xe2\x80\x99} to \xe2\x80\x98\x1b[01m\x1b[Kboost::variant<pinocchio::JointModelRevoluteTpl<double, 0, 0>, pinocchio::JointModelRevoluteTpl<double, 0, 1>, pinocchio::JointModelRevoluteTpl<double, 0, 2>, pinocchio::JointModelFreeFlyerTpl<double, 0>, pinocchio::JointModelPlanarTpl<double, 0>, pinocchio::JointModelRevoluteUnalignedTpl<double, 0>, pinocchio::JointModelSphericalTpl<double, 0>, pinocchio::JointModelSphericalZYXTpl<double, 0>, pinocchio::JointModelEllipsoidTpl<double, 0>, pinocchio::JointModelPrismaticTpl<double, 0, 0>, pinocchio::JointModelPrismaticTpl<double, 0, 1>, pinocchio::JointModelPrismaticTpl<double, 0, 2>, pinocchio::JointModelPrismaticUnalignedTpl<double, 0>, pinocchio::JointModelTranslationTpl<double, 0>, pinocchio::JointModelRevoluteUnboundedTpl<double, 0, 0>, pinocchio::JointModelRevoluteUnboundedTpl<double, 0, 1>, pinocchio::JointModelRevoluteUnboundedTpl<double, 0, 2>, pinocchio::JointModelRevoluteUnboundedUnalignedTpl<double, 0>, pinocchio::JointModelHelicalTpl<double, 0, 0>, pinocchio::JointModelHelicalTpl<double, 0, 1>, pinocchio::JointModelHelicalTpl<double, 0, 2>, pinocchio::JointModelHelicalUnalignedTpl<double, 0>, pinocchio::JointModelUniversalTpl<double, 0>, boost::recursive_wrapper<pinocchio::JointModelCompositeTpl<double, 0, pinocchio::JointCollectionDefaultTpl> >, boost::recursive_wrapper<pinocchio::JointModelMimicTpl<double, 0, pinocchio::JointCollectionDefaultTpl> > >&&\x1b[m\x1b[K\xe2\x80\x99\n'}
[5.917743] (gim_arm_hardware) StderrLine: {'line': b' 1770 |     variant(\x1b[01;36m\x1b[Kvariant&& operand\x1b[m\x1b[K) BOOST_NOEXCEPT_IF(variant_move_noexcept_constructible::type::value)\n'}
[5.917769] (gim_arm_hardware) StderrLine: {'line': b'      |             \x1b[01;36m\x1b[K~~~~~~~~~~^~~~~~~\x1b[m\x1b[K\n'}
[5.917794] (gim_arm_hardware) StderrLine: {'line': b'\x1b[01m\x1b[K/usr/include/boost/variant/variant.hpp:1759:5:\x1b[m\x1b[K \x1b[01;36m\x1b[Knote: \x1b[m\x1b[Kcandidate: \xe2\x80\x98\x1b[01m\x1b[Kboost::variant<T0, TN>::variant(const boost::variant<T0, TN>&) [with T0_ = pinocchio::JointModelRevoluteTpl<double, 0, 0>; TN = {pinocchio::JointModelRevoluteTpl<double, 0, 1>, pinocchio::JointModelRevoluteTpl<double, 0, 2>, pinocchio::JointModelFreeFlyerTpl<double, 0>, pinocchio::JointModelPlanarTpl<double, 0>, pinocchio::JointModelRevoluteUnalignedTpl<double, 0>, pinocchio::JointModelSphericalTpl<double, 0>, pinocchio::JointModelSphericalZYXTpl<double, 0>, pinocchio::JointModelEllipsoidTpl<double, 0>, pinocchio::JointModelPrismaticTpl<double, 0, 0>, pinocchio::JointModelPrismaticTpl<double, 0, 1>, pinocchio::JointModelPrismaticTpl<double, 0, 2>, pinocchio::JointModelPrismaticUnalignedTpl<double, 0>, pinocchio::JointModelTranslationTpl<double, 0>, pinocchio::JointModelRevoluteUnboundedTpl<double, 0, 0>, pinocchio::JointModelRevoluteUnboundedTpl<double, 0, 1>, pinocchio::JointModelRevoluteUnboundedTpl<double, 0, 2>, pinocchio::JointModelRevoluteUnboundedUnalignedTpl<double, 0>, pinocchio::JointModelHelicalTpl<double, 0, 0>, pinocchio::JointModelHelicalTpl<double, 0, 1>, pinocchio::JointModelHelicalTpl<double, 0, 2>, pinocchio::JointModelHelicalUnalignedTpl<double, 0>, pinocchio::JointModelUniversalTpl<double, 0>, boost::recursive_wrapper<pinocchio::JointModelCompositeTpl<double, 0, pinocchio::JointCollectionDefaultTpl> >, boost::recursive_wrapper<pinocchio::JointModelMimicTpl<double, 0, pinocchio::JointCollectionDefaultTpl> >}]\x1b[m\x1b[K\xe2\x80\x99\n'}
[5.917834] (gim_arm_hardware) StderrLine: {'line': b' 1759 |     \x1b[01;36m\x1b[Kvariant\x1b[m\x1b[K(const variant& operand)\n'}
[5.917863] (gim_arm_hardware) StderrLine: {'line': b'      |     \x1b[01;36m\x1b[K^~~~~~~\x1b[m\x1b[K\n'}
[5.917887] (gim_arm_hardware) StderrLine: {'line': b'\x1b[01m\x1b[K/usr/include/boost/variant/variant.hpp:1759:28:\x1b[m\x1b[K \x1b[01;36m\x1b[Knote: \x1b[m\x1b[K  no known conversion for argument 1 from \xe2\x80\x98\x1b[01m\x1b[Kconst JointModelDerived\x1b[m\x1b[K\xe2\x80\x99 {aka \xe2\x80\x98\x1b[01m\x1b[Kconst pinocchio::JointModelRevoluteTpl<double, 0, 2>\x1b[m\x1b[K\xe2\x80\x99} to \xe2\x80\x98\x1b[01m\x1b[Kconst boost::variant<pinocchio::JointModelRevoluteTpl<double, 0, 0>, pinocchio::JointModelRevoluteTpl<double, 0, 1>, pinocchio::JointModelRevoluteTpl<double, 0, 2>, pinocchio::JointModelFreeFlyerTpl<double, 0>, pinocchio::JointModelPlanarTpl<double, 0>, pinocchio::JointModelRevoluteUnalignedTpl<double, 0>, pinocchio::JointModelSphericalTpl<double, 0>, pinocchio::JointModelSphericalZYXTpl<double, 0>, pinocchio::JointModelEllipsoidTpl<double, 0>, pinocchio::JointModelPrismaticTpl<double, 0, 0>, pinocchio::JointModelPrismaticTpl<double, 0, 1>, pinocchio::JointModelPrismaticTpl<double, 0, 2>, pinocchio::JointModelPrismaticUnalignedTpl<double, 0>, pinocchio::JointModelTranslationTpl<double, 0>, pinocchio::JointModelRevoluteUnboundedTpl<double, 0, 0>, pinocchio::JointModelRevoluteUnboundedTpl<double, 0, 1>, pinocchio::JointModelRevoluteUnboundedTpl<double, 0, 2>, pinocchio::JointModelRevoluteUnboundedUnalignedTpl<double, 0>, pinocchio::JointModelHelicalTpl<double, 0, 0>, pinocchio::JointModelHelicalTpl<double, 0, 1>, pinocchio::JointModelHelicalTpl<double, 0, 2>, pinocchio::JointModelHelicalUnalignedTpl<double, 0>, pinocchio::JointModelUniversalTpl<double, 0>, boost::recursive_wrapper<pinocchio::JointModelCompositeTpl<double, 0, pinocchio::JointCollectionDefaultTpl> >, boost::recursive_wrapper<pinocchio::JointModelMimicTpl<double, 0, pinocchio::JointCollectionDefaultTpl> > >&\x1b[m\x1b[K\xe2\x80\x99\n'}
[5.917918] (gim_arm_hardware) StderrLine: {'line': b' 1759 |     variant(\x1b[01;36m\x1b[Kconst variant& operand\x1b[m\x1b[K)\n'}
[5.917943] (gim_arm_hardware) StderrLine: {'line': b'      |             \x1b[01;36m\x1b[K~~~~~~~~~~~~~~~^~~~~~~\x1b[m\x1b[K\n'}
[5.917966] (gim_arm_hardware) StderrLine: {'line': b'\x1b[01m\x1b[K/usr/include/boost/variant/variant.hpp:1375:5:\x1b[m\x1b[K \x1b[01;36m\x1b[Knote: \x1b[m\x1b[Kcandidate: \xe2\x80\x98\x1b[01m\x1b[Kboost::variant<T0, TN>::variant() [with T0_ = pinocchio::JointModelRevoluteTpl<double, 0, 0>; TN = {pinocchio::JointModelRevoluteTpl<double, 0, 1>, pinocchio::JointModelRevoluteTpl<double, 0, 2>, pinocchio::JointModelFreeFlyerTpl<double, 0>, pinocchio::JointModelPlanarTpl<double, 0>, pinocchio::JointModelRevoluteUnalignedTpl<double, 0>, pinocchio::JointModelSphericalTpl<double, 0>, pinocchio::JointModelSphericalZYXTpl<double, 0>, pinocchio::JointModelEllipsoidTpl<double, 0>, pinocchio::JointModelPrismaticTpl<double, 0, 0>, pinocchio::JointModelPrismaticTpl<double, 0, 1>, pinocchio::JointModelPrismaticTpl<double, 0, 2>, pinocchio::JointModelPrismaticUnalignedTpl<double, 0>, pinocchio::JointModelTranslationTpl<double, 0>, pinocchio::JointModelRevoluteUnboundedTpl<double, 0, 0>, pinocchio::JointModelRevoluteUnboundedTpl<double, 0, 1>, pinocchio::JointModelRevoluteUnboundedTpl<double, 0, 2>, pinocchio::JointModelRevoluteUnboundedUnalignedTpl<double, 0>, pinocchio::JointModelHelicalTpl<double, 0, 0>, pinocchio::JointModelHelicalTpl<double, 0, 1>, pinocchio::JointModelHelicalTpl<double, 0, 2>, pinocchio::JointModelHelicalUnalignedTpl<double, 0>, pinocchio::JointModelUniversalTpl<double, 0>, boost::recursive_wrapper<pinocchio::JointModelCompositeTpl<double, 0, pinocchio::JointCollectionDefaultTpl> >, boost::recursive_wrapper<pinocchio::JointModelMimicTpl<double, 0, pinocchio::JointCollectionDefaultTpl> >}]\x1b[m\x1b[K\xe2\x80\x99\n'}
[5.918002] (gim_arm_hardware) StderrLine: {'line': b' 1375 |     \x1b[01;36m\x1b[Kvariant\x1b[m\x1b[K()\n'}
[5.918026] (gim_arm_hardware) StderrLine: {'line': b'      |     \x1b[01;36m\x1b[K^~~~~~~\x1b[m\x1b[K\n'}
[5.918049] (gim_arm_hardware) StderrLine: {'line': b'\x1b[01m\x1b[K/usr/include/boost/variant/variant.hpp:1375:5:\x1b[m\x1b[K \x1b[01;36m\x1b[Knote: \x1b[m\x1b[K  candidate expects 0 arguments, 1 provided\n'}
[5.927254] (gim_arm_hardware) StderrLine: {'line': b'In file included from \x1b[01m\x1b[K/opt/ros/humble/include/pinocchio/multibody/joint.hpp:84\x1b[m\x1b[K,\n'}
[5.927428] (gim_arm_hardware) StderrLine: {'line': b'                 from \x1b[01m\x1b[K/opt/ros/humble/include/pinocchio/multibody.hpp:43\x1b[m\x1b[K,\n'}
[5.927688] (gim_arm_hardware) StderrLine: {'line': b'                 from \x1b[01m\x1b[K/opt/ros/humble/include/pinocchio/parsers/urdf.hpp:27\x1b[m\x1b[K,\n'}
[5.927778] (gim_arm_hardware) StderrLine: {'line': b'                 from \x1b[01m\x1b[K/home/minh/gim60108_ws/src/gim_arm_hardware/include/gim_arm_hardware/gim_arm_system.hpp:17\x1b[m\x1b[K,\n'}
[5.927849] (gim_arm_hardware) StderrLine: {'line': b'                 from \x1b[01m\x1b[K/home/minh/gim60108_ws/src/gim_arm_hardware/src/gim_arm_system.cpp:1\x1b[m\x1b[K:\n'}
[5.928222] (gim_arm_hardware) StderrLine: {'line': b'/opt/ros/humble/include/pinocchio/src/multibody/joint/joint-generic.hxx: In instantiation of \xe2\x80\x98\x1b[01m\x1b[Kpinocchio::JointModelTpl<Scalar, Options, JointCollectionTpl>::JointModelTpl(const pinocchio::JointModelBase<OtherDerived>&) [with JointModelDerived = pinocchio::JointModelRevoluteUnalignedTpl<double>; _Scalar = double; int _Options = 0; JointCollectionTpl = pinocchio::JointCollectionDefaultTpl]\x1b[m\x1b[K\xe2\x80\x99:\n'}
[5.928307] (gim_arm_hardware) StderrLine: {'line': b'\x1b[01m\x1b[K/opt/ros/humble/include/pinocchio/src/parsers/urdf/model.hxx:516:34:\x1b[m\x1b[K   required from \xe2\x80\x98\x1b[01m\x1b[Kpinocchio::JointIndex pinocchio::urdf::details::UrdfVisitor::addJoint(const Vector3&, const Frame&, const SE3&, const string&, const VectorConstRef&, const VectorConstRef&, const VectorConstRef&, const VectorConstRef&, const VectorConstRef&, const VectorConstRef&, const VectorConstRef&, const VectorConstRef&, const VectorConstRef&, const VectorConstRef&) [with TypeX = pinocchio::JointModelRevoluteTpl<double, 0, 0>; TypeY = pinocchio::JointModelRevoluteTpl<double, 0, 1>; TypeZ = pinocchio::JointModelRevoluteTpl<double, 0, 2>; TypeUnaligned = pinocchio::JointModelRevoluteUnalignedTpl<double>; pinocchio::JointIndex = long unsigned int; pinocchio::urdf::details::UrdfVisitor::Vector3 = Eigen::Matrix<double, 3, 1>; pinocchio::urdf::details::UrdfVisitor::Frame = pinocchio::FrameTpl<double, 0>; pinocchio::urdf::details::UrdfVisitor::SE3 = pinocchio::SE3Tpl<double, 0>; std::string = std::__cxx11::basic_string<char>; pinocchio::urdf::details::UrdfVisitor::VectorConstRef = Eigen::Ref<const Eigen::Matrix<double, -1, 1> >]\x1b[m\x1b[K\xe2\x80\x99\n'}
[5.928623] (gim_arm_hardware) StderrLine: {'line': b'\x1b[01m\x1b[K/opt/ros/humble/include/pinocchio/src/parsers/urdf/model.hxx:245:69:\x1b[m\x1b[K   required from here\n'}
[5.928754] (gim_arm_hardware) StderrLine: {'line': b'\x1b[01m\x1b[K/opt/ros/humble/include/pinocchio/src/multibody/joint/joint-generic.hxx:306:25:\x1b[m\x1b[K \x1b[01;31m\x1b[Kerror: \x1b[m\x1b[Kno matching function for call to \xe2\x80\x98\x1b[01m\x1b[Kboost::variant<pinocchio::JointModelRevoluteTpl<double, 0, 0>, pinocchio::JointModelRevoluteTpl<double, 0, 1>, pinocchio::JointModelRevoluteTpl<double, 0, 2>, pinocchio::JointModelFreeFlyerTpl<double, 0>, pinocchio::JointModelPlanarTpl<double, 0>, pinocchio::JointModelRevoluteUnalignedTpl<double, 0>, pinocchio::JointModelSphericalTpl<double, 0>, pinocchio::JointModelSphericalZYXTpl<double, 0>, pinocchio::JointModelEllipsoidTpl<double, 0>, pinocchio::JointModelPrismaticTpl<double, 0, 0>, pinocchio::JointModelPrismaticTpl<double, 0, 1>, pinocchio::JointModelPrismaticTpl<double, 0, 2>, pinocchio::JointModelPrismaticUnalignedTpl<double, 0>, pinocchio::JointModelTranslationTpl<double, 0>, pinocchio::JointModelRevoluteUnboundedTpl<double, 0, 0>, pinocchio::JointModelRevoluteUnboundedTpl<double, 0, 1>, pinocchio::JointModelRevoluteUnboundedTpl<double, 0, 2>, pinocchio::JointModelRevoluteUnboundedUnalignedTpl<double, 0>, pinocchio::JointModelHelicalTpl<double, 0, 0>, pinocchio::JointModelHelicalTpl<double, 0, 1>, pinocchio::JointModelHelicalTpl<double, 0, 2>, pinocchio::JointModelHelicalUnalignedTpl<double, 0>, pinocchio::JointModelUniversalTpl<double, 0>, boost::recursive_wrapper<pinocchio::JointModelCompositeTpl<double, 0, pinocchio::JointCollectionDefaultTpl> >, boost::recursive_wrapper<pinocchio::JointModelMimicTpl<double, 0, pinocchio::JointCollectionDefaultTpl> > >::variant(const JointModelDerived&)\x1b[m\x1b[K\xe2\x80\x99\n'}
[5.928814] (gim_arm_hardware) StderrLine: {'line': b'  306 |     : JointModelVariant(\x1b[01;31m\x1b[K(JointModelVariant)jmodel.derived()\x1b[m\x1b[K)\n'}
[5.928840] (gim_arm_hardware) StderrLine: {'line': b'      |                         \x1b[01;31m\x1b[K^~~~~~~~~~~~~~~~~~~~~~~~~~~~~~~~~~~\x1b[m\x1b[K\n'}
[5.928871] (gim_arm_hardware) StderrLine: {'line': b'In file included from \x1b[01m\x1b[K/usr/include/boost/variant.hpp:17\x1b[m\x1b[K,\n'}
[5.928919] (gim_arm_hardware) StderrLine: {'line': b'                 from \x1b[01m\x1b[K/opt/ros/humble/include/pinocchio/multibody.hpp:21\x1b[m\x1b[K,\n'}
[5.928952] (gim_arm_hardware) StderrLine: {'line': b'                 from \x1b[01m\x1b[K/opt/ros/humble/include/pinocchio/parsers/urdf.hpp:27\x1b[m\x1b[K,\n'}
[5.929026] (gim_arm_hardware) StderrLine: {'line': b'                 from \x1b[01m\x1b[K/home/minh/gim60108_ws/src/gim_arm_hardware/include/gim_arm_hardware/gim_arm_system.hpp:17\x1b[m\x1b[K,\n'}
[5.929053] (gim_arm_hardware) StderrLine: {'line': b'                 from \x1b[01m\x1b[K/home/minh/gim60108_ws/src/gim_arm_hardware/src/gim_arm_system.cpp:1\x1b[m\x1b[K:\n'}
[5.929079] (gim_arm_hardware) StderrLine: {'line': b'\x1b[01m\x1b[K/usr/include/boost/variant/variant.hpp:1770:5:\x1b[m\x1b[K \x1b[01;36m\x1b[Knote: \x1b[m\x1b[Kcandidate: \xe2\x80\x98\x1b[01m\x1b[Kboost::variant<T0, TN>::variant(boost::variant<T0, TN>&&) [with T0_ = pinocchio::JointModelRevoluteTpl<double, 0, 0>; TN = {pinocchio::JointModelRevoluteTpl<double, 0, 1>, pinocchio::JointModelRevoluteTpl<double, 0, 2>, pinocchio::JointModelFreeFlyerTpl<double, 0>, pinocchio::JointModelPlanarTpl<double, 0>, pinocchio::JointModelRevoluteUnalignedTpl<double, 0>, pinocchio::JointModelSphericalTpl<double, 0>, pinocchio::JointModelSphericalZYXTpl<double, 0>, pinocchio::JointModelEllipsoidTpl<double, 0>, pinocchio::JointModelPrismaticTpl<double, 0, 0>, pinocchio::JointModelPrismaticTpl<double, 0, 1>, pinocchio::JointModelPrismaticTpl<double, 0, 2>, pinocchio::JointModelPrismaticUnalignedTpl<double, 0>, pinocchio::JointModelTranslationTpl<double, 0>, pinocchio::JointModelRevoluteUnboundedTpl<double, 0, 0>, pinocchio::JointModelRevoluteUnboundedTpl<double, 0, 1>, pinocchio::JointModelRevoluteUnboundedTpl<double, 0, 2>, pinocchio::JointModelRevoluteUnboundedUnalignedTpl<double, 0>, pinocchio::JointModelHelicalTpl<double, 0, 0>, pinocchio::JointModelHelicalTpl<double, 0, 1>, pinocchio::JointModelHelicalTpl<double, 0, 2>, pinocchio::JointModelHelicalUnalignedTpl<double, 0>, pinocchio::JointModelUniversalTpl<double, 0>, boost::recursive_wrapper<pinocchio::JointModelCompositeTpl<double, 0, pinocchio::JointCollectionDefaultTpl> >, boost::recursive_wrapper<pinocchio::JointModelMimicTpl<double, 0, pinocchio::JointCollectionDefaultTpl> >}]\x1b[m\x1b[K\xe2\x80\x99\n'}
[5.929170] (gim_arm_hardware) StderrLine: {'line': b' 1770 |     \x1b[01;36m\x1b[Kvariant\x1b[m\x1b[K(variant&& operand) BOOST_NOEXCEPT_IF(variant_move_noexcept_constructible::type::value)\n'}
[5.929258] (gim_arm_hardware) StderrLine: {'line': b'      |     \x1b[01;36m\x1b[K^~~~~~~\x1b[m\x1b[K\n'}
[5.929285] (gim_arm_hardware) StderrLine: {'line': b'\x1b[01m\x1b[K/usr/include/boost/variant/variant.hpp:1770:23:\x1b[m\x1b[K \x1b[01;36m\x1b[Knote: \x1b[m\x1b[K  no known conversion for argument 1 from \xe2\x80\x98\x1b[01m\x1b[Kconst JointModelDerived\x1b[m\x1b[K\xe2\x80\x99 {aka \xe2\x80\x98\x1b[01m\x1b[Kconst pinocchio::JointModelRevoluteUnalignedTpl<double>\x1b[m\x1b[K\xe2\x80\x99} to \xe2\x80\x98\x1b[01m\x1b[Kboost::variant<pinocchio::JointModelRevoluteTpl<double, 0, 0>, pinocchio::JointModelRevoluteTpl<double, 0, 1>, pinocchio::JointModelRevoluteTpl<double, 0, 2>, pinocchio::JointModelFreeFlyerTpl<double, 0>, pinocchio::JointModelPlanarTpl<double, 0>, pinocchio::JointModelRevoluteUnalignedTpl<double, 0>, pinocchio::JointModelSphericalTpl<double, 0>, pinocchio::JointModelSphericalZYXTpl<double, 0>, pinocchio::JointModelEllipsoidTpl<double, 0>, pinocchio::JointModelPrismaticTpl<double, 0, 0>, pinocchio::JointModelPrismaticTpl<double, 0, 1>, pinocchio::JointModelPrismaticTpl<double, 0, 2>, pinocchio::JointModelPrismaticUnalignedTpl<double, 0>, pinocchio::JointModelTranslationTpl<double, 0>, pinocchio::JointModelRevoluteUnboundedTpl<double, 0, 0>, pinocchio::JointModelRevoluteUnboundedTpl<double, 0, 1>, pinocchio::JointModelRevoluteUnboundedTpl<double, 0, 2>, pinocchio::JointModelRevoluteUnboundedUnalignedTpl<double, 0>, pinocchio::JointModelHelicalTpl<double, 0, 0>, pinocchio::JointModelHelicalTpl<double, 0, 1>, pinocchio::JointModelHelicalTpl<double, 0, 2>, pinocchio::JointModelHelicalUnalignedTpl<double, 0>, pinocchio::JointModelUniversalTpl<double, 0>, boost::recursive_wrapper<pinocchio::JointModelCompositeTpl<double, 0, pinocchio::JointCollectionDefaultTpl> >, boost::recursive_wrapper<pinocchio::JointModelMimicTpl<double, 0, pinocchio::JointCollectionDefaultTpl> > >&&\x1b[m\x1b[K\xe2\x80\x99\n'}
[5.929321] (gim_arm_hardware) StderrLine: {'line': b' 1770 |     variant(\x1b[01;36m\x1b[Kvariant&& operand\x1b[m\x1b[K) BOOST_NOEXCEPT_IF(variant_move_noexcept_constructible::type::value)\n'}
[5.929351] (gim_arm_hardware) StderrLine: {'line': b'      |             \x1b[01;36m\x1b[K~~~~~~~~~~^~~~~~~\x1b[m\x1b[K\n'}
[5.929377] (gim_arm_hardware) StderrLine: {'line': b'\x1b[01m\x1b[K/usr/include/boost/variant/variant.hpp:1759:5:\x1b[m\x1b[K \x1b[01;36m\x1b[Knote: \x1b[m\x1b[Kcandidate: \xe2\x80\x98\x1b[01m\x1b[Kboost::variant<T0, TN>::variant(const boost::variant<T0, TN>&) [with T0_ = pinocchio::JointModelRevoluteTpl<double, 0, 0>; TN = {pinocchio::JointModelRevoluteTpl<double, 0, 1>, pinocchio::JointModelRevoluteTpl<double, 0, 2>, pinocchio::JointModelFreeFlyerTpl<double, 0>, pinocchio::JointModelPlanarTpl<double, 0>, pinocchio::JointModelRevoluteUnalignedTpl<double, 0>, pinocchio::JointModelSphericalTpl<double, 0>, pinocchio::JointModelSphericalZYXTpl<double, 0>, pinocchio::JointModelEllipsoidTpl<double, 0>, pinocchio::JointModelPrismaticTpl<double, 0, 0>, pinocchio::JointModelPrismaticTpl<double, 0, 1>, pinocchio::JointModelPrismaticTpl<double, 0, 2>, pinocchio::JointModelPrismaticUnalignedTpl<double, 0>, pinocchio::JointModelTranslationTpl<double, 0>, pinocchio::JointModelRevoluteUnboundedTpl<double, 0, 0>, pinocchio::JointModelRevoluteUnboundedTpl<double, 0, 1>, pinocchio::JointModelRevoluteUnboundedTpl<double, 0, 2>, pinocchio::JointModelRevoluteUnboundedUnalignedTpl<double, 0>, pinocchio::JointModelHelicalTpl<double, 0, 0>, pinocchio::JointModelHelicalTpl<double, 0, 1>, pinocchio::JointModelHelicalTpl<double, 0, 2>, pinocchio::JointModelHelicalUnalignedTpl<double, 0>, pinocchio::JointModelUniversalTpl<double, 0>, boost::recursive_wrapper<pinocchio::JointModelCompositeTpl<double, 0, pinocchio::JointCollectionDefaultTpl> >, boost::recursive_wrapper<pinocchio::JointModelMimicTpl<double, 0, pinocchio::JointCollectionDefaultTpl> >}]\x1b[m\x1b[K\xe2\x80\x99\n'}
[5.929513] (gim_arm_hardware) StderrLine: {'line': b' 1759 |     \x1b[01;36m\x1b[Kvariant\x1b[m\x1b[K(const variant& operand)\n'}
[5.929544] (gim_arm_hardware) StderrLine: {'line': b'      |     \x1b[01;36m\x1b[K^~~~~~~\x1b[m\x1b[K\n'}
[5.929570] (gim_arm_hardware) StderrLine: {'line': b'\x1b[01m\x1b[K/usr/include/boost/variant/variant.hpp:1759:28:\x1b[m\x1b[K \x1b[01;36m\x1b[Knote: \x1b[m\x1b[K  no known conversion for argument 1 from \xe2\x80\x98\x1b[01m\x1b[Kconst JointModelDerived\x1b[m\x1b[K\xe2\x80\x99 {aka \xe2\x80\x98\x1b[01m\x1b[Kconst pinocchio::JointModelRevoluteUnalignedTpl<double>\x1b[m\x1b[K\xe2\x80\x99} to \xe2\x80\x98\x1b[01m\x1b[Kconst boost::variant<pinocchio::JointModelRevoluteTpl<double, 0, 0>, pinocchio::JointModelRevoluteTpl<double, 0, 1>, pinocchio::JointModelRevoluteTpl<double, 0, 2>, pinocchio::JointModelFreeFlyerTpl<double, 0>, pinocchio::JointModelPlanarTpl<double, 0>, pinocchio::JointModelRevoluteUnalignedTpl<double, 0>, pinocchio::JointModelSphericalTpl<double, 0>, pinocchio::JointModelSphericalZYXTpl<double, 0>, pinocchio::JointModelEllipsoidTpl<double, 0>, pinocchio::JointModelPrismaticTpl<double, 0, 0>, pinocchio::JointModelPrismaticTpl<double, 0, 1>, pinocchio::JointModelPrismaticTpl<double, 0, 2>, pinocchio::JointModelPrismaticUnalignedTpl<double, 0>, pinocchio::JointModelTranslationTpl<double, 0>, pinocchio::JointModelRevoluteUnboundedTpl<double, 0, 0>, pinocchio::JointModelRevoluteUnboundedTpl<double, 0, 1>, pinocchio::JointModelRevoluteUnboundedTpl<double, 0, 2>, pinocchio::JointModelRevoluteUnboundedUnalignedTpl<double, 0>, pinocchio::JointModelHelicalTpl<double, 0, 0>, pinocchio::JointModelHelicalTpl<double, 0, 1>, pinocchio::JointModelHelicalTpl<double, 0, 2>, pinocchio::JointModelHelicalUnalignedTpl<double, 0>, pinocchio::JointModelUniversalTpl<double, 0>, boost::recursive_wrapper<pinocchio::JointModelCompositeTpl<double, 0, pinocchio::JointCollectionDefaultTpl> >, boost::recursive_wrapper<pinocchio::JointModelMimicTpl<double, 0, pinocchio::JointCollectionDefaultTpl> > >&\x1b[m\x1b[K\xe2\x80\x99\n'}
[5.929672] (gim_arm_hardware) StderrLine: {'line': b' 1759 |     variant(\x1b[01;36m\x1b[Kconst variant& operand\x1b[m\x1b[K)\n'}
[5.929701] (gim_arm_hardware) StderrLine: {'line': b'      |             \x1b[01;36m\x1b[K~~~~~~~~~~~~~~~^~~~~~~\x1b[m\x1b[K\n'}
[5.929727] (gim_arm_hardware) StderrLine: {'line': b'\x1b[01m\x1b[K/usr/include/boost/variant/variant.hpp:1375:5:\x1b[m\x1b[K \x1b[01;36m\x1b[Knote: \x1b[m\x1b[Kcandidate: \xe2\x80\x98\x1b[01m\x1b[Kboost::variant<T0, TN>::variant() [with T0_ = pinocchio::JointModelRevoluteTpl<double, 0, 0>; TN = {pinocchio::JointModelRevoluteTpl<double, 0, 1>, pinocchio::JointModelRevoluteTpl<double, 0, 2>, pinocchio::JointModelFreeFlyerTpl<double, 0>, pinocchio::JointModelPlanarTpl<double, 0>, pinocchio::JointModelRevoluteUnalignedTpl<double, 0>, pinocchio::JointModelSphericalTpl<double, 0>, pinocchio::JointModelSphericalZYXTpl<double, 0>, pinocchio::JointModelEllipsoidTpl<double, 0>, pinocchio::JointModelPrismaticTpl<double, 0, 0>, pinocchio::JointModelPrismaticTpl<double, 0, 1>, pinocchio::JointModelPrismaticTpl<double, 0, 2>, pinocchio::JointModelPrismaticUnalignedTpl<double, 0>, pinocchio::JointModelTranslationTpl<double, 0>, pinocchio::JointModelRevoluteUnboundedTpl<double, 0, 0>, pinocchio::JointModelRevoluteUnboundedTpl<double, 0, 1>, pinocchio::JointModelRevoluteUnboundedTpl<double, 0, 2>, pinocchio::JointModelRevoluteUnboundedUnalignedTpl<double, 0>, pinocchio::JointModelHelicalTpl<double, 0, 0>, pinocchio::JointModelHelicalTpl<double, 0, 1>, pinocchio::JointModelHelicalTpl<double, 0, 2>, pinocchio::JointModelHelicalUnalignedTpl<double, 0>, pinocchio::JointModelUniversalTpl<double, 0>, boost::recursive_wrapper<pinocchio::JointModelCompositeTpl<double, 0, pinocchio::JointCollectionDefaultTpl> >, boost::recursive_wrapper<pinocchio::JointModelMimicTpl<double, 0, pinocchio::JointCollectionDefaultTpl> >}]\x1b[m\x1b[K\xe2\x80\x99\n'}
[5.929795] (gim_arm_hardware) StderrLine: {'line': b' 1375 |     \x1b[01;36m\x1b[Kvariant\x1b[m\x1b[K()\n'}
[5.929821] (gim_arm_hardware) StderrLine: {'line': b'      |     \x1b[01;36m\x1b[K^~~~~~~\x1b[m\x1b[K\n'}
[5.929846] (gim_arm_hardware) StderrLine: {'line': b'\x1b[01m\x1b[K/usr/include/boost/variant/variant.hpp:1375:5:\x1b[m\x1b[K \x1b[01;36m\x1b[Knote: \x1b[m\x1b[K  candidate expects 0 arguments, 1 provided\n'}
[5.929872] (gim_arm_hardware) StderrLine: {'line': b'In file included from \x1b[01m\x1b[K/opt/ros/humble/include/pinocchio/multibody/joint.hpp:84\x1b[m\x1b[K,\n'}
[5.929897] (gim_arm_hardware) StderrLine: {'line': b'                 from \x1b[01m\x1b[K/opt/ros/humble/include/pinocchio/multibody.hpp:43\x1b[m\x1b[K,\n'}
[5.929921] (gim_arm_hardware) StderrLine: {'line': b'                 from \x1b[01m\x1b[K/opt/ros/humble/include/pinocchio/parsers/urdf.hpp:27\x1b[m\x1b[K,\n'}
[5.929961] (gim_arm_hardware) StderrLine: {'line': b'                 from \x1b[01m\x1b[K/home/minh/gim60108_ws/src/gim_arm_hardware/include/gim_arm_hardware/gim_arm_system.hpp:17\x1b[m\x1b[K,\n'}
[5.929990] (gim_arm_hardware) StderrLine: {'line': b'                 from \x1b[01m\x1b[K/home/minh/gim60108_ws/src/gim_arm_hardware/src/gim_arm_system.cpp:1\x1b[m\x1b[K:\n'}
[5.930017] (gim_arm_hardware) StderrLine: {'line': b'/opt/ros/humble/include/pinocchio/src/multibody/joint/joint-generic.hxx: In instantiation of \xe2\x80\x98\x1b[01m\x1b[Kpinocchio::JointModelTpl<Scalar, Options, JointCollectionTpl>::JointModelTpl(const pinocchio::JointModelBase<OtherDerived>&) [with JointModelDerived = pinocchio::JointModelRevoluteUnboundedTpl<double, 0, 0>; _Scalar = double; int _Options = 0; JointCollectionTpl = pinocchio::JointCollectionDefaultTpl]\x1b[m\x1b[K\xe2\x80\x99:\n'}
[5.930046] (gim_arm_hardware) StderrLine: {'line': b'\x1b[01m\x1b[K/opt/ros/humble/include/pinocchio/src/parsers/urdf/model.hxx:495:34:\x1b[m\x1b[K   required from \xe2\x80\x98\x1b[01m\x1b[Kpinocchio::JointIndex pinocchio::urdf::details::UrdfVisitor::addJoint(const Vector3&, const Frame&, const SE3&, const string&, const VectorConstRef&, const VectorConstRef&, const VectorConstRef&, const VectorConstRef&, const VectorConstRef&, const VectorConstRef&, const VectorConstRef&, const VectorConstRef&, const VectorConstRef&, const VectorConstRef&) [with TypeX = pinocchio::JointModelRevoluteUnboundedTpl<double, 0, 0>; TypeY = pinocchio::JointModelRevoluteUnboundedTpl<double, 0, 1>; TypeZ = pinocchio::JointModelRevoluteUnboundedTpl<double, 0, 2>; TypeUnaligned = pinocchio::JointModelRevoluteUnboundedUnalignedTpl<double>; pinocchio::JointIndex = long unsigned int; pinocchio::urdf::details::UrdfVisitor::Vector3 = Eigen::Matrix<double, 3, 1>; pinocchio::urdf::details::UrdfVisitor::Frame = pinocchio::FrameTpl<double, 0>; pinocchio::urdf::details::UrdfVisitor::SE3 = pinocchio::SE3Tpl<double, 0>; std::string = std::__cxx11::basic_string<char>; pinocchio::urdf::details::UrdfVisitor::VectorConstRef = Eigen::Ref<const Eigen::Matrix<double, -1, 1> >]\x1b[m\x1b[K\xe2\x80\x99\n'}
[5.930119] (gim_arm_hardware) StderrLine: {'line': b'\x1b[01m\x1b[K/opt/ros/humble/include/pinocchio/src/parsers/urdf/model.hxx:254:78:\x1b[m\x1b[K   required from here\n'}
[5.930176] (gim_arm_hardware) StderrLine: {'line': b'\x1b[01m\x1b[K/opt/ros/humble/include/pinocchio/src/multibody/joint/joint-generic.hxx:306:25:\x1b[m\x1b[K \x1b[01;31m\x1b[Kerror: \x1b[m\x1b[Kno matching function for call to \xe2\x80\x98\x1b[01m\x1b[Kboost::variant<pinocchio::JointModelRevoluteTpl<double, 0, 0>, pinocchio::JointModelRevoluteTpl<double, 0, 1>, pinocchio::JointModelRevoluteTpl<double, 0, 2>, pinocchio::JointModelFreeFlyerTpl<double, 0>, pinocchio::JointModelPlanarTpl<double, 0>, pinocchio::JointModelRevoluteUnalignedTpl<double, 0>, pinocchio::JointModelSphericalTpl<double, 0>, pinocchio::JointModelSphericalZYXTpl<double, 0>, pinocchio::JointModelEllipsoidTpl<double, 0>, pinocchio::JointModelPrismaticTpl<double, 0, 0>, pinocchio::JointModelPrismaticTpl<double, 0, 1>, pinocchio::JointModelPrismaticTpl<double, 0, 2>, pinocchio::JointModelPrismaticUnalignedTpl<double, 0>, pinocchio::JointModelTranslationTpl<double, 0>, pinocchio::JointModelRevoluteUnboundedTpl<double, 0, 0>, pinocchio::JointModelRevoluteUnboundedTpl<double, 0, 1>, pinocchio::JointModelRevoluteUnboundedTpl<double, 0, 2>, pinocchio::JointModelRevoluteUnboundedUnalignedTpl<double, 0>, pinocchio::JointModelHelicalTpl<double, 0, 0>, pinocchio::JointModelHelicalTpl<double, 0, 1>, pinocchio::JointModelHelicalTpl<double, 0, 2>, pinocchio::JointModelHelicalUnalignedTpl<double, 0>, pinocchio::JointModelUniversalTpl<double, 0>, boost::recursive_wrapper<pinocchio::JointModelCompositeTpl<double, 0, pinocchio::JointCollectionDefaultTpl> >, boost::recursive_wrapper<pinocchio::JointModelMimicTpl<double, 0, pinocchio::JointCollectionDefaultTpl> > >::variant(const JointModelDerived&)\x1b[m\x1b[K\xe2\x80\x99\n'}
[5.930208] (gim_arm_hardware) StderrLine: {'line': b'  306 |     : JointModelVariant(\x1b[01;31m\x1b[K(JointModelVariant)jmodel.derived()\x1b[m\x1b[K)\n'}
[5.930232] (gim_arm_hardware) StderrLine: {'line': b'      |                         \x1b[01;31m\x1b[K^~~~~~~~~~~~~~~~~~~~~~~~~~~~~~~~~~~\x1b[m\x1b[K\n'}
[5.930256] (gim_arm_hardware) StderrLine: {'line': b'In file included from \x1b[01m\x1b[K/usr/include/boost/variant.hpp:17\x1b[m\x1b[K,\n'}
[5.930280] (gim_arm_hardware) StderrLine: {'line': b'                 from \x1b[01m\x1b[K/opt/ros/humble/include/pinocchio/multibody.hpp:21\x1b[m\x1b[K,\n'}
[5.930304] (gim_arm_hardware) StderrLine: {'line': b'                 from \x1b[01m\x1b[K/opt/ros/humble/include/pinocchio/parsers/urdf.hpp:27\x1b[m\x1b[K,\n'}
[5.930327] (gim_arm_hardware) StderrLine: {'line': b'                 from \x1b[01m\x1b[K/home/minh/gim60108_ws/src/gim_arm_hardware/include/gim_arm_hardware/gim_arm_system.hpp:17\x1b[m\x1b[K,\n'}
[5.930351] (gim_arm_hardware) StderrLine: {'line': b'                 from \x1b[01m\x1b[K/home/minh/gim60108_ws/src/gim_arm_hardware/src/gim_arm_system.cpp:1\x1b[m\x1b[K:\n'}
[5.930375] (gim_arm_hardware) StderrLine: {'line': b'\x1b[01m\x1b[K/usr/include/boost/variant/variant.hpp:1770:5:\x1b[m\x1b[K \x1b[01;36m\x1b[Knote: \x1b[m\x1b[Kcandidate: \xe2\x80\x98\x1b[01m\x1b[Kboost::variant<T0, TN>::variant(boost::variant<T0, TN>&&) [with T0_ = pinocchio::JointModelRevoluteTpl<double, 0, 0>; TN = {pinocchio::JointModelRevoluteTpl<double, 0, 1>, pinocchio::JointModelRevoluteTpl<double, 0, 2>, pinocchio::JointModelFreeFlyerTpl<double, 0>, pinocchio::JointModelPlanarTpl<double, 0>, pinocchio::JointModelRevoluteUnalignedTpl<double, 0>, pinocchio::JointModelSphericalTpl<double, 0>, pinocchio::JointModelSphericalZYXTpl<double, 0>, pinocchio::JointModelEllipsoidTpl<double, 0>, pinocchio::JointModelPrismaticTpl<double, 0, 0>, pinocchio::JointModelPrismaticTpl<double, 0, 1>, pinocchio::JointModelPrismaticTpl<double, 0, 2>, pinocchio::JointModelPrismaticUnalignedTpl<double, 0>, pinocchio::JointModelTranslationTpl<double, 0>, pinocchio::JointModelRevoluteUnboundedTpl<double, 0, 0>, pinocchio::JointModelRevoluteUnboundedTpl<double, 0, 1>, pinocchio::JointModelRevoluteUnboundedTpl<double, 0, 2>, pinocchio::JointModelRevoluteUnboundedUnalignedTpl<double, 0>, pinocchio::JointModelHelicalTpl<double, 0, 0>, pinocchio::JointModelHelicalTpl<double, 0, 1>, pinocchio::JointModelHelicalTpl<double, 0, 2>, pinocchio::JointModelHelicalUnalignedTpl<double, 0>, pinocchio::JointModelUniversalTpl<double, 0>, boost::recursive_wrapper<pinocchio::JointModelCompositeTpl<double, 0, pinocchio::JointCollectionDefaultTpl> >, boost::recursive_wrapper<pinocchio::JointModelMimicTpl<double, 0, pinocchio::JointCollectionDefaultTpl> >}]\x1b[m\x1b[K\xe2\x80\x99\n'}
[5.930411] (gim_arm_hardware) StderrLine: {'line': b' 1770 |     \x1b[01;36m\x1b[Kvariant\x1b[m\x1b[K(variant&& operand) BOOST_NOEXCEPT_IF(variant_move_noexcept_constructible::type::value)\n'}
[5.930434] (gim_arm_hardware) StderrLine: {'line': b'      |     \x1b[01;36m\x1b[K^~~~~~~\x1b[m\x1b[K\n'}
[5.930469] (gim_arm_hardware) StderrLine: {'line': b'\x1b[01m\x1b[K/usr/include/boost/variant/variant.hpp:1770:23:\x1b[m\x1b[K \x1b[01;36m\x1b[Knote: \x1b[m\x1b[K  no known conversion for argument 1 from \xe2\x80\x98\x1b[01m\x1b[Kconst JointModelDerived\x1b[m\x1b[K\xe2\x80\x99 {aka \xe2\x80\x98\x1b[01m\x1b[Kconst pinocchio::JointModelRevoluteUnboundedTpl<double, 0, 0>\x1b[m\x1b[K\xe2\x80\x99} to \xe2\x80\x98\x1b[01m\x1b[Kboost::variant<pinocchio::JointModelRevoluteTpl<double, 0, 0>, pinocchio::JointModelRevoluteTpl<double, 0, 1>, pinocchio::JointModelRevoluteTpl<double, 0, 2>, pinocchio::JointModelFreeFlyerTpl<double, 0>, pinocchio::JointModelPlanarTpl<double, 0>, pinocchio::JointModelRevoluteUnalignedTpl<double, 0>, pinocchio::JointModelSphericalTpl<double, 0>, pinocchio::JointModelSphericalZYXTpl<double, 0>, pinocchio::JointModelEllipsoidTpl<double, 0>, pinocchio::JointModelPrismaticTpl<double, 0, 0>, pinocchio::JointModelPrismaticTpl<double, 0, 1>, pinocchio::JointModelPrismaticTpl<double, 0, 2>, pinocchio::JointModelPrismaticUnalignedTpl<double, 0>, pinocchio::JointModelTranslationTpl<double, 0>, pinocchio::JointModelRevoluteUnboundedTpl<double, 0, 0>, pinocchio::JointModelRevoluteUnboundedTpl<double, 0, 1>, pinocchio::JointModelRevoluteUnboundedTpl<double, 0, 2>, pinocchio::JointModelRevoluteUnboundedUnalignedTpl<double, 0>, pinocchio::JointModelHelicalTpl<double, 0, 0>, pinocchio::JointModelHelicalTpl<double, 0, 1>, pinocchio::JointModelHelicalTpl<double, 0, 2>, pinocchio::JointModelHelicalUnalignedTpl<double, 0>, pinocchio::JointModelUniversalTpl<double, 0>, boost::recursive_wrapper<pinocchio::JointModelCompositeTpl<double, 0, pinocchio::JointCollectionDefaultTpl> >, boost::recursive_wrapper<pinocchio::JointModelMimicTpl<double, 0, pinocchio::JointCollectionDefaultTpl> > >&&\x1b[m\x1b[K\xe2\x80\x99\n'}
[5.930507] (gim_arm_hardware) StderrLine: {'line': b' 1770 |     variant(\x1b[01;36m\x1b[Kvariant&& operand\x1b[m\x1b[K) BOOST_NOEXCEPT_IF(variant_move_noexcept_constructible::type::value)\n'}
[5.930531] (gim_arm_hardware) StderrLine: {'line': b'      |             \x1b[01;36m\x1b[K~~~~~~~~~~^~~~~~~\x1b[m\x1b[K\n'}
[5.930555] (gim_arm_hardware) StderrLine: {'line': b'\x1b[01m\x1b[K/usr/include/boost/variant/variant.hpp:1759:5:\x1b[m\x1b[K \x1b[01;36m\x1b[Knote: \x1b[m\x1b[Kcandidate: \xe2\x80\x98\x1b[01m\x1b[Kboost::variant<T0, TN>::variant(const boost::variant<T0, TN>&) [with T0_ = pinocchio::JointModelRevoluteTpl<double, 0, 0>; TN = {pinocchio::JointModelRevoluteTpl<double, 0, 1>, pinocchio::JointModelRevoluteTpl<double, 0, 2>, pinocchio::JointModelFreeFlyerTpl<double, 0>, pinocchio::JointModelPlanarTpl<double, 0>, pinocchio::JointModelRevoluteUnalignedTpl<double, 0>, pinocchio::JointModelSphericalTpl<double, 0>, pinocchio::JointModelSphericalZYXTpl<double, 0>, pinocchio::JointModelEllipsoidTpl<double, 0>, pinocchio::JointModelPrismaticTpl<double, 0, 0>, pinocchio::JointModelPrismaticTpl<double, 0, 1>, pinocchio::JointModelPrismaticTpl<double, 0, 2>, pinocchio::JointModelPrismaticUnalignedTpl<double, 0>, pinocchio::JointModelTranslationTpl<double, 0>, pinocchio::JointModelRevoluteUnboundedTpl<double, 0, 0>, pinocchio::JointModelRevoluteUnboundedTpl<double, 0, 1>, pinocchio::JointModelRevoluteUnboundedTpl<double, 0, 2>, pinocchio::JointModelRevoluteUnboundedUnalignedTpl<double, 0>, pinocchio::JointModelHelicalTpl<double, 0, 0>, pinocchio::JointModelHelicalTpl<double, 0, 1>, pinocchio::JointModelHelicalTpl<double, 0, 2>, pinocchio::JointModelHelicalUnalignedTpl<double, 0>, pinocchio::JointModelUniversalTpl<double, 0>, boost::recursive_wrapper<pinocchio::JointModelCompositeTpl<double, 0, pinocchio::JointCollectionDefaultTpl> >, boost::recursive_wrapper<pinocchio::JointModelMimicTpl<double, 0, pinocchio::JointCollectionDefaultTpl> >}]\x1b[m\x1b[K\xe2\x80\x99\n'}
[5.930587] (gim_arm_hardware) StderrLine: {'line': b' 1759 |     \x1b[01;36m\x1b[Kvariant\x1b[m\x1b[K(const variant& operand)\n'}
[5.930611] (gim_arm_hardware) StderrLine: {'line': b'      |     \x1b[01;36m\x1b[K^~~~~~~\x1b[m\x1b[K\n'}
[5.930635] (gim_arm_hardware) StderrLine: {'line': b'\x1b[01m\x1b[K/usr/include/boost/variant/variant.hpp:1759:28:\x1b[m\x1b[K \x1b[01;36m\x1b[Knote: \x1b[m\x1b[K  no known conversion for argument 1 from \xe2\x80\x98\x1b[01m\x1b[Kconst JointModelDerived\x1b[m\x1b[K\xe2\x80\x99 {aka \xe2\x80\x98\x1b[01m\x1b[Kconst pinocchio::JointModelRevoluteUnboundedTpl<double, 0, 0>\x1b[m\x1b[K\xe2\x80\x99} to \xe2\x80\x98\x1b[01m\x1b[Kconst boost::variant<pinocchio::JointModelRevoluteTpl<double, 0, 0>, pinocchio::JointModelRevoluteTpl<double, 0, 1>, pinocchio::JointModelRevoluteTpl<double, 0, 2>, pinocchio::JointModelFreeFlyerTpl<double, 0>, pinocchio::JointModelPlanarTpl<double, 0>, pinocchio::JointModelRevoluteUnalignedTpl<double, 0>, pinocchio::JointModelSphericalTpl<double, 0>, pinocchio::JointModelSphericalZYXTpl<double, 0>, pinocchio::JointModelEllipsoidTpl<double, 0>, pinocchio::JointModelPrismaticTpl<double, 0, 0>, pinocchio::JointModelPrismaticTpl<double, 0, 1>, pinocchio::JointModelPrismaticTpl<double, 0, 2>, pinocchio::JointModelPrismaticUnalignedTpl<double, 0>, pinocchio::JointModelTranslationTpl<double, 0>, pinocchio::JointModelRevoluteUnboundedTpl<double, 0, 0>, pinocchio::JointModelRevoluteUnboundedTpl<double, 0, 1>, pinocchio::JointModelRevoluteUnboundedTpl<double, 0, 2>, pinocchio::JointModelRevoluteUnboundedUnalignedTpl<double, 0>, pinocchio::JointModelHelicalTpl<double, 0, 0>, pinocchio::JointModelHelicalTpl<double, 0, 1>, pinocchio::JointModelHelicalTpl<double, 0, 2>, pinocchio::JointModelHelicalUnalignedTpl<double, 0>, pinocchio::JointModelUniversalTpl<double, 0>, boost::recursive_wrapper<pinocchio::JointModelCompositeTpl<double, 0, pinocchio::JointCollectionDefaultTpl> >, boost::recursive_wrapper<pinocchio::JointModelMimicTpl<double, 0, pinocchio::JointCollectionDefaultTpl> > >&\x1b[m\x1b[K\xe2\x80\x99\n'}
[5.930665] (gim_arm_hardware) StderrLine: {'line': b' 1759 |     variant(\x1b[01;36m\x1b[Kconst variant& operand\x1b[m\x1b[K)\n'}
[5.930688] (gim_arm_hardware) StderrLine: {'line': b'      |             \x1b[01;36m\x1b[K~~~~~~~~~~~~~~~^~~~~~~\x1b[m\x1b[K\n'}
[5.930711] (gim_arm_hardware) StderrLine: {'line': b'\x1b[01m\x1b[K/usr/include/boost/variant/variant.hpp:1375:5:\x1b[m\x1b[K \x1b[01;36m\x1b[Knote: \x1b[m\x1b[Kcandidate: \xe2\x80\x98\x1b[01m\x1b[Kboost::variant<T0, TN>::variant() [with T0_ = pinocchio::JointModelRevoluteTpl<double, 0, 0>; TN = {pinocchio::JointModelRevoluteTpl<double, 0, 1>, pinocchio::JointModelRevoluteTpl<double, 0, 2>, pinocchio::JointModelFreeFlyerTpl<double, 0>, pinocchio::JointModelPlanarTpl<double, 0>, pinocchio::JointModelRevoluteUnalignedTpl<double, 0>, pinocchio::JointModelSphericalTpl<double, 0>, pinocchio::JointModelSphericalZYXTpl<double, 0>, pinocchio::JointModelEllipsoidTpl<double, 0>, pinocchio::JointModelPrismaticTpl<double, 0, 0>, pinocchio::JointModelPrismaticTpl<double, 0, 1>, pinocchio::JointModelPrismaticTpl<double, 0, 2>, pinocchio::JointModelPrismaticUnalignedTpl<double, 0>, pinocchio::JointModelTranslationTpl<double, 0>, pinocchio::JointModelRevoluteUnboundedTpl<double, 0, 0>, pinocchio::JointModelRevoluteUnboundedTpl<double, 0, 1>, pinocchio::JointModelRevoluteUnboundedTpl<double, 0, 2>, pinocchio::JointModelRevoluteUnboundedUnalignedTpl<double, 0>, pinocchio::JointModelHelicalTpl<double, 0, 0>, pinocchio::JointModelHelicalTpl<double, 0, 1>, pinocchio::JointModelHelicalTpl<double, 0, 2>, pinocchio::JointModelHelicalUnalignedTpl<double, 0>, pinocchio::JointModelUniversalTpl<double, 0>, boost::recursive_wrapper<pinocchio::JointModelCompositeTpl<double, 0, pinocchio::JointCollectionDefaultTpl> >, boost::recursive_wrapper<pinocchio::JointModelMimicTpl<double, 0, pinocchio::JointCollectionDefaultTpl> >}]\x1b[m\x1b[K\xe2\x80\x99\n'}
[5.930746] (gim_arm_hardware) StderrLine: {'line': b' 1375 |     \x1b[01;36m\x1b[Kvariant\x1b[m\x1b[K()\n'}
[5.930770] (gim_arm_hardware) StderrLine: {'line': b'      |     \x1b[01;36m\x1b[K^~~~~~~\x1b[m\x1b[K\n'}
[5.930794] (gim_arm_hardware) StderrLine: {'line': b'\x1b[01m\x1b[K/usr/include/boost/variant/variant.hpp:1375:5:\x1b[m\x1b[K \x1b[01;36m\x1b[Knote: \x1b[m\x1b[K  candidate expects 0 arguments, 1 provided\n'}
[5.930818] (gim_arm_hardware) StderrLine: {'line': b'In file included from \x1b[01m\x1b[K/opt/ros/humble/include/pinocchio/multibody/joint.hpp:84\x1b[m\x1b[K,\n'}
[5.930841] (gim_arm_hardware) StderrLine: {'line': b'                 from \x1b[01m\x1b[K/opt/ros/humble/include/pinocchio/multibody.hpp:43\x1b[m\x1b[K,\n'}
[5.930869] (gim_arm_hardware) StderrLine: {'line': b'                 from \x1b[01m\x1b[K/opt/ros/humble/include/pinocchio/parsers/urdf.hpp:27\x1b[m\x1b[K,\n'}
[5.930892] (gim_arm_hardware) StderrLine: {'line': b'                 from \x1b[01m\x1b[K/home/minh/gim60108_ws/src/gim_arm_hardware/include/gim_arm_hardware/gim_arm_system.hpp:17\x1b[m\x1b[K,\n'}
[5.930916] (gim_arm_hardware) StderrLine: {'line': b'                 from \x1b[01m\x1b[K/home/minh/gim60108_ws/src/gim_arm_hardware/src/gim_arm_system.cpp:1\x1b[m\x1b[K:\n'}
[5.930942] (gim_arm_hardware) StderrLine: {'line': b'/opt/ros/humble/include/pinocchio/src/multibody/joint/joint-generic.hxx: In instantiation of \xe2\x80\x98\x1b[01m\x1b[Kpinocchio::JointModelTpl<Scalar, Options, JointCollectionTpl>::JointModelTpl(const pinocchio::JointModelBase<OtherDerived>&) [with JointModelDerived = pinocchio::JointModelRevoluteUnboundedTpl<double, 0, 1>; _Scalar = double; int _Options = 0; JointCollectionTpl = pinocchio::JointCollectionDefaultTpl]\x1b[m\x1b[K\xe2\x80\x99:\n'}
[5.930968] (gim_arm_hardware) StderrLine: {'line': b'\x1b[01m\x1b[K/opt/ros/humble/include/pinocchio/src/parsers/urdf/model.hxx:502:34:\x1b[m\x1b[K   required from \xe2\x80\x98\x1b[01m\x1b[Kpinocchio::JointIndex pinocchio::urdf::details::UrdfVisitor::addJoint(const Vector3&, const Frame&, const SE3&, const string&, const VectorConstRef&, const VectorConstRef&, const VectorConstRef&, const VectorConstRef&, const VectorConstRef&, const VectorConstRef&, const VectorConstRef&, const VectorConstRef&, const VectorConstRef&, const VectorConstRef&) [with TypeX = pinocchio::JointModelRevoluteUnboundedTpl<double, 0, 0>; TypeY = pinocchio::JointModelRevoluteUnboundedTpl<double, 0, 1>; TypeZ = pinocchio::JointModelRevoluteUnboundedTpl<double, 0, 2>; TypeUnaligned = pinocchio::JointModelRevoluteUnboundedUnalignedTpl<double>; pinocchio::JointIndex = long unsigned int; pinocchio::urdf::details::UrdfVisitor::Vector3 = Eigen::Matrix<double, 3, 1>; pinocchio::urdf::details::UrdfVisitor::Frame = pinocchio::FrameTpl<double, 0>; pinocchio::urdf::details::UrdfVisitor::SE3 = pinocchio::SE3Tpl<double, 0>; std::string = std::__cxx11::basic_string<char>; pinocchio::urdf::details::UrdfVisitor::VectorConstRef = Eigen::Ref<const Eigen::Matrix<double, -1, 1> >]\x1b[m\x1b[K\xe2\x80\x99\n'}
[5.930995] (gim_arm_hardware) StderrLine: {'line': b'\x1b[01m\x1b[K/opt/ros/humble/include/pinocchio/src/parsers/urdf/model.hxx:254:78:\x1b[m\x1b[K   required from here\n'}
[5.931018] (gim_arm_hardware) StderrLine: {'line': b'\x1b[01m\x1b[K/opt/ros/humble/include/pinocchio/src/multibody/joint/joint-generic.hxx:306:25:\x1b[m\x1b[K \x1b[01;31m\x1b[Kerror: \x1b[m\x1b[Kno matching function for call to \xe2\x80\x98\x1b[01m\x1b[Kboost::variant<pinocchio::JointModelRevoluteTpl<double, 0, 0>, pinocchio::JointModelRevoluteTpl<double, 0, 1>, pinocchio::JointModelRevoluteTpl<double, 0, 2>, pinocchio::JointModelFreeFlyerTpl<double, 0>, pinocchio::JointModelPlanarTpl<double, 0>, pinocchio::JointModelRevoluteUnalignedTpl<double, 0>, pinocchio::JointModelSphericalTpl<double, 0>, pinocchio::JointModelSphericalZYXTpl<double, 0>, pinocchio::JointModelEllipsoidTpl<double, 0>, pinocchio::JointModelPrismaticTpl<double, 0, 0>, pinocchio::JointModelPrismaticTpl<double, 0, 1>, pinocchio::JointModelPrismaticTpl<double, 0, 2>, pinocchio::JointModelPrismaticUnalignedTpl<double, 0>, pinocchio::JointModelTranslationTpl<double, 0>, pinocchio::JointModelRevoluteUnboundedTpl<double, 0, 0>, pinocchio::JointModelRevoluteUnboundedTpl<double, 0, 1>, pinocchio::JointModelRevoluteUnboundedTpl<double, 0, 2>, pinocchio::JointModelRevoluteUnboundedUnalignedTpl<double, 0>, pinocchio::JointModelHelicalTpl<double, 0, 0>, pinocchio::JointModelHelicalTpl<double, 0, 1>, pinocchio::JointModelHelicalTpl<double, 0, 2>, pinocchio::JointModelHelicalUnalignedTpl<double, 0>, pinocchio::JointModelUniversalTpl<double, 0>, boost::recursive_wrapper<pinocchio::JointModelCompositeTpl<double, 0, pinocchio::JointCollectionDefaultTpl> >, boost::recursive_wrapper<pinocchio::JointModelMimicTpl<double, 0, pinocchio::JointCollectionDefaultTpl> > >::variant(const JointModelDerived&)\x1b[m\x1b[K\xe2\x80\x99\n'}
[5.931054] (gim_arm_hardware) StderrLine: {'line': b'  306 |     : JointModelVariant(\x1b[01;31m\x1b[K(JointModelVariant)jmodel.derived()\x1b[m\x1b[K)\n'}
[5.931078] (gim_arm_hardware) StderrLine: {'line': b'      |                         \x1b[01;31m\x1b[K^~~~~~~~~~~~~~~~~~~~~~~~~~~~~~~~~~~\x1b[m\x1b[K\n'}
[5.931102] (gim_arm_hardware) StderrLine: {'line': b'In file included from \x1b[01m\x1b[K/usr/include/boost/variant.hpp:17\x1b[m\x1b[K,\n'}
[5.931126] (gim_arm_hardware) StderrLine: {'line': b'                 from \x1b[01m\x1b[K/opt/ros/humble/include/pinocchio/multibody.hpp:21\x1b[m\x1b[K,\n'}
[5.931149] (gim_arm_hardware) StderrLine: {'line': b'                 from \x1b[01m\x1b[K/opt/ros/humble/include/pinocchio/parsers/urdf.hpp:27\x1b[m\x1b[K,\n'}
[5.931175] (gim_arm_hardware) StderrLine: {'line': b'                 from \x1b[01m\x1b[K/home/minh/gim60108_ws/src/gim_arm_hardware/include/gim_arm_hardware/gim_arm_system.hpp:17\x1b[m\x1b[K,\n'}
[5.931199] (gim_arm_hardware) StderrLine: {'line': b'                 from \x1b[01m\x1b[K/home/minh/gim60108_ws/src/gim_arm_hardware/src/gim_arm_system.cpp:1\x1b[m\x1b[K:\n'}
[5.931222] (gim_arm_hardware) StderrLine: {'line': b'\x1b[01m\x1b[K/usr/include/boost/variant/variant.hpp:1770:5:\x1b[m\x1b[K \x1b[01;36m\x1b[Knote: \x1b[m\x1b[Kcandidate: \xe2\x80\x98\x1b[01m\x1b[Kboost::variant<T0, TN>::variant(boost::variant<T0, TN>&&) [with T0_ = pinocchio::JointModelRevoluteTpl<double, 0, 0>; TN = {pinocchio::JointModelRevoluteTpl<double, 0, 1>, pinocchio::JointModelRevoluteTpl<double, 0, 2>, pinocchio::JointModelFreeFlyerTpl<double, 0>, pinocchio::JointModelPlanarTpl<double, 0>, pinocchio::JointModelRevoluteUnalignedTpl<double, 0>, pinocchio::JointModelSphericalTpl<double, 0>, pinocchio::JointModelSphericalZYXTpl<double, 0>, pinocchio::JointModelEllipsoidTpl<double, 0>, pinocchio::JointModelPrismaticTpl<double, 0, 0>, pinocchio::JointModelPrismaticTpl<double, 0, 1>, pinocchio::JointModelPrismaticTpl<double, 0, 2>, pinocchio::JointModelPrismaticUnalignedTpl<double, 0>, pinocchio::JointModelTranslationTpl<double, 0>, pinocchio::JointModelRevoluteUnboundedTpl<double, 0, 0>, pinocchio::JointModelRevoluteUnboundedTpl<double, 0, 1>, pinocchio::JointModelRevoluteUnboundedTpl<double, 0, 2>, pinocchio::JointModelRevoluteUnboundedUnalignedTpl<double, 0>, pinocchio::JointModelHelicalTpl<double, 0, 0>, pinocchio::JointModelHelicalTpl<double, 0, 1>, pinocchio::JointModelHelicalTpl<double, 0, 2>, pinocchio::JointModelHelicalUnalignedTpl<double, 0>, pinocchio::JointModelUniversalTpl<double, 0>, boost::recursive_wrapper<pinocchio::JointModelCompositeTpl<double, 0, pinocchio::JointCollectionDefaultTpl> >, boost::recursive_wrapper<pinocchio::JointModelMimicTpl<double, 0, pinocchio::JointCollectionDefaultTpl> >}]\x1b[m\x1b[K\xe2\x80\x99\n'}
[5.931252] (gim_arm_hardware) StderrLine: {'line': b' 1770 |     \x1b[01;36m\x1b[Kvariant\x1b[m\x1b[K(variant&& operand) BOOST_NOEXCEPT_IF(variant_move_noexcept_constructible::type::value)\n'}
[5.931279] (gim_arm_hardware) StderrLine: {'line': b'      |     \x1b[01;36m\x1b[K^~~~~~~\x1b[m\x1b[K\n'}
[5.931302] (gim_arm_hardware) StderrLine: {'line': b'\x1b[01m\x1b[K/usr/include/boost/variant/variant.hpp:1770:23:\x1b[m\x1b[K \x1b[01;36m\x1b[Knote: \x1b[m\x1b[K  no known conversion for argument 1 from \xe2\x80\x98\x1b[01m\x1b[Kconst JointModelDerived\x1b[m\x1b[K\xe2\x80\x99 {aka \xe2\x80\x98\x1b[01m\x1b[Kconst pinocchio::JointModelRevoluteUnboundedTpl<double, 0, 1>\x1b[m\x1b[K\xe2\x80\x99} to \xe2\x80\x98\x1b[01m\x1b[Kboost::variant<pinocchio::JointModelRevoluteTpl<double, 0, 0>, pinocchio::JointModelRevoluteTpl<double, 0, 1>, pinocchio::JointModelRevoluteTpl<double, 0, 2>, pinocchio::JointModelFreeFlyerTpl<double, 0>, pinocchio::JointModelPlanarTpl<double, 0>, pinocchio::JointModelRevoluteUnalignedTpl<double, 0>, pinocchio::JointModelSphericalTpl<double, 0>, pinocchio::JointModelSphericalZYXTpl<double, 0>, pinocchio::JointModelEllipsoidTpl<double, 0>, pinocchio::JointModelPrismaticTpl<double, 0, 0>, pinocchio::JointModelPrismaticTpl<double, 0, 1>, pinocchio::JointModelPrismaticTpl<double, 0, 2>, pinocchio::JointModelPrismaticUnalignedTpl<double, 0>, pinocchio::JointModelTranslationTpl<double, 0>, pinocchio::JointModelRevoluteUnboundedTpl<double, 0, 0>, pinocchio::JointModelRevoluteUnboundedTpl<double, 0, 1>, pinocchio::JointModelRevoluteUnboundedTpl<double, 0, 2>, pinocchio::JointModelRevoluteUnboundedUnalignedTpl<double, 0>, pinocchio::JointModelHelicalTpl<double, 0, 0>, pinocchio::JointModelHelicalTpl<double, 0, 1>, pinocchio::JointModelHelicalTpl<double, 0, 2>, pinocchio::JointModelHelicalUnalignedTpl<double, 0>, pinocchio::JointModelUniversalTpl<double, 0>, boost::recursive_wrapper<pinocchio::JointModelCompositeTpl<double, 0, pinocchio::JointCollectionDefaultTpl> >, boost::recursive_wrapper<pinocchio::JointModelMimicTpl<double, 0, pinocchio::JointCollectionDefaultTpl> > >&&\x1b[m\x1b[K\xe2\x80\x99\n'}
[5.931332] (gim_arm_hardware) StderrLine: {'line': b' 1770 |     variant(\x1b[01;36m\x1b[Kvariant&& operand\x1b[m\x1b[K) BOOST_NOEXCEPT_IF(variant_move_noexcept_constructible::type::value)\n'}
[5.931355] (gim_arm_hardware) StderrLine: {'line': b'      |             \x1b[01;36m\x1b[K~~~~~~~~~~^~~~~~~\x1b[m\x1b[K\n'}
[5.931378] (gim_arm_hardware) StderrLine: {'line': b'\x1b[01m\x1b[K/usr/include/boost/variant/variant.hpp:1759:5:\x1b[m\x1b[K \x1b[01;36m\x1b[Knote: \x1b[m\x1b[Kcandidate: \xe2\x80\x98\x1b[01m\x1b[Kboost::variant<T0, TN>::variant(const boost::variant<T0, TN>&) [with T0_ = pinocchio::JointModelRevoluteTpl<double, 0, 0>; TN = {pinocchio::JointModelRevoluteTpl<double, 0, 1>, pinocchio::JointModelRevoluteTpl<double, 0, 2>, pinocchio::JointModelFreeFlyerTpl<double, 0>, pinocchio::JointModelPlanarTpl<double, 0>, pinocchio::JointModelRevoluteUnalignedTpl<double, 0>, pinocchio::JointModelSphericalTpl<double, 0>, pinocchio::JointModelSphericalZYXTpl<double, 0>, pinocchio::JointModelEllipsoidTpl<double, 0>, pinocchio::JointModelPrismaticTpl<double, 0, 0>, pinocchio::JointModelPrismaticTpl<double, 0, 1>, pinocchio::JointModelPrismaticTpl<double, 0, 2>, pinocchio::JointModelPrismaticUnalignedTpl<double, 0>, pinocchio::JointModelTranslationTpl<double, 0>, pinocchio::JointModelRevoluteUnboundedTpl<double, 0, 0>, pinocchio::JointModelRevoluteUnboundedTpl<double, 0, 1>, pinocchio::JointModelRevoluteUnboundedTpl<double, 0, 2>, pinocchio::JointModelRevoluteUnboundedUnalignedTpl<double, 0>, pinocchio::JointModelHelicalTpl<double, 0, 0>, pinocchio::JointModelHelicalTpl<double, 0, 1>, pinocchio::JointModelHelicalTpl<double, 0, 2>, pinocchio::JointModelHelicalUnalignedTpl<double, 0>, pinocchio::JointModelUniversalTpl<double, 0>, boost::recursive_wrapper<pinocchio::JointModelCompositeTpl<double, 0, pinocchio::JointCollectionDefaultTpl> >, boost::recursive_wrapper<pinocchio::JointModelMimicTpl<double, 0, pinocchio::JointCollectionDefaultTpl> >}]\x1b[m\x1b[K\xe2\x80\x99\n'}
[5.931413] (gim_arm_hardware) StderrLine: {'line': b' 1759 |     \x1b[01;36m\x1b[Kvariant\x1b[m\x1b[K(const variant& operand)\n'}
[5.931437] (gim_arm_hardware) StderrLine: {'line': b'      |     \x1b[01;36m\x1b[K^~~~~~~\x1b[m\x1b[K\n'}
[5.931472] (gim_arm_hardware) StderrLine: {'line': b'\x1b[01m\x1b[K/usr/include/boost/variant/variant.hpp:1759:28:\x1b[m\x1b[K \x1b[01;36m\x1b[Knote: \x1b[m\x1b[K  no known conversion for argument 1 from \xe2\x80\x98\x1b[01m\x1b[Kconst JointModelDerived\x1b[m\x1b[K\xe2\x80\x99 {aka \xe2\x80\x98\x1b[01m\x1b[Kconst pinocchio::JointModelRevoluteUnboundedTpl<double, 0, 1>\x1b[m\x1b[K\xe2\x80\x99} to \xe2\x80\x98\x1b[01m\x1b[Kconst boost::variant<pinocchio::JointModelRevoluteTpl<double, 0, 0>, pinocchio::JointModelRevoluteTpl<double, 0, 1>, pinocchio::JointModelRevoluteTpl<double, 0, 2>, pinocchio::JointModelFreeFlyerTpl<double, 0>, pinocchio::JointModelPlanarTpl<double, 0>, pinocchio::JointModelRevoluteUnalignedTpl<double, 0>, pinocchio::JointModelSphericalTpl<double, 0>, pinocchio::JointModelSphericalZYXTpl<double, 0>, pinocchio::JointModelEllipsoidTpl<double, 0>, pinocchio::JointModelPrismaticTpl<double, 0, 0>, pinocchio::JointModelPrismaticTpl<double, 0, 1>, pinocchio::JointModelPrismaticTpl<double, 0, 2>, pinocchio::JointModelPrismaticUnalignedTpl<double, 0>, pinocchio::JointModelTranslationTpl<double, 0>, pinocchio::JointModelRevoluteUnboundedTpl<double, 0, 0>, pinocchio::JointModelRevoluteUnboundedTpl<double, 0, 1>, pinocchio::JointModelRevoluteUnboundedTpl<double, 0, 2>, pinocchio::JointModelRevoluteUnboundedUnalignedTpl<double, 0>, pinocchio::JointModelHelicalTpl<double, 0, 0>, pinocchio::JointModelHelicalTpl<double, 0, 1>, pinocchio::JointModelHelicalTpl<double, 0, 2>, pinocchio::JointModelHelicalUnalignedTpl<double, 0>, pinocchio::JointModelUniversalTpl<double, 0>, boost::recursive_wrapper<pinocchio::JointModelCompositeTpl<double, 0, pinocchio::JointCollectionDefaultTpl> >, boost::recursive_wrapper<pinocchio::JointModelMimicTpl<double, 0, pinocchio::JointCollectionDefaultTpl> > >&\x1b[m\x1b[K\xe2\x80\x99\n'}
[5.931509] (gim_arm_hardware) StderrLine: {'line': b' 1759 |     variant(\x1b[01;36m\x1b[Kconst variant& operand\x1b[m\x1b[K)\n'}
[5.931532] (gim_arm_hardware) StderrLine: {'line': b'      |             \x1b[01;36m\x1b[K~~~~~~~~~~~~~~~^~~~~~~\x1b[m\x1b[K\n'}
[5.931556] (gim_arm_hardware) StderrLine: {'line': b'\x1b[01m\x1b[K/usr/include/boost/variant/variant.hpp:1375:5:\x1b[m\x1b[K \x1b[01;36m\x1b[Knote: \x1b[m\x1b[Kcandidate: \xe2\x80\x98\x1b[01m\x1b[Kboost::variant<T0, TN>::variant() [with T0_ = pinocchio::JointModelRevoluteTpl<double, 0, 0>; TN = {pinocchio::JointModelRevoluteTpl<double, 0, 1>, pinocchio::JointModelRevoluteTpl<double, 0, 2>, pinocchio::JointModelFreeFlyerTpl<double, 0>, pinocchio::JointModelPlanarTpl<double, 0>, pinocchio::JointModelRevoluteUnalignedTpl<double, 0>, pinocchio::JointModelSphericalTpl<double, 0>, pinocchio::JointModelSphericalZYXTpl<double, 0>, pinocchio::JointModelEllipsoidTpl<double, 0>, pinocchio::JointModelPrismaticTpl<double, 0, 0>, pinocchio::JointModelPrismaticTpl<double, 0, 1>, pinocchio::JointModelPrismaticTpl<double, 0, 2>, pinocchio::JointModelPrismaticUnalignedTpl<double, 0>, pinocchio::JointModelTranslationTpl<double, 0>, pinocchio::JointModelRevoluteUnboundedTpl<double, 0, 0>, pinocchio::JointModelRevoluteUnboundedTpl<double, 0, 1>, pinocchio::JointModelRevoluteUnboundedTpl<double, 0, 2>, pinocchio::JointModelRevoluteUnboundedUnalignedTpl<double, 0>, pinocchio::JointModelHelicalTpl<double, 0, 0>, pinocchio::JointModelHelicalTpl<double, 0, 1>, pinocchio::JointModelHelicalTpl<double, 0, 2>, pinocchio::JointModelHelicalUnalignedTpl<double, 0>, pinocchio::JointModelUniversalTpl<double, 0>, boost::recursive_wrapper<pinocchio::JointModelCompositeTpl<double, 0, pinocchio::JointCollectionDefaultTpl> >, boost::recursive_wrapper<pinocchio::JointModelMimicTpl<double, 0, pinocchio::JointCollectionDefaultTpl> >}]\x1b[m\x1b[K\xe2\x80\x99\n'}
[5.931588] (gim_arm_hardware) StderrLine: {'line': b' 1375 |     \x1b[01;36m\x1b[Kvariant\x1b[m\x1b[K()\n'}
[5.931614] (gim_arm_hardware) StderrLine: {'line': b'      |     \x1b[01;36m\x1b[K^~~~~~~\x1b[m\x1b[K\n'}
[5.931637] (gim_arm_hardware) StderrLine: {'line': b'\x1b[01m\x1b[K/usr/include/boost/variant/variant.hpp:1375:5:\x1b[m\x1b[K \x1b[01;36m\x1b[Knote: \x1b[m\x1b[K  candidate expects 0 arguments, 1 provided\n'}
[5.931661] (gim_arm_hardware) StderrLine: {'line': b'In file included from \x1b[01m\x1b[K/opt/ros/humble/include/pinocchio/multibody/joint.hpp:84\x1b[m\x1b[K,\n'}
[5.931686] (gim_arm_hardware) StderrLine: {'line': b'                 from \x1b[01m\x1b[K/opt/ros/humble/include/pinocchio/multibody.hpp:43\x1b[m\x1b[K,\n'}
[5.931710] (gim_arm_hardware) StderrLine: {'line': b'                 from \x1b[01m\x1b[K/opt/ros/humble/include/pinocchio/parsers/urdf.hpp:27\x1b[m\x1b[K,\n'}
[5.931734] (gim_arm_hardware) StderrLine: {'line': b'                 from \x1b[01m\x1b[K/home/minh/gim60108_ws/src/gim_arm_hardware/include/gim_arm_hardware/gim_arm_system.hpp:17\x1b[m\x1b[K,\n'}
[5.931757] (gim_arm_hardware) StderrLine: {'line': b'                 from \x1b[01m\x1b[K/home/minh/gim60108_ws/src/gim_arm_hardware/src/gim_arm_system.cpp:1\x1b[m\x1b[K:\n'}
[5.931781] (gim_arm_hardware) StderrLine: {'line': b'/opt/ros/humble/include/pinocchio/src/multibody/joint/joint-generic.hxx: In instantiation of \xe2\x80\x98\x1b[01m\x1b[Kpinocchio::JointModelTpl<Scalar, Options, JointCollectionTpl>::JointModelTpl(const pinocchio::JointModelBase<OtherDerived>&) [with JointModelDerived = pinocchio::JointModelRevoluteUnboundedTpl<double, 0, 2>; _Scalar = double; int _Options = 0; JointCollectionTpl = pinocchio::JointCollectionDefaultTpl]\x1b[m\x1b[K\xe2\x80\x99:\n'}
[5.931805] (gim_arm_hardware) StderrLine: {'line': b'\x1b[01m\x1b[K/opt/ros/humble/include/pinocchio/src/parsers/urdf/model.hxx:509:34:\x1b[m\x1b[K   required from \xe2\x80\x98\x1b[01m\x1b[Kpinocchio::JointIndex pinocchio::urdf::details::UrdfVisitor::addJoint(const Vector3&, const Frame&, const SE3&, const string&, const VectorConstRef&, const VectorConstRef&, const VectorConstRef&, const VectorConstRef&, const VectorConstRef&, const VectorConstRef&, const VectorConstRef&, const VectorConstRef&, const VectorConstRef&, const VectorConstRef&) [with TypeX = pinocchio::JointModelRevoluteUnboundedTpl<double, 0, 0>; TypeY = pinocchio::JointModelRevoluteUnboundedTpl<double, 0, 1>; TypeZ = pinocchio::JointModelRevoluteUnboundedTpl<double, 0, 2>; TypeUnaligned = pinocchio::JointModelRevoluteUnboundedUnalignedTpl<double>; pinocchio::JointIndex = long unsigned int; pinocchio::urdf::details::UrdfVisitor::Vector3 = Eigen::Matrix<double, 3, 1>; pinocchio::urdf::details::UrdfVisitor::Frame = pinocchio::FrameTpl<double, 0>; pinocchio::urdf::details::UrdfVisitor::SE3 = pinocchio::SE3Tpl<double, 0>; std::string = std::__cxx11::basic_string<char>; pinocchio::urdf::details::UrdfVisitor::VectorConstRef = Eigen::Ref<const Eigen::Matrix<double, -1, 1> >]\x1b[m\x1b[K\xe2\x80\x99\n'}
[5.931836] (gim_arm_hardware) StderrLine: {'line': b'\x1b[01m\x1b[K/opt/ros/humble/include/pinocchio/src/parsers/urdf/model.hxx:254:78:\x1b[m\x1b[K   required from here\n'}
[5.931859] (gim_arm_hardware) StderrLine: {'line': b'\x1b[01m\x1b[K/opt/ros/humble/include/pinocchio/src/multibody/joint/joint-generic.hxx:306:25:\x1b[m\x1b[K \x1b[01;31m\x1b[Kerror: \x1b[m\x1b[Kno matching function for call to \xe2\x80\x98\x1b[01m\x1b[Kboost::variant<pinocchio::JointModelRevoluteTpl<double, 0, 0>, pinocchio::JointModelRevoluteTpl<double, 0, 1>, pinocchio::JointModelRevoluteTpl<double, 0, 2>, pinocchio::JointModelFreeFlyerTpl<double, 0>, pinocchio::JointModelPlanarTpl<double, 0>, pinocchio::JointModelRevoluteUnalignedTpl<double, 0>, pinocchio::JointModelSphericalTpl<double, 0>, pinocchio::JointModelSphericalZYXTpl<double, 0>, pinocchio::JointModelEllipsoidTpl<double, 0>, pinocchio::JointModelPrismaticTpl<double, 0, 0>, pinocchio::JointModelPrismaticTpl<double, 0, 1>, pinocchio::JointModelPrismaticTpl<double, 0, 2>, pinocchio::JointModelPrismaticUnalignedTpl<double, 0>, pinocchio::JointModelTranslationTpl<double, 0>, pinocchio::JointModelRevoluteUnboundedTpl<double, 0, 0>, pinocchio::JointModelRevoluteUnboundedTpl<double, 0, 1>, pinocchio::JointModelRevoluteUnboundedTpl<double, 0, 2>, pinocchio::JointModelRevoluteUnboundedUnalignedTpl<double, 0>, pinocchio::JointModelHelicalTpl<double, 0, 0>, pinocchio::JointModelHelicalTpl<double, 0, 1>, pinocchio::JointModelHelicalTpl<double, 0, 2>, pinocchio::JointModelHelicalUnalignedTpl<double, 0>, pinocchio::JointModelUniversalTpl<double, 0>, boost::recursive_wrapper<pinocchio::JointModelCompositeTpl<double, 0, pinocchio::JointCollectionDefaultTpl> >, boost::recursive_wrapper<pinocchio::JointModelMimicTpl<double, 0, pinocchio::JointCollectionDefaultTpl> > >::variant(const JointModelDerived&)\x1b[m\x1b[K\xe2\x80\x99\n'}
[5.931894] (gim_arm_hardware) StderrLine: {'line': b'  306 |     : JointModelVariant(\x1b[01;31m\x1b[K(JointModelVariant)jmodel.derived()\x1b[m\x1b[K)\n'}
[5.931917] (gim_arm_hardware) StderrLine: {'line': b'      |                         \x1b[01;31m\x1b[K^~~~~~~~~~~~~~~~~~~~~~~~~~~~~~~~~~~\x1b[m\x1b[K\n'}
[5.931941] (gim_arm_hardware) StderrLine: {'line': b'In file included from \x1b[01m\x1b[K/usr/include/boost/variant.hpp:17\x1b[m\x1b[K,\n'}
[5.931964] (gim_arm_hardware) StderrLine: {'line': b'                 from \x1b[01m\x1b[K/opt/ros/humble/include/pinocchio/multibody.hpp:21\x1b[m\x1b[K,\n'}
[5.931988] (gim_arm_hardware) StderrLine: {'line': b'                 from \x1b[01m\x1b[K/opt/ros/humble/include/pinocchio/parsers/urdf.hpp:27\x1b[m\x1b[K,\n'}
[5.932011] (gim_arm_hardware) StderrLine: {'line': b'                 from \x1b[01m\x1b[K/home/minh/gim60108_ws/src/gim_arm_hardware/include/gim_arm_hardware/gim_arm_system.hpp:17\x1b[m\x1b[K,\n'}
[5.932034] (gim_arm_hardware) StderrLine: {'line': b'                 from \x1b[01m\x1b[K/home/minh/gim60108_ws/src/gim_arm_hardware/src/gim_arm_system.cpp:1\x1b[m\x1b[K:\n'}
[5.932057] (gim_arm_hardware) StderrLine: {'line': b'\x1b[01m\x1b[K/usr/include/boost/variant/variant.hpp:1770:5:\x1b[m\x1b[K \x1b[01;36m\x1b[Knote: \x1b[m\x1b[Kcandidate: \xe2\x80\x98\x1b[01m\x1b[Kboost::variant<T0, TN>::variant(boost::variant<T0, TN>&&) [with T0_ = pinocchio::JointModelRevoluteTpl<double, 0, 0>; TN = {pinocchio::JointModelRevoluteTpl<double, 0, 1>, pinocchio::JointModelRevoluteTpl<double, 0, 2>, pinocchio::JointModelFreeFlyerTpl<double, 0>, pinocchio::JointModelPlanarTpl<double, 0>, pinocchio::JointModelRevoluteUnalignedTpl<double, 0>, pinocchio::JointModelSphericalTpl<double, 0>, pinocchio::JointModelSphericalZYXTpl<double, 0>, pinocchio::JointModelEllipsoidTpl<double, 0>, pinocchio::JointModelPrismaticTpl<double, 0, 0>, pinocchio::JointModelPrismaticTpl<double, 0, 1>, pinocchio::JointModelPrismaticTpl<double, 0, 2>, pinocchio::JointModelPrismaticUnalignedTpl<double, 0>, pinocchio::JointModelTranslationTpl<double, 0>, pinocchio::JointModelRevoluteUnboundedTpl<double, 0, 0>, pinocchio::JointModelRevoluteUnboundedTpl<double, 0, 1>, pinocchio::JointModelRevoluteUnboundedTpl<double, 0, 2>, pinocchio::JointModelRevoluteUnboundedUnalignedTpl<double, 0>, pinocchio::JointModelHelicalTpl<double, 0, 0>, pinocchio::JointModelHelicalTpl<double, 0, 1>, pinocchio::JointModelHelicalTpl<double, 0, 2>, pinocchio::JointModelHelicalUnalignedTpl<double, 0>, pinocchio::JointModelUniversalTpl<double, 0>, boost::recursive_wrapper<pinocchio::JointModelCompositeTpl<double, 0, pinocchio::JointCollectionDefaultTpl> >, boost::recursive_wrapper<pinocchio::JointModelMimicTpl<double, 0, pinocchio::JointCollectionDefaultTpl> >}]\x1b[m\x1b[K\xe2\x80\x99\n'}
[5.932086] (gim_arm_hardware) StderrLine: {'line': b' 1770 |     \x1b[01;36m\x1b[Kvariant\x1b[m\x1b[K(variant&& operand) BOOST_NOEXCEPT_IF(variant_move_noexcept_constructible::type::value)\n'}
[5.932109] (gim_arm_hardware) StderrLine: {'line': b'      |     \x1b[01;36m\x1b[K^~~~~~~\x1b[m\x1b[K\n'}
[5.932133] (gim_arm_hardware) StderrLine: {'line': b'\x1b[01m\x1b[K/usr/include/boost/variant/variant.hpp:1770:23:\x1b[m\x1b[K \x1b[01;36m\x1b[Knote: \x1b[m\x1b[K  no known conversion for argument 1 from \xe2\x80\x98\x1b[01m\x1b[Kconst JointModelDerived\x1b[m\x1b[K\xe2\x80\x99 {aka \xe2\x80\x98\x1b[01m\x1b[Kconst pinocchio::JointModelRevoluteUnboundedTpl<double, 0, 2>\x1b[m\x1b[K\xe2\x80\x99} to \xe2\x80\x98\x1b[01m\x1b[Kboost::variant<pinocchio::JointModelRevoluteTpl<double, 0, 0>, pinocchio::JointModelRevoluteTpl<double, 0, 1>, pinocchio::JointModelRevoluteTpl<double, 0, 2>, pinocchio::JointModelFreeFlyerTpl<double, 0>, pinocchio::JointModelPlanarTpl<double, 0>, pinocchio::JointModelRevoluteUnalignedTpl<double, 0>, pinocchio::JointModelSphericalTpl<double, 0>, pinocchio::JointModelSphericalZYXTpl<double, 0>, pinocchio::JointModelEllipsoidTpl<double, 0>, pinocchio::JointModelPrismaticTpl<double, 0, 0>, pinocchio::JointModelPrismaticTpl<double, 0, 1>, pinocchio::JointModelPrismaticTpl<double, 0, 2>, pinocchio::JointModelPrismaticUnalignedTpl<double, 0>, pinocchio::JointModelTranslationTpl<double, 0>, pinocchio::JointModelRevoluteUnboundedTpl<double, 0, 0>, pinocchio::JointModelRevoluteUnboundedTpl<double, 0, 1>, pinocchio::JointModelRevoluteUnboundedTpl<double, 0, 2>, pinocchio::JointModelRevoluteUnboundedUnalignedTpl<double, 0>, pinocchio::JointModelHelicalTpl<double, 0, 0>, pinocchio::JointModelHelicalTpl<double, 0, 1>, pinocchio::JointModelHelicalTpl<double, 0, 2>, pinocchio::JointModelHelicalUnalignedTpl<double, 0>, pinocchio::JointModelUniversalTpl<double, 0>, boost::recursive_wrapper<pinocchio::JointModelCompositeTpl<double, 0, pinocchio::JointCollectionDefaultTpl> >, boost::recursive_wrapper<pinocchio::JointModelMimicTpl<double, 0, pinocchio::JointCollectionDefaultTpl> > >&&\x1b[m\x1b[K\xe2\x80\x99\n'}
[5.932168] (gim_arm_hardware) StderrLine: {'line': b' 1770 |     variant(\x1b[01;36m\x1b[Kvariant&& operand\x1b[m\x1b[K) BOOST_NOEXCEPT_IF(variant_move_noexcept_constructible::type::value)\n'}
[5.932191] (gim_arm_hardware) StderrLine: {'line': b'      |             \x1b[01;36m\x1b[K~~~~~~~~~~^~~~~~~\x1b[m\x1b[K\n'}
[5.932214] (gim_arm_hardware) StderrLine: {'line': b'\x1b[01m\x1b[K/usr/include/boost/variant/variant.hpp:1759:5:\x1b[m\x1b[K \x1b[01;36m\x1b[Knote: \x1b[m\x1b[Kcandidate: \xe2\x80\x98\x1b[01m\x1b[Kboost::variant<T0, TN>::variant(const boost::variant<T0, TN>&) [with T0_ = pinocchio::JointModelRevoluteTpl<double, 0, 0>; TN = {pinocchio::JointModelRevoluteTpl<double, 0, 1>, pinocchio::JointModelRevoluteTpl<double, 0, 2>, pinocchio::JointModelFreeFlyerTpl<double, 0>, pinocchio::JointModelPlanarTpl<double, 0>, pinocchio::JointModelRevoluteUnalignedTpl<double, 0>, pinocchio::JointModelSphericalTpl<double, 0>, pinocchio::JointModelSphericalZYXTpl<double, 0>, pinocchio::JointModelEllipsoidTpl<double, 0>, pinocchio::JointModelPrismaticTpl<double, 0, 0>, pinocchio::JointModelPrismaticTpl<double, 0, 1>, pinocchio::JointModelPrismaticTpl<double, 0, 2>, pinocchio::JointModelPrismaticUnalignedTpl<double, 0>, pinocchio::JointModelTranslationTpl<double, 0>, pinocchio::JointModelRevoluteUnboundedTpl<double, 0, 0>, pinocchio::JointModelRevoluteUnboundedTpl<double, 0, 1>, pinocchio::JointModelRevoluteUnboundedTpl<double, 0, 2>, pinocchio::JointModelRevoluteUnboundedUnalignedTpl<double, 0>, pinocchio::JointModelHelicalTpl<double, 0, 0>, pinocchio::JointModelHelicalTpl<double, 0, 1>, pinocchio::JointModelHelicalTpl<double, 0, 2>, pinocchio::JointModelHelicalUnalignedTpl<double, 0>, pinocchio::JointModelUniversalTpl<double, 0>, boost::recursive_wrapper<pinocchio::JointModelCompositeTpl<double, 0, pinocchio::JointCollectionDefaultTpl> >, boost::recursive_wrapper<pinocchio::JointModelMimicTpl<double, 0, pinocchio::JointCollectionDefaultTpl> >}]\x1b[m\x1b[K\xe2\x80\x99\n'}
[5.932243] (gim_arm_hardware) StderrLine: {'line': b' 1759 |     \x1b[01;36m\x1b[Kvariant\x1b[m\x1b[K(const variant& operand)\n'}
[5.932270] (gim_arm_hardware) StderrLine: {'line': b'      |     \x1b[01;36m\x1b[K^~~~~~~\x1b[m\x1b[K\n'}
[5.932295] (gim_arm_hardware) StderrLine: {'line': b'\x1b[01m\x1b[K/usr/include/boost/variant/variant.hpp:1759:28:\x1b[m\x1b[K \x1b[01;36m\x1b[Knote: \x1b[m\x1b[K  no known conversion for argument 1 from \xe2\x80\x98\x1b[01m\x1b[Kconst JointModelDerived\x1b[m\x1b[K\xe2\x80\x99 {aka \xe2\x80\x98\x1b[01m\x1b[Kconst pinocchio::JointModelRevoluteUnboundedTpl<double, 0, 2>\x1b[m\x1b[K\xe2\x80\x99} to \xe2\x80\x98\x1b[01m\x1b[Kconst boost::variant<pinocchio::JointModelRevoluteTpl<double, 0, 0>, pinocchio::JointModelRevoluteTpl<double, 0, 1>, pinocchio::JointModelRevoluteTpl<double, 0, 2>, pinocchio::JointModelFreeFlyerTpl<double, 0>, pinocchio::JointModelPlanarTpl<double, 0>, pinocchio::JointModelRevoluteUnalignedTpl<double, 0>, pinocchio::JointModelSphericalTpl<double, 0>, pinocchio::JointModelSphericalZYXTpl<double, 0>, pinocchio::JointModelEllipsoidTpl<double, 0>, pinocchio::JointModelPrismaticTpl<double, 0, 0>, pinocchio::JointModelPrismaticTpl<double, 0, 1>, pinocchio::JointModelPrismaticTpl<double, 0, 2>, pinocchio::JointModelPrismaticUnalignedTpl<double, 0>, pinocchio::JointModelTranslationTpl<double, 0>, pinocchio::JointModelRevoluteUnboundedTpl<double, 0, 0>, pinocchio::JointModelRevoluteUnboundedTpl<double, 0, 1>, pinocchio::JointModelRevoluteUnboundedTpl<double, 0, 2>, pinocchio::JointModelRevoluteUnboundedUnalignedTpl<double, 0>, pinocchio::JointModelHelicalTpl<double, 0, 0>, pinocchio::JointModelHelicalTpl<double, 0, 1>, pinocchio::JointModelHelicalTpl<double, 0, 2>, pinocchio::JointModelHelicalUnalignedTpl<double, 0>, pinocchio::JointModelUniversalTpl<double, 0>, boost::recursive_wrapper<pinocchio::JointModelCompositeTpl<double, 0, pinocchio::JointCollectionDefaultTpl> >, boost::recursive_wrapper<pinocchio::JointModelMimicTpl<double, 0, pinocchio::JointCollectionDefaultTpl> > >&\x1b[m\x1b[K\xe2\x80\x99\n'}
[5.932508] (gim_arm_hardware) StderrLine: {'line': b' 1759 |     variant(\x1b[01;36m\x1b[Kconst variant& operand\x1b[m\x1b[K)\n'}
[5.932539] (gim_arm_hardware) StderrLine: {'line': b'      |             \x1b[01;36m\x1b[K~~~~~~~~~~~~~~~^~~~~~~\x1b[m\x1b[K\n'}
[5.932565] (gim_arm_hardware) StderrLine: {'line': b'\x1b[01m\x1b[K/usr/include/boost/variant/variant.hpp:1375:5:\x1b[m\x1b[K \x1b[01;36m\x1b[Knote: \x1b[m\x1b[Kcandidate: \xe2\x80\x98\x1b[01m\x1b[Kboost::variant<T0, TN>::variant() [with T0_ = pinocchio::JointModelRevoluteTpl<double, 0, 0>; TN = {pinocchio::JointModelRevoluteTpl<double, 0, 1>, pinocchio::JointModelRevoluteTpl<double, 0, 2>, pinocchio::JointModelFreeFlyerTpl<double, 0>, pinocchio::JointModelPlanarTpl<double, 0>, pinocchio::JointModelRevoluteUnalignedTpl<double, 0>, pinocchio::JointModelSphericalTpl<double, 0>, pinocchio::JointModelSphericalZYXTpl<double, 0>, pinocchio::JointModelEllipsoidTpl<double, 0>, pinocchio::JointModelPrismaticTpl<double, 0, 0>, pinocchio::JointModelPrismaticTpl<double, 0, 1>, pinocchio::JointModelPrismaticTpl<double, 0, 2>, pinocchio::JointModelPrismaticUnalignedTpl<double, 0>, pinocchio::JointModelTranslationTpl<double, 0>, pinocchio::JointModelRevoluteUnboundedTpl<double, 0, 0>, pinocchio::JointModelRevoluteUnboundedTpl<double, 0, 1>, pinocchio::JointModelRevoluteUnboundedTpl<double, 0, 2>, pinocchio::JointModelRevoluteUnboundedUnalignedTpl<double, 0>, pinocchio::JointModelHelicalTpl<double, 0, 0>, pinocchio::JointModelHelicalTpl<double, 0, 1>, pinocchio::JointModelHelicalTpl<double, 0, 2>, pinocchio::JointModelHelicalUnalignedTpl<double, 0>, pinocchio::JointModelUniversalTpl<double, 0>, boost::recursive_wrapper<pinocchio::JointModelCompositeTpl<double, 0, pinocchio::JointCollectionDefaultTpl> >, boost::recursive_wrapper<pinocchio::JointModelMimicTpl<double, 0, pinocchio::JointCollectionDefaultTpl> >}]\x1b[m\x1b[K\xe2\x80\x99\n'}
[5.932592] (gim_arm_hardware) StderrLine: {'line': b' 1375 |     \x1b[01;36m\x1b[Kvariant\x1b[m\x1b[K()\n'}
[5.932615] (gim_arm_hardware) StderrLine: {'line': b'      |     \x1b[01;36m\x1b[K^~~~~~~\x1b[m\x1b[K\n'}
[5.932638] (gim_arm_hardware) StderrLine: {'line': b'\x1b[01m\x1b[K/usr/include/boost/variant/variant.hpp:1375:5:\x1b[m\x1b[K \x1b[01;36m\x1b[Knote: \x1b[m\x1b[K  candidate expects 0 arguments, 1 provided\n'}
[5.932663] (gim_arm_hardware) StderrLine: {'line': b'In file included from \x1b[01m\x1b[K/opt/ros/humble/include/pinocchio/multibody/joint.hpp:84\x1b[m\x1b[K,\n'}
[5.932686] (gim_arm_hardware) StderrLine: {'line': b'                 from \x1b[01m\x1b[K/opt/ros/humble/include/pinocchio/multibody.hpp:43\x1b[m\x1b[K,\n'}
[5.932713] (gim_arm_hardware) StderrLine: {'line': b'                 from \x1b[01m\x1b[K/opt/ros/humble/include/pinocchio/parsers/urdf.hpp:27\x1b[m\x1b[K,\n'}
[5.932737] (gim_arm_hardware) StderrLine: {'line': b'                 from \x1b[01m\x1b[K/home/minh/gim60108_ws/src/gim_arm_hardware/include/gim_arm_hardware/gim_arm_system.hpp:17\x1b[m\x1b[K,\n'}
[5.932760] (gim_arm_hardware) StderrLine: {'line': b'                 from \x1b[01m\x1b[K/home/minh/gim60108_ws/src/gim_arm_hardware/src/gim_arm_system.cpp:1\x1b[m\x1b[K:\n'}
[5.932784] (gim_arm_hardware) StderrLine: {'line': b'/opt/ros/humble/include/pinocchio/src/multibody/joint/joint-generic.hxx: In instantiation of \xe2\x80\x98\x1b[01m\x1b[Kpinocchio::JointModelTpl<Scalar, Options, JointCollectionTpl>::JointModelTpl(const pinocchio::JointModelBase<OtherDerived>&) [with JointModelDerived = pinocchio::JointModelRevoluteUnboundedUnalignedTpl<double>; _Scalar = double; int _Options = 0; JointCollectionTpl = pinocchio::JointCollectionDefaultTpl]\x1b[m\x1b[K\xe2\x80\x99:\n'}
[5.932812] (gim_arm_hardware) StderrLine: {'line': b'\x1b[01m\x1b[K/opt/ros/humble/include/pinocchio/src/parsers/urdf/model.hxx:516:34:\x1b[m\x1b[K   required from \xe2\x80\x98\x1b[01m\x1b[Kpinocchio::JointIndex pinocchio::urdf::details::UrdfVisitor::addJoint(const Vector3&, const Frame&, const SE3&, const string&, const VectorConstRef&, const VectorConstRef&, const VectorConstRef&, const VectorConstRef&, const VectorConstRef&, const VectorConstRef&, const VectorConstRef&, const VectorConstRef&, const VectorConstRef&, const VectorConstRef&) [with TypeX = pinocchio::JointModelRevoluteUnboundedTpl<double, 0, 0>; TypeY = pinocchio::JointModelRevoluteUnboundedTpl<double, 0, 1>; TypeZ = pinocchio::JointModelRevoluteUnboundedTpl<double, 0, 2>; TypeUnaligned = pinocchio::JointModelRevoluteUnboundedUnalignedTpl<double>; pinocchio::JointIndex = long unsigned int; pinocchio::urdf::details::UrdfVisitor::Vector3 = Eigen::Matrix<double, 3, 1>; pinocchio::urdf::details::UrdfVisitor::Frame = pinocchio::FrameTpl<double, 0>; pinocchio::urdf::details::UrdfVisitor::SE3 = pinocchio::SE3Tpl<double, 0>; std::string = std::__cxx11::basic_string<char>; pinocchio::urdf::details::UrdfVisitor::VectorConstRef = Eigen::Ref<const Eigen::Matrix<double, -1, 1> >]\x1b[m\x1b[K\xe2\x80\x99\n'}
[5.932841] (gim_arm_hardware) StderrLine: {'line': b'\x1b[01m\x1b[K/opt/ros/humble/include/pinocchio/src/parsers/urdf/model.hxx:254:78:\x1b[m\x1b[K   required from here\n'}
[5.932866] (gim_arm_hardware) StderrLine: {'line': b'\x1b[01m\x1b[K/opt/ros/humble/include/pinocchio/src/multibody/joint/joint-generic.hxx:306:25:\x1b[m\x1b[K \x1b[01;31m\x1b[Kerror: \x1b[m\x1b[Kno matching function for call to \xe2\x80\x98\x1b[01m\x1b[Kboost::variant<pinocchio::JointModelRevoluteTpl<double, 0, 0>, pinocchio::JointModelRevoluteTpl<double, 0, 1>, pinocchio::JointModelRevoluteTpl<double, 0, 2>, pinocchio::JointModelFreeFlyerTpl<double, 0>, pinocchio::JointModelPlanarTpl<double, 0>, pinocchio::JointModelRevoluteUnalignedTpl<double, 0>, pinocchio::JointModelSphericalTpl<double, 0>, pinocchio::JointModelSphericalZYXTpl<double, 0>, pinocchio::JointModelEllipsoidTpl<double, 0>, pinocchio::JointModelPrismaticTpl<double, 0, 0>, pinocchio::JointModelPrismaticTpl<double, 0, 1>, pinocchio::JointModelPrismaticTpl<double, 0, 2>, pinocchio::JointModelPrismaticUnalignedTpl<double, 0>, pinocchio::JointModelTranslationTpl<double, 0>, pinocchio::JointModelRevoluteUnboundedTpl<double, 0, 0>, pinocchio::JointModelRevoluteUnboundedTpl<double, 0, 1>, pinocchio::JointModelRevoluteUnboundedTpl<double, 0, 2>, pinocchio::JointModelRevoluteUnboundedUnalignedTpl<double, 0>, pinocchio::JointModelHelicalTpl<double, 0, 0>, pinocchio::JointModelHelicalTpl<double, 0, 1>, pinocchio::JointModelHelicalTpl<double, 0, 2>, pinocchio::JointModelHelicalUnalignedTpl<double, 0>, pinocchio::JointModelUniversalTpl<double, 0>, boost::recursive_wrapper<pinocchio::JointModelCompositeTpl<double, 0, pinocchio::JointCollectionDefaultTpl> >, boost::recursive_wrapper<pinocchio::JointModelMimicTpl<double, 0, pinocchio::JointCollectionDefaultTpl> > >::variant(const JointModelDerived&)\x1b[m\x1b[K\xe2\x80\x99\n'}
[5.932900] (gim_arm_hardware) StderrLine: {'line': b'  306 |     : JointModelVariant(\x1b[01;31m\x1b[K(JointModelVariant)jmodel.derived()\x1b[m\x1b[K)\n'}
[5.932925] (gim_arm_hardware) StderrLine: {'line': b'      |                         \x1b[01;31m\x1b[K^~~~~~~~~~~~~~~~~~~~~~~~~~~~~~~~~~~\x1b[m\x1b[K\n'}
[5.932949] (gim_arm_hardware) StderrLine: {'line': b'In file included from \x1b[01m\x1b[K/usr/include/boost/variant.hpp:17\x1b[m\x1b[K,\n'}
[5.932972] (gim_arm_hardware) StderrLine: {'line': b'                 from \x1b[01m\x1b[K/opt/ros/humble/include/pinocchio/multibody.hpp:21\x1b[m\x1b[K,\n'}
[5.932996] (gim_arm_hardware) StderrLine: {'line': b'                 from \x1b[01m\x1b[K/opt/ros/humble/include/pinocchio/parsers/urdf.hpp:27\x1b[m\x1b[K,\n'}
[5.933019] (gim_arm_hardware) StderrLine: {'line': b'                 from \x1b[01m\x1b[K/home/minh/gim60108_ws/src/gim_arm_hardware/include/gim_arm_hardware/gim_arm_system.hpp:17\x1b[m\x1b[K,\n'}
[5.933043] (gim_arm_hardware) StderrLine: {'line': b'                 from \x1b[01m\x1b[K/home/minh/gim60108_ws/src/gim_arm_hardware/src/gim_arm_system.cpp:1\x1b[m\x1b[K:\n'}
[5.933066] (gim_arm_hardware) StderrLine: {'line': b'\x1b[01m\x1b[K/usr/include/boost/variant/variant.hpp:1770:5:\x1b[m\x1b[K \x1b[01;36m\x1b[Knote: \x1b[m\x1b[Kcandidate: \xe2\x80\x98\x1b[01m\x1b[Kboost::variant<T0, TN>::variant(boost::variant<T0, TN>&&) [with T0_ = pinocchio::JointModelRevoluteTpl<double, 0, 0>; TN = {pinocchio::JointModelRevoluteTpl<double, 0, 1>, pinocchio::JointModelRevoluteTpl<double, 0, 2>, pinocchio::JointModelFreeFlyerTpl<double, 0>, pinocchio::JointModelPlanarTpl<double, 0>, pinocchio::JointModelRevoluteUnalignedTpl<double, 0>, pinocchio::JointModelSphericalTpl<double, 0>, pinocchio::JointModelSphericalZYXTpl<double, 0>, pinocchio::JointModelEllipsoidTpl<double, 0>, pinocchio::JointModelPrismaticTpl<double, 0, 0>, pinocchio::JointModelPrismaticTpl<double, 0, 1>, pinocchio::JointModelPrismaticTpl<double, 0, 2>, pinocchio::JointModelPrismaticUnalignedTpl<double, 0>, pinocchio::JointModelTranslationTpl<double, 0>, pinocchio::JointModelRevoluteUnboundedTpl<double, 0, 0>, pinocchio::JointModelRevoluteUnboundedTpl<double, 0, 1>, pinocchio::JointModelRevoluteUnboundedTpl<double, 0, 2>, pinocchio::JointModelRevoluteUnboundedUnalignedTpl<double, 0>, pinocchio::JointModelHelicalTpl<double, 0, 0>, pinocchio::JointModelHelicalTpl<double, 0, 1>, pinocchio::JointModelHelicalTpl<double, 0, 2>, pinocchio::JointModelHelicalUnalignedTpl<double, 0>, pinocchio::JointModelUniversalTpl<double, 0>, boost::recursive_wrapper<pinocchio::JointModelCompositeTpl<double, 0, pinocchio::JointCollectionDefaultTpl> >, boost::recursive_wrapper<pinocchio::JointModelMimicTpl<double, 0, pinocchio::JointCollectionDefaultTpl> >}]\x1b[m\x1b[K\xe2\x80\x99\n'}
[5.933096] (gim_arm_hardware) StderrLine: {'line': b' 1770 |     \x1b[01;36m\x1b[Kvariant\x1b[m\x1b[K(variant&& operand) BOOST_NOEXCEPT_IF(variant_move_noexcept_constructible::type::value)\n'}
[5.933122] (gim_arm_hardware) StderrLine: {'line': b'      |     \x1b[01;36m\x1b[K^~~~~~~\x1b[m\x1b[K\n'}
[5.933146] (gim_arm_hardware) StderrLine: {'line': b'\x1b[01m\x1b[K/usr/include/boost/variant/variant.hpp:1770:23:\x1b[m\x1b[K \x1b[01;36m\x1b[Knote: \x1b[m\x1b[K  no known conversion for argument 1 from \xe2\x80\x98\x1b[01m\x1b[Kconst JointModelDerived\x1b[m\x1b[K\xe2\x80\x99 {aka \xe2\x80\x98\x1b[01m\x1b[Kconst pinocchio::JointModelRevoluteUnboundedUnalignedTpl<double>\x1b[m\x1b[K\xe2\x80\x99} to \xe2\x80\x98\x1b[01m\x1b[Kboost::variant<pinocchio::JointModelRevoluteTpl<double, 0, 0>, pinocchio::JointModelRevoluteTpl<double, 0, 1>, pinocchio::JointModelRevoluteTpl<double, 0, 2>, pinocchio::JointModelFreeFlyerTpl<double, 0>, pinocchio::JointModelPlanarTpl<double, 0>, pinocchio::JointModelRevoluteUnalignedTpl<double, 0>, pinocchio::JointModelSphericalTpl<double, 0>, pinocchio::JointModelSphericalZYXTpl<double, 0>, pinocchio::JointModelEllipsoidTpl<double, 0>, pinocchio::JointModelPrismaticTpl<double, 0, 0>, pinocchio::JointModelPrismaticTpl<double, 0, 1>, pinocchio::JointModelPrismaticTpl<double, 0, 2>, pinocchio::JointModelPrismaticUnalignedTpl<double, 0>, pinocchio::JointModelTranslationTpl<double, 0>, pinocchio::JointModelRevoluteUnboundedTpl<double, 0, 0>, pinocchio::JointModelRevoluteUnboundedTpl<double, 0, 1>, pinocchio::JointModelRevoluteUnboundedTpl<double, 0, 2>, pinocchio::JointModelRevoluteUnboundedUnalignedTpl<double, 0>, pinocchio::JointModelHelicalTpl<double, 0, 0>, pinocchio::JointModelHelicalTpl<double, 0, 1>, pinocchio::JointModelHelicalTpl<double, 0, 2>, pinocchio::JointModelHelicalUnalignedTpl<double, 0>, pinocchio::JointModelUniversalTpl<double, 0>, boost::recursive_wrapper<pinocchio::JointModelCompositeTpl<double, 0, pinocchio::JointCollectionDefaultTpl> >, boost::recursive_wrapper<pinocchio::JointModelMimicTpl<double, 0, pinocchio::JointCollectionDefaultTpl> > >&&\x1b[m\x1b[K\xe2\x80\x99\n'}
[5.933180] (gim_arm_hardware) StderrLine: {'line': b' 1770 |     variant(\x1b[01;36m\x1b[Kvariant&& operand\x1b[m\x1b[K) BOOST_NOEXCEPT_IF(variant_move_noexcept_constructible::type::value)\n'}
[5.933204] (gim_arm_hardware) StderrLine: {'line': b'      |             \x1b[01;36m\x1b[K~~~~~~~~~~^~~~~~~\x1b[m\x1b[K\n'}
[5.933227] (gim_arm_hardware) StderrLine: {'line': b'\x1b[01m\x1b[K/usr/include/boost/variant/variant.hpp:1759:5:\x1b[m\x1b[K \x1b[01;36m\x1b[Knote: \x1b[m\x1b[Kcandidate: \xe2\x80\x98\x1b[01m\x1b[Kboost::variant<T0, TN>::variant(const boost::variant<T0, TN>&) [with T0_ = pinocchio::JointModelRevoluteTpl<double, 0, 0>; TN = {pinocchio::JointModelRevoluteTpl<double, 0, 1>, pinocchio::JointModelRevoluteTpl<double, 0, 2>, pinocchio::JointModelFreeFlyerTpl<double, 0>, pinocchio::JointModelPlanarTpl<double, 0>, pinocchio::JointModelRevoluteUnalignedTpl<double, 0>, pinocchio::JointModelSphericalTpl<double, 0>, pinocchio::JointModelSphericalZYXTpl<double, 0>, pinocchio::JointModelEllipsoidTpl<double, 0>, pinocchio::JointModelPrismaticTpl<double, 0, 0>, pinocchio::JointModelPrismaticTpl<double, 0, 1>, pinocchio::JointModelPrismaticTpl<double, 0, 2>, pinocchio::JointModelPrismaticUnalignedTpl<double, 0>, pinocchio::JointModelTranslationTpl<double, 0>, pinocchio::JointModelRevoluteUnboundedTpl<double, 0, 0>, pinocchio::JointModelRevoluteUnboundedTpl<double, 0, 1>, pinocchio::JointModelRevoluteUnboundedTpl<double, 0, 2>, pinocchio::JointModelRevoluteUnboundedUnalignedTpl<double, 0>, pinocchio::JointModelHelicalTpl<double, 0, 0>, pinocchio::JointModelHelicalTpl<double, 0, 1>, pinocchio::JointModelHelicalTpl<double, 0, 2>, pinocchio::JointModelHelicalUnalignedTpl<double, 0>, pinocchio::JointModelUniversalTpl<double, 0>, boost::recursive_wrapper<pinocchio::JointModelCompositeTpl<double, 0, pinocchio::JointCollectionDefaultTpl> >, boost::recursive_wrapper<pinocchio::JointModelMimicTpl<double, 0, pinocchio::JointCollectionDefaultTpl> >}]\x1b[m\x1b[K\xe2\x80\x99\n'}
[5.933256] (gim_arm_hardware) StderrLine: {'line': b' 1759 |     \x1b[01;36m\x1b[Kvariant\x1b[m\x1b[K(const variant& operand)\n'}
[5.933279] (gim_arm_hardware) StderrLine: {'line': b'      |     \x1b[01;36m\x1b[K^~~~~~~\x1b[m\x1b[K\n'}
[5.933302] (gim_arm_hardware) StderrLine: {'line': b'\x1b[01m\x1b[K/usr/include/boost/variant/variant.hpp:1759:28:\x1b[m\x1b[K \x1b[01;36m\x1b[Knote: \x1b[m\x1b[K  no known conversion for argument 1 from \xe2\x80\x98\x1b[01m\x1b[Kconst JointModelDerived\x1b[m\x1b[K\xe2\x80\x99 {aka \xe2\x80\x98\x1b[01m\x1b[Kconst pinocchio::JointModelRevoluteUnboundedUnalignedTpl<double>\x1b[m\x1b[K\xe2\x80\x99} to \xe2\x80\x98\x1b[01m\x1b[Kconst boost::variant<pinocchio::JointModelRevoluteTpl<double, 0, 0>, pinocchio::JointModelRevoluteTpl<double, 0, 1>, pinocchio::JointModelRevoluteTpl<double, 0, 2>, pinocchio::JointModelFreeFlyerTpl<double, 0>, pinocchio::JointModelPlanarTpl<double, 0>, pinocchio::JointModelRevoluteUnalignedTpl<double, 0>, pinocchio::JointModelSphericalTpl<double, 0>, pinocchio::JointModelSphericalZYXTpl<double, 0>, pinocchio::JointModelEllipsoidTpl<double, 0>, pinocchio::JointModelPrismaticTpl<double, 0, 0>, pinocchio::JointModelPrismaticTpl<double, 0, 1>, pinocchio::JointModelPrismaticTpl<double, 0, 2>, pinocchio::JointModelPrismaticUnalignedTpl<double, 0>, pinocchio::JointModelTranslationTpl<double, 0>, pinocchio::JointModelRevoluteUnboundedTpl<double, 0, 0>, pinocchio::JointModelRevoluteUnboundedTpl<double, 0, 1>, pinocchio::JointModelRevoluteUnboundedTpl<double, 0, 2>, pinocchio::JointModelRevoluteUnboundedUnalignedTpl<double, 0>, pinocchio::JointModelHelicalTpl<double, 0, 0>, pinocchio::JointModelHelicalTpl<double, 0, 1>, pinocchio::JointModelHelicalTpl<double, 0, 2>, pinocchio::JointModelHelicalUnalignedTpl<double, 0>, pinocchio::JointModelUniversalTpl<double, 0>, boost::recursive_wrapper<pinocchio::JointModelCompositeTpl<double, 0, pinocchio::JointCollectionDefaultTpl> >, boost::recursive_wrapper<pinocchio::JointModelMimicTpl<double, 0, pinocchio::JointCollectionDefaultTpl> > >&\x1b[m\x1b[K\xe2\x80\x99\n'}
[5.933340] (gim_arm_hardware) StderrLine: {'line': b' 1759 |     variant(\x1b[01;36m\x1b[Kconst variant& operand\x1b[m\x1b[K)\n'}
[5.933364] (gim_arm_hardware) StderrLine: {'line': b'      |             \x1b[01;36m\x1b[K~~~~~~~~~~~~~~~^~~~~~~\x1b[m\x1b[K\n'}
[5.933387] (gim_arm_hardware) StderrLine: {'line': b'\x1b[01m\x1b[K/usr/include/boost/variant/variant.hpp:1375:5:\x1b[m\x1b[K \x1b[01;36m\x1b[Knote: \x1b[m\x1b[Kcandidate: \xe2\x80\x98\x1b[01m\x1b[Kboost::variant<T0, TN>::variant() [with T0_ = pinocchio::JointModelRevoluteTpl<double, 0, 0>; TN = {pinocchio::JointModelRevoluteTpl<double, 0, 1>, pinocchio::JointModelRevoluteTpl<double, 0, 2>, pinocchio::JointModelFreeFlyerTpl<double, 0>, pinocchio::JointModelPlanarTpl<double, 0>, pinocchio::JointModelRevoluteUnalignedTpl<double, 0>, pinocchio::JointModelSphericalTpl<double, 0>, pinocchio::JointModelSphericalZYXTpl<double, 0>, pinocchio::JointModelEllipsoidTpl<double, 0>, pinocchio::JointModelPrismaticTpl<double, 0, 0>, pinocchio::JointModelPrismaticTpl<double, 0, 1>, pinocchio::JointModelPrismaticTpl<double, 0, 2>, pinocchio::JointModelPrismaticUnalignedTpl<double, 0>, pinocchio::JointModelTranslationTpl<double, 0>, pinocchio::JointModelRevoluteUnboundedTpl<double, 0, 0>, pinocchio::JointModelRevoluteUnboundedTpl<double, 0, 1>, pinocchio::JointModelRevoluteUnboundedTpl<double, 0, 2>, pinocchio::JointModelRevoluteUnboundedUnalignedTpl<double, 0>, pinocchio::JointModelHelicalTpl<double, 0, 0>, pinocchio::JointModelHelicalTpl<double, 0, 1>, pinocchio::JointModelHelicalTpl<double, 0, 2>, pinocchio::JointModelHelicalUnalignedTpl<double, 0>, pinocchio::JointModelUniversalTpl<double, 0>, boost::recursive_wrapper<pinocchio::JointModelCompositeTpl<double, 0, pinocchio::JointCollectionDefaultTpl> >, boost::recursive_wrapper<pinocchio::JointModelMimicTpl<double, 0, pinocchio::JointCollectionDefaultTpl> >}]\x1b[m\x1b[K\xe2\x80\x99\n'}
[5.933414] (gim_arm_hardware) StderrLine: {'line': b' 1375 |     \x1b[01;36m\x1b[Kvariant\x1b[m\x1b[K()\n'}
[5.933437] (gim_arm_hardware) StderrLine: {'line': b'      |     \x1b[01;36m\x1b[K^~~~~~~\x1b[m\x1b[K\n'}
[5.933473] (gim_arm_hardware) StderrLine: {'line': b'\x1b[01m\x1b[K/usr/include/boost/variant/variant.hpp:1375:5:\x1b[m\x1b[K \x1b[01;36m\x1b[Knote: \x1b[m\x1b[K  candidate expects 0 arguments, 1 provided\n'}
[5.933504] (gim_arm_hardware) StderrLine: {'line': b'In file included from \x1b[01m\x1b[K/opt/ros/humble/include/pinocchio/multibody/joint.hpp:84\x1b[m\x1b[K,\n'}
[5.933527] (gim_arm_hardware) StderrLine: {'line': b'                 from \x1b[01m\x1b[K/opt/ros/humble/include/pinocchio/multibody.hpp:43\x1b[m\x1b[K,\n'}
[5.933550] (gim_arm_hardware) StderrLine: {'line': b'                 from \x1b[01m\x1b[K/opt/ros/humble/include/pinocchio/parsers/urdf.hpp:27\x1b[m\x1b[K,\n'}
[5.933575] (gim_arm_hardware) StderrLine: {'line': b'                 from \x1b[01m\x1b[K/home/minh/gim60108_ws/src/gim_arm_hardware/include/gim_arm_hardware/gim_arm_system.hpp:17\x1b[m\x1b[K,\n'}
[5.933598] (gim_arm_hardware) StderrLine: {'line': b'                 from \x1b[01m\x1b[K/home/minh/gim60108_ws/src/gim_arm_hardware/src/gim_arm_system.cpp:1\x1b[m\x1b[K:\n'}
[5.933629] (gim_arm_hardware) StderrLine: {'line': b'/opt/ros/humble/include/pinocchio/src/multibody/joint/joint-generic.hxx: In instantiation of \xe2\x80\x98\x1b[01m\x1b[Kpinocchio::JointModelTpl<Scalar, Options, JointCollectionTpl>::JointModelTpl(const pinocchio::JointModelBase<OtherDerived>&) [with JointModelDerived = pinocchio::JointModelPrismaticTpl<double, 0, 0>; _Scalar = double; int _Options = 0; JointCollectionTpl = pinocchio::JointCollectionDefaultTpl]\x1b[m\x1b[K\xe2\x80\x99:\n'}
[5.933657] (gim_arm_hardware) StderrLine: {'line': b'\x1b[01m\x1b[K/opt/ros/humble/include/pinocchio/src/parsers/urdf/model.hxx:495:34:\x1b[m\x1b[K   required from \xe2\x80\x98\x1b[01m\x1b[Kpinocchio::JointIndex pinocchio::urdf::details::UrdfVisitor::addJoint(const Vector3&, const Frame&, const SE3&, const string&, const VectorConstRef&, const VectorConstRef&, const VectorConstRef&, const VectorConstRef&, const VectorConstRef&, const VectorConstRef&, const VectorConstRef&, const VectorConstRef&, const VectorConstRef&, const VectorConstRef&) [with TypeX = pinocchio::JointModelPrismaticTpl<double, 0, 0>; TypeY = pinocchio::JointModelPrismaticTpl<double, 0, 1>; TypeZ = pinocchio::JointModelPrismaticTpl<double, 0, 2>; TypeUnaligned = pinocchio::JointModelPrismaticUnalignedTpl<double>; pinocchio::JointIndex = long unsigned int; pinocchio::urdf::details::UrdfVisitor::Vector3 = Eigen::Matrix<double, 3, 1>; pinocchio::urdf::details::UrdfVisitor::Frame = pinocchio::FrameTpl<double, 0>; pinocchio::urdf::details::UrdfVisitor::SE3 = pinocchio::SE3Tpl<double, 0>; std::string = std::__cxx11::basic_string<char>; pinocchio::urdf::details::UrdfVisitor::VectorConstRef = Eigen::Ref<const Eigen::Matrix<double, -1, 1> >]\x1b[m\x1b[K\xe2\x80\x99\n'}
[5.933686] (gim_arm_hardware) StderrLine: {'line': b'\x1b[01m\x1b[K/opt/ros/humble/include/pinocchio/src/parsers/urdf/model.hxx:263:70:\x1b[m\x1b[K   required from here\n'}
[5.933710] (gim_arm_hardware) StderrLine: {'line': b'\x1b[01m\x1b[K/opt/ros/humble/include/pinocchio/src/multibody/joint/joint-generic.hxx:306:25:\x1b[m\x1b[K \x1b[01;31m\x1b[Kerror: \x1b[m\x1b[Kno matching function for call to \xe2\x80\x98\x1b[01m\x1b[Kboost::variant<pinocchio::JointModelRevoluteTpl<double, 0, 0>, pinocchio::JointModelRevoluteTpl<double, 0, 1>, pinocchio::JointModelRevoluteTpl<double, 0, 2>, pinocchio::JointModelFreeFlyerTpl<double, 0>, pinocchio::JointModelPlanarTpl<double, 0>, pinocchio::JointModelRevoluteUnalignedTpl<double, 0>, pinocchio::JointModelSphericalTpl<double, 0>, pinocchio::JointModelSphericalZYXTpl<double, 0>, pinocchio::JointModelEllipsoidTpl<double, 0>, pinocchio::JointModelPrismaticTpl<double, 0, 0>, pinocchio::JointModelPrismaticTpl<double, 0, 1>, pinocchio::JointModelPrismaticTpl<double, 0, 2>, pinocchio::JointModelPrismaticUnalignedTpl<double, 0>, pinocchio::JointModelTranslationTpl<double, 0>, pinocchio::JointModelRevoluteUnboundedTpl<double, 0, 0>, pinocchio::JointModelRevoluteUnboundedTpl<double, 0, 1>, pinocchio::JointModelRevoluteUnboundedTpl<double, 0, 2>, pinocchio::JointModelRevoluteUnboundedUnalignedTpl<double, 0>, pinocchio::JointModelHelicalTpl<double, 0, 0>, pinocchio::JointModelHelicalTpl<double, 0, 1>, pinocchio::JointModelHelicalTpl<double, 0, 2>, pinocchio::JointModelHelicalUnalignedTpl<double, 0>, pinocchio::JointModelUniversalTpl<double, 0>, boost::recursive_wrapper<pinocchio::JointModelCompositeTpl<double, 0, pinocchio::JointCollectionDefaultTpl> >, boost::recursive_wrapper<pinocchio::JointModelMimicTpl<double, 0, pinocchio::JointCollectionDefaultTpl> > >::variant(const JointModelDerived&)\x1b[m\x1b[K\xe2\x80\x99\n'}
[5.933736] (gim_arm_hardware) StderrLine: {'line': b'  306 |     : JointModelVariant(\x1b[01;31m\x1b[K(JointModelVariant)jmodel.derived()\x1b[m\x1b[K)\n'}
[5.933760] (gim_arm_hardware) StderrLine: {'line': b'      |                         \x1b[01;31m\x1b[K^~~~~~~~~~~~~~~~~~~~~~~~~~~~~~~~~~~\x1b[m\x1b[K\n'}
[5.933784] (gim_arm_hardware) StderrLine: {'line': b'In file included from \x1b[01m\x1b[K/usr/include/boost/variant.hpp:17\x1b[m\x1b[K,\n'}
[5.933811] (gim_arm_hardware) StderrLine: {'line': b'                 from \x1b[01m\x1b[K/opt/ros/humble/include/pinocchio/multibody.hpp:21\x1b[m\x1b[K,\n'}
[5.933849] (gim_arm_hardware) StderrLine: {'line': b'                 from \x1b[01m\x1b[K/opt/ros/humble/include/pinocchio/parsers/urdf.hpp:27\x1b[m\x1b[K,\n'}
[5.933878] (gim_arm_hardware) StderrLine: {'line': b'                 from \x1b[01m\x1b[K/home/minh/gim60108_ws/src/gim_arm_hardware/include/gim_arm_hardware/gim_arm_system.hpp:17\x1b[m\x1b[K,\n'}
[5.933901] (gim_arm_hardware) StderrLine: {'line': b'                 from \x1b[01m\x1b[K/home/minh/gim60108_ws/src/gim_arm_hardware/src/gim_arm_system.cpp:1\x1b[m\x1b[K:\n'}
[5.933924] (gim_arm_hardware) StderrLine: {'line': b'\x1b[01m\x1b[K/usr/include/boost/variant/variant.hpp:1770:5:\x1b[m\x1b[K \x1b[01;36m\x1b[Knote: \x1b[m\x1b[Kcandidate: \xe2\x80\x98\x1b[01m\x1b[Kboost::variant<T0, TN>::variant(boost::variant<T0, TN>&&) [with T0_ = pinocchio::JointModelRevoluteTpl<double, 0, 0>; TN = {pinocchio::JointModelRevoluteTpl<double, 0, 1>, pinocchio::JointModelRevoluteTpl<double, 0, 2>, pinocchio::JointModelFreeFlyerTpl<double, 0>, pinocchio::JointModelPlanarTpl<double, 0>, pinocchio::JointModelRevoluteUnalignedTpl<double, 0>, pinocchio::JointModelSphericalTpl<double, 0>, pinocchio::JointModelSphericalZYXTpl<double, 0>, pinocchio::JointModelEllipsoidTpl<double, 0>, pinocchio::JointModelPrismaticTpl<double, 0, 0>, pinocchio::JointModelPrismaticTpl<double, 0, 1>, pinocchio::JointModelPrismaticTpl<double, 0, 2>, pinocchio::JointModelPrismaticUnalignedTpl<double, 0>, pinocchio::JointModelTranslationTpl<double, 0>, pinocchio::JointModelRevoluteUnboundedTpl<double, 0, 0>, pinocchio::JointModelRevoluteUnboundedTpl<double, 0, 1>, pinocchio::JointModelRevoluteUnboundedTpl<double, 0, 2>, pinocchio::JointModelRevoluteUnboundedUnalignedTpl<double, 0>, pinocchio::JointModelHelicalTpl<double, 0, 0>, pinocchio::JointModelHelicalTpl<double, 0, 1>, pinocchio::JointModelHelicalTpl<double, 0, 2>, pinocchio::JointModelHelicalUnalignedTpl<double, 0>, pinocchio::JointModelUniversalTpl<double, 0>, boost::recursive_wrapper<pinocchio::JointModelCompositeTpl<double, 0, pinocchio::JointCollectionDefaultTpl> >, boost::recursive_wrapper<pinocchio::JointModelMimicTpl<double, 0, pinocchio::JointCollectionDefaultTpl> >}]\x1b[m\x1b[K\xe2\x80\x99\n'}
[5.933957] (gim_arm_hardware) StderrLine: {'line': b' 1770 |     \x1b[01;36m\x1b[Kvariant\x1b[m\x1b[K(variant&& operand) BOOST_NOEXCEPT_IF(variant_move_noexcept_constructible::type::value)\n'}
[5.933981] (gim_arm_hardware) StderrLine: {'line': b'      |     \x1b[01;36m\x1b[K^~~~~~~\x1b[m\x1b[K\n'}
[5.934004] (gim_arm_hardware) StderrLine: {'line': b'\x1b[01m\x1b[K/usr/include/boost/variant/variant.hpp:1770:23:\x1b[m\x1b[K \x1b[01;36m\x1b[Knote: \x1b[m\x1b[K  no known conversion for argument 1 from \xe2\x80\x98\x1b[01m\x1b[Kconst JointModelDerived\x1b[m\x1b[K\xe2\x80\x99 {aka \xe2\x80\x98\x1b[01m\x1b[Kconst pinocchio::JointModelPrismaticTpl<double, 0, 0>\x1b[m\x1b[K\xe2\x80\x99} to \xe2\x80\x98\x1b[01m\x1b[Kboost::variant<pinocchio::JointModelRevoluteTpl<double, 0, 0>, pinocchio::JointModelRevoluteTpl<double, 0, 1>, pinocchio::JointModelRevoluteTpl<double, 0, 2>, pinocchio::JointModelFreeFlyerTpl<double, 0>, pinocchio::JointModelPlanarTpl<double, 0>, pinocchio::JointModelRevoluteUnalignedTpl<double, 0>, pinocchio::JointModelSphericalTpl<double, 0>, pinocchio::JointModelSphericalZYXTpl<double, 0>, pinocchio::JointModelEllipsoidTpl<double, 0>, pinocchio::JointModelPrismaticTpl<double, 0, 0>, pinocchio::JointModelPrismaticTpl<double, 0, 1>, pinocchio::JointModelPrismaticTpl<double, 0, 2>, pinocchio::JointModelPrismaticUnalignedTpl<double, 0>, pinocchio::JointModelTranslationTpl<double, 0>, pinocchio::JointModelRevoluteUnboundedTpl<double, 0, 0>, pinocchio::JointModelRevoluteUnboundedTpl<double, 0, 1>, pinocchio::JointModelRevoluteUnboundedTpl<double, 0, 2>, pinocchio::JointModelRevoluteUnboundedUnalignedTpl<double, 0>, pinocchio::JointModelHelicalTpl<double, 0, 0>, pinocchio::JointModelHelicalTpl<double, 0, 1>, pinocchio::JointModelHelicalTpl<double, 0, 2>, pinocchio::JointModelHelicalUnalignedTpl<double, 0>, pinocchio::JointModelUniversalTpl<double, 0>, boost::recursive_wrapper<pinocchio::JointModelCompositeTpl<double, 0, pinocchio::JointCollectionDefaultTpl> >, boost::recursive_wrapper<pinocchio::JointModelMimicTpl<double, 0, pinocchio::JointCollectionDefaultTpl> > >&&\x1b[m\x1b[K\xe2\x80\x99\n'}
[5.934034] (gim_arm_hardware) StderrLine: {'line': b' 1770 |     variant(\x1b[01;36m\x1b[Kvariant&& operand\x1b[m\x1b[K) BOOST_NOEXCEPT_IF(variant_move_noexcept_constructible::type::value)\n'}
[5.934058] (gim_arm_hardware) StderrLine: {'line': b'      |             \x1b[01;36m\x1b[K~~~~~~~~~~^~~~~~~\x1b[m\x1b[K\n'}
[5.934081] (gim_arm_hardware) StderrLine: {'line': b'\x1b[01m\x1b[K/usr/include/boost/variant/variant.hpp:1759:5:\x1b[m\x1b[K \x1b[01;36m\x1b[Knote: \x1b[m\x1b[Kcandidate: \xe2\x80\x98\x1b[01m\x1b[Kboost::variant<T0, TN>::variant(const boost::variant<T0, TN>&) [with T0_ = pinocchio::JointModelRevoluteTpl<double, 0, 0>; TN = {pinocchio::JointModelRevoluteTpl<double, 0, 1>, pinocchio::JointModelRevoluteTpl<double, 0, 2>, pinocchio::JointModelFreeFlyerTpl<double, 0>, pinocchio::JointModelPlanarTpl<double, 0>, pinocchio::JointModelRevoluteUnalignedTpl<double, 0>, pinocchio::JointModelSphericalTpl<double, 0>, pinocchio::JointModelSphericalZYXTpl<double, 0>, pinocchio::JointModelEllipsoidTpl<double, 0>, pinocchio::JointModelPrismaticTpl<double, 0, 0>, pinocchio::JointModelPrismaticTpl<double, 0, 1>, pinocchio::JointModelPrismaticTpl<double, 0, 2>, pinocchio::JointModelPrismaticUnalignedTpl<double, 0>, pinocchio::JointModelTranslationTpl<double, 0>, pinocchio::JointModelRevoluteUnboundedTpl<double, 0, 0>, pinocchio::JointModelRevoluteUnboundedTpl<double, 0, 1>, pinocchio::JointModelRevoluteUnboundedTpl<double, 0, 2>, pinocchio::JointModelRevoluteUnboundedUnalignedTpl<double, 0>, pinocchio::JointModelHelicalTpl<double, 0, 0>, pinocchio::JointModelHelicalTpl<double, 0, 1>, pinocchio::JointModelHelicalTpl<double, 0, 2>, pinocchio::JointModelHelicalUnalignedTpl<double, 0>, pinocchio::JointModelUniversalTpl<double, 0>, boost::recursive_wrapper<pinocchio::JointModelCompositeTpl<double, 0, pinocchio::JointCollectionDefaultTpl> >, boost::recursive_wrapper<pinocchio::JointModelMimicTpl<double, 0, pinocchio::JointCollectionDefaultTpl> >}]\x1b[m\x1b[K\xe2\x80\x99\n'}
[5.934114] (gim_arm_hardware) StderrLine: {'line': b' 1759 |     \x1b[01;36m\x1b[Kvariant\x1b[m\x1b[K(const variant& operand)\n'}
[5.934140] (gim_arm_hardware) StderrLine: {'line': b'      |     \x1b[01;36m\x1b[K^~~~~~~\x1b[m\x1b[K\n'}
[5.934164] (gim_arm_hardware) StderrLine: {'line': b'\x1b[01m\x1b[K/usr/include/boost/variant/variant.hpp:1759:28:\x1b[m\x1b[K \x1b[01;36m\x1b[Knote: \x1b[m\x1b[K  no known conversion for argument 1 from \xe2\x80\x98\x1b[01m\x1b[Kconst JointModelDerived\x1b[m\x1b[K\xe2\x80\x99 {aka \xe2\x80\x98\x1b[01m\x1b[Kconst pinocchio::JointModelPrismaticTpl<double, 0, 0>\x1b[m\x1b[K\xe2\x80\x99} to \xe2\x80\x98\x1b[01m\x1b[Kconst boost::variant<pinocchio::JointModelRevoluteTpl<double, 0, 0>, pinocchio::JointModelRevoluteTpl<double, 0, 1>, pinocchio::JointModelRevoluteTpl<double, 0, 2>, pinocchio::JointModelFreeFlyerTpl<double, 0>, pinocchio::JointModelPlanarTpl<double, 0>, pinocchio::JointModelRevoluteUnalignedTpl<double, 0>, pinocchio::JointModelSphericalTpl<double, 0>, pinocchio::JointModelSphericalZYXTpl<double, 0>, pinocchio::JointModelEllipsoidTpl<double, 0>, pinocchio::JointModelPrismaticTpl<double, 0, 0>, pinocchio::JointModelPrismaticTpl<double, 0, 1>, pinocchio::JointModelPrismaticTpl<double, 0, 2>, pinocchio::JointModelPrismaticUnalignedTpl<double, 0>, pinocchio::JointModelTranslationTpl<double, 0>, pinocchio::JointModelRevoluteUnboundedTpl<double, 0, 0>, pinocchio::JointModelRevoluteUnboundedTpl<double, 0, 1>, pinocchio::JointModelRevoluteUnboundedTpl<double, 0, 2>, pinocchio::JointModelRevoluteUnboundedUnalignedTpl<double, 0>, pinocchio::JointModelHelicalTpl<double, 0, 0>, pinocchio::JointModelHelicalTpl<double, 0, 1>, pinocchio::JointModelHelicalTpl<double, 0, 2>, pinocchio::JointModelHelicalUnalignedTpl<double, 0>, pinocchio::JointModelUniversalTpl<double, 0>, boost::recursive_wrapper<pinocchio::JointModelCompositeTpl<double, 0, pinocchio::JointCollectionDefaultTpl> >, boost::recursive_wrapper<pinocchio::JointModelMimicTpl<double, 0, pinocchio::JointCollectionDefaultTpl> > >&\x1b[m\x1b[K\xe2\x80\x99\n'}
[5.934194] (gim_arm_hardware) StderrLine: {'line': b' 1759 |     variant(\x1b[01;36m\x1b[Kconst variant& operand\x1b[m\x1b[K)\n'}
[5.934217] (gim_arm_hardware) StderrLine: {'line': b'      |             \x1b[01;36m\x1b[K~~~~~~~~~~~~~~~^~~~~~~\x1b[m\x1b[K\n'}
[5.934242] (gim_arm_hardware) StderrLine: {'line': b'\x1b[01m\x1b[K/usr/include/boost/variant/variant.hpp:1375:5:\x1b[m\x1b[K \x1b[01;36m\x1b[Knote: \x1b[m\x1b[Kcandidate: \xe2\x80\x98\x1b[01m\x1b[Kboost::variant<T0, TN>::variant() [with T0_ = pinocchio::JointModelRevoluteTpl<double, 0, 0>; TN = {pinocchio::JointModelRevoluteTpl<double, 0, 1>, pinocchio::JointModelRevoluteTpl<double, 0, 2>, pinocchio::JointModelFreeFlyerTpl<double, 0>, pinocchio::JointModelPlanarTpl<double, 0>, pinocchio::JointModelRevoluteUnalignedTpl<double, 0>, pinocchio::JointModelSphericalTpl<double, 0>, pinocchio::JointModelSphericalZYXTpl<double, 0>, pinocchio::JointModelEllipsoidTpl<double, 0>, pinocchio::JointModelPrismaticTpl<double, 0, 0>, pinocchio::JointModelPrismaticTpl<double, 0, 1>, pinocchio::JointModelPrismaticTpl<double, 0, 2>, pinocchio::JointModelPrismaticUnalignedTpl<double, 0>, pinocchio::JointModelTranslationTpl<double, 0>, pinocchio::JointModelRevoluteUnboundedTpl<double, 0, 0>, pinocchio::JointModelRevoluteUnboundedTpl<double, 0, 1>, pinocchio::JointModelRevoluteUnboundedTpl<double, 0, 2>, pinocchio::JointModelRevoluteUnboundedUnalignedTpl<double, 0>, pinocchio::JointModelHelicalTpl<double, 0, 0>, pinocchio::JointModelHelicalTpl<double, 0, 1>, pinocchio::JointModelHelicalTpl<double, 0, 2>, pinocchio::JointModelHelicalUnalignedTpl<double, 0>, pinocchio::JointModelUniversalTpl<double, 0>, boost::recursive_wrapper<pinocchio::JointModelCompositeTpl<double, 0, pinocchio::JointCollectionDefaultTpl> >, boost::recursive_wrapper<pinocchio::JointModelMimicTpl<double, 0, pinocchio::JointCollectionDefaultTpl> >}]\x1b[m\x1b[K\xe2\x80\x99\n'}
[5.934274] (gim_arm_hardware) StderrLine: {'line': b' 1375 |     \x1b[01;36m\x1b[Kvariant\x1b[m\x1b[K()\n'}
[5.934298] (gim_arm_hardware) StderrLine: {'line': b'      |     \x1b[01;36m\x1b[K^~~~~~~\x1b[m\x1b[K\n'}
[5.934321] (gim_arm_hardware) StderrLine: {'line': b'\x1b[01m\x1b[K/usr/include/boost/variant/variant.hpp:1375:5:\x1b[m\x1b[K \x1b[01;36m\x1b[Knote: \x1b[m\x1b[K  candidate expects 0 arguments, 1 provided\n'}
[5.934344] (gim_arm_hardware) StderrLine: {'line': b'In file included from \x1b[01m\x1b[K/opt/ros/humble/include/pinocchio/multibody/joint.hpp:84\x1b[m\x1b[K,\n'}
[5.934368] (gim_arm_hardware) StderrLine: {'line': b'                 from \x1b[01m\x1b[K/opt/ros/humble/include/pinocchio/multibody.hpp:43\x1b[m\x1b[K,\n'}
[5.934391] (gim_arm_hardware) StderrLine: {'line': b'                 from \x1b[01m\x1b[K/opt/ros/humble/include/pinocchio/parsers/urdf.hpp:27\x1b[m\x1b[K,\n'}
[5.934414] (gim_arm_hardware) StderrLine: {'line': b'                 from \x1b[01m\x1b[K/home/minh/gim60108_ws/src/gim_arm_hardware/include/gim_arm_hardware/gim_arm_system.hpp:17\x1b[m\x1b[K,\n'}
[5.934438] (gim_arm_hardware) StderrLine: {'line': b'                 from \x1b[01m\x1b[K/home/minh/gim60108_ws/src/gim_arm_hardware/src/gim_arm_system.cpp:1\x1b[m\x1b[K:\n'}
[5.934480] (gim_arm_hardware) StderrLine: {'line': b'/opt/ros/humble/include/pinocchio/src/multibody/joint/joint-generic.hxx: In instantiation of \xe2\x80\x98\x1b[01m\x1b[Kpinocchio::JointModelTpl<Scalar, Options, JointCollectionTpl>::JointModelTpl(const pinocchio::JointModelBase<OtherDerived>&) [with JointModelDerived = pinocchio::JointModelPrismaticTpl<double, 0, 1>; _Scalar = double; int _Options = 0; JointCollectionTpl = pinocchio::JointCollectionDefaultTpl]\x1b[m\x1b[K\xe2\x80\x99:\n'}
[5.934511] (gim_arm_hardware) StderrLine: {'line': b'\x1b[01m\x1b[K/opt/ros/humble/include/pinocchio/src/parsers/urdf/model.hxx:502:34:\x1b[m\x1b[K   required from \xe2\x80\x98\x1b[01m\x1b[Kpinocchio::JointIndex pinocchio::urdf::details::UrdfVisitor::addJoint(const Vector3&, const Frame&, const SE3&, const string&, const VectorConstRef&, const VectorConstRef&, const VectorConstRef&, const VectorConstRef&, const VectorConstRef&, const VectorConstRef&, const VectorConstRef&, const VectorConstRef&, const VectorConstRef&, const VectorConstRef&) [with TypeX = pinocchio::JointModelPrismaticTpl<double, 0, 0>; TypeY = pinocchio::JointModelPrismaticTpl<double, 0, 1>; TypeZ = pinocchio::JointModelPrismaticTpl<double, 0, 2>; TypeUnaligned = pinocchio::JointModelPrismaticUnalignedTpl<double>; pinocchio::JointIndex = long unsigned int; pinocchio::urdf::details::UrdfVisitor::Vector3 = Eigen::Matrix<double, 3, 1>; pinocchio::urdf::details::UrdfVisitor::Frame = pinocchio::FrameTpl<double, 0>; pinocchio::urdf::details::UrdfVisitor::SE3 = pinocchio::SE3Tpl<double, 0>; std::string = std::__cxx11::basic_string<char>; pinocchio::urdf::details::UrdfVisitor::VectorConstRef = Eigen::Ref<const Eigen::Matrix<double, -1, 1> >]\x1b[m\x1b[K\xe2\x80\x99\n'}
[5.934537] (gim_arm_hardware) StderrLine: {'line': b'\x1b[01m\x1b[K/opt/ros/humble/include/pinocchio/src/parsers/urdf/model.hxx:263:70:\x1b[m\x1b[K   required from here\n'}
[5.934561] (gim_arm_hardware) StderrLine: {'line': b'\x1b[01m\x1b[K/opt/ros/humble/include/pinocchio/src/multibody/joint/joint-generic.hxx:306:25:\x1b[m\x1b[K \x1b[01;31m\x1b[Kerror: \x1b[m\x1b[Kno matching function for call to \xe2\x80\x98\x1b[01m\x1b[Kboost::variant<pinocchio::JointModelRevoluteTpl<double, 0, 0>, pinocchio::JointModelRevoluteTpl<double, 0, 1>, pinocchio::JointModelRevoluteTpl<double, 0, 2>, pinocchio::JointModelFreeFlyerTpl<double, 0>, pinocchio::JointModelPlanarTpl<double, 0>, pinocchio::JointModelRevoluteUnalignedTpl<double, 0>, pinocchio::JointModelSphericalTpl<double, 0>, pinocchio::JointModelSphericalZYXTpl<double, 0>, pinocchio::JointModelEllipsoidTpl<double, 0>, pinocchio::JointModelPrismaticTpl<double, 0, 0>, pinocchio::JointModelPrismaticTpl<double, 0, 1>, pinocchio::JointModelPrismaticTpl<double, 0, 2>, pinocchio::JointModelPrismaticUnalignedTpl<double, 0>, pinocchio::JointModelTranslationTpl<double, 0>, pinocchio::JointModelRevoluteUnboundedTpl<double, 0, 0>, pinocchio::JointModelRevoluteUnboundedTpl<double, 0, 1>, pinocchio::JointModelRevoluteUnboundedTpl<double, 0, 2>, pinocchio::JointModelRevoluteUnboundedUnalignedTpl<double, 0>, pinocchio::JointModelHelicalTpl<double, 0, 0>, pinocchio::JointModelHelicalTpl<double, 0, 1>, pinocchio::JointModelHelicalTpl<double, 0, 2>, pinocchio::JointModelHelicalUnalignedTpl<double, 0>, pinocchio::JointModelUniversalTpl<double, 0>, boost::recursive_wrapper<pinocchio::JointModelCompositeTpl<double, 0, pinocchio::JointCollectionDefaultTpl> >, boost::recursive_wrapper<pinocchio::JointModelMimicTpl<double, 0, pinocchio::JointCollectionDefaultTpl> > >::variant(const JointModelDerived&)\x1b[m\x1b[K\xe2\x80\x99\n'}
[5.934590] (gim_arm_hardware) StderrLine: {'line': b'  306 |     : JointModelVariant(\x1b[01;31m\x1b[K(JointModelVariant)jmodel.derived()\x1b[m\x1b[K)\n'}
[5.934618] (gim_arm_hardware) StderrLine: {'line': b'      |                         \x1b[01;31m\x1b[K^~~~~~~~~~~~~~~~~~~~~~~~~~~~~~~~~~~\x1b[m\x1b[K\n'}
[5.934643] (gim_arm_hardware) StderrLine: {'line': b'In file included from \x1b[01m\x1b[K/usr/include/boost/variant.hpp:17\x1b[m\x1b[K,\n'}
[5.934666] (gim_arm_hardware) StderrLine: {'line': b'                 from \x1b[01m\x1b[K/opt/ros/humble/include/pinocchio/multibody.hpp:21\x1b[m\x1b[K,\n'}
[5.934690] (gim_arm_hardware) StderrLine: {'line': b'                 from \x1b[01m\x1b[K/opt/ros/humble/include/pinocchio/parsers/urdf.hpp:27\x1b[m\x1b[K,\n'}
[5.934714] (gim_arm_hardware) StderrLine: {'line': b'                 from \x1b[01m\x1b[K/home/minh/gim60108_ws/src/gim_arm_hardware/include/gim_arm_hardware/gim_arm_system.hpp:17\x1b[m\x1b[K,\n'}
[5.934740] (gim_arm_hardware) StderrLine: {'line': b'                 from \x1b[01m\x1b[K/home/minh/gim60108_ws/src/gim_arm_hardware/src/gim_arm_system.cpp:1\x1b[m\x1b[K:\n'}
[5.934764] (gim_arm_hardware) StderrLine: {'line': b'\x1b[01m\x1b[K/usr/include/boost/variant/variant.hpp:1770:5:\x1b[m\x1b[K \x1b[01;36m\x1b[Knote: \x1b[m\x1b[Kcandidate: \xe2\x80\x98\x1b[01m\x1b[Kboost::variant<T0, TN>::variant(boost::variant<T0, TN>&&) [with T0_ = pinocchio::JointModelRevoluteTpl<double, 0, 0>; TN = {pinocchio::JointModelRevoluteTpl<double, 0, 1>, pinocchio::JointModelRevoluteTpl<double, 0, 2>, pinocchio::JointModelFreeFlyerTpl<double, 0>, pinocchio::JointModelPlanarTpl<double, 0>, pinocchio::JointModelRevoluteUnalignedTpl<double, 0>, pinocchio::JointModelSphericalTpl<double, 0>, pinocchio::JointModelSphericalZYXTpl<double, 0>, pinocchio::JointModelEllipsoidTpl<double, 0>, pinocchio::JointModelPrismaticTpl<double, 0, 0>, pinocchio::JointModelPrismaticTpl<double, 0, 1>, pinocchio::JointModelPrismaticTpl<double, 0, 2>, pinocchio::JointModelPrismaticUnalignedTpl<double, 0>, pinocchio::JointModelTranslationTpl<double, 0>, pinocchio::JointModelRevoluteUnboundedTpl<double, 0, 0>, pinocchio::JointModelRevoluteUnboundedTpl<double, 0, 1>, pinocchio::JointModelRevoluteUnboundedTpl<double, 0, 2>, pinocchio::JointModelRevoluteUnboundedUnalignedTpl<double, 0>, pinocchio::JointModelHelicalTpl<double, 0, 0>, pinocchio::JointModelHelicalTpl<double, 0, 1>, pinocchio::JointModelHelicalTpl<double, 0, 2>, pinocchio::JointModelHelicalUnalignedTpl<double, 0>, pinocchio::JointModelUniversalTpl<double, 0>, boost::recursive_wrapper<pinocchio::JointModelCompositeTpl<double, 0, pinocchio::JointCollectionDefaultTpl> >, boost::recursive_wrapper<pinocchio::JointModelMimicTpl<double, 0, pinocchio::JointCollectionDefaultTpl> >}]\x1b[m\x1b[K\xe2\x80\x99\n'}
[5.934795] (gim_arm_hardware) StderrLine: {'line': b' 1770 |     \x1b[01;36m\x1b[Kvariant\x1b[m\x1b[K(variant&& operand) BOOST_NOEXCEPT_IF(variant_move_noexcept_constructible::type::value)\n'}
[5.934819] (gim_arm_hardware) StderrLine: {'line': b'      |     \x1b[01;36m\x1b[K^~~~~~~\x1b[m\x1b[K\n'}
[5.934842] (gim_arm_hardware) StderrLine: {'line': b'\x1b[01m\x1b[K/usr/include/boost/variant/variant.hpp:1770:23:\x1b[m\x1b[K \x1b[01;36m\x1b[Knote: \x1b[m\x1b[K  no known conversion for argument 1 from \xe2\x80\x98\x1b[01m\x1b[Kconst JointModelDerived\x1b[m\x1b[K\xe2\x80\x99 {aka \xe2\x80\x98\x1b[01m\x1b[Kconst pinocchio::JointModelPrismaticTpl<double, 0, 1>\x1b[m\x1b[K\xe2\x80\x99} to \xe2\x80\x98\x1b[01m\x1b[Kboost::variant<pinocchio::JointModelRevoluteTpl<double, 0, 0>, pinocchio::JointModelRevoluteTpl<double, 0, 1>, pinocchio::JointModelRevoluteTpl<double, 0, 2>, pinocchio::JointModelFreeFlyerTpl<double, 0>, pinocchio::JointModelPlanarTpl<double, 0>, pinocchio::JointModelRevoluteUnalignedTpl<double, 0>, pinocchio::JointModelSphericalTpl<double, 0>, pinocchio::JointModelSphericalZYXTpl<double, 0>, pinocchio::JointModelEllipsoidTpl<double, 0>, pinocchio::JointModelPrismaticTpl<double, 0, 0>, pinocchio::JointModelPrismaticTpl<double, 0, 1>, pinocchio::JointModelPrismaticTpl<double, 0, 2>, pinocchio::JointModelPrismaticUnalignedTpl<double, 0>, pinocchio::JointModelTranslationTpl<double, 0>, pinocchio::JointModelRevoluteUnboundedTpl<double, 0, 0>, pinocchio::JointModelRevoluteUnboundedTpl<double, 0, 1>, pinocchio::JointModelRevoluteUnboundedTpl<double, 0, 2>, pinocchio::JointModelRevoluteUnboundedUnalignedTpl<double, 0>, pinocchio::JointModelHelicalTpl<double, 0, 0>, pinocchio::JointModelHelicalTpl<double, 0, 1>, pinocchio::JointModelHelicalTpl<double, 0, 2>, pinocchio::JointModelHelicalUnalignedTpl<double, 0>, pinocchio::JointModelUniversalTpl<double, 0>, boost::recursive_wrapper<pinocchio::JointModelCompositeTpl<double, 0, pinocchio::JointCollectionDefaultTpl> >, boost::recursive_wrapper<pinocchio::JointModelMimicTpl<double, 0, pinocchio::JointCollectionDefaultTpl> > >&&\x1b[m\x1b[K\xe2\x80\x99\n'}
[5.934875] (gim_arm_hardware) StderrLine: {'line': b' 1770 |     variant(\x1b[01;36m\x1b[Kvariant&& operand\x1b[m\x1b[K) BOOST_NOEXCEPT_IF(variant_move_noexcept_constructible::type::value)\n'}
[5.934902] (gim_arm_hardware) StderrLine: {'line': b'      |             \x1b[01;36m\x1b[K~~~~~~~~~~^~~~~~~\x1b[m\x1b[K\n'}
[5.934926] (gim_arm_hardware) StderrLine: {'line': b'\x1b[01m\x1b[K/usr/include/boost/variant/variant.hpp:1759:5:\x1b[m\x1b[K \x1b[01;36m\x1b[Knote: \x1b[m\x1b[Kcandidate: \xe2\x80\x98\x1b[01m\x1b[Kboost::variant<T0, TN>::variant(const boost::variant<T0, TN>&) [with T0_ = pinocchio::JointModelRevoluteTpl<double, 0, 0>; TN = {pinocchio::JointModelRevoluteTpl<double, 0, 1>, pinocchio::JointModelRevoluteTpl<double, 0, 2>, pinocchio::JointModelFreeFlyerTpl<double, 0>, pinocchio::JointModelPlanarTpl<double, 0>, pinocchio::JointModelRevoluteUnalignedTpl<double, 0>, pinocchio::JointModelSphericalTpl<double, 0>, pinocchio::JointModelSphericalZYXTpl<double, 0>, pinocchio::JointModelEllipsoidTpl<double, 0>, pinocchio::JointModelPrismaticTpl<double, 0, 0>, pinocchio::JointModelPrismaticTpl<double, 0, 1>, pinocchio::JointModelPrismaticTpl<double, 0, 2>, pinocchio::JointModelPrismaticUnalignedTpl<double, 0>, pinocchio::JointModelTranslationTpl<double, 0>, pinocchio::JointModelRevoluteUnboundedTpl<double, 0, 0>, pinocchio::JointModelRevoluteUnboundedTpl<double, 0, 1>, pinocchio::JointModelRevoluteUnboundedTpl<double, 0, 2>, pinocchio::JointModelRevoluteUnboundedUnalignedTpl<double, 0>, pinocchio::JointModelHelicalTpl<double, 0, 0>, pinocchio::JointModelHelicalTpl<double, 0, 1>, pinocchio::JointModelHelicalTpl<double, 0, 2>, pinocchio::JointModelHelicalUnalignedTpl<double, 0>, pinocchio::JointModelUniversalTpl<double, 0>, boost::recursive_wrapper<pinocchio::JointModelCompositeTpl<double, 0, pinocchio::JointCollectionDefaultTpl> >, boost::recursive_wrapper<pinocchio::JointModelMimicTpl<double, 0, pinocchio::JointCollectionDefaultTpl> >}]\x1b[m\x1b[K\xe2\x80\x99\n'}
[5.934955] (gim_arm_hardware) StderrLine: {'line': b' 1759 |     \x1b[01;36m\x1b[Kvariant\x1b[m\x1b[K(const variant& operand)\n'}
[5.934981] (gim_arm_hardware) StderrLine: {'line': b'      |     \x1b[01;36m\x1b[K^~~~~~~\x1b[m\x1b[K\n'}
[5.935006] (gim_arm_hardware) StderrLine: {'line': b'\x1b[01m\x1b[K/usr/include/boost/variant/variant.hpp:1759:28:\x1b[m\x1b[K \x1b[01;36m\x1b[Knote: \x1b[m\x1b[K  no known conversion for argument 1 from \xe2\x80\x98\x1b[01m\x1b[Kconst JointModelDerived\x1b[m\x1b[K\xe2\x80\x99 {aka \xe2\x80\x98\x1b[01m\x1b[Kconst pinocchio::JointModelPrismaticTpl<double, 0, 1>\x1b[m\x1b[K\xe2\x80\x99} to \xe2\x80\x98\x1b[01m\x1b[Kconst boost::variant<pinocchio::JointModelRevoluteTpl<double, 0, 0>, pinocchio::JointModelRevoluteTpl<double, 0, 1>, pinocchio::JointModelRevoluteTpl<double, 0, 2>, pinocchio::JointModelFreeFlyerTpl<double, 0>, pinocchio::JointModelPlanarTpl<double, 0>, pinocchio::JointModelRevoluteUnalignedTpl<double, 0>, pinocchio::JointModelSphericalTpl<double, 0>, pinocchio::JointModelSphericalZYXTpl<double, 0>, pinocchio::JointModelEllipsoidTpl<double, 0>, pinocchio::JointModelPrismaticTpl<double, 0, 0>, pinocchio::JointModelPrismaticTpl<double, 0, 1>, pinocchio::JointModelPrismaticTpl<double, 0, 2>, pinocchio::JointModelPrismaticUnalignedTpl<double, 0>, pinocchio::JointModelTranslationTpl<double, 0>, pinocchio::JointModelRevoluteUnboundedTpl<double, 0, 0>, pinocchio::JointModelRevoluteUnboundedTpl<double, 0, 1>, pinocchio::JointModelRevoluteUnboundedTpl<double, 0, 2>, pinocchio::JointModelRevoluteUnboundedUnalignedTpl<double, 0>, pinocchio::JointModelHelicalTpl<double, 0, 0>, pinocchio::JointModelHelicalTpl<double, 0, 1>, pinocchio::JointModelHelicalTpl<double, 0, 2>, pinocchio::JointModelHelicalUnalignedTpl<double, 0>, pinocchio::JointModelUniversalTpl<double, 0>, boost::recursive_wrapper<pinocchio::JointModelCompositeTpl<double, 0, pinocchio::JointCollectionDefaultTpl> >, boost::recursive_wrapper<pinocchio::JointModelMimicTpl<double, 0, pinocchio::JointCollectionDefaultTpl> > >&\x1b[m\x1b[K\xe2\x80\x99\n'}
[5.935033] (gim_arm_hardware) StderrLine: {'line': b' 1759 |     variant(\x1b[01;36m\x1b[Kconst variant& operand\x1b[m\x1b[K)\n'}
[5.935063] (gim_arm_hardware) StderrLine: {'line': b'      |             \x1b[01;36m\x1b[K~~~~~~~~~~~~~~~^~~~~~~\x1b[m\x1b[K\n'}
[5.935086] (gim_arm_hardware) StderrLine: {'line': b'\x1b[01m\x1b[K/usr/include/boost/variant/variant.hpp:1375:5:\x1b[m\x1b[K \x1b[01;36m\x1b[Knote: \x1b[m\x1b[Kcandidate: \xe2\x80\x98\x1b[01m\x1b[Kboost::variant<T0, TN>::variant() [with T0_ = pinocchio::JointModelRevoluteTpl<double, 0, 0>; TN = {pinocchio::JointModelRevoluteTpl<double, 0, 1>, pinocchio::JointModelRevoluteTpl<double, 0, 2>, pinocchio::JointModelFreeFlyerTpl<double, 0>, pinocchio::JointModelPlanarTpl<double, 0>, pinocchio::JointModelRevoluteUnalignedTpl<double, 0>, pinocchio::JointModelSphericalTpl<double, 0>, pinocchio::JointModelSphericalZYXTpl<double, 0>, pinocchio::JointModelEllipsoidTpl<double, 0>, pinocchio::JointModelPrismaticTpl<double, 0, 0>, pinocchio::JointModelPrismaticTpl<double, 0, 1>, pinocchio::JointModelPrismaticTpl<double, 0, 2>, pinocchio::JointModelPrismaticUnalignedTpl<double, 0>, pinocchio::JointModelTranslationTpl<double, 0>, pinocchio::JointModelRevoluteUnboundedTpl<double, 0, 0>, pinocchio::JointModelRevoluteUnboundedTpl<double, 0, 1>, pinocchio::JointModelRevoluteUnboundedTpl<double, 0, 2>, pinocchio::JointModelRevoluteUnboundedUnalignedTpl<double, 0>, pinocchio::JointModelHelicalTpl<double, 0, 0>, pinocchio::JointModelHelicalTpl<double, 0, 1>, pinocchio::JointModelHelicalTpl<double, 0, 2>, pinocchio::JointModelHelicalUnalignedTpl<double, 0>, pinocchio::JointModelUniversalTpl<double, 0>, boost::recursive_wrapper<pinocchio::JointModelCompositeTpl<double, 0, pinocchio::JointCollectionDefaultTpl> >, boost::recursive_wrapper<pinocchio::JointModelMimicTpl<double, 0, pinocchio::JointCollectionDefaultTpl> >}]\x1b[m\x1b[K\xe2\x80\x99\n'}
[5.935119] (gim_arm_hardware) StderrLine: {'line': b' 1375 |     \x1b[01;36m\x1b[Kvariant\x1b[m\x1b[K()\n'}
[5.935143] (gim_arm_hardware) StderrLine: {'line': b'      |     \x1b[01;36m\x1b[K^~~~~~~\x1b[m\x1b[K\n'}
[5.935166] (gim_arm_hardware) StderrLine: {'line': b'\x1b[01m\x1b[K/usr/include/boost/variant/variant.hpp:1375:5:\x1b[m\x1b[K \x1b[01;36m\x1b[Knote: \x1b[m\x1b[K  candidate expects 0 arguments, 1 provided\n'}
[5.935190] (gim_arm_hardware) StderrLine: {'line': b'In file included from \x1b[01m\x1b[K/opt/ros/humble/include/pinocchio/multibody/joint.hpp:84\x1b[m\x1b[K,\n'}
[5.935213] (gim_arm_hardware) StderrLine: {'line': b'                 from \x1b[01m\x1b[K/opt/ros/humble/include/pinocchio/multibody.hpp:43\x1b[m\x1b[K,\n'}
[5.935237] (gim_arm_hardware) StderrLine: {'line': b'                 from \x1b[01m\x1b[K/opt/ros/humble/include/pinocchio/parsers/urdf.hpp:27\x1b[m\x1b[K,\n'}
[5.935260] (gim_arm_hardware) StderrLine: {'line': b'                 from \x1b[01m\x1b[K/home/minh/gim60108_ws/src/gim_arm_hardware/include/gim_arm_hardware/gim_arm_system.hpp:17\x1b[m\x1b[K,\n'}
[5.935284] (gim_arm_hardware) StderrLine: {'line': b'                 from \x1b[01m\x1b[K/home/minh/gim60108_ws/src/gim_arm_hardware/src/gim_arm_system.cpp:1\x1b[m\x1b[K:\n'}
[5.935307] (gim_arm_hardware) StderrLine: {'line': b'/opt/ros/humble/include/pinocchio/src/multibody/joint/joint-generic.hxx: In instantiation of \xe2\x80\x98\x1b[01m\x1b[Kpinocchio::JointModelTpl<Scalar, Options, JointCollectionTpl>::JointModelTpl(const pinocchio::JointModelBase<OtherDerived>&) [with JointModelDerived = pinocchio::JointModelPrismaticTpl<double, 0, 2>; _Scalar = double; int _Options = 0; JointCollectionTpl = pinocchio::JointCollectionDefaultTpl]\x1b[m\x1b[K\xe2\x80\x99:\n'}
[5.935332] (gim_arm_hardware) StderrLine: {'line': b'\x1b[01m\x1b[K/opt/ros/humble/include/pinocchio/src/parsers/urdf/model.hxx:509:34:\x1b[m\x1b[K   required from \xe2\x80\x98\x1b[01m\x1b[Kpinocchio::JointIndex pinocchio::urdf::details::UrdfVisitor::addJoint(const Vector3&, const Frame&, const SE3&, const string&, const VectorConstRef&, const VectorConstRef&, const VectorConstRef&, const VectorConstRef&, const VectorConstRef&, const VectorConstRef&, const VectorConstRef&, const VectorConstRef&, const VectorConstRef&, const VectorConstRef&) [with TypeX = pinocchio::JointModelPrismaticTpl<double, 0, 0>; TypeY = pinocchio::JointModelPrismaticTpl<double, 0, 1>; TypeZ = pinocchio::JointModelPrismaticTpl<double, 0, 2>; TypeUnaligned = pinocchio::JointModelPrismaticUnalignedTpl<double>; pinocchio::JointIndex = long unsigned int; pinocchio::urdf::details::UrdfVisitor::Vector3 = Eigen::Matrix<double, 3, 1>; pinocchio::urdf::details::UrdfVisitor::Frame = pinocchio::FrameTpl<double, 0>; pinocchio::urdf::details::UrdfVisitor::SE3 = pinocchio::SE3Tpl<double, 0>; std::string = std::__cxx11::basic_string<char>; pinocchio::urdf::details::UrdfVisitor::VectorConstRef = Eigen::Ref<const Eigen::Matrix<double, -1, 1> >]\x1b[m\x1b[K\xe2\x80\x99\n'}
[5.935361] (gim_arm_hardware) StderrLine: {'line': b'\x1b[01m\x1b[K/opt/ros/humble/include/pinocchio/src/parsers/urdf/model.hxx:263:70:\x1b[m\x1b[K   required from here\n'}
[5.935384] (gim_arm_hardware) StderrLine: {'line': b'\x1b[01m\x1b[K/opt/ros/humble/include/pinocchio/src/multibody/joint/joint-generic.hxx:306:25:\x1b[m\x1b[K \x1b[01;31m\x1b[Kerror: \x1b[m\x1b[Kno matching function for call to \xe2\x80\x98\x1b[01m\x1b[Kboost::variant<pinocchio::JointModelRevoluteTpl<double, 0, 0>, pinocchio::JointModelRevoluteTpl<double, 0, 1>, pinocchio::JointModelRevoluteTpl<double, 0, 2>, pinocchio::JointModelFreeFlyerTpl<double, 0>, pinocchio::JointModelPlanarTpl<double, 0>, pinocchio::JointModelRevoluteUnalignedTpl<double, 0>, pinocchio::JointModelSphericalTpl<double, 0>, pinocchio::JointModelSphericalZYXTpl<double, 0>, pinocchio::JointModelEllipsoidTpl<double, 0>, pinocchio::JointModelPrismaticTpl<double, 0, 0>, pinocchio::JointModelPrismaticTpl<double, 0, 1>, pinocchio::JointModelPrismaticTpl<double, 0, 2>, pinocchio::JointModelPrismaticUnalignedTpl<double, 0>, pinocchio::JointModelTranslationTpl<double, 0>, pinocchio::JointModelRevoluteUnboundedTpl<double, 0, 0>, pinocchio::JointModelRevoluteUnboundedTpl<double, 0, 1>, pinocchio::JointModelRevoluteUnboundedTpl<double, 0, 2>, pinocchio::JointModelRevoluteUnboundedUnalignedTpl<double, 0>, pinocchio::JointModelHelicalTpl<double, 0, 0>, pinocchio::JointModelHelicalTpl<double, 0, 1>, pinocchio::JointModelHelicalTpl<double, 0, 2>, pinocchio::JointModelHelicalUnalignedTpl<double, 0>, pinocchio::JointModelUniversalTpl<double, 0>, boost::recursive_wrapper<pinocchio::JointModelCompositeTpl<double, 0, pinocchio::JointCollectionDefaultTpl> >, boost::recursive_wrapper<pinocchio::JointModelMimicTpl<double, 0, pinocchio::JointCollectionDefaultTpl> > >::variant(const JointModelDerived&)\x1b[m\x1b[K\xe2\x80\x99\n'}
[5.935420] (gim_arm_hardware) StderrLine: {'line': b'  306 |     : JointModelVariant(\x1b[01;31m\x1b[K(JointModelVariant)jmodel.derived()\x1b[m\x1b[K)\n'}
[5.935444] (gim_arm_hardware) StderrLine: {'line': b'      |                         \x1b[01;31m\x1b[K^~~~~~~~~~~~~~~~~~~~~~~~~~~~~~~~~~~\x1b[m\x1b[K\n'}
[5.935473] (gim_arm_hardware) StderrLine: {'line': b'In file included from \x1b[01m\x1b[K/usr/include/boost/variant.hpp:17\x1b[m\x1b[K,\n'}
[5.935498] (gim_arm_hardware) StderrLine: {'line': b'                 from \x1b[01m\x1b[K/opt/ros/humble/include/pinocchio/multibody.hpp:21\x1b[m\x1b[K,\n'}
[5.935522] (gim_arm_hardware) StderrLine: {'line': b'                 from \x1b[01m\x1b[K/opt/ros/humble/include/pinocchio/parsers/urdf.hpp:27\x1b[m\x1b[K,\n'}
[5.935547] (gim_arm_hardware) StderrLine: {'line': b'                 from \x1b[01m\x1b[K/home/minh/gim60108_ws/src/gim_arm_hardware/include/gim_arm_hardware/gim_arm_system.hpp:17\x1b[m\x1b[K,\n'}
[5.935570] (gim_arm_hardware) StderrLine: {'line': b'                 from \x1b[01m\x1b[K/home/minh/gim60108_ws/src/gim_arm_hardware/src/gim_arm_system.cpp:1\x1b[m\x1b[K:\n'}
[5.935594] (gim_arm_hardware) StderrLine: {'line': b'\x1b[01m\x1b[K/usr/include/boost/variant/variant.hpp:1770:5:\x1b[m\x1b[K \x1b[01;36m\x1b[Knote: \x1b[m\x1b[Kcandidate: \xe2\x80\x98\x1b[01m\x1b[Kboost::variant<T0, TN>::variant(boost::variant<T0, TN>&&) [with T0_ = pinocchio::JointModelRevoluteTpl<double, 0, 0>; TN = {pinocchio::JointModelRevoluteTpl<double, 0, 1>, pinocchio::JointModelRevoluteTpl<double, 0, 2>, pinocchio::JointModelFreeFlyerTpl<double, 0>, pinocchio::JointModelPlanarTpl<double, 0>, pinocchio::JointModelRevoluteUnalignedTpl<double, 0>, pinocchio::JointModelSphericalTpl<double, 0>, pinocchio::JointModelSphericalZYXTpl<double, 0>, pinocchio::JointModelEllipsoidTpl<double, 0>, pinocchio::JointModelPrismaticTpl<double, 0, 0>, pinocchio::JointModelPrismaticTpl<double, 0, 1>, pinocchio::JointModelPrismaticTpl<double, 0, 2>, pinocchio::JointModelPrismaticUnalignedTpl<double, 0>, pinocchio::JointModelTranslationTpl<double, 0>, pinocchio::JointModelRevoluteUnboundedTpl<double, 0, 0>, pinocchio::JointModelRevoluteUnboundedTpl<double, 0, 1>, pinocchio::JointModelRevoluteUnboundedTpl<double, 0, 2>, pinocchio::JointModelRevoluteUnboundedUnalignedTpl<double, 0>, pinocchio::JointModelHelicalTpl<double, 0, 0>, pinocchio::JointModelHelicalTpl<double, 0, 1>, pinocchio::JointModelHelicalTpl<double, 0, 2>, pinocchio::JointModelHelicalUnalignedTpl<double, 0>, pinocchio::JointModelUniversalTpl<double, 0>, boost::recursive_wrapper<pinocchio::JointModelCompositeTpl<double, 0, pinocchio::JointCollectionDefaultTpl> >, boost::recursive_wrapper<pinocchio::JointModelMimicTpl<double, 0, pinocchio::JointCollectionDefaultTpl> >}]\x1b[m\x1b[K\xe2\x80\x99\n'}
[5.935624] (gim_arm_hardware) StderrLine: {'line': b' 1770 |     \x1b[01;36m\x1b[Kvariant\x1b[m\x1b[K(variant&& operand) BOOST_NOEXCEPT_IF(variant_move_noexcept_constructible::type::value)\n'}
[5.935648] (gim_arm_hardware) StderrLine: {'line': b'      |     \x1b[01;36m\x1b[K^~~~~~~\x1b[m\x1b[K\n'}
[5.935672] (gim_arm_hardware) StderrLine: {'line': b'\x1b[01m\x1b[K/usr/include/boost/variant/variant.hpp:1770:23:\x1b[m\x1b[K \x1b[01;36m\x1b[Knote: \x1b[m\x1b[K  no known conversion for argument 1 from \xe2\x80\x98\x1b[01m\x1b[Kconst JointModelDerived\x1b[m\x1b[K\xe2\x80\x99 {aka \xe2\x80\x98\x1b[01m\x1b[Kconst pinocchio::JointModelPrismaticTpl<double, 0, 2>\x1b[m\x1b[K\xe2\x80\x99} to \xe2\x80\x98\x1b[01m\x1b[Kboost::variant<pinocchio::JointModelRevoluteTpl<double, 0, 0>, pinocchio::JointModelRevoluteTpl<double, 0, 1>, pinocchio::JointModelRevoluteTpl<double, 0, 2>, pinocchio::JointModelFreeFlyerTpl<double, 0>, pinocchio::JointModelPlanarTpl<double, 0>, pinocchio::JointModelRevoluteUnalignedTpl<double, 0>, pinocchio::JointModelSphericalTpl<double, 0>, pinocchio::JointModelSphericalZYXTpl<double, 0>, pinocchio::JointModelEllipsoidTpl<double, 0>, pinocchio::JointModelPrismaticTpl<double, 0, 0>, pinocchio::JointModelPrismaticTpl<double, 0, 1>, pinocchio::JointModelPrismaticTpl<double, 0, 2>, pinocchio::JointModelPrismaticUnalignedTpl<double, 0>, pinocchio::JointModelTranslationTpl<double, 0>, pinocchio::JointModelRevoluteUnboundedTpl<double, 0, 0>, pinocchio::JointModelRevoluteUnboundedTpl<double, 0, 1>, pinocchio::JointModelRevoluteUnboundedTpl<double, 0, 2>, pinocchio::JointModelRevoluteUnboundedUnalignedTpl<double, 0>, pinocchio::JointModelHelicalTpl<double, 0, 0>, pinocchio::JointModelHelicalTpl<double, 0, 1>, pinocchio::JointModelHelicalTpl<double, 0, 2>, pinocchio::JointModelHelicalUnalignedTpl<double, 0>, pinocchio::JointModelUniversalTpl<double, 0>, boost::recursive_wrapper<pinocchio::JointModelCompositeTpl<double, 0, pinocchio::JointCollectionDefaultTpl> >, boost::recursive_wrapper<pinocchio::JointModelMimicTpl<double, 0, pinocchio::JointCollectionDefaultTpl> > >&&\x1b[m\x1b[K\xe2\x80\x99\n'}
[5.935709] (gim_arm_hardware) StderrLine: {'line': b' 1770 |     variant(\x1b[01;36m\x1b[Kvariant&& operand\x1b[m\x1b[K) BOOST_NOEXCEPT_IF(variant_move_noexcept_constructible::type::value)\n'}
[5.935733] (gim_arm_hardware) StderrLine: {'line': b'      |             \x1b[01;36m\x1b[K~~~~~~~~~~^~~~~~~\x1b[m\x1b[K\n'}
[5.935756] (gim_arm_hardware) StderrLine: {'line': b'\x1b[01m\x1b[K/usr/include/boost/variant/variant.hpp:1759:5:\x1b[m\x1b[K \x1b[01;36m\x1b[Knote: \x1b[m\x1b[Kcandidate: \xe2\x80\x98\x1b[01m\x1b[Kboost::variant<T0, TN>::variant(const boost::variant<T0, TN>&) [with T0_ = pinocchio::JointModelRevoluteTpl<double, 0, 0>; TN = {pinocchio::JointModelRevoluteTpl<double, 0, 1>, pinocchio::JointModelRevoluteTpl<double, 0, 2>, pinocchio::JointModelFreeFlyerTpl<double, 0>, pinocchio::JointModelPlanarTpl<double, 0>, pinocchio::JointModelRevoluteUnalignedTpl<double, 0>, pinocchio::JointModelSphericalTpl<double, 0>, pinocchio::JointModelSphericalZYXTpl<double, 0>, pinocchio::JointModelEllipsoidTpl<double, 0>, pinocchio::JointModelPrismaticTpl<double, 0, 0>, pinocchio::JointModelPrismaticTpl<double, 0, 1>, pinocchio::JointModelPrismaticTpl<double, 0, 2>, pinocchio::JointModelPrismaticUnalignedTpl<double, 0>, pinocchio::JointModelTranslationTpl<double, 0>, pinocchio::JointModelRevoluteUnboundedTpl<double, 0, 0>, pinocchio::JointModelRevoluteUnboundedTpl<double, 0, 1>, pinocchio::JointModelRevoluteUnboundedTpl<double, 0, 2>, pinocchio::JointModelRevoluteUnboundedUnalignedTpl<double, 0>, pinocchio::JointModelHelicalTpl<double, 0, 0>, pinocchio::JointModelHelicalTpl<double, 0, 1>, pinocchio::JointModelHelicalTpl<double, 0, 2>, pinocchio::JointModelHelicalUnalignedTpl<double, 0>, pinocchio::JointModelUniversalTpl<double, 0>, boost::recursive_wrapper<pinocchio::JointModelCompositeTpl<double, 0, pinocchio::JointCollectionDefaultTpl> >, boost::recursive_wrapper<pinocchio::JointModelMimicTpl<double, 0, pinocchio::JointCollectionDefaultTpl> >}]\x1b[m\x1b[K\xe2\x80\x99\n'}
[5.935786] (gim_arm_hardware) StderrLine: {'line': b' 1759 |     \x1b[01;36m\x1b[Kvariant\x1b[m\x1b[K(const variant& operand)\n'}
[5.935809] (gim_arm_hardware) StderrLine: {'line': b'      |     \x1b[01;36m\x1b[K^~~~~~~\x1b[m\x1b[K\n'}
[5.935833] (gim_arm_hardware) StderrLine: {'line': b'\x1b[01m\x1b[K/usr/include/boost/variant/variant.hpp:1759:28:\x1b[m\x1b[K \x1b[01;36m\x1b[Knote: \x1b[m\x1b[K  no known conversion for argument 1 from \xe2\x80\x98\x1b[01m\x1b[Kconst JointModelDerived\x1b[m\x1b[K\xe2\x80\x99 {aka \xe2\x80\x98\x1b[01m\x1b[Kconst pinocchio::JointModelPrismaticTpl<double, 0, 2>\x1b[m\x1b[K\xe2\x80\x99} to \xe2\x80\x98\x1b[01m\x1b[Kconst boost::variant<pinocchio::JointModelRevoluteTpl<double, 0, 0>, pinocchio::JointModelRevoluteTpl<double, 0, 1>, pinocchio::JointModelRevoluteTpl<double, 0, 2>, pinocchio::JointModelFreeFlyerTpl<double, 0>, pinocchio::JointModelPlanarTpl<double, 0>, pinocchio::JointModelRevoluteUnalignedTpl<double, 0>, pinocchio::JointModelSphericalTpl<double, 0>, pinocchio::JointModelSphericalZYXTpl<double, 0>, pinocchio::JointModelEllipsoidTpl<double, 0>, pinocchio::JointModelPrismaticTpl<double, 0, 0>, pinocchio::JointModelPrismaticTpl<double, 0, 1>, pinocchio::JointModelPrismaticTpl<double, 0, 2>, pinocchio::JointModelPrismaticUnalignedTpl<double, 0>, pinocchio::JointModelTranslationTpl<double, 0>, pinocchio::JointModelRevoluteUnboundedTpl<double, 0, 0>, pinocchio::JointModelRevoluteUnboundedTpl<double, 0, 1>, pinocchio::JointModelRevoluteUnboundedTpl<double, 0, 2>, pinocchio::JointModelRevoluteUnboundedUnalignedTpl<double, 0>, pinocchio::JointModelHelicalTpl<double, 0, 0>, pinocchio::JointModelHelicalTpl<double, 0, 1>, pinocchio::JointModelHelicalTpl<double, 0, 2>, pinocchio::JointModelHelicalUnalignedTpl<double, 0>, pinocchio::JointModelUniversalTpl<double, 0>, boost::recursive_wrapper<pinocchio::JointModelCompositeTpl<double, 0, pinocchio::JointCollectionDefaultTpl> >, boost::recursive_wrapper<pinocchio::JointModelMimicTpl<double, 0, pinocchio::JointCollectionDefaultTpl> > >&\x1b[m\x1b[K\xe2\x80\x99\n'}
[5.935866] (gim_arm_hardware) StderrLine: {'line': b' 1759 |     variant(\x1b[01;36m\x1b[Kconst variant& operand\x1b[m\x1b[K)\n'}
[5.935890] (gim_arm_hardware) StderrLine: {'line': b'      |             \x1b[01;36m\x1b[K~~~~~~~~~~~~~~~^~~~~~~\x1b[m\x1b[K\n'}
[5.935913] (gim_arm_hardware) StderrLine: {'line': b'\x1b[01m\x1b[K/usr/include/boost/variant/variant.hpp:1375:5:\x1b[m\x1b[K \x1b[01;36m\x1b[Knote: \x1b[m\x1b[Kcandidate: \xe2\x80\x98\x1b[01m\x1b[Kboost::variant<T0, TN>::variant() [with T0_ = pinocchio::JointModelRevoluteTpl<double, 0, 0>; TN = {pinocchio::JointModelRevoluteTpl<double, 0, 1>, pinocchio::JointModelRevoluteTpl<double, 0, 2>, pinocchio::JointModelFreeFlyerTpl<double, 0>, pinocchio::JointModelPlanarTpl<double, 0>, pinocchio::JointModelRevoluteUnalignedTpl<double, 0>, pinocchio::JointModelSphericalTpl<double, 0>, pinocchio::JointModelSphericalZYXTpl<double, 0>, pinocchio::JointModelEllipsoidTpl<double, 0>, pinocchio::JointModelPrismaticTpl<double, 0, 0>, pinocchio::JointModelPrismaticTpl<double, 0, 1>, pinocchio::JointModelPrismaticTpl<double, 0, 2>, pinocchio::JointModelPrismaticUnalignedTpl<double, 0>, pinocchio::JointModelTranslationTpl<double, 0>, pinocchio::JointModelRevoluteUnboundedTpl<double, 0, 0>, pinocchio::JointModelRevoluteUnboundedTpl<double, 0, 1>, pinocchio::JointModelRevoluteUnboundedTpl<double, 0, 2>, pinocchio::JointModelRevoluteUnboundedUnalignedTpl<double, 0>, pinocchio::JointModelHelicalTpl<double, 0, 0>, pinocchio::JointModelHelicalTpl<double, 0, 1>, pinocchio::JointModelHelicalTpl<double, 0, 2>, pinocchio::JointModelHelicalUnalignedTpl<double, 0>, pinocchio::JointModelUniversalTpl<double, 0>, boost::recursive_wrapper<pinocchio::JointModelCompositeTpl<double, 0, pinocchio::JointCollectionDefaultTpl> >, boost::recursive_wrapper<pinocchio::JointModelMimicTpl<double, 0, pinocchio::JointCollectionDefaultTpl> >}]\x1b[m\x1b[K\xe2\x80\x99\n'}
[5.935945] (gim_arm_hardware) StderrLine: {'line': b' 1375 |     \x1b[01;36m\x1b[Kvariant\x1b[m\x1b[K()\n'}
[5.935969] (gim_arm_hardware) StderrLine: {'line': b'      |     \x1b[01;36m\x1b[K^~~~~~~\x1b[m\x1b[K\n'}
[5.935992] (gim_arm_hardware) StderrLine: {'line': b'\x1b[01m\x1b[K/usr/include/boost/variant/variant.hpp:1375:5:\x1b[m\x1b[K \x1b[01;36m\x1b[Knote: \x1b[m\x1b[K  candidate expects 0 arguments, 1 provided\n'}
[5.936016] (gim_arm_hardware) StderrLine: {'line': b'In file included from \x1b[01m\x1b[K/opt/ros/humble/include/pinocchio/multibody/joint.hpp:84\x1b[m\x1b[K,\n'}
[5.936039] (gim_arm_hardware) StderrLine: {'line': b'                 from \x1b[01m\x1b[K/opt/ros/humble/include/pinocchio/multibody.hpp:43\x1b[m\x1b[K,\n'}
[5.936063] (gim_arm_hardware) StderrLine: {'line': b'                 from \x1b[01m\x1b[K/opt/ros/humble/include/pinocchio/parsers/urdf.hpp:27\x1b[m\x1b[K,\n'}
[5.936086] (gim_arm_hardware) StderrLine: {'line': b'                 from \x1b[01m\x1b[K/home/minh/gim60108_ws/src/gim_arm_hardware/include/gim_arm_hardware/gim_arm_system.hpp:17\x1b[m\x1b[K,\n'}
[5.936109] (gim_arm_hardware) StderrLine: {'line': b'                 from \x1b[01m\x1b[K/home/minh/gim60108_ws/src/gim_arm_hardware/src/gim_arm_system.cpp:1\x1b[m\x1b[K:\n'}
[5.936133] (gim_arm_hardware) StderrLine: {'line': b'/opt/ros/humble/include/pinocchio/src/multibody/joint/joint-generic.hxx: In instantiation of \xe2\x80\x98\x1b[01m\x1b[Kpinocchio::JointModelTpl<Scalar, Options, JointCollectionTpl>::JointModelTpl(const pinocchio::JointModelBase<OtherDerived>&) [with JointModelDerived = pinocchio::JointModelPrismaticUnalignedTpl<double>; _Scalar = double; int _Options = 0; JointCollectionTpl = pinocchio::JointCollectionDefaultTpl]\x1b[m\x1b[K\xe2\x80\x99:\n'}
[5.936158] (gim_arm_hardware) StderrLine: {'line': b'\x1b[01m\x1b[K/opt/ros/humble/include/pinocchio/src/parsers/urdf/model.hxx:516:34:\x1b[m\x1b[K   required from \xe2\x80\x98\x1b[01m\x1b[Kpinocchio::JointIndex pinocchio::urdf::details::UrdfVisitor::addJoint(const Vector3&, const Frame&, const SE3&, const string&, const VectorConstRef&, const VectorConstRef&, const VectorConstRef&, const VectorConstRef&, const VectorConstRef&, const VectorConstRef&, const VectorConstRef&, const VectorConstRef&, const VectorConstRef&, const VectorConstRef&) [with TypeX = pinocchio::JointModelPrismaticTpl<double, 0, 0>; TypeY = pinocchio::JointModelPrismaticTpl<double, 0, 1>; TypeZ = pinocchio::JointModelPrismaticTpl<double, 0, 2>; TypeUnaligned = pinocchio::JointModelPrismaticUnalignedTpl<double>; pinocchio::JointIndex = long unsigned int; pinocchio::urdf::details::UrdfVisitor::Vector3 = Eigen::Matrix<double, 3, 1>; pinocchio::urdf::details::UrdfVisitor::Frame = pinocchio::FrameTpl<double, 0>; pinocchio::urdf::details::UrdfVisitor::SE3 = pinocchio::SE3Tpl<double, 0>; std::string = std::__cxx11::basic_string<char>; pinocchio::urdf::details::UrdfVisitor::VectorConstRef = Eigen::Ref<const Eigen::Matrix<double, -1, 1> >]\x1b[m\x1b[K\xe2\x80\x99\n'}
[5.936193] (gim_arm_hardware) StderrLine: {'line': b'\x1b[01m\x1b[K/opt/ros/humble/include/pinocchio/src/parsers/urdf/model.hxx:263:70:\x1b[m\x1b[K   required from here\n'}
[5.936216] (gim_arm_hardware) StderrLine: {'line': b'\x1b[01m\x1b[K/opt/ros/humble/include/pinocchio/src/multibody/joint/joint-generic.hxx:306:25:\x1b[m\x1b[K \x1b[01;31m\x1b[Kerror: \x1b[m\x1b[Kno matching function for call to \xe2\x80\x98\x1b[01m\x1b[Kboost::variant<pinocchio::JointModelRevoluteTpl<double, 0, 0>, pinocchio::JointModelRevoluteTpl<double, 0, 1>, pinocchio::JointModelRevoluteTpl<double, 0, 2>, pinocchio::JointModelFreeFlyerTpl<double, 0>, pinocchio::JointModelPlanarTpl<double, 0>, pinocchio::JointModelRevoluteUnalignedTpl<double, 0>, pinocchio::JointModelSphericalTpl<double, 0>, pinocchio::JointModelSphericalZYXTpl<double, 0>, pinocchio::JointModelEllipsoidTpl<double, 0>, pinocchio::JointModelPrismaticTpl<double, 0, 0>, pinocchio::JointModelPrismaticTpl<double, 0, 1>, pinocchio::JointModelPrismaticTpl<double, 0, 2>, pinocchio::JointModelPrismaticUnalignedTpl<double, 0>, pinocchio::JointModelTranslationTpl<double, 0>, pinocchio::JointModelRevoluteUnboundedTpl<double, 0, 0>, pinocchio::JointModelRevoluteUnboundedTpl<double, 0, 1>, pinocchio::JointModelRevoluteUnboundedTpl<double, 0, 2>, pinocchio::JointModelRevoluteUnboundedUnalignedTpl<double, 0>, pinocchio::JointModelHelicalTpl<double, 0, 0>, pinocchio::JointModelHelicalTpl<double, 0, 1>, pinocchio::JointModelHelicalTpl<double, 0, 2>, pinocchio::JointModelHelicalUnalignedTpl<double, 0>, pinocchio::JointModelUniversalTpl<double, 0>, boost::recursive_wrapper<pinocchio::JointModelCompositeTpl<double, 0, pinocchio::JointCollectionDefaultTpl> >, boost::recursive_wrapper<pinocchio::JointModelMimicTpl<double, 0, pinocchio::JointCollectionDefaultTpl> > >::variant(const JointModelDerived&)\x1b[m\x1b[K\xe2\x80\x99\n'}
[5.936246] (gim_arm_hardware) StderrLine: {'line': b'  306 |     : JointModelVariant(\x1b[01;31m\x1b[K(JointModelVariant)jmodel.derived()\x1b[m\x1b[K)\n'}
[5.936269] (gim_arm_hardware) StderrLine: {'line': b'      |                         \x1b[01;31m\x1b[K^~~~~~~~~~~~~~~~~~~~~~~~~~~~~~~~~~~\x1b[m\x1b[K\n'}
[5.936293] (gim_arm_hardware) StderrLine: {'line': b'In file included from \x1b[01m\x1b[K/usr/include/boost/variant.hpp:17\x1b[m\x1b[K,\n'}
[5.936317] (gim_arm_hardware) StderrLine: {'line': b'                 from \x1b[01m\x1b[K/opt/ros/humble/include/pinocchio/multibody.hpp:21\x1b[m\x1b[K,\n'}
[5.936340] (gim_arm_hardware) StderrLine: {'line': b'                 from \x1b[01m\x1b[K/opt/ros/humble/include/pinocchio/parsers/urdf.hpp:27\x1b[m\x1b[K,\n'}
[5.936365] (gim_arm_hardware) StderrLine: {'line': b'                 from \x1b[01m\x1b[K/home/minh/gim60108_ws/src/gim_arm_hardware/include/gim_arm_hardware/gim_arm_system.hpp:17\x1b[m\x1b[K,\n'}
[5.936388] (gim_arm_hardware) StderrLine: {'line': b'                 from \x1b[01m\x1b[K/home/minh/gim60108_ws/src/gim_arm_hardware/src/gim_arm_system.cpp:1\x1b[m\x1b[K:\n'}
[5.936412] (gim_arm_hardware) StderrLine: {'line': b'\x1b[01m\x1b[K/usr/include/boost/variant/variant.hpp:1770:5:\x1b[m\x1b[K \x1b[01;36m\x1b[Knote: \x1b[m\x1b[Kcandidate: \xe2\x80\x98\x1b[01m\x1b[Kboost::variant<T0, TN>::variant(boost::variant<T0, TN>&&) [with T0_ = pinocchio::JointModelRevoluteTpl<double, 0, 0>; TN = {pinocchio::JointModelRevoluteTpl<double, 0, 1>, pinocchio::JointModelRevoluteTpl<double, 0, 2>, pinocchio::JointModelFreeFlyerTpl<double, 0>, pinocchio::JointModelPlanarTpl<double, 0>, pinocchio::JointModelRevoluteUnalignedTpl<double, 0>, pinocchio::JointModelSphericalTpl<double, 0>, pinocchio::JointModelSphericalZYXTpl<double, 0>, pinocchio::JointModelEllipsoidTpl<double, 0>, pinocchio::JointModelPrismaticTpl<double, 0, 0>, pinocchio::JointModelPrismaticTpl<double, 0, 1>, pinocchio::JointModelPrismaticTpl<double, 0, 2>, pinocchio::JointModelPrismaticUnalignedTpl<double, 0>, pinocchio::JointModelTranslationTpl<double, 0>, pinocchio::JointModelRevoluteUnboundedTpl<double, 0, 0>, pinocchio::JointModelRevoluteUnboundedTpl<double, 0, 1>, pinocchio::JointModelRevoluteUnboundedTpl<double, 0, 2>, pinocchio::JointModelRevoluteUnboundedUnalignedTpl<double, 0>, pinocchio::JointModelHelicalTpl<double, 0, 0>, pinocchio::JointModelHelicalTpl<double, 0, 1>, pinocchio::JointModelHelicalTpl<double, 0, 2>, pinocchio::JointModelHelicalUnalignedTpl<double, 0>, pinocchio::JointModelUniversalTpl<double, 0>, boost::recursive_wrapper<pinocchio::JointModelCompositeTpl<double, 0, pinocchio::JointCollectionDefaultTpl> >, boost::recursive_wrapper<pinocchio::JointModelMimicTpl<double, 0, pinocchio::JointCollectionDefaultTpl> >}]\x1b[m\x1b[K\xe2\x80\x99\n'}
[5.936448] (gim_arm_hardware) StderrLine: {'line': b' 1770 |     \x1b[01;36m\x1b[Kvariant\x1b[m\x1b[K(variant&& operand) BOOST_NOEXCEPT_IF(variant_move_noexcept_constructible::type::value)\n'}
[5.936477] (gim_arm_hardware) StderrLine: {'line': b'      |     \x1b[01;36m\x1b[K^~~~~~~\x1b[m\x1b[K\n'}
[5.936502] (gim_arm_hardware) StderrLine: {'line': b'\x1b[01m\x1b[K/usr/include/boost/variant/variant.hpp:1770:23:\x1b[m\x1b[K \x1b[01;36m\x1b[Knote: \x1b[m\x1b[K  no known conversion for argument 1 from \xe2\x80\x98\x1b[01m\x1b[Kconst JointModelDerived\x1b[m\x1b[K\xe2\x80\x99 {aka \xe2\x80\x98\x1b[01m\x1b[Kconst pinocchio::JointModelPrismaticUnalignedTpl<double>\x1b[m\x1b[K\xe2\x80\x99} to \xe2\x80\x98\x1b[01m\x1b[Kboost::variant<pinocchio::JointModelRevoluteTpl<double, 0, 0>, pinocchio::JointModelRevoluteTpl<double, 0, 1>, pinocchio::JointModelRevoluteTpl<double, 0, 2>, pinocchio::JointModelFreeFlyerTpl<double, 0>, pinocchio::JointModelPlanarTpl<double, 0>, pinocchio::JointModelRevoluteUnalignedTpl<double, 0>, pinocchio::JointModelSphericalTpl<double, 0>, pinocchio::JointModelSphericalZYXTpl<double, 0>, pinocchio::JointModelEllipsoidTpl<double, 0>, pinocchio::JointModelPrismaticTpl<double, 0, 0>, pinocchio::JointModelPrismaticTpl<double, 0, 1>, pinocchio::JointModelPrismaticTpl<double, 0, 2>, pinocchio::JointModelPrismaticUnalignedTpl<double, 0>, pinocchio::JointModelTranslationTpl<double, 0>, pinocchio::JointModelRevoluteUnboundedTpl<double, 0, 0>, pinocchio::JointModelRevoluteUnboundedTpl<double, 0, 1>, pinocchio::JointModelRevoluteUnboundedTpl<double, 0, 2>, pinocchio::JointModelRevoluteUnboundedUnalignedTpl<double, 0>, pinocchio::JointModelHelicalTpl<double, 0, 0>, pinocchio::JointModelHelicalTpl<double, 0, 1>, pinocchio::JointModelHelicalTpl<double, 0, 2>, pinocchio::JointModelHelicalUnalignedTpl<double, 0>, pinocchio::JointModelUniversalTpl<double, 0>, boost::recursive_wrapper<pinocchio::JointModelCompositeTpl<double, 0, pinocchio::JointCollectionDefaultTpl> >, boost::recursive_wrapper<pinocchio::JointModelMimicTpl<double, 0, pinocchio::JointCollectionDefaultTpl> > >&&\x1b[m\x1b[K\xe2\x80\x99\n'}
[5.936531] (gim_arm_hardware) StderrLine: {'line': b' 1770 |     variant(\x1b[01;36m\x1b[Kvariant&& operand\x1b[m\x1b[K) BOOST_NOEXCEPT_IF(variant_move_noexcept_constructible::type::value)\n'}
[5.936555] (gim_arm_hardware) StderrLine: {'line': b'      |             \x1b[01;36m\x1b[K~~~~~~~~~~^~~~~~~\x1b[m\x1b[K\n'}
[5.936578] (gim_arm_hardware) StderrLine: {'line': b'\x1b[01m\x1b[K/usr/include/boost/variant/variant.hpp:1759:5:\x1b[m\x1b[K \x1b[01;36m\x1b[Knote: \x1b[m\x1b[Kcandidate: \xe2\x80\x98\x1b[01m\x1b[Kboost::variant<T0, TN>::variant(const boost::variant<T0, TN>&) [with T0_ = pinocchio::JointModelRevoluteTpl<double, 0, 0>; TN = {pinocchio::JointModelRevoluteTpl<double, 0, 1>, pinocchio::JointModelRevoluteTpl<double, 0, 2>, pinocchio::JointModelFreeFlyerTpl<double, 0>, pinocchio::JointModelPlanarTpl<double, 0>, pinocchio::JointModelRevoluteUnalignedTpl<double, 0>, pinocchio::JointModelSphericalTpl<double, 0>, pinocchio::JointModelSphericalZYXTpl<double, 0>, pinocchio::JointModelEllipsoidTpl<double, 0>, pinocchio::JointModelPrismaticTpl<double, 0, 0>, pinocchio::JointModelPrismaticTpl<double, 0, 1>, pinocchio::JointModelPrismaticTpl<double, 0, 2>, pinocchio::JointModelPrismaticUnalignedTpl<double, 0>, pinocchio::JointModelTranslationTpl<double, 0>, pinocchio::JointModelRevoluteUnboundedTpl<double, 0, 0>, pinocchio::JointModelRevoluteUnboundedTpl<double, 0, 1>, pinocchio::JointModelRevoluteUnboundedTpl<double, 0, 2>, pinocchio::JointModelRevoluteUnboundedUnalignedTpl<double, 0>, pinocchio::JointModelHelicalTpl<double, 0, 0>, pinocchio::JointModelHelicalTpl<double, 0, 1>, pinocchio::JointModelHelicalTpl<double, 0, 2>, pinocchio::JointModelHelicalUnalignedTpl<double, 0>, pinocchio::JointModelUniversalTpl<double, 0>, boost::recursive_wrapper<pinocchio::JointModelCompositeTpl<double, 0, pinocchio::JointCollectionDefaultTpl> >, boost::recursive_wrapper<pinocchio::JointModelMimicTpl<double, 0, pinocchio::JointCollectionDefaultTpl> >}]\x1b[m\x1b[K\xe2\x80\x99\n'}
[5.936615] (gim_arm_hardware) StderrLine: {'line': b' 1759 |     \x1b[01;36m\x1b[Kvariant\x1b[m\x1b[K(const variant& operand)\n'}
[5.936642] (gim_arm_hardware) StderrLine: {'line': b'      |     \x1b[01;36m\x1b[K^~~~~~~\x1b[m\x1b[K\n'}
[5.936665] (gim_arm_hardware) StderrLine: {'line': b'\x1b[01m\x1b[K/usr/include/boost/variant/variant.hpp:1759:28:\x1b[m\x1b[K \x1b[01;36m\x1b[Knote: \x1b[m\x1b[K  no known conversion for argument 1 from \xe2\x80\x98\x1b[01m\x1b[Kconst JointModelDerived\x1b[m\x1b[K\xe2\x80\x99 {aka \xe2\x80\x98\x1b[01m\x1b[Kconst pinocchio::JointModelPrismaticUnalignedTpl<double>\x1b[m\x1b[K\xe2\x80\x99} to \xe2\x80\x98\x1b[01m\x1b[Kconst boost::variant<pinocchio::JointModelRevoluteTpl<double, 0, 0>, pinocchio::JointModelRevoluteTpl<double, 0, 1>, pinocchio::JointModelRevoluteTpl<double, 0, 2>, pinocchio::JointModelFreeFlyerTpl<double, 0>, pinocchio::JointModelPlanarTpl<double, 0>, pinocchio::JointModelRevoluteUnalignedTpl<double, 0>, pinocchio::JointModelSphericalTpl<double, 0>, pinocchio::JointModelSphericalZYXTpl<double, 0>, pinocchio::JointModelEllipsoidTpl<double, 0>, pinocchio::JointModelPrismaticTpl<double, 0, 0>, pinocchio::JointModelPrismaticTpl<double, 0, 1>, pinocchio::JointModelPrismaticTpl<double, 0, 2>, pinocchio::JointModelPrismaticUnalignedTpl<double, 0>, pinocchio::JointModelTranslationTpl<double, 0>, pinocchio::JointModelRevoluteUnboundedTpl<double, 0, 0>, pinocchio::JointModelRevoluteUnboundedTpl<double, 0, 1>, pinocchio::JointModelRevoluteUnboundedTpl<double, 0, 2>, pinocchio::JointModelRevoluteUnboundedUnalignedTpl<double, 0>, pinocchio::JointModelHelicalTpl<double, 0, 0>, pinocchio::JointModelHelicalTpl<double, 0, 1>, pinocchio::JointModelHelicalTpl<double, 0, 2>, pinocchio::JointModelHelicalUnalignedTpl<double, 0>, pinocchio::JointModelUniversalTpl<double, 0>, boost::recursive_wrapper<pinocchio::JointModelCompositeTpl<double, 0, pinocchio::JointCollectionDefaultTpl> >, boost::recursive_wrapper<pinocchio::JointModelMimicTpl<double, 0, pinocchio::JointCollectionDefaultTpl> > >&\x1b[m\x1b[K\xe2\x80\x99\n'}
[5.936695] (gim_arm_hardware) StderrLine: {'line': b' 1759 |     variant(\x1b[01;36m\x1b[Kconst variant& operand\x1b[m\x1b[K)\n'}
[5.936719] (gim_arm_hardware) StderrLine: {'line': b'      |             \x1b[01;36m\x1b[K~~~~~~~~~~~~~~~^~~~~~~\x1b[m\x1b[K\n'}
[5.936742] (gim_arm_hardware) StderrLine: {'line': b'\x1b[01m\x1b[K/usr/include/boost/variant/variant.hpp:1375:5:\x1b[m\x1b[K \x1b[01;36m\x1b[Knote: \x1b[m\x1b[Kcandidate: \xe2\x80\x98\x1b[01m\x1b[Kboost::variant<T0, TN>::variant() [with T0_ = pinocchio::JointModelRevoluteTpl<double, 0, 0>; TN = {pinocchio::JointModelRevoluteTpl<double, 0, 1>, pinocchio::JointModelRevoluteTpl<double, 0, 2>, pinocchio::JointModelFreeFlyerTpl<double, 0>, pinocchio::JointModelPlanarTpl<double, 0>, pinocchio::JointModelRevoluteUnalignedTpl<double, 0>, pinocchio::JointModelSphericalTpl<double, 0>, pinocchio::JointModelSphericalZYXTpl<double, 0>, pinocchio::JointModelEllipsoidTpl<double, 0>, pinocchio::JointModelPrismaticTpl<double, 0, 0>, pinocchio::JointModelPrismaticTpl<double, 0, 1>, pinocchio::JointModelPrismaticTpl<double, 0, 2>, pinocchio::JointModelPrismaticUnalignedTpl<double, 0>, pinocchio::JointModelTranslationTpl<double, 0>, pinocchio::JointModelRevoluteUnboundedTpl<double, 0, 0>, pinocchio::JointModelRevoluteUnboundedTpl<double, 0, 1>, pinocchio::JointModelRevoluteUnboundedTpl<double, 0, 2>, pinocchio::JointModelRevoluteUnboundedUnalignedTpl<double, 0>, pinocchio::JointModelHelicalTpl<double, 0, 0>, pinocchio::JointModelHelicalTpl<double, 0, 1>, pinocchio::JointModelHelicalTpl<double, 0, 2>, pinocchio::JointModelHelicalUnalignedTpl<double, 0>, pinocchio::JointModelUniversalTpl<double, 0>, boost::recursive_wrapper<pinocchio::JointModelCompositeTpl<double, 0, pinocchio::JointCollectionDefaultTpl> >, boost::recursive_wrapper<pinocchio::JointModelMimicTpl<double, 0, pinocchio::JointCollectionDefaultTpl> >}]\x1b[m\x1b[K\xe2\x80\x99\n'}
[5.936772] (gim_arm_hardware) StderrLine: {'line': b' 1375 |     \x1b[01;36m\x1b[Kvariant\x1b[m\x1b[K()\n'}
[5.936795] (gim_arm_hardware) StderrLine: {'line': b'      |     \x1b[01;36m\x1b[K^~~~~~~\x1b[m\x1b[K\n'}
[5.936818] (gim_arm_hardware) StderrLine: {'line': b'\x1b[01m\x1b[K/usr/include/boost/variant/variant.hpp:1375:5:\x1b[m\x1b[K \x1b[01;36m\x1b[Knote: \x1b[m\x1b[K  candidate expects 0 arguments, 1 provided\n'}
[5.936842] (gim_arm_hardware) StderrLine: {'line': b'In file included from \x1b[01m\x1b[K/opt/ros/humble/include/pinocchio/multibody/joint.hpp:84\x1b[m\x1b[K,\n'}
[5.936866] (gim_arm_hardware) StderrLine: {'line': b'                 from \x1b[01m\x1b[K/opt/ros/humble/include/pinocchio/multibody.hpp:43\x1b[m\x1b[K,\n'}
[5.936889] (gim_arm_hardware) StderrLine: {'line': b'                 from \x1b[01m\x1b[K/opt/ros/humble/include/pinocchio/parsers/urdf.hpp:27\x1b[m\x1b[K,\n'}
[5.936912] (gim_arm_hardware) StderrLine: {'line': b'                 from \x1b[01m\x1b[K/home/minh/gim60108_ws/src/gim_arm_hardware/include/gim_arm_hardware/gim_arm_system.hpp:17\x1b[m\x1b[K,\n'}
[5.936939] (gim_arm_hardware) StderrLine: {'line': b'                 from \x1b[01m\x1b[K/home/minh/gim60108_ws/src/gim_arm_hardware/src/gim_arm_system.cpp:1\x1b[m\x1b[K:\n'}
[5.936966] (gim_arm_hardware) StderrLine: {'line': b'/opt/ros/humble/include/pinocchio/src/multibody/joint/joint-generic.hxx: In instantiation of \xe2\x80\x98\x1b[01m\x1b[Kpinocchio::JointModelTpl<Scalar, Options, JointCollectionTpl>::JointModelTpl(const pinocchio::JointModelBase<OtherDerived>&) [with JointModelDerived = pinocchio::JointModelMimicTpl<double>; _Scalar = double; int _Options = 0; JointCollectionTpl = pinocchio::JointCollectionDefaultTpl]\x1b[m\x1b[K\xe2\x80\x99:\n'}
[5.936991] (gim_arm_hardware) StderrLine: {'line': b'\x1b[01m\x1b[K/opt/ros/humble/include/pinocchio/src/parsers/urdf/model.hxx:554:34:\x1b[m\x1b[K   required from \xe2\x80\x98\x1b[01m\x1b[Kpinocchio::JointIndex pinocchio::urdf::details::UrdfVisitor::addMimicJoint(const Frame&, const SE3&, const string&, const VectorConstRef&, const VectorConstRef&, const VectorConstRef&, const VectorConstRef&, const VectorConstRef&, const VectorConstRef&, const VectorConstRef&, const VectorConstRef&, const VectorConstRef&, const VectorConstRef&, const pinocchio::urdf::details::MimicInfo&) [with TypeX = pinocchio::JointModelRevoluteTpl<double, 0, 0>; TypeY = pinocchio::JointModelRevoluteTpl<double, 0, 1>; TypeZ = pinocchio::JointModelRevoluteTpl<double, 0, 2>; TypeUnaligned = pinocchio::JointModelRevoluteUnalignedTpl<double>; pinocchio::JointIndex = long unsigned int; pinocchio::urdf::details::UrdfVisitor::Frame = pinocchio::FrameTpl<double, 0>; pinocchio::urdf::details::UrdfVisitor::SE3 = pinocchio::SE3Tpl<double, 0>; std::string = std::__cxx11::basic_string<char>; pinocchio::urdf::details::UrdfVisitor::VectorConstRef = Eigen::Ref<const Eigen::Matrix<double, -1, 1> >]\x1b[m\x1b[K\xe2\x80\x99\n'}
[5.937020] (gim_arm_hardware) StderrLine: {'line': b'\x1b[01m\x1b[K/opt/ros/humble/include/pinocchio/src/parsers/urdf/model.hxx:290:73:\x1b[m\x1b[K   required from here\n'}
[5.937044] (gim_arm_hardware) StderrLine: {'line': b'\x1b[01m\x1b[K/opt/ros/humble/include/pinocchio/src/multibody/joint/joint-generic.hxx:306:25:\x1b[m\x1b[K \x1b[01;31m\x1b[Kerror: \x1b[m\x1b[Kno matching function for call to \xe2\x80\x98\x1b[01m\x1b[Kboost::variant<pinocchio::JointModelRevoluteTpl<double, 0, 0>, pinocchio::JointModelRevoluteTpl<double, 0, 1>, pinocchio::JointModelRevoluteTpl<double, 0, 2>, pinocchio::JointModelFreeFlyerTpl<double, 0>, pinocchio::JointModelPlanarTpl<double, 0>, pinocchio::JointModelRevoluteUnalignedTpl<double, 0>, pinocchio::JointModelSphericalTpl<double, 0>, pinocchio::JointModelSphericalZYXTpl<double, 0>, pinocchio::JointModelEllipsoidTpl<double, 0>, pinocchio::JointModelPrismaticTpl<double, 0, 0>, pinocchio::JointModelPrismaticTpl<double, 0, 1>, pinocchio::JointModelPrismaticTpl<double, 0, 2>, pinocchio::JointModelPrismaticUnalignedTpl<double, 0>, pinocchio::JointModelTranslationTpl<double, 0>, pinocchio::JointModelRevoluteUnboundedTpl<double, 0, 0>, pinocchio::JointModelRevoluteUnboundedTpl<double, 0, 1>, pinocchio::JointModelRevoluteUnboundedTpl<double, 0, 2>, pinocchio::JointModelRevoluteUnboundedUnalignedTpl<double, 0>, pinocchio::JointModelHelicalTpl<double, 0, 0>, pinocchio::JointModelHelicalTpl<double, 0, 1>, pinocchio::JointModelHelicalTpl<double, 0, 2>, pinocchio::JointModelHelicalUnalignedTpl<double, 0>, pinocchio::JointModelUniversalTpl<double, 0>, boost::recursive_wrapper<pinocchio::JointModelCompositeTpl<double, 0, pinocchio::JointCollectionDefaultTpl> >, boost::recursive_wrapper<pinocchio::JointModelMimicTpl<double, 0, pinocchio::JointCollectionDefaultTpl> > >::variant(const JointModelDerived&)\x1b[m\x1b[K\xe2\x80\x99\n'}
[5.937074] (gim_arm_hardware) StderrLine: {'line': b'  306 |     : JointModelVariant(\x1b[01;31m\x1b[K(JointModelVariant)jmodel.derived()\x1b[m\x1b[K)\n'}
[5.937097] (gim_arm_hardware) StderrLine: {'line': b'      |                         \x1b[01;31m\x1b[K^~~~~~~~~~~~~~~~~~~~~~~~~~~~~~~~~~~\x1b[m\x1b[K\n'}
[5.937121] (gim_arm_hardware) StderrLine: {'line': b'In file included from \x1b[01m\x1b[K/usr/include/boost/variant.hpp:17\x1b[m\x1b[K,\n'}
[5.937144] (gim_arm_hardware) StderrLine: {'line': b'                 from \x1b[01m\x1b[K/opt/ros/humble/include/pinocchio/multibody.hpp:21\x1b[m\x1b[K,\n'}
[5.937167] (gim_arm_hardware) StderrLine: {'line': b'                 from \x1b[01m\x1b[K/opt/ros/humble/include/pinocchio/parsers/urdf.hpp:27\x1b[m\x1b[K,\n'}
[5.937192] (gim_arm_hardware) StderrLine: {'line': b'                 from \x1b[01m\x1b[K/home/minh/gim60108_ws/src/gim_arm_hardware/include/gim_arm_hardware/gim_arm_system.hpp:17\x1b[m\x1b[K,\n'}
[5.937215] (gim_arm_hardware) StderrLine: {'line': b'                 from \x1b[01m\x1b[K/home/minh/gim60108_ws/src/gim_arm_hardware/src/gim_arm_system.cpp:1\x1b[m\x1b[K:\n'}
[5.937242] (gim_arm_hardware) StderrLine: {'line': b'\x1b[01m\x1b[K/usr/include/boost/variant/variant.hpp:1770:5:\x1b[m\x1b[K \x1b[01;36m\x1b[Knote: \x1b[m\x1b[Kcandidate: \xe2\x80\x98\x1b[01m\x1b[Kboost::variant<T0, TN>::variant(boost::variant<T0, TN>&&) [with T0_ = pinocchio::JointModelRevoluteTpl<double, 0, 0>; TN = {pinocchio::JointModelRevoluteTpl<double, 0, 1>, pinocchio::JointModelRevoluteTpl<double, 0, 2>, pinocchio::JointModelFreeFlyerTpl<double, 0>, pinocchio::JointModelPlanarTpl<double, 0>, pinocchio::JointModelRevoluteUnalignedTpl<double, 0>, pinocchio::JointModelSphericalTpl<double, 0>, pinocchio::JointModelSphericalZYXTpl<double, 0>, pinocchio::JointModelEllipsoidTpl<double, 0>, pinocchio::JointModelPrismaticTpl<double, 0, 0>, pinocchio::JointModelPrismaticTpl<double, 0, 1>, pinocchio::JointModelPrismaticTpl<double, 0, 2>, pinocchio::JointModelPrismaticUnalignedTpl<double, 0>, pinocchio::JointModelTranslationTpl<double, 0>, pinocchio::JointModelRevoluteUnboundedTpl<double, 0, 0>, pinocchio::JointModelRevoluteUnboundedTpl<double, 0, 1>, pinocchio::JointModelRevoluteUnboundedTpl<double, 0, 2>, pinocchio::JointModelRevoluteUnboundedUnalignedTpl<double, 0>, pinocchio::JointModelHelicalTpl<double, 0, 0>, pinocchio::JointModelHelicalTpl<double, 0, 1>, pinocchio::JointModelHelicalTpl<double, 0, 2>, pinocchio::JointModelHelicalUnalignedTpl<double, 0>, pinocchio::JointModelUniversalTpl<double, 0>, boost::recursive_wrapper<pinocchio::JointModelCompositeTpl<double, 0, pinocchio::JointCollectionDefaultTpl> >, boost::recursive_wrapper<pinocchio::JointModelMimicTpl<double, 0, pinocchio::JointCollectionDefaultTpl> >}]\x1b[m\x1b[K\xe2\x80\x99\n'}
[5.937275] (gim_arm_hardware) StderrLine: {'line': b' 1770 |     \x1b[01;36m\x1b[Kvariant\x1b[m\x1b[K(variant&& operand) BOOST_NOEXCEPT_IF(variant_move_noexcept_constructible::type::value)\n'}
[5.937302] (gim_arm_hardware) StderrLine: {'line': b'      |     \x1b[01;36m\x1b[K^~~~~~~\x1b[m\x1b[K\n'}
[5.937325] (gim_arm_hardware) StderrLine: {'line': b'\x1b[01m\x1b[K/usr/include/boost/variant/variant.hpp:1770:23:\x1b[m\x1b[K \x1b[01;36m\x1b[Knote: \x1b[m\x1b[K  no known conversion for argument 1 from \xe2\x80\x98\x1b[01m\x1b[Kconst JointModelDerived\x1b[m\x1b[K\xe2\x80\x99 {aka \xe2\x80\x98\x1b[01m\x1b[Kconst pinocchio::JointModelMimicTpl<double>\x1b[m\x1b[K\xe2\x80\x99} to \xe2\x80\x98\x1b[01m\x1b[Kboost::variant<pinocchio::JointModelRevoluteTpl<double, 0, 0>, pinocchio::JointModelRevoluteTpl<double, 0, 1>, pinocchio::JointModelRevoluteTpl<double, 0, 2>, pinocchio::JointModelFreeFlyerTpl<double, 0>, pinocchio::JointModelPlanarTpl<double, 0>, pinocchio::JointModelRevoluteUnalignedTpl<double, 0>, pinocchio::JointModelSphericalTpl<double, 0>, pinocchio::JointModelSphericalZYXTpl<double, 0>, pinocchio::JointModelEllipsoidTpl<double, 0>, pinocchio::JointModelPrismaticTpl<double, 0, 0>, pinocchio::JointModelPrismaticTpl<double, 0, 1>, pinocchio::JointModelPrismaticTpl<double, 0, 2>, pinocchio::JointModelPrismaticUnalignedTpl<double, 0>, pinocchio::JointModelTranslationTpl<double, 0>, pinocchio::JointModelRevoluteUnboundedTpl<double, 0, 0>, pinocchio::JointModelRevoluteUnboundedTpl<double, 0, 1>, pinocchio::JointModelRevoluteUnboundedTpl<double, 0, 2>, pinocchio::JointModelRevoluteUnboundedUnalignedTpl<double, 0>, pinocchio::JointModelHelicalTpl<double, 0, 0>, pinocchio::JointModelHelicalTpl<double, 0, 1>, pinocchio::JointModelHelicalTpl<double, 0, 2>, pinocchio::JointModelHelicalUnalignedTpl<double, 0>, pinocchio::JointModelUniversalTpl<double, 0>, boost::recursive_wrapper<pinocchio::JointModelCompositeTpl<double, 0, pinocchio::JointCollectionDefaultTpl> >, boost::recursive_wrapper<pinocchio::JointModelMimicTpl<double, 0, pinocchio::JointCollectionDefaultTpl> > >&&\x1b[m\x1b[K\xe2\x80\x99\n'}
[5.937352] (gim_arm_hardware) StderrLine: {'line': b' 1770 |     variant(\x1b[01;36m\x1b[Kvariant&& operand\x1b[m\x1b[K) BOOST_NOEXCEPT_IF(variant_move_noexcept_constructible::type::value)\n'}
[5.937376] (gim_arm_hardware) StderrLine: {'line': b'      |             \x1b[01;36m\x1b[K~~~~~~~~~~^~~~~~~\x1b[m\x1b[K\n'}
[5.937399] (gim_arm_hardware) StderrLine: {'line': b'\x1b[01m\x1b[K/usr/include/boost/variant/variant.hpp:1759:5:\x1b[m\x1b[K \x1b[01;36m\x1b[Knote: \x1b[m\x1b[Kcandidate: \xe2\x80\x98\x1b[01m\x1b[Kboost::variant<T0, TN>::variant(const boost::variant<T0, TN>&) [with T0_ = pinocchio::JointModelRevoluteTpl<double, 0, 0>; TN = {pinocchio::JointModelRevoluteTpl<double, 0, 1>, pinocchio::JointModelRevoluteTpl<double, 0, 2>, pinocchio::JointModelFreeFlyerTpl<double, 0>, pinocchio::JointModelPlanarTpl<double, 0>, pinocchio::JointModelRevoluteUnalignedTpl<double, 0>, pinocchio::JointModelSphericalTpl<double, 0>, pinocchio::JointModelSphericalZYXTpl<double, 0>, pinocchio::JointModelEllipsoidTpl<double, 0>, pinocchio::JointModelPrismaticTpl<double, 0, 0>, pinocchio::JointModelPrismaticTpl<double, 0, 1>, pinocchio::JointModelPrismaticTpl<double, 0, 2>, pinocchio::JointModelPrismaticUnalignedTpl<double, 0>, pinocchio::JointModelTranslationTpl<double, 0>, pinocchio::JointModelRevoluteUnboundedTpl<double, 0, 0>, pinocchio::JointModelRevoluteUnboundedTpl<double, 0, 1>, pinocchio::JointModelRevoluteUnboundedTpl<double, 0, 2>, pinocchio::JointModelRevoluteUnboundedUnalignedTpl<double, 0>, pinocchio::JointModelHelicalTpl<double, 0, 0>, pinocchio::JointModelHelicalTpl<double, 0, 1>, pinocchio::JointModelHelicalTpl<double, 0, 2>, pinocchio::JointModelHelicalUnalignedTpl<double, 0>, pinocchio::JointModelUniversalTpl<double, 0>, boost::recursive_wrapper<pinocchio::JointModelCompositeTpl<double, 0, pinocchio::JointCollectionDefaultTpl> >, boost::recursive_wrapper<pinocchio::JointModelMimicTpl<double, 0, pinocchio::JointCollectionDefaultTpl> >}]\x1b[m\x1b[K\xe2\x80\x99\n'}
[5.937436] (gim_arm_hardware) StderrLine: {'line': b' 1759 |     \x1b[01;36m\x1b[Kvariant\x1b[m\x1b[K(const variant& operand)\n'}
[5.937466] (gim_arm_hardware) StderrLine: {'line': b'      |     \x1b[01;36m\x1b[K^~~~~~~\x1b[m\x1b[K\n'}
[5.937492] (gim_arm_hardware) StderrLine: {'line': b'\x1b[01m\x1b[K/usr/include/boost/variant/variant.hpp:1759:28:\x1b[m\x1b[K \x1b[01;36m\x1b[Knote: \x1b[m\x1b[K  no known conversion for argument 1 from \xe2\x80\x98\x1b[01m\x1b[Kconst JointModelDerived\x1b[m\x1b[K\xe2\x80\x99 {aka \xe2\x80\x98\x1b[01m\x1b[Kconst pinocchio::JointModelMimicTpl<double>\x1b[m\x1b[K\xe2\x80\x99} to \xe2\x80\x98\x1b[01m\x1b[Kconst boost::variant<pinocchio::JointModelRevoluteTpl<double, 0, 0>, pinocchio::JointModelRevoluteTpl<double, 0, 1>, pinocchio::JointModelRevoluteTpl<double, 0, 2>, pinocchio::JointModelFreeFlyerTpl<double, 0>, pinocchio::JointModelPlanarTpl<double, 0>, pinocchio::JointModelRevoluteUnalignedTpl<double, 0>, pinocchio::JointModelSphericalTpl<double, 0>, pinocchio::JointModelSphericalZYXTpl<double, 0>, pinocchio::JointModelEllipsoidTpl<double, 0>, pinocchio::JointModelPrismaticTpl<double, 0, 0>, pinocchio::JointModelPrismaticTpl<double, 0, 1>, pinocchio::JointModelPrismaticTpl<double, 0, 2>, pinocchio::JointModelPrismaticUnalignedTpl<double, 0>, pinocchio::JointModelTranslationTpl<double, 0>, pinocchio::JointModelRevoluteUnboundedTpl<double, 0, 0>, pinocchio::JointModelRevoluteUnboundedTpl<double, 0, 1>, pinocchio::JointModelRevoluteUnboundedTpl<double, 0, 2>, pinocchio::JointModelRevoluteUnboundedUnalignedTpl<double, 0>, pinocchio::JointModelHelicalTpl<double, 0, 0>, pinocchio::JointModelHelicalTpl<double, 0, 1>, pinocchio::JointModelHelicalTpl<double, 0, 2>, pinocchio::JointModelHelicalUnalignedTpl<double, 0>, pinocchio::JointModelUniversalTpl<double, 0>, boost::recursive_wrapper<pinocchio::JointModelCompositeTpl<double, 0, pinocchio::JointCollectionDefaultTpl> >, boost::recursive_wrapper<pinocchio::JointModelMimicTpl<double, 0, pinocchio::JointCollectionDefaultTpl> > >&\x1b[m\x1b[K\xe2\x80\x99\n'}
[5.937522] (gim_arm_hardware) StderrLine: {'line': b' 1759 |     variant(\x1b[01;36m\x1b[Kconst variant& operand\x1b[m\x1b[K)\n'}
[5.937545] (gim_arm_hardware) StderrLine: {'line': b'      |             \x1b[01;36m\x1b[K~~~~~~~~~~~~~~~^~~~~~~\x1b[m\x1b[K\n'}
[5.937569] (gim_arm_hardware) StderrLine: {'line': b'\x1b[01m\x1b[K/usr/include/boost/variant/variant.hpp:1375:5:\x1b[m\x1b[K \x1b[01;36m\x1b[Knote: \x1b[m\x1b[Kcandidate: \xe2\x80\x98\x1b[01m\x1b[Kboost::variant<T0, TN>::variant() [with T0_ = pinocchio::JointModelRevoluteTpl<double, 0, 0>; TN = {pinocchio::JointModelRevoluteTpl<double, 0, 1>, pinocchio::JointModelRevoluteTpl<double, 0, 2>, pinocchio::JointModelFreeFlyerTpl<double, 0>, pinocchio::JointModelPlanarTpl<double, 0>, pinocchio::JointModelRevoluteUnalignedTpl<double, 0>, pinocchio::JointModelSphericalTpl<double, 0>, pinocchio::JointModelSphericalZYXTpl<double, 0>, pinocchio::JointModelEllipsoidTpl<double, 0>, pinocchio::JointModelPrismaticTpl<double, 0, 0>, pinocchio::JointModelPrismaticTpl<double, 0, 1>, pinocchio::JointModelPrismaticTpl<double, 0, 2>, pinocchio::JointModelPrismaticUnalignedTpl<double, 0>, pinocchio::JointModelTranslationTpl<double, 0>, pinocchio::JointModelRevoluteUnboundedTpl<double, 0, 0>, pinocchio::JointModelRevoluteUnboundedTpl<double, 0, 1>, pinocchio::JointModelRevoluteUnboundedTpl<double, 0, 2>, pinocchio::JointModelRevoluteUnboundedUnalignedTpl<double, 0>, pinocchio::JointModelHelicalTpl<double, 0, 0>, pinocchio::JointModelHelicalTpl<double, 0, 1>, pinocchio::JointModelHelicalTpl<double, 0, 2>, pinocchio::JointModelHelicalUnalignedTpl<double, 0>, pinocchio::JointModelUniversalTpl<double, 0>, boost::recursive_wrapper<pinocchio::JointModelCompositeTpl<double, 0, pinocchio::JointCollectionDefaultTpl> >, boost::recursive_wrapper<pinocchio::JointModelMimicTpl<double, 0, pinocchio::JointCollectionDefaultTpl> >}]\x1b[m\x1b[K\xe2\x80\x99\n'}
[5.937604] (gim_arm_hardware) StderrLine: {'line': b' 1375 |     \x1b[01;36m\x1b[Kvariant\x1b[m\x1b[K()\n'}
[5.937628] (gim_arm_hardware) StderrLine: {'line': b'      |     \x1b[01;36m\x1b[K^~~~~~~\x1b[m\x1b[K\n'}
[5.937651] (gim_arm_hardware) StderrLine: {'line': b'\x1b[01m\x1b[K/usr/include/boost/variant/variant.hpp:1375:5:\x1b[m\x1b[K \x1b[01;36m\x1b[Knote: \x1b[m\x1b[K  candidate expects 0 arguments, 1 provided\n'}
[6.017728] (-) TimerEvent: {}
[6.096478] (gim_arm_hardware) StderrLine: {'line': b'In file included from \x1b[01m\x1b[K/usr/include/boost/variant/variant.hpp:31\x1b[m\x1b[K,\n'}
[6.096806] (gim_arm_hardware) StderrLine: {'line': b'                 from \x1b[01m\x1b[K/usr/include/boost/variant.hpp:17\x1b[m\x1b[K,\n'}
[6.096892] (gim_arm_hardware) StderrLine: {'line': b'                 from \x1b[01m\x1b[K/opt/ros/humble/include/pinocchio/multibody.hpp:21\x1b[m\x1b[K,\n'}
[6.096969] (gim_arm_hardware) StderrLine: {'line': b'                 from \x1b[01m\x1b[K/opt/ros/humble/include/pinocchio/parsers/urdf.hpp:27\x1b[m\x1b[K,\n'}
[6.097038] (gim_arm_hardware) StderrLine: {'line': b'                 from \x1b[01m\x1b[K/home/minh/gim60108_ws/src/gim_arm_hardware/include/gim_arm_hardware/gim_arm_system.hpp:17\x1b[m\x1b[K,\n'}
[6.097106] (gim_arm_hardware) StderrLine: {'line': b'                 from \x1b[01m\x1b[K/home/minh/gim60108_ws/src/gim_arm_hardware/src/gim_arm_system.cpp:1\x1b[m\x1b[K:\n'}
[6.097171] (gim_arm_hardware) StderrLine: {'line': b'/usr/include/boost/variant/detail/make_variant_list.hpp: In instantiation of \xe2\x80\x98\x1b[01m\x1b[Kstruct boost::detail::variant::make_variant_list<pinocchio::JointDataRevoluteTpl<double, 0, 0>, pinocchio::JointDataRevoluteTpl<double, 0, 1>, pinocchio::JointDataRevoluteTpl<double, 0, 2>, pinocchio::JointDataFreeFlyerTpl<double, 0>, pinocchio::JointDataPlanarTpl<double, 0>, pinocchio::JointDataRevoluteUnalignedTpl<double, 0>, pinocchio::JointDataSphericalTpl<double, 0>, pinocchio::JointDataSphericalZYXTpl<double, 0>, pinocchio::JointDataEllipsoidTpl<double, 0>, pinocchio::JointDataPrismaticTpl<double, 0, 0>, pinocchio::JointDataPrismaticTpl<double, 0, 1>, pinocchio::JointDataPrismaticTpl<double, 0, 2>, pinocchio::JointDataPrismaticUnalignedTpl<double, 0>, pinocchio::JointDataTranslationTpl<double, 0>, pinocchio::JointDataRevoluteUnboundedTpl<double, 0, 0>, pinocchio::JointDataRevoluteUnboundedTpl<double, 0, 1>, pinocchio::JointDataRevoluteUnboundedTpl<double, 0, 2>, pinocchio::JointDataRevoluteUnboundedUnalignedTpl<double, 0>, pinocchio::JointDataHelicalTpl<double, 0, 0>, pinocchio::JointDataHelicalTpl<double, 0, 1>, pinocchio::JointDataHelicalTpl<double, 0, 2>, pinocchio::JointDataHelicalUnalignedTpl<double, 0>, pinocchio::JointDataUniversalTpl<double, 0>, boost::recursive_wrapper<pinocchio::JointDataCompositeTpl<double, 0, pinocchio::JointCollectionDefaultTpl> >, boost::recursive_wrapper<pinocchio::JointDataMimicTpl<double, 0, pinocchio::JointCollectionDefaultTpl> > >\x1b[m\x1b[K\xe2\x80\x99:\n'}
[6.097268] (gim_arm_hardware) StderrLine: {'line': b'\x1b[01m\x1b[K/usr/include/boost/mpl/eval_if.hpp:38:31:\x1b[m\x1b[K   required from \xe2\x80\x98\x1b[01m\x1b[Kstruct boost::mpl::eval_if<boost::variant<pinocchio::JointDataRevoluteTpl<double, 0, 0>, pinocchio::JointDataRevoluteTpl<double, 0, 1>, pinocchio::JointDataRevoluteTpl<double, 0, 2>, pinocchio::JointDataFreeFlyerTpl<double, 0>, pinocchio::JointDataPlanarTpl<double, 0>, pinocchio::JointDataRevoluteUnalignedTpl<double, 0>, pinocchio::JointDataSphericalTpl<double, 0>, pinocchio::JointDataSphericalZYXTpl<double, 0>, pinocchio::JointDataEllipsoidTpl<double, 0>, pinocchio::JointDataPrismaticTpl<double, 0, 0>, pinocchio::JointDataPrismaticTpl<double, 0, 1>, pinocchio::JointDataPrismaticTpl<double, 0, 2>, pinocchio::JointDataPrismaticUnalignedTpl<double, 0>, pinocchio::JointDataTranslationTpl<double, 0>, pinocchio::JointDataRevoluteUnboundedTpl<double, 0, 0>, pinocchio::JointDataRevoluteUnboundedTpl<double, 0, 1>, pinocchio::JointDataRevoluteUnboundedTpl<double, 0, 2>, pinocchio::JointDataRevoluteUnboundedUnalignedTpl<double, 0>, pinocchio::JointDataHelicalTpl<double, 0, 0>, pinocchio::JointDataHelicalTpl<double, 0, 1>, pinocchio::JointDataHelicalTpl<double, 0, 2>, pinocchio::JointDataHelicalUnalignedTpl<double, 0>, pinocchio::JointDataUniversalTpl<double, 0>, boost::recursive_wrapper<pinocchio::JointDataCompositeTpl<double, 0, pinocchio::JointCollectionDefaultTpl> >, boost::recursive_wrapper<pinocchio::JointDataMimicTpl<double, 0, pinocchio::JointCollectionDefaultTpl> > >::is_sequence_based_, pinocchio::JointDataRevoluteTpl<double, 0, 0>, boost::detail::variant::make_variant_list<pinocchio::JointDataRevoluteTpl<double, 0, 0>, pinocchio::JointDataRevoluteTpl<double, 0, 1>, pinocchio::JointDataRevoluteTpl<double, 0, 2>, pinocchio::JointDataFreeFlyerTpl<double, 0>, pinocchio::JointDataPlanarTpl<double, 0>, pinocchio::JointDataRevoluteUnalignedTpl<double, 0>, pinocchio::JointDataSphericalTpl<double, 0>, pinocchio::JointDataSphericalZYXTpl<double, 0>, pinocchio::JointDataEllipsoidTpl<double, 0>, pinocchio::JointDataPrismaticTpl<double, 0, 0>, pinocchio::JointDataPrismaticTpl<double, 0, 1>, pinocchio::JointDataPrismaticTpl<double, 0, 2>, pinocchio::JointDataPrismaticUnalignedTpl<double, 0>, pinocchio::JointDataTranslationTpl<double, 0>, pinocchio::JointDataRevoluteUnboundedTpl<double, 0, 0>, pinocchio::JointDataRevoluteUnboundedTpl<double, 0, 1>, pinocchio::JointDataRevoluteUnboundedTpl<double, 0, 2>, pinocchio::JointDataRevoluteUnboundedUnalignedTpl<double, 0>, pinocchio::JointDataHelicalTpl<double, 0, 0>, pinocchio::JointDataHelicalTpl<double, 0, 1>, pinocchio::JointDataHelicalTpl<double, 0, 2>, pinocchio::JointDataHelicalUnalignedTpl<double, 0>, pinocchio::JointDataUniversalTpl<double, 0>, boost::recursive_wrapper<pinocchio::JointDataCompositeTpl<double, 0, pinocchio::JointCollectionDefaultTpl> >, boost::recursive_wrapper<pinocchio::JointDataMimicTpl<double, 0, pinocchio::JointCollectionDefaultTpl> > > >\x1b[m\x1b[K\xe2\x80\x99\n'}
[6.097403] (gim_arm_hardware) StderrLine: {'line': b'\x1b[01m\x1b[K/usr/include/boost/variant/variant.hpp:1138:17:\x1b[m\x1b[K   required from \xe2\x80\x98\x1b[01m\x1b[Kclass boost::variant<pinocchio::JointDataRevoluteTpl<double, 0, 0>, pinocchio::JointDataRevoluteTpl<double, 0, 1>, pinocchio::JointDataRevoluteTpl<double, 0, 2>, pinocchio::JointDataFreeFlyerTpl<double, 0>, pinocchio::JointDataPlanarTpl<double, 0>, pinocchio::JointDataRevoluteUnalignedTpl<double, 0>, pinocchio::JointDataSphericalTpl<double, 0>, pinocchio::JointDataSphericalZYXTpl<double, 0>, pinocchio::JointDataEllipsoidTpl<double, 0>, pinocchio::JointDataPrismaticTpl<double, 0, 0>, pinocchio::JointDataPrismaticTpl<double, 0, 1>, pinocchio::JointDataPrismaticTpl<double, 0, 2>, pinocchio::JointDataPrismaticUnalignedTpl<double, 0>, pinocchio::JointDataTranslationTpl<double, 0>, pinocchio::JointDataRevoluteUnboundedTpl<double, 0, 0>, pinocchio::JointDataRevoluteUnboundedTpl<double, 0, 1>, pinocchio::JointDataRevoluteUnboundedTpl<double, 0, 2>, pinocchio::JointDataRevoluteUnboundedUnalignedTpl<double, 0>, pinocchio::JointDataHelicalTpl<double, 0, 0>, pinocchio::JointDataHelicalTpl<double, 0, 1>, pinocchio::JointDataHelicalTpl<double, 0, 2>, pinocchio::JointDataHelicalUnalignedTpl<double, 0>, pinocchio::JointDataUniversalTpl<double, 0>, boost::recursive_wrapper<pinocchio::JointDataCompositeTpl<double, 0, pinocchio::JointCollectionDefaultTpl> >, boost::recursive_wrapper<pinocchio::JointDataMimicTpl<double, 0, pinocchio::JointCollectionDefaultTpl> > >\x1b[m\x1b[K\xe2\x80\x99\n'}
[6.097495] (gim_arm_hardware) StderrLine: {'line': b'\x1b[01m\x1b[K/opt/ros/humble/include/pinocchio/src/multibody/joint/joint-generic.hxx:88:10:\x1b[m\x1b[K   required from \xe2\x80\x98\x1b[01m\x1b[Kstruct pinocchio::JointDataTpl<double>\x1b[m\x1b[K\xe2\x80\x99\n'}
[6.097569] (gim_arm_hardware) StderrLine: {'line': b'\x1b[01m\x1b[K/opt/ros/humble/include/pinocchio/src/multibody/data.hxx:802:40:\x1b[m\x1b[K   required from \xe2\x80\x98\x1b[01m\x1b[Kpinocchio::DataTpl<_Scalar, _Options, JointCollectionTpl>::DataTpl(const Model&) [with _Scalar = double; int _Options = 0; JointCollectionTpl = pinocchio::JointCollectionDefaultTpl; pinocchio::DataTpl<_Scalar, _Options, JointCollectionTpl>::Model = pinocchio::ModelTpl<double, 0>]\x1b[m\x1b[K\xe2\x80\x99\n'}
[6.097645] (gim_arm_hardware) StderrLine: {'line': b'\x1b[01m\x1b[K/usr/include/c++/11/bits/unique_ptr.h:962:30:\x1b[m\x1b[K   required from \xe2\x80\x98\x1b[01m\x1b[Ktypename std::_MakeUniq<_Tp>::__single_object std::make_unique(_Args&& ...) [with _Tp = pinocchio::DataTpl<double, 0>; _Args = {pinocchio::ModelTpl<double, 0, pinocchio::JointCollectionDefaultTpl>&}; typename std::_MakeUniq<_Tp>::__single_object = std::unique_ptr<pinocchio::DataTpl<double, 0> >]\x1b[m\x1b[K\xe2\x80\x99\n'}
[6.097718] (gim_arm_hardware) StderrLine: {'line': b'\x1b[01m\x1b[K/home/minh/gim60108_ws/src/gim_arm_hardware/src/gim_arm_system.cpp:134:52:\x1b[m\x1b[K   required from here\n'}
[6.097743] (gim_arm_hardware) StderrLine: {'line': b'\x1b[01m\x1b[K/usr/include/boost/variant/detail/make_variant_list.hpp:40:46:\x1b[m\x1b[K \x1b[01;31m\x1b[Kerror: \x1b[m\x1b[Kwrong number of template arguments (25, should be at least 0)\n'}
[6.097768] (gim_arm_hardware) StderrLine: {'line': b'   40 |     typedef typename mpl::list< T... >::type \x1b[01;31m\x1b[Ktype\x1b[m\x1b[K;\n'}
[6.097793] (gim_arm_hardware) StderrLine: {'line': b'      |                                              \x1b[01;31m\x1b[K^~~~\x1b[m\x1b[K\n'}
[6.097817] (gim_arm_hardware) StderrLine: {'line': b'In file included from \x1b[01m\x1b[K/usr/include/boost/mpl/aux_/include_preprocessed.hpp:37\x1b[m\x1b[K,\n'}
[6.097845] (gim_arm_hardware) StderrLine: {'line': b'                 from \x1b[01m\x1b[K/usr/include/boost/mpl/list.hpp:46\x1b[m\x1b[K,\n'}
[6.097869] (gim_arm_hardware) StderrLine: {'line': b'                 from \x1b[01m\x1b[K/usr/include/boost/math/policies/policy.hpp:9\x1b[m\x1b[K,\n'}
[6.097893] (gim_arm_hardware) StderrLine: {'line': b'                 from \x1b[01m\x1b[K/usr/include/boost/math/constants/constants.hpp:12\x1b[m\x1b[K,\n'}
[6.097917] (gim_arm_hardware) StderrLine: {'line': b'                 from \x1b[01m\x1b[K/opt/ros/humble/include/pinocchio/math.hpp:20\x1b[m\x1b[K,\n'}
[6.097940] (gim_arm_hardware) StderrLine: {'line': b'                 from \x1b[01m\x1b[K/opt/ros/humble/include/pinocchio/spatial.hpp:19\x1b[m\x1b[K,\n'}
[6.097964] (gim_arm_hardware) StderrLine: {'line': b'                 from \x1b[01m\x1b[K/opt/ros/humble/include/pinocchio/parsers/urdf.hpp:26\x1b[m\x1b[K,\n'}
[6.097988] (gim_arm_hardware) StderrLine: {'line': b'                 from \x1b[01m\x1b[K/home/minh/gim60108_ws/src/gim_arm_hardware/include/gim_arm_hardware/gim_arm_system.hpp:17\x1b[m\x1b[K,\n'}
[6.098012] (gim_arm_hardware) StderrLine: {'line': b'                 from \x1b[01m\x1b[K/home/minh/gim60108_ws/src/gim_arm_hardware/src/gim_arm_system.cpp:1\x1b[m\x1b[K:\n'}
[6.098035] (gim_arm_hardware) StderrLine: {'line': b'\x1b[01m\x1b[K/usr/include/boost/mpl/aux_/preprocessed/gcc/list.hpp:22:8:\x1b[m\x1b[K \x1b[01;36m\x1b[Knote: \x1b[m\x1b[Kprovided for \xe2\x80\x98\x1b[01m\x1b[Ktemplate<class T0, class T1, class T2, class T3, class T4, class T5, class T6, class T7, class T8, class T9, class T10, class T11, class T12, class T13, class T14, class T15, class T16, class T17, class T18, class T19> struct boost::mpl::list\x1b[m\x1b[K\xe2\x80\x99\n'}
[6.098061] (gim_arm_hardware) StderrLine: {'line': b'   22 | struct \x1b[01;36m\x1b[Klist\x1b[m\x1b[K;\n'}
[6.098085] (gim_arm_hardware) StderrLine: {'line': b'      |        \x1b[01;36m\x1b[K^~~~\x1b[m\x1b[K\n'}
[6.117809] (-) TimerEvent: {}
[6.218113] (-) TimerEvent: {}
[6.318482] (-) TimerEvent: {}
[6.418833] (-) TimerEvent: {}
[6.519156] (-) TimerEvent: {}
[6.619483] (-) TimerEvent: {}
[6.719860] (-) TimerEvent: {}
[6.726206] (gim_arm_hardware) StderrLine: {'line': b'In file included from \x1b[01m\x1b[K/usr/include/boost/variant.hpp:17\x1b[m\x1b[K,\n'}
[6.726394] (gim_arm_hardware) StderrLine: {'line': b'                 from \x1b[01m\x1b[K/opt/ros/humble/include/pinocchio/multibody.hpp:21\x1b[m\x1b[K,\n'}
[6.726526] (gim_arm_hardware) StderrLine: {'line': b'                 from \x1b[01m\x1b[K/opt/ros/humble/include/pinocchio/parsers/urdf.hpp:27\x1b[m\x1b[K,\n'}
[6.726607] (gim_arm_hardware) StderrLine: {'line': b'                 from \x1b[01m\x1b[K/home/minh/gim60108_ws/src/gim_arm_hardware/include/gim_arm_hardware/gim_arm_system.hpp:17\x1b[m\x1b[K,\n'}
[6.726675] (gim_arm_hardware) StderrLine: {'line': b'                 from \x1b[01m\x1b[K/home/minh/gim60108_ws/src/gim_arm_hardware/src/gim_arm_system.cpp:1\x1b[m\x1b[K:\n'}
[6.726739] (gim_arm_hardware) StderrLine: {'line': b'/usr/include/boost/variant/variant.hpp: In instantiation of \xe2\x80\x98\x1b[01m\x1b[Ktypename Visitor::result_type boost::variant<T0, TN>::internal_apply_visitor(Visitor&) [with Visitor = boost::detail::variant::destroyer; T0_ = pinocchio::JointModelRevoluteTpl<double, 0, 0>; TN = {pinocchio::JointModelRevoluteTpl<double, 0, 1>, pinocchio::JointModelRevoluteTpl<double, 0, 2>, pinocchio::JointModelFreeFlyerTpl<double, 0>, pinocchio::JointModelPlanarTpl<double, 0>, pinocchio::JointModelRevoluteUnalignedTpl<double, 0>, pinocchio::JointModelSphericalTpl<double, 0>, pinocchio::JointModelSphericalZYXTpl<double, 0>, pinocchio::JointModelEllipsoidTpl<double, 0>, pinocchio::JointModelPrismaticTpl<double, 0, 0>, pinocchio::JointModelPrismaticTpl<double, 0, 1>, pinocchio::JointModelPrismaticTpl<double, 0, 2>, pinocchio::JointModelPrismaticUnalignedTpl<double, 0>, pinocchio::JointModelTranslationTpl<double, 0>, pinocchio::JointModelRevoluteUnboundedTpl<double, 0, 0>, pinocchio::JointModelRevoluteUnboundedTpl<double, 0, 1>, pinocchio::JointModelRevoluteUnboundedTpl<double, 0, 2>, pinocchio::JointModelRevoluteUnboundedUnalignedTpl<double, 0>, pinocchio::JointModelHelicalTpl<double, 0, 0>, pinocchio::JointModelHelicalTpl<double, 0, 1>, pinocchio::JointModelHelicalTpl<double, 0, 2>, pinocchio::JointModelHelicalUnalignedTpl<double, 0>, pinocchio::JointModelUniversalTpl<double, 0>, boost::recursive_wrapper<pinocchio::JointModelCompositeTpl<double, 0, pinocchio::JointCollectionDefaultTpl> >, boost::recursive_wrapper<pinocchio::JointModelMimicTpl<double, 0, pinocchio::JointCollectionDefaultTpl> >}; typename Visitor::result_type = void]\x1b[m\x1b[K\xe2\x80\x99:\n'}
[6.726825] (gim_arm_hardware) StderrLine: {'line': b'\x1b[01m\x1b[K/usr/include/boost/variant/variant.hpp:1365:37:\x1b[m\x1b[K   required from \xe2\x80\x98\x1b[01m\x1b[Kvoid boost::variant<T0, TN>::destroy_content() [with T0_ = pinocchio::JointModelRevoluteTpl<double, 0, 0>; TN = {pinocchio::JointModelRevoluteTpl<double, 0, 1>, pinocchio::JointModelRevoluteTpl<double, 0, 2>, pinocchio::JointModelFreeFlyerTpl<double, 0>, pinocchio::JointModelPlanarTpl<double, 0>, pinocchio::JointModelRevoluteUnalignedTpl<double, 0>, pinocchio::JointModelSphericalTpl<double, 0>, pinocchio::JointModelSphericalZYXTpl<double, 0>, pinocchio::JointModelEllipsoidTpl<double, 0>, pinocchio::JointModelPrismaticTpl<double, 0, 0>, pinocchio::JointModelPrismaticTpl<double, 0, 1>, pinocchio::JointModelPrismaticTpl<double, 0, 2>, pinocchio::JointModelPrismaticUnalignedTpl<double, 0>, pinocchio::JointModelTranslationTpl<double, 0>, pinocchio::JointModelRevoluteUnboundedTpl<double, 0, 0>, pinocchio::JointModelRevoluteUnboundedTpl<double, 0, 1>, pinocchio::JointModelRevoluteUnboundedTpl<double, 0, 2>, pinocchio::JointModelRevoluteUnboundedUnalignedTpl<double, 0>, pinocchio::JointModelHelicalTpl<double, 0, 0>, pinocchio::JointModelHelicalTpl<double, 0, 1>, pinocchio::JointModelHelicalTpl<double, 0, 2>, pinocchio::JointModelHelicalUnalignedTpl<double, 0>, pinocchio::JointModelUniversalTpl<double, 0>, boost::recursive_wrapper<pinocchio::JointModelCompositeTpl<double, 0, pinocchio::JointCollectionDefaultTpl> >, boost::recursive_wrapper<pinocchio::JointModelMimicTpl<double, 0, pinocchio::JointCollectionDefaultTpl> >}]\x1b[m\x1b[K\xe2\x80\x99\n'}
[6.726904] (gim_arm_hardware) StderrLine: {'line': b'\x1b[01m\x1b[K/usr/include/boost/variant/variant.hpp:1372:9:\x1b[m\x1b[K   required from \xe2\x80\x98\x1b[01m\x1b[Kboost::variant<T0, TN>::~variant() [with T0_ = pinocchio::JointModelRevoluteTpl<double, 0, 0>; TN = {pinocchio::JointModelRevoluteTpl<double, 0, 1>, pinocchio::JointModelRevoluteTpl<double, 0, 2>, pinocchio::JointModelFreeFlyerTpl<double, 0>, pinocchio::JointModelPlanarTpl<double, 0>, pinocchio::JointModelRevoluteUnalignedTpl<double, 0>, pinocchio::JointModelSphericalTpl<double, 0>, pinocchio::JointModelSphericalZYXTpl<double, 0>, pinocchio::JointModelEllipsoidTpl<double, 0>, pinocchio::JointModelPrismaticTpl<double, 0, 0>, pinocchio::JointModelPrismaticTpl<double, 0, 1>, pinocchio::JointModelPrismaticTpl<double, 0, 2>, pinocchio::JointModelPrismaticUnalignedTpl<double, 0>, pinocchio::JointModelTranslationTpl<double, 0>, pinocchio::JointModelRevoluteUnboundedTpl<double, 0, 0>, pinocchio::JointModelRevoluteUnboundedTpl<double, 0, 1>, pinocchio::JointModelRevoluteUnboundedTpl<double, 0, 2>, pinocchio::JointModelRevoluteUnboundedUnalignedTpl<double, 0>, pinocchio::JointModelHelicalTpl<double, 0, 0>, pinocchio::JointModelHelicalTpl<double, 0, 1>, pinocchio::JointModelHelicalTpl<double, 0, 2>, pinocchio::JointModelHelicalUnalignedTpl<double, 0>, pinocchio::JointModelUniversalTpl<double, 0>, boost::recursive_wrapper<pinocchio::JointModelCompositeTpl<double, 0, pinocchio::JointCollectionDefaultTpl> >, boost::recursive_wrapper<pinocchio::JointModelMimicTpl<double, 0, pinocchio::JointCollectionDefaultTpl> >}]\x1b[m\x1b[K\xe2\x80\x99\n'}
[6.726956] (gim_arm_hardware) StderrLine: {'line': b'\x1b[01m\x1b[K/opt/ros/humble/include/pinocchio/src/multibody/joint/joint-generic.hxx:256:10:\x1b[m\x1b[K   required from here\n'}
[6.726980] (gim_arm_hardware) StderrLine: {'line': b'\x1b[01m\x1b[K/usr/include/boost/variant/variant.hpp:2350:41:\x1b[m\x1b[K \x1b[01;31m\x1b[Kerror: \x1b[m\x1b[Kusing invalid field \xe2\x80\x98\x1b[01m\x1b[Kboost::variant<T0, TN>::storage_\x1b[m\x1b[K\xe2\x80\x99\n'}
[6.727005] (gim_arm_hardware) StderrLine: {'line': b' 2350 |               which_, which(), visitor, \x1b[01;31m\x1b[Kstorage_\x1b[m\x1b[K.address()\n'}
[6.727029] (gim_arm_hardware) StderrLine: {'line': b'      |                                         \x1b[01;31m\x1b[K^~~~~~~~\x1b[m\x1b[K\n'}
[6.758862] (gim_arm_hardware) StderrLine: {'line': b'In file included from \x1b[01m\x1b[K/usr/include/boost/optional/optional.hpp:33\x1b[m\x1b[K,\n'}
[6.759081] (gim_arm_hardware) StderrLine: {'line': b'                 from \x1b[01m\x1b[K/usr/include/boost/optional.hpp:15\x1b[m\x1b[K,\n'}
[6.759172] (gim_arm_hardware) StderrLine: {'line': b'                 from \x1b[01m\x1b[K/opt/ros/humble/include/pinocchio/parsers/urdf.hpp:16\x1b[m\x1b[K,\n'}
[6.759241] (gim_arm_hardware) StderrLine: {'line': b'                 from \x1b[01m\x1b[K/home/minh/gim60108_ws/src/gim_arm_hardware/include/gim_arm_hardware/gim_arm_system.hpp:17\x1b[m\x1b[K,\n'}
[6.759305] (gim_arm_hardware) StderrLine: {'line': b'                 from \x1b[01m\x1b[K/home/minh/gim60108_ws/src/gim_arm_hardware/src/gim_arm_system.cpp:1\x1b[m\x1b[K:\n'}
[6.759392] (gim_arm_hardware) StderrLine: {'line': b'/usr/include/boost/variant/get.hpp: In instantiation of \xe2\x80\x98\x1b[01m\x1b[Ktypename boost::add_pointer<T>::type boost::strict_get(boost::variant<T0, TN ...>*) [with U = pinocchio::JointModelMimicTpl<double>; T0 = pinocchio::JointModelRevoluteTpl<double, 0, 0>; TN = {pinocchio::JointModelRevoluteTpl<double, 0, 1>, pinocchio::JointModelRevoluteTpl<double, 0, 2>, pinocchio::JointModelFreeFlyerTpl<double, 0>, pinocchio::JointModelPlanarTpl<double, 0>, pinocchio::JointModelRevoluteUnalignedTpl<double, 0>, pinocchio::JointModelSphericalTpl<double, 0>, pinocchio::JointModelSphericalZYXTpl<double, 0>, pinocchio::JointModelEllipsoidTpl<double, 0>, pinocchio::JointModelPrismaticTpl<double, 0, 0>, pinocchio::JointModelPrismaticTpl<double, 0, 1>, pinocchio::JointModelPrismaticTpl<double, 0, 2>, pinocchio::JointModelPrismaticUnalignedTpl<double, 0>, pinocchio::JointModelTranslationTpl<double, 0>, pinocchio::JointModelRevoluteUnboundedTpl<double, 0, 0>, pinocchio::JointModelRevoluteUnboundedTpl<double, 0, 1>, pinocchio::JointModelRevoluteUnboundedTpl<double, 0, 2>, pinocchio::JointModelRevoluteUnboundedUnalignedTpl<double, 0>, pinocchio::JointModelHelicalTpl<double, 0, 0>, pinocchio::JointModelHelicalTpl<double, 0, 1>, pinocchio::JointModelHelicalTpl<double, 0, 2>, pinocchio::JointModelHelicalUnalignedTpl<double, 0>, pinocchio::JointModelUniversalTpl<double, 0>, boost::recursive_wrapper<pinocchio::JointModelCompositeTpl<double, 0, pinocchio::JointCollectionDefaultTpl> >, boost::recursive_wrapper<pinocchio::JointModelMimicTpl<double, 0, pinocchio::JointCollectionDefaultTpl> >}; typename boost::add_pointer<T>::type = pinocchio::JointModelMimicTpl<double>*]\x1b[m\x1b[K\xe2\x80\x99:\n'}
[6.759514] (gim_arm_hardware) StderrLine: {'line': b'\x1b[01m\x1b[K/usr/include/boost/variant/get.hpp:319:25:\x1b[m\x1b[K   required from \xe2\x80\x98\x1b[01m\x1b[Ktypename boost::add_pointer<T>::type boost::get(boost::variant<T0, TN ...>*) [with U = pinocchio::JointModelMimicTpl<double>; T0 = pinocchio::JointModelRevoluteTpl<double, 0, 0>; TN = {pinocchio::JointModelRevoluteTpl<double, 0, 1>, pinocchio::JointModelRevoluteTpl<double, 0, 2>, pinocchio::JointModelFreeFlyerTpl<double, 0>, pinocchio::JointModelPlanarTpl<double, 0>, pinocchio::JointModelRevoluteUnalignedTpl<double, 0>, pinocchio::JointModelSphericalTpl<double, 0>, pinocchio::JointModelSphericalZYXTpl<double, 0>, pinocchio::JointModelEllipsoidTpl<double, 0>, pinocchio::JointModelPrismaticTpl<double, 0, 0>, pinocchio::JointModelPrismaticTpl<double, 0, 1>, pinocchio::JointModelPrismaticTpl<double, 0, 2>, pinocchio::JointModelPrismaticUnalignedTpl<double, 0>, pinocchio::JointModelTranslationTpl<double, 0>, pinocchio::JointModelRevoluteUnboundedTpl<double, 0, 0>, pinocchio::JointModelRevoluteUnboundedTpl<double, 0, 1>, pinocchio::JointModelRevoluteUnboundedTpl<double, 0, 2>, pinocchio::JointModelRevoluteUnboundedUnalignedTpl<double, 0>, pinocchio::JointModelHelicalTpl<double, 0, 0>, pinocchio::JointModelHelicalTpl<double, 0, 1>, pinocchio::JointModelHelicalTpl<double, 0, 2>, pinocchio::JointModelHelicalUnalignedTpl<double, 0>, pinocchio::JointModelUniversalTpl<double, 0>, boost::recursive_wrapper<pinocchio::JointModelCompositeTpl<double, 0, pinocchio::JointCollectionDefaultTpl> >, boost::recursive_wrapper<pinocchio::JointModelMimicTpl<double, 0, pinocchio::JointCollectionDefaultTpl> >}; typename boost::add_pointer<T>::type = pinocchio::JointModelMimicTpl<double>*]\x1b[m\x1b[K\xe2\x80\x99\n'}
[6.759599] (gim_arm_hardware) StderrLine: {'line': b'\x1b[01m\x1b[K/opt/ros/humble/include/pinocchio/src/multibody/model.hxx:979:76:\x1b[m\x1b[K   required from \xe2\x80\x98\x1b[01m\x1b[Kpinocchio::ModelTpl<_Scalar, _Options, JointCollectionTpl>::JointIndex pinocchio::ModelTpl<_Scalar, _Options, JointCollectionTpl>::addJoint(pinocchio::ModelTpl<_Scalar, _Options, JointCollectionTpl>::JointIndex, const JointModel&, const SE3&, const string&, const VectorXs&, const VectorXs&, const VectorXs&, const VectorXs&, const VectorXs&, const VectorXs&, const VectorXs&, const VectorXs&, const VectorXs&, const VectorXs&) [with _Scalar = double; int _Options = 0; JointCollectionTpl = pinocchio::JointCollectionDefaultTpl; pinocchio::ModelTpl<_Scalar, _Options, JointCollectionTpl>::JointIndex = long unsigned int; pinocchio::ModelTpl<_Scalar, _Options, JointCollectionTpl>::JointModel = pinocchio::JointModelTpl<double>; pinocchio::ModelTpl<_Scalar, _Options, JointCollectionTpl>::SE3 = pinocchio::SE3Tpl<double, 0>; std::string = std::__cxx11::basic_string<char>; pinocchio::ModelTpl<_Scalar, _Options, JointCollectionTpl>::VectorXs = Eigen::Matrix<double, -1, 1>]\x1b[m\x1b[K\xe2\x80\x99\n'}
[6.759679] (gim_arm_hardware) StderrLine: {'line': b'\x1b[01m\x1b[K/opt/ros/humble/include/pinocchio/src/parsers/urdf/model.hxx:235:38:\x1b[m\x1b[K   required from here\n'}
[6.759742] (gim_arm_hardware) StderrLine: {'line': b'\x1b[01m\x1b[K/usr/include/boost/variant/get.hpp:220:5:\x1b[m\x1b[K \x1b[01;31m\x1b[Kerror: \x1b[m\x1b[K\xe2\x80\x98\x1b[01m\x1b[Kvalue\x1b[m\x1b[K\xe2\x80\x99 is not a member of \xe2\x80\x98\x1b[01m\x1b[Kboost::detail::variant::holds_element<boost::variant<pinocchio::JointModelRevoluteTpl<double, 0, 0>, pinocchio::JointModelRevoluteTpl<double, 0, 1>, pinocchio::JointModelRevoluteTpl<double, 0, 2>, pinocchio::JointModelFreeFlyerTpl<double, 0>, pinocchio::JointModelPlanarTpl<double, 0>, pinocchio::JointModelRevoluteUnalignedTpl<double, 0>, pinocchio::JointModelSphericalTpl<double, 0>, pinocchio::JointModelSphericalZYXTpl<double, 0>, pinocchio::JointModelEllipsoidTpl<double, 0>, pinocchio::JointModelPrismaticTpl<double, 0, 0>, pinocchio::JointModelPrismaticTpl<double, 0, 1>, pinocchio::JointModelPrismaticTpl<double, 0, 2>, pinocchio::JointModelPrismaticUnalignedTpl<double, 0>, pinocchio::JointModelTranslationTpl<double, 0>, pinocchio::JointModelRevoluteUnboundedTpl<double, 0, 0>, pinocchio::JointModelRevoluteUnboundedTpl<double, 0, 1>, pinocchio::JointModelRevoluteUnboundedTpl<double, 0, 2>, pinocchio::JointModelRevoluteUnboundedUnalignedTpl<double, 0>, pinocchio::JointModelHelicalTpl<double, 0, 0>, pinocchio::JointModelHelicalTpl<double, 0, 1>, pinocchio::JointModelHelicalTpl<double, 0, 2>, pinocchio::JointModelHelicalUnalignedTpl<double, 0>, pinocchio::JointModelUniversalTpl<double, 0>, boost::recursive_wrapper<pinocchio::JointModelCompositeTpl<double, 0, pinocchio::JointCollectionDefaultTpl> >, boost::recursive_wrapper<pinocchio::JointModelMimicTpl<double, 0, pinocchio::JointCollectionDefaultTpl> > >, pinocchio::JointModelMimicTpl<double> >\x1b[m\x1b[K\xe2\x80\x99\n'}
[6.759828] (gim_arm_hardware) StderrLine: {'line': b'  220 |     \x1b[01;31m\x1b[KBOOST_STATIC_ASSERT_MSG\x1b[m\x1b[K(\n'}
[6.759889] (gim_arm_hardware) StderrLine: {'line': b'      |     \x1b[01;31m\x1b[K^~~~~~~~~~~~~~~~~~~~~~~\x1b[m\x1b[K\n'}
[6.819976] (-) TimerEvent: {}
[6.920271] (-) TimerEvent: {}
[7.020637] (-) TimerEvent: {}
[7.120925] (-) TimerEvent: {}
[7.209774] (gim_arm_hardware) StderrLine: {'line': b'In file included from \x1b[01m\x1b[K/usr/include/boost/variant.hpp:17\x1b[m\x1b[K,\n'}
[7.209989] (gim_arm_hardware) StderrLine: {'line': b'                 from \x1b[01m\x1b[K/opt/ros/humble/include/pinocchio/multibody.hpp:21\x1b[m\x1b[K,\n'}
[7.210099] (gim_arm_hardware) StderrLine: {'line': b'                 from \x1b[01m\x1b[K/opt/ros/humble/include/pinocchio/parsers/urdf.hpp:27\x1b[m\x1b[K,\n'}
[7.210171] (gim_arm_hardware) StderrLine: {'line': b'                 from \x1b[01m\x1b[K/home/minh/gim60108_ws/src/gim_arm_hardware/include/gim_arm_hardware/gim_arm_system.hpp:17\x1b[m\x1b[K,\n'}
[7.210240] (gim_arm_hardware) StderrLine: {'line': b'                 from \x1b[01m\x1b[K/home/minh/gim60108_ws/src/gim_arm_hardware/src/gim_arm_system.cpp:1\x1b[m\x1b[K:\n'}
[7.210307] (gim_arm_hardware) StderrLine: {'line': b'/usr/include/boost/variant/variant.hpp: In instantiation of \xe2\x80\x98\x1b[01m\x1b[Kboost::variant<T0, TN>::variant(boost::variant<T0, TN>&&) [with T0_ = pinocchio::JointModelRevoluteTpl<double, 0, 0>; TN = {pinocchio::JointModelRevoluteTpl<double, 0, 1>, pinocchio::JointModelRevoluteTpl<double, 0, 2>, pinocchio::JointModelFreeFlyerTpl<double, 0>, pinocchio::JointModelPlanarTpl<double, 0>, pinocchio::JointModelRevoluteUnalignedTpl<double, 0>, pinocchio::JointModelSphericalTpl<double, 0>, pinocchio::JointModelSphericalZYXTpl<double, 0>, pinocchio::JointModelEllipsoidTpl<double, 0>, pinocchio::JointModelPrismaticTpl<double, 0, 0>, pinocchio::JointModelPrismaticTpl<double, 0, 1>, pinocchio::JointModelPrismaticTpl<double, 0, 2>, pinocchio::JointModelPrismaticUnalignedTpl<double, 0>, pinocchio::JointModelTranslationTpl<double, 0>, pinocchio::JointModelRevoluteUnboundedTpl<double, 0, 0>, pinocchio::JointModelRevoluteUnboundedTpl<double, 0, 1>, pinocchio::JointModelRevoluteUnboundedTpl<double, 0, 2>, pinocchio::JointModelRevoluteUnboundedUnalignedTpl<double, 0>, pinocchio::JointModelHelicalTpl<double, 0, 0>, pinocchio::JointModelHelicalTpl<double, 0, 1>, pinocchio::JointModelHelicalTpl<double, 0, 2>, pinocchio::JointModelHelicalUnalignedTpl<double, 0>, pinocchio::JointModelUniversalTpl<double, 0>, boost::recursive_wrapper<pinocchio::JointModelCompositeTpl<double, 0, pinocchio::JointCollectionDefaultTpl> >, boost::recursive_wrapper<pinocchio::JointModelMimicTpl<double, 0, pinocchio::JointCollectionDefaultTpl> >}]\x1b[m\x1b[K\xe2\x80\x99:\n'}
[7.210407] (gim_arm_hardware) StderrLine: {'line': b'\x1b[01m\x1b[K/opt/ros/humble/include/pinocchio/src/multibody/joint/joint-generic.hxx:256:10:\x1b[m\x1b[K   required from \xe2\x80\x98\x1b[01m\x1b[Kvoid __gnu_cxx::new_allocator<_Tp>::construct(_Up*, _Args&& ...) [with _Up = pinocchio::JointModelTpl<double>; _Args = {pinocchio::JointModelTpl<double, 0, pinocchio::JointCollectionDefaultTpl>}; _Tp = pinocchio::JointModelTpl<double>]\x1b[m\x1b[K\xe2\x80\x99\n'}
[7.210492] (gim_arm_hardware) StderrLine: {'line': b'\x1b[01m\x1b[K/usr/include/c++/11/bits/alloc_traits.h:516:17:\x1b[m\x1b[K   required from \xe2\x80\x98\x1b[01m\x1b[Kstatic void std::allocator_traits<std::allocator<_Tp1> >::construct(std::allocator_traits<std::allocator<_Tp1> >::allocator_type&, _Up*, _Args&& ...) [with _Up = pinocchio::JointModelTpl<double>; _Args = {pinocchio::JointModelTpl<double, 0, pinocchio::JointCollectionDefaultTpl>}; _Tp = pinocchio::JointModelTpl<double>; std::allocator_traits<std::allocator<_Tp1> >::allocator_type = std::allocator<pinocchio::JointModelTpl<double> >]\x1b[m\x1b[K\xe2\x80\x99\n'}
[7.210572] (gim_arm_hardware) StderrLine: {'line': b'\x1b[01m\x1b[K/usr/include/c++/11/bits/vector.tcc:115:30:\x1b[m\x1b[K   required from \xe2\x80\x98\x1b[01m\x1b[Kstd::vector<_Tp, _Alloc>::reference std::vector<_Tp, _Alloc>::emplace_back(_Args&& ...) [with _Args = {pinocchio::JointModelTpl<double, 0, pinocchio::JointCollectionDefaultTpl>}; _Tp = pinocchio::JointModelTpl<double>; _Alloc = std::allocator<pinocchio::JointModelTpl<double> >; std::vector<_Tp, _Alloc>::reference = pinocchio::JointModelTpl<double>&]\x1b[m\x1b[K\xe2\x80\x99\n'}
[7.210635] (gim_arm_hardware) StderrLine: {'line': b'\x1b[01m\x1b[K/usr/include/c++/11/bits/stl_vector.h:1204:21:\x1b[m\x1b[K   required from \xe2\x80\x98\x1b[01m\x1b[Kvoid std::vector<_Tp, _Alloc>::push_back(std::vector<_Tp, _Alloc>::value_type&&) [with _Tp = pinocchio::JointModelTpl<double>; _Alloc = std::allocator<pinocchio::JointModelTpl<double> >; std::vector<_Tp, _Alloc>::value_type = pinocchio::JointModelTpl<double>]\x1b[m\x1b[K\xe2\x80\x99\n'}
[7.210696] (gim_arm_hardware) StderrLine: {'line': b'\x1b[01m\x1b[K/opt/ros/humble/include/pinocchio/src/multibody/model.hxx:867:21:\x1b[m\x1b[K   required from \xe2\x80\x98\x1b[01m\x1b[Kpinocchio::ModelTpl<_Scalar, _Options, JointCollectionTpl>::JointIndex pinocchio::ModelTpl<_Scalar, _Options, JointCollectionTpl>::addJoint(pinocchio::ModelTpl<_Scalar, _Options, JointCollectionTpl>::JointIndex, const JointModel&, const SE3&, const string&, const VectorXs&, const VectorXs&, const VectorXs&, const VectorXs&, const VectorXs&, const VectorXs&, const VectorXs&, const VectorXs&, const VectorXs&, const VectorXs&) [with _Scalar = double; int _Options = 0; JointCollectionTpl = pinocchio::JointCollectionDefaultTpl; pinocchio::ModelTpl<_Scalar, _Options, JointCollectionTpl>::JointIndex = long unsigned int; pinocchio::ModelTpl<_Scalar, _Options, JointCollectionTpl>::JointModel = pinocchio::JointModelTpl<double>; pinocchio::ModelTpl<_Scalar, _Options, JointCollectionTpl>::SE3 = pinocchio::SE3Tpl<double, 0>; std::string = std::__cxx11::basic_string<char>; pinocchio::ModelTpl<_Scalar, _Options, JointCollectionTpl>::VectorXs = Eigen::Matrix<double, -1, 1>]\x1b[m\x1b[K\xe2\x80\x99\n'}
[7.210775] (gim_arm_hardware) StderrLine: {'line': b'\x1b[01m\x1b[K/opt/ros/humble/include/pinocchio/src/parsers/urdf/model.hxx:235:38:\x1b[m\x1b[K   required from here\n'}
[7.210836] (gim_arm_hardware) StderrLine: {'line': b'\x1b[01m\x1b[K/usr/include/boost/variant/variant.hpp:1773:45:\x1b[m\x1b[K \x1b[01;31m\x1b[Kerror: \x1b[m\x1b[Kusing invalid field \xe2\x80\x98\x1b[01m\x1b[Kboost::variant<T0, TN>::storage_\x1b[m\x1b[K\xe2\x80\x99\n'}
[7.210897] (gim_arm_hardware) StderrLine: {'line': b' 1773 |         detail::variant::move_into visitor( \x1b[01;31m\x1b[Kstorage_\x1b[m\x1b[K.address() );\n'}
[7.210959] (gim_arm_hardware) StderrLine: {'line': b'      |                                             \x1b[01;31m\x1b[K^~~~~~~~\x1b[m\x1b[K\n'}
[7.221024] (-) TimerEvent: {}
[7.229861] (gim_arm_hardware) StderrLine: {'line': b'/usr/include/boost/variant/variant.hpp: In instantiation of \xe2\x80\x98\x1b[01m\x1b[Ktypename Visitor::result_type boost::variant<T0, TN>::internal_apply_visitor(Visitor&) const [with Visitor = boost::detail::variant::invoke_visitor<const pinocchio::CheckMimicVisitor<pinocchio::JointModelTpl<double> >, false>; T0_ = pinocchio::JointModelRevoluteTpl<double, 0, 0>; TN = {pinocchio::JointModelRevoluteTpl<double, 0, 1>, pinocchio::JointModelRevoluteTpl<double, 0, 2>, pinocchio::JointModelFreeFlyerTpl<double, 0>, pinocchio::JointModelPlanarTpl<double, 0>, pinocchio::JointModelRevoluteUnalignedTpl<double, 0>, pinocchio::JointModelSphericalTpl<double, 0>, pinocchio::JointModelSphericalZYXTpl<double, 0>, pinocchio::JointModelEllipsoidTpl<double, 0>, pinocchio::JointModelPrismaticTpl<double, 0, 0>, pinocchio::JointModelPrismaticTpl<double, 0, 1>, pinocchio::JointModelPrismaticTpl<double, 0, 2>, pinocchio::JointModelPrismaticUnalignedTpl<double, 0>, pinocchio::JointModelTranslationTpl<double, 0>, pinocchio::JointModelRevoluteUnboundedTpl<double, 0, 0>, pinocchio::JointModelRevoluteUnboundedTpl<double, 0, 1>, pinocchio::JointModelRevoluteUnboundedTpl<double, 0, 2>, pinocchio::JointModelRevoluteUnboundedUnalignedTpl<double, 0>, pinocchio::JointModelHelicalTpl<double, 0, 0>, pinocchio::JointModelHelicalTpl<double, 0, 1>, pinocchio::JointModelHelicalTpl<double, 0, 2>, pinocchio::JointModelHelicalUnalignedTpl<double, 0>, pinocchio::JointModelUniversalTpl<double, 0>, boost::recursive_wrapper<pinocchio::JointModelCompositeTpl<double, 0, pinocchio::JointCollectionDefaultTpl> >, boost::recursive_wrapper<pinocchio::JointModelMimicTpl<double, 0, pinocchio::JointCollectionDefaultTpl> >}; typename Visitor::result_type = pinocchio::JointModelTpl<double>]\x1b[m\x1b[K\xe2\x80\x99:\n'}
[7.230076] (gim_arm_hardware) StderrLine: {'line': b'\x1b[01m\x1b[K/usr/include/boost/variant/variant.hpp:2404:44:\x1b[m\x1b[K   required from \xe2\x80\x98\x1b[01m\x1b[Ktypename Visitor::result_type boost::variant<T0, TN>::apply_visitor(Visitor&) const & [with Visitor = const pinocchio::CheckMimicVisitor<pinocchio::JointModelTpl<double> >; T0_ = pinocchio::JointModelRevoluteTpl<double, 0, 0>; TN = {pinocchio::JointModelRevoluteTpl<double, 0, 1>, pinocchio::JointModelRevoluteTpl<double, 0, 2>, pinocchio::JointModelFreeFlyerTpl<double, 0>, pinocchio::JointModelPlanarTpl<double, 0>, pinocchio::JointModelRevoluteUnalignedTpl<double, 0>, pinocchio::JointModelSphericalTpl<double, 0>, pinocchio::JointModelSphericalZYXTpl<double, 0>, pinocchio::JointModelEllipsoidTpl<double, 0>, pinocchio::JointModelPrismaticTpl<double, 0, 0>, pinocchio::JointModelPrismaticTpl<double, 0, 1>, pinocchio::JointModelPrismaticTpl<double, 0, 2>, pinocchio::JointModelPrismaticUnalignedTpl<double, 0>, pinocchio::JointModelTranslationTpl<double, 0>, pinocchio::JointModelRevoluteUnboundedTpl<double, 0, 0>, pinocchio::JointModelRevoluteUnboundedTpl<double, 0, 1>, pinocchio::JointModelRevoluteUnboundedTpl<double, 0, 2>, pinocchio::JointModelRevoluteUnboundedUnalignedTpl<double, 0>, pinocchio::JointModelHelicalTpl<double, 0, 0>, pinocchio::JointModelHelicalTpl<double, 0, 1>, pinocchio::JointModelHelicalTpl<double, 0, 2>, pinocchio::JointModelHelicalUnalignedTpl<double, 0>, pinocchio::JointModelUniversalTpl<double, 0>, boost::recursive_wrapper<pinocchio::JointModelCompositeTpl<double, 0, pinocchio::JointCollectionDefaultTpl> >, boost::recursive_wrapper<pinocchio::JointModelMimicTpl<double, 0, pinocchio::JointCollectionDefaultTpl> >}; typename Visitor::result_type = pinocchio::JointModelTpl<double>]\x1b[m\x1b[K\xe2\x80\x99\n'}
[7.230188] (gim_arm_hardware) StderrLine: {'line': b'\x1b[01m\x1b[K/usr/include/boost/variant/detail/apply_visitor_unary.hpp:68:64:\x1b[m\x1b[K   required from \xe2\x80\x98\x1b[01m\x1b[Ktypename Visitor::result_type boost::apply_visitor(const Visitor&, Visitable&&) [with Visitor = pinocchio::CheckMimicVisitor<pinocchio::JointModelTpl<double> >; Visitable = const pinocchio::JointModelTpl<double>&; typename Visitor::result_type = pinocchio::JointModelTpl<double>]\x1b[m\x1b[K\xe2\x80\x99\n'}
[7.230273] (gim_arm_hardware) StderrLine: {'line': b'\x1b[01m\x1b[K/opt/ros/humble/include/pinocchio/src/multibody/joint/joint-basic-visitors.hxx:1546:32:\x1b[m\x1b[K   required from \xe2\x80\x98\x1b[01m\x1b[KJointModel pinocchio::checkMimic(const JointModel&) [with JointModel = pinocchio::JointModelTpl<double>]\x1b[m\x1b[K\xe2\x80\x99\n'}
[7.230342] (gim_arm_hardware) StderrLine: {'line': b'\x1b[01m\x1b[K/opt/ros/humble/include/pinocchio/src/multibody/joint/joint-mimic.hxx:582:36:\x1b[m\x1b[K   required from \xe2\x80\x98\x1b[01m\x1b[Kpinocchio::JointModelMimicTpl<Scalar, Options, JointCollectionTpl>::JointModelMimicTpl(const pinocchio::JointModelBase<OtherDerived>&, const pinocchio::JointModelBase<JointModelDerived2>&, const Scalar&, const Scalar&) [with JointModelMimicking = pinocchio::JointModelRevoluteTpl<double, 0, 0>; JointModelMimicked = pinocchio::JointModelTpl<double>; _Scalar = double; int _Options = 0; JointCollectionTpl = pinocchio::JointCollectionDefaultTpl; pinocchio::JointModelMimicTpl<Scalar, Options, JointCollectionTpl>::Scalar = double]\x1b[m\x1b[K\xe2\x80\x99\n'}
[7.230420] (gim_arm_hardware) StderrLine: {'line': b'\x1b[01m\x1b[K/opt/ros/humble/include/pinocchio/src/parsers/urdf/model.hxx:556:41:\x1b[m\x1b[K   required from \xe2\x80\x98\x1b[01m\x1b[Kpinocchio::JointIndex pinocchio::urdf::details::UrdfVisitor::addMimicJoint(const Frame&, const SE3&, const string&, const VectorConstRef&, const VectorConstRef&, const VectorConstRef&, const VectorConstRef&, const VectorConstRef&, const VectorConstRef&, const VectorConstRef&, const VectorConstRef&, const VectorConstRef&, const VectorConstRef&, const pinocchio::urdf::details::MimicInfo&) [with TypeX = pinocchio::JointModelRevoluteTpl<double, 0, 0>; TypeY = pinocchio::JointModelRevoluteTpl<double, 0, 1>; TypeZ = pinocchio::JointModelRevoluteTpl<double, 0, 2>; TypeUnaligned = pinocchio::JointModelRevoluteUnalignedTpl<double>; pinocchio::JointIndex = long unsigned int; pinocchio::urdf::details::UrdfVisitor::Frame = pinocchio::FrameTpl<double, 0>; pinocchio::urdf::details::UrdfVisitor::SE3 = pinocchio::SE3Tpl<double, 0>; std::string = std::__cxx11::basic_string<char>; pinocchio::urdf::details::UrdfVisitor::VectorConstRef = Eigen::Ref<const Eigen::Matrix<double, -1, 1> >]\x1b[m\x1b[K\xe2\x80\x99\n'}
[7.230521] (gim_arm_hardware) StderrLine: {'line': b'\x1b[01m\x1b[K/opt/ros/humble/include/pinocchio/src/parsers/urdf/model.hxx:290:73:\x1b[m\x1b[K   required from here\n'}
[7.230585] (gim_arm_hardware) StderrLine: {'line': b'\x1b[01m\x1b[K/usr/include/boost/variant/variant.hpp:2359:41:\x1b[m\x1b[K \x1b[01;31m\x1b[Kerror: \x1b[m\x1b[Kusing invalid field \xe2\x80\x98\x1b[01m\x1b[Kboost::variant<T0, TN>::storage_\x1b[m\x1b[K\xe2\x80\x99\n'}
[7.230646] (gim_arm_hardware) StderrLine: {'line': b' 2359 |               which_, which(), visitor, \x1b[01;31m\x1b[Kstorage_\x1b[m\x1b[K.address()\n'}
[7.230706] (gim_arm_hardware) StderrLine: {'line': b'      |                                         \x1b[01;31m\x1b[K^~~~~~~~\x1b[m\x1b[K\n'}
[7.293429] (gim_arm_hardware) StderrLine: {'line': b'/usr/include/boost/variant/variant.hpp: In instantiation of \xe2\x80\x98\x1b[01m\x1b[Ktypename Visitor::result_type boost::variant<T0, TN>::internal_apply_visitor(Visitor&) const [with Visitor = boost::detail::variant::invoke_visitor<const pinocchio::CreateJointData<double, 0, pinocchio::JointCollectionDefaultTpl>, false>; T0_ = pinocchio::JointModelRevoluteTpl<double, 0, 0>; TN = {pinocchio::JointModelRevoluteTpl<double, 0, 1>, pinocchio::JointModelRevoluteTpl<double, 0, 2>, pinocchio::JointModelFreeFlyerTpl<double, 0>, pinocchio::JointModelPlanarTpl<double, 0>, pinocchio::JointModelRevoluteUnalignedTpl<double, 0>, pinocchio::JointModelSphericalTpl<double, 0>, pinocchio::JointModelSphericalZYXTpl<double, 0>, pinocchio::JointModelEllipsoidTpl<double, 0>, pinocchio::JointModelPrismaticTpl<double, 0, 0>, pinocchio::JointModelPrismaticTpl<double, 0, 1>, pinocchio::JointModelPrismaticTpl<double, 0, 2>, pinocchio::JointModelPrismaticUnalignedTpl<double, 0>, pinocchio::JointModelTranslationTpl<double, 0>, pinocchio::JointModelRevoluteUnboundedTpl<double, 0, 0>, pinocchio::JointModelRevoluteUnboundedTpl<double, 0, 1>, pinocchio::JointModelRevoluteUnboundedTpl<double, 0, 2>, pinocchio::JointModelRevoluteUnboundedUnalignedTpl<double, 0>, pinocchio::JointModelHelicalTpl<double, 0, 0>, pinocchio::JointModelHelicalTpl<double, 0, 1>, pinocchio::JointModelHelicalTpl<double, 0, 2>, pinocchio::JointModelHelicalUnalignedTpl<double, 0>, pinocchio::JointModelUniversalTpl<double, 0>, boost::recursive_wrapper<pinocchio::JointModelCompositeTpl<double, 0, pinocchio::JointCollectionDefaultTpl> >, boost::recursive_wrapper<pinocchio::JointModelMimicTpl<double, 0, pinocchio::JointCollectionDefaultTpl> >}; typename Visitor::result_type = pinocchio::JointDataTpl<double>]\x1b[m\x1b[K\xe2\x80\x99:\n'}
[7.293702] (gim_arm_hardware) StderrLine: {'line': b'\x1b[01m\x1b[K/usr/include/boost/variant/variant.hpp:2404:44:\x1b[m\x1b[K   required from \xe2\x80\x98\x1b[01m\x1b[Ktypename Visitor::result_type boost::variant<T0, TN>::apply_visitor(Visitor&) const & [with Visitor = const pinocchio::CreateJointData<double, 0, pinocchio::JointCollectionDefaultTpl>; T0_ = pinocchio::JointModelRevoluteTpl<double, 0, 0>; TN = {pinocchio::JointModelRevoluteTpl<double, 0, 1>, pinocchio::JointModelRevoluteTpl<double, 0, 2>, pinocchio::JointModelFreeFlyerTpl<double, 0>, pinocchio::JointModelPlanarTpl<double, 0>, pinocchio::JointModelRevoluteUnalignedTpl<double, 0>, pinocchio::JointModelSphericalTpl<double, 0>, pinocchio::JointModelSphericalZYXTpl<double, 0>, pinocchio::JointModelEllipsoidTpl<double, 0>, pinocchio::JointModelPrismaticTpl<double, 0, 0>, pinocchio::JointModelPrismaticTpl<double, 0, 1>, pinocchio::JointModelPrismaticTpl<double, 0, 2>, pinocchio::JointModelPrismaticUnalignedTpl<double, 0>, pinocchio::JointModelTranslationTpl<double, 0>, pinocchio::JointModelRevoluteUnboundedTpl<double, 0, 0>, pinocchio::JointModelRevoluteUnboundedTpl<double, 0, 1>, pinocchio::JointModelRevoluteUnboundedTpl<double, 0, 2>, pinocchio::JointModelRevoluteUnboundedUnalignedTpl<double, 0>, pinocchio::JointModelHelicalTpl<double, 0, 0>, pinocchio::JointModelHelicalTpl<double, 0, 1>, pinocchio::JointModelHelicalTpl<double, 0, 2>, pinocchio::JointModelHelicalUnalignedTpl<double, 0>, pinocchio::JointModelUniversalTpl<double, 0>, boost::recursive_wrapper<pinocchio::JointModelCompositeTpl<double, 0, pinocchio::JointCollectionDefaultTpl> >, boost::recursive_wrapper<pinocchio::JointModelMimicTpl<double, 0, pinocchio::JointCollectionDefaultTpl> >}; typename Visitor::result_type = pinocchio::JointDataTpl<double>]\x1b[m\x1b[K\xe2\x80\x99\n'}
[7.293821] (gim_arm_hardware) StderrLine: {'line': b'\x1b[01m\x1b[K/usr/include/boost/variant/detail/apply_visitor_unary.hpp:68:64:\x1b[m\x1b[K   required from \xe2\x80\x98\x1b[01m\x1b[Ktypename Visitor::result_type boost::apply_visitor(const Visitor&, Visitable&&) [with Visitor = pinocchio::CreateJointData<double, 0, pinocchio::JointCollectionDefaultTpl>; Visitable = const boost::variant<pinocchio::JointModelRevoluteTpl<double, 0, 0>, pinocchio::JointModelRevoluteTpl<double, 0, 1>, pinocchio::JointModelRevoluteTpl<double, 0, 2>, pinocchio::JointModelFreeFlyerTpl<double, 0>, pinocchio::JointModelPlanarTpl<double, 0>, pinocchio::JointModelRevoluteUnalignedTpl<double, 0>, pinocchio::JointModelSphericalTpl<double, 0>, pinocchio::JointModelSphericalZYXTpl<double, 0>, pinocchio::JointModelEllipsoidTpl<double, 0>, pinocchio::JointModelPrismaticTpl<double, 0, 0>, pinocchio::JointModelPrismaticTpl<double, 0, 1>, pinocchio::JointModelPrismaticTpl<double, 0, 2>, pinocchio::JointModelPrismaticUnalignedTpl<double, 0>, pinocchio::JointModelTranslationTpl<double, 0>, pinocchio::JointModelRevoluteUnboundedTpl<double, 0, 0>, pinocchio::JointModelRevoluteUnboundedTpl<double, 0, 1>, pinocchio::JointModelRevoluteUnboundedTpl<double, 0, 2>, pinocchio::JointModelRevoluteUnboundedUnalignedTpl<double, 0>, pinocchio::JointModelHelicalTpl<double, 0, 0>, pinocchio::JointModelHelicalTpl<double, 0, 1>, pinocchio::JointModelHelicalTpl<double, 0, 2>, pinocchio::JointModelHelicalUnalignedTpl<double, 0>, pinocchio::JointModelUniversalTpl<double, 0>, boost::recursive_wrapper<pinocchio::JointModelCompositeTpl<double, 0, pinocchio::JointCollectionDefaultTpl> >, boost::recursive_wrapper<pinocchio::JointModelMimicTpl<double, 0, pinocchio::JointCollectionDefaultTpl> > >&; typename Visitor::result_type = pinocchio::JointDataTpl<double>]\x1b[m\x1b[K\xe2\x80\x99\n'}
[7.294127] (gim_arm_hardware) StderrLine: {'line': b'\x1b[01m\x1b[K/opt/ros/humble/include/pinocchio/src/multibody/joint/joint-basic-visitors.hxx:550:34:\x1b[m\x1b[K   required from \xe2\x80\x98\x1b[01m\x1b[Kstatic pinocchio::CreateJointData<Scalar, Options, JointCollectionTpl>::JointDataVariant pinocchio::CreateJointData<Scalar, Options, JointCollectionTpl>::run(const JointModelVariant&) [with Scalar = double; int Options = 0; JointCollectionTpl = pinocchio::JointCollectionDefaultTpl; pinocchio::CreateJointData<Scalar, Options, JointCollectionTpl>::JointDataVariant = pinocchio::JointDataTpl<double>; pinocchio::CreateJointData<Scalar, Options, JointCollectionTpl>::JointModelVariant = boost::variant<pinocchio::JointModelRevoluteTpl<double, 0, 0>, pinocchio::JointModelRevoluteTpl<double, 0, 1>, pinocchio::JointModelRevoluteTpl<double, 0, 2>, pinocchio::JointModelFreeFlyerTpl<double, 0>, pinocchio::JointModelPlanarTpl<double, 0>, pinocchio::JointModelRevoluteUnalignedTpl<double, 0>, pinocchio::JointModelSphericalTpl<double, 0>, pinocchio::JointModelSphericalZYXTpl<double, 0>, pinocchio::JointModelEllipsoidTpl<double, 0>, pinocchio::JointModelPrismaticTpl<double, 0, 0>, pinocchio::JointModelPrismaticTpl<double, 0, 1>, pinocchio::JointModelPrismaticTpl<double, 0, 2>, pinocchio::JointModelPrismaticUnalignedTpl<double, 0>, pinocchio::JointModelTranslationTpl<double, 0>, pinocchio::JointModelRevoluteUnboundedTpl<double, 0, 0>, pinocchio::JointModelRevoluteUnboundedTpl<double, 0, 1>, pinocchio::JointModelRevoluteUnboundedTpl<double, 0, 2>, pinocchio::JointModelRevoluteUnboundedUnalignedTpl<double, 0>, pinocchio::JointModelHelicalTpl<double, 0, 0>, pinocchio::JointModelHelicalTpl<double, 0, 1>, pinocchio::JointModelHelicalTpl<double, 0, 2>, pinocchio::JointModelHelicalUnalignedTpl<double, 0>, pinocchio::JointModelUniversalTpl<double, 0>, boost::recursive_wrapper<pinocchio::JointModelCompositeTpl<double, 0, pinocchio::JointCollectionDefaultTpl> >, boost::recursive_wrapper<pinocchio::JointModelMimicTpl<double, 0, pinocchio::JointCollectionDefaultTpl> > >]\x1b[m\x1b[K\xe2\x80\x99\n'}
[7.294264] (gim_arm_hardware) StderrLine: {'line': b'\x1b[01m\x1b[K/opt/ros/humble/include/pinocchio/src/multibody/data.hxx:802:40:\x1b[m\x1b[K   required from \xe2\x80\x98\x1b[01m\x1b[Kpinocchio::DataTpl<_Scalar, _Options, JointCollectionTpl>::DataTpl(const Model&) [with _Scalar = double; int _Options = 0; JointCollectionTpl = pinocchio::JointCollectionDefaultTpl; pinocchio::DataTpl<_Scalar, _Options, JointCollectionTpl>::Model = pinocchio::ModelTpl<double, 0>]\x1b[m\x1b[K\xe2\x80\x99\n'}
[7.294362] (gim_arm_hardware) StderrLine: {'line': b'\x1b[01m\x1b[K/usr/include/c++/11/bits/unique_ptr.h:962:30:\x1b[m\x1b[K   required from \xe2\x80\x98\x1b[01m\x1b[Ktypename std::_MakeUniq<_Tp>::__single_object std::make_unique(_Args&& ...) [with _Tp = pinocchio::DataTpl<double, 0>; _Args = {pinocchio::ModelTpl<double, 0, pinocchio::JointCollectionDefaultTpl>&}; typename std::_MakeUniq<_Tp>::__single_object = std::unique_ptr<pinocchio::DataTpl<double, 0> >]\x1b[m\x1b[K\xe2\x80\x99\n'}
[7.294436] (gim_arm_hardware) StderrLine: {'line': b'\x1b[01m\x1b[K/home/minh/gim60108_ws/src/gim_arm_hardware/src/gim_arm_system.cpp:134:52:\x1b[m\x1b[K   required from here\n'}
[7.294526] (gim_arm_hardware) StderrLine: {'line': b'\x1b[01m\x1b[K/usr/include/boost/variant/variant.hpp:2359:41:\x1b[m\x1b[K \x1b[01;31m\x1b[Kerror: \x1b[m\x1b[Kusing invalid field \xe2\x80\x98\x1b[01m\x1b[Kboost::variant<T0, TN>::storage_\x1b[m\x1b[K\xe2\x80\x99\n'}
[7.294602] (gim_arm_hardware) StderrLine: {'line': b'In file included from \x1b[01m\x1b[K/usr/include/boost/optional/optional.hpp:33\x1b[m\x1b[K,\n'}
[7.294667] (gim_arm_hardware) StderrLine: {'line': b'                 from \x1b[01m\x1b[K/usr/include/boost/optional.hpp:15\x1b[m\x1b[K,\n'}
[7.294728] (gim_arm_hardware) StderrLine: {'line': b'                 from \x1b[01m\x1b[K/opt/ros/humble/include/pinocchio/parsers/urdf.hpp:16\x1b[m\x1b[K,\n'}
[7.294788] (gim_arm_hardware) StderrLine: {'line': b'                 from \x1b[01m\x1b[K/home/minh/gim60108_ws/src/gim_arm_hardware/include/gim_arm_hardware/gim_arm_system.hpp:17\x1b[m\x1b[K,\n'}
[7.294849] (gim_arm_hardware) StderrLine: {'line': b'                 from \x1b[01m\x1b[K/home/minh/gim60108_ws/src/gim_arm_hardware/src/gim_arm_system.cpp:1\x1b[m\x1b[K:\n'}
[7.295081] (gim_arm_hardware) StderrLine: {'line': b'/usr/include/boost/variant/get.hpp: In instantiation of \xe2\x80\x98\x1b[01m\x1b[Ktypename boost::add_pointer<const U>::type boost::strict_get(const boost::variant<T0, TN ...>*) [with U = pinocchio::JointModelMimicTpl<double>; T0 = pinocchio::JointModelRevoluteTpl<double, 0, 0>; TN = {pinocchio::JointModelRevoluteTpl<double, 0, 1>, pinocchio::JointModelRevoluteTpl<double, 0, 2>, pinocchio::JointModelFreeFlyerTpl<double, 0>, pinocchio::JointModelPlanarTpl<double, 0>, pinocchio::JointModelRevoluteUnalignedTpl<double, 0>, pinocchio::JointModelSphericalTpl<double, 0>, pinocchio::JointModelSphericalZYXTpl<double, 0>, pinocchio::JointModelEllipsoidTpl<double, 0>, pinocchio::JointModelPrismaticTpl<double, 0, 0>, pinocchio::JointModelPrismaticTpl<double, 0, 1>, pinocchio::JointModelPrismaticTpl<double, 0, 2>, pinocchio::JointModelPrismaticUnalignedTpl<double, 0>, pinocchio::JointModelTranslationTpl<double, 0>, pinocchio::JointModelRevoluteUnboundedTpl<double, 0, 0>, pinocchio::JointModelRevoluteUnboundedTpl<double, 0, 1>, pinocchio::JointModelRevoluteUnboundedTpl<double, 0, 2>, pinocchio::JointModelRevoluteUnboundedUnalignedTpl<double, 0>, pinocchio::JointModelHelicalTpl<double, 0, 0>, pinocchio::JointModelHelicalTpl<double, 0, 1>, pinocchio::JointModelHelicalTpl<double, 0, 2>, pinocchio::JointModelHelicalUnalignedTpl<double, 0>, pinocchio::JointModelUniversalTpl<double, 0>, boost::recursive_wrapper<pinocchio::JointModelCompositeTpl<double, 0, pinocchio::JointCollectionDefaultTpl> >, boost::recursive_wrapper<pinocchio::JointModelMimicTpl<double, 0, pinocchio::JointCollectionDefaultTpl> >}; typename boost::add_pointer<const U>::type = const pinocchio::JointModelMimicTpl<double>*]\x1b[m\x1b[K\xe2\x80\x99:\n'}
[7.295217] (gim_arm_hardware) StderrLine: {'line': b'\x1b[01m\x1b[K/usr/include/boost/variant/get.hpp:335:25:\x1b[m\x1b[K   required from \xe2\x80\x98\x1b[01m\x1b[Ktypename boost::add_pointer<const U>::type boost::get(const boost::variant<T0, TN ...>*) [with U = pinocchio::JointModelMimicTpl<double>; T0 = pinocchio::JointModelRevoluteTpl<double, 0, 0>; TN = {pinocchio::JointModelRevoluteTpl<double, 0, 1>, pinocchio::JointModelRevoluteTpl<double, 0, 2>, pinocchio::JointModelFreeFlyerTpl<double, 0>, pinocchio::JointModelPlanarTpl<double, 0>, pinocchio::JointModelRevoluteUnalignedTpl<double, 0>, pinocchio::JointModelSphericalTpl<double, 0>, pinocchio::JointModelSphericalZYXTpl<double, 0>, pinocchio::JointModelEllipsoidTpl<double, 0>, pinocchio::JointModelPrismaticTpl<double, 0, 0>, pinocchio::JointModelPrismaticTpl<double, 0, 1>, pinocchio::JointModelPrismaticTpl<double, 0, 2>, pinocchio::JointModelPrismaticUnalignedTpl<double, 0>, pinocchio::JointModelTranslationTpl<double, 0>, pinocchio::JointModelRevoluteUnboundedTpl<double, 0, 0>, pinocchio::JointModelRevoluteUnboundedTpl<double, 0, 1>, pinocchio::JointModelRevoluteUnboundedTpl<double, 0, 2>, pinocchio::JointModelRevoluteUnboundedUnalignedTpl<double, 0>, pinocchio::JointModelHelicalTpl<double, 0, 0>, pinocchio::JointModelHelicalTpl<double, 0, 1>, pinocchio::JointModelHelicalTpl<double, 0, 2>, pinocchio::JointModelHelicalUnalignedTpl<double, 0>, pinocchio::JointModelUniversalTpl<double, 0>, boost::recursive_wrapper<pinocchio::JointModelCompositeTpl<double, 0, pinocchio::JointCollectionDefaultTpl> >, boost::recursive_wrapper<pinocchio::JointModelMimicTpl<double, 0, pinocchio::JointCollectionDefaultTpl> >}; typename boost::add_pointer<const U>::type = const pinocchio::JointModelMimicTpl<double>*]\x1b[m\x1b[K\xe2\x80\x99\n'}
[7.295279] (gim_arm_hardware) StderrLine: {'line': b'\x1b[01m\x1b[K/opt/ros/humble/include/pinocchio/src/algorithm/check-data.hxx:135:80:\x1b[m\x1b[K   required from \xe2\x80\x98\x1b[01m\x1b[Kbool pinocchio::checkData(const pinocchio::ModelTpl<Scalar, Options, JointCollectionTpl>&, const pinocchio::DataTpl<Scalar, Options, JointCollectionTpl>&) [with Scalar = double; int Options = 0; JointCollectionTpl = pinocchio::JointCollectionDefaultTpl]\x1b[m\x1b[K\xe2\x80\x99\n'}
[7.295308] (gim_arm_hardware) StderrLine: {'line': b'\x1b[01m\x1b[K/opt/ros/humble/include/pinocchio/src/multibody/model.hxx:1545:21:\x1b[m\x1b[K   required from \xe2\x80\x98\x1b[01m\x1b[Kbool pinocchio::ModelTpl<_Scalar, _Options, JointCollectionTpl>::check(const Data&) const [with _Scalar = double; int _Options = 0; JointCollectionTpl = pinocchio::JointCollectionDefaultTpl; pinocchio::ModelTpl<_Scalar, _Options, JointCollectionTpl>::Data = pinocchio::DataTpl<double, 0>]\x1b[m\x1b[K\xe2\x80\x99\n'}
[7.295336] (gim_arm_hardware) StderrLine: {'line': b'\x1b[01m\x1b[K/opt/ros/humble/include/pinocchio/src/algorithm/rnea.hxx:418:7:\x1b[m\x1b[K   required from \xe2\x80\x98\x1b[01m\x1b[Kconst typename pinocchio::DataTpl<_Scalar, _Options, JointCollectionTpl>::TangentVectorType& pinocchio::impl::computeGeneralizedGravity(const pinocchio::ModelTpl<Scalar, Options, JointCollectionTpl>&, pinocchio::DataTpl<Scalar, Options, JointCollectionTpl>&, const Eigen::MatrixBase<Res>&) [with Scalar = double; int Options = 0; JointCollectionTpl = pinocchio::JointCollectionDefaultTpl; ConfigVectorType = Eigen::Ref<const Eigen::Matrix<double, -1, 1> >; typename pinocchio::DataTpl<_Scalar, _Options, JointCollectionTpl>::TangentVectorType = Eigen::Matrix<double, -1, 1>]\x1b[m\x1b[K\xe2\x80\x99\n'}
[7.295367] (gim_arm_hardware) StderrLine: {'line': b'\x1b[01m\x1b[K/opt/ros/humble/include/pinocchio/src/algorithm/rnea.hxx:822:43:\x1b[m\x1b[K   required from \xe2\x80\x98\x1b[01m\x1b[Kconst typename pinocchio::DataTpl<_Scalar, _Options, JointCollectionTpl>::TangentVectorType& pinocchio::computeGeneralizedGravity(const pinocchio::ModelTpl<Scalar, Options, JointCollectionTpl>&, pinocchio::DataTpl<Scalar, Options, JointCollectionTpl>&, const Eigen::MatrixBase<Res>&) [with Scalar = double; int Options = 0; JointCollectionTpl = pinocchio::JointCollectionDefaultTpl; ConfigVectorType = Eigen::Matrix<double, -1, 1>; typename pinocchio::DataTpl<_Scalar, _Options, JointCollectionTpl>::TangentVectorType = Eigen::Matrix<double, -1, 1>]\x1b[m\x1b[K\xe2\x80\x99\n'}
[7.295393] (gim_arm_hardware) StderrLine: {'line': b'\x1b[01m\x1b[K/home/minh/gim60108_ws/src/gim_arm_hardware/src/gim_arm_system.cpp:380:47:\x1b[m\x1b[K   required from here\n'}
[7.295518] (gim_arm_hardware) StderrLine: {'line': b'\x1b[01m\x1b[K/usr/include/boost/variant/get.hpp:237:5:\x1b[m\x1b[K \x1b[01;31m\x1b[Kerror: \x1b[m\x1b[K\xe2\x80\x98\x1b[01m\x1b[Kvalue\x1b[m\x1b[K\xe2\x80\x99 is not a member of \xe2\x80\x98\x1b[01m\x1b[Kboost::detail::variant::holds_element<boost::variant<pinocchio::JointModelRevoluteTpl<double, 0, 0>, pinocchio::JointModelRevoluteTpl<double, 0, 1>, pinocchio::JointModelRevoluteTpl<double, 0, 2>, pinocchio::JointModelFreeFlyerTpl<double, 0>, pinocchio::JointModelPlanarTpl<double, 0>, pinocchio::JointModelRevoluteUnalignedTpl<double, 0>, pinocchio::JointModelSphericalTpl<double, 0>, pinocchio::JointModelSphericalZYXTpl<double, 0>, pinocchio::JointModelEllipsoidTpl<double, 0>, pinocchio::JointModelPrismaticTpl<double, 0, 0>, pinocchio::JointModelPrismaticTpl<double, 0, 1>, pinocchio::JointModelPrismaticTpl<double, 0, 2>, pinocchio::JointModelPrismaticUnalignedTpl<double, 0>, pinocchio::JointModelTranslationTpl<double, 0>, pinocchio::JointModelRevoluteUnboundedTpl<double, 0, 0>, pinocchio::JointModelRevoluteUnboundedTpl<double, 0, 1>, pinocchio::JointModelRevoluteUnboundedTpl<double, 0, 2>, pinocchio::JointModelRevoluteUnboundedUnalignedTpl<double, 0>, pinocchio::JointModelHelicalTpl<double, 0, 0>, pinocchio::JointModelHelicalTpl<double, 0, 1>, pinocchio::JointModelHelicalTpl<double, 0, 2>, pinocchio::JointModelHelicalUnalignedTpl<double, 0>, pinocchio::JointModelUniversalTpl<double, 0>, boost::recursive_wrapper<pinocchio::JointModelCompositeTpl<double, 0, pinocchio::JointCollectionDefaultTpl> >, boost::recursive_wrapper<pinocchio::JointModelMimicTpl<double, 0, pinocchio::JointCollectionDefaultTpl> > >, const pinocchio::JointModelMimicTpl<double> >\x1b[m\x1b[K\xe2\x80\x99\n'}
[7.295579] (gim_arm_hardware) StderrLine: {'line': b'  237 |     \x1b[01;31m\x1b[KBOOST_STATIC_ASSERT_MSG\x1b[m\x1b[K(\n'}
[7.295611] (gim_arm_hardware) StderrLine: {'line': b'      |     \x1b[01;31m\x1b[K^~~~~~~~~~~~~~~~~~~~~~~\x1b[m\x1b[K\n'}
[7.295639] (gim_arm_hardware) StderrLine: {'line': b'In file included from \x1b[01m\x1b[K/usr/include/boost/variant.hpp:17\x1b[m\x1b[K,\n'}
[7.295665] (gim_arm_hardware) StderrLine: {'line': b'                 from \x1b[01m\x1b[K/opt/ros/humble/include/pinocchio/multibody.hpp:21\x1b[m\x1b[K,\n'}
[7.295691] (gim_arm_hardware) StderrLine: {'line': b'                 from \x1b[01m\x1b[K/opt/ros/humble/include/pinocchio/parsers/urdf.hpp:27\x1b[m\x1b[K,\n'}
[7.295714] (gim_arm_hardware) StderrLine: {'line': b'                 from \x1b[01m\x1b[K/home/minh/gim60108_ws/src/gim_arm_hardware/include/gim_arm_hardware/gim_arm_system.hpp:17\x1b[m\x1b[K,\n'}
[7.295740] (gim_arm_hardware) StderrLine: {'line': b'                 from \x1b[01m\x1b[K/home/minh/gim60108_ws/src/gim_arm_hardware/src/gim_arm_system.cpp:1\x1b[m\x1b[K:\n'}
[7.295765] (gim_arm_hardware) StderrLine: {'line': b'/usr/include/boost/variant/variant.hpp: In instantiation of \xe2\x80\x98\x1b[01m\x1b[Ktypename Visitor::result_type boost::variant<T0, TN>::internal_apply_visitor(Visitor&) const [with Visitor = boost::detail::variant::invoke_visitor<pinocchio::fusion::JointUnaryVisitorBase<pinocchio::impl::ComputeGeneralizedGravityForwardStep<double, 0, pinocchio::JointCollectionDefaultTpl, Eigen::Ref<const Eigen::Matrix<double, -1, 1> > >, void>::InternalVisitorModelAndData<pinocchio::JointModelTpl<double>, pinocchio::JointDataTpl<double>, boost::fusion::vector<const pinocchio::ModelTpl<double, 0, pinocchio::JointCollectionDefaultTpl>&, pinocchio::DataTpl<double, 0, pinocchio::JointCollectionDefaultTpl>&, const Eigen::Ref<const Eigen::Matrix<double, -1, 1, 0, -1, 1>, 0, Eigen::InnerStride<1> >&> >, false>; T0_ = pinocchio::JointModelRevoluteTpl<double, 0, 0>; TN = {pinocchio::JointModelRevoluteTpl<double, 0, 1>, pinocchio::JointModelRevoluteTpl<double, 0, 2>, pinocchio::JointModelFreeFlyerTpl<double, 0>, pinocchio::JointModelPlanarTpl<double, 0>, pinocchio::JointModelRevoluteUnalignedTpl<double, 0>, pinocchio::JointModelSphericalTpl<double, 0>, pinocchio::JointModelSphericalZYXTpl<double, 0>, pinocchio::JointModelEllipsoidTpl<double, 0>, pinocchio::JointModelPrismaticTpl<double, 0, 0>, pinocchio::JointModelPrismaticTpl<double, 0, 1>, pinocchio::JointModelPrismaticTpl<double, 0, 2>, pinocchio::JointModelPrismaticUnalignedTpl<double, 0>, pinocchio::JointModelTranslationTpl<double, 0>, pinocchio::JointModelRevoluteUnboundedTpl<double, 0, 0>, pinocchio::JointModelRevoluteUnboundedTpl<double, 0, 1>, pinocchio::JointModelRevoluteUnboundedTpl<double, 0, 2>, pinocchio::JointModelRevoluteUnboundedUnalignedTpl<double, 0>, pinocchio::JointModelHelicalTpl<double, 0, 0>, pinocchio::JointModelHelicalTpl<double, 0, 1>, pinocchio::JointModelHelicalTpl<double, 0, 2>, pinocchio::JointModelHelicalUnalignedTpl<double, 0>, pinocchio::JointModelUniversalTpl<double, 0>, boost::recursive_wrapper<pinocchio::JointModelCompositeTpl<double, 0, pinocchio::JointCollectionDefaultTpl> >, boost::recursive_wrapper<pinocchio::JointModelMimicTpl<double, 0, pinocchio::JointCollectionDefaultTpl> >}; typename Visitor::result_type = void]\x1b[m\x1b[K\xe2\x80\x99:\n'}
[7.295807] (gim_arm_hardware) StderrLine: {'line': b'\x1b[01m\x1b[K/usr/include/boost/variant/variant.hpp:2404:44:\x1b[m\x1b[K   required from \xe2\x80\x98\x1b[01m\x1b[Ktypename Visitor::result_type boost::variant<T0, TN>::apply_visitor(Visitor&) const & [with Visitor = pinocchio::fusion::JointUnaryVisitorBase<pinocchio::impl::ComputeGeneralizedGravityForwardStep<double, 0, pinocchio::JointCollectionDefaultTpl, Eigen::Ref<const Eigen::Matrix<double, -1, 1> > >, void>::InternalVisitorModelAndData<pinocchio::JointModelTpl<double>, pinocchio::JointDataTpl<double>, boost::fusion::vector<const pinocchio::ModelTpl<double, 0, pinocchio::JointCollectionDefaultTpl>&, pinocchio::DataTpl<double, 0, pinocchio::JointCollectionDefaultTpl>&, const Eigen::Ref<const Eigen::Matrix<double, -1, 1, 0, -1, 1>, 0, Eigen::InnerStride<1> >&> >; T0_ = pinocchio::JointModelRevoluteTpl<double, 0, 0>; TN = {pinocchio::JointModelRevoluteTpl<double, 0, 1>, pinocchio::JointModelRevoluteTpl<double, 0, 2>, pinocchio::JointModelFreeFlyerTpl<double, 0>, pinocchio::JointModelPlanarTpl<double, 0>, pinocchio::JointModelRevoluteUnalignedTpl<double, 0>, pinocchio::JointModelSphericalTpl<double, 0>, pinocchio::JointModelSphericalZYXTpl<double, 0>, pinocchio::JointModelEllipsoidTpl<double, 0>, pinocchio::JointModelPrismaticTpl<double, 0, 0>, pinocchio::JointModelPrismaticTpl<double, 0, 1>, pinocchio::JointModelPrismaticTpl<double, 0, 2>, pinocchio::JointModelPrismaticUnalignedTpl<double, 0>, pinocchio::JointModelTranslationTpl<double, 0>, pinocchio::JointModelRevoluteUnboundedTpl<double, 0, 0>, pinocchio::JointModelRevoluteUnboundedTpl<double, 0, 1>, pinocchio::JointModelRevoluteUnboundedTpl<double, 0, 2>, pinocchio::JointModelRevoluteUnboundedUnalignedTpl<double, 0>, pinocchio::JointModelHelicalTpl<double, 0, 0>, pinocchio::JointModelHelicalTpl<double, 0, 1>, pinocchio::JointModelHelicalTpl<double, 0, 2>, pinocchio::JointModelHelicalUnalignedTpl<double, 0>, pinocchio::JointModelUniversalTpl<double, 0>, boost::recursive_wrapper<pinocchio::JointModelCompositeTpl<double, 0, pinocchio::JointCollectionDefaultTpl> >, boost::recursive_wrapper<pinocchio::JointModelMimicTpl<double, 0, pinocchio::JointCollectionDefaultTpl> >}; typename Visitor::result_type = void]\x1b[m\x1b[K\xe2\x80\x99\n'}
[7.295850] (gim_arm_hardware) StderrLine: {'line': b'\x1b[01m\x1b[K/usr/include/boost/variant/detail/apply_visitor_unary.hpp:48:64:\x1b[m\x1b[K   required from \xe2\x80\x98\x1b[01m\x1b[Ktypename Visitor::result_type boost::apply_visitor(Visitor&, Visitable&&) [with Visitor = pinocchio::fusion::JointUnaryVisitorBase<pinocchio::impl::ComputeGeneralizedGravityForwardStep<double, 0, pinocchio::JointCollectionDefaultTpl, Eigen::Ref<const Eigen::Matrix<double, -1, 1> > >, void>::InternalVisitorModelAndData<pinocchio::JointModelTpl<double>, pinocchio::JointDataTpl<double>, boost::fusion::vector<const pinocchio::ModelTpl<double, 0, pinocchio::JointCollectionDefaultTpl>&, pinocchio::DataTpl<double, 0, pinocchio::JointCollectionDefaultTpl>&, const Eigen::Ref<const Eigen::Matrix<double, -1, 1, 0, -1, 1>, 0, Eigen::InnerStride<1> >&> >; Visitable = const pinocchio::JointModelTpl<double>&; typename Visitor::result_type = void]\x1b[m\x1b[K\xe2\x80\x99\n'}
[7.295880] (gim_arm_hardware) StderrLine: {'line': b'\x1b[01m\x1b[K/opt/ros/humble/include/pinocchio/src/multibody/visitor/joint-unary-visitor.hxx:58:36:\x1b[m\x1b[K   required from \xe2\x80\x98\x1b[01m\x1b[Kstatic ReturnType pinocchio::fusion::JointUnaryVisitorBase<JointVisitorDerived, ReturnType>::run(const pinocchio::JointModelTpl<Scalar, Options, JointCollectionTpl>&, pinocchio::JointDataTpl<Scalar, Options, JointCollectionTpl>&, ArgsTmp) [with Scalar = double; int Options = 0; JointCollectionTpl = pinocchio::JointCollectionDefaultTpl; ArgsTmp = boost::fusion::vector<const pinocchio::ModelTpl<double, 0, pinocchio::JointCollectionDefaultTpl>&, pinocchio::DataTpl<double, 0, pinocchio::JointCollectionDefaultTpl>&, const Eigen::Ref<const Eigen::Matrix<double, -1, 1, 0, -1, 1>, 0, Eigen::InnerStride<1> >&>; JointVisitorDerived = pinocchio::impl::ComputeGeneralizedGravityForwardStep<double, 0, pinocchio::JointCollectionDefaultTpl, Eigen::Ref<const Eigen::Matrix<double, -1, 1> > >; ReturnType = void]\x1b[m\x1b[K\xe2\x80\x99\n'}
[7.295914] (gim_arm_hardware) StderrLine: {'line': b'\x1b[01m\x1b[K/opt/ros/humble/include/pinocchio/src/algorithm/rnea.hxx:435:19:\x1b[m\x1b[K   required from \xe2\x80\x98\x1b[01m\x1b[Kconst typename pinocchio::DataTpl<_Scalar, _Options, JointCollectionTpl>::TangentVectorType& pinocchio::impl::computeGeneralizedGravity(const pinocchio::ModelTpl<Scalar, Options, JointCollectionTpl>&, pinocchio::DataTpl<Scalar, Options, JointCollectionTpl>&, const Eigen::MatrixBase<Res>&) [with Scalar = double; int Options = 0; JointCollectionTpl = pinocchio::JointCollectionDefaultTpl; ConfigVectorType = Eigen::Ref<const Eigen::Matrix<double, -1, 1> >; typename pinocchio::DataTpl<_Scalar, _Options, JointCollectionTpl>::TangentVectorType = Eigen::Matrix<double, -1, 1>]\x1b[m\x1b[K\xe2\x80\x99\n'}
[7.295941] (gim_arm_hardware) StderrLine: {'line': b'\x1b[01m\x1b[K/opt/ros/humble/include/pinocchio/src/algorithm/rnea.hxx:822:43:\x1b[m\x1b[K   required from \xe2\x80\x98\x1b[01m\x1b[Kconst typename pinocchio::DataTpl<_Scalar, _Options, JointCollectionTpl>::TangentVectorType& pinocchio::computeGeneralizedGravity(const pinocchio::ModelTpl<Scalar, Options, JointCollectionTpl>&, pinocchio::DataTpl<Scalar, Options, JointCollectionTpl>&, const Eigen::MatrixBase<Res>&) [with Scalar = double; int Options = 0; JointCollectionTpl = pinocchio::JointCollectionDefaultTpl; ConfigVectorType = Eigen::Matrix<double, -1, 1>; typename pinocchio::DataTpl<_Scalar, _Options, JointCollectionTpl>::TangentVectorType = Eigen::Matrix<double, -1, 1>]\x1b[m\x1b[K\xe2\x80\x99\n'}
[7.295969] (gim_arm_hardware) StderrLine: {'line': b'\x1b[01m\x1b[K/home/minh/gim60108_ws/src/gim_arm_hardware/src/gim_arm_system.cpp:380:47:\x1b[m\x1b[K   required from here\n'}
[7.295993] (gim_arm_hardware) StderrLine: {'line': b'\x1b[01m\x1b[K/usr/include/boost/variant/variant.hpp:2359:41:\x1b[m\x1b[K \x1b[01;31m\x1b[Kerror: \x1b[m\x1b[Kusing invalid field \xe2\x80\x98\x1b[01m\x1b[Kboost::variant<T0, TN>::storage_\x1b[m\x1b[K\xe2\x80\x99\n'}
[7.296018] (gim_arm_hardware) StderrLine: {'line': b' 2359 |               which_, which(), visitor, \x1b[01;31m\x1b[Kstorage_\x1b[m\x1b[K.address()\n'}
[7.296041] (gim_arm_hardware) StderrLine: {'line': b'      |                                         \x1b[01;31m\x1b[K^~~~~~~~\x1b[m\x1b[K\n'}
[7.296065] (gim_arm_hardware) StderrLine: {'line': b'/usr/include/boost/variant/variant.hpp: In instantiation of \xe2\x80\x98\x1b[01m\x1b[Ktypename Visitor::result_type boost::variant<T0, TN>::internal_apply_visitor(Visitor&) const [with Visitor = boost::detail::variant::invoke_visitor<pinocchio::fusion::JointUnaryVisitorBase<pinocchio::impl::ComputeGeneralizedGravityBackwardStep<double, 0, pinocchio::JointCollectionDefaultTpl>, void>::InternalVisitorModelAndData<pinocchio::JointModelTpl<double>, pinocchio::JointDataTpl<double>, boost::fusion::vector<const pinocchio::ModelTpl<double, 0, pinocchio::JointCollectionDefaultTpl>&, pinocchio::DataTpl<double, 0, pinocchio::JointCollectionDefaultTpl>&, Eigen::Matrix<double, -1, 1, 0, -1, 1>&> >, false>; T0_ = pinocchio::JointModelRevoluteTpl<double, 0, 0>; TN = {pinocchio::JointModelRevoluteTpl<double, 0, 1>, pinocchio::JointModelRevoluteTpl<double, 0, 2>, pinocchio::JointModelFreeFlyerTpl<double, 0>, pinocchio::JointModelPlanarTpl<double, 0>, pinocchio::JointModelRevoluteUnalignedTpl<double, 0>, pinocchio::JointModelSphericalTpl<double, 0>, pinocchio::JointModelSphericalZYXTpl<double, 0>, pinocchio::JointModelEllipsoidTpl<double, 0>, pinocchio::JointModelPrismaticTpl<double, 0, 0>, pinocchio::JointModelPrismaticTpl<double, 0, 1>, pinocchio::JointModelPrismaticTpl<double, 0, 2>, pinocchio::JointModelPrismaticUnalignedTpl<double, 0>, pinocchio::JointModelTranslationTpl<double, 0>, pinocchio::JointModelRevoluteUnboundedTpl<double, 0, 0>, pinocchio::JointModelRevoluteUnboundedTpl<double, 0, 1>, pinocchio::JointModelRevoluteUnboundedTpl<double, 0, 2>, pinocchio::JointModelRevoluteUnboundedUnalignedTpl<double, 0>, pinocchio::JointModelHelicalTpl<double, 0, 0>, pinocchio::JointModelHelicalTpl<double, 0, 1>, pinocchio::JointModelHelicalTpl<double, 0, 2>, pinocchio::JointModelHelicalUnalignedTpl<double, 0>, pinocchio::JointModelUniversalTpl<double, 0>, boost::recursive_wrapper<pinocchio::JointModelCompositeTpl<double, 0, pinocchio::JointCollectionDefaultTpl> >, boost::recursive_wrapper<pinocchio::JointModelMimicTpl<double, 0, pinocchio::JointCollectionDefaultTpl> >}; typename Visitor::result_type = void]\x1b[m\x1b[K\xe2\x80\x99:\n'}
[7.296103] (gim_arm_hardware) StderrLine: {'line': b'\x1b[01m\x1b[K/usr/include/boost/variant/variant.hpp:2404:44:\x1b[m\x1b[K   required from \xe2\x80\x98\x1b[01m\x1b[Ktypename Visitor::result_type boost::variant<T0, TN>::apply_visitor(Visitor&) const & [with Visitor = pinocchio::fusion::JointUnaryVisitorBase<pinocchio::impl::ComputeGeneralizedGravityBackwardStep<double, 0, pinocchio::JointCollectionDefaultTpl>, void>::InternalVisitorModelAndData<pinocchio::JointModelTpl<double>, pinocchio::JointDataTpl<double>, boost::fusion::vector<const pinocchio::ModelTpl<double, 0, pinocchio::JointCollectionDefaultTpl>&, pinocchio::DataTpl<double, 0, pinocchio::JointCollectionDefaultTpl>&, Eigen::Matrix<double, -1, 1, 0, -1, 1>&> >; T0_ = pinocchio::JointModelRevoluteTpl<double, 0, 0>; TN = {pinocchio::JointModelRevoluteTpl<double, 0, 1>, pinocchio::JointModelRevoluteTpl<double, 0, 2>, pinocchio::JointModelFreeFlyerTpl<double, 0>, pinocchio::JointModelPlanarTpl<double, 0>, pinocchio::JointModelRevoluteUnalignedTpl<double, 0>, pinocchio::JointModelSphericalTpl<double, 0>, pinocchio::JointModelSphericalZYXTpl<double, 0>, pinocchio::JointModelEllipsoidTpl<double, 0>, pinocchio::JointModelPrismaticTpl<double, 0, 0>, pinocchio::JointModelPrismaticTpl<double, 0, 1>, pinocchio::JointModelPrismaticTpl<double, 0, 2>, pinocchio::JointModelPrismaticUnalignedTpl<double, 0>, pinocchio::JointModelTranslationTpl<double, 0>, pinocchio::JointModelRevoluteUnboundedTpl<double, 0, 0>, pinocchio::JointModelRevoluteUnboundedTpl<double, 0, 1>, pinocchio::JointModelRevoluteUnboundedTpl<double, 0, 2>, pinocchio::JointModelRevoluteUnboundedUnalignedTpl<double, 0>, pinocchio::JointModelHelicalTpl<double, 0, 0>, pinocchio::JointModelHelicalTpl<double, 0, 1>, pinocchio::JointModelHelicalTpl<double, 0, 2>, pinocchio::JointModelHelicalUnalignedTpl<double, 0>, pinocchio::JointModelUniversalTpl<double, 0>, boost::recursive_wrapper<pinocchio::JointModelCompositeTpl<double, 0, pinocchio::JointCollectionDefaultTpl> >, boost::recursive_wrapper<pinocchio::JointModelMimicTpl<double, 0, pinocchio::JointCollectionDefaultTpl> >}; typename Visitor::result_type = void]\x1b[m\x1b[K\xe2\x80\x99\n'}
[7.296140] (gim_arm_hardware) StderrLine: {'line': b'\x1b[01m\x1b[K/usr/include/boost/variant/detail/apply_visitor_unary.hpp:48:64:\x1b[m\x1b[K   required from \xe2\x80\x98\x1b[01m\x1b[Ktypename Visitor::result_type boost::apply_visitor(Visitor&, Visitable&&) [with Visitor = pinocchio::fusion::JointUnaryVisitorBase<pinocchio::impl::ComputeGeneralizedGravityBackwardStep<double, 0, pinocchio::JointCollectionDefaultTpl>, void>::InternalVisitorModelAndData<pinocchio::JointModelTpl<double>, pinocchio::JointDataTpl<double>, boost::fusion::vector<const pinocchio::ModelTpl<double, 0, pinocchio::JointCollectionDefaultTpl>&, pinocchio::DataTpl<double, 0, pinocchio::JointCollectionDefaultTpl>&, Eigen::Matrix<double, -1, 1, 0, -1, 1>&> >; Visitable = const pinocchio::JointModelTpl<double>&; typename Visitor::result_type = void]\x1b[m\x1b[K\xe2\x80\x99\n'}
[7.296170] (gim_arm_hardware) StderrLine: {'line': b'\x1b[01m\x1b[K/opt/ros/humble/include/pinocchio/src/multibody/visitor/joint-unary-visitor.hxx:58:36:\x1b[m\x1b[K   required from \xe2\x80\x98\x1b[01m\x1b[Kstatic ReturnType pinocchio::fusion::JointUnaryVisitorBase<JointVisitorDerived, ReturnType>::run(const pinocchio::JointModelTpl<Scalar, Options, JointCollectionTpl>&, pinocchio::JointDataTpl<Scalar, Options, JointCollectionTpl>&, ArgsTmp) [with Scalar = double; int Options = 0; JointCollectionTpl = pinocchio::JointCollectionDefaultTpl; ArgsTmp = boost::fusion::vector<const pinocchio::ModelTpl<double, 0, pinocchio::JointCollectionDefaultTpl>&, pinocchio::DataTpl<double, 0, pinocchio::JointCollectionDefaultTpl>&, Eigen::Matrix<double, -1, 1, 0, -1, 1>&>; JointVisitorDerived = pinocchio::impl::ComputeGeneralizedGravityBackwardStep<double, 0, pinocchio::JointCollectionDefaultTpl>; ReturnType = void]\x1b[m\x1b[K\xe2\x80\x99\n'}
[7.296201] (gim_arm_hardware) StderrLine: {'line': b'\x1b[01m\x1b[K/opt/ros/humble/include/pinocchio/src/algorithm/rnea.hxx:443:19:\x1b[m\x1b[K   required from \xe2\x80\x98\x1b[01m\x1b[Kconst typename pinocchio::DataTpl<_Scalar, _Options, JointCollectionTpl>::TangentVectorType& pinocchio::impl::computeGeneralizedGravity(const pinocchio::ModelTpl<Scalar, Options, JointCollectionTpl>&, pinocchio::DataTpl<Scalar, Options, JointCollectionTpl>&, const Eigen::MatrixBase<Res>&) [with Scalar = double; int Options = 0; JointCollectionTpl = pinocchio::JointCollectionDefaultTpl; ConfigVectorType = Eigen::Ref<const Eigen::Matrix<double, -1, 1> >; typename pinocchio::DataTpl<_Scalar, _Options, JointCollectionTpl>::TangentVectorType = Eigen::Matrix<double, -1, 1>]\x1b[m\x1b[K\xe2\x80\x99\n'}
[7.296230] (gim_arm_hardware) StderrLine: {'line': b'\x1b[01m\x1b[K/opt/ros/humble/include/pinocchio/src/algorithm/rnea.hxx:822:43:\x1b[m\x1b[K   required from \xe2\x80\x98\x1b[01m\x1b[Kconst typename pinocchio::DataTpl<_Scalar, _Options, JointCollectionTpl>::TangentVectorType& pinocchio::computeGeneralizedGravity(const pinocchio::ModelTpl<Scalar, Options, JointCollectionTpl>&, pinocchio::DataTpl<Scalar, Options, JointCollectionTpl>&, const Eigen::MatrixBase<Res>&) [with Scalar = double; int Options = 0; JointCollectionTpl = pinocchio::JointCollectionDefaultTpl; ConfigVectorType = Eigen::Matrix<double, -1, 1>; typename pinocchio::DataTpl<_Scalar, _Options, JointCollectionTpl>::TangentVectorType = Eigen::Matrix<double, -1, 1>]\x1b[m\x1b[K\xe2\x80\x99\n'}
[7.296256] (gim_arm_hardware) StderrLine: {'line': b'\x1b[01m\x1b[K/home/minh/gim60108_ws/src/gim_arm_hardware/src/gim_arm_system.cpp:380:47:\x1b[m\x1b[K   required from here\n'}
[7.296280] (gim_arm_hardware) StderrLine: {'line': b'\x1b[01m\x1b[K/usr/include/boost/variant/variant.hpp:2359:41:\x1b[m\x1b[K \x1b[01;31m\x1b[Kerror: \x1b[m\x1b[Kusing invalid field \xe2\x80\x98\x1b[01m\x1b[Kboost::variant<T0, TN>::storage_\x1b[m\x1b[K\xe2\x80\x99\n'}
[7.310488] (gim_arm_hardware) StderrLine: {'line': b'/usr/include/boost/variant/variant.hpp: In instantiation of \xe2\x80\x98\x1b[01m\x1b[Ktypename Visitor::result_type boost::variant<T0, TN>::internal_apply_visitor(Visitor&) [with Visitor = boost::detail::variant::invoke_visitor<const pinocchio::JointSetIndexesVisitor, false>; T0_ = pinocchio::JointModelRevoluteTpl<double, 0, 0>; TN = {pinocchio::JointModelRevoluteTpl<double, 0, 1>, pinocchio::JointModelRevoluteTpl<double, 0, 2>, pinocchio::JointModelFreeFlyerTpl<double, 0>, pinocchio::JointModelPlanarTpl<double, 0>, pinocchio::JointModelRevoluteUnalignedTpl<double, 0>, pinocchio::JointModelSphericalTpl<double, 0>, pinocchio::JointModelSphericalZYXTpl<double, 0>, pinocchio::JointModelEllipsoidTpl<double, 0>, pinocchio::JointModelPrismaticTpl<double, 0, 0>, pinocchio::JointModelPrismaticTpl<double, 0, 1>, pinocchio::JointModelPrismaticTpl<double, 0, 2>, pinocchio::JointModelPrismaticUnalignedTpl<double, 0>, pinocchio::JointModelTranslationTpl<double, 0>, pinocchio::JointModelRevoluteUnboundedTpl<double, 0, 0>, pinocchio::JointModelRevoluteUnboundedTpl<double, 0, 1>, pinocchio::JointModelRevoluteUnboundedTpl<double, 0, 2>, pinocchio::JointModelRevoluteUnboundedUnalignedTpl<double, 0>, pinocchio::JointModelHelicalTpl<double, 0, 0>, pinocchio::JointModelHelicalTpl<double, 0, 1>, pinocchio::JointModelHelicalTpl<double, 0, 2>, pinocchio::JointModelHelicalUnalignedTpl<double, 0>, pinocchio::JointModelUniversalTpl<double, 0>, boost::recursive_wrapper<pinocchio::JointModelCompositeTpl<double, 0, pinocchio::JointCollectionDefaultTpl> >, boost::recursive_wrapper<pinocchio::JointModelMimicTpl<double, 0, pinocchio::JointCollectionDefaultTpl> >}; typename Visitor::result_type = void]\x1b[m\x1b[K\xe2\x80\x99:\n'}
[7.310796] (gim_arm_hardware) StderrLine: {'line': b'\x1b[01m\x1b[K/usr/include/boost/variant/variant.hpp:2393:44:\x1b[m\x1b[K   required from \xe2\x80\x98\x1b[01m\x1b[Ktypename Visitor::result_type boost::variant<T0, TN>::apply_visitor(Visitor&) & [with Visitor = const pinocchio::JointSetIndexesVisitor; T0_ = pinocchio::JointModelRevoluteTpl<double, 0, 0>; TN = {pinocchio::JointModelRevoluteTpl<double, 0, 1>, pinocchio::JointModelRevoluteTpl<double, 0, 2>, pinocchio::JointModelFreeFlyerTpl<double, 0>, pinocchio::JointModelPlanarTpl<double, 0>, pinocchio::JointModelRevoluteUnalignedTpl<double, 0>, pinocchio::JointModelSphericalTpl<double, 0>, pinocchio::JointModelSphericalZYXTpl<double, 0>, pinocchio::JointModelEllipsoidTpl<double, 0>, pinocchio::JointModelPrismaticTpl<double, 0, 0>, pinocchio::JointModelPrismaticTpl<double, 0, 1>, pinocchio::JointModelPrismaticTpl<double, 0, 2>, pinocchio::JointModelPrismaticUnalignedTpl<double, 0>, pinocchio::JointModelTranslationTpl<double, 0>, pinocchio::JointModelRevoluteUnboundedTpl<double, 0, 0>, pinocchio::JointModelRevoluteUnboundedTpl<double, 0, 1>, pinocchio::JointModelRevoluteUnboundedTpl<double, 0, 2>, pinocchio::JointModelRevoluteUnboundedUnalignedTpl<double, 0>, pinocchio::JointModelHelicalTpl<double, 0, 0>, pinocchio::JointModelHelicalTpl<double, 0, 1>, pinocchio::JointModelHelicalTpl<double, 0, 2>, pinocchio::JointModelHelicalUnalignedTpl<double, 0>, pinocchio::JointModelUniversalTpl<double, 0>, boost::recursive_wrapper<pinocchio::JointModelCompositeTpl<double, 0, pinocchio::JointCollectionDefaultTpl> >, boost::recursive_wrapper<pinocchio::JointModelMimicTpl<double, 0, pinocchio::JointCollectionDefaultTpl> >}; typename Visitor::result_type = void]\x1b[m\x1b[K\xe2\x80\x99\n'}
[7.310901] (gim_arm_hardware) StderrLine: {'line': b'\x1b[01m\x1b[K/usr/include/boost/variant/detail/apply_visitor_unary.hpp:68:64:\x1b[m\x1b[K   required from \xe2\x80\x98\x1b[01m\x1b[Ktypename Visitor::result_type boost::apply_visitor(const Visitor&, Visitable&&) [with Visitor = pinocchio::JointSetIndexesVisitor; Visitable = pinocchio::JointModelTpl<double>&; typename Visitor::result_type = void]\x1b[m\x1b[K\xe2\x80\x99\n'}
[7.310983] (gim_arm_hardware) StderrLine: {'line': b'\x1b[01m\x1b[K/opt/ros/humble/include/pinocchio/src/multibody/joint/joint-basic-visitors.hxx:1033:34:\x1b[m\x1b[K   required from \xe2\x80\x98\x1b[01m\x1b[Kstatic void pinocchio::JointSetIndexesVisitor::run(pinocchio::JointModelTpl<Scalar, Options, JointCollectionTpl>&, pinocchio::JointIndex, int, int, int) [with Scalar = double; int Options = 0; JointCollectionTpl = pinocchio::JointCollectionDefaultTpl; pinocchio::JointIndex = long unsigned int]\x1b[m\x1b[K\xe2\x80\x99\n'}
[7.311055] (gim_arm_hardware) StderrLine: {'line': b'\x1b[01m\x1b[K/opt/ros/humble/include/pinocchio/src/multibody/joint/joint-basic-visitors.hxx:1045:39:\x1b[m\x1b[K   required from \xe2\x80\x98\x1b[01m\x1b[Kvoid pinocchio::setIndexes(pinocchio::JointModelTpl<Scalar, Options, JointCollectionTpl>&, pinocchio::JointIndex, int, int, int) [with Scalar = double; int Options = 0; JointCollectionTpl = pinocchio::JointCollectionDefaultTpl; pinocchio::JointIndex = long unsigned int]\x1b[m\x1b[K\xe2\x80\x99\n'}
[7.311128] (gim_arm_hardware) StderrLine: {'line': b'\x1b[01m\x1b[K/opt/ros/humble/include/pinocchio/src/multibody/joint/joint-generic.hxx:462:30:\x1b[m\x1b[K   required from \xe2\x80\x98\x1b[01m\x1b[Kvoid pinocchio::JointModelTpl<Scalar, Options, JointCollectionTpl>::setIndexes(pinocchio::JointIndex, int, int, int) [with _Scalar = double; int _Options = 0; JointCollectionTpl = pinocchio::JointCollectionDefaultTpl; pinocchio::JointIndex = long unsigned int]\x1b[m\x1b[K\xe2\x80\x99\n'}
[7.311193] (gim_arm_hardware) StderrLine: {'line': b'\x1b[01m\x1b[K/opt/ros/humble/include/pinocchio/src/multibody/model.hxx:869:22:\x1b[m\x1b[K   required from \xe2\x80\x98\x1b[01m\x1b[Kpinocchio::ModelTpl<_Scalar, _Options, JointCollectionTpl>::JointIndex pinocchio::ModelTpl<_Scalar, _Options, JointCollectionTpl>::addJoint(pinocchio::ModelTpl<_Scalar, _Options, JointCollectionTpl>::JointIndex, const JointModel&, const SE3&, const string&, const VectorXs&, const VectorXs&, const VectorXs&, const VectorXs&, const VectorXs&, const VectorXs&, const VectorXs&, const VectorXs&, const VectorXs&, const VectorXs&) [with _Scalar = double; int _Options = 0; JointCollectionTpl = pinocchio::JointCollectionDefaultTpl; pinocchio::ModelTpl<_Scalar, _Options, JointCollectionTpl>::JointIndex = long unsigned int; pinocchio::ModelTpl<_Scalar, _Options, JointCollectionTpl>::JointModel = pinocchio::JointModelTpl<double>; pinocchio::ModelTpl<_Scalar, _Options, JointCollectionTpl>::SE3 = pinocchio::SE3Tpl<double, 0>; std::string = std::__cxx11::basic_string<char>; pinocchio::ModelTpl<_Scalar, _Options, JointCollectionTpl>::VectorXs = Eigen::Matrix<double, -1, 1>]\x1b[m\x1b[K\xe2\x80\x99\n'}
[7.311277] (gim_arm_hardware) StderrLine: {'line': b'\x1b[01m\x1b[K/opt/ros/humble/include/pinocchio/src/parsers/urdf/model.hxx:235:38:\x1b[m\x1b[K   required from here\n'}
[7.311338] (gim_arm_hardware) StderrLine: {'line': b'\x1b[01m\x1b[K/usr/include/boost/variant/variant.hpp:2350:41:\x1b[m\x1b[K \x1b[01;31m\x1b[Kerror: \x1b[m\x1b[Kusing invalid field \xe2\x80\x98\x1b[01m\x1b[Kboost::variant<T0, TN>::storage_\x1b[m\x1b[K\xe2\x80\x99\n'}
[7.311402] (gim_arm_hardware) StderrLine: {'line': b' 2350 |               which_, which(), visitor, \x1b[01;31m\x1b[Kstorage_\x1b[m\x1b[K.address()\n'}
[7.311473] (gim_arm_hardware) StderrLine: {'line': b'      |                                         \x1b[01;31m\x1b[K^~~~~~~~\x1b[m\x1b[K\n'}
[7.321126] (-) TimerEvent: {}
[7.373333] (gim_arm_hardware) StderrLine: {'line': b'/usr/include/boost/variant/variant.hpp: In instantiation of \xe2\x80\x98\x1b[01m\x1b[Ktypename Visitor::result_type boost::variant<T0, TN>::internal_apply_visitor(Visitor&) const [with Visitor = boost::detail::variant::invoke_visitor<const pinocchio::JointNvVisitor, false>; T0_ = pinocchio::JointModelRevoluteTpl<double, 0, 0>; TN = {pinocchio::JointModelRevoluteTpl<double, 0, 1>, pinocchio::JointModelRevoluteTpl<double, 0, 2>, pinocchio::JointModelFreeFlyerTpl<double, 0>, pinocchio::JointModelPlanarTpl<double, 0>, pinocchio::JointModelRevoluteUnalignedTpl<double, 0>, pinocchio::JointModelSphericalTpl<double, 0>, pinocchio::JointModelSphericalZYXTpl<double, 0>, pinocchio::JointModelEllipsoidTpl<double, 0>, pinocchio::JointModelPrismaticTpl<double, 0, 0>, pinocchio::JointModelPrismaticTpl<double, 0, 1>, pinocchio::JointModelPrismaticTpl<double, 0, 2>, pinocchio::JointModelPrismaticUnalignedTpl<double, 0>, pinocchio::JointModelTranslationTpl<double, 0>, pinocchio::JointModelRevoluteUnboundedTpl<double, 0, 0>, pinocchio::JointModelRevoluteUnboundedTpl<double, 0, 1>, pinocchio::JointModelRevoluteUnboundedTpl<double, 0, 2>, pinocchio::JointModelRevoluteUnboundedUnalignedTpl<double, 0>, pinocchio::JointModelHelicalTpl<double, 0, 0>, pinocchio::JointModelHelicalTpl<double, 0, 1>, pinocchio::JointModelHelicalTpl<double, 0, 2>, pinocchio::JointModelHelicalUnalignedTpl<double, 0>, pinocchio::JointModelUniversalTpl<double, 0>, boost::recursive_wrapper<pinocchio::JointModelCompositeTpl<double, 0, pinocchio::JointCollectionDefaultTpl> >, boost::recursive_wrapper<pinocchio::JointModelMimicTpl<double, 0, pinocchio::JointCollectionDefaultTpl> >}; typename Visitor::result_type = int]\x1b[m\x1b[K\xe2\x80\x99:\n'}
[7.373694] (gim_arm_hardware) StderrLine: {'line': b'\x1b[01m\x1b[K/usr/include/boost/variant/variant.hpp:2404:44:\x1b[m\x1b[K   required from \xe2\x80\x98\x1b[01m\x1b[Ktypename Visitor::result_type boost::variant<T0, TN>::apply_visitor(Visitor&) const & [with Visitor = const pinocchio::JointNvVisitor; T0_ = pinocchio::JointModelRevoluteTpl<double, 0, 0>; TN = {pinocchio::JointModelRevoluteTpl<double, 0, 1>, pinocchio::JointModelRevoluteTpl<double, 0, 2>, pinocchio::JointModelFreeFlyerTpl<double, 0>, pinocchio::JointModelPlanarTpl<double, 0>, pinocchio::JointModelRevoluteUnalignedTpl<double, 0>, pinocchio::JointModelSphericalTpl<double, 0>, pinocchio::JointModelSphericalZYXTpl<double, 0>, pinocchio::JointModelEllipsoidTpl<double, 0>, pinocchio::JointModelPrismaticTpl<double, 0, 0>, pinocchio::JointModelPrismaticTpl<double, 0, 1>, pinocchio::JointModelPrismaticTpl<double, 0, 2>, pinocchio::JointModelPrismaticUnalignedTpl<double, 0>, pinocchio::JointModelTranslationTpl<double, 0>, pinocchio::JointModelRevoluteUnboundedTpl<double, 0, 0>, pinocchio::JointModelRevoluteUnboundedTpl<double, 0, 1>, pinocchio::JointModelRevoluteUnboundedTpl<double, 0, 2>, pinocchio::JointModelRevoluteUnboundedUnalignedTpl<double, 0>, pinocchio::JointModelHelicalTpl<double, 0, 0>, pinocchio::JointModelHelicalTpl<double, 0, 1>, pinocchio::JointModelHelicalTpl<double, 0, 2>, pinocchio::JointModelHelicalUnalignedTpl<double, 0>, pinocchio::JointModelUniversalTpl<double, 0>, boost::recursive_wrapper<pinocchio::JointModelCompositeTpl<double, 0, pinocchio::JointCollectionDefaultTpl> >, boost::recursive_wrapper<pinocchio::JointModelMimicTpl<double, 0, pinocchio::JointCollectionDefaultTpl> >}; typename Visitor::result_type = int]\x1b[m\x1b[K\xe2\x80\x99\n'}
[7.373825] (gim_arm_hardware) StderrLine: {'line': b'\x1b[01m\x1b[K/usr/include/boost/variant/detail/apply_visitor_unary.hpp:68:64:\x1b[m\x1b[K   required from \xe2\x80\x98\x1b[01m\x1b[Ktypename Visitor::result_type boost::apply_visitor(const Visitor&, Visitable&&) [with Visitor = pinocchio::JointNvVisitor; Visitable = const pinocchio::JointModelTpl<double>&; typename Visitor::result_type = int]\x1b[m\x1b[K\xe2\x80\x99\n'}
[7.374075] (gim_arm_hardware) StderrLine: {'line': b'\x1b[01m\x1b[K/opt/ros/humble/include/pinocchio/src/multibody/joint/joint-basic-visitors.hxx:795:34:\x1b[m\x1b[K   required from \xe2\x80\x98\x1b[01m\x1b[Kstatic int pinocchio::JointNvVisitor::run(const pinocchio::JointModelTpl<Scalar, Options, JointCollectionTpl>&) [with Scalar = double; int Options = 0; JointCollectionTpl = pinocchio::JointCollectionDefaultTpl]\x1b[m\x1b[K\xe2\x80\x99\n'}
[7.374182] (gim_arm_hardware) StderrLine: {'line': b'\x1b[01m\x1b[K/opt/ros/humble/include/pinocchio/src/multibody/joint/joint-basic-visitors.hxx:802:31:\x1b[m\x1b[K   required from \xe2\x80\x98\x1b[01m\x1b[Kint pinocchio::nv(const pinocchio::JointModelTpl<Scalar, Options, JointCollectionTpl>&) [with Scalar = double; int Options = 0; JointCollectionTpl = pinocchio::JointCollectionDefaultTpl]\x1b[m\x1b[K\xe2\x80\x99\n'}
[7.374278] (gim_arm_hardware) StderrLine: {'line': b'\x1b[01m\x1b[K/opt/ros/humble/include/pinocchio/src/multibody/joint/joint-generic.hxx:430:29:\x1b[m\x1b[K   required from \xe2\x80\x98\x1b[01m\x1b[Kint pinocchio::JointModelTpl<Scalar, Options, JointCollectionTpl>::nv_impl() const [with _Scalar = double; int _Options = 0; JointCollectionTpl = pinocchio::JointCollectionDefaultTpl]\x1b[m\x1b[K\xe2\x80\x99\n'}
[7.374347] (gim_arm_hardware) StderrLine: {'line': b'\x1b[01m\x1b[K/opt/ros/humble/include/pinocchio/src/multibody/joint/joint-model-base.hxx:147:31:\x1b[m\x1b[K   required from \xe2\x80\x98\x1b[01m\x1b[Kint pinocchio::JointModelBase<Derived>::nv() const [with Derived = pinocchio::JointModelTpl<double>]\x1b[m\x1b[K\xe2\x80\x99\n'}
[7.374401] (gim_arm_hardware) StderrLine: {'line': b'\x1b[01m\x1b[K/opt/ros/humble/include/pinocchio/src/multibody/model.hxx:1083:40:\x1b[m\x1b[K   required from \xe2\x80\x98\x1b[01m\x1b[Kpinocchio::ModelTpl<_Scalar, _Options, JointCollectionTpl>::JointIndex pinocchio::ModelTpl<_Scalar, _Options, JointCollectionTpl>::addJoint(pinocchio::ModelTpl<_Scalar, _Options, JointCollectionTpl>::JointIndex, const JointModel&, const SE3&, const string&) [with _Scalar = double; int _Options = 0; JointCollectionTpl = pinocchio::JointCollectionDefaultTpl; pinocchio::ModelTpl<_Scalar, _Options, JointCollectionTpl>::JointIndex = long unsigned int; pinocchio::ModelTpl<_Scalar, _Options, JointCollectionTpl>::JointModel = pinocchio::JointModelTpl<double>; pinocchio::ModelTpl<_Scalar, _Options, JointCollectionTpl>::SE3 = pinocchio::SE3Tpl<double, 0>; std::string = std::__cxx11::basic_string<char>]\x1b[m\x1b[K\xe2\x80\x99\n'}
[7.374438] (gim_arm_hardware) StderrLine: {'line': b'\x1b[01m\x1b[K/opt/ros/humble/include/pinocchio/src/parsers/urdf/model.hxx:121:44:\x1b[m\x1b[K   required from here\n'}
[7.374473] (gim_arm_hardware) StderrLine: {'line': b'\x1b[01m\x1b[K/usr/include/boost/variant/variant.hpp:2359:41:\x1b[m\x1b[K \x1b[01;31m\x1b[Kerror: \x1b[m\x1b[Kusing invalid field \xe2\x80\x98\x1b[01m\x1b[Kboost::variant<T0, TN>::storage_\x1b[m\x1b[K\xe2\x80\x99\n'}
[7.374499] (gim_arm_hardware) StderrLine: {'line': b' 2359 |               which_, which(), visitor, \x1b[01;31m\x1b[Kstorage_\x1b[m\x1b[K.address()\n'}
[7.374531] (gim_arm_hardware) StderrLine: {'line': b'      |                                         \x1b[01;31m\x1b[K^~~~~~~~\x1b[m\x1b[K\n'}
[7.374557] (gim_arm_hardware) StderrLine: {'line': b'/usr/include/boost/variant/variant.hpp: In instantiation of \xe2\x80\x98\x1b[01m\x1b[Ktypename Visitor::result_type boost::variant<T0, TN>::internal_apply_visitor(Visitor&) const [with Visitor = boost::detail::variant::invoke_visitor<const pinocchio::JointNqVisitor, false>; T0_ = pinocchio::JointModelRevoluteTpl<double, 0, 0>; TN = {pinocchio::JointModelRevoluteTpl<double, 0, 1>, pinocchio::JointModelRevoluteTpl<double, 0, 2>, pinocchio::JointModelFreeFlyerTpl<double, 0>, pinocchio::JointModelPlanarTpl<double, 0>, pinocchio::JointModelRevoluteUnalignedTpl<double, 0>, pinocchio::JointModelSphericalTpl<double, 0>, pinocchio::JointModelSphericalZYXTpl<double, 0>, pinocchio::JointModelEllipsoidTpl<double, 0>, pinocchio::JointModelPrismaticTpl<double, 0, 0>, pinocchio::JointModelPrismaticTpl<double, 0, 1>, pinocchio::JointModelPrismaticTpl<double, 0, 2>, pinocchio::JointModelPrismaticUnalignedTpl<double, 0>, pinocchio::JointModelTranslationTpl<double, 0>, pinocchio::JointModelRevoluteUnboundedTpl<double, 0, 0>, pinocchio::JointModelRevoluteUnboundedTpl<double, 0, 1>, pinocchio::JointModelRevoluteUnboundedTpl<double, 0, 2>, pinocchio::JointModelRevoluteUnboundedUnalignedTpl<double, 0>, pinocchio::JointModelHelicalTpl<double, 0, 0>, pinocchio::JointModelHelicalTpl<double, 0, 1>, pinocchio::JointModelHelicalTpl<double, 0, 2>, pinocchio::JointModelHelicalUnalignedTpl<double, 0>, pinocchio::JointModelUniversalTpl<double, 0>, boost::recursive_wrapper<pinocchio::JointModelCompositeTpl<double, 0, pinocchio::JointCollectionDefaultTpl> >, boost::recursive_wrapper<pinocchio::JointModelMimicTpl<double, 0, pinocchio::JointCollectionDefaultTpl> >}; typename Visitor::result_type = int]\x1b[m\x1b[K\xe2\x80\x99:\n'}
[7.374590] (gim_arm_hardware) StderrLine: {'line': b'\x1b[01m\x1b[K/usr/include/boost/variant/variant.hpp:2404:44:\x1b[m\x1b[K   required from \xe2\x80\x98\x1b[01m\x1b[Ktypename Visitor::result_type boost::variant<T0, TN>::apply_visitor(Visitor&) const & [with Visitor = const pinocchio::JointNqVisitor; T0_ = pinocchio::JointModelRevoluteTpl<double, 0, 0>; TN = {pinocchio::JointModelRevoluteTpl<double, 0, 1>, pinocchio::JointModelRevoluteTpl<double, 0, 2>, pinocchio::JointModelFreeFlyerTpl<double, 0>, pinocchio::JointModelPlanarTpl<double, 0>, pinocchio::JointModelRevoluteUnalignedTpl<double, 0>, pinocchio::JointModelSphericalTpl<double, 0>, pinocchio::JointModelSphericalZYXTpl<double, 0>, pinocchio::JointModelEllipsoidTpl<double, 0>, pinocchio::JointModelPrismaticTpl<double, 0, 0>, pinocchio::JointModelPrismaticTpl<double, 0, 1>, pinocchio::JointModelPrismaticTpl<double, 0, 2>, pinocchio::JointModelPrismaticUnalignedTpl<double, 0>, pinocchio::JointModelTranslationTpl<double, 0>, pinocchio::JointModelRevoluteUnboundedTpl<double, 0, 0>, pinocchio::JointModelRevoluteUnboundedTpl<double, 0, 1>, pinocchio::JointModelRevoluteUnboundedTpl<double, 0, 2>, pinocchio::JointModelRevoluteUnboundedUnalignedTpl<double, 0>, pinocchio::JointModelHelicalTpl<double, 0, 0>, pinocchio::JointModelHelicalTpl<double, 0, 1>, pinocchio::JointModelHelicalTpl<double, 0, 2>, pinocchio::JointModelHelicalUnalignedTpl<double, 0>, pinocchio::JointModelUniversalTpl<double, 0>, boost::recursive_wrapper<pinocchio::JointModelCompositeTpl<double, 0, pinocchio::JointCollectionDefaultTpl> >, boost::recursive_wrapper<pinocchio::JointModelMimicTpl<double, 0, pinocchio::JointCollectionDefaultTpl> >}; typename Visitor::result_type = int]\x1b[m\x1b[K\xe2\x80\x99\n'}
[7.374624] (gim_arm_hardware) StderrLine: {'line': b'\x1b[01m\x1b[K/usr/include/boost/variant/detail/apply_visitor_unary.hpp:68:64:\x1b[m\x1b[K   required from \xe2\x80\x98\x1b[01m\x1b[Ktypename Visitor::result_type boost::apply_visitor(const Visitor&, Visitable&&) [with Visitor = pinocchio::JointNqVisitor; Visitable = const pinocchio::JointModelTpl<double>&; typename Visitor::result_type = int]\x1b[m\x1b[K\xe2\x80\x99\n'}
[7.374649] (gim_arm_hardware) StderrLine: {'line': b'\x1b[01m\x1b[K/opt/ros/humble/include/pinocchio/src/multibody/joint/joint-basic-visitors.hxx:819:34:\x1b[m\x1b[K   required from \xe2\x80\x98\x1b[01m\x1b[Kstatic int pinocchio::JointNqVisitor::run(const pinocchio::JointModelTpl<Scalar, Options, JointCollectionTpl>&) [with Scalar = double; int Options = 0; JointCollectionTpl = pinocchio::JointCollectionDefaultTpl]\x1b[m\x1b[K\xe2\x80\x99\n'}
[7.374678] (gim_arm_hardware) StderrLine: {'line': b'\x1b[01m\x1b[K/opt/ros/humble/include/pinocchio/src/multibody/joint/joint-basic-visitors.hxx:826:31:\x1b[m\x1b[K   required from \xe2\x80\x98\x1b[01m\x1b[Kint pinocchio::nq(const pinocchio::JointModelTpl<Scalar, Options, JointCollectionTpl>&) [with Scalar = double; int Options = 0; JointCollectionTpl = pinocchio::JointCollectionDefaultTpl]\x1b[m\x1b[K\xe2\x80\x99\n'}
[7.374703] (gim_arm_hardware) StderrLine: {'line': b'\x1b[01m\x1b[K/opt/ros/humble/include/pinocchio/src/multibody/joint/joint-generic.hxx:426:29:\x1b[m\x1b[K   required from \xe2\x80\x98\x1b[01m\x1b[Kint pinocchio::JointModelTpl<Scalar, Options, JointCollectionTpl>::nq_impl() const [with _Scalar = double; int _Options = 0; JointCollectionTpl = pinocchio::JointCollectionDefaultTpl]\x1b[m\x1b[K\xe2\x80\x99\n'}
[7.374730] (gim_arm_hardware) StderrLine: {'line': b'\x1b[01m\x1b[K/opt/ros/humble/include/pinocchio/src/multibody/joint/joint-model-base.hxx:151:31:\x1b[m\x1b[K   required from \xe2\x80\x98\x1b[01m\x1b[Kint pinocchio::JointModelBase<Derived>::nq() const [with Derived = pinocchio::JointModelTpl<double>]\x1b[m\x1b[K\xe2\x80\x99\n'}
[7.374755] (gim_arm_hardware) StderrLine: {'line': b'\x1b[01m\x1b[K/opt/ros/humble/include/pinocchio/src/multibody/model.hxx:1087:40:\x1b[m\x1b[K   required from \xe2\x80\x98\x1b[01m\x1b[Kpinocchio::ModelTpl<_Scalar, _Options, JointCollectionTpl>::JointIndex pinocchio::ModelTpl<_Scalar, _Options, JointCollectionTpl>::addJoint(pinocchio::ModelTpl<_Scalar, _Options, JointCollectionTpl>::JointIndex, const JointModel&, const SE3&, const string&) [with _Scalar = double; int _Options = 0; JointCollectionTpl = pinocchio::JointCollectionDefaultTpl; pinocchio::ModelTpl<_Scalar, _Options, JointCollectionTpl>::JointIndex = long unsigned int; pinocchio::ModelTpl<_Scalar, _Options, JointCollectionTpl>::JointModel = pinocchio::JointModelTpl<double>; pinocchio::ModelTpl<_Scalar, _Options, JointCollectionTpl>::SE3 = pinocchio::SE3Tpl<double, 0>; std::string = std::__cxx11::basic_string<char>]\x1b[m\x1b[K\xe2\x80\x99\n'}
[7.374784] (gim_arm_hardware) StderrLine: {'line': b'\x1b[01m\x1b[K/opt/ros/humble/include/pinocchio/src/parsers/urdf/model.hxx:121:44:\x1b[m\x1b[K   required from here\n'}
[7.374809] (gim_arm_hardware) StderrLine: {'line': b'\x1b[01m\x1b[K/usr/include/boost/variant/variant.hpp:2359:41:\x1b[m\x1b[K \x1b[01;31m\x1b[Kerror: \x1b[m\x1b[Kusing invalid field \xe2\x80\x98\x1b[01m\x1b[Kboost::variant<T0, TN>::storage_\x1b[m\x1b[K\xe2\x80\x99\n'}
[7.378250] (gim_arm_hardware) StderrLine: {'line': b'/usr/include/boost/variant/variant.hpp: In instantiation of \xe2\x80\x98\x1b[01m\x1b[Ktypename Visitor::result_type boost::variant<T0, TN>::internal_apply_visitor(Visitor&) const [with Visitor = boost::detail::variant::invoke_visitor<const pinocchio::JointNvExtendedVisitor, false>; T0_ = pinocchio::JointModelRevoluteTpl<double, 0, 0>; TN = {pinocchio::JointModelRevoluteTpl<double, 0, 1>, pinocchio::JointModelRevoluteTpl<double, 0, 2>, pinocchio::JointModelFreeFlyerTpl<double, 0>, pinocchio::JointModelPlanarTpl<double, 0>, pinocchio::JointModelRevoluteUnalignedTpl<double, 0>, pinocchio::JointModelSphericalTpl<double, 0>, pinocchio::JointModelSphericalZYXTpl<double, 0>, pinocchio::JointModelEllipsoidTpl<double, 0>, pinocchio::JointModelPrismaticTpl<double, 0, 0>, pinocchio::JointModelPrismaticTpl<double, 0, 1>, pinocchio::JointModelPrismaticTpl<double, 0, 2>, pinocchio::JointModelPrismaticUnalignedTpl<double, 0>, pinocchio::JointModelTranslationTpl<double, 0>, pinocchio::JointModelRevoluteUnboundedTpl<double, 0, 0>, pinocchio::JointModelRevoluteUnboundedTpl<double, 0, 1>, pinocchio::JointModelRevoluteUnboundedTpl<double, 0, 2>, pinocchio::JointModelRevoluteUnboundedUnalignedTpl<double, 0>, pinocchio::JointModelHelicalTpl<double, 0, 0>, pinocchio::JointModelHelicalTpl<double, 0, 1>, pinocchio::JointModelHelicalTpl<double, 0, 2>, pinocchio::JointModelHelicalUnalignedTpl<double, 0>, pinocchio::JointModelUniversalTpl<double, 0>, boost::recursive_wrapper<pinocchio::JointModelCompositeTpl<double, 0, pinocchio::JointCollectionDefaultTpl> >, boost::recursive_wrapper<pinocchio::JointModelMimicTpl<double, 0, pinocchio::JointCollectionDefaultTpl> >}; typename Visitor::result_type = int]\x1b[m\x1b[K\xe2\x80\x99:\n'}
[7.378433] (gim_arm_hardware) StderrLine: {'line': b'\x1b[01m\x1b[K/usr/include/boost/variant/variant.hpp:2404:44:\x1b[m\x1b[K   required from \xe2\x80\x98\x1b[01m\x1b[Ktypename Visitor::result_type boost::variant<T0, TN>::apply_visitor(Visitor&) const & [with Visitor = const pinocchio::JointNvExtendedVisitor; T0_ = pinocchio::JointModelRevoluteTpl<double, 0, 0>; TN = {pinocchio::JointModelRevoluteTpl<double, 0, 1>, pinocchio::JointModelRevoluteTpl<double, 0, 2>, pinocchio::JointModelFreeFlyerTpl<double, 0>, pinocchio::JointModelPlanarTpl<double, 0>, pinocchio::JointModelRevoluteUnalignedTpl<double, 0>, pinocchio::JointModelSphericalTpl<double, 0>, pinocchio::JointModelSphericalZYXTpl<double, 0>, pinocchio::JointModelEllipsoidTpl<double, 0>, pinocchio::JointModelPrismaticTpl<double, 0, 0>, pinocchio::JointModelPrismaticTpl<double, 0, 1>, pinocchio::JointModelPrismaticTpl<double, 0, 2>, pinocchio::JointModelPrismaticUnalignedTpl<double, 0>, pinocchio::JointModelTranslationTpl<double, 0>, pinocchio::JointModelRevoluteUnboundedTpl<double, 0, 0>, pinocchio::JointModelRevoluteUnboundedTpl<double, 0, 1>, pinocchio::JointModelRevoluteUnboundedTpl<double, 0, 2>, pinocchio::JointModelRevoluteUnboundedUnalignedTpl<double, 0>, pinocchio::JointModelHelicalTpl<double, 0, 0>, pinocchio::JointModelHelicalTpl<double, 0, 1>, pinocchio::JointModelHelicalTpl<double, 0, 2>, pinocchio::JointModelHelicalUnalignedTpl<double, 0>, pinocchio::JointModelUniversalTpl<double, 0>, boost::recursive_wrapper<pinocchio::JointModelCompositeTpl<double, 0, pinocchio::JointCollectionDefaultTpl> >, boost::recursive_wrapper<pinocchio::JointModelMimicTpl<double, 0, pinocchio::JointCollectionDefaultTpl> >}; typename Visitor::result_type = int]\x1b[m\x1b[K\xe2\x80\x99\n'}
[7.378899] (gim_arm_hardware) StderrLine: {'line': b'\x1b[01m\x1b[K/usr/include/boost/variant/detail/apply_visitor_unary.hpp:68:64:\x1b[m\x1b[K   required from \xe2\x80\x98\x1b[01m\x1b[Ktypename Visitor::result_type boost::apply_visitor(const Visitor&, Visitable&&) [with Visitor = pinocchio::JointNvExtendedVisitor; Visitable = const pinocchio::JointModelTpl<double>&; typename Visitor::result_type = int]\x1b[m\x1b[K\xe2\x80\x99\n'}
[7.379012] (gim_arm_hardware) StderrLine: {'line': b'\x1b[01m\x1b[K/opt/ros/humble/include/pinocchio/src/multibody/joint/joint-basic-visitors.hxx:843:34:\x1b[m\x1b[K   required from \xe2\x80\x98\x1b[01m\x1b[Kstatic int pinocchio::JointNvExtendedVisitor::run(const pinocchio::JointModelTpl<Scalar, Options, JointCollectionTpl>&) [with Scalar = double; int Options = 0; JointCollectionTpl = pinocchio::JointCollectionDefaultTpl]\x1b[m\x1b[K\xe2\x80\x99\n'}
[7.379089] (gim_arm_hardware) StderrLine: {'line': b'\x1b[01m\x1b[K/opt/ros/humble/include/pinocchio/src/multibody/joint/joint-basic-visitors.hxx:850:39:\x1b[m\x1b[K   required from \xe2\x80\x98\x1b[01m\x1b[Kint pinocchio::nvExtended(const pinocchio::JointModelTpl<Scalar, Options, JointCollectionTpl>&) [with Scalar = double; int Options = 0; JointCollectionTpl = pinocchio::JointCollectionDefaultTpl]\x1b[m\x1b[K\xe2\x80\x99\n'}
[7.379175] (gim_arm_hardware) StderrLine: {'line': b'\x1b[01m\x1b[K/opt/ros/humble/include/pinocchio/src/multibody/joint/joint-generic.hxx:434:37:\x1b[m\x1b[K   required from \xe2\x80\x98\x1b[01m\x1b[Kint pinocchio::JointModelTpl<Scalar, Options, JointCollectionTpl>::nvExtended_impl() const [with _Scalar = double; int _Options = 0; JointCollectionTpl = pinocchio::JointCollectionDefaultTpl]\x1b[m\x1b[K\xe2\x80\x99\n'}
[7.379212] (gim_arm_hardware) StderrLine: {'line': b'\x1b[01m\x1b[K/opt/ros/humble/include/pinocchio/src/multibody/joint/joint-model-base.hxx:155:39:\x1b[m\x1b[K   required from \xe2\x80\x98\x1b[01m\x1b[Kint pinocchio::JointModelBase<Derived>::nvExtended() const [with Derived = pinocchio::JointModelTpl<double>]\x1b[m\x1b[K\xe2\x80\x99\n'}
[7.379238] (gim_arm_hardware) StderrLine: {'line': b'\x1b[01m\x1b[K/opt/ros/humble/include/pinocchio/src/multibody/model.hxx:823:5:\x1b[m\x1b[K   required from \xe2\x80\x98\x1b[01m\x1b[Kpinocchio::ModelTpl<_Scalar, _Options, JointCollectionTpl>::JointIndex pinocchio::ModelTpl<_Scalar, _Options, JointCollectionTpl>::addJoint(pinocchio::ModelTpl<_Scalar, _Options, JointCollectionTpl>::JointIndex, const JointModel&, const SE3&, const string&, const VectorXs&, const VectorXs&, const VectorXs&, const VectorXs&, const VectorXs&, const VectorXs&, const VectorXs&, const VectorXs&, const VectorXs&, const VectorXs&) [with _Scalar = double; int _Options = 0; JointCollectionTpl = pinocchio::JointCollectionDefaultTpl; pinocchio::ModelTpl<_Scalar, _Options, JointCollectionTpl>::JointIndex = long unsigned int; pinocchio::ModelTpl<_Scalar, _Options, JointCollectionTpl>::JointModel = pinocchio::JointModelTpl<double>; pinocchio::ModelTpl<_Scalar, _Options, JointCollectionTpl>::SE3 = pinocchio::SE3Tpl<double, 0>; std::string = std::__cxx11::basic_string<char>; pinocchio::ModelTpl<_Scalar, _Options, JointCollectionTpl>::VectorXs = Eigen::Matrix<double, -1, 1>]\x1b[m\x1b[K\xe2\x80\x99\n'}
[7.379266] (gim_arm_hardware) StderrLine: {'line': b'\x1b[01m\x1b[K/opt/ros/humble/include/pinocchio/src/parsers/urdf/model.hxx:235:38:\x1b[m\x1b[K   required from here\n'}
[7.379290] (gim_arm_hardware) StderrLine: {'line': b'\x1b[01m\x1b[K/usr/include/boost/variant/variant.hpp:2359:41:\x1b[m\x1b[K \x1b[01;31m\x1b[Kerror: \x1b[m\x1b[Kusing invalid field \xe2\x80\x98\x1b[01m\x1b[Kboost::variant<T0, TN>::storage_\x1b[m\x1b[K\xe2\x80\x99\n'}
[7.379318] (gim_arm_hardware) StderrLine: {'line': b'/usr/include/boost/variant/variant.hpp: In instantiation of \xe2\x80\x98\x1b[01m\x1b[Ktypename Visitor::result_type boost::variant<T0, TN>::internal_apply_visitor(Visitor&) const [with Visitor = boost::detail::variant::invoke_visitor<const pinocchio::JointIdxQVisitor, false>; T0_ = pinocchio::JointModelRevoluteTpl<double, 0, 0>; TN = {pinocchio::JointModelRevoluteTpl<double, 0, 1>, pinocchio::JointModelRevoluteTpl<double, 0, 2>, pinocchio::JointModelFreeFlyerTpl<double, 0>, pinocchio::JointModelPlanarTpl<double, 0>, pinocchio::JointModelRevoluteUnalignedTpl<double, 0>, pinocchio::JointModelSphericalTpl<double, 0>, pinocchio::JointModelSphericalZYXTpl<double, 0>, pinocchio::JointModelEllipsoidTpl<double, 0>, pinocchio::JointModelPrismaticTpl<double, 0, 0>, pinocchio::JointModelPrismaticTpl<double, 0, 1>, pinocchio::JointModelPrismaticTpl<double, 0, 2>, pinocchio::JointModelPrismaticUnalignedTpl<double, 0>, pinocchio::JointModelTranslationTpl<double, 0>, pinocchio::JointModelRevoluteUnboundedTpl<double, 0, 0>, pinocchio::JointModelRevoluteUnboundedTpl<double, 0, 1>, pinocchio::JointModelRevoluteUnboundedTpl<double, 0, 2>, pinocchio::JointModelRevoluteUnboundedUnalignedTpl<double, 0>, pinocchio::JointModelHelicalTpl<double, 0, 0>, pinocchio::JointModelHelicalTpl<double, 0, 1>, pinocchio::JointModelHelicalTpl<double, 0, 2>, pinocchio::JointModelHelicalUnalignedTpl<double, 0>, pinocchio::JointModelUniversalTpl<double, 0>, boost::recursive_wrapper<pinocchio::JointModelCompositeTpl<double, 0, pinocchio::JointCollectionDefaultTpl> >, boost::recursive_wrapper<pinocchio::JointModelMimicTpl<double, 0, pinocchio::JointCollectionDefaultTpl> >}; typename Visitor::result_type = int]\x1b[m\x1b[K\xe2\x80\x99:\n'}
[7.379353] (gim_arm_hardware) StderrLine: {'line': b'\x1b[01m\x1b[K/usr/include/boost/variant/variant.hpp:2404:44:\x1b[m\x1b[K   required from \xe2\x80\x98\x1b[01m\x1b[Ktypename Visitor::result_type boost::variant<T0, TN>::apply_visitor(Visitor&) const & [with Visitor = const pinocchio::JointIdxQVisitor; T0_ = pinocchio::JointModelRevoluteTpl<double, 0, 0>; TN = {pinocchio::JointModelRevoluteTpl<double, 0, 1>, pinocchio::JointModelRevoluteTpl<double, 0, 2>, pinocchio::JointModelFreeFlyerTpl<double, 0>, pinocchio::JointModelPlanarTpl<double, 0>, pinocchio::JointModelRevoluteUnalignedTpl<double, 0>, pinocchio::JointModelSphericalTpl<double, 0>, pinocchio::JointModelSphericalZYXTpl<double, 0>, pinocchio::JointModelEllipsoidTpl<double, 0>, pinocchio::JointModelPrismaticTpl<double, 0, 0>, pinocchio::JointModelPrismaticTpl<double, 0, 1>, pinocchio::JointModelPrismaticTpl<double, 0, 2>, pinocchio::JointModelPrismaticUnalignedTpl<double, 0>, pinocchio::JointModelTranslationTpl<double, 0>, pinocchio::JointModelRevoluteUnboundedTpl<double, 0, 0>, pinocchio::JointModelRevoluteUnboundedTpl<double, 0, 1>, pinocchio::JointModelRevoluteUnboundedTpl<double, 0, 2>, pinocchio::JointModelRevoluteUnboundedUnalignedTpl<double, 0>, pinocchio::JointModelHelicalTpl<double, 0, 0>, pinocchio::JointModelHelicalTpl<double, 0, 1>, pinocchio::JointModelHelicalTpl<double, 0, 2>, pinocchio::JointModelHelicalUnalignedTpl<double, 0>, pinocchio::JointModelUniversalTpl<double, 0>, boost::recursive_wrapper<pinocchio::JointModelCompositeTpl<double, 0, pinocchio::JointCollectionDefaultTpl> >, boost::recursive_wrapper<pinocchio::JointModelMimicTpl<double, 0, pinocchio::JointCollectionDefaultTpl> >}; typename Visitor::result_type = int]\x1b[m\x1b[K\xe2\x80\x99\n'}
[7.379386] (gim_arm_hardware) StderrLine: {'line': b'\x1b[01m\x1b[K/usr/include/boost/variant/detail/apply_visitor_unary.hpp:68:64:\x1b[m\x1b[K   required from \xe2\x80\x98\x1b[01m\x1b[Ktypename Visitor::result_type boost::apply_visitor(const Visitor&, Visitable&&) [with Visitor = pinocchio::JointIdxQVisitor; Visitable = const pinocchio::JointModelTpl<double>&; typename Visitor::result_type = int]\x1b[m\x1b[K\xe2\x80\x99\n'}
[7.379411] (gim_arm_hardware) StderrLine: {'line': b'\x1b[01m\x1b[K/opt/ros/humble/include/pinocchio/src/multibody/joint/joint-basic-visitors.hxx:919:34:\x1b[m\x1b[K   required from \xe2\x80\x98\x1b[01m\x1b[Kstatic int pinocchio::JointIdxQVisitor::run(const pinocchio::JointModelTpl<Scalar, Options, JointCollectionTpl>&) [with Scalar = double; int Options = 0; JointCollectionTpl = pinocchio::JointCollectionDefaultTpl]\x1b[m\x1b[K\xe2\x80\x99\n'}
[7.379440] (gim_arm_hardware) StderrLine: {'line': b'\x1b[01m\x1b[K/opt/ros/humble/include/pinocchio/src/multibody/joint/joint-basic-visitors.hxx:926:33:\x1b[m\x1b[K   required from \xe2\x80\x98\x1b[01m\x1b[Kint pinocchio::idx_q(const pinocchio::JointModelTpl<Scalar, Options, JointCollectionTpl>&) [with Scalar = double; int Options = 0; JointCollectionTpl = pinocchio::JointCollectionDefaultTpl]\x1b[m\x1b[K\xe2\x80\x99\n'}
[7.379476] (gim_arm_hardware) StderrLine: {'line': b'\x1b[01m\x1b[K/opt/ros/humble/include/pinocchio/src/multibody/joint/joint-generic.hxx:439:32:\x1b[m\x1b[K   required from \xe2\x80\x98\x1b[01m\x1b[Kint pinocchio::JointModelTpl<Scalar, Options, JointCollectionTpl>::idx_q_impl() const [with _Scalar = double; int _Options = 0; JointCollectionTpl = pinocchio::JointCollectionDefaultTpl]\x1b[m\x1b[K\xe2\x80\x99\n'}
[7.379501] (gim_arm_hardware) StderrLine: {'line': b'\x1b[01m\x1b[K/opt/ros/humble/include/pinocchio/src/multibody/joint/joint-model-base.hxx:174:34:\x1b[m\x1b[K   required from \xe2\x80\x98\x1b[01m\x1b[Kint pinocchio::JointModelBase<Derived>::idx_q() const [with Derived = pinocchio::JointModelTpl<double>]\x1b[m\x1b[K\xe2\x80\x99\n'}
[7.379530] (gim_arm_hardware) StderrLine: {'line': b'\x1b[01m\x1b[K/opt/ros/humble/include/pinocchio/src/multibody/model.hxx:872:41:\x1b[m\x1b[K   required from \xe2\x80\x98\x1b[01m\x1b[Kpinocchio::ModelTpl<_Scalar, _Options, JointCollectionTpl>::JointIndex pinocchio::ModelTpl<_Scalar, _Options, JointCollectionTpl>::addJoint(pinocchio::ModelTpl<_Scalar, _Options, JointCollectionTpl>::JointIndex, const JointModel&, const SE3&, const string&, const VectorXs&, const VectorXs&, const VectorXs&, const VectorXs&, const VectorXs&, const VectorXs&, const VectorXs&, const VectorXs&, const VectorXs&, const VectorXs&) [with _Scalar = double; int _Options = 0; JointCollectionTpl = pinocchio::JointCollectionDefaultTpl; pinocchio::ModelTpl<_Scalar, _Options, JointCollectionTpl>::JointIndex = long unsigned int; pinocchio::ModelTpl<_Scalar, _Options, JointCollectionTpl>::JointModel = pinocchio::JointModelTpl<double>; pinocchio::ModelTpl<_Scalar, _Options, JointCollectionTpl>::SE3 = pinocchio::SE3Tpl<double, 0>; std::string = std::__cxx11::basic_string<char>; pinocchio::ModelTpl<_Scalar, _Options, JointCollectionTpl>::VectorXs = Eigen::Matrix<double, -1, 1>]\x1b[m\x1b[K\xe2\x80\x99\n'}
[7.379560] (gim_arm_hardware) StderrLine: {'line': b'\x1b[01m\x1b[K/opt/ros/humble/include/pinocchio/src/parsers/urdf/model.hxx:235:38:\x1b[m\x1b[K   required from here\n'}
[7.379587] (gim_arm_hardware) StderrLine: {'line': b'\x1b[01m\x1b[K/usr/include/boost/variant/variant.hpp:2359:41:\x1b[m\x1b[K \x1b[01;31m\x1b[Kerror: \x1b[m\x1b[Kusing invalid field \xe2\x80\x98\x1b[01m\x1b[Kboost::variant<T0, TN>::storage_\x1b[m\x1b[K\xe2\x80\x99\n'}
[7.379611] (gim_arm_hardware) StderrLine: {'line': b'/usr/include/boost/variant/variant.hpp: In instantiation of \xe2\x80\x98\x1b[01m\x1b[Ktypename Visitor::result_type boost::variant<T0, TN>::internal_apply_visitor(Visitor&) const [with Visitor = boost::detail::variant::invoke_visitor<const pinocchio::JointIdxVVisitor, false>; T0_ = pinocchio::JointModelRevoluteTpl<double, 0, 0>; TN = {pinocchio::JointModelRevoluteTpl<double, 0, 1>, pinocchio::JointModelRevoluteTpl<double, 0, 2>, pinocchio::JointModelFreeFlyerTpl<double, 0>, pinocchio::JointModelPlanarTpl<double, 0>, pinocchio::JointModelRevoluteUnalignedTpl<double, 0>, pinocchio::JointModelSphericalTpl<double, 0>, pinocchio::JointModelSphericalZYXTpl<double, 0>, pinocchio::JointModelEllipsoidTpl<double, 0>, pinocchio::JointModelPrismaticTpl<double, 0, 0>, pinocchio::JointModelPrismaticTpl<double, 0, 1>, pinocchio::JointModelPrismaticTpl<double, 0, 2>, pinocchio::JointModelPrismaticUnalignedTpl<double, 0>, pinocchio::JointModelTranslationTpl<double, 0>, pinocchio::JointModelRevoluteUnboundedTpl<double, 0, 0>, pinocchio::JointModelRevoluteUnboundedTpl<double, 0, 1>, pinocchio::JointModelRevoluteUnboundedTpl<double, 0, 2>, pinocchio::JointModelRevoluteUnboundedUnalignedTpl<double, 0>, pinocchio::JointModelHelicalTpl<double, 0, 0>, pinocchio::JointModelHelicalTpl<double, 0, 1>, pinocchio::JointModelHelicalTpl<double, 0, 2>, pinocchio::JointModelHelicalUnalignedTpl<double, 0>, pinocchio::JointModelUniversalTpl<double, 0>, boost::recursive_wrapper<pinocchio::JointModelCompositeTpl<double, 0, pinocchio::JointCollectionDefaultTpl> >, boost::recursive_wrapper<pinocchio::JointModelMimicTpl<double, 0, pinocchio::JointCollectionDefaultTpl> >}; typename Visitor::result_type = int]\x1b[m\x1b[K\xe2\x80\x99:\n'}
[7.379646] (gim_arm_hardware) StderrLine: {'line': b'\x1b[01m\x1b[K/usr/include/boost/variant/variant.hpp:2404:44:\x1b[m\x1b[K   required from \xe2\x80\x98\x1b[01m\x1b[Ktypename Visitor::result_type boost::variant<T0, TN>::apply_visitor(Visitor&) const & [with Visitor = const pinocchio::JointIdxVVisitor; T0_ = pinocchio::JointModelRevoluteTpl<double, 0, 0>; TN = {pinocchio::JointModelRevoluteTpl<double, 0, 1>, pinocchio::JointModelRevoluteTpl<double, 0, 2>, pinocchio::JointModelFreeFlyerTpl<double, 0>, pinocchio::JointModelPlanarTpl<double, 0>, pinocchio::JointModelRevoluteUnalignedTpl<double, 0>, pinocchio::JointModelSphericalTpl<double, 0>, pinocchio::JointModelSphericalZYXTpl<double, 0>, pinocchio::JointModelEllipsoidTpl<double, 0>, pinocchio::JointModelPrismaticTpl<double, 0, 0>, pinocchio::JointModelPrismaticTpl<double, 0, 1>, pinocchio::JointModelPrismaticTpl<double, 0, 2>, pinocchio::JointModelPrismaticUnalignedTpl<double, 0>, pinocchio::JointModelTranslationTpl<double, 0>, pinocchio::JointModelRevoluteUnboundedTpl<double, 0, 0>, pinocchio::JointModelRevoluteUnboundedTpl<double, 0, 1>, pinocchio::JointModelRevoluteUnboundedTpl<double, 0, 2>, pinocchio::JointModelRevoluteUnboundedUnalignedTpl<double, 0>, pinocchio::JointModelHelicalTpl<double, 0, 0>, pinocchio::JointModelHelicalTpl<double, 0, 1>, pinocchio::JointModelHelicalTpl<double, 0, 2>, pinocchio::JointModelHelicalUnalignedTpl<double, 0>, pinocchio::JointModelUniversalTpl<double, 0>, boost::recursive_wrapper<pinocchio::JointModelCompositeTpl<double, 0, pinocchio::JointCollectionDefaultTpl> >, boost::recursive_wrapper<pinocchio::JointModelMimicTpl<double, 0, pinocchio::JointCollectionDefaultTpl> >}; typename Visitor::result_type = int]\x1b[m\x1b[K\xe2\x80\x99\n'}
[7.379683] (gim_arm_hardware) StderrLine: {'line': b'\x1b[01m\x1b[K/usr/include/boost/variant/detail/apply_visitor_unary.hpp:68:64:\x1b[m\x1b[K   required from \xe2\x80\x98\x1b[01m\x1b[Ktypename Visitor::result_type boost::apply_visitor(const Visitor&, Visitable&&) [with Visitor = pinocchio::JointIdxVVisitor; Visitable = const pinocchio::JointModelTpl<double>&; typename Visitor::result_type = int]\x1b[m\x1b[K\xe2\x80\x99\n'}
[7.379707] (gim_arm_hardware) StderrLine: {'line': b'\x1b[01m\x1b[K/opt/ros/humble/include/pinocchio/src/multibody/joint/joint-basic-visitors.hxx:943:34:\x1b[m\x1b[K   required from \xe2\x80\x98\x1b[01m\x1b[Kstatic int pinocchio::JointIdxVVisitor::run(const pinocchio::JointModelTpl<Scalar, Options, JointCollectionTpl>&) [with Scalar = double; int Options = 0; JointCollectionTpl = pinocchio::JointCollectionDefaultTpl]\x1b[m\x1b[K\xe2\x80\x99\n'}
[7.379734] (gim_arm_hardware) StderrLine: {'line': b'\x1b[01m\x1b[K/opt/ros/humble/include/pinocchio/src/multibody/joint/joint-basic-visitors.hxx:950:33:\x1b[m\x1b[K   required from \xe2\x80\x98\x1b[01m\x1b[Kint pinocchio::idx_v(const pinocchio::JointModelTpl<Scalar, Options, JointCollectionTpl>&) [with Scalar = double; int Options = 0; JointCollectionTpl = pinocchio::JointCollectionDefaultTpl]\x1b[m\x1b[K\xe2\x80\x99\n'}
[7.379759] (gim_arm_hardware) StderrLine: {'line': b'\x1b[01m\x1b[K/opt/ros/humble/include/pinocchio/src/multibody/joint/joint-generic.hxx:443:32:\x1b[m\x1b[K   required from \xe2\x80\x98\x1b[01m\x1b[Kint pinocchio::JointModelTpl<Scalar, Options, JointCollectionTpl>::idx_v_impl() const [with _Scalar = double; int _Options = 0; JointCollectionTpl = pinocchio::JointCollectionDefaultTpl]\x1b[m\x1b[K\xe2\x80\x99\n'}
[7.379783] (gim_arm_hardware) StderrLine: {'line': b'\x1b[01m\x1b[K/opt/ros/humble/include/pinocchio/src/multibody/joint/joint-model-base.hxx:178:34:\x1b[m\x1b[K   required from \xe2\x80\x98\x1b[01m\x1b[Kint pinocchio::JointModelBase<Derived>::idx_v() const [with Derived = pinocchio::JointModelTpl<double>]\x1b[m\x1b[K\xe2\x80\x99\n'}
[7.379807] (gim_arm_hardware) StderrLine: {'line': b'\x1b[01m\x1b[K/opt/ros/humble/include/pinocchio/src/multibody/model.hxx:874:41:\x1b[m\x1b[K   required from \xe2\x80\x98\x1b[01m\x1b[Kpinocchio::ModelTpl<_Scalar, _Options, JointCollectionTpl>::JointIndex pinocchio::ModelTpl<_Scalar, _Options, JointCollectionTpl>::addJoint(pinocchio::ModelTpl<_Scalar, _Options, JointCollectionTpl>::JointIndex, const JointModel&, const SE3&, const string&, const VectorXs&, const VectorXs&, const VectorXs&, const VectorXs&, const VectorXs&, const VectorXs&, const VectorXs&, const VectorXs&, const VectorXs&, const VectorXs&) [with _Scalar = double; int _Options = 0; JointCollectionTpl = pinocchio::JointCollectionDefaultTpl; pinocchio::ModelTpl<_Scalar, _Options, JointCollectionTpl>::JointIndex = long unsigned int; pinocchio::ModelTpl<_Scalar, _Options, JointCollectionTpl>::JointModel = pinocchio::JointModelTpl<double>; pinocchio::ModelTpl<_Scalar, _Options, JointCollectionTpl>::SE3 = pinocchio::SE3Tpl<double, 0>; std::string = std::__cxx11::basic_string<char>; pinocchio::ModelTpl<_Scalar, _Options, JointCollectionTpl>::VectorXs = Eigen::Matrix<double, -1, 1>]\x1b[m\x1b[K\xe2\x80\x99\n'}
[7.379840] (gim_arm_hardware) StderrLine: {'line': b'\x1b[01m\x1b[K/opt/ros/humble/include/pinocchio/src/parsers/urdf/model.hxx:235:38:\x1b[m\x1b[K   required from here\n'}
[7.379863] (gim_arm_hardware) StderrLine: {'line': b'\x1b[01m\x1b[K/usr/include/boost/variant/variant.hpp:2359:41:\x1b[m\x1b[K \x1b[01;31m\x1b[Kerror: \x1b[m\x1b[Kusing invalid field \xe2\x80\x98\x1b[01m\x1b[Kboost::variant<T0, TN>::storage_\x1b[m\x1b[K\xe2\x80\x99\n'}
[7.379887] (gim_arm_hardware) StderrLine: {'line': b'/usr/include/boost/variant/variant.hpp: In instantiation of \xe2\x80\x98\x1b[01m\x1b[Ktypename Visitor::result_type boost::variant<T0, TN>::internal_apply_visitor(Visitor&) const [with Visitor = boost::detail::variant::invoke_visitor<const pinocchio::JointIdxVExtendedVisitor, false>; T0_ = pinocchio::JointModelRevoluteTpl<double, 0, 0>; TN = {pinocchio::JointModelRevoluteTpl<double, 0, 1>, pinocchio::JointModelRevoluteTpl<double, 0, 2>, pinocchio::JointModelFreeFlyerTpl<double, 0>, pinocchio::JointModelPlanarTpl<double, 0>, pinocchio::JointModelRevoluteUnalignedTpl<double, 0>, pinocchio::JointModelSphericalTpl<double, 0>, pinocchio::JointModelSphericalZYXTpl<double, 0>, pinocchio::JointModelEllipsoidTpl<double, 0>, pinocchio::JointModelPrismaticTpl<double, 0, 0>, pinocchio::JointModelPrismaticTpl<double, 0, 1>, pinocchio::JointModelPrismaticTpl<double, 0, 2>, pinocchio::JointModelPrismaticUnalignedTpl<double, 0>, pinocchio::JointModelTranslationTpl<double, 0>, pinocchio::JointModelRevoluteUnboundedTpl<double, 0, 0>, pinocchio::JointModelRevoluteUnboundedTpl<double, 0, 1>, pinocchio::JointModelRevoluteUnboundedTpl<double, 0, 2>, pinocchio::JointModelRevoluteUnboundedUnalignedTpl<double, 0>, pinocchio::JointModelHelicalTpl<double, 0, 0>, pinocchio::JointModelHelicalTpl<double, 0, 1>, pinocchio::JointModelHelicalTpl<double, 0, 2>, pinocchio::JointModelHelicalUnalignedTpl<double, 0>, pinocchio::JointModelUniversalTpl<double, 0>, boost::recursive_wrapper<pinocchio::JointModelCompositeTpl<double, 0, pinocchio::JointCollectionDefaultTpl> >, boost::recursive_wrapper<pinocchio::JointModelMimicTpl<double, 0, pinocchio::JointCollectionDefaultTpl> >}; typename Visitor::result_type = int]\x1b[m\x1b[K\xe2\x80\x99:\n'}
[7.379922] (gim_arm_hardware) StderrLine: {'line': b'\x1b[01m\x1b[K/usr/include/boost/variant/variant.hpp:2404:44:\x1b[m\x1b[K   required from \xe2\x80\x98\x1b[01m\x1b[Ktypename Visitor::result_type boost::variant<T0, TN>::apply_visitor(Visitor&) const & [with Visitor = const pinocchio::JointIdxVExtendedVisitor; T0_ = pinocchio::JointModelRevoluteTpl<double, 0, 0>; TN = {pinocchio::JointModelRevoluteTpl<double, 0, 1>, pinocchio::JointModelRevoluteTpl<double, 0, 2>, pinocchio::JointModelFreeFlyerTpl<double, 0>, pinocchio::JointModelPlanarTpl<double, 0>, pinocchio::JointModelRevoluteUnalignedTpl<double, 0>, pinocchio::JointModelSphericalTpl<double, 0>, pinocchio::JointModelSphericalZYXTpl<double, 0>, pinocchio::JointModelEllipsoidTpl<double, 0>, pinocchio::JointModelPrismaticTpl<double, 0, 0>, pinocchio::JointModelPrismaticTpl<double, 0, 1>, pinocchio::JointModelPrismaticTpl<double, 0, 2>, pinocchio::JointModelPrismaticUnalignedTpl<double, 0>, pinocchio::JointModelTranslationTpl<double, 0>, pinocchio::JointModelRevoluteUnboundedTpl<double, 0, 0>, pinocchio::JointModelRevoluteUnboundedTpl<double, 0, 1>, pinocchio::JointModelRevoluteUnboundedTpl<double, 0, 2>, pinocchio::JointModelRevoluteUnboundedUnalignedTpl<double, 0>, pinocchio::JointModelHelicalTpl<double, 0, 0>, pinocchio::JointModelHelicalTpl<double, 0, 1>, pinocchio::JointModelHelicalTpl<double, 0, 2>, pinocchio::JointModelHelicalUnalignedTpl<double, 0>, pinocchio::JointModelUniversalTpl<double, 0>, boost::recursive_wrapper<pinocchio::JointModelCompositeTpl<double, 0, pinocchio::JointCollectionDefaultTpl> >, boost::recursive_wrapper<pinocchio::JointModelMimicTpl<double, 0, pinocchio::JointCollectionDefaultTpl> >}; typename Visitor::result_type = int]\x1b[m\x1b[K\xe2\x80\x99\n'}
[7.379952] (gim_arm_hardware) StderrLine: {'line': b'\x1b[01m\x1b[K/usr/include/boost/variant/detail/apply_visitor_unary.hpp:68:64:\x1b[m\x1b[K   required from \xe2\x80\x98\x1b[01m\x1b[Ktypename Visitor::result_type boost::apply_visitor(const Visitor&, Visitable&&) [with Visitor = pinocchio::JointIdxVExtendedVisitor; Visitable = const pinocchio::JointModelTpl<double>&; typename Visitor::result_type = int]\x1b[m\x1b[K\xe2\x80\x99\n'}
[7.379978] (gim_arm_hardware) StderrLine: {'line': b'\x1b[01m\x1b[K/opt/ros/humble/include/pinocchio/src/multibody/joint/joint-basic-visitors.hxx:967:34:\x1b[m\x1b[K   required from \xe2\x80\x98\x1b[01m\x1b[Kstatic int pinocchio::JointIdxVExtendedVisitor::run(const pinocchio::JointModelTpl<Scalar, Options, JointCollectionTpl>&) [with Scalar = double; int Options = 0; JointCollectionTpl = pinocchio::JointCollectionDefaultTpl]\x1b[m\x1b[K\xe2\x80\x99\n'}
[7.380007] (gim_arm_hardware) StderrLine: {'line': b'\x1b[01m\x1b[K/opt/ros/humble/include/pinocchio/src/multibody/joint/joint-basic-visitors.hxx:974:41:\x1b[m\x1b[K   required from \xe2\x80\x98\x1b[01m\x1b[Kint pinocchio::idx_vExtended(const pinocchio::JointModelTpl<Scalar, Options, JointCollectionTpl>&) [with Scalar = double; int Options = 0; JointCollectionTpl = pinocchio::JointCollectionDefaultTpl]\x1b[m\x1b[K\xe2\x80\x99\n'}
[7.380031] (gim_arm_hardware) StderrLine: {'line': b'\x1b[01m\x1b[K/opt/ros/humble/include/pinocchio/src/multibody/joint/joint-generic.hxx:447:40:\x1b[m\x1b[K   required from \xe2\x80\x98\x1b[01m\x1b[Kint pinocchio::JointModelTpl<Scalar, Options, JointCollectionTpl>::idx_vExtended_impl() const [with _Scalar = double; int _Options = 0; JointCollectionTpl = pinocchio::JointCollectionDefaultTpl]\x1b[m\x1b[K\xe2\x80\x99\n'}
[7.380055] (gim_arm_hardware) StderrLine: {'line': b'\x1b[01m\x1b[K/opt/ros/humble/include/pinocchio/src/multibody/joint/joint-model-base.hxx:182:42:\x1b[m\x1b[K   required from \xe2\x80\x98\x1b[01m\x1b[Kint pinocchio::JointModelBase<Derived>::idx_vExtended() const [with Derived = pinocchio::JointModelTpl<double>]\x1b[m\x1b[K\xe2\x80\x99\n'}
[7.380080] (gim_arm_hardware) StderrLine: {'line': b'\x1b[01m\x1b[K/opt/ros/humble/include/pinocchio/src/multibody/model.hxx:876:57:\x1b[m\x1b[K   required from \xe2\x80\x98\x1b[01m\x1b[Kpinocchio::ModelTpl<_Scalar, _Options, JointCollectionTpl>::JointIndex pinocchio::ModelTpl<_Scalar, _Options, JointCollectionTpl>::addJoint(pinocchio::ModelTpl<_Scalar, _Options, JointCollectionTpl>::JointIndex, const JointModel&, const SE3&, const string&, const VectorXs&, const VectorXs&, const VectorXs&, const VectorXs&, const VectorXs&, const VectorXs&, const VectorXs&, const VectorXs&, const VectorXs&, const VectorXs&) [with _Scalar = double; int _Options = 0; JointCollectionTpl = pinocchio::JointCollectionDefaultTpl; pinocchio::ModelTpl<_Scalar, _Options, JointCollectionTpl>::JointIndex = long unsigned int; pinocchio::ModelTpl<_Scalar, _Options, JointCollectionTpl>::JointModel = pinocchio::JointModelTpl<double>; pinocchio::ModelTpl<_Scalar, _Options, JointCollectionTpl>::SE3 = pinocchio::SE3Tpl<double, 0>; std::string = std::__cxx11::basic_string<char>; pinocchio::ModelTpl<_Scalar, _Options, JointCollectionTpl>::VectorXs = Eigen::Matrix<double, -1, 1>]\x1b[m\x1b[K\xe2\x80\x99\n'}
[7.380114] (gim_arm_hardware) StderrLine: {'line': b'\x1b[01m\x1b[K/opt/ros/humble/include/pinocchio/src/parsers/urdf/model.hxx:235:38:\x1b[m\x1b[K   required from here\n'}
[7.380139] (gim_arm_hardware) StderrLine: {'line': b'\x1b[01m\x1b[K/usr/include/boost/variant/variant.hpp:2359:41:\x1b[m\x1b[K \x1b[01;31m\x1b[Kerror: \x1b[m\x1b[Kusing invalid field \xe2\x80\x98\x1b[01m\x1b[Kboost::variant<T0, TN>::storage_\x1b[m\x1b[K\xe2\x80\x99\n'}
[7.381649] (gim_arm_hardware) StderrLine: {'line': b'/usr/include/boost/variant/variant.hpp: In instantiation of \xe2\x80\x98\x1b[01m\x1b[Ktypename Visitor::result_type boost::variant<T0, TN>::internal_apply_visitor(Visitor&) const [with Visitor = boost::detail::variant::invoke_visitor<const pinocchio::JointIdVisitor, false>; T0_ = pinocchio::JointModelRevoluteTpl<double, 0, 0>; TN = {pinocchio::JointModelRevoluteTpl<double, 0, 1>, pinocchio::JointModelRevoluteTpl<double, 0, 2>, pinocchio::JointModelFreeFlyerTpl<double, 0>, pinocchio::JointModelPlanarTpl<double, 0>, pinocchio::JointModelRevoluteUnalignedTpl<double, 0>, pinocchio::JointModelSphericalTpl<double, 0>, pinocchio::JointModelSphericalZYXTpl<double, 0>, pinocchio::JointModelEllipsoidTpl<double, 0>, pinocchio::JointModelPrismaticTpl<double, 0, 0>, pinocchio::JointModelPrismaticTpl<double, 0, 1>, pinocchio::JointModelPrismaticTpl<double, 0, 2>, pinocchio::JointModelPrismaticUnalignedTpl<double, 0>, pinocchio::JointModelTranslationTpl<double, 0>, pinocchio::JointModelRevoluteUnboundedTpl<double, 0, 0>, pinocchio::JointModelRevoluteUnboundedTpl<double, 0, 1>, pinocchio::JointModelRevoluteUnboundedTpl<double, 0, 2>, pinocchio::JointModelRevoluteUnboundedUnalignedTpl<double, 0>, pinocchio::JointModelHelicalTpl<double, 0, 0>, pinocchio::JointModelHelicalTpl<double, 0, 1>, pinocchio::JointModelHelicalTpl<double, 0, 2>, pinocchio::JointModelHelicalUnalignedTpl<double, 0>, pinocchio::JointModelUniversalTpl<double, 0>, boost::recursive_wrapper<pinocchio::JointModelCompositeTpl<double, 0, pinocchio::JointCollectionDefaultTpl> >, boost::recursive_wrapper<pinocchio::JointModelMimicTpl<double, 0, pinocchio::JointCollectionDefaultTpl> >}; typename Visitor::result_type = long unsigned int]\x1b[m\x1b[K\xe2\x80\x99:\n'}
[7.381704] (gim_arm_hardware) StderrLine: {'line': b'\x1b[01m\x1b[K/usr/include/boost/variant/variant.hpp:2404:44:\x1b[m\x1b[K   required from \xe2\x80\x98\x1b[01m\x1b[Ktypename Visitor::result_type boost::variant<T0, TN>::apply_visitor(Visitor&) const & [with Visitor = const pinocchio::JointIdVisitor; T0_ = pinocchio::JointModelRevoluteTpl<double, 0, 0>; TN = {pinocchio::JointModelRevoluteTpl<double, 0, 1>, pinocchio::JointModelRevoluteTpl<double, 0, 2>, pinocchio::JointModelFreeFlyerTpl<double, 0>, pinocchio::JointModelPlanarTpl<double, 0>, pinocchio::JointModelRevoluteUnalignedTpl<double, 0>, pinocchio::JointModelSphericalTpl<double, 0>, pinocchio::JointModelSphericalZYXTpl<double, 0>, pinocchio::JointModelEllipsoidTpl<double, 0>, pinocchio::JointModelPrismaticTpl<double, 0, 0>, pinocchio::JointModelPrismaticTpl<double, 0, 1>, pinocchio::JointModelPrismaticTpl<double, 0, 2>, pinocchio::JointModelPrismaticUnalignedTpl<double, 0>, pinocchio::JointModelTranslationTpl<double, 0>, pinocchio::JointModelRevoluteUnboundedTpl<double, 0, 0>, pinocchio::JointModelRevoluteUnboundedTpl<double, 0, 1>, pinocchio::JointModelRevoluteUnboundedTpl<double, 0, 2>, pinocchio::JointModelRevoluteUnboundedUnalignedTpl<double, 0>, pinocchio::JointModelHelicalTpl<double, 0, 0>, pinocchio::JointModelHelicalTpl<double, 0, 1>, pinocchio::JointModelHelicalTpl<double, 0, 2>, pinocchio::JointModelHelicalUnalignedTpl<double, 0>, pinocchio::JointModelUniversalTpl<double, 0>, boost::recursive_wrapper<pinocchio::JointModelCompositeTpl<double, 0, pinocchio::JointCollectionDefaultTpl> >, boost::recursive_wrapper<pinocchio::JointModelMimicTpl<double, 0, pinocchio::JointCollectionDefaultTpl> >}; typename Visitor::result_type = long unsigned int]\x1b[m\x1b[K\xe2\x80\x99\n'}
[7.381736] (gim_arm_hardware) StderrLine: {'line': b'\x1b[01m\x1b[K/usr/include/boost/variant/detail/apply_visitor_unary.hpp:68:64:\x1b[m\x1b[K   required from \xe2\x80\x98\x1b[01m\x1b[Ktypename Visitor::result_type boost::apply_visitor(const Visitor&, Visitable&&) [with Visitor = pinocchio::JointIdVisitor; Visitable = const pinocchio::JointModelTpl<double>&; typename Visitor::result_type = long unsigned int]\x1b[m\x1b[K\xe2\x80\x99\n'}
[7.381764] (gim_arm_hardware) StderrLine: {'line': b'\x1b[01m\x1b[K/opt/ros/humble/include/pinocchio/src/multibody/joint/joint-basic-visitors.hxx:991:34:\x1b[m\x1b[K   required from \xe2\x80\x98\x1b[01m\x1b[Kstatic pinocchio::JointIndex pinocchio::JointIdVisitor::run(const pinocchio::JointModelTpl<Scalar, Options, JointCollectionTpl>&) [with Scalar = double; int Options = 0; JointCollectionTpl = pinocchio::JointCollectionDefaultTpl; pinocchio::JointIndex = long unsigned int]\x1b[m\x1b[K\xe2\x80\x99\n'}
[7.381793] (gim_arm_hardware) StderrLine: {'line': b'\x1b[01m\x1b[K/opt/ros/humble/include/pinocchio/src/multibody/joint/joint-basic-visitors.hxx:998:31:\x1b[m\x1b[K   required from \xe2\x80\x98\x1b[01m\x1b[Kpinocchio::JointIndex pinocchio::id(const pinocchio::JointModelTpl<Scalar, Options, JointCollectionTpl>&) [with Scalar = double; int Options = 0; JointCollectionTpl = pinocchio::JointCollectionDefaultTpl; pinocchio::JointIndex = long unsigned int]\x1b[m\x1b[K\xe2\x80\x99\n'}
[7.381819] (gim_arm_hardware) StderrLine: {'line': b'\x1b[01m\x1b[K/opt/ros/humble/include/pinocchio/src/multibody/joint/joint-generic.hxx:452:29:\x1b[m\x1b[K   required from \xe2\x80\x98\x1b[01m\x1b[Kpinocchio::JointIndex pinocchio::JointModelTpl<Scalar, Options, JointCollectionTpl>::id_impl() const [with _Scalar = double; int _Options = 0; JointCollectionTpl = pinocchio::JointCollectionDefaultTpl; pinocchio::JointIndex = long unsigned int]\x1b[m\x1b[K\xe2\x80\x99\n'}
[7.381846] (gim_arm_hardware) StderrLine: {'line': b'\x1b[01m\x1b[K/opt/ros/humble/include/pinocchio/src/multibody/joint/joint-model-base.hxx:186:31:\x1b[m\x1b[K   required from \xe2\x80\x98\x1b[01m\x1b[Kpinocchio::JointIndex pinocchio::JointModelBase<Derived>::id() const [with Derived = pinocchio::JointModelTpl<double>; pinocchio::JointIndex = long unsigned int]\x1b[m\x1b[K\xe2\x80\x99\n'}
[7.381872] (gim_arm_hardware) StderrLine: {'line': b'\x1b[01m\x1b[K/opt/ros/humble/include/pinocchio/src/multibody/model.hxx:981:43:\x1b[m\x1b[K   required from \xe2\x80\x98\x1b[01m\x1b[Kpinocchio::ModelTpl<_Scalar, _Options, JointCollectionTpl>::JointIndex pinocchio::ModelTpl<_Scalar, _Options, JointCollectionTpl>::addJoint(pinocchio::ModelTpl<_Scalar, _Options, JointCollectionTpl>::JointIndex, const JointModel&, const SE3&, const string&, const VectorXs&, const VectorXs&, const VectorXs&, const VectorXs&, const VectorXs&, const VectorXs&, const VectorXs&, const VectorXs&, const VectorXs&, const VectorXs&) [with _Scalar = double; int _Options = 0; JointCollectionTpl = pinocchio::JointCollectionDefaultTpl; pinocchio::ModelTpl<_Scalar, _Options, JointCollectionTpl>::JointIndex = long unsigned int; pinocchio::ModelTpl<_Scalar, _Options, JointCollectionTpl>::JointModel = pinocchio::JointModelTpl<double>; pinocchio::ModelTpl<_Scalar, _Options, JointCollectionTpl>::SE3 = pinocchio::SE3Tpl<double, 0>; std::string = std::__cxx11::basic_string<char>; pinocchio::ModelTpl<_Scalar, _Options, JointCollectionTpl>::VectorXs = Eigen::Matrix<double, -1, 1>]\x1b[m\x1b[K\xe2\x80\x99\n'}
[7.381902] (gim_arm_hardware) StderrLine: {'line': b'\x1b[01m\x1b[K/opt/ros/humble/include/pinocchio/src/parsers/urdf/model.hxx:235:38:\x1b[m\x1b[K   required from here\n'}
[7.381927] (gim_arm_hardware) StderrLine: {'line': b'\x1b[01m\x1b[K/usr/include/boost/variant/variant.hpp:2359:41:\x1b[m\x1b[K \x1b[01;31m\x1b[Kerror: \x1b[m\x1b[Kusing invalid field \xe2\x80\x98\x1b[01m\x1b[Kboost::variant<T0, TN>::storage_\x1b[m\x1b[K\xe2\x80\x99\n'}
[7.421250] (-) TimerEvent: {}
[7.458157] (gim_arm_hardware) StderrLine: {'line': b'/usr/include/boost/variant/variant.hpp: In instantiation of \xe2\x80\x98\x1b[01m\x1b[Ktypename Visitor::result_type boost::variant<T0, TN>::internal_apply_visitor(Visitor&) const [with Visitor = boost::detail::variant::invoke_visitor<pinocchio::fusion::JointUnaryVisitorBase<pinocchio::NeutralStep<pinocchio::LieGroupMap, Eigen::Matrix<double, -1, 1> >, void>::InternalVisitorModel<boost::fusion::vector<Eigen::Matrix<double, -1, 1, 0, -1, 1>&>, void>, false>; T0_ = pinocchio::JointModelRevoluteTpl<double, 0, 0>; TN = {pinocchio::JointModelRevoluteTpl<double, 0, 1>, pinocchio::JointModelRevoluteTpl<double, 0, 2>, pinocchio::JointModelFreeFlyerTpl<double, 0>, pinocchio::JointModelPlanarTpl<double, 0>, pinocchio::JointModelRevoluteUnalignedTpl<double, 0>, pinocchio::JointModelSphericalTpl<double, 0>, pinocchio::JointModelSphericalZYXTpl<double, 0>, pinocchio::JointModelEllipsoidTpl<double, 0>, pinocchio::JointModelPrismaticTpl<double, 0, 0>, pinocchio::JointModelPrismaticTpl<double, 0, 1>, pinocchio::JointModelPrismaticTpl<double, 0, 2>, pinocchio::JointModelPrismaticUnalignedTpl<double, 0>, pinocchio::JointModelTranslationTpl<double, 0>, pinocchio::JointModelRevoluteUnboundedTpl<double, 0, 0>, pinocchio::JointModelRevoluteUnboundedTpl<double, 0, 1>, pinocchio::JointModelRevoluteUnboundedTpl<double, 0, 2>, pinocchio::JointModelRevoluteUnboundedUnalignedTpl<double, 0>, pinocchio::JointModelHelicalTpl<double, 0, 0>, pinocchio::JointModelHelicalTpl<double, 0, 1>, pinocchio::JointModelHelicalTpl<double, 0, 2>, pinocchio::JointModelHelicalUnalignedTpl<double, 0>, pinocchio::JointModelUniversalTpl<double, 0>, boost::recursive_wrapper<pinocchio::JointModelCompositeTpl<double, 0, pinocchio::JointCollectionDefaultTpl> >, boost::recursive_wrapper<pinocchio::JointModelMimicTpl<double, 0, pinocchio::JointCollectionDefaultTpl> >}; typename Visitor::result_type = void]\x1b[m\x1b[K\xe2\x80\x99:\n'}
[7.458427] (gim_arm_hardware) StderrLine: {'line': b'\x1b[01m\x1b[K/usr/include/boost/variant/variant.hpp:2404:44:\x1b[m\x1b[K   required from \xe2\x80\x98\x1b[01m\x1b[Ktypename Visitor::result_type boost::variant<T0, TN>::apply_visitor(Visitor&) const & [with Visitor = pinocchio::fusion::JointUnaryVisitorBase<pinocchio::NeutralStep<pinocchio::LieGroupMap, Eigen::Matrix<double, -1, 1> >, void>::InternalVisitorModel<boost::fusion::vector<Eigen::Matrix<double, -1, 1, 0, -1, 1>&>, void>; T0_ = pinocchio::JointModelRevoluteTpl<double, 0, 0>; TN = {pinocchio::JointModelRevoluteTpl<double, 0, 1>, pinocchio::JointModelRevoluteTpl<double, 0, 2>, pinocchio::JointModelFreeFlyerTpl<double, 0>, pinocchio::JointModelPlanarTpl<double, 0>, pinocchio::JointModelRevoluteUnalignedTpl<double, 0>, pinocchio::JointModelSphericalTpl<double, 0>, pinocchio::JointModelSphericalZYXTpl<double, 0>, pinocchio::JointModelEllipsoidTpl<double, 0>, pinocchio::JointModelPrismaticTpl<double, 0, 0>, pinocchio::JointModelPrismaticTpl<double, 0, 1>, pinocchio::JointModelPrismaticTpl<double, 0, 2>, pinocchio::JointModelPrismaticUnalignedTpl<double, 0>, pinocchio::JointModelTranslationTpl<double, 0>, pinocchio::JointModelRevoluteUnboundedTpl<double, 0, 0>, pinocchio::JointModelRevoluteUnboundedTpl<double, 0, 1>, pinocchio::JointModelRevoluteUnboundedTpl<double, 0, 2>, pinocchio::JointModelRevoluteUnboundedUnalignedTpl<double, 0>, pinocchio::JointModelHelicalTpl<double, 0, 0>, pinocchio::JointModelHelicalTpl<double, 0, 1>, pinocchio::JointModelHelicalTpl<double, 0, 2>, pinocchio::JointModelHelicalUnalignedTpl<double, 0>, pinocchio::JointModelUniversalTpl<double, 0>, boost::recursive_wrapper<pinocchio::JointModelCompositeTpl<double, 0, pinocchio::JointCollectionDefaultTpl> >, boost::recursive_wrapper<pinocchio::JointModelMimicTpl<double, 0, pinocchio::JointCollectionDefaultTpl> >}; typename Visitor::result_type = void]\x1b[m\x1b[K\xe2\x80\x99\n'}
[7.458586] (gim_arm_hardware) StderrLine: {'line': b'\x1b[01m\x1b[K/usr/include/boost/variant/detail/apply_visitor_unary.hpp:48:64:\x1b[m\x1b[K   required from \xe2\x80\x98\x1b[01m\x1b[Ktypename Visitor::result_type boost::apply_visitor(Visitor&, Visitable&&) [with Visitor = pinocchio::fusion::JointUnaryVisitorBase<pinocchio::NeutralStep<pinocchio::LieGroupMap, Eigen::Matrix<double, -1, 1> >, void>::InternalVisitorModel<boost::fusion::vector<Eigen::Matrix<double, -1, 1, 0, -1, 1>&>, void>; Visitable = const pinocchio::JointModelTpl<double>&; typename Visitor::result_type = void]\x1b[m\x1b[K\xe2\x80\x99\n'}
[7.458665] (gim_arm_hardware) StderrLine: {'line': b'\x1b[01m\x1b[K/opt/ros/humble/include/pinocchio/src/multibody/visitor/joint-unary-visitor.hxx:162:36:\x1b[m\x1b[K   required from \xe2\x80\x98\x1b[01m\x1b[Kstatic ReturnType pinocchio::fusion::JointUnaryVisitorBase<JointVisitorDerived, ReturnType>::run(const pinocchio::JointModelTpl<Scalar, Options, JointCollectionTpl>&, ArgsTmp) [with Scalar = double; int Options = 0; JointCollectionTpl = pinocchio::JointCollectionDefaultTpl; ArgsTmp = boost::fusion::vector<Eigen::Matrix<double, -1, 1, 0, -1, 1>&>; JointVisitorDerived = pinocchio::NeutralStep<pinocchio::LieGroupMap, Eigen::Matrix<double, -1, 1> >; ReturnType = void]\x1b[m\x1b[K\xe2\x80\x99\n'}
[7.458754] (gim_arm_hardware) StderrLine: {'line': b'\x1b[01m\x1b[K/opt/ros/humble/include/pinocchio/src/algorithm/joint-configuration.hxx:200:47:\x1b[m\x1b[K   required from \xe2\x80\x98\x1b[01m\x1b[Kvoid pinocchio::neutral(const pinocchio::ModelTpl<Scalar, Options, JointCollectionTpl>&, const Eigen::MatrixBase<Vector3Like>&) [with LieGroup_t = pinocchio::LieGroupMap; Scalar = double; int Options = 0; JointCollectionTpl = pinocchio::JointCollectionDefaultTpl; ReturnType = Eigen::Matrix<double, -1, 1>; typename std::enable_if<is_lie_group_map_v<LieGroup_t>, int>::type <anonymous> = 0]\x1b[m\x1b[K\xe2\x80\x99\n'}
[7.458829] (gim_arm_hardware) StderrLine: {'line': b'\x1b[01m\x1b[K/opt/ros/humble/include/pinocchio/src/algorithm/joint-configuration.hxx:814:73:\x1b[m\x1b[K   required from \xe2\x80\x98\x1b[01m\x1b[KEigen::Matrix<Scalar, -1, 1, Options> pinocchio::neutral(const pinocchio::ModelTpl<Scalar, Options, JointCollectionTpl>&) [with LieGroup_t = pinocchio::LieGroupMap; Scalar = double; int Options = 0; JointCollectionTpl = pinocchio::JointCollectionDefaultTpl; typename std::enable_if<is_lie_group_map_v<LieGroup_t>, int>::type <anonymous> = 0]\x1b[m\x1b[K\xe2\x80\x99\n'}
[7.458893] (gim_arm_hardware) StderrLine: {'line': b'\x1b[01m\x1b[K/opt/ros/humble/include/pinocchio/algorithm/joint-configuration.hpp:1793:69:\x1b[m\x1b[K   required from \xe2\x80\x98\x1b[01m\x1b[KEigen::Matrix<Scalar, -1, 1, Options> pinocchio::neutral(const pinocchio::ModelTpl<Scalar, Options, JointCollectionTpl>&) [with Scalar = double; int Options = 0; JointCollectionTpl = pinocchio::JointCollectionDefaultTpl]\x1b[m\x1b[K\xe2\x80\x99\n'}
[7.458956] (gim_arm_hardware) StderrLine: {'line': b'\x1b[01m\x1b[K/opt/ros/humble/include/pinocchio/src/multibody/data.hxx:660:17:\x1b[m\x1b[K   required from \xe2\x80\x98\x1b[01m\x1b[Kpinocchio::DataTpl<_Scalar, _Options, JointCollectionTpl>::DataTpl(const Model&) [with _Scalar = double; int _Options = 0; JointCollectionTpl = pinocchio::JointCollectionDefaultTpl; pinocchio::DataTpl<_Scalar, _Options, JointCollectionTpl>::Model = pinocchio::ModelTpl<double, 0>]\x1b[m\x1b[K\xe2\x80\x99\n'}
[7.459022] (gim_arm_hardware) StderrLine: {'line': b'\x1b[01m\x1b[K/usr/include/c++/11/bits/unique_ptr.h:962:30:\x1b[m\x1b[K   required from \xe2\x80\x98\x1b[01m\x1b[Ktypename std::_MakeUniq<_Tp>::__single_object std::make_unique(_Args&& ...) [with _Tp = pinocchio::DataTpl<double, 0>; _Args = {pinocchio::ModelTpl<double, 0, pinocchio::JointCollectionDefaultTpl>&}; typename std::_MakeUniq<_Tp>::__single_object = std::unique_ptr<pinocchio::DataTpl<double, 0> >]\x1b[m\x1b[K\xe2\x80\x99\n'}
[7.459088] (gim_arm_hardware) StderrLine: {'line': b'\x1b[01m\x1b[K/home/minh/gim60108_ws/src/gim_arm_hardware/src/gim_arm_system.cpp:134:52:\x1b[m\x1b[K   required from here\n'}
[7.459154] (gim_arm_hardware) StderrLine: {'line': b'\x1b[01m\x1b[K/usr/include/boost/variant/variant.hpp:2359:41:\x1b[m\x1b[K \x1b[01;31m\x1b[Kerror: \x1b[m\x1b[Kusing invalid field \xe2\x80\x98\x1b[01m\x1b[Kboost::variant<T0, TN>::storage_\x1b[m\x1b[K\xe2\x80\x99\n'}
[7.466343] (gim_arm_hardware) StderrLine: {'line': b'/usr/include/boost/variant/variant.hpp: In instantiation of \xe2\x80\x98\x1b[01m\x1b[Kboost::variant<T0, TN>::variant(const boost::variant<T0, TN>&) [with T0_ = pinocchio::JointDataRevoluteTpl<double, 0, 0>; TN = {pinocchio::JointDataRevoluteTpl<double, 0, 1>, pinocchio::JointDataRevoluteTpl<double, 0, 2>, pinocchio::JointDataFreeFlyerTpl<double, 0>, pinocchio::JointDataPlanarTpl<double, 0>, pinocchio::JointDataRevoluteUnalignedTpl<double, 0>, pinocchio::JointDataSphericalTpl<double, 0>, pinocchio::JointDataSphericalZYXTpl<double, 0>, pinocchio::JointDataEllipsoidTpl<double, 0>, pinocchio::JointDataPrismaticTpl<double, 0, 0>, pinocchio::JointDataPrismaticTpl<double, 0, 1>, pinocchio::JointDataPrismaticTpl<double, 0, 2>, pinocchio::JointDataPrismaticUnalignedTpl<double, 0>, pinocchio::JointDataTranslationTpl<double, 0>, pinocchio::JointDataRevoluteUnboundedTpl<double, 0, 0>, pinocchio::JointDataRevoluteUnboundedTpl<double, 0, 1>, pinocchio::JointDataRevoluteUnboundedTpl<double, 0, 2>, pinocchio::JointDataRevoluteUnboundedUnalignedTpl<double, 0>, pinocchio::JointDataHelicalTpl<double, 0, 0>, pinocchio::JointDataHelicalTpl<double, 0, 1>, pinocchio::JointDataHelicalTpl<double, 0, 2>, pinocchio::JointDataHelicalUnalignedTpl<double, 0>, pinocchio::JointDataUniversalTpl<double, 0>, boost::recursive_wrapper<pinocchio::JointDataCompositeTpl<double, 0, pinocchio::JointCollectionDefaultTpl> >, boost::recursive_wrapper<pinocchio::JointDataMimicTpl<double, 0, pinocchio::JointCollectionDefaultTpl> >}]\x1b[m\x1b[K\xe2\x80\x99:\n'}
[7.466679] (gim_arm_hardware) StderrLine: {'line': b'\x1b[01m\x1b[K/opt/ros/humble/include/pinocchio/src/multibody/joint/joint-generic.hxx:88:10:\x1b[m\x1b[K   required from \xe2\x80\x98\x1b[01m\x1b[Kvoid std::_Construct(_Tp*, _Args&& ...) [with _Tp = pinocchio::JointDataTpl<double>; _Args = {const pinocchio::JointDataTpl<double, 0, pinocchio::JointCollectionDefaultTpl>&}]\x1b[m\x1b[K\xe2\x80\x99\n'}
[7.466786] (gim_arm_hardware) StderrLine: {'line': b'\x1b[01m\x1b[K/usr/include/c++/11/bits/stl_uninitialized.h:92:18:\x1b[m\x1b[K   required from \xe2\x80\x98\x1b[01m\x1b[Kstatic _ForwardIterator std::__uninitialized_copy<_TrivialValueTypes>::__uninit_copy(_InputIterator, _InputIterator, _ForwardIterator) [with _InputIterator = const pinocchio::JointDataTpl<double>*; _ForwardIterator = pinocchio::JointDataTpl<double>*; bool _TrivialValueTypes = false]\x1b[m\x1b[K\xe2\x80\x99\n'}
[7.466864] (gim_arm_hardware) StderrLine: {'line': b'\x1b[01m\x1b[K/usr/include/c++/11/bits/stl_uninitialized.h:151:15:\x1b[m\x1b[K   required from \xe2\x80\x98\x1b[01m\x1b[K_ForwardIterator std::uninitialized_copy(_InputIterator, _InputIterator, _ForwardIterator) [with _InputIterator = const pinocchio::JointDataTpl<double>*; _ForwardIterator = pinocchio::JointDataTpl<double>*]\x1b[m\x1b[K\xe2\x80\x99\n'}
[7.466932] (gim_arm_hardware) StderrLine: {'line': b'\x1b[01m\x1b[K/usr/include/c++/11/bits/stl_uninitialized.h:333:37:\x1b[m\x1b[K   required from \xe2\x80\x98\x1b[01m\x1b[K_ForwardIterator std::__uninitialized_copy_a(_InputIterator, _InputIterator, _ForwardIterator, std::allocator<_Tp>&) [with _InputIterator = const pinocchio::JointDataTpl<double>*; _ForwardIterator = pinocchio::JointDataTpl<double>*; _Tp = pinocchio::JointDataTpl<double>]\x1b[m\x1b[K\xe2\x80\x99\n'}
[7.466995] (gim_arm_hardware) StderrLine: {'line': b'\x1b[01m\x1b[K/usr/include/c++/11/bits/stl_vector.h:1514:35:\x1b[m\x1b[K   required from \xe2\x80\x98\x1b[01m\x1b[Kstd::vector<_Tp, _Alloc>::pointer std::vector<_Tp, _Alloc>::_M_allocate_and_copy(std::vector<_Tp, _Alloc>::size_type, _ForwardIterator, _ForwardIterator) [with _ForwardIterator = const pinocchio::JointDataTpl<double>*; _Tp = pinocchio::JointDataTpl<double>; _Alloc = std::allocator<pinocchio::JointDataTpl<double> >; std::vector<_Tp, _Alloc>::pointer = pinocchio::JointDataTpl<double>*; std::vector<_Tp, _Alloc>::size_type = long unsigned int]\x1b[m\x1b[K\xe2\x80\x99\n'}
[7.467060] (gim_arm_hardware) StderrLine: {'line': b'\x1b[01m\x1b[K/usr/include/c++/11/bits/vector.tcc:85:36:\x1b[m\x1b[K   required from \xe2\x80\x98\x1b[01m\x1b[Kvoid std::vector<_Tp, _Alloc>::reserve(std::vector<_Tp, _Alloc>::size_type) [with _Tp = pinocchio::JointDataTpl<double>; _Alloc = std::allocator<pinocchio::JointDataTpl<double> >; std::vector<_Tp, _Alloc>::size_type = long unsigned int]\x1b[m\x1b[K\xe2\x80\x99\n'}
[7.467123] (gim_arm_hardware) StderrLine: {'line': b'\x1b[01m\x1b[K/opt/ros/humble/include/pinocchio/src/multibody/data.hxx:798:19:\x1b[m\x1b[K   required from \xe2\x80\x98\x1b[01m\x1b[Kpinocchio::DataTpl<_Scalar, _Options, JointCollectionTpl>::DataTpl(const Model&) [with _Scalar = double; int _Options = 0; JointCollectionTpl = pinocchio::JointCollectionDefaultTpl; pinocchio::DataTpl<_Scalar, _Options, JointCollectionTpl>::Model = pinocchio::ModelTpl<double, 0>]\x1b[m\x1b[K\xe2\x80\x99\n'}
[7.467195] (gim_arm_hardware) StderrLine: {'line': b'\x1b[01m\x1b[K/usr/include/c++/11/bits/unique_ptr.h:962:30:\x1b[m\x1b[K   required from \xe2\x80\x98\x1b[01m\x1b[Ktypename std::_MakeUniq<_Tp>::__single_object std::make_unique(_Args&& ...) [with _Tp = pinocchio::DataTpl<double, 0>; _Args = {pinocchio::ModelTpl<double, 0, pinocchio::JointCollectionDefaultTpl>&}; typename std::_MakeUniq<_Tp>::__single_object = std::unique_ptr<pinocchio::DataTpl<double, 0> >]\x1b[m\x1b[K\xe2\x80\x99\n'}
[7.467265] (gim_arm_hardware) StderrLine: {'line': b'\x1b[01m\x1b[K/home/minh/gim60108_ws/src/gim_arm_hardware/src/gim_arm_system.cpp:134:52:\x1b[m\x1b[K   required from here\n'}
[7.467327] (gim_arm_hardware) StderrLine: {'line': b'\x1b[01m\x1b[K/usr/include/boost/variant/variant.hpp:1762:45:\x1b[m\x1b[K \x1b[01;31m\x1b[Kerror: \x1b[m\x1b[Kusing invalid field \xe2\x80\x98\x1b[01m\x1b[Kboost::variant<T0, TN>::storage_\x1b[m\x1b[K\xe2\x80\x99\n'}
[7.467390] (gim_arm_hardware) StderrLine: {'line': b' 1762 |         detail::variant::copy_into visitor( \x1b[01;31m\x1b[Kstorage_\x1b[m\x1b[K.address() );\n'}
[7.467459] (gim_arm_hardware) StderrLine: {'line': b'      |                                             \x1b[01;31m\x1b[K^~~~~~~~\x1b[m\x1b[K\n'}
[7.501916] (gim_arm_hardware) StderrLine: {'line': b'/usr/include/boost/variant/variant.hpp: In instantiation of \xe2\x80\x98\x1b[01m\x1b[Kboost::variant<T0, TN>::variant() [with T0_ = pinocchio::JointModelRevoluteTpl<double, 0, 0>; TN = {pinocchio::JointModelRevoluteTpl<double, 0, 1>, pinocchio::JointModelRevoluteTpl<double, 0, 2>, pinocchio::JointModelFreeFlyerTpl<double, 0>, pinocchio::JointModelPlanarTpl<double, 0>, pinocchio::JointModelRevoluteUnalignedTpl<double, 0>, pinocchio::JointModelSphericalTpl<double, 0>, pinocchio::JointModelSphericalZYXTpl<double, 0>, pinocchio::JointModelEllipsoidTpl<double, 0>, pinocchio::JointModelPrismaticTpl<double, 0, 0>, pinocchio::JointModelPrismaticTpl<double, 0, 1>, pinocchio::JointModelPrismaticTpl<double, 0, 2>, pinocchio::JointModelPrismaticUnalignedTpl<double, 0>, pinocchio::JointModelTranslationTpl<double, 0>, pinocchio::JointModelRevoluteUnboundedTpl<double, 0, 0>, pinocchio::JointModelRevoluteUnboundedTpl<double, 0, 1>, pinocchio::JointModelRevoluteUnboundedTpl<double, 0, 2>, pinocchio::JointModelRevoluteUnboundedUnalignedTpl<double, 0>, pinocchio::JointModelHelicalTpl<double, 0, 0>, pinocchio::JointModelHelicalTpl<double, 0, 1>, pinocchio::JointModelHelicalTpl<double, 0, 2>, pinocchio::JointModelHelicalUnalignedTpl<double, 0>, pinocchio::JointModelUniversalTpl<double, 0>, boost::recursive_wrapper<pinocchio::JointModelCompositeTpl<double, 0, pinocchio::JointCollectionDefaultTpl> >, boost::recursive_wrapper<pinocchio::JointModelMimicTpl<double, 0, pinocchio::JointCollectionDefaultTpl> >}]\x1b[m\x1b[K\xe2\x80\x99:\n'}
[7.502191] (gim_arm_hardware) StderrLine: {'line': b'\x1b[01m\x1b[K/opt/ros/humble/include/pinocchio/src/multibody/joint/joint-generic.hxx:275:25:\x1b[m\x1b[K   required from \xe2\x80\x98\x1b[01m\x1b[Kpinocchio::JointModelTpl<Scalar, Options, JointCollectionTpl>::JointModelTpl() [with _Scalar = double; int _Options = 0; JointCollectionTpl = pinocchio::JointCollectionDefaultTpl]\x1b[m\x1b[K\xe2\x80\x99\n'}
[7.502283] (gim_arm_hardware) StderrLine: {'line': b'\x1b[01m\x1b[K/usr/include/c++/11/bits/stl_construct.h:119:7:\x1b[m\x1b[K   required from \xe2\x80\x98\x1b[01m\x1b[Kvoid std::_Construct(_Tp*, _Args&& ...) [with _Tp = pinocchio::JointModelTpl<double>; _Args = {}]\x1b[m\x1b[K\xe2\x80\x99\n'}
[7.502357] (gim_arm_hardware) StderrLine: {'line': b'\x1b[01m\x1b[K/usr/include/c++/11/bits/stl_uninitialized.h:579:18:\x1b[m\x1b[K   required from \xe2\x80\x98\x1b[01m\x1b[Kstatic _ForwardIterator std::__uninitialized_default_n_1<_TrivialValueType>::__uninit_default_n(_ForwardIterator, _Size) [with _ForwardIterator = pinocchio::JointModelTpl<double>*; _Size = long unsigned int; bool _TrivialValueType = false]\x1b[m\x1b[K\xe2\x80\x99\n'}
[7.502429] (gim_arm_hardware) StderrLine: {'line': b'\x1b[01m\x1b[K/usr/include/c++/11/bits/stl_uninitialized.h:640:20:\x1b[m\x1b[K   required from \xe2\x80\x98\x1b[01m\x1b[K_ForwardIterator std::__uninitialized_default_n(_ForwardIterator, _Size) [with _ForwardIterator = pinocchio::JointModelTpl<double>*; _Size = long unsigned int]\x1b[m\x1b[K\xe2\x80\x99\n'}
[7.502537] (gim_arm_hardware) StderrLine: {'line': b'\x1b[01m\x1b[K/usr/include/c++/11/bits/stl_uninitialized.h:704:44:\x1b[m\x1b[K   required from \xe2\x80\x98\x1b[01m\x1b[K_ForwardIterator std::__uninitialized_default_n_a(_ForwardIterator, _Size, std::allocator<_Tp>&) [with _ForwardIterator = pinocchio::JointModelTpl<double>*; _Size = long unsigned int; _Tp = pinocchio::JointModelTpl<double>]\x1b[m\x1b[K\xe2\x80\x99\n'}
[7.502606] (gim_arm_hardware) StderrLine: {'line': b'\x1b[01m\x1b[K/usr/include/c++/11/bits/stl_vector.h:1606:36:\x1b[m\x1b[K   required from \xe2\x80\x98\x1b[01m\x1b[Kvoid std::vector<_Tp, _Alloc>::_M_default_initialize(std::vector<_Tp, _Alloc>::size_type) [with _Tp = pinocchio::JointModelTpl<double>; _Alloc = std::allocator<pinocchio::JointModelTpl<double> >; std::vector<_Tp, _Alloc>::size_type = long unsigned int]\x1b[m\x1b[K\xe2\x80\x99\n'}
[7.502679] (gim_arm_hardware) StderrLine: {'line': b'\x1b[01m\x1b[K/usr/include/c++/11/bits/stl_vector.h:512:9:\x1b[m\x1b[K   required from \xe2\x80\x98\x1b[01m\x1b[Kstd::vector<_Tp, _Alloc>::vector(std::vector<_Tp, _Alloc>::size_type, const allocator_type&) [with _Tp = pinocchio::JointModelTpl<double>; _Alloc = std::allocator<pinocchio::JointModelTpl<double> >; std::vector<_Tp, _Alloc>::size_type = long unsigned int; std::vector<_Tp, _Alloc>::allocator_type = std::allocator<pinocchio::JointModelTpl<double> >]\x1b[m\x1b[K\xe2\x80\x99\n'}
[7.502739] (gim_arm_hardware) StderrLine: {'line': b'\x1b[01m\x1b[K/opt/ros/humble/include/pinocchio/src/multibody/model.hxx:262:7:\x1b[m\x1b[K   required from \xe2\x80\x98\x1b[01m\x1b[Kpinocchio::ModelTpl<_Scalar, _Options, JointCollectionTpl>::ModelTpl() [with _Scalar = double; int _Options = 0; JointCollectionTpl = pinocchio::JointCollectionDefaultTpl]\x1b[m\x1b[K\xe2\x80\x99\n'}
[7.502765] (gim_arm_hardware) StderrLine: {'line': b'\x1b[01m\x1b[K/usr/include/c++/11/bits/unique_ptr.h:962:30:\x1b[m\x1b[K   required from \xe2\x80\x98\x1b[01m\x1b[Ktypename std::_MakeUniq<_Tp>::__single_object std::make_unique(_Args&& ...) [with _Tp = pinocchio::ModelTpl<double, 0>; _Args = {}; typename std::_MakeUniq<_Tp>::__single_object = std::unique_ptr<pinocchio::ModelTpl<double, 0> >]\x1b[m\x1b[K\xe2\x80\x99\n'}
[7.502790] (gim_arm_hardware) StderrLine: {'line': b'\x1b[01m\x1b[K/home/minh/gim60108_ws/src/gim_arm_hardware/src/gim_arm_system.cpp:132:54:\x1b[m\x1b[K   required from here\n'}
[7.502816] (gim_arm_hardware) StderrLine: {'line': b'\x1b[01m\x1b[K/usr/include/boost/variant/variant.hpp:1390:14:\x1b[m\x1b[K \x1b[01;31m\x1b[Kerror: \x1b[m\x1b[Kusing invalid field \xe2\x80\x98\x1b[01m\x1b[Kboost::variant<T0, TN>::storage_\x1b[m\x1b[K\xe2\x80\x99\n'}
[7.502841] (gim_arm_hardware) StderrLine: {'line': b' 1390 |         new( \x1b[01;31m\x1b[Kstorage_\x1b[m\x1b[K.address() ) internal_T0();\n'}
[7.502867] (gim_arm_hardware) StderrLine: {'line': b'      |              \x1b[01;31m\x1b[K^~~~~~~~\x1b[m\x1b[K\n'}
[7.521355] (-) TimerEvent: {}
[7.621666] (-) TimerEvent: {}
[7.721988] (-) TimerEvent: {}
[7.822327] (-) TimerEvent: {}
[7.922675] (-) TimerEvent: {}
[7.963383] (gim_arm_hardware) StderrLine: {'line': b'gmake[2]: *** [CMakeFiles/gim_arm_system_hardware.dir/build.make:79: CMakeFiles/gim_arm_system_hardware.dir/src/gim_arm_system.cpp.o] Error 1\n'}
[7.963681] (gim_arm_hardware) StderrLine: {'line': b'gmake[1]: *** [CMakeFiles/Makefile2:153: CMakeFiles/gim_arm_system_hardware.dir/all] Error 2\n'}
[7.963831] (gim_arm_hardware) StderrLine: {'line': b'gmake: *** [Makefile:146: all] Error 2\n'}
[7.965475] (gim_arm_hardware) CommandEnded: {'returncode': 2}
[7.971716] (gim_arm_hardware) JobEnded: {'identifier': 'gim_arm_hardware', 'rc': 2}
[7.984410] (-) EventReactorShutdown: {}
