[0.000000] (-) TimerEvent: {}
[0.000551] (-) JobUnselected: {'identifier': 'gim_arm_description'}
[0.000610] (-) JobUnselected: {'identifier': 'gim_arm_moveit_config'}
[0.000681] (-) JobUnselected: {'identifier': 'gim_control'}
[0.000695] (gim_arm_hardware) JobQueued: {'identifier': 'gim_arm_hardware', 'dependencies': OrderedDict()}
[0.000707] (gim_arm_hardware) JobStarted: {'identifier': 'gim_arm_hardware'}
[0.007510] (gim_arm_hardware) JobProgress: {'identifier': 'gim_arm_hardware', 'progress': 'cmake'}
[0.008294] (gim_arm_hardware) JobProgress: {'identifier': 'gim_arm_hardware', 'progress': 'build'}
[0.008351] (gim_arm_hardware) Command: {'cmd': ['/home/minh/.local/bin/cmake', '--build', '/home/minh/gim60108_ws/build/gim_arm_hardware', '--', '-j16', '-l16'], 'cwd': '/home/minh/gim60108_ws/build/gim_arm_hardware', 'env': OrderedDict([('GJS_DEBUG_TOPICS', 'JS ERROR;JS LOG'), ('LESSOPEN', '| /usr/bin/lesspipe %s'), ('USER', 'minh'), ('LC_TIME', 'vi_VN'), ('XDG_SESSION_TYPE', 'x11'), ('SHLVL', '1'), ('LD_LIBRARY_PATH', '/home/minh/gim60108_ws/install/gim_arm_hardware/lib:/home/minh/rehab_robot_ver2_modified/install/rviz_custom_plugins/lib:/home/minh/rehab_robot_ver2_modified/install/gravity_compensation/lib:/home/minh/rehab_robot_ver2_modified/install/can_odrive_interface/lib:/home/minh/apriltag_ws/install/apriltag_ros/lib:/usr/lib/x86_64-linux-gnu/gazebo-11/plugins:/opt/ros/humble/opt/rviz_ogre_vendor/lib:/opt/ros/humble/lib/x86_64-linux-gnu:/opt/ros/humble/lib'), ('HOME', '/home/minh'), ('CYCLONEDDS_URI', '/home/minh/cyclonedds_config.xml'), ('OLDPWD', '/home/minh/gim60108_ws'), ('DESKTOP_SESSION', 'ubuntu-xorg'), ('GIO_LAUNCHED_DESKTOP_FILE', '/usr/share/applications/terminator.desktop'), ('ROS_PYTHON_VERSION', '3'), ('GNOME_SHELL_SESSION_MODE', 'ubuntu'), ('GTK_MODULES', 'gail:atk-bridge'), ('LC_MONETARY', 'vi_VN'), ('ROS_IP', '10.136.4.158'), ('MANAGERPID', '2304'), ('SYSTEMD_EXEC_PID', '2577'), ('DBUS_SESSION_BUS_ADDRESS', 'unix:path=/run/user/1000/bus'), ('COLORTERM', 'truecolor'), ('TERMINATOR_DBUS_NAME', 'net.tenshu.Terminator21a9d5db22c73a993ff0b42f64b396873'), ('GIO_LAUNCHED_DESKTOP_FILE_PID', '3178'), ('COLCON_PREFIX_PATH', '/home/minh/gim60108_ws/install:/home/minh/rehab_robot_ver2_modified/install:/home/minh/apriltag_ws/install:/home/minh/moveit_ws/install'), ('ROS_DISTRO', 'humble'), ('GTK_IM_MODULE', 'ibus'), ('LOGNAME', 'minh'), ('JOURNAL_STREAM', '8:10563'), ('_', '/usr/bin/colcon'), ('ROS_VERSION', '2'), ('XDG_SESSION_CLASS', 'user'), ('USERNAME', 'minh'), ('TERM', 'xterm-256color'), ('GNOME_DESKTOP_SESSION_ID', 'this-is-deprecated'), ('ROS_LOCALHOST_ONLY', '1'), ('WINDOWPATH', '2'), ('PATH', '/opt/ros/humble/bin:/home/minh/.local/bin:/usr/local/sbin:/usr/local/bin:/usr/sbin:/usr/bin:/sbin:/bin:/usr/games:/usr/local/games:/snap/bin:/snap/bin'), ('SESSION_MANAGER', 'local/minh-LOQ-15APH8:@/tmp/.ICE-unix/2549,unix/minh-LOQ-15APH8:/tmp/.ICE-unix/2549'), ('INVOCATION_ID', '8060943018564186a042c790a14e233f'), ('XDG_MENU_PREFIX', 'gnome-'), ('LC_ADDRESS', 'vi_VN'), ('XDG_RUNTIME_DIR', '/run/user/1000'), ('DISPLAY', ':0'), ('TERMINATOR_DBUS_PATH', '/net/tenshu/Terminator2'), ('LANG', 'en_US.UTF-8'), ('XDG_CURRENT_DESKTOP', 'ubuntu:GNOME'), ('IBUS_DISABLE_SNOOPER', '1'), ('LC_TELEPHONE', 'vi_VN'), ('RMW_IMPLEMENTATION', 'rmw_cyclonedds_cpp'), ('XMODIFIERS', '@im=ibus'), ('XDG_SESSION_DESKTOP', 'ubuntu-xorg'), ('XAUTHORITY', '/run/user/1000/gdm/Xauthority'), ('LS_COLORS', 'rs=0:di=01;34:ln=01;36:mh=00:pi=40;33:so=01;35:do=01;35:bd=40;33;01:cd=40;33;01:or=40;31;01:mi=00:su=37;41:sg=30;43:ca=30;41:tw=30;42:ow=34;42:st=37;44:ex=01;32:*.tar=01;31:*.tgz=01;31:*.arc=01;31:*.arj=01;31:*.taz=01;31:*.lha=01;31:*.lz4=01;31:*.lzh=01;31:*.lzma=01;31:*.tlz=01;31:*.txz=01;31:*.tzo=01;31:*.t7z=01;31:*.zip=01;31:*.z=01;31:*.dz=01;31:*.gz=01;31:*.lrz=01;31:*.lz=01;31:*.lzo=01;31:*.xz=01;31:*.zst=01;31:*.tzst=01;31:*.bz2=01;31:*.bz=01;31:*.tbz=01;31:*.tbz2=01;31:*.tz=01;31:*.deb=01;31:*.rpm=01;31:*.jar=01;31:*.war=01;31:*.ear=01;31:*.sar=01;31:*.rar=01;31:*.alz=01;31:*.ace=01;31:*.zoo=01;31:*.cpio=01;31:*.7z=01;31:*.rz=01;31:*.cab=01;31:*.wim=01;31:*.swm=01;31:*.dwm=01;31:*.esd=01;31:*.jpg=01;35:*.jpeg=01;35:*.mjpg=01;35:*.mjpeg=01;35:*.gif=01;35:*.bmp=01;35:*.pbm=01;35:*.pgm=01;35:*.ppm=01;35:*.tga=01;35:*.xbm=01;35:*.xpm=01;35:*.tif=01;35:*.tiff=01;35:*.png=01;35:*.svg=01;35:*.svgz=01;35:*.mng=01;35:*.pcx=01;35:*.mov=01;35:*.mpg=01;35:*.mpeg=01;35:*.m2v=01;35:*.mkv=01;35:*.webm=01;35:*.webp=01;35:*.ogm=01;35:*.mp4=01;35:*.m4v=01;35:*.mp4v=01;35:*.vob=01;35:*.qt=01;35:*.nuv=01;35:*.wmv=01;35:*.asf=01;35:*.rm=01;35:*.rmvb=01;35:*.flc=01;35:*.avi=01;35:*.fli=01;35:*.flv=01;35:*.gl=01;35:*.dl=01;35:*.xcf=01;35:*.xwd=01;35:*.yuv=01;35:*.cgm=01;35:*.emf=01;35:*.ogv=01;35:*.ogx=01;35:*.aac=00;36:*.au=00;36:*.flac=00;36:*.m4a=00;36:*.mid=00;36:*.midi=00;36:*.mka=00;36:*.mp3=00;36:*.mpc=00;36:*.ogg=00;36:*.ra=00;36:*.wav=00;36:*.oga=00;36:*.opus=00;36:*.spx=00;36:*.xspf=00;36:'), ('SSH_AGENT_LAUNCHER', 'gnome-keyring'), ('SSH_AUTH_SOCK', '/run/user/1000/keyring/ssh'), ('ROS_DOMAIN_ID', '0'), ('AMENT_PREFIX_PATH', '/home/minh/gim60108_ws/install/gim_control:/home/minh/gim60108_ws/install/gim_arm_moveit_config:/home/minh/gim60108_ws/install/gim_arm_hardware:/home/minh/gim60108_ws/install/gim_arm_description:/home/minh/rehab_robot_ver2_modified/install/rehab_robot_ver2_control:/home/minh/rehab_robot_ver2_modified/install/rviz_custom_plugins:/home/minh/rehab_robot_ver2_modified/install/rehab_robot_ver2:/home/minh/rehab_robot_ver2_modified/install/rehab_gui:/home/minh/rehab_robot_ver2_modified/install/my_rqt_plugin:/home/minh/rehab_robot_ver2_modified/install/gravity_compensation:/home/minh/rehab_robot_ver2_modified/install/can_odrive_interface:/home/minh/moveit_ws/install/my_robot_bringup:/home/minh/moveit_ws/install/my_robot_moveit_config:/home/minh/moveit_ws/install/my_robot_description:/home/minh/apriltag_ws/install/apriltag_ros:/opt/ros/humble'), ('SHELL', '/bin/bash'), ('LC_NAME', 'vi_VN'), ('TERMINATOR_UUID', 'urn:uuid:95f1abc0-9865-46d0-8926-ec51be58c1a2'), ('QT_ACCESSIBILITY', '1'), ('GDMSESSION', 'ubuntu-xorg'), ('LESSCLOSE', '/usr/bin/lesspipe %s %s'), ('LC_MEASUREMENT', 'vi_VN'), ('GPG_AGENT_INFO', '/run/user/1000/gnupg/S.gpg-agent:0:1'), ('GJS_DEBUG_OUTPUT', 'stderr'), ('LC_IDENTIFICATION', 'vi_VN'), ('QT_IM_MODULE', 'ibus'), ('PWD', '/home/minh/gim60108_ws/build/gim_arm_hardware'), ('LC_ALL', 'en_US.UTF-8'), ('XDG_CONFIG_DIRS', '/etc/xdg/xdg-ubuntu-xorg:/etc/xdg'), ('XDG_DATA_DIRS', '/usr/share/ubuntu-xorg:/usr/share/gnome:/usr/local/share/:/usr/share/:/var/lib/snapd/desktop'), ('PYTHONPATH', '/home/minh/gim60108_ws/install/gim_control/lib/python3.10/site-packages:/home/minh/rehab_robot_ver2_modified/install/rviz_custom_plugins/local/lib/python3.10/dist-packages:/home/minh/rehab_robot_ver2_modified/install/rehab_gui/lib/python3.10/site-packages:/home/minh/rehab_robot_ver2_modified/install/my_rqt_plugin/lib/python3.10/site-packages:/home/minh/apriltag_ws/install/apriltag_ros/local/lib/python3.10/dist-packages:/opt/ros/humble/lib/python3.10/site-packages:/opt/ros/humble/local/lib/python3.10/dist-packages'), ('LC_NUMERIC', 'vi_VN'), ('LC_PAPER', 'vi_VN'), ('COLCON', '1'), ('VTE_VERSION', '6800'), ('CMAKE_PREFIX_PATH', '/home/minh/gim60108_ws/install/gim_arm_moveit_config:/home/minh/gim60108_ws/install/gim_arm_hardware:/home/minh/gim60108_ws/install/gim_arm_description:/home/minh/rehab_robot_ver2_modified/install/rehab_robot_ver2_control:/home/minh/rehab_robot_ver2_modified/install/rviz_custom_plugins:/home/minh/rehab_robot_ver2_modified/install/rehab_robot_ver2:/home/minh/rehab_robot_ver2_modified/install/gravity_compensation:/home/minh/rehab_robot_ver2_modified/install/can_odrive_interface:/home/minh/moveit_ws/install/my_robot_bringup:/home/minh/moveit_ws/install/my_robot_moveit_config:/home/minh/moveit_ws/install/my_robot_description:/home/minh/apriltag_ws/install/apriltag_ros:/home/minh/gim60108_ws/install/gim_control:/home/minh/rehab_robot_ver2_modified/install/rehab_gui:/home/minh/rehab_robot_ver2_modified/install/my_rqt_plugin:/opt/ros/humble')]), 'shell': False}
[0.068933] (gim_arm_hardware) StderrLine: {'line': b'\x1b[0mCMake Deprecation Warning at CMakeLists.txt:1 (cmake_minimum_required):\n'}
[0.069212] (gim_arm_hardware) StderrLine: {'line': b'  Compatibility with CMake < 3.10 will be removed from a future version of\n'}
[0.069309] (gim_arm_hardware) StderrLine: {'line': b'  CMake.\n'}
[0.069383] (gim_arm_hardware) StderrLine: {'line': b'\n'}
[0.069450] (gim_arm_hardware) StderrLine: {'line': b'  Update the VERSION argument <min> value.  Or, use the <min>...<max> syntax\n'}
[0.069514] (gim_arm_hardware) StderrLine: {'line': b'  to tell CMake that the project requires at least <min> but has been updated\n'}
[0.069577] (gim_arm_hardware) StderrLine: {'line': b'  to work with policies introduced by <max> or earlier.\n'}
[0.069638] (gim_arm_hardware) StderrLine: {'line': b'\n'}
[0.069697] (gim_arm_hardware) StderrLine: {'line': b'\x1b[0m\n'}
[0.072951] (gim_arm_hardware) StdoutLine: {'line': b'-- Found ament_cmake: 1.3.14 (/opt/ros/humble/share/ament_cmake/cmake)\n'}
[0.098005] (gim_arm_hardware) StdoutLine: {'line': b'-- Found Python3: /usr/bin/python3 (found version "3.10.12") found components: Interpreter\n'}
[0.099756] (-) TimerEvent: {}
[0.147926] (gim_arm_hardware) StdoutLine: {'line': b'-- Found rclcpp: 16.0.19 (/opt/ros/humble/share/rclcpp/cmake)\n'}
[0.171894] (gim_arm_hardware) StdoutLine: {'line': b'-- Found rosidl_generator_c: 3.1.9 (/opt/ros/humble/share/rosidl_generator_c/cmake)\n'}
[0.173529] (gim_arm_hardware) StdoutLine: {'line': b'-- Found rosidl_adapter: 3.1.9 (/opt/ros/humble/share/rosidl_adapter/cmake)\n'}
[0.177658] (gim_arm_hardware) StdoutLine: {'line': b'-- Found rosidl_generator_cpp: 3.1.9 (/opt/ros/humble/share/rosidl_generator_cpp/cmake)\n'}
[0.185534] (gim_arm_hardware) StdoutLine: {'line': b'-- Using all available rosidl_typesupport_c: rosidl_typesupport_fastrtps_c;rosidl_typesupport_introspection_c\n'}
[0.194557] (gim_arm_hardware) StdoutLine: {'line': b'-- Using all available rosidl_typesupport_cpp: rosidl_typesupport_fastrtps_cpp;rosidl_typesupport_introspection_cpp\n'}
[0.199867] (-) TimerEvent: {}
[0.220089] (gim_arm_hardware) StdoutLine: {'line': b'-- Found rmw_implementation_cmake: 6.1.2 (/opt/ros/humble/share/rmw_implementation_cmake/cmake)\n'}
[0.221201] (gim_arm_hardware) StdoutLine: {'line': b'-- Found rmw_cyclonedds_cpp: 1.3.4 (/opt/ros/humble/share/rmw_cyclonedds_cpp/cmake)\n'}
[0.237109] (gim_arm_hardware) StdoutLine: {'line': b"-- Using RMW implementation 'rmw_cyclonedds_cpp' as default\n"}
[0.281921] (gim_arm_hardware) StdoutLine: {'line': b'-- Found hardware_interface: 2.54.0 (/opt/ros/humble/share/hardware_interface/cmake)\n'}
[0.299974] (-) TimerEvent: {}
[0.400270] (-) TimerEvent: {}
[0.402481] (gim_arm_hardware) StderrLine: {'line': b'\x1b[33mCMake Warning (dev) at /home/minh/.local/lib/python3.10/site-packages/cmake/data/share/cmake-4.1/Modules/CMakeFindDependencyMacro.cmake:78 (find_package):\n'}
[0.402590] (gim_arm_hardware) StderrLine: {'line': b'  Policy CMP0167 is not set: The FindBoost module is removed.  Run "cmake\n'}
[0.402677] (gim_arm_hardware) StderrLine: {'line': b'  --help-policy CMP0167" for policy details.  Use the cmake_policy command to\n'}
[0.402753] (gim_arm_hardware) StderrLine: {'line': b'  set the policy and suppress this warning.\n'}
[0.402825] (gim_arm_hardware) StderrLine: {'line': b'\n'}
[0.402891] (gim_arm_hardware) StderrLine: {'line': b'Call Stack (most recent call first):\n'}
[0.402956] (gim_arm_hardware) StderrLine: {'line': b'  /opt/ros/humble/lib/x86_64-linux-gnu/cmake/pinocchio/pinocchioConfig.cmake:183 (find_dependency)\n'}
[0.403021] (gim_arm_hardware) StderrLine: {'line': b'  CMakeLists.txt:21 (find_package)\n'}
[0.403083] (gim_arm_hardware) StderrLine: {'line': b'This warning is for project developers.  Use -Wno-dev to suppress it.\n'}
[0.403211] (gim_arm_hardware) StderrLine: {'line': b'\x1b[0m\n'}
[0.405688] (gim_arm_hardware) StdoutLine: {'line': b'-- Found Boost: /usr/include (found version "1.74.0") found components: filesystem serialization\n'}
[0.406952] (gim_arm_hardware) StdoutLine: {'line': b'-- eigenpy FOUND. eigenpy at /opt/ros/humble/lib/x86_64-linux-gnu/libeigenpy.so\n'}
[0.433045] (gim_arm_hardware) StdoutLine: {'line': b'-- Checking for NumPy\n'}
[0.500356] (-) TimerEvent: {}
[0.602191] (-) TimerEvent: {}
[0.612908] (gim_arm_hardware) StdoutLine: {'line': b'--   NUMPY_INCLUDE_DIRS=/home/minh/.local/lib/python3.10/site-packages/numpy/core/include\n'}
[0.698386] (gim_arm_hardware) StdoutLine: {'line': b'--   NUMPY_VERSION=1.26.4\n'}
[0.702243] (-) TimerEvent: {}
[0.802450] (-) TimerEvent: {}
[0.890170] (gim_arm_hardware) StdoutLine: {'line': b'-- Found Python3: /usr/bin/python3 (found version "3.10.12") found components: Interpreter Development.Module NumPy\n'}
[0.891321] (gim_arm_hardware) StdoutLine: {'line': b'-- PythonLibraryDirs: \n'}
[0.891371] (gim_arm_hardware) StdoutLine: {'line': b'-- PythonLibVersionString: 3.10.12\n'}
[0.902509] (-) TimerEvent: {}
[0.911893] (gim_arm_hardware) StdoutLine: {'line': b'-- Python site lib: lib/python3.10/site-packages\n'}
[0.912018] (gim_arm_hardware) StdoutLine: {'line': b'-- Python include dirs: /usr/include/python3.10\n'}
[0.955242] (gim_arm_hardware) StdoutLine: {'line': b'-- Checking for NumPy\n'}
[1.002604] (-) TimerEvent: {}
[1.038561] (gim_arm_hardware) StdoutLine: {'line': b'--   NUMPY_INCLUDE_DIRS=/home/minh/.local/lib/python3.10/site-packages/numpy/core/include\n'}
[1.102698] (-) TimerEvent: {}
[1.121163] (gim_arm_hardware) StdoutLine: {'line': b'--   NUMPY_VERSION=1.26.4\n'}
[1.121318] (gim_arm_hardware) StdoutLine: {'line': b'-- NumPy include dir: /home/minh/.local/lib/python3.10/site-packages/numpy/core/include\n'}
[1.121542] (gim_arm_hardware) StderrLine: {'line': b'\x1b[33mCMake Warning (dev) at /opt/ros/humble/lib/x86_64-linux-gnu/cmake/eigenpy/boost.cmake:146 (find_package):\n'}
[1.121619] (gim_arm_hardware) StderrLine: {'line': b'  Policy CMP0167 is not set: The FindBoost module is removed.  Run "cmake\n'}
[1.121679] (gim_arm_hardware) StderrLine: {'line': b'  --help-policy CMP0167" for policy details.  Use the cmake_policy command to\n'}
[1.121736] (gim_arm_hardware) StderrLine: {'line': b'  set the policy and suppress this warning.\n'}
[1.121791] (gim_arm_hardware) StderrLine: {'line': b'\n'}
[1.121844] (gim_arm_hardware) StderrLine: {'line': b'Call Stack (most recent call first):\n'}
[1.121900] (gim_arm_hardware) StderrLine: {'line': b'  /opt/ros/humble/lib/x86_64-linux-gnu/cmake/eigenpy/eigenpyConfig.cmake:172 (SEARCH_FOR_BOOST_PYTHON)\n'}
[1.121971] (gim_arm_hardware) StderrLine: {'line': b'  /home/minh/.local/lib/python3.10/site-packages/cmake/data/share/cmake-4.1/Modules/CMakeFindDependencyMacro.cmake:78 (find_package)\n'}
[1.122027] (gim_arm_hardware) StderrLine: {'line': b'  /opt/ros/humble/lib/x86_64-linux-gnu/cmake/pinocchio/pinocchioConfig.cmake:184 (find_dependency)\n'}
[1.122080] (gim_arm_hardware) StderrLine: {'line': b'  CMakeLists.txt:21 (find_package)\n'}
[1.122146] (gim_arm_hardware) StderrLine: {'line': b'This warning is for project developers.  Use -Wno-dev to suppress it.\n'}
[1.122206] (gim_arm_hardware) StderrLine: {'line': b'\x1b[0m\n'}
[1.125549] (gim_arm_hardware) StdoutLine: {'line': b'-- Found Boost: /usr/include (found version "1.74.0") found components: python310\n'}
[1.202826] (-) TimerEvent: {}
[1.303195] (-) TimerEvent: {}
[1.324697] (gim_arm_hardware) StdoutLine: {'line': b'-- Default C++ standard: 201703\n'}
[1.324917] (gim_arm_hardware) StdoutLine: {'line': b'-- C++ standard sufficient: Minimal required 17, currently defined: 17\n'}
[1.325008] (gim_arm_hardware) StdoutLine: {'line': b'-- CMAKE_CXX_STANDARD was not set: automatically set to currently defined standard 17\n'}
[1.326176] (gim_arm_hardware) StdoutLine: {'line': b'-- coal FOUND. coal at /opt/ros/humble/lib/x86_64-linux-gnu/libcoal.so\n'}
[1.326554] (gim_arm_hardware) StderrLine: {'line': b'\x1b[33mCMake Warning (dev) at /home/minh/.local/lib/python3.10/site-packages/cmake/data/share/cmake-4.1/Modules/CMakeFindDependencyMacro.cmake:78 (find_package):\n'}
[1.326626] (gim_arm_hardware) StderrLine: {'line': b'  Policy CMP0167 is not set: The FindBoost module is removed.  Run "cmake\n'}
[1.326661] (gim_arm_hardware) StderrLine: {'line': b'  --help-policy CMP0167" for policy details.  Use the cmake_policy command to\n'}
[1.326695] (gim_arm_hardware) StderrLine: {'line': b'  set the policy and suppress this warning.\n'}
[1.326726] (gim_arm_hardware) StderrLine: {'line': b'\n'}
[1.326753] (gim_arm_hardware) StderrLine: {'line': b'Call Stack (most recent call first):\n'}
[1.326778] (gim_arm_hardware) StderrLine: {'line': b'  /opt/ros/humble/lib/x86_64-linux-gnu/cmake/coal/coalConfig.cmake:154 (find_dependency)\n'}
[1.326803] (gim_arm_hardware) StderrLine: {'line': b'  /home/minh/.local/lib/python3.10/site-packages/cmake/data/share/cmake-4.1/Modules/CMakeFindDependencyMacro.cmake:78 (find_package)\n'}
[1.326828] (gim_arm_hardware) StderrLine: {'line': b'  /opt/ros/humble/lib/x86_64-linux-gnu/cmake/pinocchio/pinocchioConfig.cmake:186 (find_dependency)\n'}
[1.326853] (gim_arm_hardware) StderrLine: {'line': b'  CMakeLists.txt:21 (find_package)\n'}
[1.326877] (gim_arm_hardware) StderrLine: {'line': b'This warning is for project developers.  Use -Wno-dev to suppress it.\n'}
[1.326901] (gim_arm_hardware) StderrLine: {'line': b'\x1b[0m\n'}
[1.330198] (gim_arm_hardware) StdoutLine: {'line': b'-- Found Boost: /usr/include (found version "1.74.0") found components: serialization filesystem\n'}
[1.332050] (gim_arm_hardware) StdoutLine: {'line': b'-- C++ standard sufficient: Minimal required 17, currently defined: 17\n'}
[1.333487] (gim_arm_hardware) StdoutLine: {'line': b'-- C++ standard sufficient: Minimal required 17, currently defined: 17\n'}
[1.400391] (gim_arm_hardware) StdoutLine: {'line': b'-- Configuring done (1.3s)\n'}
[1.403299] (-) TimerEvent: {}
[1.411073] (gim_arm_hardware) StdoutLine: {'line': b'-- Generating done (0.0s)\n'}
[1.413156] (gim_arm_hardware) StdoutLine: {'line': b'-- Build files have been written to: /home/minh/gim60108_ws/build/gim_arm_hardware\n'}
[1.466794] (gim_arm_hardware) StdoutLine: {'line': b'[ 50%] \x1b[32mBuilding CXX object CMakeFiles/gim_arm_system_hardware.dir/src/gim_arm_system.cpp.o\x1b[0m\n'}
[1.503440] (-) TimerEvent: {}
[1.603784] (-) TimerEvent: {}
[1.704141] (-) TimerEvent: {}
[1.804487] (-) TimerEvent: {}
[1.904835] (-) TimerEvent: {}
[2.005177] (-) TimerEvent: {}
[2.105521] (-) TimerEvent: {}
[2.206005] (-) TimerEvent: {}
[2.306896] (-) TimerEvent: {}
[2.407230] (-) TimerEvent: {}
[2.507608] (-) TimerEvent: {}
[2.608041] (-) TimerEvent: {}
[2.708410] (-) TimerEvent: {}
[2.808803] (-) TimerEvent: {}
[2.909157] (-) TimerEvent: {}
[3.009492] (-) TimerEvent: {}
[3.109800] (-) TimerEvent: {}
[3.210130] (-) TimerEvent: {}
[3.310535] (-) TimerEvent: {}
[3.410893] (-) TimerEvent: {}
[3.511230] (-) TimerEvent: {}
[3.611573] (-) TimerEvent: {}
[3.711905] (-) TimerEvent: {}
[3.812204] (-) TimerEvent: {}
[3.912537] (-) TimerEvent: {}
[4.012881] (-) TimerEvent: {}
[4.113221] (-) TimerEvent: {}
[4.213566] (-) TimerEvent: {}
[4.313905] (-) TimerEvent: {}
[4.414266] (-) TimerEvent: {}
[4.454064] (gim_arm_hardware) StderrLine: {'line': b'In file included from \x1b[01m\x1b[K/usr/include/boost/variant/variant.hpp:31\x1b[m\x1b[K,\n'}
[4.454284] (gim_arm_hardware) StderrLine: {'line': b'                 from \x1b[01m\x1b[K/usr/include/boost/variant.hpp:17\x1b[m\x1b[K,\n'}
[4.454518] (gim_arm_hardware) StderrLine: {'line': b'                 from \x1b[01m\x1b[K/opt/ros/humble/include/pinocchio/multibody.hpp:21\x1b[m\x1b[K,\n'}
[4.454579] (gim_arm_hardware) StderrLine: {'line': b'                 from \x1b[01m\x1b[K/opt/ros/humble/include/pinocchio/parsers/urdf.hpp:27\x1b[m\x1b[K,\n'}
[4.454634] (gim_arm_hardware) StderrLine: {'line': b'                 from \x1b[01m\x1b[K/home/minh/gim60108_ws/src/gim_arm_hardware/include/gim_arm_hardware/gim_arm_system.hpp:25\x1b[m\x1b[K,\n'}
[4.454686] (gim_arm_hardware) StderrLine: {'line': b'                 from \x1b[01m\x1b[K/home/minh/gim60108_ws/src/gim_arm_hardware/src/gim_arm_system.cpp:1\x1b[m\x1b[K:\n'}
[4.454739] (gim_arm_hardware) StderrLine: {'line': b'/usr/include/boost/variant/detail/make_variant_list.hpp: In instantiation of \xe2\x80\x98\x1b[01m\x1b[Kstruct boost::detail::variant::make_variant_list<pinocchio::JointModelRevoluteTpl<double, 0, 0>, pinocchio::JointModelRevoluteTpl<double, 0, 1>, pinocchio::JointModelRevoluteTpl<double, 0, 2>, pinocchio::JointModelFreeFlyerTpl<double, 0>, pinocchio::JointModelPlanarTpl<double, 0>, pinocchio::JointModelRevoluteUnalignedTpl<double, 0>, pinocchio::JointModelSphericalTpl<double, 0>, pinocchio::JointModelSphericalZYXTpl<double, 0>, pinocchio::JointModelEllipsoidTpl<double, 0>, pinocchio::JointModelPrismaticTpl<double, 0, 0>, pinocchio::JointModelPrismaticTpl<double, 0, 1>, pinocchio::JointModelPrismaticTpl<double, 0, 2>, pinocchio::JointModelPrismaticUnalignedTpl<double, 0>, pinocchio::JointModelTranslationTpl<double, 0>, pinocchio::JointModelRevoluteUnboundedTpl<double, 0, 0>, pinocchio::JointModelRevoluteUnboundedTpl<double, 0, 1>, pinocchio::JointModelRevoluteUnboundedTpl<double, 0, 2>, pinocchio::JointModelRevoluteUnboundedUnalignedTpl<double, 0>, pinocchio::JointModelHelicalTpl<double, 0, 0>, pinocchio::JointModelHelicalTpl<double, 0, 1>, pinocchio::JointModelHelicalTpl<double, 0, 2>, pinocchio::JointModelHelicalUnalignedTpl<double, 0>, pinocchio::JointModelUniversalTpl<double, 0>, boost::recursive_wrapper<pinocchio::JointModelCompositeTpl<double, 0, pinocchio::JointCollectionDefaultTpl> >, boost::recursive_wrapper<pinocchio::JointModelMimicTpl<double, 0, pinocchio::JointCollectionDefaultTpl> > >\x1b[m\x1b[K\xe2\x80\x99:\n'}
[4.454836] (gim_arm_hardware) StderrLine: {'line': b'\x1b[01m\x1b[K/usr/include/boost/mpl/eval_if.hpp:38:31:\x1b[m\x1b[K   required from \xe2\x80\x98\x1b[01m\x1b[Kstruct boost::mpl::eval_if<boost::variant<pinocchio::JointModelRevoluteTpl<double, 0, 0>, pinocchio::JointModelRevoluteTpl<double, 0, 1>, pinocchio::JointModelRevoluteTpl<double, 0, 2>, pinocchio::JointModelFreeFlyerTpl<double, 0>, pinocchio::JointModelPlanarTpl<double, 0>, pinocchio::JointModelRevoluteUnalignedTpl<double, 0>, pinocchio::JointModelSphericalTpl<double, 0>, pinocchio::JointModelSphericalZYXTpl<double, 0>, pinocchio::JointModelEllipsoidTpl<double, 0>, pinocchio::JointModelPrismaticTpl<double, 0, 0>, pinocchio::JointModelPrismaticTpl<double, 0, 1>, pinocchio::JointModelPrismaticTpl<double, 0, 2>, pinocchio::JointModelPrismaticUnalignedTpl<double, 0>, pinocchio::JointModelTranslationTpl<double, 0>, pinocchio::JointModelRevoluteUnboundedTpl<double, 0, 0>, pinocchio::JointModelRevoluteUnboundedTpl<double, 0, 1>, pinocchio::JointModelRevoluteUnboundedTpl<double, 0, 2>, pinocchio::JointModelRevoluteUnboundedUnalignedTpl<double, 0>, pinocchio::JointModelHelicalTpl<double, 0, 0>, pinocchio::JointModelHelicalTpl<double, 0, 1>, pinocchio::JointModelHelicalTpl<double, 0, 2>, pinocchio::JointModelHelicalUnalignedTpl<double, 0>, pinocchio::JointModelUniversalTpl<double, 0>, boost::recursive_wrapper<pinocchio::JointModelCompositeTpl<double, 0, pinocchio::JointCollectionDefaultTpl> >, boost::recursive_wrapper<pinocchio::JointModelMimicTpl<double, 0, pinocchio::JointCollectionDefaultTpl> > >::is_sequence_based_, pinocchio::JointModelRevoluteTpl<double, 0, 0>, boost::detail::variant::make_variant_list<pinocchio::JointModelRevoluteTpl<double, 0, 0>, pinocchio::JointModelRevoluteTpl<double, 0, 1>, pinocchio::JointModelRevoluteTpl<double, 0, 2>, pinocchio::JointModelFreeFlyerTpl<double, 0>, pinocchio::JointModelPlanarTpl<double, 0>, pinocchio::JointModelRevoluteUnalignedTpl<double, 0>, pinocchio::JointModelSphericalTpl<double, 0>, pinocchio::JointModelSphericalZYXTpl<double, 0>, pinocchio::JointModelEllipsoidTpl<double, 0>, pinocchio::JointModelPrismaticTpl<double, 0, 0>, pinocchio::JointModelPrismaticTpl<double, 0, 1>, pinocchio::JointModelPrismaticTpl<double, 0, 2>, pinocchio::JointModelPrismaticUnalignedTpl<double, 0>, pinocchio::JointModelTranslationTpl<double, 0>, pinocchio::JointModelRevoluteUnboundedTpl<double, 0, 0>, pinocchio::JointModelRevoluteUnboundedTpl<double, 0, 1>, pinocchio::JointModelRevoluteUnboundedTpl<double, 0, 2>, pinocchio::JointModelRevoluteUnboundedUnalignedTpl<double, 0>, pinocchio::JointModelHelicalTpl<double, 0, 0>, pinocchio::JointModelHelicalTpl<double, 0, 1>, pinocchio::JointModelHelicalTpl<double, 0, 2>, pinocchio::JointModelHelicalUnalignedTpl<double, 0>, pinocchio::JointModelUniversalTpl<double, 0>, boost::recursive_wrapper<pinocchio::JointModelCompositeTpl<double, 0, pinocchio::JointCollectionDefaultTpl> >, boost::recursive_wrapper<pinocchio::JointModelMimicTpl<double, 0, pinocchio::JointCollectionDefaultTpl> > > >\x1b[m\x1b[K\xe2\x80\x99\n'}
[4.454926] (gim_arm_hardware) StderrLine: {'line': b'\x1b[01m\x1b[K/usr/include/boost/variant/variant.hpp:1138:17:\x1b[m\x1b[K   required from \xe2\x80\x98\x1b[01m\x1b[Kclass boost::variant<pinocchio::JointModelRevoluteTpl<double, 0, 0>, pinocchio::JointModelRevoluteTpl<double, 0, 1>, pinocchio::JointModelRevoluteTpl<double, 0, 2>, pinocchio::JointModelFreeFlyerTpl<double, 0>, pinocchio::JointModelPlanarTpl<double, 0>, pinocchio::JointModelRevoluteUnalignedTpl<double, 0>, pinocchio::JointModelSphericalTpl<double, 0>, pinocchio::JointModelSphericalZYXTpl<double, 0>, pinocchio::JointModelEllipsoidTpl<double, 0>, pinocchio::JointModelPrismaticTpl<double, 0, 0>, pinocchio::JointModelPrismaticTpl<double, 0, 1>, pinocchio::JointModelPrismaticTpl<double, 0, 2>, pinocchio::JointModelPrismaticUnalignedTpl<double, 0>, pinocchio::JointModelTranslationTpl<double, 0>, pinocchio::JointModelRevoluteUnboundedTpl<double, 0, 0>, pinocchio::JointModelRevoluteUnboundedTpl<double, 0, 1>, pinocchio::JointModelRevoluteUnboundedTpl<double, 0, 2>, pinocchio::JointModelRevoluteUnboundedUnalignedTpl<double, 0>, pinocchio::JointModelHelicalTpl<double, 0, 0>, pinocchio::JointModelHelicalTpl<double, 0, 1>, pinocchio::JointModelHelicalTpl<double, 0, 2>, pinocchio::JointModelHelicalUnalignedTpl<double, 0>, pinocchio::JointModelUniversalTpl<double, 0>, boost::recursive_wrapper<pinocchio::JointModelCompositeTpl<double, 0, pinocchio::JointCollectionDefaultTpl> >, boost::recursive_wrapper<pinocchio::JointModelMimicTpl<double, 0, pinocchio::JointCollectionDefaultTpl> > >\x1b[m\x1b[K\xe2\x80\x99\n'}
[4.454997] (gim_arm_hardware) StderrLine: {'line': b'\x1b[01m\x1b[K/opt/ros/humble/include/pinocchio/src/multibody/joint/joint-generic.hxx:256:10:\x1b[m\x1b[K   required from \xe2\x80\x98\x1b[01m\x1b[Kstruct pinocchio::JointModelTpl<double>\x1b[m\x1b[K\xe2\x80\x99\n'}
[4.455049] (gim_arm_hardware) StderrLine: {'line': b'\x1b[01m\x1b[K/opt/ros/humble/include/pinocchio/src/parsers/urdf/model.hxx:235:38:\x1b[m\x1b[K   required from here\n'}
[4.455098] (gim_arm_hardware) StderrLine: {'line': b'\x1b[01m\x1b[K/usr/include/boost/variant/detail/make_variant_list.hpp:40:46:\x1b[m\x1b[K \x1b[01;31m\x1b[Kerror: \x1b[m\x1b[Kwrong number of template arguments (25, should be at least 0)\n'}
[4.455159] (gim_arm_hardware) StderrLine: {'line': b'   40 |     typedef typename mpl::list< T... >::type \x1b[01;31m\x1b[Ktype\x1b[m\x1b[K;\n'}
[4.455218] (gim_arm_hardware) StderrLine: {'line': b'      |                                              \x1b[01;31m\x1b[K^~~~\x1b[m\x1b[K\n'}
[4.455266] (gim_arm_hardware) StderrLine: {'line': b'In file included from \x1b[01m\x1b[K/usr/include/boost/mpl/aux_/include_preprocessed.hpp:37\x1b[m\x1b[K,\n'}
[4.455316] (gim_arm_hardware) StderrLine: {'line': b'                 from \x1b[01m\x1b[K/usr/include/boost/mpl/list.hpp:46\x1b[m\x1b[K,\n'}
[4.455366] (gim_arm_hardware) StderrLine: {'line': b'                 from \x1b[01m\x1b[K/usr/include/boost/math/policies/policy.hpp:9\x1b[m\x1b[K,\n'}
[4.455414] (gim_arm_hardware) StderrLine: {'line': b'                 from \x1b[01m\x1b[K/usr/include/boost/math/constants/constants.hpp:12\x1b[m\x1b[K,\n'}
[4.455466] (gim_arm_hardware) StderrLine: {'line': b'                 from \x1b[01m\x1b[K/opt/ros/humble/include/pinocchio/math.hpp:20\x1b[m\x1b[K,\n'}
[4.455496] (gim_arm_hardware) StderrLine: {'line': b'                 from \x1b[01m\x1b[K/opt/ros/humble/include/pinocchio/spatial.hpp:19\x1b[m\x1b[K,\n'}
[4.455521] (gim_arm_hardware) StderrLine: {'line': b'                 from \x1b[01m\x1b[K/opt/ros/humble/include/pinocchio/parsers/urdf.hpp:26\x1b[m\x1b[K,\n'}
[4.455547] (gim_arm_hardware) StderrLine: {'line': b'                 from \x1b[01m\x1b[K/home/minh/gim60108_ws/src/gim_arm_hardware/include/gim_arm_hardware/gim_arm_system.hpp:25\x1b[m\x1b[K,\n'}
[4.455589] (gim_arm_hardware) StderrLine: {'line': b'                 from \x1b[01m\x1b[K/home/minh/gim60108_ws/src/gim_arm_hardware/src/gim_arm_system.cpp:1\x1b[m\x1b[K:\n'}
[4.455614] (gim_arm_hardware) StderrLine: {'line': b'\x1b[01m\x1b[K/usr/include/boost/mpl/aux_/preprocessed/gcc/list.hpp:22:8:\x1b[m\x1b[K \x1b[01;36m\x1b[Knote: \x1b[m\x1b[Kprovided for \xe2\x80\x98\x1b[01m\x1b[Ktemplate<class T0, class T1, class T2, class T3, class T4, class T5, class T6, class T7, class T8, class T9, class T10, class T11, class T12, class T13, class T14, class T15, class T16, class T17, class T18, class T19> struct boost::mpl::list\x1b[m\x1b[K\xe2\x80\x99\n'}
[4.455641] (gim_arm_hardware) StderrLine: {'line': b'   22 | struct \x1b[01;36m\x1b[Klist\x1b[m\x1b[K;\n'}
[4.455666] (gim_arm_hardware) StderrLine: {'line': b'      |        \x1b[01;36m\x1b[K^~~~\x1b[m\x1b[K\n'}
[4.514390] (-) TimerEvent: {}
[4.614730] (-) TimerEvent: {}
[4.715070] (-) TimerEvent: {}
[4.815427] (-) TimerEvent: {}
[4.915769] (-) TimerEvent: {}
[5.016133] (-) TimerEvent: {}
[5.116476] (-) TimerEvent: {}
[5.216826] (-) TimerEvent: {}
[5.317188] (-) TimerEvent: {}
[5.417559] (-) TimerEvent: {}
[5.517951] (-) TimerEvent: {}
[5.618374] (-) TimerEvent: {}
[5.637871] (gim_arm_hardware) StderrLine: {'line': b'In file included from \x1b[01m\x1b[K/opt/ros/humble/include/pinocchio/multibody/joint.hpp:84\x1b[m\x1b[K,\n'}
[5.638290] (gim_arm_hardware) StderrLine: {'line': b'                 from \x1b[01m\x1b[K/opt/ros/humble/include/pinocchio/multibody.hpp:43\x1b[m\x1b[K,\n'}
[5.638370] (gim_arm_hardware) StderrLine: {'line': b'                 from \x1b[01m\x1b[K/opt/ros/humble/include/pinocchio/parsers/urdf.hpp:27\x1b[m\x1b[K,\n'}
[5.638400] (gim_arm_hardware) StderrLine: {'line': b'                 from \x1b[01m\x1b[K/home/minh/gim60108_ws/src/gim_arm_hardware/include/gim_arm_hardware/gim_arm_system.hpp:25\x1b[m\x1b[K,\n'}
[5.638428] (gim_arm_hardware) StderrLine: {'line': b'                 from \x1b[01m\x1b[K/home/minh/gim60108_ws/src/gim_arm_hardware/src/gim_arm_system.cpp:1\x1b[m\x1b[K:\n'}
[5.638454] (gim_arm_hardware) StderrLine: {'line': b'/opt/ros/humble/include/pinocchio/src/multibody/joint/joint-generic.hxx: In instantiation of \xe2\x80\x98\x1b[01m\x1b[Kpinocchio::JointModelTpl<Scalar, Options, JointCollectionTpl>::JointModelTpl(const pinocchio::JointModelBase<OtherDerived>&) [with JointModelDerived = pinocchio::JointModelFreeFlyerTpl<double>; _Scalar = double; int _Options = 0; JointCollectionTpl = pinocchio::JointCollectionDefaultTpl]\x1b[m\x1b[K\xe2\x80\x99:\n'}
[5.638481] (gim_arm_hardware) StderrLine: {'line': b'\x1b[01m\x1b[K/opt/ros/humble/include/pinocchio/src/parsers/urdf/model.hxx:235:38:\x1b[m\x1b[K   required from here\n'}
[5.638506] (gim_arm_hardware) StderrLine: {'line': b'\x1b[01m\x1b[K/opt/ros/humble/include/pinocchio/src/multibody/joint/joint-generic.hxx:306:25:\x1b[m\x1b[K \x1b[01;31m\x1b[Kerror: \x1b[m\x1b[Kno matching function for call to \xe2\x80\x98\x1b[01m\x1b[Kboost::variant<pinocchio::JointModelRevoluteTpl<double, 0, 0>, pinocchio::JointModelRevoluteTpl<double, 0, 1>, pinocchio::JointModelRevoluteTpl<double, 0, 2>, pinocchio::JointModelFreeFlyerTpl<double, 0>, pinocchio::JointModelPlanarTpl<double, 0>, pinocchio::JointModelRevoluteUnalignedTpl<double, 0>, pinocchio::JointModelSphericalTpl<double, 0>, pinocchio::JointModelSphericalZYXTpl<double, 0>, pinocchio::JointModelEllipsoidTpl<double, 0>, pinocchio::JointModelPrismaticTpl<double, 0, 0>, pinocchio::JointModelPrismaticTpl<double, 0, 1>, pinocchio::JointModelPrismaticTpl<double, 0, 2>, pinocchio::JointModelPrismaticUnalignedTpl<double, 0>, pinocchio::JointModelTranslationTpl<double, 0>, pinocchio::JointModelRevoluteUnboundedTpl<double, 0, 0>, pinocchio::JointModelRevoluteUnboundedTpl<double, 0, 1>, pinocchio::JointModelRevoluteUnboundedTpl<double, 0, 2>, pinocchio::JointModelRevoluteUnboundedUnalignedTpl<double, 0>, pinocchio::JointModelHelicalTpl<double, 0, 0>, pinocchio::JointModelHelicalTpl<double, 0, 1>, pinocchio::JointModelHelicalTpl<double, 0, 2>, pinocchio::JointModelHelicalUnalignedTpl<double, 0>, pinocchio::JointModelUniversalTpl<double, 0>, boost::recursive_wrapper<pinocchio::JointModelCompositeTpl<double, 0, pinocchio::JointCollectionDefaultTpl> >, boost::recursive_wrapper<pinocchio::JointModelMimicTpl<double, 0, pinocchio::JointCollectionDefaultTpl> > >::variant(const JointModelDerived&)\x1b[m\x1b[K\xe2\x80\x99\n'}
[5.638556] (gim_arm_hardware) StderrLine: {'line': b'  306 |     : JointModelVariant(\x1b[01;31m\x1b[K(JointModelVariant)jmodel.derived()\x1b[m\x1b[K)\n'}
[5.638580] (gim_arm_hardware) StderrLine: {'line': b'      |                         \x1b[01;31m\x1b[K^~~~~~~~~~~~~~~~~~~~~~~~~~~~~~~~~~~\x1b[m\x1b[K\n'}
[5.638608] (gim_arm_hardware) StderrLine: {'line': b'In file included from \x1b[01m\x1b[K/usr/include/boost/variant.hpp:17\x1b[m\x1b[K,\n'}
[5.638632] (gim_arm_hardware) StderrLine: {'line': b'                 from \x1b[01m\x1b[K/opt/ros/humble/include/pinocchio/multibody.hpp:21\x1b[m\x1b[K,\n'}
[5.638656] (gim_arm_hardware) StderrLine: {'line': b'                 from \x1b[01m\x1b[K/opt/ros/humble/include/pinocchio/parsers/urdf.hpp:27\x1b[m\x1b[K,\n'}
[5.638680] (gim_arm_hardware) StderrLine: {'line': b'                 from \x1b[01m\x1b[K/home/minh/gim60108_ws/src/gim_arm_hardware/include/gim_arm_hardware/gim_arm_system.hpp:25\x1b[m\x1b[K,\n'}
[5.638704] (gim_arm_hardware) StderrLine: {'line': b'                 from \x1b[01m\x1b[K/home/minh/gim60108_ws/src/gim_arm_hardware/src/gim_arm_system.cpp:1\x1b[m\x1b[K:\n'}
[5.638728] (gim_arm_hardware) StderrLine: {'line': b'\x1b[01m\x1b[K/usr/include/boost/variant/variant.hpp:1770:5:\x1b[m\x1b[K \x1b[01;36m\x1b[Knote: \x1b[m\x1b[Kcandidate: \xe2\x80\x98\x1b[01m\x1b[Kboost::variant<T0, TN>::variant(boost::variant<T0, TN>&&) [with T0_ = pinocchio::JointModelRevoluteTpl<double, 0, 0>; TN = {pinocchio::JointModelRevoluteTpl<double, 0, 1>, pinocchio::JointModelRevoluteTpl<double, 0, 2>, pinocchio::JointModelFreeFlyerTpl<double, 0>, pinocchio::JointModelPlanarTpl<double, 0>, pinocchio::JointModelRevoluteUnalignedTpl<double, 0>, pinocchio::JointModelSphericalTpl<double, 0>, pinocchio::JointModelSphericalZYXTpl<double, 0>, pinocchio::JointModelEllipsoidTpl<double, 0>, pinocchio::JointModelPrismaticTpl<double, 0, 0>, pinocchio::JointModelPrismaticTpl<double, 0, 1>, pinocchio::JointModelPrismaticTpl<double, 0, 2>, pinocchio::JointModelPrismaticUnalignedTpl<double, 0>, pinocchio::JointModelTranslationTpl<double, 0>, pinocchio::JointModelRevoluteUnboundedTpl<double, 0, 0>, pinocchio::JointModelRevoluteUnboundedTpl<double, 0, 1>, pinocchio::JointModelRevoluteUnboundedTpl<double, 0, 2>, pinocchio::JointModelRevoluteUnboundedUnalignedTpl<double, 0>, pinocchio::JointModelHelicalTpl<double, 0, 0>, pinocchio::JointModelHelicalTpl<double, 0, 1>, pinocchio::JointModelHelicalTpl<double, 0, 2>, pinocchio::JointModelHelicalUnalignedTpl<double, 0>, pinocchio::JointModelUniversalTpl<double, 0>, boost::recursive_wrapper<pinocchio::JointModelCompositeTpl<double, 0, pinocchio::JointCollectionDefaultTpl> >, boost::recursive_wrapper<pinocchio::JointModelMimicTpl<double, 0, pinocchio::JointCollectionDefaultTpl> >}]\x1b[m\x1b[K\xe2\x80\x99\n'}
[5.638755] (gim_arm_hardware) StderrLine: {'line': b' 1770 |     \x1b[01;36m\x1b[Kvariant\x1b[m\x1b[K(variant&& operand) BOOST_NOEXCEPT_IF(variant_move_noexcept_constructible::type::value)\n'}
[5.638779] (gim_arm_hardware) StderrLine: {'line': b'      |     \x1b[01;36m\x1b[K^~~~~~~\x1b[m\x1b[K\n'}
[5.638804] (gim_arm_hardware) StderrLine: {'line': b'\x1b[01m\x1b[K/usr/include/boost/variant/variant.hpp:1770:23:\x1b[m\x1b[K \x1b[01;36m\x1b[Knote: \x1b[m\x1b[K  no known conversion for argument 1 from \xe2\x80\x98\x1b[01m\x1b[Kconst JointModelDerived\x1b[m\x1b[K\xe2\x80\x99 {aka \xe2\x80\x98\x1b[01m\x1b[Kconst pinocchio::JointModelFreeFlyerTpl<double>\x1b[m\x1b[K\xe2\x80\x99} to \xe2\x80\x98\x1b[01m\x1b[Kboost::variant<pinocchio::JointModelRevoluteTpl<double, 0, 0>, pinocchio::JointModelRevoluteTpl<double, 0, 1>, pinocchio::JointModelRevoluteTpl<double, 0, 2>, pinocchio::JointModelFreeFlyerTpl<double, 0>, pinocchio::JointModelPlanarTpl<double, 0>, pinocchio::JointModelRevoluteUnalignedTpl<double, 0>, pinocchio::JointModelSphericalTpl<double, 0>, pinocchio::JointModelSphericalZYXTpl<double, 0>, pinocchio::JointModelEllipsoidTpl<double, 0>, pinocchio::JointModelPrismaticTpl<double, 0, 0>, pinocchio::JointModelPrismaticTpl<double, 0, 1>, pinocchio::JointModelPrismaticTpl<double, 0, 2>, pinocchio::JointModelPrismaticUnalignedTpl<double, 0>, pinocchio::JointModelTranslationTpl<double, 0>, pinocchio::JointModelRevoluteUnboundedTpl<double, 0, 0>, pinocchio::JointModelRevoluteUnboundedTpl<double, 0, 1>, pinocchio::JointModelRevoluteUnboundedTpl<double, 0, 2>, pinocchio::JointModelRevoluteUnboundedUnalignedTpl<double, 0>, pinocchio::JointModelHelicalTpl<double, 0, 0>, pinocchio::JointModelHelicalTpl<double, 0, 1>, pinocchio::JointModelHelicalTpl<double, 0, 2>, pinocchio::JointModelHelicalUnalignedTpl<double, 0>, pinocchio::JointModelUniversalTpl<double, 0>, boost::recursive_wrapper<pinocchio::JointModelCompositeTpl<double, 0, pinocchio::JointCollectionDefaultTpl> >, boost::recursive_wrapper<pinocchio::JointModelMimicTpl<double, 0, pinocchio::JointCollectionDefaultTpl> > >&&\x1b[m\x1b[K\xe2\x80\x99\n'}
[5.638848] (gim_arm_hardware) StderrLine: {'line': b' 1770 |     variant(\x1b[01;36m\x1b[Kvariant&& operand\x1b[m\x1b[K) BOOST_NOEXCEPT_IF(variant_move_noexcept_constructible::type::value)\n'}
[5.638873] (gim_arm_hardware) StderrLine: {'line': b'      |             \x1b[01;36m\x1b[K~~~~~~~~~~^~~~~~~\x1b[m\x1b[K\n'}
[5.638900] (gim_arm_hardware) StderrLine: {'line': b'\x1b[01m\x1b[K/usr/include/boost/variant/variant.hpp:1759:5:\x1b[m\x1b[K \x1b[01;36m\x1b[Knote: \x1b[m\x1b[Kcandidate: \xe2\x80\x98\x1b[01m\x1b[Kboost::variant<T0, TN>::variant(const boost::variant<T0, TN>&) [with T0_ = pinocchio::JointModelRevoluteTpl<double, 0, 0>; TN = {pinocchio::JointModelRevoluteTpl<double, 0, 1>, pinocchio::JointModelRevoluteTpl<double, 0, 2>, pinocchio::JointModelFreeFlyerTpl<double, 0>, pinocchio::JointModelPlanarTpl<double, 0>, pinocchio::JointModelRevoluteUnalignedTpl<double, 0>, pinocchio::JointModelSphericalTpl<double, 0>, pinocchio::JointModelSphericalZYXTpl<double, 0>, pinocchio::JointModelEllipsoidTpl<double, 0>, pinocchio::JointModelPrismaticTpl<double, 0, 0>, pinocchio::JointModelPrismaticTpl<double, 0, 1>, pinocchio::JointModelPrismaticTpl<double, 0, 2>, pinocchio::JointModelPrismaticUnalignedTpl<double, 0>, pinocchio::JointModelTranslationTpl<double, 0>, pinocchio::JointModelRevoluteUnboundedTpl<double, 0, 0>, pinocchio::JointModelRevoluteUnboundedTpl<double, 0, 1>, pinocchio::JointModelRevoluteUnboundedTpl<double, 0, 2>, pinocchio::JointModelRevoluteUnboundedUnalignedTpl<double, 0>, pinocchio::JointModelHelicalTpl<double, 0, 0>, pinocchio::JointModelHelicalTpl<double, 0, 1>, pinocchio::JointModelHelicalTpl<double, 0, 2>, pinocchio::JointModelHelicalUnalignedTpl<double, 0>, pinocchio::JointModelUniversalTpl<double, 0>, boost::recursive_wrapper<pinocchio::JointModelCompositeTpl<double, 0, pinocchio::JointCollectionDefaultTpl> >, boost::recursive_wrapper<pinocchio::JointModelMimicTpl<double, 0, pinocchio::JointCollectionDefaultTpl> >}]\x1b[m\x1b[K\xe2\x80\x99\n'}
[5.638929] (gim_arm_hardware) StderrLine: {'line': b' 1759 |     \x1b[01;36m\x1b[Kvariant\x1b[m\x1b[K(const variant& operand)\n'}
[5.638953] (gim_arm_hardware) StderrLine: {'line': b'      |     \x1b[01;36m\x1b[K^~~~~~~\x1b[m\x1b[K\n'}
[5.638976] (gim_arm_hardware) StderrLine: {'line': b'\x1b[01m\x1b[K/usr/include/boost/variant/variant.hpp:1759:28:\x1b[m\x1b[K \x1b[01;36m\x1b[Knote: \x1b[m\x1b[K  no known conversion for argument 1 from \xe2\x80\x98\x1b[01m\x1b[Kconst JointModelDerived\x1b[m\x1b[K\xe2\x80\x99 {aka \xe2\x80\x98\x1b[01m\x1b[Kconst pinocchio::JointModelFreeFlyerTpl<double>\x1b[m\x1b[K\xe2\x80\x99} to \xe2\x80\x98\x1b[01m\x1b[Kconst boost::variant<pinocchio::JointModelRevoluteTpl<double, 0, 0>, pinocchio::JointModelRevoluteTpl<double, 0, 1>, pinocchio::JointModelRevoluteTpl<double, 0, 2>, pinocchio::JointModelFreeFlyerTpl<double, 0>, pinocchio::JointModelPlanarTpl<double, 0>, pinocchio::JointModelRevoluteUnalignedTpl<double, 0>, pinocchio::JointModelSphericalTpl<double, 0>, pinocchio::JointModelSphericalZYXTpl<double, 0>, pinocchio::JointModelEllipsoidTpl<double, 0>, pinocchio::JointModelPrismaticTpl<double, 0, 0>, pinocchio::JointModelPrismaticTpl<double, 0, 1>, pinocchio::JointModelPrismaticTpl<double, 0, 2>, pinocchio::JointModelPrismaticUnalignedTpl<double, 0>, pinocchio::JointModelTranslationTpl<double, 0>, pinocchio::JointModelRevoluteUnboundedTpl<double, 0, 0>, pinocchio::JointModelRevoluteUnboundedTpl<double, 0, 1>, pinocchio::JointModelRevoluteUnboundedTpl<double, 0, 2>, pinocchio::JointModelRevoluteUnboundedUnalignedTpl<double, 0>, pinocchio::JointModelHelicalTpl<double, 0, 0>, pinocchio::JointModelHelicalTpl<double, 0, 1>, pinocchio::JointModelHelicalTpl<double, 0, 2>, pinocchio::JointModelHelicalUnalignedTpl<double, 0>, pinocchio::JointModelUniversalTpl<double, 0>, boost::recursive_wrapper<pinocchio::JointModelCompositeTpl<double, 0, pinocchio::JointCollectionDefaultTpl> >, boost::recursive_wrapper<pinocchio::JointModelMimicTpl<double, 0, pinocchio::JointCollectionDefaultTpl> > >&\x1b[m\x1b[K\xe2\x80\x99\n'}
[5.639013] (gim_arm_hardware) StderrLine: {'line': b' 1759 |     variant(\x1b[01;36m\x1b[Kconst variant& operand\x1b[m\x1b[K)\n'}
[5.639036] (gim_arm_hardware) StderrLine: {'line': b'      |             \x1b[01;36m\x1b[K~~~~~~~~~~~~~~~^~~~~~~\x1b[m\x1b[K\n'}
[5.639060] (gim_arm_hardware) StderrLine: {'line': b'\x1b[01m\x1b[K/usr/include/boost/variant/variant.hpp:1375:5:\x1b[m\x1b[K \x1b[01;36m\x1b[Knote: \x1b[m\x1b[Kcandidate: \xe2\x80\x98\x1b[01m\x1b[Kboost::variant<T0, TN>::variant() [with T0_ = pinocchio::JointModelRevoluteTpl<double, 0, 0>; TN = {pinocchio::JointModelRevoluteTpl<double, 0, 1>, pinocchio::JointModelRevoluteTpl<double, 0, 2>, pinocchio::JointModelFreeFlyerTpl<double, 0>, pinocchio::JointModelPlanarTpl<double, 0>, pinocchio::JointModelRevoluteUnalignedTpl<double, 0>, pinocchio::JointModelSphericalTpl<double, 0>, pinocchio::JointModelSphericalZYXTpl<double, 0>, pinocchio::JointModelEllipsoidTpl<double, 0>, pinocchio::JointModelPrismaticTpl<double, 0, 0>, pinocchio::JointModelPrismaticTpl<double, 0, 1>, pinocchio::JointModelPrismaticTpl<double, 0, 2>, pinocchio::JointModelPrismaticUnalignedTpl<double, 0>, pinocchio::JointModelTranslationTpl<double, 0>, pinocchio::JointModelRevoluteUnboundedTpl<double, 0, 0>, pinocchio::JointModelRevoluteUnboundedTpl<double, 0, 1>, pinocchio::JointModelRevoluteUnboundedTpl<double, 0, 2>, pinocchio::JointModelRevoluteUnboundedUnalignedTpl<double, 0>, pinocchio::JointModelHelicalTpl<double, 0, 0>, pinocchio::JointModelHelicalTpl<double, 0, 1>, pinocchio::JointModelHelicalTpl<double, 0, 2>, pinocchio::JointModelHelicalUnalignedTpl<double, 0>, pinocchio::JointModelUniversalTpl<double, 0>, boost::recursive_wrapper<pinocchio::JointModelCompositeTpl<double, 0, pinocchio::JointCollectionDefaultTpl> >, boost::recursive_wrapper<pinocchio::JointModelMimicTpl<double, 0, pinocchio::JointCollectionDefaultTpl> >}]\x1b[m\x1b[K\xe2\x80\x99\n'}
[5.639091] (gim_arm_hardware) StderrLine: {'line': b' 1375 |     \x1b[01;36m\x1b[Kvariant\x1b[m\x1b[K()\n'}
[5.639115] (gim_arm_hardware) StderrLine: {'line': b'      |     \x1b[01;36m\x1b[K^~~~~~~\x1b[m\x1b[K\n'}
[5.639145] (gim_arm_hardware) StderrLine: {'line': b'\x1b[01m\x1b[K/usr/include/boost/variant/variant.hpp:1375:5:\x1b[m\x1b[K \x1b[01;36m\x1b[Knote: \x1b[m\x1b[K  candidate expects 0 arguments, 1 provided\n'}
[5.687012] (gim_arm_hardware) StderrLine: {'line': b'In file included from \x1b[01m\x1b[K/opt/ros/humble/include/pinocchio/multibody/joint.hpp:84\x1b[m\x1b[K,\n'}
[5.687250] (gim_arm_hardware) StderrLine: {'line': b'                 from \x1b[01m\x1b[K/opt/ros/humble/include/pinocchio/multibody.hpp:43\x1b[m\x1b[K,\n'}
[5.687348] (gim_arm_hardware) StderrLine: {'line': b'                 from \x1b[01m\x1b[K/opt/ros/humble/include/pinocchio/parsers/urdf.hpp:27\x1b[m\x1b[K,\n'}
[5.687447] (gim_arm_hardware) StderrLine: {'line': b'                 from \x1b[01m\x1b[K/home/minh/gim60108_ws/src/gim_arm_hardware/include/gim_arm_hardware/gim_arm_system.hpp:25\x1b[m\x1b[K,\n'}
[5.687518] (gim_arm_hardware) StderrLine: {'line': b'                 from \x1b[01m\x1b[K/home/minh/gim60108_ws/src/gim_arm_hardware/src/gim_arm_system.cpp:1\x1b[m\x1b[K:\n'}
[5.687587] (gim_arm_hardware) StderrLine: {'line': b'/opt/ros/humble/include/pinocchio/src/multibody/joint/joint-generic.hxx: In instantiation of \xe2\x80\x98\x1b[01m\x1b[Kpinocchio::JointModelTpl<Scalar, Options, JointCollectionTpl>::JointModelTpl(const pinocchio::JointModelBase<OtherDerived>&) [with JointModelDerived = pinocchio::JointModelPlanarTpl<double>; _Scalar = double; int _Options = 0; JointCollectionTpl = pinocchio::JointCollectionDefaultTpl]\x1b[m\x1b[K\xe2\x80\x99:\n'}
[5.687639] (gim_arm_hardware) StderrLine: {'line': b'\x1b[01m\x1b[K/opt/ros/humble/include/pinocchio/src/parsers/urdf/model.hxx:269:38:\x1b[m\x1b[K   required from here\n'}
[5.687665] (gim_arm_hardware) StderrLine: {'line': b'\x1b[01m\x1b[K/opt/ros/humble/include/pinocchio/src/multibody/joint/joint-generic.hxx:306:25:\x1b[m\x1b[K \x1b[01;31m\x1b[Kerror: \x1b[m\x1b[Kno matching function for call to \xe2\x80\x98\x1b[01m\x1b[Kboost::variant<pinocchio::JointModelRevoluteTpl<double, 0, 0>, pinocchio::JointModelRevoluteTpl<double, 0, 1>, pinocchio::JointModelRevoluteTpl<double, 0, 2>, pinocchio::JointModelFreeFlyerTpl<double, 0>, pinocchio::JointModelPlanarTpl<double, 0>, pinocchio::JointModelRevoluteUnalignedTpl<double, 0>, pinocchio::JointModelSphericalTpl<double, 0>, pinocchio::JointModelSphericalZYXTpl<double, 0>, pinocchio::JointModelEllipsoidTpl<double, 0>, pinocchio::JointModelPrismaticTpl<double, 0, 0>, pinocchio::JointModelPrismaticTpl<double, 0, 1>, pinocchio::JointModelPrismaticTpl<double, 0, 2>, pinocchio::JointModelPrismaticUnalignedTpl<double, 0>, pinocchio::JointModelTranslationTpl<double, 0>, pinocchio::JointModelRevoluteUnboundedTpl<double, 0, 0>, pinocchio::JointModelRevoluteUnboundedTpl<double, 0, 1>, pinocchio::JointModelRevoluteUnboundedTpl<double, 0, 2>, pinocchio::JointModelRevoluteUnboundedUnalignedTpl<double, 0>, pinocchio::JointModelHelicalTpl<double, 0, 0>, pinocchio::JointModelHelicalTpl<double, 0, 1>, pinocchio::JointModelHelicalTpl<double, 0, 2>, pinocchio::JointModelHelicalUnalignedTpl<double, 0>, pinocchio::JointModelUniversalTpl<double, 0>, boost::recursive_wrapper<pinocchio::JointModelCompositeTpl<double, 0, pinocchio::JointCollectionDefaultTpl> >, boost::recursive_wrapper<pinocchio::JointModelMimicTpl<double, 0, pinocchio::JointCollectionDefaultTpl> > >::variant(const JointModelDerived&)\x1b[m\x1b[K\xe2\x80\x99\n'}
[5.687707] (gim_arm_hardware) StderrLine: {'line': b'  306 |     : JointModelVariant(\x1b[01;31m\x1b[K(JointModelVariant)jmodel.derived()\x1b[m\x1b[K)\n'}
[5.687735] (gim_arm_hardware) StderrLine: {'line': b'      |                         \x1b[01;31m\x1b[K^~~~~~~~~~~~~~~~~~~~~~~~~~~~~~~~~~~\x1b[m\x1b[K\n'}
[5.687760] (gim_arm_hardware) StderrLine: {'line': b'In file included from \x1b[01m\x1b[K/usr/include/boost/variant.hpp:17\x1b[m\x1b[K,\n'}
[5.687785] (gim_arm_hardware) StderrLine: {'line': b'                 from \x1b[01m\x1b[K/opt/ros/humble/include/pinocchio/multibody.hpp:21\x1b[m\x1b[K,\n'}
[5.687810] (gim_arm_hardware) StderrLine: {'line': b'                 from \x1b[01m\x1b[K/opt/ros/humble/include/pinocchio/parsers/urdf.hpp:27\x1b[m\x1b[K,\n'}
[5.687838] (gim_arm_hardware) StderrLine: {'line': b'                 from \x1b[01m\x1b[K/home/minh/gim60108_ws/src/gim_arm_hardware/include/gim_arm_hardware/gim_arm_system.hpp:25\x1b[m\x1b[K,\n'}
[5.687863] (gim_arm_hardware) StderrLine: {'line': b'                 from \x1b[01m\x1b[K/home/minh/gim60108_ws/src/gim_arm_hardware/src/gim_arm_system.cpp:1\x1b[m\x1b[K:\n'}
[5.687887] (gim_arm_hardware) StderrLine: {'line': b'\x1b[01m\x1b[K/usr/include/boost/variant/variant.hpp:1770:5:\x1b[m\x1b[K \x1b[01;36m\x1b[Knote: \x1b[m\x1b[Kcandidate: \xe2\x80\x98\x1b[01m\x1b[Kboost::variant<T0, TN>::variant(boost::variant<T0, TN>&&) [with T0_ = pinocchio::JointModelRevoluteTpl<double, 0, 0>; TN = {pinocchio::JointModelRevoluteTpl<double, 0, 1>, pinocchio::JointModelRevoluteTpl<double, 0, 2>, pinocchio::JointModelFreeFlyerTpl<double, 0>, pinocchio::JointModelPlanarTpl<double, 0>, pinocchio::JointModelRevoluteUnalignedTpl<double, 0>, pinocchio::JointModelSphericalTpl<double, 0>, pinocchio::JointModelSphericalZYXTpl<double, 0>, pinocchio::JointModelEllipsoidTpl<double, 0>, pinocchio::JointModelPrismaticTpl<double, 0, 0>, pinocchio::JointModelPrismaticTpl<double, 0, 1>, pinocchio::JointModelPrismaticTpl<double, 0, 2>, pinocchio::JointModelPrismaticUnalignedTpl<double, 0>, pinocchio::JointModelTranslationTpl<double, 0>, pinocchio::JointModelRevoluteUnboundedTpl<double, 0, 0>, pinocchio::JointModelRevoluteUnboundedTpl<double, 0, 1>, pinocchio::JointModelRevoluteUnboundedTpl<double, 0, 2>, pinocchio::JointModelRevoluteUnboundedUnalignedTpl<double, 0>, pinocchio::JointModelHelicalTpl<double, 0, 0>, pinocchio::JointModelHelicalTpl<double, 0, 1>, pinocchio::JointModelHelicalTpl<double, 0, 2>, pinocchio::JointModelHelicalUnalignedTpl<double, 0>, pinocchio::JointModelUniversalTpl<double, 0>, boost::recursive_wrapper<pinocchio::JointModelCompositeTpl<double, 0, pinocchio::JointCollectionDefaultTpl> >, boost::recursive_wrapper<pinocchio::JointModelMimicTpl<double, 0, pinocchio::JointCollectionDefaultTpl> >}]\x1b[m\x1b[K\xe2\x80\x99\n'}
[5.687920] (gim_arm_hardware) StderrLine: {'line': b' 1770 |     \x1b[01;36m\x1b[Kvariant\x1b[m\x1b[K(variant&& operand) BOOST_NOEXCEPT_IF(variant_move_noexcept_constructible::type::value)\n'}
[5.687945] (gim_arm_hardware) StderrLine: {'line': b'      |     \x1b[01;36m\x1b[K^~~~~~~\x1b[m\x1b[K\n'}
[5.687969] (gim_arm_hardware) StderrLine: {'line': b'\x1b[01m\x1b[K/usr/include/boost/variant/variant.hpp:1770:23:\x1b[m\x1b[K \x1b[01;36m\x1b[Knote: \x1b[m\x1b[K  no known conversion for argument 1 from \xe2\x80\x98\x1b[01m\x1b[Kconst JointModelDerived\x1b[m\x1b[K\xe2\x80\x99 {aka \xe2\x80\x98\x1b[01m\x1b[Kconst pinocchio::JointModelPlanarTpl<double>\x1b[m\x1b[K\xe2\x80\x99} to \xe2\x80\x98\x1b[01m\x1b[Kboost::variant<pinocchio::JointModelRevoluteTpl<double, 0, 0>, pinocchio::JointModelRevoluteTpl<double, 0, 1>, pinocchio::JointModelRevoluteTpl<double, 0, 2>, pinocchio::JointModelFreeFlyerTpl<double, 0>, pinocchio::JointModelPlanarTpl<double, 0>, pinocchio::JointModelRevoluteUnalignedTpl<double, 0>, pinocchio::JointModelSphericalTpl<double, 0>, pinocchio::JointModelSphericalZYXTpl<double, 0>, pinocchio::JointModelEllipsoidTpl<double, 0>, pinocchio::JointModelPrismaticTpl<double, 0, 0>, pinocchio::JointModelPrismaticTpl<double, 0, 1>, pinocchio::JointModelPrismaticTpl<double, 0, 2>, pinocchio::JointModelPrismaticUnalignedTpl<double, 0>, pinocchio::JointModelTranslationTpl<double, 0>, pinocchio::JointModelRevoluteUnboundedTpl<double, 0, 0>, pinocchio::JointModelRevoluteUnboundedTpl<double, 0, 1>, pinocchio::JointModelRevoluteUnboundedTpl<double, 0, 2>, pinocchio::JointModelRevoluteUnboundedUnalignedTpl<double, 0>, pinocchio::JointModelHelicalTpl<double, 0, 0>, pinocchio::JointModelHelicalTpl<double, 0, 1>, pinocchio::JointModelHelicalTpl<double, 0, 2>, pinocchio::JointModelHelicalUnalignedTpl<double, 0>, pinocchio::JointModelUniversalTpl<double, 0>, boost::recursive_wrapper<pinocchio::JointModelCompositeTpl<double, 0, pinocchio::JointCollectionDefaultTpl> >, boost::recursive_wrapper<pinocchio::JointModelMimicTpl<double, 0, pinocchio::JointCollectionDefaultTpl> > >&&\x1b[m\x1b[K\xe2\x80\x99\n'}
[5.688005] (gim_arm_hardware) StderrLine: {'line': b' 1770 |     variant(\x1b[01;36m\x1b[Kvariant&& operand\x1b[m\x1b[K) BOOST_NOEXCEPT_IF(variant_move_noexcept_constructible::type::value)\n'}
[5.688029] (gim_arm_hardware) StderrLine: {'line': b'      |             \x1b[01;36m\x1b[K~~~~~~~~~~^~~~~~~\x1b[m\x1b[K\n'}
[5.688053] (gim_arm_hardware) StderrLine: {'line': b'\x1b[01m\x1b[K/usr/include/boost/variant/variant.hpp:1759:5:\x1b[m\x1b[K \x1b[01;36m\x1b[Knote: \x1b[m\x1b[Kcandidate: \xe2\x80\x98\x1b[01m\x1b[Kboost::variant<T0, TN>::variant(const boost::variant<T0, TN>&) [with T0_ = pinocchio::JointModelRevoluteTpl<double, 0, 0>; TN = {pinocchio::JointModelRevoluteTpl<double, 0, 1>, pinocchio::JointModelRevoluteTpl<double, 0, 2>, pinocchio::JointModelFreeFlyerTpl<double, 0>, pinocchio::JointModelPlanarTpl<double, 0>, pinocchio::JointModelRevoluteUnalignedTpl<double, 0>, pinocchio::JointModelSphericalTpl<double, 0>, pinocchio::JointModelSphericalZYXTpl<double, 0>, pinocchio::JointModelEllipsoidTpl<double, 0>, pinocchio::JointModelPrismaticTpl<double, 0, 0>, pinocchio::JointModelPrismaticTpl<double, 0, 1>, pinocchio::JointModelPrismaticTpl<double, 0, 2>, pinocchio::JointModelPrismaticUnalignedTpl<double, 0>, pinocchio::JointModelTranslationTpl<double, 0>, pinocchio::JointModelRevoluteUnboundedTpl<double, 0, 0>, pinocchio::JointModelRevoluteUnboundedTpl<double, 0, 1>, pinocchio::JointModelRevoluteUnboundedTpl<double, 0, 2>, pinocchio::JointModelRevoluteUnboundedUnalignedTpl<double, 0>, pinocchio::JointModelHelicalTpl<double, 0, 0>, pinocchio::JointModelHelicalTpl<double, 0, 1>, pinocchio::JointModelHelicalTpl<double, 0, 2>, pinocchio::JointModelHelicalUnalignedTpl<double, 0>, pinocchio::JointModelUniversalTpl<double, 0>, boost::recursive_wrapper<pinocchio::JointModelCompositeTpl<double, 0, pinocchio::JointCollectionDefaultTpl> >, boost::recursive_wrapper<pinocchio::JointModelMimicTpl<double, 0, pinocchio::JointCollectionDefaultTpl> >}]\x1b[m\x1b[K\xe2\x80\x99\n'}
[5.688088] (gim_arm_hardware) StderrLine: {'line': b' 1759 |     \x1b[01;36m\x1b[Kvariant\x1b[m\x1b[K(const variant& operand)\n'}
[5.688117] (gim_arm_hardware) StderrLine: {'line': b'      |     \x1b[01;36m\x1b[K^~~~~~~\x1b[m\x1b[K\n'}
[5.688145] (gim_arm_hardware) StderrLine: {'line': b'\x1b[01m\x1b[K/usr/include/boost/variant/variant.hpp:1759:28:\x1b[m\x1b[K \x1b[01;36m\x1b[Knote: \x1b[m\x1b[K  no known conversion for argument 1 from \xe2\x80\x98\x1b[01m\x1b[Kconst JointModelDerived\x1b[m\x1b[K\xe2\x80\x99 {aka \xe2\x80\x98\x1b[01m\x1b[Kconst pinocchio::JointModelPlanarTpl<double>\x1b[m\x1b[K\xe2\x80\x99} to \xe2\x80\x98\x1b[01m\x1b[Kconst boost::variant<pinocchio::JointModelRevoluteTpl<double, 0, 0>, pinocchio::JointModelRevoluteTpl<double, 0, 1>, pinocchio::JointModelRevoluteTpl<double, 0, 2>, pinocchio::JointModelFreeFlyerTpl<double, 0>, pinocchio::JointModelPlanarTpl<double, 0>, pinocchio::JointModelRevoluteUnalignedTpl<double, 0>, pinocchio::JointModelSphericalTpl<double, 0>, pinocchio::JointModelSphericalZYXTpl<double, 0>, pinocchio::JointModelEllipsoidTpl<double, 0>, pinocchio::JointModelPrismaticTpl<double, 0, 0>, pinocchio::JointModelPrismaticTpl<double, 0, 1>, pinocchio::JointModelPrismaticTpl<double, 0, 2>, pinocchio::JointModelPrismaticUnalignedTpl<double, 0>, pinocchio::JointModelTranslationTpl<double, 0>, pinocchio::JointModelRevoluteUnboundedTpl<double, 0, 0>, pinocchio::JointModelRevoluteUnboundedTpl<double, 0, 1>, pinocchio::JointModelRevoluteUnboundedTpl<double, 0, 2>, pinocchio::JointModelRevoluteUnboundedUnalignedTpl<double, 0>, pinocchio::JointModelHelicalTpl<double, 0, 0>, pinocchio::JointModelHelicalTpl<double, 0, 1>, pinocchio::JointModelHelicalTpl<double, 0, 2>, pinocchio::JointModelHelicalUnalignedTpl<double, 0>, pinocchio::JointModelUniversalTpl<double, 0>, boost::recursive_wrapper<pinocchio::JointModelCompositeTpl<double, 0, pinocchio::JointCollectionDefaultTpl> >, boost::recursive_wrapper<pinocchio::JointModelMimicTpl<double, 0, pinocchio::JointCollectionDefaultTpl> > >&\x1b[m\x1b[K\xe2\x80\x99\n'}
[5.688181] (gim_arm_hardware) StderrLine: {'line': b' 1759 |     variant(\x1b[01;36m\x1b[Kconst variant& operand\x1b[m\x1b[K)\n'}
[5.688205] (gim_arm_hardware) StderrLine: {'line': b'      |             \x1b[01;36m\x1b[K~~~~~~~~~~~~~~~^~~~~~~\x1b[m\x1b[K\n'}
[5.688229] (gim_arm_hardware) StderrLine: {'line': b'\x1b[01m\x1b[K/usr/include/boost/variant/variant.hpp:1375:5:\x1b[m\x1b[K \x1b[01;36m\x1b[Knote: \x1b[m\x1b[Kcandidate: \xe2\x80\x98\x1b[01m\x1b[Kboost::variant<T0, TN>::variant() [with T0_ = pinocchio::JointModelRevoluteTpl<double, 0, 0>; TN = {pinocchio::JointModelRevoluteTpl<double, 0, 1>, pinocchio::JointModelRevoluteTpl<double, 0, 2>, pinocchio::JointModelFreeFlyerTpl<double, 0>, pinocchio::JointModelPlanarTpl<double, 0>, pinocchio::JointModelRevoluteUnalignedTpl<double, 0>, pinocchio::JointModelSphericalTpl<double, 0>, pinocchio::JointModelSphericalZYXTpl<double, 0>, pinocchio::JointModelEllipsoidTpl<double, 0>, pinocchio::JointModelPrismaticTpl<double, 0, 0>, pinocchio::JointModelPrismaticTpl<double, 0, 1>, pinocchio::JointModelPrismaticTpl<double, 0, 2>, pinocchio::JointModelPrismaticUnalignedTpl<double, 0>, pinocchio::JointModelTranslationTpl<double, 0>, pinocchio::JointModelRevoluteUnboundedTpl<double, 0, 0>, pinocchio::JointModelRevoluteUnboundedTpl<double, 0, 1>, pinocchio::JointModelRevoluteUnboundedTpl<double, 0, 2>, pinocchio::JointModelRevoluteUnboundedUnalignedTpl<double, 0>, pinocchio::JointModelHelicalTpl<double, 0, 0>, pinocchio::JointModelHelicalTpl<double, 0, 1>, pinocchio::JointModelHelicalTpl<double, 0, 2>, pinocchio::JointModelHelicalUnalignedTpl<double, 0>, pinocchio::JointModelUniversalTpl<double, 0>, boost::recursive_wrapper<pinocchio::JointModelCompositeTpl<double, 0, pinocchio::JointCollectionDefaultTpl> >, boost::recursive_wrapper<pinocchio::JointModelMimicTpl<double, 0, pinocchio::JointCollectionDefaultTpl> >}]\x1b[m\x1b[K\xe2\x80\x99\n'}
[5.688264] (gim_arm_hardware) StderrLine: {'line': b' 1375 |     \x1b[01;36m\x1b[Kvariant\x1b[m\x1b[K()\n'}
[5.688288] (gim_arm_hardware) StderrLine: {'line': b'      |     \x1b[01;36m\x1b[K^~~~~~~\x1b[m\x1b[K\n'}
[5.688313] (gim_arm_hardware) StderrLine: {'line': b'\x1b[01m\x1b[K/usr/include/boost/variant/variant.hpp:1375:5:\x1b[m\x1b[K \x1b[01;36m\x1b[Knote: \x1b[m\x1b[K  candidate expects 0 arguments, 1 provided\n'}
[5.688338] (gim_arm_hardware) StderrLine: {'line': b'In file included from \x1b[01m\x1b[K/opt/ros/humble/include/pinocchio/multibody/joint.hpp:84\x1b[m\x1b[K,\n'}
[5.688362] (gim_arm_hardware) StderrLine: {'line': b'                 from \x1b[01m\x1b[K/opt/ros/humble/include/pinocchio/multibody.hpp:43\x1b[m\x1b[K,\n'}
[5.688385] (gim_arm_hardware) StderrLine: {'line': b'                 from \x1b[01m\x1b[K/opt/ros/humble/include/pinocchio/parsers/urdf.hpp:27\x1b[m\x1b[K,\n'}
[5.688409] (gim_arm_hardware) StderrLine: {'line': b'                 from \x1b[01m\x1b[K/home/minh/gim60108_ws/src/gim_arm_hardware/include/gim_arm_hardware/gim_arm_system.hpp:25\x1b[m\x1b[K,\n'}
[5.688434] (gim_arm_hardware) StderrLine: {'line': b'                 from \x1b[01m\x1b[K/home/minh/gim60108_ws/src/gim_arm_hardware/src/gim_arm_system.cpp:1\x1b[m\x1b[K:\n'}
[5.688458] (gim_arm_hardware) StderrLine: {'line': b'/opt/ros/humble/include/pinocchio/src/multibody/joint/joint-generic.hxx: In instantiation of \xe2\x80\x98\x1b[01m\x1b[Kpinocchio::JointModelTpl<Scalar, Options, JointCollectionTpl>::JointModelTpl(const pinocchio::JointModelBase<OtherDerived>&) [with JointModelDerived = pinocchio::JointModelSphericalTpl<double>; _Scalar = double; int _Options = 0; JointCollectionTpl = pinocchio::JointCollectionDefaultTpl]\x1b[m\x1b[K\xe2\x80\x99:\n'}
[5.688483] (gim_arm_hardware) StderrLine: {'line': b'\x1b[01m\x1b[K/opt/ros/humble/include/pinocchio/src/parsers/urdf/model.hxx:276:38:\x1b[m\x1b[K   required from here\n'}
[5.688507] (gim_arm_hardware) StderrLine: {'line': b'\x1b[01m\x1b[K/opt/ros/humble/include/pinocchio/src/multibody/joint/joint-generic.hxx:306:25:\x1b[m\x1b[K \x1b[01;31m\x1b[Kerror: \x1b[m\x1b[Kno matching function for call to \xe2\x80\x98\x1b[01m\x1b[Kboost::variant<pinocchio::JointModelRevoluteTpl<double, 0, 0>, pinocchio::JointModelRevoluteTpl<double, 0, 1>, pinocchio::JointModelRevoluteTpl<double, 0, 2>, pinocchio::JointModelFreeFlyerTpl<double, 0>, pinocchio::JointModelPlanarTpl<double, 0>, pinocchio::JointModelRevoluteUnalignedTpl<double, 0>, pinocchio::JointModelSphericalTpl<double, 0>, pinocchio::JointModelSphericalZYXTpl<double, 0>, pinocchio::JointModelEllipsoidTpl<double, 0>, pinocchio::JointModelPrismaticTpl<double, 0, 0>, pinocchio::JointModelPrismaticTpl<double, 0, 1>, pinocchio::JointModelPrismaticTpl<double, 0, 2>, pinocchio::JointModelPrismaticUnalignedTpl<double, 0>, pinocchio::JointModelTranslationTpl<double, 0>, pinocchio::JointModelRevoluteUnboundedTpl<double, 0, 0>, pinocchio::JointModelRevoluteUnboundedTpl<double, 0, 1>, pinocchio::JointModelRevoluteUnboundedTpl<double, 0, 2>, pinocchio::JointModelRevoluteUnboundedUnalignedTpl<double, 0>, pinocchio::JointModelHelicalTpl<double, 0, 0>, pinocchio::JointModelHelicalTpl<double, 0, 1>, pinocchio::JointModelHelicalTpl<double, 0, 2>, pinocchio::JointModelHelicalUnalignedTpl<double, 0>, pinocchio::JointModelUniversalTpl<double, 0>, boost::recursive_wrapper<pinocchio::JointModelCompositeTpl<double, 0, pinocchio::JointCollectionDefaultTpl> >, boost::recursive_wrapper<pinocchio::JointModelMimicTpl<double, 0, pinocchio::JointCollectionDefaultTpl> > >::variant(const JointModelDerived&)\x1b[m\x1b[K\xe2\x80\x99\n'}
[5.688546] (gim_arm_hardware) StderrLine: {'line': b'  306 |     : JointModelVariant(\x1b[01;31m\x1b[K(JointModelVariant)jmodel.derived()\x1b[m\x1b[K)\n'}
[5.688571] (gim_arm_hardware) StderrLine: {'line': b'      |                         \x1b[01;31m\x1b[K^~~~~~~~~~~~~~~~~~~~~~~~~~~~~~~~~~~\x1b[m\x1b[K\n'}
[5.688595] (gim_arm_hardware) StderrLine: {'line': b'In file included from \x1b[01m\x1b[K/usr/include/boost/variant.hpp:17\x1b[m\x1b[K,\n'}
[5.688618] (gim_arm_hardware) StderrLine: {'line': b'                 from \x1b[01m\x1b[K/opt/ros/humble/include/pinocchio/multibody.hpp:21\x1b[m\x1b[K,\n'}
[5.688642] (gim_arm_hardware) StderrLine: {'line': b'                 from \x1b[01m\x1b[K/opt/ros/humble/include/pinocchio/parsers/urdf.hpp:27\x1b[m\x1b[K,\n'}
[5.688666] (gim_arm_hardware) StderrLine: {'line': b'                 from \x1b[01m\x1b[K/home/minh/gim60108_ws/src/gim_arm_hardware/include/gim_arm_hardware/gim_arm_system.hpp:25\x1b[m\x1b[K,\n'}
[5.688689] (gim_arm_hardware) StderrLine: {'line': b'                 from \x1b[01m\x1b[K/home/minh/gim60108_ws/src/gim_arm_hardware/src/gim_arm_system.cpp:1\x1b[m\x1b[K:\n'}
[5.688713] (gim_arm_hardware) StderrLine: {'line': b'\x1b[01m\x1b[K/usr/include/boost/variant/variant.hpp:1770:5:\x1b[m\x1b[K \x1b[01;36m\x1b[Knote: \x1b[m\x1b[Kcandidate: \xe2\x80\x98\x1b[01m\x1b[Kboost::variant<T0, TN>::variant(boost::variant<T0, TN>&&) [with T0_ = pinocchio::JointModelRevoluteTpl<double, 0, 0>; TN = {pinocchio::JointModelRevoluteTpl<double, 0, 1>, pinocchio::JointModelRevoluteTpl<double, 0, 2>, pinocchio::JointModelFreeFlyerTpl<double, 0>, pinocchio::JointModelPlanarTpl<double, 0>, pinocchio::JointModelRevoluteUnalignedTpl<double, 0>, pinocchio::JointModelSphericalTpl<double, 0>, pinocchio::JointModelSphericalZYXTpl<double, 0>, pinocchio::JointModelEllipsoidTpl<double, 0>, pinocchio::JointModelPrismaticTpl<double, 0, 0>, pinocchio::JointModelPrismaticTpl<double, 0, 1>, pinocchio::JointModelPrismaticTpl<double, 0, 2>, pinocchio::JointModelPrismaticUnalignedTpl<double, 0>, pinocchio::JointModelTranslationTpl<double, 0>, pinocchio::JointModelRevoluteUnboundedTpl<double, 0, 0>, pinocchio::JointModelRevoluteUnboundedTpl<double, 0, 1>, pinocchio::JointModelRevoluteUnboundedTpl<double, 0, 2>, pinocchio::JointModelRevoluteUnboundedUnalignedTpl<double, 0>, pinocchio::JointModelHelicalTpl<double, 0, 0>, pinocchio::JointModelHelicalTpl<double, 0, 1>, pinocchio::JointModelHelicalTpl<double, 0, 2>, pinocchio::JointModelHelicalUnalignedTpl<double, 0>, pinocchio::JointModelUniversalTpl<double, 0>, boost::recursive_wrapper<pinocchio::JointModelCompositeTpl<double, 0, pinocchio::JointCollectionDefaultTpl> >, boost::recursive_wrapper<pinocchio::JointModelMimicTpl<double, 0, pinocchio::JointCollectionDefaultTpl> >}]\x1b[m\x1b[K\xe2\x80\x99\n'}
[5.688743] (gim_arm_hardware) StderrLine: {'line': b' 1770 |     \x1b[01;36m\x1b[Kvariant\x1b[m\x1b[K(variant&& operand) BOOST_NOEXCEPT_IF(variant_move_noexcept_constructible::type::value)\n'}
[5.688768] (gim_arm_hardware) StderrLine: {'line': b'      |     \x1b[01;36m\x1b[K^~~~~~~\x1b[m\x1b[K\n'}
[5.688792] (gim_arm_hardware) StderrLine: {'line': b'\x1b[01m\x1b[K/usr/include/boost/variant/variant.hpp:1770:23:\x1b[m\x1b[K \x1b[01;36m\x1b[Knote: \x1b[m\x1b[K  no known conversion for argument 1 from \xe2\x80\x98\x1b[01m\x1b[Kconst JointModelDerived\x1b[m\x1b[K\xe2\x80\x99 {aka \xe2\x80\x98\x1b[01m\x1b[Kconst pinocchio::JointModelSphericalTpl<double>\x1b[m\x1b[K\xe2\x80\x99} to \xe2\x80\x98\x1b[01m\x1b[Kboost::variant<pinocchio::JointModelRevoluteTpl<double, 0, 0>, pinocchio::JointModelRevoluteTpl<double, 0, 1>, pinocchio::JointModelRevoluteTpl<double, 0, 2>, pinocchio::JointModelFreeFlyerTpl<double, 0>, pinocchio::JointModelPlanarTpl<double, 0>, pinocchio::JointModelRevoluteUnalignedTpl<double, 0>, pinocchio::JointModelSphericalTpl<double, 0>, pinocchio::JointModelSphericalZYXTpl<double, 0>, pinocchio::JointModelEllipsoidTpl<double, 0>, pinocchio::JointModelPrismaticTpl<double, 0, 0>, pinocchio::JointModelPrismaticTpl<double, 0, 1>, pinocchio::JointModelPrismaticTpl<double, 0, 2>, pinocchio::JointModelPrismaticUnalignedTpl<double, 0>, pinocchio::JointModelTranslationTpl<double, 0>, pinocchio::JointModelRevoluteUnboundedTpl<double, 0, 0>, pinocchio::JointModelRevoluteUnboundedTpl<double, 0, 1>, pinocchio::JointModelRevoluteUnboundedTpl<double, 0, 2>, pinocchio::JointModelRevoluteUnboundedUnalignedTpl<double, 0>, pinocchio::JointModelHelicalTpl<double, 0, 0>, pinocchio::JointModelHelicalTpl<double, 0, 1>, pinocchio::JointModelHelicalTpl<double, 0, 2>, pinocchio::JointModelHelicalUnalignedTpl<double, 0>, pinocchio::JointModelUniversalTpl<double, 0>, boost::recursive_wrapper<pinocchio::JointModelCompositeTpl<double, 0, pinocchio::JointCollectionDefaultTpl> >, boost::recursive_wrapper<pinocchio::JointModelMimicTpl<double, 0, pinocchio::JointCollectionDefaultTpl> > >&&\x1b[m\x1b[K\xe2\x80\x99\n'}
[5.688830] (gim_arm_hardware) StderrLine: {'line': b' 1770 |     variant(\x1b[01;36m\x1b[Kvariant&& operand\x1b[m\x1b[K) BOOST_NOEXCEPT_IF(variant_move_noexcept_constructible::type::value)\n'}
[5.688854] (gim_arm_hardware) StderrLine: {'line': b'      |             \x1b[01;36m\x1b[K~~~~~~~~~~^~~~~~~\x1b[m\x1b[K\n'}
[5.688878] (gim_arm_hardware) StderrLine: {'line': b'\x1b[01m\x1b[K/usr/include/boost/variant/variant.hpp:1759:5:\x1b[m\x1b[K \x1b[01;36m\x1b[Knote: \x1b[m\x1b[Kcandidate: \xe2\x80\x98\x1b[01m\x1b[Kboost::variant<T0, TN>::variant(const boost::variant<T0, TN>&) [with T0_ = pinocchio::JointModelRevoluteTpl<double, 0, 0>; TN = {pinocchio::JointModelRevoluteTpl<double, 0, 1>, pinocchio::JointModelRevoluteTpl<double, 0, 2>, pinocchio::JointModelFreeFlyerTpl<double, 0>, pinocchio::JointModelPlanarTpl<double, 0>, pinocchio::JointModelRevoluteUnalignedTpl<double, 0>, pinocchio::JointModelSphericalTpl<double, 0>, pinocchio::JointModelSphericalZYXTpl<double, 0>, pinocchio::JointModelEllipsoidTpl<double, 0>, pinocchio::JointModelPrismaticTpl<double, 0, 0>, pinocchio::JointModelPrismaticTpl<double, 0, 1>, pinocchio::JointModelPrismaticTpl<double, 0, 2>, pinocchio::JointModelPrismaticUnalignedTpl<double, 0>, pinocchio::JointModelTranslationTpl<double, 0>, pinocchio::JointModelRevoluteUnboundedTpl<double, 0, 0>, pinocchio::JointModelRevoluteUnboundedTpl<double, 0, 1>, pinocchio::JointModelRevoluteUnboundedTpl<double, 0, 2>, pinocchio::JointModelRevoluteUnboundedUnalignedTpl<double, 0>, pinocchio::JointModelHelicalTpl<double, 0, 0>, pinocchio::JointModelHelicalTpl<double, 0, 1>, pinocchio::JointModelHelicalTpl<double, 0, 2>, pinocchio::JointModelHelicalUnalignedTpl<double, 0>, pinocchio::JointModelUniversalTpl<double, 0>, boost::recursive_wrapper<pinocchio::JointModelCompositeTpl<double, 0, pinocchio::JointCollectionDefaultTpl> >, boost::recursive_wrapper<pinocchio::JointModelMimicTpl<double, 0, pinocchio::JointCollectionDefaultTpl> >}]\x1b[m\x1b[K\xe2\x80\x99\n'}
[5.688911] (gim_arm_hardware) StderrLine: {'line': b' 1759 |     \x1b[01;36m\x1b[Kvariant\x1b[m\x1b[K(const variant& operand)\n'}
[5.688935] (gim_arm_hardware) StderrLine: {'line': b'      |     \x1b[01;36m\x1b[K^~~~~~~\x1b[m\x1b[K\n'}
[5.688959] (gim_arm_hardware) StderrLine: {'line': b'\x1b[01m\x1b[K/usr/include/boost/variant/variant.hpp:1759:28:\x1b[m\x1b[K \x1b[01;36m\x1b[Knote: \x1b[m\x1b[K  no known conversion for argument 1 from \xe2\x80\x98\x1b[01m\x1b[Kconst JointModelDerived\x1b[m\x1b[K\xe2\x80\x99 {aka \xe2\x80\x98\x1b[01m\x1b[Kconst pinocchio::JointModelSphericalTpl<double>\x1b[m\x1b[K\xe2\x80\x99} to \xe2\x80\x98\x1b[01m\x1b[Kconst boost::variant<pinocchio::JointModelRevoluteTpl<double, 0, 0>, pinocchio::JointModelRevoluteTpl<double, 0, 1>, pinocchio::JointModelRevoluteTpl<double, 0, 2>, pinocchio::JointModelFreeFlyerTpl<double, 0>, pinocchio::JointModelPlanarTpl<double, 0>, pinocchio::JointModelRevoluteUnalignedTpl<double, 0>, pinocchio::JointModelSphericalTpl<double, 0>, pinocchio::JointModelSphericalZYXTpl<double, 0>, pinocchio::JointModelEllipsoidTpl<double, 0>, pinocchio::JointModelPrismaticTpl<double, 0, 0>, pinocchio::JointModelPrismaticTpl<double, 0, 1>, pinocchio::JointModelPrismaticTpl<double, 0, 2>, pinocchio::JointModelPrismaticUnalignedTpl<double, 0>, pinocchio::JointModelTranslationTpl<double, 0>, pinocchio::JointModelRevoluteUnboundedTpl<double, 0, 0>, pinocchio::JointModelRevoluteUnboundedTpl<double, 0, 1>, pinocchio::JointModelRevoluteUnboundedTpl<double, 0, 2>, pinocchio::JointModelRevoluteUnboundedUnalignedTpl<double, 0>, pinocchio::JointModelHelicalTpl<double, 0, 0>, pinocchio::JointModelHelicalTpl<double, 0, 1>, pinocchio::JointModelHelicalTpl<double, 0, 2>, pinocchio::JointModelHelicalUnalignedTpl<double, 0>, pinocchio::JointModelUniversalTpl<double, 0>, boost::recursive_wrapper<pinocchio::JointModelCompositeTpl<double, 0, pinocchio::JointCollectionDefaultTpl> >, boost::recursive_wrapper<pinocchio::JointModelMimicTpl<double, 0, pinocchio::JointCollectionDefaultTpl> > >&\x1b[m\x1b[K\xe2\x80\x99\n'}
[5.688997] (gim_arm_hardware) StderrLine: {'line': b' 1759 |     variant(\x1b[01;36m\x1b[Kconst variant& operand\x1b[m\x1b[K)\n'}
[5.689022] (gim_arm_hardware) StderrLine: {'line': b'      |             \x1b[01;36m\x1b[K~~~~~~~~~~~~~~~^~~~~~~\x1b[m\x1b[K\n'}
[5.689046] (gim_arm_hardware) StderrLine: {'line': b'\x1b[01m\x1b[K/usr/include/boost/variant/variant.hpp:1375:5:\x1b[m\x1b[K \x1b[01;36m\x1b[Knote: \x1b[m\x1b[Kcandidate: \xe2\x80\x98\x1b[01m\x1b[Kboost::variant<T0, TN>::variant() [with T0_ = pinocchio::JointModelRevoluteTpl<double, 0, 0>; TN = {pinocchio::JointModelRevoluteTpl<double, 0, 1>, pinocchio::JointModelRevoluteTpl<double, 0, 2>, pinocchio::JointModelFreeFlyerTpl<double, 0>, pinocchio::JointModelPlanarTpl<double, 0>, pinocchio::JointModelRevoluteUnalignedTpl<double, 0>, pinocchio::JointModelSphericalTpl<double, 0>, pinocchio::JointModelSphericalZYXTpl<double, 0>, pinocchio::JointModelEllipsoidTpl<double, 0>, pinocchio::JointModelPrismaticTpl<double, 0, 0>, pinocchio::JointModelPrismaticTpl<double, 0, 1>, pinocchio::JointModelPrismaticTpl<double, 0, 2>, pinocchio::JointModelPrismaticUnalignedTpl<double, 0>, pinocchio::JointModelTranslationTpl<double, 0>, pinocchio::JointModelRevoluteUnboundedTpl<double, 0, 0>, pinocchio::JointModelRevoluteUnboundedTpl<double, 0, 1>, pinocchio::JointModelRevoluteUnboundedTpl<double, 0, 2>, pinocchio::JointModelRevoluteUnboundedUnalignedTpl<double, 0>, pinocchio::JointModelHelicalTpl<double, 0, 0>, pinocchio::JointModelHelicalTpl<double, 0, 1>, pinocchio::JointModelHelicalTpl<double, 0, 2>, pinocchio::JointModelHelicalUnalignedTpl<double, 0>, pinocchio::JointModelUniversalTpl<double, 0>, boost::recursive_wrapper<pinocchio::JointModelCompositeTpl<double, 0, pinocchio::JointCollectionDefaultTpl> >, boost::recursive_wrapper<pinocchio::JointModelMimicTpl<double, 0, pinocchio::JointCollectionDefaultTpl> >}]\x1b[m\x1b[K\xe2\x80\x99\n'}
[5.689078] (gim_arm_hardware) StderrLine: {'line': b' 1375 |     \x1b[01;36m\x1b[Kvariant\x1b[m\x1b[K()\n'}
[5.689102] (gim_arm_hardware) StderrLine: {'line': b'      |     \x1b[01;36m\x1b[K^~~~~~~\x1b[m\x1b[K\n'}
[5.689131] (gim_arm_hardware) StderrLine: {'line': b'\x1b[01m\x1b[K/usr/include/boost/variant/variant.hpp:1375:5:\x1b[m\x1b[K \x1b[01;36m\x1b[Knote: \x1b[m\x1b[K  candidate expects 0 arguments, 1 provided\n'}
[5.718501] (-) TimerEvent: {}
[5.818856] (-) TimerEvent: {}
[5.825295] (gim_arm_hardware) StderrLine: {'line': b'/usr/include/boost/variant/variant.hpp: In instantiation of \xe2\x80\x98\x1b[01m\x1b[Kboost::variant<T0, TN>::variant(const boost::variant<T0, TN>&) [with T0_ = pinocchio::JointModelRevoluteTpl<double, 0, 0>; TN = {pinocchio::JointModelRevoluteTpl<double, 0, 1>, pinocchio::JointModelRevoluteTpl<double, 0, 2>, pinocchio::JointModelFreeFlyerTpl<double, 0>, pinocchio::JointModelPlanarTpl<double, 0>, pinocchio::JointModelRevoluteUnalignedTpl<double, 0>, pinocchio::JointModelSphericalTpl<double, 0>, pinocchio::JointModelSphericalZYXTpl<double, 0>, pinocchio::JointModelEllipsoidTpl<double, 0>, pinocchio::JointModelPrismaticTpl<double, 0, 0>, pinocchio::JointModelPrismaticTpl<double, 0, 1>, pinocchio::JointModelPrismaticTpl<double, 0, 2>, pinocchio::JointModelPrismaticUnalignedTpl<double, 0>, pinocchio::JointModelTranslationTpl<double, 0>, pinocchio::JointModelRevoluteUnboundedTpl<double, 0, 0>, pinocchio::JointModelRevoluteUnboundedTpl<double, 0, 1>, pinocchio::JointModelRevoluteUnboundedTpl<double, 0, 2>, pinocchio::JointModelRevoluteUnboundedUnalignedTpl<double, 0>, pinocchio::JointModelHelicalTpl<double, 0, 0>, pinocchio::JointModelHelicalTpl<double, 0, 1>, pinocchio::JointModelHelicalTpl<double, 0, 2>, pinocchio::JointModelHelicalUnalignedTpl<double, 0>, pinocchio::JointModelUniversalTpl<double, 0>, boost::recursive_wrapper<pinocchio::JointModelCompositeTpl<double, 0, pinocchio::JointCollectionDefaultTpl> >, boost::recursive_wrapper<pinocchio::JointModelMimicTpl<double, 0, pinocchio::JointCollectionDefaultTpl> >}]\x1b[m\x1b[K\xe2\x80\x99:\n'}
[5.825532] (gim_arm_hardware) StderrLine: {'line': b'\x1b[01m\x1b[K/opt/ros/humble/include/pinocchio/src/multibody/joint/joint-generic.hxx:256:10:\x1b[m\x1b[K   required from \xe2\x80\x98\x1b[01m\x1b[Kpinocchio::ModelTpl<_Scalar, _Options, JointCollectionTpl>::JointIndex pinocchio::ModelTpl<_Scalar, _Options, JointCollectionTpl>::addJoint(pinocchio::ModelTpl<_Scalar, _Options, JointCollectionTpl>::JointIndex, const JointModel&, const SE3&, const string&, const VectorXs&, const VectorXs&, const VectorXs&, const VectorXs&, const VectorXs&, const VectorXs&, const VectorXs&, const VectorXs&, const VectorXs&, const VectorXs&) [with _Scalar = double; int _Options = 0; JointCollectionTpl = pinocchio::JointCollectionDefaultTpl; pinocchio::ModelTpl<_Scalar, _Options, JointCollectionTpl>::JointIndex = long unsigned int; pinocchio::ModelTpl<_Scalar, _Options, JointCollectionTpl>::JointModel = pinocchio::JointModelTpl<double>; pinocchio::ModelTpl<_Scalar, _Options, JointCollectionTpl>::SE3 = pinocchio::SE3Tpl<double, 0>; std::string = std::__cxx11::basic_string<char>; pinocchio::ModelTpl<_Scalar, _Options, JointCollectionTpl>::VectorXs = Eigen::Matrix<double, -1, 1>]\x1b[m\x1b[K\xe2\x80\x99\n'}
[5.825643] (gim_arm_hardware) StderrLine: {'line': b'\x1b[01m\x1b[K/opt/ros/humble/include/pinocchio/src/parsers/urdf/model.hxx:235:38:\x1b[m\x1b[K   required from here\n'}
[5.825719] (gim_arm_hardware) StderrLine: {'line': b'\x1b[01m\x1b[K/usr/include/boost/variant/variant.hpp:1762:45:\x1b[m\x1b[K \x1b[01;31m\x1b[Kerror: \x1b[m\x1b[Kusing invalid field \xe2\x80\x98\x1b[01m\x1b[Kboost::variant<T0, TN>::storage_\x1b[m\x1b[K\xe2\x80\x99\n'}
[5.825787] (gim_arm_hardware) StderrLine: {'line': b' 1762 |         detail::variant::copy_into visitor( \x1b[01;31m\x1b[Kstorage_\x1b[m\x1b[K.address() );\n'}
[5.825852] (gim_arm_hardware) StderrLine: {'line': b'      |                                             \x1b[01;31m\x1b[K^~~~~~~~\x1b[m\x1b[K\n'}
[5.838791] (gim_arm_hardware) StderrLine: {'line': b'In file included from \x1b[01m\x1b[K/opt/ros/humble/include/pinocchio/multibody/joint.hpp:84\x1b[m\x1b[K,\n'}
[5.839784] (gim_arm_hardware) StderrLine: {'line': b'                 from \x1b[01m\x1b[K/opt/ros/humble/include/pinocchio/multibody.hpp:43\x1b[m\x1b[K,\n'}
[5.839896] (gim_arm_hardware) StderrLine: {'line': b'                 from \x1b[01m\x1b[K/opt/ros/humble/include/pinocchio/parsers/urdf.hpp:27\x1b[m\x1b[K,\n'}
[5.839979] (gim_arm_hardware) StderrLine: {'line': b'                 from \x1b[01m\x1b[K/home/minh/gim60108_ws/src/gim_arm_hardware/include/gim_arm_hardware/gim_arm_system.hpp:25\x1b[m\x1b[K,\n'}
[5.840023] (gim_arm_hardware) StderrLine: {'line': b'                 from \x1b[01m\x1b[K/home/minh/gim60108_ws/src/gim_arm_hardware/src/gim_arm_system.cpp:1\x1b[m\x1b[K:\n'}
[5.840055] (gim_arm_hardware) StderrLine: {'line': b'/opt/ros/humble/include/pinocchio/src/multibody/joint/joint-generic.hxx: In instantiation of \xe2\x80\x98\x1b[01m\x1b[Kpinocchio::JointModelTpl<Scalar, Options, JointCollectionTpl>::JointModelTpl(const pinocchio::JointModelBase<OtherDerived>&) [with JointModelDerived = pinocchio::JointModelRevoluteTpl<double, 0, 0>; _Scalar = double; int _Options = 0; JointCollectionTpl = pinocchio::JointCollectionDefaultTpl]\x1b[m\x1b[K\xe2\x80\x99:\n'}
[5.840087] (gim_arm_hardware) StderrLine: {'line': b'\x1b[01m\x1b[K/opt/ros/humble/include/pinocchio/src/parsers/urdf/model.hxx:495:34:\x1b[m\x1b[K   required from \xe2\x80\x98\x1b[01m\x1b[Kpinocchio::JointIndex pinocchio::urdf::details::UrdfVisitor::addJoint(const Vector3&, const Frame&, const SE3&, const string&, const VectorConstRef&, const VectorConstRef&, const VectorConstRef&, const VectorConstRef&, const VectorConstRef&, const VectorConstRef&, const VectorConstRef&, const VectorConstRef&, const VectorConstRef&, const VectorConstRef&) [with TypeX = pinocchio::JointModelRevoluteTpl<double, 0, 0>; TypeY = pinocchio::JointModelRevoluteTpl<double, 0, 1>; TypeZ = pinocchio::JointModelRevoluteTpl<double, 0, 2>; TypeUnaligned = pinocchio::JointModelRevoluteUnalignedTpl<double>; pinocchio::JointIndex = long unsigned int; pinocchio::urdf::details::UrdfVisitor::Vector3 = Eigen::Matrix<double, 3, 1>; pinocchio::urdf::details::UrdfVisitor::Frame = pinocchio::FrameTpl<double, 0>; pinocchio::urdf::details::UrdfVisitor::SE3 = pinocchio::SE3Tpl<double, 0>; std::string = std::__cxx11::basic_string<char>; pinocchio::urdf::details::UrdfVisitor::VectorConstRef = Eigen::Ref<const Eigen::Matrix<double, -1, 1> >]\x1b[m\x1b[K\xe2\x80\x99\n'}
[5.840123] (gim_arm_hardware) StderrLine: {'line': b'\x1b[01m\x1b[K/opt/ros/humble/include/pinocchio/src/parsers/urdf/model.hxx:245:69:\x1b[m\x1b[K   required from here\n'}
[5.840153] (gim_arm_hardware) StderrLine: {'line': b'\x1b[01m\x1b[K/opt/ros/humble/include/pinocchio/src/multibody/joint/joint-generic.hxx:306:25:\x1b[m\x1b[K \x1b[01;31m\x1b[Kerror: \x1b[m\x1b[Kno matching function for call to \xe2\x80\x98\x1b[01m\x1b[Kboost::variant<pinocchio::JointModelRevoluteTpl<double, 0, 0>, pinocchio::JointModelRevoluteTpl<double, 0, 1>, pinocchio::JointModelRevoluteTpl<double, 0, 2>, pinocchio::JointModelFreeFlyerTpl<double, 0>, pinocchio::JointModelPlanarTpl<double, 0>, pinocchio::JointModelRevoluteUnalignedTpl<double, 0>, pinocchio::JointModelSphericalTpl<double, 0>, pinocchio::JointModelSphericalZYXTpl<double, 0>, pinocchio::JointModelEllipsoidTpl<double, 0>, pinocchio::JointModelPrismaticTpl<double, 0, 0>, pinocchio::JointModelPrismaticTpl<double, 0, 1>, pinocchio::JointModelPrismaticTpl<double, 0, 2>, pinocchio::JointModelPrismaticUnalignedTpl<double, 0>, pinocchio::JointModelTranslationTpl<double, 0>, pinocchio::JointModelRevoluteUnboundedTpl<double, 0, 0>, pinocchio::JointModelRevoluteUnboundedTpl<double, 0, 1>, pinocchio::JointModelRevoluteUnboundedTpl<double, 0, 2>, pinocchio::JointModelRevoluteUnboundedUnalignedTpl<double, 0>, pinocchio::JointModelHelicalTpl<double, 0, 0>, pinocchio::JointModelHelicalTpl<double, 0, 1>, pinocchio::JointModelHelicalTpl<double, 0, 2>, pinocchio::JointModelHelicalUnalignedTpl<double, 0>, pinocchio::JointModelUniversalTpl<double, 0>, boost::recursive_wrapper<pinocchio::JointModelCompositeTpl<double, 0, pinocchio::JointCollectionDefaultTpl> >, boost::recursive_wrapper<pinocchio::JointModelMimicTpl<double, 0, pinocchio::JointCollectionDefaultTpl> > >::variant(const JointModelDerived&)\x1b[m\x1b[K\xe2\x80\x99\n'}
[5.840191] (gim_arm_hardware) StderrLine: {'line': b'  306 |     : JointModelVariant(\x1b[01;31m\x1b[K(JointModelVariant)jmodel.derived()\x1b[m\x1b[K)\n'}
[5.840218] (gim_arm_hardware) StderrLine: {'line': b'      |                         \x1b[01;31m\x1b[K^~~~~~~~~~~~~~~~~~~~~~~~~~~~~~~~~~~\x1b[m\x1b[K\n'}
[5.840243] (gim_arm_hardware) StderrLine: {'line': b'In file included from \x1b[01m\x1b[K/usr/include/boost/variant.hpp:17\x1b[m\x1b[K,\n'}
[5.840268] (gim_arm_hardware) StderrLine: {'line': b'                 from \x1b[01m\x1b[K/opt/ros/humble/include/pinocchio/multibody.hpp:21\x1b[m\x1b[K,\n'}
[5.840292] (gim_arm_hardware) StderrLine: {'line': b'                 from \x1b[01m\x1b[K/opt/ros/humble/include/pinocchio/parsers/urdf.hpp:27\x1b[m\x1b[K,\n'}
[5.840316] (gim_arm_hardware) StderrLine: {'line': b'                 from \x1b[01m\x1b[K/home/minh/gim60108_ws/src/gim_arm_hardware/include/gim_arm_hardware/gim_arm_system.hpp:25\x1b[m\x1b[K,\n'}
[5.840341] (gim_arm_hardware) StderrLine: {'line': b'                 from \x1b[01m\x1b[K/home/minh/gim60108_ws/src/gim_arm_hardware/src/gim_arm_system.cpp:1\x1b[m\x1b[K:\n'}
[5.840366] (gim_arm_hardware) StderrLine: {'line': b'\x1b[01m\x1b[K/usr/include/boost/variant/variant.hpp:1770:5:\x1b[m\x1b[K \x1b[01;36m\x1b[Knote: \x1b[m\x1b[Kcandidate: \xe2\x80\x98\x1b[01m\x1b[Kboost::variant<T0, TN>::variant(boost::variant<T0, TN>&&) [with T0_ = pinocchio::JointModelRevoluteTpl<double, 0, 0>; TN = {pinocchio::JointModelRevoluteTpl<double, 0, 1>, pinocchio::JointModelRevoluteTpl<double, 0, 2>, pinocchio::JointModelFreeFlyerTpl<double, 0>, pinocchio::JointModelPlanarTpl<double, 0>, pinocchio::JointModelRevoluteUnalignedTpl<double, 0>, pinocchio::JointModelSphericalTpl<double, 0>, pinocchio::JointModelSphericalZYXTpl<double, 0>, pinocchio::JointModelEllipsoidTpl<double, 0>, pinocchio::JointModelPrismaticTpl<double, 0, 0>, pinocchio::JointModelPrismaticTpl<double, 0, 1>, pinocchio::JointModelPrismaticTpl<double, 0, 2>, pinocchio::JointModelPrismaticUnalignedTpl<double, 0>, pinocchio::JointModelTranslationTpl<double, 0>, pinocchio::JointModelRevoluteUnboundedTpl<double, 0, 0>, pinocchio::JointModelRevoluteUnboundedTpl<double, 0, 1>, pinocchio::JointModelRevoluteUnboundedTpl<double, 0, 2>, pinocchio::JointModelRevoluteUnboundedUnalignedTpl<double, 0>, pinocchio::JointModelHelicalTpl<double, 0, 0>, pinocchio::JointModelHelicalTpl<double, 0, 1>, pinocchio::JointModelHelicalTpl<double, 0, 2>, pinocchio::JointModelHelicalUnalignedTpl<double, 0>, pinocchio::JointModelUniversalTpl<double, 0>, boost::recursive_wrapper<pinocchio::JointModelCompositeTpl<double, 0, pinocchio::JointCollectionDefaultTpl> >, boost::recursive_wrapper<pinocchio::JointModelMimicTpl<double, 0, pinocchio::JointCollectionDefaultTpl> >}]\x1b[m\x1b[K\xe2\x80\x99\n'}
[5.840402] (gim_arm_hardware) StderrLine: {'line': b' 1770 |     \x1b[01;36m\x1b[Kvariant\x1b[m\x1b[K(variant&& operand) BOOST_NOEXCEPT_IF(variant_move_noexcept_constructible::type::value)\n'}
[5.840426] (gim_arm_hardware) StderrLine: {'line': b'      |     \x1b[01;36m\x1b[K^~~~~~~\x1b[m\x1b[K\n'}
[5.840450] (gim_arm_hardware) StderrLine: {'line': b'\x1b[01m\x1b[K/usr/include/boost/variant/variant.hpp:1770:23:\x1b[m\x1b[K \x1b[01;36m\x1b[Knote: \x1b[m\x1b[K  no known conversion for argument 1 from \xe2\x80\x98\x1b[01m\x1b[Kconst JointModelDerived\x1b[m\x1b[K\xe2\x80\x99 {aka \xe2\x80\x98\x1b[01m\x1b[Kconst pinocchio::JointModelRevoluteTpl<double, 0, 0>\x1b[m\x1b[K\xe2\x80\x99} to \xe2\x80\x98\x1b[01m\x1b[Kboost::variant<pinocchio::JointModelRevoluteTpl<double, 0, 0>, pinocchio::JointModelRevoluteTpl<double, 0, 1>, pinocchio::JointModelRevoluteTpl<double, 0, 2>, pinocchio::JointModelFreeFlyerTpl<double, 0>, pinocchio::JointModelPlanarTpl<double, 0>, pinocchio::JointModelRevoluteUnalignedTpl<double, 0>, pinocchio::JointModelSphericalTpl<double, 0>, pinocchio::JointModelSphericalZYXTpl<double, 0>, pinocchio::JointModelEllipsoidTpl<double, 0>, pinocchio::JointModelPrismaticTpl<double, 0, 0>, pinocchio::JointModelPrismaticTpl<double, 0, 1>, pinocchio::JointModelPrismaticTpl<double, 0, 2>, pinocchio::JointModelPrismaticUnalignedTpl<double, 0>, pinocchio::JointModelTranslationTpl<double, 0>, pinocchio::JointModelRevoluteUnboundedTpl<double, 0, 0>, pinocchio::JointModelRevoluteUnboundedTpl<double, 0, 1>, pinocchio::JointModelRevoluteUnboundedTpl<double, 0, 2>, pinocchio::JointModelRevoluteUnboundedUnalignedTpl<double, 0>, pinocchio::JointModelHelicalTpl<double, 0, 0>, pinocchio::JointModelHelicalTpl<double, 0, 1>, pinocchio::JointModelHelicalTpl<double, 0, 2>, pinocchio::JointModelHelicalUnalignedTpl<double, 0>, pinocchio::JointModelUniversalTpl<double, 0>, boost::recursive_wrapper<pinocchio::JointModelCompositeTpl<double, 0, pinocchio::JointCollectionDefaultTpl> >, boost::recursive_wrapper<pinocchio::JointModelMimicTpl<double, 0, pinocchio::JointCollectionDefaultTpl> > >&&\x1b[m\x1b[K\xe2\x80\x99\n'}
[5.840488] (gim_arm_hardware) StderrLine: {'line': b' 1770 |     variant(\x1b[01;36m\x1b[Kvariant&& operand\x1b[m\x1b[K) BOOST_NOEXCEPT_IF(variant_move_noexcept_constructible::type::value)\n'}
[5.840512] (gim_arm_hardware) StderrLine: {'line': b'      |             \x1b[01;36m\x1b[K~~~~~~~~~~^~~~~~~\x1b[m\x1b[K\n'}
[5.840536] (gim_arm_hardware) StderrLine: {'line': b'\x1b[01m\x1b[K/usr/include/boost/variant/variant.hpp:1759:5:\x1b[m\x1b[K \x1b[01;36m\x1b[Knote: \x1b[m\x1b[Kcandidate: \xe2\x80\x98\x1b[01m\x1b[Kboost::variant<T0, TN>::variant(const boost::variant<T0, TN>&) [with T0_ = pinocchio::JointModelRevoluteTpl<double, 0, 0>; TN = {pinocchio::JointModelRevoluteTpl<double, 0, 1>, pinocchio::JointModelRevoluteTpl<double, 0, 2>, pinocchio::JointModelFreeFlyerTpl<double, 0>, pinocchio::JointModelPlanarTpl<double, 0>, pinocchio::JointModelRevoluteUnalignedTpl<double, 0>, pinocchio::JointModelSphericalTpl<double, 0>, pinocchio::JointModelSphericalZYXTpl<double, 0>, pinocchio::JointModelEllipsoidTpl<double, 0>, pinocchio::JointModelPrismaticTpl<double, 0, 0>, pinocchio::JointModelPrismaticTpl<double, 0, 1>, pinocchio::JointModelPrismaticTpl<double, 0, 2>, pinocchio::JointModelPrismaticUnalignedTpl<double, 0>, pinocchio::JointModelTranslationTpl<double, 0>, pinocchio::JointModelRevoluteUnboundedTpl<double, 0, 0>, pinocchio::JointModelRevoluteUnboundedTpl<double, 0, 1>, pinocchio::JointModelRevoluteUnboundedTpl<double, 0, 2>, pinocchio::JointModelRevoluteUnboundedUnalignedTpl<double, 0>, pinocchio::JointModelHelicalTpl<double, 0, 0>, pinocchio::JointModelHelicalTpl<double, 0, 1>, pinocchio::JointModelHelicalTpl<double, 0, 2>, pinocchio::JointModelHelicalUnalignedTpl<double, 0>, pinocchio::JointModelUniversalTpl<double, 0>, boost::recursive_wrapper<pinocchio::JointModelCompositeTpl<double, 0, pinocchio::JointCollectionDefaultTpl> >, boost::recursive_wrapper<pinocchio::JointModelMimicTpl<double, 0, pinocchio::JointCollectionDefaultTpl> >}]\x1b[m\x1b[K\xe2\x80\x99\n'}
[5.840566] (gim_arm_hardware) StderrLine: {'line': b' 1759 |     \x1b[01;36m\x1b[Kvariant\x1b[m\x1b[K(const variant& operand)\n'}
[5.840589] (gim_arm_hardware) StderrLine: {'line': b'      |     \x1b[01;36m\x1b[K^~~~~~~\x1b[m\x1b[K\n'}
[5.840613] (gim_arm_hardware) StderrLine: {'line': b'\x1b[01m\x1b[K/usr/include/boost/variant/variant.hpp:1759:28:\x1b[m\x1b[K \x1b[01;36m\x1b[Knote: \x1b[m\x1b[K  no known conversion for argument 1 from \xe2\x80\x98\x1b[01m\x1b[Kconst JointModelDerived\x1b[m\x1b[K\xe2\x80\x99 {aka \xe2\x80\x98\x1b[01m\x1b[Kconst pinocchio::JointModelRevoluteTpl<double, 0, 0>\x1b[m\x1b[K\xe2\x80\x99} to \xe2\x80\x98\x1b[01m\x1b[Kconst boost::variant<pinocchio::JointModelRevoluteTpl<double, 0, 0>, pinocchio::JointModelRevoluteTpl<double, 0, 1>, pinocchio::JointModelRevoluteTpl<double, 0, 2>, pinocchio::JointModelFreeFlyerTpl<double, 0>, pinocchio::JointModelPlanarTpl<double, 0>, pinocchio::JointModelRevoluteUnalignedTpl<double, 0>, pinocchio::JointModelSphericalTpl<double, 0>, pinocchio::JointModelSphericalZYXTpl<double, 0>, pinocchio::JointModelEllipsoidTpl<double, 0>, pinocchio::JointModelPrismaticTpl<double, 0, 0>, pinocchio::JointModelPrismaticTpl<double, 0, 1>, pinocchio::JointModelPrismaticTpl<double, 0, 2>, pinocchio::JointModelPrismaticUnalignedTpl<double, 0>, pinocchio::JointModelTranslationTpl<double, 0>, pinocchio::JointModelRevoluteUnboundedTpl<double, 0, 0>, pinocchio::JointModelRevoluteUnboundedTpl<double, 0, 1>, pinocchio::JointModelRevoluteUnboundedTpl<double, 0, 2>, pinocchio::JointModelRevoluteUnboundedUnalignedTpl<double, 0>, pinocchio::JointModelHelicalTpl<double, 0, 0>, pinocchio::JointModelHelicalTpl<double, 0, 1>, pinocchio::JointModelHelicalTpl<double, 0, 2>, pinocchio::JointModelHelicalUnalignedTpl<double, 0>, pinocchio::JointModelUniversalTpl<double, 0>, boost::recursive_wrapper<pinocchio::JointModelCompositeTpl<double, 0, pinocchio::JointCollectionDefaultTpl> >, boost::recursive_wrapper<pinocchio::JointModelMimicTpl<double, 0, pinocchio::JointCollectionDefaultTpl> > >&\x1b[m\x1b[K\xe2\x80\x99\n'}
[5.840649] (gim_arm_hardware) StderrLine: {'line': b' 1759 |     variant(\x1b[01;36m\x1b[Kconst variant& operand\x1b[m\x1b[K)\n'}
[5.840676] (gim_arm_hardware) StderrLine: {'line': b'      |             \x1b[01;36m\x1b[K~~~~~~~~~~~~~~~^~~~~~~\x1b[m\x1b[K\n'}
[5.840700] (gim_arm_hardware) StderrLine: {'line': b'\x1b[01m\x1b[K/usr/include/boost/variant/variant.hpp:1375:5:\x1b[m\x1b[K \x1b[01;36m\x1b[Knote: \x1b[m\x1b[Kcandidate: \xe2\x80\x98\x1b[01m\x1b[Kboost::variant<T0, TN>::variant() [with T0_ = pinocchio::JointModelRevoluteTpl<double, 0, 0>; TN = {pinocchio::JointModelRevoluteTpl<double, 0, 1>, pinocchio::JointModelRevoluteTpl<double, 0, 2>, pinocchio::JointModelFreeFlyerTpl<double, 0>, pinocchio::JointModelPlanarTpl<double, 0>, pinocchio::JointModelRevoluteUnalignedTpl<double, 0>, pinocchio::JointModelSphericalTpl<double, 0>, pinocchio::JointModelSphericalZYXTpl<double, 0>, pinocchio::JointModelEllipsoidTpl<double, 0>, pinocchio::JointModelPrismaticTpl<double, 0, 0>, pinocchio::JointModelPrismaticTpl<double, 0, 1>, pinocchio::JointModelPrismaticTpl<double, 0, 2>, pinocchio::JointModelPrismaticUnalignedTpl<double, 0>, pinocchio::JointModelTranslationTpl<double, 0>, pinocchio::JointModelRevoluteUnboundedTpl<double, 0, 0>, pinocchio::JointModelRevoluteUnboundedTpl<double, 0, 1>, pinocchio::JointModelRevoluteUnboundedTpl<double, 0, 2>, pinocchio::JointModelRevoluteUnboundedUnalignedTpl<double, 0>, pinocchio::JointModelHelicalTpl<double, 0, 0>, pinocchio::JointModelHelicalTpl<double, 0, 1>, pinocchio::JointModelHelicalTpl<double, 0, 2>, pinocchio::JointModelHelicalUnalignedTpl<double, 0>, pinocchio::JointModelUniversalTpl<double, 0>, boost::recursive_wrapper<pinocchio::JointModelCompositeTpl<double, 0, pinocchio::JointCollectionDefaultTpl> >, boost::recursive_wrapper<pinocchio::JointModelMimicTpl<double, 0, pinocchio::JointCollectionDefaultTpl> >}]\x1b[m\x1b[K\xe2\x80\x99\n'}
[5.840729] (gim_arm_hardware) StderrLine: {'line': b' 1375 |     \x1b[01;36m\x1b[Kvariant\x1b[m\x1b[K()\n'}
[5.840753] (gim_arm_hardware) StderrLine: {'line': b'      |     \x1b[01;36m\x1b[K^~~~~~~\x1b[m\x1b[K\n'}
[5.840778] (gim_arm_hardware) StderrLine: {'line': b'\x1b[01m\x1b[K/usr/include/boost/variant/variant.hpp:1375:5:\x1b[m\x1b[K \x1b[01;36m\x1b[Knote: \x1b[m\x1b[K  candidate expects 0 arguments, 1 provided\n'}
[5.840803] (gim_arm_hardware) StderrLine: {'line': b'In file included from \x1b[01m\x1b[K/opt/ros/humble/include/pinocchio/multibody/joint.hpp:84\x1b[m\x1b[K,\n'}
[5.840827] (gim_arm_hardware) StderrLine: {'line': b'                 from \x1b[01m\x1b[K/opt/ros/humble/include/pinocchio/multibody.hpp:43\x1b[m\x1b[K,\n'}
[5.840852] (gim_arm_hardware) StderrLine: {'line': b'                 from \x1b[01m\x1b[K/opt/ros/humble/include/pinocchio/parsers/urdf.hpp:27\x1b[m\x1b[K,\n'}
[5.840876] (gim_arm_hardware) StderrLine: {'line': b'                 from \x1b[01m\x1b[K/home/minh/gim60108_ws/src/gim_arm_hardware/include/gim_arm_hardware/gim_arm_system.hpp:25\x1b[m\x1b[K,\n'}
[5.840901] (gim_arm_hardware) StderrLine: {'line': b'                 from \x1b[01m\x1b[K/home/minh/gim60108_ws/src/gim_arm_hardware/src/gim_arm_system.cpp:1\x1b[m\x1b[K:\n'}
[5.840925] (gim_arm_hardware) StderrLine: {'line': b'/opt/ros/humble/include/pinocchio/src/multibody/joint/joint-generic.hxx: In instantiation of \xe2\x80\x98\x1b[01m\x1b[Kpinocchio::JointModelTpl<Scalar, Options, JointCollectionTpl>::JointModelTpl(const pinocchio::JointModelBase<OtherDerived>&) [with JointModelDerived = pinocchio::JointModelRevoluteTpl<double, 0, 1>; _Scalar = double; int _Options = 0; JointCollectionTpl = pinocchio::JointCollectionDefaultTpl]\x1b[m\x1b[K\xe2\x80\x99:\n'}
[5.840954] (gim_arm_hardware) StderrLine: {'line': b'\x1b[01m\x1b[K/opt/ros/humble/include/pinocchio/src/parsers/urdf/model.hxx:502:34:\x1b[m\x1b[K   required from \xe2\x80\x98\x1b[01m\x1b[Kpinocchio::JointIndex pinocchio::urdf::details::UrdfVisitor::addJoint(const Vector3&, const Frame&, const SE3&, const string&, const VectorConstRef&, const VectorConstRef&, const VectorConstRef&, const VectorConstRef&, const VectorConstRef&, const VectorConstRef&, const VectorConstRef&, const VectorConstRef&, const VectorConstRef&, const VectorConstRef&) [with TypeX = pinocchio::JointModelRevoluteTpl<double, 0, 0>; TypeY = pinocchio::JointModelRevoluteTpl<double, 0, 1>; TypeZ = pinocchio::JointModelRevoluteTpl<double, 0, 2>; TypeUnaligned = pinocchio::JointModelRevoluteUnalignedTpl<double>; pinocchio::JointIndex = long unsigned int; pinocchio::urdf::details::UrdfVisitor::Vector3 = Eigen::Matrix<double, 3, 1>; pinocchio::urdf::details::UrdfVisitor::Frame = pinocchio::FrameTpl<double, 0>; pinocchio::urdf::details::UrdfVisitor::SE3 = pinocchio::SE3Tpl<double, 0>; std::string = std::__cxx11::basic_string<char>; pinocchio::urdf::details::UrdfVisitor::VectorConstRef = Eigen::Ref<const Eigen::Matrix<double, -1, 1> >]\x1b[m\x1b[K\xe2\x80\x99\n'}
[5.840984] (gim_arm_hardware) StderrLine: {'line': b'\x1b[01m\x1b[K/opt/ros/humble/include/pinocchio/src/parsers/urdf/model.hxx:245:69:\x1b[m\x1b[K   required from here\n'}
[5.841007] (gim_arm_hardware) StderrLine: {'line': b'\x1b[01m\x1b[K/opt/ros/humble/include/pinocchio/src/multibody/joint/joint-generic.hxx:306:25:\x1b[m\x1b[K \x1b[01;31m\x1b[Kerror: \x1b[m\x1b[Kno matching function for call to \xe2\x80\x98\x1b[01m\x1b[Kboost::variant<pinocchio::JointModelRevoluteTpl<double, 0, 0>, pinocchio::JointModelRevoluteTpl<double, 0, 1>, pinocchio::JointModelRevoluteTpl<double, 0, 2>, pinocchio::JointModelFreeFlyerTpl<double, 0>, pinocchio::JointModelPlanarTpl<double, 0>, pinocchio::JointModelRevoluteUnalignedTpl<double, 0>, pinocchio::JointModelSphericalTpl<double, 0>, pinocchio::JointModelSphericalZYXTpl<double, 0>, pinocchio::JointModelEllipsoidTpl<double, 0>, pinocchio::JointModelPrismaticTpl<double, 0, 0>, pinocchio::JointModelPrismaticTpl<double, 0, 1>, pinocchio::JointModelPrismaticTpl<double, 0, 2>, pinocchio::JointModelPrismaticUnalignedTpl<double, 0>, pinocchio::JointModelTranslationTpl<double, 0>, pinocchio::JointModelRevoluteUnboundedTpl<double, 0, 0>, pinocchio::JointModelRevoluteUnboundedTpl<double, 0, 1>, pinocchio::JointModelRevoluteUnboundedTpl<double, 0, 2>, pinocchio::JointModelRevoluteUnboundedUnalignedTpl<double, 0>, pinocchio::JointModelHelicalTpl<double, 0, 0>, pinocchio::JointModelHelicalTpl<double, 0, 1>, pinocchio::JointModelHelicalTpl<double, 0, 2>, pinocchio::JointModelHelicalUnalignedTpl<double, 0>, pinocchio::JointModelUniversalTpl<double, 0>, boost::recursive_wrapper<pinocchio::JointModelCompositeTpl<double, 0, pinocchio::JointCollectionDefaultTpl> >, boost::recursive_wrapper<pinocchio::JointModelMimicTpl<double, 0, pinocchio::JointCollectionDefaultTpl> > >::variant(const JointModelDerived&)\x1b[m\x1b[K\xe2\x80\x99\n'}
[5.841040] (gim_arm_hardware) StderrLine: {'line': b'  306 |     : JointModelVariant(\x1b[01;31m\x1b[K(JointModelVariant)jmodel.derived()\x1b[m\x1b[K)\n'}
[5.841064] (gim_arm_hardware) StderrLine: {'line': b'      |                         \x1b[01;31m\x1b[K^~~~~~~~~~~~~~~~~~~~~~~~~~~~~~~~~~~\x1b[m\x1b[K\n'}
[5.841088] (gim_arm_hardware) StderrLine: {'line': b'In file included from \x1b[01m\x1b[K/usr/include/boost/variant.hpp:17\x1b[m\x1b[K,\n'}
[5.841113] (gim_arm_hardware) StderrLine: {'line': b'                 from \x1b[01m\x1b[K/opt/ros/humble/include/pinocchio/multibody.hpp:21\x1b[m\x1b[K,\n'}
[5.841144] (gim_arm_hardware) StderrLine: {'line': b'                 from \x1b[01m\x1b[K/opt/ros/humble/include/pinocchio/parsers/urdf.hpp:27\x1b[m\x1b[K,\n'}
[5.841171] (gim_arm_hardware) StderrLine: {'line': b'                 from \x1b[01m\x1b[K/home/minh/gim60108_ws/src/gim_arm_hardware/include/gim_arm_hardware/gim_arm_system.hpp:25\x1b[m\x1b[K,\n'}
[5.841196] (gim_arm_hardware) StderrLine: {'line': b'                 from \x1b[01m\x1b[K/home/minh/gim60108_ws/src/gim_arm_hardware/src/gim_arm_system.cpp:1\x1b[m\x1b[K:\n'}
[5.841221] (gim_arm_hardware) StderrLine: {'line': b'\x1b[01m\x1b[K/usr/include/boost/variant/variant.hpp:1770:5:\x1b[m\x1b[K \x1b[01;36m\x1b[Knote: \x1b[m\x1b[Kcandidate: \xe2\x80\x98\x1b[01m\x1b[Kboost::variant<T0, TN>::variant(boost::variant<T0, TN>&&) [with T0_ = pinocchio::JointModelRevoluteTpl<double, 0, 0>; TN = {pinocchio::JointModelRevoluteTpl<double, 0, 1>, pinocchio::JointModelRevoluteTpl<double, 0, 2>, pinocchio::JointModelFreeFlyerTpl<double, 0>, pinocchio::JointModelPlanarTpl<double, 0>, pinocchio::JointModelRevoluteUnalignedTpl<double, 0>, pinocchio::JointModelSphericalTpl<double, 0>, pinocchio::JointModelSphericalZYXTpl<double, 0>, pinocchio::JointModelEllipsoidTpl<double, 0>, pinocchio::JointModelPrismaticTpl<double, 0, 0>, pinocchio::JointModelPrismaticTpl<double, 0, 1>, pinocchio::JointModelPrismaticTpl<double, 0, 2>, pinocchio::JointModelPrismaticUnalignedTpl<double, 0>, pinocchio::JointModelTranslationTpl<double, 0>, pinocchio::JointModelRevoluteUnboundedTpl<double, 0, 0>, pinocchio::JointModelRevoluteUnboundedTpl<double, 0, 1>, pinocchio::JointModelRevoluteUnboundedTpl<double, 0, 2>, pinocchio::JointModelRevoluteUnboundedUnalignedTpl<double, 0>, pinocchio::JointModelHelicalTpl<double, 0, 0>, pinocchio::JointModelHelicalTpl<double, 0, 1>, pinocchio::JointModelHelicalTpl<double, 0, 2>, pinocchio::JointModelHelicalUnalignedTpl<double, 0>, pinocchio::JointModelUniversalTpl<double, 0>, boost::recursive_wrapper<pinocchio::JointModelCompositeTpl<double, 0, pinocchio::JointCollectionDefaultTpl> >, boost::recursive_wrapper<pinocchio::JointModelMimicTpl<double, 0, pinocchio::JointCollectionDefaultTpl> >}]\x1b[m\x1b[K\xe2\x80\x99\n'}
[5.841251] (gim_arm_hardware) StderrLine: {'line': b' 1770 |     \x1b[01;36m\x1b[Kvariant\x1b[m\x1b[K(variant&& operand) BOOST_NOEXCEPT_IF(variant_move_noexcept_constructible::type::value)\n'}
[5.841275] (gim_arm_hardware) StderrLine: {'line': b'      |     \x1b[01;36m\x1b[K^~~~~~~\x1b[m\x1b[K\n'}
[5.841299] (gim_arm_hardware) StderrLine: {'line': b'\x1b[01m\x1b[K/usr/include/boost/variant/variant.hpp:1770:23:\x1b[m\x1b[K \x1b[01;36m\x1b[Knote: \x1b[m\x1b[K  no known conversion for argument 1 from \xe2\x80\x98\x1b[01m\x1b[Kconst JointModelDerived\x1b[m\x1b[K\xe2\x80\x99 {aka \xe2\x80\x98\x1b[01m\x1b[Kconst pinocchio::JointModelRevoluteTpl<double, 0, 1>\x1b[m\x1b[K\xe2\x80\x99} to \xe2\x80\x98\x1b[01m\x1b[Kboost::variant<pinocchio::JointModelRevoluteTpl<double, 0, 0>, pinocchio::JointModelRevoluteTpl<double, 0, 1>, pinocchio::JointModelRevoluteTpl<double, 0, 2>, pinocchio::JointModelFreeFlyerTpl<double, 0>, pinocchio::JointModelPlanarTpl<double, 0>, pinocchio::JointModelRevoluteUnalignedTpl<double, 0>, pinocchio::JointModelSphericalTpl<double, 0>, pinocchio::JointModelSphericalZYXTpl<double, 0>, pinocchio::JointModelEllipsoidTpl<double, 0>, pinocchio::JointModelPrismaticTpl<double, 0, 0>, pinocchio::JointModelPrismaticTpl<double, 0, 1>, pinocchio::JointModelPrismaticTpl<double, 0, 2>, pinocchio::JointModelPrismaticUnalignedTpl<double, 0>, pinocchio::JointModelTranslationTpl<double, 0>, pinocchio::JointModelRevoluteUnboundedTpl<double, 0, 0>, pinocchio::JointModelRevoluteUnboundedTpl<double, 0, 1>, pinocchio::JointModelRevoluteUnboundedTpl<double, 0, 2>, pinocchio::JointModelRevoluteUnboundedUnalignedTpl<double, 0>, pinocchio::JointModelHelicalTpl<double, 0, 0>, pinocchio::JointModelHelicalTpl<double, 0, 1>, pinocchio::JointModelHelicalTpl<double, 0, 2>, pinocchio::JointModelHelicalUnalignedTpl<double, 0>, pinocchio::JointModelUniversalTpl<double, 0>, boost::recursive_wrapper<pinocchio::JointModelCompositeTpl<double, 0, pinocchio::JointCollectionDefaultTpl> >, boost::recursive_wrapper<pinocchio::JointModelMimicTpl<double, 0, pinocchio::JointCollectionDefaultTpl> > >&&\x1b[m\x1b[K\xe2\x80\x99\n'}
[5.841333] (gim_arm_hardware) StderrLine: {'line': b' 1770 |     variant(\x1b[01;36m\x1b[Kvariant&& operand\x1b[m\x1b[K) BOOST_NOEXCEPT_IF(variant_move_noexcept_constructible::type::value)\n'}
[5.841360] (gim_arm_hardware) StderrLine: {'line': b'      |             \x1b[01;36m\x1b[K~~~~~~~~~~^~~~~~~\x1b[m\x1b[K\n'}
[5.841384] (gim_arm_hardware) StderrLine: {'line': b'\x1b[01m\x1b[K/usr/include/boost/variant/variant.hpp:1759:5:\x1b[m\x1b[K \x1b[01;36m\x1b[Knote: \x1b[m\x1b[Kcandidate: \xe2\x80\x98\x1b[01m\x1b[Kboost::variant<T0, TN>::variant(const boost::variant<T0, TN>&) [with T0_ = pinocchio::JointModelRevoluteTpl<double, 0, 0>; TN = {pinocchio::JointModelRevoluteTpl<double, 0, 1>, pinocchio::JointModelRevoluteTpl<double, 0, 2>, pinocchio::JointModelFreeFlyerTpl<double, 0>, pinocchio::JointModelPlanarTpl<double, 0>, pinocchio::JointModelRevoluteUnalignedTpl<double, 0>, pinocchio::JointModelSphericalTpl<double, 0>, pinocchio::JointModelSphericalZYXTpl<double, 0>, pinocchio::JointModelEllipsoidTpl<double, 0>, pinocchio::JointModelPrismaticTpl<double, 0, 0>, pinocchio::JointModelPrismaticTpl<double, 0, 1>, pinocchio::JointModelPrismaticTpl<double, 0, 2>, pinocchio::JointModelPrismaticUnalignedTpl<double, 0>, pinocchio::JointModelTranslationTpl<double, 0>, pinocchio::JointModelRevoluteUnboundedTpl<double, 0, 0>, pinocchio::JointModelRevoluteUnboundedTpl<double, 0, 1>, pinocchio::JointModelRevoluteUnboundedTpl<double, 0, 2>, pinocchio::JointModelRevoluteUnboundedUnalignedTpl<double, 0>, pinocchio::JointModelHelicalTpl<double, 0, 0>, pinocchio::JointModelHelicalTpl<double, 0, 1>, pinocchio::JointModelHelicalTpl<double, 0, 2>, pinocchio::JointModelHelicalUnalignedTpl<double, 0>, pinocchio::JointModelUniversalTpl<double, 0>, boost::recursive_wrapper<pinocchio::JointModelCompositeTpl<double, 0, pinocchio::JointCollectionDefaultTpl> >, boost::recursive_wrapper<pinocchio::JointModelMimicTpl<double, 0, pinocchio::JointCollectionDefaultTpl> >}]\x1b[m\x1b[K\xe2\x80\x99\n'}
[5.841414] (gim_arm_hardware) StderrLine: {'line': b' 1759 |     \x1b[01;36m\x1b[Kvariant\x1b[m\x1b[K(const variant& operand)\n'}
[5.841438] (gim_arm_hardware) StderrLine: {'line': b'      |     \x1b[01;36m\x1b[K^~~~~~~\x1b[m\x1b[K\n'}
[5.841461] (gim_arm_hardware) StderrLine: {'line': b'\x1b[01m\x1b[K/usr/include/boost/variant/variant.hpp:1759:28:\x1b[m\x1b[K \x1b[01;36m\x1b[Knote: \x1b[m\x1b[K  no known conversion for argument 1 from \xe2\x80\x98\x1b[01m\x1b[Kconst JointModelDerived\x1b[m\x1b[K\xe2\x80\x99 {aka \xe2\x80\x98\x1b[01m\x1b[Kconst pinocchio::JointModelRevoluteTpl<double, 0, 1>\x1b[m\x1b[K\xe2\x80\x99} to \xe2\x80\x98\x1b[01m\x1b[Kconst boost::variant<pinocchio::JointModelRevoluteTpl<double, 0, 0>, pinocchio::JointModelRevoluteTpl<double, 0, 1>, pinocchio::JointModelRevoluteTpl<double, 0, 2>, pinocchio::JointModelFreeFlyerTpl<double, 0>, pinocchio::JointModelPlanarTpl<double, 0>, pinocchio::JointModelRevoluteUnalignedTpl<double, 0>, pinocchio::JointModelSphericalTpl<double, 0>, pinocchio::JointModelSphericalZYXTpl<double, 0>, pinocchio::JointModelEllipsoidTpl<double, 0>, pinocchio::JointModelPrismaticTpl<double, 0, 0>, pinocchio::JointModelPrismaticTpl<double, 0, 1>, pinocchio::JointModelPrismaticTpl<double, 0, 2>, pinocchio::JointModelPrismaticUnalignedTpl<double, 0>, pinocchio::JointModelTranslationTpl<double, 0>, pinocchio::JointModelRevoluteUnboundedTpl<double, 0, 0>, pinocchio::JointModelRevoluteUnboundedTpl<double, 0, 1>, pinocchio::JointModelRevoluteUnboundedTpl<double, 0, 2>, pinocchio::JointModelRevoluteUnboundedUnalignedTpl<double, 0>, pinocchio::JointModelHelicalTpl<double, 0, 0>, pinocchio::JointModelHelicalTpl<double, 0, 1>, pinocchio::JointModelHelicalTpl<double, 0, 2>, pinocchio::JointModelHelicalUnalignedTpl<double, 0>, pinocchio::JointModelUniversalTpl<double, 0>, boost::recursive_wrapper<pinocchio::JointModelCompositeTpl<double, 0, pinocchio::JointCollectionDefaultTpl> >, boost::recursive_wrapper<pinocchio::JointModelMimicTpl<double, 0, pinocchio::JointCollectionDefaultTpl> > >&\x1b[m\x1b[K\xe2\x80\x99\n'}
[5.841494] (gim_arm_hardware) StderrLine: {'line': b' 1759 |     variant(\x1b[01;36m\x1b[Kconst variant& operand\x1b[m\x1b[K)\n'}
[5.841518] (gim_arm_hardware) StderrLine: {'line': b'      |             \x1b[01;36m\x1b[K~~~~~~~~~~~~~~~^~~~~~~\x1b[m\x1b[K\n'}
[5.841542] (gim_arm_hardware) StderrLine: {'line': b'\x1b[01m\x1b[K/usr/include/boost/variant/variant.hpp:1375:5:\x1b[m\x1b[K \x1b[01;36m\x1b[Knote: \x1b[m\x1b[Kcandidate: \xe2\x80\x98\x1b[01m\x1b[Kboost::variant<T0, TN>::variant() [with T0_ = pinocchio::JointModelRevoluteTpl<double, 0, 0>; TN = {pinocchio::JointModelRevoluteTpl<double, 0, 1>, pinocchio::JointModelRevoluteTpl<double, 0, 2>, pinocchio::JointModelFreeFlyerTpl<double, 0>, pinocchio::JointModelPlanarTpl<double, 0>, pinocchio::JointModelRevoluteUnalignedTpl<double, 0>, pinocchio::JointModelSphericalTpl<double, 0>, pinocchio::JointModelSphericalZYXTpl<double, 0>, pinocchio::JointModelEllipsoidTpl<double, 0>, pinocchio::JointModelPrismaticTpl<double, 0, 0>, pinocchio::JointModelPrismaticTpl<double, 0, 1>, pinocchio::JointModelPrismaticTpl<double, 0, 2>, pinocchio::JointModelPrismaticUnalignedTpl<double, 0>, pinocchio::JointModelTranslationTpl<double, 0>, pinocchio::JointModelRevoluteUnboundedTpl<double, 0, 0>, pinocchio::JointModelRevoluteUnboundedTpl<double, 0, 1>, pinocchio::JointModelRevoluteUnboundedTpl<double, 0, 2>, pinocchio::JointModelRevoluteUnboundedUnalignedTpl<double, 0>, pinocchio::JointModelHelicalTpl<double, 0, 0>, pinocchio::JointModelHelicalTpl<double, 0, 1>, pinocchio::JointModelHelicalTpl<double, 0, 2>, pinocchio::JointModelHelicalUnalignedTpl<double, 0>, pinocchio::JointModelUniversalTpl<double, 0>, boost::recursive_wrapper<pinocchio::JointModelCompositeTpl<double, 0, pinocchio::JointCollectionDefaultTpl> >, boost::recursive_wrapper<pinocchio::JointModelMimicTpl<double, 0, pinocchio::JointCollectionDefaultTpl> >}]\x1b[m\x1b[K\xe2\x80\x99\n'}
[5.841571] (gim_arm_hardware) StderrLine: {'line': b' 1375 |     \x1b[01;36m\x1b[Kvariant\x1b[m\x1b[K()\n'}
[5.841595] (gim_arm_hardware) StderrLine: {'line': b'      |     \x1b[01;36m\x1b[K^~~~~~~\x1b[m\x1b[K\n'}
[5.841618] (gim_arm_hardware) StderrLine: {'line': b'\x1b[01m\x1b[K/usr/include/boost/variant/variant.hpp:1375:5:\x1b[m\x1b[K \x1b[01;36m\x1b[Knote: \x1b[m\x1b[K  candidate expects 0 arguments, 1 provided\n'}
[5.841642] (gim_arm_hardware) StderrLine: {'line': b'In file included from \x1b[01m\x1b[K/opt/ros/humble/include/pinocchio/multibody/joint.hpp:84\x1b[m\x1b[K,\n'}
[5.841669] (gim_arm_hardware) StderrLine: {'line': b'                 from \x1b[01m\x1b[K/opt/ros/humble/include/pinocchio/multibody.hpp:43\x1b[m\x1b[K,\n'}
[5.841693] (gim_arm_hardware) StderrLine: {'line': b'                 from \x1b[01m\x1b[K/opt/ros/humble/include/pinocchio/parsers/urdf.hpp:27\x1b[m\x1b[K,\n'}
[5.841716] (gim_arm_hardware) StderrLine: {'line': b'                 from \x1b[01m\x1b[K/home/minh/gim60108_ws/src/gim_arm_hardware/include/gim_arm_hardware/gim_arm_system.hpp:25\x1b[m\x1b[K,\n'}
[5.841740] (gim_arm_hardware) StderrLine: {'line': b'                 from \x1b[01m\x1b[K/home/minh/gim60108_ws/src/gim_arm_hardware/src/gim_arm_system.cpp:1\x1b[m\x1b[K:\n'}
[5.841763] (gim_arm_hardware) StderrLine: {'line': b'/opt/ros/humble/include/pinocchio/src/multibody/joint/joint-generic.hxx: In instantiation of \xe2\x80\x98\x1b[01m\x1b[Kpinocchio::JointModelTpl<Scalar, Options, JointCollectionTpl>::JointModelTpl(const pinocchio::JointModelBase<OtherDerived>&) [with JointModelDerived = pinocchio::JointModelRevoluteTpl<double, 0, 2>; _Scalar = double; int _Options = 0; JointCollectionTpl = pinocchio::JointCollectionDefaultTpl]\x1b[m\x1b[K\xe2\x80\x99:\n'}
[5.841788] (gim_arm_hardware) StderrLine: {'line': b'\x1b[01m\x1b[K/opt/ros/humble/include/pinocchio/src/parsers/urdf/model.hxx:509:34:\x1b[m\x1b[K   required from \xe2\x80\x98\x1b[01m\x1b[Kpinocchio::JointIndex pinocchio::urdf::details::UrdfVisitor::addJoint(const Vector3&, const Frame&, const SE3&, const string&, const VectorConstRef&, const VectorConstRef&, const VectorConstRef&, const VectorConstRef&, const VectorConstRef&, const VectorConstRef&, const VectorConstRef&, const VectorConstRef&, const VectorConstRef&, const VectorConstRef&) [with TypeX = pinocchio::JointModelRevoluteTpl<double, 0, 0>; TypeY = pinocchio::JointModelRevoluteTpl<double, 0, 1>; TypeZ = pinocchio::JointModelRevoluteTpl<double, 0, 2>; TypeUnaligned = pinocchio::JointModelRevoluteUnalignedTpl<double>; pinocchio::JointIndex = long unsigned int; pinocchio::urdf::details::UrdfVisitor::Vector3 = Eigen::Matrix<double, 3, 1>; pinocchio::urdf::details::UrdfVisitor::Frame = pinocchio::FrameTpl<double, 0>; pinocchio::urdf::details::UrdfVisitor::SE3 = pinocchio::SE3Tpl<double, 0>; std::string = std::__cxx11::basic_string<char>; pinocchio::urdf::details::UrdfVisitor::VectorConstRef = Eigen::Ref<const Eigen::Matrix<double, -1, 1> >]\x1b[m\x1b[K\xe2\x80\x99\n'}
[5.841820] (gim_arm_hardware) StderrLine: {'line': b'\x1b[01m\x1b[K/opt/ros/humble/include/pinocchio/src/parsers/urdf/model.hxx:245:69:\x1b[m\x1b[K   required from here\n'}
[5.841844] (gim_arm_hardware) StderrLine: {'line': b'\x1b[01m\x1b[K/opt/ros/humble/include/pinocchio/src/multibody/joint/joint-generic.hxx:306:25:\x1b[m\x1b[K \x1b[01;31m\x1b[Kerror: \x1b[m\x1b[Kno matching function for call to \xe2\x80\x98\x1b[01m\x1b[Kboost::variant<pinocchio::JointModelRevoluteTpl<double, 0, 0>, pinocchio::JointModelRevoluteTpl<double, 0, 1>, pinocchio::JointModelRevoluteTpl<double, 0, 2>, pinocchio::JointModelFreeFlyerTpl<double, 0>, pinocchio::JointModelPlanarTpl<double, 0>, pinocchio::JointModelRevoluteUnalignedTpl<double, 0>, pinocchio::JointModelSphericalTpl<double, 0>, pinocchio::JointModelSphericalZYXTpl<double, 0>, pinocchio::JointModelEllipsoidTpl<double, 0>, pinocchio::JointModelPrismaticTpl<double, 0, 0>, pinocchio::JointModelPrismaticTpl<double, 0, 1>, pinocchio::JointModelPrismaticTpl<double, 0, 2>, pinocchio::JointModelPrismaticUnalignedTpl<double, 0>, pinocchio::JointModelTranslationTpl<double, 0>, pinocchio::JointModelRevoluteUnboundedTpl<double, 0, 0>, pinocchio::JointModelRevoluteUnboundedTpl<double, 0, 1>, pinocchio::JointModelRevoluteUnboundedTpl<double, 0, 2>, pinocchio::JointModelRevoluteUnboundedUnalignedTpl<double, 0>, pinocchio::JointModelHelicalTpl<double, 0, 0>, pinocchio::JointModelHelicalTpl<double, 0, 1>, pinocchio::JointModelHelicalTpl<double, 0, 2>, pinocchio::JointModelHelicalUnalignedTpl<double, 0>, pinocchio::JointModelUniversalTpl<double, 0>, boost::recursive_wrapper<pinocchio::JointModelCompositeTpl<double, 0, pinocchio::JointCollectionDefaultTpl> >, boost::recursive_wrapper<pinocchio::JointModelMimicTpl<double, 0, pinocchio::JointCollectionDefaultTpl> > >::variant(const JointModelDerived&)\x1b[m\x1b[K\xe2\x80\x99\n'}
[5.841877] (gim_arm_hardware) StderrLine: {'line': b'  306 |     : JointModelVariant(\x1b[01;31m\x1b[K(JointModelVariant)jmodel.derived()\x1b[m\x1b[K)\n'}
[5.841900] (gim_arm_hardware) StderrLine: {'line': b'      |                         \x1b[01;31m\x1b[K^~~~~~~~~~~~~~~~~~~~~~~~~~~~~~~~~~~\x1b[m\x1b[K\n'}
[5.841924] (gim_arm_hardware) StderrLine: {'line': b'In file included from \x1b[01m\x1b[K/usr/include/boost/variant.hpp:17\x1b[m\x1b[K,\n'}
[5.841947] (gim_arm_hardware) StderrLine: {'line': b'                 from \x1b[01m\x1b[K/opt/ros/humble/include/pinocchio/multibody.hpp:21\x1b[m\x1b[K,\n'}
[5.841974] (gim_arm_hardware) StderrLine: {'line': b'                 from \x1b[01m\x1b[K/opt/ros/humble/include/pinocchio/parsers/urdf.hpp:27\x1b[m\x1b[K,\n'}
[5.841998] (gim_arm_hardware) StderrLine: {'line': b'                 from \x1b[01m\x1b[K/home/minh/gim60108_ws/src/gim_arm_hardware/include/gim_arm_hardware/gim_arm_system.hpp:25\x1b[m\x1b[K,\n'}
[5.842022] (gim_arm_hardware) StderrLine: {'line': b'                 from \x1b[01m\x1b[K/home/minh/gim60108_ws/src/gim_arm_hardware/src/gim_arm_system.cpp:1\x1b[m\x1b[K:\n'}
[5.842046] (gim_arm_hardware) StderrLine: {'line': b'\x1b[01m\x1b[K/usr/include/boost/variant/variant.hpp:1770:5:\x1b[m\x1b[K \x1b[01;36m\x1b[Knote: \x1b[m\x1b[Kcandidate: \xe2\x80\x98\x1b[01m\x1b[Kboost::variant<T0, TN>::variant(boost::variant<T0, TN>&&) [with T0_ = pinocchio::JointModelRevoluteTpl<double, 0, 0>; TN = {pinocchio::JointModelRevoluteTpl<double, 0, 1>, pinocchio::JointModelRevoluteTpl<double, 0, 2>, pinocchio::JointModelFreeFlyerTpl<double, 0>, pinocchio::JointModelPlanarTpl<double, 0>, pinocchio::JointModelRevoluteUnalignedTpl<double, 0>, pinocchio::JointModelSphericalTpl<double, 0>, pinocchio::JointModelSphericalZYXTpl<double, 0>, pinocchio::JointModelEllipsoidTpl<double, 0>, pinocchio::JointModelPrismaticTpl<double, 0, 0>, pinocchio::JointModelPrismaticTpl<double, 0, 1>, pinocchio::JointModelPrismaticTpl<double, 0, 2>, pinocchio::JointModelPrismaticUnalignedTpl<double, 0>, pinocchio::JointModelTranslationTpl<double, 0>, pinocchio::JointModelRevoluteUnboundedTpl<double, 0, 0>, pinocchio::JointModelRevoluteUnboundedTpl<double, 0, 1>, pinocchio::JointModelRevoluteUnboundedTpl<double, 0, 2>, pinocchio::JointModelRevoluteUnboundedUnalignedTpl<double, 0>, pinocchio::JointModelHelicalTpl<double, 0, 0>, pinocchio::JointModelHelicalTpl<double, 0, 1>, pinocchio::JointModelHelicalTpl<double, 0, 2>, pinocchio::JointModelHelicalUnalignedTpl<double, 0>, pinocchio::JointModelUniversalTpl<double, 0>, boost::recursive_wrapper<pinocchio::JointModelCompositeTpl<double, 0, pinocchio::JointCollectionDefaultTpl> >, boost::recursive_wrapper<pinocchio::JointModelMimicTpl<double, 0, pinocchio::JointCollectionDefaultTpl> >}]\x1b[m\x1b[K\xe2\x80\x99\n'}
[5.842078] (gim_arm_hardware) StderrLine: {'line': b' 1770 |     \x1b[01;36m\x1b[Kvariant\x1b[m\x1b[K(variant&& operand) BOOST_NOEXCEPT_IF(variant_move_noexcept_constructible::type::value)\n'}
[5.842102] (gim_arm_hardware) StderrLine: {'line': b'      |     \x1b[01;36m\x1b[K^~~~~~~\x1b[m\x1b[K\n'}
[5.842131] (gim_arm_hardware) StderrLine: {'line': b'\x1b[01m\x1b[K/usr/include/boost/variant/variant.hpp:1770:23:\x1b[m\x1b[K \x1b[01;36m\x1b[Knote: \x1b[m\x1b[K  no known conversion for argument 1 from \xe2\x80\x98\x1b[01m\x1b[Kconst JointModelDerived\x1b[m\x1b[K\xe2\x80\x99 {aka \xe2\x80\x98\x1b[01m\x1b[Kconst pinocchio::JointModelRevoluteTpl<double, 0, 2>\x1b[m\x1b[K\xe2\x80\x99} to \xe2\x80\x98\x1b[01m\x1b[Kboost::variant<pinocchio::JointModelRevoluteTpl<double, 0, 0>, pinocchio::JointModelRevoluteTpl<double, 0, 1>, pinocchio::JointModelRevoluteTpl<double, 0, 2>, pinocchio::JointModelFreeFlyerTpl<double, 0>, pinocchio::JointModelPlanarTpl<double, 0>, pinocchio::JointModelRevoluteUnalignedTpl<double, 0>, pinocchio::JointModelSphericalTpl<double, 0>, pinocchio::JointModelSphericalZYXTpl<double, 0>, pinocchio::JointModelEllipsoidTpl<double, 0>, pinocchio::JointModelPrismaticTpl<double, 0, 0>, pinocchio::JointModelPrismaticTpl<double, 0, 1>, pinocchio::JointModelPrismaticTpl<double, 0, 2>, pinocchio::JointModelPrismaticUnalignedTpl<double, 0>, pinocchio::JointModelTranslationTpl<double, 0>, pinocchio::JointModelRevoluteUnboundedTpl<double, 0, 0>, pinocchio::JointModelRevoluteUnboundedTpl<double, 0, 1>, pinocchio::JointModelRevoluteUnboundedTpl<double, 0, 2>, pinocchio::JointModelRevoluteUnboundedUnalignedTpl<double, 0>, pinocchio::JointModelHelicalTpl<double, 0, 0>, pinocchio::JointModelHelicalTpl<double, 0, 1>, pinocchio::JointModelHelicalTpl<double, 0, 2>, pinocchio::JointModelHelicalUnalignedTpl<double, 0>, pinocchio::JointModelUniversalTpl<double, 0>, boost::recursive_wrapper<pinocchio::JointModelCompositeTpl<double, 0, pinocchio::JointCollectionDefaultTpl> >, boost::recursive_wrapper<pinocchio::JointModelMimicTpl<double, 0, pinocchio::JointCollectionDefaultTpl> > >&&\x1b[m\x1b[K\xe2\x80\x99\n'}
[5.842166] (gim_arm_hardware) StderrLine: {'line': b' 1770 |     variant(\x1b[01;36m\x1b[Kvariant&& operand\x1b[m\x1b[K) BOOST_NOEXCEPT_IF(variant_move_noexcept_constructible::type::value)\n'}
[5.842192] (gim_arm_hardware) StderrLine: {'line': b'      |             \x1b[01;36m\x1b[K~~~~~~~~~~^~~~~~~\x1b[m\x1b[K\n'}
[5.842216] (gim_arm_hardware) StderrLine: {'line': b'\x1b[01m\x1b[K/usr/include/boost/variant/variant.hpp:1759:5:\x1b[m\x1b[K \x1b[01;36m\x1b[Knote: \x1b[m\x1b[Kcandidate: \xe2\x80\x98\x1b[01m\x1b[Kboost::variant<T0, TN>::variant(const boost::variant<T0, TN>&) [with T0_ = pinocchio::JointModelRevoluteTpl<double, 0, 0>; TN = {pinocchio::JointModelRevoluteTpl<double, 0, 1>, pinocchio::JointModelRevoluteTpl<double, 0, 2>, pinocchio::JointModelFreeFlyerTpl<double, 0>, pinocchio::JointModelPlanarTpl<double, 0>, pinocchio::JointModelRevoluteUnalignedTpl<double, 0>, pinocchio::JointModelSphericalTpl<double, 0>, pinocchio::JointModelSphericalZYXTpl<double, 0>, pinocchio::JointModelEllipsoidTpl<double, 0>, pinocchio::JointModelPrismaticTpl<double, 0, 0>, pinocchio::JointModelPrismaticTpl<double, 0, 1>, pinocchio::JointModelPrismaticTpl<double, 0, 2>, pinocchio::JointModelPrismaticUnalignedTpl<double, 0>, pinocchio::JointModelTranslationTpl<double, 0>, pinocchio::JointModelRevoluteUnboundedTpl<double, 0, 0>, pinocchio::JointModelRevoluteUnboundedTpl<double, 0, 1>, pinocchio::JointModelRevoluteUnboundedTpl<double, 0, 2>, pinocchio::JointModelRevoluteUnboundedUnalignedTpl<double, 0>, pinocchio::JointModelHelicalTpl<double, 0, 0>, pinocchio::JointModelHelicalTpl<double, 0, 1>, pinocchio::JointModelHelicalTpl<double, 0, 2>, pinocchio::JointModelHelicalUnalignedTpl<double, 0>, pinocchio::JointModelUniversalTpl<double, 0>, boost::recursive_wrapper<pinocchio::JointModelCompositeTpl<double, 0, pinocchio::JointCollectionDefaultTpl> >, boost::recursive_wrapper<pinocchio::JointModelMimicTpl<double, 0, pinocchio::JointCollectionDefaultTpl> >}]\x1b[m\x1b[K\xe2\x80\x99\n'}
[5.842250] (gim_arm_hardware) StderrLine: {'line': b' 1759 |     \x1b[01;36m\x1b[Kvariant\x1b[m\x1b[K(const variant& operand)\n'}
[5.842276] (gim_arm_hardware) StderrLine: {'line': b'      |     \x1b[01;36m\x1b[K^~~~~~~\x1b[m\x1b[K\n'}
[5.842300] (gim_arm_hardware) StderrLine: {'line': b'\x1b[01m\x1b[K/usr/include/boost/variant/variant.hpp:1759:28:\x1b[m\x1b[K \x1b[01;36m\x1b[Knote: \x1b[m\x1b[K  no known conversion for argument 1 from \xe2\x80\x98\x1b[01m\x1b[Kconst JointModelDerived\x1b[m\x1b[K\xe2\x80\x99 {aka \xe2\x80\x98\x1b[01m\x1b[Kconst pinocchio::JointModelRevoluteTpl<double, 0, 2>\x1b[m\x1b[K\xe2\x80\x99} to \xe2\x80\x98\x1b[01m\x1b[Kconst boost::variant<pinocchio::JointModelRevoluteTpl<double, 0, 0>, pinocchio::JointModelRevoluteTpl<double, 0, 1>, pinocchio::JointModelRevoluteTpl<double, 0, 2>, pinocchio::JointModelFreeFlyerTpl<double, 0>, pinocchio::JointModelPlanarTpl<double, 0>, pinocchio::JointModelRevoluteUnalignedTpl<double, 0>, pinocchio::JointModelSphericalTpl<double, 0>, pinocchio::JointModelSphericalZYXTpl<double, 0>, pinocchio::JointModelEllipsoidTpl<double, 0>, pinocchio::JointModelPrismaticTpl<double, 0, 0>, pinocchio::JointModelPrismaticTpl<double, 0, 1>, pinocchio::JointModelPrismaticTpl<double, 0, 2>, pinocchio::JointModelPrismaticUnalignedTpl<double, 0>, pinocchio::JointModelTranslationTpl<double, 0>, pinocchio::JointModelRevoluteUnboundedTpl<double, 0, 0>, pinocchio::JointModelRevoluteUnboundedTpl<double, 0, 1>, pinocchio::JointModelRevoluteUnboundedTpl<double, 0, 2>, pinocchio::JointModelRevoluteUnboundedUnalignedTpl<double, 0>, pinocchio::JointModelHelicalTpl<double, 0, 0>, pinocchio::JointModelHelicalTpl<double, 0, 1>, pinocchio::JointModelHelicalTpl<double, 0, 2>, pinocchio::JointModelHelicalUnalignedTpl<double, 0>, pinocchio::JointModelUniversalTpl<double, 0>, boost::recursive_wrapper<pinocchio::JointModelCompositeTpl<double, 0, pinocchio::JointCollectionDefaultTpl> >, boost::recursive_wrapper<pinocchio::JointModelMimicTpl<double, 0, pinocchio::JointCollectionDefaultTpl> > >&\x1b[m\x1b[K\xe2\x80\x99\n'}
[5.842330] (gim_arm_hardware) StderrLine: {'line': b' 1759 |     variant(\x1b[01;36m\x1b[Kconst variant& operand\x1b[m\x1b[K)\n'}
[5.842354] (gim_arm_hardware) StderrLine: {'line': b'      |             \x1b[01;36m\x1b[K~~~~~~~~~~~~~~~^~~~~~~\x1b[m\x1b[K\n'}
[5.842377] (gim_arm_hardware) StderrLine: {'line': b'\x1b[01m\x1b[K/usr/include/boost/variant/variant.hpp:1375:5:\x1b[m\x1b[K \x1b[01;36m\x1b[Knote: \x1b[m\x1b[Kcandidate: \xe2\x80\x98\x1b[01m\x1b[Kboost::variant<T0, TN>::variant() [with T0_ = pinocchio::JointModelRevoluteTpl<double, 0, 0>; TN = {pinocchio::JointModelRevoluteTpl<double, 0, 1>, pinocchio::JointModelRevoluteTpl<double, 0, 2>, pinocchio::JointModelFreeFlyerTpl<double, 0>, pinocchio::JointModelPlanarTpl<double, 0>, pinocchio::JointModelRevoluteUnalignedTpl<double, 0>, pinocchio::JointModelSphericalTpl<double, 0>, pinocchio::JointModelSphericalZYXTpl<double, 0>, pinocchio::JointModelEllipsoidTpl<double, 0>, pinocchio::JointModelPrismaticTpl<double, 0, 0>, pinocchio::JointModelPrismaticTpl<double, 0, 1>, pinocchio::JointModelPrismaticTpl<double, 0, 2>, pinocchio::JointModelPrismaticUnalignedTpl<double, 0>, pinocchio::JointModelTranslationTpl<double, 0>, pinocchio::JointModelRevoluteUnboundedTpl<double, 0, 0>, pinocchio::JointModelRevoluteUnboundedTpl<double, 0, 1>, pinocchio::JointModelRevoluteUnboundedTpl<double, 0, 2>, pinocchio::JointModelRevoluteUnboundedUnalignedTpl<double, 0>, pinocchio::JointModelHelicalTpl<double, 0, 0>, pinocchio::JointModelHelicalTpl<double, 0, 1>, pinocchio::JointModelHelicalTpl<double, 0, 2>, pinocchio::JointModelHelicalUnalignedTpl<double, 0>, pinocchio::JointModelUniversalTpl<double, 0>, boost::recursive_wrapper<pinocchio::JointModelCompositeTpl<double, 0, pinocchio::JointCollectionDefaultTpl> >, boost::recursive_wrapper<pinocchio::JointModelMimicTpl<double, 0, pinocchio::JointCollectionDefaultTpl> >}]\x1b[m\x1b[K\xe2\x80\x99\n'}
[5.842409] (gim_arm_hardware) StderrLine: {'line': b' 1375 |     \x1b[01;36m\x1b[Kvariant\x1b[m\x1b[K()\n'}
[5.842433] (gim_arm_hardware) StderrLine: {'line': b'      |     \x1b[01;36m\x1b[K^~~~~~~\x1b[m\x1b[K\n'}
[5.842456] (gim_arm_hardware) StderrLine: {'line': b'\x1b[01m\x1b[K/usr/include/boost/variant/variant.hpp:1375:5:\x1b[m\x1b[K \x1b[01;36m\x1b[Knote: \x1b[m\x1b[K  candidate expects 0 arguments, 1 provided\n'}
[5.852186] (gim_arm_hardware) StderrLine: {'line': b'In file included from \x1b[01m\x1b[K/opt/ros/humble/include/pinocchio/multibody/joint.hpp:84\x1b[m\x1b[K,\n'}
[5.852379] (gim_arm_hardware) StderrLine: {'line': b'                 from \x1b[01m\x1b[K/opt/ros/humble/include/pinocchio/multibody.hpp:43\x1b[m\x1b[K,\n'}
[5.852463] (gim_arm_hardware) StderrLine: {'line': b'                 from \x1b[01m\x1b[K/opt/ros/humble/include/pinocchio/parsers/urdf.hpp:27\x1b[m\x1b[K,\n'}
[5.852552] (gim_arm_hardware) StderrLine: {'line': b'                 from \x1b[01m\x1b[K/home/minh/gim60108_ws/src/gim_arm_hardware/include/gim_arm_hardware/gim_arm_system.hpp:25\x1b[m\x1b[K,\n'}
[5.852646] (gim_arm_hardware) StderrLine: {'line': b'                 from \x1b[01m\x1b[K/home/minh/gim60108_ws/src/gim_arm_hardware/src/gim_arm_system.cpp:1\x1b[m\x1b[K:\n'}
[5.852727] (gim_arm_hardware) StderrLine: {'line': b'/opt/ros/humble/include/pinocchio/src/multibody/joint/joint-generic.hxx: In instantiation of \xe2\x80\x98\x1b[01m\x1b[Kpinocchio::JointModelTpl<Scalar, Options, JointCollectionTpl>::JointModelTpl(const pinocchio::JointModelBase<OtherDerived>&) [with JointModelDerived = pinocchio::JointModelRevoluteUnalignedTpl<double>; _Scalar = double; int _Options = 0; JointCollectionTpl = pinocchio::JointCollectionDefaultTpl]\x1b[m\x1b[K\xe2\x80\x99:\n'}
[5.852825] (gim_arm_hardware) StderrLine: {'line': b'\x1b[01m\x1b[K/opt/ros/humble/include/pinocchio/src/parsers/urdf/model.hxx:516:34:\x1b[m\x1b[K   required from \xe2\x80\x98\x1b[01m\x1b[Kpinocchio::JointIndex pinocchio::urdf::details::UrdfVisitor::addJoint(const Vector3&, const Frame&, const SE3&, const string&, const VectorConstRef&, const VectorConstRef&, const VectorConstRef&, const VectorConstRef&, const VectorConstRef&, const VectorConstRef&, const VectorConstRef&, const VectorConstRef&, const VectorConstRef&, const VectorConstRef&) [with TypeX = pinocchio::JointModelRevoluteTpl<double, 0, 0>; TypeY = pinocchio::JointModelRevoluteTpl<double, 0, 1>; TypeZ = pinocchio::JointModelRevoluteTpl<double, 0, 2>; TypeUnaligned = pinocchio::JointModelRevoluteUnalignedTpl<double>; pinocchio::JointIndex = long unsigned int; pinocchio::urdf::details::UrdfVisitor::Vector3 = Eigen::Matrix<double, 3, 1>; pinocchio::urdf::details::UrdfVisitor::Frame = pinocchio::FrameTpl<double, 0>; pinocchio::urdf::details::UrdfVisitor::SE3 = pinocchio::SE3Tpl<double, 0>; std::string = std::__cxx11::basic_string<char>; pinocchio::urdf::details::UrdfVisitor::VectorConstRef = Eigen::Ref<const Eigen::Matrix<double, -1, 1> >]\x1b[m\x1b[K\xe2\x80\x99\n'}
[5.853074] (gim_arm_hardware) StderrLine: {'line': b'\x1b[01m\x1b[K/opt/ros/humble/include/pinocchio/src/parsers/urdf/model.hxx:245:69:\x1b[m\x1b[K   required from here\n'}
[5.853292] (gim_arm_hardware) StderrLine: {'line': b'\x1b[01m\x1b[K/opt/ros/humble/include/pinocchio/src/multibody/joint/joint-generic.hxx:306:25:\x1b[m\x1b[K \x1b[01;31m\x1b[Kerror: \x1b[m\x1b[Kno matching function for call to \xe2\x80\x98\x1b[01m\x1b[Kboost::variant<pinocchio::JointModelRevoluteTpl<double, 0, 0>, pinocchio::JointModelRevoluteTpl<double, 0, 1>, pinocchio::JointModelRevoluteTpl<double, 0, 2>, pinocchio::JointModelFreeFlyerTpl<double, 0>, pinocchio::JointModelPlanarTpl<double, 0>, pinocchio::JointModelRevoluteUnalignedTpl<double, 0>, pinocchio::JointModelSphericalTpl<double, 0>, pinocchio::JointModelSphericalZYXTpl<double, 0>, pinocchio::JointModelEllipsoidTpl<double, 0>, pinocchio::JointModelPrismaticTpl<double, 0, 0>, pinocchio::JointModelPrismaticTpl<double, 0, 1>, pinocchio::JointModelPrismaticTpl<double, 0, 2>, pinocchio::JointModelPrismaticUnalignedTpl<double, 0>, pinocchio::JointModelTranslationTpl<double, 0>, pinocchio::JointModelRevoluteUnboundedTpl<double, 0, 0>, pinocchio::JointModelRevoluteUnboundedTpl<double, 0, 1>, pinocchio::JointModelRevoluteUnboundedTpl<double, 0, 2>, pinocchio::JointModelRevoluteUnboundedUnalignedTpl<double, 0>, pinocchio::JointModelHelicalTpl<double, 0, 0>, pinocchio::JointModelHelicalTpl<double, 0, 1>, pinocchio::JointModelHelicalTpl<double, 0, 2>, pinocchio::JointModelHelicalUnalignedTpl<double, 0>, pinocchio::JointModelUniversalTpl<double, 0>, boost::recursive_wrapper<pinocchio::JointModelCompositeTpl<double, 0, pinocchio::JointCollectionDefaultTpl> >, boost::recursive_wrapper<pinocchio::JointModelMimicTpl<double, 0, pinocchio::JointCollectionDefaultTpl> > >::variant(const JointModelDerived&)\x1b[m\x1b[K\xe2\x80\x99\n'}
[5.853364] (gim_arm_hardware) StderrLine: {'line': b'  306 |     : JointModelVariant(\x1b[01;31m\x1b[K(JointModelVariant)jmodel.derived()\x1b[m\x1b[K)\n'}
[5.853399] (gim_arm_hardware) StderrLine: {'line': b'      |                         \x1b[01;31m\x1b[K^~~~~~~~~~~~~~~~~~~~~~~~~~~~~~~~~~~\x1b[m\x1b[K\n'}
[5.853429] (gim_arm_hardware) StderrLine: {'line': b'In file included from \x1b[01m\x1b[K/usr/include/boost/variant.hpp:17\x1b[m\x1b[K,\n'}
[5.853458] (gim_arm_hardware) StderrLine: {'line': b'                 from \x1b[01m\x1b[K/opt/ros/humble/include/pinocchio/multibody.hpp:21\x1b[m\x1b[K,\n'}
[5.853485] (gim_arm_hardware) StderrLine: {'line': b'                 from \x1b[01m\x1b[K/opt/ros/humble/include/pinocchio/parsers/urdf.hpp:27\x1b[m\x1b[K,\n'}
[5.853513] (gim_arm_hardware) StderrLine: {'line': b'                 from \x1b[01m\x1b[K/home/minh/gim60108_ws/src/gim_arm_hardware/include/gim_arm_hardware/gim_arm_system.hpp:25\x1b[m\x1b[K,\n'}
[5.853541] (gim_arm_hardware) StderrLine: {'line': b'                 from \x1b[01m\x1b[K/home/minh/gim60108_ws/src/gim_arm_hardware/src/gim_arm_system.cpp:1\x1b[m\x1b[K:\n'}
[5.853568] (gim_arm_hardware) StderrLine: {'line': b'\x1b[01m\x1b[K/usr/include/boost/variant/variant.hpp:1770:5:\x1b[m\x1b[K \x1b[01;36m\x1b[Knote: \x1b[m\x1b[Kcandidate: \xe2\x80\x98\x1b[01m\x1b[Kboost::variant<T0, TN>::variant(boost::variant<T0, TN>&&) [with T0_ = pinocchio::JointModelRevoluteTpl<double, 0, 0>; TN = {pinocchio::JointModelRevoluteTpl<double, 0, 1>, pinocchio::JointModelRevoluteTpl<double, 0, 2>, pinocchio::JointModelFreeFlyerTpl<double, 0>, pinocchio::JointModelPlanarTpl<double, 0>, pinocchio::JointModelRevoluteUnalignedTpl<double, 0>, pinocchio::JointModelSphericalTpl<double, 0>, pinocchio::JointModelSphericalZYXTpl<double, 0>, pinocchio::JointModelEllipsoidTpl<double, 0>, pinocchio::JointModelPrismaticTpl<double, 0, 0>, pinocchio::JointModelPrismaticTpl<double, 0, 1>, pinocchio::JointModelPrismaticTpl<double, 0, 2>, pinocchio::JointModelPrismaticUnalignedTpl<double, 0>, pinocchio::JointModelTranslationTpl<double, 0>, pinocchio::JointModelRevoluteUnboundedTpl<double, 0, 0>, pinocchio::JointModelRevoluteUnboundedTpl<double, 0, 1>, pinocchio::JointModelRevoluteUnboundedTpl<double, 0, 2>, pinocchio::JointModelRevoluteUnboundedUnalignedTpl<double, 0>, pinocchio::JointModelHelicalTpl<double, 0, 0>, pinocchio::JointModelHelicalTpl<double, 0, 1>, pinocchio::JointModelHelicalTpl<double, 0, 2>, pinocchio::JointModelHelicalUnalignedTpl<double, 0>, pinocchio::JointModelUniversalTpl<double, 0>, boost::recursive_wrapper<pinocchio::JointModelCompositeTpl<double, 0, pinocchio::JointCollectionDefaultTpl> >, boost::recursive_wrapper<pinocchio::JointModelMimicTpl<double, 0, pinocchio::JointCollectionDefaultTpl> >}]\x1b[m\x1b[K\xe2\x80\x99\n'}
[5.853650] (gim_arm_hardware) StderrLine: {'line': b' 1770 |     \x1b[01;36m\x1b[Kvariant\x1b[m\x1b[K(variant&& operand) BOOST_NOEXCEPT_IF(variant_move_noexcept_constructible::type::value)\n'}
[5.853713] (gim_arm_hardware) StderrLine: {'line': b'      |     \x1b[01;36m\x1b[K^~~~~~~\x1b[m\x1b[K\n'}
[5.853742] (gim_arm_hardware) StderrLine: {'line': b'\x1b[01m\x1b[K/usr/include/boost/variant/variant.hpp:1770:23:\x1b[m\x1b[K \x1b[01;36m\x1b[Knote: \x1b[m\x1b[K  no known conversion for argument 1 from \xe2\x80\x98\x1b[01m\x1b[Kconst JointModelDerived\x1b[m\x1b[K\xe2\x80\x99 {aka \xe2\x80\x98\x1b[01m\x1b[Kconst pinocchio::JointModelRevoluteUnalignedTpl<double>\x1b[m\x1b[K\xe2\x80\x99} to \xe2\x80\x98\x1b[01m\x1b[Kboost::variant<pinocchio::JointModelRevoluteTpl<double, 0, 0>, pinocchio::JointModelRevoluteTpl<double, 0, 1>, pinocchio::JointModelRevoluteTpl<double, 0, 2>, pinocchio::JointModelFreeFlyerTpl<double, 0>, pinocchio::JointModelPlanarTpl<double, 0>, pinocchio::JointModelRevoluteUnalignedTpl<double, 0>, pinocchio::JointModelSphericalTpl<double, 0>, pinocchio::JointModelSphericalZYXTpl<double, 0>, pinocchio::JointModelEllipsoidTpl<double, 0>, pinocchio::JointModelPrismaticTpl<double, 0, 0>, pinocchio::JointModelPrismaticTpl<double, 0, 1>, pinocchio::JointModelPrismaticTpl<double, 0, 2>, pinocchio::JointModelPrismaticUnalignedTpl<double, 0>, pinocchio::JointModelTranslationTpl<double, 0>, pinocchio::JointModelRevoluteUnboundedTpl<double, 0, 0>, pinocchio::JointModelRevoluteUnboundedTpl<double, 0, 1>, pinocchio::JointModelRevoluteUnboundedTpl<double, 0, 2>, pinocchio::JointModelRevoluteUnboundedUnalignedTpl<double, 0>, pinocchio::JointModelHelicalTpl<double, 0, 0>, pinocchio::JointModelHelicalTpl<double, 0, 1>, pinocchio::JointModelHelicalTpl<double, 0, 2>, pinocchio::JointModelHelicalUnalignedTpl<double, 0>, pinocchio::JointModelUniversalTpl<double, 0>, boost::recursive_wrapper<pinocchio::JointModelCompositeTpl<double, 0, pinocchio::JointCollectionDefaultTpl> >, boost::recursive_wrapper<pinocchio::JointModelMimicTpl<double, 0, pinocchio::JointCollectionDefaultTpl> > >&&\x1b[m\x1b[K\xe2\x80\x99\n'}
[5.853805] (gim_arm_hardware) StderrLine: {'line': b' 1770 |     variant(\x1b[01;36m\x1b[Kvariant&& operand\x1b[m\x1b[K) BOOST_NOEXCEPT_IF(variant_move_noexcept_constructible::type::value)\n'}
[5.853838] (gim_arm_hardware) StderrLine: {'line': b'      |             \x1b[01;36m\x1b[K~~~~~~~~~~^~~~~~~\x1b[m\x1b[K\n'}
[5.853865] (gim_arm_hardware) StderrLine: {'line': b'\x1b[01m\x1b[K/usr/include/boost/variant/variant.hpp:1759:5:\x1b[m\x1b[K \x1b[01;36m\x1b[Knote: \x1b[m\x1b[Kcandidate: \xe2\x80\x98\x1b[01m\x1b[Kboost::variant<T0, TN>::variant(const boost::variant<T0, TN>&) [with T0_ = pinocchio::JointModelRevoluteTpl<double, 0, 0>; TN = {pinocchio::JointModelRevoluteTpl<double, 0, 1>, pinocchio::JointModelRevoluteTpl<double, 0, 2>, pinocchio::JointModelFreeFlyerTpl<double, 0>, pinocchio::JointModelPlanarTpl<double, 0>, pinocchio::JointModelRevoluteUnalignedTpl<double, 0>, pinocchio::JointModelSphericalTpl<double, 0>, pinocchio::JointModelSphericalZYXTpl<double, 0>, pinocchio::JointModelEllipsoidTpl<double, 0>, pinocchio::JointModelPrismaticTpl<double, 0, 0>, pinocchio::JointModelPrismaticTpl<double, 0, 1>, pinocchio::JointModelPrismaticTpl<double, 0, 2>, pinocchio::JointModelPrismaticUnalignedTpl<double, 0>, pinocchio::JointModelTranslationTpl<double, 0>, pinocchio::JointModelRevoluteUnboundedTpl<double, 0, 0>, pinocchio::JointModelRevoluteUnboundedTpl<double, 0, 1>, pinocchio::JointModelRevoluteUnboundedTpl<double, 0, 2>, pinocchio::JointModelRevoluteUnboundedUnalignedTpl<double, 0>, pinocchio::JointModelHelicalTpl<double, 0, 0>, pinocchio::JointModelHelicalTpl<double, 0, 1>, pinocchio::JointModelHelicalTpl<double, 0, 2>, pinocchio::JointModelHelicalUnalignedTpl<double, 0>, pinocchio::JointModelUniversalTpl<double, 0>, boost::recursive_wrapper<pinocchio::JointModelCompositeTpl<double, 0, pinocchio::JointCollectionDefaultTpl> >, boost::recursive_wrapper<pinocchio::JointModelMimicTpl<double, 0, pinocchio::JointCollectionDefaultTpl> >}]\x1b[m\x1b[K\xe2\x80\x99\n'}
[5.853996] (gim_arm_hardware) StderrLine: {'line': b' 1759 |     \x1b[01;36m\x1b[Kvariant\x1b[m\x1b[K(const variant& operand)\n'}
[5.854024] (gim_arm_hardware) StderrLine: {'line': b'      |     \x1b[01;36m\x1b[K^~~~~~~\x1b[m\x1b[K\n'}
[5.854051] (gim_arm_hardware) StderrLine: {'line': b'\x1b[01m\x1b[K/usr/include/boost/variant/variant.hpp:1759:28:\x1b[m\x1b[K \x1b[01;36m\x1b[Knote: \x1b[m\x1b[K  no known conversion for argument 1 from \xe2\x80\x98\x1b[01m\x1b[Kconst JointModelDerived\x1b[m\x1b[K\xe2\x80\x99 {aka \xe2\x80\x98\x1b[01m\x1b[Kconst pinocchio::JointModelRevoluteUnalignedTpl<double>\x1b[m\x1b[K\xe2\x80\x99} to \xe2\x80\x98\x1b[01m\x1b[Kconst boost::variant<pinocchio::JointModelRevoluteTpl<double, 0, 0>, pinocchio::JointModelRevoluteTpl<double, 0, 1>, pinocchio::JointModelRevoluteTpl<double, 0, 2>, pinocchio::JointModelFreeFlyerTpl<double, 0>, pinocchio::JointModelPlanarTpl<double, 0>, pinocchio::JointModelRevoluteUnalignedTpl<double, 0>, pinocchio::JointModelSphericalTpl<double, 0>, pinocchio::JointModelSphericalZYXTpl<double, 0>, pinocchio::JointModelEllipsoidTpl<double, 0>, pinocchio::JointModelPrismaticTpl<double, 0, 0>, pinocchio::JointModelPrismaticTpl<double, 0, 1>, pinocchio::JointModelPrismaticTpl<double, 0, 2>, pinocchio::JointModelPrismaticUnalignedTpl<double, 0>, pinocchio::JointModelTranslationTpl<double, 0>, pinocchio::JointModelRevoluteUnboundedTpl<double, 0, 0>, pinocchio::JointModelRevoluteUnboundedTpl<double, 0, 1>, pinocchio::JointModelRevoluteUnboundedTpl<double, 0, 2>, pinocchio::JointModelRevoluteUnboundedUnalignedTpl<double, 0>, pinocchio::JointModelHelicalTpl<double, 0, 0>, pinocchio::JointModelHelicalTpl<double, 0, 1>, pinocchio::JointModelHelicalTpl<double, 0, 2>, pinocchio::JointModelHelicalUnalignedTpl<double, 0>, pinocchio::JointModelUniversalTpl<double, 0>, boost::recursive_wrapper<pinocchio::JointModelCompositeTpl<double, 0, pinocchio::JointCollectionDefaultTpl> >, boost::recursive_wrapper<pinocchio::JointModelMimicTpl<double, 0, pinocchio::JointCollectionDefaultTpl> > >&\x1b[m\x1b[K\xe2\x80\x99\n'}
[5.854148] (gim_arm_hardware) StderrLine: {'line': b' 1759 |     variant(\x1b[01;36m\x1b[Kconst variant& operand\x1b[m\x1b[K)\n'}
[5.854268] (gim_arm_hardware) StderrLine: {'line': b'      |             \x1b[01;36m\x1b[K~~~~~~~~~~~~~~~^~~~~~~\x1b[m\x1b[K\n'}
[5.854301] (gim_arm_hardware) StderrLine: {'line': b'\x1b[01m\x1b[K/usr/include/boost/variant/variant.hpp:1375:5:\x1b[m\x1b[K \x1b[01;36m\x1b[Knote: \x1b[m\x1b[Kcandidate: \xe2\x80\x98\x1b[01m\x1b[Kboost::variant<T0, TN>::variant() [with T0_ = pinocchio::JointModelRevoluteTpl<double, 0, 0>; TN = {pinocchio::JointModelRevoluteTpl<double, 0, 1>, pinocchio::JointModelRevoluteTpl<double, 0, 2>, pinocchio::JointModelFreeFlyerTpl<double, 0>, pinocchio::JointModelPlanarTpl<double, 0>, pinocchio::JointModelRevoluteUnalignedTpl<double, 0>, pinocchio::JointModelSphericalTpl<double, 0>, pinocchio::JointModelSphericalZYXTpl<double, 0>, pinocchio::JointModelEllipsoidTpl<double, 0>, pinocchio::JointModelPrismaticTpl<double, 0, 0>, pinocchio::JointModelPrismaticTpl<double, 0, 1>, pinocchio::JointModelPrismaticTpl<double, 0, 2>, pinocchio::JointModelPrismaticUnalignedTpl<double, 0>, pinocchio::JointModelTranslationTpl<double, 0>, pinocchio::JointModelRevoluteUnboundedTpl<double, 0, 0>, pinocchio::JointModelRevoluteUnboundedTpl<double, 0, 1>, pinocchio::JointModelRevoluteUnboundedTpl<double, 0, 2>, pinocchio::JointModelRevoluteUnboundedUnalignedTpl<double, 0>, pinocchio::JointModelHelicalTpl<double, 0, 0>, pinocchio::JointModelHelicalTpl<double, 0, 1>, pinocchio::JointModelHelicalTpl<double, 0, 2>, pinocchio::JointModelHelicalUnalignedTpl<double, 0>, pinocchio::JointModelUniversalTpl<double, 0>, boost::recursive_wrapper<pinocchio::JointModelCompositeTpl<double, 0, pinocchio::JointCollectionDefaultTpl> >, boost::recursive_wrapper<pinocchio::JointModelMimicTpl<double, 0, pinocchio::JointCollectionDefaultTpl> >}]\x1b[m\x1b[K\xe2\x80\x99\n'}
[5.854343] (gim_arm_hardware) StderrLine: {'line': b' 1375 |     \x1b[01;36m\x1b[Kvariant\x1b[m\x1b[K()\n'}
[5.854370] (gim_arm_hardware) StderrLine: {'line': b'      |     \x1b[01;36m\x1b[K^~~~~~~\x1b[m\x1b[K\n'}
[5.854396] (gim_arm_hardware) StderrLine: {'line': b'\x1b[01m\x1b[K/usr/include/boost/variant/variant.hpp:1375:5:\x1b[m\x1b[K \x1b[01;36m\x1b[Knote: \x1b[m\x1b[K  candidate expects 0 arguments, 1 provided\n'}
[5.854436] (gim_arm_hardware) StderrLine: {'line': b'In file included from \x1b[01m\x1b[K/opt/ros/humble/include/pinocchio/multibody/joint.hpp:84\x1b[m\x1b[K,\n'}
[5.854469] (gim_arm_hardware) StderrLine: {'line': b'                 from \x1b[01m\x1b[K/opt/ros/humble/include/pinocchio/multibody.hpp:43\x1b[m\x1b[K,\n'}
[5.854501] (gim_arm_hardware) StderrLine: {'line': b'                 from \x1b[01m\x1b[K/opt/ros/humble/include/pinocchio/parsers/urdf.hpp:27\x1b[m\x1b[K,\n'}
[5.854555] (gim_arm_hardware) StderrLine: {'line': b'                 from \x1b[01m\x1b[K/home/minh/gim60108_ws/src/gim_arm_hardware/include/gim_arm_hardware/gim_arm_system.hpp:25\x1b[m\x1b[K,\n'}
[5.854582] (gim_arm_hardware) StderrLine: {'line': b'                 from \x1b[01m\x1b[K/home/minh/gim60108_ws/src/gim_arm_hardware/src/gim_arm_system.cpp:1\x1b[m\x1b[K:\n'}
[5.854611] (gim_arm_hardware) StderrLine: {'line': b'/opt/ros/humble/include/pinocchio/src/multibody/joint/joint-generic.hxx: In instantiation of \xe2\x80\x98\x1b[01m\x1b[Kpinocchio::JointModelTpl<Scalar, Options, JointCollectionTpl>::JointModelTpl(const pinocchio::JointModelBase<OtherDerived>&) [with JointModelDerived = pinocchio::JointModelRevoluteUnboundedTpl<double, 0, 0>; _Scalar = double; int _Options = 0; JointCollectionTpl = pinocchio::JointCollectionDefaultTpl]\x1b[m\x1b[K\xe2\x80\x99:\n'}
[5.854645] (gim_arm_hardware) StderrLine: {'line': b'\x1b[01m\x1b[K/opt/ros/humble/include/pinocchio/src/parsers/urdf/model.hxx:495:34:\x1b[m\x1b[K   required from \xe2\x80\x98\x1b[01m\x1b[Kpinocchio::JointIndex pinocchio::urdf::details::UrdfVisitor::addJoint(const Vector3&, const Frame&, const SE3&, const string&, const VectorConstRef&, const VectorConstRef&, const VectorConstRef&, const VectorConstRef&, const VectorConstRef&, const VectorConstRef&, const VectorConstRef&, const VectorConstRef&, const VectorConstRef&, const VectorConstRef&) [with TypeX = pinocchio::JointModelRevoluteUnboundedTpl<double, 0, 0>; TypeY = pinocchio::JointModelRevoluteUnboundedTpl<double, 0, 1>; TypeZ = pinocchio::JointModelRevoluteUnboundedTpl<double, 0, 2>; TypeUnaligned = pinocchio::JointModelRevoluteUnboundedUnalignedTpl<double>; pinocchio::JointIndex = long unsigned int; pinocchio::urdf::details::UrdfVisitor::Vector3 = Eigen::Matrix<double, 3, 1>; pinocchio::urdf::details::UrdfVisitor::Frame = pinocchio::FrameTpl<double, 0>; pinocchio::urdf::details::UrdfVisitor::SE3 = pinocchio::SE3Tpl<double, 0>; std::string = std::__cxx11::basic_string<char>; pinocchio::urdf::details::UrdfVisitor::VectorConstRef = Eigen::Ref<const Eigen::Matrix<double, -1, 1> >]\x1b[m\x1b[K\xe2\x80\x99\n'}
[5.854737] (gim_arm_hardware) StderrLine: {'line': b'\x1b[01m\x1b[K/opt/ros/humble/include/pinocchio/src/parsers/urdf/model.hxx:254:78:\x1b[m\x1b[K   required from here\n'}
[5.854770] (gim_arm_hardware) StderrLine: {'line': b'\x1b[01m\x1b[K/opt/ros/humble/include/pinocchio/src/multibody/joint/joint-generic.hxx:306:25:\x1b[m\x1b[K \x1b[01;31m\x1b[Kerror: \x1b[m\x1b[Kno matching function for call to \xe2\x80\x98\x1b[01m\x1b[Kboost::variant<pinocchio::JointModelRevoluteTpl<double, 0, 0>, pinocchio::JointModelRevoluteTpl<double, 0, 1>, pinocchio::JointModelRevoluteTpl<double, 0, 2>, pinocchio::JointModelFreeFlyerTpl<double, 0>, pinocchio::JointModelPlanarTpl<double, 0>, pinocchio::JointModelRevoluteUnalignedTpl<double, 0>, pinocchio::JointModelSphericalTpl<double, 0>, pinocchio::JointModelSphericalZYXTpl<double, 0>, pinocchio::JointModelEllipsoidTpl<double, 0>, pinocchio::JointModelPrismaticTpl<double, 0, 0>, pinocchio::JointModelPrismaticTpl<double, 0, 1>, pinocchio::JointModelPrismaticTpl<double, 0, 2>, pinocchio::JointModelPrismaticUnalignedTpl<double, 0>, pinocchio::JointModelTranslationTpl<double, 0>, pinocchio::JointModelRevoluteUnboundedTpl<double, 0, 0>, pinocchio::JointModelRevoluteUnboundedTpl<double, 0, 1>, pinocchio::JointModelRevoluteUnboundedTpl<double, 0, 2>, pinocchio::JointModelRevoluteUnboundedUnalignedTpl<double, 0>, pinocchio::JointModelHelicalTpl<double, 0, 0>, pinocchio::JointModelHelicalTpl<double, 0, 1>, pinocchio::JointModelHelicalTpl<double, 0, 2>, pinocchio::JointModelHelicalUnalignedTpl<double, 0>, pinocchio::JointModelUniversalTpl<double, 0>, boost::recursive_wrapper<pinocchio::JointModelCompositeTpl<double, 0, pinocchio::JointCollectionDefaultTpl> >, boost::recursive_wrapper<pinocchio::JointModelMimicTpl<double, 0, pinocchio::JointCollectionDefaultTpl> > >::variant(const JointModelDerived&)\x1b[m\x1b[K\xe2\x80\x99\n'}
[5.854804] (gim_arm_hardware) StderrLine: {'line': b'  306 |     : JointModelVariant(\x1b[01;31m\x1b[K(JointModelVariant)jmodel.derived()\x1b[m\x1b[K)\n'}
[5.854830] (gim_arm_hardware) StderrLine: {'line': b'      |                         \x1b[01;31m\x1b[K^~~~~~~~~~~~~~~~~~~~~~~~~~~~~~~~~~~\x1b[m\x1b[K\n'}
[5.854855] (gim_arm_hardware) StderrLine: {'line': b'In file included from \x1b[01m\x1b[K/usr/include/boost/variant.hpp:17\x1b[m\x1b[K,\n'}
[5.854879] (gim_arm_hardware) StderrLine: {'line': b'                 from \x1b[01m\x1b[K/opt/ros/humble/include/pinocchio/multibody.hpp:21\x1b[m\x1b[K,\n'}
[5.854903] (gim_arm_hardware) StderrLine: {'line': b'                 from \x1b[01m\x1b[K/opt/ros/humble/include/pinocchio/parsers/urdf.hpp:27\x1b[m\x1b[K,\n'}
[5.854928] (gim_arm_hardware) StderrLine: {'line': b'                 from \x1b[01m\x1b[K/home/minh/gim60108_ws/src/gim_arm_hardware/include/gim_arm_hardware/gim_arm_system.hpp:25\x1b[m\x1b[K,\n'}
[5.854952] (gim_arm_hardware) StderrLine: {'line': b'                 from \x1b[01m\x1b[K/home/minh/gim60108_ws/src/gim_arm_hardware/src/gim_arm_system.cpp:1\x1b[m\x1b[K:\n'}
[5.854976] (gim_arm_hardware) StderrLine: {'line': b'\x1b[01m\x1b[K/usr/include/boost/variant/variant.hpp:1770:5:\x1b[m\x1b[K \x1b[01;36m\x1b[Knote: \x1b[m\x1b[Kcandidate: \xe2\x80\x98\x1b[01m\x1b[Kboost::variant<T0, TN>::variant(boost::variant<T0, TN>&&) [with T0_ = pinocchio::JointModelRevoluteTpl<double, 0, 0>; TN = {pinocchio::JointModelRevoluteTpl<double, 0, 1>, pinocchio::JointModelRevoluteTpl<double, 0, 2>, pinocchio::JointModelFreeFlyerTpl<double, 0>, pinocchio::JointModelPlanarTpl<double, 0>, pinocchio::JointModelRevoluteUnalignedTpl<double, 0>, pinocchio::JointModelSphericalTpl<double, 0>, pinocchio::JointModelSphericalZYXTpl<double, 0>, pinocchio::JointModelEllipsoidTpl<double, 0>, pinocchio::JointModelPrismaticTpl<double, 0, 0>, pinocchio::JointModelPrismaticTpl<double, 0, 1>, pinocchio::JointModelPrismaticTpl<double, 0, 2>, pinocchio::JointModelPrismaticUnalignedTpl<double, 0>, pinocchio::JointModelTranslationTpl<double, 0>, pinocchio::JointModelRevoluteUnboundedTpl<double, 0, 0>, pinocchio::JointModelRevoluteUnboundedTpl<double, 0, 1>, pinocchio::JointModelRevoluteUnboundedTpl<double, 0, 2>, pinocchio::JointModelRevoluteUnboundedUnalignedTpl<double, 0>, pinocchio::JointModelHelicalTpl<double, 0, 0>, pinocchio::JointModelHelicalTpl<double, 0, 1>, pinocchio::JointModelHelicalTpl<double, 0, 2>, pinocchio::JointModelHelicalUnalignedTpl<double, 0>, pinocchio::JointModelUniversalTpl<double, 0>, boost::recursive_wrapper<pinocchio::JointModelCompositeTpl<double, 0, pinocchio::JointCollectionDefaultTpl> >, boost::recursive_wrapper<pinocchio::JointModelMimicTpl<double, 0, pinocchio::JointCollectionDefaultTpl> >}]\x1b[m\x1b[K\xe2\x80\x99\n'}
[5.855017] (gim_arm_hardware) StderrLine: {'line': b' 1770 |     \x1b[01;36m\x1b[Kvariant\x1b[m\x1b[K(variant&& operand) BOOST_NOEXCEPT_IF(variant_move_noexcept_constructible::type::value)\n'}
[5.855043] (gim_arm_hardware) StderrLine: {'line': b'      |     \x1b[01;36m\x1b[K^~~~~~~\x1b[m\x1b[K\n'}
[5.855067] (gim_arm_hardware) StderrLine: {'line': b'\x1b[01m\x1b[K/usr/include/boost/variant/variant.hpp:1770:23:\x1b[m\x1b[K \x1b[01;36m\x1b[Knote: \x1b[m\x1b[K  no known conversion for argument 1 from \xe2\x80\x98\x1b[01m\x1b[Kconst JointModelDerived\x1b[m\x1b[K\xe2\x80\x99 {aka \xe2\x80\x98\x1b[01m\x1b[Kconst pinocchio::JointModelRevoluteUnboundedTpl<double, 0, 0>\x1b[m\x1b[K\xe2\x80\x99} to \xe2\x80\x98\x1b[01m\x1b[Kboost::variant<pinocchio::JointModelRevoluteTpl<double, 0, 0>, pinocchio::JointModelRevoluteTpl<double, 0, 1>, pinocchio::JointModelRevoluteTpl<double, 0, 2>, pinocchio::JointModelFreeFlyerTpl<double, 0>, pinocchio::JointModelPlanarTpl<double, 0>, pinocchio::JointModelRevoluteUnalignedTpl<double, 0>, pinocchio::JointModelSphericalTpl<double, 0>, pinocchio::JointModelSphericalZYXTpl<double, 0>, pinocchio::JointModelEllipsoidTpl<double, 0>, pinocchio::JointModelPrismaticTpl<double, 0, 0>, pinocchio::JointModelPrismaticTpl<double, 0, 1>, pinocchio::JointModelPrismaticTpl<double, 0, 2>, pinocchio::JointModelPrismaticUnalignedTpl<double, 0>, pinocchio::JointModelTranslationTpl<double, 0>, pinocchio::JointModelRevoluteUnboundedTpl<double, 0, 0>, pinocchio::JointModelRevoluteUnboundedTpl<double, 0, 1>, pinocchio::JointModelRevoluteUnboundedTpl<double, 0, 2>, pinocchio::JointModelRevoluteUnboundedUnalignedTpl<double, 0>, pinocchio::JointModelHelicalTpl<double, 0, 0>, pinocchio::JointModelHelicalTpl<double, 0, 1>, pinocchio::JointModelHelicalTpl<double, 0, 2>, pinocchio::JointModelHelicalUnalignedTpl<double, 0>, pinocchio::JointModelUniversalTpl<double, 0>, boost::recursive_wrapper<pinocchio::JointModelCompositeTpl<double, 0, pinocchio::JointCollectionDefaultTpl> >, boost::recursive_wrapper<pinocchio::JointModelMimicTpl<double, 0, pinocchio::JointCollectionDefaultTpl> > >&&\x1b[m\x1b[K\xe2\x80\x99\n'}
[5.855103] (gim_arm_hardware) StderrLine: {'line': b' 1770 |     variant(\x1b[01;36m\x1b[Kvariant&& operand\x1b[m\x1b[K) BOOST_NOEXCEPT_IF(variant_move_noexcept_constructible::type::value)\n'}
[5.855140] (gim_arm_hardware) StderrLine: {'line': b'      |             \x1b[01;36m\x1b[K~~~~~~~~~~^~~~~~~\x1b[m\x1b[K\n'}
[5.855166] (gim_arm_hardware) StderrLine: {'line': b'\x1b[01m\x1b[K/usr/include/boost/variant/variant.hpp:1759:5:\x1b[m\x1b[K \x1b[01;36m\x1b[Knote: \x1b[m\x1b[Kcandidate: \xe2\x80\x98\x1b[01m\x1b[Kboost::variant<T0, TN>::variant(const boost::variant<T0, TN>&) [with T0_ = pinocchio::JointModelRevoluteTpl<double, 0, 0>; TN = {pinocchio::JointModelRevoluteTpl<double, 0, 1>, pinocchio::JointModelRevoluteTpl<double, 0, 2>, pinocchio::JointModelFreeFlyerTpl<double, 0>, pinocchio::JointModelPlanarTpl<double, 0>, pinocchio::JointModelRevoluteUnalignedTpl<double, 0>, pinocchio::JointModelSphericalTpl<double, 0>, pinocchio::JointModelSphericalZYXTpl<double, 0>, pinocchio::JointModelEllipsoidTpl<double, 0>, pinocchio::JointModelPrismaticTpl<double, 0, 0>, pinocchio::JointModelPrismaticTpl<double, 0, 1>, pinocchio::JointModelPrismaticTpl<double, 0, 2>, pinocchio::JointModelPrismaticUnalignedTpl<double, 0>, pinocchio::JointModelTranslationTpl<double, 0>, pinocchio::JointModelRevoluteUnboundedTpl<double, 0, 0>, pinocchio::JointModelRevoluteUnboundedTpl<double, 0, 1>, pinocchio::JointModelRevoluteUnboundedTpl<double, 0, 2>, pinocchio::JointModelRevoluteUnboundedUnalignedTpl<double, 0>, pinocchio::JointModelHelicalTpl<double, 0, 0>, pinocchio::JointModelHelicalTpl<double, 0, 1>, pinocchio::JointModelHelicalTpl<double, 0, 2>, pinocchio::JointModelHelicalUnalignedTpl<double, 0>, pinocchio::JointModelUniversalTpl<double, 0>, boost::recursive_wrapper<pinocchio::JointModelCompositeTpl<double, 0, pinocchio::JointCollectionDefaultTpl> >, boost::recursive_wrapper<pinocchio::JointModelMimicTpl<double, 0, pinocchio::JointCollectionDefaultTpl> >}]\x1b[m\x1b[K\xe2\x80\x99\n'}
[5.855202] (gim_arm_hardware) StderrLine: {'line': b' 1759 |     \x1b[01;36m\x1b[Kvariant\x1b[m\x1b[K(const variant& operand)\n'}
[5.855227] (gim_arm_hardware) StderrLine: {'line': b'      |     \x1b[01;36m\x1b[K^~~~~~~\x1b[m\x1b[K\n'}
[5.855252] (gim_arm_hardware) StderrLine: {'line': b'\x1b[01m\x1b[K/usr/include/boost/variant/variant.hpp:1759:28:\x1b[m\x1b[K \x1b[01;36m\x1b[Knote: \x1b[m\x1b[K  no known conversion for argument 1 from \xe2\x80\x98\x1b[01m\x1b[Kconst JointModelDerived\x1b[m\x1b[K\xe2\x80\x99 {aka \xe2\x80\x98\x1b[01m\x1b[Kconst pinocchio::JointModelRevoluteUnboundedTpl<double, 0, 0>\x1b[m\x1b[K\xe2\x80\x99} to \xe2\x80\x98\x1b[01m\x1b[Kconst boost::variant<pinocchio::JointModelRevoluteTpl<double, 0, 0>, pinocchio::JointModelRevoluteTpl<double, 0, 1>, pinocchio::JointModelRevoluteTpl<double, 0, 2>, pinocchio::JointModelFreeFlyerTpl<double, 0>, pinocchio::JointModelPlanarTpl<double, 0>, pinocchio::JointModelRevoluteUnalignedTpl<double, 0>, pinocchio::JointModelSphericalTpl<double, 0>, pinocchio::JointModelSphericalZYXTpl<double, 0>, pinocchio::JointModelEllipsoidTpl<double, 0>, pinocchio::JointModelPrismaticTpl<double, 0, 0>, pinocchio::JointModelPrismaticTpl<double, 0, 1>, pinocchio::JointModelPrismaticTpl<double, 0, 2>, pinocchio::JointModelPrismaticUnalignedTpl<double, 0>, pinocchio::JointModelTranslationTpl<double, 0>, pinocchio::JointModelRevoluteUnboundedTpl<double, 0, 0>, pinocchio::JointModelRevoluteUnboundedTpl<double, 0, 1>, pinocchio::JointModelRevoluteUnboundedTpl<double, 0, 2>, pinocchio::JointModelRevoluteUnboundedUnalignedTpl<double, 0>, pinocchio::JointModelHelicalTpl<double, 0, 0>, pinocchio::JointModelHelicalTpl<double, 0, 1>, pinocchio::JointModelHelicalTpl<double, 0, 2>, pinocchio::JointModelHelicalUnalignedTpl<double, 0>, pinocchio::JointModelUniversalTpl<double, 0>, boost::recursive_wrapper<pinocchio::JointModelCompositeTpl<double, 0, pinocchio::JointCollectionDefaultTpl> >, boost::recursive_wrapper<pinocchio::JointModelMimicTpl<double, 0, pinocchio::JointCollectionDefaultTpl> > >&\x1b[m\x1b[K\xe2\x80\x99\n'}
[5.855283] (gim_arm_hardware) StderrLine: {'line': b' 1759 |     variant(\x1b[01;36m\x1b[Kconst variant& operand\x1b[m\x1b[K)\n'}
[5.855308] (gim_arm_hardware) StderrLine: {'line': b'      |             \x1b[01;36m\x1b[K~~~~~~~~~~~~~~~^~~~~~~\x1b[m\x1b[K\n'}
[5.855332] (gim_arm_hardware) StderrLine: {'line': b'\x1b[01m\x1b[K/usr/include/boost/variant/variant.hpp:1375:5:\x1b[m\x1b[K \x1b[01;36m\x1b[Knote: \x1b[m\x1b[Kcandidate: \xe2\x80\x98\x1b[01m\x1b[Kboost::variant<T0, TN>::variant() [with T0_ = pinocchio::JointModelRevoluteTpl<double, 0, 0>; TN = {pinocchio::JointModelRevoluteTpl<double, 0, 1>, pinocchio::JointModelRevoluteTpl<double, 0, 2>, pinocchio::JointModelFreeFlyerTpl<double, 0>, pinocchio::JointModelPlanarTpl<double, 0>, pinocchio::JointModelRevoluteUnalignedTpl<double, 0>, pinocchio::JointModelSphericalTpl<double, 0>, pinocchio::JointModelSphericalZYXTpl<double, 0>, pinocchio::JointModelEllipsoidTpl<double, 0>, pinocchio::JointModelPrismaticTpl<double, 0, 0>, pinocchio::JointModelPrismaticTpl<double, 0, 1>, pinocchio::JointModelPrismaticTpl<double, 0, 2>, pinocchio::JointModelPrismaticUnalignedTpl<double, 0>, pinocchio::JointModelTranslationTpl<double, 0>, pinocchio::JointModelRevoluteUnboundedTpl<double, 0, 0>, pinocchio::JointModelRevoluteUnboundedTpl<double, 0, 1>, pinocchio::JointModelRevoluteUnboundedTpl<double, 0, 2>, pinocchio::JointModelRevoluteUnboundedUnalignedTpl<double, 0>, pinocchio::JointModelHelicalTpl<double, 0, 0>, pinocchio::JointModelHelicalTpl<double, 0, 1>, pinocchio::JointModelHelicalTpl<double, 0, 2>, pinocchio::JointModelHelicalUnalignedTpl<double, 0>, pinocchio::JointModelUniversalTpl<double, 0>, boost::recursive_wrapper<pinocchio::JointModelCompositeTpl<double, 0, pinocchio::JointCollectionDefaultTpl> >, boost::recursive_wrapper<pinocchio::JointModelMimicTpl<double, 0, pinocchio::JointCollectionDefaultTpl> >}]\x1b[m\x1b[K\xe2\x80\x99\n'}
[5.855368] (gim_arm_hardware) StderrLine: {'line': b' 1375 |     \x1b[01;36m\x1b[Kvariant\x1b[m\x1b[K()\n'}
[5.855392] (gim_arm_hardware) StderrLine: {'line': b'      |     \x1b[01;36m\x1b[K^~~~~~~\x1b[m\x1b[K\n'}
[5.855417] (gim_arm_hardware) StderrLine: {'line': b'\x1b[01m\x1b[K/usr/include/boost/variant/variant.hpp:1375:5:\x1b[m\x1b[K \x1b[01;36m\x1b[Knote: \x1b[m\x1b[K  candidate expects 0 arguments, 1 provided\n'}
[5.855441] (gim_arm_hardware) StderrLine: {'line': b'In file included from \x1b[01m\x1b[K/opt/ros/humble/include/pinocchio/multibody/joint.hpp:84\x1b[m\x1b[K,\n'}
[5.855467] (gim_arm_hardware) StderrLine: {'line': b'                 from \x1b[01m\x1b[K/opt/ros/humble/include/pinocchio/multibody.hpp:43\x1b[m\x1b[K,\n'}
[5.855494] (gim_arm_hardware) StderrLine: {'line': b'                 from \x1b[01m\x1b[K/opt/ros/humble/include/pinocchio/parsers/urdf.hpp:27\x1b[m\x1b[K,\n'}
[5.855518] (gim_arm_hardware) StderrLine: {'line': b'                 from \x1b[01m\x1b[K/home/minh/gim60108_ws/src/gim_arm_hardware/include/gim_arm_hardware/gim_arm_system.hpp:25\x1b[m\x1b[K,\n'}
[5.855542] (gim_arm_hardware) StderrLine: {'line': b'                 from \x1b[01m\x1b[K/home/minh/gim60108_ws/src/gim_arm_hardware/src/gim_arm_system.cpp:1\x1b[m\x1b[K:\n'}
[5.855568] (gim_arm_hardware) StderrLine: {'line': b'/opt/ros/humble/include/pinocchio/src/multibody/joint/joint-generic.hxx: In instantiation of \xe2\x80\x98\x1b[01m\x1b[Kpinocchio::JointModelTpl<Scalar, Options, JointCollectionTpl>::JointModelTpl(const pinocchio::JointModelBase<OtherDerived>&) [with JointModelDerived = pinocchio::JointModelRevoluteUnboundedTpl<double, 0, 1>; _Scalar = double; int _Options = 0; JointCollectionTpl = pinocchio::JointCollectionDefaultTpl]\x1b[m\x1b[K\xe2\x80\x99:\n'}
[5.855594] (gim_arm_hardware) StderrLine: {'line': b'\x1b[01m\x1b[K/opt/ros/humble/include/pinocchio/src/parsers/urdf/model.hxx:502:34:\x1b[m\x1b[K   required from \xe2\x80\x98\x1b[01m\x1b[Kpinocchio::JointIndex pinocchio::urdf::details::UrdfVisitor::addJoint(const Vector3&, const Frame&, const SE3&, const string&, const VectorConstRef&, const VectorConstRef&, const VectorConstRef&, const VectorConstRef&, const VectorConstRef&, const VectorConstRef&, const VectorConstRef&, const VectorConstRef&, const VectorConstRef&, const VectorConstRef&) [with TypeX = pinocchio::JointModelRevoluteUnboundedTpl<double, 0, 0>; TypeY = pinocchio::JointModelRevoluteUnboundedTpl<double, 0, 1>; TypeZ = pinocchio::JointModelRevoluteUnboundedTpl<double, 0, 2>; TypeUnaligned = pinocchio::JointModelRevoluteUnboundedUnalignedTpl<double>; pinocchio::JointIndex = long unsigned int; pinocchio::urdf::details::UrdfVisitor::Vector3 = Eigen::Matrix<double, 3, 1>; pinocchio::urdf::details::UrdfVisitor::Frame = pinocchio::FrameTpl<double, 0>; pinocchio::urdf::details::UrdfVisitor::SE3 = pinocchio::SE3Tpl<double, 0>; std::string = std::__cxx11::basic_string<char>; pinocchio::urdf::details::UrdfVisitor::VectorConstRef = Eigen::Ref<const Eigen::Matrix<double, -1, 1> >]\x1b[m\x1b[K\xe2\x80\x99\n'}
[5.855622] (gim_arm_hardware) StderrLine: {'line': b'\x1b[01m\x1b[K/opt/ros/humble/include/pinocchio/src/parsers/urdf/model.hxx:254:78:\x1b[m\x1b[K   required from here\n'}
[5.855646] (gim_arm_hardware) StderrLine: {'line': b'\x1b[01m\x1b[K/opt/ros/humble/include/pinocchio/src/multibody/joint/joint-generic.hxx:306:25:\x1b[m\x1b[K \x1b[01;31m\x1b[Kerror: \x1b[m\x1b[Kno matching function for call to \xe2\x80\x98\x1b[01m\x1b[Kboost::variant<pinocchio::JointModelRevoluteTpl<double, 0, 0>, pinocchio::JointModelRevoluteTpl<double, 0, 1>, pinocchio::JointModelRevoluteTpl<double, 0, 2>, pinocchio::JointModelFreeFlyerTpl<double, 0>, pinocchio::JointModelPlanarTpl<double, 0>, pinocchio::JointModelRevoluteUnalignedTpl<double, 0>, pinocchio::JointModelSphericalTpl<double, 0>, pinocchio::JointModelSphericalZYXTpl<double, 0>, pinocchio::JointModelEllipsoidTpl<double, 0>, pinocchio::JointModelPrismaticTpl<double, 0, 0>, pinocchio::JointModelPrismaticTpl<double, 0, 1>, pinocchio::JointModelPrismaticTpl<double, 0, 2>, pinocchio::JointModelPrismaticUnalignedTpl<double, 0>, pinocchio::JointModelTranslationTpl<double, 0>, pinocchio::JointModelRevoluteUnboundedTpl<double, 0, 0>, pinocchio::JointModelRevoluteUnboundedTpl<double, 0, 1>, pinocchio::JointModelRevoluteUnboundedTpl<double, 0, 2>, pinocchio::JointModelRevoluteUnboundedUnalignedTpl<double, 0>, pinocchio::JointModelHelicalTpl<double, 0, 0>, pinocchio::JointModelHelicalTpl<double, 0, 1>, pinocchio::JointModelHelicalTpl<double, 0, 2>, pinocchio::JointModelHelicalUnalignedTpl<double, 0>, pinocchio::JointModelUniversalTpl<double, 0>, boost::recursive_wrapper<pinocchio::JointModelCompositeTpl<double, 0, pinocchio::JointCollectionDefaultTpl> >, boost::recursive_wrapper<pinocchio::JointModelMimicTpl<double, 0, pinocchio::JointCollectionDefaultTpl> > >::variant(const JointModelDerived&)\x1b[m\x1b[K\xe2\x80\x99\n'}
[5.855689] (gim_arm_hardware) StderrLine: {'line': b'  306 |     : JointModelVariant(\x1b[01;31m\x1b[K(JointModelVariant)jmodel.derived()\x1b[m\x1b[K)\n'}
[5.855713] (gim_arm_hardware) StderrLine: {'line': b'      |                         \x1b[01;31m\x1b[K^~~~~~~~~~~~~~~~~~~~~~~~~~~~~~~~~~~\x1b[m\x1b[K\n'}
[5.855737] (gim_arm_hardware) StderrLine: {'line': b'In file included from \x1b[01m\x1b[K/usr/include/boost/variant.hpp:17\x1b[m\x1b[K,\n'}
[5.855761] (gim_arm_hardware) StderrLine: {'line': b'                 from \x1b[01m\x1b[K/opt/ros/humble/include/pinocchio/multibody.hpp:21\x1b[m\x1b[K,\n'}
[5.855785] (gim_arm_hardware) StderrLine: {'line': b'                 from \x1b[01m\x1b[K/opt/ros/humble/include/pinocchio/parsers/urdf.hpp:27\x1b[m\x1b[K,\n'}
[5.855813] (gim_arm_hardware) StderrLine: {'line': b'                 from \x1b[01m\x1b[K/home/minh/gim60108_ws/src/gim_arm_hardware/include/gim_arm_hardware/gim_arm_system.hpp:25\x1b[m\x1b[K,\n'}
[5.855836] (gim_arm_hardware) StderrLine: {'line': b'                 from \x1b[01m\x1b[K/home/minh/gim60108_ws/src/gim_arm_hardware/src/gim_arm_system.cpp:1\x1b[m\x1b[K:\n'}
[5.855860] (gim_arm_hardware) StderrLine: {'line': b'\x1b[01m\x1b[K/usr/include/boost/variant/variant.hpp:1770:5:\x1b[m\x1b[K \x1b[01;36m\x1b[Knote: \x1b[m\x1b[Kcandidate: \xe2\x80\x98\x1b[01m\x1b[Kboost::variant<T0, TN>::variant(boost::variant<T0, TN>&&) [with T0_ = pinocchio::JointModelRevoluteTpl<double, 0, 0>; TN = {pinocchio::JointModelRevoluteTpl<double, 0, 1>, pinocchio::JointModelRevoluteTpl<double, 0, 2>, pinocchio::JointModelFreeFlyerTpl<double, 0>, pinocchio::JointModelPlanarTpl<double, 0>, pinocchio::JointModelRevoluteUnalignedTpl<double, 0>, pinocchio::JointModelSphericalTpl<double, 0>, pinocchio::JointModelSphericalZYXTpl<double, 0>, pinocchio::JointModelEllipsoidTpl<double, 0>, pinocchio::JointModelPrismaticTpl<double, 0, 0>, pinocchio::JointModelPrismaticTpl<double, 0, 1>, pinocchio::JointModelPrismaticTpl<double, 0, 2>, pinocchio::JointModelPrismaticUnalignedTpl<double, 0>, pinocchio::JointModelTranslationTpl<double, 0>, pinocchio::JointModelRevoluteUnboundedTpl<double, 0, 0>, pinocchio::JointModelRevoluteUnboundedTpl<double, 0, 1>, pinocchio::JointModelRevoluteUnboundedTpl<double, 0, 2>, pinocchio::JointModelRevoluteUnboundedUnalignedTpl<double, 0>, pinocchio::JointModelHelicalTpl<double, 0, 0>, pinocchio::JointModelHelicalTpl<double, 0, 1>, pinocchio::JointModelHelicalTpl<double, 0, 2>, pinocchio::JointModelHelicalUnalignedTpl<double, 0>, pinocchio::JointModelUniversalTpl<double, 0>, boost::recursive_wrapper<pinocchio::JointModelCompositeTpl<double, 0, pinocchio::JointCollectionDefaultTpl> >, boost::recursive_wrapper<pinocchio::JointModelMimicTpl<double, 0, pinocchio::JointCollectionDefaultTpl> >}]\x1b[m\x1b[K\xe2\x80\x99\n'}
[5.855891] (gim_arm_hardware) StderrLine: {'line': b' 1770 |     \x1b[01;36m\x1b[Kvariant\x1b[m\x1b[K(variant&& operand) BOOST_NOEXCEPT_IF(variant_move_noexcept_constructible::type::value)\n'}
[5.855918] (gim_arm_hardware) StderrLine: {'line': b'      |     \x1b[01;36m\x1b[K^~~~~~~\x1b[m\x1b[K\n'}
[5.855943] (gim_arm_hardware) StderrLine: {'line': b'\x1b[01m\x1b[K/usr/include/boost/variant/variant.hpp:1770:23:\x1b[m\x1b[K \x1b[01;36m\x1b[Knote: \x1b[m\x1b[K  no known conversion for argument 1 from \xe2\x80\x98\x1b[01m\x1b[Kconst JointModelDerived\x1b[m\x1b[K\xe2\x80\x99 {aka \xe2\x80\x98\x1b[01m\x1b[Kconst pinocchio::JointModelRevoluteUnboundedTpl<double, 0, 1>\x1b[m\x1b[K\xe2\x80\x99} to \xe2\x80\x98\x1b[01m\x1b[Kboost::variant<pinocchio::JointModelRevoluteTpl<double, 0, 0>, pinocchio::JointModelRevoluteTpl<double, 0, 1>, pinocchio::JointModelRevoluteTpl<double, 0, 2>, pinocchio::JointModelFreeFlyerTpl<double, 0>, pinocchio::JointModelPlanarTpl<double, 0>, pinocchio::JointModelRevoluteUnalignedTpl<double, 0>, pinocchio::JointModelSphericalTpl<double, 0>, pinocchio::JointModelSphericalZYXTpl<double, 0>, pinocchio::JointModelEllipsoidTpl<double, 0>, pinocchio::JointModelPrismaticTpl<double, 0, 0>, pinocchio::JointModelPrismaticTpl<double, 0, 1>, pinocchio::JointModelPrismaticTpl<double, 0, 2>, pinocchio::JointModelPrismaticUnalignedTpl<double, 0>, pinocchio::JointModelTranslationTpl<double, 0>, pinocchio::JointModelRevoluteUnboundedTpl<double, 0, 0>, pinocchio::JointModelRevoluteUnboundedTpl<double, 0, 1>, pinocchio::JointModelRevoluteUnboundedTpl<double, 0, 2>, pinocchio::JointModelRevoluteUnboundedUnalignedTpl<double, 0>, pinocchio::JointModelHelicalTpl<double, 0, 0>, pinocchio::JointModelHelicalTpl<double, 0, 1>, pinocchio::JointModelHelicalTpl<double, 0, 2>, pinocchio::JointModelHelicalUnalignedTpl<double, 0>, pinocchio::JointModelUniversalTpl<double, 0>, boost::recursive_wrapper<pinocchio::JointModelCompositeTpl<double, 0, pinocchio::JointCollectionDefaultTpl> >, boost::recursive_wrapper<pinocchio::JointModelMimicTpl<double, 0, pinocchio::JointCollectionDefaultTpl> > >&&\x1b[m\x1b[K\xe2\x80\x99\n'}
[5.855973] (gim_arm_hardware) StderrLine: {'line': b' 1770 |     variant(\x1b[01;36m\x1b[Kvariant&& operand\x1b[m\x1b[K) BOOST_NOEXCEPT_IF(variant_move_noexcept_constructible::type::value)\n'}
[5.855997] (gim_arm_hardware) StderrLine: {'line': b'      |             \x1b[01;36m\x1b[K~~~~~~~~~~^~~~~~~\x1b[m\x1b[K\n'}
[5.856023] (gim_arm_hardware) StderrLine: {'line': b'\x1b[01m\x1b[K/usr/include/boost/variant/variant.hpp:1759:5:\x1b[m\x1b[K \x1b[01;36m\x1b[Knote: \x1b[m\x1b[Kcandidate: \xe2\x80\x98\x1b[01m\x1b[Kboost::variant<T0, TN>::variant(const boost::variant<T0, TN>&) [with T0_ = pinocchio::JointModelRevoluteTpl<double, 0, 0>; TN = {pinocchio::JointModelRevoluteTpl<double, 0, 1>, pinocchio::JointModelRevoluteTpl<double, 0, 2>, pinocchio::JointModelFreeFlyerTpl<double, 0>, pinocchio::JointModelPlanarTpl<double, 0>, pinocchio::JointModelRevoluteUnalignedTpl<double, 0>, pinocchio::JointModelSphericalTpl<double, 0>, pinocchio::JointModelSphericalZYXTpl<double, 0>, pinocchio::JointModelEllipsoidTpl<double, 0>, pinocchio::JointModelPrismaticTpl<double, 0, 0>, pinocchio::JointModelPrismaticTpl<double, 0, 1>, pinocchio::JointModelPrismaticTpl<double, 0, 2>, pinocchio::JointModelPrismaticUnalignedTpl<double, 0>, pinocchio::JointModelTranslationTpl<double, 0>, pinocchio::JointModelRevoluteUnboundedTpl<double, 0, 0>, pinocchio::JointModelRevoluteUnboundedTpl<double, 0, 1>, pinocchio::JointModelRevoluteUnboundedTpl<double, 0, 2>, pinocchio::JointModelRevoluteUnboundedUnalignedTpl<double, 0>, pinocchio::JointModelHelicalTpl<double, 0, 0>, pinocchio::JointModelHelicalTpl<double, 0, 1>, pinocchio::JointModelHelicalTpl<double, 0, 2>, pinocchio::JointModelHelicalUnalignedTpl<double, 0>, pinocchio::JointModelUniversalTpl<double, 0>, boost::recursive_wrapper<pinocchio::JointModelCompositeTpl<double, 0, pinocchio::JointCollectionDefaultTpl> >, boost::recursive_wrapper<pinocchio::JointModelMimicTpl<double, 0, pinocchio::JointCollectionDefaultTpl> >}]\x1b[m\x1b[K\xe2\x80\x99\n'}
[5.856058] (gim_arm_hardware) StderrLine: {'line': b' 1759 |     \x1b[01;36m\x1b[Kvariant\x1b[m\x1b[K(const variant& operand)\n'}
[5.856086] (gim_arm_hardware) StderrLine: {'line': b'      |     \x1b[01;36m\x1b[K^~~~~~~\x1b[m\x1b[K\n'}
[5.856115] (gim_arm_hardware) StderrLine: {'line': b'\x1b[01m\x1b[K/usr/include/boost/variant/variant.hpp:1759:28:\x1b[m\x1b[K \x1b[01;36m\x1b[Knote: \x1b[m\x1b[K  no known conversion for argument 1 from \xe2\x80\x98\x1b[01m\x1b[Kconst JointModelDerived\x1b[m\x1b[K\xe2\x80\x99 {aka \xe2\x80\x98\x1b[01m\x1b[Kconst pinocchio::JointModelRevoluteUnboundedTpl<double, 0, 1>\x1b[m\x1b[K\xe2\x80\x99} to \xe2\x80\x98\x1b[01m\x1b[Kconst boost::variant<pinocchio::JointModelRevoluteTpl<double, 0, 0>, pinocchio::JointModelRevoluteTpl<double, 0, 1>, pinocchio::JointModelRevoluteTpl<double, 0, 2>, pinocchio::JointModelFreeFlyerTpl<double, 0>, pinocchio::JointModelPlanarTpl<double, 0>, pinocchio::JointModelRevoluteUnalignedTpl<double, 0>, pinocchio::JointModelSphericalTpl<double, 0>, pinocchio::JointModelSphericalZYXTpl<double, 0>, pinocchio::JointModelEllipsoidTpl<double, 0>, pinocchio::JointModelPrismaticTpl<double, 0, 0>, pinocchio::JointModelPrismaticTpl<double, 0, 1>, pinocchio::JointModelPrismaticTpl<double, 0, 2>, pinocchio::JointModelPrismaticUnalignedTpl<double, 0>, pinocchio::JointModelTranslationTpl<double, 0>, pinocchio::JointModelRevoluteUnboundedTpl<double, 0, 0>, pinocchio::JointModelRevoluteUnboundedTpl<double, 0, 1>, pinocchio::JointModelRevoluteUnboundedTpl<double, 0, 2>, pinocchio::JointModelRevoluteUnboundedUnalignedTpl<double, 0>, pinocchio::JointModelHelicalTpl<double, 0, 0>, pinocchio::JointModelHelicalTpl<double, 0, 1>, pinocchio::JointModelHelicalTpl<double, 0, 2>, pinocchio::JointModelHelicalUnalignedTpl<double, 0>, pinocchio::JointModelUniversalTpl<double, 0>, boost::recursive_wrapper<pinocchio::JointModelCompositeTpl<double, 0, pinocchio::JointCollectionDefaultTpl> >, boost::recursive_wrapper<pinocchio::JointModelMimicTpl<double, 0, pinocchio::JointCollectionDefaultTpl> > >&\x1b[m\x1b[K\xe2\x80\x99\n'}
[5.856153] (gim_arm_hardware) StderrLine: {'line': b' 1759 |     variant(\x1b[01;36m\x1b[Kconst variant& operand\x1b[m\x1b[K)\n'}
[5.856177] (gim_arm_hardware) StderrLine: {'line': b'      |             \x1b[01;36m\x1b[K~~~~~~~~~~~~~~~^~~~~~~\x1b[m\x1b[K\n'}
[5.856201] (gim_arm_hardware) StderrLine: {'line': b'\x1b[01m\x1b[K/usr/include/boost/variant/variant.hpp:1375:5:\x1b[m\x1b[K \x1b[01;36m\x1b[Knote: \x1b[m\x1b[Kcandidate: \xe2\x80\x98\x1b[01m\x1b[Kboost::variant<T0, TN>::variant() [with T0_ = pinocchio::JointModelRevoluteTpl<double, 0, 0>; TN = {pinocchio::JointModelRevoluteTpl<double, 0, 1>, pinocchio::JointModelRevoluteTpl<double, 0, 2>, pinocchio::JointModelFreeFlyerTpl<double, 0>, pinocchio::JointModelPlanarTpl<double, 0>, pinocchio::JointModelRevoluteUnalignedTpl<double, 0>, pinocchio::JointModelSphericalTpl<double, 0>, pinocchio::JointModelSphericalZYXTpl<double, 0>, pinocchio::JointModelEllipsoidTpl<double, 0>, pinocchio::JointModelPrismaticTpl<double, 0, 0>, pinocchio::JointModelPrismaticTpl<double, 0, 1>, pinocchio::JointModelPrismaticTpl<double, 0, 2>, pinocchio::JointModelPrismaticUnalignedTpl<double, 0>, pinocchio::JointModelTranslationTpl<double, 0>, pinocchio::JointModelRevoluteUnboundedTpl<double, 0, 0>, pinocchio::JointModelRevoluteUnboundedTpl<double, 0, 1>, pinocchio::JointModelRevoluteUnboundedTpl<double, 0, 2>, pinocchio::JointModelRevoluteUnboundedUnalignedTpl<double, 0>, pinocchio::JointModelHelicalTpl<double, 0, 0>, pinocchio::JointModelHelicalTpl<double, 0, 1>, pinocchio::JointModelHelicalTpl<double, 0, 2>, pinocchio::JointModelHelicalUnalignedTpl<double, 0>, pinocchio::JointModelUniversalTpl<double, 0>, boost::recursive_wrapper<pinocchio::JointModelCompositeTpl<double, 0, pinocchio::JointCollectionDefaultTpl> >, boost::recursive_wrapper<pinocchio::JointModelMimicTpl<double, 0, pinocchio::JointCollectionDefaultTpl> >}]\x1b[m\x1b[K\xe2\x80\x99\n'}
[5.856238] (gim_arm_hardware) StderrLine: {'line': b' 1375 |     \x1b[01;36m\x1b[Kvariant\x1b[m\x1b[K()\n'}
[5.856263] (gim_arm_hardware) StderrLine: {'line': b'      |     \x1b[01;36m\x1b[K^~~~~~~\x1b[m\x1b[K\n'}
[5.856291] (gim_arm_hardware) StderrLine: {'line': b'\x1b[01m\x1b[K/usr/include/boost/variant/variant.hpp:1375:5:\x1b[m\x1b[K \x1b[01;36m\x1b[Knote: \x1b[m\x1b[K  candidate expects 0 arguments, 1 provided\n'}
[5.856315] (gim_arm_hardware) StderrLine: {'line': b'In file included from \x1b[01m\x1b[K/opt/ros/humble/include/pinocchio/multibody/joint.hpp:84\x1b[m\x1b[K,\n'}
[5.856338] (gim_arm_hardware) StderrLine: {'line': b'                 from \x1b[01m\x1b[K/opt/ros/humble/include/pinocchio/multibody.hpp:43\x1b[m\x1b[K,\n'}
[5.856363] (gim_arm_hardware) StderrLine: {'line': b'                 from \x1b[01m\x1b[K/opt/ros/humble/include/pinocchio/parsers/urdf.hpp:27\x1b[m\x1b[K,\n'}
[5.856387] (gim_arm_hardware) StderrLine: {'line': b'                 from \x1b[01m\x1b[K/home/minh/gim60108_ws/src/gim_arm_hardware/include/gim_arm_hardware/gim_arm_system.hpp:25\x1b[m\x1b[K,\n'}
[5.856410] (gim_arm_hardware) StderrLine: {'line': b'                 from \x1b[01m\x1b[K/home/minh/gim60108_ws/src/gim_arm_hardware/src/gim_arm_system.cpp:1\x1b[m\x1b[K:\n'}
[5.856435] (gim_arm_hardware) StderrLine: {'line': b'/opt/ros/humble/include/pinocchio/src/multibody/joint/joint-generic.hxx: In instantiation of \xe2\x80\x98\x1b[01m\x1b[Kpinocchio::JointModelTpl<Scalar, Options, JointCollectionTpl>::JointModelTpl(const pinocchio::JointModelBase<OtherDerived>&) [with JointModelDerived = pinocchio::JointModelRevoluteUnboundedTpl<double, 0, 2>; _Scalar = double; int _Options = 0; JointCollectionTpl = pinocchio::JointCollectionDefaultTpl]\x1b[m\x1b[K\xe2\x80\x99:\n'}
[5.856460] (gim_arm_hardware) StderrLine: {'line': b'\x1b[01m\x1b[K/opt/ros/humble/include/pinocchio/src/parsers/urdf/model.hxx:509:34:\x1b[m\x1b[K   required from \xe2\x80\x98\x1b[01m\x1b[Kpinocchio::JointIndex pinocchio::urdf::details::UrdfVisitor::addJoint(const Vector3&, const Frame&, const SE3&, const string&, const VectorConstRef&, const VectorConstRef&, const VectorConstRef&, const VectorConstRef&, const VectorConstRef&, const VectorConstRef&, const VectorConstRef&, const VectorConstRef&, const VectorConstRef&, const VectorConstRef&) [with TypeX = pinocchio::JointModelRevoluteUnboundedTpl<double, 0, 0>; TypeY = pinocchio::JointModelRevoluteUnboundedTpl<double, 0, 1>; TypeZ = pinocchio::JointModelRevoluteUnboundedTpl<double, 0, 2>; TypeUnaligned = pinocchio::JointModelRevoluteUnboundedUnalignedTpl<double>; pinocchio::JointIndex = long unsigned int; pinocchio::urdf::details::UrdfVisitor::Vector3 = Eigen::Matrix<double, 3, 1>; pinocchio::urdf::details::UrdfVisitor::Frame = pinocchio::FrameTpl<double, 0>; pinocchio::urdf::details::UrdfVisitor::SE3 = pinocchio::SE3Tpl<double, 0>; std::string = std::__cxx11::basic_string<char>; pinocchio::urdf::details::UrdfVisitor::VectorConstRef = Eigen::Ref<const Eigen::Matrix<double, -1, 1> >]\x1b[m\x1b[K\xe2\x80\x99\n'}
[5.856490] (gim_arm_hardware) StderrLine: {'line': b'\x1b[01m\x1b[K/opt/ros/humble/include/pinocchio/src/parsers/urdf/model.hxx:254:78:\x1b[m\x1b[K   required from here\n'}
[5.856514] (gim_arm_hardware) StderrLine: {'line': b'\x1b[01m\x1b[K/opt/ros/humble/include/pinocchio/src/multibody/joint/joint-generic.hxx:306:25:\x1b[m\x1b[K \x1b[01;31m\x1b[Kerror: \x1b[m\x1b[Kno matching function for call to \xe2\x80\x98\x1b[01m\x1b[Kboost::variant<pinocchio::JointModelRevoluteTpl<double, 0, 0>, pinocchio::JointModelRevoluteTpl<double, 0, 1>, pinocchio::JointModelRevoluteTpl<double, 0, 2>, pinocchio::JointModelFreeFlyerTpl<double, 0>, pinocchio::JointModelPlanarTpl<double, 0>, pinocchio::JointModelRevoluteUnalignedTpl<double, 0>, pinocchio::JointModelSphericalTpl<double, 0>, pinocchio::JointModelSphericalZYXTpl<double, 0>, pinocchio::JointModelEllipsoidTpl<double, 0>, pinocchio::JointModelPrismaticTpl<double, 0, 0>, pinocchio::JointModelPrismaticTpl<double, 0, 1>, pinocchio::JointModelPrismaticTpl<double, 0, 2>, pinocchio::JointModelPrismaticUnalignedTpl<double, 0>, pinocchio::JointModelTranslationTpl<double, 0>, pinocchio::JointModelRevoluteUnboundedTpl<double, 0, 0>, pinocchio::JointModelRevoluteUnboundedTpl<double, 0, 1>, pinocchio::JointModelRevoluteUnboundedTpl<double, 0, 2>, pinocchio::JointModelRevoluteUnboundedUnalignedTpl<double, 0>, pinocchio::JointModelHelicalTpl<double, 0, 0>, pinocchio::JointModelHelicalTpl<double, 0, 1>, pinocchio::JointModelHelicalTpl<double, 0, 2>, pinocchio::JointModelHelicalUnalignedTpl<double, 0>, pinocchio::JointModelUniversalTpl<double, 0>, boost::recursive_wrapper<pinocchio::JointModelCompositeTpl<double, 0, pinocchio::JointCollectionDefaultTpl> >, boost::recursive_wrapper<pinocchio::JointModelMimicTpl<double, 0, pinocchio::JointCollectionDefaultTpl> > >::variant(const JointModelDerived&)\x1b[m\x1b[K\xe2\x80\x99\n'}
[5.856552] (gim_arm_hardware) StderrLine: {'line': b'  306 |     : JointModelVariant(\x1b[01;31m\x1b[K(JointModelVariant)jmodel.derived()\x1b[m\x1b[K)\n'}
[5.856576] (gim_arm_hardware) StderrLine: {'line': b'      |                         \x1b[01;31m\x1b[K^~~~~~~~~~~~~~~~~~~~~~~~~~~~~~~~~~~\x1b[m\x1b[K\n'}
[5.856600] (gim_arm_hardware) StderrLine: {'line': b'In file included from \x1b[01m\x1b[K/usr/include/boost/variant.hpp:17\x1b[m\x1b[K,\n'}
[5.856624] (gim_arm_hardware) StderrLine: {'line': b'                 from \x1b[01m\x1b[K/opt/ros/humble/include/pinocchio/multibody.hpp:21\x1b[m\x1b[K,\n'}
[5.856647] (gim_arm_hardware) StderrLine: {'line': b'                 from \x1b[01m\x1b[K/opt/ros/humble/include/pinocchio/parsers/urdf.hpp:27\x1b[m\x1b[K,\n'}
[5.856672] (gim_arm_hardware) StderrLine: {'line': b'                 from \x1b[01m\x1b[K/home/minh/gim60108_ws/src/gim_arm_hardware/include/gim_arm_hardware/gim_arm_system.hpp:25\x1b[m\x1b[K,\n'}
[5.856695] (gim_arm_hardware) StderrLine: {'line': b'                 from \x1b[01m\x1b[K/home/minh/gim60108_ws/src/gim_arm_hardware/src/gim_arm_system.cpp:1\x1b[m\x1b[K:\n'}
[5.856719] (gim_arm_hardware) StderrLine: {'line': b'\x1b[01m\x1b[K/usr/include/boost/variant/variant.hpp:1770:5:\x1b[m\x1b[K \x1b[01;36m\x1b[Knote: \x1b[m\x1b[Kcandidate: \xe2\x80\x98\x1b[01m\x1b[Kboost::variant<T0, TN>::variant(boost::variant<T0, TN>&&) [with T0_ = pinocchio::JointModelRevoluteTpl<double, 0, 0>; TN = {pinocchio::JointModelRevoluteTpl<double, 0, 1>, pinocchio::JointModelRevoluteTpl<double, 0, 2>, pinocchio::JointModelFreeFlyerTpl<double, 0>, pinocchio::JointModelPlanarTpl<double, 0>, pinocchio::JointModelRevoluteUnalignedTpl<double, 0>, pinocchio::JointModelSphericalTpl<double, 0>, pinocchio::JointModelSphericalZYXTpl<double, 0>, pinocchio::JointModelEllipsoidTpl<double, 0>, pinocchio::JointModelPrismaticTpl<double, 0, 0>, pinocchio::JointModelPrismaticTpl<double, 0, 1>, pinocchio::JointModelPrismaticTpl<double, 0, 2>, pinocchio::JointModelPrismaticUnalignedTpl<double, 0>, pinocchio::JointModelTranslationTpl<double, 0>, pinocchio::JointModelRevoluteUnboundedTpl<double, 0, 0>, pinocchio::JointModelRevoluteUnboundedTpl<double, 0, 1>, pinocchio::JointModelRevoluteUnboundedTpl<double, 0, 2>, pinocchio::JointModelRevoluteUnboundedUnalignedTpl<double, 0>, pinocchio::JointModelHelicalTpl<double, 0, 0>, pinocchio::JointModelHelicalTpl<double, 0, 1>, pinocchio::JointModelHelicalTpl<double, 0, 2>, pinocchio::JointModelHelicalUnalignedTpl<double, 0>, pinocchio::JointModelUniversalTpl<double, 0>, boost::recursive_wrapper<pinocchio::JointModelCompositeTpl<double, 0, pinocchio::JointCollectionDefaultTpl> >, boost::recursive_wrapper<pinocchio::JointModelMimicTpl<double, 0, pinocchio::JointCollectionDefaultTpl> >}]\x1b[m\x1b[K\xe2\x80\x99\n'}
[5.856750] (gim_arm_hardware) StderrLine: {'line': b' 1770 |     \x1b[01;36m\x1b[Kvariant\x1b[m\x1b[K(variant&& operand) BOOST_NOEXCEPT_IF(variant_move_noexcept_constructible::type::value)\n'}
[5.856773] (gim_arm_hardware) StderrLine: {'line': b'      |     \x1b[01;36m\x1b[K^~~~~~~\x1b[m\x1b[K\n'}
[5.856797] (gim_arm_hardware) StderrLine: {'line': b'\x1b[01m\x1b[K/usr/include/boost/variant/variant.hpp:1770:23:\x1b[m\x1b[K \x1b[01;36m\x1b[Knote: \x1b[m\x1b[K  no known conversion for argument 1 from \xe2\x80\x98\x1b[01m\x1b[Kconst JointModelDerived\x1b[m\x1b[K\xe2\x80\x99 {aka \xe2\x80\x98\x1b[01m\x1b[Kconst pinocchio::JointModelRevoluteUnboundedTpl<double, 0, 2>\x1b[m\x1b[K\xe2\x80\x99} to \xe2\x80\x98\x1b[01m\x1b[Kboost::variant<pinocchio::JointModelRevoluteTpl<double, 0, 0>, pinocchio::JointModelRevoluteTpl<double, 0, 1>, pinocchio::JointModelRevoluteTpl<double, 0, 2>, pinocchio::JointModelFreeFlyerTpl<double, 0>, pinocchio::JointModelPlanarTpl<double, 0>, pinocchio::JointModelRevoluteUnalignedTpl<double, 0>, pinocchio::JointModelSphericalTpl<double, 0>, pinocchio::JointModelSphericalZYXTpl<double, 0>, pinocchio::JointModelEllipsoidTpl<double, 0>, pinocchio::JointModelPrismaticTpl<double, 0, 0>, pinocchio::JointModelPrismaticTpl<double, 0, 1>, pinocchio::JointModelPrismaticTpl<double, 0, 2>, pinocchio::JointModelPrismaticUnalignedTpl<double, 0>, pinocchio::JointModelTranslationTpl<double, 0>, pinocchio::JointModelRevoluteUnboundedTpl<double, 0, 0>, pinocchio::JointModelRevoluteUnboundedTpl<double, 0, 1>, pinocchio::JointModelRevoluteUnboundedTpl<double, 0, 2>, pinocchio::JointModelRevoluteUnboundedUnalignedTpl<double, 0>, pinocchio::JointModelHelicalTpl<double, 0, 0>, pinocchio::JointModelHelicalTpl<double, 0, 1>, pinocchio::JointModelHelicalTpl<double, 0, 2>, pinocchio::JointModelHelicalUnalignedTpl<double, 0>, pinocchio::JointModelUniversalTpl<double, 0>, boost::recursive_wrapper<pinocchio::JointModelCompositeTpl<double, 0, pinocchio::JointCollectionDefaultTpl> >, boost::recursive_wrapper<pinocchio::JointModelMimicTpl<double, 0, pinocchio::JointCollectionDefaultTpl> > >&&\x1b[m\x1b[K\xe2\x80\x99\n'}
[5.856929] (gim_arm_hardware) StderrLine: {'line': b' 1770 |     variant(\x1b[01;36m\x1b[Kvariant&& operand\x1b[m\x1b[K) BOOST_NOEXCEPT_IF(variant_move_noexcept_constructible::type::value)\n'}
[5.857012] (gim_arm_hardware) StderrLine: {'line': b'      |             \x1b[01;36m\x1b[K~~~~~~~~~~^~~~~~~\x1b[m\x1b[K\n'}
[5.857038] (gim_arm_hardware) StderrLine: {'line': b'\x1b[01m\x1b[K/usr/include/boost/variant/variant.hpp:1759:5:\x1b[m\x1b[K \x1b[01;36m\x1b[Knote: \x1b[m\x1b[Kcandidate: \xe2\x80\x98\x1b[01m\x1b[Kboost::variant<T0, TN>::variant(const boost::variant<T0, TN>&) [with T0_ = pinocchio::JointModelRevoluteTpl<double, 0, 0>; TN = {pinocchio::JointModelRevoluteTpl<double, 0, 1>, pinocchio::JointModelRevoluteTpl<double, 0, 2>, pinocchio::JointModelFreeFlyerTpl<double, 0>, pinocchio::JointModelPlanarTpl<double, 0>, pinocchio::JointModelRevoluteUnalignedTpl<double, 0>, pinocchio::JointModelSphericalTpl<double, 0>, pinocchio::JointModelSphericalZYXTpl<double, 0>, pinocchio::JointModelEllipsoidTpl<double, 0>, pinocchio::JointModelPrismaticTpl<double, 0, 0>, pinocchio::JointModelPrismaticTpl<double, 0, 1>, pinocchio::JointModelPrismaticTpl<double, 0, 2>, pinocchio::JointModelPrismaticUnalignedTpl<double, 0>, pinocchio::JointModelTranslationTpl<double, 0>, pinocchio::JointModelRevoluteUnboundedTpl<double, 0, 0>, pinocchio::JointModelRevoluteUnboundedTpl<double, 0, 1>, pinocchio::JointModelRevoluteUnboundedTpl<double, 0, 2>, pinocchio::JointModelRevoluteUnboundedUnalignedTpl<double, 0>, pinocchio::JointModelHelicalTpl<double, 0, 0>, pinocchio::JointModelHelicalTpl<double, 0, 1>, pinocchio::JointModelHelicalTpl<double, 0, 2>, pinocchio::JointModelHelicalUnalignedTpl<double, 0>, pinocchio::JointModelUniversalTpl<double, 0>, boost::recursive_wrapper<pinocchio::JointModelCompositeTpl<double, 0, pinocchio::JointCollectionDefaultTpl> >, boost::recursive_wrapper<pinocchio::JointModelMimicTpl<double, 0, pinocchio::JointCollectionDefaultTpl> >}]\x1b[m\x1b[K\xe2\x80\x99\n'}
[5.857066] (gim_arm_hardware) StderrLine: {'line': b' 1759 |     \x1b[01;36m\x1b[Kvariant\x1b[m\x1b[K(const variant& operand)\n'}
[5.857090] (gim_arm_hardware) StderrLine: {'line': b'      |     \x1b[01;36m\x1b[K^~~~~~~\x1b[m\x1b[K\n'}
[5.857120] (gim_arm_hardware) StderrLine: {'line': b'\x1b[01m\x1b[K/usr/include/boost/variant/variant.hpp:1759:28:\x1b[m\x1b[K \x1b[01;36m\x1b[Knote: \x1b[m\x1b[K  no known conversion for argument 1 from \xe2\x80\x98\x1b[01m\x1b[Kconst JointModelDerived\x1b[m\x1b[K\xe2\x80\x99 {aka \xe2\x80\x98\x1b[01m\x1b[Kconst pinocchio::JointModelRevoluteUnboundedTpl<double, 0, 2>\x1b[m\x1b[K\xe2\x80\x99} to \xe2\x80\x98\x1b[01m\x1b[Kconst boost::variant<pinocchio::JointModelRevoluteTpl<double, 0, 0>, pinocchio::JointModelRevoluteTpl<double, 0, 1>, pinocchio::JointModelRevoluteTpl<double, 0, 2>, pinocchio::JointModelFreeFlyerTpl<double, 0>, pinocchio::JointModelPlanarTpl<double, 0>, pinocchio::JointModelRevoluteUnalignedTpl<double, 0>, pinocchio::JointModelSphericalTpl<double, 0>, pinocchio::JointModelSphericalZYXTpl<double, 0>, pinocchio::JointModelEllipsoidTpl<double, 0>, pinocchio::JointModelPrismaticTpl<double, 0, 0>, pinocchio::JointModelPrismaticTpl<double, 0, 1>, pinocchio::JointModelPrismaticTpl<double, 0, 2>, pinocchio::JointModelPrismaticUnalignedTpl<double, 0>, pinocchio::JointModelTranslationTpl<double, 0>, pinocchio::JointModelRevoluteUnboundedTpl<double, 0, 0>, pinocchio::JointModelRevoluteUnboundedTpl<double, 0, 1>, pinocchio::JointModelRevoluteUnboundedTpl<double, 0, 2>, pinocchio::JointModelRevoluteUnboundedUnalignedTpl<double, 0>, pinocchio::JointModelHelicalTpl<double, 0, 0>, pinocchio::JointModelHelicalTpl<double, 0, 1>, pinocchio::JointModelHelicalTpl<double, 0, 2>, pinocchio::JointModelHelicalUnalignedTpl<double, 0>, pinocchio::JointModelUniversalTpl<double, 0>, boost::recursive_wrapper<pinocchio::JointModelCompositeTpl<double, 0, pinocchio::JointCollectionDefaultTpl> >, boost::recursive_wrapper<pinocchio::JointModelMimicTpl<double, 0, pinocchio::JointCollectionDefaultTpl> > >&\x1b[m\x1b[K\xe2\x80\x99\n'}
[5.857162] (gim_arm_hardware) StderrLine: {'line': b' 1759 |     variant(\x1b[01;36m\x1b[Kconst variant& operand\x1b[m\x1b[K)\n'}
[5.857187] (gim_arm_hardware) StderrLine: {'line': b'      |             \x1b[01;36m\x1b[K~~~~~~~~~~~~~~~^~~~~~~\x1b[m\x1b[K\n'}
[5.857215] (gim_arm_hardware) StderrLine: {'line': b'\x1b[01m\x1b[K/usr/include/boost/variant/variant.hpp:1375:5:\x1b[m\x1b[K \x1b[01;36m\x1b[Knote: \x1b[m\x1b[Kcandidate: \xe2\x80\x98\x1b[01m\x1b[Kboost::variant<T0, TN>::variant() [with T0_ = pinocchio::JointModelRevoluteTpl<double, 0, 0>; TN = {pinocchio::JointModelRevoluteTpl<double, 0, 1>, pinocchio::JointModelRevoluteTpl<double, 0, 2>, pinocchio::JointModelFreeFlyerTpl<double, 0>, pinocchio::JointModelPlanarTpl<double, 0>, pinocchio::JointModelRevoluteUnalignedTpl<double, 0>, pinocchio::JointModelSphericalTpl<double, 0>, pinocchio::JointModelSphericalZYXTpl<double, 0>, pinocchio::JointModelEllipsoidTpl<double, 0>, pinocchio::JointModelPrismaticTpl<double, 0, 0>, pinocchio::JointModelPrismaticTpl<double, 0, 1>, pinocchio::JointModelPrismaticTpl<double, 0, 2>, pinocchio::JointModelPrismaticUnalignedTpl<double, 0>, pinocchio::JointModelTranslationTpl<double, 0>, pinocchio::JointModelRevoluteUnboundedTpl<double, 0, 0>, pinocchio::JointModelRevoluteUnboundedTpl<double, 0, 1>, pinocchio::JointModelRevoluteUnboundedTpl<double, 0, 2>, pinocchio::JointModelRevoluteUnboundedUnalignedTpl<double, 0>, pinocchio::JointModelHelicalTpl<double, 0, 0>, pinocchio::JointModelHelicalTpl<double, 0, 1>, pinocchio::JointModelHelicalTpl<double, 0, 2>, pinocchio::JointModelHelicalUnalignedTpl<double, 0>, pinocchio::JointModelUniversalTpl<double, 0>, boost::recursive_wrapper<pinocchio::JointModelCompositeTpl<double, 0, pinocchio::JointCollectionDefaultTpl> >, boost::recursive_wrapper<pinocchio::JointModelMimicTpl<double, 0, pinocchio::JointCollectionDefaultTpl> >}]\x1b[m\x1b[K\xe2\x80\x99\n'}
[5.857242] (gim_arm_hardware) StderrLine: {'line': b' 1375 |     \x1b[01;36m\x1b[Kvariant\x1b[m\x1b[K()\n'}
[5.857266] (gim_arm_hardware) StderrLine: {'line': b'      |     \x1b[01;36m\x1b[K^~~~~~~\x1b[m\x1b[K\n'}
[5.857290] (gim_arm_hardware) StderrLine: {'line': b'\x1b[01m\x1b[K/usr/include/boost/variant/variant.hpp:1375:5:\x1b[m\x1b[K \x1b[01;36m\x1b[Knote: \x1b[m\x1b[K  candidate expects 0 arguments, 1 provided\n'}
[5.857314] (gim_arm_hardware) StderrLine: {'line': b'In file included from \x1b[01m\x1b[K/opt/ros/humble/include/pinocchio/multibody/joint.hpp:84\x1b[m\x1b[K,\n'}
[5.857338] (gim_arm_hardware) StderrLine: {'line': b'                 from \x1b[01m\x1b[K/opt/ros/humble/include/pinocchio/multibody.hpp:43\x1b[m\x1b[K,\n'}
[5.857365] (gim_arm_hardware) StderrLine: {'line': b'                 from \x1b[01m\x1b[K/opt/ros/humble/include/pinocchio/parsers/urdf.hpp:27\x1b[m\x1b[K,\n'}
[5.857389] (gim_arm_hardware) StderrLine: {'line': b'                 from \x1b[01m\x1b[K/home/minh/gim60108_ws/src/gim_arm_hardware/include/gim_arm_hardware/gim_arm_system.hpp:25\x1b[m\x1b[K,\n'}
[5.857412] (gim_arm_hardware) StderrLine: {'line': b'                 from \x1b[01m\x1b[K/home/minh/gim60108_ws/src/gim_arm_hardware/src/gim_arm_system.cpp:1\x1b[m\x1b[K:\n'}
[5.857436] (gim_arm_hardware) StderrLine: {'line': b'/opt/ros/humble/include/pinocchio/src/multibody/joint/joint-generic.hxx: In instantiation of \xe2\x80\x98\x1b[01m\x1b[Kpinocchio::JointModelTpl<Scalar, Options, JointCollectionTpl>::JointModelTpl(const pinocchio::JointModelBase<OtherDerived>&) [with JointModelDerived = pinocchio::JointModelRevoluteUnboundedUnalignedTpl<double>; _Scalar = double; int _Options = 0; JointCollectionTpl = pinocchio::JointCollectionDefaultTpl]\x1b[m\x1b[K\xe2\x80\x99:\n'}
[5.857465] (gim_arm_hardware) StderrLine: {'line': b'\x1b[01m\x1b[K/opt/ros/humble/include/pinocchio/src/parsers/urdf/model.hxx:516:34:\x1b[m\x1b[K   required from \xe2\x80\x98\x1b[01m\x1b[Kpinocchio::JointIndex pinocchio::urdf::details::UrdfVisitor::addJoint(const Vector3&, const Frame&, const SE3&, const string&, const VectorConstRef&, const VectorConstRef&, const VectorConstRef&, const VectorConstRef&, const VectorConstRef&, const VectorConstRef&, const VectorConstRef&, const VectorConstRef&, const VectorConstRef&, const VectorConstRef&) [with TypeX = pinocchio::JointModelRevoluteUnboundedTpl<double, 0, 0>; TypeY = pinocchio::JointModelRevoluteUnboundedTpl<double, 0, 1>; TypeZ = pinocchio::JointModelRevoluteUnboundedTpl<double, 0, 2>; TypeUnaligned = pinocchio::JointModelRevoluteUnboundedUnalignedTpl<double>; pinocchio::JointIndex = long unsigned int; pinocchio::urdf::details::UrdfVisitor::Vector3 = Eigen::Matrix<double, 3, 1>; pinocchio::urdf::details::UrdfVisitor::Frame = pinocchio::FrameTpl<double, 0>; pinocchio::urdf::details::UrdfVisitor::SE3 = pinocchio::SE3Tpl<double, 0>; std::string = std::__cxx11::basic_string<char>; pinocchio::urdf::details::UrdfVisitor::VectorConstRef = Eigen::Ref<const Eigen::Matrix<double, -1, 1> >]\x1b[m\x1b[K\xe2\x80\x99\n'}
[5.857495] (gim_arm_hardware) StderrLine: {'line': b'\x1b[01m\x1b[K/opt/ros/humble/include/pinocchio/src/parsers/urdf/model.hxx:254:78:\x1b[m\x1b[K   required from here\n'}
[5.857519] (gim_arm_hardware) StderrLine: {'line': b'\x1b[01m\x1b[K/opt/ros/humble/include/pinocchio/src/multibody/joint/joint-generic.hxx:306:25:\x1b[m\x1b[K \x1b[01;31m\x1b[Kerror: \x1b[m\x1b[Kno matching function for call to \xe2\x80\x98\x1b[01m\x1b[Kboost::variant<pinocchio::JointModelRevoluteTpl<double, 0, 0>, pinocchio::JointModelRevoluteTpl<double, 0, 1>, pinocchio::JointModelRevoluteTpl<double, 0, 2>, pinocchio::JointModelFreeFlyerTpl<double, 0>, pinocchio::JointModelPlanarTpl<double, 0>, pinocchio::JointModelRevoluteUnalignedTpl<double, 0>, pinocchio::JointModelSphericalTpl<double, 0>, pinocchio::JointModelSphericalZYXTpl<double, 0>, pinocchio::JointModelEllipsoidTpl<double, 0>, pinocchio::JointModelPrismaticTpl<double, 0, 0>, pinocchio::JointModelPrismaticTpl<double, 0, 1>, pinocchio::JointModelPrismaticTpl<double, 0, 2>, pinocchio::JointModelPrismaticUnalignedTpl<double, 0>, pinocchio::JointModelTranslationTpl<double, 0>, pinocchio::JointModelRevoluteUnboundedTpl<double, 0, 0>, pinocchio::JointModelRevoluteUnboundedTpl<double, 0, 1>, pinocchio::JointModelRevoluteUnboundedTpl<double, 0, 2>, pinocchio::JointModelRevoluteUnboundedUnalignedTpl<double, 0>, pinocchio::JointModelHelicalTpl<double, 0, 0>, pinocchio::JointModelHelicalTpl<double, 0, 1>, pinocchio::JointModelHelicalTpl<double, 0, 2>, pinocchio::JointModelHelicalUnalignedTpl<double, 0>, pinocchio::JointModelUniversalTpl<double, 0>, boost::recursive_wrapper<pinocchio::JointModelCompositeTpl<double, 0, pinocchio::JointCollectionDefaultTpl> >, boost::recursive_wrapper<pinocchio::JointModelMimicTpl<double, 0, pinocchio::JointCollectionDefaultTpl> > >::variant(const JointModelDerived&)\x1b[m\x1b[K\xe2\x80\x99\n'}
[5.857553] (gim_arm_hardware) StderrLine: {'line': b'  306 |     : JointModelVariant(\x1b[01;31m\x1b[K(JointModelVariant)jmodel.derived()\x1b[m\x1b[K)\n'}
[5.857577] (gim_arm_hardware) StderrLine: {'line': b'      |                         \x1b[01;31m\x1b[K^~~~~~~~~~~~~~~~~~~~~~~~~~~~~~~~~~~\x1b[m\x1b[K\n'}
[5.857600] (gim_arm_hardware) StderrLine: {'line': b'In file included from \x1b[01m\x1b[K/usr/include/boost/variant.hpp:17\x1b[m\x1b[K,\n'}
[5.857624] (gim_arm_hardware) StderrLine: {'line': b'                 from \x1b[01m\x1b[K/opt/ros/humble/include/pinocchio/multibody.hpp:21\x1b[m\x1b[K,\n'}
[5.857648] (gim_arm_hardware) StderrLine: {'line': b'                 from \x1b[01m\x1b[K/opt/ros/humble/include/pinocchio/parsers/urdf.hpp:27\x1b[m\x1b[K,\n'}
[5.857672] (gim_arm_hardware) StderrLine: {'line': b'                 from \x1b[01m\x1b[K/home/minh/gim60108_ws/src/gim_arm_hardware/include/gim_arm_hardware/gim_arm_system.hpp:25\x1b[m\x1b[K,\n'}
[5.857695] (gim_arm_hardware) StderrLine: {'line': b'                 from \x1b[01m\x1b[K/home/minh/gim60108_ws/src/gim_arm_hardware/src/gim_arm_system.cpp:1\x1b[m\x1b[K:\n'}
[5.857719] (gim_arm_hardware) StderrLine: {'line': b'\x1b[01m\x1b[K/usr/include/boost/variant/variant.hpp:1770:5:\x1b[m\x1b[K \x1b[01;36m\x1b[Knote: \x1b[m\x1b[Kcandidate: \xe2\x80\x98\x1b[01m\x1b[Kboost::variant<T0, TN>::variant(boost::variant<T0, TN>&&) [with T0_ = pinocchio::JointModelRevoluteTpl<double, 0, 0>; TN = {pinocchio::JointModelRevoluteTpl<double, 0, 1>, pinocchio::JointModelRevoluteTpl<double, 0, 2>, pinocchio::JointModelFreeFlyerTpl<double, 0>, pinocchio::JointModelPlanarTpl<double, 0>, pinocchio::JointModelRevoluteUnalignedTpl<double, 0>, pinocchio::JointModelSphericalTpl<double, 0>, pinocchio::JointModelSphericalZYXTpl<double, 0>, pinocchio::JointModelEllipsoidTpl<double, 0>, pinocchio::JointModelPrismaticTpl<double, 0, 0>, pinocchio::JointModelPrismaticTpl<double, 0, 1>, pinocchio::JointModelPrismaticTpl<double, 0, 2>, pinocchio::JointModelPrismaticUnalignedTpl<double, 0>, pinocchio::JointModelTranslationTpl<double, 0>, pinocchio::JointModelRevoluteUnboundedTpl<double, 0, 0>, pinocchio::JointModelRevoluteUnboundedTpl<double, 0, 1>, pinocchio::JointModelRevoluteUnboundedTpl<double, 0, 2>, pinocchio::JointModelRevoluteUnboundedUnalignedTpl<double, 0>, pinocchio::JointModelHelicalTpl<double, 0, 0>, pinocchio::JointModelHelicalTpl<double, 0, 1>, pinocchio::JointModelHelicalTpl<double, 0, 2>, pinocchio::JointModelHelicalUnalignedTpl<double, 0>, pinocchio::JointModelUniversalTpl<double, 0>, boost::recursive_wrapper<pinocchio::JointModelCompositeTpl<double, 0, pinocchio::JointCollectionDefaultTpl> >, boost::recursive_wrapper<pinocchio::JointModelMimicTpl<double, 0, pinocchio::JointCollectionDefaultTpl> >}]\x1b[m\x1b[K\xe2\x80\x99\n'}
[5.857751] (gim_arm_hardware) StderrLine: {'line': b' 1770 |     \x1b[01;36m\x1b[Kvariant\x1b[m\x1b[K(variant&& operand) BOOST_NOEXCEPT_IF(variant_move_noexcept_constructible::type::value)\n'}
[5.857780] (gim_arm_hardware) StderrLine: {'line': b'      |     \x1b[01;36m\x1b[K^~~~~~~\x1b[m\x1b[K\n'}
[5.857803] (gim_arm_hardware) StderrLine: {'line': b'\x1b[01m\x1b[K/usr/include/boost/variant/variant.hpp:1770:23:\x1b[m\x1b[K \x1b[01;36m\x1b[Knote: \x1b[m\x1b[K  no known conversion for argument 1 from \xe2\x80\x98\x1b[01m\x1b[Kconst JointModelDerived\x1b[m\x1b[K\xe2\x80\x99 {aka \xe2\x80\x98\x1b[01m\x1b[Kconst pinocchio::JointModelRevoluteUnboundedUnalignedTpl<double>\x1b[m\x1b[K\xe2\x80\x99} to \xe2\x80\x98\x1b[01m\x1b[Kboost::variant<pinocchio::JointModelRevoluteTpl<double, 0, 0>, pinocchio::JointModelRevoluteTpl<double, 0, 1>, pinocchio::JointModelRevoluteTpl<double, 0, 2>, pinocchio::JointModelFreeFlyerTpl<double, 0>, pinocchio::JointModelPlanarTpl<double, 0>, pinocchio::JointModelRevoluteUnalignedTpl<double, 0>, pinocchio::JointModelSphericalTpl<double, 0>, pinocchio::JointModelSphericalZYXTpl<double, 0>, pinocchio::JointModelEllipsoidTpl<double, 0>, pinocchio::JointModelPrismaticTpl<double, 0, 0>, pinocchio::JointModelPrismaticTpl<double, 0, 1>, pinocchio::JointModelPrismaticTpl<double, 0, 2>, pinocchio::JointModelPrismaticUnalignedTpl<double, 0>, pinocchio::JointModelTranslationTpl<double, 0>, pinocchio::JointModelRevoluteUnboundedTpl<double, 0, 0>, pinocchio::JointModelRevoluteUnboundedTpl<double, 0, 1>, pinocchio::JointModelRevoluteUnboundedTpl<double, 0, 2>, pinocchio::JointModelRevoluteUnboundedUnalignedTpl<double, 0>, pinocchio::JointModelHelicalTpl<double, 0, 0>, pinocchio::JointModelHelicalTpl<double, 0, 1>, pinocchio::JointModelHelicalTpl<double, 0, 2>, pinocchio::JointModelHelicalUnalignedTpl<double, 0>, pinocchio::JointModelUniversalTpl<double, 0>, boost::recursive_wrapper<pinocchio::JointModelCompositeTpl<double, 0, pinocchio::JointCollectionDefaultTpl> >, boost::recursive_wrapper<pinocchio::JointModelMimicTpl<double, 0, pinocchio::JointCollectionDefaultTpl> > >&&\x1b[m\x1b[K\xe2\x80\x99\n'}
[5.857838] (gim_arm_hardware) StderrLine: {'line': b' 1770 |     variant(\x1b[01;36m\x1b[Kvariant&& operand\x1b[m\x1b[K) BOOST_NOEXCEPT_IF(variant_move_noexcept_constructible::type::value)\n'}
[5.857861] (gim_arm_hardware) StderrLine: {'line': b'      |             \x1b[01;36m\x1b[K~~~~~~~~~~^~~~~~~\x1b[m\x1b[K\n'}
[5.857885] (gim_arm_hardware) StderrLine: {'line': b'\x1b[01m\x1b[K/usr/include/boost/variant/variant.hpp:1759:5:\x1b[m\x1b[K \x1b[01;36m\x1b[Knote: \x1b[m\x1b[Kcandidate: \xe2\x80\x98\x1b[01m\x1b[Kboost::variant<T0, TN>::variant(const boost::variant<T0, TN>&) [with T0_ = pinocchio::JointModelRevoluteTpl<double, 0, 0>; TN = {pinocchio::JointModelRevoluteTpl<double, 0, 1>, pinocchio::JointModelRevoluteTpl<double, 0, 2>, pinocchio::JointModelFreeFlyerTpl<double, 0>, pinocchio::JointModelPlanarTpl<double, 0>, pinocchio::JointModelRevoluteUnalignedTpl<double, 0>, pinocchio::JointModelSphericalTpl<double, 0>, pinocchio::JointModelSphericalZYXTpl<double, 0>, pinocchio::JointModelEllipsoidTpl<double, 0>, pinocchio::JointModelPrismaticTpl<double, 0, 0>, pinocchio::JointModelPrismaticTpl<double, 0, 1>, pinocchio::JointModelPrismaticTpl<double, 0, 2>, pinocchio::JointModelPrismaticUnalignedTpl<double, 0>, pinocchio::JointModelTranslationTpl<double, 0>, pinocchio::JointModelRevoluteUnboundedTpl<double, 0, 0>, pinocchio::JointModelRevoluteUnboundedTpl<double, 0, 1>, pinocchio::JointModelRevoluteUnboundedTpl<double, 0, 2>, pinocchio::JointModelRevoluteUnboundedUnalignedTpl<double, 0>, pinocchio::JointModelHelicalTpl<double, 0, 0>, pinocchio::JointModelHelicalTpl<double, 0, 1>, pinocchio::JointModelHelicalTpl<double, 0, 2>, pinocchio::JointModelHelicalUnalignedTpl<double, 0>, pinocchio::JointModelUniversalTpl<double, 0>, boost::recursive_wrapper<pinocchio::JointModelCompositeTpl<double, 0, pinocchio::JointCollectionDefaultTpl> >, boost::recursive_wrapper<pinocchio::JointModelMimicTpl<double, 0, pinocchio::JointCollectionDefaultTpl> >}]\x1b[m\x1b[K\xe2\x80\x99\n'}
[5.857914] (gim_arm_hardware) StderrLine: {'line': b' 1759 |     \x1b[01;36m\x1b[Kvariant\x1b[m\x1b[K(const variant& operand)\n'}
[5.857938] (gim_arm_hardware) StderrLine: {'line': b'      |     \x1b[01;36m\x1b[K^~~~~~~\x1b[m\x1b[K\n'}
[5.857961] (gim_arm_hardware) StderrLine: {'line': b'\x1b[01m\x1b[K/usr/include/boost/variant/variant.hpp:1759:28:\x1b[m\x1b[K \x1b[01;36m\x1b[Knote: \x1b[m\x1b[K  no known conversion for argument 1 from \xe2\x80\x98\x1b[01m\x1b[Kconst JointModelDerived\x1b[m\x1b[K\xe2\x80\x99 {aka \xe2\x80\x98\x1b[01m\x1b[Kconst pinocchio::JointModelRevoluteUnboundedUnalignedTpl<double>\x1b[m\x1b[K\xe2\x80\x99} to \xe2\x80\x98\x1b[01m\x1b[Kconst boost::variant<pinocchio::JointModelRevoluteTpl<double, 0, 0>, pinocchio::JointModelRevoluteTpl<double, 0, 1>, pinocchio::JointModelRevoluteTpl<double, 0, 2>, pinocchio::JointModelFreeFlyerTpl<double, 0>, pinocchio::JointModelPlanarTpl<double, 0>, pinocchio::JointModelRevoluteUnalignedTpl<double, 0>, pinocchio::JointModelSphericalTpl<double, 0>, pinocchio::JointModelSphericalZYXTpl<double, 0>, pinocchio::JointModelEllipsoidTpl<double, 0>, pinocchio::JointModelPrismaticTpl<double, 0, 0>, pinocchio::JointModelPrismaticTpl<double, 0, 1>, pinocchio::JointModelPrismaticTpl<double, 0, 2>, pinocchio::JointModelPrismaticUnalignedTpl<double, 0>, pinocchio::JointModelTranslationTpl<double, 0>, pinocchio::JointModelRevoluteUnboundedTpl<double, 0, 0>, pinocchio::JointModelRevoluteUnboundedTpl<double, 0, 1>, pinocchio::JointModelRevoluteUnboundedTpl<double, 0, 2>, pinocchio::JointModelRevoluteUnboundedUnalignedTpl<double, 0>, pinocchio::JointModelHelicalTpl<double, 0, 0>, pinocchio::JointModelHelicalTpl<double, 0, 1>, pinocchio::JointModelHelicalTpl<double, 0, 2>, pinocchio::JointModelHelicalUnalignedTpl<double, 0>, pinocchio::JointModelUniversalTpl<double, 0>, boost::recursive_wrapper<pinocchio::JointModelCompositeTpl<double, 0, pinocchio::JointCollectionDefaultTpl> >, boost::recursive_wrapper<pinocchio::JointModelMimicTpl<double, 0, pinocchio::JointCollectionDefaultTpl> > >&\x1b[m\x1b[K\xe2\x80\x99\n'}
[5.857998] (gim_arm_hardware) StderrLine: {'line': b' 1759 |     variant(\x1b[01;36m\x1b[Kconst variant& operand\x1b[m\x1b[K)\n'}
[5.858022] (gim_arm_hardware) StderrLine: {'line': b'      |             \x1b[01;36m\x1b[K~~~~~~~~~~~~~~~^~~~~~~\x1b[m\x1b[K\n'}
[5.858045] (gim_arm_hardware) StderrLine: {'line': b'\x1b[01m\x1b[K/usr/include/boost/variant/variant.hpp:1375:5:\x1b[m\x1b[K \x1b[01;36m\x1b[Knote: \x1b[m\x1b[Kcandidate: \xe2\x80\x98\x1b[01m\x1b[Kboost::variant<T0, TN>::variant() [with T0_ = pinocchio::JointModelRevoluteTpl<double, 0, 0>; TN = {pinocchio::JointModelRevoluteTpl<double, 0, 1>, pinocchio::JointModelRevoluteTpl<double, 0, 2>, pinocchio::JointModelFreeFlyerTpl<double, 0>, pinocchio::JointModelPlanarTpl<double, 0>, pinocchio::JointModelRevoluteUnalignedTpl<double, 0>, pinocchio::JointModelSphericalTpl<double, 0>, pinocchio::JointModelSphericalZYXTpl<double, 0>, pinocchio::JointModelEllipsoidTpl<double, 0>, pinocchio::JointModelPrismaticTpl<double, 0, 0>, pinocchio::JointModelPrismaticTpl<double, 0, 1>, pinocchio::JointModelPrismaticTpl<double, 0, 2>, pinocchio::JointModelPrismaticUnalignedTpl<double, 0>, pinocchio::JointModelTranslationTpl<double, 0>, pinocchio::JointModelRevoluteUnboundedTpl<double, 0, 0>, pinocchio::JointModelRevoluteUnboundedTpl<double, 0, 1>, pinocchio::JointModelRevoluteUnboundedTpl<double, 0, 2>, pinocchio::JointModelRevoluteUnboundedUnalignedTpl<double, 0>, pinocchio::JointModelHelicalTpl<double, 0, 0>, pinocchio::JointModelHelicalTpl<double, 0, 1>, pinocchio::JointModelHelicalTpl<double, 0, 2>, pinocchio::JointModelHelicalUnalignedTpl<double, 0>, pinocchio::JointModelUniversalTpl<double, 0>, boost::recursive_wrapper<pinocchio::JointModelCompositeTpl<double, 0, pinocchio::JointCollectionDefaultTpl> >, boost::recursive_wrapper<pinocchio::JointModelMimicTpl<double, 0, pinocchio::JointCollectionDefaultTpl> >}]\x1b[m\x1b[K\xe2\x80\x99\n'}
[5.858072] (gim_arm_hardware) StderrLine: {'line': b' 1375 |     \x1b[01;36m\x1b[Kvariant\x1b[m\x1b[K()\n'}
[5.858095] (gim_arm_hardware) StderrLine: {'line': b'      |     \x1b[01;36m\x1b[K^~~~~~~\x1b[m\x1b[K\n'}
[5.858126] (gim_arm_hardware) StderrLine: {'line': b'\x1b[01m\x1b[K/usr/include/boost/variant/variant.hpp:1375:5:\x1b[m\x1b[K \x1b[01;36m\x1b[Knote: \x1b[m\x1b[K  candidate expects 0 arguments, 1 provided\n'}
[5.858157] (gim_arm_hardware) StderrLine: {'line': b'In file included from \x1b[01m\x1b[K/opt/ros/humble/include/pinocchio/multibody/joint.hpp:84\x1b[m\x1b[K,\n'}
[5.858181] (gim_arm_hardware) StderrLine: {'line': b'                 from \x1b[01m\x1b[K/opt/ros/humble/include/pinocchio/multibody.hpp:43\x1b[m\x1b[K,\n'}
[5.858204] (gim_arm_hardware) StderrLine: {'line': b'                 from \x1b[01m\x1b[K/opt/ros/humble/include/pinocchio/parsers/urdf.hpp:27\x1b[m\x1b[K,\n'}
[5.858228] (gim_arm_hardware) StderrLine: {'line': b'                 from \x1b[01m\x1b[K/home/minh/gim60108_ws/src/gim_arm_hardware/include/gim_arm_hardware/gim_arm_system.hpp:25\x1b[m\x1b[K,\n'}
[5.858252] (gim_arm_hardware) StderrLine: {'line': b'                 from \x1b[01m\x1b[K/home/minh/gim60108_ws/src/gim_arm_hardware/src/gim_arm_system.cpp:1\x1b[m\x1b[K:\n'}
[5.858278] (gim_arm_hardware) StderrLine: {'line': b'/opt/ros/humble/include/pinocchio/src/multibody/joint/joint-generic.hxx: In instantiation of \xe2\x80\x98\x1b[01m\x1b[Kpinocchio::JointModelTpl<Scalar, Options, JointCollectionTpl>::JointModelTpl(const pinocchio::JointModelBase<OtherDerived>&) [with JointModelDerived = pinocchio::JointModelPrismaticTpl<double, 0, 0>; _Scalar = double; int _Options = 0; JointCollectionTpl = pinocchio::JointCollectionDefaultTpl]\x1b[m\x1b[K\xe2\x80\x99:\n'}
[5.858307] (gim_arm_hardware) StderrLine: {'line': b'\x1b[01m\x1b[K/opt/ros/humble/include/pinocchio/src/parsers/urdf/model.hxx:495:34:\x1b[m\x1b[K   required from \xe2\x80\x98\x1b[01m\x1b[Kpinocchio::JointIndex pinocchio::urdf::details::UrdfVisitor::addJoint(const Vector3&, const Frame&, const SE3&, const string&, const VectorConstRef&, const VectorConstRef&, const VectorConstRef&, const VectorConstRef&, const VectorConstRef&, const VectorConstRef&, const VectorConstRef&, const VectorConstRef&, const VectorConstRef&, const VectorConstRef&) [with TypeX = pinocchio::JointModelPrismaticTpl<double, 0, 0>; TypeY = pinocchio::JointModelPrismaticTpl<double, 0, 1>; TypeZ = pinocchio::JointModelPrismaticTpl<double, 0, 2>; TypeUnaligned = pinocchio::JointModelPrismaticUnalignedTpl<double>; pinocchio::JointIndex = long unsigned int; pinocchio::urdf::details::UrdfVisitor::Vector3 = Eigen::Matrix<double, 3, 1>; pinocchio::urdf::details::UrdfVisitor::Frame = pinocchio::FrameTpl<double, 0>; pinocchio::urdf::details::UrdfVisitor::SE3 = pinocchio::SE3Tpl<double, 0>; std::string = std::__cxx11::basic_string<char>; pinocchio::urdf::details::UrdfVisitor::VectorConstRef = Eigen::Ref<const Eigen::Matrix<double, -1, 1> >]\x1b[m\x1b[K\xe2\x80\x99\n'}
[5.858336] (gim_arm_hardware) StderrLine: {'line': b'\x1b[01m\x1b[K/opt/ros/humble/include/pinocchio/src/parsers/urdf/model.hxx:263:70:\x1b[m\x1b[K   required from here\n'}
[5.858360] (gim_arm_hardware) StderrLine: {'line': b'\x1b[01m\x1b[K/opt/ros/humble/include/pinocchio/src/multibody/joint/joint-generic.hxx:306:25:\x1b[m\x1b[K \x1b[01;31m\x1b[Kerror: \x1b[m\x1b[Kno matching function for call to \xe2\x80\x98\x1b[01m\x1b[Kboost::variant<pinocchio::JointModelRevoluteTpl<double, 0, 0>, pinocchio::JointModelRevoluteTpl<double, 0, 1>, pinocchio::JointModelRevoluteTpl<double, 0, 2>, pinocchio::JointModelFreeFlyerTpl<double, 0>, pinocchio::JointModelPlanarTpl<double, 0>, pinocchio::JointModelRevoluteUnalignedTpl<double, 0>, pinocchio::JointModelSphericalTpl<double, 0>, pinocchio::JointModelSphericalZYXTpl<double, 0>, pinocchio::JointModelEllipsoidTpl<double, 0>, pinocchio::JointModelPrismaticTpl<double, 0, 0>, pinocchio::JointModelPrismaticTpl<double, 0, 1>, pinocchio::JointModelPrismaticTpl<double, 0, 2>, pinocchio::JointModelPrismaticUnalignedTpl<double, 0>, pinocchio::JointModelTranslationTpl<double, 0>, pinocchio::JointModelRevoluteUnboundedTpl<double, 0, 0>, pinocchio::JointModelRevoluteUnboundedTpl<double, 0, 1>, pinocchio::JointModelRevoluteUnboundedTpl<double, 0, 2>, pinocchio::JointModelRevoluteUnboundedUnalignedTpl<double, 0>, pinocchio::JointModelHelicalTpl<double, 0, 0>, pinocchio::JointModelHelicalTpl<double, 0, 1>, pinocchio::JointModelHelicalTpl<double, 0, 2>, pinocchio::JointModelHelicalUnalignedTpl<double, 0>, pinocchio::JointModelUniversalTpl<double, 0>, boost::recursive_wrapper<pinocchio::JointModelCompositeTpl<double, 0, pinocchio::JointCollectionDefaultTpl> >, boost::recursive_wrapper<pinocchio::JointModelMimicTpl<double, 0, pinocchio::JointCollectionDefaultTpl> > >::variant(const JointModelDerived&)\x1b[m\x1b[K\xe2\x80\x99\n'}
[5.858388] (gim_arm_hardware) StderrLine: {'line': b'  306 |     : JointModelVariant(\x1b[01;31m\x1b[K(JointModelVariant)jmodel.derived()\x1b[m\x1b[K)\n'}
[5.858412] (gim_arm_hardware) StderrLine: {'line': b'      |                         \x1b[01;31m\x1b[K^~~~~~~~~~~~~~~~~~~~~~~~~~~~~~~~~~~\x1b[m\x1b[K\n'}
[5.858436] (gim_arm_hardware) StderrLine: {'line': b'In file included from \x1b[01m\x1b[K/usr/include/boost/variant.hpp:17\x1b[m\x1b[K,\n'}
[5.858462] (gim_arm_hardware) StderrLine: {'line': b'                 from \x1b[01m\x1b[K/opt/ros/humble/include/pinocchio/multibody.hpp:21\x1b[m\x1b[K,\n'}
[5.858489] (gim_arm_hardware) StderrLine: {'line': b'                 from \x1b[01m\x1b[K/opt/ros/humble/include/pinocchio/parsers/urdf.hpp:27\x1b[m\x1b[K,\n'}
[5.858512] (gim_arm_hardware) StderrLine: {'line': b'                 from \x1b[01m\x1b[K/home/minh/gim60108_ws/src/gim_arm_hardware/include/gim_arm_hardware/gim_arm_system.hpp:25\x1b[m\x1b[K,\n'}
[5.858536] (gim_arm_hardware) StderrLine: {'line': b'                 from \x1b[01m\x1b[K/home/minh/gim60108_ws/src/gim_arm_hardware/src/gim_arm_system.cpp:1\x1b[m\x1b[K:\n'}
[5.858559] (gim_arm_hardware) StderrLine: {'line': b'\x1b[01m\x1b[K/usr/include/boost/variant/variant.hpp:1770:5:\x1b[m\x1b[K \x1b[01;36m\x1b[Knote: \x1b[m\x1b[Kcandidate: \xe2\x80\x98\x1b[01m\x1b[Kboost::variant<T0, TN>::variant(boost::variant<T0, TN>&&) [with T0_ = pinocchio::JointModelRevoluteTpl<double, 0, 0>; TN = {pinocchio::JointModelRevoluteTpl<double, 0, 1>, pinocchio::JointModelRevoluteTpl<double, 0, 2>, pinocchio::JointModelFreeFlyerTpl<double, 0>, pinocchio::JointModelPlanarTpl<double, 0>, pinocchio::JointModelRevoluteUnalignedTpl<double, 0>, pinocchio::JointModelSphericalTpl<double, 0>, pinocchio::JointModelSphericalZYXTpl<double, 0>, pinocchio::JointModelEllipsoidTpl<double, 0>, pinocchio::JointModelPrismaticTpl<double, 0, 0>, pinocchio::JointModelPrismaticTpl<double, 0, 1>, pinocchio::JointModelPrismaticTpl<double, 0, 2>, pinocchio::JointModelPrismaticUnalignedTpl<double, 0>, pinocchio::JointModelTranslationTpl<double, 0>, pinocchio::JointModelRevoluteUnboundedTpl<double, 0, 0>, pinocchio::JointModelRevoluteUnboundedTpl<double, 0, 1>, pinocchio::JointModelRevoluteUnboundedTpl<double, 0, 2>, pinocchio::JointModelRevoluteUnboundedUnalignedTpl<double, 0>, pinocchio::JointModelHelicalTpl<double, 0, 0>, pinocchio::JointModelHelicalTpl<double, 0, 1>, pinocchio::JointModelHelicalTpl<double, 0, 2>, pinocchio::JointModelHelicalUnalignedTpl<double, 0>, pinocchio::JointModelUniversalTpl<double, 0>, boost::recursive_wrapper<pinocchio::JointModelCompositeTpl<double, 0, pinocchio::JointCollectionDefaultTpl> >, boost::recursive_wrapper<pinocchio::JointModelMimicTpl<double, 0, pinocchio::JointCollectionDefaultTpl> >}]\x1b[m\x1b[K\xe2\x80\x99\n'}
[5.858595] (gim_arm_hardware) StderrLine: {'line': b' 1770 |     \x1b[01;36m\x1b[Kvariant\x1b[m\x1b[K(variant&& operand) BOOST_NOEXCEPT_IF(variant_move_noexcept_constructible::type::value)\n'}
[5.858620] (gim_arm_hardware) StderrLine: {'line': b'      |     \x1b[01;36m\x1b[K^~~~~~~\x1b[m\x1b[K\n'}
[5.858643] (gim_arm_hardware) StderrLine: {'line': b'\x1b[01m\x1b[K/usr/include/boost/variant/variant.hpp:1770:23:\x1b[m\x1b[K \x1b[01;36m\x1b[Knote: \x1b[m\x1b[K  no known conversion for argument 1 from \xe2\x80\x98\x1b[01m\x1b[Kconst JointModelDerived\x1b[m\x1b[K\xe2\x80\x99 {aka \xe2\x80\x98\x1b[01m\x1b[Kconst pinocchio::JointModelPrismaticTpl<double, 0, 0>\x1b[m\x1b[K\xe2\x80\x99} to \xe2\x80\x98\x1b[01m\x1b[Kboost::variant<pinocchio::JointModelRevoluteTpl<double, 0, 0>, pinocchio::JointModelRevoluteTpl<double, 0, 1>, pinocchio::JointModelRevoluteTpl<double, 0, 2>, pinocchio::JointModelFreeFlyerTpl<double, 0>, pinocchio::JointModelPlanarTpl<double, 0>, pinocchio::JointModelRevoluteUnalignedTpl<double, 0>, pinocchio::JointModelSphericalTpl<double, 0>, pinocchio::JointModelSphericalZYXTpl<double, 0>, pinocchio::JointModelEllipsoidTpl<double, 0>, pinocchio::JointModelPrismaticTpl<double, 0, 0>, pinocchio::JointModelPrismaticTpl<double, 0, 1>, pinocchio::JointModelPrismaticTpl<double, 0, 2>, pinocchio::JointModelPrismaticUnalignedTpl<double, 0>, pinocchio::JointModelTranslationTpl<double, 0>, pinocchio::JointModelRevoluteUnboundedTpl<double, 0, 0>, pinocchio::JointModelRevoluteUnboundedTpl<double, 0, 1>, pinocchio::JointModelRevoluteUnboundedTpl<double, 0, 2>, pinocchio::JointModelRevoluteUnboundedUnalignedTpl<double, 0>, pinocchio::JointModelHelicalTpl<double, 0, 0>, pinocchio::JointModelHelicalTpl<double, 0, 1>, pinocchio::JointModelHelicalTpl<double, 0, 2>, pinocchio::JointModelHelicalUnalignedTpl<double, 0>, pinocchio::JointModelUniversalTpl<double, 0>, boost::recursive_wrapper<pinocchio::JointModelCompositeTpl<double, 0, pinocchio::JointCollectionDefaultTpl> >, boost::recursive_wrapper<pinocchio::JointModelMimicTpl<double, 0, pinocchio::JointCollectionDefaultTpl> > >&&\x1b[m\x1b[K\xe2\x80\x99\n'}
[5.858674] (gim_arm_hardware) StderrLine: {'line': b' 1770 |     variant(\x1b[01;36m\x1b[Kvariant&& operand\x1b[m\x1b[K) BOOST_NOEXCEPT_IF(variant_move_noexcept_constructible::type::value)\n'}
[5.858698] (gim_arm_hardware) StderrLine: {'line': b'      |             \x1b[01;36m\x1b[K~~~~~~~~~~^~~~~~~\x1b[m\x1b[K\n'}
[5.858721] (gim_arm_hardware) StderrLine: {'line': b'\x1b[01m\x1b[K/usr/include/boost/variant/variant.hpp:1759:5:\x1b[m\x1b[K \x1b[01;36m\x1b[Knote: \x1b[m\x1b[Kcandidate: \xe2\x80\x98\x1b[01m\x1b[Kboost::variant<T0, TN>::variant(const boost::variant<T0, TN>&) [with T0_ = pinocchio::JointModelRevoluteTpl<double, 0, 0>; TN = {pinocchio::JointModelRevoluteTpl<double, 0, 1>, pinocchio::JointModelRevoluteTpl<double, 0, 2>, pinocchio::JointModelFreeFlyerTpl<double, 0>, pinocchio::JointModelPlanarTpl<double, 0>, pinocchio::JointModelRevoluteUnalignedTpl<double, 0>, pinocchio::JointModelSphericalTpl<double, 0>, pinocchio::JointModelSphericalZYXTpl<double, 0>, pinocchio::JointModelEllipsoidTpl<double, 0>, pinocchio::JointModelPrismaticTpl<double, 0, 0>, pinocchio::JointModelPrismaticTpl<double, 0, 1>, pinocchio::JointModelPrismaticTpl<double, 0, 2>, pinocchio::JointModelPrismaticUnalignedTpl<double, 0>, pinocchio::JointModelTranslationTpl<double, 0>, pinocchio::JointModelRevoluteUnboundedTpl<double, 0, 0>, pinocchio::JointModelRevoluteUnboundedTpl<double, 0, 1>, pinocchio::JointModelRevoluteUnboundedTpl<double, 0, 2>, pinocchio::JointModelRevoluteUnboundedUnalignedTpl<double, 0>, pinocchio::JointModelHelicalTpl<double, 0, 0>, pinocchio::JointModelHelicalTpl<double, 0, 1>, pinocchio::JointModelHelicalTpl<double, 0, 2>, pinocchio::JointModelHelicalUnalignedTpl<double, 0>, pinocchio::JointModelUniversalTpl<double, 0>, boost::recursive_wrapper<pinocchio::JointModelCompositeTpl<double, 0, pinocchio::JointCollectionDefaultTpl> >, boost::recursive_wrapper<pinocchio::JointModelMimicTpl<double, 0, pinocchio::JointCollectionDefaultTpl> >}]\x1b[m\x1b[K\xe2\x80\x99\n'}
[5.858754] (gim_arm_hardware) StderrLine: {'line': b' 1759 |     \x1b[01;36m\x1b[Kvariant\x1b[m\x1b[K(const variant& operand)\n'}
[5.858781] (gim_arm_hardware) StderrLine: {'line': b'      |     \x1b[01;36m\x1b[K^~~~~~~\x1b[m\x1b[K\n'}
[5.858805] (gim_arm_hardware) StderrLine: {'line': b'\x1b[01m\x1b[K/usr/include/boost/variant/variant.hpp:1759:28:\x1b[m\x1b[K \x1b[01;36m\x1b[Knote: \x1b[m\x1b[K  no known conversion for argument 1 from \xe2\x80\x98\x1b[01m\x1b[Kconst JointModelDerived\x1b[m\x1b[K\xe2\x80\x99 {aka \xe2\x80\x98\x1b[01m\x1b[Kconst pinocchio::JointModelPrismaticTpl<double, 0, 0>\x1b[m\x1b[K\xe2\x80\x99} to \xe2\x80\x98\x1b[01m\x1b[Kconst boost::variant<pinocchio::JointModelRevoluteTpl<double, 0, 0>, pinocchio::JointModelRevoluteTpl<double, 0, 1>, pinocchio::JointModelRevoluteTpl<double, 0, 2>, pinocchio::JointModelFreeFlyerTpl<double, 0>, pinocchio::JointModelPlanarTpl<double, 0>, pinocchio::JointModelRevoluteUnalignedTpl<double, 0>, pinocchio::JointModelSphericalTpl<double, 0>, pinocchio::JointModelSphericalZYXTpl<double, 0>, pinocchio::JointModelEllipsoidTpl<double, 0>, pinocchio::JointModelPrismaticTpl<double, 0, 0>, pinocchio::JointModelPrismaticTpl<double, 0, 1>, pinocchio::JointModelPrismaticTpl<double, 0, 2>, pinocchio::JointModelPrismaticUnalignedTpl<double, 0>, pinocchio::JointModelTranslationTpl<double, 0>, pinocchio::JointModelRevoluteUnboundedTpl<double, 0, 0>, pinocchio::JointModelRevoluteUnboundedTpl<double, 0, 1>, pinocchio::JointModelRevoluteUnboundedTpl<double, 0, 2>, pinocchio::JointModelRevoluteUnboundedUnalignedTpl<double, 0>, pinocchio::JointModelHelicalTpl<double, 0, 0>, pinocchio::JointModelHelicalTpl<double, 0, 1>, pinocchio::JointModelHelicalTpl<double, 0, 2>, pinocchio::JointModelHelicalUnalignedTpl<double, 0>, pinocchio::JointModelUniversalTpl<double, 0>, boost::recursive_wrapper<pinocchio::JointModelCompositeTpl<double, 0, pinocchio::JointCollectionDefaultTpl> >, boost::recursive_wrapper<pinocchio::JointModelMimicTpl<double, 0, pinocchio::JointCollectionDefaultTpl> > >&\x1b[m\x1b[K\xe2\x80\x99\n'}
[5.858835] (gim_arm_hardware) StderrLine: {'line': b' 1759 |     variant(\x1b[01;36m\x1b[Kconst variant& operand\x1b[m\x1b[K)\n'}
[5.858858] (gim_arm_hardware) StderrLine: {'line': b'      |             \x1b[01;36m\x1b[K~~~~~~~~~~~~~~~^~~~~~~\x1b[m\x1b[K\n'}
[5.858882] (gim_arm_hardware) StderrLine: {'line': b'\x1b[01m\x1b[K/usr/include/boost/variant/variant.hpp:1375:5:\x1b[m\x1b[K \x1b[01;36m\x1b[Knote: \x1b[m\x1b[Kcandidate: \xe2\x80\x98\x1b[01m\x1b[Kboost::variant<T0, TN>::variant() [with T0_ = pinocchio::JointModelRevoluteTpl<double, 0, 0>; TN = {pinocchio::JointModelRevoluteTpl<double, 0, 1>, pinocchio::JointModelRevoluteTpl<double, 0, 2>, pinocchio::JointModelFreeFlyerTpl<double, 0>, pinocchio::JointModelPlanarTpl<double, 0>, pinocchio::JointModelRevoluteUnalignedTpl<double, 0>, pinocchio::JointModelSphericalTpl<double, 0>, pinocchio::JointModelSphericalZYXTpl<double, 0>, pinocchio::JointModelEllipsoidTpl<double, 0>, pinocchio::JointModelPrismaticTpl<double, 0, 0>, pinocchio::JointModelPrismaticTpl<double, 0, 1>, pinocchio::JointModelPrismaticTpl<double, 0, 2>, pinocchio::JointModelPrismaticUnalignedTpl<double, 0>, pinocchio::JointModelTranslationTpl<double, 0>, pinocchio::JointModelRevoluteUnboundedTpl<double, 0, 0>, pinocchio::JointModelRevoluteUnboundedTpl<double, 0, 1>, pinocchio::JointModelRevoluteUnboundedTpl<double, 0, 2>, pinocchio::JointModelRevoluteUnboundedUnalignedTpl<double, 0>, pinocchio::JointModelHelicalTpl<double, 0, 0>, pinocchio::JointModelHelicalTpl<double, 0, 1>, pinocchio::JointModelHelicalTpl<double, 0, 2>, pinocchio::JointModelHelicalUnalignedTpl<double, 0>, pinocchio::JointModelUniversalTpl<double, 0>, boost::recursive_wrapper<pinocchio::JointModelCompositeTpl<double, 0, pinocchio::JointCollectionDefaultTpl> >, boost::recursive_wrapper<pinocchio::JointModelMimicTpl<double, 0, pinocchio::JointCollectionDefaultTpl> >}]\x1b[m\x1b[K\xe2\x80\x99\n'}
[5.858916] (gim_arm_hardware) StderrLine: {'line': b' 1375 |     \x1b[01;36m\x1b[Kvariant\x1b[m\x1b[K()\n'}
[5.858939] (gim_arm_hardware) StderrLine: {'line': b'      |     \x1b[01;36m\x1b[K^~~~~~~\x1b[m\x1b[K\n'}
[5.858962] (gim_arm_hardware) StderrLine: {'line': b'\x1b[01m\x1b[K/usr/include/boost/variant/variant.hpp:1375:5:\x1b[m\x1b[K \x1b[01;36m\x1b[Knote: \x1b[m\x1b[K  candidate expects 0 arguments, 1 provided\n'}
[5.858987] (gim_arm_hardware) StderrLine: {'line': b'In file included from \x1b[01m\x1b[K/opt/ros/humble/include/pinocchio/multibody/joint.hpp:84\x1b[m\x1b[K,\n'}
[5.859010] (gim_arm_hardware) StderrLine: {'line': b'                 from \x1b[01m\x1b[K/opt/ros/humble/include/pinocchio/multibody.hpp:43\x1b[m\x1b[K,\n'}
[5.859034] (gim_arm_hardware) StderrLine: {'line': b'                 from \x1b[01m\x1b[K/opt/ros/humble/include/pinocchio/parsers/urdf.hpp:27\x1b[m\x1b[K,\n'}
[5.859057] (gim_arm_hardware) StderrLine: {'line': b'                 from \x1b[01m\x1b[K/home/minh/gim60108_ws/src/gim_arm_hardware/include/gim_arm_hardware/gim_arm_system.hpp:25\x1b[m\x1b[K,\n'}
[5.859082] (gim_arm_hardware) StderrLine: {'line': b'                 from \x1b[01m\x1b[K/home/minh/gim60108_ws/src/gim_arm_hardware/src/gim_arm_system.cpp:1\x1b[m\x1b[K:\n'}
[5.859113] (gim_arm_hardware) StderrLine: {'line': b'/opt/ros/humble/include/pinocchio/src/multibody/joint/joint-generic.hxx: In instantiation of \xe2\x80\x98\x1b[01m\x1b[Kpinocchio::JointModelTpl<Scalar, Options, JointCollectionTpl>::JointModelTpl(const pinocchio::JointModelBase<OtherDerived>&) [with JointModelDerived = pinocchio::JointModelPrismaticTpl<double, 0, 1>; _Scalar = double; int _Options = 0; JointCollectionTpl = pinocchio::JointCollectionDefaultTpl]\x1b[m\x1b[K\xe2\x80\x99:\n'}
[5.859148] (gim_arm_hardware) StderrLine: {'line': b'\x1b[01m\x1b[K/opt/ros/humble/include/pinocchio/src/parsers/urdf/model.hxx:502:34:\x1b[m\x1b[K   required from \xe2\x80\x98\x1b[01m\x1b[Kpinocchio::JointIndex pinocchio::urdf::details::UrdfVisitor::addJoint(const Vector3&, const Frame&, const SE3&, const string&, const VectorConstRef&, const VectorConstRef&, const VectorConstRef&, const VectorConstRef&, const VectorConstRef&, const VectorConstRef&, const VectorConstRef&, const VectorConstRef&, const VectorConstRef&, const VectorConstRef&) [with TypeX = pinocchio::JointModelPrismaticTpl<double, 0, 0>; TypeY = pinocchio::JointModelPrismaticTpl<double, 0, 1>; TypeZ = pinocchio::JointModelPrismaticTpl<double, 0, 2>; TypeUnaligned = pinocchio::JointModelPrismaticUnalignedTpl<double>; pinocchio::JointIndex = long unsigned int; pinocchio::urdf::details::UrdfVisitor::Vector3 = Eigen::Matrix<double, 3, 1>; pinocchio::urdf::details::UrdfVisitor::Frame = pinocchio::FrameTpl<double, 0>; pinocchio::urdf::details::UrdfVisitor::SE3 = pinocchio::SE3Tpl<double, 0>; std::string = std::__cxx11::basic_string<char>; pinocchio::urdf::details::UrdfVisitor::VectorConstRef = Eigen::Ref<const Eigen::Matrix<double, -1, 1> >]\x1b[m\x1b[K\xe2\x80\x99\n'}
[5.859175] (gim_arm_hardware) StderrLine: {'line': b'\x1b[01m\x1b[K/opt/ros/humble/include/pinocchio/src/parsers/urdf/model.hxx:263:70:\x1b[m\x1b[K   required from here\n'}
[5.859202] (gim_arm_hardware) StderrLine: {'line': b'\x1b[01m\x1b[K/opt/ros/humble/include/pinocchio/src/multibody/joint/joint-generic.hxx:306:25:\x1b[m\x1b[K \x1b[01;31m\x1b[Kerror: \x1b[m\x1b[Kno matching function for call to \xe2\x80\x98\x1b[01m\x1b[Kboost::variant<pinocchio::JointModelRevoluteTpl<double, 0, 0>, pinocchio::JointModelRevoluteTpl<double, 0, 1>, pinocchio::JointModelRevoluteTpl<double, 0, 2>, pinocchio::JointModelFreeFlyerTpl<double, 0>, pinocchio::JointModelPlanarTpl<double, 0>, pinocchio::JointModelRevoluteUnalignedTpl<double, 0>, pinocchio::JointModelSphericalTpl<double, 0>, pinocchio::JointModelSphericalZYXTpl<double, 0>, pinocchio::JointModelEllipsoidTpl<double, 0>, pinocchio::JointModelPrismaticTpl<double, 0, 0>, pinocchio::JointModelPrismaticTpl<double, 0, 1>, pinocchio::JointModelPrismaticTpl<double, 0, 2>, pinocchio::JointModelPrismaticUnalignedTpl<double, 0>, pinocchio::JointModelTranslationTpl<double, 0>, pinocchio::JointModelRevoluteUnboundedTpl<double, 0, 0>, pinocchio::JointModelRevoluteUnboundedTpl<double, 0, 1>, pinocchio::JointModelRevoluteUnboundedTpl<double, 0, 2>, pinocchio::JointModelRevoluteUnboundedUnalignedTpl<double, 0>, pinocchio::JointModelHelicalTpl<double, 0, 0>, pinocchio::JointModelHelicalTpl<double, 0, 1>, pinocchio::JointModelHelicalTpl<double, 0, 2>, pinocchio::JointModelHelicalUnalignedTpl<double, 0>, pinocchio::JointModelUniversalTpl<double, 0>, boost::recursive_wrapper<pinocchio::JointModelCompositeTpl<double, 0, pinocchio::JointCollectionDefaultTpl> >, boost::recursive_wrapper<pinocchio::JointModelMimicTpl<double, 0, pinocchio::JointCollectionDefaultTpl> > >::variant(const JointModelDerived&)\x1b[m\x1b[K\xe2\x80\x99\n'}
[5.859233] (gim_arm_hardware) StderrLine: {'line': b'  306 |     : JointModelVariant(\x1b[01;31m\x1b[K(JointModelVariant)jmodel.derived()\x1b[m\x1b[K)\n'}
[5.859260] (gim_arm_hardware) StderrLine: {'line': b'      |                         \x1b[01;31m\x1b[K^~~~~~~~~~~~~~~~~~~~~~~~~~~~~~~~~~~\x1b[m\x1b[K\n'}
[5.859284] (gim_arm_hardware) StderrLine: {'line': b'In file included from \x1b[01m\x1b[K/usr/include/boost/variant.hpp:17\x1b[m\x1b[K,\n'}
[5.859308] (gim_arm_hardware) StderrLine: {'line': b'                 from \x1b[01m\x1b[K/opt/ros/humble/include/pinocchio/multibody.hpp:21\x1b[m\x1b[K,\n'}
[5.859332] (gim_arm_hardware) StderrLine: {'line': b'                 from \x1b[01m\x1b[K/opt/ros/humble/include/pinocchio/parsers/urdf.hpp:27\x1b[m\x1b[K,\n'}
[5.859355] (gim_arm_hardware) StderrLine: {'line': b'                 from \x1b[01m\x1b[K/home/minh/gim60108_ws/src/gim_arm_hardware/include/gim_arm_hardware/gim_arm_system.hpp:25\x1b[m\x1b[K,\n'}
[5.859383] (gim_arm_hardware) StderrLine: {'line': b'                 from \x1b[01m\x1b[K/home/minh/gim60108_ws/src/gim_arm_hardware/src/gim_arm_system.cpp:1\x1b[m\x1b[K:\n'}
[5.859406] (gim_arm_hardware) StderrLine: {'line': b'\x1b[01m\x1b[K/usr/include/boost/variant/variant.hpp:1770:5:\x1b[m\x1b[K \x1b[01;36m\x1b[Knote: \x1b[m\x1b[Kcandidate: \xe2\x80\x98\x1b[01m\x1b[Kboost::variant<T0, TN>::variant(boost::variant<T0, TN>&&) [with T0_ = pinocchio::JointModelRevoluteTpl<double, 0, 0>; TN = {pinocchio::JointModelRevoluteTpl<double, 0, 1>, pinocchio::JointModelRevoluteTpl<double, 0, 2>, pinocchio::JointModelFreeFlyerTpl<double, 0>, pinocchio::JointModelPlanarTpl<double, 0>, pinocchio::JointModelRevoluteUnalignedTpl<double, 0>, pinocchio::JointModelSphericalTpl<double, 0>, pinocchio::JointModelSphericalZYXTpl<double, 0>, pinocchio::JointModelEllipsoidTpl<double, 0>, pinocchio::JointModelPrismaticTpl<double, 0, 0>, pinocchio::JointModelPrismaticTpl<double, 0, 1>, pinocchio::JointModelPrismaticTpl<double, 0, 2>, pinocchio::JointModelPrismaticUnalignedTpl<double, 0>, pinocchio::JointModelTranslationTpl<double, 0>, pinocchio::JointModelRevoluteUnboundedTpl<double, 0, 0>, pinocchio::JointModelRevoluteUnboundedTpl<double, 0, 1>, pinocchio::JointModelRevoluteUnboundedTpl<double, 0, 2>, pinocchio::JointModelRevoluteUnboundedUnalignedTpl<double, 0>, pinocchio::JointModelHelicalTpl<double, 0, 0>, pinocchio::JointModelHelicalTpl<double, 0, 1>, pinocchio::JointModelHelicalTpl<double, 0, 2>, pinocchio::JointModelHelicalUnalignedTpl<double, 0>, pinocchio::JointModelUniversalTpl<double, 0>, boost::recursive_wrapper<pinocchio::JointModelCompositeTpl<double, 0, pinocchio::JointCollectionDefaultTpl> >, boost::recursive_wrapper<pinocchio::JointModelMimicTpl<double, 0, pinocchio::JointCollectionDefaultTpl> >}]\x1b[m\x1b[K\xe2\x80\x99\n'}
[5.859437] (gim_arm_hardware) StderrLine: {'line': b' 1770 |     \x1b[01;36m\x1b[Kvariant\x1b[m\x1b[K(variant&& operand) BOOST_NOEXCEPT_IF(variant_move_noexcept_constructible::type::value)\n'}
[5.859461] (gim_arm_hardware) StderrLine: {'line': b'      |     \x1b[01;36m\x1b[K^~~~~~~\x1b[m\x1b[K\n'}
[5.859484] (gim_arm_hardware) StderrLine: {'line': b'\x1b[01m\x1b[K/usr/include/boost/variant/variant.hpp:1770:23:\x1b[m\x1b[K \x1b[01;36m\x1b[Knote: \x1b[m\x1b[K  no known conversion for argument 1 from \xe2\x80\x98\x1b[01m\x1b[Kconst JointModelDerived\x1b[m\x1b[K\xe2\x80\x99 {aka \xe2\x80\x98\x1b[01m\x1b[Kconst pinocchio::JointModelPrismaticTpl<double, 0, 1>\x1b[m\x1b[K\xe2\x80\x99} to \xe2\x80\x98\x1b[01m\x1b[Kboost::variant<pinocchio::JointModelRevoluteTpl<double, 0, 0>, pinocchio::JointModelRevoluteTpl<double, 0, 1>, pinocchio::JointModelRevoluteTpl<double, 0, 2>, pinocchio::JointModelFreeFlyerTpl<double, 0>, pinocchio::JointModelPlanarTpl<double, 0>, pinocchio::JointModelRevoluteUnalignedTpl<double, 0>, pinocchio::JointModelSphericalTpl<double, 0>, pinocchio::JointModelSphericalZYXTpl<double, 0>, pinocchio::JointModelEllipsoidTpl<double, 0>, pinocchio::JointModelPrismaticTpl<double, 0, 0>, pinocchio::JointModelPrismaticTpl<double, 0, 1>, pinocchio::JointModelPrismaticTpl<double, 0, 2>, pinocchio::JointModelPrismaticUnalignedTpl<double, 0>, pinocchio::JointModelTranslationTpl<double, 0>, pinocchio::JointModelRevoluteUnboundedTpl<double, 0, 0>, pinocchio::JointModelRevoluteUnboundedTpl<double, 0, 1>, pinocchio::JointModelRevoluteUnboundedTpl<double, 0, 2>, pinocchio::JointModelRevoluteUnboundedUnalignedTpl<double, 0>, pinocchio::JointModelHelicalTpl<double, 0, 0>, pinocchio::JointModelHelicalTpl<double, 0, 1>, pinocchio::JointModelHelicalTpl<double, 0, 2>, pinocchio::JointModelHelicalUnalignedTpl<double, 0>, pinocchio::JointModelUniversalTpl<double, 0>, boost::recursive_wrapper<pinocchio::JointModelCompositeTpl<double, 0, pinocchio::JointCollectionDefaultTpl> >, boost::recursive_wrapper<pinocchio::JointModelMimicTpl<double, 0, pinocchio::JointCollectionDefaultTpl> > >&&\x1b[m\x1b[K\xe2\x80\x99\n'}
[5.859520] (gim_arm_hardware) StderrLine: {'line': b' 1770 |     variant(\x1b[01;36m\x1b[Kvariant&& operand\x1b[m\x1b[K) BOOST_NOEXCEPT_IF(variant_move_noexcept_constructible::type::value)\n'}
[5.859549] (gim_arm_hardware) StderrLine: {'line': b'      |             \x1b[01;36m\x1b[K~~~~~~~~~~^~~~~~~\x1b[m\x1b[K\n'}
[5.859572] (gim_arm_hardware) StderrLine: {'line': b'\x1b[01m\x1b[K/usr/include/boost/variant/variant.hpp:1759:5:\x1b[m\x1b[K \x1b[01;36m\x1b[Knote: \x1b[m\x1b[Kcandidate: \xe2\x80\x98\x1b[01m\x1b[Kboost::variant<T0, TN>::variant(const boost::variant<T0, TN>&) [with T0_ = pinocchio::JointModelRevoluteTpl<double, 0, 0>; TN = {pinocchio::JointModelRevoluteTpl<double, 0, 1>, pinocchio::JointModelRevoluteTpl<double, 0, 2>, pinocchio::JointModelFreeFlyerTpl<double, 0>, pinocchio::JointModelPlanarTpl<double, 0>, pinocchio::JointModelRevoluteUnalignedTpl<double, 0>, pinocchio::JointModelSphericalTpl<double, 0>, pinocchio::JointModelSphericalZYXTpl<double, 0>, pinocchio::JointModelEllipsoidTpl<double, 0>, pinocchio::JointModelPrismaticTpl<double, 0, 0>, pinocchio::JointModelPrismaticTpl<double, 0, 1>, pinocchio::JointModelPrismaticTpl<double, 0, 2>, pinocchio::JointModelPrismaticUnalignedTpl<double, 0>, pinocchio::JointModelTranslationTpl<double, 0>, pinocchio::JointModelRevoluteUnboundedTpl<double, 0, 0>, pinocchio::JointModelRevoluteUnboundedTpl<double, 0, 1>, pinocchio::JointModelRevoluteUnboundedTpl<double, 0, 2>, pinocchio::JointModelRevoluteUnboundedUnalignedTpl<double, 0>, pinocchio::JointModelHelicalTpl<double, 0, 0>, pinocchio::JointModelHelicalTpl<double, 0, 1>, pinocchio::JointModelHelicalTpl<double, 0, 2>, pinocchio::JointModelHelicalUnalignedTpl<double, 0>, pinocchio::JointModelUniversalTpl<double, 0>, boost::recursive_wrapper<pinocchio::JointModelCompositeTpl<double, 0, pinocchio::JointCollectionDefaultTpl> >, boost::recursive_wrapper<pinocchio::JointModelMimicTpl<double, 0, pinocchio::JointCollectionDefaultTpl> >}]\x1b[m\x1b[K\xe2\x80\x99\n'}
[5.859604] (gim_arm_hardware) StderrLine: {'line': b' 1759 |     \x1b[01;36m\x1b[Kvariant\x1b[m\x1b[K(const variant& operand)\n'}
[5.859628] (gim_arm_hardware) StderrLine: {'line': b'      |     \x1b[01;36m\x1b[K^~~~~~~\x1b[m\x1b[K\n'}
[5.859654] (gim_arm_hardware) StderrLine: {'line': b'\x1b[01m\x1b[K/usr/include/boost/variant/variant.hpp:1759:28:\x1b[m\x1b[K \x1b[01;36m\x1b[Knote: \x1b[m\x1b[K  no known conversion for argument 1 from \xe2\x80\x98\x1b[01m\x1b[Kconst JointModelDerived\x1b[m\x1b[K\xe2\x80\x99 {aka \xe2\x80\x98\x1b[01m\x1b[Kconst pinocchio::JointModelPrismaticTpl<double, 0, 1>\x1b[m\x1b[K\xe2\x80\x99} to \xe2\x80\x98\x1b[01m\x1b[Kconst boost::variant<pinocchio::JointModelRevoluteTpl<double, 0, 0>, pinocchio::JointModelRevoluteTpl<double, 0, 1>, pinocchio::JointModelRevoluteTpl<double, 0, 2>, pinocchio::JointModelFreeFlyerTpl<double, 0>, pinocchio::JointModelPlanarTpl<double, 0>, pinocchio::JointModelRevoluteUnalignedTpl<double, 0>, pinocchio::JointModelSphericalTpl<double, 0>, pinocchio::JointModelSphericalZYXTpl<double, 0>, pinocchio::JointModelEllipsoidTpl<double, 0>, pinocchio::JointModelPrismaticTpl<double, 0, 0>, pinocchio::JointModelPrismaticTpl<double, 0, 1>, pinocchio::JointModelPrismaticTpl<double, 0, 2>, pinocchio::JointModelPrismaticUnalignedTpl<double, 0>, pinocchio::JointModelTranslationTpl<double, 0>, pinocchio::JointModelRevoluteUnboundedTpl<double, 0, 0>, pinocchio::JointModelRevoluteUnboundedTpl<double, 0, 1>, pinocchio::JointModelRevoluteUnboundedTpl<double, 0, 2>, pinocchio::JointModelRevoluteUnboundedUnalignedTpl<double, 0>, pinocchio::JointModelHelicalTpl<double, 0, 0>, pinocchio::JointModelHelicalTpl<double, 0, 1>, pinocchio::JointModelHelicalTpl<double, 0, 2>, pinocchio::JointModelHelicalUnalignedTpl<double, 0>, pinocchio::JointModelUniversalTpl<double, 0>, boost::recursive_wrapper<pinocchio::JointModelCompositeTpl<double, 0, pinocchio::JointCollectionDefaultTpl> >, boost::recursive_wrapper<pinocchio::JointModelMimicTpl<double, 0, pinocchio::JointCollectionDefaultTpl> > >&\x1b[m\x1b[K\xe2\x80\x99\n'}
[5.859682] (gim_arm_hardware) StderrLine: {'line': b' 1759 |     variant(\x1b[01;36m\x1b[Kconst variant& operand\x1b[m\x1b[K)\n'}
[5.859713] (gim_arm_hardware) StderrLine: {'line': b'      |             \x1b[01;36m\x1b[K~~~~~~~~~~~~~~~^~~~~~~\x1b[m\x1b[K\n'}
[5.859736] (gim_arm_hardware) StderrLine: {'line': b'\x1b[01m\x1b[K/usr/include/boost/variant/variant.hpp:1375:5:\x1b[m\x1b[K \x1b[01;36m\x1b[Knote: \x1b[m\x1b[Kcandidate: \xe2\x80\x98\x1b[01m\x1b[Kboost::variant<T0, TN>::variant() [with T0_ = pinocchio::JointModelRevoluteTpl<double, 0, 0>; TN = {pinocchio::JointModelRevoluteTpl<double, 0, 1>, pinocchio::JointModelRevoluteTpl<double, 0, 2>, pinocchio::JointModelFreeFlyerTpl<double, 0>, pinocchio::JointModelPlanarTpl<double, 0>, pinocchio::JointModelRevoluteUnalignedTpl<double, 0>, pinocchio::JointModelSphericalTpl<double, 0>, pinocchio::JointModelSphericalZYXTpl<double, 0>, pinocchio::JointModelEllipsoidTpl<double, 0>, pinocchio::JointModelPrismaticTpl<double, 0, 0>, pinocchio::JointModelPrismaticTpl<double, 0, 1>, pinocchio::JointModelPrismaticTpl<double, 0, 2>, pinocchio::JointModelPrismaticUnalignedTpl<double, 0>, pinocchio::JointModelTranslationTpl<double, 0>, pinocchio::JointModelRevoluteUnboundedTpl<double, 0, 0>, pinocchio::JointModelRevoluteUnboundedTpl<double, 0, 1>, pinocchio::JointModelRevoluteUnboundedTpl<double, 0, 2>, pinocchio::JointModelRevoluteUnboundedUnalignedTpl<double, 0>, pinocchio::JointModelHelicalTpl<double, 0, 0>, pinocchio::JointModelHelicalTpl<double, 0, 1>, pinocchio::JointModelHelicalTpl<double, 0, 2>, pinocchio::JointModelHelicalUnalignedTpl<double, 0>, pinocchio::JointModelUniversalTpl<double, 0>, boost::recursive_wrapper<pinocchio::JointModelCompositeTpl<double, 0, pinocchio::JointCollectionDefaultTpl> >, boost::recursive_wrapper<pinocchio::JointModelMimicTpl<double, 0, pinocchio::JointCollectionDefaultTpl> >}]\x1b[m\x1b[K\xe2\x80\x99\n'}
[5.859772] (gim_arm_hardware) StderrLine: {'line': b' 1375 |     \x1b[01;36m\x1b[Kvariant\x1b[m\x1b[K()\n'}
[5.859796] (gim_arm_hardware) StderrLine: {'line': b'      |     \x1b[01;36m\x1b[K^~~~~~~\x1b[m\x1b[K\n'}
[5.859819] (gim_arm_hardware) StderrLine: {'line': b'\x1b[01m\x1b[K/usr/include/boost/variant/variant.hpp:1375:5:\x1b[m\x1b[K \x1b[01;36m\x1b[Knote: \x1b[m\x1b[K  candidate expects 0 arguments, 1 provided\n'}
[5.859843] (gim_arm_hardware) StderrLine: {'line': b'In file included from \x1b[01m\x1b[K/opt/ros/humble/include/pinocchio/multibody/joint.hpp:84\x1b[m\x1b[K,\n'}
[5.859868] (gim_arm_hardware) StderrLine: {'line': b'                 from \x1b[01m\x1b[K/opt/ros/humble/include/pinocchio/multibody.hpp:43\x1b[m\x1b[K,\n'}
[5.859892] (gim_arm_hardware) StderrLine: {'line': b'                 from \x1b[01m\x1b[K/opt/ros/humble/include/pinocchio/parsers/urdf.hpp:27\x1b[m\x1b[K,\n'}
[5.859916] (gim_arm_hardware) StderrLine: {'line': b'                 from \x1b[01m\x1b[K/home/minh/gim60108_ws/src/gim_arm_hardware/include/gim_arm_hardware/gim_arm_system.hpp:25\x1b[m\x1b[K,\n'}
[5.859939] (gim_arm_hardware) StderrLine: {'line': b'                 from \x1b[01m\x1b[K/home/minh/gim60108_ws/src/gim_arm_hardware/src/gim_arm_system.cpp:1\x1b[m\x1b[K:\n'}
[5.859963] (gim_arm_hardware) StderrLine: {'line': b'/opt/ros/humble/include/pinocchio/src/multibody/joint/joint-generic.hxx: In instantiation of \xe2\x80\x98\x1b[01m\x1b[Kpinocchio::JointModelTpl<Scalar, Options, JointCollectionTpl>::JointModelTpl(const pinocchio::JointModelBase<OtherDerived>&) [with JointModelDerived = pinocchio::JointModelPrismaticTpl<double, 0, 2>; _Scalar = double; int _Options = 0; JointCollectionTpl = pinocchio::JointCollectionDefaultTpl]\x1b[m\x1b[K\xe2\x80\x99:\n'}
[5.859988] (gim_arm_hardware) StderrLine: {'line': b'\x1b[01m\x1b[K/opt/ros/humble/include/pinocchio/src/parsers/urdf/model.hxx:509:34:\x1b[m\x1b[K   required from \xe2\x80\x98\x1b[01m\x1b[Kpinocchio::JointIndex pinocchio::urdf::details::UrdfVisitor::addJoint(const Vector3&, const Frame&, const SE3&, const string&, const VectorConstRef&, const VectorConstRef&, const VectorConstRef&, const VectorConstRef&, const VectorConstRef&, const VectorConstRef&, const VectorConstRef&, const VectorConstRef&, const VectorConstRef&, const VectorConstRef&) [with TypeX = pinocchio::JointModelPrismaticTpl<double, 0, 0>; TypeY = pinocchio::JointModelPrismaticTpl<double, 0, 1>; TypeZ = pinocchio::JointModelPrismaticTpl<double, 0, 2>; TypeUnaligned = pinocchio::JointModelPrismaticUnalignedTpl<double>; pinocchio::JointIndex = long unsigned int; pinocchio::urdf::details::UrdfVisitor::Vector3 = Eigen::Matrix<double, 3, 1>; pinocchio::urdf::details::UrdfVisitor::Frame = pinocchio::FrameTpl<double, 0>; pinocchio::urdf::details::UrdfVisitor::SE3 = pinocchio::SE3Tpl<double, 0>; std::string = std::__cxx11::basic_string<char>; pinocchio::urdf::details::UrdfVisitor::VectorConstRef = Eigen::Ref<const Eigen::Matrix<double, -1, 1> >]\x1b[m\x1b[K\xe2\x80\x99\n'}
[5.860018] (gim_arm_hardware) StderrLine: {'line': b'\x1b[01m\x1b[K/opt/ros/humble/include/pinocchio/src/parsers/urdf/model.hxx:263:70:\x1b[m\x1b[K   required from here\n'}
[5.860043] (gim_arm_hardware) StderrLine: {'line': b'\x1b[01m\x1b[K/opt/ros/humble/include/pinocchio/src/multibody/joint/joint-generic.hxx:306:25:\x1b[m\x1b[K \x1b[01;31m\x1b[Kerror: \x1b[m\x1b[Kno matching function for call to \xe2\x80\x98\x1b[01m\x1b[Kboost::variant<pinocchio::JointModelRevoluteTpl<double, 0, 0>, pinocchio::JointModelRevoluteTpl<double, 0, 1>, pinocchio::JointModelRevoluteTpl<double, 0, 2>, pinocchio::JointModelFreeFlyerTpl<double, 0>, pinocchio::JointModelPlanarTpl<double, 0>, pinocchio::JointModelRevoluteUnalignedTpl<double, 0>, pinocchio::JointModelSphericalTpl<double, 0>, pinocchio::JointModelSphericalZYXTpl<double, 0>, pinocchio::JointModelEllipsoidTpl<double, 0>, pinocchio::JointModelPrismaticTpl<double, 0, 0>, pinocchio::JointModelPrismaticTpl<double, 0, 1>, pinocchio::JointModelPrismaticTpl<double, 0, 2>, pinocchio::JointModelPrismaticUnalignedTpl<double, 0>, pinocchio::JointModelTranslationTpl<double, 0>, pinocchio::JointModelRevoluteUnboundedTpl<double, 0, 0>, pinocchio::JointModelRevoluteUnboundedTpl<double, 0, 1>, pinocchio::JointModelRevoluteUnboundedTpl<double, 0, 2>, pinocchio::JointModelRevoluteUnboundedUnalignedTpl<double, 0>, pinocchio::JointModelHelicalTpl<double, 0, 0>, pinocchio::JointModelHelicalTpl<double, 0, 1>, pinocchio::JointModelHelicalTpl<double, 0, 2>, pinocchio::JointModelHelicalUnalignedTpl<double, 0>, pinocchio::JointModelUniversalTpl<double, 0>, boost::recursive_wrapper<pinocchio::JointModelCompositeTpl<double, 0, pinocchio::JointCollectionDefaultTpl> >, boost::recursive_wrapper<pinocchio::JointModelMimicTpl<double, 0, pinocchio::JointCollectionDefaultTpl> > >::variant(const JointModelDerived&)\x1b[m\x1b[K\xe2\x80\x99\n'}
[5.860082] (gim_arm_hardware) StderrLine: {'line': b'  306 |     : JointModelVariant(\x1b[01;31m\x1b[K(JointModelVariant)jmodel.derived()\x1b[m\x1b[K)\n'}
[5.860106] (gim_arm_hardware) StderrLine: {'line': b'      |                         \x1b[01;31m\x1b[K^~~~~~~~~~~~~~~~~~~~~~~~~~~~~~~~~~~\x1b[m\x1b[K\n'}
[5.860138] (gim_arm_hardware) StderrLine: {'line': b'In file included from \x1b[01m\x1b[K/usr/include/boost/variant.hpp:17\x1b[m\x1b[K,\n'}
[5.860163] (gim_arm_hardware) StderrLine: {'line': b'                 from \x1b[01m\x1b[K/opt/ros/humble/include/pinocchio/multibody.hpp:21\x1b[m\x1b[K,\n'}
[5.860188] (gim_arm_hardware) StderrLine: {'line': b'                 from \x1b[01m\x1b[K/opt/ros/humble/include/pinocchio/parsers/urdf.hpp:27\x1b[m\x1b[K,\n'}
[5.860211] (gim_arm_hardware) StderrLine: {'line': b'                 from \x1b[01m\x1b[K/home/minh/gim60108_ws/src/gim_arm_hardware/include/gim_arm_hardware/gim_arm_system.hpp:25\x1b[m\x1b[K,\n'}
[5.860235] (gim_arm_hardware) StderrLine: {'line': b'                 from \x1b[01m\x1b[K/home/minh/gim60108_ws/src/gim_arm_hardware/src/gim_arm_system.cpp:1\x1b[m\x1b[K:\n'}
[5.860259] (gim_arm_hardware) StderrLine: {'line': b'\x1b[01m\x1b[K/usr/include/boost/variant/variant.hpp:1770:5:\x1b[m\x1b[K \x1b[01;36m\x1b[Knote: \x1b[m\x1b[Kcandidate: \xe2\x80\x98\x1b[01m\x1b[Kboost::variant<T0, TN>::variant(boost::variant<T0, TN>&&) [with T0_ = pinocchio::JointModelRevoluteTpl<double, 0, 0>; TN = {pinocchio::JointModelRevoluteTpl<double, 0, 1>, pinocchio::JointModelRevoluteTpl<double, 0, 2>, pinocchio::JointModelFreeFlyerTpl<double, 0>, pinocchio::JointModelPlanarTpl<double, 0>, pinocchio::JointModelRevoluteUnalignedTpl<double, 0>, pinocchio::JointModelSphericalTpl<double, 0>, pinocchio::JointModelSphericalZYXTpl<double, 0>, pinocchio::JointModelEllipsoidTpl<double, 0>, pinocchio::JointModelPrismaticTpl<double, 0, 0>, pinocchio::JointModelPrismaticTpl<double, 0, 1>, pinocchio::JointModelPrismaticTpl<double, 0, 2>, pinocchio::JointModelPrismaticUnalignedTpl<double, 0>, pinocchio::JointModelTranslationTpl<double, 0>, pinocchio::JointModelRevoluteUnboundedTpl<double, 0, 0>, pinocchio::JointModelRevoluteUnboundedTpl<double, 0, 1>, pinocchio::JointModelRevoluteUnboundedTpl<double, 0, 2>, pinocchio::JointModelRevoluteUnboundedUnalignedTpl<double, 0>, pinocchio::JointModelHelicalTpl<double, 0, 0>, pinocchio::JointModelHelicalTpl<double, 0, 1>, pinocchio::JointModelHelicalTpl<double, 0, 2>, pinocchio::JointModelHelicalUnalignedTpl<double, 0>, pinocchio::JointModelUniversalTpl<double, 0>, boost::recursive_wrapper<pinocchio::JointModelCompositeTpl<double, 0, pinocchio::JointCollectionDefaultTpl> >, boost::recursive_wrapper<pinocchio::JointModelMimicTpl<double, 0, pinocchio::JointCollectionDefaultTpl> >}]\x1b[m\x1b[K\xe2\x80\x99\n'}
[5.860290] (gim_arm_hardware) StderrLine: {'line': b' 1770 |     \x1b[01;36m\x1b[Kvariant\x1b[m\x1b[K(variant&& operand) BOOST_NOEXCEPT_IF(variant_move_noexcept_constructible::type::value)\n'}
[5.860314] (gim_arm_hardware) StderrLine: {'line': b'      |     \x1b[01;36m\x1b[K^~~~~~~\x1b[m\x1b[K\n'}
[5.860337] (gim_arm_hardware) StderrLine: {'line': b'\x1b[01m\x1b[K/usr/include/boost/variant/variant.hpp:1770:23:\x1b[m\x1b[K \x1b[01;36m\x1b[Knote: \x1b[m\x1b[K  no known conversion for argument 1 from \xe2\x80\x98\x1b[01m\x1b[Kconst JointModelDerived\x1b[m\x1b[K\xe2\x80\x99 {aka \xe2\x80\x98\x1b[01m\x1b[Kconst pinocchio::JointModelPrismaticTpl<double, 0, 2>\x1b[m\x1b[K\xe2\x80\x99} to \xe2\x80\x98\x1b[01m\x1b[Kboost::variant<pinocchio::JointModelRevoluteTpl<double, 0, 0>, pinocchio::JointModelRevoluteTpl<double, 0, 1>, pinocchio::JointModelRevoluteTpl<double, 0, 2>, pinocchio::JointModelFreeFlyerTpl<double, 0>, pinocchio::JointModelPlanarTpl<double, 0>, pinocchio::JointModelRevoluteUnalignedTpl<double, 0>, pinocchio::JointModelSphericalTpl<double, 0>, pinocchio::JointModelSphericalZYXTpl<double, 0>, pinocchio::JointModelEllipsoidTpl<double, 0>, pinocchio::JointModelPrismaticTpl<double, 0, 0>, pinocchio::JointModelPrismaticTpl<double, 0, 1>, pinocchio::JointModelPrismaticTpl<double, 0, 2>, pinocchio::JointModelPrismaticUnalignedTpl<double, 0>, pinocchio::JointModelTranslationTpl<double, 0>, pinocchio::JointModelRevoluteUnboundedTpl<double, 0, 0>, pinocchio::JointModelRevoluteUnboundedTpl<double, 0, 1>, pinocchio::JointModelRevoluteUnboundedTpl<double, 0, 2>, pinocchio::JointModelRevoluteUnboundedUnalignedTpl<double, 0>, pinocchio::JointModelHelicalTpl<double, 0, 0>, pinocchio::JointModelHelicalTpl<double, 0, 1>, pinocchio::JointModelHelicalTpl<double, 0, 2>, pinocchio::JointModelHelicalUnalignedTpl<double, 0>, pinocchio::JointModelUniversalTpl<double, 0>, boost::recursive_wrapper<pinocchio::JointModelCompositeTpl<double, 0, pinocchio::JointCollectionDefaultTpl> >, boost::recursive_wrapper<pinocchio::JointModelMimicTpl<double, 0, pinocchio::JointCollectionDefaultTpl> > >&&\x1b[m\x1b[K\xe2\x80\x99\n'}
[5.860377] (gim_arm_hardware) StderrLine: {'line': b' 1770 |     variant(\x1b[01;36m\x1b[Kvariant&& operand\x1b[m\x1b[K) BOOST_NOEXCEPT_IF(variant_move_noexcept_constructible::type::value)\n'}
[5.860401] (gim_arm_hardware) StderrLine: {'line': b'      |             \x1b[01;36m\x1b[K~~~~~~~~~~^~~~~~~\x1b[m\x1b[K\n'}
[5.860425] (gim_arm_hardware) StderrLine: {'line': b'\x1b[01m\x1b[K/usr/include/boost/variant/variant.hpp:1759:5:\x1b[m\x1b[K \x1b[01;36m\x1b[Knote: \x1b[m\x1b[Kcandidate: \xe2\x80\x98\x1b[01m\x1b[Kboost::variant<T0, TN>::variant(const boost::variant<T0, TN>&) [with T0_ = pinocchio::JointModelRevoluteTpl<double, 0, 0>; TN = {pinocchio::JointModelRevoluteTpl<double, 0, 1>, pinocchio::JointModelRevoluteTpl<double, 0, 2>, pinocchio::JointModelFreeFlyerTpl<double, 0>, pinocchio::JointModelPlanarTpl<double, 0>, pinocchio::JointModelRevoluteUnalignedTpl<double, 0>, pinocchio::JointModelSphericalTpl<double, 0>, pinocchio::JointModelSphericalZYXTpl<double, 0>, pinocchio::JointModelEllipsoidTpl<double, 0>, pinocchio::JointModelPrismaticTpl<double, 0, 0>, pinocchio::JointModelPrismaticTpl<double, 0, 1>, pinocchio::JointModelPrismaticTpl<double, 0, 2>, pinocchio::JointModelPrismaticUnalignedTpl<double, 0>, pinocchio::JointModelTranslationTpl<double, 0>, pinocchio::JointModelRevoluteUnboundedTpl<double, 0, 0>, pinocchio::JointModelRevoluteUnboundedTpl<double, 0, 1>, pinocchio::JointModelRevoluteUnboundedTpl<double, 0, 2>, pinocchio::JointModelRevoluteUnboundedUnalignedTpl<double, 0>, pinocchio::JointModelHelicalTpl<double, 0, 0>, pinocchio::JointModelHelicalTpl<double, 0, 1>, pinocchio::JointModelHelicalTpl<double, 0, 2>, pinocchio::JointModelHelicalUnalignedTpl<double, 0>, pinocchio::JointModelUniversalTpl<double, 0>, boost::recursive_wrapper<pinocchio::JointModelCompositeTpl<double, 0, pinocchio::JointCollectionDefaultTpl> >, boost::recursive_wrapper<pinocchio::JointModelMimicTpl<double, 0, pinocchio::JointCollectionDefaultTpl> >}]\x1b[m\x1b[K\xe2\x80\x99\n'}
[5.860457] (gim_arm_hardware) StderrLine: {'line': b' 1759 |     \x1b[01;36m\x1b[Kvariant\x1b[m\x1b[K(const variant& operand)\n'}
[5.860481] (gim_arm_hardware) StderrLine: {'line': b'      |     \x1b[01;36m\x1b[K^~~~~~~\x1b[m\x1b[K\n'}
[5.860504] (gim_arm_hardware) StderrLine: {'line': b'\x1b[01m\x1b[K/usr/include/boost/variant/variant.hpp:1759:28:\x1b[m\x1b[K \x1b[01;36m\x1b[Knote: \x1b[m\x1b[K  no known conversion for argument 1 from \xe2\x80\x98\x1b[01m\x1b[Kconst JointModelDerived\x1b[m\x1b[K\xe2\x80\x99 {aka \xe2\x80\x98\x1b[01m\x1b[Kconst pinocchio::JointModelPrismaticTpl<double, 0, 2>\x1b[m\x1b[K\xe2\x80\x99} to \xe2\x80\x98\x1b[01m\x1b[Kconst boost::variant<pinocchio::JointModelRevoluteTpl<double, 0, 0>, pinocchio::JointModelRevoluteTpl<double, 0, 1>, pinocchio::JointModelRevoluteTpl<double, 0, 2>, pinocchio::JointModelFreeFlyerTpl<double, 0>, pinocchio::JointModelPlanarTpl<double, 0>, pinocchio::JointModelRevoluteUnalignedTpl<double, 0>, pinocchio::JointModelSphericalTpl<double, 0>, pinocchio::JointModelSphericalZYXTpl<double, 0>, pinocchio::JointModelEllipsoidTpl<double, 0>, pinocchio::JointModelPrismaticTpl<double, 0, 0>, pinocchio::JointModelPrismaticTpl<double, 0, 1>, pinocchio::JointModelPrismaticTpl<double, 0, 2>, pinocchio::JointModelPrismaticUnalignedTpl<double, 0>, pinocchio::JointModelTranslationTpl<double, 0>, pinocchio::JointModelRevoluteUnboundedTpl<double, 0, 0>, pinocchio::JointModelRevoluteUnboundedTpl<double, 0, 1>, pinocchio::JointModelRevoluteUnboundedTpl<double, 0, 2>, pinocchio::JointModelRevoluteUnboundedUnalignedTpl<double, 0>, pinocchio::JointModelHelicalTpl<double, 0, 0>, pinocchio::JointModelHelicalTpl<double, 0, 1>, pinocchio::JointModelHelicalTpl<double, 0, 2>, pinocchio::JointModelHelicalUnalignedTpl<double, 0>, pinocchio::JointModelUniversalTpl<double, 0>, boost::recursive_wrapper<pinocchio::JointModelCompositeTpl<double, 0, pinocchio::JointCollectionDefaultTpl> >, boost::recursive_wrapper<pinocchio::JointModelMimicTpl<double, 0, pinocchio::JointCollectionDefaultTpl> > >&\x1b[m\x1b[K\xe2\x80\x99\n'}
[5.860539] (gim_arm_hardware) StderrLine: {'line': b' 1759 |     variant(\x1b[01;36m\x1b[Kconst variant& operand\x1b[m\x1b[K)\n'}
[5.860564] (gim_arm_hardware) StderrLine: {'line': b'      |             \x1b[01;36m\x1b[K~~~~~~~~~~~~~~~^~~~~~~\x1b[m\x1b[K\n'}
[5.860588] (gim_arm_hardware) StderrLine: {'line': b'\x1b[01m\x1b[K/usr/include/boost/variant/variant.hpp:1375:5:\x1b[m\x1b[K \x1b[01;36m\x1b[Knote: \x1b[m\x1b[Kcandidate: \xe2\x80\x98\x1b[01m\x1b[Kboost::variant<T0, TN>::variant() [with T0_ = pinocchio::JointModelRevoluteTpl<double, 0, 0>; TN = {pinocchio::JointModelRevoluteTpl<double, 0, 1>, pinocchio::JointModelRevoluteTpl<double, 0, 2>, pinocchio::JointModelFreeFlyerTpl<double, 0>, pinocchio::JointModelPlanarTpl<double, 0>, pinocchio::JointModelRevoluteUnalignedTpl<double, 0>, pinocchio::JointModelSphericalTpl<double, 0>, pinocchio::JointModelSphericalZYXTpl<double, 0>, pinocchio::JointModelEllipsoidTpl<double, 0>, pinocchio::JointModelPrismaticTpl<double, 0, 0>, pinocchio::JointModelPrismaticTpl<double, 0, 1>, pinocchio::JointModelPrismaticTpl<double, 0, 2>, pinocchio::JointModelPrismaticUnalignedTpl<double, 0>, pinocchio::JointModelTranslationTpl<double, 0>, pinocchio::JointModelRevoluteUnboundedTpl<double, 0, 0>, pinocchio::JointModelRevoluteUnboundedTpl<double, 0, 1>, pinocchio::JointModelRevoluteUnboundedTpl<double, 0, 2>, pinocchio::JointModelRevoluteUnboundedUnalignedTpl<double, 0>, pinocchio::JointModelHelicalTpl<double, 0, 0>, pinocchio::JointModelHelicalTpl<double, 0, 1>, pinocchio::JointModelHelicalTpl<double, 0, 2>, pinocchio::JointModelHelicalUnalignedTpl<double, 0>, pinocchio::JointModelUniversalTpl<double, 0>, boost::recursive_wrapper<pinocchio::JointModelCompositeTpl<double, 0, pinocchio::JointCollectionDefaultTpl> >, boost::recursive_wrapper<pinocchio::JointModelMimicTpl<double, 0, pinocchio::JointCollectionDefaultTpl> >}]\x1b[m\x1b[K\xe2\x80\x99\n'}
[5.860622] (gim_arm_hardware) StderrLine: {'line': b' 1375 |     \x1b[01;36m\x1b[Kvariant\x1b[m\x1b[K()\n'}
[5.860646] (gim_arm_hardware) StderrLine: {'line': b'      |     \x1b[01;36m\x1b[K^~~~~~~\x1b[m\x1b[K\n'}
[5.860669] (gim_arm_hardware) StderrLine: {'line': b'\x1b[01m\x1b[K/usr/include/boost/variant/variant.hpp:1375:5:\x1b[m\x1b[K \x1b[01;36m\x1b[Knote: \x1b[m\x1b[K  candidate expects 0 arguments, 1 provided\n'}
[5.860693] (gim_arm_hardware) StderrLine: {'line': b'In file included from \x1b[01m\x1b[K/opt/ros/humble/include/pinocchio/multibody/joint.hpp:84\x1b[m\x1b[K,\n'}
[5.860717] (gim_arm_hardware) StderrLine: {'line': b'                 from \x1b[01m\x1b[K/opt/ros/humble/include/pinocchio/multibody.hpp:43\x1b[m\x1b[K,\n'}
[5.860741] (gim_arm_hardware) StderrLine: {'line': b'                 from \x1b[01m\x1b[K/opt/ros/humble/include/pinocchio/parsers/urdf.hpp:27\x1b[m\x1b[K,\n'}
[5.860765] (gim_arm_hardware) StderrLine: {'line': b'                 from \x1b[01m\x1b[K/home/minh/gim60108_ws/src/gim_arm_hardware/include/gim_arm_hardware/gim_arm_system.hpp:25\x1b[m\x1b[K,\n'}
[5.860789] (gim_arm_hardware) StderrLine: {'line': b'                 from \x1b[01m\x1b[K/home/minh/gim60108_ws/src/gim_arm_hardware/src/gim_arm_system.cpp:1\x1b[m\x1b[K:\n'}
[5.860813] (gim_arm_hardware) StderrLine: {'line': b'/opt/ros/humble/include/pinocchio/src/multibody/joint/joint-generic.hxx: In instantiation of \xe2\x80\x98\x1b[01m\x1b[Kpinocchio::JointModelTpl<Scalar, Options, JointCollectionTpl>::JointModelTpl(const pinocchio::JointModelBase<OtherDerived>&) [with JointModelDerived = pinocchio::JointModelPrismaticUnalignedTpl<double>; _Scalar = double; int _Options = 0; JointCollectionTpl = pinocchio::JointCollectionDefaultTpl]\x1b[m\x1b[K\xe2\x80\x99:\n'}
[5.860839] (gim_arm_hardware) StderrLine: {'line': b'\x1b[01m\x1b[K/opt/ros/humble/include/pinocchio/src/parsers/urdf/model.hxx:516:34:\x1b[m\x1b[K   required from \xe2\x80\x98\x1b[01m\x1b[Kpinocchio::JointIndex pinocchio::urdf::details::UrdfVisitor::addJoint(const Vector3&, const Frame&, const SE3&, const string&, const VectorConstRef&, const VectorConstRef&, const VectorConstRef&, const VectorConstRef&, const VectorConstRef&, const VectorConstRef&, const VectorConstRef&, const VectorConstRef&, const VectorConstRef&, const VectorConstRef&) [with TypeX = pinocchio::JointModelPrismaticTpl<double, 0, 0>; TypeY = pinocchio::JointModelPrismaticTpl<double, 0, 1>; TypeZ = pinocchio::JointModelPrismaticTpl<double, 0, 2>; TypeUnaligned = pinocchio::JointModelPrismaticUnalignedTpl<double>; pinocchio::JointIndex = long unsigned int; pinocchio::urdf::details::UrdfVisitor::Vector3 = Eigen::Matrix<double, 3, 1>; pinocchio::urdf::details::UrdfVisitor::Frame = pinocchio::FrameTpl<double, 0>; pinocchio::urdf::details::UrdfVisitor::SE3 = pinocchio::SE3Tpl<double, 0>; std::string = std::__cxx11::basic_string<char>; pinocchio::urdf::details::UrdfVisitor::VectorConstRef = Eigen::Ref<const Eigen::Matrix<double, -1, 1> >]\x1b[m\x1b[K\xe2\x80\x99\n'}
[5.860876] (gim_arm_hardware) StderrLine: {'line': b'\x1b[01m\x1b[K/opt/ros/humble/include/pinocchio/src/parsers/urdf/model.hxx:263:70:\x1b[m\x1b[K   required from here\n'}
[5.860900] (gim_arm_hardware) StderrLine: {'line': b'\x1b[01m\x1b[K/opt/ros/humble/include/pinocchio/src/multibody/joint/joint-generic.hxx:306:25:\x1b[m\x1b[K \x1b[01;31m\x1b[Kerror: \x1b[m\x1b[Kno matching function for call to \xe2\x80\x98\x1b[01m\x1b[Kboost::variant<pinocchio::JointModelRevoluteTpl<double, 0, 0>, pinocchio::JointModelRevoluteTpl<double, 0, 1>, pinocchio::JointModelRevoluteTpl<double, 0, 2>, pinocchio::JointModelFreeFlyerTpl<double, 0>, pinocchio::JointModelPlanarTpl<double, 0>, pinocchio::JointModelRevoluteUnalignedTpl<double, 0>, pinocchio::JointModelSphericalTpl<double, 0>, pinocchio::JointModelSphericalZYXTpl<double, 0>, pinocchio::JointModelEllipsoidTpl<double, 0>, pinocchio::JointModelPrismaticTpl<double, 0, 0>, pinocchio::JointModelPrismaticTpl<double, 0, 1>, pinocchio::JointModelPrismaticTpl<double, 0, 2>, pinocchio::JointModelPrismaticUnalignedTpl<double, 0>, pinocchio::JointModelTranslationTpl<double, 0>, pinocchio::JointModelRevoluteUnboundedTpl<double, 0, 0>, pinocchio::JointModelRevoluteUnboundedTpl<double, 0, 1>, pinocchio::JointModelRevoluteUnboundedTpl<double, 0, 2>, pinocchio::JointModelRevoluteUnboundedUnalignedTpl<double, 0>, pinocchio::JointModelHelicalTpl<double, 0, 0>, pinocchio::JointModelHelicalTpl<double, 0, 1>, pinocchio::JointModelHelicalTpl<double, 0, 2>, pinocchio::JointModelHelicalUnalignedTpl<double, 0>, pinocchio::JointModelUniversalTpl<double, 0>, boost::recursive_wrapper<pinocchio::JointModelCompositeTpl<double, 0, pinocchio::JointCollectionDefaultTpl> >, boost::recursive_wrapper<pinocchio::JointModelMimicTpl<double, 0, pinocchio::JointCollectionDefaultTpl> > >::variant(const JointModelDerived&)\x1b[m\x1b[K\xe2\x80\x99\n'}
[5.860930] (gim_arm_hardware) StderrLine: {'line': b'  306 |     : JointModelVariant(\x1b[01;31m\x1b[K(JointModelVariant)jmodel.derived()\x1b[m\x1b[K)\n'}
[5.860954] (gim_arm_hardware) StderrLine: {'line': b'      |                         \x1b[01;31m\x1b[K^~~~~~~~~~~~~~~~~~~~~~~~~~~~~~~~~~~\x1b[m\x1b[K\n'}
[5.860978] (gim_arm_hardware) StderrLine: {'line': b'In file included from \x1b[01m\x1b[K/usr/include/boost/variant.hpp:17\x1b[m\x1b[K,\n'}
[5.861002] (gim_arm_hardware) StderrLine: {'line': b'                 from \x1b[01m\x1b[K/opt/ros/humble/include/pinocchio/multibody.hpp:21\x1b[m\x1b[K,\n'}
[5.861025] (gim_arm_hardware) StderrLine: {'line': b'                 from \x1b[01m\x1b[K/opt/ros/humble/include/pinocchio/parsers/urdf.hpp:27\x1b[m\x1b[K,\n'}
[5.861049] (gim_arm_hardware) StderrLine: {'line': b'                 from \x1b[01m\x1b[K/home/minh/gim60108_ws/src/gim_arm_hardware/include/gim_arm_hardware/gim_arm_system.hpp:25\x1b[m\x1b[K,\n'}
[5.861073] (gim_arm_hardware) StderrLine: {'line': b'                 from \x1b[01m\x1b[K/home/minh/gim60108_ws/src/gim_arm_hardware/src/gim_arm_system.cpp:1\x1b[m\x1b[K:\n'}
[5.861097] (gim_arm_hardware) StderrLine: {'line': b'\x1b[01m\x1b[K/usr/include/boost/variant/variant.hpp:1770:5:\x1b[m\x1b[K \x1b[01;36m\x1b[Knote: \x1b[m\x1b[Kcandidate: \xe2\x80\x98\x1b[01m\x1b[Kboost::variant<T0, TN>::variant(boost::variant<T0, TN>&&) [with T0_ = pinocchio::JointModelRevoluteTpl<double, 0, 0>; TN = {pinocchio::JointModelRevoluteTpl<double, 0, 1>, pinocchio::JointModelRevoluteTpl<double, 0, 2>, pinocchio::JointModelFreeFlyerTpl<double, 0>, pinocchio::JointModelPlanarTpl<double, 0>, pinocchio::JointModelRevoluteUnalignedTpl<double, 0>, pinocchio::JointModelSphericalTpl<double, 0>, pinocchio::JointModelSphericalZYXTpl<double, 0>, pinocchio::JointModelEllipsoidTpl<double, 0>, pinocchio::JointModelPrismaticTpl<double, 0, 0>, pinocchio::JointModelPrismaticTpl<double, 0, 1>, pinocchio::JointModelPrismaticTpl<double, 0, 2>, pinocchio::JointModelPrismaticUnalignedTpl<double, 0>, pinocchio::JointModelTranslationTpl<double, 0>, pinocchio::JointModelRevoluteUnboundedTpl<double, 0, 0>, pinocchio::JointModelRevoluteUnboundedTpl<double, 0, 1>, pinocchio::JointModelRevoluteUnboundedTpl<double, 0, 2>, pinocchio::JointModelRevoluteUnboundedUnalignedTpl<double, 0>, pinocchio::JointModelHelicalTpl<double, 0, 0>, pinocchio::JointModelHelicalTpl<double, 0, 1>, pinocchio::JointModelHelicalTpl<double, 0, 2>, pinocchio::JointModelHelicalUnalignedTpl<double, 0>, pinocchio::JointModelUniversalTpl<double, 0>, boost::recursive_wrapper<pinocchio::JointModelCompositeTpl<double, 0, pinocchio::JointCollectionDefaultTpl> >, boost::recursive_wrapper<pinocchio::JointModelMimicTpl<double, 0, pinocchio::JointCollectionDefaultTpl> >}]\x1b[m\x1b[K\xe2\x80\x99\n'}
[5.861141] (gim_arm_hardware) StderrLine: {'line': b' 1770 |     \x1b[01;36m\x1b[Kvariant\x1b[m\x1b[K(variant&& operand) BOOST_NOEXCEPT_IF(variant_move_noexcept_constructible::type::value)\n'}
[5.861166] (gim_arm_hardware) StderrLine: {'line': b'      |     \x1b[01;36m\x1b[K^~~~~~~\x1b[m\x1b[K\n'}
[5.861191] (gim_arm_hardware) StderrLine: {'line': b'\x1b[01m\x1b[K/usr/include/boost/variant/variant.hpp:1770:23:\x1b[m\x1b[K \x1b[01;36m\x1b[Knote: \x1b[m\x1b[K  no known conversion for argument 1 from \xe2\x80\x98\x1b[01m\x1b[Kconst JointModelDerived\x1b[m\x1b[K\xe2\x80\x99 {aka \xe2\x80\x98\x1b[01m\x1b[Kconst pinocchio::JointModelPrismaticUnalignedTpl<double>\x1b[m\x1b[K\xe2\x80\x99} to \xe2\x80\x98\x1b[01m\x1b[Kboost::variant<pinocchio::JointModelRevoluteTpl<double, 0, 0>, pinocchio::JointModelRevoluteTpl<double, 0, 1>, pinocchio::JointModelRevoluteTpl<double, 0, 2>, pinocchio::JointModelFreeFlyerTpl<double, 0>, pinocchio::JointModelPlanarTpl<double, 0>, pinocchio::JointModelRevoluteUnalignedTpl<double, 0>, pinocchio::JointModelSphericalTpl<double, 0>, pinocchio::JointModelSphericalZYXTpl<double, 0>, pinocchio::JointModelEllipsoidTpl<double, 0>, pinocchio::JointModelPrismaticTpl<double, 0, 0>, pinocchio::JointModelPrismaticTpl<double, 0, 1>, pinocchio::JointModelPrismaticTpl<double, 0, 2>, pinocchio::JointModelPrismaticUnalignedTpl<double, 0>, pinocchio::JointModelTranslationTpl<double, 0>, pinocchio::JointModelRevoluteUnboundedTpl<double, 0, 0>, pinocchio::JointModelRevoluteUnboundedTpl<double, 0, 1>, pinocchio::JointModelRevoluteUnboundedTpl<double, 0, 2>, pinocchio::JointModelRevoluteUnboundedUnalignedTpl<double, 0>, pinocchio::JointModelHelicalTpl<double, 0, 0>, pinocchio::JointModelHelicalTpl<double, 0, 1>, pinocchio::JointModelHelicalTpl<double, 0, 2>, pinocchio::JointModelHelicalUnalignedTpl<double, 0>, pinocchio::JointModelUniversalTpl<double, 0>, boost::recursive_wrapper<pinocchio::JointModelCompositeTpl<double, 0, pinocchio::JointCollectionDefaultTpl> >, boost::recursive_wrapper<pinocchio::JointModelMimicTpl<double, 0, pinocchio::JointCollectionDefaultTpl> > >&&\x1b[m\x1b[K\xe2\x80\x99\n'}
[5.861222] (gim_arm_hardware) StderrLine: {'line': b' 1770 |     variant(\x1b[01;36m\x1b[Kvariant&& operand\x1b[m\x1b[K) BOOST_NOEXCEPT_IF(variant_move_noexcept_constructible::type::value)\n'}
[5.861246] (gim_arm_hardware) StderrLine: {'line': b'      |             \x1b[01;36m\x1b[K~~~~~~~~~~^~~~~~~\x1b[m\x1b[K\n'}
[5.861269] (gim_arm_hardware) StderrLine: {'line': b'\x1b[01m\x1b[K/usr/include/boost/variant/variant.hpp:1759:5:\x1b[m\x1b[K \x1b[01;36m\x1b[Knote: \x1b[m\x1b[Kcandidate: \xe2\x80\x98\x1b[01m\x1b[Kboost::variant<T0, TN>::variant(const boost::variant<T0, TN>&) [with T0_ = pinocchio::JointModelRevoluteTpl<double, 0, 0>; TN = {pinocchio::JointModelRevoluteTpl<double, 0, 1>, pinocchio::JointModelRevoluteTpl<double, 0, 2>, pinocchio::JointModelFreeFlyerTpl<double, 0>, pinocchio::JointModelPlanarTpl<double, 0>, pinocchio::JointModelRevoluteUnalignedTpl<double, 0>, pinocchio::JointModelSphericalTpl<double, 0>, pinocchio::JointModelSphericalZYXTpl<double, 0>, pinocchio::JointModelEllipsoidTpl<double, 0>, pinocchio::JointModelPrismaticTpl<double, 0, 0>, pinocchio::JointModelPrismaticTpl<double, 0, 1>, pinocchio::JointModelPrismaticTpl<double, 0, 2>, pinocchio::JointModelPrismaticUnalignedTpl<double, 0>, pinocchio::JointModelTranslationTpl<double, 0>, pinocchio::JointModelRevoluteUnboundedTpl<double, 0, 0>, pinocchio::JointModelRevoluteUnboundedTpl<double, 0, 1>, pinocchio::JointModelRevoluteUnboundedTpl<double, 0, 2>, pinocchio::JointModelRevoluteUnboundedUnalignedTpl<double, 0>, pinocchio::JointModelHelicalTpl<double, 0, 0>, pinocchio::JointModelHelicalTpl<double, 0, 1>, pinocchio::JointModelHelicalTpl<double, 0, 2>, pinocchio::JointModelHelicalUnalignedTpl<double, 0>, pinocchio::JointModelUniversalTpl<double, 0>, boost::recursive_wrapper<pinocchio::JointModelCompositeTpl<double, 0, pinocchio::JointCollectionDefaultTpl> >, boost::recursive_wrapper<pinocchio::JointModelMimicTpl<double, 0, pinocchio::JointCollectionDefaultTpl> >}]\x1b[m\x1b[K\xe2\x80\x99\n'}
[5.861307] (gim_arm_hardware) StderrLine: {'line': b' 1759 |     \x1b[01;36m\x1b[Kvariant\x1b[m\x1b[K(const variant& operand)\n'}
[5.861336] (gim_arm_hardware) StderrLine: {'line': b'      |     \x1b[01;36m\x1b[K^~~~~~~\x1b[m\x1b[K\n'}
[5.861359] (gim_arm_hardware) StderrLine: {'line': b'\x1b[01m\x1b[K/usr/include/boost/variant/variant.hpp:1759:28:\x1b[m\x1b[K \x1b[01;36m\x1b[Knote: \x1b[m\x1b[K  no known conversion for argument 1 from \xe2\x80\x98\x1b[01m\x1b[Kconst JointModelDerived\x1b[m\x1b[K\xe2\x80\x99 {aka \xe2\x80\x98\x1b[01m\x1b[Kconst pinocchio::JointModelPrismaticUnalignedTpl<double>\x1b[m\x1b[K\xe2\x80\x99} to \xe2\x80\x98\x1b[01m\x1b[Kconst boost::variant<pinocchio::JointModelRevoluteTpl<double, 0, 0>, pinocchio::JointModelRevoluteTpl<double, 0, 1>, pinocchio::JointModelRevoluteTpl<double, 0, 2>, pinocchio::JointModelFreeFlyerTpl<double, 0>, pinocchio::JointModelPlanarTpl<double, 0>, pinocchio::JointModelRevoluteUnalignedTpl<double, 0>, pinocchio::JointModelSphericalTpl<double, 0>, pinocchio::JointModelSphericalZYXTpl<double, 0>, pinocchio::JointModelEllipsoidTpl<double, 0>, pinocchio::JointModelPrismaticTpl<double, 0, 0>, pinocchio::JointModelPrismaticTpl<double, 0, 1>, pinocchio::JointModelPrismaticTpl<double, 0, 2>, pinocchio::JointModelPrismaticUnalignedTpl<double, 0>, pinocchio::JointModelTranslationTpl<double, 0>, pinocchio::JointModelRevoluteUnboundedTpl<double, 0, 0>, pinocchio::JointModelRevoluteUnboundedTpl<double, 0, 1>, pinocchio::JointModelRevoluteUnboundedTpl<double, 0, 2>, pinocchio::JointModelRevoluteUnboundedUnalignedTpl<double, 0>, pinocchio::JointModelHelicalTpl<double, 0, 0>, pinocchio::JointModelHelicalTpl<double, 0, 1>, pinocchio::JointModelHelicalTpl<double, 0, 2>, pinocchio::JointModelHelicalUnalignedTpl<double, 0>, pinocchio::JointModelUniversalTpl<double, 0>, boost::recursive_wrapper<pinocchio::JointModelCompositeTpl<double, 0, pinocchio::JointCollectionDefaultTpl> >, boost::recursive_wrapper<pinocchio::JointModelMimicTpl<double, 0, pinocchio::JointCollectionDefaultTpl> > >&\x1b[m\x1b[K\xe2\x80\x99\n'}
[5.861390] (gim_arm_hardware) StderrLine: {'line': b' 1759 |     variant(\x1b[01;36m\x1b[Kconst variant& operand\x1b[m\x1b[K)\n'}
[5.861414] (gim_arm_hardware) StderrLine: {'line': b'      |             \x1b[01;36m\x1b[K~~~~~~~~~~~~~~~^~~~~~~\x1b[m\x1b[K\n'}
[5.861437] (gim_arm_hardware) StderrLine: {'line': b'\x1b[01m\x1b[K/usr/include/boost/variant/variant.hpp:1375:5:\x1b[m\x1b[K \x1b[01;36m\x1b[Knote: \x1b[m\x1b[Kcandidate: \xe2\x80\x98\x1b[01m\x1b[Kboost::variant<T0, TN>::variant() [with T0_ = pinocchio::JointModelRevoluteTpl<double, 0, 0>; TN = {pinocchio::JointModelRevoluteTpl<double, 0, 1>, pinocchio::JointModelRevoluteTpl<double, 0, 2>, pinocchio::JointModelFreeFlyerTpl<double, 0>, pinocchio::JointModelPlanarTpl<double, 0>, pinocchio::JointModelRevoluteUnalignedTpl<double, 0>, pinocchio::JointModelSphericalTpl<double, 0>, pinocchio::JointModelSphericalZYXTpl<double, 0>, pinocchio::JointModelEllipsoidTpl<double, 0>, pinocchio::JointModelPrismaticTpl<double, 0, 0>, pinocchio::JointModelPrismaticTpl<double, 0, 1>, pinocchio::JointModelPrismaticTpl<double, 0, 2>, pinocchio::JointModelPrismaticUnalignedTpl<double, 0>, pinocchio::JointModelTranslationTpl<double, 0>, pinocchio::JointModelRevoluteUnboundedTpl<double, 0, 0>, pinocchio::JointModelRevoluteUnboundedTpl<double, 0, 1>, pinocchio::JointModelRevoluteUnboundedTpl<double, 0, 2>, pinocchio::JointModelRevoluteUnboundedUnalignedTpl<double, 0>, pinocchio::JointModelHelicalTpl<double, 0, 0>, pinocchio::JointModelHelicalTpl<double, 0, 1>, pinocchio::JointModelHelicalTpl<double, 0, 2>, pinocchio::JointModelHelicalUnalignedTpl<double, 0>, pinocchio::JointModelUniversalTpl<double, 0>, boost::recursive_wrapper<pinocchio::JointModelCompositeTpl<double, 0, pinocchio::JointCollectionDefaultTpl> >, boost::recursive_wrapper<pinocchio::JointModelMimicTpl<double, 0, pinocchio::JointCollectionDefaultTpl> >}]\x1b[m\x1b[K\xe2\x80\x99\n'}
[5.861468] (gim_arm_hardware) StderrLine: {'line': b' 1375 |     \x1b[01;36m\x1b[Kvariant\x1b[m\x1b[K()\n'}
[5.861492] (gim_arm_hardware) StderrLine: {'line': b'      |     \x1b[01;36m\x1b[K^~~~~~~\x1b[m\x1b[K\n'}
[5.861516] (gim_arm_hardware) StderrLine: {'line': b'\x1b[01m\x1b[K/usr/include/boost/variant/variant.hpp:1375:5:\x1b[m\x1b[K \x1b[01;36m\x1b[Knote: \x1b[m\x1b[K  candidate expects 0 arguments, 1 provided\n'}
[5.861541] (gim_arm_hardware) StderrLine: {'line': b'In file included from \x1b[01m\x1b[K/opt/ros/humble/include/pinocchio/multibody/joint.hpp:84\x1b[m\x1b[K,\n'}
[5.861565] (gim_arm_hardware) StderrLine: {'line': b'                 from \x1b[01m\x1b[K/opt/ros/humble/include/pinocchio/multibody.hpp:43\x1b[m\x1b[K,\n'}
[5.861589] (gim_arm_hardware) StderrLine: {'line': b'                 from \x1b[01m\x1b[K/opt/ros/humble/include/pinocchio/parsers/urdf.hpp:27\x1b[m\x1b[K,\n'}
[5.861613] (gim_arm_hardware) StderrLine: {'line': b'                 from \x1b[01m\x1b[K/home/minh/gim60108_ws/src/gim_arm_hardware/include/gim_arm_hardware/gim_arm_system.hpp:25\x1b[m\x1b[K,\n'}
[5.861640] (gim_arm_hardware) StderrLine: {'line': b'                 from \x1b[01m\x1b[K/home/minh/gim60108_ws/src/gim_arm_hardware/src/gim_arm_system.cpp:1\x1b[m\x1b[K:\n'}
[5.861668] (gim_arm_hardware) StderrLine: {'line': b'/opt/ros/humble/include/pinocchio/src/multibody/joint/joint-generic.hxx: In instantiation of \xe2\x80\x98\x1b[01m\x1b[Kpinocchio::JointModelTpl<Scalar, Options, JointCollectionTpl>::JointModelTpl(const pinocchio::JointModelBase<OtherDerived>&) [with JointModelDerived = pinocchio::JointModelMimicTpl<double>; _Scalar = double; int _Options = 0; JointCollectionTpl = pinocchio::JointCollectionDefaultTpl]\x1b[m\x1b[K\xe2\x80\x99:\n'}
[5.861693] (gim_arm_hardware) StderrLine: {'line': b'\x1b[01m\x1b[K/opt/ros/humble/include/pinocchio/src/parsers/urdf/model.hxx:554:34:\x1b[m\x1b[K   required from \xe2\x80\x98\x1b[01m\x1b[Kpinocchio::JointIndex pinocchio::urdf::details::UrdfVisitor::addMimicJoint(const Frame&, const SE3&, const string&, const VectorConstRef&, const VectorConstRef&, const VectorConstRef&, const VectorConstRef&, const VectorConstRef&, const VectorConstRef&, const VectorConstRef&, const VectorConstRef&, const VectorConstRef&, const VectorConstRef&, const pinocchio::urdf::details::MimicInfo&) [with TypeX = pinocchio::JointModelRevoluteTpl<double, 0, 0>; TypeY = pinocchio::JointModelRevoluteTpl<double, 0, 1>; TypeZ = pinocchio::JointModelRevoluteTpl<double, 0, 2>; TypeUnaligned = pinocchio::JointModelRevoluteUnalignedTpl<double>; pinocchio::JointIndex = long unsigned int; pinocchio::urdf::details::UrdfVisitor::Frame = pinocchio::FrameTpl<double, 0>; pinocchio::urdf::details::UrdfVisitor::SE3 = pinocchio::SE3Tpl<double, 0>; std::string = std::__cxx11::basic_string<char>; pinocchio::urdf::details::UrdfVisitor::VectorConstRef = Eigen::Ref<const Eigen::Matrix<double, -1, 1> >]\x1b[m\x1b[K\xe2\x80\x99\n'}
[5.861723] (gim_arm_hardware) StderrLine: {'line': b'\x1b[01m\x1b[K/opt/ros/humble/include/pinocchio/src/parsers/urdf/model.hxx:290:73:\x1b[m\x1b[K   required from here\n'}
[5.861747] (gim_arm_hardware) StderrLine: {'line': b'\x1b[01m\x1b[K/opt/ros/humble/include/pinocchio/src/multibody/joint/joint-generic.hxx:306:25:\x1b[m\x1b[K \x1b[01;31m\x1b[Kerror: \x1b[m\x1b[Kno matching function for call to \xe2\x80\x98\x1b[01m\x1b[Kboost::variant<pinocchio::JointModelRevoluteTpl<double, 0, 0>, pinocchio::JointModelRevoluteTpl<double, 0, 1>, pinocchio::JointModelRevoluteTpl<double, 0, 2>, pinocchio::JointModelFreeFlyerTpl<double, 0>, pinocchio::JointModelPlanarTpl<double, 0>, pinocchio::JointModelRevoluteUnalignedTpl<double, 0>, pinocchio::JointModelSphericalTpl<double, 0>, pinocchio::JointModelSphericalZYXTpl<double, 0>, pinocchio::JointModelEllipsoidTpl<double, 0>, pinocchio::JointModelPrismaticTpl<double, 0, 0>, pinocchio::JointModelPrismaticTpl<double, 0, 1>, pinocchio::JointModelPrismaticTpl<double, 0, 2>, pinocchio::JointModelPrismaticUnalignedTpl<double, 0>, pinocchio::JointModelTranslationTpl<double, 0>, pinocchio::JointModelRevoluteUnboundedTpl<double, 0, 0>, pinocchio::JointModelRevoluteUnboundedTpl<double, 0, 1>, pinocchio::JointModelRevoluteUnboundedTpl<double, 0, 2>, pinocchio::JointModelRevoluteUnboundedUnalignedTpl<double, 0>, pinocchio::JointModelHelicalTpl<double, 0, 0>, pinocchio::JointModelHelicalTpl<double, 0, 1>, pinocchio::JointModelHelicalTpl<double, 0, 2>, pinocchio::JointModelHelicalUnalignedTpl<double, 0>, pinocchio::JointModelUniversalTpl<double, 0>, boost::recursive_wrapper<pinocchio::JointModelCompositeTpl<double, 0, pinocchio::JointCollectionDefaultTpl> >, boost::recursive_wrapper<pinocchio::JointModelMimicTpl<double, 0, pinocchio::JointCollectionDefaultTpl> > >::variant(const JointModelDerived&)\x1b[m\x1b[K\xe2\x80\x99\n'}
[5.861779] (gim_arm_hardware) StderrLine: {'line': b'  306 |     : JointModelVariant(\x1b[01;31m\x1b[K(JointModelVariant)jmodel.derived()\x1b[m\x1b[K)\n'}
[5.861803] (gim_arm_hardware) StderrLine: {'line': b'      |                         \x1b[01;31m\x1b[K^~~~~~~~~~~~~~~~~~~~~~~~~~~~~~~~~~~\x1b[m\x1b[K\n'}
[5.861828] (gim_arm_hardware) StderrLine: {'line': b'In file included from \x1b[01m\x1b[K/usr/include/boost/variant.hpp:17\x1b[m\x1b[K,\n'}
[5.861851] (gim_arm_hardware) StderrLine: {'line': b'                 from \x1b[01m\x1b[K/opt/ros/humble/include/pinocchio/multibody.hpp:21\x1b[m\x1b[K,\n'}
[5.861875] (gim_arm_hardware) StderrLine: {'line': b'                 from \x1b[01m\x1b[K/opt/ros/humble/include/pinocchio/parsers/urdf.hpp:27\x1b[m\x1b[K,\n'}
[5.861899] (gim_arm_hardware) StderrLine: {'line': b'                 from \x1b[01m\x1b[K/home/minh/gim60108_ws/src/gim_arm_hardware/include/gim_arm_hardware/gim_arm_system.hpp:25\x1b[m\x1b[K,\n'}
[5.861922] (gim_arm_hardware) StderrLine: {'line': b'                 from \x1b[01m\x1b[K/home/minh/gim60108_ws/src/gim_arm_hardware/src/gim_arm_system.cpp:1\x1b[m\x1b[K:\n'}
[5.861950] (gim_arm_hardware) StderrLine: {'line': b'\x1b[01m\x1b[K/usr/include/boost/variant/variant.hpp:1770:5:\x1b[m\x1b[K \x1b[01;36m\x1b[Knote: \x1b[m\x1b[Kcandidate: \xe2\x80\x98\x1b[01m\x1b[Kboost::variant<T0, TN>::variant(boost::variant<T0, TN>&&) [with T0_ = pinocchio::JointModelRevoluteTpl<double, 0, 0>; TN = {pinocchio::JointModelRevoluteTpl<double, 0, 1>, pinocchio::JointModelRevoluteTpl<double, 0, 2>, pinocchio::JointModelFreeFlyerTpl<double, 0>, pinocchio::JointModelPlanarTpl<double, 0>, pinocchio::JointModelRevoluteUnalignedTpl<double, 0>, pinocchio::JointModelSphericalTpl<double, 0>, pinocchio::JointModelSphericalZYXTpl<double, 0>, pinocchio::JointModelEllipsoidTpl<double, 0>, pinocchio::JointModelPrismaticTpl<double, 0, 0>, pinocchio::JointModelPrismaticTpl<double, 0, 1>, pinocchio::JointModelPrismaticTpl<double, 0, 2>, pinocchio::JointModelPrismaticUnalignedTpl<double, 0>, pinocchio::JointModelTranslationTpl<double, 0>, pinocchio::JointModelRevoluteUnboundedTpl<double, 0, 0>, pinocchio::JointModelRevoluteUnboundedTpl<double, 0, 1>, pinocchio::JointModelRevoluteUnboundedTpl<double, 0, 2>, pinocchio::JointModelRevoluteUnboundedUnalignedTpl<double, 0>, pinocchio::JointModelHelicalTpl<double, 0, 0>, pinocchio::JointModelHelicalTpl<double, 0, 1>, pinocchio::JointModelHelicalTpl<double, 0, 2>, pinocchio::JointModelHelicalUnalignedTpl<double, 0>, pinocchio::JointModelUniversalTpl<double, 0>, boost::recursive_wrapper<pinocchio::JointModelCompositeTpl<double, 0, pinocchio::JointCollectionDefaultTpl> >, boost::recursive_wrapper<pinocchio::JointModelMimicTpl<double, 0, pinocchio::JointCollectionDefaultTpl> >}]\x1b[m\x1b[K\xe2\x80\x99\n'}
[5.861986] (gim_arm_hardware) StderrLine: {'line': b' 1770 |     \x1b[01;36m\x1b[Kvariant\x1b[m\x1b[K(variant&& operand) BOOST_NOEXCEPT_IF(variant_move_noexcept_constructible::type::value)\n'}
[5.862013] (gim_arm_hardware) StderrLine: {'line': b'      |     \x1b[01;36m\x1b[K^~~~~~~\x1b[m\x1b[K\n'}
[5.862038] (gim_arm_hardware) StderrLine: {'line': b'\x1b[01m\x1b[K/usr/include/boost/variant/variant.hpp:1770:23:\x1b[m\x1b[K \x1b[01;36m\x1b[Knote: \x1b[m\x1b[K  no known conversion for argument 1 from \xe2\x80\x98\x1b[01m\x1b[Kconst JointModelDerived\x1b[m\x1b[K\xe2\x80\x99 {aka \xe2\x80\x98\x1b[01m\x1b[Kconst pinocchio::JointModelMimicTpl<double>\x1b[m\x1b[K\xe2\x80\x99} to \xe2\x80\x98\x1b[01m\x1b[Kboost::variant<pinocchio::JointModelRevoluteTpl<double, 0, 0>, pinocchio::JointModelRevoluteTpl<double, 0, 1>, pinocchio::JointModelRevoluteTpl<double, 0, 2>, pinocchio::JointModelFreeFlyerTpl<double, 0>, pinocchio::JointModelPlanarTpl<double, 0>, pinocchio::JointModelRevoluteUnalignedTpl<double, 0>, pinocchio::JointModelSphericalTpl<double, 0>, pinocchio::JointModelSphericalZYXTpl<double, 0>, pinocchio::JointModelEllipsoidTpl<double, 0>, pinocchio::JointModelPrismaticTpl<double, 0, 0>, pinocchio::JointModelPrismaticTpl<double, 0, 1>, pinocchio::JointModelPrismaticTpl<double, 0, 2>, pinocchio::JointModelPrismaticUnalignedTpl<double, 0>, pinocchio::JointModelTranslationTpl<double, 0>, pinocchio::JointModelRevoluteUnboundedTpl<double, 0, 0>, pinocchio::JointModelRevoluteUnboundedTpl<double, 0, 1>, pinocchio::JointModelRevoluteUnboundedTpl<double, 0, 2>, pinocchio::JointModelRevoluteUnboundedUnalignedTpl<double, 0>, pinocchio::JointModelHelicalTpl<double, 0, 0>, pinocchio::JointModelHelicalTpl<double, 0, 1>, pinocchio::JointModelHelicalTpl<double, 0, 2>, pinocchio::JointModelHelicalUnalignedTpl<double, 0>, pinocchio::JointModelUniversalTpl<double, 0>, boost::recursive_wrapper<pinocchio::JointModelCompositeTpl<double, 0, pinocchio::JointCollectionDefaultTpl> >, boost::recursive_wrapper<pinocchio::JointModelMimicTpl<double, 0, pinocchio::JointCollectionDefaultTpl> > >&&\x1b[m\x1b[K\xe2\x80\x99\n'}
[5.862065] (gim_arm_hardware) StderrLine: {'line': b' 1770 |     variant(\x1b[01;36m\x1b[Kvariant&& operand\x1b[m\x1b[K) BOOST_NOEXCEPT_IF(variant_move_noexcept_constructible::type::value)\n'}
[5.862089] (gim_arm_hardware) StderrLine: {'line': b'      |             \x1b[01;36m\x1b[K~~~~~~~~~~^~~~~~~\x1b[m\x1b[K\n'}
[5.862117] (gim_arm_hardware) StderrLine: {'line': b'\x1b[01m\x1b[K/usr/include/boost/variant/variant.hpp:1759:5:\x1b[m\x1b[K \x1b[01;36m\x1b[Knote: \x1b[m\x1b[Kcandidate: \xe2\x80\x98\x1b[01m\x1b[Kboost::variant<T0, TN>::variant(const boost::variant<T0, TN>&) [with T0_ = pinocchio::JointModelRevoluteTpl<double, 0, 0>; TN = {pinocchio::JointModelRevoluteTpl<double, 0, 1>, pinocchio::JointModelRevoluteTpl<double, 0, 2>, pinocchio::JointModelFreeFlyerTpl<double, 0>, pinocchio::JointModelPlanarTpl<double, 0>, pinocchio::JointModelRevoluteUnalignedTpl<double, 0>, pinocchio::JointModelSphericalTpl<double, 0>, pinocchio::JointModelSphericalZYXTpl<double, 0>, pinocchio::JointModelEllipsoidTpl<double, 0>, pinocchio::JointModelPrismaticTpl<double, 0, 0>, pinocchio::JointModelPrismaticTpl<double, 0, 1>, pinocchio::JointModelPrismaticTpl<double, 0, 2>, pinocchio::JointModelPrismaticUnalignedTpl<double, 0>, pinocchio::JointModelTranslationTpl<double, 0>, pinocchio::JointModelRevoluteUnboundedTpl<double, 0, 0>, pinocchio::JointModelRevoluteUnboundedTpl<double, 0, 1>, pinocchio::JointModelRevoluteUnboundedTpl<double, 0, 2>, pinocchio::JointModelRevoluteUnboundedUnalignedTpl<double, 0>, pinocchio::JointModelHelicalTpl<double, 0, 0>, pinocchio::JointModelHelicalTpl<double, 0, 1>, pinocchio::JointModelHelicalTpl<double, 0, 2>, pinocchio::JointModelHelicalUnalignedTpl<double, 0>, pinocchio::JointModelUniversalTpl<double, 0>, boost::recursive_wrapper<pinocchio::JointModelCompositeTpl<double, 0, pinocchio::JointCollectionDefaultTpl> >, boost::recursive_wrapper<pinocchio::JointModelMimicTpl<double, 0, pinocchio::JointCollectionDefaultTpl> >}]\x1b[m\x1b[K\xe2\x80\x99\n'}
[5.862162] (gim_arm_hardware) StderrLine: {'line': b' 1759 |     \x1b[01;36m\x1b[Kvariant\x1b[m\x1b[K(const variant& operand)\n'}
[5.862186] (gim_arm_hardware) StderrLine: {'line': b'      |     \x1b[01;36m\x1b[K^~~~~~~\x1b[m\x1b[K\n'}
[5.862210] (gim_arm_hardware) StderrLine: {'line': b'\x1b[01m\x1b[K/usr/include/boost/variant/variant.hpp:1759:28:\x1b[m\x1b[K \x1b[01;36m\x1b[Knote: \x1b[m\x1b[K  no known conversion for argument 1 from \xe2\x80\x98\x1b[01m\x1b[Kconst JointModelDerived\x1b[m\x1b[K\xe2\x80\x99 {aka \xe2\x80\x98\x1b[01m\x1b[Kconst pinocchio::JointModelMimicTpl<double>\x1b[m\x1b[K\xe2\x80\x99} to \xe2\x80\x98\x1b[01m\x1b[Kconst boost::variant<pinocchio::JointModelRevoluteTpl<double, 0, 0>, pinocchio::JointModelRevoluteTpl<double, 0, 1>, pinocchio::JointModelRevoluteTpl<double, 0, 2>, pinocchio::JointModelFreeFlyerTpl<double, 0>, pinocchio::JointModelPlanarTpl<double, 0>, pinocchio::JointModelRevoluteUnalignedTpl<double, 0>, pinocchio::JointModelSphericalTpl<double, 0>, pinocchio::JointModelSphericalZYXTpl<double, 0>, pinocchio::JointModelEllipsoidTpl<double, 0>, pinocchio::JointModelPrismaticTpl<double, 0, 0>, pinocchio::JointModelPrismaticTpl<double, 0, 1>, pinocchio::JointModelPrismaticTpl<double, 0, 2>, pinocchio::JointModelPrismaticUnalignedTpl<double, 0>, pinocchio::JointModelTranslationTpl<double, 0>, pinocchio::JointModelRevoluteUnboundedTpl<double, 0, 0>, pinocchio::JointModelRevoluteUnboundedTpl<double, 0, 1>, pinocchio::JointModelRevoluteUnboundedTpl<double, 0, 2>, pinocchio::JointModelRevoluteUnboundedUnalignedTpl<double, 0>, pinocchio::JointModelHelicalTpl<double, 0, 0>, pinocchio::JointModelHelicalTpl<double, 0, 1>, pinocchio::JointModelHelicalTpl<double, 0, 2>, pinocchio::JointModelHelicalUnalignedTpl<double, 0>, pinocchio::JointModelUniversalTpl<double, 0>, boost::recursive_wrapper<pinocchio::JointModelCompositeTpl<double, 0, pinocchio::JointCollectionDefaultTpl> >, boost::recursive_wrapper<pinocchio::JointModelMimicTpl<double, 0, pinocchio::JointCollectionDefaultTpl> > >&\x1b[m\x1b[K\xe2\x80\x99\n'}
[5.862241] (gim_arm_hardware) StderrLine: {'line': b' 1759 |     variant(\x1b[01;36m\x1b[Kconst variant& operand\x1b[m\x1b[K)\n'}
[5.862265] (gim_arm_hardware) StderrLine: {'line': b'      |             \x1b[01;36m\x1b[K~~~~~~~~~~~~~~~^~~~~~~\x1b[m\x1b[K\n'}
[5.862289] (gim_arm_hardware) StderrLine: {'line': b'\x1b[01m\x1b[K/usr/include/boost/variant/variant.hpp:1375:5:\x1b[m\x1b[K \x1b[01;36m\x1b[Knote: \x1b[m\x1b[Kcandidate: \xe2\x80\x98\x1b[01m\x1b[Kboost::variant<T0, TN>::variant() [with T0_ = pinocchio::JointModelRevoluteTpl<double, 0, 0>; TN = {pinocchio::JointModelRevoluteTpl<double, 0, 1>, pinocchio::JointModelRevoluteTpl<double, 0, 2>, pinocchio::JointModelFreeFlyerTpl<double, 0>, pinocchio::JointModelPlanarTpl<double, 0>, pinocchio::JointModelRevoluteUnalignedTpl<double, 0>, pinocchio::JointModelSphericalTpl<double, 0>, pinocchio::JointModelSphericalZYXTpl<double, 0>, pinocchio::JointModelEllipsoidTpl<double, 0>, pinocchio::JointModelPrismaticTpl<double, 0, 0>, pinocchio::JointModelPrismaticTpl<double, 0, 1>, pinocchio::JointModelPrismaticTpl<double, 0, 2>, pinocchio::JointModelPrismaticUnalignedTpl<double, 0>, pinocchio::JointModelTranslationTpl<double, 0>, pinocchio::JointModelRevoluteUnboundedTpl<double, 0, 0>, pinocchio::JointModelRevoluteUnboundedTpl<double, 0, 1>, pinocchio::JointModelRevoluteUnboundedTpl<double, 0, 2>, pinocchio::JointModelRevoluteUnboundedUnalignedTpl<double, 0>, pinocchio::JointModelHelicalTpl<double, 0, 0>, pinocchio::JointModelHelicalTpl<double, 0, 1>, pinocchio::JointModelHelicalTpl<double, 0, 2>, pinocchio::JointModelHelicalUnalignedTpl<double, 0>, pinocchio::JointModelUniversalTpl<double, 0>, boost::recursive_wrapper<pinocchio::JointModelCompositeTpl<double, 0, pinocchio::JointCollectionDefaultTpl> >, boost::recursive_wrapper<pinocchio::JointModelMimicTpl<double, 0, pinocchio::JointCollectionDefaultTpl> >}]\x1b[m\x1b[K\xe2\x80\x99\n'}
[5.862328] (gim_arm_hardware) StderrLine: {'line': b' 1375 |     \x1b[01;36m\x1b[Kvariant\x1b[m\x1b[K()\n'}
[5.862352] (gim_arm_hardware) StderrLine: {'line': b'      |     \x1b[01;36m\x1b[K^~~~~~~\x1b[m\x1b[K\n'}
[5.862376] (gim_arm_hardware) StderrLine: {'line': b'\x1b[01m\x1b[K/usr/include/boost/variant/variant.hpp:1375:5:\x1b[m\x1b[K \x1b[01;36m\x1b[Knote: \x1b[m\x1b[K  candidate expects 0 arguments, 1 provided\n'}
[5.918987] (-) TimerEvent: {}
[6.018945] (gim_arm_hardware) StderrLine: {'line': b'In file included from \x1b[01m\x1b[K/usr/include/boost/variant/variant.hpp:31\x1b[m\x1b[K,\n'}
[6.019335] (-) TimerEvent: {}
[6.019468] (gim_arm_hardware) StderrLine: {'line': b'                 from \x1b[01m\x1b[K/usr/include/boost/variant.hpp:17\x1b[m\x1b[K,\n'}
[6.019561] (gim_arm_hardware) StderrLine: {'line': b'                 from \x1b[01m\x1b[K/opt/ros/humble/include/pinocchio/multibody.hpp:21\x1b[m\x1b[K,\n'}
[6.019635] (gim_arm_hardware) StderrLine: {'line': b'                 from \x1b[01m\x1b[K/opt/ros/humble/include/pinocchio/parsers/urdf.hpp:27\x1b[m\x1b[K,\n'}
[6.019700] (gim_arm_hardware) StderrLine: {'line': b'                 from \x1b[01m\x1b[K/home/minh/gim60108_ws/src/gim_arm_hardware/include/gim_arm_hardware/gim_arm_system.hpp:25\x1b[m\x1b[K,\n'}
[6.019764] (gim_arm_hardware) StderrLine: {'line': b'                 from \x1b[01m\x1b[K/home/minh/gim60108_ws/src/gim_arm_hardware/src/gim_arm_system.cpp:1\x1b[m\x1b[K:\n'}
[6.019827] (gim_arm_hardware) StderrLine: {'line': b'/usr/include/boost/variant/detail/make_variant_list.hpp: In instantiation of \xe2\x80\x98\x1b[01m\x1b[Kstruct boost::detail::variant::make_variant_list<pinocchio::JointDataRevoluteTpl<double, 0, 0>, pinocchio::JointDataRevoluteTpl<double, 0, 1>, pinocchio::JointDataRevoluteTpl<double, 0, 2>, pinocchio::JointDataFreeFlyerTpl<double, 0>, pinocchio::JointDataPlanarTpl<double, 0>, pinocchio::JointDataRevoluteUnalignedTpl<double, 0>, pinocchio::JointDataSphericalTpl<double, 0>, pinocchio::JointDataSphericalZYXTpl<double, 0>, pinocchio::JointDataEllipsoidTpl<double, 0>, pinocchio::JointDataPrismaticTpl<double, 0, 0>, pinocchio::JointDataPrismaticTpl<double, 0, 1>, pinocchio::JointDataPrismaticTpl<double, 0, 2>, pinocchio::JointDataPrismaticUnalignedTpl<double, 0>, pinocchio::JointDataTranslationTpl<double, 0>, pinocchio::JointDataRevoluteUnboundedTpl<double, 0, 0>, pinocchio::JointDataRevoluteUnboundedTpl<double, 0, 1>, pinocchio::JointDataRevoluteUnboundedTpl<double, 0, 2>, pinocchio::JointDataRevoluteUnboundedUnalignedTpl<double, 0>, pinocchio::JointDataHelicalTpl<double, 0, 0>, pinocchio::JointDataHelicalTpl<double, 0, 1>, pinocchio::JointDataHelicalTpl<double, 0, 2>, pinocchio::JointDataHelicalUnalignedTpl<double, 0>, pinocchio::JointDataUniversalTpl<double, 0>, boost::recursive_wrapper<pinocchio::JointDataCompositeTpl<double, 0, pinocchio::JointCollectionDefaultTpl> >, boost::recursive_wrapper<pinocchio::JointDataMimicTpl<double, 0, pinocchio::JointCollectionDefaultTpl> > >\x1b[m\x1b[K\xe2\x80\x99:\n'}
[6.019896] (gim_arm_hardware) StderrLine: {'line': b'\x1b[01m\x1b[K/usr/include/boost/mpl/eval_if.hpp:38:31:\x1b[m\x1b[K   required from \xe2\x80\x98\x1b[01m\x1b[Kstruct boost::mpl::eval_if<boost::variant<pinocchio::JointDataRevoluteTpl<double, 0, 0>, pinocchio::JointDataRevoluteTpl<double, 0, 1>, pinocchio::JointDataRevoluteTpl<double, 0, 2>, pinocchio::JointDataFreeFlyerTpl<double, 0>, pinocchio::JointDataPlanarTpl<double, 0>, pinocchio::JointDataRevoluteUnalignedTpl<double, 0>, pinocchio::JointDataSphericalTpl<double, 0>, pinocchio::JointDataSphericalZYXTpl<double, 0>, pinocchio::JointDataEllipsoidTpl<double, 0>, pinocchio::JointDataPrismaticTpl<double, 0, 0>, pinocchio::JointDataPrismaticTpl<double, 0, 1>, pinocchio::JointDataPrismaticTpl<double, 0, 2>, pinocchio::JointDataPrismaticUnalignedTpl<double, 0>, pinocchio::JointDataTranslationTpl<double, 0>, pinocchio::JointDataRevoluteUnboundedTpl<double, 0, 0>, pinocchio::JointDataRevoluteUnboundedTpl<double, 0, 1>, pinocchio::JointDataRevoluteUnboundedTpl<double, 0, 2>, pinocchio::JointDataRevoluteUnboundedUnalignedTpl<double, 0>, pinocchio::JointDataHelicalTpl<double, 0, 0>, pinocchio::JointDataHelicalTpl<double, 0, 1>, pinocchio::JointDataHelicalTpl<double, 0, 2>, pinocchio::JointDataHelicalUnalignedTpl<double, 0>, pinocchio::JointDataUniversalTpl<double, 0>, boost::recursive_wrapper<pinocchio::JointDataCompositeTpl<double, 0, pinocchio::JointCollectionDefaultTpl> >, boost::recursive_wrapper<pinocchio::JointDataMimicTpl<double, 0, pinocchio::JointCollectionDefaultTpl> > >::is_sequence_based_, pinocchio::JointDataRevoluteTpl<double, 0, 0>, boost::detail::variant::make_variant_list<pinocchio::JointDataRevoluteTpl<double, 0, 0>, pinocchio::JointDataRevoluteTpl<double, 0, 1>, pinocchio::JointDataRevoluteTpl<double, 0, 2>, pinocchio::JointDataFreeFlyerTpl<double, 0>, pinocchio::JointDataPlanarTpl<double, 0>, pinocchio::JointDataRevoluteUnalignedTpl<double, 0>, pinocchio::JointDataSphericalTpl<double, 0>, pinocchio::JointDataSphericalZYXTpl<double, 0>, pinocchio::JointDataEllipsoidTpl<double, 0>, pinocchio::JointDataPrismaticTpl<double, 0, 0>, pinocchio::JointDataPrismaticTpl<double, 0, 1>, pinocchio::JointDataPrismaticTpl<double, 0, 2>, pinocchio::JointDataPrismaticUnalignedTpl<double, 0>, pinocchio::JointDataTranslationTpl<double, 0>, pinocchio::JointDataRevoluteUnboundedTpl<double, 0, 0>, pinocchio::JointDataRevoluteUnboundedTpl<double, 0, 1>, pinocchio::JointDataRevoluteUnboundedTpl<double, 0, 2>, pinocchio::JointDataRevoluteUnboundedUnalignedTpl<double, 0>, pinocchio::JointDataHelicalTpl<double, 0, 0>, pinocchio::JointDataHelicalTpl<double, 0, 1>, pinocchio::JointDataHelicalTpl<double, 0, 2>, pinocchio::JointDataHelicalUnalignedTpl<double, 0>, pinocchio::JointDataUniversalTpl<double, 0>, boost::recursive_wrapper<pinocchio::JointDataCompositeTpl<double, 0, pinocchio::JointCollectionDefaultTpl> >, boost::recursive_wrapper<pinocchio::JointDataMimicTpl<double, 0, pinocchio::JointCollectionDefaultTpl> > > >\x1b[m\x1b[K\xe2\x80\x99\n'}
[6.019960] (gim_arm_hardware) StderrLine: {'line': b'\x1b[01m\x1b[K/usr/include/boost/variant/variant.hpp:1138:17:\x1b[m\x1b[K   required from \xe2\x80\x98\x1b[01m\x1b[Kclass boost::variant<pinocchio::JointDataRevoluteTpl<double, 0, 0>, pinocchio::JointDataRevoluteTpl<double, 0, 1>, pinocchio::JointDataRevoluteTpl<double, 0, 2>, pinocchio::JointDataFreeFlyerTpl<double, 0>, pinocchio::JointDataPlanarTpl<double, 0>, pinocchio::JointDataRevoluteUnalignedTpl<double, 0>, pinocchio::JointDataSphericalTpl<double, 0>, pinocchio::JointDataSphericalZYXTpl<double, 0>, pinocchio::JointDataEllipsoidTpl<double, 0>, pinocchio::JointDataPrismaticTpl<double, 0, 0>, pinocchio::JointDataPrismaticTpl<double, 0, 1>, pinocchio::JointDataPrismaticTpl<double, 0, 2>, pinocchio::JointDataPrismaticUnalignedTpl<double, 0>, pinocchio::JointDataTranslationTpl<double, 0>, pinocchio::JointDataRevoluteUnboundedTpl<double, 0, 0>, pinocchio::JointDataRevoluteUnboundedTpl<double, 0, 1>, pinocchio::JointDataRevoluteUnboundedTpl<double, 0, 2>, pinocchio::JointDataRevoluteUnboundedUnalignedTpl<double, 0>, pinocchio::JointDataHelicalTpl<double, 0, 0>, pinocchio::JointDataHelicalTpl<double, 0, 1>, pinocchio::JointDataHelicalTpl<double, 0, 2>, pinocchio::JointDataHelicalUnalignedTpl<double, 0>, pinocchio::JointDataUniversalTpl<double, 0>, boost::recursive_wrapper<pinocchio::JointDataCompositeTpl<double, 0, pinocchio::JointCollectionDefaultTpl> >, boost::recursive_wrapper<pinocchio::JointDataMimicTpl<double, 0, pinocchio::JointCollectionDefaultTpl> > >\x1b[m\x1b[K\xe2\x80\x99\n'}
[6.019993] (gim_arm_hardware) StderrLine: {'line': b'\x1b[01m\x1b[K/opt/ros/humble/include/pinocchio/src/multibody/joint/joint-generic.hxx:88:10:\x1b[m\x1b[K   required from \xe2\x80\x98\x1b[01m\x1b[Kstruct pinocchio::JointDataTpl<double>\x1b[m\x1b[K\xe2\x80\x99\n'}
[6.020019] (gim_arm_hardware) StderrLine: {'line': b'\x1b[01m\x1b[K/opt/ros/humble/include/pinocchio/src/multibody/data.hxx:802:40:\x1b[m\x1b[K   required from \xe2\x80\x98\x1b[01m\x1b[Kpinocchio::DataTpl<_Scalar, _Options, JointCollectionTpl>::DataTpl(const Model&) [with _Scalar = double; int _Options = 0; JointCollectionTpl = pinocchio::JointCollectionDefaultTpl; pinocchio::DataTpl<_Scalar, _Options, JointCollectionTpl>::Model = pinocchio::ModelTpl<double, 0>]\x1b[m\x1b[K\xe2\x80\x99\n'}
[6.020049] (gim_arm_hardware) StderrLine: {'line': b'\x1b[01m\x1b[K/usr/include/c++/11/bits/unique_ptr.h:962:30:\x1b[m\x1b[K   required from \xe2\x80\x98\x1b[01m\x1b[Ktypename std::_MakeUniq<_Tp>::__single_object std::make_unique(_Args&& ...) [with _Tp = pinocchio::DataTpl<double, 0>; _Args = {pinocchio::ModelTpl<double, 0, pinocchio::JointCollectionDefaultTpl>&}; typename std::_MakeUniq<_Tp>::__single_object = std::unique_ptr<pinocchio::DataTpl<double, 0> >]\x1b[m\x1b[K\xe2\x80\x99\n'}
[6.020078] (gim_arm_hardware) StderrLine: {'line': b'\x1b[01m\x1b[K/home/minh/gim60108_ws/src/gim_arm_hardware/src/gim_arm_system.cpp:134:52:\x1b[m\x1b[K   required from here\n'}
[6.020102] (gim_arm_hardware) StderrLine: {'line': b'\x1b[01m\x1b[K/usr/include/boost/variant/detail/make_variant_list.hpp:40:46:\x1b[m\x1b[K \x1b[01;31m\x1b[Kerror: \x1b[m\x1b[Kwrong number of template arguments (25, should be at least 0)\n'}
[6.020142] (gim_arm_hardware) StderrLine: {'line': b'   40 |     typedef typename mpl::list< T... >::type \x1b[01;31m\x1b[Ktype\x1b[m\x1b[K;\n'}
[6.020167] (gim_arm_hardware) StderrLine: {'line': b'      |                                              \x1b[01;31m\x1b[K^~~~\x1b[m\x1b[K\n'}
[6.020191] (gim_arm_hardware) StderrLine: {'line': b'In file included from \x1b[01m\x1b[K/usr/include/boost/mpl/aux_/include_preprocessed.hpp:37\x1b[m\x1b[K,\n'}
[6.020219] (gim_arm_hardware) StderrLine: {'line': b'                 from \x1b[01m\x1b[K/usr/include/boost/mpl/list.hpp:46\x1b[m\x1b[K,\n'}
[6.020242] (gim_arm_hardware) StderrLine: {'line': b'                 from \x1b[01m\x1b[K/usr/include/boost/math/policies/policy.hpp:9\x1b[m\x1b[K,\n'}
[6.020266] (gim_arm_hardware) StderrLine: {'line': b'                 from \x1b[01m\x1b[K/usr/include/boost/math/constants/constants.hpp:12\x1b[m\x1b[K,\n'}
[6.020291] (gim_arm_hardware) StderrLine: {'line': b'                 from \x1b[01m\x1b[K/opt/ros/humble/include/pinocchio/math.hpp:20\x1b[m\x1b[K,\n'}
[6.020314] (gim_arm_hardware) StderrLine: {'line': b'                 from \x1b[01m\x1b[K/opt/ros/humble/include/pinocchio/spatial.hpp:19\x1b[m\x1b[K,\n'}
[6.020337] (gim_arm_hardware) StderrLine: {'line': b'                 from \x1b[01m\x1b[K/opt/ros/humble/include/pinocchio/parsers/urdf.hpp:26\x1b[m\x1b[K,\n'}
[6.020360] (gim_arm_hardware) StderrLine: {'line': b'                 from \x1b[01m\x1b[K/home/minh/gim60108_ws/src/gim_arm_hardware/include/gim_arm_hardware/gim_arm_system.hpp:25\x1b[m\x1b[K,\n'}
[6.020384] (gim_arm_hardware) StderrLine: {'line': b'                 from \x1b[01m\x1b[K/home/minh/gim60108_ws/src/gim_arm_hardware/src/gim_arm_system.cpp:1\x1b[m\x1b[K:\n'}
[6.020408] (gim_arm_hardware) StderrLine: {'line': b'\x1b[01m\x1b[K/usr/include/boost/mpl/aux_/preprocessed/gcc/list.hpp:22:8:\x1b[m\x1b[K \x1b[01;36m\x1b[Knote: \x1b[m\x1b[Kprovided for \xe2\x80\x98\x1b[01m\x1b[Ktemplate<class T0, class T1, class T2, class T3, class T4, class T5, class T6, class T7, class T8, class T9, class T10, class T11, class T12, class T13, class T14, class T15, class T16, class T17, class T18, class T19> struct boost::mpl::list\x1b[m\x1b[K\xe2\x80\x99\n'}
[6.020434] (gim_arm_hardware) StderrLine: {'line': b'   22 | struct \x1b[01;36m\x1b[Klist\x1b[m\x1b[K;\n'}
[6.020457] (gim_arm_hardware) StderrLine: {'line': b'      |        \x1b[01;36m\x1b[K^~~~\x1b[m\x1b[K\n'}
[6.119482] (-) TimerEvent: {}
[6.219847] (-) TimerEvent: {}
[6.320197] (-) TimerEvent: {}
[6.420502] (-) TimerEvent: {}
[6.520789] (-) TimerEvent: {}
[6.621162] (-) TimerEvent: {}
[6.658122] (gim_arm_hardware) StderrLine: {'line': b'In file included from \x1b[01m\x1b[K/usr/include/boost/variant.hpp:17\x1b[m\x1b[K,\n'}
[6.658337] (gim_arm_hardware) StderrLine: {'line': b'                 from \x1b[01m\x1b[K/opt/ros/humble/include/pinocchio/multibody.hpp:21\x1b[m\x1b[K,\n'}
[6.658407] (gim_arm_hardware) StderrLine: {'line': b'                 from \x1b[01m\x1b[K/opt/ros/humble/include/pinocchio/parsers/urdf.hpp:27\x1b[m\x1b[K,\n'}
[6.658486] (gim_arm_hardware) StderrLine: {'line': b'                 from \x1b[01m\x1b[K/home/minh/gim60108_ws/src/gim_arm_hardware/include/gim_arm_hardware/gim_arm_system.hpp:25\x1b[m\x1b[K,\n'}
[6.658542] (gim_arm_hardware) StderrLine: {'line': b'                 from \x1b[01m\x1b[K/home/minh/gim60108_ws/src/gim_arm_hardware/src/gim_arm_system.cpp:1\x1b[m\x1b[K:\n'}
[6.658595] (gim_arm_hardware) StderrLine: {'line': b'/usr/include/boost/variant/variant.hpp: In instantiation of \xe2\x80\x98\x1b[01m\x1b[Ktypename Visitor::result_type boost::variant<T0, TN>::internal_apply_visitor(Visitor&) [with Visitor = boost::detail::variant::destroyer; T0_ = pinocchio::JointModelRevoluteTpl<double, 0, 0>; TN = {pinocchio::JointModelRevoluteTpl<double, 0, 1>, pinocchio::JointModelRevoluteTpl<double, 0, 2>, pinocchio::JointModelFreeFlyerTpl<double, 0>, pinocchio::JointModelPlanarTpl<double, 0>, pinocchio::JointModelRevoluteUnalignedTpl<double, 0>, pinocchio::JointModelSphericalTpl<double, 0>, pinocchio::JointModelSphericalZYXTpl<double, 0>, pinocchio::JointModelEllipsoidTpl<double, 0>, pinocchio::JointModelPrismaticTpl<double, 0, 0>, pinocchio::JointModelPrismaticTpl<double, 0, 1>, pinocchio::JointModelPrismaticTpl<double, 0, 2>, pinocchio::JointModelPrismaticUnalignedTpl<double, 0>, pinocchio::JointModelTranslationTpl<double, 0>, pinocchio::JointModelRevoluteUnboundedTpl<double, 0, 0>, pinocchio::JointModelRevoluteUnboundedTpl<double, 0, 1>, pinocchio::JointModelRevoluteUnboundedTpl<double, 0, 2>, pinocchio::JointModelRevoluteUnboundedUnalignedTpl<double, 0>, pinocchio::JointModelHelicalTpl<double, 0, 0>, pinocchio::JointModelHelicalTpl<double, 0, 1>, pinocchio::JointModelHelicalTpl<double, 0, 2>, pinocchio::JointModelHelicalUnalignedTpl<double, 0>, pinocchio::JointModelUniversalTpl<double, 0>, boost::recursive_wrapper<pinocchio::JointModelCompositeTpl<double, 0, pinocchio::JointCollectionDefaultTpl> >, boost::recursive_wrapper<pinocchio::JointModelMimicTpl<double, 0, pinocchio::JointCollectionDefaultTpl> >}; typename Visitor::result_type = void]\x1b[m\x1b[K\xe2\x80\x99:\n'}
[6.658666] (gim_arm_hardware) StderrLine: {'line': b'\x1b[01m\x1b[K/usr/include/boost/variant/variant.hpp:1365:37:\x1b[m\x1b[K   required from \xe2\x80\x98\x1b[01m\x1b[Kvoid boost::variant<T0, TN>::destroy_content() [with T0_ = pinocchio::JointModelRevoluteTpl<double, 0, 0>; TN = {pinocchio::JointModelRevoluteTpl<double, 0, 1>, pinocchio::JointModelRevoluteTpl<double, 0, 2>, pinocchio::JointModelFreeFlyerTpl<double, 0>, pinocchio::JointModelPlanarTpl<double, 0>, pinocchio::JointModelRevoluteUnalignedTpl<double, 0>, pinocchio::JointModelSphericalTpl<double, 0>, pinocchio::JointModelSphericalZYXTpl<double, 0>, pinocchio::JointModelEllipsoidTpl<double, 0>, pinocchio::JointModelPrismaticTpl<double, 0, 0>, pinocchio::JointModelPrismaticTpl<double, 0, 1>, pinocchio::JointModelPrismaticTpl<double, 0, 2>, pinocchio::JointModelPrismaticUnalignedTpl<double, 0>, pinocchio::JointModelTranslationTpl<double, 0>, pinocchio::JointModelRevoluteUnboundedTpl<double, 0, 0>, pinocchio::JointModelRevoluteUnboundedTpl<double, 0, 1>, pinocchio::JointModelRevoluteUnboundedTpl<double, 0, 2>, pinocchio::JointModelRevoluteUnboundedUnalignedTpl<double, 0>, pinocchio::JointModelHelicalTpl<double, 0, 0>, pinocchio::JointModelHelicalTpl<double, 0, 1>, pinocchio::JointModelHelicalTpl<double, 0, 2>, pinocchio::JointModelHelicalUnalignedTpl<double, 0>, pinocchio::JointModelUniversalTpl<double, 0>, boost::recursive_wrapper<pinocchio::JointModelCompositeTpl<double, 0, pinocchio::JointCollectionDefaultTpl> >, boost::recursive_wrapper<pinocchio::JointModelMimicTpl<double, 0, pinocchio::JointCollectionDefaultTpl> >}]\x1b[m\x1b[K\xe2\x80\x99\n'}
[6.658732] (gim_arm_hardware) StderrLine: {'line': b'\x1b[01m\x1b[K/usr/include/boost/variant/variant.hpp:1372:9:\x1b[m\x1b[K   required from \xe2\x80\x98\x1b[01m\x1b[Kboost::variant<T0, TN>::~variant() [with T0_ = pinocchio::JointModelRevoluteTpl<double, 0, 0>; TN = {pinocchio::JointModelRevoluteTpl<double, 0, 1>, pinocchio::JointModelRevoluteTpl<double, 0, 2>, pinocchio::JointModelFreeFlyerTpl<double, 0>, pinocchio::JointModelPlanarTpl<double, 0>, pinocchio::JointModelRevoluteUnalignedTpl<double, 0>, pinocchio::JointModelSphericalTpl<double, 0>, pinocchio::JointModelSphericalZYXTpl<double, 0>, pinocchio::JointModelEllipsoidTpl<double, 0>, pinocchio::JointModelPrismaticTpl<double, 0, 0>, pinocchio::JointModelPrismaticTpl<double, 0, 1>, pinocchio::JointModelPrismaticTpl<double, 0, 2>, pinocchio::JointModelPrismaticUnalignedTpl<double, 0>, pinocchio::JointModelTranslationTpl<double, 0>, pinocchio::JointModelRevoluteUnboundedTpl<double, 0, 0>, pinocchio::JointModelRevoluteUnboundedTpl<double, 0, 1>, pinocchio::JointModelRevoluteUnboundedTpl<double, 0, 2>, pinocchio::JointModelRevoluteUnboundedUnalignedTpl<double, 0>, pinocchio::JointModelHelicalTpl<double, 0, 0>, pinocchio::JointModelHelicalTpl<double, 0, 1>, pinocchio::JointModelHelicalTpl<double, 0, 2>, pinocchio::JointModelHelicalUnalignedTpl<double, 0>, pinocchio::JointModelUniversalTpl<double, 0>, boost::recursive_wrapper<pinocchio::JointModelCompositeTpl<double, 0, pinocchio::JointCollectionDefaultTpl> >, boost::recursive_wrapper<pinocchio::JointModelMimicTpl<double, 0, pinocchio::JointCollectionDefaultTpl> >}]\x1b[m\x1b[K\xe2\x80\x99\n'}
[6.658801] (gim_arm_hardware) StderrLine: {'line': b'\x1b[01m\x1b[K/opt/ros/humble/include/pinocchio/src/multibody/joint/joint-generic.hxx:256:10:\x1b[m\x1b[K   required from here\n'}
[6.658853] (gim_arm_hardware) StderrLine: {'line': b'\x1b[01m\x1b[K/usr/include/boost/variant/variant.hpp:2350:41:\x1b[m\x1b[K \x1b[01;31m\x1b[Kerror: \x1b[m\x1b[Kusing invalid field \xe2\x80\x98\x1b[01m\x1b[Kboost::variant<T0, TN>::storage_\x1b[m\x1b[K\xe2\x80\x99\n'}
[6.658905] (gim_arm_hardware) StderrLine: {'line': b' 2350 |               which_, which(), visitor, \x1b[01;31m\x1b[Kstorage_\x1b[m\x1b[K.address()\n'}
[6.658956] (gim_arm_hardware) StderrLine: {'line': b'      |                                         \x1b[01;31m\x1b[K^~~~~~~~\x1b[m\x1b[K\n'}
[6.690425] (gim_arm_hardware) StderrLine: {'line': b'In file included from \x1b[01m\x1b[K/usr/include/boost/optional/optional.hpp:33\x1b[m\x1b[K,\n'}
[6.690650] (gim_arm_hardware) StderrLine: {'line': b'                 from \x1b[01m\x1b[K/usr/include/boost/optional.hpp:15\x1b[m\x1b[K,\n'}
[6.690752] (gim_arm_hardware) StderrLine: {'line': b'                 from \x1b[01m\x1b[K/opt/ros/humble/include/pinocchio/parsers/urdf.hpp:16\x1b[m\x1b[K,\n'}
[6.690830] (gim_arm_hardware) StderrLine: {'line': b'                 from \x1b[01m\x1b[K/home/minh/gim60108_ws/src/gim_arm_hardware/include/gim_arm_hardware/gim_arm_system.hpp:25\x1b[m\x1b[K,\n'}
[6.690903] (gim_arm_hardware) StderrLine: {'line': b'                 from \x1b[01m\x1b[K/home/minh/gim60108_ws/src/gim_arm_hardware/src/gim_arm_system.cpp:1\x1b[m\x1b[K:\n'}
[6.691058] (gim_arm_hardware) StderrLine: {'line': b'/usr/include/boost/variant/get.hpp: In instantiation of \xe2\x80\x98\x1b[01m\x1b[Ktypename boost::add_pointer<T>::type boost::strict_get(boost::variant<T0, TN ...>*) [with U = pinocchio::JointModelMimicTpl<double>; T0 = pinocchio::JointModelRevoluteTpl<double, 0, 0>; TN = {pinocchio::JointModelRevoluteTpl<double, 0, 1>, pinocchio::JointModelRevoluteTpl<double, 0, 2>, pinocchio::JointModelFreeFlyerTpl<double, 0>, pinocchio::JointModelPlanarTpl<double, 0>, pinocchio::JointModelRevoluteUnalignedTpl<double, 0>, pinocchio::JointModelSphericalTpl<double, 0>, pinocchio::JointModelSphericalZYXTpl<double, 0>, pinocchio::JointModelEllipsoidTpl<double, 0>, pinocchio::JointModelPrismaticTpl<double, 0, 0>, pinocchio::JointModelPrismaticTpl<double, 0, 1>, pinocchio::JointModelPrismaticTpl<double, 0, 2>, pinocchio::JointModelPrismaticUnalignedTpl<double, 0>, pinocchio::JointModelTranslationTpl<double, 0>, pinocchio::JointModelRevoluteUnboundedTpl<double, 0, 0>, pinocchio::JointModelRevoluteUnboundedTpl<double, 0, 1>, pinocchio::JointModelRevoluteUnboundedTpl<double, 0, 2>, pinocchio::JointModelRevoluteUnboundedUnalignedTpl<double, 0>, pinocchio::JointModelHelicalTpl<double, 0, 0>, pinocchio::JointModelHelicalTpl<double, 0, 1>, pinocchio::JointModelHelicalTpl<double, 0, 2>, pinocchio::JointModelHelicalUnalignedTpl<double, 0>, pinocchio::JointModelUniversalTpl<double, 0>, boost::recursive_wrapper<pinocchio::JointModelCompositeTpl<double, 0, pinocchio::JointCollectionDefaultTpl> >, boost::recursive_wrapper<pinocchio::JointModelMimicTpl<double, 0, pinocchio::JointCollectionDefaultTpl> >}; typename boost::add_pointer<T>::type = pinocchio::JointModelMimicTpl<double>*]\x1b[m\x1b[K\xe2\x80\x99:\n'}
[6.691182] (gim_arm_hardware) StderrLine: {'line': b'\x1b[01m\x1b[K/usr/include/boost/variant/get.hpp:319:25:\x1b[m\x1b[K   required from \xe2\x80\x98\x1b[01m\x1b[Ktypename boost::add_pointer<T>::type boost::get(boost::variant<T0, TN ...>*) [with U = pinocchio::JointModelMimicTpl<double>; T0 = pinocchio::JointModelRevoluteTpl<double, 0, 0>; TN = {pinocchio::JointModelRevoluteTpl<double, 0, 1>, pinocchio::JointModelRevoluteTpl<double, 0, 2>, pinocchio::JointModelFreeFlyerTpl<double, 0>, pinocchio::JointModelPlanarTpl<double, 0>, pinocchio::JointModelRevoluteUnalignedTpl<double, 0>, pinocchio::JointModelSphericalTpl<double, 0>, pinocchio::JointModelSphericalZYXTpl<double, 0>, pinocchio::JointModelEllipsoidTpl<double, 0>, pinocchio::JointModelPrismaticTpl<double, 0, 0>, pinocchio::JointModelPrismaticTpl<double, 0, 1>, pinocchio::JointModelPrismaticTpl<double, 0, 2>, pinocchio::JointModelPrismaticUnalignedTpl<double, 0>, pinocchio::JointModelTranslationTpl<double, 0>, pinocchio::JointModelRevoluteUnboundedTpl<double, 0, 0>, pinocchio::JointModelRevoluteUnboundedTpl<double, 0, 1>, pinocchio::JointModelRevoluteUnboundedTpl<double, 0, 2>, pinocchio::JointModelRevoluteUnboundedUnalignedTpl<double, 0>, pinocchio::JointModelHelicalTpl<double, 0, 0>, pinocchio::JointModelHelicalTpl<double, 0, 1>, pinocchio::JointModelHelicalTpl<double, 0, 2>, pinocchio::JointModelHelicalUnalignedTpl<double, 0>, pinocchio::JointModelUniversalTpl<double, 0>, boost::recursive_wrapper<pinocchio::JointModelCompositeTpl<double, 0, pinocchio::JointCollectionDefaultTpl> >, boost::recursive_wrapper<pinocchio::JointModelMimicTpl<double, 0, pinocchio::JointCollectionDefaultTpl> >}; typename boost::add_pointer<T>::type = pinocchio::JointModelMimicTpl<double>*]\x1b[m\x1b[K\xe2\x80\x99\n'}
[6.691272] (gim_arm_hardware) StderrLine: {'line': b'\x1b[01m\x1b[K/opt/ros/humble/include/pinocchio/src/multibody/model.hxx:979:76:\x1b[m\x1b[K   required from \xe2\x80\x98\x1b[01m\x1b[Kpinocchio::ModelTpl<_Scalar, _Options, JointCollectionTpl>::JointIndex pinocchio::ModelTpl<_Scalar, _Options, JointCollectionTpl>::addJoint(pinocchio::ModelTpl<_Scalar, _Options, JointCollectionTpl>::JointIndex, const JointModel&, const SE3&, const string&, const VectorXs&, const VectorXs&, const VectorXs&, const VectorXs&, const VectorXs&, const VectorXs&, const VectorXs&, const VectorXs&, const VectorXs&, const VectorXs&) [with _Scalar = double; int _Options = 0; JointCollectionTpl = pinocchio::JointCollectionDefaultTpl; pinocchio::ModelTpl<_Scalar, _Options, JointCollectionTpl>::JointIndex = long unsigned int; pinocchio::ModelTpl<_Scalar, _Options, JointCollectionTpl>::JointModel = pinocchio::JointModelTpl<double>; pinocchio::ModelTpl<_Scalar, _Options, JointCollectionTpl>::SE3 = pinocchio::SE3Tpl<double, 0>; std::string = std::__cxx11::basic_string<char>; pinocchio::ModelTpl<_Scalar, _Options, JointCollectionTpl>::VectorXs = Eigen::Matrix<double, -1, 1>]\x1b[m\x1b[K\xe2\x80\x99\n'}
[6.691351] (gim_arm_hardware) StderrLine: {'line': b'\x1b[01m\x1b[K/opt/ros/humble/include/pinocchio/src/parsers/urdf/model.hxx:235:38:\x1b[m\x1b[K   required from here\n'}
[6.691415] (gim_arm_hardware) StderrLine: {'line': b'\x1b[01m\x1b[K/usr/include/boost/variant/get.hpp:220:5:\x1b[m\x1b[K \x1b[01;31m\x1b[Kerror: \x1b[m\x1b[K\xe2\x80\x98\x1b[01m\x1b[Kvalue\x1b[m\x1b[K\xe2\x80\x99 is not a member of \xe2\x80\x98\x1b[01m\x1b[Kboost::detail::variant::holds_element<boost::variant<pinocchio::JointModelRevoluteTpl<double, 0, 0>, pinocchio::JointModelRevoluteTpl<double, 0, 1>, pinocchio::JointModelRevoluteTpl<double, 0, 2>, pinocchio::JointModelFreeFlyerTpl<double, 0>, pinocchio::JointModelPlanarTpl<double, 0>, pinocchio::JointModelRevoluteUnalignedTpl<double, 0>, pinocchio::JointModelSphericalTpl<double, 0>, pinocchio::JointModelSphericalZYXTpl<double, 0>, pinocchio::JointModelEllipsoidTpl<double, 0>, pinocchio::JointModelPrismaticTpl<double, 0, 0>, pinocchio::JointModelPrismaticTpl<double, 0, 1>, pinocchio::JointModelPrismaticTpl<double, 0, 2>, pinocchio::JointModelPrismaticUnalignedTpl<double, 0>, pinocchio::JointModelTranslationTpl<double, 0>, pinocchio::JointModelRevoluteUnboundedTpl<double, 0, 0>, pinocchio::JointModelRevoluteUnboundedTpl<double, 0, 1>, pinocchio::JointModelRevoluteUnboundedTpl<double, 0, 2>, pinocchio::JointModelRevoluteUnboundedUnalignedTpl<double, 0>, pinocchio::JointModelHelicalTpl<double, 0, 0>, pinocchio::JointModelHelicalTpl<double, 0, 1>, pinocchio::JointModelHelicalTpl<double, 0, 2>, pinocchio::JointModelHelicalUnalignedTpl<double, 0>, pinocchio::JointModelUniversalTpl<double, 0>, boost::recursive_wrapper<pinocchio::JointModelCompositeTpl<double, 0, pinocchio::JointCollectionDefaultTpl> >, boost::recursive_wrapper<pinocchio::JointModelMimicTpl<double, 0, pinocchio::JointCollectionDefaultTpl> > >, pinocchio::JointModelMimicTpl<double> >\x1b[m\x1b[K\xe2\x80\x99\n'}
[6.691508] (gim_arm_hardware) StderrLine: {'line': b'  220 |     \x1b[01;31m\x1b[KBOOST_STATIC_ASSERT_MSG\x1b[m\x1b[K(\n'}
[6.691568] (gim_arm_hardware) StderrLine: {'line': b'      |     \x1b[01;31m\x1b[K^~~~~~~~~~~~~~~~~~~~~~~\x1b[m\x1b[K\n'}
[6.721273] (-) TimerEvent: {}
[6.821584] (-) TimerEvent: {}
[6.921926] (-) TimerEvent: {}
[7.022285] (-) TimerEvent: {}
[7.122626] (-) TimerEvent: {}
[7.164694] (gim_arm_hardware) StderrLine: {'line': b'In file included from \x1b[01m\x1b[K/usr/include/boost/variant.hpp:17\x1b[m\x1b[K,\n'}
[7.164906] (gim_arm_hardware) StderrLine: {'line': b'                 from \x1b[01m\x1b[K/opt/ros/humble/include/pinocchio/multibody.hpp:21\x1b[m\x1b[K,\n'}
[7.164991] (gim_arm_hardware) StderrLine: {'line': b'                 from \x1b[01m\x1b[K/opt/ros/humble/include/pinocchio/parsers/urdf.hpp:27\x1b[m\x1b[K,\n'}
[7.165049] (gim_arm_hardware) StderrLine: {'line': b'                 from \x1b[01m\x1b[K/home/minh/gim60108_ws/src/gim_arm_hardware/include/gim_arm_hardware/gim_arm_system.hpp:25\x1b[m\x1b[K,\n'}
[7.165104] (gim_arm_hardware) StderrLine: {'line': b'                 from \x1b[01m\x1b[K/home/minh/gim60108_ws/src/gim_arm_hardware/src/gim_arm_system.cpp:1\x1b[m\x1b[K:\n'}
[7.165177] (gim_arm_hardware) StderrLine: {'line': b'/usr/include/boost/variant/variant.hpp: In instantiation of \xe2\x80\x98\x1b[01m\x1b[Kboost::variant<T0, TN>::variant(boost::variant<T0, TN>&&) [with T0_ = pinocchio::JointModelRevoluteTpl<double, 0, 0>; TN = {pinocchio::JointModelRevoluteTpl<double, 0, 1>, pinocchio::JointModelRevoluteTpl<double, 0, 2>, pinocchio::JointModelFreeFlyerTpl<double, 0>, pinocchio::JointModelPlanarTpl<double, 0>, pinocchio::JointModelRevoluteUnalignedTpl<double, 0>, pinocchio::JointModelSphericalTpl<double, 0>, pinocchio::JointModelSphericalZYXTpl<double, 0>, pinocchio::JointModelEllipsoidTpl<double, 0>, pinocchio::JointModelPrismaticTpl<double, 0, 0>, pinocchio::JointModelPrismaticTpl<double, 0, 1>, pinocchio::JointModelPrismaticTpl<double, 0, 2>, pinocchio::JointModelPrismaticUnalignedTpl<double, 0>, pinocchio::JointModelTranslationTpl<double, 0>, pinocchio::JointModelRevoluteUnboundedTpl<double, 0, 0>, pinocchio::JointModelRevoluteUnboundedTpl<double, 0, 1>, pinocchio::JointModelRevoluteUnboundedTpl<double, 0, 2>, pinocchio::JointModelRevoluteUnboundedUnalignedTpl<double, 0>, pinocchio::JointModelHelicalTpl<double, 0, 0>, pinocchio::JointModelHelicalTpl<double, 0, 1>, pinocchio::JointModelHelicalTpl<double, 0, 2>, pinocchio::JointModelHelicalUnalignedTpl<double, 0>, pinocchio::JointModelUniversalTpl<double, 0>, boost::recursive_wrapper<pinocchio::JointModelCompositeTpl<double, 0, pinocchio::JointCollectionDefaultTpl> >, boost::recursive_wrapper<pinocchio::JointModelMimicTpl<double, 0, pinocchio::JointCollectionDefaultTpl> >}]\x1b[m\x1b[K\xe2\x80\x99:\n'}
[7.165256] (gim_arm_hardware) StderrLine: {'line': b'\x1b[01m\x1b[K/opt/ros/humble/include/pinocchio/src/multibody/joint/joint-generic.hxx:256:10:\x1b[m\x1b[K   required from \xe2\x80\x98\x1b[01m\x1b[Kvoid __gnu_cxx::new_allocator<_Tp>::construct(_Up*, _Args&& ...) [with _Up = pinocchio::JointModelTpl<double>; _Args = {pinocchio::JointModelTpl<double, 0, pinocchio::JointCollectionDefaultTpl>}; _Tp = pinocchio::JointModelTpl<double>]\x1b[m\x1b[K\xe2\x80\x99\n'}
[7.165311] (gim_arm_hardware) StderrLine: {'line': b'\x1b[01m\x1b[K/usr/include/c++/11/bits/alloc_traits.h:516:17:\x1b[m\x1b[K   required from \xe2\x80\x98\x1b[01m\x1b[Kstatic void std::allocator_traits<std::allocator<_CharT> >::construct(std::allocator_traits<std::allocator<_CharT> >::allocator_type&, _Up*, _Args&& ...) [with _Up = pinocchio::JointModelTpl<double>; _Args = {pinocchio::JointModelTpl<double, 0, pinocchio::JointCollectionDefaultTpl>}; _Tp = pinocchio::JointModelTpl<double>; std::allocator_traits<std::allocator<_CharT> >::allocator_type = std::allocator<pinocchio::JointModelTpl<double> >]\x1b[m\x1b[K\xe2\x80\x99\n'}
[7.165386] (gim_arm_hardware) StderrLine: {'line': b'\x1b[01m\x1b[K/usr/include/c++/11/bits/vector.tcc:115:30:\x1b[m\x1b[K   required from \xe2\x80\x98\x1b[01m\x1b[Kstd::vector<_Tp, _Alloc>::reference std::vector<_Tp, _Alloc>::emplace_back(_Args&& ...) [with _Args = {pinocchio::JointModelTpl<double, 0, pinocchio::JointCollectionDefaultTpl>}; _Tp = pinocchio::JointModelTpl<double>; _Alloc = std::allocator<pinocchio::JointModelTpl<double> >; std::vector<_Tp, _Alloc>::reference = pinocchio::JointModelTpl<double>&]\x1b[m\x1b[K\xe2\x80\x99\n'}
[7.165438] (gim_arm_hardware) StderrLine: {'line': b'\x1b[01m\x1b[K/usr/include/c++/11/bits/stl_vector.h:1204:21:\x1b[m\x1b[K   required from \xe2\x80\x98\x1b[01m\x1b[Kvoid std::vector<_Tp, _Alloc>::push_back(std::vector<_Tp, _Alloc>::value_type&&) [with _Tp = pinocchio::JointModelTpl<double>; _Alloc = std::allocator<pinocchio::JointModelTpl<double> >; std::vector<_Tp, _Alloc>::value_type = pinocchio::JointModelTpl<double>]\x1b[m\x1b[K\xe2\x80\x99\n'}
[7.165491] (gim_arm_hardware) StderrLine: {'line': b'\x1b[01m\x1b[K/opt/ros/humble/include/pinocchio/src/multibody/model.hxx:867:21:\x1b[m\x1b[K   required from \xe2\x80\x98\x1b[01m\x1b[Kpinocchio::ModelTpl<_Scalar, _Options, JointCollectionTpl>::JointIndex pinocchio::ModelTpl<_Scalar, _Options, JointCollectionTpl>::addJoint(pinocchio::ModelTpl<_Scalar, _Options, JointCollectionTpl>::JointIndex, const JointModel&, const SE3&, const string&, const VectorXs&, const VectorXs&, const VectorXs&, const VectorXs&, const VectorXs&, const VectorXs&, const VectorXs&, const VectorXs&, const VectorXs&, const VectorXs&) [with _Scalar = double; int _Options = 0; JointCollectionTpl = pinocchio::JointCollectionDefaultTpl; pinocchio::ModelTpl<_Scalar, _Options, JointCollectionTpl>::JointIndex = long unsigned int; pinocchio::ModelTpl<_Scalar, _Options, JointCollectionTpl>::JointModel = pinocchio::JointModelTpl<double>; pinocchio::ModelTpl<_Scalar, _Options, JointCollectionTpl>::SE3 = pinocchio::SE3Tpl<double, 0>; std::string = std::__cxx11::basic_string<char>; pinocchio::ModelTpl<_Scalar, _Options, JointCollectionTpl>::VectorXs = Eigen::Matrix<double, -1, 1>]\x1b[m\x1b[K\xe2\x80\x99\n'}
[7.165551] (gim_arm_hardware) StderrLine: {'line': b'\x1b[01m\x1b[K/opt/ros/humble/include/pinocchio/src/parsers/urdf/model.hxx:235:38:\x1b[m\x1b[K   required from here\n'}
[7.165600] (gim_arm_hardware) StderrLine: {'line': b'\x1b[01m\x1b[K/usr/include/boost/variant/variant.hpp:1773:45:\x1b[m\x1b[K \x1b[01;31m\x1b[Kerror: \x1b[m\x1b[Kusing invalid field \xe2\x80\x98\x1b[01m\x1b[Kboost::variant<T0, TN>::storage_\x1b[m\x1b[K\xe2\x80\x99\n'}
[7.165648] (gim_arm_hardware) StderrLine: {'line': b' 1773 |         detail::variant::move_into visitor( \x1b[01;31m\x1b[Kstorage_\x1b[m\x1b[K.address() );\n'}
[7.165696] (gim_arm_hardware) StderrLine: {'line': b'      |                                             \x1b[01;31m\x1b[K^~~~~~~~\x1b[m\x1b[K\n'}
[7.184532] (gim_arm_hardware) StderrLine: {'line': b'/usr/include/boost/variant/variant.hpp: In instantiation of \xe2\x80\x98\x1b[01m\x1b[Ktypename Visitor::result_type boost::variant<T0, TN>::internal_apply_visitor(Visitor&) const [with Visitor = boost::detail::variant::invoke_visitor<const pinocchio::CheckMimicVisitor<pinocchio::JointModelTpl<double> >, false>; T0_ = pinocchio::JointModelRevoluteTpl<double, 0, 0>; TN = {pinocchio::JointModelRevoluteTpl<double, 0, 1>, pinocchio::JointModelRevoluteTpl<double, 0, 2>, pinocchio::JointModelFreeFlyerTpl<double, 0>, pinocchio::JointModelPlanarTpl<double, 0>, pinocchio::JointModelRevoluteUnalignedTpl<double, 0>, pinocchio::JointModelSphericalTpl<double, 0>, pinocchio::JointModelSphericalZYXTpl<double, 0>, pinocchio::JointModelEllipsoidTpl<double, 0>, pinocchio::JointModelPrismaticTpl<double, 0, 0>, pinocchio::JointModelPrismaticTpl<double, 0, 1>, pinocchio::JointModelPrismaticTpl<double, 0, 2>, pinocchio::JointModelPrismaticUnalignedTpl<double, 0>, pinocchio::JointModelTranslationTpl<double, 0>, pinocchio::JointModelRevoluteUnboundedTpl<double, 0, 0>, pinocchio::JointModelRevoluteUnboundedTpl<double, 0, 1>, pinocchio::JointModelRevoluteUnboundedTpl<double, 0, 2>, pinocchio::JointModelRevoluteUnboundedUnalignedTpl<double, 0>, pinocchio::JointModelHelicalTpl<double, 0, 0>, pinocchio::JointModelHelicalTpl<double, 0, 1>, pinocchio::JointModelHelicalTpl<double, 0, 2>, pinocchio::JointModelHelicalUnalignedTpl<double, 0>, pinocchio::JointModelUniversalTpl<double, 0>, boost::recursive_wrapper<pinocchio::JointModelCompositeTpl<double, 0, pinocchio::JointCollectionDefaultTpl> >, boost::recursive_wrapper<pinocchio::JointModelMimicTpl<double, 0, pinocchio::JointCollectionDefaultTpl> >}; typename Visitor::result_type = pinocchio::JointModelTpl<double>]\x1b[m\x1b[K\xe2\x80\x99:\n'}
[7.184744] (gim_arm_hardware) StderrLine: {'line': b'\x1b[01m\x1b[K/usr/include/boost/variant/variant.hpp:2404:44:\x1b[m\x1b[K   required from \xe2\x80\x98\x1b[01m\x1b[Ktypename Visitor::result_type boost::variant<T0, TN>::apply_visitor(Visitor&) const & [with Visitor = const pinocchio::CheckMimicVisitor<pinocchio::JointModelTpl<double> >; T0_ = pinocchio::JointModelRevoluteTpl<double, 0, 0>; TN = {pinocchio::JointModelRevoluteTpl<double, 0, 1>, pinocchio::JointModelRevoluteTpl<double, 0, 2>, pinocchio::JointModelFreeFlyerTpl<double, 0>, pinocchio::JointModelPlanarTpl<double, 0>, pinocchio::JointModelRevoluteUnalignedTpl<double, 0>, pinocchio::JointModelSphericalTpl<double, 0>, pinocchio::JointModelSphericalZYXTpl<double, 0>, pinocchio::JointModelEllipsoidTpl<double, 0>, pinocchio::JointModelPrismaticTpl<double, 0, 0>, pinocchio::JointModelPrismaticTpl<double, 0, 1>, pinocchio::JointModelPrismaticTpl<double, 0, 2>, pinocchio::JointModelPrismaticUnalignedTpl<double, 0>, pinocchio::JointModelTranslationTpl<double, 0>, pinocchio::JointModelRevoluteUnboundedTpl<double, 0, 0>, pinocchio::JointModelRevoluteUnboundedTpl<double, 0, 1>, pinocchio::JointModelRevoluteUnboundedTpl<double, 0, 2>, pinocchio::JointModelRevoluteUnboundedUnalignedTpl<double, 0>, pinocchio::JointModelHelicalTpl<double, 0, 0>, pinocchio::JointModelHelicalTpl<double, 0, 1>, pinocchio::JointModelHelicalTpl<double, 0, 2>, pinocchio::JointModelHelicalUnalignedTpl<double, 0>, pinocchio::JointModelUniversalTpl<double, 0>, boost::recursive_wrapper<pinocchio::JointModelCompositeTpl<double, 0, pinocchio::JointCollectionDefaultTpl> >, boost::recursive_wrapper<pinocchio::JointModelMimicTpl<double, 0, pinocchio::JointCollectionDefaultTpl> >}; typename Visitor::result_type = pinocchio::JointModelTpl<double>]\x1b[m\x1b[K\xe2\x80\x99\n'}
[7.184863] (gim_arm_hardware) StderrLine: {'line': b'\x1b[01m\x1b[K/usr/include/boost/variant/detail/apply_visitor_unary.hpp:68:64:\x1b[m\x1b[K   required from \xe2\x80\x98\x1b[01m\x1b[Ktypename Visitor::result_type boost::apply_visitor(const Visitor&, Visitable&&) [with Visitor = pinocchio::CheckMimicVisitor<pinocchio::JointModelTpl<double> >; Visitable = const pinocchio::JointModelTpl<double>&; typename Visitor::result_type = pinocchio::JointModelTpl<double>]\x1b[m\x1b[K\xe2\x80\x99\n'}
[7.184954] (gim_arm_hardware) StderrLine: {'line': b'\x1b[01m\x1b[K/opt/ros/humble/include/pinocchio/src/multibody/joint/joint-basic-visitors.hxx:1546:32:\x1b[m\x1b[K   required from \xe2\x80\x98\x1b[01m\x1b[KJointModel pinocchio::checkMimic(const JointModel&) [with JointModel = pinocchio::JointModelTpl<double>]\x1b[m\x1b[K\xe2\x80\x99\n'}
[7.185020] (gim_arm_hardware) StderrLine: {'line': b'\x1b[01m\x1b[K/opt/ros/humble/include/pinocchio/src/multibody/joint/joint-mimic.hxx:582:36:\x1b[m\x1b[K   required from \xe2\x80\x98\x1b[01m\x1b[Kpinocchio::JointModelMimicTpl<Scalar, Options, JointCollectionTpl>::JointModelMimicTpl(const pinocchio::JointModelBase<OtherDerived>&, const pinocchio::JointModelBase<JointModelDerived2>&, const Scalar&, const Scalar&) [with JointModelMimicking = pinocchio::JointModelRevoluteTpl<double, 0, 0>; JointModelMimicked = pinocchio::JointModelTpl<double>; _Scalar = double; int _Options = 0; JointCollectionTpl = pinocchio::JointCollectionDefaultTpl; pinocchio::JointModelMimicTpl<Scalar, Options, JointCollectionTpl>::Scalar = double]\x1b[m\x1b[K\xe2\x80\x99\n'}
[7.185100] (gim_arm_hardware) StderrLine: {'line': b'\x1b[01m\x1b[K/opt/ros/humble/include/pinocchio/src/parsers/urdf/model.hxx:556:41:\x1b[m\x1b[K   required from \xe2\x80\x98\x1b[01m\x1b[Kpinocchio::JointIndex pinocchio::urdf::details::UrdfVisitor::addMimicJoint(const Frame&, const SE3&, const string&, const VectorConstRef&, const VectorConstRef&, const VectorConstRef&, const VectorConstRef&, const VectorConstRef&, const VectorConstRef&, const VectorConstRef&, const VectorConstRef&, const VectorConstRef&, const VectorConstRef&, const pinocchio::urdf::details::MimicInfo&) [with TypeX = pinocchio::JointModelRevoluteTpl<double, 0, 0>; TypeY = pinocchio::JointModelRevoluteTpl<double, 0, 1>; TypeZ = pinocchio::JointModelRevoluteTpl<double, 0, 2>; TypeUnaligned = pinocchio::JointModelRevoluteUnalignedTpl<double>; pinocchio::JointIndex = long unsigned int; pinocchio::urdf::details::UrdfVisitor::Frame = pinocchio::FrameTpl<double, 0>; pinocchio::urdf::details::UrdfVisitor::SE3 = pinocchio::SE3Tpl<double, 0>; std::string = std::__cxx11::basic_string<char>; pinocchio::urdf::details::UrdfVisitor::VectorConstRef = Eigen::Ref<const Eigen::Matrix<double, -1, 1> >]\x1b[m\x1b[K\xe2\x80\x99\n'}
[7.185204] (gim_arm_hardware) StderrLine: {'line': b'\x1b[01m\x1b[K/opt/ros/humble/include/pinocchio/src/parsers/urdf/model.hxx:290:73:\x1b[m\x1b[K   required from here\n'}
[7.185267] (gim_arm_hardware) StderrLine: {'line': b'\x1b[01m\x1b[K/usr/include/boost/variant/variant.hpp:2359:41:\x1b[m\x1b[K \x1b[01;31m\x1b[Kerror: \x1b[m\x1b[Kusing invalid field \xe2\x80\x98\x1b[01m\x1b[Kboost::variant<T0, TN>::storage_\x1b[m\x1b[K\xe2\x80\x99\n'}
[7.185330] (gim_arm_hardware) StderrLine: {'line': b' 2359 |               which_, which(), visitor, \x1b[01;31m\x1b[Kstorage_\x1b[m\x1b[K.address()\n'}
[7.185391] (gim_arm_hardware) StderrLine: {'line': b'      |                                         \x1b[01;31m\x1b[K^~~~~~~~\x1b[m\x1b[K\n'}
[7.222754] (-) TimerEvent: {}
[7.242175] (gim_arm_hardware) StderrLine: {'line': b'/usr/include/boost/variant/variant.hpp: In instantiation of \xe2\x80\x98\x1b[01m\x1b[Ktypename Visitor::result_type boost::variant<T0, TN>::internal_apply_visitor(Visitor&) const [with Visitor = boost::detail::variant::invoke_visitor<const pinocchio::CreateJointData<double, 0, pinocchio::JointCollectionDefaultTpl>, false>; T0_ = pinocchio::JointModelRevoluteTpl<double, 0, 0>; TN = {pinocchio::JointModelRevoluteTpl<double, 0, 1>, pinocchio::JointModelRevoluteTpl<double, 0, 2>, pinocchio::JointModelFreeFlyerTpl<double, 0>, pinocchio::JointModelPlanarTpl<double, 0>, pinocchio::JointModelRevoluteUnalignedTpl<double, 0>, pinocchio::JointModelSphericalTpl<double, 0>, pinocchio::JointModelSphericalZYXTpl<double, 0>, pinocchio::JointModelEllipsoidTpl<double, 0>, pinocchio::JointModelPrismaticTpl<double, 0, 0>, pinocchio::JointModelPrismaticTpl<double, 0, 1>, pinocchio::JointModelPrismaticTpl<double, 0, 2>, pinocchio::JointModelPrismaticUnalignedTpl<double, 0>, pinocchio::JointModelTranslationTpl<double, 0>, pinocchio::JointModelRevoluteUnboundedTpl<double, 0, 0>, pinocchio::JointModelRevoluteUnboundedTpl<double, 0, 1>, pinocchio::JointModelRevoluteUnboundedTpl<double, 0, 2>, pinocchio::JointModelRevoluteUnboundedUnalignedTpl<double, 0>, pinocchio::JointModelHelicalTpl<double, 0, 0>, pinocchio::JointModelHelicalTpl<double, 0, 1>, pinocchio::JointModelHelicalTpl<double, 0, 2>, pinocchio::JointModelHelicalUnalignedTpl<double, 0>, pinocchio::JointModelUniversalTpl<double, 0>, boost::recursive_wrapper<pinocchio::JointModelCompositeTpl<double, 0, pinocchio::JointCollectionDefaultTpl> >, boost::recursive_wrapper<pinocchio::JointModelMimicTpl<double, 0, pinocchio::JointCollectionDefaultTpl> >}; typename Visitor::result_type = pinocchio::JointDataTpl<double>]\x1b[m\x1b[K\xe2\x80\x99:\n'}
[7.242634] (gim_arm_hardware) StderrLine: {'line': b'\x1b[01m\x1b[K/usr/include/boost/variant/variant.hpp:2404:44:\x1b[m\x1b[K   required from \xe2\x80\x98\x1b[01m\x1b[Ktypename Visitor::result_type boost::variant<T0, TN>::apply_visitor(Visitor&) const & [with Visitor = const pinocchio::CreateJointData<double, 0, pinocchio::JointCollectionDefaultTpl>; T0_ = pinocchio::JointModelRevoluteTpl<double, 0, 0>; TN = {pinocchio::JointModelRevoluteTpl<double, 0, 1>, pinocchio::JointModelRevoluteTpl<double, 0, 2>, pinocchio::JointModelFreeFlyerTpl<double, 0>, pinocchio::JointModelPlanarTpl<double, 0>, pinocchio::JointModelRevoluteUnalignedTpl<double, 0>, pinocchio::JointModelSphericalTpl<double, 0>, pinocchio::JointModelSphericalZYXTpl<double, 0>, pinocchio::JointModelEllipsoidTpl<double, 0>, pinocchio::JointModelPrismaticTpl<double, 0, 0>, pinocchio::JointModelPrismaticTpl<double, 0, 1>, pinocchio::JointModelPrismaticTpl<double, 0, 2>, pinocchio::JointModelPrismaticUnalignedTpl<double, 0>, pinocchio::JointModelTranslationTpl<double, 0>, pinocchio::JointModelRevoluteUnboundedTpl<double, 0, 0>, pinocchio::JointModelRevoluteUnboundedTpl<double, 0, 1>, pinocchio::JointModelRevoluteUnboundedTpl<double, 0, 2>, pinocchio::JointModelRevoluteUnboundedUnalignedTpl<double, 0>, pinocchio::JointModelHelicalTpl<double, 0, 0>, pinocchio::JointModelHelicalTpl<double, 0, 1>, pinocchio::JointModelHelicalTpl<double, 0, 2>, pinocchio::JointModelHelicalUnalignedTpl<double, 0>, pinocchio::JointModelUniversalTpl<double, 0>, boost::recursive_wrapper<pinocchio::JointModelCompositeTpl<double, 0, pinocchio::JointCollectionDefaultTpl> >, boost::recursive_wrapper<pinocchio::JointModelMimicTpl<double, 0, pinocchio::JointCollectionDefaultTpl> >}; typename Visitor::result_type = pinocchio::JointDataTpl<double>]\x1b[m\x1b[K\xe2\x80\x99\n'}
[7.242744] (gim_arm_hardware) StderrLine: {'line': b'\x1b[01m\x1b[K/usr/include/boost/variant/detail/apply_visitor_unary.hpp:68:64:\x1b[m\x1b[K   required from \xe2\x80\x98\x1b[01m\x1b[Ktypename Visitor::result_type boost::apply_visitor(const Visitor&, Visitable&&) [with Visitor = pinocchio::CreateJointData<double, 0, pinocchio::JointCollectionDefaultTpl>; Visitable = const boost::variant<pinocchio::JointModelRevoluteTpl<double, 0, 0>, pinocchio::JointModelRevoluteTpl<double, 0, 1>, pinocchio::JointModelRevoluteTpl<double, 0, 2>, pinocchio::JointModelFreeFlyerTpl<double, 0>, pinocchio::JointModelPlanarTpl<double, 0>, pinocchio::JointModelRevoluteUnalignedTpl<double, 0>, pinocchio::JointModelSphericalTpl<double, 0>, pinocchio::JointModelSphericalZYXTpl<double, 0>, pinocchio::JointModelEllipsoidTpl<double, 0>, pinocchio::JointModelPrismaticTpl<double, 0, 0>, pinocchio::JointModelPrismaticTpl<double, 0, 1>, pinocchio::JointModelPrismaticTpl<double, 0, 2>, pinocchio::JointModelPrismaticUnalignedTpl<double, 0>, pinocchio::JointModelTranslationTpl<double, 0>, pinocchio::JointModelRevoluteUnboundedTpl<double, 0, 0>, pinocchio::JointModelRevoluteUnboundedTpl<double, 0, 1>, pinocchio::JointModelRevoluteUnboundedTpl<double, 0, 2>, pinocchio::JointModelRevoluteUnboundedUnalignedTpl<double, 0>, pinocchio::JointModelHelicalTpl<double, 0, 0>, pinocchio::JointModelHelicalTpl<double, 0, 1>, pinocchio::JointModelHelicalTpl<double, 0, 2>, pinocchio::JointModelHelicalUnalignedTpl<double, 0>, pinocchio::JointModelUniversalTpl<double, 0>, boost::recursive_wrapper<pinocchio::JointModelCompositeTpl<double, 0, pinocchio::JointCollectionDefaultTpl> >, boost::recursive_wrapper<pinocchio::JointModelMimicTpl<double, 0, pinocchio::JointCollectionDefaultTpl> > >&; typename Visitor::result_type = pinocchio::JointDataTpl<double>]\x1b[m\x1b[K\xe2\x80\x99\n'}
[7.243095] (gim_arm_hardware) StderrLine: {'line': b'\x1b[01m\x1b[K/opt/ros/humble/include/pinocchio/src/multibody/joint/joint-basic-visitors.hxx:550:34:\x1b[m\x1b[K   required from \xe2\x80\x98\x1b[01m\x1b[Kstatic pinocchio::CreateJointData<Scalar, Options, JointCollectionTpl>::JointDataVariant pinocchio::CreateJointData<Scalar, Options, JointCollectionTpl>::run(const JointModelVariant&) [with Scalar = double; int Options = 0; JointCollectionTpl = pinocchio::JointCollectionDefaultTpl; pinocchio::CreateJointData<Scalar, Options, JointCollectionTpl>::JointDataVariant = pinocchio::JointDataTpl<double>; pinocchio::CreateJointData<Scalar, Options, JointCollectionTpl>::JointModelVariant = boost::variant<pinocchio::JointModelRevoluteTpl<double, 0, 0>, pinocchio::JointModelRevoluteTpl<double, 0, 1>, pinocchio::JointModelRevoluteTpl<double, 0, 2>, pinocchio::JointModelFreeFlyerTpl<double, 0>, pinocchio::JointModelPlanarTpl<double, 0>, pinocchio::JointModelRevoluteUnalignedTpl<double, 0>, pinocchio::JointModelSphericalTpl<double, 0>, pinocchio::JointModelSphericalZYXTpl<double, 0>, pinocchio::JointModelEllipsoidTpl<double, 0>, pinocchio::JointModelPrismaticTpl<double, 0, 0>, pinocchio::JointModelPrismaticTpl<double, 0, 1>, pinocchio::JointModelPrismaticTpl<double, 0, 2>, pinocchio::JointModelPrismaticUnalignedTpl<double, 0>, pinocchio::JointModelTranslationTpl<double, 0>, pinocchio::JointModelRevoluteUnboundedTpl<double, 0, 0>, pinocchio::JointModelRevoluteUnboundedTpl<double, 0, 1>, pinocchio::JointModelRevoluteUnboundedTpl<double, 0, 2>, pinocchio::JointModelRevoluteUnboundedUnalignedTpl<double, 0>, pinocchio::JointModelHelicalTpl<double, 0, 0>, pinocchio::JointModelHelicalTpl<double, 0, 1>, pinocchio::JointModelHelicalTpl<double, 0, 2>, pinocchio::JointModelHelicalUnalignedTpl<double, 0>, pinocchio::JointModelUniversalTpl<double, 0>, boost::recursive_wrapper<pinocchio::JointModelCompositeTpl<double, 0, pinocchio::JointCollectionDefaultTpl> >, boost::recursive_wrapper<pinocchio::JointModelMimicTpl<double, 0, pinocchio::JointCollectionDefaultTpl> > >]\x1b[m\x1b[K\xe2\x80\x99\n'}
[7.243236] (gim_arm_hardware) StderrLine: {'line': b'\x1b[01m\x1b[K/opt/ros/humble/include/pinocchio/src/multibody/data.hxx:802:40:\x1b[m\x1b[K   required from \xe2\x80\x98\x1b[01m\x1b[Kpinocchio::DataTpl<_Scalar, _Options, JointCollectionTpl>::DataTpl(const Model&) [with _Scalar = double; int _Options = 0; JointCollectionTpl = pinocchio::JointCollectionDefaultTpl; pinocchio::DataTpl<_Scalar, _Options, JointCollectionTpl>::Model = pinocchio::ModelTpl<double, 0>]\x1b[m\x1b[K\xe2\x80\x99\n'}
[7.243330] (gim_arm_hardware) StderrLine: {'line': b'\x1b[01m\x1b[K/usr/include/c++/11/bits/unique_ptr.h:962:30:\x1b[m\x1b[K   required from \xe2\x80\x98\x1b[01m\x1b[Ktypename std::_MakeUniq<_Tp>::__single_object std::make_unique(_Args&& ...) [with _Tp = pinocchio::DataTpl<double, 0>; _Args = {pinocchio::ModelTpl<double, 0, pinocchio::JointCollectionDefaultTpl>&}; typename std::_MakeUniq<_Tp>::__single_object = std::unique_ptr<pinocchio::DataTpl<double, 0> >]\x1b[m\x1b[K\xe2\x80\x99\n'}
[7.243399] (gim_arm_hardware) StderrLine: {'line': b'\x1b[01m\x1b[K/home/minh/gim60108_ws/src/gim_arm_hardware/src/gim_arm_system.cpp:134:52:\x1b[m\x1b[K   required from here\n'}
[7.243466] (gim_arm_hardware) StderrLine: {'line': b'\x1b[01m\x1b[K/usr/include/boost/variant/variant.hpp:2359:41:\x1b[m\x1b[K \x1b[01;31m\x1b[Kerror: \x1b[m\x1b[Kusing invalid field \xe2\x80\x98\x1b[01m\x1b[Kboost::variant<T0, TN>::storage_\x1b[m\x1b[K\xe2\x80\x99\n'}
[7.243538] (gim_arm_hardware) StderrLine: {'line': b'In file included from \x1b[01m\x1b[K/usr/include/boost/optional/optional.hpp:33\x1b[m\x1b[K,\n'}
[7.243598] (gim_arm_hardware) StderrLine: {'line': b'                 from \x1b[01m\x1b[K/usr/include/boost/optional.hpp:15\x1b[m\x1b[K,\n'}
[7.243642] (gim_arm_hardware) StderrLine: {'line': b'                 from \x1b[01m\x1b[K/opt/ros/humble/include/pinocchio/parsers/urdf.hpp:16\x1b[m\x1b[K,\n'}
[7.243666] (gim_arm_hardware) StderrLine: {'line': b'                 from \x1b[01m\x1b[K/home/minh/gim60108_ws/src/gim_arm_hardware/include/gim_arm_hardware/gim_arm_system.hpp:25\x1b[m\x1b[K,\n'}
[7.243691] (gim_arm_hardware) StderrLine: {'line': b'                 from \x1b[01m\x1b[K/home/minh/gim60108_ws/src/gim_arm_hardware/src/gim_arm_system.cpp:1\x1b[m\x1b[K:\n'}
[7.243715] (gim_arm_hardware) StderrLine: {'line': b'/usr/include/boost/variant/get.hpp: In instantiation of \xe2\x80\x98\x1b[01m\x1b[Ktypename boost::add_pointer<const U>::type boost::strict_get(const boost::variant<T0, TN ...>*) [with U = pinocchio::JointModelMimicTpl<double>; T0 = pinocchio::JointModelRevoluteTpl<double, 0, 0>; TN = {pinocchio::JointModelRevoluteTpl<double, 0, 1>, pinocchio::JointModelRevoluteTpl<double, 0, 2>, pinocchio::JointModelFreeFlyerTpl<double, 0>, pinocchio::JointModelPlanarTpl<double, 0>, pinocchio::JointModelRevoluteUnalignedTpl<double, 0>, pinocchio::JointModelSphericalTpl<double, 0>, pinocchio::JointModelSphericalZYXTpl<double, 0>, pinocchio::JointModelEllipsoidTpl<double, 0>, pinocchio::JointModelPrismaticTpl<double, 0, 0>, pinocchio::JointModelPrismaticTpl<double, 0, 1>, pinocchio::JointModelPrismaticTpl<double, 0, 2>, pinocchio::JointModelPrismaticUnalignedTpl<double, 0>, pinocchio::JointModelTranslationTpl<double, 0>, pinocchio::JointModelRevoluteUnboundedTpl<double, 0, 0>, pinocchio::JointModelRevoluteUnboundedTpl<double, 0, 1>, pinocchio::JointModelRevoluteUnboundedTpl<double, 0, 2>, pinocchio::JointModelRevoluteUnboundedUnalignedTpl<double, 0>, pinocchio::JointModelHelicalTpl<double, 0, 0>, pinocchio::JointModelHelicalTpl<double, 0, 1>, pinocchio::JointModelHelicalTpl<double, 0, 2>, pinocchio::JointModelHelicalUnalignedTpl<double, 0>, pinocchio::JointModelUniversalTpl<double, 0>, boost::recursive_wrapper<pinocchio::JointModelCompositeTpl<double, 0, pinocchio::JointCollectionDefaultTpl> >, boost::recursive_wrapper<pinocchio::JointModelMimicTpl<double, 0, pinocchio::JointCollectionDefaultTpl> >}; typename boost::add_pointer<const U>::type = const pinocchio::JointModelMimicTpl<double>*]\x1b[m\x1b[K\xe2\x80\x99:\n'}
[7.243752] (gim_arm_hardware) StderrLine: {'line': b'\x1b[01m\x1b[K/usr/include/boost/variant/get.hpp:335:25:\x1b[m\x1b[K   required from \xe2\x80\x98\x1b[01m\x1b[Ktypename boost::add_pointer<const U>::type boost::get(const boost::variant<T0, TN ...>*) [with U = pinocchio::JointModelMimicTpl<double>; T0 = pinocchio::JointModelRevoluteTpl<double, 0, 0>; TN = {pinocchio::JointModelRevoluteTpl<double, 0, 1>, pinocchio::JointModelRevoluteTpl<double, 0, 2>, pinocchio::JointModelFreeFlyerTpl<double, 0>, pinocchio::JointModelPlanarTpl<double, 0>, pinocchio::JointModelRevoluteUnalignedTpl<double, 0>, pinocchio::JointModelSphericalTpl<double, 0>, pinocchio::JointModelSphericalZYXTpl<double, 0>, pinocchio::JointModelEllipsoidTpl<double, 0>, pinocchio::JointModelPrismaticTpl<double, 0, 0>, pinocchio::JointModelPrismaticTpl<double, 0, 1>, pinocchio::JointModelPrismaticTpl<double, 0, 2>, pinocchio::JointModelPrismaticUnalignedTpl<double, 0>, pinocchio::JointModelTranslationTpl<double, 0>, pinocchio::JointModelRevoluteUnboundedTpl<double, 0, 0>, pinocchio::JointModelRevoluteUnboundedTpl<double, 0, 1>, pinocchio::JointModelRevoluteUnboundedTpl<double, 0, 2>, pinocchio::JointModelRevoluteUnboundedUnalignedTpl<double, 0>, pinocchio::JointModelHelicalTpl<double, 0, 0>, pinocchio::JointModelHelicalTpl<double, 0, 1>, pinocchio::JointModelHelicalTpl<double, 0, 2>, pinocchio::JointModelHelicalUnalignedTpl<double, 0>, pinocchio::JointModelUniversalTpl<double, 0>, boost::recursive_wrapper<pinocchio::JointModelCompositeTpl<double, 0, pinocchio::JointCollectionDefaultTpl> >, boost::recursive_wrapper<pinocchio::JointModelMimicTpl<double, 0, pinocchio::JointCollectionDefaultTpl> >}; typename boost::add_pointer<const U>::type = const pinocchio::JointModelMimicTpl<double>*]\x1b[m\x1b[K\xe2\x80\x99\n'}
[7.243989] (gim_arm_hardware) StderrLine: {'line': b'\x1b[01m\x1b[K/opt/ros/humble/include/pinocchio/src/algorithm/check-data.hxx:135:80:\x1b[m\x1b[K   required from \xe2\x80\x98\x1b[01m\x1b[Kbool pinocchio::checkData(const pinocchio::ModelTpl<Scalar, Options, JointCollectionTpl>&, const pinocchio::DataTpl<Scalar, Options, JointCollectionTpl>&) [with Scalar = double; int Options = 0; JointCollectionTpl = pinocchio::JointCollectionDefaultTpl]\x1b[m\x1b[K\xe2\x80\x99\n'}
[7.244033] (gim_arm_hardware) StderrLine: {'line': b'\x1b[01m\x1b[K/opt/ros/humble/include/pinocchio/src/multibody/model.hxx:1545:21:\x1b[m\x1b[K   required from \xe2\x80\x98\x1b[01m\x1b[Kbool pinocchio::ModelTpl<_Scalar, _Options, JointCollectionTpl>::check(const Data&) const [with _Scalar = double; int _Options = 0; JointCollectionTpl = pinocchio::JointCollectionDefaultTpl; pinocchio::ModelTpl<_Scalar, _Options, JointCollectionTpl>::Data = pinocchio::DataTpl<double, 0>]\x1b[m\x1b[K\xe2\x80\x99\n'}
[7.244065] (gim_arm_hardware) StderrLine: {'line': b'\x1b[01m\x1b[K/opt/ros/humble/include/pinocchio/src/algorithm/rnea.hxx:418:7:\x1b[m\x1b[K   required from \xe2\x80\x98\x1b[01m\x1b[Kconst typename pinocchio::DataTpl<_Scalar, _Options, JointCollectionTpl>::TangentVectorType& pinocchio::impl::computeGeneralizedGravity(const pinocchio::ModelTpl<Scalar, Options, JointCollectionTpl>&, pinocchio::DataTpl<Scalar, Options, JointCollectionTpl>&, const Eigen::MatrixBase<Res>&) [with Scalar = double; int Options = 0; JointCollectionTpl = pinocchio::JointCollectionDefaultTpl; ConfigVectorType = Eigen::Ref<const Eigen::Matrix<double, -1, 1> >; typename pinocchio::DataTpl<_Scalar, _Options, JointCollectionTpl>::TangentVectorType = Eigen::Matrix<double, -1, 1>]\x1b[m\x1b[K\xe2\x80\x99\n'}
[7.244100] (gim_arm_hardware) StderrLine: {'line': b'\x1b[01m\x1b[K/opt/ros/humble/include/pinocchio/src/algorithm/rnea.hxx:822:43:\x1b[m\x1b[K   required from \xe2\x80\x98\x1b[01m\x1b[Kconst typename pinocchio::DataTpl<_Scalar, _Options, JointCollectionTpl>::TangentVectorType& pinocchio::computeGeneralizedGravity(const pinocchio::ModelTpl<Scalar, Options, JointCollectionTpl>&, pinocchio::DataTpl<Scalar, Options, JointCollectionTpl>&, const Eigen::MatrixBase<Res>&) [with Scalar = double; int Options = 0; JointCollectionTpl = pinocchio::JointCollectionDefaultTpl; ConfigVectorType = Eigen::Matrix<double, -1, 1>; typename pinocchio::DataTpl<_Scalar, _Options, JointCollectionTpl>::TangentVectorType = Eigen::Matrix<double, -1, 1>]\x1b[m\x1b[K\xe2\x80\x99\n'}
[7.244135] (gim_arm_hardware) StderrLine: {'line': b'\x1b[01m\x1b[K/home/minh/gim60108_ws/src/gim_arm_hardware/src/gim_arm_system.cpp:380:47:\x1b[m\x1b[K   required from here\n'}
[7.244163] (gim_arm_hardware) StderrLine: {'line': b'\x1b[01m\x1b[K/usr/include/boost/variant/get.hpp:237:5:\x1b[m\x1b[K \x1b[01;31m\x1b[Kerror: \x1b[m\x1b[K\xe2\x80\x98\x1b[01m\x1b[Kvalue\x1b[m\x1b[K\xe2\x80\x99 is not a member of \xe2\x80\x98\x1b[01m\x1b[Kboost::detail::variant::holds_element<boost::variant<pinocchio::JointModelRevoluteTpl<double, 0, 0>, pinocchio::JointModelRevoluteTpl<double, 0, 1>, pinocchio::JointModelRevoluteTpl<double, 0, 2>, pinocchio::JointModelFreeFlyerTpl<double, 0>, pinocchio::JointModelPlanarTpl<double, 0>, pinocchio::JointModelRevoluteUnalignedTpl<double, 0>, pinocchio::JointModelSphericalTpl<double, 0>, pinocchio::JointModelSphericalZYXTpl<double, 0>, pinocchio::JointModelEllipsoidTpl<double, 0>, pinocchio::JointModelPrismaticTpl<double, 0, 0>, pinocchio::JointModelPrismaticTpl<double, 0, 1>, pinocchio::JointModelPrismaticTpl<double, 0, 2>, pinocchio::JointModelPrismaticUnalignedTpl<double, 0>, pinocchio::JointModelTranslationTpl<double, 0>, pinocchio::JointModelRevoluteUnboundedTpl<double, 0, 0>, pinocchio::JointModelRevoluteUnboundedTpl<double, 0, 1>, pinocchio::JointModelRevoluteUnboundedTpl<double, 0, 2>, pinocchio::JointModelRevoluteUnboundedUnalignedTpl<double, 0>, pinocchio::JointModelHelicalTpl<double, 0, 0>, pinocchio::JointModelHelicalTpl<double, 0, 1>, pinocchio::JointModelHelicalTpl<double, 0, 2>, pinocchio::JointModelHelicalUnalignedTpl<double, 0>, pinocchio::JointModelUniversalTpl<double, 0>, boost::recursive_wrapper<pinocchio::JointModelCompositeTpl<double, 0, pinocchio::JointCollectionDefaultTpl> >, boost::recursive_wrapper<pinocchio::JointModelMimicTpl<double, 0, pinocchio::JointCollectionDefaultTpl> > >, const pinocchio::JointModelMimicTpl<double> >\x1b[m\x1b[K\xe2\x80\x99\n'}
[7.244201] (gim_arm_hardware) StderrLine: {'line': b'  237 |     \x1b[01;31m\x1b[KBOOST_STATIC_ASSERT_MSG\x1b[m\x1b[K(\n'}
[7.244225] (gim_arm_hardware) StderrLine: {'line': b'      |     \x1b[01;31m\x1b[K^~~~~~~~~~~~~~~~~~~~~~~\x1b[m\x1b[K\n'}
[7.244250] (gim_arm_hardware) StderrLine: {'line': b'In file included from \x1b[01m\x1b[K/usr/include/boost/variant.hpp:17\x1b[m\x1b[K,\n'}
[7.244274] (gim_arm_hardware) StderrLine: {'line': b'                 from \x1b[01m\x1b[K/opt/ros/humble/include/pinocchio/multibody.hpp:21\x1b[m\x1b[K,\n'}
[7.244299] (gim_arm_hardware) StderrLine: {'line': b'                 from \x1b[01m\x1b[K/opt/ros/humble/include/pinocchio/parsers/urdf.hpp:27\x1b[m\x1b[K,\n'}
[7.244514] (gim_arm_hardware) StderrLine: {'line': b'                 from \x1b[01m\x1b[K/home/minh/gim60108_ws/src/gim_arm_hardware/include/gim_arm_hardware/gim_arm_system.hpp:25\x1b[m\x1b[K,\n'}
[7.244555] (gim_arm_hardware) StderrLine: {'line': b'                 from \x1b[01m\x1b[K/home/minh/gim60108_ws/src/gim_arm_hardware/src/gim_arm_system.cpp:1\x1b[m\x1b[K:\n'}
[7.244585] (gim_arm_hardware) StderrLine: {'line': b'/usr/include/boost/variant/variant.hpp: In instantiation of \xe2\x80\x98\x1b[01m\x1b[Ktypename Visitor::result_type boost::variant<T0, TN>::internal_apply_visitor(Visitor&) const [with Visitor = boost::detail::variant::invoke_visitor<pinocchio::fusion::JointUnaryVisitorBase<pinocchio::impl::ComputeGeneralizedGravityForwardStep<double, 0, pinocchio::JointCollectionDefaultTpl, Eigen::Ref<const Eigen::Matrix<double, -1, 1> > >, void>::InternalVisitorModelAndData<pinocchio::JointModelTpl<double>, pinocchio::JointDataTpl<double>, boost::fusion::vector<const pinocchio::ModelTpl<double, 0, pinocchio::JointCollectionDefaultTpl>&, pinocchio::DataTpl<double, 0, pinocchio::JointCollectionDefaultTpl>&, const Eigen::Ref<const Eigen::Matrix<double, -1, 1, 0, -1, 1>, 0, Eigen::InnerStride<1> >&> >, false>; T0_ = pinocchio::JointModelRevoluteTpl<double, 0, 0>; TN = {pinocchio::JointModelRevoluteTpl<double, 0, 1>, pinocchio::JointModelRevoluteTpl<double, 0, 2>, pinocchio::JointModelFreeFlyerTpl<double, 0>, pinocchio::JointModelPlanarTpl<double, 0>, pinocchio::JointModelRevoluteUnalignedTpl<double, 0>, pinocchio::JointModelSphericalTpl<double, 0>, pinocchio::JointModelSphericalZYXTpl<double, 0>, pinocchio::JointModelEllipsoidTpl<double, 0>, pinocchio::JointModelPrismaticTpl<double, 0, 0>, pinocchio::JointModelPrismaticTpl<double, 0, 1>, pinocchio::JointModelPrismaticTpl<double, 0, 2>, pinocchio::JointModelPrismaticUnalignedTpl<double, 0>, pinocchio::JointModelTranslationTpl<double, 0>, pinocchio::JointModelRevoluteUnboundedTpl<double, 0, 0>, pinocchio::JointModelRevoluteUnboundedTpl<double, 0, 1>, pinocchio::JointModelRevoluteUnboundedTpl<double, 0, 2>, pinocchio::JointModelRevoluteUnboundedUnalignedTpl<double, 0>, pinocchio::JointModelHelicalTpl<double, 0, 0>, pinocchio::JointModelHelicalTpl<double, 0, 1>, pinocchio::JointModelHelicalTpl<double, 0, 2>, pinocchio::JointModelHelicalUnalignedTpl<double, 0>, pinocchio::JointModelUniversalTpl<double, 0>, boost::recursive_wrapper<pinocchio::JointModelCompositeTpl<double, 0, pinocchio::JointCollectionDefaultTpl> >, boost::recursive_wrapper<pinocchio::JointModelMimicTpl<double, 0, pinocchio::JointCollectionDefaultTpl> >}; typename Visitor::result_type = void]\x1b[m\x1b[K\xe2\x80\x99:\n'}
[7.244632] (gim_arm_hardware) StderrLine: {'line': b'\x1b[01m\x1b[K/usr/include/boost/variant/variant.hpp:2404:44:\x1b[m\x1b[K   required from \xe2\x80\x98\x1b[01m\x1b[Ktypename Visitor::result_type boost::variant<T0, TN>::apply_visitor(Visitor&) const & [with Visitor = pinocchio::fusion::JointUnaryVisitorBase<pinocchio::impl::ComputeGeneralizedGravityForwardStep<double, 0, pinocchio::JointCollectionDefaultTpl, Eigen::Ref<const Eigen::Matrix<double, -1, 1> > >, void>::InternalVisitorModelAndData<pinocchio::JointModelTpl<double>, pinocchio::JointDataTpl<double>, boost::fusion::vector<const pinocchio::ModelTpl<double, 0, pinocchio::JointCollectionDefaultTpl>&, pinocchio::DataTpl<double, 0, pinocchio::JointCollectionDefaultTpl>&, const Eigen::Ref<const Eigen::Matrix<double, -1, 1, 0, -1, 1>, 0, Eigen::InnerStride<1> >&> >; T0_ = pinocchio::JointModelRevoluteTpl<double, 0, 0>; TN = {pinocchio::JointModelRevoluteTpl<double, 0, 1>, pinocchio::JointModelRevoluteTpl<double, 0, 2>, pinocchio::JointModelFreeFlyerTpl<double, 0>, pinocchio::JointModelPlanarTpl<double, 0>, pinocchio::JointModelRevoluteUnalignedTpl<double, 0>, pinocchio::JointModelSphericalTpl<double, 0>, pinocchio::JointModelSphericalZYXTpl<double, 0>, pinocchio::JointModelEllipsoidTpl<double, 0>, pinocchio::JointModelPrismaticTpl<double, 0, 0>, pinocchio::JointModelPrismaticTpl<double, 0, 1>, pinocchio::JointModelPrismaticTpl<double, 0, 2>, pinocchio::JointModelPrismaticUnalignedTpl<double, 0>, pinocchio::JointModelTranslationTpl<double, 0>, pinocchio::JointModelRevoluteUnboundedTpl<double, 0, 0>, pinocchio::JointModelRevoluteUnboundedTpl<double, 0, 1>, pinocchio::JointModelRevoluteUnboundedTpl<double, 0, 2>, pinocchio::JointModelRevoluteUnboundedUnalignedTpl<double, 0>, pinocchio::JointModelHelicalTpl<double, 0, 0>, pinocchio::JointModelHelicalTpl<double, 0, 1>, pinocchio::JointModelHelicalTpl<double, 0, 2>, pinocchio::JointModelHelicalUnalignedTpl<double, 0>, pinocchio::JointModelUniversalTpl<double, 0>, boost::recursive_wrapper<pinocchio::JointModelCompositeTpl<double, 0, pinocchio::JointCollectionDefaultTpl> >, boost::recursive_wrapper<pinocchio::JointModelMimicTpl<double, 0, pinocchio::JointCollectionDefaultTpl> >}; typename Visitor::result_type = void]\x1b[m\x1b[K\xe2\x80\x99\n'}
[7.244673] (gim_arm_hardware) StderrLine: {'line': b'\x1b[01m\x1b[K/usr/include/boost/variant/detail/apply_visitor_unary.hpp:48:64:\x1b[m\x1b[K   required from \xe2\x80\x98\x1b[01m\x1b[Ktypename Visitor::result_type boost::apply_visitor(Visitor&, Visitable&&) [with Visitor = pinocchio::fusion::JointUnaryVisitorBase<pinocchio::impl::ComputeGeneralizedGravityForwardStep<double, 0, pinocchio::JointCollectionDefaultTpl, Eigen::Ref<const Eigen::Matrix<double, -1, 1> > >, void>::InternalVisitorModelAndData<pinocchio::JointModelTpl<double>, pinocchio::JointDataTpl<double>, boost::fusion::vector<const pinocchio::ModelTpl<double, 0, pinocchio::JointCollectionDefaultTpl>&, pinocchio::DataTpl<double, 0, pinocchio::JointCollectionDefaultTpl>&, const Eigen::Ref<const Eigen::Matrix<double, -1, 1, 0, -1, 1>, 0, Eigen::InnerStride<1> >&> >; Visitable = const pinocchio::JointModelTpl<double>&; typename Visitor::result_type = void]\x1b[m\x1b[K\xe2\x80\x99\n'}
[7.244706] (gim_arm_hardware) StderrLine: {'line': b'\x1b[01m\x1b[K/opt/ros/humble/include/pinocchio/src/multibody/visitor/joint-unary-visitor.hxx:58:36:\x1b[m\x1b[K   required from \xe2\x80\x98\x1b[01m\x1b[Kstatic ReturnType pinocchio::fusion::JointUnaryVisitorBase<JointVisitorDerived, ReturnType>::run(const pinocchio::JointModelTpl<Scalar, Options, JointCollectionTpl>&, pinocchio::JointDataTpl<Scalar, Options, JointCollectionTpl>&, ArgsTmp) [with Scalar = double; int Options = 0; JointCollectionTpl = pinocchio::JointCollectionDefaultTpl; ArgsTmp = boost::fusion::vector<const pinocchio::ModelTpl<double, 0, pinocchio::JointCollectionDefaultTpl>&, pinocchio::DataTpl<double, 0, pinocchio::JointCollectionDefaultTpl>&, const Eigen::Ref<const Eigen::Matrix<double, -1, 1, 0, -1, 1>, 0, Eigen::InnerStride<1> >&>; JointVisitorDerived = pinocchio::impl::ComputeGeneralizedGravityForwardStep<double, 0, pinocchio::JointCollectionDefaultTpl, Eigen::Ref<const Eigen::Matrix<double, -1, 1> > >; ReturnType = void]\x1b[m\x1b[K\xe2\x80\x99\n'}
[7.244739] (gim_arm_hardware) StderrLine: {'line': b'\x1b[01m\x1b[K/opt/ros/humble/include/pinocchio/src/algorithm/rnea.hxx:435:19:\x1b[m\x1b[K   required from \xe2\x80\x98\x1b[01m\x1b[Kconst typename pinocchio::DataTpl<_Scalar, _Options, JointCollectionTpl>::TangentVectorType& pinocchio::impl::computeGeneralizedGravity(const pinocchio::ModelTpl<Scalar, Options, JointCollectionTpl>&, pinocchio::DataTpl<Scalar, Options, JointCollectionTpl>&, const Eigen::MatrixBase<Res>&) [with Scalar = double; int Options = 0; JointCollectionTpl = pinocchio::JointCollectionDefaultTpl; ConfigVectorType = Eigen::Ref<const Eigen::Matrix<double, -1, 1> >; typename pinocchio::DataTpl<_Scalar, _Options, JointCollectionTpl>::TangentVectorType = Eigen::Matrix<double, -1, 1>]\x1b[m\x1b[K\xe2\x80\x99\n'}
[7.244766] (gim_arm_hardware) StderrLine: {'line': b'\x1b[01m\x1b[K/opt/ros/humble/include/pinocchio/src/algorithm/rnea.hxx:822:43:\x1b[m\x1b[K   required from \xe2\x80\x98\x1b[01m\x1b[Kconst typename pinocchio::DataTpl<_Scalar, _Options, JointCollectionTpl>::TangentVectorType& pinocchio::computeGeneralizedGravity(const pinocchio::ModelTpl<Scalar, Options, JointCollectionTpl>&, pinocchio::DataTpl<Scalar, Options, JointCollectionTpl>&, const Eigen::MatrixBase<Res>&) [with Scalar = double; int Options = 0; JointCollectionTpl = pinocchio::JointCollectionDefaultTpl; ConfigVectorType = Eigen::Matrix<double, -1, 1>; typename pinocchio::DataTpl<_Scalar, _Options, JointCollectionTpl>::TangentVectorType = Eigen::Matrix<double, -1, 1>]\x1b[m\x1b[K\xe2\x80\x99\n'}
[7.244794] (gim_arm_hardware) StderrLine: {'line': b'\x1b[01m\x1b[K/home/minh/gim60108_ws/src/gim_arm_hardware/src/gim_arm_system.cpp:380:47:\x1b[m\x1b[K   required from here\n'}
[7.244818] (gim_arm_hardware) StderrLine: {'line': b'\x1b[01m\x1b[K/usr/include/boost/variant/variant.hpp:2359:41:\x1b[m\x1b[K \x1b[01;31m\x1b[Kerror: \x1b[m\x1b[Kusing invalid field \xe2\x80\x98\x1b[01m\x1b[Kboost::variant<T0, TN>::storage_\x1b[m\x1b[K\xe2\x80\x99\n'}
[7.244842] (gim_arm_hardware) StderrLine: {'line': b' 2359 |               which_, which(), visitor, \x1b[01;31m\x1b[Kstorage_\x1b[m\x1b[K.address()\n'}
[7.244866] (gim_arm_hardware) StderrLine: {'line': b'      |                                         \x1b[01;31m\x1b[K^~~~~~~~\x1b[m\x1b[K\n'}
[7.244890] (gim_arm_hardware) StderrLine: {'line': b'/usr/include/boost/variant/variant.hpp: In instantiation of \xe2\x80\x98\x1b[01m\x1b[Ktypename Visitor::result_type boost::variant<T0, TN>::internal_apply_visitor(Visitor&) const [with Visitor = boost::detail::variant::invoke_visitor<pinocchio::fusion::JointUnaryVisitorBase<pinocchio::impl::ComputeGeneralizedGravityBackwardStep<double, 0, pinocchio::JointCollectionDefaultTpl>, void>::InternalVisitorModelAndData<pinocchio::JointModelTpl<double>, pinocchio::JointDataTpl<double>, boost::fusion::vector<const pinocchio::ModelTpl<double, 0, pinocchio::JointCollectionDefaultTpl>&, pinocchio::DataTpl<double, 0, pinocchio::JointCollectionDefaultTpl>&, Eigen::Matrix<double, -1, 1, 0, -1, 1>&> >, false>; T0_ = pinocchio::JointModelRevoluteTpl<double, 0, 0>; TN = {pinocchio::JointModelRevoluteTpl<double, 0, 1>, pinocchio::JointModelRevoluteTpl<double, 0, 2>, pinocchio::JointModelFreeFlyerTpl<double, 0>, pinocchio::JointModelPlanarTpl<double, 0>, pinocchio::JointModelRevoluteUnalignedTpl<double, 0>, pinocchio::JointModelSphericalTpl<double, 0>, pinocchio::JointModelSphericalZYXTpl<double, 0>, pinocchio::JointModelEllipsoidTpl<double, 0>, pinocchio::JointModelPrismaticTpl<double, 0, 0>, pinocchio::JointModelPrismaticTpl<double, 0, 1>, pinocchio::JointModelPrismaticTpl<double, 0, 2>, pinocchio::JointModelPrismaticUnalignedTpl<double, 0>, pinocchio::JointModelTranslationTpl<double, 0>, pinocchio::JointModelRevoluteUnboundedTpl<double, 0, 0>, pinocchio::JointModelRevoluteUnboundedTpl<double, 0, 1>, pinocchio::JointModelRevoluteUnboundedTpl<double, 0, 2>, pinocchio::JointModelRevoluteUnboundedUnalignedTpl<double, 0>, pinocchio::JointModelHelicalTpl<double, 0, 0>, pinocchio::JointModelHelicalTpl<double, 0, 1>, pinocchio::JointModelHelicalTpl<double, 0, 2>, pinocchio::JointModelHelicalUnalignedTpl<double, 0>, pinocchio::JointModelUniversalTpl<double, 0>, boost::recursive_wrapper<pinocchio::JointModelCompositeTpl<double, 0, pinocchio::JointCollectionDefaultTpl> >, boost::recursive_wrapper<pinocchio::JointModelMimicTpl<double, 0, pinocchio::JointCollectionDefaultTpl> >}; typename Visitor::result_type = void]\x1b[m\x1b[K\xe2\x80\x99:\n'}
[7.244927] (gim_arm_hardware) StderrLine: {'line': b'\x1b[01m\x1b[K/usr/include/boost/variant/variant.hpp:2404:44:\x1b[m\x1b[K   required from \xe2\x80\x98\x1b[01m\x1b[Ktypename Visitor::result_type boost::variant<T0, TN>::apply_visitor(Visitor&) const & [with Visitor = pinocchio::fusion::JointUnaryVisitorBase<pinocchio::impl::ComputeGeneralizedGravityBackwardStep<double, 0, pinocchio::JointCollectionDefaultTpl>, void>::InternalVisitorModelAndData<pinocchio::JointModelTpl<double>, pinocchio::JointDataTpl<double>, boost::fusion::vector<const pinocchio::ModelTpl<double, 0, pinocchio::JointCollectionDefaultTpl>&, pinocchio::DataTpl<double, 0, pinocchio::JointCollectionDefaultTpl>&, Eigen::Matrix<double, -1, 1, 0, -1, 1>&> >; T0_ = pinocchio::JointModelRevoluteTpl<double, 0, 0>; TN = {pinocchio::JointModelRevoluteTpl<double, 0, 1>, pinocchio::JointModelRevoluteTpl<double, 0, 2>, pinocchio::JointModelFreeFlyerTpl<double, 0>, pinocchio::JointModelPlanarTpl<double, 0>, pinocchio::JointModelRevoluteUnalignedTpl<double, 0>, pinocchio::JointModelSphericalTpl<double, 0>, pinocchio::JointModelSphericalZYXTpl<double, 0>, pinocchio::JointModelEllipsoidTpl<double, 0>, pinocchio::JointModelPrismaticTpl<double, 0, 0>, pinocchio::JointModelPrismaticTpl<double, 0, 1>, pinocchio::JointModelPrismaticTpl<double, 0, 2>, pinocchio::JointModelPrismaticUnalignedTpl<double, 0>, pinocchio::JointModelTranslationTpl<double, 0>, pinocchio::JointModelRevoluteUnboundedTpl<double, 0, 0>, pinocchio::JointModelRevoluteUnboundedTpl<double, 0, 1>, pinocchio::JointModelRevoluteUnboundedTpl<double, 0, 2>, pinocchio::JointModelRevoluteUnboundedUnalignedTpl<double, 0>, pinocchio::JointModelHelicalTpl<double, 0, 0>, pinocchio::JointModelHelicalTpl<double, 0, 1>, pinocchio::JointModelHelicalTpl<double, 0, 2>, pinocchio::JointModelHelicalUnalignedTpl<double, 0>, pinocchio::JointModelUniversalTpl<double, 0>, boost::recursive_wrapper<pinocchio::JointModelCompositeTpl<double, 0, pinocchio::JointCollectionDefaultTpl> >, boost::recursive_wrapper<pinocchio::JointModelMimicTpl<double, 0, pinocchio::JointCollectionDefaultTpl> >}; typename Visitor::result_type = void]\x1b[m\x1b[K\xe2\x80\x99\n'}
[7.244963] (gim_arm_hardware) StderrLine: {'line': b'\x1b[01m\x1b[K/usr/include/boost/variant/detail/apply_visitor_unary.hpp:48:64:\x1b[m\x1b[K   required from \xe2\x80\x98\x1b[01m\x1b[Ktypename Visitor::result_type boost::apply_visitor(Visitor&, Visitable&&) [with Visitor = pinocchio::fusion::JointUnaryVisitorBase<pinocchio::impl::ComputeGeneralizedGravityBackwardStep<double, 0, pinocchio::JointCollectionDefaultTpl>, void>::InternalVisitorModelAndData<pinocchio::JointModelTpl<double>, pinocchio::JointDataTpl<double>, boost::fusion::vector<const pinocchio::ModelTpl<double, 0, pinocchio::JointCollectionDefaultTpl>&, pinocchio::DataTpl<double, 0, pinocchio::JointCollectionDefaultTpl>&, Eigen::Matrix<double, -1, 1, 0, -1, 1>&> >; Visitable = const pinocchio::JointModelTpl<double>&; typename Visitor::result_type = void]\x1b[m\x1b[K\xe2\x80\x99\n'}
[7.244992] (gim_arm_hardware) StderrLine: {'line': b'\x1b[01m\x1b[K/opt/ros/humble/include/pinocchio/src/multibody/visitor/joint-unary-visitor.hxx:58:36:\x1b[m\x1b[K   required from \xe2\x80\x98\x1b[01m\x1b[Kstatic ReturnType pinocchio::fusion::JointUnaryVisitorBase<JointVisitorDerived, ReturnType>::run(const pinocchio::JointModelTpl<Scalar, Options, JointCollectionTpl>&, pinocchio::JointDataTpl<Scalar, Options, JointCollectionTpl>&, ArgsTmp) [with Scalar = double; int Options = 0; JointCollectionTpl = pinocchio::JointCollectionDefaultTpl; ArgsTmp = boost::fusion::vector<const pinocchio::ModelTpl<double, 0, pinocchio::JointCollectionDefaultTpl>&, pinocchio::DataTpl<double, 0, pinocchio::JointCollectionDefaultTpl>&, Eigen::Matrix<double, -1, 1, 0, -1, 1>&>; JointVisitorDerived = pinocchio::impl::ComputeGeneralizedGravityBackwardStep<double, 0, pinocchio::JointCollectionDefaultTpl>; ReturnType = void]\x1b[m\x1b[K\xe2\x80\x99\n'}
[7.245021] (gim_arm_hardware) StderrLine: {'line': b'\x1b[01m\x1b[K/opt/ros/humble/include/pinocchio/src/algorithm/rnea.hxx:443:19:\x1b[m\x1b[K   required from \xe2\x80\x98\x1b[01m\x1b[Kconst typename pinocchio::DataTpl<_Scalar, _Options, JointCollectionTpl>::TangentVectorType& pinocchio::impl::computeGeneralizedGravity(const pinocchio::ModelTpl<Scalar, Options, JointCollectionTpl>&, pinocchio::DataTpl<Scalar, Options, JointCollectionTpl>&, const Eigen::MatrixBase<Res>&) [with Scalar = double; int Options = 0; JointCollectionTpl = pinocchio::JointCollectionDefaultTpl; ConfigVectorType = Eigen::Ref<const Eigen::Matrix<double, -1, 1> >; typename pinocchio::DataTpl<_Scalar, _Options, JointCollectionTpl>::TangentVectorType = Eigen::Matrix<double, -1, 1>]\x1b[m\x1b[K\xe2\x80\x99\n'}
[7.245050] (gim_arm_hardware) StderrLine: {'line': b'\x1b[01m\x1b[K/opt/ros/humble/include/pinocchio/src/algorithm/rnea.hxx:822:43:\x1b[m\x1b[K   required from \xe2\x80\x98\x1b[01m\x1b[Kconst typename pinocchio::DataTpl<_Scalar, _Options, JointCollectionTpl>::TangentVectorType& pinocchio::computeGeneralizedGravity(const pinocchio::ModelTpl<Scalar, Options, JointCollectionTpl>&, pinocchio::DataTpl<Scalar, Options, JointCollectionTpl>&, const Eigen::MatrixBase<Res>&) [with Scalar = double; int Options = 0; JointCollectionTpl = pinocchio::JointCollectionDefaultTpl; ConfigVectorType = Eigen::Matrix<double, -1, 1>; typename pinocchio::DataTpl<_Scalar, _Options, JointCollectionTpl>::TangentVectorType = Eigen::Matrix<double, -1, 1>]\x1b[m\x1b[K\xe2\x80\x99\n'}
[7.245075] (gim_arm_hardware) StderrLine: {'line': b'\x1b[01m\x1b[K/home/minh/gim60108_ws/src/gim_arm_hardware/src/gim_arm_system.cpp:380:47:\x1b[m\x1b[K   required from here\n'}
[7.245099] (gim_arm_hardware) StderrLine: {'line': b'\x1b[01m\x1b[K/usr/include/boost/variant/variant.hpp:2359:41:\x1b[m\x1b[K \x1b[01;31m\x1b[Kerror: \x1b[m\x1b[Kusing invalid field \xe2\x80\x98\x1b[01m\x1b[Kboost::variant<T0, TN>::storage_\x1b[m\x1b[K\xe2\x80\x99\n'}
[7.261269] (gim_arm_hardware) StderrLine: {'line': b'/usr/include/boost/variant/variant.hpp: In instantiation of \xe2\x80\x98\x1b[01m\x1b[Ktypename Visitor::result_type boost::variant<T0, TN>::internal_apply_visitor(Visitor&) [with Visitor = boost::detail::variant::invoke_visitor<const pinocchio::JointSetIndexesVisitor, false>; T0_ = pinocchio::JointModelRevoluteTpl<double, 0, 0>; TN = {pinocchio::JointModelRevoluteTpl<double, 0, 1>, pinocchio::JointModelRevoluteTpl<double, 0, 2>, pinocchio::JointModelFreeFlyerTpl<double, 0>, pinocchio::JointModelPlanarTpl<double, 0>, pinocchio::JointModelRevoluteUnalignedTpl<double, 0>, pinocchio::JointModelSphericalTpl<double, 0>, pinocchio::JointModelSphericalZYXTpl<double, 0>, pinocchio::JointModelEllipsoidTpl<double, 0>, pinocchio::JointModelPrismaticTpl<double, 0, 0>, pinocchio::JointModelPrismaticTpl<double, 0, 1>, pinocchio::JointModelPrismaticTpl<double, 0, 2>, pinocchio::JointModelPrismaticUnalignedTpl<double, 0>, pinocchio::JointModelTranslationTpl<double, 0>, pinocchio::JointModelRevoluteUnboundedTpl<double, 0, 0>, pinocchio::JointModelRevoluteUnboundedTpl<double, 0, 1>, pinocchio::JointModelRevoluteUnboundedTpl<double, 0, 2>, pinocchio::JointModelRevoluteUnboundedUnalignedTpl<double, 0>, pinocchio::JointModelHelicalTpl<double, 0, 0>, pinocchio::JointModelHelicalTpl<double, 0, 1>, pinocchio::JointModelHelicalTpl<double, 0, 2>, pinocchio::JointModelHelicalUnalignedTpl<double, 0>, pinocchio::JointModelUniversalTpl<double, 0>, boost::recursive_wrapper<pinocchio::JointModelCompositeTpl<double, 0, pinocchio::JointCollectionDefaultTpl> >, boost::recursive_wrapper<pinocchio::JointModelMimicTpl<double, 0, pinocchio::JointCollectionDefaultTpl> >}; typename Visitor::result_type = void]\x1b[m\x1b[K\xe2\x80\x99:\n'}
[7.261502] (gim_arm_hardware) StderrLine: {'line': b'\x1b[01m\x1b[K/usr/include/boost/variant/variant.hpp:2393:44:\x1b[m\x1b[K   required from \xe2\x80\x98\x1b[01m\x1b[Ktypename Visitor::result_type boost::variant<T0, TN>::apply_visitor(Visitor&) & [with Visitor = const pinocchio::JointSetIndexesVisitor; T0_ = pinocchio::JointModelRevoluteTpl<double, 0, 0>; TN = {pinocchio::JointModelRevoluteTpl<double, 0, 1>, pinocchio::JointModelRevoluteTpl<double, 0, 2>, pinocchio::JointModelFreeFlyerTpl<double, 0>, pinocchio::JointModelPlanarTpl<double, 0>, pinocchio::JointModelRevoluteUnalignedTpl<double, 0>, pinocchio::JointModelSphericalTpl<double, 0>, pinocchio::JointModelSphericalZYXTpl<double, 0>, pinocchio::JointModelEllipsoidTpl<double, 0>, pinocchio::JointModelPrismaticTpl<double, 0, 0>, pinocchio::JointModelPrismaticTpl<double, 0, 1>, pinocchio::JointModelPrismaticTpl<double, 0, 2>, pinocchio::JointModelPrismaticUnalignedTpl<double, 0>, pinocchio::JointModelTranslationTpl<double, 0>, pinocchio::JointModelRevoluteUnboundedTpl<double, 0, 0>, pinocchio::JointModelRevoluteUnboundedTpl<double, 0, 1>, pinocchio::JointModelRevoluteUnboundedTpl<double, 0, 2>, pinocchio::JointModelRevoluteUnboundedUnalignedTpl<double, 0>, pinocchio::JointModelHelicalTpl<double, 0, 0>, pinocchio::JointModelHelicalTpl<double, 0, 1>, pinocchio::JointModelHelicalTpl<double, 0, 2>, pinocchio::JointModelHelicalUnalignedTpl<double, 0>, pinocchio::JointModelUniversalTpl<double, 0>, boost::recursive_wrapper<pinocchio::JointModelCompositeTpl<double, 0, pinocchio::JointCollectionDefaultTpl> >, boost::recursive_wrapper<pinocchio::JointModelMimicTpl<double, 0, pinocchio::JointCollectionDefaultTpl> >}; typename Visitor::result_type = void]\x1b[m\x1b[K\xe2\x80\x99\n'}
[7.261608] (gim_arm_hardware) StderrLine: {'line': b'\x1b[01m\x1b[K/usr/include/boost/variant/detail/apply_visitor_unary.hpp:68:64:\x1b[m\x1b[K   required from \xe2\x80\x98\x1b[01m\x1b[Ktypename Visitor::result_type boost::apply_visitor(const Visitor&, Visitable&&) [with Visitor = pinocchio::JointSetIndexesVisitor; Visitable = pinocchio::JointModelTpl<double>&; typename Visitor::result_type = void]\x1b[m\x1b[K\xe2\x80\x99\n'}
[7.261681] (gim_arm_hardware) StderrLine: {'line': b'\x1b[01m\x1b[K/opt/ros/humble/include/pinocchio/src/multibody/joint/joint-basic-visitors.hxx:1033:34:\x1b[m\x1b[K   required from \xe2\x80\x98\x1b[01m\x1b[Kstatic void pinocchio::JointSetIndexesVisitor::run(pinocchio::JointModelTpl<Scalar, Options, JointCollectionTpl>&, pinocchio::JointIndex, int, int, int) [with Scalar = double; int Options = 0; JointCollectionTpl = pinocchio::JointCollectionDefaultTpl; pinocchio::JointIndex = long unsigned int]\x1b[m\x1b[K\xe2\x80\x99\n'}
[7.261746] (gim_arm_hardware) StderrLine: {'line': b'\x1b[01m\x1b[K/opt/ros/humble/include/pinocchio/src/multibody/joint/joint-basic-visitors.hxx:1045:39:\x1b[m\x1b[K   required from \xe2\x80\x98\x1b[01m\x1b[Kvoid pinocchio::setIndexes(pinocchio::JointModelTpl<Scalar, Options, JointCollectionTpl>&, pinocchio::JointIndex, int, int, int) [with Scalar = double; int Options = 0; JointCollectionTpl = pinocchio::JointCollectionDefaultTpl; pinocchio::JointIndex = long unsigned int]\x1b[m\x1b[K\xe2\x80\x99\n'}
[7.261820] (gim_arm_hardware) StderrLine: {'line': b'\x1b[01m\x1b[K/opt/ros/humble/include/pinocchio/src/multibody/joint/joint-generic.hxx:462:30:\x1b[m\x1b[K   required from \xe2\x80\x98\x1b[01m\x1b[Kvoid pinocchio::JointModelTpl<Scalar, Options, JointCollectionTpl>::setIndexes(pinocchio::JointIndex, int, int, int) [with _Scalar = double; int _Options = 0; JointCollectionTpl = pinocchio::JointCollectionDefaultTpl; pinocchio::JointIndex = long unsigned int]\x1b[m\x1b[K\xe2\x80\x99\n'}
[7.261894] (gim_arm_hardware) StderrLine: {'line': b'\x1b[01m\x1b[K/opt/ros/humble/include/pinocchio/src/multibody/model.hxx:869:22:\x1b[m\x1b[K   required from \xe2\x80\x98\x1b[01m\x1b[Kpinocchio::ModelTpl<_Scalar, _Options, JointCollectionTpl>::JointIndex pinocchio::ModelTpl<_Scalar, _Options, JointCollectionTpl>::addJoint(pinocchio::ModelTpl<_Scalar, _Options, JointCollectionTpl>::JointIndex, const JointModel&, const SE3&, const string&, const VectorXs&, const VectorXs&, const VectorXs&, const VectorXs&, const VectorXs&, const VectorXs&, const VectorXs&, const VectorXs&, const VectorXs&, const VectorXs&) [with _Scalar = double; int _Options = 0; JointCollectionTpl = pinocchio::JointCollectionDefaultTpl; pinocchio::ModelTpl<_Scalar, _Options, JointCollectionTpl>::JointIndex = long unsigned int; pinocchio::ModelTpl<_Scalar, _Options, JointCollectionTpl>::JointModel = pinocchio::JointModelTpl<double>; pinocchio::ModelTpl<_Scalar, _Options, JointCollectionTpl>::SE3 = pinocchio::SE3Tpl<double, 0>; std::string = std::__cxx11::basic_string<char>; pinocchio::ModelTpl<_Scalar, _Options, JointCollectionTpl>::VectorXs = Eigen::Matrix<double, -1, 1>]\x1b[m\x1b[K\xe2\x80\x99\n'}
[7.261983] (gim_arm_hardware) StderrLine: {'line': b'\x1b[01m\x1b[K/opt/ros/humble/include/pinocchio/src/parsers/urdf/model.hxx:235:38:\x1b[m\x1b[K   required from here\n'}
[7.262058] (gim_arm_hardware) StderrLine: {'line': b'\x1b[01m\x1b[K/usr/include/boost/variant/variant.hpp:2350:41:\x1b[m\x1b[K \x1b[01;31m\x1b[Kerror: \x1b[m\x1b[Kusing invalid field \xe2\x80\x98\x1b[01m\x1b[Kboost::variant<T0, TN>::storage_\x1b[m\x1b[K\xe2\x80\x99\n'}
[7.262137] (gim_arm_hardware) StderrLine: {'line': b' 2350 |               which_, which(), visitor, \x1b[01;31m\x1b[Kstorage_\x1b[m\x1b[K.address()\n'}
[7.262217] (gim_arm_hardware) StderrLine: {'line': b'      |                                         \x1b[01;31m\x1b[K^~~~~~~~\x1b[m\x1b[K\n'}
[7.322881] (-) TimerEvent: {}
[7.326107] (gim_arm_hardware) StderrLine: {'line': b'/usr/include/boost/variant/variant.hpp: In instantiation of \xe2\x80\x98\x1b[01m\x1b[Ktypename Visitor::result_type boost::variant<T0, TN>::internal_apply_visitor(Visitor&) const [with Visitor = boost::detail::variant::invoke_visitor<const pinocchio::JointNvVisitor, false>; T0_ = pinocchio::JointModelRevoluteTpl<double, 0, 0>; TN = {pinocchio::JointModelRevoluteTpl<double, 0, 1>, pinocchio::JointModelRevoluteTpl<double, 0, 2>, pinocchio::JointModelFreeFlyerTpl<double, 0>, pinocchio::JointModelPlanarTpl<double, 0>, pinocchio::JointModelRevoluteUnalignedTpl<double, 0>, pinocchio::JointModelSphericalTpl<double, 0>, pinocchio::JointModelSphericalZYXTpl<double, 0>, pinocchio::JointModelEllipsoidTpl<double, 0>, pinocchio::JointModelPrismaticTpl<double, 0, 0>, pinocchio::JointModelPrismaticTpl<double, 0, 1>, pinocchio::JointModelPrismaticTpl<double, 0, 2>, pinocchio::JointModelPrismaticUnalignedTpl<double, 0>, pinocchio::JointModelTranslationTpl<double, 0>, pinocchio::JointModelRevoluteUnboundedTpl<double, 0, 0>, pinocchio::JointModelRevoluteUnboundedTpl<double, 0, 1>, pinocchio::JointModelRevoluteUnboundedTpl<double, 0, 2>, pinocchio::JointModelRevoluteUnboundedUnalignedTpl<double, 0>, pinocchio::JointModelHelicalTpl<double, 0, 0>, pinocchio::JointModelHelicalTpl<double, 0, 1>, pinocchio::JointModelHelicalTpl<double, 0, 2>, pinocchio::JointModelHelicalUnalignedTpl<double, 0>, pinocchio::JointModelUniversalTpl<double, 0>, boost::recursive_wrapper<pinocchio::JointModelCompositeTpl<double, 0, pinocchio::JointCollectionDefaultTpl> >, boost::recursive_wrapper<pinocchio::JointModelMimicTpl<double, 0, pinocchio::JointCollectionDefaultTpl> >}; typename Visitor::result_type = int]\x1b[m\x1b[K\xe2\x80\x99:\n'}
[7.326625] (gim_arm_hardware) StderrLine: {'line': b'\x1b[01m\x1b[K/usr/include/boost/variant/variant.hpp:2404:44:\x1b[m\x1b[K   required from \xe2\x80\x98\x1b[01m\x1b[Ktypename Visitor::result_type boost::variant<T0, TN>::apply_visitor(Visitor&) const & [with Visitor = const pinocchio::JointNvVisitor; T0_ = pinocchio::JointModelRevoluteTpl<double, 0, 0>; TN = {pinocchio::JointModelRevoluteTpl<double, 0, 1>, pinocchio::JointModelRevoluteTpl<double, 0, 2>, pinocchio::JointModelFreeFlyerTpl<double, 0>, pinocchio::JointModelPlanarTpl<double, 0>, pinocchio::JointModelRevoluteUnalignedTpl<double, 0>, pinocchio::JointModelSphericalTpl<double, 0>, pinocchio::JointModelSphericalZYXTpl<double, 0>, pinocchio::JointModelEllipsoidTpl<double, 0>, pinocchio::JointModelPrismaticTpl<double, 0, 0>, pinocchio::JointModelPrismaticTpl<double, 0, 1>, pinocchio::JointModelPrismaticTpl<double, 0, 2>, pinocchio::JointModelPrismaticUnalignedTpl<double, 0>, pinocchio::JointModelTranslationTpl<double, 0>, pinocchio::JointModelRevoluteUnboundedTpl<double, 0, 0>, pinocchio::JointModelRevoluteUnboundedTpl<double, 0, 1>, pinocchio::JointModelRevoluteUnboundedTpl<double, 0, 2>, pinocchio::JointModelRevoluteUnboundedUnalignedTpl<double, 0>, pinocchio::JointModelHelicalTpl<double, 0, 0>, pinocchio::JointModelHelicalTpl<double, 0, 1>, pinocchio::JointModelHelicalTpl<double, 0, 2>, pinocchio::JointModelHelicalUnalignedTpl<double, 0>, pinocchio::JointModelUniversalTpl<double, 0>, boost::recursive_wrapper<pinocchio::JointModelCompositeTpl<double, 0, pinocchio::JointCollectionDefaultTpl> >, boost::recursive_wrapper<pinocchio::JointModelMimicTpl<double, 0, pinocchio::JointCollectionDefaultTpl> >}; typename Visitor::result_type = int]\x1b[m\x1b[K\xe2\x80\x99\n'}
[7.326790] (gim_arm_hardware) StderrLine: {'line': b'\x1b[01m\x1b[K/usr/include/boost/variant/detail/apply_visitor_unary.hpp:68:64:\x1b[m\x1b[K   required from \xe2\x80\x98\x1b[01m\x1b[Ktypename Visitor::result_type boost::apply_visitor(const Visitor&, Visitable&&) [with Visitor = pinocchio::JointNvVisitor; Visitable = const pinocchio::JointModelTpl<double>&; typename Visitor::result_type = int]\x1b[m\x1b[K\xe2\x80\x99\n'}
[7.326888] (gim_arm_hardware) StderrLine: {'line': b'\x1b[01m\x1b[K/opt/ros/humble/include/pinocchio/src/multibody/joint/joint-basic-visitors.hxx:795:34:\x1b[m\x1b[K   required from \xe2\x80\x98\x1b[01m\x1b[Kstatic int pinocchio::JointNvVisitor::run(const pinocchio::JointModelTpl<Scalar, Options, JointCollectionTpl>&) [with Scalar = double; int Options = 0; JointCollectionTpl = pinocchio::JointCollectionDefaultTpl]\x1b[m\x1b[K\xe2\x80\x99\n'}
[7.326963] (gim_arm_hardware) StderrLine: {'line': b'\x1b[01m\x1b[K/opt/ros/humble/include/pinocchio/src/multibody/joint/joint-basic-visitors.hxx:802:31:\x1b[m\x1b[K   required from \xe2\x80\x98\x1b[01m\x1b[Kint pinocchio::nv(const pinocchio::JointModelTpl<Scalar, Options, JointCollectionTpl>&) [with Scalar = double; int Options = 0; JointCollectionTpl = pinocchio::JointCollectionDefaultTpl]\x1b[m\x1b[K\xe2\x80\x99\n'}
[7.327041] (gim_arm_hardware) StderrLine: {'line': b'\x1b[01m\x1b[K/opt/ros/humble/include/pinocchio/src/multibody/joint/joint-generic.hxx:430:29:\x1b[m\x1b[K   required from \xe2\x80\x98\x1b[01m\x1b[Kint pinocchio::JointModelTpl<Scalar, Options, JointCollectionTpl>::nv_impl() const [with _Scalar = double; int _Options = 0; JointCollectionTpl = pinocchio::JointCollectionDefaultTpl]\x1b[m\x1b[K\xe2\x80\x99\n'}
[7.327107] (gim_arm_hardware) StderrLine: {'line': b'\x1b[01m\x1b[K/opt/ros/humble/include/pinocchio/src/multibody/joint/joint-model-base.hxx:147:31:\x1b[m\x1b[K   required from \xe2\x80\x98\x1b[01m\x1b[Kint pinocchio::JointModelBase<Derived>::nv() const [with Derived = pinocchio::JointModelTpl<double>]\x1b[m\x1b[K\xe2\x80\x99\n'}
[7.327196] (gim_arm_hardware) StderrLine: {'line': b'\x1b[01m\x1b[K/opt/ros/humble/include/pinocchio/src/multibody/model.hxx:1083:40:\x1b[m\x1b[K   required from \xe2\x80\x98\x1b[01m\x1b[Kpinocchio::ModelTpl<_Scalar, _Options, JointCollectionTpl>::JointIndex pinocchio::ModelTpl<_Scalar, _Options, JointCollectionTpl>::addJoint(pinocchio::ModelTpl<_Scalar, _Options, JointCollectionTpl>::JointIndex, const JointModel&, const SE3&, const string&) [with _Scalar = double; int _Options = 0; JointCollectionTpl = pinocchio::JointCollectionDefaultTpl; pinocchio::ModelTpl<_Scalar, _Options, JointCollectionTpl>::JointIndex = long unsigned int; pinocchio::ModelTpl<_Scalar, _Options, JointCollectionTpl>::JointModel = pinocchio::JointModelTpl<double>; pinocchio::ModelTpl<_Scalar, _Options, JointCollectionTpl>::SE3 = pinocchio::SE3Tpl<double, 0>; std::string = std::__cxx11::basic_string<char>]\x1b[m\x1b[K\xe2\x80\x99\n'}
[7.327273] (gim_arm_hardware) StderrLine: {'line': b'\x1b[01m\x1b[K/opt/ros/humble/include/pinocchio/src/parsers/urdf/model.hxx:121:44:\x1b[m\x1b[K   required from here\n'}
[7.327333] (gim_arm_hardware) StderrLine: {'line': b'\x1b[01m\x1b[K/usr/include/boost/variant/variant.hpp:2359:41:\x1b[m\x1b[K \x1b[01;31m\x1b[Kerror: \x1b[m\x1b[Kusing invalid field \xe2\x80\x98\x1b[01m\x1b[Kboost::variant<T0, TN>::storage_\x1b[m\x1b[K\xe2\x80\x99\n'}
[7.327395] (gim_arm_hardware) StderrLine: {'line': b' 2359 |               which_, which(), visitor, \x1b[01;31m\x1b[Kstorage_\x1b[m\x1b[K.address()\n'}
[7.327464] (gim_arm_hardware) StderrLine: {'line': b'      |                                         \x1b[01;31m\x1b[K^~~~~~~~\x1b[m\x1b[K\n'}
[7.327524] (gim_arm_hardware) StderrLine: {'line': b'/usr/include/boost/variant/variant.hpp: In instantiation of \xe2\x80\x98\x1b[01m\x1b[Ktypename Visitor::result_type boost::variant<T0, TN>::internal_apply_visitor(Visitor&) const [with Visitor = boost::detail::variant::invoke_visitor<const pinocchio::JointNqVisitor, false>; T0_ = pinocchio::JointModelRevoluteTpl<double, 0, 0>; TN = {pinocchio::JointModelRevoluteTpl<double, 0, 1>, pinocchio::JointModelRevoluteTpl<double, 0, 2>, pinocchio::JointModelFreeFlyerTpl<double, 0>, pinocchio::JointModelPlanarTpl<double, 0>, pinocchio::JointModelRevoluteUnalignedTpl<double, 0>, pinocchio::JointModelSphericalTpl<double, 0>, pinocchio::JointModelSphericalZYXTpl<double, 0>, pinocchio::JointModelEllipsoidTpl<double, 0>, pinocchio::JointModelPrismaticTpl<double, 0, 0>, pinocchio::JointModelPrismaticTpl<double, 0, 1>, pinocchio::JointModelPrismaticTpl<double, 0, 2>, pinocchio::JointModelPrismaticUnalignedTpl<double, 0>, pinocchio::JointModelTranslationTpl<double, 0>, pinocchio::JointModelRevoluteUnboundedTpl<double, 0, 0>, pinocchio::JointModelRevoluteUnboundedTpl<double, 0, 1>, pinocchio::JointModelRevoluteUnboundedTpl<double, 0, 2>, pinocchio::JointModelRevoluteUnboundedUnalignedTpl<double, 0>, pinocchio::JointModelHelicalTpl<double, 0, 0>, pinocchio::JointModelHelicalTpl<double, 0, 1>, pinocchio::JointModelHelicalTpl<double, 0, 2>, pinocchio::JointModelHelicalUnalignedTpl<double, 0>, pinocchio::JointModelUniversalTpl<double, 0>, boost::recursive_wrapper<pinocchio::JointModelCompositeTpl<double, 0, pinocchio::JointCollectionDefaultTpl> >, boost::recursive_wrapper<pinocchio::JointModelMimicTpl<double, 0, pinocchio::JointCollectionDefaultTpl> >}; typename Visitor::result_type = int]\x1b[m\x1b[K\xe2\x80\x99:\n'}
[7.327604] (gim_arm_hardware) StderrLine: {'line': b'\x1b[01m\x1b[K/usr/include/boost/variant/variant.hpp:2404:44:\x1b[m\x1b[K   required from \xe2\x80\x98\x1b[01m\x1b[Ktypename Visitor::result_type boost::variant<T0, TN>::apply_visitor(Visitor&) const & [with Visitor = const pinocchio::JointNqVisitor; T0_ = pinocchio::JointModelRevoluteTpl<double, 0, 0>; TN = {pinocchio::JointModelRevoluteTpl<double, 0, 1>, pinocchio::JointModelRevoluteTpl<double, 0, 2>, pinocchio::JointModelFreeFlyerTpl<double, 0>, pinocchio::JointModelPlanarTpl<double, 0>, pinocchio::JointModelRevoluteUnalignedTpl<double, 0>, pinocchio::JointModelSphericalTpl<double, 0>, pinocchio::JointModelSphericalZYXTpl<double, 0>, pinocchio::JointModelEllipsoidTpl<double, 0>, pinocchio::JointModelPrismaticTpl<double, 0, 0>, pinocchio::JointModelPrismaticTpl<double, 0, 1>, pinocchio::JointModelPrismaticTpl<double, 0, 2>, pinocchio::JointModelPrismaticUnalignedTpl<double, 0>, pinocchio::JointModelTranslationTpl<double, 0>, pinocchio::JointModelRevoluteUnboundedTpl<double, 0, 0>, pinocchio::JointModelRevoluteUnboundedTpl<double, 0, 1>, pinocchio::JointModelRevoluteUnboundedTpl<double, 0, 2>, pinocchio::JointModelRevoluteUnboundedUnalignedTpl<double, 0>, pinocchio::JointModelHelicalTpl<double, 0, 0>, pinocchio::JointModelHelicalTpl<double, 0, 1>, pinocchio::JointModelHelicalTpl<double, 0, 2>, pinocchio::JointModelHelicalUnalignedTpl<double, 0>, pinocchio::JointModelUniversalTpl<double, 0>, boost::recursive_wrapper<pinocchio::JointModelCompositeTpl<double, 0, pinocchio::JointCollectionDefaultTpl> >, boost::recursive_wrapper<pinocchio::JointModelMimicTpl<double, 0, pinocchio::JointCollectionDefaultTpl> >}; typename Visitor::result_type = int]\x1b[m\x1b[K\xe2\x80\x99\n'}
[7.327655] (gim_arm_hardware) StderrLine: {'line': b'\x1b[01m\x1b[K/usr/include/boost/variant/detail/apply_visitor_unary.hpp:68:64:\x1b[m\x1b[K   required from \xe2\x80\x98\x1b[01m\x1b[Ktypename Visitor::result_type boost::apply_visitor(const Visitor&, Visitable&&) [with Visitor = pinocchio::JointNqVisitor; Visitable = const pinocchio::JointModelTpl<double>&; typename Visitor::result_type = int]\x1b[m\x1b[K\xe2\x80\x99\n'}
[7.327680] (gim_arm_hardware) StderrLine: {'line': b'\x1b[01m\x1b[K/opt/ros/humble/include/pinocchio/src/multibody/joint/joint-basic-visitors.hxx:819:34:\x1b[m\x1b[K   required from \xe2\x80\x98\x1b[01m\x1b[Kstatic int pinocchio::JointNqVisitor::run(const pinocchio::JointModelTpl<Scalar, Options, JointCollectionTpl>&) [with Scalar = double; int Options = 0; JointCollectionTpl = pinocchio::JointCollectionDefaultTpl]\x1b[m\x1b[K\xe2\x80\x99\n'}
[7.327708] (gim_arm_hardware) StderrLine: {'line': b'\x1b[01m\x1b[K/opt/ros/humble/include/pinocchio/src/multibody/joint/joint-basic-visitors.hxx:826:31:\x1b[m\x1b[K   required from \xe2\x80\x98\x1b[01m\x1b[Kint pinocchio::nq(const pinocchio::JointModelTpl<Scalar, Options, JointCollectionTpl>&) [with Scalar = double; int Options = 0; JointCollectionTpl = pinocchio::JointCollectionDefaultTpl]\x1b[m\x1b[K\xe2\x80\x99\n'}
[7.327733] (gim_arm_hardware) StderrLine: {'line': b'\x1b[01m\x1b[K/opt/ros/humble/include/pinocchio/src/multibody/joint/joint-generic.hxx:426:29:\x1b[m\x1b[K   required from \xe2\x80\x98\x1b[01m\x1b[Kint pinocchio::JointModelTpl<Scalar, Options, JointCollectionTpl>::nq_impl() const [with _Scalar = double; int _Options = 0; JointCollectionTpl = pinocchio::JointCollectionDefaultTpl]\x1b[m\x1b[K\xe2\x80\x99\n'}
[7.327758] (gim_arm_hardware) StderrLine: {'line': b'\x1b[01m\x1b[K/opt/ros/humble/include/pinocchio/src/multibody/joint/joint-model-base.hxx:151:31:\x1b[m\x1b[K   required from \xe2\x80\x98\x1b[01m\x1b[Kint pinocchio::JointModelBase<Derived>::nq() const [with Derived = pinocchio::JointModelTpl<double>]\x1b[m\x1b[K\xe2\x80\x99\n'}
[7.327782] (gim_arm_hardware) StderrLine: {'line': b'\x1b[01m\x1b[K/opt/ros/humble/include/pinocchio/src/multibody/model.hxx:1087:40:\x1b[m\x1b[K   required from \xe2\x80\x98\x1b[01m\x1b[Kpinocchio::ModelTpl<_Scalar, _Options, JointCollectionTpl>::JointIndex pinocchio::ModelTpl<_Scalar, _Options, JointCollectionTpl>::addJoint(pinocchio::ModelTpl<_Scalar, _Options, JointCollectionTpl>::JointIndex, const JointModel&, const SE3&, const string&) [with _Scalar = double; int _Options = 0; JointCollectionTpl = pinocchio::JointCollectionDefaultTpl; pinocchio::ModelTpl<_Scalar, _Options, JointCollectionTpl>::JointIndex = long unsigned int; pinocchio::ModelTpl<_Scalar, _Options, JointCollectionTpl>::JointModel = pinocchio::JointModelTpl<double>; pinocchio::ModelTpl<_Scalar, _Options, JointCollectionTpl>::SE3 = pinocchio::SE3Tpl<double, 0>; std::string = std::__cxx11::basic_string<char>]\x1b[m\x1b[K\xe2\x80\x99\n'}
[7.327812] (gim_arm_hardware) StderrLine: {'line': b'\x1b[01m\x1b[K/opt/ros/humble/include/pinocchio/src/parsers/urdf/model.hxx:121:44:\x1b[m\x1b[K   required from here\n'}
[7.327836] (gim_arm_hardware) StderrLine: {'line': b'\x1b[01m\x1b[K/usr/include/boost/variant/variant.hpp:2359:41:\x1b[m\x1b[K \x1b[01;31m\x1b[Kerror: \x1b[m\x1b[Kusing invalid field \xe2\x80\x98\x1b[01m\x1b[Kboost::variant<T0, TN>::storage_\x1b[m\x1b[K\xe2\x80\x99\n'}
[7.331022] (gim_arm_hardware) StderrLine: {'line': b'/usr/include/boost/variant/variant.hpp: In instantiation of \xe2\x80\x98\x1b[01m\x1b[Ktypename Visitor::result_type boost::variant<T0, TN>::internal_apply_visitor(Visitor&) const [with Visitor = boost::detail::variant::invoke_visitor<const pinocchio::JointNvExtendedVisitor, false>; T0_ = pinocchio::JointModelRevoluteTpl<double, 0, 0>; TN = {pinocchio::JointModelRevoluteTpl<double, 0, 1>, pinocchio::JointModelRevoluteTpl<double, 0, 2>, pinocchio::JointModelFreeFlyerTpl<double, 0>, pinocchio::JointModelPlanarTpl<double, 0>, pinocchio::JointModelRevoluteUnalignedTpl<double, 0>, pinocchio::JointModelSphericalTpl<double, 0>, pinocchio::JointModelSphericalZYXTpl<double, 0>, pinocchio::JointModelEllipsoidTpl<double, 0>, pinocchio::JointModelPrismaticTpl<double, 0, 0>, pinocchio::JointModelPrismaticTpl<double, 0, 1>, pinocchio::JointModelPrismaticTpl<double, 0, 2>, pinocchio::JointModelPrismaticUnalignedTpl<double, 0>, pinocchio::JointModelTranslationTpl<double, 0>, pinocchio::JointModelRevoluteUnboundedTpl<double, 0, 0>, pinocchio::JointModelRevoluteUnboundedTpl<double, 0, 1>, pinocchio::JointModelRevoluteUnboundedTpl<double, 0, 2>, pinocchio::JointModelRevoluteUnboundedUnalignedTpl<double, 0>, pinocchio::JointModelHelicalTpl<double, 0, 0>, pinocchio::JointModelHelicalTpl<double, 0, 1>, pinocchio::JointModelHelicalTpl<double, 0, 2>, pinocchio::JointModelHelicalUnalignedTpl<double, 0>, pinocchio::JointModelUniversalTpl<double, 0>, boost::recursive_wrapper<pinocchio::JointModelCompositeTpl<double, 0, pinocchio::JointCollectionDefaultTpl> >, boost::recursive_wrapper<pinocchio::JointModelMimicTpl<double, 0, pinocchio::JointCollectionDefaultTpl> >}; typename Visitor::result_type = int]\x1b[m\x1b[K\xe2\x80\x99:\n'}
[7.331332] (gim_arm_hardware) StderrLine: {'line': b'\x1b[01m\x1b[K/usr/include/boost/variant/variant.hpp:2404:44:\x1b[m\x1b[K   required from \xe2\x80\x98\x1b[01m\x1b[Ktypename Visitor::result_type boost::variant<T0, TN>::apply_visitor(Visitor&) const & [with Visitor = const pinocchio::JointNvExtendedVisitor; T0_ = pinocchio::JointModelRevoluteTpl<double, 0, 0>; TN = {pinocchio::JointModelRevoluteTpl<double, 0, 1>, pinocchio::JointModelRevoluteTpl<double, 0, 2>, pinocchio::JointModelFreeFlyerTpl<double, 0>, pinocchio::JointModelPlanarTpl<double, 0>, pinocchio::JointModelRevoluteUnalignedTpl<double, 0>, pinocchio::JointModelSphericalTpl<double, 0>, pinocchio::JointModelSphericalZYXTpl<double, 0>, pinocchio::JointModelEllipsoidTpl<double, 0>, pinocchio::JointModelPrismaticTpl<double, 0, 0>, pinocchio::JointModelPrismaticTpl<double, 0, 1>, pinocchio::JointModelPrismaticTpl<double, 0, 2>, pinocchio::JointModelPrismaticUnalignedTpl<double, 0>, pinocchio::JointModelTranslationTpl<double, 0>, pinocchio::JointModelRevoluteUnboundedTpl<double, 0, 0>, pinocchio::JointModelRevoluteUnboundedTpl<double, 0, 1>, pinocchio::JointModelRevoluteUnboundedTpl<double, 0, 2>, pinocchio::JointModelRevoluteUnboundedUnalignedTpl<double, 0>, pinocchio::JointModelHelicalTpl<double, 0, 0>, pinocchio::JointModelHelicalTpl<double, 0, 1>, pinocchio::JointModelHelicalTpl<double, 0, 2>, pinocchio::JointModelHelicalUnalignedTpl<double, 0>, pinocchio::JointModelUniversalTpl<double, 0>, boost::recursive_wrapper<pinocchio::JointModelCompositeTpl<double, 0, pinocchio::JointCollectionDefaultTpl> >, boost::recursive_wrapper<pinocchio::JointModelMimicTpl<double, 0, pinocchio::JointCollectionDefaultTpl> >}; typename Visitor::result_type = int]\x1b[m\x1b[K\xe2\x80\x99\n'}
[7.331687] (gim_arm_hardware) StderrLine: {'line': b'\x1b[01m\x1b[K/usr/include/boost/variant/detail/apply_visitor_unary.hpp:68:64:\x1b[m\x1b[K   required from \xe2\x80\x98\x1b[01m\x1b[Ktypename Visitor::result_type boost::apply_visitor(const Visitor&, Visitable&&) [with Visitor = pinocchio::JointNvExtendedVisitor; Visitable = const pinocchio::JointModelTpl<double>&; typename Visitor::result_type = int]\x1b[m\x1b[K\xe2\x80\x99\n'}
[7.331872] (gim_arm_hardware) StderrLine: {'line': b'\x1b[01m\x1b[K/opt/ros/humble/include/pinocchio/src/multibody/joint/joint-basic-visitors.hxx:843:34:\x1b[m\x1b[K   required from \xe2\x80\x98\x1b[01m\x1b[Kstatic int pinocchio::JointNvExtendedVisitor::run(const pinocchio::JointModelTpl<Scalar, Options, JointCollectionTpl>&) [with Scalar = double; int Options = 0; JointCollectionTpl = pinocchio::JointCollectionDefaultTpl]\x1b[m\x1b[K\xe2\x80\x99\n'}
[7.331958] (gim_arm_hardware) StderrLine: {'line': b'\x1b[01m\x1b[K/opt/ros/humble/include/pinocchio/src/multibody/joint/joint-basic-visitors.hxx:850:39:\x1b[m\x1b[K   required from \xe2\x80\x98\x1b[01m\x1b[Kint pinocchio::nvExtended(const pinocchio::JointModelTpl<Scalar, Options, JointCollectionTpl>&) [with Scalar = double; int Options = 0; JointCollectionTpl = pinocchio::JointCollectionDefaultTpl]\x1b[m\x1b[K\xe2\x80\x99\n'}
[7.332083] (gim_arm_hardware) StderrLine: {'line': b'\x1b[01m\x1b[K/opt/ros/humble/include/pinocchio/src/multibody/joint/joint-generic.hxx:434:37:\x1b[m\x1b[K   required from \xe2\x80\x98\x1b[01m\x1b[Kint pinocchio::JointModelTpl<Scalar, Options, JointCollectionTpl>::nvExtended_impl() const [with _Scalar = double; int _Options = 0; JointCollectionTpl = pinocchio::JointCollectionDefaultTpl]\x1b[m\x1b[K\xe2\x80\x99\n'}
[7.332153] (gim_arm_hardware) StderrLine: {'line': b'\x1b[01m\x1b[K/opt/ros/humble/include/pinocchio/src/multibody/joint/joint-model-base.hxx:155:39:\x1b[m\x1b[K   required from \xe2\x80\x98\x1b[01m\x1b[Kint pinocchio::JointModelBase<Derived>::nvExtended() const [with Derived = pinocchio::JointModelTpl<double>]\x1b[m\x1b[K\xe2\x80\x99\n'}
[7.332208] (gim_arm_hardware) StderrLine: {'line': b'\x1b[01m\x1b[K/opt/ros/humble/include/pinocchio/src/multibody/model.hxx:823:5:\x1b[m\x1b[K   required from \xe2\x80\x98\x1b[01m\x1b[Kpinocchio::ModelTpl<_Scalar, _Options, JointCollectionTpl>::JointIndex pinocchio::ModelTpl<_Scalar, _Options, JointCollectionTpl>::addJoint(pinocchio::ModelTpl<_Scalar, _Options, JointCollectionTpl>::JointIndex, const JointModel&, const SE3&, const string&, const VectorXs&, const VectorXs&, const VectorXs&, const VectorXs&, const VectorXs&, const VectorXs&, const VectorXs&, const VectorXs&, const VectorXs&, const VectorXs&) [with _Scalar = double; int _Options = 0; JointCollectionTpl = pinocchio::JointCollectionDefaultTpl; pinocchio::ModelTpl<_Scalar, _Options, JointCollectionTpl>::JointIndex = long unsigned int; pinocchio::ModelTpl<_Scalar, _Options, JointCollectionTpl>::JointModel = pinocchio::JointModelTpl<double>; pinocchio::ModelTpl<_Scalar, _Options, JointCollectionTpl>::SE3 = pinocchio::SE3Tpl<double, 0>; std::string = std::__cxx11::basic_string<char>; pinocchio::ModelTpl<_Scalar, _Options, JointCollectionTpl>::VectorXs = Eigen::Matrix<double, -1, 1>]\x1b[m\x1b[K\xe2\x80\x99\n'}
[7.332263] (gim_arm_hardware) StderrLine: {'line': b'\x1b[01m\x1b[K/opt/ros/humble/include/pinocchio/src/parsers/urdf/model.hxx:235:38:\x1b[m\x1b[K   required from here\n'}
[7.332312] (gim_arm_hardware) StderrLine: {'line': b'\x1b[01m\x1b[K/usr/include/boost/variant/variant.hpp:2359:41:\x1b[m\x1b[K \x1b[01;31m\x1b[Kerror: \x1b[m\x1b[Kusing invalid field \xe2\x80\x98\x1b[01m\x1b[Kboost::variant<T0, TN>::storage_\x1b[m\x1b[K\xe2\x80\x99\n'}
[7.332368] (gim_arm_hardware) StderrLine: {'line': b'/usr/include/boost/variant/variant.hpp: In instantiation of \xe2\x80\x98\x1b[01m\x1b[Ktypename Visitor::result_type boost::variant<T0, TN>::internal_apply_visitor(Visitor&) const [with Visitor = boost::detail::variant::invoke_visitor<const pinocchio::JointIdxQVisitor, false>; T0_ = pinocchio::JointModelRevoluteTpl<double, 0, 0>; TN = {pinocchio::JointModelRevoluteTpl<double, 0, 1>, pinocchio::JointModelRevoluteTpl<double, 0, 2>, pinocchio::JointModelFreeFlyerTpl<double, 0>, pinocchio::JointModelPlanarTpl<double, 0>, pinocchio::JointModelRevoluteUnalignedTpl<double, 0>, pinocchio::JointModelSphericalTpl<double, 0>, pinocchio::JointModelSphericalZYXTpl<double, 0>, pinocchio::JointModelEllipsoidTpl<double, 0>, pinocchio::JointModelPrismaticTpl<double, 0, 0>, pinocchio::JointModelPrismaticTpl<double, 0, 1>, pinocchio::JointModelPrismaticTpl<double, 0, 2>, pinocchio::JointModelPrismaticUnalignedTpl<double, 0>, pinocchio::JointModelTranslationTpl<double, 0>, pinocchio::JointModelRevoluteUnboundedTpl<double, 0, 0>, pinocchio::JointModelRevoluteUnboundedTpl<double, 0, 1>, pinocchio::JointModelRevoluteUnboundedTpl<double, 0, 2>, pinocchio::JointModelRevoluteUnboundedUnalignedTpl<double, 0>, pinocchio::JointModelHelicalTpl<double, 0, 0>, pinocchio::JointModelHelicalTpl<double, 0, 1>, pinocchio::JointModelHelicalTpl<double, 0, 2>, pinocchio::JointModelHelicalUnalignedTpl<double, 0>, pinocchio::JointModelUniversalTpl<double, 0>, boost::recursive_wrapper<pinocchio::JointModelCompositeTpl<double, 0, pinocchio::JointCollectionDefaultTpl> >, boost::recursive_wrapper<pinocchio::JointModelMimicTpl<double, 0, pinocchio::JointCollectionDefaultTpl> >}; typename Visitor::result_type = int]\x1b[m\x1b[K\xe2\x80\x99:\n'}
[7.332430] (gim_arm_hardware) StderrLine: {'line': b'\x1b[01m\x1b[K/usr/include/boost/variant/variant.hpp:2404:44:\x1b[m\x1b[K   required from \xe2\x80\x98\x1b[01m\x1b[Ktypename Visitor::result_type boost::variant<T0, TN>::apply_visitor(Visitor&) const & [with Visitor = const pinocchio::JointIdxQVisitor; T0_ = pinocchio::JointModelRevoluteTpl<double, 0, 0>; TN = {pinocchio::JointModelRevoluteTpl<double, 0, 1>, pinocchio::JointModelRevoluteTpl<double, 0, 2>, pinocchio::JointModelFreeFlyerTpl<double, 0>, pinocchio::JointModelPlanarTpl<double, 0>, pinocchio::JointModelRevoluteUnalignedTpl<double, 0>, pinocchio::JointModelSphericalTpl<double, 0>, pinocchio::JointModelSphericalZYXTpl<double, 0>, pinocchio::JointModelEllipsoidTpl<double, 0>, pinocchio::JointModelPrismaticTpl<double, 0, 0>, pinocchio::JointModelPrismaticTpl<double, 0, 1>, pinocchio::JointModelPrismaticTpl<double, 0, 2>, pinocchio::JointModelPrismaticUnalignedTpl<double, 0>, pinocchio::JointModelTranslationTpl<double, 0>, pinocchio::JointModelRevoluteUnboundedTpl<double, 0, 0>, pinocchio::JointModelRevoluteUnboundedTpl<double, 0, 1>, pinocchio::JointModelRevoluteUnboundedTpl<double, 0, 2>, pinocchio::JointModelRevoluteUnboundedUnalignedTpl<double, 0>, pinocchio::JointModelHelicalTpl<double, 0, 0>, pinocchio::JointModelHelicalTpl<double, 0, 1>, pinocchio::JointModelHelicalTpl<double, 0, 2>, pinocchio::JointModelHelicalUnalignedTpl<double, 0>, pinocchio::JointModelUniversalTpl<double, 0>, boost::recursive_wrapper<pinocchio::JointModelCompositeTpl<double, 0, pinocchio::JointCollectionDefaultTpl> >, boost::recursive_wrapper<pinocchio::JointModelMimicTpl<double, 0, pinocchio::JointCollectionDefaultTpl> >}; typename Visitor::result_type = int]\x1b[m\x1b[K\xe2\x80\x99\n'}
[7.332469] (gim_arm_hardware) StderrLine: {'line': b'\x1b[01m\x1b[K/usr/include/boost/variant/detail/apply_visitor_unary.hpp:68:64:\x1b[m\x1b[K   required from \xe2\x80\x98\x1b[01m\x1b[Ktypename Visitor::result_type boost::apply_visitor(const Visitor&, Visitable&&) [with Visitor = pinocchio::JointIdxQVisitor; Visitable = const pinocchio::JointModelTpl<double>&; typename Visitor::result_type = int]\x1b[m\x1b[K\xe2\x80\x99\n'}
[7.332495] (gim_arm_hardware) StderrLine: {'line': b'\x1b[01m\x1b[K/opt/ros/humble/include/pinocchio/src/multibody/joint/joint-basic-visitors.hxx:919:34:\x1b[m\x1b[K   required from \xe2\x80\x98\x1b[01m\x1b[Kstatic int pinocchio::JointIdxQVisitor::run(const pinocchio::JointModelTpl<Scalar, Options, JointCollectionTpl>&) [with Scalar = double; int Options = 0; JointCollectionTpl = pinocchio::JointCollectionDefaultTpl]\x1b[m\x1b[K\xe2\x80\x99\n'}
[7.332526] (gim_arm_hardware) StderrLine: {'line': b'\x1b[01m\x1b[K/opt/ros/humble/include/pinocchio/src/multibody/joint/joint-basic-visitors.hxx:926:33:\x1b[m\x1b[K   required from \xe2\x80\x98\x1b[01m\x1b[Kint pinocchio::idx_q(const pinocchio::JointModelTpl<Scalar, Options, JointCollectionTpl>&) [with Scalar = double; int Options = 0; JointCollectionTpl = pinocchio::JointCollectionDefaultTpl]\x1b[m\x1b[K\xe2\x80\x99\n'}
[7.332551] (gim_arm_hardware) StderrLine: {'line': b'\x1b[01m\x1b[K/opt/ros/humble/include/pinocchio/src/multibody/joint/joint-generic.hxx:439:32:\x1b[m\x1b[K   required from \xe2\x80\x98\x1b[01m\x1b[Kint pinocchio::JointModelTpl<Scalar, Options, JointCollectionTpl>::idx_q_impl() const [with _Scalar = double; int _Options = 0; JointCollectionTpl = pinocchio::JointCollectionDefaultTpl]\x1b[m\x1b[K\xe2\x80\x99\n'}
[7.332582] (gim_arm_hardware) StderrLine: {'line': b'\x1b[01m\x1b[K/opt/ros/humble/include/pinocchio/src/multibody/joint/joint-model-base.hxx:174:34:\x1b[m\x1b[K   required from \xe2\x80\x98\x1b[01m\x1b[Kint pinocchio::JointModelBase<Derived>::idx_q() const [with Derived = pinocchio::JointModelTpl<double>]\x1b[m\x1b[K\xe2\x80\x99\n'}
[7.332616] (gim_arm_hardware) StderrLine: {'line': b'\x1b[01m\x1b[K/opt/ros/humble/include/pinocchio/src/multibody/model.hxx:872:41:\x1b[m\x1b[K   required from \xe2\x80\x98\x1b[01m\x1b[Kpinocchio::ModelTpl<_Scalar, _Options, JointCollectionTpl>::JointIndex pinocchio::ModelTpl<_Scalar, _Options, JointCollectionTpl>::addJoint(pinocchio::ModelTpl<_Scalar, _Options, JointCollectionTpl>::JointIndex, const JointModel&, const SE3&, const string&, const VectorXs&, const VectorXs&, const VectorXs&, const VectorXs&, const VectorXs&, const VectorXs&, const VectorXs&, const VectorXs&, const VectorXs&, const VectorXs&) [with _Scalar = double; int _Options = 0; JointCollectionTpl = pinocchio::JointCollectionDefaultTpl; pinocchio::ModelTpl<_Scalar, _Options, JointCollectionTpl>::JointIndex = long unsigned int; pinocchio::ModelTpl<_Scalar, _Options, JointCollectionTpl>::JointModel = pinocchio::JointModelTpl<double>; pinocchio::ModelTpl<_Scalar, _Options, JointCollectionTpl>::SE3 = pinocchio::SE3Tpl<double, 0>; std::string = std::__cxx11::basic_string<char>; pinocchio::ModelTpl<_Scalar, _Options, JointCollectionTpl>::VectorXs = Eigen::Matrix<double, -1, 1>]\x1b[m\x1b[K\xe2\x80\x99\n'}
[7.332654] (gim_arm_hardware) StderrLine: {'line': b'\x1b[01m\x1b[K/opt/ros/humble/include/pinocchio/src/parsers/urdf/model.hxx:235:38:\x1b[m\x1b[K   required from here\n'}
[7.332689] (gim_arm_hardware) StderrLine: {'line': b'\x1b[01m\x1b[K/usr/include/boost/variant/variant.hpp:2359:41:\x1b[m\x1b[K \x1b[01;31m\x1b[Kerror: \x1b[m\x1b[Kusing invalid field \xe2\x80\x98\x1b[01m\x1b[Kboost::variant<T0, TN>::storage_\x1b[m\x1b[K\xe2\x80\x99\n'}
[7.332718] (gim_arm_hardware) StderrLine: {'line': b'/usr/include/boost/variant/variant.hpp: In instantiation of \xe2\x80\x98\x1b[01m\x1b[Ktypename Visitor::result_type boost::variant<T0, TN>::internal_apply_visitor(Visitor&) const [with Visitor = boost::detail::variant::invoke_visitor<const pinocchio::JointIdxVVisitor, false>; T0_ = pinocchio::JointModelRevoluteTpl<double, 0, 0>; TN = {pinocchio::JointModelRevoluteTpl<double, 0, 1>, pinocchio::JointModelRevoluteTpl<double, 0, 2>, pinocchio::JointModelFreeFlyerTpl<double, 0>, pinocchio::JointModelPlanarTpl<double, 0>, pinocchio::JointModelRevoluteUnalignedTpl<double, 0>, pinocchio::JointModelSphericalTpl<double, 0>, pinocchio::JointModelSphericalZYXTpl<double, 0>, pinocchio::JointModelEllipsoidTpl<double, 0>, pinocchio::JointModelPrismaticTpl<double, 0, 0>, pinocchio::JointModelPrismaticTpl<double, 0, 1>, pinocchio::JointModelPrismaticTpl<double, 0, 2>, pinocchio::JointModelPrismaticUnalignedTpl<double, 0>, pinocchio::JointModelTranslationTpl<double, 0>, pinocchio::JointModelRevoluteUnboundedTpl<double, 0, 0>, pinocchio::JointModelRevoluteUnboundedTpl<double, 0, 1>, pinocchio::JointModelRevoluteUnboundedTpl<double, 0, 2>, pinocchio::JointModelRevoluteUnboundedUnalignedTpl<double, 0>, pinocchio::JointModelHelicalTpl<double, 0, 0>, pinocchio::JointModelHelicalTpl<double, 0, 1>, pinocchio::JointModelHelicalTpl<double, 0, 2>, pinocchio::JointModelHelicalUnalignedTpl<double, 0>, pinocchio::JointModelUniversalTpl<double, 0>, boost::recursive_wrapper<pinocchio::JointModelCompositeTpl<double, 0, pinocchio::JointCollectionDefaultTpl> >, boost::recursive_wrapper<pinocchio::JointModelMimicTpl<double, 0, pinocchio::JointCollectionDefaultTpl> >}; typename Visitor::result_type = int]\x1b[m\x1b[K\xe2\x80\x99:\n'}
[7.332759] (gim_arm_hardware) StderrLine: {'line': b'\x1b[01m\x1b[K/usr/include/boost/variant/variant.hpp:2404:44:\x1b[m\x1b[K   required from \xe2\x80\x98\x1b[01m\x1b[Ktypename Visitor::result_type boost::variant<T0, TN>::apply_visitor(Visitor&) const & [with Visitor = const pinocchio::JointIdxVVisitor; T0_ = pinocchio::JointModelRevoluteTpl<double, 0, 0>; TN = {pinocchio::JointModelRevoluteTpl<double, 0, 1>, pinocchio::JointModelRevoluteTpl<double, 0, 2>, pinocchio::JointModelFreeFlyerTpl<double, 0>, pinocchio::JointModelPlanarTpl<double, 0>, pinocchio::JointModelRevoluteUnalignedTpl<double, 0>, pinocchio::JointModelSphericalTpl<double, 0>, pinocchio::JointModelSphericalZYXTpl<double, 0>, pinocchio::JointModelEllipsoidTpl<double, 0>, pinocchio::JointModelPrismaticTpl<double, 0, 0>, pinocchio::JointModelPrismaticTpl<double, 0, 1>, pinocchio::JointModelPrismaticTpl<double, 0, 2>, pinocchio::JointModelPrismaticUnalignedTpl<double, 0>, pinocchio::JointModelTranslationTpl<double, 0>, pinocchio::JointModelRevoluteUnboundedTpl<double, 0, 0>, pinocchio::JointModelRevoluteUnboundedTpl<double, 0, 1>, pinocchio::JointModelRevoluteUnboundedTpl<double, 0, 2>, pinocchio::JointModelRevoluteUnboundedUnalignedTpl<double, 0>, pinocchio::JointModelHelicalTpl<double, 0, 0>, pinocchio::JointModelHelicalTpl<double, 0, 1>, pinocchio::JointModelHelicalTpl<double, 0, 2>, pinocchio::JointModelHelicalUnalignedTpl<double, 0>, pinocchio::JointModelUniversalTpl<double, 0>, boost::recursive_wrapper<pinocchio::JointModelCompositeTpl<double, 0, pinocchio::JointCollectionDefaultTpl> >, boost::recursive_wrapper<pinocchio::JointModelMimicTpl<double, 0, pinocchio::JointCollectionDefaultTpl> >}; typename Visitor::result_type = int]\x1b[m\x1b[K\xe2\x80\x99\n'}
[7.332799] (gim_arm_hardware) StderrLine: {'line': b'\x1b[01m\x1b[K/usr/include/boost/variant/detail/apply_visitor_unary.hpp:68:64:\x1b[m\x1b[K   required from \xe2\x80\x98\x1b[01m\x1b[Ktypename Visitor::result_type boost::apply_visitor(const Visitor&, Visitable&&) [with Visitor = pinocchio::JointIdxVVisitor; Visitable = const pinocchio::JointModelTpl<double>&; typename Visitor::result_type = int]\x1b[m\x1b[K\xe2\x80\x99\n'}
[7.332829] (gim_arm_hardware) StderrLine: {'line': b'\x1b[01m\x1b[K/opt/ros/humble/include/pinocchio/src/multibody/joint/joint-basic-visitors.hxx:943:34:\x1b[m\x1b[K   required from \xe2\x80\x98\x1b[01m\x1b[Kstatic int pinocchio::JointIdxVVisitor::run(const pinocchio::JointModelTpl<Scalar, Options, JointCollectionTpl>&) [with Scalar = double; int Options = 0; JointCollectionTpl = pinocchio::JointCollectionDefaultTpl]\x1b[m\x1b[K\xe2\x80\x99\n'}
[7.332859] (gim_arm_hardware) StderrLine: {'line': b'\x1b[01m\x1b[K/opt/ros/humble/include/pinocchio/src/multibody/joint/joint-basic-visitors.hxx:950:33:\x1b[m\x1b[K   required from \xe2\x80\x98\x1b[01m\x1b[Kint pinocchio::idx_v(const pinocchio::JointModelTpl<Scalar, Options, JointCollectionTpl>&) [with Scalar = double; int Options = 0; JointCollectionTpl = pinocchio::JointCollectionDefaultTpl]\x1b[m\x1b[K\xe2\x80\x99\n'}
[7.332888] (gim_arm_hardware) StderrLine: {'line': b'\x1b[01m\x1b[K/opt/ros/humble/include/pinocchio/src/multibody/joint/joint-generic.hxx:443:32:\x1b[m\x1b[K   required from \xe2\x80\x98\x1b[01m\x1b[Kint pinocchio::JointModelTpl<Scalar, Options, JointCollectionTpl>::idx_v_impl() const [with _Scalar = double; int _Options = 0; JointCollectionTpl = pinocchio::JointCollectionDefaultTpl]\x1b[m\x1b[K\xe2\x80\x99\n'}
[7.332915] (gim_arm_hardware) StderrLine: {'line': b'\x1b[01m\x1b[K/opt/ros/humble/include/pinocchio/src/multibody/joint/joint-model-base.hxx:178:34:\x1b[m\x1b[K   required from \xe2\x80\x98\x1b[01m\x1b[Kint pinocchio::JointModelBase<Derived>::idx_v() const [with Derived = pinocchio::JointModelTpl<double>]\x1b[m\x1b[K\xe2\x80\x99\n'}
[7.332941] (gim_arm_hardware) StderrLine: {'line': b'\x1b[01m\x1b[K/opt/ros/humble/include/pinocchio/src/multibody/model.hxx:874:41:\x1b[m\x1b[K   required from \xe2\x80\x98\x1b[01m\x1b[Kpinocchio::ModelTpl<_Scalar, _Options, JointCollectionTpl>::JointIndex pinocchio::ModelTpl<_Scalar, _Options, JointCollectionTpl>::addJoint(pinocchio::ModelTpl<_Scalar, _Options, JointCollectionTpl>::JointIndex, const JointModel&, const SE3&, const string&, const VectorXs&, const VectorXs&, const VectorXs&, const VectorXs&, const VectorXs&, const VectorXs&, const VectorXs&, const VectorXs&, const VectorXs&, const VectorXs&) [with _Scalar = double; int _Options = 0; JointCollectionTpl = pinocchio::JointCollectionDefaultTpl; pinocchio::ModelTpl<_Scalar, _Options, JointCollectionTpl>::JointIndex = long unsigned int; pinocchio::ModelTpl<_Scalar, _Options, JointCollectionTpl>::JointModel = pinocchio::JointModelTpl<double>; pinocchio::ModelTpl<_Scalar, _Options, JointCollectionTpl>::SE3 = pinocchio::SE3Tpl<double, 0>; std::string = std::__cxx11::basic_string<char>; pinocchio::ModelTpl<_Scalar, _Options, JointCollectionTpl>::VectorXs = Eigen::Matrix<double, -1, 1>]\x1b[m\x1b[K\xe2\x80\x99\n'}
[7.332978] (gim_arm_hardware) StderrLine: {'line': b'\x1b[01m\x1b[K/opt/ros/humble/include/pinocchio/src/parsers/urdf/model.hxx:235:38:\x1b[m\x1b[K   required from here\n'}
[7.333005] (gim_arm_hardware) StderrLine: {'line': b'\x1b[01m\x1b[K/usr/include/boost/variant/variant.hpp:2359:41:\x1b[m\x1b[K \x1b[01;31m\x1b[Kerror: \x1b[m\x1b[Kusing invalid field \xe2\x80\x98\x1b[01m\x1b[Kboost::variant<T0, TN>::storage_\x1b[m\x1b[K\xe2\x80\x99\n'}
[7.333031] (gim_arm_hardware) StderrLine: {'line': b'/usr/include/boost/variant/variant.hpp: In instantiation of \xe2\x80\x98\x1b[01m\x1b[Ktypename Visitor::result_type boost::variant<T0, TN>::internal_apply_visitor(Visitor&) const [with Visitor = boost::detail::variant::invoke_visitor<const pinocchio::JointIdxVExtendedVisitor, false>; T0_ = pinocchio::JointModelRevoluteTpl<double, 0, 0>; TN = {pinocchio::JointModelRevoluteTpl<double, 0, 1>, pinocchio::JointModelRevoluteTpl<double, 0, 2>, pinocchio::JointModelFreeFlyerTpl<double, 0>, pinocchio::JointModelPlanarTpl<double, 0>, pinocchio::JointModelRevoluteUnalignedTpl<double, 0>, pinocchio::JointModelSphericalTpl<double, 0>, pinocchio::JointModelSphericalZYXTpl<double, 0>, pinocchio::JointModelEllipsoidTpl<double, 0>, pinocchio::JointModelPrismaticTpl<double, 0, 0>, pinocchio::JointModelPrismaticTpl<double, 0, 1>, pinocchio::JointModelPrismaticTpl<double, 0, 2>, pinocchio::JointModelPrismaticUnalignedTpl<double, 0>, pinocchio::JointModelTranslationTpl<double, 0>, pinocchio::JointModelRevoluteUnboundedTpl<double, 0, 0>, pinocchio::JointModelRevoluteUnboundedTpl<double, 0, 1>, pinocchio::JointModelRevoluteUnboundedTpl<double, 0, 2>, pinocchio::JointModelRevoluteUnboundedUnalignedTpl<double, 0>, pinocchio::JointModelHelicalTpl<double, 0, 0>, pinocchio::JointModelHelicalTpl<double, 0, 1>, pinocchio::JointModelHelicalTpl<double, 0, 2>, pinocchio::JointModelHelicalUnalignedTpl<double, 0>, pinocchio::JointModelUniversalTpl<double, 0>, boost::recursive_wrapper<pinocchio::JointModelCompositeTpl<double, 0, pinocchio::JointCollectionDefaultTpl> >, boost::recursive_wrapper<pinocchio::JointModelMimicTpl<double, 0, pinocchio::JointCollectionDefaultTpl> >}; typename Visitor::result_type = int]\x1b[m\x1b[K\xe2\x80\x99:\n'}
[7.333070] (gim_arm_hardware) StderrLine: {'line': b'\x1b[01m\x1b[K/usr/include/boost/variant/variant.hpp:2404:44:\x1b[m\x1b[K   required from \xe2\x80\x98\x1b[01m\x1b[Ktypename Visitor::result_type boost::variant<T0, TN>::apply_visitor(Visitor&) const & [with Visitor = const pinocchio::JointIdxVExtendedVisitor; T0_ = pinocchio::JointModelRevoluteTpl<double, 0, 0>; TN = {pinocchio::JointModelRevoluteTpl<double, 0, 1>, pinocchio::JointModelRevoluteTpl<double, 0, 2>, pinocchio::JointModelFreeFlyerTpl<double, 0>, pinocchio::JointModelPlanarTpl<double, 0>, pinocchio::JointModelRevoluteUnalignedTpl<double, 0>, pinocchio::JointModelSphericalTpl<double, 0>, pinocchio::JointModelSphericalZYXTpl<double, 0>, pinocchio::JointModelEllipsoidTpl<double, 0>, pinocchio::JointModelPrismaticTpl<double, 0, 0>, pinocchio::JointModelPrismaticTpl<double, 0, 1>, pinocchio::JointModelPrismaticTpl<double, 0, 2>, pinocchio::JointModelPrismaticUnalignedTpl<double, 0>, pinocchio::JointModelTranslationTpl<double, 0>, pinocchio::JointModelRevoluteUnboundedTpl<double, 0, 0>, pinocchio::JointModelRevoluteUnboundedTpl<double, 0, 1>, pinocchio::JointModelRevoluteUnboundedTpl<double, 0, 2>, pinocchio::JointModelRevoluteUnboundedUnalignedTpl<double, 0>, pinocchio::JointModelHelicalTpl<double, 0, 0>, pinocchio::JointModelHelicalTpl<double, 0, 1>, pinocchio::JointModelHelicalTpl<double, 0, 2>, pinocchio::JointModelHelicalUnalignedTpl<double, 0>, pinocchio::JointModelUniversalTpl<double, 0>, boost::recursive_wrapper<pinocchio::JointModelCompositeTpl<double, 0, pinocchio::JointCollectionDefaultTpl> >, boost::recursive_wrapper<pinocchio::JointModelMimicTpl<double, 0, pinocchio::JointCollectionDefaultTpl> >}; typename Visitor::result_type = int]\x1b[m\x1b[K\xe2\x80\x99\n'}
[7.333104] (gim_arm_hardware) StderrLine: {'line': b'\x1b[01m\x1b[K/usr/include/boost/variant/detail/apply_visitor_unary.hpp:68:64:\x1b[m\x1b[K   required from \xe2\x80\x98\x1b[01m\x1b[Ktypename Visitor::result_type boost::apply_visitor(const Visitor&, Visitable&&) [with Visitor = pinocchio::JointIdxVExtendedVisitor; Visitable = const pinocchio::JointModelTpl<double>&; typename Visitor::result_type = int]\x1b[m\x1b[K\xe2\x80\x99\n'}
[7.333141] (gim_arm_hardware) StderrLine: {'line': b'\x1b[01m\x1b[K/opt/ros/humble/include/pinocchio/src/multibody/joint/joint-basic-visitors.hxx:967:34:\x1b[m\x1b[K   required from \xe2\x80\x98\x1b[01m\x1b[Kstatic int pinocchio::JointIdxVExtendedVisitor::run(const pinocchio::JointModelTpl<Scalar, Options, JointCollectionTpl>&) [with Scalar = double; int Options = 0; JointCollectionTpl = pinocchio::JointCollectionDefaultTpl]\x1b[m\x1b[K\xe2\x80\x99\n'}
[7.333175] (gim_arm_hardware) StderrLine: {'line': b'\x1b[01m\x1b[K/opt/ros/humble/include/pinocchio/src/multibody/joint/joint-basic-visitors.hxx:974:41:\x1b[m\x1b[K   required from \xe2\x80\x98\x1b[01m\x1b[Kint pinocchio::idx_vExtended(const pinocchio::JointModelTpl<Scalar, Options, JointCollectionTpl>&) [with Scalar = double; int Options = 0; JointCollectionTpl = pinocchio::JointCollectionDefaultTpl]\x1b[m\x1b[K\xe2\x80\x99\n'}
[7.333202] (gim_arm_hardware) StderrLine: {'line': b'\x1b[01m\x1b[K/opt/ros/humble/include/pinocchio/src/multibody/joint/joint-generic.hxx:447:40:\x1b[m\x1b[K   required from \xe2\x80\x98\x1b[01m\x1b[Kint pinocchio::JointModelTpl<Scalar, Options, JointCollectionTpl>::idx_vExtended_impl() const [with _Scalar = double; int _Options = 0; JointCollectionTpl = pinocchio::JointCollectionDefaultTpl]\x1b[m\x1b[K\xe2\x80\x99\n'}
[7.333229] (gim_arm_hardware) StderrLine: {'line': b'\x1b[01m\x1b[K/opt/ros/humble/include/pinocchio/src/multibody/joint/joint-model-base.hxx:182:42:\x1b[m\x1b[K   required from \xe2\x80\x98\x1b[01m\x1b[Kint pinocchio::JointModelBase<Derived>::idx_vExtended() const [with Derived = pinocchio::JointModelTpl<double>]\x1b[m\x1b[K\xe2\x80\x99\n'}
[7.333256] (gim_arm_hardware) StderrLine: {'line': b'\x1b[01m\x1b[K/opt/ros/humble/include/pinocchio/src/multibody/model.hxx:876:57:\x1b[m\x1b[K   required from \xe2\x80\x98\x1b[01m\x1b[Kpinocchio::ModelTpl<_Scalar, _Options, JointCollectionTpl>::JointIndex pinocchio::ModelTpl<_Scalar, _Options, JointCollectionTpl>::addJoint(pinocchio::ModelTpl<_Scalar, _Options, JointCollectionTpl>::JointIndex, const JointModel&, const SE3&, const string&, const VectorXs&, const VectorXs&, const VectorXs&, const VectorXs&, const VectorXs&, const VectorXs&, const VectorXs&, const VectorXs&, const VectorXs&, const VectorXs&) [with _Scalar = double; int _Options = 0; JointCollectionTpl = pinocchio::JointCollectionDefaultTpl; pinocchio::ModelTpl<_Scalar, _Options, JointCollectionTpl>::JointIndex = long unsigned int; pinocchio::ModelTpl<_Scalar, _Options, JointCollectionTpl>::JointModel = pinocchio::JointModelTpl<double>; pinocchio::ModelTpl<_Scalar, _Options, JointCollectionTpl>::SE3 = pinocchio::SE3Tpl<double, 0>; std::string = std::__cxx11::basic_string<char>; pinocchio::ModelTpl<_Scalar, _Options, JointCollectionTpl>::VectorXs = Eigen::Matrix<double, -1, 1>]\x1b[m\x1b[K\xe2\x80\x99\n'}
[7.333294] (gim_arm_hardware) StderrLine: {'line': b'\x1b[01m\x1b[K/opt/ros/humble/include/pinocchio/src/parsers/urdf/model.hxx:235:38:\x1b[m\x1b[K   required from here\n'}
[7.333323] (gim_arm_hardware) StderrLine: {'line': b'\x1b[01m\x1b[K/usr/include/boost/variant/variant.hpp:2359:41:\x1b[m\x1b[K \x1b[01;31m\x1b[Kerror: \x1b[m\x1b[Kusing invalid field \xe2\x80\x98\x1b[01m\x1b[Kboost::variant<T0, TN>::storage_\x1b[m\x1b[K\xe2\x80\x99\n'}
[7.334649] (gim_arm_hardware) StderrLine: {'line': b'/usr/include/boost/variant/variant.hpp: In instantiation of \xe2\x80\x98\x1b[01m\x1b[Ktypename Visitor::result_type boost::variant<T0, TN>::internal_apply_visitor(Visitor&) const [with Visitor = boost::detail::variant::invoke_visitor<const pinocchio::JointIdVisitor, false>; T0_ = pinocchio::JointModelRevoluteTpl<double, 0, 0>; TN = {pinocchio::JointModelRevoluteTpl<double, 0, 1>, pinocchio::JointModelRevoluteTpl<double, 0, 2>, pinocchio::JointModelFreeFlyerTpl<double, 0>, pinocchio::JointModelPlanarTpl<double, 0>, pinocchio::JointModelRevoluteUnalignedTpl<double, 0>, pinocchio::JointModelSphericalTpl<double, 0>, pinocchio::JointModelSphericalZYXTpl<double, 0>, pinocchio::JointModelEllipsoidTpl<double, 0>, pinocchio::JointModelPrismaticTpl<double, 0, 0>, pinocchio::JointModelPrismaticTpl<double, 0, 1>, pinocchio::JointModelPrismaticTpl<double, 0, 2>, pinocchio::JointModelPrismaticUnalignedTpl<double, 0>, pinocchio::JointModelTranslationTpl<double, 0>, pinocchio::JointModelRevoluteUnboundedTpl<double, 0, 0>, pinocchio::JointModelRevoluteUnboundedTpl<double, 0, 1>, pinocchio::JointModelRevoluteUnboundedTpl<double, 0, 2>, pinocchio::JointModelRevoluteUnboundedUnalignedTpl<double, 0>, pinocchio::JointModelHelicalTpl<double, 0, 0>, pinocchio::JointModelHelicalTpl<double, 0, 1>, pinocchio::JointModelHelicalTpl<double, 0, 2>, pinocchio::JointModelHelicalUnalignedTpl<double, 0>, pinocchio::JointModelUniversalTpl<double, 0>, boost::recursive_wrapper<pinocchio::JointModelCompositeTpl<double, 0, pinocchio::JointCollectionDefaultTpl> >, boost::recursive_wrapper<pinocchio::JointModelMimicTpl<double, 0, pinocchio::JointCollectionDefaultTpl> >}; typename Visitor::result_type = long unsigned int]\x1b[m\x1b[K\xe2\x80\x99:\n'}
[7.334746] (gim_arm_hardware) StderrLine: {'line': b'\x1b[01m\x1b[K/usr/include/boost/variant/variant.hpp:2404:44:\x1b[m\x1b[K   required from \xe2\x80\x98\x1b[01m\x1b[Ktypename Visitor::result_type boost::variant<T0, TN>::apply_visitor(Visitor&) const & [with Visitor = const pinocchio::JointIdVisitor; T0_ = pinocchio::JointModelRevoluteTpl<double, 0, 0>; TN = {pinocchio::JointModelRevoluteTpl<double, 0, 1>, pinocchio::JointModelRevoluteTpl<double, 0, 2>, pinocchio::JointModelFreeFlyerTpl<double, 0>, pinocchio::JointModelPlanarTpl<double, 0>, pinocchio::JointModelRevoluteUnalignedTpl<double, 0>, pinocchio::JointModelSphericalTpl<double, 0>, pinocchio::JointModelSphericalZYXTpl<double, 0>, pinocchio::JointModelEllipsoidTpl<double, 0>, pinocchio::JointModelPrismaticTpl<double, 0, 0>, pinocchio::JointModelPrismaticTpl<double, 0, 1>, pinocchio::JointModelPrismaticTpl<double, 0, 2>, pinocchio::JointModelPrismaticUnalignedTpl<double, 0>, pinocchio::JointModelTranslationTpl<double, 0>, pinocchio::JointModelRevoluteUnboundedTpl<double, 0, 0>, pinocchio::JointModelRevoluteUnboundedTpl<double, 0, 1>, pinocchio::JointModelRevoluteUnboundedTpl<double, 0, 2>, pinocchio::JointModelRevoluteUnboundedUnalignedTpl<double, 0>, pinocchio::JointModelHelicalTpl<double, 0, 0>, pinocchio::JointModelHelicalTpl<double, 0, 1>, pinocchio::JointModelHelicalTpl<double, 0, 2>, pinocchio::JointModelHelicalUnalignedTpl<double, 0>, pinocchio::JointModelUniversalTpl<double, 0>, boost::recursive_wrapper<pinocchio::JointModelCompositeTpl<double, 0, pinocchio::JointCollectionDefaultTpl> >, boost::recursive_wrapper<pinocchio::JointModelMimicTpl<double, 0, pinocchio::JointCollectionDefaultTpl> >}; typename Visitor::result_type = long unsigned int]\x1b[m\x1b[K\xe2\x80\x99\n'}
[7.334784] (gim_arm_hardware) StderrLine: {'line': b'\x1b[01m\x1b[K/usr/include/boost/variant/detail/apply_visitor_unary.hpp:68:64:\x1b[m\x1b[K   required from \xe2\x80\x98\x1b[01m\x1b[Ktypename Visitor::result_type boost::apply_visitor(const Visitor&, Visitable&&) [with Visitor = pinocchio::JointIdVisitor; Visitable = const pinocchio::JointModelTpl<double>&; typename Visitor::result_type = long unsigned int]\x1b[m\x1b[K\xe2\x80\x99\n'}
[7.334817] (gim_arm_hardware) StderrLine: {'line': b'\x1b[01m\x1b[K/opt/ros/humble/include/pinocchio/src/multibody/joint/joint-basic-visitors.hxx:991:34:\x1b[m\x1b[K   required from \xe2\x80\x98\x1b[01m\x1b[Kstatic pinocchio::JointIndex pinocchio::JointIdVisitor::run(const pinocchio::JointModelTpl<Scalar, Options, JointCollectionTpl>&) [with Scalar = double; int Options = 0; JointCollectionTpl = pinocchio::JointCollectionDefaultTpl; pinocchio::JointIndex = long unsigned int]\x1b[m\x1b[K\xe2\x80\x99\n'}
[7.334849] (gim_arm_hardware) StderrLine: {'line': b'\x1b[01m\x1b[K/opt/ros/humble/include/pinocchio/src/multibody/joint/joint-basic-visitors.hxx:998:31:\x1b[m\x1b[K   required from \xe2\x80\x98\x1b[01m\x1b[Kpinocchio::JointIndex pinocchio::id(const pinocchio::JointModelTpl<Scalar, Options, JointCollectionTpl>&) [with Scalar = double; int Options = 0; JointCollectionTpl = pinocchio::JointCollectionDefaultTpl; pinocchio::JointIndex = long unsigned int]\x1b[m\x1b[K\xe2\x80\x99\n'}
[7.334874] (gim_arm_hardware) StderrLine: {'line': b'\x1b[01m\x1b[K/opt/ros/humble/include/pinocchio/src/multibody/joint/joint-generic.hxx:452:29:\x1b[m\x1b[K   required from \xe2\x80\x98\x1b[01m\x1b[Kpinocchio::JointIndex pinocchio::JointModelTpl<Scalar, Options, JointCollectionTpl>::id_impl() const [with _Scalar = double; int _Options = 0; JointCollectionTpl = pinocchio::JointCollectionDefaultTpl; pinocchio::JointIndex = long unsigned int]\x1b[m\x1b[K\xe2\x80\x99\n'}
[7.334898] (gim_arm_hardware) StderrLine: {'line': b'\x1b[01m\x1b[K/opt/ros/humble/include/pinocchio/src/multibody/joint/joint-model-base.hxx:186:31:\x1b[m\x1b[K   required from \xe2\x80\x98\x1b[01m\x1b[Kpinocchio::JointIndex pinocchio::JointModelBase<Derived>::id() const [with Derived = pinocchio::JointModelTpl<double>; pinocchio::JointIndex = long unsigned int]\x1b[m\x1b[K\xe2\x80\x99\n'}
[7.334925] (gim_arm_hardware) StderrLine: {'line': b'\x1b[01m\x1b[K/opt/ros/humble/include/pinocchio/src/multibody/model.hxx:981:43:\x1b[m\x1b[K   required from \xe2\x80\x98\x1b[01m\x1b[Kpinocchio::ModelTpl<_Scalar, _Options, JointCollectionTpl>::JointIndex pinocchio::ModelTpl<_Scalar, _Options, JointCollectionTpl>::addJoint(pinocchio::ModelTpl<_Scalar, _Options, JointCollectionTpl>::JointIndex, const JointModel&, const SE3&, const string&, const VectorXs&, const VectorXs&, const VectorXs&, const VectorXs&, const VectorXs&, const VectorXs&, const VectorXs&, const VectorXs&, const VectorXs&, const VectorXs&) [with _Scalar = double; int _Options = 0; JointCollectionTpl = pinocchio::JointCollectionDefaultTpl; pinocchio::ModelTpl<_Scalar, _Options, JointCollectionTpl>::JointIndex = long unsigned int; pinocchio::ModelTpl<_Scalar, _Options, JointCollectionTpl>::JointModel = pinocchio::JointModelTpl<double>; pinocchio::ModelTpl<_Scalar, _Options, JointCollectionTpl>::SE3 = pinocchio::SE3Tpl<double, 0>; std::string = std::__cxx11::basic_string<char>; pinocchio::ModelTpl<_Scalar, _Options, JointCollectionTpl>::VectorXs = Eigen::Matrix<double, -1, 1>]\x1b[m\x1b[K\xe2\x80\x99\n'}
[7.334956] (gim_arm_hardware) StderrLine: {'line': b'\x1b[01m\x1b[K/opt/ros/humble/include/pinocchio/src/parsers/urdf/model.hxx:235:38:\x1b[m\x1b[K   required from here\n'}
[7.334980] (gim_arm_hardware) StderrLine: {'line': b'\x1b[01m\x1b[K/usr/include/boost/variant/variant.hpp:2359:41:\x1b[m\x1b[K \x1b[01;31m\x1b[Kerror: \x1b[m\x1b[Kusing invalid field \xe2\x80\x98\x1b[01m\x1b[Kboost::variant<T0, TN>::storage_\x1b[m\x1b[K\xe2\x80\x99\n'}
[7.422137] (gim_arm_hardware) StderrLine: {'line': b'/usr/include/boost/variant/variant.hpp: In instantiation of \xe2\x80\x98\x1b[01m\x1b[Ktypename Visitor::result_type boost::variant<T0, TN>::internal_apply_visitor(Visitor&) const [with Visitor = boost::detail::variant::invoke_visitor<pinocchio::fusion::JointUnaryVisitorBase<pinocchio::NeutralStep<pinocchio::LieGroupMap, Eigen::Matrix<double, -1, 1> >, void>::InternalVisitorModel<boost::fusion::vector<Eigen::Matrix<double, -1, 1, 0, -1, 1>&>, void>, false>; T0_ = pinocchio::JointModelRevoluteTpl<double, 0, 0>; TN = {pinocchio::JointModelRevoluteTpl<double, 0, 1>, pinocchio::JointModelRevoluteTpl<double, 0, 2>, pinocchio::JointModelFreeFlyerTpl<double, 0>, pinocchio::JointModelPlanarTpl<double, 0>, pinocchio::JointModelRevoluteUnalignedTpl<double, 0>, pinocchio::JointModelSphericalTpl<double, 0>, pinocchio::JointModelSphericalZYXTpl<double, 0>, pinocchio::JointModelEllipsoidTpl<double, 0>, pinocchio::JointModelPrismaticTpl<double, 0, 0>, pinocchio::JointModelPrismaticTpl<double, 0, 1>, pinocchio::JointModelPrismaticTpl<double, 0, 2>, pinocchio::JointModelPrismaticUnalignedTpl<double, 0>, pinocchio::JointModelTranslationTpl<double, 0>, pinocchio::JointModelRevoluteUnboundedTpl<double, 0, 0>, pinocchio::JointModelRevoluteUnboundedTpl<double, 0, 1>, pinocchio::JointModelRevoluteUnboundedTpl<double, 0, 2>, pinocchio::JointModelRevoluteUnboundedUnalignedTpl<double, 0>, pinocchio::JointModelHelicalTpl<double, 0, 0>, pinocchio::JointModelHelicalTpl<double, 0, 1>, pinocchio::JointModelHelicalTpl<double, 0, 2>, pinocchio::JointModelHelicalUnalignedTpl<double, 0>, pinocchio::JointModelUniversalTpl<double, 0>, boost::recursive_wrapper<pinocchio::JointModelCompositeTpl<double, 0, pinocchio::JointCollectionDefaultTpl> >, boost::recursive_wrapper<pinocchio::JointModelMimicTpl<double, 0, pinocchio::JointCollectionDefaultTpl> >}; typename Visitor::result_type = void]\x1b[m\x1b[K\xe2\x80\x99:\n'}
[7.422479] (gim_arm_hardware) StderrLine: {'line': b'\x1b[01m\x1b[K/usr/include/boost/variant/variant.hpp:2404:44:\x1b[m\x1b[K   required from \xe2\x80\x98\x1b[01m\x1b[Ktypename Visitor::result_type boost::variant<T0, TN>::apply_visitor(Visitor&) const & [with Visitor = pinocchio::fusion::JointUnaryVisitorBase<pinocchio::NeutralStep<pinocchio::LieGroupMap, Eigen::Matrix<double, -1, 1> >, void>::InternalVisitorModel<boost::fusion::vector<Eigen::Matrix<double, -1, 1, 0, -1, 1>&>, void>; T0_ = pinocchio::JointModelRevoluteTpl<double, 0, 0>; TN = {pinocchio::JointModelRevoluteTpl<double, 0, 1>, pinocchio::JointModelRevoluteTpl<double, 0, 2>, pinocchio::JointModelFreeFlyerTpl<double, 0>, pinocchio::JointModelPlanarTpl<double, 0>, pinocchio::JointModelRevoluteUnalignedTpl<double, 0>, pinocchio::JointModelSphericalTpl<double, 0>, pinocchio::JointModelSphericalZYXTpl<double, 0>, pinocchio::JointModelEllipsoidTpl<double, 0>, pinocchio::JointModelPrismaticTpl<double, 0, 0>, pinocchio::JointModelPrismaticTpl<double, 0, 1>, pinocchio::JointModelPrismaticTpl<double, 0, 2>, pinocchio::JointModelPrismaticUnalignedTpl<double, 0>, pinocchio::JointModelTranslationTpl<double, 0>, pinocchio::JointModelRevoluteUnboundedTpl<double, 0, 0>, pinocchio::JointModelRevoluteUnboundedTpl<double, 0, 1>, pinocchio::JointModelRevoluteUnboundedTpl<double, 0, 2>, pinocchio::JointModelRevoluteUnboundedUnalignedTpl<double, 0>, pinocchio::JointModelHelicalTpl<double, 0, 0>, pinocchio::JointModelHelicalTpl<double, 0, 1>, pinocchio::JointModelHelicalTpl<double, 0, 2>, pinocchio::JointModelHelicalUnalignedTpl<double, 0>, pinocchio::JointModelUniversalTpl<double, 0>, boost::recursive_wrapper<pinocchio::JointModelCompositeTpl<double, 0, pinocchio::JointCollectionDefaultTpl> >, boost::recursive_wrapper<pinocchio::JointModelMimicTpl<double, 0, pinocchio::JointCollectionDefaultTpl> >}; typename Visitor::result_type = void]\x1b[m\x1b[K\xe2\x80\x99\n'}
[7.422590] (gim_arm_hardware) StderrLine: {'line': b'\x1b[01m\x1b[K/usr/include/boost/variant/detail/apply_visitor_unary.hpp:48:64:\x1b[m\x1b[K   required from \xe2\x80\x98\x1b[01m\x1b[Ktypename Visitor::result_type boost::apply_visitor(Visitor&, Visitable&&) [with Visitor = pinocchio::fusion::JointUnaryVisitorBase<pinocchio::NeutralStep<pinocchio::LieGroupMap, Eigen::Matrix<double, -1, 1> >, void>::InternalVisitorModel<boost::fusion::vector<Eigen::Matrix<double, -1, 1, 0, -1, 1>&>, void>; Visitable = const pinocchio::JointModelTpl<double>&; typename Visitor::result_type = void]\x1b[m\x1b[K\xe2\x80\x99\n'}
[7.422669] (gim_arm_hardware) StderrLine: {'line': b'\x1b[01m\x1b[K/opt/ros/humble/include/pinocchio/src/multibody/visitor/joint-unary-visitor.hxx:162:36:\x1b[m\x1b[K   required from \xe2\x80\x98\x1b[01m\x1b[Kstatic ReturnType pinocchio::fusion::JointUnaryVisitorBase<JointVisitorDerived, ReturnType>::run(const pinocchio::JointModelTpl<Scalar, Options, JointCollectionTpl>&, ArgsTmp) [with Scalar = double; int Options = 0; JointCollectionTpl = pinocchio::JointCollectionDefaultTpl; ArgsTmp = boost::fusion::vector<Eigen::Matrix<double, -1, 1, 0, -1, 1>&>; JointVisitorDerived = pinocchio::NeutralStep<pinocchio::LieGroupMap, Eigen::Matrix<double, -1, 1> >; ReturnType = void]\x1b[m\x1b[K\xe2\x80\x99\n'}
[7.422756] (gim_arm_hardware) StderrLine: {'line': b'\x1b[01m\x1b[K/opt/ros/humble/include/pinocchio/src/algorithm/joint-configuration.hxx:200:47:\x1b[m\x1b[K   required from \xe2\x80\x98\x1b[01m\x1b[Kvoid pinocchio::neutral(const pinocchio::ModelTpl<Scalar, Options, JointCollectionTpl>&, const Eigen::MatrixBase<Vector3Like>&) [with LieGroup_t = pinocchio::LieGroupMap; Scalar = double; int Options = 0; JointCollectionTpl = pinocchio::JointCollectionDefaultTpl; ReturnType = Eigen::Matrix<double, -1, 1>; typename std::enable_if<is_lie_group_map_v<LieGroup_t>, int>::type <anonymous> = 0]\x1b[m\x1b[K\xe2\x80\x99\n'}
[7.422830] (gim_arm_hardware) StderrLine: {'line': b'\x1b[01m\x1b[K/opt/ros/humble/include/pinocchio/src/algorithm/joint-configuration.hxx:814:73:\x1b[m\x1b[K   required from \xe2\x80\x98\x1b[01m\x1b[KEigen::Matrix<Scalar, -1, 1, Options> pinocchio::neutral(const pinocchio::ModelTpl<Scalar, Options, JointCollectionTpl>&) [with LieGroup_t = pinocchio::LieGroupMap; Scalar = double; int Options = 0; JointCollectionTpl = pinocchio::JointCollectionDefaultTpl; typename std::enable_if<is_lie_group_map_v<LieGroup_t>, int>::type <anonymous> = 0]\x1b[m\x1b[K\xe2\x80\x99\n'}
[7.422895] (-) TimerEvent: {}
[7.423030] (gim_arm_hardware) StderrLine: {'line': b'\x1b[01m\x1b[K/opt/ros/humble/include/pinocchio/algorithm/joint-configuration.hpp:1793:69:\x1b[m\x1b[K   required from \xe2\x80\x98\x1b[01m\x1b[KEigen::Matrix<Scalar, -1, 1, Options> pinocchio::neutral(const pinocchio::ModelTpl<Scalar, Options, JointCollectionTpl>&) [with Scalar = double; int Options = 0; JointCollectionTpl = pinocchio::JointCollectionDefaultTpl]\x1b[m\x1b[K\xe2\x80\x99\n'}
[7.423126] (gim_arm_hardware) StderrLine: {'line': b'\x1b[01m\x1b[K/opt/ros/humble/include/pinocchio/src/multibody/data.hxx:660:17:\x1b[m\x1b[K   required from \xe2\x80\x98\x1b[01m\x1b[Kpinocchio::DataTpl<_Scalar, _Options, JointCollectionTpl>::DataTpl(const Model&) [with _Scalar = double; int _Options = 0; JointCollectionTpl = pinocchio::JointCollectionDefaultTpl; pinocchio::DataTpl<_Scalar, _Options, JointCollectionTpl>::Model = pinocchio::ModelTpl<double, 0>]\x1b[m\x1b[K\xe2\x80\x99\n'}
[7.423208] (gim_arm_hardware) StderrLine: {'line': b'\x1b[01m\x1b[K/usr/include/c++/11/bits/unique_ptr.h:962:30:\x1b[m\x1b[K   required from \xe2\x80\x98\x1b[01m\x1b[Ktypename std::_MakeUniq<_Tp>::__single_object std::make_unique(_Args&& ...) [with _Tp = pinocchio::DataTpl<double, 0>; _Args = {pinocchio::ModelTpl<double, 0, pinocchio::JointCollectionDefaultTpl>&}; typename std::_MakeUniq<_Tp>::__single_object = std::unique_ptr<pinocchio::DataTpl<double, 0> >]\x1b[m\x1b[K\xe2\x80\x99\n'}
[7.423277] (gim_arm_hardware) StderrLine: {'line': b'\x1b[01m\x1b[K/home/minh/gim60108_ws/src/gim_arm_hardware/src/gim_arm_system.cpp:134:52:\x1b[m\x1b[K   required from here\n'}
[7.423344] (gim_arm_hardware) StderrLine: {'line': b'\x1b[01m\x1b[K/usr/include/boost/variant/variant.hpp:2359:41:\x1b[m\x1b[K \x1b[01;31m\x1b[Kerror: \x1b[m\x1b[Kusing invalid field \xe2\x80\x98\x1b[01m\x1b[Kboost::variant<T0, TN>::storage_\x1b[m\x1b[K\xe2\x80\x99\n'}
[7.431323] (gim_arm_hardware) StderrLine: {'line': b'/usr/include/boost/variant/variant.hpp: In instantiation of \xe2\x80\x98\x1b[01m\x1b[Kboost::variant<T0, TN>::variant(const boost::variant<T0, TN>&) [with T0_ = pinocchio::JointDataRevoluteTpl<double, 0, 0>; TN = {pinocchio::JointDataRevoluteTpl<double, 0, 1>, pinocchio::JointDataRevoluteTpl<double, 0, 2>, pinocchio::JointDataFreeFlyerTpl<double, 0>, pinocchio::JointDataPlanarTpl<double, 0>, pinocchio::JointDataRevoluteUnalignedTpl<double, 0>, pinocchio::JointDataSphericalTpl<double, 0>, pinocchio::JointDataSphericalZYXTpl<double, 0>, pinocchio::JointDataEllipsoidTpl<double, 0>, pinocchio::JointDataPrismaticTpl<double, 0, 0>, pinocchio::JointDataPrismaticTpl<double, 0, 1>, pinocchio::JointDataPrismaticTpl<double, 0, 2>, pinocchio::JointDataPrismaticUnalignedTpl<double, 0>, pinocchio::JointDataTranslationTpl<double, 0>, pinocchio::JointDataRevoluteUnboundedTpl<double, 0, 0>, pinocchio::JointDataRevoluteUnboundedTpl<double, 0, 1>, pinocchio::JointDataRevoluteUnboundedTpl<double, 0, 2>, pinocchio::JointDataRevoluteUnboundedUnalignedTpl<double, 0>, pinocchio::JointDataHelicalTpl<double, 0, 0>, pinocchio::JointDataHelicalTpl<double, 0, 1>, pinocchio::JointDataHelicalTpl<double, 0, 2>, pinocchio::JointDataHelicalUnalignedTpl<double, 0>, pinocchio::JointDataUniversalTpl<double, 0>, boost::recursive_wrapper<pinocchio::JointDataCompositeTpl<double, 0, pinocchio::JointCollectionDefaultTpl> >, boost::recursive_wrapper<pinocchio::JointDataMimicTpl<double, 0, pinocchio::JointCollectionDefaultTpl> >}]\x1b[m\x1b[K\xe2\x80\x99:\n'}
[7.431570] (gim_arm_hardware) StderrLine: {'line': b'\x1b[01m\x1b[K/opt/ros/humble/include/pinocchio/src/multibody/joint/joint-generic.hxx:88:10:\x1b[m\x1b[K   required from \xe2\x80\x98\x1b[01m\x1b[Kvoid std::_Construct(_Tp*, _Args&& ...) [with _Tp = pinocchio::JointDataTpl<double>; _Args = {const pinocchio::JointDataTpl<double, 0, pinocchio::JointCollectionDefaultTpl>&}]\x1b[m\x1b[K\xe2\x80\x99\n'}
[7.431672] (gim_arm_hardware) StderrLine: {'line': b'\x1b[01m\x1b[K/usr/include/c++/11/bits/stl_uninitialized.h:92:18:\x1b[m\x1b[K   required from \xe2\x80\x98\x1b[01m\x1b[Kstatic _ForwardIterator std::__uninitialized_copy<_TrivialValueTypes>::__uninit_copy(_InputIterator, _InputIterator, _ForwardIterator) [with _InputIterator = const pinocchio::JointDataTpl<double>*; _ForwardIterator = pinocchio::JointDataTpl<double>*; bool _TrivialValueTypes = false]\x1b[m\x1b[K\xe2\x80\x99\n'}
[7.431748] (gim_arm_hardware) StderrLine: {'line': b'\x1b[01m\x1b[K/usr/include/c++/11/bits/stl_uninitialized.h:151:15:\x1b[m\x1b[K   required from \xe2\x80\x98\x1b[01m\x1b[K_ForwardIterator std::uninitialized_copy(_InputIterator, _InputIterator, _ForwardIterator) [with _InputIterator = const pinocchio::JointDataTpl<double>*; _ForwardIterator = pinocchio::JointDataTpl<double>*]\x1b[m\x1b[K\xe2\x80\x99\n'}
[7.431818] (gim_arm_hardware) StderrLine: {'line': b'\x1b[01m\x1b[K/usr/include/c++/11/bits/stl_uninitialized.h:333:37:\x1b[m\x1b[K   required from \xe2\x80\x98\x1b[01m\x1b[K_ForwardIterator std::__uninitialized_copy_a(_InputIterator, _InputIterator, _ForwardIterator, std::allocator<_Tp>&) [with _InputIterator = const pinocchio::JointDataTpl<double>*; _ForwardIterator = pinocchio::JointDataTpl<double>*; _Tp = pinocchio::JointDataTpl<double>]\x1b[m\x1b[K\xe2\x80\x99\n'}
[7.431883] (gim_arm_hardware) StderrLine: {'line': b'\x1b[01m\x1b[K/usr/include/c++/11/bits/stl_vector.h:1514:35:\x1b[m\x1b[K   required from \xe2\x80\x98\x1b[01m\x1b[Kstd::vector<_Tp, _Alloc>::pointer std::vector<_Tp, _Alloc>::_M_allocate_and_copy(std::vector<_Tp, _Alloc>::size_type, _ForwardIterator, _ForwardIterator) [with _ForwardIterator = const pinocchio::JointDataTpl<double>*; _Tp = pinocchio::JointDataTpl<double>; _Alloc = std::allocator<pinocchio::JointDataTpl<double> >; std::vector<_Tp, _Alloc>::pointer = pinocchio::JointDataTpl<double>*; std::vector<_Tp, _Alloc>::size_type = long unsigned int]\x1b[m\x1b[K\xe2\x80\x99\n'}
[7.431948] (gim_arm_hardware) StderrLine: {'line': b'\x1b[01m\x1b[K/usr/include/c++/11/bits/vector.tcc:85:36:\x1b[m\x1b[K   required from \xe2\x80\x98\x1b[01m\x1b[Kvoid std::vector<_Tp, _Alloc>::reserve(std::vector<_Tp, _Alloc>::size_type) [with _Tp = pinocchio::JointDataTpl<double>; _Alloc = std::allocator<pinocchio::JointDataTpl<double> >; std::vector<_Tp, _Alloc>::size_type = long unsigned int]\x1b[m\x1b[K\xe2\x80\x99\n'}
[7.432000] (gim_arm_hardware) StderrLine: {'line': b'\x1b[01m\x1b[K/opt/ros/humble/include/pinocchio/src/multibody/data.hxx:798:19:\x1b[m\x1b[K   required from \xe2\x80\x98\x1b[01m\x1b[Kpinocchio::DataTpl<_Scalar, _Options, JointCollectionTpl>::DataTpl(const Model&) [with _Scalar = double; int _Options = 0; JointCollectionTpl = pinocchio::JointCollectionDefaultTpl; pinocchio::DataTpl<_Scalar, _Options, JointCollectionTpl>::Model = pinocchio::ModelTpl<double, 0>]\x1b[m\x1b[K\xe2\x80\x99\n'}
[7.432033] (gim_arm_hardware) StderrLine: {'line': b'\x1b[01m\x1b[K/usr/include/c++/11/bits/unique_ptr.h:962:30:\x1b[m\x1b[K   required from \xe2\x80\x98\x1b[01m\x1b[Ktypename std::_MakeUniq<_Tp>::__single_object std::make_unique(_Args&& ...) [with _Tp = pinocchio::DataTpl<double, 0>; _Args = {pinocchio::ModelTpl<double, 0, pinocchio::JointCollectionDefaultTpl>&}; typename std::_MakeUniq<_Tp>::__single_object = std::unique_ptr<pinocchio::DataTpl<double, 0> >]\x1b[m\x1b[K\xe2\x80\x99\n'}
[7.432057] (gim_arm_hardware) StderrLine: {'line': b'\x1b[01m\x1b[K/home/minh/gim60108_ws/src/gim_arm_hardware/src/gim_arm_system.cpp:134:52:\x1b[m\x1b[K   required from here\n'}
[7.432082] (gim_arm_hardware) StderrLine: {'line': b'\x1b[01m\x1b[K/usr/include/boost/variant/variant.hpp:1762:45:\x1b[m\x1b[K \x1b[01;31m\x1b[Kerror: \x1b[m\x1b[Kusing invalid field \xe2\x80\x98\x1b[01m\x1b[Kboost::variant<T0, TN>::storage_\x1b[m\x1b[K\xe2\x80\x99\n'}
[7.432107] (gim_arm_hardware) StderrLine: {'line': b' 1762 |         detail::variant::copy_into visitor( \x1b[01;31m\x1b[Kstorage_\x1b[m\x1b[K.address() );\n'}
[7.432155] (gim_arm_hardware) StderrLine: {'line': b'      |                                             \x1b[01;31m\x1b[K^~~~~~~~\x1b[m\x1b[K\n'}
[7.468005] (gim_arm_hardware) StderrLine: {'line': b'/usr/include/boost/variant/variant.hpp: In instantiation of \xe2\x80\x98\x1b[01m\x1b[Kboost::variant<T0, TN>::variant() [with T0_ = pinocchio::JointModelRevoluteTpl<double, 0, 0>; TN = {pinocchio::JointModelRevoluteTpl<double, 0, 1>, pinocchio::JointModelRevoluteTpl<double, 0, 2>, pinocchio::JointModelFreeFlyerTpl<double, 0>, pinocchio::JointModelPlanarTpl<double, 0>, pinocchio::JointModelRevoluteUnalignedTpl<double, 0>, pinocchio::JointModelSphericalTpl<double, 0>, pinocchio::JointModelSphericalZYXTpl<double, 0>, pinocchio::JointModelEllipsoidTpl<double, 0>, pinocchio::JointModelPrismaticTpl<double, 0, 0>, pinocchio::JointModelPrismaticTpl<double, 0, 1>, pinocchio::JointModelPrismaticTpl<double, 0, 2>, pinocchio::JointModelPrismaticUnalignedTpl<double, 0>, pinocchio::JointModelTranslationTpl<double, 0>, pinocchio::JointModelRevoluteUnboundedTpl<double, 0, 0>, pinocchio::JointModelRevoluteUnboundedTpl<double, 0, 1>, pinocchio::JointModelRevoluteUnboundedTpl<double, 0, 2>, pinocchio::JointModelRevoluteUnboundedUnalignedTpl<double, 0>, pinocchio::JointModelHelicalTpl<double, 0, 0>, pinocchio::JointModelHelicalTpl<double, 0, 1>, pinocchio::JointModelHelicalTpl<double, 0, 2>, pinocchio::JointModelHelicalUnalignedTpl<double, 0>, pinocchio::JointModelUniversalTpl<double, 0>, boost::recursive_wrapper<pinocchio::JointModelCompositeTpl<double, 0, pinocchio::JointCollectionDefaultTpl> >, boost::recursive_wrapper<pinocchio::JointModelMimicTpl<double, 0, pinocchio::JointCollectionDefaultTpl> >}]\x1b[m\x1b[K\xe2\x80\x99:\n'}
[7.468320] (gim_arm_hardware) StderrLine: {'line': b'\x1b[01m\x1b[K/opt/ros/humble/include/pinocchio/src/multibody/joint/joint-generic.hxx:275:25:\x1b[m\x1b[K   required from \xe2\x80\x98\x1b[01m\x1b[Kpinocchio::JointModelTpl<Scalar, Options, JointCollectionTpl>::JointModelTpl() [with _Scalar = double; int _Options = 0; JointCollectionTpl = pinocchio::JointCollectionDefaultTpl]\x1b[m\x1b[K\xe2\x80\x99\n'}
[7.468417] (gim_arm_hardware) StderrLine: {'line': b'\x1b[01m\x1b[K/usr/include/c++/11/bits/stl_construct.h:119:7:\x1b[m\x1b[K   required from \xe2\x80\x98\x1b[01m\x1b[Kvoid std::_Construct(_Tp*, _Args&& ...) [with _Tp = pinocchio::JointModelTpl<double>; _Args = {}]\x1b[m\x1b[K\xe2\x80\x99\n'}
[7.468492] (gim_arm_hardware) StderrLine: {'line': b'\x1b[01m\x1b[K/usr/include/c++/11/bits/stl_uninitialized.h:579:18:\x1b[m\x1b[K   required from \xe2\x80\x98\x1b[01m\x1b[Kstatic _ForwardIterator std::__uninitialized_default_n_1<_TrivialValueType>::__uninit_default_n(_ForwardIterator, _Size) [with _ForwardIterator = pinocchio::JointModelTpl<double>*; _Size = long unsigned int; bool _TrivialValueType = false]\x1b[m\x1b[K\xe2\x80\x99\n'}
[7.468564] (gim_arm_hardware) StderrLine: {'line': b'\x1b[01m\x1b[K/usr/include/c++/11/bits/stl_uninitialized.h:640:20:\x1b[m\x1b[K   required from \xe2\x80\x98\x1b[01m\x1b[K_ForwardIterator std::__uninitialized_default_n(_ForwardIterator, _Size) [with _ForwardIterator = pinocchio::JointModelTpl<double>*; _Size = long unsigned int]\x1b[m\x1b[K\xe2\x80\x99\n'}
[7.468636] (gim_arm_hardware) StderrLine: {'line': b'\x1b[01m\x1b[K/usr/include/c++/11/bits/stl_uninitialized.h:704:44:\x1b[m\x1b[K   required from \xe2\x80\x98\x1b[01m\x1b[K_ForwardIterator std::__uninitialized_default_n_a(_ForwardIterator, _Size, std::allocator<_Tp>&) [with _ForwardIterator = pinocchio::JointModelTpl<double>*; _Size = long unsigned int; _Tp = pinocchio::JointModelTpl<double>]\x1b[m\x1b[K\xe2\x80\x99\n'}
[7.468703] (gim_arm_hardware) StderrLine: {'line': b'\x1b[01m\x1b[K/usr/include/c++/11/bits/stl_vector.h:1606:36:\x1b[m\x1b[K   required from \xe2\x80\x98\x1b[01m\x1b[Kvoid std::vector<_Tp, _Alloc>::_M_default_initialize(std::vector<_Tp, _Alloc>::size_type) [with _Tp = pinocchio::JointModelTpl<double>; _Alloc = std::allocator<pinocchio::JointModelTpl<double> >; std::vector<_Tp, _Alloc>::size_type = long unsigned int]\x1b[m\x1b[K\xe2\x80\x99\n'}
[7.468777] (gim_arm_hardware) StderrLine: {'line': b'\x1b[01m\x1b[K/usr/include/c++/11/bits/stl_vector.h:512:9:\x1b[m\x1b[K   required from \xe2\x80\x98\x1b[01m\x1b[Kstd::vector<_Tp, _Alloc>::vector(std::vector<_Tp, _Alloc>::size_type, const allocator_type&) [with _Tp = pinocchio::JointModelTpl<double>; _Alloc = std::allocator<pinocchio::JointModelTpl<double> >; std::vector<_Tp, _Alloc>::size_type = long unsigned int; std::vector<_Tp, _Alloc>::allocator_type = std::allocator<pinocchio::JointModelTpl<double> >]\x1b[m\x1b[K\xe2\x80\x99\n'}
[7.468842] (gim_arm_hardware) StderrLine: {'line': b'\x1b[01m\x1b[K/opt/ros/humble/include/pinocchio/src/multibody/model.hxx:262:7:\x1b[m\x1b[K   required from \xe2\x80\x98\x1b[01m\x1b[Kpinocchio::ModelTpl<_Scalar, _Options, JointCollectionTpl>::ModelTpl() [with _Scalar = double; int _Options = 0; JointCollectionTpl = pinocchio::JointCollectionDefaultTpl]\x1b[m\x1b[K\xe2\x80\x99\n'}
[7.468905] (gim_arm_hardware) StderrLine: {'line': b'\x1b[01m\x1b[K/usr/include/c++/11/bits/unique_ptr.h:962:30:\x1b[m\x1b[K   required from \xe2\x80\x98\x1b[01m\x1b[Ktypename std::_MakeUniq<_Tp>::__single_object std::make_unique(_Args&& ...) [with _Tp = pinocchio::ModelTpl<double, 0>; _Args = {}; typename std::_MakeUniq<_Tp>::__single_object = std::unique_ptr<pinocchio::ModelTpl<double, 0> >]\x1b[m\x1b[K\xe2\x80\x99\n'}
[7.468971] (gim_arm_hardware) StderrLine: {'line': b'\x1b[01m\x1b[K/home/minh/gim60108_ws/src/gim_arm_hardware/src/gim_arm_system.cpp:132:54:\x1b[m\x1b[K   required from here\n'}
[7.469033] (gim_arm_hardware) StderrLine: {'line': b'\x1b[01m\x1b[K/usr/include/boost/variant/variant.hpp:1390:14:\x1b[m\x1b[K \x1b[01;31m\x1b[Kerror: \x1b[m\x1b[Kusing invalid field \xe2\x80\x98\x1b[01m\x1b[Kboost::variant<T0, TN>::storage_\x1b[m\x1b[K\xe2\x80\x99\n'}
[7.469094] (gim_arm_hardware) StderrLine: {'line': b' 1390 |         new( \x1b[01;31m\x1b[Kstorage_\x1b[m\x1b[K.address() ) internal_T0();\n'}
[7.469174] (gim_arm_hardware) StderrLine: {'line': b'      |              \x1b[01;31m\x1b[K^~~~~~~~\x1b[m\x1b[K\n'}
[7.523037] (-) TimerEvent: {}
[7.623483] (-) TimerEvent: {}
[7.723842] (-) TimerEvent: {}
[7.824178] (-) TimerEvent: {}
[7.902048] (gim_arm_hardware) StderrLine: {'line': b'gmake[2]: *** [CMakeFiles/gim_arm_system_hardware.dir/build.make:79: CMakeFiles/gim_arm_system_hardware.dir/src/gim_arm_system.cpp.o] Error 1\n'}
[7.902783] (gim_arm_hardware) StderrLine: {'line': b'gmake[1]: *** [CMakeFiles/Makefile2:153: CMakeFiles/gim_arm_system_hardware.dir/all] Error 2\n'}
[7.903201] (gim_arm_hardware) StderrLine: {'line': b'gmake: *** [Makefile:146: all] Error 2\n'}
[7.905537] (gim_arm_hardware) CommandEnded: {'returncode': 2}
[7.910891] (gim_arm_hardware) JobEnded: {'identifier': 'gim_arm_hardware', 'rc': 2}
[7.926975] (-) TimerEvent: {}
[7.927024] (-) EventReactorShutdown: {}
