[0.009s] Invoking command in '/home/minh/gim60108_ws/build/gim_arm_hardware': CMAKE_PREFIX_PATH=${CMAKE_PREFIX_PATH}:/home/minh/gim60108_ws/install/gim_control:/home/minh/rehab_robot_ver2_modified/install/rehab_gui:/home/minh/rehab_robot_ver2_modified/install/my_rqt_plugin:/opt/ros/humble /home/minh/.local/bin/cmake --build /home/minh/gim60108_ws/build/gim_arm_hardware -- -j16 -l16
[0.068s] [0mCMake Deprecation Warning at CMakeLists.txt:1 (cmake_minimum_required):
[0.069s]   Compatibility with CMake < 3.10 will be removed from a future version of
[0.069s]   CMake.
[0.069s] 
[0.069s]   Update the VERSION argument <min> value.  Or, use the <min>...<max> syntax
[0.069s]   to tell CMake that the project requires at least <min> but has been updated
[0.069s]   to work with policies introduced by <max> or earlier.
[0.069s] 
[0.069s] [0m
[0.072s] -- Found ament_cmake: 1.3.14 (/opt/ros/humble/share/ament_cmake/cmake)
[0.097s] -- Found Python3: /usr/bin/python3 (found version "3.10.12") found components: Interpreter
[0.147s] -- Found rclcpp: 16.0.19 (/opt/ros/humble/share/rclcpp/cmake)
[0.171s] -- Found rosidl_generator_c: 3.1.9 (/opt/ros/humble/share/rosidl_generator_c/cmake)
[0.173s] -- Found rosidl_adapter: 3.1.9 (/opt/ros/humble/share/rosidl_adapter/cmake)
[0.177s] -- Found rosidl_generator_cpp: 3.1.9 (/opt/ros/humble/share/rosidl_generator_cpp/cmake)
[0.185s] -- Using all available rosidl_typesupport_c: rosidl_typesupport_fastrtps_c;rosidl_typesupport_introspection_c
[0.194s] -- Using all available rosidl_typesupport_cpp: rosidl_typesupport_fastrtps_cpp;rosidl_typesupport_introspection_cpp
[0.220s] -- Found rmw_implementation_cmake: 6.1.2 (/opt/ros/humble/share/rmw_implementation_cmake/cmake)
[0.221s] -- Found rmw_cyclonedds_cpp: 1.3.4 (/opt/ros/humble/share/rmw_cyclonedds_cpp/cmake)
[0.237s] -- Using RMW implementation 'rmw_cyclonedds_cpp' as default
[0.281s] -- Found hardware_interface: 2.54.0 (/opt/ros/humble/share/hardware_interface/cmake)
[0.402s] [33mCMake Warning (dev) at /home/minh/.local/lib/python3.10/site-packages/cmake/data/share/cmake-4.1/Modules/CMakeFindDependencyMacro.cmake:78 (find_package):
[0.402s]   Policy CMP0167 is not set: The FindBoost module is removed.  Run "cmake
[0.402s]   --help-policy CMP0167" for policy details.  Use the cmake_policy command to
[0.402s]   set the policy and suppress this warning.
[0.402s] 
[0.402s] Call Stack (most recent call first):
[0.402s]   /opt/ros/humble/lib/x86_64-linux-gnu/cmake/pinocchio/pinocchioConfig.cmake:183 (find_dependency)
[0.402s]   CMakeLists.txt:21 (find_package)
[0.402s] This warning is for project developers.  Use -Wno-dev to suppress it.
[0.403s] [0m
[0.405s] -- Found Boost: /usr/include (found version "1.74.0") found components: filesystem serialization
[0.406s] -- eigenpy FOUND. eigenpy at /opt/ros/humble/lib/x86_64-linux-gnu/libeigenpy.so
[0.432s] -- Checking for NumPy
[0.612s] --   NUMPY_INCLUDE_DIRS=/home/minh/.local/lib/python3.10/site-packages/numpy/core/include
[0.698s] --   NUMPY_VERSION=1.26.4
[0.890s] -- Found Python3: /usr/bin/python3 (found version "3.10.12") found components: Interpreter Development.Module NumPy
[0.891s] -- PythonLibraryDirs: 
[0.891s] -- PythonLibVersionString: 3.10.12
[0.911s] -- Python site lib: lib/python3.10/site-packages
[0.911s] -- Python include dirs: /usr/include/python3.10
[0.955s] -- Checking for NumPy
[1.038s] --   NUMPY_INCLUDE_DIRS=/home/minh/.local/lib/python3.10/site-packages/numpy/core/include
[1.121s] --   NUMPY_VERSION=1.26.4
[1.121s] -- NumPy include dir: /home/minh/.local/lib/python3.10/site-packages/numpy/core/include
[1.121s] [33mCMake Warning (dev) at /opt/ros/humble/lib/x86_64-linux-gnu/cmake/eigenpy/boost.cmake:146 (find_package):
[1.121s]   Policy CMP0167 is not set: The FindBoost module is removed.  Run "cmake
[1.121s]   --help-policy CMP0167" for policy details.  Use the cmake_policy command to
[1.121s]   set the policy and suppress this warning.
[1.121s] 
[1.121s] Call Stack (most recent call first):
[1.121s]   /opt/ros/humble/lib/x86_64-linux-gnu/cmake/eigenpy/eigenpyConfig.cmake:172 (SEARCH_FOR_BOOST_PYTHON)
[1.121s]   /home/minh/.local/lib/python3.10/site-packages/cmake/data/share/cmake-4.1/Modules/CMakeFindDependencyMacro.cmake:78 (find_package)
[1.121s]   /opt/ros/humble/lib/x86_64-linux-gnu/cmake/pinocchio/pinocchioConfig.cmake:184 (find_dependency)
[1.121s]   CMakeLists.txt:21 (find_package)
[1.121s] This warning is for project developers.  Use -Wno-dev to suppress it.
[1.122s] [0m
[1.125s] -- Found Boost: /usr/include (found version "1.74.0") found components: python310
[1.324s] -- Default C++ standard: 201703
[1.324s] -- C++ standard sufficient: Minimal required 17, currently defined: 17
[1.324s] -- CMAKE_CXX_STANDARD was not set: automatically set to currently defined standard 17
[1.326s] -- coal FOUND. coal at /opt/ros/humble/lib/x86_64-linux-gnu/libcoal.so
[1.326s] [33mCMake Warning (dev) at /home/minh/.local/lib/python3.10/site-packages/cmake/data/share/cmake-4.1/Modules/CMakeFindDependencyMacro.cmake:78 (find_package):
[1.326s]   Policy CMP0167 is not set: The FindBoost module is removed.  Run "cmake
[1.326s]   --help-policy CMP0167" for policy details.  Use the cmake_policy command to
[1.326s]   set the policy and suppress this warning.
[1.326s] 
[1.326s] Call Stack (most recent call first):
[1.326s]   /opt/ros/humble/lib/x86_64-linux-gnu/cmake/coal/coalConfig.cmake:154 (find_dependency)
[1.326s]   /home/minh/.local/lib/python3.10/site-packages/cmake/data/share/cmake-4.1/Modules/CMakeFindDependencyMacro.cmake:78 (find_package)
[1.326s]   /opt/ros/humble/lib/x86_64-linux-gnu/cmake/pinocchio/pinocchioConfig.cmake:186 (find_dependency)
[1.326s]   CMakeLists.txt:21 (find_package)
[1.326s] This warning is for project developers.  Use -Wno-dev to suppress it.
[1.326s] [0m
[1.330s] -- Found Boost: /usr/include (found version "1.74.0") found components: serialization filesystem
[1.332s] -- C++ standard sufficient: Minimal required 17, currently defined: 17
[1.333s] -- C++ standard sufficient: Minimal required 17, currently defined: 17
[1.400s] -- Configuring done (1.3s)
[1.411s] -- Generating done (0.0s)
[1.413s] -- Build files have been written to: /home/minh/gim60108_ws/build/gim_arm_hardware
[1.466s] [ 50%] [32mBuilding CXX object CMakeFiles/gim_arm_system_hardware.dir/src/gim_arm_system.cpp.o[0m
[4.454s] In file included from [01m[K/usr/include/boost/variant/variant.hpp:31[m[K,
[4.454s]                  from [01m[K/usr/include/boost/variant.hpp:17[m[K,
[4.454s]                  from [01m[K/opt/ros/humble/include/pinocchio/multibody.hpp:21[m[K,
[4.454s]                  from [01m[K/opt/ros/humble/include/pinocchio/parsers/urdf.hpp:27[m[K,
[4.454s]                  from [01m[K/home/minh/gim60108_ws/src/gim_arm_hardware/include/gim_arm_hardware/gim_arm_system.hpp:25[m[K,
[4.454s]                  from [01m[K/home/minh/gim60108_ws/src/gim_arm_hardware/src/gim_arm_system.cpp:1[m[K:
[4.454s] /usr/include/boost/variant/detail/make_variant_list.hpp: In instantiation of ‘[01m[Kstruct boost::detail::variant::make_variant_list<pinocchio::JointModelRevoluteTpl<double, 0, 0>, pinocchio::JointModelRevoluteTpl<double, 0, 1>, pinocchio::JointModelRevoluteTpl<double, 0, 2>, pinocchio::JointModelFreeFlyerTpl<double, 0>, pinocchio::JointModelPlanarTpl<double, 0>, pinocchio::JointModelRevoluteUnalignedTpl<double, 0>, pinocchio::JointModelSphericalTpl<double, 0>, pinocchio::JointModelSphericalZYXTpl<double, 0>, pinocchio::JointModelEllipsoidTpl<double, 0>, pinocchio::JointModelPrismaticTpl<double, 0, 0>, pinocchio::JointModelPrismaticTpl<double, 0, 1>, pinocchio::JointModelPrismaticTpl<double, 0, 2>, pinocchio::JointModelPrismaticUnalignedTpl<double, 0>, pinocchio::JointModelTranslationTpl<double, 0>, pinocchio::JointModelRevoluteUnboundedTpl<double, 0, 0>, pinocchio::JointModelRevoluteUnboundedTpl<double, 0, 1>, pinocchio::JointModelRevoluteUnboundedTpl<double, 0, 2>, pinocchio::JointModelRevoluteUnboundedUnalignedTpl<double, 0>, pinocchio::JointModelHelicalTpl<double, 0, 0>, pinocchio::JointModelHelicalTpl<double, 0, 1>, pinocchio::JointModelHelicalTpl<double, 0, 2>, pinocchio::JointModelHelicalUnalignedTpl<double, 0>, pinocchio::JointModelUniversalTpl<double, 0>, boost::recursive_wrapper<pinocchio::JointModelCompositeTpl<double, 0, pinocchio::JointCollectionDefaultTpl> >, boost::recursive_wrapper<pinocchio::JointModelMimicTpl<double, 0, pinocchio::JointCollectionDefaultTpl> > >[m[K’:
[4.454s] [01m[K/usr/include/boost/mpl/eval_if.hpp:38:31:[m[K   required from ‘[01m[Kstruct boost::mpl::eval_if<boost::variant<pinocchio::JointModelRevoluteTpl<double, 0, 0>, pinocchio::JointModelRevoluteTpl<double, 0, 1>, pinocchio::JointModelRevoluteTpl<double, 0, 2>, pinocchio::JointModelFreeFlyerTpl<double, 0>, pinocchio::JointModelPlanarTpl<double, 0>, pinocchio::JointModelRevoluteUnalignedTpl<double, 0>, pinocchio::JointModelSphericalTpl<double, 0>, pinocchio::JointModelSphericalZYXTpl<double, 0>, pinocchio::JointModelEllipsoidTpl<double, 0>, pinocchio::JointModelPrismaticTpl<double, 0, 0>, pinocchio::JointModelPrismaticTpl<double, 0, 1>, pinocchio::JointModelPrismaticTpl<double, 0, 2>, pinocchio::JointModelPrismaticUnalignedTpl<double, 0>, pinocchio::JointModelTranslationTpl<double, 0>, pinocchio::JointModelRevoluteUnboundedTpl<double, 0, 0>, pinocchio::JointModelRevoluteUnboundedTpl<double, 0, 1>, pinocchio::JointModelRevoluteUnboundedTpl<double, 0, 2>, pinocchio::JointModelRevoluteUnboundedUnalignedTpl<double, 0>, pinocchio::JointModelHelicalTpl<double, 0, 0>, pinocchio::JointModelHelicalTpl<double, 0, 1>, pinocchio::JointModelHelicalTpl<double, 0, 2>, pinocchio::JointModelHelicalUnalignedTpl<double, 0>, pinocchio::JointModelUniversalTpl<double, 0>, boost::recursive_wrapper<pinocchio::JointModelCompositeTpl<double, 0, pinocchio::JointCollectionDefaultTpl> >, boost::recursive_wrapper<pinocchio::JointModelMimicTpl<double, 0, pinocchio::JointCollectionDefaultTpl> > >::is_sequence_based_, pinocchio::JointModelRevoluteTpl<double, 0, 0>, boost::detail::variant::make_variant_list<pinocchio::JointModelRevoluteTpl<double, 0, 0>, pinocchio::JointModelRevoluteTpl<double, 0, 1>, pinocchio::JointModelRevoluteTpl<double, 0, 2>, pinocchio::JointModelFreeFlyerTpl<double, 0>, pinocchio::JointModelPlanarTpl<double, 0>, pinocchio::JointModelRevoluteUnalignedTpl<double, 0>, pinocchio::JointModelSphericalTpl<double, 0>, pinocchio::JointModelSphericalZYXTpl<double, 0>, pinocchio::JointModelEllipsoidTpl<double, 0>, pinocchio::JointModelPrismaticTpl<double, 0, 0>, pinocchio::JointModelPrismaticTpl<double, 0, 1>, pinocchio::JointModelPrismaticTpl<double, 0, 2>, pinocchio::JointModelPrismaticUnalignedTpl<double, 0>, pinocchio::JointModelTranslationTpl<double, 0>, pinocchio::JointModelRevoluteUnboundedTpl<double, 0, 0>, pinocchio::JointModelRevoluteUnboundedTpl<double, 0, 1>, pinocchio::JointModelRevoluteUnboundedTpl<double, 0, 2>, pinocchio::JointModelRevoluteUnboundedUnalignedTpl<double, 0>, pinocchio::JointModelHelicalTpl<double, 0, 0>, pinocchio::JointModelHelicalTpl<double, 0, 1>, pinocchio::JointModelHelicalTpl<double, 0, 2>, pinocchio::JointModelHelicalUnalignedTpl<double, 0>, pinocchio::JointModelUniversalTpl<double, 0>, boost::recursive_wrapper<pinocchio::JointModelCompositeTpl<double, 0, pinocchio::JointCollectionDefaultTpl> >, boost::recursive_wrapper<pinocchio::JointModelMimicTpl<double, 0, pinocchio::JointCollectionDefaultTpl> > > >[m[K’
[4.454s] [01m[K/usr/include/boost/variant/variant.hpp:1138:17:[m[K   required from ‘[01m[Kclass boost::variant<pinocchio::JointModelRevoluteTpl<double, 0, 0>, pinocchio::JointModelRevoluteTpl<double, 0, 1>, pinocchio::JointModelRevoluteTpl<double, 0, 2>, pinocchio::JointModelFreeFlyerTpl<double, 0>, pinocchio::JointModelPlanarTpl<double, 0>, pinocchio::JointModelRevoluteUnalignedTpl<double, 0>, pinocchio::JointModelSphericalTpl<double, 0>, pinocchio::JointModelSphericalZYXTpl<double, 0>, pinocchio::JointModelEllipsoidTpl<double, 0>, pinocchio::JointModelPrismaticTpl<double, 0, 0>, pinocchio::JointModelPrismaticTpl<double, 0, 1>, pinocchio::JointModelPrismaticTpl<double, 0, 2>, pinocchio::JointModelPrismaticUnalignedTpl<double, 0>, pinocchio::JointModelTranslationTpl<double, 0>, pinocchio::JointModelRevoluteUnboundedTpl<double, 0, 0>, pinocchio::JointModelRevoluteUnboundedTpl<double, 0, 1>, pinocchio::JointModelRevoluteUnboundedTpl<double, 0, 2>, pinocchio::JointModelRevoluteUnboundedUnalignedTpl<double, 0>, pinocchio::JointModelHelicalTpl<double, 0, 0>, pinocchio::JointModelHelicalTpl<double, 0, 1>, pinocchio::JointModelHelicalTpl<double, 0, 2>, pinocchio::JointModelHelicalUnalignedTpl<double, 0>, pinocchio::JointModelUniversalTpl<double, 0>, boost::recursive_wrapper<pinocchio::JointModelCompositeTpl<double, 0, pinocchio::JointCollectionDefaultTpl> >, boost::recursive_wrapper<pinocchio::JointModelMimicTpl<double, 0, pinocchio::JointCollectionDefaultTpl> > >[m[K’
[4.454s] [01m[K/opt/ros/humble/include/pinocchio/src/multibody/joint/joint-generic.hxx:256:10:[m[K   required from ‘[01m[Kstruct pinocchio::JointModelTpl<double>[m[K’
[4.454s] [01m[K/opt/ros/humble/include/pinocchio/src/parsers/urdf/model.hxx:235:38:[m[K   required from here
[4.454s] [01m[K/usr/include/boost/variant/detail/make_variant_list.hpp:40:46:[m[K [01;31m[Kerror: [m[Kwrong number of template arguments (25, should be at least 0)
[4.454s]    40 |     typedef typename mpl::list< T... >::type [01;31m[Ktype[m[K;
[4.455s]       |                                              [01;31m[K^~~~[m[K
[4.455s] In file included from [01m[K/usr/include/boost/mpl/aux_/include_preprocessed.hpp:37[m[K,
[4.455s]                  from [01m[K/usr/include/boost/mpl/list.hpp:46[m[K,
[4.455s]                  from [01m[K/usr/include/boost/math/policies/policy.hpp:9[m[K,
[4.455s]                  from [01m[K/usr/include/boost/math/constants/constants.hpp:12[m[K,
[4.455s]                  from [01m[K/opt/ros/humble/include/pinocchio/math.hpp:20[m[K,
[4.455s]                  from [01m[K/opt/ros/humble/include/pinocchio/spatial.hpp:19[m[K,
[4.455s]                  from [01m[K/opt/ros/humble/include/pinocchio/parsers/urdf.hpp:26[m[K,
[4.455s]                  from [01m[K/home/minh/gim60108_ws/src/gim_arm_hardware/include/gim_arm_hardware/gim_arm_system.hpp:25[m[K,
[4.455s]                  from [01m[K/home/minh/gim60108_ws/src/gim_arm_hardware/src/gim_arm_system.cpp:1[m[K:
[4.455s] [01m[K/usr/include/boost/mpl/aux_/preprocessed/gcc/list.hpp:22:8:[m[K [01;36m[Knote: [m[Kprovided for ‘[01m[Ktemplate<class T0, class T1, class T2, class T3, class T4, class T5, class T6, class T7, class T8, class T9, class T10, class T11, class T12, class T13, class T14, class T15, class T16, class T17, class T18, class T19> struct boost::mpl::list[m[K’
[4.455s]    22 | struct [01;36m[Klist[m[K;
[4.455s]       |        [01;36m[K^~~~[m[K
[5.638s] In file included from [01m[K/opt/ros/humble/include/pinocchio/multibody/joint.hpp:84[m[K,
[5.638s]                  from [01m[K/opt/ros/humble/include/pinocchio/multibody.hpp:43[m[K,
[5.638s]                  from [01m[K/opt/ros/humble/include/pinocchio/parsers/urdf.hpp:27[m[K,
[5.638s]                  from [01m[K/home/minh/gim60108_ws/src/gim_arm_hardware/include/gim_arm_hardware/gim_arm_system.hpp:25[m[K,
[5.638s]                  from [01m[K/home/minh/gim60108_ws/src/gim_arm_hardware/src/gim_arm_system.cpp:1[m[K:
[5.638s] /opt/ros/humble/include/pinocchio/src/multibody/joint/joint-generic.hxx: In instantiation of ‘[01m[Kpinocchio::JointModelTpl<Scalar, Options, JointCollectionTpl>::JointModelTpl(const pinocchio::JointModelBase<OtherDerived>&) [with JointModelDerived = pinocchio::JointModelFreeFlyerTpl<double>; _Scalar = double; int _Options = 0; JointCollectionTpl = pinocchio::JointCollectionDefaultTpl][m[K’:
[5.638s] [01m[K/opt/ros/humble/include/pinocchio/src/parsers/urdf/model.hxx:235:38:[m[K   required from here
[5.638s] [01m[K/opt/ros/humble/include/pinocchio/src/multibody/joint/joint-generic.hxx:306:25:[m[K [01;31m[Kerror: [m[Kno matching function for call to ‘[01m[Kboost::variant<pinocchio::JointModelRevoluteTpl<double, 0, 0>, pinocchio::JointModelRevoluteTpl<double, 0, 1>, pinocchio::JointModelRevoluteTpl<double, 0, 2>, pinocchio::JointModelFreeFlyerTpl<double, 0>, pinocchio::JointModelPlanarTpl<double, 0>, pinocchio::JointModelRevoluteUnalignedTpl<double, 0>, pinocchio::JointModelSphericalTpl<double, 0>, pinocchio::JointModelSphericalZYXTpl<double, 0>, pinocchio::JointModelEllipsoidTpl<double, 0>, pinocchio::JointModelPrismaticTpl<double, 0, 0>, pinocchio::JointModelPrismaticTpl<double, 0, 1>, pinocchio::JointModelPrismaticTpl<double, 0, 2>, pinocchio::JointModelPrismaticUnalignedTpl<double, 0>, pinocchio::JointModelTranslationTpl<double, 0>, pinocchio::JointModelRevoluteUnboundedTpl<double, 0, 0>, pinocchio::JointModelRevoluteUnboundedTpl<double, 0, 1>, pinocchio::JointModelRevoluteUnboundedTpl<double, 0, 2>, pinocchio::JointModelRevoluteUnboundedUnalignedTpl<double, 0>, pinocchio::JointModelHelicalTpl<double, 0, 0>, pinocchio::JointModelHelicalTpl<double, 0, 1>, pinocchio::JointModelHelicalTpl<double, 0, 2>, pinocchio::JointModelHelicalUnalignedTpl<double, 0>, pinocchio::JointModelUniversalTpl<double, 0>, boost::recursive_wrapper<pinocchio::JointModelCompositeTpl<double, 0, pinocchio::JointCollectionDefaultTpl> >, boost::recursive_wrapper<pinocchio::JointModelMimicTpl<double, 0, pinocchio::JointCollectionDefaultTpl> > >::variant(const JointModelDerived&)[m[K’
[5.638s]   306 |     : JointModelVariant([01;31m[K(JointModelVariant)jmodel.derived()[m[K)
[5.638s]       |                         [01;31m[K^~~~~~~~~~~~~~~~~~~~~~~~~~~~~~~~~~~[m[K
[5.638s] In file included from [01m[K/usr/include/boost/variant.hpp:17[m[K,
[5.638s]                  from [01m[K/opt/ros/humble/include/pinocchio/multibody.hpp:21[m[K,
[5.638s]                  from [01m[K/opt/ros/humble/include/pinocchio/parsers/urdf.hpp:27[m[K,
[5.638s]                  from [01m[K/home/minh/gim60108_ws/src/gim_arm_hardware/include/gim_arm_hardware/gim_arm_system.hpp:25[m[K,
[5.638s]                  from [01m[K/home/minh/gim60108_ws/src/gim_arm_hardware/src/gim_arm_system.cpp:1[m[K:
[5.638s] [01m[K/usr/include/boost/variant/variant.hpp:1770:5:[m[K [01;36m[Knote: [m[Kcandidate: ‘[01m[Kboost::variant<T0, TN>::variant(boost::variant<T0, TN>&&) [with T0_ = pinocchio::JointModelRevoluteTpl<double, 0, 0>; TN = {pinocchio::JointModelRevoluteTpl<double, 0, 1>, pinocchio::JointModelRevoluteTpl<double, 0, 2>, pinocchio::JointModelFreeFlyerTpl<double, 0>, pinocchio::JointModelPlanarTpl<double, 0>, pinocchio::JointModelRevoluteUnalignedTpl<double, 0>, pinocchio::JointModelSphericalTpl<double, 0>, pinocchio::JointModelSphericalZYXTpl<double, 0>, pinocchio::JointModelEllipsoidTpl<double, 0>, pinocchio::JointModelPrismaticTpl<double, 0, 0>, pinocchio::JointModelPrismaticTpl<double, 0, 1>, pinocchio::JointModelPrismaticTpl<double, 0, 2>, pinocchio::JointModelPrismaticUnalignedTpl<double, 0>, pinocchio::JointModelTranslationTpl<double, 0>, pinocchio::JointModelRevoluteUnboundedTpl<double, 0, 0>, pinocchio::JointModelRevoluteUnboundedTpl<double, 0, 1>, pinocchio::JointModelRevoluteUnboundedTpl<double, 0, 2>, pinocchio::JointModelRevoluteUnboundedUnalignedTpl<double, 0>, pinocchio::JointModelHelicalTpl<double, 0, 0>, pinocchio::JointModelHelicalTpl<double, 0, 1>, pinocchio::JointModelHelicalTpl<double, 0, 2>, pinocchio::JointModelHelicalUnalignedTpl<double, 0>, pinocchio::JointModelUniversalTpl<double, 0>, boost::recursive_wrapper<pinocchio::JointModelCompositeTpl<double, 0, pinocchio::JointCollectionDefaultTpl> >, boost::recursive_wrapper<pinocchio::JointModelMimicTpl<double, 0, pinocchio::JointCollectionDefaultTpl> >}][m[K’
[5.638s]  1770 |     [01;36m[Kvariant[m[K(variant&& operand) BOOST_NOEXCEPT_IF(variant_move_noexcept_constructible::type::value)
[5.638s]       |     [01;36m[K^~~~~~~[m[K
[5.638s] [01m[K/usr/include/boost/variant/variant.hpp:1770:23:[m[K [01;36m[Knote: [m[K  no known conversion for argument 1 from ‘[01m[Kconst JointModelDerived[m[K’ {aka ‘[01m[Kconst pinocchio::JointModelFreeFlyerTpl<double>[m[K’} to ‘[01m[Kboost::variant<pinocchio::JointModelRevoluteTpl<double, 0, 0>, pinocchio::JointModelRevoluteTpl<double, 0, 1>, pinocchio::JointModelRevoluteTpl<double, 0, 2>, pinocchio::JointModelFreeFlyerTpl<double, 0>, pinocchio::JointModelPlanarTpl<double, 0>, pinocchio::JointModelRevoluteUnalignedTpl<double, 0>, pinocchio::JointModelSphericalTpl<double, 0>, pinocchio::JointModelSphericalZYXTpl<double, 0>, pinocchio::JointModelEllipsoidTpl<double, 0>, pinocchio::JointModelPrismaticTpl<double, 0, 0>, pinocchio::JointModelPrismaticTpl<double, 0, 1>, pinocchio::JointModelPrismaticTpl<double, 0, 2>, pinocchio::JointModelPrismaticUnalignedTpl<double, 0>, pinocchio::JointModelTranslationTpl<double, 0>, pinocchio::JointModelRevoluteUnboundedTpl<double, 0, 0>, pinocchio::JointModelRevoluteUnboundedTpl<double, 0, 1>, pinocchio::JointModelRevoluteUnboundedTpl<double, 0, 2>, pinocchio::JointModelRevoluteUnboundedUnalignedTpl<double, 0>, pinocchio::JointModelHelicalTpl<double, 0, 0>, pinocchio::JointModelHelicalTpl<double, 0, 1>, pinocchio::JointModelHelicalTpl<double, 0, 2>, pinocchio::JointModelHelicalUnalignedTpl<double, 0>, pinocchio::JointModelUniversalTpl<double, 0>, boost::recursive_wrapper<pinocchio::JointModelCompositeTpl<double, 0, pinocchio::JointCollectionDefaultTpl> >, boost::recursive_wrapper<pinocchio::JointModelMimicTpl<double, 0, pinocchio::JointCollectionDefaultTpl> > >&&[m[K’
[5.638s]  1770 |     variant([01;36m[Kvariant&& operand[m[K) BOOST_NOEXCEPT_IF(variant_move_noexcept_constructible::type::value)
[5.638s]       |             [01;36m[K~~~~~~~~~~^~~~~~~[m[K
[5.638s] [01m[K/usr/include/boost/variant/variant.hpp:1759:5:[m[K [01;36m[Knote: [m[Kcandidate: ‘[01m[Kboost::variant<T0, TN>::variant(const boost::variant<T0, TN>&) [with T0_ = pinocchio::JointModelRevoluteTpl<double, 0, 0>; TN = {pinocchio::JointModelRevoluteTpl<double, 0, 1>, pinocchio::JointModelRevoluteTpl<double, 0, 2>, pinocchio::JointModelFreeFlyerTpl<double, 0>, pinocchio::JointModelPlanarTpl<double, 0>, pinocchio::JointModelRevoluteUnalignedTpl<double, 0>, pinocchio::JointModelSphericalTpl<double, 0>, pinocchio::JointModelSphericalZYXTpl<double, 0>, pinocchio::JointModelEllipsoidTpl<double, 0>, pinocchio::JointModelPrismaticTpl<double, 0, 0>, pinocchio::JointModelPrismaticTpl<double, 0, 1>, pinocchio::JointModelPrismaticTpl<double, 0, 2>, pinocchio::JointModelPrismaticUnalignedTpl<double, 0>, pinocchio::JointModelTranslationTpl<double, 0>, pinocchio::JointModelRevoluteUnboundedTpl<double, 0, 0>, pinocchio::JointModelRevoluteUnboundedTpl<double, 0, 1>, pinocchio::JointModelRevoluteUnboundedTpl<double, 0, 2>, pinocchio::JointModelRevoluteUnboundedUnalignedTpl<double, 0>, pinocchio::JointModelHelicalTpl<double, 0, 0>, pinocchio::JointModelHelicalTpl<double, 0, 1>, pinocchio::JointModelHelicalTpl<double, 0, 2>, pinocchio::JointModelHelicalUnalignedTpl<double, 0>, pinocchio::JointModelUniversalTpl<double, 0>, boost::recursive_wrapper<pinocchio::JointModelCompositeTpl<double, 0, pinocchio::JointCollectionDefaultTpl> >, boost::recursive_wrapper<pinocchio::JointModelMimicTpl<double, 0, pinocchio::JointCollectionDefaultTpl> >}][m[K’
[5.638s]  1759 |     [01;36m[Kvariant[m[K(const variant& operand)
[5.638s]       |     [01;36m[K^~~~~~~[m[K
[5.638s] [01m[K/usr/include/boost/variant/variant.hpp:1759:28:[m[K [01;36m[Knote: [m[K  no known conversion for argument 1 from ‘[01m[Kconst JointModelDerived[m[K’ {aka ‘[01m[Kconst pinocchio::JointModelFreeFlyerTpl<double>[m[K’} to ‘[01m[Kconst boost::variant<pinocchio::JointModelRevoluteTpl<double, 0, 0>, pinocchio::JointModelRevoluteTpl<double, 0, 1>, pinocchio::JointModelRevoluteTpl<double, 0, 2>, pinocchio::JointModelFreeFlyerTpl<double, 0>, pinocchio::JointModelPlanarTpl<double, 0>, pinocchio::JointModelRevoluteUnalignedTpl<double, 0>, pinocchio::JointModelSphericalTpl<double, 0>, pinocchio::JointModelSphericalZYXTpl<double, 0>, pinocchio::JointModelEllipsoidTpl<double, 0>, pinocchio::JointModelPrismaticTpl<double, 0, 0>, pinocchio::JointModelPrismaticTpl<double, 0, 1>, pinocchio::JointModelPrismaticTpl<double, 0, 2>, pinocchio::JointModelPrismaticUnalignedTpl<double, 0>, pinocchio::JointModelTranslationTpl<double, 0>, pinocchio::JointModelRevoluteUnboundedTpl<double, 0, 0>, pinocchio::JointModelRevoluteUnboundedTpl<double, 0, 1>, pinocchio::JointModelRevoluteUnboundedTpl<double, 0, 2>, pinocchio::JointModelRevoluteUnboundedUnalignedTpl<double, 0>, pinocchio::JointModelHelicalTpl<double, 0, 0>, pinocchio::JointModelHelicalTpl<double, 0, 1>, pinocchio::JointModelHelicalTpl<double, 0, 2>, pinocchio::JointModelHelicalUnalignedTpl<double, 0>, pinocchio::JointModelUniversalTpl<double, 0>, boost::recursive_wrapper<pinocchio::JointModelCompositeTpl<double, 0, pinocchio::JointCollectionDefaultTpl> >, boost::recursive_wrapper<pinocchio::JointModelMimicTpl<double, 0, pinocchio::JointCollectionDefaultTpl> > >&[m[K’
[5.638s]  1759 |     variant([01;36m[Kconst variant& operand[m[K)
[5.638s]       |             [01;36m[K~~~~~~~~~~~~~~~^~~~~~~[m[K
[5.638s] [01m[K/usr/include/boost/variant/variant.hpp:1375:5:[m[K [01;36m[Knote: [m[Kcandidate: ‘[01m[Kboost::variant<T0, TN>::variant() [with T0_ = pinocchio::JointModelRevoluteTpl<double, 0, 0>; TN = {pinocchio::JointModelRevoluteTpl<double, 0, 1>, pinocchio::JointModelRevoluteTpl<double, 0, 2>, pinocchio::JointModelFreeFlyerTpl<double, 0>, pinocchio::JointModelPlanarTpl<double, 0>, pinocchio::JointModelRevoluteUnalignedTpl<double, 0>, pinocchio::JointModelSphericalTpl<double, 0>, pinocchio::JointModelSphericalZYXTpl<double, 0>, pinocchio::JointModelEllipsoidTpl<double, 0>, pinocchio::JointModelPrismaticTpl<double, 0, 0>, pinocchio::JointModelPrismaticTpl<double, 0, 1>, pinocchio::JointModelPrismaticTpl<double, 0, 2>, pinocchio::JointModelPrismaticUnalignedTpl<double, 0>, pinocchio::JointModelTranslationTpl<double, 0>, pinocchio::JointModelRevoluteUnboundedTpl<double, 0, 0>, pinocchio::JointModelRevoluteUnboundedTpl<double, 0, 1>, pinocchio::JointModelRevoluteUnboundedTpl<double, 0, 2>, pinocchio::JointModelRevoluteUnboundedUnalignedTpl<double, 0>, pinocchio::JointModelHelicalTpl<double, 0, 0>, pinocchio::JointModelHelicalTpl<double, 0, 1>, pinocchio::JointModelHelicalTpl<double, 0, 2>, pinocchio::JointModelHelicalUnalignedTpl<double, 0>, pinocchio::JointModelUniversalTpl<double, 0>, boost::recursive_wrapper<pinocchio::JointModelCompositeTpl<double, 0, pinocchio::JointCollectionDefaultTpl> >, boost::recursive_wrapper<pinocchio::JointModelMimicTpl<double, 0, pinocchio::JointCollectionDefaultTpl> >}][m[K’
[5.638s]  1375 |     [01;36m[Kvariant[m[K()
[5.638s]       |     [01;36m[K^~~~~~~[m[K
[5.638s] [01m[K/usr/include/boost/variant/variant.hpp:1375:5:[m[K [01;36m[Knote: [m[K  candidate expects 0 arguments, 1 provided
[5.686s] In file included from [01m[K/opt/ros/humble/include/pinocchio/multibody/joint.hpp:84[m[K,
[5.687s]                  from [01m[K/opt/ros/humble/include/pinocchio/multibody.hpp:43[m[K,
[5.687s]                  from [01m[K/opt/ros/humble/include/pinocchio/parsers/urdf.hpp:27[m[K,
[5.687s]                  from [01m[K/home/minh/gim60108_ws/src/gim_arm_hardware/include/gim_arm_hardware/gim_arm_system.hpp:25[m[K,
[5.687s]                  from [01m[K/home/minh/gim60108_ws/src/gim_arm_hardware/src/gim_arm_system.cpp:1[m[K:
[5.687s] /opt/ros/humble/include/pinocchio/src/multibody/joint/joint-generic.hxx: In instantiation of ‘[01m[Kpinocchio::JointModelTpl<Scalar, Options, JointCollectionTpl>::JointModelTpl(const pinocchio::JointModelBase<OtherDerived>&) [with JointModelDerived = pinocchio::JointModelPlanarTpl<double>; _Scalar = double; int _Options = 0; JointCollectionTpl = pinocchio::JointCollectionDefaultTpl][m[K’:
[5.687s] [01m[K/opt/ros/humble/include/pinocchio/src/parsers/urdf/model.hxx:269:38:[m[K   required from here
[5.687s] [01m[K/opt/ros/humble/include/pinocchio/src/multibody/joint/joint-generic.hxx:306:25:[m[K [01;31m[Kerror: [m[Kno matching function for call to ‘[01m[Kboost::variant<pinocchio::JointModelRevoluteTpl<double, 0, 0>, pinocchio::JointModelRevoluteTpl<double, 0, 1>, pinocchio::JointModelRevoluteTpl<double, 0, 2>, pinocchio::JointModelFreeFlyerTpl<double, 0>, pinocchio::JointModelPlanarTpl<double, 0>, pinocchio::JointModelRevoluteUnalignedTpl<double, 0>, pinocchio::JointModelSphericalTpl<double, 0>, pinocchio::JointModelSphericalZYXTpl<double, 0>, pinocchio::JointModelEllipsoidTpl<double, 0>, pinocchio::JointModelPrismaticTpl<double, 0, 0>, pinocchio::JointModelPrismaticTpl<double, 0, 1>, pinocchio::JointModelPrismaticTpl<double, 0, 2>, pinocchio::JointModelPrismaticUnalignedTpl<double, 0>, pinocchio::JointModelTranslationTpl<double, 0>, pinocchio::JointModelRevoluteUnboundedTpl<double, 0, 0>, pinocchio::JointModelRevoluteUnboundedTpl<double, 0, 1>, pinocchio::JointModelRevoluteUnboundedTpl<double, 0, 2>, pinocchio::JointModelRevoluteUnboundedUnalignedTpl<double, 0>, pinocchio::JointModelHelicalTpl<double, 0, 0>, pinocchio::JointModelHelicalTpl<double, 0, 1>, pinocchio::JointModelHelicalTpl<double, 0, 2>, pinocchio::JointModelHelicalUnalignedTpl<double, 0>, pinocchio::JointModelUniversalTpl<double, 0>, boost::recursive_wrapper<pinocchio::JointModelCompositeTpl<double, 0, pinocchio::JointCollectionDefaultTpl> >, boost::recursive_wrapper<pinocchio::JointModelMimicTpl<double, 0, pinocchio::JointCollectionDefaultTpl> > >::variant(const JointModelDerived&)[m[K’
[5.687s]   306 |     : JointModelVariant([01;31m[K(JointModelVariant)jmodel.derived()[m[K)
[5.687s]       |                         [01;31m[K^~~~~~~~~~~~~~~~~~~~~~~~~~~~~~~~~~~[m[K
[5.687s] In file included from [01m[K/usr/include/boost/variant.hpp:17[m[K,
[5.687s]                  from [01m[K/opt/ros/humble/include/pinocchio/multibody.hpp:21[m[K,
[5.687s]                  from [01m[K/opt/ros/humble/include/pinocchio/parsers/urdf.hpp:27[m[K,
[5.687s]                  from [01m[K/home/minh/gim60108_ws/src/gim_arm_hardware/include/gim_arm_hardware/gim_arm_system.hpp:25[m[K,
[5.687s]                  from [01m[K/home/minh/gim60108_ws/src/gim_arm_hardware/src/gim_arm_system.cpp:1[m[K:
[5.687s] [01m[K/usr/include/boost/variant/variant.hpp:1770:5:[m[K [01;36m[Knote: [m[Kcandidate: ‘[01m[Kboost::variant<T0, TN>::variant(boost::variant<T0, TN>&&) [with T0_ = pinocchio::JointModelRevoluteTpl<double, 0, 0>; TN = {pinocchio::JointModelRevoluteTpl<double, 0, 1>, pinocchio::JointModelRevoluteTpl<double, 0, 2>, pinocchio::JointModelFreeFlyerTpl<double, 0>, pinocchio::JointModelPlanarTpl<double, 0>, pinocchio::JointModelRevoluteUnalignedTpl<double, 0>, pinocchio::JointModelSphericalTpl<double, 0>, pinocchio::JointModelSphericalZYXTpl<double, 0>, pinocchio::JointModelEllipsoidTpl<double, 0>, pinocchio::JointModelPrismaticTpl<double, 0, 0>, pinocchio::JointModelPrismaticTpl<double, 0, 1>, pinocchio::JointModelPrismaticTpl<double, 0, 2>, pinocchio::JointModelPrismaticUnalignedTpl<double, 0>, pinocchio::JointModelTranslationTpl<double, 0>, pinocchio::JointModelRevoluteUnboundedTpl<double, 0, 0>, pinocchio::JointModelRevoluteUnboundedTpl<double, 0, 1>, pinocchio::JointModelRevoluteUnboundedTpl<double, 0, 2>, pinocchio::JointModelRevoluteUnboundedUnalignedTpl<double, 0>, pinocchio::JointModelHelicalTpl<double, 0, 0>, pinocchio::JointModelHelicalTpl<double, 0, 1>, pinocchio::JointModelHelicalTpl<double, 0, 2>, pinocchio::JointModelHelicalUnalignedTpl<double, 0>, pinocchio::JointModelUniversalTpl<double, 0>, boost::recursive_wrapper<pinocchio::JointModelCompositeTpl<double, 0, pinocchio::JointCollectionDefaultTpl> >, boost::recursive_wrapper<pinocchio::JointModelMimicTpl<double, 0, pinocchio::JointCollectionDefaultTpl> >}][m[K’
[5.687s]  1770 |     [01;36m[Kvariant[m[K(variant&& operand) BOOST_NOEXCEPT_IF(variant_move_noexcept_constructible::type::value)
[5.687s]       |     [01;36m[K^~~~~~~[m[K
[5.687s] [01m[K/usr/include/boost/variant/variant.hpp:1770:23:[m[K [01;36m[Knote: [m[K  no known conversion for argument 1 from ‘[01m[Kconst JointModelDerived[m[K’ {aka ‘[01m[Kconst pinocchio::JointModelPlanarTpl<double>[m[K’} to ‘[01m[Kboost::variant<pinocchio::JointModelRevoluteTpl<double, 0, 0>, pinocchio::JointModelRevoluteTpl<double, 0, 1>, pinocchio::JointModelRevoluteTpl<double, 0, 2>, pinocchio::JointModelFreeFlyerTpl<double, 0>, pinocchio::JointModelPlanarTpl<double, 0>, pinocchio::JointModelRevoluteUnalignedTpl<double, 0>, pinocchio::JointModelSphericalTpl<double, 0>, pinocchio::JointModelSphericalZYXTpl<double, 0>, pinocchio::JointModelEllipsoidTpl<double, 0>, pinocchio::JointModelPrismaticTpl<double, 0, 0>, pinocchio::JointModelPrismaticTpl<double, 0, 1>, pinocchio::JointModelPrismaticTpl<double, 0, 2>, pinocchio::JointModelPrismaticUnalignedTpl<double, 0>, pinocchio::JointModelTranslationTpl<double, 0>, pinocchio::JointModelRevoluteUnboundedTpl<double, 0, 0>, pinocchio::JointModelRevoluteUnboundedTpl<double, 0, 1>, pinocchio::JointModelRevoluteUnboundedTpl<double, 0, 2>, pinocchio::JointModelRevoluteUnboundedUnalignedTpl<double, 0>, pinocchio::JointModelHelicalTpl<double, 0, 0>, pinocchio::JointModelHelicalTpl<double, 0, 1>, pinocchio::JointModelHelicalTpl<double, 0, 2>, pinocchio::JointModelHelicalUnalignedTpl<double, 0>, pinocchio::JointModelUniversalTpl<double, 0>, boost::recursive_wrapper<pinocchio::JointModelCompositeTpl<double, 0, pinocchio::JointCollectionDefaultTpl> >, boost::recursive_wrapper<pinocchio::JointModelMimicTpl<double, 0, pinocchio::JointCollectionDefaultTpl> > >&&[m[K’
[5.687s]  1770 |     variant([01;36m[Kvariant&& operand[m[K) BOOST_NOEXCEPT_IF(variant_move_noexcept_constructible::type::value)
[5.687s]       |             [01;36m[K~~~~~~~~~~^~~~~~~[m[K
[5.687s] [01m[K/usr/include/boost/variant/variant.hpp:1759:5:[m[K [01;36m[Knote: [m[Kcandidate: ‘[01m[Kboost::variant<T0, TN>::variant(const boost::variant<T0, TN>&) [with T0_ = pinocchio::JointModelRevoluteTpl<double, 0, 0>; TN = {pinocchio::JointModelRevoluteTpl<double, 0, 1>, pinocchio::JointModelRevoluteTpl<double, 0, 2>, pinocchio::JointModelFreeFlyerTpl<double, 0>, pinocchio::JointModelPlanarTpl<double, 0>, pinocchio::JointModelRevoluteUnalignedTpl<double, 0>, pinocchio::JointModelSphericalTpl<double, 0>, pinocchio::JointModelSphericalZYXTpl<double, 0>, pinocchio::JointModelEllipsoidTpl<double, 0>, pinocchio::JointModelPrismaticTpl<double, 0, 0>, pinocchio::JointModelPrismaticTpl<double, 0, 1>, pinocchio::JointModelPrismaticTpl<double, 0, 2>, pinocchio::JointModelPrismaticUnalignedTpl<double, 0>, pinocchio::JointModelTranslationTpl<double, 0>, pinocchio::JointModelRevoluteUnboundedTpl<double, 0, 0>, pinocchio::JointModelRevoluteUnboundedTpl<double, 0, 1>, pinocchio::JointModelRevoluteUnboundedTpl<double, 0, 2>, pinocchio::JointModelRevoluteUnboundedUnalignedTpl<double, 0>, pinocchio::JointModelHelicalTpl<double, 0, 0>, pinocchio::JointModelHelicalTpl<double, 0, 1>, pinocchio::JointModelHelicalTpl<double, 0, 2>, pinocchio::JointModelHelicalUnalignedTpl<double, 0>, pinocchio::JointModelUniversalTpl<double, 0>, boost::recursive_wrapper<pinocchio::JointModelCompositeTpl<double, 0, pinocchio::JointCollectionDefaultTpl> >, boost::recursive_wrapper<pinocchio::JointModelMimicTpl<double, 0, pinocchio::JointCollectionDefaultTpl> >}][m[K’
[5.687s]  1759 |     [01;36m[Kvariant[m[K(const variant& operand)
[5.687s]       |     [01;36m[K^~~~~~~[m[K
[5.687s] [01m[K/usr/include/boost/variant/variant.hpp:1759:28:[m[K [01;36m[Knote: [m[K  no known conversion for argument 1 from ‘[01m[Kconst JointModelDerived[m[K’ {aka ‘[01m[Kconst pinocchio::JointModelPlanarTpl<double>[m[K’} to ‘[01m[Kconst boost::variant<pinocchio::JointModelRevoluteTpl<double, 0, 0>, pinocchio::JointModelRevoluteTpl<double, 0, 1>, pinocchio::JointModelRevoluteTpl<double, 0, 2>, pinocchio::JointModelFreeFlyerTpl<double, 0>, pinocchio::JointModelPlanarTpl<double, 0>, pinocchio::JointModelRevoluteUnalignedTpl<double, 0>, pinocchio::JointModelSphericalTpl<double, 0>, pinocchio::JointModelSphericalZYXTpl<double, 0>, pinocchio::JointModelEllipsoidTpl<double, 0>, pinocchio::JointModelPrismaticTpl<double, 0, 0>, pinocchio::JointModelPrismaticTpl<double, 0, 1>, pinocchio::JointModelPrismaticTpl<double, 0, 2>, pinocchio::JointModelPrismaticUnalignedTpl<double, 0>, pinocchio::JointModelTranslationTpl<double, 0>, pinocchio::JointModelRevoluteUnboundedTpl<double, 0, 0>, pinocchio::JointModelRevoluteUnboundedTpl<double, 0, 1>, pinocchio::JointModelRevoluteUnboundedTpl<double, 0, 2>, pinocchio::JointModelRevoluteUnboundedUnalignedTpl<double, 0>, pinocchio::JointModelHelicalTpl<double, 0, 0>, pinocchio::JointModelHelicalTpl<double, 0, 1>, pinocchio::JointModelHelicalTpl<double, 0, 2>, pinocchio::JointModelHelicalUnalignedTpl<double, 0>, pinocchio::JointModelUniversalTpl<double, 0>, boost::recursive_wrapper<pinocchio::JointModelCompositeTpl<double, 0, pinocchio::JointCollectionDefaultTpl> >, boost::recursive_wrapper<pinocchio::JointModelMimicTpl<double, 0, pinocchio::JointCollectionDefaultTpl> > >&[m[K’
[5.687s]  1759 |     variant([01;36m[Kconst variant& operand[m[K)
[5.688s]       |             [01;36m[K~~~~~~~~~~~~~~~^~~~~~~[m[K
[5.688s] [01m[K/usr/include/boost/variant/variant.hpp:1375:5:[m[K [01;36m[Knote: [m[Kcandidate: ‘[01m[Kboost::variant<T0, TN>::variant() [with T0_ = pinocchio::JointModelRevoluteTpl<double, 0, 0>; TN = {pinocchio::JointModelRevoluteTpl<double, 0, 1>, pinocchio::JointModelRevoluteTpl<double, 0, 2>, pinocchio::JointModelFreeFlyerTpl<double, 0>, pinocchio::JointModelPlanarTpl<double, 0>, pinocchio::JointModelRevoluteUnalignedTpl<double, 0>, pinocchio::JointModelSphericalTpl<double, 0>, pinocchio::JointModelSphericalZYXTpl<double, 0>, pinocchio::JointModelEllipsoidTpl<double, 0>, pinocchio::JointModelPrismaticTpl<double, 0, 0>, pinocchio::JointModelPrismaticTpl<double, 0, 1>, pinocchio::JointModelPrismaticTpl<double, 0, 2>, pinocchio::JointModelPrismaticUnalignedTpl<double, 0>, pinocchio::JointModelTranslationTpl<double, 0>, pinocchio::JointModelRevoluteUnboundedTpl<double, 0, 0>, pinocchio::JointModelRevoluteUnboundedTpl<double, 0, 1>, pinocchio::JointModelRevoluteUnboundedTpl<double, 0, 2>, pinocchio::JointModelRevoluteUnboundedUnalignedTpl<double, 0>, pinocchio::JointModelHelicalTpl<double, 0, 0>, pinocchio::JointModelHelicalTpl<double, 0, 1>, pinocchio::JointModelHelicalTpl<double, 0, 2>, pinocchio::JointModelHelicalUnalignedTpl<double, 0>, pinocchio::JointModelUniversalTpl<double, 0>, boost::recursive_wrapper<pinocchio::JointModelCompositeTpl<double, 0, pinocchio::JointCollectionDefaultTpl> >, boost::recursive_wrapper<pinocchio::JointModelMimicTpl<double, 0, pinocchio::JointCollectionDefaultTpl> >}][m[K’
[5.688s]  1375 |     [01;36m[Kvariant[m[K()
[5.688s]       |     [01;36m[K^~~~~~~[m[K
[5.688s] [01m[K/usr/include/boost/variant/variant.hpp:1375:5:[m[K [01;36m[Knote: [m[K  candidate expects 0 arguments, 1 provided
[5.688s] In file included from [01m[K/opt/ros/humble/include/pinocchio/multibody/joint.hpp:84[m[K,
[5.688s]                  from [01m[K/opt/ros/humble/include/pinocchio/multibody.hpp:43[m[K,
[5.688s]                  from [01m[K/opt/ros/humble/include/pinocchio/parsers/urdf.hpp:27[m[K,
[5.688s]                  from [01m[K/home/minh/gim60108_ws/src/gim_arm_hardware/include/gim_arm_hardware/gim_arm_system.hpp:25[m[K,
[5.688s]                  from [01m[K/home/minh/gim60108_ws/src/gim_arm_hardware/src/gim_arm_system.cpp:1[m[K:
[5.688s] /opt/ros/humble/include/pinocchio/src/multibody/joint/joint-generic.hxx: In instantiation of ‘[01m[Kpinocchio::JointModelTpl<Scalar, Options, JointCollectionTpl>::JointModelTpl(const pinocchio::JointModelBase<OtherDerived>&) [with JointModelDerived = pinocchio::JointModelSphericalTpl<double>; _Scalar = double; int _Options = 0; JointCollectionTpl = pinocchio::JointCollectionDefaultTpl][m[K’:
[5.688s] [01m[K/opt/ros/humble/include/pinocchio/src/parsers/urdf/model.hxx:276:38:[m[K   required from here
[5.688s] [01m[K/opt/ros/humble/include/pinocchio/src/multibody/joint/joint-generic.hxx:306:25:[m[K [01;31m[Kerror: [m[Kno matching function for call to ‘[01m[Kboost::variant<pinocchio::JointModelRevoluteTpl<double, 0, 0>, pinocchio::JointModelRevoluteTpl<double, 0, 1>, pinocchio::JointModelRevoluteTpl<double, 0, 2>, pinocchio::JointModelFreeFlyerTpl<double, 0>, pinocchio::JointModelPlanarTpl<double, 0>, pinocchio::JointModelRevoluteUnalignedTpl<double, 0>, pinocchio::JointModelSphericalTpl<double, 0>, pinocchio::JointModelSphericalZYXTpl<double, 0>, pinocchio::JointModelEllipsoidTpl<double, 0>, pinocchio::JointModelPrismaticTpl<double, 0, 0>, pinocchio::JointModelPrismaticTpl<double, 0, 1>, pinocchio::JointModelPrismaticTpl<double, 0, 2>, pinocchio::JointModelPrismaticUnalignedTpl<double, 0>, pinocchio::JointModelTranslationTpl<double, 0>, pinocchio::JointModelRevoluteUnboundedTpl<double, 0, 0>, pinocchio::JointModelRevoluteUnboundedTpl<double, 0, 1>, pinocchio::JointModelRevoluteUnboundedTpl<double, 0, 2>, pinocchio::JointModelRevoluteUnboundedUnalignedTpl<double, 0>, pinocchio::JointModelHelicalTpl<double, 0, 0>, pinocchio::JointModelHelicalTpl<double, 0, 1>, pinocchio::JointModelHelicalTpl<double, 0, 2>, pinocchio::JointModelHelicalUnalignedTpl<double, 0>, pinocchio::JointModelUniversalTpl<double, 0>, boost::recursive_wrapper<pinocchio::JointModelCompositeTpl<double, 0, pinocchio::JointCollectionDefaultTpl> >, boost::recursive_wrapper<pinocchio::JointModelMimicTpl<double, 0, pinocchio::JointCollectionDefaultTpl> > >::variant(const JointModelDerived&)[m[K’
[5.688s]   306 |     : JointModelVariant([01;31m[K(JointModelVariant)jmodel.derived()[m[K)
[5.688s]       |                         [01;31m[K^~~~~~~~~~~~~~~~~~~~~~~~~~~~~~~~~~~[m[K
[5.688s] In file included from [01m[K/usr/include/boost/variant.hpp:17[m[K,
[5.688s]                  from [01m[K/opt/ros/humble/include/pinocchio/multibody.hpp:21[m[K,
[5.688s]                  from [01m[K/opt/ros/humble/include/pinocchio/parsers/urdf.hpp:27[m[K,
[5.688s]                  from [01m[K/home/minh/gim60108_ws/src/gim_arm_hardware/include/gim_arm_hardware/gim_arm_system.hpp:25[m[K,
[5.688s]                  from [01m[K/home/minh/gim60108_ws/src/gim_arm_hardware/src/gim_arm_system.cpp:1[m[K:
[5.688s] [01m[K/usr/include/boost/variant/variant.hpp:1770:5:[m[K [01;36m[Knote: [m[Kcandidate: ‘[01m[Kboost::variant<T0, TN>::variant(boost::variant<T0, TN>&&) [with T0_ = pinocchio::JointModelRevoluteTpl<double, 0, 0>; TN = {pinocchio::JointModelRevoluteTpl<double, 0, 1>, pinocchio::JointModelRevoluteTpl<double, 0, 2>, pinocchio::JointModelFreeFlyerTpl<double, 0>, pinocchio::JointModelPlanarTpl<double, 0>, pinocchio::JointModelRevoluteUnalignedTpl<double, 0>, pinocchio::JointModelSphericalTpl<double, 0>, pinocchio::JointModelSphericalZYXTpl<double, 0>, pinocchio::JointModelEllipsoidTpl<double, 0>, pinocchio::JointModelPrismaticTpl<double, 0, 0>, pinocchio::JointModelPrismaticTpl<double, 0, 1>, pinocchio::JointModelPrismaticTpl<double, 0, 2>, pinocchio::JointModelPrismaticUnalignedTpl<double, 0>, pinocchio::JointModelTranslationTpl<double, 0>, pinocchio::JointModelRevoluteUnboundedTpl<double, 0, 0>, pinocchio::JointModelRevoluteUnboundedTpl<double, 0, 1>, pinocchio::JointModelRevoluteUnboundedTpl<double, 0, 2>, pinocchio::JointModelRevoluteUnboundedUnalignedTpl<double, 0>, pinocchio::JointModelHelicalTpl<double, 0, 0>, pinocchio::JointModelHelicalTpl<double, 0, 1>, pinocchio::JointModelHelicalTpl<double, 0, 2>, pinocchio::JointModelHelicalUnalignedTpl<double, 0>, pinocchio::JointModelUniversalTpl<double, 0>, boost::recursive_wrapper<pinocchio::JointModelCompositeTpl<double, 0, pinocchio::JointCollectionDefaultTpl> >, boost::recursive_wrapper<pinocchio::JointModelMimicTpl<double, 0, pinocchio::JointCollectionDefaultTpl> >}][m[K’
[5.688s]  1770 |     [01;36m[Kvariant[m[K(variant&& operand) BOOST_NOEXCEPT_IF(variant_move_noexcept_constructible::type::value)
[5.688s]       |     [01;36m[K^~~~~~~[m[K
[5.688s] [01m[K/usr/include/boost/variant/variant.hpp:1770:23:[m[K [01;36m[Knote: [m[K  no known conversion for argument 1 from ‘[01m[Kconst JointModelDerived[m[K’ {aka ‘[01m[Kconst pinocchio::JointModelSphericalTpl<double>[m[K’} to ‘[01m[Kboost::variant<pinocchio::JointModelRevoluteTpl<double, 0, 0>, pinocchio::JointModelRevoluteTpl<double, 0, 1>, pinocchio::JointModelRevoluteTpl<double, 0, 2>, pinocchio::JointModelFreeFlyerTpl<double, 0>, pinocchio::JointModelPlanarTpl<double, 0>, pinocchio::JointModelRevoluteUnalignedTpl<double, 0>, pinocchio::JointModelSphericalTpl<double, 0>, pinocchio::JointModelSphericalZYXTpl<double, 0>, pinocchio::JointModelEllipsoidTpl<double, 0>, pinocchio::JointModelPrismaticTpl<double, 0, 0>, pinocchio::JointModelPrismaticTpl<double, 0, 1>, pinocchio::JointModelPrismaticTpl<double, 0, 2>, pinocchio::JointModelPrismaticUnalignedTpl<double, 0>, pinocchio::JointModelTranslationTpl<double, 0>, pinocchio::JointModelRevoluteUnboundedTpl<double, 0, 0>, pinocchio::JointModelRevoluteUnboundedTpl<double, 0, 1>, pinocchio::JointModelRevoluteUnboundedTpl<double, 0, 2>, pinocchio::JointModelRevoluteUnboundedUnalignedTpl<double, 0>, pinocchio::JointModelHelicalTpl<double, 0, 0>, pinocchio::JointModelHelicalTpl<double, 0, 1>, pinocchio::JointModelHelicalTpl<double, 0, 2>, pinocchio::JointModelHelicalUnalignedTpl<double, 0>, pinocchio::JointModelUniversalTpl<double, 0>, boost::recursive_wrapper<pinocchio::JointModelCompositeTpl<double, 0, pinocchio::JointCollectionDefaultTpl> >, boost::recursive_wrapper<pinocchio::JointModelMimicTpl<double, 0, pinocchio::JointCollectionDefaultTpl> > >&&[m[K’
[5.688s]  1770 |     variant([01;36m[Kvariant&& operand[m[K) BOOST_NOEXCEPT_IF(variant_move_noexcept_constructible::type::value)
[5.688s]       |             [01;36m[K~~~~~~~~~~^~~~~~~[m[K
[5.688s] [01m[K/usr/include/boost/variant/variant.hpp:1759:5:[m[K [01;36m[Knote: [m[Kcandidate: ‘[01m[Kboost::variant<T0, TN>::variant(const boost::variant<T0, TN>&) [with T0_ = pinocchio::JointModelRevoluteTpl<double, 0, 0>; TN = {pinocchio::JointModelRevoluteTpl<double, 0, 1>, pinocchio::JointModelRevoluteTpl<double, 0, 2>, pinocchio::JointModelFreeFlyerTpl<double, 0>, pinocchio::JointModelPlanarTpl<double, 0>, pinocchio::JointModelRevoluteUnalignedTpl<double, 0>, pinocchio::JointModelSphericalTpl<double, 0>, pinocchio::JointModelSphericalZYXTpl<double, 0>, pinocchio::JointModelEllipsoidTpl<double, 0>, pinocchio::JointModelPrismaticTpl<double, 0, 0>, pinocchio::JointModelPrismaticTpl<double, 0, 1>, pinocchio::JointModelPrismaticTpl<double, 0, 2>, pinocchio::JointModelPrismaticUnalignedTpl<double, 0>, pinocchio::JointModelTranslationTpl<double, 0>, pinocchio::JointModelRevoluteUnboundedTpl<double, 0, 0>, pinocchio::JointModelRevoluteUnboundedTpl<double, 0, 1>, pinocchio::JointModelRevoluteUnboundedTpl<double, 0, 2>, pinocchio::JointModelRevoluteUnboundedUnalignedTpl<double, 0>, pinocchio::JointModelHelicalTpl<double, 0, 0>, pinocchio::JointModelHelicalTpl<double, 0, 1>, pinocchio::JointModelHelicalTpl<double, 0, 2>, pinocchio::JointModelHelicalUnalignedTpl<double, 0>, pinocchio::JointModelUniversalTpl<double, 0>, boost::recursive_wrapper<pinocchio::JointModelCompositeTpl<double, 0, pinocchio::JointCollectionDefaultTpl> >, boost::recursive_wrapper<pinocchio::JointModelMimicTpl<double, 0, pinocchio::JointCollectionDefaultTpl> >}][m[K’
[5.688s]  1759 |     [01;36m[Kvariant[m[K(const variant& operand)
[5.688s]       |     [01;36m[K^~~~~~~[m[K
[5.688s] [01m[K/usr/include/boost/variant/variant.hpp:1759:28:[m[K [01;36m[Knote: [m[K  no known conversion for argument 1 from ‘[01m[Kconst JointModelDerived[m[K’ {aka ‘[01m[Kconst pinocchio::JointModelSphericalTpl<double>[m[K’} to ‘[01m[Kconst boost::variant<pinocchio::JointModelRevoluteTpl<double, 0, 0>, pinocchio::JointModelRevoluteTpl<double, 0, 1>, pinocchio::JointModelRevoluteTpl<double, 0, 2>, pinocchio::JointModelFreeFlyerTpl<double, 0>, pinocchio::JointModelPlanarTpl<double, 0>, pinocchio::JointModelRevoluteUnalignedTpl<double, 0>, pinocchio::JointModelSphericalTpl<double, 0>, pinocchio::JointModelSphericalZYXTpl<double, 0>, pinocchio::JointModelEllipsoidTpl<double, 0>, pinocchio::JointModelPrismaticTpl<double, 0, 0>, pinocchio::JointModelPrismaticTpl<double, 0, 1>, pinocchio::JointModelPrismaticTpl<double, 0, 2>, pinocchio::JointModelPrismaticUnalignedTpl<double, 0>, pinocchio::JointModelTranslationTpl<double, 0>, pinocchio::JointModelRevoluteUnboundedTpl<double, 0, 0>, pinocchio::JointModelRevoluteUnboundedTpl<double, 0, 1>, pinocchio::JointModelRevoluteUnboundedTpl<double, 0, 2>, pinocchio::JointModelRevoluteUnboundedUnalignedTpl<double, 0>, pinocchio::JointModelHelicalTpl<double, 0, 0>, pinocchio::JointModelHelicalTpl<double, 0, 1>, pinocchio::JointModelHelicalTpl<double, 0, 2>, pinocchio::JointModelHelicalUnalignedTpl<double, 0>, pinocchio::JointModelUniversalTpl<double, 0>, boost::recursive_wrapper<pinocchio::JointModelCompositeTpl<double, 0, pinocchio::JointCollectionDefaultTpl> >, boost::recursive_wrapper<pinocchio::JointModelMimicTpl<double, 0, pinocchio::JointCollectionDefaultTpl> > >&[m[K’
[5.688s]  1759 |     variant([01;36m[Kconst variant& operand[m[K)
[5.688s]       |             [01;36m[K~~~~~~~~~~~~~~~^~~~~~~[m[K
[5.688s] [01m[K/usr/include/boost/variant/variant.hpp:1375:5:[m[K [01;36m[Knote: [m[Kcandidate: ‘[01m[Kboost::variant<T0, TN>::variant() [with T0_ = pinocchio::JointModelRevoluteTpl<double, 0, 0>; TN = {pinocchio::JointModelRevoluteTpl<double, 0, 1>, pinocchio::JointModelRevoluteTpl<double, 0, 2>, pinocchio::JointModelFreeFlyerTpl<double, 0>, pinocchio::JointModelPlanarTpl<double, 0>, pinocchio::JointModelRevoluteUnalignedTpl<double, 0>, pinocchio::JointModelSphericalTpl<double, 0>, pinocchio::JointModelSphericalZYXTpl<double, 0>, pinocchio::JointModelEllipsoidTpl<double, 0>, pinocchio::JointModelPrismaticTpl<double, 0, 0>, pinocchio::JointModelPrismaticTpl<double, 0, 1>, pinocchio::JointModelPrismaticTpl<double, 0, 2>, pinocchio::JointModelPrismaticUnalignedTpl<double, 0>, pinocchio::JointModelTranslationTpl<double, 0>, pinocchio::JointModelRevoluteUnboundedTpl<double, 0, 0>, pinocchio::JointModelRevoluteUnboundedTpl<double, 0, 1>, pinocchio::JointModelRevoluteUnboundedTpl<double, 0, 2>, pinocchio::JointModelRevoluteUnboundedUnalignedTpl<double, 0>, pinocchio::JointModelHelicalTpl<double, 0, 0>, pinocchio::JointModelHelicalTpl<double, 0, 1>, pinocchio::JointModelHelicalTpl<double, 0, 2>, pinocchio::JointModelHelicalUnalignedTpl<double, 0>, pinocchio::JointModelUniversalTpl<double, 0>, boost::recursive_wrapper<pinocchio::JointModelCompositeTpl<double, 0, pinocchio::JointCollectionDefaultTpl> >, boost::recursive_wrapper<pinocchio::JointModelMimicTpl<double, 0, pinocchio::JointCollectionDefaultTpl> >}][m[K’
[5.688s]  1375 |     [01;36m[Kvariant[m[K()
[5.688s]       |     [01;36m[K^~~~~~~[m[K
[5.688s] [01m[K/usr/include/boost/variant/variant.hpp:1375:5:[m[K [01;36m[Knote: [m[K  candidate expects 0 arguments, 1 provided
[5.825s] /usr/include/boost/variant/variant.hpp: In instantiation of ‘[01m[Kboost::variant<T0, TN>::variant(const boost::variant<T0, TN>&) [with T0_ = pinocchio::JointModelRevoluteTpl<double, 0, 0>; TN = {pinocchio::JointModelRevoluteTpl<double, 0, 1>, pinocchio::JointModelRevoluteTpl<double, 0, 2>, pinocchio::JointModelFreeFlyerTpl<double, 0>, pinocchio::JointModelPlanarTpl<double, 0>, pinocchio::JointModelRevoluteUnalignedTpl<double, 0>, pinocchio::JointModelSphericalTpl<double, 0>, pinocchio::JointModelSphericalZYXTpl<double, 0>, pinocchio::JointModelEllipsoidTpl<double, 0>, pinocchio::JointModelPrismaticTpl<double, 0, 0>, pinocchio::JointModelPrismaticTpl<double, 0, 1>, pinocchio::JointModelPrismaticTpl<double, 0, 2>, pinocchio::JointModelPrismaticUnalignedTpl<double, 0>, pinocchio::JointModelTranslationTpl<double, 0>, pinocchio::JointModelRevoluteUnboundedTpl<double, 0, 0>, pinocchio::JointModelRevoluteUnboundedTpl<double, 0, 1>, pinocchio::JointModelRevoluteUnboundedTpl<double, 0, 2>, pinocchio::JointModelRevoluteUnboundedUnalignedTpl<double, 0>, pinocchio::JointModelHelicalTpl<double, 0, 0>, pinocchio::JointModelHelicalTpl<double, 0, 1>, pinocchio::JointModelHelicalTpl<double, 0, 2>, pinocchio::JointModelHelicalUnalignedTpl<double, 0>, pinocchio::JointModelUniversalTpl<double, 0>, boost::recursive_wrapper<pinocchio::JointModelCompositeTpl<double, 0, pinocchio::JointCollectionDefaultTpl> >, boost::recursive_wrapper<pinocchio::JointModelMimicTpl<double, 0, pinocchio::JointCollectionDefaultTpl> >}][m[K’:
[5.825s] [01m[K/opt/ros/humble/include/pinocchio/src/multibody/joint/joint-generic.hxx:256:10:[m[K   required from ‘[01m[Kpinocchio::ModelTpl<_Scalar, _Options, JointCollectionTpl>::JointIndex pinocchio::ModelTpl<_Scalar, _Options, JointCollectionTpl>::addJoint(pinocchio::ModelTpl<_Scalar, _Options, JointCollectionTpl>::JointIndex, const JointModel&, const SE3&, const string&, const VectorXs&, const VectorXs&, const VectorXs&, const VectorXs&, const VectorXs&, const VectorXs&, const VectorXs&, const VectorXs&, const VectorXs&, const VectorXs&) [with _Scalar = double; int _Options = 0; JointCollectionTpl = pinocchio::JointCollectionDefaultTpl; pinocchio::ModelTpl<_Scalar, _Options, JointCollectionTpl>::JointIndex = long unsigned int; pinocchio::ModelTpl<_Scalar, _Options, JointCollectionTpl>::JointModel = pinocchio::JointModelTpl<double>; pinocchio::ModelTpl<_Scalar, _Options, JointCollectionTpl>::SE3 = pinocchio::SE3Tpl<double, 0>; std::string = std::__cxx11::basic_string<char>; pinocchio::ModelTpl<_Scalar, _Options, JointCollectionTpl>::VectorXs = Eigen::Matrix<double, -1, 1>][m[K’
[5.825s] [01m[K/opt/ros/humble/include/pinocchio/src/parsers/urdf/model.hxx:235:38:[m[K   required from here
[5.825s] [01m[K/usr/include/boost/variant/variant.hpp:1762:45:[m[K [01;31m[Kerror: [m[Kusing invalid field ‘[01m[Kboost::variant<T0, TN>::storage_[m[K’
[5.825s]  1762 |         detail::variant::copy_into visitor( [01;31m[Kstorage_[m[K.address() );
[5.825s]       |                                             [01;31m[K^~~~~~~~[m[K
[5.839s] In file included from [01m[K/opt/ros/humble/include/pinocchio/multibody/joint.hpp:84[m[K,
[5.839s]                  from [01m[K/opt/ros/humble/include/pinocchio/multibody.hpp:43[m[K,
[5.839s]                  from [01m[K/opt/ros/humble/include/pinocchio/parsers/urdf.hpp:27[m[K,
[5.839s]                  from [01m[K/home/minh/gim60108_ws/src/gim_arm_hardware/include/gim_arm_hardware/gim_arm_system.hpp:25[m[K,
[5.839s]                  from [01m[K/home/minh/gim60108_ws/src/gim_arm_hardware/src/gim_arm_system.cpp:1[m[K:
[5.839s] /opt/ros/humble/include/pinocchio/src/multibody/joint/joint-generic.hxx: In instantiation of ‘[01m[Kpinocchio::JointModelTpl<Scalar, Options, JointCollectionTpl>::JointModelTpl(const pinocchio::JointModelBase<OtherDerived>&) [with JointModelDerived = pinocchio::JointModelRevoluteTpl<double, 0, 0>; _Scalar = double; int _Options = 0; JointCollectionTpl = pinocchio::JointCollectionDefaultTpl][m[K’:
[5.839s] [01m[K/opt/ros/humble/include/pinocchio/src/parsers/urdf/model.hxx:495:34:[m[K   required from ‘[01m[Kpinocchio::JointIndex pinocchio::urdf::details::UrdfVisitor::addJoint(const Vector3&, const Frame&, const SE3&, const string&, const VectorConstRef&, const VectorConstRef&, const VectorConstRef&, const VectorConstRef&, const VectorConstRef&, const VectorConstRef&, const VectorConstRef&, const VectorConstRef&, const VectorConstRef&, const VectorConstRef&) [with TypeX = pinocchio::JointModelRevoluteTpl<double, 0, 0>; TypeY = pinocchio::JointModelRevoluteTpl<double, 0, 1>; TypeZ = pinocchio::JointModelRevoluteTpl<double, 0, 2>; TypeUnaligned = pinocchio::JointModelRevoluteUnalignedTpl<double>; pinocchio::JointIndex = long unsigned int; pinocchio::urdf::details::UrdfVisitor::Vector3 = Eigen::Matrix<double, 3, 1>; pinocchio::urdf::details::UrdfVisitor::Frame = pinocchio::FrameTpl<double, 0>; pinocchio::urdf::details::UrdfVisitor::SE3 = pinocchio::SE3Tpl<double, 0>; std::string = std::__cxx11::basic_string<char>; pinocchio::urdf::details::UrdfVisitor::VectorConstRef = Eigen::Ref<const Eigen::Matrix<double, -1, 1> >][m[K’
[5.839s] [01m[K/opt/ros/humble/include/pinocchio/src/parsers/urdf/model.hxx:245:69:[m[K   required from here
[5.839s] [01m[K/opt/ros/humble/include/pinocchio/src/multibody/joint/joint-generic.hxx:306:25:[m[K [01;31m[Kerror: [m[Kno matching function for call to ‘[01m[Kboost::variant<pinocchio::JointModelRevoluteTpl<double, 0, 0>, pinocchio::JointModelRevoluteTpl<double, 0, 1>, pinocchio::JointModelRevoluteTpl<double, 0, 2>, pinocchio::JointModelFreeFlyerTpl<double, 0>, pinocchio::JointModelPlanarTpl<double, 0>, pinocchio::JointModelRevoluteUnalignedTpl<double, 0>, pinocchio::JointModelSphericalTpl<double, 0>, pinocchio::JointModelSphericalZYXTpl<double, 0>, pinocchio::JointModelEllipsoidTpl<double, 0>, pinocchio::JointModelPrismaticTpl<double, 0, 0>, pinocchio::JointModelPrismaticTpl<double, 0, 1>, pinocchio::JointModelPrismaticTpl<double, 0, 2>, pinocchio::JointModelPrismaticUnalignedTpl<double, 0>, pinocchio::JointModelTranslationTpl<double, 0>, pinocchio::JointModelRevoluteUnboundedTpl<double, 0, 0>, pinocchio::JointModelRevoluteUnboundedTpl<double, 0, 1>, pinocchio::JointModelRevoluteUnboundedTpl<double, 0, 2>, pinocchio::JointModelRevoluteUnboundedUnalignedTpl<double, 0>, pinocchio::JointModelHelicalTpl<double, 0, 0>, pinocchio::JointModelHelicalTpl<double, 0, 1>, pinocchio::JointModelHelicalTpl<double, 0, 2>, pinocchio::JointModelHelicalUnalignedTpl<double, 0>, pinocchio::JointModelUniversalTpl<double, 0>, boost::recursive_wrapper<pinocchio::JointModelCompositeTpl<double, 0, pinocchio::JointCollectionDefaultTpl> >, boost::recursive_wrapper<pinocchio::JointModelMimicTpl<double, 0, pinocchio::JointCollectionDefaultTpl> > >::variant(const JointModelDerived&)[m[K’
[5.840s]   306 |     : JointModelVariant([01;31m[K(JointModelVariant)jmodel.derived()[m[K)
[5.840s]       |                         [01;31m[K^~~~~~~~~~~~~~~~~~~~~~~~~~~~~~~~~~~[m[K
[5.840s] In file included from [01m[K/usr/include/boost/variant.hpp:17[m[K,
[5.840s]                  from [01m[K/opt/ros/humble/include/pinocchio/multibody.hpp:21[m[K,
[5.840s]                  from [01m[K/opt/ros/humble/include/pinocchio/parsers/urdf.hpp:27[m[K,
[5.840s]                  from [01m[K/home/minh/gim60108_ws/src/gim_arm_hardware/include/gim_arm_hardware/gim_arm_system.hpp:25[m[K,
[5.840s]                  from [01m[K/home/minh/gim60108_ws/src/gim_arm_hardware/src/gim_arm_system.cpp:1[m[K:
[5.840s] [01m[K/usr/include/boost/variant/variant.hpp:1770:5:[m[K [01;36m[Knote: [m[Kcandidate: ‘[01m[Kboost::variant<T0, TN>::variant(boost::variant<T0, TN>&&) [with T0_ = pinocchio::JointModelRevoluteTpl<double, 0, 0>; TN = {pinocchio::JointModelRevoluteTpl<double, 0, 1>, pinocchio::JointModelRevoluteTpl<double, 0, 2>, pinocchio::JointModelFreeFlyerTpl<double, 0>, pinocchio::JointModelPlanarTpl<double, 0>, pinocchio::JointModelRevoluteUnalignedTpl<double, 0>, pinocchio::JointModelSphericalTpl<double, 0>, pinocchio::JointModelSphericalZYXTpl<double, 0>, pinocchio::JointModelEllipsoidTpl<double, 0>, pinocchio::JointModelPrismaticTpl<double, 0, 0>, pinocchio::JointModelPrismaticTpl<double, 0, 1>, pinocchio::JointModelPrismaticTpl<double, 0, 2>, pinocchio::JointModelPrismaticUnalignedTpl<double, 0>, pinocchio::JointModelTranslationTpl<double, 0>, pinocchio::JointModelRevoluteUnboundedTpl<double, 0, 0>, pinocchio::JointModelRevoluteUnboundedTpl<double, 0, 1>, pinocchio::JointModelRevoluteUnboundedTpl<double, 0, 2>, pinocchio::JointModelRevoluteUnboundedUnalignedTpl<double, 0>, pinocchio::JointModelHelicalTpl<double, 0, 0>, pinocchio::JointModelHelicalTpl<double, 0, 1>, pinocchio::JointModelHelicalTpl<double, 0, 2>, pinocchio::JointModelHelicalUnalignedTpl<double, 0>, pinocchio::JointModelUniversalTpl<double, 0>, boost::recursive_wrapper<pinocchio::JointModelCompositeTpl<double, 0, pinocchio::JointCollectionDefaultTpl> >, boost::recursive_wrapper<pinocchio::JointModelMimicTpl<double, 0, pinocchio::JointCollectionDefaultTpl> >}][m[K’
[5.840s]  1770 |     [01;36m[Kvariant[m[K(variant&& operand) BOOST_NOEXCEPT_IF(variant_move_noexcept_constructible::type::value)
[5.840s]       |     [01;36m[K^~~~~~~[m[K
[5.840s] [01m[K/usr/include/boost/variant/variant.hpp:1770:23:[m[K [01;36m[Knote: [m[K  no known conversion for argument 1 from ‘[01m[Kconst JointModelDerived[m[K’ {aka ‘[01m[Kconst pinocchio::JointModelRevoluteTpl<double, 0, 0>[m[K’} to ‘[01m[Kboost::variant<pinocchio::JointModelRevoluteTpl<double, 0, 0>, pinocchio::JointModelRevoluteTpl<double, 0, 1>, pinocchio::JointModelRevoluteTpl<double, 0, 2>, pinocchio::JointModelFreeFlyerTpl<double, 0>, pinocchio::JointModelPlanarTpl<double, 0>, pinocchio::JointModelRevoluteUnalignedTpl<double, 0>, pinocchio::JointModelSphericalTpl<double, 0>, pinocchio::JointModelSphericalZYXTpl<double, 0>, pinocchio::JointModelEllipsoidTpl<double, 0>, pinocchio::JointModelPrismaticTpl<double, 0, 0>, pinocchio::JointModelPrismaticTpl<double, 0, 1>, pinocchio::JointModelPrismaticTpl<double, 0, 2>, pinocchio::JointModelPrismaticUnalignedTpl<double, 0>, pinocchio::JointModelTranslationTpl<double, 0>, pinocchio::JointModelRevoluteUnboundedTpl<double, 0, 0>, pinocchio::JointModelRevoluteUnboundedTpl<double, 0, 1>, pinocchio::JointModelRevoluteUnboundedTpl<double, 0, 2>, pinocchio::JointModelRevoluteUnboundedUnalignedTpl<double, 0>, pinocchio::JointModelHelicalTpl<double, 0, 0>, pinocchio::JointModelHelicalTpl<double, 0, 1>, pinocchio::JointModelHelicalTpl<double, 0, 2>, pinocchio::JointModelHelicalUnalignedTpl<double, 0>, pinocchio::JointModelUniversalTpl<double, 0>, boost::recursive_wrapper<pinocchio::JointModelCompositeTpl<double, 0, pinocchio::JointCollectionDefaultTpl> >, boost::recursive_wrapper<pinocchio::JointModelMimicTpl<double, 0, pinocchio::JointCollectionDefaultTpl> > >&&[m[K’
[5.840s]  1770 |     variant([01;36m[Kvariant&& operand[m[K) BOOST_NOEXCEPT_IF(variant_move_noexcept_constructible::type::value)
[5.840s]       |             [01;36m[K~~~~~~~~~~^~~~~~~[m[K
[5.840s] [01m[K/usr/include/boost/variant/variant.hpp:1759:5:[m[K [01;36m[Knote: [m[Kcandidate: ‘[01m[Kboost::variant<T0, TN>::variant(const boost::variant<T0, TN>&) [with T0_ = pinocchio::JointModelRevoluteTpl<double, 0, 0>; TN = {pinocchio::JointModelRevoluteTpl<double, 0, 1>, pinocchio::JointModelRevoluteTpl<double, 0, 2>, pinocchio::JointModelFreeFlyerTpl<double, 0>, pinocchio::JointModelPlanarTpl<double, 0>, pinocchio::JointModelRevoluteUnalignedTpl<double, 0>, pinocchio::JointModelSphericalTpl<double, 0>, pinocchio::JointModelSphericalZYXTpl<double, 0>, pinocchio::JointModelEllipsoidTpl<double, 0>, pinocchio::JointModelPrismaticTpl<double, 0, 0>, pinocchio::JointModelPrismaticTpl<double, 0, 1>, pinocchio::JointModelPrismaticTpl<double, 0, 2>, pinocchio::JointModelPrismaticUnalignedTpl<double, 0>, pinocchio::JointModelTranslationTpl<double, 0>, pinocchio::JointModelRevoluteUnboundedTpl<double, 0, 0>, pinocchio::JointModelRevoluteUnboundedTpl<double, 0, 1>, pinocchio::JointModelRevoluteUnboundedTpl<double, 0, 2>, pinocchio::JointModelRevoluteUnboundedUnalignedTpl<double, 0>, pinocchio::JointModelHelicalTpl<double, 0, 0>, pinocchio::JointModelHelicalTpl<double, 0, 1>, pinocchio::JointModelHelicalTpl<double, 0, 2>, pinocchio::JointModelHelicalUnalignedTpl<double, 0>, pinocchio::JointModelUniversalTpl<double, 0>, boost::recursive_wrapper<pinocchio::JointModelCompositeTpl<double, 0, pinocchio::JointCollectionDefaultTpl> >, boost::recursive_wrapper<pinocchio::JointModelMimicTpl<double, 0, pinocchio::JointCollectionDefaultTpl> >}][m[K’
[5.840s]  1759 |     [01;36m[Kvariant[m[K(const variant& operand)
[5.840s]       |     [01;36m[K^~~~~~~[m[K
[5.840s] [01m[K/usr/include/boost/variant/variant.hpp:1759:28:[m[K [01;36m[Knote: [m[K  no known conversion for argument 1 from ‘[01m[Kconst JointModelDerived[m[K’ {aka ‘[01m[Kconst pinocchio::JointModelRevoluteTpl<double, 0, 0>[m[K’} to ‘[01m[Kconst boost::variant<pinocchio::JointModelRevoluteTpl<double, 0, 0>, pinocchio::JointModelRevoluteTpl<double, 0, 1>, pinocchio::JointModelRevoluteTpl<double, 0, 2>, pinocchio::JointModelFreeFlyerTpl<double, 0>, pinocchio::JointModelPlanarTpl<double, 0>, pinocchio::JointModelRevoluteUnalignedTpl<double, 0>, pinocchio::JointModelSphericalTpl<double, 0>, pinocchio::JointModelSphericalZYXTpl<double, 0>, pinocchio::JointModelEllipsoidTpl<double, 0>, pinocchio::JointModelPrismaticTpl<double, 0, 0>, pinocchio::JointModelPrismaticTpl<double, 0, 1>, pinocchio::JointModelPrismaticTpl<double, 0, 2>, pinocchio::JointModelPrismaticUnalignedTpl<double, 0>, pinocchio::JointModelTranslationTpl<double, 0>, pinocchio::JointModelRevoluteUnboundedTpl<double, 0, 0>, pinocchio::JointModelRevoluteUnboundedTpl<double, 0, 1>, pinocchio::JointModelRevoluteUnboundedTpl<double, 0, 2>, pinocchio::JointModelRevoluteUnboundedUnalignedTpl<double, 0>, pinocchio::JointModelHelicalTpl<double, 0, 0>, pinocchio::JointModelHelicalTpl<double, 0, 1>, pinocchio::JointModelHelicalTpl<double, 0, 2>, pinocchio::JointModelHelicalUnalignedTpl<double, 0>, pinocchio::JointModelUniversalTpl<double, 0>, boost::recursive_wrapper<pinocchio::JointModelCompositeTpl<double, 0, pinocchio::JointCollectionDefaultTpl> >, boost::recursive_wrapper<pinocchio::JointModelMimicTpl<double, 0, pinocchio::JointCollectionDefaultTpl> > >&[m[K’
[5.840s]  1759 |     variant([01;36m[Kconst variant& operand[m[K)
[5.840s]       |             [01;36m[K~~~~~~~~~~~~~~~^~~~~~~[m[K
[5.840s] [01m[K/usr/include/boost/variant/variant.hpp:1375:5:[m[K [01;36m[Knote: [m[Kcandidate: ‘[01m[Kboost::variant<T0, TN>::variant() [with T0_ = pinocchio::JointModelRevoluteTpl<double, 0, 0>; TN = {pinocchio::JointModelRevoluteTpl<double, 0, 1>, pinocchio::JointModelRevoluteTpl<double, 0, 2>, pinocchio::JointModelFreeFlyerTpl<double, 0>, pinocchio::JointModelPlanarTpl<double, 0>, pinocchio::JointModelRevoluteUnalignedTpl<double, 0>, pinocchio::JointModelSphericalTpl<double, 0>, pinocchio::JointModelSphericalZYXTpl<double, 0>, pinocchio::JointModelEllipsoidTpl<double, 0>, pinocchio::JointModelPrismaticTpl<double, 0, 0>, pinocchio::JointModelPrismaticTpl<double, 0, 1>, pinocchio::JointModelPrismaticTpl<double, 0, 2>, pinocchio::JointModelPrismaticUnalignedTpl<double, 0>, pinocchio::JointModelTranslationTpl<double, 0>, pinocchio::JointModelRevoluteUnboundedTpl<double, 0, 0>, pinocchio::JointModelRevoluteUnboundedTpl<double, 0, 1>, pinocchio::JointModelRevoluteUnboundedTpl<double, 0, 2>, pinocchio::JointModelRevoluteUnboundedUnalignedTpl<double, 0>, pinocchio::JointModelHelicalTpl<double, 0, 0>, pinocchio::JointModelHelicalTpl<double, 0, 1>, pinocchio::JointModelHelicalTpl<double, 0, 2>, pinocchio::JointModelHelicalUnalignedTpl<double, 0>, pinocchio::JointModelUniversalTpl<double, 0>, boost::recursive_wrapper<pinocchio::JointModelCompositeTpl<double, 0, pinocchio::JointCollectionDefaultTpl> >, boost::recursive_wrapper<pinocchio::JointModelMimicTpl<double, 0, pinocchio::JointCollectionDefaultTpl> >}][m[K’
[5.840s]  1375 |     [01;36m[Kvariant[m[K()
[5.840s]       |     [01;36m[K^~~~~~~[m[K
[5.840s] [01m[K/usr/include/boost/variant/variant.hpp:1375:5:[m[K [01;36m[Knote: [m[K  candidate expects 0 arguments, 1 provided
[5.840s] In file included from [01m[K/opt/ros/humble/include/pinocchio/multibody/joint.hpp:84[m[K,
[5.840s]                  from [01m[K/opt/ros/humble/include/pinocchio/multibody.hpp:43[m[K,
[5.840s]                  from [01m[K/opt/ros/humble/include/pinocchio/parsers/urdf.hpp:27[m[K,
[5.840s]                  from [01m[K/home/minh/gim60108_ws/src/gim_arm_hardware/include/gim_arm_hardware/gim_arm_system.hpp:25[m[K,
[5.840s]                  from [01m[K/home/minh/gim60108_ws/src/gim_arm_hardware/src/gim_arm_system.cpp:1[m[K:
[5.840s] /opt/ros/humble/include/pinocchio/src/multibody/joint/joint-generic.hxx: In instantiation of ‘[01m[Kpinocchio::JointModelTpl<Scalar, Options, JointCollectionTpl>::JointModelTpl(const pinocchio::JointModelBase<OtherDerived>&) [with JointModelDerived = pinocchio::JointModelRevoluteTpl<double, 0, 1>; _Scalar = double; int _Options = 0; JointCollectionTpl = pinocchio::JointCollectionDefaultTpl][m[K’:
[5.840s] [01m[K/opt/ros/humble/include/pinocchio/src/parsers/urdf/model.hxx:502:34:[m[K   required from ‘[01m[Kpinocchio::JointIndex pinocchio::urdf::details::UrdfVisitor::addJoint(const Vector3&, const Frame&, const SE3&, const string&, const VectorConstRef&, const VectorConstRef&, const VectorConstRef&, const VectorConstRef&, const VectorConstRef&, const VectorConstRef&, const VectorConstRef&, const VectorConstRef&, const VectorConstRef&, const VectorConstRef&) [with TypeX = pinocchio::JointModelRevoluteTpl<double, 0, 0>; TypeY = pinocchio::JointModelRevoluteTpl<double, 0, 1>; TypeZ = pinocchio::JointModelRevoluteTpl<double, 0, 2>; TypeUnaligned = pinocchio::JointModelRevoluteUnalignedTpl<double>; pinocchio::JointIndex = long unsigned int; pinocchio::urdf::details::UrdfVisitor::Vector3 = Eigen::Matrix<double, 3, 1>; pinocchio::urdf::details::UrdfVisitor::Frame = pinocchio::FrameTpl<double, 0>; pinocchio::urdf::details::UrdfVisitor::SE3 = pinocchio::SE3Tpl<double, 0>; std::string = std::__cxx11::basic_string<char>; pinocchio::urdf::details::UrdfVisitor::VectorConstRef = Eigen::Ref<const Eigen::Matrix<double, -1, 1> >][m[K’
[5.840s] [01m[K/opt/ros/humble/include/pinocchio/src/parsers/urdf/model.hxx:245:69:[m[K   required from here
[5.840s] [01m[K/opt/ros/humble/include/pinocchio/src/multibody/joint/joint-generic.hxx:306:25:[m[K [01;31m[Kerror: [m[Kno matching function for call to ‘[01m[Kboost::variant<pinocchio::JointModelRevoluteTpl<double, 0, 0>, pinocchio::JointModelRevoluteTpl<double, 0, 1>, pinocchio::JointModelRevoluteTpl<double, 0, 2>, pinocchio::JointModelFreeFlyerTpl<double, 0>, pinocchio::JointModelPlanarTpl<double, 0>, pinocchio::JointModelRevoluteUnalignedTpl<double, 0>, pinocchio::JointModelSphericalTpl<double, 0>, pinocchio::JointModelSphericalZYXTpl<double, 0>, pinocchio::JointModelEllipsoidTpl<double, 0>, pinocchio::JointModelPrismaticTpl<double, 0, 0>, pinocchio::JointModelPrismaticTpl<double, 0, 1>, pinocchio::JointModelPrismaticTpl<double, 0, 2>, pinocchio::JointModelPrismaticUnalignedTpl<double, 0>, pinocchio::JointModelTranslationTpl<double, 0>, pinocchio::JointModelRevoluteUnboundedTpl<double, 0, 0>, pinocchio::JointModelRevoluteUnboundedTpl<double, 0, 1>, pinocchio::JointModelRevoluteUnboundedTpl<double, 0, 2>, pinocchio::JointModelRevoluteUnboundedUnalignedTpl<double, 0>, pinocchio::JointModelHelicalTpl<double, 0, 0>, pinocchio::JointModelHelicalTpl<double, 0, 1>, pinocchio::JointModelHelicalTpl<double, 0, 2>, pinocchio::JointModelHelicalUnalignedTpl<double, 0>, pinocchio::JointModelUniversalTpl<double, 0>, boost::recursive_wrapper<pinocchio::JointModelCompositeTpl<double, 0, pinocchio::JointCollectionDefaultTpl> >, boost::recursive_wrapper<pinocchio::JointModelMimicTpl<double, 0, pinocchio::JointCollectionDefaultTpl> > >::variant(const JointModelDerived&)[m[K’
[5.840s]   306 |     : JointModelVariant([01;31m[K(JointModelVariant)jmodel.derived()[m[K)
[5.840s]       |                         [01;31m[K^~~~~~~~~~~~~~~~~~~~~~~~~~~~~~~~~~~[m[K
[5.840s] In file included from [01m[K/usr/include/boost/variant.hpp:17[m[K,
[5.840s]                  from [01m[K/opt/ros/humble/include/pinocchio/multibody.hpp:21[m[K,
[5.840s]                  from [01m[K/opt/ros/humble/include/pinocchio/parsers/urdf.hpp:27[m[K,
[5.840s]                  from [01m[K/home/minh/gim60108_ws/src/gim_arm_hardware/include/gim_arm_hardware/gim_arm_system.hpp:25[m[K,
[5.841s]                  from [01m[K/home/minh/gim60108_ws/src/gim_arm_hardware/src/gim_arm_system.cpp:1[m[K:
[5.841s] [01m[K/usr/include/boost/variant/variant.hpp:1770:5:[m[K [01;36m[Knote: [m[Kcandidate: ‘[01m[Kboost::variant<T0, TN>::variant(boost::variant<T0, TN>&&) [with T0_ = pinocchio::JointModelRevoluteTpl<double, 0, 0>; TN = {pinocchio::JointModelRevoluteTpl<double, 0, 1>, pinocchio::JointModelRevoluteTpl<double, 0, 2>, pinocchio::JointModelFreeFlyerTpl<double, 0>, pinocchio::JointModelPlanarTpl<double, 0>, pinocchio::JointModelRevoluteUnalignedTpl<double, 0>, pinocchio::JointModelSphericalTpl<double, 0>, pinocchio::JointModelSphericalZYXTpl<double, 0>, pinocchio::JointModelEllipsoidTpl<double, 0>, pinocchio::JointModelPrismaticTpl<double, 0, 0>, pinocchio::JointModelPrismaticTpl<double, 0, 1>, pinocchio::JointModelPrismaticTpl<double, 0, 2>, pinocchio::JointModelPrismaticUnalignedTpl<double, 0>, pinocchio::JointModelTranslationTpl<double, 0>, pinocchio::JointModelRevoluteUnboundedTpl<double, 0, 0>, pinocchio::JointModelRevoluteUnboundedTpl<double, 0, 1>, pinocchio::JointModelRevoluteUnboundedTpl<double, 0, 2>, pinocchio::JointModelRevoluteUnboundedUnalignedTpl<double, 0>, pinocchio::JointModelHelicalTpl<double, 0, 0>, pinocchio::JointModelHelicalTpl<double, 0, 1>, pinocchio::JointModelHelicalTpl<double, 0, 2>, pinocchio::JointModelHelicalUnalignedTpl<double, 0>, pinocchio::JointModelUniversalTpl<double, 0>, boost::recursive_wrapper<pinocchio::JointModelCompositeTpl<double, 0, pinocchio::JointCollectionDefaultTpl> >, boost::recursive_wrapper<pinocchio::JointModelMimicTpl<double, 0, pinocchio::JointCollectionDefaultTpl> >}][m[K’
[5.841s]  1770 |     [01;36m[Kvariant[m[K(variant&& operand) BOOST_NOEXCEPT_IF(variant_move_noexcept_constructible::type::value)
[5.841s]       |     [01;36m[K^~~~~~~[m[K
[5.841s] [01m[K/usr/include/boost/variant/variant.hpp:1770:23:[m[K [01;36m[Knote: [m[K  no known conversion for argument 1 from ‘[01m[Kconst JointModelDerived[m[K’ {aka ‘[01m[Kconst pinocchio::JointModelRevoluteTpl<double, 0, 1>[m[K’} to ‘[01m[Kboost::variant<pinocchio::JointModelRevoluteTpl<double, 0, 0>, pinocchio::JointModelRevoluteTpl<double, 0, 1>, pinocchio::JointModelRevoluteTpl<double, 0, 2>, pinocchio::JointModelFreeFlyerTpl<double, 0>, pinocchio::JointModelPlanarTpl<double, 0>, pinocchio::JointModelRevoluteUnalignedTpl<double, 0>, pinocchio::JointModelSphericalTpl<double, 0>, pinocchio::JointModelSphericalZYXTpl<double, 0>, pinocchio::JointModelEllipsoidTpl<double, 0>, pinocchio::JointModelPrismaticTpl<double, 0, 0>, pinocchio::JointModelPrismaticTpl<double, 0, 1>, pinocchio::JointModelPrismaticTpl<double, 0, 2>, pinocchio::JointModelPrismaticUnalignedTpl<double, 0>, pinocchio::JointModelTranslationTpl<double, 0>, pinocchio::JointModelRevoluteUnboundedTpl<double, 0, 0>, pinocchio::JointModelRevoluteUnboundedTpl<double, 0, 1>, pinocchio::JointModelRevoluteUnboundedTpl<double, 0, 2>, pinocchio::JointModelRevoluteUnboundedUnalignedTpl<double, 0>, pinocchio::JointModelHelicalTpl<double, 0, 0>, pinocchio::JointModelHelicalTpl<double, 0, 1>, pinocchio::JointModelHelicalTpl<double, 0, 2>, pinocchio::JointModelHelicalUnalignedTpl<double, 0>, pinocchio::JointModelUniversalTpl<double, 0>, boost::recursive_wrapper<pinocchio::JointModelCompositeTpl<double, 0, pinocchio::JointCollectionDefaultTpl> >, boost::recursive_wrapper<pinocchio::JointModelMimicTpl<double, 0, pinocchio::JointCollectionDefaultTpl> > >&&[m[K’
[5.841s]  1770 |     variant([01;36m[Kvariant&& operand[m[K) BOOST_NOEXCEPT_IF(variant_move_noexcept_constructible::type::value)
[5.841s]       |             [01;36m[K~~~~~~~~~~^~~~~~~[m[K
[5.841s] [01m[K/usr/include/boost/variant/variant.hpp:1759:5:[m[K [01;36m[Knote: [m[Kcandidate: ‘[01m[Kboost::variant<T0, TN>::variant(const boost::variant<T0, TN>&) [with T0_ = pinocchio::JointModelRevoluteTpl<double, 0, 0>; TN = {pinocchio::JointModelRevoluteTpl<double, 0, 1>, pinocchio::JointModelRevoluteTpl<double, 0, 2>, pinocchio::JointModelFreeFlyerTpl<double, 0>, pinocchio::JointModelPlanarTpl<double, 0>, pinocchio::JointModelRevoluteUnalignedTpl<double, 0>, pinocchio::JointModelSphericalTpl<double, 0>, pinocchio::JointModelSphericalZYXTpl<double, 0>, pinocchio::JointModelEllipsoidTpl<double, 0>, pinocchio::JointModelPrismaticTpl<double, 0, 0>, pinocchio::JointModelPrismaticTpl<double, 0, 1>, pinocchio::JointModelPrismaticTpl<double, 0, 2>, pinocchio::JointModelPrismaticUnalignedTpl<double, 0>, pinocchio::JointModelTranslationTpl<double, 0>, pinocchio::JointModelRevoluteUnboundedTpl<double, 0, 0>, pinocchio::JointModelRevoluteUnboundedTpl<double, 0, 1>, pinocchio::JointModelRevoluteUnboundedTpl<double, 0, 2>, pinocchio::JointModelRevoluteUnboundedUnalignedTpl<double, 0>, pinocchio::JointModelHelicalTpl<double, 0, 0>, pinocchio::JointModelHelicalTpl<double, 0, 1>, pinocchio::JointModelHelicalTpl<double, 0, 2>, pinocchio::JointModelHelicalUnalignedTpl<double, 0>, pinocchio::JointModelUniversalTpl<double, 0>, boost::recursive_wrapper<pinocchio::JointModelCompositeTpl<double, 0, pinocchio::JointCollectionDefaultTpl> >, boost::recursive_wrapper<pinocchio::JointModelMimicTpl<double, 0, pinocchio::JointCollectionDefaultTpl> >}][m[K’
[5.841s]  1759 |     [01;36m[Kvariant[m[K(const variant& operand)
[5.841s]       |     [01;36m[K^~~~~~~[m[K
[5.841s] [01m[K/usr/include/boost/variant/variant.hpp:1759:28:[m[K [01;36m[Knote: [m[K  no known conversion for argument 1 from ‘[01m[Kconst JointModelDerived[m[K’ {aka ‘[01m[Kconst pinocchio::JointModelRevoluteTpl<double, 0, 1>[m[K’} to ‘[01m[Kconst boost::variant<pinocchio::JointModelRevoluteTpl<double, 0, 0>, pinocchio::JointModelRevoluteTpl<double, 0, 1>, pinocchio::JointModelRevoluteTpl<double, 0, 2>, pinocchio::JointModelFreeFlyerTpl<double, 0>, pinocchio::JointModelPlanarTpl<double, 0>, pinocchio::JointModelRevoluteUnalignedTpl<double, 0>, pinocchio::JointModelSphericalTpl<double, 0>, pinocchio::JointModelSphericalZYXTpl<double, 0>, pinocchio::JointModelEllipsoidTpl<double, 0>, pinocchio::JointModelPrismaticTpl<double, 0, 0>, pinocchio::JointModelPrismaticTpl<double, 0, 1>, pinocchio::JointModelPrismaticTpl<double, 0, 2>, pinocchio::JointModelPrismaticUnalignedTpl<double, 0>, pinocchio::JointModelTranslationTpl<double, 0>, pinocchio::JointModelRevoluteUnboundedTpl<double, 0, 0>, pinocchio::JointModelRevoluteUnboundedTpl<double, 0, 1>, pinocchio::JointModelRevoluteUnboundedTpl<double, 0, 2>, pinocchio::JointModelRevoluteUnboundedUnalignedTpl<double, 0>, pinocchio::JointModelHelicalTpl<double, 0, 0>, pinocchio::JointModelHelicalTpl<double, 0, 1>, pinocchio::JointModelHelicalTpl<double, 0, 2>, pinocchio::JointModelHelicalUnalignedTpl<double, 0>, pinocchio::JointModelUniversalTpl<double, 0>, boost::recursive_wrapper<pinocchio::JointModelCompositeTpl<double, 0, pinocchio::JointCollectionDefaultTpl> >, boost::recursive_wrapper<pinocchio::JointModelMimicTpl<double, 0, pinocchio::JointCollectionDefaultTpl> > >&[m[K’
[5.841s]  1759 |     variant([01;36m[Kconst variant& operand[m[K)
[5.841s]       |             [01;36m[K~~~~~~~~~~~~~~~^~~~~~~[m[K
[5.841s] [01m[K/usr/include/boost/variant/variant.hpp:1375:5:[m[K [01;36m[Knote: [m[Kcandidate: ‘[01m[Kboost::variant<T0, TN>::variant() [with T0_ = pinocchio::JointModelRevoluteTpl<double, 0, 0>; TN = {pinocchio::JointModelRevoluteTpl<double, 0, 1>, pinocchio::JointModelRevoluteTpl<double, 0, 2>, pinocchio::JointModelFreeFlyerTpl<double, 0>, pinocchio::JointModelPlanarTpl<double, 0>, pinocchio::JointModelRevoluteUnalignedTpl<double, 0>, pinocchio::JointModelSphericalTpl<double, 0>, pinocchio::JointModelSphericalZYXTpl<double, 0>, pinocchio::JointModelEllipsoidTpl<double, 0>, pinocchio::JointModelPrismaticTpl<double, 0, 0>, pinocchio::JointModelPrismaticTpl<double, 0, 1>, pinocchio::JointModelPrismaticTpl<double, 0, 2>, pinocchio::JointModelPrismaticUnalignedTpl<double, 0>, pinocchio::JointModelTranslationTpl<double, 0>, pinocchio::JointModelRevoluteUnboundedTpl<double, 0, 0>, pinocchio::JointModelRevoluteUnboundedTpl<double, 0, 1>, pinocchio::JointModelRevoluteUnboundedTpl<double, 0, 2>, pinocchio::JointModelRevoluteUnboundedUnalignedTpl<double, 0>, pinocchio::JointModelHelicalTpl<double, 0, 0>, pinocchio::JointModelHelicalTpl<double, 0, 1>, pinocchio::JointModelHelicalTpl<double, 0, 2>, pinocchio::JointModelHelicalUnalignedTpl<double, 0>, pinocchio::JointModelUniversalTpl<double, 0>, boost::recursive_wrapper<pinocchio::JointModelCompositeTpl<double, 0, pinocchio::JointCollectionDefaultTpl> >, boost::recursive_wrapper<pinocchio::JointModelMimicTpl<double, 0, pinocchio::JointCollectionDefaultTpl> >}][m[K’
[5.841s]  1375 |     [01;36m[Kvariant[m[K()
[5.841s]       |     [01;36m[K^~~~~~~[m[K
[5.841s] [01m[K/usr/include/boost/variant/variant.hpp:1375:5:[m[K [01;36m[Knote: [m[K  candidate expects 0 arguments, 1 provided
[5.841s] In file included from [01m[K/opt/ros/humble/include/pinocchio/multibody/joint.hpp:84[m[K,
[5.841s]                  from [01m[K/opt/ros/humble/include/pinocchio/multibody.hpp:43[m[K,
[5.841s]                  from [01m[K/opt/ros/humble/include/pinocchio/parsers/urdf.hpp:27[m[K,
[5.841s]                  from [01m[K/home/minh/gim60108_ws/src/gim_arm_hardware/include/gim_arm_hardware/gim_arm_system.hpp:25[m[K,
[5.841s]                  from [01m[K/home/minh/gim60108_ws/src/gim_arm_hardware/src/gim_arm_system.cpp:1[m[K:
[5.841s] /opt/ros/humble/include/pinocchio/src/multibody/joint/joint-generic.hxx: In instantiation of ‘[01m[Kpinocchio::JointModelTpl<Scalar, Options, JointCollectionTpl>::JointModelTpl(const pinocchio::JointModelBase<OtherDerived>&) [with JointModelDerived = pinocchio::JointModelRevoluteTpl<double, 0, 2>; _Scalar = double; int _Options = 0; JointCollectionTpl = pinocchio::JointCollectionDefaultTpl][m[K’:
[5.841s] [01m[K/opt/ros/humble/include/pinocchio/src/parsers/urdf/model.hxx:509:34:[m[K   required from ‘[01m[Kpinocchio::JointIndex pinocchio::urdf::details::UrdfVisitor::addJoint(const Vector3&, const Frame&, const SE3&, const string&, const VectorConstRef&, const VectorConstRef&, const VectorConstRef&, const VectorConstRef&, const VectorConstRef&, const VectorConstRef&, const VectorConstRef&, const VectorConstRef&, const VectorConstRef&, const VectorConstRef&) [with TypeX = pinocchio::JointModelRevoluteTpl<double, 0, 0>; TypeY = pinocchio::JointModelRevoluteTpl<double, 0, 1>; TypeZ = pinocchio::JointModelRevoluteTpl<double, 0, 2>; TypeUnaligned = pinocchio::JointModelRevoluteUnalignedTpl<double>; pinocchio::JointIndex = long unsigned int; pinocchio::urdf::details::UrdfVisitor::Vector3 = Eigen::Matrix<double, 3, 1>; pinocchio::urdf::details::UrdfVisitor::Frame = pinocchio::FrameTpl<double, 0>; pinocchio::urdf::details::UrdfVisitor::SE3 = pinocchio::SE3Tpl<double, 0>; std::string = std::__cxx11::basic_string<char>; pinocchio::urdf::details::UrdfVisitor::VectorConstRef = Eigen::Ref<const Eigen::Matrix<double, -1, 1> >][m[K’
[5.841s] [01m[K/opt/ros/humble/include/pinocchio/src/parsers/urdf/model.hxx:245:69:[m[K   required from here
[5.841s] [01m[K/opt/ros/humble/include/pinocchio/src/multibody/joint/joint-generic.hxx:306:25:[m[K [01;31m[Kerror: [m[Kno matching function for call to ‘[01m[Kboost::variant<pinocchio::JointModelRevoluteTpl<double, 0, 0>, pinocchio::JointModelRevoluteTpl<double, 0, 1>, pinocchio::JointModelRevoluteTpl<double, 0, 2>, pinocchio::JointModelFreeFlyerTpl<double, 0>, pinocchio::JointModelPlanarTpl<double, 0>, pinocchio::JointModelRevoluteUnalignedTpl<double, 0>, pinocchio::JointModelSphericalTpl<double, 0>, pinocchio::JointModelSphericalZYXTpl<double, 0>, pinocchio::JointModelEllipsoidTpl<double, 0>, pinocchio::JointModelPrismaticTpl<double, 0, 0>, pinocchio::JointModelPrismaticTpl<double, 0, 1>, pinocchio::JointModelPrismaticTpl<double, 0, 2>, pinocchio::JointModelPrismaticUnalignedTpl<double, 0>, pinocchio::JointModelTranslationTpl<double, 0>, pinocchio::JointModelRevoluteUnboundedTpl<double, 0, 0>, pinocchio::JointModelRevoluteUnboundedTpl<double, 0, 1>, pinocchio::JointModelRevoluteUnboundedTpl<double, 0, 2>, pinocchio::JointModelRevoluteUnboundedUnalignedTpl<double, 0>, pinocchio::JointModelHelicalTpl<double, 0, 0>, pinocchio::JointModelHelicalTpl<double, 0, 1>, pinocchio::JointModelHelicalTpl<double, 0, 2>, pinocchio::JointModelHelicalUnalignedTpl<double, 0>, pinocchio::JointModelUniversalTpl<double, 0>, boost::recursive_wrapper<pinocchio::JointModelCompositeTpl<double, 0, pinocchio::JointCollectionDefaultTpl> >, boost::recursive_wrapper<pinocchio::JointModelMimicTpl<double, 0, pinocchio::JointCollectionDefaultTpl> > >::variant(const JointModelDerived&)[m[K’
[5.841s]   306 |     : JointModelVariant([01;31m[K(JointModelVariant)jmodel.derived()[m[K)
[5.841s]       |                         [01;31m[K^~~~~~~~~~~~~~~~~~~~~~~~~~~~~~~~~~~[m[K
[5.841s] In file included from [01m[K/usr/include/boost/variant.hpp:17[m[K,
[5.841s]                  from [01m[K/opt/ros/humble/include/pinocchio/multibody.hpp:21[m[K,
[5.841s]                  from [01m[K/opt/ros/humble/include/pinocchio/parsers/urdf.hpp:27[m[K,
[5.841s]                  from [01m[K/home/minh/gim60108_ws/src/gim_arm_hardware/include/gim_arm_hardware/gim_arm_system.hpp:25[m[K,
[5.841s]                  from [01m[K/home/minh/gim60108_ws/src/gim_arm_hardware/src/gim_arm_system.cpp:1[m[K:
[5.841s] [01m[K/usr/include/boost/variant/variant.hpp:1770:5:[m[K [01;36m[Knote: [m[Kcandidate: ‘[01m[Kboost::variant<T0, TN>::variant(boost::variant<T0, TN>&&) [with T0_ = pinocchio::JointModelRevoluteTpl<double, 0, 0>; TN = {pinocchio::JointModelRevoluteTpl<double, 0, 1>, pinocchio::JointModelRevoluteTpl<double, 0, 2>, pinocchio::JointModelFreeFlyerTpl<double, 0>, pinocchio::JointModelPlanarTpl<double, 0>, pinocchio::JointModelRevoluteUnalignedTpl<double, 0>, pinocchio::JointModelSphericalTpl<double, 0>, pinocchio::JointModelSphericalZYXTpl<double, 0>, pinocchio::JointModelEllipsoidTpl<double, 0>, pinocchio::JointModelPrismaticTpl<double, 0, 0>, pinocchio::JointModelPrismaticTpl<double, 0, 1>, pinocchio::JointModelPrismaticTpl<double, 0, 2>, pinocchio::JointModelPrismaticUnalignedTpl<double, 0>, pinocchio::JointModelTranslationTpl<double, 0>, pinocchio::JointModelRevoluteUnboundedTpl<double, 0, 0>, pinocchio::JointModelRevoluteUnboundedTpl<double, 0, 1>, pinocchio::JointModelRevoluteUnboundedTpl<double, 0, 2>, pinocchio::JointModelRevoluteUnboundedUnalignedTpl<double, 0>, pinocchio::JointModelHelicalTpl<double, 0, 0>, pinocchio::JointModelHelicalTpl<double, 0, 1>, pinocchio::JointModelHelicalTpl<double, 0, 2>, pinocchio::JointModelHelicalUnalignedTpl<double, 0>, pinocchio::JointModelUniversalTpl<double, 0>, boost::recursive_wrapper<pinocchio::JointModelCompositeTpl<double, 0, pinocchio::JointCollectionDefaultTpl> >, boost::recursive_wrapper<pinocchio::JointModelMimicTpl<double, 0, pinocchio::JointCollectionDefaultTpl> >}][m[K’
[5.841s]  1770 |     [01;36m[Kvariant[m[K(variant&& operand) BOOST_NOEXCEPT_IF(variant_move_noexcept_constructible::type::value)
[5.841s]       |     [01;36m[K^~~~~~~[m[K
[5.841s] [01m[K/usr/include/boost/variant/variant.hpp:1770:23:[m[K [01;36m[Knote: [m[K  no known conversion for argument 1 from ‘[01m[Kconst JointModelDerived[m[K’ {aka ‘[01m[Kconst pinocchio::JointModelRevoluteTpl<double, 0, 2>[m[K’} to ‘[01m[Kboost::variant<pinocchio::JointModelRevoluteTpl<double, 0, 0>, pinocchio::JointModelRevoluteTpl<double, 0, 1>, pinocchio::JointModelRevoluteTpl<double, 0, 2>, pinocchio::JointModelFreeFlyerTpl<double, 0>, pinocchio::JointModelPlanarTpl<double, 0>, pinocchio::JointModelRevoluteUnalignedTpl<double, 0>, pinocchio::JointModelSphericalTpl<double, 0>, pinocchio::JointModelSphericalZYXTpl<double, 0>, pinocchio::JointModelEllipsoidTpl<double, 0>, pinocchio::JointModelPrismaticTpl<double, 0, 0>, pinocchio::JointModelPrismaticTpl<double, 0, 1>, pinocchio::JointModelPrismaticTpl<double, 0, 2>, pinocchio::JointModelPrismaticUnalignedTpl<double, 0>, pinocchio::JointModelTranslationTpl<double, 0>, pinocchio::JointModelRevoluteUnboundedTpl<double, 0, 0>, pinocchio::JointModelRevoluteUnboundedTpl<double, 0, 1>, pinocchio::JointModelRevoluteUnboundedTpl<double, 0, 2>, pinocchio::JointModelRevoluteUnboundedUnalignedTpl<double, 0>, pinocchio::JointModelHelicalTpl<double, 0, 0>, pinocchio::JointModelHelicalTpl<double, 0, 1>, pinocchio::JointModelHelicalTpl<double, 0, 2>, pinocchio::JointModelHelicalUnalignedTpl<double, 0>, pinocchio::JointModelUniversalTpl<double, 0>, boost::recursive_wrapper<pinocchio::JointModelCompositeTpl<double, 0, pinocchio::JointCollectionDefaultTpl> >, boost::recursive_wrapper<pinocchio::JointModelMimicTpl<double, 0, pinocchio::JointCollectionDefaultTpl> > >&&[m[K’
[5.841s]  1770 |     variant([01;36m[Kvariant&& operand[m[K) BOOST_NOEXCEPT_IF(variant_move_noexcept_constructible::type::value)
[5.841s]       |             [01;36m[K~~~~~~~~~~^~~~~~~[m[K
[5.842s] [01m[K/usr/include/boost/variant/variant.hpp:1759:5:[m[K [01;36m[Knote: [m[Kcandidate: ‘[01m[Kboost::variant<T0, TN>::variant(const boost::variant<T0, TN>&) [with T0_ = pinocchio::JointModelRevoluteTpl<double, 0, 0>; TN = {pinocchio::JointModelRevoluteTpl<double, 0, 1>, pinocchio::JointModelRevoluteTpl<double, 0, 2>, pinocchio::JointModelFreeFlyerTpl<double, 0>, pinocchio::JointModelPlanarTpl<double, 0>, pinocchio::JointModelRevoluteUnalignedTpl<double, 0>, pinocchio::JointModelSphericalTpl<double, 0>, pinocchio::JointModelSphericalZYXTpl<double, 0>, pinocchio::JointModelEllipsoidTpl<double, 0>, pinocchio::JointModelPrismaticTpl<double, 0, 0>, pinocchio::JointModelPrismaticTpl<double, 0, 1>, pinocchio::JointModelPrismaticTpl<double, 0, 2>, pinocchio::JointModelPrismaticUnalignedTpl<double, 0>, pinocchio::JointModelTranslationTpl<double, 0>, pinocchio::JointModelRevoluteUnboundedTpl<double, 0, 0>, pinocchio::JointModelRevoluteUnboundedTpl<double, 0, 1>, pinocchio::JointModelRevoluteUnboundedTpl<double, 0, 2>, pinocchio::JointModelRevoluteUnboundedUnalignedTpl<double, 0>, pinocchio::JointModelHelicalTpl<double, 0, 0>, pinocchio::JointModelHelicalTpl<double, 0, 1>, pinocchio::JointModelHelicalTpl<double, 0, 2>, pinocchio::JointModelHelicalUnalignedTpl<double, 0>, pinocchio::JointModelUniversalTpl<double, 0>, boost::recursive_wrapper<pinocchio::JointModelCompositeTpl<double, 0, pinocchio::JointCollectionDefaultTpl> >, boost::recursive_wrapper<pinocchio::JointModelMimicTpl<double, 0, pinocchio::JointCollectionDefaultTpl> >}][m[K’
[5.842s]  1759 |     [01;36m[Kvariant[m[K(const variant& operand)
[5.842s]       |     [01;36m[K^~~~~~~[m[K
[5.842s] [01m[K/usr/include/boost/variant/variant.hpp:1759:28:[m[K [01;36m[Knote: [m[K  no known conversion for argument 1 from ‘[01m[Kconst JointModelDerived[m[K’ {aka ‘[01m[Kconst pinocchio::JointModelRevoluteTpl<double, 0, 2>[m[K’} to ‘[01m[Kconst boost::variant<pinocchio::JointModelRevoluteTpl<double, 0, 0>, pinocchio::JointModelRevoluteTpl<double, 0, 1>, pinocchio::JointModelRevoluteTpl<double, 0, 2>, pinocchio::JointModelFreeFlyerTpl<double, 0>, pinocchio::JointModelPlanarTpl<double, 0>, pinocchio::JointModelRevoluteUnalignedTpl<double, 0>, pinocchio::JointModelSphericalTpl<double, 0>, pinocchio::JointModelSphericalZYXTpl<double, 0>, pinocchio::JointModelEllipsoidTpl<double, 0>, pinocchio::JointModelPrismaticTpl<double, 0, 0>, pinocchio::JointModelPrismaticTpl<double, 0, 1>, pinocchio::JointModelPrismaticTpl<double, 0, 2>, pinocchio::JointModelPrismaticUnalignedTpl<double, 0>, pinocchio::JointModelTranslationTpl<double, 0>, pinocchio::JointModelRevoluteUnboundedTpl<double, 0, 0>, pinocchio::JointModelRevoluteUnboundedTpl<double, 0, 1>, pinocchio::JointModelRevoluteUnboundedTpl<double, 0, 2>, pinocchio::JointModelRevoluteUnboundedUnalignedTpl<double, 0>, pinocchio::JointModelHelicalTpl<double, 0, 0>, pinocchio::JointModelHelicalTpl<double, 0, 1>, pinocchio::JointModelHelicalTpl<double, 0, 2>, pinocchio::JointModelHelicalUnalignedTpl<double, 0>, pinocchio::JointModelUniversalTpl<double, 0>, boost::recursive_wrapper<pinocchio::JointModelCompositeTpl<double, 0, pinocchio::JointCollectionDefaultTpl> >, boost::recursive_wrapper<pinocchio::JointModelMimicTpl<double, 0, pinocchio::JointCollectionDefaultTpl> > >&[m[K’
[5.842s]  1759 |     variant([01;36m[Kconst variant& operand[m[K)
[5.842s]       |             [01;36m[K~~~~~~~~~~~~~~~^~~~~~~[m[K
[5.842s] [01m[K/usr/include/boost/variant/variant.hpp:1375:5:[m[K [01;36m[Knote: [m[Kcandidate: ‘[01m[Kboost::variant<T0, TN>::variant() [with T0_ = pinocchio::JointModelRevoluteTpl<double, 0, 0>; TN = {pinocchio::JointModelRevoluteTpl<double, 0, 1>, pinocchio::JointModelRevoluteTpl<double, 0, 2>, pinocchio::JointModelFreeFlyerTpl<double, 0>, pinocchio::JointModelPlanarTpl<double, 0>, pinocchio::JointModelRevoluteUnalignedTpl<double, 0>, pinocchio::JointModelSphericalTpl<double, 0>, pinocchio::JointModelSphericalZYXTpl<double, 0>, pinocchio::JointModelEllipsoidTpl<double, 0>, pinocchio::JointModelPrismaticTpl<double, 0, 0>, pinocchio::JointModelPrismaticTpl<double, 0, 1>, pinocchio::JointModelPrismaticTpl<double, 0, 2>, pinocchio::JointModelPrismaticUnalignedTpl<double, 0>, pinocchio::JointModelTranslationTpl<double, 0>, pinocchio::JointModelRevoluteUnboundedTpl<double, 0, 0>, pinocchio::JointModelRevoluteUnboundedTpl<double, 0, 1>, pinocchio::JointModelRevoluteUnboundedTpl<double, 0, 2>, pinocchio::JointModelRevoluteUnboundedUnalignedTpl<double, 0>, pinocchio::JointModelHelicalTpl<double, 0, 0>, pinocchio::JointModelHelicalTpl<double, 0, 1>, pinocchio::JointModelHelicalTpl<double, 0, 2>, pinocchio::JointModelHelicalUnalignedTpl<double, 0>, pinocchio::JointModelUniversalTpl<double, 0>, boost::recursive_wrapper<pinocchio::JointModelCompositeTpl<double, 0, pinocchio::JointCollectionDefaultTpl> >, boost::recursive_wrapper<pinocchio::JointModelMimicTpl<double, 0, pinocchio::JointCollectionDefaultTpl> >}][m[K’
[5.842s]  1375 |     [01;36m[Kvariant[m[K()
[5.842s]       |     [01;36m[K^~~~~~~[m[K
[5.842s] [01m[K/usr/include/boost/variant/variant.hpp:1375:5:[m[K [01;36m[Knote: [m[K  candidate expects 0 arguments, 1 provided
[5.852s] In file included from [01m[K/opt/ros/humble/include/pinocchio/multibody/joint.hpp:84[m[K,
[5.852s]                  from [01m[K/opt/ros/humble/include/pinocchio/multibody.hpp:43[m[K,
[5.852s]                  from [01m[K/opt/ros/humble/include/pinocchio/parsers/urdf.hpp:27[m[K,
[5.852s]                  from [01m[K/home/minh/gim60108_ws/src/gim_arm_hardware/include/gim_arm_hardware/gim_arm_system.hpp:25[m[K,
[5.852s]                  from [01m[K/home/minh/gim60108_ws/src/gim_arm_hardware/src/gim_arm_system.cpp:1[m[K:
[5.852s] /opt/ros/humble/include/pinocchio/src/multibody/joint/joint-generic.hxx: In instantiation of ‘[01m[Kpinocchio::JointModelTpl<Scalar, Options, JointCollectionTpl>::JointModelTpl(const pinocchio::JointModelBase<OtherDerived>&) [with JointModelDerived = pinocchio::JointModelRevoluteUnalignedTpl<double>; _Scalar = double; int _Options = 0; JointCollectionTpl = pinocchio::JointCollectionDefaultTpl][m[K’:
[5.852s] [01m[K/opt/ros/humble/include/pinocchio/src/parsers/urdf/model.hxx:516:34:[m[K   required from ‘[01m[Kpinocchio::JointIndex pinocchio::urdf::details::UrdfVisitor::addJoint(const Vector3&, const Frame&, const SE3&, const string&, const VectorConstRef&, const VectorConstRef&, const VectorConstRef&, const VectorConstRef&, const VectorConstRef&, const VectorConstRef&, const VectorConstRef&, const VectorConstRef&, const VectorConstRef&, const VectorConstRef&) [with TypeX = pinocchio::JointModelRevoluteTpl<double, 0, 0>; TypeY = pinocchio::JointModelRevoluteTpl<double, 0, 1>; TypeZ = pinocchio::JointModelRevoluteTpl<double, 0, 2>; TypeUnaligned = pinocchio::JointModelRevoluteUnalignedTpl<double>; pinocchio::JointIndex = long unsigned int; pinocchio::urdf::details::UrdfVisitor::Vector3 = Eigen::Matrix<double, 3, 1>; pinocchio::urdf::details::UrdfVisitor::Frame = pinocchio::FrameTpl<double, 0>; pinocchio::urdf::details::UrdfVisitor::SE3 = pinocchio::SE3Tpl<double, 0>; std::string = std::__cxx11::basic_string<char>; pinocchio::urdf::details::UrdfVisitor::VectorConstRef = Eigen::Ref<const Eigen::Matrix<double, -1, 1> >][m[K’
[5.853s] [01m[K/opt/ros/humble/include/pinocchio/src/parsers/urdf/model.hxx:245:69:[m[K   required from here
[5.853s] [01m[K/opt/ros/humble/include/pinocchio/src/multibody/joint/joint-generic.hxx:306:25:[m[K [01;31m[Kerror: [m[Kno matching function for call to ‘[01m[Kboost::variant<pinocchio::JointModelRevoluteTpl<double, 0, 0>, pinocchio::JointModelRevoluteTpl<double, 0, 1>, pinocchio::JointModelRevoluteTpl<double, 0, 2>, pinocchio::JointModelFreeFlyerTpl<double, 0>, pinocchio::JointModelPlanarTpl<double, 0>, pinocchio::JointModelRevoluteUnalignedTpl<double, 0>, pinocchio::JointModelSphericalTpl<double, 0>, pinocchio::JointModelSphericalZYXTpl<double, 0>, pinocchio::JointModelEllipsoidTpl<double, 0>, pinocchio::JointModelPrismaticTpl<double, 0, 0>, pinocchio::JointModelPrismaticTpl<double, 0, 1>, pinocchio::JointModelPrismaticTpl<double, 0, 2>, pinocchio::JointModelPrismaticUnalignedTpl<double, 0>, pinocchio::JointModelTranslationTpl<double, 0>, pinocchio::JointModelRevoluteUnboundedTpl<double, 0, 0>, pinocchio::JointModelRevoluteUnboundedTpl<double, 0, 1>, pinocchio::JointModelRevoluteUnboundedTpl<double, 0, 2>, pinocchio::JointModelRevoluteUnboundedUnalignedTpl<double, 0>, pinocchio::JointModelHelicalTpl<double, 0, 0>, pinocchio::JointModelHelicalTpl<double, 0, 1>, pinocchio::JointModelHelicalTpl<double, 0, 2>, pinocchio::JointModelHelicalUnalignedTpl<double, 0>, pinocchio::JointModelUniversalTpl<double, 0>, boost::recursive_wrapper<pinocchio::JointModelCompositeTpl<double, 0, pinocchio::JointCollectionDefaultTpl> >, boost::recursive_wrapper<pinocchio::JointModelMimicTpl<double, 0, pinocchio::JointCollectionDefaultTpl> > >::variant(const JointModelDerived&)[m[K’
[5.853s]   306 |     : JointModelVariant([01;31m[K(JointModelVariant)jmodel.derived()[m[K)
[5.853s]       |                         [01;31m[K^~~~~~~~~~~~~~~~~~~~~~~~~~~~~~~~~~~[m[K
[5.853s] In file included from [01m[K/usr/include/boost/variant.hpp:17[m[K,
[5.853s]                  from [01m[K/opt/ros/humble/include/pinocchio/multibody.hpp:21[m[K,
[5.853s]                  from [01m[K/opt/ros/humble/include/pinocchio/parsers/urdf.hpp:27[m[K,
[5.853s]                  from [01m[K/home/minh/gim60108_ws/src/gim_arm_hardware/include/gim_arm_hardware/gim_arm_system.hpp:25[m[K,
[5.853s]                  from [01m[K/home/minh/gim60108_ws/src/gim_arm_hardware/src/gim_arm_system.cpp:1[m[K:
[5.853s] [01m[K/usr/include/boost/variant/variant.hpp:1770:5:[m[K [01;36m[Knote: [m[Kcandidate: ‘[01m[Kboost::variant<T0, TN>::variant(boost::variant<T0, TN>&&) [with T0_ = pinocchio::JointModelRevoluteTpl<double, 0, 0>; TN = {pinocchio::JointModelRevoluteTpl<double, 0, 1>, pinocchio::JointModelRevoluteTpl<double, 0, 2>, pinocchio::JointModelFreeFlyerTpl<double, 0>, pinocchio::JointModelPlanarTpl<double, 0>, pinocchio::JointModelRevoluteUnalignedTpl<double, 0>, pinocchio::JointModelSphericalTpl<double, 0>, pinocchio::JointModelSphericalZYXTpl<double, 0>, pinocchio::JointModelEllipsoidTpl<double, 0>, pinocchio::JointModelPrismaticTpl<double, 0, 0>, pinocchio::JointModelPrismaticTpl<double, 0, 1>, pinocchio::JointModelPrismaticTpl<double, 0, 2>, pinocchio::JointModelPrismaticUnalignedTpl<double, 0>, pinocchio::JointModelTranslationTpl<double, 0>, pinocchio::JointModelRevoluteUnboundedTpl<double, 0, 0>, pinocchio::JointModelRevoluteUnboundedTpl<double, 0, 1>, pinocchio::JointModelRevoluteUnboundedTpl<double, 0, 2>, pinocchio::JointModelRevoluteUnboundedUnalignedTpl<double, 0>, pinocchio::JointModelHelicalTpl<double, 0, 0>, pinocchio::JointModelHelicalTpl<double, 0, 1>, pinocchio::JointModelHelicalTpl<double, 0, 2>, pinocchio::JointModelHelicalUnalignedTpl<double, 0>, pinocchio::JointModelUniversalTpl<double, 0>, boost::recursive_wrapper<pinocchio::JointModelCompositeTpl<double, 0, pinocchio::JointCollectionDefaultTpl> >, boost::recursive_wrapper<pinocchio::JointModelMimicTpl<double, 0, pinocchio::JointCollectionDefaultTpl> >}][m[K’
[5.853s]  1770 |     [01;36m[Kvariant[m[K(variant&& operand) BOOST_NOEXCEPT_IF(variant_move_noexcept_constructible::type::value)
[5.853s]       |     [01;36m[K^~~~~~~[m[K
[5.853s] [01m[K/usr/include/boost/variant/variant.hpp:1770:23:[m[K [01;36m[Knote: [m[K  no known conversion for argument 1 from ‘[01m[Kconst JointModelDerived[m[K’ {aka ‘[01m[Kconst pinocchio::JointModelRevoluteUnalignedTpl<double>[m[K’} to ‘[01m[Kboost::variant<pinocchio::JointModelRevoluteTpl<double, 0, 0>, pinocchio::JointModelRevoluteTpl<double, 0, 1>, pinocchio::JointModelRevoluteTpl<double, 0, 2>, pinocchio::JointModelFreeFlyerTpl<double, 0>, pinocchio::JointModelPlanarTpl<double, 0>, pinocchio::JointModelRevoluteUnalignedTpl<double, 0>, pinocchio::JointModelSphericalTpl<double, 0>, pinocchio::JointModelSphericalZYXTpl<double, 0>, pinocchio::JointModelEllipsoidTpl<double, 0>, pinocchio::JointModelPrismaticTpl<double, 0, 0>, pinocchio::JointModelPrismaticTpl<double, 0, 1>, pinocchio::JointModelPrismaticTpl<double, 0, 2>, pinocchio::JointModelPrismaticUnalignedTpl<double, 0>, pinocchio::JointModelTranslationTpl<double, 0>, pinocchio::JointModelRevoluteUnboundedTpl<double, 0, 0>, pinocchio::JointModelRevoluteUnboundedTpl<double, 0, 1>, pinocchio::JointModelRevoluteUnboundedTpl<double, 0, 2>, pinocchio::JointModelRevoluteUnboundedUnalignedTpl<double, 0>, pinocchio::JointModelHelicalTpl<double, 0, 0>, pinocchio::JointModelHelicalTpl<double, 0, 1>, pinocchio::JointModelHelicalTpl<double, 0, 2>, pinocchio::JointModelHelicalUnalignedTpl<double, 0>, pinocchio::JointModelUniversalTpl<double, 0>, boost::recursive_wrapper<pinocchio::JointModelCompositeTpl<double, 0, pinocchio::JointCollectionDefaultTpl> >, boost::recursive_wrapper<pinocchio::JointModelMimicTpl<double, 0, pinocchio::JointCollectionDefaultTpl> > >&&[m[K’
[5.853s]  1770 |     variant([01;36m[Kvariant&& operand[m[K) BOOST_NOEXCEPT_IF(variant_move_noexcept_constructible::type::value)
[5.853s]       |             [01;36m[K~~~~~~~~~~^~~~~~~[m[K
[5.853s] [01m[K/usr/include/boost/variant/variant.hpp:1759:5:[m[K [01;36m[Knote: [m[Kcandidate: ‘[01m[Kboost::variant<T0, TN>::variant(const boost::variant<T0, TN>&) [with T0_ = pinocchio::JointModelRevoluteTpl<double, 0, 0>; TN = {pinocchio::JointModelRevoluteTpl<double, 0, 1>, pinocchio::JointModelRevoluteTpl<double, 0, 2>, pinocchio::JointModelFreeFlyerTpl<double, 0>, pinocchio::JointModelPlanarTpl<double, 0>, pinocchio::JointModelRevoluteUnalignedTpl<double, 0>, pinocchio::JointModelSphericalTpl<double, 0>, pinocchio::JointModelSphericalZYXTpl<double, 0>, pinocchio::JointModelEllipsoidTpl<double, 0>, pinocchio::JointModelPrismaticTpl<double, 0, 0>, pinocchio::JointModelPrismaticTpl<double, 0, 1>, pinocchio::JointModelPrismaticTpl<double, 0, 2>, pinocchio::JointModelPrismaticUnalignedTpl<double, 0>, pinocchio::JointModelTranslationTpl<double, 0>, pinocchio::JointModelRevoluteUnboundedTpl<double, 0, 0>, pinocchio::JointModelRevoluteUnboundedTpl<double, 0, 1>, pinocchio::JointModelRevoluteUnboundedTpl<double, 0, 2>, pinocchio::JointModelRevoluteUnboundedUnalignedTpl<double, 0>, pinocchio::JointModelHelicalTpl<double, 0, 0>, pinocchio::JointModelHelicalTpl<double, 0, 1>, pinocchio::JointModelHelicalTpl<double, 0, 2>, pinocchio::JointModelHelicalUnalignedTpl<double, 0>, pinocchio::JointModelUniversalTpl<double, 0>, boost::recursive_wrapper<pinocchio::JointModelCompositeTpl<double, 0, pinocchio::JointCollectionDefaultTpl> >, boost::recursive_wrapper<pinocchio::JointModelMimicTpl<double, 0, pinocchio::JointCollectionDefaultTpl> >}][m[K’
[5.853s]  1759 |     [01;36m[Kvariant[m[K(const variant& operand)
[5.853s]       |     [01;36m[K^~~~~~~[m[K
[5.853s] [01m[K/usr/include/boost/variant/variant.hpp:1759:28:[m[K [01;36m[Knote: [m[K  no known conversion for argument 1 from ‘[01m[Kconst JointModelDerived[m[K’ {aka ‘[01m[Kconst pinocchio::JointModelRevoluteUnalignedTpl<double>[m[K’} to ‘[01m[Kconst boost::variant<pinocchio::JointModelRevoluteTpl<double, 0, 0>, pinocchio::JointModelRevoluteTpl<double, 0, 1>, pinocchio::JointModelRevoluteTpl<double, 0, 2>, pinocchio::JointModelFreeFlyerTpl<double, 0>, pinocchio::JointModelPlanarTpl<double, 0>, pinocchio::JointModelRevoluteUnalignedTpl<double, 0>, pinocchio::JointModelSphericalTpl<double, 0>, pinocchio::JointModelSphericalZYXTpl<double, 0>, pinocchio::JointModelEllipsoidTpl<double, 0>, pinocchio::JointModelPrismaticTpl<double, 0, 0>, pinocchio::JointModelPrismaticTpl<double, 0, 1>, pinocchio::JointModelPrismaticTpl<double, 0, 2>, pinocchio::JointModelPrismaticUnalignedTpl<double, 0>, pinocchio::JointModelTranslationTpl<double, 0>, pinocchio::JointModelRevoluteUnboundedTpl<double, 0, 0>, pinocchio::JointModelRevoluteUnboundedTpl<double, 0, 1>, pinocchio::JointModelRevoluteUnboundedTpl<double, 0, 2>, pinocchio::JointModelRevoluteUnboundedUnalignedTpl<double, 0>, pinocchio::JointModelHelicalTpl<double, 0, 0>, pinocchio::JointModelHelicalTpl<double, 0, 1>, pinocchio::JointModelHelicalTpl<double, 0, 2>, pinocchio::JointModelHelicalUnalignedTpl<double, 0>, pinocchio::JointModelUniversalTpl<double, 0>, boost::recursive_wrapper<pinocchio::JointModelCompositeTpl<double, 0, pinocchio::JointCollectionDefaultTpl> >, boost::recursive_wrapper<pinocchio::JointModelMimicTpl<double, 0, pinocchio::JointCollectionDefaultTpl> > >&[m[K’
[5.854s]  1759 |     variant([01;36m[Kconst variant& operand[m[K)
[5.854s]       |             [01;36m[K~~~~~~~~~~~~~~~^~~~~~~[m[K
[5.854s] [01m[K/usr/include/boost/variant/variant.hpp:1375:5:[m[K [01;36m[Knote: [m[Kcandidate: ‘[01m[Kboost::variant<T0, TN>::variant() [with T0_ = pinocchio::JointModelRevoluteTpl<double, 0, 0>; TN = {pinocchio::JointModelRevoluteTpl<double, 0, 1>, pinocchio::JointModelRevoluteTpl<double, 0, 2>, pinocchio::JointModelFreeFlyerTpl<double, 0>, pinocchio::JointModelPlanarTpl<double, 0>, pinocchio::JointModelRevoluteUnalignedTpl<double, 0>, pinocchio::JointModelSphericalTpl<double, 0>, pinocchio::JointModelSphericalZYXTpl<double, 0>, pinocchio::JointModelEllipsoidTpl<double, 0>, pinocchio::JointModelPrismaticTpl<double, 0, 0>, pinocchio::JointModelPrismaticTpl<double, 0, 1>, pinocchio::JointModelPrismaticTpl<double, 0, 2>, pinocchio::JointModelPrismaticUnalignedTpl<double, 0>, pinocchio::JointModelTranslationTpl<double, 0>, pinocchio::JointModelRevoluteUnboundedTpl<double, 0, 0>, pinocchio::JointModelRevoluteUnboundedTpl<double, 0, 1>, pinocchio::JointModelRevoluteUnboundedTpl<double, 0, 2>, pinocchio::JointModelRevoluteUnboundedUnalignedTpl<double, 0>, pinocchio::JointModelHelicalTpl<double, 0, 0>, pinocchio::JointModelHelicalTpl<double, 0, 1>, pinocchio::JointModelHelicalTpl<double, 0, 2>, pinocchio::JointModelHelicalUnalignedTpl<double, 0>, pinocchio::JointModelUniversalTpl<double, 0>, boost::recursive_wrapper<pinocchio::JointModelCompositeTpl<double, 0, pinocchio::JointCollectionDefaultTpl> >, boost::recursive_wrapper<pinocchio::JointModelMimicTpl<double, 0, pinocchio::JointCollectionDefaultTpl> >}][m[K’
[5.854s]  1375 |     [01;36m[Kvariant[m[K()
[5.854s]       |     [01;36m[K^~~~~~~[m[K
[5.854s] [01m[K/usr/include/boost/variant/variant.hpp:1375:5:[m[K [01;36m[Knote: [m[K  candidate expects 0 arguments, 1 provided
[5.854s] In file included from [01m[K/opt/ros/humble/include/pinocchio/multibody/joint.hpp:84[m[K,
[5.854s]                  from [01m[K/opt/ros/humble/include/pinocchio/multibody.hpp:43[m[K,
[5.854s]                  from [01m[K/opt/ros/humble/include/pinocchio/parsers/urdf.hpp:27[m[K,
[5.854s]                  from [01m[K/home/minh/gim60108_ws/src/gim_arm_hardware/include/gim_arm_hardware/gim_arm_system.hpp:25[m[K,
[5.854s]                  from [01m[K/home/minh/gim60108_ws/src/gim_arm_hardware/src/gim_arm_system.cpp:1[m[K:
[5.854s] /opt/ros/humble/include/pinocchio/src/multibody/joint/joint-generic.hxx: In instantiation of ‘[01m[Kpinocchio::JointModelTpl<Scalar, Options, JointCollectionTpl>::JointModelTpl(const pinocchio::JointModelBase<OtherDerived>&) [with JointModelDerived = pinocchio::JointModelRevoluteUnboundedTpl<double, 0, 0>; _Scalar = double; int _Options = 0; JointCollectionTpl = pinocchio::JointCollectionDefaultTpl][m[K’:
[5.854s] [01m[K/opt/ros/humble/include/pinocchio/src/parsers/urdf/model.hxx:495:34:[m[K   required from ‘[01m[Kpinocchio::JointIndex pinocchio::urdf::details::UrdfVisitor::addJoint(const Vector3&, const Frame&, const SE3&, const string&, const VectorConstRef&, const VectorConstRef&, const VectorConstRef&, const VectorConstRef&, const VectorConstRef&, const VectorConstRef&, const VectorConstRef&, const VectorConstRef&, const VectorConstRef&, const VectorConstRef&) [with TypeX = pinocchio::JointModelRevoluteUnboundedTpl<double, 0, 0>; TypeY = pinocchio::JointModelRevoluteUnboundedTpl<double, 0, 1>; TypeZ = pinocchio::JointModelRevoluteUnboundedTpl<double, 0, 2>; TypeUnaligned = pinocchio::JointModelRevoluteUnboundedUnalignedTpl<double>; pinocchio::JointIndex = long unsigned int; pinocchio::urdf::details::UrdfVisitor::Vector3 = Eigen::Matrix<double, 3, 1>; pinocchio::urdf::details::UrdfVisitor::Frame = pinocchio::FrameTpl<double, 0>; pinocchio::urdf::details::UrdfVisitor::SE3 = pinocchio::SE3Tpl<double, 0>; std::string = std::__cxx11::basic_string<char>; pinocchio::urdf::details::UrdfVisitor::VectorConstRef = Eigen::Ref<const Eigen::Matrix<double, -1, 1> >][m[K’
[5.854s] [01m[K/opt/ros/humble/include/pinocchio/src/parsers/urdf/model.hxx:254:78:[m[K   required from here
[5.854s] [01m[K/opt/ros/humble/include/pinocchio/src/multibody/joint/joint-generic.hxx:306:25:[m[K [01;31m[Kerror: [m[Kno matching function for call to ‘[01m[Kboost::variant<pinocchio::JointModelRevoluteTpl<double, 0, 0>, pinocchio::JointModelRevoluteTpl<double, 0, 1>, pinocchio::JointModelRevoluteTpl<double, 0, 2>, pinocchio::JointModelFreeFlyerTpl<double, 0>, pinocchio::JointModelPlanarTpl<double, 0>, pinocchio::JointModelRevoluteUnalignedTpl<double, 0>, pinocchio::JointModelSphericalTpl<double, 0>, pinocchio::JointModelSphericalZYXTpl<double, 0>, pinocchio::JointModelEllipsoidTpl<double, 0>, pinocchio::JointModelPrismaticTpl<double, 0, 0>, pinocchio::JointModelPrismaticTpl<double, 0, 1>, pinocchio::JointModelPrismaticTpl<double, 0, 2>, pinocchio::JointModelPrismaticUnalignedTpl<double, 0>, pinocchio::JointModelTranslationTpl<double, 0>, pinocchio::JointModelRevoluteUnboundedTpl<double, 0, 0>, pinocchio::JointModelRevoluteUnboundedTpl<double, 0, 1>, pinocchio::JointModelRevoluteUnboundedTpl<double, 0, 2>, pinocchio::JointModelRevoluteUnboundedUnalignedTpl<double, 0>, pinocchio::JointModelHelicalTpl<double, 0, 0>, pinocchio::JointModelHelicalTpl<double, 0, 1>, pinocchio::JointModelHelicalTpl<double, 0, 2>, pinocchio::JointModelHelicalUnalignedTpl<double, 0>, pinocchio::JointModelUniversalTpl<double, 0>, boost::recursive_wrapper<pinocchio::JointModelCompositeTpl<double, 0, pinocchio::JointCollectionDefaultTpl> >, boost::recursive_wrapper<pinocchio::JointModelMimicTpl<double, 0, pinocchio::JointCollectionDefaultTpl> > >::variant(const JointModelDerived&)[m[K’
[5.854s]   306 |     : JointModelVariant([01;31m[K(JointModelVariant)jmodel.derived()[m[K)
[5.854s]       |                         [01;31m[K^~~~~~~~~~~~~~~~~~~~~~~~~~~~~~~~~~~[m[K
[5.854s] In file included from [01m[K/usr/include/boost/variant.hpp:17[m[K,
[5.854s]                  from [01m[K/opt/ros/humble/include/pinocchio/multibody.hpp:21[m[K,
[5.854s]                  from [01m[K/opt/ros/humble/include/pinocchio/parsers/urdf.hpp:27[m[K,
[5.854s]                  from [01m[K/home/minh/gim60108_ws/src/gim_arm_hardware/include/gim_arm_hardware/gim_arm_system.hpp:25[m[K,
[5.854s]                  from [01m[K/home/minh/gim60108_ws/src/gim_arm_hardware/src/gim_arm_system.cpp:1[m[K:
[5.854s] [01m[K/usr/include/boost/variant/variant.hpp:1770:5:[m[K [01;36m[Knote: [m[Kcandidate: ‘[01m[Kboost::variant<T0, TN>::variant(boost::variant<T0, TN>&&) [with T0_ = pinocchio::JointModelRevoluteTpl<double, 0, 0>; TN = {pinocchio::JointModelRevoluteTpl<double, 0, 1>, pinocchio::JointModelRevoluteTpl<double, 0, 2>, pinocchio::JointModelFreeFlyerTpl<double, 0>, pinocchio::JointModelPlanarTpl<double, 0>, pinocchio::JointModelRevoluteUnalignedTpl<double, 0>, pinocchio::JointModelSphericalTpl<double, 0>, pinocchio::JointModelSphericalZYXTpl<double, 0>, pinocchio::JointModelEllipsoidTpl<double, 0>, pinocchio::JointModelPrismaticTpl<double, 0, 0>, pinocchio::JointModelPrismaticTpl<double, 0, 1>, pinocchio::JointModelPrismaticTpl<double, 0, 2>, pinocchio::JointModelPrismaticUnalignedTpl<double, 0>, pinocchio::JointModelTranslationTpl<double, 0>, pinocchio::JointModelRevoluteUnboundedTpl<double, 0, 0>, pinocchio::JointModelRevoluteUnboundedTpl<double, 0, 1>, pinocchio::JointModelRevoluteUnboundedTpl<double, 0, 2>, pinocchio::JointModelRevoluteUnboundedUnalignedTpl<double, 0>, pinocchio::JointModelHelicalTpl<double, 0, 0>, pinocchio::JointModelHelicalTpl<double, 0, 1>, pinocchio::JointModelHelicalTpl<double, 0, 2>, pinocchio::JointModelHelicalUnalignedTpl<double, 0>, pinocchio::JointModelUniversalTpl<double, 0>, boost::recursive_wrapper<pinocchio::JointModelCompositeTpl<double, 0, pinocchio::JointCollectionDefaultTpl> >, boost::recursive_wrapper<pinocchio::JointModelMimicTpl<double, 0, pinocchio::JointCollectionDefaultTpl> >}][m[K’
[5.854s]  1770 |     [01;36m[Kvariant[m[K(variant&& operand) BOOST_NOEXCEPT_IF(variant_move_noexcept_constructible::type::value)
[5.854s]       |     [01;36m[K^~~~~~~[m[K
[5.854s] [01m[K/usr/include/boost/variant/variant.hpp:1770:23:[m[K [01;36m[Knote: [m[K  no known conversion for argument 1 from ‘[01m[Kconst JointModelDerived[m[K’ {aka ‘[01m[Kconst pinocchio::JointModelRevoluteUnboundedTpl<double, 0, 0>[m[K’} to ‘[01m[Kboost::variant<pinocchio::JointModelRevoluteTpl<double, 0, 0>, pinocchio::JointModelRevoluteTpl<double, 0, 1>, pinocchio::JointModelRevoluteTpl<double, 0, 2>, pinocchio::JointModelFreeFlyerTpl<double, 0>, pinocchio::JointModelPlanarTpl<double, 0>, pinocchio::JointModelRevoluteUnalignedTpl<double, 0>, pinocchio::JointModelSphericalTpl<double, 0>, pinocchio::JointModelSphericalZYXTpl<double, 0>, pinocchio::JointModelEllipsoidTpl<double, 0>, pinocchio::JointModelPrismaticTpl<double, 0, 0>, pinocchio::JointModelPrismaticTpl<double, 0, 1>, pinocchio::JointModelPrismaticTpl<double, 0, 2>, pinocchio::JointModelPrismaticUnalignedTpl<double, 0>, pinocchio::JointModelTranslationTpl<double, 0>, pinocchio::JointModelRevoluteUnboundedTpl<double, 0, 0>, pinocchio::JointModelRevoluteUnboundedTpl<double, 0, 1>, pinocchio::JointModelRevoluteUnboundedTpl<double, 0, 2>, pinocchio::JointModelRevoluteUnboundedUnalignedTpl<double, 0>, pinocchio::JointModelHelicalTpl<double, 0, 0>, pinocchio::JointModelHelicalTpl<double, 0, 1>, pinocchio::JointModelHelicalTpl<double, 0, 2>, pinocchio::JointModelHelicalUnalignedTpl<double, 0>, pinocchio::JointModelUniversalTpl<double, 0>, boost::recursive_wrapper<pinocchio::JointModelCompositeTpl<double, 0, pinocchio::JointCollectionDefaultTpl> >, boost::recursive_wrapper<pinocchio::JointModelMimicTpl<double, 0, pinocchio::JointCollectionDefaultTpl> > >&&[m[K’
[5.854s]  1770 |     variant([01;36m[Kvariant&& operand[m[K) BOOST_NOEXCEPT_IF(variant_move_noexcept_constructible::type::value)
[5.854s]       |             [01;36m[K~~~~~~~~~~^~~~~~~[m[K
[5.854s] [01m[K/usr/include/boost/variant/variant.hpp:1759:5:[m[K [01;36m[Knote: [m[Kcandidate: ‘[01m[Kboost::variant<T0, TN>::variant(const boost::variant<T0, TN>&) [with T0_ = pinocchio::JointModelRevoluteTpl<double, 0, 0>; TN = {pinocchio::JointModelRevoluteTpl<double, 0, 1>, pinocchio::JointModelRevoluteTpl<double, 0, 2>, pinocchio::JointModelFreeFlyerTpl<double, 0>, pinocchio::JointModelPlanarTpl<double, 0>, pinocchio::JointModelRevoluteUnalignedTpl<double, 0>, pinocchio::JointModelSphericalTpl<double, 0>, pinocchio::JointModelSphericalZYXTpl<double, 0>, pinocchio::JointModelEllipsoidTpl<double, 0>, pinocchio::JointModelPrismaticTpl<double, 0, 0>, pinocchio::JointModelPrismaticTpl<double, 0, 1>, pinocchio::JointModelPrismaticTpl<double, 0, 2>, pinocchio::JointModelPrismaticUnalignedTpl<double, 0>, pinocchio::JointModelTranslationTpl<double, 0>, pinocchio::JointModelRevoluteUnboundedTpl<double, 0, 0>, pinocchio::JointModelRevoluteUnboundedTpl<double, 0, 1>, pinocchio::JointModelRevoluteUnboundedTpl<double, 0, 2>, pinocchio::JointModelRevoluteUnboundedUnalignedTpl<double, 0>, pinocchio::JointModelHelicalTpl<double, 0, 0>, pinocchio::JointModelHelicalTpl<double, 0, 1>, pinocchio::JointModelHelicalTpl<double, 0, 2>, pinocchio::JointModelHelicalUnalignedTpl<double, 0>, pinocchio::JointModelUniversalTpl<double, 0>, boost::recursive_wrapper<pinocchio::JointModelCompositeTpl<double, 0, pinocchio::JointCollectionDefaultTpl> >, boost::recursive_wrapper<pinocchio::JointModelMimicTpl<double, 0, pinocchio::JointCollectionDefaultTpl> >}][m[K’
[5.855s]  1759 |     [01;36m[Kvariant[m[K(const variant& operand)
[5.855s]       |     [01;36m[K^~~~~~~[m[K
[5.855s] [01m[K/usr/include/boost/variant/variant.hpp:1759:28:[m[K [01;36m[Knote: [m[K  no known conversion for argument 1 from ‘[01m[Kconst JointModelDerived[m[K’ {aka ‘[01m[Kconst pinocchio::JointModelRevoluteUnboundedTpl<double, 0, 0>[m[K’} to ‘[01m[Kconst boost::variant<pinocchio::JointModelRevoluteTpl<double, 0, 0>, pinocchio::JointModelRevoluteTpl<double, 0, 1>, pinocchio::JointModelRevoluteTpl<double, 0, 2>, pinocchio::JointModelFreeFlyerTpl<double, 0>, pinocchio::JointModelPlanarTpl<double, 0>, pinocchio::JointModelRevoluteUnalignedTpl<double, 0>, pinocchio::JointModelSphericalTpl<double, 0>, pinocchio::JointModelSphericalZYXTpl<double, 0>, pinocchio::JointModelEllipsoidTpl<double, 0>, pinocchio::JointModelPrismaticTpl<double, 0, 0>, pinocchio::JointModelPrismaticTpl<double, 0, 1>, pinocchio::JointModelPrismaticTpl<double, 0, 2>, pinocchio::JointModelPrismaticUnalignedTpl<double, 0>, pinocchio::JointModelTranslationTpl<double, 0>, pinocchio::JointModelRevoluteUnboundedTpl<double, 0, 0>, pinocchio::JointModelRevoluteUnboundedTpl<double, 0, 1>, pinocchio::JointModelRevoluteUnboundedTpl<double, 0, 2>, pinocchio::JointModelRevoluteUnboundedUnalignedTpl<double, 0>, pinocchio::JointModelHelicalTpl<double, 0, 0>, pinocchio::JointModelHelicalTpl<double, 0, 1>, pinocchio::JointModelHelicalTpl<double, 0, 2>, pinocchio::JointModelHelicalUnalignedTpl<double, 0>, pinocchio::JointModelUniversalTpl<double, 0>, boost::recursive_wrapper<pinocchio::JointModelCompositeTpl<double, 0, pinocchio::JointCollectionDefaultTpl> >, boost::recursive_wrapper<pinocchio::JointModelMimicTpl<double, 0, pinocchio::JointCollectionDefaultTpl> > >&[m[K’
[5.855s]  1759 |     variant([01;36m[Kconst variant& operand[m[K)
[5.855s]       |             [01;36m[K~~~~~~~~~~~~~~~^~~~~~~[m[K
[5.855s] [01m[K/usr/include/boost/variant/variant.hpp:1375:5:[m[K [01;36m[Knote: [m[Kcandidate: ‘[01m[Kboost::variant<T0, TN>::variant() [with T0_ = pinocchio::JointModelRevoluteTpl<double, 0, 0>; TN = {pinocchio::JointModelRevoluteTpl<double, 0, 1>, pinocchio::JointModelRevoluteTpl<double, 0, 2>, pinocchio::JointModelFreeFlyerTpl<double, 0>, pinocchio::JointModelPlanarTpl<double, 0>, pinocchio::JointModelRevoluteUnalignedTpl<double, 0>, pinocchio::JointModelSphericalTpl<double, 0>, pinocchio::JointModelSphericalZYXTpl<double, 0>, pinocchio::JointModelEllipsoidTpl<double, 0>, pinocchio::JointModelPrismaticTpl<double, 0, 0>, pinocchio::JointModelPrismaticTpl<double, 0, 1>, pinocchio::JointModelPrismaticTpl<double, 0, 2>, pinocchio::JointModelPrismaticUnalignedTpl<double, 0>, pinocchio::JointModelTranslationTpl<double, 0>, pinocchio::JointModelRevoluteUnboundedTpl<double, 0, 0>, pinocchio::JointModelRevoluteUnboundedTpl<double, 0, 1>, pinocchio::JointModelRevoluteUnboundedTpl<double, 0, 2>, pinocchio::JointModelRevoluteUnboundedUnalignedTpl<double, 0>, pinocchio::JointModelHelicalTpl<double, 0, 0>, pinocchio::JointModelHelicalTpl<double, 0, 1>, pinocchio::JointModelHelicalTpl<double, 0, 2>, pinocchio::JointModelHelicalUnalignedTpl<double, 0>, pinocchio::JointModelUniversalTpl<double, 0>, boost::recursive_wrapper<pinocchio::JointModelCompositeTpl<double, 0, pinocchio::JointCollectionDefaultTpl> >, boost::recursive_wrapper<pinocchio::JointModelMimicTpl<double, 0, pinocchio::JointCollectionDefaultTpl> >}][m[K’
[5.855s]  1375 |     [01;36m[Kvariant[m[K()
[5.855s]       |     [01;36m[K^~~~~~~[m[K
[5.855s] [01m[K/usr/include/boost/variant/variant.hpp:1375:5:[m[K [01;36m[Knote: [m[K  candidate expects 0 arguments, 1 provided
[5.855s] In file included from [01m[K/opt/ros/humble/include/pinocchio/multibody/joint.hpp:84[m[K,
[5.855s]                  from [01m[K/opt/ros/humble/include/pinocchio/multibody.hpp:43[m[K,
[5.855s]                  from [01m[K/opt/ros/humble/include/pinocchio/parsers/urdf.hpp:27[m[K,
[5.855s]                  from [01m[K/home/minh/gim60108_ws/src/gim_arm_hardware/include/gim_arm_hardware/gim_arm_system.hpp:25[m[K,
[5.855s]                  from [01m[K/home/minh/gim60108_ws/src/gim_arm_hardware/src/gim_arm_system.cpp:1[m[K:
[5.855s] /opt/ros/humble/include/pinocchio/src/multibody/joint/joint-generic.hxx: In instantiation of ‘[01m[Kpinocchio::JointModelTpl<Scalar, Options, JointCollectionTpl>::JointModelTpl(const pinocchio::JointModelBase<OtherDerived>&) [with JointModelDerived = pinocchio::JointModelRevoluteUnboundedTpl<double, 0, 1>; _Scalar = double; int _Options = 0; JointCollectionTpl = pinocchio::JointCollectionDefaultTpl][m[K’:
[5.855s] [01m[K/opt/ros/humble/include/pinocchio/src/parsers/urdf/model.hxx:502:34:[m[K   required from ‘[01m[Kpinocchio::JointIndex pinocchio::urdf::details::UrdfVisitor::addJoint(const Vector3&, const Frame&, const SE3&, const string&, const VectorConstRef&, const VectorConstRef&, const VectorConstRef&, const VectorConstRef&, const VectorConstRef&, const VectorConstRef&, const VectorConstRef&, const VectorConstRef&, const VectorConstRef&, const VectorConstRef&) [with TypeX = pinocchio::JointModelRevoluteUnboundedTpl<double, 0, 0>; TypeY = pinocchio::JointModelRevoluteUnboundedTpl<double, 0, 1>; TypeZ = pinocchio::JointModelRevoluteUnboundedTpl<double, 0, 2>; TypeUnaligned = pinocchio::JointModelRevoluteUnboundedUnalignedTpl<double>; pinocchio::JointIndex = long unsigned int; pinocchio::urdf::details::UrdfVisitor::Vector3 = Eigen::Matrix<double, 3, 1>; pinocchio::urdf::details::UrdfVisitor::Frame = pinocchio::FrameTpl<double, 0>; pinocchio::urdf::details::UrdfVisitor::SE3 = pinocchio::SE3Tpl<double, 0>; std::string = std::__cxx11::basic_string<char>; pinocchio::urdf::details::UrdfVisitor::VectorConstRef = Eigen::Ref<const Eigen::Matrix<double, -1, 1> >][m[K’
[5.855s] [01m[K/opt/ros/humble/include/pinocchio/src/parsers/urdf/model.hxx:254:78:[m[K   required from here
[5.855s] [01m[K/opt/ros/humble/include/pinocchio/src/multibody/joint/joint-generic.hxx:306:25:[m[K [01;31m[Kerror: [m[Kno matching function for call to ‘[01m[Kboost::variant<pinocchio::JointModelRevoluteTpl<double, 0, 0>, pinocchio::JointModelRevoluteTpl<double, 0, 1>, pinocchio::JointModelRevoluteTpl<double, 0, 2>, pinocchio::JointModelFreeFlyerTpl<double, 0>, pinocchio::JointModelPlanarTpl<double, 0>, pinocchio::JointModelRevoluteUnalignedTpl<double, 0>, pinocchio::JointModelSphericalTpl<double, 0>, pinocchio::JointModelSphericalZYXTpl<double, 0>, pinocchio::JointModelEllipsoidTpl<double, 0>, pinocchio::JointModelPrismaticTpl<double, 0, 0>, pinocchio::JointModelPrismaticTpl<double, 0, 1>, pinocchio::JointModelPrismaticTpl<double, 0, 2>, pinocchio::JointModelPrismaticUnalignedTpl<double, 0>, pinocchio::JointModelTranslationTpl<double, 0>, pinocchio::JointModelRevoluteUnboundedTpl<double, 0, 0>, pinocchio::JointModelRevoluteUnboundedTpl<double, 0, 1>, pinocchio::JointModelRevoluteUnboundedTpl<double, 0, 2>, pinocchio::JointModelRevoluteUnboundedUnalignedTpl<double, 0>, pinocchio::JointModelHelicalTpl<double, 0, 0>, pinocchio::JointModelHelicalTpl<double, 0, 1>, pinocchio::JointModelHelicalTpl<double, 0, 2>, pinocchio::JointModelHelicalUnalignedTpl<double, 0>, pinocchio::JointModelUniversalTpl<double, 0>, boost::recursive_wrapper<pinocchio::JointModelCompositeTpl<double, 0, pinocchio::JointCollectionDefaultTpl> >, boost::recursive_wrapper<pinocchio::JointModelMimicTpl<double, 0, pinocchio::JointCollectionDefaultTpl> > >::variant(const JointModelDerived&)[m[K’
[5.855s]   306 |     : JointModelVariant([01;31m[K(JointModelVariant)jmodel.derived()[m[K)
[5.855s]       |                         [01;31m[K^~~~~~~~~~~~~~~~~~~~~~~~~~~~~~~~~~~[m[K
[5.855s] In file included from [01m[K/usr/include/boost/variant.hpp:17[m[K,
[5.855s]                  from [01m[K/opt/ros/humble/include/pinocchio/multibody.hpp:21[m[K,
[5.855s]                  from [01m[K/opt/ros/humble/include/pinocchio/parsers/urdf.hpp:27[m[K,
[5.855s]                  from [01m[K/home/minh/gim60108_ws/src/gim_arm_hardware/include/gim_arm_hardware/gim_arm_system.hpp:25[m[K,
[5.855s]                  from [01m[K/home/minh/gim60108_ws/src/gim_arm_hardware/src/gim_arm_system.cpp:1[m[K:
[5.855s] [01m[K/usr/include/boost/variant/variant.hpp:1770:5:[m[K [01;36m[Knote: [m[Kcandidate: ‘[01m[Kboost::variant<T0, TN>::variant(boost::variant<T0, TN>&&) [with T0_ = pinocchio::JointModelRevoluteTpl<double, 0, 0>; TN = {pinocchio::JointModelRevoluteTpl<double, 0, 1>, pinocchio::JointModelRevoluteTpl<double, 0, 2>, pinocchio::JointModelFreeFlyerTpl<double, 0>, pinocchio::JointModelPlanarTpl<double, 0>, pinocchio::JointModelRevoluteUnalignedTpl<double, 0>, pinocchio::JointModelSphericalTpl<double, 0>, pinocchio::JointModelSphericalZYXTpl<double, 0>, pinocchio::JointModelEllipsoidTpl<double, 0>, pinocchio::JointModelPrismaticTpl<double, 0, 0>, pinocchio::JointModelPrismaticTpl<double, 0, 1>, pinocchio::JointModelPrismaticTpl<double, 0, 2>, pinocchio::JointModelPrismaticUnalignedTpl<double, 0>, pinocchio::JointModelTranslationTpl<double, 0>, pinocchio::JointModelRevoluteUnboundedTpl<double, 0, 0>, pinocchio::JointModelRevoluteUnboundedTpl<double, 0, 1>, pinocchio::JointModelRevoluteUnboundedTpl<double, 0, 2>, pinocchio::JointModelRevoluteUnboundedUnalignedTpl<double, 0>, pinocchio::JointModelHelicalTpl<double, 0, 0>, pinocchio::JointModelHelicalTpl<double, 0, 1>, pinocchio::JointModelHelicalTpl<double, 0, 2>, pinocchio::JointModelHelicalUnalignedTpl<double, 0>, pinocchio::JointModelUniversalTpl<double, 0>, boost::recursive_wrapper<pinocchio::JointModelCompositeTpl<double, 0, pinocchio::JointCollectionDefaultTpl> >, boost::recursive_wrapper<pinocchio::JointModelMimicTpl<double, 0, pinocchio::JointCollectionDefaultTpl> >}][m[K’
[5.855s]  1770 |     [01;36m[Kvariant[m[K(variant&& operand) BOOST_NOEXCEPT_IF(variant_move_noexcept_constructible::type::value)
[5.855s]       |     [01;36m[K^~~~~~~[m[K
[5.855s] [01m[K/usr/include/boost/variant/variant.hpp:1770:23:[m[K [01;36m[Knote: [m[K  no known conversion for argument 1 from ‘[01m[Kconst JointModelDerived[m[K’ {aka ‘[01m[Kconst pinocchio::JointModelRevoluteUnboundedTpl<double, 0, 1>[m[K’} to ‘[01m[Kboost::variant<pinocchio::JointModelRevoluteTpl<double, 0, 0>, pinocchio::JointModelRevoluteTpl<double, 0, 1>, pinocchio::JointModelRevoluteTpl<double, 0, 2>, pinocchio::JointModelFreeFlyerTpl<double, 0>, pinocchio::JointModelPlanarTpl<double, 0>, pinocchio::JointModelRevoluteUnalignedTpl<double, 0>, pinocchio::JointModelSphericalTpl<double, 0>, pinocchio::JointModelSphericalZYXTpl<double, 0>, pinocchio::JointModelEllipsoidTpl<double, 0>, pinocchio::JointModelPrismaticTpl<double, 0, 0>, pinocchio::JointModelPrismaticTpl<double, 0, 1>, pinocchio::JointModelPrismaticTpl<double, 0, 2>, pinocchio::JointModelPrismaticUnalignedTpl<double, 0>, pinocchio::JointModelTranslationTpl<double, 0>, pinocchio::JointModelRevoluteUnboundedTpl<double, 0, 0>, pinocchio::JointModelRevoluteUnboundedTpl<double, 0, 1>, pinocchio::JointModelRevoluteUnboundedTpl<double, 0, 2>, pinocchio::JointModelRevoluteUnboundedUnalignedTpl<double, 0>, pinocchio::JointModelHelicalTpl<double, 0, 0>, pinocchio::JointModelHelicalTpl<double, 0, 1>, pinocchio::JointModelHelicalTpl<double, 0, 2>, pinocchio::JointModelHelicalUnalignedTpl<double, 0>, pinocchio::JointModelUniversalTpl<double, 0>, boost::recursive_wrapper<pinocchio::JointModelCompositeTpl<double, 0, pinocchio::JointCollectionDefaultTpl> >, boost::recursive_wrapper<pinocchio::JointModelMimicTpl<double, 0, pinocchio::JointCollectionDefaultTpl> > >&&[m[K’
[5.855s]  1770 |     variant([01;36m[Kvariant&& operand[m[K) BOOST_NOEXCEPT_IF(variant_move_noexcept_constructible::type::value)
[5.855s]       |             [01;36m[K~~~~~~~~~~^~~~~~~[m[K
[5.855s] [01m[K/usr/include/boost/variant/variant.hpp:1759:5:[m[K [01;36m[Knote: [m[Kcandidate: ‘[01m[Kboost::variant<T0, TN>::variant(const boost::variant<T0, TN>&) [with T0_ = pinocchio::JointModelRevoluteTpl<double, 0, 0>; TN = {pinocchio::JointModelRevoluteTpl<double, 0, 1>, pinocchio::JointModelRevoluteTpl<double, 0, 2>, pinocchio::JointModelFreeFlyerTpl<double, 0>, pinocchio::JointModelPlanarTpl<double, 0>, pinocchio::JointModelRevoluteUnalignedTpl<double, 0>, pinocchio::JointModelSphericalTpl<double, 0>, pinocchio::JointModelSphericalZYXTpl<double, 0>, pinocchio::JointModelEllipsoidTpl<double, 0>, pinocchio::JointModelPrismaticTpl<double, 0, 0>, pinocchio::JointModelPrismaticTpl<double, 0, 1>, pinocchio::JointModelPrismaticTpl<double, 0, 2>, pinocchio::JointModelPrismaticUnalignedTpl<double, 0>, pinocchio::JointModelTranslationTpl<double, 0>, pinocchio::JointModelRevoluteUnboundedTpl<double, 0, 0>, pinocchio::JointModelRevoluteUnboundedTpl<double, 0, 1>, pinocchio::JointModelRevoluteUnboundedTpl<double, 0, 2>, pinocchio::JointModelRevoluteUnboundedUnalignedTpl<double, 0>, pinocchio::JointModelHelicalTpl<double, 0, 0>, pinocchio::JointModelHelicalTpl<double, 0, 1>, pinocchio::JointModelHelicalTpl<double, 0, 2>, pinocchio::JointModelHelicalUnalignedTpl<double, 0>, pinocchio::JointModelUniversalTpl<double, 0>, boost::recursive_wrapper<pinocchio::JointModelCompositeTpl<double, 0, pinocchio::JointCollectionDefaultTpl> >, boost::recursive_wrapper<pinocchio::JointModelMimicTpl<double, 0, pinocchio::JointCollectionDefaultTpl> >}][m[K’
[5.855s]  1759 |     [01;36m[Kvariant[m[K(const variant& operand)
[5.855s]       |     [01;36m[K^~~~~~~[m[K
[5.855s] [01m[K/usr/include/boost/variant/variant.hpp:1759:28:[m[K [01;36m[Knote: [m[K  no known conversion for argument 1 from ‘[01m[Kconst JointModelDerived[m[K’ {aka ‘[01m[Kconst pinocchio::JointModelRevoluteUnboundedTpl<double, 0, 1>[m[K’} to ‘[01m[Kconst boost::variant<pinocchio::JointModelRevoluteTpl<double, 0, 0>, pinocchio::JointModelRevoluteTpl<double, 0, 1>, pinocchio::JointModelRevoluteTpl<double, 0, 2>, pinocchio::JointModelFreeFlyerTpl<double, 0>, pinocchio::JointModelPlanarTpl<double, 0>, pinocchio::JointModelRevoluteUnalignedTpl<double, 0>, pinocchio::JointModelSphericalTpl<double, 0>, pinocchio::JointModelSphericalZYXTpl<double, 0>, pinocchio::JointModelEllipsoidTpl<double, 0>, pinocchio::JointModelPrismaticTpl<double, 0, 0>, pinocchio::JointModelPrismaticTpl<double, 0, 1>, pinocchio::JointModelPrismaticTpl<double, 0, 2>, pinocchio::JointModelPrismaticUnalignedTpl<double, 0>, pinocchio::JointModelTranslationTpl<double, 0>, pinocchio::JointModelRevoluteUnboundedTpl<double, 0, 0>, pinocchio::JointModelRevoluteUnboundedTpl<double, 0, 1>, pinocchio::JointModelRevoluteUnboundedTpl<double, 0, 2>, pinocchio::JointModelRevoluteUnboundedUnalignedTpl<double, 0>, pinocchio::JointModelHelicalTpl<double, 0, 0>, pinocchio::JointModelHelicalTpl<double, 0, 1>, pinocchio::JointModelHelicalTpl<double, 0, 2>, pinocchio::JointModelHelicalUnalignedTpl<double, 0>, pinocchio::JointModelUniversalTpl<double, 0>, boost::recursive_wrapper<pinocchio::JointModelCompositeTpl<double, 0, pinocchio::JointCollectionDefaultTpl> >, boost::recursive_wrapper<pinocchio::JointModelMimicTpl<double, 0, pinocchio::JointCollectionDefaultTpl> > >&[m[K’
[5.855s]  1759 |     variant([01;36m[Kconst variant& operand[m[K)
[5.855s]       |             [01;36m[K~~~~~~~~~~~~~~~^~~~~~~[m[K
[5.856s] [01m[K/usr/include/boost/variant/variant.hpp:1375:5:[m[K [01;36m[Knote: [m[Kcandidate: ‘[01m[Kboost::variant<T0, TN>::variant() [with T0_ = pinocchio::JointModelRevoluteTpl<double, 0, 0>; TN = {pinocchio::JointModelRevoluteTpl<double, 0, 1>, pinocchio::JointModelRevoluteTpl<double, 0, 2>, pinocchio::JointModelFreeFlyerTpl<double, 0>, pinocchio::JointModelPlanarTpl<double, 0>, pinocchio::JointModelRevoluteUnalignedTpl<double, 0>, pinocchio::JointModelSphericalTpl<double, 0>, pinocchio::JointModelSphericalZYXTpl<double, 0>, pinocchio::JointModelEllipsoidTpl<double, 0>, pinocchio::JointModelPrismaticTpl<double, 0, 0>, pinocchio::JointModelPrismaticTpl<double, 0, 1>, pinocchio::JointModelPrismaticTpl<double, 0, 2>, pinocchio::JointModelPrismaticUnalignedTpl<double, 0>, pinocchio::JointModelTranslationTpl<double, 0>, pinocchio::JointModelRevoluteUnboundedTpl<double, 0, 0>, pinocchio::JointModelRevoluteUnboundedTpl<double, 0, 1>, pinocchio::JointModelRevoluteUnboundedTpl<double, 0, 2>, pinocchio::JointModelRevoluteUnboundedUnalignedTpl<double, 0>, pinocchio::JointModelHelicalTpl<double, 0, 0>, pinocchio::JointModelHelicalTpl<double, 0, 1>, pinocchio::JointModelHelicalTpl<double, 0, 2>, pinocchio::JointModelHelicalUnalignedTpl<double, 0>, pinocchio::JointModelUniversalTpl<double, 0>, boost::recursive_wrapper<pinocchio::JointModelCompositeTpl<double, 0, pinocchio::JointCollectionDefaultTpl> >, boost::recursive_wrapper<pinocchio::JointModelMimicTpl<double, 0, pinocchio::JointCollectionDefaultTpl> >}][m[K’
[5.856s]  1375 |     [01;36m[Kvariant[m[K()
[5.856s]       |     [01;36m[K^~~~~~~[m[K
[5.856s] [01m[K/usr/include/boost/variant/variant.hpp:1375:5:[m[K [01;36m[Knote: [m[K  candidate expects 0 arguments, 1 provided
[5.856s] In file included from [01m[K/opt/ros/humble/include/pinocchio/multibody/joint.hpp:84[m[K,
[5.856s]                  from [01m[K/opt/ros/humble/include/pinocchio/multibody.hpp:43[m[K,
[5.856s]                  from [01m[K/opt/ros/humble/include/pinocchio/parsers/urdf.hpp:27[m[K,
[5.856s]                  from [01m[K/home/minh/gim60108_ws/src/gim_arm_hardware/include/gim_arm_hardware/gim_arm_system.hpp:25[m[K,
[5.856s]                  from [01m[K/home/minh/gim60108_ws/src/gim_arm_hardware/src/gim_arm_system.cpp:1[m[K:
[5.856s] /opt/ros/humble/include/pinocchio/src/multibody/joint/joint-generic.hxx: In instantiation of ‘[01m[Kpinocchio::JointModelTpl<Scalar, Options, JointCollectionTpl>::JointModelTpl(const pinocchio::JointModelBase<OtherDerived>&) [with JointModelDerived = pinocchio::JointModelRevoluteUnboundedTpl<double, 0, 2>; _Scalar = double; int _Options = 0; JointCollectionTpl = pinocchio::JointCollectionDefaultTpl][m[K’:
[5.856s] [01m[K/opt/ros/humble/include/pinocchio/src/parsers/urdf/model.hxx:509:34:[m[K   required from ‘[01m[Kpinocchio::JointIndex pinocchio::urdf::details::UrdfVisitor::addJoint(const Vector3&, const Frame&, const SE3&, const string&, const VectorConstRef&, const VectorConstRef&, const VectorConstRef&, const VectorConstRef&, const VectorConstRef&, const VectorConstRef&, const VectorConstRef&, const VectorConstRef&, const VectorConstRef&, const VectorConstRef&) [with TypeX = pinocchio::JointModelRevoluteUnboundedTpl<double, 0, 0>; TypeY = pinocchio::JointModelRevoluteUnboundedTpl<double, 0, 1>; TypeZ = pinocchio::JointModelRevoluteUnboundedTpl<double, 0, 2>; TypeUnaligned = pinocchio::JointModelRevoluteUnboundedUnalignedTpl<double>; pinocchio::JointIndex = long unsigned int; pinocchio::urdf::details::UrdfVisitor::Vector3 = Eigen::Matrix<double, 3, 1>; pinocchio::urdf::details::UrdfVisitor::Frame = pinocchio::FrameTpl<double, 0>; pinocchio::urdf::details::UrdfVisitor::SE3 = pinocchio::SE3Tpl<double, 0>; std::string = std::__cxx11::basic_string<char>; pinocchio::urdf::details::UrdfVisitor::VectorConstRef = Eigen::Ref<const Eigen::Matrix<double, -1, 1> >][m[K’
[5.856s] [01m[K/opt/ros/humble/include/pinocchio/src/parsers/urdf/model.hxx:254:78:[m[K   required from here
[5.856s] [01m[K/opt/ros/humble/include/pinocchio/src/multibody/joint/joint-generic.hxx:306:25:[m[K [01;31m[Kerror: [m[Kno matching function for call to ‘[01m[Kboost::variant<pinocchio::JointModelRevoluteTpl<double, 0, 0>, pinocchio::JointModelRevoluteTpl<double, 0, 1>, pinocchio::JointModelRevoluteTpl<double, 0, 2>, pinocchio::JointModelFreeFlyerTpl<double, 0>, pinocchio::JointModelPlanarTpl<double, 0>, pinocchio::JointModelRevoluteUnalignedTpl<double, 0>, pinocchio::JointModelSphericalTpl<double, 0>, pinocchio::JointModelSphericalZYXTpl<double, 0>, pinocchio::JointModelEllipsoidTpl<double, 0>, pinocchio::JointModelPrismaticTpl<double, 0, 0>, pinocchio::JointModelPrismaticTpl<double, 0, 1>, pinocchio::JointModelPrismaticTpl<double, 0, 2>, pinocchio::JointModelPrismaticUnalignedTpl<double, 0>, pinocchio::JointModelTranslationTpl<double, 0>, pinocchio::JointModelRevoluteUnboundedTpl<double, 0, 0>, pinocchio::JointModelRevoluteUnboundedTpl<double, 0, 1>, pinocchio::JointModelRevoluteUnboundedTpl<double, 0, 2>, pinocchio::JointModelRevoluteUnboundedUnalignedTpl<double, 0>, pinocchio::JointModelHelicalTpl<double, 0, 0>, pinocchio::JointModelHelicalTpl<double, 0, 1>, pinocchio::JointModelHelicalTpl<double, 0, 2>, pinocchio::JointModelHelicalUnalignedTpl<double, 0>, pinocchio::JointModelUniversalTpl<double, 0>, boost::recursive_wrapper<pinocchio::JointModelCompositeTpl<double, 0, pinocchio::JointCollectionDefaultTpl> >, boost::recursive_wrapper<pinocchio::JointModelMimicTpl<double, 0, pinocchio::JointCollectionDefaultTpl> > >::variant(const JointModelDerived&)[m[K’
[5.856s]   306 |     : JointModelVariant([01;31m[K(JointModelVariant)jmodel.derived()[m[K)
[5.856s]       |                         [01;31m[K^~~~~~~~~~~~~~~~~~~~~~~~~~~~~~~~~~~[m[K
[5.856s] In file included from [01m[K/usr/include/boost/variant.hpp:17[m[K,
[5.856s]                  from [01m[K/opt/ros/humble/include/pinocchio/multibody.hpp:21[m[K,
[5.856s]                  from [01m[K/opt/ros/humble/include/pinocchio/parsers/urdf.hpp:27[m[K,
[5.856s]                  from [01m[K/home/minh/gim60108_ws/src/gim_arm_hardware/include/gim_arm_hardware/gim_arm_system.hpp:25[m[K,
[5.856s]                  from [01m[K/home/minh/gim60108_ws/src/gim_arm_hardware/src/gim_arm_system.cpp:1[m[K:
[5.856s] [01m[K/usr/include/boost/variant/variant.hpp:1770:5:[m[K [01;36m[Knote: [m[Kcandidate: ‘[01m[Kboost::variant<T0, TN>::variant(boost::variant<T0, TN>&&) [with T0_ = pinocchio::JointModelRevoluteTpl<double, 0, 0>; TN = {pinocchio::JointModelRevoluteTpl<double, 0, 1>, pinocchio::JointModelRevoluteTpl<double, 0, 2>, pinocchio::JointModelFreeFlyerTpl<double, 0>, pinocchio::JointModelPlanarTpl<double, 0>, pinocchio::JointModelRevoluteUnalignedTpl<double, 0>, pinocchio::JointModelSphericalTpl<double, 0>, pinocchio::JointModelSphericalZYXTpl<double, 0>, pinocchio::JointModelEllipsoidTpl<double, 0>, pinocchio::JointModelPrismaticTpl<double, 0, 0>, pinocchio::JointModelPrismaticTpl<double, 0, 1>, pinocchio::JointModelPrismaticTpl<double, 0, 2>, pinocchio::JointModelPrismaticUnalignedTpl<double, 0>, pinocchio::JointModelTranslationTpl<double, 0>, pinocchio::JointModelRevoluteUnboundedTpl<double, 0, 0>, pinocchio::JointModelRevoluteUnboundedTpl<double, 0, 1>, pinocchio::JointModelRevoluteUnboundedTpl<double, 0, 2>, pinocchio::JointModelRevoluteUnboundedUnalignedTpl<double, 0>, pinocchio::JointModelHelicalTpl<double, 0, 0>, pinocchio::JointModelHelicalTpl<double, 0, 1>, pinocchio::JointModelHelicalTpl<double, 0, 2>, pinocchio::JointModelHelicalUnalignedTpl<double, 0>, pinocchio::JointModelUniversalTpl<double, 0>, boost::recursive_wrapper<pinocchio::JointModelCompositeTpl<double, 0, pinocchio::JointCollectionDefaultTpl> >, boost::recursive_wrapper<pinocchio::JointModelMimicTpl<double, 0, pinocchio::JointCollectionDefaultTpl> >}][m[K’
[5.856s]  1770 |     [01;36m[Kvariant[m[K(variant&& operand) BOOST_NOEXCEPT_IF(variant_move_noexcept_constructible::type::value)
[5.856s]       |     [01;36m[K^~~~~~~[m[K
[5.856s] [01m[K/usr/include/boost/variant/variant.hpp:1770:23:[m[K [01;36m[Knote: [m[K  no known conversion for argument 1 from ‘[01m[Kconst JointModelDerived[m[K’ {aka ‘[01m[Kconst pinocchio::JointModelRevoluteUnboundedTpl<double, 0, 2>[m[K’} to ‘[01m[Kboost::variant<pinocchio::JointModelRevoluteTpl<double, 0, 0>, pinocchio::JointModelRevoluteTpl<double, 0, 1>, pinocchio::JointModelRevoluteTpl<double, 0, 2>, pinocchio::JointModelFreeFlyerTpl<double, 0>, pinocchio::JointModelPlanarTpl<double, 0>, pinocchio::JointModelRevoluteUnalignedTpl<double, 0>, pinocchio::JointModelSphericalTpl<double, 0>, pinocchio::JointModelSphericalZYXTpl<double, 0>, pinocchio::JointModelEllipsoidTpl<double, 0>, pinocchio::JointModelPrismaticTpl<double, 0, 0>, pinocchio::JointModelPrismaticTpl<double, 0, 1>, pinocchio::JointModelPrismaticTpl<double, 0, 2>, pinocchio::JointModelPrismaticUnalignedTpl<double, 0>, pinocchio::JointModelTranslationTpl<double, 0>, pinocchio::JointModelRevoluteUnboundedTpl<double, 0, 0>, pinocchio::JointModelRevoluteUnboundedTpl<double, 0, 1>, pinocchio::JointModelRevoluteUnboundedTpl<double, 0, 2>, pinocchio::JointModelRevoluteUnboundedUnalignedTpl<double, 0>, pinocchio::JointModelHelicalTpl<double, 0, 0>, pinocchio::JointModelHelicalTpl<double, 0, 1>, pinocchio::JointModelHelicalTpl<double, 0, 2>, pinocchio::JointModelHelicalUnalignedTpl<double, 0>, pinocchio::JointModelUniversalTpl<double, 0>, boost::recursive_wrapper<pinocchio::JointModelCompositeTpl<double, 0, pinocchio::JointCollectionDefaultTpl> >, boost::recursive_wrapper<pinocchio::JointModelMimicTpl<double, 0, pinocchio::JointCollectionDefaultTpl> > >&&[m[K’
[5.856s]  1770 |     variant([01;36m[Kvariant&& operand[m[K) BOOST_NOEXCEPT_IF(variant_move_noexcept_constructible::type::value)
[5.856s]       |             [01;36m[K~~~~~~~~~~^~~~~~~[m[K
[5.856s] [01m[K/usr/include/boost/variant/variant.hpp:1759:5:[m[K [01;36m[Knote: [m[Kcandidate: ‘[01m[Kboost::variant<T0, TN>::variant(const boost::variant<T0, TN>&) [with T0_ = pinocchio::JointModelRevoluteTpl<double, 0, 0>; TN = {pinocchio::JointModelRevoluteTpl<double, 0, 1>, pinocchio::JointModelRevoluteTpl<double, 0, 2>, pinocchio::JointModelFreeFlyerTpl<double, 0>, pinocchio::JointModelPlanarTpl<double, 0>, pinocchio::JointModelRevoluteUnalignedTpl<double, 0>, pinocchio::JointModelSphericalTpl<double, 0>, pinocchio::JointModelSphericalZYXTpl<double, 0>, pinocchio::JointModelEllipsoidTpl<double, 0>, pinocchio::JointModelPrismaticTpl<double, 0, 0>, pinocchio::JointModelPrismaticTpl<double, 0, 1>, pinocchio::JointModelPrismaticTpl<double, 0, 2>, pinocchio::JointModelPrismaticUnalignedTpl<double, 0>, pinocchio::JointModelTranslationTpl<double, 0>, pinocchio::JointModelRevoluteUnboundedTpl<double, 0, 0>, pinocchio::JointModelRevoluteUnboundedTpl<double, 0, 1>, pinocchio::JointModelRevoluteUnboundedTpl<double, 0, 2>, pinocchio::JointModelRevoluteUnboundedUnalignedTpl<double, 0>, pinocchio::JointModelHelicalTpl<double, 0, 0>, pinocchio::JointModelHelicalTpl<double, 0, 1>, pinocchio::JointModelHelicalTpl<double, 0, 2>, pinocchio::JointModelHelicalUnalignedTpl<double, 0>, pinocchio::JointModelUniversalTpl<double, 0>, boost::recursive_wrapper<pinocchio::JointModelCompositeTpl<double, 0, pinocchio::JointCollectionDefaultTpl> >, boost::recursive_wrapper<pinocchio::JointModelMimicTpl<double, 0, pinocchio::JointCollectionDefaultTpl> >}][m[K’
[5.856s]  1759 |     [01;36m[Kvariant[m[K(const variant& operand)
[5.856s]       |     [01;36m[K^~~~~~~[m[K
[5.856s] [01m[K/usr/include/boost/variant/variant.hpp:1759:28:[m[K [01;36m[Knote: [m[K  no known conversion for argument 1 from ‘[01m[Kconst JointModelDerived[m[K’ {aka ‘[01m[Kconst pinocchio::JointModelRevoluteUnboundedTpl<double, 0, 2>[m[K’} to ‘[01m[Kconst boost::variant<pinocchio::JointModelRevoluteTpl<double, 0, 0>, pinocchio::JointModelRevoluteTpl<double, 0, 1>, pinocchio::JointModelRevoluteTpl<double, 0, 2>, pinocchio::JointModelFreeFlyerTpl<double, 0>, pinocchio::JointModelPlanarTpl<double, 0>, pinocchio::JointModelRevoluteUnalignedTpl<double, 0>, pinocchio::JointModelSphericalTpl<double, 0>, pinocchio::JointModelSphericalZYXTpl<double, 0>, pinocchio::JointModelEllipsoidTpl<double, 0>, pinocchio::JointModelPrismaticTpl<double, 0, 0>, pinocchio::JointModelPrismaticTpl<double, 0, 1>, pinocchio::JointModelPrismaticTpl<double, 0, 2>, pinocchio::JointModelPrismaticUnalignedTpl<double, 0>, pinocchio::JointModelTranslationTpl<double, 0>, pinocchio::JointModelRevoluteUnboundedTpl<double, 0, 0>, pinocchio::JointModelRevoluteUnboundedTpl<double, 0, 1>, pinocchio::JointModelRevoluteUnboundedTpl<double, 0, 2>, pinocchio::JointModelRevoluteUnboundedUnalignedTpl<double, 0>, pinocchio::JointModelHelicalTpl<double, 0, 0>, pinocchio::JointModelHelicalTpl<double, 0, 1>, pinocchio::JointModelHelicalTpl<double, 0, 2>, pinocchio::JointModelHelicalUnalignedTpl<double, 0>, pinocchio::JointModelUniversalTpl<double, 0>, boost::recursive_wrapper<pinocchio::JointModelCompositeTpl<double, 0, pinocchio::JointCollectionDefaultTpl> >, boost::recursive_wrapper<pinocchio::JointModelMimicTpl<double, 0, pinocchio::JointCollectionDefaultTpl> > >&[m[K’
[5.856s]  1759 |     variant([01;36m[Kconst variant& operand[m[K)
[5.856s]       |             [01;36m[K~~~~~~~~~~~~~~~^~~~~~~[m[K
[5.857s] [01m[K/usr/include/boost/variant/variant.hpp:1375:5:[m[K [01;36m[Knote: [m[Kcandidate: ‘[01m[Kboost::variant<T0, TN>::variant() [with T0_ = pinocchio::JointModelRevoluteTpl<double, 0, 0>; TN = {pinocchio::JointModelRevoluteTpl<double, 0, 1>, pinocchio::JointModelRevoluteTpl<double, 0, 2>, pinocchio::JointModelFreeFlyerTpl<double, 0>, pinocchio::JointModelPlanarTpl<double, 0>, pinocchio::JointModelRevoluteUnalignedTpl<double, 0>, pinocchio::JointModelSphericalTpl<double, 0>, pinocchio::JointModelSphericalZYXTpl<double, 0>, pinocchio::JointModelEllipsoidTpl<double, 0>, pinocchio::JointModelPrismaticTpl<double, 0, 0>, pinocchio::JointModelPrismaticTpl<double, 0, 1>, pinocchio::JointModelPrismaticTpl<double, 0, 2>, pinocchio::JointModelPrismaticUnalignedTpl<double, 0>, pinocchio::JointModelTranslationTpl<double, 0>, pinocchio::JointModelRevoluteUnboundedTpl<double, 0, 0>, pinocchio::JointModelRevoluteUnboundedTpl<double, 0, 1>, pinocchio::JointModelRevoluteUnboundedTpl<double, 0, 2>, pinocchio::JointModelRevoluteUnboundedUnalignedTpl<double, 0>, pinocchio::JointModelHelicalTpl<double, 0, 0>, pinocchio::JointModelHelicalTpl<double, 0, 1>, pinocchio::JointModelHelicalTpl<double, 0, 2>, pinocchio::JointModelHelicalUnalignedTpl<double, 0>, pinocchio::JointModelUniversalTpl<double, 0>, boost::recursive_wrapper<pinocchio::JointModelCompositeTpl<double, 0, pinocchio::JointCollectionDefaultTpl> >, boost::recursive_wrapper<pinocchio::JointModelMimicTpl<double, 0, pinocchio::JointCollectionDefaultTpl> >}][m[K’
[5.857s]  1375 |     [01;36m[Kvariant[m[K()
[5.857s]       |     [01;36m[K^~~~~~~[m[K
[5.857s] [01m[K/usr/include/boost/variant/variant.hpp:1375:5:[m[K [01;36m[Knote: [m[K  candidate expects 0 arguments, 1 provided
[5.857s] In file included from [01m[K/opt/ros/humble/include/pinocchio/multibody/joint.hpp:84[m[K,
[5.857s]                  from [01m[K/opt/ros/humble/include/pinocchio/multibody.hpp:43[m[K,
[5.857s]                  from [01m[K/opt/ros/humble/include/pinocchio/parsers/urdf.hpp:27[m[K,
[5.857s]                  from [01m[K/home/minh/gim60108_ws/src/gim_arm_hardware/include/gim_arm_hardware/gim_arm_system.hpp:25[m[K,
[5.857s]                  from [01m[K/home/minh/gim60108_ws/src/gim_arm_hardware/src/gim_arm_system.cpp:1[m[K:
[5.857s] /opt/ros/humble/include/pinocchio/src/multibody/joint/joint-generic.hxx: In instantiation of ‘[01m[Kpinocchio::JointModelTpl<Scalar, Options, JointCollectionTpl>::JointModelTpl(const pinocchio::JointModelBase<OtherDerived>&) [with JointModelDerived = pinocchio::JointModelRevoluteUnboundedUnalignedTpl<double>; _Scalar = double; int _Options = 0; JointCollectionTpl = pinocchio::JointCollectionDefaultTpl][m[K’:
[5.857s] [01m[K/opt/ros/humble/include/pinocchio/src/parsers/urdf/model.hxx:516:34:[m[K   required from ‘[01m[Kpinocchio::JointIndex pinocchio::urdf::details::UrdfVisitor::addJoint(const Vector3&, const Frame&, const SE3&, const string&, const VectorConstRef&, const VectorConstRef&, const VectorConstRef&, const VectorConstRef&, const VectorConstRef&, const VectorConstRef&, const VectorConstRef&, const VectorConstRef&, const VectorConstRef&, const VectorConstRef&) [with TypeX = pinocchio::JointModelRevoluteUnboundedTpl<double, 0, 0>; TypeY = pinocchio::JointModelRevoluteUnboundedTpl<double, 0, 1>; TypeZ = pinocchio::JointModelRevoluteUnboundedTpl<double, 0, 2>; TypeUnaligned = pinocchio::JointModelRevoluteUnboundedUnalignedTpl<double>; pinocchio::JointIndex = long unsigned int; pinocchio::urdf::details::UrdfVisitor::Vector3 = Eigen::Matrix<double, 3, 1>; pinocchio::urdf::details::UrdfVisitor::Frame = pinocchio::FrameTpl<double, 0>; pinocchio::urdf::details::UrdfVisitor::SE3 = pinocchio::SE3Tpl<double, 0>; std::string = std::__cxx11::basic_string<char>; pinocchio::urdf::details::UrdfVisitor::VectorConstRef = Eigen::Ref<const Eigen::Matrix<double, -1, 1> >][m[K’
[5.857s] [01m[K/opt/ros/humble/include/pinocchio/src/parsers/urdf/model.hxx:254:78:[m[K   required from here
[5.857s] [01m[K/opt/ros/humble/include/pinocchio/src/multibody/joint/joint-generic.hxx:306:25:[m[K [01;31m[Kerror: [m[Kno matching function for call to ‘[01m[Kboost::variant<pinocchio::JointModelRevoluteTpl<double, 0, 0>, pinocchio::JointModelRevoluteTpl<double, 0, 1>, pinocchio::JointModelRevoluteTpl<double, 0, 2>, pinocchio::JointModelFreeFlyerTpl<double, 0>, pinocchio::JointModelPlanarTpl<double, 0>, pinocchio::JointModelRevoluteUnalignedTpl<double, 0>, pinocchio::JointModelSphericalTpl<double, 0>, pinocchio::JointModelSphericalZYXTpl<double, 0>, pinocchio::JointModelEllipsoidTpl<double, 0>, pinocchio::JointModelPrismaticTpl<double, 0, 0>, pinocchio::JointModelPrismaticTpl<double, 0, 1>, pinocchio::JointModelPrismaticTpl<double, 0, 2>, pinocchio::JointModelPrismaticUnalignedTpl<double, 0>, pinocchio::JointModelTranslationTpl<double, 0>, pinocchio::JointModelRevoluteUnboundedTpl<double, 0, 0>, pinocchio::JointModelRevoluteUnboundedTpl<double, 0, 1>, pinocchio::JointModelRevoluteUnboundedTpl<double, 0, 2>, pinocchio::JointModelRevoluteUnboundedUnalignedTpl<double, 0>, pinocchio::JointModelHelicalTpl<double, 0, 0>, pinocchio::JointModelHelicalTpl<double, 0, 1>, pinocchio::JointModelHelicalTpl<double, 0, 2>, pinocchio::JointModelHelicalUnalignedTpl<double, 0>, pinocchio::JointModelUniversalTpl<double, 0>, boost::recursive_wrapper<pinocchio::JointModelCompositeTpl<double, 0, pinocchio::JointCollectionDefaultTpl> >, boost::recursive_wrapper<pinocchio::JointModelMimicTpl<double, 0, pinocchio::JointCollectionDefaultTpl> > >::variant(const JointModelDerived&)[m[K’
[5.857s]   306 |     : JointModelVariant([01;31m[K(JointModelVariant)jmodel.derived()[m[K)
[5.857s]       |                         [01;31m[K^~~~~~~~~~~~~~~~~~~~~~~~~~~~~~~~~~~[m[K
[5.857s] In file included from [01m[K/usr/include/boost/variant.hpp:17[m[K,
[5.857s]                  from [01m[K/opt/ros/humble/include/pinocchio/multibody.hpp:21[m[K,
[5.857s]                  from [01m[K/opt/ros/humble/include/pinocchio/parsers/urdf.hpp:27[m[K,
[5.857s]                  from [01m[K/home/minh/gim60108_ws/src/gim_arm_hardware/include/gim_arm_hardware/gim_arm_system.hpp:25[m[K,
[5.857s]                  from [01m[K/home/minh/gim60108_ws/src/gim_arm_hardware/src/gim_arm_system.cpp:1[m[K:
[5.857s] [01m[K/usr/include/boost/variant/variant.hpp:1770:5:[m[K [01;36m[Knote: [m[Kcandidate: ‘[01m[Kboost::variant<T0, TN>::variant(boost::variant<T0, TN>&&) [with T0_ = pinocchio::JointModelRevoluteTpl<double, 0, 0>; TN = {pinocchio::JointModelRevoluteTpl<double, 0, 1>, pinocchio::JointModelRevoluteTpl<double, 0, 2>, pinocchio::JointModelFreeFlyerTpl<double, 0>, pinocchio::JointModelPlanarTpl<double, 0>, pinocchio::JointModelRevoluteUnalignedTpl<double, 0>, pinocchio::JointModelSphericalTpl<double, 0>, pinocchio::JointModelSphericalZYXTpl<double, 0>, pinocchio::JointModelEllipsoidTpl<double, 0>, pinocchio::JointModelPrismaticTpl<double, 0, 0>, pinocchio::JointModelPrismaticTpl<double, 0, 1>, pinocchio::JointModelPrismaticTpl<double, 0, 2>, pinocchio::JointModelPrismaticUnalignedTpl<double, 0>, pinocchio::JointModelTranslationTpl<double, 0>, pinocchio::JointModelRevoluteUnboundedTpl<double, 0, 0>, pinocchio::JointModelRevoluteUnboundedTpl<double, 0, 1>, pinocchio::JointModelRevoluteUnboundedTpl<double, 0, 2>, pinocchio::JointModelRevoluteUnboundedUnalignedTpl<double, 0>, pinocchio::JointModelHelicalTpl<double, 0, 0>, pinocchio::JointModelHelicalTpl<double, 0, 1>, pinocchio::JointModelHelicalTpl<double, 0, 2>, pinocchio::JointModelHelicalUnalignedTpl<double, 0>, pinocchio::JointModelUniversalTpl<double, 0>, boost::recursive_wrapper<pinocchio::JointModelCompositeTpl<double, 0, pinocchio::JointCollectionDefaultTpl> >, boost::recursive_wrapper<pinocchio::JointModelMimicTpl<double, 0, pinocchio::JointCollectionDefaultTpl> >}][m[K’
[5.857s]  1770 |     [01;36m[Kvariant[m[K(variant&& operand) BOOST_NOEXCEPT_IF(variant_move_noexcept_constructible::type::value)
[5.857s]       |     [01;36m[K^~~~~~~[m[K
[5.857s] [01m[K/usr/include/boost/variant/variant.hpp:1770:23:[m[K [01;36m[Knote: [m[K  no known conversion for argument 1 from ‘[01m[Kconst JointModelDerived[m[K’ {aka ‘[01m[Kconst pinocchio::JointModelRevoluteUnboundedUnalignedTpl<double>[m[K’} to ‘[01m[Kboost::variant<pinocchio::JointModelRevoluteTpl<double, 0, 0>, pinocchio::JointModelRevoluteTpl<double, 0, 1>, pinocchio::JointModelRevoluteTpl<double, 0, 2>, pinocchio::JointModelFreeFlyerTpl<double, 0>, pinocchio::JointModelPlanarTpl<double, 0>, pinocchio::JointModelRevoluteUnalignedTpl<double, 0>, pinocchio::JointModelSphericalTpl<double, 0>, pinocchio::JointModelSphericalZYXTpl<double, 0>, pinocchio::JointModelEllipsoidTpl<double, 0>, pinocchio::JointModelPrismaticTpl<double, 0, 0>, pinocchio::JointModelPrismaticTpl<double, 0, 1>, pinocchio::JointModelPrismaticTpl<double, 0, 2>, pinocchio::JointModelPrismaticUnalignedTpl<double, 0>, pinocchio::JointModelTranslationTpl<double, 0>, pinocchio::JointModelRevoluteUnboundedTpl<double, 0, 0>, pinocchio::JointModelRevoluteUnboundedTpl<double, 0, 1>, pinocchio::JointModelRevoluteUnboundedTpl<double, 0, 2>, pinocchio::JointModelRevoluteUnboundedUnalignedTpl<double, 0>, pinocchio::JointModelHelicalTpl<double, 0, 0>, pinocchio::JointModelHelicalTpl<double, 0, 1>, pinocchio::JointModelHelicalTpl<double, 0, 2>, pinocchio::JointModelHelicalUnalignedTpl<double, 0>, pinocchio::JointModelUniversalTpl<double, 0>, boost::recursive_wrapper<pinocchio::JointModelCompositeTpl<double, 0, pinocchio::JointCollectionDefaultTpl> >, boost::recursive_wrapper<pinocchio::JointModelMimicTpl<double, 0, pinocchio::JointCollectionDefaultTpl> > >&&[m[K’
[5.857s]  1770 |     variant([01;36m[Kvariant&& operand[m[K) BOOST_NOEXCEPT_IF(variant_move_noexcept_constructible::type::value)
[5.857s]       |             [01;36m[K~~~~~~~~~~^~~~~~~[m[K
[5.857s] [01m[K/usr/include/boost/variant/variant.hpp:1759:5:[m[K [01;36m[Knote: [m[Kcandidate: ‘[01m[Kboost::variant<T0, TN>::variant(const boost::variant<T0, TN>&) [with T0_ = pinocchio::JointModelRevoluteTpl<double, 0, 0>; TN = {pinocchio::JointModelRevoluteTpl<double, 0, 1>, pinocchio::JointModelRevoluteTpl<double, 0, 2>, pinocchio::JointModelFreeFlyerTpl<double, 0>, pinocchio::JointModelPlanarTpl<double, 0>, pinocchio::JointModelRevoluteUnalignedTpl<double, 0>, pinocchio::JointModelSphericalTpl<double, 0>, pinocchio::JointModelSphericalZYXTpl<double, 0>, pinocchio::JointModelEllipsoidTpl<double, 0>, pinocchio::JointModelPrismaticTpl<double, 0, 0>, pinocchio::JointModelPrismaticTpl<double, 0, 1>, pinocchio::JointModelPrismaticTpl<double, 0, 2>, pinocchio::JointModelPrismaticUnalignedTpl<double, 0>, pinocchio::JointModelTranslationTpl<double, 0>, pinocchio::JointModelRevoluteUnboundedTpl<double, 0, 0>, pinocchio::JointModelRevoluteUnboundedTpl<double, 0, 1>, pinocchio::JointModelRevoluteUnboundedTpl<double, 0, 2>, pinocchio::JointModelRevoluteUnboundedUnalignedTpl<double, 0>, pinocchio::JointModelHelicalTpl<double, 0, 0>, pinocchio::JointModelHelicalTpl<double, 0, 1>, pinocchio::JointModelHelicalTpl<double, 0, 2>, pinocchio::JointModelHelicalUnalignedTpl<double, 0>, pinocchio::JointModelUniversalTpl<double, 0>, boost::recursive_wrapper<pinocchio::JointModelCompositeTpl<double, 0, pinocchio::JointCollectionDefaultTpl> >, boost::recursive_wrapper<pinocchio::JointModelMimicTpl<double, 0, pinocchio::JointCollectionDefaultTpl> >}][m[K’
[5.857s]  1759 |     [01;36m[Kvariant[m[K(const variant& operand)
[5.857s]       |     [01;36m[K^~~~~~~[m[K
[5.857s] [01m[K/usr/include/boost/variant/variant.hpp:1759:28:[m[K [01;36m[Knote: [m[K  no known conversion for argument 1 from ‘[01m[Kconst JointModelDerived[m[K’ {aka ‘[01m[Kconst pinocchio::JointModelRevoluteUnboundedUnalignedTpl<double>[m[K’} to ‘[01m[Kconst boost::variant<pinocchio::JointModelRevoluteTpl<double, 0, 0>, pinocchio::JointModelRevoluteTpl<double, 0, 1>, pinocchio::JointModelRevoluteTpl<double, 0, 2>, pinocchio::JointModelFreeFlyerTpl<double, 0>, pinocchio::JointModelPlanarTpl<double, 0>, pinocchio::JointModelRevoluteUnalignedTpl<double, 0>, pinocchio::JointModelSphericalTpl<double, 0>, pinocchio::JointModelSphericalZYXTpl<double, 0>, pinocchio::JointModelEllipsoidTpl<double, 0>, pinocchio::JointModelPrismaticTpl<double, 0, 0>, pinocchio::JointModelPrismaticTpl<double, 0, 1>, pinocchio::JointModelPrismaticTpl<double, 0, 2>, pinocchio::JointModelPrismaticUnalignedTpl<double, 0>, pinocchio::JointModelTranslationTpl<double, 0>, pinocchio::JointModelRevoluteUnboundedTpl<double, 0, 0>, pinocchio::JointModelRevoluteUnboundedTpl<double, 0, 1>, pinocchio::JointModelRevoluteUnboundedTpl<double, 0, 2>, pinocchio::JointModelRevoluteUnboundedUnalignedTpl<double, 0>, pinocchio::JointModelHelicalTpl<double, 0, 0>, pinocchio::JointModelHelicalTpl<double, 0, 1>, pinocchio::JointModelHelicalTpl<double, 0, 2>, pinocchio::JointModelHelicalUnalignedTpl<double, 0>, pinocchio::JointModelUniversalTpl<double, 0>, boost::recursive_wrapper<pinocchio::JointModelCompositeTpl<double, 0, pinocchio::JointCollectionDefaultTpl> >, boost::recursive_wrapper<pinocchio::JointModelMimicTpl<double, 0, pinocchio::JointCollectionDefaultTpl> > >&[m[K’
[5.857s]  1759 |     variant([01;36m[Kconst variant& operand[m[K)
[5.857s]       |             [01;36m[K~~~~~~~~~~~~~~~^~~~~~~[m[K
[5.857s] [01m[K/usr/include/boost/variant/variant.hpp:1375:5:[m[K [01;36m[Knote: [m[Kcandidate: ‘[01m[Kboost::variant<T0, TN>::variant() [with T0_ = pinocchio::JointModelRevoluteTpl<double, 0, 0>; TN = {pinocchio::JointModelRevoluteTpl<double, 0, 1>, pinocchio::JointModelRevoluteTpl<double, 0, 2>, pinocchio::JointModelFreeFlyerTpl<double, 0>, pinocchio::JointModelPlanarTpl<double, 0>, pinocchio::JointModelRevoluteUnalignedTpl<double, 0>, pinocchio::JointModelSphericalTpl<double, 0>, pinocchio::JointModelSphericalZYXTpl<double, 0>, pinocchio::JointModelEllipsoidTpl<double, 0>, pinocchio::JointModelPrismaticTpl<double, 0, 0>, pinocchio::JointModelPrismaticTpl<double, 0, 1>, pinocchio::JointModelPrismaticTpl<double, 0, 2>, pinocchio::JointModelPrismaticUnalignedTpl<double, 0>, pinocchio::JointModelTranslationTpl<double, 0>, pinocchio::JointModelRevoluteUnboundedTpl<double, 0, 0>, pinocchio::JointModelRevoluteUnboundedTpl<double, 0, 1>, pinocchio::JointModelRevoluteUnboundedTpl<double, 0, 2>, pinocchio::JointModelRevoluteUnboundedUnalignedTpl<double, 0>, pinocchio::JointModelHelicalTpl<double, 0, 0>, pinocchio::JointModelHelicalTpl<double, 0, 1>, pinocchio::JointModelHelicalTpl<double, 0, 2>, pinocchio::JointModelHelicalUnalignedTpl<double, 0>, pinocchio::JointModelUniversalTpl<double, 0>, boost::recursive_wrapper<pinocchio::JointModelCompositeTpl<double, 0, pinocchio::JointCollectionDefaultTpl> >, boost::recursive_wrapper<pinocchio::JointModelMimicTpl<double, 0, pinocchio::JointCollectionDefaultTpl> >}][m[K’
[5.857s]  1375 |     [01;36m[Kvariant[m[K()
[5.857s]       |     [01;36m[K^~~~~~~[m[K
[5.857s] [01m[K/usr/include/boost/variant/variant.hpp:1375:5:[m[K [01;36m[Knote: [m[K  candidate expects 0 arguments, 1 provided
[5.857s] In file included from [01m[K/opt/ros/humble/include/pinocchio/multibody/joint.hpp:84[m[K,
[5.857s]                  from [01m[K/opt/ros/humble/include/pinocchio/multibody.hpp:43[m[K,
[5.858s]                  from [01m[K/opt/ros/humble/include/pinocchio/parsers/urdf.hpp:27[m[K,
[5.858s]                  from [01m[K/home/minh/gim60108_ws/src/gim_arm_hardware/include/gim_arm_hardware/gim_arm_system.hpp:25[m[K,
[5.858s]                  from [01m[K/home/minh/gim60108_ws/src/gim_arm_hardware/src/gim_arm_system.cpp:1[m[K:
[5.858s] /opt/ros/humble/include/pinocchio/src/multibody/joint/joint-generic.hxx: In instantiation of ‘[01m[Kpinocchio::JointModelTpl<Scalar, Options, JointCollectionTpl>::JointModelTpl(const pinocchio::JointModelBase<OtherDerived>&) [with JointModelDerived = pinocchio::JointModelPrismaticTpl<double, 0, 0>; _Scalar = double; int _Options = 0; JointCollectionTpl = pinocchio::JointCollectionDefaultTpl][m[K’:
[5.858s] [01m[K/opt/ros/humble/include/pinocchio/src/parsers/urdf/model.hxx:495:34:[m[K   required from ‘[01m[Kpinocchio::JointIndex pinocchio::urdf::details::UrdfVisitor::addJoint(const Vector3&, const Frame&, const SE3&, const string&, const VectorConstRef&, const VectorConstRef&, const VectorConstRef&, const VectorConstRef&, const VectorConstRef&, const VectorConstRef&, const VectorConstRef&, const VectorConstRef&, const VectorConstRef&, const VectorConstRef&) [with TypeX = pinocchio::JointModelPrismaticTpl<double, 0, 0>; TypeY = pinocchio::JointModelPrismaticTpl<double, 0, 1>; TypeZ = pinocchio::JointModelPrismaticTpl<double, 0, 2>; TypeUnaligned = pinocchio::JointModelPrismaticUnalignedTpl<double>; pinocchio::JointIndex = long unsigned int; pinocchio::urdf::details::UrdfVisitor::Vector3 = Eigen::Matrix<double, 3, 1>; pinocchio::urdf::details::UrdfVisitor::Frame = pinocchio::FrameTpl<double, 0>; pinocchio::urdf::details::UrdfVisitor::SE3 = pinocchio::SE3Tpl<double, 0>; std::string = std::__cxx11::basic_string<char>; pinocchio::urdf::details::UrdfVisitor::VectorConstRef = Eigen::Ref<const Eigen::Matrix<double, -1, 1> >][m[K’
[5.858s] [01m[K/opt/ros/humble/include/pinocchio/src/parsers/urdf/model.hxx:263:70:[m[K   required from here
[5.858s] [01m[K/opt/ros/humble/include/pinocchio/src/multibody/joint/joint-generic.hxx:306:25:[m[K [01;31m[Kerror: [m[Kno matching function for call to ‘[01m[Kboost::variant<pinocchio::JointModelRevoluteTpl<double, 0, 0>, pinocchio::JointModelRevoluteTpl<double, 0, 1>, pinocchio::JointModelRevoluteTpl<double, 0, 2>, pinocchio::JointModelFreeFlyerTpl<double, 0>, pinocchio::JointModelPlanarTpl<double, 0>, pinocchio::JointModelRevoluteUnalignedTpl<double, 0>, pinocchio::JointModelSphericalTpl<double, 0>, pinocchio::JointModelSphericalZYXTpl<double, 0>, pinocchio::JointModelEllipsoidTpl<double, 0>, pinocchio::JointModelPrismaticTpl<double, 0, 0>, pinocchio::JointModelPrismaticTpl<double, 0, 1>, pinocchio::JointModelPrismaticTpl<double, 0, 2>, pinocchio::JointModelPrismaticUnalignedTpl<double, 0>, pinocchio::JointModelTranslationTpl<double, 0>, pinocchio::JointModelRevoluteUnboundedTpl<double, 0, 0>, pinocchio::JointModelRevoluteUnboundedTpl<double, 0, 1>, pinocchio::JointModelRevoluteUnboundedTpl<double, 0, 2>, pinocchio::JointModelRevoluteUnboundedUnalignedTpl<double, 0>, pinocchio::JointModelHelicalTpl<double, 0, 0>, pinocchio::JointModelHelicalTpl<double, 0, 1>, pinocchio::JointModelHelicalTpl<double, 0, 2>, pinocchio::JointModelHelicalUnalignedTpl<double, 0>, pinocchio::JointModelUniversalTpl<double, 0>, boost::recursive_wrapper<pinocchio::JointModelCompositeTpl<double, 0, pinocchio::JointCollectionDefaultTpl> >, boost::recursive_wrapper<pinocchio::JointModelMimicTpl<double, 0, pinocchio::JointCollectionDefaultTpl> > >::variant(const JointModelDerived&)[m[K’
[5.858s]   306 |     : JointModelVariant([01;31m[K(JointModelVariant)jmodel.derived()[m[K)
[5.858s]       |                         [01;31m[K^~~~~~~~~~~~~~~~~~~~~~~~~~~~~~~~~~~[m[K
[5.858s] In file included from [01m[K/usr/include/boost/variant.hpp:17[m[K,
[5.858s]                  from [01m[K/opt/ros/humble/include/pinocchio/multibody.hpp:21[m[K,
[5.858s]                  from [01m[K/opt/ros/humble/include/pinocchio/parsers/urdf.hpp:27[m[K,
[5.858s]                  from [01m[K/home/minh/gim60108_ws/src/gim_arm_hardware/include/gim_arm_hardware/gim_arm_system.hpp:25[m[K,
[5.858s]                  from [01m[K/home/minh/gim60108_ws/src/gim_arm_hardware/src/gim_arm_system.cpp:1[m[K:
[5.858s] [01m[K/usr/include/boost/variant/variant.hpp:1770:5:[m[K [01;36m[Knote: [m[Kcandidate: ‘[01m[Kboost::variant<T0, TN>::variant(boost::variant<T0, TN>&&) [with T0_ = pinocchio::JointModelRevoluteTpl<double, 0, 0>; TN = {pinocchio::JointModelRevoluteTpl<double, 0, 1>, pinocchio::JointModelRevoluteTpl<double, 0, 2>, pinocchio::JointModelFreeFlyerTpl<double, 0>, pinocchio::JointModelPlanarTpl<double, 0>, pinocchio::JointModelRevoluteUnalignedTpl<double, 0>, pinocchio::JointModelSphericalTpl<double, 0>, pinocchio::JointModelSphericalZYXTpl<double, 0>, pinocchio::JointModelEllipsoidTpl<double, 0>, pinocchio::JointModelPrismaticTpl<double, 0, 0>, pinocchio::JointModelPrismaticTpl<double, 0, 1>, pinocchio::JointModelPrismaticTpl<double, 0, 2>, pinocchio::JointModelPrismaticUnalignedTpl<double, 0>, pinocchio::JointModelTranslationTpl<double, 0>, pinocchio::JointModelRevoluteUnboundedTpl<double, 0, 0>, pinocchio::JointModelRevoluteUnboundedTpl<double, 0, 1>, pinocchio::JointModelRevoluteUnboundedTpl<double, 0, 2>, pinocchio::JointModelRevoluteUnboundedUnalignedTpl<double, 0>, pinocchio::JointModelHelicalTpl<double, 0, 0>, pinocchio::JointModelHelicalTpl<double, 0, 1>, pinocchio::JointModelHelicalTpl<double, 0, 2>, pinocchio::JointModelHelicalUnalignedTpl<double, 0>, pinocchio::JointModelUniversalTpl<double, 0>, boost::recursive_wrapper<pinocchio::JointModelCompositeTpl<double, 0, pinocchio::JointCollectionDefaultTpl> >, boost::recursive_wrapper<pinocchio::JointModelMimicTpl<double, 0, pinocchio::JointCollectionDefaultTpl> >}][m[K’
[5.858s]  1770 |     [01;36m[Kvariant[m[K(variant&& operand) BOOST_NOEXCEPT_IF(variant_move_noexcept_constructible::type::value)
[5.858s]       |     [01;36m[K^~~~~~~[m[K
[5.858s] [01m[K/usr/include/boost/variant/variant.hpp:1770:23:[m[K [01;36m[Knote: [m[K  no known conversion for argument 1 from ‘[01m[Kconst JointModelDerived[m[K’ {aka ‘[01m[Kconst pinocchio::JointModelPrismaticTpl<double, 0, 0>[m[K’} to ‘[01m[Kboost::variant<pinocchio::JointModelRevoluteTpl<double, 0, 0>, pinocchio::JointModelRevoluteTpl<double, 0, 1>, pinocchio::JointModelRevoluteTpl<double, 0, 2>, pinocchio::JointModelFreeFlyerTpl<double, 0>, pinocchio::JointModelPlanarTpl<double, 0>, pinocchio::JointModelRevoluteUnalignedTpl<double, 0>, pinocchio::JointModelSphericalTpl<double, 0>, pinocchio::JointModelSphericalZYXTpl<double, 0>, pinocchio::JointModelEllipsoidTpl<double, 0>, pinocchio::JointModelPrismaticTpl<double, 0, 0>, pinocchio::JointModelPrismaticTpl<double, 0, 1>, pinocchio::JointModelPrismaticTpl<double, 0, 2>, pinocchio::JointModelPrismaticUnalignedTpl<double, 0>, pinocchio::JointModelTranslationTpl<double, 0>, pinocchio::JointModelRevoluteUnboundedTpl<double, 0, 0>, pinocchio::JointModelRevoluteUnboundedTpl<double, 0, 1>, pinocchio::JointModelRevoluteUnboundedTpl<double, 0, 2>, pinocchio::JointModelRevoluteUnboundedUnalignedTpl<double, 0>, pinocchio::JointModelHelicalTpl<double, 0, 0>, pinocchio::JointModelHelicalTpl<double, 0, 1>, pinocchio::JointModelHelicalTpl<double, 0, 2>, pinocchio::JointModelHelicalUnalignedTpl<double, 0>, pinocchio::JointModelUniversalTpl<double, 0>, boost::recursive_wrapper<pinocchio::JointModelCompositeTpl<double, 0, pinocchio::JointCollectionDefaultTpl> >, boost::recursive_wrapper<pinocchio::JointModelMimicTpl<double, 0, pinocchio::JointCollectionDefaultTpl> > >&&[m[K’
[5.858s]  1770 |     variant([01;36m[Kvariant&& operand[m[K) BOOST_NOEXCEPT_IF(variant_move_noexcept_constructible::type::value)
[5.858s]       |             [01;36m[K~~~~~~~~~~^~~~~~~[m[K
[5.858s] [01m[K/usr/include/boost/variant/variant.hpp:1759:5:[m[K [01;36m[Knote: [m[Kcandidate: ‘[01m[Kboost::variant<T0, TN>::variant(const boost::variant<T0, TN>&) [with T0_ = pinocchio::JointModelRevoluteTpl<double, 0, 0>; TN = {pinocchio::JointModelRevoluteTpl<double, 0, 1>, pinocchio::JointModelRevoluteTpl<double, 0, 2>, pinocchio::JointModelFreeFlyerTpl<double, 0>, pinocchio::JointModelPlanarTpl<double, 0>, pinocchio::JointModelRevoluteUnalignedTpl<double, 0>, pinocchio::JointModelSphericalTpl<double, 0>, pinocchio::JointModelSphericalZYXTpl<double, 0>, pinocchio::JointModelEllipsoidTpl<double, 0>, pinocchio::JointModelPrismaticTpl<double, 0, 0>, pinocchio::JointModelPrismaticTpl<double, 0, 1>, pinocchio::JointModelPrismaticTpl<double, 0, 2>, pinocchio::JointModelPrismaticUnalignedTpl<double, 0>, pinocchio::JointModelTranslationTpl<double, 0>, pinocchio::JointModelRevoluteUnboundedTpl<double, 0, 0>, pinocchio::JointModelRevoluteUnboundedTpl<double, 0, 1>, pinocchio::JointModelRevoluteUnboundedTpl<double, 0, 2>, pinocchio::JointModelRevoluteUnboundedUnalignedTpl<double, 0>, pinocchio::JointModelHelicalTpl<double, 0, 0>, pinocchio::JointModelHelicalTpl<double, 0, 1>, pinocchio::JointModelHelicalTpl<double, 0, 2>, pinocchio::JointModelHelicalUnalignedTpl<double, 0>, pinocchio::JointModelUniversalTpl<double, 0>, boost::recursive_wrapper<pinocchio::JointModelCompositeTpl<double, 0, pinocchio::JointCollectionDefaultTpl> >, boost::recursive_wrapper<pinocchio::JointModelMimicTpl<double, 0, pinocchio::JointCollectionDefaultTpl> >}][m[K’
[5.858s]  1759 |     [01;36m[Kvariant[m[K(const variant& operand)
[5.858s]       |     [01;36m[K^~~~~~~[m[K
[5.858s] [01m[K/usr/include/boost/variant/variant.hpp:1759:28:[m[K [01;36m[Knote: [m[K  no known conversion for argument 1 from ‘[01m[Kconst JointModelDerived[m[K’ {aka ‘[01m[Kconst pinocchio::JointModelPrismaticTpl<double, 0, 0>[m[K’} to ‘[01m[Kconst boost::variant<pinocchio::JointModelRevoluteTpl<double, 0, 0>, pinocchio::JointModelRevoluteTpl<double, 0, 1>, pinocchio::JointModelRevoluteTpl<double, 0, 2>, pinocchio::JointModelFreeFlyerTpl<double, 0>, pinocchio::JointModelPlanarTpl<double, 0>, pinocchio::JointModelRevoluteUnalignedTpl<double, 0>, pinocchio::JointModelSphericalTpl<double, 0>, pinocchio::JointModelSphericalZYXTpl<double, 0>, pinocchio::JointModelEllipsoidTpl<double, 0>, pinocchio::JointModelPrismaticTpl<double, 0, 0>, pinocchio::JointModelPrismaticTpl<double, 0, 1>, pinocchio::JointModelPrismaticTpl<double, 0, 2>, pinocchio::JointModelPrismaticUnalignedTpl<double, 0>, pinocchio::JointModelTranslationTpl<double, 0>, pinocchio::JointModelRevoluteUnboundedTpl<double, 0, 0>, pinocchio::JointModelRevoluteUnboundedTpl<double, 0, 1>, pinocchio::JointModelRevoluteUnboundedTpl<double, 0, 2>, pinocchio::JointModelRevoluteUnboundedUnalignedTpl<double, 0>, pinocchio::JointModelHelicalTpl<double, 0, 0>, pinocchio::JointModelHelicalTpl<double, 0, 1>, pinocchio::JointModelHelicalTpl<double, 0, 2>, pinocchio::JointModelHelicalUnalignedTpl<double, 0>, pinocchio::JointModelUniversalTpl<double, 0>, boost::recursive_wrapper<pinocchio::JointModelCompositeTpl<double, 0, pinocchio::JointCollectionDefaultTpl> >, boost::recursive_wrapper<pinocchio::JointModelMimicTpl<double, 0, pinocchio::JointCollectionDefaultTpl> > >&[m[K’
[5.858s]  1759 |     variant([01;36m[Kconst variant& operand[m[K)
[5.858s]       |             [01;36m[K~~~~~~~~~~~~~~~^~~~~~~[m[K
[5.858s] [01m[K/usr/include/boost/variant/variant.hpp:1375:5:[m[K [01;36m[Knote: [m[Kcandidate: ‘[01m[Kboost::variant<T0, TN>::variant() [with T0_ = pinocchio::JointModelRevoluteTpl<double, 0, 0>; TN = {pinocchio::JointModelRevoluteTpl<double, 0, 1>, pinocchio::JointModelRevoluteTpl<double, 0, 2>, pinocchio::JointModelFreeFlyerTpl<double, 0>, pinocchio::JointModelPlanarTpl<double, 0>, pinocchio::JointModelRevoluteUnalignedTpl<double, 0>, pinocchio::JointModelSphericalTpl<double, 0>, pinocchio::JointModelSphericalZYXTpl<double, 0>, pinocchio::JointModelEllipsoidTpl<double, 0>, pinocchio::JointModelPrismaticTpl<double, 0, 0>, pinocchio::JointModelPrismaticTpl<double, 0, 1>, pinocchio::JointModelPrismaticTpl<double, 0, 2>, pinocchio::JointModelPrismaticUnalignedTpl<double, 0>, pinocchio::JointModelTranslationTpl<double, 0>, pinocchio::JointModelRevoluteUnboundedTpl<double, 0, 0>, pinocchio::JointModelRevoluteUnboundedTpl<double, 0, 1>, pinocchio::JointModelRevoluteUnboundedTpl<double, 0, 2>, pinocchio::JointModelRevoluteUnboundedUnalignedTpl<double, 0>, pinocchio::JointModelHelicalTpl<double, 0, 0>, pinocchio::JointModelHelicalTpl<double, 0, 1>, pinocchio::JointModelHelicalTpl<double, 0, 2>, pinocchio::JointModelHelicalUnalignedTpl<double, 0>, pinocchio::JointModelUniversalTpl<double, 0>, boost::recursive_wrapper<pinocchio::JointModelCompositeTpl<double, 0, pinocchio::JointCollectionDefaultTpl> >, boost::recursive_wrapper<pinocchio::JointModelMimicTpl<double, 0, pinocchio::JointCollectionDefaultTpl> >}][m[K’
[5.858s]  1375 |     [01;36m[Kvariant[m[K()
[5.858s]       |     [01;36m[K^~~~~~~[m[K
[5.858s] [01m[K/usr/include/boost/variant/variant.hpp:1375:5:[m[K [01;36m[Knote: [m[K  candidate expects 0 arguments, 1 provided
[5.858s] In file included from [01m[K/opt/ros/humble/include/pinocchio/multibody/joint.hpp:84[m[K,
[5.858s]                  from [01m[K/opt/ros/humble/include/pinocchio/multibody.hpp:43[m[K,
[5.858s]                  from [01m[K/opt/ros/humble/include/pinocchio/parsers/urdf.hpp:27[m[K,
[5.858s]                  from [01m[K/home/minh/gim60108_ws/src/gim_arm_hardware/include/gim_arm_hardware/gim_arm_system.hpp:25[m[K,
[5.858s]                  from [01m[K/home/minh/gim60108_ws/src/gim_arm_hardware/src/gim_arm_system.cpp:1[m[K:
[5.858s] /opt/ros/humble/include/pinocchio/src/multibody/joint/joint-generic.hxx: In instantiation of ‘[01m[Kpinocchio::JointModelTpl<Scalar, Options, JointCollectionTpl>::JointModelTpl(const pinocchio::JointModelBase<OtherDerived>&) [with JointModelDerived = pinocchio::JointModelPrismaticTpl<double, 0, 1>; _Scalar = double; int _Options = 0; JointCollectionTpl = pinocchio::JointCollectionDefaultTpl][m[K’:
[5.858s] [01m[K/opt/ros/humble/include/pinocchio/src/parsers/urdf/model.hxx:502:34:[m[K   required from ‘[01m[Kpinocchio::JointIndex pinocchio::urdf::details::UrdfVisitor::addJoint(const Vector3&, const Frame&, const SE3&, const string&, const VectorConstRef&, const VectorConstRef&, const VectorConstRef&, const VectorConstRef&, const VectorConstRef&, const VectorConstRef&, const VectorConstRef&, const VectorConstRef&, const VectorConstRef&, const VectorConstRef&) [with TypeX = pinocchio::JointModelPrismaticTpl<double, 0, 0>; TypeY = pinocchio::JointModelPrismaticTpl<double, 0, 1>; TypeZ = pinocchio::JointModelPrismaticTpl<double, 0, 2>; TypeUnaligned = pinocchio::JointModelPrismaticUnalignedTpl<double>; pinocchio::JointIndex = long unsigned int; pinocchio::urdf::details::UrdfVisitor::Vector3 = Eigen::Matrix<double, 3, 1>; pinocchio::urdf::details::UrdfVisitor::Frame = pinocchio::FrameTpl<double, 0>; pinocchio::urdf::details::UrdfVisitor::SE3 = pinocchio::SE3Tpl<double, 0>; std::string = std::__cxx11::basic_string<char>; pinocchio::urdf::details::UrdfVisitor::VectorConstRef = Eigen::Ref<const Eigen::Matrix<double, -1, 1> >][m[K’
[5.858s] [01m[K/opt/ros/humble/include/pinocchio/src/parsers/urdf/model.hxx:263:70:[m[K   required from here
[5.859s] [01m[K/opt/ros/humble/include/pinocchio/src/multibody/joint/joint-generic.hxx:306:25:[m[K [01;31m[Kerror: [m[Kno matching function for call to ‘[01m[Kboost::variant<pinocchio::JointModelRevoluteTpl<double, 0, 0>, pinocchio::JointModelRevoluteTpl<double, 0, 1>, pinocchio::JointModelRevoluteTpl<double, 0, 2>, pinocchio::JointModelFreeFlyerTpl<double, 0>, pinocchio::JointModelPlanarTpl<double, 0>, pinocchio::JointModelRevoluteUnalignedTpl<double, 0>, pinocchio::JointModelSphericalTpl<double, 0>, pinocchio::JointModelSphericalZYXTpl<double, 0>, pinocchio::JointModelEllipsoidTpl<double, 0>, pinocchio::JointModelPrismaticTpl<double, 0, 0>, pinocchio::JointModelPrismaticTpl<double, 0, 1>, pinocchio::JointModelPrismaticTpl<double, 0, 2>, pinocchio::JointModelPrismaticUnalignedTpl<double, 0>, pinocchio::JointModelTranslationTpl<double, 0>, pinocchio::JointModelRevoluteUnboundedTpl<double, 0, 0>, pinocchio::JointModelRevoluteUnboundedTpl<double, 0, 1>, pinocchio::JointModelRevoluteUnboundedTpl<double, 0, 2>, pinocchio::JointModelRevoluteUnboundedUnalignedTpl<double, 0>, pinocchio::JointModelHelicalTpl<double, 0, 0>, pinocchio::JointModelHelicalTpl<double, 0, 1>, pinocchio::JointModelHelicalTpl<double, 0, 2>, pinocchio::JointModelHelicalUnalignedTpl<double, 0>, pinocchio::JointModelUniversalTpl<double, 0>, boost::recursive_wrapper<pinocchio::JointModelCompositeTpl<double, 0, pinocchio::JointCollectionDefaultTpl> >, boost::recursive_wrapper<pinocchio::JointModelMimicTpl<double, 0, pinocchio::JointCollectionDefaultTpl> > >::variant(const JointModelDerived&)[m[K’
[5.859s]   306 |     : JointModelVariant([01;31m[K(JointModelVariant)jmodel.derived()[m[K)
[5.859s]       |                         [01;31m[K^~~~~~~~~~~~~~~~~~~~~~~~~~~~~~~~~~~[m[K
[5.859s] In file included from [01m[K/usr/include/boost/variant.hpp:17[m[K,
[5.859s]                  from [01m[K/opt/ros/humble/include/pinocchio/multibody.hpp:21[m[K,
[5.859s]                  from [01m[K/opt/ros/humble/include/pinocchio/parsers/urdf.hpp:27[m[K,
[5.859s]                  from [01m[K/home/minh/gim60108_ws/src/gim_arm_hardware/include/gim_arm_hardware/gim_arm_system.hpp:25[m[K,
[5.859s]                  from [01m[K/home/minh/gim60108_ws/src/gim_arm_hardware/src/gim_arm_system.cpp:1[m[K:
[5.859s] [01m[K/usr/include/boost/variant/variant.hpp:1770:5:[m[K [01;36m[Knote: [m[Kcandidate: ‘[01m[Kboost::variant<T0, TN>::variant(boost::variant<T0, TN>&&) [with T0_ = pinocchio::JointModelRevoluteTpl<double, 0, 0>; TN = {pinocchio::JointModelRevoluteTpl<double, 0, 1>, pinocchio::JointModelRevoluteTpl<double, 0, 2>, pinocchio::JointModelFreeFlyerTpl<double, 0>, pinocchio::JointModelPlanarTpl<double, 0>, pinocchio::JointModelRevoluteUnalignedTpl<double, 0>, pinocchio::JointModelSphericalTpl<double, 0>, pinocchio::JointModelSphericalZYXTpl<double, 0>, pinocchio::JointModelEllipsoidTpl<double, 0>, pinocchio::JointModelPrismaticTpl<double, 0, 0>, pinocchio::JointModelPrismaticTpl<double, 0, 1>, pinocchio::JointModelPrismaticTpl<double, 0, 2>, pinocchio::JointModelPrismaticUnalignedTpl<double, 0>, pinocchio::JointModelTranslationTpl<double, 0>, pinocchio::JointModelRevoluteUnboundedTpl<double, 0, 0>, pinocchio::JointModelRevoluteUnboundedTpl<double, 0, 1>, pinocchio::JointModelRevoluteUnboundedTpl<double, 0, 2>, pinocchio::JointModelRevoluteUnboundedUnalignedTpl<double, 0>, pinocchio::JointModelHelicalTpl<double, 0, 0>, pinocchio::JointModelHelicalTpl<double, 0, 1>, pinocchio::JointModelHelicalTpl<double, 0, 2>, pinocchio::JointModelHelicalUnalignedTpl<double, 0>, pinocchio::JointModelUniversalTpl<double, 0>, boost::recursive_wrapper<pinocchio::JointModelCompositeTpl<double, 0, pinocchio::JointCollectionDefaultTpl> >, boost::recursive_wrapper<pinocchio::JointModelMimicTpl<double, 0, pinocchio::JointCollectionDefaultTpl> >}][m[K’
[5.859s]  1770 |     [01;36m[Kvariant[m[K(variant&& operand) BOOST_NOEXCEPT_IF(variant_move_noexcept_constructible::type::value)
[5.859s]       |     [01;36m[K^~~~~~~[m[K
[5.859s] [01m[K/usr/include/boost/variant/variant.hpp:1770:23:[m[K [01;36m[Knote: [m[K  no known conversion for argument 1 from ‘[01m[Kconst JointModelDerived[m[K’ {aka ‘[01m[Kconst pinocchio::JointModelPrismaticTpl<double, 0, 1>[m[K’} to ‘[01m[Kboost::variant<pinocchio::JointModelRevoluteTpl<double, 0, 0>, pinocchio::JointModelRevoluteTpl<double, 0, 1>, pinocchio::JointModelRevoluteTpl<double, 0, 2>, pinocchio::JointModelFreeFlyerTpl<double, 0>, pinocchio::JointModelPlanarTpl<double, 0>, pinocchio::JointModelRevoluteUnalignedTpl<double, 0>, pinocchio::JointModelSphericalTpl<double, 0>, pinocchio::JointModelSphericalZYXTpl<double, 0>, pinocchio::JointModelEllipsoidTpl<double, 0>, pinocchio::JointModelPrismaticTpl<double, 0, 0>, pinocchio::JointModelPrismaticTpl<double, 0, 1>, pinocchio::JointModelPrismaticTpl<double, 0, 2>, pinocchio::JointModelPrismaticUnalignedTpl<double, 0>, pinocchio::JointModelTranslationTpl<double, 0>, pinocchio::JointModelRevoluteUnboundedTpl<double, 0, 0>, pinocchio::JointModelRevoluteUnboundedTpl<double, 0, 1>, pinocchio::JointModelRevoluteUnboundedTpl<double, 0, 2>, pinocchio::JointModelRevoluteUnboundedUnalignedTpl<double, 0>, pinocchio::JointModelHelicalTpl<double, 0, 0>, pinocchio::JointModelHelicalTpl<double, 0, 1>, pinocchio::JointModelHelicalTpl<double, 0, 2>, pinocchio::JointModelHelicalUnalignedTpl<double, 0>, pinocchio::JointModelUniversalTpl<double, 0>, boost::recursive_wrapper<pinocchio::JointModelCompositeTpl<double, 0, pinocchio::JointCollectionDefaultTpl> >, boost::recursive_wrapper<pinocchio::JointModelMimicTpl<double, 0, pinocchio::JointCollectionDefaultTpl> > >&&[m[K’
[5.859s]  1770 |     variant([01;36m[Kvariant&& operand[m[K) BOOST_NOEXCEPT_IF(variant_move_noexcept_constructible::type::value)
[5.859s]       |             [01;36m[K~~~~~~~~~~^~~~~~~[m[K
[5.859s] [01m[K/usr/include/boost/variant/variant.hpp:1759:5:[m[K [01;36m[Knote: [m[Kcandidate: ‘[01m[Kboost::variant<T0, TN>::variant(const boost::variant<T0, TN>&) [with T0_ = pinocchio::JointModelRevoluteTpl<double, 0, 0>; TN = {pinocchio::JointModelRevoluteTpl<double, 0, 1>, pinocchio::JointModelRevoluteTpl<double, 0, 2>, pinocchio::JointModelFreeFlyerTpl<double, 0>, pinocchio::JointModelPlanarTpl<double, 0>, pinocchio::JointModelRevoluteUnalignedTpl<double, 0>, pinocchio::JointModelSphericalTpl<double, 0>, pinocchio::JointModelSphericalZYXTpl<double, 0>, pinocchio::JointModelEllipsoidTpl<double, 0>, pinocchio::JointModelPrismaticTpl<double, 0, 0>, pinocchio::JointModelPrismaticTpl<double, 0, 1>, pinocchio::JointModelPrismaticTpl<double, 0, 2>, pinocchio::JointModelPrismaticUnalignedTpl<double, 0>, pinocchio::JointModelTranslationTpl<double, 0>, pinocchio::JointModelRevoluteUnboundedTpl<double, 0, 0>, pinocchio::JointModelRevoluteUnboundedTpl<double, 0, 1>, pinocchio::JointModelRevoluteUnboundedTpl<double, 0, 2>, pinocchio::JointModelRevoluteUnboundedUnalignedTpl<double, 0>, pinocchio::JointModelHelicalTpl<double, 0, 0>, pinocchio::JointModelHelicalTpl<double, 0, 1>, pinocchio::JointModelHelicalTpl<double, 0, 2>, pinocchio::JointModelHelicalUnalignedTpl<double, 0>, pinocchio::JointModelUniversalTpl<double, 0>, boost::recursive_wrapper<pinocchio::JointModelCompositeTpl<double, 0, pinocchio::JointCollectionDefaultTpl> >, boost::recursive_wrapper<pinocchio::JointModelMimicTpl<double, 0, pinocchio::JointCollectionDefaultTpl> >}][m[K’
[5.859s]  1759 |     [01;36m[Kvariant[m[K(const variant& operand)
[5.859s]       |     [01;36m[K^~~~~~~[m[K
[5.859s] [01m[K/usr/include/boost/variant/variant.hpp:1759:28:[m[K [01;36m[Knote: [m[K  no known conversion for argument 1 from ‘[01m[Kconst JointModelDerived[m[K’ {aka ‘[01m[Kconst pinocchio::JointModelPrismaticTpl<double, 0, 1>[m[K’} to ‘[01m[Kconst boost::variant<pinocchio::JointModelRevoluteTpl<double, 0, 0>, pinocchio::JointModelRevoluteTpl<double, 0, 1>, pinocchio::JointModelRevoluteTpl<double, 0, 2>, pinocchio::JointModelFreeFlyerTpl<double, 0>, pinocchio::JointModelPlanarTpl<double, 0>, pinocchio::JointModelRevoluteUnalignedTpl<double, 0>, pinocchio::JointModelSphericalTpl<double, 0>, pinocchio::JointModelSphericalZYXTpl<double, 0>, pinocchio::JointModelEllipsoidTpl<double, 0>, pinocchio::JointModelPrismaticTpl<double, 0, 0>, pinocchio::JointModelPrismaticTpl<double, 0, 1>, pinocchio::JointModelPrismaticTpl<double, 0, 2>, pinocchio::JointModelPrismaticUnalignedTpl<double, 0>, pinocchio::JointModelTranslationTpl<double, 0>, pinocchio::JointModelRevoluteUnboundedTpl<double, 0, 0>, pinocchio::JointModelRevoluteUnboundedTpl<double, 0, 1>, pinocchio::JointModelRevoluteUnboundedTpl<double, 0, 2>, pinocchio::JointModelRevoluteUnboundedUnalignedTpl<double, 0>, pinocchio::JointModelHelicalTpl<double, 0, 0>, pinocchio::JointModelHelicalTpl<double, 0, 1>, pinocchio::JointModelHelicalTpl<double, 0, 2>, pinocchio::JointModelHelicalUnalignedTpl<double, 0>, pinocchio::JointModelUniversalTpl<double, 0>, boost::recursive_wrapper<pinocchio::JointModelCompositeTpl<double, 0, pinocchio::JointCollectionDefaultTpl> >, boost::recursive_wrapper<pinocchio::JointModelMimicTpl<double, 0, pinocchio::JointCollectionDefaultTpl> > >&[m[K’
[5.859s]  1759 |     variant([01;36m[Kconst variant& operand[m[K)
[5.859s]       |             [01;36m[K~~~~~~~~~~~~~~~^~~~~~~[m[K
[5.859s] [01m[K/usr/include/boost/variant/variant.hpp:1375:5:[m[K [01;36m[Knote: [m[Kcandidate: ‘[01m[Kboost::variant<T0, TN>::variant() [with T0_ = pinocchio::JointModelRevoluteTpl<double, 0, 0>; TN = {pinocchio::JointModelRevoluteTpl<double, 0, 1>, pinocchio::JointModelRevoluteTpl<double, 0, 2>, pinocchio::JointModelFreeFlyerTpl<double, 0>, pinocchio::JointModelPlanarTpl<double, 0>, pinocchio::JointModelRevoluteUnalignedTpl<double, 0>, pinocchio::JointModelSphericalTpl<double, 0>, pinocchio::JointModelSphericalZYXTpl<double, 0>, pinocchio::JointModelEllipsoidTpl<double, 0>, pinocchio::JointModelPrismaticTpl<double, 0, 0>, pinocchio::JointModelPrismaticTpl<double, 0, 1>, pinocchio::JointModelPrismaticTpl<double, 0, 2>, pinocchio::JointModelPrismaticUnalignedTpl<double, 0>, pinocchio::JointModelTranslationTpl<double, 0>, pinocchio::JointModelRevoluteUnboundedTpl<double, 0, 0>, pinocchio::JointModelRevoluteUnboundedTpl<double, 0, 1>, pinocchio::JointModelRevoluteUnboundedTpl<double, 0, 2>, pinocchio::JointModelRevoluteUnboundedUnalignedTpl<double, 0>, pinocchio::JointModelHelicalTpl<double, 0, 0>, pinocchio::JointModelHelicalTpl<double, 0, 1>, pinocchio::JointModelHelicalTpl<double, 0, 2>, pinocchio::JointModelHelicalUnalignedTpl<double, 0>, pinocchio::JointModelUniversalTpl<double, 0>, boost::recursive_wrapper<pinocchio::JointModelCompositeTpl<double, 0, pinocchio::JointCollectionDefaultTpl> >, boost::recursive_wrapper<pinocchio::JointModelMimicTpl<double, 0, pinocchio::JointCollectionDefaultTpl> >}][m[K’
[5.859s]  1375 |     [01;36m[Kvariant[m[K()
[5.859s]       |     [01;36m[K^~~~~~~[m[K
[5.859s] [01m[K/usr/include/boost/variant/variant.hpp:1375:5:[m[K [01;36m[Knote: [m[K  candidate expects 0 arguments, 1 provided
[5.859s] In file included from [01m[K/opt/ros/humble/include/pinocchio/multibody/joint.hpp:84[m[K,
[5.859s]                  from [01m[K/opt/ros/humble/include/pinocchio/multibody.hpp:43[m[K,
[5.859s]                  from [01m[K/opt/ros/humble/include/pinocchio/parsers/urdf.hpp:27[m[K,
[5.859s]                  from [01m[K/home/minh/gim60108_ws/src/gim_arm_hardware/include/gim_arm_hardware/gim_arm_system.hpp:25[m[K,
[5.859s]                  from [01m[K/home/minh/gim60108_ws/src/gim_arm_hardware/src/gim_arm_system.cpp:1[m[K:
[5.859s] /opt/ros/humble/include/pinocchio/src/multibody/joint/joint-generic.hxx: In instantiation of ‘[01m[Kpinocchio::JointModelTpl<Scalar, Options, JointCollectionTpl>::JointModelTpl(const pinocchio::JointModelBase<OtherDerived>&) [with JointModelDerived = pinocchio::JointModelPrismaticTpl<double, 0, 2>; _Scalar = double; int _Options = 0; JointCollectionTpl = pinocchio::JointCollectionDefaultTpl][m[K’:
[5.859s] [01m[K/opt/ros/humble/include/pinocchio/src/parsers/urdf/model.hxx:509:34:[m[K   required from ‘[01m[Kpinocchio::JointIndex pinocchio::urdf::details::UrdfVisitor::addJoint(const Vector3&, const Frame&, const SE3&, const string&, const VectorConstRef&, const VectorConstRef&, const VectorConstRef&, const VectorConstRef&, const VectorConstRef&, const VectorConstRef&, const VectorConstRef&, const VectorConstRef&, const VectorConstRef&, const VectorConstRef&) [with TypeX = pinocchio::JointModelPrismaticTpl<double, 0, 0>; TypeY = pinocchio::JointModelPrismaticTpl<double, 0, 1>; TypeZ = pinocchio::JointModelPrismaticTpl<double, 0, 2>; TypeUnaligned = pinocchio::JointModelPrismaticUnalignedTpl<double>; pinocchio::JointIndex = long unsigned int; pinocchio::urdf::details::UrdfVisitor::Vector3 = Eigen::Matrix<double, 3, 1>; pinocchio::urdf::details::UrdfVisitor::Frame = pinocchio::FrameTpl<double, 0>; pinocchio::urdf::details::UrdfVisitor::SE3 = pinocchio::SE3Tpl<double, 0>; std::string = std::__cxx11::basic_string<char>; pinocchio::urdf::details::UrdfVisitor::VectorConstRef = Eigen::Ref<const Eigen::Matrix<double, -1, 1> >][m[K’
[5.859s] [01m[K/opt/ros/humble/include/pinocchio/src/parsers/urdf/model.hxx:263:70:[m[K   required from here
[5.859s] [01m[K/opt/ros/humble/include/pinocchio/src/multibody/joint/joint-generic.hxx:306:25:[m[K [01;31m[Kerror: [m[Kno matching function for call to ‘[01m[Kboost::variant<pinocchio::JointModelRevoluteTpl<double, 0, 0>, pinocchio::JointModelRevoluteTpl<double, 0, 1>, pinocchio::JointModelRevoluteTpl<double, 0, 2>, pinocchio::JointModelFreeFlyerTpl<double, 0>, pinocchio::JointModelPlanarTpl<double, 0>, pinocchio::JointModelRevoluteUnalignedTpl<double, 0>, pinocchio::JointModelSphericalTpl<double, 0>, pinocchio::JointModelSphericalZYXTpl<double, 0>, pinocchio::JointModelEllipsoidTpl<double, 0>, pinocchio::JointModelPrismaticTpl<double, 0, 0>, pinocchio::JointModelPrismaticTpl<double, 0, 1>, pinocchio::JointModelPrismaticTpl<double, 0, 2>, pinocchio::JointModelPrismaticUnalignedTpl<double, 0>, pinocchio::JointModelTranslationTpl<double, 0>, pinocchio::JointModelRevoluteUnboundedTpl<double, 0, 0>, pinocchio::JointModelRevoluteUnboundedTpl<double, 0, 1>, pinocchio::JointModelRevoluteUnboundedTpl<double, 0, 2>, pinocchio::JointModelRevoluteUnboundedUnalignedTpl<double, 0>, pinocchio::JointModelHelicalTpl<double, 0, 0>, pinocchio::JointModelHelicalTpl<double, 0, 1>, pinocchio::JointModelHelicalTpl<double, 0, 2>, pinocchio::JointModelHelicalUnalignedTpl<double, 0>, pinocchio::JointModelUniversalTpl<double, 0>, boost::recursive_wrapper<pinocchio::JointModelCompositeTpl<double, 0, pinocchio::JointCollectionDefaultTpl> >, boost::recursive_wrapper<pinocchio::JointModelMimicTpl<double, 0, pinocchio::JointCollectionDefaultTpl> > >::variant(const JointModelDerived&)[m[K’
[5.859s]   306 |     : JointModelVariant([01;31m[K(JointModelVariant)jmodel.derived()[m[K)
[5.859s]       |                         [01;31m[K^~~~~~~~~~~~~~~~~~~~~~~~~~~~~~~~~~~[m[K
[5.859s] In file included from [01m[K/usr/include/boost/variant.hpp:17[m[K,
[5.859s]                  from [01m[K/opt/ros/humble/include/pinocchio/multibody.hpp:21[m[K,
[5.859s]                  from [01m[K/opt/ros/humble/include/pinocchio/parsers/urdf.hpp:27[m[K,
[5.860s]                  from [01m[K/home/minh/gim60108_ws/src/gim_arm_hardware/include/gim_arm_hardware/gim_arm_system.hpp:25[m[K,
[5.860s]                  from [01m[K/home/minh/gim60108_ws/src/gim_arm_hardware/src/gim_arm_system.cpp:1[m[K:
[5.860s] [01m[K/usr/include/boost/variant/variant.hpp:1770:5:[m[K [01;36m[Knote: [m[Kcandidate: ‘[01m[Kboost::variant<T0, TN>::variant(boost::variant<T0, TN>&&) [with T0_ = pinocchio::JointModelRevoluteTpl<double, 0, 0>; TN = {pinocchio::JointModelRevoluteTpl<double, 0, 1>, pinocchio::JointModelRevoluteTpl<double, 0, 2>, pinocchio::JointModelFreeFlyerTpl<double, 0>, pinocchio::JointModelPlanarTpl<double, 0>, pinocchio::JointModelRevoluteUnalignedTpl<double, 0>, pinocchio::JointModelSphericalTpl<double, 0>, pinocchio::JointModelSphericalZYXTpl<double, 0>, pinocchio::JointModelEllipsoidTpl<double, 0>, pinocchio::JointModelPrismaticTpl<double, 0, 0>, pinocchio::JointModelPrismaticTpl<double, 0, 1>, pinocchio::JointModelPrismaticTpl<double, 0, 2>, pinocchio::JointModelPrismaticUnalignedTpl<double, 0>, pinocchio::JointModelTranslationTpl<double, 0>, pinocchio::JointModelRevoluteUnboundedTpl<double, 0, 0>, pinocchio::JointModelRevoluteUnboundedTpl<double, 0, 1>, pinocchio::JointModelRevoluteUnboundedTpl<double, 0, 2>, pinocchio::JointModelRevoluteUnboundedUnalignedTpl<double, 0>, pinocchio::JointModelHelicalTpl<double, 0, 0>, pinocchio::JointModelHelicalTpl<double, 0, 1>, pinocchio::JointModelHelicalTpl<double, 0, 2>, pinocchio::JointModelHelicalUnalignedTpl<double, 0>, pinocchio::JointModelUniversalTpl<double, 0>, boost::recursive_wrapper<pinocchio::JointModelCompositeTpl<double, 0, pinocchio::JointCollectionDefaultTpl> >, boost::recursive_wrapper<pinocchio::JointModelMimicTpl<double, 0, pinocchio::JointCollectionDefaultTpl> >}][m[K’
[5.860s]  1770 |     [01;36m[Kvariant[m[K(variant&& operand) BOOST_NOEXCEPT_IF(variant_move_noexcept_constructible::type::value)
[5.860s]       |     [01;36m[K^~~~~~~[m[K
[5.860s] [01m[K/usr/include/boost/variant/variant.hpp:1770:23:[m[K [01;36m[Knote: [m[K  no known conversion for argument 1 from ‘[01m[Kconst JointModelDerived[m[K’ {aka ‘[01m[Kconst pinocchio::JointModelPrismaticTpl<double, 0, 2>[m[K’} to ‘[01m[Kboost::variant<pinocchio::JointModelRevoluteTpl<double, 0, 0>, pinocchio::JointModelRevoluteTpl<double, 0, 1>, pinocchio::JointModelRevoluteTpl<double, 0, 2>, pinocchio::JointModelFreeFlyerTpl<double, 0>, pinocchio::JointModelPlanarTpl<double, 0>, pinocchio::JointModelRevoluteUnalignedTpl<double, 0>, pinocchio::JointModelSphericalTpl<double, 0>, pinocchio::JointModelSphericalZYXTpl<double, 0>, pinocchio::JointModelEllipsoidTpl<double, 0>, pinocchio::JointModelPrismaticTpl<double, 0, 0>, pinocchio::JointModelPrismaticTpl<double, 0, 1>, pinocchio::JointModelPrismaticTpl<double, 0, 2>, pinocchio::JointModelPrismaticUnalignedTpl<double, 0>, pinocchio::JointModelTranslationTpl<double, 0>, pinocchio::JointModelRevoluteUnboundedTpl<double, 0, 0>, pinocchio::JointModelRevoluteUnboundedTpl<double, 0, 1>, pinocchio::JointModelRevoluteUnboundedTpl<double, 0, 2>, pinocchio::JointModelRevoluteUnboundedUnalignedTpl<double, 0>, pinocchio::JointModelHelicalTpl<double, 0, 0>, pinocchio::JointModelHelicalTpl<double, 0, 1>, pinocchio::JointModelHelicalTpl<double, 0, 2>, pinocchio::JointModelHelicalUnalignedTpl<double, 0>, pinocchio::JointModelUniversalTpl<double, 0>, boost::recursive_wrapper<pinocchio::JointModelCompositeTpl<double, 0, pinocchio::JointCollectionDefaultTpl> >, boost::recursive_wrapper<pinocchio::JointModelMimicTpl<double, 0, pinocchio::JointCollectionDefaultTpl> > >&&[m[K’
[5.860s]  1770 |     variant([01;36m[Kvariant&& operand[m[K) BOOST_NOEXCEPT_IF(variant_move_noexcept_constructible::type::value)
[5.860s]       |             [01;36m[K~~~~~~~~~~^~~~~~~[m[K
[5.860s] [01m[K/usr/include/boost/variant/variant.hpp:1759:5:[m[K [01;36m[Knote: [m[Kcandidate: ‘[01m[Kboost::variant<T0, TN>::variant(const boost::variant<T0, TN>&) [with T0_ = pinocchio::JointModelRevoluteTpl<double, 0, 0>; TN = {pinocchio::JointModelRevoluteTpl<double, 0, 1>, pinocchio::JointModelRevoluteTpl<double, 0, 2>, pinocchio::JointModelFreeFlyerTpl<double, 0>, pinocchio::JointModelPlanarTpl<double, 0>, pinocchio::JointModelRevoluteUnalignedTpl<double, 0>, pinocchio::JointModelSphericalTpl<double, 0>, pinocchio::JointModelSphericalZYXTpl<double, 0>, pinocchio::JointModelEllipsoidTpl<double, 0>, pinocchio::JointModelPrismaticTpl<double, 0, 0>, pinocchio::JointModelPrismaticTpl<double, 0, 1>, pinocchio::JointModelPrismaticTpl<double, 0, 2>, pinocchio::JointModelPrismaticUnalignedTpl<double, 0>, pinocchio::JointModelTranslationTpl<double, 0>, pinocchio::JointModelRevoluteUnboundedTpl<double, 0, 0>, pinocchio::JointModelRevoluteUnboundedTpl<double, 0, 1>, pinocchio::JointModelRevoluteUnboundedTpl<double, 0, 2>, pinocchio::JointModelRevoluteUnboundedUnalignedTpl<double, 0>, pinocchio::JointModelHelicalTpl<double, 0, 0>, pinocchio::JointModelHelicalTpl<double, 0, 1>, pinocchio::JointModelHelicalTpl<double, 0, 2>, pinocchio::JointModelHelicalUnalignedTpl<double, 0>, pinocchio::JointModelUniversalTpl<double, 0>, boost::recursive_wrapper<pinocchio::JointModelCompositeTpl<double, 0, pinocchio::JointCollectionDefaultTpl> >, boost::recursive_wrapper<pinocchio::JointModelMimicTpl<double, 0, pinocchio::JointCollectionDefaultTpl> >}][m[K’
[5.860s]  1759 |     [01;36m[Kvariant[m[K(const variant& operand)
[5.860s]       |     [01;36m[K^~~~~~~[m[K
[5.860s] [01m[K/usr/include/boost/variant/variant.hpp:1759:28:[m[K [01;36m[Knote: [m[K  no known conversion for argument 1 from ‘[01m[Kconst JointModelDerived[m[K’ {aka ‘[01m[Kconst pinocchio::JointModelPrismaticTpl<double, 0, 2>[m[K’} to ‘[01m[Kconst boost::variant<pinocchio::JointModelRevoluteTpl<double, 0, 0>, pinocchio::JointModelRevoluteTpl<double, 0, 1>, pinocchio::JointModelRevoluteTpl<double, 0, 2>, pinocchio::JointModelFreeFlyerTpl<double, 0>, pinocchio::JointModelPlanarTpl<double, 0>, pinocchio::JointModelRevoluteUnalignedTpl<double, 0>, pinocchio::JointModelSphericalTpl<double, 0>, pinocchio::JointModelSphericalZYXTpl<double, 0>, pinocchio::JointModelEllipsoidTpl<double, 0>, pinocchio::JointModelPrismaticTpl<double, 0, 0>, pinocchio::JointModelPrismaticTpl<double, 0, 1>, pinocchio::JointModelPrismaticTpl<double, 0, 2>, pinocchio::JointModelPrismaticUnalignedTpl<double, 0>, pinocchio::JointModelTranslationTpl<double, 0>, pinocchio::JointModelRevoluteUnboundedTpl<double, 0, 0>, pinocchio::JointModelRevoluteUnboundedTpl<double, 0, 1>, pinocchio::JointModelRevoluteUnboundedTpl<double, 0, 2>, pinocchio::JointModelRevoluteUnboundedUnalignedTpl<double, 0>, pinocchio::JointModelHelicalTpl<double, 0, 0>, pinocchio::JointModelHelicalTpl<double, 0, 1>, pinocchio::JointModelHelicalTpl<double, 0, 2>, pinocchio::JointModelHelicalUnalignedTpl<double, 0>, pinocchio::JointModelUniversalTpl<double, 0>, boost::recursive_wrapper<pinocchio::JointModelCompositeTpl<double, 0, pinocchio::JointCollectionDefaultTpl> >, boost::recursive_wrapper<pinocchio::JointModelMimicTpl<double, 0, pinocchio::JointCollectionDefaultTpl> > >&[m[K’
[5.860s]  1759 |     variant([01;36m[Kconst variant& operand[m[K)
[5.860s]       |             [01;36m[K~~~~~~~~~~~~~~~^~~~~~~[m[K
[5.860s] [01m[K/usr/include/boost/variant/variant.hpp:1375:5:[m[K [01;36m[Knote: [m[Kcandidate: ‘[01m[Kboost::variant<T0, TN>::variant() [with T0_ = pinocchio::JointModelRevoluteTpl<double, 0, 0>; TN = {pinocchio::JointModelRevoluteTpl<double, 0, 1>, pinocchio::JointModelRevoluteTpl<double, 0, 2>, pinocchio::JointModelFreeFlyerTpl<double, 0>, pinocchio::JointModelPlanarTpl<double, 0>, pinocchio::JointModelRevoluteUnalignedTpl<double, 0>, pinocchio::JointModelSphericalTpl<double, 0>, pinocchio::JointModelSphericalZYXTpl<double, 0>, pinocchio::JointModelEllipsoidTpl<double, 0>, pinocchio::JointModelPrismaticTpl<double, 0, 0>, pinocchio::JointModelPrismaticTpl<double, 0, 1>, pinocchio::JointModelPrismaticTpl<double, 0, 2>, pinocchio::JointModelPrismaticUnalignedTpl<double, 0>, pinocchio::JointModelTranslationTpl<double, 0>, pinocchio::JointModelRevoluteUnboundedTpl<double, 0, 0>, pinocchio::JointModelRevoluteUnboundedTpl<double, 0, 1>, pinocchio::JointModelRevoluteUnboundedTpl<double, 0, 2>, pinocchio::JointModelRevoluteUnboundedUnalignedTpl<double, 0>, pinocchio::JointModelHelicalTpl<double, 0, 0>, pinocchio::JointModelHelicalTpl<double, 0, 1>, pinocchio::JointModelHelicalTpl<double, 0, 2>, pinocchio::JointModelHelicalUnalignedTpl<double, 0>, pinocchio::JointModelUniversalTpl<double, 0>, boost::recursive_wrapper<pinocchio::JointModelCompositeTpl<double, 0, pinocchio::JointCollectionDefaultTpl> >, boost::recursive_wrapper<pinocchio::JointModelMimicTpl<double, 0, pinocchio::JointCollectionDefaultTpl> >}][m[K’
[5.860s]  1375 |     [01;36m[Kvariant[m[K()
[5.860s]       |     [01;36m[K^~~~~~~[m[K
[5.860s] [01m[K/usr/include/boost/variant/variant.hpp:1375:5:[m[K [01;36m[Knote: [m[K  candidate expects 0 arguments, 1 provided
[5.860s] In file included from [01m[K/opt/ros/humble/include/pinocchio/multibody/joint.hpp:84[m[K,
[5.860s]                  from [01m[K/opt/ros/humble/include/pinocchio/multibody.hpp:43[m[K,
[5.860s]                  from [01m[K/opt/ros/humble/include/pinocchio/parsers/urdf.hpp:27[m[K,
[5.860s]                  from [01m[K/home/minh/gim60108_ws/src/gim_arm_hardware/include/gim_arm_hardware/gim_arm_system.hpp:25[m[K,
[5.860s]                  from [01m[K/home/minh/gim60108_ws/src/gim_arm_hardware/src/gim_arm_system.cpp:1[m[K:
[5.860s] /opt/ros/humble/include/pinocchio/src/multibody/joint/joint-generic.hxx: In instantiation of ‘[01m[Kpinocchio::JointModelTpl<Scalar, Options, JointCollectionTpl>::JointModelTpl(const pinocchio::JointModelBase<OtherDerived>&) [with JointModelDerived = pinocchio::JointModelPrismaticUnalignedTpl<double>; _Scalar = double; int _Options = 0; JointCollectionTpl = pinocchio::JointCollectionDefaultTpl][m[K’:
[5.860s] [01m[K/opt/ros/humble/include/pinocchio/src/parsers/urdf/model.hxx:516:34:[m[K   required from ‘[01m[Kpinocchio::JointIndex pinocchio::urdf::details::UrdfVisitor::addJoint(const Vector3&, const Frame&, const SE3&, const string&, const VectorConstRef&, const VectorConstRef&, const VectorConstRef&, const VectorConstRef&, const VectorConstRef&, const VectorConstRef&, const VectorConstRef&, const VectorConstRef&, const VectorConstRef&, const VectorConstRef&) [with TypeX = pinocchio::JointModelPrismaticTpl<double, 0, 0>; TypeY = pinocchio::JointModelPrismaticTpl<double, 0, 1>; TypeZ = pinocchio::JointModelPrismaticTpl<double, 0, 2>; TypeUnaligned = pinocchio::JointModelPrismaticUnalignedTpl<double>; pinocchio::JointIndex = long unsigned int; pinocchio::urdf::details::UrdfVisitor::Vector3 = Eigen::Matrix<double, 3, 1>; pinocchio::urdf::details::UrdfVisitor::Frame = pinocchio::FrameTpl<double, 0>; pinocchio::urdf::details::UrdfVisitor::SE3 = pinocchio::SE3Tpl<double, 0>; std::string = std::__cxx11::basic_string<char>; pinocchio::urdf::details::UrdfVisitor::VectorConstRef = Eigen::Ref<const Eigen::Matrix<double, -1, 1> >][m[K’
[5.860s] [01m[K/opt/ros/humble/include/pinocchio/src/parsers/urdf/model.hxx:263:70:[m[K   required from here
[5.860s] [01m[K/opt/ros/humble/include/pinocchio/src/multibody/joint/joint-generic.hxx:306:25:[m[K [01;31m[Kerror: [m[Kno matching function for call to ‘[01m[Kboost::variant<pinocchio::JointModelRevoluteTpl<double, 0, 0>, pinocchio::JointModelRevoluteTpl<double, 0, 1>, pinocchio::JointModelRevoluteTpl<double, 0, 2>, pinocchio::JointModelFreeFlyerTpl<double, 0>, pinocchio::JointModelPlanarTpl<double, 0>, pinocchio::JointModelRevoluteUnalignedTpl<double, 0>, pinocchio::JointModelSphericalTpl<double, 0>, pinocchio::JointModelSphericalZYXTpl<double, 0>, pinocchio::JointModelEllipsoidTpl<double, 0>, pinocchio::JointModelPrismaticTpl<double, 0, 0>, pinocchio::JointModelPrismaticTpl<double, 0, 1>, pinocchio::JointModelPrismaticTpl<double, 0, 2>, pinocchio::JointModelPrismaticUnalignedTpl<double, 0>, pinocchio::JointModelTranslationTpl<double, 0>, pinocchio::JointModelRevoluteUnboundedTpl<double, 0, 0>, pinocchio::JointModelRevoluteUnboundedTpl<double, 0, 1>, pinocchio::JointModelRevoluteUnboundedTpl<double, 0, 2>, pinocchio::JointModelRevoluteUnboundedUnalignedTpl<double, 0>, pinocchio::JointModelHelicalTpl<double, 0, 0>, pinocchio::JointModelHelicalTpl<double, 0, 1>, pinocchio::JointModelHelicalTpl<double, 0, 2>, pinocchio::JointModelHelicalUnalignedTpl<double, 0>, pinocchio::JointModelUniversalTpl<double, 0>, boost::recursive_wrapper<pinocchio::JointModelCompositeTpl<double, 0, pinocchio::JointCollectionDefaultTpl> >, boost::recursive_wrapper<pinocchio::JointModelMimicTpl<double, 0, pinocchio::JointCollectionDefaultTpl> > >::variant(const JointModelDerived&)[m[K’
[5.860s]   306 |     : JointModelVariant([01;31m[K(JointModelVariant)jmodel.derived()[m[K)
[5.860s]       |                         [01;31m[K^~~~~~~~~~~~~~~~~~~~~~~~~~~~~~~~~~~[m[K
[5.860s] In file included from [01m[K/usr/include/boost/variant.hpp:17[m[K,
[5.860s]                  from [01m[K/opt/ros/humble/include/pinocchio/multibody.hpp:21[m[K,
[5.860s]                  from [01m[K/opt/ros/humble/include/pinocchio/parsers/urdf.hpp:27[m[K,
[5.860s]                  from [01m[K/home/minh/gim60108_ws/src/gim_arm_hardware/include/gim_arm_hardware/gim_arm_system.hpp:25[m[K,
[5.860s]                  from [01m[K/home/minh/gim60108_ws/src/gim_arm_hardware/src/gim_arm_system.cpp:1[m[K:
[5.860s] [01m[K/usr/include/boost/variant/variant.hpp:1770:5:[m[K [01;36m[Knote: [m[Kcandidate: ‘[01m[Kboost::variant<T0, TN>::variant(boost::variant<T0, TN>&&) [with T0_ = pinocchio::JointModelRevoluteTpl<double, 0, 0>; TN = {pinocchio::JointModelRevoluteTpl<double, 0, 1>, pinocchio::JointModelRevoluteTpl<double, 0, 2>, pinocchio::JointModelFreeFlyerTpl<double, 0>, pinocchio::JointModelPlanarTpl<double, 0>, pinocchio::JointModelRevoluteUnalignedTpl<double, 0>, pinocchio::JointModelSphericalTpl<double, 0>, pinocchio::JointModelSphericalZYXTpl<double, 0>, pinocchio::JointModelEllipsoidTpl<double, 0>, pinocchio::JointModelPrismaticTpl<double, 0, 0>, pinocchio::JointModelPrismaticTpl<double, 0, 1>, pinocchio::JointModelPrismaticTpl<double, 0, 2>, pinocchio::JointModelPrismaticUnalignedTpl<double, 0>, pinocchio::JointModelTranslationTpl<double, 0>, pinocchio::JointModelRevoluteUnboundedTpl<double, 0, 0>, pinocchio::JointModelRevoluteUnboundedTpl<double, 0, 1>, pinocchio::JointModelRevoluteUnboundedTpl<double, 0, 2>, pinocchio::JointModelRevoluteUnboundedUnalignedTpl<double, 0>, pinocchio::JointModelHelicalTpl<double, 0, 0>, pinocchio::JointModelHelicalTpl<double, 0, 1>, pinocchio::JointModelHelicalTpl<double, 0, 2>, pinocchio::JointModelHelicalUnalignedTpl<double, 0>, pinocchio::JointModelUniversalTpl<double, 0>, boost::recursive_wrapper<pinocchio::JointModelCompositeTpl<double, 0, pinocchio::JointCollectionDefaultTpl> >, boost::recursive_wrapper<pinocchio::JointModelMimicTpl<double, 0, pinocchio::JointCollectionDefaultTpl> >}][m[K’
[5.860s]  1770 |     [01;36m[Kvariant[m[K(variant&& operand) BOOST_NOEXCEPT_IF(variant_move_noexcept_constructible::type::value)
[5.860s]       |     [01;36m[K^~~~~~~[m[K
[5.861s] [01m[K/usr/include/boost/variant/variant.hpp:1770:23:[m[K [01;36m[Knote: [m[K  no known conversion for argument 1 from ‘[01m[Kconst JointModelDerived[m[K’ {aka ‘[01m[Kconst pinocchio::JointModelPrismaticUnalignedTpl<double>[m[K’} to ‘[01m[Kboost::variant<pinocchio::JointModelRevoluteTpl<double, 0, 0>, pinocchio::JointModelRevoluteTpl<double, 0, 1>, pinocchio::JointModelRevoluteTpl<double, 0, 2>, pinocchio::JointModelFreeFlyerTpl<double, 0>, pinocchio::JointModelPlanarTpl<double, 0>, pinocchio::JointModelRevoluteUnalignedTpl<double, 0>, pinocchio::JointModelSphericalTpl<double, 0>, pinocchio::JointModelSphericalZYXTpl<double, 0>, pinocchio::JointModelEllipsoidTpl<double, 0>, pinocchio::JointModelPrismaticTpl<double, 0, 0>, pinocchio::JointModelPrismaticTpl<double, 0, 1>, pinocchio::JointModelPrismaticTpl<double, 0, 2>, pinocchio::JointModelPrismaticUnalignedTpl<double, 0>, pinocchio::JointModelTranslationTpl<double, 0>, pinocchio::JointModelRevoluteUnboundedTpl<double, 0, 0>, pinocchio::JointModelRevoluteUnboundedTpl<double, 0, 1>, pinocchio::JointModelRevoluteUnboundedTpl<double, 0, 2>, pinocchio::JointModelRevoluteUnboundedUnalignedTpl<double, 0>, pinocchio::JointModelHelicalTpl<double, 0, 0>, pinocchio::JointModelHelicalTpl<double, 0, 1>, pinocchio::JointModelHelicalTpl<double, 0, 2>, pinocchio::JointModelHelicalUnalignedTpl<double, 0>, pinocchio::JointModelUniversalTpl<double, 0>, boost::recursive_wrapper<pinocchio::JointModelCompositeTpl<double, 0, pinocchio::JointCollectionDefaultTpl> >, boost::recursive_wrapper<pinocchio::JointModelMimicTpl<double, 0, pinocchio::JointCollectionDefaultTpl> > >&&[m[K’
[5.861s]  1770 |     variant([01;36m[Kvariant&& operand[m[K) BOOST_NOEXCEPT_IF(variant_move_noexcept_constructible::type::value)
[5.861s]       |             [01;36m[K~~~~~~~~~~^~~~~~~[m[K
[5.861s] [01m[K/usr/include/boost/variant/variant.hpp:1759:5:[m[K [01;36m[Knote: [m[Kcandidate: ‘[01m[Kboost::variant<T0, TN>::variant(const boost::variant<T0, TN>&) [with T0_ = pinocchio::JointModelRevoluteTpl<double, 0, 0>; TN = {pinocchio::JointModelRevoluteTpl<double, 0, 1>, pinocchio::JointModelRevoluteTpl<double, 0, 2>, pinocchio::JointModelFreeFlyerTpl<double, 0>, pinocchio::JointModelPlanarTpl<double, 0>, pinocchio::JointModelRevoluteUnalignedTpl<double, 0>, pinocchio::JointModelSphericalTpl<double, 0>, pinocchio::JointModelSphericalZYXTpl<double, 0>, pinocchio::JointModelEllipsoidTpl<double, 0>, pinocchio::JointModelPrismaticTpl<double, 0, 0>, pinocchio::JointModelPrismaticTpl<double, 0, 1>, pinocchio::JointModelPrismaticTpl<double, 0, 2>, pinocchio::JointModelPrismaticUnalignedTpl<double, 0>, pinocchio::JointModelTranslationTpl<double, 0>, pinocchio::JointModelRevoluteUnboundedTpl<double, 0, 0>, pinocchio::JointModelRevoluteUnboundedTpl<double, 0, 1>, pinocchio::JointModelRevoluteUnboundedTpl<double, 0, 2>, pinocchio::JointModelRevoluteUnboundedUnalignedTpl<double, 0>, pinocchio::JointModelHelicalTpl<double, 0, 0>, pinocchio::JointModelHelicalTpl<double, 0, 1>, pinocchio::JointModelHelicalTpl<double, 0, 2>, pinocchio::JointModelHelicalUnalignedTpl<double, 0>, pinocchio::JointModelUniversalTpl<double, 0>, boost::recursive_wrapper<pinocchio::JointModelCompositeTpl<double, 0, pinocchio::JointCollectionDefaultTpl> >, boost::recursive_wrapper<pinocchio::JointModelMimicTpl<double, 0, pinocchio::JointCollectionDefaultTpl> >}][m[K’
[5.861s]  1759 |     [01;36m[Kvariant[m[K(const variant& operand)
[5.861s]       |     [01;36m[K^~~~~~~[m[K
[5.861s] [01m[K/usr/include/boost/variant/variant.hpp:1759:28:[m[K [01;36m[Knote: [m[K  no known conversion for argument 1 from ‘[01m[Kconst JointModelDerived[m[K’ {aka ‘[01m[Kconst pinocchio::JointModelPrismaticUnalignedTpl<double>[m[K’} to ‘[01m[Kconst boost::variant<pinocchio::JointModelRevoluteTpl<double, 0, 0>, pinocchio::JointModelRevoluteTpl<double, 0, 1>, pinocchio::JointModelRevoluteTpl<double, 0, 2>, pinocchio::JointModelFreeFlyerTpl<double, 0>, pinocchio::JointModelPlanarTpl<double, 0>, pinocchio::JointModelRevoluteUnalignedTpl<double, 0>, pinocchio::JointModelSphericalTpl<double, 0>, pinocchio::JointModelSphericalZYXTpl<double, 0>, pinocchio::JointModelEllipsoidTpl<double, 0>, pinocchio::JointModelPrismaticTpl<double, 0, 0>, pinocchio::JointModelPrismaticTpl<double, 0, 1>, pinocchio::JointModelPrismaticTpl<double, 0, 2>, pinocchio::JointModelPrismaticUnalignedTpl<double, 0>, pinocchio::JointModelTranslationTpl<double, 0>, pinocchio::JointModelRevoluteUnboundedTpl<double, 0, 0>, pinocchio::JointModelRevoluteUnboundedTpl<double, 0, 1>, pinocchio::JointModelRevoluteUnboundedTpl<double, 0, 2>, pinocchio::JointModelRevoluteUnboundedUnalignedTpl<double, 0>, pinocchio::JointModelHelicalTpl<double, 0, 0>, pinocchio::JointModelHelicalTpl<double, 0, 1>, pinocchio::JointModelHelicalTpl<double, 0, 2>, pinocchio::JointModelHelicalUnalignedTpl<double, 0>, pinocchio::JointModelUniversalTpl<double, 0>, boost::recursive_wrapper<pinocchio::JointModelCompositeTpl<double, 0, pinocchio::JointCollectionDefaultTpl> >, boost::recursive_wrapper<pinocchio::JointModelMimicTpl<double, 0, pinocchio::JointCollectionDefaultTpl> > >&[m[K’
[5.861s]  1759 |     variant([01;36m[Kconst variant& operand[m[K)
[5.861s]       |             [01;36m[K~~~~~~~~~~~~~~~^~~~~~~[m[K
[5.861s] [01m[K/usr/include/boost/variant/variant.hpp:1375:5:[m[K [01;36m[Knote: [m[Kcandidate: ‘[01m[Kboost::variant<T0, TN>::variant() [with T0_ = pinocchio::JointModelRevoluteTpl<double, 0, 0>; TN = {pinocchio::JointModelRevoluteTpl<double, 0, 1>, pinocchio::JointModelRevoluteTpl<double, 0, 2>, pinocchio::JointModelFreeFlyerTpl<double, 0>, pinocchio::JointModelPlanarTpl<double, 0>, pinocchio::JointModelRevoluteUnalignedTpl<double, 0>, pinocchio::JointModelSphericalTpl<double, 0>, pinocchio::JointModelSphericalZYXTpl<double, 0>, pinocchio::JointModelEllipsoidTpl<double, 0>, pinocchio::JointModelPrismaticTpl<double, 0, 0>, pinocchio::JointModelPrismaticTpl<double, 0, 1>, pinocchio::JointModelPrismaticTpl<double, 0, 2>, pinocchio::JointModelPrismaticUnalignedTpl<double, 0>, pinocchio::JointModelTranslationTpl<double, 0>, pinocchio::JointModelRevoluteUnboundedTpl<double, 0, 0>, pinocchio::JointModelRevoluteUnboundedTpl<double, 0, 1>, pinocchio::JointModelRevoluteUnboundedTpl<double, 0, 2>, pinocchio::JointModelRevoluteUnboundedUnalignedTpl<double, 0>, pinocchio::JointModelHelicalTpl<double, 0, 0>, pinocchio::JointModelHelicalTpl<double, 0, 1>, pinocchio::JointModelHelicalTpl<double, 0, 2>, pinocchio::JointModelHelicalUnalignedTpl<double, 0>, pinocchio::JointModelUniversalTpl<double, 0>, boost::recursive_wrapper<pinocchio::JointModelCompositeTpl<double, 0, pinocchio::JointCollectionDefaultTpl> >, boost::recursive_wrapper<pinocchio::JointModelMimicTpl<double, 0, pinocchio::JointCollectionDefaultTpl> >}][m[K’
[5.861s]  1375 |     [01;36m[Kvariant[m[K()
[5.861s]       |     [01;36m[K^~~~~~~[m[K
[5.861s] [01m[K/usr/include/boost/variant/variant.hpp:1375:5:[m[K [01;36m[Knote: [m[K  candidate expects 0 arguments, 1 provided
[5.861s] In file included from [01m[K/opt/ros/humble/include/pinocchio/multibody/joint.hpp:84[m[K,
[5.861s]                  from [01m[K/opt/ros/humble/include/pinocchio/multibody.hpp:43[m[K,
[5.861s]                  from [01m[K/opt/ros/humble/include/pinocchio/parsers/urdf.hpp:27[m[K,
[5.861s]                  from [01m[K/home/minh/gim60108_ws/src/gim_arm_hardware/include/gim_arm_hardware/gim_arm_system.hpp:25[m[K,
[5.861s]                  from [01m[K/home/minh/gim60108_ws/src/gim_arm_hardware/src/gim_arm_system.cpp:1[m[K:
[5.861s] /opt/ros/humble/include/pinocchio/src/multibody/joint/joint-generic.hxx: In instantiation of ‘[01m[Kpinocchio::JointModelTpl<Scalar, Options, JointCollectionTpl>::JointModelTpl(const pinocchio::JointModelBase<OtherDerived>&) [with JointModelDerived = pinocchio::JointModelMimicTpl<double>; _Scalar = double; int _Options = 0; JointCollectionTpl = pinocchio::JointCollectionDefaultTpl][m[K’:
[5.861s] [01m[K/opt/ros/humble/include/pinocchio/src/parsers/urdf/model.hxx:554:34:[m[K   required from ‘[01m[Kpinocchio::JointIndex pinocchio::urdf::details::UrdfVisitor::addMimicJoint(const Frame&, const SE3&, const string&, const VectorConstRef&, const VectorConstRef&, const VectorConstRef&, const VectorConstRef&, const VectorConstRef&, const VectorConstRef&, const VectorConstRef&, const VectorConstRef&, const VectorConstRef&, const VectorConstRef&, const pinocchio::urdf::details::MimicInfo&) [with TypeX = pinocchio::JointModelRevoluteTpl<double, 0, 0>; TypeY = pinocchio::JointModelRevoluteTpl<double, 0, 1>; TypeZ = pinocchio::JointModelRevoluteTpl<double, 0, 2>; TypeUnaligned = pinocchio::JointModelRevoluteUnalignedTpl<double>; pinocchio::JointIndex = long unsigned int; pinocchio::urdf::details::UrdfVisitor::Frame = pinocchio::FrameTpl<double, 0>; pinocchio::urdf::details::UrdfVisitor::SE3 = pinocchio::SE3Tpl<double, 0>; std::string = std::__cxx11::basic_string<char>; pinocchio::urdf::details::UrdfVisitor::VectorConstRef = Eigen::Ref<const Eigen::Matrix<double, -1, 1> >][m[K’
[5.861s] [01m[K/opt/ros/humble/include/pinocchio/src/parsers/urdf/model.hxx:290:73:[m[K   required from here
[5.861s] [01m[K/opt/ros/humble/include/pinocchio/src/multibody/joint/joint-generic.hxx:306:25:[m[K [01;31m[Kerror: [m[Kno matching function for call to ‘[01m[Kboost::variant<pinocchio::JointModelRevoluteTpl<double, 0, 0>, pinocchio::JointModelRevoluteTpl<double, 0, 1>, pinocchio::JointModelRevoluteTpl<double, 0, 2>, pinocchio::JointModelFreeFlyerTpl<double, 0>, pinocchio::JointModelPlanarTpl<double, 0>, pinocchio::JointModelRevoluteUnalignedTpl<double, 0>, pinocchio::JointModelSphericalTpl<double, 0>, pinocchio::JointModelSphericalZYXTpl<double, 0>, pinocchio::JointModelEllipsoidTpl<double, 0>, pinocchio::JointModelPrismaticTpl<double, 0, 0>, pinocchio::JointModelPrismaticTpl<double, 0, 1>, pinocchio::JointModelPrismaticTpl<double, 0, 2>, pinocchio::JointModelPrismaticUnalignedTpl<double, 0>, pinocchio::JointModelTranslationTpl<double, 0>, pinocchio::JointModelRevoluteUnboundedTpl<double, 0, 0>, pinocchio::JointModelRevoluteUnboundedTpl<double, 0, 1>, pinocchio::JointModelRevoluteUnboundedTpl<double, 0, 2>, pinocchio::JointModelRevoluteUnboundedUnalignedTpl<double, 0>, pinocchio::JointModelHelicalTpl<double, 0, 0>, pinocchio::JointModelHelicalTpl<double, 0, 1>, pinocchio::JointModelHelicalTpl<double, 0, 2>, pinocchio::JointModelHelicalUnalignedTpl<double, 0>, pinocchio::JointModelUniversalTpl<double, 0>, boost::recursive_wrapper<pinocchio::JointModelCompositeTpl<double, 0, pinocchio::JointCollectionDefaultTpl> >, boost::recursive_wrapper<pinocchio::JointModelMimicTpl<double, 0, pinocchio::JointCollectionDefaultTpl> > >::variant(const JointModelDerived&)[m[K’
[5.861s]   306 |     : JointModelVariant([01;31m[K(JointModelVariant)jmodel.derived()[m[K)
[5.861s]       |                         [01;31m[K^~~~~~~~~~~~~~~~~~~~~~~~~~~~~~~~~~~[m[K
[5.861s] In file included from [01m[K/usr/include/boost/variant.hpp:17[m[K,
[5.861s]                  from [01m[K/opt/ros/humble/include/pinocchio/multibody.hpp:21[m[K,
[5.861s]                  from [01m[K/opt/ros/humble/include/pinocchio/parsers/urdf.hpp:27[m[K,
[5.861s]                  from [01m[K/home/minh/gim60108_ws/src/gim_arm_hardware/include/gim_arm_hardware/gim_arm_system.hpp:25[m[K,
[5.861s]                  from [01m[K/home/minh/gim60108_ws/src/gim_arm_hardware/src/gim_arm_system.cpp:1[m[K:
[5.861s] [01m[K/usr/include/boost/variant/variant.hpp:1770:5:[m[K [01;36m[Knote: [m[Kcandidate: ‘[01m[Kboost::variant<T0, TN>::variant(boost::variant<T0, TN>&&) [with T0_ = pinocchio::JointModelRevoluteTpl<double, 0, 0>; TN = {pinocchio::JointModelRevoluteTpl<double, 0, 1>, pinocchio::JointModelRevoluteTpl<double, 0, 2>, pinocchio::JointModelFreeFlyerTpl<double, 0>, pinocchio::JointModelPlanarTpl<double, 0>, pinocchio::JointModelRevoluteUnalignedTpl<double, 0>, pinocchio::JointModelSphericalTpl<double, 0>, pinocchio::JointModelSphericalZYXTpl<double, 0>, pinocchio::JointModelEllipsoidTpl<double, 0>, pinocchio::JointModelPrismaticTpl<double, 0, 0>, pinocchio::JointModelPrismaticTpl<double, 0, 1>, pinocchio::JointModelPrismaticTpl<double, 0, 2>, pinocchio::JointModelPrismaticUnalignedTpl<double, 0>, pinocchio::JointModelTranslationTpl<double, 0>, pinocchio::JointModelRevoluteUnboundedTpl<double, 0, 0>, pinocchio::JointModelRevoluteUnboundedTpl<double, 0, 1>, pinocchio::JointModelRevoluteUnboundedTpl<double, 0, 2>, pinocchio::JointModelRevoluteUnboundedUnalignedTpl<double, 0>, pinocchio::JointModelHelicalTpl<double, 0, 0>, pinocchio::JointModelHelicalTpl<double, 0, 1>, pinocchio::JointModelHelicalTpl<double, 0, 2>, pinocchio::JointModelHelicalUnalignedTpl<double, 0>, pinocchio::JointModelUniversalTpl<double, 0>, boost::recursive_wrapper<pinocchio::JointModelCompositeTpl<double, 0, pinocchio::JointCollectionDefaultTpl> >, boost::recursive_wrapper<pinocchio::JointModelMimicTpl<double, 0, pinocchio::JointCollectionDefaultTpl> >}][m[K’
[5.861s]  1770 |     [01;36m[Kvariant[m[K(variant&& operand) BOOST_NOEXCEPT_IF(variant_move_noexcept_constructible::type::value)
[5.861s]       |     [01;36m[K^~~~~~~[m[K
[5.861s] [01m[K/usr/include/boost/variant/variant.hpp:1770:23:[m[K [01;36m[Knote: [m[K  no known conversion for argument 1 from ‘[01m[Kconst JointModelDerived[m[K’ {aka ‘[01m[Kconst pinocchio::JointModelMimicTpl<double>[m[K’} to ‘[01m[Kboost::variant<pinocchio::JointModelRevoluteTpl<double, 0, 0>, pinocchio::JointModelRevoluteTpl<double, 0, 1>, pinocchio::JointModelRevoluteTpl<double, 0, 2>, pinocchio::JointModelFreeFlyerTpl<double, 0>, pinocchio::JointModelPlanarTpl<double, 0>, pinocchio::JointModelRevoluteUnalignedTpl<double, 0>, pinocchio::JointModelSphericalTpl<double, 0>, pinocchio::JointModelSphericalZYXTpl<double, 0>, pinocchio::JointModelEllipsoidTpl<double, 0>, pinocchio::JointModelPrismaticTpl<double, 0, 0>, pinocchio::JointModelPrismaticTpl<double, 0, 1>, pinocchio::JointModelPrismaticTpl<double, 0, 2>, pinocchio::JointModelPrismaticUnalignedTpl<double, 0>, pinocchio::JointModelTranslationTpl<double, 0>, pinocchio::JointModelRevoluteUnboundedTpl<double, 0, 0>, pinocchio::JointModelRevoluteUnboundedTpl<double, 0, 1>, pinocchio::JointModelRevoluteUnboundedTpl<double, 0, 2>, pinocchio::JointModelRevoluteUnboundedUnalignedTpl<double, 0>, pinocchio::JointModelHelicalTpl<double, 0, 0>, pinocchio::JointModelHelicalTpl<double, 0, 1>, pinocchio::JointModelHelicalTpl<double, 0, 2>, pinocchio::JointModelHelicalUnalignedTpl<double, 0>, pinocchio::JointModelUniversalTpl<double, 0>, boost::recursive_wrapper<pinocchio::JointModelCompositeTpl<double, 0, pinocchio::JointCollectionDefaultTpl> >, boost::recursive_wrapper<pinocchio::JointModelMimicTpl<double, 0, pinocchio::JointCollectionDefaultTpl> > >&&[m[K’
[5.861s]  1770 |     variant([01;36m[Kvariant&& operand[m[K) BOOST_NOEXCEPT_IF(variant_move_noexcept_constructible::type::value)
[5.861s]       |             [01;36m[K~~~~~~~~~~^~~~~~~[m[K
[5.861s] [01m[K/usr/include/boost/variant/variant.hpp:1759:5:[m[K [01;36m[Knote: [m[Kcandidate: ‘[01m[Kboost::variant<T0, TN>::variant(const boost::variant<T0, TN>&) [with T0_ = pinocchio::JointModelRevoluteTpl<double, 0, 0>; TN = {pinocchio::JointModelRevoluteTpl<double, 0, 1>, pinocchio::JointModelRevoluteTpl<double, 0, 2>, pinocchio::JointModelFreeFlyerTpl<double, 0>, pinocchio::JointModelPlanarTpl<double, 0>, pinocchio::JointModelRevoluteUnalignedTpl<double, 0>, pinocchio::JointModelSphericalTpl<double, 0>, pinocchio::JointModelSphericalZYXTpl<double, 0>, pinocchio::JointModelEllipsoidTpl<double, 0>, pinocchio::JointModelPrismaticTpl<double, 0, 0>, pinocchio::JointModelPrismaticTpl<double, 0, 1>, pinocchio::JointModelPrismaticTpl<double, 0, 2>, pinocchio::JointModelPrismaticUnalignedTpl<double, 0>, pinocchio::JointModelTranslationTpl<double, 0>, pinocchio::JointModelRevoluteUnboundedTpl<double, 0, 0>, pinocchio::JointModelRevoluteUnboundedTpl<double, 0, 1>, pinocchio::JointModelRevoluteUnboundedTpl<double, 0, 2>, pinocchio::JointModelRevoluteUnboundedUnalignedTpl<double, 0>, pinocchio::JointModelHelicalTpl<double, 0, 0>, pinocchio::JointModelHelicalTpl<double, 0, 1>, pinocchio::JointModelHelicalTpl<double, 0, 2>, pinocchio::JointModelHelicalUnalignedTpl<double, 0>, pinocchio::JointModelUniversalTpl<double, 0>, boost::recursive_wrapper<pinocchio::JointModelCompositeTpl<double, 0, pinocchio::JointCollectionDefaultTpl> >, boost::recursive_wrapper<pinocchio::JointModelMimicTpl<double, 0, pinocchio::JointCollectionDefaultTpl> >}][m[K’
[5.861s]  1759 |     [01;36m[Kvariant[m[K(const variant& operand)
[5.861s]       |     [01;36m[K^~~~~~~[m[K
[5.862s] [01m[K/usr/include/boost/variant/variant.hpp:1759:28:[m[K [01;36m[Knote: [m[K  no known conversion for argument 1 from ‘[01m[Kconst JointModelDerived[m[K’ {aka ‘[01m[Kconst pinocchio::JointModelMimicTpl<double>[m[K’} to ‘[01m[Kconst boost::variant<pinocchio::JointModelRevoluteTpl<double, 0, 0>, pinocchio::JointModelRevoluteTpl<double, 0, 1>, pinocchio::JointModelRevoluteTpl<double, 0, 2>, pinocchio::JointModelFreeFlyerTpl<double, 0>, pinocchio::JointModelPlanarTpl<double, 0>, pinocchio::JointModelRevoluteUnalignedTpl<double, 0>, pinocchio::JointModelSphericalTpl<double, 0>, pinocchio::JointModelSphericalZYXTpl<double, 0>, pinocchio::JointModelEllipsoidTpl<double, 0>, pinocchio::JointModelPrismaticTpl<double, 0, 0>, pinocchio::JointModelPrismaticTpl<double, 0, 1>, pinocchio::JointModelPrismaticTpl<double, 0, 2>, pinocchio::JointModelPrismaticUnalignedTpl<double, 0>, pinocchio::JointModelTranslationTpl<double, 0>, pinocchio::JointModelRevoluteUnboundedTpl<double, 0, 0>, pinocchio::JointModelRevoluteUnboundedTpl<double, 0, 1>, pinocchio::JointModelRevoluteUnboundedTpl<double, 0, 2>, pinocchio::JointModelRevoluteUnboundedUnalignedTpl<double, 0>, pinocchio::JointModelHelicalTpl<double, 0, 0>, pinocchio::JointModelHelicalTpl<double, 0, 1>, pinocchio::JointModelHelicalTpl<double, 0, 2>, pinocchio::JointModelHelicalUnalignedTpl<double, 0>, pinocchio::JointModelUniversalTpl<double, 0>, boost::recursive_wrapper<pinocchio::JointModelCompositeTpl<double, 0, pinocchio::JointCollectionDefaultTpl> >, boost::recursive_wrapper<pinocchio::JointModelMimicTpl<double, 0, pinocchio::JointCollectionDefaultTpl> > >&[m[K’
[5.862s]  1759 |     variant([01;36m[Kconst variant& operand[m[K)
[5.862s]       |             [01;36m[K~~~~~~~~~~~~~~~^~~~~~~[m[K
[5.862s] [01m[K/usr/include/boost/variant/variant.hpp:1375:5:[m[K [01;36m[Knote: [m[Kcandidate: ‘[01m[Kboost::variant<T0, TN>::variant() [with T0_ = pinocchio::JointModelRevoluteTpl<double, 0, 0>; TN = {pinocchio::JointModelRevoluteTpl<double, 0, 1>, pinocchio::JointModelRevoluteTpl<double, 0, 2>, pinocchio::JointModelFreeFlyerTpl<double, 0>, pinocchio::JointModelPlanarTpl<double, 0>, pinocchio::JointModelRevoluteUnalignedTpl<double, 0>, pinocchio::JointModelSphericalTpl<double, 0>, pinocchio::JointModelSphericalZYXTpl<double, 0>, pinocchio::JointModelEllipsoidTpl<double, 0>, pinocchio::JointModelPrismaticTpl<double, 0, 0>, pinocchio::JointModelPrismaticTpl<double, 0, 1>, pinocchio::JointModelPrismaticTpl<double, 0, 2>, pinocchio::JointModelPrismaticUnalignedTpl<double, 0>, pinocchio::JointModelTranslationTpl<double, 0>, pinocchio::JointModelRevoluteUnboundedTpl<double, 0, 0>, pinocchio::JointModelRevoluteUnboundedTpl<double, 0, 1>, pinocchio::JointModelRevoluteUnboundedTpl<double, 0, 2>, pinocchio::JointModelRevoluteUnboundedUnalignedTpl<double, 0>, pinocchio::JointModelHelicalTpl<double, 0, 0>, pinocchio::JointModelHelicalTpl<double, 0, 1>, pinocchio::JointModelHelicalTpl<double, 0, 2>, pinocchio::JointModelHelicalUnalignedTpl<double, 0>, pinocchio::JointModelUniversalTpl<double, 0>, boost::recursive_wrapper<pinocchio::JointModelCompositeTpl<double, 0, pinocchio::JointCollectionDefaultTpl> >, boost::recursive_wrapper<pinocchio::JointModelMimicTpl<double, 0, pinocchio::JointCollectionDefaultTpl> >}][m[K’
[5.862s]  1375 |     [01;36m[Kvariant[m[K()
[5.862s]       |     [01;36m[K^~~~~~~[m[K
[5.862s] [01m[K/usr/include/boost/variant/variant.hpp:1375:5:[m[K [01;36m[Knote: [m[K  candidate expects 0 arguments, 1 provided
[6.019s] In file included from [01m[K/usr/include/boost/variant/variant.hpp:31[m[K,
[6.019s]                  from [01m[K/usr/include/boost/variant.hpp:17[m[K,
[6.019s]                  from [01m[K/opt/ros/humble/include/pinocchio/multibody.hpp:21[m[K,
[6.019s]                  from [01m[K/opt/ros/humble/include/pinocchio/parsers/urdf.hpp:27[m[K,
[6.019s]                  from [01m[K/home/minh/gim60108_ws/src/gim_arm_hardware/include/gim_arm_hardware/gim_arm_system.hpp:25[m[K,
[6.019s]                  from [01m[K/home/minh/gim60108_ws/src/gim_arm_hardware/src/gim_arm_system.cpp:1[m[K:
[6.019s] /usr/include/boost/variant/detail/make_variant_list.hpp: In instantiation of ‘[01m[Kstruct boost::detail::variant::make_variant_list<pinocchio::JointDataRevoluteTpl<double, 0, 0>, pinocchio::JointDataRevoluteTpl<double, 0, 1>, pinocchio::JointDataRevoluteTpl<double, 0, 2>, pinocchio::JointDataFreeFlyerTpl<double, 0>, pinocchio::JointDataPlanarTpl<double, 0>, pinocchio::JointDataRevoluteUnalignedTpl<double, 0>, pinocchio::JointDataSphericalTpl<double, 0>, pinocchio::JointDataSphericalZYXTpl<double, 0>, pinocchio::JointDataEllipsoidTpl<double, 0>, pinocchio::JointDataPrismaticTpl<double, 0, 0>, pinocchio::JointDataPrismaticTpl<double, 0, 1>, pinocchio::JointDataPrismaticTpl<double, 0, 2>, pinocchio::JointDataPrismaticUnalignedTpl<double, 0>, pinocchio::JointDataTranslationTpl<double, 0>, pinocchio::JointDataRevoluteUnboundedTpl<double, 0, 0>, pinocchio::JointDataRevoluteUnboundedTpl<double, 0, 1>, pinocchio::JointDataRevoluteUnboundedTpl<double, 0, 2>, pinocchio::JointDataRevoluteUnboundedUnalignedTpl<double, 0>, pinocchio::JointDataHelicalTpl<double, 0, 0>, pinocchio::JointDataHelicalTpl<double, 0, 1>, pinocchio::JointDataHelicalTpl<double, 0, 2>, pinocchio::JointDataHelicalUnalignedTpl<double, 0>, pinocchio::JointDataUniversalTpl<double, 0>, boost::recursive_wrapper<pinocchio::JointDataCompositeTpl<double, 0, pinocchio::JointCollectionDefaultTpl> >, boost::recursive_wrapper<pinocchio::JointDataMimicTpl<double, 0, pinocchio::JointCollectionDefaultTpl> > >[m[K’:
[6.019s] [01m[K/usr/include/boost/mpl/eval_if.hpp:38:31:[m[K   required from ‘[01m[Kstruct boost::mpl::eval_if<boost::variant<pinocchio::JointDataRevoluteTpl<double, 0, 0>, pinocchio::JointDataRevoluteTpl<double, 0, 1>, pinocchio::JointDataRevoluteTpl<double, 0, 2>, pinocchio::JointDataFreeFlyerTpl<double, 0>, pinocchio::JointDataPlanarTpl<double, 0>, pinocchio::JointDataRevoluteUnalignedTpl<double, 0>, pinocchio::JointDataSphericalTpl<double, 0>, pinocchio::JointDataSphericalZYXTpl<double, 0>, pinocchio::JointDataEllipsoidTpl<double, 0>, pinocchio::JointDataPrismaticTpl<double, 0, 0>, pinocchio::JointDataPrismaticTpl<double, 0, 1>, pinocchio::JointDataPrismaticTpl<double, 0, 2>, pinocchio::JointDataPrismaticUnalignedTpl<double, 0>, pinocchio::JointDataTranslationTpl<double, 0>, pinocchio::JointDataRevoluteUnboundedTpl<double, 0, 0>, pinocchio::JointDataRevoluteUnboundedTpl<double, 0, 1>, pinocchio::JointDataRevoluteUnboundedTpl<double, 0, 2>, pinocchio::JointDataRevoluteUnboundedUnalignedTpl<double, 0>, pinocchio::JointDataHelicalTpl<double, 0, 0>, pinocchio::JointDataHelicalTpl<double, 0, 1>, pinocchio::JointDataHelicalTpl<double, 0, 2>, pinocchio::JointDataHelicalUnalignedTpl<double, 0>, pinocchio::JointDataUniversalTpl<double, 0>, boost::recursive_wrapper<pinocchio::JointDataCompositeTpl<double, 0, pinocchio::JointCollectionDefaultTpl> >, boost::recursive_wrapper<pinocchio::JointDataMimicTpl<double, 0, pinocchio::JointCollectionDefaultTpl> > >::is_sequence_based_, pinocchio::JointDataRevoluteTpl<double, 0, 0>, boost::detail::variant::make_variant_list<pinocchio::JointDataRevoluteTpl<double, 0, 0>, pinocchio::JointDataRevoluteTpl<double, 0, 1>, pinocchio::JointDataRevoluteTpl<double, 0, 2>, pinocchio::JointDataFreeFlyerTpl<double, 0>, pinocchio::JointDataPlanarTpl<double, 0>, pinocchio::JointDataRevoluteUnalignedTpl<double, 0>, pinocchio::JointDataSphericalTpl<double, 0>, pinocchio::JointDataSphericalZYXTpl<double, 0>, pinocchio::JointDataEllipsoidTpl<double, 0>, pinocchio::JointDataPrismaticTpl<double, 0, 0>, pinocchio::JointDataPrismaticTpl<double, 0, 1>, pinocchio::JointDataPrismaticTpl<double, 0, 2>, pinocchio::JointDataPrismaticUnalignedTpl<double, 0>, pinocchio::JointDataTranslationTpl<double, 0>, pinocchio::JointDataRevoluteUnboundedTpl<double, 0, 0>, pinocchio::JointDataRevoluteUnboundedTpl<double, 0, 1>, pinocchio::JointDataRevoluteUnboundedTpl<double, 0, 2>, pinocchio::JointDataRevoluteUnboundedUnalignedTpl<double, 0>, pinocchio::JointDataHelicalTpl<double, 0, 0>, pinocchio::JointDataHelicalTpl<double, 0, 1>, pinocchio::JointDataHelicalTpl<double, 0, 2>, pinocchio::JointDataHelicalUnalignedTpl<double, 0>, pinocchio::JointDataUniversalTpl<double, 0>, boost::recursive_wrapper<pinocchio::JointDataCompositeTpl<double, 0, pinocchio::JointCollectionDefaultTpl> >, boost::recursive_wrapper<pinocchio::JointDataMimicTpl<double, 0, pinocchio::JointCollectionDefaultTpl> > > >[m[K’
[6.019s] [01m[K/usr/include/boost/variant/variant.hpp:1138:17:[m[K   required from ‘[01m[Kclass boost::variant<pinocchio::JointDataRevoluteTpl<double, 0, 0>, pinocchio::JointDataRevoluteTpl<double, 0, 1>, pinocchio::JointDataRevoluteTpl<double, 0, 2>, pinocchio::JointDataFreeFlyerTpl<double, 0>, pinocchio::JointDataPlanarTpl<double, 0>, pinocchio::JointDataRevoluteUnalignedTpl<double, 0>, pinocchio::JointDataSphericalTpl<double, 0>, pinocchio::JointDataSphericalZYXTpl<double, 0>, pinocchio::JointDataEllipsoidTpl<double, 0>, pinocchio::JointDataPrismaticTpl<double, 0, 0>, pinocchio::JointDataPrismaticTpl<double, 0, 1>, pinocchio::JointDataPrismaticTpl<double, 0, 2>, pinocchio::JointDataPrismaticUnalignedTpl<double, 0>, pinocchio::JointDataTranslationTpl<double, 0>, pinocchio::JointDataRevoluteUnboundedTpl<double, 0, 0>, pinocchio::JointDataRevoluteUnboundedTpl<double, 0, 1>, pinocchio::JointDataRevoluteUnboundedTpl<double, 0, 2>, pinocchio::JointDataRevoluteUnboundedUnalignedTpl<double, 0>, pinocchio::JointDataHelicalTpl<double, 0, 0>, pinocchio::JointDataHelicalTpl<double, 0, 1>, pinocchio::JointDataHelicalTpl<double, 0, 2>, pinocchio::JointDataHelicalUnalignedTpl<double, 0>, pinocchio::JointDataUniversalTpl<double, 0>, boost::recursive_wrapper<pinocchio::JointDataCompositeTpl<double, 0, pinocchio::JointCollectionDefaultTpl> >, boost::recursive_wrapper<pinocchio::JointDataMimicTpl<double, 0, pinocchio::JointCollectionDefaultTpl> > >[m[K’
[6.019s] [01m[K/opt/ros/humble/include/pinocchio/src/multibody/joint/joint-generic.hxx:88:10:[m[K   required from ‘[01m[Kstruct pinocchio::JointDataTpl<double>[m[K’
[6.019s] [01m[K/opt/ros/humble/include/pinocchio/src/multibody/data.hxx:802:40:[m[K   required from ‘[01m[Kpinocchio::DataTpl<_Scalar, _Options, JointCollectionTpl>::DataTpl(const Model&) [with _Scalar = double; int _Options = 0; JointCollectionTpl = pinocchio::JointCollectionDefaultTpl; pinocchio::DataTpl<_Scalar, _Options, JointCollectionTpl>::Model = pinocchio::ModelTpl<double, 0>][m[K’
[6.019s] [01m[K/usr/include/c++/11/bits/unique_ptr.h:962:30:[m[K   required from ‘[01m[Ktypename std::_MakeUniq<_Tp>::__single_object std::make_unique(_Args&& ...) [with _Tp = pinocchio::DataTpl<double, 0>; _Args = {pinocchio::ModelTpl<double, 0, pinocchio::JointCollectionDefaultTpl>&}; typename std::_MakeUniq<_Tp>::__single_object = std::unique_ptr<pinocchio::DataTpl<double, 0> >][m[K’
[6.019s] [01m[K/home/minh/gim60108_ws/src/gim_arm_hardware/src/gim_arm_system.cpp:134:52:[m[K   required from here
[6.019s] [01m[K/usr/include/boost/variant/detail/make_variant_list.hpp:40:46:[m[K [01;31m[Kerror: [m[Kwrong number of template arguments (25, should be at least 0)
[6.019s]    40 |     typedef typename mpl::list< T... >::type [01;31m[Ktype[m[K;
[6.019s]       |                                              [01;31m[K^~~~[m[K
[6.020s] In file included from [01m[K/usr/include/boost/mpl/aux_/include_preprocessed.hpp:37[m[K,
[6.020s]                  from [01m[K/usr/include/boost/mpl/list.hpp:46[m[K,
[6.020s]                  from [01m[K/usr/include/boost/math/policies/policy.hpp:9[m[K,
[6.020s]                  from [01m[K/usr/include/boost/math/constants/constants.hpp:12[m[K,
[6.020s]                  from [01m[K/opt/ros/humble/include/pinocchio/math.hpp:20[m[K,
[6.020s]                  from [01m[K/opt/ros/humble/include/pinocchio/spatial.hpp:19[m[K,
[6.020s]                  from [01m[K/opt/ros/humble/include/pinocchio/parsers/urdf.hpp:26[m[K,
[6.020s]                  from [01m[K/home/minh/gim60108_ws/src/gim_arm_hardware/include/gim_arm_hardware/gim_arm_system.hpp:25[m[K,
[6.020s]                  from [01m[K/home/minh/gim60108_ws/src/gim_arm_hardware/src/gim_arm_system.cpp:1[m[K:
[6.020s] [01m[K/usr/include/boost/mpl/aux_/preprocessed/gcc/list.hpp:22:8:[m[K [01;36m[Knote: [m[Kprovided for ‘[01m[Ktemplate<class T0, class T1, class T2, class T3, class T4, class T5, class T6, class T7, class T8, class T9, class T10, class T11, class T12, class T13, class T14, class T15, class T16, class T17, class T18, class T19> struct boost::mpl::list[m[K’
[6.020s]    22 | struct [01;36m[Klist[m[K;
[6.020s]       |        [01;36m[K^~~~[m[K
[6.658s] In file included from [01m[K/usr/include/boost/variant.hpp:17[m[K,
[6.658s]                  from [01m[K/opt/ros/humble/include/pinocchio/multibody.hpp:21[m[K,
[6.658s]                  from [01m[K/opt/ros/humble/include/pinocchio/parsers/urdf.hpp:27[m[K,
[6.658s]                  from [01m[K/home/minh/gim60108_ws/src/gim_arm_hardware/include/gim_arm_hardware/gim_arm_system.hpp:25[m[K,
[6.658s]                  from [01m[K/home/minh/gim60108_ws/src/gim_arm_hardware/src/gim_arm_system.cpp:1[m[K:
[6.658s] /usr/include/boost/variant/variant.hpp: In instantiation of ‘[01m[Ktypename Visitor::result_type boost::variant<T0, TN>::internal_apply_visitor(Visitor&) [with Visitor = boost::detail::variant::destroyer; T0_ = pinocchio::JointModelRevoluteTpl<double, 0, 0>; TN = {pinocchio::JointModelRevoluteTpl<double, 0, 1>, pinocchio::JointModelRevoluteTpl<double, 0, 2>, pinocchio::JointModelFreeFlyerTpl<double, 0>, pinocchio::JointModelPlanarTpl<double, 0>, pinocchio::JointModelRevoluteUnalignedTpl<double, 0>, pinocchio::JointModelSphericalTpl<double, 0>, pinocchio::JointModelSphericalZYXTpl<double, 0>, pinocchio::JointModelEllipsoidTpl<double, 0>, pinocchio::JointModelPrismaticTpl<double, 0, 0>, pinocchio::JointModelPrismaticTpl<double, 0, 1>, pinocchio::JointModelPrismaticTpl<double, 0, 2>, pinocchio::JointModelPrismaticUnalignedTpl<double, 0>, pinocchio::JointModelTranslationTpl<double, 0>, pinocchio::JointModelRevoluteUnboundedTpl<double, 0, 0>, pinocchio::JointModelRevoluteUnboundedTpl<double, 0, 1>, pinocchio::JointModelRevoluteUnboundedTpl<double, 0, 2>, pinocchio::JointModelRevoluteUnboundedUnalignedTpl<double, 0>, pinocchio::JointModelHelicalTpl<double, 0, 0>, pinocchio::JointModelHelicalTpl<double, 0, 1>, pinocchio::JointModelHelicalTpl<double, 0, 2>, pinocchio::JointModelHelicalUnalignedTpl<double, 0>, pinocchio::JointModelUniversalTpl<double, 0>, boost::recursive_wrapper<pinocchio::JointModelCompositeTpl<double, 0, pinocchio::JointCollectionDefaultTpl> >, boost::recursive_wrapper<pinocchio::JointModelMimicTpl<double, 0, pinocchio::JointCollectionDefaultTpl> >}; typename Visitor::result_type = void][m[K’:
[6.658s] [01m[K/usr/include/boost/variant/variant.hpp:1365:37:[m[K   required from ‘[01m[Kvoid boost::variant<T0, TN>::destroy_content() [with T0_ = pinocchio::JointModelRevoluteTpl<double, 0, 0>; TN = {pinocchio::JointModelRevoluteTpl<double, 0, 1>, pinocchio::JointModelRevoluteTpl<double, 0, 2>, pinocchio::JointModelFreeFlyerTpl<double, 0>, pinocchio::JointModelPlanarTpl<double, 0>, pinocchio::JointModelRevoluteUnalignedTpl<double, 0>, pinocchio::JointModelSphericalTpl<double, 0>, pinocchio::JointModelSphericalZYXTpl<double, 0>, pinocchio::JointModelEllipsoidTpl<double, 0>, pinocchio::JointModelPrismaticTpl<double, 0, 0>, pinocchio::JointModelPrismaticTpl<double, 0, 1>, pinocchio::JointModelPrismaticTpl<double, 0, 2>, pinocchio::JointModelPrismaticUnalignedTpl<double, 0>, pinocchio::JointModelTranslationTpl<double, 0>, pinocchio::JointModelRevoluteUnboundedTpl<double, 0, 0>, pinocchio::JointModelRevoluteUnboundedTpl<double, 0, 1>, pinocchio::JointModelRevoluteUnboundedTpl<double, 0, 2>, pinocchio::JointModelRevoluteUnboundedUnalignedTpl<double, 0>, pinocchio::JointModelHelicalTpl<double, 0, 0>, pinocchio::JointModelHelicalTpl<double, 0, 1>, pinocchio::JointModelHelicalTpl<double, 0, 2>, pinocchio::JointModelHelicalUnalignedTpl<double, 0>, pinocchio::JointModelUniversalTpl<double, 0>, boost::recursive_wrapper<pinocchio::JointModelCompositeTpl<double, 0, pinocchio::JointCollectionDefaultTpl> >, boost::recursive_wrapper<pinocchio::JointModelMimicTpl<double, 0, pinocchio::JointCollectionDefaultTpl> >}][m[K’
[6.658s] [01m[K/usr/include/boost/variant/variant.hpp:1372:9:[m[K   required from ‘[01m[Kboost::variant<T0, TN>::~variant() [with T0_ = pinocchio::JointModelRevoluteTpl<double, 0, 0>; TN = {pinocchio::JointModelRevoluteTpl<double, 0, 1>, pinocchio::JointModelRevoluteTpl<double, 0, 2>, pinocchio::JointModelFreeFlyerTpl<double, 0>, pinocchio::JointModelPlanarTpl<double, 0>, pinocchio::JointModelRevoluteUnalignedTpl<double, 0>, pinocchio::JointModelSphericalTpl<double, 0>, pinocchio::JointModelSphericalZYXTpl<double, 0>, pinocchio::JointModelEllipsoidTpl<double, 0>, pinocchio::JointModelPrismaticTpl<double, 0, 0>, pinocchio::JointModelPrismaticTpl<double, 0, 1>, pinocchio::JointModelPrismaticTpl<double, 0, 2>, pinocchio::JointModelPrismaticUnalignedTpl<double, 0>, pinocchio::JointModelTranslationTpl<double, 0>, pinocchio::JointModelRevoluteUnboundedTpl<double, 0, 0>, pinocchio::JointModelRevoluteUnboundedTpl<double, 0, 1>, pinocchio::JointModelRevoluteUnboundedTpl<double, 0, 2>, pinocchio::JointModelRevoluteUnboundedUnalignedTpl<double, 0>, pinocchio::JointModelHelicalTpl<double, 0, 0>, pinocchio::JointModelHelicalTpl<double, 0, 1>, pinocchio::JointModelHelicalTpl<double, 0, 2>, pinocchio::JointModelHelicalUnalignedTpl<double, 0>, pinocchio::JointModelUniversalTpl<double, 0>, boost::recursive_wrapper<pinocchio::JointModelCompositeTpl<double, 0, pinocchio::JointCollectionDefaultTpl> >, boost::recursive_wrapper<pinocchio::JointModelMimicTpl<double, 0, pinocchio::JointCollectionDefaultTpl> >}][m[K’
[6.658s] [01m[K/opt/ros/humble/include/pinocchio/src/multibody/joint/joint-generic.hxx:256:10:[m[K   required from here
[6.658s] [01m[K/usr/include/boost/variant/variant.hpp:2350:41:[m[K [01;31m[Kerror: [m[Kusing invalid field ‘[01m[Kboost::variant<T0, TN>::storage_[m[K’
[6.658s]  2350 |               which_, which(), visitor, [01;31m[Kstorage_[m[K.address()
[6.658s]       |                                         [01;31m[K^~~~~~~~[m[K
[6.690s] In file included from [01m[K/usr/include/boost/optional/optional.hpp:33[m[K,
[6.690s]                  from [01m[K/usr/include/boost/optional.hpp:15[m[K,
[6.690s]                  from [01m[K/opt/ros/humble/include/pinocchio/parsers/urdf.hpp:16[m[K,
[6.690s]                  from [01m[K/home/minh/gim60108_ws/src/gim_arm_hardware/include/gim_arm_hardware/gim_arm_system.hpp:25[m[K,
[6.690s]                  from [01m[K/home/minh/gim60108_ws/src/gim_arm_hardware/src/gim_arm_system.cpp:1[m[K:
[6.690s] /usr/include/boost/variant/get.hpp: In instantiation of ‘[01m[Ktypename boost::add_pointer<T>::type boost::strict_get(boost::variant<T0, TN ...>*) [with U = pinocchio::JointModelMimicTpl<double>; T0 = pinocchio::JointModelRevoluteTpl<double, 0, 0>; TN = {pinocchio::JointModelRevoluteTpl<double, 0, 1>, pinocchio::JointModelRevoluteTpl<double, 0, 2>, pinocchio::JointModelFreeFlyerTpl<double, 0>, pinocchio::JointModelPlanarTpl<double, 0>, pinocchio::JointModelRevoluteUnalignedTpl<double, 0>, pinocchio::JointModelSphericalTpl<double, 0>, pinocchio::JointModelSphericalZYXTpl<double, 0>, pinocchio::JointModelEllipsoidTpl<double, 0>, pinocchio::JointModelPrismaticTpl<double, 0, 0>, pinocchio::JointModelPrismaticTpl<double, 0, 1>, pinocchio::JointModelPrismaticTpl<double, 0, 2>, pinocchio::JointModelPrismaticUnalignedTpl<double, 0>, pinocchio::JointModelTranslationTpl<double, 0>, pinocchio::JointModelRevoluteUnboundedTpl<double, 0, 0>, pinocchio::JointModelRevoluteUnboundedTpl<double, 0, 1>, pinocchio::JointModelRevoluteUnboundedTpl<double, 0, 2>, pinocchio::JointModelRevoluteUnboundedUnalignedTpl<double, 0>, pinocchio::JointModelHelicalTpl<double, 0, 0>, pinocchio::JointModelHelicalTpl<double, 0, 1>, pinocchio::JointModelHelicalTpl<double, 0, 2>, pinocchio::JointModelHelicalUnalignedTpl<double, 0>, pinocchio::JointModelUniversalTpl<double, 0>, boost::recursive_wrapper<pinocchio::JointModelCompositeTpl<double, 0, pinocchio::JointCollectionDefaultTpl> >, boost::recursive_wrapper<pinocchio::JointModelMimicTpl<double, 0, pinocchio::JointCollectionDefaultTpl> >}; typename boost::add_pointer<T>::type = pinocchio::JointModelMimicTpl<double>*][m[K’:
[6.691s] [01m[K/usr/include/boost/variant/get.hpp:319:25:[m[K   required from ‘[01m[Ktypename boost::add_pointer<T>::type boost::get(boost::variant<T0, TN ...>*) [with U = pinocchio::JointModelMimicTpl<double>; T0 = pinocchio::JointModelRevoluteTpl<double, 0, 0>; TN = {pinocchio::JointModelRevoluteTpl<double, 0, 1>, pinocchio::JointModelRevoluteTpl<double, 0, 2>, pinocchio::JointModelFreeFlyerTpl<double, 0>, pinocchio::JointModelPlanarTpl<double, 0>, pinocchio::JointModelRevoluteUnalignedTpl<double, 0>, pinocchio::JointModelSphericalTpl<double, 0>, pinocchio::JointModelSphericalZYXTpl<double, 0>, pinocchio::JointModelEllipsoidTpl<double, 0>, pinocchio::JointModelPrismaticTpl<double, 0, 0>, pinocchio::JointModelPrismaticTpl<double, 0, 1>, pinocchio::JointModelPrismaticTpl<double, 0, 2>, pinocchio::JointModelPrismaticUnalignedTpl<double, 0>, pinocchio::JointModelTranslationTpl<double, 0>, pinocchio::JointModelRevoluteUnboundedTpl<double, 0, 0>, pinocchio::JointModelRevoluteUnboundedTpl<double, 0, 1>, pinocchio::JointModelRevoluteUnboundedTpl<double, 0, 2>, pinocchio::JointModelRevoluteUnboundedUnalignedTpl<double, 0>, pinocchio::JointModelHelicalTpl<double, 0, 0>, pinocchio::JointModelHelicalTpl<double, 0, 1>, pinocchio::JointModelHelicalTpl<double, 0, 2>, pinocchio::JointModelHelicalUnalignedTpl<double, 0>, pinocchio::JointModelUniversalTpl<double, 0>, boost::recursive_wrapper<pinocchio::JointModelCompositeTpl<double, 0, pinocchio::JointCollectionDefaultTpl> >, boost::recursive_wrapper<pinocchio::JointModelMimicTpl<double, 0, pinocchio::JointCollectionDefaultTpl> >}; typename boost::add_pointer<T>::type = pinocchio::JointModelMimicTpl<double>*][m[K’
[6.691s] [01m[K/opt/ros/humble/include/pinocchio/src/multibody/model.hxx:979:76:[m[K   required from ‘[01m[Kpinocchio::ModelTpl<_Scalar, _Options, JointCollectionTpl>::JointIndex pinocchio::ModelTpl<_Scalar, _Options, JointCollectionTpl>::addJoint(pinocchio::ModelTpl<_Scalar, _Options, JointCollectionTpl>::JointIndex, const JointModel&, const SE3&, const string&, const VectorXs&, const VectorXs&, const VectorXs&, const VectorXs&, const VectorXs&, const VectorXs&, const VectorXs&, const VectorXs&, const VectorXs&, const VectorXs&) [with _Scalar = double; int _Options = 0; JointCollectionTpl = pinocchio::JointCollectionDefaultTpl; pinocchio::ModelTpl<_Scalar, _Options, JointCollectionTpl>::JointIndex = long unsigned int; pinocchio::ModelTpl<_Scalar, _Options, JointCollectionTpl>::JointModel = pinocchio::JointModelTpl<double>; pinocchio::ModelTpl<_Scalar, _Options, JointCollectionTpl>::SE3 = pinocchio::SE3Tpl<double, 0>; std::string = std::__cxx11::basic_string<char>; pinocchio::ModelTpl<_Scalar, _Options, JointCollectionTpl>::VectorXs = Eigen::Matrix<double, -1, 1>][m[K’
[6.691s] [01m[K/opt/ros/humble/include/pinocchio/src/parsers/urdf/model.hxx:235:38:[m[K   required from here
[6.691s] [01m[K/usr/include/boost/variant/get.hpp:220:5:[m[K [01;31m[Kerror: [m[K‘[01m[Kvalue[m[K’ is not a member of ‘[01m[Kboost::detail::variant::holds_element<boost::variant<pinocchio::JointModelRevoluteTpl<double, 0, 0>, pinocchio::JointModelRevoluteTpl<double, 0, 1>, pinocchio::JointModelRevoluteTpl<double, 0, 2>, pinocchio::JointModelFreeFlyerTpl<double, 0>, pinocchio::JointModelPlanarTpl<double, 0>, pinocchio::JointModelRevoluteUnalignedTpl<double, 0>, pinocchio::JointModelSphericalTpl<double, 0>, pinocchio::JointModelSphericalZYXTpl<double, 0>, pinocchio::JointModelEllipsoidTpl<double, 0>, pinocchio::JointModelPrismaticTpl<double, 0, 0>, pinocchio::JointModelPrismaticTpl<double, 0, 1>, pinocchio::JointModelPrismaticTpl<double, 0, 2>, pinocchio::JointModelPrismaticUnalignedTpl<double, 0>, pinocchio::JointModelTranslationTpl<double, 0>, pinocchio::JointModelRevoluteUnboundedTpl<double, 0, 0>, pinocchio::JointModelRevoluteUnboundedTpl<double, 0, 1>, pinocchio::JointModelRevoluteUnboundedTpl<double, 0, 2>, pinocchio::JointModelRevoluteUnboundedUnalignedTpl<double, 0>, pinocchio::JointModelHelicalTpl<double, 0, 0>, pinocchio::JointModelHelicalTpl<double, 0, 1>, pinocchio::JointModelHelicalTpl<double, 0, 2>, pinocchio::JointModelHelicalUnalignedTpl<double, 0>, pinocchio::JointModelUniversalTpl<double, 0>, boost::recursive_wrapper<pinocchio::JointModelCompositeTpl<double, 0, pinocchio::JointCollectionDefaultTpl> >, boost::recursive_wrapper<pinocchio::JointModelMimicTpl<double, 0, pinocchio::JointCollectionDefaultTpl> > >, pinocchio::JointModelMimicTpl<double> >[m[K’
[6.691s]   220 |     [01;31m[KBOOST_STATIC_ASSERT_MSG[m[K(
[6.691s]       |     [01;31m[K^~~~~~~~~~~~~~~~~~~~~~~[m[K
[7.164s] In file included from [01m[K/usr/include/boost/variant.hpp:17[m[K,
[7.164s]                  from [01m[K/opt/ros/humble/include/pinocchio/multibody.hpp:21[m[K,
[7.164s]                  from [01m[K/opt/ros/humble/include/pinocchio/parsers/urdf.hpp:27[m[K,
[7.164s]                  from [01m[K/home/minh/gim60108_ws/src/gim_arm_hardware/include/gim_arm_hardware/gim_arm_system.hpp:25[m[K,
[7.164s]                  from [01m[K/home/minh/gim60108_ws/src/gim_arm_hardware/src/gim_arm_system.cpp:1[m[K:
[7.165s] /usr/include/boost/variant/variant.hpp: In instantiation of ‘[01m[Kboost::variant<T0, TN>::variant(boost::variant<T0, TN>&&) [with T0_ = pinocchio::JointModelRevoluteTpl<double, 0, 0>; TN = {pinocchio::JointModelRevoluteTpl<double, 0, 1>, pinocchio::JointModelRevoluteTpl<double, 0, 2>, pinocchio::JointModelFreeFlyerTpl<double, 0>, pinocchio::JointModelPlanarTpl<double, 0>, pinocchio::JointModelRevoluteUnalignedTpl<double, 0>, pinocchio::JointModelSphericalTpl<double, 0>, pinocchio::JointModelSphericalZYXTpl<double, 0>, pinocchio::JointModelEllipsoidTpl<double, 0>, pinocchio::JointModelPrismaticTpl<double, 0, 0>, pinocchio::JointModelPrismaticTpl<double, 0, 1>, pinocchio::JointModelPrismaticTpl<double, 0, 2>, pinocchio::JointModelPrismaticUnalignedTpl<double, 0>, pinocchio::JointModelTranslationTpl<double, 0>, pinocchio::JointModelRevoluteUnboundedTpl<double, 0, 0>, pinocchio::JointModelRevoluteUnboundedTpl<double, 0, 1>, pinocchio::JointModelRevoluteUnboundedTpl<double, 0, 2>, pinocchio::JointModelRevoluteUnboundedUnalignedTpl<double, 0>, pinocchio::JointModelHelicalTpl<double, 0, 0>, pinocchio::JointModelHelicalTpl<double, 0, 1>, pinocchio::JointModelHelicalTpl<double, 0, 2>, pinocchio::JointModelHelicalUnalignedTpl<double, 0>, pinocchio::JointModelUniversalTpl<double, 0>, boost::recursive_wrapper<pinocchio::JointModelCompositeTpl<double, 0, pinocchio::JointCollectionDefaultTpl> >, boost::recursive_wrapper<pinocchio::JointModelMimicTpl<double, 0, pinocchio::JointCollectionDefaultTpl> >}][m[K’:
[7.165s] [01m[K/opt/ros/humble/include/pinocchio/src/multibody/joint/joint-generic.hxx:256:10:[m[K   required from ‘[01m[Kvoid __gnu_cxx::new_allocator<_Tp>::construct(_Up*, _Args&& ...) [with _Up = pinocchio::JointModelTpl<double>; _Args = {pinocchio::JointModelTpl<double, 0, pinocchio::JointCollectionDefaultTpl>}; _Tp = pinocchio::JointModelTpl<double>][m[K’
[7.165s] [01m[K/usr/include/c++/11/bits/alloc_traits.h:516:17:[m[K   required from ‘[01m[Kstatic void std::allocator_traits<std::allocator<_CharT> >::construct(std::allocator_traits<std::allocator<_CharT> >::allocator_type&, _Up*, _Args&& ...) [with _Up = pinocchio::JointModelTpl<double>; _Args = {pinocchio::JointModelTpl<double, 0, pinocchio::JointCollectionDefaultTpl>}; _Tp = pinocchio::JointModelTpl<double>; std::allocator_traits<std::allocator<_CharT> >::allocator_type = std::allocator<pinocchio::JointModelTpl<double> >][m[K’
[7.165s] [01m[K/usr/include/c++/11/bits/vector.tcc:115:30:[m[K   required from ‘[01m[Kstd::vector<_Tp, _Alloc>::reference std::vector<_Tp, _Alloc>::emplace_back(_Args&& ...) [with _Args = {pinocchio::JointModelTpl<double, 0, pinocchio::JointCollectionDefaultTpl>}; _Tp = pinocchio::JointModelTpl<double>; _Alloc = std::allocator<pinocchio::JointModelTpl<double> >; std::vector<_Tp, _Alloc>::reference = pinocchio::JointModelTpl<double>&][m[K’
[7.165s] [01m[K/usr/include/c++/11/bits/stl_vector.h:1204:21:[m[K   required from ‘[01m[Kvoid std::vector<_Tp, _Alloc>::push_back(std::vector<_Tp, _Alloc>::value_type&&) [with _Tp = pinocchio::JointModelTpl<double>; _Alloc = std::allocator<pinocchio::JointModelTpl<double> >; std::vector<_Tp, _Alloc>::value_type = pinocchio::JointModelTpl<double>][m[K’
[7.165s] [01m[K/opt/ros/humble/include/pinocchio/src/multibody/model.hxx:867:21:[m[K   required from ‘[01m[Kpinocchio::ModelTpl<_Scalar, _Options, JointCollectionTpl>::JointIndex pinocchio::ModelTpl<_Scalar, _Options, JointCollectionTpl>::addJoint(pinocchio::ModelTpl<_Scalar, _Options, JointCollectionTpl>::JointIndex, const JointModel&, const SE3&, const string&, const VectorXs&, const VectorXs&, const VectorXs&, const VectorXs&, const VectorXs&, const VectorXs&, const VectorXs&, const VectorXs&, const VectorXs&, const VectorXs&) [with _Scalar = double; int _Options = 0; JointCollectionTpl = pinocchio::JointCollectionDefaultTpl; pinocchio::ModelTpl<_Scalar, _Options, JointCollectionTpl>::JointIndex = long unsigned int; pinocchio::ModelTpl<_Scalar, _Options, JointCollectionTpl>::JointModel = pinocchio::JointModelTpl<double>; pinocchio::ModelTpl<_Scalar, _Options, JointCollectionTpl>::SE3 = pinocchio::SE3Tpl<double, 0>; std::string = std::__cxx11::basic_string<char>; pinocchio::ModelTpl<_Scalar, _Options, JointCollectionTpl>::VectorXs = Eigen::Matrix<double, -1, 1>][m[K’
[7.165s] [01m[K/opt/ros/humble/include/pinocchio/src/parsers/urdf/model.hxx:235:38:[m[K   required from here
[7.165s] [01m[K/usr/include/boost/variant/variant.hpp:1773:45:[m[K [01;31m[Kerror: [m[Kusing invalid field ‘[01m[Kboost::variant<T0, TN>::storage_[m[K’
[7.165s]  1773 |         detail::variant::move_into visitor( [01;31m[Kstorage_[m[K.address() );
[7.165s]       |                                             [01;31m[K^~~~~~~~[m[K
[7.184s] /usr/include/boost/variant/variant.hpp: In instantiation of ‘[01m[Ktypename Visitor::result_type boost::variant<T0, TN>::internal_apply_visitor(Visitor&) const [with Visitor = boost::detail::variant::invoke_visitor<const pinocchio::CheckMimicVisitor<pinocchio::JointModelTpl<double> >, false>; T0_ = pinocchio::JointModelRevoluteTpl<double, 0, 0>; TN = {pinocchio::JointModelRevoluteTpl<double, 0, 1>, pinocchio::JointModelRevoluteTpl<double, 0, 2>, pinocchio::JointModelFreeFlyerTpl<double, 0>, pinocchio::JointModelPlanarTpl<double, 0>, pinocchio::JointModelRevoluteUnalignedTpl<double, 0>, pinocchio::JointModelSphericalTpl<double, 0>, pinocchio::JointModelSphericalZYXTpl<double, 0>, pinocchio::JointModelEllipsoidTpl<double, 0>, pinocchio::JointModelPrismaticTpl<double, 0, 0>, pinocchio::JointModelPrismaticTpl<double, 0, 1>, pinocchio::JointModelPrismaticTpl<double, 0, 2>, pinocchio::JointModelPrismaticUnalignedTpl<double, 0>, pinocchio::JointModelTranslationTpl<double, 0>, pinocchio::JointModelRevoluteUnboundedTpl<double, 0, 0>, pinocchio::JointModelRevoluteUnboundedTpl<double, 0, 1>, pinocchio::JointModelRevoluteUnboundedTpl<double, 0, 2>, pinocchio::JointModelRevoluteUnboundedUnalignedTpl<double, 0>, pinocchio::JointModelHelicalTpl<double, 0, 0>, pinocchio::JointModelHelicalTpl<double, 0, 1>, pinocchio::JointModelHelicalTpl<double, 0, 2>, pinocchio::JointModelHelicalUnalignedTpl<double, 0>, pinocchio::JointModelUniversalTpl<double, 0>, boost::recursive_wrapper<pinocchio::JointModelCompositeTpl<double, 0, pinocchio::JointCollectionDefaultTpl> >, boost::recursive_wrapper<pinocchio::JointModelMimicTpl<double, 0, pinocchio::JointCollectionDefaultTpl> >}; typename Visitor::result_type = pinocchio::JointModelTpl<double>][m[K’:
[7.184s] [01m[K/usr/include/boost/variant/variant.hpp:2404:44:[m[K   required from ‘[01m[Ktypename Visitor::result_type boost::variant<T0, TN>::apply_visitor(Visitor&) const & [with Visitor = const pinocchio::CheckMimicVisitor<pinocchio::JointModelTpl<double> >; T0_ = pinocchio::JointModelRevoluteTpl<double, 0, 0>; TN = {pinocchio::JointModelRevoluteTpl<double, 0, 1>, pinocchio::JointModelRevoluteTpl<double, 0, 2>, pinocchio::JointModelFreeFlyerTpl<double, 0>, pinocchio::JointModelPlanarTpl<double, 0>, pinocchio::JointModelRevoluteUnalignedTpl<double, 0>, pinocchio::JointModelSphericalTpl<double, 0>, pinocchio::JointModelSphericalZYXTpl<double, 0>, pinocchio::JointModelEllipsoidTpl<double, 0>, pinocchio::JointModelPrismaticTpl<double, 0, 0>, pinocchio::JointModelPrismaticTpl<double, 0, 1>, pinocchio::JointModelPrismaticTpl<double, 0, 2>, pinocchio::JointModelPrismaticUnalignedTpl<double, 0>, pinocchio::JointModelTranslationTpl<double, 0>, pinocchio::JointModelRevoluteUnboundedTpl<double, 0, 0>, pinocchio::JointModelRevoluteUnboundedTpl<double, 0, 1>, pinocchio::JointModelRevoluteUnboundedTpl<double, 0, 2>, pinocchio::JointModelRevoluteUnboundedUnalignedTpl<double, 0>, pinocchio::JointModelHelicalTpl<double, 0, 0>, pinocchio::JointModelHelicalTpl<double, 0, 1>, pinocchio::JointModelHelicalTpl<double, 0, 2>, pinocchio::JointModelHelicalUnalignedTpl<double, 0>, pinocchio::JointModelUniversalTpl<double, 0>, boost::recursive_wrapper<pinocchio::JointModelCompositeTpl<double, 0, pinocchio::JointCollectionDefaultTpl> >, boost::recursive_wrapper<pinocchio::JointModelMimicTpl<double, 0, pinocchio::JointCollectionDefaultTpl> >}; typename Visitor::result_type = pinocchio::JointModelTpl<double>][m[K’
[7.184s] [01m[K/usr/include/boost/variant/detail/apply_visitor_unary.hpp:68:64:[m[K   required from ‘[01m[Ktypename Visitor::result_type boost::apply_visitor(const Visitor&, Visitable&&) [with Visitor = pinocchio::CheckMimicVisitor<pinocchio::JointModelTpl<double> >; Visitable = const pinocchio::JointModelTpl<double>&; typename Visitor::result_type = pinocchio::JointModelTpl<double>][m[K’
[7.184s] [01m[K/opt/ros/humble/include/pinocchio/src/multibody/joint/joint-basic-visitors.hxx:1546:32:[m[K   required from ‘[01m[KJointModel pinocchio::checkMimic(const JointModel&) [with JointModel = pinocchio::JointModelTpl<double>][m[K’
[7.184s] [01m[K/opt/ros/humble/include/pinocchio/src/multibody/joint/joint-mimic.hxx:582:36:[m[K   required from ‘[01m[Kpinocchio::JointModelMimicTpl<Scalar, Options, JointCollectionTpl>::JointModelMimicTpl(const pinocchio::JointModelBase<OtherDerived>&, const pinocchio::JointModelBase<JointModelDerived2>&, const Scalar&, const Scalar&) [with JointModelMimicking = pinocchio::JointModelRevoluteTpl<double, 0, 0>; JointModelMimicked = pinocchio::JointModelTpl<double>; _Scalar = double; int _Options = 0; JointCollectionTpl = pinocchio::JointCollectionDefaultTpl; pinocchio::JointModelMimicTpl<Scalar, Options, JointCollectionTpl>::Scalar = double][m[K’
[7.184s] [01m[K/opt/ros/humble/include/pinocchio/src/parsers/urdf/model.hxx:556:41:[m[K   required from ‘[01m[Kpinocchio::JointIndex pinocchio::urdf::details::UrdfVisitor::addMimicJoint(const Frame&, const SE3&, const string&, const VectorConstRef&, const VectorConstRef&, const VectorConstRef&, const VectorConstRef&, const VectorConstRef&, const VectorConstRef&, const VectorConstRef&, const VectorConstRef&, const VectorConstRef&, const VectorConstRef&, const pinocchio::urdf::details::MimicInfo&) [with TypeX = pinocchio::JointModelRevoluteTpl<double, 0, 0>; TypeY = pinocchio::JointModelRevoluteTpl<double, 0, 1>; TypeZ = pinocchio::JointModelRevoluteTpl<double, 0, 2>; TypeUnaligned = pinocchio::JointModelRevoluteUnalignedTpl<double>; pinocchio::JointIndex = long unsigned int; pinocchio::urdf::details::UrdfVisitor::Frame = pinocchio::FrameTpl<double, 0>; pinocchio::urdf::details::UrdfVisitor::SE3 = pinocchio::SE3Tpl<double, 0>; std::string = std::__cxx11::basic_string<char>; pinocchio::urdf::details::UrdfVisitor::VectorConstRef = Eigen::Ref<const Eigen::Matrix<double, -1, 1> >][m[K’
[7.185s] [01m[K/opt/ros/humble/include/pinocchio/src/parsers/urdf/model.hxx:290:73:[m[K   required from here
[7.185s] [01m[K/usr/include/boost/variant/variant.hpp:2359:41:[m[K [01;31m[Kerror: [m[Kusing invalid field ‘[01m[Kboost::variant<T0, TN>::storage_[m[K’
[7.185s]  2359 |               which_, which(), visitor, [01;31m[Kstorage_[m[K.address()
[7.185s]       |                                         [01;31m[K^~~~~~~~[m[K
[7.242s] /usr/include/boost/variant/variant.hpp: In instantiation of ‘[01m[Ktypename Visitor::result_type boost::variant<T0, TN>::internal_apply_visitor(Visitor&) const [with Visitor = boost::detail::variant::invoke_visitor<const pinocchio::CreateJointData<double, 0, pinocchio::JointCollectionDefaultTpl>, false>; T0_ = pinocchio::JointModelRevoluteTpl<double, 0, 0>; TN = {pinocchio::JointModelRevoluteTpl<double, 0, 1>, pinocchio::JointModelRevoluteTpl<double, 0, 2>, pinocchio::JointModelFreeFlyerTpl<double, 0>, pinocchio::JointModelPlanarTpl<double, 0>, pinocchio::JointModelRevoluteUnalignedTpl<double, 0>, pinocchio::JointModelSphericalTpl<double, 0>, pinocchio::JointModelSphericalZYXTpl<double, 0>, pinocchio::JointModelEllipsoidTpl<double, 0>, pinocchio::JointModelPrismaticTpl<double, 0, 0>, pinocchio::JointModelPrismaticTpl<double, 0, 1>, pinocchio::JointModelPrismaticTpl<double, 0, 2>, pinocchio::JointModelPrismaticUnalignedTpl<double, 0>, pinocchio::JointModelTranslationTpl<double, 0>, pinocchio::JointModelRevoluteUnboundedTpl<double, 0, 0>, pinocchio::JointModelRevoluteUnboundedTpl<double, 0, 1>, pinocchio::JointModelRevoluteUnboundedTpl<double, 0, 2>, pinocchio::JointModelRevoluteUnboundedUnalignedTpl<double, 0>, pinocchio::JointModelHelicalTpl<double, 0, 0>, pinocchio::JointModelHelicalTpl<double, 0, 1>, pinocchio::JointModelHelicalTpl<double, 0, 2>, pinocchio::JointModelHelicalUnalignedTpl<double, 0>, pinocchio::JointModelUniversalTpl<double, 0>, boost::recursive_wrapper<pinocchio::JointModelCompositeTpl<double, 0, pinocchio::JointCollectionDefaultTpl> >, boost::recursive_wrapper<pinocchio::JointModelMimicTpl<double, 0, pinocchio::JointCollectionDefaultTpl> >}; typename Visitor::result_type = pinocchio::JointDataTpl<double>][m[K’:
[7.242s] [01m[K/usr/include/boost/variant/variant.hpp:2404:44:[m[K   required from ‘[01m[Ktypename Visitor::result_type boost::variant<T0, TN>::apply_visitor(Visitor&) const & [with Visitor = const pinocchio::CreateJointData<double, 0, pinocchio::JointCollectionDefaultTpl>; T0_ = pinocchio::JointModelRevoluteTpl<double, 0, 0>; TN = {pinocchio::JointModelRevoluteTpl<double, 0, 1>, pinocchio::JointModelRevoluteTpl<double, 0, 2>, pinocchio::JointModelFreeFlyerTpl<double, 0>, pinocchio::JointModelPlanarTpl<double, 0>, pinocchio::JointModelRevoluteUnalignedTpl<double, 0>, pinocchio::JointModelSphericalTpl<double, 0>, pinocchio::JointModelSphericalZYXTpl<double, 0>, pinocchio::JointModelEllipsoidTpl<double, 0>, pinocchio::JointModelPrismaticTpl<double, 0, 0>, pinocchio::JointModelPrismaticTpl<double, 0, 1>, pinocchio::JointModelPrismaticTpl<double, 0, 2>, pinocchio::JointModelPrismaticUnalignedTpl<double, 0>, pinocchio::JointModelTranslationTpl<double, 0>, pinocchio::JointModelRevoluteUnboundedTpl<double, 0, 0>, pinocchio::JointModelRevoluteUnboundedTpl<double, 0, 1>, pinocchio::JointModelRevoluteUnboundedTpl<double, 0, 2>, pinocchio::JointModelRevoluteUnboundedUnalignedTpl<double, 0>, pinocchio::JointModelHelicalTpl<double, 0, 0>, pinocchio::JointModelHelicalTpl<double, 0, 1>, pinocchio::JointModelHelicalTpl<double, 0, 2>, pinocchio::JointModelHelicalUnalignedTpl<double, 0>, pinocchio::JointModelUniversalTpl<double, 0>, boost::recursive_wrapper<pinocchio::JointModelCompositeTpl<double, 0, pinocchio::JointCollectionDefaultTpl> >, boost::recursive_wrapper<pinocchio::JointModelMimicTpl<double, 0, pinocchio::JointCollectionDefaultTpl> >}; typename Visitor::result_type = pinocchio::JointDataTpl<double>][m[K’
[7.242s] [01m[K/usr/include/boost/variant/detail/apply_visitor_unary.hpp:68:64:[m[K   required from ‘[01m[Ktypename Visitor::result_type boost::apply_visitor(const Visitor&, Visitable&&) [with Visitor = pinocchio::CreateJointData<double, 0, pinocchio::JointCollectionDefaultTpl>; Visitable = const boost::variant<pinocchio::JointModelRevoluteTpl<double, 0, 0>, pinocchio::JointModelRevoluteTpl<double, 0, 1>, pinocchio::JointModelRevoluteTpl<double, 0, 2>, pinocchio::JointModelFreeFlyerTpl<double, 0>, pinocchio::JointModelPlanarTpl<double, 0>, pinocchio::JointModelRevoluteUnalignedTpl<double, 0>, pinocchio::JointModelSphericalTpl<double, 0>, pinocchio::JointModelSphericalZYXTpl<double, 0>, pinocchio::JointModelEllipsoidTpl<double, 0>, pinocchio::JointModelPrismaticTpl<double, 0, 0>, pinocchio::JointModelPrismaticTpl<double, 0, 1>, pinocchio::JointModelPrismaticTpl<double, 0, 2>, pinocchio::JointModelPrismaticUnalignedTpl<double, 0>, pinocchio::JointModelTranslationTpl<double, 0>, pinocchio::JointModelRevoluteUnboundedTpl<double, 0, 0>, pinocchio::JointModelRevoluteUnboundedTpl<double, 0, 1>, pinocchio::JointModelRevoluteUnboundedTpl<double, 0, 2>, pinocchio::JointModelRevoluteUnboundedUnalignedTpl<double, 0>, pinocchio::JointModelHelicalTpl<double, 0, 0>, pinocchio::JointModelHelicalTpl<double, 0, 1>, pinocchio::JointModelHelicalTpl<double, 0, 2>, pinocchio::JointModelHelicalUnalignedTpl<double, 0>, pinocchio::JointModelUniversalTpl<double, 0>, boost::recursive_wrapper<pinocchio::JointModelCompositeTpl<double, 0, pinocchio::JointCollectionDefaultTpl> >, boost::recursive_wrapper<pinocchio::JointModelMimicTpl<double, 0, pinocchio::JointCollectionDefaultTpl> > >&; typename Visitor::result_type = pinocchio::JointDataTpl<double>][m[K’
[7.242s] [01m[K/opt/ros/humble/include/pinocchio/src/multibody/joint/joint-basic-visitors.hxx:550:34:[m[K   required from ‘[01m[Kstatic pinocchio::CreateJointData<Scalar, Options, JointCollectionTpl>::JointDataVariant pinocchio::CreateJointData<Scalar, Options, JointCollectionTpl>::run(const JointModelVariant&) [with Scalar = double; int Options = 0; JointCollectionTpl = pinocchio::JointCollectionDefaultTpl; pinocchio::CreateJointData<Scalar, Options, JointCollectionTpl>::JointDataVariant = pinocchio::JointDataTpl<double>; pinocchio::CreateJointData<Scalar, Options, JointCollectionTpl>::JointModelVariant = boost::variant<pinocchio::JointModelRevoluteTpl<double, 0, 0>, pinocchio::JointModelRevoluteTpl<double, 0, 1>, pinocchio::JointModelRevoluteTpl<double, 0, 2>, pinocchio::JointModelFreeFlyerTpl<double, 0>, pinocchio::JointModelPlanarTpl<double, 0>, pinocchio::JointModelRevoluteUnalignedTpl<double, 0>, pinocchio::JointModelSphericalTpl<double, 0>, pinocchio::JointModelSphericalZYXTpl<double, 0>, pinocchio::JointModelEllipsoidTpl<double, 0>, pinocchio::JointModelPrismaticTpl<double, 0, 0>, pinocchio::JointModelPrismaticTpl<double, 0, 1>, pinocchio::JointModelPrismaticTpl<double, 0, 2>, pinocchio::JointModelPrismaticUnalignedTpl<double, 0>, pinocchio::JointModelTranslationTpl<double, 0>, pinocchio::JointModelRevoluteUnboundedTpl<double, 0, 0>, pinocchio::JointModelRevoluteUnboundedTpl<double, 0, 1>, pinocchio::JointModelRevoluteUnboundedTpl<double, 0, 2>, pinocchio::JointModelRevoluteUnboundedUnalignedTpl<double, 0>, pinocchio::JointModelHelicalTpl<double, 0, 0>, pinocchio::JointModelHelicalTpl<double, 0, 1>, pinocchio::JointModelHelicalTpl<double, 0, 2>, pinocchio::JointModelHelicalUnalignedTpl<double, 0>, pinocchio::JointModelUniversalTpl<double, 0>, boost::recursive_wrapper<pinocchio::JointModelCompositeTpl<double, 0, pinocchio::JointCollectionDefaultTpl> >, boost::recursive_wrapper<pinocchio::JointModelMimicTpl<double, 0, pinocchio::JointCollectionDefaultTpl> > >][m[K’
[7.243s] [01m[K/opt/ros/humble/include/pinocchio/src/multibody/data.hxx:802:40:[m[K   required from ‘[01m[Kpinocchio::DataTpl<_Scalar, _Options, JointCollectionTpl>::DataTpl(const Model&) [with _Scalar = double; int _Options = 0; JointCollectionTpl = pinocchio::JointCollectionDefaultTpl; pinocchio::DataTpl<_Scalar, _Options, JointCollectionTpl>::Model = pinocchio::ModelTpl<double, 0>][m[K’
[7.243s] [01m[K/usr/include/c++/11/bits/unique_ptr.h:962:30:[m[K   required from ‘[01m[Ktypename std::_MakeUniq<_Tp>::__single_object std::make_unique(_Args&& ...) [with _Tp = pinocchio::DataTpl<double, 0>; _Args = {pinocchio::ModelTpl<double, 0, pinocchio::JointCollectionDefaultTpl>&}; typename std::_MakeUniq<_Tp>::__single_object = std::unique_ptr<pinocchio::DataTpl<double, 0> >][m[K’
[7.243s] [01m[K/home/minh/gim60108_ws/src/gim_arm_hardware/src/gim_arm_system.cpp:134:52:[m[K   required from here
[7.243s] [01m[K/usr/include/boost/variant/variant.hpp:2359:41:[m[K [01;31m[Kerror: [m[Kusing invalid field ‘[01m[Kboost::variant<T0, TN>::storage_[m[K’
[7.243s] In file included from [01m[K/usr/include/boost/optional/optional.hpp:33[m[K,
[7.243s]                  from [01m[K/usr/include/boost/optional.hpp:15[m[K,
[7.243s]                  from [01m[K/opt/ros/humble/include/pinocchio/parsers/urdf.hpp:16[m[K,
[7.243s]                  from [01m[K/home/minh/gim60108_ws/src/gim_arm_hardware/include/gim_arm_hardware/gim_arm_system.hpp:25[m[K,
[7.243s]                  from [01m[K/home/minh/gim60108_ws/src/gim_arm_hardware/src/gim_arm_system.cpp:1[m[K:
[7.243s] /usr/include/boost/variant/get.hpp: In instantiation of ‘[01m[Ktypename boost::add_pointer<const U>::type boost::strict_get(const boost::variant<T0, TN ...>*) [with U = pinocchio::JointModelMimicTpl<double>; T0 = pinocchio::JointModelRevoluteTpl<double, 0, 0>; TN = {pinocchio::JointModelRevoluteTpl<double, 0, 1>, pinocchio::JointModelRevoluteTpl<double, 0, 2>, pinocchio::JointModelFreeFlyerTpl<double, 0>, pinocchio::JointModelPlanarTpl<double, 0>, pinocchio::JointModelRevoluteUnalignedTpl<double, 0>, pinocchio::JointModelSphericalTpl<double, 0>, pinocchio::JointModelSphericalZYXTpl<double, 0>, pinocchio::JointModelEllipsoidTpl<double, 0>, pinocchio::JointModelPrismaticTpl<double, 0, 0>, pinocchio::JointModelPrismaticTpl<double, 0, 1>, pinocchio::JointModelPrismaticTpl<double, 0, 2>, pinocchio::JointModelPrismaticUnalignedTpl<double, 0>, pinocchio::JointModelTranslationTpl<double, 0>, pinocchio::JointModelRevoluteUnboundedTpl<double, 0, 0>, pinocchio::JointModelRevoluteUnboundedTpl<double, 0, 1>, pinocchio::JointModelRevoluteUnboundedTpl<double, 0, 2>, pinocchio::JointModelRevoluteUnboundedUnalignedTpl<double, 0>, pinocchio::JointModelHelicalTpl<double, 0, 0>, pinocchio::JointModelHelicalTpl<double, 0, 1>, pinocchio::JointModelHelicalTpl<double, 0, 2>, pinocchio::JointModelHelicalUnalignedTpl<double, 0>, pinocchio::JointModelUniversalTpl<double, 0>, boost::recursive_wrapper<pinocchio::JointModelCompositeTpl<double, 0, pinocchio::JointCollectionDefaultTpl> >, boost::recursive_wrapper<pinocchio::JointModelMimicTpl<double, 0, pinocchio::JointCollectionDefaultTpl> >}; typename boost::add_pointer<const U>::type = const pinocchio::JointModelMimicTpl<double>*][m[K’:
[7.243s] [01m[K/usr/include/boost/variant/get.hpp:335:25:[m[K   required from ‘[01m[Ktypename boost::add_pointer<const U>::type boost::get(const boost::variant<T0, TN ...>*) [with U = pinocchio::JointModelMimicTpl<double>; T0 = pinocchio::JointModelRevoluteTpl<double, 0, 0>; TN = {pinocchio::JointModelRevoluteTpl<double, 0, 1>, pinocchio::JointModelRevoluteTpl<double, 0, 2>, pinocchio::JointModelFreeFlyerTpl<double, 0>, pinocchio::JointModelPlanarTpl<double, 0>, pinocchio::JointModelRevoluteUnalignedTpl<double, 0>, pinocchio::JointModelSphericalTpl<double, 0>, pinocchio::JointModelSphericalZYXTpl<double, 0>, pinocchio::JointModelEllipsoidTpl<double, 0>, pinocchio::JointModelPrismaticTpl<double, 0, 0>, pinocchio::JointModelPrismaticTpl<double, 0, 1>, pinocchio::JointModelPrismaticTpl<double, 0, 2>, pinocchio::JointModelPrismaticUnalignedTpl<double, 0>, pinocchio::JointModelTranslationTpl<double, 0>, pinocchio::JointModelRevoluteUnboundedTpl<double, 0, 0>, pinocchio::JointModelRevoluteUnboundedTpl<double, 0, 1>, pinocchio::JointModelRevoluteUnboundedTpl<double, 0, 2>, pinocchio::JointModelRevoluteUnboundedUnalignedTpl<double, 0>, pinocchio::JointModelHelicalTpl<double, 0, 0>, pinocchio::JointModelHelicalTpl<double, 0, 1>, pinocchio::JointModelHelicalTpl<double, 0, 2>, pinocchio::JointModelHelicalUnalignedTpl<double, 0>, pinocchio::JointModelUniversalTpl<double, 0>, boost::recursive_wrapper<pinocchio::JointModelCompositeTpl<double, 0, pinocchio::JointCollectionDefaultTpl> >, boost::recursive_wrapper<pinocchio::JointModelMimicTpl<double, 0, pinocchio::JointCollectionDefaultTpl> >}; typename boost::add_pointer<const U>::type = const pinocchio::JointModelMimicTpl<double>*][m[K’
[7.243s] [01m[K/opt/ros/humble/include/pinocchio/src/algorithm/check-data.hxx:135:80:[m[K   required from ‘[01m[Kbool pinocchio::checkData(const pinocchio::ModelTpl<Scalar, Options, JointCollectionTpl>&, const pinocchio::DataTpl<Scalar, Options, JointCollectionTpl>&) [with Scalar = double; int Options = 0; JointCollectionTpl = pinocchio::JointCollectionDefaultTpl][m[K’
[7.243s] [01m[K/opt/ros/humble/include/pinocchio/src/multibody/model.hxx:1545:21:[m[K   required from ‘[01m[Kbool pinocchio::ModelTpl<_Scalar, _Options, JointCollectionTpl>::check(const Data&) const [with _Scalar = double; int _Options = 0; JointCollectionTpl = pinocchio::JointCollectionDefaultTpl; pinocchio::ModelTpl<_Scalar, _Options, JointCollectionTpl>::Data = pinocchio::DataTpl<double, 0>][m[K’
[7.243s] [01m[K/opt/ros/humble/include/pinocchio/src/algorithm/rnea.hxx:418:7:[m[K   required from ‘[01m[Kconst typename pinocchio::DataTpl<_Scalar, _Options, JointCollectionTpl>::TangentVectorType& pinocchio::impl::computeGeneralizedGravity(const pinocchio::ModelTpl<Scalar, Options, JointCollectionTpl>&, pinocchio::DataTpl<Scalar, Options, JointCollectionTpl>&, const Eigen::MatrixBase<Res>&) [with Scalar = double; int Options = 0; JointCollectionTpl = pinocchio::JointCollectionDefaultTpl; ConfigVectorType = Eigen::Ref<const Eigen::Matrix<double, -1, 1> >; typename pinocchio::DataTpl<_Scalar, _Options, JointCollectionTpl>::TangentVectorType = Eigen::Matrix<double, -1, 1>][m[K’
[7.243s] [01m[K/opt/ros/humble/include/pinocchio/src/algorithm/rnea.hxx:822:43:[m[K   required from ‘[01m[Kconst typename pinocchio::DataTpl<_Scalar, _Options, JointCollectionTpl>::TangentVectorType& pinocchio::computeGeneralizedGravity(const pinocchio::ModelTpl<Scalar, Options, JointCollectionTpl>&, pinocchio::DataTpl<Scalar, Options, JointCollectionTpl>&, const Eigen::MatrixBase<Res>&) [with Scalar = double; int Options = 0; JointCollectionTpl = pinocchio::JointCollectionDefaultTpl; ConfigVectorType = Eigen::Matrix<double, -1, 1>; typename pinocchio::DataTpl<_Scalar, _Options, JointCollectionTpl>::TangentVectorType = Eigen::Matrix<double, -1, 1>][m[K’
[7.243s] [01m[K/home/minh/gim60108_ws/src/gim_arm_hardware/src/gim_arm_system.cpp:380:47:[m[K   required from here
[7.243s] [01m[K/usr/include/boost/variant/get.hpp:237:5:[m[K [01;31m[Kerror: [m[K‘[01m[Kvalue[m[K’ is not a member of ‘[01m[Kboost::detail::variant::holds_element<boost::variant<pinocchio::JointModelRevoluteTpl<double, 0, 0>, pinocchio::JointModelRevoluteTpl<double, 0, 1>, pinocchio::JointModelRevoluteTpl<double, 0, 2>, pinocchio::JointModelFreeFlyerTpl<double, 0>, pinocchio::JointModelPlanarTpl<double, 0>, pinocchio::JointModelRevoluteUnalignedTpl<double, 0>, pinocchio::JointModelSphericalTpl<double, 0>, pinocchio::JointModelSphericalZYXTpl<double, 0>, pinocchio::JointModelEllipsoidTpl<double, 0>, pinocchio::JointModelPrismaticTpl<double, 0, 0>, pinocchio::JointModelPrismaticTpl<double, 0, 1>, pinocchio::JointModelPrismaticTpl<double, 0, 2>, pinocchio::JointModelPrismaticUnalignedTpl<double, 0>, pinocchio::JointModelTranslationTpl<double, 0>, pinocchio::JointModelRevoluteUnboundedTpl<double, 0, 0>, pinocchio::JointModelRevoluteUnboundedTpl<double, 0, 1>, pinocchio::JointModelRevoluteUnboundedTpl<double, 0, 2>, pinocchio::JointModelRevoluteUnboundedUnalignedTpl<double, 0>, pinocchio::JointModelHelicalTpl<double, 0, 0>, pinocchio::JointModelHelicalTpl<double, 0, 1>, pinocchio::JointModelHelicalTpl<double, 0, 2>, pinocchio::JointModelHelicalUnalignedTpl<double, 0>, pinocchio::JointModelUniversalTpl<double, 0>, boost::recursive_wrapper<pinocchio::JointModelCompositeTpl<double, 0, pinocchio::JointCollectionDefaultTpl> >, boost::recursive_wrapper<pinocchio::JointModelMimicTpl<double, 0, pinocchio::JointCollectionDefaultTpl> > >, const pinocchio::JointModelMimicTpl<double> >[m[K’
[7.244s]   237 |     [01;31m[KBOOST_STATIC_ASSERT_MSG[m[K(
[7.244s]       |     [01;31m[K^~~~~~~~~~~~~~~~~~~~~~~[m[K
[7.244s] In file included from [01m[K/usr/include/boost/variant.hpp:17[m[K,
[7.244s]                  from [01m[K/opt/ros/humble/include/pinocchio/multibody.hpp:21[m[K,
[7.244s]                  from [01m[K/opt/ros/humble/include/pinocchio/parsers/urdf.hpp:27[m[K,
[7.244s]                  from [01m[K/home/minh/gim60108_ws/src/gim_arm_hardware/include/gim_arm_hardware/gim_arm_system.hpp:25[m[K,
[7.244s]                  from [01m[K/home/minh/gim60108_ws/src/gim_arm_hardware/src/gim_arm_system.cpp:1[m[K:
[7.244s] /usr/include/boost/variant/variant.hpp: In instantiation of ‘[01m[Ktypename Visitor::result_type boost::variant<T0, TN>::internal_apply_visitor(Visitor&) const [with Visitor = boost::detail::variant::invoke_visitor<pinocchio::fusion::JointUnaryVisitorBase<pinocchio::impl::ComputeGeneralizedGravityForwardStep<double, 0, pinocchio::JointCollectionDefaultTpl, Eigen::Ref<const Eigen::Matrix<double, -1, 1> > >, void>::InternalVisitorModelAndData<pinocchio::JointModelTpl<double>, pinocchio::JointDataTpl<double>, boost::fusion::vector<const pinocchio::ModelTpl<double, 0, pinocchio::JointCollectionDefaultTpl>&, pinocchio::DataTpl<double, 0, pinocchio::JointCollectionDefaultTpl>&, const Eigen::Ref<const Eigen::Matrix<double, -1, 1, 0, -1, 1>, 0, Eigen::InnerStride<1> >&> >, false>; T0_ = pinocchio::JointModelRevoluteTpl<double, 0, 0>; TN = {pinocchio::JointModelRevoluteTpl<double, 0, 1>, pinocchio::JointModelRevoluteTpl<double, 0, 2>, pinocchio::JointModelFreeFlyerTpl<double, 0>, pinocchio::JointModelPlanarTpl<double, 0>, pinocchio::JointModelRevoluteUnalignedTpl<double, 0>, pinocchio::JointModelSphericalTpl<double, 0>, pinocchio::JointModelSphericalZYXTpl<double, 0>, pinocchio::JointModelEllipsoidTpl<double, 0>, pinocchio::JointModelPrismaticTpl<double, 0, 0>, pinocchio::JointModelPrismaticTpl<double, 0, 1>, pinocchio::JointModelPrismaticTpl<double, 0, 2>, pinocchio::JointModelPrismaticUnalignedTpl<double, 0>, pinocchio::JointModelTranslationTpl<double, 0>, pinocchio::JointModelRevoluteUnboundedTpl<double, 0, 0>, pinocchio::JointModelRevoluteUnboundedTpl<double, 0, 1>, pinocchio::JointModelRevoluteUnboundedTpl<double, 0, 2>, pinocchio::JointModelRevoluteUnboundedUnalignedTpl<double, 0>, pinocchio::JointModelHelicalTpl<double, 0, 0>, pinocchio::JointModelHelicalTpl<double, 0, 1>, pinocchio::JointModelHelicalTpl<double, 0, 2>, pinocchio::JointModelHelicalUnalignedTpl<double, 0>, pinocchio::JointModelUniversalTpl<double, 0>, boost::recursive_wrapper<pinocchio::JointModelCompositeTpl<double, 0, pinocchio::JointCollectionDefaultTpl> >, boost::recursive_wrapper<pinocchio::JointModelMimicTpl<double, 0, pinocchio::JointCollectionDefaultTpl> >}; typename Visitor::result_type = void][m[K’:
[7.244s] [01m[K/usr/include/boost/variant/variant.hpp:2404:44:[m[K   required from ‘[01m[Ktypename Visitor::result_type boost::variant<T0, TN>::apply_visitor(Visitor&) const & [with Visitor = pinocchio::fusion::JointUnaryVisitorBase<pinocchio::impl::ComputeGeneralizedGravityForwardStep<double, 0, pinocchio::JointCollectionDefaultTpl, Eigen::Ref<const Eigen::Matrix<double, -1, 1> > >, void>::InternalVisitorModelAndData<pinocchio::JointModelTpl<double>, pinocchio::JointDataTpl<double>, boost::fusion::vector<const pinocchio::ModelTpl<double, 0, pinocchio::JointCollectionDefaultTpl>&, pinocchio::DataTpl<double, 0, pinocchio::JointCollectionDefaultTpl>&, const Eigen::Ref<const Eigen::Matrix<double, -1, 1, 0, -1, 1>, 0, Eigen::InnerStride<1> >&> >; T0_ = pinocchio::JointModelRevoluteTpl<double, 0, 0>; TN = {pinocchio::JointModelRevoluteTpl<double, 0, 1>, pinocchio::JointModelRevoluteTpl<double, 0, 2>, pinocchio::JointModelFreeFlyerTpl<double, 0>, pinocchio::JointModelPlanarTpl<double, 0>, pinocchio::JointModelRevoluteUnalignedTpl<double, 0>, pinocchio::JointModelSphericalTpl<double, 0>, pinocchio::JointModelSphericalZYXTpl<double, 0>, pinocchio::JointModelEllipsoidTpl<double, 0>, pinocchio::JointModelPrismaticTpl<double, 0, 0>, pinocchio::JointModelPrismaticTpl<double, 0, 1>, pinocchio::JointModelPrismaticTpl<double, 0, 2>, pinocchio::JointModelPrismaticUnalignedTpl<double, 0>, pinocchio::JointModelTranslationTpl<double, 0>, pinocchio::JointModelRevoluteUnboundedTpl<double, 0, 0>, pinocchio::JointModelRevoluteUnboundedTpl<double, 0, 1>, pinocchio::JointModelRevoluteUnboundedTpl<double, 0, 2>, pinocchio::JointModelRevoluteUnboundedUnalignedTpl<double, 0>, pinocchio::JointModelHelicalTpl<double, 0, 0>, pinocchio::JointModelHelicalTpl<double, 0, 1>, pinocchio::JointModelHelicalTpl<double, 0, 2>, pinocchio::JointModelHelicalUnalignedTpl<double, 0>, pinocchio::JointModelUniversalTpl<double, 0>, boost::recursive_wrapper<pinocchio::JointModelCompositeTpl<double, 0, pinocchio::JointCollectionDefaultTpl> >, boost::recursive_wrapper<pinocchio::JointModelMimicTpl<double, 0, pinocchio::JointCollectionDefaultTpl> >}; typename Visitor::result_type = void][m[K’
[7.244s] [01m[K/usr/include/boost/variant/detail/apply_visitor_unary.hpp:48:64:[m[K   required from ‘[01m[Ktypename Visitor::result_type boost::apply_visitor(Visitor&, Visitable&&) [with Visitor = pinocchio::fusion::JointUnaryVisitorBase<pinocchio::impl::ComputeGeneralizedGravityForwardStep<double, 0, pinocchio::JointCollectionDefaultTpl, Eigen::Ref<const Eigen::Matrix<double, -1, 1> > >, void>::InternalVisitorModelAndData<pinocchio::JointModelTpl<double>, pinocchio::JointDataTpl<double>, boost::fusion::vector<const pinocchio::ModelTpl<double, 0, pinocchio::JointCollectionDefaultTpl>&, pinocchio::DataTpl<double, 0, pinocchio::JointCollectionDefaultTpl>&, const Eigen::Ref<const Eigen::Matrix<double, -1, 1, 0, -1, 1>, 0, Eigen::InnerStride<1> >&> >; Visitable = const pinocchio::JointModelTpl<double>&; typename Visitor::result_type = void][m[K’
[7.244s] [01m[K/opt/ros/humble/include/pinocchio/src/multibody/visitor/joint-unary-visitor.hxx:58:36:[m[K   required from ‘[01m[Kstatic ReturnType pinocchio::fusion::JointUnaryVisitorBase<JointVisitorDerived, ReturnType>::run(const pinocchio::JointModelTpl<Scalar, Options, JointCollectionTpl>&, pinocchio::JointDataTpl<Scalar, Options, JointCollectionTpl>&, ArgsTmp) [with Scalar = double; int Options = 0; JointCollectionTpl = pinocchio::JointCollectionDefaultTpl; ArgsTmp = boost::fusion::vector<const pinocchio::ModelTpl<double, 0, pinocchio::JointCollectionDefaultTpl>&, pinocchio::DataTpl<double, 0, pinocchio::JointCollectionDefaultTpl>&, const Eigen::Ref<const Eigen::Matrix<double, -1, 1, 0, -1, 1>, 0, Eigen::InnerStride<1> >&>; JointVisitorDerived = pinocchio::impl::ComputeGeneralizedGravityForwardStep<double, 0, pinocchio::JointCollectionDefaultTpl, Eigen::Ref<const Eigen::Matrix<double, -1, 1> > >; ReturnType = void][m[K’
[7.244s] [01m[K/opt/ros/humble/include/pinocchio/src/algorithm/rnea.hxx:435:19:[m[K   required from ‘[01m[Kconst typename pinocchio::DataTpl<_Scalar, _Options, JointCollectionTpl>::TangentVectorType& pinocchio::impl::computeGeneralizedGravity(const pinocchio::ModelTpl<Scalar, Options, JointCollectionTpl>&, pinocchio::DataTpl<Scalar, Options, JointCollectionTpl>&, const Eigen::MatrixBase<Res>&) [with Scalar = double; int Options = 0; JointCollectionTpl = pinocchio::JointCollectionDefaultTpl; ConfigVectorType = Eigen::Ref<const Eigen::Matrix<double, -1, 1> >; typename pinocchio::DataTpl<_Scalar, _Options, JointCollectionTpl>::TangentVectorType = Eigen::Matrix<double, -1, 1>][m[K’
[7.244s] [01m[K/opt/ros/humble/include/pinocchio/src/algorithm/rnea.hxx:822:43:[m[K   required from ‘[01m[Kconst typename pinocchio::DataTpl<_Scalar, _Options, JointCollectionTpl>::TangentVectorType& pinocchio::computeGeneralizedGravity(const pinocchio::ModelTpl<Scalar, Options, JointCollectionTpl>&, pinocchio::DataTpl<Scalar, Options, JointCollectionTpl>&, const Eigen::MatrixBase<Res>&) [with Scalar = double; int Options = 0; JointCollectionTpl = pinocchio::JointCollectionDefaultTpl; ConfigVectorType = Eigen::Matrix<double, -1, 1>; typename pinocchio::DataTpl<_Scalar, _Options, JointCollectionTpl>::TangentVectorType = Eigen::Matrix<double, -1, 1>][m[K’
[7.244s] [01m[K/home/minh/gim60108_ws/src/gim_arm_hardware/src/gim_arm_system.cpp:380:47:[m[K   required from here
[7.244s] [01m[K/usr/include/boost/variant/variant.hpp:2359:41:[m[K [01;31m[Kerror: [m[Kusing invalid field ‘[01m[Kboost::variant<T0, TN>::storage_[m[K’
[7.244s]  2359 |               which_, which(), visitor, [01;31m[Kstorage_[m[K.address()
[7.244s]       |                                         [01;31m[K^~~~~~~~[m[K
[7.244s] /usr/include/boost/variant/variant.hpp: In instantiation of ‘[01m[Ktypename Visitor::result_type boost::variant<T0, TN>::internal_apply_visitor(Visitor&) const [with Visitor = boost::detail::variant::invoke_visitor<pinocchio::fusion::JointUnaryVisitorBase<pinocchio::impl::ComputeGeneralizedGravityBackwardStep<double, 0, pinocchio::JointCollectionDefaultTpl>, void>::InternalVisitorModelAndData<pinocchio::JointModelTpl<double>, pinocchio::JointDataTpl<double>, boost::fusion::vector<const pinocchio::ModelTpl<double, 0, pinocchio::JointCollectionDefaultTpl>&, pinocchio::DataTpl<double, 0, pinocchio::JointCollectionDefaultTpl>&, Eigen::Matrix<double, -1, 1, 0, -1, 1>&> >, false>; T0_ = pinocchio::JointModelRevoluteTpl<double, 0, 0>; TN = {pinocchio::JointModelRevoluteTpl<double, 0, 1>, pinocchio::JointModelRevoluteTpl<double, 0, 2>, pinocchio::JointModelFreeFlyerTpl<double, 0>, pinocchio::JointModelPlanarTpl<double, 0>, pinocchio::JointModelRevoluteUnalignedTpl<double, 0>, pinocchio::JointModelSphericalTpl<double, 0>, pinocchio::JointModelSphericalZYXTpl<double, 0>, pinocchio::JointModelEllipsoidTpl<double, 0>, pinocchio::JointModelPrismaticTpl<double, 0, 0>, pinocchio::JointModelPrismaticTpl<double, 0, 1>, pinocchio::JointModelPrismaticTpl<double, 0, 2>, pinocchio::JointModelPrismaticUnalignedTpl<double, 0>, pinocchio::JointModelTranslationTpl<double, 0>, pinocchio::JointModelRevoluteUnboundedTpl<double, 0, 0>, pinocchio::JointModelRevoluteUnboundedTpl<double, 0, 1>, pinocchio::JointModelRevoluteUnboundedTpl<double, 0, 2>, pinocchio::JointModelRevoluteUnboundedUnalignedTpl<double, 0>, pinocchio::JointModelHelicalTpl<double, 0, 0>, pinocchio::JointModelHelicalTpl<double, 0, 1>, pinocchio::JointModelHelicalTpl<double, 0, 2>, pinocchio::JointModelHelicalUnalignedTpl<double, 0>, pinocchio::JointModelUniversalTpl<double, 0>, boost::recursive_wrapper<pinocchio::JointModelCompositeTpl<double, 0, pinocchio::JointCollectionDefaultTpl> >, boost::recursive_wrapper<pinocchio::JointModelMimicTpl<double, 0, pinocchio::JointCollectionDefaultTpl> >}; typename Visitor::result_type = void][m[K’:
[7.244s] [01m[K/usr/include/boost/variant/variant.hpp:2404:44:[m[K   required from ‘[01m[Ktypename Visitor::result_type boost::variant<T0, TN>::apply_visitor(Visitor&) const & [with Visitor = pinocchio::fusion::JointUnaryVisitorBase<pinocchio::impl::ComputeGeneralizedGravityBackwardStep<double, 0, pinocchio::JointCollectionDefaultTpl>, void>::InternalVisitorModelAndData<pinocchio::JointModelTpl<double>, pinocchio::JointDataTpl<double>, boost::fusion::vector<const pinocchio::ModelTpl<double, 0, pinocchio::JointCollectionDefaultTpl>&, pinocchio::DataTpl<double, 0, pinocchio::JointCollectionDefaultTpl>&, Eigen::Matrix<double, -1, 1, 0, -1, 1>&> >; T0_ = pinocchio::JointModelRevoluteTpl<double, 0, 0>; TN = {pinocchio::JointModelRevoluteTpl<double, 0, 1>, pinocchio::JointModelRevoluteTpl<double, 0, 2>, pinocchio::JointModelFreeFlyerTpl<double, 0>, pinocchio::JointModelPlanarTpl<double, 0>, pinocchio::JointModelRevoluteUnalignedTpl<double, 0>, pinocchio::JointModelSphericalTpl<double, 0>, pinocchio::JointModelSphericalZYXTpl<double, 0>, pinocchio::JointModelEllipsoidTpl<double, 0>, pinocchio::JointModelPrismaticTpl<double, 0, 0>, pinocchio::JointModelPrismaticTpl<double, 0, 1>, pinocchio::JointModelPrismaticTpl<double, 0, 2>, pinocchio::JointModelPrismaticUnalignedTpl<double, 0>, pinocchio::JointModelTranslationTpl<double, 0>, pinocchio::JointModelRevoluteUnboundedTpl<double, 0, 0>, pinocchio::JointModelRevoluteUnboundedTpl<double, 0, 1>, pinocchio::JointModelRevoluteUnboundedTpl<double, 0, 2>, pinocchio::JointModelRevoluteUnboundedUnalignedTpl<double, 0>, pinocchio::JointModelHelicalTpl<double, 0, 0>, pinocchio::JointModelHelicalTpl<double, 0, 1>, pinocchio::JointModelHelicalTpl<double, 0, 2>, pinocchio::JointModelHelicalUnalignedTpl<double, 0>, pinocchio::JointModelUniversalTpl<double, 0>, boost::recursive_wrapper<pinocchio::JointModelCompositeTpl<double, 0, pinocchio::JointCollectionDefaultTpl> >, boost::recursive_wrapper<pinocchio::JointModelMimicTpl<double, 0, pinocchio::JointCollectionDefaultTpl> >}; typename Visitor::result_type = void][m[K’
[7.244s] [01m[K/usr/include/boost/variant/detail/apply_visitor_unary.hpp:48:64:[m[K   required from ‘[01m[Ktypename Visitor::result_type boost::apply_visitor(Visitor&, Visitable&&) [with Visitor = pinocchio::fusion::JointUnaryVisitorBase<pinocchio::impl::ComputeGeneralizedGravityBackwardStep<double, 0, pinocchio::JointCollectionDefaultTpl>, void>::InternalVisitorModelAndData<pinocchio::JointModelTpl<double>, pinocchio::JointDataTpl<double>, boost::fusion::vector<const pinocchio::ModelTpl<double, 0, pinocchio::JointCollectionDefaultTpl>&, pinocchio::DataTpl<double, 0, pinocchio::JointCollectionDefaultTpl>&, Eigen::Matrix<double, -1, 1, 0, -1, 1>&> >; Visitable = const pinocchio::JointModelTpl<double>&; typename Visitor::result_type = void][m[K’
[7.244s] [01m[K/opt/ros/humble/include/pinocchio/src/multibody/visitor/joint-unary-visitor.hxx:58:36:[m[K   required from ‘[01m[Kstatic ReturnType pinocchio::fusion::JointUnaryVisitorBase<JointVisitorDerived, ReturnType>::run(const pinocchio::JointModelTpl<Scalar, Options, JointCollectionTpl>&, pinocchio::JointDataTpl<Scalar, Options, JointCollectionTpl>&, ArgsTmp) [with Scalar = double; int Options = 0; JointCollectionTpl = pinocchio::JointCollectionDefaultTpl; ArgsTmp = boost::fusion::vector<const pinocchio::ModelTpl<double, 0, pinocchio::JointCollectionDefaultTpl>&, pinocchio::DataTpl<double, 0, pinocchio::JointCollectionDefaultTpl>&, Eigen::Matrix<double, -1, 1, 0, -1, 1>&>; JointVisitorDerived = pinocchio::impl::ComputeGeneralizedGravityBackwardStep<double, 0, pinocchio::JointCollectionDefaultTpl>; ReturnType = void][m[K’
[7.244s] [01m[K/opt/ros/humble/include/pinocchio/src/algorithm/rnea.hxx:443:19:[m[K   required from ‘[01m[Kconst typename pinocchio::DataTpl<_Scalar, _Options, JointCollectionTpl>::TangentVectorType& pinocchio::impl::computeGeneralizedGravity(const pinocchio::ModelTpl<Scalar, Options, JointCollectionTpl>&, pinocchio::DataTpl<Scalar, Options, JointCollectionTpl>&, const Eigen::MatrixBase<Res>&) [with Scalar = double; int Options = 0; JointCollectionTpl = pinocchio::JointCollectionDefaultTpl; ConfigVectorType = Eigen::Ref<const Eigen::Matrix<double, -1, 1> >; typename pinocchio::DataTpl<_Scalar, _Options, JointCollectionTpl>::TangentVectorType = Eigen::Matrix<double, -1, 1>][m[K’
[7.244s] [01m[K/opt/ros/humble/include/pinocchio/src/algorithm/rnea.hxx:822:43:[m[K   required from ‘[01m[Kconst typename pinocchio::DataTpl<_Scalar, _Options, JointCollectionTpl>::TangentVectorType& pinocchio::computeGeneralizedGravity(const pinocchio::ModelTpl<Scalar, Options, JointCollectionTpl>&, pinocchio::DataTpl<Scalar, Options, JointCollectionTpl>&, const Eigen::MatrixBase<Res>&) [with Scalar = double; int Options = 0; JointCollectionTpl = pinocchio::JointCollectionDefaultTpl; ConfigVectorType = Eigen::Matrix<double, -1, 1>; typename pinocchio::DataTpl<_Scalar, _Options, JointCollectionTpl>::TangentVectorType = Eigen::Matrix<double, -1, 1>][m[K’
[7.244s] [01m[K/home/minh/gim60108_ws/src/gim_arm_hardware/src/gim_arm_system.cpp:380:47:[m[K   required from here
[7.244s] [01m[K/usr/include/boost/variant/variant.hpp:2359:41:[m[K [01;31m[Kerror: [m[Kusing invalid field ‘[01m[Kboost::variant<T0, TN>::storage_[m[K’
[7.261s] /usr/include/boost/variant/variant.hpp: In instantiation of ‘[01m[Ktypename Visitor::result_type boost::variant<T0, TN>::internal_apply_visitor(Visitor&) [with Visitor = boost::detail::variant::invoke_visitor<const pinocchio::JointSetIndexesVisitor, false>; T0_ = pinocchio::JointModelRevoluteTpl<double, 0, 0>; TN = {pinocchio::JointModelRevoluteTpl<double, 0, 1>, pinocchio::JointModelRevoluteTpl<double, 0, 2>, pinocchio::JointModelFreeFlyerTpl<double, 0>, pinocchio::JointModelPlanarTpl<double, 0>, pinocchio::JointModelRevoluteUnalignedTpl<double, 0>, pinocchio::JointModelSphericalTpl<double, 0>, pinocchio::JointModelSphericalZYXTpl<double, 0>, pinocchio::JointModelEllipsoidTpl<double, 0>, pinocchio::JointModelPrismaticTpl<double, 0, 0>, pinocchio::JointModelPrismaticTpl<double, 0, 1>, pinocchio::JointModelPrismaticTpl<double, 0, 2>, pinocchio::JointModelPrismaticUnalignedTpl<double, 0>, pinocchio::JointModelTranslationTpl<double, 0>, pinocchio::JointModelRevoluteUnboundedTpl<double, 0, 0>, pinocchio::JointModelRevoluteUnboundedTpl<double, 0, 1>, pinocchio::JointModelRevoluteUnboundedTpl<double, 0, 2>, pinocchio::JointModelRevoluteUnboundedUnalignedTpl<double, 0>, pinocchio::JointModelHelicalTpl<double, 0, 0>, pinocchio::JointModelHelicalTpl<double, 0, 1>, pinocchio::JointModelHelicalTpl<double, 0, 2>, pinocchio::JointModelHelicalUnalignedTpl<double, 0>, pinocchio::JointModelUniversalTpl<double, 0>, boost::recursive_wrapper<pinocchio::JointModelCompositeTpl<double, 0, pinocchio::JointCollectionDefaultTpl> >, boost::recursive_wrapper<pinocchio::JointModelMimicTpl<double, 0, pinocchio::JointCollectionDefaultTpl> >}; typename Visitor::result_type = void][m[K’:
[7.261s] [01m[K/usr/include/boost/variant/variant.hpp:2393:44:[m[K   required from ‘[01m[Ktypename Visitor::result_type boost::variant<T0, TN>::apply_visitor(Visitor&) & [with Visitor = const pinocchio::JointSetIndexesVisitor; T0_ = pinocchio::JointModelRevoluteTpl<double, 0, 0>; TN = {pinocchio::JointModelRevoluteTpl<double, 0, 1>, pinocchio::JointModelRevoluteTpl<double, 0, 2>, pinocchio::JointModelFreeFlyerTpl<double, 0>, pinocchio::JointModelPlanarTpl<double, 0>, pinocchio::JointModelRevoluteUnalignedTpl<double, 0>, pinocchio::JointModelSphericalTpl<double, 0>, pinocchio::JointModelSphericalZYXTpl<double, 0>, pinocchio::JointModelEllipsoidTpl<double, 0>, pinocchio::JointModelPrismaticTpl<double, 0, 0>, pinocchio::JointModelPrismaticTpl<double, 0, 1>, pinocchio::JointModelPrismaticTpl<double, 0, 2>, pinocchio::JointModelPrismaticUnalignedTpl<double, 0>, pinocchio::JointModelTranslationTpl<double, 0>, pinocchio::JointModelRevoluteUnboundedTpl<double, 0, 0>, pinocchio::JointModelRevoluteUnboundedTpl<double, 0, 1>, pinocchio::JointModelRevoluteUnboundedTpl<double, 0, 2>, pinocchio::JointModelRevoluteUnboundedUnalignedTpl<double, 0>, pinocchio::JointModelHelicalTpl<double, 0, 0>, pinocchio::JointModelHelicalTpl<double, 0, 1>, pinocchio::JointModelHelicalTpl<double, 0, 2>, pinocchio::JointModelHelicalUnalignedTpl<double, 0>, pinocchio::JointModelUniversalTpl<double, 0>, boost::recursive_wrapper<pinocchio::JointModelCompositeTpl<double, 0, pinocchio::JointCollectionDefaultTpl> >, boost::recursive_wrapper<pinocchio::JointModelMimicTpl<double, 0, pinocchio::JointCollectionDefaultTpl> >}; typename Visitor::result_type = void][m[K’
[7.261s] [01m[K/usr/include/boost/variant/detail/apply_visitor_unary.hpp:68:64:[m[K   required from ‘[01m[Ktypename Visitor::result_type boost::apply_visitor(const Visitor&, Visitable&&) [with Visitor = pinocchio::JointSetIndexesVisitor; Visitable = pinocchio::JointModelTpl<double>&; typename Visitor::result_type = void][m[K’
[7.261s] [01m[K/opt/ros/humble/include/pinocchio/src/multibody/joint/joint-basic-visitors.hxx:1033:34:[m[K   required from ‘[01m[Kstatic void pinocchio::JointSetIndexesVisitor::run(pinocchio::JointModelTpl<Scalar, Options, JointCollectionTpl>&, pinocchio::JointIndex, int, int, int) [with Scalar = double; int Options = 0; JointCollectionTpl = pinocchio::JointCollectionDefaultTpl; pinocchio::JointIndex = long unsigned int][m[K’
[7.261s] [01m[K/opt/ros/humble/include/pinocchio/src/multibody/joint/joint-basic-visitors.hxx:1045:39:[m[K   required from ‘[01m[Kvoid pinocchio::setIndexes(pinocchio::JointModelTpl<Scalar, Options, JointCollectionTpl>&, pinocchio::JointIndex, int, int, int) [with Scalar = double; int Options = 0; JointCollectionTpl = pinocchio::JointCollectionDefaultTpl; pinocchio::JointIndex = long unsigned int][m[K’
[7.261s] [01m[K/opt/ros/humble/include/pinocchio/src/multibody/joint/joint-generic.hxx:462:30:[m[K   required from ‘[01m[Kvoid pinocchio::JointModelTpl<Scalar, Options, JointCollectionTpl>::setIndexes(pinocchio::JointIndex, int, int, int) [with _Scalar = double; int _Options = 0; JointCollectionTpl = pinocchio::JointCollectionDefaultTpl; pinocchio::JointIndex = long unsigned int][m[K’
[7.261s] [01m[K/opt/ros/humble/include/pinocchio/src/multibody/model.hxx:869:22:[m[K   required from ‘[01m[Kpinocchio::ModelTpl<_Scalar, _Options, JointCollectionTpl>::JointIndex pinocchio::ModelTpl<_Scalar, _Options, JointCollectionTpl>::addJoint(pinocchio::ModelTpl<_Scalar, _Options, JointCollectionTpl>::JointIndex, const JointModel&, const SE3&, const string&, const VectorXs&, const VectorXs&, const VectorXs&, const VectorXs&, const VectorXs&, const VectorXs&, const VectorXs&, const VectorXs&, const VectorXs&, const VectorXs&) [with _Scalar = double; int _Options = 0; JointCollectionTpl = pinocchio::JointCollectionDefaultTpl; pinocchio::ModelTpl<_Scalar, _Options, JointCollectionTpl>::JointIndex = long unsigned int; pinocchio::ModelTpl<_Scalar, _Options, JointCollectionTpl>::JointModel = pinocchio::JointModelTpl<double>; pinocchio::ModelTpl<_Scalar, _Options, JointCollectionTpl>::SE3 = pinocchio::SE3Tpl<double, 0>; std::string = std::__cxx11::basic_string<char>; pinocchio::ModelTpl<_Scalar, _Options, JointCollectionTpl>::VectorXs = Eigen::Matrix<double, -1, 1>][m[K’
[7.261s] [01m[K/opt/ros/humble/include/pinocchio/src/parsers/urdf/model.hxx:235:38:[m[K   required from here
[7.261s] [01m[K/usr/include/boost/variant/variant.hpp:2350:41:[m[K [01;31m[Kerror: [m[Kusing invalid field ‘[01m[Kboost::variant<T0, TN>::storage_[m[K’
[7.261s]  2350 |               which_, which(), visitor, [01;31m[Kstorage_[m[K.address()
[7.262s]       |                                         [01;31m[K^~~~~~~~[m[K
[7.326s] /usr/include/boost/variant/variant.hpp: In instantiation of ‘[01m[Ktypename Visitor::result_type boost::variant<T0, TN>::internal_apply_visitor(Visitor&) const [with Visitor = boost::detail::variant::invoke_visitor<const pinocchio::JointNvVisitor, false>; T0_ = pinocchio::JointModelRevoluteTpl<double, 0, 0>; TN = {pinocchio::JointModelRevoluteTpl<double, 0, 1>, pinocchio::JointModelRevoluteTpl<double, 0, 2>, pinocchio::JointModelFreeFlyerTpl<double, 0>, pinocchio::JointModelPlanarTpl<double, 0>, pinocchio::JointModelRevoluteUnalignedTpl<double, 0>, pinocchio::JointModelSphericalTpl<double, 0>, pinocchio::JointModelSphericalZYXTpl<double, 0>, pinocchio::JointModelEllipsoidTpl<double, 0>, pinocchio::JointModelPrismaticTpl<double, 0, 0>, pinocchio::JointModelPrismaticTpl<double, 0, 1>, pinocchio::JointModelPrismaticTpl<double, 0, 2>, pinocchio::JointModelPrismaticUnalignedTpl<double, 0>, pinocchio::JointModelTranslationTpl<double, 0>, pinocchio::JointModelRevoluteUnboundedTpl<double, 0, 0>, pinocchio::JointModelRevoluteUnboundedTpl<double, 0, 1>, pinocchio::JointModelRevoluteUnboundedTpl<double, 0, 2>, pinocchio::JointModelRevoluteUnboundedUnalignedTpl<double, 0>, pinocchio::JointModelHelicalTpl<double, 0, 0>, pinocchio::JointModelHelicalTpl<double, 0, 1>, pinocchio::JointModelHelicalTpl<double, 0, 2>, pinocchio::JointModelHelicalUnalignedTpl<double, 0>, pinocchio::JointModelUniversalTpl<double, 0>, boost::recursive_wrapper<pinocchio::JointModelCompositeTpl<double, 0, pinocchio::JointCollectionDefaultTpl> >, boost::recursive_wrapper<pinocchio::JointModelMimicTpl<double, 0, pinocchio::JointCollectionDefaultTpl> >}; typename Visitor::result_type = int][m[K’:
[7.326s] [01m[K/usr/include/boost/variant/variant.hpp:2404:44:[m[K   required from ‘[01m[Ktypename Visitor::result_type boost::variant<T0, TN>::apply_visitor(Visitor&) const & [with Visitor = const pinocchio::JointNvVisitor; T0_ = pinocchio::JointModelRevoluteTpl<double, 0, 0>; TN = {pinocchio::JointModelRevoluteTpl<double, 0, 1>, pinocchio::JointModelRevoluteTpl<double, 0, 2>, pinocchio::JointModelFreeFlyerTpl<double, 0>, pinocchio::JointModelPlanarTpl<double, 0>, pinocchio::JointModelRevoluteUnalignedTpl<double, 0>, pinocchio::JointModelSphericalTpl<double, 0>, pinocchio::JointModelSphericalZYXTpl<double, 0>, pinocchio::JointModelEllipsoidTpl<double, 0>, pinocchio::JointModelPrismaticTpl<double, 0, 0>, pinocchio::JointModelPrismaticTpl<double, 0, 1>, pinocchio::JointModelPrismaticTpl<double, 0, 2>, pinocchio::JointModelPrismaticUnalignedTpl<double, 0>, pinocchio::JointModelTranslationTpl<double, 0>, pinocchio::JointModelRevoluteUnboundedTpl<double, 0, 0>, pinocchio::JointModelRevoluteUnboundedTpl<double, 0, 1>, pinocchio::JointModelRevoluteUnboundedTpl<double, 0, 2>, pinocchio::JointModelRevoluteUnboundedUnalignedTpl<double, 0>, pinocchio::JointModelHelicalTpl<double, 0, 0>, pinocchio::JointModelHelicalTpl<double, 0, 1>, pinocchio::JointModelHelicalTpl<double, 0, 2>, pinocchio::JointModelHelicalUnalignedTpl<double, 0>, pinocchio::JointModelUniversalTpl<double, 0>, boost::recursive_wrapper<pinocchio::JointModelCompositeTpl<double, 0, pinocchio::JointCollectionDefaultTpl> >, boost::recursive_wrapper<pinocchio::JointModelMimicTpl<double, 0, pinocchio::JointCollectionDefaultTpl> >}; typename Visitor::result_type = int][m[K’
[7.326s] [01m[K/usr/include/boost/variant/detail/apply_visitor_unary.hpp:68:64:[m[K   required from ‘[01m[Ktypename Visitor::result_type boost::apply_visitor(const Visitor&, Visitable&&) [with Visitor = pinocchio::JointNvVisitor; Visitable = const pinocchio::JointModelTpl<double>&; typename Visitor::result_type = int][m[K’
[7.326s] [01m[K/opt/ros/humble/include/pinocchio/src/multibody/joint/joint-basic-visitors.hxx:795:34:[m[K   required from ‘[01m[Kstatic int pinocchio::JointNvVisitor::run(const pinocchio::JointModelTpl<Scalar, Options, JointCollectionTpl>&) [with Scalar = double; int Options = 0; JointCollectionTpl = pinocchio::JointCollectionDefaultTpl][m[K’
[7.326s] [01m[K/opt/ros/humble/include/pinocchio/src/multibody/joint/joint-basic-visitors.hxx:802:31:[m[K   required from ‘[01m[Kint pinocchio::nv(const pinocchio::JointModelTpl<Scalar, Options, JointCollectionTpl>&) [with Scalar = double; int Options = 0; JointCollectionTpl = pinocchio::JointCollectionDefaultTpl][m[K’
[7.326s] [01m[K/opt/ros/humble/include/pinocchio/src/multibody/joint/joint-generic.hxx:430:29:[m[K   required from ‘[01m[Kint pinocchio::JointModelTpl<Scalar, Options, JointCollectionTpl>::nv_impl() const [with _Scalar = double; int _Options = 0; JointCollectionTpl = pinocchio::JointCollectionDefaultTpl][m[K’
[7.326s] [01m[K/opt/ros/humble/include/pinocchio/src/multibody/joint/joint-model-base.hxx:147:31:[m[K   required from ‘[01m[Kint pinocchio::JointModelBase<Derived>::nv() const [with Derived = pinocchio::JointModelTpl<double>][m[K’
[7.327s] [01m[K/opt/ros/humble/include/pinocchio/src/multibody/model.hxx:1083:40:[m[K   required from ‘[01m[Kpinocchio::ModelTpl<_Scalar, _Options, JointCollectionTpl>::JointIndex pinocchio::ModelTpl<_Scalar, _Options, JointCollectionTpl>::addJoint(pinocchio::ModelTpl<_Scalar, _Options, JointCollectionTpl>::JointIndex, const JointModel&, const SE3&, const string&) [with _Scalar = double; int _Options = 0; JointCollectionTpl = pinocchio::JointCollectionDefaultTpl; pinocchio::ModelTpl<_Scalar, _Options, JointCollectionTpl>::JointIndex = long unsigned int; pinocchio::ModelTpl<_Scalar, _Options, JointCollectionTpl>::JointModel = pinocchio::JointModelTpl<double>; pinocchio::ModelTpl<_Scalar, _Options, JointCollectionTpl>::SE3 = pinocchio::SE3Tpl<double, 0>; std::string = std::__cxx11::basic_string<char>][m[K’
[7.327s] [01m[K/opt/ros/humble/include/pinocchio/src/parsers/urdf/model.hxx:121:44:[m[K   required from here
[7.327s] [01m[K/usr/include/boost/variant/variant.hpp:2359:41:[m[K [01;31m[Kerror: [m[Kusing invalid field ‘[01m[Kboost::variant<T0, TN>::storage_[m[K’
[7.327s]  2359 |               which_, which(), visitor, [01;31m[Kstorage_[m[K.address()
[7.327s]       |                                         [01;31m[K^~~~~~~~[m[K
[7.327s] /usr/include/boost/variant/variant.hpp: In instantiation of ‘[01m[Ktypename Visitor::result_type boost::variant<T0, TN>::internal_apply_visitor(Visitor&) const [with Visitor = boost::detail::variant::invoke_visitor<const pinocchio::JointNqVisitor, false>; T0_ = pinocchio::JointModelRevoluteTpl<double, 0, 0>; TN = {pinocchio::JointModelRevoluteTpl<double, 0, 1>, pinocchio::JointModelRevoluteTpl<double, 0, 2>, pinocchio::JointModelFreeFlyerTpl<double, 0>, pinocchio::JointModelPlanarTpl<double, 0>, pinocchio::JointModelRevoluteUnalignedTpl<double, 0>, pinocchio::JointModelSphericalTpl<double, 0>, pinocchio::JointModelSphericalZYXTpl<double, 0>, pinocchio::JointModelEllipsoidTpl<double, 0>, pinocchio::JointModelPrismaticTpl<double, 0, 0>, pinocchio::JointModelPrismaticTpl<double, 0, 1>, pinocchio::JointModelPrismaticTpl<double, 0, 2>, pinocchio::JointModelPrismaticUnalignedTpl<double, 0>, pinocchio::JointModelTranslationTpl<double, 0>, pinocchio::JointModelRevoluteUnboundedTpl<double, 0, 0>, pinocchio::JointModelRevoluteUnboundedTpl<double, 0, 1>, pinocchio::JointModelRevoluteUnboundedTpl<double, 0, 2>, pinocchio::JointModelRevoluteUnboundedUnalignedTpl<double, 0>, pinocchio::JointModelHelicalTpl<double, 0, 0>, pinocchio::JointModelHelicalTpl<double, 0, 1>, pinocchio::JointModelHelicalTpl<double, 0, 2>, pinocchio::JointModelHelicalUnalignedTpl<double, 0>, pinocchio::JointModelUniversalTpl<double, 0>, boost::recursive_wrapper<pinocchio::JointModelCompositeTpl<double, 0, pinocchio::JointCollectionDefaultTpl> >, boost::recursive_wrapper<pinocchio::JointModelMimicTpl<double, 0, pinocchio::JointCollectionDefaultTpl> >}; typename Visitor::result_type = int][m[K’:
[7.327s] [01m[K/usr/include/boost/variant/variant.hpp:2404:44:[m[K   required from ‘[01m[Ktypename Visitor::result_type boost::variant<T0, TN>::apply_visitor(Visitor&) const & [with Visitor = const pinocchio::JointNqVisitor; T0_ = pinocchio::JointModelRevoluteTpl<double, 0, 0>; TN = {pinocchio::JointModelRevoluteTpl<double, 0, 1>, pinocchio::JointModelRevoluteTpl<double, 0, 2>, pinocchio::JointModelFreeFlyerTpl<double, 0>, pinocchio::JointModelPlanarTpl<double, 0>, pinocchio::JointModelRevoluteUnalignedTpl<double, 0>, pinocchio::JointModelSphericalTpl<double, 0>, pinocchio::JointModelSphericalZYXTpl<double, 0>, pinocchio::JointModelEllipsoidTpl<double, 0>, pinocchio::JointModelPrismaticTpl<double, 0, 0>, pinocchio::JointModelPrismaticTpl<double, 0, 1>, pinocchio::JointModelPrismaticTpl<double, 0, 2>, pinocchio::JointModelPrismaticUnalignedTpl<double, 0>, pinocchio::JointModelTranslationTpl<double, 0>, pinocchio::JointModelRevoluteUnboundedTpl<double, 0, 0>, pinocchio::JointModelRevoluteUnboundedTpl<double, 0, 1>, pinocchio::JointModelRevoluteUnboundedTpl<double, 0, 2>, pinocchio::JointModelRevoluteUnboundedUnalignedTpl<double, 0>, pinocchio::JointModelHelicalTpl<double, 0, 0>, pinocchio::JointModelHelicalTpl<double, 0, 1>, pinocchio::JointModelHelicalTpl<double, 0, 2>, pinocchio::JointModelHelicalUnalignedTpl<double, 0>, pinocchio::JointModelUniversalTpl<double, 0>, boost::recursive_wrapper<pinocchio::JointModelCompositeTpl<double, 0, pinocchio::JointCollectionDefaultTpl> >, boost::recursive_wrapper<pinocchio::JointModelMimicTpl<double, 0, pinocchio::JointCollectionDefaultTpl> >}; typename Visitor::result_type = int][m[K’
[7.327s] [01m[K/usr/include/boost/variant/detail/apply_visitor_unary.hpp:68:64:[m[K   required from ‘[01m[Ktypename Visitor::result_type boost::apply_visitor(const Visitor&, Visitable&&) [with Visitor = pinocchio::JointNqVisitor; Visitable = const pinocchio::JointModelTpl<double>&; typename Visitor::result_type = int][m[K’
[7.327s] [01m[K/opt/ros/humble/include/pinocchio/src/multibody/joint/joint-basic-visitors.hxx:819:34:[m[K   required from ‘[01m[Kstatic int pinocchio::JointNqVisitor::run(const pinocchio::JointModelTpl<Scalar, Options, JointCollectionTpl>&) [with Scalar = double; int Options = 0; JointCollectionTpl = pinocchio::JointCollectionDefaultTpl][m[K’
[7.327s] [01m[K/opt/ros/humble/include/pinocchio/src/multibody/joint/joint-basic-visitors.hxx:826:31:[m[K   required from ‘[01m[Kint pinocchio::nq(const pinocchio::JointModelTpl<Scalar, Options, JointCollectionTpl>&) [with Scalar = double; int Options = 0; JointCollectionTpl = pinocchio::JointCollectionDefaultTpl][m[K’
[7.327s] [01m[K/opt/ros/humble/include/pinocchio/src/multibody/joint/joint-generic.hxx:426:29:[m[K   required from ‘[01m[Kint pinocchio::JointModelTpl<Scalar, Options, JointCollectionTpl>::nq_impl() const [with _Scalar = double; int _Options = 0; JointCollectionTpl = pinocchio::JointCollectionDefaultTpl][m[K’
[7.327s] [01m[K/opt/ros/humble/include/pinocchio/src/multibody/joint/joint-model-base.hxx:151:31:[m[K   required from ‘[01m[Kint pinocchio::JointModelBase<Derived>::nq() const [with Derived = pinocchio::JointModelTpl<double>][m[K’
[7.327s] [01m[K/opt/ros/humble/include/pinocchio/src/multibody/model.hxx:1087:40:[m[K   required from ‘[01m[Kpinocchio::ModelTpl<_Scalar, _Options, JointCollectionTpl>::JointIndex pinocchio::ModelTpl<_Scalar, _Options, JointCollectionTpl>::addJoint(pinocchio::ModelTpl<_Scalar, _Options, JointCollectionTpl>::JointIndex, const JointModel&, const SE3&, const string&) [with _Scalar = double; int _Options = 0; JointCollectionTpl = pinocchio::JointCollectionDefaultTpl; pinocchio::ModelTpl<_Scalar, _Options, JointCollectionTpl>::JointIndex = long unsigned int; pinocchio::ModelTpl<_Scalar, _Options, JointCollectionTpl>::JointModel = pinocchio::JointModelTpl<double>; pinocchio::ModelTpl<_Scalar, _Options, JointCollectionTpl>::SE3 = pinocchio::SE3Tpl<double, 0>; std::string = std::__cxx11::basic_string<char>][m[K’
[7.327s] [01m[K/opt/ros/humble/include/pinocchio/src/parsers/urdf/model.hxx:121:44:[m[K   required from here
[7.327s] [01m[K/usr/include/boost/variant/variant.hpp:2359:41:[m[K [01;31m[Kerror: [m[Kusing invalid field ‘[01m[Kboost::variant<T0, TN>::storage_[m[K’
[7.331s] /usr/include/boost/variant/variant.hpp: In instantiation of ‘[01m[Ktypename Visitor::result_type boost::variant<T0, TN>::internal_apply_visitor(Visitor&) const [with Visitor = boost::detail::variant::invoke_visitor<const pinocchio::JointNvExtendedVisitor, false>; T0_ = pinocchio::JointModelRevoluteTpl<double, 0, 0>; TN = {pinocchio::JointModelRevoluteTpl<double, 0, 1>, pinocchio::JointModelRevoluteTpl<double, 0, 2>, pinocchio::JointModelFreeFlyerTpl<double, 0>, pinocchio::JointModelPlanarTpl<double, 0>, pinocchio::JointModelRevoluteUnalignedTpl<double, 0>, pinocchio::JointModelSphericalTpl<double, 0>, pinocchio::JointModelSphericalZYXTpl<double, 0>, pinocchio::JointModelEllipsoidTpl<double, 0>, pinocchio::JointModelPrismaticTpl<double, 0, 0>, pinocchio::JointModelPrismaticTpl<double, 0, 1>, pinocchio::JointModelPrismaticTpl<double, 0, 2>, pinocchio::JointModelPrismaticUnalignedTpl<double, 0>, pinocchio::JointModelTranslationTpl<double, 0>, pinocchio::JointModelRevoluteUnboundedTpl<double, 0, 0>, pinocchio::JointModelRevoluteUnboundedTpl<double, 0, 1>, pinocchio::JointModelRevoluteUnboundedTpl<double, 0, 2>, pinocchio::JointModelRevoluteUnboundedUnalignedTpl<double, 0>, pinocchio::JointModelHelicalTpl<double, 0, 0>, pinocchio::JointModelHelicalTpl<double, 0, 1>, pinocchio::JointModelHelicalTpl<double, 0, 2>, pinocchio::JointModelHelicalUnalignedTpl<double, 0>, pinocchio::JointModelUniversalTpl<double, 0>, boost::recursive_wrapper<pinocchio::JointModelCompositeTpl<double, 0, pinocchio::JointCollectionDefaultTpl> >, boost::recursive_wrapper<pinocchio::JointModelMimicTpl<double, 0, pinocchio::JointCollectionDefaultTpl> >}; typename Visitor::result_type = int][m[K’:
[7.331s] [01m[K/usr/include/boost/variant/variant.hpp:2404:44:[m[K   required from ‘[01m[Ktypename Visitor::result_type boost::variant<T0, TN>::apply_visitor(Visitor&) const & [with Visitor = const pinocchio::JointNvExtendedVisitor; T0_ = pinocchio::JointModelRevoluteTpl<double, 0, 0>; TN = {pinocchio::JointModelRevoluteTpl<double, 0, 1>, pinocchio::JointModelRevoluteTpl<double, 0, 2>, pinocchio::JointModelFreeFlyerTpl<double, 0>, pinocchio::JointModelPlanarTpl<double, 0>, pinocchio::JointModelRevoluteUnalignedTpl<double, 0>, pinocchio::JointModelSphericalTpl<double, 0>, pinocchio::JointModelSphericalZYXTpl<double, 0>, pinocchio::JointModelEllipsoidTpl<double, 0>, pinocchio::JointModelPrismaticTpl<double, 0, 0>, pinocchio::JointModelPrismaticTpl<double, 0, 1>, pinocchio::JointModelPrismaticTpl<double, 0, 2>, pinocchio::JointModelPrismaticUnalignedTpl<double, 0>, pinocchio::JointModelTranslationTpl<double, 0>, pinocchio::JointModelRevoluteUnboundedTpl<double, 0, 0>, pinocchio::JointModelRevoluteUnboundedTpl<double, 0, 1>, pinocchio::JointModelRevoluteUnboundedTpl<double, 0, 2>, pinocchio::JointModelRevoluteUnboundedUnalignedTpl<double, 0>, pinocchio::JointModelHelicalTpl<double, 0, 0>, pinocchio::JointModelHelicalTpl<double, 0, 1>, pinocchio::JointModelHelicalTpl<double, 0, 2>, pinocchio::JointModelHelicalUnalignedTpl<double, 0>, pinocchio::JointModelUniversalTpl<double, 0>, boost::recursive_wrapper<pinocchio::JointModelCompositeTpl<double, 0, pinocchio::JointCollectionDefaultTpl> >, boost::recursive_wrapper<pinocchio::JointModelMimicTpl<double, 0, pinocchio::JointCollectionDefaultTpl> >}; typename Visitor::result_type = int][m[K’
[7.331s] [01m[K/usr/include/boost/variant/detail/apply_visitor_unary.hpp:68:64:[m[K   required from ‘[01m[Ktypename Visitor::result_type boost::apply_visitor(const Visitor&, Visitable&&) [with Visitor = pinocchio::JointNvExtendedVisitor; Visitable = const pinocchio::JointModelTpl<double>&; typename Visitor::result_type = int][m[K’
[7.331s] [01m[K/opt/ros/humble/include/pinocchio/src/multibody/joint/joint-basic-visitors.hxx:843:34:[m[K   required from ‘[01m[Kstatic int pinocchio::JointNvExtendedVisitor::run(const pinocchio::JointModelTpl<Scalar, Options, JointCollectionTpl>&) [with Scalar = double; int Options = 0; JointCollectionTpl = pinocchio::JointCollectionDefaultTpl][m[K’
[7.331s] [01m[K/opt/ros/humble/include/pinocchio/src/multibody/joint/joint-basic-visitors.hxx:850:39:[m[K   required from ‘[01m[Kint pinocchio::nvExtended(const pinocchio::JointModelTpl<Scalar, Options, JointCollectionTpl>&) [with Scalar = double; int Options = 0; JointCollectionTpl = pinocchio::JointCollectionDefaultTpl][m[K’
[7.331s] [01m[K/opt/ros/humble/include/pinocchio/src/multibody/joint/joint-generic.hxx:434:37:[m[K   required from ‘[01m[Kint pinocchio::JointModelTpl<Scalar, Options, JointCollectionTpl>::nvExtended_impl() const [with _Scalar = double; int _Options = 0; JointCollectionTpl = pinocchio::JointCollectionDefaultTpl][m[K’
[7.331s] [01m[K/opt/ros/humble/include/pinocchio/src/multibody/joint/joint-model-base.hxx:155:39:[m[K   required from ‘[01m[Kint pinocchio::JointModelBase<Derived>::nvExtended() const [with Derived = pinocchio::JointModelTpl<double>][m[K’
[7.332s] [01m[K/opt/ros/humble/include/pinocchio/src/multibody/model.hxx:823:5:[m[K   required from ‘[01m[Kpinocchio::ModelTpl<_Scalar, _Options, JointCollectionTpl>::JointIndex pinocchio::ModelTpl<_Scalar, _Options, JointCollectionTpl>::addJoint(pinocchio::ModelTpl<_Scalar, _Options, JointCollectionTpl>::JointIndex, const JointModel&, const SE3&, const string&, const VectorXs&, const VectorXs&, const VectorXs&, const VectorXs&, const VectorXs&, const VectorXs&, const VectorXs&, const VectorXs&, const VectorXs&, const VectorXs&) [with _Scalar = double; int _Options = 0; JointCollectionTpl = pinocchio::JointCollectionDefaultTpl; pinocchio::ModelTpl<_Scalar, _Options, JointCollectionTpl>::JointIndex = long unsigned int; pinocchio::ModelTpl<_Scalar, _Options, JointCollectionTpl>::JointModel = pinocchio::JointModelTpl<double>; pinocchio::ModelTpl<_Scalar, _Options, JointCollectionTpl>::SE3 = pinocchio::SE3Tpl<double, 0>; std::string = std::__cxx11::basic_string<char>; pinocchio::ModelTpl<_Scalar, _Options, JointCollectionTpl>::VectorXs = Eigen::Matrix<double, -1, 1>][m[K’
[7.332s] [01m[K/opt/ros/humble/include/pinocchio/src/parsers/urdf/model.hxx:235:38:[m[K   required from here
[7.332s] [01m[K/usr/include/boost/variant/variant.hpp:2359:41:[m[K [01;31m[Kerror: [m[Kusing invalid field ‘[01m[Kboost::variant<T0, TN>::storage_[m[K’
[7.332s] /usr/include/boost/variant/variant.hpp: In instantiation of ‘[01m[Ktypename Visitor::result_type boost::variant<T0, TN>::internal_apply_visitor(Visitor&) const [with Visitor = boost::detail::variant::invoke_visitor<const pinocchio::JointIdxQVisitor, false>; T0_ = pinocchio::JointModelRevoluteTpl<double, 0, 0>; TN = {pinocchio::JointModelRevoluteTpl<double, 0, 1>, pinocchio::JointModelRevoluteTpl<double, 0, 2>, pinocchio::JointModelFreeFlyerTpl<double, 0>, pinocchio::JointModelPlanarTpl<double, 0>, pinocchio::JointModelRevoluteUnalignedTpl<double, 0>, pinocchio::JointModelSphericalTpl<double, 0>, pinocchio::JointModelSphericalZYXTpl<double, 0>, pinocchio::JointModelEllipsoidTpl<double, 0>, pinocchio::JointModelPrismaticTpl<double, 0, 0>, pinocchio::JointModelPrismaticTpl<double, 0, 1>, pinocchio::JointModelPrismaticTpl<double, 0, 2>, pinocchio::JointModelPrismaticUnalignedTpl<double, 0>, pinocchio::JointModelTranslationTpl<double, 0>, pinocchio::JointModelRevoluteUnboundedTpl<double, 0, 0>, pinocchio::JointModelRevoluteUnboundedTpl<double, 0, 1>, pinocchio::JointModelRevoluteUnboundedTpl<double, 0, 2>, pinocchio::JointModelRevoluteUnboundedUnalignedTpl<double, 0>, pinocchio::JointModelHelicalTpl<double, 0, 0>, pinocchio::JointModelHelicalTpl<double, 0, 1>, pinocchio::JointModelHelicalTpl<double, 0, 2>, pinocchio::JointModelHelicalUnalignedTpl<double, 0>, pinocchio::JointModelUniversalTpl<double, 0>, boost::recursive_wrapper<pinocchio::JointModelCompositeTpl<double, 0, pinocchio::JointCollectionDefaultTpl> >, boost::recursive_wrapper<pinocchio::JointModelMimicTpl<double, 0, pinocchio::JointCollectionDefaultTpl> >}; typename Visitor::result_type = int][m[K’:
[7.332s] [01m[K/usr/include/boost/variant/variant.hpp:2404:44:[m[K   required from ‘[01m[Ktypename Visitor::result_type boost::variant<T0, TN>::apply_visitor(Visitor&) const & [with Visitor = const pinocchio::JointIdxQVisitor; T0_ = pinocchio::JointModelRevoluteTpl<double, 0, 0>; TN = {pinocchio::JointModelRevoluteTpl<double, 0, 1>, pinocchio::JointModelRevoluteTpl<double, 0, 2>, pinocchio::JointModelFreeFlyerTpl<double, 0>, pinocchio::JointModelPlanarTpl<double, 0>, pinocchio::JointModelRevoluteUnalignedTpl<double, 0>, pinocchio::JointModelSphericalTpl<double, 0>, pinocchio::JointModelSphericalZYXTpl<double, 0>, pinocchio::JointModelEllipsoidTpl<double, 0>, pinocchio::JointModelPrismaticTpl<double, 0, 0>, pinocchio::JointModelPrismaticTpl<double, 0, 1>, pinocchio::JointModelPrismaticTpl<double, 0, 2>, pinocchio::JointModelPrismaticUnalignedTpl<double, 0>, pinocchio::JointModelTranslationTpl<double, 0>, pinocchio::JointModelRevoluteUnboundedTpl<double, 0, 0>, pinocchio::JointModelRevoluteUnboundedTpl<double, 0, 1>, pinocchio::JointModelRevoluteUnboundedTpl<double, 0, 2>, pinocchio::JointModelRevoluteUnboundedUnalignedTpl<double, 0>, pinocchio::JointModelHelicalTpl<double, 0, 0>, pinocchio::JointModelHelicalTpl<double, 0, 1>, pinocchio::JointModelHelicalTpl<double, 0, 2>, pinocchio::JointModelHelicalUnalignedTpl<double, 0>, pinocchio::JointModelUniversalTpl<double, 0>, boost::recursive_wrapper<pinocchio::JointModelCompositeTpl<double, 0, pinocchio::JointCollectionDefaultTpl> >, boost::recursive_wrapper<pinocchio::JointModelMimicTpl<double, 0, pinocchio::JointCollectionDefaultTpl> >}; typename Visitor::result_type = int][m[K’
[7.332s] [01m[K/usr/include/boost/variant/detail/apply_visitor_unary.hpp:68:64:[m[K   required from ‘[01m[Ktypename Visitor::result_type boost::apply_visitor(const Visitor&, Visitable&&) [with Visitor = pinocchio::JointIdxQVisitor; Visitable = const pinocchio::JointModelTpl<double>&; typename Visitor::result_type = int][m[K’
[7.332s] [01m[K/opt/ros/humble/include/pinocchio/src/multibody/joint/joint-basic-visitors.hxx:919:34:[m[K   required from ‘[01m[Kstatic int pinocchio::JointIdxQVisitor::run(const pinocchio::JointModelTpl<Scalar, Options, JointCollectionTpl>&) [with Scalar = double; int Options = 0; JointCollectionTpl = pinocchio::JointCollectionDefaultTpl][m[K’
[7.332s] [01m[K/opt/ros/humble/include/pinocchio/src/multibody/joint/joint-basic-visitors.hxx:926:33:[m[K   required from ‘[01m[Kint pinocchio::idx_q(const pinocchio::JointModelTpl<Scalar, Options, JointCollectionTpl>&) [with Scalar = double; int Options = 0; JointCollectionTpl = pinocchio::JointCollectionDefaultTpl][m[K’
[7.332s] [01m[K/opt/ros/humble/include/pinocchio/src/multibody/joint/joint-generic.hxx:439:32:[m[K   required from ‘[01m[Kint pinocchio::JointModelTpl<Scalar, Options, JointCollectionTpl>::idx_q_impl() const [with _Scalar = double; int _Options = 0; JointCollectionTpl = pinocchio::JointCollectionDefaultTpl][m[K’
[7.332s] [01m[K/opt/ros/humble/include/pinocchio/src/multibody/joint/joint-model-base.hxx:174:34:[m[K   required from ‘[01m[Kint pinocchio::JointModelBase<Derived>::idx_q() const [with Derived = pinocchio::JointModelTpl<double>][m[K’
[7.332s] [01m[K/opt/ros/humble/include/pinocchio/src/multibody/model.hxx:872:41:[m[K   required from ‘[01m[Kpinocchio::ModelTpl<_Scalar, _Options, JointCollectionTpl>::JointIndex pinocchio::ModelTpl<_Scalar, _Options, JointCollectionTpl>::addJoint(pinocchio::ModelTpl<_Scalar, _Options, JointCollectionTpl>::JointIndex, const JointModel&, const SE3&, const string&, const VectorXs&, const VectorXs&, const VectorXs&, const VectorXs&, const VectorXs&, const VectorXs&, const VectorXs&, const VectorXs&, const VectorXs&, const VectorXs&) [with _Scalar = double; int _Options = 0; JointCollectionTpl = pinocchio::JointCollectionDefaultTpl; pinocchio::ModelTpl<_Scalar, _Options, JointCollectionTpl>::JointIndex = long unsigned int; pinocchio::ModelTpl<_Scalar, _Options, JointCollectionTpl>::JointModel = pinocchio::JointModelTpl<double>; pinocchio::ModelTpl<_Scalar, _Options, JointCollectionTpl>::SE3 = pinocchio::SE3Tpl<double, 0>; std::string = std::__cxx11::basic_string<char>; pinocchio::ModelTpl<_Scalar, _Options, JointCollectionTpl>::VectorXs = Eigen::Matrix<double, -1, 1>][m[K’
[7.332s] [01m[K/opt/ros/humble/include/pinocchio/src/parsers/urdf/model.hxx:235:38:[m[K   required from here
[7.332s] [01m[K/usr/include/boost/variant/variant.hpp:2359:41:[m[K [01;31m[Kerror: [m[Kusing invalid field ‘[01m[Kboost::variant<T0, TN>::storage_[m[K’
[7.332s] /usr/include/boost/variant/variant.hpp: In instantiation of ‘[01m[Ktypename Visitor::result_type boost::variant<T0, TN>::internal_apply_visitor(Visitor&) const [with Visitor = boost::detail::variant::invoke_visitor<const pinocchio::JointIdxVVisitor, false>; T0_ = pinocchio::JointModelRevoluteTpl<double, 0, 0>; TN = {pinocchio::JointModelRevoluteTpl<double, 0, 1>, pinocchio::JointModelRevoluteTpl<double, 0, 2>, pinocchio::JointModelFreeFlyerTpl<double, 0>, pinocchio::JointModelPlanarTpl<double, 0>, pinocchio::JointModelRevoluteUnalignedTpl<double, 0>, pinocchio::JointModelSphericalTpl<double, 0>, pinocchio::JointModelSphericalZYXTpl<double, 0>, pinocchio::JointModelEllipsoidTpl<double, 0>, pinocchio::JointModelPrismaticTpl<double, 0, 0>, pinocchio::JointModelPrismaticTpl<double, 0, 1>, pinocchio::JointModelPrismaticTpl<double, 0, 2>, pinocchio::JointModelPrismaticUnalignedTpl<double, 0>, pinocchio::JointModelTranslationTpl<double, 0>, pinocchio::JointModelRevoluteUnboundedTpl<double, 0, 0>, pinocchio::JointModelRevoluteUnboundedTpl<double, 0, 1>, pinocchio::JointModelRevoluteUnboundedTpl<double, 0, 2>, pinocchio::JointModelRevoluteUnboundedUnalignedTpl<double, 0>, pinocchio::JointModelHelicalTpl<double, 0, 0>, pinocchio::JointModelHelicalTpl<double, 0, 1>, pinocchio::JointModelHelicalTpl<double, 0, 2>, pinocchio::JointModelHelicalUnalignedTpl<double, 0>, pinocchio::JointModelUniversalTpl<double, 0>, boost::recursive_wrapper<pinocchio::JointModelCompositeTpl<double, 0, pinocchio::JointCollectionDefaultTpl> >, boost::recursive_wrapper<pinocchio::JointModelMimicTpl<double, 0, pinocchio::JointCollectionDefaultTpl> >}; typename Visitor::result_type = int][m[K’:
[7.332s] [01m[K/usr/include/boost/variant/variant.hpp:2404:44:[m[K   required from ‘[01m[Ktypename Visitor::result_type boost::variant<T0, TN>::apply_visitor(Visitor&) const & [with Visitor = const pinocchio::JointIdxVVisitor; T0_ = pinocchio::JointModelRevoluteTpl<double, 0, 0>; TN = {pinocchio::JointModelRevoluteTpl<double, 0, 1>, pinocchio::JointModelRevoluteTpl<double, 0, 2>, pinocchio::JointModelFreeFlyerTpl<double, 0>, pinocchio::JointModelPlanarTpl<double, 0>, pinocchio::JointModelRevoluteUnalignedTpl<double, 0>, pinocchio::JointModelSphericalTpl<double, 0>, pinocchio::JointModelSphericalZYXTpl<double, 0>, pinocchio::JointModelEllipsoidTpl<double, 0>, pinocchio::JointModelPrismaticTpl<double, 0, 0>, pinocchio::JointModelPrismaticTpl<double, 0, 1>, pinocchio::JointModelPrismaticTpl<double, 0, 2>, pinocchio::JointModelPrismaticUnalignedTpl<double, 0>, pinocchio::JointModelTranslationTpl<double, 0>, pinocchio::JointModelRevoluteUnboundedTpl<double, 0, 0>, pinocchio::JointModelRevoluteUnboundedTpl<double, 0, 1>, pinocchio::JointModelRevoluteUnboundedTpl<double, 0, 2>, pinocchio::JointModelRevoluteUnboundedUnalignedTpl<double, 0>, pinocchio::JointModelHelicalTpl<double, 0, 0>, pinocchio::JointModelHelicalTpl<double, 0, 1>, pinocchio::JointModelHelicalTpl<double, 0, 2>, pinocchio::JointModelHelicalUnalignedTpl<double, 0>, pinocchio::JointModelUniversalTpl<double, 0>, boost::recursive_wrapper<pinocchio::JointModelCompositeTpl<double, 0, pinocchio::JointCollectionDefaultTpl> >, boost::recursive_wrapper<pinocchio::JointModelMimicTpl<double, 0, pinocchio::JointCollectionDefaultTpl> >}; typename Visitor::result_type = int][m[K’
[7.332s] [01m[K/usr/include/boost/variant/detail/apply_visitor_unary.hpp:68:64:[m[K   required from ‘[01m[Ktypename Visitor::result_type boost::apply_visitor(const Visitor&, Visitable&&) [with Visitor = pinocchio::JointIdxVVisitor; Visitable = const pinocchio::JointModelTpl<double>&; typename Visitor::result_type = int][m[K’
[7.332s] [01m[K/opt/ros/humble/include/pinocchio/src/multibody/joint/joint-basic-visitors.hxx:943:34:[m[K   required from ‘[01m[Kstatic int pinocchio::JointIdxVVisitor::run(const pinocchio::JointModelTpl<Scalar, Options, JointCollectionTpl>&) [with Scalar = double; int Options = 0; JointCollectionTpl = pinocchio::JointCollectionDefaultTpl][m[K’
[7.332s] [01m[K/opt/ros/humble/include/pinocchio/src/multibody/joint/joint-basic-visitors.hxx:950:33:[m[K   required from ‘[01m[Kint pinocchio::idx_v(const pinocchio::JointModelTpl<Scalar, Options, JointCollectionTpl>&) [with Scalar = double; int Options = 0; JointCollectionTpl = pinocchio::JointCollectionDefaultTpl][m[K’
[7.332s] [01m[K/opt/ros/humble/include/pinocchio/src/multibody/joint/joint-generic.hxx:443:32:[m[K   required from ‘[01m[Kint pinocchio::JointModelTpl<Scalar, Options, JointCollectionTpl>::idx_v_impl() const [with _Scalar = double; int _Options = 0; JointCollectionTpl = pinocchio::JointCollectionDefaultTpl][m[K’
[7.332s] [01m[K/opt/ros/humble/include/pinocchio/src/multibody/joint/joint-model-base.hxx:178:34:[m[K   required from ‘[01m[Kint pinocchio::JointModelBase<Derived>::idx_v() const [with Derived = pinocchio::JointModelTpl<double>][m[K’
[7.332s] [01m[K/opt/ros/humble/include/pinocchio/src/multibody/model.hxx:874:41:[m[K   required from ‘[01m[Kpinocchio::ModelTpl<_Scalar, _Options, JointCollectionTpl>::JointIndex pinocchio::ModelTpl<_Scalar, _Options, JointCollectionTpl>::addJoint(pinocchio::ModelTpl<_Scalar, _Options, JointCollectionTpl>::JointIndex, const JointModel&, const SE3&, const string&, const VectorXs&, const VectorXs&, const VectorXs&, const VectorXs&, const VectorXs&, const VectorXs&, const VectorXs&, const VectorXs&, const VectorXs&, const VectorXs&) [with _Scalar = double; int _Options = 0; JointCollectionTpl = pinocchio::JointCollectionDefaultTpl; pinocchio::ModelTpl<_Scalar, _Options, JointCollectionTpl>::JointIndex = long unsigned int; pinocchio::ModelTpl<_Scalar, _Options, JointCollectionTpl>::JointModel = pinocchio::JointModelTpl<double>; pinocchio::ModelTpl<_Scalar, _Options, JointCollectionTpl>::SE3 = pinocchio::SE3Tpl<double, 0>; std::string = std::__cxx11::basic_string<char>; pinocchio::ModelTpl<_Scalar, _Options, JointCollectionTpl>::VectorXs = Eigen::Matrix<double, -1, 1>][m[K’
[7.332s] [01m[K/opt/ros/humble/include/pinocchio/src/parsers/urdf/model.hxx:235:38:[m[K   required from here
[7.332s] [01m[K/usr/include/boost/variant/variant.hpp:2359:41:[m[K [01;31m[Kerror: [m[Kusing invalid field ‘[01m[Kboost::variant<T0, TN>::storage_[m[K’
[7.332s] /usr/include/boost/variant/variant.hpp: In instantiation of ‘[01m[Ktypename Visitor::result_type boost::variant<T0, TN>::internal_apply_visitor(Visitor&) const [with Visitor = boost::detail::variant::invoke_visitor<const pinocchio::JointIdxVExtendedVisitor, false>; T0_ = pinocchio::JointModelRevoluteTpl<double, 0, 0>; TN = {pinocchio::JointModelRevoluteTpl<double, 0, 1>, pinocchio::JointModelRevoluteTpl<double, 0, 2>, pinocchio::JointModelFreeFlyerTpl<double, 0>, pinocchio::JointModelPlanarTpl<double, 0>, pinocchio::JointModelRevoluteUnalignedTpl<double, 0>, pinocchio::JointModelSphericalTpl<double, 0>, pinocchio::JointModelSphericalZYXTpl<double, 0>, pinocchio::JointModelEllipsoidTpl<double, 0>, pinocchio::JointModelPrismaticTpl<double, 0, 0>, pinocchio::JointModelPrismaticTpl<double, 0, 1>, pinocchio::JointModelPrismaticTpl<double, 0, 2>, pinocchio::JointModelPrismaticUnalignedTpl<double, 0>, pinocchio::JointModelTranslationTpl<double, 0>, pinocchio::JointModelRevoluteUnboundedTpl<double, 0, 0>, pinocchio::JointModelRevoluteUnboundedTpl<double, 0, 1>, pinocchio::JointModelRevoluteUnboundedTpl<double, 0, 2>, pinocchio::JointModelRevoluteUnboundedUnalignedTpl<double, 0>, pinocchio::JointModelHelicalTpl<double, 0, 0>, pinocchio::JointModelHelicalTpl<double, 0, 1>, pinocchio::JointModelHelicalTpl<double, 0, 2>, pinocchio::JointModelHelicalUnalignedTpl<double, 0>, pinocchio::JointModelUniversalTpl<double, 0>, boost::recursive_wrapper<pinocchio::JointModelCompositeTpl<double, 0, pinocchio::JointCollectionDefaultTpl> >, boost::recursive_wrapper<pinocchio::JointModelMimicTpl<double, 0, pinocchio::JointCollectionDefaultTpl> >}; typename Visitor::result_type = int][m[K’:
[7.332s] [01m[K/usr/include/boost/variant/variant.hpp:2404:44:[m[K   required from ‘[01m[Ktypename Visitor::result_type boost::variant<T0, TN>::apply_visitor(Visitor&) const & [with Visitor = const pinocchio::JointIdxVExtendedVisitor; T0_ = pinocchio::JointModelRevoluteTpl<double, 0, 0>; TN = {pinocchio::JointModelRevoluteTpl<double, 0, 1>, pinocchio::JointModelRevoluteTpl<double, 0, 2>, pinocchio::JointModelFreeFlyerTpl<double, 0>, pinocchio::JointModelPlanarTpl<double, 0>, pinocchio::JointModelRevoluteUnalignedTpl<double, 0>, pinocchio::JointModelSphericalTpl<double, 0>, pinocchio::JointModelSphericalZYXTpl<double, 0>, pinocchio::JointModelEllipsoidTpl<double, 0>, pinocchio::JointModelPrismaticTpl<double, 0, 0>, pinocchio::JointModelPrismaticTpl<double, 0, 1>, pinocchio::JointModelPrismaticTpl<double, 0, 2>, pinocchio::JointModelPrismaticUnalignedTpl<double, 0>, pinocchio::JointModelTranslationTpl<double, 0>, pinocchio::JointModelRevoluteUnboundedTpl<double, 0, 0>, pinocchio::JointModelRevoluteUnboundedTpl<double, 0, 1>, pinocchio::JointModelRevoluteUnboundedTpl<double, 0, 2>, pinocchio::JointModelRevoluteUnboundedUnalignedTpl<double, 0>, pinocchio::JointModelHelicalTpl<double, 0, 0>, pinocchio::JointModelHelicalTpl<double, 0, 1>, pinocchio::JointModelHelicalTpl<double, 0, 2>, pinocchio::JointModelHelicalUnalignedTpl<double, 0>, pinocchio::JointModelUniversalTpl<double, 0>, boost::recursive_wrapper<pinocchio::JointModelCompositeTpl<double, 0, pinocchio::JointCollectionDefaultTpl> >, boost::recursive_wrapper<pinocchio::JointModelMimicTpl<double, 0, pinocchio::JointCollectionDefaultTpl> >}; typename Visitor::result_type = int][m[K’
[7.332s] [01m[K/usr/include/boost/variant/detail/apply_visitor_unary.hpp:68:64:[m[K   required from ‘[01m[Ktypename Visitor::result_type boost::apply_visitor(const Visitor&, Visitable&&) [with Visitor = pinocchio::JointIdxVExtendedVisitor; Visitable = const pinocchio::JointModelTpl<double>&; typename Visitor::result_type = int][m[K’
[7.332s] [01m[K/opt/ros/humble/include/pinocchio/src/multibody/joint/joint-basic-visitors.hxx:967:34:[m[K   required from ‘[01m[Kstatic int pinocchio::JointIdxVExtendedVisitor::run(const pinocchio::JointModelTpl<Scalar, Options, JointCollectionTpl>&) [with Scalar = double; int Options = 0; JointCollectionTpl = pinocchio::JointCollectionDefaultTpl][m[K’
[7.332s] [01m[K/opt/ros/humble/include/pinocchio/src/multibody/joint/joint-basic-visitors.hxx:974:41:[m[K   required from ‘[01m[Kint pinocchio::idx_vExtended(const pinocchio::JointModelTpl<Scalar, Options, JointCollectionTpl>&) [with Scalar = double; int Options = 0; JointCollectionTpl = pinocchio::JointCollectionDefaultTpl][m[K’
[7.333s] [01m[K/opt/ros/humble/include/pinocchio/src/multibody/joint/joint-generic.hxx:447:40:[m[K   required from ‘[01m[Kint pinocchio::JointModelTpl<Scalar, Options, JointCollectionTpl>::idx_vExtended_impl() const [with _Scalar = double; int _Options = 0; JointCollectionTpl = pinocchio::JointCollectionDefaultTpl][m[K’
[7.333s] [01m[K/opt/ros/humble/include/pinocchio/src/multibody/joint/joint-model-base.hxx:182:42:[m[K   required from ‘[01m[Kint pinocchio::JointModelBase<Derived>::idx_vExtended() const [with Derived = pinocchio::JointModelTpl<double>][m[K’
[7.333s] [01m[K/opt/ros/humble/include/pinocchio/src/multibody/model.hxx:876:57:[m[K   required from ‘[01m[Kpinocchio::ModelTpl<_Scalar, _Options, JointCollectionTpl>::JointIndex pinocchio::ModelTpl<_Scalar, _Options, JointCollectionTpl>::addJoint(pinocchio::ModelTpl<_Scalar, _Options, JointCollectionTpl>::JointIndex, const JointModel&, const SE3&, const string&, const VectorXs&, const VectorXs&, const VectorXs&, const VectorXs&, const VectorXs&, const VectorXs&, const VectorXs&, const VectorXs&, const VectorXs&, const VectorXs&) [with _Scalar = double; int _Options = 0; JointCollectionTpl = pinocchio::JointCollectionDefaultTpl; pinocchio::ModelTpl<_Scalar, _Options, JointCollectionTpl>::JointIndex = long unsigned int; pinocchio::ModelTpl<_Scalar, _Options, JointCollectionTpl>::JointModel = pinocchio::JointModelTpl<double>; pinocchio::ModelTpl<_Scalar, _Options, JointCollectionTpl>::SE3 = pinocchio::SE3Tpl<double, 0>; std::string = std::__cxx11::basic_string<char>; pinocchio::ModelTpl<_Scalar, _Options, JointCollectionTpl>::VectorXs = Eigen::Matrix<double, -1, 1>][m[K’
[7.333s] [01m[K/opt/ros/humble/include/pinocchio/src/parsers/urdf/model.hxx:235:38:[m[K   required from here
[7.333s] [01m[K/usr/include/boost/variant/variant.hpp:2359:41:[m[K [01;31m[Kerror: [m[Kusing invalid field ‘[01m[Kboost::variant<T0, TN>::storage_[m[K’
[7.334s] /usr/include/boost/variant/variant.hpp: In instantiation of ‘[01m[Ktypename Visitor::result_type boost::variant<T0, TN>::internal_apply_visitor(Visitor&) const [with Visitor = boost::detail::variant::invoke_visitor<const pinocchio::JointIdVisitor, false>; T0_ = pinocchio::JointModelRevoluteTpl<double, 0, 0>; TN = {pinocchio::JointModelRevoluteTpl<double, 0, 1>, pinocchio::JointModelRevoluteTpl<double, 0, 2>, pinocchio::JointModelFreeFlyerTpl<double, 0>, pinocchio::JointModelPlanarTpl<double, 0>, pinocchio::JointModelRevoluteUnalignedTpl<double, 0>, pinocchio::JointModelSphericalTpl<double, 0>, pinocchio::JointModelSphericalZYXTpl<double, 0>, pinocchio::JointModelEllipsoidTpl<double, 0>, pinocchio::JointModelPrismaticTpl<double, 0, 0>, pinocchio::JointModelPrismaticTpl<double, 0, 1>, pinocchio::JointModelPrismaticTpl<double, 0, 2>, pinocchio::JointModelPrismaticUnalignedTpl<double, 0>, pinocchio::JointModelTranslationTpl<double, 0>, pinocchio::JointModelRevoluteUnboundedTpl<double, 0, 0>, pinocchio::JointModelRevoluteUnboundedTpl<double, 0, 1>, pinocchio::JointModelRevoluteUnboundedTpl<double, 0, 2>, pinocchio::JointModelRevoluteUnboundedUnalignedTpl<double, 0>, pinocchio::JointModelHelicalTpl<double, 0, 0>, pinocchio::JointModelHelicalTpl<double, 0, 1>, pinocchio::JointModelHelicalTpl<double, 0, 2>, pinocchio::JointModelHelicalUnalignedTpl<double, 0>, pinocchio::JointModelUniversalTpl<double, 0>, boost::recursive_wrapper<pinocchio::JointModelCompositeTpl<double, 0, pinocchio::JointCollectionDefaultTpl> >, boost::recursive_wrapper<pinocchio::JointModelMimicTpl<double, 0, pinocchio::JointCollectionDefaultTpl> >}; typename Visitor::result_type = long unsigned int][m[K’:
[7.334s] [01m[K/usr/include/boost/variant/variant.hpp:2404:44:[m[K   required from ‘[01m[Ktypename Visitor::result_type boost::variant<T0, TN>::apply_visitor(Visitor&) const & [with Visitor = const pinocchio::JointIdVisitor; T0_ = pinocchio::JointModelRevoluteTpl<double, 0, 0>; TN = {pinocchio::JointModelRevoluteTpl<double, 0, 1>, pinocchio::JointModelRevoluteTpl<double, 0, 2>, pinocchio::JointModelFreeFlyerTpl<double, 0>, pinocchio::JointModelPlanarTpl<double, 0>, pinocchio::JointModelRevoluteUnalignedTpl<double, 0>, pinocchio::JointModelSphericalTpl<double, 0>, pinocchio::JointModelSphericalZYXTpl<double, 0>, pinocchio::JointModelEllipsoidTpl<double, 0>, pinocchio::JointModelPrismaticTpl<double, 0, 0>, pinocchio::JointModelPrismaticTpl<double, 0, 1>, pinocchio::JointModelPrismaticTpl<double, 0, 2>, pinocchio::JointModelPrismaticUnalignedTpl<double, 0>, pinocchio::JointModelTranslationTpl<double, 0>, pinocchio::JointModelRevoluteUnboundedTpl<double, 0, 0>, pinocchio::JointModelRevoluteUnboundedTpl<double, 0, 1>, pinocchio::JointModelRevoluteUnboundedTpl<double, 0, 2>, pinocchio::JointModelRevoluteUnboundedUnalignedTpl<double, 0>, pinocchio::JointModelHelicalTpl<double, 0, 0>, pinocchio::JointModelHelicalTpl<double, 0, 1>, pinocchio::JointModelHelicalTpl<double, 0, 2>, pinocchio::JointModelHelicalUnalignedTpl<double, 0>, pinocchio::JointModelUniversalTpl<double, 0>, boost::recursive_wrapper<pinocchio::JointModelCompositeTpl<double, 0, pinocchio::JointCollectionDefaultTpl> >, boost::recursive_wrapper<pinocchio::JointModelMimicTpl<double, 0, pinocchio::JointCollectionDefaultTpl> >}; typename Visitor::result_type = long unsigned int][m[K’
[7.334s] [01m[K/usr/include/boost/variant/detail/apply_visitor_unary.hpp:68:64:[m[K   required from ‘[01m[Ktypename Visitor::result_type boost::apply_visitor(const Visitor&, Visitable&&) [with Visitor = pinocchio::JointIdVisitor; Visitable = const pinocchio::JointModelTpl<double>&; typename Visitor::result_type = long unsigned int][m[K’
[7.334s] [01m[K/opt/ros/humble/include/pinocchio/src/multibody/joint/joint-basic-visitors.hxx:991:34:[m[K   required from ‘[01m[Kstatic pinocchio::JointIndex pinocchio::JointIdVisitor::run(const pinocchio::JointModelTpl<Scalar, Options, JointCollectionTpl>&) [with Scalar = double; int Options = 0; JointCollectionTpl = pinocchio::JointCollectionDefaultTpl; pinocchio::JointIndex = long unsigned int][m[K’
[7.334s] [01m[K/opt/ros/humble/include/pinocchio/src/multibody/joint/joint-basic-visitors.hxx:998:31:[m[K   required from ‘[01m[Kpinocchio::JointIndex pinocchio::id(const pinocchio::JointModelTpl<Scalar, Options, JointCollectionTpl>&) [with Scalar = double; int Options = 0; JointCollectionTpl = pinocchio::JointCollectionDefaultTpl; pinocchio::JointIndex = long unsigned int][m[K’
[7.334s] [01m[K/opt/ros/humble/include/pinocchio/src/multibody/joint/joint-generic.hxx:452:29:[m[K   required from ‘[01m[Kpinocchio::JointIndex pinocchio::JointModelTpl<Scalar, Options, JointCollectionTpl>::id_impl() const [with _Scalar = double; int _Options = 0; JointCollectionTpl = pinocchio::JointCollectionDefaultTpl; pinocchio::JointIndex = long unsigned int][m[K’
[7.334s] [01m[K/opt/ros/humble/include/pinocchio/src/multibody/joint/joint-model-base.hxx:186:31:[m[K   required from ‘[01m[Kpinocchio::JointIndex pinocchio::JointModelBase<Derived>::id() const [with Derived = pinocchio::JointModelTpl<double>; pinocchio::JointIndex = long unsigned int][m[K’
[7.334s] [01m[K/opt/ros/humble/include/pinocchio/src/multibody/model.hxx:981:43:[m[K   required from ‘[01m[Kpinocchio::ModelTpl<_Scalar, _Options, JointCollectionTpl>::JointIndex pinocchio::ModelTpl<_Scalar, _Options, JointCollectionTpl>::addJoint(pinocchio::ModelTpl<_Scalar, _Options, JointCollectionTpl>::JointIndex, const JointModel&, const SE3&, const string&, const VectorXs&, const VectorXs&, const VectorXs&, const VectorXs&, const VectorXs&, const VectorXs&, const VectorXs&, const VectorXs&, const VectorXs&, const VectorXs&) [with _Scalar = double; int _Options = 0; JointCollectionTpl = pinocchio::JointCollectionDefaultTpl; pinocchio::ModelTpl<_Scalar, _Options, JointCollectionTpl>::JointIndex = long unsigned int; pinocchio::ModelTpl<_Scalar, _Options, JointCollectionTpl>::JointModel = pinocchio::JointModelTpl<double>; pinocchio::ModelTpl<_Scalar, _Options, JointCollectionTpl>::SE3 = pinocchio::SE3Tpl<double, 0>; std::string = std::__cxx11::basic_string<char>; pinocchio::ModelTpl<_Scalar, _Options, JointCollectionTpl>::VectorXs = Eigen::Matrix<double, -1, 1>][m[K’
[7.334s] [01m[K/opt/ros/humble/include/pinocchio/src/parsers/urdf/model.hxx:235:38:[m[K   required from here
[7.334s] [01m[K/usr/include/boost/variant/variant.hpp:2359:41:[m[K [01;31m[Kerror: [m[Kusing invalid field ‘[01m[Kboost::variant<T0, TN>::storage_[m[K’
[7.422s] /usr/include/boost/variant/variant.hpp: In instantiation of ‘[01m[Ktypename Visitor::result_type boost::variant<T0, TN>::internal_apply_visitor(Visitor&) const [with Visitor = boost::detail::variant::invoke_visitor<pinocchio::fusion::JointUnaryVisitorBase<pinocchio::NeutralStep<pinocchio::LieGroupMap, Eigen::Matrix<double, -1, 1> >, void>::InternalVisitorModel<boost::fusion::vector<Eigen::Matrix<double, -1, 1, 0, -1, 1>&>, void>, false>; T0_ = pinocchio::JointModelRevoluteTpl<double, 0, 0>; TN = {pinocchio::JointModelRevoluteTpl<double, 0, 1>, pinocchio::JointModelRevoluteTpl<double, 0, 2>, pinocchio::JointModelFreeFlyerTpl<double, 0>, pinocchio::JointModelPlanarTpl<double, 0>, pinocchio::JointModelRevoluteUnalignedTpl<double, 0>, pinocchio::JointModelSphericalTpl<double, 0>, pinocchio::JointModelSphericalZYXTpl<double, 0>, pinocchio::JointModelEllipsoidTpl<double, 0>, pinocchio::JointModelPrismaticTpl<double, 0, 0>, pinocchio::JointModelPrismaticTpl<double, 0, 1>, pinocchio::JointModelPrismaticTpl<double, 0, 2>, pinocchio::JointModelPrismaticUnalignedTpl<double, 0>, pinocchio::JointModelTranslationTpl<double, 0>, pinocchio::JointModelRevoluteUnboundedTpl<double, 0, 0>, pinocchio::JointModelRevoluteUnboundedTpl<double, 0, 1>, pinocchio::JointModelRevoluteUnboundedTpl<double, 0, 2>, pinocchio::JointModelRevoluteUnboundedUnalignedTpl<double, 0>, pinocchio::JointModelHelicalTpl<double, 0, 0>, pinocchio::JointModelHelicalTpl<double, 0, 1>, pinocchio::JointModelHelicalTpl<double, 0, 2>, pinocchio::JointModelHelicalUnalignedTpl<double, 0>, pinocchio::JointModelUniversalTpl<double, 0>, boost::recursive_wrapper<pinocchio::JointModelCompositeTpl<double, 0, pinocchio::JointCollectionDefaultTpl> >, boost::recursive_wrapper<pinocchio::JointModelMimicTpl<double, 0, pinocchio::JointCollectionDefaultTpl> >}; typename Visitor::result_type = void][m[K’:
[7.422s] [01m[K/usr/include/boost/variant/variant.hpp:2404:44:[m[K   required from ‘[01m[Ktypename Visitor::result_type boost::variant<T0, TN>::apply_visitor(Visitor&) const & [with Visitor = pinocchio::fusion::JointUnaryVisitorBase<pinocchio::NeutralStep<pinocchio::LieGroupMap, Eigen::Matrix<double, -1, 1> >, void>::InternalVisitorModel<boost::fusion::vector<Eigen::Matrix<double, -1, 1, 0, -1, 1>&>, void>; T0_ = pinocchio::JointModelRevoluteTpl<double, 0, 0>; TN = {pinocchio::JointModelRevoluteTpl<double, 0, 1>, pinocchio::JointModelRevoluteTpl<double, 0, 2>, pinocchio::JointModelFreeFlyerTpl<double, 0>, pinocchio::JointModelPlanarTpl<double, 0>, pinocchio::JointModelRevoluteUnalignedTpl<double, 0>, pinocchio::JointModelSphericalTpl<double, 0>, pinocchio::JointModelSphericalZYXTpl<double, 0>, pinocchio::JointModelEllipsoidTpl<double, 0>, pinocchio::JointModelPrismaticTpl<double, 0, 0>, pinocchio::JointModelPrismaticTpl<double, 0, 1>, pinocchio::JointModelPrismaticTpl<double, 0, 2>, pinocchio::JointModelPrismaticUnalignedTpl<double, 0>, pinocchio::JointModelTranslationTpl<double, 0>, pinocchio::JointModelRevoluteUnboundedTpl<double, 0, 0>, pinocchio::JointModelRevoluteUnboundedTpl<double, 0, 1>, pinocchio::JointModelRevoluteUnboundedTpl<double, 0, 2>, pinocchio::JointModelRevoluteUnboundedUnalignedTpl<double, 0>, pinocchio::JointModelHelicalTpl<double, 0, 0>, pinocchio::JointModelHelicalTpl<double, 0, 1>, pinocchio::JointModelHelicalTpl<double, 0, 2>, pinocchio::JointModelHelicalUnalignedTpl<double, 0>, pinocchio::JointModelUniversalTpl<double, 0>, boost::recursive_wrapper<pinocchio::JointModelCompositeTpl<double, 0, pinocchio::JointCollectionDefaultTpl> >, boost::recursive_wrapper<pinocchio::JointModelMimicTpl<double, 0, pinocchio::JointCollectionDefaultTpl> >}; typename Visitor::result_type = void][m[K’
[7.422s] [01m[K/usr/include/boost/variant/detail/apply_visitor_unary.hpp:48:64:[m[K   required from ‘[01m[Ktypename Visitor::result_type boost::apply_visitor(Visitor&, Visitable&&) [with Visitor = pinocchio::fusion::JointUnaryVisitorBase<pinocchio::NeutralStep<pinocchio::LieGroupMap, Eigen::Matrix<double, -1, 1> >, void>::InternalVisitorModel<boost::fusion::vector<Eigen::Matrix<double, -1, 1, 0, -1, 1>&>, void>; Visitable = const pinocchio::JointModelTpl<double>&; typename Visitor::result_type = void][m[K’
[7.422s] [01m[K/opt/ros/humble/include/pinocchio/src/multibody/visitor/joint-unary-visitor.hxx:162:36:[m[K   required from ‘[01m[Kstatic ReturnType pinocchio::fusion::JointUnaryVisitorBase<JointVisitorDerived, ReturnType>::run(const pinocchio::JointModelTpl<Scalar, Options, JointCollectionTpl>&, ArgsTmp) [with Scalar = double; int Options = 0; JointCollectionTpl = pinocchio::JointCollectionDefaultTpl; ArgsTmp = boost::fusion::vector<Eigen::Matrix<double, -1, 1, 0, -1, 1>&>; JointVisitorDerived = pinocchio::NeutralStep<pinocchio::LieGroupMap, Eigen::Matrix<double, -1, 1> >; ReturnType = void][m[K’
[7.422s] [01m[K/opt/ros/humble/include/pinocchio/src/algorithm/joint-configuration.hxx:200:47:[m[K   required from ‘[01m[Kvoid pinocchio::neutral(const pinocchio::ModelTpl<Scalar, Options, JointCollectionTpl>&, const Eigen::MatrixBase<Vector3Like>&) [with LieGroup_t = pinocchio::LieGroupMap; Scalar = double; int Options = 0; JointCollectionTpl = pinocchio::JointCollectionDefaultTpl; ReturnType = Eigen::Matrix<double, -1, 1>; typename std::enable_if<is_lie_group_map_v<LieGroup_t>, int>::type <anonymous> = 0][m[K’
[7.422s] [01m[K/opt/ros/humble/include/pinocchio/src/algorithm/joint-configuration.hxx:814:73:[m[K   required from ‘[01m[KEigen::Matrix<Scalar, -1, 1, Options> pinocchio::neutral(const pinocchio::ModelTpl<Scalar, Options, JointCollectionTpl>&) [with LieGroup_t = pinocchio::LieGroupMap; Scalar = double; int Options = 0; JointCollectionTpl = pinocchio::JointCollectionDefaultTpl; typename std::enable_if<is_lie_group_map_v<LieGroup_t>, int>::type <anonymous> = 0][m[K’
[7.422s] [01m[K/opt/ros/humble/include/pinocchio/algorithm/joint-configuration.hpp:1793:69:[m[K   required from ‘[01m[KEigen::Matrix<Scalar, -1, 1, Options> pinocchio::neutral(const pinocchio::ModelTpl<Scalar, Options, JointCollectionTpl>&) [with Scalar = double; int Options = 0; JointCollectionTpl = pinocchio::JointCollectionDefaultTpl][m[K’
[7.422s] [01m[K/opt/ros/humble/include/pinocchio/src/multibody/data.hxx:660:17:[m[K   required from ‘[01m[Kpinocchio::DataTpl<_Scalar, _Options, JointCollectionTpl>::DataTpl(const Model&) [with _Scalar = double; int _Options = 0; JointCollectionTpl = pinocchio::JointCollectionDefaultTpl; pinocchio::DataTpl<_Scalar, _Options, JointCollectionTpl>::Model = pinocchio::ModelTpl<double, 0>][m[K’
[7.423s] [01m[K/usr/include/c++/11/bits/unique_ptr.h:962:30:[m[K   required from ‘[01m[Ktypename std::_MakeUniq<_Tp>::__single_object std::make_unique(_Args&& ...) [with _Tp = pinocchio::DataTpl<double, 0>; _Args = {pinocchio::ModelTpl<double, 0, pinocchio::JointCollectionDefaultTpl>&}; typename std::_MakeUniq<_Tp>::__single_object = std::unique_ptr<pinocchio::DataTpl<double, 0> >][m[K’
[7.423s] [01m[K/home/minh/gim60108_ws/src/gim_arm_hardware/src/gim_arm_system.cpp:134:52:[m[K   required from here
[7.423s] [01m[K/usr/include/boost/variant/variant.hpp:2359:41:[m[K [01;31m[Kerror: [m[Kusing invalid field ‘[01m[Kboost::variant<T0, TN>::storage_[m[K’
[7.431s] /usr/include/boost/variant/variant.hpp: In instantiation of ‘[01m[Kboost::variant<T0, TN>::variant(const boost::variant<T0, TN>&) [with T0_ = pinocchio::JointDataRevoluteTpl<double, 0, 0>; TN = {pinocchio::JointDataRevoluteTpl<double, 0, 1>, pinocchio::JointDataRevoluteTpl<double, 0, 2>, pinocchio::JointDataFreeFlyerTpl<double, 0>, pinocchio::JointDataPlanarTpl<double, 0>, pinocchio::JointDataRevoluteUnalignedTpl<double, 0>, pinocchio::JointDataSphericalTpl<double, 0>, pinocchio::JointDataSphericalZYXTpl<double, 0>, pinocchio::JointDataEllipsoidTpl<double, 0>, pinocchio::JointDataPrismaticTpl<double, 0, 0>, pinocchio::JointDataPrismaticTpl<double, 0, 1>, pinocchio::JointDataPrismaticTpl<double, 0, 2>, pinocchio::JointDataPrismaticUnalignedTpl<double, 0>, pinocchio::JointDataTranslationTpl<double, 0>, pinocchio::JointDataRevoluteUnboundedTpl<double, 0, 0>, pinocchio::JointDataRevoluteUnboundedTpl<double, 0, 1>, pinocchio::JointDataRevoluteUnboundedTpl<double, 0, 2>, pinocchio::JointDataRevoluteUnboundedUnalignedTpl<double, 0>, pinocchio::JointDataHelicalTpl<double, 0, 0>, pinocchio::JointDataHelicalTpl<double, 0, 1>, pinocchio::JointDataHelicalTpl<double, 0, 2>, pinocchio::JointDataHelicalUnalignedTpl<double, 0>, pinocchio::JointDataUniversalTpl<double, 0>, boost::recursive_wrapper<pinocchio::JointDataCompositeTpl<double, 0, pinocchio::JointCollectionDefaultTpl> >, boost::recursive_wrapper<pinocchio::JointDataMimicTpl<double, 0, pinocchio::JointCollectionDefaultTpl> >}][m[K’:
[7.431s] [01m[K/opt/ros/humble/include/pinocchio/src/multibody/joint/joint-generic.hxx:88:10:[m[K   required from ‘[01m[Kvoid std::_Construct(_Tp*, _Args&& ...) [with _Tp = pinocchio::JointDataTpl<double>; _Args = {const pinocchio::JointDataTpl<double, 0, pinocchio::JointCollectionDefaultTpl>&}][m[K’
[7.431s] [01m[K/usr/include/c++/11/bits/stl_uninitialized.h:92:18:[m[K   required from ‘[01m[Kstatic _ForwardIterator std::__uninitialized_copy<_TrivialValueTypes>::__uninit_copy(_InputIterator, _InputIterator, _ForwardIterator) [with _InputIterator = const pinocchio::JointDataTpl<double>*; _ForwardIterator = pinocchio::JointDataTpl<double>*; bool _TrivialValueTypes = false][m[K’
[7.431s] [01m[K/usr/include/c++/11/bits/stl_uninitialized.h:151:15:[m[K   required from ‘[01m[K_ForwardIterator std::uninitialized_copy(_InputIterator, _InputIterator, _ForwardIterator) [with _InputIterator = const pinocchio::JointDataTpl<double>*; _ForwardIterator = pinocchio::JointDataTpl<double>*][m[K’
[7.431s] [01m[K/usr/include/c++/11/bits/stl_uninitialized.h:333:37:[m[K   required from ‘[01m[K_ForwardIterator std::__uninitialized_copy_a(_InputIterator, _InputIterator, _ForwardIterator, std::allocator<_Tp>&) [with _InputIterator = const pinocchio::JointDataTpl<double>*; _ForwardIterator = pinocchio::JointDataTpl<double>*; _Tp = pinocchio::JointDataTpl<double>][m[K’
[7.431s] [01m[K/usr/include/c++/11/bits/stl_vector.h:1514:35:[m[K   required from ‘[01m[Kstd::vector<_Tp, _Alloc>::pointer std::vector<_Tp, _Alloc>::_M_allocate_and_copy(std::vector<_Tp, _Alloc>::size_type, _ForwardIterator, _ForwardIterator) [with _ForwardIterator = const pinocchio::JointDataTpl<double>*; _Tp = pinocchio::JointDataTpl<double>; _Alloc = std::allocator<pinocchio::JointDataTpl<double> >; std::vector<_Tp, _Alloc>::pointer = pinocchio::JointDataTpl<double>*; std::vector<_Tp, _Alloc>::size_type = long unsigned int][m[K’
[7.431s] [01m[K/usr/include/c++/11/bits/vector.tcc:85:36:[m[K   required from ‘[01m[Kvoid std::vector<_Tp, _Alloc>::reserve(std::vector<_Tp, _Alloc>::size_type) [with _Tp = pinocchio::JointDataTpl<double>; _Alloc = std::allocator<pinocchio::JointDataTpl<double> >; std::vector<_Tp, _Alloc>::size_type = long unsigned int][m[K’
[7.431s] [01m[K/opt/ros/humble/include/pinocchio/src/multibody/data.hxx:798:19:[m[K   required from ‘[01m[Kpinocchio::DataTpl<_Scalar, _Options, JointCollectionTpl>::DataTpl(const Model&) [with _Scalar = double; int _Options = 0; JointCollectionTpl = pinocchio::JointCollectionDefaultTpl; pinocchio::DataTpl<_Scalar, _Options, JointCollectionTpl>::Model = pinocchio::ModelTpl<double, 0>][m[K’
[7.431s] [01m[K/usr/include/c++/11/bits/unique_ptr.h:962:30:[m[K   required from ‘[01m[Ktypename std::_MakeUniq<_Tp>::__single_object std::make_unique(_Args&& ...) [with _Tp = pinocchio::DataTpl<double, 0>; _Args = {pinocchio::ModelTpl<double, 0, pinocchio::JointCollectionDefaultTpl>&}; typename std::_MakeUniq<_Tp>::__single_object = std::unique_ptr<pinocchio::DataTpl<double, 0> >][m[K’
[7.431s] [01m[K/home/minh/gim60108_ws/src/gim_arm_hardware/src/gim_arm_system.cpp:134:52:[m[K   required from here
[7.431s] [01m[K/usr/include/boost/variant/variant.hpp:1762:45:[m[K [01;31m[Kerror: [m[Kusing invalid field ‘[01m[Kboost::variant<T0, TN>::storage_[m[K’
[7.431s]  1762 |         detail::variant::copy_into visitor( [01;31m[Kstorage_[m[K.address() );
[7.431s]       |                                             [01;31m[K^~~~~~~~[m[K
[7.468s] /usr/include/boost/variant/variant.hpp: In instantiation of ‘[01m[Kboost::variant<T0, TN>::variant() [with T0_ = pinocchio::JointModelRevoluteTpl<double, 0, 0>; TN = {pinocchio::JointModelRevoluteTpl<double, 0, 1>, pinocchio::JointModelRevoluteTpl<double, 0, 2>, pinocchio::JointModelFreeFlyerTpl<double, 0>, pinocchio::JointModelPlanarTpl<double, 0>, pinocchio::JointModelRevoluteUnalignedTpl<double, 0>, pinocchio::JointModelSphericalTpl<double, 0>, pinocchio::JointModelSphericalZYXTpl<double, 0>, pinocchio::JointModelEllipsoidTpl<double, 0>, pinocchio::JointModelPrismaticTpl<double, 0, 0>, pinocchio::JointModelPrismaticTpl<double, 0, 1>, pinocchio::JointModelPrismaticTpl<double, 0, 2>, pinocchio::JointModelPrismaticUnalignedTpl<double, 0>, pinocchio::JointModelTranslationTpl<double, 0>, pinocchio::JointModelRevoluteUnboundedTpl<double, 0, 0>, pinocchio::JointModelRevoluteUnboundedTpl<double, 0, 1>, pinocchio::JointModelRevoluteUnboundedTpl<double, 0, 2>, pinocchio::JointModelRevoluteUnboundedUnalignedTpl<double, 0>, pinocchio::JointModelHelicalTpl<double, 0, 0>, pinocchio::JointModelHelicalTpl<double, 0, 1>, pinocchio::JointModelHelicalTpl<double, 0, 2>, pinocchio::JointModelHelicalUnalignedTpl<double, 0>, pinocchio::JointModelUniversalTpl<double, 0>, boost::recursive_wrapper<pinocchio::JointModelCompositeTpl<double, 0, pinocchio::JointCollectionDefaultTpl> >, boost::recursive_wrapper<pinocchio::JointModelMimicTpl<double, 0, pinocchio::JointCollectionDefaultTpl> >}][m[K’:
[7.468s] [01m[K/opt/ros/humble/include/pinocchio/src/multibody/joint/joint-generic.hxx:275:25:[m[K   required from ‘[01m[Kpinocchio::JointModelTpl<Scalar, Options, JointCollectionTpl>::JointModelTpl() [with _Scalar = double; int _Options = 0; JointCollectionTpl = pinocchio::JointCollectionDefaultTpl][m[K’
[7.468s] [01m[K/usr/include/c++/11/bits/stl_construct.h:119:7:[m[K   required from ‘[01m[Kvoid std::_Construct(_Tp*, _Args&& ...) [with _Tp = pinocchio::JointModelTpl<double>; _Args = {}][m[K’
[7.468s] [01m[K/usr/include/c++/11/bits/stl_uninitialized.h:579:18:[m[K   required from ‘[01m[Kstatic _ForwardIterator std::__uninitialized_default_n_1<_TrivialValueType>::__uninit_default_n(_ForwardIterator, _Size) [with _ForwardIterator = pinocchio::JointModelTpl<double>*; _Size = long unsigned int; bool _TrivialValueType = false][m[K’
[7.468s] [01m[K/usr/include/c++/11/bits/stl_uninitialized.h:640:20:[m[K   required from ‘[01m[K_ForwardIterator std::__uninitialized_default_n(_ForwardIterator, _Size) [with _ForwardIterator = pinocchio::JointModelTpl<double>*; _Size = long unsigned int][m[K’
[7.468s] [01m[K/usr/include/c++/11/bits/stl_uninitialized.h:704:44:[m[K   required from ‘[01m[K_ForwardIterator std::__uninitialized_default_n_a(_ForwardIterator, _Size, std::allocator<_Tp>&) [with _ForwardIterator = pinocchio::JointModelTpl<double>*; _Size = long unsigned int; _Tp = pinocchio::JointModelTpl<double>][m[K’
[7.468s] [01m[K/usr/include/c++/11/bits/stl_vector.h:1606:36:[m[K   required from ‘[01m[Kvoid std::vector<_Tp, _Alloc>::_M_default_initialize(std::vector<_Tp, _Alloc>::size_type) [with _Tp = pinocchio::JointModelTpl<double>; _Alloc = std::allocator<pinocchio::JointModelTpl<double> >; std::vector<_Tp, _Alloc>::size_type = long unsigned int][m[K’
[7.468s] [01m[K/usr/include/c++/11/bits/stl_vector.h:512:9:[m[K   required from ‘[01m[Kstd::vector<_Tp, _Alloc>::vector(std::vector<_Tp, _Alloc>::size_type, const allocator_type&) [with _Tp = pinocchio::JointModelTpl<double>; _Alloc = std::allocator<pinocchio::JointModelTpl<double> >; std::vector<_Tp, _Alloc>::size_type = long unsigned int; std::vector<_Tp, _Alloc>::allocator_type = std::allocator<pinocchio::JointModelTpl<double> >][m[K’
[7.468s] [01m[K/opt/ros/humble/include/pinocchio/src/multibody/model.hxx:262:7:[m[K   required from ‘[01m[Kpinocchio::ModelTpl<_Scalar, _Options, JointCollectionTpl>::ModelTpl() [with _Scalar = double; int _Options = 0; JointCollectionTpl = pinocchio::JointCollectionDefaultTpl][m[K’
[7.468s] [01m[K/usr/include/c++/11/bits/unique_ptr.h:962:30:[m[K   required from ‘[01m[Ktypename std::_MakeUniq<_Tp>::__single_object std::make_unique(_Args&& ...) [with _Tp = pinocchio::ModelTpl<double, 0>; _Args = {}; typename std::_MakeUniq<_Tp>::__single_object = std::unique_ptr<pinocchio::ModelTpl<double, 0> >][m[K’
[7.468s] [01m[K/home/minh/gim60108_ws/src/gim_arm_hardware/src/gim_arm_system.cpp:132:54:[m[K   required from here
[7.468s] [01m[K/usr/include/boost/variant/variant.hpp:1390:14:[m[K [01;31m[Kerror: [m[Kusing invalid field ‘[01m[Kboost::variant<T0, TN>::storage_[m[K’
[7.468s]  1390 |         new( [01;31m[Kstorage_[m[K.address() ) internal_T0();
[7.469s]       |              [01;31m[K^~~~~~~~[m[K
[7.902s] gmake[2]: *** [CMakeFiles/gim_arm_system_hardware.dir/build.make:79: CMakeFiles/gim_arm_system_hardware.dir/src/gim_arm_system.cpp.o] Error 1
[7.902s] gmake[1]: *** [CMakeFiles/Makefile2:153: CMakeFiles/gim_arm_system_hardware.dir/all] Error 2
[7.903s] gmake: *** [Makefile:146: all] Error 2
[7.905s] Invoked command in '/home/minh/gim60108_ws/build/gim_arm_hardware' returned '2': CMAKE_PREFIX_PATH=${CMAKE_PREFIX_PATH}:/home/minh/gim60108_ws/install/gim_control:/home/minh/rehab_robot_ver2_modified/install/rehab_gui:/home/minh/rehab_robot_ver2_modified/install/my_rqt_plugin:/opt/ros/humble /home/minh/.local/bin/cmake --build /home/minh/gim60108_ws/build/gim_arm_hardware -- -j16 -l16
