[0.000000] (-) TimerEvent: {}
[0.000206] (-) JobUnselected: {'identifier': 'gim_arm_description'}
[0.000244] (-) JobUnselected: {'identifier': 'gim_arm_moveit_config'}
[0.000257] (-) JobUnselected: {'identifier': 'gim_control'}
[0.000268] (gim_arm_hardware) JobQueued: {'identifier': 'gim_arm_hardware', 'dependencies': OrderedDict()}
[0.000299] (gim_arm_hardware) JobStarted: {'identifier': 'gim_arm_hardware'}
[0.006776] (gim_arm_hardware) JobProgress: {'identifier': 'gim_arm_hardware', 'progress': 'cmake'}
[0.007081] (gim_arm_hardware) JobProgress: {'identifier': 'gim_arm_hardware', 'progress': 'build'}
[0.007431] (gim_arm_hardware) Command: {'cmd': ['/home/minh/.local/bin/cmake', '--build', '/home/minh/gim60108_ws/build/gim_arm_hardware', '--', '-j16', '-l16'], 'cwd': '/home/minh/gim60108_ws/build/gim_arm_hardware', 'env': OrderedDict([('GJS_DEBUG_TOPICS', 'JS ERROR;JS LOG'), ('LESSOPEN', '| /usr/bin/lesspipe %s'), ('USER', 'minh'), ('LC_TIME', 'vi_VN'), ('XDG_SESSION_TYPE', 'x11'), ('SHLVL', '1'), ('LD_LIBRARY_PATH', '/home/minh/gim60108_ws/install/gim_arm_hardware/lib:/home/minh/rehab_robot_ver2_modified/install/rviz_custom_plugins/lib:/home/minh/rehab_robot_ver2_modified/install/gravity_compensation/lib:/home/minh/rehab_robot_ver2_modified/install/can_odrive_interface/lib:/home/minh/apriltag_ws/install/apriltag_ros/lib:/usr/lib/x86_64-linux-gnu/gazebo-11/plugins:/opt/ros/humble/opt/rviz_ogre_vendor/lib:/opt/ros/humble/lib/x86_64-linux-gnu:/opt/ros/humble/lib'), ('HOME', '/home/minh'), ('CYCLONEDDS_URI', '/home/minh/cyclonedds_config.xml'), ('OLDPWD', '/home/minh/gim60108_ws'), ('DESKTOP_SESSION', 'ubuntu-xorg'), ('GIO_LAUNCHED_DESKTOP_FILE', '/usr/share/applications/terminator.desktop'), ('ROS_PYTHON_VERSION', '3'), ('GNOME_SHELL_SESSION_MODE', 'ubuntu'), ('GTK_MODULES', 'gail:atk-bridge'), ('LC_MONETARY', 'vi_VN'), ('ROS_IP', '10.136.4.158'), ('MANAGERPID', '2304'), ('SYSTEMD_EXEC_PID', '2577'), ('DBUS_SESSION_BUS_ADDRESS', 'unix:path=/run/user/1000/bus'), ('COLORTERM', 'truecolor'), ('TERMINATOR_DBUS_NAME', 'net.tenshu.Terminator21a9d5db22c73a993ff0b42f64b396873'), ('GIO_LAUNCHED_DESKTOP_FILE_PID', '3178'), ('COLCON_PREFIX_PATH', '/home/minh/gim60108_ws/install:/home/minh/rehab_robot_ver2_modified/install:/home/minh/apriltag_ws/install:/home/minh/moveit_ws/install'), ('ROS_DISTRO', 'humble'), ('GTK_IM_MODULE', 'ibus'), ('LOGNAME', 'minh'), ('JOURNAL_STREAM', '8:10563'), ('_', '/usr/bin/colcon'), ('ROS_VERSION', '2'), ('XDG_SESSION_CLASS', 'user'), ('USERNAME', 'minh'), ('TERM', 'xterm-256color'), ('GNOME_DESKTOP_SESSION_ID', 'this-is-deprecated'), ('ROS_LOCALHOST_ONLY', '1'), ('WINDOWPATH', '2'), ('PATH', '/opt/ros/humble/bin:/home/minh/.local/bin:/usr/local/sbin:/usr/local/bin:/usr/sbin:/usr/bin:/sbin:/bin:/usr/games:/usr/local/games:/snap/bin:/snap/bin'), ('SESSION_MANAGER', 'local/minh-LOQ-15APH8:@/tmp/.ICE-unix/2549,unix/minh-LOQ-15APH8:/tmp/.ICE-unix/2549'), ('INVOCATION_ID', '8060943018564186a042c790a14e233f'), ('XDG_MENU_PREFIX', 'gnome-'), ('LC_ADDRESS', 'vi_VN'), ('XDG_RUNTIME_DIR', '/run/user/1000'), ('DISPLAY', ':0'), ('TERMINATOR_DBUS_PATH', '/net/tenshu/Terminator2'), ('LANG', 'en_US.UTF-8'), ('XDG_CURRENT_DESKTOP', 'ubuntu:GNOME'), ('IBUS_DISABLE_SNOOPER', '1'), ('LC_TELEPHONE', 'vi_VN'), ('RMW_IMPLEMENTATION', 'rmw_cyclonedds_cpp'), ('XMODIFIERS', '@im=ibus'), ('XDG_SESSION_DESKTOP', 'ubuntu-xorg'), ('XAUTHORITY', '/run/user/1000/gdm/Xauthority'), ('LS_COLORS', 'rs=0:di=01;34:ln=01;36:mh=00:pi=40;33:so=01;35:do=01;35:bd=40;33;01:cd=40;33;01:or=40;31;01:mi=00:su=37;41:sg=30;43:ca=30;41:tw=30;42:ow=34;42:st=37;44:ex=01;32:*.tar=01;31:*.tgz=01;31:*.arc=01;31:*.arj=01;31:*.taz=01;31:*.lha=01;31:*.lz4=01;31:*.lzh=01;31:*.lzma=01;31:*.tlz=01;31:*.txz=01;31:*.tzo=01;31:*.t7z=01;31:*.zip=01;31:*.z=01;31:*.dz=01;31:*.gz=01;31:*.lrz=01;31:*.lz=01;31:*.lzo=01;31:*.xz=01;31:*.zst=01;31:*.tzst=01;31:*.bz2=01;31:*.bz=01;31:*.tbz=01;31:*.tbz2=01;31:*.tz=01;31:*.deb=01;31:*.rpm=01;31:*.jar=01;31:*.war=01;31:*.ear=01;31:*.sar=01;31:*.rar=01;31:*.alz=01;31:*.ace=01;31:*.zoo=01;31:*.cpio=01;31:*.7z=01;31:*.rz=01;31:*.cab=01;31:*.wim=01;31:*.swm=01;31:*.dwm=01;31:*.esd=01;31:*.jpg=01;35:*.jpeg=01;35:*.mjpg=01;35:*.mjpeg=01;35:*.gif=01;35:*.bmp=01;35:*.pbm=01;35:*.pgm=01;35:*.ppm=01;35:*.tga=01;35:*.xbm=01;35:*.xpm=01;35:*.tif=01;35:*.tiff=01;35:*.png=01;35:*.svg=01;35:*.svgz=01;35:*.mng=01;35:*.pcx=01;35:*.mov=01;35:*.mpg=01;35:*.mpeg=01;35:*.m2v=01;35:*.mkv=01;35:*.webm=01;35:*.webp=01;35:*.ogm=01;35:*.mp4=01;35:*.m4v=01;35:*.mp4v=01;35:*.vob=01;35:*.qt=01;35:*.nuv=01;35:*.wmv=01;35:*.asf=01;35:*.rm=01;35:*.rmvb=01;35:*.flc=01;35:*.avi=01;35:*.fli=01;35:*.flv=01;35:*.gl=01;35:*.dl=01;35:*.xcf=01;35:*.xwd=01;35:*.yuv=01;35:*.cgm=01;35:*.emf=01;35:*.ogv=01;35:*.ogx=01;35:*.aac=00;36:*.au=00;36:*.flac=00;36:*.m4a=00;36:*.mid=00;36:*.midi=00;36:*.mka=00;36:*.mp3=00;36:*.mpc=00;36:*.ogg=00;36:*.ra=00;36:*.wav=00;36:*.oga=00;36:*.opus=00;36:*.spx=00;36:*.xspf=00;36:'), ('SSH_AGENT_LAUNCHER', 'gnome-keyring'), ('SSH_AUTH_SOCK', '/run/user/1000/keyring/ssh'), ('ROS_DOMAIN_ID', '0'), ('AMENT_PREFIX_PATH', '/home/minh/gim60108_ws/install/gim_control:/home/minh/gim60108_ws/install/gim_arm_moveit_config:/home/minh/gim60108_ws/install/gim_arm_hardware:/home/minh/gim60108_ws/install/gim_arm_description:/home/minh/rehab_robot_ver2_modified/install/rehab_robot_ver2_control:/home/minh/rehab_robot_ver2_modified/install/rviz_custom_plugins:/home/minh/rehab_robot_ver2_modified/install/rehab_robot_ver2:/home/minh/rehab_robot_ver2_modified/install/rehab_gui:/home/minh/rehab_robot_ver2_modified/install/my_rqt_plugin:/home/minh/rehab_robot_ver2_modified/install/gravity_compensation:/home/minh/rehab_robot_ver2_modified/install/can_odrive_interface:/home/minh/moveit_ws/install/my_robot_bringup:/home/minh/moveit_ws/install/my_robot_moveit_config:/home/minh/moveit_ws/install/my_robot_description:/home/minh/apriltag_ws/install/apriltag_ros:/opt/ros/humble'), ('SHELL', '/bin/bash'), ('LC_NAME', 'vi_VN'), ('TERMINATOR_UUID', 'urn:uuid:95f1abc0-9865-46d0-8926-ec51be58c1a2'), ('QT_ACCESSIBILITY', '1'), ('GDMSESSION', 'ubuntu-xorg'), ('LESSCLOSE', '/usr/bin/lesspipe %s %s'), ('LC_MEASUREMENT', 'vi_VN'), ('GPG_AGENT_INFO', '/run/user/1000/gnupg/S.gpg-agent:0:1'), ('GJS_DEBUG_OUTPUT', 'stderr'), ('LC_IDENTIFICATION', 'vi_VN'), ('QT_IM_MODULE', 'ibus'), ('PWD', '/home/minh/gim60108_ws/build/gim_arm_hardware'), ('LC_ALL', 'en_US.UTF-8'), ('XDG_CONFIG_DIRS', '/etc/xdg/xdg-ubuntu-xorg:/etc/xdg'), ('XDG_DATA_DIRS', '/usr/share/ubuntu-xorg:/usr/share/gnome:/usr/local/share/:/usr/share/:/var/lib/snapd/desktop'), ('PYTHONPATH', '/home/minh/gim60108_ws/install/gim_control/lib/python3.10/site-packages:/home/minh/rehab_robot_ver2_modified/install/rviz_custom_plugins/local/lib/python3.10/dist-packages:/home/minh/rehab_robot_ver2_modified/install/rehab_gui/lib/python3.10/site-packages:/home/minh/rehab_robot_ver2_modified/install/my_rqt_plugin/lib/python3.10/site-packages:/home/minh/apriltag_ws/install/apriltag_ros/local/lib/python3.10/dist-packages:/opt/ros/humble/lib/python3.10/site-packages:/opt/ros/humble/local/lib/python3.10/dist-packages'), ('LC_NUMERIC', 'vi_VN'), ('LC_PAPER', 'vi_VN'), ('COLCON', '1'), ('VTE_VERSION', '6800'), ('CMAKE_PREFIX_PATH', '/home/minh/gim60108_ws/install/gim_arm_moveit_config:/home/minh/gim60108_ws/install/gim_arm_hardware:/home/minh/gim60108_ws/install/gim_arm_description:/home/minh/rehab_robot_ver2_modified/install/rehab_robot_ver2_control:/home/minh/rehab_robot_ver2_modified/install/rviz_custom_plugins:/home/minh/rehab_robot_ver2_modified/install/rehab_robot_ver2:/home/minh/rehab_robot_ver2_modified/install/gravity_compensation:/home/minh/rehab_robot_ver2_modified/install/can_odrive_interface:/home/minh/moveit_ws/install/my_robot_bringup:/home/minh/moveit_ws/install/my_robot_moveit_config:/home/minh/moveit_ws/install/my_robot_description:/home/minh/apriltag_ws/install/apriltag_ros:/home/minh/gim60108_ws/install/gim_control:/home/minh/rehab_robot_ver2_modified/install/rehab_gui:/home/minh/rehab_robot_ver2_modified/install/my_rqt_plugin:/opt/ros/humble')]), 'shell': False}
[0.071043] (gim_arm_hardware) StderrLine: {'line': b'\x1b[0mCMake Deprecation Warning at CMakeLists.txt:1 (cmake_minimum_required):\n'}
[0.071304] (gim_arm_hardware) StderrLine: {'line': b'  Compatibility with CMake < 3.10 will be removed from a future version of\n'}
[0.071401] (gim_arm_hardware) StderrLine: {'line': b'  CMake.\n'}
[0.071477] (gim_arm_hardware) StderrLine: {'line': b'\n'}
[0.071566] (gim_arm_hardware) StderrLine: {'line': b'  Update the VERSION argument <min> value.  Or, use the <min>...<max> syntax\n'}
[0.071635] (gim_arm_hardware) StderrLine: {'line': b'  to tell CMake that the project requires at least <min> but has been updated\n'}
[0.071700] (gim_arm_hardware) StderrLine: {'line': b'  to work with policies introduced by <max> or earlier.\n'}
[0.071767] (gim_arm_hardware) StderrLine: {'line': b'\n'}
[0.071831] (gim_arm_hardware) StderrLine: {'line': b'\x1b[0m\n'}
[0.075052] (gim_arm_hardware) StdoutLine: {'line': b'-- Found ament_cmake: 1.3.14 (/opt/ros/humble/share/ament_cmake/cmake)\n'}
[0.099271] (-) TimerEvent: {}
[0.100744] (gim_arm_hardware) StdoutLine: {'line': b'-- Found Python3: /usr/bin/python3 (found version "3.10.12") found components: Interpreter\n'}
[0.151756] (gim_arm_hardware) StdoutLine: {'line': b'-- Found rclcpp: 16.0.19 (/opt/ros/humble/share/rclcpp/cmake)\n'}
[0.174459] (gim_arm_hardware) StdoutLine: {'line': b'-- Found rosidl_generator_c: 3.1.9 (/opt/ros/humble/share/rosidl_generator_c/cmake)\n'}
[0.176117] (gim_arm_hardware) StdoutLine: {'line': b'-- Found rosidl_adapter: 3.1.9 (/opt/ros/humble/share/rosidl_adapter/cmake)\n'}
[0.180218] (gim_arm_hardware) StdoutLine: {'line': b'-- Found rosidl_generator_cpp: 3.1.9 (/opt/ros/humble/share/rosidl_generator_cpp/cmake)\n'}
[0.187210] (gim_arm_hardware) StdoutLine: {'line': b'-- Using all available rosidl_typesupport_c: rosidl_typesupport_fastrtps_c;rosidl_typesupport_introspection_c\n'}
[0.196270] (gim_arm_hardware) StdoutLine: {'line': b'-- Using all available rosidl_typesupport_cpp: rosidl_typesupport_fastrtps_cpp;rosidl_typesupport_introspection_cpp\n'}
[0.199373] (-) TimerEvent: {}
[0.221688] (gim_arm_hardware) StdoutLine: {'line': b'-- Found rmw_implementation_cmake: 6.1.2 (/opt/ros/humble/share/rmw_implementation_cmake/cmake)\n'}
[0.222776] (gim_arm_hardware) StdoutLine: {'line': b'-- Found rmw_cyclonedds_cpp: 1.3.4 (/opt/ros/humble/share/rmw_cyclonedds_cpp/cmake)\n'}
[0.238377] (gim_arm_hardware) StdoutLine: {'line': b"-- Using RMW implementation 'rmw_cyclonedds_cpp' as default\n"}
[0.283229] (gim_arm_hardware) StdoutLine: {'line': b'-- Found hardware_interface: 2.54.0 (/opt/ros/humble/share/hardware_interface/cmake)\n'}
[0.299479] (-) TimerEvent: {}
[0.399907] (-) TimerEvent: {}
[0.404057] (gim_arm_hardware) StderrLine: {'line': b'\x1b[33mCMake Warning (dev) at /home/minh/.local/lib/python3.10/site-packages/cmake/data/share/cmake-4.1/Modules/CMakeFindDependencyMacro.cmake:78 (find_package):\n'}
[0.404279] (gim_arm_hardware) StderrLine: {'line': b'  Policy CMP0167 is not set: The FindBoost module is removed.  Run "cmake\n'}
[0.404380] (gim_arm_hardware) StderrLine: {'line': b'  --help-policy CMP0167" for policy details.  Use the cmake_policy command to\n'}
[0.404455] (gim_arm_hardware) StderrLine: {'line': b'  set the policy and suppress this warning.\n'}
[0.404562] (gim_arm_hardware) StderrLine: {'line': b'\n'}
[0.404650] (gim_arm_hardware) StderrLine: {'line': b'Call Stack (most recent call first):\n'}
[0.404728] (gim_arm_hardware) StderrLine: {'line': b'  /opt/ros/humble/lib/x86_64-linux-gnu/cmake/pinocchio/pinocchioConfig.cmake:183 (find_dependency)\n'}
[0.404808] (gim_arm_hardware) StderrLine: {'line': b'  CMakeLists.txt:21 (find_package)\n'}
[0.404881] (gim_arm_hardware) StderrLine: {'line': b'This warning is for project developers.  Use -Wno-dev to suppress it.\n'}
[0.405014] (gim_arm_hardware) StderrLine: {'line': b'\x1b[0m\n'}
[0.407325] (gim_arm_hardware) StdoutLine: {'line': b'-- Found Boost: /usr/include (found version "1.74.0") found components: filesystem serialization\n'}
[0.408554] (gim_arm_hardware) StdoutLine: {'line': b'-- eigenpy FOUND. eigenpy at /opt/ros/humble/lib/x86_64-linux-gnu/libeigenpy.so\n'}
[0.433910] (gim_arm_hardware) StdoutLine: {'line': b'-- Checking for NumPy\n'}
[0.500558] (-) TimerEvent: {}
[0.600847] (-) TimerEvent: {}
[0.624027] (gim_arm_hardware) StdoutLine: {'line': b'--   NUMPY_INCLUDE_DIRS=/home/minh/.local/lib/python3.10/site-packages/numpy/core/include\n'}
[0.700928] (-) TimerEvent: {}
[0.706982] (gim_arm_hardware) StdoutLine: {'line': b'--   NUMPY_VERSION=1.26.4\n'}
[0.801013] (-) TimerEvent: {}
[0.901258] (-) TimerEvent: {}
[0.912999] (gim_arm_hardware) StdoutLine: {'line': b'-- Found Python3: /usr/bin/python3 (found version "3.10.12") found components: Interpreter Development.Module NumPy\n'}
[0.913686] (gim_arm_hardware) StdoutLine: {'line': b'-- PythonLibraryDirs: \n'}
[0.913733] (gim_arm_hardware) StdoutLine: {'line': b'-- PythonLibVersionString: 3.10.12\n'}
[0.935222] (gim_arm_hardware) StdoutLine: {'line': b'-- Python site lib: lib/python3.10/site-packages\n'}
[0.935382] (gim_arm_hardware) StdoutLine: {'line': b'-- Python include dirs: /usr/include/python3.10\n'}
[0.976070] (gim_arm_hardware) StdoutLine: {'line': b'-- Checking for NumPy\n'}
[1.001480] (-) TimerEvent: {}
[1.059073] (gim_arm_hardware) StdoutLine: {'line': b'--   NUMPY_INCLUDE_DIRS=/home/minh/.local/lib/python3.10/site-packages/numpy/core/include\n'}
[1.102546] (-) TimerEvent: {}
[1.146176] (gim_arm_hardware) StdoutLine: {'line': b'--   NUMPY_VERSION=1.26.4\n'}
[1.146472] (gim_arm_hardware) StdoutLine: {'line': b'-- NumPy include dir: /home/minh/.local/lib/python3.10/site-packages/numpy/core/include\n'}
[1.146663] (gim_arm_hardware) StderrLine: {'line': b'\x1b[33mCMake Warning (dev) at /opt/ros/humble/lib/x86_64-linux-gnu/cmake/eigenpy/boost.cmake:146 (find_package):\n'}
[1.146778] (gim_arm_hardware) StderrLine: {'line': b'  Policy CMP0167 is not set: The FindBoost module is removed.  Run "cmake\n'}
[1.146818] (gim_arm_hardware) StderrLine: {'line': b'  --help-policy CMP0167" for policy details.  Use the cmake_policy command to\n'}
[1.146849] (gim_arm_hardware) StderrLine: {'line': b'  set the policy and suppress this warning.\n'}
[1.146879] (gim_arm_hardware) StderrLine: {'line': b'\n'}
[1.146908] (gim_arm_hardware) StderrLine: {'line': b'Call Stack (most recent call first):\n'}
[1.146938] (gim_arm_hardware) StderrLine: {'line': b'  /opt/ros/humble/lib/x86_64-linux-gnu/cmake/eigenpy/eigenpyConfig.cmake:172 (SEARCH_FOR_BOOST_PYTHON)\n'}
[1.146985] (gim_arm_hardware) StderrLine: {'line': b'  /home/minh/.local/lib/python3.10/site-packages/cmake/data/share/cmake-4.1/Modules/CMakeFindDependencyMacro.cmake:78 (find_package)\n'}
[1.147018] (gim_arm_hardware) StderrLine: {'line': b'  /opt/ros/humble/lib/x86_64-linux-gnu/cmake/pinocchio/pinocchioConfig.cmake:184 (find_dependency)\n'}
[1.147046] (gim_arm_hardware) StderrLine: {'line': b'  CMakeLists.txt:21 (find_package)\n'}
[1.147074] (gim_arm_hardware) StderrLine: {'line': b'This warning is for project developers.  Use -Wno-dev to suppress it.\n'}
[1.147101] (gim_arm_hardware) StderrLine: {'line': b'\x1b[0m\n'}
[1.151135] (gim_arm_hardware) StdoutLine: {'line': b'-- Found Boost: /usr/include (found version "1.74.0") found components: python310\n'}
[1.202670] (-) TimerEvent: {}
[1.302977] (-) TimerEvent: {}
[1.347963] (gim_arm_hardware) StdoutLine: {'line': b'-- Default C++ standard: 201703\n'}
[1.348124] (gim_arm_hardware) StdoutLine: {'line': b'-- C++ standard sufficient: Minimal required 17, currently defined: 17\n'}
[1.348163] (gim_arm_hardware) StdoutLine: {'line': b'-- CMAKE_CXX_STANDARD was not set: automatically set to currently defined standard 17\n'}
[1.349524] (gim_arm_hardware) StdoutLine: {'line': b'-- coal FOUND. coal at /opt/ros/humble/lib/x86_64-linux-gnu/libcoal.so\n'}
[1.350021] (gim_arm_hardware) StderrLine: {'line': b'\x1b[33mCMake Warning (dev) at /home/minh/.local/lib/python3.10/site-packages/cmake/data/share/cmake-4.1/Modules/CMakeFindDependencyMacro.cmake:78 (find_package):\n'}
[1.350124] (gim_arm_hardware) StderrLine: {'line': b'  Policy CMP0167 is not set: The FindBoost module is removed.  Run "cmake\n'}
[1.350179] (gim_arm_hardware) StderrLine: {'line': b'  --help-policy CMP0167" for policy details.  Use the cmake_policy command to\n'}
[1.350238] (gim_arm_hardware) StderrLine: {'line': b'  set the policy and suppress this warning.\n'}
[1.350289] (gim_arm_hardware) StderrLine: {'line': b'\n'}
[1.350340] (gim_arm_hardware) StderrLine: {'line': b'Call Stack (most recent call first):\n'}
[1.350392] (gim_arm_hardware) StderrLine: {'line': b'  /opt/ros/humble/lib/x86_64-linux-gnu/cmake/coal/coalConfig.cmake:154 (find_dependency)\n'}
[1.350443] (gim_arm_hardware) StderrLine: {'line': b'  /home/minh/.local/lib/python3.10/site-packages/cmake/data/share/cmake-4.1/Modules/CMakeFindDependencyMacro.cmake:78 (find_package)\n'}
[1.350498] (gim_arm_hardware) StderrLine: {'line': b'  /opt/ros/humble/lib/x86_64-linux-gnu/cmake/pinocchio/pinocchioConfig.cmake:186 (find_dependency)\n'}
[1.350563] (gim_arm_hardware) StderrLine: {'line': b'  CMakeLists.txt:21 (find_package)\n'}
[1.350617] (gim_arm_hardware) StderrLine: {'line': b'This warning is for project developers.  Use -Wno-dev to suppress it.\n'}
[1.350668] (gim_arm_hardware) StderrLine: {'line': b'\x1b[0m\n'}
[1.353663] (gim_arm_hardware) StdoutLine: {'line': b'-- Found Boost: /usr/include (found version "1.74.0") found components: serialization filesystem\n'}
[1.354742] (gim_arm_hardware) StdoutLine: {'line': b'-- C++ standard sufficient: Minimal required 17, currently defined: 17\n'}
[1.355273] (gim_arm_hardware) StdoutLine: {'line': b'-- C++ standard sufficient: Minimal required 17, currently defined: 17\n'}
[1.403095] (-) TimerEvent: {}
[1.418743] (gim_arm_hardware) StdoutLine: {'line': b'-- Configuring done (1.3s)\n'}
[1.428967] (gim_arm_hardware) StdoutLine: {'line': b'-- Generating done (0.0s)\n'}
[1.432802] (gim_arm_hardware) StdoutLine: {'line': b'-- Build files have been written to: /home/minh/gim60108_ws/build/gim_arm_hardware\n'}
[1.480372] (gim_arm_hardware) StdoutLine: {'line': b'[ 50%] \x1b[32mBuilding CXX object CMakeFiles/gim_arm_system_hardware.dir/src/gim_arm_system.cpp.o\x1b[0m\n'}
[1.503224] (-) TimerEvent: {}
[1.603568] (-) TimerEvent: {}
[1.703927] (-) TimerEvent: {}
[1.804268] (-) TimerEvent: {}
[1.904585] (-) TimerEvent: {}
[2.004921] (-) TimerEvent: {}
[2.105258] (-) TimerEvent: {}
[2.205562] (-) TimerEvent: {}
[2.305900] (-) TimerEvent: {}
[2.406233] (-) TimerEvent: {}
[2.506581] (-) TimerEvent: {}
[2.606911] (-) TimerEvent: {}
[2.707247] (-) TimerEvent: {}
[2.807588] (-) TimerEvent: {}
[2.907924] (-) TimerEvent: {}
[3.008260] (-) TimerEvent: {}
[3.108593] (-) TimerEvent: {}
[3.208923] (-) TimerEvent: {}
[3.309249] (-) TimerEvent: {}
[3.409588] (-) TimerEvent: {}
[3.509893] (-) TimerEvent: {}
[3.610190] (-) TimerEvent: {}
[3.710477] (-) TimerEvent: {}
[3.810764] (-) TimerEvent: {}
[3.911111] (-) TimerEvent: {}
[4.011536] (-) TimerEvent: {}
[4.111866] (-) TimerEvent: {}
[4.212213] (-) TimerEvent: {}
[4.312562] (-) TimerEvent: {}
[4.412907] (-) TimerEvent: {}
[4.485507] (gim_arm_hardware) StderrLine: {'line': b'In file included from \x1b[01m\x1b[K/usr/include/boost/variant/variant.hpp:31\x1b[m\x1b[K,\n'}
[4.485730] (gim_arm_hardware) StderrLine: {'line': b'                 from \x1b[01m\x1b[K/usr/include/boost/variant.hpp:17\x1b[m\x1b[K,\n'}
[4.485823] (gim_arm_hardware) StderrLine: {'line': b'                 from \x1b[01m\x1b[K/opt/ros/humble/include/pinocchio/multibody.hpp:21\x1b[m\x1b[K,\n'}
[4.485899] (gim_arm_hardware) StderrLine: {'line': b'                 from \x1b[01m\x1b[K/opt/ros/humble/include/pinocchio/parsers/urdf.hpp:27\x1b[m\x1b[K,\n'}
[4.485973] (gim_arm_hardware) StderrLine: {'line': b'                 from \x1b[01m\x1b[K/home/minh/gim60108_ws/src/gim_arm_hardware/include/gim_arm_hardware/gim_arm_system.hpp:25\x1b[m\x1b[K,\n'}
[4.486039] (gim_arm_hardware) StderrLine: {'line': b'                 from \x1b[01m\x1b[K/home/minh/gim60108_ws/src/gim_arm_hardware/src/gim_arm_system.cpp:1\x1b[m\x1b[K:\n'}
[4.486103] (gim_arm_hardware) StderrLine: {'line': b'/usr/include/boost/variant/detail/make_variant_list.hpp: In instantiation of \xe2\x80\x98\x1b[01m\x1b[Kstruct boost::detail::variant::make_variant_list<pinocchio::JointModelRevoluteTpl<double, 0, 0>, pinocchio::JointModelRevoluteTpl<double, 0, 1>, pinocchio::JointModelRevoluteTpl<double, 0, 2>, pinocchio::JointModelFreeFlyerTpl<double, 0>, pinocchio::JointModelPlanarTpl<double, 0>, pinocchio::JointModelRevoluteUnalignedTpl<double, 0>, pinocchio::JointModelSphericalTpl<double, 0>, pinocchio::JointModelSphericalZYXTpl<double, 0>, pinocchio::JointModelEllipsoidTpl<double, 0>, pinocchio::JointModelPrismaticTpl<double, 0, 0>, pinocchio::JointModelPrismaticTpl<double, 0, 1>, pinocchio::JointModelPrismaticTpl<double, 0, 2>, pinocchio::JointModelPrismaticUnalignedTpl<double, 0>, pinocchio::JointModelTranslationTpl<double, 0>, pinocchio::JointModelRevoluteUnboundedTpl<double, 0, 0>, pinocchio::JointModelRevoluteUnboundedTpl<double, 0, 1>, pinocchio::JointModelRevoluteUnboundedTpl<double, 0, 2>, pinocchio::JointModelRevoluteUnboundedUnalignedTpl<double, 0>, pinocchio::JointModelHelicalTpl<double, 0, 0>, pinocchio::JointModelHelicalTpl<double, 0, 1>, pinocchio::JointModelHelicalTpl<double, 0, 2>, pinocchio::JointModelHelicalUnalignedTpl<double, 0>, pinocchio::JointModelUniversalTpl<double, 0>, boost::recursive_wrapper<pinocchio::JointModelCompositeTpl<double, 0, pinocchio::JointCollectionDefaultTpl> >, boost::recursive_wrapper<pinocchio::JointModelMimicTpl<double, 0, pinocchio::JointCollectionDefaultTpl> > >\x1b[m\x1b[K\xe2\x80\x99:\n'}
[4.486224] (gim_arm_hardware) StderrLine: {'line': b'\x1b[01m\x1b[K/usr/include/boost/mpl/eval_if.hpp:38:31:\x1b[m\x1b[K   required from \xe2\x80\x98\x1b[01m\x1b[Kstruct boost::mpl::eval_if<boost::variant<pinocchio::JointModelRevoluteTpl<double, 0, 0>, pinocchio::JointModelRevoluteTpl<double, 0, 1>, pinocchio::JointModelRevoluteTpl<double, 0, 2>, pinocchio::JointModelFreeFlyerTpl<double, 0>, pinocchio::JointModelPlanarTpl<double, 0>, pinocchio::JointModelRevoluteUnalignedTpl<double, 0>, pinocchio::JointModelSphericalTpl<double, 0>, pinocchio::JointModelSphericalZYXTpl<double, 0>, pinocchio::JointModelEllipsoidTpl<double, 0>, pinocchio::JointModelPrismaticTpl<double, 0, 0>, pinocchio::JointModelPrismaticTpl<double, 0, 1>, pinocchio::JointModelPrismaticTpl<double, 0, 2>, pinocchio::JointModelPrismaticUnalignedTpl<double, 0>, pinocchio::JointModelTranslationTpl<double, 0>, pinocchio::JointModelRevoluteUnboundedTpl<double, 0, 0>, pinocchio::JointModelRevoluteUnboundedTpl<double, 0, 1>, pinocchio::JointModelRevoluteUnboundedTpl<double, 0, 2>, pinocchio::JointModelRevoluteUnboundedUnalignedTpl<double, 0>, pinocchio::JointModelHelicalTpl<double, 0, 0>, pinocchio::JointModelHelicalTpl<double, 0, 1>, pinocchio::JointModelHelicalTpl<double, 0, 2>, pinocchio::JointModelHelicalUnalignedTpl<double, 0>, pinocchio::JointModelUniversalTpl<double, 0>, boost::recursive_wrapper<pinocchio::JointModelCompositeTpl<double, 0, pinocchio::JointCollectionDefaultTpl> >, boost::recursive_wrapper<pinocchio::JointModelMimicTpl<double, 0, pinocchio::JointCollectionDefaultTpl> > >::is_sequence_based_, pinocchio::JointModelRevoluteTpl<double, 0, 0>, boost::detail::variant::make_variant_list<pinocchio::JointModelRevoluteTpl<double, 0, 0>, pinocchio::JointModelRevoluteTpl<double, 0, 1>, pinocchio::JointModelRevoluteTpl<double, 0, 2>, pinocchio::JointModelFreeFlyerTpl<double, 0>, pinocchio::JointModelPlanarTpl<double, 0>, pinocchio::JointModelRevoluteUnalignedTpl<double, 0>, pinocchio::JointModelSphericalTpl<double, 0>, pinocchio::JointModelSphericalZYXTpl<double, 0>, pinocchio::JointModelEllipsoidTpl<double, 0>, pinocchio::JointModelPrismaticTpl<double, 0, 0>, pinocchio::JointModelPrismaticTpl<double, 0, 1>, pinocchio::JointModelPrismaticTpl<double, 0, 2>, pinocchio::JointModelPrismaticUnalignedTpl<double, 0>, pinocchio::JointModelTranslationTpl<double, 0>, pinocchio::JointModelRevoluteUnboundedTpl<double, 0, 0>, pinocchio::JointModelRevoluteUnboundedTpl<double, 0, 1>, pinocchio::JointModelRevoluteUnboundedTpl<double, 0, 2>, pinocchio::JointModelRevoluteUnboundedUnalignedTpl<double, 0>, pinocchio::JointModelHelicalTpl<double, 0, 0>, pinocchio::JointModelHelicalTpl<double, 0, 1>, pinocchio::JointModelHelicalTpl<double, 0, 2>, pinocchio::JointModelHelicalUnalignedTpl<double, 0>, pinocchio::JointModelUniversalTpl<double, 0>, boost::recursive_wrapper<pinocchio::JointModelCompositeTpl<double, 0, pinocchio::JointCollectionDefaultTpl> >, boost::recursive_wrapper<pinocchio::JointModelMimicTpl<double, 0, pinocchio::JointCollectionDefaultTpl> > > >\x1b[m\x1b[K\xe2\x80\x99\n'}
[4.486327] (gim_arm_hardware) StderrLine: {'line': b'\x1b[01m\x1b[K/usr/include/boost/variant/variant.hpp:1138:17:\x1b[m\x1b[K   required from \xe2\x80\x98\x1b[01m\x1b[Kclass boost::variant<pinocchio::JointModelRevoluteTpl<double, 0, 0>, pinocchio::JointModelRevoluteTpl<double, 0, 1>, pinocchio::JointModelRevoluteTpl<double, 0, 2>, pinocchio::JointModelFreeFlyerTpl<double, 0>, pinocchio::JointModelPlanarTpl<double, 0>, pinocchio::JointModelRevoluteUnalignedTpl<double, 0>, pinocchio::JointModelSphericalTpl<double, 0>, pinocchio::JointModelSphericalZYXTpl<double, 0>, pinocchio::JointModelEllipsoidTpl<double, 0>, pinocchio::JointModelPrismaticTpl<double, 0, 0>, pinocchio::JointModelPrismaticTpl<double, 0, 1>, pinocchio::JointModelPrismaticTpl<double, 0, 2>, pinocchio::JointModelPrismaticUnalignedTpl<double, 0>, pinocchio::JointModelTranslationTpl<double, 0>, pinocchio::JointModelRevoluteUnboundedTpl<double, 0, 0>, pinocchio::JointModelRevoluteUnboundedTpl<double, 0, 1>, pinocchio::JointModelRevoluteUnboundedTpl<double, 0, 2>, pinocchio::JointModelRevoluteUnboundedUnalignedTpl<double, 0>, pinocchio::JointModelHelicalTpl<double, 0, 0>, pinocchio::JointModelHelicalTpl<double, 0, 1>, pinocchio::JointModelHelicalTpl<double, 0, 2>, pinocchio::JointModelHelicalUnalignedTpl<double, 0>, pinocchio::JointModelUniversalTpl<double, 0>, boost::recursive_wrapper<pinocchio::JointModelCompositeTpl<double, 0, pinocchio::JointCollectionDefaultTpl> >, boost::recursive_wrapper<pinocchio::JointModelMimicTpl<double, 0, pinocchio::JointCollectionDefaultTpl> > >\x1b[m\x1b[K\xe2\x80\x99\n'}
[4.486414] (gim_arm_hardware) StderrLine: {'line': b'\x1b[01m\x1b[K/opt/ros/humble/include/pinocchio/src/multibody/joint/joint-generic.hxx:256:10:\x1b[m\x1b[K   required from \xe2\x80\x98\x1b[01m\x1b[Kstruct pinocchio::JointModelTpl<double>\x1b[m\x1b[K\xe2\x80\x99\n'}
[4.486486] (gim_arm_hardware) StderrLine: {'line': b'\x1b[01m\x1b[K/opt/ros/humble/include/pinocchio/src/parsers/urdf/model.hxx:235:38:\x1b[m\x1b[K   required from here\n'}
[4.486565] (gim_arm_hardware) StderrLine: {'line': b'\x1b[01m\x1b[K/usr/include/boost/variant/detail/make_variant_list.hpp:40:46:\x1b[m\x1b[K \x1b[01;31m\x1b[Kerror: \x1b[m\x1b[Kwrong number of template arguments (25, should be at least 0)\n'}
[4.486632] (gim_arm_hardware) StderrLine: {'line': b'   40 |     typedef typename mpl::list< T... >::type \x1b[01;31m\x1b[Ktype\x1b[m\x1b[K;\n'}
[4.486703] (gim_arm_hardware) StderrLine: {'line': b'      |                                              \x1b[01;31m\x1b[K^~~~\x1b[m\x1b[K\n'}
[4.486763] (gim_arm_hardware) StderrLine: {'line': b'In file included from \x1b[01m\x1b[K/usr/include/boost/mpl/aux_/include_preprocessed.hpp:37\x1b[m\x1b[K,\n'}
[4.486823] (gim_arm_hardware) StderrLine: {'line': b'                 from \x1b[01m\x1b[K/usr/include/boost/mpl/list.hpp:46\x1b[m\x1b[K,\n'}
[4.486886] (gim_arm_hardware) StderrLine: {'line': b'                 from \x1b[01m\x1b[K/usr/include/boost/math/policies/policy.hpp:9\x1b[m\x1b[K,\n'}
[4.486946] (gim_arm_hardware) StderrLine: {'line': b'                 from \x1b[01m\x1b[K/usr/include/boost/math/constants/constants.hpp:12\x1b[m\x1b[K,\n'}
[4.487007] (gim_arm_hardware) StderrLine: {'line': b'                 from \x1b[01m\x1b[K/opt/ros/humble/include/pinocchio/math.hpp:20\x1b[m\x1b[K,\n'}
[4.487047] (gim_arm_hardware) StderrLine: {'line': b'                 from \x1b[01m\x1b[K/opt/ros/humble/include/pinocchio/spatial.hpp:19\x1b[m\x1b[K,\n'}
[4.487071] (gim_arm_hardware) StderrLine: {'line': b'                 from \x1b[01m\x1b[K/opt/ros/humble/include/pinocchio/parsers/urdf.hpp:26\x1b[m\x1b[K,\n'}
[4.487098] (gim_arm_hardware) StderrLine: {'line': b'                 from \x1b[01m\x1b[K/home/minh/gim60108_ws/src/gim_arm_hardware/include/gim_arm_hardware/gim_arm_system.hpp:25\x1b[m\x1b[K,\n'}
[4.487147] (gim_arm_hardware) StderrLine: {'line': b'                 from \x1b[01m\x1b[K/home/minh/gim60108_ws/src/gim_arm_hardware/src/gim_arm_system.cpp:1\x1b[m\x1b[K:\n'}
[4.487172] (gim_arm_hardware) StderrLine: {'line': b'\x1b[01m\x1b[K/usr/include/boost/mpl/aux_/preprocessed/gcc/list.hpp:22:8:\x1b[m\x1b[K \x1b[01;36m\x1b[Knote: \x1b[m\x1b[Kprovided for \xe2\x80\x98\x1b[01m\x1b[Ktemplate<class T0, class T1, class T2, class T3, class T4, class T5, class T6, class T7, class T8, class T9, class T10, class T11, class T12, class T13, class T14, class T15, class T16, class T17, class T18, class T19> struct boost::mpl::list\x1b[m\x1b[K\xe2\x80\x99\n'}
[4.487199] (gim_arm_hardware) StderrLine: {'line': b'   22 | struct \x1b[01;36m\x1b[Klist\x1b[m\x1b[K;\n'}
[4.487228] (gim_arm_hardware) StderrLine: {'line': b'      |        \x1b[01;36m\x1b[K^~~~\x1b[m\x1b[K\n'}
[4.513022] (-) TimerEvent: {}
[4.613350] (-) TimerEvent: {}
[4.713775] (-) TimerEvent: {}
[4.814091] (-) TimerEvent: {}
[4.914433] (-) TimerEvent: {}
[5.014791] (-) TimerEvent: {}
[5.115127] (-) TimerEvent: {}
[5.215470] (-) TimerEvent: {}
[5.315846] (-) TimerEvent: {}
[5.416159] (-) TimerEvent: {}
[5.516462] (-) TimerEvent: {}
[5.616820] (-) TimerEvent: {}
[5.717106] (-) TimerEvent: {}
[5.755714] (gim_arm_hardware) StderrLine: {'line': b'In file included from \x1b[01m\x1b[K/opt/ros/humble/include/pinocchio/multibody/joint.hpp:84\x1b[m\x1b[K,\n'}
[5.756122] (gim_arm_hardware) StderrLine: {'line': b'                 from \x1b[01m\x1b[K/opt/ros/humble/include/pinocchio/multibody.hpp:43\x1b[m\x1b[K,\n'}
[5.756199] (gim_arm_hardware) StderrLine: {'line': b'                 from \x1b[01m\x1b[K/opt/ros/humble/include/pinocchio/parsers/urdf.hpp:27\x1b[m\x1b[K,\n'}
[5.756259] (gim_arm_hardware) StderrLine: {'line': b'                 from \x1b[01m\x1b[K/home/minh/gim60108_ws/src/gim_arm_hardware/include/gim_arm_hardware/gim_arm_system.hpp:25\x1b[m\x1b[K,\n'}
[5.756317] (gim_arm_hardware) StderrLine: {'line': b'                 from \x1b[01m\x1b[K/home/minh/gim60108_ws/src/gim_arm_hardware/src/gim_arm_system.cpp:1\x1b[m\x1b[K:\n'}
[5.756371] (gim_arm_hardware) StderrLine: {'line': b'/opt/ros/humble/include/pinocchio/src/multibody/joint/joint-generic.hxx: In instantiation of \xe2\x80\x98\x1b[01m\x1b[Kpinocchio::JointModelTpl<Scalar, Options, JointCollectionTpl>::JointModelTpl(const pinocchio::JointModelBase<OtherDerived>&) [with JointModelDerived = pinocchio::JointModelFreeFlyerTpl<double>; _Scalar = double; int _Options = 0; JointCollectionTpl = pinocchio::JointCollectionDefaultTpl]\x1b[m\x1b[K\xe2\x80\x99:\n'}
[5.756431] (gim_arm_hardware) StderrLine: {'line': b'\x1b[01m\x1b[K/opt/ros/humble/include/pinocchio/src/parsers/urdf/model.hxx:235:38:\x1b[m\x1b[K   required from here\n'}
[5.756483] (gim_arm_hardware) StderrLine: {'line': b'\x1b[01m\x1b[K/opt/ros/humble/include/pinocchio/src/multibody/joint/joint-generic.hxx:306:25:\x1b[m\x1b[K \x1b[01;31m\x1b[Kerror: \x1b[m\x1b[Kno matching function for call to \xe2\x80\x98\x1b[01m\x1b[Kboost::variant<pinocchio::JointModelRevoluteTpl<double, 0, 0>, pinocchio::JointModelRevoluteTpl<double, 0, 1>, pinocchio::JointModelRevoluteTpl<double, 0, 2>, pinocchio::JointModelFreeFlyerTpl<double, 0>, pinocchio::JointModelPlanarTpl<double, 0>, pinocchio::JointModelRevoluteUnalignedTpl<double, 0>, pinocchio::JointModelSphericalTpl<double, 0>, pinocchio::JointModelSphericalZYXTpl<double, 0>, pinocchio::JointModelEllipsoidTpl<double, 0>, pinocchio::JointModelPrismaticTpl<double, 0, 0>, pinocchio::JointModelPrismaticTpl<double, 0, 1>, pinocchio::JointModelPrismaticTpl<double, 0, 2>, pinocchio::JointModelPrismaticUnalignedTpl<double, 0>, pinocchio::JointModelTranslationTpl<double, 0>, pinocchio::JointModelRevoluteUnboundedTpl<double, 0, 0>, pinocchio::JointModelRevoluteUnboundedTpl<double, 0, 1>, pinocchio::JointModelRevoluteUnboundedTpl<double, 0, 2>, pinocchio::JointModelRevoluteUnboundedUnalignedTpl<double, 0>, pinocchio::JointModelHelicalTpl<double, 0, 0>, pinocchio::JointModelHelicalTpl<double, 0, 1>, pinocchio::JointModelHelicalTpl<double, 0, 2>, pinocchio::JointModelHelicalUnalignedTpl<double, 0>, pinocchio::JointModelUniversalTpl<double, 0>, boost::recursive_wrapper<pinocchio::JointModelCompositeTpl<double, 0, pinocchio::JointCollectionDefaultTpl> >, boost::recursive_wrapper<pinocchio::JointModelMimicTpl<double, 0, pinocchio::JointCollectionDefaultTpl> > >::variant(const JointModelDerived&)\x1b[m\x1b[K\xe2\x80\x99\n'}
[5.756602] (gim_arm_hardware) StderrLine: {'line': b'  306 |     : JointModelVariant(\x1b[01;31m\x1b[K(JointModelVariant)jmodel.derived()\x1b[m\x1b[K)\n'}
[5.756629] (gim_arm_hardware) StderrLine: {'line': b'      |                         \x1b[01;31m\x1b[K^~~~~~~~~~~~~~~~~~~~~~~~~~~~~~~~~~~\x1b[m\x1b[K\n'}
[5.756658] (gim_arm_hardware) StderrLine: {'line': b'In file included from \x1b[01m\x1b[K/usr/include/boost/variant.hpp:17\x1b[m\x1b[K,\n'}
[5.756684] (gim_arm_hardware) StderrLine: {'line': b'                 from \x1b[01m\x1b[K/opt/ros/humble/include/pinocchio/multibody.hpp:21\x1b[m\x1b[K,\n'}
[5.756708] (gim_arm_hardware) StderrLine: {'line': b'                 from \x1b[01m\x1b[K/opt/ros/humble/include/pinocchio/parsers/urdf.hpp:27\x1b[m\x1b[K,\n'}
[5.756733] (gim_arm_hardware) StderrLine: {'line': b'                 from \x1b[01m\x1b[K/home/minh/gim60108_ws/src/gim_arm_hardware/include/gim_arm_hardware/gim_arm_system.hpp:25\x1b[m\x1b[K,\n'}
[5.756758] (gim_arm_hardware) StderrLine: {'line': b'                 from \x1b[01m\x1b[K/home/minh/gim60108_ws/src/gim_arm_hardware/src/gim_arm_system.cpp:1\x1b[m\x1b[K:\n'}
[5.756784] (gim_arm_hardware) StderrLine: {'line': b'\x1b[01m\x1b[K/usr/include/boost/variant/variant.hpp:1770:5:\x1b[m\x1b[K \x1b[01;36m\x1b[Knote: \x1b[m\x1b[Kcandidate: \xe2\x80\x98\x1b[01m\x1b[Kboost::variant<T0, TN>::variant(boost::variant<T0, TN>&&) [with T0_ = pinocchio::JointModelRevoluteTpl<double, 0, 0>; TN = {pinocchio::JointModelRevoluteTpl<double, 0, 1>, pinocchio::JointModelRevoluteTpl<double, 0, 2>, pinocchio::JointModelFreeFlyerTpl<double, 0>, pinocchio::JointModelPlanarTpl<double, 0>, pinocchio::JointModelRevoluteUnalignedTpl<double, 0>, pinocchio::JointModelSphericalTpl<double, 0>, pinocchio::JointModelSphericalZYXTpl<double, 0>, pinocchio::JointModelEllipsoidTpl<double, 0>, pinocchio::JointModelPrismaticTpl<double, 0, 0>, pinocchio::JointModelPrismaticTpl<double, 0, 1>, pinocchio::JointModelPrismaticTpl<double, 0, 2>, pinocchio::JointModelPrismaticUnalignedTpl<double, 0>, pinocchio::JointModelTranslationTpl<double, 0>, pinocchio::JointModelRevoluteUnboundedTpl<double, 0, 0>, pinocchio::JointModelRevoluteUnboundedTpl<double, 0, 1>, pinocchio::JointModelRevoluteUnboundedTpl<double, 0, 2>, pinocchio::JointModelRevoluteUnboundedUnalignedTpl<double, 0>, pinocchio::JointModelHelicalTpl<double, 0, 0>, pinocchio::JointModelHelicalTpl<double, 0, 1>, pinocchio::JointModelHelicalTpl<double, 0, 2>, pinocchio::JointModelHelicalUnalignedTpl<double, 0>, pinocchio::JointModelUniversalTpl<double, 0>, boost::recursive_wrapper<pinocchio::JointModelCompositeTpl<double, 0, pinocchio::JointCollectionDefaultTpl> >, boost::recursive_wrapper<pinocchio::JointModelMimicTpl<double, 0, pinocchio::JointCollectionDefaultTpl> >}]\x1b[m\x1b[K\xe2\x80\x99\n'}
[5.756813] (gim_arm_hardware) StderrLine: {'line': b' 1770 |     \x1b[01;36m\x1b[Kvariant\x1b[m\x1b[K(variant&& operand) BOOST_NOEXCEPT_IF(variant_move_noexcept_constructible::type::value)\n'}
[5.756839] (gim_arm_hardware) StderrLine: {'line': b'      |     \x1b[01;36m\x1b[K^~~~~~~\x1b[m\x1b[K\n'}
[5.756864] (gim_arm_hardware) StderrLine: {'line': b'\x1b[01m\x1b[K/usr/include/boost/variant/variant.hpp:1770:23:\x1b[m\x1b[K \x1b[01;36m\x1b[Knote: \x1b[m\x1b[K  no known conversion for argument 1 from \xe2\x80\x98\x1b[01m\x1b[Kconst JointModelDerived\x1b[m\x1b[K\xe2\x80\x99 {aka \xe2\x80\x98\x1b[01m\x1b[Kconst pinocchio::JointModelFreeFlyerTpl<double>\x1b[m\x1b[K\xe2\x80\x99} to \xe2\x80\x98\x1b[01m\x1b[Kboost::variant<pinocchio::JointModelRevoluteTpl<double, 0, 0>, pinocchio::JointModelRevoluteTpl<double, 0, 1>, pinocchio::JointModelRevoluteTpl<double, 0, 2>, pinocchio::JointModelFreeFlyerTpl<double, 0>, pinocchio::JointModelPlanarTpl<double, 0>, pinocchio::JointModelRevoluteUnalignedTpl<double, 0>, pinocchio::JointModelSphericalTpl<double, 0>, pinocchio::JointModelSphericalZYXTpl<double, 0>, pinocchio::JointModelEllipsoidTpl<double, 0>, pinocchio::JointModelPrismaticTpl<double, 0, 0>, pinocchio::JointModelPrismaticTpl<double, 0, 1>, pinocchio::JointModelPrismaticTpl<double, 0, 2>, pinocchio::JointModelPrismaticUnalignedTpl<double, 0>, pinocchio::JointModelTranslationTpl<double, 0>, pinocchio::JointModelRevoluteUnboundedTpl<double, 0, 0>, pinocchio::JointModelRevoluteUnboundedTpl<double, 0, 1>, pinocchio::JointModelRevoluteUnboundedTpl<double, 0, 2>, pinocchio::JointModelRevoluteUnboundedUnalignedTpl<double, 0>, pinocchio::JointModelHelicalTpl<double, 0, 0>, pinocchio::JointModelHelicalTpl<double, 0, 1>, pinocchio::JointModelHelicalTpl<double, 0, 2>, pinocchio::JointModelHelicalUnalignedTpl<double, 0>, pinocchio::JointModelUniversalTpl<double, 0>, boost::recursive_wrapper<pinocchio::JointModelCompositeTpl<double, 0, pinocchio::JointCollectionDefaultTpl> >, boost::recursive_wrapper<pinocchio::JointModelMimicTpl<double, 0, pinocchio::JointCollectionDefaultTpl> > >&&\x1b[m\x1b[K\xe2\x80\x99\n'}
[5.756909] (gim_arm_hardware) StderrLine: {'line': b' 1770 |     variant(\x1b[01;36m\x1b[Kvariant&& operand\x1b[m\x1b[K) BOOST_NOEXCEPT_IF(variant_move_noexcept_constructible::type::value)\n'}
[5.756933] (gim_arm_hardware) StderrLine: {'line': b'      |             \x1b[01;36m\x1b[K~~~~~~~~~~^~~~~~~\x1b[m\x1b[K\n'}
[5.756963] (gim_arm_hardware) StderrLine: {'line': b'\x1b[01m\x1b[K/usr/include/boost/variant/variant.hpp:1759:5:\x1b[m\x1b[K \x1b[01;36m\x1b[Knote: \x1b[m\x1b[Kcandidate: \xe2\x80\x98\x1b[01m\x1b[Kboost::variant<T0, TN>::variant(const boost::variant<T0, TN>&) [with T0_ = pinocchio::JointModelRevoluteTpl<double, 0, 0>; TN = {pinocchio::JointModelRevoluteTpl<double, 0, 1>, pinocchio::JointModelRevoluteTpl<double, 0, 2>, pinocchio::JointModelFreeFlyerTpl<double, 0>, pinocchio::JointModelPlanarTpl<double, 0>, pinocchio::JointModelRevoluteUnalignedTpl<double, 0>, pinocchio::JointModelSphericalTpl<double, 0>, pinocchio::JointModelSphericalZYXTpl<double, 0>, pinocchio::JointModelEllipsoidTpl<double, 0>, pinocchio::JointModelPrismaticTpl<double, 0, 0>, pinocchio::JointModelPrismaticTpl<double, 0, 1>, pinocchio::JointModelPrismaticTpl<double, 0, 2>, pinocchio::JointModelPrismaticUnalignedTpl<double, 0>, pinocchio::JointModelTranslationTpl<double, 0>, pinocchio::JointModelRevoluteUnboundedTpl<double, 0, 0>, pinocchio::JointModelRevoluteUnboundedTpl<double, 0, 1>, pinocchio::JointModelRevoluteUnboundedTpl<double, 0, 2>, pinocchio::JointModelRevoluteUnboundedUnalignedTpl<double, 0>, pinocchio::JointModelHelicalTpl<double, 0, 0>, pinocchio::JointModelHelicalTpl<double, 0, 1>, pinocchio::JointModelHelicalTpl<double, 0, 2>, pinocchio::JointModelHelicalUnalignedTpl<double, 0>, pinocchio::JointModelUniversalTpl<double, 0>, boost::recursive_wrapper<pinocchio::JointModelCompositeTpl<double, 0, pinocchio::JointCollectionDefaultTpl> >, boost::recursive_wrapper<pinocchio::JointModelMimicTpl<double, 0, pinocchio::JointCollectionDefaultTpl> >}]\x1b[m\x1b[K\xe2\x80\x99\n'}
[5.756993] (gim_arm_hardware) StderrLine: {'line': b' 1759 |     \x1b[01;36m\x1b[Kvariant\x1b[m\x1b[K(const variant& operand)\n'}
[5.757017] (gim_arm_hardware) StderrLine: {'line': b'      |     \x1b[01;36m\x1b[K^~~~~~~\x1b[m\x1b[K\n'}
[5.757042] (gim_arm_hardware) StderrLine: {'line': b'\x1b[01m\x1b[K/usr/include/boost/variant/variant.hpp:1759:28:\x1b[m\x1b[K \x1b[01;36m\x1b[Knote: \x1b[m\x1b[K  no known conversion for argument 1 from \xe2\x80\x98\x1b[01m\x1b[Kconst JointModelDerived\x1b[m\x1b[K\xe2\x80\x99 {aka \xe2\x80\x98\x1b[01m\x1b[Kconst pinocchio::JointModelFreeFlyerTpl<double>\x1b[m\x1b[K\xe2\x80\x99} to \xe2\x80\x98\x1b[01m\x1b[Kconst boost::variant<pinocchio::JointModelRevoluteTpl<double, 0, 0>, pinocchio::JointModelRevoluteTpl<double, 0, 1>, pinocchio::JointModelRevoluteTpl<double, 0, 2>, pinocchio::JointModelFreeFlyerTpl<double, 0>, pinocchio::JointModelPlanarTpl<double, 0>, pinocchio::JointModelRevoluteUnalignedTpl<double, 0>, pinocchio::JointModelSphericalTpl<double, 0>, pinocchio::JointModelSphericalZYXTpl<double, 0>, pinocchio::JointModelEllipsoidTpl<double, 0>, pinocchio::JointModelPrismaticTpl<double, 0, 0>, pinocchio::JointModelPrismaticTpl<double, 0, 1>, pinocchio::JointModelPrismaticTpl<double, 0, 2>, pinocchio::JointModelPrismaticUnalignedTpl<double, 0>, pinocchio::JointModelTranslationTpl<double, 0>, pinocchio::JointModelRevoluteUnboundedTpl<double, 0, 0>, pinocchio::JointModelRevoluteUnboundedTpl<double, 0, 1>, pinocchio::JointModelRevoluteUnboundedTpl<double, 0, 2>, pinocchio::JointModelRevoluteUnboundedUnalignedTpl<double, 0>, pinocchio::JointModelHelicalTpl<double, 0, 0>, pinocchio::JointModelHelicalTpl<double, 0, 1>, pinocchio::JointModelHelicalTpl<double, 0, 2>, pinocchio::JointModelHelicalUnalignedTpl<double, 0>, pinocchio::JointModelUniversalTpl<double, 0>, boost::recursive_wrapper<pinocchio::JointModelCompositeTpl<double, 0, pinocchio::JointCollectionDefaultTpl> >, boost::recursive_wrapper<pinocchio::JointModelMimicTpl<double, 0, pinocchio::JointCollectionDefaultTpl> > >&\x1b[m\x1b[K\xe2\x80\x99\n'}
[5.757099] (gim_arm_hardware) StderrLine: {'line': b' 1759 |     variant(\x1b[01;36m\x1b[Kconst variant& operand\x1b[m\x1b[K)\n'}
[5.757123] (gim_arm_hardware) StderrLine: {'line': b'      |             \x1b[01;36m\x1b[K~~~~~~~~~~~~~~~^~~~~~~\x1b[m\x1b[K\n'}
[5.757148] (gim_arm_hardware) StderrLine: {'line': b'\x1b[01m\x1b[K/usr/include/boost/variant/variant.hpp:1375:5:\x1b[m\x1b[K \x1b[01;36m\x1b[Knote: \x1b[m\x1b[Kcandidate: \xe2\x80\x98\x1b[01m\x1b[Kboost::variant<T0, TN>::variant() [with T0_ = pinocchio::JointModelRevoluteTpl<double, 0, 0>; TN = {pinocchio::JointModelRevoluteTpl<double, 0, 1>, pinocchio::JointModelRevoluteTpl<double, 0, 2>, pinocchio::JointModelFreeFlyerTpl<double, 0>, pinocchio::JointModelPlanarTpl<double, 0>, pinocchio::JointModelRevoluteUnalignedTpl<double, 0>, pinocchio::JointModelSphericalTpl<double, 0>, pinocchio::JointModelSphericalZYXTpl<double, 0>, pinocchio::JointModelEllipsoidTpl<double, 0>, pinocchio::JointModelPrismaticTpl<double, 0, 0>, pinocchio::JointModelPrismaticTpl<double, 0, 1>, pinocchio::JointModelPrismaticTpl<double, 0, 2>, pinocchio::JointModelPrismaticUnalignedTpl<double, 0>, pinocchio::JointModelTranslationTpl<double, 0>, pinocchio::JointModelRevoluteUnboundedTpl<double, 0, 0>, pinocchio::JointModelRevoluteUnboundedTpl<double, 0, 1>, pinocchio::JointModelRevoluteUnboundedTpl<double, 0, 2>, pinocchio::JointModelRevoluteUnboundedUnalignedTpl<double, 0>, pinocchio::JointModelHelicalTpl<double, 0, 0>, pinocchio::JointModelHelicalTpl<double, 0, 1>, pinocchio::JointModelHelicalTpl<double, 0, 2>, pinocchio::JointModelHelicalUnalignedTpl<double, 0>, pinocchio::JointModelUniversalTpl<double, 0>, boost::recursive_wrapper<pinocchio::JointModelCompositeTpl<double, 0, pinocchio::JointCollectionDefaultTpl> >, boost::recursive_wrapper<pinocchio::JointModelMimicTpl<double, 0, pinocchio::JointCollectionDefaultTpl> >}]\x1b[m\x1b[K\xe2\x80\x99\n'}
[5.757181] (gim_arm_hardware) StderrLine: {'line': b' 1375 |     \x1b[01;36m\x1b[Kvariant\x1b[m\x1b[K()\n'}
[5.757206] (gim_arm_hardware) StderrLine: {'line': b'      |     \x1b[01;36m\x1b[K^~~~~~~\x1b[m\x1b[K\n'}
[5.757230] (gim_arm_hardware) StderrLine: {'line': b'\x1b[01m\x1b[K/usr/include/boost/variant/variant.hpp:1375:5:\x1b[m\x1b[K \x1b[01;36m\x1b[Knote: \x1b[m\x1b[K  candidate expects 0 arguments, 1 provided\n'}
[5.800832] (gim_arm_hardware) StderrLine: {'line': b'In file included from \x1b[01m\x1b[K/opt/ros/humble/include/pinocchio/multibody/joint.hpp:84\x1b[m\x1b[K,\n'}
[5.801059] (gim_arm_hardware) StderrLine: {'line': b'                 from \x1b[01m\x1b[K/opt/ros/humble/include/pinocchio/multibody.hpp:43\x1b[m\x1b[K,\n'}
[5.801166] (gim_arm_hardware) StderrLine: {'line': b'                 from \x1b[01m\x1b[K/opt/ros/humble/include/pinocchio/parsers/urdf.hpp:27\x1b[m\x1b[K,\n'}
[5.801787] (gim_arm_hardware) StderrLine: {'line': b'                 from \x1b[01m\x1b[K/home/minh/gim60108_ws/src/gim_arm_hardware/include/gim_arm_hardware/gim_arm_system.hpp:25\x1b[m\x1b[K,\n'}
[5.801902] (gim_arm_hardware) StderrLine: {'line': b'                 from \x1b[01m\x1b[K/home/minh/gim60108_ws/src/gim_arm_hardware/src/gim_arm_system.cpp:1\x1b[m\x1b[K:\n'}
[5.801984] (gim_arm_hardware) StderrLine: {'line': b'/opt/ros/humble/include/pinocchio/src/multibody/joint/joint-generic.hxx: In instantiation of \xe2\x80\x98\x1b[01m\x1b[Kpinocchio::JointModelTpl<Scalar, Options, JointCollectionTpl>::JointModelTpl(const pinocchio::JointModelBase<OtherDerived>&) [with JointModelDerived = pinocchio::JointModelPlanarTpl<double>; _Scalar = double; int _Options = 0; JointCollectionTpl = pinocchio::JointCollectionDefaultTpl]\x1b[m\x1b[K\xe2\x80\x99:\n'}
[5.802061] (gim_arm_hardware) StderrLine: {'line': b'\x1b[01m\x1b[K/opt/ros/humble/include/pinocchio/src/parsers/urdf/model.hxx:269:38:\x1b[m\x1b[K   required from here\n'}
[5.802113] (gim_arm_hardware) StderrLine: {'line': b'\x1b[01m\x1b[K/opt/ros/humble/include/pinocchio/src/multibody/joint/joint-generic.hxx:306:25:\x1b[m\x1b[K \x1b[01;31m\x1b[Kerror: \x1b[m\x1b[Kno matching function for call to \xe2\x80\x98\x1b[01m\x1b[Kboost::variant<pinocchio::JointModelRevoluteTpl<double, 0, 0>, pinocchio::JointModelRevoluteTpl<double, 0, 1>, pinocchio::JointModelRevoluteTpl<double, 0, 2>, pinocchio::JointModelFreeFlyerTpl<double, 0>, pinocchio::JointModelPlanarTpl<double, 0>, pinocchio::JointModelRevoluteUnalignedTpl<double, 0>, pinocchio::JointModelSphericalTpl<double, 0>, pinocchio::JointModelSphericalZYXTpl<double, 0>, pinocchio::JointModelEllipsoidTpl<double, 0>, pinocchio::JointModelPrismaticTpl<double, 0, 0>, pinocchio::JointModelPrismaticTpl<double, 0, 1>, pinocchio::JointModelPrismaticTpl<double, 0, 2>, pinocchio::JointModelPrismaticUnalignedTpl<double, 0>, pinocchio::JointModelTranslationTpl<double, 0>, pinocchio::JointModelRevoluteUnboundedTpl<double, 0, 0>, pinocchio::JointModelRevoluteUnboundedTpl<double, 0, 1>, pinocchio::JointModelRevoluteUnboundedTpl<double, 0, 2>, pinocchio::JointModelRevoluteUnboundedUnalignedTpl<double, 0>, pinocchio::JointModelHelicalTpl<double, 0, 0>, pinocchio::JointModelHelicalTpl<double, 0, 1>, pinocchio::JointModelHelicalTpl<double, 0, 2>, pinocchio::JointModelHelicalUnalignedTpl<double, 0>, pinocchio::JointModelUniversalTpl<double, 0>, boost::recursive_wrapper<pinocchio::JointModelCompositeTpl<double, 0, pinocchio::JointCollectionDefaultTpl> >, boost::recursive_wrapper<pinocchio::JointModelMimicTpl<double, 0, pinocchio::JointCollectionDefaultTpl> > >::variant(const JointModelDerived&)\x1b[m\x1b[K\xe2\x80\x99\n'}
[5.802161] (gim_arm_hardware) StderrLine: {'line': b'  306 |     : JointModelVariant(\x1b[01;31m\x1b[K(JointModelVariant)jmodel.derived()\x1b[m\x1b[K)\n'}
[5.802190] (gim_arm_hardware) StderrLine: {'line': b'      |                         \x1b[01;31m\x1b[K^~~~~~~~~~~~~~~~~~~~~~~~~~~~~~~~~~~\x1b[m\x1b[K\n'}
[5.802216] (gim_arm_hardware) StderrLine: {'line': b'In file included from \x1b[01m\x1b[K/usr/include/boost/variant.hpp:17\x1b[m\x1b[K,\n'}
[5.802241] (gim_arm_hardware) StderrLine: {'line': b'                 from \x1b[01m\x1b[K/opt/ros/humble/include/pinocchio/multibody.hpp:21\x1b[m\x1b[K,\n'}
[5.802265] (gim_arm_hardware) StderrLine: {'line': b'                 from \x1b[01m\x1b[K/opt/ros/humble/include/pinocchio/parsers/urdf.hpp:27\x1b[m\x1b[K,\n'}
[5.802293] (gim_arm_hardware) StderrLine: {'line': b'                 from \x1b[01m\x1b[K/home/minh/gim60108_ws/src/gim_arm_hardware/include/gim_arm_hardware/gim_arm_system.hpp:25\x1b[m\x1b[K,\n'}
[5.802318] (gim_arm_hardware) StderrLine: {'line': b'                 from \x1b[01m\x1b[K/home/minh/gim60108_ws/src/gim_arm_hardware/src/gim_arm_system.cpp:1\x1b[m\x1b[K:\n'}
[5.802342] (gim_arm_hardware) StderrLine: {'line': b'\x1b[01m\x1b[K/usr/include/boost/variant/variant.hpp:1770:5:\x1b[m\x1b[K \x1b[01;36m\x1b[Knote: \x1b[m\x1b[Kcandidate: \xe2\x80\x98\x1b[01m\x1b[Kboost::variant<T0, TN>::variant(boost::variant<T0, TN>&&) [with T0_ = pinocchio::JointModelRevoluteTpl<double, 0, 0>; TN = {pinocchio::JointModelRevoluteTpl<double, 0, 1>, pinocchio::JointModelRevoluteTpl<double, 0, 2>, pinocchio::JointModelFreeFlyerTpl<double, 0>, pinocchio::JointModelPlanarTpl<double, 0>, pinocchio::JointModelRevoluteUnalignedTpl<double, 0>, pinocchio::JointModelSphericalTpl<double, 0>, pinocchio::JointModelSphericalZYXTpl<double, 0>, pinocchio::JointModelEllipsoidTpl<double, 0>, pinocchio::JointModelPrismaticTpl<double, 0, 0>, pinocchio::JointModelPrismaticTpl<double, 0, 1>, pinocchio::JointModelPrismaticTpl<double, 0, 2>, pinocchio::JointModelPrismaticUnalignedTpl<double, 0>, pinocchio::JointModelTranslationTpl<double, 0>, pinocchio::JointModelRevoluteUnboundedTpl<double, 0, 0>, pinocchio::JointModelRevoluteUnboundedTpl<double, 0, 1>, pinocchio::JointModelRevoluteUnboundedTpl<double, 0, 2>, pinocchio::JointModelRevoluteUnboundedUnalignedTpl<double, 0>, pinocchio::JointModelHelicalTpl<double, 0, 0>, pinocchio::JointModelHelicalTpl<double, 0, 1>, pinocchio::JointModelHelicalTpl<double, 0, 2>, pinocchio::JointModelHelicalUnalignedTpl<double, 0>, pinocchio::JointModelUniversalTpl<double, 0>, boost::recursive_wrapper<pinocchio::JointModelCompositeTpl<double, 0, pinocchio::JointCollectionDefaultTpl> >, boost::recursive_wrapper<pinocchio::JointModelMimicTpl<double, 0, pinocchio::JointCollectionDefaultTpl> >}]\x1b[m\x1b[K\xe2\x80\x99\n'}
[5.802378] (gim_arm_hardware) StderrLine: {'line': b' 1770 |     \x1b[01;36m\x1b[Kvariant\x1b[m\x1b[K(variant&& operand) BOOST_NOEXCEPT_IF(variant_move_noexcept_constructible::type::value)\n'}
[5.802403] (gim_arm_hardware) StderrLine: {'line': b'      |     \x1b[01;36m\x1b[K^~~~~~~\x1b[m\x1b[K\n'}
[5.802427] (gim_arm_hardware) StderrLine: {'line': b'\x1b[01m\x1b[K/usr/include/boost/variant/variant.hpp:1770:23:\x1b[m\x1b[K \x1b[01;36m\x1b[Knote: \x1b[m\x1b[K  no known conversion for argument 1 from \xe2\x80\x98\x1b[01m\x1b[Kconst JointModelDerived\x1b[m\x1b[K\xe2\x80\x99 {aka \xe2\x80\x98\x1b[01m\x1b[Kconst pinocchio::JointModelPlanarTpl<double>\x1b[m\x1b[K\xe2\x80\x99} to \xe2\x80\x98\x1b[01m\x1b[Kboost::variant<pinocchio::JointModelRevoluteTpl<double, 0, 0>, pinocchio::JointModelRevoluteTpl<double, 0, 1>, pinocchio::JointModelRevoluteTpl<double, 0, 2>, pinocchio::JointModelFreeFlyerTpl<double, 0>, pinocchio::JointModelPlanarTpl<double, 0>, pinocchio::JointModelRevoluteUnalignedTpl<double, 0>, pinocchio::JointModelSphericalTpl<double, 0>, pinocchio::JointModelSphericalZYXTpl<double, 0>, pinocchio::JointModelEllipsoidTpl<double, 0>, pinocchio::JointModelPrismaticTpl<double, 0, 0>, pinocchio::JointModelPrismaticTpl<double, 0, 1>, pinocchio::JointModelPrismaticTpl<double, 0, 2>, pinocchio::JointModelPrismaticUnalignedTpl<double, 0>, pinocchio::JointModelTranslationTpl<double, 0>, pinocchio::JointModelRevoluteUnboundedTpl<double, 0, 0>, pinocchio::JointModelRevoluteUnboundedTpl<double, 0, 1>, pinocchio::JointModelRevoluteUnboundedTpl<double, 0, 2>, pinocchio::JointModelRevoluteUnboundedUnalignedTpl<double, 0>, pinocchio::JointModelHelicalTpl<double, 0, 0>, pinocchio::JointModelHelicalTpl<double, 0, 1>, pinocchio::JointModelHelicalTpl<double, 0, 2>, pinocchio::JointModelHelicalUnalignedTpl<double, 0>, pinocchio::JointModelUniversalTpl<double, 0>, boost::recursive_wrapper<pinocchio::JointModelCompositeTpl<double, 0, pinocchio::JointCollectionDefaultTpl> >, boost::recursive_wrapper<pinocchio::JointModelMimicTpl<double, 0, pinocchio::JointCollectionDefaultTpl> > >&&\x1b[m\x1b[K\xe2\x80\x99\n'}
[5.802464] (gim_arm_hardware) StderrLine: {'line': b' 1770 |     variant(\x1b[01;36m\x1b[Kvariant&& operand\x1b[m\x1b[K) BOOST_NOEXCEPT_IF(variant_move_noexcept_constructible::type::value)\n'}
[5.802489] (gim_arm_hardware) StderrLine: {'line': b'      |             \x1b[01;36m\x1b[K~~~~~~~~~~^~~~~~~\x1b[m\x1b[K\n'}
[5.802520] (gim_arm_hardware) StderrLine: {'line': b'\x1b[01m\x1b[K/usr/include/boost/variant/variant.hpp:1759:5:\x1b[m\x1b[K \x1b[01;36m\x1b[Knote: \x1b[m\x1b[Kcandidate: \xe2\x80\x98\x1b[01m\x1b[Kboost::variant<T0, TN>::variant(const boost::variant<T0, TN>&) [with T0_ = pinocchio::JointModelRevoluteTpl<double, 0, 0>; TN = {pinocchio::JointModelRevoluteTpl<double, 0, 1>, pinocchio::JointModelRevoluteTpl<double, 0, 2>, pinocchio::JointModelFreeFlyerTpl<double, 0>, pinocchio::JointModelPlanarTpl<double, 0>, pinocchio::JointModelRevoluteUnalignedTpl<double, 0>, pinocchio::JointModelSphericalTpl<double, 0>, pinocchio::JointModelSphericalZYXTpl<double, 0>, pinocchio::JointModelEllipsoidTpl<double, 0>, pinocchio::JointModelPrismaticTpl<double, 0, 0>, pinocchio::JointModelPrismaticTpl<double, 0, 1>, pinocchio::JointModelPrismaticTpl<double, 0, 2>, pinocchio::JointModelPrismaticUnalignedTpl<double, 0>, pinocchio::JointModelTranslationTpl<double, 0>, pinocchio::JointModelRevoluteUnboundedTpl<double, 0, 0>, pinocchio::JointModelRevoluteUnboundedTpl<double, 0, 1>, pinocchio::JointModelRevoluteUnboundedTpl<double, 0, 2>, pinocchio::JointModelRevoluteUnboundedUnalignedTpl<double, 0>, pinocchio::JointModelHelicalTpl<double, 0, 0>, pinocchio::JointModelHelicalTpl<double, 0, 1>, pinocchio::JointModelHelicalTpl<double, 0, 2>, pinocchio::JointModelHelicalUnalignedTpl<double, 0>, pinocchio::JointModelUniversalTpl<double, 0>, boost::recursive_wrapper<pinocchio::JointModelCompositeTpl<double, 0, pinocchio::JointCollectionDefaultTpl> >, boost::recursive_wrapper<pinocchio::JointModelMimicTpl<double, 0, pinocchio::JointCollectionDefaultTpl> >}]\x1b[m\x1b[K\xe2\x80\x99\n'}
[5.802561] (gim_arm_hardware) StderrLine: {'line': b' 1759 |     \x1b[01;36m\x1b[Kvariant\x1b[m\x1b[K(const variant& operand)\n'}
[5.802585] (gim_arm_hardware) StderrLine: {'line': b'      |     \x1b[01;36m\x1b[K^~~~~~~\x1b[m\x1b[K\n'}
[5.802610] (gim_arm_hardware) StderrLine: {'line': b'\x1b[01m\x1b[K/usr/include/boost/variant/variant.hpp:1759:28:\x1b[m\x1b[K \x1b[01;36m\x1b[Knote: \x1b[m\x1b[K  no known conversion for argument 1 from \xe2\x80\x98\x1b[01m\x1b[Kconst JointModelDerived\x1b[m\x1b[K\xe2\x80\x99 {aka \xe2\x80\x98\x1b[01m\x1b[Kconst pinocchio::JointModelPlanarTpl<double>\x1b[m\x1b[K\xe2\x80\x99} to \xe2\x80\x98\x1b[01m\x1b[Kconst boost::variant<pinocchio::JointModelRevoluteTpl<double, 0, 0>, pinocchio::JointModelRevoluteTpl<double, 0, 1>, pinocchio::JointModelRevoluteTpl<double, 0, 2>, pinocchio::JointModelFreeFlyerTpl<double, 0>, pinocchio::JointModelPlanarTpl<double, 0>, pinocchio::JointModelRevoluteUnalignedTpl<double, 0>, pinocchio::JointModelSphericalTpl<double, 0>, pinocchio::JointModelSphericalZYXTpl<double, 0>, pinocchio::JointModelEllipsoidTpl<double, 0>, pinocchio::JointModelPrismaticTpl<double, 0, 0>, pinocchio::JointModelPrismaticTpl<double, 0, 1>, pinocchio::JointModelPrismaticTpl<double, 0, 2>, pinocchio::JointModelPrismaticUnalignedTpl<double, 0>, pinocchio::JointModelTranslationTpl<double, 0>, pinocchio::JointModelRevoluteUnboundedTpl<double, 0, 0>, pinocchio::JointModelRevoluteUnboundedTpl<double, 0, 1>, pinocchio::JointModelRevoluteUnboundedTpl<double, 0, 2>, pinocchio::JointModelRevoluteUnboundedUnalignedTpl<double, 0>, pinocchio::JointModelHelicalTpl<double, 0, 0>, pinocchio::JointModelHelicalTpl<double, 0, 1>, pinocchio::JointModelHelicalTpl<double, 0, 2>, pinocchio::JointModelHelicalUnalignedTpl<double, 0>, pinocchio::JointModelUniversalTpl<double, 0>, boost::recursive_wrapper<pinocchio::JointModelCompositeTpl<double, 0, pinocchio::JointCollectionDefaultTpl> >, boost::recursive_wrapper<pinocchio::JointModelMimicTpl<double, 0, pinocchio::JointCollectionDefaultTpl> > >&\x1b[m\x1b[K\xe2\x80\x99\n'}
[5.802647] (gim_arm_hardware) StderrLine: {'line': b' 1759 |     variant(\x1b[01;36m\x1b[Kconst variant& operand\x1b[m\x1b[K)\n'}
[5.802672] (gim_arm_hardware) StderrLine: {'line': b'      |             \x1b[01;36m\x1b[K~~~~~~~~~~~~~~~^~~~~~~\x1b[m\x1b[K\n'}
[5.802696] (gim_arm_hardware) StderrLine: {'line': b'\x1b[01m\x1b[K/usr/include/boost/variant/variant.hpp:1375:5:\x1b[m\x1b[K \x1b[01;36m\x1b[Knote: \x1b[m\x1b[Kcandidate: \xe2\x80\x98\x1b[01m\x1b[Kboost::variant<T0, TN>::variant() [with T0_ = pinocchio::JointModelRevoluteTpl<double, 0, 0>; TN = {pinocchio::JointModelRevoluteTpl<double, 0, 1>, pinocchio::JointModelRevoluteTpl<double, 0, 2>, pinocchio::JointModelFreeFlyerTpl<double, 0>, pinocchio::JointModelPlanarTpl<double, 0>, pinocchio::JointModelRevoluteUnalignedTpl<double, 0>, pinocchio::JointModelSphericalTpl<double, 0>, pinocchio::JointModelSphericalZYXTpl<double, 0>, pinocchio::JointModelEllipsoidTpl<double, 0>, pinocchio::JointModelPrismaticTpl<double, 0, 0>, pinocchio::JointModelPrismaticTpl<double, 0, 1>, pinocchio::JointModelPrismaticTpl<double, 0, 2>, pinocchio::JointModelPrismaticUnalignedTpl<double, 0>, pinocchio::JointModelTranslationTpl<double, 0>, pinocchio::JointModelRevoluteUnboundedTpl<double, 0, 0>, pinocchio::JointModelRevoluteUnboundedTpl<double, 0, 1>, pinocchio::JointModelRevoluteUnboundedTpl<double, 0, 2>, pinocchio::JointModelRevoluteUnboundedUnalignedTpl<double, 0>, pinocchio::JointModelHelicalTpl<double, 0, 0>, pinocchio::JointModelHelicalTpl<double, 0, 1>, pinocchio::JointModelHelicalTpl<double, 0, 2>, pinocchio::JointModelHelicalUnalignedTpl<double, 0>, pinocchio::JointModelUniversalTpl<double, 0>, boost::recursive_wrapper<pinocchio::JointModelCompositeTpl<double, 0, pinocchio::JointCollectionDefaultTpl> >, boost::recursive_wrapper<pinocchio::JointModelMimicTpl<double, 0, pinocchio::JointCollectionDefaultTpl> >}]\x1b[m\x1b[K\xe2\x80\x99\n'}
[5.802731] (gim_arm_hardware) StderrLine: {'line': b' 1375 |     \x1b[01;36m\x1b[Kvariant\x1b[m\x1b[K()\n'}
[5.802755] (gim_arm_hardware) StderrLine: {'line': b'      |     \x1b[01;36m\x1b[K^~~~~~~\x1b[m\x1b[K\n'}
[5.802779] (gim_arm_hardware) StderrLine: {'line': b'\x1b[01m\x1b[K/usr/include/boost/variant/variant.hpp:1375:5:\x1b[m\x1b[K \x1b[01;36m\x1b[Knote: \x1b[m\x1b[K  candidate expects 0 arguments, 1 provided\n'}
[5.802804] (gim_arm_hardware) StderrLine: {'line': b'In file included from \x1b[01m\x1b[K/opt/ros/humble/include/pinocchio/multibody/joint.hpp:84\x1b[m\x1b[K,\n'}
[5.802828] (gim_arm_hardware) StderrLine: {'line': b'                 from \x1b[01m\x1b[K/opt/ros/humble/include/pinocchio/multibody.hpp:43\x1b[m\x1b[K,\n'}
[5.802852] (gim_arm_hardware) StderrLine: {'line': b'                 from \x1b[01m\x1b[K/opt/ros/humble/include/pinocchio/parsers/urdf.hpp:27\x1b[m\x1b[K,\n'}
[5.802876] (gim_arm_hardware) StderrLine: {'line': b'                 from \x1b[01m\x1b[K/home/minh/gim60108_ws/src/gim_arm_hardware/include/gim_arm_hardware/gim_arm_system.hpp:25\x1b[m\x1b[K,\n'}
[5.802900] (gim_arm_hardware) StderrLine: {'line': b'                 from \x1b[01m\x1b[K/home/minh/gim60108_ws/src/gim_arm_hardware/src/gim_arm_system.cpp:1\x1b[m\x1b[K:\n'}
[5.802926] (gim_arm_hardware) StderrLine: {'line': b'/opt/ros/humble/include/pinocchio/src/multibody/joint/joint-generic.hxx: In instantiation of \xe2\x80\x98\x1b[01m\x1b[Kpinocchio::JointModelTpl<Scalar, Options, JointCollectionTpl>::JointModelTpl(const pinocchio::JointModelBase<OtherDerived>&) [with JointModelDerived = pinocchio::JointModelSphericalTpl<double>; _Scalar = double; int _Options = 0; JointCollectionTpl = pinocchio::JointCollectionDefaultTpl]\x1b[m\x1b[K\xe2\x80\x99:\n'}
[5.802952] (gim_arm_hardware) StderrLine: {'line': b'\x1b[01m\x1b[K/opt/ros/humble/include/pinocchio/src/parsers/urdf/model.hxx:276:38:\x1b[m\x1b[K   required from here\n'}
[5.802976] (gim_arm_hardware) StderrLine: {'line': b'\x1b[01m\x1b[K/opt/ros/humble/include/pinocchio/src/multibody/joint/joint-generic.hxx:306:25:\x1b[m\x1b[K \x1b[01;31m\x1b[Kerror: \x1b[m\x1b[Kno matching function for call to \xe2\x80\x98\x1b[01m\x1b[Kboost::variant<pinocchio::JointModelRevoluteTpl<double, 0, 0>, pinocchio::JointModelRevoluteTpl<double, 0, 1>, pinocchio::JointModelRevoluteTpl<double, 0, 2>, pinocchio::JointModelFreeFlyerTpl<double, 0>, pinocchio::JointModelPlanarTpl<double, 0>, pinocchio::JointModelRevoluteUnalignedTpl<double, 0>, pinocchio::JointModelSphericalTpl<double, 0>, pinocchio::JointModelSphericalZYXTpl<double, 0>, pinocchio::JointModelEllipsoidTpl<double, 0>, pinocchio::JointModelPrismaticTpl<double, 0, 0>, pinocchio::JointModelPrismaticTpl<double, 0, 1>, pinocchio::JointModelPrismaticTpl<double, 0, 2>, pinocchio::JointModelPrismaticUnalignedTpl<double, 0>, pinocchio::JointModelTranslationTpl<double, 0>, pinocchio::JointModelRevoluteUnboundedTpl<double, 0, 0>, pinocchio::JointModelRevoluteUnboundedTpl<double, 0, 1>, pinocchio::JointModelRevoluteUnboundedTpl<double, 0, 2>, pinocchio::JointModelRevoluteUnboundedUnalignedTpl<double, 0>, pinocchio::JointModelHelicalTpl<double, 0, 0>, pinocchio::JointModelHelicalTpl<double, 0, 1>, pinocchio::JointModelHelicalTpl<double, 0, 2>, pinocchio::JointModelHelicalUnalignedTpl<double, 0>, pinocchio::JointModelUniversalTpl<double, 0>, boost::recursive_wrapper<pinocchio::JointModelCompositeTpl<double, 0, pinocchio::JointCollectionDefaultTpl> >, boost::recursive_wrapper<pinocchio::JointModelMimicTpl<double, 0, pinocchio::JointCollectionDefaultTpl> > >::variant(const JointModelDerived&)\x1b[m\x1b[K\xe2\x80\x99\n'}
[5.803016] (gim_arm_hardware) StderrLine: {'line': b'  306 |     : JointModelVariant(\x1b[01;31m\x1b[K(JointModelVariant)jmodel.derived()\x1b[m\x1b[K)\n'}
[5.803040] (gim_arm_hardware) StderrLine: {'line': b'      |                         \x1b[01;31m\x1b[K^~~~~~~~~~~~~~~~~~~~~~~~~~~~~~~~~~~\x1b[m\x1b[K\n'}
[5.803064] (gim_arm_hardware) StderrLine: {'line': b'In file included from \x1b[01m\x1b[K/usr/include/boost/variant.hpp:17\x1b[m\x1b[K,\n'}
[5.803089] (gim_arm_hardware) StderrLine: {'line': b'                 from \x1b[01m\x1b[K/opt/ros/humble/include/pinocchio/multibody.hpp:21\x1b[m\x1b[K,\n'}
[5.803114] (gim_arm_hardware) StderrLine: {'line': b'                 from \x1b[01m\x1b[K/opt/ros/humble/include/pinocchio/parsers/urdf.hpp:27\x1b[m\x1b[K,\n'}
[5.803138] (gim_arm_hardware) StderrLine: {'line': b'                 from \x1b[01m\x1b[K/home/minh/gim60108_ws/src/gim_arm_hardware/include/gim_arm_hardware/gim_arm_system.hpp:25\x1b[m\x1b[K,\n'}
[5.803162] (gim_arm_hardware) StderrLine: {'line': b'                 from \x1b[01m\x1b[K/home/minh/gim60108_ws/src/gim_arm_hardware/src/gim_arm_system.cpp:1\x1b[m\x1b[K:\n'}
[5.803187] (gim_arm_hardware) StderrLine: {'line': b'\x1b[01m\x1b[K/usr/include/boost/variant/variant.hpp:1770:5:\x1b[m\x1b[K \x1b[01;36m\x1b[Knote: \x1b[m\x1b[Kcandidate: \xe2\x80\x98\x1b[01m\x1b[Kboost::variant<T0, TN>::variant(boost::variant<T0, TN>&&) [with T0_ = pinocchio::JointModelRevoluteTpl<double, 0, 0>; TN = {pinocchio::JointModelRevoluteTpl<double, 0, 1>, pinocchio::JointModelRevoluteTpl<double, 0, 2>, pinocchio::JointModelFreeFlyerTpl<double, 0>, pinocchio::JointModelPlanarTpl<double, 0>, pinocchio::JointModelRevoluteUnalignedTpl<double, 0>, pinocchio::JointModelSphericalTpl<double, 0>, pinocchio::JointModelSphericalZYXTpl<double, 0>, pinocchio::JointModelEllipsoidTpl<double, 0>, pinocchio::JointModelPrismaticTpl<double, 0, 0>, pinocchio::JointModelPrismaticTpl<double, 0, 1>, pinocchio::JointModelPrismaticTpl<double, 0, 2>, pinocchio::JointModelPrismaticUnalignedTpl<double, 0>, pinocchio::JointModelTranslationTpl<double, 0>, pinocchio::JointModelRevoluteUnboundedTpl<double, 0, 0>, pinocchio::JointModelRevoluteUnboundedTpl<double, 0, 1>, pinocchio::JointModelRevoluteUnboundedTpl<double, 0, 2>, pinocchio::JointModelRevoluteUnboundedUnalignedTpl<double, 0>, pinocchio::JointModelHelicalTpl<double, 0, 0>, pinocchio::JointModelHelicalTpl<double, 0, 1>, pinocchio::JointModelHelicalTpl<double, 0, 2>, pinocchio::JointModelHelicalUnalignedTpl<double, 0>, pinocchio::JointModelUniversalTpl<double, 0>, boost::recursive_wrapper<pinocchio::JointModelCompositeTpl<double, 0, pinocchio::JointCollectionDefaultTpl> >, boost::recursive_wrapper<pinocchio::JointModelMimicTpl<double, 0, pinocchio::JointCollectionDefaultTpl> >}]\x1b[m\x1b[K\xe2\x80\x99\n'}
[5.803218] (gim_arm_hardware) StderrLine: {'line': b' 1770 |     \x1b[01;36m\x1b[Kvariant\x1b[m\x1b[K(variant&& operand) BOOST_NOEXCEPT_IF(variant_move_noexcept_constructible::type::value)\n'}
[5.803243] (gim_arm_hardware) StderrLine: {'line': b'      |     \x1b[01;36m\x1b[K^~~~~~~\x1b[m\x1b[K\n'}
[5.803268] (gim_arm_hardware) StderrLine: {'line': b'\x1b[01m\x1b[K/usr/include/boost/variant/variant.hpp:1770:23:\x1b[m\x1b[K \x1b[01;36m\x1b[Knote: \x1b[m\x1b[K  no known conversion for argument 1 from \xe2\x80\x98\x1b[01m\x1b[Kconst JointModelDerived\x1b[m\x1b[K\xe2\x80\x99 {aka \xe2\x80\x98\x1b[01m\x1b[Kconst pinocchio::JointModelSphericalTpl<double>\x1b[m\x1b[K\xe2\x80\x99} to \xe2\x80\x98\x1b[01m\x1b[Kboost::variant<pinocchio::JointModelRevoluteTpl<double, 0, 0>, pinocchio::JointModelRevoluteTpl<double, 0, 1>, pinocchio::JointModelRevoluteTpl<double, 0, 2>, pinocchio::JointModelFreeFlyerTpl<double, 0>, pinocchio::JointModelPlanarTpl<double, 0>, pinocchio::JointModelRevoluteUnalignedTpl<double, 0>, pinocchio::JointModelSphericalTpl<double, 0>, pinocchio::JointModelSphericalZYXTpl<double, 0>, pinocchio::JointModelEllipsoidTpl<double, 0>, pinocchio::JointModelPrismaticTpl<double, 0, 0>, pinocchio::JointModelPrismaticTpl<double, 0, 1>, pinocchio::JointModelPrismaticTpl<double, 0, 2>, pinocchio::JointModelPrismaticUnalignedTpl<double, 0>, pinocchio::JointModelTranslationTpl<double, 0>, pinocchio::JointModelRevoluteUnboundedTpl<double, 0, 0>, pinocchio::JointModelRevoluteUnboundedTpl<double, 0, 1>, pinocchio::JointModelRevoluteUnboundedTpl<double, 0, 2>, pinocchio::JointModelRevoluteUnboundedUnalignedTpl<double, 0>, pinocchio::JointModelHelicalTpl<double, 0, 0>, pinocchio::JointModelHelicalTpl<double, 0, 1>, pinocchio::JointModelHelicalTpl<double, 0, 2>, pinocchio::JointModelHelicalUnalignedTpl<double, 0>, pinocchio::JointModelUniversalTpl<double, 0>, boost::recursive_wrapper<pinocchio::JointModelCompositeTpl<double, 0, pinocchio::JointCollectionDefaultTpl> >, boost::recursive_wrapper<pinocchio::JointModelMimicTpl<double, 0, pinocchio::JointCollectionDefaultTpl> > >&&\x1b[m\x1b[K\xe2\x80\x99\n'}
[5.803310] (gim_arm_hardware) StderrLine: {'line': b' 1770 |     variant(\x1b[01;36m\x1b[Kvariant&& operand\x1b[m\x1b[K) BOOST_NOEXCEPT_IF(variant_move_noexcept_constructible::type::value)\n'}
[5.803335] (gim_arm_hardware) StderrLine: {'line': b'      |             \x1b[01;36m\x1b[K~~~~~~~~~~^~~~~~~\x1b[m\x1b[K\n'}
[5.803360] (gim_arm_hardware) StderrLine: {'line': b'\x1b[01m\x1b[K/usr/include/boost/variant/variant.hpp:1759:5:\x1b[m\x1b[K \x1b[01;36m\x1b[Knote: \x1b[m\x1b[Kcandidate: \xe2\x80\x98\x1b[01m\x1b[Kboost::variant<T0, TN>::variant(const boost::variant<T0, TN>&) [with T0_ = pinocchio::JointModelRevoluteTpl<double, 0, 0>; TN = {pinocchio::JointModelRevoluteTpl<double, 0, 1>, pinocchio::JointModelRevoluteTpl<double, 0, 2>, pinocchio::JointModelFreeFlyerTpl<double, 0>, pinocchio::JointModelPlanarTpl<double, 0>, pinocchio::JointModelRevoluteUnalignedTpl<double, 0>, pinocchio::JointModelSphericalTpl<double, 0>, pinocchio::JointModelSphericalZYXTpl<double, 0>, pinocchio::JointModelEllipsoidTpl<double, 0>, pinocchio::JointModelPrismaticTpl<double, 0, 0>, pinocchio::JointModelPrismaticTpl<double, 0, 1>, pinocchio::JointModelPrismaticTpl<double, 0, 2>, pinocchio::JointModelPrismaticUnalignedTpl<double, 0>, pinocchio::JointModelTranslationTpl<double, 0>, pinocchio::JointModelRevoluteUnboundedTpl<double, 0, 0>, pinocchio::JointModelRevoluteUnboundedTpl<double, 0, 1>, pinocchio::JointModelRevoluteUnboundedTpl<double, 0, 2>, pinocchio::JointModelRevoluteUnboundedUnalignedTpl<double, 0>, pinocchio::JointModelHelicalTpl<double, 0, 0>, pinocchio::JointModelHelicalTpl<double, 0, 1>, pinocchio::JointModelHelicalTpl<double, 0, 2>, pinocchio::JointModelHelicalUnalignedTpl<double, 0>, pinocchio::JointModelUniversalTpl<double, 0>, boost::recursive_wrapper<pinocchio::JointModelCompositeTpl<double, 0, pinocchio::JointCollectionDefaultTpl> >, boost::recursive_wrapper<pinocchio::JointModelMimicTpl<double, 0, pinocchio::JointCollectionDefaultTpl> >}]\x1b[m\x1b[K\xe2\x80\x99\n'}
[5.803393] (gim_arm_hardware) StderrLine: {'line': b' 1759 |     \x1b[01;36m\x1b[Kvariant\x1b[m\x1b[K(const variant& operand)\n'}
[5.803419] (gim_arm_hardware) StderrLine: {'line': b'      |     \x1b[01;36m\x1b[K^~~~~~~\x1b[m\x1b[K\n'}
[5.803444] (gim_arm_hardware) StderrLine: {'line': b'\x1b[01m\x1b[K/usr/include/boost/variant/variant.hpp:1759:28:\x1b[m\x1b[K \x1b[01;36m\x1b[Knote: \x1b[m\x1b[K  no known conversion for argument 1 from \xe2\x80\x98\x1b[01m\x1b[Kconst JointModelDerived\x1b[m\x1b[K\xe2\x80\x99 {aka \xe2\x80\x98\x1b[01m\x1b[Kconst pinocchio::JointModelSphericalTpl<double>\x1b[m\x1b[K\xe2\x80\x99} to \xe2\x80\x98\x1b[01m\x1b[Kconst boost::variant<pinocchio::JointModelRevoluteTpl<double, 0, 0>, pinocchio::JointModelRevoluteTpl<double, 0, 1>, pinocchio::JointModelRevoluteTpl<double, 0, 2>, pinocchio::JointModelFreeFlyerTpl<double, 0>, pinocchio::JointModelPlanarTpl<double, 0>, pinocchio::JointModelRevoluteUnalignedTpl<double, 0>, pinocchio::JointModelSphericalTpl<double, 0>, pinocchio::JointModelSphericalZYXTpl<double, 0>, pinocchio::JointModelEllipsoidTpl<double, 0>, pinocchio::JointModelPrismaticTpl<double, 0, 0>, pinocchio::JointModelPrismaticTpl<double, 0, 1>, pinocchio::JointModelPrismaticTpl<double, 0, 2>, pinocchio::JointModelPrismaticUnalignedTpl<double, 0>, pinocchio::JointModelTranslationTpl<double, 0>, pinocchio::JointModelRevoluteUnboundedTpl<double, 0, 0>, pinocchio::JointModelRevoluteUnboundedTpl<double, 0, 1>, pinocchio::JointModelRevoluteUnboundedTpl<double, 0, 2>, pinocchio::JointModelRevoluteUnboundedUnalignedTpl<double, 0>, pinocchio::JointModelHelicalTpl<double, 0, 0>, pinocchio::JointModelHelicalTpl<double, 0, 1>, pinocchio::JointModelHelicalTpl<double, 0, 2>, pinocchio::JointModelHelicalUnalignedTpl<double, 0>, pinocchio::JointModelUniversalTpl<double, 0>, boost::recursive_wrapper<pinocchio::JointModelCompositeTpl<double, 0, pinocchio::JointCollectionDefaultTpl> >, boost::recursive_wrapper<pinocchio::JointModelMimicTpl<double, 0, pinocchio::JointCollectionDefaultTpl> > >&\x1b[m\x1b[K\xe2\x80\x99\n'}
[5.803482] (gim_arm_hardware) StderrLine: {'line': b' 1759 |     variant(\x1b[01;36m\x1b[Kconst variant& operand\x1b[m\x1b[K)\n'}
[5.803509] (gim_arm_hardware) StderrLine: {'line': b'      |             \x1b[01;36m\x1b[K~~~~~~~~~~~~~~~^~~~~~~\x1b[m\x1b[K\n'}
[5.803538] (gim_arm_hardware) StderrLine: {'line': b'\x1b[01m\x1b[K/usr/include/boost/variant/variant.hpp:1375:5:\x1b[m\x1b[K \x1b[01;36m\x1b[Knote: \x1b[m\x1b[Kcandidate: \xe2\x80\x98\x1b[01m\x1b[Kboost::variant<T0, TN>::variant() [with T0_ = pinocchio::JointModelRevoluteTpl<double, 0, 0>; TN = {pinocchio::JointModelRevoluteTpl<double, 0, 1>, pinocchio::JointModelRevoluteTpl<double, 0, 2>, pinocchio::JointModelFreeFlyerTpl<double, 0>, pinocchio::JointModelPlanarTpl<double, 0>, pinocchio::JointModelRevoluteUnalignedTpl<double, 0>, pinocchio::JointModelSphericalTpl<double, 0>, pinocchio::JointModelSphericalZYXTpl<double, 0>, pinocchio::JointModelEllipsoidTpl<double, 0>, pinocchio::JointModelPrismaticTpl<double, 0, 0>, pinocchio::JointModelPrismaticTpl<double, 0, 1>, pinocchio::JointModelPrismaticTpl<double, 0, 2>, pinocchio::JointModelPrismaticUnalignedTpl<double, 0>, pinocchio::JointModelTranslationTpl<double, 0>, pinocchio::JointModelRevoluteUnboundedTpl<double, 0, 0>, pinocchio::JointModelRevoluteUnboundedTpl<double, 0, 1>, pinocchio::JointModelRevoluteUnboundedTpl<double, 0, 2>, pinocchio::JointModelRevoluteUnboundedUnalignedTpl<double, 0>, pinocchio::JointModelHelicalTpl<double, 0, 0>, pinocchio::JointModelHelicalTpl<double, 0, 1>, pinocchio::JointModelHelicalTpl<double, 0, 2>, pinocchio::JointModelHelicalUnalignedTpl<double, 0>, pinocchio::JointModelUniversalTpl<double, 0>, boost::recursive_wrapper<pinocchio::JointModelCompositeTpl<double, 0, pinocchio::JointCollectionDefaultTpl> >, boost::recursive_wrapper<pinocchio::JointModelMimicTpl<double, 0, pinocchio::JointCollectionDefaultTpl> >}]\x1b[m\x1b[K\xe2\x80\x99\n'}
[5.803571] (gim_arm_hardware) StderrLine: {'line': b' 1375 |     \x1b[01;36m\x1b[Kvariant\x1b[m\x1b[K()\n'}
[5.803595] (gim_arm_hardware) StderrLine: {'line': b'      |     \x1b[01;36m\x1b[K^~~~~~~\x1b[m\x1b[K\n'}
[5.803619] (gim_arm_hardware) StderrLine: {'line': b'\x1b[01m\x1b[K/usr/include/boost/variant/variant.hpp:1375:5:\x1b[m\x1b[K \x1b[01;36m\x1b[Knote: \x1b[m\x1b[K  candidate expects 0 arguments, 1 provided\n'}
[5.817174] (-) TimerEvent: {}
[5.917434] (-) TimerEvent: {}
[5.962195] (gim_arm_hardware) StderrLine: {'line': b'/usr/include/boost/variant/variant.hpp: In instantiation of \xe2\x80\x98\x1b[01m\x1b[Kboost::variant<T0, TN>::variant(const boost::variant<T0, TN>&) [with T0_ = pinocchio::JointModelRevoluteTpl<double, 0, 0>; TN = {pinocchio::JointModelRevoluteTpl<double, 0, 1>, pinocchio::JointModelRevoluteTpl<double, 0, 2>, pinocchio::JointModelFreeFlyerTpl<double, 0>, pinocchio::JointModelPlanarTpl<double, 0>, pinocchio::JointModelRevoluteUnalignedTpl<double, 0>, pinocchio::JointModelSphericalTpl<double, 0>, pinocchio::JointModelSphericalZYXTpl<double, 0>, pinocchio::JointModelEllipsoidTpl<double, 0>, pinocchio::JointModelPrismaticTpl<double, 0, 0>, pinocchio::JointModelPrismaticTpl<double, 0, 1>, pinocchio::JointModelPrismaticTpl<double, 0, 2>, pinocchio::JointModelPrismaticUnalignedTpl<double, 0>, pinocchio::JointModelTranslationTpl<double, 0>, pinocchio::JointModelRevoluteUnboundedTpl<double, 0, 0>, pinocchio::JointModelRevoluteUnboundedTpl<double, 0, 1>, pinocchio::JointModelRevoluteUnboundedTpl<double, 0, 2>, pinocchio::JointModelRevoluteUnboundedUnalignedTpl<double, 0>, pinocchio::JointModelHelicalTpl<double, 0, 0>, pinocchio::JointModelHelicalTpl<double, 0, 1>, pinocchio::JointModelHelicalTpl<double, 0, 2>, pinocchio::JointModelHelicalUnalignedTpl<double, 0>, pinocchio::JointModelUniversalTpl<double, 0>, boost::recursive_wrapper<pinocchio::JointModelCompositeTpl<double, 0, pinocchio::JointCollectionDefaultTpl> >, boost::recursive_wrapper<pinocchio::JointModelMimicTpl<double, 0, pinocchio::JointCollectionDefaultTpl> >}]\x1b[m\x1b[K\xe2\x80\x99:\n'}
[5.962445] (gim_arm_hardware) StderrLine: {'line': b'\x1b[01m\x1b[K/opt/ros/humble/include/pinocchio/src/multibody/joint/joint-generic.hxx:256:10:\x1b[m\x1b[K   required from \xe2\x80\x98\x1b[01m\x1b[Kpinocchio::ModelTpl<_Scalar, _Options, JointCollectionTpl>::JointIndex pinocchio::ModelTpl<_Scalar, _Options, JointCollectionTpl>::addJoint(pinocchio::ModelTpl<_Scalar, _Options, JointCollectionTpl>::JointIndex, const JointModel&, const SE3&, const string&, const VectorXs&, const VectorXs&, const VectorXs&, const VectorXs&, const VectorXs&, const VectorXs&, const VectorXs&, const VectorXs&, const VectorXs&, const VectorXs&) [with _Scalar = double; int _Options = 0; JointCollectionTpl = pinocchio::JointCollectionDefaultTpl; pinocchio::ModelTpl<_Scalar, _Options, JointCollectionTpl>::JointIndex = long unsigned int; pinocchio::ModelTpl<_Scalar, _Options, JointCollectionTpl>::JointModel = pinocchio::JointModelTpl<double>; pinocchio::ModelTpl<_Scalar, _Options, JointCollectionTpl>::SE3 = pinocchio::SE3Tpl<double, 0>; std::string = std::__cxx11::basic_string<char>; pinocchio::ModelTpl<_Scalar, _Options, JointCollectionTpl>::VectorXs = Eigen::Matrix<double, -1, 1>]\x1b[m\x1b[K\xe2\x80\x99\n'}
[5.962572] (gim_arm_hardware) StderrLine: {'line': b'\x1b[01m\x1b[K/opt/ros/humble/include/pinocchio/src/parsers/urdf/model.hxx:235:38:\x1b[m\x1b[K   required from here\n'}
[5.962649] (gim_arm_hardware) StderrLine: {'line': b'\x1b[01m\x1b[K/usr/include/boost/variant/variant.hpp:1762:45:\x1b[m\x1b[K \x1b[01;31m\x1b[Kerror: \x1b[m\x1b[Kusing invalid field \xe2\x80\x98\x1b[01m\x1b[Kboost::variant<T0, TN>::storage_\x1b[m\x1b[K\xe2\x80\x99\n'}
[5.962722] (gim_arm_hardware) StderrLine: {'line': b' 1762 |         detail::variant::copy_into visitor( \x1b[01;31m\x1b[Kstorage_\x1b[m\x1b[K.address() );\n'}
[5.962789] (gim_arm_hardware) StderrLine: {'line': b'      |                                             \x1b[01;31m\x1b[K^~~~~~~~\x1b[m\x1b[K\n'}
[5.977383] (gim_arm_hardware) StderrLine: {'line': b'In file included from \x1b[01m\x1b[K/opt/ros/humble/include/pinocchio/multibody/joint.hpp:84\x1b[m\x1b[K,\n'}
[5.978320] (gim_arm_hardware) StderrLine: {'line': b'                 from \x1b[01m\x1b[K/opt/ros/humble/include/pinocchio/multibody.hpp:43\x1b[m\x1b[K,\n'}
[5.978416] (gim_arm_hardware) StderrLine: {'line': b'                 from \x1b[01m\x1b[K/opt/ros/humble/include/pinocchio/parsers/urdf.hpp:27\x1b[m\x1b[K,\n'}
[5.978457] (gim_arm_hardware) StderrLine: {'line': b'                 from \x1b[01m\x1b[K/home/minh/gim60108_ws/src/gim_arm_hardware/include/gim_arm_hardware/gim_arm_system.hpp:25\x1b[m\x1b[K,\n'}
[5.978487] (gim_arm_hardware) StderrLine: {'line': b'                 from \x1b[01m\x1b[K/home/minh/gim60108_ws/src/gim_arm_hardware/src/gim_arm_system.cpp:1\x1b[m\x1b[K:\n'}
[5.978525] (gim_arm_hardware) StderrLine: {'line': b'/opt/ros/humble/include/pinocchio/src/multibody/joint/joint-generic.hxx: In instantiation of \xe2\x80\x98\x1b[01m\x1b[Kpinocchio::JointModelTpl<Scalar, Options, JointCollectionTpl>::JointModelTpl(const pinocchio::JointModelBase<OtherDerived>&) [with JointModelDerived = pinocchio::JointModelRevoluteTpl<double, 0, 0>; _Scalar = double; int _Options = 0; JointCollectionTpl = pinocchio::JointCollectionDefaultTpl]\x1b[m\x1b[K\xe2\x80\x99:\n'}
[5.978558] (gim_arm_hardware) StderrLine: {'line': b'\x1b[01m\x1b[K/opt/ros/humble/include/pinocchio/src/parsers/urdf/model.hxx:495:34:\x1b[m\x1b[K   required from \xe2\x80\x98\x1b[01m\x1b[Kpinocchio::JointIndex pinocchio::urdf::details::UrdfVisitor::addJoint(const Vector3&, const Frame&, const SE3&, const string&, const VectorConstRef&, const VectorConstRef&, const VectorConstRef&, const VectorConstRef&, const VectorConstRef&, const VectorConstRef&, const VectorConstRef&, const VectorConstRef&, const VectorConstRef&, const VectorConstRef&) [with TypeX = pinocchio::JointModelRevoluteTpl<double, 0, 0>; TypeY = pinocchio::JointModelRevoluteTpl<double, 0, 1>; TypeZ = pinocchio::JointModelRevoluteTpl<double, 0, 2>; TypeUnaligned = pinocchio::JointModelRevoluteUnalignedTpl<double>; pinocchio::JointIndex = long unsigned int; pinocchio::urdf::details::UrdfVisitor::Vector3 = Eigen::Matrix<double, 3, 1>; pinocchio::urdf::details::UrdfVisitor::Frame = pinocchio::FrameTpl<double, 0>; pinocchio::urdf::details::UrdfVisitor::SE3 = pinocchio::SE3Tpl<double, 0>; std::string = std::__cxx11::basic_string<char>; pinocchio::urdf::details::UrdfVisitor::VectorConstRef = Eigen::Ref<const Eigen::Matrix<double, -1, 1> >]\x1b[m\x1b[K\xe2\x80\x99\n'}
[5.978588] (gim_arm_hardware) StderrLine: {'line': b'\x1b[01m\x1b[K/opt/ros/humble/include/pinocchio/src/parsers/urdf/model.hxx:245:69:\x1b[m\x1b[K   required from here\n'}
[5.978614] (gim_arm_hardware) StderrLine: {'line': b'\x1b[01m\x1b[K/opt/ros/humble/include/pinocchio/src/multibody/joint/joint-generic.hxx:306:25:\x1b[m\x1b[K \x1b[01;31m\x1b[Kerror: \x1b[m\x1b[Kno matching function for call to \xe2\x80\x98\x1b[01m\x1b[Kboost::variant<pinocchio::JointModelRevoluteTpl<double, 0, 0>, pinocchio::JointModelRevoluteTpl<double, 0, 1>, pinocchio::JointModelRevoluteTpl<double, 0, 2>, pinocchio::JointModelFreeFlyerTpl<double, 0>, pinocchio::JointModelPlanarTpl<double, 0>, pinocchio::JointModelRevoluteUnalignedTpl<double, 0>, pinocchio::JointModelSphericalTpl<double, 0>, pinocchio::JointModelSphericalZYXTpl<double, 0>, pinocchio::JointModelEllipsoidTpl<double, 0>, pinocchio::JointModelPrismaticTpl<double, 0, 0>, pinocchio::JointModelPrismaticTpl<double, 0, 1>, pinocchio::JointModelPrismaticTpl<double, 0, 2>, pinocchio::JointModelPrismaticUnalignedTpl<double, 0>, pinocchio::JointModelTranslationTpl<double, 0>, pinocchio::JointModelRevoluteUnboundedTpl<double, 0, 0>, pinocchio::JointModelRevoluteUnboundedTpl<double, 0, 1>, pinocchio::JointModelRevoluteUnboundedTpl<double, 0, 2>, pinocchio::JointModelRevoluteUnboundedUnalignedTpl<double, 0>, pinocchio::JointModelHelicalTpl<double, 0, 0>, pinocchio::JointModelHelicalTpl<double, 0, 1>, pinocchio::JointModelHelicalTpl<double, 0, 2>, pinocchio::JointModelHelicalUnalignedTpl<double, 0>, pinocchio::JointModelUniversalTpl<double, 0>, boost::recursive_wrapper<pinocchio::JointModelCompositeTpl<double, 0, pinocchio::JointCollectionDefaultTpl> >, boost::recursive_wrapper<pinocchio::JointModelMimicTpl<double, 0, pinocchio::JointCollectionDefaultTpl> > >::variant(const JointModelDerived&)\x1b[m\x1b[K\xe2\x80\x99\n'}
[5.978651] (gim_arm_hardware) StderrLine: {'line': b'  306 |     : JointModelVariant(\x1b[01;31m\x1b[K(JointModelVariant)jmodel.derived()\x1b[m\x1b[K)\n'}
[5.978682] (gim_arm_hardware) StderrLine: {'line': b'      |                         \x1b[01;31m\x1b[K^~~~~~~~~~~~~~~~~~~~~~~~~~~~~~~~~~~\x1b[m\x1b[K\n'}
[5.978708] (gim_arm_hardware) StderrLine: {'line': b'In file included from \x1b[01m\x1b[K/usr/include/boost/variant.hpp:17\x1b[m\x1b[K,\n'}
[5.978732] (gim_arm_hardware) StderrLine: {'line': b'                 from \x1b[01m\x1b[K/opt/ros/humble/include/pinocchio/multibody.hpp:21\x1b[m\x1b[K,\n'}
[5.978756] (gim_arm_hardware) StderrLine: {'line': b'                 from \x1b[01m\x1b[K/opt/ros/humble/include/pinocchio/parsers/urdf.hpp:27\x1b[m\x1b[K,\n'}
[5.978781] (gim_arm_hardware) StderrLine: {'line': b'                 from \x1b[01m\x1b[K/home/minh/gim60108_ws/src/gim_arm_hardware/include/gim_arm_hardware/gim_arm_system.hpp:25\x1b[m\x1b[K,\n'}
[5.978806] (gim_arm_hardware) StderrLine: {'line': b'                 from \x1b[01m\x1b[K/home/minh/gim60108_ws/src/gim_arm_hardware/src/gim_arm_system.cpp:1\x1b[m\x1b[K:\n'}
[5.978830] (gim_arm_hardware) StderrLine: {'line': b'\x1b[01m\x1b[K/usr/include/boost/variant/variant.hpp:1770:5:\x1b[m\x1b[K \x1b[01;36m\x1b[Knote: \x1b[m\x1b[Kcandidate: \xe2\x80\x98\x1b[01m\x1b[Kboost::variant<T0, TN>::variant(boost::variant<T0, TN>&&) [with T0_ = pinocchio::JointModelRevoluteTpl<double, 0, 0>; TN = {pinocchio::JointModelRevoluteTpl<double, 0, 1>, pinocchio::JointModelRevoluteTpl<double, 0, 2>, pinocchio::JointModelFreeFlyerTpl<double, 0>, pinocchio::JointModelPlanarTpl<double, 0>, pinocchio::JointModelRevoluteUnalignedTpl<double, 0>, pinocchio::JointModelSphericalTpl<double, 0>, pinocchio::JointModelSphericalZYXTpl<double, 0>, pinocchio::JointModelEllipsoidTpl<double, 0>, pinocchio::JointModelPrismaticTpl<double, 0, 0>, pinocchio::JointModelPrismaticTpl<double, 0, 1>, pinocchio::JointModelPrismaticTpl<double, 0, 2>, pinocchio::JointModelPrismaticUnalignedTpl<double, 0>, pinocchio::JointModelTranslationTpl<double, 0>, pinocchio::JointModelRevoluteUnboundedTpl<double, 0, 0>, pinocchio::JointModelRevoluteUnboundedTpl<double, 0, 1>, pinocchio::JointModelRevoluteUnboundedTpl<double, 0, 2>, pinocchio::JointModelRevoluteUnboundedUnalignedTpl<double, 0>, pinocchio::JointModelHelicalTpl<double, 0, 0>, pinocchio::JointModelHelicalTpl<double, 0, 1>, pinocchio::JointModelHelicalTpl<double, 0, 2>, pinocchio::JointModelHelicalUnalignedTpl<double, 0>, pinocchio::JointModelUniversalTpl<double, 0>, boost::recursive_wrapper<pinocchio::JointModelCompositeTpl<double, 0, pinocchio::JointCollectionDefaultTpl> >, boost::recursive_wrapper<pinocchio::JointModelMimicTpl<double, 0, pinocchio::JointCollectionDefaultTpl> >}]\x1b[m\x1b[K\xe2\x80\x99\n'}
[5.978865] (gim_arm_hardware) StderrLine: {'line': b' 1770 |     \x1b[01;36m\x1b[Kvariant\x1b[m\x1b[K(variant&& operand) BOOST_NOEXCEPT_IF(variant_move_noexcept_constructible::type::value)\n'}
[5.978890] (gim_arm_hardware) StderrLine: {'line': b'      |     \x1b[01;36m\x1b[K^~~~~~~\x1b[m\x1b[K\n'}
[5.978914] (gim_arm_hardware) StderrLine: {'line': b'\x1b[01m\x1b[K/usr/include/boost/variant/variant.hpp:1770:23:\x1b[m\x1b[K \x1b[01;36m\x1b[Knote: \x1b[m\x1b[K  no known conversion for argument 1 from \xe2\x80\x98\x1b[01m\x1b[Kconst JointModelDerived\x1b[m\x1b[K\xe2\x80\x99 {aka \xe2\x80\x98\x1b[01m\x1b[Kconst pinocchio::JointModelRevoluteTpl<double, 0, 0>\x1b[m\x1b[K\xe2\x80\x99} to \xe2\x80\x98\x1b[01m\x1b[Kboost::variant<pinocchio::JointModelRevoluteTpl<double, 0, 0>, pinocchio::JointModelRevoluteTpl<double, 0, 1>, pinocchio::JointModelRevoluteTpl<double, 0, 2>, pinocchio::JointModelFreeFlyerTpl<double, 0>, pinocchio::JointModelPlanarTpl<double, 0>, pinocchio::JointModelRevoluteUnalignedTpl<double, 0>, pinocchio::JointModelSphericalTpl<double, 0>, pinocchio::JointModelSphericalZYXTpl<double, 0>, pinocchio::JointModelEllipsoidTpl<double, 0>, pinocchio::JointModelPrismaticTpl<double, 0, 0>, pinocchio::JointModelPrismaticTpl<double, 0, 1>, pinocchio::JointModelPrismaticTpl<double, 0, 2>, pinocchio::JointModelPrismaticUnalignedTpl<double, 0>, pinocchio::JointModelTranslationTpl<double, 0>, pinocchio::JointModelRevoluteUnboundedTpl<double, 0, 0>, pinocchio::JointModelRevoluteUnboundedTpl<double, 0, 1>, pinocchio::JointModelRevoluteUnboundedTpl<double, 0, 2>, pinocchio::JointModelRevoluteUnboundedUnalignedTpl<double, 0>, pinocchio::JointModelHelicalTpl<double, 0, 0>, pinocchio::JointModelHelicalTpl<double, 0, 1>, pinocchio::JointModelHelicalTpl<double, 0, 2>, pinocchio::JointModelHelicalUnalignedTpl<double, 0>, pinocchio::JointModelUniversalTpl<double, 0>, boost::recursive_wrapper<pinocchio::JointModelCompositeTpl<double, 0, pinocchio::JointCollectionDefaultTpl> >, boost::recursive_wrapper<pinocchio::JointModelMimicTpl<double, 0, pinocchio::JointCollectionDefaultTpl> > >&&\x1b[m\x1b[K\xe2\x80\x99\n'}
[5.978953] (gim_arm_hardware) StderrLine: {'line': b' 1770 |     variant(\x1b[01;36m\x1b[Kvariant&& operand\x1b[m\x1b[K) BOOST_NOEXCEPT_IF(variant_move_noexcept_constructible::type::value)\n'}
[5.978977] (gim_arm_hardware) StderrLine: {'line': b'      |             \x1b[01;36m\x1b[K~~~~~~~~~~^~~~~~~\x1b[m\x1b[K\n'}
[5.979002] (gim_arm_hardware) StderrLine: {'line': b'\x1b[01m\x1b[K/usr/include/boost/variant/variant.hpp:1759:5:\x1b[m\x1b[K \x1b[01;36m\x1b[Knote: \x1b[m\x1b[Kcandidate: \xe2\x80\x98\x1b[01m\x1b[Kboost::variant<T0, TN>::variant(const boost::variant<T0, TN>&) [with T0_ = pinocchio::JointModelRevoluteTpl<double, 0, 0>; TN = {pinocchio::JointModelRevoluteTpl<double, 0, 1>, pinocchio::JointModelRevoluteTpl<double, 0, 2>, pinocchio::JointModelFreeFlyerTpl<double, 0>, pinocchio::JointModelPlanarTpl<double, 0>, pinocchio::JointModelRevoluteUnalignedTpl<double, 0>, pinocchio::JointModelSphericalTpl<double, 0>, pinocchio::JointModelSphericalZYXTpl<double, 0>, pinocchio::JointModelEllipsoidTpl<double, 0>, pinocchio::JointModelPrismaticTpl<double, 0, 0>, pinocchio::JointModelPrismaticTpl<double, 0, 1>, pinocchio::JointModelPrismaticTpl<double, 0, 2>, pinocchio::JointModelPrismaticUnalignedTpl<double, 0>, pinocchio::JointModelTranslationTpl<double, 0>, pinocchio::JointModelRevoluteUnboundedTpl<double, 0, 0>, pinocchio::JointModelRevoluteUnboundedTpl<double, 0, 1>, pinocchio::JointModelRevoluteUnboundedTpl<double, 0, 2>, pinocchio::JointModelRevoluteUnboundedUnalignedTpl<double, 0>, pinocchio::JointModelHelicalTpl<double, 0, 0>, pinocchio::JointModelHelicalTpl<double, 0, 1>, pinocchio::JointModelHelicalTpl<double, 0, 2>, pinocchio::JointModelHelicalUnalignedTpl<double, 0>, pinocchio::JointModelUniversalTpl<double, 0>, boost::recursive_wrapper<pinocchio::JointModelCompositeTpl<double, 0, pinocchio::JointCollectionDefaultTpl> >, boost::recursive_wrapper<pinocchio::JointModelMimicTpl<double, 0, pinocchio::JointCollectionDefaultTpl> >}]\x1b[m\x1b[K\xe2\x80\x99\n'}
[5.979033] (gim_arm_hardware) StderrLine: {'line': b' 1759 |     \x1b[01;36m\x1b[Kvariant\x1b[m\x1b[K(const variant& operand)\n'}
[5.979057] (gim_arm_hardware) StderrLine: {'line': b'      |     \x1b[01;36m\x1b[K^~~~~~~\x1b[m\x1b[K\n'}
[5.979081] (gim_arm_hardware) StderrLine: {'line': b'\x1b[01m\x1b[K/usr/include/boost/variant/variant.hpp:1759:28:\x1b[m\x1b[K \x1b[01;36m\x1b[Knote: \x1b[m\x1b[K  no known conversion for argument 1 from \xe2\x80\x98\x1b[01m\x1b[Kconst JointModelDerived\x1b[m\x1b[K\xe2\x80\x99 {aka \xe2\x80\x98\x1b[01m\x1b[Kconst pinocchio::JointModelRevoluteTpl<double, 0, 0>\x1b[m\x1b[K\xe2\x80\x99} to \xe2\x80\x98\x1b[01m\x1b[Kconst boost::variant<pinocchio::JointModelRevoluteTpl<double, 0, 0>, pinocchio::JointModelRevoluteTpl<double, 0, 1>, pinocchio::JointModelRevoluteTpl<double, 0, 2>, pinocchio::JointModelFreeFlyerTpl<double, 0>, pinocchio::JointModelPlanarTpl<double, 0>, pinocchio::JointModelRevoluteUnalignedTpl<double, 0>, pinocchio::JointModelSphericalTpl<double, 0>, pinocchio::JointModelSphericalZYXTpl<double, 0>, pinocchio::JointModelEllipsoidTpl<double, 0>, pinocchio::JointModelPrismaticTpl<double, 0, 0>, pinocchio::JointModelPrismaticTpl<double, 0, 1>, pinocchio::JointModelPrismaticTpl<double, 0, 2>, pinocchio::JointModelPrismaticUnalignedTpl<double, 0>, pinocchio::JointModelTranslationTpl<double, 0>, pinocchio::JointModelRevoluteUnboundedTpl<double, 0, 0>, pinocchio::JointModelRevoluteUnboundedTpl<double, 0, 1>, pinocchio::JointModelRevoluteUnboundedTpl<double, 0, 2>, pinocchio::JointModelRevoluteUnboundedUnalignedTpl<double, 0>, pinocchio::JointModelHelicalTpl<double, 0, 0>, pinocchio::JointModelHelicalTpl<double, 0, 1>, pinocchio::JointModelHelicalTpl<double, 0, 2>, pinocchio::JointModelHelicalUnalignedTpl<double, 0>, pinocchio::JointModelUniversalTpl<double, 0>, boost::recursive_wrapper<pinocchio::JointModelCompositeTpl<double, 0, pinocchio::JointCollectionDefaultTpl> >, boost::recursive_wrapper<pinocchio::JointModelMimicTpl<double, 0, pinocchio::JointCollectionDefaultTpl> > >&\x1b[m\x1b[K\xe2\x80\x99\n'}
[5.979115] (gim_arm_hardware) StderrLine: {'line': b' 1759 |     variant(\x1b[01;36m\x1b[Kconst variant& operand\x1b[m\x1b[K)\n'}
[5.979143] (gim_arm_hardware) StderrLine: {'line': b'      |             \x1b[01;36m\x1b[K~~~~~~~~~~~~~~~^~~~~~~\x1b[m\x1b[K\n'}
[5.979167] (gim_arm_hardware) StderrLine: {'line': b'\x1b[01m\x1b[K/usr/include/boost/variant/variant.hpp:1375:5:\x1b[m\x1b[K \x1b[01;36m\x1b[Knote: \x1b[m\x1b[Kcandidate: \xe2\x80\x98\x1b[01m\x1b[Kboost::variant<T0, TN>::variant() [with T0_ = pinocchio::JointModelRevoluteTpl<double, 0, 0>; TN = {pinocchio::JointModelRevoluteTpl<double, 0, 1>, pinocchio::JointModelRevoluteTpl<double, 0, 2>, pinocchio::JointModelFreeFlyerTpl<double, 0>, pinocchio::JointModelPlanarTpl<double, 0>, pinocchio::JointModelRevoluteUnalignedTpl<double, 0>, pinocchio::JointModelSphericalTpl<double, 0>, pinocchio::JointModelSphericalZYXTpl<double, 0>, pinocchio::JointModelEllipsoidTpl<double, 0>, pinocchio::JointModelPrismaticTpl<double, 0, 0>, pinocchio::JointModelPrismaticTpl<double, 0, 1>, pinocchio::JointModelPrismaticTpl<double, 0, 2>, pinocchio::JointModelPrismaticUnalignedTpl<double, 0>, pinocchio::JointModelTranslationTpl<double, 0>, pinocchio::JointModelRevoluteUnboundedTpl<double, 0, 0>, pinocchio::JointModelRevoluteUnboundedTpl<double, 0, 1>, pinocchio::JointModelRevoluteUnboundedTpl<double, 0, 2>, pinocchio::JointModelRevoluteUnboundedUnalignedTpl<double, 0>, pinocchio::JointModelHelicalTpl<double, 0, 0>, pinocchio::JointModelHelicalTpl<double, 0, 1>, pinocchio::JointModelHelicalTpl<double, 0, 2>, pinocchio::JointModelHelicalUnalignedTpl<double, 0>, pinocchio::JointModelUniversalTpl<double, 0>, boost::recursive_wrapper<pinocchio::JointModelCompositeTpl<double, 0, pinocchio::JointCollectionDefaultTpl> >, boost::recursive_wrapper<pinocchio::JointModelMimicTpl<double, 0, pinocchio::JointCollectionDefaultTpl> >}]\x1b[m\x1b[K\xe2\x80\x99\n'}
[5.979197] (gim_arm_hardware) StderrLine: {'line': b' 1375 |     \x1b[01;36m\x1b[Kvariant\x1b[m\x1b[K()\n'}
[5.979221] (gim_arm_hardware) StderrLine: {'line': b'      |     \x1b[01;36m\x1b[K^~~~~~~\x1b[m\x1b[K\n'}
[5.979245] (gim_arm_hardware) StderrLine: {'line': b'\x1b[01m\x1b[K/usr/include/boost/variant/variant.hpp:1375:5:\x1b[m\x1b[K \x1b[01;36m\x1b[Knote: \x1b[m\x1b[K  candidate expects 0 arguments, 1 provided\n'}
[5.979270] (gim_arm_hardware) StderrLine: {'line': b'In file included from \x1b[01m\x1b[K/opt/ros/humble/include/pinocchio/multibody/joint.hpp:84\x1b[m\x1b[K,\n'}
[5.979294] (gim_arm_hardware) StderrLine: {'line': b'                 from \x1b[01m\x1b[K/opt/ros/humble/include/pinocchio/multibody.hpp:43\x1b[m\x1b[K,\n'}
[5.979319] (gim_arm_hardware) StderrLine: {'line': b'                 from \x1b[01m\x1b[K/opt/ros/humble/include/pinocchio/parsers/urdf.hpp:27\x1b[m\x1b[K,\n'}
[5.979343] (gim_arm_hardware) StderrLine: {'line': b'                 from \x1b[01m\x1b[K/home/minh/gim60108_ws/src/gim_arm_hardware/include/gim_arm_hardware/gim_arm_system.hpp:25\x1b[m\x1b[K,\n'}
[5.979367] (gim_arm_hardware) StderrLine: {'line': b'                 from \x1b[01m\x1b[K/home/minh/gim60108_ws/src/gim_arm_hardware/src/gim_arm_system.cpp:1\x1b[m\x1b[K:\n'}
[5.979391] (gim_arm_hardware) StderrLine: {'line': b'/opt/ros/humble/include/pinocchio/src/multibody/joint/joint-generic.hxx: In instantiation of \xe2\x80\x98\x1b[01m\x1b[Kpinocchio::JointModelTpl<Scalar, Options, JointCollectionTpl>::JointModelTpl(const pinocchio::JointModelBase<OtherDerived>&) [with JointModelDerived = pinocchio::JointModelRevoluteTpl<double, 0, 1>; _Scalar = double; int _Options = 0; JointCollectionTpl = pinocchio::JointCollectionDefaultTpl]\x1b[m\x1b[K\xe2\x80\x99:\n'}
[5.979420] (gim_arm_hardware) StderrLine: {'line': b'\x1b[01m\x1b[K/opt/ros/humble/include/pinocchio/src/parsers/urdf/model.hxx:502:34:\x1b[m\x1b[K   required from \xe2\x80\x98\x1b[01m\x1b[Kpinocchio::JointIndex pinocchio::urdf::details::UrdfVisitor::addJoint(const Vector3&, const Frame&, const SE3&, const string&, const VectorConstRef&, const VectorConstRef&, const VectorConstRef&, const VectorConstRef&, const VectorConstRef&, const VectorConstRef&, const VectorConstRef&, const VectorConstRef&, const VectorConstRef&, const VectorConstRef&) [with TypeX = pinocchio::JointModelRevoluteTpl<double, 0, 0>; TypeY = pinocchio::JointModelRevoluteTpl<double, 0, 1>; TypeZ = pinocchio::JointModelRevoluteTpl<double, 0, 2>; TypeUnaligned = pinocchio::JointModelRevoluteUnalignedTpl<double>; pinocchio::JointIndex = long unsigned int; pinocchio::urdf::details::UrdfVisitor::Vector3 = Eigen::Matrix<double, 3, 1>; pinocchio::urdf::details::UrdfVisitor::Frame = pinocchio::FrameTpl<double, 0>; pinocchio::urdf::details::UrdfVisitor::SE3 = pinocchio::SE3Tpl<double, 0>; std::string = std::__cxx11::basic_string<char>; pinocchio::urdf::details::UrdfVisitor::VectorConstRef = Eigen::Ref<const Eigen::Matrix<double, -1, 1> >]\x1b[m\x1b[K\xe2\x80\x99\n'}
[5.979451] (gim_arm_hardware) StderrLine: {'line': b'\x1b[01m\x1b[K/opt/ros/humble/include/pinocchio/src/parsers/urdf/model.hxx:245:69:\x1b[m\x1b[K   required from here\n'}
[5.979475] (gim_arm_hardware) StderrLine: {'line': b'\x1b[01m\x1b[K/opt/ros/humble/include/pinocchio/src/multibody/joint/joint-generic.hxx:306:25:\x1b[m\x1b[K \x1b[01;31m\x1b[Kerror: \x1b[m\x1b[Kno matching function for call to \xe2\x80\x98\x1b[01m\x1b[Kboost::variant<pinocchio::JointModelRevoluteTpl<double, 0, 0>, pinocchio::JointModelRevoluteTpl<double, 0, 1>, pinocchio::JointModelRevoluteTpl<double, 0, 2>, pinocchio::JointModelFreeFlyerTpl<double, 0>, pinocchio::JointModelPlanarTpl<double, 0>, pinocchio::JointModelRevoluteUnalignedTpl<double, 0>, pinocchio::JointModelSphericalTpl<double, 0>, pinocchio::JointModelSphericalZYXTpl<double, 0>, pinocchio::JointModelEllipsoidTpl<double, 0>, pinocchio::JointModelPrismaticTpl<double, 0, 0>, pinocchio::JointModelPrismaticTpl<double, 0, 1>, pinocchio::JointModelPrismaticTpl<double, 0, 2>, pinocchio::JointModelPrismaticUnalignedTpl<double, 0>, pinocchio::JointModelTranslationTpl<double, 0>, pinocchio::JointModelRevoluteUnboundedTpl<double, 0, 0>, pinocchio::JointModelRevoluteUnboundedTpl<double, 0, 1>, pinocchio::JointModelRevoluteUnboundedTpl<double, 0, 2>, pinocchio::JointModelRevoluteUnboundedUnalignedTpl<double, 0>, pinocchio::JointModelHelicalTpl<double, 0, 0>, pinocchio::JointModelHelicalTpl<double, 0, 1>, pinocchio::JointModelHelicalTpl<double, 0, 2>, pinocchio::JointModelHelicalUnalignedTpl<double, 0>, pinocchio::JointModelUniversalTpl<double, 0>, boost::recursive_wrapper<pinocchio::JointModelCompositeTpl<double, 0, pinocchio::JointCollectionDefaultTpl> >, boost::recursive_wrapper<pinocchio::JointModelMimicTpl<double, 0, pinocchio::JointCollectionDefaultTpl> > >::variant(const JointModelDerived&)\x1b[m\x1b[K\xe2\x80\x99\n'}
[5.979515] (gim_arm_hardware) StderrLine: {'line': b'  306 |     : JointModelVariant(\x1b[01;31m\x1b[K(JointModelVariant)jmodel.derived()\x1b[m\x1b[K)\n'}
[5.979542] (gim_arm_hardware) StderrLine: {'line': b'      |                         \x1b[01;31m\x1b[K^~~~~~~~~~~~~~~~~~~~~~~~~~~~~~~~~~~\x1b[m\x1b[K\n'}
[5.979567] (gim_arm_hardware) StderrLine: {'line': b'In file included from \x1b[01m\x1b[K/usr/include/boost/variant.hpp:17\x1b[m\x1b[K,\n'}
[5.979591] (gim_arm_hardware) StderrLine: {'line': b'                 from \x1b[01m\x1b[K/opt/ros/humble/include/pinocchio/multibody.hpp:21\x1b[m\x1b[K,\n'}
[5.979615] (gim_arm_hardware) StderrLine: {'line': b'                 from \x1b[01m\x1b[K/opt/ros/humble/include/pinocchio/parsers/urdf.hpp:27\x1b[m\x1b[K,\n'}
[5.979643] (gim_arm_hardware) StderrLine: {'line': b'                 from \x1b[01m\x1b[K/home/minh/gim60108_ws/src/gim_arm_hardware/include/gim_arm_hardware/gim_arm_system.hpp:25\x1b[m\x1b[K,\n'}
[5.979668] (gim_arm_hardware) StderrLine: {'line': b'                 from \x1b[01m\x1b[K/home/minh/gim60108_ws/src/gim_arm_hardware/src/gim_arm_system.cpp:1\x1b[m\x1b[K:\n'}
[5.979693] (gim_arm_hardware) StderrLine: {'line': b'\x1b[01m\x1b[K/usr/include/boost/variant/variant.hpp:1770:5:\x1b[m\x1b[K \x1b[01;36m\x1b[Knote: \x1b[m\x1b[Kcandidate: \xe2\x80\x98\x1b[01m\x1b[Kboost::variant<T0, TN>::variant(boost::variant<T0, TN>&&) [with T0_ = pinocchio::JointModelRevoluteTpl<double, 0, 0>; TN = {pinocchio::JointModelRevoluteTpl<double, 0, 1>, pinocchio::JointModelRevoluteTpl<double, 0, 2>, pinocchio::JointModelFreeFlyerTpl<double, 0>, pinocchio::JointModelPlanarTpl<double, 0>, pinocchio::JointModelRevoluteUnalignedTpl<double, 0>, pinocchio::JointModelSphericalTpl<double, 0>, pinocchio::JointModelSphericalZYXTpl<double, 0>, pinocchio::JointModelEllipsoidTpl<double, 0>, pinocchio::JointModelPrismaticTpl<double, 0, 0>, pinocchio::JointModelPrismaticTpl<double, 0, 1>, pinocchio::JointModelPrismaticTpl<double, 0, 2>, pinocchio::JointModelPrismaticUnalignedTpl<double, 0>, pinocchio::JointModelTranslationTpl<double, 0>, pinocchio::JointModelRevoluteUnboundedTpl<double, 0, 0>, pinocchio::JointModelRevoluteUnboundedTpl<double, 0, 1>, pinocchio::JointModelRevoluteUnboundedTpl<double, 0, 2>, pinocchio::JointModelRevoluteUnboundedUnalignedTpl<double, 0>, pinocchio::JointModelHelicalTpl<double, 0, 0>, pinocchio::JointModelHelicalTpl<double, 0, 1>, pinocchio::JointModelHelicalTpl<double, 0, 2>, pinocchio::JointModelHelicalUnalignedTpl<double, 0>, pinocchio::JointModelUniversalTpl<double, 0>, boost::recursive_wrapper<pinocchio::JointModelCompositeTpl<double, 0, pinocchio::JointCollectionDefaultTpl> >, boost::recursive_wrapper<pinocchio::JointModelMimicTpl<double, 0, pinocchio::JointCollectionDefaultTpl> >}]\x1b[m\x1b[K\xe2\x80\x99\n'}
[5.979724] (gim_arm_hardware) StderrLine: {'line': b' 1770 |     \x1b[01;36m\x1b[Kvariant\x1b[m\x1b[K(variant&& operand) BOOST_NOEXCEPT_IF(variant_move_noexcept_constructible::type::value)\n'}
[5.979748] (gim_arm_hardware) StderrLine: {'line': b'      |     \x1b[01;36m\x1b[K^~~~~~~\x1b[m\x1b[K\n'}
[5.979772] (gim_arm_hardware) StderrLine: {'line': b'\x1b[01m\x1b[K/usr/include/boost/variant/variant.hpp:1770:23:\x1b[m\x1b[K \x1b[01;36m\x1b[Knote: \x1b[m\x1b[K  no known conversion for argument 1 from \xe2\x80\x98\x1b[01m\x1b[Kconst JointModelDerived\x1b[m\x1b[K\xe2\x80\x99 {aka \xe2\x80\x98\x1b[01m\x1b[Kconst pinocchio::JointModelRevoluteTpl<double, 0, 1>\x1b[m\x1b[K\xe2\x80\x99} to \xe2\x80\x98\x1b[01m\x1b[Kboost::variant<pinocchio::JointModelRevoluteTpl<double, 0, 0>, pinocchio::JointModelRevoluteTpl<double, 0, 1>, pinocchio::JointModelRevoluteTpl<double, 0, 2>, pinocchio::JointModelFreeFlyerTpl<double, 0>, pinocchio::JointModelPlanarTpl<double, 0>, pinocchio::JointModelRevoluteUnalignedTpl<double, 0>, pinocchio::JointModelSphericalTpl<double, 0>, pinocchio::JointModelSphericalZYXTpl<double, 0>, pinocchio::JointModelEllipsoidTpl<double, 0>, pinocchio::JointModelPrismaticTpl<double, 0, 0>, pinocchio::JointModelPrismaticTpl<double, 0, 1>, pinocchio::JointModelPrismaticTpl<double, 0, 2>, pinocchio::JointModelPrismaticUnalignedTpl<double, 0>, pinocchio::JointModelTranslationTpl<double, 0>, pinocchio::JointModelRevoluteUnboundedTpl<double, 0, 0>, pinocchio::JointModelRevoluteUnboundedTpl<double, 0, 1>, pinocchio::JointModelRevoluteUnboundedTpl<double, 0, 2>, pinocchio::JointModelRevoluteUnboundedUnalignedTpl<double, 0>, pinocchio::JointModelHelicalTpl<double, 0, 0>, pinocchio::JointModelHelicalTpl<double, 0, 1>, pinocchio::JointModelHelicalTpl<double, 0, 2>, pinocchio::JointModelHelicalUnalignedTpl<double, 0>, pinocchio::JointModelUniversalTpl<double, 0>, boost::recursive_wrapper<pinocchio::JointModelCompositeTpl<double, 0, pinocchio::JointCollectionDefaultTpl> >, boost::recursive_wrapper<pinocchio::JointModelMimicTpl<double, 0, pinocchio::JointCollectionDefaultTpl> > >&&\x1b[m\x1b[K\xe2\x80\x99\n'}
[5.979807] (gim_arm_hardware) StderrLine: {'line': b' 1770 |     variant(\x1b[01;36m\x1b[Kvariant&& operand\x1b[m\x1b[K) BOOST_NOEXCEPT_IF(variant_move_noexcept_constructible::type::value)\n'}
[5.979834] (gim_arm_hardware) StderrLine: {'line': b'      |             \x1b[01;36m\x1b[K~~~~~~~~~~^~~~~~~\x1b[m\x1b[K\n'}
[5.979858] (gim_arm_hardware) StderrLine: {'line': b'\x1b[01m\x1b[K/usr/include/boost/variant/variant.hpp:1759:5:\x1b[m\x1b[K \x1b[01;36m\x1b[Knote: \x1b[m\x1b[Kcandidate: \xe2\x80\x98\x1b[01m\x1b[Kboost::variant<T0, TN>::variant(const boost::variant<T0, TN>&) [with T0_ = pinocchio::JointModelRevoluteTpl<double, 0, 0>; TN = {pinocchio::JointModelRevoluteTpl<double, 0, 1>, pinocchio::JointModelRevoluteTpl<double, 0, 2>, pinocchio::JointModelFreeFlyerTpl<double, 0>, pinocchio::JointModelPlanarTpl<double, 0>, pinocchio::JointModelRevoluteUnalignedTpl<double, 0>, pinocchio::JointModelSphericalTpl<double, 0>, pinocchio::JointModelSphericalZYXTpl<double, 0>, pinocchio::JointModelEllipsoidTpl<double, 0>, pinocchio::JointModelPrismaticTpl<double, 0, 0>, pinocchio::JointModelPrismaticTpl<double, 0, 1>, pinocchio::JointModelPrismaticTpl<double, 0, 2>, pinocchio::JointModelPrismaticUnalignedTpl<double, 0>, pinocchio::JointModelTranslationTpl<double, 0>, pinocchio::JointModelRevoluteUnboundedTpl<double, 0, 0>, pinocchio::JointModelRevoluteUnboundedTpl<double, 0, 1>, pinocchio::JointModelRevoluteUnboundedTpl<double, 0, 2>, pinocchio::JointModelRevoluteUnboundedUnalignedTpl<double, 0>, pinocchio::JointModelHelicalTpl<double, 0, 0>, pinocchio::JointModelHelicalTpl<double, 0, 1>, pinocchio::JointModelHelicalTpl<double, 0, 2>, pinocchio::JointModelHelicalUnalignedTpl<double, 0>, pinocchio::JointModelUniversalTpl<double, 0>, boost::recursive_wrapper<pinocchio::JointModelCompositeTpl<double, 0, pinocchio::JointCollectionDefaultTpl> >, boost::recursive_wrapper<pinocchio::JointModelMimicTpl<double, 0, pinocchio::JointCollectionDefaultTpl> >}]\x1b[m\x1b[K\xe2\x80\x99\n'}
[5.979889] (gim_arm_hardware) StderrLine: {'line': b' 1759 |     \x1b[01;36m\x1b[Kvariant\x1b[m\x1b[K(const variant& operand)\n'}
[5.979913] (gim_arm_hardware) StderrLine: {'line': b'      |     \x1b[01;36m\x1b[K^~~~~~~\x1b[m\x1b[K\n'}
[5.979937] (gim_arm_hardware) StderrLine: {'line': b'\x1b[01m\x1b[K/usr/include/boost/variant/variant.hpp:1759:28:\x1b[m\x1b[K \x1b[01;36m\x1b[Knote: \x1b[m\x1b[K  no known conversion for argument 1 from \xe2\x80\x98\x1b[01m\x1b[Kconst JointModelDerived\x1b[m\x1b[K\xe2\x80\x99 {aka \xe2\x80\x98\x1b[01m\x1b[Kconst pinocchio::JointModelRevoluteTpl<double, 0, 1>\x1b[m\x1b[K\xe2\x80\x99} to \xe2\x80\x98\x1b[01m\x1b[Kconst boost::variant<pinocchio::JointModelRevoluteTpl<double, 0, 0>, pinocchio::JointModelRevoluteTpl<double, 0, 1>, pinocchio::JointModelRevoluteTpl<double, 0, 2>, pinocchio::JointModelFreeFlyerTpl<double, 0>, pinocchio::JointModelPlanarTpl<double, 0>, pinocchio::JointModelRevoluteUnalignedTpl<double, 0>, pinocchio::JointModelSphericalTpl<double, 0>, pinocchio::JointModelSphericalZYXTpl<double, 0>, pinocchio::JointModelEllipsoidTpl<double, 0>, pinocchio::JointModelPrismaticTpl<double, 0, 0>, pinocchio::JointModelPrismaticTpl<double, 0, 1>, pinocchio::JointModelPrismaticTpl<double, 0, 2>, pinocchio::JointModelPrismaticUnalignedTpl<double, 0>, pinocchio::JointModelTranslationTpl<double, 0>, pinocchio::JointModelRevoluteUnboundedTpl<double, 0, 0>, pinocchio::JointModelRevoluteUnboundedTpl<double, 0, 1>, pinocchio::JointModelRevoluteUnboundedTpl<double, 0, 2>, pinocchio::JointModelRevoluteUnboundedUnalignedTpl<double, 0>, pinocchio::JointModelHelicalTpl<double, 0, 0>, pinocchio::JointModelHelicalTpl<double, 0, 1>, pinocchio::JointModelHelicalTpl<double, 0, 2>, pinocchio::JointModelHelicalUnalignedTpl<double, 0>, pinocchio::JointModelUniversalTpl<double, 0>, boost::recursive_wrapper<pinocchio::JointModelCompositeTpl<double, 0, pinocchio::JointCollectionDefaultTpl> >, boost::recursive_wrapper<pinocchio::JointModelMimicTpl<double, 0, pinocchio::JointCollectionDefaultTpl> > >&\x1b[m\x1b[K\xe2\x80\x99\n'}
[5.979971] (gim_arm_hardware) StderrLine: {'line': b' 1759 |     variant(\x1b[01;36m\x1b[Kconst variant& operand\x1b[m\x1b[K)\n'}
[5.979995] (gim_arm_hardware) StderrLine: {'line': b'      |             \x1b[01;36m\x1b[K~~~~~~~~~~~~~~~^~~~~~~\x1b[m\x1b[K\n'}
[5.980019] (gim_arm_hardware) StderrLine: {'line': b'\x1b[01m\x1b[K/usr/include/boost/variant/variant.hpp:1375:5:\x1b[m\x1b[K \x1b[01;36m\x1b[Knote: \x1b[m\x1b[Kcandidate: \xe2\x80\x98\x1b[01m\x1b[Kboost::variant<T0, TN>::variant() [with T0_ = pinocchio::JointModelRevoluteTpl<double, 0, 0>; TN = {pinocchio::JointModelRevoluteTpl<double, 0, 1>, pinocchio::JointModelRevoluteTpl<double, 0, 2>, pinocchio::JointModelFreeFlyerTpl<double, 0>, pinocchio::JointModelPlanarTpl<double, 0>, pinocchio::JointModelRevoluteUnalignedTpl<double, 0>, pinocchio::JointModelSphericalTpl<double, 0>, pinocchio::JointModelSphericalZYXTpl<double, 0>, pinocchio::JointModelEllipsoidTpl<double, 0>, pinocchio::JointModelPrismaticTpl<double, 0, 0>, pinocchio::JointModelPrismaticTpl<double, 0, 1>, pinocchio::JointModelPrismaticTpl<double, 0, 2>, pinocchio::JointModelPrismaticUnalignedTpl<double, 0>, pinocchio::JointModelTranslationTpl<double, 0>, pinocchio::JointModelRevoluteUnboundedTpl<double, 0, 0>, pinocchio::JointModelRevoluteUnboundedTpl<double, 0, 1>, pinocchio::JointModelRevoluteUnboundedTpl<double, 0, 2>, pinocchio::JointModelRevoluteUnboundedUnalignedTpl<double, 0>, pinocchio::JointModelHelicalTpl<double, 0, 0>, pinocchio::JointModelHelicalTpl<double, 0, 1>, pinocchio::JointModelHelicalTpl<double, 0, 2>, pinocchio::JointModelHelicalUnalignedTpl<double, 0>, pinocchio::JointModelUniversalTpl<double, 0>, boost::recursive_wrapper<pinocchio::JointModelCompositeTpl<double, 0, pinocchio::JointCollectionDefaultTpl> >, boost::recursive_wrapper<pinocchio::JointModelMimicTpl<double, 0, pinocchio::JointCollectionDefaultTpl> >}]\x1b[m\x1b[K\xe2\x80\x99\n'}
[5.980050] (gim_arm_hardware) StderrLine: {'line': b' 1375 |     \x1b[01;36m\x1b[Kvariant\x1b[m\x1b[K()\n'}
[5.980074] (gim_arm_hardware) StderrLine: {'line': b'      |     \x1b[01;36m\x1b[K^~~~~~~\x1b[m\x1b[K\n'}
[5.980098] (gim_arm_hardware) StderrLine: {'line': b'\x1b[01m\x1b[K/usr/include/boost/variant/variant.hpp:1375:5:\x1b[m\x1b[K \x1b[01;36m\x1b[Knote: \x1b[m\x1b[K  candidate expects 0 arguments, 1 provided\n'}
[5.980123] (gim_arm_hardware) StderrLine: {'line': b'In file included from \x1b[01m\x1b[K/opt/ros/humble/include/pinocchio/multibody/joint.hpp:84\x1b[m\x1b[K,\n'}
[5.980151] (gim_arm_hardware) StderrLine: {'line': b'                 from \x1b[01m\x1b[K/opt/ros/humble/include/pinocchio/multibody.hpp:43\x1b[m\x1b[K,\n'}
[5.980175] (gim_arm_hardware) StderrLine: {'line': b'                 from \x1b[01m\x1b[K/opt/ros/humble/include/pinocchio/parsers/urdf.hpp:27\x1b[m\x1b[K,\n'}
[5.980200] (gim_arm_hardware) StderrLine: {'line': b'                 from \x1b[01m\x1b[K/home/minh/gim60108_ws/src/gim_arm_hardware/include/gim_arm_hardware/gim_arm_system.hpp:25\x1b[m\x1b[K,\n'}
[5.980224] (gim_arm_hardware) StderrLine: {'line': b'                 from \x1b[01m\x1b[K/home/minh/gim60108_ws/src/gim_arm_hardware/src/gim_arm_system.cpp:1\x1b[m\x1b[K:\n'}
[5.980248] (gim_arm_hardware) StderrLine: {'line': b'/opt/ros/humble/include/pinocchio/src/multibody/joint/joint-generic.hxx: In instantiation of \xe2\x80\x98\x1b[01m\x1b[Kpinocchio::JointModelTpl<Scalar, Options, JointCollectionTpl>::JointModelTpl(const pinocchio::JointModelBase<OtherDerived>&) [with JointModelDerived = pinocchio::JointModelRevoluteTpl<double, 0, 2>; _Scalar = double; int _Options = 0; JointCollectionTpl = pinocchio::JointCollectionDefaultTpl]\x1b[m\x1b[K\xe2\x80\x99:\n'}
[5.980273] (gim_arm_hardware) StderrLine: {'line': b'\x1b[01m\x1b[K/opt/ros/humble/include/pinocchio/src/parsers/urdf/model.hxx:509:34:\x1b[m\x1b[K   required from \xe2\x80\x98\x1b[01m\x1b[Kpinocchio::JointIndex pinocchio::urdf::details::UrdfVisitor::addJoint(const Vector3&, const Frame&, const SE3&, const string&, const VectorConstRef&, const VectorConstRef&, const VectorConstRef&, const VectorConstRef&, const VectorConstRef&, const VectorConstRef&, const VectorConstRef&, const VectorConstRef&, const VectorConstRef&, const VectorConstRef&) [with TypeX = pinocchio::JointModelRevoluteTpl<double, 0, 0>; TypeY = pinocchio::JointModelRevoluteTpl<double, 0, 1>; TypeZ = pinocchio::JointModelRevoluteTpl<double, 0, 2>; TypeUnaligned = pinocchio::JointModelRevoluteUnalignedTpl<double>; pinocchio::JointIndex = long unsigned int; pinocchio::urdf::details::UrdfVisitor::Vector3 = Eigen::Matrix<double, 3, 1>; pinocchio::urdf::details::UrdfVisitor::Frame = pinocchio::FrameTpl<double, 0>; pinocchio::urdf::details::UrdfVisitor::SE3 = pinocchio::SE3Tpl<double, 0>; std::string = std::__cxx11::basic_string<char>; pinocchio::urdf::details::UrdfVisitor::VectorConstRef = Eigen::Ref<const Eigen::Matrix<double, -1, 1> >]\x1b[m\x1b[K\xe2\x80\x99\n'}
[5.980306] (gim_arm_hardware) StderrLine: {'line': b'\x1b[01m\x1b[K/opt/ros/humble/include/pinocchio/src/parsers/urdf/model.hxx:245:69:\x1b[m\x1b[K   required from here\n'}
[5.980331] (gim_arm_hardware) StderrLine: {'line': b'\x1b[01m\x1b[K/opt/ros/humble/include/pinocchio/src/multibody/joint/joint-generic.hxx:306:25:\x1b[m\x1b[K \x1b[01;31m\x1b[Kerror: \x1b[m\x1b[Kno matching function for call to \xe2\x80\x98\x1b[01m\x1b[Kboost::variant<pinocchio::JointModelRevoluteTpl<double, 0, 0>, pinocchio::JointModelRevoluteTpl<double, 0, 1>, pinocchio::JointModelRevoluteTpl<double, 0, 2>, pinocchio::JointModelFreeFlyerTpl<double, 0>, pinocchio::JointModelPlanarTpl<double, 0>, pinocchio::JointModelRevoluteUnalignedTpl<double, 0>, pinocchio::JointModelSphericalTpl<double, 0>, pinocchio::JointModelSphericalZYXTpl<double, 0>, pinocchio::JointModelEllipsoidTpl<double, 0>, pinocchio::JointModelPrismaticTpl<double, 0, 0>, pinocchio::JointModelPrismaticTpl<double, 0, 1>, pinocchio::JointModelPrismaticTpl<double, 0, 2>, pinocchio::JointModelPrismaticUnalignedTpl<double, 0>, pinocchio::JointModelTranslationTpl<double, 0>, pinocchio::JointModelRevoluteUnboundedTpl<double, 0, 0>, pinocchio::JointModelRevoluteUnboundedTpl<double, 0, 1>, pinocchio::JointModelRevoluteUnboundedTpl<double, 0, 2>, pinocchio::JointModelRevoluteUnboundedUnalignedTpl<double, 0>, pinocchio::JointModelHelicalTpl<double, 0, 0>, pinocchio::JointModelHelicalTpl<double, 0, 1>, pinocchio::JointModelHelicalTpl<double, 0, 2>, pinocchio::JointModelHelicalUnalignedTpl<double, 0>, pinocchio::JointModelUniversalTpl<double, 0>, boost::recursive_wrapper<pinocchio::JointModelCompositeTpl<double, 0, pinocchio::JointCollectionDefaultTpl> >, boost::recursive_wrapper<pinocchio::JointModelMimicTpl<double, 0, pinocchio::JointCollectionDefaultTpl> > >::variant(const JointModelDerived&)\x1b[m\x1b[K\xe2\x80\x99\n'}
[5.980363] (gim_arm_hardware) StderrLine: {'line': b'  306 |     : JointModelVariant(\x1b[01;31m\x1b[K(JointModelVariant)jmodel.derived()\x1b[m\x1b[K)\n'}
[5.980387] (gim_arm_hardware) StderrLine: {'line': b'      |                         \x1b[01;31m\x1b[K^~~~~~~~~~~~~~~~~~~~~~~~~~~~~~~~~~~\x1b[m\x1b[K\n'}
[5.980411] (gim_arm_hardware) StderrLine: {'line': b'In file included from \x1b[01m\x1b[K/usr/include/boost/variant.hpp:17\x1b[m\x1b[K,\n'}
[5.980435] (gim_arm_hardware) StderrLine: {'line': b'                 from \x1b[01m\x1b[K/opt/ros/humble/include/pinocchio/multibody.hpp:21\x1b[m\x1b[K,\n'}
[5.980463] (gim_arm_hardware) StderrLine: {'line': b'                 from \x1b[01m\x1b[K/opt/ros/humble/include/pinocchio/parsers/urdf.hpp:27\x1b[m\x1b[K,\n'}
[5.980487] (gim_arm_hardware) StderrLine: {'line': b'                 from \x1b[01m\x1b[K/home/minh/gim60108_ws/src/gim_arm_hardware/include/gim_arm_hardware/gim_arm_system.hpp:25\x1b[m\x1b[K,\n'}
[5.980517] (gim_arm_hardware) StderrLine: {'line': b'                 from \x1b[01m\x1b[K/home/minh/gim60108_ws/src/gim_arm_hardware/src/gim_arm_system.cpp:1\x1b[m\x1b[K:\n'}
[5.980546] (gim_arm_hardware) StderrLine: {'line': b'\x1b[01m\x1b[K/usr/include/boost/variant/variant.hpp:1770:5:\x1b[m\x1b[K \x1b[01;36m\x1b[Knote: \x1b[m\x1b[Kcandidate: \xe2\x80\x98\x1b[01m\x1b[Kboost::variant<T0, TN>::variant(boost::variant<T0, TN>&&) [with T0_ = pinocchio::JointModelRevoluteTpl<double, 0, 0>; TN = {pinocchio::JointModelRevoluteTpl<double, 0, 1>, pinocchio::JointModelRevoluteTpl<double, 0, 2>, pinocchio::JointModelFreeFlyerTpl<double, 0>, pinocchio::JointModelPlanarTpl<double, 0>, pinocchio::JointModelRevoluteUnalignedTpl<double, 0>, pinocchio::JointModelSphericalTpl<double, 0>, pinocchio::JointModelSphericalZYXTpl<double, 0>, pinocchio::JointModelEllipsoidTpl<double, 0>, pinocchio::JointModelPrismaticTpl<double, 0, 0>, pinocchio::JointModelPrismaticTpl<double, 0, 1>, pinocchio::JointModelPrismaticTpl<double, 0, 2>, pinocchio::JointModelPrismaticUnalignedTpl<double, 0>, pinocchio::JointModelTranslationTpl<double, 0>, pinocchio::JointModelRevoluteUnboundedTpl<double, 0, 0>, pinocchio::JointModelRevoluteUnboundedTpl<double, 0, 1>, pinocchio::JointModelRevoluteUnboundedTpl<double, 0, 2>, pinocchio::JointModelRevoluteUnboundedUnalignedTpl<double, 0>, pinocchio::JointModelHelicalTpl<double, 0, 0>, pinocchio::JointModelHelicalTpl<double, 0, 1>, pinocchio::JointModelHelicalTpl<double, 0, 2>, pinocchio::JointModelHelicalUnalignedTpl<double, 0>, pinocchio::JointModelUniversalTpl<double, 0>, boost::recursive_wrapper<pinocchio::JointModelCompositeTpl<double, 0, pinocchio::JointCollectionDefaultTpl> >, boost::recursive_wrapper<pinocchio::JointModelMimicTpl<double, 0, pinocchio::JointCollectionDefaultTpl> >}]\x1b[m\x1b[K\xe2\x80\x99\n'}
[5.980586] (gim_arm_hardware) StderrLine: {'line': b' 1770 |     \x1b[01;36m\x1b[Kvariant\x1b[m\x1b[K(variant&& operand) BOOST_NOEXCEPT_IF(variant_move_noexcept_constructible::type::value)\n'}
[5.980610] (gim_arm_hardware) StderrLine: {'line': b'      |     \x1b[01;36m\x1b[K^~~~~~~\x1b[m\x1b[K\n'}
[5.980635] (gim_arm_hardware) StderrLine: {'line': b'\x1b[01m\x1b[K/usr/include/boost/variant/variant.hpp:1770:23:\x1b[m\x1b[K \x1b[01;36m\x1b[Knote: \x1b[m\x1b[K  no known conversion for argument 1 from \xe2\x80\x98\x1b[01m\x1b[Kconst JointModelDerived\x1b[m\x1b[K\xe2\x80\x99 {aka \xe2\x80\x98\x1b[01m\x1b[Kconst pinocchio::JointModelRevoluteTpl<double, 0, 2>\x1b[m\x1b[K\xe2\x80\x99} to \xe2\x80\x98\x1b[01m\x1b[Kboost::variant<pinocchio::JointModelRevoluteTpl<double, 0, 0>, pinocchio::JointModelRevoluteTpl<double, 0, 1>, pinocchio::JointModelRevoluteTpl<double, 0, 2>, pinocchio::JointModelFreeFlyerTpl<double, 0>, pinocchio::JointModelPlanarTpl<double, 0>, pinocchio::JointModelRevoluteUnalignedTpl<double, 0>, pinocchio::JointModelSphericalTpl<double, 0>, pinocchio::JointModelSphericalZYXTpl<double, 0>, pinocchio::JointModelEllipsoidTpl<double, 0>, pinocchio::JointModelPrismaticTpl<double, 0, 0>, pinocchio::JointModelPrismaticTpl<double, 0, 1>, pinocchio::JointModelPrismaticTpl<double, 0, 2>, pinocchio::JointModelPrismaticUnalignedTpl<double, 0>, pinocchio::JointModelTranslationTpl<double, 0>, pinocchio::JointModelRevoluteUnboundedTpl<double, 0, 0>, pinocchio::JointModelRevoluteUnboundedTpl<double, 0, 1>, pinocchio::JointModelRevoluteUnboundedTpl<double, 0, 2>, pinocchio::JointModelRevoluteUnboundedUnalignedTpl<double, 0>, pinocchio::JointModelHelicalTpl<double, 0, 0>, pinocchio::JointModelHelicalTpl<double, 0, 1>, pinocchio::JointModelHelicalTpl<double, 0, 2>, pinocchio::JointModelHelicalUnalignedTpl<double, 0>, pinocchio::JointModelUniversalTpl<double, 0>, boost::recursive_wrapper<pinocchio::JointModelCompositeTpl<double, 0, pinocchio::JointCollectionDefaultTpl> >, boost::recursive_wrapper<pinocchio::JointModelMimicTpl<double, 0, pinocchio::JointCollectionDefaultTpl> > >&&\x1b[m\x1b[K\xe2\x80\x99\n'}
[5.980665] (gim_arm_hardware) StderrLine: {'line': b' 1770 |     variant(\x1b[01;36m\x1b[Kvariant&& operand\x1b[m\x1b[K) BOOST_NOEXCEPT_IF(variant_move_noexcept_constructible::type::value)\n'}
[5.980690] (gim_arm_hardware) StderrLine: {'line': b'      |             \x1b[01;36m\x1b[K~~~~~~~~~~^~~~~~~\x1b[m\x1b[K\n'}
[5.980714] (gim_arm_hardware) StderrLine: {'line': b'\x1b[01m\x1b[K/usr/include/boost/variant/variant.hpp:1759:5:\x1b[m\x1b[K \x1b[01;36m\x1b[Knote: \x1b[m\x1b[Kcandidate: \xe2\x80\x98\x1b[01m\x1b[Kboost::variant<T0, TN>::variant(const boost::variant<T0, TN>&) [with T0_ = pinocchio::JointModelRevoluteTpl<double, 0, 0>; TN = {pinocchio::JointModelRevoluteTpl<double, 0, 1>, pinocchio::JointModelRevoluteTpl<double, 0, 2>, pinocchio::JointModelFreeFlyerTpl<double, 0>, pinocchio::JointModelPlanarTpl<double, 0>, pinocchio::JointModelRevoluteUnalignedTpl<double, 0>, pinocchio::JointModelSphericalTpl<double, 0>, pinocchio::JointModelSphericalZYXTpl<double, 0>, pinocchio::JointModelEllipsoidTpl<double, 0>, pinocchio::JointModelPrismaticTpl<double, 0, 0>, pinocchio::JointModelPrismaticTpl<double, 0, 1>, pinocchio::JointModelPrismaticTpl<double, 0, 2>, pinocchio::JointModelPrismaticUnalignedTpl<double, 0>, pinocchio::JointModelTranslationTpl<double, 0>, pinocchio::JointModelRevoluteUnboundedTpl<double, 0, 0>, pinocchio::JointModelRevoluteUnboundedTpl<double, 0, 1>, pinocchio::JointModelRevoluteUnboundedTpl<double, 0, 2>, pinocchio::JointModelRevoluteUnboundedUnalignedTpl<double, 0>, pinocchio::JointModelHelicalTpl<double, 0, 0>, pinocchio::JointModelHelicalTpl<double, 0, 1>, pinocchio::JointModelHelicalTpl<double, 0, 2>, pinocchio::JointModelHelicalUnalignedTpl<double, 0>, pinocchio::JointModelUniversalTpl<double, 0>, boost::recursive_wrapper<pinocchio::JointModelCompositeTpl<double, 0, pinocchio::JointCollectionDefaultTpl> >, boost::recursive_wrapper<pinocchio::JointModelMimicTpl<double, 0, pinocchio::JointCollectionDefaultTpl> >}]\x1b[m\x1b[K\xe2\x80\x99\n'}
[5.980747] (gim_arm_hardware) StderrLine: {'line': b' 1759 |     \x1b[01;36m\x1b[Kvariant\x1b[m\x1b[K(const variant& operand)\n'}
[5.980775] (gim_arm_hardware) StderrLine: {'line': b'      |     \x1b[01;36m\x1b[K^~~~~~~\x1b[m\x1b[K\n'}
[5.980799] (gim_arm_hardware) StderrLine: {'line': b'\x1b[01m\x1b[K/usr/include/boost/variant/variant.hpp:1759:28:\x1b[m\x1b[K \x1b[01;36m\x1b[Knote: \x1b[m\x1b[K  no known conversion for argument 1 from \xe2\x80\x98\x1b[01m\x1b[Kconst JointModelDerived\x1b[m\x1b[K\xe2\x80\x99 {aka \xe2\x80\x98\x1b[01m\x1b[Kconst pinocchio::JointModelRevoluteTpl<double, 0, 2>\x1b[m\x1b[K\xe2\x80\x99} to \xe2\x80\x98\x1b[01m\x1b[Kconst boost::variant<pinocchio::JointModelRevoluteTpl<double, 0, 0>, pinocchio::JointModelRevoluteTpl<double, 0, 1>, pinocchio::JointModelRevoluteTpl<double, 0, 2>, pinocchio::JointModelFreeFlyerTpl<double, 0>, pinocchio::JointModelPlanarTpl<double, 0>, pinocchio::JointModelRevoluteUnalignedTpl<double, 0>, pinocchio::JointModelSphericalTpl<double, 0>, pinocchio::JointModelSphericalZYXTpl<double, 0>, pinocchio::JointModelEllipsoidTpl<double, 0>, pinocchio::JointModelPrismaticTpl<double, 0, 0>, pinocchio::JointModelPrismaticTpl<double, 0, 1>, pinocchio::JointModelPrismaticTpl<double, 0, 2>, pinocchio::JointModelPrismaticUnalignedTpl<double, 0>, pinocchio::JointModelTranslationTpl<double, 0>, pinocchio::JointModelRevoluteUnboundedTpl<double, 0, 0>, pinocchio::JointModelRevoluteUnboundedTpl<double, 0, 1>, pinocchio::JointModelRevoluteUnboundedTpl<double, 0, 2>, pinocchio::JointModelRevoluteUnboundedUnalignedTpl<double, 0>, pinocchio::JointModelHelicalTpl<double, 0, 0>, pinocchio::JointModelHelicalTpl<double, 0, 1>, pinocchio::JointModelHelicalTpl<double, 0, 2>, pinocchio::JointModelHelicalUnalignedTpl<double, 0>, pinocchio::JointModelUniversalTpl<double, 0>, boost::recursive_wrapper<pinocchio::JointModelCompositeTpl<double, 0, pinocchio::JointCollectionDefaultTpl> >, boost::recursive_wrapper<pinocchio::JointModelMimicTpl<double, 0, pinocchio::JointCollectionDefaultTpl> > >&\x1b[m\x1b[K\xe2\x80\x99\n'}
[5.980830] (gim_arm_hardware) StderrLine: {'line': b' 1759 |     variant(\x1b[01;36m\x1b[Kconst variant& operand\x1b[m\x1b[K)\n'}
[5.980854] (gim_arm_hardware) StderrLine: {'line': b'      |             \x1b[01;36m\x1b[K~~~~~~~~~~~~~~~^~~~~~~\x1b[m\x1b[K\n'}
[5.980878] (gim_arm_hardware) StderrLine: {'line': b'\x1b[01m\x1b[K/usr/include/boost/variant/variant.hpp:1375:5:\x1b[m\x1b[K \x1b[01;36m\x1b[Knote: \x1b[m\x1b[Kcandidate: \xe2\x80\x98\x1b[01m\x1b[Kboost::variant<T0, TN>::variant() [with T0_ = pinocchio::JointModelRevoluteTpl<double, 0, 0>; TN = {pinocchio::JointModelRevoluteTpl<double, 0, 1>, pinocchio::JointModelRevoluteTpl<double, 0, 2>, pinocchio::JointModelFreeFlyerTpl<double, 0>, pinocchio::JointModelPlanarTpl<double, 0>, pinocchio::JointModelRevoluteUnalignedTpl<double, 0>, pinocchio::JointModelSphericalTpl<double, 0>, pinocchio::JointModelSphericalZYXTpl<double, 0>, pinocchio::JointModelEllipsoidTpl<double, 0>, pinocchio::JointModelPrismaticTpl<double, 0, 0>, pinocchio::JointModelPrismaticTpl<double, 0, 1>, pinocchio::JointModelPrismaticTpl<double, 0, 2>, pinocchio::JointModelPrismaticUnalignedTpl<double, 0>, pinocchio::JointModelTranslationTpl<double, 0>, pinocchio::JointModelRevoluteUnboundedTpl<double, 0, 0>, pinocchio::JointModelRevoluteUnboundedTpl<double, 0, 1>, pinocchio::JointModelRevoluteUnboundedTpl<double, 0, 2>, pinocchio::JointModelRevoluteUnboundedUnalignedTpl<double, 0>, pinocchio::JointModelHelicalTpl<double, 0, 0>, pinocchio::JointModelHelicalTpl<double, 0, 1>, pinocchio::JointModelHelicalTpl<double, 0, 2>, pinocchio::JointModelHelicalUnalignedTpl<double, 0>, pinocchio::JointModelUniversalTpl<double, 0>, boost::recursive_wrapper<pinocchio::JointModelCompositeTpl<double, 0, pinocchio::JointCollectionDefaultTpl> >, boost::recursive_wrapper<pinocchio::JointModelMimicTpl<double, 0, pinocchio::JointCollectionDefaultTpl> >}]\x1b[m\x1b[K\xe2\x80\x99\n'}
[5.980911] (gim_arm_hardware) StderrLine: {'line': b' 1375 |     \x1b[01;36m\x1b[Kvariant\x1b[m\x1b[K()\n'}
[5.980935] (gim_arm_hardware) StderrLine: {'line': b'      |     \x1b[01;36m\x1b[K^~~~~~~\x1b[m\x1b[K\n'}
[5.980960] (gim_arm_hardware) StderrLine: {'line': b'\x1b[01m\x1b[K/usr/include/boost/variant/variant.hpp:1375:5:\x1b[m\x1b[K \x1b[01;36m\x1b[Knote: \x1b[m\x1b[K  candidate expects 0 arguments, 1 provided\n'}
[5.990645] (gim_arm_hardware) StderrLine: {'line': b'In file included from \x1b[01m\x1b[K/opt/ros/humble/include/pinocchio/multibody/joint.hpp:84\x1b[m\x1b[K,\n'}
[5.991608] (gim_arm_hardware) StderrLine: {'line': b'                 from \x1b[01m\x1b[K/opt/ros/humble/include/pinocchio/multibody.hpp:43\x1b[m\x1b[K,\n'}
[5.991705] (gim_arm_hardware) StderrLine: {'line': b'                 from \x1b[01m\x1b[K/opt/ros/humble/include/pinocchio/parsers/urdf.hpp:27\x1b[m\x1b[K,\n'}
[5.991740] (gim_arm_hardware) StderrLine: {'line': b'                 from \x1b[01m\x1b[K/home/minh/gim60108_ws/src/gim_arm_hardware/include/gim_arm_hardware/gim_arm_system.hpp:25\x1b[m\x1b[K,\n'}
[5.991794] (gim_arm_hardware) StderrLine: {'line': b'                 from \x1b[01m\x1b[K/home/minh/gim60108_ws/src/gim_arm_hardware/src/gim_arm_system.cpp:1\x1b[m\x1b[K:\n'}
[5.991843] (gim_arm_hardware) StderrLine: {'line': b'/opt/ros/humble/include/pinocchio/src/multibody/joint/joint-generic.hxx: In instantiation of \xe2\x80\x98\x1b[01m\x1b[Kpinocchio::JointModelTpl<Scalar, Options, JointCollectionTpl>::JointModelTpl(const pinocchio::JointModelBase<OtherDerived>&) [with JointModelDerived = pinocchio::JointModelRevoluteUnalignedTpl<double>; _Scalar = double; int _Options = 0; JointCollectionTpl = pinocchio::JointCollectionDefaultTpl]\x1b[m\x1b[K\xe2\x80\x99:\n'}
[5.991919] (gim_arm_hardware) StderrLine: {'line': b'\x1b[01m\x1b[K/opt/ros/humble/include/pinocchio/src/parsers/urdf/model.hxx:516:34:\x1b[m\x1b[K   required from \xe2\x80\x98\x1b[01m\x1b[Kpinocchio::JointIndex pinocchio::urdf::details::UrdfVisitor::addJoint(const Vector3&, const Frame&, const SE3&, const string&, const VectorConstRef&, const VectorConstRef&, const VectorConstRef&, const VectorConstRef&, const VectorConstRef&, const VectorConstRef&, const VectorConstRef&, const VectorConstRef&, const VectorConstRef&, const VectorConstRef&) [with TypeX = pinocchio::JointModelRevoluteTpl<double, 0, 0>; TypeY = pinocchio::JointModelRevoluteTpl<double, 0, 1>; TypeZ = pinocchio::JointModelRevoluteTpl<double, 0, 2>; TypeUnaligned = pinocchio::JointModelRevoluteUnalignedTpl<double>; pinocchio::JointIndex = long unsigned int; pinocchio::urdf::details::UrdfVisitor::Vector3 = Eigen::Matrix<double, 3, 1>; pinocchio::urdf::details::UrdfVisitor::Frame = pinocchio::FrameTpl<double, 0>; pinocchio::urdf::details::UrdfVisitor::SE3 = pinocchio::SE3Tpl<double, 0>; std::string = std::__cxx11::basic_string<char>; pinocchio::urdf::details::UrdfVisitor::VectorConstRef = Eigen::Ref<const Eigen::Matrix<double, -1, 1> >]\x1b[m\x1b[K\xe2\x80\x99\n'}
[5.991992] (gim_arm_hardware) StderrLine: {'line': b'\x1b[01m\x1b[K/opt/ros/humble/include/pinocchio/src/parsers/urdf/model.hxx:245:69:\x1b[m\x1b[K   required from here\n'}
[5.992021] (gim_arm_hardware) StderrLine: {'line': b'\x1b[01m\x1b[K/opt/ros/humble/include/pinocchio/src/multibody/joint/joint-generic.hxx:306:25:\x1b[m\x1b[K \x1b[01;31m\x1b[Kerror: \x1b[m\x1b[Kno matching function for call to \xe2\x80\x98\x1b[01m\x1b[Kboost::variant<pinocchio::JointModelRevoluteTpl<double, 0, 0>, pinocchio::JointModelRevoluteTpl<double, 0, 1>, pinocchio::JointModelRevoluteTpl<double, 0, 2>, pinocchio::JointModelFreeFlyerTpl<double, 0>, pinocchio::JointModelPlanarTpl<double, 0>, pinocchio::JointModelRevoluteUnalignedTpl<double, 0>, pinocchio::JointModelSphericalTpl<double, 0>, pinocchio::JointModelSphericalZYXTpl<double, 0>, pinocchio::JointModelEllipsoidTpl<double, 0>, pinocchio::JointModelPrismaticTpl<double, 0, 0>, pinocchio::JointModelPrismaticTpl<double, 0, 1>, pinocchio::JointModelPrismaticTpl<double, 0, 2>, pinocchio::JointModelPrismaticUnalignedTpl<double, 0>, pinocchio::JointModelTranslationTpl<double, 0>, pinocchio::JointModelRevoluteUnboundedTpl<double, 0, 0>, pinocchio::JointModelRevoluteUnboundedTpl<double, 0, 1>, pinocchio::JointModelRevoluteUnboundedTpl<double, 0, 2>, pinocchio::JointModelRevoluteUnboundedUnalignedTpl<double, 0>, pinocchio::JointModelHelicalTpl<double, 0, 0>, pinocchio::JointModelHelicalTpl<double, 0, 1>, pinocchio::JointModelHelicalTpl<double, 0, 2>, pinocchio::JointModelHelicalUnalignedTpl<double, 0>, pinocchio::JointModelUniversalTpl<double, 0>, boost::recursive_wrapper<pinocchio::JointModelCompositeTpl<double, 0, pinocchio::JointCollectionDefaultTpl> >, boost::recursive_wrapper<pinocchio::JointModelMimicTpl<double, 0, pinocchio::JointCollectionDefaultTpl> > >::variant(const JointModelDerived&)\x1b[m\x1b[K\xe2\x80\x99\n'}
[5.992070] (gim_arm_hardware) StderrLine: {'line': b'  306 |     : JointModelVariant(\x1b[01;31m\x1b[K(JointModelVariant)jmodel.derived()\x1b[m\x1b[K)\n'}
[5.992099] (gim_arm_hardware) StderrLine: {'line': b'      |                         \x1b[01;31m\x1b[K^~~~~~~~~~~~~~~~~~~~~~~~~~~~~~~~~~~\x1b[m\x1b[K\n'}
[5.992127] (gim_arm_hardware) StderrLine: {'line': b'In file included from \x1b[01m\x1b[K/usr/include/boost/variant.hpp:17\x1b[m\x1b[K,\n'}
[5.992155] (gim_arm_hardware) StderrLine: {'line': b'                 from \x1b[01m\x1b[K/opt/ros/humble/include/pinocchio/multibody.hpp:21\x1b[m\x1b[K,\n'}
[5.992182] (gim_arm_hardware) StderrLine: {'line': b'                 from \x1b[01m\x1b[K/opt/ros/humble/include/pinocchio/parsers/urdf.hpp:27\x1b[m\x1b[K,\n'}
[5.992209] (gim_arm_hardware) StderrLine: {'line': b'                 from \x1b[01m\x1b[K/home/minh/gim60108_ws/src/gim_arm_hardware/include/gim_arm_hardware/gim_arm_system.hpp:25\x1b[m\x1b[K,\n'}
[5.992237] (gim_arm_hardware) StderrLine: {'line': b'                 from \x1b[01m\x1b[K/home/minh/gim60108_ws/src/gim_arm_hardware/src/gim_arm_system.cpp:1\x1b[m\x1b[K:\n'}
[5.992265] (gim_arm_hardware) StderrLine: {'line': b'\x1b[01m\x1b[K/usr/include/boost/variant/variant.hpp:1770:5:\x1b[m\x1b[K \x1b[01;36m\x1b[Knote: \x1b[m\x1b[Kcandidate: \xe2\x80\x98\x1b[01m\x1b[Kboost::variant<T0, TN>::variant(boost::variant<T0, TN>&&) [with T0_ = pinocchio::JointModelRevoluteTpl<double, 0, 0>; TN = {pinocchio::JointModelRevoluteTpl<double, 0, 1>, pinocchio::JointModelRevoluteTpl<double, 0, 2>, pinocchio::JointModelFreeFlyerTpl<double, 0>, pinocchio::JointModelPlanarTpl<double, 0>, pinocchio::JointModelRevoluteUnalignedTpl<double, 0>, pinocchio::JointModelSphericalTpl<double, 0>, pinocchio::JointModelSphericalZYXTpl<double, 0>, pinocchio::JointModelEllipsoidTpl<double, 0>, pinocchio::JointModelPrismaticTpl<double, 0, 0>, pinocchio::JointModelPrismaticTpl<double, 0, 1>, pinocchio::JointModelPrismaticTpl<double, 0, 2>, pinocchio::JointModelPrismaticUnalignedTpl<double, 0>, pinocchio::JointModelTranslationTpl<double, 0>, pinocchio::JointModelRevoluteUnboundedTpl<double, 0, 0>, pinocchio::JointModelRevoluteUnboundedTpl<double, 0, 1>, pinocchio::JointModelRevoluteUnboundedTpl<double, 0, 2>, pinocchio::JointModelRevoluteUnboundedUnalignedTpl<double, 0>, pinocchio::JointModelHelicalTpl<double, 0, 0>, pinocchio::JointModelHelicalTpl<double, 0, 1>, pinocchio::JointModelHelicalTpl<double, 0, 2>, pinocchio::JointModelHelicalUnalignedTpl<double, 0>, pinocchio::JointModelUniversalTpl<double, 0>, boost::recursive_wrapper<pinocchio::JointModelCompositeTpl<double, 0, pinocchio::JointCollectionDefaultTpl> >, boost::recursive_wrapper<pinocchio::JointModelMimicTpl<double, 0, pinocchio::JointCollectionDefaultTpl> >}]\x1b[m\x1b[K\xe2\x80\x99\n'}
[5.992400] (gim_arm_hardware) StderrLine: {'line': b' 1770 |     \x1b[01;36m\x1b[Kvariant\x1b[m\x1b[K(variant&& operand) BOOST_NOEXCEPT_IF(variant_move_noexcept_constructible::type::value)\n'}
[5.992456] (gim_arm_hardware) StderrLine: {'line': b'      |     \x1b[01;36m\x1b[K^~~~~~~\x1b[m\x1b[K\n'}
[5.992484] (gim_arm_hardware) StderrLine: {'line': b'\x1b[01m\x1b[K/usr/include/boost/variant/variant.hpp:1770:23:\x1b[m\x1b[K \x1b[01;36m\x1b[Knote: \x1b[m\x1b[K  no known conversion for argument 1 from \xe2\x80\x98\x1b[01m\x1b[Kconst JointModelDerived\x1b[m\x1b[K\xe2\x80\x99 {aka \xe2\x80\x98\x1b[01m\x1b[Kconst pinocchio::JointModelRevoluteUnalignedTpl<double>\x1b[m\x1b[K\xe2\x80\x99} to \xe2\x80\x98\x1b[01m\x1b[Kboost::variant<pinocchio::JointModelRevoluteTpl<double, 0, 0>, pinocchio::JointModelRevoluteTpl<double, 0, 1>, pinocchio::JointModelRevoluteTpl<double, 0, 2>, pinocchio::JointModelFreeFlyerTpl<double, 0>, pinocchio::JointModelPlanarTpl<double, 0>, pinocchio::JointModelRevoluteUnalignedTpl<double, 0>, pinocchio::JointModelSphericalTpl<double, 0>, pinocchio::JointModelSphericalZYXTpl<double, 0>, pinocchio::JointModelEllipsoidTpl<double, 0>, pinocchio::JointModelPrismaticTpl<double, 0, 0>, pinocchio::JointModelPrismaticTpl<double, 0, 1>, pinocchio::JointModelPrismaticTpl<double, 0, 2>, pinocchio::JointModelPrismaticUnalignedTpl<double, 0>, pinocchio::JointModelTranslationTpl<double, 0>, pinocchio::JointModelRevoluteUnboundedTpl<double, 0, 0>, pinocchio::JointModelRevoluteUnboundedTpl<double, 0, 1>, pinocchio::JointModelRevoluteUnboundedTpl<double, 0, 2>, pinocchio::JointModelRevoluteUnboundedUnalignedTpl<double, 0>, pinocchio::JointModelHelicalTpl<double, 0, 0>, pinocchio::JointModelHelicalTpl<double, 0, 1>, pinocchio::JointModelHelicalTpl<double, 0, 2>, pinocchio::JointModelHelicalUnalignedTpl<double, 0>, pinocchio::JointModelUniversalTpl<double, 0>, boost::recursive_wrapper<pinocchio::JointModelCompositeTpl<double, 0, pinocchio::JointCollectionDefaultTpl> >, boost::recursive_wrapper<pinocchio::JointModelMimicTpl<double, 0, pinocchio::JointCollectionDefaultTpl> > >&&\x1b[m\x1b[K\xe2\x80\x99\n'}
[5.992565] (gim_arm_hardware) StderrLine: {'line': b' 1770 |     variant(\x1b[01;36m\x1b[Kvariant&& operand\x1b[m\x1b[K) BOOST_NOEXCEPT_IF(variant_move_noexcept_constructible::type::value)\n'}
[5.992640] (gim_arm_hardware) StderrLine: {'line': b'      |             \x1b[01;36m\x1b[K~~~~~~~~~~^~~~~~~\x1b[m\x1b[K\n'}
[5.992668] (gim_arm_hardware) StderrLine: {'line': b'\x1b[01m\x1b[K/usr/include/boost/variant/variant.hpp:1759:5:\x1b[m\x1b[K \x1b[01;36m\x1b[Knote: \x1b[m\x1b[Kcandidate: \xe2\x80\x98\x1b[01m\x1b[Kboost::variant<T0, TN>::variant(const boost::variant<T0, TN>&) [with T0_ = pinocchio::JointModelRevoluteTpl<double, 0, 0>; TN = {pinocchio::JointModelRevoluteTpl<double, 0, 1>, pinocchio::JointModelRevoluteTpl<double, 0, 2>, pinocchio::JointModelFreeFlyerTpl<double, 0>, pinocchio::JointModelPlanarTpl<double, 0>, pinocchio::JointModelRevoluteUnalignedTpl<double, 0>, pinocchio::JointModelSphericalTpl<double, 0>, pinocchio::JointModelSphericalZYXTpl<double, 0>, pinocchio::JointModelEllipsoidTpl<double, 0>, pinocchio::JointModelPrismaticTpl<double, 0, 0>, pinocchio::JointModelPrismaticTpl<double, 0, 1>, pinocchio::JointModelPrismaticTpl<double, 0, 2>, pinocchio::JointModelPrismaticUnalignedTpl<double, 0>, pinocchio::JointModelTranslationTpl<double, 0>, pinocchio::JointModelRevoluteUnboundedTpl<double, 0, 0>, pinocchio::JointModelRevoluteUnboundedTpl<double, 0, 1>, pinocchio::JointModelRevoluteUnboundedTpl<double, 0, 2>, pinocchio::JointModelRevoluteUnboundedUnalignedTpl<double, 0>, pinocchio::JointModelHelicalTpl<double, 0, 0>, pinocchio::JointModelHelicalTpl<double, 0, 1>, pinocchio::JointModelHelicalTpl<double, 0, 2>, pinocchio::JointModelHelicalUnalignedTpl<double, 0>, pinocchio::JointModelUniversalTpl<double, 0>, boost::recursive_wrapper<pinocchio::JointModelCompositeTpl<double, 0, pinocchio::JointCollectionDefaultTpl> >, boost::recursive_wrapper<pinocchio::JointModelMimicTpl<double, 0, pinocchio::JointCollectionDefaultTpl> >}]\x1b[m\x1b[K\xe2\x80\x99\n'}
[5.992741] (gim_arm_hardware) StderrLine: {'line': b' 1759 |     \x1b[01;36m\x1b[Kvariant\x1b[m\x1b[K(const variant& operand)\n'}
[5.992766] (gim_arm_hardware) StderrLine: {'line': b'      |     \x1b[01;36m\x1b[K^~~~~~~\x1b[m\x1b[K\n'}
[5.992791] (gim_arm_hardware) StderrLine: {'line': b'\x1b[01m\x1b[K/usr/include/boost/variant/variant.hpp:1759:28:\x1b[m\x1b[K \x1b[01;36m\x1b[Knote: \x1b[m\x1b[K  no known conversion for argument 1 from \xe2\x80\x98\x1b[01m\x1b[Kconst JointModelDerived\x1b[m\x1b[K\xe2\x80\x99 {aka \xe2\x80\x98\x1b[01m\x1b[Kconst pinocchio::JointModelRevoluteUnalignedTpl<double>\x1b[m\x1b[K\xe2\x80\x99} to \xe2\x80\x98\x1b[01m\x1b[Kconst boost::variant<pinocchio::JointModelRevoluteTpl<double, 0, 0>, pinocchio::JointModelRevoluteTpl<double, 0, 1>, pinocchio::JointModelRevoluteTpl<double, 0, 2>, pinocchio::JointModelFreeFlyerTpl<double, 0>, pinocchio::JointModelPlanarTpl<double, 0>, pinocchio::JointModelRevoluteUnalignedTpl<double, 0>, pinocchio::JointModelSphericalTpl<double, 0>, pinocchio::JointModelSphericalZYXTpl<double, 0>, pinocchio::JointModelEllipsoidTpl<double, 0>, pinocchio::JointModelPrismaticTpl<double, 0, 0>, pinocchio::JointModelPrismaticTpl<double, 0, 1>, pinocchio::JointModelPrismaticTpl<double, 0, 2>, pinocchio::JointModelPrismaticUnalignedTpl<double, 0>, pinocchio::JointModelTranslationTpl<double, 0>, pinocchio::JointModelRevoluteUnboundedTpl<double, 0, 0>, pinocchio::JointModelRevoluteUnboundedTpl<double, 0, 1>, pinocchio::JointModelRevoluteUnboundedTpl<double, 0, 2>, pinocchio::JointModelRevoluteUnboundedUnalignedTpl<double, 0>, pinocchio::JointModelHelicalTpl<double, 0, 0>, pinocchio::JointModelHelicalTpl<double, 0, 1>, pinocchio::JointModelHelicalTpl<double, 0, 2>, pinocchio::JointModelHelicalUnalignedTpl<double, 0>, pinocchio::JointModelUniversalTpl<double, 0>, boost::recursive_wrapper<pinocchio::JointModelCompositeTpl<double, 0, pinocchio::JointCollectionDefaultTpl> >, boost::recursive_wrapper<pinocchio::JointModelMimicTpl<double, 0, pinocchio::JointCollectionDefaultTpl> > >&\x1b[m\x1b[K\xe2\x80\x99\n'}
[5.992826] (gim_arm_hardware) StderrLine: {'line': b' 1759 |     variant(\x1b[01;36m\x1b[Kconst variant& operand\x1b[m\x1b[K)\n'}
[5.992850] (gim_arm_hardware) StderrLine: {'line': b'      |             \x1b[01;36m\x1b[K~~~~~~~~~~~~~~~^~~~~~~\x1b[m\x1b[K\n'}
[5.992874] (gim_arm_hardware) StderrLine: {'line': b'\x1b[01m\x1b[K/usr/include/boost/variant/variant.hpp:1375:5:\x1b[m\x1b[K \x1b[01;36m\x1b[Knote: \x1b[m\x1b[Kcandidate: \xe2\x80\x98\x1b[01m\x1b[Kboost::variant<T0, TN>::variant() [with T0_ = pinocchio::JointModelRevoluteTpl<double, 0, 0>; TN = {pinocchio::JointModelRevoluteTpl<double, 0, 1>, pinocchio::JointModelRevoluteTpl<double, 0, 2>, pinocchio::JointModelFreeFlyerTpl<double, 0>, pinocchio::JointModelPlanarTpl<double, 0>, pinocchio::JointModelRevoluteUnalignedTpl<double, 0>, pinocchio::JointModelSphericalTpl<double, 0>, pinocchio::JointModelSphericalZYXTpl<double, 0>, pinocchio::JointModelEllipsoidTpl<double, 0>, pinocchio::JointModelPrismaticTpl<double, 0, 0>, pinocchio::JointModelPrismaticTpl<double, 0, 1>, pinocchio::JointModelPrismaticTpl<double, 0, 2>, pinocchio::JointModelPrismaticUnalignedTpl<double, 0>, pinocchio::JointModelTranslationTpl<double, 0>, pinocchio::JointModelRevoluteUnboundedTpl<double, 0, 0>, pinocchio::JointModelRevoluteUnboundedTpl<double, 0, 1>, pinocchio::JointModelRevoluteUnboundedTpl<double, 0, 2>, pinocchio::JointModelRevoluteUnboundedUnalignedTpl<double, 0>, pinocchio::JointModelHelicalTpl<double, 0, 0>, pinocchio::JointModelHelicalTpl<double, 0, 1>, pinocchio::JointModelHelicalTpl<double, 0, 2>, pinocchio::JointModelHelicalUnalignedTpl<double, 0>, pinocchio::JointModelUniversalTpl<double, 0>, boost::recursive_wrapper<pinocchio::JointModelCompositeTpl<double, 0, pinocchio::JointCollectionDefaultTpl> >, boost::recursive_wrapper<pinocchio::JointModelMimicTpl<double, 0, pinocchio::JointCollectionDefaultTpl> >}]\x1b[m\x1b[K\xe2\x80\x99\n'}
[5.992908] (gim_arm_hardware) StderrLine: {'line': b' 1375 |     \x1b[01;36m\x1b[Kvariant\x1b[m\x1b[K()\n'}
[5.992936] (gim_arm_hardware) StderrLine: {'line': b'      |     \x1b[01;36m\x1b[K^~~~~~~\x1b[m\x1b[K\n'}
[5.992962] (gim_arm_hardware) StderrLine: {'line': b'\x1b[01m\x1b[K/usr/include/boost/variant/variant.hpp:1375:5:\x1b[m\x1b[K \x1b[01;36m\x1b[Knote: \x1b[m\x1b[K  candidate expects 0 arguments, 1 provided\n'}
[5.992990] (gim_arm_hardware) StderrLine: {'line': b'In file included from \x1b[01m\x1b[K/opt/ros/humble/include/pinocchio/multibody/joint.hpp:84\x1b[m\x1b[K,\n'}
[5.993017] (gim_arm_hardware) StderrLine: {'line': b'                 from \x1b[01m\x1b[K/opt/ros/humble/include/pinocchio/multibody.hpp:43\x1b[m\x1b[K,\n'}
[5.993043] (gim_arm_hardware) StderrLine: {'line': b'                 from \x1b[01m\x1b[K/opt/ros/humble/include/pinocchio/parsers/urdf.hpp:27\x1b[m\x1b[K,\n'}
[5.993070] (gim_arm_hardware) StderrLine: {'line': b'                 from \x1b[01m\x1b[K/home/minh/gim60108_ws/src/gim_arm_hardware/include/gim_arm_hardware/gim_arm_system.hpp:25\x1b[m\x1b[K,\n'}
[5.993097] (gim_arm_hardware) StderrLine: {'line': b'                 from \x1b[01m\x1b[K/home/minh/gim60108_ws/src/gim_arm_hardware/src/gim_arm_system.cpp:1\x1b[m\x1b[K:\n'}
[5.993125] (gim_arm_hardware) StderrLine: {'line': b'/opt/ros/humble/include/pinocchio/src/multibody/joint/joint-generic.hxx: In instantiation of \xe2\x80\x98\x1b[01m\x1b[Kpinocchio::JointModelTpl<Scalar, Options, JointCollectionTpl>::JointModelTpl(const pinocchio::JointModelBase<OtherDerived>&) [with JointModelDerived = pinocchio::JointModelRevoluteUnboundedTpl<double, 0, 0>; _Scalar = double; int _Options = 0; JointCollectionTpl = pinocchio::JointCollectionDefaultTpl]\x1b[m\x1b[K\xe2\x80\x99:\n'}
[5.993156] (gim_arm_hardware) StderrLine: {'line': b'\x1b[01m\x1b[K/opt/ros/humble/include/pinocchio/src/parsers/urdf/model.hxx:495:34:\x1b[m\x1b[K   required from \xe2\x80\x98\x1b[01m\x1b[Kpinocchio::JointIndex pinocchio::urdf::details::UrdfVisitor::addJoint(const Vector3&, const Frame&, const SE3&, const string&, const VectorConstRef&, const VectorConstRef&, const VectorConstRef&, const VectorConstRef&, const VectorConstRef&, const VectorConstRef&, const VectorConstRef&, const VectorConstRef&, const VectorConstRef&, const VectorConstRef&) [with TypeX = pinocchio::JointModelRevoluteUnboundedTpl<double, 0, 0>; TypeY = pinocchio::JointModelRevoluteUnboundedTpl<double, 0, 1>; TypeZ = pinocchio::JointModelRevoluteUnboundedTpl<double, 0, 2>; TypeUnaligned = pinocchio::JointModelRevoluteUnboundedUnalignedTpl<double>; pinocchio::JointIndex = long unsigned int; pinocchio::urdf::details::UrdfVisitor::Vector3 = Eigen::Matrix<double, 3, 1>; pinocchio::urdf::details::UrdfVisitor::Frame = pinocchio::FrameTpl<double, 0>; pinocchio::urdf::details::UrdfVisitor::SE3 = pinocchio::SE3Tpl<double, 0>; std::string = std::__cxx11::basic_string<char>; pinocchio::urdf::details::UrdfVisitor::VectorConstRef = Eigen::Ref<const Eigen::Matrix<double, -1, 1> >]\x1b[m\x1b[K\xe2\x80\x99\n'}
[5.993233] (gim_arm_hardware) StderrLine: {'line': b'\x1b[01m\x1b[K/opt/ros/humble/include/pinocchio/src/parsers/urdf/model.hxx:254:78:\x1b[m\x1b[K   required from here\n'}
[5.993284] (gim_arm_hardware) StderrLine: {'line': b'\x1b[01m\x1b[K/opt/ros/humble/include/pinocchio/src/multibody/joint/joint-generic.hxx:306:25:\x1b[m\x1b[K \x1b[01;31m\x1b[Kerror: \x1b[m\x1b[Kno matching function for call to \xe2\x80\x98\x1b[01m\x1b[Kboost::variant<pinocchio::JointModelRevoluteTpl<double, 0, 0>, pinocchio::JointModelRevoluteTpl<double, 0, 1>, pinocchio::JointModelRevoluteTpl<double, 0, 2>, pinocchio::JointModelFreeFlyerTpl<double, 0>, pinocchio::JointModelPlanarTpl<double, 0>, pinocchio::JointModelRevoluteUnalignedTpl<double, 0>, pinocchio::JointModelSphericalTpl<double, 0>, pinocchio::JointModelSphericalZYXTpl<double, 0>, pinocchio::JointModelEllipsoidTpl<double, 0>, pinocchio::JointModelPrismaticTpl<double, 0, 0>, pinocchio::JointModelPrismaticTpl<double, 0, 1>, pinocchio::JointModelPrismaticTpl<double, 0, 2>, pinocchio::JointModelPrismaticUnalignedTpl<double, 0>, pinocchio::JointModelTranslationTpl<double, 0>, pinocchio::JointModelRevoluteUnboundedTpl<double, 0, 0>, pinocchio::JointModelRevoluteUnboundedTpl<double, 0, 1>, pinocchio::JointModelRevoluteUnboundedTpl<double, 0, 2>, pinocchio::JointModelRevoluteUnboundedUnalignedTpl<double, 0>, pinocchio::JointModelHelicalTpl<double, 0, 0>, pinocchio::JointModelHelicalTpl<double, 0, 1>, pinocchio::JointModelHelicalTpl<double, 0, 2>, pinocchio::JointModelHelicalUnalignedTpl<double, 0>, pinocchio::JointModelUniversalTpl<double, 0>, boost::recursive_wrapper<pinocchio::JointModelCompositeTpl<double, 0, pinocchio::JointCollectionDefaultTpl> >, boost::recursive_wrapper<pinocchio::JointModelMimicTpl<double, 0, pinocchio::JointCollectionDefaultTpl> > >::variant(const JointModelDerived&)\x1b[m\x1b[K\xe2\x80\x99\n'}
[5.993342] (gim_arm_hardware) StderrLine: {'line': b'  306 |     : JointModelVariant(\x1b[01;31m\x1b[K(JointModelVariant)jmodel.derived()\x1b[m\x1b[K)\n'}
[5.993368] (gim_arm_hardware) StderrLine: {'line': b'      |                         \x1b[01;31m\x1b[K^~~~~~~~~~~~~~~~~~~~~~~~~~~~~~~~~~~\x1b[m\x1b[K\n'}
[5.993392] (gim_arm_hardware) StderrLine: {'line': b'In file included from \x1b[01m\x1b[K/usr/include/boost/variant.hpp:17\x1b[m\x1b[K,\n'}
[5.993417] (gim_arm_hardware) StderrLine: {'line': b'                 from \x1b[01m\x1b[K/opt/ros/humble/include/pinocchio/multibody.hpp:21\x1b[m\x1b[K,\n'}
[5.993441] (gim_arm_hardware) StderrLine: {'line': b'                 from \x1b[01m\x1b[K/opt/ros/humble/include/pinocchio/parsers/urdf.hpp:27\x1b[m\x1b[K,\n'}
[5.993465] (gim_arm_hardware) StderrLine: {'line': b'                 from \x1b[01m\x1b[K/home/minh/gim60108_ws/src/gim_arm_hardware/include/gim_arm_hardware/gim_arm_system.hpp:25\x1b[m\x1b[K,\n'}
[5.993489] (gim_arm_hardware) StderrLine: {'line': b'                 from \x1b[01m\x1b[K/home/minh/gim60108_ws/src/gim_arm_hardware/src/gim_arm_system.cpp:1\x1b[m\x1b[K:\n'}
[5.993518] (gim_arm_hardware) StderrLine: {'line': b'\x1b[01m\x1b[K/usr/include/boost/variant/variant.hpp:1770:5:\x1b[m\x1b[K \x1b[01;36m\x1b[Knote: \x1b[m\x1b[Kcandidate: \xe2\x80\x98\x1b[01m\x1b[Kboost::variant<T0, TN>::variant(boost::variant<T0, TN>&&) [with T0_ = pinocchio::JointModelRevoluteTpl<double, 0, 0>; TN = {pinocchio::JointModelRevoluteTpl<double, 0, 1>, pinocchio::JointModelRevoluteTpl<double, 0, 2>, pinocchio::JointModelFreeFlyerTpl<double, 0>, pinocchio::JointModelPlanarTpl<double, 0>, pinocchio::JointModelRevoluteUnalignedTpl<double, 0>, pinocchio::JointModelSphericalTpl<double, 0>, pinocchio::JointModelSphericalZYXTpl<double, 0>, pinocchio::JointModelEllipsoidTpl<double, 0>, pinocchio::JointModelPrismaticTpl<double, 0, 0>, pinocchio::JointModelPrismaticTpl<double, 0, 1>, pinocchio::JointModelPrismaticTpl<double, 0, 2>, pinocchio::JointModelPrismaticUnalignedTpl<double, 0>, pinocchio::JointModelTranslationTpl<double, 0>, pinocchio::JointModelRevoluteUnboundedTpl<double, 0, 0>, pinocchio::JointModelRevoluteUnboundedTpl<double, 0, 1>, pinocchio::JointModelRevoluteUnboundedTpl<double, 0, 2>, pinocchio::JointModelRevoluteUnboundedUnalignedTpl<double, 0>, pinocchio::JointModelHelicalTpl<double, 0, 0>, pinocchio::JointModelHelicalTpl<double, 0, 1>, pinocchio::JointModelHelicalTpl<double, 0, 2>, pinocchio::JointModelHelicalUnalignedTpl<double, 0>, pinocchio::JointModelUniversalTpl<double, 0>, boost::recursive_wrapper<pinocchio::JointModelCompositeTpl<double, 0, pinocchio::JointCollectionDefaultTpl> >, boost::recursive_wrapper<pinocchio::JointModelMimicTpl<double, 0, pinocchio::JointCollectionDefaultTpl> >}]\x1b[m\x1b[K\xe2\x80\x99\n'}
[5.993558] (gim_arm_hardware) StderrLine: {'line': b' 1770 |     \x1b[01;36m\x1b[Kvariant\x1b[m\x1b[K(variant&& operand) BOOST_NOEXCEPT_IF(variant_move_noexcept_constructible::type::value)\n'}
[5.993583] (gim_arm_hardware) StderrLine: {'line': b'      |     \x1b[01;36m\x1b[K^~~~~~~\x1b[m\x1b[K\n'}
[5.993607] (gim_arm_hardware) StderrLine: {'line': b'\x1b[01m\x1b[K/usr/include/boost/variant/variant.hpp:1770:23:\x1b[m\x1b[K \x1b[01;36m\x1b[Knote: \x1b[m\x1b[K  no known conversion for argument 1 from \xe2\x80\x98\x1b[01m\x1b[Kconst JointModelDerived\x1b[m\x1b[K\xe2\x80\x99 {aka \xe2\x80\x98\x1b[01m\x1b[Kconst pinocchio::JointModelRevoluteUnboundedTpl<double, 0, 0>\x1b[m\x1b[K\xe2\x80\x99} to \xe2\x80\x98\x1b[01m\x1b[Kboost::variant<pinocchio::JointModelRevoluteTpl<double, 0, 0>, pinocchio::JointModelRevoluteTpl<double, 0, 1>, pinocchio::JointModelRevoluteTpl<double, 0, 2>, pinocchio::JointModelFreeFlyerTpl<double, 0>, pinocchio::JointModelPlanarTpl<double, 0>, pinocchio::JointModelRevoluteUnalignedTpl<double, 0>, pinocchio::JointModelSphericalTpl<double, 0>, pinocchio::JointModelSphericalZYXTpl<double, 0>, pinocchio::JointModelEllipsoidTpl<double, 0>, pinocchio::JointModelPrismaticTpl<double, 0, 0>, pinocchio::JointModelPrismaticTpl<double, 0, 1>, pinocchio::JointModelPrismaticTpl<double, 0, 2>, pinocchio::JointModelPrismaticUnalignedTpl<double, 0>, pinocchio::JointModelTranslationTpl<double, 0>, pinocchio::JointModelRevoluteUnboundedTpl<double, 0, 0>, pinocchio::JointModelRevoluteUnboundedTpl<double, 0, 1>, pinocchio::JointModelRevoluteUnboundedTpl<double, 0, 2>, pinocchio::JointModelRevoluteUnboundedUnalignedTpl<double, 0>, pinocchio::JointModelHelicalTpl<double, 0, 0>, pinocchio::JointModelHelicalTpl<double, 0, 1>, pinocchio::JointModelHelicalTpl<double, 0, 2>, pinocchio::JointModelHelicalUnalignedTpl<double, 0>, pinocchio::JointModelUniversalTpl<double, 0>, boost::recursive_wrapper<pinocchio::JointModelCompositeTpl<double, 0, pinocchio::JointCollectionDefaultTpl> >, boost::recursive_wrapper<pinocchio::JointModelMimicTpl<double, 0, pinocchio::JointCollectionDefaultTpl> > >&&\x1b[m\x1b[K\xe2\x80\x99\n'}
[5.993643] (gim_arm_hardware) StderrLine: {'line': b' 1770 |     variant(\x1b[01;36m\x1b[Kvariant&& operand\x1b[m\x1b[K) BOOST_NOEXCEPT_IF(variant_move_noexcept_constructible::type::value)\n'}
[5.993668] (gim_arm_hardware) StderrLine: {'line': b'      |             \x1b[01;36m\x1b[K~~~~~~~~~~^~~~~~~\x1b[m\x1b[K\n'}
[5.993692] (gim_arm_hardware) StderrLine: {'line': b'\x1b[01m\x1b[K/usr/include/boost/variant/variant.hpp:1759:5:\x1b[m\x1b[K \x1b[01;36m\x1b[Knote: \x1b[m\x1b[Kcandidate: \xe2\x80\x98\x1b[01m\x1b[Kboost::variant<T0, TN>::variant(const boost::variant<T0, TN>&) [with T0_ = pinocchio::JointModelRevoluteTpl<double, 0, 0>; TN = {pinocchio::JointModelRevoluteTpl<double, 0, 1>, pinocchio::JointModelRevoluteTpl<double, 0, 2>, pinocchio::JointModelFreeFlyerTpl<double, 0>, pinocchio::JointModelPlanarTpl<double, 0>, pinocchio::JointModelRevoluteUnalignedTpl<double, 0>, pinocchio::JointModelSphericalTpl<double, 0>, pinocchio::JointModelSphericalZYXTpl<double, 0>, pinocchio::JointModelEllipsoidTpl<double, 0>, pinocchio::JointModelPrismaticTpl<double, 0, 0>, pinocchio::JointModelPrismaticTpl<double, 0, 1>, pinocchio::JointModelPrismaticTpl<double, 0, 2>, pinocchio::JointModelPrismaticUnalignedTpl<double, 0>, pinocchio::JointModelTranslationTpl<double, 0>, pinocchio::JointModelRevoluteUnboundedTpl<double, 0, 0>, pinocchio::JointModelRevoluteUnboundedTpl<double, 0, 1>, pinocchio::JointModelRevoluteUnboundedTpl<double, 0, 2>, pinocchio::JointModelRevoluteUnboundedUnalignedTpl<double, 0>, pinocchio::JointModelHelicalTpl<double, 0, 0>, pinocchio::JointModelHelicalTpl<double, 0, 1>, pinocchio::JointModelHelicalTpl<double, 0, 2>, pinocchio::JointModelHelicalUnalignedTpl<double, 0>, pinocchio::JointModelUniversalTpl<double, 0>, boost::recursive_wrapper<pinocchio::JointModelCompositeTpl<double, 0, pinocchio::JointCollectionDefaultTpl> >, boost::recursive_wrapper<pinocchio::JointModelMimicTpl<double, 0, pinocchio::JointCollectionDefaultTpl> >}]\x1b[m\x1b[K\xe2\x80\x99\n'}
[5.993727] (gim_arm_hardware) StderrLine: {'line': b' 1759 |     \x1b[01;36m\x1b[Kvariant\x1b[m\x1b[K(const variant& operand)\n'}
[5.993751] (gim_arm_hardware) StderrLine: {'line': b'      |     \x1b[01;36m\x1b[K^~~~~~~\x1b[m\x1b[K\n'}
[5.993776] (gim_arm_hardware) StderrLine: {'line': b'\x1b[01m\x1b[K/usr/include/boost/variant/variant.hpp:1759:28:\x1b[m\x1b[K \x1b[01;36m\x1b[Knote: \x1b[m\x1b[K  no known conversion for argument 1 from \xe2\x80\x98\x1b[01m\x1b[Kconst JointModelDerived\x1b[m\x1b[K\xe2\x80\x99 {aka \xe2\x80\x98\x1b[01m\x1b[Kconst pinocchio::JointModelRevoluteUnboundedTpl<double, 0, 0>\x1b[m\x1b[K\xe2\x80\x99} to \xe2\x80\x98\x1b[01m\x1b[Kconst boost::variant<pinocchio::JointModelRevoluteTpl<double, 0, 0>, pinocchio::JointModelRevoluteTpl<double, 0, 1>, pinocchio::JointModelRevoluteTpl<double, 0, 2>, pinocchio::JointModelFreeFlyerTpl<double, 0>, pinocchio::JointModelPlanarTpl<double, 0>, pinocchio::JointModelRevoluteUnalignedTpl<double, 0>, pinocchio::JointModelSphericalTpl<double, 0>, pinocchio::JointModelSphericalZYXTpl<double, 0>, pinocchio::JointModelEllipsoidTpl<double, 0>, pinocchio::JointModelPrismaticTpl<double, 0, 0>, pinocchio::JointModelPrismaticTpl<double, 0, 1>, pinocchio::JointModelPrismaticTpl<double, 0, 2>, pinocchio::JointModelPrismaticUnalignedTpl<double, 0>, pinocchio::JointModelTranslationTpl<double, 0>, pinocchio::JointModelRevoluteUnboundedTpl<double, 0, 0>, pinocchio::JointModelRevoluteUnboundedTpl<double, 0, 1>, pinocchio::JointModelRevoluteUnboundedTpl<double, 0, 2>, pinocchio::JointModelRevoluteUnboundedUnalignedTpl<double, 0>, pinocchio::JointModelHelicalTpl<double, 0, 0>, pinocchio::JointModelHelicalTpl<double, 0, 1>, pinocchio::JointModelHelicalTpl<double, 0, 2>, pinocchio::JointModelHelicalUnalignedTpl<double, 0>, pinocchio::JointModelUniversalTpl<double, 0>, boost::recursive_wrapper<pinocchio::JointModelCompositeTpl<double, 0, pinocchio::JointCollectionDefaultTpl> >, boost::recursive_wrapper<pinocchio::JointModelMimicTpl<double, 0, pinocchio::JointCollectionDefaultTpl> > >&\x1b[m\x1b[K\xe2\x80\x99\n'}
[5.993807] (gim_arm_hardware) StderrLine: {'line': b' 1759 |     variant(\x1b[01;36m\x1b[Kconst variant& operand\x1b[m\x1b[K)\n'}
[5.993832] (gim_arm_hardware) StderrLine: {'line': b'      |             \x1b[01;36m\x1b[K~~~~~~~~~~~~~~~^~~~~~~\x1b[m\x1b[K\n'}
[5.993856] (gim_arm_hardware) StderrLine: {'line': b'\x1b[01m\x1b[K/usr/include/boost/variant/variant.hpp:1375:5:\x1b[m\x1b[K \x1b[01;36m\x1b[Knote: \x1b[m\x1b[Kcandidate: \xe2\x80\x98\x1b[01m\x1b[Kboost::variant<T0, TN>::variant() [with T0_ = pinocchio::JointModelRevoluteTpl<double, 0, 0>; TN = {pinocchio::JointModelRevoluteTpl<double, 0, 1>, pinocchio::JointModelRevoluteTpl<double, 0, 2>, pinocchio::JointModelFreeFlyerTpl<double, 0>, pinocchio::JointModelPlanarTpl<double, 0>, pinocchio::JointModelRevoluteUnalignedTpl<double, 0>, pinocchio::JointModelSphericalTpl<double, 0>, pinocchio::JointModelSphericalZYXTpl<double, 0>, pinocchio::JointModelEllipsoidTpl<double, 0>, pinocchio::JointModelPrismaticTpl<double, 0, 0>, pinocchio::JointModelPrismaticTpl<double, 0, 1>, pinocchio::JointModelPrismaticTpl<double, 0, 2>, pinocchio::JointModelPrismaticUnalignedTpl<double, 0>, pinocchio::JointModelTranslationTpl<double, 0>, pinocchio::JointModelRevoluteUnboundedTpl<double, 0, 0>, pinocchio::JointModelRevoluteUnboundedTpl<double, 0, 1>, pinocchio::JointModelRevoluteUnboundedTpl<double, 0, 2>, pinocchio::JointModelRevoluteUnboundedUnalignedTpl<double, 0>, pinocchio::JointModelHelicalTpl<double, 0, 0>, pinocchio::JointModelHelicalTpl<double, 0, 1>, pinocchio::JointModelHelicalTpl<double, 0, 2>, pinocchio::JointModelHelicalUnalignedTpl<double, 0>, pinocchio::JointModelUniversalTpl<double, 0>, boost::recursive_wrapper<pinocchio::JointModelCompositeTpl<double, 0, pinocchio::JointCollectionDefaultTpl> >, boost::recursive_wrapper<pinocchio::JointModelMimicTpl<double, 0, pinocchio::JointCollectionDefaultTpl> >}]\x1b[m\x1b[K\xe2\x80\x99\n'}
[5.993892] (gim_arm_hardware) StderrLine: {'line': b' 1375 |     \x1b[01;36m\x1b[Kvariant\x1b[m\x1b[K()\n'}
[5.993916] (gim_arm_hardware) StderrLine: {'line': b'      |     \x1b[01;36m\x1b[K^~~~~~~\x1b[m\x1b[K\n'}
[5.993941] (gim_arm_hardware) StderrLine: {'line': b'\x1b[01m\x1b[K/usr/include/boost/variant/variant.hpp:1375:5:\x1b[m\x1b[K \x1b[01;36m\x1b[Knote: \x1b[m\x1b[K  candidate expects 0 arguments, 1 provided\n'}
[5.993965] (gim_arm_hardware) StderrLine: {'line': b'In file included from \x1b[01m\x1b[K/opt/ros/humble/include/pinocchio/multibody/joint.hpp:84\x1b[m\x1b[K,\n'}
[5.993990] (gim_arm_hardware) StderrLine: {'line': b'                 from \x1b[01m\x1b[K/opt/ros/humble/include/pinocchio/multibody.hpp:43\x1b[m\x1b[K,\n'}
[5.994016] (gim_arm_hardware) StderrLine: {'line': b'                 from \x1b[01m\x1b[K/opt/ros/humble/include/pinocchio/parsers/urdf.hpp:27\x1b[m\x1b[K,\n'}
[5.994040] (gim_arm_hardware) StderrLine: {'line': b'                 from \x1b[01m\x1b[K/home/minh/gim60108_ws/src/gim_arm_hardware/include/gim_arm_hardware/gim_arm_system.hpp:25\x1b[m\x1b[K,\n'}
[5.994064] (gim_arm_hardware) StderrLine: {'line': b'                 from \x1b[01m\x1b[K/home/minh/gim60108_ws/src/gim_arm_hardware/src/gim_arm_system.cpp:1\x1b[m\x1b[K:\n'}
[5.994091] (gim_arm_hardware) StderrLine: {'line': b'/opt/ros/humble/include/pinocchio/src/multibody/joint/joint-generic.hxx: In instantiation of \xe2\x80\x98\x1b[01m\x1b[Kpinocchio::JointModelTpl<Scalar, Options, JointCollectionTpl>::JointModelTpl(const pinocchio::JointModelBase<OtherDerived>&) [with JointModelDerived = pinocchio::JointModelRevoluteUnboundedTpl<double, 0, 1>; _Scalar = double; int _Options = 0; JointCollectionTpl = pinocchio::JointCollectionDefaultTpl]\x1b[m\x1b[K\xe2\x80\x99:\n'}
[5.994116] (gim_arm_hardware) StderrLine: {'line': b'\x1b[01m\x1b[K/opt/ros/humble/include/pinocchio/src/parsers/urdf/model.hxx:502:34:\x1b[m\x1b[K   required from \xe2\x80\x98\x1b[01m\x1b[Kpinocchio::JointIndex pinocchio::urdf::details::UrdfVisitor::addJoint(const Vector3&, const Frame&, const SE3&, const string&, const VectorConstRef&, const VectorConstRef&, const VectorConstRef&, const VectorConstRef&, const VectorConstRef&, const VectorConstRef&, const VectorConstRef&, const VectorConstRef&, const VectorConstRef&, const VectorConstRef&) [with TypeX = pinocchio::JointModelRevoluteUnboundedTpl<double, 0, 0>; TypeY = pinocchio::JointModelRevoluteUnboundedTpl<double, 0, 1>; TypeZ = pinocchio::JointModelRevoluteUnboundedTpl<double, 0, 2>; TypeUnaligned = pinocchio::JointModelRevoluteUnboundedUnalignedTpl<double>; pinocchio::JointIndex = long unsigned int; pinocchio::urdf::details::UrdfVisitor::Vector3 = Eigen::Matrix<double, 3, 1>; pinocchio::urdf::details::UrdfVisitor::Frame = pinocchio::FrameTpl<double, 0>; pinocchio::urdf::details::UrdfVisitor::SE3 = pinocchio::SE3Tpl<double, 0>; std::string = std::__cxx11::basic_string<char>; pinocchio::urdf::details::UrdfVisitor::VectorConstRef = Eigen::Ref<const Eigen::Matrix<double, -1, 1> >]\x1b[m\x1b[K\xe2\x80\x99\n'}
[5.994144] (gim_arm_hardware) StderrLine: {'line': b'\x1b[01m\x1b[K/opt/ros/humble/include/pinocchio/src/parsers/urdf/model.hxx:254:78:\x1b[m\x1b[K   required from here\n'}
[5.994167] (gim_arm_hardware) StderrLine: {'line': b'\x1b[01m\x1b[K/opt/ros/humble/include/pinocchio/src/multibody/joint/joint-generic.hxx:306:25:\x1b[m\x1b[K \x1b[01;31m\x1b[Kerror: \x1b[m\x1b[Kno matching function for call to \xe2\x80\x98\x1b[01m\x1b[Kboost::variant<pinocchio::JointModelRevoluteTpl<double, 0, 0>, pinocchio::JointModelRevoluteTpl<double, 0, 1>, pinocchio::JointModelRevoluteTpl<double, 0, 2>, pinocchio::JointModelFreeFlyerTpl<double, 0>, pinocchio::JointModelPlanarTpl<double, 0>, pinocchio::JointModelRevoluteUnalignedTpl<double, 0>, pinocchio::JointModelSphericalTpl<double, 0>, pinocchio::JointModelSphericalZYXTpl<double, 0>, pinocchio::JointModelEllipsoidTpl<double, 0>, pinocchio::JointModelPrismaticTpl<double, 0, 0>, pinocchio::JointModelPrismaticTpl<double, 0, 1>, pinocchio::JointModelPrismaticTpl<double, 0, 2>, pinocchio::JointModelPrismaticUnalignedTpl<double, 0>, pinocchio::JointModelTranslationTpl<double, 0>, pinocchio::JointModelRevoluteUnboundedTpl<double, 0, 0>, pinocchio::JointModelRevoluteUnboundedTpl<double, 0, 1>, pinocchio::JointModelRevoluteUnboundedTpl<double, 0, 2>, pinocchio::JointModelRevoluteUnboundedUnalignedTpl<double, 0>, pinocchio::JointModelHelicalTpl<double, 0, 0>, pinocchio::JointModelHelicalTpl<double, 0, 1>, pinocchio::JointModelHelicalTpl<double, 0, 2>, pinocchio::JointModelHelicalUnalignedTpl<double, 0>, pinocchio::JointModelUniversalTpl<double, 0>, boost::recursive_wrapper<pinocchio::JointModelCompositeTpl<double, 0, pinocchio::JointCollectionDefaultTpl> >, boost::recursive_wrapper<pinocchio::JointModelMimicTpl<double, 0, pinocchio::JointCollectionDefaultTpl> > >::variant(const JointModelDerived&)\x1b[m\x1b[K\xe2\x80\x99\n'}
[5.994201] (gim_arm_hardware) StderrLine: {'line': b'  306 |     : JointModelVariant(\x1b[01;31m\x1b[K(JointModelVariant)jmodel.derived()\x1b[m\x1b[K)\n'}
[5.994225] (gim_arm_hardware) StderrLine: {'line': b'      |                         \x1b[01;31m\x1b[K^~~~~~~~~~~~~~~~~~~~~~~~~~~~~~~~~~~\x1b[m\x1b[K\n'}
[5.994249] (gim_arm_hardware) StderrLine: {'line': b'In file included from \x1b[01m\x1b[K/usr/include/boost/variant.hpp:17\x1b[m\x1b[K,\n'}
[5.994273] (gim_arm_hardware) StderrLine: {'line': b'                 from \x1b[01m\x1b[K/opt/ros/humble/include/pinocchio/multibody.hpp:21\x1b[m\x1b[K,\n'}
[5.994296] (gim_arm_hardware) StderrLine: {'line': b'                 from \x1b[01m\x1b[K/opt/ros/humble/include/pinocchio/parsers/urdf.hpp:27\x1b[m\x1b[K,\n'}
[5.994323] (gim_arm_hardware) StderrLine: {'line': b'                 from \x1b[01m\x1b[K/home/minh/gim60108_ws/src/gim_arm_hardware/include/gim_arm_hardware/gim_arm_system.hpp:25\x1b[m\x1b[K,\n'}
[5.994348] (gim_arm_hardware) StderrLine: {'line': b'                 from \x1b[01m\x1b[K/home/minh/gim60108_ws/src/gim_arm_hardware/src/gim_arm_system.cpp:1\x1b[m\x1b[K:\n'}
[5.994372] (gim_arm_hardware) StderrLine: {'line': b'\x1b[01m\x1b[K/usr/include/boost/variant/variant.hpp:1770:5:\x1b[m\x1b[K \x1b[01;36m\x1b[Knote: \x1b[m\x1b[Kcandidate: \xe2\x80\x98\x1b[01m\x1b[Kboost::variant<T0, TN>::variant(boost::variant<T0, TN>&&) [with T0_ = pinocchio::JointModelRevoluteTpl<double, 0, 0>; TN = {pinocchio::JointModelRevoluteTpl<double, 0, 1>, pinocchio::JointModelRevoluteTpl<double, 0, 2>, pinocchio::JointModelFreeFlyerTpl<double, 0>, pinocchio::JointModelPlanarTpl<double, 0>, pinocchio::JointModelRevoluteUnalignedTpl<double, 0>, pinocchio::JointModelSphericalTpl<double, 0>, pinocchio::JointModelSphericalZYXTpl<double, 0>, pinocchio::JointModelEllipsoidTpl<double, 0>, pinocchio::JointModelPrismaticTpl<double, 0, 0>, pinocchio::JointModelPrismaticTpl<double, 0, 1>, pinocchio::JointModelPrismaticTpl<double, 0, 2>, pinocchio::JointModelPrismaticUnalignedTpl<double, 0>, pinocchio::JointModelTranslationTpl<double, 0>, pinocchio::JointModelRevoluteUnboundedTpl<double, 0, 0>, pinocchio::JointModelRevoluteUnboundedTpl<double, 0, 1>, pinocchio::JointModelRevoluteUnboundedTpl<double, 0, 2>, pinocchio::JointModelRevoluteUnboundedUnalignedTpl<double, 0>, pinocchio::JointModelHelicalTpl<double, 0, 0>, pinocchio::JointModelHelicalTpl<double, 0, 1>, pinocchio::JointModelHelicalTpl<double, 0, 2>, pinocchio::JointModelHelicalUnalignedTpl<double, 0>, pinocchio::JointModelUniversalTpl<double, 0>, boost::recursive_wrapper<pinocchio::JointModelCompositeTpl<double, 0, pinocchio::JointCollectionDefaultTpl> >, boost::recursive_wrapper<pinocchio::JointModelMimicTpl<double, 0, pinocchio::JointCollectionDefaultTpl> >}]\x1b[m\x1b[K\xe2\x80\x99\n'}
[5.994403] (gim_arm_hardware) StderrLine: {'line': b' 1770 |     \x1b[01;36m\x1b[Kvariant\x1b[m\x1b[K(variant&& operand) BOOST_NOEXCEPT_IF(variant_move_noexcept_constructible::type::value)\n'}
[5.994431] (gim_arm_hardware) StderrLine: {'line': b'      |     \x1b[01;36m\x1b[K^~~~~~~\x1b[m\x1b[K\n'}
[5.994455] (gim_arm_hardware) StderrLine: {'line': b'\x1b[01m\x1b[K/usr/include/boost/variant/variant.hpp:1770:23:\x1b[m\x1b[K \x1b[01;36m\x1b[Knote: \x1b[m\x1b[K  no known conversion for argument 1 from \xe2\x80\x98\x1b[01m\x1b[Kconst JointModelDerived\x1b[m\x1b[K\xe2\x80\x99 {aka \xe2\x80\x98\x1b[01m\x1b[Kconst pinocchio::JointModelRevoluteUnboundedTpl<double, 0, 1>\x1b[m\x1b[K\xe2\x80\x99} to \xe2\x80\x98\x1b[01m\x1b[Kboost::variant<pinocchio::JointModelRevoluteTpl<double, 0, 0>, pinocchio::JointModelRevoluteTpl<double, 0, 1>, pinocchio::JointModelRevoluteTpl<double, 0, 2>, pinocchio::JointModelFreeFlyerTpl<double, 0>, pinocchio::JointModelPlanarTpl<double, 0>, pinocchio::JointModelRevoluteUnalignedTpl<double, 0>, pinocchio::JointModelSphericalTpl<double, 0>, pinocchio::JointModelSphericalZYXTpl<double, 0>, pinocchio::JointModelEllipsoidTpl<double, 0>, pinocchio::JointModelPrismaticTpl<double, 0, 0>, pinocchio::JointModelPrismaticTpl<double, 0, 1>, pinocchio::JointModelPrismaticTpl<double, 0, 2>, pinocchio::JointModelPrismaticUnalignedTpl<double, 0>, pinocchio::JointModelTranslationTpl<double, 0>, pinocchio::JointModelRevoluteUnboundedTpl<double, 0, 0>, pinocchio::JointModelRevoluteUnboundedTpl<double, 0, 1>, pinocchio::JointModelRevoluteUnboundedTpl<double, 0, 2>, pinocchio::JointModelRevoluteUnboundedUnalignedTpl<double, 0>, pinocchio::JointModelHelicalTpl<double, 0, 0>, pinocchio::JointModelHelicalTpl<double, 0, 1>, pinocchio::JointModelHelicalTpl<double, 0, 2>, pinocchio::JointModelHelicalUnalignedTpl<double, 0>, pinocchio::JointModelUniversalTpl<double, 0>, boost::recursive_wrapper<pinocchio::JointModelCompositeTpl<double, 0, pinocchio::JointCollectionDefaultTpl> >, boost::recursive_wrapper<pinocchio::JointModelMimicTpl<double, 0, pinocchio::JointCollectionDefaultTpl> > >&&\x1b[m\x1b[K\xe2\x80\x99\n'}
[5.994487] (gim_arm_hardware) StderrLine: {'line': b' 1770 |     variant(\x1b[01;36m\x1b[Kvariant&& operand\x1b[m\x1b[K) BOOST_NOEXCEPT_IF(variant_move_noexcept_constructible::type::value)\n'}
[5.994517] (gim_arm_hardware) StderrLine: {'line': b'      |             \x1b[01;36m\x1b[K~~~~~~~~~~^~~~~~~\x1b[m\x1b[K\n'}
[5.994544] (gim_arm_hardware) StderrLine: {'line': b'\x1b[01m\x1b[K/usr/include/boost/variant/variant.hpp:1759:5:\x1b[m\x1b[K \x1b[01;36m\x1b[Knote: \x1b[m\x1b[Kcandidate: \xe2\x80\x98\x1b[01m\x1b[Kboost::variant<T0, TN>::variant(const boost::variant<T0, TN>&) [with T0_ = pinocchio::JointModelRevoluteTpl<double, 0, 0>; TN = {pinocchio::JointModelRevoluteTpl<double, 0, 1>, pinocchio::JointModelRevoluteTpl<double, 0, 2>, pinocchio::JointModelFreeFlyerTpl<double, 0>, pinocchio::JointModelPlanarTpl<double, 0>, pinocchio::JointModelRevoluteUnalignedTpl<double, 0>, pinocchio::JointModelSphericalTpl<double, 0>, pinocchio::JointModelSphericalZYXTpl<double, 0>, pinocchio::JointModelEllipsoidTpl<double, 0>, pinocchio::JointModelPrismaticTpl<double, 0, 0>, pinocchio::JointModelPrismaticTpl<double, 0, 1>, pinocchio::JointModelPrismaticTpl<double, 0, 2>, pinocchio::JointModelPrismaticUnalignedTpl<double, 0>, pinocchio::JointModelTranslationTpl<double, 0>, pinocchio::JointModelRevoluteUnboundedTpl<double, 0, 0>, pinocchio::JointModelRevoluteUnboundedTpl<double, 0, 1>, pinocchio::JointModelRevoluteUnboundedTpl<double, 0, 2>, pinocchio::JointModelRevoluteUnboundedUnalignedTpl<double, 0>, pinocchio::JointModelHelicalTpl<double, 0, 0>, pinocchio::JointModelHelicalTpl<double, 0, 1>, pinocchio::JointModelHelicalTpl<double, 0, 2>, pinocchio::JointModelHelicalUnalignedTpl<double, 0>, pinocchio::JointModelUniversalTpl<double, 0>, boost::recursive_wrapper<pinocchio::JointModelCompositeTpl<double, 0, pinocchio::JointCollectionDefaultTpl> >, boost::recursive_wrapper<pinocchio::JointModelMimicTpl<double, 0, pinocchio::JointCollectionDefaultTpl> >}]\x1b[m\x1b[K\xe2\x80\x99\n'}
[5.994580] (gim_arm_hardware) StderrLine: {'line': b' 1759 |     \x1b[01;36m\x1b[Kvariant\x1b[m\x1b[K(const variant& operand)\n'}
[5.994606] (gim_arm_hardware) StderrLine: {'line': b'      |     \x1b[01;36m\x1b[K^~~~~~~\x1b[m\x1b[K\n'}
[5.994630] (gim_arm_hardware) StderrLine: {'line': b'\x1b[01m\x1b[K/usr/include/boost/variant/variant.hpp:1759:28:\x1b[m\x1b[K \x1b[01;36m\x1b[Knote: \x1b[m\x1b[K  no known conversion for argument 1 from \xe2\x80\x98\x1b[01m\x1b[Kconst JointModelDerived\x1b[m\x1b[K\xe2\x80\x99 {aka \xe2\x80\x98\x1b[01m\x1b[Kconst pinocchio::JointModelRevoluteUnboundedTpl<double, 0, 1>\x1b[m\x1b[K\xe2\x80\x99} to \xe2\x80\x98\x1b[01m\x1b[Kconst boost::variant<pinocchio::JointModelRevoluteTpl<double, 0, 0>, pinocchio::JointModelRevoluteTpl<double, 0, 1>, pinocchio::JointModelRevoluteTpl<double, 0, 2>, pinocchio::JointModelFreeFlyerTpl<double, 0>, pinocchio::JointModelPlanarTpl<double, 0>, pinocchio::JointModelRevoluteUnalignedTpl<double, 0>, pinocchio::JointModelSphericalTpl<double, 0>, pinocchio::JointModelSphericalZYXTpl<double, 0>, pinocchio::JointModelEllipsoidTpl<double, 0>, pinocchio::JointModelPrismaticTpl<double, 0, 0>, pinocchio::JointModelPrismaticTpl<double, 0, 1>, pinocchio::JointModelPrismaticTpl<double, 0, 2>, pinocchio::JointModelPrismaticUnalignedTpl<double, 0>, pinocchio::JointModelTranslationTpl<double, 0>, pinocchio::JointModelRevoluteUnboundedTpl<double, 0, 0>, pinocchio::JointModelRevoluteUnboundedTpl<double, 0, 1>, pinocchio::JointModelRevoluteUnboundedTpl<double, 0, 2>, pinocchio::JointModelRevoluteUnboundedUnalignedTpl<double, 0>, pinocchio::JointModelHelicalTpl<double, 0, 0>, pinocchio::JointModelHelicalTpl<double, 0, 1>, pinocchio::JointModelHelicalTpl<double, 0, 2>, pinocchio::JointModelHelicalUnalignedTpl<double, 0>, pinocchio::JointModelUniversalTpl<double, 0>, boost::recursive_wrapper<pinocchio::JointModelCompositeTpl<double, 0, pinocchio::JointCollectionDefaultTpl> >, boost::recursive_wrapper<pinocchio::JointModelMimicTpl<double, 0, pinocchio::JointCollectionDefaultTpl> > >&\x1b[m\x1b[K\xe2\x80\x99\n'}
[5.994662] (gim_arm_hardware) StderrLine: {'line': b' 1759 |     variant(\x1b[01;36m\x1b[Kconst variant& operand\x1b[m\x1b[K)\n'}
[5.994686] (gim_arm_hardware) StderrLine: {'line': b'      |             \x1b[01;36m\x1b[K~~~~~~~~~~~~~~~^~~~~~~\x1b[m\x1b[K\n'}
[5.994710] (gim_arm_hardware) StderrLine: {'line': b'\x1b[01m\x1b[K/usr/include/boost/variant/variant.hpp:1375:5:\x1b[m\x1b[K \x1b[01;36m\x1b[Knote: \x1b[m\x1b[Kcandidate: \xe2\x80\x98\x1b[01m\x1b[Kboost::variant<T0, TN>::variant() [with T0_ = pinocchio::JointModelRevoluteTpl<double, 0, 0>; TN = {pinocchio::JointModelRevoluteTpl<double, 0, 1>, pinocchio::JointModelRevoluteTpl<double, 0, 2>, pinocchio::JointModelFreeFlyerTpl<double, 0>, pinocchio::JointModelPlanarTpl<double, 0>, pinocchio::JointModelRevoluteUnalignedTpl<double, 0>, pinocchio::JointModelSphericalTpl<double, 0>, pinocchio::JointModelSphericalZYXTpl<double, 0>, pinocchio::JointModelEllipsoidTpl<double, 0>, pinocchio::JointModelPrismaticTpl<double, 0, 0>, pinocchio::JointModelPrismaticTpl<double, 0, 1>, pinocchio::JointModelPrismaticTpl<double, 0, 2>, pinocchio::JointModelPrismaticUnalignedTpl<double, 0>, pinocchio::JointModelTranslationTpl<double, 0>, pinocchio::JointModelRevoluteUnboundedTpl<double, 0, 0>, pinocchio::JointModelRevoluteUnboundedTpl<double, 0, 1>, pinocchio::JointModelRevoluteUnboundedTpl<double, 0, 2>, pinocchio::JointModelRevoluteUnboundedUnalignedTpl<double, 0>, pinocchio::JointModelHelicalTpl<double, 0, 0>, pinocchio::JointModelHelicalTpl<double, 0, 1>, pinocchio::JointModelHelicalTpl<double, 0, 2>, pinocchio::JointModelHelicalUnalignedTpl<double, 0>, pinocchio::JointModelUniversalTpl<double, 0>, boost::recursive_wrapper<pinocchio::JointModelCompositeTpl<double, 0, pinocchio::JointCollectionDefaultTpl> >, boost::recursive_wrapper<pinocchio::JointModelMimicTpl<double, 0, pinocchio::JointCollectionDefaultTpl> >}]\x1b[m\x1b[K\xe2\x80\x99\n'}
[5.994744] (gim_arm_hardware) StderrLine: {'line': b' 1375 |     \x1b[01;36m\x1b[Kvariant\x1b[m\x1b[K()\n'}
[5.994771] (gim_arm_hardware) StderrLine: {'line': b'      |     \x1b[01;36m\x1b[K^~~~~~~\x1b[m\x1b[K\n'}
[5.994795] (gim_arm_hardware) StderrLine: {'line': b'\x1b[01m\x1b[K/usr/include/boost/variant/variant.hpp:1375:5:\x1b[m\x1b[K \x1b[01;36m\x1b[Knote: \x1b[m\x1b[K  candidate expects 0 arguments, 1 provided\n'}
[5.994819] (gim_arm_hardware) StderrLine: {'line': b'In file included from \x1b[01m\x1b[K/opt/ros/humble/include/pinocchio/multibody/joint.hpp:84\x1b[m\x1b[K,\n'}
[5.994843] (gim_arm_hardware) StderrLine: {'line': b'                 from \x1b[01m\x1b[K/opt/ros/humble/include/pinocchio/multibody.hpp:43\x1b[m\x1b[K,\n'}
[5.994867] (gim_arm_hardware) StderrLine: {'line': b'                 from \x1b[01m\x1b[K/opt/ros/humble/include/pinocchio/parsers/urdf.hpp:27\x1b[m\x1b[K,\n'}
[5.994891] (gim_arm_hardware) StderrLine: {'line': b'                 from \x1b[01m\x1b[K/home/minh/gim60108_ws/src/gim_arm_hardware/include/gim_arm_hardware/gim_arm_system.hpp:25\x1b[m\x1b[K,\n'}
[5.994915] (gim_arm_hardware) StderrLine: {'line': b'                 from \x1b[01m\x1b[K/home/minh/gim60108_ws/src/gim_arm_hardware/src/gim_arm_system.cpp:1\x1b[m\x1b[K:\n'}
[5.994939] (gim_arm_hardware) StderrLine: {'line': b'/opt/ros/humble/include/pinocchio/src/multibody/joint/joint-generic.hxx: In instantiation of \xe2\x80\x98\x1b[01m\x1b[Kpinocchio::JointModelTpl<Scalar, Options, JointCollectionTpl>::JointModelTpl(const pinocchio::JointModelBase<OtherDerived>&) [with JointModelDerived = pinocchio::JointModelRevoluteUnboundedTpl<double, 0, 2>; _Scalar = double; int _Options = 0; JointCollectionTpl = pinocchio::JointCollectionDefaultTpl]\x1b[m\x1b[K\xe2\x80\x99:\n'}
[5.994964] (gim_arm_hardware) StderrLine: {'line': b'\x1b[01m\x1b[K/opt/ros/humble/include/pinocchio/src/parsers/urdf/model.hxx:509:34:\x1b[m\x1b[K   required from \xe2\x80\x98\x1b[01m\x1b[Kpinocchio::JointIndex pinocchio::urdf::details::UrdfVisitor::addJoint(const Vector3&, const Frame&, const SE3&, const string&, const VectorConstRef&, const VectorConstRef&, const VectorConstRef&, const VectorConstRef&, const VectorConstRef&, const VectorConstRef&, const VectorConstRef&, const VectorConstRef&, const VectorConstRef&, const VectorConstRef&) [with TypeX = pinocchio::JointModelRevoluteUnboundedTpl<double, 0, 0>; TypeY = pinocchio::JointModelRevoluteUnboundedTpl<double, 0, 1>; TypeZ = pinocchio::JointModelRevoluteUnboundedTpl<double, 0, 2>; TypeUnaligned = pinocchio::JointModelRevoluteUnboundedUnalignedTpl<double>; pinocchio::JointIndex = long unsigned int; pinocchio::urdf::details::UrdfVisitor::Vector3 = Eigen::Matrix<double, 3, 1>; pinocchio::urdf::details::UrdfVisitor::Frame = pinocchio::FrameTpl<double, 0>; pinocchio::urdf::details::UrdfVisitor::SE3 = pinocchio::SE3Tpl<double, 0>; std::string = std::__cxx11::basic_string<char>; pinocchio::urdf::details::UrdfVisitor::VectorConstRef = Eigen::Ref<const Eigen::Matrix<double, -1, 1> >]\x1b[m\x1b[K\xe2\x80\x99\n'}
[5.994996] (gim_arm_hardware) StderrLine: {'line': b'\x1b[01m\x1b[K/opt/ros/humble/include/pinocchio/src/parsers/urdf/model.hxx:254:78:\x1b[m\x1b[K   required from here\n'}
[5.995020] (gim_arm_hardware) StderrLine: {'line': b'\x1b[01m\x1b[K/opt/ros/humble/include/pinocchio/src/multibody/joint/joint-generic.hxx:306:25:\x1b[m\x1b[K \x1b[01;31m\x1b[Kerror: \x1b[m\x1b[Kno matching function for call to \xe2\x80\x98\x1b[01m\x1b[Kboost::variant<pinocchio::JointModelRevoluteTpl<double, 0, 0>, pinocchio::JointModelRevoluteTpl<double, 0, 1>, pinocchio::JointModelRevoluteTpl<double, 0, 2>, pinocchio::JointModelFreeFlyerTpl<double, 0>, pinocchio::JointModelPlanarTpl<double, 0>, pinocchio::JointModelRevoluteUnalignedTpl<double, 0>, pinocchio::JointModelSphericalTpl<double, 0>, pinocchio::JointModelSphericalZYXTpl<double, 0>, pinocchio::JointModelEllipsoidTpl<double, 0>, pinocchio::JointModelPrismaticTpl<double, 0, 0>, pinocchio::JointModelPrismaticTpl<double, 0, 1>, pinocchio::JointModelPrismaticTpl<double, 0, 2>, pinocchio::JointModelPrismaticUnalignedTpl<double, 0>, pinocchio::JointModelTranslationTpl<double, 0>, pinocchio::JointModelRevoluteUnboundedTpl<double, 0, 0>, pinocchio::JointModelRevoluteUnboundedTpl<double, 0, 1>, pinocchio::JointModelRevoluteUnboundedTpl<double, 0, 2>, pinocchio::JointModelRevoluteUnboundedUnalignedTpl<double, 0>, pinocchio::JointModelHelicalTpl<double, 0, 0>, pinocchio::JointModelHelicalTpl<double, 0, 1>, pinocchio::JointModelHelicalTpl<double, 0, 2>, pinocchio::JointModelHelicalUnalignedTpl<double, 0>, pinocchio::JointModelUniversalTpl<double, 0>, boost::recursive_wrapper<pinocchio::JointModelCompositeTpl<double, 0, pinocchio::JointCollectionDefaultTpl> >, boost::recursive_wrapper<pinocchio::JointModelMimicTpl<double, 0, pinocchio::JointCollectionDefaultTpl> > >::variant(const JointModelDerived&)\x1b[m\x1b[K\xe2\x80\x99\n'}
[5.995056] (gim_arm_hardware) StderrLine: {'line': b'  306 |     : JointModelVariant(\x1b[01;31m\x1b[K(JointModelVariant)jmodel.derived()\x1b[m\x1b[K)\n'}
[5.995082] (gim_arm_hardware) StderrLine: {'line': b'      |                         \x1b[01;31m\x1b[K^~~~~~~~~~~~~~~~~~~~~~~~~~~~~~~~~~~\x1b[m\x1b[K\n'}
[5.995106] (gim_arm_hardware) StderrLine: {'line': b'In file included from \x1b[01m\x1b[K/usr/include/boost/variant.hpp:17\x1b[m\x1b[K,\n'}
[5.995130] (gim_arm_hardware) StderrLine: {'line': b'                 from \x1b[01m\x1b[K/opt/ros/humble/include/pinocchio/multibody.hpp:21\x1b[m\x1b[K,\n'}
[5.995153] (gim_arm_hardware) StderrLine: {'line': b'                 from \x1b[01m\x1b[K/opt/ros/humble/include/pinocchio/parsers/urdf.hpp:27\x1b[m\x1b[K,\n'}
[5.995177] (gim_arm_hardware) StderrLine: {'line': b'                 from \x1b[01m\x1b[K/home/minh/gim60108_ws/src/gim_arm_hardware/include/gim_arm_hardware/gim_arm_system.hpp:25\x1b[m\x1b[K,\n'}
[5.995201] (gim_arm_hardware) StderrLine: {'line': b'                 from \x1b[01m\x1b[K/home/minh/gim60108_ws/src/gim_arm_hardware/src/gim_arm_system.cpp:1\x1b[m\x1b[K:\n'}
[5.995225] (gim_arm_hardware) StderrLine: {'line': b'\x1b[01m\x1b[K/usr/include/boost/variant/variant.hpp:1770:5:\x1b[m\x1b[K \x1b[01;36m\x1b[Knote: \x1b[m\x1b[Kcandidate: \xe2\x80\x98\x1b[01m\x1b[Kboost::variant<T0, TN>::variant(boost::variant<T0, TN>&&) [with T0_ = pinocchio::JointModelRevoluteTpl<double, 0, 0>; TN = {pinocchio::JointModelRevoluteTpl<double, 0, 1>, pinocchio::JointModelRevoluteTpl<double, 0, 2>, pinocchio::JointModelFreeFlyerTpl<double, 0>, pinocchio::JointModelPlanarTpl<double, 0>, pinocchio::JointModelRevoluteUnalignedTpl<double, 0>, pinocchio::JointModelSphericalTpl<double, 0>, pinocchio::JointModelSphericalZYXTpl<double, 0>, pinocchio::JointModelEllipsoidTpl<double, 0>, pinocchio::JointModelPrismaticTpl<double, 0, 0>, pinocchio::JointModelPrismaticTpl<double, 0, 1>, pinocchio::JointModelPrismaticTpl<double, 0, 2>, pinocchio::JointModelPrismaticUnalignedTpl<double, 0>, pinocchio::JointModelTranslationTpl<double, 0>, pinocchio::JointModelRevoluteUnboundedTpl<double, 0, 0>, pinocchio::JointModelRevoluteUnboundedTpl<double, 0, 1>, pinocchio::JointModelRevoluteUnboundedTpl<double, 0, 2>, pinocchio::JointModelRevoluteUnboundedUnalignedTpl<double, 0>, pinocchio::JointModelHelicalTpl<double, 0, 0>, pinocchio::JointModelHelicalTpl<double, 0, 1>, pinocchio::JointModelHelicalTpl<double, 0, 2>, pinocchio::JointModelHelicalUnalignedTpl<double, 0>, pinocchio::JointModelUniversalTpl<double, 0>, boost::recursive_wrapper<pinocchio::JointModelCompositeTpl<double, 0, pinocchio::JointCollectionDefaultTpl> >, boost::recursive_wrapper<pinocchio::JointModelMimicTpl<double, 0, pinocchio::JointCollectionDefaultTpl> >}]\x1b[m\x1b[K\xe2\x80\x99\n'}
[5.995321] (gim_arm_hardware) StderrLine: {'line': b' 1770 |     \x1b[01;36m\x1b[Kvariant\x1b[m\x1b[K(variant&& operand) BOOST_NOEXCEPT_IF(variant_move_noexcept_constructible::type::value)\n'}
[5.995456] (gim_arm_hardware) StderrLine: {'line': b'      |     \x1b[01;36m\x1b[K^~~~~~~\x1b[m\x1b[K\n'}
[5.995535] (gim_arm_hardware) StderrLine: {'line': b'\x1b[01m\x1b[K/usr/include/boost/variant/variant.hpp:1770:23:\x1b[m\x1b[K \x1b[01;36m\x1b[Knote: \x1b[m\x1b[K  no known conversion for argument 1 from \xe2\x80\x98\x1b[01m\x1b[Kconst JointModelDerived\x1b[m\x1b[K\xe2\x80\x99 {aka \xe2\x80\x98\x1b[01m\x1b[Kconst pinocchio::JointModelRevoluteUnboundedTpl<double, 0, 2>\x1b[m\x1b[K\xe2\x80\x99} to \xe2\x80\x98\x1b[01m\x1b[Kboost::variant<pinocchio::JointModelRevoluteTpl<double, 0, 0>, pinocchio::JointModelRevoluteTpl<double, 0, 1>, pinocchio::JointModelRevoluteTpl<double, 0, 2>, pinocchio::JointModelFreeFlyerTpl<double, 0>, pinocchio::JointModelPlanarTpl<double, 0>, pinocchio::JointModelRevoluteUnalignedTpl<double, 0>, pinocchio::JointModelSphericalTpl<double, 0>, pinocchio::JointModelSphericalZYXTpl<double, 0>, pinocchio::JointModelEllipsoidTpl<double, 0>, pinocchio::JointModelPrismaticTpl<double, 0, 0>, pinocchio::JointModelPrismaticTpl<double, 0, 1>, pinocchio::JointModelPrismaticTpl<double, 0, 2>, pinocchio::JointModelPrismaticUnalignedTpl<double, 0>, pinocchio::JointModelTranslationTpl<double, 0>, pinocchio::JointModelRevoluteUnboundedTpl<double, 0, 0>, pinocchio::JointModelRevoluteUnboundedTpl<double, 0, 1>, pinocchio::JointModelRevoluteUnboundedTpl<double, 0, 2>, pinocchio::JointModelRevoluteUnboundedUnalignedTpl<double, 0>, pinocchio::JointModelHelicalTpl<double, 0, 0>, pinocchio::JointModelHelicalTpl<double, 0, 1>, pinocchio::JointModelHelicalTpl<double, 0, 2>, pinocchio::JointModelHelicalUnalignedTpl<double, 0>, pinocchio::JointModelUniversalTpl<double, 0>, boost::recursive_wrapper<pinocchio::JointModelCompositeTpl<double, 0, pinocchio::JointCollectionDefaultTpl> >, boost::recursive_wrapper<pinocchio::JointModelMimicTpl<double, 0, pinocchio::JointCollectionDefaultTpl> > >&&\x1b[m\x1b[K\xe2\x80\x99\n'}
[5.995620] (gim_arm_hardware) StderrLine: {'line': b' 1770 |     variant(\x1b[01;36m\x1b[Kvariant&& operand\x1b[m\x1b[K) BOOST_NOEXCEPT_IF(variant_move_noexcept_constructible::type::value)\n'}
[5.995653] (gim_arm_hardware) StderrLine: {'line': b'      |             \x1b[01;36m\x1b[K~~~~~~~~~~^~~~~~~\x1b[m\x1b[K\n'}
[5.995683] (gim_arm_hardware) StderrLine: {'line': b'\x1b[01m\x1b[K/usr/include/boost/variant/variant.hpp:1759:5:\x1b[m\x1b[K \x1b[01;36m\x1b[Knote: \x1b[m\x1b[Kcandidate: \xe2\x80\x98\x1b[01m\x1b[Kboost::variant<T0, TN>::variant(const boost::variant<T0, TN>&) [with T0_ = pinocchio::JointModelRevoluteTpl<double, 0, 0>; TN = {pinocchio::JointModelRevoluteTpl<double, 0, 1>, pinocchio::JointModelRevoluteTpl<double, 0, 2>, pinocchio::JointModelFreeFlyerTpl<double, 0>, pinocchio::JointModelPlanarTpl<double, 0>, pinocchio::JointModelRevoluteUnalignedTpl<double, 0>, pinocchio::JointModelSphericalTpl<double, 0>, pinocchio::JointModelSphericalZYXTpl<double, 0>, pinocchio::JointModelEllipsoidTpl<double, 0>, pinocchio::JointModelPrismaticTpl<double, 0, 0>, pinocchio::JointModelPrismaticTpl<double, 0, 1>, pinocchio::JointModelPrismaticTpl<double, 0, 2>, pinocchio::JointModelPrismaticUnalignedTpl<double, 0>, pinocchio::JointModelTranslationTpl<double, 0>, pinocchio::JointModelRevoluteUnboundedTpl<double, 0, 0>, pinocchio::JointModelRevoluteUnboundedTpl<double, 0, 1>, pinocchio::JointModelRevoluteUnboundedTpl<double, 0, 2>, pinocchio::JointModelRevoluteUnboundedUnalignedTpl<double, 0>, pinocchio::JointModelHelicalTpl<double, 0, 0>, pinocchio::JointModelHelicalTpl<double, 0, 1>, pinocchio::JointModelHelicalTpl<double, 0, 2>, pinocchio::JointModelHelicalUnalignedTpl<double, 0>, pinocchio::JointModelUniversalTpl<double, 0>, boost::recursive_wrapper<pinocchio::JointModelCompositeTpl<double, 0, pinocchio::JointCollectionDefaultTpl> >, boost::recursive_wrapper<pinocchio::JointModelMimicTpl<double, 0, pinocchio::JointCollectionDefaultTpl> >}]\x1b[m\x1b[K\xe2\x80\x99\n'}
[5.995715] (gim_arm_hardware) StderrLine: {'line': b' 1759 |     \x1b[01;36m\x1b[Kvariant\x1b[m\x1b[K(const variant& operand)\n'}
[5.995740] (gim_arm_hardware) StderrLine: {'line': b'      |     \x1b[01;36m\x1b[K^~~~~~~\x1b[m\x1b[K\n'}
[5.995764] (gim_arm_hardware) StderrLine: {'line': b'\x1b[01m\x1b[K/usr/include/boost/variant/variant.hpp:1759:28:\x1b[m\x1b[K \x1b[01;36m\x1b[Knote: \x1b[m\x1b[K  no known conversion for argument 1 from \xe2\x80\x98\x1b[01m\x1b[Kconst JointModelDerived\x1b[m\x1b[K\xe2\x80\x99 {aka \xe2\x80\x98\x1b[01m\x1b[Kconst pinocchio::JointModelRevoluteUnboundedTpl<double, 0, 2>\x1b[m\x1b[K\xe2\x80\x99} to \xe2\x80\x98\x1b[01m\x1b[Kconst boost::variant<pinocchio::JointModelRevoluteTpl<double, 0, 0>, pinocchio::JointModelRevoluteTpl<double, 0, 1>, pinocchio::JointModelRevoluteTpl<double, 0, 2>, pinocchio::JointModelFreeFlyerTpl<double, 0>, pinocchio::JointModelPlanarTpl<double, 0>, pinocchio::JointModelRevoluteUnalignedTpl<double, 0>, pinocchio::JointModelSphericalTpl<double, 0>, pinocchio::JointModelSphericalZYXTpl<double, 0>, pinocchio::JointModelEllipsoidTpl<double, 0>, pinocchio::JointModelPrismaticTpl<double, 0, 0>, pinocchio::JointModelPrismaticTpl<double, 0, 1>, pinocchio::JointModelPrismaticTpl<double, 0, 2>, pinocchio::JointModelPrismaticUnalignedTpl<double, 0>, pinocchio::JointModelTranslationTpl<double, 0>, pinocchio::JointModelRevoluteUnboundedTpl<double, 0, 0>, pinocchio::JointModelRevoluteUnboundedTpl<double, 0, 1>, pinocchio::JointModelRevoluteUnboundedTpl<double, 0, 2>, pinocchio::JointModelRevoluteUnboundedUnalignedTpl<double, 0>, pinocchio::JointModelHelicalTpl<double, 0, 0>, pinocchio::JointModelHelicalTpl<double, 0, 1>, pinocchio::JointModelHelicalTpl<double, 0, 2>, pinocchio::JointModelHelicalUnalignedTpl<double, 0>, pinocchio::JointModelUniversalTpl<double, 0>, boost::recursive_wrapper<pinocchio::JointModelCompositeTpl<double, 0, pinocchio::JointCollectionDefaultTpl> >, boost::recursive_wrapper<pinocchio::JointModelMimicTpl<double, 0, pinocchio::JointCollectionDefaultTpl> > >&\x1b[m\x1b[K\xe2\x80\x99\n'}
[5.995803] (gim_arm_hardware) StderrLine: {'line': b' 1759 |     variant(\x1b[01;36m\x1b[Kconst variant& operand\x1b[m\x1b[K)\n'}
[5.995827] (gim_arm_hardware) StderrLine: {'line': b'      |             \x1b[01;36m\x1b[K~~~~~~~~~~~~~~~^~~~~~~\x1b[m\x1b[K\n'}
[5.995856] (gim_arm_hardware) StderrLine: {'line': b'\x1b[01m\x1b[K/usr/include/boost/variant/variant.hpp:1375:5:\x1b[m\x1b[K \x1b[01;36m\x1b[Knote: \x1b[m\x1b[Kcandidate: \xe2\x80\x98\x1b[01m\x1b[Kboost::variant<T0, TN>::variant() [with T0_ = pinocchio::JointModelRevoluteTpl<double, 0, 0>; TN = {pinocchio::JointModelRevoluteTpl<double, 0, 1>, pinocchio::JointModelRevoluteTpl<double, 0, 2>, pinocchio::JointModelFreeFlyerTpl<double, 0>, pinocchio::JointModelPlanarTpl<double, 0>, pinocchio::JointModelRevoluteUnalignedTpl<double, 0>, pinocchio::JointModelSphericalTpl<double, 0>, pinocchio::JointModelSphericalZYXTpl<double, 0>, pinocchio::JointModelEllipsoidTpl<double, 0>, pinocchio::JointModelPrismaticTpl<double, 0, 0>, pinocchio::JointModelPrismaticTpl<double, 0, 1>, pinocchio::JointModelPrismaticTpl<double, 0, 2>, pinocchio::JointModelPrismaticUnalignedTpl<double, 0>, pinocchio::JointModelTranslationTpl<double, 0>, pinocchio::JointModelRevoluteUnboundedTpl<double, 0, 0>, pinocchio::JointModelRevoluteUnboundedTpl<double, 0, 1>, pinocchio::JointModelRevoluteUnboundedTpl<double, 0, 2>, pinocchio::JointModelRevoluteUnboundedUnalignedTpl<double, 0>, pinocchio::JointModelHelicalTpl<double, 0, 0>, pinocchio::JointModelHelicalTpl<double, 0, 1>, pinocchio::JointModelHelicalTpl<double, 0, 2>, pinocchio::JointModelHelicalUnalignedTpl<double, 0>, pinocchio::JointModelUniversalTpl<double, 0>, boost::recursive_wrapper<pinocchio::JointModelCompositeTpl<double, 0, pinocchio::JointCollectionDefaultTpl> >, boost::recursive_wrapper<pinocchio::JointModelMimicTpl<double, 0, pinocchio::JointCollectionDefaultTpl> >}]\x1b[m\x1b[K\xe2\x80\x99\n'}
[5.995883] (gim_arm_hardware) StderrLine: {'line': b' 1375 |     \x1b[01;36m\x1b[Kvariant\x1b[m\x1b[K()\n'}
[5.995907] (gim_arm_hardware) StderrLine: {'line': b'      |     \x1b[01;36m\x1b[K^~~~~~~\x1b[m\x1b[K\n'}
[5.995932] (gim_arm_hardware) StderrLine: {'line': b'\x1b[01m\x1b[K/usr/include/boost/variant/variant.hpp:1375:5:\x1b[m\x1b[K \x1b[01;36m\x1b[Knote: \x1b[m\x1b[K  candidate expects 0 arguments, 1 provided\n'}
[5.995957] (gim_arm_hardware) StderrLine: {'line': b'In file included from \x1b[01m\x1b[K/opt/ros/humble/include/pinocchio/multibody/joint.hpp:84\x1b[m\x1b[K,\n'}
[5.995982] (gim_arm_hardware) StderrLine: {'line': b'                 from \x1b[01m\x1b[K/opt/ros/humble/include/pinocchio/multibody.hpp:43\x1b[m\x1b[K,\n'}
[5.996009] (gim_arm_hardware) StderrLine: {'line': b'                 from \x1b[01m\x1b[K/opt/ros/humble/include/pinocchio/parsers/urdf.hpp:27\x1b[m\x1b[K,\n'}
[5.996033] (gim_arm_hardware) StderrLine: {'line': b'                 from \x1b[01m\x1b[K/home/minh/gim60108_ws/src/gim_arm_hardware/include/gim_arm_hardware/gim_arm_system.hpp:25\x1b[m\x1b[K,\n'}
[5.996057] (gim_arm_hardware) StderrLine: {'line': b'                 from \x1b[01m\x1b[K/home/minh/gim60108_ws/src/gim_arm_hardware/src/gim_arm_system.cpp:1\x1b[m\x1b[K:\n'}
[5.996081] (gim_arm_hardware) StderrLine: {'line': b'/opt/ros/humble/include/pinocchio/src/multibody/joint/joint-generic.hxx: In instantiation of \xe2\x80\x98\x1b[01m\x1b[Kpinocchio::JointModelTpl<Scalar, Options, JointCollectionTpl>::JointModelTpl(const pinocchio::JointModelBase<OtherDerived>&) [with JointModelDerived = pinocchio::JointModelRevoluteUnboundedUnalignedTpl<double>; _Scalar = double; int _Options = 0; JointCollectionTpl = pinocchio::JointCollectionDefaultTpl]\x1b[m\x1b[K\xe2\x80\x99:\n'}
[5.996110] (gim_arm_hardware) StderrLine: {'line': b'\x1b[01m\x1b[K/opt/ros/humble/include/pinocchio/src/parsers/urdf/model.hxx:516:34:\x1b[m\x1b[K   required from \xe2\x80\x98\x1b[01m\x1b[Kpinocchio::JointIndex pinocchio::urdf::details::UrdfVisitor::addJoint(const Vector3&, const Frame&, const SE3&, const string&, const VectorConstRef&, const VectorConstRef&, const VectorConstRef&, const VectorConstRef&, const VectorConstRef&, const VectorConstRef&, const VectorConstRef&, const VectorConstRef&, const VectorConstRef&, const VectorConstRef&) [with TypeX = pinocchio::JointModelRevoluteUnboundedTpl<double, 0, 0>; TypeY = pinocchio::JointModelRevoluteUnboundedTpl<double, 0, 1>; TypeZ = pinocchio::JointModelRevoluteUnboundedTpl<double, 0, 2>; TypeUnaligned = pinocchio::JointModelRevoluteUnboundedUnalignedTpl<double>; pinocchio::JointIndex = long unsigned int; pinocchio::urdf::details::UrdfVisitor::Vector3 = Eigen::Matrix<double, 3, 1>; pinocchio::urdf::details::UrdfVisitor::Frame = pinocchio::FrameTpl<double, 0>; pinocchio::urdf::details::UrdfVisitor::SE3 = pinocchio::SE3Tpl<double, 0>; std::string = std::__cxx11::basic_string<char>; pinocchio::urdf::details::UrdfVisitor::VectorConstRef = Eigen::Ref<const Eigen::Matrix<double, -1, 1> >]\x1b[m\x1b[K\xe2\x80\x99\n'}
[5.996141] (gim_arm_hardware) StderrLine: {'line': b'\x1b[01m\x1b[K/opt/ros/humble/include/pinocchio/src/parsers/urdf/model.hxx:254:78:\x1b[m\x1b[K   required from here\n'}
[5.996165] (gim_arm_hardware) StderrLine: {'line': b'\x1b[01m\x1b[K/opt/ros/humble/include/pinocchio/src/multibody/joint/joint-generic.hxx:306:25:\x1b[m\x1b[K \x1b[01;31m\x1b[Kerror: \x1b[m\x1b[Kno matching function for call to \xe2\x80\x98\x1b[01m\x1b[Kboost::variant<pinocchio::JointModelRevoluteTpl<double, 0, 0>, pinocchio::JointModelRevoluteTpl<double, 0, 1>, pinocchio::JointModelRevoluteTpl<double, 0, 2>, pinocchio::JointModelFreeFlyerTpl<double, 0>, pinocchio::JointModelPlanarTpl<double, 0>, pinocchio::JointModelRevoluteUnalignedTpl<double, 0>, pinocchio::JointModelSphericalTpl<double, 0>, pinocchio::JointModelSphericalZYXTpl<double, 0>, pinocchio::JointModelEllipsoidTpl<double, 0>, pinocchio::JointModelPrismaticTpl<double, 0, 0>, pinocchio::JointModelPrismaticTpl<double, 0, 1>, pinocchio::JointModelPrismaticTpl<double, 0, 2>, pinocchio::JointModelPrismaticUnalignedTpl<double, 0>, pinocchio::JointModelTranslationTpl<double, 0>, pinocchio::JointModelRevoluteUnboundedTpl<double, 0, 0>, pinocchio::JointModelRevoluteUnboundedTpl<double, 0, 1>, pinocchio::JointModelRevoluteUnboundedTpl<double, 0, 2>, pinocchio::JointModelRevoluteUnboundedUnalignedTpl<double, 0>, pinocchio::JointModelHelicalTpl<double, 0, 0>, pinocchio::JointModelHelicalTpl<double, 0, 1>, pinocchio::JointModelHelicalTpl<double, 0, 2>, pinocchio::JointModelHelicalUnalignedTpl<double, 0>, pinocchio::JointModelUniversalTpl<double, 0>, boost::recursive_wrapper<pinocchio::JointModelCompositeTpl<double, 0, pinocchio::JointCollectionDefaultTpl> >, boost::recursive_wrapper<pinocchio::JointModelMimicTpl<double, 0, pinocchio::JointCollectionDefaultTpl> > >::variant(const JointModelDerived&)\x1b[m\x1b[K\xe2\x80\x99\n'}
[5.996199] (gim_arm_hardware) StderrLine: {'line': b'  306 |     : JointModelVariant(\x1b[01;31m\x1b[K(JointModelVariant)jmodel.derived()\x1b[m\x1b[K)\n'}
[5.996224] (gim_arm_hardware) StderrLine: {'line': b'      |                         \x1b[01;31m\x1b[K^~~~~~~~~~~~~~~~~~~~~~~~~~~~~~~~~~~\x1b[m\x1b[K\n'}
[5.996248] (gim_arm_hardware) StderrLine: {'line': b'In file included from \x1b[01m\x1b[K/usr/include/boost/variant.hpp:17\x1b[m\x1b[K,\n'}
[5.996272] (gim_arm_hardware) StderrLine: {'line': b'                 from \x1b[01m\x1b[K/opt/ros/humble/include/pinocchio/multibody.hpp:21\x1b[m\x1b[K,\n'}
[5.996296] (gim_arm_hardware) StderrLine: {'line': b'                 from \x1b[01m\x1b[K/opt/ros/humble/include/pinocchio/parsers/urdf.hpp:27\x1b[m\x1b[K,\n'}
[5.996320] (gim_arm_hardware) StderrLine: {'line': b'                 from \x1b[01m\x1b[K/home/minh/gim60108_ws/src/gim_arm_hardware/include/gim_arm_hardware/gim_arm_system.hpp:25\x1b[m\x1b[K,\n'}
[5.996344] (gim_arm_hardware) StderrLine: {'line': b'                 from \x1b[01m\x1b[K/home/minh/gim60108_ws/src/gim_arm_hardware/src/gim_arm_system.cpp:1\x1b[m\x1b[K:\n'}
[5.996368] (gim_arm_hardware) StderrLine: {'line': b'\x1b[01m\x1b[K/usr/include/boost/variant/variant.hpp:1770:5:\x1b[m\x1b[K \x1b[01;36m\x1b[Knote: \x1b[m\x1b[Kcandidate: \xe2\x80\x98\x1b[01m\x1b[Kboost::variant<T0, TN>::variant(boost::variant<T0, TN>&&) [with T0_ = pinocchio::JointModelRevoluteTpl<double, 0, 0>; TN = {pinocchio::JointModelRevoluteTpl<double, 0, 1>, pinocchio::JointModelRevoluteTpl<double, 0, 2>, pinocchio::JointModelFreeFlyerTpl<double, 0>, pinocchio::JointModelPlanarTpl<double, 0>, pinocchio::JointModelRevoluteUnalignedTpl<double, 0>, pinocchio::JointModelSphericalTpl<double, 0>, pinocchio::JointModelSphericalZYXTpl<double, 0>, pinocchio::JointModelEllipsoidTpl<double, 0>, pinocchio::JointModelPrismaticTpl<double, 0, 0>, pinocchio::JointModelPrismaticTpl<double, 0, 1>, pinocchio::JointModelPrismaticTpl<double, 0, 2>, pinocchio::JointModelPrismaticUnalignedTpl<double, 0>, pinocchio::JointModelTranslationTpl<double, 0>, pinocchio::JointModelRevoluteUnboundedTpl<double, 0, 0>, pinocchio::JointModelRevoluteUnboundedTpl<double, 0, 1>, pinocchio::JointModelRevoluteUnboundedTpl<double, 0, 2>, pinocchio::JointModelRevoluteUnboundedUnalignedTpl<double, 0>, pinocchio::JointModelHelicalTpl<double, 0, 0>, pinocchio::JointModelHelicalTpl<double, 0, 1>, pinocchio::JointModelHelicalTpl<double, 0, 2>, pinocchio::JointModelHelicalUnalignedTpl<double, 0>, pinocchio::JointModelUniversalTpl<double, 0>, boost::recursive_wrapper<pinocchio::JointModelCompositeTpl<double, 0, pinocchio::JointCollectionDefaultTpl> >, boost::recursive_wrapper<pinocchio::JointModelMimicTpl<double, 0, pinocchio::JointCollectionDefaultTpl> >}]\x1b[m\x1b[K\xe2\x80\x99\n'}
[5.996398] (gim_arm_hardware) StderrLine: {'line': b' 1770 |     \x1b[01;36m\x1b[Kvariant\x1b[m\x1b[K(variant&& operand) BOOST_NOEXCEPT_IF(variant_move_noexcept_constructible::type::value)\n'}
[5.996426] (gim_arm_hardware) StderrLine: {'line': b'      |     \x1b[01;36m\x1b[K^~~~~~~\x1b[m\x1b[K\n'}
[5.996450] (gim_arm_hardware) StderrLine: {'line': b'\x1b[01m\x1b[K/usr/include/boost/variant/variant.hpp:1770:23:\x1b[m\x1b[K \x1b[01;36m\x1b[Knote: \x1b[m\x1b[K  no known conversion for argument 1 from \xe2\x80\x98\x1b[01m\x1b[Kconst JointModelDerived\x1b[m\x1b[K\xe2\x80\x99 {aka \xe2\x80\x98\x1b[01m\x1b[Kconst pinocchio::JointModelRevoluteUnboundedUnalignedTpl<double>\x1b[m\x1b[K\xe2\x80\x99} to \xe2\x80\x98\x1b[01m\x1b[Kboost::variant<pinocchio::JointModelRevoluteTpl<double, 0, 0>, pinocchio::JointModelRevoluteTpl<double, 0, 1>, pinocchio::JointModelRevoluteTpl<double, 0, 2>, pinocchio::JointModelFreeFlyerTpl<double, 0>, pinocchio::JointModelPlanarTpl<double, 0>, pinocchio::JointModelRevoluteUnalignedTpl<double, 0>, pinocchio::JointModelSphericalTpl<double, 0>, pinocchio::JointModelSphericalZYXTpl<double, 0>, pinocchio::JointModelEllipsoidTpl<double, 0>, pinocchio::JointModelPrismaticTpl<double, 0, 0>, pinocchio::JointModelPrismaticTpl<double, 0, 1>, pinocchio::JointModelPrismaticTpl<double, 0, 2>, pinocchio::JointModelPrismaticUnalignedTpl<double, 0>, pinocchio::JointModelTranslationTpl<double, 0>, pinocchio::JointModelRevoluteUnboundedTpl<double, 0, 0>, pinocchio::JointModelRevoluteUnboundedTpl<double, 0, 1>, pinocchio::JointModelRevoluteUnboundedTpl<double, 0, 2>, pinocchio::JointModelRevoluteUnboundedUnalignedTpl<double, 0>, pinocchio::JointModelHelicalTpl<double, 0, 0>, pinocchio::JointModelHelicalTpl<double, 0, 1>, pinocchio::JointModelHelicalTpl<double, 0, 2>, pinocchio::JointModelHelicalUnalignedTpl<double, 0>, pinocchio::JointModelUniversalTpl<double, 0>, boost::recursive_wrapper<pinocchio::JointModelCompositeTpl<double, 0, pinocchio::JointCollectionDefaultTpl> >, boost::recursive_wrapper<pinocchio::JointModelMimicTpl<double, 0, pinocchio::JointCollectionDefaultTpl> > >&&\x1b[m\x1b[K\xe2\x80\x99\n'}
[5.996484] (gim_arm_hardware) StderrLine: {'line': b' 1770 |     variant(\x1b[01;36m\x1b[Kvariant&& operand\x1b[m\x1b[K) BOOST_NOEXCEPT_IF(variant_move_noexcept_constructible::type::value)\n'}
[5.996513] (gim_arm_hardware) StderrLine: {'line': b'      |             \x1b[01;36m\x1b[K~~~~~~~~~~^~~~~~~\x1b[m\x1b[K\n'}
[5.996540] (gim_arm_hardware) StderrLine: {'line': b'\x1b[01m\x1b[K/usr/include/boost/variant/variant.hpp:1759:5:\x1b[m\x1b[K \x1b[01;36m\x1b[Knote: \x1b[m\x1b[Kcandidate: \xe2\x80\x98\x1b[01m\x1b[Kboost::variant<T0, TN>::variant(const boost::variant<T0, TN>&) [with T0_ = pinocchio::JointModelRevoluteTpl<double, 0, 0>; TN = {pinocchio::JointModelRevoluteTpl<double, 0, 1>, pinocchio::JointModelRevoluteTpl<double, 0, 2>, pinocchio::JointModelFreeFlyerTpl<double, 0>, pinocchio::JointModelPlanarTpl<double, 0>, pinocchio::JointModelRevoluteUnalignedTpl<double, 0>, pinocchio::JointModelSphericalTpl<double, 0>, pinocchio::JointModelSphericalZYXTpl<double, 0>, pinocchio::JointModelEllipsoidTpl<double, 0>, pinocchio::JointModelPrismaticTpl<double, 0, 0>, pinocchio::JointModelPrismaticTpl<double, 0, 1>, pinocchio::JointModelPrismaticTpl<double, 0, 2>, pinocchio::JointModelPrismaticUnalignedTpl<double, 0>, pinocchio::JointModelTranslationTpl<double, 0>, pinocchio::JointModelRevoluteUnboundedTpl<double, 0, 0>, pinocchio::JointModelRevoluteUnboundedTpl<double, 0, 1>, pinocchio::JointModelRevoluteUnboundedTpl<double, 0, 2>, pinocchio::JointModelRevoluteUnboundedUnalignedTpl<double, 0>, pinocchio::JointModelHelicalTpl<double, 0, 0>, pinocchio::JointModelHelicalTpl<double, 0, 1>, pinocchio::JointModelHelicalTpl<double, 0, 2>, pinocchio::JointModelHelicalUnalignedTpl<double, 0>, pinocchio::JointModelUniversalTpl<double, 0>, boost::recursive_wrapper<pinocchio::JointModelCompositeTpl<double, 0, pinocchio::JointCollectionDefaultTpl> >, boost::recursive_wrapper<pinocchio::JointModelMimicTpl<double, 0, pinocchio::JointCollectionDefaultTpl> >}]\x1b[m\x1b[K\xe2\x80\x99\n'}
[5.996570] (gim_arm_hardware) StderrLine: {'line': b' 1759 |     \x1b[01;36m\x1b[Kvariant\x1b[m\x1b[K(const variant& operand)\n'}
[5.996593] (gim_arm_hardware) StderrLine: {'line': b'      |     \x1b[01;36m\x1b[K^~~~~~~\x1b[m\x1b[K\n'}
[5.996618] (gim_arm_hardware) StderrLine: {'line': b'\x1b[01m\x1b[K/usr/include/boost/variant/variant.hpp:1759:28:\x1b[m\x1b[K \x1b[01;36m\x1b[Knote: \x1b[m\x1b[K  no known conversion for argument 1 from \xe2\x80\x98\x1b[01m\x1b[Kconst JointModelDerived\x1b[m\x1b[K\xe2\x80\x99 {aka \xe2\x80\x98\x1b[01m\x1b[Kconst pinocchio::JointModelRevoluteUnboundedUnalignedTpl<double>\x1b[m\x1b[K\xe2\x80\x99} to \xe2\x80\x98\x1b[01m\x1b[Kconst boost::variant<pinocchio::JointModelRevoluteTpl<double, 0, 0>, pinocchio::JointModelRevoluteTpl<double, 0, 1>, pinocchio::JointModelRevoluteTpl<double, 0, 2>, pinocchio::JointModelFreeFlyerTpl<double, 0>, pinocchio::JointModelPlanarTpl<double, 0>, pinocchio::JointModelRevoluteUnalignedTpl<double, 0>, pinocchio::JointModelSphericalTpl<double, 0>, pinocchio::JointModelSphericalZYXTpl<double, 0>, pinocchio::JointModelEllipsoidTpl<double, 0>, pinocchio::JointModelPrismaticTpl<double, 0, 0>, pinocchio::JointModelPrismaticTpl<double, 0, 1>, pinocchio::JointModelPrismaticTpl<double, 0, 2>, pinocchio::JointModelPrismaticUnalignedTpl<double, 0>, pinocchio::JointModelTranslationTpl<double, 0>, pinocchio::JointModelRevoluteUnboundedTpl<double, 0, 0>, pinocchio::JointModelRevoluteUnboundedTpl<double, 0, 1>, pinocchio::JointModelRevoluteUnboundedTpl<double, 0, 2>, pinocchio::JointModelRevoluteUnboundedUnalignedTpl<double, 0>, pinocchio::JointModelHelicalTpl<double, 0, 0>, pinocchio::JointModelHelicalTpl<double, 0, 1>, pinocchio::JointModelHelicalTpl<double, 0, 2>, pinocchio::JointModelHelicalUnalignedTpl<double, 0>, pinocchio::JointModelUniversalTpl<double, 0>, boost::recursive_wrapper<pinocchio::JointModelCompositeTpl<double, 0, pinocchio::JointCollectionDefaultTpl> >, boost::recursive_wrapper<pinocchio::JointModelMimicTpl<double, 0, pinocchio::JointCollectionDefaultTpl> > >&\x1b[m\x1b[K\xe2\x80\x99\n'}
[5.996655] (gim_arm_hardware) StderrLine: {'line': b' 1759 |     variant(\x1b[01;36m\x1b[Kconst variant& operand\x1b[m\x1b[K)\n'}
[5.996679] (gim_arm_hardware) StderrLine: {'line': b'      |             \x1b[01;36m\x1b[K~~~~~~~~~~~~~~~^~~~~~~\x1b[m\x1b[K\n'}
[5.996702] (gim_arm_hardware) StderrLine: {'line': b'\x1b[01m\x1b[K/usr/include/boost/variant/variant.hpp:1375:5:\x1b[m\x1b[K \x1b[01;36m\x1b[Knote: \x1b[m\x1b[Kcandidate: \xe2\x80\x98\x1b[01m\x1b[Kboost::variant<T0, TN>::variant() [with T0_ = pinocchio::JointModelRevoluteTpl<double, 0, 0>; TN = {pinocchio::JointModelRevoluteTpl<double, 0, 1>, pinocchio::JointModelRevoluteTpl<double, 0, 2>, pinocchio::JointModelFreeFlyerTpl<double, 0>, pinocchio::JointModelPlanarTpl<double, 0>, pinocchio::JointModelRevoluteUnalignedTpl<double, 0>, pinocchio::JointModelSphericalTpl<double, 0>, pinocchio::JointModelSphericalZYXTpl<double, 0>, pinocchio::JointModelEllipsoidTpl<double, 0>, pinocchio::JointModelPrismaticTpl<double, 0, 0>, pinocchio::JointModelPrismaticTpl<double, 0, 1>, pinocchio::JointModelPrismaticTpl<double, 0, 2>, pinocchio::JointModelPrismaticUnalignedTpl<double, 0>, pinocchio::JointModelTranslationTpl<double, 0>, pinocchio::JointModelRevoluteUnboundedTpl<double, 0, 0>, pinocchio::JointModelRevoluteUnboundedTpl<double, 0, 1>, pinocchio::JointModelRevoluteUnboundedTpl<double, 0, 2>, pinocchio::JointModelRevoluteUnboundedUnalignedTpl<double, 0>, pinocchio::JointModelHelicalTpl<double, 0, 0>, pinocchio::JointModelHelicalTpl<double, 0, 1>, pinocchio::JointModelHelicalTpl<double, 0, 2>, pinocchio::JointModelHelicalUnalignedTpl<double, 0>, pinocchio::JointModelUniversalTpl<double, 0>, boost::recursive_wrapper<pinocchio::JointModelCompositeTpl<double, 0, pinocchio::JointCollectionDefaultTpl> >, boost::recursive_wrapper<pinocchio::JointModelMimicTpl<double, 0, pinocchio::JointCollectionDefaultTpl> >}]\x1b[m\x1b[K\xe2\x80\x99\n'}
[5.996729] (gim_arm_hardware) StderrLine: {'line': b' 1375 |     \x1b[01;36m\x1b[Kvariant\x1b[m\x1b[K()\n'}
[5.996752] (gim_arm_hardware) StderrLine: {'line': b'      |     \x1b[01;36m\x1b[K^~~~~~~\x1b[m\x1b[K\n'}
[5.996776] (gim_arm_hardware) StderrLine: {'line': b'\x1b[01m\x1b[K/usr/include/boost/variant/variant.hpp:1375:5:\x1b[m\x1b[K \x1b[01;36m\x1b[Knote: \x1b[m\x1b[K  candidate expects 0 arguments, 1 provided\n'}
[5.996803] (gim_arm_hardware) StderrLine: {'line': b'In file included from \x1b[01m\x1b[K/opt/ros/humble/include/pinocchio/multibody/joint.hpp:84\x1b[m\x1b[K,\n'}
[5.996827] (gim_arm_hardware) StderrLine: {'line': b'                 from \x1b[01m\x1b[K/opt/ros/humble/include/pinocchio/multibody.hpp:43\x1b[m\x1b[K,\n'}
[5.996851] (gim_arm_hardware) StderrLine: {'line': b'                 from \x1b[01m\x1b[K/opt/ros/humble/include/pinocchio/parsers/urdf.hpp:27\x1b[m\x1b[K,\n'}
[5.996875] (gim_arm_hardware) StderrLine: {'line': b'                 from \x1b[01m\x1b[K/home/minh/gim60108_ws/src/gim_arm_hardware/include/gim_arm_hardware/gim_arm_system.hpp:25\x1b[m\x1b[K,\n'}
[5.996899] (gim_arm_hardware) StderrLine: {'line': b'                 from \x1b[01m\x1b[K/home/minh/gim60108_ws/src/gim_arm_hardware/src/gim_arm_system.cpp:1\x1b[m\x1b[K:\n'}
[5.996927] (gim_arm_hardware) StderrLine: {'line': b'/opt/ros/humble/include/pinocchio/src/multibody/joint/joint-generic.hxx: In instantiation of \xe2\x80\x98\x1b[01m\x1b[Kpinocchio::JointModelTpl<Scalar, Options, JointCollectionTpl>::JointModelTpl(const pinocchio::JointModelBase<OtherDerived>&) [with JointModelDerived = pinocchio::JointModelPrismaticTpl<double, 0, 0>; _Scalar = double; int _Options = 0; JointCollectionTpl = pinocchio::JointCollectionDefaultTpl]\x1b[m\x1b[K\xe2\x80\x99:\n'}
[5.996955] (gim_arm_hardware) StderrLine: {'line': b'\x1b[01m\x1b[K/opt/ros/humble/include/pinocchio/src/parsers/urdf/model.hxx:495:34:\x1b[m\x1b[K   required from \xe2\x80\x98\x1b[01m\x1b[Kpinocchio::JointIndex pinocchio::urdf::details::UrdfVisitor::addJoint(const Vector3&, const Frame&, const SE3&, const string&, const VectorConstRef&, const VectorConstRef&, const VectorConstRef&, const VectorConstRef&, const VectorConstRef&, const VectorConstRef&, const VectorConstRef&, const VectorConstRef&, const VectorConstRef&, const VectorConstRef&) [with TypeX = pinocchio::JointModelPrismaticTpl<double, 0, 0>; TypeY = pinocchio::JointModelPrismaticTpl<double, 0, 1>; TypeZ = pinocchio::JointModelPrismaticTpl<double, 0, 2>; TypeUnaligned = pinocchio::JointModelPrismaticUnalignedTpl<double>; pinocchio::JointIndex = long unsigned int; pinocchio::urdf::details::UrdfVisitor::Vector3 = Eigen::Matrix<double, 3, 1>; pinocchio::urdf::details::UrdfVisitor::Frame = pinocchio::FrameTpl<double, 0>; pinocchio::urdf::details::UrdfVisitor::SE3 = pinocchio::SE3Tpl<double, 0>; std::string = std::__cxx11::basic_string<char>; pinocchio::urdf::details::UrdfVisitor::VectorConstRef = Eigen::Ref<const Eigen::Matrix<double, -1, 1> >]\x1b[m\x1b[K\xe2\x80\x99\n'}
[5.996986] (gim_arm_hardware) StderrLine: {'line': b'\x1b[01m\x1b[K/opt/ros/humble/include/pinocchio/src/parsers/urdf/model.hxx:263:70:\x1b[m\x1b[K   required from here\n'}
[5.997010] (gim_arm_hardware) StderrLine: {'line': b'\x1b[01m\x1b[K/opt/ros/humble/include/pinocchio/src/multibody/joint/joint-generic.hxx:306:25:\x1b[m\x1b[K \x1b[01;31m\x1b[Kerror: \x1b[m\x1b[Kno matching function for call to \xe2\x80\x98\x1b[01m\x1b[Kboost::variant<pinocchio::JointModelRevoluteTpl<double, 0, 0>, pinocchio::JointModelRevoluteTpl<double, 0, 1>, pinocchio::JointModelRevoluteTpl<double, 0, 2>, pinocchio::JointModelFreeFlyerTpl<double, 0>, pinocchio::JointModelPlanarTpl<double, 0>, pinocchio::JointModelRevoluteUnalignedTpl<double, 0>, pinocchio::JointModelSphericalTpl<double, 0>, pinocchio::JointModelSphericalZYXTpl<double, 0>, pinocchio::JointModelEllipsoidTpl<double, 0>, pinocchio::JointModelPrismaticTpl<double, 0, 0>, pinocchio::JointModelPrismaticTpl<double, 0, 1>, pinocchio::JointModelPrismaticTpl<double, 0, 2>, pinocchio::JointModelPrismaticUnalignedTpl<double, 0>, pinocchio::JointModelTranslationTpl<double, 0>, pinocchio::JointModelRevoluteUnboundedTpl<double, 0, 0>, pinocchio::JointModelRevoluteUnboundedTpl<double, 0, 1>, pinocchio::JointModelRevoluteUnboundedTpl<double, 0, 2>, pinocchio::JointModelRevoluteUnboundedUnalignedTpl<double, 0>, pinocchio::JointModelHelicalTpl<double, 0, 0>, pinocchio::JointModelHelicalTpl<double, 0, 1>, pinocchio::JointModelHelicalTpl<double, 0, 2>, pinocchio::JointModelHelicalUnalignedTpl<double, 0>, pinocchio::JointModelUniversalTpl<double, 0>, boost::recursive_wrapper<pinocchio::JointModelCompositeTpl<double, 0, pinocchio::JointCollectionDefaultTpl> >, boost::recursive_wrapper<pinocchio::JointModelMimicTpl<double, 0, pinocchio::JointCollectionDefaultTpl> > >::variant(const JointModelDerived&)\x1b[m\x1b[K\xe2\x80\x99\n'}
[5.997037] (gim_arm_hardware) StderrLine: {'line': b'  306 |     : JointModelVariant(\x1b[01;31m\x1b[K(JointModelVariant)jmodel.derived()\x1b[m\x1b[K)\n'}
[5.997060] (gim_arm_hardware) StderrLine: {'line': b'      |                         \x1b[01;31m\x1b[K^~~~~~~~~~~~~~~~~~~~~~~~~~~~~~~~~~~\x1b[m\x1b[K\n'}
[5.997084] (gim_arm_hardware) StderrLine: {'line': b'In file included from \x1b[01m\x1b[K/usr/include/boost/variant.hpp:17\x1b[m\x1b[K,\n'}
[5.997111] (gim_arm_hardware) StderrLine: {'line': b'                 from \x1b[01m\x1b[K/opt/ros/humble/include/pinocchio/multibody.hpp:21\x1b[m\x1b[K,\n'}
[5.997137] (gim_arm_hardware) StderrLine: {'line': b'                 from \x1b[01m\x1b[K/opt/ros/humble/include/pinocchio/parsers/urdf.hpp:27\x1b[m\x1b[K,\n'}
[5.997161] (gim_arm_hardware) StderrLine: {'line': b'                 from \x1b[01m\x1b[K/home/minh/gim60108_ws/src/gim_arm_hardware/include/gim_arm_hardware/gim_arm_system.hpp:25\x1b[m\x1b[K,\n'}
[5.997185] (gim_arm_hardware) StderrLine: {'line': b'                 from \x1b[01m\x1b[K/home/minh/gim60108_ws/src/gim_arm_hardware/src/gim_arm_system.cpp:1\x1b[m\x1b[K:\n'}
[5.997208] (gim_arm_hardware) StderrLine: {'line': b'\x1b[01m\x1b[K/usr/include/boost/variant/variant.hpp:1770:5:\x1b[m\x1b[K \x1b[01;36m\x1b[Knote: \x1b[m\x1b[Kcandidate: \xe2\x80\x98\x1b[01m\x1b[Kboost::variant<T0, TN>::variant(boost::variant<T0, TN>&&) [with T0_ = pinocchio::JointModelRevoluteTpl<double, 0, 0>; TN = {pinocchio::JointModelRevoluteTpl<double, 0, 1>, pinocchio::JointModelRevoluteTpl<double, 0, 2>, pinocchio::JointModelFreeFlyerTpl<double, 0>, pinocchio::JointModelPlanarTpl<double, 0>, pinocchio::JointModelRevoluteUnalignedTpl<double, 0>, pinocchio::JointModelSphericalTpl<double, 0>, pinocchio::JointModelSphericalZYXTpl<double, 0>, pinocchio::JointModelEllipsoidTpl<double, 0>, pinocchio::JointModelPrismaticTpl<double, 0, 0>, pinocchio::JointModelPrismaticTpl<double, 0, 1>, pinocchio::JointModelPrismaticTpl<double, 0, 2>, pinocchio::JointModelPrismaticUnalignedTpl<double, 0>, pinocchio::JointModelTranslationTpl<double, 0>, pinocchio::JointModelRevoluteUnboundedTpl<double, 0, 0>, pinocchio::JointModelRevoluteUnboundedTpl<double, 0, 1>, pinocchio::JointModelRevoluteUnboundedTpl<double, 0, 2>, pinocchio::JointModelRevoluteUnboundedUnalignedTpl<double, 0>, pinocchio::JointModelHelicalTpl<double, 0, 0>, pinocchio::JointModelHelicalTpl<double, 0, 1>, pinocchio::JointModelHelicalTpl<double, 0, 2>, pinocchio::JointModelHelicalUnalignedTpl<double, 0>, pinocchio::JointModelUniversalTpl<double, 0>, boost::recursive_wrapper<pinocchio::JointModelCompositeTpl<double, 0, pinocchio::JointCollectionDefaultTpl> >, boost::recursive_wrapper<pinocchio::JointModelMimicTpl<double, 0, pinocchio::JointCollectionDefaultTpl> >}]\x1b[m\x1b[K\xe2\x80\x99\n'}
[5.997242] (gim_arm_hardware) StderrLine: {'line': b' 1770 |     \x1b[01;36m\x1b[Kvariant\x1b[m\x1b[K(variant&& operand) BOOST_NOEXCEPT_IF(variant_move_noexcept_constructible::type::value)\n'}
[5.997266] (gim_arm_hardware) StderrLine: {'line': b'      |     \x1b[01;36m\x1b[K^~~~~~~\x1b[m\x1b[K\n'}
[5.997290] (gim_arm_hardware) StderrLine: {'line': b'\x1b[01m\x1b[K/usr/include/boost/variant/variant.hpp:1770:23:\x1b[m\x1b[K \x1b[01;36m\x1b[Knote: \x1b[m\x1b[K  no known conversion for argument 1 from \xe2\x80\x98\x1b[01m\x1b[Kconst JointModelDerived\x1b[m\x1b[K\xe2\x80\x99 {aka \xe2\x80\x98\x1b[01m\x1b[Kconst pinocchio::JointModelPrismaticTpl<double, 0, 0>\x1b[m\x1b[K\xe2\x80\x99} to \xe2\x80\x98\x1b[01m\x1b[Kboost::variant<pinocchio::JointModelRevoluteTpl<double, 0, 0>, pinocchio::JointModelRevoluteTpl<double, 0, 1>, pinocchio::JointModelRevoluteTpl<double, 0, 2>, pinocchio::JointModelFreeFlyerTpl<double, 0>, pinocchio::JointModelPlanarTpl<double, 0>, pinocchio::JointModelRevoluteUnalignedTpl<double, 0>, pinocchio::JointModelSphericalTpl<double, 0>, pinocchio::JointModelSphericalZYXTpl<double, 0>, pinocchio::JointModelEllipsoidTpl<double, 0>, pinocchio::JointModelPrismaticTpl<double, 0, 0>, pinocchio::JointModelPrismaticTpl<double, 0, 1>, pinocchio::JointModelPrismaticTpl<double, 0, 2>, pinocchio::JointModelPrismaticUnalignedTpl<double, 0>, pinocchio::JointModelTranslationTpl<double, 0>, pinocchio::JointModelRevoluteUnboundedTpl<double, 0, 0>, pinocchio::JointModelRevoluteUnboundedTpl<double, 0, 1>, pinocchio::JointModelRevoluteUnboundedTpl<double, 0, 2>, pinocchio::JointModelRevoluteUnboundedUnalignedTpl<double, 0>, pinocchio::JointModelHelicalTpl<double, 0, 0>, pinocchio::JointModelHelicalTpl<double, 0, 1>, pinocchio::JointModelHelicalTpl<double, 0, 2>, pinocchio::JointModelHelicalUnalignedTpl<double, 0>, pinocchio::JointModelUniversalTpl<double, 0>, boost::recursive_wrapper<pinocchio::JointModelCompositeTpl<double, 0, pinocchio::JointCollectionDefaultTpl> >, boost::recursive_wrapper<pinocchio::JointModelMimicTpl<double, 0, pinocchio::JointCollectionDefaultTpl> > >&&\x1b[m\x1b[K\xe2\x80\x99\n'}
[5.997320] (gim_arm_hardware) StderrLine: {'line': b' 1770 |     variant(\x1b[01;36m\x1b[Kvariant&& operand\x1b[m\x1b[K) BOOST_NOEXCEPT_IF(variant_move_noexcept_constructible::type::value)\n'}
[5.997344] (gim_arm_hardware) StderrLine: {'line': b'      |             \x1b[01;36m\x1b[K~~~~~~~~~~^~~~~~~\x1b[m\x1b[K\n'}
[5.997368] (gim_arm_hardware) StderrLine: {'line': b'\x1b[01m\x1b[K/usr/include/boost/variant/variant.hpp:1759:5:\x1b[m\x1b[K \x1b[01;36m\x1b[Knote: \x1b[m\x1b[Kcandidate: \xe2\x80\x98\x1b[01m\x1b[Kboost::variant<T0, TN>::variant(const boost::variant<T0, TN>&) [with T0_ = pinocchio::JointModelRevoluteTpl<double, 0, 0>; TN = {pinocchio::JointModelRevoluteTpl<double, 0, 1>, pinocchio::JointModelRevoluteTpl<double, 0, 2>, pinocchio::JointModelFreeFlyerTpl<double, 0>, pinocchio::JointModelPlanarTpl<double, 0>, pinocchio::JointModelRevoluteUnalignedTpl<double, 0>, pinocchio::JointModelSphericalTpl<double, 0>, pinocchio::JointModelSphericalZYXTpl<double, 0>, pinocchio::JointModelEllipsoidTpl<double, 0>, pinocchio::JointModelPrismaticTpl<double, 0, 0>, pinocchio::JointModelPrismaticTpl<double, 0, 1>, pinocchio::JointModelPrismaticTpl<double, 0, 2>, pinocchio::JointModelPrismaticUnalignedTpl<double, 0>, pinocchio::JointModelTranslationTpl<double, 0>, pinocchio::JointModelRevoluteUnboundedTpl<double, 0, 0>, pinocchio::JointModelRevoluteUnboundedTpl<double, 0, 1>, pinocchio::JointModelRevoluteUnboundedTpl<double, 0, 2>, pinocchio::JointModelRevoluteUnboundedUnalignedTpl<double, 0>, pinocchio::JointModelHelicalTpl<double, 0, 0>, pinocchio::JointModelHelicalTpl<double, 0, 1>, pinocchio::JointModelHelicalTpl<double, 0, 2>, pinocchio::JointModelHelicalUnalignedTpl<double, 0>, pinocchio::JointModelUniversalTpl<double, 0>, boost::recursive_wrapper<pinocchio::JointModelCompositeTpl<double, 0, pinocchio::JointCollectionDefaultTpl> >, boost::recursive_wrapper<pinocchio::JointModelMimicTpl<double, 0, pinocchio::JointCollectionDefaultTpl> >}]\x1b[m\x1b[K\xe2\x80\x99\n'}
[5.997401] (gim_arm_hardware) StderrLine: {'line': b' 1759 |     \x1b[01;36m\x1b[Kvariant\x1b[m\x1b[K(const variant& operand)\n'}
[5.997432] (gim_arm_hardware) StderrLine: {'line': b'      |     \x1b[01;36m\x1b[K^~~~~~~\x1b[m\x1b[K\n'}
[5.997456] (gim_arm_hardware) StderrLine: {'line': b'\x1b[01m\x1b[K/usr/include/boost/variant/variant.hpp:1759:28:\x1b[m\x1b[K \x1b[01;36m\x1b[Knote: \x1b[m\x1b[K  no known conversion for argument 1 from \xe2\x80\x98\x1b[01m\x1b[Kconst JointModelDerived\x1b[m\x1b[K\xe2\x80\x99 {aka \xe2\x80\x98\x1b[01m\x1b[Kconst pinocchio::JointModelPrismaticTpl<double, 0, 0>\x1b[m\x1b[K\xe2\x80\x99} to \xe2\x80\x98\x1b[01m\x1b[Kconst boost::variant<pinocchio::JointModelRevoluteTpl<double, 0, 0>, pinocchio::JointModelRevoluteTpl<double, 0, 1>, pinocchio::JointModelRevoluteTpl<double, 0, 2>, pinocchio::JointModelFreeFlyerTpl<double, 0>, pinocchio::JointModelPlanarTpl<double, 0>, pinocchio::JointModelRevoluteUnalignedTpl<double, 0>, pinocchio::JointModelSphericalTpl<double, 0>, pinocchio::JointModelSphericalZYXTpl<double, 0>, pinocchio::JointModelEllipsoidTpl<double, 0>, pinocchio::JointModelPrismaticTpl<double, 0, 0>, pinocchio::JointModelPrismaticTpl<double, 0, 1>, pinocchio::JointModelPrismaticTpl<double, 0, 2>, pinocchio::JointModelPrismaticUnalignedTpl<double, 0>, pinocchio::JointModelTranslationTpl<double, 0>, pinocchio::JointModelRevoluteUnboundedTpl<double, 0, 0>, pinocchio::JointModelRevoluteUnboundedTpl<double, 0, 1>, pinocchio::JointModelRevoluteUnboundedTpl<double, 0, 2>, pinocchio::JointModelRevoluteUnboundedUnalignedTpl<double, 0>, pinocchio::JointModelHelicalTpl<double, 0, 0>, pinocchio::JointModelHelicalTpl<double, 0, 1>, pinocchio::JointModelHelicalTpl<double, 0, 2>, pinocchio::JointModelHelicalUnalignedTpl<double, 0>, pinocchio::JointModelUniversalTpl<double, 0>, boost::recursive_wrapper<pinocchio::JointModelCompositeTpl<double, 0, pinocchio::JointCollectionDefaultTpl> >, boost::recursive_wrapper<pinocchio::JointModelMimicTpl<double, 0, pinocchio::JointCollectionDefaultTpl> > >&\x1b[m\x1b[K\xe2\x80\x99\n'}
[5.997487] (gim_arm_hardware) StderrLine: {'line': b' 1759 |     variant(\x1b[01;36m\x1b[Kconst variant& operand\x1b[m\x1b[K)\n'}
[5.997516] (gim_arm_hardware) StderrLine: {'line': b'      |             \x1b[01;36m\x1b[K~~~~~~~~~~~~~~~^~~~~~~\x1b[m\x1b[K\n'}
[5.997545] (gim_arm_hardware) StderrLine: {'line': b'\x1b[01m\x1b[K/usr/include/boost/variant/variant.hpp:1375:5:\x1b[m\x1b[K \x1b[01;36m\x1b[Knote: \x1b[m\x1b[Kcandidate: \xe2\x80\x98\x1b[01m\x1b[Kboost::variant<T0, TN>::variant() [with T0_ = pinocchio::JointModelRevoluteTpl<double, 0, 0>; TN = {pinocchio::JointModelRevoluteTpl<double, 0, 1>, pinocchio::JointModelRevoluteTpl<double, 0, 2>, pinocchio::JointModelFreeFlyerTpl<double, 0>, pinocchio::JointModelPlanarTpl<double, 0>, pinocchio::JointModelRevoluteUnalignedTpl<double, 0>, pinocchio::JointModelSphericalTpl<double, 0>, pinocchio::JointModelSphericalZYXTpl<double, 0>, pinocchio::JointModelEllipsoidTpl<double, 0>, pinocchio::JointModelPrismaticTpl<double, 0, 0>, pinocchio::JointModelPrismaticTpl<double, 0, 1>, pinocchio::JointModelPrismaticTpl<double, 0, 2>, pinocchio::JointModelPrismaticUnalignedTpl<double, 0>, pinocchio::JointModelTranslationTpl<double, 0>, pinocchio::JointModelRevoluteUnboundedTpl<double, 0, 0>, pinocchio::JointModelRevoluteUnboundedTpl<double, 0, 1>, pinocchio::JointModelRevoluteUnboundedTpl<double, 0, 2>, pinocchio::JointModelRevoluteUnboundedUnalignedTpl<double, 0>, pinocchio::JointModelHelicalTpl<double, 0, 0>, pinocchio::JointModelHelicalTpl<double, 0, 1>, pinocchio::JointModelHelicalTpl<double, 0, 2>, pinocchio::JointModelHelicalUnalignedTpl<double, 0>, pinocchio::JointModelUniversalTpl<double, 0>, boost::recursive_wrapper<pinocchio::JointModelCompositeTpl<double, 0, pinocchio::JointCollectionDefaultTpl> >, boost::recursive_wrapper<pinocchio::JointModelMimicTpl<double, 0, pinocchio::JointCollectionDefaultTpl> >}]\x1b[m\x1b[K\xe2\x80\x99\n'}
[5.997582] (gim_arm_hardware) StderrLine: {'line': b' 1375 |     \x1b[01;36m\x1b[Kvariant\x1b[m\x1b[K()\n'}
[5.997607] (gim_arm_hardware) StderrLine: {'line': b'      |     \x1b[01;36m\x1b[K^~~~~~~\x1b[m\x1b[K\n'}
[5.997632] (gim_arm_hardware) StderrLine: {'line': b'\x1b[01m\x1b[K/usr/include/boost/variant/variant.hpp:1375:5:\x1b[m\x1b[K \x1b[01;36m\x1b[Knote: \x1b[m\x1b[K  candidate expects 0 arguments, 1 provided\n'}
[5.997657] (gim_arm_hardware) StderrLine: {'line': b'In file included from \x1b[01m\x1b[K/opt/ros/humble/include/pinocchio/multibody/joint.hpp:84\x1b[m\x1b[K,\n'}
[5.997681] (gim_arm_hardware) StderrLine: {'line': b'                 from \x1b[01m\x1b[K/opt/ros/humble/include/pinocchio/multibody.hpp:43\x1b[m\x1b[K,\n'}
[5.997705] (gim_arm_hardware) StderrLine: {'line': b'                 from \x1b[01m\x1b[K/opt/ros/humble/include/pinocchio/parsers/urdf.hpp:27\x1b[m\x1b[K,\n'}
[5.997729] (gim_arm_hardware) StderrLine: {'line': b'                 from \x1b[01m\x1b[K/home/minh/gim60108_ws/src/gim_arm_hardware/include/gim_arm_hardware/gim_arm_system.hpp:25\x1b[m\x1b[K,\n'}
[5.997753] (gim_arm_hardware) StderrLine: {'line': b'                 from \x1b[01m\x1b[K/home/minh/gim60108_ws/src/gim_arm_hardware/src/gim_arm_system.cpp:1\x1b[m\x1b[K:\n'}
[5.997781] (gim_arm_hardware) StderrLine: {'line': b'/opt/ros/humble/include/pinocchio/src/multibody/joint/joint-generic.hxx: In instantiation of \xe2\x80\x98\x1b[01m\x1b[Kpinocchio::JointModelTpl<Scalar, Options, JointCollectionTpl>::JointModelTpl(const pinocchio::JointModelBase<OtherDerived>&) [with JointModelDerived = pinocchio::JointModelPrismaticTpl<double, 0, 1>; _Scalar = double; int _Options = 0; JointCollectionTpl = pinocchio::JointCollectionDefaultTpl]\x1b[m\x1b[K\xe2\x80\x99:\n'}
[5.997811] (gim_arm_hardware) StderrLine: {'line': b'\x1b[01m\x1b[K/opt/ros/humble/include/pinocchio/src/parsers/urdf/model.hxx:502:34:\x1b[m\x1b[K   required from \xe2\x80\x98\x1b[01m\x1b[Kpinocchio::JointIndex pinocchio::urdf::details::UrdfVisitor::addJoint(const Vector3&, const Frame&, const SE3&, const string&, const VectorConstRef&, const VectorConstRef&, const VectorConstRef&, const VectorConstRef&, const VectorConstRef&, const VectorConstRef&, const VectorConstRef&, const VectorConstRef&, const VectorConstRef&, const VectorConstRef&) [with TypeX = pinocchio::JointModelPrismaticTpl<double, 0, 0>; TypeY = pinocchio::JointModelPrismaticTpl<double, 0, 1>; TypeZ = pinocchio::JointModelPrismaticTpl<double, 0, 2>; TypeUnaligned = pinocchio::JointModelPrismaticUnalignedTpl<double>; pinocchio::JointIndex = long unsigned int; pinocchio::urdf::details::UrdfVisitor::Vector3 = Eigen::Matrix<double, 3, 1>; pinocchio::urdf::details::UrdfVisitor::Frame = pinocchio::FrameTpl<double, 0>; pinocchio::urdf::details::UrdfVisitor::SE3 = pinocchio::SE3Tpl<double, 0>; std::string = std::__cxx11::basic_string<char>; pinocchio::urdf::details::UrdfVisitor::VectorConstRef = Eigen::Ref<const Eigen::Matrix<double, -1, 1> >]\x1b[m\x1b[K\xe2\x80\x99\n'}
[5.997838] (gim_arm_hardware) StderrLine: {'line': b'\x1b[01m\x1b[K/opt/ros/humble/include/pinocchio/src/parsers/urdf/model.hxx:263:70:\x1b[m\x1b[K   required from here\n'}
[5.997862] (gim_arm_hardware) StderrLine: {'line': b'\x1b[01m\x1b[K/opt/ros/humble/include/pinocchio/src/multibody/joint/joint-generic.hxx:306:25:\x1b[m\x1b[K \x1b[01;31m\x1b[Kerror: \x1b[m\x1b[Kno matching function for call to \xe2\x80\x98\x1b[01m\x1b[Kboost::variant<pinocchio::JointModelRevoluteTpl<double, 0, 0>, pinocchio::JointModelRevoluteTpl<double, 0, 1>, pinocchio::JointModelRevoluteTpl<double, 0, 2>, pinocchio::JointModelFreeFlyerTpl<double, 0>, pinocchio::JointModelPlanarTpl<double, 0>, pinocchio::JointModelRevoluteUnalignedTpl<double, 0>, pinocchio::JointModelSphericalTpl<double, 0>, pinocchio::JointModelSphericalZYXTpl<double, 0>, pinocchio::JointModelEllipsoidTpl<double, 0>, pinocchio::JointModelPrismaticTpl<double, 0, 0>, pinocchio::JointModelPrismaticTpl<double, 0, 1>, pinocchio::JointModelPrismaticTpl<double, 0, 2>, pinocchio::JointModelPrismaticUnalignedTpl<double, 0>, pinocchio::JointModelTranslationTpl<double, 0>, pinocchio::JointModelRevoluteUnboundedTpl<double, 0, 0>, pinocchio::JointModelRevoluteUnboundedTpl<double, 0, 1>, pinocchio::JointModelRevoluteUnboundedTpl<double, 0, 2>, pinocchio::JointModelRevoluteUnboundedUnalignedTpl<double, 0>, pinocchio::JointModelHelicalTpl<double, 0, 0>, pinocchio::JointModelHelicalTpl<double, 0, 1>, pinocchio::JointModelHelicalTpl<double, 0, 2>, pinocchio::JointModelHelicalUnalignedTpl<double, 0>, pinocchio::JointModelUniversalTpl<double, 0>, boost::recursive_wrapper<pinocchio::JointModelCompositeTpl<double, 0, pinocchio::JointCollectionDefaultTpl> >, boost::recursive_wrapper<pinocchio::JointModelMimicTpl<double, 0, pinocchio::JointCollectionDefaultTpl> > >::variant(const JointModelDerived&)\x1b[m\x1b[K\xe2\x80\x99\n'}
[5.997893] (gim_arm_hardware) StderrLine: {'line': b'  306 |     : JointModelVariant(\x1b[01;31m\x1b[K(JointModelVariant)jmodel.derived()\x1b[m\x1b[K)\n'}
[5.997920] (gim_arm_hardware) StderrLine: {'line': b'      |                         \x1b[01;31m\x1b[K^~~~~~~~~~~~~~~~~~~~~~~~~~~~~~~~~~~\x1b[m\x1b[K\n'}
[5.997945] (gim_arm_hardware) StderrLine: {'line': b'In file included from \x1b[01m\x1b[K/usr/include/boost/variant.hpp:17\x1b[m\x1b[K,\n'}
[5.997969] (gim_arm_hardware) StderrLine: {'line': b'                 from \x1b[01m\x1b[K/opt/ros/humble/include/pinocchio/multibody.hpp:21\x1b[m\x1b[K,\n'}
[5.997993] (gim_arm_hardware) StderrLine: {'line': b'                 from \x1b[01m\x1b[K/opt/ros/humble/include/pinocchio/parsers/urdf.hpp:27\x1b[m\x1b[K,\n'}
[5.998019] (gim_arm_hardware) StderrLine: {'line': b'                 from \x1b[01m\x1b[K/home/minh/gim60108_ws/src/gim_arm_hardware/include/gim_arm_hardware/gim_arm_system.hpp:25\x1b[m\x1b[K,\n'}
[5.998046] (gim_arm_hardware) StderrLine: {'line': b'                 from \x1b[01m\x1b[K/home/minh/gim60108_ws/src/gim_arm_hardware/src/gim_arm_system.cpp:1\x1b[m\x1b[K:\n'}
[5.998070] (gim_arm_hardware) StderrLine: {'line': b'\x1b[01m\x1b[K/usr/include/boost/variant/variant.hpp:1770:5:\x1b[m\x1b[K \x1b[01;36m\x1b[Knote: \x1b[m\x1b[Kcandidate: \xe2\x80\x98\x1b[01m\x1b[Kboost::variant<T0, TN>::variant(boost::variant<T0, TN>&&) [with T0_ = pinocchio::JointModelRevoluteTpl<double, 0, 0>; TN = {pinocchio::JointModelRevoluteTpl<double, 0, 1>, pinocchio::JointModelRevoluteTpl<double, 0, 2>, pinocchio::JointModelFreeFlyerTpl<double, 0>, pinocchio::JointModelPlanarTpl<double, 0>, pinocchio::JointModelRevoluteUnalignedTpl<double, 0>, pinocchio::JointModelSphericalTpl<double, 0>, pinocchio::JointModelSphericalZYXTpl<double, 0>, pinocchio::JointModelEllipsoidTpl<double, 0>, pinocchio::JointModelPrismaticTpl<double, 0, 0>, pinocchio::JointModelPrismaticTpl<double, 0, 1>, pinocchio::JointModelPrismaticTpl<double, 0, 2>, pinocchio::JointModelPrismaticUnalignedTpl<double, 0>, pinocchio::JointModelTranslationTpl<double, 0>, pinocchio::JointModelRevoluteUnboundedTpl<double, 0, 0>, pinocchio::JointModelRevoluteUnboundedTpl<double, 0, 1>, pinocchio::JointModelRevoluteUnboundedTpl<double, 0, 2>, pinocchio::JointModelRevoluteUnboundedUnalignedTpl<double, 0>, pinocchio::JointModelHelicalTpl<double, 0, 0>, pinocchio::JointModelHelicalTpl<double, 0, 1>, pinocchio::JointModelHelicalTpl<double, 0, 2>, pinocchio::JointModelHelicalUnalignedTpl<double, 0>, pinocchio::JointModelUniversalTpl<double, 0>, boost::recursive_wrapper<pinocchio::JointModelCompositeTpl<double, 0, pinocchio::JointCollectionDefaultTpl> >, boost::recursive_wrapper<pinocchio::JointModelMimicTpl<double, 0, pinocchio::JointCollectionDefaultTpl> >}]\x1b[m\x1b[K\xe2\x80\x99\n'}
[5.998100] (gim_arm_hardware) StderrLine: {'line': b' 1770 |     \x1b[01;36m\x1b[Kvariant\x1b[m\x1b[K(variant&& operand) BOOST_NOEXCEPT_IF(variant_move_noexcept_constructible::type::value)\n'}
[5.998125] (gim_arm_hardware) StderrLine: {'line': b'      |     \x1b[01;36m\x1b[K^~~~~~~\x1b[m\x1b[K\n'}
[5.998148] (gim_arm_hardware) StderrLine: {'line': b'\x1b[01m\x1b[K/usr/include/boost/variant/variant.hpp:1770:23:\x1b[m\x1b[K \x1b[01;36m\x1b[Knote: \x1b[m\x1b[K  no known conversion for argument 1 from \xe2\x80\x98\x1b[01m\x1b[Kconst JointModelDerived\x1b[m\x1b[K\xe2\x80\x99 {aka \xe2\x80\x98\x1b[01m\x1b[Kconst pinocchio::JointModelPrismaticTpl<double, 0, 1>\x1b[m\x1b[K\xe2\x80\x99} to \xe2\x80\x98\x1b[01m\x1b[Kboost::variant<pinocchio::JointModelRevoluteTpl<double, 0, 0>, pinocchio::JointModelRevoluteTpl<double, 0, 1>, pinocchio::JointModelRevoluteTpl<double, 0, 2>, pinocchio::JointModelFreeFlyerTpl<double, 0>, pinocchio::JointModelPlanarTpl<double, 0>, pinocchio::JointModelRevoluteUnalignedTpl<double, 0>, pinocchio::JointModelSphericalTpl<double, 0>, pinocchio::JointModelSphericalZYXTpl<double, 0>, pinocchio::JointModelEllipsoidTpl<double, 0>, pinocchio::JointModelPrismaticTpl<double, 0, 0>, pinocchio::JointModelPrismaticTpl<double, 0, 1>, pinocchio::JointModelPrismaticTpl<double, 0, 2>, pinocchio::JointModelPrismaticUnalignedTpl<double, 0>, pinocchio::JointModelTranslationTpl<double, 0>, pinocchio::JointModelRevoluteUnboundedTpl<double, 0, 0>, pinocchio::JointModelRevoluteUnboundedTpl<double, 0, 1>, pinocchio::JointModelRevoluteUnboundedTpl<double, 0, 2>, pinocchio::JointModelRevoluteUnboundedUnalignedTpl<double, 0>, pinocchio::JointModelHelicalTpl<double, 0, 0>, pinocchio::JointModelHelicalTpl<double, 0, 1>, pinocchio::JointModelHelicalTpl<double, 0, 2>, pinocchio::JointModelHelicalUnalignedTpl<double, 0>, pinocchio::JointModelUniversalTpl<double, 0>, boost::recursive_wrapper<pinocchio::JointModelCompositeTpl<double, 0, pinocchio::JointCollectionDefaultTpl> >, boost::recursive_wrapper<pinocchio::JointModelMimicTpl<double, 0, pinocchio::JointCollectionDefaultTpl> > >&&\x1b[m\x1b[K\xe2\x80\x99\n'}
[5.998182] (gim_arm_hardware) StderrLine: {'line': b' 1770 |     variant(\x1b[01;36m\x1b[Kvariant&& operand\x1b[m\x1b[K) BOOST_NOEXCEPT_IF(variant_move_noexcept_constructible::type::value)\n'}
[5.998209] (gim_arm_hardware) StderrLine: {'line': b'      |             \x1b[01;36m\x1b[K~~~~~~~~~~^~~~~~~\x1b[m\x1b[K\n'}
[5.998233] (gim_arm_hardware) StderrLine: {'line': b'\x1b[01m\x1b[K/usr/include/boost/variant/variant.hpp:1759:5:\x1b[m\x1b[K \x1b[01;36m\x1b[Knote: \x1b[m\x1b[Kcandidate: \xe2\x80\x98\x1b[01m\x1b[Kboost::variant<T0, TN>::variant(const boost::variant<T0, TN>&) [with T0_ = pinocchio::JointModelRevoluteTpl<double, 0, 0>; TN = {pinocchio::JointModelRevoluteTpl<double, 0, 1>, pinocchio::JointModelRevoluteTpl<double, 0, 2>, pinocchio::JointModelFreeFlyerTpl<double, 0>, pinocchio::JointModelPlanarTpl<double, 0>, pinocchio::JointModelRevoluteUnalignedTpl<double, 0>, pinocchio::JointModelSphericalTpl<double, 0>, pinocchio::JointModelSphericalZYXTpl<double, 0>, pinocchio::JointModelEllipsoidTpl<double, 0>, pinocchio::JointModelPrismaticTpl<double, 0, 0>, pinocchio::JointModelPrismaticTpl<double, 0, 1>, pinocchio::JointModelPrismaticTpl<double, 0, 2>, pinocchio::JointModelPrismaticUnalignedTpl<double, 0>, pinocchio::JointModelTranslationTpl<double, 0>, pinocchio::JointModelRevoluteUnboundedTpl<double, 0, 0>, pinocchio::JointModelRevoluteUnboundedTpl<double, 0, 1>, pinocchio::JointModelRevoluteUnboundedTpl<double, 0, 2>, pinocchio::JointModelRevoluteUnboundedUnalignedTpl<double, 0>, pinocchio::JointModelHelicalTpl<double, 0, 0>, pinocchio::JointModelHelicalTpl<double, 0, 1>, pinocchio::JointModelHelicalTpl<double, 0, 2>, pinocchio::JointModelHelicalUnalignedTpl<double, 0>, pinocchio::JointModelUniversalTpl<double, 0>, boost::recursive_wrapper<pinocchio::JointModelCompositeTpl<double, 0, pinocchio::JointCollectionDefaultTpl> >, boost::recursive_wrapper<pinocchio::JointModelMimicTpl<double, 0, pinocchio::JointCollectionDefaultTpl> >}]\x1b[m\x1b[K\xe2\x80\x99\n'}
[5.998263] (gim_arm_hardware) StderrLine: {'line': b' 1759 |     \x1b[01;36m\x1b[Kvariant\x1b[m\x1b[K(const variant& operand)\n'}
[5.998291] (gim_arm_hardware) StderrLine: {'line': b'      |     \x1b[01;36m\x1b[K^~~~~~~\x1b[m\x1b[K\n'}
[5.998316] (gim_arm_hardware) StderrLine: {'line': b'\x1b[01m\x1b[K/usr/include/boost/variant/variant.hpp:1759:28:\x1b[m\x1b[K \x1b[01;36m\x1b[Knote: \x1b[m\x1b[K  no known conversion for argument 1 from \xe2\x80\x98\x1b[01m\x1b[Kconst JointModelDerived\x1b[m\x1b[K\xe2\x80\x99 {aka \xe2\x80\x98\x1b[01m\x1b[Kconst pinocchio::JointModelPrismaticTpl<double, 0, 1>\x1b[m\x1b[K\xe2\x80\x99} to \xe2\x80\x98\x1b[01m\x1b[Kconst boost::variant<pinocchio::JointModelRevoluteTpl<double, 0, 0>, pinocchio::JointModelRevoluteTpl<double, 0, 1>, pinocchio::JointModelRevoluteTpl<double, 0, 2>, pinocchio::JointModelFreeFlyerTpl<double, 0>, pinocchio::JointModelPlanarTpl<double, 0>, pinocchio::JointModelRevoluteUnalignedTpl<double, 0>, pinocchio::JointModelSphericalTpl<double, 0>, pinocchio::JointModelSphericalZYXTpl<double, 0>, pinocchio::JointModelEllipsoidTpl<double, 0>, pinocchio::JointModelPrismaticTpl<double, 0, 0>, pinocchio::JointModelPrismaticTpl<double, 0, 1>, pinocchio::JointModelPrismaticTpl<double, 0, 2>, pinocchio::JointModelPrismaticUnalignedTpl<double, 0>, pinocchio::JointModelTranslationTpl<double, 0>, pinocchio::JointModelRevoluteUnboundedTpl<double, 0, 0>, pinocchio::JointModelRevoluteUnboundedTpl<double, 0, 1>, pinocchio::JointModelRevoluteUnboundedTpl<double, 0, 2>, pinocchio::JointModelRevoluteUnboundedUnalignedTpl<double, 0>, pinocchio::JointModelHelicalTpl<double, 0, 0>, pinocchio::JointModelHelicalTpl<double, 0, 1>, pinocchio::JointModelHelicalTpl<double, 0, 2>, pinocchio::JointModelHelicalUnalignedTpl<double, 0>, pinocchio::JointModelUniversalTpl<double, 0>, boost::recursive_wrapper<pinocchio::JointModelCompositeTpl<double, 0, pinocchio::JointCollectionDefaultTpl> >, boost::recursive_wrapper<pinocchio::JointModelMimicTpl<double, 0, pinocchio::JointCollectionDefaultTpl> > >&\x1b[m\x1b[K\xe2\x80\x99\n'}
[5.998344] (gim_arm_hardware) StderrLine: {'line': b' 1759 |     variant(\x1b[01;36m\x1b[Kconst variant& operand\x1b[m\x1b[K)\n'}
[5.998375] (gim_arm_hardware) StderrLine: {'line': b'      |             \x1b[01;36m\x1b[K~~~~~~~~~~~~~~~^~~~~~~\x1b[m\x1b[K\n'}
[5.998399] (gim_arm_hardware) StderrLine: {'line': b'\x1b[01m\x1b[K/usr/include/boost/variant/variant.hpp:1375:5:\x1b[m\x1b[K \x1b[01;36m\x1b[Knote: \x1b[m\x1b[Kcandidate: \xe2\x80\x98\x1b[01m\x1b[Kboost::variant<T0, TN>::variant() [with T0_ = pinocchio::JointModelRevoluteTpl<double, 0, 0>; TN = {pinocchio::JointModelRevoluteTpl<double, 0, 1>, pinocchio::JointModelRevoluteTpl<double, 0, 2>, pinocchio::JointModelFreeFlyerTpl<double, 0>, pinocchio::JointModelPlanarTpl<double, 0>, pinocchio::JointModelRevoluteUnalignedTpl<double, 0>, pinocchio::JointModelSphericalTpl<double, 0>, pinocchio::JointModelSphericalZYXTpl<double, 0>, pinocchio::JointModelEllipsoidTpl<double, 0>, pinocchio::JointModelPrismaticTpl<double, 0, 0>, pinocchio::JointModelPrismaticTpl<double, 0, 1>, pinocchio::JointModelPrismaticTpl<double, 0, 2>, pinocchio::JointModelPrismaticUnalignedTpl<double, 0>, pinocchio::JointModelTranslationTpl<double, 0>, pinocchio::JointModelRevoluteUnboundedTpl<double, 0, 0>, pinocchio::JointModelRevoluteUnboundedTpl<double, 0, 1>, pinocchio::JointModelRevoluteUnboundedTpl<double, 0, 2>, pinocchio::JointModelRevoluteUnboundedUnalignedTpl<double, 0>, pinocchio::JointModelHelicalTpl<double, 0, 0>, pinocchio::JointModelHelicalTpl<double, 0, 1>, pinocchio::JointModelHelicalTpl<double, 0, 2>, pinocchio::JointModelHelicalUnalignedTpl<double, 0>, pinocchio::JointModelUniversalTpl<double, 0>, boost::recursive_wrapper<pinocchio::JointModelCompositeTpl<double, 0, pinocchio::JointCollectionDefaultTpl> >, boost::recursive_wrapper<pinocchio::JointModelMimicTpl<double, 0, pinocchio::JointCollectionDefaultTpl> >}]\x1b[m\x1b[K\xe2\x80\x99\n'}
[5.998432] (gim_arm_hardware) StderrLine: {'line': b' 1375 |     \x1b[01;36m\x1b[Kvariant\x1b[m\x1b[K()\n'}
[5.998457] (gim_arm_hardware) StderrLine: {'line': b'      |     \x1b[01;36m\x1b[K^~~~~~~\x1b[m\x1b[K\n'}
[5.998481] (gim_arm_hardware) StderrLine: {'line': b'\x1b[01m\x1b[K/usr/include/boost/variant/variant.hpp:1375:5:\x1b[m\x1b[K \x1b[01;36m\x1b[Knote: \x1b[m\x1b[K  candidate expects 0 arguments, 1 provided\n'}
[5.998508] (gim_arm_hardware) StderrLine: {'line': b'In file included from \x1b[01m\x1b[K/opt/ros/humble/include/pinocchio/multibody/joint.hpp:84\x1b[m\x1b[K,\n'}
[5.998537] (gim_arm_hardware) StderrLine: {'line': b'                 from \x1b[01m\x1b[K/opt/ros/humble/include/pinocchio/multibody.hpp:43\x1b[m\x1b[K,\n'}
[5.998563] (gim_arm_hardware) StderrLine: {'line': b'                 from \x1b[01m\x1b[K/opt/ros/humble/include/pinocchio/parsers/urdf.hpp:27\x1b[m\x1b[K,\n'}
[5.998587] (gim_arm_hardware) StderrLine: {'line': b'                 from \x1b[01m\x1b[K/home/minh/gim60108_ws/src/gim_arm_hardware/include/gim_arm_hardware/gim_arm_system.hpp:25\x1b[m\x1b[K,\n'}
[5.998612] (gim_arm_hardware) StderrLine: {'line': b'                 from \x1b[01m\x1b[K/home/minh/gim60108_ws/src/gim_arm_hardware/src/gim_arm_system.cpp:1\x1b[m\x1b[K:\n'}
[5.998636] (gim_arm_hardware) StderrLine: {'line': b'/opt/ros/humble/include/pinocchio/src/multibody/joint/joint-generic.hxx: In instantiation of \xe2\x80\x98\x1b[01m\x1b[Kpinocchio::JointModelTpl<Scalar, Options, JointCollectionTpl>::JointModelTpl(const pinocchio::JointModelBase<OtherDerived>&) [with JointModelDerived = pinocchio::JointModelPrismaticTpl<double, 0, 2>; _Scalar = double; int _Options = 0; JointCollectionTpl = pinocchio::JointCollectionDefaultTpl]\x1b[m\x1b[K\xe2\x80\x99:\n'}
[5.998661] (gim_arm_hardware) StderrLine: {'line': b'\x1b[01m\x1b[K/opt/ros/humble/include/pinocchio/src/parsers/urdf/model.hxx:509:34:\x1b[m\x1b[K   required from \xe2\x80\x98\x1b[01m\x1b[Kpinocchio::JointIndex pinocchio::urdf::details::UrdfVisitor::addJoint(const Vector3&, const Frame&, const SE3&, const string&, const VectorConstRef&, const VectorConstRef&, const VectorConstRef&, const VectorConstRef&, const VectorConstRef&, const VectorConstRef&, const VectorConstRef&, const VectorConstRef&, const VectorConstRef&, const VectorConstRef&) [with TypeX = pinocchio::JointModelPrismaticTpl<double, 0, 0>; TypeY = pinocchio::JointModelPrismaticTpl<double, 0, 1>; TypeZ = pinocchio::JointModelPrismaticTpl<double, 0, 2>; TypeUnaligned = pinocchio::JointModelPrismaticUnalignedTpl<double>; pinocchio::JointIndex = long unsigned int; pinocchio::urdf::details::UrdfVisitor::Vector3 = Eigen::Matrix<double, 3, 1>; pinocchio::urdf::details::UrdfVisitor::Frame = pinocchio::FrameTpl<double, 0>; pinocchio::urdf::details::UrdfVisitor::SE3 = pinocchio::SE3Tpl<double, 0>; std::string = std::__cxx11::basic_string<char>; pinocchio::urdf::details::UrdfVisitor::VectorConstRef = Eigen::Ref<const Eigen::Matrix<double, -1, 1> >]\x1b[m\x1b[K\xe2\x80\x99\n'}
[5.998692] (gim_arm_hardware) StderrLine: {'line': b'\x1b[01m\x1b[K/opt/ros/humble/include/pinocchio/src/parsers/urdf/model.hxx:263:70:\x1b[m\x1b[K   required from here\n'}
[5.998716] (gim_arm_hardware) StderrLine: {'line': b'\x1b[01m\x1b[K/opt/ros/humble/include/pinocchio/src/multibody/joint/joint-generic.hxx:306:25:\x1b[m\x1b[K \x1b[01;31m\x1b[Kerror: \x1b[m\x1b[Kno matching function for call to \xe2\x80\x98\x1b[01m\x1b[Kboost::variant<pinocchio::JointModelRevoluteTpl<double, 0, 0>, pinocchio::JointModelRevoluteTpl<double, 0, 1>, pinocchio::JointModelRevoluteTpl<double, 0, 2>, pinocchio::JointModelFreeFlyerTpl<double, 0>, pinocchio::JointModelPlanarTpl<double, 0>, pinocchio::JointModelRevoluteUnalignedTpl<double, 0>, pinocchio::JointModelSphericalTpl<double, 0>, pinocchio::JointModelSphericalZYXTpl<double, 0>, pinocchio::JointModelEllipsoidTpl<double, 0>, pinocchio::JointModelPrismaticTpl<double, 0, 0>, pinocchio::JointModelPrismaticTpl<double, 0, 1>, pinocchio::JointModelPrismaticTpl<double, 0, 2>, pinocchio::JointModelPrismaticUnalignedTpl<double, 0>, pinocchio::JointModelTranslationTpl<double, 0>, pinocchio::JointModelRevoluteUnboundedTpl<double, 0, 0>, pinocchio::JointModelRevoluteUnboundedTpl<double, 0, 1>, pinocchio::JointModelRevoluteUnboundedTpl<double, 0, 2>, pinocchio::JointModelRevoluteUnboundedUnalignedTpl<double, 0>, pinocchio::JointModelHelicalTpl<double, 0, 0>, pinocchio::JointModelHelicalTpl<double, 0, 1>, pinocchio::JointModelHelicalTpl<double, 0, 2>, pinocchio::JointModelHelicalUnalignedTpl<double, 0>, pinocchio::JointModelUniversalTpl<double, 0>, boost::recursive_wrapper<pinocchio::JointModelCompositeTpl<double, 0, pinocchio::JointCollectionDefaultTpl> >, boost::recursive_wrapper<pinocchio::JointModelMimicTpl<double, 0, pinocchio::JointCollectionDefaultTpl> > >::variant(const JointModelDerived&)\x1b[m\x1b[K\xe2\x80\x99\n'}
[5.998755] (gim_arm_hardware) StderrLine: {'line': b'  306 |     : JointModelVariant(\x1b[01;31m\x1b[K(JointModelVariant)jmodel.derived()\x1b[m\x1b[K)\n'}
[5.998780] (gim_arm_hardware) StderrLine: {'line': b'      |                         \x1b[01;31m\x1b[K^~~~~~~~~~~~~~~~~~~~~~~~~~~~~~~~~~~\x1b[m\x1b[K\n'}
[5.998803] (gim_arm_hardware) StderrLine: {'line': b'In file included from \x1b[01m\x1b[K/usr/include/boost/variant.hpp:17\x1b[m\x1b[K,\n'}
[5.998828] (gim_arm_hardware) StderrLine: {'line': b'                 from \x1b[01m\x1b[K/opt/ros/humble/include/pinocchio/multibody.hpp:21\x1b[m\x1b[K,\n'}
[5.998851] (gim_arm_hardware) StderrLine: {'line': b'                 from \x1b[01m\x1b[K/opt/ros/humble/include/pinocchio/parsers/urdf.hpp:27\x1b[m\x1b[K,\n'}
[5.998875] (gim_arm_hardware) StderrLine: {'line': b'                 from \x1b[01m\x1b[K/home/minh/gim60108_ws/src/gim_arm_hardware/include/gim_arm_hardware/gim_arm_system.hpp:25\x1b[m\x1b[K,\n'}
[5.998900] (gim_arm_hardware) StderrLine: {'line': b'                 from \x1b[01m\x1b[K/home/minh/gim60108_ws/src/gim_arm_hardware/src/gim_arm_system.cpp:1\x1b[m\x1b[K:\n'}
[5.998924] (gim_arm_hardware) StderrLine: {'line': b'\x1b[01m\x1b[K/usr/include/boost/variant/variant.hpp:1770:5:\x1b[m\x1b[K \x1b[01;36m\x1b[Knote: \x1b[m\x1b[Kcandidate: \xe2\x80\x98\x1b[01m\x1b[Kboost::variant<T0, TN>::variant(boost::variant<T0, TN>&&) [with T0_ = pinocchio::JointModelRevoluteTpl<double, 0, 0>; TN = {pinocchio::JointModelRevoluteTpl<double, 0, 1>, pinocchio::JointModelRevoluteTpl<double, 0, 2>, pinocchio::JointModelFreeFlyerTpl<double, 0>, pinocchio::JointModelPlanarTpl<double, 0>, pinocchio::JointModelRevoluteUnalignedTpl<double, 0>, pinocchio::JointModelSphericalTpl<double, 0>, pinocchio::JointModelSphericalZYXTpl<double, 0>, pinocchio::JointModelEllipsoidTpl<double, 0>, pinocchio::JointModelPrismaticTpl<double, 0, 0>, pinocchio::JointModelPrismaticTpl<double, 0, 1>, pinocchio::JointModelPrismaticTpl<double, 0, 2>, pinocchio::JointModelPrismaticUnalignedTpl<double, 0>, pinocchio::JointModelTranslationTpl<double, 0>, pinocchio::JointModelRevoluteUnboundedTpl<double, 0, 0>, pinocchio::JointModelRevoluteUnboundedTpl<double, 0, 1>, pinocchio::JointModelRevoluteUnboundedTpl<double, 0, 2>, pinocchio::JointModelRevoluteUnboundedUnalignedTpl<double, 0>, pinocchio::JointModelHelicalTpl<double, 0, 0>, pinocchio::JointModelHelicalTpl<double, 0, 1>, pinocchio::JointModelHelicalTpl<double, 0, 2>, pinocchio::JointModelHelicalUnalignedTpl<double, 0>, pinocchio::JointModelUniversalTpl<double, 0>, boost::recursive_wrapper<pinocchio::JointModelCompositeTpl<double, 0, pinocchio::JointCollectionDefaultTpl> >, boost::recursive_wrapper<pinocchio::JointModelMimicTpl<double, 0, pinocchio::JointCollectionDefaultTpl> >}]\x1b[m\x1b[K\xe2\x80\x99\n'}
[5.998954] (gim_arm_hardware) StderrLine: {'line': b' 1770 |     \x1b[01;36m\x1b[Kvariant\x1b[m\x1b[K(variant&& operand) BOOST_NOEXCEPT_IF(variant_move_noexcept_constructible::type::value)\n'}
[5.998979] (gim_arm_hardware) StderrLine: {'line': b'      |     \x1b[01;36m\x1b[K^~~~~~~\x1b[m\x1b[K\n'}
[5.999002] (gim_arm_hardware) StderrLine: {'line': b'\x1b[01m\x1b[K/usr/include/boost/variant/variant.hpp:1770:23:\x1b[m\x1b[K \x1b[01;36m\x1b[Knote: \x1b[m\x1b[K  no known conversion for argument 1 from \xe2\x80\x98\x1b[01m\x1b[Kconst JointModelDerived\x1b[m\x1b[K\xe2\x80\x99 {aka \xe2\x80\x98\x1b[01m\x1b[Kconst pinocchio::JointModelPrismaticTpl<double, 0, 2>\x1b[m\x1b[K\xe2\x80\x99} to \xe2\x80\x98\x1b[01m\x1b[Kboost::variant<pinocchio::JointModelRevoluteTpl<double, 0, 0>, pinocchio::JointModelRevoluteTpl<double, 0, 1>, pinocchio::JointModelRevoluteTpl<double, 0, 2>, pinocchio::JointModelFreeFlyerTpl<double, 0>, pinocchio::JointModelPlanarTpl<double, 0>, pinocchio::JointModelRevoluteUnalignedTpl<double, 0>, pinocchio::JointModelSphericalTpl<double, 0>, pinocchio::JointModelSphericalZYXTpl<double, 0>, pinocchio::JointModelEllipsoidTpl<double, 0>, pinocchio::JointModelPrismaticTpl<double, 0, 0>, pinocchio::JointModelPrismaticTpl<double, 0, 1>, pinocchio::JointModelPrismaticTpl<double, 0, 2>, pinocchio::JointModelPrismaticUnalignedTpl<double, 0>, pinocchio::JointModelTranslationTpl<double, 0>, pinocchio::JointModelRevoluteUnboundedTpl<double, 0, 0>, pinocchio::JointModelRevoluteUnboundedTpl<double, 0, 1>, pinocchio::JointModelRevoluteUnboundedTpl<double, 0, 2>, pinocchio::JointModelRevoluteUnboundedUnalignedTpl<double, 0>, pinocchio::JointModelHelicalTpl<double, 0, 0>, pinocchio::JointModelHelicalTpl<double, 0, 1>, pinocchio::JointModelHelicalTpl<double, 0, 2>, pinocchio::JointModelHelicalUnalignedTpl<double, 0>, pinocchio::JointModelUniversalTpl<double, 0>, boost::recursive_wrapper<pinocchio::JointModelCompositeTpl<double, 0, pinocchio::JointCollectionDefaultTpl> >, boost::recursive_wrapper<pinocchio::JointModelMimicTpl<double, 0, pinocchio::JointCollectionDefaultTpl> > >&&\x1b[m\x1b[K\xe2\x80\x99\n'}
[5.999041] (gim_arm_hardware) StderrLine: {'line': b' 1770 |     variant(\x1b[01;36m\x1b[Kvariant&& operand\x1b[m\x1b[K) BOOST_NOEXCEPT_IF(variant_move_noexcept_constructible::type::value)\n'}
[5.999066] (gim_arm_hardware) StderrLine: {'line': b'      |             \x1b[01;36m\x1b[K~~~~~~~~~~^~~~~~~\x1b[m\x1b[K\n'}
[5.999090] (gim_arm_hardware) StderrLine: {'line': b'\x1b[01m\x1b[K/usr/include/boost/variant/variant.hpp:1759:5:\x1b[m\x1b[K \x1b[01;36m\x1b[Knote: \x1b[m\x1b[Kcandidate: \xe2\x80\x98\x1b[01m\x1b[Kboost::variant<T0, TN>::variant(const boost::variant<T0, TN>&) [with T0_ = pinocchio::JointModelRevoluteTpl<double, 0, 0>; TN = {pinocchio::JointModelRevoluteTpl<double, 0, 1>, pinocchio::JointModelRevoluteTpl<double, 0, 2>, pinocchio::JointModelFreeFlyerTpl<double, 0>, pinocchio::JointModelPlanarTpl<double, 0>, pinocchio::JointModelRevoluteUnalignedTpl<double, 0>, pinocchio::JointModelSphericalTpl<double, 0>, pinocchio::JointModelSphericalZYXTpl<double, 0>, pinocchio::JointModelEllipsoidTpl<double, 0>, pinocchio::JointModelPrismaticTpl<double, 0, 0>, pinocchio::JointModelPrismaticTpl<double, 0, 1>, pinocchio::JointModelPrismaticTpl<double, 0, 2>, pinocchio::JointModelPrismaticUnalignedTpl<double, 0>, pinocchio::JointModelTranslationTpl<double, 0>, pinocchio::JointModelRevoluteUnboundedTpl<double, 0, 0>, pinocchio::JointModelRevoluteUnboundedTpl<double, 0, 1>, pinocchio::JointModelRevoluteUnboundedTpl<double, 0, 2>, pinocchio::JointModelRevoluteUnboundedUnalignedTpl<double, 0>, pinocchio::JointModelHelicalTpl<double, 0, 0>, pinocchio::JointModelHelicalTpl<double, 0, 1>, pinocchio::JointModelHelicalTpl<double, 0, 2>, pinocchio::JointModelHelicalUnalignedTpl<double, 0>, pinocchio::JointModelUniversalTpl<double, 0>, boost::recursive_wrapper<pinocchio::JointModelCompositeTpl<double, 0, pinocchio::JointCollectionDefaultTpl> >, boost::recursive_wrapper<pinocchio::JointModelMimicTpl<double, 0, pinocchio::JointCollectionDefaultTpl> >}]\x1b[m\x1b[K\xe2\x80\x99\n'}
[5.999122] (gim_arm_hardware) StderrLine: {'line': b' 1759 |     \x1b[01;36m\x1b[Kvariant\x1b[m\x1b[K(const variant& operand)\n'}
[5.999146] (gim_arm_hardware) StderrLine: {'line': b'      |     \x1b[01;36m\x1b[K^~~~~~~\x1b[m\x1b[K\n'}
[5.999171] (gim_arm_hardware) StderrLine: {'line': b'\x1b[01m\x1b[K/usr/include/boost/variant/variant.hpp:1759:28:\x1b[m\x1b[K \x1b[01;36m\x1b[Knote: \x1b[m\x1b[K  no known conversion for argument 1 from \xe2\x80\x98\x1b[01m\x1b[Kconst JointModelDerived\x1b[m\x1b[K\xe2\x80\x99 {aka \xe2\x80\x98\x1b[01m\x1b[Kconst pinocchio::JointModelPrismaticTpl<double, 0, 2>\x1b[m\x1b[K\xe2\x80\x99} to \xe2\x80\x98\x1b[01m\x1b[Kconst boost::variant<pinocchio::JointModelRevoluteTpl<double, 0, 0>, pinocchio::JointModelRevoluteTpl<double, 0, 1>, pinocchio::JointModelRevoluteTpl<double, 0, 2>, pinocchio::JointModelFreeFlyerTpl<double, 0>, pinocchio::JointModelPlanarTpl<double, 0>, pinocchio::JointModelRevoluteUnalignedTpl<double, 0>, pinocchio::JointModelSphericalTpl<double, 0>, pinocchio::JointModelSphericalZYXTpl<double, 0>, pinocchio::JointModelEllipsoidTpl<double, 0>, pinocchio::JointModelPrismaticTpl<double, 0, 0>, pinocchio::JointModelPrismaticTpl<double, 0, 1>, pinocchio::JointModelPrismaticTpl<double, 0, 2>, pinocchio::JointModelPrismaticUnalignedTpl<double, 0>, pinocchio::JointModelTranslationTpl<double, 0>, pinocchio::JointModelRevoluteUnboundedTpl<double, 0, 0>, pinocchio::JointModelRevoluteUnboundedTpl<double, 0, 1>, pinocchio::JointModelRevoluteUnboundedTpl<double, 0, 2>, pinocchio::JointModelRevoluteUnboundedUnalignedTpl<double, 0>, pinocchio::JointModelHelicalTpl<double, 0, 0>, pinocchio::JointModelHelicalTpl<double, 0, 1>, pinocchio::JointModelHelicalTpl<double, 0, 2>, pinocchio::JointModelHelicalUnalignedTpl<double, 0>, pinocchio::JointModelUniversalTpl<double, 0>, boost::recursive_wrapper<pinocchio::JointModelCompositeTpl<double, 0, pinocchio::JointCollectionDefaultTpl> >, boost::recursive_wrapper<pinocchio::JointModelMimicTpl<double, 0, pinocchio::JointCollectionDefaultTpl> > >&\x1b[m\x1b[K\xe2\x80\x99\n'}
[5.999205] (gim_arm_hardware) StderrLine: {'line': b' 1759 |     variant(\x1b[01;36m\x1b[Kconst variant& operand\x1b[m\x1b[K)\n'}
[5.999229] (gim_arm_hardware) StderrLine: {'line': b'      |             \x1b[01;36m\x1b[K~~~~~~~~~~~~~~~^~~~~~~\x1b[m\x1b[K\n'}
[5.999253] (gim_arm_hardware) StderrLine: {'line': b'\x1b[01m\x1b[K/usr/include/boost/variant/variant.hpp:1375:5:\x1b[m\x1b[K \x1b[01;36m\x1b[Knote: \x1b[m\x1b[Kcandidate: \xe2\x80\x98\x1b[01m\x1b[Kboost::variant<T0, TN>::variant() [with T0_ = pinocchio::JointModelRevoluteTpl<double, 0, 0>; TN = {pinocchio::JointModelRevoluteTpl<double, 0, 1>, pinocchio::JointModelRevoluteTpl<double, 0, 2>, pinocchio::JointModelFreeFlyerTpl<double, 0>, pinocchio::JointModelPlanarTpl<double, 0>, pinocchio::JointModelRevoluteUnalignedTpl<double, 0>, pinocchio::JointModelSphericalTpl<double, 0>, pinocchio::JointModelSphericalZYXTpl<double, 0>, pinocchio::JointModelEllipsoidTpl<double, 0>, pinocchio::JointModelPrismaticTpl<double, 0, 0>, pinocchio::JointModelPrismaticTpl<double, 0, 1>, pinocchio::JointModelPrismaticTpl<double, 0, 2>, pinocchio::JointModelPrismaticUnalignedTpl<double, 0>, pinocchio::JointModelTranslationTpl<double, 0>, pinocchio::JointModelRevoluteUnboundedTpl<double, 0, 0>, pinocchio::JointModelRevoluteUnboundedTpl<double, 0, 1>, pinocchio::JointModelRevoluteUnboundedTpl<double, 0, 2>, pinocchio::JointModelRevoluteUnboundedUnalignedTpl<double, 0>, pinocchio::JointModelHelicalTpl<double, 0, 0>, pinocchio::JointModelHelicalTpl<double, 0, 1>, pinocchio::JointModelHelicalTpl<double, 0, 2>, pinocchio::JointModelHelicalUnalignedTpl<double, 0>, pinocchio::JointModelUniversalTpl<double, 0>, boost::recursive_wrapper<pinocchio::JointModelCompositeTpl<double, 0, pinocchio::JointCollectionDefaultTpl> >, boost::recursive_wrapper<pinocchio::JointModelMimicTpl<double, 0, pinocchio::JointCollectionDefaultTpl> >}]\x1b[m\x1b[K\xe2\x80\x99\n'}
[5.999287] (gim_arm_hardware) StderrLine: {'line': b' 1375 |     \x1b[01;36m\x1b[Kvariant\x1b[m\x1b[K()\n'}
[5.999311] (gim_arm_hardware) StderrLine: {'line': b'      |     \x1b[01;36m\x1b[K^~~~~~~\x1b[m\x1b[K\n'}
[5.999335] (gim_arm_hardware) StderrLine: {'line': b'\x1b[01m\x1b[K/usr/include/boost/variant/variant.hpp:1375:5:\x1b[m\x1b[K \x1b[01;36m\x1b[Knote: \x1b[m\x1b[K  candidate expects 0 arguments, 1 provided\n'}
[5.999359] (gim_arm_hardware) StderrLine: {'line': b'In file included from \x1b[01m\x1b[K/opt/ros/humble/include/pinocchio/multibody/joint.hpp:84\x1b[m\x1b[K,\n'}
[5.999383] (gim_arm_hardware) StderrLine: {'line': b'                 from \x1b[01m\x1b[K/opt/ros/humble/include/pinocchio/multibody.hpp:43\x1b[m\x1b[K,\n'}
[5.999407] (gim_arm_hardware) StderrLine: {'line': b'                 from \x1b[01m\x1b[K/opt/ros/humble/include/pinocchio/parsers/urdf.hpp:27\x1b[m\x1b[K,\n'}
[5.999431] (gim_arm_hardware) StderrLine: {'line': b'                 from \x1b[01m\x1b[K/home/minh/gim60108_ws/src/gim_arm_hardware/include/gim_arm_hardware/gim_arm_system.hpp:25\x1b[m\x1b[K,\n'}
[5.999455] (gim_arm_hardware) StderrLine: {'line': b'                 from \x1b[01m\x1b[K/home/minh/gim60108_ws/src/gim_arm_hardware/src/gim_arm_system.cpp:1\x1b[m\x1b[K:\n'}
[5.999481] (gim_arm_hardware) StderrLine: {'line': b'/opt/ros/humble/include/pinocchio/src/multibody/joint/joint-generic.hxx: In instantiation of \xe2\x80\x98\x1b[01m\x1b[Kpinocchio::JointModelTpl<Scalar, Options, JointCollectionTpl>::JointModelTpl(const pinocchio::JointModelBase<OtherDerived>&) [with JointModelDerived = pinocchio::JointModelPrismaticUnalignedTpl<double>; _Scalar = double; int _Options = 0; JointCollectionTpl = pinocchio::JointCollectionDefaultTpl]\x1b[m\x1b[K\xe2\x80\x99:\n'}
[5.999511] (gim_arm_hardware) StderrLine: {'line': b'\x1b[01m\x1b[K/opt/ros/humble/include/pinocchio/src/parsers/urdf/model.hxx:516:34:\x1b[m\x1b[K   required from \xe2\x80\x98\x1b[01m\x1b[Kpinocchio::JointIndex pinocchio::urdf::details::UrdfVisitor::addJoint(const Vector3&, const Frame&, const SE3&, const string&, const VectorConstRef&, const VectorConstRef&, const VectorConstRef&, const VectorConstRef&, const VectorConstRef&, const VectorConstRef&, const VectorConstRef&, const VectorConstRef&, const VectorConstRef&, const VectorConstRef&) [with TypeX = pinocchio::JointModelPrismaticTpl<double, 0, 0>; TypeY = pinocchio::JointModelPrismaticTpl<double, 0, 1>; TypeZ = pinocchio::JointModelPrismaticTpl<double, 0, 2>; TypeUnaligned = pinocchio::JointModelPrismaticUnalignedTpl<double>; pinocchio::JointIndex = long unsigned int; pinocchio::urdf::details::UrdfVisitor::Vector3 = Eigen::Matrix<double, 3, 1>; pinocchio::urdf::details::UrdfVisitor::Frame = pinocchio::FrameTpl<double, 0>; pinocchio::urdf::details::UrdfVisitor::SE3 = pinocchio::SE3Tpl<double, 0>; std::string = std::__cxx11::basic_string<char>; pinocchio::urdf::details::UrdfVisitor::VectorConstRef = Eigen::Ref<const Eigen::Matrix<double, -1, 1> >]\x1b[m\x1b[K\xe2\x80\x99\n'}
[5.999553] (gim_arm_hardware) StderrLine: {'line': b'\x1b[01m\x1b[K/opt/ros/humble/include/pinocchio/src/parsers/urdf/model.hxx:263:70:\x1b[m\x1b[K   required from here\n'}
[5.999580] (gim_arm_hardware) StderrLine: {'line': b'\x1b[01m\x1b[K/opt/ros/humble/include/pinocchio/src/multibody/joint/joint-generic.hxx:306:25:\x1b[m\x1b[K \x1b[01;31m\x1b[Kerror: \x1b[m\x1b[Kno matching function for call to \xe2\x80\x98\x1b[01m\x1b[Kboost::variant<pinocchio::JointModelRevoluteTpl<double, 0, 0>, pinocchio::JointModelRevoluteTpl<double, 0, 1>, pinocchio::JointModelRevoluteTpl<double, 0, 2>, pinocchio::JointModelFreeFlyerTpl<double, 0>, pinocchio::JointModelPlanarTpl<double, 0>, pinocchio::JointModelRevoluteUnalignedTpl<double, 0>, pinocchio::JointModelSphericalTpl<double, 0>, pinocchio::JointModelSphericalZYXTpl<double, 0>, pinocchio::JointModelEllipsoidTpl<double, 0>, pinocchio::JointModelPrismaticTpl<double, 0, 0>, pinocchio::JointModelPrismaticTpl<double, 0, 1>, pinocchio::JointModelPrismaticTpl<double, 0, 2>, pinocchio::JointModelPrismaticUnalignedTpl<double, 0>, pinocchio::JointModelTranslationTpl<double, 0>, pinocchio::JointModelRevoluteUnboundedTpl<double, 0, 0>, pinocchio::JointModelRevoluteUnboundedTpl<double, 0, 1>, pinocchio::JointModelRevoluteUnboundedTpl<double, 0, 2>, pinocchio::JointModelRevoluteUnboundedUnalignedTpl<double, 0>, pinocchio::JointModelHelicalTpl<double, 0, 0>, pinocchio::JointModelHelicalTpl<double, 0, 1>, pinocchio::JointModelHelicalTpl<double, 0, 2>, pinocchio::JointModelHelicalUnalignedTpl<double, 0>, pinocchio::JointModelUniversalTpl<double, 0>, boost::recursive_wrapper<pinocchio::JointModelCompositeTpl<double, 0, pinocchio::JointCollectionDefaultTpl> >, boost::recursive_wrapper<pinocchio::JointModelMimicTpl<double, 0, pinocchio::JointCollectionDefaultTpl> > >::variant(const JointModelDerived&)\x1b[m\x1b[K\xe2\x80\x99\n'}
[5.999611] (gim_arm_hardware) StderrLine: {'line': b'  306 |     : JointModelVariant(\x1b[01;31m\x1b[K(JointModelVariant)jmodel.derived()\x1b[m\x1b[K)\n'}
[5.999635] (gim_arm_hardware) StderrLine: {'line': b'      |                         \x1b[01;31m\x1b[K^~~~~~~~~~~~~~~~~~~~~~~~~~~~~~~~~~~\x1b[m\x1b[K\n'}
[5.999660] (gim_arm_hardware) StderrLine: {'line': b'In file included from \x1b[01m\x1b[K/usr/include/boost/variant.hpp:17\x1b[m\x1b[K,\n'}
[5.999684] (gim_arm_hardware) StderrLine: {'line': b'                 from \x1b[01m\x1b[K/opt/ros/humble/include/pinocchio/multibody.hpp:21\x1b[m\x1b[K,\n'}
[5.999708] (gim_arm_hardware) StderrLine: {'line': b'                 from \x1b[01m\x1b[K/opt/ros/humble/include/pinocchio/parsers/urdf.hpp:27\x1b[m\x1b[K,\n'}
[5.999731] (gim_arm_hardware) StderrLine: {'line': b'                 from \x1b[01m\x1b[K/home/minh/gim60108_ws/src/gim_arm_hardware/include/gim_arm_hardware/gim_arm_system.hpp:25\x1b[m\x1b[K,\n'}
[5.999756] (gim_arm_hardware) StderrLine: {'line': b'                 from \x1b[01m\x1b[K/home/minh/gim60108_ws/src/gim_arm_hardware/src/gim_arm_system.cpp:1\x1b[m\x1b[K:\n'}
[5.999780] (gim_arm_hardware) StderrLine: {'line': b'\x1b[01m\x1b[K/usr/include/boost/variant/variant.hpp:1770:5:\x1b[m\x1b[K \x1b[01;36m\x1b[Knote: \x1b[m\x1b[Kcandidate: \xe2\x80\x98\x1b[01m\x1b[Kboost::variant<T0, TN>::variant(boost::variant<T0, TN>&&) [with T0_ = pinocchio::JointModelRevoluteTpl<double, 0, 0>; TN = {pinocchio::JointModelRevoluteTpl<double, 0, 1>, pinocchio::JointModelRevoluteTpl<double, 0, 2>, pinocchio::JointModelFreeFlyerTpl<double, 0>, pinocchio::JointModelPlanarTpl<double, 0>, pinocchio::JointModelRevoluteUnalignedTpl<double, 0>, pinocchio::JointModelSphericalTpl<double, 0>, pinocchio::JointModelSphericalZYXTpl<double, 0>, pinocchio::JointModelEllipsoidTpl<double, 0>, pinocchio::JointModelPrismaticTpl<double, 0, 0>, pinocchio::JointModelPrismaticTpl<double, 0, 1>, pinocchio::JointModelPrismaticTpl<double, 0, 2>, pinocchio::JointModelPrismaticUnalignedTpl<double, 0>, pinocchio::JointModelTranslationTpl<double, 0>, pinocchio::JointModelRevoluteUnboundedTpl<double, 0, 0>, pinocchio::JointModelRevoluteUnboundedTpl<double, 0, 1>, pinocchio::JointModelRevoluteUnboundedTpl<double, 0, 2>, pinocchio::JointModelRevoluteUnboundedUnalignedTpl<double, 0>, pinocchio::JointModelHelicalTpl<double, 0, 0>, pinocchio::JointModelHelicalTpl<double, 0, 1>, pinocchio::JointModelHelicalTpl<double, 0, 2>, pinocchio::JointModelHelicalUnalignedTpl<double, 0>, pinocchio::JointModelUniversalTpl<double, 0>, boost::recursive_wrapper<pinocchio::JointModelCompositeTpl<double, 0, pinocchio::JointCollectionDefaultTpl> >, boost::recursive_wrapper<pinocchio::JointModelMimicTpl<double, 0, pinocchio::JointCollectionDefaultTpl> >}]\x1b[m\x1b[K\xe2\x80\x99\n'}
[5.999818] (gim_arm_hardware) StderrLine: {'line': b' 1770 |     \x1b[01;36m\x1b[Kvariant\x1b[m\x1b[K(variant&& operand) BOOST_NOEXCEPT_IF(variant_move_noexcept_constructible::type::value)\n'}
[5.999842] (gim_arm_hardware) StderrLine: {'line': b'      |     \x1b[01;36m\x1b[K^~~~~~~\x1b[m\x1b[K\n'}
[5.999866] (gim_arm_hardware) StderrLine: {'line': b'\x1b[01m\x1b[K/usr/include/boost/variant/variant.hpp:1770:23:\x1b[m\x1b[K \x1b[01;36m\x1b[Knote: \x1b[m\x1b[K  no known conversion for argument 1 from \xe2\x80\x98\x1b[01m\x1b[Kconst JointModelDerived\x1b[m\x1b[K\xe2\x80\x99 {aka \xe2\x80\x98\x1b[01m\x1b[Kconst pinocchio::JointModelPrismaticUnalignedTpl<double>\x1b[m\x1b[K\xe2\x80\x99} to \xe2\x80\x98\x1b[01m\x1b[Kboost::variant<pinocchio::JointModelRevoluteTpl<double, 0, 0>, pinocchio::JointModelRevoluteTpl<double, 0, 1>, pinocchio::JointModelRevoluteTpl<double, 0, 2>, pinocchio::JointModelFreeFlyerTpl<double, 0>, pinocchio::JointModelPlanarTpl<double, 0>, pinocchio::JointModelRevoluteUnalignedTpl<double, 0>, pinocchio::JointModelSphericalTpl<double, 0>, pinocchio::JointModelSphericalZYXTpl<double, 0>, pinocchio::JointModelEllipsoidTpl<double, 0>, pinocchio::JointModelPrismaticTpl<double, 0, 0>, pinocchio::JointModelPrismaticTpl<double, 0, 1>, pinocchio::JointModelPrismaticTpl<double, 0, 2>, pinocchio::JointModelPrismaticUnalignedTpl<double, 0>, pinocchio::JointModelTranslationTpl<double, 0>, pinocchio::JointModelRevoluteUnboundedTpl<double, 0, 0>, pinocchio::JointModelRevoluteUnboundedTpl<double, 0, 1>, pinocchio::JointModelRevoluteUnboundedTpl<double, 0, 2>, pinocchio::JointModelRevoluteUnboundedUnalignedTpl<double, 0>, pinocchio::JointModelHelicalTpl<double, 0, 0>, pinocchio::JointModelHelicalTpl<double, 0, 1>, pinocchio::JointModelHelicalTpl<double, 0, 2>, pinocchio::JointModelHelicalUnalignedTpl<double, 0>, pinocchio::JointModelUniversalTpl<double, 0>, boost::recursive_wrapper<pinocchio::JointModelCompositeTpl<double, 0, pinocchio::JointCollectionDefaultTpl> >, boost::recursive_wrapper<pinocchio::JointModelMimicTpl<double, 0, pinocchio::JointCollectionDefaultTpl> > >&&\x1b[m\x1b[K\xe2\x80\x99\n'}
[5.999899] (gim_arm_hardware) StderrLine: {'line': b' 1770 |     variant(\x1b[01;36m\x1b[Kvariant&& operand\x1b[m\x1b[K) BOOST_NOEXCEPT_IF(variant_move_noexcept_constructible::type::value)\n'}
[5.999923] (gim_arm_hardware) StderrLine: {'line': b'      |             \x1b[01;36m\x1b[K~~~~~~~~~~^~~~~~~\x1b[m\x1b[K\n'}
[5.999947] (gim_arm_hardware) StderrLine: {'line': b'\x1b[01m\x1b[K/usr/include/boost/variant/variant.hpp:1759:5:\x1b[m\x1b[K \x1b[01;36m\x1b[Knote: \x1b[m\x1b[Kcandidate: \xe2\x80\x98\x1b[01m\x1b[Kboost::variant<T0, TN>::variant(const boost::variant<T0, TN>&) [with T0_ = pinocchio::JointModelRevoluteTpl<double, 0, 0>; TN = {pinocchio::JointModelRevoluteTpl<double, 0, 1>, pinocchio::JointModelRevoluteTpl<double, 0, 2>, pinocchio::JointModelFreeFlyerTpl<double, 0>, pinocchio::JointModelPlanarTpl<double, 0>, pinocchio::JointModelRevoluteUnalignedTpl<double, 0>, pinocchio::JointModelSphericalTpl<double, 0>, pinocchio::JointModelSphericalZYXTpl<double, 0>, pinocchio::JointModelEllipsoidTpl<double, 0>, pinocchio::JointModelPrismaticTpl<double, 0, 0>, pinocchio::JointModelPrismaticTpl<double, 0, 1>, pinocchio::JointModelPrismaticTpl<double, 0, 2>, pinocchio::JointModelPrismaticUnalignedTpl<double, 0>, pinocchio::JointModelTranslationTpl<double, 0>, pinocchio::JointModelRevoluteUnboundedTpl<double, 0, 0>, pinocchio::JointModelRevoluteUnboundedTpl<double, 0, 1>, pinocchio::JointModelRevoluteUnboundedTpl<double, 0, 2>, pinocchio::JointModelRevoluteUnboundedUnalignedTpl<double, 0>, pinocchio::JointModelHelicalTpl<double, 0, 0>, pinocchio::JointModelHelicalTpl<double, 0, 1>, pinocchio::JointModelHelicalTpl<double, 0, 2>, pinocchio::JointModelHelicalUnalignedTpl<double, 0>, pinocchio::JointModelUniversalTpl<double, 0>, boost::recursive_wrapper<pinocchio::JointModelCompositeTpl<double, 0, pinocchio::JointCollectionDefaultTpl> >, boost::recursive_wrapper<pinocchio::JointModelMimicTpl<double, 0, pinocchio::JointCollectionDefaultTpl> >}]\x1b[m\x1b[K\xe2\x80\x99\n'}
[5.999984] (gim_arm_hardware) StderrLine: {'line': b' 1759 |     \x1b[01;36m\x1b[Kvariant\x1b[m\x1b[K(const variant& operand)\n'}
[6.000012] (gim_arm_hardware) StderrLine: {'line': b'      |     \x1b[01;36m\x1b[K^~~~~~~\x1b[m\x1b[K\n'}
[6.000036] (gim_arm_hardware) StderrLine: {'line': b'\x1b[01m\x1b[K/usr/include/boost/variant/variant.hpp:1759:28:\x1b[m\x1b[K \x1b[01;36m\x1b[Knote: \x1b[m\x1b[K  no known conversion for argument 1 from \xe2\x80\x98\x1b[01m\x1b[Kconst JointModelDerived\x1b[m\x1b[K\xe2\x80\x99 {aka \xe2\x80\x98\x1b[01m\x1b[Kconst pinocchio::JointModelPrismaticUnalignedTpl<double>\x1b[m\x1b[K\xe2\x80\x99} to \xe2\x80\x98\x1b[01m\x1b[Kconst boost::variant<pinocchio::JointModelRevoluteTpl<double, 0, 0>, pinocchio::JointModelRevoluteTpl<double, 0, 1>, pinocchio::JointModelRevoluteTpl<double, 0, 2>, pinocchio::JointModelFreeFlyerTpl<double, 0>, pinocchio::JointModelPlanarTpl<double, 0>, pinocchio::JointModelRevoluteUnalignedTpl<double, 0>, pinocchio::JointModelSphericalTpl<double, 0>, pinocchio::JointModelSphericalZYXTpl<double, 0>, pinocchio::JointModelEllipsoidTpl<double, 0>, pinocchio::JointModelPrismaticTpl<double, 0, 0>, pinocchio::JointModelPrismaticTpl<double, 0, 1>, pinocchio::JointModelPrismaticTpl<double, 0, 2>, pinocchio::JointModelPrismaticUnalignedTpl<double, 0>, pinocchio::JointModelTranslationTpl<double, 0>, pinocchio::JointModelRevoluteUnboundedTpl<double, 0, 0>, pinocchio::JointModelRevoluteUnboundedTpl<double, 0, 1>, pinocchio::JointModelRevoluteUnboundedTpl<double, 0, 2>, pinocchio::JointModelRevoluteUnboundedUnalignedTpl<double, 0>, pinocchio::JointModelHelicalTpl<double, 0, 0>, pinocchio::JointModelHelicalTpl<double, 0, 1>, pinocchio::JointModelHelicalTpl<double, 0, 2>, pinocchio::JointModelHelicalUnalignedTpl<double, 0>, pinocchio::JointModelUniversalTpl<double, 0>, boost::recursive_wrapper<pinocchio::JointModelCompositeTpl<double, 0, pinocchio::JointCollectionDefaultTpl> >, boost::recursive_wrapper<pinocchio::JointModelMimicTpl<double, 0, pinocchio::JointCollectionDefaultTpl> > >&\x1b[m\x1b[K\xe2\x80\x99\n'}
[6.000067] (gim_arm_hardware) StderrLine: {'line': b' 1759 |     variant(\x1b[01;36m\x1b[Kconst variant& operand\x1b[m\x1b[K)\n'}
[6.000092] (gim_arm_hardware) StderrLine: {'line': b'      |             \x1b[01;36m\x1b[K~~~~~~~~~~~~~~~^~~~~~~\x1b[m\x1b[K\n'}
[6.000116] (gim_arm_hardware) StderrLine: {'line': b'\x1b[01m\x1b[K/usr/include/boost/variant/variant.hpp:1375:5:\x1b[m\x1b[K \x1b[01;36m\x1b[Knote: \x1b[m\x1b[Kcandidate: \xe2\x80\x98\x1b[01m\x1b[Kboost::variant<T0, TN>::variant() [with T0_ = pinocchio::JointModelRevoluteTpl<double, 0, 0>; TN = {pinocchio::JointModelRevoluteTpl<double, 0, 1>, pinocchio::JointModelRevoluteTpl<double, 0, 2>, pinocchio::JointModelFreeFlyerTpl<double, 0>, pinocchio::JointModelPlanarTpl<double, 0>, pinocchio::JointModelRevoluteUnalignedTpl<double, 0>, pinocchio::JointModelSphericalTpl<double, 0>, pinocchio::JointModelSphericalZYXTpl<double, 0>, pinocchio::JointModelEllipsoidTpl<double, 0>, pinocchio::JointModelPrismaticTpl<double, 0, 0>, pinocchio::JointModelPrismaticTpl<double, 0, 1>, pinocchio::JointModelPrismaticTpl<double, 0, 2>, pinocchio::JointModelPrismaticUnalignedTpl<double, 0>, pinocchio::JointModelTranslationTpl<double, 0>, pinocchio::JointModelRevoluteUnboundedTpl<double, 0, 0>, pinocchio::JointModelRevoluteUnboundedTpl<double, 0, 1>, pinocchio::JointModelRevoluteUnboundedTpl<double, 0, 2>, pinocchio::JointModelRevoluteUnboundedUnalignedTpl<double, 0>, pinocchio::JointModelHelicalTpl<double, 0, 0>, pinocchio::JointModelHelicalTpl<double, 0, 1>, pinocchio::JointModelHelicalTpl<double, 0, 2>, pinocchio::JointModelHelicalUnalignedTpl<double, 0>, pinocchio::JointModelUniversalTpl<double, 0>, boost::recursive_wrapper<pinocchio::JointModelCompositeTpl<double, 0, pinocchio::JointCollectionDefaultTpl> >, boost::recursive_wrapper<pinocchio::JointModelMimicTpl<double, 0, pinocchio::JointCollectionDefaultTpl> >}]\x1b[m\x1b[K\xe2\x80\x99\n'}
[6.000146] (gim_arm_hardware) StderrLine: {'line': b' 1375 |     \x1b[01;36m\x1b[Kvariant\x1b[m\x1b[K()\n'}
[6.000171] (gim_arm_hardware) StderrLine: {'line': b'      |     \x1b[01;36m\x1b[K^~~~~~~\x1b[m\x1b[K\n'}
[6.000195] (gim_arm_hardware) StderrLine: {'line': b'\x1b[01m\x1b[K/usr/include/boost/variant/variant.hpp:1375:5:\x1b[m\x1b[K \x1b[01;36m\x1b[Knote: \x1b[m\x1b[K  candidate expects 0 arguments, 1 provided\n'}
[6.000219] (gim_arm_hardware) StderrLine: {'line': b'In file included from \x1b[01m\x1b[K/opt/ros/humble/include/pinocchio/multibody/joint.hpp:84\x1b[m\x1b[K,\n'}
[6.000244] (gim_arm_hardware) StderrLine: {'line': b'                 from \x1b[01m\x1b[K/opt/ros/humble/include/pinocchio/multibody.hpp:43\x1b[m\x1b[K,\n'}
[6.000268] (gim_arm_hardware) StderrLine: {'line': b'                 from \x1b[01m\x1b[K/opt/ros/humble/include/pinocchio/parsers/urdf.hpp:27\x1b[m\x1b[K,\n'}
[6.000293] (gim_arm_hardware) StderrLine: {'line': b'                 from \x1b[01m\x1b[K/home/minh/gim60108_ws/src/gim_arm_hardware/include/gim_arm_hardware/gim_arm_system.hpp:25\x1b[m\x1b[K,\n'}
[6.000320] (gim_arm_hardware) StderrLine: {'line': b'                 from \x1b[01m\x1b[K/home/minh/gim60108_ws/src/gim_arm_hardware/src/gim_arm_system.cpp:1\x1b[m\x1b[K:\n'}
[6.000347] (gim_arm_hardware) StderrLine: {'line': b'/opt/ros/humble/include/pinocchio/src/multibody/joint/joint-generic.hxx: In instantiation of \xe2\x80\x98\x1b[01m\x1b[Kpinocchio::JointModelTpl<Scalar, Options, JointCollectionTpl>::JointModelTpl(const pinocchio::JointModelBase<OtherDerived>&) [with JointModelDerived = pinocchio::JointModelMimicTpl<double>; _Scalar = double; int _Options = 0; JointCollectionTpl = pinocchio::JointCollectionDefaultTpl]\x1b[m\x1b[K\xe2\x80\x99:\n'}
[6.000379] (gim_arm_hardware) StderrLine: {'line': b'\x1b[01m\x1b[K/opt/ros/humble/include/pinocchio/src/parsers/urdf/model.hxx:554:34:\x1b[m\x1b[K   required from \xe2\x80\x98\x1b[01m\x1b[Kpinocchio::JointIndex pinocchio::urdf::details::UrdfVisitor::addMimicJoint(const Frame&, const SE3&, const string&, const VectorConstRef&, const VectorConstRef&, const VectorConstRef&, const VectorConstRef&, const VectorConstRef&, const VectorConstRef&, const VectorConstRef&, const VectorConstRef&, const VectorConstRef&, const VectorConstRef&, const pinocchio::urdf::details::MimicInfo&) [with TypeX = pinocchio::JointModelRevoluteTpl<double, 0, 0>; TypeY = pinocchio::JointModelRevoluteTpl<double, 0, 1>; TypeZ = pinocchio::JointModelRevoluteTpl<double, 0, 2>; TypeUnaligned = pinocchio::JointModelRevoluteUnalignedTpl<double>; pinocchio::JointIndex = long unsigned int; pinocchio::urdf::details::UrdfVisitor::Frame = pinocchio::FrameTpl<double, 0>; pinocchio::urdf::details::UrdfVisitor::SE3 = pinocchio::SE3Tpl<double, 0>; std::string = std::__cxx11::basic_string<char>; pinocchio::urdf::details::UrdfVisitor::VectorConstRef = Eigen::Ref<const Eigen::Matrix<double, -1, 1> >]\x1b[m\x1b[K\xe2\x80\x99\n'}
[6.000410] (gim_arm_hardware) StderrLine: {'line': b'\x1b[01m\x1b[K/opt/ros/humble/include/pinocchio/src/parsers/urdf/model.hxx:290:73:\x1b[m\x1b[K   required from here\n'}
[6.000434] (gim_arm_hardware) StderrLine: {'line': b'\x1b[01m\x1b[K/opt/ros/humble/include/pinocchio/src/multibody/joint/joint-generic.hxx:306:25:\x1b[m\x1b[K \x1b[01;31m\x1b[Kerror: \x1b[m\x1b[Kno matching function for call to \xe2\x80\x98\x1b[01m\x1b[Kboost::variant<pinocchio::JointModelRevoluteTpl<double, 0, 0>, pinocchio::JointModelRevoluteTpl<double, 0, 1>, pinocchio::JointModelRevoluteTpl<double, 0, 2>, pinocchio::JointModelFreeFlyerTpl<double, 0>, pinocchio::JointModelPlanarTpl<double, 0>, pinocchio::JointModelRevoluteUnalignedTpl<double, 0>, pinocchio::JointModelSphericalTpl<double, 0>, pinocchio::JointModelSphericalZYXTpl<double, 0>, pinocchio::JointModelEllipsoidTpl<double, 0>, pinocchio::JointModelPrismaticTpl<double, 0, 0>, pinocchio::JointModelPrismaticTpl<double, 0, 1>, pinocchio::JointModelPrismaticTpl<double, 0, 2>, pinocchio::JointModelPrismaticUnalignedTpl<double, 0>, pinocchio::JointModelTranslationTpl<double, 0>, pinocchio::JointModelRevoluteUnboundedTpl<double, 0, 0>, pinocchio::JointModelRevoluteUnboundedTpl<double, 0, 1>, pinocchio::JointModelRevoluteUnboundedTpl<double, 0, 2>, pinocchio::JointModelRevoluteUnboundedUnalignedTpl<double, 0>, pinocchio::JointModelHelicalTpl<double, 0, 0>, pinocchio::JointModelHelicalTpl<double, 0, 1>, pinocchio::JointModelHelicalTpl<double, 0, 2>, pinocchio::JointModelHelicalUnalignedTpl<double, 0>, pinocchio::JointModelUniversalTpl<double, 0>, boost::recursive_wrapper<pinocchio::JointModelCompositeTpl<double, 0, pinocchio::JointCollectionDefaultTpl> >, boost::recursive_wrapper<pinocchio::JointModelMimicTpl<double, 0, pinocchio::JointCollectionDefaultTpl> > >::variant(const JointModelDerived&)\x1b[m\x1b[K\xe2\x80\x99\n'}
[6.000465] (gim_arm_hardware) StderrLine: {'line': b'  306 |     : JointModelVariant(\x1b[01;31m\x1b[K(JointModelVariant)jmodel.derived()\x1b[m\x1b[K)\n'}
[6.000489] (gim_arm_hardware) StderrLine: {'line': b'      |                         \x1b[01;31m\x1b[K^~~~~~~~~~~~~~~~~~~~~~~~~~~~~~~~~~~\x1b[m\x1b[K\n'}
[6.000520] (gim_arm_hardware) StderrLine: {'line': b'In file included from \x1b[01m\x1b[K/usr/include/boost/variant.hpp:17\x1b[m\x1b[K,\n'}
[6.000546] (gim_arm_hardware) StderrLine: {'line': b'                 from \x1b[01m\x1b[K/opt/ros/humble/include/pinocchio/multibody.hpp:21\x1b[m\x1b[K,\n'}
[6.000571] (gim_arm_hardware) StderrLine: {'line': b'                 from \x1b[01m\x1b[K/opt/ros/humble/include/pinocchio/parsers/urdf.hpp:27\x1b[m\x1b[K,\n'}
[6.000595] (gim_arm_hardware) StderrLine: {'line': b'                 from \x1b[01m\x1b[K/home/minh/gim60108_ws/src/gim_arm_hardware/include/gim_arm_hardware/gim_arm_system.hpp:25\x1b[m\x1b[K,\n'}
[6.000619] (gim_arm_hardware) StderrLine: {'line': b'                 from \x1b[01m\x1b[K/home/minh/gim60108_ws/src/gim_arm_hardware/src/gim_arm_system.cpp:1\x1b[m\x1b[K:\n'}
[6.000646] (gim_arm_hardware) StderrLine: {'line': b'\x1b[01m\x1b[K/usr/include/boost/variant/variant.hpp:1770:5:\x1b[m\x1b[K \x1b[01;36m\x1b[Knote: \x1b[m\x1b[Kcandidate: \xe2\x80\x98\x1b[01m\x1b[Kboost::variant<T0, TN>::variant(boost::variant<T0, TN>&&) [with T0_ = pinocchio::JointModelRevoluteTpl<double, 0, 0>; TN = {pinocchio::JointModelRevoluteTpl<double, 0, 1>, pinocchio::JointModelRevoluteTpl<double, 0, 2>, pinocchio::JointModelFreeFlyerTpl<double, 0>, pinocchio::JointModelPlanarTpl<double, 0>, pinocchio::JointModelRevoluteUnalignedTpl<double, 0>, pinocchio::JointModelSphericalTpl<double, 0>, pinocchio::JointModelSphericalZYXTpl<double, 0>, pinocchio::JointModelEllipsoidTpl<double, 0>, pinocchio::JointModelPrismaticTpl<double, 0, 0>, pinocchio::JointModelPrismaticTpl<double, 0, 1>, pinocchio::JointModelPrismaticTpl<double, 0, 2>, pinocchio::JointModelPrismaticUnalignedTpl<double, 0>, pinocchio::JointModelTranslationTpl<double, 0>, pinocchio::JointModelRevoluteUnboundedTpl<double, 0, 0>, pinocchio::JointModelRevoluteUnboundedTpl<double, 0, 1>, pinocchio::JointModelRevoluteUnboundedTpl<double, 0, 2>, pinocchio::JointModelRevoluteUnboundedUnalignedTpl<double, 0>, pinocchio::JointModelHelicalTpl<double, 0, 0>, pinocchio::JointModelHelicalTpl<double, 0, 1>, pinocchio::JointModelHelicalTpl<double, 0, 2>, pinocchio::JointModelHelicalUnalignedTpl<double, 0>, pinocchio::JointModelUniversalTpl<double, 0>, boost::recursive_wrapper<pinocchio::JointModelCompositeTpl<double, 0, pinocchio::JointCollectionDefaultTpl> >, boost::recursive_wrapper<pinocchio::JointModelMimicTpl<double, 0, pinocchio::JointCollectionDefaultTpl> >}]\x1b[m\x1b[K\xe2\x80\x99\n'}
[6.000681] (gim_arm_hardware) StderrLine: {'line': b' 1770 |     \x1b[01;36m\x1b[Kvariant\x1b[m\x1b[K(variant&& operand) BOOST_NOEXCEPT_IF(variant_move_noexcept_constructible::type::value)\n'}
[6.000708] (gim_arm_hardware) StderrLine: {'line': b'      |     \x1b[01;36m\x1b[K^~~~~~~\x1b[m\x1b[K\n'}
[6.000733] (gim_arm_hardware) StderrLine: {'line': b'\x1b[01m\x1b[K/usr/include/boost/variant/variant.hpp:1770:23:\x1b[m\x1b[K \x1b[01;36m\x1b[Knote: \x1b[m\x1b[K  no known conversion for argument 1 from \xe2\x80\x98\x1b[01m\x1b[Kconst JointModelDerived\x1b[m\x1b[K\xe2\x80\x99 {aka \xe2\x80\x98\x1b[01m\x1b[Kconst pinocchio::JointModelMimicTpl<double>\x1b[m\x1b[K\xe2\x80\x99} to \xe2\x80\x98\x1b[01m\x1b[Kboost::variant<pinocchio::JointModelRevoluteTpl<double, 0, 0>, pinocchio::JointModelRevoluteTpl<double, 0, 1>, pinocchio::JointModelRevoluteTpl<double, 0, 2>, pinocchio::JointModelFreeFlyerTpl<double, 0>, pinocchio::JointModelPlanarTpl<double, 0>, pinocchio::JointModelRevoluteUnalignedTpl<double, 0>, pinocchio::JointModelSphericalTpl<double, 0>, pinocchio::JointModelSphericalZYXTpl<double, 0>, pinocchio::JointModelEllipsoidTpl<double, 0>, pinocchio::JointModelPrismaticTpl<double, 0, 0>, pinocchio::JointModelPrismaticTpl<double, 0, 1>, pinocchio::JointModelPrismaticTpl<double, 0, 2>, pinocchio::JointModelPrismaticUnalignedTpl<double, 0>, pinocchio::JointModelTranslationTpl<double, 0>, pinocchio::JointModelRevoluteUnboundedTpl<double, 0, 0>, pinocchio::JointModelRevoluteUnboundedTpl<double, 0, 1>, pinocchio::JointModelRevoluteUnboundedTpl<double, 0, 2>, pinocchio::JointModelRevoluteUnboundedUnalignedTpl<double, 0>, pinocchio::JointModelHelicalTpl<double, 0, 0>, pinocchio::JointModelHelicalTpl<double, 0, 1>, pinocchio::JointModelHelicalTpl<double, 0, 2>, pinocchio::JointModelHelicalUnalignedTpl<double, 0>, pinocchio::JointModelUniversalTpl<double, 0>, boost::recursive_wrapper<pinocchio::JointModelCompositeTpl<double, 0, pinocchio::JointCollectionDefaultTpl> >, boost::recursive_wrapper<pinocchio::JointModelMimicTpl<double, 0, pinocchio::JointCollectionDefaultTpl> > >&&\x1b[m\x1b[K\xe2\x80\x99\n'}
[6.000760] (gim_arm_hardware) StderrLine: {'line': b' 1770 |     variant(\x1b[01;36m\x1b[Kvariant&& operand\x1b[m\x1b[K) BOOST_NOEXCEPT_IF(variant_move_noexcept_constructible::type::value)\n'}
[6.000784] (gim_arm_hardware) StderrLine: {'line': b'      |             \x1b[01;36m\x1b[K~~~~~~~~~~^~~~~~~\x1b[m\x1b[K\n'}
[6.000808] (gim_arm_hardware) StderrLine: {'line': b'\x1b[01m\x1b[K/usr/include/boost/variant/variant.hpp:1759:5:\x1b[m\x1b[K \x1b[01;36m\x1b[Knote: \x1b[m\x1b[Kcandidate: \xe2\x80\x98\x1b[01m\x1b[Kboost::variant<T0, TN>::variant(const boost::variant<T0, TN>&) [with T0_ = pinocchio::JointModelRevoluteTpl<double, 0, 0>; TN = {pinocchio::JointModelRevoluteTpl<double, 0, 1>, pinocchio::JointModelRevoluteTpl<double, 0, 2>, pinocchio::JointModelFreeFlyerTpl<double, 0>, pinocchio::JointModelPlanarTpl<double, 0>, pinocchio::JointModelRevoluteUnalignedTpl<double, 0>, pinocchio::JointModelSphericalTpl<double, 0>, pinocchio::JointModelSphericalZYXTpl<double, 0>, pinocchio::JointModelEllipsoidTpl<double, 0>, pinocchio::JointModelPrismaticTpl<double, 0, 0>, pinocchio::JointModelPrismaticTpl<double, 0, 1>, pinocchio::JointModelPrismaticTpl<double, 0, 2>, pinocchio::JointModelPrismaticUnalignedTpl<double, 0>, pinocchio::JointModelTranslationTpl<double, 0>, pinocchio::JointModelRevoluteUnboundedTpl<double, 0, 0>, pinocchio::JointModelRevoluteUnboundedTpl<double, 0, 1>, pinocchio::JointModelRevoluteUnboundedTpl<double, 0, 2>, pinocchio::JointModelRevoluteUnboundedUnalignedTpl<double, 0>, pinocchio::JointModelHelicalTpl<double, 0, 0>, pinocchio::JointModelHelicalTpl<double, 0, 1>, pinocchio::JointModelHelicalTpl<double, 0, 2>, pinocchio::JointModelHelicalUnalignedTpl<double, 0>, pinocchio::JointModelUniversalTpl<double, 0>, boost::recursive_wrapper<pinocchio::JointModelCompositeTpl<double, 0, pinocchio::JointCollectionDefaultTpl> >, boost::recursive_wrapper<pinocchio::JointModelMimicTpl<double, 0, pinocchio::JointCollectionDefaultTpl> >}]\x1b[m\x1b[K\xe2\x80\x99\n'}
[6.000844] (gim_arm_hardware) StderrLine: {'line': b' 1759 |     \x1b[01;36m\x1b[Kvariant\x1b[m\x1b[K(const variant& operand)\n'}
[6.000868] (gim_arm_hardware) StderrLine: {'line': b'      |     \x1b[01;36m\x1b[K^~~~~~~\x1b[m\x1b[K\n'}
[6.000892] (gim_arm_hardware) StderrLine: {'line': b'\x1b[01m\x1b[K/usr/include/boost/variant/variant.hpp:1759:28:\x1b[m\x1b[K \x1b[01;36m\x1b[Knote: \x1b[m\x1b[K  no known conversion for argument 1 from \xe2\x80\x98\x1b[01m\x1b[Kconst JointModelDerived\x1b[m\x1b[K\xe2\x80\x99 {aka \xe2\x80\x98\x1b[01m\x1b[Kconst pinocchio::JointModelMimicTpl<double>\x1b[m\x1b[K\xe2\x80\x99} to \xe2\x80\x98\x1b[01m\x1b[Kconst boost::variant<pinocchio::JointModelRevoluteTpl<double, 0, 0>, pinocchio::JointModelRevoluteTpl<double, 0, 1>, pinocchio::JointModelRevoluteTpl<double, 0, 2>, pinocchio::JointModelFreeFlyerTpl<double, 0>, pinocchio::JointModelPlanarTpl<double, 0>, pinocchio::JointModelRevoluteUnalignedTpl<double, 0>, pinocchio::JointModelSphericalTpl<double, 0>, pinocchio::JointModelSphericalZYXTpl<double, 0>, pinocchio::JointModelEllipsoidTpl<double, 0>, pinocchio::JointModelPrismaticTpl<double, 0, 0>, pinocchio::JointModelPrismaticTpl<double, 0, 1>, pinocchio::JointModelPrismaticTpl<double, 0, 2>, pinocchio::JointModelPrismaticUnalignedTpl<double, 0>, pinocchio::JointModelTranslationTpl<double, 0>, pinocchio::JointModelRevoluteUnboundedTpl<double, 0, 0>, pinocchio::JointModelRevoluteUnboundedTpl<double, 0, 1>, pinocchio::JointModelRevoluteUnboundedTpl<double, 0, 2>, pinocchio::JointModelRevoluteUnboundedUnalignedTpl<double, 0>, pinocchio::JointModelHelicalTpl<double, 0, 0>, pinocchio::JointModelHelicalTpl<double, 0, 1>, pinocchio::JointModelHelicalTpl<double, 0, 2>, pinocchio::JointModelHelicalUnalignedTpl<double, 0>, pinocchio::JointModelUniversalTpl<double, 0>, boost::recursive_wrapper<pinocchio::JointModelCompositeTpl<double, 0, pinocchio::JointCollectionDefaultTpl> >, boost::recursive_wrapper<pinocchio::JointModelMimicTpl<double, 0, pinocchio::JointCollectionDefaultTpl> > >&\x1b[m\x1b[K\xe2\x80\x99\n'}
[6.000922] (gim_arm_hardware) StderrLine: {'line': b' 1759 |     variant(\x1b[01;36m\x1b[Kconst variant& operand\x1b[m\x1b[K)\n'}
[6.000946] (gim_arm_hardware) StderrLine: {'line': b'      |             \x1b[01;36m\x1b[K~~~~~~~~~~~~~~~^~~~~~~\x1b[m\x1b[K\n'}
[6.000970] (gim_arm_hardware) StderrLine: {'line': b'\x1b[01m\x1b[K/usr/include/boost/variant/variant.hpp:1375:5:\x1b[m\x1b[K \x1b[01;36m\x1b[Knote: \x1b[m\x1b[Kcandidate: \xe2\x80\x98\x1b[01m\x1b[Kboost::variant<T0, TN>::variant() [with T0_ = pinocchio::JointModelRevoluteTpl<double, 0, 0>; TN = {pinocchio::JointModelRevoluteTpl<double, 0, 1>, pinocchio::JointModelRevoluteTpl<double, 0, 2>, pinocchio::JointModelFreeFlyerTpl<double, 0>, pinocchio::JointModelPlanarTpl<double, 0>, pinocchio::JointModelRevoluteUnalignedTpl<double, 0>, pinocchio::JointModelSphericalTpl<double, 0>, pinocchio::JointModelSphericalZYXTpl<double, 0>, pinocchio::JointModelEllipsoidTpl<double, 0>, pinocchio::JointModelPrismaticTpl<double, 0, 0>, pinocchio::JointModelPrismaticTpl<double, 0, 1>, pinocchio::JointModelPrismaticTpl<double, 0, 2>, pinocchio::JointModelPrismaticUnalignedTpl<double, 0>, pinocchio::JointModelTranslationTpl<double, 0>, pinocchio::JointModelRevoluteUnboundedTpl<double, 0, 0>, pinocchio::JointModelRevoluteUnboundedTpl<double, 0, 1>, pinocchio::JointModelRevoluteUnboundedTpl<double, 0, 2>, pinocchio::JointModelRevoluteUnboundedUnalignedTpl<double, 0>, pinocchio::JointModelHelicalTpl<double, 0, 0>, pinocchio::JointModelHelicalTpl<double, 0, 1>, pinocchio::JointModelHelicalTpl<double, 0, 2>, pinocchio::JointModelHelicalUnalignedTpl<double, 0>, pinocchio::JointModelUniversalTpl<double, 0>, boost::recursive_wrapper<pinocchio::JointModelCompositeTpl<double, 0, pinocchio::JointCollectionDefaultTpl> >, boost::recursive_wrapper<pinocchio::JointModelMimicTpl<double, 0, pinocchio::JointCollectionDefaultTpl> >}]\x1b[m\x1b[K\xe2\x80\x99\n'}
[6.001006] (gim_arm_hardware) StderrLine: {'line': b' 1375 |     \x1b[01;36m\x1b[Kvariant\x1b[m\x1b[K()\n'}
[6.001030] (gim_arm_hardware) StderrLine: {'line': b'      |     \x1b[01;36m\x1b[K^~~~~~~\x1b[m\x1b[K\n'}
[6.001054] (gim_arm_hardware) StderrLine: {'line': b'\x1b[01m\x1b[K/usr/include/boost/variant/variant.hpp:1375:5:\x1b[m\x1b[K \x1b[01;36m\x1b[Knote: \x1b[m\x1b[K  candidate expects 0 arguments, 1 provided\n'}
[6.017538] (-) TimerEvent: {}
[6.117780] (-) TimerEvent: {}
[6.156844] (gim_arm_hardware) StderrLine: {'line': b'In file included from \x1b[01m\x1b[K/usr/include/boost/variant/variant.hpp:31\x1b[m\x1b[K,\n'}
[6.156995] (gim_arm_hardware) StderrLine: {'line': b'                 from \x1b[01m\x1b[K/usr/include/boost/variant.hpp:17\x1b[m\x1b[K,\n'}
[6.157122] (gim_arm_hardware) StderrLine: {'line': b'                 from \x1b[01m\x1b[K/opt/ros/humble/include/pinocchio/multibody.hpp:21\x1b[m\x1b[K,\n'}
[6.157196] (gim_arm_hardware) StderrLine: {'line': b'                 from \x1b[01m\x1b[K/opt/ros/humble/include/pinocchio/parsers/urdf.hpp:27\x1b[m\x1b[K,\n'}
[6.157261] (gim_arm_hardware) StderrLine: {'line': b'                 from \x1b[01m\x1b[K/home/minh/gim60108_ws/src/gim_arm_hardware/include/gim_arm_hardware/gim_arm_system.hpp:25\x1b[m\x1b[K,\n'}
[6.157325] (gim_arm_hardware) StderrLine: {'line': b'                 from \x1b[01m\x1b[K/home/minh/gim60108_ws/src/gim_arm_hardware/src/gim_arm_system.cpp:1\x1b[m\x1b[K:\n'}
[6.157388] (gim_arm_hardware) StderrLine: {'line': b'/usr/include/boost/variant/detail/make_variant_list.hpp: In instantiation of \xe2\x80\x98\x1b[01m\x1b[Kstruct boost::detail::variant::make_variant_list<pinocchio::JointDataRevoluteTpl<double, 0, 0>, pinocchio::JointDataRevoluteTpl<double, 0, 1>, pinocchio::JointDataRevoluteTpl<double, 0, 2>, pinocchio::JointDataFreeFlyerTpl<double, 0>, pinocchio::JointDataPlanarTpl<double, 0>, pinocchio::JointDataRevoluteUnalignedTpl<double, 0>, pinocchio::JointDataSphericalTpl<double, 0>, pinocchio::JointDataSphericalZYXTpl<double, 0>, pinocchio::JointDataEllipsoidTpl<double, 0>, pinocchio::JointDataPrismaticTpl<double, 0, 0>, pinocchio::JointDataPrismaticTpl<double, 0, 1>, pinocchio::JointDataPrismaticTpl<double, 0, 2>, pinocchio::JointDataPrismaticUnalignedTpl<double, 0>, pinocchio::JointDataTranslationTpl<double, 0>, pinocchio::JointDataRevoluteUnboundedTpl<double, 0, 0>, pinocchio::JointDataRevoluteUnboundedTpl<double, 0, 1>, pinocchio::JointDataRevoluteUnboundedTpl<double, 0, 2>, pinocchio::JointDataRevoluteUnboundedUnalignedTpl<double, 0>, pinocchio::JointDataHelicalTpl<double, 0, 0>, pinocchio::JointDataHelicalTpl<double, 0, 1>, pinocchio::JointDataHelicalTpl<double, 0, 2>, pinocchio::JointDataHelicalUnalignedTpl<double, 0>, pinocchio::JointDataUniversalTpl<double, 0>, boost::recursive_wrapper<pinocchio::JointDataCompositeTpl<double, 0, pinocchio::JointCollectionDefaultTpl> >, boost::recursive_wrapper<pinocchio::JointDataMimicTpl<double, 0, pinocchio::JointCollectionDefaultTpl> > >\x1b[m\x1b[K\xe2\x80\x99:\n'}
[6.157484] (gim_arm_hardware) StderrLine: {'line': b'\x1b[01m\x1b[K/usr/include/boost/mpl/eval_if.hpp:38:31:\x1b[m\x1b[K   required from \xe2\x80\x98\x1b[01m\x1b[Kstruct boost::mpl::eval_if<boost::variant<pinocchio::JointDataRevoluteTpl<double, 0, 0>, pinocchio::JointDataRevoluteTpl<double, 0, 1>, pinocchio::JointDataRevoluteTpl<double, 0, 2>, pinocchio::JointDataFreeFlyerTpl<double, 0>, pinocchio::JointDataPlanarTpl<double, 0>, pinocchio::JointDataRevoluteUnalignedTpl<double, 0>, pinocchio::JointDataSphericalTpl<double, 0>, pinocchio::JointDataSphericalZYXTpl<double, 0>, pinocchio::JointDataEllipsoidTpl<double, 0>, pinocchio::JointDataPrismaticTpl<double, 0, 0>, pinocchio::JointDataPrismaticTpl<double, 0, 1>, pinocchio::JointDataPrismaticTpl<double, 0, 2>, pinocchio::JointDataPrismaticUnalignedTpl<double, 0>, pinocchio::JointDataTranslationTpl<double, 0>, pinocchio::JointDataRevoluteUnboundedTpl<double, 0, 0>, pinocchio::JointDataRevoluteUnboundedTpl<double, 0, 1>, pinocchio::JointDataRevoluteUnboundedTpl<double, 0, 2>, pinocchio::JointDataRevoluteUnboundedUnalignedTpl<double, 0>, pinocchio::JointDataHelicalTpl<double, 0, 0>, pinocchio::JointDataHelicalTpl<double, 0, 1>, pinocchio::JointDataHelicalTpl<double, 0, 2>, pinocchio::JointDataHelicalUnalignedTpl<double, 0>, pinocchio::JointDataUniversalTpl<double, 0>, boost::recursive_wrapper<pinocchio::JointDataCompositeTpl<double, 0, pinocchio::JointCollectionDefaultTpl> >, boost::recursive_wrapper<pinocchio::JointDataMimicTpl<double, 0, pinocchio::JointCollectionDefaultTpl> > >::is_sequence_based_, pinocchio::JointDataRevoluteTpl<double, 0, 0>, boost::detail::variant::make_variant_list<pinocchio::JointDataRevoluteTpl<double, 0, 0>, pinocchio::JointDataRevoluteTpl<double, 0, 1>, pinocchio::JointDataRevoluteTpl<double, 0, 2>, pinocchio::JointDataFreeFlyerTpl<double, 0>, pinocchio::JointDataPlanarTpl<double, 0>, pinocchio::JointDataRevoluteUnalignedTpl<double, 0>, pinocchio::JointDataSphericalTpl<double, 0>, pinocchio::JointDataSphericalZYXTpl<double, 0>, pinocchio::JointDataEllipsoidTpl<double, 0>, pinocchio::JointDataPrismaticTpl<double, 0, 0>, pinocchio::JointDataPrismaticTpl<double, 0, 1>, pinocchio::JointDataPrismaticTpl<double, 0, 2>, pinocchio::JointDataPrismaticUnalignedTpl<double, 0>, pinocchio::JointDataTranslationTpl<double, 0>, pinocchio::JointDataRevoluteUnboundedTpl<double, 0, 0>, pinocchio::JointDataRevoluteUnboundedTpl<double, 0, 1>, pinocchio::JointDataRevoluteUnboundedTpl<double, 0, 2>, pinocchio::JointDataRevoluteUnboundedUnalignedTpl<double, 0>, pinocchio::JointDataHelicalTpl<double, 0, 0>, pinocchio::JointDataHelicalTpl<double, 0, 1>, pinocchio::JointDataHelicalTpl<double, 0, 2>, pinocchio::JointDataHelicalUnalignedTpl<double, 0>, pinocchio::JointDataUniversalTpl<double, 0>, boost::recursive_wrapper<pinocchio::JointDataCompositeTpl<double, 0, pinocchio::JointCollectionDefaultTpl> >, boost::recursive_wrapper<pinocchio::JointDataMimicTpl<double, 0, pinocchio::JointCollectionDefaultTpl> > > >\x1b[m\x1b[K\xe2\x80\x99\n'}
[6.157658] (gim_arm_hardware) StderrLine: {'line': b'\x1b[01m\x1b[K/usr/include/boost/variant/variant.hpp:1138:17:\x1b[m\x1b[K   required from \xe2\x80\x98\x1b[01m\x1b[Kclass boost::variant<pinocchio::JointDataRevoluteTpl<double, 0, 0>, pinocchio::JointDataRevoluteTpl<double, 0, 1>, pinocchio::JointDataRevoluteTpl<double, 0, 2>, pinocchio::JointDataFreeFlyerTpl<double, 0>, pinocchio::JointDataPlanarTpl<double, 0>, pinocchio::JointDataRevoluteUnalignedTpl<double, 0>, pinocchio::JointDataSphericalTpl<double, 0>, pinocchio::JointDataSphericalZYXTpl<double, 0>, pinocchio::JointDataEllipsoidTpl<double, 0>, pinocchio::JointDataPrismaticTpl<double, 0, 0>, pinocchio::JointDataPrismaticTpl<double, 0, 1>, pinocchio::JointDataPrismaticTpl<double, 0, 2>, pinocchio::JointDataPrismaticUnalignedTpl<double, 0>, pinocchio::JointDataTranslationTpl<double, 0>, pinocchio::JointDataRevoluteUnboundedTpl<double, 0, 0>, pinocchio::JointDataRevoluteUnboundedTpl<double, 0, 1>, pinocchio::JointDataRevoluteUnboundedTpl<double, 0, 2>, pinocchio::JointDataRevoluteUnboundedUnalignedTpl<double, 0>, pinocchio::JointDataHelicalTpl<double, 0, 0>, pinocchio::JointDataHelicalTpl<double, 0, 1>, pinocchio::JointDataHelicalTpl<double, 0, 2>, pinocchio::JointDataHelicalUnalignedTpl<double, 0>, pinocchio::JointDataUniversalTpl<double, 0>, boost::recursive_wrapper<pinocchio::JointDataCompositeTpl<double, 0, pinocchio::JointCollectionDefaultTpl> >, boost::recursive_wrapper<pinocchio::JointDataMimicTpl<double, 0, pinocchio::JointCollectionDefaultTpl> > >\x1b[m\x1b[K\xe2\x80\x99\n'}
[6.157739] (gim_arm_hardware) StderrLine: {'line': b'\x1b[01m\x1b[K/opt/ros/humble/include/pinocchio/src/multibody/joint/joint-generic.hxx:88:10:\x1b[m\x1b[K   required from \xe2\x80\x98\x1b[01m\x1b[Kstruct pinocchio::JointDataTpl<double>\x1b[m\x1b[K\xe2\x80\x99\n'}
[6.157804] (gim_arm_hardware) StderrLine: {'line': b'\x1b[01m\x1b[K/opt/ros/humble/include/pinocchio/src/multibody/data.hxx:802:40:\x1b[m\x1b[K   required from \xe2\x80\x98\x1b[01m\x1b[Kpinocchio::DataTpl<_Scalar, _Options, JointCollectionTpl>::DataTpl(const Model&) [with _Scalar = double; int _Options = 0; JointCollectionTpl = pinocchio::JointCollectionDefaultTpl; pinocchio::DataTpl<_Scalar, _Options, JointCollectionTpl>::Model = pinocchio::ModelTpl<double, 0>]\x1b[m\x1b[K\xe2\x80\x99\n'}
[6.157878] (gim_arm_hardware) StderrLine: {'line': b'\x1b[01m\x1b[K/usr/include/c++/11/bits/unique_ptr.h:962:30:\x1b[m\x1b[K   required from \xe2\x80\x98\x1b[01m\x1b[Ktypename std::_MakeUniq<_Tp>::__single_object std::make_unique(_Args&& ...) [with _Tp = pinocchio::DataTpl<double, 0>; _Args = {pinocchio::ModelTpl<double, 0, pinocchio::JointCollectionDefaultTpl>&}; typename std::_MakeUniq<_Tp>::__single_object = std::unique_ptr<pinocchio::DataTpl<double, 0> >]\x1b[m\x1b[K\xe2\x80\x99\n'}
[6.157951] (gim_arm_hardware) StderrLine: {'line': b'\x1b[01m\x1b[K/home/minh/gim60108_ws/src/gim_arm_hardware/src/gim_arm_system.cpp:134:52:\x1b[m\x1b[K   required from here\n'}
[6.158014] (gim_arm_hardware) StderrLine: {'line': b'\x1b[01m\x1b[K/usr/include/boost/variant/detail/make_variant_list.hpp:40:46:\x1b[m\x1b[K \x1b[01;31m\x1b[Kerror: \x1b[m\x1b[Kwrong number of template arguments (25, should be at least 0)\n'}
[6.158077] (gim_arm_hardware) StderrLine: {'line': b'   40 |     typedef typename mpl::list< T... >::type \x1b[01;31m\x1b[Ktype\x1b[m\x1b[K;\n'}
[6.158139] (gim_arm_hardware) StderrLine: {'line': b'      |                                              \x1b[01;31m\x1b[K^~~~\x1b[m\x1b[K\n'}
[6.158199] (gim_arm_hardware) StderrLine: {'line': b'In file included from \x1b[01m\x1b[K/usr/include/boost/mpl/aux_/include_preprocessed.hpp:37\x1b[m\x1b[K,\n'}
[6.158260] (gim_arm_hardware) StderrLine: {'line': b'                 from \x1b[01m\x1b[K/usr/include/boost/mpl/list.hpp:46\x1b[m\x1b[K,\n'}
[6.158285] (gim_arm_hardware) StderrLine: {'line': b'                 from \x1b[01m\x1b[K/usr/include/boost/math/policies/policy.hpp:9\x1b[m\x1b[K,\n'}
[6.158309] (gim_arm_hardware) StderrLine: {'line': b'                 from \x1b[01m\x1b[K/usr/include/boost/math/constants/constants.hpp:12\x1b[m\x1b[K,\n'}
[6.158333] (gim_arm_hardware) StderrLine: {'line': b'                 from \x1b[01m\x1b[K/opt/ros/humble/include/pinocchio/math.hpp:20\x1b[m\x1b[K,\n'}
[6.158365] (gim_arm_hardware) StderrLine: {'line': b'                 from \x1b[01m\x1b[K/opt/ros/humble/include/pinocchio/spatial.hpp:19\x1b[m\x1b[K,\n'}
[6.158389] (gim_arm_hardware) StderrLine: {'line': b'                 from \x1b[01m\x1b[K/opt/ros/humble/include/pinocchio/parsers/urdf.hpp:26\x1b[m\x1b[K,\n'}
[6.158413] (gim_arm_hardware) StderrLine: {'line': b'                 from \x1b[01m\x1b[K/home/minh/gim60108_ws/src/gim_arm_hardware/include/gim_arm_hardware/gim_arm_system.hpp:25\x1b[m\x1b[K,\n'}
[6.158437] (gim_arm_hardware) StderrLine: {'line': b'                 from \x1b[01m\x1b[K/home/minh/gim60108_ws/src/gim_arm_hardware/src/gim_arm_system.cpp:1\x1b[m\x1b[K:\n'}
[6.158461] (gim_arm_hardware) StderrLine: {'line': b'\x1b[01m\x1b[K/usr/include/boost/mpl/aux_/preprocessed/gcc/list.hpp:22:8:\x1b[m\x1b[K \x1b[01;36m\x1b[Knote: \x1b[m\x1b[Kprovided for \xe2\x80\x98\x1b[01m\x1b[Ktemplate<class T0, class T1, class T2, class T3, class T4, class T5, class T6, class T7, class T8, class T9, class T10, class T11, class T12, class T13, class T14, class T15, class T16, class T17, class T18, class T19> struct boost::mpl::list\x1b[m\x1b[K\xe2\x80\x99\n'}
[6.158488] (gim_arm_hardware) StderrLine: {'line': b'   22 | struct \x1b[01;36m\x1b[Klist\x1b[m\x1b[K;\n'}
[6.158523] (gim_arm_hardware) StderrLine: {'line': b'      |        \x1b[01;36m\x1b[K^~~~\x1b[m\x1b[K\n'}
[6.217912] (-) TimerEvent: {}
[6.318234] (-) TimerEvent: {}
[6.418557] (-) TimerEvent: {}
[6.518874] (-) TimerEvent: {}
[6.619187] (-) TimerEvent: {}
[6.719488] (-) TimerEvent: {}
[6.818392] (gim_arm_hardware) StderrLine: {'line': b'In file included from \x1b[01m\x1b[K/usr/include/boost/variant.hpp:17\x1b[m\x1b[K,\n'}
[6.818656] (gim_arm_hardware) StderrLine: {'line': b'                 from \x1b[01m\x1b[K/opt/ros/humble/include/pinocchio/multibody.hpp:21\x1b[m\x1b[K,\n'}
[6.818772] (gim_arm_hardware) StderrLine: {'line': b'                 from \x1b[01m\x1b[K/opt/ros/humble/include/pinocchio/parsers/urdf.hpp:27\x1b[m\x1b[K,\n'}
[6.818850] (gim_arm_hardware) StderrLine: {'line': b'                 from \x1b[01m\x1b[K/home/minh/gim60108_ws/src/gim_arm_hardware/include/gim_arm_hardware/gim_arm_system.hpp:25\x1b[m\x1b[K,\n'}
[6.818923] (gim_arm_hardware) StderrLine: {'line': b'                 from \x1b[01m\x1b[K/home/minh/gim60108_ws/src/gim_arm_hardware/src/gim_arm_system.cpp:1\x1b[m\x1b[K:\n'}
[6.818989] (gim_arm_hardware) StderrLine: {'line': b'/usr/include/boost/variant/variant.hpp: In instantiation of \xe2\x80\x98\x1b[01m\x1b[Ktypename Visitor::result_type boost::variant<T0, TN>::internal_apply_visitor(Visitor&) [with Visitor = boost::detail::variant::destroyer; T0_ = pinocchio::JointModelRevoluteTpl<double, 0, 0>; TN = {pinocchio::JointModelRevoluteTpl<double, 0, 1>, pinocchio::JointModelRevoluteTpl<double, 0, 2>, pinocchio::JointModelFreeFlyerTpl<double, 0>, pinocchio::JointModelPlanarTpl<double, 0>, pinocchio::JointModelRevoluteUnalignedTpl<double, 0>, pinocchio::JointModelSphericalTpl<double, 0>, pinocchio::JointModelSphericalZYXTpl<double, 0>, pinocchio::JointModelEllipsoidTpl<double, 0>, pinocchio::JointModelPrismaticTpl<double, 0, 0>, pinocchio::JointModelPrismaticTpl<double, 0, 1>, pinocchio::JointModelPrismaticTpl<double, 0, 2>, pinocchio::JointModelPrismaticUnalignedTpl<double, 0>, pinocchio::JointModelTranslationTpl<double, 0>, pinocchio::JointModelRevoluteUnboundedTpl<double, 0, 0>, pinocchio::JointModelRevoluteUnboundedTpl<double, 0, 1>, pinocchio::JointModelRevoluteUnboundedTpl<double, 0, 2>, pinocchio::JointModelRevoluteUnboundedUnalignedTpl<double, 0>, pinocchio::JointModelHelicalTpl<double, 0, 0>, pinocchio::JointModelHelicalTpl<double, 0, 1>, pinocchio::JointModelHelicalTpl<double, 0, 2>, pinocchio::JointModelHelicalUnalignedTpl<double, 0>, pinocchio::JointModelUniversalTpl<double, 0>, boost::recursive_wrapper<pinocchio::JointModelCompositeTpl<double, 0, pinocchio::JointCollectionDefaultTpl> >, boost::recursive_wrapper<pinocchio::JointModelMimicTpl<double, 0, pinocchio::JointCollectionDefaultTpl> >}; typename Visitor::result_type = void]\x1b[m\x1b[K\xe2\x80\x99:\n'}
[6.819080] (gim_arm_hardware) StderrLine: {'line': b'\x1b[01m\x1b[K/usr/include/boost/variant/variant.hpp:1365:37:\x1b[m\x1b[K   required from \xe2\x80\x98\x1b[01m\x1b[Kvoid boost::variant<T0, TN>::destroy_content() [with T0_ = pinocchio::JointModelRevoluteTpl<double, 0, 0>; TN = {pinocchio::JointModelRevoluteTpl<double, 0, 1>, pinocchio::JointModelRevoluteTpl<double, 0, 2>, pinocchio::JointModelFreeFlyerTpl<double, 0>, pinocchio::JointModelPlanarTpl<double, 0>, pinocchio::JointModelRevoluteUnalignedTpl<double, 0>, pinocchio::JointModelSphericalTpl<double, 0>, pinocchio::JointModelSphericalZYXTpl<double, 0>, pinocchio::JointModelEllipsoidTpl<double, 0>, pinocchio::JointModelPrismaticTpl<double, 0, 0>, pinocchio::JointModelPrismaticTpl<double, 0, 1>, pinocchio::JointModelPrismaticTpl<double, 0, 2>, pinocchio::JointModelPrismaticUnalignedTpl<double, 0>, pinocchio::JointModelTranslationTpl<double, 0>, pinocchio::JointModelRevoluteUnboundedTpl<double, 0, 0>, pinocchio::JointModelRevoluteUnboundedTpl<double, 0, 1>, pinocchio::JointModelRevoluteUnboundedTpl<double, 0, 2>, pinocchio::JointModelRevoluteUnboundedUnalignedTpl<double, 0>, pinocchio::JointModelHelicalTpl<double, 0, 0>, pinocchio::JointModelHelicalTpl<double, 0, 1>, pinocchio::JointModelHelicalTpl<double, 0, 2>, pinocchio::JointModelHelicalUnalignedTpl<double, 0>, pinocchio::JointModelUniversalTpl<double, 0>, boost::recursive_wrapper<pinocchio::JointModelCompositeTpl<double, 0, pinocchio::JointCollectionDefaultTpl> >, boost::recursive_wrapper<pinocchio::JointModelMimicTpl<double, 0, pinocchio::JointCollectionDefaultTpl> >}]\x1b[m\x1b[K\xe2\x80\x99\n'}
[6.819158] (gim_arm_hardware) StderrLine: {'line': b'\x1b[01m\x1b[K/usr/include/boost/variant/variant.hpp:1372:9:\x1b[m\x1b[K   required from \xe2\x80\x98\x1b[01m\x1b[Kboost::variant<T0, TN>::~variant() [with T0_ = pinocchio::JointModelRevoluteTpl<double, 0, 0>; TN = {pinocchio::JointModelRevoluteTpl<double, 0, 1>, pinocchio::JointModelRevoluteTpl<double, 0, 2>, pinocchio::JointModelFreeFlyerTpl<double, 0>, pinocchio::JointModelPlanarTpl<double, 0>, pinocchio::JointModelRevoluteUnalignedTpl<double, 0>, pinocchio::JointModelSphericalTpl<double, 0>, pinocchio::JointModelSphericalZYXTpl<double, 0>, pinocchio::JointModelEllipsoidTpl<double, 0>, pinocchio::JointModelPrismaticTpl<double, 0, 0>, pinocchio::JointModelPrismaticTpl<double, 0, 1>, pinocchio::JointModelPrismaticTpl<double, 0, 2>, pinocchio::JointModelPrismaticUnalignedTpl<double, 0>, pinocchio::JointModelTranslationTpl<double, 0>, pinocchio::JointModelRevoluteUnboundedTpl<double, 0, 0>, pinocchio::JointModelRevoluteUnboundedTpl<double, 0, 1>, pinocchio::JointModelRevoluteUnboundedTpl<double, 0, 2>, pinocchio::JointModelRevoluteUnboundedUnalignedTpl<double, 0>, pinocchio::JointModelHelicalTpl<double, 0, 0>, pinocchio::JointModelHelicalTpl<double, 0, 1>, pinocchio::JointModelHelicalTpl<double, 0, 2>, pinocchio::JointModelHelicalUnalignedTpl<double, 0>, pinocchio::JointModelUniversalTpl<double, 0>, boost::recursive_wrapper<pinocchio::JointModelCompositeTpl<double, 0, pinocchio::JointCollectionDefaultTpl> >, boost::recursive_wrapper<pinocchio::JointModelMimicTpl<double, 0, pinocchio::JointCollectionDefaultTpl> >}]\x1b[m\x1b[K\xe2\x80\x99\n'}
[6.819241] (gim_arm_hardware) StderrLine: {'line': b'\x1b[01m\x1b[K/opt/ros/humble/include/pinocchio/src/multibody/joint/joint-generic.hxx:256:10:\x1b[m\x1b[K   required from here\n'}
[6.819302] (gim_arm_hardware) StderrLine: {'line': b'\x1b[01m\x1b[K/usr/include/boost/variant/variant.hpp:2350:41:\x1b[m\x1b[K \x1b[01;31m\x1b[Kerror: \x1b[m\x1b[Kusing invalid field \xe2\x80\x98\x1b[01m\x1b[Kboost::variant<T0, TN>::storage_\x1b[m\x1b[K\xe2\x80\x99\n'}
[6.819363] (gim_arm_hardware) StderrLine: {'line': b' 2350 |               which_, which(), visitor, \x1b[01;31m\x1b[Kstorage_\x1b[m\x1b[K.address()\n'}
[6.819430] (gim_arm_hardware) StderrLine: {'line': b'      |                                         \x1b[01;31m\x1b[K^~~~~~~~\x1b[m\x1b[K\n'}
[6.819499] (-) TimerEvent: {}
[6.846620] (gim_arm_hardware) StderrLine: {'line': b'In file included from \x1b[01m\x1b[K/usr/include/boost/optional/optional.hpp:33\x1b[m\x1b[K,\n'}
[6.846767] (gim_arm_hardware) StderrLine: {'line': b'                 from \x1b[01m\x1b[K/usr/include/boost/optional.hpp:15\x1b[m\x1b[K,\n'}
[6.846803] (gim_arm_hardware) StderrLine: {'line': b'                 from \x1b[01m\x1b[K/opt/ros/humble/include/pinocchio/parsers/urdf.hpp:16\x1b[m\x1b[K,\n'}
[6.846833] (gim_arm_hardware) StderrLine: {'line': b'                 from \x1b[01m\x1b[K/home/minh/gim60108_ws/src/gim_arm_hardware/include/gim_arm_hardware/gim_arm_system.hpp:25\x1b[m\x1b[K,\n'}
[6.846864] (gim_arm_hardware) StderrLine: {'line': b'                 from \x1b[01m\x1b[K/home/minh/gim60108_ws/src/gim_arm_hardware/src/gim_arm_system.cpp:1\x1b[m\x1b[K:\n'}
[6.846903] (gim_arm_hardware) StderrLine: {'line': b'/usr/include/boost/variant/get.hpp: In instantiation of \xe2\x80\x98\x1b[01m\x1b[Ktypename boost::add_pointer<T>::type boost::strict_get(boost::variant<T0, TN ...>*) [with U = pinocchio::JointModelMimicTpl<double>; T0 = pinocchio::JointModelRevoluteTpl<double, 0, 0>; TN = {pinocchio::JointModelRevoluteTpl<double, 0, 1>, pinocchio::JointModelRevoluteTpl<double, 0, 2>, pinocchio::JointModelFreeFlyerTpl<double, 0>, pinocchio::JointModelPlanarTpl<double, 0>, pinocchio::JointModelRevoluteUnalignedTpl<double, 0>, pinocchio::JointModelSphericalTpl<double, 0>, pinocchio::JointModelSphericalZYXTpl<double, 0>, pinocchio::JointModelEllipsoidTpl<double, 0>, pinocchio::JointModelPrismaticTpl<double, 0, 0>, pinocchio::JointModelPrismaticTpl<double, 0, 1>, pinocchio::JointModelPrismaticTpl<double, 0, 2>, pinocchio::JointModelPrismaticUnalignedTpl<double, 0>, pinocchio::JointModelTranslationTpl<double, 0>, pinocchio::JointModelRevoluteUnboundedTpl<double, 0, 0>, pinocchio::JointModelRevoluteUnboundedTpl<double, 0, 1>, pinocchio::JointModelRevoluteUnboundedTpl<double, 0, 2>, pinocchio::JointModelRevoluteUnboundedUnalignedTpl<double, 0>, pinocchio::JointModelHelicalTpl<double, 0, 0>, pinocchio::JointModelHelicalTpl<double, 0, 1>, pinocchio::JointModelHelicalTpl<double, 0, 2>, pinocchio::JointModelHelicalUnalignedTpl<double, 0>, pinocchio::JointModelUniversalTpl<double, 0>, boost::recursive_wrapper<pinocchio::JointModelCompositeTpl<double, 0, pinocchio::JointCollectionDefaultTpl> >, boost::recursive_wrapper<pinocchio::JointModelMimicTpl<double, 0, pinocchio::JointCollectionDefaultTpl> >}; typename boost::add_pointer<T>::type = pinocchio::JointModelMimicTpl<double>*]\x1b[m\x1b[K\xe2\x80\x99:\n'}
[6.846956] (gim_arm_hardware) StderrLine: {'line': b'\x1b[01m\x1b[K/usr/include/boost/variant/get.hpp:319:25:\x1b[m\x1b[K   required from \xe2\x80\x98\x1b[01m\x1b[Ktypename boost::add_pointer<T>::type boost::get(boost::variant<T0, TN ...>*) [with U = pinocchio::JointModelMimicTpl<double>; T0 = pinocchio::JointModelRevoluteTpl<double, 0, 0>; TN = {pinocchio::JointModelRevoluteTpl<double, 0, 1>, pinocchio::JointModelRevoluteTpl<double, 0, 2>, pinocchio::JointModelFreeFlyerTpl<double, 0>, pinocchio::JointModelPlanarTpl<double, 0>, pinocchio::JointModelRevoluteUnalignedTpl<double, 0>, pinocchio::JointModelSphericalTpl<double, 0>, pinocchio::JointModelSphericalZYXTpl<double, 0>, pinocchio::JointModelEllipsoidTpl<double, 0>, pinocchio::JointModelPrismaticTpl<double, 0, 0>, pinocchio::JointModelPrismaticTpl<double, 0, 1>, pinocchio::JointModelPrismaticTpl<double, 0, 2>, pinocchio::JointModelPrismaticUnalignedTpl<double, 0>, pinocchio::JointModelTranslationTpl<double, 0>, pinocchio::JointModelRevoluteUnboundedTpl<double, 0, 0>, pinocchio::JointModelRevoluteUnboundedTpl<double, 0, 1>, pinocchio::JointModelRevoluteUnboundedTpl<double, 0, 2>, pinocchio::JointModelRevoluteUnboundedUnalignedTpl<double, 0>, pinocchio::JointModelHelicalTpl<double, 0, 0>, pinocchio::JointModelHelicalTpl<double, 0, 1>, pinocchio::JointModelHelicalTpl<double, 0, 2>, pinocchio::JointModelHelicalUnalignedTpl<double, 0>, pinocchio::JointModelUniversalTpl<double, 0>, boost::recursive_wrapper<pinocchio::JointModelCompositeTpl<double, 0, pinocchio::JointCollectionDefaultTpl> >, boost::recursive_wrapper<pinocchio::JointModelMimicTpl<double, 0, pinocchio::JointCollectionDefaultTpl> >}; typename boost::add_pointer<T>::type = pinocchio::JointModelMimicTpl<double>*]\x1b[m\x1b[K\xe2\x80\x99\n'}
[6.846987] (gim_arm_hardware) StderrLine: {'line': b'\x1b[01m\x1b[K/opt/ros/humble/include/pinocchio/src/multibody/model.hxx:979:76:\x1b[m\x1b[K   required from \xe2\x80\x98\x1b[01m\x1b[Kpinocchio::ModelTpl<_Scalar, _Options, JointCollectionTpl>::JointIndex pinocchio::ModelTpl<_Scalar, _Options, JointCollectionTpl>::addJoint(pinocchio::ModelTpl<_Scalar, _Options, JointCollectionTpl>::JointIndex, const JointModel&, const SE3&, const string&, const VectorXs&, const VectorXs&, const VectorXs&, const VectorXs&, const VectorXs&, const VectorXs&, const VectorXs&, const VectorXs&, const VectorXs&, const VectorXs&) [with _Scalar = double; int _Options = 0; JointCollectionTpl = pinocchio::JointCollectionDefaultTpl; pinocchio::ModelTpl<_Scalar, _Options, JointCollectionTpl>::JointIndex = long unsigned int; pinocchio::ModelTpl<_Scalar, _Options, JointCollectionTpl>::JointModel = pinocchio::JointModelTpl<double>; pinocchio::ModelTpl<_Scalar, _Options, JointCollectionTpl>::SE3 = pinocchio::SE3Tpl<double, 0>; std::string = std::__cxx11::basic_string<char>; pinocchio::ModelTpl<_Scalar, _Options, JointCollectionTpl>::VectorXs = Eigen::Matrix<double, -1, 1>]\x1b[m\x1b[K\xe2\x80\x99\n'}
[6.847019] (gim_arm_hardware) StderrLine: {'line': b'\x1b[01m\x1b[K/opt/ros/humble/include/pinocchio/src/parsers/urdf/model.hxx:235:38:\x1b[m\x1b[K   required from here\n'}
[6.847046] (gim_arm_hardware) StderrLine: {'line': b'\x1b[01m\x1b[K/usr/include/boost/variant/get.hpp:220:5:\x1b[m\x1b[K \x1b[01;31m\x1b[Kerror: \x1b[m\x1b[K\xe2\x80\x98\x1b[01m\x1b[Kvalue\x1b[m\x1b[K\xe2\x80\x99 is not a member of \xe2\x80\x98\x1b[01m\x1b[Kboost::detail::variant::holds_element<boost::variant<pinocchio::JointModelRevoluteTpl<double, 0, 0>, pinocchio::JointModelRevoluteTpl<double, 0, 1>, pinocchio::JointModelRevoluteTpl<double, 0, 2>, pinocchio::JointModelFreeFlyerTpl<double, 0>, pinocchio::JointModelPlanarTpl<double, 0>, pinocchio::JointModelRevoluteUnalignedTpl<double, 0>, pinocchio::JointModelSphericalTpl<double, 0>, pinocchio::JointModelSphericalZYXTpl<double, 0>, pinocchio::JointModelEllipsoidTpl<double, 0>, pinocchio::JointModelPrismaticTpl<double, 0, 0>, pinocchio::JointModelPrismaticTpl<double, 0, 1>, pinocchio::JointModelPrismaticTpl<double, 0, 2>, pinocchio::JointModelPrismaticUnalignedTpl<double, 0>, pinocchio::JointModelTranslationTpl<double, 0>, pinocchio::JointModelRevoluteUnboundedTpl<double, 0, 0>, pinocchio::JointModelRevoluteUnboundedTpl<double, 0, 1>, pinocchio::JointModelRevoluteUnboundedTpl<double, 0, 2>, pinocchio::JointModelRevoluteUnboundedUnalignedTpl<double, 0>, pinocchio::JointModelHelicalTpl<double, 0, 0>, pinocchio::JointModelHelicalTpl<double, 0, 1>, pinocchio::JointModelHelicalTpl<double, 0, 2>, pinocchio::JointModelHelicalUnalignedTpl<double, 0>, pinocchio::JointModelUniversalTpl<double, 0>, boost::recursive_wrapper<pinocchio::JointModelCompositeTpl<double, 0, pinocchio::JointCollectionDefaultTpl> >, boost::recursive_wrapper<pinocchio::JointModelMimicTpl<double, 0, pinocchio::JointCollectionDefaultTpl> > >, pinocchio::JointModelMimicTpl<double> >\x1b[m\x1b[K\xe2\x80\x99\n'}
[6.847084] (gim_arm_hardware) StderrLine: {'line': b'  220 |     \x1b[01;31m\x1b[KBOOST_STATIC_ASSERT_MSG\x1b[m\x1b[K(\n'}
[6.847108] (gim_arm_hardware) StderrLine: {'line': b'      |     \x1b[01;31m\x1b[K^~~~~~~~~~~~~~~~~~~~~~~\x1b[m\x1b[K\n'}
[6.919600] (-) TimerEvent: {}
[7.019907] (-) TimerEvent: {}
[7.120181] (-) TimerEvent: {}
[7.220527] (-) TimerEvent: {}
[7.318214] (gim_arm_hardware) StderrLine: {'line': b'In file included from \x1b[01m\x1b[K/usr/include/boost/variant.hpp:17\x1b[m\x1b[K,\n'}
[7.318429] (gim_arm_hardware) StderrLine: {'line': b'                 from \x1b[01m\x1b[K/opt/ros/humble/include/pinocchio/multibody.hpp:21\x1b[m\x1b[K,\n'}
[7.318569] (gim_arm_hardware) StderrLine: {'line': b'                 from \x1b[01m\x1b[K/opt/ros/humble/include/pinocchio/parsers/urdf.hpp:27\x1b[m\x1b[K,\n'}
[7.318651] (gim_arm_hardware) StderrLine: {'line': b'                 from \x1b[01m\x1b[K/home/minh/gim60108_ws/src/gim_arm_hardware/include/gim_arm_hardware/gim_arm_system.hpp:25\x1b[m\x1b[K,\n'}
[7.318718] (gim_arm_hardware) StderrLine: {'line': b'                 from \x1b[01m\x1b[K/home/minh/gim60108_ws/src/gim_arm_hardware/src/gim_arm_system.cpp:1\x1b[m\x1b[K:\n'}
[7.318781] (gim_arm_hardware) StderrLine: {'line': b'/usr/include/boost/variant/variant.hpp: In instantiation of \xe2\x80\x98\x1b[01m\x1b[Kboost::variant<T0, TN>::variant(boost::variant<T0, TN>&&) [with T0_ = pinocchio::JointModelRevoluteTpl<double, 0, 0>; TN = {pinocchio::JointModelRevoluteTpl<double, 0, 1>, pinocchio::JointModelRevoluteTpl<double, 0, 2>, pinocchio::JointModelFreeFlyerTpl<double, 0>, pinocchio::JointModelPlanarTpl<double, 0>, pinocchio::JointModelRevoluteUnalignedTpl<double, 0>, pinocchio::JointModelSphericalTpl<double, 0>, pinocchio::JointModelSphericalZYXTpl<double, 0>, pinocchio::JointModelEllipsoidTpl<double, 0>, pinocchio::JointModelPrismaticTpl<double, 0, 0>, pinocchio::JointModelPrismaticTpl<double, 0, 1>, pinocchio::JointModelPrismaticTpl<double, 0, 2>, pinocchio::JointModelPrismaticUnalignedTpl<double, 0>, pinocchio::JointModelTranslationTpl<double, 0>, pinocchio::JointModelRevoluteUnboundedTpl<double, 0, 0>, pinocchio::JointModelRevoluteUnboundedTpl<double, 0, 1>, pinocchio::JointModelRevoluteUnboundedTpl<double, 0, 2>, pinocchio::JointModelRevoluteUnboundedUnalignedTpl<double, 0>, pinocchio::JointModelHelicalTpl<double, 0, 0>, pinocchio::JointModelHelicalTpl<double, 0, 1>, pinocchio::JointModelHelicalTpl<double, 0, 2>, pinocchio::JointModelHelicalUnalignedTpl<double, 0>, pinocchio::JointModelUniversalTpl<double, 0>, boost::recursive_wrapper<pinocchio::JointModelCompositeTpl<double, 0, pinocchio::JointCollectionDefaultTpl> >, boost::recursive_wrapper<pinocchio::JointModelMimicTpl<double, 0, pinocchio::JointCollectionDefaultTpl> >}]\x1b[m\x1b[K\xe2\x80\x99:\n'}
[7.318879] (gim_arm_hardware) StderrLine: {'line': b'\x1b[01m\x1b[K/opt/ros/humble/include/pinocchio/src/multibody/joint/joint-generic.hxx:256:10:\x1b[m\x1b[K   required from \xe2\x80\x98\x1b[01m\x1b[Kvoid __gnu_cxx::new_allocator<_Tp>::construct(_Up*, _Args&& ...) [with _Up = pinocchio::JointModelTpl<double>; _Args = {pinocchio::JointModelTpl<double, 0, pinocchio::JointCollectionDefaultTpl>}; _Tp = pinocchio::JointModelTpl<double>]\x1b[m\x1b[K\xe2\x80\x99\n'}
[7.318949] (gim_arm_hardware) StderrLine: {'line': b'\x1b[01m\x1b[K/usr/include/c++/11/bits/alloc_traits.h:516:17:\x1b[m\x1b[K   required from \xe2\x80\x98\x1b[01m\x1b[Kstatic void std::allocator_traits<std::allocator<_CharT> >::construct(std::allocator_traits<std::allocator<_CharT> >::allocator_type&, _Up*, _Args&& ...) [with _Up = pinocchio::JointModelTpl<double>; _Args = {pinocchio::JointModelTpl<double, 0, pinocchio::JointCollectionDefaultTpl>}; _Tp = pinocchio::JointModelTpl<double>; std::allocator_traits<std::allocator<_CharT> >::allocator_type = std::allocator<pinocchio::JointModelTpl<double> >]\x1b[m\x1b[K\xe2\x80\x99\n'}
[7.319022] (gim_arm_hardware) StderrLine: {'line': b'\x1b[01m\x1b[K/usr/include/c++/11/bits/vector.tcc:115:30:\x1b[m\x1b[K   required from \xe2\x80\x98\x1b[01m\x1b[Kstd::vector<_Tp, _Alloc>::reference std::vector<_Tp, _Alloc>::emplace_back(_Args&& ...) [with _Args = {pinocchio::JointModelTpl<double, 0, pinocchio::JointCollectionDefaultTpl>}; _Tp = pinocchio::JointModelTpl<double>; _Alloc = std::allocator<pinocchio::JointModelTpl<double> >; std::vector<_Tp, _Alloc>::reference = pinocchio::JointModelTpl<double>&]\x1b[m\x1b[K\xe2\x80\x99\n'}
[7.319088] (gim_arm_hardware) StderrLine: {'line': b'\x1b[01m\x1b[K/usr/include/c++/11/bits/stl_vector.h:1204:21:\x1b[m\x1b[K   required from \xe2\x80\x98\x1b[01m\x1b[Kvoid std::vector<_Tp, _Alloc>::push_back(std::vector<_Tp, _Alloc>::value_type&&) [with _Tp = pinocchio::JointModelTpl<double>; _Alloc = std::allocator<pinocchio::JointModelTpl<double> >; std::vector<_Tp, _Alloc>::value_type = pinocchio::JointModelTpl<double>]\x1b[m\x1b[K\xe2\x80\x99\n'}
[7.319152] (gim_arm_hardware) StderrLine: {'line': b'\x1b[01m\x1b[K/opt/ros/humble/include/pinocchio/src/multibody/model.hxx:867:21:\x1b[m\x1b[K   required from \xe2\x80\x98\x1b[01m\x1b[Kpinocchio::ModelTpl<_Scalar, _Options, JointCollectionTpl>::JointIndex pinocchio::ModelTpl<_Scalar, _Options, JointCollectionTpl>::addJoint(pinocchio::ModelTpl<_Scalar, _Options, JointCollectionTpl>::JointIndex, const JointModel&, const SE3&, const string&, const VectorXs&, const VectorXs&, const VectorXs&, const VectorXs&, const VectorXs&, const VectorXs&, const VectorXs&, const VectorXs&, const VectorXs&, const VectorXs&) [with _Scalar = double; int _Options = 0; JointCollectionTpl = pinocchio::JointCollectionDefaultTpl; pinocchio::ModelTpl<_Scalar, _Options, JointCollectionTpl>::JointIndex = long unsigned int; pinocchio::ModelTpl<_Scalar, _Options, JointCollectionTpl>::JointModel = pinocchio::JointModelTpl<double>; pinocchio::ModelTpl<_Scalar, _Options, JointCollectionTpl>::SE3 = pinocchio::SE3Tpl<double, 0>; std::string = std::__cxx11::basic_string<char>; pinocchio::ModelTpl<_Scalar, _Options, JointCollectionTpl>::VectorXs = Eigen::Matrix<double, -1, 1>]\x1b[m\x1b[K\xe2\x80\x99\n'}
[7.319234] (gim_arm_hardware) StderrLine: {'line': b'\x1b[01m\x1b[K/opt/ros/humble/include/pinocchio/src/parsers/urdf/model.hxx:235:38:\x1b[m\x1b[K   required from here\n'}
[7.319295] (gim_arm_hardware) StderrLine: {'line': b'\x1b[01m\x1b[K/usr/include/boost/variant/variant.hpp:1773:45:\x1b[m\x1b[K \x1b[01;31m\x1b[Kerror: \x1b[m\x1b[Kusing invalid field \xe2\x80\x98\x1b[01m\x1b[Kboost::variant<T0, TN>::storage_\x1b[m\x1b[K\xe2\x80\x99\n'}
[7.319359] (gim_arm_hardware) StderrLine: {'line': b' 1773 |         detail::variant::move_into visitor( \x1b[01;31m\x1b[Kstorage_\x1b[m\x1b[K.address() );\n'}
[7.319423] (gim_arm_hardware) StderrLine: {'line': b'      |                                             \x1b[01;31m\x1b[K^~~~~~~~\x1b[m\x1b[K\n'}
[7.320578] (-) TimerEvent: {}
[7.338287] (gim_arm_hardware) StderrLine: {'line': b'/usr/include/boost/variant/variant.hpp: In instantiation of \xe2\x80\x98\x1b[01m\x1b[Ktypename Visitor::result_type boost::variant<T0, TN>::internal_apply_visitor(Visitor&) const [with Visitor = boost::detail::variant::invoke_visitor<const pinocchio::CheckMimicVisitor<pinocchio::JointModelTpl<double> >, false>; T0_ = pinocchio::JointModelRevoluteTpl<double, 0, 0>; TN = {pinocchio::JointModelRevoluteTpl<double, 0, 1>, pinocchio::JointModelRevoluteTpl<double, 0, 2>, pinocchio::JointModelFreeFlyerTpl<double, 0>, pinocchio::JointModelPlanarTpl<double, 0>, pinocchio::JointModelRevoluteUnalignedTpl<double, 0>, pinocchio::JointModelSphericalTpl<double, 0>, pinocchio::JointModelSphericalZYXTpl<double, 0>, pinocchio::JointModelEllipsoidTpl<double, 0>, pinocchio::JointModelPrismaticTpl<double, 0, 0>, pinocchio::JointModelPrismaticTpl<double, 0, 1>, pinocchio::JointModelPrismaticTpl<double, 0, 2>, pinocchio::JointModelPrismaticUnalignedTpl<double, 0>, pinocchio::JointModelTranslationTpl<double, 0>, pinocchio::JointModelRevoluteUnboundedTpl<double, 0, 0>, pinocchio::JointModelRevoluteUnboundedTpl<double, 0, 1>, pinocchio::JointModelRevoluteUnboundedTpl<double, 0, 2>, pinocchio::JointModelRevoluteUnboundedUnalignedTpl<double, 0>, pinocchio::JointModelHelicalTpl<double, 0, 0>, pinocchio::JointModelHelicalTpl<double, 0, 1>, pinocchio::JointModelHelicalTpl<double, 0, 2>, pinocchio::JointModelHelicalUnalignedTpl<double, 0>, pinocchio::JointModelUniversalTpl<double, 0>, boost::recursive_wrapper<pinocchio::JointModelCompositeTpl<double, 0, pinocchio::JointCollectionDefaultTpl> >, boost::recursive_wrapper<pinocchio::JointModelMimicTpl<double, 0, pinocchio::JointCollectionDefaultTpl> >}; typename Visitor::result_type = pinocchio::JointModelTpl<double>]\x1b[m\x1b[K\xe2\x80\x99:\n'}
[7.338541] (gim_arm_hardware) StderrLine: {'line': b'\x1b[01m\x1b[K/usr/include/boost/variant/variant.hpp:2404:44:\x1b[m\x1b[K   required from \xe2\x80\x98\x1b[01m\x1b[Ktypename Visitor::result_type boost::variant<T0, TN>::apply_visitor(Visitor&) const & [with Visitor = const pinocchio::CheckMimicVisitor<pinocchio::JointModelTpl<double> >; T0_ = pinocchio::JointModelRevoluteTpl<double, 0, 0>; TN = {pinocchio::JointModelRevoluteTpl<double, 0, 1>, pinocchio::JointModelRevoluteTpl<double, 0, 2>, pinocchio::JointModelFreeFlyerTpl<double, 0>, pinocchio::JointModelPlanarTpl<double, 0>, pinocchio::JointModelRevoluteUnalignedTpl<double, 0>, pinocchio::JointModelSphericalTpl<double, 0>, pinocchio::JointModelSphericalZYXTpl<double, 0>, pinocchio::JointModelEllipsoidTpl<double, 0>, pinocchio::JointModelPrismaticTpl<double, 0, 0>, pinocchio::JointModelPrismaticTpl<double, 0, 1>, pinocchio::JointModelPrismaticTpl<double, 0, 2>, pinocchio::JointModelPrismaticUnalignedTpl<double, 0>, pinocchio::JointModelTranslationTpl<double, 0>, pinocchio::JointModelRevoluteUnboundedTpl<double, 0, 0>, pinocchio::JointModelRevoluteUnboundedTpl<double, 0, 1>, pinocchio::JointModelRevoluteUnboundedTpl<double, 0, 2>, pinocchio::JointModelRevoluteUnboundedUnalignedTpl<double, 0>, pinocchio::JointModelHelicalTpl<double, 0, 0>, pinocchio::JointModelHelicalTpl<double, 0, 1>, pinocchio::JointModelHelicalTpl<double, 0, 2>, pinocchio::JointModelHelicalUnalignedTpl<double, 0>, pinocchio::JointModelUniversalTpl<double, 0>, boost::recursive_wrapper<pinocchio::JointModelCompositeTpl<double, 0, pinocchio::JointCollectionDefaultTpl> >, boost::recursive_wrapper<pinocchio::JointModelMimicTpl<double, 0, pinocchio::JointCollectionDefaultTpl> >}; typename Visitor::result_type = pinocchio::JointModelTpl<double>]\x1b[m\x1b[K\xe2\x80\x99\n'}
[7.338672] (gim_arm_hardware) StderrLine: {'line': b'\x1b[01m\x1b[K/usr/include/boost/variant/detail/apply_visitor_unary.hpp:68:64:\x1b[m\x1b[K   required from \xe2\x80\x98\x1b[01m\x1b[Ktypename Visitor::result_type boost::apply_visitor(const Visitor&, Visitable&&) [with Visitor = pinocchio::CheckMimicVisitor<pinocchio::JointModelTpl<double> >; Visitable = const pinocchio::JointModelTpl<double>&; typename Visitor::result_type = pinocchio::JointModelTpl<double>]\x1b[m\x1b[K\xe2\x80\x99\n'}
[7.338762] (gim_arm_hardware) StderrLine: {'line': b'\x1b[01m\x1b[K/opt/ros/humble/include/pinocchio/src/multibody/joint/joint-basic-visitors.hxx:1546:32:\x1b[m\x1b[K   required from \xe2\x80\x98\x1b[01m\x1b[KJointModel pinocchio::checkMimic(const JointModel&) [with JointModel = pinocchio::JointModelTpl<double>]\x1b[m\x1b[K\xe2\x80\x99\n'}
[7.338833] (gim_arm_hardware) StderrLine: {'line': b'\x1b[01m\x1b[K/opt/ros/humble/include/pinocchio/src/multibody/joint/joint-mimic.hxx:582:36:\x1b[m\x1b[K   required from \xe2\x80\x98\x1b[01m\x1b[Kpinocchio::JointModelMimicTpl<Scalar, Options, JointCollectionTpl>::JointModelMimicTpl(const pinocchio::JointModelBase<OtherDerived>&, const pinocchio::JointModelBase<JointModelDerived2>&, const Scalar&, const Scalar&) [with JointModelMimicking = pinocchio::JointModelRevoluteTpl<double, 0, 0>; JointModelMimicked = pinocchio::JointModelTpl<double>; _Scalar = double; int _Options = 0; JointCollectionTpl = pinocchio::JointCollectionDefaultTpl; pinocchio::JointModelMimicTpl<Scalar, Options, JointCollectionTpl>::Scalar = double]\x1b[m\x1b[K\xe2\x80\x99\n'}
[7.338914] (gim_arm_hardware) StderrLine: {'line': b'\x1b[01m\x1b[K/opt/ros/humble/include/pinocchio/src/parsers/urdf/model.hxx:556:41:\x1b[m\x1b[K   required from \xe2\x80\x98\x1b[01m\x1b[Kpinocchio::JointIndex pinocchio::urdf::details::UrdfVisitor::addMimicJoint(const Frame&, const SE3&, const string&, const VectorConstRef&, const VectorConstRef&, const VectorConstRef&, const VectorConstRef&, const VectorConstRef&, const VectorConstRef&, const VectorConstRef&, const VectorConstRef&, const VectorConstRef&, const VectorConstRef&, const pinocchio::urdf::details::MimicInfo&) [with TypeX = pinocchio::JointModelRevoluteTpl<double, 0, 0>; TypeY = pinocchio::JointModelRevoluteTpl<double, 0, 1>; TypeZ = pinocchio::JointModelRevoluteTpl<double, 0, 2>; TypeUnaligned = pinocchio::JointModelRevoluteUnalignedTpl<double>; pinocchio::JointIndex = long unsigned int; pinocchio::urdf::details::UrdfVisitor::Frame = pinocchio::FrameTpl<double, 0>; pinocchio::urdf::details::UrdfVisitor::SE3 = pinocchio::SE3Tpl<double, 0>; std::string = std::__cxx11::basic_string<char>; pinocchio::urdf::details::UrdfVisitor::VectorConstRef = Eigen::Ref<const Eigen::Matrix<double, -1, 1> >]\x1b[m\x1b[K\xe2\x80\x99\n'}
[7.338992] (gim_arm_hardware) StderrLine: {'line': b'\x1b[01m\x1b[K/opt/ros/humble/include/pinocchio/src/parsers/urdf/model.hxx:290:73:\x1b[m\x1b[K   required from here\n'}
[7.339057] (gim_arm_hardware) StderrLine: {'line': b'\x1b[01m\x1b[K/usr/include/boost/variant/variant.hpp:2359:41:\x1b[m\x1b[K \x1b[01;31m\x1b[Kerror: \x1b[m\x1b[Kusing invalid field \xe2\x80\x98\x1b[01m\x1b[Kboost::variant<T0, TN>::storage_\x1b[m\x1b[K\xe2\x80\x99\n'}
[7.339104] (gim_arm_hardware) StderrLine: {'line': b' 2359 |               which_, which(), visitor, \x1b[01;31m\x1b[Kstorage_\x1b[m\x1b[K.address()\n'}
[7.339129] (gim_arm_hardware) StderrLine: {'line': b'      |                                         \x1b[01;31m\x1b[K^~~~~~~~\x1b[m\x1b[K\n'}
[7.401039] (gim_arm_hardware) StderrLine: {'line': b'/usr/include/boost/variant/variant.hpp: In instantiation of \xe2\x80\x98\x1b[01m\x1b[Ktypename Visitor::result_type boost::variant<T0, TN>::internal_apply_visitor(Visitor&) const [with Visitor = boost::detail::variant::invoke_visitor<const pinocchio::CreateJointData<double, 0, pinocchio::JointCollectionDefaultTpl>, false>; T0_ = pinocchio::JointModelRevoluteTpl<double, 0, 0>; TN = {pinocchio::JointModelRevoluteTpl<double, 0, 1>, pinocchio::JointModelRevoluteTpl<double, 0, 2>, pinocchio::JointModelFreeFlyerTpl<double, 0>, pinocchio::JointModelPlanarTpl<double, 0>, pinocchio::JointModelRevoluteUnalignedTpl<double, 0>, pinocchio::JointModelSphericalTpl<double, 0>, pinocchio::JointModelSphericalZYXTpl<double, 0>, pinocchio::JointModelEllipsoidTpl<double, 0>, pinocchio::JointModelPrismaticTpl<double, 0, 0>, pinocchio::JointModelPrismaticTpl<double, 0, 1>, pinocchio::JointModelPrismaticTpl<double, 0, 2>, pinocchio::JointModelPrismaticUnalignedTpl<double, 0>, pinocchio::JointModelTranslationTpl<double, 0>, pinocchio::JointModelRevoluteUnboundedTpl<double, 0, 0>, pinocchio::JointModelRevoluteUnboundedTpl<double, 0, 1>, pinocchio::JointModelRevoluteUnboundedTpl<double, 0, 2>, pinocchio::JointModelRevoluteUnboundedUnalignedTpl<double, 0>, pinocchio::JointModelHelicalTpl<double, 0, 0>, pinocchio::JointModelHelicalTpl<double, 0, 1>, pinocchio::JointModelHelicalTpl<double, 0, 2>, pinocchio::JointModelHelicalUnalignedTpl<double, 0>, pinocchio::JointModelUniversalTpl<double, 0>, boost::recursive_wrapper<pinocchio::JointModelCompositeTpl<double, 0, pinocchio::JointCollectionDefaultTpl> >, boost::recursive_wrapper<pinocchio::JointModelMimicTpl<double, 0, pinocchio::JointCollectionDefaultTpl> >}; typename Visitor::result_type = pinocchio::JointDataTpl<double>]\x1b[m\x1b[K\xe2\x80\x99:\n'}
[7.401301] (gim_arm_hardware) StderrLine: {'line': b'\x1b[01m\x1b[K/usr/include/boost/variant/variant.hpp:2404:44:\x1b[m\x1b[K   required from \xe2\x80\x98\x1b[01m\x1b[Ktypename Visitor::result_type boost::variant<T0, TN>::apply_visitor(Visitor&) const & [with Visitor = const pinocchio::CreateJointData<double, 0, pinocchio::JointCollectionDefaultTpl>; T0_ = pinocchio::JointModelRevoluteTpl<double, 0, 0>; TN = {pinocchio::JointModelRevoluteTpl<double, 0, 1>, pinocchio::JointModelRevoluteTpl<double, 0, 2>, pinocchio::JointModelFreeFlyerTpl<double, 0>, pinocchio::JointModelPlanarTpl<double, 0>, pinocchio::JointModelRevoluteUnalignedTpl<double, 0>, pinocchio::JointModelSphericalTpl<double, 0>, pinocchio::JointModelSphericalZYXTpl<double, 0>, pinocchio::JointModelEllipsoidTpl<double, 0>, pinocchio::JointModelPrismaticTpl<double, 0, 0>, pinocchio::JointModelPrismaticTpl<double, 0, 1>, pinocchio::JointModelPrismaticTpl<double, 0, 2>, pinocchio::JointModelPrismaticUnalignedTpl<double, 0>, pinocchio::JointModelTranslationTpl<double, 0>, pinocchio::JointModelRevoluteUnboundedTpl<double, 0, 0>, pinocchio::JointModelRevoluteUnboundedTpl<double, 0, 1>, pinocchio::JointModelRevoluteUnboundedTpl<double, 0, 2>, pinocchio::JointModelRevoluteUnboundedUnalignedTpl<double, 0>, pinocchio::JointModelHelicalTpl<double, 0, 0>, pinocchio::JointModelHelicalTpl<double, 0, 1>, pinocchio::JointModelHelicalTpl<double, 0, 2>, pinocchio::JointModelHelicalUnalignedTpl<double, 0>, pinocchio::JointModelUniversalTpl<double, 0>, boost::recursive_wrapper<pinocchio::JointModelCompositeTpl<double, 0, pinocchio::JointCollectionDefaultTpl> >, boost::recursive_wrapper<pinocchio::JointModelMimicTpl<double, 0, pinocchio::JointCollectionDefaultTpl> >}; typename Visitor::result_type = pinocchio::JointDataTpl<double>]\x1b[m\x1b[K\xe2\x80\x99\n'}
[7.401416] (gim_arm_hardware) StderrLine: {'line': b'\x1b[01m\x1b[K/usr/include/boost/variant/detail/apply_visitor_unary.hpp:68:64:\x1b[m\x1b[K   required from \xe2\x80\x98\x1b[01m\x1b[Ktypename Visitor::result_type boost::apply_visitor(const Visitor&, Visitable&&) [with Visitor = pinocchio::CreateJointData<double, 0, pinocchio::JointCollectionDefaultTpl>; Visitable = const boost::variant<pinocchio::JointModelRevoluteTpl<double, 0, 0>, pinocchio::JointModelRevoluteTpl<double, 0, 1>, pinocchio::JointModelRevoluteTpl<double, 0, 2>, pinocchio::JointModelFreeFlyerTpl<double, 0>, pinocchio::JointModelPlanarTpl<double, 0>, pinocchio::JointModelRevoluteUnalignedTpl<double, 0>, pinocchio::JointModelSphericalTpl<double, 0>, pinocchio::JointModelSphericalZYXTpl<double, 0>, pinocchio::JointModelEllipsoidTpl<double, 0>, pinocchio::JointModelPrismaticTpl<double, 0, 0>, pinocchio::JointModelPrismaticTpl<double, 0, 1>, pinocchio::JointModelPrismaticTpl<double, 0, 2>, pinocchio::JointModelPrismaticUnalignedTpl<double, 0>, pinocchio::JointModelTranslationTpl<double, 0>, pinocchio::JointModelRevoluteUnboundedTpl<double, 0, 0>, pinocchio::JointModelRevoluteUnboundedTpl<double, 0, 1>, pinocchio::JointModelRevoluteUnboundedTpl<double, 0, 2>, pinocchio::JointModelRevoluteUnboundedUnalignedTpl<double, 0>, pinocchio::JointModelHelicalTpl<double, 0, 0>, pinocchio::JointModelHelicalTpl<double, 0, 1>, pinocchio::JointModelHelicalTpl<double, 0, 2>, pinocchio::JointModelHelicalUnalignedTpl<double, 0>, pinocchio::JointModelUniversalTpl<double, 0>, boost::recursive_wrapper<pinocchio::JointModelCompositeTpl<double, 0, pinocchio::JointCollectionDefaultTpl> >, boost::recursive_wrapper<pinocchio::JointModelMimicTpl<double, 0, pinocchio::JointCollectionDefaultTpl> > >&; typename Visitor::result_type = pinocchio::JointDataTpl<double>]\x1b[m\x1b[K\xe2\x80\x99\n'}
[7.401737] (gim_arm_hardware) StderrLine: {'line': b'\x1b[01m\x1b[K/opt/ros/humble/include/pinocchio/src/multibody/joint/joint-basic-visitors.hxx:550:34:\x1b[m\x1b[K   required from \xe2\x80\x98\x1b[01m\x1b[Kstatic pinocchio::CreateJointData<Scalar, Options, JointCollectionTpl>::JointDataVariant pinocchio::CreateJointData<Scalar, Options, JointCollectionTpl>::run(const JointModelVariant&) [with Scalar = double; int Options = 0; JointCollectionTpl = pinocchio::JointCollectionDefaultTpl; pinocchio::CreateJointData<Scalar, Options, JointCollectionTpl>::JointDataVariant = pinocchio::JointDataTpl<double>; pinocchio::CreateJointData<Scalar, Options, JointCollectionTpl>::JointModelVariant = boost::variant<pinocchio::JointModelRevoluteTpl<double, 0, 0>, pinocchio::JointModelRevoluteTpl<double, 0, 1>, pinocchio::JointModelRevoluteTpl<double, 0, 2>, pinocchio::JointModelFreeFlyerTpl<double, 0>, pinocchio::JointModelPlanarTpl<double, 0>, pinocchio::JointModelRevoluteUnalignedTpl<double, 0>, pinocchio::JointModelSphericalTpl<double, 0>, pinocchio::JointModelSphericalZYXTpl<double, 0>, pinocchio::JointModelEllipsoidTpl<double, 0>, pinocchio::JointModelPrismaticTpl<double, 0, 0>, pinocchio::JointModelPrismaticTpl<double, 0, 1>, pinocchio::JointModelPrismaticTpl<double, 0, 2>, pinocchio::JointModelPrismaticUnalignedTpl<double, 0>, pinocchio::JointModelTranslationTpl<double, 0>, pinocchio::JointModelRevoluteUnboundedTpl<double, 0, 0>, pinocchio::JointModelRevoluteUnboundedTpl<double, 0, 1>, pinocchio::JointModelRevoluteUnboundedTpl<double, 0, 2>, pinocchio::JointModelRevoluteUnboundedUnalignedTpl<double, 0>, pinocchio::JointModelHelicalTpl<double, 0, 0>, pinocchio::JointModelHelicalTpl<double, 0, 1>, pinocchio::JointModelHelicalTpl<double, 0, 2>, pinocchio::JointModelHelicalUnalignedTpl<double, 0>, pinocchio::JointModelUniversalTpl<double, 0>, boost::recursive_wrapper<pinocchio::JointModelCompositeTpl<double, 0, pinocchio::JointCollectionDefaultTpl> >, boost::recursive_wrapper<pinocchio::JointModelMimicTpl<double, 0, pinocchio::JointCollectionDefaultTpl> > >]\x1b[m\x1b[K\xe2\x80\x99\n'}
[7.401791] (gim_arm_hardware) StderrLine: {'line': b'\x1b[01m\x1b[K/opt/ros/humble/include/pinocchio/src/multibody/data.hxx:802:40:\x1b[m\x1b[K   required from \xe2\x80\x98\x1b[01m\x1b[Kpinocchio::DataTpl<_Scalar, _Options, JointCollectionTpl>::DataTpl(const Model&) [with _Scalar = double; int _Options = 0; JointCollectionTpl = pinocchio::JointCollectionDefaultTpl; pinocchio::DataTpl<_Scalar, _Options, JointCollectionTpl>::Model = pinocchio::ModelTpl<double, 0>]\x1b[m\x1b[K\xe2\x80\x99\n'}
[7.401828] (gim_arm_hardware) StderrLine: {'line': b'\x1b[01m\x1b[K/usr/include/c++/11/bits/unique_ptr.h:962:30:\x1b[m\x1b[K   required from \xe2\x80\x98\x1b[01m\x1b[Ktypename std::_MakeUniq<_Tp>::__single_object std::make_unique(_Args&& ...) [with _Tp = pinocchio::DataTpl<double, 0>; _Args = {pinocchio::ModelTpl<double, 0, pinocchio::JointCollectionDefaultTpl>&}; typename std::_MakeUniq<_Tp>::__single_object = std::unique_ptr<pinocchio::DataTpl<double, 0> >]\x1b[m\x1b[K\xe2\x80\x99\n'}
[7.401857] (gim_arm_hardware) StderrLine: {'line': b'\x1b[01m\x1b[K/home/minh/gim60108_ws/src/gim_arm_hardware/src/gim_arm_system.cpp:134:52:\x1b[m\x1b[K   required from here\n'}
[7.401885] (gim_arm_hardware) StderrLine: {'line': b'\x1b[01m\x1b[K/usr/include/boost/variant/variant.hpp:2359:41:\x1b[m\x1b[K \x1b[01;31m\x1b[Kerror: \x1b[m\x1b[Kusing invalid field \xe2\x80\x98\x1b[01m\x1b[Kboost::variant<T0, TN>::storage_\x1b[m\x1b[K\xe2\x80\x99\n'}
[7.401914] (gim_arm_hardware) StderrLine: {'line': b'In file included from \x1b[01m\x1b[K/usr/include/boost/optional/optional.hpp:33\x1b[m\x1b[K,\n'}
[7.401939] (gim_arm_hardware) StderrLine: {'line': b'                 from \x1b[01m\x1b[K/usr/include/boost/optional.hpp:15\x1b[m\x1b[K,\n'}
[7.401964] (gim_arm_hardware) StderrLine: {'line': b'                 from \x1b[01m\x1b[K/opt/ros/humble/include/pinocchio/parsers/urdf.hpp:16\x1b[m\x1b[K,\n'}
[7.401988] (gim_arm_hardware) StderrLine: {'line': b'                 from \x1b[01m\x1b[K/home/minh/gim60108_ws/src/gim_arm_hardware/include/gim_arm_hardware/gim_arm_system.hpp:25\x1b[m\x1b[K,\n'}
[7.402014] (gim_arm_hardware) StderrLine: {'line': b'                 from \x1b[01m\x1b[K/home/minh/gim60108_ws/src/gim_arm_hardware/src/gim_arm_system.cpp:1\x1b[m\x1b[K:\n'}
[7.402038] (gim_arm_hardware) StderrLine: {'line': b'/usr/include/boost/variant/get.hpp: In instantiation of \xe2\x80\x98\x1b[01m\x1b[Ktypename boost::add_pointer<const U>::type boost::strict_get(const boost::variant<T0, TN ...>*) [with U = pinocchio::JointModelMimicTpl<double>; T0 = pinocchio::JointModelRevoluteTpl<double, 0, 0>; TN = {pinocchio::JointModelRevoluteTpl<double, 0, 1>, pinocchio::JointModelRevoluteTpl<double, 0, 2>, pinocchio::JointModelFreeFlyerTpl<double, 0>, pinocchio::JointModelPlanarTpl<double, 0>, pinocchio::JointModelRevoluteUnalignedTpl<double, 0>, pinocchio::JointModelSphericalTpl<double, 0>, pinocchio::JointModelSphericalZYXTpl<double, 0>, pinocchio::JointModelEllipsoidTpl<double, 0>, pinocchio::JointModelPrismaticTpl<double, 0, 0>, pinocchio::JointModelPrismaticTpl<double, 0, 1>, pinocchio::JointModelPrismaticTpl<double, 0, 2>, pinocchio::JointModelPrismaticUnalignedTpl<double, 0>, pinocchio::JointModelTranslationTpl<double, 0>, pinocchio::JointModelRevoluteUnboundedTpl<double, 0, 0>, pinocchio::JointModelRevoluteUnboundedTpl<double, 0, 1>, pinocchio::JointModelRevoluteUnboundedTpl<double, 0, 2>, pinocchio::JointModelRevoluteUnboundedUnalignedTpl<double, 0>, pinocchio::JointModelHelicalTpl<double, 0, 0>, pinocchio::JointModelHelicalTpl<double, 0, 1>, pinocchio::JointModelHelicalTpl<double, 0, 2>, pinocchio::JointModelHelicalUnalignedTpl<double, 0>, pinocchio::JointModelUniversalTpl<double, 0>, boost::recursive_wrapper<pinocchio::JointModelCompositeTpl<double, 0, pinocchio::JointCollectionDefaultTpl> >, boost::recursive_wrapper<pinocchio::JointModelMimicTpl<double, 0, pinocchio::JointCollectionDefaultTpl> >}; typename boost::add_pointer<const U>::type = const pinocchio::JointModelMimicTpl<double>*]\x1b[m\x1b[K\xe2\x80\x99:\n'}
[7.402072] (gim_arm_hardware) StderrLine: {'line': b'\x1b[01m\x1b[K/usr/include/boost/variant/get.hpp:335:25:\x1b[m\x1b[K   required from \xe2\x80\x98\x1b[01m\x1b[Ktypename boost::add_pointer<const U>::type boost::get(const boost::variant<T0, TN ...>*) [with U = pinocchio::JointModelMimicTpl<double>; T0 = pinocchio::JointModelRevoluteTpl<double, 0, 0>; TN = {pinocchio::JointModelRevoluteTpl<double, 0, 1>, pinocchio::JointModelRevoluteTpl<double, 0, 2>, pinocchio::JointModelFreeFlyerTpl<double, 0>, pinocchio::JointModelPlanarTpl<double, 0>, pinocchio::JointModelRevoluteUnalignedTpl<double, 0>, pinocchio::JointModelSphericalTpl<double, 0>, pinocchio::JointModelSphericalZYXTpl<double, 0>, pinocchio::JointModelEllipsoidTpl<double, 0>, pinocchio::JointModelPrismaticTpl<double, 0, 0>, pinocchio::JointModelPrismaticTpl<double, 0, 1>, pinocchio::JointModelPrismaticTpl<double, 0, 2>, pinocchio::JointModelPrismaticUnalignedTpl<double, 0>, pinocchio::JointModelTranslationTpl<double, 0>, pinocchio::JointModelRevoluteUnboundedTpl<double, 0, 0>, pinocchio::JointModelRevoluteUnboundedTpl<double, 0, 1>, pinocchio::JointModelRevoluteUnboundedTpl<double, 0, 2>, pinocchio::JointModelRevoluteUnboundedUnalignedTpl<double, 0>, pinocchio::JointModelHelicalTpl<double, 0, 0>, pinocchio::JointModelHelicalTpl<double, 0, 1>, pinocchio::JointModelHelicalTpl<double, 0, 2>, pinocchio::JointModelHelicalUnalignedTpl<double, 0>, pinocchio::JointModelUniversalTpl<double, 0>, boost::recursive_wrapper<pinocchio::JointModelCompositeTpl<double, 0, pinocchio::JointCollectionDefaultTpl> >, boost::recursive_wrapper<pinocchio::JointModelMimicTpl<double, 0, pinocchio::JointCollectionDefaultTpl> >}; typename boost::add_pointer<const U>::type = const pinocchio::JointModelMimicTpl<double>*]\x1b[m\x1b[K\xe2\x80\x99\n'}
[7.402106] (gim_arm_hardware) StderrLine: {'line': b'\x1b[01m\x1b[K/opt/ros/humble/include/pinocchio/src/algorithm/check-data.hxx:135:80:\x1b[m\x1b[K   required from \xe2\x80\x98\x1b[01m\x1b[Kbool pinocchio::checkData(const pinocchio::ModelTpl<Scalar, Options, JointCollectionTpl>&, const pinocchio::DataTpl<Scalar, Options, JointCollectionTpl>&) [with Scalar = double; int Options = 0; JointCollectionTpl = pinocchio::JointCollectionDefaultTpl]\x1b[m\x1b[K\xe2\x80\x99\n'}
[7.402132] (gim_arm_hardware) StderrLine: {'line': b'\x1b[01m\x1b[K/opt/ros/humble/include/pinocchio/src/multibody/model.hxx:1545:21:\x1b[m\x1b[K   required from \xe2\x80\x98\x1b[01m\x1b[Kbool pinocchio::ModelTpl<_Scalar, _Options, JointCollectionTpl>::check(const Data&) const [with _Scalar = double; int _Options = 0; JointCollectionTpl = pinocchio::JointCollectionDefaultTpl; pinocchio::ModelTpl<_Scalar, _Options, JointCollectionTpl>::Data = pinocchio::DataTpl<double, 0>]\x1b[m\x1b[K\xe2\x80\x99\n'}
[7.402157] (gim_arm_hardware) StderrLine: {'line': b'\x1b[01m\x1b[K/opt/ros/humble/include/pinocchio/src/algorithm/rnea.hxx:418:7:\x1b[m\x1b[K   required from \xe2\x80\x98\x1b[01m\x1b[Kconst typename pinocchio::DataTpl<_Scalar, _Options, JointCollectionTpl>::TangentVectorType& pinocchio::impl::computeGeneralizedGravity(const pinocchio::ModelTpl<Scalar, Options, JointCollectionTpl>&, pinocchio::DataTpl<Scalar, Options, JointCollectionTpl>&, const Eigen::MatrixBase<Res>&) [with Scalar = double; int Options = 0; JointCollectionTpl = pinocchio::JointCollectionDefaultTpl; ConfigVectorType = Eigen::Ref<const Eigen::Matrix<double, -1, 1> >; typename pinocchio::DataTpl<_Scalar, _Options, JointCollectionTpl>::TangentVectorType = Eigen::Matrix<double, -1, 1>]\x1b[m\x1b[K\xe2\x80\x99\n'}
[7.402187] (gim_arm_hardware) StderrLine: {'line': b'\x1b[01m\x1b[K/opt/ros/humble/include/pinocchio/src/algorithm/rnea.hxx:822:43:\x1b[m\x1b[K   required from \xe2\x80\x98\x1b[01m\x1b[Kconst typename pinocchio::DataTpl<_Scalar, _Options, JointCollectionTpl>::TangentVectorType& pinocchio::computeGeneralizedGravity(const pinocchio::ModelTpl<Scalar, Options, JointCollectionTpl>&, pinocchio::DataTpl<Scalar, Options, JointCollectionTpl>&, const Eigen::MatrixBase<Res>&) [with Scalar = double; int Options = 0; JointCollectionTpl = pinocchio::JointCollectionDefaultTpl; ConfigVectorType = Eigen::Matrix<double, -1, 1>; typename pinocchio::DataTpl<_Scalar, _Options, JointCollectionTpl>::TangentVectorType = Eigen::Matrix<double, -1, 1>]\x1b[m\x1b[K\xe2\x80\x99\n'}
[7.402212] (gim_arm_hardware) StderrLine: {'line': b'\x1b[01m\x1b[K/home/minh/gim60108_ws/src/gim_arm_hardware/src/gim_arm_system.cpp:380:47:\x1b[m\x1b[K   required from here\n'}
[7.402236] (gim_arm_hardware) StderrLine: {'line': b'\x1b[01m\x1b[K/usr/include/boost/variant/get.hpp:237:5:\x1b[m\x1b[K \x1b[01;31m\x1b[Kerror: \x1b[m\x1b[K\xe2\x80\x98\x1b[01m\x1b[Kvalue\x1b[m\x1b[K\xe2\x80\x99 is not a member of \xe2\x80\x98\x1b[01m\x1b[Kboost::detail::variant::holds_element<boost::variant<pinocchio::JointModelRevoluteTpl<double, 0, 0>, pinocchio::JointModelRevoluteTpl<double, 0, 1>, pinocchio::JointModelRevoluteTpl<double, 0, 2>, pinocchio::JointModelFreeFlyerTpl<double, 0>, pinocchio::JointModelPlanarTpl<double, 0>, pinocchio::JointModelRevoluteUnalignedTpl<double, 0>, pinocchio::JointModelSphericalTpl<double, 0>, pinocchio::JointModelSphericalZYXTpl<double, 0>, pinocchio::JointModelEllipsoidTpl<double, 0>, pinocchio::JointModelPrismaticTpl<double, 0, 0>, pinocchio::JointModelPrismaticTpl<double, 0, 1>, pinocchio::JointModelPrismaticTpl<double, 0, 2>, pinocchio::JointModelPrismaticUnalignedTpl<double, 0>, pinocchio::JointModelTranslationTpl<double, 0>, pinocchio::JointModelRevoluteUnboundedTpl<double, 0, 0>, pinocchio::JointModelRevoluteUnboundedTpl<double, 0, 1>, pinocchio::JointModelRevoluteUnboundedTpl<double, 0, 2>, pinocchio::JointModelRevoluteUnboundedUnalignedTpl<double, 0>, pinocchio::JointModelHelicalTpl<double, 0, 0>, pinocchio::JointModelHelicalTpl<double, 0, 1>, pinocchio::JointModelHelicalTpl<double, 0, 2>, pinocchio::JointModelHelicalUnalignedTpl<double, 0>, pinocchio::JointModelUniversalTpl<double, 0>, boost::recursive_wrapper<pinocchio::JointModelCompositeTpl<double, 0, pinocchio::JointCollectionDefaultTpl> >, boost::recursive_wrapper<pinocchio::JointModelMimicTpl<double, 0, pinocchio::JointCollectionDefaultTpl> > >, const pinocchio::JointModelMimicTpl<double> >\x1b[m\x1b[K\xe2\x80\x99\n'}
[7.402273] (gim_arm_hardware) StderrLine: {'line': b'  237 |     \x1b[01;31m\x1b[KBOOST_STATIC_ASSERT_MSG\x1b[m\x1b[K(\n'}
[7.402297] (gim_arm_hardware) StderrLine: {'line': b'      |     \x1b[01;31m\x1b[K^~~~~~~~~~~~~~~~~~~~~~~\x1b[m\x1b[K\n'}
[7.402580] (gim_arm_hardware) StderrLine: {'line': b'In file included from \x1b[01m\x1b[K/usr/include/boost/variant.hpp:17\x1b[m\x1b[K,\n'}
[7.402721] (gim_arm_hardware) StderrLine: {'line': b'                 from \x1b[01m\x1b[K/opt/ros/humble/include/pinocchio/multibody.hpp:21\x1b[m\x1b[K,\n'}
[7.402767] (gim_arm_hardware) StderrLine: {'line': b'                 from \x1b[01m\x1b[K/opt/ros/humble/include/pinocchio/parsers/urdf.hpp:27\x1b[m\x1b[K,\n'}
[7.402799] (gim_arm_hardware) StderrLine: {'line': b'                 from \x1b[01m\x1b[K/home/minh/gim60108_ws/src/gim_arm_hardware/include/gim_arm_hardware/gim_arm_system.hpp:25\x1b[m\x1b[K,\n'}
[7.402828] (gim_arm_hardware) StderrLine: {'line': b'                 from \x1b[01m\x1b[K/home/minh/gim60108_ws/src/gim_arm_hardware/src/gim_arm_system.cpp:1\x1b[m\x1b[K:\n'}
[7.402854] (gim_arm_hardware) StderrLine: {'line': b'/usr/include/boost/variant/variant.hpp: In instantiation of \xe2\x80\x98\x1b[01m\x1b[Ktypename Visitor::result_type boost::variant<T0, TN>::internal_apply_visitor(Visitor&) const [with Visitor = boost::detail::variant::invoke_visitor<pinocchio::fusion::JointUnaryVisitorBase<pinocchio::impl::ComputeGeneralizedGravityForwardStep<double, 0, pinocchio::JointCollectionDefaultTpl, Eigen::Ref<const Eigen::Matrix<double, -1, 1> > >, void>::InternalVisitorModelAndData<pinocchio::JointModelTpl<double>, pinocchio::JointDataTpl<double>, boost::fusion::vector<const pinocchio::ModelTpl<double, 0, pinocchio::JointCollectionDefaultTpl>&, pinocchio::DataTpl<double, 0, pinocchio::JointCollectionDefaultTpl>&, const Eigen::Ref<const Eigen::Matrix<double, -1, 1, 0, -1, 1>, 0, Eigen::InnerStride<1> >&> >, false>; T0_ = pinocchio::JointModelRevoluteTpl<double, 0, 0>; TN = {pinocchio::JointModelRevoluteTpl<double, 0, 1>, pinocchio::JointModelRevoluteTpl<double, 0, 2>, pinocchio::JointModelFreeFlyerTpl<double, 0>, pinocchio::JointModelPlanarTpl<double, 0>, pinocchio::JointModelRevoluteUnalignedTpl<double, 0>, pinocchio::JointModelSphericalTpl<double, 0>, pinocchio::JointModelSphericalZYXTpl<double, 0>, pinocchio::JointModelEllipsoidTpl<double, 0>, pinocchio::JointModelPrismaticTpl<double, 0, 0>, pinocchio::JointModelPrismaticTpl<double, 0, 1>, pinocchio::JointModelPrismaticTpl<double, 0, 2>, pinocchio::JointModelPrismaticUnalignedTpl<double, 0>, pinocchio::JointModelTranslationTpl<double, 0>, pinocchio::JointModelRevoluteUnboundedTpl<double, 0, 0>, pinocchio::JointModelRevoluteUnboundedTpl<double, 0, 1>, pinocchio::JointModelRevoluteUnboundedTpl<double, 0, 2>, pinocchio::JointModelRevoluteUnboundedUnalignedTpl<double, 0>, pinocchio::JointModelHelicalTpl<double, 0, 0>, pinocchio::JointModelHelicalTpl<double, 0, 1>, pinocchio::JointModelHelicalTpl<double, 0, 2>, pinocchio::JointModelHelicalUnalignedTpl<double, 0>, pinocchio::JointModelUniversalTpl<double, 0>, boost::recursive_wrapper<pinocchio::JointModelCompositeTpl<double, 0, pinocchio::JointCollectionDefaultTpl> >, boost::recursive_wrapper<pinocchio::JointModelMimicTpl<double, 0, pinocchio::JointCollectionDefaultTpl> >}; typename Visitor::result_type = void]\x1b[m\x1b[K\xe2\x80\x99:\n'}
[7.402902] (gim_arm_hardware) StderrLine: {'line': b'\x1b[01m\x1b[K/usr/include/boost/variant/variant.hpp:2404:44:\x1b[m\x1b[K   required from \xe2\x80\x98\x1b[01m\x1b[Ktypename Visitor::result_type boost::variant<T0, TN>::apply_visitor(Visitor&) const & [with Visitor = pinocchio::fusion::JointUnaryVisitorBase<pinocchio::impl::ComputeGeneralizedGravityForwardStep<double, 0, pinocchio::JointCollectionDefaultTpl, Eigen::Ref<const Eigen::Matrix<double, -1, 1> > >, void>::InternalVisitorModelAndData<pinocchio::JointModelTpl<double>, pinocchio::JointDataTpl<double>, boost::fusion::vector<const pinocchio::ModelTpl<double, 0, pinocchio::JointCollectionDefaultTpl>&, pinocchio::DataTpl<double, 0, pinocchio::JointCollectionDefaultTpl>&, const Eigen::Ref<const Eigen::Matrix<double, -1, 1, 0, -1, 1>, 0, Eigen::InnerStride<1> >&> >; T0_ = pinocchio::JointModelRevoluteTpl<double, 0, 0>; TN = {pinocchio::JointModelRevoluteTpl<double, 0, 1>, pinocchio::JointModelRevoluteTpl<double, 0, 2>, pinocchio::JointModelFreeFlyerTpl<double, 0>, pinocchio::JointModelPlanarTpl<double, 0>, pinocchio::JointModelRevoluteUnalignedTpl<double, 0>, pinocchio::JointModelSphericalTpl<double, 0>, pinocchio::JointModelSphericalZYXTpl<double, 0>, pinocchio::JointModelEllipsoidTpl<double, 0>, pinocchio::JointModelPrismaticTpl<double, 0, 0>, pinocchio::JointModelPrismaticTpl<double, 0, 1>, pinocchio::JointModelPrismaticTpl<double, 0, 2>, pinocchio::JointModelPrismaticUnalignedTpl<double, 0>, pinocchio::JointModelTranslationTpl<double, 0>, pinocchio::JointModelRevoluteUnboundedTpl<double, 0, 0>, pinocchio::JointModelRevoluteUnboundedTpl<double, 0, 1>, pinocchio::JointModelRevoluteUnboundedTpl<double, 0, 2>, pinocchio::JointModelRevoluteUnboundedUnalignedTpl<double, 0>, pinocchio::JointModelHelicalTpl<double, 0, 0>, pinocchio::JointModelHelicalTpl<double, 0, 1>, pinocchio::JointModelHelicalTpl<double, 0, 2>, pinocchio::JointModelHelicalUnalignedTpl<double, 0>, pinocchio::JointModelUniversalTpl<double, 0>, boost::recursive_wrapper<pinocchio::JointModelCompositeTpl<double, 0, pinocchio::JointCollectionDefaultTpl> >, boost::recursive_wrapper<pinocchio::JointModelMimicTpl<double, 0, pinocchio::JointCollectionDefaultTpl> >}; typename Visitor::result_type = void]\x1b[m\x1b[K\xe2\x80\x99\n'}
[7.402944] (gim_arm_hardware) StderrLine: {'line': b'\x1b[01m\x1b[K/usr/include/boost/variant/detail/apply_visitor_unary.hpp:48:64:\x1b[m\x1b[K   required from \xe2\x80\x98\x1b[01m\x1b[Ktypename Visitor::result_type boost::apply_visitor(Visitor&, Visitable&&) [with Visitor = pinocchio::fusion::JointUnaryVisitorBase<pinocchio::impl::ComputeGeneralizedGravityForwardStep<double, 0, pinocchio::JointCollectionDefaultTpl, Eigen::Ref<const Eigen::Matrix<double, -1, 1> > >, void>::InternalVisitorModelAndData<pinocchio::JointModelTpl<double>, pinocchio::JointDataTpl<double>, boost::fusion::vector<const pinocchio::ModelTpl<double, 0, pinocchio::JointCollectionDefaultTpl>&, pinocchio::DataTpl<double, 0, pinocchio::JointCollectionDefaultTpl>&, const Eigen::Ref<const Eigen::Matrix<double, -1, 1, 0, -1, 1>, 0, Eigen::InnerStride<1> >&> >; Visitable = const pinocchio::JointModelTpl<double>&; typename Visitor::result_type = void]\x1b[m\x1b[K\xe2\x80\x99\n'}
[7.402975] (gim_arm_hardware) StderrLine: {'line': b'\x1b[01m\x1b[K/opt/ros/humble/include/pinocchio/src/multibody/visitor/joint-unary-visitor.hxx:58:36:\x1b[m\x1b[K   required from \xe2\x80\x98\x1b[01m\x1b[Kstatic ReturnType pinocchio::fusion::JointUnaryVisitorBase<JointVisitorDerived, ReturnType>::run(const pinocchio::JointModelTpl<Scalar, Options, JointCollectionTpl>&, pinocchio::JointDataTpl<Scalar, Options, JointCollectionTpl>&, ArgsTmp) [with Scalar = double; int Options = 0; JointCollectionTpl = pinocchio::JointCollectionDefaultTpl; ArgsTmp = boost::fusion::vector<const pinocchio::ModelTpl<double, 0, pinocchio::JointCollectionDefaultTpl>&, pinocchio::DataTpl<double, 0, pinocchio::JointCollectionDefaultTpl>&, const Eigen::Ref<const Eigen::Matrix<double, -1, 1, 0, -1, 1>, 0, Eigen::InnerStride<1> >&>; JointVisitorDerived = pinocchio::impl::ComputeGeneralizedGravityForwardStep<double, 0, pinocchio::JointCollectionDefaultTpl, Eigen::Ref<const Eigen::Matrix<double, -1, 1> > >; ReturnType = void]\x1b[m\x1b[K\xe2\x80\x99\n'}
[7.403100] (gim_arm_hardware) StderrLine: {'line': b'\x1b[01m\x1b[K/opt/ros/humble/include/pinocchio/src/algorithm/rnea.hxx:435:19:\x1b[m\x1b[K   required from \xe2\x80\x98\x1b[01m\x1b[Kconst typename pinocchio::DataTpl<_Scalar, _Options, JointCollectionTpl>::TangentVectorType& pinocchio::impl::computeGeneralizedGravity(const pinocchio::ModelTpl<Scalar, Options, JointCollectionTpl>&, pinocchio::DataTpl<Scalar, Options, JointCollectionTpl>&, const Eigen::MatrixBase<Res>&) [with Scalar = double; int Options = 0; JointCollectionTpl = pinocchio::JointCollectionDefaultTpl; ConfigVectorType = Eigen::Ref<const Eigen::Matrix<double, -1, 1> >; typename pinocchio::DataTpl<_Scalar, _Options, JointCollectionTpl>::TangentVectorType = Eigen::Matrix<double, -1, 1>]\x1b[m\x1b[K\xe2\x80\x99\n'}
[7.403158] (gim_arm_hardware) StderrLine: {'line': b'\x1b[01m\x1b[K/opt/ros/humble/include/pinocchio/src/algorithm/rnea.hxx:822:43:\x1b[m\x1b[K   required from \xe2\x80\x98\x1b[01m\x1b[Kconst typename pinocchio::DataTpl<_Scalar, _Options, JointCollectionTpl>::TangentVectorType& pinocchio::computeGeneralizedGravity(const pinocchio::ModelTpl<Scalar, Options, JointCollectionTpl>&, pinocchio::DataTpl<Scalar, Options, JointCollectionTpl>&, const Eigen::MatrixBase<Res>&) [with Scalar = double; int Options = 0; JointCollectionTpl = pinocchio::JointCollectionDefaultTpl; ConfigVectorType = Eigen::Matrix<double, -1, 1>; typename pinocchio::DataTpl<_Scalar, _Options, JointCollectionTpl>::TangentVectorType = Eigen::Matrix<double, -1, 1>]\x1b[m\x1b[K\xe2\x80\x99\n'}
[7.403206] (gim_arm_hardware) StderrLine: {'line': b'\x1b[01m\x1b[K/home/minh/gim60108_ws/src/gim_arm_hardware/src/gim_arm_system.cpp:380:47:\x1b[m\x1b[K   required from here\n'}
[7.403240] (gim_arm_hardware) StderrLine: {'line': b'\x1b[01m\x1b[K/usr/include/boost/variant/variant.hpp:2359:41:\x1b[m\x1b[K \x1b[01;31m\x1b[Kerror: \x1b[m\x1b[Kusing invalid field \xe2\x80\x98\x1b[01m\x1b[Kboost::variant<T0, TN>::storage_\x1b[m\x1b[K\xe2\x80\x99\n'}
[7.403269] (gim_arm_hardware) StderrLine: {'line': b' 2359 |               which_, which(), visitor, \x1b[01;31m\x1b[Kstorage_\x1b[m\x1b[K.address()\n'}
[7.403297] (gim_arm_hardware) StderrLine: {'line': b'      |                                         \x1b[01;31m\x1b[K^~~~~~~~\x1b[m\x1b[K\n'}
[7.403322] (gim_arm_hardware) StderrLine: {'line': b'/usr/include/boost/variant/variant.hpp: In instantiation of \xe2\x80\x98\x1b[01m\x1b[Ktypename Visitor::result_type boost::variant<T0, TN>::internal_apply_visitor(Visitor&) const [with Visitor = boost::detail::variant::invoke_visitor<pinocchio::fusion::JointUnaryVisitorBase<pinocchio::impl::ComputeGeneralizedGravityBackwardStep<double, 0, pinocchio::JointCollectionDefaultTpl>, void>::InternalVisitorModelAndData<pinocchio::JointModelTpl<double>, pinocchio::JointDataTpl<double>, boost::fusion::vector<const pinocchio::ModelTpl<double, 0, pinocchio::JointCollectionDefaultTpl>&, pinocchio::DataTpl<double, 0, pinocchio::JointCollectionDefaultTpl>&, Eigen::Matrix<double, -1, 1, 0, -1, 1>&> >, false>; T0_ = pinocchio::JointModelRevoluteTpl<double, 0, 0>; TN = {pinocchio::JointModelRevoluteTpl<double, 0, 1>, pinocchio::JointModelRevoluteTpl<double, 0, 2>, pinocchio::JointModelFreeFlyerTpl<double, 0>, pinocchio::JointModelPlanarTpl<double, 0>, pinocchio::JointModelRevoluteUnalignedTpl<double, 0>, pinocchio::JointModelSphericalTpl<double, 0>, pinocchio::JointModelSphericalZYXTpl<double, 0>, pinocchio::JointModelEllipsoidTpl<double, 0>, pinocchio::JointModelPrismaticTpl<double, 0, 0>, pinocchio::JointModelPrismaticTpl<double, 0, 1>, pinocchio::JointModelPrismaticTpl<double, 0, 2>, pinocchio::JointModelPrismaticUnalignedTpl<double, 0>, pinocchio::JointModelTranslationTpl<double, 0>, pinocchio::JointModelRevoluteUnboundedTpl<double, 0, 0>, pinocchio::JointModelRevoluteUnboundedTpl<double, 0, 1>, pinocchio::JointModelRevoluteUnboundedTpl<double, 0, 2>, pinocchio::JointModelRevoluteUnboundedUnalignedTpl<double, 0>, pinocchio::JointModelHelicalTpl<double, 0, 0>, pinocchio::JointModelHelicalTpl<double, 0, 1>, pinocchio::JointModelHelicalTpl<double, 0, 2>, pinocchio::JointModelHelicalUnalignedTpl<double, 0>, pinocchio::JointModelUniversalTpl<double, 0>, boost::recursive_wrapper<pinocchio::JointModelCompositeTpl<double, 0, pinocchio::JointCollectionDefaultTpl> >, boost::recursive_wrapper<pinocchio::JointModelMimicTpl<double, 0, pinocchio::JointCollectionDefaultTpl> >}; typename Visitor::result_type = void]\x1b[m\x1b[K\xe2\x80\x99:\n'}
[7.403364] (gim_arm_hardware) StderrLine: {'line': b'\x1b[01m\x1b[K/usr/include/boost/variant/variant.hpp:2404:44:\x1b[m\x1b[K   required from \xe2\x80\x98\x1b[01m\x1b[Ktypename Visitor::result_type boost::variant<T0, TN>::apply_visitor(Visitor&) const & [with Visitor = pinocchio::fusion::JointUnaryVisitorBase<pinocchio::impl::ComputeGeneralizedGravityBackwardStep<double, 0, pinocchio::JointCollectionDefaultTpl>, void>::InternalVisitorModelAndData<pinocchio::JointModelTpl<double>, pinocchio::JointDataTpl<double>, boost::fusion::vector<const pinocchio::ModelTpl<double, 0, pinocchio::JointCollectionDefaultTpl>&, pinocchio::DataTpl<double, 0, pinocchio::JointCollectionDefaultTpl>&, Eigen::Matrix<double, -1, 1, 0, -1, 1>&> >; T0_ = pinocchio::JointModelRevoluteTpl<double, 0, 0>; TN = {pinocchio::JointModelRevoluteTpl<double, 0, 1>, pinocchio::JointModelRevoluteTpl<double, 0, 2>, pinocchio::JointModelFreeFlyerTpl<double, 0>, pinocchio::JointModelPlanarTpl<double, 0>, pinocchio::JointModelRevoluteUnalignedTpl<double, 0>, pinocchio::JointModelSphericalTpl<double, 0>, pinocchio::JointModelSphericalZYXTpl<double, 0>, pinocchio::JointModelEllipsoidTpl<double, 0>, pinocchio::JointModelPrismaticTpl<double, 0, 0>, pinocchio::JointModelPrismaticTpl<double, 0, 1>, pinocchio::JointModelPrismaticTpl<double, 0, 2>, pinocchio::JointModelPrismaticUnalignedTpl<double, 0>, pinocchio::JointModelTranslationTpl<double, 0>, pinocchio::JointModelRevoluteUnboundedTpl<double, 0, 0>, pinocchio::JointModelRevoluteUnboundedTpl<double, 0, 1>, pinocchio::JointModelRevoluteUnboundedTpl<double, 0, 2>, pinocchio::JointModelRevoluteUnboundedUnalignedTpl<double, 0>, pinocchio::JointModelHelicalTpl<double, 0, 0>, pinocchio::JointModelHelicalTpl<double, 0, 1>, pinocchio::JointModelHelicalTpl<double, 0, 2>, pinocchio::JointModelHelicalUnalignedTpl<double, 0>, pinocchio::JointModelUniversalTpl<double, 0>, boost::recursive_wrapper<pinocchio::JointModelCompositeTpl<double, 0, pinocchio::JointCollectionDefaultTpl> >, boost::recursive_wrapper<pinocchio::JointModelMimicTpl<double, 0, pinocchio::JointCollectionDefaultTpl> >}; typename Visitor::result_type = void]\x1b[m\x1b[K\xe2\x80\x99\n'}
[7.403404] (gim_arm_hardware) StderrLine: {'line': b'\x1b[01m\x1b[K/usr/include/boost/variant/detail/apply_visitor_unary.hpp:48:64:\x1b[m\x1b[K   required from \xe2\x80\x98\x1b[01m\x1b[Ktypename Visitor::result_type boost::apply_visitor(Visitor&, Visitable&&) [with Visitor = pinocchio::fusion::JointUnaryVisitorBase<pinocchio::impl::ComputeGeneralizedGravityBackwardStep<double, 0, pinocchio::JointCollectionDefaultTpl>, void>::InternalVisitorModelAndData<pinocchio::JointModelTpl<double>, pinocchio::JointDataTpl<double>, boost::fusion::vector<const pinocchio::ModelTpl<double, 0, pinocchio::JointCollectionDefaultTpl>&, pinocchio::DataTpl<double, 0, pinocchio::JointCollectionDefaultTpl>&, Eigen::Matrix<double, -1, 1, 0, -1, 1>&> >; Visitable = const pinocchio::JointModelTpl<double>&; typename Visitor::result_type = void]\x1b[m\x1b[K\xe2\x80\x99\n'}
[7.403434] (gim_arm_hardware) StderrLine: {'line': b'\x1b[01m\x1b[K/opt/ros/humble/include/pinocchio/src/multibody/visitor/joint-unary-visitor.hxx:58:36:\x1b[m\x1b[K   required from \xe2\x80\x98\x1b[01m\x1b[Kstatic ReturnType pinocchio::fusion::JointUnaryVisitorBase<JointVisitorDerived, ReturnType>::run(const pinocchio::JointModelTpl<Scalar, Options, JointCollectionTpl>&, pinocchio::JointDataTpl<Scalar, Options, JointCollectionTpl>&, ArgsTmp) [with Scalar = double; int Options = 0; JointCollectionTpl = pinocchio::JointCollectionDefaultTpl; ArgsTmp = boost::fusion::vector<const pinocchio::ModelTpl<double, 0, pinocchio::JointCollectionDefaultTpl>&, pinocchio::DataTpl<double, 0, pinocchio::JointCollectionDefaultTpl>&, Eigen::Matrix<double, -1, 1, 0, -1, 1>&>; JointVisitorDerived = pinocchio::impl::ComputeGeneralizedGravityBackwardStep<double, 0, pinocchio::JointCollectionDefaultTpl>; ReturnType = void]\x1b[m\x1b[K\xe2\x80\x99\n'}
[7.403465] (gim_arm_hardware) StderrLine: {'line': b'\x1b[01m\x1b[K/opt/ros/humble/include/pinocchio/src/algorithm/rnea.hxx:443:19:\x1b[m\x1b[K   required from \xe2\x80\x98\x1b[01m\x1b[Kconst typename pinocchio::DataTpl<_Scalar, _Options, JointCollectionTpl>::TangentVectorType& pinocchio::impl::computeGeneralizedGravity(const pinocchio::ModelTpl<Scalar, Options, JointCollectionTpl>&, pinocchio::DataTpl<Scalar, Options, JointCollectionTpl>&, const Eigen::MatrixBase<Res>&) [with Scalar = double; int Options = 0; JointCollectionTpl = pinocchio::JointCollectionDefaultTpl; ConfigVectorType = Eigen::Ref<const Eigen::Matrix<double, -1, 1> >; typename pinocchio::DataTpl<_Scalar, _Options, JointCollectionTpl>::TangentVectorType = Eigen::Matrix<double, -1, 1>]\x1b[m\x1b[K\xe2\x80\x99\n'}
[7.403499] (gim_arm_hardware) StderrLine: {'line': b'\x1b[01m\x1b[K/opt/ros/humble/include/pinocchio/src/algorithm/rnea.hxx:822:43:\x1b[m\x1b[K   required from \xe2\x80\x98\x1b[01m\x1b[Kconst typename pinocchio::DataTpl<_Scalar, _Options, JointCollectionTpl>::TangentVectorType& pinocchio::computeGeneralizedGravity(const pinocchio::ModelTpl<Scalar, Options, JointCollectionTpl>&, pinocchio::DataTpl<Scalar, Options, JointCollectionTpl>&, const Eigen::MatrixBase<Res>&) [with Scalar = double; int Options = 0; JointCollectionTpl = pinocchio::JointCollectionDefaultTpl; ConfigVectorType = Eigen::Matrix<double, -1, 1>; typename pinocchio::DataTpl<_Scalar, _Options, JointCollectionTpl>::TangentVectorType = Eigen::Matrix<double, -1, 1>]\x1b[m\x1b[K\xe2\x80\x99\n'}
[7.403529] (gim_arm_hardware) StderrLine: {'line': b'\x1b[01m\x1b[K/home/minh/gim60108_ws/src/gim_arm_hardware/src/gim_arm_system.cpp:380:47:\x1b[m\x1b[K   required from here\n'}
[7.403555] (gim_arm_hardware) StderrLine: {'line': b'\x1b[01m\x1b[K/usr/include/boost/variant/variant.hpp:2359:41:\x1b[m\x1b[K \x1b[01;31m\x1b[Kerror: \x1b[m\x1b[Kusing invalid field \xe2\x80\x98\x1b[01m\x1b[Kboost::variant<T0, TN>::storage_\x1b[m\x1b[K\xe2\x80\x99\n'}
[7.418129] (gim_arm_hardware) StderrLine: {'line': b'/usr/include/boost/variant/variant.hpp: In instantiation of \xe2\x80\x98\x1b[01m\x1b[Ktypename Visitor::result_type boost::variant<T0, TN>::internal_apply_visitor(Visitor&) [with Visitor = boost::detail::variant::invoke_visitor<const pinocchio::JointSetIndexesVisitor, false>; T0_ = pinocchio::JointModelRevoluteTpl<double, 0, 0>; TN = {pinocchio::JointModelRevoluteTpl<double, 0, 1>, pinocchio::JointModelRevoluteTpl<double, 0, 2>, pinocchio::JointModelFreeFlyerTpl<double, 0>, pinocchio::JointModelPlanarTpl<double, 0>, pinocchio::JointModelRevoluteUnalignedTpl<double, 0>, pinocchio::JointModelSphericalTpl<double, 0>, pinocchio::JointModelSphericalZYXTpl<double, 0>, pinocchio::JointModelEllipsoidTpl<double, 0>, pinocchio::JointModelPrismaticTpl<double, 0, 0>, pinocchio::JointModelPrismaticTpl<double, 0, 1>, pinocchio::JointModelPrismaticTpl<double, 0, 2>, pinocchio::JointModelPrismaticUnalignedTpl<double, 0>, pinocchio::JointModelTranslationTpl<double, 0>, pinocchio::JointModelRevoluteUnboundedTpl<double, 0, 0>, pinocchio::JointModelRevoluteUnboundedTpl<double, 0, 1>, pinocchio::JointModelRevoluteUnboundedTpl<double, 0, 2>, pinocchio::JointModelRevoluteUnboundedUnalignedTpl<double, 0>, pinocchio::JointModelHelicalTpl<double, 0, 0>, pinocchio::JointModelHelicalTpl<double, 0, 1>, pinocchio::JointModelHelicalTpl<double, 0, 2>, pinocchio::JointModelHelicalUnalignedTpl<double, 0>, pinocchio::JointModelUniversalTpl<double, 0>, boost::recursive_wrapper<pinocchio::JointModelCompositeTpl<double, 0, pinocchio::JointCollectionDefaultTpl> >, boost::recursive_wrapper<pinocchio::JointModelMimicTpl<double, 0, pinocchio::JointCollectionDefaultTpl> >}; typename Visitor::result_type = void]\x1b[m\x1b[K\xe2\x80\x99:\n'}
[7.418234] (gim_arm_hardware) StderrLine: {'line': b'\x1b[01m\x1b[K/usr/include/boost/variant/variant.hpp:2393:44:\x1b[m\x1b[K   required from \xe2\x80\x98\x1b[01m\x1b[Ktypename Visitor::result_type boost::variant<T0, TN>::apply_visitor(Visitor&) & [with Visitor = const pinocchio::JointSetIndexesVisitor; T0_ = pinocchio::JointModelRevoluteTpl<double, 0, 0>; TN = {pinocchio::JointModelRevoluteTpl<double, 0, 1>, pinocchio::JointModelRevoluteTpl<double, 0, 2>, pinocchio::JointModelFreeFlyerTpl<double, 0>, pinocchio::JointModelPlanarTpl<double, 0>, pinocchio::JointModelRevoluteUnalignedTpl<double, 0>, pinocchio::JointModelSphericalTpl<double, 0>, pinocchio::JointModelSphericalZYXTpl<double, 0>, pinocchio::JointModelEllipsoidTpl<double, 0>, pinocchio::JointModelPrismaticTpl<double, 0, 0>, pinocchio::JointModelPrismaticTpl<double, 0, 1>, pinocchio::JointModelPrismaticTpl<double, 0, 2>, pinocchio::JointModelPrismaticUnalignedTpl<double, 0>, pinocchio::JointModelTranslationTpl<double, 0>, pinocchio::JointModelRevoluteUnboundedTpl<double, 0, 0>, pinocchio::JointModelRevoluteUnboundedTpl<double, 0, 1>, pinocchio::JointModelRevoluteUnboundedTpl<double, 0, 2>, pinocchio::JointModelRevoluteUnboundedUnalignedTpl<double, 0>, pinocchio::JointModelHelicalTpl<double, 0, 0>, pinocchio::JointModelHelicalTpl<double, 0, 1>, pinocchio::JointModelHelicalTpl<double, 0, 2>, pinocchio::JointModelHelicalUnalignedTpl<double, 0>, pinocchio::JointModelUniversalTpl<double, 0>, boost::recursive_wrapper<pinocchio::JointModelCompositeTpl<double, 0, pinocchio::JointCollectionDefaultTpl> >, boost::recursive_wrapper<pinocchio::JointModelMimicTpl<double, 0, pinocchio::JointCollectionDefaultTpl> >}; typename Visitor::result_type = void]\x1b[m\x1b[K\xe2\x80\x99\n'}
[7.418395] (gim_arm_hardware) StderrLine: {'line': b'\x1b[01m\x1b[K/usr/include/boost/variant/detail/apply_visitor_unary.hpp:68:64:\x1b[m\x1b[K   required from \xe2\x80\x98\x1b[01m\x1b[Ktypename Visitor::result_type boost::apply_visitor(const Visitor&, Visitable&&) [with Visitor = pinocchio::JointSetIndexesVisitor; Visitable = pinocchio::JointModelTpl<double>&; typename Visitor::result_type = void]\x1b[m\x1b[K\xe2\x80\x99\n'}
[7.418469] (gim_arm_hardware) StderrLine: {'line': b'\x1b[01m\x1b[K/opt/ros/humble/include/pinocchio/src/multibody/joint/joint-basic-visitors.hxx:1033:34:\x1b[m\x1b[K   required from \xe2\x80\x98\x1b[01m\x1b[Kstatic void pinocchio::JointSetIndexesVisitor::run(pinocchio::JointModelTpl<Scalar, Options, JointCollectionTpl>&, pinocchio::JointIndex, int, int, int) [with Scalar = double; int Options = 0; JointCollectionTpl = pinocchio::JointCollectionDefaultTpl; pinocchio::JointIndex = long unsigned int]\x1b[m\x1b[K\xe2\x80\x99\n'}
[7.418590] (gim_arm_hardware) StderrLine: {'line': b'\x1b[01m\x1b[K/opt/ros/humble/include/pinocchio/src/multibody/joint/joint-basic-visitors.hxx:1045:39:\x1b[m\x1b[K   required from \xe2\x80\x98\x1b[01m\x1b[Kvoid pinocchio::setIndexes(pinocchio::JointModelTpl<Scalar, Options, JointCollectionTpl>&, pinocchio::JointIndex, int, int, int) [with Scalar = double; int Options = 0; JointCollectionTpl = pinocchio::JointCollectionDefaultTpl; pinocchio::JointIndex = long unsigned int]\x1b[m\x1b[K\xe2\x80\x99\n'}
[7.418647] (gim_arm_hardware) StderrLine: {'line': b'\x1b[01m\x1b[K/opt/ros/humble/include/pinocchio/src/multibody/joint/joint-generic.hxx:462:30:\x1b[m\x1b[K   required from \xe2\x80\x98\x1b[01m\x1b[Kvoid pinocchio::JointModelTpl<Scalar, Options, JointCollectionTpl>::setIndexes(pinocchio::JointIndex, int, int, int) [with _Scalar = double; int _Options = 0; JointCollectionTpl = pinocchio::JointCollectionDefaultTpl; pinocchio::JointIndex = long unsigned int]\x1b[m\x1b[K\xe2\x80\x99\n'}
[7.418679] (gim_arm_hardware) StderrLine: {'line': b'\x1b[01m\x1b[K/opt/ros/humble/include/pinocchio/src/multibody/model.hxx:869:22:\x1b[m\x1b[K   required from \xe2\x80\x98\x1b[01m\x1b[Kpinocchio::ModelTpl<_Scalar, _Options, JointCollectionTpl>::JointIndex pinocchio::ModelTpl<_Scalar, _Options, JointCollectionTpl>::addJoint(pinocchio::ModelTpl<_Scalar, _Options, JointCollectionTpl>::JointIndex, const JointModel&, const SE3&, const string&, const VectorXs&, const VectorXs&, const VectorXs&, const VectorXs&, const VectorXs&, const VectorXs&, const VectorXs&, const VectorXs&, const VectorXs&, const VectorXs&) [with _Scalar = double; int _Options = 0; JointCollectionTpl = pinocchio::JointCollectionDefaultTpl; pinocchio::ModelTpl<_Scalar, _Options, JointCollectionTpl>::JointIndex = long unsigned int; pinocchio::ModelTpl<_Scalar, _Options, JointCollectionTpl>::JointModel = pinocchio::JointModelTpl<double>; pinocchio::ModelTpl<_Scalar, _Options, JointCollectionTpl>::SE3 = pinocchio::SE3Tpl<double, 0>; std::string = std::__cxx11::basic_string<char>; pinocchio::ModelTpl<_Scalar, _Options, JointCollectionTpl>::VectorXs = Eigen::Matrix<double, -1, 1>]\x1b[m\x1b[K\xe2\x80\x99\n'}
[7.418717] (gim_arm_hardware) StderrLine: {'line': b'\x1b[01m\x1b[K/opt/ros/humble/include/pinocchio/src/parsers/urdf/model.hxx:235:38:\x1b[m\x1b[K   required from here\n'}
[7.418744] (gim_arm_hardware) StderrLine: {'line': b'\x1b[01m\x1b[K/usr/include/boost/variant/variant.hpp:2350:41:\x1b[m\x1b[K \x1b[01;31m\x1b[Kerror: \x1b[m\x1b[Kusing invalid field \xe2\x80\x98\x1b[01m\x1b[Kboost::variant<T0, TN>::storage_\x1b[m\x1b[K\xe2\x80\x99\n'}
[7.418769] (gim_arm_hardware) StderrLine: {'line': b' 2350 |               which_, which(), visitor, \x1b[01;31m\x1b[Kstorage_\x1b[m\x1b[K.address()\n'}
[7.418795] (gim_arm_hardware) StderrLine: {'line': b'      |                                         \x1b[01;31m\x1b[K^~~~~~~~\x1b[m\x1b[K\n'}
[7.420638] (-) TimerEvent: {}
[7.489898] (gim_arm_hardware) StderrLine: {'line': b'/usr/include/boost/variant/variant.hpp: In instantiation of \xe2\x80\x98\x1b[01m\x1b[Ktypename Visitor::result_type boost::variant<T0, TN>::internal_apply_visitor(Visitor&) const [with Visitor = boost::detail::variant::invoke_visitor<const pinocchio::JointNvVisitor, false>; T0_ = pinocchio::JointModelRevoluteTpl<double, 0, 0>; TN = {pinocchio::JointModelRevoluteTpl<double, 0, 1>, pinocchio::JointModelRevoluteTpl<double, 0, 2>, pinocchio::JointModelFreeFlyerTpl<double, 0>, pinocchio::JointModelPlanarTpl<double, 0>, pinocchio::JointModelRevoluteUnalignedTpl<double, 0>, pinocchio::JointModelSphericalTpl<double, 0>, pinocchio::JointModelSphericalZYXTpl<double, 0>, pinocchio::JointModelEllipsoidTpl<double, 0>, pinocchio::JointModelPrismaticTpl<double, 0, 0>, pinocchio::JointModelPrismaticTpl<double, 0, 1>, pinocchio::JointModelPrismaticTpl<double, 0, 2>, pinocchio::JointModelPrismaticUnalignedTpl<double, 0>, pinocchio::JointModelTranslationTpl<double, 0>, pinocchio::JointModelRevoluteUnboundedTpl<double, 0, 0>, pinocchio::JointModelRevoluteUnboundedTpl<double, 0, 1>, pinocchio::JointModelRevoluteUnboundedTpl<double, 0, 2>, pinocchio::JointModelRevoluteUnboundedUnalignedTpl<double, 0>, pinocchio::JointModelHelicalTpl<double, 0, 0>, pinocchio::JointModelHelicalTpl<double, 0, 1>, pinocchio::JointModelHelicalTpl<double, 0, 2>, pinocchio::JointModelHelicalUnalignedTpl<double, 0>, pinocchio::JointModelUniversalTpl<double, 0>, boost::recursive_wrapper<pinocchio::JointModelCompositeTpl<double, 0, pinocchio::JointCollectionDefaultTpl> >, boost::recursive_wrapper<pinocchio::JointModelMimicTpl<double, 0, pinocchio::JointCollectionDefaultTpl> >}; typename Visitor::result_type = int]\x1b[m\x1b[K\xe2\x80\x99:\n'}
[7.490185] (gim_arm_hardware) StderrLine: {'line': b'\x1b[01m\x1b[K/usr/include/boost/variant/variant.hpp:2404:44:\x1b[m\x1b[K   required from \xe2\x80\x98\x1b[01m\x1b[Ktypename Visitor::result_type boost::variant<T0, TN>::apply_visitor(Visitor&) const & [with Visitor = const pinocchio::JointNvVisitor; T0_ = pinocchio::JointModelRevoluteTpl<double, 0, 0>; TN = {pinocchio::JointModelRevoluteTpl<double, 0, 1>, pinocchio::JointModelRevoluteTpl<double, 0, 2>, pinocchio::JointModelFreeFlyerTpl<double, 0>, pinocchio::JointModelPlanarTpl<double, 0>, pinocchio::JointModelRevoluteUnalignedTpl<double, 0>, pinocchio::JointModelSphericalTpl<double, 0>, pinocchio::JointModelSphericalZYXTpl<double, 0>, pinocchio::JointModelEllipsoidTpl<double, 0>, pinocchio::JointModelPrismaticTpl<double, 0, 0>, pinocchio::JointModelPrismaticTpl<double, 0, 1>, pinocchio::JointModelPrismaticTpl<double, 0, 2>, pinocchio::JointModelPrismaticUnalignedTpl<double, 0>, pinocchio::JointModelTranslationTpl<double, 0>, pinocchio::JointModelRevoluteUnboundedTpl<double, 0, 0>, pinocchio::JointModelRevoluteUnboundedTpl<double, 0, 1>, pinocchio::JointModelRevoluteUnboundedTpl<double, 0, 2>, pinocchio::JointModelRevoluteUnboundedUnalignedTpl<double, 0>, pinocchio::JointModelHelicalTpl<double, 0, 0>, pinocchio::JointModelHelicalTpl<double, 0, 1>, pinocchio::JointModelHelicalTpl<double, 0, 2>, pinocchio::JointModelHelicalUnalignedTpl<double, 0>, pinocchio::JointModelUniversalTpl<double, 0>, boost::recursive_wrapper<pinocchio::JointModelCompositeTpl<double, 0, pinocchio::JointCollectionDefaultTpl> >, boost::recursive_wrapper<pinocchio::JointModelMimicTpl<double, 0, pinocchio::JointCollectionDefaultTpl> >}; typename Visitor::result_type = int]\x1b[m\x1b[K\xe2\x80\x99\n'}
[7.490312] (gim_arm_hardware) StderrLine: {'line': b'\x1b[01m\x1b[K/usr/include/boost/variant/detail/apply_visitor_unary.hpp:68:64:\x1b[m\x1b[K   required from \xe2\x80\x98\x1b[01m\x1b[Ktypename Visitor::result_type boost::apply_visitor(const Visitor&, Visitable&&) [with Visitor = pinocchio::JointNvVisitor; Visitable = const pinocchio::JointModelTpl<double>&; typename Visitor::result_type = int]\x1b[m\x1b[K\xe2\x80\x99\n'}
[7.490399] (gim_arm_hardware) StderrLine: {'line': b'\x1b[01m\x1b[K/opt/ros/humble/include/pinocchio/src/multibody/joint/joint-basic-visitors.hxx:795:34:\x1b[m\x1b[K   required from \xe2\x80\x98\x1b[01m\x1b[Kstatic int pinocchio::JointNvVisitor::run(const pinocchio::JointModelTpl<Scalar, Options, JointCollectionTpl>&) [with Scalar = double; int Options = 0; JointCollectionTpl = pinocchio::JointCollectionDefaultTpl]\x1b[m\x1b[K\xe2\x80\x99\n'}
[7.490470] (gim_arm_hardware) StderrLine: {'line': b'\x1b[01m\x1b[K/opt/ros/humble/include/pinocchio/src/multibody/joint/joint-basic-visitors.hxx:802:31:\x1b[m\x1b[K   required from \xe2\x80\x98\x1b[01m\x1b[Kint pinocchio::nv(const pinocchio::JointModelTpl<Scalar, Options, JointCollectionTpl>&) [with Scalar = double; int Options = 0; JointCollectionTpl = pinocchio::JointCollectionDefaultTpl]\x1b[m\x1b[K\xe2\x80\x99\n'}
[7.490563] (gim_arm_hardware) StderrLine: {'line': b'\x1b[01m\x1b[K/opt/ros/humble/include/pinocchio/src/multibody/joint/joint-generic.hxx:430:29:\x1b[m\x1b[K   required from \xe2\x80\x98\x1b[01m\x1b[Kint pinocchio::JointModelTpl<Scalar, Options, JointCollectionTpl>::nv_impl() const [with _Scalar = double; int _Options = 0; JointCollectionTpl = pinocchio::JointCollectionDefaultTpl]\x1b[m\x1b[K\xe2\x80\x99\n'}
[7.490633] (gim_arm_hardware) StderrLine: {'line': b'\x1b[01m\x1b[K/opt/ros/humble/include/pinocchio/src/multibody/joint/joint-model-base.hxx:147:31:\x1b[m\x1b[K   required from \xe2\x80\x98\x1b[01m\x1b[Kint pinocchio::JointModelBase<Derived>::nv() const [with Derived = pinocchio::JointModelTpl<double>]\x1b[m\x1b[K\xe2\x80\x99\n'}
[7.490700] (gim_arm_hardware) StderrLine: {'line': b'\x1b[01m\x1b[K/opt/ros/humble/include/pinocchio/src/multibody/model.hxx:1083:40:\x1b[m\x1b[K   required from \xe2\x80\x98\x1b[01m\x1b[Kpinocchio::ModelTpl<_Scalar, _Options, JointCollectionTpl>::JointIndex pinocchio::ModelTpl<_Scalar, _Options, JointCollectionTpl>::addJoint(pinocchio::ModelTpl<_Scalar, _Options, JointCollectionTpl>::JointIndex, const JointModel&, const SE3&, const string&) [with _Scalar = double; int _Options = 0; JointCollectionTpl = pinocchio::JointCollectionDefaultTpl; pinocchio::ModelTpl<_Scalar, _Options, JointCollectionTpl>::JointIndex = long unsigned int; pinocchio::ModelTpl<_Scalar, _Options, JointCollectionTpl>::JointModel = pinocchio::JointModelTpl<double>; pinocchio::ModelTpl<_Scalar, _Options, JointCollectionTpl>::SE3 = pinocchio::SE3Tpl<double, 0>; std::string = std::__cxx11::basic_string<char>]\x1b[m\x1b[K\xe2\x80\x99\n'}
[7.490778] (gim_arm_hardware) StderrLine: {'line': b'\x1b[01m\x1b[K/opt/ros/humble/include/pinocchio/src/parsers/urdf/model.hxx:121:44:\x1b[m\x1b[K   required from here\n'}
[7.490845] (gim_arm_hardware) StderrLine: {'line': b'\x1b[01m\x1b[K/usr/include/boost/variant/variant.hpp:2359:41:\x1b[m\x1b[K \x1b[01;31m\x1b[Kerror: \x1b[m\x1b[Kusing invalid field \xe2\x80\x98\x1b[01m\x1b[Kboost::variant<T0, TN>::storage_\x1b[m\x1b[K\xe2\x80\x99\n'}
[7.490908] (gim_arm_hardware) StderrLine: {'line': b' 2359 |               which_, which(), visitor, \x1b[01;31m\x1b[Kstorage_\x1b[m\x1b[K.address()\n'}
[7.490978] (gim_arm_hardware) StderrLine: {'line': b'      |                                         \x1b[01;31m\x1b[K^~~~~~~~\x1b[m\x1b[K\n'}
[7.491040] (gim_arm_hardware) StderrLine: {'line': b'/usr/include/boost/variant/variant.hpp: In instantiation of \xe2\x80\x98\x1b[01m\x1b[Ktypename Visitor::result_type boost::variant<T0, TN>::internal_apply_visitor(Visitor&) const [with Visitor = boost::detail::variant::invoke_visitor<const pinocchio::JointNqVisitor, false>; T0_ = pinocchio::JointModelRevoluteTpl<double, 0, 0>; TN = {pinocchio::JointModelRevoluteTpl<double, 0, 1>, pinocchio::JointModelRevoluteTpl<double, 0, 2>, pinocchio::JointModelFreeFlyerTpl<double, 0>, pinocchio::JointModelPlanarTpl<double, 0>, pinocchio::JointModelRevoluteUnalignedTpl<double, 0>, pinocchio::JointModelSphericalTpl<double, 0>, pinocchio::JointModelSphericalZYXTpl<double, 0>, pinocchio::JointModelEllipsoidTpl<double, 0>, pinocchio::JointModelPrismaticTpl<double, 0, 0>, pinocchio::JointModelPrismaticTpl<double, 0, 1>, pinocchio::JointModelPrismaticTpl<double, 0, 2>, pinocchio::JointModelPrismaticUnalignedTpl<double, 0>, pinocchio::JointModelTranslationTpl<double, 0>, pinocchio::JointModelRevoluteUnboundedTpl<double, 0, 0>, pinocchio::JointModelRevoluteUnboundedTpl<double, 0, 1>, pinocchio::JointModelRevoluteUnboundedTpl<double, 0, 2>, pinocchio::JointModelRevoluteUnboundedUnalignedTpl<double, 0>, pinocchio::JointModelHelicalTpl<double, 0, 0>, pinocchio::JointModelHelicalTpl<double, 0, 1>, pinocchio::JointModelHelicalTpl<double, 0, 2>, pinocchio::JointModelHelicalUnalignedTpl<double, 0>, pinocchio::JointModelUniversalTpl<double, 0>, boost::recursive_wrapper<pinocchio::JointModelCompositeTpl<double, 0, pinocchio::JointCollectionDefaultTpl> >, boost::recursive_wrapper<pinocchio::JointModelMimicTpl<double, 0, pinocchio::JointCollectionDefaultTpl> >}; typename Visitor::result_type = int]\x1b[m\x1b[K\xe2\x80\x99:\n'}
[7.491118] (gim_arm_hardware) StderrLine: {'line': b'\x1b[01m\x1b[K/usr/include/boost/variant/variant.hpp:2404:44:\x1b[m\x1b[K   required from \xe2\x80\x98\x1b[01m\x1b[Ktypename Visitor::result_type boost::variant<T0, TN>::apply_visitor(Visitor&) const & [with Visitor = const pinocchio::JointNqVisitor; T0_ = pinocchio::JointModelRevoluteTpl<double, 0, 0>; TN = {pinocchio::JointModelRevoluteTpl<double, 0, 1>, pinocchio::JointModelRevoluteTpl<double, 0, 2>, pinocchio::JointModelFreeFlyerTpl<double, 0>, pinocchio::JointModelPlanarTpl<double, 0>, pinocchio::JointModelRevoluteUnalignedTpl<double, 0>, pinocchio::JointModelSphericalTpl<double, 0>, pinocchio::JointModelSphericalZYXTpl<double, 0>, pinocchio::JointModelEllipsoidTpl<double, 0>, pinocchio::JointModelPrismaticTpl<double, 0, 0>, pinocchio::JointModelPrismaticTpl<double, 0, 1>, pinocchio::JointModelPrismaticTpl<double, 0, 2>, pinocchio::JointModelPrismaticUnalignedTpl<double, 0>, pinocchio::JointModelTranslationTpl<double, 0>, pinocchio::JointModelRevoluteUnboundedTpl<double, 0, 0>, pinocchio::JointModelRevoluteUnboundedTpl<double, 0, 1>, pinocchio::JointModelRevoluteUnboundedTpl<double, 0, 2>, pinocchio::JointModelRevoluteUnboundedUnalignedTpl<double, 0>, pinocchio::JointModelHelicalTpl<double, 0, 0>, pinocchio::JointModelHelicalTpl<double, 0, 1>, pinocchio::JointModelHelicalTpl<double, 0, 2>, pinocchio::JointModelHelicalUnalignedTpl<double, 0>, pinocchio::JointModelUniversalTpl<double, 0>, boost::recursive_wrapper<pinocchio::JointModelCompositeTpl<double, 0, pinocchio::JointCollectionDefaultTpl> >, boost::recursive_wrapper<pinocchio::JointModelMimicTpl<double, 0, pinocchio::JointCollectionDefaultTpl> >}; typename Visitor::result_type = int]\x1b[m\x1b[K\xe2\x80\x99\n'}
[7.491201] (gim_arm_hardware) StderrLine: {'line': b'\x1b[01m\x1b[K/usr/include/boost/variant/detail/apply_visitor_unary.hpp:68:64:\x1b[m\x1b[K   required from \xe2\x80\x98\x1b[01m\x1b[Ktypename Visitor::result_type boost::apply_visitor(const Visitor&, Visitable&&) [with Visitor = pinocchio::JointNqVisitor; Visitable = const pinocchio::JointModelTpl<double>&; typename Visitor::result_type = int]\x1b[m\x1b[K\xe2\x80\x99\n'}
[7.491266] (gim_arm_hardware) StderrLine: {'line': b'\x1b[01m\x1b[K/opt/ros/humble/include/pinocchio/src/multibody/joint/joint-basic-visitors.hxx:819:34:\x1b[m\x1b[K   required from \xe2\x80\x98\x1b[01m\x1b[Kstatic int pinocchio::JointNqVisitor::run(const pinocchio::JointModelTpl<Scalar, Options, JointCollectionTpl>&) [with Scalar = double; int Options = 0; JointCollectionTpl = pinocchio::JointCollectionDefaultTpl]\x1b[m\x1b[K\xe2\x80\x99\n'}
[7.491339] (gim_arm_hardware) StderrLine: {'line': b'\x1b[01m\x1b[K/opt/ros/humble/include/pinocchio/src/multibody/joint/joint-basic-visitors.hxx:826:31:\x1b[m\x1b[K   required from \xe2\x80\x98\x1b[01m\x1b[Kint pinocchio::nq(const pinocchio::JointModelTpl<Scalar, Options, JointCollectionTpl>&) [with Scalar = double; int Options = 0; JointCollectionTpl = pinocchio::JointCollectionDefaultTpl]\x1b[m\x1b[K\xe2\x80\x99\n'}
[7.491406] (gim_arm_hardware) StderrLine: {'line': b'\x1b[01m\x1b[K/opt/ros/humble/include/pinocchio/src/multibody/joint/joint-generic.hxx:426:29:\x1b[m\x1b[K   required from \xe2\x80\x98\x1b[01m\x1b[Kint pinocchio::JointModelTpl<Scalar, Options, JointCollectionTpl>::nq_impl() const [with _Scalar = double; int _Options = 0; JointCollectionTpl = pinocchio::JointCollectionDefaultTpl]\x1b[m\x1b[K\xe2\x80\x99\n'}
[7.491449] (gim_arm_hardware) StderrLine: {'line': b'\x1b[01m\x1b[K/opt/ros/humble/include/pinocchio/src/multibody/joint/joint-model-base.hxx:151:31:\x1b[m\x1b[K   required from \xe2\x80\x98\x1b[01m\x1b[Kint pinocchio::JointModelBase<Derived>::nq() const [with Derived = pinocchio::JointModelTpl<double>]\x1b[m\x1b[K\xe2\x80\x99\n'}
[7.491474] (gim_arm_hardware) StderrLine: {'line': b'\x1b[01m\x1b[K/opt/ros/humble/include/pinocchio/src/multibody/model.hxx:1087:40:\x1b[m\x1b[K   required from \xe2\x80\x98\x1b[01m\x1b[Kpinocchio::ModelTpl<_Scalar, _Options, JointCollectionTpl>::JointIndex pinocchio::ModelTpl<_Scalar, _Options, JointCollectionTpl>::addJoint(pinocchio::ModelTpl<_Scalar, _Options, JointCollectionTpl>::JointIndex, const JointModel&, const SE3&, const string&) [with _Scalar = double; int _Options = 0; JointCollectionTpl = pinocchio::JointCollectionDefaultTpl; pinocchio::ModelTpl<_Scalar, _Options, JointCollectionTpl>::JointIndex = long unsigned int; pinocchio::ModelTpl<_Scalar, _Options, JointCollectionTpl>::JointModel = pinocchio::JointModelTpl<double>; pinocchio::ModelTpl<_Scalar, _Options, JointCollectionTpl>::SE3 = pinocchio::SE3Tpl<double, 0>; std::string = std::__cxx11::basic_string<char>]\x1b[m\x1b[K\xe2\x80\x99\n'}
[7.491508] (gim_arm_hardware) StderrLine: {'line': b'\x1b[01m\x1b[K/opt/ros/humble/include/pinocchio/src/parsers/urdf/model.hxx:121:44:\x1b[m\x1b[K   required from here\n'}
[7.491537] (gim_arm_hardware) StderrLine: {'line': b'\x1b[01m\x1b[K/usr/include/boost/variant/variant.hpp:2359:41:\x1b[m\x1b[K \x1b[01;31m\x1b[Kerror: \x1b[m\x1b[Kusing invalid field \xe2\x80\x98\x1b[01m\x1b[Kboost::variant<T0, TN>::storage_\x1b[m\x1b[K\xe2\x80\x99\n'}
[7.494649] (gim_arm_hardware) StderrLine: {'line': b'/usr/include/boost/variant/variant.hpp: In instantiation of \xe2\x80\x98\x1b[01m\x1b[Ktypename Visitor::result_type boost::variant<T0, TN>::internal_apply_visitor(Visitor&) const [with Visitor = boost::detail::variant::invoke_visitor<const pinocchio::JointNvExtendedVisitor, false>; T0_ = pinocchio::JointModelRevoluteTpl<double, 0, 0>; TN = {pinocchio::JointModelRevoluteTpl<double, 0, 1>, pinocchio::JointModelRevoluteTpl<double, 0, 2>, pinocchio::JointModelFreeFlyerTpl<double, 0>, pinocchio::JointModelPlanarTpl<double, 0>, pinocchio::JointModelRevoluteUnalignedTpl<double, 0>, pinocchio::JointModelSphericalTpl<double, 0>, pinocchio::JointModelSphericalZYXTpl<double, 0>, pinocchio::JointModelEllipsoidTpl<double, 0>, pinocchio::JointModelPrismaticTpl<double, 0, 0>, pinocchio::JointModelPrismaticTpl<double, 0, 1>, pinocchio::JointModelPrismaticTpl<double, 0, 2>, pinocchio::JointModelPrismaticUnalignedTpl<double, 0>, pinocchio::JointModelTranslationTpl<double, 0>, pinocchio::JointModelRevoluteUnboundedTpl<double, 0, 0>, pinocchio::JointModelRevoluteUnboundedTpl<double, 0, 1>, pinocchio::JointModelRevoluteUnboundedTpl<double, 0, 2>, pinocchio::JointModelRevoluteUnboundedUnalignedTpl<double, 0>, pinocchio::JointModelHelicalTpl<double, 0, 0>, pinocchio::JointModelHelicalTpl<double, 0, 1>, pinocchio::JointModelHelicalTpl<double, 0, 2>, pinocchio::JointModelHelicalUnalignedTpl<double, 0>, pinocchio::JointModelUniversalTpl<double, 0>, boost::recursive_wrapper<pinocchio::JointModelCompositeTpl<double, 0, pinocchio::JointCollectionDefaultTpl> >, boost::recursive_wrapper<pinocchio::JointModelMimicTpl<double, 0, pinocchio::JointCollectionDefaultTpl> >}; typename Visitor::result_type = int]\x1b[m\x1b[K\xe2\x80\x99:\n'}
[7.494848] (gim_arm_hardware) StderrLine: {'line': b'\x1b[01m\x1b[K/usr/include/boost/variant/variant.hpp:2404:44:\x1b[m\x1b[K   required from \xe2\x80\x98\x1b[01m\x1b[Ktypename Visitor::result_type boost::variant<T0, TN>::apply_visitor(Visitor&) const & [with Visitor = const pinocchio::JointNvExtendedVisitor; T0_ = pinocchio::JointModelRevoluteTpl<double, 0, 0>; TN = {pinocchio::JointModelRevoluteTpl<double, 0, 1>, pinocchio::JointModelRevoluteTpl<double, 0, 2>, pinocchio::JointModelFreeFlyerTpl<double, 0>, pinocchio::JointModelPlanarTpl<double, 0>, pinocchio::JointModelRevoluteUnalignedTpl<double, 0>, pinocchio::JointModelSphericalTpl<double, 0>, pinocchio::JointModelSphericalZYXTpl<double, 0>, pinocchio::JointModelEllipsoidTpl<double, 0>, pinocchio::JointModelPrismaticTpl<double, 0, 0>, pinocchio::JointModelPrismaticTpl<double, 0, 1>, pinocchio::JointModelPrismaticTpl<double, 0, 2>, pinocchio::JointModelPrismaticUnalignedTpl<double, 0>, pinocchio::JointModelTranslationTpl<double, 0>, pinocchio::JointModelRevoluteUnboundedTpl<double, 0, 0>, pinocchio::JointModelRevoluteUnboundedTpl<double, 0, 1>, pinocchio::JointModelRevoluteUnboundedTpl<double, 0, 2>, pinocchio::JointModelRevoluteUnboundedUnalignedTpl<double, 0>, pinocchio::JointModelHelicalTpl<double, 0, 0>, pinocchio::JointModelHelicalTpl<double, 0, 1>, pinocchio::JointModelHelicalTpl<double, 0, 2>, pinocchio::JointModelHelicalUnalignedTpl<double, 0>, pinocchio::JointModelUniversalTpl<double, 0>, boost::recursive_wrapper<pinocchio::JointModelCompositeTpl<double, 0, pinocchio::JointCollectionDefaultTpl> >, boost::recursive_wrapper<pinocchio::JointModelMimicTpl<double, 0, pinocchio::JointCollectionDefaultTpl> >}; typename Visitor::result_type = int]\x1b[m\x1b[K\xe2\x80\x99\n'}
[7.495047] (gim_arm_hardware) StderrLine: {'line': b'\x1b[01m\x1b[K/usr/include/boost/variant/detail/apply_visitor_unary.hpp:68:64:\x1b[m\x1b[K   required from \xe2\x80\x98\x1b[01m\x1b[Ktypename Visitor::result_type boost::apply_visitor(const Visitor&, Visitable&&) [with Visitor = pinocchio::JointNvExtendedVisitor; Visitable = const pinocchio::JointModelTpl<double>&; typename Visitor::result_type = int]\x1b[m\x1b[K\xe2\x80\x99\n'}
[7.495314] (gim_arm_hardware) StderrLine: {'line': b'\x1b[01m\x1b[K/opt/ros/humble/include/pinocchio/src/multibody/joint/joint-basic-visitors.hxx:843:34:\x1b[m\x1b[K   required from \xe2\x80\x98\x1b[01m\x1b[Kstatic int pinocchio::JointNvExtendedVisitor::run(const pinocchio::JointModelTpl<Scalar, Options, JointCollectionTpl>&) [with Scalar = double; int Options = 0; JointCollectionTpl = pinocchio::JointCollectionDefaultTpl]\x1b[m\x1b[K\xe2\x80\x99\n'}
[7.495393] (gim_arm_hardware) StderrLine: {'line': b'\x1b[01m\x1b[K/opt/ros/humble/include/pinocchio/src/multibody/joint/joint-basic-visitors.hxx:850:39:\x1b[m\x1b[K   required from \xe2\x80\x98\x1b[01m\x1b[Kint pinocchio::nvExtended(const pinocchio::JointModelTpl<Scalar, Options, JointCollectionTpl>&) [with Scalar = double; int Options = 0; JointCollectionTpl = pinocchio::JointCollectionDefaultTpl]\x1b[m\x1b[K\xe2\x80\x99\n'}
[7.495480] (gim_arm_hardware) StderrLine: {'line': b'\x1b[01m\x1b[K/opt/ros/humble/include/pinocchio/src/multibody/joint/joint-generic.hxx:434:37:\x1b[m\x1b[K   required from \xe2\x80\x98\x1b[01m\x1b[Kint pinocchio::JointModelTpl<Scalar, Options, JointCollectionTpl>::nvExtended_impl() const [with _Scalar = double; int _Options = 0; JointCollectionTpl = pinocchio::JointCollectionDefaultTpl]\x1b[m\x1b[K\xe2\x80\x99\n'}
[7.495563] (gim_arm_hardware) StderrLine: {'line': b'\x1b[01m\x1b[K/opt/ros/humble/include/pinocchio/src/multibody/joint/joint-model-base.hxx:155:39:\x1b[m\x1b[K   required from \xe2\x80\x98\x1b[01m\x1b[Kint pinocchio::JointModelBase<Derived>::nvExtended() const [with Derived = pinocchio::JointModelTpl<double>]\x1b[m\x1b[K\xe2\x80\x99\n'}
[7.495630] (gim_arm_hardware) StderrLine: {'line': b'\x1b[01m\x1b[K/opt/ros/humble/include/pinocchio/src/multibody/model.hxx:823:5:\x1b[m\x1b[K   required from \xe2\x80\x98\x1b[01m\x1b[Kpinocchio::ModelTpl<_Scalar, _Options, JointCollectionTpl>::JointIndex pinocchio::ModelTpl<_Scalar, _Options, JointCollectionTpl>::addJoint(pinocchio::ModelTpl<_Scalar, _Options, JointCollectionTpl>::JointIndex, const JointModel&, const SE3&, const string&, const VectorXs&, const VectorXs&, const VectorXs&, const VectorXs&, const VectorXs&, const VectorXs&, const VectorXs&, const VectorXs&, const VectorXs&, const VectorXs&) [with _Scalar = double; int _Options = 0; JointCollectionTpl = pinocchio::JointCollectionDefaultTpl; pinocchio::ModelTpl<_Scalar, _Options, JointCollectionTpl>::JointIndex = long unsigned int; pinocchio::ModelTpl<_Scalar, _Options, JointCollectionTpl>::JointModel = pinocchio::JointModelTpl<double>; pinocchio::ModelTpl<_Scalar, _Options, JointCollectionTpl>::SE3 = pinocchio::SE3Tpl<double, 0>; std::string = std::__cxx11::basic_string<char>; pinocchio::ModelTpl<_Scalar, _Options, JointCollectionTpl>::VectorXs = Eigen::Matrix<double, -1, 1>]\x1b[m\x1b[K\xe2\x80\x99\n'}
[7.495702] (gim_arm_hardware) StderrLine: {'line': b'\x1b[01m\x1b[K/opt/ros/humble/include/pinocchio/src/parsers/urdf/model.hxx:235:38:\x1b[m\x1b[K   required from here\n'}
[7.495764] (gim_arm_hardware) StderrLine: {'line': b'\x1b[01m\x1b[K/usr/include/boost/variant/variant.hpp:2359:41:\x1b[m\x1b[K \x1b[01;31m\x1b[Kerror: \x1b[m\x1b[Kusing invalid field \xe2\x80\x98\x1b[01m\x1b[Kboost::variant<T0, TN>::storage_\x1b[m\x1b[K\xe2\x80\x99\n'}
[7.495837] (gim_arm_hardware) StderrLine: {'line': b'/usr/include/boost/variant/variant.hpp: In instantiation of \xe2\x80\x98\x1b[01m\x1b[Ktypename Visitor::result_type boost::variant<T0, TN>::internal_apply_visitor(Visitor&) const [with Visitor = boost::detail::variant::invoke_visitor<const pinocchio::JointIdxQVisitor, false>; T0_ = pinocchio::JointModelRevoluteTpl<double, 0, 0>; TN = {pinocchio::JointModelRevoluteTpl<double, 0, 1>, pinocchio::JointModelRevoluteTpl<double, 0, 2>, pinocchio::JointModelFreeFlyerTpl<double, 0>, pinocchio::JointModelPlanarTpl<double, 0>, pinocchio::JointModelRevoluteUnalignedTpl<double, 0>, pinocchio::JointModelSphericalTpl<double, 0>, pinocchio::JointModelSphericalZYXTpl<double, 0>, pinocchio::JointModelEllipsoidTpl<double, 0>, pinocchio::JointModelPrismaticTpl<double, 0, 0>, pinocchio::JointModelPrismaticTpl<double, 0, 1>, pinocchio::JointModelPrismaticTpl<double, 0, 2>, pinocchio::JointModelPrismaticUnalignedTpl<double, 0>, pinocchio::JointModelTranslationTpl<double, 0>, pinocchio::JointModelRevoluteUnboundedTpl<double, 0, 0>, pinocchio::JointModelRevoluteUnboundedTpl<double, 0, 1>, pinocchio::JointModelRevoluteUnboundedTpl<double, 0, 2>, pinocchio::JointModelRevoluteUnboundedUnalignedTpl<double, 0>, pinocchio::JointModelHelicalTpl<double, 0, 0>, pinocchio::JointModelHelicalTpl<double, 0, 1>, pinocchio::JointModelHelicalTpl<double, 0, 2>, pinocchio::JointModelHelicalUnalignedTpl<double, 0>, pinocchio::JointModelUniversalTpl<double, 0>, boost::recursive_wrapper<pinocchio::JointModelCompositeTpl<double, 0, pinocchio::JointCollectionDefaultTpl> >, boost::recursive_wrapper<pinocchio::JointModelMimicTpl<double, 0, pinocchio::JointCollectionDefaultTpl> >}; typename Visitor::result_type = int]\x1b[m\x1b[K\xe2\x80\x99:\n'}
[7.495925] (gim_arm_hardware) StderrLine: {'line': b'\x1b[01m\x1b[K/usr/include/boost/variant/variant.hpp:2404:44:\x1b[m\x1b[K   required from \xe2\x80\x98\x1b[01m\x1b[Ktypename Visitor::result_type boost::variant<T0, TN>::apply_visitor(Visitor&) const & [with Visitor = const pinocchio::JointIdxQVisitor; T0_ = pinocchio::JointModelRevoluteTpl<double, 0, 0>; TN = {pinocchio::JointModelRevoluteTpl<double, 0, 1>, pinocchio::JointModelRevoluteTpl<double, 0, 2>, pinocchio::JointModelFreeFlyerTpl<double, 0>, pinocchio::JointModelPlanarTpl<double, 0>, pinocchio::JointModelRevoluteUnalignedTpl<double, 0>, pinocchio::JointModelSphericalTpl<double, 0>, pinocchio::JointModelSphericalZYXTpl<double, 0>, pinocchio::JointModelEllipsoidTpl<double, 0>, pinocchio::JointModelPrismaticTpl<double, 0, 0>, pinocchio::JointModelPrismaticTpl<double, 0, 1>, pinocchio::JointModelPrismaticTpl<double, 0, 2>, pinocchio::JointModelPrismaticUnalignedTpl<double, 0>, pinocchio::JointModelTranslationTpl<double, 0>, pinocchio::JointModelRevoluteUnboundedTpl<double, 0, 0>, pinocchio::JointModelRevoluteUnboundedTpl<double, 0, 1>, pinocchio::JointModelRevoluteUnboundedTpl<double, 0, 2>, pinocchio::JointModelRevoluteUnboundedUnalignedTpl<double, 0>, pinocchio::JointModelHelicalTpl<double, 0, 0>, pinocchio::JointModelHelicalTpl<double, 0, 1>, pinocchio::JointModelHelicalTpl<double, 0, 2>, pinocchio::JointModelHelicalUnalignedTpl<double, 0>, pinocchio::JointModelUniversalTpl<double, 0>, boost::recursive_wrapper<pinocchio::JointModelCompositeTpl<double, 0, pinocchio::JointCollectionDefaultTpl> >, boost::recursive_wrapper<pinocchio::JointModelMimicTpl<double, 0, pinocchio::JointCollectionDefaultTpl> >}; typename Visitor::result_type = int]\x1b[m\x1b[K\xe2\x80\x99\n'}
[7.496002] (gim_arm_hardware) StderrLine: {'line': b'\x1b[01m\x1b[K/usr/include/boost/variant/detail/apply_visitor_unary.hpp:68:64:\x1b[m\x1b[K   required from \xe2\x80\x98\x1b[01m\x1b[Ktypename Visitor::result_type boost::apply_visitor(const Visitor&, Visitable&&) [with Visitor = pinocchio::JointIdxQVisitor; Visitable = const pinocchio::JointModelTpl<double>&; typename Visitor::result_type = int]\x1b[m\x1b[K\xe2\x80\x99\n'}
[7.496066] (gim_arm_hardware) StderrLine: {'line': b'\x1b[01m\x1b[K/opt/ros/humble/include/pinocchio/src/multibody/joint/joint-basic-visitors.hxx:919:34:\x1b[m\x1b[K   required from \xe2\x80\x98\x1b[01m\x1b[Kstatic int pinocchio::JointIdxQVisitor::run(const pinocchio::JointModelTpl<Scalar, Options, JointCollectionTpl>&) [with Scalar = double; int Options = 0; JointCollectionTpl = pinocchio::JointCollectionDefaultTpl]\x1b[m\x1b[K\xe2\x80\x99\n'}
[7.496137] (gim_arm_hardware) StderrLine: {'line': b'\x1b[01m\x1b[K/opt/ros/humble/include/pinocchio/src/multibody/joint/joint-basic-visitors.hxx:926:33:\x1b[m\x1b[K   required from \xe2\x80\x98\x1b[01m\x1b[Kint pinocchio::idx_q(const pinocchio::JointModelTpl<Scalar, Options, JointCollectionTpl>&) [with Scalar = double; int Options = 0; JointCollectionTpl = pinocchio::JointCollectionDefaultTpl]\x1b[m\x1b[K\xe2\x80\x99\n'}
[7.496203] (gim_arm_hardware) StderrLine: {'line': b'\x1b[01m\x1b[K/opt/ros/humble/include/pinocchio/src/multibody/joint/joint-generic.hxx:439:32:\x1b[m\x1b[K   required from \xe2\x80\x98\x1b[01m\x1b[Kint pinocchio::JointModelTpl<Scalar, Options, JointCollectionTpl>::idx_q_impl() const [with _Scalar = double; int _Options = 0; JointCollectionTpl = pinocchio::JointCollectionDefaultTpl]\x1b[m\x1b[K\xe2\x80\x99\n'}
[7.496258] (gim_arm_hardware) StderrLine: {'line': b'\x1b[01m\x1b[K/opt/ros/humble/include/pinocchio/src/multibody/joint/joint-model-base.hxx:174:34:\x1b[m\x1b[K   required from \xe2\x80\x98\x1b[01m\x1b[Kint pinocchio::JointModelBase<Derived>::idx_q() const [with Derived = pinocchio::JointModelTpl<double>]\x1b[m\x1b[K\xe2\x80\x99\n'}
[7.496286] (gim_arm_hardware) StderrLine: {'line': b'\x1b[01m\x1b[K/opt/ros/humble/include/pinocchio/src/multibody/model.hxx:872:41:\x1b[m\x1b[K   required from \xe2\x80\x98\x1b[01m\x1b[Kpinocchio::ModelTpl<_Scalar, _Options, JointCollectionTpl>::JointIndex pinocchio::ModelTpl<_Scalar, _Options, JointCollectionTpl>::addJoint(pinocchio::ModelTpl<_Scalar, _Options, JointCollectionTpl>::JointIndex, const JointModel&, const SE3&, const string&, const VectorXs&, const VectorXs&, const VectorXs&, const VectorXs&, const VectorXs&, const VectorXs&, const VectorXs&, const VectorXs&, const VectorXs&, const VectorXs&) [with _Scalar = double; int _Options = 0; JointCollectionTpl = pinocchio::JointCollectionDefaultTpl; pinocchio::ModelTpl<_Scalar, _Options, JointCollectionTpl>::JointIndex = long unsigned int; pinocchio::ModelTpl<_Scalar, _Options, JointCollectionTpl>::JointModel = pinocchio::JointModelTpl<double>; pinocchio::ModelTpl<_Scalar, _Options, JointCollectionTpl>::SE3 = pinocchio::SE3Tpl<double, 0>; std::string = std::__cxx11::basic_string<char>; pinocchio::ModelTpl<_Scalar, _Options, JointCollectionTpl>::VectorXs = Eigen::Matrix<double, -1, 1>]\x1b[m\x1b[K\xe2\x80\x99\n'}
[7.496316] (gim_arm_hardware) StderrLine: {'line': b'\x1b[01m\x1b[K/opt/ros/humble/include/pinocchio/src/parsers/urdf/model.hxx:235:38:\x1b[m\x1b[K   required from here\n'}
[7.496344] (gim_arm_hardware) StderrLine: {'line': b'\x1b[01m\x1b[K/usr/include/boost/variant/variant.hpp:2359:41:\x1b[m\x1b[K \x1b[01;31m\x1b[Kerror: \x1b[m\x1b[Kusing invalid field \xe2\x80\x98\x1b[01m\x1b[Kboost::variant<T0, TN>::storage_\x1b[m\x1b[K\xe2\x80\x99\n'}
[7.496368] (gim_arm_hardware) StderrLine: {'line': b'/usr/include/boost/variant/variant.hpp: In instantiation of \xe2\x80\x98\x1b[01m\x1b[Ktypename Visitor::result_type boost::variant<T0, TN>::internal_apply_visitor(Visitor&) const [with Visitor = boost::detail::variant::invoke_visitor<const pinocchio::JointIdxVVisitor, false>; T0_ = pinocchio::JointModelRevoluteTpl<double, 0, 0>; TN = {pinocchio::JointModelRevoluteTpl<double, 0, 1>, pinocchio::JointModelRevoluteTpl<double, 0, 2>, pinocchio::JointModelFreeFlyerTpl<double, 0>, pinocchio::JointModelPlanarTpl<double, 0>, pinocchio::JointModelRevoluteUnalignedTpl<double, 0>, pinocchio::JointModelSphericalTpl<double, 0>, pinocchio::JointModelSphericalZYXTpl<double, 0>, pinocchio::JointModelEllipsoidTpl<double, 0>, pinocchio::JointModelPrismaticTpl<double, 0, 0>, pinocchio::JointModelPrismaticTpl<double, 0, 1>, pinocchio::JointModelPrismaticTpl<double, 0, 2>, pinocchio::JointModelPrismaticUnalignedTpl<double, 0>, pinocchio::JointModelTranslationTpl<double, 0>, pinocchio::JointModelRevoluteUnboundedTpl<double, 0, 0>, pinocchio::JointModelRevoluteUnboundedTpl<double, 0, 1>, pinocchio::JointModelRevoluteUnboundedTpl<double, 0, 2>, pinocchio::JointModelRevoluteUnboundedUnalignedTpl<double, 0>, pinocchio::JointModelHelicalTpl<double, 0, 0>, pinocchio::JointModelHelicalTpl<double, 0, 1>, pinocchio::JointModelHelicalTpl<double, 0, 2>, pinocchio::JointModelHelicalUnalignedTpl<double, 0>, pinocchio::JointModelUniversalTpl<double, 0>, boost::recursive_wrapper<pinocchio::JointModelCompositeTpl<double, 0, pinocchio::JointCollectionDefaultTpl> >, boost::recursive_wrapper<pinocchio::JointModelMimicTpl<double, 0, pinocchio::JointCollectionDefaultTpl> >}; typename Visitor::result_type = int]\x1b[m\x1b[K\xe2\x80\x99:\n'}
[7.496402] (gim_arm_hardware) StderrLine: {'line': b'\x1b[01m\x1b[K/usr/include/boost/variant/variant.hpp:2404:44:\x1b[m\x1b[K   required from \xe2\x80\x98\x1b[01m\x1b[Ktypename Visitor::result_type boost::variant<T0, TN>::apply_visitor(Visitor&) const & [with Visitor = const pinocchio::JointIdxVVisitor; T0_ = pinocchio::JointModelRevoluteTpl<double, 0, 0>; TN = {pinocchio::JointModelRevoluteTpl<double, 0, 1>, pinocchio::JointModelRevoluteTpl<double, 0, 2>, pinocchio::JointModelFreeFlyerTpl<double, 0>, pinocchio::JointModelPlanarTpl<double, 0>, pinocchio::JointModelRevoluteUnalignedTpl<double, 0>, pinocchio::JointModelSphericalTpl<double, 0>, pinocchio::JointModelSphericalZYXTpl<double, 0>, pinocchio::JointModelEllipsoidTpl<double, 0>, pinocchio::JointModelPrismaticTpl<double, 0, 0>, pinocchio::JointModelPrismaticTpl<double, 0, 1>, pinocchio::JointModelPrismaticTpl<double, 0, 2>, pinocchio::JointModelPrismaticUnalignedTpl<double, 0>, pinocchio::JointModelTranslationTpl<double, 0>, pinocchio::JointModelRevoluteUnboundedTpl<double, 0, 0>, pinocchio::JointModelRevoluteUnboundedTpl<double, 0, 1>, pinocchio::JointModelRevoluteUnboundedTpl<double, 0, 2>, pinocchio::JointModelRevoluteUnboundedUnalignedTpl<double, 0>, pinocchio::JointModelHelicalTpl<double, 0, 0>, pinocchio::JointModelHelicalTpl<double, 0, 1>, pinocchio::JointModelHelicalTpl<double, 0, 2>, pinocchio::JointModelHelicalUnalignedTpl<double, 0>, pinocchio::JointModelUniversalTpl<double, 0>, boost::recursive_wrapper<pinocchio::JointModelCompositeTpl<double, 0, pinocchio::JointCollectionDefaultTpl> >, boost::recursive_wrapper<pinocchio::JointModelMimicTpl<double, 0, pinocchio::JointCollectionDefaultTpl> >}; typename Visitor::result_type = int]\x1b[m\x1b[K\xe2\x80\x99\n'}
[7.496439] (gim_arm_hardware) StderrLine: {'line': b'\x1b[01m\x1b[K/usr/include/boost/variant/detail/apply_visitor_unary.hpp:68:64:\x1b[m\x1b[K   required from \xe2\x80\x98\x1b[01m\x1b[Ktypename Visitor::result_type boost::apply_visitor(const Visitor&, Visitable&&) [with Visitor = pinocchio::JointIdxVVisitor; Visitable = const pinocchio::JointModelTpl<double>&; typename Visitor::result_type = int]\x1b[m\x1b[K\xe2\x80\x99\n'}
[7.496464] (gim_arm_hardware) StderrLine: {'line': b'\x1b[01m\x1b[K/opt/ros/humble/include/pinocchio/src/multibody/joint/joint-basic-visitors.hxx:943:34:\x1b[m\x1b[K   required from \xe2\x80\x98\x1b[01m\x1b[Kstatic int pinocchio::JointIdxVVisitor::run(const pinocchio::JointModelTpl<Scalar, Options, JointCollectionTpl>&) [with Scalar = double; int Options = 0; JointCollectionTpl = pinocchio::JointCollectionDefaultTpl]\x1b[m\x1b[K\xe2\x80\x99\n'}
[7.496492] (gim_arm_hardware) StderrLine: {'line': b'\x1b[01m\x1b[K/opt/ros/humble/include/pinocchio/src/multibody/joint/joint-basic-visitors.hxx:950:33:\x1b[m\x1b[K   required from \xe2\x80\x98\x1b[01m\x1b[Kint pinocchio::idx_v(const pinocchio::JointModelTpl<Scalar, Options, JointCollectionTpl>&) [with Scalar = double; int Options = 0; JointCollectionTpl = pinocchio::JointCollectionDefaultTpl]\x1b[m\x1b[K\xe2\x80\x99\n'}
[7.496525] (gim_arm_hardware) StderrLine: {'line': b'\x1b[01m\x1b[K/opt/ros/humble/include/pinocchio/src/multibody/joint/joint-generic.hxx:443:32:\x1b[m\x1b[K   required from \xe2\x80\x98\x1b[01m\x1b[Kint pinocchio::JointModelTpl<Scalar, Options, JointCollectionTpl>::idx_v_impl() const [with _Scalar = double; int _Options = 0; JointCollectionTpl = pinocchio::JointCollectionDefaultTpl]\x1b[m\x1b[K\xe2\x80\x99\n'}
[7.496551] (gim_arm_hardware) StderrLine: {'line': b'\x1b[01m\x1b[K/opt/ros/humble/include/pinocchio/src/multibody/joint/joint-model-base.hxx:178:34:\x1b[m\x1b[K   required from \xe2\x80\x98\x1b[01m\x1b[Kint pinocchio::JointModelBase<Derived>::idx_v() const [with Derived = pinocchio::JointModelTpl<double>]\x1b[m\x1b[K\xe2\x80\x99\n'}
[7.496575] (gim_arm_hardware) StderrLine: {'line': b'\x1b[01m\x1b[K/opt/ros/humble/include/pinocchio/src/multibody/model.hxx:874:41:\x1b[m\x1b[K   required from \xe2\x80\x98\x1b[01m\x1b[Kpinocchio::ModelTpl<_Scalar, _Options, JointCollectionTpl>::JointIndex pinocchio::ModelTpl<_Scalar, _Options, JointCollectionTpl>::addJoint(pinocchio::ModelTpl<_Scalar, _Options, JointCollectionTpl>::JointIndex, const JointModel&, const SE3&, const string&, const VectorXs&, const VectorXs&, const VectorXs&, const VectorXs&, const VectorXs&, const VectorXs&, const VectorXs&, const VectorXs&, const VectorXs&, const VectorXs&) [with _Scalar = double; int _Options = 0; JointCollectionTpl = pinocchio::JointCollectionDefaultTpl; pinocchio::ModelTpl<_Scalar, _Options, JointCollectionTpl>::JointIndex = long unsigned int; pinocchio::ModelTpl<_Scalar, _Options, JointCollectionTpl>::JointModel = pinocchio::JointModelTpl<double>; pinocchio::ModelTpl<_Scalar, _Options, JointCollectionTpl>::SE3 = pinocchio::SE3Tpl<double, 0>; std::string = std::__cxx11::basic_string<char>; pinocchio::ModelTpl<_Scalar, _Options, JointCollectionTpl>::VectorXs = Eigen::Matrix<double, -1, 1>]\x1b[m\x1b[K\xe2\x80\x99\n'}
[7.496611] (gim_arm_hardware) StderrLine: {'line': b'\x1b[01m\x1b[K/opt/ros/humble/include/pinocchio/src/parsers/urdf/model.hxx:235:38:\x1b[m\x1b[K   required from here\n'}
[7.496635] (gim_arm_hardware) StderrLine: {'line': b'\x1b[01m\x1b[K/usr/include/boost/variant/variant.hpp:2359:41:\x1b[m\x1b[K \x1b[01;31m\x1b[Kerror: \x1b[m\x1b[Kusing invalid field \xe2\x80\x98\x1b[01m\x1b[Kboost::variant<T0, TN>::storage_\x1b[m\x1b[K\xe2\x80\x99\n'}
[7.496659] (gim_arm_hardware) StderrLine: {'line': b'/usr/include/boost/variant/variant.hpp: In instantiation of \xe2\x80\x98\x1b[01m\x1b[Ktypename Visitor::result_type boost::variant<T0, TN>::internal_apply_visitor(Visitor&) const [with Visitor = boost::detail::variant::invoke_visitor<const pinocchio::JointIdxVExtendedVisitor, false>; T0_ = pinocchio::JointModelRevoluteTpl<double, 0, 0>; TN = {pinocchio::JointModelRevoluteTpl<double, 0, 1>, pinocchio::JointModelRevoluteTpl<double, 0, 2>, pinocchio::JointModelFreeFlyerTpl<double, 0>, pinocchio::JointModelPlanarTpl<double, 0>, pinocchio::JointModelRevoluteUnalignedTpl<double, 0>, pinocchio::JointModelSphericalTpl<double, 0>, pinocchio::JointModelSphericalZYXTpl<double, 0>, pinocchio::JointModelEllipsoidTpl<double, 0>, pinocchio::JointModelPrismaticTpl<double, 0, 0>, pinocchio::JointModelPrismaticTpl<double, 0, 1>, pinocchio::JointModelPrismaticTpl<double, 0, 2>, pinocchio::JointModelPrismaticUnalignedTpl<double, 0>, pinocchio::JointModelTranslationTpl<double, 0>, pinocchio::JointModelRevoluteUnboundedTpl<double, 0, 0>, pinocchio::JointModelRevoluteUnboundedTpl<double, 0, 1>, pinocchio::JointModelRevoluteUnboundedTpl<double, 0, 2>, pinocchio::JointModelRevoluteUnboundedUnalignedTpl<double, 0>, pinocchio::JointModelHelicalTpl<double, 0, 0>, pinocchio::JointModelHelicalTpl<double, 0, 1>, pinocchio::JointModelHelicalTpl<double, 0, 2>, pinocchio::JointModelHelicalUnalignedTpl<double, 0>, pinocchio::JointModelUniversalTpl<double, 0>, boost::recursive_wrapper<pinocchio::JointModelCompositeTpl<double, 0, pinocchio::JointCollectionDefaultTpl> >, boost::recursive_wrapper<pinocchio::JointModelMimicTpl<double, 0, pinocchio::JointCollectionDefaultTpl> >}; typename Visitor::result_type = int]\x1b[m\x1b[K\xe2\x80\x99:\n'}
[7.496693] (gim_arm_hardware) StderrLine: {'line': b'\x1b[01m\x1b[K/usr/include/boost/variant/variant.hpp:2404:44:\x1b[m\x1b[K   required from \xe2\x80\x98\x1b[01m\x1b[Ktypename Visitor::result_type boost::variant<T0, TN>::apply_visitor(Visitor&) const & [with Visitor = const pinocchio::JointIdxVExtendedVisitor; T0_ = pinocchio::JointModelRevoluteTpl<double, 0, 0>; TN = {pinocchio::JointModelRevoluteTpl<double, 0, 1>, pinocchio::JointModelRevoluteTpl<double, 0, 2>, pinocchio::JointModelFreeFlyerTpl<double, 0>, pinocchio::JointModelPlanarTpl<double, 0>, pinocchio::JointModelRevoluteUnalignedTpl<double, 0>, pinocchio::JointModelSphericalTpl<double, 0>, pinocchio::JointModelSphericalZYXTpl<double, 0>, pinocchio::JointModelEllipsoidTpl<double, 0>, pinocchio::JointModelPrismaticTpl<double, 0, 0>, pinocchio::JointModelPrismaticTpl<double, 0, 1>, pinocchio::JointModelPrismaticTpl<double, 0, 2>, pinocchio::JointModelPrismaticUnalignedTpl<double, 0>, pinocchio::JointModelTranslationTpl<double, 0>, pinocchio::JointModelRevoluteUnboundedTpl<double, 0, 0>, pinocchio::JointModelRevoluteUnboundedTpl<double, 0, 1>, pinocchio::JointModelRevoluteUnboundedTpl<double, 0, 2>, pinocchio::JointModelRevoluteUnboundedUnalignedTpl<double, 0>, pinocchio::JointModelHelicalTpl<double, 0, 0>, pinocchio::JointModelHelicalTpl<double, 0, 1>, pinocchio::JointModelHelicalTpl<double, 0, 2>, pinocchio::JointModelHelicalUnalignedTpl<double, 0>, pinocchio::JointModelUniversalTpl<double, 0>, boost::recursive_wrapper<pinocchio::JointModelCompositeTpl<double, 0, pinocchio::JointCollectionDefaultTpl> >, boost::recursive_wrapper<pinocchio::JointModelMimicTpl<double, 0, pinocchio::JointCollectionDefaultTpl> >}; typename Visitor::result_type = int]\x1b[m\x1b[K\xe2\x80\x99\n'}
[7.496726] (gim_arm_hardware) StderrLine: {'line': b'\x1b[01m\x1b[K/usr/include/boost/variant/detail/apply_visitor_unary.hpp:68:64:\x1b[m\x1b[K   required from \xe2\x80\x98\x1b[01m\x1b[Ktypename Visitor::result_type boost::apply_visitor(const Visitor&, Visitable&&) [with Visitor = pinocchio::JointIdxVExtendedVisitor; Visitable = const pinocchio::JointModelTpl<double>&; typename Visitor::result_type = int]\x1b[m\x1b[K\xe2\x80\x99\n'}
[7.496751] (gim_arm_hardware) StderrLine: {'line': b'\x1b[01m\x1b[K/opt/ros/humble/include/pinocchio/src/multibody/joint/joint-basic-visitors.hxx:967:34:\x1b[m\x1b[K   required from \xe2\x80\x98\x1b[01m\x1b[Kstatic int pinocchio::JointIdxVExtendedVisitor::run(const pinocchio::JointModelTpl<Scalar, Options, JointCollectionTpl>&) [with Scalar = double; int Options = 0; JointCollectionTpl = pinocchio::JointCollectionDefaultTpl]\x1b[m\x1b[K\xe2\x80\x99\n'}
[7.496780] (gim_arm_hardware) StderrLine: {'line': b'\x1b[01m\x1b[K/opt/ros/humble/include/pinocchio/src/multibody/joint/joint-basic-visitors.hxx:974:41:\x1b[m\x1b[K   required from \xe2\x80\x98\x1b[01m\x1b[Kint pinocchio::idx_vExtended(const pinocchio::JointModelTpl<Scalar, Options, JointCollectionTpl>&) [with Scalar = double; int Options = 0; JointCollectionTpl = pinocchio::JointCollectionDefaultTpl]\x1b[m\x1b[K\xe2\x80\x99\n'}
[7.496805] (gim_arm_hardware) StderrLine: {'line': b'\x1b[01m\x1b[K/opt/ros/humble/include/pinocchio/src/multibody/joint/joint-generic.hxx:447:40:\x1b[m\x1b[K   required from \xe2\x80\x98\x1b[01m\x1b[Kint pinocchio::JointModelTpl<Scalar, Options, JointCollectionTpl>::idx_vExtended_impl() const [with _Scalar = double; int _Options = 0; JointCollectionTpl = pinocchio::JointCollectionDefaultTpl]\x1b[m\x1b[K\xe2\x80\x99\n'}
[7.496831] (gim_arm_hardware) StderrLine: {'line': b'\x1b[01m\x1b[K/opt/ros/humble/include/pinocchio/src/multibody/joint/joint-model-base.hxx:182:42:\x1b[m\x1b[K   required from \xe2\x80\x98\x1b[01m\x1b[Kint pinocchio::JointModelBase<Derived>::idx_vExtended() const [with Derived = pinocchio::JointModelTpl<double>]\x1b[m\x1b[K\xe2\x80\x99\n'}
[7.496856] (gim_arm_hardware) StderrLine: {'line': b'\x1b[01m\x1b[K/opt/ros/humble/include/pinocchio/src/multibody/model.hxx:876:57:\x1b[m\x1b[K   required from \xe2\x80\x98\x1b[01m\x1b[Kpinocchio::ModelTpl<_Scalar, _Options, JointCollectionTpl>::JointIndex pinocchio::ModelTpl<_Scalar, _Options, JointCollectionTpl>::addJoint(pinocchio::ModelTpl<_Scalar, _Options, JointCollectionTpl>::JointIndex, const JointModel&, const SE3&, const string&, const VectorXs&, const VectorXs&, const VectorXs&, const VectorXs&, const VectorXs&, const VectorXs&, const VectorXs&, const VectorXs&, const VectorXs&, const VectorXs&) [with _Scalar = double; int _Options = 0; JointCollectionTpl = pinocchio::JointCollectionDefaultTpl; pinocchio::ModelTpl<_Scalar, _Options, JointCollectionTpl>::JointIndex = long unsigned int; pinocchio::ModelTpl<_Scalar, _Options, JointCollectionTpl>::JointModel = pinocchio::JointModelTpl<double>; pinocchio::ModelTpl<_Scalar, _Options, JointCollectionTpl>::SE3 = pinocchio::SE3Tpl<double, 0>; std::string = std::__cxx11::basic_string<char>; pinocchio::ModelTpl<_Scalar, _Options, JointCollectionTpl>::VectorXs = Eigen::Matrix<double, -1, 1>]\x1b[m\x1b[K\xe2\x80\x99\n'}
[7.496891] (gim_arm_hardware) StderrLine: {'line': b'\x1b[01m\x1b[K/opt/ros/humble/include/pinocchio/src/parsers/urdf/model.hxx:235:38:\x1b[m\x1b[K   required from here\n'}
[7.496915] (gim_arm_hardware) StderrLine: {'line': b'\x1b[01m\x1b[K/usr/include/boost/variant/variant.hpp:2359:41:\x1b[m\x1b[K \x1b[01;31m\x1b[Kerror: \x1b[m\x1b[Kusing invalid field \xe2\x80\x98\x1b[01m\x1b[Kboost::variant<T0, TN>::storage_\x1b[m\x1b[K\xe2\x80\x99\n'}
[7.497993] (gim_arm_hardware) StderrLine: {'line': b'/usr/include/boost/variant/variant.hpp: In instantiation of \xe2\x80\x98\x1b[01m\x1b[Ktypename Visitor::result_type boost::variant<T0, TN>::internal_apply_visitor(Visitor&) const [with Visitor = boost::detail::variant::invoke_visitor<const pinocchio::JointIdVisitor, false>; T0_ = pinocchio::JointModelRevoluteTpl<double, 0, 0>; TN = {pinocchio::JointModelRevoluteTpl<double, 0, 1>, pinocchio::JointModelRevoluteTpl<double, 0, 2>, pinocchio::JointModelFreeFlyerTpl<double, 0>, pinocchio::JointModelPlanarTpl<double, 0>, pinocchio::JointModelRevoluteUnalignedTpl<double, 0>, pinocchio::JointModelSphericalTpl<double, 0>, pinocchio::JointModelSphericalZYXTpl<double, 0>, pinocchio::JointModelEllipsoidTpl<double, 0>, pinocchio::JointModelPrismaticTpl<double, 0, 0>, pinocchio::JointModelPrismaticTpl<double, 0, 1>, pinocchio::JointModelPrismaticTpl<double, 0, 2>, pinocchio::JointModelPrismaticUnalignedTpl<double, 0>, pinocchio::JointModelTranslationTpl<double, 0>, pinocchio::JointModelRevoluteUnboundedTpl<double, 0, 0>, pinocchio::JointModelRevoluteUnboundedTpl<double, 0, 1>, pinocchio::JointModelRevoluteUnboundedTpl<double, 0, 2>, pinocchio::JointModelRevoluteUnboundedUnalignedTpl<double, 0>, pinocchio::JointModelHelicalTpl<double, 0, 0>, pinocchio::JointModelHelicalTpl<double, 0, 1>, pinocchio::JointModelHelicalTpl<double, 0, 2>, pinocchio::JointModelHelicalUnalignedTpl<double, 0>, pinocchio::JointModelUniversalTpl<double, 0>, boost::recursive_wrapper<pinocchio::JointModelCompositeTpl<double, 0, pinocchio::JointCollectionDefaultTpl> >, boost::recursive_wrapper<pinocchio::JointModelMimicTpl<double, 0, pinocchio::JointCollectionDefaultTpl> >}; typename Visitor::result_type = long unsigned int]\x1b[m\x1b[K\xe2\x80\x99:\n'}
[7.498173] (gim_arm_hardware) StderrLine: {'line': b'\x1b[01m\x1b[K/usr/include/boost/variant/variant.hpp:2404:44:\x1b[m\x1b[K   required from \xe2\x80\x98\x1b[01m\x1b[Ktypename Visitor::result_type boost::variant<T0, TN>::apply_visitor(Visitor&) const & [with Visitor = const pinocchio::JointIdVisitor; T0_ = pinocchio::JointModelRevoluteTpl<double, 0, 0>; TN = {pinocchio::JointModelRevoluteTpl<double, 0, 1>, pinocchio::JointModelRevoluteTpl<double, 0, 2>, pinocchio::JointModelFreeFlyerTpl<double, 0>, pinocchio::JointModelPlanarTpl<double, 0>, pinocchio::JointModelRevoluteUnalignedTpl<double, 0>, pinocchio::JointModelSphericalTpl<double, 0>, pinocchio::JointModelSphericalZYXTpl<double, 0>, pinocchio::JointModelEllipsoidTpl<double, 0>, pinocchio::JointModelPrismaticTpl<double, 0, 0>, pinocchio::JointModelPrismaticTpl<double, 0, 1>, pinocchio::JointModelPrismaticTpl<double, 0, 2>, pinocchio::JointModelPrismaticUnalignedTpl<double, 0>, pinocchio::JointModelTranslationTpl<double, 0>, pinocchio::JointModelRevoluteUnboundedTpl<double, 0, 0>, pinocchio::JointModelRevoluteUnboundedTpl<double, 0, 1>, pinocchio::JointModelRevoluteUnboundedTpl<double, 0, 2>, pinocchio::JointModelRevoluteUnboundedUnalignedTpl<double, 0>, pinocchio::JointModelHelicalTpl<double, 0, 0>, pinocchio::JointModelHelicalTpl<double, 0, 1>, pinocchio::JointModelHelicalTpl<double, 0, 2>, pinocchio::JointModelHelicalUnalignedTpl<double, 0>, pinocchio::JointModelUniversalTpl<double, 0>, boost::recursive_wrapper<pinocchio::JointModelCompositeTpl<double, 0, pinocchio::JointCollectionDefaultTpl> >, boost::recursive_wrapper<pinocchio::JointModelMimicTpl<double, 0, pinocchio::JointCollectionDefaultTpl> >}; typename Visitor::result_type = long unsigned int]\x1b[m\x1b[K\xe2\x80\x99\n'}
[7.498268] (gim_arm_hardware) StderrLine: {'line': b'\x1b[01m\x1b[K/usr/include/boost/variant/detail/apply_visitor_unary.hpp:68:64:\x1b[m\x1b[K   required from \xe2\x80\x98\x1b[01m\x1b[Ktypename Visitor::result_type boost::apply_visitor(const Visitor&, Visitable&&) [with Visitor = pinocchio::JointIdVisitor; Visitable = const pinocchio::JointModelTpl<double>&; typename Visitor::result_type = long unsigned int]\x1b[m\x1b[K\xe2\x80\x99\n'}
[7.498344] (gim_arm_hardware) StderrLine: {'line': b'\x1b[01m\x1b[K/opt/ros/humble/include/pinocchio/src/multibody/joint/joint-basic-visitors.hxx:991:34:\x1b[m\x1b[K   required from \xe2\x80\x98\x1b[01m\x1b[Kstatic pinocchio::JointIndex pinocchio::JointIdVisitor::run(const pinocchio::JointModelTpl<Scalar, Options, JointCollectionTpl>&) [with Scalar = double; int Options = 0; JointCollectionTpl = pinocchio::JointCollectionDefaultTpl; pinocchio::JointIndex = long unsigned int]\x1b[m\x1b[K\xe2\x80\x99\n'}
[7.498410] (gim_arm_hardware) StderrLine: {'line': b'\x1b[01m\x1b[K/opt/ros/humble/include/pinocchio/src/multibody/joint/joint-basic-visitors.hxx:998:31:\x1b[m\x1b[K   required from \xe2\x80\x98\x1b[01m\x1b[Kpinocchio::JointIndex pinocchio::id(const pinocchio::JointModelTpl<Scalar, Options, JointCollectionTpl>&) [with Scalar = double; int Options = 0; JointCollectionTpl = pinocchio::JointCollectionDefaultTpl; pinocchio::JointIndex = long unsigned int]\x1b[m\x1b[K\xe2\x80\x99\n'}
[7.498466] (gim_arm_hardware) StderrLine: {'line': b'\x1b[01m\x1b[K/opt/ros/humble/include/pinocchio/src/multibody/joint/joint-generic.hxx:452:29:\x1b[m\x1b[K   required from \xe2\x80\x98\x1b[01m\x1b[Kpinocchio::JointIndex pinocchio::JointModelTpl<Scalar, Options, JointCollectionTpl>::id_impl() const [with _Scalar = double; int _Options = 0; JointCollectionTpl = pinocchio::JointCollectionDefaultTpl; pinocchio::JointIndex = long unsigned int]\x1b[m\x1b[K\xe2\x80\x99\n'}
[7.498535] (gim_arm_hardware) StderrLine: {'line': b'\x1b[01m\x1b[K/opt/ros/humble/include/pinocchio/src/multibody/joint/joint-model-base.hxx:186:31:\x1b[m\x1b[K   required from \xe2\x80\x98\x1b[01m\x1b[Kpinocchio::JointIndex pinocchio::JointModelBase<Derived>::id() const [with Derived = pinocchio::JointModelTpl<double>; pinocchio::JointIndex = long unsigned int]\x1b[m\x1b[K\xe2\x80\x99\n'}
[7.498590] (gim_arm_hardware) StderrLine: {'line': b'\x1b[01m\x1b[K/opt/ros/humble/include/pinocchio/src/multibody/model.hxx:981:43:\x1b[m\x1b[K   required from \xe2\x80\x98\x1b[01m\x1b[Kpinocchio::ModelTpl<_Scalar, _Options, JointCollectionTpl>::JointIndex pinocchio::ModelTpl<_Scalar, _Options, JointCollectionTpl>::addJoint(pinocchio::ModelTpl<_Scalar, _Options, JointCollectionTpl>::JointIndex, const JointModel&, const SE3&, const string&, const VectorXs&, const VectorXs&, const VectorXs&, const VectorXs&, const VectorXs&, const VectorXs&, const VectorXs&, const VectorXs&, const VectorXs&, const VectorXs&) [with _Scalar = double; int _Options = 0; JointCollectionTpl = pinocchio::JointCollectionDefaultTpl; pinocchio::ModelTpl<_Scalar, _Options, JointCollectionTpl>::JointIndex = long unsigned int; pinocchio::ModelTpl<_Scalar, _Options, JointCollectionTpl>::JointModel = pinocchio::JointModelTpl<double>; pinocchio::ModelTpl<_Scalar, _Options, JointCollectionTpl>::SE3 = pinocchio::SE3Tpl<double, 0>; std::string = std::__cxx11::basic_string<char>; pinocchio::ModelTpl<_Scalar, _Options, JointCollectionTpl>::VectorXs = Eigen::Matrix<double, -1, 1>]\x1b[m\x1b[K\xe2\x80\x99\n'}
[7.498654] (gim_arm_hardware) StderrLine: {'line': b'\x1b[01m\x1b[K/opt/ros/humble/include/pinocchio/src/parsers/urdf/model.hxx:235:38:\x1b[m\x1b[K   required from here\n'}
[7.498710] (gim_arm_hardware) StderrLine: {'line': b'\x1b[01m\x1b[K/usr/include/boost/variant/variant.hpp:2359:41:\x1b[m\x1b[K \x1b[01;31m\x1b[Kerror: \x1b[m\x1b[Kusing invalid field \xe2\x80\x98\x1b[01m\x1b[Kboost::variant<T0, TN>::storage_\x1b[m\x1b[K\xe2\x80\x99\n'}
[7.520756] (-) TimerEvent: {}
[7.576320] (gim_arm_hardware) StderrLine: {'line': b'/usr/include/boost/variant/variant.hpp: In instantiation of \xe2\x80\x98\x1b[01m\x1b[Ktypename Visitor::result_type boost::variant<T0, TN>::internal_apply_visitor(Visitor&) const [with Visitor = boost::detail::variant::invoke_visitor<pinocchio::fusion::JointUnaryVisitorBase<pinocchio::NeutralStep<pinocchio::LieGroupMap, Eigen::Matrix<double, -1, 1> >, void>::InternalVisitorModel<boost::fusion::vector<Eigen::Matrix<double, -1, 1, 0, -1, 1>&>, void>, false>; T0_ = pinocchio::JointModelRevoluteTpl<double, 0, 0>; TN = {pinocchio::JointModelRevoluteTpl<double, 0, 1>, pinocchio::JointModelRevoluteTpl<double, 0, 2>, pinocchio::JointModelFreeFlyerTpl<double, 0>, pinocchio::JointModelPlanarTpl<double, 0>, pinocchio::JointModelRevoluteUnalignedTpl<double, 0>, pinocchio::JointModelSphericalTpl<double, 0>, pinocchio::JointModelSphericalZYXTpl<double, 0>, pinocchio::JointModelEllipsoidTpl<double, 0>, pinocchio::JointModelPrismaticTpl<double, 0, 0>, pinocchio::JointModelPrismaticTpl<double, 0, 1>, pinocchio::JointModelPrismaticTpl<double, 0, 2>, pinocchio::JointModelPrismaticUnalignedTpl<double, 0>, pinocchio::JointModelTranslationTpl<double, 0>, pinocchio::JointModelRevoluteUnboundedTpl<double, 0, 0>, pinocchio::JointModelRevoluteUnboundedTpl<double, 0, 1>, pinocchio::JointModelRevoluteUnboundedTpl<double, 0, 2>, pinocchio::JointModelRevoluteUnboundedUnalignedTpl<double, 0>, pinocchio::JointModelHelicalTpl<double, 0, 0>, pinocchio::JointModelHelicalTpl<double, 0, 1>, pinocchio::JointModelHelicalTpl<double, 0, 2>, pinocchio::JointModelHelicalUnalignedTpl<double, 0>, pinocchio::JointModelUniversalTpl<double, 0>, boost::recursive_wrapper<pinocchio::JointModelCompositeTpl<double, 0, pinocchio::JointCollectionDefaultTpl> >, boost::recursive_wrapper<pinocchio::JointModelMimicTpl<double, 0, pinocchio::JointCollectionDefaultTpl> >}; typename Visitor::result_type = void]\x1b[m\x1b[K\xe2\x80\x99:\n'}
[7.576607] (gim_arm_hardware) StderrLine: {'line': b'\x1b[01m\x1b[K/usr/include/boost/variant/variant.hpp:2404:44:\x1b[m\x1b[K   required from \xe2\x80\x98\x1b[01m\x1b[Ktypename Visitor::result_type boost::variant<T0, TN>::apply_visitor(Visitor&) const & [with Visitor = pinocchio::fusion::JointUnaryVisitorBase<pinocchio::NeutralStep<pinocchio::LieGroupMap, Eigen::Matrix<double, -1, 1> >, void>::InternalVisitorModel<boost::fusion::vector<Eigen::Matrix<double, -1, 1, 0, -1, 1>&>, void>; T0_ = pinocchio::JointModelRevoluteTpl<double, 0, 0>; TN = {pinocchio::JointModelRevoluteTpl<double, 0, 1>, pinocchio::JointModelRevoluteTpl<double, 0, 2>, pinocchio::JointModelFreeFlyerTpl<double, 0>, pinocchio::JointModelPlanarTpl<double, 0>, pinocchio::JointModelRevoluteUnalignedTpl<double, 0>, pinocchio::JointModelSphericalTpl<double, 0>, pinocchio::JointModelSphericalZYXTpl<double, 0>, pinocchio::JointModelEllipsoidTpl<double, 0>, pinocchio::JointModelPrismaticTpl<double, 0, 0>, pinocchio::JointModelPrismaticTpl<double, 0, 1>, pinocchio::JointModelPrismaticTpl<double, 0, 2>, pinocchio::JointModelPrismaticUnalignedTpl<double, 0>, pinocchio::JointModelTranslationTpl<double, 0>, pinocchio::JointModelRevoluteUnboundedTpl<double, 0, 0>, pinocchio::JointModelRevoluteUnboundedTpl<double, 0, 1>, pinocchio::JointModelRevoluteUnboundedTpl<double, 0, 2>, pinocchio::JointModelRevoluteUnboundedUnalignedTpl<double, 0>, pinocchio::JointModelHelicalTpl<double, 0, 0>, pinocchio::JointModelHelicalTpl<double, 0, 1>, pinocchio::JointModelHelicalTpl<double, 0, 2>, pinocchio::JointModelHelicalUnalignedTpl<double, 0>, pinocchio::JointModelUniversalTpl<double, 0>, boost::recursive_wrapper<pinocchio::JointModelCompositeTpl<double, 0, pinocchio::JointCollectionDefaultTpl> >, boost::recursive_wrapper<pinocchio::JointModelMimicTpl<double, 0, pinocchio::JointCollectionDefaultTpl> >}; typename Visitor::result_type = void]\x1b[m\x1b[K\xe2\x80\x99\n'}
[7.576731] (gim_arm_hardware) StderrLine: {'line': b'\x1b[01m\x1b[K/usr/include/boost/variant/detail/apply_visitor_unary.hpp:48:64:\x1b[m\x1b[K   required from \xe2\x80\x98\x1b[01m\x1b[Ktypename Visitor::result_type boost::apply_visitor(Visitor&, Visitable&&) [with Visitor = pinocchio::fusion::JointUnaryVisitorBase<pinocchio::NeutralStep<pinocchio::LieGroupMap, Eigen::Matrix<double, -1, 1> >, void>::InternalVisitorModel<boost::fusion::vector<Eigen::Matrix<double, -1, 1, 0, -1, 1>&>, void>; Visitable = const pinocchio::JointModelTpl<double>&; typename Visitor::result_type = void]\x1b[m\x1b[K\xe2\x80\x99\n'}
[7.576808] (gim_arm_hardware) StderrLine: {'line': b'\x1b[01m\x1b[K/opt/ros/humble/include/pinocchio/src/multibody/visitor/joint-unary-visitor.hxx:162:36:\x1b[m\x1b[K   required from \xe2\x80\x98\x1b[01m\x1b[Kstatic ReturnType pinocchio::fusion::JointUnaryVisitorBase<JointVisitorDerived, ReturnType>::run(const pinocchio::JointModelTpl<Scalar, Options, JointCollectionTpl>&, ArgsTmp) [with Scalar = double; int Options = 0; JointCollectionTpl = pinocchio::JointCollectionDefaultTpl; ArgsTmp = boost::fusion::vector<Eigen::Matrix<double, -1, 1, 0, -1, 1>&>; JointVisitorDerived = pinocchio::NeutralStep<pinocchio::LieGroupMap, Eigen::Matrix<double, -1, 1> >; ReturnType = void]\x1b[m\x1b[K\xe2\x80\x99\n'}
[7.576894] (gim_arm_hardware) StderrLine: {'line': b'\x1b[01m\x1b[K/opt/ros/humble/include/pinocchio/src/algorithm/joint-configuration.hxx:200:47:\x1b[m\x1b[K   required from \xe2\x80\x98\x1b[01m\x1b[Kvoid pinocchio::neutral(const pinocchio::ModelTpl<Scalar, Options, JointCollectionTpl>&, const Eigen::MatrixBase<Vector3Like>&) [with LieGroup_t = pinocchio::LieGroupMap; Scalar = double; int Options = 0; JointCollectionTpl = pinocchio::JointCollectionDefaultTpl; ReturnType = Eigen::Matrix<double, -1, 1>; typename std::enable_if<is_lie_group_map_v<LieGroup_t>, int>::type <anonymous> = 0]\x1b[m\x1b[K\xe2\x80\x99\n'}
[7.576969] (gim_arm_hardware) StderrLine: {'line': b'\x1b[01m\x1b[K/opt/ros/humble/include/pinocchio/src/algorithm/joint-configuration.hxx:814:73:\x1b[m\x1b[K   required from \xe2\x80\x98\x1b[01m\x1b[KEigen::Matrix<Scalar, -1, 1, Options> pinocchio::neutral(const pinocchio::ModelTpl<Scalar, Options, JointCollectionTpl>&) [with LieGroup_t = pinocchio::LieGroupMap; Scalar = double; int Options = 0; JointCollectionTpl = pinocchio::JointCollectionDefaultTpl; typename std::enable_if<is_lie_group_map_v<LieGroup_t>, int>::type <anonymous> = 0]\x1b[m\x1b[K\xe2\x80\x99\n'}
[7.577038] (gim_arm_hardware) StderrLine: {'line': b'\x1b[01m\x1b[K/opt/ros/humble/include/pinocchio/algorithm/joint-configuration.hpp:1793:69:\x1b[m\x1b[K   required from \xe2\x80\x98\x1b[01m\x1b[KEigen::Matrix<Scalar, -1, 1, Options> pinocchio::neutral(const pinocchio::ModelTpl<Scalar, Options, JointCollectionTpl>&) [with Scalar = double; int Options = 0; JointCollectionTpl = pinocchio::JointCollectionDefaultTpl]\x1b[m\x1b[K\xe2\x80\x99\n'}
[7.577103] (gim_arm_hardware) StderrLine: {'line': b'\x1b[01m\x1b[K/opt/ros/humble/include/pinocchio/src/multibody/data.hxx:660:17:\x1b[m\x1b[K   required from \xe2\x80\x98\x1b[01m\x1b[Kpinocchio::DataTpl<_Scalar, _Options, JointCollectionTpl>::DataTpl(const Model&) [with _Scalar = double; int _Options = 0; JointCollectionTpl = pinocchio::JointCollectionDefaultTpl; pinocchio::DataTpl<_Scalar, _Options, JointCollectionTpl>::Model = pinocchio::ModelTpl<double, 0>]\x1b[m\x1b[K\xe2\x80\x99\n'}
[7.577167] (gim_arm_hardware) StderrLine: {'line': b'\x1b[01m\x1b[K/usr/include/c++/11/bits/unique_ptr.h:962:30:\x1b[m\x1b[K   required from \xe2\x80\x98\x1b[01m\x1b[Ktypename std::_MakeUniq<_Tp>::__single_object std::make_unique(_Args&& ...) [with _Tp = pinocchio::DataTpl<double, 0>; _Args = {pinocchio::ModelTpl<double, 0, pinocchio::JointCollectionDefaultTpl>&}; typename std::_MakeUniq<_Tp>::__single_object = std::unique_ptr<pinocchio::DataTpl<double, 0> >]\x1b[m\x1b[K\xe2\x80\x99\n'}
[7.577232] (gim_arm_hardware) StderrLine: {'line': b'\x1b[01m\x1b[K/home/minh/gim60108_ws/src/gim_arm_hardware/src/gim_arm_system.cpp:134:52:\x1b[m\x1b[K   required from here\n'}
[7.577298] (gim_arm_hardware) StderrLine: {'line': b'\x1b[01m\x1b[K/usr/include/boost/variant/variant.hpp:2359:41:\x1b[m\x1b[K \x1b[01;31m\x1b[Kerror: \x1b[m\x1b[Kusing invalid field \xe2\x80\x98\x1b[01m\x1b[Kboost::variant<T0, TN>::storage_\x1b[m\x1b[K\xe2\x80\x99\n'}
[7.584285] (gim_arm_hardware) StderrLine: {'line': b'/usr/include/boost/variant/variant.hpp: In instantiation of \xe2\x80\x98\x1b[01m\x1b[Kboost::variant<T0, TN>::variant(const boost::variant<T0, TN>&) [with T0_ = pinocchio::JointDataRevoluteTpl<double, 0, 0>; TN = {pinocchio::JointDataRevoluteTpl<double, 0, 1>, pinocchio::JointDataRevoluteTpl<double, 0, 2>, pinocchio::JointDataFreeFlyerTpl<double, 0>, pinocchio::JointDataPlanarTpl<double, 0>, pinocchio::JointDataRevoluteUnalignedTpl<double, 0>, pinocchio::JointDataSphericalTpl<double, 0>, pinocchio::JointDataSphericalZYXTpl<double, 0>, pinocchio::JointDataEllipsoidTpl<double, 0>, pinocchio::JointDataPrismaticTpl<double, 0, 0>, pinocchio::JointDataPrismaticTpl<double, 0, 1>, pinocchio::JointDataPrismaticTpl<double, 0, 2>, pinocchio::JointDataPrismaticUnalignedTpl<double, 0>, pinocchio::JointDataTranslationTpl<double, 0>, pinocchio::JointDataRevoluteUnboundedTpl<double, 0, 0>, pinocchio::JointDataRevoluteUnboundedTpl<double, 0, 1>, pinocchio::JointDataRevoluteUnboundedTpl<double, 0, 2>, pinocchio::JointDataRevoluteUnboundedUnalignedTpl<double, 0>, pinocchio::JointDataHelicalTpl<double, 0, 0>, pinocchio::JointDataHelicalTpl<double, 0, 1>, pinocchio::JointDataHelicalTpl<double, 0, 2>, pinocchio::JointDataHelicalUnalignedTpl<double, 0>, pinocchio::JointDataUniversalTpl<double, 0>, boost::recursive_wrapper<pinocchio::JointDataCompositeTpl<double, 0, pinocchio::JointCollectionDefaultTpl> >, boost::recursive_wrapper<pinocchio::JointDataMimicTpl<double, 0, pinocchio::JointCollectionDefaultTpl> >}]\x1b[m\x1b[K\xe2\x80\x99:\n'}
[7.584621] (gim_arm_hardware) StderrLine: {'line': b'\x1b[01m\x1b[K/opt/ros/humble/include/pinocchio/src/multibody/joint/joint-generic.hxx:88:10:\x1b[m\x1b[K   required from \xe2\x80\x98\x1b[01m\x1b[Kvoid std::_Construct(_Tp*, _Args&& ...) [with _Tp = pinocchio::JointDataTpl<double>; _Args = {const pinocchio::JointDataTpl<double, 0, pinocchio::JointCollectionDefaultTpl>&}]\x1b[m\x1b[K\xe2\x80\x99\n'}
[7.584731] (gim_arm_hardware) StderrLine: {'line': b'\x1b[01m\x1b[K/usr/include/c++/11/bits/stl_uninitialized.h:92:18:\x1b[m\x1b[K   required from \xe2\x80\x98\x1b[01m\x1b[Kstatic _ForwardIterator std::__uninitialized_copy<_TrivialValueTypes>::__uninit_copy(_InputIterator, _InputIterator, _ForwardIterator) [with _InputIterator = const pinocchio::JointDataTpl<double>*; _ForwardIterator = pinocchio::JointDataTpl<double>*; bool _TrivialValueTypes = false]\x1b[m\x1b[K\xe2\x80\x99\n'}
[7.584807] (gim_arm_hardware) StderrLine: {'line': b'\x1b[01m\x1b[K/usr/include/c++/11/bits/stl_uninitialized.h:151:15:\x1b[m\x1b[K   required from \xe2\x80\x98\x1b[01m\x1b[K_ForwardIterator std::uninitialized_copy(_InputIterator, _InputIterator, _ForwardIterator) [with _InputIterator = const pinocchio::JointDataTpl<double>*; _ForwardIterator = pinocchio::JointDataTpl<double>*]\x1b[m\x1b[K\xe2\x80\x99\n'}
[7.584875] (gim_arm_hardware) StderrLine: {'line': b'\x1b[01m\x1b[K/usr/include/c++/11/bits/stl_uninitialized.h:333:37:\x1b[m\x1b[K   required from \xe2\x80\x98\x1b[01m\x1b[K_ForwardIterator std::__uninitialized_copy_a(_InputIterator, _InputIterator, _ForwardIterator, std::allocator<_Tp>&) [with _InputIterator = const pinocchio::JointDataTpl<double>*; _ForwardIterator = pinocchio::JointDataTpl<double>*; _Tp = pinocchio::JointDataTpl<double>]\x1b[m\x1b[K\xe2\x80\x99\n'}
[7.584941] (gim_arm_hardware) StderrLine: {'line': b'\x1b[01m\x1b[K/usr/include/c++/11/bits/stl_vector.h:1514:35:\x1b[m\x1b[K   required from \xe2\x80\x98\x1b[01m\x1b[Kstd::vector<_Tp, _Alloc>::pointer std::vector<_Tp, _Alloc>::_M_allocate_and_copy(std::vector<_Tp, _Alloc>::size_type, _ForwardIterator, _ForwardIterator) [with _ForwardIterator = const pinocchio::JointDataTpl<double>*; _Tp = pinocchio::JointDataTpl<double>; _Alloc = std::allocator<pinocchio::JointDataTpl<double> >; std::vector<_Tp, _Alloc>::pointer = pinocchio::JointDataTpl<double>*; std::vector<_Tp, _Alloc>::size_type = long unsigned int]\x1b[m\x1b[K\xe2\x80\x99\n'}
[7.584968] (gim_arm_hardware) StderrLine: {'line': b'\x1b[01m\x1b[K/usr/include/c++/11/bits/vector.tcc:85:36:\x1b[m\x1b[K   required from \xe2\x80\x98\x1b[01m\x1b[Kvoid std::vector<_Tp, _Alloc>::reserve(std::vector<_Tp, _Alloc>::size_type) [with _Tp = pinocchio::JointDataTpl<double>; _Alloc = std::allocator<pinocchio::JointDataTpl<double> >; std::vector<_Tp, _Alloc>::size_type = long unsigned int]\x1b[m\x1b[K\xe2\x80\x99\n'}
[7.584993] (gim_arm_hardware) StderrLine: {'line': b'\x1b[01m\x1b[K/opt/ros/humble/include/pinocchio/src/multibody/data.hxx:798:19:\x1b[m\x1b[K   required from \xe2\x80\x98\x1b[01m\x1b[Kpinocchio::DataTpl<_Scalar, _Options, JointCollectionTpl>::DataTpl(const Model&) [with _Scalar = double; int _Options = 0; JointCollectionTpl = pinocchio::JointCollectionDefaultTpl; pinocchio::DataTpl<_Scalar, _Options, JointCollectionTpl>::Model = pinocchio::ModelTpl<double, 0>]\x1b[m\x1b[K\xe2\x80\x99\n'}
[7.585025] (gim_arm_hardware) StderrLine: {'line': b'\x1b[01m\x1b[K/usr/include/c++/11/bits/unique_ptr.h:962:30:\x1b[m\x1b[K   required from \xe2\x80\x98\x1b[01m\x1b[Ktypename std::_MakeUniq<_Tp>::__single_object std::make_unique(_Args&& ...) [with _Tp = pinocchio::DataTpl<double, 0>; _Args = {pinocchio::ModelTpl<double, 0, pinocchio::JointCollectionDefaultTpl>&}; typename std::_MakeUniq<_Tp>::__single_object = std::unique_ptr<pinocchio::DataTpl<double, 0> >]\x1b[m\x1b[K\xe2\x80\x99\n'}
[7.585050] (gim_arm_hardware) StderrLine: {'line': b'\x1b[01m\x1b[K/home/minh/gim60108_ws/src/gim_arm_hardware/src/gim_arm_system.cpp:134:52:\x1b[m\x1b[K   required from here\n'}
[7.585075] (gim_arm_hardware) StderrLine: {'line': b'\x1b[01m\x1b[K/usr/include/boost/variant/variant.hpp:1762:45:\x1b[m\x1b[K \x1b[01;31m\x1b[Kerror: \x1b[m\x1b[Kusing invalid field \xe2\x80\x98\x1b[01m\x1b[Kboost::variant<T0, TN>::storage_\x1b[m\x1b[K\xe2\x80\x99\n'}
[7.585101] (gim_arm_hardware) StderrLine: {'line': b' 1762 |         detail::variant::copy_into visitor( \x1b[01;31m\x1b[Kstorage_\x1b[m\x1b[K.address() );\n'}
[7.585125] (gim_arm_hardware) StderrLine: {'line': b'      |                                             \x1b[01;31m\x1b[K^~~~~~~~\x1b[m\x1b[K\n'}
[7.616677] (gim_arm_hardware) StderrLine: {'line': b'/usr/include/boost/variant/variant.hpp: In instantiation of \xe2\x80\x98\x1b[01m\x1b[Kboost::variant<T0, TN>::variant() [with T0_ = pinocchio::JointModelRevoluteTpl<double, 0, 0>; TN = {pinocchio::JointModelRevoluteTpl<double, 0, 1>, pinocchio::JointModelRevoluteTpl<double, 0, 2>, pinocchio::JointModelFreeFlyerTpl<double, 0>, pinocchio::JointModelPlanarTpl<double, 0>, pinocchio::JointModelRevoluteUnalignedTpl<double, 0>, pinocchio::JointModelSphericalTpl<double, 0>, pinocchio::JointModelSphericalZYXTpl<double, 0>, pinocchio::JointModelEllipsoidTpl<double, 0>, pinocchio::JointModelPrismaticTpl<double, 0, 0>, pinocchio::JointModelPrismaticTpl<double, 0, 1>, pinocchio::JointModelPrismaticTpl<double, 0, 2>, pinocchio::JointModelPrismaticUnalignedTpl<double, 0>, pinocchio::JointModelTranslationTpl<double, 0>, pinocchio::JointModelRevoluteUnboundedTpl<double, 0, 0>, pinocchio::JointModelRevoluteUnboundedTpl<double, 0, 1>, pinocchio::JointModelRevoluteUnboundedTpl<double, 0, 2>, pinocchio::JointModelRevoluteUnboundedUnalignedTpl<double, 0>, pinocchio::JointModelHelicalTpl<double, 0, 0>, pinocchio::JointModelHelicalTpl<double, 0, 1>, pinocchio::JointModelHelicalTpl<double, 0, 2>, pinocchio::JointModelHelicalUnalignedTpl<double, 0>, pinocchio::JointModelUniversalTpl<double, 0>, boost::recursive_wrapper<pinocchio::JointModelCompositeTpl<double, 0, pinocchio::JointCollectionDefaultTpl> >, boost::recursive_wrapper<pinocchio::JointModelMimicTpl<double, 0, pinocchio::JointCollectionDefaultTpl> >}]\x1b[m\x1b[K\xe2\x80\x99:\n'}
[7.616854] (gim_arm_hardware) StderrLine: {'line': b'\x1b[01m\x1b[K/opt/ros/humble/include/pinocchio/src/multibody/joint/joint-generic.hxx:275:25:\x1b[m\x1b[K   required from \xe2\x80\x98\x1b[01m\x1b[Kpinocchio::JointModelTpl<Scalar, Options, JointCollectionTpl>::JointModelTpl() [with _Scalar = double; int _Options = 0; JointCollectionTpl = pinocchio::JointCollectionDefaultTpl]\x1b[m\x1b[K\xe2\x80\x99\n'}
[7.616891] (gim_arm_hardware) StderrLine: {'line': b'\x1b[01m\x1b[K/usr/include/c++/11/bits/stl_construct.h:119:7:\x1b[m\x1b[K   required from \xe2\x80\x98\x1b[01m\x1b[Kvoid std::_Construct(_Tp*, _Args&& ...) [with _Tp = pinocchio::JointModelTpl<double>; _Args = {}]\x1b[m\x1b[K\xe2\x80\x99\n'}
[7.616920] (gim_arm_hardware) StderrLine: {'line': b'\x1b[01m\x1b[K/usr/include/c++/11/bits/stl_uninitialized.h:579:18:\x1b[m\x1b[K   required from \xe2\x80\x98\x1b[01m\x1b[Kstatic _ForwardIterator std::__uninitialized_default_n_1<_TrivialValueType>::__uninit_default_n(_ForwardIterator, _Size) [with _ForwardIterator = pinocchio::JointModelTpl<double>*; _Size = long unsigned int; bool _TrivialValueType = false]\x1b[m\x1b[K\xe2\x80\x99\n'}
[7.616949] (gim_arm_hardware) StderrLine: {'line': b'\x1b[01m\x1b[K/usr/include/c++/11/bits/stl_uninitialized.h:640:20:\x1b[m\x1b[K   required from \xe2\x80\x98\x1b[01m\x1b[K_ForwardIterator std::__uninitialized_default_n(_ForwardIterator, _Size) [with _ForwardIterator = pinocchio::JointModelTpl<double>*; _Size = long unsigned int]\x1b[m\x1b[K\xe2\x80\x99\n'}
[7.616975] (gim_arm_hardware) StderrLine: {'line': b'\x1b[01m\x1b[K/usr/include/c++/11/bits/stl_uninitialized.h:704:44:\x1b[m\x1b[K   required from \xe2\x80\x98\x1b[01m\x1b[K_ForwardIterator std::__uninitialized_default_n_a(_ForwardIterator, _Size, std::allocator<_Tp>&) [with _ForwardIterator = pinocchio::JointModelTpl<double>*; _Size = long unsigned int; _Tp = pinocchio::JointModelTpl<double>]\x1b[m\x1b[K\xe2\x80\x99\n'}
[7.617000] (gim_arm_hardware) StderrLine: {'line': b'\x1b[01m\x1b[K/usr/include/c++/11/bits/stl_vector.h:1606:36:\x1b[m\x1b[K   required from \xe2\x80\x98\x1b[01m\x1b[Kvoid std::vector<_Tp, _Alloc>::_M_default_initialize(std::vector<_Tp, _Alloc>::size_type) [with _Tp = pinocchio::JointModelTpl<double>; _Alloc = std::allocator<pinocchio::JointModelTpl<double> >; std::vector<_Tp, _Alloc>::size_type = long unsigned int]\x1b[m\x1b[K\xe2\x80\x99\n'}
[7.617027] (gim_arm_hardware) StderrLine: {'line': b'\x1b[01m\x1b[K/usr/include/c++/11/bits/stl_vector.h:512:9:\x1b[m\x1b[K   required from \xe2\x80\x98\x1b[01m\x1b[Kstd::vector<_Tp, _Alloc>::vector(std::vector<_Tp, _Alloc>::size_type, const allocator_type&) [with _Tp = pinocchio::JointModelTpl<double>; _Alloc = std::allocator<pinocchio::JointModelTpl<double> >; std::vector<_Tp, _Alloc>::size_type = long unsigned int; std::vector<_Tp, _Alloc>::allocator_type = std::allocator<pinocchio::JointModelTpl<double> >]\x1b[m\x1b[K\xe2\x80\x99\n'}
[7.617051] (gim_arm_hardware) StderrLine: {'line': b'\x1b[01m\x1b[K/opt/ros/humble/include/pinocchio/src/multibody/model.hxx:262:7:\x1b[m\x1b[K   required from \xe2\x80\x98\x1b[01m\x1b[Kpinocchio::ModelTpl<_Scalar, _Options, JointCollectionTpl>::ModelTpl() [with _Scalar = double; int _Options = 0; JointCollectionTpl = pinocchio::JointCollectionDefaultTpl]\x1b[m\x1b[K\xe2\x80\x99\n'}
[7.617075] (gim_arm_hardware) StderrLine: {'line': b'\x1b[01m\x1b[K/usr/include/c++/11/bits/unique_ptr.h:962:30:\x1b[m\x1b[K   required from \xe2\x80\x98\x1b[01m\x1b[Ktypename std::_MakeUniq<_Tp>::__single_object std::make_unique(_Args&& ...) [with _Tp = pinocchio::ModelTpl<double, 0>; _Args = {}; typename std::_MakeUniq<_Tp>::__single_object = std::unique_ptr<pinocchio::ModelTpl<double, 0> >]\x1b[m\x1b[K\xe2\x80\x99\n'}
[7.617098] (gim_arm_hardware) StderrLine: {'line': b'\x1b[01m\x1b[K/home/minh/gim60108_ws/src/gim_arm_hardware/src/gim_arm_system.cpp:132:54:\x1b[m\x1b[K   required from here\n'}
[7.617123] (gim_arm_hardware) StderrLine: {'line': b'\x1b[01m\x1b[K/usr/include/boost/variant/variant.hpp:1390:14:\x1b[m\x1b[K \x1b[01;31m\x1b[Kerror: \x1b[m\x1b[Kusing invalid field \xe2\x80\x98\x1b[01m\x1b[Kboost::variant<T0, TN>::storage_\x1b[m\x1b[K\xe2\x80\x99\n'}
[7.617146] (gim_arm_hardware) StderrLine: {'line': b' 1390 |         new( \x1b[01;31m\x1b[Kstorage_\x1b[m\x1b[K.address() ) internal_T0();\n'}
[7.617171] (gim_arm_hardware) StderrLine: {'line': b'      |              \x1b[01;31m\x1b[K^~~~~~~~\x1b[m\x1b[K\n'}
[7.620820] (-) TimerEvent: {}
[7.721033] (-) TimerEvent: {}
[7.821369] (-) TimerEvent: {}
[7.921706] (-) TimerEvent: {}
[8.022044] (-) TimerEvent: {}
[8.068638] (gim_arm_hardware) StderrLine: {'line': b'gmake[2]: *** [CMakeFiles/gim_arm_system_hardware.dir/build.make:79: CMakeFiles/gim_arm_system_hardware.dir/src/gim_arm_system.cpp.o] Error 1\n'}
[8.069179] (gim_arm_hardware) StderrLine: {'line': b'gmake[1]: *** [CMakeFiles/Makefile2:153: CMakeFiles/gim_arm_system_hardware.dir/all] Error 2\n'}
[8.069633] (gim_arm_hardware) StderrLine: {'line': b'gmake: *** [Makefile:146: all] Error 2\n'}
[8.071776] (gim_arm_hardware) CommandEnded: {'returncode': 2}
[8.077125] (gim_arm_hardware) JobEnded: {'identifier': 'gim_arm_hardware', 'rc': 2}
[8.087541] (-) EventReactorShutdown: {}
