t_wall,phase,dt,compute_time,q_base_joint,q_shoulder_joint,q_elbow_joint,qd_base_joint,qd_shoulder_joint,qd_elbow_joint,qref_base_joint,qref_shoulder_joint,qref_elbow_joint,qdref_base_joint,qdref_shoulder_joint,qdref_elbow_joint,tau_base_joint,tau_shoulder_joint,tau_elbow_joint,event,phase_elapsed_s,tick_wall_ns,publish_wall_ns,state_seq,state_header_sim_ns,state_rx_wall_ns,solver_success,solver_accepted,solver_status,solve_time,solver_iterations,constraint_violation,primal_residual,dual_residual,solver_rho,tau_ff_base_joint,tau_ff_shoulder_joint,tau_ff_elbow_joint,tau_feedback_base_joint,tau_feedback_shoulder_joint,tau_feedback_elbow_joint,tau_raw_base_joint,tau_raw_shoulder_joint,tau_raw_elbow_joint,saturated_base_joint,saturated_shoulder_joint,saturated_elbow_joint
1790736105.2311888,APPROACH,0.010021851,0.002349911999772303,5.1466345629691546e-06,-0.005364906311545958,-3.692981213943014e-05,0.00011794014161030958,-0.00525096150389192,-4.259954308616625e-05,5.1466345629691546e-06,-0.005364906311545958,-3.692981213943014e-05,0.0,0.0,0.0,0.5820522897996586,-0.05034817125202137,0.1176691815771835,CONTROL,0.0,1790736105231188630,1790736105234458779,15291,908056500000,1790736105231109660,1,1,0,0.0007158290000006673,24,0.0,0.0,8.038544996920453e-05,0.010000000000000002,0.5616843376372068,-0.1220506465183963,0.08848697408628393,0.020367952162451835,0.07170247526637492,0.029182207490899555,0.5820522897996586,-0.05034817125202137,0.1176691815771835,False,False,False
1790736105.2433174,APPROACH,0.012129804000000001,0.0018616649999785295,4.984331933854946e-06,-0.00541006419020551,-3.7317013834137214e-05,-0.0003196378996955025,-0.004274356668332306,-4.257928930154892e-05,5.17447571172105e-06,-0.0053648641213011284,-3.687412607540432e-05,8.343980572609458e-06,1.2644398632886393e-05,1.66890899702869e-05,0.5835423617948218,-0.04948183694054145,0.11791875192550992,CONTROL,0.01,1790736105243317141,1790736105245485739,15309,908065500000,1790736105240101745,1,1,0,0.0005907419999857666,22,0.0,0.0,9.036087557897076e-05,0.010000000000000002,0.5619227472363443,-0.12133966093798523,0.08879397210907472,0.02161961455847747,0.07185782399744378,0.029124779816435204,0.5835423617948218,-0.04948183694054145,0.11791875192550992,False,False,False
1790736105.2512827,APPROACH,0.007964584,0.0019827950000035344,-6.556037093652378e-06,-0.0054508627604770155,-3.776886346562591e-05,-0.00042350296387256545,-0.0035770759845979183,-4.0856758916307974e-05,5.368695164904817e-06,-0.005364569802760122,-3.64856608938333e-05,3.324228509812307e-05,5.037508184385375e-05,6.648906741725587e-05,0.585059903954446,-0.04674402251865431,0.1190076983339188,CONTROL,0.02,1790736105251282667,1790736105253514274,15330,908076500000,1790736105251156878,1,1,0,0.0006952310000087891,23,0.0,0.0,8.020116506654492e-05,0.010000000000000002,0.5621583531714099,-0.12063565133100042,0.08909814591645404,0.02290155078303602,0.07389162881234611,0.029909552417464763,0.585059903954446,-0.04674402251865431,0.1190076983339188,False,False,False
1790736105.2612288,APPROACH,0.009946287,0.0019743689999813796,-9.826696367731813e-06,-0.00548642553241141,-3.8175047215371904e-05,-0.0004530188064282468,-0.003512338063667966,-4.033690139802716e-05,5.893836228795066e-06,-0.00536377400836768,-3.5435307721736244e-05,7.449506096496483e-05,0.00011288919465060668,0.000149000200080463,0.5880654713131239,-0.0373807214052046,0.12285643902165572,CONTROL,0.03,1790736105261228854,1790736105263457346,15350,908086500000,1790736105261105860,1,1,0,0.0007039160000203992,23,0.0,0.0,9.36055813371635e-05,0.010000000000000002,0.5623912287988844,-0.11993703089407555,0.0894003662090726,0.025674242514239536,0.08255630948887095,0.033456072812583115,0.5880654713131239,-0.0373807214052046,0.12285643902165572,False,False,False
1790736105.2712004,APPROACH,0.009971275,0.0020328710002104344,-1.4023286817099745e-05,-0.005521578496298751,-3.734407325817202e-05,-0.0004925904498735723,-0.0035287645443367634,0.00046922183923703027,6.912447704729952e-06,-0.005362230413024705,-3.339794696583414e-05,0.00013190325979742015,0.0001998851008031729,0.0002638243642799893,0.591964004710214,-0.026219575758620606,0.1271104598568969,CONTROL,0.04,1790736105271200279,1790736105273485819,15370,908096500000,1790736105271087996,1,1,0,0.0007501539998884255,24,0.0,0.0,8.160474320902835e-05,0.010000000000000002,0.5626214463835848,-0.11924223163940538,0.08970149333901703,0.029342558326629267,0.09302265588078477,0.03740896651787988,0.591964004710214,-0.026219575758620606,0.1271104598568969,False,False,False
1790736105.2813263,APPROACH,0.010126179,0.00269205199992939,-1.8767217956572324e-05,-0.0055580127240935084,-2.2977101906906938e-05,-0.0005235554684319878,-0.003700066412923875,0.0025001909985168484,8.585091931469798e-06,-0.005359695701900937,-3.005243222674454e-05,0.00020526863745563595,0.0003110623827839033,0.00041056504491644084,0.5941912109297867,-0.02280833681341682,0.12703951334614955,CONTROL,0.05,1790736105281326057,1790736105284408701,15390,908106500000,1790736105281177094,1,1,0,0.0008940469997469336,24,0.0,0.0,8.44052691658602e-05,0.010000000000000002,0.5628490771122013,-0.11854970432062202,0.09000237734929988,0.03134213381758534,0.0957413675072052,0.037037135996849685,0.5941912109297867,-0.02280833681341682,0.12703951334614955,False,False,False
1790736105.2914426,APPROACH,0.01011654,0.0025754409998626215,-2.3041195764683664e-05,-0.005589750788735692,7.12264603874857e-06,-0.0005385678385934201,-0.0037641045914572307,0.004340910042347947,1.1070352827555696e-05,-0.005355929558247632,-2.5081574213176308e-05,0.00029439375403562067,0.0004461218418074718,0.0005888273354709484,0.5958253137779763,-0.021339847295576697,0.12621810728248206,CONTROL,0.060000000000000005,1790736105291442427,1790736105294437875,15407,908115000000,1790736105291264750,1,1,0,0.000982204999672831,24,0.0,0.0,8.658422130176578e-05,0.010000000000000002,0.563074191105093,-0.11785791835930254,0.0903038580128991,0.03275112267288328,0.09651807106372584,0.03591424926958295,0.5958253137779763,-0.021339847295576697,0.12621810728248206,False,False,False
1790736105.3011708,APPROACH,0.009727993,0.0019451139996817801,-2.715329216140816e-05,-0.005620025728972244,4.90167437532385e-05,-0.0005609007482235104,-0.0038165947420679743,0.005945487839208967,1.4524843933668137e-05,-0.005350694651210236,-1.8172124656124363e-05,0.0003990819738692442,0.0006047654978208757,0.0007982179380051679,0.5978096501901315,-0.01873204670900082,0.12595662541267807,CONTROL,0.07,1790736105301170781,1790736105303415834,15423,908123000000,1790736105300743059,1,1,0,0.0006854110001768277,24,0.0,0.0,8.976497921137265e-05,0.010000000000000002,0.563296857426416,-0.11716536177208263,0.0906067648713686,0.03451279276371559,0.09843331506308181,0.03534986054130948,0.5978096501901315,-0.01873204670900082,0.12595662541267807,False,False,False
1790736105.311287,APPROACH,0.010115819,0.002203104000273015,-2.7577286606295104e-05,-0.005659739102021,0.0001228642785471301,0.0025835932434172208,-0.0025767713386953385,0.007044982699532368,1.9103216454985605e-05,-0.005343756623641066,-9.014760223064481e-06,0.0005191374655242376,0.0007866965895034347,0.0010383451631612796,0.5841240096655856,-0.043509448931580624,0.11584327949317014,CONTROL,0.08,1790736105311286680,1790736105313840530,15445,908134000000,1790736105311152636,1,1,0,0.0007611149999320332,23,0.0,0.0,7.99095592786104e-05,0.010000000000000002,0.5635171440926704,-0.11647054109836172,0.09091191727303886,0.020606865572915245,0.0729610921667811,0.02493136222013127,0.5841240096655856,-0.043509448931580624,0.11584327949317014,False,False,False
1790736105.321239,APPROACH,0.009952079,0.0021534400002565235,-2.8257581819346456e-05,-0.005695233721410453,0.00019595219246726359,-0.0004907566627437604,-0.003434337508081446,0.006989688388806825,2.4958167303543216e-05,-0.00533488407991198,2.695933567852039e-06,0.0006543652018041941,0.0009916195742667925,0.0013088189301619898,0.6029869845651235,-0.0063835628831545865,0.12952113899913856,CONTROL,0.09,1790736105321238758,1790736105323655347,15466,908144500000,1790736105321118690,1,1,0,0.0007911029997558217,25,0.0,0.0,9.025557542474959e-05,0.010000000000000002,0.5637351180797341,-0.11577198132858985,0.09122012441082378,0.03925186648538933,0.10938841844543526,0.03830101458831477,0.6029869845651235,-0.0063835628831545865,0.12952113899913856,False,False,False
1790736105.3312056,APPROACH,0.009967016,0.0022447219998866785,-2.4587614691817805e-05,-0.005730312339793819,0.0002672598928792347,0.003062898119895362,-0.0025842106884886038,0.00716614239893878,3.224044714059132e-05,-0.0053238485737270615,1.726147843360355e-05,0.0008045709597485674,0.0012192401282549153,0.001609250766810528,0.5916916314816817,-0.01865745999430235,0.12538800868283134,CONTROL,0.09999999999999999,1790736105331205464,1790736105333786946,15486,908154500000,1790736105330832246,1,1,0,0.0007796599998073361,24,0.0,0.0,8.513488855090291e-05,0.010000000000000002,0.5639508453284624,-0.11506822583310068,0.09153218535965701,0.027740786153219246,0.09641076583879833,0.033855823323174335,0.5916916314816817,-0.01865745999430235,0.12538800868283134,False,False,False
1790736105.3412476,APPROACH,0.010042029000000001,0.002517139999781648,-1.1772135246168602e-05,-0.005761293179301852,0.0003466742237718812,-0.0005386002441396191,-0.0037922443473584373,0.008982445264470361,4.1098868418954144e-05,-0.005310424595935293,3.4979519412103394e-05,0.0009695613206326741,0.0014692651463440937,0.001939253809490652,0.611921803731116,0.017141153184881727,0.13708996170252524,CONTROL,0.10999999999999999,1790736105341247614,1790736105344154383,15506,908164500000,1790736105340994182,1,1,0,0.0007438729999194038,26,0.0,0.0,8.55854678300218e-05,0.010000000000000002,0.564164390748921,-0.11435783629149711,0.09184888911356878,0.047757412982195026,0.13149898947637884,0.04524107258895647,0.611921803731116,0.017141153184881727,0.13708996170252524,False,False,False
1790736105.3511965,APPROACH,0.009949003000000001,0.001950864999798796,8.687249855476864e-06,-0.005795618422431481,0.00045881458653651563,0.003072373053266841,-0.0029759486943567192,0.011561334914734007,5.168031342538829e-05,-0.005294389562343229,5.614384094800495e-05,0.0011491436699676905,0.0017414027421429387,0.002298442803166639,0.5963763878143629,-0.011382966492987437,0.12445738835904022,CONTROL,0.11999999999999998,1790736105351196446,1790736105353459163,15527,908175000000,1790736105350923478,1,1,0,0.0006710239999847545,24,0.0,0.0,9.067601502703334e-05,0.010000000000000002,0.5643758182233223,-0.11363939262255258,0.09217101462242362,0.032000569591040556,0.10225642612956515,0.03228637373661659,0.5963763878143629,-0.011382966492987437,0.12445738835904022,False,False,False
1790736105.3611927,APPROACH,0.009996282,0.00223557500021343,4.7208189296377157e-05,-0.005821156191976762,0.000578197368468647,0.0038836718481558897,-0.0024400376269440678,0.012228496830445747,6.412974232294154e-05,-0.00527552380152768,8.104438297850719e-05,0.0013431261975006558,0.002035362247992387,0.002686434101383297,0.592853454471636,-0.01742002825316681,0.12135593735139345,CONTROL,0.12999999999999998,1790736105361192578,1790736105363776474,15547,908185000000,1790736105360878181,1,1,0,0.0007678679999116866,24,0.0,0.0,9.678243758693501e-05,0.010000000000000002,0.5645851906077332,-0.11291149291462371,0.09249933082833288,0.02826826386390276,0.0954914646614569,0.028856606523060577,0.592853454471636,-0.01742002825316681,0.12135593735139345,False,False,False
1790736105.3711364,APPROACH,0.009943181,0.0022033139998711704,8.756372451390604e-05,-0.005846127530436895,0.0007094035475980753,0.0036293819095505673,-0.002371835491272947,0.012668151001169057,7.859020119331138e-05,-0.005253610542648383,0.00010996725701915974,0.0015513178972144707,0.0023508542149656983,0.003102845666265956,0.5968708298106062,-0.006746069636613519,0.12481020161308824,CONTROL,0.13999999999999999,1790736105371136330,1790736105373628262,15568,908195500000,1790736105371013817,1,1,0,0.0008056689998738875,25,0.0,0.0,8.47463978914577e-05,0.010000000000000002,0.5647925697326173,-0.11217275335654944,0.09283459670175823,0.032078260077988995,0.10542668371993592,0.031975604911330016,0.5968708298106062,-0.006746069636613519,0.12481020161308824,False,False,False
1790736105.381186,APPROACH,0.010049473000000001,0.0018948880001516955,0.00012417345073334474,-0.0058708036640515715,0.0008410421785174371,0.003938662895757641,-0.0024749470152919907,0.013606712220340976,9.520283007920348e-05,-0.005228435903260682,0.00014319476224966803,0.0017735285673278964,0.002687590412868454,0.0035472970685204706,0.5992158676194507,0.0017527209327959647,0.1272242219217859,CONTROL,0.15,1790736105381185673,1790736105383334383,15588,908205500000,1790736105380920840,1,1,0,0.0006926350001776882,25,0.0,0.0,9.100024873414785e-05,0.010000000000000002,0.5649980164022764,-0.11142180816903358,0.09317756127731598,0.034217851217174224,0.11317452910182954,0.0340466606444699,0.5992158676194507,0.0017527209327959647,0.1272242219217859,False,False,False
1790736105.391214,APPROACH,0.010028544,0.0020375089998196927,0.00016681370939064522,-0.0058960651016120025,0.0009839178528809889,0.004700418560401525,-0.002536915399604241,0.014940784081340495,0.00011410687102669056,-0.005199788877128204,0.00018100540159969881,0.002009568810295555,0.003045283830238558,0.0040194094874332195,0.5994282905752953,0.006387844287257957,0.12791933563207694,CONTROL,0.16,1790736105391213726,1790736105393647798,15608,908215500000,1790736105390791825,1,1,0,0.0007220010002129129,25,0.0,0.0,9.39459699709361e-05,0.010000000000000002,0.5652015903932495,-0.1106573095364785,0.09352896368930046,0.034226700182045905,0.11704515382373645,0.03439037194277648,0.5994282905752953,0.006387844287257957,0.12791933563207694,False,False,False
1790736105.4011898,APPROACH,0.009975743,0.002009626000017306,0.00021825762294191975,-0.005921699526575175,0.001141274100791012,0.005574432853722008,-0.002576400793792841,0.01647659539245756,0.00013543967612757082,-0.005167461322035534,0.00022367389783468515,0.002259250032807933,0.0034236486743462412,0.004518805710871111,0.5988190883911034,0.009343848249840456,0.12778404746471403,CONTROL,0.17,1790736105401189579,1790736105403507090,15628,908225500000,1790736105400721951,1,1,0,0.0007095270002537291,25,0.0,0.0,9.650727653449558e-05,0.010000000000000002,0.5654033504517283,-0.10987792753927328,0.09388953320693282,0.03341573793937513,0.11922177578911373,0.03389451425778122,0.5988190883911034,0.009343848249840456,0.12778404746471403,False,False,False
1790736105.4111965,APPROACH,0.010006291,0.002013673999954335,0.00027180190954911865,-0.005944982385721609,0.0012962269546714644,0.006262976479486922,-0.002592368211528016,0.01786799410233674,0.0001593367155617266,-0.005131247947600894,0.0002714712096416318,0.0025223844457913755,0.003822400371194054,0.0050451101352815735,0.5999471454040988,0.01672669350526952,0.12956459373829055,CONTROL,0.18000000000000002,1790736105411196411,1790736105413522128,15646,908234500000,1790736105409816100,1,1,0,0.0007238450002660102,26,0.0,0.0,8.289317823042724e-05,0.010000000000000002,0.5656033542900518,-0.10908235008650337,0.09425998926935213,0.034343791114046986,0.1258090435917729,0.03530460446893841,0.5999471454040988,0.01672669350526952,0.12956459373829055,False,False,False
1790736105.4211884,APPROACH,0.009992355000000001,0.0019904690002476855,0.00033143910011723676,-0.005968873676903463,0.0014657066657499662,0.007014952703142725,-0.0026637643100257237,0.019665072498634723,0.00018593158563948308,-0.005090946303088818,0.0003246645477149206,0.0027987850644080885,0.004241255565516868,0.005597948765692559,0.600153101380264,0.021319914573868518,0.12987539941484477,CONTROL,0.19000000000000003,1790736105421188295,1790736105423460821,15661,908243500000,1790736105420804627,1,1,0,0.0007301870000446797,26,0.0,0.0,8.69462488476433e-05,0.010000000000000002,0.5658016585823277,-0.1082692828490875,0.09464104152035274,0.03435144279793638,0.12958919742295602,0.035234357894492044,0.600153101380264,0.021319914573868518,0.12987539941484477,False,False,False
1790736105.4311848,APPROACH,0.009995841,0.001991632000226673,0.0004099992220556459,-0.005997121761676105,0.0016837212430220738,0.007937981292888056,-0.0026981297796501618,0.021731781536034115,0.0002153560168439667,-0.00504635676522283,0.00038351739084211534,0.0030882657080561443,0.004679932120781887,0.006176949215712553,0.5986571462266819,0.022054458659542572,0.12822614735141527,CONTROL,0.20000000000000004,1790736105431184587,1790736105433470168,15682,908254000000,1790736105430824063,1,1,0,0.0007158690000323986,26,0.0,0.0,8.744744794241534e-05,0.010000000000000002,0.5659983189592375,-0.10743744919331415,0.09503338984288144,0.032658827267444415,0.12949190785285672,0.03319275750853383,0.5986571462266819,0.022054458659542572,0.12822614735141527,False,False,False
1790736105.4412253,APPROACH,0.010041178000000001,0.0020987650000279245,0.0004978469206857739,-0.006025317354404258,0.0019212567183690688,0.008702374580052172,-0.002679757679434778,0.02333772033572024,0.00024773988187346403,-0.004997282525998122,0.0004482895019897673,0.003390641000369471,0.005138149119188626,0.006781740707530556,0.5979545159416975,0.025224618155416365,0.1277529473684231,CONTROL,0.21000000000000005,1790736105441225234,1790736105443738697,15703,908264500000,1790736105440985589,1,1,0,0.0007249569998748484,26,0.0,0.0,9.060236837324793e-05,0.010000000000000002,0.566193390002077,-0.10658559011477232,0.09543772439330107,0.03176112593962046,0.1318102082701887,0.03231522297512202,0.5979545159416975,0.025224618155416365,0.1277529473684231,False,False,False
1790736105.4512117,APPROACH,0.009986864,0.002046135000000504,0.0005742328537756691,-0.006048157115357888,0.0021248748105588966,0.009223510475519931,-0.0026906647161066754,0.024469641824495753,0.00028321120368378025,-0.004943529580494227,0.0005192369443892206,0.0037057263692178615,0.005615626861668931,0.0074119540719161,0.6001614440556453,0.03611420769426221,0.1309151543810238,CONTROL,0.22000000000000006,1790736105451211547,1790736105453605363,15720,908273000000,1790736105449155984,1,1,0,0.0007299459998648672,26,0.0,0.0,9.858797509036179e-05,0.010000000000000002,0.5663869252360864,-0.10571246417266156,0.09585472563542853,0.03377451881955892,0.14182667186692377,0.035060428745595285,0.6001614440556453,0.03611420769426221,0.1309151543810238,False,False,False
1790736105.4611826,APPROACH,0.009969993,0.002022291000230325,0.0006897552617468605,-0.00608123356775625,0.0024308469164986413,0.010144009591983312,-0.0027965212717294156,0.026621415509581987,0.0003218961635305975,-0.004884906714687699,0.0005966120976224169,0.004033338046706968,0.006112086867886969,0.008067221748219236,0.5984501360230687,0.037566829510733826,0.1290758245768759,CONTROL,0.23000000000000007,1790736105461182481,1790736105463536832,15744,908285000000,1790736105460921806,1,1,0,0.0007350050000241026,26,0.0,0.0,9.776855434221967e-05,0.010000000000000002,0.5665789771231072,-0.10481684742447626,0.09628506437435132,0.03187115889996152,0.1423836769352101,0.032790760202524596,0.5984501360230687,0.037566829510733826,0.1290758245768759,False,False,False
1790736105.471178,APPROACH,0.009995190000000001,0.0023047159997986455,0.0007950874437288036,-0.006109079372312642,0.002705668907111214,0.010822331360695851,-0.00277875142912729,0.02815423241411339,0.00036391910901183426,-0.004821225493264788,0.0006806636737077016,0.004373293069178307,0.00662725187623923,0.008747177784370548,0.5994785103830855,0.046324727153524745,0.130799126428107,CONTROL,0.24000000000000007,1790736105471177892,1790736105473902245,15764,908295000000,1790736105471065198,1,1,0,0.0007786490000398771,27,0.0,0.0,8.766678793643167e-05,0.010000000000000002,0.5667695970536277,-0.10389753336104295,0.09672940179003335,0.032708913329457794,0.1502222605145677,0.034069724638073666,0.5994785103830855,0.046324727153524745,0.130799126428107,False,False,False
1790736105.4811852,APPROACH,0.010007022,0.0020101370000702445,0.0009123010862488456,-0.006138648862809681,0.0030102191551102386,0.011553312291239352,-0.0028530235147506927,0.029881882746329805,0.00040940256211000276,-0.004752300247434119,0.0007716367331856275,0.004725409277209252,0.007160845843854525,0.009451457836881134,0.5998312421981424,0.053611991450869936,0.13164207399708822,CONTROL,0.25000000000000006,1790736105481184965,1790736105483526170,15785,908305500000,1790736105481083171,1,1,0,0.0007472990000678692,27,0.0,0.0,9.245526306342511e-05,0.010000000000000002,0.5669588353382496,-0.10295333284191678,0.09718838947070729,0.03287240685989284,0.15656532429278672,0.03445368452638092,0.5998312421981424,0.053611991450869936,0.13164207399708822,False,False,False
1790736105.4912324,APPROACH,0.010047710000000001,0.00254273899963664,0.0010318489286778032,-0.006167613339825628,0.0033192313428336284,0.012350975786999115,-0.0029058012972659674,0.03179454318731932,0.00045846722723456916,-0.004677948062739365,0.0008697727012047627,0.0050895053156130455,0.007712593946593998,0.010179699170842634,0.6001335419050644,0.060970133084327804,0.13241561001432212,CONTROL,0.26000000000000006,1790736105491232284,1790736105494182636,15805,908315500000,1790736105491094813,1,1,0,0.0008987159999378491,27,0.0,0.0,9.694870468684945e-05,0.010000000000000002,0.5671467411986277,-0.10198307403110995,0.09766266944606543,0.03298680070643668,0.16295320711543776,0.034752940568256695,0.6001335419050644,0.060970133084327804,0.13241561001432212,False,False,False
1790736105.5012062,APPROACH,0.009973569,0.002388245000020106,0.0011594262449872161,-0.0061970473672809945,0.003647598427405807,0.013168821520656205,-0.0029594623472914056,0.033774527246367765,0.0005112319992643107,-0.004597988766871928,0.0009753093836074927,0.005465400633438783,0.0082822225790511,0.010931540659927191,0.6010652446112649,0.07060580970618599,0.1340136777522605,CONTROL,0.2700000000000001,1790736105501206083,1790736105503929244,15825,908325500000,1790736105501078541,1,1,0,0.0009060400002454116,28,0.0,0.0,8.930171964430728e-05,0.010000000000000002,0.5673333627579236,-0.10098560233316106,0.09815287422024564,0.0337318818533413,0.17159141203934705,0.03586080353201485,0.6010652446112649,0.07060580970618599,0.1340136777522605,False,False,False
1790736105.5111542,APPROACH,0.009948191,0.0030655409996143135,0.0012194299546672838,-0.0062105486213779315,0.003802105770045028,0.013506652017473461,-0.003065977119148765,0.03487752599081156,0.0005678139715896749,-0.004512244917483613,0.0010884809830158278,0.005852915483971429,0.008869459354551619,0.011706622786387495,0.61024693349474,0.10137769378505372,0.1457592263147989,CONTROL,0.2800000000000001,1790736105511154074,1790736105514648700,15834,908330000000,1790736105511013026,1,1,0,0.0014799199998378754,29,0.0,0.0,9.20570611106962e-05,0.010000000000000002,0.5675187470308098,-0.09995978032952453,0.09865962680461798,0.04272818646393017,0.20133747411457825,0.047099599510180924,0.61024693349474,0.10137769378505372,0.1457592263147989,False,False,False
1790736105.5211725,APPROACH,0.010018254,0.0024355350001314946,0.0014110525021573395,-0.006252370138922991,0.0042949270754450986,0.014935154779729046,-0.003450019326091075,0.038966607018843816,0.0006283284441551388,-0.004420541789999306,0.0012095181149172078,0.006251870924731802,0.009474033105153658,0.012504587641056743,0.6040919684901651,0.09262582353295393,0.13765932121318802,CONTROL,0.2900000000000001,1790736105521172428,1790736105523919735,15856,908343500000,1790736105521034716,1,1,0,0.0008763240002735984,28,0.0,0.0,9.952641970604558e-05,0.010000000000000002,0.567702939913073,-0.09890448771528151,0.09918354075037338,0.03638902857709212,0.19153031124823544,0.03847578046281466,0.6040919684901651,0.09262582353295393,0.13765932121318802,False,False,False
1790736105.5311348,APPROACH,0.009962148,0.0022158379997563316,0.0015820501690972932,-0.006286788059552073,0.004724369811442752,0.01702183670342,-0.003227682142531668,0.042283738286636605,0.0006928889315015663,-0.004322707365429648,0.0013386478237503072,0.006662088817476586,0.010095673881647645,0.013325078923348664,0.5959881280984155,0.08233310948547948,0.13014064044496224,CONTROL,0.3000000000000001,1790736105531134685,1790736105533619133,15877,908354000000,1790736105531014698,1,1,0,0.0008698010001353396,28,0.0,0.0,9.768541992977098e-05,0.010000000000000002,0.5678859861708451,-0.09781862123616053,0.09972522018091419,0.028102141927570396,0.18015173072164,0.030415420264048035,0.5959881280984155,0.08233310948547948,0.13014064044496224,False,False,False
1790736105.541212,APPROACH,0.010077246,0.002279086999806168,0.001749201353873353,-0.006316421605590428,0.0051348295062036975,0.01764689482787063,-0.0030339938151964533,0.043660615997461114,0.0007616071708085678,-0.0042185723181837175,0.0014760935989908402,0.007083391828198329,0.010734112953556335,0.014167741941257514,0.5972958359627745,0.09420784822103104,0.13266841409842975,CONTROL,0.3100000000000001,1790736105541211851,1790736105543779798,15896,908363500000,1790736105540953280,1,1,0,0.0008924649996515654,29,0.0,0.0,9.250292344277337e-05,0.010000000000000002,0.5680679294295078,-0.09670109462587209,0.10028525982404565,0.029227906533266634,0.19090894284690313,0.0323831542743841,0.5972958359627745,0.09420784822103104,0.13266841409842975,False,False,False
1790736105.551203,APPROACH,0.009991843,0.00251342299998214,0.0019167304760765447,-0.006345901992763636,0.0055563891493339845,0.017743123860763044,-0.003136784733136077,0.045099987418457485,0.0008345931299368584,-0.004107970003881703,0.0016220753912373665,0.007515603427125438,0.011389082809134806,0.01503222361135808,0.6026881551127619,0.1151302128635663,0.13860219638964064,CONTROL,0.3200000000000001,1790736105551202923,1790736105554082181,15915,908373000000,1790736105550117873,1,1,0,0.0009601329998076835,30,0.0,0.0,8.883944423010251e-05,0.010000000000000002,0.5682488121622995,-0.09555083854373374,0.10086424504397204,0.03443934295046236,0.21068105140730004,0.03773795134566859,0.6026881551127619,0.1151302128635663,0.13860219638964064,False,False,False
1790736105.5611944,APPROACH,0.009990982,0.0024325889999090577,0.0021147891124790874,-0.0063817918656488,0.006066805752434679,0.01863196253973668,-0.003354565878306241,0.047861994011105455,0.0009119550154706161,-0.003990736447167579,0.0017768096282970948,0.007958547888722176,0.012060317155370445,0.015918172458805644,0.6021944848170283,0.12227171691843523,0.1377357091946155,CONTROL,0.3300000000000001,1790736105561194196,1790736105563961972,15937,908384000000,1790736105560844793,1,1,0,0.0009538409999549913,30,0.0,0.0,9.167015861239082e-05,0.010000000000000002,0.5684286756786652,-0.09436680051260317,0.10146275187309038,0.033765809138363106,0.2166385174310384,0.03627295732152512,0.6021944848170283,0.12227171691843523,0.1377357091946155,False,False,False
1790736105.5711446,APPROACH,0.009949945,0.0023949979999997595,0.0023172781915334895,-0.006414081151066675,0.0065786770764213465,0.01968110225599202,-0.002827323732230872,0.04941748991376219,0.0009937992807598417,-0.0038667103295217855,0.001940509231271691,0.008412050291688677,0.012747550917982985,0.016825238617336057,0.5996887061412004,0.12556736147930636,0.13624341465646417,CONTROL,0.34000000000000014,1790736105571144501,1790736105573868324,15958,908394500000,1790736105571017520,1,1,0,0.0009462269999858108,30,0.0,0.0,9.405001537637558e-05,0.010000000000000002,0.5686075601123811,-0.09314794485709531,0.10208134704358617,0.031081146028819236,0.21871530633640168,0.034162067612878017,0.5996887061412004,0.12556736147930636,0.13624341465646417,False,False,False
1790736105.5811925,APPROACH,0.010048030000000001,0.0025032739999915066,0.0025185015674127342,-0.006439239574873135,0.007077970343046136,0.020223856253092157,-0.00228017926453206,0.05035444363015707,0.001080230633962716,-0.003735732977073904,0.002113383630643082,0.008875936518960929,0.013450520241424459,0.017753073829265657,0.6003354328318039,0.13611551225626772,0.13807905108376098,CONTROL,0.35000000000000014,1790736105581192341,1790736105584367741,15978,908404500000,1790736105580908953,1,1,0,0.0009845290001067042,30,0.0,0.0,9.90286655066347e-05,0.010000000000000002,0.5687855044094798,-0.09189325264210192,0.10272058801882106,0.03154992842232406,0.22800876489836963,0.035358463064939914,0.6003354328318039,0.13611551225626772,0.13807905108376098,False,False,False
1790736105.591907,APPROACH,0.010716099000000001,0.0024110179997478554,0.0026721445269464184,-0.006454794443242484,0.0074584579251468774,0.02062638464611083,-0.0017715913664951347,0.050920969058014263,0.0011713520460879595,-0.003597648348415333,0.0022956387823592603,0.009350033257710787,0.014168962488879246,0.018701331445491336,0.6069551518386109,0.16300782508950923,0.1475558336903588,CONTROL,0.36000000000000015,1790736105591906928,1790736105594701905,15993,908412000000,1790736105588297163,1,1,0,0.0009733380002217018,31,0.0,0.0,9.561630377462259e-05,0.010000000000000002,0.5689625463160227,-0.09060172161158718,0.10338102302451825,0.03799260552258826,0.2536095467010964,0.044174810665840544,0.6069551518386109,0.16300782508950923,0.1475558336903588,False,False,False
1790736105.6013272,APPROACH,0.009418215,0.0025666639999144536,0.0029447423314596932,-0.0064743192234777425,0.008136320975248967,0.021494985159816113,-0.0011646581365897224,0.05381942386395574,0.0012672647590371902,-0.0034523030224119667,0.0024874771839200898,0.009834167999345967,0.01490261624226403,0.019669666425490485,0.5995790947037122,0.14992485408924233,0.1375048082616815,CONTROL,0.37000000000000016,1790736105601327046,1790736105604255306,16016,908425000000,1790736105601181720,1,1,0,0.0009822949996305397,31,0.0,0.0,9.112139539619288e-05,0.010000000000000002,0.5691387223657314,-0.08927236612767304,0.10406319107973609,0.03044037233798082,0.2391972202169154,0.03344161718194538,0.5995790947037122,0.14992485408924233,0.1375048082616815,False,False,False
1790736105.611281,APPROACH,0.009953921000000001,0.0023622359999535547,0.0031541405346589,-0.006483064078065759,0.008658363541761194,0.022197410736758818,-0.0007145849201349889,0.05537009365746125,0.0013680682936472825,-0.00329954618601687,0.002689097890463111,0.010328169039510041,0.01565122130222783,0.020657735337321046,0.599875290688778,0.1596007510272211,0.13855426819488287,CONTROL,0.38000000000000017,1790736105611280947,1790736105613928856,16035,908434500000,1790736105611161941,1,1,0,0.0009531499999866355,31,0.0,0.0,9.731645700351415e-05,0.010000000000000002,0.5693140678675241,-0.08790421711000947,0.10476762202762814,0.03056122282125381,0.24750496813723058,0.033786646167254734,0.599875290688778,0.1596007510272211,0.13855426819488287,False,False,False
1790736105.621201,APPROACH,0.009919988000000001,0.002320576999863988,0.003381695679761876,-0.0064836706587527715,0.009236310576192341,0.021474630472656988,0.0010953840398781008,0.05365572919110881,0.0014738604577327259,-0.003139229622082957,0.0029006965308493453,0.010831865478082445,0.016414518688151976,0.021665196357621458,0.6034952729733405,0.17336746089378524,0.14277306744252583,CONTROL,0.3900000000000002,1790736105621200895,1790736105623787827,16056,908445000000,1790736105620944267,1,1,0,0.000974560000031488,32,0.0,0.0,8.881307776534219e-05,0.010000000000000002,0.5694886168929714,-0.08649632197542619,0.10549483656598457,0.03400665608036915,0.2598637828692114,0.03727823087654125,0.6034952729733405,0.17336746089378524,0.14277306744252583,False,False,False
1790736105.6311877,APPROACH,0.009986504,0.0025010189997374255,0.0035911256483247556,-0.006447507987575207,0.009739737452663544,0.019976206917763282,0.0066660808537846806,0.04614756623878276,0.001584737354127984,-0.002971207697175665,0.003122465323749105,0.011345087219178481,0.017192250638150133,0.02269170927161071,0.6007509373304313,0.16550073602460674,0.14251124533825837,CONTROL,0.4000000000000002,1790736105631187368,1790736105633965354,16076,908455000000,1790736105630829178,1,1,0,0.0010750320002443914,31,0.0,0.0,9.936562296563133e-05,0.010000000000000002,0.569662402263709,-0.0850477445778659,0.10624534627755228,0.0310885350667223,0.25054848060247265,0.036265899060706104,0.6007509373304313,0.16550073602460674,0.14251124533825837,False,False,False
1790736105.6411872,APPROACH,0.009999818,0.0022634080000898393,0.003783432930489994,-0.006356771702683339,0.010171424535020623,0.018926981798422192,0.010219802954419273,0.04227972959587368,0.0017007933887298523,-0.002795337349385635,0.00335459309372779,0.011867664971149307,0.01798416060906828,0.0237369354730883,0.5996797115953622,0.16168829034802304,0.1420235368427829,CONTROL,0.4100000000000002,1790736105641187157,1790736105643696903,16096,908465000000,1790736105640767340,1,1,0,0.0009420290002708498,31,0.0,0.0,9.793238135249934e-05,0.010000000000000002,0.5698354555388297,-0.08355756514859328,0.1070196536601276,0.029844256056532365,0.24524585549661632,0.03500388318265532,0.5996797115953622,0.16168829034802304,0.1420235368427829,False,False,False
1790736105.6511874,APPROACH,0.01,0.0023152060002757935,0.003972135049767012,-0.006247884063741438,0.010593700011293894,0.01900574860460125,0.011059001515991852,0.042878331729625935,0.001822121278539817,-0.0026114780761413857,0.003597265287331702,0.012399430246581947,0.018789993276484732,0.024800537964434263,0.6008997431712951,0.16877411941727294,0.1433404592090444,CONTROL,0.4200000000000002,1790736105651187247,1790736105653757657,16116,908475000000,1790736105650754705,1,1,0,0.0009698320000097738,32,0.0,0.0,8.812330730191721e-05,0.010000000000000002,0.5700078070022784,-0.08202488023669324,0.10781825215641451,0.030891936169016785,0.2507989996539662,0.035522207052629894,0.6008997431712951,0.16877411941727294,0.1433404592090444,False,False,False
1790736105.6612558,APPROACH,0.010068399,0.002254360999813798,0.004169612544112411,-0.006121840742310702,0.011038109046249911,0.018276031101507766,0.013624499113528449,0.040530180222678756,0.001948812059706414,-0.002419491922021992,0.0038506639891738408,0.012940215362299279,0.019609494534710108,0.02588218135660914,0.5996487130654384,0.1649659599199092,0.1419085763311597,CONTROL,0.4300000000000002,1790736105661255586,1790736105663754411,16137,908485500000,1790736105661003878,1,1,0,0.0009391530002176296,31,0.0,0.0,9.977963080442633e-05,0.010000000000000002,0.570179485650277,-0.08044880264984228,0.10864162618364694,0.02946922741516148,0.24541476256975148,0.03326695014751275,0.5996487130654384,0.1649659599199092,0.1419085763311597,False,False,False
1790736105.6711857,APPROACH,0.009930046000000001,0.0024374280001211446,0.00434670712906815,-0.005968404066322819,0.01142252475086325,0.01723889107365504,0.016778375173465247,0.03664728563116906,0.002080955095567588,-0.0022192434665697586,0.004114967938019721,0.01348985343936005,0.020442411496787365,0.026981531869154012,0.6004395472327086,0.16600783280802353,0.14387822525186822,CONTROL,0.4400000000000002,1790736105671185642,1790736105674037698,16157,908495500000,1790736105671046468,1,1,0,0.0009678879996499745,31,0.0,0.0,9.921391349014376e-05,0.010000000000000002,0.5703505191788019,-0.07882846139536426,0.10949025116296522,0.0300890280539068,0.2448362942033878,0.034387974088903005,0.6004395472327086,0.16600783280802353,0.14387822525186822,False,False,False
1790736105.6812396,APPROACH,0.010055395,0.0025918410001395387,0.004474516190806632,-0.005835978237147543,0.011690192485308781,0.01708562819464602,0.01802929864515133,0.035612536103994355,0.0022186380846930497,-0.0020105998121029015,0.004390352542873163,0.01404817840305887,0.021288492494491787,0.0280982573301905,0.6095233218176739,0.1954236631143685,0.15648598744904263,CONTROL,0.45000000000000023,1790736105681239554,1790736105684197541,16167,908503000000,1790736105678586265,1,1,0,0.0010519470001781883,32,0.0,0.0,9.534570160826499e-05,0.010000000000000002,0.5705209339711408,-0.07716300162156312,0.11036459354854586,0.039002387846533045,0.2725866647359316,0.04612139390049676,0.6095233218176739,0.1954236631143685,0.15648598744904263,False,False,False
1790736105.6912584,APPROACH,0.010017412,0.0023756410000714823,0.004690763425188038,-0.005599988108123455,0.012137069892363517,0.01746378850573542,0.020358250149753336,0.03559078000152324,0.0023619470689266345,-0.0017934305715282214,0.0046769898990621115,0.014615024982926201,0.022147487078330957,0.029232027176420712,0.5973924115551932,0.16125308052990767,0.14171360571670105,CONTROL,0.46000000000000024,1790736105691258459,1790736105693933829,16187,908515500000,1790736105691000890,1,1,0,0.000960535000103846,31,0.0,0.0,9.563180462804371e-05,0.010000000000000002,0.5706907550855416,-0.07545158455934596,0.1112651108564714,0.02670165646965162,0.23670466508925364,0.030448494860229647,0.5973924115551932,0.16125308052990767,0.14171360571670105,False,False,False
1790736105.7011678,APPROACH,0.009909257000000001,0.0023943969999891124,0.004866176040339454,-0.005385039743326381,0.0124898454721305,0.017445907866312293,0.022091836152535495,0.03487221487892881,0.002510966441428664,-0.0015676078561537806,0.004975048804324435,0.015190228712728371,0.023019146017544807,0.030382512453127303,0.5955037626514608,0.15704237695258158,0.14010413594944235,CONTROL,0.47000000000000025,1790736105701167716,1790736105703876339,16207,908525500000,1790736105701031627,1,1,0,0.0009728979998726572,31,0.0,0.0,9.647175248478387e-05,0.010000000000000002,0.5708600062429856,-0.0736933874641178,0.11219225169334378,0.024643756408475197,0.23073576441669938,0.02791188425609858,0.5955037626514608,0.15704237695258158,0.14010413594944235,False,False,False
1790736105.7112336,APPROACH,0.010065975000000001,0.002512410999770509,0.005039392828509293,-0.005160126287828248,0.01283397875384873,0.01718828302196001,0.02276934497712081,0.03402868039021968,0.0026657789547182994,-0.0013330062635015828,0.005284694774893726,0.015773625930467574,0.023903221300105578,0.03154938581417346,0.6009177741998533,0.1752211356692015,0.14777192026215624,CONTROL,0.48000000000000026,1790736105711233560,1790736105714059777,16222,908535500000,1790736105710966022,1,1,0,0.001029404999826511,32,0.0,0.0,8.880899759819026e-05,0.010000000000000002,0.571028709815099,-0.0718876035579674,0.11314645578462668,0.02988906438475429,0.2471087392271689,0.03462546447752956,0.6009177741998533,0.1752211356692015,0.14777192026215624,False,False,False
1790736105.7211702,APPROACH,0.009936529000000001,0.0020153469999968365,0.005200721194399627,-0.004937299980841026,0.013150512072991116,0.016768884349406852,0.024381677704084347,0.03249620908227835,0.002826465728715906,-0.0010895028651202454,0.005606090061585117,0.01636505377838186,0.024799466132717843,0.03273232152200287,0.6057422953707917,0.18978793586713422,0.15463672907092174,CONTROL,0.49000000000000027,1790736105721170069,1790736105723427476,16241,908545000000,1790736105720730745,1,1,0,0.0008304070001941,32,0.0,0.0,9.207070187689142e-05,0.010000000000000002,0.5711968868122222,-0.07003344197213575,0.1141281540027155,0.034545408558569475,0.25982137783926995,0.040508575068206244,0.6057422953707917,0.18978793586713422,0.15463672907092174,False,False,False
1790736105.731213,APPROACH,0.01004269,0.00195546299983107,0.005375835099541426,-0.004668671458739837,0.013485144724203035,0.01673599619140736,0.026667556862577865,0.03162707231118603,0.002993106258785405,-0.0008369771943976829,0.005939393665881074,0.016964350202945136,0.025707634940818475,0.03393099544763977,0.6019378324456952,0.17805931000850517,0.15045055951684544,CONTROL,0.5000000000000002,1790736105731213130,1790736105733394492,16262,908555500000,1790736105731120464,1,1,0,0.0008056099995883415,31,0.0,0.0,9.97295037751929e-05,0.010000000000000002,0.5713645568716602,-0.06813012768977145,0.11513776839472771,0.030573275574035032,0.24618943769827661,0.035312791122117736,0.6019378324456952,0.17805931000850517,0.15045055951684544,False,False,False
1790736105.741171,APPROACH,0.009957909000000001,0.0019749299999602954,0.005537816547418473,-0.0044112074251208,0.013790882985027952,0.017434665903846708,0.027126794328450794,0.03309925819099772,0.0031657784237766455,-0.0005753112343737654,0.0062847613560172225,0.017571353954867187,0.026627483368576715,0.03514508507068891,0.6039456825408943,0.1877844077756184,0.1538802790428898,CONTROL,0.5100000000000002,1790736105741170739,1790736105743369173,16281,908565000000,1790736105740567403,1,1,0,0.0008277009997073037,32,0.0,0.0,9.007950574112384e-05,0.010000000000000002,0.5715317382461285,-0.06617690148896883,0.1161757122100081,0.03241394429476581,0.2539613092645872,0.03770456683288172,0.6039456825408943,0.1877844077756184,0.1538802790428898,False,False,False
1790736105.7512562,APPROACH,0.010085101,0.002086641999994754,0.005723209283211794,-0.00412015374162511,0.01414145300985803,0.017671930538158125,0.028683673407150508,0.03305934162534501,0.003344558494067739,-0.0003043894055530299,0.006642345683068116,0.018185904589093648,0.027558768278894093,0.03637426947933559,0.6017633476078211,0.18260751280956952,0.15197687965456785,CONTROL,0.5200000000000002,1790736105751256090,1790736105753642211,16302,908575500000,1790736105751128348,1,1,0,0.0008395740001105878,32,0.0,0.0,8.809320436155402e-05,0.010000000000000002,0.5716984477924155,-0.06417301988609764,0.11724238992734268,0.030064899815405575,0.24678053269566716,0.03473448972722518,0.6017633476078211,0.18260751280956952,0.15197687965456785,False,False,False
1790736105.761134,APPROACH,0.009877677000000001,0.002089828999942256,0.0059003548415255125,-0.0038247249022687058,0.014469442637636387,0.017762624654326098,0.030169615669267954,0.03269779231499925,0.003529521139607444,-2.4098553717323036e-05,0.0070122959970330785,0.018807842464806015,0.028501247753404464,0.037618229370345584,0.602272544626524,0.18504619715172202,0.1535728628401043,CONTROL,0.5300000000000002,1790736105761133827,1790736105763510560,16322,908585500000,1790736105761026183,1,1,0,0.0008486209999318817,32,0.0,0.0,8.872369987057219e-05,0.010000000000000002,0.5718647009602739,-0.06211775507941982,0.1183381972818757,0.030407843666250125,0.24716395223114185,0.035234665558228614,0.602272544626524,0.18504619715172202,0.1535728628401043,False,False,False
1790736105.7711394,APPROACH,0.01000551,0.0020464760000322713,0.006061699409348975,-0.0035492926893159193,0.014765710234064588,0.018135697074976625,0.030880576693667953,0.0333615601600912,0.0037207394379575095,0.00026567206226150736,0.007394758462921993,0.01943700874542164,0.029454681092474008,0.038876647049065224,0.6076639733277265,0.2035936631180397,0.16137973980484438,CONTROL,0.5400000000000003,1790736105771139307,1790736105773443743,16340,908594500000,1790736105771047783,1,1,0,0.0008695709998391976,32,0.0,0.0,9.344690233695248e-05,0.010000000000000002,0.5720305117815633,-0.06001039489299683,0.11946352129172447,0.03563346154616319,0.26360405801103654,0.04191621851311991,0.6076639733277265,0.2035936631180397,0.16137973980484438,False,False,False
1790736105.7811828,APPROACH,0.010043572,0.0023589200000060373,0.006263988766938233,-0.0032014993369635647,0.015136756288592235,0.018571065911815177,0.0326908487631105,0.03381622588044943,0.00391828488233504,0.0005650307826089362,0.007789876076841109,0.020073245398593755,0.030418828815201242,0.04014920642942137,0.6013765819262183,0.18556220946908897,0.15414130150170915,CONTROL,0.5500000000000003,1790736105781182628,1790736105783836588,16362,908605500000,1790736105781037753,1,1,0,0.0009576290003678878,31,0.0,0.0,9.850234313796143e-05,0.010000000000000002,0.5721958928596559,-0.057850242720882274,0.12061874028428807,0.029180689066562463,0.24341245218997123,0.033522561217421094,0.6013765819262183,0.18556220946908897,0.15414130150170915,False,False,False
1790736105.791135,APPROACH,0.009952379,0.0023777459996381367,0.00645260379431889,-0.0028686256407342015,0.015479395511021732,0.01915408723694288,0.03343781438861249,0.03494130346227213,0.004122227389654845,0.0008740835588350801,0.008197788682078837,0.020716395196211438,0.031393452659416995,0.04143559303392141,0.6015672137248321,0.18873965258032582,0.15537281249782228,CONTROL,0.5600000000000003,1790736105791135067,1790736105793789488,16382,908615500000,1790736105791000412,1,1,0,0.0009802709996620251,31,0.0,0.0,9.98261059916672e-05,0.010000000000000002,0.5723608553591206,-0.05563661747161506,0.12180422392224129,0.029206358365711556,0.24437627005194087,0.033568588575580996,0.6015672137248321,0.18873965258032582,0.15537281249782228,False,False,False
1790736105.8011909,APPROACH,0.010055735000000001,0.002381191000040417,0.006646798812624866,-0.0025318437555919004,0.015834151365617277,0.01958201529255297,0.03402368113500748,0.03576787462646933,0.004332635308571811,0.0011929339659220335,0.008618632985191579,0.021366301714399624,0.03237831558168441,0.04273549399365321,0.6048069457374903,0.2010805379902256,0.16054055817940688,CONTROL,0.5700000000000003,1790736105801190742,1790736105803838230,16402,908625500000,1790736105800934666,1,1,0,0.0009955410000657139,32,0.0,0.0,8.98263981909857e-05,0.010000000000000002,0.5725254089957021,-0.05336885351298917,0.12302033322921559,0.03228153674178813,0.2544493915032148,0.03752022495019129,0.6048069457374903,0.2010805379902256,0.16054055817940688,False,False,False
1790736105.8112411,APPROACH,0.010050204,0.0023959099999046884,0.006843753818745135,-0.0021847865213979745,0.016192046201503718,0.01973477297932733,0.03558739310786675,0.03560310512997653,0.00454957542752325,0.0015216832145111782,0.009052542572089506,0.022022809333519123,0.033373181757298954,0.04404859804828521,0.6060544308170426,0.20552228635814265,0.1631682021173559,CONTROL,0.5800000000000003,1790736105811240957,1790736105813910426,16422,908635500000,1790736105810971706,1,1,0,0.0009986059999391728,32,0.0,0.0,9.055866615885813e-05,0.010000000000000002,0.5726895620266091,-0.051046300617125596,0.12426742061515643,0.033364868790433384,0.25656858697526824,0.03890078150219947,0.6060544308170426,0.20552228635814265,0.1631682021173559,False,False,False
1790736105.8211892,APPROACH,0.009948221,0.0024545709998164966,0.007042973307315847,-0.001820581359806006,0.016549406409184453,0.020216292086925023,0.036992320580262264,0.03628637602924755,0.004773112982771261,0.0018604301630905148,0.009499647924122383,0.02268576323816661,0.03437781658028846,0.04537459554606639,0.6056167258436274,0.2056144754966605,0.16365445633209372,CONTROL,0.5900000000000003,1790736105821189178,1790736105823958947,16442,908645500000,1790736105820921900,1,1,0,0.0010000890001720109,32,0.0,0.0,8.978792473715013e-05,0.010000000000000002,0.5728533212411223,-0.0486683239058298,0.1255458299013564,0.032763404602504986,0.2542827994024903,0.038108626430737313,0.6056167258436274,0.2056144754966605,0.16365445633209372,False,False,False
1790736105.831269,APPROACH,0.010079992000000001,0.002407843000128196,0.007249770826462942,-0.001446727520754365,0.016922170893915567,0.021140838185975536,0.037617114222596025,0.03837749099076113,0.005003311666445092,0.0022092713301819847,0.009960076434165367,0.023355009417174603,0.03539198666341303,0.046713178443826206,0.6051007475382869,0.20732037773892092,0.16397121254740699,CONTROL,0.6000000000000003,1790736105831268879,1790736105833972593,16462,908655500000,1790736105830979098,1,1,0,0.001024906000111514,32,0.0,0.0,8.982125085041983e-05,0.010000000000000002,0.5730166919515381,-0.04623430379623915,0.1268558963451614,0.032084055586748726,0.2535546815351601,0.03711531620224559,0.6051007475382869,0.20732037773892092,0.16397121254740699,False,False,False
1790736105.841223,APPROACH,0.009953891000000001,0.002429944000141404,0.0074545931657468145,-0.0010858887844866771,0.017294973465646013,0.021777145230771962,0.03854430518803026,0.03961429993629641,0.00524023363458349,0.002568300906528787,0.010433952422704807,0.0240303946636115,0.03641545983816512,0.048064040306974656,0.6077405673845124,0.217864207136247,0.16848254631205706,CONTROL,0.6100000000000003,1790736105841222891,1790736105844081729,16481,908665000000,1790736105840442188,1,1,0,0.001009987999623263,32,0.0,0.0,9.239553731374807e-05,0.010000000000000002,0.5731796779844613,-0.04374363594675639,0.12819794666434522,0.034560889400051135,0.2616078430830034,0.040284599647711826,0.6077405673845124,0.217864207136247,0.16848254631205706,False,False,False
1790736105.8511875,APPROACH,0.009964442,0.002295177999712905,0.007685241952260391,-0.0006712019497481236,0.01771238028516775,0.02208900605301852,0.04057590314047302,0.039738536541279734,0.005483939515177073,0.0029376107672827133,0.01092139715392406,0.024711766574781538,0.03744800515476947,0.049426876309502266,0.6036602652471066,0.2057793691755781,0.1643052184845366,CONTROL,0.6200000000000003,1790736105851187523,1790736105853740681,16502,908675500000,1790736105850909935,1,1,0,0.0009611350001250685,31,0.0,0.0,9.98271502127106e-05,0.010000000000000002,0.5733422816724539,-0.04119573120327548,0.12957229906115036,0.030317983574652624,0.24697510037885356,0.034732919423386244,0.6036602652471066,0.2057793691755781,0.1643052184845366,False,False,False
1790736105.8611906,APPROACH,0.010002905000000001,0.0023688779997428355,0.007909815434005374,-0.00025992168016575334,0.018116538670192472,0.02294469446386138,0.04112799550835884,0.0416537353236878,0.0057344884162106695,0.003317290484191455,0.011422528851789281,0.025398973552224844,0.03848939288218321,0.05080138323398011,0.6044511479137107,0.21139531875525633,0.16646370491158732,CONTROL,0.6300000000000003,1790736105861190297,1790736105863848264,16522,908685500000,1790736105860886661,1,1,0,0.0009892290004245297,32,0.0,0.0,8.855087030378353e-05,0.010000000000000002,0.5735045038460593,-0.03859001554568591,0.13097926324599432,0.03094664406765136,0.24998533430094225,0.03548444166559301,0.6044511479137107,0.21139531875525633,0.16646370491158732,False,False,False
1790736105.8713193,APPROACH,0.010128914000000001,0.002507982999759406,0.008132344618272391,0.0001318972069856983,0.018522949696813118,0.023734251233423754,0.041467584149558506,0.04348400440180576,0.005991937933705705,0.0037074273377859564,0.011937462716135265,0.026091864801717386,0.03953939450809573,0.05218725947155974,0.6089077228702952,0.22844280123105445,0.17338112907227968,CONTROL,0.6400000000000003,1790736105871319402,1790736105874291465,16541,908695000000,1790736105871169547,1,1,0,0.0010758329999589478,32,0.0,0.0,9.332690991427836e-05,0.010000000000000002,0.5736663438262036,-0.0359259300346674,0.13241914046083766,0.035241379044091574,0.26436873126572186,0.04096198861144201,0.6089077228702952,0.22844280123105445,0.17338112907227968,False,False,False
1790736105.881341,APPROACH,0.01002166,0.0024092550002023927,0.008371634975642195,0.000555013564092377,0.01895992804440505,0.023974987893341265,0.043569885940964566,0.04346753443833472,0.006256344159762531,0.004108106329567695,0.012466310938751198,0.026790290333270992,0.04059778273892877,0.05358420502197325,0.6083030211836096,0.22676205838044375,0.17373120714676493,CONTROL,0.6500000000000004,1790736105881341012,1790736105884065015,16561,908705000000,1790736105881196818,1,1,0,0.0009975740003937972,32,0.0,0.0,9.105531570642494e-05,0.010000000000000002,0.5738277994169947,-0.0332029307587566,0.13389222350221644,0.034475221766614904,0.25996498913920035,0.03983898364454849,0.6083030211836096,0.22676205838044375,0.17373120714676493,False,False,False
1790736105.8912237,APPROACH,0.009882667000000001,0.002466121999987081,0.008614320648522522,0.001000489952098782,0.019398435599279562,0.024728815580101097,0.045038864565808245,0.04485630926243858,0.006527761690602795,0.004519410194196032,0.01300918271946649,0.02749410096113337,0.04166433149983641,0.054991921493533304,0.606129855173467,0.22202332931326163,0.17212552586753715,CONTROL,0.6600000000000004,1790736105891223568,1790736105893992326,16581,908715000000,1790736105890949097,1,1,0,0.0009885970002869726,32,0.0,0.0,8.944145545698751e-05,0.010000000000000002,0.5739888668989219,-0.03042048878169522,0.13539879674393546,0.03214098827454506,0.25244381809495686,0.036726729123601684,0.606129855173467,0.22202332931326163,0.17212552586753715,False,False,False
1790736105.901189,APPROACH,0.009965123000000001,0.0023264779997589358,0.008868213106482337,0.0014526922041762091,0.019861978820004733,0.02600677347875003,0.04520816493742066,0.047883483026923884,0.006806243634611813,0.004941419411675543,0.013566184282236597,0.028203148303788075,0.04273881593470501,0.056410112103133014,0.6055548126348399,0.2251001781683538,0.17268608258989668,CONTROL,0.6700000000000004,1790736105901188822,1790736105903771776,16601,908725000000,1790736105900779895,1,1,0,0.0009793700000955141,32,0.0,0.0,9.001934955588808e-05,0.010000000000000002,0.5741495410224687,-0.027578090090050775,0.13693913615942402,0.03140527161237113,0.25267826825840456,0.035746946430472666,0.6055548126348399,0.2251001781683538,0.17268608258989668,False,False,False
1790736105.911146,APPROACH,0.009956957,0.0020177719998173416,0.009132839632504108,0.0019082744627247905,0.02035031344634186,0.026614518962764226,0.04627210993010001,0.04900408944564332,0.0070918416203809035,0.005374212219543317,0.014137418891228796,0.028917284783954535,0.0438210124061533,0.0578384816762461,0.6063982043149129,0.23022114487665035,0.17515081251888037,CONTROL,0.6800000000000004,1790736105911145709,1790736105913394599,16621,908735000000,1790736105910694903,1,1,0,0.0008523589999640535,32,0.0,0.0,9.058252395870063e-05,0.010000000000000002,0.5743098150021492,-0.024675235541102347,0.13851350934375617,0.032088389312763664,0.2548963804177527,0.03663730317512422,0.6063982043149129,0.23022114487665035,0.17515081251888037,False,False,False
1790736105.921139,APPROACH,0.009992936000000001,0.002633992000028229,0.009400273614805776,0.002380011833274409,0.020840773051008288,0.02685541699492918,0.048010880564935514,0.049124994225481146,0.007384605804749767,0.005817864625056297,0.014722986866908011,0.029636363628588007,0.04491069849553228,0.05927673664692671,0.6070878168505515,0.23293521097874914,0.17731554234103625,CONTROL,0.6900000000000004,1790736105921138835,1790736105924123503,16641,908745000000,1790736105920692447,1,1,0,0.0008816939998723683,32,0.0,0.0,9.026184296382538e-05,0.010000000000000002,0.5744696805109742,-0.021711440810993844,0.140122175535335,0.03261813633957718,0.254646651789743,0.03719336680570125,0.6070878168505515,0.23293521097874914,0.17731554234103625,False,False,False
1790736105.9312503,APPROACH,0.010111381000000001,0.002009334999911516,0.009686371817694273,0.002890406100515719,0.021363984462498653,0.027793892230496862,0.048832462202150886,0.05108916213531212,0.007684584880848832,0.0062724504173785976,0.01532298560212261,0.03036023886887965,0.04600765300292533,0.060724585057809595,0.6037066315482886,0.22599853966338096,0.17440872256750065,CONTROL,0.7000000000000004,1790736105931250176,1790736105933488727,16661,908755500000,1790736105931140808,1,1,0,0.0008315889999721549,31,0.0,0.0,9.952735518075728e-05,0.010000000000000002,0.574629127675361,-0.018686236343142256,0.14176538563724528,0.02907750387292761,0.24468477600652322,0.03264333693025537,0.6037066315482886,0.22599853966338096,0.17440872256750065,False,False,False
1790736105.9412067,APPROACH,0.009956236,0.0019994070003122033,0.009955715257807363,0.0033546908977717393,0.021861742873360956,0.0287650656634304,0.048862326147895624,0.05346810142372825,0.007991826086141619,0.006738041179768823,0.0159375095781902,0.031088765340256466,0.04711165594714812,0.06218173656011001,0.6096585834169062,0.24861565404345282,0.18351566202303826,CONTROL,0.7100000000000004,1790736105941206562,1790736105943444732,16680,908765000000,1790736105941105510,1,1,0,0.0008269509999081492,32,0.0,0.0,9.287050821148448e-05,0.010000000000000002,0.574788145070486,-0.0155991672968962,0.14344338223827693,0.03487043834642013,0.264214821340349,0.04007227978476134,0.6096585834169062,0.24861565404345282,0.18351566202303826,False,False,False
1790736105.9511793,APPROACH,0.009972728,0.0019898190003004856,0.010245601559025097,0.003850965618029889,0.022400087920174894,0.02902086629757303,0.05088836583741331,0.05359724226450888,0.008306375210467096,0.007214706301767406,0.01656665038098346,0.03182179868238133,0.04822248856574866,0.06364790241362375,0.6099833193158974,0.250113322775697,0.1852390033797541,CONTROL,0.7200000000000004,1790736105951179190,1790736105953430234,16700,908775000000,1790736105950966716,1,1,0,0.0008350560001417762,32,0.0,0.0,9.178807304016506e-05,0.010000000000000002,0.574946719716099,-0.012449793496442702,0.14515639963362195,0.03503659959979849,0.2625631162721397,0.04008260374613215,0.6099833193158974,0.250113322775697,0.1852390033797541,False,False,False
1790736105.9611785,APPROACH,0.009999057,0.0019544410001799406,0.010538852381265507,0.004370046246406467,0.0229403601128797,0.029785492128093307,0.05250444677579838,0.05500111419297561,0.008628276604082042,0.007702512991383909,0.01721049671701591,0.03255919533915296,0.04933993331500725,0.06512279548672707,0.6079762884008284,0.24600719244471664,0.18406122468309324,CONTROL,0.7300000000000004,1790736105961178287,1790736105963347807,16720,908785000000,1790736105960855204,1,1,0,0.0008229529998970975,32,0.0,0.0,9.009193029046543e-05,0.010000000000000002,0.5751048370727989,-0.009237689379947895,0.1469046638452513,0.03287145132802948,0.25524488182466454,0.03715656083784193,0.6079762884008284,0.24600719244471664,0.18406122468309324,False,False,False
1790736105.9711802,APPROACH,0.010001622,0.0020109489996684715,0.01084358652565065,0.004897703021415012,0.023505738923434993,0.031142431939822274,0.05279795339766773,0.05816041625736023,0.008957573185703402,0.008201526287284372,0.01786913442952776,0.03330081255870594,0.05046377386993655,0.06660613025637684,0.6071605618111557,0.2486700717076863,0.18456698137197475,CONTROL,0.7400000000000004,1790736105971179939,1790736105973431706,16740,908795000000,1790736105970740535,1,1,0,0.000834595000014815,32,0.0,0.0,9.048117412513478e-05,0.010000000000000002,0.5752624810387822,-0.005962443948925578,0.14868839264197586,0.031898080772373605,0.2546325156566119,0.035878588729998884,0.6071605618111557,0.2486700717076863,0.18456698137197475,False,False,False
1790736105.9811442,APPROACH,0.009964092,0.0019835859998238448,0.011159866885288139,0.0054299906693549005,0.024097301181482234,0.031836645224280695,0.05394775422252451,0.05946645781208086,0.00929430645055064,0.008711809070978611,0.018542646514571662,0.034046508393410724,0.05159379512428153,0.06809762280811037,0.6077000771232093,0.2532760831071992,0.18689631672256687,CONTROL,0.7500000000000004,1790736105981143940,1790736105983358836,16760,908805000000,1790736105980677875,1,1,0,0.0008306069998980092,32,0.0,0.0,9.087211724308001e-05,0.010000000000000002,0.5754196339470667,-0.0026236607178286783,0.15050779555919727,0.032280443176142586,0.25589974382502784,0.036388521163369596,0.6077000771232093,0.2532760831071992,0.18689631672256687,False,False,False
1790736105.9912295,APPROACH,0.010085541,0.0019839970000248286,0.011496669392474956,0.00600564400898751,0.024724793615687357,0.03229603889950348,0.05561673931762736,0.060089503003753084,0.009638516478388117,0.009233422079007566,0.019231113137098573,0.034796141699873634,0.052729783190519484,0.06959699083604558,0.6042398584665295,0.2444000737910435,0.18403656054630974,CONTROL,0.7600000000000005,1790736105991229562,1790736105993449648,16780,908815500000,1790736105991137518,1,1,0,0.0008133740002449485,31,0.0,0.0,9.927232812243186e-05,0.010000000000000002,0.5755762765632042,0.000779042336151924,0.15236307391835627,0.028663581903325273,0.24362103145489158,0.03167348662795346,0.6042398584665295,0.2444000737910435,0.18403656054630974,False,False,False
1790736106.0012019,APPROACH,0.009972567,0.0020861210000475694,0.011807770765067893,0.00653582205653791,0.025305352678885118,0.033242825845763026,0.0556462907333284,0.062423548818538045,0.009990241941567422,0.009766423915130596,0.01993461164704351,0.03554957213893682,0.05387152539986001,0.07110395364288083,0.6111516327543675,0.27003288747987514,0.19458030789267666,CONTROL,0.7700000000000005,1790736106001201639,1790736106003586467,16799,908825000000,1790736106000815866,1,1,0,0.0008266600002571067,32,0.0,0.0,9.351447728101927e-05,0.010000000000000002,0.5757323880834792,0.004246032823088845,0.1542544208460861,0.03541924467088835,0.2657868546567863,0.040325887046590576,0.6111516327543675,0.27003288747987514,0.19458030789267666,False,False,False
1790736106.011195,APPROACH,0.009993537,0.0021234419996289944,0.012144091880553098,0.00709773415250492,0.025937564067861185,0.03383072839879883,0.057264027831646504,0.06341886602664754,0.010349520113069754,0.010310871062512831,0.02065321659541139,0.03630666017567833,0.055018810302245064,0.07261823213989504,0.6114610195623531,0.27315603013012935,0.1965955565401151,CONTROL,0.7800000000000005,1790736106011194995,1790736106013690665,16818,908835000000,1790736106010829932,1,1,0,0.0008868139998412516,32,0.0,0.0,9.260691082330492e-05,0.010000000000000002,0.5758879461336108,0.00777766399013074,0.1561820212930787,0.0355730734287423,0.2653783661399986,0.04041353524703639,0.6114610195623531,0.27315603013012935,0.1965955565401151,False,False,False
1790736106.0212257,APPROACH,0.010029997,0.0021225710001999687,0.012485804985416848,0.007681269196242901,0.026576063785121118,0.034553879469256,0.05919020444992656,0.06454285001889509,0.010716386874548268,0.010866817895912477,0.021386999750362807,0.03706726707941207,0.05617142766634891,0.07413954884694772,0.609079182308705,0.2680725081694023,0.19530415303025064,CONTROL,0.7900000000000005,1790736106021225583,1790736106023655407,16838,908845000000,1790736106021077922,1,1,0,0.0008514070000273932,32,0.0,0.0,9.05620101498038e-05,0.010000000000000002,0.5760429267679505,0.011374274771138431,0.1581460520526733,0.03303625554075437,0.25669823339826386,0.03715810097757735,0.609079182308705,0.2680725081694023,0.19530415303025064,False,False,False
1790736106.031172,APPROACH,0.009946097000000001,0.002179327999783709,0.0128019815993472,0.008217635601006634,0.02716804219936142,0.03571888044122912,0.05967732290077917,0.06725559699607417,0.011090876724370442,0.011434316693868147,0.02213603011329987,0.03783125492368779,0.057329168479578134,0.07566762789247881,0.6156878026138043,0.2928431217237329,0.20556297428735107,CONTROL,0.8000000000000005,1790736106031171740,1790736106033742472,16856,908854000000,1790736106031073273,1,1,0,0.0008759739998822624,32,0.0,0.0,9.782218714522855e-05,0.010000000000000002,0.5761973044691951,0.015036189836157083,0.1601466817791783,0.03949049814460911,0.2778069318875758,0.04541629250817278,0.6156878026138043,0.2928431217237329,0.20556297428735107,False,False,False
1790736106.0411372,APPROACH,0.009965564000000001,0.002379629000188288,0.01316474633268605,0.008822015235776526,0.027852652016480572,0.036639404777124386,0.06166747927166323,0.0690744460895561,0.011473022785660428,0.01201341765088618,0.02290037393495199,0.03859848658629109,0.058491824948071626,0.07720219501350879,0.6115932425978902,0.28274645582692537,0.20177792871489075,CONTROL,0.8100000000000005,1790736106041137154,1790736106043798577,16876,908864000000,1790736106041009571,1,1,0,0.0009878460000436462,32,0.0,0.0,9.238607590828066e-05,0.010000000000000002,0.5763510521486066,0.018763719640739557,0.16218407100593585,0.03524219044928357,0.26398273618618584,0.03959385770895492,0.6115932425978902,0.28274645582692537,0.20177792871489075,False,False,False
1790736106.05118,APPROACH,0.01004269,0.00201812199975393,0.013536326141375454,0.00944937739154117,0.02855204119955035,0.03766727120746104,0.06339507240784426,0.07096965014283925,0.011862856814341405,0.012604168889627954,0.023680094731461654,0.03936882574924348,0.059659190496700626,0.07874297755563871,0.6069082666949771,0.2717265035774092,0.19761822268314394,CONTROL,0.8200000000000005,1790736106051179694,1790736106053442902,16896,908874000000,1790736106050735400,1,1,0,0.0008386220001739275,32,0.0,0.0,8.964811192831395e-05,0.010000000000000002,0.5765041411467559,0.02255716047513251,0.1642583721631422,0.030404125548221247,0.24916934310227667,0.033359850520001726,0.6069082666949771,0.2717265035774092,0.19761822268314394,False,False,False
1790736106.0611458,APPROACH,0.009965514,0.0019619160002548597,0.013939234825556035,0.010117476414441384,0.0293133938486565,0.03901688147629408,0.06356922853044561,0.0740813315705431,0.012260409207177957,0.013206616473097236,0.024475253300470297,0.04014213689880229,0.06083105976906871,0.08028970447305013,0.6021352805179538,0.26306949271408125,0.19341178040879392,CONTROL,0.8300000000000005,1790736106061145498,1790736106063332922,16917,908884500000,1790736106061050298,1,1,0,0.0008106090003821009,31,0.0,0.0,9.879808703431805e-05,0.010000000000000002,0.5766565412347837,0.02641679451333881,0.16636972959543456,0.025478739283170078,0.23665269820074245,0.027042050813359357,0.6021352805179538,0.26306949271408125,0.19341178040879392,False,False,False
1790736106.0711815,APPROACH,0.010035958000000001,0.0020073209998372477,0.014333043893787867,0.010754406957631524,0.030062244938020566,0.03948854062086174,0.06394317542822299,0.07511935541907117,0.012665709009818426,0.013820804416827499,0.025285907737204075,0.040918285325460706,0.06200722862751171,0.08184210632850507,0.6075374462645708,0.28347797395952784,0.20239138509491508,CONTROL,0.8400000000000005,1790736106071181336,1790736106073419887,16937,908894500000,1790736106070907346,1,1,0,0.000837240000237216,32,0.0,0.0,9.093799673079191e-05,0.010000000000000002,0.5768082206161947,0.030342889862083312,0.16851827957926174,0.03072922564837611,0.2531350840974445,0.03387310551565335,0.6075374462645708,0.28347797395952784,0.20239138509491508,False,False,False
1790736106.0811925,APPROACH,0.010011341,0.002374720000261732,0.014728581773209015,0.011400692544470736,0.030812811950123642,0.03957168538416345,0.06554295353056164,0.07487881034747494,0.013078783924837243,0.014446774701069205,0.02611211345055963,0.04169713712394782,0.06318749415309786,0.0833999152933462,0.6111792136271084,0.29621809646117514,0.2091171706176601,CONTROL,0.8500000000000005,1790736106081192476,1790736106083838070,16957,908904500000,1790736106080775515,1,1,0,0.0009735489998092817,32,0.0,0.0,9.277336801037387e-05,0.010000000000000002,0.576959145929179,0.0343357006096774,0.17070415034004682,0.034220067697929374,0.26188239585149775,0.03841302027761328,0.6111792136271084,0.29621809646117514,0.2091171706176601,False,False,False
1790736106.0912933,APPROACH,0.01010043,0.002007872999911342,0.015147565726215007,0.012097485685043097,0.03160429088408501,0.0404178075224531,0.06689556724308525,0.076483802890431,0.013499660319777331,0.015084567282977183,0.026953923179189963,0.04247855919322854,0.06437165464562768,0.08496286514749661,0.607016256748093,0.28705541429805925,0.20577976766554257,CONTROL,0.8600000000000005,1790736106091293187,1790736106093519365,16978,908915000000,1790736106091173780,1,1,0,0.0008432409999841184,32,0.0,0.0,8.820789721278159e-05,0.010000000000000002,0.577109282249469,0.03839546687482034,0.1729274620691614,0.029906974498623954,0.24865994742323894,0.03285230559638117,0.607016256748093,0.28705541429805925,0.20577976766554257,False,False,False
1790736106.1012244,APPROACH,0.009931008,0.0020506640003077337,0.01555854067564244,0.012767858198686532,0.03238451075263393,0.041704916000851945,0.0669325259053673,0.07957258674759926,0.013928363235192436,0.015734220108797933,0.027811387007590206,0.04326241923650368,0.06555950962363402,0.08653069127945996,0.6084944621243966,0.2976262470216242,0.2097333850849058,CONTROL,0.8700000000000006,1790736106101224095,1790736106103531898,16998,908925000000,1790736106101099919,1,1,0,0.0008453550003650889,32,0.0,0.0,9.123964716394903e-05,0.010000000000000002,0.5772585930937383,0.0425224148553496,0.1751883269407286,0.031235869030658295,0.25510383216627464,0.03454505814417718,0.6084944621243966,0.2976262470216242,0.2097333850849058,False,False,False
1790736106.1115365,APPROACH,0.010313475,0.0025897780001287174,0.01583186182519647,0.013203856563878347,0.032906527086541626,0.042122740936598776,0.06756806592084483,0.08045613867686016,0.014364916392689485,0.016395769126056926,0.028684552382183426,0.04404858576120983,0.066750859824382,0.08810313068632036,0.6420992458793803,0.40367990016653066,0.25541052718625656,CONTROL,0.8800000000000006,1790736106111536418,1790736106114584295,17011,908931500000,1790736106111309517,1,1,0,0.0010694010002225696,34,0.0,0.0,9.399616960730316e-05,0.010000000000000002,0.5774070404235381,0.04671675687694637,0.17748684912826465,0.06469220545584216,0.3569631432895843,0.07792367805799194,0.6420992458793803,0.40367990016653066,0.25541052718625656,False,False,False
1790736106.1211853,APPROACH,0.009647821000000001,0.002119323999977496,0.016273911791075513,0.013940317810114067,0.033745956655907516,0.04211864640812555,0.07432082483985489,0.07906869325614425,0.014809342202970956,0.017069248295745958,0.02957346412740643,0.04483692807901958,0.06794550720386922,0.08967992197374265,0.6214328501418337,0.33544794133789013,0.22994459085387164,CONTROL,0.8900000000000006,1790736106121185371,1790736106123604654,17030,908942000000,1790736106120815698,1,1,0,0.0008535599999959231,32,0.0,0.0,9.613693537354642e-05,0.010000000000000002,0.5775545846497863,0.050978691441837344,0.17982312482118423,0.04387826549204742,0.28446924989605277,0.050121466032687426,0.6214328501418337,0.33544794133789013,0.22994459085387164,False,False,False
1790736106.1312737,APPROACH,0.010088267000000001,0.002121719000115263,0.01668566120055992,0.014663150345310072,0.034520094090205955,0.04520398589791267,0.07541437356148453,0.08617607486375041,0.015261661773877225,0.01775468960451046,0.030478164461795573,0.04562731630584125,0.0691432549368254,0.09126080535597195,0.6068484944766075,0.29879072479102825,0.21286453250069665,CONTROL,0.9000000000000006,1790736106131273798,1790736106133675839,17048,908951500000,1790736106131167205,1,1,0,0.0008712940002624237,32,0.0,0.0,8.997385620471034e-05,0.010000000000000002,0.5777011846377971,0.05530840327749386,0.18219724224118303,0.02914730983881038,0.2434823215135344,0.03066729025951363,0.6068484944766075,0.29879072479102825,0.21286453250069665,False,False,False
1790736106.1411815,APPROACH,0.009907604,0.002030566000030376,0.01718057902421677,0.015441409287643815,0.03547486803304478,0.0484017337020967,0.07304143044869074,0.09411256835156814,0.01572189491842894,0.018452123076836822,0.031398693014072575,0.04641962136181906,0.07034390741671268,0.09284552265583398,0.597346720709875,0.2835995349146337,0.20301184706303918,CONTROL,0.9100000000000006,1790736106141181372,1790736106143451633,17069,908962000000,1790736106140858198,1,1,0,0.0008159399999385641,31,0.0,0.0,9.820599953377087e-05,0.010000000000000002,0.5778467977128692,0.059706063385362704,0.18460928165851906,0.01949992299700588,0.22389347152927097,0.01840256540452012,0.597346720709875,0.2835995349146337,0.20301184706303918,False,False,False
1790736106.1512086,APPROACH,0.010027481000000001,0.0020220399997015193,0.017688051854177544,0.016214438126986863,0.036457105753595176,0.04726089427502549,0.07531167617942261,0.09048027572857902,0.016190060162869366,0.019161576787239714,0.032335086839230316,0.04721371497133317,0.0715472702557256,0.09443381730473513,0.5996116494974831,0.2906189660782606,0.20881913138135014,CONTROL,0.9200000000000006,1790736106151208523,1790736106153535131,17090,908972500000,1790736106150807231,1,1,0,0.0008205780000025698,31,0.0,0.0,9.823524350150785e-05,0.010000000000000002,0.5779913796664236,0.06417182908964295,0.18705931540821072,0.021620269831059614,0.22644713698861765,0.021759815973139408,0.5996116494974831,0.2906189660782606,0.20881913138135014,False,False,False
1790736106.1611955,APPROACH,0.009987055,0.00210209200031386,0.018177814738357334,0.017015623778851463,0.03738730431863191,0.04661901649447587,0.0763434228151389,0.0885759968939013,0.01666617475470675,0.019883076872449428,0.03328738043461864,0.04800946966299948,0.07275315028479087,0.09602543434266213,0.6051547008978849,0.3089186027455136,0.21862627749312097,CONTROL,0.9300000000000006,1790736106161195618,1790736106163572922,17111,908983000000,1790736106160801760,1,1,0,0.000835676000406238,32,0.0,0.0,8.816014457872224e-05,0.010000000000000002,0.5781348847627003,0.06870584408613796,0.18954740790617555,0.0270198161351847,0.24021275865937564,0.029078869586945402,0.6051547008978849,0.3089186027455136,0.21862627749312097,False,False,False
1790736106.1711996,APPROACH,0.010003737,0.0023295040000448353,0.018673484461637635,0.017810644725739344,0.0383336062239894,0.04807555302702024,0.07481738488068837,0.09254512537023334,0.01715025467075668,0.020616647543599164,0.03425560575603014,0.04880675876966982,0.07396135555356764,0.09762012041818227,0.6076825251015409,0.3250833315089843,0.2241383230240479,CONTROL,0.9400000000000006,1790736106171199374,1790736106173868082,17132,908993500000,1790736106170926676,1,1,0,0.00098127299997941,32,0.0,0.0,9.073575500211374e-05,0.010000000000000002,0.578277265746013,0.07330823849119354,0.1920736156653253,0.029405259355527895,0.2517750930177907,0.032064707358722605,0.6076825251015409,0.3250833315089843,0.2241383230240479,False,False,False
1790736106.1811976,APPROACH,0.009997885,0.002034594000178913,0.019183201864939825,0.018597009676898146,0.03931683661980534,0.0484348572309855,0.07594040388220302,0.09319445788587895,0.017642314625184428,0.021362311098412377,0.035239792233786024,0.04960545642843188,0.07517169533044732,0.09921762378844345,0.6075541649513158,0.3285271400963921,0.22631695581480976,CONTROL,0.9500000000000006,1790736106181197520,1790736106183472921,17153,909004000000,1790736106181088473,1,1,0,0.000842369999645598,32,0.0,0.0,8.948119652419639e-05,0.010000000000000002,0.578418473848566,0.07797912889076535,0.19463798731164741,0.029135691102749668,0.25054801120562675,0.03167896850316233,0.6075541649513158,0.3285271400963921,0.22631695581480976,False,False,False
1790736106.191194,APPROACH,0.009996743,0.00222630799999024,0.019618096354219183,0.01929000355748034,0.040150645853287426,0.048231701238270905,0.07786377065838776,0.09233969144876127,0.01814236807754734,0.022120087933390112,0.03623996678882185,0.05040543758060918,0.07638398010255366,0.10081769431917403,0.6214624113204131,0.37231965525019234,0.24676093346500777,CONTROL,0.9600000000000006,1790736106191193983,1790736106193777268,17171,909013000000,1790736106189874176,1,1,0,0.0009039660003509198,33,0.0,0.0,8.905826346137738e-05,0.010000000000000002,0.5785584587988316,0.08271861838962224,0.19724056360028847,0.04290395252158157,0.2896010368605701,0.04952036986471932,0.6214624113204131,0.37231965525019234,0.24676093346500777,False,False,False
1790736106.2012415,APPROACH,0.010047921000000001,0.0024919420002333936,0.02015200206637857,0.020159439175128746,0.04117046865039642,0.04919537310618478,0.08026470858489428,0.09398069704685011,0.01865042724083717,0.022889996555998313,0.03725615384877337,0.05120657797176117,0.07759802157574278,0.10242008348468296,0.6073580419256767,0.3324528047645192,0.23084921972532588,CONTROL,0.9700000000000006,1790736106201241242,1790736106204090512,17193,909024000000,1790736106200931924,1,1,0,0.0009958310001820792,31,0.0,0.0,9.82898519790579e-05,0.010000000000000002,0.5786971688304945,0.08752679666072348,0.19988137743166876,0.028660873095182213,0.24492600810379575,0.03096784229365712,0.6073580419256767,0.3324528047645192,0.23084921972532588,False,False,False
1790736106.2112436,APPROACH,0.010001382000000001,0.0024078620003820106,0.020680231141094296,0.021004794863586973,0.04218210275911938,0.051430935066975575,0.07970227666483569,0.09920850902214272,0.019166503089522443,0.023672053596855133,0.03828837536406234,0.05200875415168306,0.07881363267460303,0.10402454436785957,0.6003795975540847,0.32085339789561595,0.22449028128023873,CONTROL,0.9800000000000006,1790736106211243425,1790736106213955045,17214,909034500000,1790736106211108479,1,1,0,0.0009755420001056336,31,0.0,0.0,9.515958543124664e-05,0.010000000000000002,0.5788345506919602,0.09240373999478518,0.20256045386764782,0.021545046862124412,0.22844965790083077,0.021929827412590912,0.6003795975540847,0.32085339789561595,0.22449028128023873,False,False,False
1790736106.221212,APPROACH,0.00996867,0.002357927000048221,0.021201214437969185,0.021796444368951562,0.04319028618385046,0.05208629144607859,0.0792575414140299,0.10088660677376497,0.019690605367590805,0.02446627382191826,0.03933665082398228,0.052811843474406,0.08003062754245517,0.10563083166017385,0.609373463497544,0.35503655100401893,0.23884609208995689,CONTROL,0.9900000000000007,1790736106221211995,1790736106223867398,17234,909044500000,1790736106220948234,1,1,0,0.0009822759998314723,32,0.0,0.0,9.229959685304104e-05,0.010000000000000002,0.5789705496564336,0.09734951135007563,0.20527781014777077,0.03040291384111034,0.2576870396539433,0.033568281942186105,0.609373463497544,0.35503655100401893,0.23884609208995689,False,False,False
1790736106.2311876,APPROACH,0.009975362,0.002308803999767406,0.021718108979968953,0.022600244559421334,0.04418762099082896,0.051076167027939406,0.08220402195106159,0.0980244818220111,0.020222742596591424,0.025272670144672296,0.040400997272784366,0.05361572409819698,0.08124882154135224,0.10723870166167633,0.6163108578628183,0.3751755390434246,0.25029998467201264,CONTROL,1.0000000000000007,1790736106231187428,1790736106233747900,17254,909054500000,1790736106230890664,1,1,0,0.0009722560002956016,32,0.0,0.0,9.495482237283612e-05,0.010000000000000002,0.5791051095325643,0.10236416040245475,0.20803345570561738,0.0372057483302539,0.2728113786409698,0.04226652896639525,0.6163108578628183,0.3751755390434246,0.25029998467201264,False,False,False
1790736106.241188,APPROACH,0.010000380000000001,0.0024212879998231074,0.022229204308888306,0.023435859513139867,0.0451659193985825,0.05175839212440257,0.08408467644288303,0.09936543677024093,0.02076292208367729,0.026091253638316,0.041481429325763146,0.05442027498555883,0.08246803125207956,0.1088479122809979,0.6161435182527849,0.37765570311042773,0.25241939287765114,CONTROL,1.0100000000000007,1790736106241187848,1790736106243899558,17274,909064500000,1790736106240710121,1,1,0,0.0009882270001071447,32,0.0,0.0,9.349627891655527e-05,0.010000000000000002,0.5792381726756608,0.10744772359569121,0.21082739218528068,0.03690534557712414,0.2702079795147365,0.04159200069237045,0.6161435182527849,0.37765570311042773,0.25241939287765114,False,False,False
1790736106.2511995,APPROACH,0.010011892000000001,0.002236066000023129,0.022758160634038127,0.024277082249800408,0.04618570923625098,0.054045241182677985,0.0839110016502495,0.1047750629768324,0.021311149929647614,0.026922033547949642,0.04257795918534238,0.055225375903230275,0.0836880744741549,0.11045822303535015,0.6135054328499613,0.37877290417829346,0.25152231459704044,CONTROL,1.0200000000000007,1790736106251199440,1790736106253742038,17294,909074500000,1790736106250933434,1,1,0,0.0009830760000113514,32,0.0,0.0,9.319375532782158e-05,0.010000000000000002,0.5793696799994791,0.11260022419208819,0.21365961345800577,0.03413575285048219,0.26617267998620525,0.037862701139034664,0.6135054328499613,0.37877290417829346,0.25152231459704044,False,False,False
1790736106.2611928,APPROACH,0.009992936000000001,0.002156065000235685,0.023305376594877636,0.025122298205014104,0.047247476048543735,0.05481896514932559,0.08574125296818466,0.10618487257707113,0.021867431036990154,0.027765017302762346,0.04369059665716084,0.056030907422185895,0.08490877022582825,0.11206939505052514,0.6122930044979668,0.37940680255055337,0.25259013254538565,CONTROL,1.0300000000000007,1790736106261192786,1790736106263643079,17314,909084500000,1790736106260957479,1,1,0,0.00090676199988593,32,0.0,0.0,9.255197272875647e-05,0.010000000000000002,0.5794995709885788,0.11782167232344122,0.21653010563901123,0.032793433509387904,0.26158513022711216,0.0360600269063744,0.6122930044979668,0.37940680255055337,0.25259013254538565,False,False,False
1790736106.2712092,APPROACH,0.010016832,0.0020333010002104857,0.023855105506597418,0.025991908438665945,0.04830957982983852,0.055146994598230595,0.08790489295092635,0.10645964412536545,0.022431769117923623,0.0286202105282194,0.04481934916615814,0.056836750917636104,0.08612993874408194,0.11368119106089543,0.6123529458101449,0.3824401867987999,0.25539935117089385,CONTROL,1.0400000000000007,1790736106271209157,1790736106273527199,17334,909094500000,1790736106270905490,1,1,0,0.00083904299981441,32,0.0,0.0,9.21722684248988e-05,0.010000000000000002,0.5796277837112556,0.12311206504236258,0.21943884710452558,0.032725162098889315,0.25932812175643727,0.03596050406636825,0.6123529458101449,0.3824401867987999,0.25539935117089385,False,False,False
1790736106.2811818,APPROACH,0.009971956,0.001984979000098974,0.024412489657068548,0.026875250099735126,0.04938644527938996,0.05647555172053612,0.08835160686220625,0.10946170342993704,0.023004166702439988,0.02948761705824955,0.04596422177266051,0.05764278856902722,0.08735140148463065,0.11529337540941413,0.6129338770418016,0.3909708154074935,0.25889063150364383,CONTROL,1.0500000000000007,1790736106281181584,1790736106283399025,17354,909104500000,1790736106280791964,1,1,0,0.0008354259998668567,32,0.0,0.0,9.321701551997535e-05,0.010000000000000002,0.5797542548330402,0.12847138637399813,0.22238580850906436,0.03317962220876137,0.2624994290334954,0.03650482299457949,0.6129338770418016,0.3909708154074935,0.25889063150364383,False,False,False
1790736106.2911856,APPROACH,0.010004087,0.002120567000019946,0.02498364167780931,0.02776252275389801,0.05049459793634137,0.057469643977893684,0.08940810979508225,0.11154290648682619,0.02358462514634688,0.0303672389474324,0.04712521718846663,0.058448903360041354,0.08857298112192132,0.1169057140476148,0.6133660561996521,0.3980399887119094,0.2622481325646983,CONTROL,1.0600000000000007,1790736106291185531,1790736106293549830,17374,909114500000,1790736106290801201,1,1,0,0.0008478200002173253,32,0.0,0.0,9.366223927714844e-05,0.010000000000000002,0.5798789196307789,0.13389960736817216,0.22537095280298053,0.03348713656887323,0.26414038134373724,0.036877179761717775,0.6133660561996521,0.3980399887119094,0.2622481325646983,False,False,False
1790736106.3012383,APPROACH,0.010052950000000001,0.0019803709997177066,0.0255614071182384,0.028666168882388376,0.051614501252915,0.05795698098243177,0.09135637302114379,0.11225113627339049,0.02417314463930992,0.031259076483185634,0.04830233579293339,0.05925497907859659,0.08979450154913333,0.11851797453561168,0.6132629861341028,0.40145382296435145,0.26495881648728503,CONTROL,1.0700000000000007,1790736106301238250,1790736106303446734,17394,909124500000,1790736106300784008,1,1,0,0.0008340340000358992,32,0.0,0.0,9.31034973253954e-05,0.010000000000000002,0.5800017120072779,0.13939668615198508,0.22839423525031344,0.03326127412682484,0.26205713681236636,0.03656458123697159,0.6132629861341028,0.40145382296435145,0.26495881648728503,False,False,False
1790736106.3111956,APPROACH,0.009957108000000001,0.0023304050000660936,0.02614574319008156,0.029586630153835003,0.05274599411113501,0.05899846905040223,0.09240284642084401,0.11444301719301886,0.02476972421289511,0.03216312819795244,0.04949557564906178,0.06006090031684673,0.09101578787817824,0.12012992604209935,0.6130719458498258,0.40663590535530664,0.2675754552865857,CONTROL,1.0800000000000007,1790736106311195318,1790736106313785837,17414,909134500000,1790736106310864780,1,1,0,0.0009824159997151583,32,0.0,0.0,9.321710871916109e-05,0.010000000000000002,0.5801225645065284,0.14496256798290524,0.2314556034469723,0.03294938134329738,0.2616733373724014,0.036119851839613415,0.6130719458498258,0.40663590535530664,0.2675754552865857,False,False,False
1790736106.3211424,APPROACH,0.009946889,0.002398374999756925,0.026742436706947537,0.03051447884716829,0.05390371303629893,0.06016439391129977,0.09323619198431884,0.11684235614180989,0.025374361748611112,0.033079390881388705,0.05070493251958253,0.06086655247118158,0.09223666643970008,0.1217413393443531,0.6131587262538288,0.4136090182262208,0.2707740044164945,CONTROL,1.0900000000000007,1790736106321142327,1790736106323805424,17434,909144500000,1790736106320696601,1,1,0,0.0010089860002153728,32,0.0,0.0,9.37562052816457e-05,0.010000000000000002,0.5802414083295006,0.1505971853023731,0.2345549973392794,0.03291731792432829,0.2630118329238477,0.03621900707721513,0.6131587262538288,0.4136090182262208,0.2707740044164945,False,False,False
1790736106.3312314,APPROACH,0.010088968,0.0025860899995677755,0.027348528307564735,0.03145394567537707,0.05507975831703282,0.060825035569322436,0.09481382824477272,0.11800012554666892,0.025987053985951743,0.034007859592550524,0.05193039988304217,0.06167182174222667,0.09345696478307501,0.12335198682822854,0.6133061837436776,0.4189455378060592,0.27401500967727194,CONTROL,1.1000000000000008,1790736106331231305,1790736106334210643,17454,909154500000,1790736106331095077,1,1,0,0.0010461759998179332,32,0.0,0.0,9.367366045105548e-05,0.010000000000000002,0.5803581733505115,0.15630045778996343,0.23769234924290744,0.03294801039316613,0.26264508001609577,0.036322660434364495,0.6133061837436776,0.4189455378060592,0.27401500967727194,False,False,False
1790736106.3411877,APPROACH,0.009956627000000001,0.002570561000084126,0.027929685802402737,0.03236206225644267,0.05620623233890276,0.06151098866037899,0.09618375565545369,0.11936366686700116,0.0266077965304382,0.03494852767208134,0.05317196894988858,0.06247659513484355,0.09467651167641178,0.12496164248816205,0.6193580863346168,0.4423808392164528,0.28487676046442284,CONTROL,1.1100000000000008,1790736106341187532,1790736106344095423,17473,909164000000,1790736106340737938,1,1,0,0.0010470480001458782,32,0.0,0.0,9.928848704879564e-05,0.010000000000000002,0.5804727881341677,0.16207229241813026,0.2408675838622421,0.03888529820044909,0.28030854679832257,0.044009176602180754,0.6193580863346168,0.4423808392164528,0.28487676046442284,False,False,False
1790736106.3511314,APPROACH,0.009943272000000001,0.0025234419999833335,0.028550323869591665,0.033331629069173196,0.057410394290049016,0.06257207922611281,0.09789072953413085,0.12149396095131537,0.027236583861661497,0.03590138675439937,0.05442962867855695,0.06328076045812948,0.09589513710655122,0.1265700819271703,0.6163359951759431,0.43850620570335763,0.28389244081090126,CONTROL,1.1200000000000008,1790736106351131334,1790736106354017715,17493,909174000000,1790736106350677593,1,1,0,0.0010699930003283953,32,0.0,0.0,9.53649445416377e-05,0.010000000000000002,0.5805851799528743,0.1679125835075688,0.24408061831020061,0.03575081522306876,0.2705936221957888,0.03981182250070066,0.6163359951759431,0.43850620570335763,0.28389244081090126,False,False,False
1790736106.3612256,APPROACH,0.010094018000000001,0.0023200950004138576,0.029214741647987985,0.034368810187293874,0.058700815003069895,0.06389780213721648,0.09941423511491931,0.1242847941888506,0.027873409341324776,0.03686642677988488,0.055703365791555506,0.06408420632541768,0.0971126722790666,0.12817708235685066,0.6050710056493276,0.4101188894707336,0.27214170540665344,CONTROL,1.1300000000000008,1790736106361225422,1790736106363812986,17514,909184500000,1790736106361103771,1,1,0,0.0009559959999023704,31,0.0,0.0,9.856562088382566e-05,0.010000000000000002,0.5806952748049234,0.1738212127832312,0.2473313621285398,0.02437573084440417,0.23629767668750243,0.02481034327811367,0.6050710056493276,0.4101188894707336,0.27214170540665344,False,False,False
1790736106.3711352,APPROACH,0.009909968,0.002312110999810102,0.029827828990309335,0.03531367101229321,0.059894553790579064,0.06499176790594,0.09911917743031122,0.1268649154913362,0.028518265221285723,0.037843636007067555,0.05699316479155139,0.06488682215427719,0.09832894961826351,0.12978242259738093,0.6149208367154112,0.44827802760447233,0.28820091886892196,CONTROL,1.1400000000000008,1790736106371135351,1790736106373710000,17533,909194000000,1790736106370682311,1,1,0,0.0009746410000843753,32,0.0,0.0,9.743415776054909e-05,0.010000000000000002,0.5808029974331459,0.17979804943102112,0.25061971730868365,0.03411783928226527,0.2684799781734512,0.037581201560238295,0.6149208367154112,0.44827802760447233,0.28820091886892196,False,False,False
1790736106.381282,APPROACH,0.010146798,0.0023278510002455732,0.030512694078059788,0.03636052803422274,0.061230255027294955,0.06510102787154082,0.10119796329785112,0.1266744178594067,0.029171142651598873,0.03883300102481379,0.0582990079774564,0.06568849816651288,0.0995438027671798,0.13138588307751942,0.6110097416383451,0.4401024580589681,0.28633821896113526,CONTROL,1.1500000000000008,1790736106381282159,1790736106383884090,17554,909204500000,1790736106381143255,1,1,0,0.0009707440003694501,32,0.0,0.0,9.082072843088847e-05,0.010000000000000002,0.5809082713441377,0.18584295015521463,0.25394557831310827,0.030101470294207348,0.25425950790375346,0.03239264064802701,0.6110097416383451,0.4401024580589681,0.28633821896113526,False,False,False
1790736106.3911903,APPROACH,0.009908145,0.002311660000032134,0.031165973828082727,0.03738185314957487,0.062499712255227546,0.06574701993920994,0.10240558087088367,0.12794340903245097,0.029832031688558008,0.03983450676451403,0.05962087546051286,0.0664891253881656,0.10075706658758575,0.13298724583460506,0.6119328065933513,0.4483122376134971,0.2907621031849641,CONTROL,1.1600000000000008,1790736106391190274,1790736106393759523,17574,909214500000,1790736106391059756,1,1,0,0.0009674269999777607,32,0.0,0.0,9.293770270983286e-05,0.010000000000000002,0.581011018828053,0.1919557592366259,0.25730883209731037,0.03092178776529828,0.2563564783768712,0.03345327108765375,0.6119328065933513,0.4483122376134971,0.2907621031849641,False,False,False
1790736106.4012249,APPROACH,0.010034355,0.002399917000275309,0.03182995060972349,0.03840666524303682,0.0637934540869689,0.06699840832817787,0.10252038825442544,0.13082326863042548,0.030500921302738477,0.04084813651227007,0.06095874518037934,0.06728859564951192,0.10196857715998385,0.1345862945145572,0.6141363886819287,0.4629886828035894,0.2968521200520641,CONTROL,1.1700000000000008,1790736106401224639,1790736106403895180,17594,909224500000,1790736106400968242,1,1,0,0.000971024000136822,32,0.0,0.0,9.493518040351008e-05,0.010000000000000002,0.5811111609789643,0.1981363085915606,0.26070935813239765,0.03302522770296433,0.2648523742120288,0.03614276191966645,0.6141363886819287,0.4629886828035894,0.2968521200520641,False,False,False
1790736106.4111807,APPROACH,0.009955695,0.001980842000193661,0.03250455044183109,0.03943744909295788,0.06510972682150706,0.06755690383120372,0.1041200798650542,0.13168230979597112,0.031177799387039577,0.041873871921082384,0.062312592921216506,0.06808680158506433,0.10317817178360895,0.13618281437187577,0.6150505679842887,0.47129790130381627,0.30152312989243174,CONTROL,1.1800000000000008,1790736106411180494,1790736106413387655,17614,909234500000,1790736106410910822,1,1,0,0.0008333619998666109,32,0.0,0.0,9.513098932157267e-05,0.010000000000000002,0.5812086177157922,0.20438441783159084,0.26414702842833215,0.033841950268496415,0.26691348347222543,0.03737610146409959,0.6150505679842887,0.47129790130381627,0.30152312989243174,False,False,False
1790736106.4211812,APPROACH,0.010000761,0.0020060200004081707,0.03318225938375985,0.040489472694872575,0.06642915401544736,0.06801913301646774,0.10607203011205553,0.13248194114188105,0.031862652764726926,0.04291169302303749,0.06368239232777295,0.06888363663357124,0.1043856889764283,0.13777659226964123,0.6144648356069852,0.4739013678902414,0.30397168837567834,CONTROL,1.1900000000000008,1790736106421181175,1790736106423474750,17634,909244500000,1790736106420912114,1,1,0,0.0008422599998993974,32,0.0,0.0,9.408253118493555e-05,0.010000000000000002,0.5813033078037945,0.2106998943241836,0.2676217075578607,0.03316152780319068,0.2632014735660578,0.03634998081781767,0.6144648356069852,0.4739013678902414,0.30397168837567834,False,False,False
1790736106.4312088,APPROACH,0.010027602,0.002090841000153887,0.033868692527879496,0.04155472595006504,0.06776710364160232,0.06935167473043365,0.10664181019984499,0.13547084929186048,0.03255546719747478,0.043961578241495186,0.06506811492147097,0.06967899503801679,0.10559096847514135,0.13936741667951452,0.6139578477775925,0.4799710694137721,0.306572053359609,CONTROL,1.2000000000000008,1790736106431208797,1790736106433995418,17654,909254500000,1790736106431073820,1,1,0,0.0008561160002500401,32,0.0,0.0,9.437250985473227e-05,0.010000000000000002,0.5813951488766254,0.21708253325421561,0.2711332526811656,0.03256269890096718,0.2628885361595565,0.03543880067844338,0.6139578477775925,0.4799710694137721,0.306572053359609,False,False,False
1790736106.4411843,APPROACH,0.009975533,0.00203781899972455,0.03456906507778257,0.04262457247807028,0.06913502662700788,0.07038651281368809,0.10761935095269781,0.13747706547829372,0.03325622739340842,0.045023504403275974,0.06646973011649233,0.07047277184562112,0.10679385123517997,0.1409550776817372,0.6140366079330336,0.48755836804221464,0.31031456957197107,CONTROL,1.2100000000000009,1790736106441184300,1790736106443480089,17674,909264500000,1790736106440863961,1,1,0,0.0008474090000163415,32,0.0,0.0,9.484351494545145e-05,0.010000000000000002,0.5814840574589502,0.22353211768641065,0.27468151357126785,0.032552550474083466,0.264026250355804,0.03563305600070321,0.6140366079330336,0.48755836804221464,0.31031456957197107,False,False,False
1790736106.4512017,APPROACH,0.010017252,0.0020105279995732417,0.035275420099227794,0.04371004397288747,0.07051329572880904,0.07072531710880507,0.10952580633665875,0.13798621595612826,0.03396491701514655,0.046097446750848335,0.06788720523586421,0.07126486290784015,0.10799417943070831,0.14253936696513128,0.6142095399771808,0.49273541214139005,0.313944491489181,CONTROL,1.2200000000000009,1790736106451201652,1790736106453457105,17694,909274500000,1790736106451095300,1,1,0,0.0008347850002792256,32,0.0,0.0,9.442413975706333e-05,0.010000000000000002,0.5815699489896227,0.23004841862873493,0.2782663326402201,0.03263959098755811,0.2626869935126551,0.0356781588489609,0.6142095399771808,0.49273541214139005,0.313944491489181,False,False,False
1790736106.4611466,APPROACH,0.009944784,0.001965933000064979,0.03598693892921556,0.04481175809116866,0.0719014759453338,0.07169136791369805,0.11047751957422976,0.14008817985530425,0.034681518687843554,0.04718337895451601,0.0693205055275448,0.07205516488036566,0.10919179645462282,0.14412007782709926,0.6142876555125368,0.49971031375123937,0.3174377815074866,CONTROL,1.2300000000000009,1790736106461146486,1790736106463328640,17714,909284500000,1790736106461042038,1,1,0,0.0008306880004056438,32,0.0,0.0,9.464713799685639e-05,0.010000000000000002,0.5816527378454222,0.23663119509677982,0.28188754496611795,0.03263491766711473,0.26307911865445954,0.03555023654136865,0.6142876555125368,0.49971031375123937,0.3174377815074866,False,False,False
1790736106.4712396,APPROACH,0.010093167,0.0019892069999514206,0.036709549010383924,0.04592062686302523,0.07331492864682021,0.07270198195096696,0.11134456962741894,0.142356770081809,0.03540601400723196,0.04828127312460544,0.07076959418050933,0.07284357522312533,0.11038654691855232,0.14569700517362424,0.6144208131667438,0.5071202009443867,0.3209560846688123,CONTROL,1.2400000000000009,1790736106471239412,1790736106473452194,17734,909294500000,1790736106470997984,1,1,0,0.0008321400000568246,32,0.0,0.0,9.494312599108936e-05,0.010000000000000002,0.5817323373653421,0.2432801941791724,0.28554497832096787,0.03268847580140161,0.26384000676521424,0.035411106347844466,0.6144208131667438,0.5071202009443867,0.3209560846688123,False,False,False
1790736106.4812293,APPROACH,0.009989930000000001,0.0023849689996495727,0.037440840458496716,0.04704095827109622,0.07474562256284889,0.07337516563210214,0.11282801181177934,0.1434759928384454,0.036138383547664694,0.049391099823652904,0.07223443234083564,0.07362999220028271,0.11157827665285797,0.14726994551926983,0.6144386780617772,0.51348163778475,0.3247535088730389,CONTROL,1.2500000000000009,1790736106481229333,1790736106483865669,17754,909304500000,1790736106480961204,1,1,0,0.0009879960002763255,32,0.0,0.0,9.488044810172487e-05,0.010000000000000002,0.581808659875434,0.2499951511040377,0.28923845319944036,0.0326300181863433,0.2634864866807123,0.03551505567359852,0.6144386780617772,0.51348163778475,0.3247535088730389,False,False,False
1790736106.4911888,APPROACH,0.009959462,0.0023200249997898936,0.038179038985536096,0.04817624041763402,0.07618670859982712,0.07422728480715478,0.11406702623341555,0.1449318364717267,0.036878606870157565,0.050512828078592066,0.0737149791277902,0.07441431488023717,0.11276683270663321,0.14883869698718016,0.6143919302926445,0.5204615736112688,0.32867503838360723,CONTROL,1.260000000000001,1790736106491188825,1790736106493764526,17774,909314500000,1790736106490921417,1,1,0,0.0009730980000313139,32,0.0,0.0,9.499709305198558e-05,0.010000000000000002,0.5818816167142038,0.25677578930655787,0.2929677828485462,0.03251031357844067,0.2636857843047109,0.03570725553506105,0.6143919302926445,0.5204615736112688,0.32867503838360723,False,False,False
1790736106.501148,APPROACH,0.009958962,0.0021332309997887933,0.03892653553339809,0.0493218173025447,0.0776466733610941,0.0751714124980138,0.11499494418248665,0.14705043896104344,0.03762666253043153,0.051646425392941155,0.07521119164991383,0.07519644313562389,0.1139520633477037,0.1504030593090798,0.6145037239266267,0.5278836774361564,0.33232576269989883,CONTROL,1.270000000000001,1790736106501147907,1790736106503575447,17794,909324500000,1790736106501041535,1,1,0,0.0008715449998817348,32,0.0,0.0,9.522264293549383e-05,0.010000000000000002,0.581951118258554,0.2636218204976518,0.29673277329826464,0.03255260566807272,0.2642618569385045,0.035592989401634176,0.6145037239266267,0.5278836774361564,0.33232576269989883,False,False,False
1790736106.5111566,APPROACH,0.010009157000000001,0.0022941260003790376,0.03964466628647667,0.05041961838212394,0.07905183511720049,0.07583920463750453,0.11620664905688509,0.1485192927513515,0.03838252808695504,0.05279185775899026,0.07672302502110741,0.0759762776433141,0.11513381806262775,0.15196283382527406,0.6222844803000003,0.5581341475921997,0.34605807070062666,CONTROL,1.280000000000001,1790736106511156473,1790736106513893540,17813,909334000000,1790736106510539030,1,1,0,0.0009394539997629181,33,0.0,0.0,8.992249584957593e-05,0.010000000000000002,0.5820170739502735,0.27053294473381206,0.3005332233931592,0.04026740634972677,0.28760120285838764,0.0455248473074675,0.6222844803000003,0.5581341475921997,0.34605807070062666,False,False,False
1790736106.5212622,APPROACH,0.010105429,0.0020791780002582527,0.04040678192142799,0.05159276127831358,0.08054272765455606,0.07649692319214935,0.11870633713974012,0.1495701533331538,0.03914618010898648,0.05394908966998876,0.07825043237671782,0.07675371988441466,0.11631194755669556,0.15351782348464849,0.6173581269355559,0.5481762235745828,0.34332559836704435,CONTROL,1.290000000000001,1790736106521262053,1790736106523617736,17833,909344000000,1790736106520817538,1,1,0,0.0008458760003122734,32,0.0,0.0,9.708716690720948e-05,0.010000000000000002,0.5820793923230689,0.2775088504881335,0.3043689248250125,0.035278734612486956,0.2706673730864493,0.03895667354203189,0.6173581269355559,0.5481762235745828,0.34332559836704435,False,False,False
1790736106.5312264,APPROACH,0.009963921,0.002007762000175717,0.04121804227500192,0.05284843073352796,0.08212783813860147,0.0781627021111989,0.11977900033048963,0.15293944469722834,0.03991759418461649,0.05511808413233264,0.0797933648896238,0.07752867214426845,0.11748630375392996,0.15506783284466935,0.6041285364078302,0.5162392515996047,0.3298965416956967,CONTROL,1.300000000000001,1790736106531226374,1790736106533491095,17854,909354500000,1790736106531124901,1,1,0,0.0008231230003730161,31,0.0,0.0,9.833435079520214e-05,0.010000000000000002,0.5821379810301357,0.28454921472256156,0.3082396621665124,0.02199055537769445,0.23169003687704312,0.02165687952918432,0.6041285364078302,0.5162392515996047,0.3298965416956967,False,False,False
1790736106.5412135,APPROACH,0.009987476,0.00213166799994724,0.041968487358900575,0.053982591659189616,0.08359766053532836,0.07949591202058588,0.11873540139663805,0.15605912231884167,0.040696744928810265,0.05629880267775168,0.08135177178632146,0.07830103751245415,0.11865673979708603,0.15661266807138344,0.6167330026265728,0.5656323302912254,0.35039025537465834,CONTROL,1.310000000000001,1790736106541213399,1790736106543622393,17873,909364000000,1790736106540811716,1,1,0,0.0008611950001977675,33,0.0,0.0,8.815911336226448e-05,0.010000000000000002,0.5821927468722675,0.29165370296139403,0.3121452129060209,0.03454025575430532,0.27397862732983136,0.03824504246863749,0.6167330026265728,0.5656323302912254,0.35039025537465834,False,False,False
1790736106.5511322,APPROACH,0.009918524000000001,0.002003363999847352,0.04276367376119161,0.05517635535941423,0.08515722371969625,0.0789392346054408,0.12136030781116117,0.15453233830450802,0.041483605991450026,0.05749120537549697,0.08292560036301046,0.07907071988278636,0.11982311004765119,0.15815213693941801,0.6190452947937635,0.5761715347070021,0.35730570050483496,CONTROL,1.320000000000001,1790736106551132264,1790736106553385443,17893,909374000000,1790736106550664506,1,1,0,0.0008290249998026411,32,0.0,0.0,9.955301648574169e-05,0.010000000000000002,0.5822435958264949,0.2988219693660711,0.316085347483459,0.03680169896726856,0.277349565340931,0.04122035302137592,0.6190452947937635,0.5761715347070021,0.35730570050483496,False,False,False
1790736106.5612857,APPROACH,0.010153241,0.0021173710001676227,0.04359232401525137,0.05646825588192339,0.08677734521038216,0.07936799088948186,0.12393585314688244,0.15530485151986423,0.04227815006537729,0.05869525084452805,0.08451479600167952,0.07983762395331541,0.12098527008584505,0.15968604883198084,0.6070836392958884,0.5438110906938507,0.34522071124327497,CONTROL,1.330000000000001,1790736106561285625,1790736106563663781,17914,909384500000,1790736106561172580,1,1,0,0.0008148069996423146,31,0.0,0.0,9.93561826845463e-05,0.010000000000000002,0.5822904330752579,0.3060536568112718,0.3200598293273352,0.024793206220630505,0.23775743388257892,0.025160881915939785,0.6070836392958884,0.5438110906938507,0.34522071124327497,False,False,False
1790736106.5711908,APPROACH,0.009905199,0.0022956389998398663,0.04439759341813687,0.057701325590297614,0.08835553518785177,0.08185096037663624,0.12176247763735813,0.16095795892929565,0.04308034889443525,0.059910896265700384,0.08611930218619239,0.08060165522632763,0.12214307671061969,0.16121421474086026,0.6104001905184999,0.567978483973566,0.3536949086837804,CONTROL,1.340000000000001,1790736106571190724,1790736106573737520,17934,909394500000,1790736106571066849,1,1,0,0.0009746200003064587,32,0.0,0.0,9.391094347158474e-05,0.010000000000000002,0.5823331630361012,0.31334839696237055,0.324068414892954,0.02806702748239873,0.2546300870111955,0.02962649379082638,0.6104001905184999,0.567978483973566,0.3536949086837804,False,False,False
1790736106.5811515,APPROACH,0.009960595000000001,0.0023476579999623937,0.045219738526479425,0.05891934427808465,0.08997183524674979,0.08160691594574963,0.12327214233967004,0.16017926494450405,0.04389017328151117,0.061138097393952595,0.08773906051837363,0.08136272000834517,0.1232963879396595,0.1627364472664251,0.6159975600799071,0.5910696085371498,0.36524487330284827,CONTROL,1.350000000000001,1790736106581151369,1790736106583802643,17954,909404500000,1790736106581031321,1,1,0,0.0009887979999803065,32,0.0,0.0,9.755953469503352e-05,0.010000000000000002,0.5823716893918912,0.32070581035425666,0.32811085370182735,0.033625870688015896,0.27036379818289324,0.037134019601020925,0.6159975600799071,0.5910696085371498,0.36524487330284827,False,False,False
1790736106.5912154,APPROACH,0.010064592,0.0023817630003577506,0.0459501233225712,0.06004298010376363,0.091403264083048,0.08088164501858716,0.12620146098784135,0.15851923258521902,0.0447075930965787,0.06237680857049381,0.08937401073409433,0.08212072541012602,0.12444506300938116,0.1642525606176248,0.6327930770324051,0.6451476163428668,0.3910584052813742,CONTROL,1.360000000000001,1790736106591215360,1790736106593927039,17972,909413500000,1790736106590382217,1,1,0,0.0010180539998145832,33,0.0,0.0,9.741986969338619e-05,0.010000000000000002,0.5824059151215532,0.32812550647156413,0.3321868883823255,0.05038716191085196,0.31702210987130264,0.0588715168990487,0.6327930770324051,0.6451476163428668,0.3910584052813742,False,False,False
1790736106.6011832,APPROACH,0.009966987,0.002024595000420959,0.04680473760178483,0.06138351057305158,0.09307608321442506,0.08246101587353144,0.12894211083236165,0.16148063750999914,0.04553257728474019,0.0636269827349909,0.09102409071935794,0.082875579346664,0.12558896237493355,0.16576237061198912,0.6140589354600121,0.5944013556040948,0.3704496565467541,CONTROL,1.370000000000001,1790736106601182997,1790736106603449742,17993,909424000000,1790736106600776676,1,1,0,0.0008454450003227976,32,0.0,0.0,9.188678526473026e-05,0.010000000000000002,0.5824357425313197,0.3356070838303353,0.3362962547115912,0.03162319292869241,0.2587942717737596,0.03415340183516289,0.6140589354600121,0.5944013556040948,0.3704496565467541,False,False,False
1790736106.6111777,APPROACH,0.009994889,0.002027689999977156,0.047645457144449566,0.06267168207050666,0.0947247583144688,0.0855956868680771,0.12772544717010906,0.16838077650974068,0.04636509387426923,0.06488857143775609,0.09268923652638628,0.08362719053718891,0.12672794771019824,0.16726569467562868,0.6075332176834656,0.5885134608594655,0.3659998470230023,CONTROL,1.380000000000001,1790736106611177487,1790736106613457797,18013,909434000000,1790736106610734025,1,1,0,0.0008365090002371289,32,0.0,0.0,9.246729645663423e-05,0.010000000000000002,0.5824610732864859,0.34315013006114387,0.3404386816587495,0.02507214439697971,0.24536333079832165,0.025561165364252805,0.6075332176834656,0.5885134608594655,0.3659998470230023,False,False,False
1790736106.6211305,APPROACH,0.00995263,0.0019880350000676117,0.0485070538222514,0.06394841882474722,0.09641986592053753,0.08572248899010185,0.12863181665090223,0.16854067349654991,0.047205109984652785,0.06616152485193387,0.09436938238970499,0.08437546850516624,0.1278618819077886,0.16876235184323418,0.6113374185090782,0.6076424216036684,0.3753188110015247,CONTROL,1.390000000000001,1790736106621130316,1790736106623340062,18033,909444000000,1790736106620675583,1,1,0,0.00083569600019473,32,0.0,0.0,9.577119127185065e-05,0.010000000000000002,0.5824818084436733,0.3507542219937044,0.3446138914294371,0.028855610065404897,0.256888199609964,0.030704919572087618,0.6113374185090782,0.6076424216036684,0.3753188110015247,False,False,False
1790736106.6312885,APPROACH,0.010157879,0.0020004680000056396,0.04940148287126256,0.0653135731126877,0.09817508977318257,0.08471151215795777,0.13135717396798485,0.16608280315638993,0.04805259183463371,0.06744579178568869,0.09606446074222968,0.08512032357829753,0.12899062907905082,0.17025216275807734,0.6074352300587095,0.59866804651982,0.3744455734663042,CONTROL,1.400000000000001,1790736106631288446,1790736106633518892,18054,909454500000,1790736106631161415,1,1,0,0.0008346350000465463,32,0.0,0.0,8.894724358667743e-05,0.010000000000000002,0.5824978484835902,0.3584189257430017,0.348821599511684,0.024937381575119308,0.2402491207768183,0.02562397395462017,0.6074352300587095,0.59866804651982,0.3744455734663042,False,False,False
1790736106.64121,APPROACH,0.009921290000000001,0.002033069999924919,0.05025412535098894,0.06662501004875221,0.09984711500635646,0.08636037641746236,0.1298644395707868,0.16980422364033584,0.04890750475025302,0.068741319694392,0.09777440223135146,0.08586166688852001,0.13011405455406305,0.17173494967200995,0.6130003986058746,0.6278315193870194,0.3861441764178993,CONTROL,1.410000000000001,1790736106641209746,1790736106643493483,18074,909464500000,1790736106641102853,1,1,0,0.0008383619997403002,32,0.0,0.0,9.622815848869317e-05,0.010000000000000002,0.5825090933442849,0.36614379679695325,0.3530615147231664,0.030491305261589684,0.2616877225900661,0.033082661694732875,0.6130003986058746,0.6278315193870194,0.3861441764178993,False,False,False
1790736106.6511724,APPROACH,0.009962629,0.0020261680001567584,0.05112357701574144,0.06792180581580443,0.10155743155499009,0.08681270593445886,0.13061918008907397,0.17078072713068201,0.04976981317289229,0.07004805469280972,0.09949913573502288,0.08659941037200691,0.13123202488163602,0.1732105364454647,0.6175381054823202,0.6499237336037711,0.39639487908016946,CONTROL,1.420000000000001,1790736106651172334,1790736106653451643,18094,909474500000,1790736106651069359,1,1,0,0.0008389829999941867,32,0.0,0.0,9.864135446834887e-05,0.010000000000000002,0.5825154424548874,0.37392838010564006,0.3573333392598637,0.03502266302743286,0.27599535349813104,0.039061539820305774,0.6175381054823202,0.6499237336037711,0.39639487908016946,False,False,False
1790736106.6611552,APPROACH,0.009982576,0.001975931999822933,0.051989252460705515,0.06924344455839826,0.10325801770257614,0.08624378844228654,0.13383496735563694,0.1693241743468524,0.05063948066731603,0.07136594156728962,0.10123858837784379,0.08733346676916721,0.13234440782931256,0.17467874854745447,0.6172680060123517,0.6525141454965869,0.4002569016378991,CONTROL,1.430000000000001,1790736106661154951,1790736106663355690,18114,909484500000,1790736106661048759,1,1,0,0.0008358969998880639,32,0.0,0.0,9.65248117658202e-05,0.010000000000000002,0.5825167947698369,0.38177221017212715,0.36163676874614104,0.0347512112425148,0.2707419353244598,0.03862013289175808,0.6172680060123517,0.6525141454965869,0.4002569016378991,False,False,False
1790736106.6711843,APPROACH,0.010029445000000001,0.002309575999788649,0.05281424123810208,0.07051938709547745,0.10487902034542218,0.08786720757144152,0.13399132624580104,0.17305226414908836,0.051516469929714,0.07269492378794849,0.102992685547147,0.08806374962464582,0.13345107238336798,0.17613941305557293,0.6242417262900937,0.6838955335132901,0.4134402956854668,CONTROL,1.440000000000001,1790736106671184226,1790736106673886157,18133,909494000000,1790736106670817469,1,1,0,0.0009908320002978144,33,0.0,0.0,9.168460936410857e-05,0.010000000000000002,0.5825130488035823,0.3896748111448896,0.36597149228628,0.041728677486511365,0.29422072236840047,0.047468803399186785,0.6242417262900937,0.6838955335132901,0.4134402956854668,False,False,False
1790736106.6811829,APPROACH,0.009998577,0.002121277999776794,0.05361258489352938,0.07172917640101328,0.10645154218113406,0.08901143640453402,0.1356422992663872,0.1753682495888949,0.05240074279574359,0.07403494352085953,0.1047613509090842,0.08879017328732353,0.13455188874880997,0.17759235865599424,0.6359902717049617,0.728401480173747,0.43320302694541873,CONTROL,1.450000000000001,1790736106681182822,1790736106683584403,18151,909503000000,1790736106680800937,1,1,0,0.0008853409999574069,34,0.0,0.0,8.927765830939115e-05,0.010000000000000002,0.5825041026657557,0.3976356969118772,0.3703371925174849,0.05348616903920595,0.33076578326186973,0.06286583442793382,0.6359902717049617,0.728401480173747,0.43320302694541873,False,False,False
1790736106.6912398,APPROACH,0.010056837,0.002023090999955457,0.05454973840612798,0.07318127037793776,0.10829530107208951,0.08936936054569038,0.14132844922491997,0.1756047494316046,0.05329226024857218,0.07538594164023972,0.10654450642471171,0.08951265291031689,0.13564672834937827,0.17903741564347284,0.6086182253029143,0.6463349949106173,0.40120925821166525,CONTROL,1.460000000000001,1790736106691239760,1790736106693519078,18172,909513500000,1790736106691138408,1,1,0,0.0008385030000681581,32,0.0,0.0,8.873200984765603e-05,0.010000000000000002,0.5824898540968095,0.405654371196233,0.3747335456643845,0.02612837120610479,0.2406806237143843,0.026475712547280757,0.6086182253029143,0.6463349949106173,0.40120925821166525,False,False,False
1790736106.701131,APPROACH,0.009891043,0.0021099059999869496,0.05545691637558825,0.07460067538028081,0.11007477639250984,0.09286507864202767,0.1397764590192943,0.18254253605589085,0.05419098242691947,0.07674785774063703,0.10834207236607625,0.09023110445097843,0.13673546382754526,0.18047441592134403,0.599695411427158,0.6350218377545442,0.394709855098375,CONTROL,1.470000000000001,1790736106701130883,1790736106703601464,18192,909523500000,1790736106701033067,1,1,0,0.0008748709997234982,32,0.0,0.0,8.824891144397096e-05,0.010000000000000002,0.582470200504111,0.41373032765367934,0.37916022159504803,0.017225210923047,0.22129151010086495,0.01554963350332697,0.599695411427158,0.6350218377545442,0.394709855098375,False,False,False
1790736106.7111807,APPROACH,0.010049723,0.002040235000094981,0.056399301023592585,0.07597881751706925,0.11193031119347152,0.0944094331156709,0.13702873653886644,0.1862385565770094,0.0550968686330999,0.07812063014911787,0.11015396733230086,0.09094544467089644,0.13781796904451538,0.18190319300152338,0.6090394022593301,0.6781837488552924,0.4116410988748125,CONTROL,1.480000000000001,1790736106711180576,1790736106713482287,18211,909533500000,1790736106710955930,1,1,0,0.0008412170000156038,32,0.0,0.0,9.810290380678018e-05,0.010000000000000002,0.5824450389984871,0.4218630499716045,0.38361688387854287,0.02659436326084293,0.25632069888368797,0.028024214996269593,0.6090394022593301,0.6781837488552924,0.4116410988748125,False,False,False
1790736106.721225,APPROACH,0.010044484000000001,0.002263238000068668,0.05733154783576477,0.07736466375273743,0.1137672014791078,0.0911930485835083,0.14164538511064098,0.17939662926067518,0.05600987734106498,0.07950419593745439,0.11198010826567069,0.09165559113589514,0.13889411908022556,0.18332358200450713,0.6164524597589194,0.6993266094285959,0.42574505223283204,CONTROL,1.490000000000001,1790736106721224960,1790736106723804639,18231,909543500000,1790736106721004231,1,1,0,0.0008696509999026603,32,0.0,0.0,9.862596736380211e-05,0.010000000000000002,0.5824142664312145,0.4300520119698565,0.38810318984404674,0.03403819332770488,0.2692745974587395,0.03764186238878531,0.6164524597589194,0.6993266094285959,0.42574505223283204,False,False,False
1790736106.7311804,APPROACH,0.009955145,0.0020251860000826127,0.058236377864308686,0.07879914336886173,0.11554272902095564,0.09135684911679813,0.14326200426639618,0.17946370119950134,0.05692996620444559,0.08089849093431167,0.11382041046771857,0.09236146221603461,0.13996379023334501,0.18473541965937204,0.6169684161166342,0.7075425739639871,0.43126938082422106,CONTROL,1.500000000000001,1790736106731180215,1790736106733455024,18251,909553500000,1790736106730894201,1,1,0,0.0008349460003955755,32,0.0,0.0,9.762209573636356e-05,0.010000000000000002,0.5823777794314449,0.43829667770326364,0.39261879064153526,0.034590636685189385,0.26924589626072354,0.038650590182685796,0.6169684161166342,0.7075425739639871,0.43126938082422106,False,False,False
1790736106.7411852,APPROACH,0.010004968000000001,0.0020507939998424263,0.05916956652201222,0.08021753439925128,0.11738024247146095,0.09530823217863654,0.1402003994382876,0.1883238320664998,0.05785709206459443,0.08230344973743524,0.11567478761531118,0.0930629770856108,0.14102686002127535,0.18613854430377538,0.6148763507768111,0.7188716248363385,0.43276297962057736,CONTROL,1.5100000000000011,1790736106741185043,1790736106743506742,18271,909563500000,1790736106740850658,1,1,0,0.0008580889998484054,32,0.0,0.0,9.90048679928274e-05,0.010000000000000002,0.5823354744440565,0.44659650156590014,0.3971633313040644,0.032540876332754584,0.2722751232704384,0.03559964831651298,0.6148763507768111,0.7188716248363385,0.43276297962057736,False,False,False
1790736106.7511804,APPROACH,0.009995321000000001,0.002086652000343747,0.06013231871918823,0.08161955728518056,0.11928126030278863,0.09536577421292573,0.14246649535745937,0.18801184236067237,0.05879121095862833,0.08371900572583824,0.11754315177673458,0.09376005572315542,0.14208320718015024,0.1875327958839548,0.6135597358641138,0.7225224514642842,0.43608430172261503,CONTROL,1.5200000000000011,1790736106751180404,1790736106753569370,18288,909573500000,1790736106750747542,1,1,0,0.0008444939999208145,32,0.0,0.0,9.797056624964942e-05,0.010000000000000002,0.5822872477679288,0.45495092839710577,0.40173645081166043,0.03127248809618494,0.2675715230671784,0.03434785091095459,0.6135597358641138,0.7225224514642842,0.43608430172261503,False,False,False
1790736106.7611668,APPROACH,0.009986083,0.0019938669997827674,0.06107432366373278,0.08307036515799116,0.12113501193569887,0.09332788346069792,0.1470473939462267,0.18365838065084755,0.059732278127470645,0.08514509107198888,0.11942541342778021,0.09445261891143612,0.14313271166483596,0.18891801595472862,0.6129358665628242,0.720747869664917,0.439741175318629,CONTROL,1.5300000000000011,1790736106761166627,1790736106763395580,18308,909583500000,1790736106760704680,1,1,0,0.0008389630002056947,32,0.0,0.0,9.503365645784956e-05,0.010000000000000002,0.5822329955946284,0.46335939358928074,0.4063377821568348,0.030702870968195784,0.25738847607563625,0.03340339316179418,0.6129358665628242,0.720747869664917,0.439741175318629,False,False,False
1790736106.7711494,APPROACH,0.009982777,0.0020167800003036973,0.06201672342486919,0.08453716138606548,0.12299163784090839,0.09622044026914296,0.1446983717824556,0.19014469467948458,0.0606802480238935,0.08658163675399759,0.12132148146783041,0.09514058823745643,0.14417525464893094,0.19029404767949568,0.6134649073863668,0.737459152039624,0.44488443977540326,CONTROL,1.5400000000000011,1790736106771149264,1790736106773422510,18328,909593500000,1790736106770974532,1,1,0,0.0008290750001833658,32,0.0,0.0,9.775649305137706e-05,0.010000000000000002,0.5821726140474955,0.4718213231974564,0.41096695241173875,0.03129229333887134,0.2656378288421676,0.0339174873636645,0.6134649073863668,0.737459152039624,0.44488443977540326,False,False,False
1790736106.7811556,APPROACH,0.010006582,0.0020228920002409723,0.06298993608019199,0.08597843184218323,0.12491578251597035,0.09720119343367589,0.14509390023827898,0.1921763214214041,0.061635074320560326,0.08802857256780454,0.1232312632359446,0.09582388609245572,0.14521071852476608,0.19166073583023535,0.6144786905633082,0.751182069386308,0.45104024349117966,CONTROL,1.5500000000000012,1790736106781155535,1790736106783484818,18348,909603500000,1790736106780691323,1,1,0,0.0008411469998463872,32,0.0,0.0,9.89114627610581e-05,0.010000000000000002,0.5821059992211288,0.48033613405066916,0.4156235827969688,0.032372691342179336,0.2708459353356389,0.035416660694210816,0.6144786905633082,0.751182069386308,0.45104024349117966,False,False,False
1790736106.7911866,APPROACH,0.010030637,0.0020479089998843847,0.06395621333529622,0.08744748447604245,0.1268230820731584,0.09578874296255248,0.1489453611550976,0.18892893831763152,0.06259670991806811,0.08948582713936686,0.12515466452694485,0.09650243567190925,0.1462389869034045,0.1930179267875075,0.6141279800607539,0.7530140137876146,0.4555221554211072,CONTROL,1.5600000000000012,1790736106791186313,1790736106793487753,18368,909613500000,1790736106790672587,1,1,0,0.0008412980000684911,32,0.0,0.0,9.661472961473754e-05,0.010000000000000002,0.5820330472212512,0.4889032338651233,0.42030728875203466,0.03209493283950274,0.26411077992249127,0.03521486666907255,0.6141279800607539,0.7530140137876146,0.4555221554211072,False,False,False
1790736106.8011632,APPROACH,0.009976756,0.002436617000057595,0.06477055002714316,0.0887221961470317,0.1284247117844699,0.09661431794207814,0.14964999148074512,0.19009877744865455,0.06356510695298971,0.09095332793684588,0.1270915896075016,0.09717616097552804,0.14725994461464167,0.1943654685404525,0.6410954146252936,0.8464991318120728,0.4967947836325732,CONTROL,1.5700000000000012,1790736106801163118,1790736106804157755,18385,909622000000,1790736106801026960,1,1,0,0.000931759999730275,34,0.0,0.0,9.490960957281221e-05,0.010000000000000002,0.581953654204954,0.4975220213591781,0.42501768000750373,0.05914176042033958,0.3489771104528947,0.07177710362506945,0.6410954146252936,0.8464991318120728,0.4967947836325732,False,False,False
1790736106.81113,APPROACH,0.009966646000000001,0.002232598999853508,0.065602726440261,0.08999413830621084,0.13006431606757607,0.09869817565740002,0.15104913800492176,0.19501081195638453,0.06454021680591637,0.09243100128279472,0.12904194123221985,0.09784498680725906,0.14827347770700527,0.19570321068679117,0.6570284204827622,0.9056878471187517,0.521773310437859,CONTROL,1.5800000000000012,1790736106811129894,1790736106813758335,18402,909630500000,1790736106811023923,1,1,0,0.0009421489999112964,35,0.0,0.0,9.221118792823114e-05,0.010000000000000002,0.5818677164213045,0.5061918863701446,0.42975436065882666,0.07516070406145771,0.3994959607486071,0.09201894977903237,0.6570284204827622,0.9056878471187517,0.521773310437859,False,False,False
1790736106.8211854,APPROACH,0.010055464,0.0022380699997484044,0.06639106217712687,0.09123625559595361,0.13162695258194157,0.09832092443740809,0.15940256447978687,0.1952984341253926,0.06552199010949986,0.0939187723663452,0.13100562065972438,0.09850883877528525,0.1492794734477557,0.19703100443282529,0.6606258012451969,0.913648855221409,0.5289365462693145,CONTROL,1.5900000000000012,1790736106821185249,1790736106823757884,18418,909638500000,1790736106820782694,1,1,0,0.0009467780000704806,35,0.0,0.0,9.399322634461917e-05,0.010000000000000002,0.5817751302523079,0.5149122099729048,0.43451692924185353,0.07885067099288902,0.3987366452485042,0.09441961702746098,0.6606258012451969,0.913648855221409,0.5289365462693145,False,False,False
1790736106.831238,APPROACH,0.01005288,0.0021725149999838322,0.06744284496406205,0.09294869083061652,0.13371555084811293,0.10338437214819136,0.16466465686762333,0.20514677883305726,0.06651037675649507,0.09541656525539564,0.1329825276687462,0.09916764329202511,0.15027782032288506,0.19834870259343648,0.5965736653253403,0.7261225958282415,0.44856183352230083,CONTROL,1.6000000000000012,1790736106831237968,1790736106833794713,18439,909649000000,1790736106831016458,1,1,0,0.0008663349999551428,31,0.0,0.0,9.558110891554284e-05,0.010000000000000002,0.581675792254215,0.5236823646003642,0.4393049788100529,0.014897873071125353,0.20244023122787727,0.009256854712247898,0.5965736653253403,0.7261225958282415,0.44856183352230083,False,False,False
1790736106.8411958,APPROACH,0.00995827,0.002223412000148528,0.06835067923504212,0.09433362925949673,0.13551486928073286,0.1097693813690683,0.15896036398004768,0.21769785503622555,0.06750532590780221,0.09692430290879782,0.1349725605742078,0.0998213275741333,0.15126840803711833,0.19965615959208743,0.6082170567573868,0.7886794163204657,0.4701080010356845,CONTROL,1.6100000000000012,1790736106841195798,1790736106843869815,18456,909657500000,1790736106840391681,1,1,0,0.0008854210000208695,33,0.0,0.0,9.779440522919904e-05,0.010000000000000002,0.5815695991991642,0.5325017141657278,0.4441180970134288,0.026647457558222665,0.2561777021547379,0.02598990402225568,0.6082170567573868,0.7886794163204657,0.4701080010356845,False,False,False
1790736106.8512106,APPROACH,0.010014016,0.0020439119998627575,0.06967895087856224,0.0962246437880303,0.13814243715469,0.10818162912603495,0.16129782710008939,0.2132924197498262,0.06850678600050923,0.09844190718854445,0.13697561624330945,0.10046981964250008,0.15225112751391243,0.20095323146082097,0.5695569001005254,0.6771528244374769,0.4255922627812392,CONTROL,1.6200000000000012,1790736106851210605,1790736106853582419,18479,909669500000,1790736106851113681,1,1,0,0.0008155179998539097,30,0.0,0.0,8.86095434844371e-05,0.010000000000000002,0.5814564481171417,0.5413696141866099,0.4489558661791485,-0.011899548016616293,0.13578321025086704,-0.02336360339790933,0.5695569001005254,0.6771528244374769,0.4255922627812392,False,False,False
1790736106.8611858,APPROACH,0.009975433,0.002014494999912131,0.07079735377756347,0.09792201750524665,0.14034429604068555,0.10576442395920523,0.1591573996247063,0.20858458692219126,0.06951470475593415,0.0999692988719565,0.13899159011161455,0.10111304832225182,0.1532258708954568,0.20223977584026076,0.5814651664079714,0.7220793393812922,0.4470879640592509,CONTROL,1.6300000000000012,1790736106861185918,1790736106863490654,18500,909680000000,1790736106860764848,1,1,0,0.0008223810000345111,31,0.0,0.0,9.423201919833911e-05,0.010000000000000002,0.5813362363382544,0.5502854119109742,0.4538178633938816,0.000128930069717083,0.17179392747031796,-0.0067298993346306965,0.5814651664079714,0.7220793393812922,0.4470879640592509,False,False,False
1790736106.8711984,APPROACH,0.010012162,0.002080801999909454,0.07190519583639166,0.0995609292326316,0.14253289576680084,0.10541871730917651,0.15353140671446378,0.2088225441074172,0.07052902918766743,0.10150639766387044,0.14102037619913568,0.10175094324275068,0.15419253154267334,0.203515651979611,0.6038882877018754,0.8060105730203422,0.481755351574631,CONTROL,1.6400000000000012,1790736106871198110,1790736106873534377,18521,909690500000,1790736106870966691,1,1,0,0.0008549730000595446,32,0.0,0.0,9.723375710047114e-05,0.010000000000000002,0.5812088615353015,0.559248446444903,0.4587036605878492,0.022679426166573917,0.2467621265754392,0.023051690986781767,0.6038882877018754,0.8060105730203422,0.481755351574631,False,False,False
1790736106.8811862,APPROACH,0.009988097000000001,0.002136225999947783,0.07299716932237299,0.10117842581934067,0.14469595591147977,0.10162533117230349,0.15684946845777084,0.20125927173232808,0.0715497056096143,0.10305312220882565,0.14306186712642036,0.1023834348375945,0.15515100403521587,0.204780720736656,0.6103346024505532,0.8265849879885476,0.49535527313206723,CONTROL,1.6500000000000012,1790736106881186117,1790736106883610661,18542,909701000000,1790736106880822566,1,1,0,0.0008374310000363039,32,0.0,0.0,9.525402386651409e-05,0.010000000000000002,0.5810742217666292,0.5682580488821942,0.46361282462058684,0.029260380683923986,0.2583269391063534,0.0317424485114804,0.6103346024505532,0.8265849879885476,0.49535527313206723,False,False,False
1790736106.891181,APPROACH,0.009994639000000001,0.0020671550000770367,0.07400934886593458,0.10275508210312534,0.1467007890876526,0.10204021951868016,0.15704703558375283,0.20235038088246432,0.0725766796440372,0.10460939010325171,0.1451159541306369,0.10301045434461722,0.1561011841714709,0.2060348445777611,0.6147130741405725,0.8495751385370334,0.5061181550479458,CONTROL,1.6600000000000013,1790736106891180866,1790736106893492265,18562,909711000000,1790736106890807056,1,1,0,0.0008663449998493888,32,0.0,0.0,9.89317714928563e-05,0.010000000000000002,0.5809322155192604,0.5773135424357756,0.46854491736841825,0.033780858621312033,0.2722615961012577,0.0375732376795275,0.6147130741405725,0.8495751385370334,0.5061181550479458,False,False,False
1790736106.9011865,APPROACH,0.01000546,0.0020669249997808947,0.07509344484427061,0.10439746734750255,0.14885001446048252,0.10420845776574511,0.15616939777310143,0.2066379203862396,0.07360989622959811,0.10617511790765577,0.1471825270816602,0.10363193380588856,0.1570429689685571,0.20727788757787194,0.6059120624598673,0.8368884044165635,0.49989564629220506,CONTROL,1.6700000000000013,1790736106901186306,1790736106903576545,18583,909721500000,1790736106900876668,1,1,0,0.0008647219997328648,32,0.0,0.0,9.130017071431242e-05,0.010000000000000002,0.5807827417522816,0.5864142425709421,0.47349949581363715,0.025129320707585678,0.25047416184562143,0.026396150478567887,0.6059120624598673,0.8368884044165635,0.49989564629220506,False,False,False
1790736106.9112065,APPROACH,0.010020288,0.0023635279999325576,0.076137671976098,0.10596339856473325,0.15091836877628007,0.10384206172444323,0.15753334667403904,0.2056831838220155,0.0746492996294008,0.10775022115880971,0.14926147449815738,0.10424780606771406,0.15797625666232548,0.20850971542051458,0.6101325202970624,0.8586644579471824,0.5111304420141022,CONTROL,1.6800000000000013,1790736106911206424,1790736106914014015,18602,909731500000,1790736106910775135,1,1,0,0.0009179429998766864,32,0.0,0.0,9.687434701817671e-05,0.010000000000000002,0.580625699940478,0.5955594571403926,0.478476112135393,0.029506820356584505,0.2631050008067898,0.032654329878709185,0.6101325202970624,0.8586644579471824,0.5111304420141022,False,False,False
1790736106.9211888,APPROACH,0.009982186,0.0021825140001965337,0.07712106939064611,0.10746760960613955,0.15286528614447947,0.10332406436862776,0.15898465039967244,0.2048082985548202,0.07569483343903335,0.10933461438193774,0.1513526835636739,0.10485800478063509,0.15890094670735933,0.2097301953977957,0.6247742436337785,0.9114788819626303,0.5356992628635148,CONTROL,1.6900000000000013,1790736106921188589,1790736106923781834,18621,909741000000,1790736106920712255,1,1,0,0.0008987759997580724,33,0.0,0.0,9.515208726890671e-05,0.010000000000000002,0.580460990118199,0.6047484865210733,0.4834743138022771,0.04431325351557959,0.30673039544155706,0.052224949061237626,0.6247742436337785,0.9114788819626303,0.5356992628635148,False,False,False
1790736106.9311864,APPROACH,0.009997655000000001,0.002087985000343906,0.07815766433022553,0.10906629718946803,0.1549196570524507,0.10410889391821562,0.1610457776317201,0.20654764031919906,0.0767464405946104,0.11092821110290345,0.15345604014271905,0.10546246439942902,0.1598169397769744,0.21093919641040262,0.6199318187385165,0.9052399244628702,0.5342699725345182,CONTROL,1.7000000000000013,1790736106931186405,1790736106933581633,18641,909751000000,1790736106930945327,1,1,0,0.0008631489999970654,33,0.0,0.0,8.983361058593364e-05,0.010000000000000002,0.5802885129234391,0.6139806237528025,0.48849364366659764,0.03964330581507748,0.29125930071006767,0.045776328867920595,0.6199318187385165,0.9052399244628702,0.5342699725345182,False,False,False
1790736106.941201,APPROACH,0.010014467,0.0020480089997363393,0.07926084267496503,0.11076543795675509,0.15710911224954538,0.10603480175285564,0.16215902712122407,0.21062733873881642,0.07780406338081552,0.11253092386039723,0.15557142879685185,0.10606112018310904,0.16072413776321873,0.21213658896760312,0.6003908604437199,0.8562198610694518,0.5133503698654537,CONTROL,1.7100000000000013,1790736106941200861,1790736106943522219,18662,909761500000,1790736106940967398,1,1,0,0.000843451000037021,31,0.0,0.0,9.970818559322028e-05,0.010000000000000002,0.5801081696421267,0.6232551546786799,0.4935336400603413,0.020282690801593173,0.23296470639077188,0.019816729805112444,0.6003908604437199,0.8562198610694518,0.5133503698654537,False,False,False
1790736106.951185,APPROACH,0.009984259,0.0021832460001860454,0.08027672583977896,0.11230150385514381,0.1591262123202397,0.10743036529486986,0.16082232147850484,0.21343762862874766,0.07886764343894366,0.11414266421812376,0.15769873280076716,0.10665390819492401,0.16162244377687243,0.21332224518724527,0.6147750693959315,0.9148450402907112,0.5380343328530353,CONTROL,1.7200000000000013,1790736106951184971,1790736106953703273,18681,909771000000,1790736106950758090,1,1,0,0.0009096769999814569,33,0.0,0.0,9.138754981822568e-05,0.010000000000000002,0.5799198622525961,0.6325713580872542,0.49859383689280795,0.0348552071433354,0.28227368220345705,0.03944049596022736,0.6147750693959315,0.9148450402907112,0.5380343328530353,False,False,False
1790736106.961182,APPROACH,0.009996793,0.0023829850001675368,0.08134936719204422,0.1139154000551601,0.16125498483976175,0.10617849188879663,0.16363965999999938,0.21078178412399373,0.07993712177494339,0.11576334277698903,0.15983783415838096,0.1072407653023589,0.16251176214744825,0.214496038795758,0.6179639954444699,0.9308324580243865,0.5478867591416597,CONTROL,1.7300000000000013,1790736106961181994,1790736106963892081,18701,909781000000,1790736106960922151,1,1,0,0.0008621870001661591,33,0.0,0.0,9.073323018526358e-05,0.010000000000000002,0.5797234934702283,0.6419285058564336,0.5036737637499039,0.03824050197424154,0.28890395216795295,0.044212995391755786,0.6179639954444699,0.9308324580243865,0.5478867591416597,False,False,False
1790736106.971278,APPROACH,0.010095902,0.002130074999968201,0.08246034162764992,0.11565419698999069,0.1634557835617163,0.10618345927797199,0.16649315007531362,0.21036421912918346,0.0810124387674593,0.11739286918728788,0.16198861361891653,0.10782162917713448,0.16339199842319121,0.21565784512815067,0.6028247514432397,0.891734777472531,0.533785550210195,CONTROL,1.7400000000000013,1790736106971277876,1790736106973777392,18722,909791500000,1790736106971161505,1,1,0,0.0008802209999885235,32,0.0,0.0,8.905383613626556e-05,0.010000000000000002,0.5795189667922571,0.6513258630991409,0.5087729459950913,0.023305784650982497,0.24040891437339024,0.025012604215103783,0.6028247514432397,0.891734777472531,0.533785550210195,False,False,False
1790736106.9811687,APPROACH,0.009890832,0.0020292429999244632,0.08353787913729427,0.1173052175170266,0.16559327218613307,0.1096698860396511,0.1624795953822308,0.2181401531929467,0.08209353417587438,0.11903115216089127,0.16415095069299016,0.10839643829520729,0.16426305937107852,0.216807541128013,0.6060201240751854,0.9204384168167634,0.5428545503218347,CONTROL,1.7500000000000013,1790736106981168558,1790736106983495707,18741,909801500000,1790736106980730185,1,1,0,0.0008356069997716986,32,0.0,0.0,9.719682698571696e-05,0.010000000000000002,0.5793061865427052,0.6607626883106679,0.5138909048719673,0.02671393753248014,0.2596757285060955,0.02896364544986735,0.6060201240751854,0.9204384168167634,0.5428545503218347,False,False,False
1790736106.991183,APPROACH,0.010014317,0.0023201660001177515,0.08468983599605018,0.11901103463563789,0.16788660135705635,0.1080231573764188,0.16476638533196752,0.21522866230145574,0.08318034714835237,0.12067809948343355,0.16632472366869686,0.10896513193676978,0.16512485297681978,0.21794500534751546,0.6034517851580283,0.9183420208481894,0.5445726088114655,CONTROL,1.7600000000000013,1790736106991182954,1790736106994235441,18762,909812000000,1790736106990805698,1,1,0,0.0009292340000683907,32,0.0,0.0,9.108818330284681e-05,0.010000000000000002,0.5790850579174464,0.67023823351773,0.5190271576084663,0.02436672724058194,0.2481037873304594,0.025545451202999208,0.6034517851580283,0.9183420208481894,0.5445726088114655,False,False,False
1790736107.0011785,APPROACH,0.00999537,0.002093835999858129,0.08581381086716178,0.12075741462549683,0.1701214389048764,0.10683628899139724,0.16665812944680497,0.21229319133553126,0.08427281622988014,0.12233361802649989,0.16850980962769635,0.10952765018625031,0.16597728844485693,0.21907011794740885,0.6007865493721856,0.9176721574971523,0.5474588022991187,CONTROL,1.7700000000000014,1790736107001178335,1790736107003557423,18783,909822500000,1790736107001063106,1,1,0,0.000875303000157146,32,0.0,0.0,8.804970033504348e-05,0.010000000000000002,0.5788554870293733,0.6797517444291901,0.524181217522663,0.021931062342812297,0.2379204130679622,0.023277584776455657,0.6007865493721856,0.9176721574971523,0.5474588022991187,False,False,False
1790736107.0112107,APPROACH,0.010031960000000001,0.00212102799969216,0.08689209684730503,0.12240989955093173,0.17226417042524966,0.10926390408416195,0.1630504306412614,0.21752832304463524,0.08537087937030997,0.12399761375981352,0.17070608446129873,0.11008393393231307,0.16682027619836423,0.22018276069702472,0.6120394435670973,0.9701421871155709,0.5678261198318013,CONTROL,1.7800000000000014,1790736107011210466,1790736107013890395,18803,909832500000,1790736107010944931,1,1,0,0.00086148599984881,33,0.0,0.0,8.823087976906398e-05,0.010000000000000002,0.5786173809536526,0.6893024605884366,0.5293525941301616,0.03342206261344475,0.28083972652713435,0.03847352570163973,0.6120394435670973,0.9701421871155709,0.5678261198318013,False,False,False
1790736107.0211446,APPROACH,0.009934245000000001,0.002272584999900573,0.08798792434858527,0.12403897801127872,0.17444578006160993,0.10825452388268453,0.1652548819618223,0.2157555261715295,0.08647447393240199,0.125669991763423,0.17291342288655023,0.11063392486785807,0.1676537278792483,0.22128281697427493,0.6182853885951408,0.9968155075320646,0.5814932206485726,CONTROL,1.7900000000000014,1790736107021144560,1790736107023789362,18823,909842500000,1790736107020622709,1,1,0,0.0009001700000226265,33,0.0,0.0,9.091311486502164e-05,0.010000000000000002,0.57837064777305,0.6988896155273777,0.5345407932530465,0.03991474082209084,0.29792589200468694,0.04695242739552612,0.6182853885951408,0.9968155075320646,0.5814932206485726,False,False,False
1790736107.0312452,APPROACH,0.0101004,0.002028031000008923,0.08905985082907186,0.12571778624008267,0.17658296174590005,0.1066089304506397,0.16997136153076262,0.21281778643733565,0.08758353669986649,0.12735065623988978,0.1751316984623192,0.11117756549002125,0.16847755634814798,0.222370171765652,0.6147779110625136,0.988542671759917,0.5819088276124956,CONTROL,1.8000000000000014,1790736107031245040,1790736107033520662,18843,909852500000,1790736107031130393,1,1,0,0.0008537809999324963,32,0.0,0.0,9.820868799950937e-05,0.010000000000000002,0.5781151966233041,0.7085124369220429,0.5397453171303783,0.036662714439209466,0.28003023483787404,0.04216351048211733,0.6147779110625136,0.988542671759917,0.5819088276124956,False,False,False
1790736107.041186,APPROACH,0.009940968000000001,0.002137038000000757,0.09008395487561227,0.1273312832180178,0.17862752662196568,0.10994869015183602,0.16815469446111464,0.21971716470299585,0.08869800388540633,0.12903951052647517,0.17736078360538185,0.1117147991001743,0.16929167568443446,0.22344471166622878,0.6218557627657881,1.0273249685906451,0.5965997066597866,CONTROL,1.8100000000000014,1790736107041185968,1790736107043695293,18862,909862000000,1790736107040784726,1,1,0,0.0008952800003498851,33,0.0,0.0,9.479035410236899e-05,0.010000000000000002,0.5778509377385368,0.718170146749752,0.5449656645302078,0.04400482502725128,0.30915482184089305,0.051634042129578755,0.6218557627657881,1.0273249685906451,0.5965997066597866,False,False,False
1790736107.0512297,APPROACH,0.010043833,0.001965281999673607,0.09125444866781685,0.12909521009351366,0.18096454931121064,0.11139006701224034,0.1699900998759089,0.22240143293330944,0.0898178111387593,0.13073645710732804,0.17960054960650795,0.1122455698039249,0.17009600118621127,0.22450632487965888,0.6039442090350735,0.9838427768553959,0.5786048138987586,CONTROL,1.8200000000000014,1790736107051229760,1790736107053940167,18883,909872500000,1790736107051013830,1,1,0,0.0008306469999297406,32,0.0,0.0,9.173545776144864e-05,0.010000000000000002,0.5775777824966741,0.7278619614478272,0.5502013308630859,0.02636642653839934,0.2559808154075687,0.028403483035672725,0.6039442090350735,0.9838427768553959,0.5786048138987586,False,False,False
1790736107.061226,APPROACH,0.009996032,0.0023568759997942834,0.09203323091786952,0.13029395898526985,0.18251788670346913,0.11087938664109588,0.17192703457239628,0.2214183488226344,0.09094289355474028,0.13244139762567173,0.1818508666465466,0.11276982251111652,0.1708904493703143,0.2255549012181763,0.6646824149489808,1.1801940642740827,0.6649158148982427,CONTROL,1.8300000000000014,1790736107061225682,1790736107064226140,18897,909879500000,1790736107060987520,1,1,0,0.0009994780002671177,36,0.0,0.0,9.116419505270037e-05,0.010000000000000002,0.5772956434648611,0.7375870920738181,0.5554518082970412,0.08738677148411976,0.44260697220026446,0.10946400660120152,0.6646824149489808,1.1801940642740827,0.6649158148982427,False,False,False
1790736107.0713413,APPROACH,0.010115428000000001,0.002269188000354916,0.09291731492466404,0.1316851512687398,0.18428415054081837,0.10988976127034439,0.17826356068796723,0.21996194648075998,0.09207318568128399,0.13415423289599188,0.1841116038125124,0.11328750293582858,0.17167493797231187,0.2265903321025958,0.6896712451980158,1.2594644223145028,0.7027484859575199,CONTROL,1.8400000000000014,1790736107071341011,1790736107074050736,18913,909887500000,1790736107071177220,1,1,0,0.000950115000250662,36,0.0,0.0,9.933590308203928e-05,0.010000000000000002,0.57700443444485,0.7473447444672069,0.5607165858740041,0.11266681075316592,0.512119677847296,0.1420319000835159,0.6896712451980158,1.2594644223145028,0.7027484859575199,False,False,False
1790736107.081212,APPROACH,0.009870674000000001,0.002246565999939776,0.09396635065001213,0.1334414472099139,0.1863882413428608,0.11200650278093535,0.1904916255714895,0.22510757364438108,0.09320862152748698,0.13587486291622325,0.18638262911367082,0.11379855759637625,0.17244938594650439,0.2276125105623123,0.6306030195821958,1.0749703765304401,0.6276462383576521,CONTROL,1.8500000000000014,1790736107081211865,1790736107083836068,18932,909897000000,1790736107081084313,1,1,0,0.0009420989999853191,33,0.0,0.0,9.898033256983131e-05,0.010000000000000002,0.5767040705183435,0.7571341194125635,0.56599514962764,0.0538989490638523,0.3178362571178768,0.061651088730012134,0.6306030195821958,1.0749703765304401,0.6276462383576521,False,False,False
1790736107.091157,APPROACH,0.009944715,0.0022101770000517718,0.09520020409182361,0.1354354973095626,0.18886681597889465,0.124526885487107,0.1844424125317392,0.24974959126814106,0.0943491345716501,0.1376031868799373,0.18866380949762415,0.11430293381531055,0.17321371346592465,0.2286213312353014,0.5656670229899845,0.9088065931670359,0.5468659745668936,CONTROL,1.8600000000000014,1790736107091156620,1790736107093831539,18953,909907500000,1790736107091026162,1,1,0,0.0008705029999873659,30,0.0,0.0,9.626643140498966e-05,0.010000000000000002,0.5763944680922706,0.766954412804109,0.571286982702569,-0.010727445102286058,0.14185218036292688,-0.024421008135675416,0.5656670229899845,0.9088065931670359,0.5468659745668936,False,False,False
1790736107.1011927,APPROACH,0.010036428,0.00227239500009091,0.09654356597206082,0.13732878295084117,0.19155150531970078,0.1267508842111915,0.17897575161550364,0.25276109449696815,0.09549465776932106,0.13933910318852963,0.19095501086639752,0.11480057971941848,0.17396784192233786,0.2296166903681193,0.5603136314750309,0.9168835197205539,0.5479959037999294,CONTROL,1.8700000000000014,1790736107101192798,1790736107103924656,18974,909918000000,1790736107100805863,1,1,0,0.0009426999999959662,31,0.0,0.0,9.009541524333643e-05,0.010000000000000002,0.5760755449439713,0.7768048158116586,0.5765915654749354,-0.01576191346894039,0.14007870390889532,-0.02859566167500608,0.5603136314750309,0.9168835197205539,0.5479959037999294,False,False,False
1790736107.1111746,APPROACH,0.009981465,0.0024267580001833267,0.097829255392063,0.13922218985798285,0.19410957079200708,0.11650817631305771,0.18364594553614974,0.2319947472121556,0.09664512356133646,0.14108250946340697,0.1932560980925244,0.11529144423972279,0.17471169392624145,0.2305984858159026,0.5850135855321023,0.9869929975373796,0.5883782415758194,CONTROL,1.8800000000000014,1790736107111174513,1790736107114014816,18995,909928500000,1790736107111049335,1,1,0,0.0009410170000592188,32,0.0,0.0,9.042684167687695e-05,0.010000000000000002,0.5757472202662733,0.7866845150479,0.5819083756742989,0.00926636526582895,0.2003084824894795,0.0064698659015205015,0.5850135855321023,0.9869929975373796,0.5883782415758194,False,False,False
1790736107.1212163,APPROACH,0.0100423,0.003372503999798937,0.09885370213207345,0.14087774078581106,0.196150409496767,0.11444754833159644,0.18121968082234655,0.2286953123704658,0.09780046388186436,0.1428333025581748,0.1955669350351325,0.11577547711148223,0.17544519330686537,0.23156661704236867,0.6300829150902668,1.1353513778222943,0.6537301969997328,CONTROL,1.8900000000000015,1790736107121216171,1790736107125268567,19013,909937500000,1790736107120884321,1,1,0,0.0010045770000033372,34,0.0,0.0,9.639116352095511e-05,0.010000000000000002,0.5754094147124407,0.79659269273698,0.5872368885068102,0.05467350037782612,0.33875868508531426,0.06649330849292259,0.6300829150902668,1.1353513778222943,0.6537301969997328,False,False,False
1790736107.131195,APPROACH,0.009978458,0.002163108000331704,0.10001898637194895,0.1426603285458885,0.1984821801843224,0.11807830977824209,0.17810751656675222,0.23681827161166538,0.09896061016644656,0.14459137857082446,0.1978873845560296,0.11625262887419122,0.17616826511217162,0.23252098511981506,0.6282341622639598,1.1483826210288235,0.6559666573288842,CONTROL,1.9000000000000015,1790736107131194981,1790736107133613724,19033,909947500000,1790736107130600231,1,1,0,0.0008932770001592871,34,0.0,0.0,9.191797737602261e-05,0.010000000000000002,0.5750620504409614,0.8065285268843357,0.592576576779634,0.05317211182299845,0.3418540941444877,0.0633900805492501,0.6282341622639598,1.1483826210288235,0.6559666573288842,False,False,False
1790736107.1411862,APPROACH,0.009990943,0.002015477999975701,0.10126546396068914,0.14455614328426147,0.20098148924255232,0.11724433685806519,0.18524940740484155,0.2351814184782651,0.10012549336004106,0.1463566328559207,0.20021730853578956,0.1167228508715801,0.17688083560885456,0.23346149272911992,0.5903611661346867,1.0346316265012667,0.6113463296786312,CONTROL,1.9100000000000015,1790736107141186103,1790736107143614805,19054,909958000000,1790736107140714718,1,1,0,0.0008145770002556674,31,0.0,0.0,9.866398746611344e-05,0.010000000000000002,0.5747050511601661,0.816491191447761,0.5979269110265902,0.01565611497452055,0.21814043505350564,0.013419418652040957,0.5903611661346867,1.0346316265012667,0.6113463296786312,False,False,False
1790736107.151195,APPROACH,0.010008606000000001,0.0021866420001970255,0.10255564865815003,0.1466066772192116,0.20356705305980638,0.11903547405964368,0.18350056162517547,0.23846387663433333,0.10129504392506429,0.1481289600367888,0.20255656788983767,0.11718609525161532,0.17758283228234126,0.2343880441597424,0.5645841023005951,0.970768366430773,0.5836817375046359,CONTROL,1.9200000000000015,1790736107151194759,1790736107153812651,19075,909969000000,1790736107150952620,1,1,0,0.0009187749997181527,30,0.0,0.0,8.920243465753557e-05,0.010000000000000002,0.5743383421726433,0.8264798565096305,0.6032873596349617,-0.009754239872048232,0.14428850992114248,-0.019605622130325795,0.5645841023005951,0.970768366430773,0.5836817375046359,False,False,False
1790736107.1611917,APPROACH,0.009996984,0.002391530999830138,0.10370044323210603,0.14831107728232418,0.205858656786861,0.1211484724226994,0.17543301968994493,0.24275310555019058,0.1024691918494335,0.14990825401770197,0.20490502258453683,0.11764231496649867,0.1782741838367904,0.2353005453097212,0.6017164941275157,1.1093752880460515,0.6394451837628422,CONTROL,1.9300000000000015,1790736107161191683,1790736107163989797,19094,909978500000,1790736107160778088,1,1,0,0.0009220010001627088,33,0.0,0.0,9.418715938111876e-05,0.010000000000000002,0.5739618504194358,0.8364936884502675,0.6086573889734465,0.027754643708079882,0.27288159959578395,0.030787794789395754,0.6017164941275157,1.1093752880460515,0.6394451837628422,False,False,False
1790736107.171228,APPROACH,0.010035957,0.0026375190000180737,0.10472347812665639,0.1497922376445464,0.20790696520562735,0.11708311283954344,0.1778459813358605,0.2347792207978615,0.10364786665460922,0.15169440799606876,0.20726253165327332,0.11809146377266848,0.1789548201950939,0.23619890368567686,0.6536403179090502,1.2744838197971624,0.7146145764427474,CONTROL,1.9400000000000015,1790736107171227911,1790736107174443848,19111,909987000000,1790736107171087044,1,1,0,0.0009451949999856879,35,0.0,0.0,9.845973179564963e-05,0.010000000000000002,0.573575504523991,0.8465318501223874,0.6140364635211973,0.08006481338505919,0.427951969674775,0.10057811292155,0.6536403179090502,1.2744838197971624,0.7146145764427474,False,False,False
1790736107.181184,APPROACH,0.009956157,0.002144782999948802,0.10590666666676363,0.1517466162414225,0.21028625133989065,0.1096959042184984,0.19471057138194395,0.22136099564706938,0.10483099740363738,0.15348731447462002,0.20962895321254224,0.11853349623079824,0.179624672498875,0.23708302840280904,0.6117305587373972,1.1252469167259613,0.6630655750276169,CONTROL,1.9500000000000015,1790736107181183887,1790736107183564508,19132,909997500000,1790736107180804166,1,1,0,0.0008307180000883818,32,0.0,0.0,9.327349593176107e-05,0.010000000000000002,0.5731792348358413,0.8565935010265833,0.6194240459979187,0.03855132390155592,0.2686534156993781,0.04364152902969821,0.6117305587373972,1.1252469167259613,0.6630655750276169,False,False,False
1790736107.1911974,APPROACH,0.010013254000000001,0.0020805509998353955,0.10710914122689275,0.153764723915228,0.21271240933268798,0.12399547736347304,0.1817913634024823,0.24976636924286125,0.10601851270919206,0.15528686527359695,0.21200414447803398,0.11896836770579786,0.18028367310849014,0.23795283018489902,0.5754471576634521,1.056914102187308,0.6203623860948781,CONTROL,1.9600000000000015,1790736107191197142,1790736107193553046,19153,910008000000,1790736107190959491,1,1,0,0.0008644310000818223,31,0.0,0.0,9.165925854226154e-05,0.010000000000000002,0.5727729734739939,0.8666777974877984,0.6248195974949706,0.0026741841894581554,0.19023630469950967,-0.00445721140009243,0.5754471576634521,1.056914102187308,0.6203623860948781,False,False,False
1790736107.2011313,APPROACH,0.009934155,0.001999956999952701,0.10838409055375386,0.15553395714920093,0.2152748641158433,0.1251105896256712,0.17800120206512512,0.25131468529682593,0.10721034074161735,0.15709295154293748,0.2143879617807192,0.1193960343668128,0.18093175560302757,0.23880822136430807,0.5882193032873864,1.1174601789097411,0.6446180887522495,CONTROL,1.9700000000000015,1790736107201131176,1790736107203444860,19173,910018000000,1790736107200715547,1,1,0,0.0008267600001090614,32,0.0,0.0,9.773609278950214e-05,0.010000000000000002,0.5723566543700047,0.8767838928327402,0.6302225776074389,0.015862648917381664,0.24067628607700095,0.014395511144810557,0.5882193032873864,1.1174601789097411,0.6446180887522495,False,False,False
1790736107.2111793,APPROACH,0.01004794,0.00191914499964696,0.1096984954272111,0.15754976392804654,0.21791195888937365,0.11280267143905291,0.1904968288491168,0.22650220416473243,0.10840640923697029,0.1589054637744646,0.21678026058293565,0.11981645318722457,0.1815688547803081,0.23964911588197826,0.5844782557142457,1.0882085056409354,0.6470396843354665,CONTROL,1.9800000000000015,1790736107211179357,1790736107213364286,19195,910029000000,1790736107210862185,1,1,0,0.0008005899999261601,31,0.0,0.0,9.027522487627076e-05,0.010000000000000002,0.5719302133107074,0.886910937568184,0.6356324445671272,0.012548042403538311,0.2012975680727515,0.011407239768339381,0.5844782557142457,1.0882085056409354,0.6470396843354665,False,False,False
1790736107.2212257,APPROACH,0.010046328,0.002103314000123646,0.11089008459229444,0.1595262145274816,0.22030531370716,0.1192852121899285,0.17934539814713918,0.23985923528160116,0.10960664550506255,0.16072429181407258,0.21918089549447267,0.12022958194465025,0.1821949066568845,0.24047542928743165,0.5913359212004893,1.1400730553114644,0.6618907884379926,CONTROL,1.9900000000000015,1790736107221225665,1790736107223585967,19216,910039500000,1790736107221111558,1,1,0,0.0008907009996619308,32,0.0,0.0,9.09013168200361e-05,0.010000000000000002,0.5714935879805823,0.8970580795601121,0.6410486553764191,0.01984233321990707,0.2430149757513523,0.020842133061573564,0.5913359212004893,1.1400730553114644,0.6618907884379926,False,False,False
1790736107.2311954,APPROACH,0.009969852000000001,0.0019649020000542805,0.11210748904007861,0.16127713046853476,0.22275423727180543,0.12044050141425304,0.17593303146850578,0.24266973720802965,0.11081097643750343,0.16254932487391538,0.22158972028865837,0.12063537922094318,0.1828098484680425,0.24128707873877167,0.6087629138624111,1.212117828423703,0.690692090378925,CONTROL,2.0000000000000013,1790736107231195327,1790736107233545750,19236,910049500000,1790736107230766362,1,1,0,0.0008478099998683319,33,0.0,0.0,9.349023982306458e-05,0.010000000000000002,0.5710467180037283,0.9072244642136373,0.6464706659429678,0.03771619585868285,0.30489336421006574,0.04422142443595721,0.6087629138624111,1.212117828423703,0.690692090378925,False,False,False
1790736107.2411797,APPROACH,0.0099842,0.001940444999945612,0.11333192001082804,0.16317857018853932,0.22522333800782368,0.11185308262638528,0.18811336156968175,0.22587730792369906,0.11201932851574191,0.16438045154459335,0.2240065879184446,0.12103380440219218,0.18341361866779943,0.24208398300268139,0.5999924970849719,1.1716868385485093,0.6850652623820472,CONTROL,2.010000000000001,1790736107241179747,1790736107243391346,19257,910060000000,1790736107240882723,1,1,0,0.0008249259999502101,32,0.0,0.0,8.850357883604721e-05,0.010000000000000002,0.5705895449854294,0.9174092346536655,0.6518979312151642,0.02940295209954255,0.2542776038948437,0.03316733116688304,0.5999924970849719,1.1716868385485093,0.6850652623820472,False,False,False
1790736107.2511396,APPROACH,0.009960214,0.002042219000031764,0.11444666873549014,0.16507490736734098,0.22746995808416726,0.11573023175882757,0.1846537485162316,0.23302286189445834,0.11323162781910882,0.1662175598073404,0.22643135053249266,0.12142481767872221,0.18400615692890548,0.24286606245442507,0.5998851322361343,1.191707209898649,0.6917688643997506,CONTROL,2.020000000000001,1790736107251139580,1790736107253527715,19277,910070000000,1790736107250708982,1,1,0,0.0008512560002600367,32,0.0,0.0,9.392886811360928e-05,0.010000000000000002,0.5701220125532688,0.9276115319062215,0.6573299053183302,0.02976311968286548,0.26409567799242756,0.03443895908142042,0.5998851322361343,1.191707209898649,0.6917688643997506,False,False,False
1790736107.261148,APPROACH,0.010008445000000001,0.002211800000168296,0.11540574453255203,0.16651256223518107,0.2293983828335029,0.1220133097971227,0.17711955850822786,0.24564117042011308,0.11444780003285973,0.16806053704621204,0.22886385949125984,0.12180838004509399,0.184587404142843,0.24363323907784726,0.6494981022857255,1.374587010731226,0.7634190824347458,CONTROL,2.0300000000000007,1790736107261148006,1790736107263755758,19293,910078000000,1790736107260730863,1,1,0,0.0009372700001222256,35,0.0,0.0,9.855134331233364e-05,0.010000000000000002,0.5696440663977905,0.9378304950804076,0.6627660416915903,0.07985403588793492,0.4367565156508183,0.10065304074315548,0.6494981022857255,1.374587010731226,0.7634190824347458,False,False,False
1790736107.2711992,APPROACH,0.010052039,0.0023368970000774425,0.1164949581215593,0.16813625479692362,0.23159578985617157,0.11660119044314717,0.18985063873847124,0.23607547163336376,0.11566777045621678,0.16990927006027196,0.23130396538308448,0.12218445330010404,0.18515730241982653,0.24438543646537286,0.6517896028035894,1.3717386460917105,0.7707532261781682,CONTROL,2.0400000000000005,1790736107271199313,1790736107273907495,19311,910087000000,1790736107270091469,1,1,0,0.0009871550000752904,35,0.0,0.0,9.249457176869065e-05,0.010000000000000002,0.5691556543126594,0.9480652615509171,0.6682057932253677,0.08263394849093005,0.4236733845407935,0.1025474329528005,0.6517896028035894,1.3717386460917105,0.7707532261781682,False,False,False
1790736107.2811654,APPROACH,0.009964892000000001,0.0024634179999338812,0.11746759005945329,0.1698149399493465,0.23356917668124,0.11530994016273034,0.20078437619595008,0.23432494320535024,0.11689146401041123,0.17176364507577963,0.23375151804027203,0.12255300004678496,0.1857157950888033,0.24512257981800786,0.6412666710065236,1.3347803591334666,0.7612126974380589,CONTROL,2.0500000000000003,1790736107281165428,1790736107283906713,19328,910095500000,1790736107281060638,1,1,0,0.0009216110001943889,34,0.0,0.0,9.993676771523577e-05,0.010000000000000002,0.5686567262343095,0.9583149671410551,0.673648612399451,0.07260994477221404,0.3764653919924114,0.08756408503860791,0.6412666710065236,1.3347803591334666,0.7612126974380589,False,False,False
1790736107.291194,APPROACH,0.010028444000000001,0.002031617999818991,0.11867117451620679,0.1718141804050246,0.2360116087160553,0.12727070398875448,0.19570717109736066,0.25785449245528386,0.11811880524672619,0.1736235477583781,0.23620636655518146,0.12291398369240479,0.1862628266974522,0.24584459594533775,0.5911610069978395,1.2143487256888585,0.7004288711258299,CONTROL,2.06,1790736107291193881,1790736107293574813,19348,910105500000,1790736107291094903,1,1,0,0.0008320700003423553,32,0.0,0.0,9.598689621814596e-05,0.010000000000000002,0.5681472342810526,0.9685787463062122,0.6790939514215851,0.0230137727167868,0.24576997938264633,0.0213349197042447,0.5911610069978395,1.2143487256888585,0.7004288711258299,False,False,False
1790736107.3012671,APPROACH,0.010073058000000001,0.0019521470003383001,0.12011925084361064,0.17393659140548223,0.2389364803990257,0.13158818268201447,0.19321619291885075,0.26530498749116466,0.11934971835453813,0.17548886322528023,0.2386683592963096,0.12326736844846783,0.18679834301218506,0.24655141326552954,0.5482542043664579,1.107187139793629,0.6513889067776107,CONTROL,2.07,1790736107301266919,1790736107303521350,19370,910116500000,1790736107301163954,1,1,0,0.0007872549999774492,30,0.0,0.0,8.926978975818111e-05,0.010000000000000002,0.5676271327916155,0.978855732317716,0.6845412623665207,-0.019372928425157546,0.128331407475913,-0.033152355588909964,0.5482542043664579,1.107187139793629,0.6513889067776107,False,False,False
1790736107.3111982,APPROACH,0.00993163,0.0021029429999543936,0.12140882172681877,0.1758764881052679,0.2415328122924012,0.12497676720951016,0.1948203654968571,0.25181233149686316,0.12058412716936005,0.17735947605745703,0.24113734392437852,0.12361311933071428,0.1873222910181461,0.24724296180533067,0.5732544075719829,1.1867600562747533,0.692173529910282,CONTROL,2.0799999999999996,1790736107311198269,1790736107313721189,19390,910126500000,1790736107310815782,1,1,0,0.0008530300001439173,32,0.0,0.0,9.052242625827255e-05,0.010000000000000002,0.5670963783630855,0.9891450574470162,0.6899899973154766,0.006158029208897355,0.19761499882773714,0.0021835325948054477,0.5732544075719829,1.1867600562747533,0.692173529910282,False,False,False
1790736107.3211844,APPROACH,0.009985843000000001,0.0020806510001420975,0.12269756043459878,0.17791198259363927,0.24413194346978928,0.12233812924212585,0.19184244644237916,0.24725420837012355,0.1218219551808835,0.17923527031182462,0.24361316740842046,0.12395120215911969,0.18783461891921102,0.24791917320006818,0.5904663480945369,1.2500446065396078,0.7210048513158142,CONTROL,2.0899999999999994,1790736107321184302,1790736107323593005,19411,910137000000,1790736107320965987,1,1,0,0.0008436210000581923,32,0.0,0.0,9.677723260662714e-05,0.010000000000000002,0.5665549298882401,0.9994458531501382,0.6954396084959558,0.02391141820629687,0.2505987533894696,0.02556524281985844,0.5904663480945369,1.2500446065396078,0.7210048513158142,False,False,False
1790736107.331215,APPROACH,0.010030727000000001,0.003182684999956109,0.1239232303536868,0.17981359402334984,0.2466111568360465,0.1227799474672493,0.1893062962755124,0.24868675034170534,0.12306312554102095,0.18111612953343148,0.2460956760418639,0.12428158355789608,0.1883352761379889,0.2485799806936508,0.6024552894251634,1.3020474512621898,0.742611223869242,CONTROL,2.099999999999999,1790736107331214969,1790736107335060502,19431,910147000000,1790736107330970225,1,1,0,0.0011361980000401672,33,0.0,0.0,9.233651031949247e-05,0.010000000000000002,0.5660027485922263,1.0097572502523302,0.7008895484218566,0.036452540832937017,0.2922902010098596,0.041721675447385524,0.6024552894251634,1.3020474512621898,0.742611223869242,False,False,False
1790736107.341272,APPROACH,0.01005802,0.0022762419998798578,0.12527664638164637,0.18189514608656943,0.2493460195701771,0.12223829770005061,0.19108332924287694,0.2467138141720337,0.12430756107194808,0.18300193676764578,0.24858471545861913,0.124604230955491,0.18882421331582053,0.24922531913856724,0.5800990609630495,1.2450962414335482,0.7206645085388175,CONTROL,2.109999999999999,1790736107341272127,1790736107344060252,19453,910158000000,1790736107341159383,1,1,0,0.0008331620001627016,31,0.0,0.0,9.530261207939527e-05,0.010000000000000002,0.5654397980685762,1.020078379132864,0.7063392700338248,0.014659262894473325,0.22501786230068424,0.014325238504992639,0.5800990609630495,1.2450962414335482,0.7206645085388175,False,False,False
1790736107.351156,APPROACH,0.009883148000000001,0.0022182119996614347,0.12649513016689884,0.18381146372675428,0.2518028063124995,0.12180042867906386,0.1905615857313756,0.2459380894069078,0.12555518427414636,0.18489257457234282,0.2510801306491644,0.12491911258458771,0.18930138231277882,0.24985512499588625,0.5871825207673439,1.279295216066573,0.7365693022279878,CONTROL,2.1199999999999988,1790736107351155996,1790736107353678406,19473,910168000000,1790736107351025779,1,1,0,0.0009031449999383767,32,0.0,0.0,9.30718574063927e-05,0.010000000000000002,0.5648660443145238,1.0304083699099071,0.711788226839788,0.022316476452820106,0.24888684615666587,0.02478107538819975,0.5871825207673439,1.279295216066573,0.7365693022279878,False,False,False
1790736107.3612258,APPROACH,0.010071215000000001,0.0023638889997528167,0.12741040436321427,0.18523182091613588,0.2536512414271255,0.1219455742015298,0.18885639269087331,0.2467604287840362,0.12680591733444516,0.18678792503009228,0.2535817659766315,0.12522619748210578,0.18976673620766968,0.25046933633525814,0.6545774655442558,1.500493940814161,0.8313383214748298,CONTROL,2.1299999999999986,1790736107361225668,1790736107364118662,19488,910175500000,1790736107358096466,1,1,0,0.0009836369999902672,36,0.0,0.0,9.180354872084636e-05,0.010000000000000002,0.5642814557656011,1.0407463526254135,0.7172358730556104,0.09029600977865472,0.45974758818874756,0.11410244841921938,0.6545774655442558,1.500493940814161,0.8313383214748298,False,False,False
1790736107.371189,APPROACH,0.009962157000000001,0.0024781359998087282,0.12855947571739446,0.18705780123522864,0.2559835158333059,0.1191996328600067,0.1992513954752393,0.24270914641893757,0.12805968213406427,0.18868786976034554,0.2560894651928916,0.12552545548920047,0.19022022929803112,0.2510678928349133,0.6381938921322436,1.4445572926997536,0.8134265894190462,CONTROL,2.1399999999999983,1790736107371189078,1790736107374042286,19507,910185000000,1790736107370758331,1,1,0,0.0009912730001815362,34,0.0,0.0,9.86112528696759e-05,0.010000000000000002,0.5636860033294891,1.051091457429964,0.7226816637458153,0.07450788880275452,0.3934658352697897,0.09074492567323086,0.6381938921322436,1.4445572926997536,0.8134265894190462,False,False,False
1790736107.381157,APPROACH,0.009967308000000001,0.002319515000181127,0.12994333218896692,0.1894115929229505,0.25880040085248757,0.12424222783762452,0.2052076784133055,0.2525036741200375,0.1293164002566563,0.1905922899316232,0.25860307145464123,0.1258168572512625,0.1906618171001328,0.25165073578166197,0.5415731258867419,1.1596624256703234,0.6915946677160009,CONTROL,2.149999999999998,1790736107381156827,1790736107383822358,19530,910196500000,1790736107381033242,1,1,0,0.0009270209998248902,27,0.0,0.0,9.607376788211526e-05,0.010000000000000002,0.5630796604190954,1.0614428147674893,0.7281250549643064,-0.021506534532353534,0.09821961090283411,-0.03653038724830547,0.5415731258867419,1.1596624256703234,0.6915946677160009,False,False,False
1790736107.3912332,APPROACH,0.010076244,0.002128000999618962,0.1313724510308285,0.19159301904556614,0.2616934200466452,0.13523576757968042,0.1872068375957816,0.2731738562057187,0.1305759929963488,0.19250106627370195,0.2611224273394877,0.12610037421791914,0.1910914563489778,0.2522178080708962,0.5300884332343393,1.1767506466663094,0.685323425348951,CONTROL,2.159999999999998,1790736107391233001,1790736107393717779,19552,910207500000,1790736107390993827,1,1,0,0.0008378110001103778,29,0.0,0.0,9.33452391287816e-05,0.010000000000000002,0.5624624029848374,1.0717995555598232,0.7335655038950397,-0.032373969750498104,0.10495109110648607,-0.0482420785460887,0.5300884332343393,1.1767506466663094,0.685323425348951,False,False,False
1790736107.4012008,APPROACH,0.009967869,0.0020429290002539346,0.1327773926912812,0.1935152916718792,0.2645260821933868,0.12625783880378763,0.18672090669252855,0.2546864504764158,0.1318383813657868,0.19441407908980218,0.26364737486203516,0.12637597864303302,0.1915091049983008,0.2527690542065876,0.5771715398919482,1.3254572723923403,0.7558825986873359,CONTROL,2.1699999999999977,1790736107401200719,1790736107403566151,19573,910218000000,1790736107400837509,1,1,0,0.0008488019998367236,32,0.0,0.0,9.502993386572138e-05,0.010000000000000002,0.5618342095461022,1.082160811390998,0.7390024689925726,0.01533733034584607,0.2432964610013425,0.01688012969476324,0.5771715398919482,1.3254572723923403,0.7558825986873359,False,False,False
1790736107.411251,APPROACH,0.010049854,0.0020284810002522136,0.13402609761120665,0.19553193596185547,0.26704970692879515,0.11380124587498573,0.19679167817117915,0.23082255715070482,0.13310348610417522,0.19633120826877556,0.2661777554899706,0.12664364358470281,0.1919147222205689,0.2533044203012886,0.5993669711383309,1.3733315862452191,0.7905379948899488,CONTROL,2.1799999999999975,1790736107411250894,1790736107413586920,19594,910228500000,1790736107411149071,1,1,0,0.00084233999996286,32,0.0,0.0,9.48102081345123e-05,0.010000000000000002,0.5611950612218606,1.09252571469124,0.7444354101224387,0.03817190991647035,0.2808058715539791,0.046102584767510016,0.5993669711383309,1.3733315862452191,0.7905379948899488,False,False,False
1790736107.421182,APPROACH,0.009931069,0.002011519000006956,0.13523803750405605,0.19757364081808326,0.2695126589517369,0.12136578029684965,0.1874203407608736,0.24710025118668985,0.13437122768532106,0.19825233329729183,0.26871341016014916,0.1269033429052629,0.19230826840698154,0.25382385407613184,0.5939268775873718,1.387822578260667,0.7882114635509707,CONTROL,2.1899999999999973,1790736107421181812,1790736107423426835,19615,910239000000,1790736107420887002,1,1,0,0.0008321499999510706,32,0.0,0.0,9.395442480014993e-05,0.010000000000000002,0.5605449417604133,1.102893398920588,0.7498637887012857,0.03338193582695854,0.28492917934007905,0.03834767484968499,0.5939268775873718,1.387822578260667,0.7882114635509707,False,False,False
1790736107.4311824,APPROACH,0.01000036,0.002002643000196258,0.13654255407717386,0.19951135633309125,0.27216800478979364,0.12364943235909648,0.1859603164680021,0.2514949167867176,0.13564152632567594,0.20017733327202664,0.2712541792946806,0.12715505127128376,0.19268970516747067,0.25432730486083116,0.5853483162328229,1.3813060161915134,0.7834304306948726,CONTROL,2.199999999999997,1790736107431182233,1790736107433413840,19634,910249500000,1790736107430902992,1,1,0,0.0008346350000465463,32,0.0,0.0,9.04862101633132e-05,0.010000000000000002,0.5598838375682365,1.113262998752058,0.7552870678367056,0.02546447866458642,0.2680430174394556,0.028143362858167,0.5853483162328229,1.3813060161915134,0.7834304306948726,False,False,False
1790736107.4411955,APPROACH,0.010013054,0.001993294999920181,0.13781524401572653,0.20150006376330953,0.27475245892813094,0.11797540224600368,0.19346308799762868,0.23937825902109386,0.13691430199237825,0.20210608691184828,0.2737999028170142,0.1273987441535716,0.19305899533070037,0.25481472359368046,0.5811682860501253,1.3653191886478004,0.7852186725413478,CONTROL,2.209999999999997,1790736107441195267,1790736107443427406,19655,910260000000,1790736107440976541,1,1,0,0.0008133739997902012,31,0.0,0.0,9.528213799492025e-05,0.010000000000000002,0.5592117377379152,1.123633650254308,0.7607047124667096,0.02195654831221005,0.24168553839349236,0.024513960074638234,0.5811682860501253,1.3653191886478004,0.7852186725413478,False,False,False
1790736107.4512188,APPROACH,0.010023374,0.001980210000056104,0.13904925319713257,0.20353494314344456,0.2772498400255432,0.11979892763175613,0.19019793517333208,0.24252873127699215,0.13818947441129567,0.20403847257000562,0.27635042016802547,0.1276343978271685,0.1934161029440672,0.25528606282155425,0.5823176071139189,1.387977331555181,0.7941051291749843,CONTROL,2.2199999999999966,1790736107451218781,1790736107453432936,19676,910270500000,1790736107451120204,1,1,0,0.0008161399996424734,31,0.0,0.0,9.80779554021995e-05,0.010000000000000002,0.5585286340751309,1.134004491073725,0.7661161894987758,0.023788973038788026,0.253972840481456,0.027988939676208514,0.5823176071139189,1.387977331555181,0.7941051291749843,False,False,False
1790736107.4611802,APPROACH,0.009961476,0.002062526999907277,0.140265731960441,0.20540519020609427,0.2797178185675242,0.12252951391169073,0.1851911403765411,0.2492603004332266,0.13946696307506745,0.205974368246315,0.27890557032210134,0.12786198937135249,0.19376099327369992,0.2557412766999076,0.5979763927054038,1.4573827012207898,0.8196824676633979,CONTROL,2.2299999999999964,1790736107461180197,1790736107463494893,19696,910280500000,1790736107460899875,1,1,0,0.0008745009999984177,33,0.0,0.0,8.923071458640146e-05,0.010000000000000002,0.5578345211246841,1.1443746606158622,0.7715209679484102,0.04014187158071965,0.3130080406049277,0.04816149971498776,0.5979763927054038,1.4573827012207898,0.8196824676633979,False,False,False
1790736107.4711418,APPROACH,0.009961777,0.0022425080001085007,0.14147934187482836,0.2072753777102463,0.2821890676578671,0.11869222479266722,0.19151910188565216,0.24175598518364444,0.14074668725114697,0.20791365159934788,0.2814651918032265,0.12808149666963717,0.1940936328044594,0.2561803209927758,0.6019670804459062,1.469093027963967,0.8306329678759017,CONTROL,2.239999999999996,1790736107471141634,1790736107474000172,19716,910290500000,1790736107470693693,1,1,0,0.0009025240001392376,33,0.0,0.0,8.852400427756967e-05,0.010000000000000002,0.5571293961955304,1.1547433002261747,0.7769185190771574,0.04483768425037579,0.31434972773779224,0.05371444879874433,0.6019670804459062,1.469093027963967,0.8306329678759017,False,False,False
1790736107.4811637,APPROACH,0.01002139,0.002000750000206608,0.14271490300928757,0.2093184230691003,0.2846999651154838,0.11860628910904847,0.19502412808930764,0.24083064899366605,0.14202856598984362,0.20985619995861773,0.28402912270106845,0.12829289840977243,0.19441398923993947,0.2566031530727754,0.5835197867971655,1.4213190376641942,0.8134518666655685,CONTROL,2.249999999999996,1790736107481163455,1790736107483399561,19737,910301000000,1790736107481058285,1,1,0,0.0008170209998752398,31,0.0,0.0,9.689574463823904e-05,0.010000000000000002,0.5564132593848035,1.1651095533699647,0.7823083165300019,0.027106527412362073,0.2562094842942295,0.031143550135566557,0.5835197867971655,1.4213190376641942,0.8134518666655685,False,False,False
1790736107.4911819,APPROACH,0.010018475,0.0020045060000484227,0.14392717711232894,0.21124244603437337,0.2871607215291223,0.12411529358218171,0.1884567777289143,0.2523213296573912,0.14331251813236584,0.21180189033676808,0.2865972006870644,0.12849617408374364,0.19472203150246561,0.25700973192110266,0.5872609484124794,1.4615092771987213,0.8245339687362067,CONTROL,2.259999999999996,1790736107491181789,1790736107493417134,19757,910311000000,1790736107490940230,1,1,0,0.0008386320000681735,32,0.0,0.0,9.595434289348213e-05,0.010000000000000002,0.5556861136008091,1.1754725658114975,0.787689836472095,0.031574834811670345,0.28603671138722375,0.036844132264111616,0.5872609484124794,1.4615092771987213,0.8245339687362067,False,False,False
1790736107.5011926,APPROACH,0.010011001,0.002044952999767702,0.14498719036743157,0.21283743046088865,0.28931686329766704,0.1229833456492396,0.19003294707809945,0.25037864677435706,0.14459846231886264,0.21375059944175864,0.28916926303050544,0.12869130398777234,0.19501772973309608,0.25740001812753494,0.6289421437739718,1.598353414036387,0.8850176029109832,CONTROL,2.2699999999999956,1790736107501192459,1790736107503468000,19774,910319500000,1790736107499305886,1,1,0,0.0009005100000649691,35,0.0,0.0,8.97057393482763e-05,0.010000000000000002,0.554947964584962,1.1858314857921886,0.7930625577247428,0.07399417918900986,0.4125219282441985,0.09195504518624047,0.6289421437739718,1.598353414036387,0.8850176029109832,False,False,False
1790736107.5112095,APPROACH,0.010017332,0.002275812000334554,0.14637046152060584,0.21509153986393859,0.29212993213897365,0.11808586097798063,0.20343883954546765,0.23984606740239167,0.1458863169964668,0.215702203689054,0.29174514661462425,0.12887826922231566,0.19530105529162115,0.25777397389042966,0.5701657182817712,1.4080537814679401,0.81403771625058,CONTROL,2.2799999999999954,1790736107511209541,1790736107513754694,19797,910331000000,1790736107510739348,1,1,0,0.0009300860001530964,30,0.0,0.0,9.133944135516619e-05,0.010000000000000002,0.5541988209326495,1.196185464207831,0.7984259619006001,0.015966897349121656,0.2118683172601093,0.015611754349979872,0.5701657182817712,1.4080537814679401,0.81403771625058,False,False,False
1790736107.5211952,APPROACH,0.009985081,0.002430495000226074,0.1475747823210236,0.2171181753465543,0.29457167801956574,0.1257964185195578,0.1947582920710347,0.2555405388533204,0.1471760004273369,0.21765657921381024,0.2943246879526798,0.12905705169206677,0.1955719807565636,0.25813156301672524,0.5631304195333992,1.4209013244834119,0.8116227609740244,CONTROL,2.289999999999995,1790736107521194892,1790736107523888428,19817,910341000000,1790736107520758804,1,1,0,0.0009443330000067363,31,0.0,0.0,9.28398724972024e-05,0.010000000000000002,0.5534386941129972,1.2065336547847605,0.8037795335379997,0.009691725420402027,0.2143676696986515,0.007843227436024705,0.5631304195333992,1.4209013244834119,0.8116227609740244,False,False,False
1790736107.5311534,APPROACH,0.009958461,0.0019859110002471425,0.148867813691826,0.21900126994058589,0.2972007014544764,0.1292324810364638,0.18649394226047833,0.2629832505697849,0.14846743069669918,0.219613601883062,0.29690772320404296,0.12922763410595473,0.1958304799251786,0.2584727509219404,0.5856567577618446,1.5195685276472581,0.8476927896254196,CONTROL,2.299999999999995,1790736107531153473,1790736107533356547,19837,910351000000,1790736107530701645,1,1,0,0.0008492619999742601,33,0.0,0.0,9.113355105951448e-05,0.010000000000000002,0.5526675984875249,1.2168752142549177,0.8091227602343591,0.03298915927431965,0.30269331339234046,0.03857002939106051,0.5856567577618446,1.5195685276472581,0.8476927896254196,False,False,False
1790736107.5412056,APPROACH,0.010051858,0.00234024400015187,0.15017972071010455,0.22101007692870223,0.29987031913623285,0.11882259706577263,0.19973281551039834,0.241540019152565,0.14976052572089088,0.2215731473079105,0.29949408819028317,0.12938999997714418,0.19607652781345325,0.2587975046301741,0.5833889754150522,1.4932916203183726,0.850720748829882,CONTROL,2.3099999999999947,1790736107541205412,1790736107543815348,19858,910361500000,1790736107541079102,1,1,0,0.0009816329998102447,32,0.0,0.0,8.881293988647276e-05,0.010000000000000002,0.5518855513276612,1.227209302529739,0.8144551327786067,0.03150342408739099,0.26608231778863356,0.036265616051275346,0.5833889754150522,1.4932916203183726,0.850720748829882,False,False,False
1790736107.551177,APPROACH,0.009971435,0.0023668939998060523,0.15135955744532925,0.22302255346137567,0.3022666249393713,0.12115943918249912,0.19707073296686686,0.24659680968740574,0.1510552032554017,0.22353509085571022,0.3020836184112533,0.129544133623036,0.19631010065610752,0.2591057927741064,0.5852977964070685,1.5164271322126832,0.8592436862414969,CONTROL,2.3199999999999945,1790736107551176917,1790736107553813975,19878,910371500000,1790736107551050006,1,1,0,0.0010174320000260195,32,0.0,0.0,9.405373753872835e-05,0.010000000000000002,0.5510925728311079,1.2375350828727878,0.8197761452825552,0.03420522357596061,0.27889204933989536,0.03946754095894181,0.5852977964070685,1.5164271322126832,0.8592436862414969,False,False,False
1790736107.561178,APPROACH,0.010000931000000001,0.0023300150000977737,0.1526055601087215,0.22495035726204105,0.30480518493568853,0.12688386245386732,0.19010798223948155,0.2587549179228154,0.1523513809029166,0.2254993076622565,0.3046761490611762,0.1296900201652667,0.19653117590659333,0.2593975855949975,0.5886992382036451,1.5576971565842492,0.8697790751226847,CONTROL,2.3299999999999943,1790736107561177808,1790736107563753159,19898,910381500000,1790736107561048883,1,1,0,0.0010065319997920597,33,0.0,0.0,8.963183219663385e-05,0.010000000000000002,0.5502886861370336,1.2478517220710952,0.8250852953111728,0.0384105520666115,0.30984543451315416,0.04469377981151188,0.5886992382036451,1.5576971565842492,0.8697790751226847,False,False,False
1790736107.571249,APPROACH,0.010071145,0.002538771000217821,0.15380478611706128,0.22677136259479536,0.30724957058783486,0.12330127587419926,0.19648173886752582,0.25102278634415975,0.15364897612135828,0.2274656726439732,0.30727151504473027,0.12982764552970869,0.19673973223709504,0.2596728549426882,0.59880148497093,1.5889194570943566,0.8893171988904093,CONTROL,2.339999999999994,1790736107571248873,1790736107574099726,19917,910391000000,1790736107571113345,1,1,0,0.0010567670001364604,33,0.0,0.0,9.567107356781056e-05,0.010000000000000002,0.5494739173400748,1.2581583906051157,0.8303820840116863,0.04932756763085524,0.3307610664892409,0.058935114878722925,0.59880148497093,1.5889194570943566,0.8893171988904093,False,False,False
1790736107.5812387,APPROACH,0.00998974,0.002329793999706453,0.15501952564499089,0.22877696689422766,0.3097173102078705,0.12136320855281574,0.2025117598077184,0.2465314966750713,0.15494790623192917,0.22943406051009943,0.3098695509931353,0.1299569964464701,0.19693574953852905,0.2599315742755995,0.5869779004218273,1.5545971711947497,0.8802329876516666,CONTROL,2.349999999999994,1790736107581238653,1790736107583884758,19937,910401000000,1790736107580976265,1,1,0,0.0009799009999369446,32,0.0,0.0,9.547675083575154e-05,0.010000000000000002,0.5486482955031352,1.2684542628172548,0.8356660162414529,0.03832960491869211,0.28614290837749484,0.04456697141021372,0.5869779004218273,1.5545971711947497,0.8802329876516666,False,False,False
1790736107.59119,APPROACH,0.009951397,0.002359079000143538,0.15606943192516898,0.23048292743977772,0.31185372550725576,0.12628033938535468,0.1974846325596318,0.2577264713110622,0.1562480884271539,0.23140434577487706,0.3124700912802377,0.13007806044989545,0.1971192089205449,0.260173718660734,0.6153133344018357,1.665591583825699,0.9222119080569685,CONTROL,2.3599999999999937,1790736107591190040,1790736107593809755,19954,910409500000,1790736107590834214,1,1,0,0.0010215600000265113,34,0.0,0.0,9.904956511751011e-05,0.010000000000000002,0.5478118526689576,1.2787385170788772,0.8409366006945418,0.0675014817328781,0.3868530667468216,0.08127530736242669,0.6153133344018357,1.665591583825699,0.9222119080569685,False,False,False
1790736107.6011822,APPROACH,0.009991955,0.0020131229998696654,0.15741355252323253,0.23255708136030417,0.3145988609945358,0.12760389818149187,0.20180381792070817,0.26019078407289453,0.1575494397789218,0.23337640276973806,0.3150729700385972,0.13019082587856448,0.19729009271152353,0.2603992647736736,0.5784714260882727,1.5646873225524371,0.8799992290770282,CONTROL,2.3699999999999934,1790736107601182185,1790736107603430985,19975,910420000000,1790736107600949152,1,1,0,0.0008318700001836987,32,0.0,0.0,9.326206782846224e-05,0.010000000000000002,0.5469646238704656,1.2890103359557785,0.8461933500269749,0.031506802217807064,0.2756769865966587,0.033805879050053285,0.5784714260882727,1.5646873225524371,0.8799992290770282,False,False,False
1790736107.6112907,APPROACH,0.010108565,0.0021062299997538503,0.15874995096019262,0.23470517526649104,0.3173170597285462,0.1271111751673098,0.20528127756509515,0.25824939609167374,0.15885187724652922,0.23535010565549214,0.3176780211755721,0.13029528187529316,0.19744838445857868,0.2606081908985813,0.5498876360457432,1.4867514300420985,0.8500065886124826,CONTROL,2.3799999999999932,1790736107611290700,1790736107613656092,19996,910430500000,1790736107611174971,1,1,0,0.000801643000158947,30,0.0,0.0,9.795166972111457e-05,0.010000000000000002,0.5461066471398448,1.2992689063720062,0.8514357809805546,0.0037809889058983853,0.18748252367009233,-0.0014291923680720083,0.5498876360457432,1.4867514300420985,0.8500065886124826,False,False,False
1790736107.6212294,APPROACH,0.009939805000000001,0.0026602020002428617,0.15945182290862903,0.23582869473929247,0.3187410924061207,0.1281441441479684,0.20232492137432595,0.26036826543840674,0.1601553176847219,0.23732532843451382,0.32028507838940556,0.1303914183871331,0.19759406892755627,0.2608004769282005,0.6614525974519256,1.8425675477880374,1.001892773832398,CONTROL,2.389999999999993,1790736107621229343,1790736107624239790,20007,910436000000,1790736107619707333,1,1,0,0.001155303999894386,37,0.0,0.0,9.412973916275353e-05,0.010000000000000002,0.5452379635163638,1.309513419772002,0.8566634145052289,0.11621463393556183,0.5330541280160354,0.14522935932716896,0.6614525974519256,1.8425675477880374,1.001892773832398,False,False,False
1790736107.63124,APPROACH,0.010009919,0.0028504420001809194,0.16100108191276963,0.23824940882904766,0.32189687689316715,0.12904120697249294,0.2094405154724433,0.2626176919007421,0.16145967785173723,0.23930194496292959,0.3228939751853109,0.13047922616537197,0.19772713210303447,0.26097610436385504,0.5776410311470871,1.593819020864057,0.8971994853508113,CONTROL,2.399999999999993,1790736107631239622,1790736107634484254,20031,910448000000,1790736107630786311,1,1,0,0.0012944979998792405,32,0.0,0.0,8.974758700366003e-05,0.010000000000000002,0.5443586170529155,1.3197430722809889,0.8618757758799315,0.03328241409417157,0.2740759485830681,0.03532370947087983,0.5776410311470871,1.593819020864057,0.8971994853508113,False,False,False
1790736107.6412096,APPROACH,0.009969882000000001,0.002552736999859917,0.16236580788274413,0.2405080959529977,0.32466398937436614,0.1314627829890745,0.2148954764590236,0.2663859743971569,0.16276487441734636,0.24127982896280506,0.325504544891557,0.1305586967655333,0.19784756118832422,0.26113505631544986,0.5110958387848401,1.4038083842865658,0.8180308329540593,CONTROL,2.4099999999999926,1790736107641209685,1790736107644099513,20048,910458500000,1790736107640866363,1,1,0,0.000876453999808291,27,0.0,0.0,9.943148493772149e-05,0.010000000000000002,0.5434686548212647,1.329957064863551,0.8670723948318435,-0.03237281603642458,0.07385131942301472,-0.04904156187778416,0.5110958387848401,1.4038083842865658,0.8180308329540593,False,False,False
1790736107.651292,APPROACH,0.010081825,0.0029471759999069036,0.16384423604788978,0.2427965468323654,0.32765857663544784,0.1372436312487094,0.19793442585149706,0.2787916611100072,0.1640708239708974,0.24325885403433337,0.32811662067555575,0.1306298225473763,0.19795534460546818,0.2612773175014696,0.5156711184603564,1.4638339169694425,0.8325404840893064,CONTROL,2.4199999999999924,1790736107651291961,1790736107654601766,20069,910469500000,1790736107651151414,1,1,0,0.000833842999782064,29,0.0,0.0,9.940913162974006e-05,0.010000000000000002,0.5425681269159934,1.3401546034803458,0.8722528056540223,-0.02689700845563704,0.12367931348909687,-0.03971232156471591,0.5156711184603564,1.4638339169694425,0.8325404840893064,False,False,False
1790736107.6611876,APPROACH,0.009895622,0.002182593999805249,0.16521156952812,0.24471570945382748,0.33043735636528604,0.13216048898702576,0.19245740068952943,0.26829997502764574,0.16537744302935675,0.24523889366802104,0.33073003555994585,0.1306925966748962,0.19805047199524167,0.26140287424897984,0.5719792772871518,1.6481624191870514,0.9133829903588883,CONTROL,2.429999999999992,1790736107661187702,1790736107663684223,20089,910479500000,1790736107660770370,1,1,0,0.0009000390000437619,33,0.0,0.0,9.461036817009607e-05,0.010000000000000002,0.5416570864571364,1.3503348992428772,0.8774165473213313,0.030322190830015396,0.2978275199441743,0.03596644303755693,0.5719792772871518,1.6481624191870514,0.9133829903588883,False,False,False
1790736107.6712105,APPROACH,0.010023213000000001,0.002209344999755558,0.16641023863018223,0.24658878965824904,0.33286620267698863,0.12084190827147794,0.20380143809863002,0.24451881701041203,0.1666846480453522,0.24721982125687642,0.3333446224386802,0.1307470131163239,0.1981329342171521,0.2615117144936265,0.6070859995773735,1.7308434331387734,0.9641527861508258,CONTROL,2.439999999999992,1790736107671210525,1790736107673759295,20108,910489000000,1790736107670819312,1,1,0,0.0009207279999827733,34,0.0,0.0,9.158757133170688e-05,0.010000000000000002,0.5407355895914887,1.3604971685662917,0.8825631636046308,0.06635040998588479,0.3703462645724819,0.08158962254619495,0.6070859995773735,1.7308434331387734,0.9641527861508258,False,False,False
1790736107.681233,APPROACH,0.010022763,0.0039894960000310675,0.16766652727797648,0.24876508345038406,0.3354082359206445,0.12272975996689249,0.20605067737877392,0.24933925360974893,0.1679923554152151,0.24920151010859654,0.33596021409311083,0.13079306664412654,0.19820272334943975,0.2616038277796366,0.5738892878263926,1.6393879729158989,0.9253710468453393,CONTROL,2.4499999999999917,1790736107681232787,1790736107685906813,20129,910499500000,1790736107680931525,1,1,0,0.0018793489998643054,32,0.0,0.0,8.825983783648282e-05,0.010000000000000002,0.5398036954925839,1.370640633320126,0.887692203183165,0.03408559233380867,0.26874733959577296,0.03767884366217432,0.5738892878263926,1.6393879729158989,0.9253710468453393,False,False,False
1790736107.6911857,APPROACH,0.009951848000000001,0.0021492820001185464,0.1688760954457731,0.25069017609906474,0.3378678847780079,0.13132721513401568,0.19808531056729137,0.2675902583273211,0.1693004814870223,0.25118383345775425,0.3385766432080747,0.1308307528350067,0.19825983268907654,0.26167920525981686,0.565276810036297,1.6529052546957688,0.9210734590386173,CONTROL,2.4599999999999915,1790736107691185567,1790736107693635048,20148,910509000000,1790736107690859919,1,1,0,0.0008648319999338128,32,0.0,0.0,9.745632350805599e-05,0.010000000000000002,0.5388614663593351,1.3807645209769532,0.892803219755096,0.026415343676961994,0.2721407337188155,0.02827023928352127,0.565276810036297,1.6529052546957688,0.9210734590386173,False,False,False
1790736107.7011912,APPROACH,0.010006021,0.002234082999621023,0.17020186850098806,0.25265322231654785,0.34056983364944715,0.13059549369386406,0.19880250729781093,0.2656550881460281,0.1706089425686392,0.25316666447798614,0.3411937423879802,0.13086006806990308,0.19830425675176713,0.26173783969555514,0.5658181475427403,1.6677902099558708,0.9286171582383874,CONTROL,2.4699999999999913,1790736107701191267,1790736107703784792,20168,910519000000,1790736107700820123,1,1,0,0.0008875850003278174,32,0.0,0.0,9.776667459565391e-05,0.010000000000000002,0.5379089674133226,1.3908680647588774,0.8978957721461358,0.02790918012941766,0.2769221451969934,0.030721386092251595,0.5658181475427403,1.6677902099558708,0.9286171582383874,False,False,False
1790736107.711187,APPROACH,0.009995130000000001,0.00233793000006699,0.1713558636456174,0.25447039651378844,0.3429093781076227,0.12599137986994036,0.20475408849625698,0.25503634391171237,0.17191765493576153,0.255149876294179,0.343811344172892,0.13088100953399015,0.19833599127194834,0.26177972545681943,0.5911600203390925,1.741179202932007,0.9680943946535437,CONTROL,2.479999999999991,1790736107711186658,1790736107713884100,20186,910528000000,1790736107711081298,1,1,0,0.0009746819996507838,34,0.0,0.0,8.89225077198408e-05,0.010000000000000002,0.5369462668947376,1.4009505037818164,0.9029694244162174,0.05421375344435503,0.3402286991501906,0.06512497023732633,0.5911600203390925,1.741179202932007,0.9680943946535437,False,False,False
1790736107.7212136,APPROACH,0.010026791,0.002322871000160376,0.1726099418795437,0.25653469991630384,0.34544761697257753,0.12664889627366818,0.20647425731940566,0.25699090901062144,0.17322653483995817,0.2571333419946583,0.34642928105461784,0.13089357521667824,0.19835503320278938,0.26180485852215857,0.5764868626830048,1.7062005154152124,0.9540284581152042,CONTROL,2.489999999999991,1790736107721213328,1790736107723892927,20206,910538000000,1790736107720961791,1,1,0,0.0009366590002173325,33,0.0,0.0,8.808750063578329e-05,0.010000000000000002,0.5359734360569594,1.411011083197528,0.9080237459641662,0.04051342662604541,0.29518943221768446,0.046004712151037984,0.5764868626830048,1.7062005154152124,0.9540284581152042,False,False,False
1790736107.7311335,APPROACH,0.009919937,0.0022101270001257944,0.1739650181939636,0.2586862651124777,0.3482022903900952,0.13130194356687688,0.20271103452194245,0.2674681993698209,0.17453549851671318,0.25911693464337454,0.3490473854927937,0.1308977639116136,0.1983613807161918,0.2618132364787017,0.54598619233783,1.6405698127689956,0.9204087050900995,CONTROL,2.4999999999999907,1790736107731133426,1790736107733663050,20227,910548500000,1790736107731028377,1,1,0,0.000860684000144829,31,0.0,0.0,9.418556898535839e-05,0.010000000000000002,0.534990549159779,1.4210490543333159,0.9130583116303118,0.010995643178051007,0.2195207584356797,0.007350393459787675,0.54598619233783,1.6405698127689956,0.9204087050900995,False,False,False
1790736107.7412364,APPROACH,0.010102755000000001,0.0021765530000266153,0.17534930766437196,0.26079945198249366,0.3510211622968318,0.13079439305149232,0.20088068397379477,0.2659677086195593,0.1758444621934682,0.26110052729209077,0.3516654899309695,0.13089357521667827,0.1983550332027894,0.2618048585221586,0.5406206449562588,1.640764362812618,0.9207776177747233,CONTROL,2.5099999999999905,1790736107741236241,1790736107743777617,20248,910559000000,1790736107741125971,1,1,0,0.0008537710000382503,31,0.0,0.0,9.283353289768733e-05,0.010000000000000002,0.5339976834612528,1.431063674829378,0.918072701796997,0.006622961495006078,0.20970068798324024,0.002704915977726363,0.5406206449562588,1.640764362812618,0.9207776177747233,False,False,False
1790736107.7512546,APPROACH,0.010018334,0.0023099370000636554,0.176580007630184,0.26270400022580276,0.3535173578452002,0.128065541885302,0.20031085560360748,0.2594696855222556,0.1771533420976648,0.26308399299257,0.3542834268126953,0.1308810095339902,0.19833599127194843,0.26177972545681955,0.5710951267214542,1.7418733227007397,0.9675557977261038,CONTROL,2.5199999999999902,1790736107751254655,1790736107753965964,20267,910568500000,1790736107751145458,1,1,0,0.0009004600001389917,33,0.0,0.0,9.237288012712288e-05,0.010000000000000002,0.53299491920819,1.4410542087737395,0.9230665024869414,0.038100207513264296,0.30081911392700017,0.04448929523916238,0.5710951267214542,1.7418733227007397,0.9675557977261038,False,False,False
1790736107.761147,APPROACH,0.009892456,0.0026301339999008633,0.17784935989046247,0.2647106295190831,0.3560872202706036,0.12640852241975867,0.20163593365031823,0.25603209878981875,0.17846205446478727,0.2650672048087631,0.35690102859760736,0.13086006806990308,0.19830425675176713,0.26173783969555514,0.5761773990384965,1.7641017641212033,0.9798549660544771,CONTROL,2.52999999999999,1790736107761146930,1790736107764248710,20287,910578500000,1790736107760702216,1,1,0,0.0010430910001559823,33,0.0,0.0,9.075777716609543e-05,0.010000000000000002,0.5319823396252745,1.4510199268347277,0.928039305459409,0.04419505941322203,0.31308183728647565,0.05181566059506804,0.5761773990384965,1.7641017641212033,0.9798549660544771,False,False,False
1790736107.771188,APPROACH,0.010041598,0.00217665299987857,0.17918041291529363,0.2668333599357595,0.3587801954641656,0.1275875107122537,0.20213720896391119,0.25825540744794934,0.17977051554640422,0.267050035828995,0.3595181277775129,0.13083075283500667,0.19825983268907652,0.2616792052598168,0.5531007613729318,1.7096528072640993,0.9566169329144111,CONTROL,2.53999999999999,1790736107771187898,1790736107773695670,20308,910589000000,1790736107770830238,1,1,0,0.0008679480001774209,31,0.0,0.0,9.819025185591983e-05,0.010000000000000002,0.5309600309028156,1.4609601063909337,0.9329907083041297,0.02214073047011619,0.2486927008731656,0.02362622461028142,0.5531007613729318,1.7096528072640993,0.9566169329144111,False,False,False
1790736107.7812355,APPROACH,0.010046808,0.002189918999647489,0.1805326232323985,0.26894260456009,0.36151798024308635,0.12947994768462529,0.19903901991436201,0.2626090946078201,0.18107864161821127,0.2690323591781525,0.3621345568924765,0.13079306664412654,0.19820272334943978,0.26160382777963664,0.539808372399439,1.6911688868161479,0.9459984808809629,CONTROL,2.5499999999999896,1790736107781235477,1790736107783842999,20329,910599500000,1790736107781110250,1,1,0,0.0008537610001440044,31,0.0,0.0,9.113089314314095e-05,0.010000000000000002,0.5299280821831333,1.4708740316586273,0.9379203145329473,0.009880290216305765,0.22029485515752056,0.008078166348015609,0.539808372399439,1.6911688868161479,0.9459984808809629,False,False,False
1790736107.791191,APPROACH,0.009956257000000001,0.0023065199998200114,0.18182401616116817,0.2709193818750224,0.36413918089490194,0.1279679455732173,0.19718077192589464,0.25981924269466483,0.18238634898807413,0.2710140480298726,0.3647501485469071,0.130747013116324,0.19813293421715228,0.2615117144936267,0.5560372330573047,1.7520032736235782,0.9728460777566537,CONTROL,2.5599999999999894,1790736107791191133,1790736107794412520,20349,910609500000,1790736107790811191,1,1,0,0.0009194350000143459,32,0.0,0.0,9.4368314339163e-05,0.010000000000000002,0.5288865855455783,1.4807609938165804,0.9428277336691427,0.027150647511726377,0.2712422798069977,0.030018344087510893,0.5560372330573047,1.7520032736235782,0.9728460777566537,False,False,False
1790736107.8012571,APPROACH,0.010065414,0.002179197999794269,0.1831554901580672,0.2729887081472473,0.3668372820050174,0.12571182716054546,0.19792151909185476,0.2543085263545489,0.18369355400406961,0.27299497561872804,0.3673647354256415,0.13069259667489613,0.1980504719952416,0.26140287424897973,0.5581872851807776,1.766806358745741,0.9825736076299136,CONTROL,2.569999999999989,1790736107801257058,1790736107803782694,20370,910620000000,1790736107801136318,1,1,0,0.0008702029999767547,32,0.0,0.0,9.107588747779173e-05,0.010000000000000002,0.5278356359901913,1.490620291128235,0.9477125813343837,0.030351649190586333,0.27618606761750614,0.03486102629552995,0.5581872851807776,1.766806358745741,0.9825736076299136,False,False,False
1790736107.8112082,APPROACH,0.009951868,0.00334601400027168,0.18428317333441235,0.2747731366112802,0.36911426470012776,0.12528127711063008,0.19799645681677674,0.2531866898760357,0.185000173062529,0.27497501525241574,0.3699781503100317,0.13062982254737637,0.1979553446054683,0.2612773175014697,0.5860543940078102,1.8614690156064362,1.0246551412657674,CONTROL,2.579999999999989,1790736107811208285,1790736107815053406,20388,910629000000,1790736107810634044,1,1,0,0.0014693000002807821,34,0.0,0.0,8.919504513705283e-05,0.010000000000000002,0.526775331419999,1.5004512290612033,0.9525744793332768,0.05927906258781128,0.3610177865452328,0.07208066193249073,0.5860543940078102,1.8614690156064362,1.0246551412657674,False,False,False
1790736107.821188,APPROACH,0.009979070000000001,0.002468707999923936,0.18560521518732642,0.2768475347249808,0.37178555199208807,0.12657409601999337,0.19851117021292136,0.2557562461828512,0.18630612261608007,0.2769540403239441,0.3725902260940305,0.13055869676553333,0.19784756118832425,0.2611350563154499,0.5659786219390603,1.8168742766381547,1.0051931168726076,CONTROL,2.5899999999999888,1790736107821187775,1790736107824042045,20409,910639500000,1790736107820822181,1,1,0,0.0010949190000246745,32,0.0,0.0,9.751249009479298e-05,0.010000000000000002,0.5257057726219633,1.5102531204040528,0.9574130557354815,0.04027284931709705,0.30662115623410197,0.04778006113712618,0.5659786219390603,1.8168742766381547,1.0051931168726076,False,False,False
1790736107.8313012,APPROACH,0.010113164000000001,0.0030451220000031753,0.1869399689755662,0.278945075608493,0.37448466042041373,0.12721257847918746,0.2004895325383468,0.25768035281096496,0.18761131918168922,0.2789319243238196,0.3752007958002766,0.13047922616537208,0.19772713210303464,0.2609761043638553,0.5383107809090766,1.7447671166045822,0.9746129110405498,CONTROL,2.5999999999999885,1790736107831301040,1790736107834760148,20430,910650000000,1790736107831173417,1,1,0,0.0008839990000524267,31,0.0,0.0,8.882886833210468e-05,0.010000000000000002,0.5246270632465804,1.5200252853803151,0.9622279449553329,0.01368371766249623,0.22474183122426708,0.012384966085216892,0.5383107809090766,1.7447671166045822,0.9746129110405498,False,False,False
1790736107.841352,APPROACH,0.010051648,0.002190960999996605,0.18815260461707783,0.2808426957865304,0.3769406744267383,0.12785589726763805,0.1979781526422713,0.2592560506014858,0.18891567934870446,0.28090854085223527,0.3778096925961818,0.13039141838713322,0.1975940689275564,0.2608004769282007,0.5537749016175016,1.8083417423155532,1.0007968985931592,CONTROL,2.6099999999999883,1790736107841352016,1790736107843940221,20449,910659500000,1790736107840560002,1,1,0,0.000859872999626532,32,0.0,0.0,9.704443895082449e-05,0.010000000000000002,0.5235393097861386,1.5297670517597206,0.9670187878289651,0.030235591831363005,0.27857469055583256,0.03377811076419413,0.5537749016175016,1.8083417423155532,1.0007968985931592,False,False,False
1790736107.851197,APPROACH,0.009844273,0.0032413959997938946,0.18936570785251394,0.2827127628558461,0.379401736179529,0.12711939361586452,0.19726634595945167,0.2577959130855581,0.19021911978689712,0.2828837636312569,0.3804167498100152,0.1302952818752932,0.1974483844585788,0.26060819089858145,0.5737942693313167,1.8798841161847246,1.0322399566167504,CONTROL,2.619999999999988,1790736107851196861,1790736107855498850,20468,910669000000,1790736107850715797,1,1,0,0.0009093670000765997,33,0.0,0.0,9.680793323211065e-05,0.010000000000000002,0.522442621551649,1.5394777549665872,0.9717852316888758,0.051351647779667775,0.3404063612181375,0.06045472492787471,0.5737942693313167,1.8798841161847246,1.0322399566167504,False,False,False
1790736107.8612351,APPROACH,0.010038754,0.0023902889997771126,0.19050538411251683,0.28449839223088524,0.38170858031714205,0.1261460125737127,0.20041466552005482,0.2549467154369185,0.19152155725450462,0.2848574665170111,0.3830218009469903,0.13019082587856473,0.19729009271152392,0.2603992647736741,0.590760974518982,1.9365854384714778,1.0599769584738996,CONTROL,2.629999999999988,1790736107861234933,1790736107864148536,20486,910678000000,1790736107860726227,1,1,0,0.000917181999739114,34,0.0,0.0,9.432107874167555e-05,0.010000000000000002,0.5213371106484471,1.5491567381853548,0.9765269304359175,0.06942386387053488,0.38742870028612303,0.08345002803798214,0.590760974518982,1.9365854384714778,1.0599769584738996,False,False,False
1790736107.871246,APPROACH,0.010010179000000001,0.0028378890001476975,0.19170447181042238,0.2864267447468176,0.3841286450769874,0.1268149935004846,0.20523605792439406,0.2560410286057877,0.19282290860627255,0.28682952351187213,0.3856246797053498,0.13007806044989578,0.19711920892054538,0.26017371866073463,0.5739583394457822,1.892658390615914,1.0435669913219323,CONTROL,2.6399999999999877,1790736107871246094,1790736107874831272,20505,910687500000,1790736107871141826,1,1,0,0.0009247059997505858,33,0.0,0.0,9.511367974430947e-05,0.010000000000000002,0.5202228919504902,1.5588033524632214,0.9812435446086768,0.05373544749529204,0.3338550381526925,0.062323446713255425,0.5739583394457822,1.892658390615914,1.0435669913219323,False,False,False
1790736107.8811836,APPROACH,0.00993746,0.0035139229999003874,0.1928587655976628,0.2882846120881233,0.38645843138878666,0.1297936895032356,0.2062058433515518,0.2624798590870435,0.1941230908014973,0.2887998087766498,0.38822521999245224,0.12995699644647044,0.19693574953852955,0.25993157427560015,0.5661393818797055,1.8862814693670815,1.0392702554124187,CONTROL,2.6499999999999875,1790736107881183454,1790736107885108127,20523,910696500000,1790736107880957806,1,1,0,0.0010325909997845883,33,0.0,0.0,9.60659369841144e-05,0.010000000000000002,0.519100083073346,1.5684169568098554,0.9859347414502136,0.04703929880635951,0.31786451255722603,0.05333551396220508,0.5661393818797055,1.8862814693670815,1.0392702554124187,False,False,False
1790736107.8911295,APPROACH,0.009945797000000001,0.0023020819999146624,0.19424237041631098,0.2904405350484165,0.38926070151293013,0.1329548806769568,0.2050844162624051,0.2695386273959036,0.19542202091206812,0.2907681966427759,0.3908232559408571,0.12982764552970885,0.1967397322370953,0.2596728549426885,0.5277359999992594,1.7944531877798728,0.9964364729465046,CONTROL,2.6599999999999873,1790736107891129401,1790736107893861890,20544,910707000000,1790736107891025604,1,1,0,0.0009418479999112606,31,0.0,0.0,9.368530558607203e-05,0.010000000000000002,0.5179688043458972,1.5779969182941431,0.9906001949721293,0.009767195653362128,0.2164562694857298,0.005836277974375336,0.5277359999992594,1.7944531877798728,0.9964364729465046,False,False,False
1790736107.9012508,APPROACH,0.01012156,0.002515496999876632,0.19543791357674056,0.29228192064666203,0.3916844622691493,0.13187087056155056,0.20402575120197508,0.26739967590771496,0.19671961613050976,0.2927345616244926,0.3934186219244112,0.12969002016526693,0.1965311759065937,0.259397585594998,0.5520280357958197,1.8777514214745463,1.0331762331930208,CONTROL,2.669999999999987,1790736107901250881,1790736107904204781,20562,910716000000,1790736107901122026,1,1,0,0.0008979549998002767,33,0.0,0.0,9.449496909451698e-05,0.010000000000000002,0.5168291787807687,1.5875426121379728,0.995239586015949,0.03519885701505101,0.29020880933657367,0.03793664717707179,0.5520280357958197,1.8777514214745463,1.0331762331930208,False,False,False
1790736107.9111986,APPROACH,0.0099477,0.0023387809997075237,0.19655137652936272,0.2940153746427141,0.39393997004048353,0.1302820457168791,0.20481540302662507,0.26364977024889713,0.19801579377802472,0.2946987784310389,0.39601115257433417,0.1295441336230363,0.196310100656108,0.259105792774107,0.5883223616723122,1.9921464333094057,1.085010033621719,CONTROL,2.679999999999987,1790736107911198401,1790736107914005361,20579,910724500000,1790736107911064607,1,1,0,0.0009814430000005814,35,0.0,0.0,8.946318180361209e-05,0.010000000000000002,0.5156813320434949,1.5970534218069936,0.9998526023117781,0.07264102962881738,0.395093011502412,0.08515743130994084,0.5883223616723122,1.9921464333094057,1.085010033621719,False,False,False
1790736107.921193,APPROACH,0.009994359000000001,0.003542327000104706,0.19772130546864286,0.2958794077461304,0.3963050171596385,0.130223285127385,0.20996749338697052,0.26300623463885703,0.1993104713125355,0.2966607219788386,0.39860068279530425,0.12938999997714448,0.19607652781345372,0.2587975046301747,0.5813966013679344,1.9749836234036162,1.0809367219332042,CONTROL,2.6899999999999866,1790736107921192580,1790736107925270764,20597,910733500000,1790736107920313200,1,1,0,0.0010471979999238101,34,0.0,0.0,9.520198801203584e-05,0.010000000000000002,0.5145253924204386,1.6065287390983527,1.0044389385342207,0.06687120894749575,0.3684548843052635,0.07649778339898361,0.5813966013679344,1.9749836234036162,1.0809367219332042,False,False,False
1790736107.9311678,APPROACH,0.009975002,0.0023024920001262217,0.19903596336507068,0.29800323742160906,0.39895546811531934,0.13316101778902972,0.21324563784881437,0.2685935287740528,0.20060356633672724,0.2986202674036872,0.40118704778154457,0.12922763410595486,0.19583047992517882,0.25847275092194066,0.5325468920335773,1.8453365788666947,1.025100248097061,CONTROL,2.6999999999999864,1790736107931167812,1790736107934031600,20617,910743500000,1790736107931041733,1,1,0,0.0009235140000782849,32,0.0,0.0,8.868266993690562e-05,0.010000000000000002,0.5133614907854833,1.6159679642253768,1.0089982963555328,0.019185401248094026,0.22936861464131794,0.01610195174152814,0.5325468920335773,1.8453365788666947,1.025100248097061,False,False,False
1790736107.9411526,APPROACH,0.009984911,0.0022696900000482856,0.20038858603048304,0.30011763260935886,0.40168682126337396,0.13664358966799245,0.20812986831155678,0.2768086316274356,0.20189499660608962,0.30057729007293904,0.40377008303290784,0.12905705169206708,0.19557198075656407,0.25813156301672585,0.5113323326587513,1.811713923987495,1.0050992742491631,CONTROL,2.709999999999986,1790736107941152583,1790736107943837221,20637,910753500000,1790736107940711826,1,1,0,0.0008498339998368465,31,0.0,0.0,9.53130528390503e-05,0.010000000000000002,0.5121897605655085,1.6253705058991792,1.0135303844959962,-0.0008574279067570847,0.18634341808831595,-0.008431110246833046,0.5113323326587513,1.811713923987495,1.0050992742491631,False,False,False
1790736107.951187,APPROACH,0.010033994000000001,0.0023616250000486616,0.2017597644843505,0.3021664840242888,0.4044659196788847,0.13601095229947446,0.20336058837126936,0.27537001838703123,0.20318468003695958,0.3025316655976951,0.4063496243709632,0.12887826922231602,0.19530105529162167,0.2577739738904304,0.5208053567014111,1.8605828185603828,1.0246551582478984,CONTROL,2.719999999999986,1790736107951186667,1790736107954074291,20657,910763500000,1790736107950886036,1,1,0,0.0008913030001167499,32,0.0,0.0,9.264723676726012e-05,0.010000000000000002,0.5110103377046752,1.6347357814071724,1.0180349187714843,0.009795018996735932,0.22584703715321044,0.006620239476414017,0.5208053567014111,1.8605828185603828,1.0246551582478984,False,False,False
1790736107.9611278,APPROACH,0.009940818,0.002761553999789612,0.20323078486187907,0.3044016171587929,0.4074346232147463,0.13111792900132013,0.2044616315571836,0.2635853857367191,0.20447253471456392,0.30448326984499074,0.40892550795508237,0.1286913039877726,0.19501772973309647,0.25740001812753543,0.5131821946506178,1.839650205400754,1.0218897622761136,CONTROL,2.7299999999999858,1790736107961127554,1790736107964401952,20679,910774500000,1790736107961006755,1,1,0,0.0013112599999658414,31,0.0,0.0,8.957886072587893e-05,0.010000000000000002,0.5098233606275322,1.6440632166884797,1.0225116221382193,0.003358834023085521,0.1955869887122743,-0.0006218598621056129,0.5131821946506178,1.839650205400754,1.0218897622761136,False,False,False
1790736107.971157,APPROACH,0.010029385,0.0030994260000625218,0.204591782791673,0.3065407500655333,0.41016386827663043,0.1291984949455078,0.20094537610951035,0.259696214676589,0.20575847890106072,0.3064319789499813,0.4114975702985234,0.12849617408374403,0.1947220315024662,0.25700973192110343,0.5184833380430616,1.8679812898598982,1.0350169093514483,CONTROL,2.7399999999999856,1790736107971157050,1790736107975208603,20700,910785000000,1790736107971043454,1,1,0,0.0008618560000286379,31,0.0,0.0,9.408165671106099e-05,0.010000000000000002,0.5086289702009679,1.6533522464062067,1.026960224734685,0.00985436784209367,0.2146290434536915,0.008056684616763302,0.5184833380430616,1.8679812898598982,1.0350169093514483,False,False,False
1790736107.9828255,APPROACH,0.011671113,0.002388966000125947,0.20575619848033533,0.3083193499289374,0.4125083212760008,0.12943618575120705,0.19500581173907713,0.2612444412532972,0.20704243104358278,0.3083776693281314,0.414065648284519,0.1282928984097728,0.19441398923994002,0.25660315307277615,0.5603136136962096,2.0124341669479984,1.09399059376914,CONTROL,2.7499999999999853,1790736107982825427,1790736107986496469,20718,910794000000,1790736107979546401,1,1,0,0.0009450040001866,34,0.0,0.0,9.004762783033029e-05,0.010000000000000002,0.5074273096950279,1.662602314016591,1.0313804639207043,0.05288630400118164,0.3498318529314072,0.06261012984843585,0.5603136136962096,2.0124341669479984,1.09399059376914,False,False,False
1790736107.9911516,APPROACH,0.008324007000000001,0.002976082000259339,0.2071796857494359,0.31044125307882364,0.415384221772499,0.12862332654028394,0.1946823436621942,0.2592536358303193,0.20832430978227948,0.31032021768740137,0.41662957918236104,0.1280814966696377,0.1940936328044602,0.2561803209927769,0.541392166296598,1.970313964792202,1.0763471498408823,CONTROL,2.759999999999985,1790736107991151328,1790736107994517490,20736,910805000000,1790736107990479983,1,1,0,0.001316569999744388,32,0.0,0.0,9.637455080929505e-05,0.010000000000000002,0.5062185247426194,1.671812871834992,1.0357720843136489,0.035173641553978625,0.29850109295721,0.04057506552723341,0.541392166296598,1.970313964792202,1.0763471498408823,False,False,False
1790736108.0011802,APPROACH,0.010029435000000001,0.0024276399999507703,0.20845521390335264,0.31242239618438905,0.4179425016346259,0.12627283435530967,0.2005673691260628,0.2526567282239319,0.20960403395835897,0.31225950104043415,0.41918920066348614,0.12786198937135293,0.19376099327370055,0.2557412766999085,0.5253846545250395,1.9220866817631155,1.0620532943954173,CONTROL,2.769999999999985,1790736108001180102,1790736108004051304,20756,910815000000,1790736108000763321,1,1,0,0.0008828959998936625,31,0.0,0.0,9.633185120888595e-05,0.010000000000000002,0.5050027632981231,1.6809833810987183,1.0401348378217854,0.020381891226916346,0.24110330066439722,0.021918456573631895,0.5253846545250395,1.9220866817631155,1.0620532943954173,False,False,False
1790736108.0111628,APPROACH,0.009981424000000001,0.0021596020001197758,0.20971585810301985,0.31442596772324816,0.42046465090359986,0.12676890544919242,0.19767199821822581,0.2548946706525623,0.21088152262213078,0.31419539671674357,0.42174435081756206,0.12763439782716895,0.19341610294406783,0.2552860628215551,0.5254394405572788,1.9380625820044477,1.0671707982295966,CONTROL,2.7799999999999847,1790736108011162589,1790736108013727580,20776,910825000000,1790736108010706432,1,1,0,0.0008469379999951343,31,0.0,0.0,9.975676910308458e-05,0.010000000000000002,0.5037801755949396,1.6901133120266971,1.0444684836747455,0.02165926496233921,0.24794926997775057,0.022702314554850948,0.5254394405572788,1.9380625820044477,1.0671707982295966,False,False,False
1790736108.0211928,APPROACH,0.010030258,0.002264880999973684,0.21092717267050443,0.3162759725850641,0.4229111699496477,0.12781914341641656,0.1928006674182111,0.2588491321306766,0.21215669504104828,0.316127782374901,0.4242948681685735,0.127398744153572,0.19305899533070098,0.25481472359368124,0.5449932570851393,2.0163009821719142,1.096602227734988,CONTROL,2.7899999999999845,1790736108021192605,1790736108023859790,20795,910834500000,1790736108020814758,1,1,0,0.0009058700002242404,33,0.0,0.0,9.187082491532705e-05,0.010000000000000002,0.5025509141019932,1.6992021438759577,1.048772788451106,0.042442342983146204,0.3170988382959565,0.047829439283882114,0.5449932570851393,2.0163009821719142,1.096602227734988,False,False,False
1790736108.0311775,APPROACH,0.009984089,0.0022357459997692786,0.2122005795187043,0.31820611435765933,0.4254890337840114,0.12629674343615485,0.1954573472055091,0.2545810390897253,0.21342947070775053,0.31805653601472256,0.42684059169090693,0.12715505127128418,0.1926897051674713,0.25432730486083205,0.5404987983839324,2.0087670183899853,1.0966702106959467,CONTROL,2.7999999999999843,1790736108031177346,1790736108033876512,20815,910844500000,1790736108031072597,1,1,0,0.0008681379999870842,32,0.0,0.0,9.838397473669702e-05,0.010000000000000002,0.5013151334792169,1.7082493649949426,1.053047526103088,0.03918366490471563,0.3005176533950427,0.04362268459285865,0.5404987983839324,2.0087670183899853,1.0966702106959467,False,False,False
1790736108.0412095,APPROACH,0.01003185,0.0022257770001488097,0.21339420574126056,0.3200803213505026,0.4278873289699443,0.12541955457976758,0.19806437123170434,0.25180562884528435,0.21469976934810545,0.3199815359894574,0.42938136082543843,0.12690334290526337,0.19230826840698223,0.2538238540761328,0.5410046742925472,2.0160101741911425,1.103001688526068,CONTROL,2.809999999999984,1790736108041209226,1790736108043921146,20834,910854000000,1790736108040977496,1,1,0,0.0008838990002004721,32,0.0,0.0,9.951412185208399e-05,0.010000000000000002,0.5000729905320409,1.7172544728736348,1.0572924779783583,0.04093168376050623,0.2987557013175077,0.045709210547709635,0.5410046742925472,2.0160101741911425,1.103001688526068,False,False,False
1790736108.0511584,APPROACH,0.009949414,0.00228198299964788,0.21459072528795797,0.3219592038368182,0.430289431425805,0.12678551450030687,0.19686820363379565,0.2550535084469578,0.2159675109292512,0.3219026610179736,0.4319170154956169,0.12664364358470334,0.19191472222056974,0.25330442030128963,0.5415427677639126,2.0346380354979012,1.1094228297361572,CONTROL,2.819999999999984,1790736108051158299,1790736108053769518,20853,910863500000,1790736108051033162,1,1,0,0.0009482509999543254,33,0.0,0.0,8.948758406596217e-05,0.010000000000000002,0.49882464416492533,1.7262169741905,1.061507432838938,0.042718123598987245,0.30842106130740116,0.047915396897219166,0.5415427677639126,2.0346380354979012,1.1094228297361572,False,False,False
1790736108.061217,APPROACH,0.01005819,0.0020714840002256096,0.21586668845134938,0.3239214347099608,0.4328597659041402,0.12794372762833867,0.1964004905481907,0.25778587955452387,0.21723261566763982,0.3238197901969473,0.4344473961235527,0.1263759786430334,0.19150910499830137,0.25276905420658835,0.5269357684780832,2.0084747170812287,1.0967654553705761,CONTROL,2.8299999999999836,1790736108061216900,1790736108063602621,20873,910873500000,1790736108061116059,1,1,0,0.0008472690001326555,32,0.0,0.0,9.361783851338388e-05,0.010000000000000002,0.49757025533394,1.7351363848562442,1.0656921868772165,0.029365513144143224,0.27333833222498455,0.03107326849335961,0.5269357684780832,2.0084747170812287,1.0967654553705761,False,False,False
1790736108.0712433,APPROACH,0.010026440000000001,0.0021705320000364736,0.21720889158443946,0.3259861608281822,0.4355620990913889,0.12735855183145414,0.19685820467443055,0.2561528588945402,0.21849500403707772,0.3257328030130474,0.4369723436461,0.1261003742179197,0.19109145634897867,0.25221780807089733,0.5073748547082961,1.9624394436272738,1.0781488809722686,CONTROL,2.8399999999999834,1790736108071243350,1790736108073697731,20894,910884000000,1790736108071141587,1,1,0,0.0008738999999877706,31,0.0,0.0,9.057863370218273e-05,0.010000000000000002,0.4963099869984472,1.7440122300543919,1.0698465437290712,0.011064867709848894,0.21842721357288192,0.008302337243197429,0.5073748547082961,1.9624394436272738,1.0781488809722686,False,False,False
1790736108.081182,APPROACH,0.009938633,0.002194756999870151,0.21847958142596013,0.32794271258111873,0.43811581261143795,0.1267315196567646,0.1937328455743458,0.25494240445530475,0.21975459677677017,0.32764157935512606,0.43949169953094636,0.1258168572512632,0.19066181710013386,0.2516507357816634,0.5159185207631158,2.0034305705558517,1.0952366284729897,CONTROL,2.849999999999983,1790736108081181923,1790736108083673504,20914,910894000000,1790736108080778136,1,1,0,0.0008695310002622136,32,0.0,0.0,8.900465902917087e-05,0.010000000000000002,0.49504400407188903,1.752844044278692,1.073970314484101,0.02087451669122686,0.2505865262771597,0.021266313988888758,0.5159185207631158,2.0034305705558517,1.0952366284729897,False,False,False
1790736108.0912337,APPROACH,0.010053231000000001,0.0023088540001481306,0.21948968068921193,0.32948327074618433,0.44014893883655093,0.1257055933329257,0.19215903708837456,0.25303634415674486,0.22101131489936227,0.3295459995264038,0.44200530579269615,0.12552545548920097,0.19022022929803187,0.2510678928349143,0.5704970107135919,2.1723794598991835,1.1684289301364055,CONTROL,2.859999999999983,1790736108091233511,1790736108093896107,20930,910902000000,1790736108089788166,1,1,0,0.001005748999887146,35,0.0,0.0,8.879675465942097e-05,0.010000000000000002,0.4937724733717314,1.7616313713673502,1.078063317692974,0.07672453734186054,0.41074808853183337,0.0903656124434315,0.5704970107135919,2.1723794598991835,1.1684289301364055,False,False,False
1790736108.1011863,APPROACH,0.009950966,0.0022190639997461403,0.22049080745671112,0.3310270391204728,0.442163089410871,0.12491145711196198,0.19575166648538095,0.2506661359698419,0.2222650796989814,0.3314459442566571,0.44451300500895624,0.12522619748210637,0.18976673620767057,0.2504693363352593,0.6036239342651897,2.270719899982309,1.2139781924663018,CONTROL,2.869999999999983,1790736108101185930,1790736108103718549,20946,910910000000,1790736108100758829,1,1,0,0.000950094000017998,36,0.0,0.0,8.981841469644122e-05,0.010000000000000002,0.49249556356857677,1.770373764534091,1.0821253793718897,0.11112837069661292,0.5003461354482182,0.13185281309441216,0.6036239342651897,2.270719899982309,1.2139781924663018,False,False,False
1790736108.111198,APPROACH,0.010011863000000001,0.002118472999882215,0.2218725090391933,0.3332468887353137,0.44492756649500764,0.1270267257675689,0.20783746393905722,0.2534822145370487,0.2235158127592802,0.33334129471440654,0.44701464033642335,0.12491911258458825,0.18930138231277963,0.24985512499588733,0.5010349608242505,1.9707170058355548,1.089794726104207,CONTROL,2.8799999999999826,1790736108111197862,1790736108113655339,20968,910921000000,1790736108111077023,1,1,0,0.0008261990001301456,30,0.0,0.0,8.971883247360147e-05,0.010000000000000002,0.4912134451344852,1.7790707863960775,1.0861563330041808,0.00982151568976522,0.19164621943947735,0.003638393100026163,0.5010349608242505,1.9707170058355548,1.089794726104207,False,False,False
1790736108.1211941,APPROACH,0.009996142000000001,0.0022763020001548284,0.22330105887485185,0.3355306243872631,0.4477791068730146,0.13250030821971495,0.20118193783606106,0.26679159225509463,0.22476343596147852,0.33523193251910366,0.4495100555269687,0.12460423095549154,0.18882421331582136,0.24922531913856832,0.44030949377933715,1.834598558386476,1.0223397148540851,CONTROL,2.8899999999999824,1790736108121193865,1790736108123791688,20990,910932000000,1790736108120922780,1,1,0,0.0008479500002067653,26,0.0,0.0,9.666992068091381e-05,0.010000000000000002,0.4899262902905338,1.7877220089986836,1.0901560195390492,-0.04961679651119666,0.046876549387792184,-0.06781630468496397,0.44030949377933715,1.834598558386476,1.0223397148540851,False,False,False
1790736108.1311886,APPROACH,0.00999476,0.0024615339998490526,0.22470255644655168,0.33755802512638855,0.4506140208058187,0.13221655512586153,0.18631423917889367,0.2680777735886889,0.2260078714924056,0.3371177397533179,0.4519990949437238,0.12428158355789667,0.1883352761379898,0.24857998069365203,0.4767515966304881,1.9807902449970005,1.0768759800952277,CONTROL,2.899999999999982,1790736108131188424,1790736108133984443,21011,910942500000,1790736108130769819,1,1,0,0.0009858020002866397,31,0.0,0.0,9.107988516935132e-05,0.010000000000000002,0.4886342729536418,1.7963270138371301,1.0941242873874486,-0.011882676323153705,0.18446323115987048,-0.017248307292220846,0.4767515966304881,1.9807902449970005,1.0768759800952277,False,False,False
1790736108.14116,APPROACH,0.009971295,0.002482624999629479,0.22605540992017836,0.33948327893445907,0.4533491265254086,0.12437919923903819,0.185440213975482,0.24897298011047833,0.2272490418525431,0.33899859897492485,0.4544816035771674,0.12395120215912034,0.18783461891921202,0.24791917320006948,0.5212666919680917,2.1055035786251426,1.1389848227312456,CONTROL,2.909999999999982,1790736108141159879,1790736108145332663,21032,910953000000,1790736108140733089,1,1,0,0.0010198270001637866,32,0.0,0.0,9.998308080355042e-05,0.010000000000000002,0.48733756868269434,1.804885391875021,1.098060992415141,0.03392912328539741,0.30061818675012164,0.04092383031610453,0.5212666919680917,2.1055035786251426,1.1389848227312456,False,False,False
1790736108.151532,APPROACH,0.010372587,0.0026283910001438926,0.227198792922791,0.3412725688650262,0.4556161083706898,0.11813173083761087,0.190686108904347,0.23319367603780394,0.22848686986406644,0.34087439322929225,0.4569574270612091,0.12361311933071492,0.18732229101814707,0.24724296180533195,0.5544286206549842,2.1850559035976884,1.1844484406157796,CONTROL,2.9199999999999817,1790736108151531665,1790736108154709359,21051,910962500000,1790736108150857354,1,1,0,0.001069971999640984,33,0.0,0.0,9.865631363792928e-05,0.010000000000000002,0.4860363546240015,1.813396743559762,1.10196599793292,0.06839226603098268,0.3716591600379264,0.08248244268285956,0.5544286206549842,2.1850559035976884,1.1844484406157796,False,False,False
1790736108.1612089,APPROACH,0.009676666,0.0023102370000742667,0.2284397574889061,0.3432845613312212,0.4580694396030869,0.12026937920723506,0.1905586882815163,0.23980423689853944,0.2297212786788884,0.34274500606146907,0.45942641168927806,0.12326736844846845,0.18679834301218598,0.24655141326553076,0.5230553456174755,2.107696140175695,1.148323477665429,CONTROL,2.9299999999999815,1790736108161208801,1790736108163864935,21072,910973000000,1790736108160966341,1,1,0,0.0008330619998559996,31,0.0,0.0,9.988736512259706e-05,0.010000000000000002,0.48473080945611646,1.8218606788349125,1.1058391746840328,0.038324536161359,0.2858354613407822,0.04248430298139625,0.5230553456174755,2.107696140175695,1.148323477665429,False,False,False
1790736108.1712036,APPROACH,0.009994108,0.002107802999944397,0.22966850608659506,0.34516510306876125,0.4605393833810516,0.12461739532300004,0.18536017379534828,0.25205865298757685,0.23095219178670048,0.3446103215283714,0.4618884044304065,0.12291398369240543,0.18626282669745317,0.24584459594533903,0.5043609555771124,2.0859043374177855,1.1299235003961694,CONTROL,2.9399999999999813,1790736108171203551,1790736108173619449,21092,910983000000,1790736108171097640,1,1,0,0.0008405260000472481,31,0.0,0.0,9.729977398147019e-05,0.010000000000000002,0.4834211133340531,1.8302768171494694,1.109680400828818,0.020939842243059267,0.25562752026831603,0.020243099567351448,0.5043609555771124,2.0859043374177855,1.1299235003961694,False,False,False
1790736108.1812675,APPROACH,0.010064091,0.002117219999945519,0.23097684012108743,0.34710237615028916,0.46318510348098085,0.12326544823663375,0.18546558266527385,0.2479354762877648,0.23217953302301528,0.3464702242109697,0.46434325294531564,0.12255300004678565,0.18571579508880434,0.24512257981800925,0.49627311070366514,2.07427992613009,1.1266991097657886,CONTROL,2.949999999999981,1790736108181267552,1790736108183701494,21113,910993500000,1790736108181155850,1,1,0,0.0008368789999622095,31,0.0,0.0,9.12996703180176e-05,0.010000000000000002,0.4821074478329342,1.838644787464107,1.1134895619265632,0.014165662870730981,0.235635138665983,0.013209547839225396,0.49627311070366514,2.07427992613009,1.1266991097657886,False,False,False
1790736108.1912618,APPROACH,0.009994149,0.0045836149997739994,0.23213524407942288,0.34886823793260113,0.4655038615949896,0.12073720051936603,0.18579784700785287,0.2411025159212979,0.23340322657720972,0.3483245992264773,0.46679080560250313,0.12218445330010486,0.18515730241982775,0.2443854364653745,0.5192926955502398,2.1456489012791513,1.161460644851898,CONTROL,2.959999999999981,1790736108191261601,1790736108196400349,21132,911003000000,1790736108191129630,1,1,0,0.0028354549999676237,32,0.0,0.0,9.744543679645975e-05,0.010000000000000002,0.4807899958910975,1.8469642282544059,1.117266550914626,0.03850269965914232,0.29868467302474544,0.04419409393727203,0.5192926955502398,2.1456489012791513,1.161460644851898,False,False,False
1790736108.201194,APPROACH,0.009932291000000001,0.002755161999630218,0.2333940656299731,0.3508117481797548,0.46800655855124296,0.11971277531005359,0.1845123680945181,0.23740619516763023,0.23462319700056689,0.3501733322405374,0.469230911494328,0.12180838004509477,0.18458740414284416,0.2436332390778488,0.5195449600490077,2.160471959604414,1.1697508122777571,CONTROL,2.9699999999999807,1790736108201193922,1790736108204372368,21151,911013500000,1790736108200888752,1,1,0,0.001272465999591077,32,0.0,0.0,9.396222139216455e-05,0.010000000000000002,0.4794689417527046,1.8552347875110886,1.1210112680848214,0.0400760182963031,0.30523717209332557,0.048739544192935594,0.5195449600490077,2.160471959604414,1.1697508122777571,False,False,False
1790736108.2112007,APPROACH,0.010006803,0.0026735370001915726,0.23459497504611004,0.35265096837152665,0.4703956314221913,0.1204315466378382,0.183322546244348,0.24077476998442934,0.2358393692143178,0.3520163094794091,0.47166342045309523,0.12142481767872287,0.18400615692890648,0.2428660624544264,0.5131102229042034,2.1555867824178065,1.1651512069162933,CONTROL,2.9799999999999804,1790736108211200574,1790736108214325378,21171,911023500000,1790736108210715333,1,1,0,0.0009990970002036192,32,0.0,0.0,9.133096543439441e-05,0.010000000000000002,0.47814447090987594,1.8634561227372775,1.1247236210571068,0.034965751994327395,0.292130659680529,0.04042758585918642,0.5131102229042034,2.1555867824178065,1.1651512069162933,False,False,False
1790736108.2211902,APPROACH,0.009989650000000001,0.002610536999782198,0.23586164834510814,0.35457063243045805,0.4729380823594487,0.12044618626427968,0.18286492115836864,0.2421167565926245,0.23705166851768472,0.3538534177421561,0.47408818306714323,0.12103380440219297,0.18341361866780062,0.242083983002683,0.4964246131785369,2.118803676455213,1.1478820922783135,CONTROL,2.9899999999999802,1790736108221190244,1790736108225855824,21192,911034000000,1790736108220814761,1,1,0,0.0010270600000694685,31,0.0,0.0,9.157430277270174e-05,0.010000000000000002,0.4768167700443923,1.8716279009428265,1.1284035247505917,0.01960784313414458,0.2471757755123864,0.01947856752772185,0.4964246131785369,2.118803676455213,1.1478820922783135,False,False,False
1790736108.231359,APPROACH,0.010168630000000001,0.002602531999855273,0.23712309223586292,0.35648667210293716,0.47547140318636716,0.11955137109538189,0.1818496420646447,0.23974248685469626,0.23826002059592322,0.35568454441283415,0.47650505069692956,0.12063537922094385,0.18280984846804352,0.24128707873877303,0.49034406806627323,2.1137953094845656,1.1463964303131142,CONTROL,2.99999999999998,1790736108231359004,1790736108234807533,21213,911044500000,1790736108231195213,1,1,0,0.0009761440001057053,31,0.0,0.0,8.85151042196114e-05,0.010000000000000002,0.4754860269689917,1.879749798635735,1.1320509013518976,0.014858041097281522,0.23404551084883074,0.014345528961216754,0.49034406806627323,2.1137953094845656,1.1463964303131142,False,False,False
1790736108.2415,APPROACH,0.010141398000000001,0.002478667000104906,0.23819507879419266,0.35811372994073487,0.47761662892685086,0.11858378571479179,0.17970682671739968,0.23717216530436136,0.23946435152836407,0.35750957747267686,0.4789138754911152,0.12022958194465098,0.18219490665688562,0.24047542928743312,0.5250403453939932,2.226484294804981,1.195513052488052,CONTROL,3.00999999999998,1790736108241499972,1790736108244996932,21231,911053500000,1790736108240038436,1,1,0,0.0010357770001974131,33,0.0,0.0,9.297676126838143e-05,0.010000000000000002,0.4741524305683041,1.8878215018106785,1.1356656802808895,0.050887914825689176,0.33866279299430246,0.059847372207162505,0.5250403453939932,2.226484294804981,1.195513052488052,False,False,False
1790736108.2511954,APPROACH,0.00969498,0.002726706999965245,0.23931679720239174,0.3598145812861331,0.47985864740242556,0.11772923604696466,0.1800315229933674,0.235084972747773,0.24066458779645633,0.35932840551228484,0.4813145104026522,0.1198164531872254,0.18156885478030937,0.23964911588197993,0.5393708765347978,2.2754738380595874,1.217850679999783,CONTROL,3.0199999999999796,1790736108251195283,1790736108254292745,21250,911063000000,1790736108250788190,1,1,0,0.0011130540001431655,33,0.0,0.0,9.883941214503729e-05,0.010000000000000002,0.47281617073944504,1.895842705934699,1.1392477981538198,0.06655470579535266,0.3796311321248884,0.07860288184596322,0.5393708765347978,2.2754738380595874,1.217850679999783,False,False,False
1790736108.261238,APPROACH,0.010043152000000001,0.002576512999894476,0.24055314082667145,0.361730595202693,0.48232277947756463,0.11795151928558059,0.185106997427462,0.2348634139706942,0.24186065629180922,0.3611409177438119,0.4837068092048686,0.11939603436681363,0.18093175560302885,0.23880822136430974,0.49999827506235706,2.1657372565977244,1.1732633283050244,CONTROL,3.0299999999999794,1790736108261238104,1790736108264182295,21271,911073500000,1790736108261101605,1,1,0,0.0009836079998422065,31,0.0,0.0,9.274005816339943e-05,0.010000000000000002,0.471477438332318,1.9038131159300788,1.1427971987439076,0.028520836730039082,0.2619241406676456,0.030466129561116828,0.49999827506235706,2.1657372565977244,1.1732633283050244,False,False,False
1790736108.2712543,APPROACH,0.01001576,0.0028272389999983716,0.24168060904013533,0.36349171947209324,0.4845692765910825,0.1192801900786124,0.18355721225639024,0.23882960315923374,0.24305248432423437,0.3629470040131522,0.4860906265075535,0.11896836770579881,0.1802836731084916,0.23795283018490093,0.49661800046952026,2.172947256352085,1.1738116639652887,CONTROL,3.039999999999979,1790736108271254274,1790736108274652597,21290,911083000000,1790736108271120831,1,1,0,0.0010917129998233577,32,0.0,0.0,8.765698028923451e-05,0.010000000000000002,0.47013642508964754,1.9117324461544247,1.1463138329393827,0.026481575379872738,0.2612148101976603,0.027497831025906014,0.49661800046952026,2.172947256352085,1.1738116639652887,False,False,False
1790736108.2812035,APPROACH,0.009949543,0.0025250749999941036,0.24288000210068272,0.3653030903808574,0.4869785056400677,0.12009293765061958,0.17969714970156253,0.24149944977243887,0.24423999962978915,0.36474655481212925,0.48846581777304543,0.11853349623079909,0.17962467249887631,0.23708302840281073,0.4978645090216812,2.198433161190148,1.1812130069093936,CONTROL,3.049999999999979,1790736108281203447,1790736108284230165,21310,911093000000,1790736108280875745,1,1,0,0.0010143360000256507,32,0.0,0.0,9.153295209824415e-05,0.010000000000000002,0.46879332358678283,1.9196004203780344,1.149797658699044,0.02907118543489841,0.2788327408121137,0.031415348210349574,0.4978645090216812,2.198433161190148,1.1812130069093936,False,False,False
1790736108.2912896,APPROACH,0.010085733000000001,0.0027709619998859125,0.24401735121669965,0.36700563709616674,0.4892631707451822,0.11883370778843745,0.180017407456623,0.2378846708856602,0.24542313037881722,0.3665394612906804,0.4908322393323142,0.11809146377266935,0.17895482019509523,0.2361989036856786,0.5101201708875027,2.241676306378684,1.2017659321964622,CONTROL,3.0599999999999787,1790736108291289390,1790736108294581752,21329,911102500000,1790736108291149725,1,1,0,0.0010513160000300559,33,0.0,0.0,8.77372335350732e-05,0.010000000000000002,0.4674483271713057,1.9274167717585224,1.1532486410053404,0.042671843716197005,0.3142595346201617,0.04851729119112185,0.5101201708875027,2.241676306378684,1.2017659321964622,False,False,False
1790736108.3012955,APPROACH,0.010005680000000001,0.0024511940000593313,0.24525461874850496,0.3689110904540067,0.4917300309640953,0.11721865582577069,0.18295080542863304,0.23309989393421882,0.24660180518399288,0.3683256152690471,0.49318974840105057,0.1176423149664996,0.1782741838367918,0.23530054530972305,0.4907669840378167,2.1878865568137824,1.1827223074374218,CONTROL,3.0699999999999785,1790736108301295281,1790736108304143710,21350,911113000000,1790736108301160435,1,1,0,0.000991182000234403,31,0.0,0.0,9.427795529560317e-05,0.010000000000000002,0.4661016299024736,1.9351812428128188,1.1566667518150406,0.024665354135343074,0.25270531400096374,0.026055555622381155,0.4907669840378167,2.1878865568137824,1.1827223074374218,False,False,False
1790736108.3112028,APPROACH,0.009907544,0.002657898000052228,0.24642783363265153,0.37073544128548974,0.49406379058204264,0.11768204064471607,0.18029185790087982,0.23519394575861458,0.2477759531083622,0.3701049092499605,0.49553820309575,0.11718609525161615,0.17758283228234253,0.23438804415974407,0.4871002098890607,2.1938447990891667,1.1830256428320616,CONTROL,3.0799999999999783,1790736108311202454,1790736108314341646,21370,911123000000,1790736108310829316,1,1,0,0.0011169109998263593,31,0.0,0.0,9.627306331395485e-05,0.010000000000000002,0.4647534264905371,1.942893585386509,1.1600519700075025,0.022346783398523647,0.2509512137026578,0.022973672824559047,0.4871002098890607,2.1938447990891667,1.1830256428320616,False,False,False
1790736108.321168,APPROACH,0.009965394,0.00216253600001437,0.24760858583372158,0.3725133023002529,0.4964315710318288,0.11804267047228034,0.176156516840839,0.23706650948617627,0.24894550367338536,0.37187723643082843,0.4978774624497979,0.11672285087158109,0.17688083560885606,0.2334614927291219,0.492984843455665,2.231229488926892,1.195704349250446,CONTROL,3.089999999999978,1790736108321167748,1790736108323681271,21390,911133000000,1790736108320639806,1,1,0,0.0008878859998731059,32,0.0,0.0,9.075901627112334e-05,0.010000000000000002,0.4634039122359613,1.9505535606206146,1.1634042813305991,0.02958093121970375,0.2806759283062776,0.03230006791984685,0.492984843455665,2.231229488926892,1.195704349250446,False,False,False
1790736108.3311958,APPROACH,0.010027622,0.002092464000270411,0.24884053665707917,0.374359822009116,0.4989028152503763,0.11625352686073842,0.17689343972936272,0.23225727172278865,0.25011038686697984,0.3736424907159247,0.5002073864295579,0.1162526288741921,0.17616826511217296,0.23252098511981684,0.4853679873116259,2.215345397834137,1.1914425559064274,CONTROL,3.099999999999978,1790736108331195741,1790736108333589507,21411,911143500000,1790736108330866676,1,1,0,0.0008399749999625783,31,0.0,0.0,9.504066351166797e-05,0.010000000000000002,0.46205328296858444,1.958160938915822,1.1667236783443313,0.023314704343041427,0.2571844589183146,0.02471887756209609,0.4853679873116259,2.215345397834137,1.1914425559064274,False,False,False
1790736108.3412108,APPROACH,0.010016421000000001,0.0021424179999485204,0.24999514590141736,0.37613287522678274,0.5011998758620435,0.11490474089143786,0.17683778360216001,0.22841005774771983,0.2512705331515621,0.37540056672857447,0.5025278359504551,0.1157754771114831,0.1754451933068667,0.23156661704237042,0.4883354334489935,2.231553679766008,1.2007342397250271,CONTROL,3.1099999999999777,1790736108341210719,1790736108343793013,21431,911153500000,1790736108340848191,1,1,0,0.0008387419998143741,31,0.0,0.0,9.824280932486151e-05,0.010000000000000002,0.4607017349867487,1.9657154998942168,1.1700101603621698,0.027633698462244803,0.26583817987179087,0.03072407936285737,0.4883354334489935,2.231553679766008,1.2007342397250271,False,False,False
1790736108.3511884,APPROACH,0.009975954,0.0022516650001307426,0.2511425476912077,0.3778877791485691,0.5034843439346992,0.11477864395421987,0.17403003226668584,0.22928044268351383,0.25242587347209006,0.3771513598233423,0.5048386728930633,0.11529144423972378,0.17471169392624294,0.23059848581590456,0.49367628453347273,2.2614190477591447,1.2115589076692146,CONTROL,3.1199999999999775,1790736108351188186,1790736108353799695,21451,911163500000,1790736108350956045,1,1,0,0.0008819950003271515,32,0.0,0.0,9.005796590582789e-05,0.010000000000000002,0.45934946499643803,1.9732170323585752,1.1732637333901719,0.03432681953703468,0.28820201540056967,0.03829517427904277,0.49367628453347273,2.2614190477591447,1.2115589076692146,False,False,False
1790736108.3611815,APPROACH,0.009992997,0.0020633389999602514,0.2522910202962967,0.37961537849097216,0.5057834690231204,0.11466338242659513,0.17252935564998273,0.22951233022022555,0.25357633926410533,0.3788947660982195,0.5071397601191898,0.11480057971941951,0.1739678419223394,0.22961669036812135,0.49429136900285753,2.2770068024518073,1.217017405323947,CONTROL,3.1299999999999772,1790736108361181333,1790736108363610917,21471,911173500000,1790736108360765874,1,1,0,0.0008452950000901183,32,0.0,0.0,9.208433893766287e-05,0.010000000000000002,0.4579966700504509,1.9806653342492417,1.1764844100639127,0.03629469895240661,0.29634146820256535,0.040532995260034295,0.49429136900285753,2.2770068024518073,1.217017405323947,False,False,False
1790736108.3711386,APPROACH,0.009957248,0.002026217000093311,0.25348874190768633,0.38143384738966457,0.5081771073792027,0.11341023600455662,0.17416437440682675,0.22607634225889026,0.2547218624617763,0.3806306824068118,0.5094309614879633,0.11430293381531163,0.1732137134659263,0.22862133123530357,0.47942213823930413,2.239262680603893,1.203196160765692,CONTROL,3.139999999999977,1790736108371138611,1790736108373424392,21492,911184000000,1790736108371043451,1,1,0,0.0008222110000133398,31,0.0,0.0,9.100868881952733e-05,0.010000000000000002,0.4566435474876403,1.9880602125986657,1.179672209583277,0.022778590751663823,0.2512024680052273,0.02352395118241495,0.47942213823930413,2.239262680603893,1.203196160765692,False,False,False
1790736108.3811798,APPROACH,0.010041028,0.002018734000102995,0.2546201205310856,0.3831704311689448,0.5104303609325895,0.11300126729664679,0.17219165899537203,0.22546722777783512,0.25586237550593943,0.3823590063705259,0.5117121418719166,0.11379855759637739,0.17244938594650613,0.22761251056231457,0.48235478788786723,2.2608122224961047,1.2118708378182117,CONTROL,3.149999999999977,1790736108381179669,1790736108383460169,21512,911194000000,1790736108380907212,1,1,0,0.0008270010002888739,31,0.0,0.0,9.75071624734124e-05,0.010000000000000002,0.45529029487225914,1.995401483483615,1.1828271576451526,0.027064493015608114,0.26541073901248974,0.029043680173059125,0.48235478788786723,2.2608122224961047,1.2118708378182117,False,False,False
1790736108.3911827,APPROACH,0.010003075,0.0020821939997404115,0.2557486064157022,0.38487776225418546,0.5126853725736304,0.11263446755454658,0.16979281131306437,0.2252343036254275,0.2569978113521422,0.384079636390757,0.5139831671730747,0.11328750293582983,0.17167493797231376,0.22659033210259827,0.48892045293403263,2.2936265682112023,1.224629509656387,CONTROL,3.1599999999999766,1790736108391182644,1790736108393541093,21532,911204000000,1790736108390764260,1,1,0,0.0008573280001655803,32,0.0,0.0,8.981321293997356e-05,0.010000000000000002,0.4539371099334369,2.0026889719751417,1.185949286374074,0.03498334300059575,0.2909375962360603,0.038680223282313075,0.48892045293403263,2.2936265682112023,1.224629509656387,False,False,False
1790736108.4012856,APPROACH,0.010102735,0.0030914700000721496,0.2568707804045527,0.38657363077579543,0.5149281552044127,0.11173030292922453,0.17005464910768728,0.2228761574972134,0.25812810347868587,0.385792471661077,0.5162439043390403,0.11276982251111771,0.1708904493703161,0.22555490121817867,0.4890710425635252,2.3016983454582585,1.2292916846262363,CONTROL,3.1699999999999764,1790736108401285529,1790736108405090655,21552,911214000000,1790736108401143239,1,1,0,0.0009300460001213651,32,0.0,0.0,8.968171447777619e-05,0.010000000000000002,0.45258419050481846,2.009922512086363,1.189038634250877,0.03648685205870673,0.2917758333718954,0.04025305037535932,0.4890710425635252,2.3016983454582585,1.2292916846262363,False,False,False
1790736108.4112763,APPROACH,0.009991273,0.002478816999882838,0.25804120186922663,0.3883614406985556,0.5172565390471866,0.11132562130452386,0.17027553168756154,0.2212089373119223,0.2592531858946669,0.3874974121794208,0.5184942213790791,0.11224556980392604,0.170096001186213,0.22450632487966116,0.4744431144709311,2.27141972881053,1.217289051949552,CONTROL,3.179999999999976,1790736108411276221,1790736108414055780,21573,911224500000,1790736108411141215,1,1,0,0.0009670170002209488,31,0.0,0.0,9.113098352244958e-05,0.010000000000000002,0.4512317344643989,2.0171019467180487,1.1920952460393788,0.023211380006532247,0.25431778209248135,0.025193805910173225,0.4744431144709311,2.27141972881053,1.217289051949552,False,False,False
1790736108.4212186,APPROACH,0.00994191,0.0023506539996560605,0.25915413153568956,0.39005491553022154,0.5194694684059091,0.11113415168143469,0.1679086244111403,0.2215973685671747,0.2603729931480199,0.38919435876027375,0.5207339873802054,0.1117147991001755,0.16929167568443623,0.22344471166623114,0.4771481888210584,2.2934702082966134,1.225213462369039,CONTROL,3.189999999999976,1790736108421218521,1790736108423847874,21593,911234500000,1790736108421082834,1,1,0,0.0009647719998611137,31,0.0,0.0,9.752588577359154e-05,0.010000000000000002,0.44987993967458206,2.024227127602149,1.1951191727111734,0.027268249146476378,0.26924308069446434,0.030094289657865488,0.4771481888210584,2.2934702082966134,1.225213462369039,False,False,False
1790736108.43121,APPROACH,0.009991774,0.0025620350002100167,0.2602618135626642,0.3917226554773663,0.5216822663923764,0.11028562382839227,0.16629689509212975,0.22038224169940507,0.26148746033355963,0.39088321304685897,0.5229630725232677,0.11117756549002249,0.16847755634814987,0.2223701717656545,0.4839308026009578,2.322690144732286,1.237192231464644,CONTROL,3.1999999999999758,1790736108431210065,1790736108434438696,21613,911244500000,1790736108431018952,1,1,0,0.0011193350001121871,32,0.0,0.0,8.904457260110814e-05,0.010000000000000002,0.4485290039224898,2.0312979152432464,1.1981104713685538,0.03540179867846796,0.29139222948903953,0.039081760096090185,0.4839308026009578,2.322690144732286,1.237192231464644,False,False,False
1790736108.4411843,APPROACH,0.00997419,0.0028658819996962848,0.261360130569539,0.3933835381493713,0.523874843128699,0.10941045928278358,0.16640938566525784,0.2179891423234931,0.26259652310102444,0.3925638775233261,0.5251813480990373,0.1106339248678593,0.16765372787925018,0.22128281697427743,0.4847286961269219,2.3328569590954626,1.242745770975204,CONTROL,3.2099999999999755,1790736108441184356,1790736108444359555,21633,911254500000,1790736108441043759,1,1,0,0.0012553540000226349,32,0.0,0.0,8.966905263653902e-05,0.010000000000000002,0.4471791248605615,2.0383141788580597,1.201069205165653,0.03754957126636038,0.29454278023740293,0.04167656580955075,0.4847286961269219,2.3328569590954626,1.242745770975204,False,False,False
1790736108.4512637,APPROACH,0.010079441000000001,0.003869938000207185,0.2623425905111043,0.39488283826763837,0.525829069708196,0.10900310299798581,0.16665641070515383,0.2167484675862401,0.26370011766311635,0.3942362555269355,0.5273886865242885,0.11008393393231455,0.1668202761983665,0.22018276069702772,0.5012449092196838,2.387208240411698,1.2671092923993337,CONTROL,3.2199999999999753,1790736108451263576,1790736108455580794,21651,911263500000,1790736108451094385,1,1,0,0.0014733580001120572,33,0.0,0.0,9.03239494293315e-05,0.010000000000000002,0.4458304999474545,2.0452757963129535,1.2039954432278035,0.055414409272229244,0.3419324440987443,0.06311384917153023,0.5012449092196838,2.387208240411698,1.2671092923993337,False,False,False
1790736108.4612825,APPROACH,0.010018545,0.0025516559999232413,0.26343328256135035,0.39655109554141,0.5279977812703174,0.10934101379936907,0.16755190541335527,0.2174292474581218,0.2647981808035461,0.395900251260249,0.5295849613578908,0.10952765018625178,0.16597728844485915,0.2190701179474118,0.487634099189203,2.3588897483764306,1.2548462364596809,CONTROL,3.229999999999975,1790736108461282421,1790736108464149706,21670,911273500000,1790736108461137196,1,1,0,0.0010122220000994275,32,0.0,0.0,9.284456319730796e-05,0.010000000000000002,0.4444833263892929,2.05218265405964,1.2068892605692296,0.04315077279991011,0.3067070943167905,0.04795697589045121,0.487634099189203,2.3588897483764306,1.2548462364596809,False,False,False
1790736108.4711921,APPROACH,0.009909758000000001,0.0024923830001171154,0.2644205172944494,0.39806379048952234,0.5299615762245229,0.10982660717398621,0.16818120377659834,0.21877935257030662,0.2658906498850738,0.39755576980331525,0.5317700473168901,0.10896513193677126,0.165124852976822,0.2179450053475184,0.4908544705098995,2.377523210419371,1.2624708988988003,CONTROL,3.239999999999975,1790736108471191959,1790736108474029618,21688,911282500000,1790736108470882341,1,1,0,0.001042890000007901,32,0.0,0.0,9.988095908227136e-05,0.010000000000000002,0.44313780108127415,2.0590346470690064,1.2097507380090637,0.047716669428625375,0.31848856335036446,0.052720160889736585,0.4908544705098995,2.377523210419371,1.2624708988988003,False,False,False
1790736108.4812374,APPROACH,0.010045155,0.002566593999745237,0.2655764498068969,0.3998302178559543,0.532266752054189,0.11031764436810702,0.16858020508571395,0.22006719758960036,0.266977462857552,0.3992027171258578,0.5339438202925972,0.10839643829520855,0.16426305937108043,0.21680754112801554,0.46325529942649724,2.312081882226481,1.2333714639102373,CONTROL,3.2499999999999747,1790736108481237345,1790736108484109810,21709,911293000000,1790736108481108320,1,1,0,0.0009830369999690447,31,0.0,0.0,9.073776680619624e-05,0.010000000000000002,0.44179412054967376,2.0658316787632147,1.2125799620857867,0.021461178876823462,0.24625020346326595,0.02079150182445062,0.46325529942649724,2.312081882226481,1.2333714639102373,False,False,False
1790736108.4911404,APPROACH,0.009903056,0.002331568000045081,0.2666809793101885,0.40150981392584306,0.5344698157097043,0.11020333392270835,0.1666483002478129,0.22003010856354807,0.2680585582659669,0.400841000099461,0.5361061573666706,0.10782162917713593,0.16339199842319344,0.21565784512815356,0.4578578107043906,2.311945716032181,1.232157847389271,CONTROL,3.2599999999999745,1790736108491140340,1790736108493731100,21729,911303000000,1790736108491015463,1,1,0,0.0009678979999989679,31,0.0,0.0,9.303393652823165e-05,0.010000000000000002,0.44045248089426725,2.0725736609460794,1.2153770249701203,0.01740532981012333,0.2393720550861013,0.01678082241915056,0.4578578107043906,2.311945716032181,1.232157847389271,False,False,False
1790736108.5012553,APPROACH,0.010115198,0.002122890999999072,0.2677786453342348,0.4031602627020803,0.5366615819732963,0.10913485248970643,0.16383029120672266,0.21786073634613562,0.26913387525848287,0.4024705265097599,0.5382569368272062,0.10724076530236042,0.16251176214745056,0.214496038795761,0.46615097458719246,2.3481628173365485,1.247173585684391,CONTROL,3.2699999999999743,1790736108501255269,1790736108503661829,21749,911313000000,1790736108500800014,1,1,0,0.0008556349998798396,32,0.0,0.0,8.728704969850956e-05,0.010000000000000002,0.43911307773119196,2.0792605137318287,1.2181420243764465,0.027037896856000474,0.26890230360471995,0.029031561307944653,0.46615097458719246,2.3481628173365485,1.247173585684391,False,False,False
1790736108.51116,APPROACH,0.009904078,0.0020618349999494967,0.2689162318211764,0.4048719557483489,0.5389302665911289,0.10758549811207573,0.16289026277207608,0.2141885850028108,0.2702033535944824,0.40409120506862484,0.5403960381848196,0.1066539081949254,0.16162244377687454,0.21332224518724807,0.46156724981899144,2.342625373926877,1.2459282184869875,CONTROL,3.279999999999974,1790736108511159857,1790736108513515110,21770,911323500000,1790736108511060258,1,1,0,0.0008434820001639309,31,0.0,0.0,9.43124445552872e-05,0.010000000000000002,0.43777610613628204,2.0858921654722593,1.2208750634727854,0.023791143682709386,0.2567332084546175,0.02505315501420213,0.46156724981899144,2.342625373926877,1.2459282184869875,False,False,False
1790736108.5211627,APPROACH,0.010003176,0.002465893000135111,0.2699860409767627,0.40649479490645213,0.5410584931175237,0.1064775853179999,0.16140976764163412,0.2119518344022815,0.2712669336526107,0.4057029454263516,0.5425233421887352,0.10606112018311042,0.16072413776322084,0.21213658896760593,0.4657850435526064,2.363143123390288,1.2550156877036154,CONTROL,3.289999999999974,1790736108521162842,1790736108524038012,21787,911333500000,1790736108521025381,1,1,0,0.00098830699971586,31,0.0,0.0,9.843534517630968e-05,0.010000000000000002,0.4364417605888898,2.092468552682389,1.2235762507894115,0.029343282963716633,0.2706745707078993,0.031439436914203985,0.4657850435526064,2.363143123390288,1.2550156877036154,False,False,False
1790736108.5312316,APPROACH,0.010068599000000001,0.0024202959998547158,0.27104706231104103,0.408098658466276,0.543171773443285,0.1058102252787877,0.15965240492518945,0.2108506719164832,0.2723245564388159,0.40730565818384556,0.5446387308428683,0.1054624643994304,0.1598169397769765,0.21093919641040537,0.4693997057708656,2.384380665791976,1.263505773963759,CONTROL,3.2999999999999736,1790736108531231382,1790736108533955465,21807,911343500000,1790736108530957111,1,1,0,0.00099354600024526,32,0.0,0.0,8.791221700875319e-05,0.010000000000000002,0.43511023491622547,2.0989896199646374,1.2262457001261473,0.034289470854640104,0.2853910458273387,0.03726007383761167,0.4693997057708656,2.384380665791976,1.263505773963759,False,False,False
1790736108.5411458,APPROACH,0.009914207000000001,0.002690308000182995,0.27204958888676956,0.40961040956924233,0.5451695054665247,0.10521928491405723,0.1590548823464561,0.209512230271665,0.2733761635943928,0.40889925490481105,0.5467420874219131,0.10485800478063656,0.15890094670736157,0.20973019539779864,0.4773666144965346,2.4154913041290738,1.2771225576603131,CONTROL,3.3099999999999734,1790736108541145489,1790736108544287565,21824,911353000000,1790736108540990174,1,1,0,0.0010559049997027614,32,0.0,0.0,9.536588120963282e-05,0.010000000000000002,0.4337817222382334,2.10545531993163,1.2288835304584038,0.04358489225830122,0.3100359841974437,0.048239027201909285,0.4773666144965346,2.4154913041290738,1.2771225576603131,False,False,False
1790736108.5511632,APPROACH,0.010017403000000001,0.002108904000124312,0.27294147905466026,0.41096505821638285,0.5469449598449434,0.10474951532077015,0.15991890392797076,0.20837664592545346,0.2744216974040255,0.41048364812793925,0.5488332964874298,0.10424780606771566,0.15797625666232792,0.2085097154205178,0.4980422488687444,2.4772041644813716,1.3047873266958296,CONTROL,3.319999999999973,1790736108551163052,1790736108553541859,21840,911361500000,1790736108551039317,1,1,0,0.0008766539999669476,33,0.0,0.0,9.619383391337099e-05,0.010000000000000002,0.43245641491302395,2.111865613127659,1.231489865842024,0.06558583395572042,0.36533855135371257,0.07329746085380581,0.4980422488687444,2.4772041644813716,1.3047873266958296,False,False,False
1790736108.5612502,APPROACH,0.010087045000000001,0.0023728959999971266,0.2740426735672159,0.4126592567382321,0.5491348036829469,0.10534536075083026,0.1631150426628619,0.20927780547324326,0.275461100803828,0.4120587513790929,0.5509122439039267,0.10363193380589016,0.15704296896855952,0.2072778875778751,0.4588525381693074,2.3736872838204373,1.2609686421874031,CONTROL,3.329999999999973,1790736108561250067,1790736108563919847,21861,911372000000,1790736108561120090,1,1,0,0.0009607749998394866,31,0.0,0.0,9.138075401566667e-05,0.010000000000000002,0.43113450448288554,2.1182204679488614,1.234064835316969,0.027718033686421832,0.255466815871576,0.02690380687043414,0.4588525381693074,2.3736872838204373,1.2609686421874031,False,False,False
1790736108.5712519,APPROACH,0.010001553,0.0022734180001862114,0.27510274668665335,0.4142890960365895,0.5512404893596989,0.10632661585998338,0.16120620606969838,0.21189699055247554,0.276494317389389,0.4136244791834971,0.5529788168549501,0.10301045434461892,0.15610118417147345,0.2060348445777645,0.4420186748367128,2.3461407878118874,1.2465241919594143,CONTROL,3.3399999999999728,1790736108571251669,1790736108573782235,21881,911382000000,1790736108570997236,1,1,0,0.0009419080001862312,31,0.0,0.0,8.770230880214365e-05,0.010000000000000002,0.42981618162089613,2.124519860562222,1.2366085728099396,0.012202493215816656,0.22162092724966523,0.00991561914947459,0.4420186748367128,2.3461407878118874,1.2465241919594143,False,False,False
1790736108.5811574,APPROACH,0.009905971000000001,0.0022833359998912783,0.27616611220763154,0.4158766924052193,0.5533640121269827,0.1058634204470008,0.156688701566004,0.2116514451865283,0.2775212914238119,0.4151807470779232,0.5550329038591667,0.10238343483759628,0.1551510040352186,0.2047807207366596,0.4487131456804425,2.3840905874953364,1.2601523051738084,CONTROL,3.3499999999999726,1790736108581157330,1790736108583701711,21901,911392000000,1790736108580719098,1,1,0,0.0009479599998485355,31,0.0,0.0,9.75376766193989e-05,0.010000000000000002,0.42850163607815334,2.13076377482341,1.2391212170359587,0.02021150960228919,0.2533268126719268,0.021031088137849815,0.4487131456804425,2.3840905874953364,1.2601523051738084,False,False,False
1790736108.591544,APPROACH,0.010386754000000002,0.0021745990002273174,0.27716354613364125,0.4173532346213733,0.5553567705996536,0.10394805212202642,0.1553385767962,0.20702504625677864,0.2785419678457589,0.41672747162287854,0.5570743947864516,0.10175094324275227,0.1541925315426758,0.20351565197961421,0.4678702553111517,2.442925895135751,1.2869988663008436,CONTROL,3.3599999999999723,1790736108591543894,1790736108594068668,21920,911401500000,1790736108590362430,1,1,0,0.0008764149997659842,32,0.0,0.0,9.619528217444594e-05,0.010000000000000002,0.42719105663163826,2.136952202193551,1.241602911398995,0.04067919867951344,0.30597369294219995,0.04539595490184849,0.4678702553111517,2.442925895135751,1.2869988663008436,False,False,False
1790736108.6011987,APPROACH,0.009654784000000001,0.0022670149996883993,0.2781924818609234,0.4189102508172535,0.5573992639815386,0.10226694914360705,0.15655064151912138,0.20242348808464047,0.279556292277492,0.41826457041479226,0.5591031808739724,0.1011130483222535,0.15322587089545936,0.20223977584026412,0.4660215578642181,2.4382167053375023,1.2879954158464748,CONTROL,3.369999999999972,1790736108601198648,1790736108603818062,21940,911411500000,1790736108600612995,1,1,0,0.0008998690000225906,32,0.0,0.0,9.080495543174196e-05,0.010000000000000002,0.425884631032734,2.1430851416549785,1.2440538038916749,0.04013692683148413,0.2951315636825238,0.043941611954799925,0.4660215578642181,2.4382167053375023,1.2879954158464748,False,False,False
1790736108.611239,APPROACH,0.010039805,0.002106069999626925,0.27921352004260314,0.4204772725127377,0.5594213271395483,0.1022268507944647,0.15615270554221586,0.20306932161357322,0.28056421103291684,0.4197919620982042,0.5611191547422774,0.10046981964250176,0.15225112751391495,0.2009532314608243,0.4538698460193207,2.413391277827742,1.276416356051326,CONTROL,3.379999999999972,1790736108611238814,1790736108613815597,21960,911421500000,1790736108610922593,1,1,0,0.0008431109999946784,31,0.0,0.0,9.668225940407187e-05,0.010000000000000002,0.4245825459564122,2.1491625996260484,1.2464740469941533,0.029287300062908497,0.26422867820169343,0.02994230905717262,0.4538698460193207,2.413391277827742,1.276416356051326,False,False,False
1790736108.6212218,APPROACH,0.009983589000000001,0.0021494319998964784,0.279827411062775,0.4214098716518899,0.5606430981761457,0.10225740260548946,0.1547284676278781,0.20386676762362238,0.28156567112562386,0.4213095663779508,0.563122210411379,0.09982132757413516,0.15126840803712113,0.19965615959209115,0.5238374169788935,2.61459474454397,1.3623658920051342,CONTROL,3.3899999999999717,1790736108621221711,1790736108623750282,21972,911427500000,1790736108618673001,1,1,0,0.0009194259996547771,35,0.0,0.0,9.278665570685291e-05,0.010000000000000002,0.4232849869511128,2.155184589875072,1.2488637975721941,0.10055243002778072,0.45941015466889756,0.11350209443294017,0.5238374169788935,2.61459474454397,1.3623658920051342,False,False,False
1790736108.6311822,APPROACH,0.009959572,0.0019984660002592136,0.28110826243709397,0.4233556084949983,0.5631997213085245,0.1034185068689363,0.16034308186046672,0.20534217040718244,0.282560620276931,0.422817304031353,0.5651122433168406,0.0991676432920269,0.15027782032288778,0.19834870259344006,0.43038801386448766,2.36152358054609,1.2542264587373753,CONTROL,3.3999999999999715,1790736108631182205,1790736108633515396,21997,911440000000,1790736108630900571,1,1,0,0.0008172310003828898,29,0.0,0.0,9.603840834734398e-05,0.010000000000000002,0.42199213838931493,2.1611511334334206,1.251223216774522,0.008395875475172745,0.20037244711266947,0.0030032419628530805,0.43038801386448766,2.36152358054609,1.2542264587373753,False,False,False
1790736108.6415524,APPROACH,0.010371025,0.0021321189997252077,0.28199457871567724,0.4247254833829812,0.5649532683944725,0.10411593210805292,0.15887431487821288,0.20699782759812743,0.28354900692392637,0.42431509692040364,0.5670891503258627,0.09850883877528695,0.14927947344775827,0.1970310044328287,0.43619583236423765,2.3940015210838075,1.2669033825327205,CONTROL,3.4099999999999713,1790736108641552338,1790736108644085288,22012,911448500000,1790736108639100292,1,1,0,0.0008240939996539964,31,0.0,0.0,9.744451837796349e-05,0.010000000000000002,0.42070418341882554,2.1670622585078885,1.2535524699295097,0.015491648945412101,0.22693926257591882,0.013350912603210818,0.43619583236423765,2.3940015210838075,1.2669033825327205,False,False,False
1790736108.65113,APPROACH,0.009576545,0.002014134999626549,0.2832444562059351,0.4265769181149279,0.5674482551855404,0.1039275188110834,0.1510599718492327,0.207999927239458,0.2845307802275097,0.42580286800395395,0.569052829753367,0.0978449868072609,0.14827347770700808,0.19570321068679486,0.4122007730748602,2.359131540547313,1.245930725394267,CONTROL,3.419999999999971,1790736108651129885,1790736108653551965,22031,911460500000,1790736108651017943,1,1,0,0.0008379519999834883,30,0.0,0.0,8.73732376237288e-05,0.010000000000000002,0.41942130391480303,2.17291800039238,1.255851726441259,-0.007220530839942821,0.1862135401549332,-0.009921001046991855,0.4122007730748602,2.359131540547313,1.245930725394267,False,False,False
1790736108.661193,APPROACH,0.01006315,0.002032899999903748,0.28391271389134864,0.42755187913282455,0.5687848128987558,0.10140921644666225,0.14947831602301273,0.20235107370432662,0.2855058900804363,0.4272805413499027,0.5710031813780851,0.0971761609755301,0.14725994461464478,0.1943654685404566,0.4897630643968514,2.5716860095043925,1.3401414690466436,CONTROL,3.429999999999971,1790736108661192584,1790736108663451223,22044,911467000000,1790736108659392726,1,1,0,0.0008820850002848601,34,0.0,0.0,9.553652895035335e-05,0.010000000000000002,0.4181436804325104,2.1787184013789673,1.2581211596851354,0.07161938396434102,0.39296760812542514,0.0820203093615081,0.4897630643968514,2.5716860095043925,1.3401414690466436,False,False,False
1790736108.6712093,APPROACH,0.010016240000000001,0.002142698999705317,0.2850072438357003,0.4292183567297263,0.5709592686952045,0.09887706197289704,0.1556836252437595,0.19499607600620994,0.286474287115358,0.4287480421473819,0.572940106458642,0.0965024356719112,0.14623898690340748,0.19301792678751142,0.4542992588438838,2.4569854056455585,1.2976037335097699,CONTROL,3.4399999999999706,1790736108671209195,1790736108673582302,22060,911478000000,1790736108670984589,1,1,0,0.0008436719999735942,31,0.0,0.0,9.589413880602973e-05,0.010000000000000002,0.41687149216082625,2.1844635106684005,1.260360946902816,0.03742776668305755,0.27252189497715795,0.03724278660695381,0.4542992588438838,2.4569854056455585,1.2976037335097699,False,False,False
1790736108.6811776,APPROACH,0.009968811000000001,0.0021772050004074117,0.28605071341039423,0.43086373723178806,0.5730138632603032,0.10026858769924296,0.15445818488092447,0.19884968920515633,0.2874359227128658,0.4302052967189442,0.5748635077496423,0.09582388609245775,0.14521071852476913,0.19166073583023938,0.41719203220290874,2.372885027477685,1.2584759286784317,CONTROL,3.4499999999999704,1790736108681177645,1790736108683624752,22078,911488500000,1790736108680702042,1,1,0,0.0007877950001784484,30,0.0,0.0,8.743959328329887e-05,0.010000000000000002,0.4156049168765215,2.1901533842801317,1.2625712690969106,0.001587115326387222,0.1827316431975536,-0.004095340418478868,0.41719203220290874,2.372885027477685,1.2584759286784317,False,False,False
1790736108.6912086,APPROACH,0.010032191000000001,0.0021246640003482753,0.28706152852511124,0.4323691244304513,0.5750320104232043,0.10113624637414607,0.14635533364215705,0.20314830419465313,0.28839074900953254,0.43165223253275103,0.5767732895177563,0.09514058823745837,0.14417525464893388,0.19029404767949956,0.4218423754090741,2.4189127556898766,1.2707004186034878,CONTROL,3.45999999999997,1790736108691208554,1790736108693723309,22098,911498500000,1790736108690472506,1,1,0,0.0008235840000452299,31,0.0,0.0,9.10263460823474e-05,0.010000000000000002,0.4143441308993007,2.1957880849619205,1.264752310925219,0.007498244509773371,0.22312467072795625,0.005948107678268846,0.4218423754090741,2.4189127556898766,1.2707004186034878,False,False,False
1790736108.7012033,APPROACH,0.009993737,0.002294126999913715,0.2874131887359246,0.43287875955612964,0.5757396125681278,0.10005336236832237,0.1456239395593401,0.20058390462383857,0.28933871890595564,0.43308877821476005,0.5786693575578069,0.09445261891143811,0.14313271166483896,0.1889180159547326,0.5408488659934643,2.745050279293828,1.413272653156314,CONTROL,3.46999999999997,1790736108701203253,1790736108704015423,22105,911502000000,1790736108700694667,1,1,0,0.0009914530000969535,36,0.0,0.0,9.583117494125668e-05,0.010000000000000002,0.41308930904762803,2.2013676820990873,1.266904260594687,0.12775955694583627,0.543682597194741,0.146368392561627,0.5408488659934643,2.745050279293828,1.413272653156314,False,False,False
1790736108.7112017,APPROACH,0.009998046,0.0025932039998224354,0.28805528350882526,0.43385035115008286,0.5770240232420218,0.09885885497142372,0.1548911676156345,0.19611959493861547,0.2902797860747979,0.43451486356091057,0.5805516192088525,0.09376005572315733,0.14208320718015316,0.18753279588395863,0.5670357327085151,2.791734540791946,1.44092835779825,CONTROL,3.47999999999997,1790736108711201540,1790736108714122516,22118,911508500000,1790736108710884948,1,1,0,0.001108083999952214,36,0.0,0.0,9.662964178796393e-05,0.010000000000000002,0.4118406245953476,2.2068922516234792,1.2690273097551112,0.15519510811316758,0.5848422891684665,0.17190104804313866,0.5670357327085151,2.791734540791946,1.44092835779825,False,False,False
1790736108.7229433,APPROACH,0.011743962,0.0038414440000451577,0.2890092484775453,0.43540434884599666,0.5788970185421793,0.10272797634396967,0.17037157503401298,0.20104362877484908,0.2912139049688317,0.4359304195493135,0.5824199833702758,0.0930629770856129,0.1410268600212785,0.18613854430377957,0.45691192092781063,2.480741243768457,1.3128255060948246,CONTROL,3.4899999999999696,1790736108722943317,1790736108727721140,22137,911518000000,1790736108720406590,1,1,0,0.00139139199973215,32,0.0,0.0,9.06034324482183e-05,0.010000000000000002,0.4105982492290908,2.2123618759222134,1.271121653392666,0.04631367169871988,0.2683793678462437,0.041703852702158616,0.45691192092781063,2.480741243768457,1.3128255060948246,False,False,False
1790736108.7311857,APPROACH,0.008239977,0.002775450000171986,0.2899075361159831,0.43690259307586565,0.5806483164164775,0.10980258615845362,0.1786872125606935,0.2114927484630094,0.29214103082898063,0.43733537835243713,0.5842743605178685,0.09236146221603668,0.13996379023334815,0.18473541965937618,0.3563937246406344,2.239035266619657,1.209080887591922,CONTROL,3.4999999999999694,1790736108731185709,1790736108734406034,22150,911526500000,1790736108731058998,1,1,0,0.0011309780002193293,29,0.0,0.0,9.447654762278666e-05,0.010000000000000002,0.4093623530064964,2.217776643746273,1.2731874897233013,-0.05296862836586201,0.02125862287338393,-0.0641066021313795,0.3563937246406344,2.239035266619657,1.209080887591922,False,False,False
1790736108.741273,APPROACH,0.010087246000000001,0.0025951879997592187,0.2913552142840299,0.439085988620028,0.5835493019879423,0.11246735774425318,0.15297661370996254,0.23312674300952396,0.29306111969236137,0.43872967334929464,0.5861146627199166,0.0916555911358971,0.1388941190802285,0.18332358200451104,0.31294898154907586,2.1873710531791213,1.1560260945275904,CONTROL,3.509999999999969,1790736108741272954,1790736108744318648,22174,911539500000,1790736108741120915,1,1,0,0.000975202000063291,27,0.0,0.0,9.494112009890201e-05,0.010000000000000002,0.4081331043152328,2.223136650118999,1.2752250200860793,-0.09518412276615697,-0.035765596939877534,-0.11919892555848897,0.31294898154907586,2.1873710531791213,1.1560260945275904,False,False,False
1790736108.7512677,APPROACH,0.009994519,0.002421098000013444,0.2920754324307193,0.44003890642530674,0.5850541252796853,0.10764713594607245,0.1442287197974842,0.22303152383090852,0.2939741284003261,0.4401132391376307,0.5879408036532858,0.09094544467089857,0.1378179690445186,0.18190319300152766,0.4213778623222021,2.4914087654130586,1.2873530569588565,CONTROL,3.519999999999969,1790736108751267694,1790736108754238125,22187,911546000000,1790736108751150531,1,1,0,0.001119275999826641,33,0.0,0.0,9.703672124518698e-05,0.010000000000000002,0.4069106698328376,2.228441996244569,1.2772344488365008,0.014467192489364521,0.26296676916848943,0.01011860812235555,0.4213778623222021,2.4914087654130586,1.2873530569588565,False,False,False
1790736108.761397,APPROACH,0.010129826000000001,0.00220608000017819,0.29304682730353715,0.4414281695127755,0.587016245847789,0.09831583024928092,0.1516726925868787,0.19237069382940364,0.29488001460650665,0.4414860115461117,0.5897526986195106,0.09023110445098065,0.13673546382754861,0.18047441592134847,0.46417449301635294,2.5682509443871178,1.3432123637980358,CONTROL,3.5299999999999687,1790736108761396809,1790736108763939477,22202,911555500000,1790736108760819773,1,1,0,0.0008895099999790546,33,0.0,0.0,9.657525682551794e-05,0.010000000000000002,0.4056952144873721,2.2336927894165277,1.279215983239895,0.0584792785289808,0.33455815497059005,0.06399638055814069,0.46417449301635294,2.5682509443871178,1.3432123637980358,False,False,False
1790736108.771207,APPROACH,0.009810239,0.0033041749998119485,0.29382501860767984,0.4426591480819573,0.5885239002406384,0.09763913660890601,0.15387449305930123,0.19021098197707031,0.29577873678485384,0.4428479276465089,0.591550264560875,0.08951265291031929,0.1356467283493819,0.17903741564347764,0.4745824344031428,2.59308849507342,1.3570174784121916,CONTROL,3.5399999999999685,1790736108771206808,1790736108775215911,22213,911563500000,1790736108770541564,1,1,0,0.0019950179998886597,34,0.0,0.0,8.725894746454634e-05,0.010000000000000002,0.40448690141890076,2.238889142926397,1.2811698333649144,0.07009553298424204,0.3541993521470232,0.07584764504727706,0.4745824344031428,2.59308849507342,1.3570174784121916,False,False,False
1790736108.7812314,APPROACH,0.010023925000000001,0.002441898000142828,0.29461429129804806,0.44388527286045676,0.5900745487944641,0.09988801720660119,0.15247255463431963,0.1980369926103537,0.29667025423768256,0.4441989257658892,0.5933334200765027,0.08879017328732584,0.13455188874881346,0.17759235865599884,0.4688476553666715,2.5935401478582727,1.3514302475567024,CONTROL,3.5499999999999683,1790736108781231254,1790736108784303047,22228,911571500000,1790736108780980928,1,1,0,0.0009141460000137158,34,0.0,0.0,8.84731447801654e-05,0.010000000000000002,0.4032858919417866,2.2440311759724847,1.2830962119772067,0.0655617634248849,0.349508971885788,0.06833403557949559,0.4688476553666715,2.5935401478582727,1.3514302475567024,False,False,False
1790736108.791148,APPROACH,0.009916482,0.0023596599999109458,0.2953703594394135,0.44502884067769966,0.5915817672862906,0.10138471796808678,0.15305635980454685,0.20230117142967582,0.2975545271037121,0.44553894549880013,0.5951020854384398,0.08806374962464807,0.1334510723833714,0.17613941305557743,0.46926067148674283,2.605859886174237,1.354191631524495,CONTROL,3.559999999999968,1790736108791147705,1790736108793857080,22242,911579000000,1790736108790887160,1,1,0,0.0009457159999328724,34,0.0,0.0,9.260753324682598e-05,0.010000000000000002,0.4020923455078231,2.2491190135689094,1.2849953344333116,0.06716832597891975,0.35674087260532744,0.06919629709118345,0.46926067148674283,2.605859886174237,1.354191631524495,False,False,False
1790736108.801192,APPROACH,0.010043812000000001,0.002316538999821205,0.29654598757794304,0.4468047252574694,0.5939259982686456,0.10282968185653688,0.15629689834276653,0.2043161429481245,0.29843151636611004,0.446867927719459,0.596856182607743,0.08733346676916975,0.13234440782931642,0.17467874854745954,0.3796780317710775,2.375572499672916,1.254329652872012,CONTROL,3.569999999999968,1790736108801191998,1790736108804674361,22265,911590500000,1790736108801079465,1,1,0,0.0008184240000446152,30,0.0,0.0,8.782490019349076e-05,0.010000000000000002,0.40090641967017765,2.2541527864549455,1.28686741857486,-0.02122838789910015,0.1214197132179702,-0.0325377657028481,0.3796780317710775,2.375572499672916,1.254329652872012,False,False,False
1790736108.8111932,APPROACH,0.010001463,0.002087483999730466,0.297680071793625,0.44851059836072693,0.596172117197995,0.10229044152298124,0.15031617614225856,0.203308067493732,0.2993011838605338,0.44818581459393886,0.5985956352505639,0.08659941037200924,0.13123202488163954,0.17321053644546935,0.34571862502543466,2.311038569649111,1.2233519543014466,CONTROL,3.5799999999999677,1790736108811193050,1790736108813671968,22287,911601500000,1790736108810836163,1,1,0,0.0008074030001807841,28,0.0,0.0,8.686585342609537e-05,0.010000000000000002,0.39972827004817335,2.2591326310047086,1.2887126846231025,-0.05400964502273869,0.05190593864440232,-0.06536073032165593,0.34571862502543466,2.311038569649111,1.2233519543014466,False,False,False
1790736108.821186,APPROACH,0.009992916000000001,0.0022671649999210786,0.2987829251119054,0.45008745090282964,0.5983732423356405,0.09772126380809916,0.13675079253797506,0.19582960560552987,0.3001634922831732,0.4494925495923568,0.6003203687542356,0.08586166688852256,0.1301140545540669,0.17173494967201505,0.38559723168038046,2.4421687600210853,1.2754919250329073,CONTROL,3.5899999999999674,1790736108821186157,1790736108823816522,22307,911612500000,1790736108820901917,1,1,0,0.0008352559998456854,31,0.0,0.0,8.873436977726926e-05,0.010000000000000002,0.39855805029288954,2.264058689137289,1.2905313550738549,-0.012960818612509072,0.17811007088379646,-0.015039430040947611,0.38559723168038046,2.4421687600210853,1.2754919250329073,False,False,False
1790736108.8311787,APPROACH,0.009992475,0.0025871329999063164,0.2998237181026182,0.45154224818871125,0.6004584000142263,0.09171528606781647,0.13106111839475357,0.18236039921268357,0.3010184051987924,0.45078807750106004,0.6020303102433572,0.08512032357829988,0.12899062907905437,0.17025216275808205,0.42180677055205634,2.537416366098816,1.3199542679551128,CONTROL,3.5999999999999672,1790736108831178402,1790736108834441067,22325,911623500000,1790736108830779153,1,1,0,0.0009521980000499752,32,0.0,0.0,8.974507356500671e-05,0.010000000000000002,0.39739591205358893,2.2689311082273624,1.2923236545928993,0.024410858498467407,0.2684852578714538,0.027630613362213615,0.42180677055205634,2.537416366098816,1.3199542679551128,False,False,False
1790736108.841272,APPROACH,0.010093658,0.002197703000092588,0.3008030006993847,0.4529820985165314,0.6023884908212946,0.08730104706961583,0.1315016311863602,0.1708722823027726,0.30186588704877343,0.452072344434815,0.6037253885958821,0.08437546850516867,0.12786188190779227,0.16876235184323904,0.425800296086039,2.536785473535054,1.3262400374420165,CONTROL,3.609999999999967,1790736108841272159,1790736108843832682,22344,911634500000,1790736108841000594,1,1,0,0.0008466179997412837,31,0.0,0.0,9.515805771402987e-05,0.010000000000000002,0.39624200494496414,2.2737500410163625,1.2940898099119054,0.02955829114107481,0.2630354325186916,0.03215022753011115,0.425800296086039,2.536785473535054,1.3262400374420165,False,False,False
1790736108.8511488,APPROACH,0.009876275,0.002080481000120926,0.3017557817540508,0.4544198367175536,0.6042552115132946,0.08662232749336612,0.12864865223624058,0.17105068195123369,0.3027059031591569,0.4533452978489926,0.6054055344592005,0.08362719053719139,0.126727947710202,0.16726569467563362,0.4093111874945861,2.503244041389941,1.3092738310158325,CONTROL,3.619999999999967,1790736108851148815,1790736108853522693,22364,911645500000,1790736108851039968,1,1,0,0.0008315700001730875,30,0.0,0.0,9.485992846207715e-05,0.010000000000000002,0.3950964765152089,2.2785156455242537,1.2958300497249202,0.014214710979377225,0.2247283958656871,0.013443781290912206,0.4093111874945861,2.503244041389941,1.3092738310158325,False,False,False
1790736108.8611653,APPROACH,0.01001632,0.0021629269999721146,0.30266417953334734,0.4557419935675897,0.6060607896625991,0.08612943214946567,0.12334231308976325,0.17195000994409607,0.30353841974868595,0.45460688655175785,0.607070680266229,0.08287557934666659,0.1255889623749375,0.1657623706119943,0.4105674798777096,2.5269099504037094,1.3147801379558124,CONTROL,3.6299999999999666,1790736108861164975,1790736108863631790,22384,911656000000,1790736108860742092,1,1,0,0.0008710140000403044,31,0.0,0.0,8.856469451413511e-05,0.010000000000000002,0.3939594722148975,2.2832280849620044,1.2975446045854973,0.016608007662812046,0.2436818654417051,0.01723553337031509,0.4105674798777096,2.5269099504037094,1.3147801379558124,False,False,False
1790736108.8712513,APPROACH,0.010086003000000001,0.0020731170002363797,0.30360086156334276,0.45708009665240645,0.6079301268441166,0.08389020478905222,0.12124837858584506,0.16649024881473973,0.3043634039368476,0.45585706071625515,0.6087207602514929,0.08212072541012837,0.12444506300938471,0.1642525606176295,0.40987188089771975,2.532410298372094,1.318135152801038,CONTROL,3.6399999999999664,1790736108871251169,1790736108873618704,22406,911667000000,1790736108871141480,1,1,0,0.000824204999844369,30,0.0,0.0,9.997282154682238e-05,0.010000000000000002,0.39283113536668657,2.2878875276447657,1.2992337068044966,0.01704074553103318,0.24452277072732842,0.01890144599654157,0.40987188089771975,2.532410298372094,1.318135152801038,False,False,False
1790736108.881253,APPROACH,0.010001773,0.0022059689999878174,0.30446794032764846,0.4583484015538728,0.6096424416512423,0.08141637038388264,0.12024397369889796,0.16032828453173634,0.305180823751915,0.4570957718927962,0.6103557104672134,0.08136272000834771,0.12329638793966335,0.1627364472664302,0.41725837494526247,2.5536483916441246,1.3298273714898796,CONTROL,3.649999999999966,1790736108881252911,1790736108883822601,22425,911677500000,1790736108881139827,1,1,0,0.0008824960000310966,31,0.0,0.0,8.929002052853423e-05,0.010000000000000002,0.39171160713581366,2.29249414690587,1.300897590348633,0.025546767809448822,0.2611542447382546,0.028929781141246638,0.41725837494526247,2.5536483916441246,1.3298273714898796,False,False,False
1790736108.8911588,APPROACH,0.009905841,0.0020051069996043225,0.3052736807441434,0.4595412761821116,0.6112299768666518,0.08005010296868978,0.11823801303440881,0.15817452385672864,0.305990648138991,0.4583229730210485,0.6119754687993948,0.08060165522633021,0.1221430767106236,0.1612142147408654,0.4268263092631409,2.5850496638753424,1.342874048235598,CONTROL,3.659999999999966,1790736108891158672,1790736108893464801,22445,911687500000,1790736108890736430,1,1,0,0.0008157689999279683,31,0.0,0.0,9.687772249715553e-05,0.010000000000000002,0.3906010265014062,2.297048121011689,1.3025364907398183,0.03622528276173473,0.2880015428636537,0.04033755749577978,0.4268263092631409,2.5850496638753424,1.342874048235598,False,False,False
1790736108.9011908,APPROACH,0.010032642000000001,0.002192252999975608,0.3060699000465732,0.4607161565131026,0.6128074853225409,0.07933057761497724,0.11719847945831198,0.15734036258777492,0.3067928469680487,0.45953861844222044,0.613579974983907,0.07983762395331823,0.12098527008584932,0.15968604883198648,0.4280099737161109,2.594823540595936,1.3461562997147918,CONTROL,3.6699999999999657,1790736108901190723,1790736108903731608,22465,911697500000,1790736108900795161,1,1,0,0.0008692100000189384,31,0.0,0.0,9.705863797337387e-05,0.010000000000000002,0.38949953022858214,2.301549633077377,1.3041506449553373,0.038510443487528724,0.2932739075185591,0.042005654759454496,0.4280099737161109,2.594823540595936,1.3461562997147918,False,False,False
1790736108.9112437,APPROACH,0.010052269,0.0023251550001077703,0.3068997637486186,0.4619452915745921,0.6144532250992651,0.07874536561647588,0.11713956027422345,0.15597004075242182,0.3075873910419764,0.4607426639112522,0.615169170622577,0.07907071988278895,0.11982311004765513,0.15815213693942323,0.4166185709932655,2.5709658643118405,1.3358538156216153,CONTROL,3.6799999999999655,1790736108911243523,1790736108913915477,22486,911708000000,1790736108911131600,1,1,0,0.0010264100001222687,31,0.0,0.0,8.841136647992744e-05,0.010000000000000002,0.38840725284134164,2.3059988709836303,1.3057402913289349,0.028211318151923855,0.26496699332821005,0.030113524292680428,0.4166185709932655,2.5709658643118405,1.3358538156216153,False,False,False
1790736108.9211354,APPROACH,0.009891654000000001,0.0020461259996409353,0.307684333210946,0.4631123751734547,0.616005665484082,0.0780770827386581,0.11594405670389826,0.15455684371510753,0.3083742521046159,0.461935066608997,0.6167429991992655,0.07830103751245672,0.11865673979708993,0.15661266807138857,0.4164067721242409,2.5794001119866667,1.3391455326927355,CONTROL,3.6899999999999653,1790736108921135317,1790736108923483787,22504,911718000000,1790736108921027482,1,1,0,0.0008298150000882742,31,0.0,0.0,9.192302713497957e-05,0.010000000000000002,0.387324326596248,2.3103960272944395,1.3073056694528469,0.029082445527992887,0.26900408469222736,0.03183986323988863,0.4164067721242409,2.5794001119866667,1.3391455326927355,False,False,False
1790736108.93119,APPROACH,0.010054833,0.0021193249999669206,0.3084605115497894,0.46426310870897325,0.6175434136141242,0.07716589505185013,0.11440879494490971,0.15298629773581432,0.3091534028488097,0.46311578515441615,0.6183014060959632,0.07752867214427095,0.11748630375393376,0.15506783284467435,0.4200222137457555,2.5965852780393903,1.3459713548561811,CONTROL,3.699999999999965,1790736108931189890,1790736108933628892,22524,911728000000,1790736108930819236,1,1,0,0.0008772959999987506,31,0.0,0.0,9.509952387021044e-05,0.010000000000000002,0.3862508814568684,2.314741299175964,1.3088470200808366,0.03377133228888705,0.2818439788634263,0.037124334775344534,0.4200222137457555,2.5965852780393903,1.3459713548561811,False,False,False
1790736108.941248,APPROACH,0.01005789,0.0020285220002733695,0.30918892238237916,0.4653463064314627,0.6189880621431842,0.07624840747919956,0.1138805648418231,0.1511570778161762,0.3099248169244398,0.4642847796167602,0.6198443386088693,0.07675371988441759,0.1163119475567,0.15351782348465434,0.4278089087864697,2.62149508921176,1.3569418532448996,CONTROL,3.709999999999965,1790736108941247720,1790736108943557375,22543,911737500000,1790736108940807694,1,1,0,0.0008410170003116946,32,0.0,0.0,8.746711414253277e-05,0.010000000000000002,0.3851870450690059,2.319034888316527,1.3103645850322805,0.0426218637174638,0.3024602008952334,0.046577268212619025,0.4278089087864697,2.62149508921176,1.3569418532448996,False,False,False
1790736108.9512362,APPROACH,0.009988097000000001,0.0020600319999175554,0.3099480015768741,0.46648562786842973,0.6204922910841506,0.07572088507736296,0.11417152540093724,0.1499511772643641,0.3106884689464711,0.4654420115277585,0.6213717459644795,0.07597627764331694,0.11513381806263204,0.15196283382527973,0.4206697165056832,2.6065729311655534,1.3508100629610367,CONTROL,3.7199999999999647,1790736108951236137,1790736108953615175,22562,911747500000,1790736108951123303,1,1,0,0.0008313589996760129,31,0.0,0.0,9.54811920377785e-05,0.010000000000000002,0.3841329427366651,2.3232770008478125,1.3118586070973564,0.03653677376901811,0.2832959303177409,0.038951455863680345,0.4206697165056832,2.6065729311655534,1.3508100629610367,False,False,False
1790736108.9612377,APPROACH,0.010001483,0.0021595010002783965,0.31074185192739456,0.46768177329675975,0.6220646354152213,0.07548331552065458,0.11336179874249225,0.14969316033657976,0.3114443345029948,0.4665874438938079,0.6228835793356735,0.07519644313562628,0.11395206334770733,0.15040305930908454,0.4063506290812753,2.577438170868199,1.3372879505447257,CONTROL,3.7299999999999645,1790736108961237540,1790736108963725404,22583,911758000000,1790736108961127651,1,1,0,0.0008413169998675585,30,0.0,0.0,9.943722755715716e-05,0.010000000000000002,0.38308869739878704,2.3274678472673402,1.313329329943388,0.02326193168248824,0.24997032360085886,0.023958620601337837,0.4063506290812753,2.577438170868199,1.3372879505447257,False,False,False
1790736108.9712276,APPROACH,0.009990471,0.0020670049998443574,0.31145678916545094,0.46874854674701627,0.6234839282846942,0.07485193074349936,0.11108387106750396,0.14880052912867087,0.31219239016326905,0.46772104120815733,0.6243797918577977,0.07441431488023961,0.11276683270663693,0.14883869698718508,0.41563388148466907,2.6128195011429467,1.3513021509870038,CONTROL,3.7399999999999642,1790736108971227701,1790736108973683584,22602,911767500000,1790736108970799377,1,1,0,0.0008349750000888889,31,0.0,0.0,9.692493878641214e-05,0.010000000000000002,0.3820544296067198,2.331607642362225,1.3147769980223862,0.03357945187794925,0.2812118587807213,0.03652515296461747,0.41563388148466907,2.6128195011429467,1.3513021509870038,False,False,False
1790736108.98113,APPROACH,0.009901793,0.002062456000203383,0.312236837218582,0.46990579434966406,0.6250350262126232,0.07377080284187638,0.11008984845077,0.14642813850359082,0.31293261348576146,0.46884276946309583,0.6258603386447512,0.0736299922002855,0.1115782766528622,0.1472699455192754,0.41118532483170295,2.6063822640665846,1.3486039178733962,CONTROL,3.749999999999964,1790736108981129854,1790736108983492261,22622,911778000000,1790736108981022390,1,1,0,0.0008263590002570709,31,0.0,0.0,9.141792509096373e-05,0.010000000000000002,0.38103025750241504,2.3356966051342956,1.3162018564798343,0.030155067329287934,0.2706856589322891,0.03240206139356193,0.41118532483170295,2.6063822640665846,1.3486039178733962,False,False,False
1790736108.9912019,APPROACH,0.010072247000000001,0.002426127000035194,0.3129693611818851,0.4710038405932506,0.6264868696884114,0.07275543227167426,0.10938944066271974,0.14411925035154577,0.31366498302619455,0.46995259616214385,0.6273251768050784,0.0728435752231278,0.11038654691855605,0.14569700517362916,0.41108845330950283,2.610521964123716,1.350886133594926,CONTROL,3.759999999999964,1790736108991201731,1790736108994051111,22642,911788000000,1790736108990807051,1,1,0,0.0009856609999587818,31,0.0,0.0,9.268212222688548e-05,0.010000000000000002,0.38001629679735116,2.339734958726672,1.3176041510647831,0.031072156512151696,0.270787005397044,0.03328198253014287,0.41108845330950283,2.610521964123716,1.350886133594926,False,False,False
1790736109.0012088,APPROACH,0.010006813,0.002077215000099386,0.31369269624067453,0.47209058965060535,0.6279200083951806,0.0719931250868728,0.10794759617060137,0.14279183521733774,0.31438947834558284,0.47105049033223306,0.6287742654580426,0.07205516488036852,0.10919179645462716,0.14412007782710498,0.4117841360096004,2.619386292565005,1.3541399748164673,CONTROL,3.7699999999999636,1790736109001208543,1790736109003569266,22662,911798000000,1790736109000620817,1,1,0,0.0008354669998880127,31,0.0,0.0,9.38251099816645e-05,0.010000000000000002,0.3790126607521664,2.34372293035173,1.3189841280412673,0.032771475257434034,0.27566336221327503,0.035155846775200034,0.4117841360096004,2.619386292565005,1.3541399748164673,False,False,False
1790736109.0111988,APPROACH,0.009989901,0.0020857509998677415,0.3143378930145255,0.47305570240581307,0.6292008899608201,0.07138264075500082,0.10677019107272102,0.14175176118106536,0.31510608001827994,0.4721364225359009,0.6302075657497234,0.07126486290784304,0.10799417943071268,0.14253936696513705,0.4243132386205283,2.6592651108630285,1.3708825050410405,CONTROL,3.7799999999999634,1790736109011198764,1790736109013561080,22680,911807000000,1790736109011088034,1,1,0,0.0008479499997520179,32,0.0,0.0,9.10626437803254e-05,0.010000000000000002,0.3780194601569898,2.347660751220668,1.320342034101127,0.04629377846353847,0.3116043596423603,0.050540470939913484,0.4243132386205283,2.6592651108630285,1.3708825050410405,False,False,False
1790736109.0212696,APPROACH,0.010070804000000001,0.0024523170000065875,0.31508378102941403,0.47417835709519984,0.6306817965664799,0.0708483750213288,0.10755676115217876,0.14040686865260432,0.31581476964001803,0.47321036488347323,0.6316250408690952,0.07047277184562395,0.10679385123518426,0.14095507768174287,0.40747498060517506,2.6167200087663147,1.3530469124099507,CONTROL,3.789999999999963,1790736109021269398,1790736109024106716,22701,911817500000,1790736109021136175,1,1,0,0.0010225830001218128,31,0.0,0.0,8.979636089277433e-05,0.010000000000000002,0.3770368033124615,2.351548656474571,1.3216781162782452,0.03043817729271356,0.26517135229174393,0.03136879613170544,0.40747498060517506,2.6167200087663147,1.3530469124099507,False,False,False
1790736109.031194,APPROACH,0.009924496000000001,0.0025169089999508287,0.3157910413520595,0.47525196823156524,0.6320823914958278,0.07052385813518719,0.10642540435700358,0.13989813957613137,0.3165155298359516,0.47427229104525387,0.6330266560641165,0.06967899503801972,0.1055909684751458,0.1393674166795204,0.40060835462143896,2.607182367799537,1.348144183489387,CONTROL,3.799999999999963,1790736109031193825,1790736109034134780,22721,911827500000,1790736109030848068,1,1,0,0.001005638999686198,31,0.0,0.0,8.860030881996857e-05,0.010000000000000002,0.3760647960114306,2.355386885117127,1.322992621864276,0.02454355861000834,0.25179548268240987,0.025151561625110935,0.40060835462143896,2.607182367799537,1.348144183489387,False,False,False
1790736109.0411603,APPROACH,0.009966446,0.0027721139999812294,0.3161422309326811,0.47578080419262925,0.6327800353827011,0.0699889872205604,0.10522333874529285,0.1391684748646913,0.31720834426869937,0.4753221762637115,0.6344123786578143,0.06888363663357422,0.10438568897643284,0.13777659226964722,0.4643149329678953,2.7799095065939365,1.4228668622799716,CONTROL,3.8099999999999627,1790736109041160120,1790736109044338526,22730,911832500000,1790736109040835544,1,1,0,0.0011473290001049463,34,0.0,0.0,9.341413769483847e-05,0.010000000000000002,0.3751035415213176,2.3591756799489945,1.3242857983258751,0.08921139144657772,0.4207338266449419,0.09858106395409658,0.4643149329678953,2.7799095065939365,1.4228668622799716,False,False,False
1790736109.0512993,APPROACH,0.010139475,0.0024621249999654538,0.3169094823358405,0.4769465226504881,0.6343073275171078,0.07026715115761203,0.10932333579641204,0.1391748710417503,0.3178931976463867,0.47635999736566653,0.6357821780643707,0.06808680158506701,0.103178171783613,0.1361828143718811,0.42030822084191793,2.658975087787911,1.3719559913671222,CONTROL,3.8199999999999625,1790736109051299385,1790736109054090916,22750,911843500000,1790736109051157024,1,1,0,0.000997664999886183,31,0.0,0.0,9.825490263781214e-05,0.010000000000000002,0.3741531405671297,2.362915287503872,1.3255578932235021,0.046155080274788214,0.296059800284039,0.04639809814362016,0.42030822084191793,2.658975087787911,1.3719559913671222,False,False,False
1790736109.0611968,APPROACH,0.009897285,0.002357357000164484,0.3176559578836118,0.47811326798571585,0.6357809695027847,0.0715655945106041,0.11069580769455581,0.14168483615537994,0.31857007573068796,0.4773857327744791,0.6371360258052081,0.06728859564951503,0.10196857715998858,0.13458629451456341,0.3748482994990277,2.5497814298565498,1.3237420423547144,CONTROL,3.8299999999999623,1790736109061196840,1790736109063858424,22771,911854000000,1790736109060857245,1,1,0,0.0009225320000041393,29,0.0,0.0,9.712100642543258e-05,0.010000000000000002,0.3732136913151177,2.3666059579863337,1.326809154131821,0.0016346081839099854,0.1831754718702161,-0.0030671117771066537,0.3748482994990277,2.5497814298565498,1.3237420423547144,False,False,False
1790736109.071262,APPROACH,0.010064562,0.0020392729998093273,0.31844505942162904,0.4792984310753612,0.6373507614614566,0.07132362400245117,0.10365596120121329,0.14295153029989174,0.3192389653448682,0.4783993625222348,0.6384738955250742,0.06648912538816887,0.1007570665875907,0.13298724583461158,0.3681473610918831,2.558463395665593,1.3218169159818596,CONTROL,3.839999999999962,1790736109071261733,1790736109073569014,22793,911865000000,1790736109071119373,1,1,0,0.0008117109996419458,30,0.0,0.0,8.80278403168751e-05,0.010000000000000002,0.37228528935706257,2.3702479452114478,1.3280398285617334,-0.004137928265179438,0.18821545045414498,-0.006222912579873925,0.3681473610918831,2.558463395665593,1.3218169159818596,False,False,False
1790736109.0811858,APPROACH,0.009924196000000001,0.002087885000037204,0.31914539419012655,0.48030555307403233,0.6387561380555637,0.0684520507753159,0.09894030379273663,0.13679592336603502,0.31989985438182783,0.4794008682619358,0.6397957630081316,0.0656884981665157,0.09954380276718405,0.13138588307752502,0.3949006837103207,2.6356691444679505,1.355456863704968,CONTROL,3.849999999999962,1790736109081185869,1790736109083562402,22813,911875000000,1790736109080869999,1,1,0,0.0008403459996770835,31,0.0,0.0,9.588779855841877e-05,0.010000000000000002,0.3713680276951732,2.3738415065462615,1.32925016388411,0.023532656015147563,0.26182763792168917,0.02620669982085795,0.3949006837103207,2.6356691444679505,1.355456863704968,False,False,False
1790736109.0913782,APPROACH,0.010193557,0.00235926000004838,0.3198133342270886,0.48128642363501317,0.6400845498049752,0.06555628746187873,0.09829251981995689,0.12956160522424692,0.3205527318121408,0.4803902332796818,0.6411016061940363,0.06488682215428017,0.09832894961826803,0.1297824225973869,0.4114611685618448,2.673010062159179,1.3751240835074234,CONTROL,3.8599999999999617,1790736109091378254,1790736109094110733,22833,911885000000,1790736109090730103,1,1,0,0.0010811419997480698,32,0.0,0.0,8.681122529939579e-05,0.010000000000000002,0.3704619967275971,2.3773869028531305,1.3304404072552176,0.040999171834247665,0.2956231593060483,0.044683676252205796,0.4114611685618448,2.673010062159179,1.3751240835074234,False,False,False
1790736109.1012073,APPROACH,0.009827683,0.002064150000023801,0.3204296810904905,0.4822220521041718,0.6413001826823508,0.06462970358744129,0.09852646840816662,0.12759059763380537,0.3211975876921017,0.4813674425068644,0.6423914051940322,0.06408420632542071,0.0971126722790712,0.12817708235685674,0.411912206221423,2.6733620881552835,1.3762319678725765,CONTROL,3.8699999999999615,1790736109101207008,1790736109103528627,22852,911894500000,1790736109100975118,1,1,0,0.0008579899999858753,31,0.0,0.0,9.953802168889499e-05,0.010000000000000002,0.36956728423450813,2.380884398435029,1.331610805543928,0.04234492198691488,0.29247768972025445,0.04462116232864846,0.411912206221423,2.6733620881552835,1.3762319678725765,False,False,False
1790736109.111224,APPROACH,0.010017092,0.0024747699999352335,0.3211083042865823,0.4832523212512463,0.6426438104451813,0.06476012075015984,0.09750225222150284,0.1286967931007821,0.321834413171765,0.48233248253234984,0.6436651423070305,0.06328076045813259,0.09589513710655592,0.12657008192717653,0.39439569794833057,2.6361502961811456,1.3580916662439957,CONTROL,3.8799999999999613,1790736109111223750,1790736109114013738,22873,911905000000,1790736109110787181,1,1,0,0.0010211190001427894,31,0.0,0.0,8.661696938478447e-05,0.010000000000000002,0.36868397536478115,2.38433426098277,1.3327616052606963,0.025711722583549427,0.2518160351983757,0.025330060983299384,0.39439569794833057,2.6361502961811456,1.3580916662439957,False,False,False
1790736109.1211584,APPROACH,0.009934045,0.0023893679999673623,0.3217567388477285,0.48421693847495195,0.6439354084996238,0.06458798811405715,0.09528211732758403,0.12879833184280298,0.32246320050298843,0.48328534161466813,0.6449228020356993,0.06247659513484661,0.09467651167641641,0.12496164248816817,0.3889335983658174,2.634622908760566,1.3553919169997504,CONTROL,3.889999999999961,1790736109121158145,1790736109123866078,22893,911915000000,1790736109120935993,1,1,0,0.0009138260002146126,31,0.0,0.0,8.816038021887561e-05,0.010000000000000002,0.36781215262322886,2.387736761524276,1.3338930524883843,0.021121445742588566,0.24688614723629024,0.021498864511365984,0.3889335983658174,2.634622908760566,1.3553919169997504,False,False,False
1790736109.1311939,APPROACH,0.010035787000000001,0.002150673999949504,0.3224292644574911,0.4852032447221335,0.6452752077614039,0.06328970920044265,0.09306114125471869,0.12574654024515974,0.32308394304747484,0.4842260096941988,0.6461643711025455,0.06167182174222997,0.09345696478308001,0.12335198682823513,0.3889220162060171,2.642658596752823,1.358763652865997,CONTROL,3.899999999999961,1790736109131193903,1790736109133696886,22914,911925500000,1790736109130904594,1,1,0,0.0008612550000179908,31,0.0,0.0,8.845653971304479e-05,0.010000000000000002,0.3669518958583893,2.391092174375862,1.3350053928149348,0.021970120347627783,0.25156642237696086,0.023758260051062217,0.3889220162060171,2.642658596752823,1.358763652865997,False,False,False
1790736109.1411872,APPROACH,0.009992947,0.0022454939999079215,0.3229295138320927,0.4859430225856105,0.6462672736410444,0.06182360516932393,0.09206028698231283,0.12243238567317213,0.32369663528481546,0.48515447840536063,0.6473898384660052,0.060866552471184485,0.09223666643970448,0.12174133934435892,0.41646167235943715,2.7155710376847715,1.3915439177358528,CONTROL,3.9099999999999606,1790736109141187000,1790736109143878711,22928,911933500000,1790736109140904934,1,1,0,0.0009206590002577286,32,0.0,0.0,9.521710816720946e-05,0.010000000000000002,0.3661032822508464,2.3944007770956164,1.3360988712679496,0.050358390108590785,0.3211702605891551,0.05544504646790336,0.41646167235943715,2.7155710376847715,1.3915439177358528,False,False,False
1790736109.1512177,APPROACH,0.010030878,0.003072263999911229,0.32357133655738135,0.486911738022731,0.6475375052327572,0.06089557893839385,0.09316340311736758,0.12034229051226705,0.3243012728205312,0.48607074108879655,0.6485991953365254,0.06006090031684984,0.09101578787818296,0.12012992604210558,0.40208866871711935,2.674244022994032,1.374884990669106,CONTROL,3.9199999999999604,1790736109151217618,1790736109154949855,22949,911944000000,1790736109150836263,1,1,0,0.0016447329999209614,31,0.0,0.0,9.270613385451031e-05,0.010000000000000002,0.36526638630208286,2.3976628504388935,1.3371737322511896,0.03682228241503646,0.2765811725551384,0.03771125841791651,0.40208866871711935,2.674244022994032,1.374884990669106,False,False,False
1790736109.1611273,APPROACH,0.009909258,0.0020323189996815927,0.3242108566191986,0.48789258837337,0.6488009676259705,0.060936039207389235,0.09264051825594186,0.12078175640962428,0.32489785239411667,0.48697479280356376,0.6497924351926544,0.059254979078599695,0.08979450154913804,0.1185179745356179,0.3816731049638403,2.6279768347441785,1.3537811447086399,CONTROL,3.92999999999996,1790736109161127145,1790736109163428275,22970,911954500000,1790736109160720754,1,1,0,0.0007988070001374581,30,0.0,0.0,9.369930070904866e-05,0.010000000000000002,0.36444127982383934,2.4008786783159604,1.3382302194830418,0.017231825140001003,0.22709815642821818,0.01555092522559805,0.3816731049638403,2.6279768347441785,1.3537811447086399,False,False,False
1790736109.1713622,APPROACH,0.010235246,0.0022283220000645088,0.32481945045903515,0.48880095253930644,0.6500112480566096,0.06052279453960831,0.08870461133818248,0.12081341656689913,0.32548637188707974,0.48786663033931704,0.6509695537971213,0.0584489033600446,0.08857298112192624,0.11690571404762129,0.3846564431710835,2.6514543001007755,1.360978740917884,CONTROL,3.93999999999996,1790736109171362111,1790736109173966277,22990,911964500000,1790736109170194945,1,1,0,0.0008372090001103061,31,0.0,0.0,8.832654350140275e-05,0.010000000000000002,0.36362803192797233,2.404048547751805,1.3392685759369627,0.021028411243111163,0.24740575234897036,0.02171016498092123,0.3846564431710835,2.6514543001007755,1.360978740917884,False,False,False
1790736109.1811566,APPROACH,0.009794119,0.001979969999865716,0.32550737387262174,0.4897968396558836,0.6513863100687973,0.058917835471654675,0.0856250987204459,0.11736387755627602,0.3260668303309867,0.4887462522285,0.6521305492129275,0.057642788569030316,0.08735140148463534,0.11529337540942032,0.3803604918493151,2.648938512014661,1.359229972807441,CONTROL,3.9499999999999598,1790736109181156701,1790736109183489541,23013,911976000000,1790736109181058865,1,1,0,0.0008101280000119004,30,0.0,0.0,9.73202432971468e-05,0.010000000000000002,0.3628267090167981,2.4071727488482066,1.34028904378396,0.01753378283251701,0.2417657631664547,0.01894092902348099,0.3803604918493151,2.648938512014661,1.359229972807441,False,False,False
1790736109.1912758,APPROACH,0.010119236,0.002374939999754133,0.32605761571496306,0.49060419563248203,0.6524780953067899,0.05690881737876777,0.08446264376182568,0.11253679416263193,0.326639227915503,0.48961365875853,0.6532754218194297,0.05683675091763913,0.08612993874408652,0.11368119106090148,0.3964008852969302,2.6901111338508685,1.378947603916187,CONTROL,3.9599999999999596,1790736109191275757,1790736109193944976,23032,911985500000,1790736109191119711,1,1,0,0.0009768940003596072,31,0.0,0.0,9.499386507504165e-05,0.010000000000000002,0.3620373747739083,2.4102515747480084,1.3412918643371052,0.0343635105230219,0.27985955910286014,0.03765573957908164,0.3964008852969302,2.6901111338508685,1.378947603916187,False,False,False
1790736109.201463,APPROACH,0.010190552,0.002773787000023731,0.3263674384384112,0.491067196198669,0.6530902293606755,0.056020280633436594,0.08410738229132309,0.11064196822174442,0.3272035659964364,0.49046885198398704,0.6544041743284269,0.05603090742218903,0.084908770225833,0.11206939505053143,0.4442394199951546,2.814620318682392,1.4339179735175551,CONTROL,3.9699999999999593,1790736109201462842,1790736109204692716,23043,911991000000,1790736109199491409,1,1,0,0.0010914520003098005,33,0.0,0.0,9.889486855652415e-05,0.010000000000000002,0.3612600901554406,2.413285321601684,1.3422772779981251,0.08297932983971398,0.4013349970807081,0.09164069551942991,0.4442394199951546,2.814620318682392,1.4339179735175551,False,False,False
1790736109.2112236,APPROACH,0.009758852,0.002558588999818312,0.32692422204058413,0.49191422055747314,0.6541918884483304,0.0559771891664026,0.08679778050890032,0.11060094360170479,0.3277598471037791,0.49131183573879994,0.6555168118002457,0.0552253759032333,0.08368807447415949,0.1104582230353562,0.42371007920035303,2.7555637294902233,1.4092037047646107,CONTROL,3.979999999999959,1790736109211223658,1790736109214194720,23063,912001000000,1790736109209134220,1,1,0,0.0010334419998798694,32,0.0,0.0,9.41723962390853e-05,0.010000000000000002,0.36049491338180245,2.4162742885362163,1.3432455242060974,0.06321516581855056,0.3392894409540072,0.06595818055851314,0.42371007920035303,2.7555637294902233,1.4092037047646107,False,False,False
1790736109.2211893,APPROACH,0.009964062000000001,0.0022860709996166406,0.32763608836374036,0.4930394240754632,0.6555940369646085,0.05783770205709275,0.09138926735447132,0.1141131210363153,0.32830807494974934,0.4921426156484335,0.6566133416598248,0.05442027498556214,0.08246803125208459,0.10884791228100452,0.34183073610671294,2.544139219022593,1.317585508435612,CONTROL,3.989999999999959,1790736109221189192,1790736109223788869,23087,912013500000,1790736109220857983,1,1,0,0.0008632190001662821,27,0.0,0.0,8.995120354738596e-05,0.010000000000000002,0.35974189992982025,2.419218777626292,1.3441968413882635,-0.017911163823107295,0.12492044139630092,-0.02661133295265142,0.34183073610671294,2.544139219022593,1.317585508435612,False,False,False
1790736109.2312083,APPROACH,0.010019306,0.0026077719999193505,0.32821885638861037,0.4939255572507104,0.6567489617018096,0.05788583001679362,0.08317892445432704,0.11616839801198017,0.3288482544368354,0.4929611991420775,0.6576937737128039,0.053615724098200326,0.0812488215413573,0.107238701661683,0.3488940117541642,2.593960107518761,1.332694181326309,CONTROL,3.9999999999999587,1790736109231208228,1790736109234814507,23107,912023500000,1790736109230306386,1,1,0,0.0009935769999174227,29,0.0,0.0,9.796072602922772e-05,0.010000000000000002,0.3590011025253152,2.4221190938678734,1.3451314669130006,-0.010107090771151002,0.1718410136508877,-0.012437285586691667,0.3488940117541642,2.593960107518761,1.332694181326309,False,False,False
1790736109.2411969,APPROACH,0.009988368000000001,0.002415888000086852,0.328705767929967,0.4945859325970057,0.6577371063213753,0.05645311995440987,0.07421679038737272,0.11471956786380039,0.32938039166583594,0.4937675954648314,0.6587581201616058,0.05281184347440916,0.08003062754245997,0.1056308316601802,0.39834203786384226,2.749182953276733,1.3944819147939598,CONTROL,4.009999999999959,1790736109241196736,1790736109243908947,23121,912032000000,1790736109240661760,1,1,0,0.0010038369996436813,32,0.0,0.0,9.71854368863648e-05,0.010000000000000002,0.35827257113608235,2.4249755451541266,1.34604963704495,0.0400694667277599,0.3242074081226063,0.04843227774900975,0.39834203786384226,2.749182953276733,1.3944819147939598,False,False,False
1790736109.25115,APPROACH,0.00995304,0.0024333310002475628,0.3292212298160315,0.4952976549089474,0.6587755779036768,0.052400797862785654,0.07849063607669361,0.10312275838221524,0.3299044939439043,0.4945618156898945,0.6598063956215258,0.052008754151686654,0.07881363267460849,0.10402454436786676,0.41470468799519855,2.7643955844105035,1.4101295678856267,CONTROL,4.019999999999959,1790736109251149847,1790736109253880142,23140,912041500000,1790736109251011274,1,1,0,0.001007432999813318,32,0.0,0.0,9.460568703722794e-05,0.010000000000000002,0.35755635296526556,2.4277884422537825,1.3469515869023545,0.05714833502993301,0.33660714215672083,0.06317798098327221,0.41470468799519855,2.7643955844105035,1.4101295678856267,False,False,False
1790736109.2611969,APPROACH,0.010046979000000001,0.002322861999800807,0.32975858530496627,0.4961583623280559,0.6598150044216697,0.05094627502577178,0.08371189564741802,0.09836753395746468,0.33042056979258955,0.4953438727307513,0.6608386171368147,0.05120657797176461,0.077598021575748,0.10242008348468984,0.38909455396737985,2.6768223116308065,1.3784402900272479,CONTROL,4.0299999999999585,1790736109261196906,1790736109263795731,23161,912052000000,1790736109260928627,1,1,0,0.0009462170000915648,30,0.0,0.0,9.652264821707531e-05,0.010000000000000002,0.35685249244512274,2.4305580987919053,1.347837550416593,0.032242061522257094,0.2462642128389014,0.030602739610655048,0.38909455396737985,2.6768223116308065,1.3784402900272479,False,False,False
1790736109.271139,APPROACH,0.0099419,0.0023966520002431935,0.33014448062236124,0.49677896069802596,0.6605654960108054,0.051949917465738266,0.0802930353084084,0.10283518250489193,0.3309286289558792,0.49611378135335926,0.6618548041967659,0.05040543758061261,0.07638398010255885,0.10081769431918089,0.40140354475795703,2.725128647828713,1.3944044720282134,CONTROL,4.039999999999958,1790736109271138695,1790736109273867076,23176,912059500000,1790736109270879353,1,1,0,0.001029314000334125,32,0.0,0.0,8.84732691232089e-05,0.010000000000000002,0.35616103123114984,2.4332848312331072,1.3487077602939583,0.04524251352680722,0.2918438165956058,0.045696711734254984,0.40140354475795703,2.725128647828713,1.3944044720282134,False,False,False
1790736109.2813792,APPROACH,0.010246578000000001,0.002532539000185352,0.33059166819754005,0.4974389450687795,0.6614647997989507,0.05304114889571932,0.0765840793103272,0.10715064294087433,0.3314286824082425,0.4968715581883376,0.6628549787518025,0.04960545642843521,0.07517169533045237,0.09921762378845013,0.4053832734595708,2.7559080206180737,1.4019080902626857,CONTROL,4.049999999999958,1790736109281379092,1790736109284315488,23193,912068000000,1790736109279173082,1,1,0,0.0010104090001732402,32,0.0,0.0,9.478374249226944e-05,0.010000000000000002,0.3554820081965772,2.435968958867251,1.349562447979677,0.04990126526299359,0.3199390617508227,0.05234564228300856,0.4053832734595708,2.7559080206180737,1.4019080902626857,False,False,False
1790736109.291206,APPROACH,0.009820559000000001,0.0023084340000423254,0.33120222966301416,0.49832191037094464,0.6626965080060221,0.05268863532659718,0.07858361005006276,0.10497223504816863,0.33192074236267055,0.49761722174315115,0.6638391652295589,0.04880675876967273,0.07396135555357204,0.09762012041818809,0.3696389082182429,2.664366945125851,1.36378518764857,CONTROL,4.059999999999958,1790736109291205973,1790736109293794067,23216,912079500000,1790736109290947632,1,1,0,0.0009442529999432736,30,0.0,0.0,9.325914427090105e-05,0.010000000000000002,0.3548154594272068,2.438610803797594,1.3504018436241951,0.014823448791036075,0.22575614132825716,0.013383344024374876,0.3696389082182429,2.664366945125851,1.36378518764857,False,False,False
1790736109.3012373,APPROACH,0.010031429000000001,0.0024840669998411613,0.33167188632204425,0.4990346914294639,0.663622028772807,0.051401543558750935,0.07835830591788015,0.10113133539950972,0.3324048222787202,0.4983507924143006,0.6648073905509699,0.04800946966300293,0.0727531502847961,0.09602543434266902,0.37270745548872447,2.6728447864458436,1.3697985882081634,CONTROL,4.069999999999958,1790736109301237272,1790736109304020087,23234,912088500000,1790736109300982208,1,1,0,0.0009687199999461882,31,0.0,0.0,8.710098051958965e-05,0.010000000000000002,0.3541614182165898,2.441210690931481,1.3512261760517517,0.018546037272134674,0.2316340955143626,0.01857241215641162,0.37270745548872447,2.6728447864458436,1.3697985882081634,False,False,False
1790736109.3112373,APPROACH,0.010001082000000001,0.0024578779998591926,0.3320781819131833,0.4996497860265414,0.6644214701279201,0.050348388805158295,0.07538236825219596,0.09949873315782556,0.33288093687055775,0.49907229249951046,0.6657596841463586,0.04721371497133627,0.0715472702557303,0.09443381730474133,0.39561974346687323,2.738654402192086,1.3973919163846416,CONTROL,4.079999999999957,1790736109311237091,1790736109314247318,23246,912096500000,1790736109308930000,1,1,0,0.001004767999802425,32,0.0,0.0,9.079448567101122e-05,0.010000000000000002,0.35351991506152536,2.4437689479735125,1.3520356727312428,0.04209982840534789,0.2948854542185733,0.045356243653398846,0.39561974346687323,2.738654402192086,1.3973919163846416,False,False,False
1790736109.3212326,APPROACH,0.009995141,0.002559119000125065,0.33260157746052954,0.5004167087086735,0.6654650860094082,0.04956042783660237,0.07153133234997465,0.09937309149320545,0.33334910211499774,0.4997817462099128,0.6666960779715154,0.046419621361822476,0.07034390741671784,0.0928455226558408,0.3968905861353248,2.751996915985126,1.3998869218142627,CONTROL,4.089999999999957,1790736109321232362,1790736109324146446,23266,912107000000,1790736109319421764,1,1,0,0.0010200169999734499,32,0.0,0.0,8.996716846270642e-05,0.010000000000000002,0.35289097765788513,2.446285905421253,1.3528305597493895,0.043999608477439674,0.30571101056387284,0.047056362064873125,0.3968905861353248,2.751996915985126,1.3998869218142627,False,False,False
1790736109.3311963,APPROACH,0.00996323,0.0020722549998026807,0.33311812690097664,0.501173724500033,0.6664992077352117,0.048714782249595814,0.0732515106105381,0.09676321981639331,0.33380933525954976,0.5004791796822395,0.667616606523793,0.045627316305844615,0.06914325493683049,0.09126080535597868,0.37706845638597564,2.6966752816392656,1.3778090106248722,CONTROL,4.099999999999957,1790736109331196083,1790736109333584649,23287,912117500000,1790736109330866217,1,1,0,0.0008308579999720678,31,0.0,0.0,8.734100340987304e-05,0.010000000000000002,0.3522746308967274,2.448761896563489,1.3536110617862374,0.02479382548924824,0.2479133850757766,0.02419794883863471,0.37706845638597564,2.6966752816392656,1.3778090106248722,False,False,False
1790736109.3411448,APPROACH,0.009947570000000001,0.00204588499991587,0.3336236421063372,0.5019460058223464,0.6674959970409069,0.04759777277292781,0.07265726015561949,0.09379025775707875,0.33426165483045583,0.5011646209910038,0.6685213068581818,0.044836928079022786,0.06794550720387407,0.08967992197374906,0.3661996876503999,2.6695513908007524,1.3673868790977628,CONTROL,4.109999999999957,1790736109341144615,1790736109343452879,23305,912128000000,1790736109341045577,1,1,0,0.0008136850001392304,30,0.0,0.0,9.372988023929624e-05,0.010000000000000002,0.35167089686072345,2.451197257480998,1.3543774020929709,0.014528790789676452,0.21835413331975462,0.013009477004791976,0.3661996876503999,2.6695513908007524,1.3673868790977628,False,False,False
1790736109.3511772,APPROACH,0.010032552,0.002020197000092594,0.3340949227858765,0.5026521462755218,0.6684281121240994,0.04667545311916803,0.06822122980819985,0.09298488880127694,0.3347060806407376,0.5018381001606932,0.6694102186034053,0.04404858576121326,0.0667508598243872,0.08810313068632723,0.3744235883382618,2.7028557163751987,1.3791235504901467,CONTROL,4.119999999999957,1790736109351177097,1790736109353541446,23325,912138000000,1790736109350718055,1,1,0,0.0008230230000663141,31,0.0,0.0,8.923967187490528e-05,0.010000000000000002,0.35107979482085316,2.4535923270499267,1.3551298024720804,0.023343793517408618,0.24926338932527187,0.023993748018066266,0.3744235883382618,2.7028557163751987,1.3791235504901467,False,False,False
1790736109.3611643,APPROACH,0.009987145000000001,0.0021659839999301767,0.3345777938738079,0.5033480987100596,0.6693942162715438,0.045264361988137596,0.06539746265648994,0.09038013338783696,0.33514263379823467,0.5024996491779522,0.6702833839779986,0.04326241923650726,0.06555950962363945,0.08653069127946712,0.37936796925908,2.7212681047168013,1.3862060571854191,CONTROL,4.129999999999956,1790736109361164292,1790736109363620346,23346,912148500000,1790736109361073650,1,1,0,0.0008332120000886789,31,0.0,0.0,9.170241682754795e-05,0.010000000000000002,0.35050134123339055,2.4559474469476887,1.3558684832598695,0.028866628025689463,0.2653206577691125,0.0303375739255495,0.37936796925908,2.7212681047168013,1.3862060571854191,False,False,False
1790736109.3711915,APPROACH,0.010026931000000001,0.0021457040002133,0.3350222949231343,0.5039980444965542,0.6702779752035268,0.04370524432566834,0.06498102230932062,0.08638341570592106,0.3355713367136495,0.5031493020037726,0.6711408478063984,0.042478559193231805,0.06437165464563262,0.08496286514750312,0.3820892804959544,2.726365796396781,1.3902219327405312,CONTROL,4.139999999999956,1790736109371191233,1790736109373632108,23366,912158500000,1790736109371079070,1,1,0,0.0008579789996474574,31,0.0,0.0,9.154741930523681e-05,0.010000000000000002,0.34993554973714275,2.458262961661448,1.356593663311311,0.03215373075881169,0.2681028347353327,0.03362826942922027,0.3820892804959544,2.726365796396781,1.3902219327405312,False,False,False
1790736109.3811665,APPROACH,0.009974992,0.002167436000036105,0.33545340692118764,0.5046448188516255,0.6711275367774125,0.04271218065911862,0.06416321768385089,0.08423316868849519,0.3359922131085901,0.5037870945856814,0.6719826575350297,0.041697137123951185,0.06318749415310296,0.08339991529335293,0.3809721376750266,2.724456029850629,1.3898634859976313,CONTROL,4.149999999999956,1790736109381166286,1790736109383675120,23385,912168500000,1790736109381056707,1,1,0,0.0008457070002805267,31,0.0,0.0,8.994347695746377e-05,0.010000000000000002,0.3493824311509525,2.460539218499186,1.3573055599872745,0.031589706524074036,0.26391681135144307,0.03255792601035685,0.3809721376750266,2.724456029850629,1.3898634859976313,False,False,False
1790736109.3911846,APPROACH,0.010018465,0.002208382999924652,0.335856311137964,0.5052468851799539,0.671923782384177,0.04216976883636367,0.06253040903211796,0.08361114126229151,0.33640528802360864,0.5044130648699227,0.6728088632483846,0.04091828532546429,0.06200722862751714,0.08184210632851224,0.38254718623207945,2.7340321581454745,1.392946800252065,CONTROL,4.159999999999956,1790736109391184470,1790736109393858057,23402,912178000000,1790736109390754173,1,1,0,0.000911280000309489,31,0.0,0.0,9.262198618561438e-05,0.010000000000000002,0.34884199347145783,2.4627765676033087,1.3580043891440974,0.03370519276062163,0.2712555905421657,0.034942411107967766,0.38254718623207945,2.7340321581454745,1.392946800252065,False,False,False
1790736109.4011862,APPROACH,0.010001793,0.002074067999728868,0.33627497125576156,0.505864039968456,0.6727559876824016,0.041547486069416155,0.061240052013812996,0.08260037800729124,0.3368105878262493,0.5050272528136531,0.6736195176851189,0.04014213689880556,0.06083105976907366,0.08028970447305667,0.37988725120544753,2.7317862826291304,1.3912105063795381,CONTROL,4.1699999999999555,1790736109401186103,1790736109403585699,23422,912188000000,1790736109400778368,1,1,0,0.0008244449995800096,31,0.0,0.0,9.071372590648914e-05,0.010000000000000002,0.3483142418710727,2.46497536196688,1.3586903651255378,0.03157300933437483,0.2668109206622503,0.03252014125400036,0.37988725120544753,2.7317862826291304,1.3912105063795381,False,False,False
1790736109.4111803,APPROACH,0.009993588000000001,0.0021346739999899,0.3366867883725231,0.5064713641511416,0.6735738880987836,0.04077104487259207,0.06033758078546571,0.08082522358736957,0.33720814021908546,0.5056297003971219,0.6744146762541267,0.03936882574924719,0.059659190496706246,0.07874297755564612,0.37705987014485737,2.727794127623439,1.3895609648891658,CONTROL,4.179999999999955,1790736109411180061,1790736109413611659,23442,912198000000,1790736109410700971,1,1,0,0.000905729999885807,31,0.0,0.0,8.92564488736672e-05,0.010000000000000002,0.3477991786962242,2.4671359574523795,1.3593637007570805,0.029260691448633212,0.2606581701710598,0.03019726413208533,0.37705987014485737,2.727794127623439,1.3895609648891658,False,False,False
1790736109.4211779,APPROACH,0.009998707,0.0023486489999413607,0.33708977426972453,0.5070689995267532,0.6743716207653665,0.039844126807099034,0.05915300383733857,0.07885385018427829,0.3375979742477667,0.506220451635864,0.6751943970506369,0.038598486586294604,0.05849182494807694,0.0772021950135158,0.3765361734277407,2.7291992109060716,1.3902570273737673,CONTROL,4.189999999999955,1790736109421177847,1790736109424014744,23462,912208000000,1790736109420683528,1,1,0,0.0008592220001446549,31,0.0,0.0,8.916849170924795e-05,0.010000000000000002,0.3472968034657957,2.4692587128130685,1.3600246073426117,0.02923936996194501,0.2599404980930032,0.03023242003115571,0.3765361734277407,2.7291992109060716,1.3902570273737673,False,False,False
1790736109.4311812,APPROACH,0.010002264,0.0020394529997247446,0.33750308792837735,0.5076813314118951,0.6751899941667197,0.03893008972154464,0.05753031869965498,0.07717288074059767,0.3379801203090566,0.506799552592882,0.6759587408722889,0.03783125492369139,0.05732916847958359,0.075667627892486,0.37410989112275117,2.726720953055128,1.388714856859359,CONTROL,4.199999999999955,1790736109431180942,1790736109433472995,23483,912218500000,1790736109430836218,1,1,0,0.0008285440003419353,31,0.0,0.0,8.72472707776914e-05,0.010000000000000002,0.34680711286980453,2.4713439897168947,1.3606732946634525,0.027302778252946622,0.25537696333823307,0.028041562195906537,0.37410989112275117,2.726720953055128,1.388714856859359,False,False,False
1790736109.4411774,APPROACH,0.009996714,0.0021798590000798868,0.33788787474156745,0.5082476434271177,0.6759535168714055,0.03801654562713647,0.05583074327941562,0.07547571332736752,0.3383546101588787,0.5073670513908375,0.6767077712352257,0.0370672670794158,0.056171427666354565,0.07413954884695519,0.37604803164750045,2.735804520220658,1.3921870786442667,CONTROL,4.209999999999955,1790736109441177466,1790736109444145301,23503,912228500000,1790736109440712262,1,1,0,0.0008460459998786973,31,0.0,0.0,8.948284252283697e-05,0.010000000000000002,0.34633010076827997,2.4733921527729836,1.3613099709797618,0.029717930879220453,0.26241236744767427,0.03087710766450499,0.37604803164750045,2.735804520220658,1.3921870786442667,False,False,False
1790736109.4511998,APPROACH,0.010022422000000001,0.002399265999883937,0.33811390164266,0.5085799792351935,0.6764023654766409,0.03737224116177723,0.055122526269005497,0.07417893657976823,0.3387214769203578,0.507922998224238,0.6774415543901784,0.036306660175681287,0.055018810302249546,0.07261823213990097,0.40140911619844016,2.8026444748036234,1.4214550530183399,CONTROL,4.2199999999999545,1790736109451199788,1790736109454137516,23514,912234500000,1790736109450742489,1,1,0,0.0009004690000438131,32,0.0,0.0,9.493391677781727e-05,0.010000000000000002,0.34586575819034904,2.475403569560666,1.3619348430342795,0.05554335800809114,0.3272409052429571,0.05952020998406036,0.40140911619844016,2.8026444748036234,1.4214550530183399,False,False,False
1790736109.4612076,APPROACH,0.010008116000000001,0.002299776999734604,0.33837338177652665,0.5089679317866507,0.6769172621019757,0.03704639030305607,0.05622246232394234,0.0732791017099749,0.33908075509185975,0.5084674453716197,0.6781601593385455,0.03554957213894034,0.05387152539986535,0.07110395364288787,0.41000553988373417,2.8218308789706934,1.4307539472997841,CONTROL,4.229999999999954,1790736109461207522,1790736109463960029,23527,912241500000,1790736109460378618,1,1,0,0.0008921439998630376,32,0.0,0.0,9.791073251651518e-05,0.010000000000000002,0.34541407333353397,2.477378610661046,1.362548116058428,0.06459146655020019,0.34445226830964754,0.06820583124135604,0.41000553988373417,2.8218308789706934,1.4307539472997841,False,False,False
1790736109.4711382,APPROACH,0.009930788000000001,0.0022473179997177795,0.33872678229117614,0.5095162677222023,0.6776139804185326,0.03752411792294079,0.05907675725355124,0.0738590493941548,0.3394324805550393,0.5090004472077431,0.6788636578484908,0.03479614169987726,0.05272978319052499,0.06959699083605284,0.3834535407552232,2.7501412900190685,1.4006770181957748,CONTROL,4.239999999999954,1790736109471138040,1790736109473863195,23546,912251000000,1790736109470547148,1,1,0,0.0008505460000378662,31,0.0,0.0,9.240754345107892e-05,0.010000000000000002,0.34497503156322135,2.4793176496911298,1.3631499937807534,0.03847850919200185,0.27082364032793893,0.037527024415021336,0.3834535407552232,2.7501412900190685,1.4006770181957748,False,False,False
1790736109.481245,APPROACH,0.010107274000000001,0.002203725000072154,0.33914532362396077,0.5101727885403928,0.6784384772158609,0.038368545539056144,0.05876939142256263,0.07617204479907665,0.3397766905828764,0.5095220602157715,0.679552124471017,0.03404650839341441,0.051593795124287106,0.06809762280811774,0.34875342847472285,2.669806172004085,1.363796899974334,CONTROL,4.249999999999954,1790736109481244863,1790736109483975628,23568,912262000000,1790736109480120678,1,1,0,0.0008269099998869933,29,0.0,0.0,9.721800542888558e-05,0.010000000000000002,0.34454861541234383,2.4812210633404264,1.363740678437688,0.0042048130623790255,0.18858510866365877,5.622153664602075e-05,0.34875342847472285,2.669806172004085,1.363796899974334,False,False,False
1790736109.4912448,APPROACH,0.009998436000000001,0.0021168600001146842,0.3395260024095812,0.5107328133433482,0.6791993826962481,0.037425736984062,0.052949148764891214,0.07540757379218306,0.34011342384772364,0.5100323429994658,0.6802256365560609,0.03330081255870955,0.050463773869942025,0.06660613025638405,0.3599054966016185,2.715256070934681,1.3799131944661098,CONTROL,4.259999999999954,1790736109491244782,1790736109493661151,23588,912272000000,1790736109491146796,1,1,0,0.0008353469997928187,31,0.0,0.0,8.67703686023605e-05,0.010000000000000002,0.3441348045812257,2.483089231410104,1.364320370786651,0.015770692020392812,0.2321668395245768,0.015592823679458958,0.3599054966016185,2.715256070934681,1.3799131944661098,False,False,False
1790736109.5011902,APPROACH,0.009945677,0.0020753310000145575,0.3399265028005125,0.5112879393006473,0.680007493545371,0.03528184969069376,0.04955087180049436,0.07057709201095716,0.3404427204293454,0.5105313562953668,0.6808842742685737,0.03255919533915616,0.049339933315012095,0.06512279548673347,0.3712024560883044,2.7483993271803575,1.3945318268781837,CONTROL,4.269999999999953,1790736109501190259,1790736109503642996,23610,912283000000,1790736109500920567,1,1,0,0.0008289140000670159,31,0.0,0.0,9.223097334903523e-05,0.010000000000000002,0.34373357593762177,2.484922536854592,1.3648892701214388,0.027468880150682603,0.26347679032576554,0.02964255675674488,0.3712024560883044,2.7483993271803575,1.3945318268781837,False,False,False
1790736109.5112095,APPROACH,0.010019136000000001,0.002037538999957178,0.34030115493472124,0.5118323444620403,0.680749023764712,0.03305614191640861,0.049804500751731755,0.0647252306268711,0.3407646218229606,0.5110191629849836,0.6815281206046065,0.03182179868238462,0.04822248856575363,0.06364790241363032,0.37155834925949915,2.740234021696331,1.3944943918603123,CONTROL,4.279999999999953,1790736109511209445,1790736109513505214,23632,912294000000,1790736109511018973,1,1,0,0.0008272110003417765,31,0.0,0.0,8.664143036668294e-05,0.010000000000000002,0.3433449035169239,2.486721365825668,1.3654475742899208,0.0282134457425752,0.25351265587066296,0.029046817570391428,0.37155834925949915,2.740234021696331,1.3944943918603123,False,False,False
1790736109.5211642,APPROACH,0.009955866,0.0023334409997914918,0.34062451187272114,0.5123278065369616,0.6813790933479376,0.03195758534595187,0.048544327963272745,0.06264347764430213,0.3410791709472859,0.511495828106982,0.6821572614073994,0.031088765340259988,0.047111655947153455,0.06218173656011705,0.3730323040636102,2.743524022458867,1.3962740951864907,CONTROL,4.289999999999953,1790736109521164099,1790736109524096387,23652,912304000000,1790736109520193976,1,1,0,0.000931107999804226,31,0.0,0.0,8.755341126358648e-05,0.010000000000000002,0.34296875852254155,2.4884861077190004,1.3659954797140115,0.030063545541068642,0.25503791473986653,0.030278615472479262,0.3730323040636102,2.743524022458867,1.3962740951864907,False,False,False
1790736109.5313127,APPROACH,0.010151207,0.0028489900000749913,0.34073607306263654,0.5124957476093002,0.6815985813113019,0.03182418264614651,0.04755184193862161,0.06281153435184257,0.3413864121525786,0.5119614188693721,0.6827717853834668,0.030360238868882776,0.04600765300293007,0.06072458505781585,0.4053781590200208,2.8304770906455454,1.4333737895594916,CONTROL,4.299999999999953,1790736109531312671,1790736109534971859,23658,912307500000,1790736109529481253,1,1,0,0.000968239000030735,32,0.0,0.0,9.935334961771807e-05,0.010000000000000002,0.3426051093264474,2.4902171552231125,1.366533181411906,0.0627730496935734,0.340259935422433,0.06684060814758572,0.4053781590200208,2.8304770906455454,1.4333737895594916,False,False,False
1790736109.541181,APPROACH,0.009864182,0.002110247000018717,0.3410068689545307,0.5129025718713924,0.682136624816287,0.03214298465383477,0.04894301830933848,0.0638250912224162,0.3416863912286775,0.5124160046616941,0.6833717841186812,0.029636363628591893,0.04491069849553817,0.059276736646934475,0.3941564602178608,2.800149248942442,1.41980747697527,CONTROL,4.3099999999999525,1790736109541180830,1790736109543574535,23674,912316000000,1790736109540926166,1,1,0,0.0008472190002066782,32,0.0,0.0,8.795188775488782e-05,0.010000000000000002,0.34225392146988987,2.491914904370734,1.367060873022556,0.051902538747970954,0.30823434457170834,0.052746603952713966,0.3941564602178608,2.800149248942442,1.41980747697527,False,False,False
1790736109.5511832,APPROACH,0.010002184,0.002192392999859294,0.3413814277654046,0.5134778004271334,0.6828793982849928,0.03287195072563366,0.05052749587554676,0.06517752773410514,0.34197915541304663,0.5128596570672076,0.6839573520943609,0.02891728478395796,0.04382101240615849,0.057838481676252954,0.35425630872220487,2.7005856679866724,1.3762094859212197,CONTROL,4.319999999999952,1790736109551183014,1790736109553680827,23697,912327500000,1790736109550914083,1,1,0,0.0008081649998530338,30,0.0,0.0,8.764387970362734e-05,0.010000000000000002,0.34191515766426617,2.4935797545925484,1.3675787468323701,0.012341151057938692,0.20700591339412422,0.008630739088849513,0.35425630872220487,2.7005856679866724,1.3762094859212197,False,False,False
1790736109.5611787,APPROACH,0.009995591,0.0019744789997275802,0.34174348620170836,0.5140185238836024,0.6835982741893898,0.032495867640441656,0.046536347095842194,0.06505087359398713,0.34226475339881585,0.5132924498750755,0.6845285867033534,0.02820314830379149,0.042738815934710184,0.05641011210313985,0.34639684686757655,2.6954032750958112,1.3712120664969285,CONTROL,4.329999999999952,1790736109561178625,1790736109563382711,23719,912338500000,1790736109560917590,1,1,0,0.0007998280002539104,30,0.0,0.0,8.93572804913158e-05,0.010000000000000002,0.3415887777921561,2.49521210877327,1.3680869938041154,0.004808069075420478,0.20019116632254114,0.0031250726928132213,0.34639684686757655,2.6954032750958112,1.3712120664969285,False,False,False
1790736109.5712168,APPROACH,0.010038052,0.0021603820000564156,0.3420907324479687,0.5145008461576488,0.6842954799045651,0.030418811989255383,0.041786412836279346,0.06096266067820601,0.3425432353428249,0.513714459092555,0.6850855882661234,0.027494100961136705,0.04166433149984146,0.054991921493539965,0.3619590620439547,2.7429983520186743,1.3909201898327503,CONTROL,4.339999999999952,1790736109571216657,1790736109573709111,23741,912349500000,1790736109571088765,1,1,0,0.0008318390000567888,31,0.0,0.0,8.805157234527643e-05,0.010000000000000002,0.34127473890850757,2.4968123733100533,1.3685858036080003,0.020684323135447182,0.24618597870862108,0.022334386224750143,0.3619590620439547,2.7429983520186743,1.3909201898327503,False,False,False
1790736109.5811844,APPROACH,0.009969853,0.002120296999692073,0.3423686649300217,0.5148880609131226,0.6848502321103402,0.0282755922227374,0.04055873984601592,0.05594156309316017,0.3428146528736655,0.5141257629571839,0.6856284600468395,0.026790290333273986,0.04059778273893331,0.05358420502197924,0.3769539372914045,2.7762735637476146,1.4073851348266242,CONTROL,4.349999999999952,1790736109581184266,1790736109583652923,23760,912359000000,1790736109580626296,1,1,0,0.0008411369999521412,31,0.0,0.0,9.458733473023827e-05,0.010000000000000002,0.34097299524198194,2.4983809581731786,1.3690753646549048,0.03598094204942251,0.2778926055744361,0.03830977017171946,0.3769539372914045,2.7762735637476146,1.4073851348266242,False,False,False
1790736109.591224,APPROACH,0.010037461000000001,0.002067496000108804,0.3426824603809804,0.5153540973797401,0.6854658529276532,0.026733353406481194,0.04060422826204521,0.052263485223264045,0.34307905909972203,0.5145264419489652,0.6861573082694549,0.026091864801721144,0.03953939450810143,0.05218725947156726,0.37159568740949595,2.7557238284067807,1.4004972921941592,CONTROL,4.3599999999999515,1790736109591223871,1790736109593586968,23782,912370500000,1790736109591006809,1,1,0,0.0008100079999167065,30,0.0,0.0,9.944718211471625e-05,0.010000000000000002,0.3406834981964529,2.4999182769689816,1.369555864131738,0.030912189213043045,0.2558055514377991,0.03094142806242115,0.37159568740949595,2.7557238284067807,1.4004972921941592,False,False,False
1790736109.601135,APPROACH,0.00991086,0.0020495119997576694,0.3429609948880472,0.5157720956042064,0.6860130538128879,0.02643758077162662,0.038477846041749794,0.05254920006050769,0.3433365086172171,0.5149165788025598,0.686672242133801,0.0253989735522282,0.03848939288218829,0.050801383233986815,0.3674532462624586,2.7518281567655594,1.3968562581220696,CONTROL,4.369999999999951,1790736109601134861,1790736109603473943,23798,912381000000,1790736109601035623,1,1,0,0.000807694000286574,30,0.0,0.0,9.831145362210429e-05,0.010000000000000002,0.3404061963526474,2.5014247470050166,1.370027488038898,0.027047049909811213,0.2504034097605427,0.026828770083171475,0.3674532462624586,2.7518281567655594,1.3968562581220696,False,False,False
1790736109.6112342,APPROACH,0.010099209000000001,0.002022982000198681,0.3432360189644923,0.516162212780567,0.6865632877870671,0.02582889250278585,0.036163505317589134,0.05171760497577941,0.34358705751825064,0.5152962585194684,0.687173373831666,0.024711766574784796,0.03744800515477441,0.04942687630950879,0.36849186010918145,2.7618648714890788,1.3996979874322728,CONTROL,4.379999999999951,1790736109611234100,1790736109613507086,23819,912391500000,1790736109611138408,1,1,0,0.0008319799999298993,31,0.0,0.0,8.693253392869597e-05,0.010000000000000002,0.3401410354699533,2.502900789357377,1.3704904212297906,0.028350824639228164,0.2589640821317017,0.02920756620248227,0.36849186010918145,2.7618648714890788,1.3996979874322728,False,False,False
1790736109.6211808,APPROACH,0.009946618,0.002008625000144093,0.34348876894335945,0.5165180144174819,0.68706750732763,0.024689910130165867,0.0353845784290512,0.0488631066533343,0.3438307633988443,0.5156655683802224,0.6876608185628854,0.024030394663614802,0.03641545983817012,0.04806404030698127,0.37168724746238,2.7700571202833473,1.4042110690989111,CONTROL,4.389999999999951,1790736109621180658,1790736109623429358,23839,912401500000,1790736109620935542,1,1,0,0.0008183740001186379,31,0.0,0.0,8.914713911789137e-05,0.010000000000000002,0.33988795848836173,2.504346828940161,1.3709448474523895,0.031799288974018285,0.2657102913431866,0.033266221646521564,0.37168724746238,2.7700571202833473,1.4042110690989111,False,False,False
1790736109.6311815,APPROACH,0.010000711,0.002005859000291821,0.34373003892792386,0.5168695338308726,0.687542438040516,0.023695507805159825,0.034893717395337025,0.046558408149869404,0.3440676853669831,0.51602459795657,0.6881346945514257,0.0233550094171775,0.035391986663417425,0.046713178443832,0.37265122793817373,2.771141253498892,1.4055476255897235,CONTROL,4.399999999999951,1790736109631181239,1790736109633457972,23859,912411500000,1790736109630887260,1,1,0,0.0008301870002469514,31,0.0,0.0,8.845272794970148e-05,0.010000000000000002,0.3396469055305659,2.5057632945770276,1.371390949392793,0.03300432240760783,0.26537795892186467,0.03415667619693046,0.37265122793817373,2.771141253498892,1.4055476255897235,False,False,False
1790736109.641235,APPROACH,0.010055365,0.0021172399997340108,0.34391726677334145,0.5171456368561733,0.6879106950311589,0.023198658262359687,0.034067517203015756,0.04579618306808412,0.34429788405065614,0.5163734391236601,0.6885951230614671,0.02268576323817034,0.03437781658029412,0.04537459554607385,0.3788499527356184,2.7885352888334713,1.412830101100895,CONTROL,4.40999999999995,1790736109641235021,1790736109643672249,23875,912419500000,1790736109638718833,1,1,0,0.0008558160002394288,31,0.0,0.0,9.394646812863549e-05,0.010000000000000002,0.33941781390420733,2.5071506190747845,1.371828908720746,0.039432138831411036,0.2813846697586869,0.04100119238014895,0.3788499527356184,2.7885352888334713,1.412830101100895,False,False,False
1790736109.651188,APPROACH,0.009951428,0.0021073010002510273,0.34414714051882456,0.5174820619499299,0.6883665443570179,0.02285645709275482,0.033506383097060305,0.04539858739936274,0.34452142160590427,0.5167121860722397,0.6890422284135002,0.02202280933352247,0.03337318175730403,0.044048598048291907,0.37389419013672104,2.777572695648707,1.4074911779984975,CONTROL,4.41999999999995,1790736109651187701,1790736109653664364,23895,912429500000,1790736109650805966,1,1,0,0.0008280530000774888,31,0.0,0.0,8.931524611153612e-05,0.010000000000000002,0.339200618104267,2.50850923929904,1.3722589061371013,0.03469357203245404,0.269063456349667,0.03523227186139612,0.37389419013672104,2.777572695648707,1.4074911779984975,False,False,False
1790736109.6611822,APPROACH,0.009993998,0.002039743000295857,0.3443852622851624,0.5178313453359147,0.6888394142527416,0.0224465264121872,0.032948571487524926,0.04452816876464481,0.344738361724856,0.5170409353208292,0.6894761380003986,0.021366301714402947,0.032378315581689444,0.042735493993659855,0.3659300770173825,2.7594753164093815,1.3994836040595617,CONTROL,4.42999999999995,1790736109661182080,1790736109663486486,23916,912440000000,1790736109660769647,1,1,0,0.0008092269999906421,30,0.0,0.0,9.852154598114243e-05,0.010000000000000002,0.3389952498156109,2.509839596251703,1.3726811214231456,0.02693482720177161,0.24963572015767846,0.026802482636416214,0.3659300770173825,2.7594753164093815,1.3994836040595617,False,False,False
1790736109.6711817,APPROACH,0.009999439,0.0020398740002747218,0.3446174545728038,0.5181696585865154,0.6892997824176592,0.021722338256990062,0.03133858724690409,0.043130959781449985,0.3449487696437733,0.5173597857279167,0.6898969823035122,0.020716395196214276,0.0313934526594213,0.04143559303392708,0.3651762382398569,2.761345750005888,1.3998552517181422,CONTROL,4.43999999999995,1790736109671181569,1790736109673492667,23937,912450500000,1790736109670891508,1,1,0,0.0008076429999164247,30,0.0,0.0,9.856341682452601e-05,0.010000000000000002,0.3388016379156775,2.511142135150479,1.3730957334917957,0.026374600324179404,0.25020361485540943,0.02675951822634642,0.3651762382398569,2.761345750005888,1.3998552517181422,False,False,False
1790736109.6811957,APPROACH,0.010013996,0.002089307000005647,0.34484047318692657,0.518488932284277,0.689742869067469,0.020761880949878655,0.029643754455969236,0.041229670457336075,0.34515271215109244,0.5176688385041418,0.6903048949087485,0.02007324539859712,0.030418828815206342,0.040149206429428104,0.36855255306514834,2.7724712079708835,1.4044413553147284,CONTROL,4.4499999999999496,1790736109681195525,1790736109683531902,23957,912461000000,1790736109680980887,1,1,0,0.0008260489998974663,31,0.0,0.0,8.696825800665444e-05,0.010000000000000002,0.33861970847731804,2.512417305510155,1.3735029204405858,0.029932844587830288,0.2600539024607286,0.030938434874142655,0.36855255306514834,2.7724712079708835,1.4044413553147284,False,False,False
1790736109.691181,APPROACH,0.009985071,0.002064480999706575,0.3450430626142209,0.5187794516137005,0.6901447359796999,0.019824295799369118,0.028675884864390384,0.039221505046300884,0.34535025759547033,0.5179681972244898,0.6907000125226683,0.01943700874542509,0.029454681092479233,0.03887664704907212,0.3712869374482481,2.7794246563726723,1.407808589100133,CONTROL,4.459999999999949,1790736109691180707,1790736109693499761,23977,912471000000,1790736109690769756,1,1,0,0.0008162199997059361,31,0.0,0.0,8.879811423643443e-05,0.010000000000000002,0.3384493847717788,2.5136655612257273,1.3739028596064264,0.032837552676469255,0.2657590951469449,0.03390572949370653,0.3712869374482481,2.7794246563726723,1.407808589100133,False,False,False
1790736109.7011945,APPROACH,0.010013937,0.0024864720003279217,0.3452371509340688,0.519062365895568,0.6905281007129997,0.01908797966725236,0.02796410465429848,0.037684925750801304,0.34554147589382034,0.5182579678404686,0.6910824749885571,0.018807842464809463,0.02850124775340969,0.03761822937035248,0.3714649310418336,2.7798956589286052,1.408250055839799,CONTROL,4.469999999999949,1790736109701194372,1790736109704178609,23997,912481000000,1790736109700807297,1,1,0,0.0009886980001283519,31,0.0,0.0,8.818444641398334e-05,0.010000000000000002,0.33829058727184425,2.5148873606571938,1.3742957276220558,0.033174343769989324,0.2650082982714114,0.03395432821774317,0.3714649310418336,2.7798956589286052,1.408250055839799,False,False,False
1790736109.7111893,APPROACH,0.00999493,0.0036558719998538436,0.34542505732405093,0.5193376906325504,0.6908993404359287,0.01854734972222411,0.027090797202814244,0.036713134015927365,0.3457264385393602,0.5185382586923045,0.6914524253025224,0.018185904589096705,0.02755876827889872,0.0363742694793417,0.37031165806193855,2.778478480627267,1.40739977925366,CONTROL,4.479999999999949,1790736109711189192,1790736109715204578,24017,912491000000,1790736109711054517,1,1,0,0.0013643209999827377,31,0.0,0.0,8.754594165671898e-05,0.010000000000000002,0.3381432336551162,2.516083166716075,1.3746817004741703,0.03216842440682231,0.26239531391119236,0.032718078779489755,0.37031165806193855,2.778478480627267,1.40739977925366,False,False,False
1790736109.7211733,APPROACH,0.009983989,0.0021241440003905154,0.345608086837192,0.5196031378273451,0.6912622839011857,0.018060254738981613,0.02605203924119172,0.035847879631380065,0.3459052186096519,0.5188091805211261,0.6918100096295745,0.017571353954869945,0.026627483368580892,0.03514508507069443,0.36929916842684374,2.778533986272491,1.4070056627015943,CONTROL,4.489999999999949,1790736109721173312,1790736109723610260,24037,912501000000,1790736109720772020,1,1,0,0.0008405960002164647,31,0.0,0.0,8.74051302678647e-05,0.010000000000000002,0.3380072388074537,2.5172534469535313,1.3750609535631673,0.03129192961939004,0.26128053931896006,0.03194470913842703,0.36929916842684374,2.778533986272491,1.4070056627015943,False,False,False
1790736109.7312725,APPROACH,0.010099409,0.002099737000207824,0.34578557619319295,0.5198585724042353,0.691614502308942,0.01743071763175739,0.025137163881053894,0.03453856863548058,0.3460778907746431,0.51907084648115,0.6921553773197106,0.01696435020294775,0.025707634940822437,0.033930995447644996,0.3692842170776905,2.7800374501083476,1.40762719616422,CONTROL,4.4999999999999485,1790736109731272470,1790736109733667939,24057,912511000000,1790736109730494453,1,1,0,0.0008379609998883097,31,0.0,0.0,8.755228324335328e-05,0.010000000000000002,0.3378825148265623,2.5183986736500072,1.3754336617644387,0.031401702251128184,0.2616387764583404,0.032193534399781225,0.3692842170776905,2.7800374501083476,1.40762719616422,False,False,False
1790736109.7412033,APPROACH,0.009930959000000001,0.002009496000027866,0.34596469992211,0.5201176703464272,0.6919688604393577,0.016719398312070723,0.024269765032478803,0.03303660120388946,0.3462445313047117,0.5193233721518712,0.6924886809240047,0.016365053778384864,0.024799466132722395,0.03273232152200888,0.36843368864541054,2.778593710381751,1.4071298293728254,CONTROL,4.509999999999948,1790736109741203309,1790736109743462178,24078,912521500000,1790736109740734058,1,1,0,0.0008242349999818543,31,0.0,0.0,8.657759118388912e-05,0.010000000000000002,0.3377689710257266,2.519519323906374,1.375799999491177,0.030664717619683906,0.25907438647537717,0.031329829881648355,0.36843368864541054,2.778593710381751,1.4071298293728254,False,False,False
1790736109.7511668,APPROACH,0.00996342,0.0028222099999766215,0.34612851803280265,0.5203553353812698,0.6922925024255977,0.016081451698260054,0.0232618716268085,0.031797578419451786,0.3464052180787094,0.5195668755502526,0.6928100762106962,0.015773625930470714,0.023903221300110338,0.03154938581417974,0.36914433295222304,2.7817413573099214,1.4083995433228036,CONTROL,4.519999999999948,1790736109751166809,1790736109754318955,24098,912531500000,1790736109750740049,1,1,0,0.001062547000401537,31,0.0,0.0,8.730547089818381e-05,0.010000000000000002,0.3376665139377011,2.5206158797364715,1.3761601407586268,0.03147781901452198,0.2611254775734497,0.032239402564176865,0.36914433295222304,2.7817413573099214,1.4083995433228036,False,False,False
1790736109.761546,APPROACH,0.010380061000000001,0.002536116000101174,0.3462862115158929,0.5205823421303055,0.6926045724753727,0.015488216352718114,0.022240244872046358,0.03066422531351199,0.34656003059199914,0.519801477142905,0.6931197221812658,0.015190228712731409,0.02301914601754941,0.03038251245313338,0.3698456127813975,2.785177741811602,1.4097015003984201,CONTROL,4.529999999999948,1790736109761545698,1790736109764681343,24118,912541500000,1790736109760883301,1,1,0,0.001030917999742087,31,0.0,0.0,8.779393019001951e-05,0.010000000000000002,0.33757504731875915,2.521688828160964,1.3765142592497206,0.03227056546263834,0.2634889136506381,0.033187241148699455,0.3698456127813975,2.785177741811602,1.4097015003984201,False,False,False
1790736109.7712219,APPROACH,0.009674432,0.00211262099992382,0.34641562446013374,0.5207679682314295,0.6928608470831779,0.014979764637351279,0.02154193826501074,0.029661242269187014,0.3467090499645016,0.5200272998582801,0.693417781086529,0.014615024982928972,0.022147487078335158,0.029232027176426253,0.3729656761181202,2.7940515104888615,1.4135453544239531,CONTROL,4.539999999999948,1790736109771221803,1790736109773642210,24135,912550000000,1790736109771108778,1,1,0,0.0008506049998686649,31,0.0,0.0,9.0330144609887e-05,0.010000000000000002,0.33749447215288636,2.5227386613024905,1.3768625283820508,0.03547120396523386,0.2713128491863711,0.0366828260419023,0.3729656761181202,2.7940515104888615,1.4135453544239531,False,False,False
1790736109.7812407,APPROACH,0.010018635000000001,0.0021130619998075417,0.3465478629066645,0.5209599428704959,0.6931228548216075,0.014462497515389482,0.021236742252288214,0.028657558082387298,0.3468523589487354,0.5202444690988551,0.6937044184427184,0.014048178403061608,0.021288492494495933,0.028098257330195976,0.37314414528057205,2.793579224227125,1.4135307761156046,CONTROL,4.549999999999947,1790736109781240498,1790736109783664101,24153,912559000000,1790736109781122274,1,1,0,0.0008365490002688603,31,0.0,0.0,8.963313373001091e-05,0.010000000000000002,0.3374246866561303,2.5237658764819644,1.377205121376102,0.03571945862444174,0.26981334774516064,0.036325654739502625,0.37314414528057205,2.793579224227125,1.4135307761156046,False,False,False
1790736109.791216,APPROACH,0.009975433,0.0019850389999191975,0.3467045480422062,0.5211914355986815,0.6934326907560693,0.014085238047042542,0.020800146775586288,0.027809716581818137,0.3469900419378608,0.5204531127533218,0.6939798030475717,0.013489853439362962,0.02044241149679178,0.026981531869159837,0.366290832252945,2.7770340993947777,1.4063979108945905,CONTROL,4.559999999999947,1790736109791215901,1790736109793500570,24174,912570000000,1790736109791118056,1,1,0,0.0008005810000213387,30,0.0,0.0,9.83858128154884e-05,0.010000000000000002,0.33736558628110497,2.5247709763159873,1.3775422113246798,0.02892524597184007,0.2522631230787903,0.02885569956991078,0.366290832252945,2.7770340993947777,1.4063979108945905,False,False,False
1790736109.801184,APPROACH,0.00996823,0.0020001580001007824,0.34683031807980935,0.5213740709906913,0.6936799607941526,0.01384462876748769,0.019621244688046498,0.02713834851521716,0.34712218497372127,0.520653361208773,0.6942441069964161,0.012940215362302346,0.019609494534714757,0.025882181356615273,0.36720166070218185,2.7846833599128438,1.409324728371939,CONTROL,4.569999999999947,1790736109801183760,1790736109803432641,24192,912579000000,1790736109799775255,1,1,0,0.000822672000140301,31,0.0,0.0,8.687975755709775e-05,0.010000000000000002,0.3373170637216514,2.5257544688152884,1.3778739712634807,0.029884596980530476,0.2589288910975552,0.03145075710845836,0.36720166070218185,2.7846833599128438,1.409324728371939,False,False,False
1790736109.8112733,APPROACH,0.010089069,0.002098545000080776,0.34698575138395604,0.5215894095167686,0.6939862660889164,0.013035744082508918,0.01817369881378882,0.026030567695097498,0.3472488757548884,0.5208453473628932,0.6944975056982594,0.012399430246584759,0.018789993276488996,0.024800537964439887,0.367232215096282,2.785439192555738,1.408992532803841,CONTROL,4.579999999999947,1790736109811273120,1790736109813692835,24215,912590500000,1790736109811141420,1,1,0,0.0008226130003095022,31,0.0,0.0,8.671808730985401e-05,0.010000000000000002,0.3372790089176454,2.526716867484086,1.3782005742427172,0.029953206178636633,0.25872232507165194,0.030791958561123815,0.367232215096282,2.785439192555738,1.408992532803841,False,False,False
1790736109.8211474,APPROACH,0.009874391000000001,0.002045594999799505,0.34711152322325667,0.5217678076360501,0.6942380748074011,0.012148166643962116,0.01761145132052655,0.02426317317869515,0.3473702036446989,0.5210292066361383,0.6947401778918643,0.011867664971151872,0.01798416060907217,0.02373693547309343,0.369132179306992,2.7875940804752393,1.4104079029756973,CONTROL,4.589999999999947,1790736109821147411,1790736109823525998,24235,912600500000,1790736109820690103,1,1,0,0.0008419890000368468,31,0.0,0.0,8.705409675613995e-05,0.010000000000000002,0.33725130905997164,2.527658691420262,1.3785221933997251,0.03188087024702037,0.259935389054977,0.03188570957597204,0.369132179306992,2.7875940804752393,1.4104079029756973,False,False,False
1790736109.8312218,APPROACH,0.010074241000000001,0.0019674959999065322,0.3472360436799349,0.5219487757090349,0.6944836639064973,0.011676089467617484,0.016809210830679114,0.02279569846398015,0.34748625967930047,0.5212050769839278,0.6949723056618424,0.011345087219181284,0.01719225063815438,0.022691709271616317,0.3681791930752251,2.787798756816425,1.4108934360759005,CONTROL,4.599999999999946,1790736109831221762,1790736109833416830,24256,912611000000,1790736109831005231,1,1,0,0.0008124430000862048,31,0.0,0.0,8.65038867039636e-05,0.010000000000000002,0.3372338485956427,2.5285804654163546,1.3788390020325092,0.03094534447958241,0.2592182914000706,0.032054434043391165,0.3681791930752251,2.787798756816425,1.4108934360759005,False,False,False
1790736109.8411791,APPROACH,0.009957279000000001,0.001990629999909288,0.34735126080989964,0.522111618936961,0.6947071751397131,0.01094483246994938,0.015807285406103534,0.022072392694893545,0.3475971365756952,0.5213730989088344,0.6951940744547411,0.010831865478085281,0.01641451868815627,0.02166519635762713,0.37007263779108424,2.7909435750108558,1.411708251409624,CONTROL,4.609999999999946,1790736109841179081,1790736109843408224,24274,912621000000,1790736109840855316,1,1,0,0.0008191559995793796,31,0.0,0.0,8.722613957741655e-05,0.010000000000000002,0.3372265092330697,2.5294827200611603,1.3791511736741102,0.03284612855801456,0.2614608549496954,0.03255707773551368,0.37007263779108424,2.7909435750108558,1.411708251409624,False,False,False
1790736109.8511891,APPROACH,0.010010269,0.0020056479997947463,0.34746203547147747,0.5222652028164338,0.6949233218784641,0.005856788709619146,0.015297200287165602,0.021263573159609115,0.34770292873978165,0.5215334154727699,0.6954056730951295,0.010328169039512568,0.015651221302231663,0.020657735337326105,0.398808424974024,2.8035204673266074,1.4141498672155186,CONTROL,4.619999999999946,1790736109851188929,1790736109853445585,24294,912631000000,1790736109850909869,1,1,0,0.0008158800001183408,31,0.0,0.0,9.009835852727272e-05,0.010000000000000002,0.33722916994749025,2.53036599184192,1.379458882167744,0.06157925502653379,0.2731544754846877,0.03469098504777455,0.398808424974024,2.8035204673266074,1.4141498672155186,False,False,False
1790736109.8613896,APPROACH,0.010200921,0.0023858509998717636,0.34755808526971954,0.5223933956051114,0.695092163513396,0.017194561067937153,0.01461290445293785,0.018930949667967132,0.34780373227439154,0.5216861723091646,0.695607293801672,0.00983416799934804,0.014902616242267172,0.019669666425494635,0.3252360076817453,2.775990900453937,1.411181090871683,CONTROL,4.629999999999946,1790736109861389670,1790736109864104586,24311,912639500000,1790736109859296445,1,1,0,0.0009491330001765164,30,0.0,0.0,9.447951489691065e-05,0.010000000000000002,0.33724170698655354,2.5312308232469234,1.3797623017426037,-0.012005699304808189,0.24476007720701357,0.03141878912907935,0.3252360076817453,2.775990900453937,1.411181090871683,False,False,False
1790736109.871195,APPROACH,0.0098051,0.002604124999834312,0.347701801767359,0.5225640597589383,0.6952958255085204,0.0045072635020973655,0.015291276189703345,0.017266607524308152,0.34789964498734033,0.5218315176351673,0.695799132203232,0.009350033257713247,0.014168962488882973,0.018701331445496253,0.3930777198633779,2.7928795696091218,1.4127762251303677,CONTROL,4.6399999999999455,1790736109871194810,1790736109874134733,24334,912651000000,1790736109870861006,1,1,0,0.0010048489998553123,31,0.0,0.0,8.860753729703701e-05,0.010000000000000002,0.3372639938760372,2.5320777628685622,1.3800616070902907,0.055813725987340704,0.2608018067405594,0.03271461804007709,0.3930777198633779,2.7928795696091218,1.4127762251303677,False,False,False
1790736109.8811731,APPROACH,0.009977898,0.0023322090000874596,0.34778305532038534,0.5227095970471831,0.6954692523828094,0.012008154871859121,0.012935403648054396,0.018804344053903604,0.347990766399465,0.521969602263825,0.6959813873549471,0.008875936518963694,0.013450520241428652,0.01775307382927119,0.3467421872498936,2.7755117718288207,1.4070568498057467,CONTROL,4.649999999999945,1790736109881172948,1790736109883793805,24354,912661000000,1790736109880780774,1,1,0,0.0009334020001006138,30,0.0,0.0,9.304199958620946e-05,0.010000000000000002,0.337295901425732,2.5329073655065555,1.3803569734417263,0.009446285824161568,0.24260440632226518,0.026699876364020457,0.3467421872498936,2.7755117718288207,1.4070568498057467,False,False,False
1790736109.8911939,APPROACH,0.010020969000000001,0.0024211579998336674,0.34786516224339525,0.5228216397660033,0.6956275528444489,0.010554868478608561,0.013161504647927971,0.01712226602828122,0.3480771977526689,0.5221005796162744,0.6961542617543204,0.008412050291691555,0.012747550917987347,0.016825238617341816,0.35049879328276756,2.772986768196875,1.40670278547198,CONTROL,4.659999999999945,1790736109891193908,1790736109893890138,24372,912670000000,1790736109889611733,1,1,0,0.0009377510000376788,30,0.0,0.0,9.570662212487219e-05,0.010000000000000002,0.33733729773545545,2.5337201922713635,1.380648576644503,0.013161495547312132,0.23926657592551165,0.02605420882747702,0.35049879328276756,2.772986768196875,1.40670278547198,False,False,False
1790736109.9011583,APPROACH,0.009964082,0.002512300000034884,0.34792658867587534,0.522955248864073,0.6958083094432186,-0.0022912300718550037,0.007801311918953468,0.015665832505929442,0.3481590420179579,0.5222246057339198,0.6963179613572945,0.007958547888724936,0.012060317155374627,0.015918172458811164,0.4522441973021255,2.8841779917658896,1.444827916661459,CONTROL,4.669999999999945,1790736109901158250,1790736109904189115,24393,912681500000,1790736109901034264,1,1,0,0.0010111500000675733,32,0.0,0.0,9.616526943254597e-05,0.010000000000000002,0.3373880482012288,2.5345168106876086,1.3809365932405624,0.11485614910089667,0.3496611810782809,0.06389132342089657,0.4522441973021255,2.8841779917658896,1.444827916661459,False,False,False
1790736109.9111297,APPROACH,0.009971526000000001,0.002379990000008547,0.3480012867540623,0.5230786408512591,0.6959508211849426,0.009653547704633142,0.013344963061487384,0.013087093529822602,0.3482364039034911,0.5223418392906332,0.6964726955943532,0.007515603427128107,0.011389082809138851,0.015032223611363417,0.35068841261797273,2.765860328321375,1.4063437470117146,CONTROL,4.679999999999945,1790736109911129725,1790736109913762806,24413,912691500000,1790736109911005259,1,1,0,0.000951878000250872,29,0.0,0.0,9.585726151839823e-05,0.010000000000000002,0.3374480155215696,2.5352977947974695,1.3812212005441216,0.013240397096403102,0.23056253352390527,0.025122546467593116,0.35068841261797273,2.765860328321375,1.4063437470117146,False,False,False
1790736109.921237,APPROACH,0.010107383000000001,0.002465842000219709,0.3481216841614936,0.523214343190249,0.6960766437848318,0.01134566356325924,0.013253407523554077,0.01196524051120194,0.3483093898626194,0.5224524416049352,0.6966186773865997,0.007083391828201032,0.01073411295356043,0.014167741941262921,0.32627050538525254,2.739569268909686,1.397938731552918,CONTROL,4.689999999999944,1790736109921237059,1790736109923964208,24433,912701500000,1790736109920969080,1,1,0,0.0009204779998981394,29,0.0,0.0,9.873037907957212e-05,0.010000000000000002,0.33751705970393897,2.5360637252638365,1.3815025767197402,-0.011246554318686432,0.20350554364584938,0.016436154833177726,0.32627050538525254,2.739569268909686,1.397938731552918,False,False,False
1790736109.931183,APPROACH,0.009946038,0.0020044460002281994,0.34820119155340024,0.5233305496334886,0.6961930395254288,-0.0025040927833999372,0.0066967890006755185,0.012124289637431977,0.34837810810192704,0.5225565766521821,0.6967561231618415,0.006662088817478604,0.010095673881650702,0.013325078923352699,0.43559954418901636,2.863547836424048,1.439549799563105,CONTROL,4.699999999999944,1790736109931183197,1790736109933416047,24453,912711500000,1790736109930907022,1,1,0,0.000852870000016992,32,0.0,0.0,9.164923858174165e-05,0.010000000000000002,0.3375950380713148,2.5368151894731605,1.3817809008604305,0.09800450611770159,0.3267326469508875,0.05776889870267445,0.43559954418901636,2.863547836424048,1.439549799563105,False,False,False
1790736109.9411366,APPROACH,0.009953241,0.0020412059998307086,0.3482753682532138,0.5234449508350654,0.6962978601940093,0.011573260881623778,0.01217822917623498,0.010453692067344448,0.34844266858927303,0.522654411076751,0.6968852528706737,0.006251870924734125,0.009474033105157178,0.012504587641061389,0.3182416048252366,2.7324203966887777,1.3963211780497362,CONTROL,4.709999999999944,1790736109941136508,1790736109943486971,24473,912721500000,1790736109941026990,1,1,0,0.0007779970001138281,28,0.0,0.0,9.673714712764003e-05,0.010000000000000002,0.3376818052689012,2.537552781637873,1.3820563530657213,-0.019440200443664585,0.19486761505090486,0.014264824984014893,0.3182416048252366,2.7324203966887777,1.3963211780497362,False,False,False
1790736109.951133,APPROACH,0.009996463,0.002164970999729121,0.34836369211692286,0.523562136635717,0.6963866316199643,0.011753550162501904,0.013492161401989795,0.007713152838036922,0.3485031830618382,0.522746114204235,0.6970062900025745,0.005852915483973599,0.008869459354554908,0.011706622786391837,0.30130303251092094,2.702087227543377,1.38758370604449,CONTROL,4.719999999999944,1790736109951132871,1790736109953711197,24493,912731500000,1790736109951021800,1,1,0,0.0008201780001400039,28,0.0,0.0,9.96030556640107e-05,0.010000000000000002,0.3377772132709406,2.5382771028982516,1.3823291145195669,-0.03647418076001967,0.16381012464512548,0.005254591524923086,0.30130303251092094,2.702087227543377,1.38758370604449,False,False,False
1790736109.9612296,APPROACH,0.010096783,0.002055394000308297,0.34838169929048846,0.5236498711484865,0.6964676317551386,-0.0021219910895489036,0.007244824967287951,0.006827274227106472,0.34855976503416425,0.5228318580536243,0.6971194616019842,0.005465400633441196,0.008282222579054754,0.010931540659932017,0.41572708056854624,2.833168068963312,1.4331432755495583,CONTROL,4.729999999999944,1790736109961229694,1790736109963554229,24513,912741500000,1790736109961001872,1,1,0,0.000822451999738405,31,0.0,0.0,9.839949025966416e-05,0.010000000000000002,0.3378811113876689,2.538988761423575,1.3825993675679933,0.0778459691808773,0.2941793075397372,0.05054390798156504,0.41572708056854624,2.833168068963312,1.4331432755495583,False,False,False
1790736109.9711943,APPROACH,0.009964413,0.0019274200003565056,0.34838701727854904,0.5237263878748148,0.6965298733957757,0.011356531770885267,0.012325741882012372,0.004600455897666439,0.34861252980619445,0.5229118173494924,0.6972249982843879,0.005089505315615024,0.007712593946596995,0.010179699170846589,0.3115870322328368,2.723632063741209,1.3988532328569139,CONTROL,4.739999999999943,1790736109971194147,1790736109973364969,24533,912751500000,1790736109970970171,1,1,0,0.0007509160000154225,28,0.0,0.0,9.243250439571764e-05,0.010000000000000002,0.3379933462723655,2.5396883725124426,1.3828672957963701,-0.02640631403952869,0.18394369122876658,0.015985937060543683,0.3115870322328368,2.723632063741209,1.3988532328569139,False,False,False
1790736109.981259,APPROACH,0.010064782000000001,0.0020388220000313595,0.34840578779551823,0.5238047525137066,0.696569920300576,-0.002049001567470572,0.007356019807583858,0.003017593705162535,0.3486615944713192,0.5229861695341875,0.6973231342524074,0.004725409277211104,0.007160845843857332,0.009451457836884839,0.415465725300925,2.835217194191092,1.4382254031772526,CONTROL,4.749999999999943,1790736109981258960,1790736109983636454,24552,912761000000,1790736109981151906,1,1,0,0.0008306679997076571,31,0.0,0.0,9.971543890957568e-05,0.010000000000000002,0.3381137619285155,2.540376558692174,1.3831330841062175,0.07735196337240953,0.29484063549891804,0.055092319071035165,0.415465725300925,2.835217194191092,1.4382254031772526,False,False,False
1790736109.9911942,APPROACH,0.009935287000000001,0.0019252659999438038,0.34841137278801515,0.5238802470006156,0.6966081287759276,0.01131713967058597,0.012054042512628826,0.0032898187028077615,0.3487070779244168,0.5230550947800172,0.6974141073118841,0.004373293069180148,0.006627251876242021,0.00874717778437423,0.3101924903073459,2.716937175788447,1.3977591337464492,CONTROL,4.759999999999943,1790736109991194226,1790736109993356322,24572,912771000000,1790736109990983436,1,1,0,0.0007563859999208944,28,0.0,0.0,8.877726773460175e-05,0.010000000000000002,0.3382421997170622,2.54105394981706,1.3833969187914061,-0.02804970940971627,0.1758832259713871,0.01436221495504303,0.3101924903073459,2.716937175788447,1.3977591337464492,False,False,False
1790736110.0011835,APPROACH,0.009989350000000001,0.00219762400001855,0.348428352852169,0.5239589380125027,0.6966412824420343,-0.0021043350091587945,0.0069350832090569366,0.0021699817186852455,0.3487491008698979,0.5231187760014401,0.6974981588879693,0.00403333804670929,0.006112086867890488,0.008067221748223882,0.4134412091647992,2.8256271326591533,1.4354242651437508,CONTROL,4.769999999999943,1790736110001183536,1790736110003655340,24592,912781000000,1790736110000884969,1,1,0,0.0008281619998342649,31,0.0,0.0,9.710232155488526e-05,0.010000000000000002,0.33837849836375317,2.541721183165415,1.3836589876136633,0.07506271080104605,0.283905949493738,0.051765277530087334,0.4134412091647992,2.8256271326591533,1.4354242651437508,False,False,False
1790736110.011235,APPROACH,0.010051458000000001,0.002602231999844662,0.3484225571323032,0.5240180600631295,0.6966612748431928,-0.002116579960991401,0.005726631959969586,0.0024015588244766925,0.3487877858297453,0.5231773988672475,0.6975755340412035,0.003705726369219608,0.005615626861671577,0.007411954071919593,0.42124772149345857,2.841271308067547,1.4413905083819105,CONTROL,4.7799999999999425,1790736110011234773,1790736110014235391,24609,912789500000,1790736110010957867,1,1,0,0.0009789490000002843,31,0.0,0.0,9.089396953160804e-05,0.010000000000000002,0.33852249396656775,2.542378903535198,1.3839194798772425,0.08272522752689081,0.29889240453234883,0.057471028504667954,0.42124772149345857,2.841271308067547,1.4413905083819105,False,False,False
1790736110.0211933,APPROACH,0.009958761,0.0024596910002401273,0.34846936355646374,0.5241029505023711,0.6966802498684426,-0.0024033761970745056,0.005247542435692934,0.002247410623035205,0.3488232571515552,0.5232311518127507,0.6976464814836022,0.0033906410003710845,0.00513814911919107,0.006781740707533783,0.4189527751681972,2.835212200432191,1.4393837857961034,CONTROL,4.789999999999942,1790736110021193154,1790736110023956822,24629,912799500000,1790736110020565292,1,1,0,0.0009844799997154041,31,0.0,0.0,9.030472823476041e-05,0.010000000000000002,0.33867402000321606,2.5430277633381064,1.3841785865026444,0.08027875516498113,0.29218443709408487,0.05520519929345907,0.4189527751681972,2.835212200432191,1.4393837857961034,False,False,False
1790736110.0312538,APPROACH,0.010060024,0.0025365070000589185,0.3485871693605951,0.524224338039371,0.6967005767146239,0.011294175686782192,0.011603767077987204,0.0016954590273746111,0.34885564101658467,0.5232802260519753,0.6977112535947498,0.0030882657080578925,0.0046799321207845355,0.006176949215716049,0.28828098303302657,2.6707058995116553,1.3824853278200686,CONTROL,4.799999999999942,1790736110031253689,1790736110034091117,24651,912810500000,1790736110031125866,1,1,0,0.0009384429999954591,26,0.0,0.0,9.484569689022998e-05,0.010000000000000002,0.338832907338687,2.543668422692012,1.3844365000992818,-0.05055192430566043,0.1270374768196434,-0.001951172279213155,0.28828098303302657,2.6707058995116553,1.3824853278200686,False,False,False
1790736110.0411892,APPROACH,0.009935668,0.00231548700003259,0.3486927679293448,0.5243342026780242,0.6967167323122214,0.011307820566524447,0.011069255980870872,0.0014307395267814105,0.3488850654477891,0.5233248155898412,0.6977701064378768,0.002798785064409639,0.004241255565519218,0.005597948765695659,0.2729235168266781,2.6478370161727485,1.3744804471110914,CONTROL,4.809999999999942,1790736110041189246,1790736110043772612,24671,912820500000,1790736110040904776,1,1,0,0.0009446839999327494,27,0.0,0.0,8.68037126701052e-05,0.010000000000000002,0.3389989842328635,2.5443015495115002,1.3846934150369317,-0.06607546740618542,0.10353546666124812,-0.010212967925840194,0.2729235168266781,2.6478370161727485,1.3744804471110914,False,False,False
1790736110.0511618,APPROACH,0.009972478,0.0025331909996566537,0.3486990795938505,0.524401155475716,0.6967202922797324,-0.001779318812691258,0.005257755507563182,5.866844404134319e-05,0.3489116603178672,0.5233651172343537,0.6978232997759508,0.0025223844457928505,0.003822400371196289,0.005045110135284523,0.37969925379851693,2.7706055272098475,1.4183477213413973,CONTROL,4.819999999999942,1790736110051161524,1790736110053978894,24691,912830500000,1790736110050812862,1,1,0,0.0011197160001756856,30,0.0,0.0,9.31091344480319e-05,0.010000000000000002,0.3391720763481599,2.5449278195964276,1.384949527515865,0.04052717745035705,0.22567770761341982,0.03339819382553238,0.37969925379851693,2.7706055272098475,1.4183477213413973,False,False,False
1790736110.0611873,APPROACH,0.010025187000000001,0.0024585790001765417,0.34869181102742086,0.5244578045630641,0.6967206573967135,-0.0013654945092038521,0.004003362888419259,5.137021518657539e-05,0.3489355573573012,0.5234013306087882,0.6978710970877575,0.002259250032809485,0.0034236486743485935,0.004518805710874215,0.383109396687541,2.782060210070878,1.4232590037075141,CONTROL,4.8299999999999415,1790736110061186992,1790736110063970668,24712,912841000000,1790736110061052497,1,1,0,0.0009541720000925125,29,0.0,0.0,9.999176375161738e-05,0.010000000000000002,0.339352006757195,2.5455479167182915,1.3852050356355174,0.043757389930346016,0.2365122933525864,0.03805396807199668,0.383109396687541,2.782060210070878,1.4232590037075141,False,False,False
1790736110.0712028,APPROACH,0.01001575,0.0027577070000006643,0.3487172162570422,0.5245167003892144,0.6967208715488957,-0.0017107133815211708,0.004331651038482065,6.722588609041694e-05,0.34895689016240206,0.5234336581638809,0.6979137655839924,0.0020095688102969326,0.003045283830240646,0.004019409487435975,0.3793084712394025,2.7668723118632013,1.4174521682332466,CONTROL,4.839999999999941,1790736110071202632,1790736110074294102,24732,912851000000,1790736110070925255,1,1,0,0.001101522000226396,29,0.0,0.0,9.506560606081247e-05,0.010000000000000002,0.3395385959504678,2.546162532704291,1.3854601394615726,0.03976987528893465,0.2207097791589103,0.03199202877167386,0.3793084712394025,2.7668723118632013,1.4174521682332466,False,False,False
1790736110.0812018,APPROACH,0.009999058,0.0022575369998776296,0.348763462598046,0.524587090567147,0.6967209547025068,-0.0022357180028880156,0.0038730620412889723,6.428914569253999e-05,0.3489757942033496,0.5234623051900135,0.6979515762233426,0.0017735285673287598,0.002687590412869763,0.0035472970685221975,0.3768024911878824,2.758399824549569,1.4143230602499826,CONTROL,4.849999999999941,1790736110081201640,1790736110083917186,24752,912861000000,1790736110080968637,1,1,0,0.0009184639998238708,29,0.0,0.0,9.242550243368101e-05,0.010000000000000002,0.33973166184404063,2.546772367518834,1.3857150410912993,0.03707082934384174,0.211627457030735,0.028608019158683308,0.3768024911878824,2.758399824549569,1.4143230602499826,False,False,False
1790736110.0911841,APPROACH,0.009982347,0.0019388720002098125,0.3488104398444225,0.5246442638445759,0.6967210035601377,0.011638038075900232,0.009075257287354303,-8.390424482621756e-05,0.34899240683223537,0.5234874798294009,0.6979848037285729,0.0015513178972157008,0.0023508542149675623,0.003102845666268416,0.25728720253184895,2.6215186663176118,1.3677712651476062,CONTROL,4.859999999999941,1790736110091184227,1790736110093416626,24766,912869000000,1790736110090769689,1,1,0,0.0006853810000393423,24,0.0,0.0,8.797558227359686e-05,0.010000000000000002,0.33993101978719287,2.547378129342386,1.3859699447170264,-0.08264381725534391,0.07414053697522596,-0.018198679569420166,0.25728720253184895,2.6215186663176118,1.3677712651476062,False,False,False
1790736110.1012185,APPROACH,0.010034125000000001,0.001979048000066541,0.3488280684382232,0.5246978520106609,0.6967213668730463,-0.0017371452293049364,0.004031033959705252,5.670970100952804e-05,0.34900686729110625,0.523509393088281,0.6980137266026145,0.0013431261975016895,0.0020353622479939537,0.0026864341013853646,0.35671382953658437,2.7202449312904533,1.4003112021064597,CONTROL,4.869999999999941,1790736110101218432,1790736110103451242,24787,912879500000,1790736110101006920,1,1,0,0.0007841189999453491,29,0.0,0.0,8.9722984772175e-05,0.010000000000000002,0.3401364825700494,2.547980534647453,1.3862250566876013,0.016577346966534966,0.1722643966430004,0.014086145418858319,0.35671382953658437,2.7202449312904533,1.4003112021064597,False,False,False
1790736110.1112127,APPROACH,0.009994138000000001,0.0019069609998041415,0.34880516244745685,0.5247407385780507,0.6967216353245385,-0.0011507389359001188,0.003943196612548479,1.980582754453411e-05,0.34901931672000325,0.5235282588490957,0.6980386271446439,0.0011491436699685728,0.0017414027421442757,0.002298442803168404,0.3551284326906623,2.7152857343309846,1.398701861384196,CONTROL,4.87999999999994,1790736110111212630,1790736110113362222,24808,912890000000,1790736110111115205,1,1,0,0.0007518180000261054,28,0.0,0.0,8.668295161786828e-05,0.010000000000000002,0.3403478604311602,2.5485803082714944,1.386480585567675,0.014780572259502096,0.1667054260594901,0.012221275816521035,0.3551284326906623,2.7152857343309846,1.398701861384196,False,False,False
1790736110.121228,APPROACH,0.01001543,0.0018875949999710429,0.3488033661534855,0.5247743648806162,0.6967219909492761,-0.0021205557998595233,0.0018997487830309159,5.9393251490705463e-05,0.34902989816501073,0.5235442938826894,0.6980597914661819,0.0009695613206333808,0.0014692651463451645,0.0019392538094920653,0.36660490633127096,2.737017720275947,1.406920033371325,CONTROL,4.88999999999994,1790736110121227879,1790736110123341303,24828,912900000000,1790736110121000337,1,1,0,0.0007421300001624331,28,0.0,0.0,9.952230557828222e-05,0.010000000000000002,0.34056496106499834,2.549178183486652,1.3867367421946935,0.026039945266272617,0.18783953678929508,0.020183291176631524,0.36660490633127096,2.737017720275947,1.406920033371325,False,False,False
1790736110.1311235,APPROACH,0.009895401,0.001908023000396497,0.34881644437657844,0.5248107459684279,0.6967223190609579,-0.002123219567695517,0.0020111523077223723,6.027564509730526e-05,0.34903875658628836,0.52355771786048,0.6980775095071589,0.0008045709597495677,0.0012192401282564312,0.0016092507668125288,0.36299082047963144,2.7267034852996,1.403110871855769,CONTROL,4.89999999999994,1790736110131123451,1790736110133266070,24849,912910500000,1790736110131026797,1,1,0,0.0007483109998247528,28,0.0,0.0,9.07805140468382e-05,0.010000000000000002,0.3407875896293925,2.5497749020659626,1.3869937397333918,0.022203230850238957,0.1769285832336378,0.016117132122377253,0.36299082047963144,2.7267034852996,1.403110871855769,False,False,False
1790736110.1412048,APPROACH,0.010082346,0.0025135930000033113,0.3488294824356428,0.524843379699659,0.6967225899782359,-0.0018195103810422953,0.0020784832866837834,5.6445399014345456e-05,0.34904603886612545,0.523568753366665,0.6980920750520248,0.0006543652018052758,0.0009916195742684319,0.0013088189301641534,0.3569004346328056,2.714874845527687,1.3988487532333627,CONTROL,4.90999999999994,1790736110141204795,1790736110144225842,24868,912920000000,1790736110140668617,1,1,0,0.0009653530000832689,28,0.0,0.0,8.68611654348163e-05,0.010000000000000002,0.3410155487528283,2.550371214346076,1.3872517937277096,0.01588488587997725,0.1645036311816109,0.011596959505653063,0.3569004346328056,2.714874845527687,1.3988487532333627,False,False,False
1790736110.1511564,APPROACH,0.009950406,0.0019093959999736398,0.34883927113529456,0.5248715406720237,0.6967228432695758,0.008524980465223831,0.006424113147707513,-7.462581440364786e-06,0.34905189381697405,0.5235776259103941,0.6981037857458158,0.0005191374655253194,0.0007866965895050739,0.0010383451631634432,0.26756781957396897,2.6069882831718867,1.3616433283063425,CONTROL,4.9199999999999395,1790736110151156153,1790736110153346502,24887,912929500000,1790736110151040233,1,1,0,0.0006542920000356389,23,0.0,0.0,8.77572580759683e-05,0.010000000000000002,0.3412486385416421,2.5509678792860306,1.3875111221498844,-0.07368081896767316,0.05602040388585611,-0.025867793843541945,0.26756781957396897,2.6069882831718867,1.3616433283063425,False,False,False
1790736110.161213,APPROACH,0.010057008000000001,0.002062997999928484,0.3488241052769645,0.5248915130239409,0.6967233263641446,-0.004344305215769879,0.0013655063505939617,1.7364520155051374e-05,0.349056472189495,0.5235845639379628,0.6981129431102481,0.00039908197387019295,0.0006047654978223134,0.0007982179380070655,0.3685299635888991,2.7123464106708184,1.3969724923349098,CONTROL,4.929999999999939,1790736110161212901,1790736110163579916,24908,912940000000,1790736110160981291,1,1,0,0.0007684699999117584,28,0.0,0.0,9.673941912917756e-05,0.010000000000000002,0.34148665658705935,2.551565664522086,1.3877719454466297,0.02704330700183974,0.16078074614873267,0.00920054688828013,0.3685299635888991,2.7123464106708184,1.3969724923349098,False,False,False
1790736110.1711528,APPROACH,0.009940086,0.0019486599999254395,0.3487701643935974,0.5249059120281236,0.6967234991250586,-0.0027084186062308903,0.00222171343277276,1.8381385648329066e-05,0.34905992668060126,0.5235897988450003,0.6981198525598054,0.0002943937540358227,0.00044612184180777806,0.0005888273354713525,0.36038250893646534,2.697237036057468,1.3916689302177272,CONTROL,4.939999999999939,1790736110171152696,1790736110173383252,24928,912950000000,1790736110170710516,1,1,0,0.0007317199997487478,27,0.0,0.0,8.646873641906814e-05,0.010000000000000002,0.34172939797205915,2.5521653464183,1.3880344865821979,0.018653110964406194,0.14507168963916836,0.0036344436355293668,0.36038250893646534,2.697237036057468,1.3916689302177272,False,False,False
1790736110.1811507,APPROACH,0.009997235,0.00223352100010743,0.3487637731112372,0.5249250443380502,0.6967237828229105,-0.002134819938951106,-0.00010587726146453784,5.725785231616102e-05,0.3490624119414975,0.523593564988654,0.6981248234178193,0.00020526863745604722,0.00031106238278452654,0.00041056504491726343,0.3641873610261719,2.7208292009857797,1.4014093503592768,CONTROL,4.949999999999939,1790736110181150542,1790736110183669475,24949,912960500000,1790736110181033590,1,1,0,0.0008026850000533159,28,0.0,0.0,8.93065908439502e-05,0.010000000000000002,0.3419766552780481,2.5527677101126547,1.388298971078163,0.0222107057481238,0.16806149087312522,0.013110379281113797,0.3641873610261719,2.7208292009857797,1.4014093503592768,False,False,False
1790736110.1913335,APPROACH,0.010183128000000001,0.001986533000035706,0.3487863159962368,0.5249473350160105,0.6967239125918261,-0.0018311638695897696,0.0008505315103942632,5.4983176561453594e-05,0.349064084585724,0.5235960996997774,0.698128168932558,0.0001319032597979047,0.00019988510080390717,0.0002638243642809585,0.3547116297011367,2.6985208445912474,1.3930918268137684,CONTROL,4.959999999999939,1790736110191333299,1790736110193673092,24969,912970500000,1790736110190923150,1,1,0,0.000740747000236297,27,0.0,0.0,8.919256165489221e-05,0.010000000000000002,0.34222821859131963,2.553373549558543,1.3885656270497655,0.012483411109817067,0.14514729503270452,0.004526199764002931,0.3547116297011367,2.6985208445912474,1.3930918268137684,False,False,False
1790736110.2011998,APPROACH,0.009866376000000001,0.0020054090000485303,0.3487989106117162,0.5249685651288241,0.6967242022980309,-0.0019641132790950756,0.0004737129856494395,5.5768278186009695e-05,0.3490651031972006,0.5235976432951213,0.6981302062933151,7.449506096485745e-05,0.00011288919465044398,0.00014900020008024826,0.35381888938046613,2.6962166841758917,1.3924114542934525,CONTROL,4.9699999999999385,1790736110201199525,1790736110203490165,24989,912980500000,1790736110200830053,1,1,0,0.0007566669996776909,27,0.0,0.0,8.988547453239218e-05,0.010000000000000002,0.3424838755092563,2.5539836675613636,1.3888346852386295,0.011335013871209842,0.14223301661452814,0.0035767690548230468,0.35381888938046613,2.6962166841758917,1.3924114542934525,False,False,False
1790736110.211772,APPROACH,0.010572447,0.002128232000359276,0.34880472890133873,0.5249807866863332,0.6967244826876366,0.006948285801462966,0.004676554238172901,6.102909102456591e-05,0.34906562833826404,0.5235984390895131,0.6981312566464863,3.3242285098528076e-05,5.037508184446748e-05,6.648906741806591e-05,0.2765523579897943,2.6001100341648375,1.3591131397629277,CONTROL,4.979999999999938,1790736110211771782,1790736110214202207,25005,912988500000,1790736110209732589,1,1,0,0.000728584000171395,22,0.0,0.0,8.961335659750854e-05,0.010000000000000002,0.34274341114628304,2.5545988758100036,1.3891063790416773,-0.06619105315648878,0.04551115835483379,-0.029993239278749615,0.2765523579897943,2.6001100341648375,1.3591131397629277,False,False,False
1790736110.2212455,APPROACH,0.009473109,0.0023589599995830213,0.3487915375831063,0.5249875896088927,0.6967249618669995,-0.0024598851227140934,0.000660062163082494,1.69652916011424e-05,0.3490658225577161,0.5235987334080524,0.6981316451116657,8.343980573242802e-06,1.2644398633846155e-05,1.6689089971553674e-05,0.35225166386507367,2.683605611577356,1.3877220085297943,CONTROL,4.989999999999938,1790736110221245362,1790736110223890755,25028,913000000000,1790736110221108983,1,1,0,0.0009677979996922659,27,0.0,0.0,9.348101169750407e-05,0.010000000000000002,0.34300660813950135,2.5552199949030197,1.3893809445360759,0.009245055725572325,0.12838561667433643,-0.001658936006281463,0.35225166386507367,2.683605611577356,1.3877220085297943,False,False,False
1790736110.2311766,APPROACH,0.009930969000000001,0.0023655820000385575,0.3487411591959324,0.5249883563749762,0.6967250380823411,-0.003557805923932599,0.0007946608941936783,1.6998521918513997e-05,0.3490658503988659,0.5235987755982988,0.6981317007977318,0.0,0.0,0.0,0.36503190927477963,2.690201633527432,1.3897580028122474,CONTROL,4.999999999999938,1790736110231176391,1790736110233829649,25048,913010000000,1790736110231046264,1,1,0,0.0009419890002391185,26,0.0,0.0,9.658889594361725e-05,0.010000000000000002,0.3432732466540087,2.5558478543692176,1.3896586205000057,0.021758662620770895,0.1343537791582144,9.938231224171288e-05,0.36503190927477963,2.690201633527432,1.3897580028122474,False,False,False
1790736110.241167,TRACK,0.009990492,0.0030606120003540127,0.348727395097435,0.5249976827255658,0.6967252793561882,-0.0015012964472246935,-0.0005431280484741296,4.856530510330718e-05,0.3490658503988659,0.5235987755982988,0.6981317007977318,0.0,0.0,0.0,0.3580292040289385,2.7006396407641056,1.3951028655985893,CONTROL,0.0,1790736110241166833,1790736110245361929,25068,913020000000,1790736110241033429,1,1,0,0.0009054800002559205,27,0.0,0.0,8.862927371277171e-05,0.010000000000000002,0.3432732466540104,2.5558478543692207,1.389658620500007,0.014755957374928148,0.1447917863948848,0.005444245098582214,0.3580292040289385,2.7006396407641056,1.3951028655985893,False,False,False
1790736110.2512088,TRACK,0.01004208,0.002348139000332594,0.3487443510651609,0.5250060772599898,0.696725537374848,-0.0020622020295665232,-0.0004999786652458297,5.6316414371201245e-05,0.3490658503988659,0.5235987755982988,0.6981317007977318,0.0,0.0,0.0,0.3595148819500837,2.698326876398921,1.3943017594105196,CONTROL,0.01,1790736110251208832,1790736110253836352,25088,913030000000,1790736110250941635,1,1,0,0.0009585410002728167,27,0.0,0.0,8.764073479147442e-05,0.010000000000000002,0.3432732466540104,2.5558478543692207,1.389658620500007,0.016241635296073288,0.14247902202970042,0.004643138910512687,0.3595148819500837,2.698326876398921,1.3943017594105196,False,False,False
1790736110.2611885,TRACK,0.009979451,0.002311809999810066,0.3487575758418924,0.5250182482142973,0.6967257703192824,-0.0017669582936111908,-6.758523989433595e-05,5.315837646047627e-05,0.3490658503988659,0.5235987755982988,0.6981317007977318,0.0,0.0,0.0,0.3535369761196565,2.6857389227255286,1.3898165555273971,CONTROL,0.02,1790736110261188333,1790736110263776949,25108,913040000000,1790736110260841755,1,1,0,0.0008369889997084101,26,0.0,0.0,9.49262643236558e-05,0.010000000000000002,0.3432732466540104,2.5558478543692207,1.389658620500007,0.010263729465646135,0.12989106835630798,0.00015793502739014175,0.3535369761196565,2.6857389227255286,1.3898165555273971,False,False,False
1790736110.271136,TRACK,0.009947600000000001,0.0024643699998705415,0.3487611450641923,0.5250243652683046,0.6967260796232462,-0.0018231303474066725,-0.0004894630316699877,5.217004664970421e-05,0.3490658503988659,0.5235987755982988,0.6981317007977318,0.0,0.0,0.0,0.3544828033686944,2.688518838720577,1.3911961253843117,CONTROL,0.03,1790736110271135873,1790736110273882599,25128,913050000000,1790736110270790327,1,1,0,0.0010296049999851675,26,0.0,0.0,9.699578059947077e-05,0.010000000000000002,0.3432732466540104,2.5558478543692207,1.389658620500007,0.011209556714684057,0.1326709843513564,0.001537504884304602,0.3544828033686944,2.688518838720577,1.3911961253843117,False,False,False
1790736110.2811909,TRACK,0.010054764,0.0024343230002159544,0.3487532330794556,0.5250230957130322,0.6967264900308723,-0.002109912321990683,-0.0008269312835201089,5.723385654969436e-05,0.3490658503988659,0.5235987755982988,0.6981317007977318,0.0,0.0,0.0,0.35822875700111656,2.6935078150585507,1.3932646327667233,CONTROL,0.04,1790736110281190748,1790736110283927896,25148,913060000000,1790736110280657315,1,1,0,0.0009403760000168404,26,0.0,0.0,9.900512098946354e-05,0.010000000000000002,0.3432732466540104,2.5558478543692207,1.389658620500007,0.0149555103471062,0.13765996068933029,0.003606012266716384,0.35822875700111656,2.6935078150585507,1.3932646327667233,False,False,False
1790736110.2912428,TRACK,0.010053311,0.002734402999976737,0.3487470053841859,0.5250215974690233,0.6967267611988395,-0.0020700011874287294,-0.0008412575808672287,5.6430838765272244e-05,0.3490658503988659,0.5235987755982988,0.6981317007977318,0.0,0.0,0.0,0.3586495822909834,2.6932982963605836,1.3934626586230228,CONTROL,0.05,1790736110291242856,1790736110294393700,25160,913066000000,1790736110288869830,1,1,0,0.0011462369998298527,26,0.0,0.0,9.778148997952057e-05,0.010000000000000002,0.3432732466540104,2.5558478543692207,1.389658620500007,0.015376335636973073,0.13745044199136272,0.0038040381230157313,0.3586495822909834,2.6932982963605836,1.3934626586230228,False,False,False
1790736110.301257,TRACK,0.010013205,0.002311018000000331,0.3487269600863474,0.5250156826946393,0.696727359960549,-0.0020119669572720403,-0.000519382384308158,5.5841193249167803e-05,0.3490658503988659,0.5235987755982988,0.6981317007977318,0.0,0.0,0.0,0.3588721150539324,2.689689364995946,1.3922409306002785,CONTROL,0.060000000000000005,1790736110301256823,1790736110303935760,25178,913076500000,1790736110301010575,1,1,0,0.0007383829997706925,26,0.0,0.0,9.574033046525122e-05,0.010000000000000002,0.3432732466540104,2.5558478543692207,1.389658620500007,0.015598868399922038,0.1338415106267252,0.0025823101002715263,0.3588721150539324,2.689689364995946,1.3922409306002785,False,False,False
1790736110.311156,TRACK,0.009898678000000001,0.002015838000261283,0.3487078380540396,0.5250086046874509,0.696727915168657,-0.0018408239795913816,-0.0009869705806103864,5.280130771821625e-05,0.3490658503988659,0.5235987755982988,0.6981317007977318,0.0,0.0,0.0,0.36195034271182647,2.6980702953634275,1.3958451776906364,CONTROL,0.07,1790736110311155851,1790736110313407367,25199,913087000000,1790736110310732477,1,1,0,0.0008168409999598225,27,0.0,0.0,8.629997249654348e-05,0.010000000000000002,0.3432732466540104,2.5558478543692207,1.389658620500007,0.018677096057816103,0.14222244099420697,0.006186557190629331,0.36195034271182647,2.6980702953634275,1.3958451776906364,False,False,False
1790736110.3212707,TRACK,0.010114577000000001,0.0022626169998147816,0.3486853509486352,0.5249983565446152,0.6967285292804308,-0.0020591491063979383,-0.0006480142643704022,5.641266339797028e-05,0.3490658503988659,0.5235987755982988,0.6981317007977318,0.0,0.0,0.0,0.3638227080669419,2.69462592981902,1.394497505843214,CONTROL,0.08,1790736110321270589,1790736110323910081,25221,913098000000,1790736110321145301,1,1,0,0.0007984869998836075,26,0.0,0.0,9.939671365106814e-05,0.010000000000000002,0.3432732466540104,2.5558478543692207,1.389658620500007,0.0205494614129315,0.13877807544979923,0.004838885343206995,0.3638227080669419,2.69462592981902,1.394497505843214,False,False,False
1790736110.3311439,TRACK,0.00987348,0.0020285320001676155,0.3486662054237186,0.5249913205534407,0.6967290720294605,-0.001949487430056784,-0.0009911481482258956,5.443055063291671e-05,0.3490658503988659,0.5235987755982988,0.6981317007977318,0.0,0.0,0.0,0.36702713920040075,2.701875160567917,1.3976206854759743,CONTROL,0.09,1790736110331143708,1790736110333460367,25241,913108000000,1790736110330726446,1,1,0,0.0007391529998130864,27,0.0,0.0,8.747749954665784e-05,0.010000000000000002,0.3432732466540104,2.5558478543692207,1.389658620500007,0.023753892546390362,0.1460273061986965,0.007962064975967345,0.36702713920040075,2.701875160567917,1.3976206854759743,False,False,False
1790736110.3412194,TRACK,0.010075393,0.0020853600003647443,0.3486436655359526,0.5249811811927101,0.6967296734628641,-0.0021760461514576308,-0.000732467692090594,5.800198255005392e-05,0.3490658503988659,0.5235987755982988,0.6981317007977318,0.0,0.0,0.0,0.36998762114505046,2.701301860383266,1.3974291929957472,CONTROL,0.09999999999999999,1790736110341219241,1790736110343589082,25262,913118500000,1790736110340793493,1,1,0,0.0007825060001778184,27,0.0,0.0,8.74883432830901e-05,0.010000000000000002,0.3432732466540104,2.5558478543692207,1.389658620500007,0.02671437449104008,0.14545400601404535,0.0077705724957402595,0.36998762114505046,2.701301860383266,1.3974291929957472,False,False,False
1790736110.3511977,TRACK,0.009978178,0.001987825000014709,0.34862214820079274,0.5249730030242192,0.696730263318051,-0.002105614650814536,-0.0010275255354230978,5.666915942004495e-05,0.3490658503988659,0.5235987755982988,0.6981317007977318,0.0,0.0,0.0,0.3728934584137883,2.7066260364665826,1.3997190958074635,CONTROL,0.10999999999999999,1790736110351197731,1790736110353546922,25283,913129000000,1790736110350975178,1,1,0,0.0007502050002585747,27,0.0,0.0,9.039984069494526e-05,0.010000000000000002,0.3432732466540104,2.5558478543692207,1.389658620500007,0.029620211759777935,0.15077818209736213,0.010060475307456398,0.3728934584137883,2.7066260364665826,1.3997190958074635,False,False,False
1790736110.3611794,TRACK,0.009981395,0.0018959399999403104,0.3486059191291506,0.5249656485574183,0.6967308313302838,-0.0021201050809358975,-0.000961280680778303,5.674935753628458e-05,0.3490658503988659,0.5235987755982988,0.6981317007977318,0.0,0.0,0.0,0.37464540286529446,2.707250364768787,1.4001441860765071,CONTROL,0.11999999999999998,1790736110361179075,1790736110363297247,25303,913139000000,1790736110360785087,1,1,0,0.0007300960000975465,27,0.0,0.0,8.988050017308848e-05,0.010000000000000002,0.3432732466540104,2.5558478543692207,1.389658620500007,0.03137215621128409,0.1514025103995661,0.010485565576500178,0.37464540286529446,2.707250364768787,1.4001441860765071,False,False,False
1790736110.3712156,TRACK,0.010036239,0.001916540000365785,0.34859873720815315,0.5249628420972732,0.6967313227704577,-0.0018345475591447444,-0.000934275803344774,5.187905500011889e-05,0.3490658503988659,0.5235987755982988,0.6981317007977318,0.0,0.0,0.0,0.373569253600905,2.705935443803393,1.4000074301313215,CONTROL,0.12999999999999998,1790736110371215344,1790736110373348475,25324,913149500000,1790736110371104153,1,1,0,0.0007349460001933039,27,0.0,0.0,8.912618032284956e-05,0.010000000000000002,0.3432732466540104,2.5558478543692207,1.389658620500007,0.030296006946894615,0.1500875894341722,0.010348809631314517,0.373569253600905,2.705935443803393,1.4000074301313215,False,False,False
1790736110.3811805,TRACK,0.009965153000000001,0.0018899289998444146,0.34859983453695254,0.5249623089517739,0.6967316627245439,-0.0020799953954734342,-0.001081665355222141,5.592182018490508e-05,0.3490658503988659,0.5235987755982988,0.6981317007977318,0.0,0.0,0.0,0.37574422462180773,2.707764248340702,1.4008851114640026,CONTROL,0.13999999999999999,1790736110381180477,1790736110383281106,25344,913159500000,1790736110380915274,1,1,0,0.0007254180000018096,27,0.0,0.0,9.020723144822732e-05,0.010000000000000002,0.3432732466540104,2.5558478543692207,1.389658620500007,0.032470977967797375,0.151916393971481,0.011226490963995684,0.37574422462180773,2.707764248340702,1.4008851114640026,False,False,False
1790736110.3912084,TRACK,0.010028074000000001,0.0018525279997447797,0.3486143882377615,0.5249680005243977,0.6967319548491635,0.005291205048057096,0.0026277038714571806,5.859706195523637e-05,0.3490658503988659,0.5235987755982988,0.6981317007977318,0.0,0.0,0.0,0.310661444907419,2.6256436057858568,1.372426834329656,CONTROL,0.15,1790736110391208170,1790736110393304932,25364,913169500000,1790736110390923700,1,1,0,0.0006508060000669502,23,0.0,0.0,9.450289812743223e-05,0.010000000000000002,0.3432732466540104,2.5558478543692207,1.389658620500007,-0.032611801746591416,0.06979575141663628,-0.017231786170351145,0.310661444907419,2.6256436057858568,1.372426834329656,False,False,False
1790736110.4011652,TRACK,0.009956788000000001,0.002008122999995976,0.34860523811495536,0.5249626190100027,0.6967323439755533,-0.0018823775094097947,-0.000774936331568536,5.351062008688038e-05,0.3490658503988659,0.5235987755982988,0.6981317007977318,0.0,0.0,0.0,0.37065757909078495,2.696387228808882,1.3970795475938562,CONTROL,0.16,1790736110401165178,1790736110403455237,25380,913177500000,1790736110400729100,1,1,0,0.0007341639998230676,27,0.0,0.0,9.413308466213933e-05,0.010000000000000002,0.3432732466540104,2.5558478543692207,1.389658620500007,0.027384332436774562,0.14053937443966158,0.007420927093849232,0.37065757909078495,2.696387228808882,1.3970795475938562,False,False,False
1790736110.411265,TRACK,0.010099358000000001,0.001909727000111161,0.3485949653264955,0.5249546760221833,0.696732765812945,-0.001739602645722828,-0.001945681322016105,5.066960485868645e-05,0.3490658503988659,0.5235987755982988,0.6981317007977318,0.0,0.0,0.0,0.37789518809726264,2.7171191427882073,1.405563745944614,CONTROL,0.17,1790736110411264757,1790736110413397768,25402,913188500000,1790736110411150881,1,1,0,0.0007338639998124563,27,0.0,0.0,9.27107878019854e-05,0.010000000000000002,0.3432732466540104,2.5558478543692207,1.389658620500007,0.034621941443252265,0.16127128841898675,0.01590512544460697,0.37789518809726264,2.7171191427882073,1.405563745944614,False,False,False
1790736110.4211805,TRACK,0.009915941000000001,0.0018892879998020362,0.34861136385092095,0.5249573307217386,0.6967329494155821,-0.0018257572060651278,-0.0006163972176295809,5.363098490748959e-05,0.3490658503988659,0.5235987755982988,0.6981317007977318,0.0,0.0,0.0,0.3718226700656006,2.69636921622877,1.3976737711836633,CONTROL,0.18000000000000002,1790736110421180527,1790736110423288320,25422,913198500000,1790736110420828098,1,1,0,0.000708034000126645,26,0.0,0.0,9.622740836673006e-05,0.010000000000000002,0.3432732466540104,2.5558478543692207,1.389658620500007,0.02854942341159024,0.14052136185954894,0.00801515068365631,0.3718226700656006,2.69636921622877,1.3976737711836633,False,False,False
1790736110.431179,TRACK,0.009998456000000001,0.002372315000229719,0.3486340091664779,0.524966637887176,0.6967331460535422,-0.002130475910144733,-0.0012741150382704679,5.6487184992561664e-05,0.3490658503988659,0.5235987755982988,0.6981317007977318,0.0,0.0,0.0,0.37441198169192746,2.7033860945783212,1.400717989080787,CONTROL,0.19000000000000003,1790736110431179104,1790736110434124157,25443,913209000000,1790736110430934640,1,1,0,0.0009453150000808819,27,0.0,0.0,8.72817265207828e-05,0.010000000000000002,0.3432732466540104,2.5558478543692207,1.389658620500007,0.031138735037917076,0.14753824020910036,0.011059368580780077,0.37441198169192746,2.7033860945783212,1.400717989080787,False,False,False
1790736110.4411688,TRACK,0.009989731,0.001666794999891863,0.3486667088682802,0.5249776374441595,0.6967333611056534,0.009814038501574918,0.004169868795289097,-8.045708366592741e-07,0.3490658503988659,0.5235987755982988,0.6981317007977318,0.0,0.0,0.0,0.2727194670784227,2.58150621014242,1.3588899043261577,CONTROL,0.20000000000000004,1790736110441168534,1790736110443046581,25463,913219000000,1790736110440736744,1,1,0,0.0005102590002934448,18,0.0,0.0,9.926104212909169e-05,0.1,0.3432732466540104,2.5558478543692207,1.389658620500007,-0.07055377957558769,0.02565835577319945,-0.030768716173849173,0.2727194670784227,2.58150621014242,1.3588899043261577,False,False,False
1790736110.451157,TRACK,0.009988278000000001,0.0018346040001233632,0.34866488581805744,0.5249760892015578,0.6967337854874454,-0.0007199609921253301,0.00026718662430789833,3.579036522237096e-05,0.3490658503988659,0.5235987755982988,0.6981317007977318,0.0,0.0,0.0,0.35221517956951703,2.6644999850863464,1.3868137961241822,CONTROL,0.21000000000000005,1790736110451157082,1790736110453203489,25484,913229500000,1790736110451040962,1,1,0,0.0006962019997445168,26,0.0,0.0,9.568210354576343e-05,0.010000000000000002,0.3432732466540104,2.5558478543692207,1.389658620500007,0.008941932915506661,0.10865213071712587,-0.0028448243758247738,0.35221517956951703,2.6644999850863464,1.3868137961241822,False,False,False
1790736110.461184,TRACK,0.01002677,0.0019641300000330375,0.34863873674624646,0.524970911427582,0.696733950852598,-0.0012295375490788789,-0.00027677373350824407,1.6310010558136354e-05,0.3490658503988659,0.5235987755982988,0.6981317007977318,0.0,0.0,0.0,0.36313223367981184,2.6805213118557187,1.3930393654794604,CONTROL,0.22000000000000006,1790736110461183893,1790736110463433916,25504,913239500000,1790736110460816185,1,1,0,0.0007067110000207322,26,0.0,0.0,8.725069271173497e-05,0.010000000000000002,0.3432732466540104,2.5558478543692207,1.389658620500007,0.019858987025801442,0.12467345748649783,0.0033807449794532964,0.36313223367981184,2.6805213118557187,1.3930393654794604,False,False,False
1790736110.4712539,TRACK,0.010070514000000001,0.0020470179997573723,0.3486370518669579,0.524965550825029,0.6967342763497988,-0.002051365010469317,-0.0017642724916496696,5.4684969043790246e-05,0.3490658503988659,0.5235987755982988,0.6981317007977318,0.0,0.0,0.0,0.3754261413188985,2.705190033168315,1.4026184370687536,CONTROL,0.23000000000000007,1790736110471253806,1790736110473724067,25524,913249500000,1790736110470984415,1,1,0,0.000744974999633996,27,0.0,0.0,8.869230439749641e-05,0.010000000000000002,0.3432732466540104,2.5558478543692207,1.389658620500007,0.03215289466488816,0.14934217879909437,0.012959816568746665,0.3754261413188985,2.705190033168315,1.4026184370687536,False,False,False
1790736110.4812157,TRACK,0.009961347,0.0022573969999939436,0.34865951076652646,0.5249698594494641,0.6967344470859165,-0.0019303671811074707,-0.0010660167880893379,5.439787997018838e-05,0.3490658503988659,0.5235987755982988,0.6981317007977318,0.0,0.0,0.0,0.37002762512422244,2.69213838807676,1.3979181584541176,CONTROL,0.24000000000000007,1790736110481215373,1790736110483855577,25544,913259500000,1790736110480779245,1,1,0,0.0007609750000483473,26,0.0,0.0,9.298571134947706e-05,0.010000000000000002,0.3432732466540104,2.5558478543692207,1.389658620500007,0.02675437847021205,0.13629053370753919,0.008259537954110604,0.37002762512422244,2.69213838807676,1.3979181584541176,False,False,False
1790736110.4911418,TRACK,0.00992615,0.0018986260001838673,0.3486837897185113,0.5249767991184182,0.6967346488450539,-0.0021606325831726673,-0.001522210292368841,5.6671373392730906e-05,0.3490658503988659,0.5235987755982988,0.6981317007977318,0.0,0.0,0.0,0.3707089743261192,2.6950050759359496,1.3993498229241137,CONTROL,0.25000000000000006,1790736110491141623,1790736110493339908,25564,913269500000,1790736110490677441,1,1,0,0.0007091469997249078,26,0.0,0.0,9.63878972043708e-05,0.010000000000000002,0.3432732466540104,2.5558478543692207,1.389658620500007,0.027435727672108817,0.13915722156672908,0.009691202424106747,0.3707089743261192,2.6950050759359496,1.3993498229241137,False,False,False
1790736110.5012398,TRACK,0.010097735,0.0017957909999495314,0.34871816277352874,0.5249862318147347,0.6967347949010407,0.010182134842417773,0.003932636839743368,-2.4159261668653485e-05,0.3490658503988659,0.5235987755982988,0.6981317007977318,0.0,0.0,0.0,0.2678569228612251,2.57628540464832,1.359109689505816,CONTROL,0.26000000000000006,1790736110501239649,1790736110503354635,25585,913280000000,1790736110501131003,1,1,0,0.0005493230000865879,19,0.0,0.0,9.134774292163632e-05,0.1,0.3432732466540104,2.5558478543692207,1.389658620500007,-0.0754163237927853,0.020437550279099638,-0.030548930994191127,0.2678569228612251,2.57628540464832,1.359109689505816,False,False,False
1790736110.5112157,TRACK,0.009975964,0.001904907000152889,0.3487133430014637,0.5249827975267705,0.6967352022095574,-0.00015291629734470836,0.0007160854694992099,2.435720364354823e-05,0.3490658503988659,0.5235987755982988,0.6981317007977318,0.0,0.0,0.0,0.3428266662830496,2.6472669090284984,1.3823067936006455,CONTROL,0.2700000000000001,1790736110511215643,1790736110513397797,25605,913290000000,1790736110511106576,1,1,0,0.0007164099997680751,26,0.0,0.0,8.472007772977723e-05,0.010000000000000002,0.3432732466540104,2.5558478543692207,1.389658620500007,-0.00044658037096079233,0.09141905465927766,-0.007351826899361587,0.3428266662830496,2.6472669090284984,1.3823067936006455,False,False,False
1790736110.5211978,TRACK,0.009982016,0.0018828960000973893,0.3486742652216481,0.5249740988708016,0.6967353587301512,-0.0027575757723647403,-0.0006877998262855945,1.5980846589418434e-05,0.3490658503988659,0.5235987755982988,0.6981317007977318,0.0,0.0,0.0,0.37137023639371963,2.6821659351171494,1.3948369645681755,CONTROL,0.2800000000000001,1790736110521197629,1790736110523328686,25625,913300000000,1790736110521087340,1,1,0,0.0007104999999683059,26,0.0,0.0,9.002219356260918e-05,0.010000000000000002,0.3432732466540104,2.5558478543692207,1.389658620500007,0.02809698973970927,0.1263180807479289,0.0051783440681684246,0.37137023639371963,2.6821659351171494,1.3948369645681755,False,False,False
1790736110.5311341,TRACK,0.009936289000000001,0.00177494099989417,0.348667552132782,0.5249680433588733,0.6967356131007683,0.009954400324406766,0.00300405888359223,-1.85479282466789e-05,0.3490658503988659,0.5235987755982988,0.6981317007977318,0.0,0.0,0.0,0.27607905263228555,2.588397571006449,1.364294164998063,CONTROL,0.2900000000000001,1790736110531133958,1790736110533166037,25645,913310000000,1790736110531024340,1,1,0,0.0005642420001095161,20,0.0,0.0,9.72755060822117e-05,0.1,0.3432732466540104,2.5558478543692207,1.389658620500007,-0.06719419402172483,0.032549716637228186,-0.025364455501943967,0.27607905263228555,2.588397571006449,1.364294164998063,False,False,False
1790736110.5412986,TRACK,0.010165023,0.0024060989999270532,0.34866356944487986,0.5249608697428645,0.6967359859572597,-0.0005798394975066158,0.00022916417013544958,3.3350681534054585e-05,0.3490658503988659,0.5235987755982988,0.6981317007977318,0.0,0.0,0.0,0.3529063740241378,2.659307732142064,1.3874110161742716,CONTROL,0.3000000000000001,1790736110541298490,1790736110544234005,25664,913319500000,1790736110540988271,1,1,0,0.000894718999916222,26,0.0,0.0,8.925361357307753e-05,0.010000000000000002,0.3432732466540104,2.5558478543692207,1.389658620500007,0.009633127370127446,0.1034598777728434,-0.0022476043257353214,0.3529063740241378,2.659307732142064,1.3874110161742716,False,False,False
1790736110.5511382,TRACK,0.009839165,0.002108514000155992,0.3486411170294881,0.5249562442412845,0.696736118577761,-0.002002720052723513,-0.0006420590849285823,1.5995343122875583e-05,0.3490658503988659,0.5235987755982988,0.6981317007977318,0.0,0.0,0.0,0.37039363776674117,2.681832861300169,1.395751396597934,CONTROL,0.3100000000000001,1790736110551138126,1790736110553557570,25680,913327500000,1790736110551024911,1,1,0,0.0007453260000147566,26,0.0,0.0,8.77717656139059e-05,0.010000000000000002,0.3432732466540104,2.5558478543692207,1.389658620500007,0.027120391112730804,0.12598500693094822,0.006092776097927026,0.37039363776674117,2.681832861300169,1.395751396597934,False,False,False
1790736110.5611806,TRACK,0.010042581,0.001982264000162104,0.34863691292013854,0.5249481062772281,0.6967364009458898,-0.0021748519341044633,-0.0023238369186456926,5.561448891109558e-05,0.3490658503988659,0.5235987755982988,0.6981317007977318,0.0,0.0,0.0,0.37983272539060076,2.7081536347256914,1.4062957675322654,CONTROL,0.3200000000000001,1790736110561180536,1790736110563429828,25700,913337500000,1790736110560735742,1,1,0,0.0007272809998539742,27,0.0,0.0,8.81683239862191e-05,0.010000000000000002,0.3432732466540104,2.5558478543692207,1.389658620500007,0.03655947873659037,0.15230578035647058,0.01663714703225843,0.37983272539060076,2.7081536347256914,1.4062957675322654,False,False,False
1790736110.5711837,TRACK,0.010002925000000001,0.001922179999837681,0.3486686335050031,0.5249538931516682,0.6967366074078387,-0.001954558796284344,-0.0014046469127237573,5.486904915721598e-05,0.3490658503988659,0.5235987755982988,0.6981317007977318,0.0,0.0,0.0,0.37211052311601744,2.691121506280432,1.4001323610735474,CONTROL,0.3300000000000001,1790736110571183632,1790736110573372278,25721,913348000000,1790736110571076168,1,1,0,0.0007148370000322757,26,0.0,0.0,9.034938921783809e-05,0.010000000000000002,0.3432732466540104,2.5558478543692207,1.389658620500007,0.02883727646200705,0.1352736519112113,0.010473740573540393,0.37211052311601744,2.691121506280432,1.4001323610735474,False,False,False
1790736110.581202,TRACK,0.010018555,0.0018737979999059462,0.34870535740358033,0.5249646999332622,0.696736629075025,-0.0019417819778013339,-0.0014531580404995607,5.4482084031083535e-05,0.3490658503988659,0.5235987755982988,0.6981317007977318,0.0,0.0,0.0,0.3684311497333452,2.6863593186806334,1.3987528614402451,CONTROL,0.34000000000000014,1790736110581201897,1790736110583319839,25741,913358000000,1790736110580922426,1,1,0,0.0007100889997673221,26,0.0,0.0,8.954137950516974e-05,0.010000000000000002,0.3432732466540104,2.5558478543692207,1.389658620500007,0.025157903079334815,0.13051146431141256,0.009094240940238153,0.3684311497333452,2.6863593186806334,1.3987528614402451,False,False,False
1790736110.5911813,TRACK,0.009979191,0.0019706020002558944,0.34874612863803733,0.524974699373673,0.6967364958136781,-0.0019348242742991263,-0.0015853642484192688,5.4121600970474196e-05,0.3490658503988659,0.5235987755982988,0.6981317007977318,0.0,0.0,0.0,0.3650483883419645,2.683291523759375,1.3980779808423116,CONTROL,0.35000000000000014,1790736110591181177,1790736110593546279,25761,913368000000,1790736110590797148,1,1,0,0.0007340639999711129,26,0.0,0.0,8.724089747339715e-05,0.010000000000000002,0.3432732466540104,2.5558478543692207,1.389658620500007,0.021775141687954146,0.12744366939015422,0.008419360342304569,0.3650483883419645,2.683291523759375,1.3980779808423116,False,False,False
1790736110.6012933,TRACK,0.010113816000000001,0.0020986350000384846,0.34878352517406697,0.5249838046755482,0.6967363370095412,0.009737044998302804,0.003400012959776175,-9.278187964411873e-05,0.3490658503988659,0.5235987755982988,0.6981317007977318,0.0,0.0,0.0,0.26801898879646546,2.5733293587933477,1.361068779664493,CONTROL,0.36000000000000015,1790736110601293290,1790736110603705070,25778,913376500000,1790736110599280408,1,1,0,0.0006449849997807178,19,0.0,0.0,9.162537041130706e-05,0.1,0.3432732466540104,2.5558478543692207,1.389658620500007,-0.07525425785754492,0.01748150442412678,-0.028589840835513976,0.26801898879646546,2.5733293587933477,1.361068779664493,False,False,False
1790736110.6111827,TRACK,0.009887776000000001,0.002321909999864147,0.3487948108781165,0.5249822447262833,0.6967365524345612,-0.0010612927412056398,-0.00035049988111108166,4.137814197939711e-05,0.3490658503988659,0.5235987755982988,0.6981317007977318,0.0,0.0,0.0,0.34655342620744717,2.651485021474243,1.3868602360229851,CONTROL,0.37000000000000016,1790736110611182550,1790736110613823385,25800,913388000000,1790736110610851441,1,1,0,0.000863359000049968,26,0.0,0.0,8.537762436631071e-05,0.010000000000000002,0.3432732466540104,2.5558478543692207,1.389658620500007,0.003280179553436818,0.0956371671050221,-0.002798384477021833,0.34655342620744717,2.651485021474243,1.3868602360229851,False,False,False
1790736110.6212294,TRACK,0.010048142000000001,0.002424444000098447,0.3487704179565547,0.5249761159391904,0.6967367266143465,-0.002013584340994295,-0.000668745816040708,1.615118904255185e-05,0.3490658503988659,0.5235987755982988,0.6981317007977318,0.0,0.0,0.0,0.3585433937209576,2.6641976558351237,1.3915527139617347,CONTROL,0.38000000000000017,1790736110621229339,1790736110623997986,25819,913397500000,1790736110620483452,1,1,0,0.0008972040000116976,25,0.0,0.0,8.906839520633437e-05,0.010000000000000002,0.3432732466540104,2.5558478543692207,1.389658620500007,0.015270147066947248,0.10834980146590323,0.0018940934617276593,0.3585433937209576,2.6641976558351237,1.3915527139617347,False,False,False
1790736110.6312084,TRACK,0.009977337000000001,0.0020218989998284087,0.3487656095864269,0.5249680749092374,0.6967370058175013,0.010025041391367394,0.002904639217622012,-2.176207743671382e-05,0.3490658503988659,0.5235987755982988,0.6981317007977318,0.0,0.0,0.0,0.2690364726347282,2.577372320401307,1.3634849706656653,CONTROL,0.3900000000000002,1790736110631208088,1790736110633607665,25840,913408000000,1790736110631072511,1,1,0,0.0006411879999177472,19,0.0,0.0,8.888702467104576e-05,0.1,0.3432732466540104,2.5558478543692207,1.389658620500007,-0.07423677401928222,0.02152446603208626,-0.026173649834341686,0.2690364726347282,2.577372320401307,1.3634849706656653,False,False,False
1790736110.6411536,TRACK,0.009945406,0.002523541999835288,0.34876417481730826,0.5249609703976192,0.6967373244770072,-0.0004348342323139967,0.00021535965913300256,1.6808625986819772e-05,0.3490658503988659,0.5235987755982988,0.6981317007977318,0.0,0.0,0.0,0.3430995309591171,2.642914104323369,1.3845073923952542,CONTROL,0.4000000000000002,1790736110641153655,1790736110644060174,25859,913417500000,1790736110640991026,1,1,0,0.0008951199997682124,25,0.0,0.0,9.445052142110335e-05,0.010000000000000002,0.3432732466540104,2.5558478543692207,1.389658620500007,-0.000173715694893264,0.08706624995414809,-0.005151228104752735,0.3430995309591171,2.642914104323369,1.3845073923952542,False,False,False
1790736110.651144,TRACK,0.009990141000000001,0.001971714999854157,0.3487216881420512,0.524951540727689,0.696737482124846,-0.0031541433600364363,-0.0007201852892254486,1.6189283274971843e-05,0.3490658503988659,0.5235987755982988,0.6981317007977318,0.0,0.0,0.0,0.37080712855779385,2.672011569347435,1.3946616263253784,CONTROL,0.4100000000000002,1790736110651143826,1790736110653394250,25879,913427500000,1790736110651005914,1,1,0,0.0007170419999056321,25,0.0,0.0,9.63089668873514e-05,0.010000000000000002,0.3432732466540104,2.5558478543692207,1.389658620500007,0.027533881903783496,0.11616371497821429,0.005003005825371445,0.37080712855779385,2.672011569347435,1.3946616263253784,False,False,False
1790736110.6612484,TRACK,0.010104789000000001,0.0020010799998999573,0.34871372413023316,0.5249475829519268,0.6967376317411431,-0.0009171276002098743,-0.0014813575979254563,3.819990494287399e-05,0.3490658503988659,0.5235987755982988,0.6981317007977318,0.0,0.0,0.0,0.36085498863034027,2.6763502917879363,1.3977123872950394,CONTROL,0.4200000000000002,1790736110661248304,1790736110663540187,25893,913434500000,1790736110660795344,1,1,0,0.0007213599997157871,25,0.0,0.0,9.565358315706607e-05,0.010000000000000002,0.3432732466540104,2.5558478543692207,1.389658620500007,0.017581741976329883,0.12050243741871562,0.008053766795032485,0.36085498863034027,2.6763502917879363,1.3977123872950394,False,False,False
1790736110.6713133,TRACK,0.010064773,0.0021900590004406695,0.34872359426950084,0.5249431840800955,0.6967377722315962,-0.001796044700565896,-0.001408768454431212,5.2705280639505833e-05,0.3490658503988659,0.5235987755982988,0.6981317007977318,0.0,0.0,0.0,0.36545315061633565,2.6773375000485404,1.398004326782566,CONTROL,0.4300000000000002,1790736110671313148,1790736110673807905,25908,913442000000,1790736110671187679,1,1,0,0.0007926560001578764,25,0.0,0.0,9.88641572931981e-05,0.010000000000000002,0.3432732466540104,2.5558478543692207,1.389658620500007,0.02217990396232526,0.12148964567931954,0.00834570628255901,0.36545315061633565,2.6773375000485404,1.398004326782566,False,False,False
1790736110.6813498,TRACK,0.010036569,0.0017318289997092506,0.34874014125663955,0.5249419436765672,0.696738015222993,0.009835646555140373,0.00328950514821426,-8.819724886052234e-05,0.3490658503988659,0.5235987755982988,0.6981317007977318,0.0,0.0,0.0,0.2728402501312384,2.5763661808874585,1.3644226640171884,CONTROL,0.4400000000000002,1790736110681349677,1790736110683328745,25928,913452000000,1790736110680902117,1,1,0,0.0005430910000541189,19,0.0,0.0,8.651085395668893e-05,0.1,0.3432732466540104,2.5558478543692207,1.389658620500007,-0.07043299652277195,0.02051832651823787,-0.02523595648281861,0.2728402501312384,2.5763661808874585,1.3644226640171884,False,False,False
1790736110.6911929,TRACK,0.009843072000000001,0.0023045959997034515,0.348726733989535,0.5249324066098833,0.6967383938451674,-0.0023501156281487746,-0.00048291207561439,1.6615097809575315e-05,0.3490658503988659,0.5235987755982988,0.6981317007977318,0.0,0.0,0.0,0.3632101977866843,2.662747432291294,1.3926447673963158,CONTROL,0.45000000000000023,1790736110691192879,1790736110693744344,25945,913460500000,1790736110690833747,1,1,0,0.0007928549998723611,26,0.0,0.0,9.119977304417715e-05,0.010000000000000002,0.3432732466540104,2.5558478543692207,1.389658620500007,0.01993695113267392,0.10689957792207296,0.002986146896308725,0.3632101977866843,2.662747432291294,1.3926447673963158,False,False,False
1790736110.7013216,TRACK,0.010128434,0.0024388110000472807,0.34867816364649684,0.5249198241013158,0.6967385665087922,-0.0016936092206937493,-0.000554831699544015,1.649592068988983e-05,0.3490658503988659,0.5235987755982988,0.6981317007977318,0.0,0.0,0.0,0.36658246471760986,2.6698425015780116,1.3957486570714608,CONTROL,0.46000000000000024,1790736110701321463,1790736110704504137,25967,913471500000,1790736110701171398,1,1,0,0.0008975350001492188,25,0.0,0.0,8.989140936398009e-05,0.010000000000000002,0.3432732466540104,2.5558478543692207,1.389658620500007,0.023309218063599455,0.11399464720879102,0.006090036571453901,0.36658246471760986,2.6698425015780116,1.3957486570714608,False,False,False
1790736110.7112424,TRACK,0.009920920000000001,0.0024812520000523364,0.34867489029943854,0.5249103821260253,0.6967388244975896,-0.0021500101382351112,-0.0025971594074344516,5.5358929720768506e-05,0.3490658503988659,0.5235987755982988,0.6981317007977318,0.0,0.0,0.0,0.37853632291914335,2.7009391946215384,1.408041008506052,CONTROL,0.47000000000000025,1790736110711242323,1790736110714157198,25981,913480500000,1790736110710998450,1,1,0,0.0008968729998741765,26,0.0,0.0,9.842370650419766e-05,0.010000000000000002,0.3432732466540104,2.5558478543692207,1.389658620500007,0.03526307626513297,0.1450913402523178,0.01838238800604498,0.37853632291914335,2.7009391946215384,1.408041008506052,False,False,False
1790736110.721788,TRACK,0.010546969000000002,0.0035308649999024055,0.3486992428465552,0.5249102252176492,0.6967390800600914,-0.0018474589611908955,-0.0015451567732757045,5.295061607509151e-05,0.3490658503988659,0.5235987755982988,0.6981317007977318,0.0,0.0,0.0,0.3708442496516654,2.6838224715882237,1.4018541132972246,CONTROL,0.48000000000000026,1790736110721788009,1790736110725838801,25999,913489500000,1790736110721070627,1,1,0,0.0008723770001779485,25,0.0,0.0,9.882848905525546e-05,0.010000000000000002,0.3432732466540104,2.5558478543692207,1.389658620500007,0.027571002997655025,0.127974617219003,0.01219549279721758,0.3708442496516654,2.6838224715882237,1.4018541132972246,False,False,False
1790736110.7311897,TRACK,0.009400241,0.0019834070003525994,0.3487345162434474,0.5249177717000375,0.6967392852762111,0.010398823272752157,0.003621014715279261,-3.377126353972426e-05,0.3490658503988659,0.5235987755982988,0.6981317007977318,0.0,0.0,0.0,0.2705363185424945,2.5720890871150934,1.3643922440393592,CONTROL,0.49000000000000027,1790736110731189542,1790736110733417052,26020,913500500000,1790736110730865767,1,1,0,0.0006355270002131874,19,0.0,0.0,9.102579569291099e-05,0.1,0.3432732466540104,2.5558478543692207,1.389658620500007,-0.07273692811151587,0.01624123274587282,-0.025266376460647867,0.2705363185424945,2.5720890871150934,1.3643922440393592,False,False,False
1790736110.7413173,TRACK,0.010127512,0.0022750299999643175,0.3487356734967557,0.5249126802557171,0.6967396359759346,-0.0007166441152484645,-0.00023215964066952244,3.5551357113106866e-05,0.3490658503988659,0.5235987755982988,0.6981317007977318,0.0,0.0,0.0,0.3520927433422591,2.6528614853631334,1.391041122687172,CONTROL,0.5000000000000002,1790736110741317054,1790736110743916401,26040,913510500000,1790736110741148544,1,1,0,0.0008393729999625066,26,0.0,0.0,8.58172325286169e-05,0.010000000000000002,0.3432732466540104,2.5558478543692207,1.389658620500007,0.008819496688248694,0.0970136309939129,0.0013825021871648586,0.3520927433422591,2.6528614853631334,1.391041122687172,False,False,False
1790736110.7512856,TRACK,0.00996869,0.002376673000071605,0.34869644876401384,0.5249027632922445,0.6967398284049975,-0.0020293749771948507,-0.0005566934505700245,1.6528350177495536e-05,0.3490658503988659,0.5235987755982988,0.6981317007977318,0.0,0.0,0.0,0.36802549746399227,2.6685513770078826,1.3966264926644325,CONTROL,0.5100000000000002,1790736110751285625,1790736110754066866,26062,913522000000,1790736110751144677,1,1,0,0.0008856620002006821,25,0.0,0.0,9.12810938315606e-05,0.010000000000000002,0.3432732466540104,2.5558478543692207,1.389658620500007,0.024752250809981915,0.11270352263866196,0.006967872164425583,0.36802549746399227,2.6685513770078826,1.3966264926644325,False,False,False
1790736110.7613175,TRACK,0.01003174,0.0020438510000531096,0.34869656557562667,0.5248952290648186,0.6967400852865073,0.009910091966792767,0.00280148035052739,-1.8562821785687747e-05,0.3490658503988659,0.5235987755982988,0.6981317007977318,0.0,0.0,0.0,0.2792714486508742,2.5835218067992565,1.3692002259801652,CONTROL,0.5200000000000002,1790736110761317455,1790736110763642230,26082,913532500000,1790736110761167220,1,1,0,0.0006197470002007321,18,0.0,0.0,9.301757666980783e-05,0.1,0.3432732466540104,2.5558478543692207,1.389658620500007,-0.06400179800313616,0.02767395243003593,-0.020458394519841692,0.2792714486508742,2.5835218067992565,1.3692002259801652,False,False,False
1790736110.771173,TRACK,0.009855556000000001,0.0021854699998584692,0.34869543420396987,0.5248852799199852,0.6967404480224206,-0.0004774404486868611,-0.0002162749087106031,3.124874975239363e-05,0.3490658503988659,0.5235987755982988,0.6981317007977318,0.0,0.0,0.0,0.35563248101071776,2.6572628959959133,1.3935449630484162,CONTROL,0.5300000000000002,1790736110771172880,1790736110773619677,26102,913542500000,1790736110770736552,1,1,0,0.0008290440000564558,26,0.0,0.0,8.549819391906393e-05,0.010000000000000002,0.3432732466540104,2.5558478543692207,1.389658620500007,0.012359234356707376,0.10141504162669261,0.0038863425484092625,0.35563248101071776,2.6572628959959133,1.3935449630484162,False,False,False
1790736110.7812474,TRACK,0.010074151,0.002170851999835577,0.3486684301193428,0.5248773543030989,0.6967406046720943,-0.001535829850533442,-0.0005668403493452511,1.65499214306523e-05,0.3490658503988659,0.5235987755982988,0.6981317007977318,0.0,0.0,0.0,0.3687058991693998,2.6709729634275337,1.3985342569287,CONTROL,0.5400000000000003,1790736110781247141,1790736110783661897,26119,913552000000,1790736110781089342,1,1,0,0.0008286040001621586,25,0.0,0.0,9.304654749711957e-05,0.010000000000000002,0.3432732466540104,2.5558478543692207,1.389658620500007,0.02543265251538938,0.11512510905831279,0.00887563642869315,0.3687058991693998,2.6709729634275337,1.3985342569287,False,False,False
1790736110.7912328,TRACK,0.009985462,0.0021778059999633115,0.34867172187572315,0.5248686786948609,0.6967409471870982,-0.0019531385655833858,-0.0021550999585017152,5.378832701435264e-05,0.3490658503988659,0.5235987755982988,0.6981317007977318,0.0,0.0,0.0,0.37864693297807844,2.6964060823486955,1.4086501626364918,CONTROL,0.5500000000000003,1790736110791232664,1790736110793690872,26142,913563500000,1790736110791114079,1,1,0,0.0008401150003010116,26,0.0,0.0,9.41071196714814e-05,0.010000000000000002,0.3432732466540104,2.5558478543692207,1.389658620500007,0.03537368632406805,0.14055822797947473,0.01899154213648486,0.37864693297807844,2.6964060823486955,1.4086501626364918,False,False,False
1790736110.801236,TRACK,0.010002936,0.0022216389997993247,0.34869831599504764,0.5248682573338463,0.6967412194035805,0.002329122964799192,0.00017457173420256273,5.803171169494771e-05,0.3490658503988659,0.5235987755982988,0.6981317007977318,0.0,0.0,0.0,0.33970257061910175,2.6477648685283337,1.3920036377363276,CONTROL,0.5600000000000003,1790736110801235619,1790736110803739194,26162,913573500000,1790736110800969804,1,1,0,0.0007835480000721873,24,0.0,0.0,8.818215137113785e-05,0.010000000000000002,0.3432732466540104,2.5558478543692207,1.389658620500007,-0.0035706760349086143,0.09191701415911305,0.002345017236320526,0.33970257061910175,2.6477648685283337,1.3920036377363276,False,False,False
1790736110.8111892,TRACK,0.009953391,0.002149031000044488,0.3487147337825771,0.5248672773609204,0.6967415031330213,-0.0021898631011065244,-0.0016780195270013542,5.806033808637386e-05,0.3490658503988659,0.5235987755982988,0.6981317007977318,0.0,0.0,0.0,0.37422883052346045,2.6859214989431024,1.4052196554671301,CONTROL,0.5700000000000003,1790736110811188921,1790736110813567498,26182,913583500000,1790736110810806324,1,1,0,0.00083027700020466,26,0.0,0.0,9.367102173192516e-05,0.010000000000000002,0.3432732466540104,2.5558478543692207,1.389658620500007,0.03095558386945006,0.1300736445738815,0.015561034967123216,0.37422883052346045,2.6859214989431024,1.4052196554671301,False,False,False
1790736110.821305,TRACK,0.010115840000000001,0.002187834999858751,0.34872298945792846,0.5248621130783322,0.6967418419143203,-0.0017670126786193782,-0.001596624843830734,5.218590709658372e-05,0.3490658503988659,0.5235987755982988,0.6981317007977318,0.0,0.0,0.0,0.37160640241569787,2.6842273969182653,1.405079632665759,CONTROL,0.5800000000000003,1790736110821304881,1790736110823743391,26200,913594000000,1790736110821177008,1,1,0,0.0008236040002884693,25,0.0,0.0,9.964884438660144e-05,0.010000000000000002,0.3432732466540104,2.5558478543692207,1.389658620500007,0.0283331557616875,0.12837954254904443,0.015421012165752146,0.37160640241569787,2.6842273969182653,1.405079632665759,False,False,False
1790736110.8312573,TRACK,0.0099526,0.002148239000234753,0.3487386190662125,0.5248585540277375,0.6967420925414873,0.0072718393057493134,0.0027467504599924058,5.8418118788628316e-05,0.3490658503988659,0.5235987755982988,0.6981317007977318,0.0,0.0,0.0,0.29525558556166304,2.5936282035909,1.3741707759500696,CONTROL,0.5900000000000003,1790736110831257471,1790736110833663750,26217,913604000000,1790736110831113026,1,1,0,0.0007135450000532728,21,0.0,0.0,7.162044837961444e-05,0.010000000000000002,0.3432732466540104,2.5558478543692207,1.389658620500007,-0.04801766109234734,0.037780349221679346,-0.015487844549937414,0.29525558556166304,2.5936282035909,1.3741707759500696,False,False,False
1790736110.8412635,TRACK,0.010005821,0.0021844080001756083,0.34873290008657065,0.5248467503508873,0.6967424891997207,-0.0012342406472255765,-0.0010723577787673183,4.375785248776978e-05,0.3490658503988659,0.5235987755982988,0.6981317007977318,0.0,0.0,0.0,0.36386407034717433,2.672595341146019,1.4014365546598722,CONTROL,0.6000000000000003,1790736110841263242,1790736110843695951,26237,913614000000,1790736110840996696,1,1,0,0.000844093000068824,26,0.0,0.0,9.40342487096631e-05,0.010000000000000002,0.3432732466540104,2.5558478543692207,1.389658620500007,0.02059082369316397,0.1167474867767982,0.011777934159865193,0.36386407034717433,2.672595341146019,1.4014365546598722,False,False,False
1790736110.8511508,TRACK,0.009887276,0.0018958499999826017,0.348719600507291,0.5248385523805581,0.6967426882774768,-2.5936888100308538e-05,-0.00039838087118950193,1.7594758350806205e-05,0.3490658503988659,0.5235987755982988,0.6981317007977318,0.0,0.0,0.0,0.35738264870809205,2.665125258689782,1.399326215403074,CONTROL,0.6100000000000003,1790736110851150718,1790736110853279721,26257,913624000000,1790736110851040118,1,1,0,0.0006958310000300116,25,0.0,0.0,8.41860606353624e-05,0.010000000000000002,0.3432732466540104,2.5558478543692207,1.389658620500007,0.014109402054081652,0.10927740432056118,0.009667594903066984,0.35738264870809205,2.665125258689782,1.399326215403074,False,False,False
1790736110.8611813,TRACK,0.010030418000000001,0.0018656620000001567,0.3487235976190588,0.5248309023363973,0.6967429742405664,-0.0017693442523298167,-0.0014043233277614032,5.2643781283695946e-05,0.3490658503988659,0.5235987755982988,0.6981317007977318,0.0,0.0,0.0,0.37273381697278546,2.685353422957732,1.4067270457757624,CONTROL,0.6200000000000003,1790736110861181085,1790736110863264732,26277,913634000000,1790736110860861719,1,1,0,0.0007065320000947395,26,0.0,0.0,8.930909313958077e-05,0.010000000000000002,0.3432732466540104,2.5558478543692207,1.389658620500007,0.029460570318775057,0.12950556858851114,0.017068425275755313,0.37273381697278546,2.685353422957732,1.4067270457757624,False,False,False
1790736110.8711812,TRACK,0.010000150000000001,0.0018428090002089448,0.34873264780712265,0.5248261370145206,0.6967432627751369,-0.002059761430373468,-0.0019214260302913358,5.5533072693184885e-05,0.3490658503988659,0.5235987755982988,0.6981317007977318,0.0,0.0,0.0,0.3767988707180376,2.694262363455434,1.4104416360386283,CONTROL,0.6300000000000003,1790736110871181165,1790736110873253992,26297,913644000000,1790736110870819809,1,1,0,0.0007015520000095421,26,0.0,0.0,9.087395384994207e-05,0.010000000000000002,0.3432732466540104,2.5558478543692207,1.389658620500007,0.033525624064027204,0.13841450908621317,0.020783015538621285,0.3767988707180376,2.694262363455434,1.4104416360386283,False,False,False
1790736110.881187,TRACK,0.010005680000000001,0.0019129520001115452,0.3487548982849864,0.5248270820815826,0.6967433970542793,-0.0019788735377942617,-0.0014771529076873658,5.528078870305783e-05,0.3490658503988659,0.5235987755982988,0.6981317007977318,0.0,0.0,0.0,0.37309105997418845,2.6866922284038393,1.4079216398992287,CONTROL,0.6400000000000003,1790736110881186776,1790736110883336228,26317,913654000000,1790736110880813618,1,1,0,0.0007100280004124215,26,0.0,0.0,8.531112568173228e-05,0.010000000000000002,0.3432732466540104,2.5558478543692207,1.389658620500007,0.029817813320178084,0.13084437403461846,0.01826301939922171,0.37309105997418845,2.6866922284038393,1.4079216398992287,False,False,False
1790736110.891182,TRACK,0.009995081000000001,0.0016687190000084229,0.3487844537036695,0.5248332100892883,0.6967435988507993,0.010227796104981063,0.003779705243329689,-1.5111857713821786e-05,0.3490658503988659,0.5235987755982988,0.6981317007977318,0.0,0.0,0.0,0.27249655176027376,2.5726253931013963,1.3694358681656231,CONTROL,0.6500000000000004,1790736110891181927,1790736110893075192,26337,913664000000,1790736110890827874,1,1,0,0.0005392039997786924,19,0.0,0.0,9.058836381038474e-05,0.1,0.3432732466540104,2.5558478543692207,1.389658620500007,-0.07077669489373659,0.0167775387321755,-0.020222752334383937,0.27249655176027376,2.5726253931013963,1.3694358681656231,False,False,False
1790736110.9013717,TRACK,0.010190011,0.0018228610001642664,0.3487806795568824,0.524828058871778,0.696744031935737,-0.0003915097894046892,0.0003298975669131124,3.025043283925999e-05,0.3490658503988659,0.5235987755982988,0.6981317007977318,0.0,0.0,0.0,0.3491491102809362,2.6453279869063255,1.39312089555981,CONTROL,0.6600000000000004,1790736110901371757,1790736110903458169,26357,913674000000,1790736110900976817,1,1,0,0.0006807529998695827,25,0.0,0.0,9.827451176568915e-05,0.010000000000000002,0.3432732466540104,2.5558478543692207,1.389658620500007,0.005875863626925826,0.08948013253710502,0.0034622750598029646,0.3491491102809362,2.6453279869063255,1.39312089555981,False,False,False
1790736110.911195,TRACK,0.009823094000000001,0.0018425289999868255,0.3487460538420306,0.524819572643664,0.6967441946139856,-0.0021647715662812725,-0.0006730603247419461,1.6613699831084534e-05,0.3490658503988659,0.5235987755982988,0.6981317007977318,0.0,0.0,0.0,0.3706737943510968,2.6727159306024344,1.4031495522784894,CONTROL,0.6700000000000004,1790736110911194841,1790736110913330156,26373,913684000000,1790736110910828235,1,1,0,0.0006950189999770373,25,0.0,0.0,9.34140587273906e-05,0.010000000000000002,0.3432732466540104,2.5558478543692207,1.389658620500007,0.02740054769708646,0.11686807623321385,0.013490931778482438,0.3706737943510968,2.6727159306024344,1.4031495522784894,False,False,False
1790736110.9212818,TRACK,0.010086574000000001,0.0018027430000984168,0.34874566202355517,0.5248125733986502,0.6967444430889036,0.010087563079233348,0.0030300797039519837,-2.0494929366528746e-05,0.3490658503988659,0.5235987755982988,0.6981317007977318,0.0,0.0,0.0,0.2791915514760923,2.5834267126289197,1.3742189127965434,CONTROL,0.6800000000000004,1790736110921281676,1790736110923653931,26394,913694500000,1790736110921162941,1,1,0,0.0005395349999162136,18,0.0,0.0,9.511816742209539e-05,0.1,0.3432732466540104,2.5558478543692207,1.389658620500007,-0.06408169517791808,0.027578858259698805,-0.015439707703463599,0.2791915514760923,2.5834267126289197,1.3742189127965434,False,False,False
1790736110.9311628,TRACK,0.009880974,0.002101992000007158,0.3487388558606259,0.5248063586542626,0.6967448078551608,-0.00047692823213461074,0.00013175178601135306,3.1792162715416766e-05,0.3490658503988659,0.5235987755982988,0.6981317007977318,0.0,0.0,0.0,0.35597632827158976,2.6546337661305963,1.397425604094558,CONTROL,0.6900000000000004,1790736110931162560,1790736110933597173,26408,913702000000,1790736110931050577,1,1,0,0.000733262000267132,26,0.0,0.0,8.325645665937166e-05,0.010000000000000002,0.3432732466540104,2.5558478543692207,1.389658620500007,0.012703081617579394,0.09878591176137581,0.007766983594551002,0.35597632827158976,2.6546337661305963,1.397425604094558,False,False,False
1790736110.9411724,TRACK,0.010009448,0.001880150000033609,0.34870839260874753,0.52480100811895,0.6967449775817287,-0.0016593618192098946,-0.0003177055430597009,1.6998096140344006e-05,0.3490658503988659,0.5235987755982988,0.6981317007977318,0.0,0.0,0.0,0.3703383861190474,2.6698079401354904,1.4029103447746658,CONTROL,0.7000000000000004,1790736110941172178,1790736110943318253,26428,913712000000,1790736110941057530,1,1,0,0.0006876059997011907,25,0.0,0.0,9.156058798360332e-05,0.010000000000000002,0.3432732466540104,2.5558478543692207,1.389658620500007,0.02706513946503705,0.11396008576626965,0.013251724274658748,0.3703383861190474,2.6698079401354904,1.4029103447746658,False,False,False
1790736110.9511564,TRACK,0.009984070000000001,0.0016955000000962173,0.34871210303319433,0.5247958101597927,0.6967452529669029,0.010466627801328116,0.0030894796537113286,-3.947151194141495e-05,0.3490658503988659,0.5235987755982988,0.6981317007977318,0.0,0.0,0.0,0.2799299116367684,2.5834569130257306,1.37510803333071,CONTROL,0.7100000000000004,1790736110951156268,1790736110953148771,26448,913722000000,1790736110951049625,1,1,0,0.0005240959999355255,18,0.0,0.0,9.287802508782979e-05,0.1,0.3432732466540104,2.5558478543692207,1.389658620500007,-0.06334333501724197,0.027609058656509953,-0.014550587169296952,0.2799299116367684,2.5834569130257306,1.37510803333071,False,False,False
1790736110.9611855,TRACK,0.010029045,0.002016459000060422,0.3487089475117928,0.5247877310905009,0.6967456150869258,-0.0003895665431131997,0.00013453032993846013,3.0113256732765704e-05,0.3490658503988659,0.5235987755982988,0.6981317007977318,0.0,0.0,0.0,0.3589702753502988,2.6572531437655185,1.3991982157374347,CONTROL,0.7200000000000004,1790736110961185233,1790736110963470612,26468,913732000000,1790736110961079872,1,1,0,0.0007136949998312048,26,0.0,0.0,8.476051716451136e-05,0.010000000000000002,0.3432732466540104,2.5558478543692207,1.389658620500007,0.015697028696288425,0.10140528939629781,0.009539595237427742,0.3589702753502988,2.6572531437655185,1.3991982157374347,False,False,False
1790736110.971182,TRACK,0.009997264,0.001836937999996735,0.3486886654749055,0.5247823967118448,0.696745775171371,-0.0002840810636116352,-0.00030474855990133713,1.706144654849091e-05,0.3490658503988659,0.5235987755982988,0.6981317007977318,0.0,0.0,0.0,0.3643136793568253,2.667899080843478,1.403600719374685,CONTROL,0.7300000000000004,1790736110971182117,1790736110973253941,26487,913741500000,1790736110970734146,1,1,0,0.0006875160001982294,25,0.0,0.0,8.876942192942413e-05,0.010000000000000002,0.3432732466540104,2.5558478543692207,1.389658620500007,0.02104043270281492,0.11205122647425705,0.013942098874677887,0.3643136793568253,2.667899080843478,1.403600719374685,False,False,False
1790736110.9813294,TRACK,0.01014718,0.0019229919998906553,0.34869270592511725,0.5247743328529859,0.6967460624730974,-0.0020638930555592024,-0.001995116175394803,5.562718428480805e-05,0.3490658503988659,0.5235987755982988,0.6981317007977318,0.0,0.0,0.0,0.38310182320634706,2.698675062030311,1.415146083501383,CONTROL,0.7400000000000004,1790736110981329406,1790736110983586292,26507,913751500000,1790736110980880043,1,1,0,0.0007159399997362925,26,0.0,0.0,9.528819792780949e-05,0.010000000000000002,0.3432732466540104,2.5558478543692207,1.389658620500007,0.03982857655233666,0.14282720766108994,0.02548746300137601,0.38310182320634706,2.698675062030311,1.415146083501383,False,False,False
1790736110.991278,TRACK,0.009948221,0.0017426990002604725,0.3487217565539318,0.5247771892252482,0.6967461863475068,0.010787538761371188,0.003673292810165923,-4.801764497817072e-05,0.3490658503988659,0.5235987755982988,0.6981317007977318,0.0,0.0,0.0,0.27802629063218787,2.5796998279393244,1.3750898721176361,CONTROL,0.7500000000000004,1790736110991277918,1790736110993297694,26527,913761500000,1790736110991166337,1,1,0,0.0005423499997050385,19,0.0,0.0,8.749606697928768e-05,0.1,0.3432732466540104,2.5558478543692207,1.389658620500007,-0.06524695602182251,0.023851973570103723,-0.014568748382370898,0.27802629063218787,2.5796998279393244,1.3750898721176361,False,False,False
1790736111.0011811,TRACK,0.009903096,0.0018683479997889663,0.3487228088125143,0.5247740416223454,0.696746571920213,-0.0007839625401954344,-5.953115449476684e-05,3.728745398855226e-05,0.3490658503988659,0.5235987755982988,0.6981317007977318,0.0,0.0,0.0,0.36215305937693026,2.660383157702855,1.4014541726516374,CONTROL,0.7600000000000005,1790736111001181004,1790736111003297063,26547,913771500000,1790736111000938013,1,1,0,0.0007078839998939657,26,0.0,0.0,8.895649320584383e-05,0.010000000000000002,0.3432732466540104,2.5558478543692207,1.389658620500007,0.018879812722919866,0.10453530333363466,0.01179555215163051,0.36215305937693026,2.660383157702855,1.4014541726516374,False,False,False
1790736111.0111911,TRACK,0.010009939,0.0018520969997553038,0.3487102152680741,0.524770375031177,0.6967467653873336,-0.00034116518514180596,-0.0007837698336131896,2.8540186699645213e-05,0.3490658503988659,0.5235987755982988,0.6981317007977318,0.0,0.0,0.0,0.36596261670249275,2.673675252174939,1.4071167867401055,CONTROL,0.7700000000000005,1790736111011190973,1790736111013293486,26567,913781500000,1790736111011076396,1,1,0,0.0006828360001236433,25,0.0,0.0,9.137061842505125e-05,0.010000000000000002,0.3432732466540104,2.5558478543692207,1.389658620500007,0.022689370048482364,0.1178273978057184,0.017458166240098546,0.36596261670249275,2.673675252174939,1.4071167867401055,False,False,False
1790736111.0211484,TRACK,0.009957450000000001,0.0017644309996285301,0.3487220838501077,0.5247645018795151,0.6967470478142128,0.009182826005785015,0.0034212707035246575,-8.959535023634138e-05,0.3490658503988659,0.5235987755982988,0.6981317007977318,0.0,0.0,0.0,0.2882892180092719,2.5841078199068526,1.3768437706882928,CONTROL,0.7800000000000005,1790736111021148393,1790736111023312121,26587,913791500000,1790736111021029938,1,1,0,0.0005087570002615394,17,0.0,0.0,9.408904564922916e-05,0.1,0.3432732466540104,2.5558478543692207,1.389658620500007,-0.054984028644738524,0.02825996553763202,-0.012814849811714255,0.2882892180092719,2.5841078199068526,1.3768437706882928,False,False,False
1790736111.0312202,TRACK,0.010071946,0.002025486000093224,0.34871290983788583,0.5247550186180137,0.6967473818269583,-0.0015906558771010054,-0.0009528029722212345,4.983288956892252e-05,0.3490658503988659,0.5235987755982988,0.6981317007977318,0.0,0.0,0.0,0.37316943888199744,2.677921856008699,1.4087634539832883,CONTROL,0.7900000000000005,1790736111031219868,1790736111033631969,26600,913799000000,1790736111030800792,1,1,0,0.0007298560003619059,26,0.0,0.0,9.679442200551706e-05,0.010000000000000002,0.3432732466540104,2.5558478543692207,1.389658620500007,0.029896192227987037,0.12207400163947826,0.01910483348328135,0.37316943888199744,2.677921856008699,1.4087634539832883,False,False,False
1790736111.041204,TRACK,0.009983559000000001,0.0021257970001897775,0.3487020460422663,0.5247486145437987,0.6967476292125832,-0.0005004245198414056,-0.001019164467811155,3.15468622549265e-05,0.3490658503988659,0.5235987755982988,0.6981317007977318,0.0,0.0,0.0,0.37047206597738774,2.681136980579104,1.410803409325991,CONTROL,0.8000000000000005,1790736111041203908,1790736111043691282,26621,913809500000,1790736111041086725,1,1,0,0.0007057199995870178,25,0.0,0.0,9.368802300091934e-05,0.010000000000000002,0.3432732466540104,2.5558478543692207,1.389658620500007,0.027198819323377352,0.12528912620988333,0.021144788825983928,0.37047206597738774,2.681136980579104,1.410803409325991,False,False,False
1790736111.0512075,TRACK,0.010004589000000001,0.0020486299999902258,0.34871537896917104,0.5247440463119499,0.6967479137375423,-0.0019528669789894491,-0.0013572983193156337,5.534469274793229e-05,0.3490658503988659,0.5235987755982988,0.6981317007977318,0.0,0.0,0.0,0.38094988670995217,2.6914642713117973,1.4145175291992471,CONTROL,0.8100000000000005,1790736111051207475,1790736111053720106,26638,913819500000,1790736111050707746,1,1,0,0.000738212000214844,26,0.0,0.0,8.874873941817526e-05,0.010000000000000002,0.3432732466540104,2.5558478543692207,1.389658620500007,0.03767664005594179,0.13561641694257648,0.02485890869924009,0.38094988670995217,2.6914642713117973,1.4145175291992471,False,False,False
1790736111.061187,TRACK,0.009978569000000001,0.0021349150001697126,0.3487385472695772,0.5247474847377616,0.6967481113096086,-0.0022763109500280295,-0.0019124472513861505,5.887913768804127e-05,0.3490658503988659,0.5235987755982988,0.6981317007977318,0.0,0.0,0.0,0.3835879743815245,2.698325664019441,1.4174794631797816,CONTROL,0.8200000000000005,1790736111061186705,1790736111063754341,26653,913829000000,1790736111060918336,1,1,0,0.0007912920000308077,26,0.0,0.0,9.144835580851307e-05,0.010000000000000002,0.3432732466540104,2.5558478543692207,1.389658620500007,0.04031472772751411,0.14247780965022022,0.02782084267977458,0.3835879743815245,2.698325664019441,1.4174794631797816,False,False,False
1790736111.0713146,TRACK,0.010128043,0.0021313469997039647,0.34878672960833157,0.5247604003221404,0.6967481576350791,0.010341269777679825,0.003932309603000016,-1.1489689158403031e-05,0.3490658503988659,0.5235987755982988,0.6981317007977318,0.0,0.0,0.0,0.2769999063148438,2.574631326099485,1.3755341060733106,CONTROL,0.8300000000000005,1790736111071314548,1790736111073837830,26671,913839500000,1790736111070780344,1,1,0,0.0006292039997788379,19,0.0,0.0,9.003398386539086e-05,0.1,0.3432732466540104,2.5558478543692207,1.389658620500007,-0.0662733403391666,0.01878347173026403,-0.014124514426696433,0.2769999063148438,2.574631326099485,1.3755341060733106,False,False,False
1790736111.0815399,TRACK,0.010225168000000001,0.001970452000023215,0.34879991316578796,0.5247624289637702,0.6967485606650672,-0.001739636054083229,-0.0006786635590556935,5.256090968573505e-05,0.3490658503988659,0.5235987755982988,0.6981317007977318,0.0,0.0,0.0,0.36587291091311097,2.6659070172281525,1.4058987271967973,CONTROL,0.8400000000000005,1790736111081539776,1790736111083947017,26688,913850000000,1790736111080968732,1,1,0,0.0007182230001490097,26,0.0,0.0,9.226906410502006e-05,0.010000000000000002,0.3432732466540104,2.5558478543692207,1.389658620500007,0.022599664259100594,0.1100591628589319,0.016240106696790314,0.36587291091311097,2.6659070172281525,1.4058987271967973,False,False,False
1790736111.0912857,TRACK,0.009745206000000001,0.002348769999571232,0.34879425487487126,0.5247576440382176,0.6967488733735538,-0.0010016027896557155,-0.001777104419791034,3.979223322761016e-05,0.3490658503988659,0.5235987755982988,0.6981317007977318,0.0,0.0,0.0,0.3688274560402161,2.683613266131867,1.413508827200795,CONTROL,0.8500000000000005,1790736111091285433,1790736111094042409,26705,913859500000,1790736111091163902,1,1,0,0.000818112999695586,25,0.0,0.0,9.625400970328631e-05,0.010000000000000002,0.3432732466540104,2.5558478543692207,1.389658620500007,0.02555420938620574,0.12776541176264644,0.023850206700787906,0.3688274560402161,2.683613266131867,1.413508827200795,False,False,False
1790736111.1012175,TRACK,0.009932702,0.0025672350002423627,0.348804012525771,0.5247512246940929,0.6967490933998071,0.010854032819394734,0.003823135798477183,-4.09596395862386e-05,0.3490658503988659,0.5235987755982988,0.6981317007977318,0.0,0.0,0.0,0.27285521666606977,2.573027396890858,1.3761822848574048,CONTROL,0.8600000000000005,1790736111101217224,1790736111104129204,26719,913867500000,1790736111099476748,1,1,0,0.0007663549999961106,19,0.0,0.0,9.4264871254437e-05,0.1,0.3432732466540104,2.5558478543692207,1.389658620500007,-0.07041802998794061,0.01717954252163729,-0.013476335642602089,0.27285521666606977,2.573027396890858,1.3761822848574048,False,False,False
1790736111.1112242,TRACK,0.010005782000000001,0.0019484499998725369,0.3488042917854344,0.524748458718939,0.6967494620228591,-0.0001460481877215377,0.0005904124827663913,2.4623467614056944e-05,0.3490658503988659,0.5235987755982988,0.6981317007977318,0.0,0.0,0.0,0.350477490841864,2.6427564749962316,1.398484446010059,CONTROL,0.8700000000000006,1790736111111224067,1790736111113449012,26736,913879000000,1790736111111122985,1,1,0,0.0007040770001367491,25,0.0,0.0,9.532580702390965e-05,0.010000000000000002,0.3432732466540104,2.5558478543692207,1.389658620500007,0.007204244187853653,0.08690862062701082,0.008825825510051953,0.350477490841864,2.6427564749962316,1.398484446010059,False,False,False
1790736111.121194,TRACK,0.009970203,0.002110578000156238,0.34877379309080503,0.5247431106302889,0.6967496214835474,-0.001773672801109035,-0.0004168952299486298,1.7101614270467118e-05,0.3490658503988659,0.5235987755982988,0.6981317007977318,0.0,0.0,0.0,0.3705940222268533,2.669005049830436,1.4081507508244078,CONTROL,0.8800000000000006,1790736111121193759,1790736111123694598,26755,913888500000,1790736111120775485,1,1,0,0.0007421889999932318,25,0.0,0.0,8.938211226875245e-05,0.010000000000000002,0.3432732466540104,2.5558478543692207,1.389658620500007,0.02732077557284292,0.11315719546121528,0.018492130324400693,0.3705940222268533,2.669005049830436,1.4081507508244078,False,False,False
1790736111.1315155,TRACK,0.010322422000000001,0.002141075999588793,0.34877058081751944,0.5247370746377777,0.6967498315444174,-0.0019115181665567925,-0.0021482815741847867,5.441312307905423e-05,0.3490658503988659,0.5235987755982988,0.6981317007977318,0.0,0.0,0.0,0.37978092813443853,2.695756036188552,1.4188984161836706,CONTROL,0.8900000000000006,1790736111131515460,1790736111134011961,26772,913897500000,1790736111131261097,1,1,0,0.0007760539997434535,26,0.0,0.0,9.042145008143007e-05,0.010000000000000002,0.3432732466540104,2.5558478543692207,1.389658620500007,0.036507681480428135,0.1399081818193314,0.029239795683663722,0.37978092813443853,2.695756036188552,1.4188984161836706,False,False,False
1790736111.1411762,TRACK,0.009659694,0.0018266189999849303,0.3487971651747106,0.5247395628757348,0.6967499726380173,0.010935497960328455,0.0038535394499538064,-4.6877546700905756e-05,0.3490658503988659,0.5235987755982988,0.6981317007977318,0.0,0.0,0.0,0.2739733339686517,2.573621809301057,1.377612282682628,CONTROL,0.9000000000000006,1790736111141175956,1790736111143314547,26787,913906000000,1790736111140566148,1,1,0,0.0005575989998760633,19,0.0,0.0,9.552147346986868e-05,0.1,0.3432732466540104,2.5558478543692207,1.389658620500007,-0.06929991268535866,0.017773954931836262,-0.012046337817378865,0.2739733339686517,2.573621809301057,1.377612282682628,False,False,False
1790736111.1512303,TRACK,0.010054334,0.0022175210001478263,0.3487944218682344,0.5247366348827933,0.6967502549879838,-0.000986519998011557,-5.871028296340944e-05,4.094852114886437e-05,0.3490658503988659,0.5235987755982988,0.6981317007977318,0.0,0.0,0.0,0.3604736115552498,2.6561369021633547,1.4044773069994192,CONTROL,0.9100000000000006,1790736111151230209,1790736111153965964,26803,913914000000,1790736111151093138,1,1,0,0.0008977350003078755,26,0.0,0.0,8.611066056445622e-05,0.010000000000000002,0.3432732466540104,2.5558478543692207,1.389658620500007,0.017200364901239464,0.10028904779413425,0.01481868649941219,0.3604736115552498,2.6561369021633547,1.4044773069994192,False,False,False
1790736111.1612086,TRACK,0.009978318,0.002137028000106511,0.34877530788421396,0.524734355251276,0.6967504286201742,-0.0009914717500915625,-0.0002832239148899598,1.719257141846351e-05,0.3490658503988659,0.5235987755982988,0.6981317007977318,0.0,0.0,0.0,0.36588875776867935,2.6647597640589633,1.408060732341355,CONTROL,0.9200000000000006,1790736111161208678,1790736111163741358,26821,913923000000,1790736111160970866,1,1,0,0.00074865199985652,25,0.0,0.0,8.332111830442498e-05,0.010000000000000002,0.3432732466540104,2.5558478543692207,1.389658620500007,0.022615511114668994,0.10891190968974243,0.01840211184134808,0.36588875776867935,2.6647597640589633,1.408060732341355,False,False,False
1790736111.1712,TRACK,0.009991103000000001,0.0022997770001893514,0.34877431459605024,0.5247289274899041,0.696750640261548,-0.0018917532384510837,-0.0019296656223882376,5.416855245819676e-05,0.3490658503988659,0.5235987755982988,0.6981317007977318,0.0,0.0,0.0,0.37884846114979087,2.691451391755119,1.4184097993986358,CONTROL,0.9300000000000006,1790736111171199931,1790736111173892695,26836,913930500000,1790736111170837433,1,1,0,0.0007444939997185429,26,0.0,0.0,8.927336585897232e-05,0.010000000000000002,0.3432732466540104,2.5558478543692207,1.389658620500007,0.03557521449578049,0.13560353738589806,0.028751178898628705,0.37884846114979087,2.691451391755119,1.4184097993986358,False,False,False
1790736111.1811962,TRACK,0.009996604000000001,0.0020579679999173095,0.3487943213780982,0.5247292524595322,0.6967508315125586,-0.002251407688248228,-0.0017298509569775677,5.88557834289476e-05,0.3490658503988659,0.5235987755982988,0.6981317007977318,0.0,0.0,0.0,0.3795610785357393,2.689862329590058,1.4180201690390308,CONTROL,0.9400000000000006,1790736111181196104,1790736111183768128,26854,913939500000,1790736111180820390,1,1,0,0.0007462270000360149,26,0.0,0.0,8.393402483197805e-05,0.010000000000000002,0.3432732466540104,2.5558478543692207,1.389658620500007,0.03628783188172888,0.13401447522083754,0.028361548539023746,0.3795610785357393,2.689862329590058,1.4180201690390308,False,False,False
1790736111.1912694,TRACK,0.010075333,0.0024915320000218344,0.34882899762781605,0.5247386286535134,0.6967508891103278,-0.0020244423244039932,-0.0015177950657376286,5.6672597496819615e-05,0.3490658503988659,0.5235987755982988,0.6981317007977318,0.0,0.0,0.0,0.3733535181151897,2.6804750089869325,1.4148921128556549,CONTROL,0.9500000000000006,1790736111191269363,1790736111194312612,26873,913949000000,1790736111189160989,1,1,0,0.0008404459999837854,25,0.0,0.0,9.58147635699043e-05,0.010000000000000002,0.3432732466540104,2.5558478543692207,1.389658620500007,0.03008027146117932,0.12462715461771177,0.0252334923556478,0.3733535181151897,2.6804750089869325,1.4148921128556549,False,False,False
1790736111.201138,TRACK,0.009866557,0.0033340619997943577,0.3488685436167174,0.5247490000470023,0.6967507819346976,-0.0020736059304284444,-0.0015390853772760502,5.705125791539609e-05,0.3490658503988659,0.5235987755982988,0.6981317007977318,0.0,0.0,0.0,0.3698914779169311,2.6763356243575864,1.4137675422366003,CONTROL,0.9600000000000006,1790736111201137914,1790736111205032509,26891,913958000000,1790736111200785725,1,1,0,0.0009187749997181527,25,0.0,0.0,9.19770394472784e-05,0.010000000000000002,0.3432732466540104,2.5558478543692207,1.389658620500007,0.02661823126292075,0.12048776998836554,0.024108921736593226,0.3698914779169311,2.6763356243575864,1.4137675422366003,False,False,False
1790736111.2112367,TRACK,0.010097936,0.0020511150000857015,0.3489154320287158,0.5247617394730977,0.696750914857557,-0.002240328948890483,-0.0016985676910422746,5.83080100582333e-05,0.3490658503988659,0.5235987755982988,0.6981317007977318,0.0,0.0,0.0,0.36701192536332616,2.673685055673834,1.4132127524963929,CONTROL,0.9700000000000006,1790736111211236531,1790736111213598737,26912,913968500000,1790736111211130089,1,1,0,0.0007355970001299283,25,0.0,0.0,8.989336694603141e-05,0.010000000000000002,0.3432732466540104,2.5558478543692207,1.389658620500007,0.023738678709315803,0.11783720130461314,0.02355413199638582,0.36701192536332616,2.673685055673834,1.4132127524963929,False,False,False
1790736111.2211785,TRACK,0.00994194,0.001614256000266323,0.34896510599193675,0.524776881328151,0.6967512268956493,-0.002042443835637261,-0.0012679536763697445,5.6719715422548674e-05,0.3490658503988659,0.5235987755982988,0.6981317007977318,0.0,0.0,0.0,0.35927013773305994,2.6616067333475635,1.4091461614085858,CONTROL,0.9800000000000006,1790736111221178341,1790736111223078489,26936,913980500000,1790736111220923186,1,1,0,0.0005536820003726461,25,0.0,0.0,7.982115930161017e-05,0.010000000000000002,0.3432732466540104,2.5558478543692207,1.389658620500007,0.015996891079049568,0.10575887897834277,0.01948754090857874,0.35927013773305994,2.6616067333475635,1.4091461614085858,False,False,False
1790736111.2311819,TRACK,0.010003597000000001,0.0019924130001527374,0.3490024472235804,0.5247858998587089,0.6967513525448976,-0.0020340105917636122,-0.0015342663429861064,5.633497707176389e-05,0.3490658503988659,0.5235987755982988,0.6981317007977318,0.0,0.0,0.0,0.3561946454046823,2.660260725072897,1.4091451509893318,CONTROL,0.9900000000000007,1790736111231181938,1790736111233575292,26955,913992000000,1790736111230934578,1,1,0,0.0007254880001710262,25,0.0,0.0,8.136759405405593e-05,0.010000000000000002,0.3432732466540104,2.5558478543692207,1.389658620500007,0.01292139875067192,0.10441287070367615,0.019486530489324763,0.3561946454046823,2.660260725072897,1.4091451509893318,False,False,False
1790736111.241195,TRACK,0.010013085000000001,0.0022540300001310243,0.34902346167676335,0.5247869868884276,0.6967516627042722,-0.0009331681394139868,-0.0012027216565623081,5.9864830570683866e-05,0.3490658503988659,0.5235987755982988,0.6981317007977318,0.0,0.0,0.0,0.3451781905900703,2.64868138945359,1.4055376733750686,CONTROL,1.0000000000000007,1790736111241194772,1790736111243784470,26976,914003000000,1790736111240887689,1,1,0,0.0008152180002980458,24,0.0,0.0,9.073330655810994e-05,0.010000000000000002,0.3432732466540104,2.5558478543692207,1.389658620500007,0.0019049439360599375,0.0928335350843694,0.01587905287506164,0.3451781905900703,2.64868138945359,1.4055376733750686,False,False,False
1790736111.2512238,TRACK,0.010029986000000001,0.0022922729999663716,0.3490290680948078,0.5247847159297576,0.6967518224811173,-0.0022838700019064246,-0.0017652304161553433,5.9562802776994765e-05,0.3490658503988659,0.5235987755982988,0.6981317007977318,0.0,0.0,0.0,0.35557729080471145,2.66080265265577,1.4100249164876058,CONTROL,1.0100000000000007,1790736111251223837,1790736111253859282,26989,914009500000,1790736111248006477,1,1,0,0.00081289400031892,25,0.0,0.0,8.290839160130973e-05,0.010000000000000002,0.3432732466540104,2.5558478543692207,1.389658620500007,0.01230404415070109,0.10495479828654945,0.020366295987598697,0.35557729080471145,2.66080265265577,1.4100249164876058,False,False,False
1790736111.2612417,TRACK,0.010016462,0.0022077829999034293,0.34902288172953444,0.5247748295823422,0.6967522510942126,-0.0020237886624612706,-0.0015468607189596932,5.654667715360119e-05,0.3490658503988659,0.5235987755982988,0.6981317007977318,0.0,0.0,0.0,0.35351187085454866,2.657420533599844,1.4090748048956807,CONTROL,1.0200000000000007,1790736111261241491,1790736111263767508,27011,914021500000,1790736111261122405,1,1,0,0.0007840690000193717,24,0.0,0.0,9.897949988973018e-05,0.010000000000000002,0.3432732466540104,2.5558478543692207,1.389658620500007,0.01023862420053828,0.10157267923062335,0.019416184395673754,0.35351187085454866,2.657420533599844,1.4090748048956807,False,False,False
1790736111.2711704,TRACK,0.009929105,0.002261164000174176,0.34900504030311996,0.5247605552167647,0.696752825406294,-0.0020540788685881432,-0.0015577255448522198,5.664759926695068e-05,0.3490658503988659,0.5235987755982988,0.6981317007977318,0.0,0.0,0.0,0.35625199527268625,2.662122401929674,1.4111628322357799,CONTROL,1.0300000000000007,1790736111271170376,1790736111273766546,27031,914031500000,1790736111270780014,1,1,0,0.0008102280003186024,25,0.0,0.0,8.150804605977323e-05,0.010000000000000002,0.3432732466540104,2.5558478543692207,1.389658620500007,0.012978748618675868,0.10627454756045361,0.02150421173577296,0.35625199527268625,2.662122401929674,1.4111628322357799,False,False,False
1790736111.2811928,TRACK,0.010022253,0.0024490910000167787,0.34898612871398615,0.5247454641963936,0.6967533691877974,-0.0018024883381412386,-0.0015440085897577241,5.306884830577098e-05,0.3490658503988659,0.5235987755982988,0.6981317007977318,0.0,0.0,0.0,0.35666710297689375,2.664236472462601,1.4123328361762038,CONTROL,1.0400000000000007,1790736111281192718,1790736111283979721,27051,914041500000,1790736111280562572,1,1,0,0.000804948999757471,25,0.0,0.0,8.379415063999767e-05,0.010000000000000002,0.3432732466540104,2.5558478543692207,1.389658620500007,0.013393856322883372,0.10838861809338017,0.022674215676196745,0.35666710297689375,2.664236472462601,1.4123328361762038,False,False,False
1790736111.2911906,TRACK,0.009997786,0.0022573669998564583,0.3489647982252082,0.5247279874334962,0.6967539744966502,-0.00205043075379171,-0.0015049980269501795,5.669553831238582e-05,0.3490658503988659,0.5235987755982988,0.6981317007977318,0.0,0.0,0.0,0.3605122365858309,2.668151200741031,1.413938797723884,CONTROL,1.0500000000000007,1790736111291190534,1790736111293767057,27073,914052500000,1790736111290904481,1,1,0,0.0008118219998323184,25,0.0,0.0,8.717562357901208e-05,0.010000000000000002,0.3432732466540104,2.5558478543692207,1.389658620500007,0.017238989931820554,0.11230334637181,0.024280177223876896,0.3605122365858309,2.668151200741031,1.413938797723884,False,False,False
1790736111.3011887,TRACK,0.009998206,0.0024097470000015164,0.3489437119971699,0.5247130440784789,0.696754564376382,-0.00201257749414022,-0.0014486297825823844,5.621834702210465e-05,0.3490658503988659,0.5235987755982988,0.6981317007977318,0.0,0.0,0.0,0.3624566514001818,2.6706835138628384,1.4151453406060965,CONTROL,1.0600000000000007,1790736111301188731,1790736111303921090,27094,914063000000,1790736111300905914,1,1,0,0.0008092269999906421,25,0.0,0.0,8.83447984632438e-05,0.010000000000000002,0.3432732466540104,2.5558478543692207,1.389658620500007,0.019183404746171417,0.11483565949361754,0.02548672010608957,0.3624566514001818,2.6706835138628384,1.4151453406060965,False,False,False
1790736111.311134,TRACK,0.009945206,0.0023186630000964215,0.34892603900973373,0.5247006700054522,0.6967550498756085,-0.002139844005725598,-0.001441910519828068,5.79321575175794e-05,0.3490658503988659,0.5235987755982988,0.6981317007977318,0.0,0.0,0.0,0.36519148112895006,2.6736272469855065,1.4164463394159819,CONTROL,1.0700000000000007,1790736111311134057,1790736111313846478,27111,914071500000,1790736111311014660,1,1,0,0.0008424900001955393,25,0.0,0.0,9.062747281194149e-05,0.010000000000000002,0.3432732466540104,2.5558478543692207,1.389658620500007,0.021918234474939683,0.1177793926162856,0.026787718915974767,0.36519148112895006,2.6736272469855065,1.4164463394159819,False,False,False
1790736111.3212621,TRACK,0.010128113000000001,0.0022406449998015887,0.34890457647181616,0.5246868041423864,0.6967556302024369,-0.0021527898622419176,-0.0013809283522854474,5.811114564805266e-05,0.3490658503988659,0.5235987755982988,0.6981317007977318,0.0,0.0,0.0,0.3674303510418979,2.676041179560193,1.4175728290739116,CONTROL,1.0800000000000007,1790736111321262130,1790736111323819687,27131,914081500000,1790736111321143094,1,1,0,0.0008076539998000953,25,0.0,0.0,9.213055894637905e-05,0.010000000000000002,0.3432732466540104,2.5558478543692207,1.389658620500007,0.024157104387887526,0.12019332519097259,0.02791420857390448,0.3674303510418979,2.676041179560193,1.4175728290739116,False,False,False
1790736111.331205,TRACK,0.009942832,0.002252357000088523,0.3488849573056294,0.5246743703607324,0.6967561560604874,-0.002221451477210994,-0.0013948240999062363,5.890270839527256e-05,0.3490658503988659,0.5235987755982988,0.6981317007977318,0.0,0.0,0.0,0.37008730240469445,2.6792402824180805,1.4189885093684127,CONTROL,1.0900000000000007,1790736111331204882,1790736111333772407,27149,914090500000,1790736111330939287,1,1,0,0.0008039670001380728,25,0.0,0.0,9.450084088015012e-05,0.010000000000000002,0.3432732466540104,2.5558478543692207,1.389658620500007,0.026814055750684084,0.12339242804886003,0.029329888868405724,0.37008730240469445,2.6792402824180805,1.4189885093684127,False,False,False
1790736111.3412132,TRACK,0.010008256,0.0022615749999204127,0.34886230262357554,0.5246607145955204,0.696756749281072,-0.002298696303267033,-0.0013396254545089145,5.959240619562403e-05,0.3490658503988659,0.5235987755982988,0.6981317007977318,0.0,0.0,0.0,0.3729077571568735,2.682015441723273,1.420212956655429,CONTROL,1.1000000000000008,1790736111341213207,1790736111343804709,27169,914100500000,1790736111341086847,1,1,0,0.0008139659998960269,25,0.0,0.0,9.631568341635229e-05,0.010000000000000002,0.3432732466540104,2.5558478543692207,1.389658620500007,0.02963451050286317,0.12616758735405242,0.03055433615542189,0.3729077571568735,2.682015441723273,1.420212956655429,False,False,False
1790736111.351275,TRACK,0.010061537,0.00236226600009104,0.3488357805337037,0.5246455858691137,0.6967574335260394,-0.0023461456015865245,-0.0013409862234583891,5.9621620376279364e-05,0.3490658503988659,0.5235987755982988,0.6981317007977318,0.0,0.0,0.0,0.37614832255055075,2.685890972001836,1.4218602645050882,CONTROL,1.1100000000000008,1790736111351274694,1790736111354053361,27184,914112000000,1790736111351147824,1,1,0,0.0008159690000866249,25,0.0,0.0,9.921677975771108e-05,0.010000000000000002,0.3432732466540104,2.5558478543692207,1.389658620500007,0.032875075896540394,0.13004311763261525,0.03220164400508114,0.37614832255055075,2.685890972001836,1.4218602645050882,False,False,False
1790736111.361192,TRACK,0.009917192,0.0024216890001298452,0.34881513914107565,0.5246341056384596,0.6967580212801381,-0.0021939643487432626,-0.0012063053423868085,5.840061031946089e-05,0.3490658503988659,0.5235987755982988,0.6981317007977318,0.0,0.0,0.0,0.37702804263059053,2.6865115948364755,1.422358636863483,CONTROL,1.1200000000000008,1790736111361191917,1790736111364016661,27204,914122000000,1790736111360854887,1,1,0,0.0008161989999280195,25,0.0,0.0,9.898858364948028e-05,0.010000000000000002,0.3432732466540104,2.5558478543692207,1.389658620500007,0.03375479597658018,0.13066374046725499,0.03270001636347613,0.37702804263059053,2.6865115948364755,1.422358636863483,False,False,False
1790736111.3711967,TRACK,0.01000517,0.0024051069999586616,0.3488030873521648,0.5246254262028271,0.6967585688026836,-0.0023218885266798888,-0.0015779944922250945,5.971691207747238e-05,0.3490658503988659,0.5235987755982988,0.6981317007977318,0.0,0.0,0.0,0.38142365130910116,2.695536763659967,1.4261113673696781,CONTROL,1.1300000000000008,1790736111371196777,1790736111373974111,27223,914132000000,1790736111370413860,1,1,0,0.0008668860000398126,26,0.0,0.0,8.738876099391359e-05,0.010000000000000002,0.3432732466540104,2.5558478543692207,1.389658620500007,0.0381504046550908,0.1396889092907462,0.03645274686967121,0.38142365130910116,2.695536763659967,1.4261113673696781,False,False,False
1790736111.3811917,TRACK,0.00999476,0.0023404540002047725,0.34880833239693665,0.5246243928566248,0.6967587742544539,-0.0023263548639880674,-0.0013916747028372002,5.890822458083975e-05,0.3490658503988659,0.5235987755982988,0.6981317007977318,0.0,0.0,0.0,0.3806402181836807,2.69301111147648,1.4254408070570836,CONTROL,1.1400000000000008,1790736111381191667,1790736111383868620,27242,914141500000,1790736111380871900,1,1,0,0.0008467479997307237,26,0.0,0.0,8.523807324928981e-05,0.010000000000000002,0.3432732466540104,2.5558478543692207,1.389658620500007,0.03736697152967033,0.13716325710725924,0.03578218655707656,0.3806402181836807,2.69301111147648,1.4254408070570836,False,False,False
1790736111.3911934,TRACK,0.010001573000000001,0.00230347399974562,0.34883331200692425,0.5246330140930366,0.6967589144466637,-0.002176177402868269,-0.0010776224921007626,0.00010436600807663295,0.3490658503988659,0.5235987755982988,0.6981317007977318,0.0,0.0,0.0,0.37531135414666594,2.6829882707938664,1.4219111505114992,CONTROL,1.1500000000000008,1790736111391193230,1790736111393845066,27264,914152500000,1790736111390712247,1,1,0,0.0008245449998867116,25,0.0,0.0,9.665381637746969e-05,0.010000000000000002,0.3432732466540104,2.5558478543692207,1.389658620500007,0.03203810749265557,0.12714041642464552,0.032252530011492184,0.37531135414666594,2.6829882707938664,1.4219111505114992,False,False,False
1790736111.4012773,TRACK,0.010083910000000001,0.0022415369999180257,0.34887441636660554,0.524648523164684,0.6967595247205254,0.011076043070206211,0.00438473939228989,-0.0001848683620634256,0.3490658503988659,0.5235987755982988,0.6981317007977318,0.0,0.0,0.0,0.2678037817870259,2.566709421709486,1.3834970877266455,CONTROL,1.1600000000000008,1790736111401277310,1790736111403837501,27286,914163500000,1790736111401156039,1,1,0,0.0006604539998988912,20,0.0,0.0,9.439791160516763e-05,0.1,0.3432732466540104,2.5558478543692207,1.389658620500007,-0.0754694648669845,0.010861567340265216,-0.0061615327733616065,0.2678037817870259,2.566709421709486,1.3834970877266455,False,False,False
1790736111.4112313,TRACK,0.009954002,0.0023470270002690086,0.34887893661933234,0.5246516724899211,0.6967602465702227,-0.000974381903421755,0.0005307183470499664,4.1292559296368615e-05,0.3490658503988659,0.5235987755982988,0.6981317007977318,0.0,0.0,0.0,0.35247619842019545,2.6431898887862024,1.407725584614477,CONTROL,1.1700000000000008,1790736111411231202,1790736111414019778,27307,914174000000,1790736111410973603,1,1,0,0.0008163900001818547,25,0.0,0.0,9.62432423295695e-05,0.010000000000000002,0.3432732466540104,2.5558478543692207,1.389658620500007,0.009202951766185068,0.08734203441698156,0.018066964114469918,0.35247619842019545,2.6431898887862024,1.407725584614477,False,False,False
1790736111.4211905,TRACK,0.009959193,0.002324985000086599,0.3488496963170302,0.5246521391193237,0.6967604450440459,-0.0014942370608615324,3.9757886051793696e-05,1.7657654727906138e-05,0.3490658503988659,0.5235987755982988,0.6981317007977318,0.0,0.0,0.0,0.36274411965719905,2.6569379110069207,1.4130160408056387,CONTROL,1.1800000000000008,1790736111421190525,1790736111423862088,27328,914184500000,1790736111420845810,1,1,0,0.000832981999792537,24,0.0,0.0,9.711732283301038e-05,0.010000000000000002,0.3432732466540104,2.5558478543692207,1.389658620500007,0.019470873003188678,0.10109005663769999,0.02335742030563181,0.36274411965719905,2.6569379110069207,1.4130160408056387,False,False,False
1790736111.4312403,TRACK,0.010049805,0.0022626670001955063,0.3488472250370025,0.524649061480714,0.6967606890508455,-0.001953045359384693,-0.001700918908155686,5.5481136792505836e-05,0.3490658503988659,0.5235987755982988,0.6981317007977318,0.0,0.0,0.0,0.3732519677349494,2.6833079529941095,1.4234520951272271,CONTROL,1.1900000000000008,1790736111431240290,1790736111433831210,27346,914193500000,1790736111430956511,1,1,0,0.0008100680001916771,25,0.0,0.0,9.901204985461752e-05,0.010000000000000002,0.3432732466540104,2.5558478543692207,1.389658620500007,0.029978721080939016,0.1274600986248887,0.033793474627220065,0.3732519677349494,2.6833079529941095,1.4234520951272271,False,False,False
1790736111.4412034,TRACK,0.009962980000000001,0.002500348000012309,0.3488661189999469,0.5246499169342167,0.6967608249275457,-0.0022871441905006956,-0.0015704924392414051,5.7680209553202e-05,0.3490658503988659,0.5235987755982988,0.6981317007977318,0.0,0.0,0.0,0.37401772622284735,2.682574387331813,1.4234182608719803,CONTROL,1.2000000000000008,1790736111441203119,1790736111444110450,27364,914203000000,1790736111440261591,1,1,0,0.000810379000085959,25,0.0,0.0,9.361868909661162e-05,0.010000000000000002,0.3432732466540104,2.5558478543692207,1.389658620500007,0.03074447956883694,0.12672653296259237,0.033759640371973425,0.37401772622284735,2.682574387331813,1.4234182608719803,False,False,False
1790736111.4512634,TRACK,0.010060084,0.0021547920000557497,0.34889909076412806,0.5246606769789119,0.6967613820125531,0.011205395928588689,0.004530041325102667,-7.360369988159711e-05,0.3490658503988659,0.5235987755982988,0.6981317007977318,0.0,0.0,0.0,0.2631358847279298,2.5584188979760847,1.3818783594862505,CONTROL,1.2100000000000009,1790736111451263223,1790736111453939305,27386,914214000000,1790736111451104231,1,1,0,0.0007013919998826168,21,0.0,0.0,5.3898371696521785e-05,0.010000000000000002,0.3432732466540104,2.5558478543692207,1.389658620500007,-0.08013736192608055,0.0025710436068641126,-0.007780261013756491,0.2631358847279298,2.5584188979760847,1.3818783594862505,False,False,False
1790736111.4611409,TRACK,0.009877517,0.002395720000095025,0.3489044274174917,0.5246650993255004,0.6967625299165188,-0.00020222868582621745,0.0010769253147034168,2.6698592730319817e-05,0.3490658503988659,0.5235987755982988,0.6981317007977318,0.0,0.0,0.0,0.3422260417798276,2.6266495286879636,1.403226991430676,CONTROL,1.2200000000000009,1790736111461140711,1790736111464009038,27406,914224000000,1790736111460709712,1,1,0,0.0008390530001634033,25,0.0,0.0,8.583735990005115e-05,0.010000000000000002,0.3432732466540104,2.5558478543692207,1.389658620500007,-0.0010472048741827324,0.07080167431874294,0.013568370930669127,0.3422260417798276,2.6266495286879636,1.403226991430676,False,False,False
1790736111.4712183,TRACK,0.010077958000000001,0.002340094000373938,0.3488655499318325,0.5246627747982773,0.6967627023618097,-0.0029043543213106487,-0.0002607815273306354,1.742264779608111e-05,0.3490658503988659,0.5235987755982988,0.6981317007977318,0.0,0.0,0.0,0.3710471101965932,2.660904633316593,1.4154718258655508,CONTROL,1.2300000000000009,1790736111471218168,1790736111474218966,27426,914234000000,1790736111470575497,1,1,0,0.0008349750000888889,25,0.0,0.0,8.235904124564598e-05,0.010000000000000002,0.3432732466540104,2.5558478543692207,1.389658620500007,0.02777386354258282,0.10505677894737236,0.025813205365543858,0.3710471101965932,2.660904633316593,1.4154718258655508,False,False,False
1790736111.4811902,TRACK,0.009971646,0.002326358000118489,0.34885239710561766,0.5246572085408845,0.6967629954367749,-0.0023519752258554356,-0.0024251539749747383,5.8248532352937776e-05,0.3490658503988659,0.5235987755982988,0.6981317007977318,0.0,0.0,0.0,0.37827537692165697,2.691876922751188,1.4281699393293692,CONTROL,1.2400000000000009,1790736111481190225,1790736111483977788,27446,914244000000,1790736111480920462,1,1,0,0.0008516980001331831,26,0.0,0.0,8.495876431385612e-05,0.010000000000000002,0.3432732466540104,2.5558478543692207,1.389658620500007,0.03500213026764658,0.1360290683819676,0.038511318829362276,0.37827537692165697,2.691876922751188,1.4281699393293692,False,False,False
1790736111.4911916,TRACK,0.010001003000000001,0.0023415260002366267,0.34888347141718423,0.5246631099003736,0.6967631402577656,-0.00206527712647686,-0.000984823951706419,5.2322355164041885e-05,0.3490658503988659,0.5235987755982988,0.6981317007977318,0.0,0.0,0.0,0.36822359062511445,2.668519172995981,1.41957483575438,CONTROL,1.2500000000000009,1790736111491191437,1790736111493991094,27465,914253500000,1790736111490773123,1,1,0,0.0008365680000679276,25,0.0,0.0,8.154322800173268e-05,0.010000000000000002,0.3432732466540104,2.5558478543692207,1.389658620500007,0.024950343971104072,0.11267131862676008,0.029916215254373147,0.36822359062511445,2.668519172995981,1.41957483575438,False,False,False
1790736111.501173,TRACK,0.009981484,0.0022432300002037664,0.34891809279841723,0.524674557561867,0.6967685000794792,0.01127958618358087,0.004507284350341215,-0.00013723145202927623,0.3490658503988659,0.5235987755982988,0.6981317007977318,0.0,0.0,0.0,0.2599171822149583,2.551827344222153,1.3809130662563738,CONTROL,1.260000000000001,1790736111501172872,1790736111503902015,27486,914264000000,1790736111501012197,1,1,0,0.000737300000309915,21,0.0,0.0,5.61050040685862e-05,0.010000000000000002,0.3432732466540104,2.5558478543692207,1.389658620500007,-0.08335606443905211,-0.0040205101470678975,-0.008745554243633177,0.2599171822149583,2.551827344222153,1.3809130662563738,False,False,False
1790736111.5111573,TRACK,0.009984872,0.0024093760002870113,0.34892210501454546,0.5246776238239379,0.6967708227006084,-0.0007480082171783285,0.0008508830455002221,1.7785861747004247e-05,0.3490658503988659,0.5235987755982988,0.6981317007977318,0.0,0.0,0.0,0.343890962062782,2.624763829726457,1.4037196084477161,CONTROL,1.270000000000001,1790736111511157363,1790736111514064002,27506,914274000000,1790736111510840130,1,1,0,0.0008477189999211987,25,0.0,0.0,8.441032213024545e-05,0.010000000000000002,0.3432732466540104,2.5558478543692207,1.389658620500007,0.0006177154087716406,0.06891597535723634,0.01406098794770911,0.343890962062782,2.624763829726457,1.4037196084477161,False,False,False
1790736111.521244,TRACK,0.010087085,0.0025498519999018754,0.34887658000945176,0.5246729934643444,0.6967709757629064,-0.004377351455978412,-0.0005569793036063065,1.707638331040185e-05,0.3490658503988659,0.5235987755982988,0.6981317007977318,0.0,0.0,0.0,0.3797509375462486,2.6639232804245996,1.4173832720388917,CONTROL,1.280000000000001,1790736111521244027,1790736111524413446,27524,914283000000,1790736111520731905,1,1,0,0.0008432610002273577,25,0.0,0.0,8.414130146466248e-05,0.010000000000000002,0.3432732466540104,2.5558478543692207,1.389658620500007,0.036477690892238256,0.10807542605537876,0.02772465153888474,0.3797509375462486,2.6639232804245996,1.4173832720388917,False,False,False
1790736111.5312777,TRACK,0.010032953,0.002286782000282983,0.3488596749796029,0.5246701531890139,0.6967711689810359,-0.001025022658522551,-0.0013239114859694462,4.100786599851229e-05,0.3490658503988659,0.5235987755982988,0.6981317007977318,0.0,0.0,0.0,0.36346575800765013,2.665740918954276,1.4199521583262749,CONTROL,1.290000000000001,1790736111531277641,1790736111533918245,27542,914292000000,1790736111531145240,1,1,0,0.0008074229999692761,25,0.0,0.0,7.985920658010501e-05,0.010000000000000002,0.3432732466540104,2.5558478543692207,1.389658620500007,0.02019251135363974,0.10989306458505527,0.03029353782626779,0.36346575800765013,2.665740918954276,1.4199521583262749,False,False,False
1790736111.541192,TRACK,0.009914237000000001,0.002219155000148021,0.348884686797307,0.5246682724911835,0.696771464892914,0.0037064201783853137,0.0011068866224903408,8.587794811582602e-05,0.3490658503988659,0.5235987755982988,0.6981317007977318,0.0,0.0,0.0,0.3202077894458261,2.6125747814477407,1.4016889110632564,CONTROL,1.300000000000001,1790736111541191988,1790736111543747251,27563,914302500000,1790736111540876810,1,1,0,0.0007515870001952862,22,0.0,0.0,8.814442394920855e-05,0.010000000000000002,0.3432732466540104,2.5558478543692207,1.389658620500007,-0.02306545720818426,0.05672692707851982,0.01203029056324948,0.3202077894458261,2.6125747814477407,1.4016889110632564,False,False,False
1790736111.5511935,TRACK,0.010001473,0.0024629770000501594,0.3488907211617214,0.5246657606661964,0.6967721571859511,-0.0021591147981704366,-0.0014010822254548901,5.604623537467453e-05,0.3490658503988659,0.5235987755982988,0.6981317007977318,0.0,0.0,0.0,0.36643537866289505,2.6646867341416294,1.4197257724378352,CONTROL,1.310000000000001,1790736111551193401,1790736111554283279,27581,914311500000,1790736111550841804,1,1,0,0.0008742909999455151,25,0.0,0.0,9.467374037191642e-05,0.010000000000000002,0.3432732466540104,2.5558478543692207,1.389658620500007,0.023162132008884676,0.10883887977240864,0.030067151937828065,0.36643537866289505,2.6646867341416294,1.4197257724378352,False,False,False
1790736111.561134,TRACK,0.009940517000000001,0.002400939000381186,0.3488699292763542,0.5246512735718047,0.6967727145834233,-0.002165277869331184,-0.0018591586002465548,5.714159771425605e-05,0.3490658503988659,0.5235987755982988,0.6981317007977318,0.0,0.0,0.0,0.37251519725109933,2.677778627348618,1.4250768085257213,CONTROL,1.320000000000001,1790736111561133958,1790736111563979332,27601,914321500000,1790736111560710584,1,1,0,0.0009034660001816519,25,0.0,0.0,8.860018048894304e-05,0.010000000000000002,0.3432732466540104,2.5558478543692207,1.389658620500007,0.029241950597088957,0.12193077297939704,0.035418188025714274,0.37251519725109933,2.677778627348618,1.4250768085257213,False,False,False
1790736111.5711646,TRACK,0.010030448,0.0024775949996183044,0.34885754663056545,0.524638935783746,0.6967734992576395,-0.002027248798870396,-0.0014756185187427256,5.5329294354537284e-05,0.3490658503988659,0.5235987755982988,0.6981317007977318,0.0,0.0,0.0,0.37198604512443784,2.6750244538479637,1.424283788062165,CONTROL,1.330000000000001,1790736111571164456,1790736111574192667,27620,914331000000,1790736111570171962,1,1,0,0.0008169009997800458,25,0.0,0.0,8.818628147385684e-05,0.010000000000000002,0.3432732466540104,2.5558478543692207,1.389658620500007,0.028712798470427434,0.11917659947874303,0.034625167562157964,0.37198604512443784,2.6750244538479637,1.424283788062165,False,False,False
1790736111.581142,TRACK,0.009977748,0.002308904999608785,0.34884780909906965,0.5246289752851219,0.6967759133157361,-0.0023224993126021083,-0.0018858623258914977,0.0007020368691037719,0.3490658503988659,0.5235987755982988,0.6981317007977318,0.0,0.0,0.0,0.37598987175178483,2.6797203184582474,1.4254448623463984,CONTROL,1.340000000000001,1790736111581141864,1790736111583942181,27640,914341000000,1790736111580504173,1,1,0,0.0008323100000779959,25,0.0,0.0,9.314544738428855e-05,0.010000000000000002,0.3432732466540104,2.5558478543692207,1.389658620500007,0.03271662509777444,0.12387246408902675,0.03578624184639146,0.37598987175178483,2.6797203184582474,1.4254448623463984,False,False,False
1790736111.591231,TRACK,0.010090211,0.0023605530000168073,0.34884888998210695,0.5246254266209247,0.6967781443971197,-0.002335777687206895,-0.0017338499660820234,0.000299580487848486,0.3490658503988659,0.5235987755982988,0.6981317007977318,0.0,0.0,0.0,0.37613612778827193,2.6802058441117675,1.4263727510036837,CONTROL,1.350000000000001,1790736111591230983,1790736111593990213,27655,914348500000,1790736111589005587,1,1,0,0.0008359580001524591,25,0.0,0.0,9.188073860538453e-05,0.010000000000000002,0.3432732466540104,2.5558478543692207,1.389658620500007,0.03286288113426156,0.12435798974254686,0.03671413050367658,0.37613612778827193,2.6802058441117675,1.4263727510036837,False,False,False
1790736111.6011393,TRACK,0.009906703000000001,0.0025143950001620397,0.34886646653125997,0.5246273924316949,0.696781152281043,0.009797676972320528,0.0036301076620876443,0.000702289493745084,0.3490658503988659,0.5235987755982988,0.6981317007977318,0.0,0.0,0.0,0.2782884262015494,2.5691077535863376,1.3884618236995325,CONTROL,1.360000000000001,1790736111601139078,1790736111604032533,27678,914360000000,1790736111601010264,1,1,0,0.0007157390000429587,19,0.0,0.0,9.663275036651924e-05,0.1,0.3432732466540104,2.5558478543692207,1.389658620500007,-0.06498482045246097,0.013259899217116783,-0.0011967968004745438,0.2782884262015494,2.5691077535863376,1.3884618236995325,False,False,False
1790736111.611202,TRACK,0.010062769000000001,0.002291141000114294,0.3488661965869593,0.5246241929378916,0.6967832908341207,-0.0016177134557467763,-0.0004438006091121063,5.0863107554877714e-05,0.3490658503988659,0.5235987755982988,0.6981317007977318,0.0,0.0,0.0,0.36223651132401435,2.654691792132327,1.417604803636428,CONTROL,1.370000000000001,1790736111611201868,1790736111613923406,27697,914369500000,1790736111610929651,1,1,0,0.0008291049998661038,26,0.0,0.0,8.13931355051297e-05,0.010000000000000002,0.3432732466540104,2.5558478543692207,1.389658620500007,0.018963264670003973,0.09884393776310638,0.027946183136421054,0.36223651132401435,2.654691792132327,1.417604803636428,False,False,False
1790736111.6211677,TRACK,0.009965505000000001,0.0023085039997567947,0.3488530091262376,0.524623783206013,0.6967835445509611,-0.00017286377025787461,-0.00013671135719509251,2.5305376054616933e-05,0.3490658503988659,0.5235987755982988,0.6981317007977318,0.0,0.0,0.0,0.3551715980955485,2.6497942987706677,1.4166001702474729,CONTROL,1.380000000000001,1790736111621167562,1790736111623925730,27719,914380500000,1790736111621039489,1,1,0,0.000805198999842105,24,0.0,0.0,8.50258947098502e-05,0.010000000000000002,0.3432732466540104,2.5558478543692207,1.389658620500007,0.01189835144153811,0.093946444401447,0.026941549747465782,0.3551715980955485,2.6497942987706677,1.4166001702474729,False,False,False
1790736111.6311407,TRACK,0.009973269,0.0023732760000712005,0.3488554208169541,0.5246180565064469,0.6967839653445345,-0.0021667182231777564,-0.0015457949215838802,0.00013117771175830793,0.3490658503988659,0.5235987755982988,0.6981317007977318,0.0,0.0,0.0,0.37332602739821064,2.6753225503276403,1.4258698118420594,CONTROL,1.390000000000001,1790736111631140672,1790736111633992207,27738,914390000000,1790736111630591289,1,1,0,0.0009018229998218885,25,0.0,0.0,9.417874192259204e-05,0.010000000000000002,0.3432732466540104,2.5558478543692207,1.389658620500007,0.030052780744200286,0.11947469595841981,0.03621119134205235,0.37332602739821064,2.6753225503276403,1.4258698118420594,False,False,False
1790736111.6411896,TRACK,0.010048622,0.002276914000049146,0.34886355329593144,0.5246138333355113,0.6967908612302103,-0.0023577182760375313,-0.0019321816008394388,0.0011784546261278488,0.3490658503988659,0.5235987755982988,0.6981317007977318,0.0,0.0,0.0,0.3754413834262162,2.6772129813187324,1.4255657277446214,CONTROL,1.400000000000001,1790736111641189364,1790736111643898328,27760,914401000000,1790736111640836214,1,1,0,0.0008280820002255496,25,0.0,0.0,8.83320173963917e-05,0.010000000000000002,0.3432732466540104,2.5558478543692207,1.389658620500007,0.03216813677220581,0.12136512694951158,0.03590710724461435,0.3754413834262162,2.6772129813187324,1.4255657277446214,False,False,False
1790736111.6511576,TRACK,0.00996821,0.0021763529998679587,0.3488859637657846,0.5246168539221863,0.6968018514146999,0.010301070900634023,0.0036662419470094645,0.001303494546692019,0.3490658503988659,0.5235987755982988,0.6981317007977318,0.0,0.0,0.0,0.2734708220297154,2.5630619284553866,1.38698754497109,CONTROL,1.410000000000001,1790736111651157534,1790736111653654926,27779,914411000000,1790736111651038658,1,1,0,0.0007037559998934739,20,0.0,0.0,9.14848475578399e-05,0.1,0.3432732466540104,2.5558478543692207,1.389658620500007,-0.069802424624295,0.007214074086166025,-0.0026710755289169326,0.2734708220297154,2.5630619284553866,1.38698754497109,False,False,False
1790736111.6611903,TRACK,0.010032772,0.0022751699998480035,0.34888987809983885,0.5246149176637296,0.6968110924050337,-0.0016023581659947942,-0.00012575819241536208,5.053504007108099e-05,0.3490658503988659,0.5235987755982988,0.6981317007977318,0.0,0.0,0.0,0.3582577955371295,2.6451770525693648,1.4150682545978464,CONTROL,1.420000000000001,1790736111661190046,1790736111663804701,27800,914421500000,1790736111660771551,1,1,0,0.0008235539999077446,25,0.0,0.0,9.657353762154751e-05,0.010000000000000002,0.3432732466540104,2.5558478543692207,1.389658620500007,0.014984548883119106,0.08932919820014427,0.02540963409783937,0.3582577955371295,2.6451770525693648,1.4150682545978464,False,False,False
1790736111.6712663,TRACK,0.010076065,0.0024518659997738723,0.34886470430441197,0.5246142012207446,0.6968113350718661,-0.0010847419361187413,-4.799022321537249e-05,1.7593997374120947e-05,0.3490658503988659,0.5235987755982988,0.6981317007977318,0.0,0.0,0.0,0.35976970596839203,2.648935694792536,1.4169813506072468,CONTROL,1.430000000000001,1790736111671266280,1790736111674016633,27822,914432500000,1790736111671144118,1,1,0,0.0008203080001294438,24,0.0,0.0,8.387963979281087e-05,0.010000000000000002,0.3432732466540104,2.5558478543692207,1.389658620500007,0.016496459314381633,0.09308784042331572,0.027322730107239922,0.35976970596839203,2.648935694792536,1.4169813506072468,False,False,False
1790736111.6812878,TRACK,0.010021130000000001,0.0024259360002361063,0.348865062844248,0.5246087121029746,0.6968116858791062,-0.0021850929934081067,-0.0018115509213007025,0.00012258447085860007,0.3490658503988659,0.5235987755982988,0.6981317007977318,0.0,0.0,0.0,0.3738440145950252,2.676681155176019,1.4275566169671863,CONTROL,1.440000000000001,1790736111681287571,1790736111684066308,27843,914443000000,1790736111681150521,1,1,0,0.0008358069999303552,25,0.0,0.0,9.385479245707139e-05,0.010000000000000002,0.3432732466540104,2.5558478543692207,1.389658620500007,0.030570767941014845,0.12083330080679851,0.03789799646717934,0.3738440145950252,2.676681155176019,1.4275566169671863,False,False,False
1790736111.6911983,TRACK,0.00991063,0.0024431100000583683,0.34888208912000795,0.5246074327321111,0.6968163917216326,-0.0022365993924716326,-0.0018547587398048825,0.0008978646704553947,0.3490658503988659,0.5235987755982988,0.6981317007977318,0.0,0.0,0.0,0.37310733654304273,2.674025710735632,1.4259268843715767,CONTROL,1.450000000000001,1790736111691198101,1790736111694068783,27863,914453000000,1790736111690761091,1,1,0,0.0009032059997480246,25,0.0,0.0,8.494831028150784e-05,0.010000000000000002,0.3432732466540104,2.5558478543692207,1.389658620500007,0.02983408988903234,0.11817785636641136,0.03626826387156965,0.37310733654304273,2.674025710735632,1.4259268843715767,False,False,False
1790736111.701195,TRACK,0.009996865,0.0023699409998698684,0.3489025826117782,0.524608931478963,0.6968274489474191,-0.0023429324900496053,-0.0020580406503464973,0.0020502060068014996,0.3490658503988659,0.5235987755982988,0.6981317007977318,0.0,0.0,0.0,0.371567331329282,2.6687682535703012,1.4227164763395865,CONTROL,1.460000000000001,1790736111701194895,1790736111703913027,27881,914462000000,1790736111700816386,1,1,0,0.0008507059997100441,25,0.0,0.0,8.311519751829646e-05,0.010000000000000002,0.3432732466540104,2.5558478543692207,1.389658620500007,0.028294084675271586,0.11292039920108055,0.03305785583957962,0.371567331329282,2.6687682535703012,1.4227164763395865,False,False,False
1790736111.7112634,TRACK,0.0100684,0.004672272999869165,0.3489348872231961,0.5246149814127978,0.69684691036398,0.011157810262861653,0.0037815192545814467,0.001869118437157007,0.3490658503988659,0.5235987755982988,0.6981317007977318,0.0,0.0,0.0,0.26212089124601423,2.5492399535940025,1.3828167458506326,CONTROL,1.470000000000001,1790736111711263255,1790736111716470253,27901,914472000000,1790736111710988183,1,1,0,0.0007212799996523245,21,0.0,0.0,6.57364333669028e-05,0.010000000000000002,0.3432732466540104,2.5558478543692207,1.389658620500007,-0.08115235540799616,-0.006607900775218105,-0.006841874649374435,0.26212089124601423,2.5492399535940025,1.3828167458506326,False,False,False
1790736111.7211905,TRACK,0.009926871,0.002244492000045284,0.3489402949616114,0.5246123830162883,0.6968625126594286,-0.0021391759593346214,-0.0007088685547656721,0.000998733215377045,0.3490658503988659,0.5235987755982988,0.6981317007977318,0.0,0.0,0.0,0.3577941584198236,2.6413618460226487,1.4135317020380653,CONTROL,1.480000000000001,1790736111721190357,1790736111723898179,27918,914480500000,1790736111721067974,1,1,0,0.0008133339997584699,25,0.0,0.0,9.810540371730085e-05,0.010000000000000002,0.3432732466540104,2.5558478543692207,1.389658620500007,0.014520911765813225,0.08551399165342798,0.023873081538058363,0.3577941584198236,2.6413618460226487,1.4135317020380653,False,False,False
1790736111.731198,TRACK,0.010008265,0.0023056689997247304,0.3489283270587382,0.524614321959036,0.6968634692726954,-0.0009172250298560668,-0.00041934419137129705,1.714217724430576e-05,0.3490658503988659,0.5235987755982988,0.6981317007977318,0.0,0.0,0.0,0.3534520655241392,2.642946887798042,1.416075623115412,CONTROL,1.490000000000001,1790736111731197931,1790736111733845649,27936,914489500000,1790736111729644842,1,1,0,0.0007810039996911655,23,0.0,0.0,9.853115814610516e-05,0.010000000000000002,0.3432732466540104,2.5558478543692207,1.389658620500007,0.010178818870128815,0.0870990334288213,0.026417002615405003,0.3534520655241392,2.642946887798042,1.416075623115412,False,False,False
1790736111.741141,TRACK,0.009942712000000001,0.002180320000206848,0.34892571626516045,0.5246028471261299,0.6968643701410762,-0.0023354950859176002,-0.0022396132575050365,0.00041352246589880477,0.3490658503988659,0.5235987755982988,0.6981317007977318,0.0,0.0,0.0,0.3704968016607711,2.673710789799249,1.427354440868986,CONTROL,1.500000000000001,1790736111741141093,1790736111743589573,27957,914501000000,1790736111740740943,1,1,0,0.0007863639998504368,25,0.0,0.0,9.067101516840844e-05,0.010000000000000002,0.3432732466540104,2.5558478543692207,1.389658620500007,0.02722355500676069,0.11786293543002829,0.03769582036897891,0.3704968016607711,2.673710789799249,1.427354440868986,False,False,False
1790736111.7512188,TRACK,0.010077808,0.0018834160000551492,0.3489322484334698,0.5245963299844218,0.69687140441131,-0.0022548292632508164,-0.0017530454138803375,0.0013324542011867368,0.3490658503988659,0.5235987755982988,0.6981317007977318,0.0,0.0,0.0,0.36722383951257237,2.6625400151510616,1.4221322466562654,CONTROL,1.5100000000000011,1790736111751218751,1790736111753348455,27978,914511500000,1790736111750765470,1,1,0,0.0006874260002405208,24,0.0,0.0,9.665820568292212e-05,0.010000000000000002,0.3432732466540104,2.5558478543692207,1.389658620500007,0.02395059285856198,0.10669216078184107,0.0324736261562583,0.36722383951257237,2.6625400151510616,1.4221322466562654,False,False,False
1790736111.7611914,TRACK,0.009972337000000001,0.0022084840002207784,0.3489405099159857,0.5245921103813904,0.6968878131715175,0.006728654086238328,0.002385434229983458,0.002389476613960574,0.3490658503988659,0.5235987755982988,0.6981317007977318,0.0,0.0,0.0,0.2940938972995443,2.57424097861129,1.3905924243743841,CONTROL,1.5200000000000011,1790736111761191218,1790736111763703008,27996,914520500000,1790736111760912649,1,1,0,0.0005795800002488249,17,0.0,0.0,9.766186429154729e-05,0.1,0.3432732466540104,2.5558478543692207,1.389658620500007,-0.049179349354466044,0.01839312424206902,0.000933803874377032,0.2940938972995443,2.57424097861129,1.3905924243743841,False,False,False
1790736111.7711866,TRACK,0.009995001,0.002070060999812995,0.3489267370913893,0.5245807763710486,0.6969005920281117,-0.0007221561364163766,6.890371480093929e-05,3.635561022629361e-05,0.3490658503988659,0.5235987755982988,0.6981317007977318,0.0,0.0,0.0,0.34983485588375574,2.6358978238275546,1.4140471907224788,CONTROL,1.5300000000000011,1790736111771186480,1790736111773468343,28017,914531000000,1790736111770827398,1,1,0,0.0007848000000194588,25,0.0,0.0,8.105999152135017e-05,0.010000000000000002,0.3432732466540104,2.5558478543692207,1.389658620500007,0.006561609229745361,0.08004996945833373,0.024388570222471657,0.34983485588375574,2.6358978238275546,1.4140471907224788,False,False,False
1790736111.781222,TRACK,0.010035137000000001,0.001914275000217458,0.3489003633638301,0.5245738517833249,0.6969007678161225,-0.0015568731000480626,-0.00034449900203809556,1.737435795856222e-05,0.3490658503988659,0.5235987755982988,0.6981317007977318,0.0,0.0,0.0,0.36097412284627717,2.6492910807584145,1.4190414359960482,CONTROL,1.5400000000000011,1790736111781221787,1790736111783395895,28037,914541000000,1790736111781107890,1,1,0,0.0007047280000733736,24,0.0,0.0,8.900060247008708e-05,0.010000000000000002,0.3432732466540104,2.5558478543692207,1.389658620500007,0.017700876192266804,0.0934432263891938,0.029382815496041142,0.36097412284627717,2.6492910807584145,1.4190414359960482,False,False,False
1790736111.7911904,TRACK,0.009968900000000001,0.002058469000076002,0.3488965016280847,0.5245685006813074,0.6969013349619941,-0.0020701291060443217,-0.0018397580565062295,0.00022848826311652396,0.3490658503988659,0.5235987755982988,0.6981317007977318,0.0,0.0,0.0,0.37101561940489675,2.6723156111688287,1.4278898219407803,CONTROL,1.5500000000000012,1790736111791190157,1790736111793612246,28057,914551000000,1790736111790668516,1,1,0,0.0007100679999894055,25,0.0,0.0,8.798921718693926e-05,0.010000000000000002,0.3432732466540104,2.5558478543692207,1.389658620500007,0.027742372750886382,0.11646775679960804,0.03823120144077322,0.37101561940489675,2.6723156111688287,1.4278898219407803,False,False,False
1790736111.801168,TRACK,0.009977217,0.0018637190000845294,0.34891679321250546,0.524567490100222,0.6969116934203412,-0.0019975237010789472,-0.0015363407647237103,0.0014962873743725386,0.3490658503988659,0.5235987755982988,0.6981317007977318,0.0,0.0,0.0,0.3665052780414465,2.659485145001496,1.4216247604331416,CONTROL,1.5600000000000012,1790736111801167844,1790736111803285886,28078,914561500000,1790736111800739932,1,1,0,0.0006615859997509688,24,0.0,0.0,9.460181094308838e-05,0.010000000000000002,0.3432732466540104,2.5558478543692207,1.389658620500007,0.02323203138743612,0.10363729063227528,0.03196613993313447,0.3665052780414465,2.659485145001496,1.4216247604331416,False,False,False
1790736111.8111968,TRACK,0.010029607000000001,0.0018080939998981194,0.34894031665186986,0.5245675994112187,0.6969335049773906,0.01076701707118959,0.003414282696033733,0.002290708580336984,0.3490658503988659,0.5235987755982988,0.6981317007977318,0.0,0.0,0.0,0.26547710785406453,2.5514374691224675,1.384670728046917,CONTROL,1.5700000000000012,1790736111811196789,1790736111813274585,28098,914571500000,1790736111810564539,1,1,0,0.0005982659999972384,21,0.0,0.0,5.852332390389996e-05,0.010000000000000002,0.3432732466540104,2.5558478543692207,1.389658620500007,-0.07779613879994582,-0.004410385246753104,-0.004987892453089966,0.26547710785406453,2.5514374691224675,1.384670728046917,False,False,False
1790736111.8211825,TRACK,0.009985121000000001,0.0019715240000550693,0.348934135882379,0.5245629900187243,0.6969471089969335,-0.00014652169069233922,0.0013124688131494477,2.4655218711168263e-05,0.3490658503988659,0.5235987755982988,0.6981317007977318,0.0,0.0,0.0,0.33920434045810616,2.6118901873076457,1.4056328962193467,CONTROL,1.5800000000000012,1790736111821182502,1790736111823510683,28119,914582000000,1790736111820866743,1,1,0,0.0007234739996420103,24,0.0,0.0,9.285461985334727e-05,0.010000000000000002,0.3432732466540104,2.5558478543692207,1.389658620500007,-0.004068906195904204,0.0560423329384249,0.015974275719339733,0.33920434045810616,2.6118901873076457,1.4056328962193467,False,False,False
1790736111.8312554,TRACK,0.010075013,0.0019564760000321257,0.3489065868007195,0.5245601089214391,0.6969472015306235,-0.005960682416233354,-0.0008765947635257861,1.7725165652724296e-05,0.3490658503988659,0.5235987755982988,0.6981317007977318,0.0,0.0,0.0,0.39087964473593506,2.6685041880621907,1.4251905083059022,CONTROL,1.5900000000000012,1790736111831255391,1790736111833520703,28130,914587500000,1790736111826284280,1,1,0,0.0006834179998804757,25,0.0,0.0,8.817198580308134e-05,0.010000000000000002,0.3432732466540104,2.5558478543692207,1.389658620500007,0.047606398081924656,0.11265633369297004,0.03553188780589512,0.39087964473593506,2.6685041880621907,1.4251905083059022,False,False,False
1790736111.8412657,TRACK,0.010008216,0.0023770439997861104,0.34886936229257604,0.5245467867939535,0.6969478325362819,-0.002207213565852639,-0.0029554383231329795,0.00012460784319650963,0.3490658503988659,0.5235987755982988,0.6981317007977318,0.0,0.0,0.0,0.3794536167317072,2.689819270950627,1.4353955418474806,CONTROL,1.6000000000000012,1790736111841265710,1790736111843982219,28156,914602500000,1790736111841136976,1,1,0,0.0008099890001176391,25,0.0,0.0,9.473895259676098e-05,0.010000000000000002,0.3432732466540104,2.5558478543692207,1.389658620500007,0.03618037007769684,0.13397141658140596,0.04573692134747361,0.3794536167317072,2.689819270950627,1.4353955418474806,False,False,False
1790736111.851218,TRACK,0.009953181,0.001924714999859134,0.34891047971400635,0.5245520675198039,0.6969512821943629,0.010726055566206125,0.004142503213082925,0.00048382925655060353,0.3490658503988659,0.5235987755982988,0.6981317007977318,0.0,0.0,0.0,0.26819721766128024,2.554169867763803,1.3885003216384104,CONTROL,1.6100000000000012,1790736111851217990,1790736111853452373,28174,914611500000,1790736111849973156,1,1,0,0.0006685599996671954,21,0.0,0.0,6.710246002932535e-05,0.010000000000000002,0.3432732466540104,2.5558478543692207,1.389658620500007,-0.07507602899273015,-0.001677986605417703,-0.001158298861596543,0.26819721766128024,2.554169867763803,1.3885003216384104,False,False,False
1790736111.8611836,TRACK,0.009964442,0.0019115699997200863,0.34892201130643485,0.5245545712605288,0.6969739456720823,-0.001214995501468842,0.0006657102347204902,0.0006710851735873453,0.3490658503988659,0.5235987755982988,0.6981317007977318,0.0,0.0,0.0,0.34944284834110995,2.620975251899642,1.408576261868167,CONTROL,1.6200000000000012,1790736111861183424,1790736111863339479,28196,914622500000,1790736111860812099,1,1,0,0.0006836279999333783,25,0.0,0.0,8.051386470205995e-05,0.010000000000000002,0.3432732466540104,2.5558478543692207,1.389658620500007,0.006169601687099545,0.06512739753042146,0.018917641368160033,0.34944284834110995,2.620975251899642,1.408576261868167,False,False,False
1790736111.871192,TRACK,0.010008887000000001,0.0019055190000472066,0.34890262027155217,0.5245562969841728,0.6969742055895618,-0.0007659992171016511,-0.00041949054741885245,1.7232537777871768e-05,0.3490658503988659,0.5235987755982988,0.6981317007977318,0.0,0.0,0.0,0.35534027370038446,2.6420010483180265,1.41797422586858,CONTROL,1.6300000000000012,1790736111871191870,1790736111873355409,28216,914632500000,1790736111870705817,1,1,0,0.0007128829997782304,24,0.0,0.0,8.064649221388791e-05,0.010000000000000002,0.3432732466540104,2.5558478543692207,1.389658620500007,0.012067027046374088,0.08615319394880597,0.02831560536857295,0.35534027370038446,2.6420010483180265,1.41797422586858,False,False,False
1790736111.8812323,TRACK,0.010039916000000001,0.0020043570002599154,0.3488989047065596,0.5245477153354674,0.696974773271799,-0.0021173222607556714,-0.0022276215338359355,3.950767272521485e-05,0.3490658503988659,0.5235987755982988,0.6981317007977318,0.0,0.0,0.0,0.37207255880456735,2.6731040595805236,1.4297987052548957,CONTROL,1.6400000000000012,1790736111881232037,1790736111883517747,28232,914640500000,1790736111881110566,1,1,0,0.0007120629998098593,25,0.0,0.0,8.954659506707084e-05,0.010000000000000002,0.3432732466540104,2.5558478543692207,1.389658620500007,0.028799312150557005,0.11725620521130306,0.040140084754888734,0.37207255880456735,2.6731040595805236,1.4297987052548957,False,False,False
1790736111.8911805,TRACK,0.009948001000000001,0.0018622570000843552,0.3489150991427161,0.5245433862728186,0.6969858504750985,0.011341254350435322,0.0037485705640412257,0.00177889447857472,0.3490658503988659,0.5235987755982988,0.6981317007977318,0.0,0.0,0.0,0.2639192667820428,2.548389157494573,1.3856258545539155,CONTROL,1.6500000000000012,1790736111891180278,1790736111893311476,28252,914650500000,1790736111890782132,1,1,0,0.0006333229998745082,21,0.0,0.0,8.073000085062095e-05,0.010000000000000002,0.3432732466540104,2.5558478543692207,1.389658620500007,-0.07935397987196754,-0.007458696874647418,-0.004032765946091432,0.2639192667820428,2.548389157494573,1.3856258545539155,False,False,False
1790736111.9011505,TRACK,0.009970484,0.001995959999931074,0.3489112480099221,0.5245409444557998,0.6970010759246654,-4.973639254153066e-05,0.001522414097736464,1.7467918765211223e-05,0.3490658503988659,0.5235987755982988,0.6981317007977318,0.0,0.0,0.0,0.33945730384393447,2.6065252252007625,1.404785437135087,CONTROL,1.6600000000000013,1790736111901150442,1790736111903416205,28270,914659500000,1790736111900746956,1,1,0,0.0006679080001958937,24,0.0,0.0,9.037831347843246e-05,0.010000000000000002,0.3432732466540104,2.5558478543692207,1.389658620500007,-0.0038159428100759136,0.050677370831541634,0.01512681663507993,0.33945730384393447,2.6065252252007625,1.404785437135087,False,False,False
1790736111.9112017,TRACK,0.010050717,0.0018400849999125057,0.34885698660527087,0.5245342470468746,0.6970012618641612,-0.003688117662682993,-0.000809370006704636,1.695611183989915e-05,0.3490658503988659,0.5235987755982988,0.6981317007977318,0.0,0.0,0.0,0.3799364469947203,2.6597956045847835,1.4239361392784464,CONTROL,1.6700000000000013,1790736111911201459,1790736111913272301,28292,914670500000,1790736111910977323,1,1,0,0.0006742400000803173,25,0.0,0.0,8.082020685981533e-05,0.010000000000000002,0.3432732466540104,2.5558478543692207,1.389658620500007,0.036663200340709884,0.10394775021556266,0.034277518778439445,0.3799364469947203,2.6597956045847835,1.4239361392784464,False,False,False
1790736111.921226,TRACK,0.010024637000000001,0.002153037999960361,0.3488465231691942,0.52452614521484,0.6970015644013166,0.011286495127851258,0.002922089689837943,-0.0002009038266606772,0.3490658503988659,0.5235987755982988,0.6981317007977318,0.0,0.0,0.0,0.2745190505418463,2.570184576444487,1.3964893650745833,CONTROL,1.6800000000000013,1790736111921226106,1790736111923775767,28313,914681000000,1790736111920988174,1,1,0,0.0005427500000223517,20,0.0,0.0,9.34904897977526e-05,0.1,0.3432732466540104,2.5558478543692207,1.389658620500007,-0.06875419611216411,0.014336722075266362,0.006830744574576383,0.2745190505418463,2.570184576444487,1.3964893650745833,False,False,False
1790736111.9311333,TRACK,0.009907244,0.001907452000068588,0.3488506239425684,0.5245204005209336,0.6970032244565965,-0.0009442882566194786,0.00035989618478220447,4.014056946370333e-05,0.3490658503988659,0.5235987755982988,0.6981317007977318,0.0,0.0,0.0,0.3564803921775262,2.632588379851609,1.4149991743967332,CONTROL,1.6900000000000013,1790736111931133249,1790736111933334289,28334,914691500000,1790736111931025174,1,1,0,0.000726929999927961,25,0.0,0.0,8.271338012571977e-05,0.010000000000000002,0.3432732466540104,2.5558478543692207,1.389658620500007,0.013207145523515795,0.07674052548238834,0.02534055389672609,0.3564803921775262,2.632588379851609,1.4149991743967332,False,False,False
1790736111.9411652,TRACK,0.01003207,0.0019010599999091937,0.34881954089639233,0.5245203267599834,0.6970034109585481,-0.001989722761552374,-0.00017886261862833796,1.7344094697561074e-05,0.3490658503988659,0.5235987755982988,0.6981317007977318,0.0,0.0,0.0,0.37035876464015133,2.648416519712679,1.4207651635226,CONTROL,1.7000000000000013,1790736111941165060,1790736111943302298,28354,914701500000,1790736111940721137,1,1,0,0.0006803020000916149,24,0.0,0.0,8.657686856672301e-05,0.010000000000000002,0.3432732466540104,2.5558478543692207,1.389658620500007,0.027085517986140933,0.09256866534345845,0.031106543022593056,0.37035876464015133,2.648416519712679,1.4207651635226,False,False,False
1790736111.9511902,TRACK,0.010024848000000001,0.0019869729999300034,0.34882248959547013,0.5245146268563232,0.6970045287752185,0.011035600744899975,0.0033258096661526446,-0.00010799866269397564,0.3490658503988659,0.5235987755982988,0.6981317007977318,0.0,0.0,0.0,0.2767112151493358,2.5660180960357932,1.395146908708533,CONTROL,1.7100000000000013,1790736111951190077,1790736111953490426,28375,914712000000,1790736111950959600,1,1,0,0.0006022640000082902,19,0.0,0.0,9.995271348615698e-05,0.1,0.3432732466540104,2.5558478543692207,1.389658620500007,-0.0665620315046746,0.010170241666572731,0.0054882882085260445,0.2767112151493358,2.5660180960357932,1.395146908708533,False,False,False
1790736111.9613044,TRACK,0.010114417,0.002353508999931364,0.3488236637274982,0.5245082638648535,0.697007692179207,-0.0007912586276895748,6.63405386266303e-05,3.733065727255162e-05,0.3490658503988659,0.5235987755982988,0.6981317007977318,0.0,0.0,0.0,0.3593614667547452,2.6377677422872536,1.417625961354354,CONTROL,1.7200000000000013,1790736111961304224,1790736111963981689,28392,914721000000,1790736111961149641,1,1,0,0.000826227999823459,25,0.0,0.0,8.646297701101746e-05,0.010000000000000002,0.3432732466540104,2.5558478543692207,1.389658620500007,0.01608822010073478,0.08191988791803283,0.027967340854346955,0.3593614667547452,2.6377677422872536,1.417625961354354,False,False,False
1790736111.971182,TRACK,0.009877327,0.0018891370000346797,0.34880139962201273,0.5245062796286986,0.6970078757092089,-0.0006160305379398142,-0.00011675383148781454,1.736349660816036e-05,0.3490658503988659,0.5235987755982988,0.6981317007977318,0.0,0.0,0.0,0.363698940220741,2.6454954200647807,1.4208687882375948,CONTROL,1.7300000000000013,1790736111971181992,1790736111973346262,28412,914731000000,1790736111970885559,1,1,0,0.0006698719998894376,24,0.0,0.0,8.100915183246794e-05,0.010000000000000002,0.3432732466540104,2.5558478543692207,1.389658620500007,0.02042569356673065,0.08964756569555996,0.031210167737587703,0.363698940220741,2.6454954200647807,1.4208687882375948,False,False,False
1790736111.98122,TRACK,0.010037842,0.0018315279999114864,0.3488079673927924,0.5244991068258296,0.6970102301607182,0.011048716161183726,0.0030810325858800043,0.0008295472692420374,0.3490658503988659,0.5235987755982988,0.6981317007977318,0.0,0.0,0.0,0.2782434454367098,2.565551854032882,1.3944383139124203,CONTROL,1.7400000000000013,1790736111981219804,1790736111983354348,28432,914741000000,1790736111981094296,1,1,0,0.0005602840001301956,19,0.0,0.0,9.550446991567729e-05,0.1,0.3432732466540104,2.5558478543692207,1.389658620500007,-0.06502980121730055,0.009703999663661365,0.004779693412413246,0.2782434454367098,2.565551854032882,1.3944383139124203,False,False,False
1790736111.9913049,TRACK,0.010084891,0.0019400940000195988,0.348801779483912,0.5244896775821877,0.6970154176456522,-0.0006709728773380333,0.00028244645704640463,3.525815684967673e-05,0.3490658503988659,0.5235987755982988,0.6981317007977318,0.0,0.0,0.0,0.3606490424509079,2.637454158033995,1.4180515992494116,CONTROL,1.7500000000000013,1790736111991304675,1790736111993526324,28452,914751000000,1790736111991174959,1,1,0,0.0006906119997438509,25,0.0,0.0,8.60362723008422e-05,0.010000000000000002,0.3432732466540104,2.5558478543692207,1.389658620500007,0.017375795796897523,0.08160630366477432,0.028392978749404666,0.3606490424509079,2.637454158033995,1.4180515992494116,False,False,False
1790736112.0012755,TRACK,0.009970695,0.001965833000213024,0.3487792664679059,0.524485738124687,0.6970155851559983,-0.000636996461512472,-0.0003350455390495606,1.7234212110351396e-05,0.3490658503988659,0.5235987755982988,0.6981317007977318,0.0,0.0,0.0,0.3675739180663985,2.651611758288689,1.4237512672846944,CONTROL,1.7600000000000013,1790736112001275470,1790736112003568224,28471,914760500000,1790736112001162946,1,1,0,0.0006681889999526902,24,0.0,0.0,8.764283413821838e-05,0.010000000000000002,0.3432732466540104,2.5558478543692207,1.389658620500007,0.02430067141238813,0.09576390391946837,0.034092646784687305,0.3675739180663985,2.651611758288689,1.4237512672846944,False,False,False
1790736112.0111969,TRACK,0.009921701,0.0017402749999746447,0.34878574349102553,0.5244783413229017,0.6970180586107273,0.011146869390512059,0.0031037884608259856,0.0007514150344824807,0.3490658503988659,0.5235987755982988,0.6981317007977318,0.0,0.0,0.0,0.2806593512560883,2.5687398638697503,1.3963128263013587,CONTROL,1.7700000000000014,1790736112011196640,1790736112013165169,28490,914770000000,1790736112010210418,1,1,0,0.0005310080000526796,19,0.0,0.0,9.33378819083468e-05,0.1,0.3432732466540104,2.5558478543692207,1.389658620500007,-0.06261389539792207,0.012892009500529586,0.0066542058013516914,0.2806593512560883,2.5687398638697503,1.3963128263013587,False,False,False
1790736112.0211802,TRACK,0.009983028000000001,0.0018446330000188027,0.3487794225296881,0.5244679336847051,0.697029782919691,-0.000564196903118141,0.0008334719844549179,3.309763372346449e-05,0.3490658503988659,0.5235987755982988,0.6981317007977318,0.0,0.0,0.0,0.3611450660605518,2.6334016815778933,1.4168970718007134,CONTROL,1.7800000000000014,1790736112021180109,1790736112023251473,28512,914781000000,1790736112020883666,1,1,0,0.0006812439996792818,25,0.0,0.0,8.251769676159067e-05,0.010000000000000002,0.3432732466540104,2.5558478543692207,1.389658620500007,0.017871819406541443,0.07755382720867267,0.027238451300706394,0.3611450660605518,2.6334016815778933,1.4168970718007134,False,False,False
1790736112.0311947,TRACK,0.01001555,0.002337179000278411,0.34874983420905714,0.5244646808704347,0.6970299477951731,-0.0014091084269289371,-0.0004203990394385136,1.7156776785191776e-05,0.3490658503988659,0.5235987755982988,0.6981317007977318,0.0,0.0,0.0,0.37635240733238884,2.6583099132023777,1.4263332565937445,CONTROL,1.7900000000000014,1790736112031194627,1790736112033922397,28531,914790500000,1790736112030296251,1,1,0,0.0007838490000722231,24,0.0,0.0,9.691448657700638e-05,0.010000000000000002,0.3432732466540104,2.5558478543692207,1.389658620500007,0.03307916067837848,0.10246205883315708,0.036674636093737494,0.37635240733238884,2.6583099132023777,1.4263332565937445,False,False,False
1790736112.0411437,TRACK,0.009947811,0.0019676560000334575,0.3487576842711606,0.5244559965856554,0.6970330973984793,-0.0020387853897773822,-0.0023536039268375834,0.0010516178956917542,0.3490658503988659,0.5235987755982988,0.6981317007977318,0.0,0.0,0.0,0.38779863539397924,2.6842432205278994,1.4353132535805795,CONTROL,1.8000000000000014,1790736112041143570,1790736112043399154,28553,914801500000,1790736112041042639,1,1,0,0.0007166609998421336,25,0.0,0.0,9.462673983139549e-05,0.010000000000000002,0.3432732466540104,2.5558478543692207,1.389658620500007,0.044525388739968884,0.1283953661586786,0.045654633080572465,0.38779863539397924,2.6842432205278994,1.4353132535805795,False,False,False
1790736112.0512445,TRACK,0.010101002000000001,0.0018043659997601935,0.3487997078524918,0.5244573731707334,0.6970526194653428,0.011276611184038617,0.0032065921623207205,0.002433762293802345,0.3490658503988659,0.5235987755982988,0.6981317007977318,0.0,0.0,0.0,0.28024482807238993,2.5637939868352264,1.3931013797191263,CONTROL,1.8100000000000014,1790736112051244322,1790736112053322418,28573,914811500000,1790736112051007532,1,1,0,0.0005731590003961173,20,0.0,0.0,8.901381722532866e-05,0.1,0.3432732466540104,2.5558478543692207,1.389658620500007,-0.06302841858162044,0.007946132466005701,0.0034427592191193196,0.28024482807238993,2.5637939868352264,1.3931013797191263,False,False,False
1790736112.0611894,TRACK,0.009945036,0.0021548019999499957,0.3488063703794477,0.524451881963711,0.6970823155902139,-0.0017302325405051733,-0.0006688024123289163,0.0026162842857556596,0.3490658503988659,0.5235987755982988,0.6981317007977318,0.0,0.0,0.0,0.37044329203506093,2.6411828762878327,1.4167313312261587,CONTROL,1.8200000000000014,1790736112061189287,1790736112063603262,28592,914821000000,1790736112060873978,1,1,0,0.0007958420001159539,25,0.0,0.0,9.330142046958383e-05,0.010000000000000002,0.3432732466540104,2.5558478543692207,1.389658620500007,0.027170045381050546,0.08533502191861195,0.02707271072615171,0.37044329203506093,2.6411828762878327,1.4167313312261587,False,False,False
1790736112.0712113,TRACK,0.010022733,0.0021618749997287523,0.34879235094905603,0.5244545885563374,0.6970861555234937,-0.00038237388834598833,-0.00035294054170649476,1.7123154018037763e-05,0.3490658503988659,0.5235987755982988,0.6981317007977318,0.0,0.0,0.0,0.367153404977495,2.6507430324429713,1.4242655133232978,CONTROL,1.8300000000000014,1790736112071211339,1790736112073773785,28611,914830500000,1790736112070130988,1,1,0,0.00077981100002944,24,0.0,0.0,8.3716750552712e-05,0.010000000000000002,0.3432732466540104,2.5558478543692207,1.389658620500007,0.02388015832348462,0.09489517807375074,0.03460689282329075,0.367153404977495,2.6507430324429713,1.4242655133232978,False,False,False
1790736112.0815263,TRACK,0.01031542,0.002111338999839063,0.3488047336082989,0.5244444059527211,0.6970890701225074,0.011265629273359622,0.002999284203895343,0.0007230125582894997,0.3490658503988659,0.5235987755982988,0.6981317007977318,0.0,0.0,0.0,0.280648619651668,2.568964042358785,1.3972389771916727,CONTROL,1.8400000000000014,1790736112081526238,1790736112084116487,28628,914841000000,1790736112080933051,1,1,0,0.0006229129999155703,19,0.0,0.0,9.273116526234624e-05,0.1,0.3432732466540104,2.5558478543692207,1.389658620500007,-0.06262462700234242,0.013116187989564336,0.007580356691665665,0.280648619651668,2.568964042358785,1.3972389771916727,False,False,False
1790736112.091141,TRACK,0.009613265000000001,0.0021092659999339958,0.34880122764840404,0.5244363393794567,0.6970962670201692,-0.000609482227509826,0.0004007639236105528,3.410006407989939e-05,0.3490658503988659,0.5235987755982988,0.6981317007977318,0.0,0.0,0.0,0.3632045547954661,2.638375187144523,1.4196489155519056,CONTROL,1.8500000000000014,1790736112091140866,1790736112093486050,28647,914850500000,1790736112091013324,1,1,0,0.0007838490000722231,25,0.0,0.0,8.584577491099491e-05,0.010000000000000002,0.3432732466540104,2.5558478543692207,1.389658620500007,0.019931308141455707,0.08252733277530214,0.029990295051898583,0.3632045547954661,2.638375187144523,1.4196489155519056,False,False,False
1790736112.101198,TRACK,0.010057149000000001,0.0018543720002526243,0.3487798967552296,0.5244343536342297,0.6970964342984058,-0.0003856499860090725,-0.00016655026424993764,1.7225215327379352e-05,0.3490658503988659,0.5235987755982988,0.6981317007977318,0.0,0.0,0.0,0.36849827847760325,2.6507296247655643,1.4247154110549796,CONTROL,1.8600000000000014,1790736112101197814,1790736112103306990,28666,914860000000,1790736112100114267,1,1,0,0.0006563659999301308,24,0.0,0.0,8.650264244460028e-05,0.010000000000000002,0.3432732466540104,2.5558478543692207,1.389658620500007,0.02522503182359287,0.0948817703963436,0.03505679055497265,0.36849827847760325,2.6507296247655643,1.4247154110549796,False,False,False
1790736112.1112893,TRACK,0.010091133,0.0018912309997176635,0.34879054182352043,0.5244258860739084,0.6971018155159965,0.011268666352311269,0.002982164495367054,0.001313255913806994,0.3490658503988659,0.5235987755982988,0.6981317007977318,0.0,0.0,0.0,0.28254566365878847,2.568906053152077,1.396939857170447,CONTROL,1.8700000000000014,1790736112111289138,1790736112113492152,28685,914870500000,1790736112111160203,1,1,0,0.0005729780000365281,19,0.0,0.0,9.06860393731364e-05,0.1,0.3432732466540104,2.5558478543692207,1.389658620500007,-0.06072758299522193,0.013058198782856535,0.0072812366704399605,0.28254566365878847,2.568906053152077,1.396939857170447,False,False,False
1790736112.1211977,TRACK,0.009908717000000001,0.00206339799979105,0.34879156870992656,0.5244178860220101,0.6971149884274443,-0.0007248615780342065,0.0003440807772266219,3.610268612929714e-05,0.3490658503988659,0.5235987755982988,0.6981317007977318,0.0,0.0,0.0,0.36607992285395047,2.6413889174726055,1.421116796153549,CONTROL,1.8800000000000014,1790736112121197665,1790736112123844962,28706,914881000000,1790736112120919907,1,1,0,0.0007041569997454644,25,0.0,0.0,8.877191693662733e-05,0.010000000000000002,0.3432732466540104,2.5558478543692207,1.389658620500007,0.022806676199940076,0.08554106310338488,0.03145817565354184,0.36607992285395047,2.6413889174726055,1.421116796153549,False,False,False
1790736112.131204,TRACK,0.010006422000000001,0.0019827750002150424,0.3487720836306716,0.5244167800615065,0.6971151699348481,-3.761857927470669e-05,-0.0001242359528657347,1.897167421274533e-05,0.3490658503988659,0.5235987755982988,0.6981317007977318,0.0,0.0,0.0,0.3679625719708821,2.6510006368475394,1.4253454707079514,CONTROL,1.8900000000000015,1790736112131203786,1790736112133487753,28726,914891000000,1790736112130917452,1,1,0,0.0006836279999333783,24,0.0,0.0,8.537059981473154e-05,0.010000000000000002,0.3432732466540104,2.5558478543692207,1.389658620500007,0.024689325316871763,0.09515278247831858,0.03568685020794436,0.3679625719708821,2.6510006368475394,1.4253454707079514,False,False,False
1790736112.1412256,TRACK,0.010021191,0.00238278500000888,0.3487798487334972,0.5244060617688824,0.6971228064057118,-0.002292290848766313,-0.0028993553483368383,0.002352606926327391,0.3490658503988659,0.5235987755982988,0.6981317007977318,0.0,0.0,0.0,0.39115429542576424,2.6854376914746676,1.4352631648289182,CONTROL,1.9000000000000015,1790736112141225347,1790736112143980419,28747,914901500000,1790736112141085893,1,1,0,0.0008728369998607377,25,0.0,0.0,9.87922391826636e-05,0.010000000000000002,0.3432732466540104,2.5558478543692207,1.389658620500007,0.047881048771753865,0.12958983710544675,0.04560454432891122,0.39115429542576424,2.6854376914746676,1.4352631648289182,False,False,False
1790736112.1512434,TRACK,0.010017834,0.0021757209997304017,0.34881231769056065,0.5244028212969338,0.697151922646325,-0.0021138455471125077,-0.0025112095096806054,0.00354911203369589,0.3490658503988659,0.5235987755982988,0.6981317007977318,0.0,0.0,0.0,0.38616596088113553,2.6733666610164253,1.429221802079194,CONTROL,1.9100000000000015,1790736112151243242,1790736112153680610,28767,914911500000,1790736112151104959,1,1,0,0.0007968230002006749,25,0.0,0.0,8.036578372951674e-05,0.010000000000000002,0.3432732466540104,2.5558478543692207,1.389658620500007,0.04289271422712518,0.1175188066472046,0.03956318157918697,0.38616596088113553,2.6733666610164253,1.429221802079194,False,False,False
1790736112.1612,TRACK,0.009956578,0.0022188140001162537,0.3488623236140658,0.5244078828018024,0.6971921261369807,-0.002198604516862993,-0.002713689619530774,0.004779764098380662,0.3490658503988659,0.5235987755982988,0.6981317007977318,0.0,0.0,0.0,0.380789254196739,2.661738016145486,1.423068668156925,CONTROL,1.9200000000000015,1790736112161199759,1790736112163706069,28787,914921500000,1790736112160931129,1,1,0,0.0007863830001042516,24,0.0,0.0,9.808501022756823e-05,0.010000000000000002,0.3432732466540104,2.5558478543692207,1.389658620500007,0.0375160075427286,0.1058901617762655,0.0334100476569179,0.380789254196739,2.661738016145486,1.423068668156925,False,False,False
1790736112.171241,TRACK,0.010041679000000001,0.0019451340003797668,0.348925601246866,0.5244199149974627,0.6972333867503706,0.011256499180099386,0.002886392130318322,0.00412035088180341,0.3490658503988659,0.5235987755982988,0.6981317007977318,0.0,0.0,0.0,0.27095583357698144,2.5466880976100494,1.3853193570978963,CONTROL,1.9300000000000015,1790736112171241028,1790736112173497353,28806,914931000000,1790736112170949855,1,1,0,0.0006266000000323402,21,0.0,0.0,7.907411407045788e-05,0.010000000000000002,0.3432732466540104,2.5558478543692207,1.389658620500007,-0.07231741307702894,-0.009159756759171437,-0.004339263402110607,0.27095583357698144,2.5466880976100494,1.3853193570978963,False,False,False
1790736112.1811938,TRACK,0.009952259,0.001957237000169698,0.34894958141148624,0.5244202665991651,0.6972670854708114,-0.0018424215733088849,-0.000925130763998021,0.002615149485798085,0.3490658503988659,0.5235987755982988,0.6981317007977318,0.0,0.0,0.0,0.3614990134303786,2.6294410921501887,1.4129334350939382,CONTROL,1.9400000000000015,1790736112181193728,1790736112183420086,28825,914941000000,1790736112180737181,1,1,0,0.0006880460000502353,25,0.0,0.0,8.677313673793931e-05,0.010000000000000002,0.3432732466540104,2.5558478543692207,1.389658620500007,0.01822576677636825,0.07359323778096792,0.023274814593931263,0.3614990134303786,2.6294410921501887,1.4129334350939382,False,False,False
1790736112.1914637,TRACK,0.010270254000000001,0.002276272000017343,0.34893818985492775,0.5244122003686016,0.6972716106372077,-0.0016672580289256048,-0.002794952221101434,4.984649280897124e-05,0.3490658503988659,0.5235987755982988,0.6981317007977318,0.0,0.0,0.0,0.3746178639534944,2.6749467610654514,1.4340356690373817,CONTROL,1.9500000000000015,1790736112191463641,1790736112194051355,28845,914951000000,1790736112190604800,1,1,0,0.0008147779999490012,25,0.0,0.0,8.513621240286776e-05,0.010000000000000002,0.3432732466540104,2.5558478543692207,1.389658620500007,0.03134461729948401,0.11909890669623058,0.044377048537374696,0.3746178639534944,2.6749467610654514,1.4340356690373817,False,False,False
1790736112.201212,TRACK,0.009747851,0.002166423999824474,0.3489490671972657,0.524396378465732,0.6972738144913877,-0.0019757235120865945,-0.002056610364655336,0.0010240886567947107,0.3490658503988659,0.5235987755982988,0.6981317007977318,0.0,0.0,0.0,0.37304283920267095,2.6633478831872788,1.4283997817737961,CONTROL,1.9600000000000015,1790736112201211883,1790736112203650464,28866,914961500000,1790736112200946830,1,1,0,0.0007752129999971658,24,0.0,0.0,9.502152555253428e-05,0.010000000000000002,0.3432732466540104,2.5558478543692207,1.389658620500007,0.02976959254866055,0.10750002881805827,0.038741161273789196,0.37304283920267095,2.6633478831872788,1.4283997817737961,False,False,False
1790736112.211222,TRACK,0.01001015,0.0019384920001357386,0.34896273023057756,0.524387033536982,0.6973002117159637,0.005397216184716655,0.0010806228145771347,0.0038339247954682076,0.3490658503988659,0.5235987755982988,0.6981317007977318,0.0,0.0,0.0,0.311275141255741,2.5824361721575446,1.3966799460934138,CONTROL,1.9700000000000015,1790736112211221732,1790736112213443230,28886,914971500000,1790736112210783109,1,1,0,0.0005335839996405412,15,0.0,0.0,9.543856880900531e-05,0.1,0.3432732466540104,2.5558478543692207,1.389658620500007,-0.031998105398269375,0.026588317788323993,0.007021325593406879,0.311275141255741,2.5824361721575446,1.3966799460934138,False,False,False
1790736112.221191,TRACK,0.009969061000000001,0.0021850190000805014,0.3489541240160037,0.5243691851653791,0.697334171866276,-0.002003309292709953,-0.001742053743140356,0.0026534188163469486,0.3490658503988659,0.5235987755982988,0.6981317007977318,0.0,0.0,0.0,0.3686182911305975,2.6476902075455477,1.419911391010323,CONTROL,1.9800000000000015,1790736112221191014,1790736112223647749,28906,914981500000,1790736112220834026,1,1,0,0.0007977449999998498,25,0.0,0.0,8.608506455343474e-05,0.010000000000000002,0.3432732466540104,2.5558478543692207,1.389658620500007,0.025345044476587114,0.09184235317632727,0.03025277051031597,0.3686182911305975,2.6476902075455477,1.419911391010323,False,False,False
1790736112.2311552,TRACK,0.009964132,0.002222149999852263,0.3489475112573128,0.5243646680328107,0.697338135475817,-0.0003356029805713228,-0.0008416926136882966,2.8573874764653562e-05,0.3490658503988659,0.5235987755982988,0.6981317007977318,0.0,0.0,0.0,0.3595608995127736,2.6475490725133204,1.4238253977371687,CONTROL,1.9900000000000015,1790736112231155046,1790736112233702954,28919,914988000000,1790736112230849846,1,1,0,0.0007854319997022685,24,0.0,0.0,7.989020064522694e-05,0.010000000000000002,0.3432732466540104,2.5558478543692207,1.389658620500007,0.01628765285876322,0.09170121814409991,0.034166777237161744,0.3595608995127736,2.6475490725133204,1.4238253977371687,False,False,False
1790736112.2411556,TRACK,0.010000231,0.0020310670001890685,0.34894340712333793,0.52434523629256,0.6973399623107581,-0.002345250620624898,-0.0027921743705071004,0.0012202236930115523,0.3490658503988659,0.5235987755982988,0.6981317007977318,0.0,0.0,0.0,0.38001006523272196,2.67775727995086,1.4335091186646316,CONTROL,2.0000000000000013,1790736112241155467,1790736112243470383,28941,914999000000,1790736112241034707,1,1,0,0.0006848399998489185,25,0.0,0.0,9.303458163548276e-05,0.010000000000000002,0.3432732466540104,2.5558478543692207,1.389658620500007,0.036736818578711576,0.12190942558163938,0.04385049816462451,0.38001006523272196,2.67775727995086,1.4335091186646316,False,False,False
1790736112.2512348,TRACK,0.010079040000000001,0.0018945580000035989,0.3489564674355039,0.5243355475442621,0.6973604508454936,0.004876669688777209,0.0009729469741785585,0.0033488949224437766,0.3490658503988659,0.5235987755982988,0.6981317007977318,0.0,0.0,0.0,0.3174122610755937,2.591875552835363,1.400569079563615,CONTROL,2.010000000000001,1790736112251234437,1790736112253386764,28962,915009500000,1790736112250966027,1,1,0,0.0005304879996401723,15,0.0,0.0,9.381237981749488e-05,0.1,0.3432732466540104,2.5558478543692207,1.389658620500007,-0.025860985578416647,0.03602769846614242,0.01091045906360794,0.3174122610755937,2.591875552835363,1.400569079563615,False,False,False
1790736112.2611585,TRACK,0.009923816,0.002189267000176187,0.34894892204968375,0.524318722264729,0.697395470091958,-0.001999912706216921,-0.0017630456417041095,0.0027279214412962976,0.3490658503988659,0.5235987755982988,0.6981317007977318,0.0,0.0,0.0,0.3710892853813546,2.6527453589676955,1.421682808195866,CONTROL,2.020000000000001,1790736112261158312,1790736112263619025,28983,915020000000,1790736112261024498,1,1,0,0.0007959819999996398,25,0.0,0.0,8.89814131142719e-05,0.010000000000000002,0.3432732466540104,2.5558478543692207,1.389658620500007,0.027816038727344224,0.09689750459847499,0.032024187695858804,0.3710892853813546,2.6527453589676955,1.421682808195866,False,False,False
1790736112.271216,TRACK,0.010057519000000001,0.0021774049996565736,0.3489325553058942,0.5243028992022545,0.6974007441369783,-0.0022285503558619503,-0.0028257776070442888,5.552581535604208e-05,0.3490658503988659,0.5235987755982988,0.6981317007977318,0.0,0.0,0.0,0.38322742217649286,2.688381193248306,1.4387470956845043,CONTROL,2.0300000000000007,1790736112271215932,1790736112273706732,29004,915030500000,1790736112271082308,1,1,0,0.0008043769998948846,25,0.0,0.0,9.561632462457923e-05,0.010000000000000002,0.3432732466540104,2.5558478543692207,1.389658620500007,0.03995417552248249,0.13253333887908506,0.0490884751844973,0.38322742217649286,2.688381193248306,1.4387470956845043,False,False,False
1790736112.2812104,TRACK,0.009995021,0.0018338830000175221,0.3489442082758245,0.5242931509475763,0.6974081786513433,0.011321117657438498,0.0033600289232773315,0.0019044714186166373,0.3490658503988659,0.5235987755982988,0.6981317007977318,0.0,0.0,0.0,0.27488193900772384,2.561836690607184,1.3936475691810144,CONTROL,2.0400000000000005,1790736112281210462,1790736112283332161,29021,915040500000,1790736112280938125,1,1,0,0.000568851000025461,20,0.0,0.0,9.752740994972421e-05,0.1,0.3432732466540104,2.5558478543692207,1.389658620500007,-0.06839130764628655,0.005988836237963178,0.003988948681007408,0.27488193900772384,2.561836690607184,1.3936475691810144,False,False,False
1790736112.2912147,TRACK,0.010003567000000001,0.001909896999677585,0.3489353135074591,0.5242875647772101,0.6974301764722957,-0.0009002773008381646,0.0016018332557018616,1.592155278246684e-05,0.3490658503988659,0.5235987755982988,0.6981317007977318,0.0,0.0,0.0,0.3539850427975482,2.6171505082624438,1.4112666173508313,CONTROL,2.0500000000000003,1790736112291214580,1790736112293371856,29042,915051000000,1790736112291105853,1,1,0,0.0007012319997556915,24,0.0,0.0,9.70288444006043e-05,0.010000000000000002,0.3432732466540104,2.5558478543692207,1.389658620500007,0.010711796143537847,0.06130265389322311,0.021607996850824176,0.3539850427975482,2.6171505082624438,1.4112666173508313,False,False,False
1790736112.3011856,TRACK,0.009970935,0.0018871239999498357,0.34889559440923,0.5242837097167774,0.6974303456420068,-0.001756508671437084,-0.0006097823090484553,1.6986916416987627e-05,0.3490658503988659,0.5235987755982988,0.6981317007977318,0.0,0.0,0.0,0.3741310849350968,2.6568699973425285,1.4264164281166793,CONTROL,2.06,1790736112301185475,1790736112303331440,29062,915061000000,1790736112300908018,1,1,0,0.0006732990000273276,24,0.0,0.0,9.68034995899836e-05,0.010000000000000002,0.3432732466540104,2.5558478543692207,1.389658620500007,0.030857838281086382,0.10102214297330785,0.03675780761667246,0.3741310849350968,2.6568699973425285,1.4264164281166793,False,False,False
1790736112.3111844,TRACK,0.009999148000000001,0.001815136999994138,0.34889958241815666,0.5242749569690828,0.6974320247298835,0.011112127015980373,0.0032644090093629273,6.341236611974736e-05,0.3490658503988659,0.5235987755982988,0.6981317007977318,0.0,0.0,0.0,0.2804546312304561,2.5708237735093316,1.399008494228855,CONTROL,2.07,1790736112311184383,1790736112313252691,29082,915071000000,1790736112310738947,1,1,0,0.0005616960002043925,19,0.0,0.0,9.776366735330823e-05,0.1,0.3432732466540104,2.5558478543692207,1.389658620500007,-0.06281861542355428,0.014975919140110929,0.009349873728848006,0.2804546312304561,2.5708237735093316,1.399008494228855,False,False,False
1790736112.3212652,TRACK,0.010080473000000001,0.0020474279999689315,0.3488943611669777,0.5242647531427158,0.6974447959150667,-0.0009234366339387389,0.0008146419384982423,0.000130842208280907,0.3490658503988659,0.5235987755982988,0.6981317007977318,0.0,0.0,0.0,0.36219102693452243,2.6335273489629127,1.4176426432759786,CONTROL,2.0799999999999996,1790736112321265176,1790736112323585473,29103,915081500000,1790736112321155408,1,1,0,0.0007101490000422928,25,0.0,0.0,8.277073586069648e-05,0.010000000000000002,0.3432732466540104,2.5558478543692207,1.389658620500007,0.01891778028051203,0.07767949459369197,0.027984022775971524,0.36219102693452243,2.6335273489629127,1.4176426432759786,False,False,False
1790736112.3312209,TRACK,0.009955747000000001,0.002202001000114251,0.34886786010564474,0.5242642975191503,0.6974449764357726,-0.0008412152763011413,-0.00027223435880589986,1.717369876221345e-05,0.3490658503988659,0.5235987755982988,0.6981317007977318,0.0,0.0,0.0,0.37045639362736454,2.653085457542958,1.4254788250988735,CONTROL,2.0899999999999994,1790736112331220722,1790736112333693749,29123,915091500000,1790736112331078993,1,1,0,0.0007862929996917956,24,0.0,0.0,9.045293083561447e-05,0.010000000000000002,0.3432732466540104,2.5558478543692207,1.389658620500007,0.027183146973354163,0.09723760317373763,0.03582020459886652,0.37045639362736454,2.653085457542958,1.4254788250988735,False,False,False
1790736112.3411813,TRACK,0.009960354000000001,0.001867907999894669,0.34887409691853843,0.5242556507599128,0.6974485509858357,-0.0020253175493227787,-0.002314395512166859,0.0014397659059636496,0.3490658503988659,0.5235987755982988,0.6981317007977318,0.0,0.0,0.0,0.3852156978669572,2.6796295308347196,1.433867334163763,CONTROL,2.099999999999999,1790736112341181267,1790736112343294881,29143,915101500000,1790736112340938877,1,1,0,0.0006738600000062434,25,0.0,0.0,9.227771083873516e-05,0.010000000000000002,0.3432732466540104,2.5558478543692207,1.389658620500007,0.0419424512129468,0.12378167646549895,0.04420871366375622,0.3852156978669572,2.6796295308347196,1.433867334163763,False,False,False
1790736112.3511732,TRACK,0.009991865,0.001767225999628863,0.3489094456621773,0.5242544811128376,0.6974722152706501,0.010599448274071464,0.0027801178162310198,0.003091483696905259,0.3490658503988659,0.5235987755982988,0.6981317007977318,0.0,0.0,0.0,0.2840354546524818,2.5661776985903146,1.3935486403355335,CONTROL,2.109999999999999,1790736112351173102,1790736112353209469,29163,915111500000,1790736112351052914,1,1,0,0.0005397150002863782,19,0.0,0.0,9.464477385168862e-05,0.1,0.3432732466540104,2.5558478543692207,1.389658620500007,-0.05923779200152858,0.01032984422109398,0.0038900198355264677,0.2840354546524818,2.5661776985903146,1.3935486403355335,False,False,False
1790736112.3612356,TRACK,0.010062409000000001,0.0019224909997319628,0.3489079400680124,0.5242435709439022,0.6975060717515462,-0.0017168105320144718,-0.0006572934643734052,0.0031097966377264395,0.3490658503988659,0.5235987755982988,0.6981317007977318,0.0,0.0,0.0,0.3695388323275654,2.638611556085213,1.415597072534186,CONTROL,2.1199999999999988,1790736112361235511,1790736112363394411,29183,915121500000,1790736112361138346,1,1,0,0.0007322299998122617,25,0.0,0.0,8.949008334890223e-05,0.010000000000000002,0.3432732466540104,2.5558478543692207,1.389658620500007,0.026265585673555025,0.08276370171599218,0.02593845203417903,0.3695388323275654,2.638611556085213,1.415597072534186,False,False,False
1790736112.3712108,TRACK,0.009975834000000001,0.0018781369999487652,0.34890070500160775,0.5242444656957996,0.6975102029844318,-0.000385600117186875,-0.0012072220052680165,2.925736716649722e-05,0.3490658503988659,0.5235987755982988,0.6981317007977318,0.0,0.0,0.0,0.36904979331448284,2.6611764100688036,1.4287509549762507,CONTROL,2.1299999999999986,1790736112371210804,1790736112373362380,29202,915131000000,1790736112370566531,1,1,0,0.0006659349996880337,24,0.0,0.0,9.543987186282634e-05,0.010000000000000002,0.3432732466540104,2.5558478543692207,1.389658620500007,0.025776546660472438,0.10532855569958288,0.03909233447624372,0.36904979331448284,2.6611764100688036,1.4287509549762507,False,False,False
1790736112.3813028,TRACK,0.010091594,0.0021148870000615716,0.34890710173407147,0.5242360689780767,0.6975131409914463,-0.0020477640374188333,-0.0021168212399866096,0.0015049504283108986,0.3490658503988659,0.5235987755982988,0.6981317007977318,0.0,0.0,0.0,0.38255905710171234,2.6741447576081883,1.4314996485148355,CONTROL,2.1399999999999983,1790736112381302869,1790736112383780284,29217,915138500000,1790736112381176589,1,1,0,0.0007458159998350311,25,0.0,0.0,8.643909174201758e-05,0.010000000000000002,0.3432732466540104,2.5558478543692207,1.389658620500007,0.03928581044770197,0.11829690323896748,0.04184102801482848,0.38255905710171234,2.6741447576081883,1.4314996485148355,False,False,False
1790736112.391227,TRACK,0.009923876,0.001931658000103198,0.34893591298117066,0.524231400653365,0.6975449819466983,-0.00208137329575648,-0.002366637849252146,0.003875690763551067,0.3490658503988659,0.5235987755982988,0.6981317007977318,0.0,0.0,0.0,0.37909100577514454,2.662266140472653,1.423877056328023,CONTROL,2.149999999999998,1790736112391226765,1790736112393444537,29239,915149500000,1790736112390999754,1,1,0,0.0006786380004086823,24,0.0,0.0,9.613535216078843e-05,0.010000000000000002,0.3432732466540104,2.5558478543692207,1.389658620500007,0.03581775912113417,0.10641828610343201,0.03421843582801601,0.37909100577514454,2.662266140472653,1.423877056328023,False,False,False
1790736112.4012363,TRACK,0.010009268,0.0020292630001677026,0.3489770035653885,0.5242331093021075,0.6975827564882588,-0.0021371327238597594,-0.0024448356433258048,0.0036475697702778084,0.3490658503988659,0.5235987755982988,0.6981317007977318,0.0,0.0,0.0,0.3759856155058048,2.6593439863694086,1.422805434277448,CONTROL,2.159999999999998,1790736112401236103,1790736112403548745,29259,915159500000,1790736112401131795,1,1,0,0.0006638610002482892,24,0.0,0.0,9.562202648113238e-05,0.010000000000000002,0.3432732466540104,2.5558478543692207,1.389658620500007,0.03271236885179438,0.10349613200018809,0.033146813777441185,0.3759856155058048,2.6593439863694086,1.422805434277448,False,False,False
1790736112.4112518,TRACK,0.010015870000000001,0.0020489210000960156,0.34903059243581946,0.5242404368461075,0.6976160979038348,0.010492751338242309,0.0035389508846555675,0.002301868472676132,0.3490658503988659,0.5235987755982988,0.6981317007977318,0.0,0.0,0.0,0.2717301197117057,2.547182631093987,1.3865535015194421,CONTROL,2.1699999999999977,1790736112411251803,1790736112413554346,29280,915170000000,1790736112411122427,1,1,0,0.0006999390002420114,21,0.0,0.0,7.629072955796182e-05,0.010000000000000002,0.3432732466540104,2.5558478543692207,1.389658620500007,-0.07154312694230469,-0.008665223275233669,-0.003105118980564967,0.2717301197117057,2.547182631093987,1.3865535015194421,False,False,False
1790736112.4211962,TRACK,0.009944425,0.002187023000260524,0.34903953414216193,0.5242335701391294,0.6976436067459919,-0.0019371442713935311,-0.0010509256172693035,0.0025233697860291247,0.3490658503988659,0.5235987755982988,0.6981317007977318,0.0,0.0,0.0,0.3610011668065639,2.632058573521531,1.4132534940856945,CONTROL,2.1799999999999975,1790736112421196027,1790736112423663383,29300,915180000000,1790736112420725994,1,1,0,0.0007926859998406144,25,0.0,0.0,8.837108452756524e-05,0.010000000000000002,0.3432732466540104,2.5558478543692207,1.389658620500007,0.01772792015255355,0.07621071915231015,0.023594873585687445,0.3610011668065639,2.632058573521531,1.4132534940856945,False,False,False
1790736112.4311883,TRACK,0.009992155,0.002111078999860183,0.3490231880020156,0.5242307465420595,0.6976468026612248,-0.0002352308053364727,-0.0007353354324558562,1.7064953433758496e-05,0.3490658503988659,0.5235987755982988,0.6981317007977318,0.0,0.0,0.0,0.3550409447949036,2.6396886628763188,1.4199649093692812,CONTROL,2.1899999999999973,1790736112431188333,1790736112433624138,29321,915190500000,1790736112430922829,1,1,0,0.0007461170002898143,23,0.0,0.0,9.473599806701137e-05,0.010000000000000002,0.3432732466540104,2.5558478543692207,1.389658620500007,0.011767698140893255,0.08384080850709823,0.030306288869274185,0.3550409447949036,2.6396886628763188,1.4199649093692812,False,False,False
1790736112.441186,TRACK,0.009997896000000001,0.0025568860000930727,0.34902732798050273,0.5242178988803721,0.6976482443225778,0.010369056345830706,0.0028528794714311615,0.0008507807003730494,0.3490658503988659,0.5235987755982988,0.6981317007977318,0.0,0.0,0.0,0.2761627698598959,2.5616543989638028,1.3936711615162796,CONTROL,2.199999999999997,1790736112441185688,1790736112444047483,29341,915200500000,1790736112440697821,1,1,0,0.0005616459998236678,19,0.0,0.0,9.872888455817412e-05,0.1,0.3432732466540104,2.5558478543692207,1.389658620500007,-0.06711047679411447,0.005806544594581919,0.00401254101627255,0.2761627698598959,2.5616543989638028,1.3936711615162796,False,False,False
1790736112.4511597,TRACK,0.009973300000000001,0.0019915819998459483,0.34902088777913143,0.5242084255704071,0.6976532311664223,-0.0006133358680570233,0.0004716723447249129,1.724182746326965e-05,0.3490658503988659,0.5235987755982988,0.6981317007977318,0.0,0.0,0.0,0.351078419196952,2.622915117845125,1.4133167187267606,CONTROL,2.209999999999997,1790736112451159538,1790736112453429459,29360,915211000000,1790736112451041865,1,1,0,0.0006692210004075605,24,0.0,0.0,9.502589934401988e-05,0.010000000000000002,0.3432732466540104,2.5558478543692207,1.389658620500007,0.007805172542941615,0.06706726347590437,0.023658098226753594,0.351078419196952,2.622915117845125,1.4133167187267606,False,False,False
1790736112.4611833,TRACK,0.010023575,0.0019651320003504225,0.34897662366323345,0.52420136488346,0.6976533911331333,-0.003487071746158544,-0.0005947796962752148,1.706560072105767e-05,0.3490658503988659,0.5235987755982988,0.6981317007977318,0.0,0.0,0.0,0.3803373359320726,2.654577433656236,1.4242085906185633,CONTROL,2.2199999999999966,1790736112461183254,1790736112463439949,29379,915220500000,1790736112460939361,1,1,0,0.0006859519999125041,24,0.0,0.0,9.365317730547414e-05,0.010000000000000002,0.3432732466540104,2.5558478543692207,1.389658620500007,0.037064089278062214,0.09872957928701522,0.03454997011855633,0.3803373359320726,2.654577433656236,1.4242085906185633,False,False,False
1790736112.4711812,TRACK,0.009997776,0.0018043070003841422,0.3489680517203144,0.5241949022000281,0.6976540811991065,0.01050980922203364,0.002353524066061713,0.0005230910541626143,0.3490658503988659,0.5235987755982988,0.6981317007977318,0.0,0.0,0.0,0.2829385325875142,2.5740262913944556,1.3988664860110485,CONTROL,2.2299999999999964,1790736112471181060,1790736112473242194,29394,915230500000,1790736112470954950,1,1,0,0.0005545429999074258,19,0.0,0.0,9.458499075114431e-05,0.1,0.3432732466540104,2.5558478543692207,1.389658620500007,-0.06033471406649615,0.018178437025235025,0.009207865511041519,0.2829385325875142,2.5740262913944556,1.3988664860110485,False,False,False
1790736112.4811814,TRACK,0.01000007,0.0020108990001972415,0.34898021156892245,0.524188365108972,0.6976563474375914,-0.0018551027038738908,-0.0009870657061582032,4.215964226593342e-05,0.3490658503988659,0.5235987755982988,0.6981317007977318,0.0,0.0,0.0,0.3691844554105777,2.65182574524285,1.4241404282328978,CONTROL,2.239999999999996,1790736112481181130,1790736112483511646,29412,915239500000,1790736112480915806,1,1,0,0.0007281220000550093,25,0.0,0.0,9.543100118581811e-05,0.010000000000000002,0.3432732466540104,2.5558478543692207,1.389658620500007,0.025911208756567324,0.09597789087362935,0.03448180773289076,0.3691844554105777,2.65182574524285,1.4241404282328978,False,False,False
1790736112.4912314,TRACK,0.010050336,0.0019607640001595428,0.3489672590574715,0.5241785439171194,0.6976567876806681,-0.002025812145594237,-0.002544718663715597,5.3073706084175555e-05,0.3490658503988659,0.5235987755982988,0.6981317007977318,0.0,0.0,0.0,0.3810758019841728,2.6814891836641954,1.4357764661068266,CONTROL,2.249999999999996,1790736112491231285,1790736112493506716,29432,915249500000,1790736112491094606,1,1,0,0.0006851510001979477,25,0.0,0.0,8.768508287702886e-05,0.010000000000000002,0.3432732466540104,2.5558478543692207,1.389658620500007,0.037802555330162385,0.12564132929497457,0.04611784560681972,0.3810758019841728,2.6814891836641954,1.4357764661068266,False,False,False
1790736112.5012054,TRACK,0.009974221,0.001942840000083379,0.34897549330448996,0.5241711549735157,0.6976639045267388,-0.0022560733574439502,-0.0025267200755970352,0.0019437072446898147,0.3490658503988659,0.5235987755982988,0.6981317007977318,0.0,0.0,0.0,0.38093260188350453,2.6737275052657132,1.4304684589525423,CONTROL,2.259999999999996,1790736112501205196,1790736112503439589,29448,915257500000,1790736112499827550,1,1,0,0.0006944189999558148,25,0.0,0.0,8.212520685698279e-05,0.010000000000000002,0.3432732466540104,2.5558478543692207,1.389658620500007,0.037659355229494144,0.11787965089649266,0.04080983845253523,0.38093260188350453,2.6737275052657132,1.4304684589525423,False,False,False
1790736112.5112257,TRACK,0.01002079,0.0020734869999614602,0.3490046934948001,0.5241691254353142,0.697697143957813,0.010862744199450911,0.0035363487103900974,0.003341918104445134,0.3490658503988659,0.5235987755982988,0.6981317007977318,0.0,0.0,0.0,0.27247822201627436,2.5461117122425923,1.384974643526783,CONTROL,2.2699999999999956,1790736112511225655,1790736112513700785,29469,915268000000,1790736112510284979,1,1,0,0.0006945689997337468,21,0.0,0.0,7.929159927046628e-05,0.010000000000000002,0.3432732466540104,2.5558478543692207,1.389658620500007,-0.07079502463773601,-0.009736142126628213,-0.0046839769732241335,0.27247822201627436,2.5461117122425923,1.384974643526783,False,False,False
1790736112.521269,TRACK,0.010042641000000001,0.001878697999927681,0.3490092817815338,0.5241633361771294,0.6977355467790116,-0.0008668329849152438,0.0008739295086591611,4.4696805375181144e-05,0.3490658503988659,0.5235987755982988,0.6981317007977318,0.0,0.0,0.0,0.35320873837853045,2.619592813667158,1.4114096425985871,CONTROL,2.2799999999999954,1790736112521269108,1790736112523387761,29492,915279500000,1790736112521164730,1,1,0,0.0006815250003455731,25,0.0,0.0,7.981218252438326e-05,0.010000000000000002,0.3432732466540104,2.5558478543692207,1.389658620500007,0.00993549172452008,0.06374495929793733,0.021751022098580236,0.35320873837853045,2.619592813667158,1.4114096425985871,False,False,False
1790736112.5312047,TRACK,0.009936018000000001,0.0022978829997555295,0.3489843164543469,0.5241593496692012,0.6977357273376872,-0.0009674706241680597,-0.0007358717078822198,1.700072014785485e-05,0.3490658503988659,0.5235987755982988,0.6981317007977318,0.0,0.0,0.0,0.36480784822814644,2.647754956830143,1.422430510482744,CONTROL,2.289999999999995,1790736112531204726,1790736112533826254,29512,915289500000,1790736112530859530,1,1,0,0.0007658039999114408,24,0.0,0.0,8.546139902636002e-05,0.010000000000000002,0.3432732466540104,2.5558478543692207,1.389658620500007,0.021534601574136038,0.09190710246092257,0.03277188998273691,0.36480784822814644,2.647754956830143,1.422430510482744,False,False,False
1790736112.5411856,TRACK,0.009980584,0.0017059500000868866,0.3489905394360626,0.5241481562486019,0.6977366308229498,0.010518583715002335,0.0028685202057694933,0.0005598021483156745,0.3490658503988659,0.5235987755982988,0.6981317007977318,0.0,0.0,0.0,0.2800141350485018,2.5666896800786194,1.3956734131030906,CONTROL,2.299999999999995,1790736112541185630,1790736112543126786,29532,915300000000,1790736112540900278,1,1,0,0.0005311889999575214,19,0.0,0.0,9.531512693538198e-05,0.1,0.3432732466540104,2.5558478543692207,1.389658620500007,-0.06325911160550855,0.010841825709398697,0.006014792603083643,0.2800141350485018,2.5666896800786194,1.3956734131030906,False,False,False
1790736112.5512455,TRACK,0.010059633,0.0021363670002756407,0.3489841282987598,0.5241380788972867,0.697739943609363,-0.00036367432005225854,0.00045954069842670626,2.954213925240824e-05,0.3490658503988659,0.5235987755982988,0.6981317007977318,0.0,0.0,0.0,0.3543242303635725,2.627112462315628,1.4146980084990008,CONTROL,2.3099999999999947,1790736112551245223,1790736112553655921,29553,915310500000,1790736112551116619,1,1,0,0.0007677880003029713,24,0.0,0.0,9.897648018225904e-05,0.010000000000000002,0.3432732466540104,2.5558478543692207,1.389658620500007,0.01105098370956216,0.07126460794640707,0.025039387998993787,0.3543242303635725,2.627112462315628,1.4146980084990008,False,False,False
1790736112.5612133,TRACK,0.009968280000000001,0.0018949489999613434,0.34895200435755136,0.5241319950685135,0.6977401130253589,-0.001591303607429987,-0.0005037759286058166,1.7146893964351982e-05,0.3490658503988659,0.5235987755982988,0.6981317007977318,0.0,0.0,0.0,0.3717194309949674,2.6517005583819047,1.4236934135557098,CONTROL,2.3199999999999945,1790736112561213072,1790736112563390728,29572,915320500000,1790736112560756365,1,1,0,0.0006553139996867685,24,0.0,0.0,8.902122073387019e-05,0.010000000000000002,0.3432732466540104,2.5558478543692207,1.389658620500007,0.028446184340957015,0.09585270401268393,0.03403479305570276,0.3717194309949674,2.6517005583819047,1.4236934135557098,False,False,False
1790736112.5712268,TRACK,0.010012965,0.0018021430000771943,0.34895455224186733,0.5241234587876678,0.6977419957373718,-0.0020684447188949458,-0.002324806137714558,0.0005525768965653901,0.3490658503988659,0.5235987755982988,0.6981317007977318,0.0,0.0,0.0,0.382366577879041,2.6780154731429118,1.4333126025107856,CONTROL,2.3299999999999943,1790736112571226568,1790736112573261462,29593,915331000000,1790736112571015658,1,1,0,0.0006687199997941207,25,0.0,0.0,8.985836962584163e-05,0.010000000000000002,0.3432732466540104,2.5558478543692207,1.389658620500007,0.039093331225030614,0.12216761877369109,0.043653982010778684,0.382366577879041,2.6780154731429118,1.4333126025107856,False,False,False
1790736112.5812154,TRACK,0.00998918,0.001768468000136636,0.3489860115169252,0.5241216036419285,0.6977576456984713,0.010632330378768914,0.003497864997640323,0.001675807390871011,0.3490658503988659,0.5235987755982988,0.6981317007977318,0.0,0.0,0.0,0.2791939057026999,2.559322706797081,1.3916474851134428,CONTROL,2.339999999999994,1790736112581215247,1790736112583236836,29613,915341000000,1790736112580836958,1,1,0,0.0005662349999511207,20,0.0,0.0,9.21007322648118e-05,0.1,0.3432732466540104,2.5558478543692207,1.389658620500007,-0.06407934095131047,0.003474852427860336,0.0019888646134358606,0.2791939057026999,2.559322706797081,1.3916474851134428,False,False,False
1790736112.5913193,TRACK,0.010103617,0.002337658999749692,0.348991413303092,0.5241167542640923,0.6977800615402008,-0.0013106090345544425,9.593830453984956e-05,0.0004154890382691306,0.3490658503988659,0.5235987755982988,0.6981317007977318,0.0,0.0,0.0,0.3618372743446625,2.6338046775144597,1.4162687664680784,CONTROL,2.349999999999994,1790736112591319224,1790736112594129371,29634,915351500000,1790736112591178758,1,1,0,0.0008282429998871521,25,0.0,0.0,8.706437922466074e-05,0.010000000000000002,0.3432732466540104,2.5558478543692207,1.389658620500007,0.018564027690652112,0.07795682314523901,0.0266101459680714,0.3618372743446625,2.6338046775144597,1.4162687664680784,False,False,False
1790736112.6011884,TRACK,0.009869242,0.0020839170001636376,0.3489758680983668,0.5241156817749966,0.697780255088635,-0.00027397447007829754,-0.0004570737851773767,1.7184021955617395e-05,0.3490658503988659,0.5235987755982988,0.6981317007977318,0.0,0.0,0.0,0.36175895973905897,2.6453917021345026,1.4217932417322547,CONTROL,2.3599999999999937,1790736112601188466,1790736112603503282,29653,915361000000,1790736112600608956,1,1,0,0.0007621680001648201,24,0.0,0.0,7.947344063813618e-05,0.010000000000000002,0.3432732466540104,2.5558478543692207,1.389658620500007,0.018485713085048584,0.08954384776528196,0.032134621232247744,0.36175895973905897,2.6453917021345026,1.4217932417322547,False,False,False
1790736112.6111624,TRACK,0.009973810000000001,0.0020545920001495688,0.34898112512817736,0.5241039438202053,0.6977822854258329,0.0027721746471169252,-0.00019190950319321744,0.0011748940366639491,0.3490658503988659,0.5235987755982988,0.6981317007977318,0.0,0.0,0.0,0.33964886242281633,2.626260941794554,1.414494088991636,CONTROL,2.3699999999999934,1790736112611162347,1790736112613453408,29674,915371500000,1790736112611037911,1,1,0,0.0007337030001508538,23,0.0,0.0,8.39938998691782e-05,0.010000000000000002,0.3432732466540104,2.5558478543692207,1.389658620500007,-0.0036243842311940574,0.0704130874253334,0.02483546849162891,0.33964886242281633,2.626260941794554,1.414494088991636,False,False,False
1790736112.6212132,TRACK,0.010051087,0.0021513759998015303,0.34898113234094286,0.5240901343276079,0.6977960186417849,-0.002343046502946642,-0.0024945462009333705,0.0021029345127939383,0.3490658503988659,0.5235987755982988,0.6981317007977318,0.0,0.0,0.0,0.3809814513656679,2.670990820941118,1.4284300328173856,CONTROL,2.3799999999999932,1790736112621213103,1790736112623644140,29694,915381500000,1790736112620993867,1,1,0,0.000805169000159367,25,0.0,0.0,9.29826359710867e-05,0.010000000000000002,0.3432732466540104,2.5558478543692207,1.389658620500007,0.03770820471165751,0.11514296657189728,0.03877141231737847,0.3809814513656679,2.670990820941118,1.4284300328173856,False,False,False
1790736112.631227,TRACK,0.010013376000000001,0.0019059199998991971,0.3489742843052408,0.5240740488948807,0.6978213460208242,0.010825551908771013,0.0030941548091026378,0.0024349587294166556,0.3490658503988659,0.5235987755982988,0.6981317007977318,0.0,0.0,0.0,0.28109196400344505,2.563235533498021,1.3918407392308152,CONTROL,2.389999999999993,1790736112631226790,1790736112633352156,29714,915391500000,1790736112630969281,1,1,0,0.00061311499985095,19,0.0,0.0,9.941259341956846e-05,0.1,0.3432732466540104,2.5558478543692207,1.389658620500007,-0.062181282650565314,0.0073876791288001245,0.0021821187308081486,0.28109196400344505,2.563235533498021,1.3918407392308152,False,False,False
1790736112.6412365,TRACK,0.010009638000000001,0.002557527000135451,0.34896506358020396,0.5240673997506136,0.6978317182396032,-0.002667747873807207,-0.00023181964652835675,1.7310667875956778e-05,0.3490658503988659,0.5235987755982988,0.6981317007977318,0.0,0.0,0.0,0.3760836532771916,2.6499636340856028,1.4219471139307096,CONTROL,2.399999999999993,1790736112641236448,1790736112644131386,29734,915401500000,1790736112640975653,1,1,0,0.0007852209996599413,25,0.0,0.0,9.968463245912899e-05,0.010000000000000002,0.3432732466540104,2.5558478543692207,1.389658620500007,0.03281040662318124,0.09411577971638196,0.032288493430702524,0.3760836532771916,2.6499636340856028,1.4219471139307096,False,False,False
1790736112.651252,TRACK,0.01001554,0.0020497420000538114,0.34892981223407027,0.5240615021740833,0.6978318874068585,-0.00025529883881102557,-0.00011986233514025074,1.7350624039970646e-05,0.3490658503988659,0.5235987755982988,0.6981317007977318,0.0,0.0,0.0,0.36670218744353256,2.649169270373361,1.422691821459891,CONTROL,2.4099999999999926,1790736112651251908,1790736112653522890,29754,915411500000,1790736112650979060,1,1,0,0.0007563559997834091,24,0.0,0.0,7.87801047568515e-05,0.010000000000000002,0.3432732466540104,2.5558478543692207,1.389658620500007,0.023428940789522165,0.09332141600414041,0.033033200959883935,0.36670218744353256,2.649169270373361,1.422691821459891,False,False,False
1790736112.661196,TRACK,0.009943954000000001,0.0019293440000183182,0.34894007936190263,0.5240535763038068,0.6978347977182726,0.010958973818694994,0.0034452347372693525,0.0005018566486604033,0.3490658503988659,0.5235987755982988,0.6981317007977318,0.0,0.0,0.0,0.28198558226158854,2.565959151713467,1.3949610882002201,CONTROL,2.4199999999999924,1790736112661195852,1790736112663357146,29774,915421500000,1790736112660930608,1,1,0,0.0006142960000943276,19,0.0,0.0,8.973081330772986e-05,0.1,0.3432732466540104,2.5558478543692207,1.389658620500007,-0.06128766439242182,0.010111297344246503,0.0053024677002131235,0.28198558226158854,2.565959151713467,1.3949610882002201,False,False,False
1790736112.6714146,TRACK,0.010219256000000001,0.0022045860000616813,0.3489335705533767,0.5240427020752829,0.6978444965438295,-0.0009936506395308616,0.00016682799417859408,4.053242333586053e-05,0.3490658503988659,0.5235987755982988,0.6981317007977318,0.0,0.0,0.0,0.36756979005615087,2.643661683612373,1.4201136536445098,CONTROL,2.429999999999992,1790736112671414617,1790736112673876693,29792,915431500000,1790736112670965464,1,1,0,0.0007911820002846071,25,0.0,0.0,9.0841420626379e-05,0.010000000000000002,0.3432732466540104,2.5558478543692207,1.389658620500007,0.02429654340214051,0.08781382924315256,0.030455033144502756,0.36756979005615087,2.643661683612373,1.4201136536445098,False,False,False
1790736112.6812038,TRACK,0.009788579,0.002119525000125577,0.3489081704273582,0.5240386483499266,0.6978446807993826,-0.000663898126029278,-0.000325504088585985,1.7285312161965352e-05,0.3490658503988659,0.5235987755982988,0.6981317007977318,0.0,0.0,0.0,0.372422544616685,2.6556000352207683,1.424895724846672,CONTROL,2.439999999999992,1790736112681203717,1790736112683567616,29812,915441500000,1790736112680952540,1,1,0,0.0007534809997196135,24,0.0,0.0,8.977458395158415e-05,0.010000000000000002,0.3432732466540104,2.5558478543692207,1.389658620500007,0.029149297962674642,0.09975218085154743,0.0352371043466651,0.372422544616685,2.6556000352207683,1.424895724846672,False,False,False
1790736112.6911871,TRACK,0.009983048000000001,0.002149962999737909,0.3489134949003132,0.5240293326973724,0.6978474949863496,-0.0023196781466093253,-0.0027911487535560954,0.0014066383744992437,0.3490658503988659,0.5235987755982988,0.6981317007977318,0.0,0.0,0.0,0.3924017276471517,2.690947691520197,1.4365009254913295,CONTROL,2.4499999999999917,1790736112691186835,1790736112693600709,29832,915451500000,1790736112690918315,1,1,0,0.0008046680000006745,26,0.0,0.0,8.205117798686025e-05,0.010000000000000002,0.3432732466540104,2.5558478543692207,1.389658620500007,0.04912848099314134,0.13509983715097637,0.04684230499132246,0.3924017276471517,2.690947691520197,1.4365009254913295,False,False,False
1790736112.7011635,TRACK,0.009976726,0.001978057000087574,0.3489558462822284,0.5240327162666754,0.6978639851511228,0.011275053174535542,0.003394417320904462,0.0018900733137704037,0.3490658503988659,0.5235987755982988,0.6981317007977318,0.0,0.0,0.0,0.28108882790162015,2.5643442020957883,1.3928632416540732,CONTROL,2.4599999999999915,1790736112701163541,1790736112703466705,29852,915461500000,1790736112701039565,1,1,0,0.0006185649999679299,19,0.0,0.0,9.999930204241723e-05,0.1,0.3432732466540104,2.5558478543692207,1.389658620500007,-0.062184418752390204,0.00849634772656763,0.0032046211540661825,0.28108882790162015,2.5643442020957883,1.3928632416540732,False,False,False
1790736112.7112021,TRACK,0.010038323,0.0018053180001516012,0.34896760947839045,0.5240297212189953,0.6978893842781564,-0.0018884695070511093,-0.0008534469873680852,0.002224095147843237,0.3490658503988659,0.5235987755982988,0.6981317007977318,0.0,0.0,0.0,0.37261563468602105,2.6454713755923294,1.4176396624827123,CONTROL,2.4699999999999913,1790736112711202004,1790736112713230707,29872,915471500000,1790736112711103287,1,1,0,0.0006684690001748095,25,0.0,0.0,9.673894565664798e-05,0.010000000000000002,0.3432732466540104,2.5558478543692207,1.389658620500007,0.029342388032010655,0.08962352122310854,0.02798104198270532,0.37261563468602105,2.6454713755923294,1.4176396624827123,False,False,False
1790736112.7211857,TRACK,0.009983369,0.0018842989998120174,0.3489534971757182,0.5240199034104585,0.6978933399305673,-0.0023435554205702407,-0.003130937962455238,5.651397034135805e-05,0.3490658503988659,0.5235987755982988,0.6981317007977318,0.0,0.0,0.0,0.3920093398822268,2.6986839587193527,1.4408779471284683,CONTROL,2.479999999999991,1790736112721185443,1790736112723316870,29892,915481500000,1790736112721079211,1,1,0,0.000686022999616398,26,0.0,0.0,8.360042672864324e-05,0.010000000000000002,0.3432732466540104,2.5558478543692207,1.389658620500007,0.04873609322821643,0.14283610435013186,0.05121932662846129,0.3920093398822268,2.6986839587193527,1.4408779471284683,False,False,False
1790736112.7312183,TRACK,0.010032752,0.0017312379995928495,0.3489771790312952,0.5240144965037024,0.6978981048932202,0.0024568419941049823,-0.00011666828700159469,0.00209584464171765,0.3490658503988659,0.5235987755982988,0.6981317007977318,0.0,0.0,0.0,0.3452542224321997,2.628812799483479,1.4133968804495156,CONTROL,2.489999999999991,1790736112731218105,1790736112733158019,29912,915491500000,1790736112731004660,1,1,0,0.000611300999935338,22,0.0,0.0,9.808478403107475e-05,0.010000000000000002,0.3432732466540104,2.5558478543692207,1.389658620500007,0.001980975778189334,0.0729649451142581,0.02373825994950863,0.3452542224321997,2.628812799483479,1.4133968804495156,False,False,False
1790736112.7411532,TRACK,0.009935027,0.0018322490000173275,0.3489974874628965,0.5240112442707172,0.6979241875183981,-0.0019272630939626688,-0.0017074505807756464,0.002630278961796656,0.3490658503988659,0.5235987755982988,0.6981317007977318,0.0,0.0,0.0,0.3766114673888133,2.6589581497977277,1.4223293663626302,CONTROL,2.4999999999999907,1790736112741153142,1790736112743210769,29932,915501500000,1790736112741024788,1,1,0,0.0006702730001961754,25,0.0,0.0,8.538056816882704e-05,0.010000000000000002,0.3432732466540104,2.5558478543692207,1.389658620500007,0.033338220734802915,0.1031102954285071,0.03267074586262313,0.3766114673888133,2.6589581497977277,1.4223293663626302,False,False,False
1790736112.751197,TRACK,0.010044264,0.001837950000208366,0.34900523706948583,0.5240009187561538,0.697951991745501,-0.0021981191726539112,-0.002542819852930912,0.0024059952534955277,0.3490658503988659,0.5235987755982988,0.6981317007977318,0.0,0.0,0.0,0.38259589401152233,2.674157538966874,1.4281703917990236,CONTROL,2.5099999999999905,1790736112751196995,1790736112753275863,29952,915511500000,1790736112750947431,1,1,0,0.000693948000389355,25,0.0,0.0,8.550453552475678e-05,0.010000000000000002,0.3432732466540104,2.5558478543692207,1.389658620500007,0.03932264735751197,0.11830968459765312,0.03851177129901665,0.38259589401152233,2.674157538966874,1.4281703917990236,False,False,False
1790736112.761219,TRACK,0.010021391000000001,0.0018144759997085202,0.34903554935394343,0.5239999793298296,0.6979704531295341,0.011222065479632939,0.003263470542209582,0.0017343869750201996,0.3490658503988659,0.5235987755982988,0.6981317007977318,0.0,0.0,0.0,0.2758431065791588,2.560610747368672,1.3908666768499929,CONTROL,2.5199999999999902,1790736112761218807,1790736112763304207,29971,915521500000,1790736112761098919,1,1,0,0.0005649029999403865,20,0.0,0.0,9.263491011164902e-05,0.1,0.3432732466540104,2.5558478543692207,1.389658620500007,-0.06743014007485157,0.004762892999451378,0.001208056349985953,0.2758431065791588,2.560610747368672,1.3908666768499929,False,False,False
1790736112.7712004,TRACK,0.009981495,0.0019440719997874112,0.34903906782683425,0.5239972207771828,0.6979807820157657,-0.0010384200102238404,0.00015029392452992388,4.17357448816158e-05,0.3490658503988659,0.5235987755982988,0.6981317007977318,0.0,0.0,0.0,0.3602441943139339,2.6357505922142135,1.4162286633841137,CONTROL,2.52999999999999,1790736112771200262,1790736112773379340,29991,915531500000,1790736112771086446,1,1,0,0.0007125729998733732,25,0.0,0.0,8.843819442150988e-05,0.010000000000000002,0.3432732466540104,2.5558478543692207,1.389658620500007,0.01697094765992351,0.0799027378449928,0.026570042884106797,0.3602441943139339,2.6357505922142135,1.4162286633841137,False,False,False
1790736112.7811828,TRACK,0.009982547000000001,0.0018229020001854224,0.34902792617541945,0.5239957515255131,0.697980973028629,-0.00017561008818405658,-0.0006412033862547985,2.4891203089825098e-05,0.3490658503988659,0.5235987755982988,0.6981317007977318,0.0,0.0,0.0,0.3614900760728467,2.6490273914518867,1.4218704375087499,CONTROL,2.53999999999999,1790736112781182739,1790736112783229175,30010,915541000000,1790736112780760477,1,1,0,0.000666114999603451,24,0.0,0.0,8.325497870335791e-05,0.010000000000000002,0.3432732466540104,2.5558478543692207,1.389658620500007,0.018216829418836344,0.09317953708266599,0.032211817008742774,0.3614900760728467,2.6490273914518867,1.4218704375087499,False,False,False
1790736112.7911422,TRACK,0.009959433,0.002162667000447982,0.3490352040039477,0.5239858033377756,0.6979829797302384,-0.001976309614880091,-0.001888631129495164,0.00043624285506573804,0.3490658503988659,0.5235987755982988,0.6981317007977318,0.0,0.0,0.0,0.3777091433669465,2.671638185701504,1.429486419845869,CONTROL,2.5499999999999896,1790736112791142232,1790736112793582236,30030,915551000000,1790736112790711134,1,1,0,0.0008678079998389876,25,0.0,0.0,8.739878796770173e-05,0.010000000000000002,0.3432732466540104,2.5558478543692207,1.389658620500007,0.034435896712936113,0.11579033133228366,0.039827799345862114,0.3777091433669465,2.671638185701504,1.429486419845869,False,False,False
1790736112.8015747,TRACK,0.010436049000000001,0.0023148059999584802,0.3490507825168958,0.523979446925007,0.6979962284987749,-0.0022532885885608233,-0.0024305804975452627,0.0020375325761015947,0.3490658503988659,0.5235987755982988,0.6981317007977318,0.0,0.0,0.0,0.3796817139046735,2.6724230912929925,1.427750492127239,CONTROL,2.5599999999999894,1790736112801574754,1790736112804340656,30050,915561000000,1790736112800917766,1,1,0,0.0007857619998503651,25,0.0,0.0,8.293281064914811e-05,0.010000000000000002,0.3432732466540104,2.5558478543692207,1.389658620500007,0.03640846725066312,0.116575236923772,0.03809187162723214,0.3796817139046735,2.6724230912929925,1.427750492127239,False,False,False
1790736112.811241,TRACK,0.009664462,0.001908003999687935,0.34907771586389647,0.5239801258342665,0.6980153921737302,0.01074621210314378,0.003800309222414298,0.0017626303418496758,0.3490658503988659,0.5235987755982988,0.6981317007977318,0.0,0.0,0.0,0.2741459354998157,2.5532339749561084,1.387528577742877,CONTROL,2.569999999999989,1790736112811240820,1790736112813483829,30067,915569500000,1790736112809395125,1,1,0,0.0005980549999549112,20,0.0,0.0,9.927930389774312e-05,0.1,0.3432732466540104,2.5558478543692207,1.389658620500007,-0.06912731115419467,-0.0026138794131122483,-0.002130042757130092,0.2741459354998157,2.5532339749561084,1.387528577742877,False,False,False
1790736112.8211846,TRACK,0.009942311,0.0020520470002338698,0.34909166608558717,0.5239779334268784,0.6980345181932086,-0.0020361702305685203,-0.0010433515924541917,0.0015622504019781106,0.3490658503988659,0.5235987755982988,0.6981317007977318,0.0,0.0,0.0,0.3653171621596232,2.6426289046565774,1.4164163977239386,CONTROL,2.579999999999989,1790736112821184483,1790736112823542581,30083,915577500000,1790736112820893200,1,1,0,0.0007318500001929351,25,0.0,0.0,9.546947812272974e-05,0.010000000000000002,0.3432732466540104,2.5558478543692207,1.389658620500007,0.0220439155056128,0.08678105028735655,0.0267577772239315,0.3653171621596232,2.6426289046565774,1.4164163977239386,False,False,False
1790736112.8311403,TRACK,0.009954965000000001,0.0018784270000651304,0.349082505658429,0.5239738099085791,0.6980379742558429,-0.0007377501275510635,-0.001646225698583407,3.5509865193062676e-05,0.3490658503988659,0.5235987755982988,0.6981317007977318,0.0,0.0,0.0,0.3645847140323716,2.660327651654564,1.4257403010135263,CONTROL,2.5899999999999888,1790736112831140039,1790736112833310050,30103,915588500000,1790736112831030200,1,1,0,0.0006744910001543758,24,0.0,0.0,9.163530149748842e-05,0.010000000000000002,0.3432732466540104,2.5558478543692207,1.389658620500007,0.021311467378361208,0.10447979728534332,0.03608168051351923,0.3645847140323716,2.660327651654564,1.4257403010135263,False,False,False
1790736112.8411798,TRACK,0.010039705000000001,0.0018236030000480241,0.3490903854308547,0.5239611829983302,0.6980407214980979,-0.002184411983213704,-0.0021016818806095985,0.0009917454262800783,0.3490658503988659,0.5235987755982988,0.6981317007977318,0.0,0.0,0.0,0.37529103154135957,2.6694980411043807,1.427600790464564,CONTROL,2.5999999999999885,1790736112841179694,1790736112843240648,30124,915599000000,1790736112840866399,1,1,0,0.0006733280001753883,25,0.0,0.0,8.285001893698617e-05,0.010000000000000002,0.3432732466540104,2.5558478543692207,1.389658620500007,0.03201778488734921,0.11365018673516014,0.03794216996455704,0.37529103154135957,2.6694980411043807,1.427600790464564,False,False,False
1790736112.8511803,TRACK,0.010000561,0.001797052999791049,0.349105462366917,0.5239554554871901,0.6980597036322069,-0.0022229451091663067,-0.002258197567277909,0.0022167254635911964,0.3490658503988659,0.5235987755982988,0.6981317007977318,0.0,0.0,0.0,0.37343052464177845,2.66316975851031,1.4234814254385713,CONTROL,2.6099999999999883,1790736112851180205,1790736112853217674,30143,915609500000,1790736112850893180,1,1,0,0.000656427000194526,24,0.0,0.0,9.844047801258653e-05,0.010000000000000002,0.3432732466540104,2.5558478543692207,1.389658620500007,0.03015727798776809,0.10732190414108951,0.03382280493856419,0.37343052464177845,2.66316975851031,1.4234814254385713,False,False,False
1790736112.8612008,TRACK,0.01002043,0.0017223999998350337,0.3491349931041352,0.5239555828157316,0.6980835165513803,0.009944987287472442,0.003028730331206579,0.002639983827656579,0.3490658503988659,0.5235987755982988,0.6981317007977318,0.0,0.0,0.0,0.2761351711869816,2.5562609716181983,1.3868416090639533,CONTROL,2.619999999999988,1790736112861200604,1790736112863149555,30164,915620000000,1790736112860980847,1,1,0,0.0005543130000660312,20,0.0,0.0,9.372291238863504e-05,0.1,0.3432732466540104,2.5558478543692207,1.389658620500007,-0.06713807546702875,0.0004131172489776312,-0.0028170114360538284,0.2761351711869816,2.5562609716181983,1.3868416090639533,False,False,False
1790736112.8716345,TRACK,0.010434425,0.0026179020001109166,0.3491340459963306,0.5239520213904401,0.6980932947291394,-0.00038680794220993927,0.00036195219918818246,3.018385656300979e-05,0.3490658503988659,0.5235987755982988,0.6981317007977318,0.0,0.0,0.0,0.3468479754358382,2.6220678267020427,1.4104674933651506,CONTROL,2.629999999999988,1790736112871634488,1790736112874520479,30184,915630000000,1790736112870665659,1,1,0,0.0006639809998887358,24,0.0,0.0,9.88254584354196e-05,0.010000000000000002,0.3432732466540104,2.5558478543692207,1.389658620500007,0.00357472878182779,0.066219972332822,0.020808872865143567,0.3468479754358382,2.6220678267020427,1.4104674933651506,False,False,False
1790736112.8811848,TRACK,0.009549605000000001,0.0018332019999434124,0.34909830180291745,0.5239453666046705,0.6980934569826327,-0.0031496731148430894,-0.00069444818222233,1.703685566913451e-05,0.3490658503988659,0.5235987755982988,0.6981317007977318,0.0,0.0,0.0,0.37471260558629016,2.653325579081156,1.4212478759561484,CONTROL,2.6399999999999877,1790736112881184694,1790736112883259204,30203,915639500000,1790736112880889314,1,1,0,0.0006527400000777561,24,0.0,0.0,9.223343504816603e-05,0.010000000000000002,0.3432732466540104,2.5558478543692207,1.389658620500007,0.031439358932279775,0.0974777247119354,0.03158925545614137,0.37471260558629016,2.653325579081156,1.4212478759561484,False,False,False
1790736112.8911798,TRACK,0.00999506,0.0018428190001031908,0.3490888812683197,0.5239376127299522,0.698093983184997,-0.002090442008265305,-0.002520869239920052,5.083913177967415e-05,0.3490658503988659,0.5235987755982988,0.6981317007977318,0.0,0.0,0.0,0.3770175874566918,2.6781897609824323,1.4315270111466998,CONTROL,2.6499999999999875,1790736112891179835,1790736112893253143,30224,915650000000,1790736112890916305,1,1,0,0.0007154790000640787,25,0.0,0.0,8.838762874056412e-05,0.010000000000000002,0.3432732466540104,2.5558478543692207,1.389658620500007,0.033744340802681426,0.12234190661321187,0.0418683906466927,0.3770175874566918,2.6781897609824323,1.4315270111466998,False,False,False
1790736112.901204,TRACK,0.010024096000000001,0.0016678980000506272,0.34912619621384167,0.5239409098552281,0.6980984681662705,0.007886147299365508,0.0027845328429958434,0.0013903673726020837,0.3490658503988659,0.5235987755982988,0.6981317007977318,0.0,0.0,0.0,0.29115902618122474,2.5701739672098447,1.3925016770119036,CONTROL,2.6599999999999873,1790736112901204002,1790736112903087448,30245,915660500000,1790736112901104483,1,1,0,0.0005104500000925327,18,0.0,0.0,9.474895439574044e-05,0.1,0.3432732466540104,2.5558478543692207,1.389658620500007,-0.05211422047278564,0.01432611284062387,0.0028430565118966245,0.29115902618122474,2.5701739672098447,1.3925016770119036,False,False,False
1790736112.9111803,TRACK,0.009976125,0.0018907899998339417,0.3491237179578839,0.5239322773655548,0.6981128852849818,-0.001774900460847179,-0.0007579986410485697,0.0009966868477729108,0.3490658503988659,0.5235987755982988,0.6981317007977318,0.0,0.0,0.0,0.3611736484169199,2.640134202742123,1.4155440013567644,CONTROL,2.669999999999987,1790736112911180066,1790736112913317385,30265,915670500000,1790736112910888252,1,1,0,0.0006938369997442351,25,0.0,0.0,8.692379545420363e-05,0.010000000000000002,0.3432732466540104,2.5558478543692207,1.389658620500007,0.017900401762909537,0.08428634837290222,0.025885380856757505,0.3611736484169199,2.640134202742123,1.4155440013567644,False,False,False
1790736112.9211452,TRACK,0.009965184,0.0017922639999596868,0.34911216503602027,0.523928561090103,0.6981134589946518,-1.8567274333511305e-05,-0.0006114727814123668,1.723401498388076e-05,0.3490658503988659,0.5235987755982988,0.6981317007977318,0.0,0.0,0.0,0.35292071744089704,2.64072146961178,1.4176901647592137,CONTROL,2.679999999999987,1790736112921145000,1790736112923159906,30285,915680500000,1790736112920704433,1,1,0,0.0006337429999803135,23,0.0,0.0,9.7157900317207e-05,0.010000000000000002,0.3432732466540104,2.5558478543692207,1.389658620500007,0.00964747078688663,0.08487361524255889,0.028031544259206762,0.35292071744089704,2.64072146961178,1.4176901647592137,False,False,False
1790736112.9312494,TRACK,0.010103908,0.0021115290001034737,0.34911394791456285,0.5239165455428774,0.6981143937300041,-0.001975501451891476,-0.0017885730012042248,0.00019913795582341624,0.3490658503988659,0.5235987755982988,0.6981317007977318,0.0,0.0,0.0,0.3708595294228317,2.665790710781082,1.4264584977308519,CONTROL,2.6899999999999866,1790736112931249058,1790736112933606715,30306,915691000000,1790736112931113350,1,1,0,0.0007802919999448932,25,0.0,0.0,8.35800159657145e-05,0.010000000000000002,0.3432732466540104,2.5558478543692207,1.389658620500007,0.027586282768821312,0.10994285641186102,0.03679987723084495,0.3708595294228317,2.665790710781082,1.4264584977308519,False,False,False
1790736112.9412632,TRACK,0.010013876000000001,0.002216949999819917,0.34911906121013825,0.523908013301333,0.6981233756695766,-0.0019734540632349437,-0.001797147100516051,0.001255096990676458,0.3490658503988659,0.5235987755982988,0.6981317007977318,0.0,0.0,0.0,0.3698169314780353,2.660775609557531,1.4231497711997834,CONTROL,2.6999999999999864,1790736112941263034,1790736112943692168,30326,915701000000,1790736112941143237,1,1,0,0.0006565460003002954,24,0.0,0.0,9.548310370982973e-05,0.010000000000000002,0.3432732466540104,2.5558478543692207,1.389658620500007,0.026543684824024933,0.10492775518831023,0.03349115069977645,0.3698169314780353,2.660775609557531,1.4231497711997834,False,False,False
1790736112.9512088,TRACK,0.009945747000000001,0.0020488909999585303,0.3491299500736691,0.5239015316538111,0.6981387554118998,-0.001951253252097582,-0.00165491907799915,0.001443182343085025,0.3490658503988659,0.5235987755982988,0.6981317007977318,0.0,0.0,0.0,0.3680365983537703,2.6570438714056936,1.4213316050475628,CONTROL,2.709999999999986,1790736112951208641,1790736112953482409,30346,915711000000,1790736112950950681,1,1,0,0.0007500940000682021,24,0.0,0.0,9.35217644149958e-05,0.010000000000000002,0.3432732466540104,2.5558478543692207,1.389658620500007,0.024763351699759916,0.10119601703647314,0.031672984547555905,0.3680365983537703,2.6570438714056936,1.4213316050475628,False,False,False
1790736112.9612248,TRACK,0.010016181,0.002179538000291359,0.3491394923961231,0.5238941055107889,0.6981547762621179,-0.002311581680472868,-0.0023634884948161698,0.0018515886634788963,0.3490658503988659,0.5235987755982988,0.6981317007977318,0.0,0.0,0.0,0.3724744221946615,2.6666627126476334,1.4243495398913564,CONTROL,2.719999999999986,1790736112961224752,1790736112963652442,30366,915721000000,1790736112960968796,1,1,0,0.0007802509999237373,25,0.0,0.0,8.088216601008697e-05,0.010000000000000002,0.3432732466540104,2.5558478543692207,1.389658620500007,0.029201175540651096,0.1108148582784128,0.034690919391349426,0.3724744221946615,2.6666627126476334,1.4243495398913564,False,False,False
1790736112.9711816,TRACK,0.009956588,0.0016025929999159416,0.34915874262371727,0.5238921846732252,0.6981680563365305,0.006511642851621732,0.0022189880875473043,0.001724062026443791,0.3490658503988659,0.5235987755982988,0.6981317007977318,0.0,0.0,0.0,0.2982731152988597,2.576953433727968,1.3933534868629773,CONTROL,2.7299999999999858,1790736112971181460,1790736112972983733,30386,915731000000,1790736112970943598,1,1,0,0.00048643299987816135,17,0.0,0.0,9.30959049281985e-05,0.1,0.3432732466540104,2.5558478543692207,1.389658620500007,-0.04500013135515068,0.02110557935874725,0.003694866362970305,0.2982731152988597,2.576953433727968,1.3933534868629773,False,False,False
1790736112.9811819,TRACK,0.010000061000000001,0.0018331010001020331,0.34915055985581755,0.523882581597074,0.6981747113223382,-0.0012751469710496428,-0.0007429104575455306,4.522608134756908e-05,0.3490658503988659,0.5235987755982988,0.6981317007977318,0.0,0.0,0.0,0.3575259125843611,2.6448656352945332,1.4181612991654236,CONTROL,2.7399999999999856,1790736112981181611,1790736112983237625,30406,915741000000,1790736112980871171,1,1,0,0.0006715750000694243,25,0.0,0.0,8.663232838094075e-05,0.010000000000000002,0.3432732466540104,2.5558478543692207,1.389658620500007,0.014252665930350728,0.08901778092531243,0.028502678665416472,0.3575259125843611,2.6448656352945332,1.4181612991654236,False,False,False
1790736112.991913,TRACK,0.010733482,0.0020110489999751735,0.34914053696914227,0.5238770194468083,0.6981749099642447,-2.0624082247880196e-05,-0.0003451957687230035,1.7606888886642494e-05,0.3490658503988659,0.5235987755982988,0.6981317007977318,0.0,0.0,0.0,0.3503767356445254,2.638842726715451,1.4163531604449202,CONTROL,2.7499999999999853,1790736112991913070,1790736112994335951,30425,915750500000,1790736112990593233,1,1,0,0.000644514000214258,23,0.0,0.0,9.512006143621286e-05,0.010000000000000002,0.3432732466540104,2.5558478543692207,1.389658620500007,0.00710348899051503,0.08299487234623003,0.026694539944913286,0.3503767356445254,2.638842726715451,1.4163531604449202,False,False,False
1790736113.001265,TRACK,0.009349716000000001,0.0018967719997817767,0.3491376565485993,0.5238660038886334,0.6981760964410113,-0.002338548935878519,-0.002173319839861509,0.0008931982015897991,0.3490658503988659,0.5235987755982988,0.6981317007977318,0.0,0.0,0.0,0.37259307428356053,2.669845950049018,1.4264203938762832,CONTROL,2.759999999999985,1790736113001264819,1790736113003447013,30445,915761000000,1790736113001162565,1,1,0,0.0006868239997857017,25,0.0,0.0,8.782681727593556e-05,0.010000000000000002,0.3432732466540104,2.5558478543692207,1.389658620500007,0.029319827629550165,0.11399809567979753,0.03676177337627621,0.37259307428356053,2.669845950049018,1.4264203938762832,False,False,False
1790736113.0111263,TRACK,0.009861617000000001,0.0018477889998393948,0.3491457092870185,0.5238598215887178,0.6981859879830004,-0.001956077277483184,-0.0014288552186676245,0.0010313745013456623,0.3490658503988659,0.5235987755982988,0.6981317007977318,0.0,0.0,0.0,0.36702749245904936,2.6581832580540805,1.4217432677781259,CONTROL,2.769999999999985,1790736113011126366,1790736113013206617,30465,915771000000,1790736113011019543,1,1,0,0.0006550140001309046,24,0.0,0.0,9.148906043986662e-05,0.010000000000000002,0.3432732466540104,2.5558478543692207,1.389658620500007,0.023754245805038994,0.10233540368485973,0.032084647278118966,0.36702749245904936,2.6581832580540805,1.4217432677781259,False,False,False
1790736113.0211802,TRACK,0.010053703,0.0018025929998657375,0.34915116663490675,0.5238525015650817,0.6982021333477912,0.002935084550345953,0.0003170798593283592,0.0022218137894548396,0.3490658503988659,0.5235987755982988,0.6981317007977318,0.0,0.0,0.0,0.32668113971446905,2.610867289928202,1.403924486865763,CONTROL,2.7799999999999847,1790736113021180099,1790736113023205856,30485,915781000000,1790736113020908293,1,1,0,0.000610430000051565,22,0.0,0.0,7.935650730828062e-05,0.010000000000000002,0.3432732466540104,2.5558478543692207,1.389658620500007,-0.01659210693954132,0.05501943555898148,0.01426586636575594,0.32668113971446905,2.610867289928202,1.403924486865763,False,False,False
1790736113.0311797,TRACK,0.009999479,0.0018134540000573907,0.3491406892954618,0.5238394350346294,0.6982142594667686,-0.002153322330981099,-0.0014689146474056428,0.0008057097700015204,0.3490658503988659,0.5235987755982988,0.6981317007977318,0.0,0.0,0.0,0.36798894691444056,2.6596787174288736,1.4220938159805772,CONTROL,2.7899999999999845,1790736113031179588,1790736113033212408,30505,915791000000,1790736113030805858,1,1,0,0.0006689299998470233,25,0.0,0.0,8.843678792059955e-05,0.010000000000000002,0.3432732466540104,2.5558478543692207,1.389658620500007,0.024715700260430164,0.1038308630596531,0.03243519548057015,0.36798894691444056,2.6596787174288736,1.4220938159805772,False,False,False
1790736113.0411541,TRACK,0.009974522000000001,0.0019978440000159026,0.34912500454922046,0.5238256253138918,0.6982153209905131,-0.0018907934025098893,-0.0022698138802829783,5.365901358843784e-05,0.3490658503988659,0.5235987755982988,0.6981317007977318,0.0,0.0,0.0,0.3734659049191415,2.679401852843628,1.4307818495940783,CONTROL,2.7999999999999843,1790736113041153920,1790736113043392191,30525,915801000000,1790736113040726809,1,1,0,0.0007394239996756369,25,0.0,0.0,8.886151644908069e-05,0.010000000000000002,0.3432732466540104,2.5558478543692207,1.389658620500007,0.030192658265131102,0.12355399847440732,0.0411232290940713,0.3734659049191415,2.679401852843628,1.4307818495940783,False,False,False
1790736113.0511367,TRACK,0.009982488000000001,0.0017967230000976997,0.3491203699507057,0.5238133812475434,0.6982184056198322,-0.0023484183766042934,-0.0019466189629527794,0.0010566563303728194,0.3490658503988659,0.5235987755982988,0.6981317007977318,0.0,0.0,0.0,0.37547519400199264,2.67426492274395,1.4272943016951156,CONTROL,2.809999999999984,1790736113051136428,1790736113053176452,30545,915811000000,1790736113050675182,1,1,0,0.000669622000259551,25,0.0,0.0,8.471415222807311e-05,0.010000000000000002,0.3432732466540104,2.5558478543692207,1.389658620500007,0.032201947347982283,0.11841706837472946,0.03763568119510865,0.37547519400199264,2.67426492274395,1.4272943016951156,False,False,False
1790736113.0612617,TRACK,0.010124878,0.0017996269998548087,0.3491294010568815,0.5238093036998839,0.6982368768007787,-0.001958532925358714,-0.0013894338490961107,0.001994772072436452,0.3490658503988659,0.5235987755982988,0.6981317007977318,0.0,0.0,0.0,0.36852498202322875,2.6579472893025464,1.4197120143871222,CONTROL,2.819999999999984,1790736113061261496,1790736113063280971,30566,915821500000,1790736113061152609,1,1,0,0.000646306999897206,24,0.0,0.0,9.423432592335595e-05,0.010000000000000002,0.3432732466540104,2.5558478543692207,1.389658620500007,0.025251735369218396,0.10209943493332589,0.03005339388711529,0.36852498202322875,2.6579472893025464,1.4197120143871222,False,False,False
1790736113.0712478,TRACK,0.009986244,0.0016490520001752884,0.3491417686981828,0.5238055662610295,0.6982589318419836,0.005665552587453905,0.0017032819837236968,0.002354030193373751,0.3490658503988659,0.5235987755982988,0.6981317007977318,0.0,0.0,0.0,0.3062733922129679,2.5861466933011426,1.3943728919976952,CONTROL,2.8299999999999836,1790736113071247700,1790736113073104135,30586,915831500000,1790736113071140516,1,1,0,0.0004836379998778284,16,0.0,0.0,9.140122108271046e-05,0.1,0.3432732466540104,2.5558478543692207,1.389658620500007,-0.03699985444104246,0.03029883893192183,0.004714271497688291,0.3062733922129679,2.5861466933011426,1.3943728919976952,False,False,False
1790736113.0812144,TRACK,0.009966486,0.001854060999903595,0.3491353551774612,0.5237968212744963,0.6982660899019719,-0.0013257896588171828,-0.0010016098473242757,4.593426899751922e-05,0.3490658503988659,0.5235987755982988,0.6981317007977318,0.0,0.0,0.0,0.36196568981284255,2.6561450436448384,1.4212019742596458,CONTROL,2.8399999999999834,1790736113081214246,1790736113083276863,30606,915841500000,1790736113081119647,1,1,0,0.0006917129999237659,25,0.0,0.0,9.192252105705722e-05,0.010000000000000002,0.3432732466540104,2.5558478543692207,1.389658620500007,0.01869244315883215,0.10029718927561768,0.03154335375963871,0.36196568981284255,2.6561450436448384,1.4212019742596458,False,False,False
1790736113.0912378,TRACK,0.010023354,0.0018905199999608158,0.34912976005363916,0.5237883187565391,0.6982664137414019,-0.0013406417459232672,-0.0017510081573445919,4.602141712511948e-05,0.3490658503988659,0.5235987755982988,0.6981317007977318,0.0,0.0,0.0,0.3680970214917548,2.6725016269142,1.4276159517802647,CONTROL,2.849999999999983,1790736113091237661,1790736113093345464,30626,915851500000,1790736113091139434,1,1,0,0.0006973139998081024,25,0.0,0.0,8.278234281280274e-05,0.010000000000000002,0.3432732466540104,2.5558478543692207,1.389658620500007,0.024823774837744405,0.1166537725449794,0.03795733128025777,0.3680970214917548,2.6725016269142,1.4276159517802647,False,False,False
1790736113.1011486,TRACK,0.009910992,0.002231556999959139,0.34913820205771096,0.5237835678742258,0.6982703615096999,-0.001947084789694635,-0.0011469583509612089,0.0011894273541396857,0.3490658503988659,0.5235987755982988,0.6981317007977318,0.0,0.0,0.0,0.36767652888844937,2.659278191710906,1.4207083295678515,CONTROL,2.859999999999983,1790736113101148432,1790736113103806900,30645,915861000000,1790736113100700461,1,1,0,0.0007236850001390849,24,0.0,0.0,9.602676720391114e-05,0.010000000000000002,0.3432732466540104,2.5558478543692207,1.389658620500007,0.024403282234439,0.10343033734168525,0.031049709067844627,0.36767652888844937,2.659278191710906,1.4207083295678515,False,False,False
1790736113.1111956,TRACK,0.01004728,0.001897824000025139,0.34914973082082756,0.5237807196876725,0.6982897543769959,-0.0019891662191233806,-0.0015240398156507679,0.0019691273435061196,0.3490658503988659,0.5235987755982988,0.6981317007977318,0.0,0.0,0.0,0.3673287036841223,2.6584692742402445,1.419229740166521,CONTROL,2.869999999999983,1790736113111195452,1790736113113368258,30664,915871000000,1790736113110828385,1,1,0,0.0006682390003334149,24,0.0,0.0,9.697173328435104e-05,0.010000000000000002,0.3432732466540104,2.5558478543692207,1.389658620500007,0.024055457030111943,0.10262141987102366,0.02957111966651411,0.3673287036841223,2.6584692742402445,1.419229740166521,False,False,False
1790736113.121205,TRACK,0.010009679,0.002089508000153728,0.3491613463168042,0.5237770621964222,0.6983057781324526,-0.0022293990739813323,-0.0018605053700203895,0.00115321303090964,0.3490658503988659,0.5235987755982988,0.6981317007977318,0.0,0.0,0.0,0.37045885148675367,2.668361909154903,1.4238177183711778,CONTROL,2.8799999999999826,1790736113121205000,1790736113123612051,30683,915881000000,1790736113120886986,1,1,0,0.0007216009998955997,25,0.0,0.0,8.280477271576147e-05,0.010000000000000002,0.3432732466540104,2.5558478543692207,1.389658620500007,0.027185604832743286,0.11251405478568205,0.03415909787117084,0.37045885148675367,2.668361909154903,1.4238177183711778,False,False,False
1790736113.1311417,TRACK,0.00993603,0.0017280209999626095,0.34918046285862303,0.5237780025288759,0.6983138897035457,0.009676792587174247,0.0034394618325803033,0.0010321310630929809,0.3490658503988659,0.5235987755982988,0.6981317007977318,0.0,0.0,0.0,0.2750221989054655,2.5629228634993,1.3882919573856567,CONTROL,2.8899999999999824,1790736113131141531,1790736113133104288,30703,915891000000,1790736113130670496,1,1,0,0.0005558150000979367,20,0.0,0.0,9.055726726243784e-05,0.1,0.3432732466540104,2.5558478543692207,1.389658620500007,-0.06825104774854492,0.007075009130079131,-0.0013666631143502011,0.2750221989054655,2.5629228634993,1.3882919573856567,False,False,False
1790736113.1411812,TRACK,0.010039595,0.001841909000177111,0.3491752215618158,0.5237742659000215,0.6983166023404039,-0.00031074175717151436,0.000669453251416366,2.8927899903114472e-05,0.3490658503988659,0.5235987755982988,0.6981317007977318,0.0,0.0,0.0,0.3437074035023499,2.6238000070240894,1.4083438925801985,CONTROL,2.899999999999982,1790736113141181126,1790736113143254734,30723,915901000000,1790736113140751750,1,1,0,0.0006535610000355518,24,0.0,0.0,9.932404749071633e-05,0.010000000000000002,0.3432732466540104,2.5558478543692207,1.389658620500007,0.0004341568483395323,0.0679521526548686,0.018685272080191502,0.3437074035023499,2.6238000070240894,1.4083438925801985,False,False,False
1790736113.15121,TRACK,0.010029336,0.002043200000116485,0.34913961599406296,0.5237691907123896,0.6983167734826661,-0.0025240346057424584,-0.0003901516222230069,1.7355776460489043e-05,0.3490658503988659,0.5235987755982988,0.6981317007977318,0.0,0.0,0.0,0.36776582874361696,2.6526885944021505,1.4184095141624735,CONTROL,2.909999999999982,1790736113151209901,1790736113153862489,30743,915911000000,1790736113150803269,1,1,0,0.000684338999690226,24,0.0,0.0,9.258134994474672e-05,0.010000000000000002,0.3432732466540104,2.5558478543692207,1.389658620500007,0.024492582089606578,0.09684074003292968,0.028750893662466477,0.36776582874361696,2.6526885944021505,1.4184095141624735,False,False,False
1790736113.1611786,TRACK,0.0099678,0.0019022730002689059,0.3491298002878329,0.5237648388934106,0.6983170172218762,-0.0018562379537072386,-0.002000457442551328,5.3213230620128226e-05,0.3490658503988659,0.5235987755982988,0.6981317007977318,0.0,0.0,0.0,0.37152715485473226,2.6752068435888012,1.4275173073158585,CONTROL,2.9199999999999817,1790736113161178372,1790736113163335298,30760,915920000000,1790736113161083412,1,1,0,0.0006945089999135234,25,0.0,0.0,8.769919907964733e-05,0.010000000000000002,0.3432732466540104,2.5558478543692207,1.389658620500007,0.028253908200721895,0.11935898921958067,0.037858686815851375,0.37152715485473226,2.6752068435888012,1.4275173073158585,False,False,False
1790736113.1711843,TRACK,0.010006072000000001,0.001949663000232249,0.3491486876499694,0.5237650894558366,0.6983193265075278,-0.002325338113823886,-0.0018487574007714257,0.0012501215044637098,0.3490658503988659,0.5235987755982988,0.6981317007977318,0.0,0.0,0.0,0.37158778539495635,2.6681101926836583,1.4231514442512911,CONTROL,2.9299999999999815,1790736113171184254,1790736113173421873,30778,915929000000,1790736113170699073,1,1,0,0.0007008299999142764,25,0.0,0.0,8.028725763990206e-05,0.010000000000000002,0.3432732466540104,2.5558478543692207,1.389658620500007,0.028314538740945992,0.11226233831443759,0.03349282375128411,0.37158778539495635,2.6681101926836583,1.4231514442512911,False,False,False
1790736113.1811304,TRACK,0.009945897,0.0018103880001945072,0.34917713128783934,0.5237703051565861,0.6983349535421843,-0.0021001167642582083,-0.001577610066488725,0.0017930060092868174,0.3490658503988659,0.5235987755982988,0.6981317007977318,0.0,0.0,0.0,0.364994920496436,2.655390171366892,1.4174921972885037,CONTROL,2.9399999999999813,1790736113181130321,1790736113183153513,30799,915939500000,1790736113181034659,1,1,0,0.0006524089999402349,24,0.0,0.0,9.274417612212317e-05,0.010000000000000002,0.3432732466540104,2.5558478543692207,1.389658620500007,0.021721673842425644,0.09954231699767134,0.02783357678849672,0.364994920496436,2.655390171366892,1.4174921972885037,False,False,False
1790736113.1911788,TRACK,0.010048423,0.0018415570002616732,0.34920096234764486,0.5237728828297783,0.6983500691504525,-0.002272633985826803,-0.001910675688244893,0.0012183293611028375,0.3490658503988659,0.5235987755982988,0.6981317007977318,0.0,0.0,0.0,0.3651030511268725,2.6595896144725573,1.4196217899959265,CONTROL,2.949999999999981,1790736113191178633,1790736113193248855,30819,915949500000,1790736113190904884,1,1,0,0.000673268000355165,24,0.0,0.0,9.801145976656643e-05,0.010000000000000002,0.3432732466540104,2.5558478543692207,1.389658620500007,0.02182980447286216,0.1037417601033366,0.029963169495919553,0.3651030511268725,2.6595896144725573,1.4196217899959265,False,False,False
1790736113.2023363,TRACK,0.011175542,0.00271001700002671,0.3492186300826665,0.5237747342030072,0.6983551548387674,-0.0022722981335016237,-0.0018258939738672404,0.0007794573574292865,0.3490658503988659,0.5235987755982988,0.6981317007977318,0.0,0.0,0.0,0.36350093181815535,2.659041665760732,1.4199217121636605,CONTROL,2.959999999999981,1790736113202336141,1790736113205884700,30834,915957000000,1790736113198445833,1,1,0,0.0006798709996473917,24,0.0,0.0,9.478717113220751e-05,0.010000000000000002,0.3432732466540104,2.5558478543692207,1.389658620500007,0.020227685164144974,0.10319381139151161,0.030263091663653534,0.36350093181815535,2.659041665760732,1.4199217121636605,False,False,False
1790736113.2111874,TRACK,0.008833665000000001,0.0019908909998775925,0.3492511005280976,0.5237795366777771,0.6983573484135559,0.010496855128123955,0.0036884812368233365,-2.4288002488838693e-05,0.3490658503988659,0.5235987755982988,0.6981317007977318,0.0,0.0,0.0,0.26121362585762464,2.5521675956185024,1.385312625449031,CONTROL,2.9699999999999807,1790736113211187300,1790736113213479213,30851,915969500000,1790736113210898221,1,1,0,0.0006327720002445858,21,0.0,0.0,6.27568593736604e-05,0.010000000000000002,0.3432732466540104,2.5558478543692207,1.389658620500007,-0.08205962079638576,-0.0036802587507181357,-0.004345995050975939,0.26121362585762464,2.5521675956185024,1.385312625449031,False,False,False
1790736113.2212682,TRACK,0.010080404000000001,0.002092072999857919,0.3492430669883895,0.5237740774933082,0.6983576942040677,-0.0005756659032006008,0.0006282131728190354,3.406736480489423e-05,0.3490658503988659,0.5235987755982988,0.6981317007977318,0.0,0.0,0.0,0.33732152664550297,2.61469166645956,1.4041779649577941,CONTROL,2.9799999999999804,1790736113221267884,1790736113223712186,30866,915977500000,1790736113221121416,1,1,0,0.0007154589998208394,24,0.0,0.0,9.414654324822972e-05,0.010000000000000002,0.3432732466540104,2.5558478543692207,1.389658620500007,-0.005951720008507415,0.058843812090339315,0.014519344457787095,0.33732152664550297,2.61469166645956,1.4041779649577941,False,False,False
1790736113.2313225,TRACK,0.010054253,0.0020864919997620746,0.3491922651192265,0.5237676363685901,0.6983578761976745,-0.004431155416975176,-0.0006822162596357072,1.7140945585900937e-05,0.3490658503988659,0.5235987755982988,0.6981317007977318,0.0,0.0,0.0,0.37426854577298607,2.6532947784876377,1.4171545408363,CONTROL,2.9899999999999802,1790736113231322348,1790736113233784774,30887,915988000000,1790736113231188664,1,1,0,0.0007164900002862851,24,0.0,0.0,9.495567252087683e-05,0.010000000000000002,0.3432732466540104,2.5558478543692207,1.389658620500007,0.030995299118975687,0.09744692411841713,0.027495920336293098,0.37426854577298607,2.6532947784876377,1.4171545408363,False,False,False
1790736113.2412453,TRACK,0.009923545,0.002366044000154943,0.34917229978684716,0.5237635996700467,0.6983580894033579,-0.0010573587269740044,-0.001422722932876961,4.149663500410618e-05,0.3490658503988659,0.5235987755982988,0.6981317007977318,0.0,0.0,0.0,0.357954405282649,2.655237607498812,1.4194260318434577,CONTROL,2.99999999999998,1790736113241245262,1790736113244014711,30902,915998000000,1790736113240913682,1,1,0,0.0006934069997441838,24,0.0,0.0,8.831618446350376e-05,0.010000000000000002,0.3432732466540104,2.5558478543692207,1.389658620500007,0.014681158628638617,0.09938975312959132,0.029767411343450782,0.357954405282649,2.655237607498812,1.4194260318434577,False,False,False
1790736113.2511752,RETURN,0.009929036,0.0019457549997241586,0.3491888208500118,0.5237586897114674,0.6983586377452222,-0.00224230201150635,-0.0018361299731788016,0.0001759670689125371,0.3490658503988659,0.5235987755982988,0.6981317007977318,-0.0,-0.0,-0.0,0.36583959418120526,2.664364927353896,1.4223682061412344,CONTROL,0.0,1790736113251175109,1790736113253950671,30921,916008500000,1790736113251055522,1,1,0,0.000697383999977319,25,0.0,0.0,8.086527223798533e-05,0.010000000000000002,0.3432732466540104,2.5558478543692207,1.389658620500007,0.02256634752719489,0.1085170729846751,0.032709585641227445,0.36583959418120526,2.664364927353896,1.4223682061412344,False,False,False
1790736113.2611573,RETURN,0.009982428,0.0018724259998634807,0.34920117925490324,0.523757366852319,0.6983620112880087,-0.002341362780592769,-0.0018158019804442554,0.0008118446974554342,0.3490658225567284,0.5235987338372724,0.6981316451140273,-8.344276893850002e-06,-1.251576204102091e-05,-1.6688382836923123e-05,0.3639098091933999,2.65816880783939,1.4190448313836446,CONTROL,0.01,1790736113261157136,1790736113263358296,30941,916018500000,1790736113260683306,1,1,0,0.0006752019999112235,24,0.0,0.0,9.51929774951156e-05,0.010000000000000002,0.34300773066988727,2.555223705334897,1.3893824185823078,0.020902078523512623,0.10294510250449282,0.029662412801336788,0.3639098091933999,2.65816880783939,1.4190448313836446,False,False,False
1790736113.2712405,RETURN,0.010082927,0.001782033999916166,0.3492186496429355,0.5237577075839157,0.6983676733101487,0.010941579470122099,0.003812543320054004,0.00029590683045921737,0.3490656283303779,0.5235984425129533,0.6981312566653053,-3.324346563720428e-05,-4.986259572003887e-05,-6.648625020924867e-05,0.2585702808700948,2.5469082626014736,1.3824178822616953,CONTROL,0.02,1790736113271240454,1790736113273272002,30962,916029000000,1790736113271129033,1,1,0,0.0005937670002822415,21,0.0,0.0,7.286098504291707e-05,0.010000000000000002,0.34274564175004374,2.5546062594957024,1.3891093105025323,-0.08417536087994891,-0.007697996894228906,-0.006691428240836968,0.2585702808700948,2.5469082626014736,1.3824178822616953,False,False,False
1790736113.281258,RETURN,0.010017563,0.0019728469997062348,0.34920605625374,0.5237528453895655,0.6983683258354092,-0.004841107690370601,-0.0008128268530578869,1.6911698946220875e-05,0.3490651031706646,0.5235976548144997,0.6981302063566377,-7.449770652108609e-05,-0.00011174072712123568,-0.00014899388679358674,0.37163710077869216,2.6476357670923356,1.414275200779629,CONTROL,0.03,1790736113281258017,1790736113283486029,30982,916039000000,1790736113281156174,1,1,0,0.000708725999629678,26,0.0,0.0,8.18449597678378e-05,0.010000000000000002,0.3424871988343865,2.5539946948451715,1.3888390586308903,0.02914990194430566,0.09364107224716407,0.025436142148738794,0.37163710077869216,2.6476357670923356,1.414275200779629,False,False,False
1790736113.29118,RETURN,0.009921823,0.001804035999612097,0.3491507149169788,0.5237448511022231,0.6983684946284057,-0.0023542170143501925,-0.00035840905454709125,1.7453116836450844e-05,0.3490640845230145,0.5235961269227777,0.6981281690822069,-0.0001319079441009411,-0.00019785158866245838,-0.0002638131857789152,0.36000173889223197,2.637839649113045,1.4110568863781965,CONTROL,0.04,1790736113291179860,1790736113293225425,31002,916049000000,1790736113290955845,1,1,0,0.000636668999959511,23,0.0,0.0,9.218591576778541e-05,0.010000000000000002,0.3422326184001715,2.5533881982220072,1.3885714280245762,0.017769120492060496,0.08445145089103806,0.02248545835362029,0.36000173889223197,2.637839649113045,1.4110568863781965,False,False,False
1790736113.3012252,RETURN,0.010045757,0.0022260569999161817,0.3491453383656147,0.5237351744196186,0.698368800327017,-0.0023112953956775308,-0.002702096532704658,5.8097073152124504e-05,0.34906241181938685,0.5235936179982975,0.6981248237092206,-0.00020527592719663744,-0.00030789781909521934,-0.00041054764886657965,0.3678240394838317,2.667494388419451,1.422495706905379,CONTROL,0.05,1790736113301225006,1790736113303776923,31022,916059000000,1790736113300809577,1,1,0,0.000898766999853251,25,0.0,0.0,8.813543073785208e-05,0.010000000000000002,0.34198211445674337,2.5527859652898184,1.3883061864071855,0.025841925027088344,0.11470842312963235,0.03418952049819336,0.3678240394838317,2.667494388419451,1.422495706905379,False,False,False
1790736113.3111455,RETURN,0.009920339,0.002138791000106721,0.34916718858249585,0.5237311058582801,0.698369015004046,-0.0019329610154852925,-0.001774801329294486,5.499127203124367e-05,0.34905992647023126,0.5235898901691499,0.6981198530618272,-0.0002944042088924657,-0.00044158326350469615,-0.0005888023862702936,0.3584633197388966,2.6488167071995066,1.4151551711073715,CONTROL,0.060000000000000005,1790736113311145415,1790736113313715266,31041,916069000000,1790736113310710971,1,1,0,0.0007234830000015791,24,0.0,0.0,8.563827912862478e-05,0.010000000000000002,0.3417358985399506,2.552187200511348,1.388043104144005,0.016727421198945977,0.09662950668815883,0.027112066963366745,0.3584633197388966,2.6488167071995066,1.4151551711073715,False,False,False
1790736113.3212419,RETURN,0.010096013000000001,0.0020879449998574273,0.3491813210750765,0.5237273882515154,0.698369255999371,-0.002117865319049146,-0.0019143148360997813,5.606186010703891e-05,0.3490564718564452,0.5235847085189435,0.6981129439050304,-0.00039909614653713897,-0.0005986129733097317,-0.0007981841167161382,0.35619903076924536,2.644102001662683,1.4129315478698563,CONTROL,0.07,1790736113321241909,1790736113323630384,31062,916079500000,1790736113321116621,1,1,0,0.0007885770000939374,24,0.0,0.0,8.779890596397626e-05,0.010000000000000002,0.34149417970627016,2.551591117117415,1.3877819542133507,0.01470485106297519,0.09251088454526817,0.02514959365650554,0.35619903076924536,2.644102001662683,1.4129315478698563,False,False,False
1790736113.3311243,RETURN,0.009882316,0.0018340829997214314,0.349190588610778,0.5237201250174479,0.6983694363918596,0.009405436812256363,0.0031200630361594654,-9.035384020901005e-05,0.34905189332133135,0.5235778410747406,0.698103786928604,-0.0005191559017437924,-0.0007786932062628338,-0.001038301167442562,0.26298564878618075,2.541328939468315,1.378095854703326,CONTROL,0.08,1790736113331124245,1790736113333233851,31082,916089500000,1790736113331011892,1,1,0,0.0005999089999022544,21,0.0,0.0,6.935853311770068e-05,0.010000000000000002,0.34125716452666316,2.5509969370708,1.3875225121741468,-0.07827151574048243,-0.009667997602484739,-0.009426657470820828,0.26298564878618075,2.541328939468315,1.378095854703326,False,False,False
1790736113.3411865,RETURN,0.010062028,0.0019888269998773467,0.34917387729524396,0.5237064123233832,0.6983698261244453,-0.005423696309725409,-0.0019525328937324371,1.5582552915010747e-05,0.3490460381625549,0.5235690587949948,0.6980920767310068,-0.0006543884403899841,-0.0009815314264501763,-0.0013087634742003822,0.3695755289242738,2.638359084483069,1.4081788549800995,CONTROL,0.09,1790736113341186263,1790736113343504235,31102,916099500000,1790736113340963069,1,1,0,0.0006826359999649867,25,0.0,0.0,9.857453401263082e-05,0.010000000000000002,0.34102505708018616,2.550403891025301,1.3872645561299097,0.028550471844087637,0.08795519345776795,0.020914298850189895,0.3695755289242738,2.638359084483069,1.4081788549800995,False,False,False
1790736113.3512158,RETURN,0.010029787,0.001868297999862989,0.34912028377570525,0.5236912547566561,0.6983699716869345,-0.003295208926599407,-0.0012829257120473216,1.678043792065361e-05,0.34903875562410097,0.5235581355574868,0.6980775118032977,-0.0008045995326176942,-0.001206836304291597,-0.0016091825812527825,0.35816442769259743,2.624583646045172,1.4029632306399187,CONTROL,0.09999999999999999,1790736113351215649,1790736113353361114,31117,916108500000,1790736113350776986,1,1,0,0.0006348759998218156,23,0.0,0.0,7.792247502522582e-05,0.010000000000000002,0.34079805894739007,2.5498112182801638,1.3870078666893106,0.01736636874520734,0.07477242776500806,0.015955363950608068,0.35816442769259743,2.624583646045172,1.4029632306399187,False,False,False
1790736113.3611817,RETURN,0.009965664,0.0018546020000940189,0.34911129661898155,0.5236787628288528,0.6983701769947355,-0.001383116823210489,-0.002888926525686241,4.5582126066120825e-05,0.34902989688823194,0.5235448481472617,0.6980597945130502,-0.0009695957528333262,-0.0014543177165406015,-0.0019391716413753165,0.3482731573330197,2.6307010743964,1.405678811140251,CONTROL,0.10999999999999999,1790736113361181794,1790736113363332589,31134,916117000000,1790736113360787756,1,1,0,0.0006502649998765264,24,0.0,0.0,8.049636053134428e-05,0.010000000000000002,0.3405763692035263,2.549218166730133,1.3867522269234998,0.007696788129493412,0.08148290766626683,0.018926584216751148,0.3482731573330197,2.6307010743964,1.405678811140251,False,False,False
1790736113.3711798,RETURN,0.009997877,0.001848139999765408,0.3491213615530162,0.5236594279812126,0.6983704238549726,-0.0017544921975746232,-0.002521719685812591,5.1835978707452613e-05,0.3490193150674448,0.5235289762445651,0.6980386310882677,-0.0011491844797077043,-0.001723686746284357,-0.0022983454158559025,0.3442010408705884,2.6173528953162024,1.3996357756097915,CONTROL,0.11999999999999998,1790736113371179681,1790736113373294377,31155,916127500000,1790736113370741880,1,1,0,0.0006347749999804364,23,0.0,0.0,8.53185857109415e-05,0.010000000000000002,0.3403601844115793,2.5486239928112915,1.386497422320345,0.003840856459009121,0.06872890250491095,0.013138353289446476,0.3442010408705884,2.6173528953162024,1.3996357756097915,False,False,False
1790736113.3811643,RETURN,0.009984652,0.0018549320002421155,0.3491022228612577,0.523629885734409,0.6983710228792446,-0.002092647738437067,-0.0029965435992805236,5.5641750480596875e-05,0.3490068651964285,0.5235103024127803,0.698013731601298,-0.0013431738961760767,-0.0020146556829436987,-0.002686320274494829,0.34553665447038406,2.617292152732601,1.3986056386102899,CONTROL,0.12999999999999998,1790736113381164243,1790736113383278768,31176,916138000000,1790736113381040167,1,1,0,0.0006367390001287276,23,0.0,0.0,8.991743752623767e-05,0.010000000000000002,0.34014969861515953,2.54802796144293,1.386243240735752,0.00538695585522451,0.06926419128967137,0.012362397874537997,0.34553665447038406,2.617292152732601,1.3986056386102899,False,False,False
1790736113.3911395,RETURN,0.009974942,0.0018204170000899467,0.34908810054001815,0.5235979724977158,0.6983714863406729,-0.0009789208643088086,-0.003363153550675137,3.789349496416145e-05,0.34899240422402134,0.5234886120863647,0.6979848099527484,-0.0015513729894381138,-0.0023269380222731275,-0.0031027141956047532,0.33688044696634195,2.611394764541465,1.3960060617480805,CONTROL,0.13999999999999999,1790736113391139265,1790736113393231268,31197,916148500000,1790736113391032963,1,1,0,0.0006430009998439346,23,0.0,0.0,7.953087649867826e-05,0.010000000000000002,0.33994510333126476,2.547429345965629,1.3859894723422337,-0.003064656364922814,0.06396541857583564,0.010016589405846786,0.33688044696634195,2.611394764541465,1.3960060617480805,False,False,False
1790736113.4011905,RETURN,0.010051278,0.0018188750000263099,0.3490734483822484,0.5235611827172386,0.6983719409235731,-0.0017694911864984475,-0.00358236120814264,5.0311583647066806e-05,0.34897579100516823,0.5234636935587863,0.6979515838554003,-0.0017735915509579081,-0.002660248466360807,-0.003547146766010697,0.3391171392474383,2.607970998346982,1.393303819195394,CONTROL,0.15,1790736113401190353,1790736113403248822,31217,916158500000,1790736113400749315,1,1,0,0.0006412970001292706,23,0.0,0.0,8.09672031625937e-05,0.010000000000000002,0.33974658754293674,2.546827428075748,1.3857359095748727,-0.0006294482954984194,0.06114357027123384,0.007567909620521249,0.3391171392474383,2.607970998346982,1.393303819195394,False,False,False
1790736113.4112027,RETURN,0.010011993,0.0023682569999436964,0.3490598112117089,0.5235287541912728,0.69837237056699,-0.0010916990281284336,-0.003498801888136306,3.955083721978066e-05,0.34895688629287824,0.5234353379704608,0.6979137748181248,-0.0020096401764639732,-0.0030143029236285672,-0.004019239181050049,0.32997509565338834,2.593341749381003,1.3868454409801108,CONTROL,0.16,1790736113411202476,1790736113414163449,31235,916168000000,1790736113410898920,1,1,0,0.0007709439996688161,22,0.0,0.0,8.112276936339759e-05,0.010000000000000002,0.3395543376918361,2.546221497756536,1.3854823470748494,-0.009579242038447712,0.047120251624467195,0.0013630939052612849,0.32997509565338834,2.593341749381003,1.3868454409801108,False,False,False
1790736113.4212494,RETURN,0.010046789,0.0020095869999749993,0.34904784916622855,0.5234884103798132,0.6983727898052421,-0.0012599761628523476,-0.004098036520171215,4.1599577838943164e-05,0.34893555273018173,0.523403339296688,0.6978711081297965,-0.002259330265949249,-0.0033888185088319055,-0.004518614244572573,0.3282214778938006,2.590093921139593,1.38438120745829,CONTROL,0.17,1790736113421249335,1790736113423586353,31256,916178500000,1790736113421134858,1,1,0,0.0006084149999878719,22,0.0,0.0,8.361142681003437e-05,0.010000000000000002,0.3393685376707453,2.5456108532060218,1.385228581630665,-0.011147059776944763,0.044483067933571416,-0.0008473741723750814,0.3282214778938006,2.590093921139593,1.38438120745829,False,False,False
1790736113.4311862,RETURN,0.00993689,0.0019418480001149874,0.3490357267575819,0.5234468518923725,0.6983731966674926,-0.001040031395854577,-0.004142058385417419,3.782514856861315e-05,0.34891165484208786,0.5233674943355882,0.6978233128432092,-0.002522474023671094,-0.003783513543059981,-0.005044896368940393,0.32168729803952867,2.5773469391824486,1.378272365998973,CONTROL,0.18000000000000002,1790736113431186145,1790736113433491944,31276,916188500000,1790736113430841992,1,1,0,0.0006052890003047651,21,0.0,0.0,8.299111709254259e-05,0.010000000000000002,0.33918936881602574,2.544994800761896,1.3849744121172312,-0.01750207077649706,0.03235213842055271,-0.006702046118258099,0.32168729803952867,2.5773469391824486,1.378272365998973,False,False,False
1790736113.4412718,RETURN,0.010085402,0.0017763639998520375,0.34902802120400533,0.5234032289425974,0.6983735367263928,-0.0004545395489276573,-0.004142557678429132,2.728634461436185e-05,0.3488850590275418,0.5233276026960393,0.6977701217589906,-0.002798884458151289,-0.0041981075537356185,-0.005597711575028,0.3118592721593592,2.5604803059077272,1.3705830568659536,CONTROL,0.19000000000000003,1790736113441271578,1790736113443360384,31297,916199000000,1790736113441142162,1,1,0,0.0004711250003310852,15,0.0,0.0,9.747482399849149e-05,0.1,0.3390170099000382,2.5443726548235515,1.3847196394329513,-0.027157737740678988,0.016107651084175702,-0.014136582566997609,0.3118592721593592,2.5604803059077272,1.3705830568659536,False,False,False
1790736113.4512036,RETURN,0.009932051,0.0016850299998623086,0.3490252727252612,0.523362385968956,0.6983737488496327,-0.00045152704629866343,-0.004071014890155469,1.3586690090623861e-05,0.3488556335513824,0.5232834667856134,0.6977112714095169,-0.0030883753821760417,-0.004632321274615313,-0.006176687492222263,0.3055165513980046,2.54581188759616,1.3635118919879803,CONTROL,0.20000000000000004,1790736113451203488,1790736113453169131,31315,916209000000,1790736113451098899,1,1,0,0.00038639400008833036,12,0.0,0.0,9.165063006804971e-05,0.1,0.33885163712354793,2.5437437377714573,1.3844640664349488,-0.03333508572554332,0.002068149824703004,-0.02095217444696845,0.3055165513980046,2.54581188759616,1.3635118919879803,False,False,False
1790736113.4612613,RETURN,0.010057941,0.0015974640000422369,0.34901618407771284,0.5233201718499076,0.6983738827628643,-0.001262743691975144,-0.0043794338498255305,1.3218921879951454e-05,0.348823248536299,0.5232348917985135,0.6976465020428282,-0.0033907614127959775,-0.005085876645789219,-0.006781453358422408,0.30474776273792764,2.536024882668045,1.3578276956322115,CONTROL,0.21000000000000005,1790736113461260978,1790736113463150907,31335,916219000000,1790736113460990264,1,1,0,0.0003784590003306221,11,0.0,0.0,9.404351728232997e-05,0.1,0.33869342410812725,2.543107379884049,1.384207497872576,-0.033945661370199595,-0.007082497216004141,-0.02637980224036458,0.30474776273792764,2.536024882668045,1.3578276956322115,False,False,False
1790736113.47138,RETURN,0.010120218,0.0018311970002287126,0.34900279527881484,0.5232808753108324,0.6983739927413279,-0.0018106027802525023,-0.004919821142704497,1.258462202311482e-05,0.34878777595478944,0.5231816857035093,0.6975755576065426,-0.0037058579713261466,-0.005558496813681158,-0.007411640020040032,0.30283508677707605,2.527328680891902,1.3526269190890419,CONTROL,0.22000000000000006,1790736113471379924,1790736113473635137,31352,916227500000,1790736113469252494,1,1,0,0.00044371200010573375,12,0.0,0.0,8.587838800858187e-05,0.1,0.33854254188857336,2.5424629192523085,1.3839497403193477,-0.035707455111497304,-0.015134238360406314,-0.03132282123030585,0.30283508677707605,2.527328680891902,1.3526269190890419,False,False,False
1790736113.4811716,RETURN,0.009789701000000001,0.0015825350001250627,0.34897741894367496,0.5232200466413781,0.6983736332647204,-0.002611398436172553,-0.00559342839049581,-0.00026768155431147224,0.3487490896211169,0.5231236592318755,0.6974981857317717,-0.00403348128334602,-0.006049906131048615,-0.0080668799319991,0.3040352814746592,2.523279796097235,1.3492227932960472,CONTROL,0.23000000000000007,1790736113481171548,1790736113483038965,31369,916239000000,1790736113481066850,1,1,0,0.00039491000006819377,11,0.0,0.0,9.349338792519828e-05,0.1,0.33839915890534344,2.5418097016921677,1.3836906021034152,-0.03436387743068427,-0.01852990559493288,-0.034467808807367946,0.3040352814746592,2.523279796097235,1.3492227932960472,False,False,False
1790736113.4911869,RETURN,0.01001541,0.0016475689999424503,0.3489491141243031,0.5231678718317427,0.6983617756366143,-0.003255607054855465,-0.005295464598978589,-0.002522453310206821,0.34870706518326744,0.5230606258653272,0.6974141377170353,-0.004373448378699493,-0.006559830156982746,-0.008746807157735948,0.3024396433952796,2.5157186761108883,1.3469089868224222,CONTROL,0.24000000000000007,1790736113491186627,1790736113493123696,31388,916248500000,1790736113490726002,1,1,0,0.00040544000012232573,12,0.0,0.0,9.786237890478563e-05,0.1,0.33826344099703815,2.5411470806549485,1.3834298932367406,-0.03582379760175852,-0.025428404544060312,-0.03652090641431839,0.3024396433952796,2.5157186761108883,1.3469089868224222,False,False,False
1790736113.5011396,RETURN,0.0099526,0.0015818029996808036,0.34890983716217594,0.5231153561662074,0.6983161370558331,-0.004195401167167324,-0.004631869154625312,-0.006295983951996131,0.34866158011490744,0.5229924018239567,0.6973231685121766,-0.004725577091494882,-0.007087995656908365,-0.009451057369199272,0.3020064182695783,2.509424128496018,1.3469405479901417,CONTROL,0.25000000000000006,1790736113501139578,1790736113502968000,31409,916259000000,1790736113501042885,1,1,0,0.000409819000196876,13,0.0,0.0,9.578652893959469e-05,0.1,0.33813555139292417,2.5404744171359472,1.3831674253430672,-0.0361291331233459,-0.03105028863992929,-0.03622687735292544,0.3020064182695783,2.509424128496018,1.3469405479901417,False,False,False
1790736113.5111864,RETURN,0.010046639000000001,0.001682365000306163,0.34886187823121606,0.5230716105300486,0.698234187755554,-0.0052707703048745684,-0.004097843739527441,-0.00995511627137459,0.34861251370734087,0.5229188060541705,0.6972250367022761,-0.005089686060104929,-0.007634130602583961,-0.01017926784685015,0.30223253892915075,2.5028780963860546,1.3470140210442962,CONTROL,0.26000000000000006,1790736113511186127,1790736113513136611,31429,916269000000,1790736113511082140,1,1,0,0.000499467999816261,17,0.0,0.0,9.528272140643946e-05,0.1,0.33801565070552597,2.5397910795813625,1.3829030115848433,-0.03578311177637523,-0.036912983195307905,-0.03588899054054706,0.30223253892915075,2.5028780963860546,1.3470140210442962,False,False,False
1790736113.5212128,RETURN,0.010026551,0.0026371080002718372,0.3488064532377111,0.5230338568740409,0.6981242677467416,-0.006243242110239876,-0.0038328447184330992,-0.01304040486394848,0.34855974706146653,0.5228396602166262,0.6971195044915678,-0.005465594727166792,-0.008197964172101675,-0.010931077479662009,0.30140728918984033,2.493629841221238,1.3455934567614993,CONTROL,0.2700000000000001,1790736113521212688,1790736113524434987,31448,916278500000,1790736113520791718,1,1,0,0.00059406799982753,21,0.0,0.0,7.251863062057888e-05,0.010000000000000002,0.33790389692328154,2.5390964437936714,1.3826364665891875,-0.036496607733441225,-0.04546660257243338,-0.037043009827688066,0.30140728918984033,2.493629841221238,1.3455934567614993,False,False,False
1790736113.531222,RETURN,0.010009368000000001,0.001749050999933388,0.34873477528508,0.5229950322979677,0.6979680447968355,-0.0073008971603782755,-0.003615884648913345,-0.016557536162628565,0.3485031630797357,0.5227547886741684,0.6970063376873528,-0.0058531233395820595,-0.008779226749887329,-0.01170612676512066,0.30343016040952997,2.490228560130711,1.347363758551092,CONTROL,0.2800000000000001,1790736113531222066,1790736113533208518,31469,916289000000,1790736113531012147,1,1,0,0.000587977000122919,21,0.0,0.0,7.43165465938229e-05,0.010000000000000002,0.33780044540328485,2.5383898928356583,1.382367606373057,-0.03437028499375487,-0.04816133270494751,-0.03500384782196495,0.30343016040952997,2.490228560130711,1.347363758551092,False,False,False
1790736113.5412338,RETURN,0.010011552,0.0017907299998114468,0.34865671060190184,0.5229593053008701,0.6977861079207464,-0.008151498568957668,-0.003572166899237919,-0.01949342712774233,0.3484426464581092,0.5226640184797657,0.6968853056839153,-0.006252092948516735,-0.009377649926700392,-0.012504057809224272,0.3044575363768986,2.4856400736547886,1.34832829760231,CONTROL,0.2900000000000001,1790736113541233588,1790736113543293450,31489,916299000000,1790736113541021936,1,1,0,0.0005942580000919406,21,0.0,0.0,8.897693436060212e-05,0.010000000000000002,0.3377054488641104,2.5376708169331854,1.382096248267694,-0.03324791248721181,-0.052030743278396706,-0.03376795066538385,0.3044575363768986,2.4856400736547886,1.34832829760231,False,False,False
1790736113.5512283,RETURN,0.00999439,0.0018258979998790892,0.34857140834804046,0.5229228289065597,0.697578953707342,-0.008784934370953216,-0.0036604438057619673,-0.02183501054942596,0.34837808367801487,0.522567179364448,0.6967561814464365,-0.0066623254094012475,-0.009992966499634012,-0.013324514326483381,0.30308924813518334,2.476501142320571,1.3470848990761477,CONTROL,0.3000000000000001,1790736113551228078,1790736113553347383,31509,916309000000,1790736113551116746,1,1,0,0.0006291650001912785,22,0.0,0.0,7.686129135597665e-05,0.010000000000000002,0.3376190573787396,2.536938613376876,1.3818222108424918,-0.03452980924355624,-0.06043747105630487,-0.0347373117663441,0.30308924813518334,2.476501142320571,1.3470848990761477,False,False,False
1790736113.561246,RETURN,0.010018696,0.0018348540002079972,0.34848426009750266,0.5228869070925244,0.6973610537606887,-0.009474585158895434,-0.003847123972560984,-0.024025226005665364,0.34830936299830506,0.522464103725242,0.6966187414949103,-0.0070836433819304505,-0.010624910472115001,-0.0141671416399209,0.302283631417798,2.467935112239209,1.3459310966862161,CONTROL,0.3100000000000001,1790736113561245652,1790736113563351902,31528,916318500000,1790736113561135282,1,1,0,0.0006232330001694208,22,0.0,0.0,9.021015760787629e-05,0.010000000000000002,0.33754141836758905,2.5361926864228543,1.3815453138283904,-0.03525778694979105,-0.06825757418364535,-0.03561421714217428,0.302283631417798,2.467935112239209,1.3459310966862161,False,False,False
1790736113.571184,RETURN,0.009937211000000001,0.0018190450000474812,0.348385105165268,0.5228468487832574,0.6971082196600391,-0.010260733944031713,-0.004090625265661267,-0.026545236846059514,0.3482363744472136,0.5223546266131087,0.6964727658880577,-0.0075158703300636205,-0.011273217053903835,-0.01503158668107211,0.3030859230326311,2.462743131932411,1.3467455712197012,CONTROL,0.3200000000000001,1790736113571183865,1790736113573285896,31548,916328500000,1790736113570898323,1,1,0,0.0006197470002007321,22,0.0,0.0,9.692997278064603e-05,0.010000000000000002,0.3374726765916526,2.5354324471926493,1.3812653780408974,-0.03438675355902147,-0.07268931526023821,-0.034519806821196194,0.3030859230326311,2.462743131932411,1.3467455712197012,False,False,False
1790736113.581264,RETURN,0.010079942000000001,0.0018254459996569494,0.3482724753096962,0.5228018999112409,0.6968161397435959,-0.01106135453728618,-0.004420042892584407,-0.028955618359518563,0.3481590098143137,0.5222385857208799,0.6963180382072418,-0.007958830522024445,-0.011937622661094641,-0.015917497989984635,0.3042370659064855,2.457661694236088,1.3477958457787327,CONTROL,0.3300000000000001,1790736113581263877,1790736113583338988,31569,916339000000,1790736113581161222,1,1,0,0.0006370289997903456,23,0.0,0.0,7.676238003571944e-05,0.010000000000000002,0.33741297414575644,2.534657313572427,1.3809822253028572,-0.03317590823927092,-0.07699561933633882,-0.03318637952412442,0.3042370659064855,2.457661694236088,1.3477958457787327,False,False,False
1790736113.5930076,RETURN,0.011745385,0.001904647000174009,0.34817552730170664,0.5227624478510231,0.6965631346842591,-0.01162168223534181,-0.004816773484716811,-0.0304482504393192,0.3480771626424748,0.5221158213711947,0.6961543455403824,-0.008412349030301053,-0.012617864916115239,-0.016824525715218506,0.30152996788726166,2.444451257291011,1.3442194153932754,CONTROL,0.34000000000000014,1790736113593007318,1790736113595231622,31586,916347500000,1790736113589555673,1,1,0,0.0006463479999183619,23,0.0,0.0,9.739290662127075e-05,0.010000000000000002,0.33736245045194335,2.5338667101116386,1.380695678367056,-0.0358324825646817,-0.08941545282062727,-0.03647626297378071,0.30152996788726166,2.444451257291011,1.3442194153932754,False,False,False
1790736113.6011465,RETURN,0.008137573,0.002367115000197373,0.3480371796679025,0.5227060372666772,0.6961977167080735,-0.012533072950365237,-0.0051863565149971045,-0.032880279739990706,0.34799072821982013,0.5219861765044363,0.6959814784658714,-0.008876251731645978,-0.013313682647727088,-0.017752321613846087,0.3053829862570437,2.4439438715223294,1.347721103196464,CONTROL,0.35000000000000014,1790736113601146354,1790736113603941001,31608,916359000000,1790736113601001950,1,1,0,0.0007912420001048304,23,0.0,0.0,9.164428188521313e-05,0.010000000000000002,0.3373212422529775,2.5330600679212627,1.3804055608387862,-0.03193825599593383,-0.08911619639893326,-0.03268445764232225,0.3053829862570437,2.4439438715223294,1.347721103196464,False,False,False
1790736113.6111908,RETURN,0.010044124,0.0022825449996162206,0.3479155268652159,0.522654149905823,0.6958759006680437,-0.012960414349752364,-0.005675307768071087,-0.034632258869734645,0.34789960357168426,0.5218494966666686,0.6957992310364876,-0.009350365307076189,-0.014024815891025331,-0.018700539051452136,0.3030197838329258,2.433318788781521,1.3461052841898917,CONTROL,0.36000000000000015,1790736113611190679,1790736113613808751,31627,916368500000,1790736113610847597,1,1,0,0.0007830270001250028,24,0.0,0.0,8.349143151524589e-05,0.010000000000000002,0.3372894836059871,2.532236824571704,1.380111697098445,-0.03426969977306125,-0.09891803579018325,-0.034006412908553225,0.3030197838329258,2.433318788781521,1.3461052841898917,False,False,False
1790736113.6213002,RETURN,0.010109549,0.002440073999878223,0.3477893754303176,0.522598242397943,0.6955381307559647,-0.013585950722339873,-0.0060871055144929445,-0.03641928702008978,0.3478036874525701,0.5217056299975728,0.695607400763311,-0.00983451724187307,-0.014751005887438764,-0.019668833002133755,0.30176793696993026,2.422854688536599,1.3446171203833182,CONTROL,0.37000000000000016,1790736113621300207,1790736113624149067,31646,916378000000,1790736113621162325,1,1,0,0.0008759940001255018,24,0.0,0.0,9.335636132548912e-05,0.010000000000000002,0.3372673058762439,2.531396423990522,1.379813912224285,-0.03549936890631362,-0.10854173545392268,-0.03519679184096674,0.30176793696993026,2.422854688536599,1.3446171203833182,False,False,False
1790736113.6311967,RETURN,0.009896524,0.0021709829998144414,0.34764891450098023,0.5225349566085162,0.6951628119402957,-0.014437357162234203,-0.006544321961663328,-0.03860425108698374,0.3477028803381065,0.5215544272183843,0.6954057885996381,-0.010328535825582432,-0.015491995084729858,-0.02065686004850044,0.30334757722361044,2.4172089504653886,1.3457075526312539,CONTROL,0.38000000000000017,1790736113631196611,1790736113633656512,31666,916388000000,1790736113630701491,1,1,0,0.0007830770000509801,24,0.0,0.0,9.75508014614203e-05,0.010000000000000002,0.33725483773107534,2.5305383163600546,1.3795120319153942,-0.03390726050746491,-0.11332936589466586,-0.03380447928414023,0.30334757722361044,2.4172089504653886,1.3457075526312539,False,False,False
1790736113.6411886,RETURN,0.009991784,0.002112691999627714,0.3474921489345286,0.5224635731192651,0.6947450094193424,-0.015277737460113482,-0.0070129049320343025,-0.040811983528489304,0.34759708441700543,0.521395741619829,0.695194198924897,-0.010832250152014502,-0.01624752713699474,-0.021664278381674028,0.30543795670797386,2.412263837848033,1.3474652057163135,CONTROL,0.3900000000000002,1790736113641188596,1790736113643557254,31687,916398500000,1790736113640897363,1,1,0,0.0007886180001150933,25,0.0,0.0,7.969320355172408e-05,0.010000000000000002,0.33725220513392984,2.5296619580151014,1.3792058824150137,-0.031814248425955996,-0.11739812016706859,-0.0317406766987003,0.30543795670797386,2.412263837848033,1.3474652057163135,False,False,False
1790736113.6512976,RETURN,0.010108927,0.00214510399973733,0.3473275277654446,0.5223869079347283,0.6943071342465639,-0.015920942197310585,-0.007506933727042032,-0.04248190951965486,0.34748620358301957,0.5212294290500604,0.6949724395285618,-0.011345490119243937,-0.017017346904663208,-0.022690747801288744,0.3068100668778047,2.4063658471572307,1.3485044448306023,CONTROL,0.4000000000000002,1790736113651297573,1790736113653716958,31708,916409000000,1790736113651169730,1,1,0,0.0007914230000096723,25,0.0,0.0,8.631145931549403e-05,0.010000000000000002,0.33725953133857867,2.5287668113407307,1.3788952904342677,-0.030449464460773963,-0.12240096418350002,-0.03039084560366542,0.3068100668778047,2.4063658471572307,1.3485044448306023,False,False,False
1790736113.6611867,RETURN,0.00988895,0.0020981140000913,0.347165159394506,0.5223091933801678,0.693875801076286,-0.016418880402396873,-0.00797333288563438,-0.043703100893077884,0.3473701434268994,0.5210553479025959,0.694740321594068,-0.011868086429609811,-0.017801200454498727,-0.02373592971549117,0.30547332304481134,2.394299374852609,1.3465015285171207,CONTROL,0.4100000000000002,1790736113661186513,1790736113663525284,31728,916419000000,1790736113661057247,1,1,0,0.0007864330000302289,25,0.0,0.0,9.58568974114875e-05,0.010000000000000002,0.3372769368834717,2.5278523446703494,1.3785800830764043,-0.031803613838660386,-0.13355296981774006,-0.03207855455928371,0.30547332304481134,2.394299374852609,1.3465015285171207,False,False,False
1790736113.6712105,RETURN,0.010024417,0.001850073999776214,0.3469978419959654,0.5222266350993463,0.6934321218991903,-0.016960743404901873,-0.008471702736434251,-0.04511490607402509,0.34724881122835094,0.5208733591042536,0.6944976596827266,-0.012399870589715627,-0.01859883505959842,-0.02479948714094026,0.3035115643566244,2.3805860201431943,1.3440565263207027,CONTROL,0.4200000000000002,1790736113671210579,1790736113673292993,31747,916429000000,1790736113670889699,1,1,0,0.0007054390002849686,26,0.0,0.0,8.789306309298042e-05,0.010000000000000002,0.3373045395862386,2.5269180321841116,1.3782600877616213,-0.03379297522961419,-0.14633201204091745,-0.03420356144091874,0.3035115643566244,2.3805860201431943,1.3440565263207027,False,False,False
1790736113.6811504,RETURN,0.009939044000000001,0.0020956389998900704,0.3468242404049269,0.522138904606904,0.6929718028525342,-0.01767732255345455,-0.00900278506660454,-0.047030738302089765,0.34712211594799247,0.520683326103089,0.6942442717176398,-0.012940674910429299,-0.019409999199393076,-0.025881084702807335,0.3038992309734096,2.371892078012263,1.3442255947941624,CONTROL,0.4300000000000002,1790736113681150234,1790736113683580770,31764,916439000000,1790736113681036408,1,1,0,0.0006964429999243293,26,0.0,0.0,9.42098391261753e-05,0.010000000000000002,0.3373424545383428,2.5259633538077955,1.3779351321525712,-0.0334432235649332,-0.15407127579553237,-0.03370953735840894,0.3038992309734096,2.371892078012263,1.3442255947941624,False,False,False
1790736113.69117,RETURN,0.010019708,0.001864009999735572,0.346642967324855,0.5220459246495706,0.6924910032553302,-0.01844954038248666,-0.009522915054916854,-0.04905786920239816,0.34698996821931255,0.5204851148563315,0.6939799789676154,-0.013490332506883173,-0.02023444255964716,-0.02698038863477608,0.3048029488489474,2.3636940638770887,1.3448347982161115,CONTROL,0.4400000000000002,1790736113691169912,1790736113693278697,31784,916449000000,1790736113690710439,1,1,0,0.0007025139998404484,26,0.0,0.0,9.992043433210443e-05,0.010000000000000002,0.33739079409988804,2.52498779511223,1.3776050440806176,-0.03258784525094066,-0.16129373123514137,-0.032770245864506,0.3048029488489474,2.3636940638770887,1.3448347982161115,False,False,False
1790736113.7011786,RETURN,0.010008937,0.0019712130001607875,0.34645412667036535,0.5219476297145276,0.6919910145097528,-0.019175497095246345,-0.010063451492563005,-0.05085724629617139,0.34685228034062704,0.5202785938183215,0.693704606031082,-0.01404867729847402,-0.021071916032458796,-0.028097066779042564,0.3045550989920325,2.352262978265107,1.3440180191273792,CONTROL,0.45000000000000023,1790736113701178268,1790736113703434162,31804,916459000000,1790736113700887426,1,1,0,0.000733953999770165,27,0.0,0.0,9.156501893707886e-05,0.010000000000000002,0.33744966789457703,2.5239908472133687,1.3772696514729228,-0.03289456890254453,-0.17172786894826136,-0.0332516323455437,0.3045550989920325,2.352262978265107,1.3440180191273792,False,False,False
1790736113.7112415,RETURN,0.0100627,0.001911389999804669,0.34624813718731584,0.5218383943984319,0.6914471750857571,-0.01993224434757135,-0.010643509567700982,-0.05276804741628284,0.34670896626703646,0.5200636339284465,0.6934179808200033,-0.014615544008863023,-0.021922171716259764,-0.029230788586315195,0.30674509259719085,2.346445662694565,1.3459695701467678,CONTROL,0.46000000000000024,1790736113711241428,1790736113713427951,31825,916469500000,1790736113711147169,1,1,0,0.0007319589999497111,27,0.0,0.0,9.581631837456187e-05,0.010000000000000002,0.3375191828048224,2.5229720066731,1.3769287822804388,-0.030774090207631548,-0.17652634397853512,-0.030959212133670935,0.30674509259719085,2.346445662694565,1.3459695701467678,False,False,False
1790736113.7212567,RETURN,0.010015159000000001,0.0020201359998281987,0.34604495475606445,0.5217285799437592,0.6909121260366784,-0.02053664544926604,-0.01119376832799821,-0.054193763278500916,0.3465599416023834,0.5198401085990778,0.6931199345437936,-0.01519076816597579,-0.022784962915815523,-0.030381225115814772,0.30542438669953087,2.3322706561974007,1.3439172662267456,CONTROL,0.47000000000000025,1790736113721256678,1790736113723555774,31845,916479500000,1790736113721146579,1,1,0,0.0007430910000039148,28,0.0,0.0,8.903264087955052e-05,0.010000000000000002,0.33759944296701566,2.521930775400901,1.3765822644068886,-0.032175056267484806,-0.18966011920350037,-0.032664998180142985,0.30542438669953087,2.3322706561974007,1.3439172662267456,False,False,False
1790736113.7312055,RETURN,0.009948783000000001,0.0020169300000816293,0.345835675612574,0.5216132703049885,0.6903628985539849,-0.02120389444717844,-0.011786819053446576,-0.05573765940616338,0.3464051235912099,0.519607893703508,0.6928103016932325,-0.01577418610200236,-0.02366004414222519,-0.03154804903527445,0.30506394042735285,2.320066339649751,1.3428419605967266,CONTROL,0.48000000000000026,1790736113731205441,1790736113733501351,31865,916489500000,1790736113731098207,1,1,0,0.0007411769997816009,28,0.0,0.0,9.546387969634548e-05,0.010000000000000002,0.33769054976694557,2.520866660556399,1.3762299256387867,-0.03262660933959269,-0.200800320906648,-0.033387965042060104,0.30506394042735285,2.320066339649751,1.3428419605967266,False,False,False
1790736113.7411888,RETURN,0.009983108000000001,0.002070651999929396,0.3456193802020673,0.5214920550403059,0.6897963760754666,-0.021928693571594094,-0.012375091881185345,-0.057584922324228,0.34624443111071485,0.5193668675638864,0.6924889200243796,-0.016365634953397188,-0.02454717111292155,-0.03273093462093977,0.30464849127072235,2.307452666466788,1.341998476493368,CONTROL,0.49000000000000027,1790736113741188619,1790736113743534794,31885,916499500000,1790736113741078240,1,1,0,0.0007880260000092676,29,0.0,0.0,8.673927505701981e-05,0.010000000000000002,0.3377926018353729,2.5197791744529408,1.3758715935765902,-0.03314411056465056,-0.21232650798615274,-0.03387311708322232,0.30464849127072235,2.307452666466788,1.341998476493368,False,False,False
1790736113.7511377,RETURN,0.009949264000000001,0.00187107300007483,0.34540691943107316,0.521370956298008,0.6892408964552152,-0.022662069121651255,-0.012999163800177817,-0.059403588262836995,0.34607778466271105,0.5191169109391568,0.6921556305424893,-0.01696495266087914,-0.02544610075167104,-0.0339295577575686,0.3034295267596189,2.2929427762896917,1.3401799388869597,CONTROL,0.5000000000000002,1790736113751137552,1790736113753223664,31904,916509000000,1790736113750678290,1,1,0,0.0007488319997719373,29,0.0,0.0,9.387785172670408e-05,0.010000000000000002,0.3379056950437614,2.518667834462251,1.3755070955670319,-0.03447616828414252,-0.2257250581725595,-0.03532715668007205,0.3034295267596189,2.2929427762896917,1.3401799388869597,False,False,False
1790736113.761178,RETURN,0.010040297,0.0019923840000046766,0.345186992077509,0.5212441880548697,0.6886665454802965,-0.023519532721783407,-0.013626764020286501,-0.06151082142996134,0.345905106365583,0.5188579070129932,0.6918102774859262,-0.017571977969431534,-0.026356591188573798,-0.03514359593843123,0.303121016662384,2.279652878688106,1.3392255032820624,CONTROL,0.5100000000000002,1790736113761177900,1790736113763448261,31923,916518500000,1790736113760734217,1,1,0,0.0007570279999526974,29,0.0,0.0,9.92405722938254e-05,0.010000000000000002,0.3380299225001546,2.517532162920244,1.375136258636706,-0.034908905837770614,-0.23787928423213836,-0.03591075535464358,0.303121016662384,2.279652878688106,1.3392255032820624,False,False,False
1790736113.7711902,RETURN,0.010011843000000001,0.0019316689999868686,0.3449341049612018,0.5210970232254182,0.6880069360402223,-0.0245101697448525,-0.014287019973172646,-0.06415417619912307,0.34572631994624403,0.5185897413817373,0.6914527083100793,-0.01818655042830209,-0.027278401760063593,-0.03637272826531029,0.3072379179471626,2.2761542855586208,1.343529740193057,CONTROL,0.5200000000000002,1790736113771190003,1790736113773350465,31944,916529000000,1790736113771085765,1,1,0,0.0007717660000707838,30,0.0,0.0,8.641025730408858e-05,0.010000000000000002,0.3381653745452159,2.5163716870340957,1.3747589094269732,-0.030927456598053307,-0.24021740147547518,-0.031229169233916245,0.3072379179471626,2.2761542855586208,1.343529740193057,False,False,False
1790736113.7811403,RETURN,0.009950506000000001,0.0022342920001392486,0.34468419831721686,0.5209502324176496,0.6873565199166172,-0.025246755345563518,-0.014923453283488994,-0.06577111411894426,0.3455413507320936,0.5183123020423348,0.6910827736712776,-0.018808510391002946,-0.028211293008907866,-0.03761663544850076,0.30791174723932957,2.2643174164324296,1.3433209789995908,CONTROL,0.5300000000000002,1790736113781140289,1790736113783627171,31964,916539000000,1790736113781006044,1,1,0,0.000912714000151027,30,0.0,0.0,9.259965004494939e-05,0.010000000000000002,0.3383121387484128,2.5151859387906135,1.3743748741302328,-0.030400391509083274,-0.250868522358184,-0.03105389513064213,0.30791174723932957,2.2643174164324296,1.3433209789995908,False,False,False
1790736113.7912195,RETURN,0.010079251000000001,0.002230585999768664,0.34445018284270024,0.5207941115743155,0.6866969252958746,-0.01753463768622684,-0.017080443810418903,-0.06602362341569533,0.3453501256429747,0.5180254793802718,0.6907003274107043,-0.01943769901531067,-0.02915502668420773,-0.03887499980681001,0.25588265476063704,2.2335511078510897,1.3383795350405565,CONTROL,0.5400000000000003,1790736113791219570,1790736113793709648,31984,916549000000,1790736113791090244,1,1,0,0.0009384919999320118,31,0.0,0.0,8.795542441733963e-05,0.010000000000000002,0.3384702999043575,2.513974454866005,1.373983978427637,-0.08258764514372047,-0.2804233470149155,-0.03560444338708065,0.25588265476063704,2.2335511078510897,1.3383795350405565,False,False,False
1790736113.8011887,RETURN,0.009969011,0.0022017010001036397,0.3441841090001736,0.5206111987579076,0.6860590978585708,-0.019589625308122454,-0.01851633791204637,-0.06450692539935562,0.34515257318313125,0.5177291661575117,0.690305226538312,-0.02007395826326626,-0.030109365741397963,-0.04014750526755779,0.26417323307598,2.2191593110785655,1.3324861968195958,CONTROL,0.5500000000000003,1790736113801188481,1790736113803621371,32004,916559000000,1790736113800802137,1,1,0,0.0009246859999620938,31,0.0,0.0,9.010418832429248e-05,0.010000000000000002,0.33863994002929876,2.5127367765371043,1.3735860474282877,-0.07446670695331875,-0.2935774654585388,-0.04109985060869198,0.26417323307598,2.2191593110785655,1.3324861968195958,False,False,False
1790736113.8112292,RETURN,0.010041028,0.0019189240001651342,0.3438661573319317,0.5203840526674375,0.6854764661389452,-0.03532872814158689,-0.024451432033000955,-0.05621372978100706,0.3449486234331655,0.5174232575004323,0.6898973312167376,-0.02071713090117512,-0.031074074342247005,-0.041433837366576194,0.37937976103633925,2.2889748732954747,1.344108815155452,CONTROL,0.5600000000000003,1790736113811229269,1790736113813377137,32024,916569000000,1790736113810956531,1,1,0,0.0007501350000893581,29,0.0,0.0,9.711235517763915e-05,0.010000000000000002,0.3388211383577601,2.51147244959412,1.3731809056099855,0.040558622678579126,-0.22249757629864564,-0.029072090454533444,0.37937976103633925,2.2889748732954747,1.344108815155452,False,False,False
1790736113.8211572,RETURN,0.009927753000000001,0.001893104999908246,0.3435181736310762,0.5201099438403718,0.6849358551855089,-0.030352641198752507,-0.02838550535230005,-0.05496629175518667,0.34473820804199534,0.5171076508877616,0.6894765047452172,-0.021367060499607085,-0.03204891785485695,-0.042733683248209677,0.3654612201834642,2.30412288156725,1.3516590259770238,CONTROL,0.5700000000000003,1790736113821157232,1790736113823300112,32044,916579000000,1790736113820697459,1,1,0,0.0007613560001118458,29,0.0,0.0,9.92264137506481e-05,0.010000000000000002,0.3390139713393372,2.510181024254975,1.3727683767615684,0.026447248844127025,-0.20605814268772543,-0.02110935078454465,0.3654612201834642,2.30412288156725,1.3516590259770238,False,False,False
1790736113.8312972,RETURN,0.010140448,0.0023119910001696553,0.3432621477582023,0.5198205154131541,0.6843719372685775,-0.022132361310501236,-0.028652543037620465,-0.058226481312223015,0.3445212602188116,0.5167822461385152,0.6890426135435006,-0.022023591433396415,-0.03303366285366358,-0.044046731665315086,0.3094793839530794,2.27173860211957,1.348027179263026,CONTROL,0.5800000000000003,1790736113831297068,1790736113833910431,32064,916589000000,1790736113830702499,1,1,0,0.0009123720001298352,30,0.0,0.0,9.335095713750076e-05,0.010000000000000002,0.3392185126356323,2.5088620550812917,1.3723482839268997,-0.029739128682552934,-0.2371234529617218,-0.02432110466387361,0.3094793839530794,2.27173860211957,1.348027179263026,False,False,False
1790736113.8411806,RETURN,0.009882757,0.0023468959998353967,0.3430609752688385,0.519535219907632,0.6837804041329156,-0.02012311986269016,-0.028930331761974324,-0.05874701681962957,0.3442977147250353,0.5164469453999325,0.6885955271357668,-0.0226865688816418,-0.03402807711943635,-0.04537267297926163,0.2842958179853567,2.239857658200206,1.338911474470453,CONTROL,0.5900000000000003,1790736113841180457,1790736113843802196,32084,916599000000,1790736113840747795,1,1,0,0.0009326509998572874,31,0.0,0.0,8.656626554974597e-05,0.010000000000000002,0.33943483311735007,2.5075151008961023,1.371920449350555,-0.055139015131993395,-0.26765744269589625,-0.033008974880102224,0.2842958179853567,2.239857658200206,1.338911474470453,False,False,False
1790736113.8513153,RETURN,0.010134927,0.002206460000252264,0.34284983281780956,0.5192343060020681,0.6832077674412829,-0.022623262943281548,-0.03177415129803787,-0.055195763304877986,0.3440675078662754,0.5161016531354136,0.6881351181345383,-0.023355838827706327,-0.03503192963927833,-0.04671119915993089,0.29624816618460315,2.2407876402345397,1.3354264295337825,CONTROL,0.6000000000000003,1790736113851315223,1790736113853770466,32104,916609000000,1790736113850695176,1,1,0,0.0009068119998119073,30,0.0,0.0,9.964384418733571e-05,0.010000000000000002,0.33966300086153345,2.506139724703309,1.3714846944252455,-0.0434148346769303,-0.26535208446876934,-0.03605826489146286,0.29624816618460315,2.2407876402345397,1.3354264295337825,False,False,False
1790736113.8612983,RETURN,0.009982837000000001,0.0021991560001879407,0.34259684084174236,0.5188805235588125,0.6826465364581682,-0.025043601031774665,-0.03521170409604338,-0.052580196878775215,0.3438305774842857,0.5157462761124559,0.6876612622245964,-0.024031248059217532,-0.0360449906066263,-0.048062003785716796,0.3163128706597705,2.26352111006969,1.34113579395752,CONTROL,0.6100000000000003,1790736113861298281,1790736113863739247,32125,916619500000,1790736113861171991,1,1,0,0.0008988559998215351,30,0.0,0.0,9.169481151003649e-05,0.010000000000000002,0.339903081148952,2.504735493608994,1.3710408396410323,-0.023590210489181532,-0.24121438353930352,-0.029905045683512328,0.3163128706597705,2.26352111006969,1.34113579395752,False,False,False
1790736113.8712165,RETURN,0.009918406000000001,0.002223782999863033,0.34235505879791095,0.51853804917089,0.6821453105685307,-0.025435594155027386,-0.036286798733657775,-0.053570511899511154,0.34358686294892254,0.5153807233905908,0.6871738381468959,-0.02471264416806735,-0.03706703142125069,-0.049424782043525635,0.31454539515060387,2.2566876253335124,1.3394449824350274,CONTROL,0.6200000000000003,1790736113871216436,1790736113873743215,32144,916629000000,1790736113870630073,1,1,0,0.0009146970000983856,30,0.0,0.0,9.614837897712102e-05,0.010000000000000002,0.3401551364616382,2.5033019787445805,1.3705887045363687,-0.025609741311034346,-0.2466143534110681,-0.031143722101341326,0.31454539515060387,2.2566876253335124,1.3394449824350274,False,False,False
1790736113.881204,RETURN,0.009987246,0.001936858000135544,0.34212660221825697,0.5182099495726868,0.6816549538911292,-0.025331509887954295,-0.036807331615089214,-0.05503536870342703,0.34333630515010205,0.5150049063093204,0.6866727276824799,-0.025399875550412166,-0.038097824689255606,-0.05079923072877613,0.3031169944418391,2.2321993557466167,1.3313108761812806,CONTROL,0.6300000000000003,1790736113881203752,1790736113883361089,32162,916638000000,1790736113879591140,1,1,0,0.0007994380002855905,31,0.0,0.0,8.895095389225978e-05,0.010000000000000002,0.3404192264805675,2.50183875519194,1.37012810765101,-0.03730223203872838,-0.2696393994453231,-0.03881723146972927,0.3031169944418391,2.2321993557466167,1.3313108761812806,False,False,False
1790736113.8913152,RETURN,0.010111021000000001,0.0020349950000309036,0.3418346545966271,0.5177722047252376,0.6810214430064643,-0.02559960443571539,-0.03982256152295125,-0.05463341586832386,0.3430788464897573,0.5146187384760537,0.6861578156363946,-0.026092791406672762,-0.039137144223078804,-0.05218504824539929,0.31447014264311085,2.266912799865651,1.3457581578919937,CONTROL,0.6400000000000003,1790736113891315164,1790736113893630631,32185,916649500000,1790736113891192902,1,1,0,0.0008039869999265647,30,0.0,0.0,9.000641205139743e-05,0.010000000000000002,0.3406954080834917,2.500345401910467,1.369658866480836,-0.02622526544038086,-0.2334326020448159,-0.023900708588842214,0.31447014264311085,2.266912799865651,1.3457581578919937,False,False,False
1790736113.9011734,RETURN,0.009858131000000001,0.002026859000125114,0.341576038724992,0.5173633454386719,0.6804783938430101,-0.026099792110417498,-0.04122579076674599,-0.054194926521159245,0.342814430873796,0.5142221357540442,0.6856289898216046,-0.02679124174153435,-0.04018476504149171,-0.05358193460583853,0.3148509799849539,2.264417540042832,1.344157725677518,CONTROL,0.6500000000000004,1790736113901173215,1790736113903480336,32205,916659500000,1790736113901066372,1,1,0,0.0007973540000421053,30,0.0,0.0,9.249514424935228e-05,0.010000000000000002,0.34098373534291954,2.49882150166619,1.3691807974346202,-0.026132755357965626,-0.23440396162335791,-0.025023071757102364,0.3148509799849539,2.264417540042832,1.344157725677518,False,False,False
1790736113.9111445,RETURN,0.009971186,0.002026537999881839,0.34131152741685167,0.516950222338596,0.6799348205754483,-0.026772726142874997,-0.04134615720088784,-0.05466134286731551,0.3425430037040575,0.5138150162503256,0.6850861410429073,-0.02749507736394658,-0.041240463369599425,-0.05498959143104964,0.3109365770510211,2.2458855124696493,1.3369633138784354,CONTROL,0.6600000000000004,1790736113911144401,1790736113913390095,32225,916669500000,1790736113911037127,1,1,0,0.00084423299995251,30,0.0,0.0,9.7457035088529e-05,0.010000000000000002,0.341284259524243,2.497266640962928,1.3686937157927725,-0.030347682473221872,-0.2513811284932784,-0.03173040191433713,0.3109365770510211,2.2458855124696493,1.3369633138784354,False,False,False
1790736113.9211695,RETURN,0.010024907000000001,0.0020524669998849276,0.3410411591849529,0.5165316510453648,0.6793866697871205,-0.027238136643080734,-0.04264131860361819,-0.05478328415305024,0.3422645118702705,0.5133973003036492,0.6845291630808481,-0.028204149887123497,-0.0423040166388407,-0.056407721950500755,0.3091218854836939,2.23855393317429,1.3337742135612893,CONTROL,0.6700000000000004,1790736113921169378,1790736113923461842,32245,916679500000,1790736113921069058,1,1,0,0.0008181739999599813,30,0.0,0.0,9.826726621453022e-05,0.010000000000000002,0.3415970290840171,2.495680409975585,1.36819743566811,-0.0324751436003232,-0.25712647680129536,-0.034423222106820625,0.3091218854836939,2.23855393317429,1.3337742135612893,False,False,False
1790736113.9311552,RETURN,0.009985784000000001,0.0019083439997302776,0.3407666754930121,0.5160954267701454,0.678838190116632,-0.027660184729696613,-0.044566040615979616,-0.05497382431148132,0.34197890374201023,0.5129689104724198,0.6839579526756353,-0.028918311728543603,-0.04337520348698798,-0.057836031002172425,0.30966657685260157,2.2407392644311988,1.3342861733925393,CONTROL,0.6800000000000004,1790736113931155212,1790736113933276620,32265,916689500000,1790736113931053479,1,1,0,0.0007788590000927798,30,0.0,0.0,9.686517132524513e-05,0.010000000000000002,0.3419220896683855,2.494062402485561,1.36769176996866,-0.032255512815783954,-0.2533231380543621,-0.03340559657612065,0.30966657685260157,2.2407392644311988,1.3342861733925393,False,False,False
1790736113.9411552,RETURN,0.00999992,0.0019215190000068105,0.34048681828518124,0.5156416041173619,0.6782838340566459,-0.028328779109610142,-0.045979841120182614,-0.05602785101115424,0.3416861291606557,0.5125297715226333,0.6833724095110544,-0.029637416109949775,-0.044453803758147316,-0.05927422503255747,0.31090375560914973,2.2422634736064206,1.3352987118432735,CONTROL,0.6900000000000004,1790736113941155162,1790736113943308100,32285,916699500000,1790736113941057717,1,1,0,0.0007793999998284562,30,0.0,0.0,9.619261442473883e-05,0.010000000000000002,0.3422594841116624,2.492412215818387,1.3671765303625543,-0.03135572850251264,-0.2501487422119664,-0.03187781851928066,0.31090375560914973,2.2422634736064206,1.3352987118432735,False,False,False
1790736113.9512153,RETURN,0.010060034,0.0019988460003332875,0.34019941263642206,0.5151762386308016,0.6777168469301009,-0.029115235230847726,-0.04701284228539869,-0.057276532263366646,0.34138613943134727,0.5120798104158127,0.6827724361983838,-0.030361317057349357,-0.04553959850275848,-0.06072201209666119,0.31160068388939577,2.239875664667392,1.3348884878978493,CONTROL,0.7000000000000004,1790736113951215146,1790736113953630373,32305,916709500000,1790736113951114044,1,1,0,0.0007789790001879737,30,0.0,0.0,9.668751612425879e-05,0.010000000000000002,0.3426092524350642,2.4907294507835527,1.366651527245017,-0.031008568545668424,-0.2508537861161606,-0.031763039347167725,0.31160068388939577,2.239875664667392,1.3348884878978493,False,False,False
1790736113.961187,RETURN,0.009971697,0.0019002690000888833,0.33990438289565983,0.5147003507941088,0.6771387530935171,-0.029821067481172338,-0.04819163575506401,-0.05816551464693907,0.34107888731494385,0.5116189562969448,0.6821579382603091,-0.031089869401014093,-0.0466323699775949,-0.06217910185800118,0.31184460849575424,2.2367397689435284,1.333747331380038,CONTROL,0.7100000000000004,1790736113961186813,1790736113963302681,32323,916719500000,1790736113961084188,1,1,0,0.0007665150001230359,30,0.0,0.0,9.714138021102313e-05,0.010000000000000002,0.3429714318455964,2.4890137116166104,1.3661165697074904,-0.031126823349842195,-0.25227394267308223,-0.03236923832745236,0.31184460849575424,2.2367397689435284,1.333747331380038,False,False,False
1790736113.971237,RETURN,0.010049995,0.0019078530003753258,0.3396029412975059,0.5142113301080711,0.6765531884299256,-0.030429246666308977,-0.049572333852741984,-0.05890490075037615,0.3407643270199804,0.511147140482417,0.6815288241148383,-0.031822928775480167,-0.04773190164576367,-0.06364520558860745,0.31199673007862994,2.2349951676043154,1.3329318193170354,CONTROL,0.7200000000000004,1790736113971236808,1790736113973363737,32343,916729500000,1790736113971113714,1,1,0,0.0007734890000392625,30,0.0,0.0,9.706548154186452e-05,0.010000000000000002,0.3433460567350983,2.4872646059235604,1.3655714655089153,-0.03134932665646842,-0.2522694383192451,-0.03263964619187986,0.31199673007862994,2.2349951676043154,1.3329318193170354,False,False,False
1790736113.9811552,RETURN,0.009918105,0.0019213589998798852,0.3392952197478172,0.5137089550466039,0.6759587119965516,-0.031101425526075595,-0.0508048816650391,-0.060011184900341345,0.34044241419462495,0.5106642964479543,0.6808850050592163,-0.03256035161954816,-0.04883797817670552,-0.06512003616902234,0.31227809004981705,2.233284711011321,1.3324343837572152,CONTROL,0.7300000000000004,1790736113981154963,1790736113983301880,32363,916739500000,1790736113981060504,1,1,0,0.0007778270000926568,30,0.0,0.0,9.705873315935714e-05,0.010000000000000002,0.3437331586794431,2.4854817446275588,1.365016021049193,-0.031455068629626055,-0.2521970336162378,-0.032581637291977876,0.31227809004981705,2.233284711011321,1.3324343837572152,False,False,False
1790736113.9912097,RETURN,0.010055215000000001,0.0020071620001544943,0.3389962860701141,0.5132209628963258,0.6753824879544328,-0.03180060339046573,-0.05187795430445217,-0.06123089887643759,0.3401131059186365,0.5101703598165552,0.6802263952538403,-0.033301995176283086,-0.04995038544619487,-0.06660330808830056,0.30844150409236026,2.2202767585466714,1.3271831761289676,CONTROL,0.7400000000000004,1790736113991209607,1790736113993525605,32382,916749000000,1790736113990815839,1,1,0,0.0008052599996517529,31,0.0,0.0,8.69746640373194e-05,0.010000000000000002,0.34413276643790147,2.4836647419179636,1.3644500413448448,-0.035691262345541194,-0.26338798337129204,-0.03726686521587713,0.30844150409236026,2.2202767585466714,1.3271831761289676,False,False,False
1790736114.0012012,RETURN,0.009991274000000001,0.0022021220001988695,0.33870658549376653,0.5127479690124881,0.6748255808770032,-0.03256255885921091,-0.05333253439626665,-0.06242879054184938,0.339776360695322,0.5096652683464289,0.6795529117061743,-0.03404771749301439,-0.0510689105363398,-0.0680947374440092,0.30348842747252247,2.2050320945253574,1.3206228107474192,CONTROL,0.7500000000000004,1790736114001201211,1790736114003712921,32400,916758000000,1790736114001062979,1,1,0,0.0008874850000211154,31,0.0,0.0,9.160996400861657e-05,0.010000000000000002,0.34454490595267095,2.481813215201772,1.3638733300069004,-0.04105647848014846,-0.2767811206764143,-0.043250519259481215,0.30348842747252247,2.2050320945253574,1.3206228107474192,False,False,False
1790736114.0111704,RETURN,0.009969452,0.002186381999763398,0.33839249878054556,0.5122309074518343,0.6742247614857191,-0.033562615858816564,-0.055565721644777855,-0.06405648055328242,0.3394321384434936,0.5091489619189321,0.6788644742546638,-0.034797377421335936,-0.05219334173558207,-0.06959404194222775,0.3069462582991117,2.2125890462435494,1.3237352161520108,CONTROL,0.7600000000000005,1790736114011170273,1790736114013694737,32419,916767500000,1790736114010793287,1,1,0,0.0009234339995600749,31,0.0,0.0,8.839247735560581e-05,0.010000000000000002,0.344969600348567,2.479926785057436,1.3632856892210183,-0.03802334204945531,-0.26733773881388656,-0.03955047306900751,0.3069462582991117,2.2125890462435494,1.3237352161520108,False,False,False
1790736114.0211887,RETURN,0.010018125000000001,0.001954883000053087,0.33805062928739193,0.5116644288396328,0.6735725316667689,-0.0347499271216456,-0.057449474594870015,-0.06637246918960482,0.3390804004894265,0.5086213825265051,0.6781610055526515,-0.03555083461710601,-0.05332346853869707,-0.07110094089754798,0.3160729369094487,2.2329400667205896,1.333001011535781,CONTROL,0.7700000000000005,1790736114021188698,1790736114023396712,32439,916777500000,1790736114020919788,1,1,0,0.0007760739999866928,30,0.0,0.0,9.633368545344108e-05,0.010000000000000002,0.34540686993289166,2.478005075191106,1.3626869197298692,-0.02933393302344297,-0.24506500847051607,-0.029685908194088225,0.3160729369094487,2.2329400667205896,1.333001011535781,False,False,False
1790736114.0311952,RETURN,0.010006633000000001,0.001986622999993415,0.3376974242968176,0.511085346432087,0.6728967049674703,-0.03575009739317064,-0.05807793250770017,-0.06855148745882386,0.3387211095588156,0.5080824742606089,0.6774424310522908,-0.0363079495404473,-0.054459081646793875,-0.07261515523307413,0.3190288672386671,2.234392017003881,1.3347708487192755,CONTROL,0.7800000000000005,1790736114031195121,1790736114033462347,32459,916787500000,1790736114030754625,1,1,0,0.0008217499998863786,30,0.0,0.0,9.567312763201818e-05,0.010000000000000002,0.3458567321954702,2.4760477123953137,1.3620768208177856,-0.026827864956803126,-0.2416556953914326,-0.027305972098510146,0.3190288672386671,2.234392017003881,1.3347708487192755,False,False,False
1790736114.0411687,RETURN,0.009973079000000001,0.0021755809998467157,0.3373361071717751,0.5105025123940274,0.6722036976063097,-0.036395853899404494,-0.05857473183446538,-0.06969440395792612,0.3383542297687337,0.5075321832996619,0.6767086789884625,-0.037068583455746956,-0.05559997296731527,-0.07413640748042274,0.3174648157911856,2.2251321408932836,1.3312923376528882,CONTROL,0.7900000000000005,1790736114041168691,1790736114043604527,32479,916797500000,1790736114040709219,1,1,0,0.0008120420002342144,30,0.0,0.0,9.799397791859415e-05,0.010000000000000002,0.34631920180887066,2.4740543265101134,1.3614551902977032,-0.02885438601768508,-0.24892218561682988,-0.030162852644814955,0.3174648157911856,2.2251321408932836,1.3312923376528882,False,False,False
1790736114.0512066,RETURN,0.010037642000000001,0.001937108000220178,0.33695103174323915,0.5098823298278203,0.6714679777823842,-0.036907164362155014,-0.059684947596475205,-0.07031608596870843,0.33797972661958803,0.506970457896976,0.675959680362688,-0.03783259843165653,-0.05674593561403762,-0.07566442177972277,0.3197866606214579,2.228378776340616,1.332501875835742,CONTROL,0.8000000000000005,1790736114051206394,1790736114053417573,32500,916808000000,1790736114051116863,1,1,0,0.0007759840000289842,30,0.0,0.0,9.502290844357652e-05,0.010000000000000002,0.3467942906288044,2.4720245503866902,1.3608218245003976,-0.02700763000734654,-0.2436457740460742,-0.028319948664655502,0.3197866606214579,2.228378776340616,1.332501875835742,False,False,False
1790736114.0612488,RETURN,0.010042502,0.0023933550000947434,0.3365794783366054,0.5092805867547954,0.6707604731309575,-0.03738057571714623,-0.06050897874988849,-0.07123620447468232,0.33759756698707816,0.506397248368694,0.6751953689270449,-0.038599857341091975,-0.057896763907071,-0.07719892387961545,0.3173512181637804,2.2196395859698637,1.3288563238166107,CONTROL,0.8100000000000005,1790736114061248684,1790736114063921771,32520,916818000000,1790736114061114179,1,1,0,0.0009421299996574817,30,0.0,0.0,9.770837727393318e-05,0.010000000000000002,0.34728200769471573,2.4699580198534723,1.3601765182660273,-0.02993078953093532,-0.25031843388360875,-0.031320194449416534,0.3173512181637804,2.2196395859698637,1.3288563238166107,False,False,False
1790736114.0712028,RETURN,0.009953882,0.002206350000051316,0.3362024669803114,0.5086716354499599,0.6700412267479474,-0.03803026474599423,-0.0613173522489047,-0.07259591716726703,0.3372077191141532,0.5058125070817261,0.6744156811680819,-0.039370223861233705,-0.05905225337285916,-0.0787396411372545,0.31565154179207977,2.211696471336172,1.3258796983512682,CONTROL,0.8200000000000005,1790736114071202537,1790736114073654924,32540,916828000000,1790736114071074143,1,1,0,0.0008997179998004867,30,0.0,0.0,9.891544565791155e-05,0.010000000000000002,0.3477823592305644,2.46785437368473,1.3595190649379953,-0.032130817438484637,-0.2561579023485575,-0.033639366586727205,0.31565154179207977,2.211696471336172,1.3258796983512682,False,False,False
1790736114.081174,RETURN,0.009971136,0.00207022099993992,0.3358182603023421,0.5080527145298186,0.6693076762146926,-0.03878367649791175,-0.06252122006444252,-0.07399870820864636,0.33681015260296904,0.5052161884416858,0.6736205562907338,-0.04014356247352654,-0.06021220074417951,-0.08028630251830594,0.31604038508849297,2.2092733024736746,1.325058710637553,CONTROL,0.8300000000000005,1790736114081173833,1790736114083484621,32560,916838000000,1790736114081069445,1,1,0,0.0007841990000088117,30,0.0,0.0,9.869434489872086e-05,0.010000000000000002,0.34829534864580475,2.4657132535716944,1.35884925635914,-0.03225496355731176,-0.2564399510980198,-0.033790545721586865,0.31604038508849297,2.2092733024736746,1.325058710637553,False,False,False
1790736114.0911531,RETURN,0.009979331000000001,0.001949553000031301,0.335426258595537,0.507420729147742,0.6685599078518076,-0.039575735859697245,-0.06382045116087177,-0.07548448838720433,0.3364048384068458,0.5046082488808277,0.6728099362022358,-0.040919738463679696,-0.06137640396014308,-0.08183863859694814,0.31725906756297295,2.2090165047394934,1.3251401716333127,CONTROL,0.8400000000000005,1790736114091153214,1790736114093310251,32580,916848000000,1790736114091055319,1,1,0,0.000776494000092498,30,0.0,0.0,9.814203808024726e-05,0.010000000000000002,0.3488209765365747,2.46353430409621,1.3581668828702518,-0.03156190897360175,-0.25451779935671676,-0.03302671123693902,0.31725906756297295,2.2090165047394934,1.3251401716333127,False,False,False
1790736114.101175,RETURN,0.010021872000000001,0.0019417879998400167,0.3350262953256946,0.50677641592734,0.6677965514487147,-0.04037803977247469,-0.06495449328470751,-0.07712104699821204,0.3359917488222254,0.5039886468459833,0.6719837654960393,-0.04169861792166687,-0.06254466216619466,-0.0833963815558719,0.3180941602170461,2.207389726847433,1.3248285854786945,CONTROL,0.8500000000000005,1790736114101175076,1790736114103358182,32600,916858000000,1790736114101072842,1,1,0,0.0007868439997764654,30,0.0,0.0,9.811225368089678e-05,0.010000000000000002,0.34935924068708796,2.4613171727068943,1.3574717333109287,-0.03126508047004184,-0.2539274458594615,-0.03264314783223421,0.3180941602170461,2.207389726847433,1.3248285854786945,False,False,False
1790736114.111168,RETURN,0.009992647,0.001997032999952353,0.33461831997882197,0.5061213256220922,0.6670166555610879,-0.041174777309794866,-0.06602046786766133,-0.07874502441440373,0.33557085748062826,0.5033573427864984,0.6711419914357256,-0.04248006774172613,-0.0637167757141126,-0.08495926518628034,0.3185217576158828,2.204410798643734,1.3239631422048719,CONTROL,0.8600000000000005,1790736114111167713,1790736114113425050,32620,916868000000,1790736114111061010,1,1,0,0.0008125830004246382,30,0.0,0.0,9.839180767087677e-05,0.010000000000000002,0.34991013607125176,2.4590615096978623,1.356763595022773,-0.03138837845536898,-0.2546507110541284,-0.032800452817901206,0.3185217576158828,2.204410798643734,1.3239631422048719,False,False,False
1790736114.1212313,RETURN,0.010063631,0.0025804500000958797,0.3342023540861776,0.505455534617469,0.6662207503027449,-0.0419681676755248,-0.06712758565598029,-0.08030441735745018,0.3351421393406116,0.5027142991421686,0.6702845639389218,-0.04326395562235999,-0.064892546162009,-0.08652702488788899,0.318915257608403,2.2012558880123505,1.3229427186778986,CONTROL,0.8700000000000006,1790736114121231084,1790736114124189752,32640,916878000000,1790736114121092350,1,1,0,0.0010432419999233389,30,0.0,0.0,9.86453387748855e-05,0.010000000000000002,0.3504736548545024,2.4567669681899647,1.356042253854924,-0.03155839724609936,-0.25551108017761437,-0.03309953517702537,0.318915257608403,2.2012558880123505,1.3229427186778986,False,False,False
1790736114.131251,RETURN,0.010020569,0.0025939759998436784,0.33388497925159744,0.504949100625752,0.6656133334588161,-0.04259352385171574,-0.06793339137347178,-0.0815232893302345,0.33470557067972595,0.5020594803311774,0.6694114355612151,-0.04405015006633535,-0.06607177627432954,-0.08809939766892563,0.29466390562903,2.1345614931880528,1.2942361789800443,CONTROL,0.8800000000000006,1790736114131251052,1790736114134195984,32653,916885500000,1790736114131056152,1,1,0,0.001061145000221586,32,0.0,0.0,9.08184515187545e-05,0.010000000000000002,0.3510497863958772,2.454433204114595,1.3553074941719367,-0.05638588076684722,-0.31987171092654204,-0.06107131519189244,0.29466390562903,2.1345614931880528,1.2942361789800443,False,False,False
1790736114.141191,RETURN,0.009939105,0.0024042559998633806,0.3335192826509994,0.5043625487450596,0.6649133735803718,-0.04363315810038014,-0.07076174711336052,-0.08328616107431792,0.33426112908647304,0.501392852738032,0.6685225614800681,-0.04483852038068363,-0.06725427002185369,-0.08967612214613063,0.2893779634121224,2.1210808575223776,1.2878097420787489,CONTROL,0.8900000000000006,1790736114141190808,1790736114143947393,32670,916894000000,1790736114140920024,1,1,0,0.0010015420002673636,32,0.0,0.0,9.245807232497878e-05,0.010000000000000002,0.35163851725032197,2.452059876200028,1.3545590988640053,-0.06226055383819957,-0.33097901867765045,-0.0667493567852564,0.2893779634121224,2.1210808575223776,1.2878097420787489,False,False,False
1790736114.1512296,RETURN,0.010039796,0.0024291230001836084,0.3330731105854339,0.5036274428933547,0.6640638827979806,-0.04563467422789632,-0.07597524210736938,-0.08684783958512278,0.3338087934522628,0.5007143847015,0.6676178994787331,-0.04562893667670055,-0.06843983258169446,-0.09125693854475653,0.318622787494896,2.198703929746989,1.3204795448638629,CONTROL,0.9000000000000006,1790736114151229552,1790736114154004281,32690,916904000000,1790736114150191240,1,1,0,0.0009543719997964217,30,0.0,0.0,9.80758851119433e-05,0.010000000000000002,0.3522398311712498,2.4496466459603004,1.3537968493595116,-0.03361704367635383,-0.2509427162133113,-0.033317304495648695,0.318622787494896,2.198703929746989,1.3204795448638629,False,False,False
1790736114.161421,RETURN,0.010190122000000001,0.0023887360002845526,0.3326764713208581,0.5029710948702286,0.6633071853916621,-0.04735155864427076,-0.0772032401492905,-0.09106427800284884,0.33334854396337094,0.5000240465025463,0.6666974099301677,-0.04642126986994631,-0.06962827033729854,-0.09284158869856825,0.3197390228557233,2.193898783764983,1.3201695436769343,CONTROL,0.9100000000000006,1790736114161420946,1790736114164223719,32707,916912500000,1790736114161245412,1,1,0,0.0008876849997250247,31,0.0,0.0,8.988555111524273e-05,0.010000000000000002,0.35285370911335395,2.4471931776866533,1.3530205256399275,-0.03311468625763066,-0.25329439392167025,-0.03285098196299324,0.3197390228557233,2.193898783764983,1.3201695436769343,False,False,False
1790736114.171161,RETURN,0.009740247,0.002269609999984823,0.3320692259440863,0.502014088946976,0.6621285486515212,-0.0495570301021307,-0.07636841669609044,-0.09659732799980056,0.33288036209289634,0.4993218103522696,0.6657610557809489,-0.04721539168024557,-0.07081939087844641,-0.09442981604984324,0.35469255166861335,2.2654639157795535,1.35562522402884,CONTROL,0.9200000000000006,1790736114171160772,1790736114173814011,32731,916925000000,1790736114170726628,1,1,0,0.0008343049998984498,29,0.0,0.0,8.865379445851238e-05,0.010000000000000002,0.3534801292356835,2.4446991384414827,1.3522299062570278,0.0012124224329298663,-0.17923522266192932,0.003395317771812294,0.35469255166861335,2.2654639157795535,1.35562522402884,False,False,False
1790736114.181199,RETURN,0.010038393000000001,0.0020817939998778456,0.3315471347953727,0.5012168458258719,0.6611128679968696,-0.04917468720021082,-0.07526061967457309,-0.09518469221390471,0.33240423059271823,0.4986076503798392,0.6648088025351887,-0.04801117463168734,-0.07201300300125207,-0.09602136564937114,0.3462633838778115,2.235915611614297,1.342582331970204,CONTROL,0.9300000000000006,1790736114181198745,1790736114183572713,32751,916935500000,1790736114180780731,1,1,0,0.0008213900000555441,30,0.0,0.0,8.90508784431457e-05,0.010000000000000002,0.35411906690499556,2.4421641980548556,1.3514247683524432,-0.007855683027184028,-0.2062485864405589,-0.008842436382239346,0.3462633838778115,2.235915611614297,1.342582331970204,False,False,False
1790736114.1921127,RETURN,0.010914598000000001,0.0024168800000552437,0.33108610021664386,0.5005062136715717,0.6602247091661879,-0.04799639433161051,-0.07476786610414737,-0.0920779864432185,0.33192013348545363,0.49788154262043155,0.6638406182384484,-0.04880849205262509,-0.07320891670816324,-0.09761598415645402,0.31873079566704043,2.1657366696904474,1.3103647154414166,CONTROL,0.9400000000000006,1790736114192112671,1790736114194961792,32770,916945000000,1790736114189993807,1,1,0,0.0008736799995858746,31,0.0,0.0,9.363506877387853e-05,0.010000000000000002,0.35477049469938843,2.4395880291235326,1.3506048876795183,-0.03603969903234801,-0.27385135943308503,-0.04024017223810151,0.31873079566704043,2.1657366696904474,1.3103647154414166,False,False,False
1790736114.201196,RETURN,0.009082137,0.0030856299999868497,0.3307522091745687,0.4999808475209351,0.6595849995391361,-0.047704515776533646,-0.07581626538651734,-0.09133996586560375,0.33142805605641473,0.497143465003167,0.6628564734616538,-0.0496072180756767,-0.0744069432079613,-0.09921341983890634,0.27837035274924904,2.0643064086198053,1.2651777291536457,CONTROL,0.9500000000000006,1790736114201195650,1790736114205131745,32781,916952000000,1790736114200888727,1,1,0,0.0013335630001165555,33,0.0,0.0,9.010138334007116e-05,0.010000000000000002,0.3554343824122272,2.436970307012515,1.3497700386274836,-0.07706402966297814,-0.3726638983927096,-0.08459230947383783,0.27837035274924904,2.0643064086198053,1.2651777291536457,False,False,False
1790736114.2111514,RETURN,0.009955516000000001,0.0023972019998836913,0.33024464291292954,0.4991607980460193,0.6586131417082011,-0.049513042730438495,-0.08143689719391053,-0.09457878387188372,0.3309279848455662,0.49639339733904636,0.66185634128501,-0.0504072276377245,-0.07560689491576132,-0.10081342257305492,0.30818617827395534,2.1464594800269055,1.299541478365789,CONTROL,0.9600000000000006,1790736114211151466,1790736114213890919,32797,916962500000,1790736114210764001,1,1,0,0.0008899399999791058,31,0.0,0.0,9.244196904123372e-05,0.010000000000000002,0.3561106970563738,2.434310709859102,1.3489199942479195,-0.04792451878241852,-0.28785122983219663,-0.04937851588213043,0.30818617827395534,2.1464594800269055,1.299541478365789,False,False,False
1790736114.2211857,RETURN,0.010033805,0.002043150000190508,0.329682251143228,0.49823113567466226,0.657536164981225,-0.052495007136322984,-0.0855468879846059,-0.10134812598874939,0.3304199076394825,0.49563132130888765,0.6608401972819162,-0.05120839647991523,-0.07680858545301204,-0.10241574384373898,0.35692097627600083,2.2667640013101287,1.3534217147070424,CONTROL,0.9700000000000006,1790736114221185492,1790736114223554681,32819,916973500000,1790736114221073809,1,1,0,0.0007765549999021459,28,0.0,0.0,9.609304734138236e-05,0.010000000000000002,0.35679940286872824,2.4316089185794487,1.3480545262835113,0.00012157340727257384,-0.16484491726932013,0.00536718842353112,0.35692097627600083,2.2667640013101287,1.3534217147070424,False,False,False
1790736114.2311754,RETURN,0.009989641,0.0019937760002903815,0.3290930298058212,0.49730731860517086,0.6563887063614522,-0.05396116753706158,-0.08105327160074335,-0.10612867289045322,0.3299038134633054,0.4948572204512627,0.6598080195028809,-0.05201060114766001,-0.0780118296474958,-0.10402013674430999,0.3600339169556894,2.2490946543150545,1.3516049716320222,CONTROL,0.9800000000000006,1790736114231175303,1790736114233596491,32841,916984500000,1790736114231073820,1,1,0,0.0007822449997547665,29,0.0,0.0,9.349214775258882e-05,0.010000000000000002,0.35750046131509033,2.428864616877591,1.347173405199068,0.002533455640599112,-0.17976996256253666,0.004431566432954232,0.3600339169556894,2.2490946543150545,1.3516049716320222,False,False,False
1790736114.2412393,RETURN,0.010065845,0.0025304659998255374,0.32863584105953425,0.4966335276678224,0.6554881488337077,-0.0532359019297954,-0.07874657233909171,-0.10416014890207116,0.32937969257270117,0.49407108015043394,0.6587597884594363,-0.05281371899063444,-0.07921644353332866,-0.1056263559766319,0.3186498189084398,2.1321903333365566,1.3011425856768757,CONTROL,0.9900000000000007,1790736114241239174,1790736114244257637,32858,916993000000,1790736114239069674,1,1,0,0.001024064999910479,32,0.0,0.0,8.764530504156004e-05,0.010000000000000002,0.35821383109536276,2.42607749125697,1.3462764002148122,-0.03956401218692296,-0.2938871579204134,-0.04513381453793647,0.3186498189084398,2.1321903333365566,1.3011425856768757,False,False,False
1790736114.2511845,RETURN,0.009943403,0.0030660820002594846,0.3281364722643998,0.4958690062322928,0.6545202945258359,-0.052285346144522696,-0.08331064105080474,-0.10009245648257484,0.32884753644581816,0.49327288762429083,0.6576954871080533,-0.053617628162778534,-0.08042224435096035,-0.10723415785108102,0.30899329892139155,2.121057808754091,1.2909373201977707,CONTROL,1.0000000000000007,1790736114251184361,1790736114254580009,32874,917002500000,1790736114251054544,1,1,0,0.0012751210001624713,31,0.0,0.0,9.901435504989081e-05,0.010000000000000002,0.35893946814909344,2.4232472310343844,1.3453632793419035,-0.04994616922770191,-0.3021894222802939,-0.05442595914413278,0.30899329892139155,2.121057808754091,1.2909373201977707,False,False,False
1790736114.2611957,RETURN,0.010011061,0.0025174910001624085,0.3275587892347831,0.49492034104901794,0.6534218466009984,-0.05333958542695266,-0.08791483275665832,-0.1018768742071893,0.32830733777524373,0.4924626319122868,0.6566151008340567,-0.05442220762229667,-0.08162905054717419,-0.10884330028654593,0.33704035928391074,2.2004347788319323,1.3233960794306887,CONTROL,1.0100000000000007,1790736114261195402,1790736114264369390,32890,917013500000,1790736114261056518,1,1,0,0.0008057300001382828,29,0.0,0.0,9.959370995627023e-05,0.010000000000000002,0.35967732566137134,2.420373528356395,1.3444338094201924,-0.022636966377460616,-0.21993874952446296,-0.021037729989503776,0.33704035928391074,2.2004347788319323,1.3233960794306887,False,False,False
1790736114.2711892,RETURN,0.009993849,0.0022010300003785233,0.3269854356945965,0.49399800274780237,0.6523155506719376,-0.05570039772382396,-0.08605190342171265,-0.10912004341355207,0.3277590904599621,0.4916403038633757,0.6555186174355397,-0.055227337131657735,-0.0828366817750873,-0.11045354281042771,0.3503512345453095,2.2154953481105575,1.3357186554073819,CONTROL,1.0200000000000007,1790736114271188880,1790736114273833603,32911,917024000000,1790736114270842382,1,1,0,0.0007892379999248078,29,0.0,0.0,9.737839246421133e-05,0.010000000000000002,0.3604273540691028,2.417456078218139,1.343487756158185,-0.010076119523793352,-0.2019607301075818,-0.007769100750803152,0.3503512345453095,2.2154953481105575,1.3357186554073819,False,False,False
1790736114.2811959,RETURN,0.010006363,0.002127279999967868,0.32642366411894397,0.49315326529962444,0.6512085882402245,-0.05621310706270737,-0.08359142361147663,-0.11062328162571544,0.32720278959731136,0.4908058961239486,0.6544060271072791,-0.056032897257594985,-0.08404495889415034,-0.11206464655863975,0.3351269332445894,2.1597170213075176,1.3142337459214708,CONTROL,1.0300000000000007,1790736114281195764,1790736114283644644,32931,917034000000,1790736114281093600,1,1,0,0.0008393539997086918,31,0.0,0.0,8.788972160382632e-05,0.010000000000000002,0.36118950106765174,2.414494578484557,1.3425248841752,-0.026062567823062346,-0.2547775571770395,-0.028291138253729125,0.3351269332445894,2.1597170213075176,1.3142337459214708,False,False,False
1790736114.2911823,RETURN,0.009986454,0.0020421780000106082,0.32583570532858186,0.4922715706485503,0.6500579776744142,-0.05571479192721005,-0.08552872953654875,-0.10793641197516024,0.326638431474941,0.4899594031257703,0.6532773224246498,-0.05683876937110611,-0.08525370397014771,-0.1136763742756078,0.3298469293961689,2.146807541765983,1.3058642664661084,CONTROL,1.0400000000000007,1790736114291182088,1790736114293572127,32952,917044500000,1790736114290838867,1,1,0,0.0008162700000866607,31,0.0,0.0,8.798727053219534e-05,0.010000000000000002,0.3619637116178839,2.411488729913982,1.3415449570456892,-0.03211678222171502,-0.2646811881479991,-0.035680690579580704,0.3298469293961689,2.146807541765983,1.3058642664661084,False,False,False
1790736114.3011422,RETURN,0.009960225000000001,0.002159591000236105,0.32525132292577563,0.49135721773373486,0.6489323313972597,-0.05582427934882234,-0.08815611227522502,-0.10754320775856094,0.32606601356276915,0.48910082107391617,0.65213249832754,-0.05764483564745323,-0.08646274027519746,-0.11528849031426996,0.3344731089063301,2.1619359268572316,1.3104712300893295,CONTROL,1.0500000000000007,1790736114301142003,1790736114303689290,32970,917055000000,1790736114300702769,1,1,0,0.0009003499999380438,30,0.0,0.0,9.521939523542247e-05,0.010000000000000002,0.36274992795360916,2.408438236184091,1.3405477373457175,-0.028276819047279095,-0.24650230932685926,-0.03007650725638805,0.3344731089063301,2.1619359268572316,1.3104712300893295,False,False,False
1790736114.3111835,RETURN,0.010041359000000001,0.0020285619998503535,0.3247165121708333,0.49051765183460194,0.64789725582478,-0.05683514215244781,-0.08802427491942671,-0.11082400741603676,0.32548553450494006,0.4882301479347087,0.6509715521042659,-0.05845097906616284,-0.08767189228775121,-0.1169007606360767,0.325973824453476,2.1318972256814153,1.299675528219016,CONTROL,1.0600000000000007,1790736114311183372,1790736114313540047,32989,917064500000,1790736114310751111,1,1,0,0.00082861300006698,31,0.0,0.0,9.086571718053813e-05,0.010000000000000002,0.36354808958944007,2.4053428039201874,1.339532986701561,-0.03757426513596405,-0.27344557823877197,-0.03985745848254497,0.325973824453476,2.1318972256814153,1.299675528219016,False,False,False
1790736114.3212118,RETURN,0.010027773,0.002551115000187565,0.3241126498148992,0.4895919985442978,0.6467135759614506,-0.058117404225421075,-0.08896065776892442,-0.11394413508332449,0.3248969941117814,0.48734738342365425,0.6497944833754868,-0.05925708341102595,-0.08888098569259445,-0.11851295281099096,0.3341931028833942,2.1448283958035868,1.3070098575781668,CONTROL,1.0700000000000007,1790736114321211596,1790736114324179662,33010,917075000000,1790736114320795225,1,1,0,0.0008164109999597713,30,0.0,0.0,9.857736130145277e-05,0.010000000000000002,0.3643581333290801,2.402202142725792,1.3385004658404198,-0.030165030445685928,-0.25737374692220505,-0.03149060826225313,0.3341931028833942,2.1448283958035868,1.3070098575781668,False,False,False
1790736114.3312552,RETURN,0.010043514,0.002241326000330446,0.323496745382875,0.488647833685385,0.6455082541801462,-0.058944157653892326,-0.09083429762538003,-0.11499984130195845,0.32430039335176153,0.4864525289933795,0.6486012940781196,-0.060063033270097904,-0.09008984738084612,-0.12012483601748786,0.34220080979713396,2.1601965090818975,1.3132828638532537,CONTROL,1.0800000000000007,1790736114331255089,1790736114333793189,33031,917085500000,1790736114331139920,1,1,0,0.001022912999815162,30,0.0,0.0,9.273347164858672e-05,0.010000000000000002,0.3651799932740551,2.399015965215503,1.3374499346431967,-0.022979183476921114,-0.23881945613360525,-0.02416707078994312,0.34220080979713396,2.1601965090818975,1.3132828638532537,False,False,False
1790736114.341181,RETURN,0.009925839,0.0022455840003203775,0.32290490912074166,0.48773454207046374,0.6443552398466443,-0.05933775322527011,-0.0914895902204078,-0.1156740911239004,0.32369573434344706,0.4855455878215685,0.6473919884492539,-0.06086871403569853,-0.09129830544995897,-0.12173618104255508,0.3366618249678176,2.1404833346019294,1.3047126232156008,CONTROL,1.0900000000000007,1790736114341180878,1790736114343663703,33051,917095500000,1790736114340810715,1,1,0,0.0010895380000874866,30,0.0,0.0,9.968070021999719e-05,0.010000000000000002,0.3660136008328958,2.3957839870501245,1.336381152199346,-0.029351775865078207,-0.2553006524481952,-0.031668528983745205,0.3366618249678176,2.1404833346019294,1.3047126232156008,False,False,False
1790736114.3512592,RETURN,0.010078359,0.0024297949998981494,0.32227879766361855,0.486772294751856,0.6431331791471879,-0.059958156629303656,-0.09202880407982997,-0.11714954671220335,0.3230830203474599,0.4846265647988989,0.646166573010067,-0.061674011904412004,-0.09250618920371931,-0.12334676028169247,0.33697584726243585,2.134914028764432,1.3030449743028436,CONTROL,1.1000000000000008,1790736114351259117,1790736114354331833,33072,917106000000,1790736114351141925,1,1,0,0.0010757130003185011,30,0.0,0.0,9.820721306197714e-05,0.010000000000000002,0.36685888473078515,2.3925059269739886,1.3352938768637292,-0.029883037468349295,-0.25759189820955675,-0.032248902560885695,0.33697584726243585,2.134914028764432,1.3030449743028436,False,False,False
1790736114.361202,RETURN,0.009943474,0.002516960000320978,0.3217364316452871,0.48593949452487895,0.6420724937638229,-0.060493820802491625,-0.09311855573720083,-0.1183210488161557,0.32246225575843496,0.48369546651697887,0.6449250565497385,-0.062478813877087036,-0.09371332915224724,-0.12495634773891251,0.32093678478385307,2.088912277738675,1.283214553106112,CONTROL,1.1100000000000008,1790736114361201909,1790736114364066960,33088,917115000000,1790736114361045482,1,1,0,0.0010311289997844142,31,0.0,0.0,9.860012392598155e-05,0.010000000000000002,0.36771577101969355,2.389181506854508,1.3341878663154925,-0.04677898623584049,-0.30026922911583315,-0.05097331320938045,0.32093678478385307,2.088912277738675,1.283214553106112,False,False,False
1790736114.371218,RETURN,0.010016361000000001,0.002547719000176585,0.32124992019227694,0.4851873529217867,0.6411206885195742,-0.06125059281881272,-0.09529404709291207,-0.11970804413800415,0.3218334460969773,0.4827523012562839,0.6436674501093654,-0.06328300775883666,-0.09491955701199642,-0.1265647190267398,0.2974149056246622,2.025649179404187,1.2553218761031617,CONTROL,1.1200000000000008,1790736114371217910,1790736114374133537,33103,917123000000,1790736114368741116,1,1,0,0.0010677979998945375,33,0.0,0.0,8.677396658880484e-05,0.010000000000000002,0.36858418308899665,2.38581045172385,1.3330628776188964,-0.07116927746433442,-0.3601612723196629,-0.07774100151573472,0.2974149056246622,2.025649179404187,1.2553218761031617,False,False,False
1790736114.381173,RETURN,0.009954344,0.002431147000152123,0.32047048694678626,0.4839594588063276,0.6396003124291005,-0.06378345995726158,-0.10182430838315949,-0.12411331868359549,0.3211965980016194,0.48179707897409296,0.6423937669658769,-0.06408648215903838,-0.09612470570575421,-0.12817165136621142,0.3642524374052482,2.2006981647252384,1.33023526562967,CONTROL,1.1300000000000008,1790736114381172835,1790736114383959507,33127,917135500000,1790736114381029563,1,1,0,0.0009226219999618479,28,0.0,0.0,9.477732692105544e-05,0.010000000000000002,0.3694640416766085,2.3823924898227724,1.3319186672860979,-0.005211604271360311,-0.18169432509753422,-0.0016834016564277008,0.3642524374052482,2.2006981647252384,1.33023526562967,False,False,False
1790736114.3912315,RETURN,0.010058191000000001,0.002400679000402306,0.31982054595109677,0.4829363425943276,0.6383332076354544,-0.06551851007037372,-0.10015239418672514,-0.12892696233248946,0.32055171922077885,0.48082981129242575,0.6411040226159492,-0.0648891264913341,-0.09732860936264166,-0.12977692358687684,0.36872800901343894,2.1934716048107377,1.330857240608427,CONTROL,1.1400000000000008,1790736114391231467,1790736114393964657,33147,917145500000,1790736114390968868,1,1,0,0.0009392030001436069,29,0.0,0.0,9.519251577603022e-05,0.010000000000000002,0.37035526488062415,2.378927352646514,1.33075499134183,-0.0016272558671852314,-0.185455747835776,0.00010224926659686278,0.36872800901343894,2.1934716048107377,1.330857240608427,False,False,False
1790736114.4011953,RETURN,0.009963842,0.002453068999784591,0.31916396575484907,0.48195865646235436,0.6370326949497005,-0.06545788915064703,-0.09632829734217564,-0.12984026349355685,0.3198988186047154,0.4798505114859789,0.6397982347599206,-0.06569083097363017,-0.09853110331811342,-0.1313803161267978,0.34272578001663756,2.10927105788728,1.2975739124334638,CONTROL,1.1500000000000008,1790736114401195228,1790736114404016917,33167,917155500000,1790736114400892654,1,1,0,0.0009636499999032822,31,0.0,0.0,9.180027530368523e-05,0.010000000000000002,0.37125776817150236,2.375414774992783,1.3295716053899724,-0.028531988154864803,-0.26614371710550294,-0.03199769295650863,0.34272578001663756,2.10927105788728,1.2975739124334638,False,False,False
1790736114.411273,RETURN,0.010077577,0.0023290930002985988,0.31848157760566576,0.4809431649186431,0.6356842150245821,-0.0645628496746231,-0.0987378406895772,-0.12636588983042663,0.3192379060974884,0.4788591944700629,0.638476423285706,-0.06649148662809734,-0.0997320241139579,-0.13298161103254852,0.3351514810647912,2.0935772118060125,1.2874272589733444,CONTROL,1.1600000000000008,1790736114411272886,1790736114413861923,33186,917166000000,1790736114411152467,1,1,0,0.0009614559999135963,31,0.0,0.0,9.105984734528896e-05,0.010000000000000002,0.3721714644047875,2.371854495011742,1.328368264681958,-0.03701998333999628,-0.27827728320572975,-0.040941005708613455,0.3351514810647912,2.0935772118060125,1.2874272589733444,False,False,False
1790736114.4212618,RETURN,0.009988549000000001,0.0023026429998935782,0.3178362684866771,0.47993667008214924,0.6344279389762764,-0.06479992481259063,-0.10196969056288459,-0.12610655588358027,0.31856899272891415,0.4778558767885388,0.637138610252712,-0.06729098528117079,-0.10093120949829708,-0.13458059195921548,0.33619887451868097,2.0996309987447668,1.2878161805184087,CONTROL,1.1700000000000008,1790736114421261455,1790736114423834782,33203,917176000000,1790736114421000319,1,1,0,0.0009485010000389593,31,0.0,0.0,8.83322599187976e-05,0.010000000000000002,0.37309626383439315,2.368246254257981,1.3271447241869876,-0.03689738931571219,-0.26861525551321436,-0.03932854366857889,0.33619887451868097,2.0996309987447668,1.2878161805184087,False,False,False
1790736114.4316578,RETURN,0.010396513000000001,0.002568637999956991,0.3172144195844284,0.4789619182521756,0.6332142268386671,-0.06623652987395982,-0.10264341088564542,-0.13002989305980078,0.31789209060652335,0.4768405766017545,0.635784819875752,-0.06808921956355012,-0.10212849842558665,-0.1361770441703976,0.3331939312889311,2.083023619567564,1.282616091670018,CONTROL,1.1800000000000008,1790736114431657627,1790736114434557695,33219,917185500000,1790736114430385191,1,1,0,0.0008192149998649256,31,0.0,0.0,9.372182379273205e-05,0.010000000000000002,0.37403207412645284,2.364589797744438,1.3259007386640294,-0.04083814283752175,-0.2815661781768738,-0.04328464699401134,0.3331939312889311,2.083023619567564,1.282616091670018,False,False,False
1790736114.4411888,RETURN,0.009530760000000001,0.002031968999745004,0.31650810753961967,0.4778827638254919,0.6318203029910943,-0.06811818451595503,-0.10343650281230704,-0.13463484389326053,0.3172072129075183,0.47581331367448193,0.6344150785089606,-0.06888608291019938,-0.10332373105661598,-0.13777075453820622,0.347386946691987,2.1074026636143905,1.2958893885796163,CONTROL,1.1900000000000008,1790736114441188607,1790736114443455502,33240,917196000000,1790736114440737641,1,1,0,0.0009063709999281855,30,0.0,0.0,9.790756555614305e-05,0.010000000000000002,0.3749788003737571,2.3608848739982315,1.3246360627355478,-0.0275918536817701,-0.25348221038384094,-0.028746674155931504,0.347386946691987,2.1074026636143905,1.2958893885796163,False,False,False
1790736114.4511547,RETURN,0.009966427,0.002298084000358358,0.31582189710074626,0.476839848283066,0.6304658454668028,-0.06877090424331896,-0.10512768875769887,-0.135339042071148,0.3165143738707304,0.47477410936385334,0.6330294146297091,-0.06968146956034697,-0.10451674875850805,-0.13936151154326487,0.34845873915496384,2.104397736492766,1.294051764221027,CONTROL,1.2000000000000008,1790736114451154784,1790736114453758468,33260,917206000000,1790736114450722573,1,1,0,0.0009729670000524493,30,0.0,0.0,9.968316245306393e-05,0.010000000000000002,0.3759363451107877,2.3571312351183438,1.3233504509629415,-0.027477605955823887,-0.2527334986255779,-0.029298686741914545,0.34845873915496384,2.104397736492766,1.294051764221027,False,False,False
1790736114.4612768,RETURN,0.010121581000000001,0.002112672000293969,0.31509712398479284,0.47572866799651603,0.6290440286594534,-0.06927133998318627,-0.10635954941280845,-0.1357185345461942,0.3158135887885774,0.4737229866072981,0.6316278588225195,-0.07047527455748581,-0.10570739410471959,-0.14094910527470964,0.35214563625642187,2.1079580491063976,1.2950167130953152,CONTROL,1.2100000000000009,1790736114461276756,1790736114463744973,33281,917216500000,1790736114461166166,1,1,0,0.0009136250000665314,30,0.0,0.0,9.589263410829026e-05,0.010000000000000002,0.37690460832935613,2.3533286368351414,1.3220436579236432,-0.024758972072934277,-0.2453705877287438,-0.027026944828328035,0.35214563625642187,2.1079580491063976,1.2950167130953152,False,False,False
1790736114.471271,RETURN,0.009994149,0.0022588689998883638,0.3144016007165549,0.4746629755010501,0.6276789908397862,-0.06979880945101559,-0.10658512958476234,-0.13740073626524285,0.3151048739990209,0.4726599699104793,0.6302104437629801,-0.07126739374937319,-0.10689551087504094,-0.14253332743018887,0.34594987312244874,2.0851164180351214,1.2861537242882186,CONTROL,1.2200000000000009,1790736114471270985,1790736114473849682,33301,917226500000,1790736114471152991,1,1,0,0.0009404860002177884,31,0.0,0.0,8.891843389717091e-05,0.010000000000000002,0.3778834874948683,2.3494768385716616,1.3207154382898414,-0.03193361437241952,-0.26436042053654024,-0.03456171400162282,0.34594987312244874,2.0851164180351214,1.2861537242882186,False,False,False
1790736114.4811883,RETURN,0.009916893000000001,0.002265373000227555,0.3137004834993613,0.47359347432507004,0.6262959594533579,-0.0704309130128144,-0.10762908888402464,-0.138958504646726,0.3143882468775234,0.4715850853352305,0.6287772042016604,-0.07205772378803078,-0.1080809440555961,-0.1441139713158633,0.34301196516276,2.0721414280224093,1.281068930095313,CONTROL,1.2300000000000009,1790736114481187988,1790736114483812171,33321,917236500000,1790736114481082217,1,1,0,0.0008516369998687878,31,0.0,0.0,9.124536708383411e-05,0.010000000000000002,0.378872877563222,2.345575603506651,1.3193655469087973,-0.03586091240046199,-0.27343417548424176,-0.03829661681348424,0.34301196516276,2.0721414280224093,1.281068930095313,False,False,False
1790736114.4911826,RETURN,0.009994540000000001,0.001994478000142408,0.31302762597433453,0.4725626584853062,0.6249690370096448,-0.07120781686535303,-0.10945207980094306,-0.1402776338564546,0.3136637258290061,0.47049836048749244,0.6273281769480253,-0.07284616212974478,-0.10926353983884274,-0.14569083184640605,0.3373784726671884,2.0525572219082457,1.272308201190051,CONTROL,1.2400000000000009,1790736114491182428,1790736114493444914,33340,917246000000,1790736114490508929,1,1,0,0.0008147270000335993,31,0.0,0.0,9.636232564755627e-05,0.010000000000000002,0.37987267099834787,2.3416246986392806,1.3179937388846965,-0.04249419833115948,-0.28906747673103467,-0.04568553769464551,0.3373784726671884,2.0525572219082457,1.272308201190051,False,False,False
1790736114.501215,RETURN,0.010032562,0.0019363480000720301,0.3122733311219088,0.4714006700724047,0.6234841266342719,-0.07251294399483692,-0.11189692313922224,-0.14270086761587744,0.31293133027980585,0.4693998245052494,0.6258634008543509,-0.07363260703506572,-0.11044314562357223,-0.1472637055450026,0.3531913569128029,2.088251479255526,1.287875340868379,CONTROL,1.2500000000000009,1790736114501215050,1790736114503386153,33361,917256500000,1790736114500999311,1,1,0,0.000778979999722651,30,0.0,0.0,9.659313784634654e-05,0.010000000000000002,0.3808827577904102,2.337623894855513,1.3165997696620133,-0.027691400877607297,-0.24937241559998705,-0.028724428793634287,0.3531913569128029,2.088251479255526,1.287875340868379,False,False,False
1790736114.511187,RETURN,0.009972158,0.002065792999928817,0.3115781993827573,0.47033265557693316,0.622115079915273,-0.07361483802785418,-0.11242273618076945,-0.14530130805381591,0.31219108066963275,0.46828950804646635,0.6243829167996382,-0.0744169575688086,-0.1116196100149096,-0.14883239054335082,0.3473393411347647,2.062877577353581,1.2781215450034835,CONTROL,1.260000000000001,1790736114511186837,1790736114513583789,33380,917266000000,1790736114510715732,1,1,0,0.0008422890000474581,31,0.0,0.0,9.26624645925199e-05,0.010000000000000002,0.3819030254746754,2.333572966996068,1.3151833951103273,-0.034563684339910715,-0.27069538964248707,-0.03706185010684372,0.3473393411347647,2.062877577353581,1.2781215450034835,False,False,False
1790736114.521256,RETURN,0.010068741,0.0021728059996348748,0.310798472865387,0.4691538132660851,0.6205732045747161,-0.07478022920332739,-0.11267450266860717,-0.14792721981568363,0.31144299844352735,0.46716744327702503,0.6228867676735294,-0.07519911360005277,-0.11279278282431342,-0.1503966865816608,0.353710787458009,2.0675463599084845,1.2818470219360425,CONTROL,1.270000000000001,1790736114521255849,1790736114523794149,33401,917276500000,1790736114521124900,1,1,0,0.0008838180001475848,31,0.0,0.0,8.839256007857997e-05,0.010000000000000002,0.38293335915106125,2.3294716939259317,1.3137443716105661,-0.02922257169305226,-0.26192533401744733,-0.03189734967452368,0.353710787458009,2.0675463599084845,1.2818470219360425,False,False,False
1790736114.5311975,RETURN,0.009941710000000001,0.002297392999935255,0.3100854774792916,0.46807386650835614,0.6191654583543698,-0.07507824125293144,-0.11475690206675798,-0.1479165706363327,0.3106871060438182,0.46603366385866124,0.6213749983602214,-0.07597897580214218,-0.11396251506957619,-0.15195639500865538,0.34637324827043015,2.0454859488483583,1.271051631923378,CONTROL,1.280000000000001,1790736114531197398,1790736114533903637,33420,917286000000,1790736114530764957,1,1,0,0.0008792399999038025,31,0.0,0.0,9.563538880842522e-05,0.010000000000000002,0.3839736415043812,2.325319858605382,1.3122824561426194,-0.03760039323395102,-0.2798339097570236,-0.04123082421924146,0.34637324827043015,2.0454859488483583,1.271051631923378,False,False,False
1790736114.541202,RETURN,0.010004378000000001,0.002030245000241848,0.30937001572116696,0.4669726505010532,0.617756552218848,-0.07568299477939146,-0.11694694578998377,-0.1491174517363154,0.309923426902079,0.464888204936901,0.6198476557223819,-0.07675644565268494,-0.11512865897482376,-0.1535113187815692,0.34192746980862465,2.0318318114145972,1.2645864651499221,CONTROL,1.290000000000001,1790736114541202047,1790736114543503889,33439,917295500000,1790736114541094553,1,1,0,0.0008098180001070432,31,0.0,0.0,9.751197598232233e-05,0.010000000000000002,0.38502375282528367,2.3211172481624436,1.3107974063742778,-0.04309628301665901,-0.2892854367478465,-0.04621094122435559,0.34192746980862465,2.0318318114145972,1.2645864651499221,False,False,False
1790736114.551181,RETURN,0.009979071,0.0019632379999166005,0.30860627113998174,0.46579274334143417,0.6162496754316478,-0.07714273373392312,-0.11889385347245082,-0.15243609281849427,0.30915198543108613,0.4637311031289973,0.6183047885850632,-0.07753142543355376,-0.11629106797051585,-0.1550612624661497,0.35183244639544214,2.0509270317373125,1.2738231658357042,CONTROL,1.300000000000001,1790736114551181078,1790736114553382809,33459,917305500000,1790736114550748096,1,1,0,0.0008023639998100407,31,0.0,0.0,9.040406223029097e-05,0.010000000000000002,0.3860835710319107,2.316863653966765,1.3092889807514616,-0.03425112463646855,-0.26593662222945236,-0.03546581491575743,0.35183244639544214,2.0509270317373125,1.2738231658357042,False,False,False
1790736114.561287,RETURN,0.010105922,0.0025543309998283803,0.30778729329836185,0.4645376409755597,0.6146294129069427,-0.07866179421449605,-0.11992229451447703,-0.15575393095685777,0.3083728070167758,0.4625623965118672,0.6167464477196178,-0.07830381823088581,-0.11744959669344583,-0.15660603223665664,0.3680238776283822,2.082334519676961,1.2889215871817796,CONTROL,1.310000000000001,1790736114561287030,1790736114564182578,33480,917316000000,1790736114561172613,1,1,0,0.0009633800000301562,30,0.0,0.0,9.4143815633284e-05,0.010000000000000002,0.3871529716922778,2.312558871704835,1.3077569385896815,-0.019129094063895614,-0.2302243520278743,-0.018835351407901768,0.3680238776283822,2.082334519676961,1.2889215871817796,False,False,False
1790736114.571231,RETURN,0.009944234000000001,0.0019933660000788223,0.30699542415425984,0.4633387844741188,0.6130611941701694,-0.07936983977866538,-0.1196525580053435,-0.15720566688920168,0.3075859180102016,0.46138212461002787,0.6151726858276131,-0.07907352793508256,-0.11860410098674071,-0.15814543587586205,0.3641036911927134,2.0600828104009166,1.280351777867173,CONTROL,1.320000000000001,1790736114571230753,1790736114573479794,33500,917326000000,1790736114570978765,1,1,0,0.0008150680000653665,31,0.0,0.0,8.782850546897789e-05,0.010000000000000002,0.3882318280473821,2.3082027014564925,1.3062010401666906,-0.024128136854668705,-0.24811989105557605,-0.025849262299517593,0.3641036911927134,2.0600828104009166,1.280351777867173,False,False,False
1790736114.5811777,RETURN,0.009946549,0.0021085449998281547,0.306240939569542,0.4622009607449753,0.6115675171267578,-0.07939988914249711,-0.12029018898262922,-0.15697715388802552,0.30679134571949174,0.4601903283835337,0.613583557524746,-0.07984045924080992,-0.11975443789986111,-0.15967928277505025,0.3491066139452685,2.0151088885301167,1.2603823532191092,CONTROL,1.330000000000001,1790736114581177683,1790736114583558655,33519,917335500000,1790736114581073054,1,1,0,0.0008410469999944326,31,0.0,0.0,9.957962167950517e-05,0.010000000000000002,0.3893200110350587,2.303794947772694,1.3046210468162798,-0.04021339708979021,-0.2886860592425772,-0.04423869359717054,0.3491066139452685,2.0151088885301167,1.2603823532191092,False,False,False
1790736114.5911818,RETURN,0.010003678,0.002059530999758863,0.30544517609385924,0.4609866216103855,0.6099958170117854,-0.07992970831340265,-0.12285986073382257,-0.15769066377253685,0.30598911840180654,0.45898705021591263,0.6119791193247582,-0.08060451764699829,-0.12090046568860136,-0.1612073839340181,0.35246609759785574,2.0222460189298856,1.2625082282706823,CONTROL,1.340000000000001,1790736114591181491,1790736114593540942,33539,917345500000,1790736114590858758,1,1,0,0.0008490919999530888,31,0.0,0.0,9.342830733488435e-05,0.010000000000000002,0.39041738931458037,2.2993354197544544,1.3030167210231622,-0.03795129171672463,-0.2770894008245688,-0.04050849275247991,0.35246609759785574,2.0222460189298856,1.2625082282706823,False,False,False
1790736114.6012874,RETURN,0.010105731000000001,0.0019706719999703637,0.3045988241509905,0.4596844562911082,0.6083263011759281,-0.0813115336576674,-0.12465643970631061,-0.16064233004451317,0.3051792652552956,0.4577723339021032,0.6103594296233508,-0.08136560945684246,-0.12204204381508948,-0.16272955196107475,0.37017607265673547,2.0609765054977984,1.280035366134402,CONTROL,1.350000000000001,1790736114601287192,1790736114603478824,33559,917356000000,1790736114601170661,1,1,0,0.0008184540001821006,30,0.0,0.0,9.445621744015519e-05,0.010000000000000002,0.3915238292920232,2.29482393113294,1.3013878265189034,-0.02134775663528771,-0.23384742563514158,-0.021352460384501445,0.37017607265673547,2.0609765054977984,1.280035366134402,False,False,False
1790736114.6111438,RETURN,0.009856348000000001,0.001965552999990905,0.3037791431161976,0.45843946550729076,0.6067036419765439,-0.08235754442880955,-0.12393618422187583,-0.1634338236939758,0.3043618164110553,0.45654622463639083,0.608724548682099,-0.08212364177780163,-0.12317903294778718,-0.16424560107304176,0.36779961828970026,2.040852388370796,1.2734945642675224,CONTROL,1.360000000000001,1790736114611143560,1790736114613341243,33579,917366000000,1790736114611028942,1,1,0,0.0008037360003072536,31,0.0,0.0,8.822185263012428e-05,0.010000000000000002,0.3926391951463913,2.2902603003506297,1.2997341283788475,-0.024839576856691047,-0.24940791197983342,-0.026239564111325053,0.36779961828970026,2.040852388370796,1.2734945642675224,False,False,False
1790736114.6211786,RETURN,0.010034936000000001,0.002006159000302432,0.30295345298253284,0.45720087623159156,0.6050640503794376,-0.08262997325863204,-0.12433831483199675,-0.16382398937981082,0.3035368029250861,0.4553087690003448,0.6070745386123678,-0.0828785225215994,-0.12431129496148965,-0.16575534709525291,0.36147231458575,2.016214826303676,1.2629862140511838,CONTROL,1.370000000000001,1790736114621178506,1790736114623423530,33599,917376000000,1790736114620788275,1,1,0,0.0008366189999833296,31,0.0,0.0,9.338602098834874e-05,0.010000000000000002,0.3937633488565218,2.2856443506435005,1.298055393119976,-0.03229103427077177,-0.2694295243398246,-0.03506917906879233,0.36147231458575,2.016214826303676,1.2629862140511838,False,False,False
1790736114.631224,RETURN,0.010045537,0.002050163000149041,0.30212610845497867,0.45594854637589766,0.6034266402395914,-0.08288162078677486,-0.12630001598019827,-0.16373322521453157,0.3027042567702499,0.45406001495075465,0.6054094633592257,-0.0836301604042239,-0.12543869293732607,-0.16725860746155463,0.3602994401624833,2.0096390927995667,1.2589902912847675,CONTROL,1.380000000000001,1790736114631223723,1790736114633570629,33619,917386000000,1790736114630803364,1,1,0,0.0008219410001402139,31,0.0,0.0,9.273727869920438e-05,0.010000000000000002,0.3948961502287677,2.2809759101241935,1.2963513887996747,-0.034596710066284384,-0.27133681732462683,-0.037361097514907335,0.3602994401624833,2.0096390927995667,1.2589902912847675,False,False,False
1790736114.6411839,RETURN,0.009959934,0.002853127999969729,0.30129335003800595,0.4546769728925133,0.6017820049813714,-0.08374716981886805,-0.12774049629154188,-0.16557290347306147,0.3018642108282274,0.452800011807567,0.6037293886853606,-0.0843784649459275,-0.1265610911627589,-0.16875520121430534,0.36312746143315966,2.0102584999511466,1.2595412552359224,CONTROL,1.390000000000001,1790736114641183727,1790736114644528098,33639,917396000000,1790736114640788196,1,1,0,0.0008357370002158859,31,0.0,0.0,9.136053998643592e-05,0.010000000000000002,0.39603745692546766,2.2762548118660697,1.2946218851153184,-0.03290999549230799,-0.2659963119149231,-0.035080629879395926,0.36312746143315966,2.0102584999511466,1.2595412552359224,False,False,False
1790736114.6512735,RETURN,0.010089681000000001,0.0019376800000827643,0.30040691215013116,0.45333158377444516,0.6000272410991498,-0.08500271772500682,-0.12844717669999914,-0.1684803127177773,0.3010166988814754,0.4515288102418222,0.602034382154994,-0.0851233464712272,-0.12767835513158465,-0.17024494900437623,0.3752958800627497,2.03130797995357,1.2701142982468256,CONTROL,1.400000000000001,1790736114651273598,1790736114653442056,33660,917406500000,1790736114651169531,1,1,0,0.0007836479999241419,30,0.0,0.0,9.682579884192177e-05,0.010000000000000002,0.3971871244942072,2.271480893988131,1.292866653504661,-0.021891244431457478,-0.2401729140345613,-0.022752355257835238,0.3752958800627497,2.03130797995357,1.2701142982468256,False,False,False
1790736114.6611996,RETURN,0.009925609,0.0019980139995823265,0.2995534393055239,0.45204615144510374,0.5983344651911504,-0.08547249996428202,-0.12855135477887564,-0.16956516150210982,0.3001617556051843,0.4502464622635909,0.6003245131177961,-0.08586471610890424,-0.12879035154393315,-0.1717276730911505,0.36990347895186826,2.007360031965196,1.2604416098571005,CONTROL,1.410000000000001,1790736114661199318,1790736114663455101,33680,917416500000,1790736114661104558,1,1,0,0.0008213000000978354,31,0.0,0.0,9.032360254174131e-05,0.010000000000000002,0.39834500639788534,2.2666539997407282,1.2910854672469463,-0.028441527446017058,-0.2592939677755322,-0.03064385738984587,0.36990347895186826,2.007360031965196,1.2604416098571005,False,False,False
1790736114.6712716,RETURN,0.010072128000000001,0.0025219590002052428,0.2986976647679844,0.4507562595368535,0.5966372660650854,-0.0857046902649933,-0.12966967342868052,-0.16977019944716137,0.2992994165592353,0.44895302120991093,0.598599852692801,-0.08660248579200443,-0.12989694830626816,-0.173203197342524,0.36531703626155776,1.9894437038359163,1.2522579906333546,CONTROL,1.420000000000001,1790736114671271315,1790736114675187362,33700,917426500000,1790736114671155264,1,1,0,0.0008991180002340116,31,0.0,0.0,9.340717352389799e-05,0.010000000000000002,0.39951095404557185,2.261773977592007,1.2892781015647046,-0.03419391778401408,-0.272330273756091,-0.03702011093135002,0.36531703626155776,1.9894437038359163,1.2522579906333546,False,False,False
1790736114.6812363,RETURN,0.009964894,0.0020873440003015276,0.2981397120593412,0.44990912976854514,0.5955317385658101,-0.08602568511436898,-0.1309079593878738,-0.17044472625541401,0.2984297181801578,0.44764854173272367,0.5968604737523211,-0.08733656825783787,-0.13099801453138693,-0.17467134723490474,0.30359036017995417,1.82032384464595,1.1784046046934333,CONTROL,1.430000000000001,1790736114681236349,1790736114683597843,33713,917433000000,1790736114681125298,1,1,0,0.00088431899985153,34,0.0,0.0,9.541884980286603e-05,0.010000000000000002,0.40068481682418317,2.2568406813150195,1.2874443337261703,-0.097094456644229,-0.43651683666906954,-0.10903972903273695,0.30359036017995417,1.82032384464595,1.1784046046934333,False,False,False
1790736114.6911993,RETURN,0.009964182,0.0021673059995919175,0.2973148571780859,0.44863472979636665,0.5938981372848846,-0.08824668110616218,-0.13885378199343296,-0.174073737745813,0.29755269777308685,0.44633307978681086,0.5951064509058619,-0.08806687704797916,-0.13209342053842046,-0.1761319498532132,0.33342194416799514,1.904372185074931,1.212543046322047,CONTROL,1.440000000000001,1790736114691199299,1790736114693704507,33732,917442500000,1790736114690528435,1,1,0,0.0008461869997518079,32,0.0,0.0,9.833392469461593e-05,0.010000000000000002,0.40186644213095823,2.2518539700754507,1.2855839431482718,-0.06844449796296308,-0.34748178500051996,-0.07304089682622485,0.33342194416799514,1.904372185074931,1.212543046322047,False,False,False
1790736114.7013535,RETURN,0.010154324000000001,0.002131967999957851,0.29654955775308256,0.4474248815030384,0.5923912422474706,-0.09151774645894217,-0.14399091505269762,-0.18069986687098546,0.29666839350372043,0.44500669261773135,0.5933378604840377,-0.08879332650826738,-0.13318303785283347,-0.17758483389088234,0.3525661551452507,1.9468525747778094,1.2314404525687601,CONTROL,1.450000000000001,1790736114701353352,1790736114703835075,33749,917451000000,1790736114699454756,1,1,0,0.000836369000353443,32,0.0,0.0,9.399409519453826e-05,0.010000000000000002,0.40305567540675563,2.246813708519909,1.2836967115001368,-0.05048952026150495,-0.2999611337420996,-0.05225625893137654,0.3525661551452507,1.9468525747778094,1.2314404525687601,False,False,False
1790736114.7112317,RETURN,0.009876656000000001,0.002081181999983528,0.295661553987558,0.4460508950452029,0.5906307405353597,-0.09499828389005908,-0.14470323625961215,-0.1891912073439554,0.2957768443902767,0.4436694387497576,0.5915547805224853,-0.08951583178880587,-0.13426673920642418,-0.17902982964985717,0.3768409254248991,1.9910232142156248,1.2551027503000352,CONTROL,1.460000000000001,1790736114711231461,1790736114713623814,33765,917460500000,1790736114711132904,1,1,0,0.0008316899998135341,31,0.0,0.0,9.665590888950263e-05,0.010000000000000002,0.404252360170156,2.2417197668646778,1.2817824228070487,-0.027411434745256872,-0.250696552649053,-0.02667967250701355,0.3768409254248991,1.9910232142156248,1.2551027503000352,False,False,False
1790736114.721136,RETURN,0.009904259,0.0024051870000221243,0.2947949260172704,0.4447499328763742,0.5889007757961227,-0.09680164655172055,-0.14464297998531123,-0.193221123464644,0.2948780902954516,0.44232137797381255,0.58975729074578,-0.09023430884396255,-0.13534439853732463,-0.1804667690405954,0.3751316442710395,1.9690484075054488,1.248042307089307,CONTROL,1.470000000000001,1790736114721135750,1790736114723890150,33783,917469500000,1790736114720982889,1,1,0,0.000864160999753949,32,0.0,0.0,9.089746072454304e-05,0.010000000000000002,0.4054563380523892,2.2365720209849256,1.279840863554817,-0.030324693781349644,-0.26752361347947684,-0.031798556465510046,0.3751316442710395,1.9690484075054488,1.248042307089307,False,False,False
1790736114.731131,RETURN,0.009995321000000001,0.0020605740000974038,0.29377759681449067,0.44322162356299355,0.5868750212648606,-0.09674189350996867,-0.14709884646919114,-0.1918346761814923,0.293972171918376,0.44096257133540595,0.5879454725513497,-0.09094867443236966,-0.13641589099000043,-0.18189548558206686,0.3949027454024531,2.019311177178005,1.2676787338392197,CONTROL,1.480000000000001,1790736114731130901,1790736114733506252,33804,917480000000,1790736114731031452,1,1,0,0.0008008009999684873,30,0.0,0.0,9.939687220000286e-05,0.010000000000000002,0.40666744883307354,2.231370352504271,1.2778718227944912,-0.011764703430620404,-0.21205917532626645,-0.010193088955271582,0.3949027454024531,2.019311177178005,1.2676787338392197,False,False,False
1790736114.7412128,RETURN,0.010081746,0.002134994999778428,0.292858324145155,0.44181906401339344,0.5850573137090822,-0.09670864016854908,-0.14702208304138356,-0.1915052533967028,0.2930591307865731,0.4395930811225713,0.58611940899339,-0.0916588461169239,-0.13748109291525085,-0.1833158144017539,0.38688313184447964,1.9900016686945743,1.2545489036505058,CONTROL,1.490000000000001,1790736114741212777,1790736114743671737,33822,917489500000,1790736114741097768,1,1,0,0.0008341640000253392,31,0.0,0.0,9.496586497073344e-05,0.010000000000000002,0.4078855304767656,2.226114648884631,1.2758750922473474,-0.02100239863228595,-0.23611298019005664,-0.021326188596841763,0.38688313184447964,1.9900016686945743,1.2545489036505058,False,False,False
1790736114.7512174,RETURN,0.010004709,0.002119826000125613,0.29198702241771546,0.4405024997830198,0.5833270224237892,-0.09699803441163111,-0.14578520159623035,-0.19309411626610093,0.2921390092479158,0.43821297085380256,0.5842791847667793,-0.09236474226478643,-0.138539881870209,-0.18472759223565122,0.36571380179793705,1.923008400806212,1.2272614628004692,CONTROL,1.500000000000001,1790736114751217095,1790736114753683740,33840,917498500000,1790736114750861280,1,1,0,0.0008630190000076254,32,0.0,0.0,9.72354867774389e-05,0.010000000000000002,0.40911041917034363,2.2208048035163475,1.2738504664101329,-0.043396617372406576,-0.29779640271013536,-0.04658900360966369,0.36571380179793705,1.923008400806212,1.2272614628004692,False,False,False
1790736114.7613475,RETURN,0.010130168,0.0022367169999597536,0.29135594558688194,0.43955014199352593,0.582069709659288,-0.09733461554131191,-0.14763881759234987,-0.1935904474467079,0.29121185046258424,0.4368223052659906,0.5824248861909933,-0.09306628204738279,-0.13959213661834147,-0.18613065742826593,0.3080538353023682,1.7645700927063053,1.157697284249723,CONTROL,1.5100000000000011,1790736114761347263,1790736114763969172,33851,917505000000,1790736114761175667,1,1,0,0.0009336530001746723,35,0.0,0.0,9.060990295255673e-05,0.010000000000000002,0.4103419493611791,2.2154407158084513,1.271797742660461,-0.10228811405881096,-0.450870623102146,-0.11410045841073788,0.3080538353023682,1.7645700927063053,1.157697284249723,False,False,False
1790736114.7712152,RETURN,0.009867769,0.00210661999972217,0.2902277974647136,0.43781548676030635,0.5798323967077468,-0.09970254705916916,-0.15591581910308988,-0.19669260382908582,0.2902776983950228,0.4354211503023599,0.5805566011940202,-0.09376338544040291,-0.14063773712944846,-0.18752484993261725,0.38719143437616,1.9789666146479883,1.2477372575216803,CONTROL,1.5200000000000011,1790736114771215103,1790736114773668742,33874,917516500000,1790736114770978083,1,1,0,0.000806711999757681,30,0.0,0.0,9.909249458213048e-05,0.010000000000000002,0.4115799537961427,2.2100222912790635,1.269716721362334,-0.024388519419982733,-0.23105567663107526,-0.021979463840653617,0.38719143437616,1.9789666146479883,1.2477372575216803,False,False,False
1790736114.7811828,RETURN,0.009967419,0.0020157580001978204,0.28921205842821696,0.43623942874425925,0.5778293831131793,-0.10277672547750277,-0.1558919381237087,-0.20407102922422515,0.2893365978058976,0.4340095731004053,0.5786744192962754,-0.09445597322380118,-0.14167656457966404,-0.18891001131023707,0.4227184223200767,2.0527356559813987,1.2835156955673719,CONTROL,1.5300000000000011,1790736114781182712,1790736114783526993,33894,917526500000,1790736114780785287,1,1,0,0.0007805619998180191,29,0.0,0.0,9.86731104295484e-05,0.010000000000000002,0.41282426356140517,2.2045494416458262,1.2676072059717147,0.009894158758671535,-0.15181378566442733,0.01590848959565718,0.4227184223200767,2.0527356559813987,1.2835156955673719,False,False,False
1790736114.79117,RETURN,0.009986855000000001,0.001991742000427621,0.28812640066970996,0.4346367427026747,0.5756609448619989,-0.10328914503220647,-0.14943845354349702,-0.20713787772862308,0.28838859424405416,0.4325876419798287,0.5767784315945165,-0.0951439669817964,-0.1427085013514558,-0.19028598473116945,0.41735391485951345,2.0115447137096867,1.2715105165512834,CONTROL,1.5400000000000011,1790736114791169757,1790736114793450118,33915,917537000000,1790736114790716146,1,1,0,0.000787063999723614,30,0.0,0.0,9.692242804985334e-05,0.010000000000000002,0.41407470812304664,2.199022084916338,1.2654690031421068,0.0032792067364668166,-0.1874773712066514,0.006041513409176722,0.41735391485951345,2.0115447137096867,1.2715105165512834,False,False,False
1790736114.801182,RETURN,0.010012224,0.0021688889996767102,0.28710302965686996,0.4331570293409319,0.5736105885798621,-0.10101294918656904,-0.14816506008882208,-0.2012111924208507,0.28743373403847416,0.4311554264304756,0.574868730745758,-0.09582728910287187,-0.14373343103362507,-0.19165261497397099,0.39241733031141285,1.9400431404151237,1.2382038265782962,CONTROL,1.5500000000000012,1790736114801181941,1790736114803642894,33935,917547000000,1790736114800858597,1,1,0,0.0008237740003096405,31,0.0,0.0,9.957851928414364e-05,0.010000000000000002,0.41533111536846745,2.1934401454784886,1.2633019228300637,-0.022913785057054582,-0.253397005063365,-0.02509809625176749,0.39241733031141285,1.9400431404151237,1.2382038265782962,False,False,False
1790736114.8111897,RETURN,0.010007625000000001,0.0020121219999964524,0.28605491577914766,0.4315909974940242,0.5715349669031258,-0.09916416884369363,-0.15050427253312554,-0.19554399785915144,0.2864720642902333,0.42971299710027183,0.572945410951186,-0.0965058627797752,-0.14475123842130683,-0.1930097484257106,0.3911668196535424,1.940712675107306,1.233873762096269,CONTROL,1.5600000000000012,1790736114811189506,1790736114813561200,33956,917557500000,1790736114810973966,1,1,0,0.0008105199999590695,31,0.0,0.0,9.190610236558165e-05,0.010000000000000002,0.4165933116485896,2.1878035541906504,1.2611057784005797,-0.02542649199504721,-0.24709087908334437,-0.027232016304310783,0.3911668196535424,1.940712675107306,1.233873762096269,False,False,False
1790736114.8211927,RETURN,0.010003206,0.0019185639998795523,0.2850123525303774,0.43000916751462537,0.5694779562225682,-0.09982420543886061,-0.14985876692072925,-0.19785730995059808,0.2855036328644585,0.42826042578316026,0.571008567940074,-0.09717961200951848,-0.14576180951596968,-0.1943572330819694,0.4008766926924383,1.9556245378384225,1.2420384014430474,CONTROL,1.5700000000000012,1790736114821192762,1790736114823443857,33977,917568000000,1790736114820976822,1,1,0,0.000776393999785796,30,0.0,0.0,9.898382151235136e-05,0.010000000000000002,0.41786112182084695,2.1821122484716744,1.2588803867323124,-0.016984429128408644,-0.22648771063325182,-0.016841985289265057,0.4008766926924383,1.9556245378384225,1.2420384014430474,False,False,False
1790736114.8311648,RETURN,0.009971817000000001,0.0021184030001677456,0.283958757911118,0.42844785649165384,0.5673818593342506,-0.10062092337205203,-0.1476750202916592,-0.200632519916712,0.2845284883822852,0.42679778540703717,0.5690582989536965,-0.09784846159337816,-0.14676503152541587,-0.195694918546841,0.40413204980016487,1.9469220387185093,1.2414456108723164,CONTROL,1.5800000000000012,1790736114831164559,1790736114833644429,33998,917578500000,1790736114831066573,1,1,0,0.0008401260001846822,30,0.0,0.0,9.935022114632142e-05,0.010000000000000002,0.4191343692929579,2.1763661723905834,1.2566255683225462,-0.015002319492792989,-0.22944413367207403,-0.015179957450229813,0.40413204980016487,1.9469220387185093,1.2414456108723164,False,False,False
1790736114.841215,RETURN,0.010051138000000001,0.0020929039997099608,0.28325438818889115,0.42741729892663916,0.5659768850917817,-0.10032988411139952,-0.14739404316508395,-0.19986419674410974,0.2835466802128148,0.4253251500216896,0.5670947027292452,-0.09851233713689532,-0.1477607928637816,-0.19702265603293165,0.336692721434515,1.7555261891943932,1.1582245180594253,CONTROL,1.5900000000000012,1790736114841214795,1790736114843689946,34012,917585500000,1790736114837953412,1,1,0,0.0008913719998417946,34,0.0,0.0,9.536887624697359e-05,0.010000000000000002,0.42041287606747085,2.1705652767559545,1.254341147391882,-0.08372015463295582,-0.41503908756156127,-0.09611662933245668,0.336692721434515,1.7555261891943932,1.1582245180594253,False,False,False
1790736114.8512053,RETURN,0.009989310000000001,0.002495138000085717,0.28190267405073133,0.42538623758425853,0.5633004578983782,-0.10087821889350834,-0.1567688239317979,-0.19788641830374326,0.2825582584650718,0.423842594786731,0.5651178794837423,-0.09917116504987515,-0.14874898315153623,-0.1983402983613594,0.4356592568200503,2.031931512839386,1.271803273019876,CONTROL,1.6000000000000012,1790736114851205087,1790736114854108471,34037,917599000000,1790736114851105218,1,1,0,0.0008817249999992782,26,0.0,0.0,9.727027011619373e-05,0.010000000000000002,0.4216964627870676,2.164709519204865,1.2520269519885487,0.013962794032982678,-0.1327780063654793,0.019776321031327333,0.4356592568200503,2.031931512839386,1.271803273019876,False,False,False
1790736114.8612552,RETURN,0.010050226,0.002114655999776005,0.28113841941302464,0.4242095212977306,0.5618032414128815,-0.1021364460879787,-0.15372377796219142,-0.20200430121147855,0.28156327397996156,0.42235019595953893,0.5631279308979569,-0.0998248725463875,-0.14972949321548318,-0.19964769996175513,0.38676042522232795,1.878653327427624,1.2087688965619163,CONTROL,1.6100000000000012,1790736114861255153,1790736114863650582,34052,917606500000,1790736114861145885,1,1,0,0.0008582499999647553,32,0.0,0.0,9.674074992158029e-05,0.010000000000000002,0.4229849487806312,2.1587988642913842,1.2496828140923069,-0.03622452355830325,-0.2801455368637603,-0.04091391753039046,0.38676042522232795,1.878653327427624,1.2087688965619163,False,False,False
1790736114.871192,RETURN,0.009937031,0.002299246999882598,0.28011217880823924,0.422701123328328,0.5597525494227908,-0.10323598460279344,-0.15075270492559925,-0.20689193638016257,0.28056177832222723,0.42084803088319095,0.5611249601003189,-0.10047338764476647,-0.1507022150887593,-0.20094471687226176,0.377403526445788,1.8357726723904733,1.1955190080545515,CONTROL,1.6200000000000012,1790736114871191763,1790736114873836706,34067,917616500000,1790736114870784780,1,1,0,0.0008883770001375524,32,0.0,0.0,9.631448165803582e-05,0.010000000000000002,0.42427815211004727,2.152833283574528,1.2473085697178767,-0.04687462566425927,-0.3170606111840549,-0.05178956166332534,0.377403526445788,1.8357726723904733,1.1955190080545515,False,False,False
1790736114.8812068,RETURN,0.010014518,0.002766583999800787,0.2790770505335205,0.4211753576817534,0.5576820288118518,-0.1034261428175777,-0.1556984434105016,-0.20543672790345213,0.27955382377240734,0.41933617797440176,0.5591090716508345,-0.10111663916761074,-0.1516670420108353,-0.20223120673953485,0.3924804392508403,1.875919560903402,1.2095632802063732,CONTROL,1.6300000000000012,1790736114881206491,1790736114884324432,34087,917626500000,1790736114880884039,1,1,0,0.0010773459998745238,31,0.0,0.0,9.775905185420836e-05,0.010000000000000002,0.4255758896177453,2.1468127557055947,1.2449040590178229,-0.033095450366905,-0.27089319480219254,-0.035340778811449626,0.3924804392508403,1.875919560903402,1.2095632802063732,False,False,False
1790736114.8912504,RETURN,0.010043863,0.0024012909998418763,0.27798875606008,0.4195150851738143,0.5555334672497163,-0.10401224298613437,-0.15895591552276836,-0.20515507984205128,0.27853946331879326,0.4178147167114596,0.5570803715250003,-0.1017545567417834,-0.15262386842751557,-0.20350702881874233,0.41679689991218405,1.9362836887658346,1.2332655337556842,CONTROL,1.6400000000000012,1790736114891250064,1790736114893981983,34104,917637000000,1790736114890900921,1,1,0,0.0009538919998703932,30,0.0,0.0,9.116330461318936e-05,0.010000000000000002,0.4268779769749542,2.140737266514855,1.2424691263848497,-0.01008107706277019,-0.2044535777490206,-0.009203592629165695,0.41679689991218405,1.9362836887658346,1.2332655337556842,False,False,False
1790736114.9012477,RETURN,0.009997276000000001,0.002501259999917238,0.2770990918254883,0.41816823164588346,0.5537780201597164,-0.10518285020733588,-0.1568377342895167,-0.20836355739049253,0.2775187506493862,0.416283727622163,0.5550389670977196,-0.10238707079841179,-0.15357258999093784,-0.20477204397356416,0.38591612520804225,1.8330900183090886,1.191165685516485,CONTROL,1.6500000000000012,1790736114901247811,1790736114904100739,34121,917645500000,1790736114900989009,1,1,0,0.0010067520001939556,32,0.0,0.0,9.86457165498149e-05,0.010000000000000002,0.4281842287306734,2.1346068090974906,1.240003620553434,-0.04226810352263117,-0.30151679078840193,-0.048837935036949005,0.38591612520804225,1.8330900183090886,1.191165685516485,False,False,False
1790736114.9111395,RETURN,0.009891514,0.0026192440000158967,0.27609627582234797,0.4166898437815414,0.5517796860072735,-0.1059837795938525,-0.15639103169313573,-0.21137441039058436,0.2764917401438549,0.4147432922717575,0.5529849671272151,-0.10301411257288787,-0.15451310355957387,-0.20602611467619306,0.3751440497787506,1.7918326530776723,1.1758060092825724,CONTROL,1.6600000000000013,1790736114911139235,1790736114914086442,34140,917655000000,1790736114910996754,1,1,0,0.0010532800001783471,33,0.0,0.0,8.941943229792652e-05,0.010000000000000002,0.4294944583613251,2.1284213838987416,1.2375073947007467,-0.05435040858257448,-0.33658873082106927,-0.06170138541817436,0.3751440497787506,1.7918326530776723,1.1758060092825724,False,False,False
1790736114.9211247,RETURN,0.009985072000000001,0.0020306659998823307,0.2749792264933282,0.4150257697427824,0.5495529659929299,-0.10669249614727783,-0.16140413613245058,-0.21188577654564963,0.2754584868654928,0.4131934932508721,0.5509184817389461,-0.10363561410486795,-0.15544530719822897,-0.20726910500733392,0.4074231565532536,1.878628539172537,1.2111903653352591,CONTROL,1.6700000000000013,1790736114921124517,1790736114923400339,34161,917665500000,1790736114920696395,1,1,0,0.000854623000122956,31,0.0,0.0,9.03368803222736e-05,0.010000000000000002,0.430808478321099,2.1221809987981977,1.2349803065468004,-0.023385321767845378,-0.24355245962566072,-0.023789941211541193,0.4074231565532536,1.878628539172537,1.2111903653352591,False,False,False
1790736114.9311862,RETURN,0.010061648000000001,0.0020354759999463568,0.2738004281585029,0.41323525544727513,0.5472174724774983,-0.10754490764453468,-0.16235604684532456,-0.21338302517356456,0.2744190465531755,0.4116344141634564,0.5488396224095214,-0.10425150823827271,-0.15636910017804204,-0.208500880656204,0.438737894297048,1.9528921610208663,1.2433900880958357,CONTROL,1.6800000000000013,1790736114931186195,1790736114933470563,34183,917676500000,1790736114931081957,1,1,0,0.0007855610001570312,29,0.0,0.0,9.179891275600164e-05,0.010000000000000002,0.43212610009294783,2.1158856691931476,1.2324222184537572,0.006611794204100161,-0.16299350817228128,0.010967869642078588,0.438737894297048,1.9528921610208663,1.2433900880958357,False,False,False
1790736114.9412062,RETURN,0.01002098,0.002405308000106743,0.2727218811864818,0.4116335591313911,0.5450728032989196,-0.10777994320304099,-0.157319668994106,-0.21512302811626038,0.273373475613318,0.41006613961471655,0.5467485019506158,-0.1048617286212873,-0.15728438297648561,-0.20972130892053295,0.41859148283295644,1.875400588900615,1.213583289963793,CONTROL,1.6900000000000013,1790736114941206073,1790736114944033793,34203,917686500000,1790736114940745819,1,1,0,0.0009172019999823533,31,0.0,0.0,9.247866422030475e-05,0.010000000000000002,0.4334471342402406,2.109535418080947,1.229832997524351,-0.01485565140728419,-0.23413482918033213,-0.016249707560557946,0.41859148283295644,1.875400588900615,1.213583289963793,False,False,False
1790736114.9511807,RETURN,0.00997342,0.00220307400013553,0.2718618239754287,0.41038970094636884,0.5433529617391701,-0.10695395673686395,-0.15550656169619684,-0.21360378420463685,0.2723218311118322,0.4084887551990526,0.5446452344928838,-0.10546620970636134,-0.15819105727736613,-0.21093025870656285,0.3565805816906318,1.6947456479545253,1.1357635712136591,CONTROL,1.7000000000000013,1790736114951180525,1790736114953705600,34219,917694500000,1790736114951065517,1,1,0,0.0009227220002685499,34,0.0,0.0,9.398606909163708e-05,0.010000000000000002,0.4347713904590363,2.1031302761403317,1.227212515699352,-0.07819080876840451,-0.40838462818580645,-0.09144894448569296,0.3565805816906318,1.6947456479545253,1.1357635712136591,False,False,False
1790736114.9612403,RETURN,0.010059544,0.002488606000042637,0.2710105921953163,0.4091230740048415,0.5416596926127055,-0.10638967679321286,-0.16273218491219055,-0.2102844217527505,0.2712641707660842,0.4069023474879947,0.5425299354698752,-0.10606488675020882,-0.1590890259708235,-0.21212760052904814,0.33037218413593206,1.6314180158691327,1.1025542864090352,CONTROL,1.7100000000000013,1790736114961240129,1790736114964105009,34235,917702500000,1790736114961070416,1,1,0,0.0009599420000085956,35,0.0,0.0,8.903646940131767e-05,0.010000000000000002,0.4360986776309768,2.0966702818116048,1.2245606498540273,-0.10572649349504479,-0.46525226594247204,-0.12200636344499216,0.33037218413593206,1.6314180158691327,1.1025542864090352,False,False,False
1790736114.9711835,RETURN,0.009943252000000001,0.0020479990002968407,0.269828446585227,0.4072567776912779,0.5393366827896471,-0.10951717025846949,-0.17529277190638393,-0.21505048809999433,0.2702005529368516,0.40530700401814,0.5404027216019491,-0.10665769581380809,-0.1599781931533312,-0.21331320651125538,0.4258340017690352,1.901532906592663,1.2147078443995536,CONTROL,1.7200000000000013,1790736114971183271,1790736114973524046,34257,917713500000,1790736114970602819,1,1,0,0.0007786389996908838,29,0.0,0.0,9.506327890812101e-05,0.010000000000000002,0.4374288038767682,2.090155481375647,1.2218772818935295,-0.011594802107733027,-0.18862257478298408,-0.0071694374939758245,0.4258340017690352,1.901532906592663,1.2147078443995536,False,False,False
1790736114.9812083,RETURN,0.010024848000000001,0.0020395430001372006,0.2688771335108209,0.4057807385232115,0.5374574442615994,-0.11356307326126946,-0.1691693537318681,-0.22721141945000994,0.26913103662028076,0.40370281327908925,0.5382637108801904,-0.10724457376240201,-0.1608584641276966,-0.21448695038496388,0.4103338830752954,1.8227453516245182,1.1901833014135124,CONTROL,1.7300000000000013,1790736114981208279,1790736114983504660,34274,917722000000,1790736114981108790,1,1,0,0.0008319700000356534,32,0.0,0.0,9.574257437488674e-05,0.010000000000000002,0.4387615766102349,2.083585929031673,1.2191622988471542,-0.0284276935349395,-0.260840577407155,-0.02897899743364192,0.4103338830752954,1.8227453516245182,1.1901833014135124,False,False,False
1790736114.9912217,RETURN,0.010013486,0.002110788999743818,0.2676155652466319,0.4039494891584239,0.5349184075140587,-0.11496894623312492,-0.16679439533763302,-0.23074963881126992,0.26805568143984454,0.4020898647013834,0.5361130225503227,-0.10782545826549791,-0.1617297454030607,-0.2156487074904651,0.4340696597300018,1.8651017187834606,1.2124419471802637,CONTROL,1.7400000000000013,1790736114991221535,1790736114993647642,34296,917733000000,1790736114991097359,1,1,0,0.0008253070000137086,30,0.0,0.0,9.972021454751598e-05,0.010000000000000002,0.44009680259293477,2.076961686973695,1.2164155929614293,-0.006027142862932984,-0.21185996819023437,-0.0039736457811656335,0.4340696597300018,1.8651017187834606,1.2124419471802637,False,False,False
1790736115.001186,RETURN,0.009965094,0.0021623959996759368,0.2664117477943977,0.40219022667070536,0.5325153538109109,-0.11351426398587895,-0.16854528198405982,-0.22516010976630735,0.26697454763829925,0.40046824864444047,0.5339507770966244,-0.10840028779686739,-0.16259194469489804,-0.2167983547765629,0.4407169288764588,1.8777433935557633,1.2137696398103097,CONTROL,1.7500000000000013,1790736115001185918,1790736115003662581,34316,917743500000,1790736115000646393,1,1,0,0.0008356769999409153,30,0.0,0.0,9.457750181685517e-05,0.010000000000000002,0.44143428798929363,2.0702828254655956,1.2136370617919485,-0.0007173591128348165,-0.1925394319098324,0.00013257801836120723,0.4407169288764588,1.8777433935557633,1.2137696398103097,False,False,False
1790736115.0111666,RETURN,0.009980053000000001,0.002251204999993206,0.2651754665423818,0.4003383761205912,0.5300720104506556,-0.1116025749945278,-0.16715218561793724,-0.2208319640175132,0.2658876960696422,0.3988380563844919,0.5317770962258437,-0.10896900163454659,-0.1634449709250169,-0.21793577080057347,0.44049047951313947,1.87140696516682,1.2091929975703508,CONTROL,1.7600000000000013,1790736115011166401,1790736115013840078,34338,917754500000,1790736115011042446,1,1,0,0.0008243850002145336,30,0.0,0.0,9.083842019477013e-05,0.010000000000000002,0.44277383842226214,2.0635494229147913,1.210826608293917,-0.00228335890912268,-0.1921424577479714,-0.0016336107235662546,0.44049047951313947,1.87140696516682,1.2091929975703508,False,False,False
1790736115.0211701,RETURN,0.010003497,0.002184177000344789,0.26400766134467535,0.3986046860463093,0.5277553633455905,-0.11103851684784095,-0.16293230619411764,-0.22114069370917167,0.264795188191069,0.39719938010251943,0.5295921028511126,-0.10953153986083604,-0.16428873422155918,-0.21906083572832544,0.42555983569423955,1.814502775741025,1.1871726231560877,CONTROL,1.7700000000000014,1790736115021169999,1790736115023697268,34359,917765000000,1790736115021043348,1,1,0,0.0008558159997846815,31,0.0,0.0,9.19019445094803e-05,0.010000000000000002,0.4441152590294508,2.0567615659443814,1.20798414091134,-0.018555423335211277,-0.24225879020335644,-0.020811517755252435,0.42555983569423955,1.814502775741025,1.1871726231560877,False,False,False
1790736115.0311916,RETURN,0.010021572000000001,0.0023360459999821614,0.26290044408607205,0.396986797195809,0.5255461686976761,-0.11029966688500455,-0.16202629079393283,-0.2197509411672633,0.2636970860549309,0.3955523128721917,0.5273959210758623,-0.1100878433623007,-0.16512314591900057,-0.22017343133415987,0.4076839412170715,1.7553634277591608,1.1616438494744208,CONTROL,1.7800000000000014,1790736115031191640,1790736115033882040,34375,917775000000,1790736115030409836,1,1,0,0.0009637200000724988,32,0.0,0.0,9.093225501541557e-05,0.010000000000000002,0.4454583545197349,2.0499193494637584,1.2051095736648065,-0.03777441330266341,-0.2945559217045977,-0.04346572419038585,0.4076839412170715,1.7553634277591608,1.1616438494744208,False,False,False
1790736115.0411797,RETURN,0.009988108,0.003148859000248194,0.2616912536044689,0.3951918897698876,0.5231442111215698,-0.10975913938096823,-0.1651040406849292,-0.2171792343673455,0.2625934523006923,0.3938969486478011,0.5251886761777383,-0.11063785382976993,-0.1659481185581503,-0.22127344100093,0.4268877194978363,1.8049295395317408,1.1800090459479187,CONTROL,1.7900000000000014,1790736115041179688,1790736115044917386,34389,917786000000,1790736115041062736,1,1,0,0.0009084949997486547,30,0.0,0.0,9.668000502926115e-05,0.010000000000000002,0.4468029292302967,2.043022876737605,1.2022028262378062,-0.019915209732460363,-0.23809333720586406,-0.022193780289887496,0.4268877194978363,1.8049295395317408,1.1800090459479187,False,False,False
1790736115.0512342,RETURN,0.010054113,0.0026218890002382977,0.2605358796697521,0.3934498427086508,0.5208631597977642,-0.11037126096715486,-0.16516042581898427,-0.2184594310365861,0.26148435014688787,0.39223338225219995,0.5229704945925148,-0.11118151375833756,-0.16676356588615135,-0.22236074972000158,0.4350004602987828,1.814302991477053,1.184399968641238,CONTROL,1.8000000000000014,1790736115051233962,1790736115054162824,34410,917796500000,1790736115051112441,1,1,0,0.0009072630000446225,30,0.0,0.0,9.337732065008614e-05,0.010000000000000002,0.44814878718408424,2.036072259453208,1.1992638240615303,-0.013148326885301443,-0.22176926797615504,-0.014863855420292123,0.4350004602987828,1.814302991477053,1.184399968641238,False,False,False
1790736115.061176,RETURN,0.0099419,0.002567645999988599,0.25942740889295646,0.391814192835926,0.5186624429564861,-0.11104093841785748,-0.16211779823516473,-0.22119600322793997,0.2603698433830801,0.3905617093647377,0.5207415038980098,-0.11171876644736171,-0.1675694028564802,-0.22343524409125257,0.41941218303021627,1.7519728252822462,1.1606796340175363,CONTROL,1.8100000000000014,1790736115061176022,1790736115064096438,34430,917806500000,1790736115061064190,1,1,0,0.0013270399999782967,31,0.0,0.0,9.840330581506755e-05,0.010000000000000002,0.44949573214765853,2.029067617786055,1.1962924983981025,-0.03008354911744228,-0.2770947925038089,-0.03561286438056616,0.41941218303021627,1.7519728252822462,1.1606796340175363,False,False,False
1790736115.0711844,RETURN,0.010008517,0.002075401000183774,0.2583188498364324,0.39019402274612336,0.5164516975685927,-0.11044499916446888,-0.16344164256458893,-0.21969989335757512,0.25924999636181645,0.38888202650919723,0.5185018327979999,-0.11224955600046509,-0.16836554562894712,-0.22449681232307347,0.40838141655161314,1.7153523043790178,1.1436641107253698,CONTROL,1.8200000000000014,1790736115071184499,1790736115073528851,34444,917816500000,1790736115070760003,1,1,0,0.0008436620000793482,32,0.0,0.0,9.066918821985669e-05,0.010000000000000002,0.4508435676894061,2.022009080463633,1.1932887864221804,-0.042462151137792926,-0.30665677608461495,-0.049624675696810554,0.40838141655161314,1.7153523043790178,1.1436641107253698,False,False,False
1790736115.0811875,RETURN,0.010002906,0.003260843000134628,0.2573271009673457,0.38870606146853515,0.5144824996833761,-0.11018362234426148,-0.16714261808494227,-0.2184288634986867,0.2581248739905869,0.38719443104173185,0.5162516111061355,-0.11277382732553473,-0.16915191156969614,-0.2255453442323671,0.39001408490191974,1.663093165033935,1.11828366800143,CONTROL,1.8300000000000014,1790736115081187285,1790736115084755200,34461,917825500000,1790736115080808676,1,1,0,0.0008758429999033979,33,0.0,0.0,9.070428811170874e-05,0.010000000000000002,0.45219209723808684,2.0148967848273904,1.1902526313008865,-0.0621780123361671,-0.35180361979345554,-0.07196896329945639,0.39001408490191974,1.663093165033935,1.11828366800143,False,False,False
1790736115.0912015,RETURN,0.010014188,0.002114164999966306,0.25616347167798725,0.38692921401165936,0.5121786473344723,-0.11199897546080313,-0.17110505019396804,-0.22176433786862937,0.25699454172378133,0.3854990211388015,0.513990969729855,-0.1132915261347222,-0.16992841925120486,-0.22658073124454875,0.42155504053738996,1.7421682190641823,1.1518588743985165,CONTROL,1.8400000000000014,1790736115091201452,1790736115093602392,34474,917836000000,1790736115090958952,1,1,0,0.0008494229996358627,31,0.0,0.0,9.16929203570642e-05,0.010000000000000002,0.45354112414168996,2.0077308768927806,1.1871839822720012,-0.03198608360429999,-0.2655626578285983,-0.035325107873484564,0.42155504053738996,1.7421682190641823,1.1518588743985165,False,False,False
1790736115.101146,RETURN,0.009944304000000001,0.001965702999768837,0.25497191848767553,0.38513104238025786,0.5098135316800589,-0.1146143962220592,-0.1702182993050089,-0.22843570460528195,0.2558590655546467,0.38379589578510986,0.5117200406543004,-0.11380259894444335,-0.17069498845228448,-0.22760286639354588,0.4446910845612063,1.7850430199490603,1.1742833612326418,CONTROL,1.8500000000000014,1790736115101145967,1790736115103416569,34495,917846500000,1790736115101043543,1,1,0,0.0008021339999686461,30,0.0,0.0,9.367049776650151e-05,0.010000000000000002,0.4548904517265782,2.000511511407376,1.1840827947203865,-0.010199367165371903,-0.21546849145831568,-0.009799433487744681,0.4446910845612063,1.7850430199490603,1.1742833612326418,False,False,False
1790736115.1112297,RETURN,0.010084572,0.0024897990001591097,0.2539358312417308,0.38360908165108487,0.5077449541437349,-0.11491320022298296,-0.16840543965493115,-0.22946421804164419,0.2547185120072445,0.3820851547615408,0.509438956926232,-0.11430699307537849,-0.17145154015807992,-0.2286116443217983,0.4126240765230532,1.6794284501993189,1.1301038679151876,CONTROL,1.8600000000000014,1790736115111229527,1790736115114036277,34513,917855500000,1790736115110844786,1,1,0,0.0009997490001296683,32,0.0,0.0,9.995470972991266e-05,0.010000000000000002,0.45623988335687626,1.9932388519069435,1.1809490302525714,-0.04361580683382304,-0.31381040170762464,-0.050845162337383835,0.4126240765230532,1.6794284501993189,1.1301038679151876,False,False,False
1790736115.1211922,RETURN,0.009961818,0.0023381200003314007,0.25273392551701246,0.3818325223434824,0.5053498536176035,-0.11413067056422604,-0.17180921301047664,-0.22632368016542204,0.25357294812840797,0.38036689863309503,0.5071478526379425,-0.11480465665247239,-0.17219799656006982,-0.2296069612802584,0.42150762758501853,1.7015389833852042,1.1362199236841937,CONTROL,1.8700000000000014,1790736115121192116,1790736115123837250,34534,917866000000,1790736115120831261,1,1,0,0.0009510759996373963,31,0.0,0.0,9.901024930578901e-05,0.010000000000000002,0.4575892224940905,1.9859130707694748,1.177782656769463,-0.036081594909071965,-0.2843740873842706,-0.04156273308526926,0.42150762758501853,1.7015389833852042,1.1362199236841937,False,False,False
1790736115.131232,RETURN,0.010039886000000001,0.0022484599999188504,0.25153404847565053,0.38000863011520725,0.5029761380245392,-0.1147004947117666,-0.17430426528900803,-0.22718443420368203,0.25242244147969983,0.3786412287368267,0.5048468629111732,-0.1152955386049342,-0.17293428105606634,-0.23058871512839074,0.44138548673487193,1.7498294087019866,1.1558632696330053,CONTROL,1.8800000000000014,1790736115131231983,1790736115133739885,34555,917876500000,1790736115130970336,1,1,0,0.0009200979998240655,30,0.0,0.0,9.671074642338241e-05,0.010000000000000002,0.45893827275691695,1.9785343492670833,1.1745836485371255,-0.017552786022045033,-0.22870494056509666,-0.01872037890412024,0.44138548673487193,1.7498294087019866,1.1558632696330053,False,False,False
1790736115.1411395,RETURN,0.009907575,0.0023199060001388716,0.25037916105548863,0.37827496067822874,0.5006833212410515,-0.11611293466261108,-0.1715882709975947,-0.2314924169829841,0.25126706012936917,0.3769082471697805,0.5025361238810279,-0.11577958866623762,-0.17366031825021558,-0.23155680533417256,0.4362148159471337,1.7149675791167718,1.144339081008051,CONTROL,1.8900000000000015,1790736115141139407,1790736115143738112,34575,917886500000,1790736115140717787,1,1,0,0.0009534310001981794,31,0.0,0.0,9.510598092196539e-05,0.010000000000000002,0.4602868379812165,1.9711028776157453,1.1713519862555877,-0.024072022034082836,-0.25613529849897354,-0.027012905247536634,0.4362148159471337,1.7149675791167718,1.144339081008051,False,False,False
1790736115.1512492,RETURN,0.010109468,0.002615395999782777,0.24915702176244015,0.37648380720518393,0.49824276457263705,-0.11621048802431759,-0.17095989670195771,-0.23171844452369744,0.2501068726443092,0.3751680567769277,0.500215772679888,-0.11625675737412056,-0.17437603395299694,-0.23251113297409298,0.43711454833094177,1.7037613664684537,1.1401234727992995,CONTROL,1.9000000000000015,1790736115151249106,1790736115154405110,34596,917897000000,1790736115150990445,1,1,0,0.0011311279999972612,31,0.0,0.0,9.36146966974895e-05,0.010000000000000002,0.46163472228012764,1.9636188550228117,1.1680876571256247,-0.024520173949185896,-0.25985748855435803,-0.02796418432632516,0.43711454833094177,1.7037613664684537,1.1401234727992995,False,False,False
1790736115.1611898,RETURN,0.009940618,0.002266153000164195,0.24799791941117721,0.3747670496047375,0.49593784574609634,-0.11545017514864378,-0.17266255765764985,-0.2289739022617171,0.2489419480820142,0.37342076113910316,0.49788594742132763,-0.11672699607058543,-0.17508135518122367,-0.2334516007331537,0.42990167030786974,1.6768683320725182,1.12593707836254,CONTROL,1.9100000000000015,1790736115161189694,1790736115163713557,34616,917907000000,1790736115160882250,1,1,0,0.0009412079998583067,31,0.0,0.0,9.993185625112257e-05,0.010000000000000002,0.46298173010427257,1.9560824897322557,1.1647906549134752,-0.03308005979640281,-0.27921415765973767,-0.03885357655093528,0.42990167030786974,1.6768683320725182,1.12593707836254,False,False,False
1790736115.171261,RETURN,0.010071236,0.002615556999899127,0.24684503274478953,0.37303244070615005,0.4936539415518335,-0.1154337699677485,-0.17398042561350646,-0.22886217390568228,0.24777235598253733,0.371666464560942,0.4955467871840282,-0.11719025690189928,-0.17577621015804296,-0.23437811290486926,0.4264744976458657,1.6594994656962516,1.1174608160050938,CONTROL,1.9200000000000015,1790736115171261020,1790736115174380905,34636,917917000000,1790736115171133658,1,1,0,0.001058269000168366,32,0.0,0.0,8.811246352765452e-05,0.010000000000000002,0.464327666302044,1.9484939990676002,1.1614609800134459,-0.03785316865617828,-0.28899453337134856,-0.044000164008352036,0.4264744976458657,1.6594994656962516,1.1174608160050938,False,False,False
1790736115.181773,RETURN,0.010513406000000001,0.0021676960000149847,0.2459186656854575,0.37163825718681576,0.49181426847563037,-0.11620379391676483,-0.17453339351430733,-0.23118892804756835,0.24659816636044768,0.36990527205881607,0.4931984319956934,-0.11764649281859312,-0.1764605283129349,-0.23529057539126552,0.38388942531116255,1.5291048919339947,1.0618255911778858,CONTROL,1.9300000000000015,1790736115181772903,1790736115184290905,34652,917925000000,1790736115180494735,1,1,0,0.0008946289999585133,34,0.0,0.0,9.492508855495882e-05,0.010000000000000002,0.4656723361799245,1.940853609472473,1.158098639508352,-0.08178291086876192,-0.41174871753847847,-0.09627304833046613,0.38388942531116255,1.5291048919339947,1.0618255911778858,False,False,False
1790736115.191181,RETURN,0.009406173,0.0019836070000565087,0.24463026766377016,0.3696964202569779,0.48924902698827877,-0.11837454999878927,-0.18046069124238362,-0.23502044291443774,0.24541944969678758,0.368137289348771,0.4908410228169642,-0.11809565757546299,-0.17713424028171434,-0.23618889570288207,0.43852690967531066,1.6757896775137435,1.124132576082756,CONTROL,1.9400000000000015,1790736115191180699,1790736115193408169,34674,917936000000,1790736115190754900,1,1,0,0.0008094769996205287,31,0.0,0.0,8.923947266405388e-05,0.010000000000000002,0.4670155455628184,1.9331615565487674,1.1547036472277732,-0.028488635887507732,-0.2573718790350239,-0.0305710711450172,0.43852690967531066,1.6757896775137435,1.124132576082756,False,False,False
1790736115.2011817,RETURN,0.010000531,0.00235020300033284,0.2433728421716408,0.36778733603591096,0.4867538127879274,-0.12067916982477228,-0.18092034263446044,-0.24010180857305002,0.2442362769310303,0.3663626228344624,0.48847470152533357,-0.1185377057315687,-0.17779727790652863,-0.2370729829587694,0.46992614070655236,1.745881830670502,1.1562736019446342,CONTROL,1.9500000000000015,1790736115201181321,1790736115203971880,34695,917946500000,1790736115201073135,1,1,0,0.0007699319999119325,29,0.0,0.0,9.980822191626911e-05,0.010000000000000002,0.468357100854353,1.9254180850923246,1.1512760238040558,0.0015690398521993683,-0.17953625442182275,0.0049975781405784845,0.46992614070655236,1.745881830670502,1.1562736019446342,False,False,False
1790736115.2111726,RETURN,0.009991424,0.0019441119998191425,0.24215958858994302,0.36599977617907076,0.4843359266149423,-0.12125354108083387,-0.17637541647259847,-0.2421322560102277,0.24304871945303702,0.36458137959509274,0.4860996108990614,-0.11897259265023502,-0.1784495742358597,-0.23794274788649158,0.4532336922617245,1.6758856996963742,1.1292656826885137,CONTROL,1.9600000000000015,1790736115211172424,1790736115213336404,34715,917956500000,1790736115210737228,1,1,0,0.0007993879999048659,31,0.0,0.0,9.5376925925961e-05,0.010000000000000002,0.46969680909712924,1.9176234491261237,1.1478157967260372,-0.016463116835404742,-0.2417377494297494,-0.018550114037523532,0.4532336922617245,1.6758856996963742,1.1292656826885137,False,False,False
1790736115.2217631,RETURN,0.010591134,0.002358107999953063,0.24107466491865015,0.3644190835904064,0.4821699538206601,-0.11959461338939009,-0.17651241340831397,-0.23803305246742593,0.24185684909501448,0.36279366737334817,0.48371589460108944,-0.11940027449905086,-0.1790910635245227,-0.23879810282212446,0.4123245668557223,1.554025878720601,1.0744233399772796,CONTROL,1.9700000000000015,1790736115221763147,1790736115224406486,34733,917965500000,1790736115220571303,1,1,0,0.000985501999821281,33,0.0,0.0,9.698641630559129e-05,0.010000000000000002,0.4710344780328732,1.909777911930938,1.1443230003904574,-0.05870991117715092,-0.35575203321033694,-0.06989966041317777,0.4123245668557223,1.554025878720601,1.0744233399772796,False,False,False
1790736115.231189,RETURN,0.00942565,0.0020015310001326725,0.23982873177474406,0.36254054832136173,0.47969932475659816,-0.11852188225043685,-0.182303224716831,-0.234079437725364,0.240660738123472,0.36099959456333464,0.4813236971629559,-0.11982070824986968,-0.17972168123366664,-0.23963896171025642,0.43109804862156736,1.6100261531930349,1.0932865824326834,CONTROL,1.9800000000000015,1790736115231189047,1790736115233461182,34754,917976000000,1790736115230733311,1,1,0,0.0008332920001521416,32,0.0,0.0,8.865769808172567e-05,0.010000000000000002,0.47236991616246876,1.9018817460733808,1.1407976761509997,-0.0412718675409014,-0.2918555928803459,-0.04751109371831634,0.43109804862156736,1.6100261531930349,1.0932865824326834,False,False,False
1790736115.2411916,RETURN,0.010002154000000001,0.0023778160002621007,0.2386338903095817,0.3607050719381304,0.47733739945776454,-0.1208447945603931,-0.1827557684584219,-0.24011871414570102,0.23946045923117937,0.3591992701985156,0.47892316396871104,-0.12023385167880912,-0.18034136403077378,-0.24046524010398784,0.4488389236805331,1.6445461807204502,1.1105605907894252,CONTROL,1.9900000000000015,1790736115241191432,1790736115243892071,34774,917986000000,1790736115240810348,1,1,0,0.0009501640001872147,31,0.0,0.0,9.460248202208632e-05,0.010000000000000002,0.47370293280583514,1.8939352334313588,1.1372398723649495,-0.024864009125302067,-0.24938905271090872,-0.026679281575524273,0.4488389236805331,1.6445461807204502,1.1105605907894252,False,False,False
1790736115.2512252,RETURN,0.010033605000000001,0.0024993460001496715,0.23734966329862406,0.35880243857817806,0.47477618837607016,-0.12315277874065776,-0.17984725231403326,-0.24615157115480632,0.23825608552912358,0.3573928039396474,0.47651444123883097,-0.12063966336625166,-0.18095004978966073,-0.24127685516493222,0.4625788327908528,1.6587894534814276,1.1212416678001635,CONTROL,2.0000000000000013,1790736115251225006,1790736115254108923,34792,917996500000,1790736115251085281,1,1,0,0.0009818439998525719,31,0.0,0.0,8.825027351891696e-05,0.010000000000000002,0.47503333816160387,1.8859386652168233,1.1336496444374065,-0.012454505370751039,-0.22714921173539568,-0.012407976637242996,0.4625788327908528,1.6587894534814276,1.1212416678001635,False,False,False
1790736115.2612772,RETURN,0.010052019,0.0024000580001484195,0.23636557684541604,0.3573664613604306,0.47281001226419717,-0.12224934077651815,-0.17992565474061473,-0.2437321524904129,0.23704769053846653,0.3555803060627167,0.47409767601413333,-0.12103810269684377,-0.1815476775904771,-0.2420737256632146,0.4072467387821883,1.492501136137142,1.0479367896519547,CONTROL,2.010000000000001,1790736115261277056,1790736115263979999,34808,918004500000,1790736115261146668,1,1,0,0.0010304469997208798,34,0.0,0.0,9.407847148011893e-05,0.010000000000000002,0.476360943366581,1.8778923419958493,1.130027054863045,-0.06911420458439274,-0.3853912058587072,-0.08209026521109039,0.4072467387821883,1.492501136137142,1.0479367896519547,False,False,False
1790736115.2712188,RETURN,0.009942501000000001,0.0025577169999451144,0.23539374002056856,0.3559064975314312,0.4708764135749699,-0.12138370027316299,-0.1860488872467123,-0.24067621460433064,0.23583534818250254,0.3537618874468772,0.47167301613969215,-0.12142912985949664,-0.18213418771970663,-0.242855771977473,0.3749061700365009,1.4042051856190998,1.0049082981874193,CONTROL,2.020000000000001,1790736115271218665,1790736115274122500,34824,918012500000,1790736115269927934,1,1,0,0.0010872849998122547,35,0.0,0.0,9.345797303305643e-05,0.010000000000000002,0.4776855605549452,1.8697965737059647,1.1263721732653709,-0.10277939051844433,-0.46559138808686495,-0.12146387507795152,0.3749061700365009,1.4042051856190998,1.0049082981874193,False,False,False
1790736115.2812848,RETURN,0.010070926000000001,0.002956774999802292,0.2344797979059985,0.35448103360361305,0.46906901403931966,-0.12302630425837445,-0.1935027650395623,-0.24320740509383487,0.23461913277861524,0.3519376595623859,0.4692406102487523,-0.12181270584738578,-0.18270952167016652,-0.24362291609485756,0.35895299705709255,1.3575485262233329,0.9816036226742116,CONTROL,2.0300000000000007,1790736115281284711,1790736115284858408,34839,918020000000,1790736115278394222,1,1,0,0.001074369999969349,36,0.0,0.0,8.949959990805697e-05,0.010000000000000002,0.4790070029171557,1.8616516796707019,1.1226850764334417,-0.12005400586006316,-0.504103153447369,-0.14108145375923006,0.35895299705709255,1.3575485262233329,0.9816036226742116,False,False,False
1790736115.2911897,RETURN,0.009899159000000001,0.002249831999961316,0.23283038689487778,0.35189226991455147,0.4658081540331671,-0.1314643380782216,-0.2038263625743192,-0.2602576231311431,0.2333991190302353,0.35010773445854004,0.46680060774664456,-0.12218879245795106,-0.18327362214100762,-0.24437508161103072,0.54187226484562,1.8588861697346568,1.200720251675908,CONTROL,2.0400000000000005,1790736115291189601,1790736115293722201,34862,918033000000,1790736115290955527,1,1,0,0.0008410770001319179,27,0.0,0.0,9.103281894860178e-05,0.010000000000000002,0.480325084758532,1.8534579886113474,1.1189658483560343,0.06154718008708803,0.005428181123309382,0.0817544033198737,0.54187226484562,1.8588861697346568,1.200720251675908,False,False,False
1790736115.301188,RETURN,0.009998217,0.002111831000092934,0.2313456780868668,0.34970094003844654,0.4628557015187851,-0.13601499941722708,-0.18873359140889023,-0.2732354907124383,0.23217538201879778,0.3482722247516138,0.46435315879470074,-0.12255735229289702,-0.1838264330377147,-0.24511219373016768,0.5616282635384109,1.8604529550550286,1.214718829699768,CONTROL,2.0500000000000003,1790736115301187849,1790736115303554523,34884,918044000000,1790736115300833095,1,1,0,0.0007936770002743287,25,0.0,0.0,9.735649637209522e-05,0.010000000000000002,0.4816396215574782,1.84521583865586,1.1152145802532183,0.07998864198093272,0.01523711639916877,0.0995042494465496,0.5616282635384109,1.8604529550550286,1.214718829699768,False,False,False
1790736115.311212,RETURN,0.010024758,0.002819012999680126,0.2299304730930194,0.34781769365117565,0.4600017459193011,-0.13084794657561394,-0.1749824812482167,-0.26283051078307307,0.23094799719569897,0.34643124361279426,0.46189841429416784,-0.12291834875819214,-0.18436789947210563,-0.24583417926495515,0.47907853382452553,1.598214393120935,1.1041031926640212,CONTROL,2.06,1790736115311211935,1790736115314523053,34905,918054500000,1790736115310778943,1,1,0,0.0010427800002617005,32,0.0,0.0,9.212323297446036e-05,0.010000000000000002,0.48295043002330634,1.8369255773449005,1.1114313706053087,-0.003871896198780812,-0.23871118422396553,-0.007328177941287429,0.47907853382452553,1.598214393120935,1.1041031926640212,False,False,False
1790736115.321275,RETURN,0.010062419000000001,0.002312660999905347,0.22868019484059676,0.34605594087735003,0.4575104573466606,-0.11982067799773227,-0.18187753285324346,-0.23548882743116265,0.22971704037425467,0.3445849047561195,0.4594365258701242,-0.12327174606406982,-0.18489796776233253,-0.24654096663659314,0.41610508127373785,1.4498124283251155,1.0231245376874387,CONTROL,2.07,1790736115321274875,1790736115323905090,34922,918064500000,1790736115320913459,1,1,0,0.0009362890000375046,34,0.0,0.0,8.775389011388262e-05,0.010000000000000002,0.4842573281536381,1.8285875616349878,1.1076163251791804,-0.06815224687990025,-0.37877513330987234,-0.08449178749174178,0.41610508127373785,1.4498124283251155,1.0231245376874387,False,False,False
1790736115.3312597,RETURN,0.009984551000000001,0.0021764630000689067,0.2274018328730838,0.3439859387148063,0.4550214045240497,-0.11652100829581337,-0.1911262580733934,-0.22738747132967788,0.22848258772165672,0.34273332242641397,0.45696764585539296,-0.12361750922502777,-0.18541658543288111,-0.24723248587479385,0.4453204076491819,1.5538777509580195,1.0580579978840552,CONTROL,2.0799999999999996,1790736115331259747,1790736115333742051,34944,918075500000,1790736115331151191,1,1,0,0.0008697319999555475,31,0.0,0.0,8.981436039459267e-05,0.010000000000000002,0.4855601352913452,1.8202021578987106,1.103769557051905,-0.04023972764216327,-0.26632440694069115,-0.04571155916784992,0.4453204076491819,1.5538777509580195,1.0580579978840552,False,False,False
1790736115.3411598,RETURN,0.009900502,0.002122010000221053,0.22619904312894068,0.3421081881250325,0.4526472258082417,-0.12492875004006576,-0.18099962252656365,-0.25059081414082574,0.22724471575093075,0.3408766113872256,0.45449192727445786,-0.12395560405982775,-0.1859237012145702,-0.24790866861778107,0.4616083843567791,1.5514350552635818,1.0730734946065612,CONTROL,2.0899999999999994,1790736115341159577,1790736115343548644,34964,918085500000,1790736115340726275,1,1,0,0.0008512069998687366,31,0.0,0.0,9.637208814516687e-05,0.010000000000000002,0.48685867218099205,1.8117697419219956,1.0998911866317014,-0.025250287824212934,-0.2603346866584138,-0.026817692025140085,0.4616083843567791,1.5514350552635818,1.0730734946065612,False,False,False
1790736115.3512042,RETURN,0.010044024,0.0021762029996352794,0.2248580408432277,0.34024946949010104,0.44994028816580345,-0.12763857313077037,-0.17762531466468284,-0.25649087941269477,0.22600350131289335,0.33901488690876236,0.4520095238273778,-0.12428599719149651,-0.18641926504455306,-0.2485694481122921,0.4706774561368961,1.5463987968136772,1.0761930087887823,CONTROL,2.099999999999999,1790736115351204173,1790736115353632524,34985,918096000000,1790736115350971020,1,1,0,0.0008811829998194298,31,0.0,0.0,9.534735012277129e-05,0.010000000000000002,0.48815276102475197,1.803290698898397,1.0959813416761652,-0.017475304887855876,-0.2568919020847198,-0.01978833288738283,0.4706774561368961,1.5463987968136772,1.0761930087887823,False,False,False
1790736115.3613167,RETURN,0.010112444,0.002149251999981061,0.22354224317845084,0.3383462960166286,0.44731962966499017,-0.12216826146935394,-0.18600397683688863,-0.2406913770921474,0.22475902158810968,0.3371482647558294,0.4495205898737016,-0.12460865604732486,-0.18690322806631615,-0.24921475921357586,0.46992134890095516,1.5577722155704536,1.0687727043636284,CONTROL,2.109999999999999,1790736115361316667,1790736115363741622,35006,918106500000,1790736115361182863,1,1,0,0.0008136050000757677,31,0.0,0.0,8.832646207930771e-05,0.010000000000000002,0.48944222553776734,1.7947654234203996,1.092040157307771,-0.019520876636812175,-0.236993207849946,-0.023267452944142515,0.46992134890095516,1.5577722155704536,1.0687727043636284,False,False,False
1790736115.3711815,RETURN,0.009864543,0.0019870539999828907,0.22233092843157198,0.3364764983953288,0.4449406086659553,-0.12170937105374878,-0.18490576036367165,-0.2404378966566052,0.22351135407885056,0.33527686117576483,0.4470252804163833,-0.1249235488588679,-0.1873755426296794,-0.24984453838539344,0.4561656286227048,1.508298026082003,1.0469536250695712,CONTROL,2.1199999999999988,1790736115371181220,1790736115373410674,35026,918116500000,1790736115370918882,1,1,0,0.0008186339996427705,32,0.0,0.0,8.800800610118969e-05,0.010000000000000002,0.49072689100290867,1.7861943194676788,1.0880677760266075,-0.03456126238020388,-0.27789629338567595,-0.041114150957036306,0.4561656286227048,1.508298026082003,1.0469536250695712,False,False,False
1790736115.381135,RETURN,0.009953863,0.001969559999906778,0.22110114041291506,0.33465073730605877,0.44249659944083275,-0.12427364676676,-0.18097004233513972,-0.24809352147253247,0.22226057660104998,0.33340079288637736,0.4445237510856966,-0.1252306446619456,-0.18783616229079705,-0.25045872370001915,0.4504634588833329,1.4678801361903622,1.0351826567787077,CONTROL,2.1299999999999986,1790736115381134963,1790736115383339900,35046,918126500000,1790736115380679919,1,1,0,0.0008167510000021139,32,0.0,0.0,9.532312032032434e-05,0.010000000000000002,0.4920065843249173,1.777577800392348,1.0840643477203509,-0.04154312544158439,-0.3096976642019858,-0.04888169094164317,0.4504634588833329,1.4678801361903622,1.0351826567787077,False,False,False
1790736115.3912141,RETURN,0.01007881,0.0019267689999651338,0.2197888409073281,0.33274958060074855,0.4398749092485832,-0.12468363186960031,-0.18334528743808692,-0.24808688491591976,0.22100676727626237,0.33152017706388226,0.4420161581231498,-0.12552991329664223,-0.18828504181215672,-0.2510572548382393,0.46578881960688745,1.5002817622470705,1.0480184019587444,CONTROL,2.1399999999999983,1790736115391213953,1790736115393355921,35067,918137000000,1790736115391005327,1,1,0,0.0007966529997247562,31,0.0,0.0,9.548759988689705e-05,0.010000000000000002,0.493281134083881,1.7689162889011276,1.0800300296714453,-0.02749231447699356,-0.268634526654057,-0.032011627712700864,0.46578881960688745,1.5002817622470705,1.0480184019587444,False,False,False
1790736115.401245,RETURN,0.01003119,0.0023311370000556053,0.21854759606608543,0.33089640119883246,0.43741375704642804,-0.12353997537728509,-0.1864805246715435,-0.24456599525656478,0.21975000452361998,0.3296351313308382,0.439502658365401,-0.12582132540730595,-0.18872213716257913,-0.2516400730893518,0.46481025618074595,1.4929907132836768,1.041052888704996,CONTROL,2.149999999999998,1790736115401244983,1790736115403902339,35087,918147000000,1790736115400984569,1,1,0,0.0009479199998168042,31,0.0,0.0,9.79957154217423e-05,0.010000000000000002,0.4945503705880274,1.7602102170344558,1.0759649865614782,-0.029740114407281467,-0.26721950375077896,-0.034912097856482256,0.46481025618074595,1.4929907132836768,1.041052888704996,False,False,False
1790736115.4111857,RETURN,0.009940608,0.0019648509996841312,0.217310506492276,0.3290319346180768,0.43496554428165046,-0.12432687010035481,-0.18558153921330336,-0.24664777538266058,0.21849036705179034,0.327745773744084,0.4369834092281725,-0.1261048524425502,-0.1891474055172197,-0.25220712135116835,0.4597893215437982,1.4632767629775283,1.0291201276869584,CONTROL,2.159999999999998,1790736115411185601,1790736115413377854,35107,918157000000,1790736115410918263,1,1,0,0.0008177729996532435,32,0.0,0.0,9.045600423375101e-05,0.010000000000000002,0.495814125925795,1.751460026142502,1.0718693904727465,-0.03602480438199677,-0.28818326316497367,-0.04274926278578817,0.4597893215437982,1.4632767629775283,1.0291201276869584,False,False,False
1790736115.4211822,RETURN,0.009996263,0.0020828949996030133,0.21606093982216645,0.32718074958872645,0.43248166707188807,-0.12534792439874015,-0.18532518578849785,-0.24939379460300665,0.21722793385093353,0.32585222278267556,0.43445856869016636,-0.1263804666552522,-0.18956080525756677,-0.25275834413001197,0.4594248804951861,1.4472663716475527,1.0234539917525791,CONTROL,2.1699999999999977,1790736115421181944,1790736115423583595,35127,918167000000,1790736115420664973,1,1,0,0.0008523480000803829,32,0.0,0.0,9.272245729623487e-05,0.010000000000000002,0.49707223401715,1.7426661668580885,1.0677434208869887,-0.03764735352196392,-0.2953997952105359,-0.04428942913440968,0.4594248804951861,1.4472663716475527,1.0234539917525791,False,False,False
1790736115.4312968,RETURN,0.010114789,0.002427781000278628,0.21499415642130604,0.3255997841869567,0.4303595353961458,-0.1253766545183648,-0.18710520100459252,-0.24923410878528654,0.21596278418465942,0.32395459733582177,0.4319282952769783,-0.12664814110255385,-0.18996229597144257,-0.2532936875407183,0.42656926383112637,1.3430037722816137,0.9771856706517208,CONTROL,2.1799999999999975,1790736115431296653,1790736115434083525,35144,918175500000,1790736115431170193,1,1,0,0.001023003000227618,34,0.0,0.0,9.271946517453461e-05,0.010000000000000002,0.4983245306641263,1.733829099066488,1.0635872646812823,-0.07175526683299996,-0.3908253267848742,-0.08640159402956145,0.42656926383112637,1.3430037722816137,0.9771856706517208,False,False,False
1790736115.441328,RETURN,0.01003118,0.0021617050001623284,0.2136758076720442,0.32361152131185644,0.4277453911431812,-0.12611608703288274,-0.19262575070647137,-0.24949498825234287,0.2146949975819852,0.32205301669082187,0.4293927480450135,-0.1269078496458613,-0.19035183845300283,-0.25381309930663515,0.4603982982048687,1.4347811381644755,1.013632278816257,CONTROL,2.1899999999999973,1790736115441327903,1790736115443844141,35165,918186000000,1790736115441188598,1,1,0,0.0008451550002064323,32,0.0,0.0,9.004648584248058e-05,0.010000000000000002,0.49957085360054976,1.7249492918721119,1.059401116121099,-0.03917255539568103,-0.2901681537076363,-0.04576883730484194,0.4603982982048687,1.4347811381644755,1.013632278816257,False,False,False
1790736115.4511845,RETURN,0.009856568000000001,0.002057807999790384,0.21240141707757143,0.32167342975556945,0.42522379111095665,-0.12872440325545126,-0.19298584344432634,-0.25566935340605035,0.21342465382929268,0.3201476005210019,0.42685208656540086,-0.12715956695084538,-0.19072939470273725,-0.25431652875962335,0.48153737034384886,1.4784436135001493,1.0345360541667539,CONTROL,2.199999999999997,1790736115451184511,1790736115453512181,35185,918196000000,1790736115450925629,1,1,0,0.0008375409997825045,31,0.0,0.0,9.457989855303066e-05,0.010000000000000002,0.5008110425409221,1.716027223562066,1.0551851768505052,-0.01927367219707328,-0.2375836100619167,-0.020649122683751343,0.48153737034384886,1.4784436135001493,1.0345360541667539,False,False,False
1790736115.4611835,RETURN,0.009999079000000001,0.0020937760000379058,0.2111685566108763,0.31985439027658824,0.42276950584577433,-0.1301325979340825,-0.19017468832503803,-0.2595098589594431,0.21215183296228565,0.31823846887365126,0.4243064709079083,-0.12740326848744113,-0.19109492792746902,-0.25480392684005543,0.4680957973892956,1.4191132226488867,1.0117965977366186,CONTROL,2.209999999999997,1790736115461183540,1790736115463556847,35204,918205500000,1790736115460773491,1,1,0,0.0008411680000790511,32,0.0,0.0,9.841797629873931e-05,0.010000000000000002,0.5020449392284376,1.7070633815665592,1.0509396558795048,-0.033949141839142036,-0.28795015891767245,-0.039143058142886114,0.4680957973892956,1.4191132226488867,1.0117965977366186,False,False,False
1790736115.4719353,RETURN,0.010752439,0.0025750999998308544,0.209869317937053,0.31795149334886563,0.4201805185669527,-0.1292191076102914,-0.19205296591148147,-0.2567486343284054,0.2108766152579472,0.3163257421579594,0.4217560616248574,-0.12763893052984815,-0.19144840254035503,-0.25527524609681673,0.4671540861378687,1.4081278475020593,1.0045584289364213,CONTROL,2.2199999999999966,1790736115471935248,1790736115475168628,35224,918215500000,1790736115470410342,1,1,0,0.0009298859999944398,32,0.0,0.0,9.587597547447162e-05,0.010000000000000002,0.5032723874821018,1.698058262416202,1.0466647695685298,-0.03611830134423312,-0.2899304149141427,-0.04210634063210854,0.4671540861378687,1.4081278475020593,1.0045584289364213,False,False,False
1790736115.4811542,RETURN,0.009218036,0.001891512999918632,0.20845278097294173,0.31581853674616855,0.41737865467527646,-0.12871915847738405,-0.19502461795537676,-0.2540805008995176,0.2095990812264972,0.31440954113295283,0.4192010197350384,-0.1278665301565304,-0.19178978416088585,-0.2557304406873047,0.4982527202970572,1.4902033465967457,1.0363096874543087,CONTROL,2.2299999999999964,1790736115481154115,1790736115483261016,35246,918226500000,1790736115481062892,1,1,0,0.0007716350000919192,30,0.0,0.0,9.174937979845853e-05,0.010000000000000002,0.5044932332429196,1.6890123716961207,1.0423607416100569,-0.0062405129458624016,-0.19880902509937512,-0.006051054155748181,0.4982527202970572,1.4902033465967457,1.0363096874543087,False,False,False
1790736115.491184,RETURN,0.010029887000000001,0.0019888269998773467,0.2071592983453998,0.31388969414797874,0.41481702574011825,-0.13002591651926135,-0.18936262899580839,-0.2590481081088627,0.20831931160334935,0.31248998689543095,0.41664150670762473,-0.12808604525021614,-0.19211903961488544,-0.25616946637742893,0.48450045555511295,1.4279364400328753,1.0141203321175154,CONTROL,2.239999999999996,1790736115491183962,1790736115493456889,35266,918236500000,1790736115490924870,1,1,0,0.00082685000006677,32,0.0,0.0,8.825110234851041e-05,0.010000000000000002,0.5057073246191386,1.6799262239969683,1.0380278030073744,-0.02120686906402566,-0.25198978396409305,-0.0239074708898589,0.48450045555511295,1.4279364400328753,1.0141203321175154,False,False,False
1790736115.50117,RETURN,0.009986465,0.002386170999670867,0.20592535469379936,0.31210539035574936,0.4123535175455557,-0.12907350328410933,-0.188396620880264,-0.25730640453446074,0.207037387341069,0.3105672008679038,0.4140776844460885,-0.12829745449789834,-0.192436136934512,-0.25659228054161215,0.45820379614574686,1.3396724617965474,0.9756571604996638,CONTROL,2.249999999999996,1790736115501169926,1790736115504063582,35285,918246000000,1790736115500979515,1,1,0,0.0008946290004132607,33,0.0,0.0,9.389086879931967e-05,0.010000000000000002,0.5069145119305074,1.6708003428627651,1.0336661920504828,-0.04871071578476053,-0.3311278810662178,-0.05800903155081906,0.45820379614574686,1.3396724617965474,0.9756571604996638,False,False,False
1790736115.5112731,RETURN,0.010102786,0.0021427290002975496,0.20451686658818513,0.3100093233525607,0.4095566116483105,-0.12729150213799217,-0.19383128713293327,-0.2516117062248858,0.20575338960132988,0.3086413047865276,0.41150971527211455,-0.1285007373908341,-0.19274104535825684,-0.2569988421627887,0.48671347880230165,1.4213730945379395,1.0050019435913573,CONTROL,2.259999999999996,1790736115511273073,1790736115513729487,35304,918257000000,1790736115511163905,1,1,0,0.0008305470000777859,31,0.0,0.0,8.8962438047404e-05,0.010000000000000002,0.5081146477515373,1.6616352607356173,1.029276154289142,-0.02140116894923558,-0.24026216619767785,-0.02427421069778476,0.48671347880230165,1.4213730945379395,1.0050019435913573,False,False,False
1790736115.5217884,RETURN,0.010516531,0.0026441709997016005,0.20343192667682697,0.3083581454135027,0.40741402262633875,-0.12843203038558493,-0.19247873492311135,-0.25453916264454146,0.20446739974687242,0.3067124206890429,0.40893776190951664,-0.12869587422454518,-0.19303373533094534,-0.2573891118324057,0.45250867208818235,1.3051443327870416,0.9560298059097732,CONTROL,2.2699999999999956,1790736115521788181,1790736115524829317,35321,918265500000,1790736115519580729,1,1,0,0.0010259780001433683,34,0.0,0.0,8.76501169684431e-05,0.010000000000000002,0.5093075869537258,1.65243151889729,1.0248579425030628,-0.056798914865543476,-0.3472871861102484,-0.06882813659328964,0.45250867208818235,1.3051443327870416,0.9560298059097732,False,False,False
1790736115.531187,RETURN,0.009397377,0.0019898680002370384,0.20193694282669927,0.3061698476542345,0.40444119161330816,-0.13124530329958187,-0.19086425431835236,-0.2611138776832149,0.20317949933345997,0.3047806709027093,0.40636198746815083,-0.12888284609881756,-0.1933141785037362,-0.2577630517504223,0.4954071688339807,1.4077010330559103,1.0039225732941883,CONTROL,2.2799999999999954,1790736115531187061,1790736115533405904,35342,918277000000,1790736115530959358,1,1,0,0.0008084359997155843,31,0.0,0.0,8.782802957432419e-05,0.010000000000000002,0.510493186746736,1.6431896674076514,1.020411816669259,-0.015086017912755321,-0.235488634351741,-0.01648924337507083,0.4954071688339807,1.4077010330559103,1.0039225732941883,False,False,False
1790736115.5411828,RETURN,0.009995582000000001,0.0019831459999295475,0.20062555692268713,0.30425039749567073,0.4018349951917073,-0.12995785328888795,-0.1927055604854179,-0.2579897853454326,0.2018897701018368,0.3028461780322437,0.40378255542783087,-0.12906163491770176,-0.193582347734122,-0.2581206257253104,0.4953905102676929,1.4004063272448637,0.9980446672743493,CONTROL,2.289999999999995,1790736115541182643,1790736115543404442,35360,918287000000,1790736115540820495,1,1,0,0.000803295999958209,31,0.0,0.0,9.530871521889599e-05,0.010000000000000002,0.5116713067184979,1.6339102650399997,1.015938043926555,-0.01628079645080507,-0.23350393779513604,-0.017893376652205764,0.4953905102676929,1.4004063272448637,0.9980446672743493,False,False,False
1790736115.55118,RETURN,0.009997095000000001,0.0019635290000223904,0.1993339510484402,0.3023253499907179,0.39927305115065925,-0.12875683640702318,-0.19176773779843773,-0.2555992346909313,0.20059829396968562,0.30090906494775627,0.4011996296222439,-0.12923222338951282,-0.1938382170859291,-0.25846179917405426,0.4807547813796225,1.3470488850604063,0.9737809419695483,CONTROL,2.299999999999995,1790736115551179778,1790736115553398181,35380,918297000000,1790736115550872434,1,1,0,0.0008244659998126735,32,0.0,0.0,9.269777232821715e-05,0.010000000000000002,0.5128418088742055,1.6245938792132757,1.0114368985372735,-0.03208702749458296,-0.27754499415286926,-0.03765595656772517,0.4807547813796225,1.3470488850604063,0.9737809419695483,False,False,False
1790736115.5611556,RETURN,0.009975384,0.0019810109997706604,0.1980469450350606,0.3004124507431962,0.39671687042047976,-0.12883933933853958,-0.19126497429683825,-0.25601673014853055,0.19930515302358429,0.2989694547726873,0.39861337422286414,-0.12939459502682982,-0.19408176182931705,-0.2587865391221499,0.4750485102432157,1.3171969757212096,0.9608500517137977,CONTROL,2.3099999999999947,1790736115561155202,1790736115563368715,35400,918307000000,1790736115560694818,1,1,0,0.0008317299998452654,32,0.0,0.0,9.65036485995713e-05,0.010000000000000002,0.5140045576742049,1.615241085921173,1.0069086618461038,-0.03895604743098922,-0.29804411019996346,-0.046058610132306145,0.4750485102432157,1.3171969757212096,0.9608500517137977,False,False,False
1790736115.5711808,RETURN,0.010025699,0.0019696599997587327,0.1967569744585811,0.29849483497255047,0.39415389460982686,-0.12907820738724296,-0.1926318268629941,-0.25634408540937836,0.1980104295109639,0.29702747087174375,0.39602395372286847,-0.12954873414649673,-0.19431295844077964,-0.25909481420360647,0.47873123198727735,1.3167804813005666,0.9596723449350386,CONTROL,2.3199999999999945,1790736115571180851,1790736115573377322,35420,918317000000,1790736115570844783,1,1,0,0.0008167009996213892,32,0.0,0.0,9.379151332395712e-05,0.010000000000000002,0.5151594200707319,1.6058524696581629,1.002353622236166,-0.03642818808345453,-0.28907198835759634,-0.04268127730112742,0.47873123198727735,1.3167804813005666,0.9596723449350386,False,False,False
1790736115.5811796,RETURN,0.009998568000000001,0.0019211980002182827,0.19546327336510938,0.2965628284180495,0.3915858474538605,-0.1296631405000794,-0.19351802852151906,-0.2574287876143912,0.19671420583206564,0.2950832368388362,0.3934315329210513,-0.12969462586962172,-0.194531784603144,-0.25938659466094516,0.4839794242884257,1.3194188941100102,0.9602601009537244,CONTROL,2.3299999999999943,1790736115581179479,1790736115583312259,35440,918327000000,1790736115580746487,1,1,0,0.0008161499999914668,32,0.0,0.0,9.177619081447418e-05,0.010000000000000002,0.516306265543494,1.5964286233424432,0.9977720750822906,-0.03232684125506829,-0.27700972923243306,-0.037511974128566244,0.4839794242884257,1.3194188941100102,0.9602601009537244,False,False,False
1790736115.5911903,RETURN,0.010010841000000001,0.0020997579999857408,0.19422753385281855,0.29472471416864376,0.38913257707855164,-0.13033841751867714,-0.19339529814785264,-0.2589003332688137,0.19541656453189818,0.2931368764850149,0.39083627690573886,-0.12983225612157734,-0.19473821920557097,-0.25966185234519945,0.4742463079440293,1.2763575988588602,0.9418283092398193,CONTROL,2.339999999999994,1790736115591190160,1790736115593583194,35459,918336500000,1790736115590955013,1,1,0,0.0008636909997221665,33,0.0,0.0,8.986246797196481e-05,0.010000000000000002,0.5174449661340752,1.5869701482358338,0.9931643227015239,-0.04319865819004592,-0.31061254937697347,-0.051336013461704556,0.4742463079440293,1.2763575988588602,0.9418283092398193,False,False,False
1790736115.6011746,RETURN,0.009984822,0.0025666540000202076,0.19292230595473203,0.29278416337807034,0.3865401951032861,-0.13058230876626375,-0.195314875169809,-0.2592224740689,0.19411758829219522,0.291188513826407,0.3882383510387045,-0.12996161163200048,-0.19493224234355477,-0.2599205607159149,0.4827383837673877,1.2909426986828965,0.9468284732863712,CONTROL,2.349999999999994,1790736115601174481,1790736115604100217,35479,918346500000,1790736115600753521,1,1,0,0.0009792589999051415,32,0.0,0.0,9.527549461653866e-05,0.010000000000000002,0.5185753964791369,1.5774776538606257,0.9885306743008788,-0.03583701271174914,-0.28653495517772914,-0.04170220101450757,0.4827383837673877,1.2909426986828965,0.9468284732863712,False,False,False
1790736115.611271,RETURN,0.010095943000000001,0.002436116999888327,0.19154621664064653,0.29072597011589796,0.3838121079526089,-0.13153588494587776,-0.19611664114124683,-0.26075285052928676,0.1928173599233729,0.2892382730721531,0.38563792093908406,-0.13008267993479294,-0.19511383531892423,-0.2601626948411507,0.5042332027911907,1.3397549545840723,0.9673686675514112,CONTROL,2.3599999999999937,1790736115611270914,1790736115613988746,35500,918357000000,1790736115611133433,1,1,0,0.0009505660000286298,31,0.0,0.0,9.14243566870042e-05,0.010000000000000002,0.5196974338424104,1.567951757913423,0.9838714459223543,-0.015464231051219732,-0.22819680332935077,-0.016502778370943157,0.5042332027911907,1.3397549545840723,0.9673686675514112,False,False,False
1790736115.6212401,RETURN,0.009969332000000001,0.002296741000009206,0.19022496450774273,0.28877573000710566,0.38119283295689455,-0.1323308030585236,-0.19343173086927593,-0.26272215930713605,0.191515962356487,0.2872862786123441,0.38303515246729003,-0.13019544936812036,-0.19528298063984076,-0.2603882313974768,0.49847542460064187,1.303978052978238,0.9534143100123236,CONTROL,2.3699999999999934,1790736115621240147,1790736115623802413,35520,918367000000,1790736115620978179,1,1,0,0.0009654640002736414,32,0.0,0.0,8.974115218695484e-05,0.010000000000000002,0.5208109581454563,1.5583930861759803,0.9791869603852393,-0.022335533544814427,-0.2544150331977423,-0.02577265037291572,0.49847542460064187,1.303978052978238,0.9534143100123236,False,False,False
1790736115.6311886,RETURN,0.009948343,0.0023571159999846714,0.188902735071518,0.28685256545924265,0.37856799256082985,-0.1314978721233689,-0.19255643069618686,-0.2609254945362008,0.19021347863519014,0.2853326550059571,0.3804302117089263,-0.13029990907441308,-0.19543966202080001,-0.2605971486699765,0.48745031780856535,1.2585109711632023,0.9329845153999691,CONTROL,2.3799999999999932,1790736115631188589,1790736115633813123,35540,918377000000,1790736115630902937,1,1,0,0.0010124819996235601,32,0.0,0.0,9.782857682625312e-05,0.010000000000000002,0.5219158519971775,1.54880227242306,0.9744775472257239,-0.03446553418861213,-0.2902913012598575,-0.04149303182575476,0.48745031780856535,1.2585109711632023,0.9329845153999691,False,False,False
1790736115.641188,RETURN,0.009999429,0.002263036999920587,0.18759676042298512,0.2849158632681865,0.3759793819945876,-0.12976977226984296,-0.1952017674878046,-0.2571013392367225,0.1889099919076893,0.2833775269687927,0.3778232649587035,-0.1303960490003658,-0.1955838643826311,-0.26078942655224513,0.48560271963363444,1.248275838382289,0.9251126630972974,CONTROL,2.389999999999993,1790736115641187949,1790736115643695220,35560,918387000000,1790736115640803679,1,1,0,0.0009566359999553242,32,0.0,0.0,9.599421271814319e-05,0.010000000000000002,0.5230120007220745,1.5391799583273538,0.9697435426338478,-0.03740928108844008,-0.2909041199450649,-0.04463087953655026,0.48560271963363444,1.248275838382289,0.9251126630972974,False,False,False
1790736115.6511974,RETURN,0.010009829000000001,0.0023278999997273786,0.18629898006488066,0.28295736275224836,0.3734085212221312,-0.13037683883087964,-0.1955796096264866,-0.25869383830984094,0.1876055854187034,0.28142101936141173,0.3752144787043538,-0.13048385989693762,-0.19571557385249677,-0.26096504654639036,0.4903713183453077,1.249887176042743,0.9255815241543491,CONTROL,2.399999999999993,1790736115651197427,1790736115653857689,35580,918397000000,1790736115650751340,1,1,0,0.0009761129999787954,32,0.0,0.0,9.34763342514364e-05,0.010000000000000002,0.5240992923872239,1.5295267933614691,0.964985289387805,-0.03372797404191614,-0.27963961731872605,-0.03940376523345595,0.4903713183453077,1.249887176042743,0.9255815241543491,False,False,False
1790736115.661172,RETURN,0.009973991,0.0024316879998877994,0.1849847037476513,0.2810098736574238,0.370799625980307,-0.13218177492347594,-0.1940522130587203,-0.2625981337691813,0.1863003425014205,0.27946325717707177,0.3726040196105462,-0.13056333331935227,-0.19583477776389388,-0.26112399176303264,0.49461534708911076,1.2431344842172298,0.9244253527192023,CONTROL,2.4099999999999926,1790736115661171819,1790736115663930338,35600,918407000000,1790736115660695334,1,1,0,0.0009825359998103522,32,0.0,0.0,9.393421608986223e-05,0.010000000000000002,0.5251776178279747,1.5198434346970298,0.9602031367856371,-0.03056227073886391,-0.2767089504797999,-0.03577778406643474,0.49461534708911076,1.2431344842172298,0.9244253527192023,False,False,False
1790736115.6712184,RETURN,0.010046580000000001,0.002258298000015202,0.18366051443121645,0.2790699707161233,0.36816986260722073,-0.13193396709346963,-0.1947954188708637,-0.2618561121732125,0.1849943465694547,0.27750436552966345,0.3699920545028,-0.1306344616270976,-0.19594146465665233,-0.2612662469213042,0.4956859342268196,1.2343633714827356,0.9194591525155099,CONTROL,2.4199999999999924,1790736115671218128,1790736115673729848,35620,918417000000,1790736115670745370,1,1,0,0.0009602230002201395,32,0.0,0.0,9.412664296840583e-05,0.010000000000000002,0.5262468706723452,1.5101305471008983,0.9553974405743354,-0.0305609364455256,-0.2757671756181627,-0.03593828805882546,0.4956859342268196,1.2343633714827356,0.9194591525155099,False,False,False
1790736115.6812706,RETURN,0.010055415,0.0034417460001350264,0.1825423432983042,0.27740864199047355,0.365952952979018,-0.13113163502759934,-0.19601544986741604,-0.2600731731306032,0.18368768110880435,0.27554446964164775,0.36737875035140133,-0.13069723798392605,-0.19603562427693605,-0.26139179834885,0.4601660651689864,1.1198094409685937,0.8681136059358825,CONTROL,2.429999999999992,1790736115681270548,1790736115685384530,35637,918425500000,1790736115680546473,1,1,0,0.0011616159999903175,34,0.0,0.0,9.622726762989367e-05,0.010000000000000002,0.5273069473641135,1.500388802828581,0.9505685628763983,-0.06714088219512715,-0.38057936185998736,-0.08245495694051581,0.4601660651689864,1.1198094409685937,0.8681136059358825,False,False,False
1790736115.6912787,RETURN,0.010004760000000001,0.0024487910000061675,0.18136303167154377,0.27563260705759784,0.36361455522421293,-0.1312588380658054,-0.19964458209553698,-0.2603590104957566,0.18238042966980866,0.2735836948319922,0.3647642742553171,-0.13075165635785435,-0.19611724757724236,-0.2615006339818271,0.4528689651447484,1.0910763108911028,0.853606094440087,CONTROL,2.439999999999992,1790736115691278594,1790736115694180595,35655,918434500000,1790736115691139990,1,1,0,0.0010360779997427016,34,0.0,0.0,9.813509471748044e-05,0.010000000000000002,0.528357747184593,1.4906188815148171,0.9457168721138556,-0.07548878203984467,-0.39954257062371434,-0.09211077767376859,0.4528689651447484,1.0910763108911028,0.853606094440087,False,False,False
1790736115.7013004,RETURN,0.010024367000000001,0.002647998999691481,0.18077050756851332,0.2747277497259928,0.36243929563648214,-0.1320246184242453,-0.20220498711920926,-0.2622285730554895,0.1810726758591054,0.2716221665041075,0.3621487934261099,-0.13079771152116398,-0.19618632671640282,-0.2615927433649055,0.3397252631837664,0.7451384984935762,0.7036687701822977,CONTROL,2.4499999999999917,1790736115701300326,1790736115704357171,35664,918439000000,1790736115697763529,1,1,0,0.0011684989999594109,39,0.0,0.0,9.239869264351111e-05,0.010000000000000002,0.5293991722730796,1.4808214700614069,0.9408427429298063,-0.18967390908931323,-0.7356829715678307,-0.23717397274750857,0.3397252631837664,0.7451384984935762,0.7036687701822977,False,False,False
1790736115.7111561,RETURN,0.009853132,0.0028564539998114924,0.17950359662537796,0.27274254020824795,0.35991922654899566,-0.13515877525458875,-0.219655357640106,-0.26859382262820525,0.17976450333158833,0.26966001013378477,0.3595324751718535,-0.13083539905040042,-0.19624285505958197,-0.2616681176512669,0.4316371204109243,1.0263842440146853,0.8193618119833295,CONTROL,2.4599999999999915,1790736115711155872,1790736115714530520,35682,918448500000,1790736115710825685,1,1,0,0.001131838999754109,35,0.0,0.0,9.44621294933451e-05,0.010000000000000002,0.5304311276459702,1.4709972625223107,0.9359465561075037,-0.09879400723504592,-0.44461301850762536,-0.11658474412417422,0.4316371204109243,1.0263842440146853,0.8193618119833295,False,False,False
1790736115.7211478,RETURN,0.009991644000000001,0.0023136639997574093,0.17789006469958135,0.27010838838015605,0.3567241512989656,-0.14666032152978703,-0.2297485471221788,-0.29088278417548513,0.17845599578236432,0.2676973512571315,0.3569154868810468,-0.13086471532637386,-0.19628682717827844,-0.2617267496026057,0.616905475236074,1.5555100057927982,1.0501469984316105,CONTROL,2.4699999999999913,1790736115721147567,1790736115723813199,35705,918460000000,1790736115720747216,1,1,0,0.0009110199998758617,29,0.0,0.0,9.128455365922628e-05,0.010000000000000002,0.5314535212145421,1.4611469599860465,0.9310286984870136,0.08545195402153184,0.09436304580675178,0.11911829994459686,0.616905475236074,1.5555100057927982,1.0501469984316105,False,False,False
1790736115.7313032,RETURN,0.010155436,0.002201520000198798,0.17604213713370154,0.267498683671227,0.3530502914802436,-0.158672225644995,-0.1987859029055241,-0.31717036273038635,0.17714723693871093,0.2657343154585089,0.35429799600652967,-0.13088565753415882,-0.19631823885032434,-0.2617686335891286,0.6463583007831056,1.559008931968796,1.0753729848693567,CONTROL,2.479999999999991,1790736115731303193,1790736115733853576,35729,918472000000,1790736115731174669,1,1,0,0.0007793400000082329,24,0.0,0.0,8.638946467324758e-05,0.010000000000000002,0.5324662638013864,1.4512712704554402,0.9260895628794971,0.11389203698171925,0.10773766151335576,0.14928342198985958,0.6463583007831056,1.559008931968796,1.0753729848693567,False,False,False
1790736115.7411892,RETURN,0.009885944,0.002384076999987883,0.17442045050178567,0.26550453030337184,0.34981395525418923,-0.14331823757719478,-0.19115422056632528,-0.28388433615262787,0.17583831055203347,0.26377102835846755,0.35168017004939683,-0.1308982236630942,-0.19633708705988556,-0.26179376558955475,0.5391707368264645,1.2395273898289345,0.9277868842187823,CONTROL,2.489999999999991,1790736115741189087,1790736115743931795,35750,918482500000,1790736115740885280,1,1,0,0.0010025640003732406,32,0.0,0.0,9.756089369917956e-05,0.010000000000000002,0.5334692691554992,1.4413709087247555,0.921129547979142,0.0057014676709653805,-0.20184351889582094,0.006657336239640212,0.5391707368264645,1.2395273898289345,0.9277868842187823,False,False,False
1790736115.751249,RETURN,0.010059674000000001,0.0024205669997172663,0.17310484664275538,0.26354084321024107,0.34722809728894743,-0.12312229983222603,-0.20286298823023768,-0.2411378086210362,0.17452930038982262,0.26180761560168525,0.3490621765429136,-0.1309024125067834,-0.1963433699974616,-0.2618021431911155,0.4612068451132843,1.0527837102334678,0.8232091299823405,CONTROL,2.4999999999999907,1790736115751248831,1790736115753967674,35770,918492500000,1790736115751132390,1,1,0,0.0010329719998480869,34,0.0,0.0,9.494835751223162e-05,0.010000000000000002,0.5344624539660174,1.4314465962542535,0.916149058272797,-0.07325560885273312,-0.3786628860207858,-0.09293992829045648,0.4612068451132843,1.0527837102334678,0.8232091299823405,False,False,False
1790736115.7611701,RETURN,0.009921231,0.00261930399983612,0.1718980256039666,0.26148779482600215,0.34486178113013244,-0.1250780285355789,-0.2014849736469957,-0.2477901545836138,0.17322029022761176,0.2598442028449029,0.3464441830364303,-0.1308982236630942,-0.1963370870598856,-0.26179376558955475,0.4672148974023619,1.0606257798599055,0.8282847112783058,CONTROL,2.5099999999999905,1790736115761169811,1790736115764171361,35790,918502500000,1790736115761043902,1,1,0,0.0010358279996580677,33,0.0,0.0,9.781942155867114e-05,0.010000000000000002,0.5354457378746019,1.421499061042219,0.9111485039473373,-0.06823084047224003,-0.36087328118231354,-0.08286379266903146,0.4672148974023619,1.0606257798599055,0.8282847112783058,False,False,False
1790736115.771198,RETURN,0.010028354000000001,0.002397953999661695,0.17050327221628958,0.25944101182531565,0.3420769918066102,-0.13943307633275406,-0.18950932041368757,-0.2795996563561797,0.17191136384093433,0.2578809157448616,0.3438263570792976,-0.13088565753415887,-0.19631823885032446,-0.2617686335891287,0.5174818266852916,1.1544665451316682,0.8871488211132046,CONTROL,2.5199999999999902,1790736115771198045,1790736115773906749,35811,918513000000,1790736115770057530,1,1,0,0.0009741700000631681,32,0.0,0.0,8.787290923277806e-05,0.010000000000000002,0.5364190434864685,1.411529037494502,0.9061283007948111,-0.018937216801176878,-0.25706249236283374,-0.018979479681606525,0.5174818266852916,1.1544665451316682,0.8871488211132046,False,False,False
1790736115.7811868,RETURN,0.00998885,0.0019227719999435067,0.16894096544395065,0.25736816917058736,0.3389509808657638,-0.1382437563071208,-0.19378639677331622,-0.27445723964632285,0.1706026049972808,0.25591787994623877,0.3412088662047802,-0.13086471532637386,-0.19628682717827844,-0.2617267496026057,0.5552642835204337,1.2544444769896113,0.9263625864834446,CONTROL,2.52999999999999,1790736115781186885,1790736115783360382,35833,918524000000,1790736115780918695,1,1,0,0.0007583399997201923,29,0.0,0.0,9.579014352830348e-05,0.010000000000000002,0.5373822963800652,1.4015372662916177,0.9010888701154076,0.017881987140368535,-0.14709278930200642,0.025273716368036936,0.5552642835204337,1.2544444769896113,0.9263625864834446,False,False,False
1790736115.7912436,RETURN,0.010056187000000001,0.0019645710003715067,0.1674814299596319,0.2551906596732456,0.33607078562841997,-0.12787690598179138,-0.1994394264644671,-0.2518619339036263,0.16929409744805676,0.25395522106958546,0.33859187791397344,-0.1308353990504004,-0.19624285505958194,-0.26166811765126685,0.543875868784899,1.234522052518626,0.9045643783687517,CONTROL,2.53999999999999,1790736115791243613,1790736115793450134,35855,918535000000,1790736115791140948,1,1,0,0.0007976549995873938,29,0.0,0.0,9.891024327838367e-05,0.010000000000000002,0.538335425115392,1.3915244942534537,0.8960306386182956,0.005540443669507008,-0.15700244173482772,0.008533739750456175,0.543875868784899,1.234522052518626,0.9045643783687517,False,False,False
1790736115.8011353,RETURN,0.009891625000000001,0.0019854700003634207,0.16620707703382376,0.25323910422035834,0.3335552060617526,-0.12985266572937762,-0.18752148510423455,-0.2581693264474053,0.16798592492053988,0.251993064699263,0.33597555965971737,-0.13079771152116398,-0.19618632671640285,-0.26159274336490557,0.5015448971333727,1.0790995400918137,0.8444652390651606,CONTROL,2.5499999999999896,1790736115801135118,1790736115803341578,35875,918545000000,1790736115800695483,1,1,0,0.0008526689998689108,33,0.0,0.0,8.886981165195152e-05,0.010000000000000002,0.5392783612409751,1.3814914742016369,0.8909540383203741,-0.03773346410760241,-0.302391934109823,-0.046488799255213556,0.5015448971333727,1.0790995400918137,0.8444652390651606,False,False,False
1790736115.8111808,RETURN,0.010045737,0.0020773950000148034,0.16483713386800236,0.25129963309080505,0.3308232430131386,-0.1292212010330986,-0.1868032685924108,-0.25743606502572935,0.1666781711098366,0.2500315363713783,0.3333600788305101,-0.13075165635785446,-0.19611724757724253,-0.2615006339818273,0.49851593148376677,1.057056149958506,0.8350395033115272,CONTROL,2.5599999999999894,1790736115811180865,1790736115813505951,35896,918555500000,1790736115810802657,1,1,0,0.0008760040000197478,32,0.0,0.0,9.896298473929535e-05,0.010000000000000002,0.5402110392994878,1.3714389648195848,0.8858595064429762,-0.041695107815721014,-0.3143828148610788,-0.05082000313144896,0.49851593148376677,1.057056149958506,0.8350395033115272,False,False,False
1790736115.8212132,RETURN,0.010032302,0.002034582999840495,0.16350012717168827,0.24930023935385837,0.32816592381003273,-0.12548260655305232,-0.19408779503856222,-0.24876368931523649,0.1653709196708409,0.2480707615617227,0.3307456027344259,-0.130697237983926,-0.19603562427693597,-0.2613917983488499,0.5140440016892825,1.1066153211287042,0.8487785194872273,CONTROL,2.569999999999989,1790736115821213107,1790736115823471556,35917,918566000000,1790736115820991326,1,1,0,0.0008628390000922082,31,0.0,0.0,9.432904041293947e-05,0.010000000000000002,0.5411333968320284,1.3613677305103429,0.8807474853065979,-0.027089395142745897,-0.25475240938163873,-0.03196896581937053,0.5140440016892825,1.1066153211287042,0.8487785194872273,False,False,False
1790736115.8311803,RETURN,0.009967048000000001,0.002027540000199224,0.16224271692938697,0.2473558691576967,0.32567958265522234,-0.12777109887794819,-0.19130160543095498,-0.2530737146427201,0.1640642542101905,0.246110865673707,0.3281322985830272,-0.1306344616270977,-0.19594146465665244,-0.26126624692130435,0.5122346337646093,1.080386676751473,0.8389949982160316,CONTROL,2.579999999999989,1790736115831180235,1790736115833433684,35937,918576000000,1790736115830728788,1,1,0,0.0008504050001647556,32,0.0,0.0,9.019928658469763e-05,0.010000000000000002,0.5420453743810576,1.3512785412521973,0.8756184222236654,-0.029810740616448297,-0.27089186450072444,-0.03662342400763372,0.5122346337646093,1.080386676751473,0.8389949982160316,False,False,False
1790736115.8412547,RETURN,0.010076476000000001,0.0022123809999357036,0.16107687689213446,0.24566051603068484,0.3233655639327071,-0.13025803460394103,-0.18698111566735287,-0.2591434289963612,0.16275825827822468,0.24415197402629862,0.3255203334752809,-0.1305633333193523,-0.1958347777638939,-0.2611239917630327,0.4815976171937236,0.9657774186721318,0.7936203766124563,CONTROL,2.5899999999999888,1790736115841254717,1790736115843923856,35955,918585000000,1790736115839626976,1,1,0,0.0008847610001794237,34,0.0,0.0,9.27670351074997e-05,0.010000000000000002,0.5429469154920027,1.3411721724521608,0.8704727693894226,-0.06134929829827909,-0.37539475378002896,-0.07685239277696637,0.4815976171937236,0.9657774186721318,0.7936203766124563,False,False,False
1790736115.8511782,RETURN,0.009921231,0.0018753310000647616,0.15958096389022725,0.24349539812252896,0.32039177547968967,-0.1281989052474686,-0.19368235881445467,-0.2541615581552822,0.16145301536094175,0.24219421184195866,0.3229098743814732,-0.13048385989693773,-0.19571557385249694,-0.2609650465463906,0.5282554255558272,1.1039529606581389,0.8477533843375072,CONTROL,2.5999999999999885,1790736115851177942,1790736115853258523,35978,918596500000,1790736115850893361,1,1,0,0.0007663950000278419,30,0.0,0.0,9.658966459742612e-05,0.010000000000000002,0.5438379667135329,1.3310494047973782,0.865310983770976,-0.015582541157705751,-0.22709644413923935,-0.017557599433468768,0.5282554255558272,1.1039529606581389,0.8477533843375072,False,False,False
1790736115.8611896,RETURN,0.010011893000000001,0.002031598000030499,0.15830365209369912,0.2415446911627912,0.31786211414737364,-0.12831571737164713,-0.19278091423603672,-0.2546997303366342,0.1601486088719559,0.24023770423457774,0.32030108812712366,-0.13039604900036592,-0.19558386438263123,-0.26078942655224535,0.5265235010393685,1.0856990865719776,0.8393289186801707,CONTROL,2.6099999999999883,1790736115861189474,1790736115863490053,35998,918606500000,1790736115860827587,1,1,0,0.0008047480000641372,31,0.0,0.0,9.614459834859634e-05,0.010000000000000002,0.5447184775965135,1.3209110241044772,0.8601335269945433,-0.018194976557144985,-0.2352119375324996,-0.02080460831437254,0.5265235010393685,1.0856990865719776,0.8393289186801707,False,False,False
1790736115.8712676,RETURN,0.010077728000000001,0.0027259869998488284,0.1570082621652764,0.2396504724678321,0.3152909789245988,-0.1303209584451434,-0.18685074123633208,-0.25890094113702383,0.15884512214445512,0.2382825761974134,0.31769414137690094,-0.13029990907441316,-0.19543966202080013,-0.2605971486699767,0.5082478209286795,1.0058800976463043,0.8084528501013255,CONTROL,2.619999999999988,1790736115871267263,1790736115874455467,36018,918616500000,1790736115870982622,1,1,0,0.0010843090003618272,33,0.0,0.0,8.870572300280464e-05,0.010000000000000002,0.5455884006916523,1.3107578211669655,0.8549408652309752,-0.03734057976297279,-0.30487772352066134,-0.04648801512964978,0.5082478209286795,1.0058800976463043,0.8084528501013255,False,False,False
1790736115.8812268,RETURN,0.009959374,0.0021681069997612212,0.1558404571001626,0.2379683340087686,0.3129711667639543,-0.12775116740408626,-0.1897373463971791,-0.2537875575045232,0.1575426384231582,0.23632895259102626,0.31508920061853707,-0.1301954493681206,-0.19528298063984115,-0.2603882313974773,0.47852664235172165,0.9112069647783582,0.764066165624464,CONTROL,2.629999999999988,1790736115881226776,1790736115883693862,36036,918625500000,1790736115880963847,1,1,0,0.000931999999920663,34,0.0,0.0,9.577802197244316e-05,0.010000000000000002,0.5464476915458406,1.3005905916006981,0.8497334690795898,-0.06792104919411897,-0.38938362682233996,-0.08566730345512574,0.47852664235172165,0.9112069647783582,0.764066165624464,False,False,False
1790736115.891166,RETURN,0.009939335,0.0020056590001331642,0.154581750733068,0.2360263378552423,0.3104718313507262,-0.12501041367509988,-0.1983850750102766,-0.24838566126816236,0.15624124085627222,0.23437695813121717,0.31248643214674293,-0.13008267993479325,-0.1951138353189247,-0.2601626948411513,0.49894411526031207,0.9774853778529276,0.7858692787326391,CONTROL,2.6399999999999877,1790736115891165841,1790736115893413660,36056,918635500000,1790736115890694045,1,1,0,0.0008401449999837496,33,0.0,0.0,8.79507985655752e-05,0.010000000000000002,0.5472963086971994,1.2904101356874729,0.8445118134503765,-0.0483521934368873,-0.3129247578345453,-0.05864253471773743,0.49894411526031207,0.9774853778529276,0.7858692787326391,False,False,False
1790736115.901217,RETURN,0.010050356,0.0019435409999459807,0.15324504784347592,0.23394652461876486,0.3078127515149087,-0.13119874966249287,-0.1944168007135595,-0.26166240004227487,0.1549410124874499,0.23242671737696335,0.3098860020471225,-0.1299616116320008,-0.19493224234355527,-0.25992056071591557,0.5342203209971426,1.0575375503959656,0.8260879669589489,CONTROL,2.6499999999999875,1790736115901216698,1790736115903389024,36077,918646000000,1790736115901112571,1,1,0,0.0008050989999901503,31,0.0,0.0,9.221764217029889e-05,0.010000000000000002,0.5481342136688535,1.2802172582168456,0.8392763774446365,-0.013913892671710911,-0.22267970782087995,-0.013188410485687531,0.5342203209971426,1.0575375503959656,0.8260879669589489,False,False,False
1790736115.911165,RETURN,0.009948633,0.002022300999669824,0.15198189452628075,0.23212593468139264,0.30529237320785496,-0.13284534755971586,-0.1902290066625478,-0.26497613718601654,0.15364203624774703,0.23047835471835554,0.30728807618008835,-0.1298322561215775,-0.1947382192055712,-0.25966185234519973,0.5164989860989696,0.9821049461078278,0.7961298089057351,CONTROL,2.6599999999999873,1790736115911165001,1790736115913441714,36096,918655500000,1790736115910716409,1,1,0,0.0008440130000053614,33,0.0,0.0,9.096021004146264e-05,0.010000000000000002,0.5489613709614276,1.2700127683261762,0.8340276442340965,-0.03246238486245803,-0.2879078222183483,-0.037897835328361384,0.5164989860989696,0.9821049461078278,0.7961298089057351,False,False,False
1790736115.9212213,RETURN,0.010055917000000001,0.0021133840000402415,0.1506079043563533,0.23011098915120076,0.3025568094114397,-0.1279396409141485,-0.19570504884092996,-0.254186541074659,0.1523443949475796,0.22853199436453425,0.3046928201647759,-0.12969462586962197,-0.19453178460314435,-0.2593865946609456,0.5230140200152881,1.0029637049299032,0.797719667611916,CONTROL,2.669999999999987,1790736115921221208,1790736115923583454,36117,918666000000,1790736115921116038,1,1,0,0.0008224819998758903,32,0.0,0.0,9.007227109049584e-05,0.010000000000000002,0.5497777480442905,1.2597974793390034,0.8287661009385685,-0.026763728029002416,-0.2568337744091002,-0.031046433326652488,0.5230140200152881,1.0029637049299032,0.797719667611916,False,False,False
1790736115.9311855,RETURN,0.009964573000000001,0.001996121000047424,0.14939615864933753,0.22825086976400133,0.30014950741842794,-0.12869481159705748,-0.19351580069444183,-0.25621974280183857,0.15104817126868128,0.2265877603316266,0.3021003993629586,-0.12954873414649704,-0.19431295844078011,-0.2590948142036071,0.5088756534446255,0.9449932583948462,0.7733960137262473,CONTROL,2.679999999999987,1790736115931185491,1790736115933411739,36136,918675500000,1790736115930739203,1,1,0,0.0008420290000685782,33,0.0,0.0,9.288794187791066e-05,0.010000000000000002,0.5505833153455563,1.2495722086017942,0.8234922385022079,-0.0417076619009308,-0.3045789502069481,-0.05009622477596059,0.5088756534446255,0.9449932583948462,0.7733960137262473,False,False,False
1790736115.9411812,RETURN,0.009995422,0.002014114999838057,0.148097818339763,0.22633058570753928,0.2975627325939416,-0.13036103298521792,-0.19198179646200578,-0.25984616031438545,0.14975344775606092,0.22464577643068318,0.2995109788629631,-0.12939459502683012,-0.19408176182931752,-0.2587865391221505,0.5126999086749002,0.9393210520839548,0.7723586151722901,CONTROL,2.6899999999999866,1790736115941181193,1790736115943446465,36156,918685500000,1790736115940826149,1,1,0,0.0008390540001528279,33,0.0,0.0,8.987523900195015e-05,0.010000000000000002,0.5513780462408541,1.23933777731913,0.8182065515684245,-0.03867813756595382,-0.30001672523517536,-0.04584793639613439,0.5126999086749002,0.9393210520839548,0.7723586151722901,False,False,False
1790736115.9511511,RETURN,0.009970324000000001,0.0020811119998143113,0.14679682813040618,0.22439958925222658,0.29497155671837616,-0.1291293665210888,-0.19493717478523734,-0.25702684711784585,0.14846030680995956,0.22270616625561407,0.2969247234635831,-0.12923222338951293,-0.19383821708592933,-0.25846179917405454,0.5214189368913767,0.9582155262443899,0.7772961018137843,CONTROL,2.6999999999999864,1790736115951151207,1790736115953492443,36176,918695500000,1790736115950682938,1,1,0,0.0008767149997765955,32,0.0,0.0,9.625066326245701e-05,0.010000000000000002,0.5521619170408898,1.2290950103873917,0.8129095383535077,-0.030742980149512992,-0.2708794841430018,-0.03561343653972338,0.5214189368913767,0.9582155262443899,0.7772961018137843,False,False,False
1790736115.9612148,RETURN,0.010063131000000001,0.002054431000033219,0.14544158283151543,0.22235034729280212,0.29227594412115954,-0.12964078090466138,-0.1941187472714761,-0.2579742351925296,0.14716883067780828,0.2207690531711266,0.29434179765799606,-0.12906163491770206,-0.19358234773412247,-0.258120625725311,0.5362455230663848,0.9889655456219903,0.790105277273963,CONTROL,2.709999999999986,1790736115961214598,1790736115963501621,36197,918706000000,1790736115961104459,1,1,0,0.0008447750001323584,31,0.0,0.0,9.681510541304105e-05,0.010000000000000002,0.552934906977805,1.218844736227012,0.8076017005190306,-0.01668938391142015,-0.22987919060502177,-0.017496423245067616,0.5362455230663848,0.9889655456219903,0.790105277273963,False,False,False
1790736115.9713461,RETURN,0.010131260000000001,0.002154601999791339,0.14413848864704892,0.220428714073301,0.2896834550167777,-0.13059310512307987,-0.19015429381265894,-0.259990418580631,0.1458791014461852,0.21883456030066106,0.2917623656176763,-0.12888284609881792,-0.19331417850373672,-0.257763051750423,0.5270826139494189,0.9419275004819857,0.7714351410269312,CONTROL,2.719999999999986,1790736115971345868,1790736115973778778,36217,918716000000,1790736115971207465,1,1,0,0.0009085759998015419,32,0.0,0.0,9.656696888305507e-05,0.010000000000000002,0.5536969981903554,1.2085877866133443,0.8022835430430779,-0.02661438424093659,-0.2666602861313586,-0.030848402016146685,0.5270826139494189,0.9419275004819857,0.7714351410269312,False,False,False
1790736115.9812171,RETURN,0.009870965,0.0020093550001547555,0.14284084499687477,0.2185295510776628,0.2871006274911241,-0.12806178544506824,-0.19132606378805195,-0.25492928261191505,0.1445912010327726,0.21690281051432725,0.2891865911763101,-0.12869587422454545,-0.19303373533094573,-0.2573891118324062,0.5180647212754833,0.907136200026462,0.7533484685543675,CONTROL,2.7299999999999858,1790736115981216904,1790736115983456627,36237,918726000000,1790736115980997256,1,1,0,0.0008435720001216396,33,0.0,0.0,8.850279720278813e-05,0.010000000000000002,0.5544481757079285,1.1983249965062286,0.7969555740903729,-0.03638345443244518,-0.29118879647976664,-0.043607105536005365,0.5180647212754833,0.907136200026462,0.7533484685543675,False,False,False
1790736115.99118,RETURN,0.009962981000000001,0.001966725000329461,0.14157053143163534,0.21660545896390904,0.28457248157678405,-0.12667423494959906,-0.19294733292562652,-0.25229842010250186,0.14330521117831513,0.2149739264168425,0.28661463781371227,-0.12850073739083448,-0.19274104535825742,-0.25699884216278945,0.5193168949301018,0.9032673711077811,0.7489905933086116,CONTROL,2.7399999999999856,1790736115991179884,1790736115993388408,36257,918736000000,1790736115990947572,1,1,0,0.0008204490000025544,32,0.0,0.0,9.911157795972669e-05,0.010000000000000002,0.5551884274334101,1.1880572038783135,0.7916183048813571,-0.0358715325033083,-0.2847898327705324,-0.042627711572745454,0.5193168949301018,0.9032673711077811,0.7489905933086116,False,False,False
1790736116.0011857,RETURN,0.010005781,0.0020296140000937157,0.1403609709145046,0.21477866889183606,0.28216320852192345,-0.12833607327834998,-0.19102769834891525,-0.2559030276819002,0.1420212134385762,0.21304803033546665,0.28404666863973865,-0.1282974544978987,-0.19243613693451256,-0.2565922805416129,0.5113460223752118,0.862043541561867,0.7325139262274456,CONTROL,2.7499999999999853,1790736116001185555,1790736116003471145,36273,918745500000,1790736116000773833,1,1,0,0.0008333920000040962,33,0.0,0.0,9.528037406048935e-05,0.010000000000000002,0.5559177441249264,1.177785249542188,0.7862722495602811,-0.04457172174971466,-0.3157417079803211,-0.0537583233328355,0.5113460223752118,0.862043541561867,0.7325139262274456,False,False,False
1790736116.0111532,RETURN,0.0099679,0.0019552029998521903,0.13907308528272022,0.21286803361218443,0.2795950598363741,-0.1284154506435055,-0.19245969780114092,-0.2561150320823622,0.1407392891762958,0.21112524430793939,0.2814828463782023,-0.12808604525021666,-0.19211903961488622,-0.25616946637743,0.5206752735289845,0.8793341753019763,0.738710922679033,CONTROL,2.759999999999985,1790736116011153274,1790736116013331501,36293,918755500000,1790736116010660879,1,1,0,0.0008278919999611389,33,0.0,0.0,8.806318409149861e-05,0.010000000000000002,0.5566361193764764,1.167509976976398,0.7809179250623695,-0.03596084584749193,-0.28817580167442164,-0.04220700238333638,0.5206752735289845,0.8793341753019763,0.738710922679033,False,False,False
1790736116.0211895,RETURN,0.010036390000000001,0.0019666550001602445,0.1377905009540834,0.2109346428726484,0.27703863066371204,-0.12816782015026074,-0.19364437536455803,-0.2555020130317469,0.13945951955314798,0.20920569007041762,0.27892333335078867,-0.12786653015653085,-0.1917897841608865,-0.25573044068730555,0.5296900404347247,0.8961008150503573,0.7441617914383296,CONTROL,2.769999999999985,1790736116021189404,1790736116023394772,36313,918765500000,1790736116020606998,1,1,0,0.0008147270000335993,32,0.0,0.0,9.560843449476402e-05,0.010000000000000002,0.5573435495974712,1.1572322321504211,0.7755558509801256,-0.027653509162746604,-0.2611314171000638,-0.03139405954179599,0.5296900404347247,0.8961008150503573,0.7441617914383296,False,False,False
1790736116.0312161,RETURN,0.01002626,0.0019671360000756977,0.1364395579964972,0.2089113233380795,0.2743465442295263,-0.12928997178349316,-0.19118554992763823,-0.2577371501877293,0.13818198552169791,0.20728948904541095,0.2763682914609696,-0.12763893052984857,-0.19144840254035567,-0.25527524609681757,0.5417396927337693,0.9157135104749737,0.7534139845197382,CONTROL,2.7799999999999847,1790736116031216226,1790736116033417255,36332,918776000000,1790736116031004283,1,1,0,0.0008211489998757315,31,0.0,0.0,9.919224507255632e-05,0.010000000000000002,0.5580400339912104,1.1469528633486414,0.7701865494288286,-0.01630034125744102,-0.2312393528736677,-0.016772564909090446,0.5417396927337693,0.9157135104749737,0.7534139845197382,False,False,False
1790736116.0412064,RETURN,0.009990222,0.0019328210000821855,0.13514220061316795,0.207015838841337,0.2717649541722351,-0.1292085438966727,-0.18861758661731698,-0.25703086988923796,0.13690676781735944,0.20537676232971902,0.2738178821779186,-0.12740326848744155,-0.19109492792746963,-0.25480392684005626,0.5327336784179759,0.8713238862036501,0.7341571260113673,CONTROL,2.7899999999999845,1790736116041206277,1790736116043354677,36352,918786000000,1790736116040982813,1,1,0,0.0008149280001816805,32,0.0,0.0,9.718900373100652e-05,0.010000000000000002,0.5587255745323046,1.1366727209934135,0.7648105449112906,-0.025991896114328693,-0.2653488347897635,-0.030653418899923315,0.5327336784179759,0.8713238862036501,0.7341571260113673,False,False,False
1790736116.0512214,RETURN,0.01001497,0.001974418999907357,0.13386501286159547,0.20512546852295,0.2692234559218245,-0.1257832492461331,-0.19045965867968298,-0.25070581333061304,0.13563394695035247,0.20346763068236845,0.2712722665204262,-0.1271595669508458,-0.1907293947027379,-0.2543165287596242,0.5237182542022659,0.8394601025863764,0.7165890875203812,CONTROL,2.7999999999999843,1790736116051221277,1790736116053428147,36372,918796000000,1790736116050974257,1,1,0,0.0008344150000993977,33,0.0,0.0,8.84459146023488e-05,0.010000000000000002,0.5594001759430707,1.1263926574672647,0.7594283641819339,-0.035681921740804784,-0.28693255488088826,-0.04283927666155273,0.5237182542022659,0.8394601025863764,0.7165890875203812,False,False,False
1790736116.0611842,RETURN,0.009962559000000001,0.002219464999598131,0.1326142674364048,0.20321690565157713,0.26672822557028963,-0.12534643910326457,-0.19036388661969503,-0.250444899775221,0.13436360319765991,0.2015622145125484,0.2687316050408135,-0.12690784964586177,-0.19035183845300352,-0.2538130993066361,0.5240301443755251,0.8300527137629177,0.7115255467568845,CONTROL,2.809999999999984,1790736116061183886,1790736116063723188,36392,918806000000,1790736116060928962,1,1,0,0.0009681880001153331,33,0.0,0.0,8.806562783059623e-05,0.010000000000000002,0.5600638456689245,1.1161135269343143,0.7540405361102479,-0.03603370129339942,-0.28606081317139664,-0.04251498935336342,0.5240301443755251,0.8300527137629177,0.7115255467568845,False,False,False
1790736116.0711808,RETURN,0.009996825,0.001969540000118286,0.1313526672108276,0.20132303193404955,0.26420732456040197,-0.1268923463577772,-0.18849095027941637,-0.2536455946735596,0.13309581659498576,0.19966063386754862,0.2661960578088488,-0.1266481411025544,-0.1899622959714434,-0.25329368754071935,0.5281503712305066,0.8259464758620925,0.7107974428989885,CONTROL,2.819999999999984,1790736116071180731,1790736116073365009,36412,918816000000,1790736116070900128,1,1,0,0.0008116220001284091,32,0.0,0.0,9.970724080862888e-05,0.010000000000000002,0.5607165938527862,1.1058361851609666,0.7486475915436916,-0.03256622262227956,-0.2798897092988742,-0.037850148644703166,0.5281503712305066,0.8259464758620925,0.7107974428989885,False,False,False
1790736116.081181,RETURN,0.010000321000000001,0.0019619759996203356,0.13008320239819948,0.19943923455868617,0.26167156740431485,-0.12620403557241114,-0.18910357374999037,-0.25208290940295003,0.13183066692871145,0.19776300842069455,0.26366578439566035,-0.1263804666552526,-0.18956080525756736,-0.25275834413001275,0.530160111573284,0.8209186382720832,0.706923141263555,CONTROL,2.8299999999999836,1790736116081181052,1790736116083377253,36432,918826000000,1790736116080871845,1,1,0,0.0008075730002019554,32,0.0,0.0,9.811502515668342e-05,0.010000000000000002,0.5613584333085248,1.0955614893359427,0.7432500631700962,-0.031198321735240755,-0.27464285106385944,-0.03632692190654114,0.530160111573284,0.8209186382720832,0.706923141263555,False,False,False
1790736116.0911858,RETURN,0.01000497,0.001915918000122474,0.12882636429704153,0.1975447550204672,0.2591625129907196,-0.12530583063795625,-0.1894884755342935,-0.25028738380340526,0.13056823372785473,0.1958694574592862,0.26114094385765435,-0.12610485244255076,-0.18914740551722053,-0.25220712135116946,0.5306184086081726,0.8118978509512758,0.7011979437378312,CONTROL,2.8399999999999834,1790736116091185782,1790736116093310447,36452,918836000000,1790736116090803085,1,1,0,0.0008018329999686102,32,0.0,0.0,9.806866458103096e-05,0.010000000000000002,0.5619893794934631,1.0852902978897356,0.7378484853796408,-0.03137097088529053,-0.27339244693845993,-0.03665054164180955,0.5306184086081726,0.8118978509512758,0.7011979437378312,False,False,False
1790736116.101181,RETURN,0.009994871,0.001991673000247829,0.12757192063000478,0.1956560831632297,0.2566570964452999,-0.12571663762093693,-0.18803900452606404,-0.2512936159349951,0.12930859625602514,0.19398009987253212,0.258621694720426,-0.12582132540730664,-0.18872213716258016,-0.2516400730893532,0.5305329404115638,0.7974333346147622,0.6949773059183938,CONTROL,2.849999999999983,1790736116101180903,1790736116103387263,36472,918846000000,1790736116100822643,1,1,0,0.0008261989996753982,32,0.0,0.0,9.935325667738792e-05,0.010000000000000002,0.5626094504799717,1.0750234703135186,0.732443394126443,-0.032076510068407886,-0.27759013569875646,-0.03746608820804915,0.5305329404115638,0.7974333346147622,0.6949773059183938,False,False,False
1790736116.111179,RETURN,0.009998118,0.002016389000345953,0.12631294441136287,0.19378156088251774,0.25414245573637606,-0.12550520898936549,-0.18757535650548313,-0.2507619378151413,0.1280518335033827,0.1920950541394879,0.256108194962677,-0.12552991329664273,-0.18828504181215747,-0.2510572548382403,0.5307798568955788,0.7852815764745207,0.6888234066997447,CONTROL,2.859999999999983,1790736116111179031,1790736116113435025,36492,918856000000,1790736116110786275,1,1,0,0.0008780480002315016,32,0.0,0.0,9.985629761623221e-05,0.010000000000000002,0.5632186669261634,1.0647618669776102,0.7270353267898503,-0.03243881003058455,-0.2794802905030896,-0.03821192009010551,0.5307798568955788,0.7852815764745207,0.6888234066997447,False,False,False
1790736116.121183,RETURN,0.010003657000000001,0.0020993969997107342,0.12506327347887147,0.19190261387440533,0.2516454949733613,-0.12428830781663289,-0.18835398227472994,-0.24859943672129736,0.12679802417859506,0.1902144383169928,0.25360060200013024,-0.1252306446619462,-0.18783616229079791,-0.2504587237000203,0.5317198902512378,0.7790389220978571,0.6841137215325725,CONTROL,2.869999999999983,1790736116121182748,1790736116123610809,36512,918866000000,1790736116120782217,1,1,0,0.000804257000254438,32,0.0,0.0,9.874713718300234e-05,0.010000000000000002,0.5638170520457234,1.0545063489495399,0.7216248220354718,-0.03209716179448561,-0.27546742685168285,-0.037511100502899276,0.5317198902512378,0.7790389220978571,0.6841137215325725,False,False,False
1790736116.1311798,RETURN,0.009997065000000001,0.0019578569999794126,0.12382110583757022,0.19002209621757604,0.2491605620808488,-0.12442599451487289,-0.18734454559356595,-0.24912160213274942,0.1255472467007945,0.18833837002760534,0.25109907266944353,-0.12492354885886844,-0.18737554262968023,-0.24984453838539453,0.5326447745073992,0.7689087530348477,0.6793789386555499,CONTROL,2.8799999999999826,1790736116131179713,1790736116133366947,36532,918876000000,1790736116130812746,1,1,0,0.0008217300000978867,32,0.0,0.0,9.905923606980575e-05,0.010000000000000002,0.564404631576898,1.044257777811786,0.7162124196760242,-0.031759857069498784,-0.2753490247769384,-0.036833481020474394,0.5326447745073992,0.7689087530348477,0.6793789386555499,False,False,False
1790736116.1411805,RETURN,0.010000572000000001,0.0019566760001907824,0.12257236609112976,0.1881573498319371,0.24666418190048622,-0.12482641969922752,-0.18614234863123016,-0.24950337498818592,0.12429957919153534,0.1864669664475408,0.24860376321212513,-0.1246086560473254,-0.18690322806631698,-0.24921475921357694,0.5326985090825664,0.7540260571110458,0.6725951616582014,CONTROL,2.8899999999999824,1790736116141180325,1790736116143354444,36552,918886000000,1790736116140809711,1,1,0,0.0008313690000250062,33,0.0,0.0,8.802863097877909e-05,0.010000000000000002,0.5649814337506568,1.0340170154792407,0.7107986605320407,-0.032282924668090296,-0.27999095836819504,-0.03820349887383918,0.5326985090825664,0.7540260571110458,0.6725951616582014,False,False,False
1790736116.1511798,RETURN,0.009999580000000001,0.001920897999752924,0.12132978674482953,0.18629310990354053,0.24418006667245384,-0.12327642206550074,-0.18718555747361226,-0.24681046081577068,0.12305509946675172,0.1846003442946078,0.24611482925844907,-0.1242859971914971,-0.18641926504455397,-0.24856944811229328,0.5340425381754681,0.7499816486290624,0.6685684889081306,CONTROL,2.899999999999982,1790736116151179835,1790736116153315541,36572,918896000000,1790736116150822246,1,1,0,0.0008075340001596487,32,0.0,0.0,9.956190434290776e-05,0.010000000000000002,0.5655474892580634,1.0237849240164891,0.7053840862925174,-0.03150495108259538,-0.27380327538742677,-0.0368155973843868,0.5340425381754681,0.7499816486290624,0.6685684889081306,False,False,False
1790736116.1612294,RETURN,0.010049374,0.0024654320000081498,0.1200999070688793,0.18442259061267574,0.24171640906800418,-0.12312442585165964,-0.18632822780237432,-0.24691497993639847,0.12181388502871424,0.18273861981614448,0.2436324258113688,-0.12395560405982842,-0.1859237012145712,-0.24790866861778238,0.5346711908059061,0.7399929381516346,0.6636850189367399,CONTROL,2.909999999999982,1790736116161229299,1790736116164226361,36592,918906000000,1790736116161073003,1,1,0,0.000816310000118392,32,0.0,0.0,9.892924585905573e-05,0.010000000000000002,0.5661028312168769,1.0135623654549433,0.6999692393755412,-0.03143164041097085,-0.27356942730330874,-0.03628422043880131,0.5346711908059061,0.7399929381516346,0.6636850189367399,False,False,False
1790736116.1711874,RETURN,0.009958001000000001,0.0022332410003400582,0.11886375433378493,0.18256956032278726,0.2392409137064564,-0.12371612100060704,-0.1847101415986145,-0.24771081909365725,0.12057601305798837,0.18088190877695626,0.24115670723043398,-0.12361750922502841,-0.1854165854328821,-0.24723248587479515,0.5343481062130139,0.7234850033215481,0.6565045108108116,CONTROL,2.9199999999999817,1790736116171187110,1790736116173657772,36612,918916000000,1790736116170829601,1,1,0,0.0009623679998185253,33,0.0,0.0,8.834382337646832e-05,0.010000000000000002,0.5666474951374032,1.0033502016099107,0.6945546627889722,-0.03229938892438934,-0.2798651982883627,-0.03805015197816051,0.5343481062130139,0.7234850033215481,0.6565045108108116,False,False,False
1790736116.1811879,RETURN,0.010000752,0.002225856999757525,0.11763185484766847,0.18072064768635787,0.23677416178641186,-0.1221285205398337,-0.18572661202262114,-0.244885995724654,0.11934156040539043,0.1790303264472507,0.23868782721570275,-0.12327174606407042,-0.18489796776233342,-0.24654096663659433,0.535568237749056,0.7190308998948695,0.6522715987189892,CONTROL,2.9299999999999815,1790736116181187842,1790736116183651060,36632,918926000000,1790736116180830243,1,1,0,0.0009382210000694613,32,0.0,0.0,9.993574195677163e-05,0.010000000000000002,0.5671815188876291,0.9931492938976445,0.6891408999912223,-0.03161328113857313,-0.27411839400277505,-0.036869301272233125,0.535568237749056,0.7190308998948695,0.6522715987189892,False,False,False
1790736116.1911864,RETURN,0.009998629,0.00221853299990471,0.11641449609777066,0.17886361961911756,0.23433206955352182,-0.12178177262144534,-0.18507462989395848,-0.24456754868296487,0.11811060358394598,0.1771839875905758,0.23622593879165876,-0.1229183487581928,-0.1843678994721066,-0.24583417926495643,0.5362874132132954,0.7099109582786147,0.6475037871647914,CONTROL,2.9399999999999813,1790736116191186490,1790736116193649909,36652,918936000000,1790736116190829913,1,1,0,0.0009470290001445392,32,0.0,0.0,9.902984634700187e-05,0.010000000000000002,0.5677049426576589,0.9829605031524619,0.6837284947522085,-0.03141752944436351,-0.27304954487384714,-0.03622470758741714,0.5362874132132954,0.7099109582786147,0.6475037871647914,False,False,False
1790736116.2011893,RETURN,0.010002625000000001,0.0022503529999085004,0.11519400997105844,0.17702168970812426,0.2318813743790087,-0.12213738713627915,-0.18352373408158834,-0.24536963883949928,0.11688321876084734,0.17534300645175654,0.2337711942911262,-0.12255735229289771,-0.18382643303771576,-0.24511219373016907,0.5359504871728703,0.6948799104903547,0.6410251556543298,CONTROL,2.949999999999981,1790736116201189146,1790736116203669967,36672,918946000000,1790736116200830665,1,1,0,0.000968369000020175,33,0.0,0.0,8.810194380547755e-05,0.010000000000000002,0.5682178089234814,0.9727846894439706,0.6783179910145218,-0.032267321750611054,-0.2779047789536159,-0.037292835360192046,0.5359504871728703,0.6948799104903547,0.6410251556543298,False,False,False
1790736116.2111883,RETURN,0.009998999000000001,0.0022682580001855968,0.11397560899809722,0.17518753258207465,0.2294347944553521,-0.12105414449696074,-0.18393348352543756,-0.24319464972238614,0.11565948174940979,0.17350749674483024,0.23132374533918243,-0.12218879245795188,-0.18327362214100884,-0.24437508161103233,0.5366405546590829,0.6869813860510829,0.6357332071665941,CONTROL,2.959999999999981,1790736116211188145,1790736116213706558,36692,918956000000,1790736116210805077,1,1,0,0.0009694309997030359,33,0.0,0.0,8.81804655013005e-05,0.010000000000000002,0.5687201624100913,0.9626227118944732,0.6729099327548717,-0.03207960775100835,-0.2756413258433903,-0.03717672558827752,0.5366405546590829,0.6869813860510829,0.6357332071665941,False,False,False
1790736116.2211883,RETURN,0.010000111,0.0023263769999175565,0.11276733046890275,0.173348276303531,0.2270132260233395,-0.12074177287359684,-0.18360787005205748,-0.24187214747974556,0.11443946800102975,0.17167757164098418,0.2288837428370744,-0.12181270584738654,-0.18270952167016768,-0.24362291609485912,0.5378257676525162,0.6777600030663087,0.6301511284461166,CONTROL,2.9699999999999807,1790736116221188206,1790736116223811056,36712,918966000000,1790736116220819165,1,1,0,0.0009689399998933368,33,0.0,0.0,8.804768862464496e-05,0.010000000000000002,0.5692120500539911,0.9524754284966099,0.6675048638458668,-0.031386282401474924,-0.2747154254303013,-0.037353735399750156,0.5378257676525162,0.6777600030663087,0.6301511284461166,False,False,False
1790736116.2311828,RETURN,0.009994280000000001,0.0019449139999778708,0.11155837371674604,0.17151964384253215,0.2245916460042081,-0.12087839370957545,-0.18218338232183012,-0.24260166643735823,0.11322325259714242,0.16985334375649286,0.2264513369461345,-0.12142912985949729,-0.1821341877197076,-0.24285577197747432,0.5381998458726602,0.6659577117680524,0.6249857116582177,CONTROL,2.9799999999999804,1790736116231182586,1790736116233343029,36732,918976000000,1790736116230783989,1,1,0,0.0008311880001201644,33,0.0,0.0,8.859062814256165e-05,0.010000000000000002,0.5696935209651001,0.9423436959313173,0.6621033279181914,-0.03149367509243982,-0.2763859841632649,-0.03711761625997368,0.5381998458726602,0.6659577117680524,0.6249857116582177,False,False,False
1790736116.2414508,RETURN,0.010268731000000001,0.002665010999862716,0.11035308768538865,0.16970058151512912,0.22216906895685673,-0.1197707090126452,-0.1821594769815889,-0.24122782283622135,0.11201091024117846,0.16803492514065343,0.22402667707169338,-0.12103810269684456,-0.1815476775904783,-0.2420737256632162,0.5383218267340499,0.6573714792592344,0.620065644630752,CONTROL,2.9899999999999802,1790736116241450826,1790736116244847607,36752,918986000000,1790736116241243202,1,1,0,0.0008838179996928375,33,0.0,0.0,8.822758445897806e-05,0.010000000000000002,0.5701646263880894,0.932228369386117,0.6567058682232106,-0.031842799654039494,-0.27485689012688247,-0.036640223592458714,0.5383218267340499,0.6573714792592344,0.620065644630752,False,False,False
1790736116.2512016,RETURN,0.009751429,0.0021193640000092273,0.1092176218783143,0.16797140468421912,0.21988518562546622,-0.11929584969771793,-0.18182145200758798,-0.23990496850011456,0.11080251525052137,0.16622242726372266,0.2216099118469957,-0.12063966336625234,-0.18095004978966175,-0.24127685516493358,0.528729319883141,0.6158349108373944,0.6007578686163576,CONTROL,2.99999999999998,1790736116251201473,1790736116253635415,36771,918995500000,1790736116250774562,1,1,0,0.000850334999995539,33,0.0,0.0,9.69408568059327e-05,0.010000000000000002,0.5706254196631796,0.9221303023738429,0.6513130274960844,-0.041896099780038595,-0.3062953915364484,-0.05055515887972685,0.528729319883141,0.6158349108373944,0.6007578686163576,False,False,False
1790736116.2611313,RETURN,0.009928625,0.0020181630002298334,0.10802600914905991,0.16615239323479702,0.2174895606727545,-0.1188559032600786,-0.1825085104808849,-0.23929132331645314,0.10959814154846562,0.1644159610048545,0.21920118911711567,-0.12023385167880986,-0.1803413640307749,-0.24046524010398931,0.5351594649429574,0.625792527589199,0.6036038205795172,CONTROL,3.00999999999998,1790736116261131250,1790736116263406331,36791,919005500000,1790736116260569444,1,1,0,0.000842349999857106,33,0.0,0.0,9.020982431247912e-05,0.010000000000000002,0.5710759561864168,0.9120503465518469,0.6459253478194303,-0.035916491243459386,-0.2862578189626479,-0.04232152723991315,0.5351594649429574,0.625792527589199,0.6036038205795172,False,False,False
1790736116.2719142,RETURN,0.010783198,0.002128441999957431,0.1068959592126495,0.16441868562361872,0.21521288378261572,-0.11911590981143266,-0.1820674807899671,-0.24033978140061055,0.10839786265617299,0.16261563664003542,0.2168006559228708,-0.11982070824987051,-0.17972168123366788,-0.23963896171025809,0.5322719108974926,0.6054532339416467,0.5945100272418243,CONTROL,3.0199999999999796,1790736116271914348,1790736116274560584,36810,919015000000,1790736116270035360,1,1,0,0.0008721570002307999,33,0.0,0.0,9.545126831807557e-05,0.010000000000000002,0.5715162933694525,0.9019893515417171,0.6405433704875824,-0.03924438247195998,-0.2965361176000703,-0.04603334324575805,0.5322719108974926,0.6054532339416467,0.5945100272418243,False,False,False
1790736116.281233,RETURN,0.009318296,0.001939032999871415,0.10557905368840625,0.16242323642356649,0.21256138699273341,-0.1198180372924658,-0.18147531715459356,-0.24098249365483113,0.10720175168463056,0.16082156383002205,0.21440845848473739,-0.11940027449905169,-0.17909106352452395,-0.23879810282212613,0.561591958773352,0.6814459316519593,0.6264221919601306,CONTROL,3.0299999999999794,1790736116281232945,1790736116283390532,36832,919026000000,1790736116281009831,1,1,0,0.000796332999925653,31,0.0,0.0,9.352494070269226e-05,0.010000000000000002,0.5719464905988643,0.8919481647496079,0.6351676358715097,-0.010354531825512226,-0.2105022330976486,-0.008745443911379144,0.561591958773352,0.6814459316519593,0.6264221919601306,False,False,False
1790736116.2912223,RETURN,0.009989461,0.0019664540000121633,0.10438240906403617,0.16062023699367867,0.2101550155717411,-0.1192578166401208,-0.1782604973615552,-0.2401721979305378,0.10600988132660816,0.1590338516082777,0.21202474218676576,-0.11897259265023599,-0.17844957423586116,-0.23794274788649353,0.5527798859506193,0.6403892067609788,0.6087685540820803,CONTROL,3.039999999999979,1790736116291222396,1790736116293420360,36852,919036000000,1790736116291000825,1,1,0,0.0008205479998650844,32,0.0,0.0,9.48752795479359e-05,0.010000000000000002,0.57236660919502,0.8819276311872,0.6297986832844354,-0.019586723244400677,-0.2415384244262212,-0.02103012920235514,0.5527798859506193,0.6403892067609788,0.6087685540820803,False,False,False
1790736116.3012326,RETURN,0.010009969,0.0020383610003591457,0.10319713245407325,0.15885356903319714,0.20776930609427202,-0.11705039461591131,-0.1765561708363011,-0.2358776557484267,0.10482232384861478,0.15725260836890786,0.2096496515604933,-0.11853770573156955,-0.1777972779065299,-0.2370729829587711,0.537101927066629,0.5815324865406422,0.5817500882459079,CONTROL,3.049999999999979,1790736116301232295,1790736116303490935,36872,919046000000,1790736116300997700,1,1,0,0.0008721869999135379,33,0.0,0.0,9.235868996449253e-05,0.010000000000000002,0.5727767123705378,0.8719285932933559,0.6244370508482056,-0.03567478530390887,-0.29039610675271377,-0.04268696260229763,0.537101927066629,0.5815324865406422,0.5817500882459079,False,False,False
1790736116.3112342,RETURN,0.010001885,0.0020280220001041016,0.10204303030168393,0.157078934354014,0.20544073975482702,-0.11391349182844916,-0.17885561649922288,-0.23037884130871028,0.10363915108285762,0.1554779418545994,0.20728333026886292,-0.11809565757546386,-0.17713424028171565,-0.23618889570288382,0.5348287926251134,0.5713120071968638,0.573641463010486,CONTROL,3.0599999999999787,1790736116311234079,1790736116313522164,36892,919056000000,1790736116311000536,1,1,0,0.000862488000166195,33,0.0,0.0,9.057723961201847e-05,0.010000000000000002,0.5731768651883418,0.8619518907565532,0.6190832753604691,-0.03834807256322842,-0.29063988355968934,-0.04544181234998316,0.5348287926251134,0.5713120071968638,0.573641463010486,False,False,False
1790736116.3211322,RETURN,0.009897646000000001,0.0021212290002949885,0.10090257365111821,0.15529352073606884,0.20313297584291368,-0.11520961610903761,-0.1770104064280022,-0.2332804996736251,0.10246043441919755,0.15370995914455432,0.20492592109013374,-0.11764649281859405,-0.1764605283129363,-0.23529057539126738,0.5397085308283194,0.5723810533522047,0.5747808283373532,CONTROL,3.0699999999999785,1790736116321131966,1790736116323849727,36912,919066000000,1790736116321021186,1,1,0,0.0008558750000702275,33,0.0,0.0,8.852458477333127e-05,0.010000000000000002,0.5735671345193543,0.8519983603380813,0.6137378921626893,-0.03385860369103486,-0.27961730698587656,-0.03895706382533602,0.5397085308283194,0.5723810533522047,0.5747808283373532,False,False,False
1790736116.3312182,RETURN,0.010086224000000001,0.002021668999987014,0.09974009618454982,0.1535373215668825,0.20078260612088128,-0.11635589553542447,-0.17513315968229393,-0.23519315102495644,0.10128624479710777,0.1519487666424283,0.20257756590179876,-0.11719025690190012,-0.1757762101580442,-0.23437811290487093,0.5430874348794028,0.5671182371417606,0.5729741815064775,CONTROL,3.0799999999999783,1790736116331218120,1790736116333500445,36932,919076000000,1790736116330996229,1,1,0,0.0008448940002381278,33,0.0,0.0,8.850739231113932e-05,0.010000000000000002,0.5739475889998408,0.8420688356961293,0.6084014350090644,-0.03086015412043797,-0.27495059855436876,-0.035427253502586874,0.5430874348794028,0.5671182371417606,0.5729741815064775,False,False,False
1790736116.3411987,RETURN,0.009981145,0.0020594509996954002,0.0986955392899107,0.1519608475819174,0.19867554413309696,-0.11484240824314992,-0.17609532686509557,-0.23176433300197746,0.10011665269763098,0.15019447006426723,0.20023840566449946,-0.11672699607058643,-0.17508135518122517,-0.23345160073315568,0.5237626917448964,0.4982030919098461,0.5408142420778275,CONTROL,3.089999999999978,1790736116341198694,1790736116343519973,36950,919085000000,1790736116339993155,1,1,0,0.0008690200002092752,34,0.0,0.0,9.214792403528753e-05,0.010000000000000002,0.5743182989884356,0.8321641472107585,0.6030744359363799,-0.05055560724353911,-0.3339610553009124,-0.06226019385855247,0.5237626917448964,0.4982030919098461,0.5408142420778275,False,False,False
1790736116.3511903,RETURN,0.009990854,0.0019484099998408055,0.09744746191407305,0.15000361484684088,0.19615594793371427,-0.11251550720533604,-0.18004958326580867,-0.22759330953820245,0.09895172813533604,0.14844717442644273,0.19790858040593906,-0.11625675737412146,-0.1743760339529983,-0.23251113297409476,0.556867305324022,0.5980536130504054,0.5795517912999126,CONTROL,3.099999999999978,1790736116351190159,1790736116353379256,36972,919096000000,1790736116350973307,1,1,0,0.0008031350002966064,31,0.0,0.0,9.57328515380064e-05,0.010000000000000002,0.5746793365228718,0.8222851218098356,0.5977574251348423,-0.017812031198849866,-0.22423150875943024,-0.01820563383492971,0.556867305324022,0.5980536130504054,0.5795517912999126,False,False,False
1790736116.3611865,RETURN,0.009996253,0.001971013000002131,0.09630809174522792,0.14822640699013956,0.1938497268531001,-0.11662524585176169,-0.17246151145997782,-0.2362351743797705,0.09779154065027595,0.14670698403358978,0.19558822920479912,-0.1157795886662385,-0.17366031825021688,-0.2315568053341743,0.5557819474962608,0.5710205851635072,0.572830166539043,CONTROL,3.1099999999999777,1790736116361186262,1790736116363398604,36992,919106000000,1790736116360967016,1,1,0,0.000818234000234952,32,0.0,0.0,9.444389826233137e-05,0.010000000000000002,0.5750307752764358,0.8124325827959696,0.5924509308199448,-0.019248827780175032,-0.2414119976324625,-0.01962076428090182,0.5557819474962608,0.5710205851635072,0.572830166539043,False,False,False
1790736116.3711495,RETURN,0.009963011,0.0021163490000617458,0.09513134078835339,0.14653551372011275,0.1914700549521391,-0.11567283932002442,-0.16973773850196422,-0.23396212947476136,0.09663615929994529,0.14497400246654352,0.19327749017465368,-0.11529553860493519,-0.1729342810560678,-0.23058871512839274,0.5425883471605853,0.5156977248907217,0.5487450312923392,CONTROL,3.1199999999999775,1790736116371149323,1790736116373535163,37012,919116000000,1790736116371022401,1,1,0,0.0008777170000939805,33,0.0,0.0,9.246330738556908e-05,0.010000000000000002,0.575372690514171,0.802607349674491,0.5871554791053931,-0.03278434335358563,-0.28690962478376925,-0.03841044781305391,0.5425883471605853,0.5156977248907217,0.5487450312923392,False,False,False
1790736116.3812332,RETURN,0.010083719000000001,0.002022871999997733,0.09401176662252286,0.14480447732053303,0.1892041675288385,-0.10800372448197078,-0.17732149263418354,-0.21910943175814918,0.09548565265123721,0.14324833257027547,0.19097650044788472,-0.11480465665247341,-0.17219799656007134,-0.22960696128026045,0.5391292539924865,0.513573433365943,0.538700883215629,CONTROL,3.1299999999999772,1790736116381233072,1790736116383509015,37032,919126000000,1790736116380988348,1,1,0,0.0008530400000381633,33,0.0,0.0,8.839637179855407e-05,0.010000000000000002,0.575705159048862,0.7928102379825321,0.5818715938771446,-0.036575905056375486,-0.2792368046165892,-0.043170710661515614,0.5391292539924865,0.513573433365943,0.538700883215629,False,False,False
1790736116.3912437,RETURN,0.010010211,0.0019900490001418802,0.09297627772812067,0.14313702484433843,0.187099073778064,-0.11228055533632383,-0.17099879928851236,-0.22854237455318385,0.09434008877240069,0.14153007644182963,0.18868539615959523,-0.11430699307537957,-0.17145154015808156,-0.22861164432180048,0.5325315386199128,0.47203337220976654,0.5255624681093737,CONTROL,3.139999999999977,1790736116391243393,1790736116393465362,37051,919135500000,1790736116391135187,1,1,0,0.0008410169998569472,33,0.0,0.0,9.779447630304196e-05,0.010000000000000002,0.5760282591968072,0.7830420591192333,0.5765997966685857,-0.04349672057689442,-0.31100868690946676,-0.05103732855921206,0.5325315386199128,0.47203337220976654,0.5255624681093737,False,False,False
1790736116.401178,RETURN,0.009934476000000001,0.0019792089997281437,0.09184563146724134,0.14143509337324556,0.1847980130951501,-0.11178693688555617,-0.17224267391569056,-0.22751466518692937,0.09319953522499846,0.13981933541826053,0.18640431243152666,-0.1138025989444445,-0.1706949884522862,-0.22760286639354815,0.541218171505385,0.4896269890638351,0.5316012415816749,CONTROL,3.149999999999977,1790736116401177879,1790736116403396132,37071,919145500000,1790736116401076406,1,1,0,0.0008375100001103419,33,0.0,0.0,8.991151462211773e-05,0.010000000000000002,0.5763420707334171,0.7733036201771502,0.5713406065369074,-0.03512389922803213,-0.28367663111331504,-0.03973936495523261,0.541218171505385,0.4896269890638351,0.5316012415816749,False,False,False
1790736116.411189,RETURN,0.010011352000000001,0.0019640199998320895,0.09090384601364843,0.13995946169975948,0.18288276462756548,-0.11002418319238519,-0.17430757107952938,-0.22382328244040264,0.09206405905586401,0.1381162100645692,0.1841333833559725,-0.11329152613472344,-0.16992841925120672,-0.22658073124455125,0.5186279203872504,0.4135425210866739,0.49578373885425303,CONTROL,3.1599999999999766,1790736116411188901,1790736116413368089,37088,919154000000,1790736116409492790,1,1,0,0.0008537009998690337,34,0.0,0.0,9.722560146254571e-05,0.010000000000000002,0.5766466748486452,0.7635957237748554,0.5660945399406853,-0.058018754461394845,-0.3500532026881815,-0.07031080108643223,0.5186279203872504,0.4135425210866739,0.49578373885425303,False,False,False
1790736116.4211805,RETURN,0.009991364,0.0018965009999192262,0.08963751861325964,0.13794711468049936,0.1803134970023872,-0.1109353010684259,-0.17580623542771565,-0.22477063584319235,0.09093372678905853,0.13642080016163893,0.18187274197969217,-0.11277382732553591,-0.1691519115696979,-0.22554534423236947,0.5691057725643123,0.5587646349170536,0.556384886021747,CONTROL,3.1699999999999764,1790736116421180415,1790736116423298858,37111,919165500000,1790736116420927966,1,1,0,0.0007698920003349485,30,0.0,0.0,9.914210090653896e-05,0.010000000000000002,0.5769421541022944,0.7539191678908245,0.5608621106187269,-0.00783638153798211,-0.1951545329737709,-0.004477224596979973,0.5691057725643123,0.5587646349170536,0.556384886021747,False,False,False
1790736116.431181,RETURN,0.010000272000000001,0.0019527980002749246,0.08851044463991098,0.13621786694427573,0.17803169500299765,-0.11462927250997622,-0.16773416560408969,-0.23225137310055846,0.08980860441782895,0.1347332046941735,0.17962252028782766,-0.11224955600046622,-0.16836554562894884,-0.22449681232307578,0.565589523706704,0.52350140214392,0.5458896564683999,CONTROL,3.179999999999976,1790736116431180797,1790736116433376296,37131,919175500000,1790736116430809111,1,1,0,0.0008196159997169161,32,0.0,0.0,9.156505987126864e-05,0.010000000000000002,0.5772285923791974,0.7442747456986124,0.5556438294702062,-0.011639068672493456,-0.22077334355469236,-0.009754173001806268,0.565589523706704,0.52350140214392,0.5458896564683999,False,False,False
1790736116.4411876,RETURN,0.010007044000000001,0.002278377000038745,0.08737470595693697,0.13455896723591732,0.17572943951150988,-0.11008490390963946,-0.16749646225546883,-0.22360606201140856,0.08868875739656523,0.1330535218386329,0.17738284918781766,-0.1117187664473629,-0.16756940285648197,-0.22343524409125495,0.5460025624306992,0.4580682566562568,0.5143100249919083,CONTROL,3.189999999999976,1790736116441187700,1790736116443712054,37151,919185500000,1790736116440743357,1,1,0,0.0009720059997562203,33,0.0,0.0,9.134858535033669e-05,0.010000000000000002,0.5775060748443085,0.7346632454033705,0.5504402044361194,-0.03150351241360928,-0.2765949887471137,-0.0361301794442112,0.5460025624306992,0.4580682566562568,0.5143100249919083,False,False,False
1790736116.451749,RETURN,0.010561397,0.0019765830002143048,0.08630436657749652,0.13286528598428315,0.1735551311715926,-0.10505138869218975,-0.17085162764318162,-0.21367609779224983,0.08757425063275759,0.1313818489511709,0.1751538584933129,-0.11118151375833879,-0.1667635658861532,-0.22236074972000405,0.5385413472321157,0.4358866539981937,0.49883528545609246,CONTROL,3.1999999999999758,1790736116451748877,1790736116453954986,37171,919195500000,1790736116450758396,1,1,0,0.0008301659995595401,33,0.0,0.0,9.140796817294865e-05,0.010000000000000002,0.5777746878977226,0.7250854500797399,0.5452517403820984,-0.03923334066560687,-0.2891987960815462,-0.04641645492600596,0.5385413472321157,0.4358866539981937,0.49883528545609246,False,False,False
1790736116.4611573,RETURN,0.009407916,0.0019482600000628736,0.08524885913815883,0.1311677523308612,0.17140913049663054,-0.10787831726822016,-0.166608927072143,-0.2194764237426427,0.08646514847895287,0.12971828255556933,0.17293567690808875,-0.11063785382977118,-0.16594811855815217,-0.22127344100093246,0.5422203411421708,0.4293432430852347,0.49843623698201983,CONTROL,3.2099999999999755,1790736116461157014,1790736116463317817,37191,919205500000,1790736116460702210,1,1,0,0.0008329720003530383,33,0.0,0.0,9.051716993201773e-05,0.010000000000000002,0.5780345191296409,0.71554213751114,0.5400789389825983,-0.03581417798747012,-0.28619889442590535,-0.04164270200057846,0.5422203411421708,0.4293432430852347,0.49843623698201983,False,False,False
1790736116.4711344,RETURN,0.009977017000000001,0.001954081000349106,0.08415717340418194,0.12952029826733114,0.16918818534799795,-0.10884958447307498,-0.1647396602227713,-0.22167341039224545,0.08536151472471437,0.12806291833117883,0.17072843200996501,-0.11008784336230219,-0.16512314591900282,-0.22017343133416284,0.5465100803394242,0.42875700490732216,0.4989955585981051,CONTROL,3.2199999999999753,1790736116471134211,1790736116473306126,37211,919215500000,1790736116470659339,1,1,0,0.0008326409997607698,33,0.0,0.0,8.937810098777311e-05,0.010000000000000002,0.5782856572753042,0.70603408003053,0.5349222986065165,-0.03177557693588003,-0.2772770751232079,-0.035926740008411374,0.5465100803394242,0.42875700490732216,0.4989955585981051,False,False,False
1790736116.4812756,RETURN,0.010141129,0.00206711600003473,0.0830296877536929,0.12777739377051223,0.16689244002560022,-0.10532082838837835,-0.16783972966062413,-0.21453648789945204,0.08426341258857634,0.12641585110085118,0.16853225023471485,-0.10953153986083751,-0.1642887342215614,-0.2190608357283284,0.5579332929380508,0.46210540489611696,0.5086238347835307,CONTROL,3.229999999999975,1790736116481275330,1790736116483627066,37232,919226000000,1790736116481164780,1,1,0,0.0008369490001314261,32,0.0,0.0,8.939604473096068e-05,0.010000000000000002,0.5785281921699151,0.6965620443625993,0.5297823142042261,-0.02059489923186429,-0.23445663946648235,-0.021158479420695337,0.5579332929380508,0.46210540489611696,0.5086238347835307,False,False,False
1790736116.4913256,RETURN,0.010050226,0.0020294939999985218,0.08197883134092354,0.1261085610327184,0.16475514147398185,-0.10632994793294212,-0.1635466852648427,-0.2162438738669151,0.08317090471000321,0.12477717481887884,0.16634725685998386,-0.10896900163454806,-0.16344497092501908,-0.2179357708005764,0.5520741022263017,0.42772774169523553,0.4947527260339816,CONTROL,3.239999999999975,1790736116491325456,1790736116493665008,37252,919236000000,1790736116491197372,1,1,0,0.0008662849995744182,32,0.0,0.0,9.790337406037729e-05,0.010000000000000002,0.5787622147035695,0.6871267914675052,0.5246594771960973,-0.026688112477267753,-0.2593990497722697,-0.02990675116211567,0.5520741022263017,0.42772774169523553,0.4947527260339816,False,False,False
1790736116.5012112,RETURN,0.009886655000000001,0.002108454999870446,0.08112322879806744,0.12481788350798784,0.16301590742780148,-0.10642022560899564,-0.16081294131107463,-0.21673349015066734,0.08208405314134598,0.12314698255892997,0.1641735759892028,-0.10840028779686865,-0.16259194469489993,-0.2167983547765654,0.5075570732906989,0.2764167220447433,0.4303875831885289,CONTROL,3.2499999999999747,1790736116501211249,1790736116503600106,37268,919244000000,1790736116499324306,1,1,0,0.0008919639999476203,35,0.0,0.0,9.428703402672699e-05,0.010000000000000002,0.5789878167762097,0.6777290763861117,0.5195542753624939,-0.07143074348551087,-0.40131235434136836,-0.08916669217396497,0.5075570732906989,0.2764167220447433,0.4303875831885289,False,False,False
1790736116.5122046,RETURN,0.010993077,0.0022353949998432654,0.07991994060578289,0.12293962057230257,0.1605655364693539,-0.10166160971525652,-0.1697703069590075,-0.20717787172061738,0.0810029193398008,0.12152536650198725,0.16201133053550487,-0.10782545826549936,-0.1617297454030629,-0.21564870749046802,0.5555287764478213,0.4315603752478213,0.4892913761092196,CONTROL,3.2599999999999745,1790736116512204647,1790736116514791179,37291,919255500000,1790736116511123914,1,1,0,0.0008229330001086055,31,0.0,0.0,9.636644554333845e-05,0.010000000000000002,0.5792050912526284,0.6683696480868161,0.5144671927352937,-0.02367631480480717,-0.23680927283899475,-0.02517581662607415,0.5555287764478213,0.4315603752478213,0.4892913761092196,False,False,False
1790736116.5213544,RETURN,0.009149155,0.002169169999888254,0.07899865776430293,0.12141145939235454,0.15868784564718075,-0.10575298870749883,-0.1643341395533343,-0.21576207722752655,0.07992756415936453,0.11991241792428137,0.159860642205637,-0.10724457376240353,-0.16085846412769889,-0.21448695038496687,0.5480847290380612,0.3883961920069656,0.4744745589757859,CONTROL,3.2699999999999743,1790736116521354162,1790736116523821538,37309,919264500000,1790736116520932141,1,1,0,0.0008811439997771231,33,0.0,0.0,9.225974061052954e-05,0.010000000000000002,0.5794141319175323,0.6590492493139256,0.5093987094909277,-0.03132940287947112,-0.27065305730696,-0.034924150515141826,0.5480847290380612,0.3883961920069656,0.4744745589757859,False,False,False
1790736116.531236,RETURN,0.009883048,0.002199637000103394,0.07818615766659942,0.12021221688227524,0.1570311444712309,-0.10863942640894772,-0.1586754038352205,-0.22177552986751706,0.07885804784279393,0.11830822718523093,0.15772163148387863,-0.10665769581380947,-0.15997819315333328,-0.21331320651125818,0.4995855994607734,0.21722645010376768,0.40479409424728285,CONTROL,3.279999999999974,1790736116531235778,1790736116533765793,37324,919272000000,1790736116528277560,1,1,0,0.0009473089999119111,36,0.0,0.0,9.085032237310556e-05,0.010000000000000002,0.5796150334306918,0.6497686164376895,0.504349301844993,-0.08002943396991832,-0.4325421663339218,-0.09955520759771018,0.4995855994607734,0.21722645010376768,0.40479409424728285,False,False,False
1790736116.5412283,RETURN,0.009991064000000001,0.002080922000004648,0.07685781707383565,0.11818091789118323,0.154323631803837,-0.1007621962016642,-0.17329706655606875,-0.2051101927581311,0.07779443001356118,0.11671288371537603,0.15559441761595239,-0.10606488675021022,-0.15908902597082558,-0.2121276005290509,0.5774097090504704,0.47414356052066137,0.502750843944287,CONTROL,3.289999999999974,1790736116541228405,1790736116543636668,37348,919284500000,1790736116541093759,1,1,0,0.0007960019997881318,29,0.0,0.0,9.912478932970317e-05,0.010000000000000002,0.5798078912821848,0.6405284793059141,0.49931944194841715,-0.0023981822317144367,-0.1663849187852527,0.003431401995869909,0.5774097090504704,0.47414356052066137,0.502750843944287,False,False,False
1790736116.5511553,RETURN,0.009926732,0.002147447999959695,0.07584080702417939,0.11645909287179901,0.15225343692215487,-0.10735430541896768,-0.16167389251071676,-0.21886435546133354,0.07673676966781301,0.11512647600431791,0.1534791185929435,-0.10546620970636271,-0.15819105727736818,-0.2109302587065656,0.5811649401399407,0.45626282792381234,0.5025242602618198,CONTROL,3.2999999999999736,1790736116551155267,1790736116553596262,37367,919294500000,1790736116551044035,1,1,0,0.0008549330000278133,31,0.0,0.0,9.365286757786516e-05,0.010000000000000002,0.5799928017477618,0.6313295610972832,0.4943095977852343,0.0011721383921788646,-0.17506673317347085,0.008214662476585527,0.5811649401399407,0.45626282792381234,0.5025242602618198,False,False,False
1790736116.5612435,RETURN,0.010088789,0.0030065889995967154,0.07474316519039181,0.1149166187421331,0.15001433908733253,-0.1083751058652178,-0.15191679953900022,-0.22138331803465353,0.07568512516632742,0.11354909158865417,0.1513758511352118,-0.10486172862128877,-0.15728438297648784,-0.2097213089205359,0.5520645159818303,0.34308855653767995,0.458331543442673,CONTROL,3.3099999999999734,1790736116561243285,1790736116564858630,37387,919304500000,1790736116560804511,1,1,0,0.0008801310000308149,33,0.0,0.0,9.469441284795864e-05,0.010000000000000002,0.5801698618443403,0.6221725781763158,0.4893202330719504,-0.028105345862510067,-0.2790840216386358,-0.030988689629277383,0.5520645159818303,0.34308855653767995,0.458331543442673,False,False,False
1790736116.5712798,RETURN,0.010035498,0.002076133000173286,0.07365023811850957,0.11329875276316148,0.1477869113041037,-0.09717108326741553,-0.16132863232421596,-0.19785589140554785,0.07463955422646984,0.1119808170399142,0.14928473067630588,-0.10425150823827432,-0.15636910017804445,-0.20850088065620723,0.5432527743063437,0.3304416200740482,0.44030493924215336,CONTROL,3.319999999999973,1790736116571279584,1790736116573632923,37408,919315000000,1790736116571164405,1,1,0,0.0008565959997213213,33,0.0,0.0,8.944285462986827e-05,0.010000000000000002,0.5803391692856537,0.6130582399500243,0.48435180715853154,-0.037086394979309954,-0.2826166198759761,-0.04404686791637818,0.5432527743063437,0.3304416200740482,0.44030493924215336,False,False,False
1790736116.5812178,RETURN,0.009938043,0.0021389920002548024,0.07270125570018582,0.11166494256196646,0.1458534200791326,-0.09702021384212295,-0.16005014837619685,-0.19824160687138043,0.07360011391415267,0.11042173795249866,0.14720587134688168,-0.10363561410486953,-0.15544530719823135,-0.20726910500733708,0.5459408641870752,0.3310664052550159,0.4396085268896607,CONTROL,3.329999999999973,1790736116581217517,1790736116583657080,37428,919325000000,1790736116580988953,1,1,0,0.000838152000142145,32,0.0,0.0,9.925390074979225e-05,0.010000000000000002,0.580500822438062,0.6039872487263049,0.4794047749310375,-0.03455995825098676,-0.27292084347128903,-0.039796248041376804,0.5459408641870752,0.3310664052550159,0.4396085268896607,False,False,False
1790736116.591185,RETURN,0.009967339,0.0022137340001791017,0.07169776890092106,0.11011382306154704,0.14379968776069552,-0.10327871684760173,-0.15061226544872744,-0.21172709724022967,0.07256686063579049,0.10887193893161323,0.1451393859586123,-0.10301411257288956,-0.15451310355957643,-0.20602611467619641,0.5472774281302883,0.3072448429666716,0.43703835612222025,CONTROL,3.3399999999999728,1790736116591184805,1790736116593732273,37448,919335000000,1790736116590812699,1,1,0,0.0009344840000267141,33,0.0,0.0,9.12709575075395e-05,0.010000000000000002,0.580654920276546,0.5949602995740175,0.47447958671587936,-0.03337749214625768,-0.28771545660734593,-0.037441230593659135,0.5472774281302883,0.3072448429666716,0.43703835612222025,False,False,False
1790736116.6011364,RETURN,0.009951458,0.0020759730000463605,0.0707190610490338,0.10868518653926973,0.14179597090253848,-0.09925727162718215,-0.1546681011298475,-0.20305293800949017,0.07153985013025921,0.10733150358120774,0.14308538598810794,-0.10238707079841357,-0.1535725899909405,-0.2047720439735677,0.5396838175376303,0.28263141667575176,0.4214218847021596,CONTROL,3.3499999999999726,1790736116601136304,1790736116603495755,37467,919344500000,1790736116600702030,1,1,0,0.0008501649999743677,33,0.0,0.0,9.647393331762873e-05,0.010000000000000002,0.5808015623408969,0.5859780801848371,0.469576688185752,-0.04111774480326656,-0.30334666350908535,-0.048154803483592426,0.5396838175376303,0.28263141667575176,0.4214218847021596,False,False,False
1790736116.611354,RETURN,0.010218316,0.0025639090004005993,0.06990214779140924,0.10733808440238857,0.14012819709167834,-0.09458009696753832,-0.16037458950785163,-0.19318529799689318,0.07051913746085203,0.10580051449191097,0.14104398156082687,-0.101754556741785,-0.152623868427518,-0.20350702881874555,0.5192915085059042,0.2235581051119765,0.3892035709348527,CONTROL,3.3599999999999723,1790736116611354139,1790736116614579534,37484,919353000000,1790736116611081200,1,1,0,0.0009364689999529219,34,0.0,0.0,9.616982691979263e-05,0.010000000000000002,0.5809408486921201,0.5770412707368349,0.4646965202672148,-0.06164934018621598,-0.3534831656248584,-0.07549294933236211,0.5192915085059042,0.2235581051119765,0.3892035709348527,False,False,False
1790736116.6211717,RETURN,0.009817003000000001,0.002142970000022615,0.06890065712695925,0.10565620239151574,0.1380834282682062,-0.09852335570615033,-0.15776267741940814,-0.20146981647373466,0.06950477700723806,0.10427905322896902,0.1390152814349932,-0.10111663916761242,-0.15166704201083783,-0.2022312067395382,0.5501210473403391,0.30292016777680475,0.42575374702483715,CONTROL,3.369999999999972,1790736116621171723,1790736116623616095,37505,919363500000,1790736116621066092,1,1,0,0.0008695110000189743,32,0.0,0.0,9.692989936618867e-05,0.010000000000000002,0.5810728798690608,0.5681505437598358,0.45983951904995085,-0.030951832528721666,-0.265230375983031,-0.034085772025113675,0.5501210473403391,0.30292016777680475,0.42575374702483715,False,False,False
1790736116.6312335,RETURN,0.010061607,0.0021555739999712387,0.06793936279533686,0.10418510757901789,0.13611575021934774,-0.10240121692869139,-0.15247840091288153,-0.20994353170439556,0.06849682245741828,0.10276720032018,0.1369993929855089,-0.10047338764476814,-0.1507022150887618,-0.2009447168722651,0.5532650896864657,0.2922219209719538,0.4255096739608299,CONTROL,3.379999999999972,1790736116631233361,1790736116633707249,37524,919373000000,1790736116631125045,1,1,0,0.0008884469998520217,33,0.0,0.0,9.144188640333064e-05,0.010000000000000002,0.581197756845273,0.5593065640025328,0.45500611569769644,-0.027932667158807316,-0.26708464303057894,-0.029496441736866563,0.5532650896864657,0.2922219209719538,0.4255096739608299,False,False,False
1790736116.6412456,RETURN,0.010012525000000001,0.0022726560000592144,0.06692952227155846,0.10265384131474686,0.1340462863567775,-0.09772091231186851,-0.15616231564302957,-0.20016997228613959,0.06749532679968395,0.10126503524383201,0.134996422187871,-0.09982487254638936,-0.14972949321548598,-0.19964769996175885,0.5546979418746065,0.29790930475090516,0.422391746131873,CONTROL,3.3899999999999717,1790736116641245545,1790736116643937847,37544,919383000000,1790736116641132380,1,1,0,0.0008797710001999803,32,0.0,0.0,9.923520444026683e-05,0.010000000000000002,0.581315580986143,0.5505099883013967,0.4501967363608568,-0.026617639111536508,-0.2526006835504916,-0.02780499022898375,0.5546979418746065,0.29790930475090516,0.422391746131873,False,False,False
1790736116.651228,RETURN,0.009982157,0.0022439610002038535,0.06606534785467044,0.10123912001934432,0.1322796593289346,-0.09609226656915601,-0.15583027531258092,-0.19651763354193302,0.06650034231457369,0.09977263641663991,0.1330064736020855,-0.09917116504987694,-0.1487489831515389,-0.198340298361363,0.5370647380438653,0.23663969751967318,0.3936540029762613,CONTROL,3.3999999999999715,1790736116651227821,1790736116653820405,37562,919392000000,1790736116651120458,1,1,0,0.000937911000164604,34,0.0,0.0,8.832907549433806e-05,0.010000000000000002,0.5814264540062755,0.5417614654513652,0.4454118020908014,-0.04436171596241012,-0.305121767931692,-0.051757799114540065,0.5370647380438653,0.23663969751967318,0.3936540029762613,False,False,False
1790736116.6611578,RETURN,0.009929908000000001,0.0022398539999812783,0.06514219691529544,0.0997784576555949,0.13039029383881795,-0.09835170030638722,-0.15223132917774412,-0.20169714085528392,0.06551192056683058,0.09829008118168114,0.13102965035658232,-0.09851233713689703,-0.14776079286378416,-0.19702265603293506,0.537017907708878,0.22116938461764057,0.3893792703962401,CONTROL,3.4099999999999713,1790736116661157749,1790736116663750824,37581,919401500000,1790736116660862679,1,1,0,0.0009292450004068087,34,0.0,0.0,8.889069845405899e-05,0.010000000000000002,0.5815304779271655,0.5330616360783201,0.4406517287558468,-0.044512570218287466,-0.31189225146067956,-0.05127245835960668,0.537017907708878,0.22116938461764057,0.3893792703962401,False,False,False
1790736116.6711886,RETURN,0.010030849000000001,0.002241136000066035,0.0641076884442624,0.09817816494844056,0.12826975964420795,-0.09732175758297328,-0.15435210275461145,-0.19937837998782612,0.06453011239736028,0.09681744579633367,0.12906605413213112,-0.09784846159338001,-0.14676503152541864,-0.19569491854684468,0.5628707024452752,0.2958799617351212,0.4190039423487098,CONTROL,3.419999999999971,1790736116671188438,1790736116673856745,37602,919412000000,1790736116670694350,1,1,0,0.00090139200028716,32,0.0,0.0,9.161488670388686e-05,0.010000000000000002,0.5816277550351558,0.5244111325133648,0.4359169269589224,-0.018757052589880717,-0.2285311707782436,-0.0169129846102126,0.5628707024452752,0.2958799617351212,0.4190039423487098,False,False,False
1790736116.6811867,RETURN,0.009997867,0.0021236930001578003,0.06313886738195063,0.09663839814524433,0.1262874238322591,-0.09709712734310878,-0.15167830978506408,-0.19872358386663846,0.063554967915187,0.09535480542021074,0.12711578514575383,-0.09717961200952054,-0.14576180951597276,-0.1943572330819735,0.5645301136062187,0.28962311641172855,0.41592171552751,CONTROL,3.429999999999971,1790736116681186535,1790736116683618283,37622,919422000000,1790736116680778841,1,1,0,0.0008575090000704222,32,0.0,0.0,9.419520079178042e-05,0.010000000000000002,0.581718387839708,0.5158105786688909,0.4312078019569195,-0.017188274233489252,-0.22618746225716235,-0.015286086429409484,0.5645301136062187,0.28962311641172855,0.41592171552751,False,False,False
1790736116.6911826,RETURN,0.009996193,0.0021561849998761318,0.06216472506512627,0.09514887862996257,0.1242987131456803,-0.09714710965672255,-0.1469995165295346,-0.19824778607857282,0.06258653648941215,0.09390223410309895,0.12517894213464165,-0.09650586277977716,-0.14475123842130977,-0.1930097484257145,0.5546998113208095,0.24365731309931482,0.3968010890361744,CONTROL,3.4399999999999706,1790736116691182628,1790736116693666415,37642,919432000000,1790736116690935188,1,1,0,0.0008811729999251838,33,0.0,0.0,9.031556164003337e-05,0.010000000000000002,0.5818024790319803,0.507260589916449,0.426524753581726,-0.027102667711170873,-0.26360327681713414,-0.02972366454555159,0.5546998113208095,0.24365731309931482,0.3968010890361744,False,False,False
1790736116.7011533,RETURN,0.009970555,0.002191661999859207,0.06120972943398417,0.09367813290203575,0.12234944491899702,-0.09309212153150963,-0.14864868013833357,-0.19032791854807093,0.06162486674117135,0.09245980477289523,0.12325562234006981,-0.09582728910287389,-0.1437334310336281,-0.19165261497397504,0.5494333197758776,0.22725960859066535,0.3856437349031554,CONTROL,3.4499999999999704,1790736116701153163,1790736116703671285,37662,919442000000,1790736116700698219,1,1,0,0.0008812129999569152,33,0.0,0.0,9.031872574638917e-05,0.010000000000000002,0.5818801314437427,0.4987617729664215,0.4218681761629389,-0.032446811667865096,-0.27150216437575614,-0.03622444125978355,0.5494333197758776,0.22725960859066535,0.3856437349031554,False,False,False
1790736116.7112117,RETURN,0.010058962000000001,0.0022968119997131,0.06061213941932042,0.09270798404047209,0.12112827563251605,-0.09169126851361785,-0.14884374455498434,-0.18763716452754012,0.0606700065355914,0.09102758922354226,0.12134592149131129,-0.09514396698179835,-0.14270850135145868,-0.19028598473117334,0.4928148790051041,0.04634306656543358,0.30615824257725677,CONTROL,3.45999999999997,1790736116711211425,1790736116713915089,37674,919448500000,1790736116710660889,1,1,0,0.0009706030000415922,36,0.0,0.0,9.339015158827181e-05,0.010000000000000002,0.5819514480066232,0.49031472574947327,0.4172384584522451,-0.08913656900151914,-0.4439716591840397,-0.11108021587498831,0.4928148790051041,0.04634306656543358,0.30615824257725677,False,False,False
1790736116.7212343,RETURN,0.010022193,0.002854260999811231,0.05982987313429522,0.0914388758476763,0.11952411506917526,-0.0922570071688109,-0.1520596702479712,-0.1896099212079054,0.05972200297374769,0.08960565810296534,0.11944993378955193,-0.09445597322380316,-0.141676564579667,-0.18891001131024102,0.4966823695763217,0.05450370419864531,0.3085368077830093,CONTROL,3.46999999999997,1790736116721234279,1790736116724458813,37691,919457000000,1790736116721113900,1,1,0,0.0013602829999399546,35,0.0,0.0,9.903293922854968e-05,0.010000000000000002,0.582016531711709,0.4819200372998034,0.4126359835494704,-0.08533416213538728,-0.4274163331011581,-0.10409917576646109,0.4966823695763217,0.05450370419864531,0.3085368077830093,False,False,False
1790736116.7312038,RETURN,0.009969834,0.003099916999872221,0.05884979518719202,0.08980205887421189,0.11751089970980777,-0.0947645511929498,-0.15861486878498873,-0.19449161993852251,0.05878090238462258,0.08819408090101089,0.11756775189180735,-0.09376338544040483,-0.14063773712945135,-0.1875248499326211,0.5700846199125584,0.27789597320646786,0.4024529440665483,CONTROL,3.47999999999997,1790736116731203601,1790736116734720119,37711,919467500000,1790736116730793232,1,1,0,0.0013850999998794578,31,0.0,0.0,9.522733019923487e-05,0.010000000000000002,0.5820754855695065,0.4735782876401973,0.4080611288302967,-0.011990865656948093,-0.1956823144337295,-0.005608184763748386,0.5700846199125584,0.27789597320646786,0.4024529440665483,False,False,False
1790736116.7422311,RETURN,0.011028674,0.003173265999976138,0.05817465275603784,0.08868594363233928,0.11612984613395083,-0.0984137007606385,-0.1573918391782197,-0.2010702374848251,0.05784675031706121,0.08679292593738025,0.11569946689483435,-0.09306628204738489,-0.1395921366183446,-0.18613065742827012,0.5577896139837503,0.22323219076102407,0.3804588833881691,CONTROL,3.4899999999999696,1790736116742230983,1790736116748015669,37724,919474500000,1790736116741166341,1,1,0,0.0009533400002510461,33,0.0,0.0,9.945576433374295e-05,0.010000000000000002,0.5821284125702688,0.465290047668823,0.40351426587561057,-0.024338798586518568,-0.2420578569077989,-0.02305538248744148,0.5577896139837503,0.22323219076102407,0.3804588833881691,False,False,False
1790736116.7514763,RETURN,0.009245287000000001,0.004843538999921293,0.05777369970342239,0.08807163885013747,0.11531037526676391,-0.10164998371904836,-0.1506591224301323,-0.20770433066004568,0.05691959153172954,0.08540226034956816,0.11384516831904823,-0.0923647422647885,-0.1385398818702121,-0.18472759223565538,0.4599984092173953,-0.10138967304131724,0.24541212008058386,CONTROL,3.4999999999999694,1790736116751476130,1790736116756877037,37729,919478500000,1790736116750278967,1,1,0,0.0015316079998228815,38,0.0,0.0,9.563324143233884e-05,0.010000000000000002,0.5821754156447096,0.45705587904783757,0.3989957604025107,-0.12217700642731433,-0.5584455520891548,-0.15358364032192687,0.4599984092173953,-0.10138967304131724,0.24541212008058386,False,False,False
1790736116.7611518,RETURN,0.009673521000000001,0.0025571559999661986,0.05601644239061532,0.08558613846628393,0.1117255706185829,-0.09994058492349542,-0.15592386022066443,-0.2023959994331343,0.055999469993072204,0.08402215008079922,0.11200494409243733,-0.09165884611692586,-0.1374810929152538,-0.18331581440175782,0.6156610731352707,0.3748630589532638,0.44568946698910045,CONTROL,3.509999999999969,1790736116761151825,1790736116764206857,37749,919495500000,1790736116761044782,1,1,0,0.0009210000002894958,26,0.0,0.0,9.84926682224069e-05,0.010000000000000002,0.5822165976250996,0.44887633409373795,0.39450597219693495,0.033444475510171205,-0.0740132751404742,0.051183494792165475,0.6156610731352707,0.3748630589532638,0.44568946698910045,False,False,False
1790736116.7711933,RETURN,0.010041560000000001,0.0019863730003635283,0.05505149929984743,0.08395434737520713,0.10977996304364579,-0.09523895112440248,-0.1594152903056289,-0.19286343317987445,0.055086428861269576,0.08265265986796505,0.11017888053447822,-0.09094867443237178,-0.13641589099000362,-0.18189548558207114,0.6411625391516341,0.4589946666135308,0.4752375644572736,CONTROL,3.519999999999969,1790736116771193104,1790736116773522598,37769,919505500000,1790736116770922741,1,1,0,0.0007218509999802336,26,0.0,0.0,9.751682642510379e-05,0.010000000000000002,0.582252061206766,0.44075195566947545,0.39004525504790744,0.05891047794486811,0.018242710944055333,0.08519230940936615,0.6411625391516341,0.4589946666135308,0.4752375644572736,False,False,False
1790736116.781258,RETURN,0.010064623,0.0026531880002949038,0.054467240239563175,0.08305754204499838,0.10858490084171768,-0.0994948920676323,-0.14042105808647923,-0.20514743106267128,0.05418051048419387,0.08129385322955829,0.10836706234004767,-0.09023430884396477,-0.13534439853732796,-0.18046676904059986,0.5376127883513879,0.10638304660180403,0.33520017591201395,CONTROL,3.5299999999999687,1790736116781257988,1790736116784597681,37781,919511500000,1790736116781146867,1,1,0,0.0011135249997096253,35,0.0,0.0,9.692815737375268e-05,0.010000000000000002,0.582281908909996,0.4326832770782884,0.3856139566833785,-0.04466912055860804,-0.3263002304764844,-0.05041378077136457,0.5376127883513879,0.10638304660180403,0.33520017591201395,False,False,False
1790736116.7912118,RETURN,0.009955005000000001,0.002232980999906431,0.053620321332922494,0.08192426220893889,0.10682876893127569,-0.09503503882443849,-0.1379550750682081,-0.19696309425098363,0.053281756389368884,0.07994579245361333,0.10656957256334254,-0.08951583178880827,-0.1342667392064278,-0.17902982964986197,0.4865014232437272,-0.05574519185232041,0.2642600408091279,CONTROL,3.5399999999999685,1790736116791211891,1790736116793799165,37798,919520000000,1790736116789426240,1,1,0,0.0009538109998175059,37,0.0,0.0,8.892609414576315e-05,0.010000000000000002,0.5823062430423586,0.4246708219593108,0.38121241870767353,-0.09580481979863137,-0.4804160138116312,-0.11695237789854565,0.4865014232437272,-0.05574519185232041,0.2642600408091279,False,False,False
1790736116.8012466,RETURN,0.010037332000000001,nan,0.053620321332922494,0.08192426220893889,0.10682876893127569,-0.09503503882443849,-0.1379550750682081,-0.19696309425098363,0.05239020727592503,0.07860853858563943,0.10478649260178996,-0.08879332650826968,-0.13318303785283694,-0.17758483389088697,0.4865014232437272,-0.05574519185232041,0.2642600408091279,STALE_STATE_HOLD,3.5499999999999683,1790736116801246568,1790736116801458971,37798,919520000000,1790736116789426240,0,0,-1,nan,-1,nan,nan,nan,nan,nan,nan,nan,nan,nan,nan,nan,nan,nan,nan,nan,nan
1790736116.8113198,RETURN,0.010073791,nan,0.053620321332922494,0.08192426220893889,0.10682876893127569,-0.09503503882443849,-0.1379550750682081,-0.19696309425098363,0.05239020727592503,0.07860853858563943,0.10478649260178996,-0.08879332650826968,-0.13318303785283694,-0.17758483389088697,0.4865004232437272,-0.05574519185232041,0.2642600408091279,STALE_STATE_HOLD,3.5499999999999683,1790736116811319878,1790736116811558431,37798,919520000000,1790736116789426240,0,0,-1,nan,-1,nan,nan,nan,nan,nan,nan,nan,nan,nan,nan,nan,nan,nan,nan,nan,nan
1790736116.8212523,RETURN,0.009931651000000001,nan,0.053620321332922494,0.08192426220893889,0.10682876893127569,-0.09503503882443849,-0.1379550750682081,-0.19696309425098363,0.05239020727592503,0.07860853858563943,0.10478649260178996,-0.08879332650826968,-0.13318303785283694,-0.17758483389088697,0.4865014232437272,-0.05574519185232041,0.2642600408091279,STALE_STATE_HOLD,3.5499999999999683,1790736116821252370,1790736116821456778,37798,919520000000,1790736116789426240,0,0,-1,nan,-1,nan,nan,nan,nan,nan,nan,nan,nan,nan,nan,nan,nan,nan,nan,nan,nan
1790736116.831246,RETURN,0.009993608000000001,nan,0.053620321332922494,0.08192426220893889,0.10682876893127569,-0.09503503882443849,-0.1379550750682081,-0.19696309425098363,0.05239020727592503,0.07860853858563943,0.10478649260178996,-0.08879332650826968,-0.13318303785283694,-0.17758483389088697,0.4865004232437272,-0.05574519185232041,0.2642600408091279,STALE_STATE_HOLD,3.5499999999999683,1790736116831245718,1790736116831450327,37798,919520000000,1790736116789426240,0,0,-1,nan,-1,nan,nan,nan,nan,nan,nan,nan,nan,nan,nan,nan,nan,nan,nan,nan,nan
1790736116.8412743,RETURN,0.010029547,nan,0.053620321332922494,0.08192426220893889,0.10682876893127569,-0.09503503882443849,-0.1379550750682081,-0.19696309425098363,0.05239020727592503,0.07860853858563943,0.10478649260178996,-0.08879332650826968,-0.13318303785283694,-0.17758483389088697,0.4865014232437272,-0.05574519185232041,0.2642600408091279,STALE_STATE_HOLD,3.5499999999999683,1790736116841274123,1790736116841501575,37798,919520000000,1790736116789426240,0,0,-1,nan,-1,nan,nan,nan,nan,nan,nan,nan,nan,nan,nan,nan,nan,nan,nan,nan,nan
1790736116.85129,RETURN,0.010016352000000001,nan,0.053620321332922494,0.08192426220893889,0.10682876893127569,-0.09503503882443849,-0.1379550750682081,-0.19696309425098363,0.05239020727592503,0.07860853858563943,0.10478649260178996,-0.08879332650826968,-0.13318303785283694,-0.17758483389088697,0.4865004232437272,-0.05574519185232041,0.2642600408091279,STALE_STATE_HOLD,3.5499999999999683,1790736116851289904,1790736116851718708,37798,919520000000,1790736116789426240,0,0,-1,nan,-1,nan,nan,nan,nan,nan,nan,nan,nan,nan,nan,nan,nan,nan,nan,nan,nan
1790736116.8612614,RETURN,0.009969833,nan,0.053620321332922494,0.08192426220893889,0.10682876893127569,-0.09503503882443849,-0.1379550750682081,-0.19696309425098363,0.05239020727592503,0.07860853858563943,0.10478649260178996,-0.08879332650826968,-0.13318303785283694,-0.17758483389088697,0.4865014232437272,-0.05574519185232041,0.2642600408091279,STALE_STATE_HOLD,3.5499999999999683,1790736116861261330,1790736116861474796,37798,919520000000,1790736116789426240,0,0,-1,nan,-1,nan,nan,nan,nan,nan,nan,nan,nan,nan,nan,nan,nan,nan,nan,nan,nan
1790736116.8713093,RETURN,0.010047822000000001,nan,0.053620321332922494,0.08192426220893889,0.10682876893127569,-0.09503503882443849,-0.1379550750682081,-0.19696309425098363,0.05239020727592503,0.07860853858563943,0.10478649260178996,-0.08879332650826968,-0.13318303785283694,-0.17758483389088697,0.4865004232437272,-0.05574519185232041,0.2642600408091279,STALE_STATE_HOLD,3.5499999999999683,1790736116871308931,1790736116871743356,37798,919520000000,1790736116789426240,0,0,-1,nan,-1,nan,nan,nan,nan,nan,nan,nan,nan,nan,nan,nan,nan,nan,nan,nan,nan
1790736116.8812177,RETURN,0.009904269,0.006180437000239181,0.05066068332982265,0.07394027608504938,0.10117205446950406,-0.062428509330510515,-0.23717941640868176,-0.09688749466394078,0.05239020727592503,0.07860853858563943,0.10478649260178996,-0.08879332650826968,-0.13318303785283694,-0.17758483389088697,0.8907155260641867,1.3120309640395493,0.6429362207434006,CONTROL,3.5499999999999683,1790736116881217408,1790736116887865373,37866,919561000000,1790736116881142316,0,1,1,0.0022155579999889596,100,0.0,6.604811093879892e-05,0.00017153792151984872,0.1,0.5823251656614494,0.41671510418485136,0.3768409765404918,0.30839036040273726,0.895315859854698,0.26609524420290875,0.8907155260641867,1.3120309640395493,0.6429362207434006,False,False,False
1790736116.8912747,RETURN,0.01005749,0.0029856500000278174,0.049012349838956304,0.06815496076418714,0.09897959374145548,-0.1171871514817589,-0.18098196611955628,-0.19780791207621545,0.05150590300655866,0.07728215141656003,0.10301790217996587,-0.08806687704798141,-0.13209342053842382,-0.1761319498532177,1.2169845133808057,2.1238570978380955,1.1377353219091497,CONTROL,3.559999999999968,1790736116891274397,1790736116894535670,37885,919584500000,1790736116891154159,0,1,1,0.0018158579996452318,100,0.0,0.0008598816512382923,0.0004900814349396987,0.1,0.5823387785380668,0.4088166277594091,0.3724999593574792,0.6346457348427389,1.7150404700786865,0.7652353625516705,1.2169845133808057,2.1238570978380955,1.1377353219091497,False,False,False
1790736116.901252,RETURN,0.009977999000000001,0.004620594999778405,0.04659146938406966,0.06781231480594307,0.0933078542767034,-0.09637418655398443,-0.002814603871106075,-0.289371972304575,0.05062888259948772,0.07596668947064722,0.10126387933350678,-0.08733656825784039,-0.13099801453139073,-0.17467134723490982,1.001395097858396,1.5130962533216308,1.0117901645915357,CONTROL,3.569999999999968,1790736116901251865,1790736116906338094,37913,919599500000,1790736116900645383,1,1,0,0.0031887560003269755,82,0.0,1.429478024872477e-05,8.577237158807485e-05,0.10000000000000002,0.5823471831198259,0.40097588672034623,0.3681896900323236,0.41904791473857006,1.1121203666012844,0.6436004745592121,1.001395097858396,1.5130962533216308,1.0117901645915357,False,False,False
1790736116.9111536,RETURN,0.009901243,0.0036757100001523213,0.04625674239204969,0.06773943425567275,0.09130202625545669,0.01885476230158373,-0.012912463813570627,-0.005346101663575645,0.04975918422041026,0.07466220999346002,0.09952450039302674,-0.08660248579200674,-0.12989694830627166,-0.17320319734252868,0.7033633569231423,0.7685856036193444,0.5075252544198432,CONTROL,3.5799999999999677,1790736116911153359,1790736116916087529,37933,919613000000,1790736116910985690,0,0,1,0.0020921229997838964,100,0.0010001499039348216,0.0010001499039348216,0.0006084559949420254,0.1,0.5823504804952238,0.39319336504025687,0.3639104850803824,0.12101287642791855,0.37539223857908743,0.14361476933946085,0.7033633569231423,0.7685856036193444,0.5075252544198432,False,False,False
1790736116.9213088,RETURN,0.010155005,0.003932827999960864,0.04676568989213159,0.0676981506036265,0.0924091029184253,0.047420667318928814,-0.00020245815783732479,0.13539926051018028,0.048896845174461134,0.07336876893977984,0.09779983996803143,-0.0858647161089068,-0.12879035154393698,-0.1717276730911556,0.43273691437647693,-0.10834817752415338,0.1395291667102107,CONTROL,3.5899999999999674,1790736116921308574,1790736116925701025,37954,919626000000,1790736116921174890,0,0,1,0.0024918220001381997,100,0.000463321389988558,0.000463321389988558,0.0010480424377782016,1.0,0.5823487713581522,0.38546953653096694,0.3596626546037994,-0.14961185698167528,-0.4938177140551203,-0.22013348789358872,0.43273691437647693,-0.10834817752415338,0.1395291667102107,False,False,False
1790736116.9312043,RETURN,0.009896053,0.0035715120002350886,0.047335649909038935,0.06770441686373019,0.09407113698686542,0.04742381282308222,0.0016340478516811106,0.1457788880721751,0.048041901898170036,0.0720864209615486,0.0960899709308336,-0.08512334647122956,-0.12767835513158818,-0.17024494900438095,0.08234215597287509,-1.2253489463935812,-0.14455349776189158,CONTROL,3.5999999999999672,1790736116931204116,1790736116935136033,37975,919637000000,1790736116930802744,0,1,1,0.0020207870002195705,100,0.0,0.00038220630132401734,0.00034998404756261814,0.1,0.5823421559728751,0.3778048647491807,0.3554465022381084,-0.5,-1.603153811142762,-0.5,0.08234215597287509,-1.2253489463935812,-0.14455349776189158,False,False,False
1790736116.9412527,RETURN,0.010047481,0.004183103000286792,0.047648864022711734,0.06754851032861264,0.09549610008905818,0.009132908067433155,-0.05470216344807935,0.15680155925795491,0.04719438995141795,0.07081521939580365,0.0943949644004668,-0.08437846494592992,-0.12656109116276254,-0.16875520121431017,0.0823307341394719,-1.6298001970962759,-0.14873767489971562,CONTROL,3.609999999999967,1790736116941252649,1790736116945830773,37996,919647500000,1790736116941155675,0,0,1,0.0030460350003522763,100,0.0,3.485587507956467e-06,0.0005776355971132269,0.1,0.5823307341394719,0.3701998029037242,0.3512623251002844,-0.5,-2.0,-0.5,0.0823307341394719,-1.6298001970962759,-0.14873767489971562,False,False,False
1790736116.951137,RETURN,0.009884572000000001,0.003637258000253496,0.04786205289386469,0.06594906584116611,0.09821286043094313,0.08989430796085393,-0.32761704168129124,0.4924051675423734,0.04635434400939559,0.06955521625261624,0.09271488972660191,-0.08363016040422638,-0.1254386929373298,-0.1672586074615596,0.08231460515975209,-1.6373452062356006,-0.15288958626176102,CONTROL,3.619999999999967,1790736116951137000,1790736116955115145,38010,919658000000,1790736116951022363,1,0,0,0.0023547820001112996,82,0.0,5.054223365719146e-06,7.050430170877365e-05,0.10000000000000002,0.5823146051597521,0.36265479376439935,0.347110413738239,-0.5,-2.0,-0.5,0.08231460515975209,-1.6373452062356006,-0.15288958626176102,False,False,False
1790736116.9612515,RETURN,0.010114678,0.004491960999985167,0.04981318180219496,0.06030551588701005,0.10645555214136904,0.2832258059336543,-0.7684343720500042,1.1074090941478945,0.04552179785455934,0.068306462203026,0.09104981447345983,-0.082878522521602,-0.12431129496149355,-0.1657553470952581,0.08229386780365111,-1.6448297304276216,-0.15700894791828607,CONTROL,3.6299999999999666,1790736116961251228,1790736116966150181,38028,919668000000,1790736116961011913,0,0,1,0.0025942570000552223,100,0.0,0.0001628329778494142,0.000643373641841516,0.1,0.5822938678036511,0.3551702695723784,0.34299105208171393,-0.5,-2.0,-0.5,0.08229386780365111,-1.6448297304276216,-0.15700894791828607,False,False,False
1790736116.9711971,RETURN,0.009945627,0.004131575999963388,0.053436488646675606,0.050617414897184965,0.12023857140638539,0.42526354115738346,-1.1380937632307853,1.6031228121810943,0.04469678436859004,0.06706900656697978,0.0893998044037283,-0.08212364177780397,-0.12317903294779069,-0.16424560107304645,0.08226862027610893,-1.6522533480478214,-0.16109548260542367,CONTROL,3.6399999999999664,1790736116971196916,1790736116975736757,38048,919678000000,1790736116970743976,0,1,1,0.002811889999975392,100,0.0,0.005898482616815803,0.014427395343324712,1.0,0.5822686202761089,0.34774665195217863,0.33890451739457633,-0.5,-2.0,-0.5,0.08226862027610893,-1.6522533480478214,-0.16109548260542367,False,False,False
1790736116.9812298,RETURN,0.010032212,0.0038042249998397892,0.057930176965676594,0.03835480082765397,0.1373110087067002,0.5080606036387201,-1.417088772814228,1.95276157679025,0.043879335524349805,0.06584289730126752,0.08776492346247677,-0.081365609456845,-0.12204204381509332,-0.16272955196107985,0.08223896018444332,-1.659615648174862,-0.16514891977153462,CONTROL,3.649999999999966,1790736116981229648,1790736116985380592,38066,919687500000,1790736116981097357,0,1,1,0.0024926230003075034,100,0.0,0.029849460156320617,0.01783376394903624,1.0,0.5822389601844433,0.340384351825138,0.3348510802284654,-0.5,-2.0,-0.5,0.08223896018444332,-1.659615648174862,-0.16514891977153462,False,False,False
1790736116.9912434,RETURN,0.010014038000000001,0.0038081319999037078,0.06431631259501547,0.019659550677089577,0.16263898081886774,0.5425431043380982,-1.6705065808773154,2.226954059733433,0.04306948237783881,0.06462818098745798,0.0861452337610692,-0.08060451764700087,-0.12090046568860523,-0.16120738393402326,0.08220498450621072,-1.666916230675616,-0.1691689956222271,CONTROL,3.659999999999966,1790736116991243275,1790736116995491232,38086,919699500000,1790736116991129008,0,1,1,0.0024424090001957666,100,0.0,0.028095816980627575,0.01720165186240097,1.0,0.5822049845062107,0.3330837693243839,0.3308310043777729,-0.5,-2.0,-0.5,0.08220498450621072,-1.666916230675616,-0.1691689956222271,False,False,False
1790736117.0012417,RETURN,0.009998047000000001,nan,0.07016839465913272,0.00038255360682892814,0.18784017418225973,0.5142835877585815,-1.814972996600422,2.3282741452189097,0.04226725506015394,0.06342490281983737,0.08454079556108196,-0.07984045924081273,-0.11975443789986533,-0.1596792827750559,0.08220398450621072,-1.666916230675616,-0.1691689956222271,ABORT_TRACK_ERROR_PREVIOUS_TAU,3.6699999999999657,1790736117001241693,1790736116995491232,38104,919710500000,1790736117001134529,0,0,-1,nan,-1,nan,nan,nan,nan,nan,nan,nan,nan,nan,nan,nan,nan,nan,nan,nan,nan
