t_wall,phase,dt,compute_time,q_base_joint,q_shoulder_joint,q_elbow_joint,qd_base_joint,qd_shoulder_joint,qd_elbow_joint,qref_base_joint,qref_shoulder_joint,qref_elbow_joint,qdref_base_joint,qdref_shoulder_joint,qdref_elbow_joint,tau_base_joint,tau_shoulder_joint,tau_elbow_joint,solver_success,solver_accepted,solver_status,solve_time,solver_iterations,constraint_violation,tau_ff_base_joint,tau_ff_shoulder_joint,tau_ff_elbow_joint,tau_feedback_base_joint,tau_feedback_shoulder_joint,tau_feedback_elbow_joint,tau_raw_base_joint,tau_raw_shoulder_joint,tau_raw_elbow_joint,saturated_base_joint,saturated_shoulder_joint,saturated_elbow_joint
1790678299.8971534,APPROACH,0.01012385,0.005835018999277963,-0.019517284011890013,-0.007499431634260922,0.0009730134004781732,9.579606967734601e-05,-0.007025820694928104,-9.384702907664928e-05,-0.019517284011890013,-0.007499431634260922,0.0009730134004781732,0.0,0.0,0.0,0.5738178297933941,-0.06727573874546386,0.11155377819071688,1,1,0,0.004419808000420744,25,0.0,0.5558116929607042,-0.13071585292941856,0.08655377819071688,0.018006136832689937,0.0634401141839547,0.024999999999999994,0.5738178297933941,-0.06727573874546386,0.11155377819071688,False,False,False
1790678299.9070337,APPROACH,0.00987903,0.005450956000458973,-0.01951738404419423,-0.007567552018200807,0.0009721202990684574,-0.0021242537073786344,-0.005886611100671223,-5.0135244343822716e-05,-0.019517224834212282,-0.007499366233833455,0.0009730715482491797,1.795291692546276e-05,1.98407319494542e-05,1.7640470906190206e-05,0.5879269686413606,-0.03517905270665425,0.12464014746653439,1,1,0,0.0044760639993910445,21,0.0,0.5561991967859868,-0.12965369008829888,0.08699908932160656,0.031727771855373774,0.09447463738164463,0.037641058144927825,0.5879269686413606,-0.03517905270665425,0.12464014746653439,False,False,False
1790678299.9170458,APPROACH,0.010012562000000001,0.007416540999656718,-0.019609696491682982,-0.00762847211457629,0.0009876067820879797,-0.0127906892581162,-0.006454230336210719,0.0037780163383077364,-0.019516802378719195,-0.007498899355596689,0.000973486651480924,7.249381310571778e-05,8.011680329141284e-05,7.123215721877692e-05,0.6133151552826765,-0.024191922237590202,0.12315877170153983,1,1,0,0.006164678000459389,24,0.0,0.5565873834273027,-0.12858778632333162,0.0874461494758838,0.056727771855373775,0.10439586408574142,0.035712622225656014,0.6133151552826765,-0.024191922237590202,0.12315877170153983,False,False,False
1790678299.9271019,APPROACH,0.010055742000000001,0.008232503999352048,-0.019760862393614076,-0.0076895751008771995,0.001040538395533197,-0.01883873874584797,-0.00646643375587455,0.0070802296196084465,-0.01951564543234637,-0.007497620752071788,0.0009746234627809828,0.00016365247553546758,0.00018086113323226044,0.00016080432753046934,0.6254680599601787,-0.04337722046642782,0.10977777605036315,1,1,0,0.0069890580007268,28,3.469446951953614e-18,0.5569727893725563,-0.12752571876364452,0.08789196689474542,0.06849527058762234,0.0841484982972167,0.021885809155617726,0.6254680599601787,-0.04337722046642782,0.10977777605036315,False,False,False
1790678299.9371188,APPROACH,0.010016889000000001,0.008209861999603163,-0.019889748566047416,-0.007736406146405805,0.001097815750604525,-0.018532807130298146,-0.006684510205896957,0.00875778257583247,-0.019513401653254176,-0.007495141031383125,0.000976828191960092,0.00029026630897799056,0.0003207888753844559,0.0002852146199880816,0.6272310516833917,-0.04181882943617311,0.10887865868243857,1,1,0,0.006955974999982573,27,3.469446951953614e-18,0.5573524254376276,-0.12647385864744803,0.08833404600999017,0.06987862624576405,0.08465502921127492,0.020544612672448392,0.6272310516833917,-0.04181882943617311,0.10887865868243857,False,False,False
1790678299.9471335,APPROACH,0.010014636,0.008464421999633487,-0.020094936550698606,-0.007812431996966573,0.0012025882974242563,-0.016412201821693916,-0.006595635387116837,0.008977149525950924,-0.019509713460911314,-0.0074910650120957505,0.000980452196348396,0.00045213803935893667,0.0004996820115815916,0.0004442691938033136,0.6282489457903662,-0.03771512316119202,0.1098834897093924,1,1,0,0.007147415999497753,28,0.0,0.5577278596875221,-0.12542605908180626,0.08877514177357856,0.07052108610284398,0.08771093592061424,0.021108347935813836,0.6282489457903662,-0.03771512316119202,0.1098834897093924,False,False,False
1790678299.957051,APPROACH,0.009917712,0.008165840000401658,-0.0202219921998541,-0.007868728914110612,0.0012772786177519535,-0.013572511947104514,-0.006629294174811737,0.008559344048395251,-0.019504292126330897,-0.007485073604311436,0.0009857791799987767,0.0006467854908377119,0.000714797356094624,0.0006355290720187249,0.6283002189515587,-0.029718568507611065,0.11329343871972805,1,1,0,0.006804501000260643,26,3.469446951953614e-18,0.55809575293568,-0.12438997242127198,0.08921218996467899,0.07020446601587874,0.09467140391366091,0.024081248755049068,0.6283002189515587,-0.029718568507611065,0.11329343871972805,False,False,False
1790678299.9669898,APPROACH,0.009938603,0.007762471000205551,-0.02034916119644592,-0.007941811122759823,0.0013680395098054632,-0.009661572404219481,-0.006621862365890846,0.007924377531905686,-0.0194967543299105,-0.007476743180966443,0.0009931857913590817,0.0008757004682441329,0.0009677835824996733,0.0008604600966368912,0.6271242402952819,-0.016972658992998962,0.11921221865340488,1,1,0,0.006463710000389256,23,6.938893903907228e-18,0.5584606660096791,-0.12335111232548611,0.0896514544929885,0.06866357428560273,0.10637845333248715,0.02956076416041638,0.6271242402952819,-0.016972658992998962,0.11921221865340488,False,False,False
1790678299.97707,APPROACH,0.010080498,0.008135471999594301,-0.020437010540989675,-0.008017935472296678,0.001457016302394365,-0.006111333552059271,-0.006692845996758366,0.0076661056002654115,-0.019486612996238935,-0.007465535448884639,0.0010031506289576702,0.0011420714350680588,0.0012621644329103786,0.0011221952402918323,0.6268226688270817,0.002648165790593668,0.12814363688141117,1,1,0,0.006758043000445468,25,6.938893903907228e-18,0.5588270956039894,-0.12229462881158877,0.09009940340234616,0.0679955732230923,0.12494279460218244,0.038044233479065014,0.6268226688270817,0.002648165790593668,0.12814363688141117,False,False,False
1790678299.987017,APPROACH,0.009946698,0.007876675999796134,-0.020476145774932064,-0.00807353715709791,0.0015228005806644518,-0.003504418315531613,-0.006427534749170105,0.0077565688828722746,-0.019473807530863516,-0.007451383441884518,0.0010157332326834717,0.0014382266523895926,0.0015894614569374335,0.001413196280210157,0.6260535411797357,0.012988508748045913,0.13277474480770501,1,1,0,0.0065372380004191655,24,0.0,0.559185157831201,-0.12124727807067537,0.09054485026115809,0.0668683833485346,0.13423578681872128,0.04222989454654691,0.6260535411797357,0.012988508748045913,0.13277474480770501,False,False,False
1790678299.9971063,APPROACH,0.010089486,0.008491171000059694,-0.020502110400927975,-0.00814665094267486,0.0016190357740129002,-0.0023138656208313755,-0.0065422273354723585,0.008833219444670765,-0.019457640783304357,-0.007433516701557722,0.001031618620063647,0.0017720121076403204,0.0019583456763515735,0.0017411726551193915,0.6278647788764259,0.025377516792464846,0.13714550942907525,1,1,0,0.007130783999855339,26,6.938893903907228e-18,0.5595449468744121,-0.12017777966571615,0.09100125575441805,0.06831983200201372,0.145555296458181,0.046144253674657194,0.6278647788764259,0.025377516792464846,0.13714550942907525,False,False,False
1790678300.0070434,APPROACH,0.009937049,0.008299712000734871,-0.02050695725913254,-0.008191378400591809,0.0016892666972312398,0.00040799352929662286,-0.005575698065179424,0.009805329030275279,-0.019438264174004946,-0.007412102570762428,0.0010506580059208874,0.002133189355757227,0.002357502036060754,0.002096064106120739,0.6247982430946386,0.025980997917580143,0.13728475298926346,1,1,0,0.006967837000047439,24,3.469446951953614e-18,0.5598960767469665,-0.1191153578717269,0.09145629324880312,0.06490216634767211,0.14509635578930705,0.04582845974046033,0.6247982430946386,0.025980997917580143,0.13728475298926346,False,False,False
1790678300.0170672,APPROACH,0.010023812,0.00859962499998801,-0.02050509779879217,-0.008254748755624597,0.001809201692707596,0.00034895173613642256,-0.005729072098304649,0.011985562414921224,-0.019414921008862728,-0.007386304786237412,0.0010735949151295338,0.0025297053026011214,0.0027957130882077,0.0024856792340234093,0.6275366732248151,0.03063755783632592,0.13712920440839255,1,1,0,0.007247864000419213,26,0.0,0.5602471669086725,-0.11803245831060609,0.09192189108283445,0.06728950631614258,0.148670016146932,0.045207313325558086,0.6275366732248151,0.03063755783632592,0.13712920440839255,False,False,False
1790678300.0269878,APPROACH,0.009920578000000001,0.008495729999594914,-0.02050198601791653,-0.008306255122836781,0.0019302166078798422,0.0003764990893520352,-0.005698215771932296,0.014709291555848138,-0.019387748148228495,-0.007356274599701037,0.0011002948692064268,0.0029535483022192902,0.0032641247328998027,0.0029021458246392385,0.6291515627659842,0.029654507519709022,0.1343204904915841,1,1,0,0.007156742999541166,25,3.469446951953614e-18,0.5605917006640144,-0.11694762455220964,0.09239020744865713,0.06855986210196975,0.14660213207191866,0.04193028304292697,0.6291515627659842,0.029654507519709022,0.1343204904915841,False,False,False
1790678300.037022,APPROACH,0.010034292,0.008561953999560501,-0.020498294288601393,-0.008363553488714537,0.0020901845227871974,0.0003290838254330175,-0.005768514282679479,0.017215923605690853,-0.019355829358098285,-0.007320999431785223,0.0011316581563530497,0.003413615746980504,0.00377256995592822,0.0033542064233648278,0.6312560771700739,0.030979779965138607,0.13244889382230937,1,1,0,0.007041376000415767,24,6.938893903907228e-18,0.5609373375842157,-0.11583509775225166,0.0928724974499522,0.07031873958585826,0.14681487771739027,0.03957639637235717,0.6312560771700739,0.030979779965138607,0.13244889382230937,False,False,False
1790678300.0471556,APPROACH,0.010133659000000001,0.007775025000228197,-0.020495406471759736,-0.008415426380266489,0.002256992540675462,0.0003172901862643924,-0.005758777994337435,0.01960436708796273,-0.0193187493572716,-0.007280020332948957,0.0011680928303673271,0.003909824396425686,0.004320956763794473,0.0038417792384276943,0.6335697746247138,0.03979010806838805,0.13436140591813633,1,1,0,0.006368631000441383,20,6.938893903907228e-18,0.5612836226430534,-0.11469394333930118,0.09336935990385938,0.07228615198166033,0.15448405140768923,0.04099204601427695,0.6335697746247138,0.03979010806838805,0.13436140591813633,False,False,False
1790678300.0570889,APPROACH,0.009933632000000001,0.00978967199989711,-0.020491518415769683,-0.008487474920600313,0.002520712620835752,0.00028628204601957265,-0.00578228418949653,0.022419599315565114,-0.01927736846607365,-0.007234288089353291,0.0012087535436252547,0.0044266281531709145,0.004892104329988021,0.004349588731053585,0.6363632054883778,0.03275083546012035,0.12739904046248268,1,1,0,0.008250187999692571,30,1.0408340855860843e-17,0.5616204906704596,-0.1135561759603944,0.09386694530911857,0.07474271481791814,0.14630701142051475,0.03353209515336411,0.6363632054883778,0.03275083546012035,0.12739904046248268,False,False,False
1790678300.0676587,APPROACH,0.010569648000000001,0.008871836999787774,-0.020489288429470065,-0.008534414213785091,0.0027090226416142116,0.00026280805017055706,-0.005886812952674378,0.02445898405855227,-0.019227531686694624,-0.007179210789937897,0.0012577229818699716,0.005009099000272183,0.0055358241218017345,0.0049219224679418055,0.6390931994908783,0.0342348088254085,0.1256751327022062,1,1,0,0.007516167999710888,27,6.938893903907228e-18,0.5619762552706088,-0.11232261458644965,0.09440890203490397,0.0771169442202695,0.14655742341185815,0.03126623066730223,0.6390931994908783,0.0342348088254085,0.1256751327022062,False,False,False
1790678300.0770931,APPROACH,0.009434365,0.008315150999806065,-0.020486797959727632,-0.008589925758649919,0.002951358555119299,0.0002422054758439943,-0.005814749877873407,0.026196404648689737,-0.01917771013037834,-0.0071241503143461005,0.0013066774619885744,0.00555698766210952,0.0061413252848045025,0.005460275875307328,0.6414481849493139,0.03873824070446456,0.12534788213101827,1,1,0,0.00704220800071198,25,6.938893903907228e-18,0.5622915926818417,-0.11119976909165925,0.09490443771899236,0.0791565922674722,0.14993800979612382,0.03044344441202591,0.6414481849493139,0.03873824070446456,0.12534788213101827,False,False,False
1790678300.087133,APPROACH,0.010039502,0.00887863899970398,-0.020484170265778978,-0.00866303497506049,0.0032923900042547416,0.0001821491402495867,-0.005877798607198705,0.028249407367559248,-0.01911887508005935,-0.007059128542816811,0.0013644885685472185,0.0061686018379341675,0.0068172529331863765,0.006061245741053537,0.6443513866514329,0.04655539706742731,0.12591143648518044,1,1,0,0.007487996000236308,26,6.938893903907228e-18,0.5626249762926799,-0.10998049563761494,0.09544488849943174,0.08172641035875297,0.15653589270504226,0.03046654798574871,0.6443513866514329,0.04655539706742731,0.12591143648518044,False,False,False
1790678300.0970058,APPROACH,0.009873229,0.008699793000232603,-0.020482743966737438,-0.008710363647403518,0.003523736125069732,0.0001636664403295311,-0.005932704840851593,0.029441118277694616,-0.0190548847839445,-0.006988409432498856,0.0014273652008838518,0.006798434910763224,0.0075133152623769435,0.006680117428764583,0.6477572095049018,0.05529901327462078,0.1279103187672017,1,1,0,0.007326251000449702,25,1.3877787807814457e-17,0.562950755654837,-0.10875508643858045,0.09599048033022267,0.08480645385006486,0.16405409971320123,0.03191983843697902,0.6477572095049018,0.05529901327462078,0.1279103187672017,False,False,False
1790678300.1070192,APPROACH,0.010013152,0.009575820000463864,-0.02048115332784839,-0.008770186626823495,0.003826065195586814,0.00013245900544400815,-0.00603087134019688,0.030871002254344127,-0.01898349492560106,-0.006909512668859696,0.0014975126161664541,0.007465500148168262,0.008250524854729093,0.007335573306036801,0.6520221157279141,0.06823008466465157,0.131168625643446,1,1,0,0.008147806000124547,29,1.3877787807814457e-17,0.5632791529378067,-0.10748382447297393,0.09655898139380845,0.08874296279010745,0.1757139091376255,0.03460964424963754,0.6520221157279141,0.06823008466465157,0.131168625643446,False,False,False
1790678300.117375,APPROACH,0.010355906,0.00910997499977384,-0.020480009742739114,-0.008828213386883554,0.0041274079560560395,9.373445078293968e-05,-0.006164484414959749,0.03242203293869247,-0.018902483361199495,-0.0068199824415005016,0.0015771142848436989,0.00818495235014232,0.009045630093007462,0.008042504424250656,0.6556296780630795,0.07733095465388189,0.1326890281412118,1,1,0,0.007715472999734629,26,6.938893903907228e-18,0.5636167891752072,-0.10613695005131242,0.09716397456094221,0.09201288888787229,0.1834679047051943,0.035525053580269604,0.6556296780630795,0.07733095465388189,0.1326890281412118,False,False,False
1790678300.1272686,APPROACH,0.009893527000000001,0.008884951999789337,-0.020479108146354008,-0.008887442805082024,0.004444127196239656,7.049625096586367e-05,-0.00632967229999646,0.034067564503870176,-0.018817990554340976,-0.006726604906278956,0.0016601366097036816,0.008899940251953488,0.009835801593596212,0.008745048937353658,0.6591028566180805,0.08624386973006785,0.13408924531463756,1,1,0,0.007429736000631237,24,3.122502256758253e-17,0.5639375557011342,-0.10481792949896175,0.09775902570665079,0.09516530091694633,0.1910617992290296,0.03633021960798677,0.6591028566180805,0.08624386973006785,0.13408924531463756,False,False,False
1790678300.1371427,APPROACH,0.009874121000000001,0.00949255399973481,-0.020478627951453277,-0.008951424961666454,0.004795308049174274,2.4364784019706225e-05,-0.0064771826093086675,0.036000974757684816,-0.018726479030663008,-0.006625470610436169,0.001750055500195108,0.00964007783135507,0.010653767352564162,0.009472305432229636,0.6628207469302564,0.09647704763224962,0.13560780465614336,1,1,0,0.007992644000296423,26,2.0816681711721685e-17,0.5642560455407862,-0.10346832399503014,0.09837039565960552,0.09856470138947016,0.19994537162727977,0.037237408996537824,0.6628207469302564,0.09647704763224962,0.13560780465614336,False,False,False
1790678300.147461,APPROACH,0.010318506,0.009499656000116374,-0.020478497934692363,-0.009010196530709003,0.005127904911657488,-4.236796692484429e-06,-0.006608593121314378,0.037735774282587536,-0.018622897706953412,-0.006510997330844655,0.001851834132319909,0.010441449411181376,0.011539406091564482,0.010259730233317174,0.6664218350284363,0.1075286346385441,0.1378311589226844,1,1,0,0.008000548999916646,24,2.0816681711721685e-17,0.5645872151255664,-0.10202076262771519,0.09902884382192989,0.1018346199028699,0.2095493972662593,0.03880231510075452,0.6664218350284363,0.1075286346385441,0.1378311589226844,False,False,False
1790678300.1577594,APPROACH,0.010298188,0.008879410999725224,-0.02047877482559013,-0.009080333268678409,0.0055356748252926025,-5.8292103247650145e-05,-0.006770246384836897,0.039781387465978944,-0.018511131030122623,-0.006387477978246537,0.0019616556626651394,0.011269266103558852,0.012454270743639506,0.011073139905860795,0.6696009238928787,0.11661766206891892,0.1388527850777377,1,1,0,0.0075027829998361995,24,4.85722573273506e-17,0.5649161524646177,-0.10053629009381533,0.09970684368874869,0.10468477142826106,0.21715395216273425,0.03914594138898902,0.6696009238928787,0.11661766206891892,0.1388527850777377,False,False,False
1790678300.1672962,APPROACH,0.009536737,0.008657894999487326,-0.020479452656132047,-0.009145310628576375,0.005923897209475726,-9.133055155050943e-05,-0.006934342434109297,0.041780048590579835,-0.01839990493441281,-0.00626455605085585,0.0020709460199660893,0.01206046245652811,0.013328664293379845,0.011850566566028902,0.671895711103978,0.1226081411247054,0.13843110268693692,1,1,0,0.007321793000301113,23,5.551115123125783e-17,0.5652194502369975,-0.09912455927221182,0.10035407926017893,0.10667626086698052,0.22173270039691723,0.038077023426758,0.671895711103978,0.1226081411247054,0.13843110268693692,False,False,False
1790678300.177063,APPROACH,0.009766879000000001,0.008374973000172758,-0.02048110868448294,-0.00921904702769627,0.006391551043033239,-0.00020660094198379607,-0.0063484320996619,0.04298354982443124,-0.01827805670904301,-0.0061298950379343195,0.0021906736432560003,0.01289489104261504,0.014250836104024823,0.01267047306129502,0.6739406740751488,0.12690711846408242,0.13750528184892036,1,1,0,0.007071372000609699,22,6.938893903907228e-17,0.5655288391428146,-0.09764032439584534,0.10103700109812898,0.1084118349323342,0.22454744285992775,0.03646828075079139,0.6739406740751488,0.12690711846408242,0.13750528184892036,False,False,False
1790678300.187124,APPROACH,0.010061143,0.008486983000693726,-0.020484012440687316,-0.009291462266996398,0.006914371908220751,-0.00027764185641126674,-0.005804874796122155,0.04415332662135973,-0.018143889931666657,-0.005981620132107136,0.0023225054309655505,0.013779616570358016,0.015228593764112437,0.013539801148586408,0.6761476471261096,0.1325194451270119,0.13703526499657598,1,1,0,0.007177702000262798,22,9.71445146547012e-17,0.565846336948841,-0.09606911226506454,0.10176252128375733,0.1103013101772686,0.22858855739207642,0.03527274371281864,0.6761476471261096,0.1325194451270119,0.13703526499657598,False,False,False
1790678300.1971443,APPROACH,0.010019884000000001,0.008518302000084077,-0.020486961910946455,-0.009341239818540181,0.0073140703536944685,-0.0003532217454355598,-0.00537012355438969,0.04482392083141753,-0.01800130102669406,-0.0058240374810943065,0.002462612770633965,0.014685694070943367,0.016229948635255863,0.014430109606771256,0.6788065247388376,0.1391670375264235,0.13787542641522826,1,1,0,0.007028682000054687,21,4.163336342344337e-17,0.5661613958964452,-0.0944601157772016,0.1025080755562648,0.11264512884239243,0.23362715330362513,0.03536735085896345,0.6788065247388376,0.1391670375264235,0.13787542641522826,False,False,False
1790678300.2071364,APPROACH,0.009992113,0.008482145000016317,-0.02049067664269355,-0.009389712908419945,0.007742258104999067,-0.0004183806536398757,-0.004893872234648637,0.045357618018316635,-0.017849943728190144,-0.005656764407828397,0.002611335901910252,0.015613693688163965,0.017255530813957743,0.01534195865706778,0.6815375191497187,0.14611709824472272,0.13874648053660688,1,1,0,0.007043609999527689,21,7.632783294297951e-17,0.5664745351940814,-0.0928100434234089,0.1032752156594115,0.11506298395563731,0.23892714166813162,0.03547126487719536,0.6815375191497187,0.14611709824472272,0.13874648053660688,False,False,False
1790678300.2170794,APPROACH,0.009943130000000001,0.009079947999452997,-0.020495017095220724,-0.009435970650991443,0.00819855036867878,-0.0003439211327001404,-0.004099215601510267,0.04584062641700857,-0.017690004792558313,-0.005480007306833212,0.00276849131863135,0.016560979334411367,0.01830242701833461,0.01627275808937497,0.6839831465897187,0.15291083494542806,0.13967965558058884,1,1,0,0.007527170000685146,22,1.0408340855860843e-16,0.5667851815024874,-0.09112138442336104,0.1040628043320632,0.11719796508723132,0.2440322193687891,0.03561685124852563,0.6839831465897187,0.15291083494542806,0.13967965558058884,False,False,False
1790678300.2270281,APPROACH,0.009948671000000001,0.008667553000123007,-0.020496857106260258,-0.009465085688058927,0.008562142983525867,-9.692260992009611e-05,-0.0029048896142668114,0.04454125026831219,-0.01752043310246851,-0.005292604531938406,0.002935111844864611,0.01753220758220293,0.01937578347657343,0.017227083434920205,0.6866648573840809,0.1624638404724543,0.14360745408691114,1,1,0,0.007338133999837737,22,2.2898349882893854e-16,0.5670951206699586,-0.08938367796169652,0.10487574973269213,0.11956973671412226,0.2518475184341508,0.03873170435421901,0.6866648573840809,0.1624638404724543,0.14360745408691114,False,False,False
1790678300.237049,APPROACH,0.010021057,0.008108461999654537,-0.02049806698063339,-0.00947464559680622,0.009060739132438655,-0.00010469410046160061,0.0019444032978275566,0.037654327178377175,-0.01733974272901552,-0.005092913903367463,0.003112657548950465,0.018533795166675516,0.020482691667032274,0.018211239754322022,0.6875880491359934,0.16053763728231035,0.14516927053720724,1,1,0,0.0067524120004236465,20,1.700029006457271e-16,0.5674064988359394,-0.08758318150709707,0.10572055216536323,0.120181550300054,0.24812081878940742,0.03944871837184401,0.6875880491359934,0.16053763728231035,0.14516927053720724,False,False,False
1790678300.2471335,APPROACH,0.010084537000000001,0.008875442999851657,-0.020499231843627008,-0.009411176153742318,0.009434919895085159,-0.00010402721885299733,0.009003083982872601,0.02751651135765373,-0.0171476580924461,-0.004880630863145911,0.0033013992145526213,0.019564937380563707,0.021622262264526976,0.01922443634514679,0.6877644399652298,0.1541915524921969,0.14817763845242465,1,1,0,0.007546724999883736,23,1.5959455978986625e-16,0.5677190948649335,-0.08571896993636526,0.1065977355533297,0.1200453451002963,0.23991052242856215,0.04157990289909495,0.6877644399652298,0.1541915524921969,0.14817763845242465,False,False,False
1790678300.2570999,APPROACH,0.009966143,0.008295313000417082,-0.020500456679914514,-0.009317084762445305,0.009644295853958873,-0.00016447121199798331,0.01301864780211022,0.02204687315439331,-0.01694749952929746,-0.004659424893369069,0.003498074291060134,0.020606465935283525,0.022773311364664543,0.020247838516714946,0.6892921820614584,0.1533065711996983,0.1511597726115111,1,1,0,0.007023041999673296,21,1.214306433183765e-16,0.5680273453921783,-0.08382363378533852,0.107491982417576,0.12126483666928013,0.2371302049850368,0.04366779019393508,0.6892921820614584,0.1533065711996983,0.1511597726115111,False,False,False
1790678300.2670376,APPROACH,0.009937761,0.008295895000628661,-0.020490229297874585,-0.009157356751893886,0.009891109634140527,0.0018157114767509601,0.013318269524843987,0.022905022657821825,-0.01673746609091937,-0.004427305669034468,0.003704452384069683,0.02166691627356824,0.023945271943269664,0.02128983316402705,0.6905975608776274,0.15954816638495797,0.15342528262642974,1,1,0,0.007018924000476545,21,3.122502256758253e-16,0.5683341135099382,-0.08187980917651363,0.10841146775867438,0.12226344736768915,0.2414279755614716,0.045013814867755346,0.6905975608776274,0.15954816638495797,0.15342528262642974,False,False,False
1790678300.2771313,APPROACH,0.010093613000000001,0.00774463800007652,-0.020450839425627088,-0.009040577449543008,0.01017337846053934,0.005685528568753596,0.008824356480047368,0.031001658748728754,-0.016513240298779104,-0.004179501712915269,0.003924775832292057,0.022765988336588487,0.02515991546254035,0.02236977737766159,0.6928702344079187,0.18064915741464643,0.15714940220161508,1,1,0,0.0064672870003050775,19,1.3183898417423734e-16,0.5686451370315617,-0.07984899811618495,0.1093744791548249,0.124225097376357,0.2604981555308314,0.04777492304679019,0.6928702344079187,0.18064915741464643,0.15714940220161508,False,False,False
1790678300.287109,APPROACH,0.009977696000000001,0.007843825000236393,-0.020375537616079242,-0.008969790147519419,0.010516590208493604,0.009171903826555848,0.005657523448722739,0.03706549904923708,-0.01628057880879678,-0.003922375014403521,0.004153388166547497,0.023873842744057846,0.026384264821972057,0.023458351091025113,0.6949758206917042,0.2006017820023151,0.16178920352681636,1,1,0,0.006554149999828951,19,4.475586568020162e-16,0.568952097016403,-0.07778416238030338,0.1103559457190064,0.1260237236753011,0.2783859443826185,0.051433257807809954,0.6949758206917042,0.2006017820023151,0.16178920352681636,False,False,False
1790678300.2970295,APPROACH,0.009920668,0.007828375999451964,-0.020289507279052543,-0.008888508958140307,0.010833229018982315,0.009118362222200176,0.011012149085705273,0.030132831114553445,-0.016038184537577008,-0.0036544920970301466,0.004391563896264987,0.02499609371529346,0.02762452459662294,0.024561070815609102,0.696026843768458,0.20087056209545248,0.16546047757507026,1,1,0,0.00654897999993409,19,2.983724378680108e-16,0.569256872446928,-0.07567326252728504,0.11136155892178864,0.12676997132153003,0.2765438246227375,0.054098918653281605,0.696026843768458,0.20087056209545248,0.16546047757507026,False,False,False
1790678300.3069944,APPROACH,0.009964921,0.008012502000383392,-0.0202091690924302,-0.008704085381359583,0.0110533437289142,0.006339460105007876,0.02363852654565532,0.01240819168211241,-0.01578339894428658,-0.0033729148646480193,0.004641915294002564,0.02614379025357597,0.028892905632970478,0.02568879326187035,0.6956932767845604,0.17856663107857293,0.16784128196980352,1,1,0,0.0067253520001031575,20,2.636779683484747e-16,0.5695626269286469,-0.07349354679088896,0.11240217845736203,0.1261306498559135,0.2520601778694619,0.05543910351244149,0.6956932767845604,0.17856663107857293,0.16784128196980352,False,False,False
1790678300.317103,APPROACH,0.010108361000000001,0.008050853999520768,-0.0201477199003266,-0.008407762102050853,0.011119888114161647,0.005415264686601289,0.03233055186373797,0.0009052548613710937,-0.015513157311317412,-0.0030742563333583566,0.004907453740140673,0.027328560001265063,0.030202258262591465,0.026852943708921172,0.695677728084929,0.1633749062179467,0.17023762800510306,1,1,0,0.0067859459995816,20,1.700029006457271e-16,0.5698724424104729,-0.07122030569467054,0.11348968623209926,0.12580528567445617,0.23459521191261726,0.05674794177300381,0.695677728084929,0.1633749062179467,0.17023762800510306,False,False,False
1790678300.3271017,APPROACH,0.009998936,0.00791842499984341,-0.020061447349625894,-0.008123651413333377,0.011198282944716809,0.01129071826402606,0.025134665011770595,0.01376632787239317,-0.0152339581534384,-0.0027656983605793438,0.00518179381769164,0.028520496529467705,0.031519531285967975,0.028024136208451,0.6976587303579979,0.19101387901157224,0.17539810294406036,1,1,0,0.006636565000007977,19,2.5673907444456745e-16,0.5701786127059902,-0.06890879935796257,0.11459767888327102,0.1274801176520076,0.2599226783695348,0.06080042406078934,0.6976587303579979,0.19101387901157224,0.17539810294406036,False,False,False
1790678300.3370059,APPROACH,0.009904197,0.008129251000354998,-0.019903182389236385,-0.007970733132466101,0.01146961221522691,0.021257648803619893,0.008292508638118295,0.04141202423701132,-0.014945559258981587,-0.002446973265198274,0.005465173522959879,0.029720378465838335,0.0328455852063065,0.029203135837162515,0.7010701779501372,0.24710058210071578,0.18302292666822495,1,1,0,0.006823355999586056,20,2.3245294578089215e-16,0.5704816377619144,-0.06655630792589522,0.11572741514458246,0.1305885401882228,0.313656890026611,0.06729551152364248,0.7010701779501372,0.24710058210071578,0.18302292666822495,False,False,False
1790678300.3471014,APPROACH,0.010095507,0.008076520999566128,-0.019647468632061127,-0.007922224147839607,0.011976477095934968,0.02708674872342063,0.0017351409215605159,0.053742486545955745,-0.014639261933400424,-0.002108467653050574,0.00576614016158421,0.030962773452593267,0.034218622580115605,0.0304239086346327,0.7030620460057556,0.274479164300348,0.1898748818521167,1,1,0,0.006797547000132909,20,1.942890293094024e-16,0.5707903047350442,-0.06409271748617336,0.11691261417121168,0.13227174127071137,0.33857188178652137,0.07296226768090504,0.7030620460057556,0.274479164300348,0.1898748818521167,False,False,False
1790678300.357031,APPROACH,0.009929645,0.007472377000340202,-0.01942551491922373,-0.007830962877874548,0.012356140083547906,0.022493652648975883,0.018250208420880088,0.030795449601119018,-0.014325668087037332,-0.0017618982642141666,0.0060742763350036056,0.03220343796586278,0.035589747514808964,0.03164298107514695,0.7026233342275217,0.2596234357027778,0.19333415803877424,1,1,0,0.006177551999826392,18,1.3183898417423734e-16,0.5710937272052266,-0.061603740123401224,0.11811206527072354,0.1315296070222951,0.32122717582617905,0.0752220927680507,0.7026233342275217,0.2596234357027778,0.19333415803877424,False,False,False
1790678300.3670816,APPROACH,0.010050463,0.00851496599989332,-0.019202360748229452,-0.007414788320946997,0.012478720388762632,0.015452673505017002,0.04150821079464164,-0.00011288280589416555,-0.013995620604464715,-0.0013971450790073742,0.006398579791548092,0.03347769913719304,0.03699800191931207,0.032895065469736764,0.6995800158828257,0.20205298446116804,0.19039731120299966,1,1,0,0.007220323000183271,21,3.469446951953614e-16,0.571400698303258,-0.05901677109061533,0.11936075868205587,0.12817931757956766,0.26106975555178336,0.07103655252094379,0.6995800158828257,0.20205298446116804,0.19039731120299966,False,False,False
1790678300.3771396,APPROACH,0.010058136,0.007860194999921077,-0.019100666790922816,-0.007137499907933886,0.012477993396232456,0.015905364289172656,0.04355415952115226,-0.00011180900321760417,-0.013652407404870451,-0.001017841753373076,0.006735819833776327,0.03477120198666978,0.03842752133495219,0.034166056667323474,0.7017780537029027,0.20635145723981882,0.19433765145992743,1,1,0,0.006513032999464485,19,3.885780586188048e-16,0.5717077878994488,-0.05635845575503942,0.12064588464409005,0.13007026580345396,0.26270991299485824,0.07369176681583738,0.7017780537029027,0.20635145723981882,0.19433765145992743,False,False,False
1790678300.387016,APPROACH,0.009876516,0.007589906999783125,-0.018874900619416657,-0.006694291089099025,0.01258939584924601,0.024585933433527486,0.03062245176613447,0.02350005598845714,-0.013302644758607811,-0.000631300282745181,0.007079495338491512,0.036058778541938605,0.03985049128482466,0.035431224709765514,0.7034229494330855,0.24480703617546157,0.19809468568893246,1,1,0,0.0062815679993946105,18,3.2612801348363973e-16,0.5720092436988724,-0.05367949254615783,0.12194289563218706,0.1314137057342131,0.2984865287216194,0.07615179005674538,0.7034229494330855,0.24480703617546157,0.19809468568893246,False,False,False
1790678300.396997,APPROACH,0.009980781000000001,0.007590408000396565,-0.01854093168852433,-0.006458512365799862,0.013022029831429194,0.03443875999129477,0.01470374823566198,0.05144660848176684,-0.01293618507228558,-0.00022630601708976614,0.007439577294070008,0.037377141003314046,0.0413074843916815,0.03672664287163099,0.7059711171317196,0.2956375651438187,0.20437728591669868,1,1,0,0.00630464200003189,18,2.220446049250313e-16,0.5723138133273222,-0.05090204233261029,0.123289466194652,0.13365730380439736,0.34653960747642903,0.08108781972204668,0.7059711171317196,0.2956375651438187,0.20437728591669868,False,False,False
1790678300.4070415,APPROACH,0.010044541,0.007260909000251559,-0.018200957616151925,-0.006305381206371585,0.013503812368488077,0.03475030614402986,0.020718587288232573,0.045400828782094046,-0.012554013733945164,0.0001960520383871107,0.007815097461804539,0.03872101855610682,0.04279267559534785,0.0380471320695674,0.7064319816371225,0.3012555369145899,0.20938738230305448,1,1,0,0.0059932560006927815,17,2.2898349882893854e-16,0.5726202763386342,-0.048034504209326825,0.12468158035299107,0.1338117052984883,0.3492900411239167,0.08470580195006341,0.7064319816371225,0.3012555369145899,0.20938738230305448,False,False,False
1790678300.4171314,APPROACH,0.010089947,0.00843993499984208,-0.01786259406103774,-0.005920226764177805,0.013780947220493722,0.026522647528845783,0.048405513679887595,0.006537667714732076,-0.012156439051001755,0.0006354331566154007,0.008205752899949736,0.04008787427341429,0.044303261201757725,0.03939019952842272,0.7030676569571574,0.24269115841618732,0.20953507231318838,1,1,0,0.007145180999941658,21,2.5673907444456745e-16,0.5729280857824798,-0.04507984811849403,0.1261178346773029,0.13013957117467767,0.28777100653468135,0.08341723763588549,0.7030676569571574,0.24269115841618732,0.20953507231318838,False,False,False
1790678300.427016,APPROACH,0.00988464,0.00873711300027935,-0.017684220777143267,-0.005546485061766582,0.013785104660742675,0.02515391426206937,0.055161796340423466,-0.00011231778760390637,-0.011753500359482354,0.0010807423285840757,0.008601678993421766,0.04144299774490055,0.04580088087369189,0.04072173892518472,0.7044149711483683,0.23312886403655064,0.21201911575441773,1,1,0,0.007459452000148303,22,3.400058012914542e-16,0.5732296039992212,-0.04211221296470628,0.12756215506769297,0.13118536714914714,0.27524107700125694,0.08445696068672474,0.7044149711483683,0.23312886403655064,0.21201911575441773,False,False,False
1790678300.4370897,APPROACH,0.010073606,0.008474039000248013,-0.017411667522006624,-0.005016593003893455,0.013842428139159146,0.030665742492308863,0.0482280274922329,0.014837751086459537,-0.01132899668672554,0.0015498841186171557,0.009018794759061864,0.04284004881081852,0.04734483698030453,0.04209447622381468,0.7059518153650687,0.25707575440357344,0.21587623310506107,1,1,0,0.007201827000244521,21,6.730727086790012e-16,0.5735368640852383,-0.03901238336268771,0.12907256458688013,0.1324149512798304,0.29608813776626114,0.08680366851818094,0.7059518153650687,0.25707575440357344,0.21587623310506107,False,False,False
1790678300.4470327,APPROACH,0.009942880000000001,0.007343473999753769,-0.01703286206910981,-0.0045989793271710155,0.014154994326783132,0.04156644729471244,0.030833891909792268,0.045278978404888474,-0.01089612349723294,0.002028275510750587,0.009444134381420593,0.04423448442863375,0.04888590261485909,0.043464643592646915,0.7083629117837791,0.3170820218612806,0.22425567851696265,1,1,0,0.0060587190000660485,17,2.706168622523819e-16,0.5738401171785227,-0.035877093679570475,0.13060194885176418,0.13452279460525635,0.3529591155408511,0.09365372966519847,0.7083629117837791,0.3170820218612806,0.22425567851696265,False,False,False
1790678300.456985,APPROACH,0.009952278,0.007257181999193563,-0.01645384373893144,-0.004291521433843037,0.014870872351583131,0.04808279963728685,0.02464021388183361,0.059714514310858655,-0.01044888142875885,0.002522546722161829,0.009883592812030925,0.04564532998653822,0.05044510375485652,0.04485093530895529,0.7084200892311782,0.32861011923433686,0.2205392573439071,1,1,0,0.0059839280002051964,17,2.5673907444456745e-16,0.5741436360289924,-0.03266258051587003,0.13217162944779845,0.1342764532021857,0.36127269975020687,0.08836762789610868,0.7084200892311782,0.32861011923433686,0.2205392573439071,False,False,False
1790678300.4670935,APPROACH,0.010108341,0.007058879000396701,-0.01597906852618891,-0.003921630386900965,0.01534935838961804,0.04159150007155355,0.04697433968876162,0.029603576571055418,-0.009980176723315472,0.003040537445494396,0.010344140351703519,0.047093405573711944,0.052045449798173486,0.04627380911668021,0.7060273903450223,0.31401255265737626,0.23412797862033224,1,1,0,0.00575400600064313,16,2.5326962749261384e-16,0.5744518877798998,-0.029318598915590546,0.1338061852649862,0.13157550256512254,0.3433311515729668,0.10032179335534606,0.7060273903450223,0.31401255265737626,0.23412797862033224,False,False,False
1790678300.477081,APPROACH,0.009989127,0.00860128799922677,-0.015624980406014899,-0.0033463539261324726,0.01544971671397466,0.03505064542769501,0.0687023286589375,-0.00011099946012894935,-0.009502546479386724,0.003568392260402054,0.010813458093044565,0.04853901378014199,0.053643069006616986,0.047694258485056144,0.7040735424420045,0.2726494625871175,0.23829965875444625,1,1,0,0.007329547999688657,22,6.661338147750939e-16,0.5747564687082802,-0.025934853258095875,0.13546177952628222,0.12931707373372422,0.29858431584521333,0.10283787922816404,0.7040735424420045,0.2726494625871175,0.23829965875444625,False,False,False
1790678300.487087,APPROACH,0.010004526000000001,0.008158286000252701,-0.015362781450658503,-0.002819736500716985,0.015448893193069857,0.035019358104286,0.07144785086031902,-0.0001092434882234844,-0.009009634804824286,0.004113135404391054,0.011297791312573236,0.050001065603197406,0.05525886093825071,0.04913086529135019,0.7060839326982046,0.27392927772225956,0.24206886062225977,1,1,0,0.0068829680003545946,20,3.400058012914542e-16,0.5750614709413925,-0.02246607320313116,0.13716053917354418,0.13102246175681212,0.2963953509253907,0.10490832144871559,0.7060839326982046,0.27392927772225956,0.24206886062225977,False,False,False
1790678300.4970102,APPROACH,0.009923423,0.007450846000210731,-0.014975018712497068,-0.0021629752242331435,0.01556211270964969,0.04376723346811902,0.0564445170364491,0.027907099999120305,-0.008506200701484279,0.0046695074491152275,0.011792463832366252,0.05146498384842796,0.056876715553192965,0.050569306037288465,0.7084786777695674,0.31583067822384886,0.24554325334940702,1,1,0,0.006130984000265016,17,2.914335439641036e-16,0.5753639363825119,-0.018945637283496148,0.13888610343345253,0.13311474138705545,0.334776315507345,0.10665714991595449,0.7084786777695674,0.31583067822384886,0.24554325334940702,False,False,False
1790678300.5070379,APPROACH,0.010027489,0.007364644000517728,-0.01432899190767678,-0.001637903392627038,0.016228060574504433,0.057605308180159506,0.031687759299303335,0.07226367921510088,-0.007982662800486644,0.005248097279514401,0.012306890270653724,0.052957795284477874,0.058526501583881826,0.05203613712748958,0.7106945194284313,0.35070905866112584,0.23382027251842885,1,1,0,0.0060977619996265275,17,3.8163916471489756e-16,0.5756694880435843,-0.01530672443195433,0.14067123000476367,0.13502503138484706,0.3660157830930802,0.0931490425136652,0.7106945194284313,0.35070905866112584,0.23382027251842885,False,False,False
1790678300.517031,APPROACH,0.009993235000000001,0.007060541999635461,-0.013735047432838599,-0.0013278475878832907,0.016985300137581483,0.0584650037042093,0.035486754176895646,0.07128321618469444,-0.007445954430467933,0.0058412425020306705,0.012834257963922308,0.05445871395687267,0.060185247356535604,0.053510934358650696,0.7111446954181999,0.3553030202061691,0.23625240440665235,1,1,0,0.005755008000051021,16,2.5673907444456745e-16,0.5759738855767951,-0.01159784846174583,0.14249213388867527,0.1351708098414048,0.36690086866791494,0.09376027051797708,0.7111446954181999,0.3553030202061691,0.23625240440665235,False,False,False
1790678300.5270474,APPROACH,0.010016458,0.007146723999539972,-0.013192061212550676,-0.0008284519405341584,0.017491199715166772,0.04993644523215884,0.06367072420479727,0.03113594855253711,-0.006892882653027857,0.0064524718042413415,0.013377704281836749,0.05597601531465375,0.061862098513997384,0.05500182915691592,0.7080181497929431,0.33673314968107737,0.25483499525482944,1,1,0,0.005831272000250465,15,3.8163916471489756e-16,0.5762788511734839,-0.007797003789838903,0.1443596147720901,0.13173929861945924,0.34453015347091626,0.11047538048273932,0.7080181497929431,0.33673314968107737,0.25483499525482944,False,False,False
1790678300.5370588,APPROACH,0.010011510000000001,0.007882506999521866,-0.01275704527216881,-9.532199116790707e-05,0.0176049290653415,0.04438044168861906,0.08539497724824473,0.0008232141653272962,-0.006324834166557438,0.0070802526713364105,0.013935866659599132,0.057505133758236016,0.06355200936714975,0.056504335380730374,0.7055769505850424,0.31140241208776986,0.2670343071654918,1,1,0,0.006471062999480637,18,4.544975507059235e-16,0.5765834939607939,-0.003913865393247923,0.14626892028978747,0.12899345662424858,0.3153162774810178,0.12076538687570432,0.7055769505850424,0.31140241208776986,0.2670343071654918,False,False,False
1790678300.5470638,APPROACH,0.010005327000000001,0.007849704999898677,-0.012381190600827097,0.0006391813759263343,0.01762277956556524,0.045239863698518075,0.08605010993259474,0.0044698022693638595,-0.005741780472282311,0.007724616598840835,0.014508773100001544,0.059045528211878875,0.0652543819441546,0.05801792137103837,0.7074207852315422,0.31372646783343905,0.2695574792582943,1,1,0,0.006276037000134238,17,2.2898349882893854e-16,0.5768877398418599,5.171010336506537e-05,0.14822011538868055,0.1305330453896822,0.31367475773007397,0.12133736386961377,0.7074207852315422,0.31372646783343905,0.2695574792582943,False,False,False
1790678300.55703,APPROACH,0.009965803,0.00716832499983866,-0.011922992386423914,0.0013195529767218162,0.017830628049239294,0.05639690232189445,0.0646268588618346,0.0424787403049718,-0.005145649832850518,0.008383432560220772,0.015094528899175891,0.06059165484809586,0.06696308946374346,0.05953713978310531,0.711432708810555,0.3572340977719804,0.2676507907374686,1,1,0,0.005810452000332589,16,1.6653345369377348e-16,0.5771905358538713,0.004086661258652143,0.15020676035152605,0.13424217295668378,0.35314743651332825,0.11744403038594255,0.711432708810555,0.3572340977719804,0.2676507907374686,False,False,False
1790678300.5669897,APPROACH,0.009959752,0.00694138800008659,-0.011216186554523055,0.0018649814514608565,0.018587825512071277,0.06948625201204767,0.04000790236918927,0.08666442550668513,-0.004534429442156051,0.009058925015522547,0.015695111833084724,0.062148301930456944,0.06868342369295286,0.061066695547308175,0.7146083301448998,0.38632142737623937,0.25339425308179564,1,1,0,0.005623680999633507,15,4.0245584642661925e-16,0.5774928563361489,0.008204665147465436,0.15223557573401314,0.13711547380875083,0.37811676222877394,0.10115867734778251,0.7146083301448998,0.38632142737623937,0.25339425308179564,False,False,False
1790678300.5770164,APPROACH,0.010026758,0.0068543440002031275,-0.010609881383175868,0.002200719518077321,0.019347911618877944,0.07242938823887218,0.0397610554784353,0.09095066781798919,-0.0039033798049602254,0.009756331835282558,0.016315178912519948,0.0637266677443817,0.07042776045796331,0.06261759205819074,0.7164991759668292,0.39926526832626896,0.2566931342315988,1,1,0,0.005539012000554067,15,5.759281940243e-16,0.5777968672448107,0.012437406617092576,0.15432217781614685,0.1387023087220185,0.3868278617091764,0.10237095641545196,0.7164991759668292,0.39926526832626896,0.2566931342315988,False,False,False
1790678300.5870612,APPROACH,0.01004429,0.00717032900047343,-0.009907899712628065,0.0027977241194534486,0.020047308712308975,0.0621344426873714,0.07238621185261888,0.04431774230366048,-0.0032553039211268148,0.010472555273926522,0.01695197592000524,0.06531878028366461,0.07218728946689415,0.06418199605143637,0.7124043830795121,0.376387421530368,0.2770247565068185,1,1,0,0.00572961000034411,15,2.42861286636753e-16,0.5781010106554433,0.01676577752055605,0.15645715639221178,0.1343033724240689,0.359621644009812,0.12056760011460674,0.7124043830795121,0.376387421530368,0.2770247565068185,False,False,False
1790678300.5970764,APPROACH,0.010015306,0.006909607999659784,-0.009361246491260466,0.0036314427275367933,0.02025861801076978,0.05549551622624138,0.09637083757166492,0.010573307350221411,-0.002593122123075463,0.011204367915375917,0.017602633347521435,0.06691692336191166,0.07395348314806709,0.06575232563034514,0.7097805295770158,0.347339209686524,0.2870161253412308,1,1,0,0.0055916309993335744,15,2.983724378680108e-16,0.5784038211282414,0.021170232171815018,0.1586308616271695,0.13137670844877436,0.32616897751470897,0.1283852637140613,0.7097805295770158,0.347339209686524,0.2870161253412308,False,False,False
1790678300.60705,APPROACH,0.009973668,0.0071983409998210846,-0.008760844690626435,0.004640913726952078,0.020402754586506866,0.06093834711704217,0.09104703927571073,0.023909982533827895,-0.0019177357677722766,0.011950773621675587,0.018266265524990367,0.06851864623957676,0.07572363305768924,0.06732617270714836,0.7100196413657207,0.3612856630977806,0.28904388287304095,1,1,0,0.00588298799993936,16,2.706168622523819e-16,0.5787048596656453,0.025644891684103156,0.16084037232902101,0.13131478170007532,0.33564077141367743,0.12820351054401993,0.7100196413657207,0.3612856630977806,0.28904388287304095,False,False,False
1790678300.6170533,APPROACH,0.010003504,0.007166461000451818,-0.008003094891579465,0.005482777765922542,0.02094576427222794,0.07587206812876945,0.06412010088555177,0.07115001214639875,-0.0012242323178398955,0.012717201501515812,0.018947699493780338,0.07013509121394293,0.07751005314644677,0.06891448566265038,0.7128438802512729,0.4011302548502766,0.28292054159090146,1,1,0,0.005865234999873792,16,8.326672684688674e-17,0.5790062190576524,0.03022226433871008,0.1631017304203485,0.13383766119362045,0.37090799051156653,0.11981881117055294,0.7128438802512729,0.4011302548502766,0.28292054159090146,False,False,False
1790678300.6270487,APPROACH,0.009995429,0.007043528999929549,-0.00723085344692187,0.006005023206163251,0.021778806096580006,0.08388078621458198,0.05052715929321458,0.09703963300082459,-0.0005150897954679309,0.013500912959590158,0.01964450035829626,0.0717598487002683,0.07930565983826683,0.07051096646218477,0.7160164868157769,0.4235035897859196,0.27678962950368735,1,1,0,0.005695777000255475,15,3.2612801348363973e-16,0.5793066857337265,0.034885870230705274,0.1654067891936783,0.13670980108205047,0.38861771955521435,0.11138284031000906,0.7160164868157769,0.4235035897859196,0.27678962950368735,False,False,False
1790678300.637087,APPROACH,0.01003828,0.007004105999840249,-0.006308869886058055,0.006623846831682378,0.02277121224789891,0.08152226423327064,0.06544413356296705,0.07810731049308296,0.00021348476294538732,0.014306099803526828,0.020360395070784562,0.07340093013372619,0.08111930700009842,0.07212348711282865,0.7136809949309076,0.4192042240946745,0.287375854650811,1,1,0,0.005631284999253694,15,2.5673907444456745e-16,0.5796077127640058,0.03966049749679877,0.16776779669904823,0.1340732821669018,0.3795437265978757,0.11960805795176277,0.7136809949309076,0.4192042240946745,0.287375854650811,False,False,False
1790678300.6470175,APPROACH,0.009930396000000001,0.007264906999807863,-0.005499477568171152,0.007469410661321341,0.023363995658583825,0.07377430912497979,0.09228461736423431,0.03991772522620439,0.0009504828550916493,0.015120595946646269,0.02108456671689653,0.07503329241578766,0.08292331815980283,0.0737274403570074,0.7100138044249825,0.39401728564995137,0.2987180622745101,1,1,0,0.005969099999674654,16,2.0122792321330962e-16,0.5799047096318408,0.04447409399488659,0.17014910362677343,0.13010909479314173,0.34954319165506476,0.12856895864773665,0.7100138044249825,0.39401728564995137,0.2987180622745101,False,False,False
1790678300.6570694,APPROACH,0.010051775,0.00708934600061184,-0.004814181826095165,0.008416199960177728,0.023653173285788753,0.07276771812394138,0.10223934771946579,0.027911705867530445,0.0017130415847348701,0.015963340521992064,0.021833854152491672,0.07669432739068827,0.08475901705110274,0.0753595672849352,0.7094355762601542,0.38069171620754716,0.3008039652078789,1,1,0,0.005754927999987558,16,3.5388358909926865e-16,0.580204448747676,0.04943848635649035,0.17260602234183264,0.12923112751247826,0.3312532298510568,0.12819794286604624,0.7094355762601542,0.38069171620754716,0.3008039652078789,False,False,False
1790678300.6671462,APPROACH,0.010076922,0.007184996000432875,-0.003972349685032128,0.009479898939224185,0.02408296238190566,0.08145907218551793,0.08924588257728538,0.05258548281219022,0.0024943101152724197,0.016826762302379984,0.02260152577042929,0.07836800974640808,0.08660869324167599,0.07700412148327856,0.7107078578547086,0.40932142874328725,0.30435237044572133,1,1,0,0.005845568000040657,15,1.97758476261356e-16,0.5805039530844469,0.054508657086652604,0.1751162834891417,0.13020390477026167,0.35481277165663466,0.12923608695657962,0.7107078578547086,0.40932142874328725,0.30435237044572133,False,False,False
1790678300.6770833,APPROACH,0.009936979,0.007036717000119097,-0.003188548726363649,0.01020016267487378,0.024700291234888816,0.09118547414435782,0.07370606951957198,0.0800146447898411,0.003281284948603653,0.017696490424217705,0.023374804380747686,0.08002646852041134,0.08844154503511072,0.07863371704556997,0.7141567746871502,0.4438888692325647,0.30987807918321253,1,1,0,0.005666421000569244,15,3.0531133177191805e-16,0.5807982421311008,0.059600414252403686,0.17763817469029705,0.1333585325560494,0.384288454980161,0.13223990449291545,0.7141567746871502,0.4438888692325647,0.30987807918321253,False,False,False
1790678300.6871314,APPROACH,0.010048368,0.007343354000113322,-0.002148079199105979,0.010973647359533878,0.025660043568043633,0.09630084252238916,0.07015016925908016,0.08951653476060484,0.004093878866928507,0.01859453157174697,0.024173256210847004,0.08171130809372695,0.09030355166560852,0.08028923428536279,0.7144883937220206,0.45403060365271,0.3092071295865625,1,1,0,0.006024594000336947,16,1.6653345369377348e-16,0.5810946681259739,0.06484258728863093,0.18023548689091215,0.13339372559604662,0.389188016364079,0.1289716426956503,0.7144883937220206,0.45403060365271,0.3092071295865625,False,False,False
1790678300.6970286,APPROACH,0.009897244000000001,0.007000890000199433,-0.0012374066096505487,0.0116837775309655,0.026460544542674214,0.09488872540885362,0.08001881843129102,0.07785404621713392,0.004910838374915384,0.019497397366693984,0.024975997653477862,0.08337816712144569,0.09214568703022938,0.08192708390641734,0.7143721082112716,0.454840946229941,0.31629548450656075,1,1,0,0.005679787000190117,15,4.996003610813204e-16,0.5813853961827474,0.07009808330096938,0.18284027680011788,0.13298671202852422,0.3847428629289716,0.13345520770644284,0.7143721082112716,0.454840946229941,0.31629548450656075,False,False,False
1790678300.707052,APPROACH,0.010023151000000001,0.0071449909992225,-0.0002596350188168728,0.012609904528370741,0.0271641495286028,0.0919331667870683,0.09462278509488703,0.058755249656097755,0.005755040106812884,0.020430370005256538,0.025805507206288842,0.0850733725375564,0.09401914950988982,0.08359278658565736,0.712655150426125,0.44067792891570623,0.31780806474805545,1,1,0,0.005781167000350251,15,3.400058012914542e-16,0.5816784654490653,0.07551404848876328,0.18552545731539863,0.13097668497705975,0.365163880426943,0.13228260743265682,0.712655150426125,0.44067792891570623,0.31780806474805545,False,False,False
1790678300.717052,APPROACH,0.010000068,0.007155559999773686,0.0006574973469195555,0.013600029278971526,0.02770217288447885,0.09244728705340931,0.1012787737383224,0.051735971536326225,0.006614264904402433,0.021379945439938097,0.026649778368835027,0.08677153577142122,0.09589588083268358,0.08526139560586993,0.712269499937637,0.43753019155505196,0.32055895977337046,1,1,0,0.005798559000140813,15,3.226585665316861e-16,0.5819693909886675,0.08101179111015418,0.18825201202135958,0.13030010894896948,0.3565184004448978,0.13230694775201085,0.712269499937637,0.43753019155505196,0.32055895977337046,False,False,False
1790678300.7270563,APPROACH,0.010004095000000001,0.0072718589999567484,0.0016522801831317935,0.014653521709483641,0.028278260919270437,0.09750074974241599,0.09837918482128291,0.059216905202763875,0.007490860768098771,0.02234871857200399,0.0275111182777882,0.08847694168631898,0.09778061643097011,0.08693712125813596,0.7124879360552661,0.4492302355792958,0.32423497442646054,1,1,0,0.005988556999909633,16,2.220446049250313e-16,0.5822588534318698,0.08660629669744895,0.1910273549444233,0.13022908262339633,0.36262393888184685,0.13320761948203727,0.7124879360552661,0.4492302355792958,0.32423497442646054,False,False,False
1790678300.7371237,APPROACH,0.010067505000000001,0.006977325999287132,0.0026627746708456357,0.015603383597408538,0.028936133028013344,0.10406083961236287,0.09241357681204966,0.07092441159206181,0.008390268453156786,0.023342702272068108,0.028394872999482866,0.09019947903721488,0.09968428489854797,0.08862968019713532,0.713111577889352,0.46830398607226753,0.3291227086004881,1,1,0,0.005630683999697794,15,5.898059818321144e-16,0.5825484371216639,0.09233206337014607,0.19386859151942282,0.13056314076768807,0.3759719227021215,0.13525411708106527,0.713111577889352,0.46830398607226753,0.3291227086004881,False,False,False
1790678300.7470386,APPROACH,0.009915197,0.007403696999972453,0.003566348059805158,0.01637854479040879,0.02956422815667281,0.10778083585841958,0.09119029381164556,0.07492534848024554,0.009293049070030642,0.02434041358009252,0.029281941951718057,0.09190186302230442,0.10156568080002956,0.0903024365121575,0.7148615565105785,0.483364424035853,0.33479287793706836,1,1,0,0.006114394000178436,17,2.5673907444456745e-16,0.5828318402497618,0.09806544262087079,0.19671433803478042,0.13202971626081667,0.3852989814149822,0.13807853990228797,0.7148615565105785,0.483364424035853,0.33479287793706836,False,False,False
1790678300.7570622,APPROACH,0.010023502,0.007947549000164145,0.004489598607174017,0.017167763666445346,0.03018898491592381,0.1091378884657471,0.09482869050355425,0.07150747874025187,0.010222876451397245,0.02536801571904032,0.03019558695641992,0.09362850679275855,0.10347388749223495,0.09199903040408658,0.7162059768079467,0.4909322458960397,0.34016426575390313,1,1,0,0.006622699000217835,18,5.863365348801608e-16,0.5831163989900717,0.10395678643764793,0.19963919873090544,0.13308957781787506,0.38697545945839174,0.1405250670229977,0.7162059768079467,0.4909322458960397,0.34016426575390313,False,False,False
1790678300.7670634,APPROACH,0.0100011,0.00803944200015394,0.005419992753587621,0.017999000154545364,0.0307677917981648,0.10976964930454873,0.10041788035594974,0.06503316600767989,0.011167901947068577,0.0264124141097231,0.031124165572987455,0.09535667624755992,0.10538378030008932,0.09369712342790892,0.7168208475927486,0.4947569580811467,0.34531972293984564,1,1,0,0.006708199000058812,18,3.677613769070831e-16,0.5833982486286293,0.10993075865191121,0.20260576212961234,0.13342259896411926,0.3848261994292355,0.1427139608102333,0.7168208475927486,0.4947569580811467,0.34531972293984564,False,False,False
1790678300.77708,APPROACH,0.010016819000000001,0.00789485000041168,0.006525779745140348,0.019031414357789878,0.031387729394123376,0.1114182800763203,0.10565153496947702,0.05939960796618926,0.012131762902194934,0.027477628577466988,0.0320712518435424,0.09709266217660426,0.10730231151310583,0.09540289689090692,0.7151811741345924,0.49501959015397773,0.34916661287249584,1,1,0,0.006609674000173982,18,3.122502256758253e-16,0.5836783316053809,0.11601027336545267,0.2056253869224694,0.1315028425292115,0.37900931678852506,0.14354122595002644,0.7151811741345924,0.49501959015397773,0.34916661287249584,False,False,False
1790678300.7870376,APPROACH,0.009957317,0.007915198999398854,0.007543013354758266,0.019991044526064705,0.031918739840105737,0.11454762628665133,0.1073347459445953,0.05885562297244065,0.013107156789193768,0.028555588707145536,0.03302967033102923,0.0988231085809576,0.10921472070010409,0.09710322723708156,0.714797805793476,0.5029304393679228,0.35432551470569323,1,1,0,0.006581591999747616,18,7.28583859910259e-16,0.5839544222996018,0.12214926203721678,0.20867516726838478,0.13084338349387414,0.380781177330706,0.14565034743730845,0.714797805793476,0.5029304393679228,0.35432551470569323,False,False,False
1790678300.7970226,APPROACH,0.009985029000000001,0.007764766000036616,0.008594782638974507,0.020950532710101832,0.03246795338962816,0.11898360026219264,0.10580849828995487,0.06315860924074423,0.014102590524629581,0.029655695948783478,0.03400777990073878,0.10056286450656957,0.11113741833864686,0.09881270508500176,0.7145650869667892,0.516439336845127,0.360098130358527,1,1,0,0.00644453400036582,18,3.122502256758253e-16,0.5842288089622251,0.128401229865749,0.21178166030056805,0.13033627800456418,0.38803810697937796,0.14831647005795898,0.7145650869667892,0.516439336845127,0.360098130358527,False,False,False
1790678300.8070817,APPROACH,0.010058998000000001,0.007926190000034694,0.009872750954518672,0.022049610345340476,0.03316208583212177,0.12402652541231107,0.10384153288804843,0.0684902291939461,0.015122985073460826,0.030783388724843215,0.0350104158749499,0.10231977155182923,0.11307907059993844,0.10053903556073779,0.7088208559672853,0.5269052640014138,0.36483775211038527,1,1,0,0.006623700999625726,18,3.400058012914542e-16,0.5845025774817144,0.13479678224884564,0.21496006028282597,0.12431827848557084,0.3921084817525682,0.14987769182755928,0.7088208559672853,0.5269052640014138,0.36483775211038527,False,False,False
1790678300.8170147,APPROACH,0.009933132,0.007813778000127058,0.011195271927700645,0.02314244476610927,0.03389077301569188,0.1277303931060929,0.10428502207528138,0.07015103946416532,0.016147973833644802,0.03191615881042024,0.036017566104534736,0.10405861300337306,0.11500075760411264,0.10224761484976304,0.6986685508580818,0.5307743379415911,0.36840442637176535,1,1,0,0.006528902999889397,18,7.528699885739343e-16,0.5847701603243419,0.14120826134498024,0.21814689843860594,0.11389839053373982,0.3895660765966109,0.1502575279331594,0.6986685508580818,0.5307743379415911,0.36840442637176535,False,False,False
1790678300.8271196,APPROACH,0.010104715,0.008199863000299956,0.012665532380035316,0.02436840009098251,0.034675143836656375,0.12763005517317894,0.10904441959836446,0.06595626146650108,0.017208409176498927,0.03308810281677028,0.03705954601739126,0.10583120042764747,0.11695973909375129,0.10398935280891561,0.6914956993840002,0.5265019082442618,0.37190656720656445,1,1,0,0.006906031000653456,19,8.638922910364499e-16,0.5850393941219973,0.14782845431420796,0.22143797983368677,0.10645630526200292,0.37867345393005386,0.15046858737287766,0.6914956993840002,0.5265019082442618,0.37190656720656445,False,False,False
1790678300.8370428,APPROACH,0.009923253,0.008076070999777585,0.013799357039708582,0.025372713132950864,0.03524727702739128,0.12447618202764048,0.11393163073190551,0.06130406477256453,0.01826724997800821,0.03425828460990802,0.038099959139719024,0.10757531946855867,0.1188872586451607,0.10570311783806746,0.6936361790028895,0.5279232307013804,0.377662722328438,1,1,0,0.0067393079998510075,19,6.418476861114186e-16,0.5853007189196907,0.15442602232608157,0.22471827474222292,0.1083354600831988,0.3734972083752988,0.15294444758621506,0.6936361790028895,0.5279232307013804,0.377662722328438,False,False,False
1790678300.847116,APPROACH,0.010073295000000001,0.0071656190002613585,0.015209138763438546,0.02669762193644054,0.035952685157121245,0.12089355883688611,0.11579946023683343,0.06225001332347632,0.01935981847369731,0.03546574068790283,0.03917351297173659,0.10934893912146122,0.12084738090605154,0.10744587006131756,0.6953702449245144,0.5327405014024968,0.3823868026994085,1,1,0,0.005877266999959829,15,5.898059818321144e-16,0.5855627146111431,0.16122099548302413,0.22809715403900405,0.10980753031337136,0.37151950591947275,0.15428964866040448,0.6953702449245144,0.5327405014024968,0.3823868026994085,False,False,False
1790678300.8570318,APPROACH,0.009915739,0.007470762999219005,0.0166632948664569,0.028052296762523632,0.03677608911622876,0.12185619928341507,0.10959023966302135,0.0753585675327543,0.02045276157748864,0.036673610765415,0.04024743489231358,0.1110976242342207,0.12277994666850174,0.10916412169606837,0.6984494892324004,0.5572717222954169,0.38751327837140753,1,1,0,0.006174656999974104,17,1.2628786905111156e-15,0.585817219328267,0.1680058347489056,0.2314713903144408,0.11263226990413336,0.38926588754651126,0.15604188805696673,0.6984494892324004,0.5572717222954169,0.38751327837140753,False,False,False
1790678300.8670566,APPROACH,0.010024874000000001,0.007766317999994499,0.01789259882919758,0.029112563718901363,0.03759876396277928,0.1231973844747985,0.10420578295424113,0.08639993042705288,0.021575373689234838,0.03791426965582497,0.041350509472250406,0.11286811245454177,0.12473660821519639,0.11090379698504768,0.7044717856584459,0.5870718827932432,0.39446556199491495,1,1,0,0.0064794800000527175,18,8.743006318923108e-16,0.5860709316737552,0.1749623583935045,0.23493137559441188,0.11840085398469072,0.4121095243997387,0.15953418640050307,0.7044717856584459,0.5870718827932432,0.39446556199491495,False,False,False
1790678300.8770194,APPROACH,0.009962998,0.007796925999173254,0.019055541730337744,0.030111512823179254,0.03841728410578682,0.12157445757550572,0.10619495515723562,0.08563707714257124,0.022708653284967954,0.03916671775526644,0.042464065883172954,0.11462994956310332,0.12668370895401798,0.11263497172306175,0.7096513235705377,0.6003231268401703,0.4011472958662893,1,1,0,0.006451597000705078,17,4.787836793695988e-16,0.5863193240555163,0.18197260134738627,0.23841841211235437,0.12333199951502137,0.418350525492784,0.1627288837539349,0.7096513235705377,0.6003231268401703,0.4011472958662893,False,False,False
1790678300.8871171,APPROACH,0.01009747,0.007386825000139652,0.020296072889868455,0.03129953056149937,0.0392197219097179,0.11539482942729481,0.11908577335584576,0.06845479916339517,0.02387514956042073,0.04045587539006114,0.04361026088283446,0.11641760769582961,0.12865934589234632,0.11439151810555216,0.7083260331714656,0.5811314941961804,0.40605470763543783,1,1,0,0.006077494000237493,16,1.1310397063368782e-15,0.5865670681009979,0.189175776126834,0.24200172123843586,0.12175896507046764,0.39195571806934637,0.16405298639700197,0.7083260331714656,0.5811314941961804,0.40605470763543783,False,False,False
1790678300.8970919,APPROACH,0.009975892,0.008015066000552906,0.02154096021817331,0.032678624366808684,0.039880334519755145,0.11290509861613421,0.12817749801147388,0.05658681436219931,0.025045335811177016,0.041749111014588704,0.04476008163881493,0.11818549033437135,0.13061312787078636,0.11612863315934727,0.7010028496264631,0.5629357777068373,0.41054971929560485,1,1,0,0.006702960000438907,18,8.951173136040325e-16,0.5868076897171938,0.19638938855437132,0.24559048958006555,0.11419515990926933,0.36654638915246596,0.1649592297155393,0.7010028496264631,0.5629357777068373,0.41054971929560485,False,False,False
1790678300.9070742,APPROACH,0.009981393,0.00791692199982208,0.02245867691032455,0.03368503333583206,0.040368915656587845,0.11681443202238932,0.12319934325886009,0.06559117487269223,0.026233825704818255,0.04306257497714549,0.04592788748775437,0.1199558211194917,0.13256961542739185,0.11786815375307069,0.7055564832265722,0.5903668853246431,0.4189834006643687,1,1,0,0.006606017000194697,18,1.4085954624931674e-15,0.5870441387977853,0.20370359053702838,0.24922953224015876,0.11851234442878686,0.38666329478761474,0.16975386842420992,0.7055564832265722,0.5903668853246431,0.4189834006643687,False,False,False
1790678300.9169974,APPROACH,0.009923253,0.008166239999809477,0.023747111641364782,0.03486961867453697,0.04123248236632193,0.12833424513274033,0.10245640265513825,0.09879048780124408,0.027432915294994004,0.044387753233182274,0.04710610855997524,0.12171704011384374,0.134516033055029,0.11959872113430955,0.7093792670719736,0.6539400909358045,0.4274708124090165,1,1,0,0.006871897000564786,18,9.922618282587337e-16,0.5872747530153722,0.2110709169212551,0.2528952006132536,0.12210451405660143,0.44286917401454945,0.17457561179576295,0.7093792670719736,0.6539400909358045,0.4274708124090165,False,False,False
1790678300.9270132,APPROACH,0.010015797,0.007410750000417465,0.025071997228149456,0.0358260603853342,0.04233301294274927,0.13620569614558353,0.08984285068689182,0.11957421233487461,0.028660914796357413,0.045744881383541984,0.048312736405832044,0.12349563535933267,0.1364816541103055,0.1213463623567471,0.7026406957678374,0.6932289162138067,0.43589575041012485,1,1,0,0.006123901000137266,16,6.869504964868156e-16,0.58750281592972,0.21860364958382172,0.256643329530327,0.1151378798381174,0.47462526662998494,0.17925242087979787,0.7026406957678374,0.6932289162138067,0.43589575041012485,False,False,False
1790678300.9369977,APPROACH,0.009984358,0.008164397000655299,0.026583142978659602,0.03697314578336286,0.043551344682899895,0.12386986008457371,0.11415544934696478,0.08559327478758363,0.029902793608267135,0.04711734830482878,0.04953300201177579,0.1252693383276679,0.13844186844755216,0.12308919644543848,0.7057485747815585,0.6590598384176518,0.43947216451100846,1,1,0,0.0068873659993187175,18,2.005340338229189e-15,0.5877252623115945,0.2262093173652727,0.2604278748187785,0.11802331246996396,0.43285052105237914,0.17904428969222996,0.7057485747815585,0.6590598384176518,0.43947216451100846,False,False,False
1790678300.94713,APPROACH,0.010132296,0.008422152000093774,0.027603357144411866,0.03816419376950542,0.044086473107528334,0.1037947392977629,0.1487655285280164,0.035917118599705145,0.031181180571990555,0.04853016234391893,0.05078914039497251,0.12706976125795627,0.14043161244869762,0.12485828547160913,0.709063850691689,0.5926892787482118,0.4441104641287313,1,1,0,0.00712974199996097,19,1.7555401576885288e-15,0.5879457937814787,0.23402612425444055,0.26431757231473135,0.12111805691021027,0.35866315449377123,0.17979289181399993,0.709063850691689,0.5926892787482118,0.4441104641287313,False,False,False
1790678300.9569921,APPROACH,0.009862048,0.008660329000122147,0.02846199659540094,0.03947296371510767,0.04433330190504048,0.09896103012246579,0.15764292331477675,0.024446897485158714,0.03244299059982079,0.049924656321541326,0.05202899034122321,0.1288223339785625,0.1423684746152103,0.1265803570556974,0.712566135250301,0.5814467888763573,0.4507978303461961,1,1,0,0.007364051999502408,20,2.2967738821932926e-15,0.5881551974733594,0.2417295278380688,0.2681508900829096,0.12441093777694158,0.3397172610382885,0.18264694026328648,0.712566135250301,0.5814467888763573,0.4507978303461961,False,False,False
1790678300.967022,APPROACH,0.010029694,0.008193040999685763,0.02952702147036934,0.04092989047936424,0.04476418371450652,0.11802592006242313,0.1265337850476064,0.0725740936611318,0.033743977236406805,0.051362446471938286,0.05330733508081746,0.1306046156559112,0.14433816974416983,0.128331620552679,0.7139429338489334,0.6581583268788134,0.4584975127393978,1,1,0,0.006859564000478713,18,1.8561541192951836e-15,0.5883626419447633,0.2496599137405636,0.2720971704408334,0.12558029190417003,0.40849841313824975,0.1864003422985644,0.7139429338489334,0.6581583268788134,0.4584975127393978,False,False,False
1790678300.9771345,APPROACH,0.010112569,0.007319639000343159,0.031031943744833868,0.041988185268156286,0.04606839865967949,0.15538972795093925,0.06634685633703957,0.16377427393408742,0.03507381027169994,0.05283211632560748,0.054614024186915154,0.13240128014108823,0.14632376008592332,0.13009701654434644,0.6973524342915214,0.7662520854403652,0.46486036721489543,1,1,0,0.005990671000290604,15,1.908195823574488e-15,0.5885659463802901,0.2577536723021158,0.276124721396727,0.10878648791123124,0.5084984131382494,0.1887356458181684,0.6973524342915214,0.7662520854403652,0.46486036721489543,False,False,False
1790678300.9870932,APPROACH,0.009958629,0.007624021000083303,0.03298218628518512,0.042667908458460246,0.048218388229019915,0.15929999007088397,0.06303719044310113,0.17104227710934292,0.036401153121003636,0.05429903414110228,0.055918266445312274,0.134170003600619,0.14827847130076158,0.13183495778578871,0.7013700788422305,0.7990501531065428,0.46955515875992715,1,1,0,0.006237594999220164,15,4.593547764386585e-15,0.5887601913107862,0.2658200190870675,0.28013856667231657,0.11260988753144434,0.5332301340194754,0.18941659208761058,0.7013700788422305,0.7990501531065428,0.46955515875992715,False,False,False
1790678300.9970398,APPROACH,0.009947199,0.008222386000852566,0.034073005949654345,0.04331532540550942,0.04924327135630069,0.13192431941697963,0.10829184635776505,0.1046335637923988,0.03774455231684077,0.055783696686825604,0.05723828561144304,0.13593586296578308,0.15023001725121166,0.1335700847785182,0.7135525037538901,0.7576489170254888,0.47295896101360446,1,1,0,0.006622548999985156,15,2.588207426157396e-15,0.5889480834675619,0.27397176959706204,0.28419480463681634,0.12460442028632825,0.48367714742842666,0.18876415637678812,0.7135525037538901,0.7576489170254888,0.47295896101360446,False,False,False
1790678301.0070004,APPROACH,0.009960172,0.007816041999831214,0.03497407032002897,0.044435772112517924,0.04970933378919096,0.09544540872224395,0.16865564546727654,0.016372082835547974,0.03910729810932101,0.057289740194747085,0.05857731467310407,0.1377029442730599,0.15218291363546688,0.1353064124471255,0.738734278687472,0.6659058353752476,0.47580663240011634,1,1,0,0.006409677999727137,15,5.113964807179627e-15,0.589129858401144,0.28222868794682504,0.28830322797662344,0.14960442028632806,0.3836771474284226,0.1875034044234929,0.738734278687472,0.6659058353752476,0.47580663240011634,False,False,False
1790678301.0170925,APPROACH,0.01009203,0.008734087999982876,0.035986527750671016,0.046514074323293464,0.049716370996005566,0.08643068992945808,0.18291834406984164,-0.00010220285162867992,0.04050602953802775,0.058835553360455387,0.059951703090101616,0.13949206551844975,0.15416016753811862,0.13706439647880023,0.7215290682337626,0.6005787828768151,0.47960563809716744,1,1,0,0.0072900330005722935,18,3.2682190287403046e-15,0.5893073130146083,0.2906911167697575,0.29251371731120274,0.13222175521915439,0.3098876661070576,0.1870919207859647,0.7215290682337626,0.6005787828768151,0.47960563809716744,False,False,False
1790678301.0271008,APPROACH,0.010008273,0.007707478000156698,0.03684755424830044,0.0479183296664214,0.04993428172587144,0.11577545565877807,0.14786595947241643,0.05079720081373082,0.041910976367913216,0.06038823549955988,0.061332198737702334,0.1412647451675349,0.1561192509503449,0.13880622505771656,0.7085580478894091,0.671459991855273,0.4850261119835858,1,1,0,0.006372718999955396,15,6.415007414162233e-15,0.5894763718066676,0.29917864097892155,0.29673646040718277,0.11908167608274155,0.3722813508763515,0.18828965157640304,0.7085580478894091,0.671459991855273,0.4850261119835858,False,False,False
1790678301.0371063,APPROACH,0.010006389000000001,0.007217205999950238,0.03851390400651944,0.04915439530171106,0.05119869609881178,0.17504887397642488,0.06265091357549271,0.17612884681996188,0.0433333862187022,0.061960216960229395,0.06272985348615902,0.14303526010503895,0.1580759420236323,0.14054592659890275,0.7009478319393178,0.7800404984292233,0.49212564233545103,1,1,0,0.005623691000437248,13,8.791578576250458e-15,0.5896382674041859,0.30775914755287775,0.3010051891989711,0.11130956453513188,0.4722813508763456,0.1911204531364799,0.7009478319393178,0.7800404984292233,0.49212564233545103,False,False,False
1790678301.0470655,APPROACH,0.009958700000000001,0.007385722999970312,0.040698841685339104,0.04961642234975816,0.05360915930846755,0.19458572546901726,0.032827709805266114,0.22113700327345773,0.044766597015935314,0.06354413512645422,0.0641381212053267,0.14479527886554178,0.16002103320843133,0.14227531463472462,0.7031200205831191,0.8886736672779754,0.4981639291558813,1,1,0,0.005939253999713401,14,9.596490269103697e-15,0.5897920717562747,0.31639231640162374,0.3052997996349508,0.11332794882684437,0.5722813508763517,0.19286412952093052,0.7031200205831191,0.8886736672779754,0.4981639291558813,False,False,False
1790678301.0570838,APPROACH,0.010018171000000001,0.00768290199994226,0.04252332934495051,0.050155814068747695,0.05550407197210294,0.16611165716298418,0.07959476164571462,0.15193883106754943,0.04622604006674087,0.06515704396387317,0.0655721646414918,0.14656349609979208,0.16197518496654523,0.1440127584610466,0.7061932412014635,0.860574301094266,0.5020919164236216,1,1,0,0.0062843529995006975,14,3.559652572704408e-15,0.5899391818125269,0.3251708470627509,0.3096663561249029,0.11625405938893657,0.5354034540315151,0.1924255602987187,0.7061932412014635,0.860574301094266,0.5020919164236216,False,False,False
1790678301.0669873,APPROACH,0.009903506000000001,0.007710953999776393,0.043739177827989195,0.05134072298177017,0.056175410434121,0.10705722228616844,0.17799305060937495,0.005828496956737761,0.04768617780090731,0.06677072053315485,0.06700689067100188,0.148308961367299,0.16390419230521172,0.14572784628755744,0.7313309184800046,0.769344454911618,0.5042335105810383,1,1,0,0.006319649000033678,15,4.208439152719734e-14,0.5900768590910598,0.3339410008800996,0.3140283406681178,0.1412540593889449,0.43540345403151837,0.19020516991292047,0.7313309184800046,0.769344454911618,0.5042335105810383,False,False,False
1790678301.0769908,APPROACH,0.010003344,0.007643287000064447,0.04476827734562949,0.053331734502749306,0.056088608358229486,0.0911101227095943,0.19670378168605807,-0.01498819614021471,0.04917857017002718,0.06842004343048981,0.06847330998756097,0.15006925077793656,0.16584958259999924,0.14745750026321777,0.7337904000143834,0.6782955787914655,0.5080229196278478,1,1,0,0.006244617999982438,15,1.5987211554602254e-14,0.5902078528326655,0.34289212475993186,0.3184798777855246,0.1435825471817179,0.33540345403153365,0.1895430418423233,0.7337904000143834,0.6782955787914655,0.5080229196278478,False,False,False
1790678301.0870445,APPROACH,0.010053588,0.008088624999800231,0.04583914706141279,0.05528156137881535,0.056097393121815387,0.11182122996106118,0.1786074123296387,0.009475609868212054,0.05069618500150962,0.07009724102456172,0.06996451280394556,0.15183533812067299,0.1678013805006991,0.14919285126588105,0.7089136215119822,0.6787341091540866,0.5132481137269816,1,1,0,0.006713589999890246,16,7.632783294297951e-15,0.5903310743302609,0.35198150399095185,0.3229996611659913,0.11858254718172133,0.32675260516313476,0.19024845256099035,0.7089136215119822,0.6787341091540866,0.5132481137269816,False,False,False
1790678301.0970163,APPROACH,0.009972175,0.007535124000241922,0.047073429615000606,0.05658420560009336,0.056622608205949554,0.1604332257419376,0.1141951361845941,0.10220835825698432,0.05221903471413164,0.07178022396671435,0.0714608593955074,0.15358387663931258,0.16973378425412033,0.15091095885778258,0.7033884441613716,0.7878418361739754,0.5198941878108765,1,1,0,0.006233025999790698,15,1.3572476476042539e-13,0.5904446906393361,0.36108923101070495,0.32752801347456584,0.11294375352203542,0.42675260516327046,0.19236617433631067,0.7033884441613716,0.7878418361739754,0.5198941878108765,False,False,False
1790678301.1070042,APPROACH,0.009987694,0.007880923999437073,0.04922434121708985,0.057451376792077014,0.058446308036328,0.20347454220470504,0.050049718323820915,0.19588534545757605,0.05376171464750948,0.07348512235002609,0.07297669108989449,0.15533166396846768,0.17166535782772918,0.15262832833362744,0.703489300263117,0.897055066321409,0.527033962573779,1,1,0,0.006527901000481506,16,2.7922109069322687e-14,0.5905496302964988,0.3703024611583347,0.3321082178880604,0.11293966996661815,0.5267526051630743,0.19492574468571855,0.703489300263117,0.897055066321409,0.527033962573779,False,False,False
1790678301.1170452,APPROACH,0.010040714000000001,0.007201567000265641,0.051142735121774585,0.057970444154440415,0.060231956789270846,0.19887724432165826,0.06058194016829841,0.17846328345496654,0.05533016104131462,0.07521849663153014,0.07451784081462791,0.15708499586037936,0.17360305899519296,0.1543511458766806,0.7056504092369327,0.9383032316966996,0.5324141847816521,1,1,0,0.0059114420000696555,14,1.7186252421197423e-12,0.5906459295327758,0.3796562421855638,0.3367576338786629,0.11500447970415682,0.5586469895111358,0.1956565509029892,0.7056504092369327,0.9383032316966996,0.5324141847816521,False,False,False
1790678301.1270874,APPROACH,0.010042527,0.006884550999529893,0.05305347424510831,0.05926991512126012,0.0613885297960719,0.13505538346309826,0.16316360350909523,0.02584023413768824,0.05691648034880059,0.07697162322910457,0.07607655239937015,0.15883466951249844,0.17553671724554004,0.15607036884661246,0.730737230480411,0.8477501012672025,0.5350602875977502,1,1,0,0.00558878499941784,13,5.066190522651226e-13,0.5907327507760847,0.38910311175601786,0.341452604720603,0.1400044797043263,0.45864698951118466,0.19360768287714708,0.730737230480411,0.8477501012672025,0.5350602875977502,False,False,False
1790678301.1370184,APPROACH,0.009931158,0.007834427000489086,0.054247658900151485,0.061138009988086495,0.061310729502043415,0.12056885902224834,0.18385216269290477,-0.0014193707932647626,0.05850246730899131,0.07872438253184738,0.07763493742086829,0.16056080610658852,0.17744436342992756,0.15776646438889,0.7072209501148867,0.7571815801136296,0.5392302556875334,1,1,0,0.0065431189996161265,16,2.530198273120732e-13,0.590809001228754,0.39853459060225516,0.3461391691679823,0.11641194888613277,0.3586469895113744,0.19309108651955104,0.7072209501148867,0.7571815801136296,0.5392302556875334,False,False,False
1790678301.147089,APPROACH,0.010070449,0.00793509599952813,0.05537165365712493,0.06278365493869842,0.061311689140914005,0.13122937168889193,0.17950519679325241,0.003604258474500077,0.06012818166602131,0.08052104671283423,0.0792323584380785,0.16230672920171338,0.17937387673846425,0.15948200207515387,0.7047407665720897,0.7428498576943801,0.5442057838665704,1,1,0,0.006631384999309375,16,1.1506767760849357e-13,0.5908762882350822,0.40818855615213046,0.3509354643401517,0.11386447833700755,0.33466130154224966,0.19327031952641868,0.7047407665720897,0.7428498576943801,0.5442057838665704,False,False,False
1790678301.1571295,APPROACH,0.010040454,0.007928273000288755,0.05659788325405035,0.06414144200583749,0.061584103069191265,0.15651626670052118,0.14201342642538045,0.05735335245936557,0.06176653433284428,0.08233167816821653,0.0808421978125469,0.1640427924434215,0.18129249339385453,0.16118785150529424,0.7086765430656975,0.8307006576481226,0.550665272532024,1,1,0,0.006589366999833146,16,3.523223379708895e-14,0.5909330369435445,0.4179036241256415,0.35576123346404437,0.11774350612215301,0.41279703352248104,0.1949040390679797,0.7086765430656975,0.8307006576481226,0.550665272532024,False,False,False
1790678301.1670558,APPROACH,0.009926388000000001,0.007242765000228246,0.05836868173794407,0.06525792128742314,0.062594020378274,0.19571371179206273,0.08413526357083731,0.14047926237398045,0.06340338551420628,0.08414065025143769,0.08245056183285972,0.1657543402054241,0.1831840166769829,0.16286961211419784,0.7106671544913522,0.9403929774114349,0.557804611215332,1,1,0,0.005948550999164581,14,1.1336487304447473e-12,0.590978715905802,0.4275959438878202,0.360574779432458,0.11968843858555021,0.5127970335236147,0.19722983178287393,0.7106671544913522,0.9403929774114349,0.557804611215332,False,False,False
1790678301.1771245,APPROACH,0.010068697000000001,0.007306944999982079,0.06073843026497627,0.0662651446439142,0.06426687949601995,0.1893300625030413,0.09892716567622861,0.11617201177428668,0.06508103457351813,0.08599471025902626,0.08409901369973233,0.16748533650435585,0.1850970335819902,0.16457048278478617,0.708692903636702,0.9508640262724972,0.5631958630783009,1,1,0,0.006002342999636312,14,1.1183762249622475e-13,0.5910141752813737,0.43751561291307606,0.3655002381670964,0.11767872835532835,0.5133484133594212,0.19769562491120451,0.708692903636702,0.9508640262724972,0.5631958630783009,False,False,False
1790678301.187116,APPROACH,0.009991361,0.008296805000099994,0.062414764090657826,0.06762102064482,0.06487119297386457,0.14677691115337918,0.16986011601103235,0.008785057904058785,0.06676300019340144,0.08785354072935342,0.08575170700333033,0.16919775347095867,0.1869895174697687,0.16625309747097008,0.7068958284052581,0.8607948833627228,0.5669231329110876,1,1,0,0.007012101000327675,17,3.7661540552846873e-13,0.5910382503147993,0.44744647000322774,0.370430200037566,0.11585757809045887,0.41334841335949507,0.19649293287352163,0.7068958284052581,0.8607948833627228,0.5669231329110876,False,False,False
1790678301.1970358,APPROACH,0.009919957,0.007546496000031766,0.06347814290152431,0.06894582273136418,0.06486770124842423,0.13963976046136722,0.17808736443419199,-0.000732074169289304,0.06844984515299801,0.08971776361985068,0.08740919472839259,0.17089251273529943,0.18886248688316515,0.1679183617631029,0.7130486857502933,0.8054753871426166,0.5717840618505851,1,1,0,0.006229390000044077,15,2.3685914340987324e-14,0.5910509181551282,0.4573918349518543,0.3753662671206363,0.12199776759516516,0.3480835521907623,0.19641779472994872,0.7130486857502933,0.8054753871426166,0.5717840618505851,False,False,False
1790678301.2070076,APPROACH,0.009971724000000001,0.007880082000156108,0.06510414741993031,0.07097154140769657,0.06489036345115995,0.1473301077378335,0.16951804944869195,0.009972442385236313,0.07016240866341776,0.09161040946106563,0.08909195340799829,0.1725904622818689,0.19073898204866116,0.16958676081495588,0.7126915612077256,0.8210537610990274,0.5774978543429193,1,1,0,0.006563959000231989,16,2.636085794094356e-14,0.5910520822977886,0.46747428880436775,0.38036921099928134,0.12163947890993693,0.3535794722946597,0.19712864334363803,0.7126915612077256,0.8210537610990274,0.5774978543429193,False,False,False
1790678301.2170036,APPROACH,0.00999598,0.0078475519994754,0.06669641654221525,0.0723194484630687,0.06535678217786156,0.18619717535367916,0.11690169358505517,0.08428876637522531,0.07189610197093835,0.09352640697500123,0.09079547414942152,0.17428664220375062,0.19261352150694666,0.17125342104002386,0.7135325899919039,0.931245788952195,0.5844993942028636,1,1,0,0.0063811649997660425,15,5.262457136723242e-14,0.5910413155258883,0.47766631665748266,0.38542529250368196,0.12249127446601563,0.4535794722947123,0.19907410169918163,0.7135325899919039,0.931245788952195,0.5844993942028636,False,False,False
1790678301.2270844,APPROACH,0.010080718,0.007624782999300805,0.06886858217738556,0.07326040598980033,0.0666425082498403,0.22534016018707714,0.06549516423896094,0.15599414981382026,0.07366163238180067,0.09547758938039888,0.09253027791284994,0.1759910056868226,0.1944971050578797,0.17292812240256744,0.7127330650664129,1.041609748337914,0.5917401436103246,1,1,0,0.0063210520002030535,15,8.529843498195078e-13,0.5910180573133864,0.4880302760423487,0.3905653499022601,0.12171500775302646,0.5535794722955653,0.20117479370806443,0.7127330650664129,1.041609748337914,0.5917401436103246,False,False,False
1790678301.2370315,APPROACH,0.009947269,0.007663905999834242,0.0711368815166944,0.07413169627848948,0.06799301039306371,0.20493297714339848,0.10260157086753768,0.09826657840118275,0.07542060083397066,0.09742151981309383,0.09425863391952218,0.17766650056665426,0.19634878436611924,0.174574457580514,0.7102422484693789,1.008441308056235,0.5965960256168521,1,1,0,0.006321883000055095,15,2.2229440510557197e-13,0.5909826037212224,0.4983405184052527,0.3956774045424317,0.11925964474815653,0.5101007896509825,0.20091862107442035,0.7102422484693789,1.008441308056235,0.5965960256168521,False,False,False
1790678301.2470143,APPROACH,0.009982774,0.007599845000186178,0.0728860903695514,0.07563544784467968,0.06825963859358897,0.15833249468836988,0.17590713254633544,-0.010512643981391623,0.07720257129434427,0.09939087099947252,0.0960095916158354,0.17934147253820626,0.19819988578035672,0.17622027895068584,0.7097948396563292,0.9188709908230728,0.6002541023251545,1,1,0,0.006285856000431522,15,1.8810647484102105e-13,0.5909342384132362,0.5087702011720444,0.4008472536419742,0.11886060124309293,0.4101007896510284,0.1994068486831803,0.7097948396563292,0.9188709908230728,0.6002541023251545,False,False,False
1790678301.2570584,APPROACH,0.010044021,0.00820727700011048,0.0745359619480972,0.07746930934564222,0.06819605102322068,0.15859399375631889,0.17174086163999266,-9.344839977451502e-05,0.0790123158716172,0.10139091685295296,0.09778784005844582,0.18101994016756465,0.20005485043363283,0.17786953514151044,0.7141317827223033,0.8739281560495662,0.605424082602741,1,1,0,0.006927962999725423,17,4.9980852789843766e-14,0.5908723466075934,0.5193466679661363,0.4060883497878712,0.12325943611470992,0.3545814880834299,0.19933573281486994,0.7141317827223033,0.8739281560495662,0.605424082602741,False,False,False
1790678301.2671044,APPROACH,0.010045913,0.008270035000350617,0.07591183065588947,0.07889975652737746,0.06822554160789096,0.16565181673407844,0.1646573131081995,0.007308681257992389,0.08083922964875342,0.10340993731059876,0.09958295889442624,0.18269171520063926,0.2019024187395931,0.17951221521155636,0.7165138051093441,0.8945693967296529,0.611482047964182,1,1,0,0.00697424999998475,17,7.892991815694472e-14,0.5907968613764027,0.5300074202543389,0.411369625166182,0.12571694373294143,0.3645619764753139,0.20011242279800007,0.7165138051093441,0.8945693967296529,0.611482047964182,False,False,False
1790678301.2770195,APPROACH,0.009915017,0.007689344000027631,0.07765415383771845,0.08024971366336153,0.06858995685688196,0.20144695655490621,0.1188426619202981,0.0706974680983515,0.08265877178683631,0.10542081097432283,0.10137083438467116,0.18433463516937645,0.20371809776542807,0.181126542400282,0.7165773248238448,0.9986033090898869,0.6184231004479092,1,1,0,0.006411893000404234,15,2.20348045365526e-13,0.5907087378924104,0.5406091852748475,0.4166200506164679,0.12586858693143446,0.4579941238150395,0.20180304983144126,0.7165773248238448,0.9986033090898869,0.6184231004479092,False,False,False
1790678301.286991,APPROACH,0.009971544,0.007880963999923551,0.08022132379714098,0.08130718217724642,0.06982705566274028,0.2387994803794693,0.07349014140755297,0.13252915666439408,0.08450508047353775,0.10746126578736975,0.10318501058828347,0.1859796383064284,0.20553607901236232,0.18274291650262076,0.7129603026829624,1.0946159194102987,0.625520861476316,1,1,0,0.006587412000044424,16,7.197631379796121e-12,0.5906061587928891,0.5513506721469983,0.42193796857314964,0.12235414389007322,0.5432652472633003,0.20358289290316636,0.7129603026829624,1.0946159194102987,0.625520861476316,False,False,False
1790678301.2970257,APPROACH,0.010034763,0.0076489380007842556,0.08241432726275377,0.08215639979765665,0.07084493104523482,0.22360386664960394,0.10373276692579313,0.08421819289864274,0.08637961644713435,0.10953291609000049,0.10502692282138346,0.1876274990565702,0.20735721836087778,0.1843620984851932,0.7106646193955585,1.0647789954774962,0.6307568552102996,1,1,0,0.00636447400029283,15,5.379342804534559e-13,0.5904884929142921,0.5622396984488119,0.42732713145974355,0.12017612648126642,0.5025392970286843,0.20342972375055604,0.7106646193955585,1.0647789954774962,0.6307568552102996,False,False,False
1790678301.307093,APPROACH,0.010067113,0.007234267999592703,0.08453349617662997,0.08381040196454137,0.07101190188861572,0.17904208921833506,0.16961472479076312,-0.011855592361531109,0.088276772267748,0.11162956479947876,0.1068910612339318,0.1892728411270743,0.20917557418135904,0.18597880562230984,0.7107336234334217,0.9757823496156675,0.6347229437641417,1,1,0,0.0059139959994354285,14,3.3713032365767504e-12,0.5903555795747882,0.5732430525903545,0.4327709864095636,0.12037804385863347,0.402539297025313,0.20195195735457816,0.7107336234334217,0.9757823496156675,0.6347229437641417,False,False,False
1790678301.3170981,APPROACH,0.010005338,0.007442358999469434,0.08642394470022463,0.08554779753717412,0.07097404785926731,0.181586263859266,0.16272878735879887,0.0012676408860661514,0.09017865845643315,0.11373144129257118,0.10875984768895076,0.1909001196012631,0.21097396695215745,0.1875777635353542,0.7145735198750274,0.9538281239111206,0.6402549096175396,1,1,0,0.00615012099933665,15,3.794881076046863e-14,0.5902084110653898,0.5842566454049493,0.43821795250025275,0.12436510880963762,0.3695714785061713,0.20203695711728684,0.7145735198750274,0.9538281239111206,0.6402549096175396,False,False,False
1790678301.3270319,APPROACH,0.009933802,0.00762926100014738,0.08821496199136813,0.08702216218883763,0.07107216336369238,0.19673801926349246,0.14596168352396574,0.021996144356537017,0.09208301393045591,0.11583604672540602,0.1106310604547658,0.19250771506611739,0.21275060697303866,0.18915738099498075,0.7147413785734335,0.9942266406174791,0.6466362172402146,1,1,0,0.00635860300008062,15,3.963183947686133e-13,0.5900471195690467,0.5952673176752028,0.443661468504503,0.12469425900438684,0.3989593229422764,0.2029747487357116,0.7147413785734335,0.9942266406174791,0.6466362172402146,False,False,False
1790678301.3369887,APPROACH,0.009956846,0.007853271999920253,0.09023424540078384,0.0882239099757216,0.07153401395358117,0.22603074619769317,0.11025012677992863,0.07064943025266437,0.09400777137813345,0.1179631994742121,0.11252232012572609,0.1941108042938113,0.2145222669094037,0.19073257064235513,0.7146827950814875,1.0804474403166777,0.6534623984094805,1,1,0,0.0065415260005465825,16,6.284625597707816e-13,0.5898699687702967,0.6063784683384114,0.44915257474766207,0.12481282631119076,0.4740689719782665,0.2043098236618184,0.7146827950814875,1.0804474403166777,0.6534623984094805,False,False,False
1790678301.3471408,APPROACH,0.010151943,0.007875172999774804,0.09257185158016146,0.08925145916299737,0.07232983547162686,0.23780580051160613,0.09994821833695086,0.08203114334706879,0.0959866333061784,0.12015014598782486,0.11446674266240782,0.19573662292070723,0.21631904632461507,0.19233009411475654,0.7135732178658978,1.1179762812678817,0.6598686203998521,1,1,0,0.0066006070001094486,16,4.366992878424014e-13,0.5896730609449979,0.6177836488866763,0.45478675706521104,0.1239001569208999,0.5001926323812055,0.205081863334641,0.7135732178658978,1.1179762812678817,0.6598686203998521,False,False,False
1790678301.356988,APPROACH,0.00984725,0.008528672000466031,0.09458961656030063,0.09035098010088571,0.072761096875114,0.2122927460105212,0.14167073418325427,0.017905623222658873,0.09792183028154368,0.12228883601892282,0.11636826017532298,0.19730508601146662,0.21805243905881935,0.19387126024585652,0.712741703484918,1.0430727435697733,0.6648267712877453,1,1,0,0.007068627000080596,17,1.105400493361941e-13,0.5894660390278177,0.6289192357791952,0.4602855235634553,0.12327566445710034,0.4141535077905781,0.20454124772428992,0.712741703484918,1.0430727435697733,0.6648267712877453,False,False,False
1790678301.3670597,APPROACH,0.010072033000000001,0.00870624500021222,0.09652895980661391,0.09180652799090705,0.07277352223344202,0.20203282118018834,0.15516630725103261,-9.767885180186897e-05,0.09991713551682721,0.12449395491380583,0.11832883984592048,0.19890044625809547,0.21981555728342853,0.19543885542453376,0.7164155647247099,1.0252506750923336,0.6701576887119994,1,1,0,0.007430297000610153,18,2.250748198928676e-12,0.5892376461318533,0.6403821453302825,0.46594355896452244,0.12717791859285663,0.3848685297620511,0.20421412974747696,0.7164155647247099,1.0252506750923336,0.6701576887119994,False,False,False
1790678301.3771014,APPROACH,0.010041606,0.008069198000157485,0.09846364608765157,0.09327192867696432,0.07278064421476316,0.20656364442421196,0.1520625536250978,0.002508224294457684,0.10192236300149157,0.1267100394189637,0.12029916908268895,0.2004818360805222,0.2215632360425199,0.1969927233151771,0.717510457182695,1.0388456616683648,0.6761907940236105,1,1,0,0.006786697000279673,16,3.477326065981501e-12,0.5889928633145995,0.6518830835296909,0.4716178984948678,0.1285175938680955,0.38696257813867396,0.2045728955287427,0.717510457182695,1.0388456616683648,0.6761907940236105,False,False,False
1790678301.3871362,APPROACH,0.010034692000000001,0.007858091000343848,0.10085276729095671,0.09481892592917873,0.07296837403314438,0.23020617581019528,0.1259287489209472,0.03655449444227091,0.10394202653554137,0.12894207797701746,0.12228368312910373,0.202052825427183,0.223299420677694,0.198536371736142,0.7147612870107908,1.0988809001358177,0.682867658319001,1,1,0,0.006512722999104881,16,6.555752468662135e-12,0.5887308876509662,0.6634475921651979,0.4773210529046792,0.1260303993598246,0.43543330797061985,0.20554660541432174,0.7147612870107908,1.0988809001358177,0.682867658319001,False,False,False
1790678301.3971353,APPROACH,0.009998995,0.007655119000446575,0.10340929560666723,0.09598773458699839,0.07355420290959636,0.25539372069521293,0.09835627335147099,0.07273947545524295,0.10597013867726812,0.13118345354481517,0.12427649874670843,0.20360878668639584,0.22501899696693714,0.2000652536130126,0.7120776362684808,1.1690132068384846,0.6896061672124526,1,1,0,0.006359985000017332,15,9.961684255266334e-13,0.58845225800877,0.6750410544287886,0.483035860974803,0.12362537825971077,0.493972152409696,0.2065703062376496,0.7120776362684808,1.1690132068384846,0.6896061672124526,False,False,False
1790678301.407131,APPROACH,0.009995720000000001,0.009176800000204821,0.10603218318489382,0.09713077539814563,0.07414103035756359,0.24306410901901623,0.12068117920218313,0.03727218557044795,0.10801308913288452,0.1334412277296002,0.12628389443759894,0.20515464201374034,0.22672740464853103,0.20158420543796773,0.7099228284985053,1.13693987213197,0.6951941264427113,1,1,0,0.007885732999966422,19,2.006540766874565e-12,0.5881558513220354,0.6866996503960776,0.48878006521204476,0.12176697717646988,0.45024022173589234,0.20641406123066652,0.7099228284985053,1.13693987213197,0.6951941264427113,False,False,False
1790678301.4171252,APPROACH,0.009994206,0.008663676000651321,0.10752520867448734,0.09803878334457661,0.07419933972129922,0.22504763747595666,0.14589061677398676,-9.731620332625868e-05,0.1100711299081783,0.13571567903649268,0.12830611782174614,0.20669049449060914,0.22842475764325468,0.2030933284984091,0.715777132368183,1.10084441764275,0.7007287607758204,1,1,0,0.007327013000576699,17,2.154040834589921e-13,0.5878413059917906,0.6984243686982842,0.494554045924669,0.12793582637639236,0.4024200489444659,0.2061747148511513,0.715777132368183,1.10084441764275,0.7007287607758204,False,False,False
1790678301.4270582,APPROACH,0.009933052000000001,0.00823877699986042,0.10997644156568231,0.0996579438226739,0.0741982870154212,0.22194597298645263,0.14753564201727826,-9.445575367322823e-05,0.11213173778975682,0.13799296739030587,0.13033086363519647,0.20820709827514075,0.23010083787508276,0.20458353786373532,0.7183819937486249,1.1069103852754185,0.7063380486863726,1,1,0,0.006932471000254736,16,2.563158019164291e-13,0.5875103508795319,0.7101435865895479,0.5003224485093097,0.13087164286909303,0.3967667986858706,0.20601560017706286,0.7183819937486249,1.1069103852754185,0.7063380486863726,False,False,False
1790678301.4369962,APPROACH,0.00993802,0.00767402499968739,0.11245934275278646,0.10123862867364508,0.07424939691605292,0.23220383286537094,0.1371952650440816,0.012683022901487317,0.11420840255692863,0.14028800107009157,0.13237138688605868,0.20971446262343224,0.2317667071100814,0.20606466859260036,0.7169638737743835,1.134794968388885,0.712592395844929,1,1,0,0.006380394000188971,15,2.689792832910598e-13,0.5871606206451699,0.7219337258881544,0.5061228027545247,0.12980325312921354,0.41286124250073064,0.2064695930904043,0.7169638737743835,1.134794968388885,0.712592395844929,False,False,False
1790678301.4471266,APPROACH,0.010130262000000001,0.008841548999953375,0.1153699314138601,0.10276016492096574,0.07456009163106181,0.2512061817698911,0.11847157796735559,0.03631461839869701,0.11634060367854798,0.14264441095557231,0.1344664799569081,0.21124051913029102,0.2334532340526398,0.20756416616852147,0.7158849761064254,1.1846845137299404,0.7192436859085679,1,1,0,0.007548990000032063,18,5.825395721359428e-12,0.5867846387644542,0.734017833145636,0.5120646358678212,0.12910033734197124,0.4506666805843045,0.2071790500407467,0.7158849761064254,1.1846845137299404,0.7192436859085679,False,False,False
1790678301.4571152,APPROACH,0.009988766000000001,0.007958670000334678,0.11701487030025781,0.10352539731296417,0.0747968237588843,0.2546861072887738,0.11711041642932657,0.03647596142514495,0.11845810728513739,0.14498457782844162,0.1365471313029194,0.21273474339153045,0.2351045814722658,0.20903238549561773,0.7191244519886327,1.2047539555215778,0.7254991295585125,1,1,0,0.0066418940004950855,16,2.1671553440683056e-13,0.5863943202820954,0.745997213883555,0.5179517669620363,0.13273013170653739,0.4587567416380228,0.20754736259647627,0.7191244519886327,1.2047539555215778,0.7254991295585125,False,False,False
1790678301.4670599,APPROACH,0.009944473,0.008383890000004612,0.1201322538101719,0.1051164606518249,0.07504867185664921,0.24134163220354143,0.1403921501295559,-9.423972734237673e-05,0.12058099526441424,0.14733069526052375,0.1386330733139594,0.2142118019251116,0.23673695812504653,0.21048373784112,0.7164097650431978,1.1658211305534392,0.7310485546124207,1,1,0,0.007092251999893051,17,9.110448506710611e-12,0.5859860905575844,0.7579855804625636,0.5238400503728347,0.13042367448561334,0.4078355500908755,0.20720850423958606,0.7164097650431978,1.1658211305534392,0.7310485546124207,False,False,False
1790678301.4769936,APPROACH,0.009933743,0.008241010999881837,0.12218551747450057,0.10631248438224983,0.0750478656224427,0.24188154567848902,0.14097460179898652,-9.477038997562914e-05,0.12271620462599328,0.14969042971342317,0.1407311222704573,0.215676604286008,0.23835578982365774,0.2119230473158975,0.7193372889789407,1.1778762820350668,0.7369111338399348,1,1,0,0.0069430710000233375,17,4.7215807652545294e-12,0.5855584175079441,0.7700217957681463,0.5297484836695346,0.13377887147099657,0.4078544862669204,0.2071626501704002,0.7193372889789407,1.1778762820350668,0.7369111338399348,False,False,False
1790678301.487045,APPROACH,0.010051454000000001,0.008145020000483782,0.12488054073844612,0.10783964836454452,0.07507307054124812,0.24906837046071306,0.1354009036166689,0.006172734207074593,0.12489147102987058,0.15209443335345393,0.1428685311310969,0.21714775278693274,0.23998163498218408,0.21336859248479653,0.7183561987518695,1.1979740734526159,0.7431337649263782,1,1,0,0.006858041999294073,16,5.010644676950449e-12,0.5851051261817896,0.7822613531038088,0.535753221054877,0.13325107257007995,0.41571272034880696,0.20738054387150115,0.7183561987518695,1.1979740734526159,0.7431337649263782,False,False,False
1790678301.4970176,APPROACH,0.009972796,0.007952939000460901,0.12741791754974052,0.10915762723046374,0.07517548163812648,0.25823311993701636,0.12833366634914134,0.014166751168635805,0.12706427346862087,0.15449571393339256,0.14500351890856,0.21859628061013123,0.24158248081580155,0.21479191065799536,0.7177036467857189,1.2231620291822196,0.7494158209178997,1,1,0,0.006659538999883807,16,1.1141296218930563e-12,0.5846346319434497,0.7944643642673872,0.5417364301751312,0.13306901484226918,0.42869766491483235,0.20767939074276853,0.7177036467857189,1.2231620291822196,0.7494158209178997,False,False,False
1790678301.5070949,APPROACH,0.010077052000000001,0.00819506499919953,0.13014897358565491,0.11050585285049497,0.07531213691768279,0.2614864991474469,0.1288561695925036,0.011362128359964169,0.12927440654504077,0.15693825060439315,0.1471751876348881,0.22004855011267793,0.24318746178006642,0.2162189053917195,0.7166308510823435,1.233579216280852,0.7555898134998502,1,1,0,0.00689577199955238,16,8.046896482483135e-13,0.584137900079561,0.8068537200416942,0.5478072554925497,0.13249295100278247,0.4267254962391578,0.20778255800730044,0.7166308510823435,1.233579216280852,0.7555898134998502,False,False,False
1790678301.5171173,APPROACH,0.010022580000000001,0.008382447000258253,0.13260486028410678,0.11178378399465227,0.07533659497591394,0.2583213902341576,0.1360897713349702,-9.412414204093555e-05,0.13148705104428177,0.15938356278353047,0.14934932407615034,0.2214814412570602,0.24477102668077141,0.217626859021158,0.7173522920529511,1.2304029686194737,0.7615971844872089,1,1,0,0.007093764999808627,16,8.972229209591731e-12,0.5836222738486843,0.8192335409014818,0.5538695601162845,0.13373001820426683,0.41116942771799203,0.2077276243709244,0.7173522920529511,1.2304029686194737,0.7615971844872089,False,False,False
1790678301.5270414,APPROACH,0.009923954,0.008407863999309484,0.1349355451564822,0.1130084555503661,0.07533574842438284,0.2595388713151561,0.13602962266865748,-9.40227918938552e-05,0.13369201522129065,0.16182038702639953,0.15151591386070784,0.22288874911481388,0.2463263181184792,0.2190096746061589,0.7192534384367268,1.2436831816198097,0.7676978635645986,1,1,0,0.0070421170003101,16,2.6375429618141766e-13,0.5830902013505334,0.831546822686185,0.5598953900843969,0.1361632370861935,0.41213635893362477,0.20780247348020167,0.7192534384367268,1.2436831816198097,0.7676978635645986,False,False,False
1790678301.5369916,APPROACH,0.009950334,0.007998113999747147,0.13741333720668436,0.11429735526252038,0.07533592867871253,0.2623106955355352,0.13506709986056525,0.0004062498804647541,0.1359168048026836,0.16427912138759682,0.15370198401554122,0.22428817310288715,0.2478728966687101,0.22038474352947232,0.720009026707979,1.2574862635418522,0.7738902042045532,1,1,0,0.006625113999689347,15,4.1104272763270444e-12,0.5825349021589441,0.8439469044408878,0.5659597003443152,0.13747412454903485,0.41353935910096434,0.2079305038602381,0.720009026707979,1.2574862635418522,0.7738902042045532,False,False,False
1790678301.547142,APPROACH,0.01015033,0.009264575000088371,0.14045465764214882,0.11584282201733931,0.07534398747088478,0.2665782287362542,0.13371889197751957,0.0010254879921902937,0.13820059761691755,0.16680306338785414,0.155946030532468,0.22570357459749715,0.24943713281885818,0.22177551189262523,0.7179819276303444,1.2695561971020795,0.7801232824449083,1,1,0,0.007789391999722284,18,1.2050013764586254e-12,0.5819456145745014,0.8566507898921362,0.5721683465297361,0.136036313055843,0.4129054072099433,0.2079549359151721,0.7179819276303444,1.2695561971020795,0.7801232824449083,False,False,False
1790678301.5571089,APPROACH,0.009967115,0.008496520999869972,0.14232694350203712,0.11678069038449745,0.07534622695818793,0.2683295027029219,0.13407557294192188,-9.816382719871064e-05,0.14045708726355444,0.16929683119235742,0.1581632490561699,0.22708133478493692,0.25095976954040683,0.2231292940441912,0.7214437358699968,1.2846052223544446,0.7864423567406836,1,1,0,0.0070862700003999635,16,1.085494194530412e-11,0.5813442134264427,0.869177790599146,0.5782862623962236,0.14009952244355406,0.4154274317552986,0.20815609434446,0.7214437358699968,1.2846052223544446,0.7864423567406836,False,False,False
1790678301.5671191,APPROACH,0.010010347000000001,0.00871656500021345,0.14529878039518884,0.118251673636939,0.07534519475631196,0.27139540019680003,0.13354957761345104,-9.215333985676533e-05,0.14273712521183834,0.17181662348874593,0.1604036060554643,0.22845285947172678,0.25247551507555505,0.22447694921548672,0.7199831439259805,1.2957752244002223,0.7926013347902054,1,1,0,0.007238496000354644,17,6.292709409105868e-12,0.5807171991651765,0.8818101931633715,0.584451265180476,0.13926594476080403,0.4139650312368507,0.20815006960972945,0.7199831439259805,1.2957752244002223,0.7926013347902054,False,False,False
1790678301.577005,APPROACH,0.009885442000000001,0.008214500999201846,0.148026624541723,0.11958544417575734,0.07534427021132739,0.27421412744890566,0.13324381865447552,-9.230295199960659e-05,0.1450021271128875,0.174319798642416,0.16262918868940687,0.22979511609397116,0.25395891490188405,0.22579584569295885,0.7195111647787119,1.3079379946627652,0.7987083459810737,1,1,0,0.006894829999509966,16,1.3619542993392741e-11,0.580075078968272,0.8943340001026151,0.5905588375427305,0.13943608581043987,0.41360399456015007,0.20814950843834312,0.7195111647787119,1.3079379946627652,0.7987083459810737,False,False,False
1790678301.5871043,APPROACH,0.010099534,0.008512792000146874,0.15133798918726882,0.12118282328939678,0.07534316170087774,0.2772839112832378,0.1330688127867303,-9.231655110580883e-05,0.147329822642957,0.1768922598900113,0.1649163738553128,0.2311538211227146,0.25546049274494975,0.22713090431486163,0.7166872837489425,1.3173670577787082,0.8048248269356494,1,1,0,0.0071689060005155625,16,1.7460699552884762e-11,0.5793952086483712,0.9071781073909633,0.5968179432019416,0.13729207510057126,0.410188950387745,0.20800688373370776,0.7166872837489425,1.3173670577787082,0.8048248269356494,False,False,False
1790678301.5970707,APPROACH,0.009966344,0.00811744800012093,0.153841161348093,0.12238099280518533,0.0753423295793949,0.2788087632087049,0.13321076772221443,-9.23138213174135e-05,0.1496402099732728,0.1794455929172029,0.16718655204706176,0.23248195842064212,0.25692828854825334,0.22843592719558842,0.7178873406048467,1.3307746228010102,0.8110758891546462,1,1,0,0.006770986999981687,16,1.134930344148799e-11,0.5787003729781809,0.919900206398199,0.6030128444344419,0.13918696762666583,0.41087441640281114,0.2080630447202043,0.7178873406048467,1.3307746228010102,0.8110758891546462,False,False,False
1790678301.6070805,APPROACH,0.010009766,0.00846371999978146,0.1569117299486038,0.1238490770128875,0.07534131429871227,0.27922994449863087,0.13372806380679078,-9.226789923041934e-05,0.15197392284397876,0.18202470425086018,0.16947964983000208,0.23380309140291258,0.2583883435064331,0.22973406766121363,0.7172593925419717,1.3412358704419918,0.817243051859752,1,1,0,0.007123329999558337,16,4.4111797548040954e-12,0.577978276010723,0.9327238480697597,0.6092523200458885,0.1392811165312486,0.408512022372232,0.20799073181386346,0.7172593925419717,1.3412358704419918,0.817243051859752,False,False,False
1790678301.6170242,APPROACH,0.009943651000000001,0.007894479000242427,0.15928562155937964,0.12498829772821729,0.07534052849600048,0.27935402646945123,0.13429122455505407,-9.232233251135757e-05,0.15430525110454374,0.18460118022387895,0.1717704045036867,0.2351026668571017,0.25982457408343124,0.23101102577811478,0.7196143587160262,1.3550553957941882,0.823554085357842,1,1,0,0.006540424000377243,15,1.0493682311984998e-11,0.5772366023081894,0.9455072975729775,0.6154672833488737,0.14237775640783676,0.40954809822121085,0.20808680200896829,0.7196143587160262,1.3550553957941882,0.823554085357842,False,False,False
1790678301.6270046,APPROACH,0.009980310000000001,0.008355986999958986,0.16221889776673049,0.1264025169237284,0.07533955847458973,0.2792594880455588,0.13508123124464078,-9.288615525646082e-05,0.15665810361907373,0.18720144380506776,0.17408230883106957,0.2363940356622568,0.2612517350521666,0.232279920071509,0.7196731214288752,1.3655904946210253,0.8297649528647115,1,1,0,0.006959532000109903,16,7.005282465222251e-11,0.576467496474699,0.9583812208792093,0.6217211401130915,0.14320562495417624,0.407209273741816,0.20804381275162,0.7196731214288752,1.3655904946210253,0.8297649528647115,False,False,False
