t_wall,phase,dt,compute_time,q_base_joint,q_shoulder_joint,q_elbow_joint,qd_base_joint,qd_shoulder_joint,qd_elbow_joint,qref_base_joint,qref_shoulder_joint,qref_elbow_joint,qdref_base_joint,qdref_shoulder_joint,qdref_elbow_joint,tau_base_joint,tau_shoulder_joint,tau_elbow_joint
1790765228.9269958,APPROACH,0.009984948,4.4816000354330754e-05,-0.020332155240141425,-0.007565029132400092,0.0014821437553713679,6.326668775863093e-05,-0.007300145109598944,-9.631204089086912e-05,-0.020332155240141425,-0.007565029132400092,0.0014821437553713679,0.0,0.0,0.0,0.58020107200306,-0.0471059281688772,0.121220964886531
1790765228.9371436,APPROACH,0.010147641,4.874399974141852e-05,-0.0203737870050551,-0.0076283972455213345,0.0014862997118862964,-0.009385429353458565,-0.006175366682750019,0.0017702394182314927,-0.020332093799056476,-0.007564961297156445,0.0014822040226865948,1.8413867320206687e-05,2.03301939936941e-05,1.8062089028648244e-05,0.6009585965620294,-0.026211980471674824,0.12683764710310147
1790765228.9470398,APPROACH,0.009895997,3.9817000015318627e-05,-0.02048951870049809,-0.00769396924178789,0.0015263080476763946,-0.013061776834472506,-0.006608074950036553,0.005456464207784795,-0.020331665186931747,-0.007564488079472604,0.001482624446610641,7.336055278300953e-05,8.099516758907975e-05,7.195907369787076e-05,0.6140654384565747,-0.011194884954977573,0.12991085172424366
1790765228.9570107,APPROACH,0.009970591000000001,4.8273000174958725e-05,-0.020626636234591267,-0.007762384761094587,0.0015971688295186581,-0.013971649243062404,-0.006868213369981891,0.008219876261556663,-0.020330506282282976,-0.007563208567900155,0.0014837612115594617,0.00016439901275927567,0.00018150797785428764,0.00016125833607052328,0.622020607191167,-0.0018818551044466145,0.13137906114643375
1790765228.9670005,APPROACH,0.009989767,3.0529000014212215e-05,-0.020763027251821775,-0.0078324693841898,0.0016920138309188815,-0.013130224923941409,-0.0070233032784777095,0.01041699978092996,-0.020328258365188073,-0.007560726710622355,0.0014859661844742278,0.00029108997844332947,0.00032138364138634926,0.0002855289991267136,0.6263111505609825,0.0032721068193665367,0.13161550574842498
1790765228.9770026,APPROACH,0.010002321,3.664999985630857e-05,-0.020884713156843482,-0.007903380398002646,0.0018060793663883246,-0.011231643673266165,-0.007083352575335867,0.012172576444738216,-0.020324567099538893,-0.0075566512958588445,0.001489586932230497,0.0004529959558529527,0.0005001391343111972,0.0004443419267638017,0.6280158594694297,0.0055449510918011095,0.13101925140861476
1790765228.9870076,APPROACH,0.010004907,3.6950999856344424e-05,-0.02098515943137702,-0.007974216995768835,0.001935675597953157,-0.00892364329855303,-0.0070555527699001554,0.013602743274721073,-0.020319082515292995,-0.0075505959322703636,0.001494966739047387,0.0006496812258293843,0.0007172933922836648,0.0006372697237963996,0.6283269615808467,0.0063056548778293135,0.13001030353711773
1790765228.9969583,APPROACH,0.009950742,3.384499996172963e-05,-0.021061534237792223,-0.008044234232488456,0.002077911384365194,-0.006463693565417796,-0.006940165568165353,0.014743737722928923,-0.020311458990725402,-0.007542179029363459,0.0015024446238967478,0.0008807118440373208,0.0009723673104874863,0.0008638867359563716,0.6277410051669781,0.006206550711811481,0.12881616784098346
1790765229.007038,APPROACH,0.010079952000000001,3.1319999834522605e-05,-0.021113524847881315,-0.008112537256772079,0.002230008657652327,-0.004063711084746743,-0.006725542712322927,0.015609165188260249,-0.020301355234680383,-0.007531023777895193,0.001512355357912334,0.0011456556409649146,0.0012648837436352962,0.001123769049892833,0.6267083382932569,0.005804969013825996,0.12763712619125167
1790765229.016964,APPROACH,0.009925824,2.940700005638064e-05,-0.021142494242973875,-0.008178115472827763,0.0023891942133227317,-0.0012930286863893723,-0.006318628903193722,0.0160504924076716,-0.020288434268823204,-0.00751675813027786,0.0015250294817989785,0.001444082221923778,0.0015943675059686313,0.0014164944931721532,0.624192665301913,0.0036715356738094215,0.1260637634107436
1790765229.0269592,APPROACH,0.009995008000000001,3.057899994018953e-05,-0.02115181488985929,-0.008237414013644972,0.0025510085763853496,0.00042075230906968563,-0.0054340542277542,0.01629488593004124,-0.02027236340989189,-0.007499014780983693,0.0015407933232417636,0.0017755629670489772,0.0019603453712579272,0.0017416426342779514,0.6222054185170989,-0.00043925167736624283,0.12362199411038446
1790765229.0369704,APPROACH,0.010011228,0.00010563300020294264,-0.021151427888483454,-0.008292489448531448,0.0027156079489536467,0.0004045542538602266,-0.005351962881320017,0.016653261760689812,-0.02025281425194901,-0.007477431146949575,0.0015599690143151936,0.0021396710312990403,0.0023623460728025244,0.002098794782611102,0.6267023949412472,0.009420733896267252,0.1265128044279756
1790765229.0470319,APPROACH,0.010061496000000001,3.350399992996245e-05,-0.021148197937856494,-0.008347614152035554,0.0028894673901138646,0.00026424561300779906,-0.005571454507630207,0.018339275245647185,-0.02022946264863342,-0.007451649347981756,0.0015828745088923685,0.002535981344455947,0.002799900303430658,0.002487533988489727,0.6313741017826973,0.017980707272375173,0.1281940209586188
1790765229.056981,APPROACH,0.009949340000000001,3.351500026838039e-05,-0.021145513050488063,-0.00840424209298174,0.0030837669139680557,0.0002614863274836306,-0.005674654204636454,0.020283656492816902,-0.02020198869541205,-0.0074213161871605525,0.0016098236000541557,0.0029640706111251384,0.0032725407154994696,0.0029074450431492045,0.6354515286013314,0.024341947273828383,0.12876481190450254
1790765229.0670185,APPROACH,0.010037319000000001,4.587800003719167e-05,-0.021143148438151904,-0.008461896468415553,0.003295829739372813,0.00021214356724609407,-0.005787948055178007,0.0220796284003534,-0.02017007671183165,-0.007386083131245069,0.0016411259374983624,0.003423517310735513,0.003779801920895,0.003358114478742164,0.6402911215705518,0.03256595451000428,0.13005799706657512
1790765229.0770133,APPROACH,0.009994707,3.039800003534765e-05,-0.021141252204374794,-0.008520875281523566,0.003526772462425498,0.000160790436763415,-0.005931735451287107,0.02401377314142952,-0.020133415223770566,-0.007345606291077906,0.0016770870449489084,0.003913901697539424,0.00432122049103219,0.003839130568338486,0.6455674264438019,0.041498113331632586,0.1314698604739468
1790765229.0869987,APPROACH,0.009985239,6.326199991235626e-05,-0.021139889608079443,-0.008581421284142188,0.003777680288204799,0.00010499060746579751,-0.006093816202253651,0.026058117467229445,-0.0200916969456905,-0.007299546401989866,0.0017180083375649986,0.004434805800612682,0.0048963349568548805,0.004350083325925301,0.6513040642574098,0.05119562892001564,0.1330298449726505
1790765229.097014,APPROACH,0.010015537000000001,4.03280000682571e-05,-0.021139062138286313,-0.008643621515246558,0.004049396932312099,4.218571264863178e-05,-0.0062781245835401706,0.02816376838246723,-0.020044618762888287,-0.007247568804204673,0.0017641871393502956,0.004985813423854558,0.0055046858088358165,0.004890564506406997,0.6575964746626268,0.06198148816396268,0.13488755390862658
1790765229.106951,APPROACH,0.009937086000000001,3.3384000289515825e-05,-0.02113899688250065,-0.008708068077280195,0.004343456028665926,-3.368841124752342e-05,-0.006504114645878636,0.030516453522639736,-0.01999188171374764,-0.007189343423243675,0.0018159167005620917,0.0055665101459877785,0.006145815496976642,0.005460167605605211,0.664354915343252,0.07332745326785037,0.13672879593630444
1790765229.1170056,APPROACH,0.010054703,3.486700006760657e-05,-0.021139725400610487,-0.008775025140848491,0.004661693226696073,-0.00011311987896963414,-0.006754499106544378,0.032989261103488904,-0.019933190971990943,-0.007124544750330563,0.0018734862151204826,0.006176483320558522,0.006819268430807897,0.006058487860258828,0.6716559234053918,0.0855972536092333,0.1387516321972643
1790765229.12697,APPROACH,0.009964158,4.177100026936387e-05,-0.02114123629152509,-0.008844592129185536,0.005004993615210118,-0.00020909386754732745,-0.0070582880448611315,0.035537743568619634,-0.019868255828930984,-0.007052851822796077,0.0019371808380175383,0.006815322075936438,0.007524590979389035,0.006685122248023995,0.6796959482452394,0.09940279193970147,0.14121909458715226
1790765229.1369774,APPROACH,0.010007491,6.048700015526265e-05,-0.021142342280776383,-0.008917093013372401,0.005375251114666746,-0.0002869146510004956,-0.007395160838357465,0.03820253245961619,-0.019796789675722747,-0.006973948204482714,0.0020072817027264774,0.007482617315314618,0.008261331471308397,0.007339669487474103,0.6882550934388952,0.11417613422931419,0.14387852191301578
1790765229.1470354,APPROACH,0.010057769000000001,4.200100011075847e-05,-0.02113513099410458,-0.008988715987240603,0.005768563155337247,0.0013453215756244756,-0.006958185395119169,0.039897142138650095,-0.01971850998561517,-0.006887521966149449,0.002084065938610837,0.00817796171670962,0.009029040194683233,0.008021730038099797,0.6916785467081068,0.12022400596372812,0.14367650617739974
1790765229.157049,APPROACH,0.010013854,4.393500012156437e-05,-0.021114032001950278,-0.009057884589943832,0.006175509769444254,0.0030876459590900977,-0.006850682651908497,0.04138802117429004,-0.0196331382962029,-0.006793265665876436,0.0021678066883336496,0.008900949732961454,0.009827269397159688,0.008730906100308973,0.6963533666468791,0.1314414257652859,0.1456871306168717
1790765229.1670191,APPROACH,0.009970119000000001,4.126900012124679e-05,-0.021068589856116482,-0.009120185842619755,0.006588156123361166,0.005802733953710137,-0.0059892467056677275,0.04156589459015059,-0.019540400191678076,-0.006690876329469725,0.0022587731252666104,0.009651177591733591,0.010655573285912814,0.009466801615426781,0.6975411402476079,0.13759186278052016,0.14651396867543248
1790765229.177039,APPROACH,0.010019726000000001,3.9386000025842804e-05,-0.02099389019483766,-0.009176226884439309,0.00700532063249959,0.008924269126489425,-0.0054489339613482245,0.042095031882575,-0.019440025285082076,-0.00658005543086597,0.0023572304708992533,0.010428243295512956,0.011513508027646557,0.010229022265695623,0.6981719701645077,0.1448907335471499,0.14782358423923295
1790765229.1869845,APPROACH,0.009945572000000001,8.87810001586331e-05,-0.02088679111151137,-0.009226620563468124,0.007427204562209688,0.012217055104398095,-0.004877412352138458,0.042537943299939145,-0.019331747200557293,-0.006460508872537141,0.0024634400122481234,0.011231746621609943,0.012400631748593778,0.011017175474275158,0.6980421594873041,0.15209594316035147,0.1492754943849784
1790765229.196945,APPROACH,0.009960371,3.0077999781497056e-05,-0.020746818778882847,-0.009271397047116103,0.007853749785128983,0.015478068779599344,-0.004318816899656143,0.04302093687441691,-0.019215303555598907,-0.006331946965895235,0.0025776591192659465,0.012061289122158383,0.013316504534516218,0.011830870405242284,0.697627991632216,0.15978095665469522,0.15100640423542283
1790765229.2070355,APPROACH,0.010090722,2.9415999961202033e-05,-0.02057501741925627,-0.009310247365468705,0.008285052457035036,0.018586853951644878,-0.003743508114850782,0.0435552921376976,-0.019090435943306634,-0.006194084411696989,0.002700141262250806,0.012916474124115583,0.01426068843070454,0.012669717963591167,0.6971285103728733,0.16796171557167722,0.15299040881651807
1790765229.217048,APPROACH,0.010012642,2.689200027816696e-05,-0.020372755143950094,-0.009343432082283165,0.008722249048905617,0.021544697468019125,-0.0031440507686018703,0.04414217026222921,-0.0189568899146365,-0.006046640280448585,0.002831136029255312,0.013796906729262294,0.015232747441978289,0.013533330795233212,0.6965787182482418,0.1766405549440778,0.15521719134610423
1790765229.2269423,APPROACH,0.009894133000000001,2.8945999929419486e-05,-0.02015202320238174,-0.00936094035587498,0.009151204067959107,0.02315127320530704,-0.0002799893789669312,0.04137439729709289,-0.01881441496065261,-0.005889337992810368,0.0029708891434957747,0.014702193814202728,0.016232247532685918,0.014421323286997079,0.6951066931475789,0.1794229052585113,0.1564962765689265
1790765229.2369678,APPROACH,0.010025476,3.1871999908617e-05,-0.019916019373163785,-0.00934174808020316,0.00954043409671712,0.02394915638020712,0.003965450650193845,0.03660316564951986,-0.01866276449477891,-0.005721905300001554,0.003119642480761378,0.015631944030364563,0.017258756626704792,0.015333311566628687,0.6924646396264542,0.1771660114909149,0.1568664187469977
1790765229.246958,APPROACH,0.009990189,2.8085000394639792e-05,-0.01967351177790544,-0.009282976935229392,0.009886598823595882,0.02447039280300932,0.007563383139616149,0.03288690493797313,-0.018501695835050947,-0.005544074264204939,0.0032776340868233503,0.016585767803998928,0.018311844607441168,0.016268913502791207,0.6910267353337264,0.1773458260706775,0.15805114781435417
1790765229.2569587,APPROACH,0.010000829000000001,2.5999999706982635e-05,-0.019426808229312975,-0.009191161975452111,0.01020062080276496,0.02482542540743045,0.010644786978910935,0.030051428345463094,-0.018330970186367642,-0.005355581238971613,0.003445098194844139,0.01756327733618039,0.019391083317830186,0.01722774870506504,0.6905651021749918,0.1795248543642077,0.15989347216612174
1790765229.267024,APPROACH,0.010065092000000001,3.9075000131560955e-05,-0.019177129623105138,-0.009069526064167555,0.010488257211545893,0.025086270994114583,0.013538660785143632,0.02758712609988673,-0.018150352622743057,-0.005156166849625671,0.00362226524278658,0.018564086602807017,0.020496046560335924,0.018209438523947876,0.6905263787846744,0.18240851494367172,0.16207556935545248
1790765229.2769442,APPROACH,0.009920154,3.042899970751023e-05,-0.01892484294504193,-0.00891997096412922,0.010753173989386688,0.0253540949496495,0.016221142044551703,0.02552508920314446,-0.01795961206955815,-0.004945575973668921,0.003809361890823074,0.019587811354600287,0.02162631009695132,0.01921360605085462,0.6908027371365285,0.18599235949509274,0.16457565906096053
1790765229.2870004,APPROACH,0.010057047000000001,5.688999999620137e-05,-0.01866962262195848,-0.00874486087765014,0.011000051952701817,0.025678081673010587,0.018667835474239662,0.023936224873708854,-0.017758521285812547,-0.004723557721185599,0.004006611038744758,0.02063406911710517,0.022781451649198255,0.02023987611811746,0.691343253892012,0.19022220473520043,0.16731726423360344
1790765229.297029,APPROACH,0.010027901,3.945599974031211e-05,-0.018410758016295325,-0.008546101015902252,0.011232730829561888,0.026084472739243084,0.020951554994655567,0.022689990465138796,-0.017546856846376316,-0.004489865415247074,0.004214231843370674,0.02170247919069008,0.023961050898127476,0.021287875298985817,0.6920273751596815,0.194901139229176,0.17026259223472406
1790765229.307036,APPROACH,0.010007111,3.0408999919018243e-05,-0.01814732979778455,-0.008325317583491199,0.011454786342451229,0.026589267178508357,0.023079026989773897,0.0217962587660692,-0.017324399124241708,-0.0042442565723165675,0.004432439735956946,0.022792662650546885,0.025164689484318655,0.022357231907626375,0.6928022226223286,0.19991874166152473,0.17334359003656155
1790765229.3170156,APPROACH,0.009979478,3.002699986609514e-05,-0.017878321434197098,-0.008083949770671062,0.011669578716557716,0.02719765812859227,0.02507486710906045,0.021221366104150347,-0.017090932272774955,-0.0039864928826538575,0.004661446439605953,0.023904242346690915,0.026391951007880346,0.023447575999123057,0.6936183409903811,0.20517044067575868,0.176514610011098
1790765229.326944,APPROACH,0.009928509,2.6391000119474484e-05,-0.017602713047432772,-0.00782318672858029,0.011880113292527916,0.02790528965414659,0.026963499804117975,0.0209299721928203,-0.016846244207968007,-0.003716340190719992,0.004901459986675497,0.02503684290396096,0.027642421028450014,0.024558539369477054,0.6944422003216906,0.21056794422589847,0.17973798075502753
1790765229.3370292,APPROACH,0.010085192,0.00010320899991711485,-0.01731955556135034,-0.007543984260520276,0.012089178583678084,0.028705333292948377,0.028764515689828404,0.02090545574531722,-0.01659012659069031,-0.0034335684755820006,0.005152684736187978,0.026190090722019253,0.028915687065194023,0.025689755555606795,0.6952333736218678,0.21597245495994347,0.18294739242385308
1790765229.346955,APPROACH,0.009925663000000001,3.181100009896909e-05,-0.017027925672487676,-0.007247212963775951,0.012299142658394047,0.029593614911771322,0.030483246637425774,0.021106471598345014,-0.016322374808940575,-0.003137951831317604,0.00541532139123957,0.02736361397535151,0.030211338596807642,0.026840859835347973,0.6960257286620858,0.22153050300962732,0.1862080803011503
1790765229.357053,APPROACH,0.010098518,4.910500001642504e-05,-0.016727062030447826,-0.00693347412397749,0.012512180926655958,0.030552368622088565,0.03215592940846167,0.021504014409947987,-0.016042787960098538,-0.0028292684474199277,0.005689567016409384,0.028557042613266873,0.031528967061515034,0.02801148922745352,0.696757890766385,0.22698913889032746,0.18941445306692128
1790765229.3670166,APPROACH,0.009962925000000001,4.639000007955474e-05,-0.016416208658203146,-0.006603342787819599,0.012730119442209364,0.03158398071025305,0.03376908354622476,0.022081722670322462,-0.01575116883317672,-0.0025073005892022058,0.005975615055168654,0.029770008359897966,0.03286816585706926,0.02920128249159363,0.6974822334755174,0.23256433721147865,0.19265298849755427
1790765229.377016,APPROACH,0.009999787000000001,3.170099989802111e-05,-0.016094744815815965,-0.006257220354206616,0.012954575599228413,0.032671810544231995,0.03535671971378528,0.022797467893180004,-0.015447323891072208,-0.0021718345782025033,0.006273655347289896,0.031002144714200874,0.03422853034075231,0.030409880128355757,0.6981604606954314,0.23809501797758914,0.19586550347146192
1790765229.3869684,APPROACH,0.009952205,0.00011519200006659958,-0.01576214372362461,-0.005895328572512959,0.013186841592731646,0.0338086447374464,0.03692357765179014,0.023636813594900004,-0.015131063252818402,-0.0018226607725884197,0.00658387414625609,0.03225308694995511,0.03560965782937502,0.031636924379244584,0.6987991097683398,0.24359074960194982,0.19905438946750645
1790765229.3970232,APPROACH,0.010054713,3.0027999855519738e-05,-0.015417939258850488,-0.005517860361745619,0.013428086894201385,0.03499057817533689,0.03847243013364634,0.02458702982936871,-0.014802200675836794,-0.0014595735475617959,0.006906454136669849,0.03352247211576366,0.037011147599277185,0.03288205922668205,0.6994043329506232,0.24907140384194695,0.20222679241942562
1790765229.4069524,APPROACH,0.009929101000000001,2.969799970742315e-05,-0.015061715312567614,-0.0051249514830669085,0.0136793098730017,0.03621036065102321,0.040012504103649094,0.025625943995675922,-0.014460553538188729,-0.0010823712757634402,0.007241574451662589,0.03480993903505297,0.03843260088632746,0.03414493039400738,0.6999799400573392,0.254540417688523,0.20538795415151637
1790765229.417025,APPROACH,0.010072968,2.6261000130034517e-05,-0.01469319526283197,-0.004716556412740935,0.013941288550317843,0.03745639033033987,0.04155955705453679,0.026735619062177585,-0.014105942820827168,-0.00069085630767782,0.007589410690303709,0.036115128306072955,0.03987362088592343,0.03542518534547701,0.700510330468508,0.2599074099609039,0.20850304845722648
1790765229.4270413,APPROACH,0.010016238,3.302300001450931e-05,-0.014311946355539895,-0.004292857534467842,0.014214782274502014,0.03874663540252373,0.04308305681768172,0.02792278015182087,-0.013738193089848463,-0.0002848349520377944,0.007950134935009751,0.03743768230189695,0.04133381275299154,0.036722473286264636,0.7010507690712909,0.2654447960834897,0.21168042400052148
1790765229.4369457,APPROACH,0.009904163,3.633999995145132e-05,-0.013917668635913927,-0.0038538314420426545,0.014500283246315249,0.04006101681145043,0.04462625158577783,0.02913142033590079,-0.013357132478744094,0.00013588254377071111,0.008323915768953596,0.0387772451704218,0.042812783601987196,0.038036445162461234,0.7015603895148415,0.2709742674211483,0.21486761405405513
1790765229.4470124,APPROACH,0.010066866,3.220200005671359e-05,-0.01351022383536904,-0.003399171123183997,0.014797948641646741,0.04138869595441708,0.04619649001539736,0.030359246428489896,-0.012962592670652489,0.0005714820133039342,0.008710918293473601,0.040133462834367764,0.04431014250689467,0.03936675366107501,0.702032593750004,0.27642718525224835,0.21803541146190958
1790765229.4570282,APPROACH,0.010015858,3.120100018350058e-05,-0.0130892407941543,-0.0029289568078842976,0.015108172479517457,0.04275837230516603,0.04774729859892571,0.03163795314381121,-0.012554408880610728,0.0010221453906556262,0.009111304145482802,0.04150598299127858,0.04582550050122712,0.040713053210031415,0.7025264141927104,0.2821183026764983,0.22130226899244176
1790765229.4670167,APPROACH,0.009988585000000001,2.592999999251333e-05,-0.012654468711662759,-0.0024430932015766516,0.015431152409160376,0.04414537965324995,0.04932776510274992,0.032906016756336254,-0.012132419837806349,0.0014880507300523062,0.009525231514878076,0.04289445511352141,0.04735847057802662,0.042074999978173155,0.7029995622305204,0.2878497819913171,0.2246113126798466
1790765229.4770257,APPROACH,0.010008884000000001,3.0078000236244407e-05,-0.01220583220797078,-0.0019411855732656136,0.015766758833676953,0.04554160690309071,0.05094159208654367,0.034169478425870724,-0.011696467767829092,0.001969372225448563,0.009952855161949315,0.044298530448286945,0.04890866768986417,0.043452251875260216,0.7034434910986705,0.29355274228183964,0.22793167852759919
1790765229.4869435,APPROACH,0.009917579000000001,3.4126000173273496e-05,-0.01174297925258827,-0.001423276859840783,0.016115182607584266,0.04697725057018078,0.05253987820217589,0.03546501578690168,-0.011246398374922688,0.0024662802301223252,0.01039432643478859,0.045717862017589254,0.05047570874883962,0.0448444685519698,0.7039179533172182,0.29954817661183203,0.231383676121969
1790765229.4970298,APPROACH,0.010086353000000001,4.041800002596574e-05,-0.011265808406021094,-0.0008891040930816274,0.01647639540076362,0.04841618246596738,0.05418502392078002,0.036730264422583134,-0.010782060824236595,0.0029789412762701844,0.010849793286699333,0.04715210461826589,0.05205921262658175,0.04625131139989636,0.7043599310473466,0.3055127987470843,0.23485837392564501
1790765229.5070229,APPROACH,0.009993204,3.1069999749888666e-05,-0.010773998065308099,-0.00033869512269379953,0.016850373225127058,0.04989308249982392,0.05581983571603127,0.03801471201486896,-0.010303307724077787,0.0035075180946026515,0.01131940029360551,0.04860091482197789,0.05365880015424825,0.04767244355155164,0.7048364095795265,0.31180228480771216,0.2384865540491243
1790765229.5169778,APPROACH,0.009954861,3.335399969728314e-05,-0.010267345186893984,0.00022896122484539205,0.017237045729791234,0.05138387931354959,0.05749061906562402,0.03926673304289881,-0.009809995108162507,0.004052169633939461,0.01180328867146079,0.050063950975209735,0.05527409412252572,0.04910752988036461,0.7052533694318439,0.31804570855921327,0.24213761829547595
1790765229.5270255,APPROACH,0.010047829000000001,3.3384999824193073e-05,-0.009745691066401996,0.000812549242010796,0.017636271272002624,0.05289277895356515,0.05916751901030581,0.040528986518740096,-0.009301982417868034,0.0046130510808048645,0.012301596293657716,0.05154087319926934,0.05690471928162961,0.05055623700068149,0.7057415703982189,0.32466725095830606,0.24596799544521225
1790765229.536999,APPROACH,0.009973216,4.440600014277152e-05,-0.009208878191749648,0.0014132838013827254,0.018047978721802416,0.05441590808974119,0.06087882727157756,0.04176109946129648,-0.008779132484484456,0.0051903138790229,0.012814457708436878,0.0530313433902881,0.05855030234130431,0.052018233267765765,0.7061994410319988,0.331350860370213,0.24986810064550236
1790765229.5470214,APPROACH,0.010022621,3.0127999707474373e-05,-0.008656743128373279,0.0020312503951442906,0.01847198231139302,0.0559565707560366,0.06260596046398328,0.04299113324748194,-0.008241311511466426,0.005784105749312707,0.01334200415629609,0.05453502521922085,0.0602104719708231,0.05349318877779814,0.7066571077166628,0.3381972817217953,0.2538689263389882
1790765229.55714,APPROACH,0.010119227000000001,3.7042000258225016e-05,-0.008089108018572766,0.0026665604803444154,0.018908307424396753,0.05751578200737017,0.06434445550731072,0.0442258127135539,-0.007688389056684942,0.006394570708883782,0.013884363587399551,0.05605158413184593,0.06188485879898818,0.054980775367876634,0.7071199067455701,0.34522936279304484,0.2579777263961263
1790765229.5669456,APPROACH,0.009804891000000001,4.74610001219844e-05,-0.007505802385234794,0.003319343661669194,0.019356973355522555,0.05909034012611167,0.0660986947554821,0.04545921139142858,-0.007120238014679068,0.00702184909103133,0.014441660678987054,0.057580687348765064,0.06357309541413061,0.05648066661601646,0.7075858658150977,0.352436631467822,0.26219324173757647
1790765229.5770063,APPROACH,0.010060954,3.011800026797573e-05,-0.006906670379870583,0.003989751386661133,0.019817975626185813,0.06068107786094806,0.06786734110085663,0.0466936607976277,-0.006536734598907771,0.0076660775647314685,0.0150140168527831,0.05912200386540347,0.0652748163641104,0.05799253784115008,0.7080533950806834,0.3598208157758141,0.26651624084238923
1790765229.5870292,APPROACH,0.010022672,3.418599999349681e-05,-0.006291559547070058,0.00467792946256651,0.02029132532667255,0.06228568777781017,0.06965120890543738,0.047928815131820374,-0.005937758324001641,0.008327389154236569,0.0156015502924061,0.06067520445200984,0.06698965815631641,0.05951606610312727,0.7085232994892042,0.3673796536876214,0.270946345465913
1790765229.5970464,APPROACH,0.01001725,3.161099994031247e-05,-0.005660328166163353,0.005384019220830538,0.020777047411409733,0.06390534230005325,0.0714478503401268,0.04916868807204132,-0.0053231919880146455,0.009005913258670551,0.016204375960777576,0.062239961653656306,0.06871725925766645,0.061050930202714994,0.708994818834546,0.3751167834793161,0.27548410027007164
1790765229.6069703,APPROACH,0.009923811000000001,3.786300021602074e-05,-0.005012835744225619,0.006108152086825136,0.021275187078956925,0.06553783766904682,0.07325825356294019,0.05041255076395383,-0.004692921654675931,0.009701775671624141,0.01682260561753128,0.06381594979023847,0.07045726009460722,0.06259681068159753,0.7094681886497843,0.38302789676763094,0.28012818474164475
1790765229.6169465,APPROACH,0.009976291,4.005700020570657e-05,-0.004348949943574709,0.0068504554676929175,0.021785800462422067,0.06718431468822637,0.07508021240764187,0.051663876714785006,-0.004046836635641562,0.01041509860075019,0.01745634783642241,0.06540284495647535,0.07220930305311425,0.06415338982237631,0.7099422996335449,0.39111497766563835,0.28487843646885685
1790765229.6269667,APPROACH,0.010020467,3.812300019490067e-05,-0.003668540301278611,0.007611048526300124,0.022308959283924068,0.06884240345698914,0.07691490589626199,0.05292144492732277,-0.0033848294727462994,0.01114600068735894,0.01810570802273676,0.06700032502190945,0.0739730324786921,0.06572035164857012,0.7104174412130885,0.39937289567153417,0.28973314865988664
1790765229.6369715,APPROACH,0.010004355000000001,7.935299981909338e-05,-0.0029714879076392364,0.008390049256270515,0.022844739783780987,0.07051332559802402,0.07876005292505696,0.05418856859504685,-0.002706795920255363,0.011894597026013323,0.018770788430699886,0.06860806963090675,0.0757480946763741,0.06729738192461496,0.7108926355096767,0.4078036880442336,0.2946920598104883
1790765229.6469915,APPROACH,0.010020167,3.2313000247086165e-05,-0.002293771745367046,0.009147258188497709,0.023365500214977963,0.072102376236273,0.08053148775060316,0.05539733025070026,-0.0020126349271161886,0.012660999184124253,0.019451688180886304,0.07022576020265668,0.0775341379107226,0.06888416815586408,0.7159374273803933,0.4293091717400169,0.3051378660551027
1790765229.6570005,APPROACH,0.010008854000000001,2.997699994011782e-05,-0.0015641217311532785,0.009969184209918325,0.023917251639076653,0.07381222847920717,0.08376634349400268,0.05485133718673739,-0.0013022486192102133,0.01344531522154591,0.020148503277628647,0.0718530799311721,0.07933081240582875,0.07048039958858798,0.7137175776346445,0.43067196387487305,0.3082082560334504
1790765229.666999,APPROACH,0.009998685,3.74520000150369e-05,-0.00081528755990945,0.01081672223865926,0.02447396408642355,0.07588280656814349,0.08547767340361562,0.05664118476344014,-0.0005755422816046095,0.01424764971017103,0.02086132662642684,0.07348971378528935,0.08113777034531265,0.0720857672099744,0.7129653515845368,0.4370277232025603,0.3123890401901056
1790765229.6770384,APPROACH,0.010039833000000001,4.059799994138302e-05,-4.6425962850982216e-05,0.01167884556021992,0.02505243872763785,0.0778820481432231,0.0868252012046404,0.05898017319894462,0.00016757565919590933,0.015068103753526192,0.021590248051357258,0.0751353485086682,0.08295466587232331,0.07369996374812834,0.713020743637814,0.44552274205102177,0.3171523450849684
1790765229.6869984,APPROACH,0.009959530000000001,3.157099990858114e-05,0.0007421550380826147,0.012555741248621466,0.02565230175154465,0.0796744007932292,0.0884576684039016,0.06087686243447449,0.0009271936529973678,0.01590677500636712,0.022335354312481938,0.07678967261979192,0.08478115508953862,0.0753226836720721,0.7131241083111172,0.4538111476643395,0.3219815298808665
1790765229.6970024,APPROACH,0.010004155,4.514700003710459e-05,0.0015476030136660768,0.013449799236402882,0.026269765872609874,0.08135975346484077,0.09023414350680736,0.06253641157787324,0.00170339704366472,0.016763757694273945,0.0230967291232577,0.0784523764119672,0.08661689605916535,0.07695362319174513,0.7133337539906521,0.4622357547142444,0.3269589366180499
1790765229.707034,APPROACH,0.010031658,3.401600042707287e-05,0.0023697107603304346,0.01436186123946559,0.026903346110858983,0.0830122176322128,0.09204920051225464,0.06411453104452708,0.0024962680868701147,0.017639142633246525,0.023874453167945356,0.08012315195332421,0.08846154880293923,0.07859248025800424,0.7136631549453135,0.4710424063059581,0.3321369940864756
1790765229.7170055,APPROACH,0.009971152,3.127999980279128e-05,0.0032083019082849162,0.015292245847396302,0.02755233025429593,0.08465962155802721,0.09389670890570664,0.06562046078966041,0.0033058859678411177,0.018533017249299708,0.02466860411901888,0.08180169308681659,0.09031477530212485,0.08023895456262344,0.7140704839025349,0.48019987438933576,0.3375091563073652
1790765229.7270408,APPROACH,0.010035546000000001,3.8454000332421856e-05,0.004063392981960234,0.01624129975422317,0.028215977703403006,0.08631378403657954,0.0957807151713014,0.0670511456488398,0.0041323268191089495,0.019445465598058646,0.02547925665457456,0.08348769543022141,0.09217623949751573,0.081892747538294,0.7145205657514981,0.4896525225373365,0.34306218721279264
1790765229.7369423,APPROACH,0.009901026,3.6190000173519365e-05,0.004935115122492562,0.017209343841051883,0.028893622933607865,0.08798694925773796,0.09769151525798259,0.068425206080273,0.004975663738256728,0.020376568384354067,0.0263064824757402,0.08518085637613917,0.09404560728943422,0.08355356235862439,0.7149954853845459,0.4993923018143791,0.348791953651569
1790765229.747045,APPROACH,0.010103136,3.0219000109354965e-05,0.005823412955932028,0.018196862170263728,0.02958467528249553,0.08965478288169747,0.09964894315371281,0.06974694899944796,0.005835966805667659,0.02132640298181754,0.02715035032408424,0.0868808750919939,0.09592254653773163,0.08522110393814043,0.715465600866714,0.5092184017014297,0.35461371752277143
1790765229.756954,APPROACH,0.009909222,2.7252999643678777e-05,0.006728880078442856,0.01920362534246145,0.030289110597761848,0.09139551844834518,0.10156115135753413,0.07109619722277949,0.006713303102273343,0.02229504345247683,0.028010925999024994,0.08858745252003304,0.09780672706178822,0.08689507893228515,0.7159867121235424,0.5196131031760641,0.360705083814834
1790765229.7669644,APPROACH,0.010009857,3.956700038543204e-05,0.007651526313601664,0.020230005790152994,0.031006583009372868,0.09311706733870743,0.10354739327785921,0.07236444940263355,0.007607736727301976,0.023282560566351147,0.028888272375239808,0.09030029137732747,0.099697820640513,0.08857519573741877,0.7164635493704031,0.529964079758241,0.3668510072263724
1790765229.7770371,APPROACH,0.010073058000000001,3.359499987709569e-05,0.008591874155647439,0.021275903505427962,0.031736965722723554,0.09490876879153888,0.10548540114292056,0.07367364795096504,0.00851932881602653,0.02428902182104639,0.029782449420074165,0.09201909615577158,0.10159550101234405,0.09026116449081888,0.7169802269954872,0.5408558041247139,0.3732537103721518
1790765229.7869644,APPROACH,0.009927147,8.118599998852005e-05,0.009550173761923908,0.022341376994809536,0.03248020019841569,0.09670591776197636,0.10746444490596155,0.07493132276041115,0.009448137557513094,0.025314491461350543,0.03069351421095095,0.0937435731220832,0.10349944387524825,0.09195269707068021,0.7174712145206287,0.5518877614628747,0.3797813872778914
1790765229.79702,APPROACH,0.010055514,3.167099976053578e-05,0.010526501252241971,0.023426739470205682,0.033235942679976205,0.09851563014536764,0.10945817335373612,0.07618158294842742,0.010394218212369022,0.026359030498828866,0.03162152095277958,0.09547343031780361,0.1054093268867214,0.09364950709611485,0.7179510150202362,0.5631104638332544,0.38643817768759753
1790765229.8070138,APPROACH,0.009993725,2.9276000077516073e-05,0.011520989371555324,0.024532060842001435,0.03400425335606094,0.10033866060447874,0.11145380261834631,0.07744704460422677,0.011357623130491212,0.027422696731419227,0.03256652099536515,0.09720837755929747,0.10732482966378815,0.09535130992715196,0.7184303510281481,0.5745499630165236,0.39322435872268646
1790765229.8170283,APPROACH,0.010014465,4.2612000015651574e-05,0.012533765957802423,0.025657352614050666,0.034785306985950726,0.10217422475847912,0.11345065690430045,0.07873073281098919,0.012338401768814317,0.0285055447630274,0.033528562850817685,0.09894812643775311,0.10924563378300224,0.09705782266473825,0.718905517794959,0.5861915989878367,0.4001316689009145
1790765229.8270216,APPROACH,0.009993645,3.1862000014371006e-05,0.013564934813668827,0.026802641021494544,0.035579274538287464,0.10401795668512613,0.1154515137423171,0.08003028681778424,0.013336600709058982,0.029607626023122315,0.0345076922109612,0.10069239031918208,0.11117142278044609,0.0987687641507374,0.7193743493151106,0.598014460990669,0.4071510339583299
1790765229.8369775,APPROACH,0.009956484,4.59789998785709e-05,0.01456164312245356,0.027909226082599048,0.03634566238314818,0.10576294030977981,0.117366032117178,0.08127866461086,0.014352263675480113,0.0307289887863314,0.03550395196474298,0.10244088434441945,0.11310188215173105,0.10048385496793041,0.7262385146301937,0.6282412271925947,0.42187987299035307
1790765229.8469622,APPROACH,0.009984076000000001,2.969699971799855e-05,0.015628520499869403,0.02910312401630044,0.03715271431331679,0.10761760299076364,0.12131822038255335,0.08001487341290692,0.015385431552615056,0.03186967819203581,0.03651738221564268,0.10419332542912392,0.11503669935199758,0.1022028174400157,0.7228628310993954,0.6298404502379136,0.4261136435847242
1790765229.8569865,APPROACH,0.010024545000000001,2.723299985518679e-05,0.016717241794602877,0.030326595438085135,0.03796235956669669,0.1100716689392811,0.12301915712587631,0.0821676884915572,0.016436142403031886,0.03302973626396579,0.037548020299081546,0.10594943226377741,0.11697556379591478,0.10392537563160874,0.7215725066193172,0.6385964573563949,0.43190656816099515
1790765229.8669982,APPROACH,0.010011339000000001,2.9216000257292762e-05,0.017829882775449946,0.031563686914751976,0.03879864142334899,0.11237296288394023,0.1242543554267807,0.08501197668779406,0.017504431485077597,0.03420920192979589,0.03859590079983156,0.10770892531368542,0.11891816685768077,0.10565125534824228,0.7213839653339871,0.6501392241944359,0.4384423935610404
1790765229.8770032,APPROACH,0.010004907,2.839499984474969e-05,0.018963634218320813,0.032815109886259464,0.03966027899524871,0.11431403695500995,0.12591771122653417,0.0871867599350693,0.018590331270626342,0.03540811104074027,0.0396610555694246,0.10947152681897689,0.12086420187102258,0.10738018413636644,0.7213144794369724,0.6613236135110279,0.44503775908797316
1790765229.8870199,APPROACH,0.010019384000000001,8.699799991518375e-05,0.020115826964354433,0.03408425652005853,0.04054180842911492,0.11608638341545453,0.1277636113500864,0.08904503320988216,0.01969387146282771,0.03662649639114805,0.040743513743561645,0.1112369607946042,0.12281336412919612,0.10911189128334849,0.7213862315937927,0.672642880837869,0.4517975782912602
1790765229.8970184,APPROACH,0.009996471,4.1059000068344176e-05,0.021285882223032182,0.035371708202329266,0.0414415634109595,0.1178604484023395,0.1295981577454275,0.09083350100865994,0.02081507901385493,0.037864387738098526,0.041843301759521945,0.11300495303034327,0.12476535088498625,0.11084610781747302,0.7216407673540594,0.6847058368333652,0.4588993253870338
1790765229.9070084,APPROACH,0.009989797,3.650999997262261e-05,0.022473005869461105,0.03667827087742026,0.042358163741403665,0.11954273291730372,0.13155485015962903,0.09243309464783411,0.02195397814265309,0.0391218118209965,0.04296044337357216,0.11477523109079332,0.12671986135070662,0.11258256650794178,0.7219560939869376,0.6968118864505777,0.46610140171769815
1790765229.9170058,APPROACH,0.009997403,3.399500019440893e-05,0.02367706674926584,0.03800440978825215,0.043290500916131514,0.12125402910243298,0.13350457531635795,0.09399524741126974,0.023110590352687366,0.0403987923811675,0.044094959678375546,0.11654752431537714,0.12867659669819984,0.11432100186487383,0.7223485643265027,0.7093781878203965,0.4735351033471912
1790765229.9270027,APPROACH,0.009997071000000001,3.438600015215343e-05,0.02489838867241012,0.039350122179823366,0.04423812311472641,0.1229954521251162,0.13546976369950772,0.0954912907064176,0.024284934449691348,0.04169535018145323,0.045246869120401184,0.11832156381834101,0.1306352600588375,0.11606115013930554,0.7227722968227129,0.7223025027680076,0.48117679447080713
1790765229.9370003,APPROACH,0.009997302000000001,3.3815999813668896e-05,0.026137275215227795,0.04071561373600119,0.04520032820862241,0.12476780810807662,0.13745761648380578,0.09691735784584199,0.02547702655941516,0.04301150302580668,0.04641618751733308,0.1200970824887545,0.1325955565235199,0.11780274932319039,0.7231985615987622,0.7355212182892955,0.4890085119524452
1790765229.9470017,APPROACH,0.010001109000000001,2.988799997183378e-05,0.027394034032766967,0.042101081533265194,0.04617650248433591,0.12657044120076133,0.13946146106832058,0.09829150892315727,0.02668688014537373,0.0443472657788875,0.04760292807547932,0.12187381499051084,0.13455719314267647,0.11954553914939924,0.7236220987353861,0.7490244939268723,0.4970229331982327
1790765229.9569976,APPROACH,0.009996030000000001,2.819399969666847e-05,0.028668970430509866,0.04350664128271653,0.047166232084103754,0.12840409014628673,0.1414727635141209,0.09963389099363434,0.027914506026595044,0.04570265038565727,0.048807101407181336,0.1236514977623266,0.13651987892626538,0.12128926109172015,0.7240394443829734,0.7628090102550799,0.5052132540180843
1790765229.9670017,APPROACH,0.010004486,3.377500024726032e-05,0.029962362905433082,0.04493236311331561,0.048169246137154786,0.13026232096327414,0.14349108822201775,0.10095277068596473,0.029159912395368394,0.04707766589097482,0.05002871554822302,0.12542986901774184,0.1384833248437738,0.12303365836485847,0.7244480980230948,0.7768532966309664,0.5135682719398846
1790765229.9770012,APPROACH,0.009998855000000001,4.577800018523703e-05,0.03127444367289822,0.04637829539671934,0.049185375459734004,0.13214312945692558,0.14551177539281643,0.10226130512119691,0.030423104834992554,0.04847231845919148,0.05126777597523987,0.12720866874512007,0.1404472438242177,0.12477847592443672,0.7248456998734212,0.7911455900354827,0.5220784686443224
1790765229.986999,APPROACH,0.009998144,4.8504000005777925e-05,0.03260540674375356,0.047844459276181084,0.050214551751651904,0.13403986599020448,0.14753492146989367,0.1035653070073069,0.031704086337524084,0.04988661139374638,0.05252428562312825,0.1289876387076482,0.14241135075614195,0.1265234604669947,0.7252318902164259,0.8056658225606732,0.5307325900220019
1790765229.9969985,APPROACH,0.010000107000000001,5.026700000598794e-05,0.033955399201047065,0.04933086096896577,0.051256780385635636,0.1359510082946031,0.14955640594273972,0.10487519368539183,0.03300285732152551,0.051320545156761765,0.053798244902454447,0.13076652244333675,0.1443753624876205,0.12826836042998954,0.7256055462008829,0.8204037654668582,0.5395215981286382
1790765230.0070047,APPROACH,0.010005598000000001,4.612900011125021e-05,0.0353245351739071,0.05083748709966773,0.05231213630407261,0.13787055902705284,0.15157720054258408,0.1061934389527098,0.03431941564981362,0.05277411738863827,0.05508965171686399,0.1325450652650195,0.14633899782625595,0.13001292599179554,0.7259666983137946,0.835340138056095,0.548434974221711
1790765230.0170255,APPROACH,0.010021319,4.739199994219234e-05,0.036712894405535046,0.05236431289930721,0.05338074204243881,0.13979824276493713,0.1535935620597612,0.10752782349308862,0.03565375664720754,0.05424732292765012,0.056398501480490595,0.1343230142603539,0.14830197753918004,0.1317569090717043,0.726314310754148,0.8504669957321631,0.5574650442716177
1790765230.0269995,APPROACH,0.009973286000000001,2.9135999739082763e-05,0.03812053277809824,0.053911301460265015,0.054462758623990304,0.1417289754735613,0.15560715909220124,0.10887783305537627,0.03700587311827725,0.05574015382954063,0.05772478713536566,0.13610011829182056,0.15026402435305314,0.13350006332992453,0.7266483471028202,0.8657669522815375,0.566602843288677
1790765230.0370085,APPROACH,0.010009165,3.5198000205127755e-05,0.03954748079188608,0.055478410900661856,0.055558366278135374,0.1436634523041213,0.15761476075209518,0.11024866446705078,0.03837575536509155,0.05725259938711727,0.05906849916882713,0.13787612799672394,0.15222486295406484,0.13524214416758248,0.7269677455698692,0.8812346236696479,0.5758425755026468
1790765230.0470376,APPROACH,0.010028983,3.343399976074579e-05,0.04099375535177341,0.05706559046738935,0.05666776161234388,0.14559743950574092,0.15961844228989783,0.11163758300287338,0.039763391204966435,0.058784646149847075,0.06042962563092884,0.13965079578719167,0.15418421998793339,0.13698290872672142,0.7272725266281459,0.8968557328793337,0.5851773730324734
1790765230.0570009,APPROACH,0.009963266,4.752199993163231e-05,0.04245935859693972,0.058672785469542355,0.057791143586380045,0.1475327045235146,0.16161501653209137,0.11304828296778605,0.04116876598821324,0.06033627794345191,0.06180815215184961,0.14142387585017488,0.15614182405990604,0.13872211589030192,0.7275617005458965,0.9126288154013761,0.5946037292161269
1790765230.067003,APPROACH,0.010002082,3.880500025843503e-05,0.0439442855963188,0.0602999366688719,0.05892870823573482,0.14946530398337737,0.1636073273083642,0.1144757329458761,0.042591862615887016,0.06190747588950374,0.0632040619593025,0.14319512414744828,0.1580974057347589,0.14045952628220185,0.7278352370229338,0.9285416726508177,0.6041166876873035
1790765230.0770004,APPROACH,0.009997282000000001,3.6469999940891284e-05,0.0454485182087474,0.06194698844826263,0.06008063237413719,0.15139774658874094,0.16559216007415414,0.11592269545501477,0.044032661557534616,0.06349821842501996,0.0646173358959439,0.14496429841560984,0.16005069753679696,0.14219490226721623,0.7280923660586419,0.9445964890319648,0.6137149013946569
1790765230.0870001,APPROACH,0.010000088,4.359400008979719e-05,0.04697203953991824,0.06361387870717117,0.06124708420428515,0.15332671654371632,0.1675723072943317,0.11738348467080925,0.04549114086894304,0.06510848132205867,0.0660479524367828,0.14673115816608123,0.16200143394985425,0.1439280079510575,0.7283332002999836,0.960784509597348,0.6233954034834034
1790765230.097002,APPROACH,0.010002181,4.127000011067139e-05,0.04851482551483066,0.06530054879916403,0.06242820668753968,0.155254975370544,0.16954490620943266,0.11885982576401671,0.04696727620988757,0.06673823770731394,0.06749588770658982,0.14849546468510733,0.16394935141729353,0.14565860918035517,0.7285569486234322,0.9771099020854228,0.6331584066599897
1790765230.1070247,APPROACH,0.010022962,6.241000028239796e-05,0.05007685392638006,0.06700693767684651,0.06362412412682694,0.1571793326342255,0.17151293396051254,0.12034545068763941,0.048461040861880064,0.06838745808171107,0.06896111549730649,0.15025698103375662,0.16589418834200653,0.1473864735426561,0.7287638808290461,0.9935660543969396,0.6430024017421501
1790765230.1169987,APPROACH,0.009973366000000001,3.3303999771305826e-05,0.051658098815093645,0.06873298643198655,0.06483493516867345,0.1591028837735934,0.1734734010397995,0.12184210623076289,0.04997240574591723,0.070056110340002,0.0704436072854544,0.15201547204792107,0.16783568508641392,0.14911137036642444,0.7289533880562244,1.0101595414861178,0.6529289383368315
1790765230.126998,APPROACH,0.009999026000000001,3.31940000251052e-05,0.05325854099549687,0.07047862986382203,0.06606072467507396,0.16102255341034147,0.17542928713558978,0.12334353289801261,0.05150133944022872,0.07174415979036045,0.07194333224954437,0.15377070433831594,0.16977358397246517,0.15083307072104146,0.7291258574649007,1.0268855626987448,0.6629375434628124
1790765230.1370044,APPROACH,0.010006399000000001,0.00010645500015016296,0.05487815215009206,0.07224381260576518,0.06730154136205879,0.16294144587418158,0.17737772358145396,0.12485140398978653,0.053047808198025556,0.0734515691739773,0.07346025728748562,0.15552244629048018,0.1717076292816388,0.15255134741680584,0.7292806745576564,1.043751438558371,0.6730304426268732
1790765230.1470022,APPROACH,0.009998134,3.119099983450724e-05,0.056516910275084875,0.07402847406143565,0.06855742032825596,0.16485634652467038,0.1793218011427073,0.12635952879195075,0.05461177596524823,0.07517829868465592,0.07499434703399493,0.15727046806477601,0.17363756725494212,0.15426597500493341,0.7294182583160486,1.060752824977896,0.6832076205328614
1790765230.1570058,APPROACH,0.010003384,4.832299964618869e-05,0.05817479034810091,0.07583255550345047,0.06982837469950187,0.16677074514879825,0.18125811682786744,0.12787064045514257,0.05619320439831493,0.0769243059884073,0.07654556387800583,0.15901454159638917,0.1755631460929113,0.15597672977755725,0.729538169351258,1.0778988456362477,0.6934718664644298
1790765230.1670022,APPROACH,0.00999646,3.116000016234466e-05,0.05985177288587984,0.0776559930925016,0.07111440706403283,0.16868113405611407,0.1831900257484873,0.12937852850372428,0.05779205288186992,0.07868954624304554,0.07811386798007781,0.16075444059532884,0.17748411595561153,0.15768338976772772,0.7296407098165586,1.0951846780811347,0.7038231449894277
1790765230.177069,APPROACH,0.010067598,6.771000016669859e-05,0.061547830777263,0.07949872945041747,0.07241549496700905,0.17059095446324066,0.18511409844621204,0.13088632394554414,0.05940827854653151,0.0804739721177829,0.07969921728980534,0.16248994054642774,0.1794002289626369,0.1593857347494125,0.7297253600743001,1.1126191813322954,0.7142641716625459
1790765230.1870039,APPROACH,0.00993394,4.914499959340901e-05,0.06326294188715753,0.08136070114719729,0.07373161061386035,0.17249660430595704,0.1870335424484849,0.13238843707678555,0.06104183628664063,0.08227753381282536,0.08130156756322728,0.16422081870934196,0.18131123919311032,0.1610835462374964,0.7297924818604405,1.1301975646774245,0.7247948041931545
1790765230.1969554,APPROACH,0.009951825000000001,3.956599994126009e-05,0.06499707854113357,0.0832418469319478,0.07506271137937226,0.17440152673745238,0.18894484110964294,0.13388850928579774,0.06269267877800883,0.08410017907896775,0.08292087238023586,0.16594685411855098,0.1832169026856835,0.16277660748778147,0.7298414192853625,1.1479281937172992,0.7354174421991315
1790765230.206998,APPROACH,0.010042549000000001,3.271300010965206e-05,0.0667502165702123,0.08514209948702689,0.0764087531401465,0.17630187203810135,0.19085127161784957,0.1353812330280405,0.06436075649566647,0.08594185323718893,0.08455708316198589,0.16766782758335802,0.18511697743853744,0.16446470349698727,0.7298724908134062,1.1658055831555636,0.7461315697581122
1790765230.216998,APPROACH,0.009999897,2.8554999971674988e-05,0.0685223243139994,0.08706139461216544,0.0777696792293261,0.17820127247464249,0.1927489243802778,0.136871150879889,0.06604601773161117,0.08780249919824737,0.086210149188304,0.16938352168788934,0.18701122340938153,0.16614762100275018,0.7298850676894707,1.183838232134056,0.7569393238274746
1790765230.2269983,APPROACH,0.010000449,2.9827999696863117e-05,0.07031337335414811,0.0889996605646175,0.07914543692007037,0.18009542264957396,0.19464151828473802,0.13835266124718207,0.06774840861255596,0.08968205748227627,0.08788001761509782,0.17109372079109494,0.18889940251545437,0.16782514848362418,0.729879145990562,1.2020186408605225,0.7678394439935697
1790765230.2369971,APPROACH,0.009998805000000001,3.3244000405829865e-05,0.07212332733069449,0.09095682711210973,0.08053596632331939,0.18198812109431742,0.19652478422109082,0.13983108999474037,0.06946787311767735,0.09158046623837872,0.089566633491765,0.1727982110267483,0.19078127863352348,0.1694970761590804,0.7298541782824447,1.2203554737071447,0.7788337879630893
1790765230.2469978,APPROACH,0.010000649,3.064900010940619e-05,0.07395215127292243,0.09293281809119147,0.08194121170800983,0.1838748797435705,0.19840244530729328,0.14130109012412395,0.07120435309636387,0.0934976612642233,0.09126993977860257,0.17449678030344629,0.19265661759988523,0.1711631959895073,0.7298101351865126,1.2388405239979543,0.7899206319743735
1790765230.257001,APPROACH,0.010002872000000001,3.934599999411148e-05,0.07579980088044369,0.09492755966671229,0.08336111119828349,0.18575940893869178,0.20027041159117298,0.14276789565214593,0.07295778828596397,0.0954335760256391,0.09298987736421596,0.17618921830460912,0.19452518721036474,0.17282330167621032,0.7297461154634625,1.257480917496822,0.8011012030416773
1790765230.2670262,APPROACH,0.010025667,8.470299962937133e-05,0.07766623359173508,0.09694097026350423,0.08479561149488202,0.18763711058948998,0.20213231528348857,0.14422647298535735,0.07472811632953454,0.09738814167621111,0.09472638508292831,0.1778753164884806,0.19638675722031623,0.17447718866141246,0.729662161156214,1.2762681694361886,0.8123734332182301
1790765230.2770183,APPROACH,0.009991702,3.973699995185598e-05,0.07955139705392966,0.09897296996381577,0.08624465552649951,0.18951189006511274,0.20398375346593886,0.14568262052939276,0.07651527279358898,0.09936128707687557,0.0964793997321896,0.17955486808812798,0.19824109934462275,0.17612465412825384,0.7295574308164843,1.2952095492757845,0.8237383016977932
1790765230.2870295,APPROACH,0.010011509,4.008799987786915e-05,0.08145523962148271,0.10102347224704378,0.08770819408089814,0.1913787358662571,0.20582884089481773,0.14713070123370864,0.0783191911858455,0.10135293881551513,0.09824885608998567,0.18122766811144195,0.20008798725769628,0.17776549700079186,0.7294316743485313,1.3142948001282704,0.8351931434346003
1790765230.2970169,APPROACH,0.009987313000000001,4.004700031146058e-05,0.08337769880303458,0.10309239314657592,0.08918617356624647,0.1932418144385429,0.20766280053280647,0.14857709041317047,0.08013980297297522,0.10336302122655412,0.10003468693224755,0.18289351334113657,0.2019271965934775,0.17939951794400105,0.729284146546809,1.3335316073483892,0.8467388108731991
1790765230.3070028,APPROACH,0.00998575,3.793299993049004e-05,0.08531871310443684,0.10517964148530723,0.0906785494100637,0.19509578613551884,0.20949016022871586,0.15001558370367474,0.08197703759835073,0.10539145641055418,0.10183682305026077,0.18455220233474962,0.20375850494543646,0.1810265193637735,0.7291143283610394,1.3529082736743934,0.8583721716970126
1790765230.317031,APPROACH,0.010028302000000001,3.517799996188842e-05,0.08727820988311663,0.10728512813929836,0.09218527360655582,0.1969450876901908,0.21130580652885636,0.1514530185561085,0.08383082249979394,0.10743816425380905,0.10365519326807417,0.1862035354246419,0.2055816918665715,0.18264630540691812,0.7289215841233284,1.3724330484596867,0.8700940531080118
1790765230.3270164,APPROACH,0.009985239,3.0048000098759076e-05,0.08925611782371323,0.10940875613998458,0.09370630791903256,0.19878415036755553,0.21311439133345578,0.15288302811200452,0.08570108312732458,0.10950306244794022,0.10548972445990937,0.18784731471799818,0.2073965388694104,0.1842586819611615,0.7287054971165883,1.392094013548444,0.8819011678487929
1790765230.3370042,APPROACH,0.009987794000000001,3.394499981368426e-05,0.09125235276717625,0.11155043457017477,0.09524160450007546,0.2006175219799903,0.21491082969129605,0.15431233671563,0.0875877429609083,0.11158606650949209,0.10734034156756979,0.18948334409682624,0.20920282942600946,0.18586345665514709,0.7284651956994059,1.411898843247799,0.8937941291891788
1790765230.3470354,APPROACH,0.010031538000000001,3.147000006720191e-05,0.09326683254324042,0.11371006135443906,0.09679112977864701,0.20243937607144347,0.21670021695886385,0.15573390175964197,0.0894907235282049,0.11368708979952716,0.10920696761784987,0.19111142921795765,0.21100034896795414,0.187460438858436,0.7271696500376649,1.4276806169636285,0.9036420782098963
1790765230.3570313,APPROACH,0.009995709,3.1379999654745916e-05,0.09529961692122324,0.11588638416601871,0.09835592671581761,0.20429067982676596,0.2182330635475024,0.15738280412691025,0.09140994442231674,0.11580604354322162,0.11108952373994432,0.19273137751304714,0.2127888848863586,0.18904943968150617,0.7251073689010035,1.440122672292386,0.9115006766869707
1790765230.3670063,APPROACH,0.009974869,4.300299997339607e-05,0.09735041507219844,0.11807700775700969,0.09993720934813766,0.20604661872843802,0.21956993990160067,0.15901475642670093,0.09334532331953677,0.11794283684946028,0.11298792918285715,0.19434299818857315,0.21456822653186602,0.1906302719757531,0.7239884104883249,1.455595521877255,0.9205927958473273
1790765230.3770084,APPROACH,0.010002282000000001,3.1349999972007936e-05,0.09941767318361006,0.12028204461926251,0.1015317984202424,0.20759018501978063,0.22113928704272465,0.1600271040537009,0.09529677599709681,0.12009737673043214,0.11490210133281092,0.19594610222583755,0.2163381652146486,0.19220275033348955,0.723163342445446,1.471951525444629,0.9302538023038447
1790765230.3869722,APPROACH,0.009963757,7.576600000902545e-05,0.10150014869774981,0.12250337274202927,0.1031342719760886,0.20911547353621737,0.22280264984955725,0.16064335944802,0.09726421635091588,0.1222695681212255,0.11683195573065593,0.19754050238096543,0.21809849420440708,0.1937666910879452,0.7225267530449838,1.489304009516227,0.9405062000424059
1790765230.397027,APPROACH,0.010054623,3.1490999845118495e-05,0.10359987938785853,0.12474016233871232,0.10474281469040836,0.21089379669700253,0.2243465785327919,0.16114200149969948,0.09924755641334831,0.12445931389942327,0.11877740608927931,0.19912601318490566,0.21984900873037144,0.19532191231326737,0.722070569404218,1.5083865026315522,0.9516169719960245
1790765230.4070163,APPROACH,0.009989507,3.054900025745155e-05,0.10571496958960491,0.12699516575240555,0.10635211181128046,0.21233667470063064,0.22632253958526316,0.16093265467436946,0.10124670637093205,0.12666651490469838,0.12073836431101426,0.2007024509434303,0.2215895059813004,0.1968682338245204,0.7214504530120073,1.5266148164896376,0.9626447842962665
1790765230.4169512,APPROACH,0.009934752,2.8294999992795056e-05,0.10784569162109747,0.12926872083607588,0.10796026845008555,0.2140534153542451,0.22801219261157915,0.16098469723817022,0.103261574582137,0.12889106995840907,0.12271474050504932,0.202269633737135,0.22331978510548162,0.19840547717768595,0.7211308274394147,1.5467901941784876,0.9745055406514112
1790765230.4270492,APPROACH,0.010097896,3.119000029982999e-05,0.10999185622504815,0.13156090644466634,0.10956663223096452,0.21559634892636284,0.22991971819586626,0.16070259330907366,0.10529206759511289,0.1311328758831939,0.12470644300483727,0.2038273814214389,0.2250396472107317,0.199933465669663,0.7207294864999348,1.5666783108623341,0.9864191330464112
1790765230.437039,APPROACH,0.009989808000000001,9.325000019089202e-05,0.11215660845765907,0.13386952360350612,0.111172825870681,0.2175938436748539,0.23143323833699853,0.16082747480413628,0.10733809016543802,0.13339182752256734,0.12671337838550456,0.20537551562658463,0.22674889536439616,0.20145202433826775,0.7205525615204106,1.5888341530663563,0.9992862211288516
1790765230.4470155,APPROACH,0.009976672,2.8584999654412968e-05,0.11434036159852035,0.13619482161404406,0.11277798815277063,0.21936825337584354,0.23328681484325933,0.16045961285194077,0.10939954527386708,0.135667817760515,0.12873545148126037,0.20691385975763799,0.2284473345933492,0.20296097996223345,0.7200941018121833,1.6101549958491304,1.0120410794085877
1790765230.4570377,APPROACH,0.01002209,3.8053000025684014e-05,0.11654184306040882,0.13853854915594432,0.114379673804069,0.22117430504728777,0.2350720532240205,0.16019911424648897,0.11147633414407962,0.13796073754108895,0.13077256540280585,0.20844223899448852,0.23013477188399414,0.20446016106121084,0.7197008681932141,1.6321395695936083,1.0251282445670082
1790765230.4670148,APPROACH,0.009977013,2.7102999865746824e-05,0.11876141844820154,0.14089987437868867,0.11597928975222693,0.22298786114229277,0.2368098381175856,0.16004076311494358,0.11356835626042802,0.1402704758880026,0.13282462155474312,0.20996048029184908,0.23181101618226313,0.20594939789576783,0.7193589203876444,1.6546813188481677,1.0384962813680052
1790765230.4770296,APPROACH,0.010014756000000001,2.9376999918895308e-05,0.12099668117247386,0.14328038740534144,0.11757580976752902,0.2245392095884316,0.23873002641714886,0.1597602242736933,0.11567550938568616,0.1425969199242267,0.13489151965298463,0.21146841237925612,0.2334758783936173,0.20742852246738963,0.718936587955491,1.6766051798373798,1.0516888519243333
1790765230.4870195,APPROACH,0.009990138,8.163700022123521e-05,0.12325087352098318,0.1456767572238471,0.11917373094505912,0.22657215571930694,0.2401406080501457,0.160163203321178,0.11779768957879733,0.14493995489158418,0.13697315774216237,0.2129658657610695,0.2351291713830466,0.2088973685184787,0.7187855127015076,1.7008640638540118,1.065757240619775
1790765230.4970388,APPROACH,0.010019726000000001,3.625999988798867e-05,0.1255239395727914,0.1480889660777951,0.12077371195575992,0.22828091282492238,0.24194107999592204,0.16011146504580925,0.11993479121262235,0.14729946417034526,0.13906943221303675,0.21445267271647242,0.23677070997506985,0.21035577153235463,0.7182759804392347,1.7237269766809873,1.079434796918713
1790765230.507009,APPROACH,0.009970019,3.9615999867237406e-05,0.12781388304338392,0.15051896817528831,0.1223739785298914,0.22999305965261066,0.24364468969664016,0.16029092044373455,0.12208670699168825,0.14967532929882335,0.14118023781990616,0.21592866729947158,0.23840031095373476,0.21180356873325432,0.7178162545944037,1.7470087802518515,1.0932722106000634
1790765230.5170362,APPROACH,0.010026829000000001,3.336400004627649e-05,0.1301208887815628,0.1529656236534649,0.12397709388264655,0.23169581789601604,0.24527875360611448,0.1606661346446202,0.12425332796993602,0.15206742999296965,0.14330546769801566,0.2173936853388975,0.24001779306261833,0.21324059908633225,0.7173843328184387,1.7706147756109463,1.1072312231383006
1790765230.526947,APPROACH,0.009911487,3.3274000088567846e-05,0.13244457709561885,0.1554286698013012,0.125584422831178,0.23333575293189332,0.24692362962547829,0.16112695427783658,0.12643454356846923,0.15447564416596904,0.14544501338096683,0.21884756443840347,0.24162297700482577,0.2146667032976595,0.7168937971538778,1.7941568821365146,1.1211767020791026
1790765230.537045,APPROACH,0.010097736000000001,8.861000014803722e-05,0.1347819228015812,0.1579100301576677,0.12719505352929872,0.23468932370195497,0.24873401708215273,0.16153674534720636,0.12863024159330205,0.15689984794783493,0.1475987648181262,0.22029014397646682,0.2432156854429917,0.21608172381422494,0.7162995226143603,1.8168128432245831,1.1347700030932908
1790765230.5470135,APPROACH,0.009968196,3.3304000226053176e-05,0.13713661320232262,0.16040570846567714,0.12881467575088834,0.23657560964242633,0.2499717886848203,0.1627335122133418,0.13084030825310752,0.15933991570500483,0.14976661039203498,0.22172126510638793,0.24479574299927936,0.21748550482393433,0.7159681783005192,1.8417588863275032,1.1491536065155112
1790765230.5571375,APPROACH,0.010124728000000001,5.876400018678396e-05,0.1395084190091076,0.16291576849731815,0.13044397145873976,0.23807535934345433,0.25166095493243573,0.16339887541327658,0.13306462817696588,0.16179572005993553,0.15194843693581803,0.22314077075629093,0.24636297625538112,0.218877892255611,0.7151963750140149,1.8648389571135868,1.1629315483049791
1790765230.5670183,APPROACH,0.009880066,4.231100001561572e-05,0.14189501162894924,0.1654424445942091,0.1320807763092544,0.23958615183787943,0.2532330503418363,0.1643145312055153,0.1353030844321126,0.16426713191069825,0.15414412975059286,0.22454850562912348,0.2479172137525183,0.2202587337789955,0.7144611424337294,1.888212312247417,1.17677332300668
1790765230.577029,APPROACH,0.010010718,3.0588999834435526e-05,0.1442966437606037,0.16798445128144568,0.13372769404423313,0.24108439029755138,0.2547372955644847,0.16540151252620594,0.13755555854168683,0.16675402045057414,0.15635357262287908,0.22594431620265623,0.24945828599144065,0.22162787880474527,0.7137287572409547,1.911746557303939,1.190639569616848
1790765230.5870264,APPROACH,0.009997242,0.00016865499992491095,0.14671288675820726,0.1705415894353255,0.13538572178731823,0.24251536381390978,0.25626050880714135,0.16652971211494283,0.13982193050247949,0.1692562531876495,0.15857664784200742,0.22732805072948378,0.2509860254324274,0.22298517848443541,0.7129112197512346,1.9350623123739177,1.2044074813347103
1790765230.597023,APPROACH,0.009996861000000001,4.3123000068590045e-05,0.1491458334443143,0.17311182287015914,0.13705757553149134,0.24419976652330075,0.2575400798322348,0.16797140616191092,0.1421020788026817,0.17177369596441122,0.16081323621752913,0.22869955923702398,0.25250026649528634,0.22433048571055816,0.7121082683560994,1.9593176109957309,1.2185107636977912
1790765230.6069503,APPROACH,0.009927047000000001,3.696100020533777e-05,0.15159120934076498,0.17569863281060805,0.13873969352342108,0.24523814981734607,0.2593934618262893,0.16876822658259505,0.14439588043963264,0.17430621297734156,0.16306321709662464,0.23005869352751807,0.2540008455593543,0.22566365511652287,0.7109173692634886,1.9810615410749772,1.2317121711284986
1790765230.6170285,APPROACH,0.010078199000000001,5.075799981568707e-05,0.15404841371481748,0.17830168183956996,0.14043314309721566,0.24662339423507718,0.2607271022797859,0.17031455604691192,0.14670321093756825,0.17685366679651415,0.16532646838151338,0.2314053071780308,0.2554876009634968,0.22698454307665622,0.7100717681904435,2.0046594589963114,1.2454681724781307
1790765230.6270375,APPROACH,0.010009315000000001,3.649099971880787e-05,0.15651924147733354,0.180918229578527,0.1421419405376083,0.24792722076506596,0.2621506916745813,0.171755870872846,0.14902394436536912,0.17941591838518872,0.1676028665468624,0.2327392555404505,0.2569603730061086,0.22829300770620226,0.7090605898764949,2.0277934350860773,1.2590564214066458
1790765230.6369443,APPROACH,0.009906477,0.00010672500002328889,0.15900278671939816,0.1835492603650115,0.14386487661911218,0.24918649386793956,0.2636046837318569,0.17316609579152975,0.15135795335430877,0.18199282711940656,0.16989228665719588,0.23406039574148893,0.2584190039451132,0.22958890886132227,0.7079203054259673,2.0506281078503785,1.272525491083985
1790765230.6469915,APPROACH,0.010047178,2.997800038428977e-05,0.16149886221379095,0.1861946553327236,0.14560218219314525,0.25044443861875976,0.265015603627189,0.17463859622336447,0.15370510911580218,0.18458425080758603,0.17219460238430423,0.23536858668268099,0.2598633379979627,0.23087210813909445,0.7067348470062528,2.0735040765639328,1.2859859149808943
1790765230.6569874,APPROACH,0.00999626,2.878600025724154e-05,0.16400452042832558,0.188856341774291,0.1473519244713719,0.25138780234037456,0.2666393196291055,0.17588984754529097,0.15606528145915358,0.18719004571011752,0.1745096860246532,0.2366636890403854,0.2612932213416386,0.23214246887751466,0.7054121579154801,2.0952974127276573,1.2990170969806623
1790765230.6670144,APPROACH,0.010026749000000001,4.035800020574243e-05,0.16652387548279446,0.1915301957600377,0.1491188807736119,0.2529239798195709,0.2676571816666635,0.1778623332657175,0.15843833880930502,0.1898100665589589,0.17683740851679297,0.23794556526578434,0.2627085021126512,0.23339985615549594,0.7043522216253505,2.119485708693613,1.3128682185942946
1790765230.6771274,APPROACH,0.010113577,5.604799980574171e-05,0.16905682117285448,0.1942163845118987,0.15090247760129127,0.2540734509390546,0.26915602921102655,0.17915139283826365,0.16082414822458443,0.1924441665772308,0.17917763945876766,0.23921407958488317,0.26410903040703926,0.23464413679286839,0.7028208798621493,2.1417392273309783,1.326100549004717
1790765230.68702,APPROACH,0.009892269,9.94219999483903e-05,0.1716010247584574,0.19691742912863663,0.15269903851314215,0.25522478625213096,0.27056719060945833,0.1805388153538704,0.1632225754144539,0.19509219749881176,0.18153024712552404,0.24046909799851093,0.265494658280371,0.23587517935037947,0.7013145471987925,2.16425286278624,1.339400610106351
1790765230.6969862,APPROACH,0.009966052000000001,4.379399979370646e-05,0.1741567384571674,0.19963220478525479,0.154509841947851,0.25637787411466584,0.27191023651520474,0.18198846511617484,0.16563348475725803,0.1977540095879339,0.18389509848632113,0.24171048828232003,0.2668652397477432,0.23709285412969397,0.6998256407245573,2.1870329932674055,1.3527801335238556
1790765230.7070408,APPROACH,0.010054613,4.1139000131806824e-05,0.17672367168720893,0.20236052751091638,0.15633478763040554,0.25747484436537116,0.2732787455761484,0.1833645626445179,0.16805673931797196,0.20042945165877782,0.18627205922213913,0.24293811998678644,0.2682206307837817,0.23829703317339385,0.6982611440155966,2.2096939904608455,1.3661207970014781
1790765230.716945,APPROACH,0.009903992,3.4235999919474125e-05,0.17930140635686254,0.2051024976598832,0.1581733241203196,0.25854983395824505,0.27463212830865985,0.18471772756674548,0.17049220086594974,0.2031183710950679,0.18866099374308853,0.24415186443720943,0.26956068932264127,0.23948759026497835,0.6966485155512087,2.2323901459683992,1.3794742034429335
1790765230.72695,APPROACH,0.010005028000000001,3.9416000163328135e-05,0.18188690703778576,0.20786016919650674,0.16002290303660338,0.2593105775120906,0.27619557389224636,0.18581201459042418,0.17293972989267253,0.2058206138696679,0.19106176520581958,0.24535159473371188,0.2708852752580054,0.24066440092886396,0.6949265424968143,2.2541190559834416,1.3924580427410063
1790765230.7369528,APPROACH,0.010002782,3.470699994068127e-05,0.1844842396820292,0.2106294567406266,0.16188786425845603,0.2606524486488699,0.27716548979954664,0.18757484979128802,0.17539918562949683,0.20853602456417597,0.19347423553093113,0.2465371857512399,0.2721942504430865,0.24182734243038426,0.6934712606260932,2.2782833287419235,1.4062950440223698
1790765230.7470167,APPROACH,0.010063911,3.858399986711447e-05,0.18709043805900194,0.21341284842367525,0.16376484411247016,0.26134801452849354,0.27881805886500544,0.18842250318254206,0.17787042606540282,0.21126444638852016,0.19589826542038014,0.24770851413956327,0.2734874786906259,0.24297629377579028,0.691490789894465,2.2996247941640298,1.4191860701256194
1790765230.757014,APPROACH,0.009997512,3.209199985576561e-05,0.1897078956762277,0.21620841571445215,0.1656552093001391,0.2626554673612686,0.2797832264037453,0.19007140137074097,0.1803533079647422,0.2140057212005532,0.19833371437489036,0.24886545832327517,0.2747648257728941,0.24411113571225032,0.6898935704701917,2.3238093057752716,1.4330575011336406
1790765230.7670243,APPROACH,0.010010228000000001,5.9545000112848356e-05,0.19233692796775692,0.21901537955230665,0.16755938453738928,0.26363511966268793,0.2811517417786442,0.19111259861481605,0.18284768688498712,0.21675968952564872,0.20078044071136217,0.2500078985017924,0.2760261594216903,0.24523175072784995,0.6879104632887048,2.346482369761225,1.4464709936271654
1790765230.7770205,APPROACH,0.009996059,3.346399989823112e-05,0.1949753446068403,0.22183614816065145,0.16947356217818133,0.2645666689302295,0.282496961832495,0.19213901380038612,0.18535341719447773,0.21952619057629555,0.20323830158028114,0.2511357166493549,0.2772713493283425,0.24633802305159178,0.6859152870796638,2.3692564410135493,1.4599241448812674
1790765230.7870352,APPROACH,0.010014686,8.983399993667263e-05,0.1976230453311576,0.22466998574529207,0.17139827945860908,0.26549496230218905,0.2837686822741069,0.19321767201694162,0.1878703520901707,0.22230506227169353,0.20570715298312742,0.2522487965150262,0.2785002671437077,0.24742983865339577,0.6839609057019428,2.3923923388328436,1.4735043579001277
1790765230.7970407,APPROACH,0.010005728,3.919499977200758e-05,0.20027981830006603,0.22751652568334624,0.17333353794930506,0.2663837133999565,0.285042344158716,0.19424211738775593,0.19039834361538768,0.22509614125734895,0.20818684978978524,0.2533470236226933,0.2797127864781717,0.24850708524409923,0.6819591389799776,2.415563044858222,1.4871108528172998
1790765230.807025,APPROACH,0.009984278000000001,3.9977000142243924e-05,0.20294529390558047,0.23037578548855553,0.17527879880055153,0.267240229285316,0.2863106240109893,0.19522294444384175,0.1929372426775631,0.22789926292466933,0.21067724575595154,0.2544302852710667,0.2809087829016494,0.2495696522754566,0.6799102462295528,2.4387817188586576,1.5007473491442853
1790765230.8170214,APPROACH,0.00999613,3.510800024741911e-05,0.2056192227288145,0.23324762943151445,0.17723374163910233,0.268077571982542,0.2875586705126824,0.19618122731047238,0.19548689906599268,0.23071426143055912,0.21317819354054543,0.25549847053368047,0.2820881339435846,0.2506174309401398,0.6778234385298625,2.4621043246881436,1.5144316779937603
1790765230.8270113,APPROACH,0.009990168,3.8253999719017884e-05,0.20830139032677852,0.2361318878311902,0.17919810278682036,0.2688895500172502,0.2887948540807741,0.1971068197681879,0.19804716146958146,0.23354096971701468,0.21568954472311724,0.25655147025889175,0.28325071909294974,0.2516503141717376,0.6756916714474056,2.485496938643548,1.5281527753762427
1790765230.837027,APPROACH,0.010015848,0.00012988099979338585,0.21099156622387483,0.23902842354404896,0.18117158675852085,0.269680858162137,0.29001485959234397,0.19800684797049678,0.2006178774945925,0.23637921953072008,0.21821114982125808,0.2575891770698813,0.28439641979824615,0.2526681966447562,0.6735149286834543,2.50896967269272,1.5419133022234635
1790765230.8470025,APPROACH,0.009975169,3.6870999792881776e-05,0.21368953014833192,0.24193708621119026,0.1831539313980981,0.2704476678066722,0.2912219074292791,0.19887873315275134,0.2031988936823945,0.23922884144264175,0.2207428583080084,0.2586114853646539,0.28552511946750475,0.25367097477461953,0.671291778156736,2.5325082214704753,1.5557077234616625
1790765230.8570051,APPROACH,0.010002763000000001,3.165099997204379e-05,0.21639505936877246,0.24485772379261395,0.1851448934762976,0.2711943109165976,0.2924114239025161,0.19973018482311178,0.20579005552721039,0.24208966486762415,0.22328451862926763,0.25961829131603653,0.2866367034682841,0.25465854671766763,0.669023213086212,2.5561239643927456,1.569538692839182
1790765230.86703,APPROACH,0.010024785000000001,6.617700000788318e-05,0.21910793610964063,0.2477901753266023,0.18714425845188298,0.27191664125867215,0.29358713380960283,0.20055797357389332,0.2083912074938656,0.24496151808398514,0.2258359782212032,0.26060949287168134,0.28773105912767327,0.2556308123711593,0.6667072544720373,2.57979927382371,1.5833992992128691
1790765230.8769994,APPROACH,0.009969479,3.3724999866535654e-05,0.22169162850339674,0.2505869093019246,0.18905114123811106,0.27248798916755107,0.2947663453937764,0.2012491338975992,0.21100219303553594,0.2478442282531107,0.22839708352765944,0.2615849897540621,0.2888080757322885,0.25658767337326915,0.6783740030779467,2.6425835403300884,1.6132418672823758
1790765230.887003,APPROACH,0.010003434,9.822999982134206e-05,0.22441591488052293,0.2535633596660949,0.19103820323813903,0.2730613396455249,0.3000977002478701,0.1964971628773206,0.21362285461149644,0.2507376214390511,0.2309676800175675,0.26254468346047743,0.2898676445282764,0.25752903310309005,0.6659299490696131,2.6371750902631774,1.6175517001950348
1790765230.897003,APPROACH,0.010000027,4.9324999963573646e-05,0.22715765989028736,0.2565693833907874,0.193010878333717,0.275630941678285,0.3001404826736823,0.19919350614403086,0.21625303370486879,0.2536415226281153,0.2335476122023535,0.26348847726304886,0.29090965872131164,0.2584547966806317,0.6599773771101946,2.655349438209245,1.629111220571305
1790765230.9070048,APPROACH,0.010002092,4.506599998421734e-05,0.22991953016696964,0.25957037222321144,0.19501926213879628,0.2771275588167544,0.2996840389610787,0.20271498427203066,0.2188925708403706,0.2565557557484671,0.2361367236533489,0.26441627620872155,0.2919340134765982,0.2593648709668212,0.6570767785558688,2.6801802673331765,1.642731597987448
1790765230.917037,APPROACH,0.010031849,3.529800005708239e-05,0.23269055974685848,0.2625726787799918,0.19705424749701006,0.2775587794653142,0.3004145108519805,0.20449136256454337,0.22154130560206228,0.2594801436897195,0.2387348570191982,0.2653279871192635,0.2929406059188684,0.2602591645635024,0.6537555540317905,2.7016348391286735,1.6553490279132481
1790765230.9270256,APPROACH,0.009989336000000001,5.567800008066115e-05,0.23546449905235356,0.2655833068290736,0.1991049392733677,0.2777636788491348,0.30125237037509345,0.20599731246010333,0.2241990766510967,0.26241450832253077,0.24134185404326955,0.2662235185912672,0.2939293351323843,0.2611375878134374,0.6507052699335991,2.72346931546751,1.668127662349666
1790765230.937,APPROACH,0.009973837000000001,4.941499992128229e-05,0.2382404083952796,0.2686019123130894,0.2011705534779784,0.27795904223494755,0.30201358258629757,0.2074768090178583,0.22686572174346667,0.26535867051819956,0.24395755558106327,0.26710278099614765,0.29490010216093593,0.2620000528003045,0.6479699086018074,2.7463227562257457,1.681281044295499
1790765230.9469981,APPROACH,0.009998034000000001,3.16410000777978e-05,0.24101819994019458,0.2716283759482234,0.2032499051744443,0.2781394206728075,0.3028354360183605,0.2087353342929399,0.2295410777477528,0.26831245016825955,0.24658180161762058,0.26796568648014396,0.295852810007843,0.2628464733486999,0.6452692789947743,2.7694020477070014,1.6945671263416897
1790765230.9569988,APPROACH,0.010000829000000001,3.6330000057205325e-05,0.2437978982080331,0.2746633052296499,0.2053408096087077,0.2783385430692992,0.30370541673127077,0.20979657121014061,0.23222498066287278,0.2712756662040759,0.24921443128493384,0.26881214896431843,0.29678736363595387,0.26367676502413695,0.6425338362977532,2.792600210749165,1.7079503232324014
1790765230.966999,APPROACH,0.010000328000000001,2.9416999950626632e-05,0.2465797963475449,0.27770701656489205,0.20744157891481407,0.27857469900013976,0.3045921004120933,0.21071515800003143,0.23491726563582876,0.27424813661643943,0.2518552828793547,0.2696420841445567,0.2977036699676456,0.264490845133046,0.6397636325549314,2.815975669655376,1.7214452256318098
1790765230.9769986,APPROACH,0.009999396,3.793299993049004e-05,0.2493642827932101,0.2807596101665446,0.20955093941021374,0.2788507169457622,0.3054843415503234,0.21151801375324064,0.2376177669794557,0.2772296784751624,0.2545041938790038,0.2704554094915684,0.2986016378848245,0.26528863272277525,0.636948022787189,2.839521228065485,1.7350456726044514
1790765230.9869995,APPROACH,0.010000829000000001,3.7181999687163625e-05,0.25215171353220356,0.2838211324818092,0.21166780982057887,0.27915793025409924,0.30638095458145004,0.21221892710530366,0.24032631819017047,0.28022010794867447,0.2571610009611803,0.27125204425088556,0.29948117822892517,0.26607004858158906,0.6340777118478755,2.863201244013016,1.7487355155867386
1790765230.997009,APPROACH,0.010010418,3.819399989879457e-05,0.2549423790315073,0.2868915870457567,0.21379128703612338,0.27949250456383923,0.3072738254741718,0.21284070372802744,0.24304275196571845,0.2832192403236162,0.25982554001976976,0.2720319094428647,0.3003422038009118,0.26683501523867004,0.6311519383631299,2.8870132686699552,1.7625086100622893
1790765231.0070012,APPROACH,0.009991491,3.781299983529607e-05,0.2577365051856688,0.2899709216950672,0.21592065939062888,0.27984505460621795,0.3081606861353494,0.21339777238042312,0.24576690022292325,0.2862268900244361,0.26249764618265464,0.27279492786268583,0.3011846293612775,0.2675834569641181,0.6281710069695735,2.9109397265199495,1.776353616641724
1790765231.0169988,APPROACH,0.009997492,3.590900041672285e-05,0.2605342486480655,0.29305904665533866,0.2180553737865818,0.2802114639272856,0.3090357299788372,0.21390820245268194,0.2484985941154343,0.28924287063298515,0.2651771538291231,0.2735410240803512,0.30200837163004324,0.2683152997689493,0.6251361058493671,2.934976376169198,1.7902634309276708
1790765231.0270007,APPROACH,0.010001982000000001,3.253199975006282e-05,0.26333570617833413,0.2961558381792537,0.220195021058192,0.28058349854530173,0.3098984096847405,0.21438215208335432,0.2512376640514752,0.29226699490811225,0.26786389660727783,0.274270124440688,0.3028133492867603,0.26903047140509834,0.6220476088854078,2.9591025320174804,1.804225592202776
1790765231.0369985,APPROACH,0.009997943,4.692999982580659e-05,0.2661409191199251,0.29926114937574155,0.2223393109374383,0.2809585252242503,0.31074415888047424,0.21483395734874833,0.25398393971159183,0.2952990748052593,0.2705577074514454,0.27498215706334606,0.3035994829705081,0.2697289013654162,0.6189064598545885,2.983311898257233,1.8182323852469193
1790765231.0470016,APPROACH,0.010002853,3.486700006760657e-05,0.2689498858441013,0.3023748089845961,0.2244880631910151,0.28133022540362895,0.3115730971066275,0.21527074775434396,0.25673725006640075,0.2983389214960567,0.2732584185995857,0.2756770518427983,0.30436669527989446,0.2704105208836712,0.6157127240971075,3.0075834542983424,1.832271469426197
1790765231.0570004,APPROACH,0.009998645,3.68310002158978e-05,0.2717625664275527,0.30549663058557286,0.22664118451066617,0.28169743947482656,0.31238161592915187,0.21570345811618763,0.2594974233943374,0.3013863453879186,0.2759658616107007,0.2763547404483422,0.30511491077305725,0.2710752629345494,0.6124665658585924,3.0319092386206745,1.8463349539789102
1790765231.0670006,APPROACH,0.010000519000000001,5.219100012254785e-05,0.2745788936805704,0.30862640993637847,0.22879866171114127,0.28205549690168746,0.3131702785033503,0.21613654836882268,0.26226428729940426,0.30444115614363804,0.2786798673822438,0.2770151563240982,0.30584405596766295,0.27172306223365417,0.609167627072416,3.056268719865867,1.860411139567011
1790765231.0769985,APPROACH,0.009997673,3.74520000150369e-05,0.27739877621299946,0.31176393300404115,0.23096054102208008,0.2824044205536409,0.31393608946965046,0.21657812956355565,0.2650376687289192,0.30750316270098277,0.2814002661675294,0.2776582346890094,0.3065540593409058,0.27235385523750505,0.6058156298384472,3.0806541513207257,1.8744927891529877
1790765231.0870154,APPROACH,0.01001693,0.00013676300022780197,0.2802221069205961,0.3149089736473387,0.23312692183492612,0.28274075844535895,0.3146799990900735,0.21703025538394688,0.26781739399126364,0.31057217329228964,0.2841268875931411,0.27828391253684387,0.3072448513295106,0.2729675801435403,0.6024098210668899,3.1050458727927923,1.888569131830107
1790765231.0970361,APPROACH,0.010020868,4.436599965629284e-05,0.28305039526074527,0.3180599186665889,0.2352992026294798,0.28324204658450847,0.31525022993346985,0.21763311605912455,0.2706032887736305,0.31364799546406047,0.2868595606763418,0.278892128636192,0.3079163643297301,0.27356417689011436,0.598990419487235,3.1302318174644803,1.9029446926560363
1790765231.1070054,APPROACH,0.009969138,3.686099989863578e-05,0.2858814865048469,0.3212186418512335,0.23747525744942166,0.2834491699277323,0.3161161113476632,0.21789435435215476,0.27339517815977316,0.31673043609655765,0.28959811384248246,0.279482823530468,0.308568532697346,0.27414358715649945,0.5953020981969509,3.153870824562912,1.916759946057762
1790765231.1170044,APPROACH,0.009999055000000001,4.9714999931893544e-05,0.2887148723324966,0.3243852079658103,0.23965499798112244,0.2836955943072189,0.31681114001789995,0.21838308184538552,0.27619288664775304,0.31981930142339854,0.29234237494241144,0.2800559395379092,0.30920129274766883,0.2747057543628846,0.5917433974655982,3.1781151458115238,1.9307360780169225
1790765231.1269994,APPROACH,0.009995169,3.308299983473262e-05,0.2915508206760693,0.32755828290552547,0.24184015267132786,0.2839549335632754,0.31743772160605555,0.21895036275907998,0.27899623816768815,0.32291439705115166,0.2950921712698837,0.2806114207515771,0.3098145827555385,0.2752506236703766,0.5881806836741359,3.202533005268275,1.944744676933473
1790765231.1370275,APPROACH,0.010027901,8.046500033742632e-05,0.294389358547134,0.3307375190613291,0.2440310227467517,0.2842075471529934,0.31805320382861807,0.2195141986285204,0.281805056099501,0.32601552797893124,0.2978473295789693,0.2811492130393561,0.31040834295532344,0.2757781419809992,0.5845288300535921,3.226830127311971,1.958693196076745
1790765231.147026,APPROACH,0.009998675,2.7634000161924632e-05,0.2972304128599621,0.333922785218947,0.24622760275801703,0.28445145309652115,0.31864981273542187,0.2200859654398966,0.2846191632906674,0.32912249861799303,0.3006076761014637,0.2816692640439542,0.31098251554092116,0.2762882579376935,0.58080039910978,3.2510315871617057,1.972586103920603
1790765231.1569548,APPROACH,0.00992869,3.133000018351595e-05,0.3000739046688494,0.337113841733065,0.2484300411959781,0.2846881049865628,0.31921831790950905,0.22067811480426908,0.28743838207396394,0.3322351128113292,0.303373036564296,0.28217152318290306,0.31153704466575793,0.27678092192431797,0.577009357758852,3.275177839194906,1.986433772983867
1790765231.1669474,APPROACH,0.009992603000000001,2.906600002461346e-05,0.3029182229194376,0.34031174358151706,0.2506373433764324,0.28475419855741463,0.3198966448385325,0.2211677719904369,0.29026253428521714,0.3353531738532643,0.30614323620693884,0.2826559416485571,0.3120718764427887,0.27725608606564767,0.5731305384649076,3.29851374609596,1.9999387100711732
1790765231.1770465,APPROACH,0.01009961,4.82330001432274e-05,0.30576373210638863,0.3435154392685362,0.2528507324395992,0.284905180531136,0.320392259098588,0.2218777380697714,0.2930914412810507,0.3384764845090494,0.30891809979881674,0.2831224724080953,0.3125869589444981,0.27771370422737596,0.5693460413571029,3.322465417075343,2.013604736901604
1790765231.1870105,APPROACH,0.009963367,9.567500001139706e-05,0.3086123902581992,0.3467225528833433,0.2550725036124879,0.28523698588410246,0.3207209551585221,0.22271250694853395,0.2959249239566348,0.34160484703445887,0.3116974516567163,0.2835710702035191,0.31308224220289876,0.2781537320161126,0.565500789081692,3.3471116067094715,2.0275223948161587
1790765231.1970272,APPROACH,0.01001688,2.8715999633277534e-05,0.3114640137365967,0.3499335391175826,0.25730165422069184,0.28549656098667736,0.3211759125806101,0.22334386774933013,0.29876280276343287,0.3447380631953837,0.314481115662194,0.2840016915516541,0.31355767820953295,0.2785761267793851,0.5614062823175977,3.3710150370004826,2.041185319213736
1790765231.2069817,APPROACH,0.009954409000000001,6.4053000187414e-05,0.3143180651658506,0.3531491305179921,0.25953691483828756,0.2857154882343527,0.32163745279295125,0.2239441325137213,0.30160489772695154,0.3478759342874291,0.3172689152789868,0.28441429474414875,0.3140132209154711,0.27898084760563785,0.5572230831728846,3.394692781567967,2.054743767151314
1790765231.2170148,APPROACH,0.010033713000000001,3.49769998138072e-05,0.31717422267199513,0.35636911517164993,0.2617783614803022,0.28591086886702993,0.3220601054766376,0.22457572351563665,0.3044510284644879,0.3510182611555082,0.32006067357042095,0.2848088398474754,0.3144488262313132,0.2793678553242328,0.5530179907969446,3.4183727738881573,2.068266841814769
1790765231.2270415,APPROACH,0.010026138,3.2312000257661566e-05,0.32003225282558034,0.3595931442146387,0.264026236494062,0.2860835174496477,0.32245470931113496,0.22522035927640627,0.3073010142028774,0.3541648442134376,0.32285621321682,0.2851852887029299,0.314864452027188,0.2797371125054492,0.5487754088028153,3.442005292083334,2.0817397242565314
1790765231.2370255,APPROACH,0.009983956,3.6330000057205325e-05,0.3228919468651066,0.36282096723572543,0.2662806122992851,0.2862369766186034,0.3228260757097693,0.22586835076914497,0.3101546737962433,0.3573154834635331,0.3256553565329157,0.28554360492663095,0.3152600581327526,0.28008858346048293,0.5444820450869897,3.4655576708780087,2.09515251193257
1790765231.2470305,APPROACH,0.010004997,3.0669000352645526e-05,0.32575312280839697,0.3660523553875157,0.26854150575584246,0.2863729426658385,0.32317445762421415,0.22651717114425524,0.3130118257437435,0.36046997851620444,0.32845792548525593,0.2858837539095215,0.31563560633719384,0.2804222342414479,0.5401364574779595,3.489025277526122,2.1085036365953327
1790765231.256949,APPROACH,0.009918381,2.7643000066746026e-05,0.3286156230260566,0.3692870692275152,0.27080892700367887,0.2864948832819755,0.32349771601717486,0.2271676004869594,0.3158722882073195,0.36362812860955096,0.3312637417096142,0.2862057028173675,0.3159910603892269,0.28073803264137503,0.5357381898125818,3.512414310283712,2.121795111732966
1790765231.2670176,APPROACH,0.01006866,2.8063999707228504e-05,0.33147802627126755,0.3725260326477686,0.2730818649091642,0.2864716495310781,0.3239130017070494,0.22771902009601308,0.31873587902944517,0.3667897326289571,0.3340726265283994,0.28650942059075846,0.3163263859970961,0.2810359481942122,0.5312700701869774,3.5350455389623248,2.134759997927911
1790765231.277034,APPROACH,0.01001668,2.926700017269468e-05,0.3343417829271784,0.3757672601802273,0.2753620847968481,0.28663018181560035,0.3240697532634964,0.2285197750967134,0.321602415750874,0.36995458912668716,0.33688440096806427,0.28679487794510683,0.31664155082857404,0.2813159521748244,0.5268886069419436,3.558787222869046,2.148088351801361
1790765231.2870188,APPROACH,0.009984487,6.549599993377342e-05,0.33720697338062156,0.37901026124417747,0.2776497902674864,0.28675411757816327,0.3242882356451683,0.2291911043835556,0.3244717156283875,0.37312249634148065,0.33969888577651447,0.28706204737065005,0.3169365245109637,0.2815780175989952,0.5223397857100122,3.582083839700887,2.161252693126658
1790765231.297036,APPROACH,0.010017521000000001,4.837300002691336e-05,0.3400733053132887,0.38225553353382224,0.27994387228980777,0.28685166385368893,0.32452229756621254,0.2298012515867494,0.3273435956525439,0.37629325221814774,0.3425159014405182,0.2873109031324472,0.31721127863109544,0.28182211922342365,0.5176780597056588,3.6050981741360566,2.174296321639556
1790765231.306994,APPROACH,0.009957766,3.674099980344181e-05,0.3429405553323841,0.3855029945033488,0.28224405921120166,0.2869314514583084,0.3247287480877606,0.2304114893236009,0.33021787256542606,0.3794666544271648,0.34533526820311544,0.28754142127038196,0.3174657867353292,0.28204823354572717,0.5129740072894273,3.6280489288081283,2.187284587912153
1790765231.31699,APPROACH,0.009995760000000001,4.591900005834759e-05,0.3458073779060351,0.38875344480254714,0.2845494425238302,0.28687940650653454,0.3250133758418739,0.23093459283127193,0.3330943628783902,0.38264250038426967,0.3481568060810271,0.2877535795991609,0.3177000243295537,0.28225633880443995,0.5082132647835494,3.650301017342385,2.1999670735055314
1790765231.3270354,APPROACH,0.010045665,3.22629998663615e-05,0.3486750505703542,0.39200500392496007,0.2868616237302417,0.2869781105250527,0.3250616532806488,0.23167593497709826,0.3359728828898134,0.3858205872700563,0.35098033488206376,0.2879473577083142,0.3179139688791864,0.2824464149790135,0.5035440333744419,3.673598146537677,2.2129896125509587
1790765231.337035,APPROACH,0.009999397,9.303000024374342e-05,0.3515436143348696,0.3952571917338856,0.289180756036731,0.2870510096696818,0.32515961813541105,0.23230045432970808,0.3388532487028416,0.3890007120495701,0.3538056742225346,0.288122736962196,0.3181075998091743,0.2826184437898171,0.4987154787664523,3.6964970208844967,2.2258629463071617
1790765231.347018,APPROACH,0.009983225,3.198200010956498e-05,0.3544128013606018,0.3985104465048588,0.2915057794360134,0.28709713918840785,0.3252732285105272,0.23286056082339446,0.3417352762431396,0.3921826714919046,0.3566326435446582,0.28827970049998297,0.31828089850399244,0.28277240869813647,0.49377813809523846,3.7191165260882943,2.238616615749385
1790765231.3570163,APPROACH,0.009998244,2.7463000151328743e-05,0.3572823830181937,0.4017646973873914,0.29383637641595595,0.28712523665920675,0.3253604834771735,0.2334162292956944,0.34461878127663703,0.39536626218979487,0.35946106213396956,0.288418233235676,0.3184338483076454,0.28290829490617514,0.4887985841996768,3.7416663358135485,2.251312852525684
1790765231.3669991,APPROACH,0.009982895,4.2020999899250455e-05,0.3601521811439623,0.4050196582683796,0.2961725325219069,0.2871364293957871,0.3254198978833968,0.2339689475559047,0.34750357942727816,0.39855128057921413,0.3622907491367308,0.2885383218580988,0.31856643452366595,0.28302608935705337,0.4837821978478199,3.764160144899017,2.263955877622196
1790765231.3770366,APPROACH,0.010037439,2.923600004578475e-05,0.3630220344533308,0.40827506997652385,0.2985141865052068,0.2871325045626798,0.32545510580922377,0.2345126909840478,0.3503894861947697,0.40173752295896853,0.36512152357734007,0.2886399548308995,0.31867864441511695,0.2831257807348096,0.4787201312057419,3.786576139555806,2.2765391218955413
1790765231.387039,APPROACH,0.010002042000000001,0.00012338800024735974,0.3658917919951312,0.41153070051540386,0.30086123219352956,0.287113586053075,0.3254677319889559,0.23504478600529716,0.35327631697232836,0.40492478551029204,0.36795320437573964,0.2887231223925486,0.31877046720458896,0.2832073594643985,0.47361011528080804,3.8089044049069933,2.2890592673337635
1790765231.3970246,APPROACH,0.009986,2.8375000056257704e-05,0.36876131135878243,0.4147863195253807,0.30321355736305566,0.2870814044084679,0.32545658545584977,0.23556649161203824,0.3561638870644305,0.40811286431644295,0.3707856103648269,0.2887878165563407,0.3188418940742021,0.2832708177116927,0.4684515469370476,3.8311472326540503,2.301516741911382
1790765231.4069598,APPROACH,0.009935103,2.9115999950590776e-05,0.3716304577449776,0.4180416916571206,0.3055710540733916,0.28703569272983837,0.3254221715698152,0.23607697400333894,0.3590520117045587,0.4113015553822975,0.37361856030786156,0.28883403111039374,0.3188929181656051,0.2833161493834816,0.46324485087020084,3.8533017985487605,2.313910297435011
1790765231.417028,APPROACH,0.010068109,5.7279999964521267e-05,0.3744981022518843,0.42129757384875877,0.3079327818768176,0.2868836028294066,0.3254613972740134,0.23649798123759525,0.36194050607295153,0.41449065465394686,0.3764518729158768,0.288861761617649,0.3189235345799758,0.2833433501274722,0.4579636914463672,3.874739842145646,2.3259951418116227
1790765231.4269705,APPROACH,0.009942606000000001,3.329400033180718e-05,0.37736529260053864,0.4245522916472062,0.3103000721480873,0.28684311868788515,0.32528651833200894,0.2371093160629531,0.36482918531435093,0.41767995803829144,0.3792853668650869,0.2888710054158713,0.3189337403780209,0.28335241733228866,0.4527938007146021,3.8971672892547606,2.338395156110076
1790765231.437021,APPROACH,0.010050555000000001,0.00010459200029799831,0.3802320631030156,0.42780536891542287,0.31267305630945685,0.28679000862841286,0.32515190297574864,0.2376152517041349,0.3677178645557503,0.420869261422636,0.382118860814297,0.288861761617649,0.31892353457997585,0.28334335012747225,0.4474570063109639,3.9192041863173976,2.350645378195601
1790765231.4470103,APPROACH,0.009989447,3.9615999867237406e-05,0.38309820710965337,0.4310571700894821,0.3150507641741278,0.2867142344839563,0.3250290211225303,0.23806108797478953,0.37060635892414306,0.42405836069428526,0.38495217342231214,0.28883403111039385,0.3188929181656053,0.28331614938348176,0.4420158988445861,3.9409668431283658,2.362774518839175
1790765231.457009,APPROACH,0.009998345,4.038799988848041e-05,0.3859635166541109,0.4343076151959382,0.31743288195614294,0.28662067014578935,0.3248815984958746,0.23849932327693912,0.37349448356427156,0.4272470517601401,0.3877851233653471,0.2887878165563407,0.3188418940742021,0.2832708177116927,0.43653204365717124,3.962639688028648,2.3748363937417523
1790765231.4670033,APPROACH,0.009994487,2.6760999844555045e-05,0.3888278128792564,0.4375564348324881,0.31981936865361593,0.2865097146219898,0.32470758453298715,0.2389328733626781,0.3763820536563737,0.43043513056629107,0.3906175293544344,0.28872312239254855,0.3187704672045889,0.2832073594643985,0.4310124418588633,3.984238242407452,2.38683525830909
1790765231.47703,APPROACH,0.010026519000000001,3.051899966521887e-05,0.39169001816333004,0.4408043175030043,0.32220937170614583,0.286296683480541,0.32460511737955966,0.23927956029290648,0.3792688844339321,0.43362239311761425,0.39344921015283363,0.28863995483089955,0.318678644415117,0.28312578073480965,0.4254230120745418,4.005118465966751,2.3985237306288725
1790765231.4870245,APPROACH,0.009994737,9.53839999056072e-05,0.3945510265710084,0.44404967512681637,0.32460414632182033,0.28617941797313873,0.32429383792058397,0.2398127364764227,0.3821547912014236,0.43680863549736865,0.3962799845934428,0.2885383218580991,0.31856643452366623,0.2830260893570536,0.41995528218968314,4.026977703646111,2.410518472323758
1790765231.4970253,APPROACH,0.010001019,7.624699992447859e-05,0.3974108301287762,0.4472920527531521,0.3270038142435441,0.2860474101329805,0.3240249171820368,0.2402400606451186,0.3850395893520648,0.4399936538867879,0.3991096715962042,0.2884182332356759,0.3184338483076452,0.282908294906175,0.4143189765538242,4.048420545808841,2.4223515176612587
1790765231.507019,APPROACH,0.009993545000000001,3.8224000036279904e-05,0.4002692106332182,0.4505318019260951,0.32940744109740816,0.28589179901493084,0.32376577824329683,0.2406116439230136,0.3879230943855622,0.4431772445846782,0.4019380901855156,0.28827970049998314,0.31828089850399266,0.28277240869813663,0.40858510718665486,4.06958895310878,2.4340597463386366
1790765231.5170121,APPROACH,0.009993325,6.06369999331946e-05,0.40312594657983336,0.4537688333776373,0.33181474081295637,0.2857166531436762,0.32348253120361525,0.24097636955025914,0.3908051219258603,0.44635920402701285,0.40476505950763925,0.288122736962196,0.31810759980917436,0.28261844378981715,0.40281268989059305,4.090657255436864,2.445693778842326
1790765231.5270162,APPROACH,0.010003484,3.5087000014755176e-05,0.4059808428593792,0.4570028848557106,0.3342256750453485,0.2855224958932548,0.3231735327059214,0.24133645477847693,0.39368548773888856,0.4495393288065267,0.40759039884811016,0.2879473577083144,0.31791396887918666,0.28244641497901374,0.39700787551680466,4.111638280038357,2.4572570030982943
1790765231.5370426,APPROACH,0.01002711,5.0085999646398704e-05,0.4088337153665158,0.4602337138070425,0.33664017409707725,0.28531053467713946,0.32284175751024097,0.24168727863895695,0.3965640077503116,0.45271741569231316,0.41041392764914664,0.2877535795991611,0.31770002432955396,0.2822563388044402,0.3911639235603384,4.132513554772867,2.4687434607136116
1790765231.5470128,APPROACH,0.009969629,2.9857999834348448e-05,0.41168438706154564,0.46346110014166264,0.3390581333773195,0.2850808059239094,0.3224886054773123,0.2420267114550257,0.3994404980632757,0.4558932616494179,0.41323546552705825,0.2875414212703821,0.31746578673532944,0.28204823354572733,0.38527939859122745,4.15327388293388,2.480149767001256
1790765231.557008,APPROACH,0.009995239000000001,2.7613000384008046e-05,0.4145326864597907,0.46668482700702274,0.3414794418309288,0.28483450861147436,0.3221133687807453,0.2423554779764462,0.40231477497615803,0.4590666638584352,0.4160548322896557,0.2873109031324478,0.31721127863109605,0.2818221192234242,0.3793538200331924,4.17391945258424,2.491475442292045
1790765231.5670378,APPROACH,0.010029885,2.6982000235875603e-05,0.4173776538431264,0.4699055489018473,0.34390325841050196,0.28449201519268114,0.3218099782203237,0.24259464243127415,0.4051866550003145,0.46223741973510235,0.41887184795365945,0.2870620473706507,0.3169365245109645,0.28157801759899587,0.37336776693335955,4.193829676814281,2.5
1790765231.5770252,APPROACH,0.009987323000000001,2.8554999971674988e-05,0.4202185749733758,0.4731279730276263,0.3463202372767036,0.2839685802900532,0.32257768617564625,0.24084106671381061,0.40805595487782803,0.4654053269498959,0.42168633276210965,0.2867948779451076,0.3166415508285748,0.28131595217482513,0.36567768105655607,4.208500108802319,2.5
1790765231.5869744,APPROACH,0.009949300000000001,7.586699985040468e-05,0.4230494088255492,0.476377984760183,0.3486843298260034,0.2825229494384568,0.3273370000074809,0.23197002710810133,0.4109224915992567,0.4685701834476258,0.42449810720177433,0.2865094205907588,0.3163263859970965,0.2810359481942125,0.3523245810940029,4.203572390533861,2.5
1790765231.5969412,APPROACH,0.009966573000000001,2.604099972813856e-05,0.4258666138018814,0.4796676915931428,0.35096697147743683,0.2811578053293084,0.3300884108920092,0.22530835299059937,0.4137860824213823,0.47173178746703187,0.4273069920205595,0.286205702817368,0.31599106038922753,0.28073803264137553,0.34236189409455736,4.2085404516433735,2.5
1790765231.6070268,APPROACH,0.010085783000000001,2.6341000193497166e-05,0.4286677885088812,0.48298653115402246,0.3531757770143491,0.2794682116114752,0.3332748011195102,0.21704341053925635,0.41664654488495845,0.4748899375603785,0.43011280824491793,0.2858837539095222,0.31563560633719456,0.28042223424144863,0.3326714397630716,4.2127529483526365,2.5
1790765231.6170292,APPROACH,0.010002722,7.159799997680238e-05,0.43145231043067955,0.48633733660520484,0.35529657014060056,0.2777468612879228,0.3365551233078923,0.20765834239062808,0.41950369683245853,0.4780444326130498,0.43291537719725803,0.2855436049266316,0.3152600581327534,0.2800885834604836,0.3231400087294333,4.217534539875498,2.5
1790765231.6270318,APPROACH,0.010002362,4.0207999973063124e-05,0.4342190009995024,0.4897224458648468,0.35731624598012246,0.2759100592816379,0.3401172905133144,0.1968963207073235,0.4223573564258245,0.4811950718631454,0.4357145205133539,0.2851852887029302,0.3148644520271883,0.27973711250544947,0.3136825996906506,4.222146033778478,2.5
1790765231.6369772,APPROACH,0.009945463,4.383400028018514e-05,0.43696697599041023,0.4931439125836423,0.35922227174240984,0.2740082817879641,0.3437993051979356,0.18502120325045296,0.4252073421642142,0.4843416549210749,0.4385100601597531,0.28480883984747607,0.3144488262313139,0.27936785532423347,0.3045348494775901,4.2274899931118295,2.5
1790765231.64701,APPROACH,0.010032751000000001,3.317399978186586e-05,0.43969560902003124,0.4966033121032707,0.361003008056513,0.2720493399647344,0.34769533022310123,0.1719000862637453,0.4280534729017504,0.4874839817891538,0.441301818451187,0.28441429474414953,0.31401322091547196,0.2789808476056386,0.2955447079848056,4.233207409249406,2.5
1790765231.6569963,APPROACH,0.009986491,4.4025000079273013e-05,0.44240441140542686,0.5001029038040485,0.36264589892150756,0.27004718322116594,0.3518184850716386,0.15753069036779804,0.4308955678652694,0.4906218528811996,0.4440896180679802,0.28400169155165467,0.31355767820953356,0.27857612677938565,0.28666642834488526,4.239264799453981,2.5
1790765231.6670308,APPROACH,0.010034344,4.550800031211111e-05,0.44509297067111664,0.5036449457597456,0.36413861130368197,0.268004052654247,0.3561658152031927,0.14194300640027974,0.4337334466720675,0.4937550690421245,0.4468732820734579,0.28357107020351996,0.3130822422028997,0.27815373201611343,0.27791124384366095,4.245712575653821,2.5
1790765231.677019,APPROACH,0.009988044000000001,3.466699990894995e-05,0.4477610384327999,0.5072315855626464,0.3654691730113244,0.2659474025122604,0.3607234381745361,0.1251729904054384,0.43656692934765123,0.49688343156753356,0.44965263393135707,0.2831224724080961,0.312586958944499,0.27771370422737673,0.2692353592430204,4.25262484262885,2.5
1790765231.686962,APPROACH,0.009942707,3.954599969802075e-05,0.45040833739296016,0.5108651537786013,0.366625597563182,0.2638605105502915,0.3655280082721655,0.10719548384333843,0.4393958363434849,0.5000067422233188,0.4524274975232351,0.2826559416485583,0.31207187644279,0.2772560860656488,0.2606092370460378,4.259831334411134,2.5
1790765231.6969695,APPROACH,0.010007733000000001,4.351400002633454e-05,0.4530345990579008,0.5145480065297754,0.3675961324213164,0.2617455514694278,0.3705556073466716,0.08807733324751921,0.442219988554738,0.5031248032652538,0.4551976971658778,0.282171523182904,0.311537044665759,0.27678092192431886,0.2520641749559687,4.2674339720025944,2.5
1790765231.7070181,APPROACH,0.010048851000000001,4.0708000142331e-05,0.4556395801343829,0.5182823120556863,0.3683696027464851,0.2596001847463983,0.37580479193940797,0.06785145080257154,0.4450392073380346,0.50623741745859,0.4579630576287102,0.28166926404395515,0.31098251554092216,0.27628825793769446,0.24360292543084866,4.275427253017668,2.5
1790765231.7170265,APPROACH,0.010008023000000001,3.284400008851662e-05,0.4582229986484663,0.5220702515080413,0.3689351360641835,0.2574386527227453,0.38126032014577155,0.046565724070311676,0.4478533145292011,0.5093443880976519,0.4607234041512048,0.28114921303935697,0.31040834295532443,0.2757781419810001,0.23520506905535415,4.28384286711354,2.5
1790765231.7270117,APPROACH,0.00998559,3.2112000099004945e-05,0.4607845793513752,0.5259139842028384,0.36928219798267925,0.2552412813035253,0.38693965254169926,0.024233019922152765,0.45066213246101383,0.5124455190254313,0.4634785624602903,0.280611420751578,0.3098145827555395,0.2752506236703775,0.22688010978072468,4.292562562772491,2.5
1790765231.7369447,APPROACH,0.009932778000000001,3.582899989851285e-05,0.4633240374738099,0.5298155476220687,0.3694007775622401,0.25301408287773086,0.3928090666307189,0.0009384531711180699,0.45346548398094905,0.5155406146531846,0.46622835878776253,0.28005593953791025,0.30920129274766994,0.2747057543628856,0.21866530266933665,4.3017015958608855,2.5
1790765231.7469618,APPROACH,0.010017171,2.889500001401757e-05,0.46585533286063896,0.5337064157896698,0.3694008731928857,0.25294177109459165,0.38536139119584284,9.174268250422557e-06,0.4562631924689287,0.5186294799800253,0.46897261988769134,0.27948282353046916,0.30856853269734735,0.2741435871565006,0.2306706734079964,4.378171808765752,2.5
