t_wall,phase,dt,compute_time,q_base_joint,q_shoulder_joint,q_elbow_joint,qd_base_joint,qd_shoulder_joint,qd_elbow_joint,qref_base_joint,qref_shoulder_joint,qref_elbow_joint,qdref_base_joint,qdref_shoulder_joint,qdref_elbow_joint,tau_base_joint,tau_shoulder_joint,tau_elbow_joint,solver_success,solver_accepted,solver_status,solve_time,solver_iterations,constraint_violation,primal_residual,dual_residual,solver_rho,tau_ff_base_joint,tau_ff_shoulder_joint,tau_ff_elbow_joint,tau_feedback_base_joint,tau_feedback_shoulder_joint,tau_feedback_elbow_joint,tau_raw_base_joint,tau_raw_shoulder_joint,tau_raw_elbow_joint,saturated_base_joint,saturated_shoulder_joint,saturated_elbow_joint
1790678759.8658638,APPROACH,0.010043649,0.00174728900037735,-0.019518048121677012,-0.007574439208515749,0.0008914172405516396,9.233481303254698e-05,-0.006989947179492722,-9.364751450853179e-05,-0.019518048121677012,-0.007574439208515749,0.0008914172405516396,0.0,0.0,0.0,0.5837111231303278,-0.03363559331567788,0.1260323520061558,1,1,0,0.0005588849999185186,25,0.0,0.0,8.668087575261553e-05,0.010000000000000002,0.5558050989178762,-0.13115528826128248,0.08632232037470973,0.027906024212451544,0.0975196949456046,0.039710031631446076,0.5837111231303278,-0.03363559331567788,0.1260323520061558,False,False,False
1790678759.8758779,APPROACH,0.010014495,0.0020118680004088674,-0.019540160070248724,-0.0076389224454365134,0.0008947541678763216,-0.0069800460241180905,-0.006270948340696721,0.0017484362077174066,-0.01951798647851259,-0.007574371077405628,0.0008914778173771991,1.8447663684083963e-05,2.0389281078299905e-05,1.8128545402833238e-05,0.6105758013148838,-0.005121165238068895,0.1338065373339874,1,1,0,0.0007202990000223508,25,0.0,0.0,8.27625575600037e-05,0.010000000000000002,0.5561979320348879,-0.13007855399395082,0.08677374339238744,0.054377869279995876,0.12495738875588193,0.04703279394159995,0.6105758013148838,-0.005121165238068895,0.1338065373339874,False,False,False
1790678759.8858721,APPROACH,0.009994226,0.001966101000107301,-0.0196352195503815,-0.007706020657130885,0.000938921083969646,-0.010290761352728587,-0.0068803256272691946,0.006291631362097948,-0.019517557946995882,-0.007573897442928399,0.0008918989359096191,7.334668965052037e-05,8.106643188305447e-05,7.207789648854947e-05,0.6273130826184629,0.009957078738497799,0.13497892446627455,1,1,0,0.0007178759997259476,25,0.0,0.0,9.583748477899808e-05,0.010000000000000002,0.5565853975168826,-0.12901463926270487,0.0872199747301465,0.07072768510158019,0.13897171800120267,0.04775894973612804,0.6273130826184629,0.009957078738497799,0.13497892446627455,False,False,False
1790678759.8958726,APPROACH,0.010000408,0.0019953969995185616,-0.01973862490919931,-0.007776740457820175,0.0010191277152662437,-0.00947249463484959,-0.007130372508890276,0.009216078389177675,-0.01951639940683569,-0.007572616966366645,0.000893037434976746,0.0001643246284913493,0.00018161980269013669,0.00016148204669295244,0.6304276511758734,0.012893057848601785,0.13356387515872806,1,1,0,0.000743122999665502,25,0.0,0.0,9.62323050740223e-05,0.010000000000000002,0.5569686898598774,-0.12795839877553827,0.08766335215430013,0.07345896131599602,0.14085145662414006,0.04590052300442793,0.6304276511758734,0.012893057848601785,0.13356387515872806,False,False,False
1790678759.9058611,APPROACH,0.009988425,0.0014128069997241255,-0.019822452682748626,-0.007847968147250306,0.0011218256595633136,-0.007213928357361423,-0.0070866581812813545,0.011100938509249206,-0.019514156076303895,-0.007570137525200129,0.0008952419590886173,0.0002907470683440448,0.00032134820976127134,0.0002857175585742689,0.6277305422435902,0.010255141821161884,0.1310575231788489,1,1,0,0.0005157839996172697,25,0.0,0.0,9.547433516110983e-05,0.010000000000000002,0.5573472728360901,-0.12690946936484437,0.0881042045464843,0.07038326940750007,0.13716461118600626,0.04295331863236458,0.6277305422435902,0.010255141821161884,0.1310575231788489,False,False,False
1790678759.9158733,APPROACH,0.010012361000000001,0.002049818999694253,-0.01988334647962997,-0.00791771552258691,0.001240394293932745,-0.005188551316184005,-0.006896742200040029,0.012548099741664131,-0.01951046351292912,-0.007566056319371736,0.0008988706463814257,0.000452694884612848,0.0005003410406404659,0.0004448639085075493,0.6250694606729815,0.007818596877618572,0.12885083715099976,1,1,0,0.0007485830001314753,25,0.0,0.0,9.559372036742954e-05,0.010000000000000002,0.5577226541493348,-0.12586183425197425,0.08854523576520855,0.0673468065236468,0.13368043112959282,0.0403056013857912,0.6250694606729815,0.007818596877618572,0.12885083715099976,False,False,False
1790678759.9258678,APPROACH,0.009994567000000001,0.0017147970002042712,-0.019926305378757725,-0.007985459523269789,0.001372789070528846,-0.0036143814479520924,-0.006685814314322341,0.013873189197450238,-0.019504986303586637,-0.0075600026335109665,0.0009042531078110372,0.0006490904029088087,0.000717407195663097,0.0006378620643343521,0.6236761326118749,0.007136668690426215,0.12727416232974786,1,1,0,0.0006194489997142227,25,0.0,0.0,9.663912717181272e-05,0.010000000000000002,0.5580934164128505,-0.12481763839395031,0.08898571366734273,0.06558271619902445,0.13195430708437653,0.03828844866240515,0.6236761326118749,0.007136668690426215,0.12727416232974786,False,False,False
1790678759.9358656,APPROACH,0.009997753,0.0020729230000142707,-0.019955441131672025,-0.008051173182395566,0.001518006948137085,-0.002357089109531245,-0.006483172556855904,0.015093783722061757,-0.019497371778493724,-0.007551586679325335,0.0009117359124757278,0.0008798364567966053,0.0009724392816223571,0.0008646165404601586,0.6233940725225177,0.008388474508591204,0.12642869275359947,1,1,0,0.0007854320001570159,25,0.0,0.0,9.879745411922716e-05,0.010000000000000002,0.5584604947665374,-0.12377248855112066,0.08942765570016392,0.06493357775598027,0.13216096305971187,0.037001037053435555,0.6233940725225177,0.008388474508591204,0.12642869275359947,False,False,False
1790678759.9459095,APPROACH,0.01004412,0.001989225999750488,-0.019971081545940628,-0.008113338140071313,0.001673741358438896,0.0004121697401443768,-0.005406800886116568,0.015835032716862246,-0.019487227585878467,-0.007540374810002102,0.0009217046250211237,0.0011457499298552856,0.0012663401591290356,0.0011259300895427146,0.6147397094981708,-0.005627078510645894,0.12025468710836962,1,1,0,0.0007365999999819905,25,0.0,0.0,8.661970117007425e-05,0.010000000000000002,0.5588255930310125,-0.12271967714848564,0.08987406932464512,0.055914116467158326,0.11709259863783975,0.030380617783724497,0.6147397094981708,-0.005627078510645894,0.12025468710836962,False,False,False
1790678759.9558644,APPROACH,0.009954431000000001,0.001679450999290566,-0.019981443974989688,-0.00817192206200179,0.0018367165329884472,0.0004107387748117831,-0.005236336760201871,0.016909001766313946,-0.019474372222531386,-0.007526166419111205,0.0009343376089099459,0.0014425807942826622,0.0015944124847724246,0.0014176262032016263,0.6187027181498489,0.0007720092792855848,0.12113712355149575,1,1,0,0.0006204820001585176,25,0.0,0.0,9.828519849563956e-05,0.010000000000000002,0.5591839316408953,-0.12167134835908694,0.09031995395850842,0.05951878650895358,0.12244335763837252,0.03081716959298733,0.6187027181498489,0.0007720092792855848,0.12113712355149575,False,False,False
1790678759.9659572,APPROACH,0.010093554000000001,0.0019966689997090725,-0.01999309753137446,-0.00823100266882637,0.0020130665780850876,-0.0022553185312568225,-0.006362650472914569,0.018114953945646477,-0.019458151997505217,-0.007508239014705131,0.0009502772471680286,0.0017769662268928242,0.001963991998511053,0.0017462272445545961,0.6398110443430899,0.04255075706764977,0.1353509985991183,1,1,0,0.0005911159996685456,27,0.0,0.0,8.661583679075437e-05,0.010000000000000002,0.5595438635323723,-0.12060121831383058,0.09077665408279571,0.08026718081071756,0.16315197538148035,0.04457434451632259,0.6398110443430899,0.04255075706764977,0.1353509985991183,False,False,False
1790678759.9758487,APPROACH,0.009891042000000001,0.0018438909992255503,-0.019994695959145936,-0.008287553040477569,0.0021927364506515445,0.00023117355034653873,-0.005989028021040587,0.019436909678247044,-0.01943882222473913,-0.007486874782526101,0.0009692726424233528,0.0021368544720433416,0.002361758496904064,0.002099889936149849,0.6351357490891066,0.03868034636676507,0.13273972011636528,1,1,0,0.0006716779998896527,26,0.0,0.0,9.765868366728466e-05,0.010000000000000002,0.5598933739037597,-0.11954351092616455,0.0912296952961302,0.07524237518534696,0.15822385729292962,0.04151002482023508,0.6351357490891066,0.03868034636676507,0.13273972011636528,False,False,False
1790678759.9859073,APPROACH,0.01005995,0.0023975159992914996,-0.019992722214531078,-0.008347316848269948,0.0024039585313051504,0.00027237654498427945,-0.005892391186618235,0.022491877865442603,-0.01941534917778195,-0.007460931196369607,0.00099233963913325,0.0025351684745239826,0.0028019950652347875,0.002491313674256287,0.63885616479132,0.04080886698317579,0.1303366842716361,1,1,0,0.0008519980001437943,27,0.0,0.0,8.321667678901164e-05,0.010000000000000002,0.5602457392811655,-0.11845647805896456,0.09169709435605385,0.07861042551015451,0.15926534504214035,0.03863958991558226,0.63885616479132,0.04080886698317579,0.1303366842716361,False,False,False
1790678759.9959977,APPROACH,0.010088725,0.0021223659996394417,-0.01998981887873974,-0.008409112730144663,0.0026481389275865297,0.00020355502011353756,-0.005946700527916877,0.02402556786955649,-0.0193876218090444,-0.007430285520882834,0.001019587363922023,0.0029668845520695025,0.0032791492784640286,0.0029155616791496862,0.645591697567372,0.05354093749710409,0.13306558622773904,1,1,0,0.0007882079999035341,27,0.0,0.0,9.178394983772738e-05,0.010000000000000002,0.5605960938724106,-0.11735285304099571,0.0921735686815572,0.08499560369496137,0.1708937905380998,0.04089201754618183,0.645591697567372,0.05354093749710409,0.13306558622773904,False,False,False
1790678760.0058386,APPROACH,0.009841097,0.0018742279999059974,-0.01998829040596206,-0.008467094190284463,0.002889287402244811,0.00010948713443286454,-0.0061992272060896044,0.026544519011270865,-0.019356225840461923,-0.007395585125260059,0.0010504402270086611,0.0034187203978407023,0.0037785408663879075,0.0033595814089628327,0.6526671233143817,0.06547386672089217,0.13480987747999218,1,1,0,0.000594222000472655,27,0.0,0.0,9.713624691603807e-05,0.010000000000000002,0.5609350636016944,-0.11626133382050896,0.09264679589366537,0.09173205971268725,0.18173520054140113,0.04216308158632682,0.6526671233143817,0.06547386672089217,0.13480987747999218,False,False,False
1790678760.0158832,APPROACH,0.010044561,0.0014926669991837116,-0.019987230480236207,-0.008530136350130668,0.0031687338374890572,5.79034381281645e-05,-0.006397598774598376,0.029040554734675456,-0.019319441050681847,-0.00735492873477744,0.001086588692368919,0.003910761353485712,0.004322369153724747,0.003843110757568633,0.6608745548939445,0.08029501089830753,0.1375581445060845,1,1,0,0.0005471129998113611,28,0.0,0.0,8.902384451867648e-05,0.010000000000000002,0.5612783316789227,-0.1151300061150919,0.09313939662274727,0.09959622321502178,0.19542501701339943,0.044418747883337245,0.6608745548939445,0.08029501089830753,0.1375581445060845,False,False,False
1790678760.0258915,APPROACH,0.010008523,0.002194052000049851,-0.019987134250496474,-0.008596153544989882,0.0034744315182750896,-6.360868190288589e-05,-0.006735482544067297,0.03193659708280085,-0.019277718833902648,-0.007308815252892209,0.0011275891742804096,0.004431631072357515,0.004898060432854849,0.0043549701728980246,0.6695069272289942,0.09479495623889786,0.13969965400240306,1,1,0,0.0008200890006264672,28,0.0,0.0,9.616953436864132e-05,0.010000000000000002,0.5616177698450199,-0.11398345229052445,0.09364084074002861,0.10788915738397428,0.2087784085294223,0.04605881326237444,0.6695069272289942,0.09479495623889786,0.13969965400240306,False,False,False
1790678760.0358458,APPROACH,0.00995411,0.0015281140003935434,-0.019987858479761478,-0.008664902451056555,0.0038099241624900415,-0.00013543528762253237,-0.007016292173798355,0.03481519680274225,-0.019230903431971102,-0.007257072527898831,0.0011735947365023695,0.0049795463593842754,0.0055036438273485646,0.0048934073066116465,0.6790888760229644,0.11178527313247051,0.14273238944944677,1,1,0,0.0005796639998152386,29,0.0,0.0,9.02132264187682e-05,0.010000000000000002,0.5619529111909463,-0.11282211509146288,0.09415102037273872,0.11713596483201812,0.2246073882239334,0.04858136907670807,0.6790888760229644,0.11178527313247051,0.14273238944944677,False,False,False
1790678760.0459652,APPROACH,0.010119383000000001,0.0020853470005022245,-0.019989411981941707,-0.0087414561406165,0.004195272207968337,-0.00028974224255869633,-0.007531285932919251,0.038356248554892586,-0.01917756821365302,-0.007198123775564514,0.0012260073315825556,0.00556667945247634,0.00615257270367853,0.005470383834257723,0.6895057402740955,0.1289711841173231,0.1450354321861342,1,1,0,0.0008313799999086768,29,0.0,0.0,9.768422679244438e-05,0.010000000000000002,0.5622912325543118,-0.11161806698374631,0.09468235419933943,0.1272145077197837,0.2405892511010694,0.05035307798679479,0.6895057402740955,0.1289711841173231,0.1450354321861342,False,False,False
1790678760.05598,APPROACH,0.010014724000000001,0.002205132000199228,-0.01998654312811965,-0.008812643356002958,0.004589994126369845,0.0016966186962629791,-0.006441205195767554,0.040154588755283355,-0.019118786549282646,-0.007133155338497227,0.0012837721569632274,0.006177222356467569,0.006827375274509157,0.006070365216449333,0.6880361773049126,0.12476322626582853,0.14059872061355702,1,1,0,0.0008638109993626131,29,0.0,0.0,9.545517787229753e-05,0.010000000000000002,0.5626238057869632,-0.11040131116833485,0.09522172960933982,0.1254123715179494,0.23516453743416338,0.0453769910042172,0.6880361773049126,0.12476322626582853,0.14059872061355702,False,False,False
1790678760.0658536,APPROACH,0.009873899,0.00217528599932848,-0.019974516146938903,-0.008873660070856992,0.004977319347132969,0.0015968167020749015,-0.0061483949692055125,0.041186429972221855,-0.01905470464558066,-0.00706232881168128,0.0013467455350915228,0.0068074900421768725,0.007523978661179944,0.006689730169756541,0.6985632295884235,0.1459299434651935,0.14639847279633977,1,1,0,0.0008830569995552651,30,0.0,0.0,9.275468624747688e-05,0.010000000000000002,0.5629496239435235,-0.10917533667106599,0.0957676111352391,0.13561360564490002,0.2551052801362595,0.050630861661100666,0.6985632295884235,0.1459299434651935,0.14639847279633977,False,False,False
1790678760.0759025,APPROACH,0.01004932,0.002272079000249505,-0.019949909814522826,-0.008929352845767902,0.005389816862144237,0.0036243533484537965,-0.0050734032384389975,0.04132271165847813,-0.018982951747319485,-0.006983023917799678,0.001417257210509525,0.007477410093391101,0.008264407826526265,0.007348061559177062,0.6993959182788924,0.15231266720008751,0.14747780345784928,1,1,0,0.0008823350008242414,30,0.0,0.0,9.436915500108361e-05,0.010000000000000002,0.5632792226678998,-0.10789890873821002,0.0963384664681057,0.13611669561099257,0.2602115759382975,0.05113933698974357,0.6993959182788924,0.15231266720008751,0.14747780345784928,False,False,False
1790678760.085922,APPROACH,0.010018753,0.001963636999789742,-0.019894403050735754,-0.008979511443548027,0.005828884488068731,0.006821144838117106,-0.004545508462138679,0.042294268527807266,-0.018904573961706615,-0.006896396866888387,0.001494279172173012,0.008173458858531187,0.009033715754060152,0.008032069673023737,0.6962323323759619,0.15536002161920742,0.14699022343058257,1,1,0,0.0007569079998575035,30,0.0,0.0,9.647836171949387e-05,0.010000000000000002,0.5636059113694418,-0.1065957580490793,0.09692382601485594,0.13262642100652008,0.2619557796682867,0.05006639741572663,0.6962323323759619,0.15536002161920742,0.14699022343058257,False,False,False
1790678760.0958235,APPROACH,0.009901691,0.002276597000673064,-0.019814933463399242,-0.00901988558607325,0.006234576422627924,0.009500398966512006,-0.004004935846021913,0.04308471263191832,-0.018820124480157217,-0.00680305907378275,0.00157726779808963,0.008888608175214696,0.009824134567006886,0.008734847926103427,0.6954434743643444,0.16422682515422798,0.14916274915359887,1,1,0,0.0009003599998322898,31,0.0,0.0,8.798097461448041e-05,0.010000000000000002,0.5639270159118486,-0.10527605435547333,0.09751915071669501,0.13151645845249585,0.2695028795097013,0.05164359843690385,0.6954434743643444,0.16422682515422798,0.14916274915359887,False,False,False
1790678760.1058853,APPROACH,0.010062024000000001,0.002349945999412739,-0.019706245254814903,-0.009056554611697187,0.006669637657240379,0.011924913107980231,-0.003361108986192735,0.04389462355761411,-0.01872691634166218,-0.006700040774712173,0.0016688635686737748,0.009642667143339487,0.010657558273878445,0.009475862749127213,0.6943820524573776,0.17138304893546213,0.1504744952737449,1,1,0,0.0009398540005349787,31,0.0,0.0,9.129478525993914e-05,0.010000000000000002,0.5642516238932063,-0.10390085558873624,0.0981421045975876,0.13013042856417129,0.2752839045241984,0.05233239067615731,0.6943820524573776,0.17138304893546213,0.1504744952737449,False,False,False
1790678760.1158772,APPROACH,0.009992122,0.0024095790004139417,-0.019594793738026972,-0.009081124982329492,0.0070643159775221065,0.013092845382206631,-0.0018018245325326764,0.043184591016341256,-0.018626712405133118,-0.006589290369564343,0.0017673341199597363,0.010418348512595915,0.011514880140528424,0.01023812593656971,0.6966138420104053,0.18145433196253719,0.1538993067141503,1,1,0,0.0009600630000932142,31,0.0,0.0,9.489545156799811e-05,0.010000000000000002,0.564572385295493,-0.10249943790290256,0.09877953597042193,0.1320414567149123,0.28395376986543974,0.05511977074372839,0.6966138420104053,0.18145433196253719,0.1538993067141503,False,False,False
1790678760.1260178,APPROACH,0.010140282,0.0020300320002206718,-0.019486056987444655,-0.00908408723408538,0.007398825671021569,0.013862456556226943,0.0013169041400050117,0.03997150794002579,-0.018516962391062788,-0.006467989161804473,0.0018751856152551592,0.0112324863005508,0.012414705965594776,0.011038180301493764,0.6980202796712202,0.18800826625111258,0.1579412998455306,1,1,0,0.0007826270002624369,31,0.0,0.0,9.686433584791796e-05,0.010000000000000002,0.5648963816802968,-0.10103904498689589,0.09944644744908207,0.13312389799092336,0.2890473112380085,0.058494852396448534,0.6980202796712202,0.18800826625111258,0.1579412998455306,False,False,False
1790678760.13588,APPROACH,0.009861967000000001,0.001891751000584918,-0.019322890682145655,-0.009034007830619473,0.00781916394767812,0.01450982164531618,0.007136758794033453,0.033482113973441766,-0.018402177800595946,-0.006341123488266353,0.0019879845959531383,0.01204993194932224,0.013318187803970549,0.011841485305958204,0.6861102017336836,0.1553264933659102,0.14790102935861768,1,1,0,0.000739005000468751,30,0.0,0.0,9.83172973990607e-05,0.010000000000000002,0.565210109079926,-0.09958017220293693,0.10011522991894824,0.12090009265375763,0.2549066655688471,0.047785799439669444,0.6861102017336836,0.1553264933659102,0.14790102935861768,False,False,False
1790678760.1458654,APPROACH,0.009985209,0.0018532679996496881,-0.019170631244335823,-0.008957421969189028,0.008156067150253854,0.015884258822900205,0.007030280364454354,0.03552493398566957,-0.01827761890353875,-0.006203454761949896,0.0021103888016724996,0.012902972779819487,0.014261011218475918,0.012679769746251967,0.6876661069571194,0.16354733493101176,0.14934731804026843,1,1,0,0.0007512580004913616,31,0.0,0.0,9.058154725953083e-05,0.010000000000000002,0.5655264652343708,-0.09806268875446145,0.10081345272690855,0.12213964172274865,0.2616100236854732,0.048533865313359896,0.6876661069571194,0.16354733493101176,0.14934731804026843,False,False,False
1790678760.1558642,APPROACH,0.009998774,0.0018636180002431502,-0.018998740725945318,-0.008882851349858,0.008537932018658267,0.016633771910957742,0.007802027333217108,0.03612981080548415,-0.018144229394277643,-0.006056026001116207,0.0022414708625942787,0.013782369861275571,0.015232964880484312,0.013543954511938586,0.6896796431570837,0.1701954080201123,0.15074912332107868,1,1,0,0.0007626799997524358,31,0.0,0.0,9.228915509050796e-05,0.010000000000000002,0.5658420371755413,-0.0965008120425122,0.10153468498586853,0.12383760598154243,0.2666962200626245,0.04921443833521015,0.6896796431570837,0.1701954080201123,0.15074912332107868,False,False,False
1790678760.1658742,APPROACH,0.010010347000000001,0.002165687999877264,-0.018832234075132348,-0.00878885404509333,0.00888316497477959,0.01660963666541161,0.011209042702658194,0.03248173228274319,-0.018001752596639442,-0.005898553514413854,0.0023814830147598073,0.014687649860039124,0.01623352563795725,0.01443357445736404,0.6895457124879968,0.16753228601736053,0.1513337846577705,1,1,0,0.0008861629994498799,31,0.0,0.0,9.084985214055695e-05,0.010000000000000002,0.5661568436979051,-0.0948930879567917,0.10227966363915522,0.1233888687900917,0.2624253739741522,0.04905412101861529,0.6895457124879968,0.16753228601736053,0.1513337846577705,False,False,False
1790678760.1758776,APPROACH,0.010003093000000001,0.0021750860005340655,-0.018664680384458343,-0.008660652858322848,0.009190995724571493,0.017043809355583344,0.013878045317565363,0.029860217365172945,-0.017850204028025098,-0.005731054452450915,0.0025304100091970393,0.015616734781735527,0.017260396787523034,0.015346587534493831,0.6890910893404864,0.1661454877766515,0.15216476499022488,1,1,0,0.0008913529991332325,31,0.0,0.0,9.023053770418872e-05,0.010000000000000002,0.5664703753108233,-0.09324093112406821,0.10304778728433651,0.12262071402966306,0.25938641890071973,0.04911697770588836,0.6890910893404864,0.1661454877766515,0.15216476499022488,False,False,False
1790678760.1858144,APPROACH,0.009936887,0.0017856610002127127,-0.018480341660462862,-0.008506091421022433,0.009499047072091038,0.018124838923196773,0.015168705161402406,0.029356954888264716,-0.017690337877289578,-0.005554362382491692,0.0026875107034429707,0.016563495445512645,0.018306804051781873,0.016276970588566312,0.6883169231155325,0.1671405858611975,0.15279899161454286,1,1,0,0.0007396070004688227,31,0.0,0.0,9.008967291230561e-05,0.010000000000000002,0.5667808751179717,-0.09155304295876066,0.10383503165236743,0.12153604799756076,0.25869362881995817,0.04896395996217544,0.6883169231155325,0.1671405858611975,0.15279899161454286,False,False,False
1790678760.1960032,APPROACH,0.010189124,0.0022062550006012316,-0.018322116590715254,-0.008373978097329982,0.0097490267953102,0.01899799011213423,0.015919259038635444,0.029389126353730168,-0.017516521700360173,-0.005362252045483176,0.00285832010831792,0.017558547313849426,0.019406585171952134,0.017254809478207424,0.6952135680497937,0.1892678514084472,0.161938270382399,1,1,0,0.0008977750003396068,31,0.0,0.0,9.71286749713001e-05,0.010000000000000002,0.5670983460309837,-0.0897724384440368,0.10466809124260479,0.12811522201881004,0.279040289852484,0.057270179139794215,0.6952135680497937,0.1892678514084472,0.161938270382399,False,False,False
1790678760.205878,APPROACH,0.009874601,0.002171469000131765,-0.018098052864729652,-0.008176900204242443,0.01007570756768672,0.01991149792565434,0.019024865883415957,0.026420323224137454,-0.017338281522950805,-0.005165252081754374,0.0030334769847717457,0.018545938557256593,0.02049789938609027,0.0182251202608086,0.6890088818276815,0.174729935620567,0.15802632530881344,1,1,0,0.0008869740004229243,31,0.0,0.0,8.973783604908101e-05,0.010000000000000002,0.5674052108393864,-0.08799712686376449,0.10550113185891263,0.12160367098829507,0.2627270624843315,0.05252519344990081,0.6890088818276815,0.174729935620567,0.15802632530881344,False,False,False
1790678760.2158942,APPROACH,0.010016277,0.0021955640004307497,-0.01792481866879303,-0.008007007760667761,0.010293909138230362,0.020771140309944102,0.02033336939608256,0.025784249677925912,-0.017147409142155172,-0.0049542903746909416,0.003221047545502743,0.019570297481567578,0.02163007213113339,0.019231759236138075,0.6939794308663262,0.19140409488095822,0.16573488792772714,1,1,0,0.0008958010002970695,31,0.0,0.0,9.664802501707293e-05,0.010000000000000002,0.5677157386632707,-0.08614491662261335,0.10637269799773537,0.12626369220305544,0.2775490115035716,0.05936218992999178,0.6939794308663262,0.19140409488095822,0.16573488792772714,False,False,False
1790678760.2259395,APPROACH,0.010045603,0.002636877000441018,-0.017765974626058778,-0.007849149584340687,0.010484721498063898,0.02158859728977727,0.02176917285309543,0.02501267676975666,-0.016945558421811894,-0.004731194857371465,0.0034194065361588238,0.02062033580727556,0.02279062703567227,0.020263633395831017,0.7030225883169219,0.21961867463406898,0.17842694200615267,1,1,0,0.0009268099993278156,32,0.0,0.0,9.095788106466089e-05,0.010000000000000002,0.5680264957771713,-0.08423380001294523,0.10727442173128593,0.13499609253975053,0.3038524746470142,0.07115252027486672,0.7030225883169219,0.21961867463406898,0.17842694200615267,False,False,False
1790678760.2372422,APPROACH,0.011303568,0.00222651300009602,-0.01754412537312966,-0.007614131224242371,0.01071974833747813,0.022813654057544205,0.02561316716625238,0.02142960871078285,-0.016705672894640748,-0.0044660613681736724,0.0036551423857101493,0.021828543900951815,0.024125999083044098,0.021450941212006018,0.7018343018775891,0.22075692574102004,0.1823227001041759,1,1,0,0.0008996780006782501,32,0.0,0.0,8.991495363834924e-05,0.010000000000000002,0.5683754351978954,-0.08201751833513102,0.1083230141086958,0.13345886667969373,0.30277444407615106,0.07399968599548008,0.7018343018775891,0.22075692574102004,0.1823227001041759,False,False,False
1790678760.2459476,APPROACH,0.008704171,0.0021571220004261704,-0.01727053308922688,-0.007293000802887306,0.010943016807368977,0.024844458290225364,0.02932970771873146,0.01876975344598799,-0.016511553967826727,-0.004251511415984124,0.00384590333184196,0.022777831755582505,0.025175199525102273,0.022383807740133273,0.6802955378581502,0.167660288914928,0.16374781303283073,1,1,0,0.0008737489997656667,30,0.0,0.0,9.677106201031102e-05,0.010000000000000002,0.5686436568359051,-0.08026215667507294,0.10915557697007808,0.11165188102224514,0.24792244559000096,0.05459223606275266,0.6802955378581502,0.167660288914928,0.16374781303283073,False,False,False
1790678760.2558885,APPROACH,0.009940865,0.0022225060001801467,-0.017022736935183858,-0.007026130056319246,0.01115082543217305,0.027024520918644254,0.025392462036872433,0.027002923452594627,-0.016279652831696835,-0.003995202675327235,0.00407379290893385,0.023881785478447597,0.026395344424662202,0.023468664637478667,0.6882909895989214,0.19787907251892894,0.1717146743964379,1,1,0,0.0009211790002154885,31,0.0,0.0,9.671479179703653e-05,0.010000000000000002,0.5689495362745756,-0.07820424044674523,0.11013378533939847,0.1193414533243459,0.2760833129656742,0.06158088905703943,0.6882909895989214,0.19787907251892894,0.1717146743964379,False,False,False
1790678760.2658832,APPROACH,0.009994787,0.002171238999835623,-0.016733300093834558,-0.006775145660475879,0.01147095273409171,0.027665940132948413,0.024343528084291886,0.03090996315243623,-0.01603532543332893,-0.0037251598077986505,0.004313893791642923,0.02501264592080871,0.027645227977099493,0.0245799628064332,0.695977536113333,0.22025516330386097,0.17846968341504055,1,1,0,0.0009091860001717578,32,0.0,0.0,8.813956371946739e-05,0.010000000000000002,0.5692566421949978,-0.07607673369360245,0.11114734518212567,0.12672089391833516,0.29633189699746343,0.06732233823291486,0.695977536113333,0.22025516330386097,0.17846968341504055,False,False,False
1790678760.2758744,APPROACH,0.009991171,0.0022354189995894558,-0.016446191934213594,-0.0064955292620938465,0.011771670045837013,0.02696364691640239,0.029737961190355305,0.024995257906852822,-0.015779686662438043,-0.003442615045303742,0.004565110376256743,0.02616368930004401,0.028917418721382898,0.025711094776228422,0.6925843821877326,0.20531008477308366,0.17658481111556085,1,1,0,0.0009357059998365003,31,0.0,0.0,9.469605580642433e-05,0.010000000000000002,0.5695632551602767,-0.07389011659179617,0.11219130578849526,0.12302112702745586,0.27920020136487983,0.0643935053270656,0.6925843821877326,0.20531008477308366,0.17658481111556085,False,False,False
1790678760.2858891,APPROACH,0.010014855000000001,0.002276096000059624,-0.016175193348328065,-0.006178350152818979,0.01200239667115266,0.027609200238903252,0.032223505088715146,0.023305850946770235,-0.015511798878483276,-0.0031465320605944614,0.004828364083471618,0.027337750724851874,0.030215050161522927,0.026864846612224196,0.6922857095821758,0.20539675349749253,0.17878801891637178,1,1,0,0.0009433010000066133,31,0.0,0.0,9.424216249398723e-05,0.010000000000000002,0.5698702605798582,-0.07163692448688037,0.11326926117683996,0.12241544900231761,0.2770336779843729,0.06551875773953182,0.6922857095821758,0.20539675349749253,0.17878801891637178,False,False,False
1790678760.2959616,APPROACH,0.010072293000000001,0.002297427000485186,-0.015874756120014766,-0.005844317116542541,0.012265747053088027,0.02964523970521078,0.031079744798880496,0.027269129562646176,-0.015230413864556074,-0.0028355312618790676,0.005104881537823154,0.02853865941199497,0.03154235453951081,0.02804498129119244,0.694630439138131,0.2198180912137752,0.18329785221567763,1,1,0,0.0009548520001771976,31,0.0,0.0,9.779193414922098e-05,0.010000000000000002,0.5701787350797016,-0.06930751466502039,0.11438587268688671,0.12445170405842944,0.2891256058787956,0.06891197952879091,0.694630439138131,0.2198180912137752,0.18329785221567763,False,False,False
1790678760.30584,APPROACH,0.009878808000000001,0.002471114000400121,-0.015570919659301019,-0.00553168667616788,0.012547097204453017,0.0308353723671975,0.03212352658437013,0.027870207354464487,-0.01494258864019093,-0.0025174124203008325,0.00538772779615374,0.02973573067149886,0.03286541760043582,0.029221344924548677,0.6968845787521851,0.23071866949051262,0.18835566661946165,1,1,0,0.0010043860002042493,31,0.0,0.0,9.96714749228844e-05,0.010000000000000002,0.5704810410416811,-0.0669599545388873,0.11551328205874528,0.12640353771050408,0.29767862402939993,0.07284238456071637,0.6968845787521851,0.23071866949051262,0.18835566661946165,False,False,False
1790678760.3158805,APPROACH,0.010040374000000001,0.0022390470003301743,-0.015242900987691321,-0.005179528778344711,0.012830093830643818,0.031563556645878475,0.03507925200985265,0.025780563118396944,-0.014637842845034978,-0.002180592117130109,0.00568720192352379,0.03097152864249073,0.03423128336089443,0.0304357653524961,0.6950768807142114,0.22789247072506275,0.18970010273694943,1,1,0,0.0009115610000662855,31,0.0,0.0,9.71591833398872e-05,0.010000000000000002,0.5707880832308719,-0.06450894291333344,0.11669246321662698,0.12428879748333939,0.29240141363839617,0.07300763952032244,0.6950768807142114,0.22789247072506275,0.18970010273694943,False,False,False
1790678760.3259156,APPROACH,0.010034592,0.002211705000263464,-0.01490530639462051,-0.0048006745790507566,0.013098543292671572,0.03278808083157306,0.03650607379886053,0.026143841687045935,-0.014320780129266186,-0.001830158536923609,0.005998779906340074,0.03222553603638507,0.03561727508679723,0.031668080206290604,0.6944519012984786,0.23028263419227182,0.1917935130631656,1,1,0,0.0009225209996657213,31,0.0,0.0,9.732269612564668e-05,0.010000000000000002,0.5710947744249817,-0.06199259724770743,0.11790514198531113,0.12335712687349688,0.29227523143997924,0.07388837107785448,0.6944519012984786,0.23028263419227182,0.1917935130631656,False,False,False
1790678760.3358235,APPROACH,0.009908394000000001,0.0022091000000727945,-0.014587142316507595,-0.004451940942131749,0.013355550789977855,0.03410560413240165,0.036818170840919234,0.028005504817036925,-0.013995266963624502,-0.0014703850966325408,0.006318662158294099,0.033481974939845775,0.03700595423875258,0.03290278450800253,0.7007509016679014,0.2530027286931948,0.20119717337129067,1,1,0,0.0009343040001112968,32,0.0,0.0,9.084922471498395e-05,0.010000000000000002,0.5713974689056946,-0.05944125395360715,0.11913667398519853,0.12935343276220684,0.31244398264680195,0.08206049938609213,0.7007509016679014,0.2530027286931948,0.20119717337129067,False,False,False
1790678760.3458602,APPROACH,0.010036496,0.0021561399998972774,-0.01422243098002518,-0.004055870095907466,0.013650289298211327,0.03525889470429167,0.03919093525470211,0.027213453674864434,-0.01365276296177535,-0.0010918325338942023,0.006655241329212717,0.03477273638510985,0.03843256838150866,0.03417121762047763,0.6991169712672485,0.25259487398790326,0.20297148868262577,1,1,0,0.0009080540003196802,32,0.0,0.0,8.908232290930526e-05,0.010000000000000002,0.5717039633732182,-0.05678825112344731,0.12041925104527079,0.12741300789403037,0.3093831251113506,0.08255223763735497,0.6991169712672485,0.25259487398790326,0.20297148868262577,False,False,False
1790678760.3559098,APPROACH,0.010049510000000001,0.002122296999914397,-0.013863501285135804,-0.0036514265344784747,0.013918108051701239,0.03649285836388113,0.04128043815378986,0.02687745777892985,-0.013296744870055839,-0.0006983435227468542,0.007005100815513714,0.03608303925960336,0.039880780689758956,0.03545885412331633,0.6993589587278226,0.2576768525280756,0.20689109768942324,1,1,0,0.0009093059998122044,32,0.0,0.0,9.018079810416761e-05,0.010000000000000002,0.5720107655784608,-0.05406141026452632,0.12173947603562367,0.12734819314936183,0.3117382627926019,0.08515162165379957,0.6993589587278226,0.2576768525280756,0.20689109768942324,False,False,False
1790678760.3658729,APPROACH,0.009962937,0.0021505600007003522,-0.013490706614449621,-0.003232487597035316,0.014192951292404388,0.03802313416877842,0.042306146073466826,0.028297385682936264,-0.012930708827449329,-0.0002937821709518458,0.007364804956433769,0.03739934655274037,0.0413356293819726,0.036752391176916394,0.7006426949959123,0.2668844793458687,0.2114036951062211,1,1,0,0.0009080139998332015,32,0.0,0.0,9.16587026555814e-05,0.010000000000000002,0.5723148570660573,-0.0512874118980713,0.12308442141818066,0.12832783792985494,0.31817189124393996,0.08831927368804043,0.7006426949959123,0.2668844793458687,0.2114036951062211,False,False,False
1790678760.3758762,APPROACH,0.010003704,0.0019123399997624801,-0.013161777606966574,-0.002868482145339968,0.014438549329135242,0.03924641949661087,0.04343538349616204,0.029234290205349123,-0.012549895074839938,0.00012711224545786017,0.007739031174041956,0.03873800802929329,0.042815185036365735,0.0380678957184292,0.7112951729964541,0.30162795565749784,0.22665500323628146,1,1,0,0.0008053109995671548,33,0.0,0.0,8.838255670387665e-05,0.010000000000000002,0.5726201422533241,-0.04843019846788105,0.12447156630463033,0.13867503074312992,0.3500581541253789,0.10218343693165113,0.7112951729964541,0.30162795565749784,0.22665500323628146,False,False,False
1790678760.3858738,APPROACH,0.009997202,0.0021112949998496333,-0.01270139058861286,-0.0023482612277847537,0.01476662095127601,0.04080537443008249,0.04780242750100155,0.026654813770870284,-0.012155866862337949,0.000562611944230804,0.008126243260226203,0.040092432342346974,0.04431216256647763,0.03939889042184409,0.6959891130189632,0.26387742772255646,0.21492372150758388,1,1,0,0.0008865230001902091,31,0.0,0.0,9.979162138798633e-05,0.010000000000000002,0.5729251919352251,-0.045501836659122885,0.12589507020905594,0.1230639210837381,0.30937926438167934,0.08902865129852792,0.6959891130189632,0.26387742772255646,0.21492372150758388,False,False,False
1790678760.3958733,APPROACH,0.009999716,0.002179813999646285,-0.012282685572082563,-0.0018647675373877348,0.015043337115224986,0.04283715129055571,0.047383255698470066,0.030772034734181268,-0.011748112309218448,0.0010132826815601598,0.008526944240904664,0.041463479158959544,0.04582751211936114,0.040746220083204686,0.6978185974010482,0.2764361432010617,0.21939963717082017,1,1,0,0.000912121000510524,32,0.0,0.0,9.178857112542474e-05,0.010000000000000002,0.5732302911426663,-0.042498686931825375,0.12735670862833673,0.1245883062583819,0.3189348301328871,0.09204292854248346,0.6978185974010482,0.2764361432010617,0.21939963717082017,False,False,False
1790678760.4059227,APPROACH,0.010049511,0.0022364309998010867,-0.011845482359546189,-0.0013976188318469696,0.0153789985236914,0.044353379067530084,0.04663465669768946,0.035309762592785024,-0.011324433807681618,0.0014815533635609557,0.008943293708395302,0.04285740578551566,0.047368149583166375,0.04211603376641611,0.7041867269390587,0.29931038409074784,0.2273356389754946,1,1,0,0.0009297650003645686,32,0.0,0.0,9.69582494944036e-05,0.010000000000000002,0.573536888465994,-0.039404939830085584,0.12886419601059618,0.1306498384730646,0.3387153239208334,0.09847144296489843,0.7041867269390587,0.29931038409074784,0.2273356389754946,False,False,False
1790678760.4158828,APPROACH,0.009960232000000001,0.002233496000371815,-0.0113979542962932,-0.0009203994907052149,0.015733584435619896,0.04497573689854261,0.04962357887468843,0.03422658031875995,-0.010890619201176222,0.0019610269760131326,0.009369603940689404,0.044254480161028044,0.04891226609664057,0.043488940747014544,0.705141255150651,0.3032828432569039,0.23116409639618268,1,1,0,0.0009363070003018947,32,0.0,0.0,9.599586705094377e-05,0.010000000000000002,0.5738407434659396,-0.036262862385497266,0.1303969320732157,0.13130051168471135,0.33954570564240116,0.10076716432296697,0.705141255150651,0.3032828432569039,0.23116409639618268,False,False,False
1790678760.4258869,APPROACH,0.010004024,0.0021528639999814914,-0.010944108940093678,-0.00040487938188960015,0.016064687861650384,0.04590799872335054,0.05298594626610956,0.03264275592559735,-0.01044081386290235,0.0024581743454384734,0.00981162828789007,0.04567291484615953,0.05047999109323771,0.044882838534328666,0.7035744758273241,0.3014990459789272,0.23334601261085716,1,1,0,0.0009168209999188548,32,0.0,0.0,9.461522114130342e-05,0.010000000000000002,0.5741459144605302,-0.03303002463821513,0.1319756074323194,0.12942856136679395,0.3345290706171423,0.10137040517853776,0.7035744758273241,0.3014990459789272,0.23334601261085716,False,False,False
1790678760.4358592,APPROACH,0.009972575000000001,0.0021629030006806715,-0.010475632754073594,0.00013231550259806824,0.01639988251586466,0.04783085196603642,0.053703094991718436,0.035151229169527134,-0.009978224994101914,0.0029694507125267566,0.010266215028764429,0.04710172708143629,0.05205918587757814,0.046286934354965614,0.7041111739900654,0.31006057155649264,0.23728526781632664,1,1,0,0.0009247750003851252,32,0.0,0.0,9.63264506497364e-05,0.010000000000000002,0.5744501010284273,-0.02972965660128065,0.1335888845558939,0.12966107296163804,0.33979022815777327,0.10369638326043275,0.7041111739900654,0.31006057155649264,0.23728526781632664,False,False,False
1790678760.445899,APPROACH,0.010039712000000001,0.002165628000511788,-0.009986892223181165,0.000670800834813079,0.016767426824602083,0.049702948568544535,0.05431575759720367,0.03785839122290942,-0.009498055247165613,0.0035001583459289814,0.010738078523647623,0.0485547766474049,0.05366516897270561,0.047714848235028154,0.70622962040779,0.3232482674231898,0.2428817705032878,1,1,0,0.0009140250003838446,32,0.0,0.0,9.878188259281761e-05,0.010000000000000002,0.5747563010393923,-0.026327785079280384,0.13525338103384466,0.13147331936839762,0.3495760525024702,0.10762838946944316,0.70622962040779,0.3232482674231898,0.2428817705032878,False,False,False
1790678760.4558632,APPROACH,0.009964049,0.0021462619997691945,-0.009482413361880937,0.001223718687819897,0.01715049828401316,0.050998685518693555,0.05658861190319963,0.03813533263846795,-0.009007009520084985,0.004042886656852341,0.01122062985972433,0.05001103761695075,0.055274701471774594,0.04914591796596448,0.7061107872136769,0.3275512170242276,0.24636022776804273,1,1,0,0.0009113299993259716,32,0.0,0.0,9.845105497710441e-05,0.010000000000000002,0.5750601464247787,-0.022872000568583233,0.1369458108630899,0.13105064078889833,0.35042321759281087,0.10941441690495281,0.7061107872136769,0.3275512170242276,0.24636022776804273,False,False,False
1790678760.4658926,APPROACH,0.010029293,0.002287066999997478,-0.008991884598110289,0.0017730706186247502,0.017512877126020676,0.05223236282705708,0.058798336747476296,0.03840756914772134,-0.008498025501141124,0.004605441265627149,0.011720809180789315,0.05149074075674699,0.056910143430518575,0.05060002435102692,0.7103140529983931,0.3438304103143852,0.25486587938326183,1,1,0,0.0009505749994787038,33,0.0,0.0,8.963353520233681e-05,0.010000000000000002,0.5753659172051281,-0.019312677344917192,0.13869047589899708,0.13494813579326498,0.3631430876593024,0.11617540348426474,0.7103140529983931,0.3438304103143852,0.25486587938326183,False,False,False
1790678760.475857,APPROACH,0.00996443,0.0021621510004479205,-0.008434315821909344,0.00240309752264789,0.017919444413992736,0.05397539598099715,0.06122578043868115,0.038896926766106565,-0.007977568952364478,0.005180675888491854,0.012232262573277147,0.052974355151446204,0.05854990830391187,0.05205797433185872,0.7037970923707308,0.33168463272010457,0.2517895416489616,1,1,0,0.000904908999473264,32,0.0,0.0,9.736984115099392e-05,0.010000000000000002,0.5756696260483088,-0.015695135488240027,0.14046516158899,0.12812746632242203,0.3473797682083446,0.11132438005997158,0.7037970923707308,0.33168463272010457,0.2517895416489616,False,False,False
1790678760.485884,APPROACH,0.010027088,0.002191566999499628,-0.007884104270370784,0.0030212861574616667,0.018320164201024447,0.0559273222501336,0.06176902005277727,0.042011133182290925,-0.007438850124093198,0.005776094896551514,0.012761662333860542,0.05448052608424713,0.06021460379200984,0.0535380906548415,0.7048998155292342,0.3421248326434914,0.25622533339005715,1,1,0,0.0009158590000879485,32,0.0,0.0,9.979851835025513e-05,0.010000000000000002,0.5759751349359028,-0.011972273095011502,0.14229297359441084,0.12892468059333137,0.3540971057385029,0.11393235979564628,0.7048998155292342,0.3421248326434914,0.25622533339005715,False,False,False
1790678760.495873,APPROACH,0.009988946,0.0022212829999261885,-0.007315872554060299,0.0036404472657185494,0.018758296518622153,0.05749874342226344,0.06240188863111602,0.044927427959727526,-0.006887099495793626,0.006385917302151553,0.013303868462910928,0.0559938269874035,0.061887179680149056,0.05502521360985764,0.7084709813932105,0.3580494128448558,0.26278682649226454,1,1,0,0.0009325800001533935,33,0.0,0.0,8.984177280445339e-05,0.010000000000000002,0.5762793435735309,-0.008180406078091127,0.14415608536099062,0.13219163781967955,0.3662298189229469,0.11863074113127392,0.7084709813932105,0.3580494128448558,0.26278682649226454,False,False,False
1790678760.505978,APPROACH,0.010105155000000001,0.002136492999852635,-0.006705606763528493,0.004308718445103388,0.01923272223487249,0.05860302945216272,0.06525889399997585,0.04470536639460464,-0.0063134845309722205,0.0070199052666304,0.013867560706632889,0.05753745403641593,0.06359327354229677,0.05654213811164193,0.7049494323510064,0.35164018160953586,0.2622637051028152,1,1,0,0.0009005199999592151,32,0.0,0.0,9.950823100148711e-05,0.010000000000000002,0.5765869176627038,-0.004259164679107071,0.1460841729742716,0.12836251468830268,0.35589934628864295,0.11617953212854362,0.7049494323510064,0.35164018160953586,0.2622637051028152,False,False,False
1790678760.5158336,APPROACH,0.009855665000000001,0.002282448000187287,-0.006142647649864941,0.00493852529360872,0.019660632248453602,0.05990633324180678,0.06675044734265259,0.04606831136645123,-0.005738946197011929,0.007654913784889616,0.014432160346524062,0.05905496960515191,0.06527050768974868,0.05803340282453191,0.710037130431359,0.37088765581990274,0.27129929974461536,1,1,0,0.0009497430000919849,33,0.0,0.0,9.109544514208707e-05,0.010000000000000002,0.5768866936151436,-0.00035138523963527913,0.14800697302123575,0.1331504368162154,0.37123904105953803,0.12329232672337961,0.710037130431359,0.37088765581990274,0.27129929974461536,False,False,False
1790678760.5258536,APPROACH,0.010019734,0.002359874999456224,-0.005535198774533789,0.005613391975259674,0.020130215259171358,0.06153197343207613,0.06848822138469556,0.04731650431903904,-0.0051394525961199426,0.008317504112995755,0.015021283562807266,0.060609567529640154,0.06698872711248673,0.059561108421287264,0.71117138652367,0.38055727720303717,0.2766074376130957,1,1,0,0.0009707720000733389,33,0.0,0.0,9.209869143950542e-05,0.010000000000000002,0.5771912125463446,0.003706557524434575,0.15000497542464486,0.13398017397732526,0.3768507196786026,0.12660246218845084,0.71117138652367,0.38055727720303717,0.2766074376130957,False,False,False
1790678760.5358357,APPROACH,0.009982454,0.0022456090000559925,-0.004910970106858592,0.006310698366398526,0.020605326021777337,0.06320378380801431,0.07092823894006348,0.04761510745801174,-0.004526641800698816,0.008994813270926574,0.015623493605140324,0.06216990745511273,0.06871329288205906,0.061094456690596176,0.709754950592573,0.3835072195122336,0.27993389579010053,1,1,0,0.0009803100001590792,33,0.0,0.0,9.163280375227423e-05,0.010000000000000002,0.5774943057745079,0.007835445947992393,0.15203919572476263,0.13226064481806507,0.3756717735642412,0.12789470006533787,0.709754950592573,0.3835072195122336,0.27993389579010053,False,False,False
1790678760.5458486,APPROACH,0.010012951,0.002222215000074357,-0.0042693212798443625,0.007030160613933134,0.021087098805427473,0.0650334540060554,0.07263335478108739,0.04907850279788942,-0.0038962549144985203,0.009691548403945142,0.01624297569693997,0.06374624588303682,0.07045554099715232,0.06264352671107296,0.7094748964464345,0.3902700320171102,0.2841319417274055,1,1,0,0.0009462560001338716,33,0.0,0.0,9.234861183585507e-05,0.010000000000000002,0.5777979824411437,0.012063918270812447,0.1541237367164096,0.1316769140052908,0.37820611374629776,0.1300082050109959,0.7094748964464345,0.3902700320171102,0.2841319417274055,False,False,False
1790678760.5558257,APPROACH,0.009976804,0.002198900999246689,-0.003609105671762869,0.007763017868755995,0.021589267632853293,0.06685755160548594,0.07388795423725542,0.05126133854175252,-0.0032523907732179592,0.010403179273719396,0.016875701906521264,0.06532775919955539,0.07220350865808665,0.06419768210194926,0.7101326855101487,0.3996240765866869,0.2888580757141357,1,1,0,0.0009459960001549916,33,0.0,0.0,9.341749018794302e-05,0.010000000000000002,0.5781001687487218,0.016364422927287035,0.15624500899970845,0.13203251676142688,0.3832596536593999,0.13261306671442724,0.7101326855101487,0.3996240765866869,0.2888580757141357,False,False,False
1790678760.5659897,APPROACH,0.010163746000000001,0.002165867999792681,-0.002897558507479303,0.008548059969825772,0.02213709997936686,0.06850965681152271,0.07574111838925893,0.05275653038294095,-0.0025801824926716434,0.011146137504633183,0.017536281942168712,0.06694972794483883,0.07399618968339904,0.06579159310034935,0.7077125384155256,0.39948509561838225,0.2901376747754305,1,1,0,0.0009264389991585631,33,0.0,0.0,9.179851647493243e-05,0.010000000000000002,0.578407553954335,0.02083577658983236,0.15845177532415022,0.1293049844611906,0.37864931902854987,0.13168589945128026,0.7077125384155256,0.39948509561838225,0.2901376747754305,False,False,False
1790678760.575846,APPROACH,0.009856726000000001,0.0021692549998988397,-0.002239548757279053,0.00927497378707276,0.022646178851562837,0.0698941619080408,0.0770641438696723,0.05456333400220498,-0.0019124833818195026,0.011884111975549023,0.01819243081032906,0.06853281766570367,0.07574589966530469,0.06734729762602419,0.7132596742705042,0.4208712219832696,0.29989650614706065,1,1,0,0.0009359470004710602,33,0.0,0.0,9.657274426811143e-05,0.010000000000000002,0.5787051466105348,0.025259695246403657,0.16063627666021113,0.1345545276599694,0.39561152673686595,0.1392602294868495,0.7132596742705042,0.4208712219832696,0.29989650614706065,False,False,False
1790678760.5858393,APPROACH,0.009992843000000001,0.002167450999877474,-0.0015331065499006868,0.010056019925693604,0.023197127780267834,0.07132739707206609,0.07947509944174981,0.05498436944378794,-0.0012195855823086722,0.012649937298185986,0.018873342465759592,0.07014762192120311,0.07753066213797594,0.06893416807009926,0.7136195944803589,0.428086603922442,0.30488452326699167,1,1,0,0.0009343430001536035,33,0.0,0.0,9.605002275181214e-05,0.010000000000000002,0.5790062739815902,0.02983338547013975,0.16289585505524565,0.1346133204987687,0.39825321845230227,0.14198866821174602,0.7136195944803589,0.428086603922442,0.30488452326699167,False,False,False
1790678760.5958493,APPROACH,0.010011319000000001,0.002181868999286962,-0.0008111912991868309,0.01086489459322948,0.023747353418909434,0.07301188259889849,0.08203683633835139,0.055281655270059585,-0.0005091769517474622,0.013435116467592656,0.019571462039828194,0.07177504426776976,0.07932937075634054,0.07053343833025545,0.7122914460146588,0.4317865662038958,0.30873874368280246,1,1,0,0.000930215999687789,33,0.0,0.0,9.584649452149101e-05,0.010000000000000002,0.5793073081510114,0.03450564171279826,0.16520522984522049,0.13298413786364732,0.3972809244910976,0.14353351383758198,0.7122914460146588,0.4317865662038958,0.30873874368280246,False,False,False
1790678760.6058533,APPROACH,0.010002712,0.002258944999994128,-7.07340448613536e-05,0.011694035277475479,0.024308613461945683,0.07503939793892232,0.08345598480851364,0.057309462150124044,0.00021693941813646575,0.014237656616559676,0.020285017631723454,0.07341038130484974,0.08113682708673459,0.07214048636806292,0.7122539103472232,0.4406834229399108,0.3136621752423959,1,1,0,0.0009689090002211742,33,0.0,0.0,9.689580490382728e-05,0.010000000000000002,0.5796073597792051,0.03926451196707045,0.16755848561955955,0.13264655056801808,0.4014189109728404,0.14610368962283635,0.7122539103472232,0.4406834229399108,0.3136621752423959,False,False,False
1790678760.615889,APPROACH,0.010035865000000001,0.0023234970003613853,0.0006905131294923095,0.012534705275630387,0.024894343841318722,0.07694760621770064,0.08474191991809882,0.05956375155669723,0.0009619472282452815,0.015061076530645756,0.02101713786886088,0.07506017948694964,0.08296026659828233,0.07376174539369844,0.713567685784248,0.4530261938333341,0.31977139084640904,1,1,0,0.0009635289998186636,33,0.0,0.0,9.85353180105862e-05,0.010000000000000002,0.5799076001779823,0.04413073245228036,0.16996587011595427,0.13366008560626572,0.4088954613810537,0.1498055207304548,0.713567685784248,0.4530261938333341,0.31977139084640904,False,False,False
1790678760.6258957,APPROACH,0.01000693,0.0018967409996548668,0.001468637636745207,0.013392242625008599,0.02549672454759566,0.07849999386952548,0.08691092432651915,0.06051727983370775,0.0017213365313258587,0.01590039159045589,0.021763390819645078,0.07671392534478683,0.08478806927860809,0.07538688380590913,0.7138919318287226,0.461105146829466,0.3249374624908615,1,1,0,0.0007924649999040412,33,0.0,0.0,9.89136032517712e-05,0.010000000000000002,0.5802060886468345,0.04907476570650803,0.17241276059678676,0.133685843181888,0.412030381122958,0.15252470189407472,0.7138919318287226,0.461105146829466,0.3249374624908615,False,False,False
1790678760.6358657,APPROACH,0.009969449,0.001842918999500398,0.0022617320176134825,0.014273580505762773,0.026105732253696168,0.08004809581684708,0.08918053843924142,0.0613630248152324,0.0024943794515135884,0.01675479731115949,0.022523061199426177,0.07836981186644489,0.08661823792771368,0.07701412585150848,0.7133860170764926,0.46674118081239524,0.3292405323948844,1,1,0,0.0007863340006224462,33,0.0,0.0,9.887502033852189e-05,0.010000000000000002,0.5805024928165476,0.05409196017292724,0.17489683368112208,0.132883524259945,0.412649220639468,0.15434369871376233,0.7133860170764926,0.46674118081239524,0.3292405323948844,False,False,False
1790678760.645865,APPROACH,0.009999526,0.0019887440003003576,0.0030716157768182484,0.015174241748181494,0.026728213050027705,0.08185342549423483,0.09072559860219116,0.0632813092561888,0.0032863780974448052,0.017630153848554337,0.023301359397920215,0.08003874401795245,0.08846282525977017,0.07865418785615987,0.7145819517014889,0.4785485844158596,0.3354484833533124,1,1,0,0.0008755729995755246,34,0.0,0.0,8.809737979147944e-05,0.010000000000000002,0.5807987317258674,0.05921667422878689,0.17743508748050935,0.1337832199756215,0.4193319101870727,0.15801339587280305,0.7145819517014889,0.4785485844158596,0.3354484833533124,False,False,False
1790678760.655874,APPROACH,0.010008744,0.0022924980003153905,0.003900137160492534,0.016089310541334,0.027371069708582496,0.08368056162997378,0.09239060490472589,0.06496900496593,0.004095857569055582,0.018524831069281513,0.024096836028731645,0.08171698189987925,0.09031769775077175,0.08030339461536122,0.7153725790870207,0.4896061576588003,0.3415038873613677,1,1,0,0.0009593510003469419,34,0.0,0.0,8.964597184624906e-05,0.010000000000000002,0.5810940860310345,0.06443920296087673,0.18002270788774133,0.1342784930559862,0.42516695469792354,0.16148117947362642,0.7153725790870207,0.4896061576588003,0.3415038873613677,False,False,False
1790678760.6658695,APPROACH,0.009995648000000001,0.002052353999715706,0.004746294015329333,0.017023851539931023,0.02802649168096849,0.08538202840560387,0.09455178375701719,0.0659042164360798,0.004921079483320177,0.01943690762542722,0.02490778278038268,0.08340047541707965,0.09217837903288495,0.08195776609483879,0.7153340655761575,0.4980576689590656,0.34702166628209175,1,1,0,0.0008616160002929973,34,0.0,0.0,9.002859004945279e-05,0.010000000000000002,0.581387798594351,0.06974826629677118,0.18265409195730725,0.13394626698180656,0.42830940266229445,0.1643675743247845,0.7153340655761575,0.4980576689590656,0.34702166628209175,False,False,False
1790678760.6759086,APPROACH,0.010039732,0.0024213500000769272,0.0054349936778281815,0.01778781839069765,0.028556815253981682,0.08667382112910477,0.09629221000421778,0.06673560233595671,0.0057669162858820094,0.020371768787747897,0.025738987812153665,0.08509858520146243,0.09405521494492858,0.08362650100091464,0.7401601488097752,0.5760276007352736,0.3811211582796857,1,1,0,0.0009930449996318202,35,0.0,0.0,9.405391089548738e-05,0.010000000000000002,0.5816814393947519,0.07517506710201648,0.18534469489236932,0.15847870941502332,0.5008525336332571,0.19577646338731636,0.7401601488097752,0.5760276007352736,0.3811211582796857,False,False,False
1790678760.685848,APPROACH,0.009938792,0.004749986000206263,0.006221617619665665,0.018679416243999825,0.029141005101145367,0.08820541904885869,0.10301861982039955,0.061307092824510495,0.006621075476457728,0.02131582826977798,0.026578371266490968,0.08678642302042795,0.09592069776675406,0.08528514163193039,0.7395320287802759,0.5832304497911833,0.390947164318429,1,1,0,0.0016495129993927549,35,0.0,0.0,9.21059776335314e-05,0.010000000000000002,0.5819706713682327,0.08064078541404299,0.18805541591432118,0.15756135741204327,0.5025896643771404,0.20289174840410787,0.7395320287802759,0.5832304497911833,0.390947164318429,False,False,False
1790678760.6958978,APPROACH,0.010050021000000001,0.004159200999310997,0.006845871336794929,0.019423744224579487,0.02954971033921172,0.09024700993507256,0.10845603931827444,0.057116023426570434,0.007501884821515769,0.022289342836193028,0.027443943865632668,0.08849973033192529,0.09781433074629309,0.08696881116956855,0.761942744420893,0.6591747244790217,0.4287430245587768,1,1,0,0.002068535000034899,36,0.0,0.0,9.487138987601409e-05,0.010000000000000002,0.5822615538995018,0.08626259820798803,0.19084435452412943,0.17968119052139117,0.5729121262710337,0.23789867003464732,0.761942744420893,0.6591747244790217,0.4287430245587768,False,False,False
1790678760.705906,APPROACH,0.010008092000000001,0.004515533999438048,0.00767678783725767,0.020422597284731836,0.030057754299535944,0.0945196083356775,0.11403620380278848,0.05506702517444875,0.008396162276645386,0.02327774303184251,0.028322751595742934,0.09021216712393275,0.09970700158412855,0.0886516252464629,0.7499523472501375,0.6455918783328413,0.4295254379772263,1,1,0,0.0017334929998469306,36,0.0,0.0,8.967871496180771e-05,0.010000000000000002,0.5825495208118519,0.09195614235761937,0.19366965065036482,0.1674028264382857,0.5536357359752219,0.23585578732686152,0.7499523472501375,0.6455918783328413,0.4295254379772263,False,False,False
1790678760.7159517,APPROACH,0.010045884000000001,0.002599196999653941,0.008503430503147058,0.02141664615221206,0.0305195897458459,0.09959432651798553,0.11837572258674431,0.05557758671518029,0.009311082429964063,0.024288958570551092,0.029221844934793493,0.09193707180659975,0.10161345255865041,0.09034669153728363,0.7396888611230138,0.6398926923541173,0.43233793976211854,1,1,0,0.001090348000616359,36,0.0,0.0,8.99110047978314e-05,0.010000000000000002,0.582836745013333,0.09776701991093403,0.19655391564917846,0.15685211610968072,0.5421256724431832,0.23578402411294008,0.7396888611230138,0.6398926923541173,0.43233793976211854,False,False,False
1790678760.7258215,APPROACH,0.009869751000000001,0.002326111000002129,0.00958309571891025,0.022660905888999494,0.031151642526035417,0.10550256823991737,0.11781051335205331,0.0657592937464653,0.010226864438287762,0.025301126674540958,0.03012178521998622,0.09363730193354207,0.10349263197939894,0.09201751010701566,0.7065817804694867,0.56809309005393,0.4014659188908912,1,1,0,0.0009984750004150555,34,0.0,0.0,9.918414892459529e-05,0.010000000000000002,0.5831170252342696,0.10356979732751642,0.19943485735958463,0.12346475523521719,0.46452329272641363,0.2020310615313066,0.7065817804694867,0.56809309005393,0.4014659188908912,False,False,False
1790678760.7359688,APPROACH,0.010147585,0.002638500999637472,0.010659773991719135,0.023815960379654832,0.0318880320487942,0.10876710077564634,0.11225683705006756,0.08223290481499887,0.011185949508756877,0.026361155489824886,0.031064279486085596,0.09539085071487756,0.10543074184520305,0.09374072499443524,0.706714585391556,0.5775775018845994,0.39777201491141406,1,1,0,0.0012411030002112966,35,0.0,0.0,9.011105108173793e-05,0.010000000000000002,0.5834030919772811,0.1096331016417711,0.20244583458682203,0.12331149341427482,0.4679444002428283,0.19532618032459204,0.706714585391556,0.5775775018845994,0.39777201491141406,False,False,False
1790678760.7459073,APPROACH,0.009938411000000001,0.0025007409994941554,0.011584183624688826,0.024758347490977606,0.03263220538262601,0.10808854450411337,0.11122229468924906,0.08968397731972902,0.012142538289465675,0.02741842528074412,0.03200432064467859,0.09711332731675029,0.10733450918332287,0.09543340520679779,0.7320582055660394,0.6435925304035276,0.42144582182628976,1,1,0,0.001051094000104058,36,0.0,0.0,8.986696807701704e-05,0.010000000000000002,0.5836810618415985,0.11566716096347804,0.20544293712834447,0.14837714372444089,0.5279253694400495,0.21600288469794526,0.7320582055660394,0.6435925304035276,0.42144582182628976,False,False,False
1790678760.7558854,APPROACH,0.009977865,0.0030269640001279186,0.012386683196265125,0.025619724089433582,0.03328401960062077,0.10625119979538741,0.11907276239623354,0.08288169238935197,0.013120169310363881,0.028498952008535486,0.03296504004270525,0.0988474061625936,0.10925109990208894,0.0971374869608513,0.7552760360559598,0.7023479076230276,0.45207444136625347,1,1,0,0.001085398999748577,36,0.0,0.0,9.804617996300838e-05,0.010000000000000002,0.5839578078480442,0.12182069646527352,0.20849999815127382,0.17131822820791562,0.5805272111577541,0.24357444321497965,0.7552760360559598,0.7023479076230276,0.45207444136625347,False,False,False
1790678760.7659495,APPROACH,0.010063948000000001,0.002431068999612762,0.013343972778363522,0.026742144408989255,0.03398385815298344,0.10725708225825295,0.12971156041290574,0.07344846289669893,0.014123784759102316,0.02960819802631208,0.033951294375016004,0.1006009926950269,0.11118925149229553,0.09886073894632853,0.740265267380968,0.6647616263904924,0.446708184907973,1,1,0,0.0010371279995524674,36,0.0,0.0,8.900068388905008e-05,0.010000000000000002,0.5842344361020396,0.12812446940893107,0.21163229021215185,0.1560308312789283,0.5366371569815613,0.23507589469582113,0.740265267380968,0.6647616263904924,0.446708184907973,False,False,False
1790678760.7758746,APPROACH,0.009926248,0.002272128999720735,0.014442758015970725,0.028063370216179884,0.03472067578501559,0.1130016623690124,0.13128340349833612,0.0784950342379814,0.015130976821190419,0.030721397096146838,0.03494106345036459,0.10233477709509396,0.11310551677485477,0.10056453134809794,0.7098118016627485,0.6013334061173756,0.42252347532173523,1,1,0,0.0009954590004781494,35,0.0,0.0,8.956652410893715e-05,0.010000000000000002,0.584504669749493,0.13443773345983268,0.21476985166636572,0.1253071319132555,0.46689567265754295,0.2077536236553695,0.7098118016627485,0.6013334061173756,0.42252347532173523,False,False,False
1790678760.7858994,APPROACH,0.010023832,0.0029202229998190887,0.015607796199044621,0.029339877683359106,0.03559633868824719,0.11905467424549943,0.12282564098749801,0.0979100085222066,0.01616555500499691,0.03186486467818581,0.03595774490656971,0.10408954731940905,0.11504497664056448,0.10228894654927496,0.7055099418635653,0.6121441728884381,0.41793726911519474,1,1,0,0.0011240410003665602,35,0.0,0.0,9.237165959023989e-05,0.010000000000000002,0.5847747795111118,0.14090970189394783,0.21798681259120753,0.1207351623524535,0.4712344709944903,0.1999504565239872,0.7055099418635653,0.6121441728884381,0.41793726911519474,False,False,False
1790678760.7958765,APPROACH,0.009977013,0.002335027999833983,0.016812920406921172,0.030533792290548867,0.03665836598981631,0.12020017364599596,0.11919455592392847,0.10911307811340817,0.017212785877035598,0.03302231664443626,0.0369868601775393,0.10583977445613428,0.11697941525852062,0.10400889725180047,0.7113166756556747,0.632033302790847,0.42005110469738755,1,1,0,0.0010012299999289098,35,0.0,0.0,9.422109423290101e-05,0.010000000000000002,0.5850406991062624,0.14744800082251083,0.2212372382428137,0.12627597654941225,0.4845853019683362,0.19881386645457386,0.7113166756556747,0.632033302790847,0.42005110469738755,False,False,False
1790678760.8059547,APPROACH,0.010078285000000001,0.003358750000188593,0.017996658472228866,0.0317570546790531,0.037728259677632714,0.1162241054060882,0.12689764674952472,0.10225584158454165,0.018288392910532053,0.03421113136435533,0.03804386074282879,0.10761118455520854,0.11893726634652182,0.10574966448162648,0.7110318845362256,0.6144687472733252,0.41781474745002356,1,1,0,0.0012505200002124184,35,0.0,0.0,8.853163720122967e-05,0.010000000000000002,0.585306190593379,0.15415057912527824,0.22456980200005786,0.12572569394284655,0.46031816814804694,0.1932449454499657,0.7110318845362256,0.6144687472733252,0.41781474745002356,False,False,False
1790678760.8158698,APPROACH,0.009915067000000001,0.0029131499995855847,0.019145067255478487,0.033063072617212086,0.03871540994259881,0.11484864024028087,0.13175486713762036,0.0986666541850145,0.019364017462642685,0.035399965446723476,0.03910087852368542,0.10935698339487576,0.1208668105889646,0.10746526349031973,0.7061099574910064,0.594622805766112,0.41366341461694633,1,1,0,0.0011777030003941036,34,0.0,0.0,9.496119045342396e-05,0.010000000000000002,0.5855641537664436,0.16084072074649786,0.22789661040932796,0.12054580372456275,0.4337820850196142,0.18576680420761835,0.7061099574910064,0.594622805766112,0.41366341461694633,False,False,False
1790678760.8258917,APPROACH,0.010021998,0.0026505229998292634,0.020308513207321965,0.034366975955461676,0.0397376416359041,0.11840658633599446,0.12751325036236769,0.10777689652042818,0.0204688473756498,0.03662107875547547,0.04018659645433255,0.11112443576642599,0.12282028739845006,0.10920214145566542,0.7116891616730445,0.6275356333996449,0.42374628717251545,1,1,0,0.00107213400042383,35,0.0,0.0,8.812458632013372e-05,0.010000000000000002,0.5858214774933981,0.16769994991012982,0.23130790044092342,0.1258676841796465,0.45983568348951515,0.19243838673159203,0.7116891616730445,0.6275356333996449,0.42374628717251545,False,False,False
1790678760.8358753,APPROACH,0.009983296000000001,0.0023379129997920245,0.02151048792018173,0.03562371792838803,0.04085501405291758,0.1209835980751484,0.12608747514381433,0.1121856315345153,0.021587034671892505,0.03785695531262167,0.04128544070452865,0.11288761429530057,0.12476904054313492,0.11093481950972064,0.7165957521795401,0.6577277626556074,0.43524999302938605,1,1,0,0.0010005490003095474,35,0.0,0.0,9.173977373809874e-05,0.010000000000000002,0.5860742168270631,0.17462962294952067,0.23475459095183815,0.13052153535247707,0.4830981397060867,0.20049540207754793,0.7165957521795401,0.6577277626556074,0.43524999302938605,False,False,False
1790678760.8459604,APPROACH,0.010085118,0.0023411490001308266,0.022779775814909087,0.036978045990086805,0.04200010726018899,0.1202746206751676,0.13294201018348079,0.10425222600662487,0.022734511006146756,0.03912520358028673,0.04241306733413553,0.11467108536657825,0.1267402220211814,0.11268743907412607,0.7065673206578166,0.633043260232478,0.43211713705476057,1,1,0,0.0009800000007089693,34,0.0,0.0,9.580414902977136e-05,0.010000000000000002,0.586325716950292,0.18172822148642204,0.2382856399678688,0.12024160370752456,0.45131503874605594,0.19383149708689176,0.7065673206578166,0.633043260232478,0.43211713705476057,False,False,False
1790678760.8558612,APPROACH,0.009900619000000001,0.0024839690004228032,0.023985908876844597,0.03832374746817546,0.043028599986548954,0.12147000718188292,0.1341230949019357,0.10444704288992279,0.023878501288276427,0.040389598888691536,0.04353726821534959,0.11642391995295091,0.12867754252297223,0.11440995212113747,0.7078010047304296,0.6469734925285171,0.440156500872801,1,1,0,0.0010813919998327037,34,0.0,0.0,9.756284073353421e-05,0.010000000000000002,0.5865687067947061,0.18879300673474442,0.24180016669308596,0.12123229793572357,0.45818048579377274,0.19835633417971502,0.7078010047304296,0.6469734925285171,0.440156500872801,False,False,False
1790678760.8659258,APPROACH,0.0100652,0.002428584999506711,0.025213325975816936,0.03965552503284542,0.044096242595665025,0.12385681623364388,0.13241918874181577,0.10874652490146258,0.02505930672821781,0.041694684151847225,0.044697647404631884,0.11820764383684237,0.13064900342217095,0.1161628201248589,0.7176757906503567,0.6916075872257473,0.4582008185068071,1,1,0,0.0010599309998724493,35,0.0,0.0,9.19394019272439e-05,0.010000000000000002,0.5868115806277681,0.19607275565333623,0.24542189951521803,0.1308642100225886,0.4955348315724111,0.21277891899158907,0.7176757906503567,0.6916075872257473,0.4582008185068071,False,False,False
1790678760.8759162,APPROACH,0.009990048000000001,0.0023645840001336182,0.026458852439399827,0.04098921965850888,0.04517904098873604,0.12470982777209323,0.13581235903230077,0.10558669959735645,0.026249056255626825,0.04300965486806026,0.045866815961420046,0.11997952872131823,0.13260737926675764,0.11790405392697596,0.7199841232640833,0.7101122131689248,0.47032692587687464,1,1,0,0.001007531999675848,35,0.0,0.0,9.288207542659606e-05,0.010000000000000002,0.5870483103549649,0.20339533216187242,0.2490651719817228,0.13293581290911852,0.5067168810070524,0.22126175389515185,0.7199841232640833,0.7101122131689248,0.47032692587687464,False,False,False
1790678760.8859067,APPROACH,0.00999072,0.002751082999566279,0.027709499677212257,0.042374693339507274,0.04620488301120673,0.1255305767702852,0.14075917040903999,0.10037877421231392,0.027456595072846902,0.044344287197600175,0.04705346607866738,0.12175274165491583,0.1345672229376931,0.11964659280485834,0.7173346776346687,0.7145147274263811,0.4786069555395861,1,1,0,0.001095507999707479,35,0.0,0.0,9.164752938171995e-05,0.010000000000000002,0.5872805492615742,0.2108151602858315,0.2527570277172124,0.13005412837309444,0.5036995671405496,0.22584992782237368,0.7173346776346687,0.7145147274263811,0.4786069555395861,False,False,False
1790678760.8958876,APPROACH,0.009980951,0.002651365000019723,0.02897681521592954,0.04379382584204894,0.04720320418852353,0.12815985615436237,0.14186418482162327,0.10110412966709575,0.028680647783444826,0.045697171508504456,0.04825634442248067,0.12352516578968714,0.136526194788692,0.12138835652900956,0.7171767928015628,0.7328489885821245,0.4893063979798802,1,1,0,0.0010639779993653065,35,0.0,0.0,9.349586184798504e-05,0.010000000000000002,0.5875078657447069,0.21832426401304966,0.2564934650181464,0.12966892705685581,0.5145247245690748,0.2328129329617338,0.7171767928015628,0.7328489885821245,0.4893063979798802,False,False,False
1790678760.9058814,APPROACH,0.009993645,0.0025092670002777595,0.03027531778856485,0.045209041072326706,0.04823263864755134,0.1311031947762871,0.14145999656487357,0.10436260892766316,0.029923985154617486,0.04707137019133635,0.04947817382973454,0.12530052983240605,0.1384884159730761,0.12313300930489224,0.7205281348101586,0.7625482915047579,0.5029298038839366,1,1,0,0.0011151549997521215,35,0.0,0.0,9.70968264134061e-05,0.010000000000000002,0.5877305700050417,0.22593947452196106,0.26028282496958965,0.1327975648051169,0.5366088169827968,0.24264697891434694,0.7205281348101586,0.7625482915047579,0.5029298038839366,False,False,False
1790678760.9158862,APPROACH,0.010004635000000001,0.0024958510002761614,0.03159494266203122,0.046633740720118055,0.04927653684628641,0.13226882148331406,0.14430601567038925,0.1031500982512375,0.03118646381211128,0.0484667247816959,0.05071881340634554,0.12707827385745957,0.14045326763303762,0.12488000089280824,0.7221891567741571,0.780431478600169,0.5143216394220496,1,1,0,0.001054669999575708,35,0.0,0.0,9.807699161741694e-05,0.010000000000000002,0.5879484027949041,0.2336597039686297,0.2641245315282193,0.13424075397925297,0.5467717746315394,0.25019710789383026,0.7221891567741571,0.780431478600169,0.5143216394220496,False,False,False
1790678760.9258766,APPROACH,0.009990359,0.0023497860001953086,0.03292237220551897,0.04809658707840292,0.05029522176678913,0.13324142008783232,0.1479136074480716,0.10105410913414928,0.032464889680030834,0.0498797050270627,0.05197512432937758,0.12885365053745124,0.14241550278476797,0.1266246660873569,0.7216151727033546,0.7907538756948365,0.5234415548588446,1,1,0,0.0009998879995691823,35,0.0,0.0,9.79860700973634e-05,0.010000000000000002,0.588160609006677,0.2414652539221906,0.26800874615795733,0.13345456369667769,0.5492886217726459,0.25543280870088725,0.7216151727033546,0.7907538756948365,0.5234415548588446,False,False,False
1790678760.9358757,APPROACH,0.009999186,0.002330669000002672,0.0342655023502072,0.049585049232521605,0.05130945184382352,0.13548386572350574,0.1491204029926615,0.10269787883040485,0.03376220504775499,0.05131356289289897,0.053249997990798,0.13063050936117884,0.14437937607592605,0.1283707877866679,0.7225589521251655,0.8101097011020493,0.5341982869787585,1,1,0,0.0009961300002032658,35,0.0,0.0,9.989071888667222e-05,0.010000000000000002,0.5883674721542196,0.2493739208307904,0.2719442873005779,0.13419147997094594,0.5607357802712588,0.2622539996781805,0.7225589521251655,0.8101097011020493,0.5341982869787585,False,False,False
1790678760.9458737,APPROACH,0.009998063000000001,0.0023612469994986895,0.03563381370343954,0.05107921231029788,0.052350495242271755,0.13785205515482948,0.1499390213300233,0.1050872412918884,0.03507713737166712,0.05276689190031782,0.054542183860180504,0.1324068278841328,0.14634265219963088,0.13011637853163835,0.7249137755723605,0.8343746062144863,0.5464634471969134,1,1,0,0.001025044999551028,36,0.0,0.0,9.00433806222714e-05,0.010000000000000002,0.5885685645568335,0.25737774966595894,0.2759271577619284,0.13634521101552693,0.5769968565485274,0.27053628943498503,0.7249137755723605,0.8343746062144863,0.5464634471969134,False,False,False
1790678760.955879,APPROACH,0.010005317000000001,0.0024952099993242882,0.03702157758424374,0.05258979066342828,0.0534042478837673,0.1393295246886507,0.15258188793872002,0.10497189364396259,0.0364108000490522,0.05424092263171624,0.05585277607462438,0.1341838412616827,0.1483066963114077,0.1318626521112109,0.7253125226829781,0.8496390691566238,0.5565591128452906,1,1,0,0.001055441999596951,36,0.0,0.0,9.119502512649927e-05,0.010000000000000002,0.588763829809526,0.2654833169879961,0.2799605902975994,0.13654869287345203,0.5841557521686277,0.2765985225476912,0.7253125226829781,0.8496390691566238,0.5565591128452906,False,False,False
1790678760.9658751,APPROACH,0.009995969,0.0023552159991595545,0.0384227218545341,0.05413049745453691,0.054452258161808764,0.14084791834387467,0.15524901781024095,0.10498574254785642,0.03776096734189039,0.05573319509005231,0.057179587398204355,0.1359583502709787,0.15026797247006443,0.13360646464452988,0.7248034389784923,0.8621767763114108,0.5656112505040871,1,1,0,0.0010204860000158078,36,0.0,0.0,9.157636203951038e-05,0.010000000000000002,0.5889527226370481,0.2736769042651645,0.28403771738682304,0.13585071634144413,0.5884998720462462,0.28157353311726413,0.7248034389784923,0.8621767763114108,0.5656112505040871,False,False,False
1790678760.9758914,APPROACH,0.010016679,0.0027235210000071675,0.03984243717600844,0.05569094192298518,0.055511300579046186,0.14302650684595328,0.1565060972850856,0.10719665030918099,0.0391317197805182,0.057248219281655535,0.05852662777389964,0.13773543962318144,0.15223210055282957,0.13535281288450207,0.7258579423688747,0.8815723006931924,0.5762012765366595,1,1,0,0.001121667999541387,36,0.0,0.0,9.323084256316073e-05,0.010000000000000002,0.5891355728483788,0.2819830522488983,0.2881707079170718,0.13672236952049588,0.5995892484442941,0.2880305686195878,0.7258579423688747,0.8815723006931924,0.5762012765366595,False,False,False
1790678760.9858754,APPROACH,0.009983545,0.00255683700015652,0.04128508159586808,0.05726140389345069,0.056596431742906184,0.14515907319807075,0.1578432994422322,0.10933713705072881,0.04051564375362165,0.05877780131230306,0.059886611835302535,0.13950531184136142,0.1541882518979064,0.13709206883658073,0.7266080080020193,0.9002482526152541,0.5864888452652581,1,1,0,0.0011301240001557744,36,0.0,0.0,9.454211370976898e-05,0.010000000000000002,0.5893111792265656,0.2903566538933795,0.2923370742259167,0.1372968287754537,0.6098915987218746,0.2941517710393414,0.7266080080020193,0.9002482526152541,0.5864888452652581,False,False,False
1790678760.9959059,APPROACH,0.010030886000000001,0.0025817430005190545,0.04274540480289524,0.058851444412552745,0.05769465562535725,0.14661606059397342,0.1603144818460938,0.10995081569480022,0.04192391786761287,0.060334296337211504,0.06127052481487137,0.14128198384641996,0.15615191870772246,0.13883800694891932,0.7274248294282419,0.9165126089332566,0.5966992118057635,1,1,0,0.0010551320001468412,36,0.0,0.0,9.552619566415001e-05,0.010000000000000002,0.5894807076169267,0.29886510667727806,0.2965703051243133,0.13794412181131516,0.6176475022559785,0.3001289066814501,0.7274248294282419,0.9165126089332566,0.5966992118057635,False,False,False
1790678761.005875,APPROACH,0.009968798000000001,0.0023336349995588535,0.04422007240615944,0.06046710490990481,0.05879805899353663,0.14825148413738454,0.16260625997454506,0.11090413798445206,0.04334112277084112,0.06190066211730734,0.06266321409375591,0.1430458341899172,0.15810141437554784,0.14057134519616202,0.7266966944016588,0.9288481044651371,0.6051801257648808,1,1,0,0.0010288329995091772,36,0.0,0.0,9.58073349576154e-05,0.010000000000000002,0.5896420867257058,0.30741505951206916,0.30082390994450126,0.13705460767595296,0.621433044953068,0.3043562158203795,0.7266966944016588,0.9288481044651371,0.6051801257648808,False,False,False
1790678761.01588,APPROACH,0.010006529,0.0025574580004104064,0.0457137948487043,0.06210093151096174,0.05991820559103633,0.1503678423832582,0.1639312364666211,0.11330656422772589,0.044781364938608084,0.06349248983502294,0.06407854212534642,0.14481428933332274,0.16005599949866942,0.14230920858683957,0.7274730134934035,0.9473752566267812,0.61536497896822,1,1,0,0.0011292620001768228,36,0.0,0.0,9.733406852324174e-05,0.010000000000000002,0.5897967170381905,0.3160914363143808,0.3051400918903313,0.13767629645521307,0.6312838203124005,0.31022488707788864,0.7274730134934035,0.9473752566267812,0.61536497896822,False,False,False
1790678761.0258825,APPROACH,0.010001389000000001,0.0023841910006012768,0.04722927305351554,0.06374656913460708,0.06106424913685249,0.15238824161714076,0.1654285296694132,0.11542471875796109,0.04623853839776902,0.06510303086327816,0.06551050856112842,0.14657952238359534,0.16200702340321757,0.1440439056220017,0.7283915994256247,0.966368385570143,0.6258750829996018,1,1,0,0.0010276800003339304,36,0.0,0.0,9.871100794603643e-05,0.010000000000000002,0.5899436550907248,0.32485716119837865,0.30950035668150855,0.13844794433489996,0.6415112243717644,0.3163747263180932,0.7283915994256247,0.966368385570143,0.6258750829996018,False,False,False
1790678761.035887,APPROACH,0.010004255,0.002761733999250282,0.04876177703167439,0.06541273407688308,0.06222384073312082,0.15384513722533857,0.16793295675075112,0.11615588689891437,0.047713779226612074,0.06673354085264968,0.06696022982685532,0.14834270845528785,0.16395578488460227,0.14577659108839486,0.7285055921741653,0.9809603447781501,0.6354113627015812,1,1,0,0.0010528770008022548,36,0.0,0.0,9.933974997812986e-05,0.010000000000000002,0.5900827722861759,0.3337188346325744,0.3139079373780073,0.1384228198879894,0.6472415101455756,0.3215034253235739,0.7285055921741653,0.9809603447781501,0.6354113627015812,False,False,False
1790678761.045873,APPROACH,0.009985951,0.0023523400004705763,0.05030958901253779,0.06710376413002539,0.06339078223547112,0.15563296801006873,0.1700275013639057,0.11745580367764893,0.049203898200885735,0.0683804949128967,0.06842457186730838,0.15009988620586637,0.16589790566881793,0.1475033721690633,0.7285274962939262,0.9967472908704551,0.6452217457132773,1,1,0,0.0010505230002308963,37,0.0,0.0,8.82146459046908e-05,0.010000000000000002,0.5902135410183158,0.34265708478693063,0.3183531483274512,0.13831395527561044,0.6540902060835245,0.3268685973858261,0.7285274962939262,0.9967472908704551,0.6452217457132773,False,False,False
1790678761.0558755,APPROACH,0.010002391000000001,0.002550946000155818,0.051877183109979796,0.06881197435525799,0.06457667439294923,0.15770161364326254,0.17153406122255715,0.11969047915174691,0.050714045916085665,0.07004958573991178,0.06990859618002429,0.1518569353681612,0.16783988433082755,0.14923002688584208,0.7288991715351243,1.014460844315105,0.655255535189021,1,1,0,0.0010741569994934252,37,0.0,0.0,8.978372855270551e-05,0.010000000000000002,0.5903361633641977,0.35170256000951566,0.3228511788092054,0.1385630081709266,0.6627582843055895,0.33240435637981564,0.7288991715351243,1.014460844315105,0.655255535189021,False,False,False
1790678761.0658743,APPROACH,0.009998684,0.0023934680002639652,0.053464984365541035,0.07053576144602847,0.06578425896151341,0.15956591162798742,0.17334989983599977,0.12148250698147534,0.05224118279450045,0.07173745384029896,0.07140931576765255,0.15361007806993923,0.1697775453771834,0.15095284271830164,0.7291667291842534,1.0313410375802634,0.6651804499684664,1,1,0,0.001054631000442896,37,0.0,0.0,9.066305928772571e-05,0.010000000000000002,0.5904501178684876,0.3608367727797937,0.3273927801312646,0.13871661131576588,0.6705042648004697,0.33778766983720176,0.7291667291842534,1.0313410375802634,0.6651804499684664,False,False,False
1790678761.0758731,APPROACH,0.009998915,0.0023602350001965533,0.055070103230119294,0.07227998437120053,0.06700639440342027,0.1612356048116849,0.17550120747917955,0.1227766486134877,0.053785867445261926,0.0734447166168252,0.07292727957618343,0.1553597751722385,0.17171139817456746,0.15267227255524107,0.7291475561082809,1.046826454138532,0.6748490033273289,1,1,0,0.001045112999236153,37,0.0,0.0,9.136985585880275e-05,0.010000000000000002,0.5905551920895629,0.3700628077604696,0.33197943034302196,0.13859236401871797,0.6767636463780623,0.342869572984307,0.7291475561082809,1.046826454138532,0.6748490033273289,False,False,False
1790678761.0858727,APPROACH,0.009999786,0.002310832000148366,0.05669242681368836,0.07404497367837237,0.06824246244522936,0.16307452732925584,0.17737754955708585,0.12445351011582106,0.05534816562202323,0.07517144674371841,0.07446255222182563,0.15710590853645287,0.17364131215028034,0.15438820030168374,0.7292350038510393,1.0633562386753383,0.6847629942336004,1,1,0,0.0010421369997857255,37,0.0,0.0,9.225081713856465e-05,0.010000000000000002,0.59065112626211,0.37938078576580025,0.33661113195907044,0.13858387758892937,0.683975452909538,0.34815186227452993,0.7292350038510393,1.0633562386753383,0.6847629942336004,False,False,False
1790678761.095884,APPROACH,0.010011449,0.002334736999728193,0.058334035883833124,0.07582722140787013,0.06949737741858097,0.16502381928177767,0.17906614712682756,0.12638174695171542,0.05692975788489338,0.07691950166011122,0.07601678519339419,0.1588501273526255,0.1755691100716879,0.1561022466190362,0.729743473218974,1.0817440071602014,0.6953075045867498,1,1,0,0.0010438999997859355,37,0.0,0.0,9.338460820557652e-05,0.010000000000000002,0.5907377379669573,0.38880042852615393,0.3412926570610078,0.13900573525201676,0.6929435786340473,0.354014847525742,0.729743473218974,1.0817440071602014,0.6953075045867498,False,False,False
1790678761.105888,APPROACH,0.010003844000000001,0.0023541139998997096,0.05999464090819551,0.07762737859264579,0.07076999614528123,0.16682939285830506,0.18105283135623057,0.12786238529332572,0.058527570286126124,0.07868548388512517,0.07758695771805642,0.1605888458796064,0.17749082879823036,0.15781088779435834,0.7298256870356623,1.0986498435409036,0.7055243990636535,1,1,0,0.0010398530002930784,37,0.0,0.0,9.423365424218421e-05,0.010000000000000002,0.5908145830674771,0.39830313674339796,0.346014700843012,0.1390111039681852,0.7003467067975055,0.3595096982206415,0.7298256870356623,1.0986498435409036,0.7055243990636535,False,False,False
1790678761.1158748,APPROACH,0.009986521,0.0023311509994528024,0.0616728945950209,0.07944840510804152,0.07205589625007214,0.16861242820319067,0.18311095900973773,0.12922781897318442,0.06013994284436819,0.08046755872429835,0.07917143852976985,0.16232016679711647,0.1794043713165878,0.15951225932830684,0.7293195627972432,1.1139268980463508,0.7151782876138497,1,1,0,0.0010477080004420714,37,0.0,0.0,9.486142208235129e-05,0.010000000000000002,0.5908813493764007,0.4078787989256689,0.35077217963445584,0.13843821342084248,0.706048099120682,0.3644061079793939,0.7293195627972432,1.1139268980463508,0.7151782876138497,False,False,False
1790678761.1258738,APPROACH,0.009999155000000001,0.0022919769999134587,0.06336967511006275,0.08128850593562476,0.07335752677193597,0.17054314349606664,0.1848145782764221,0.13108395419990904,0.061771655048554044,0.08227100870798064,0.08077492443912439,0.1640490644674424,0.181315235540891,0.16121124953379276,0.7294577946026848,1.1317316439444203,0.7255947203505927,1,1,0,0.001035393999700318,37,0.0,0.0,9.590987604086704e-05,0.010000000000000002,0.5909379673145145,0.41755551344221253,0.3555789905777725,0.1385198272881702,0.7141761305022079,0.3700157297728202,0.7294577946026848,1.1317316439444203,0.7255947203505927,False,False,False
1790678761.1358738,APPROACH,0.010000067000000001,0.0022758559998692363,0.06508581429871185,0.08314501906681926,0.07467847371095715,0.17240738152348048,0.1865617229068622,0.13284900621083592,0.0634207819536339,0.08409370629057318,0.0823955237998753,0.16577328211067696,0.18322092716505065,0.1629056406699837,0.7298085196695239,1.1501559631513365,0.7363074693300875,1,1,0,0.0010314970004401403,37,0.0,0.0,9.696254737524475e-05,0.010000000000000002,0.5909840698088619,0.42732153411134766,0.3604292319389625,0.138824449860662,0.7228344290399888,0.375878237391125,0.7298085196695239,1.1501559631513365,0.7363074693300875,False,False,False
1790678761.1458728,APPROACH,0.009998805000000001,0.002400890999524563,0.06681974145298764,0.08502060419467128,0.07601460458502096,0.17411756763798245,0.18861677744970776,0.13414120678209585,0.0650869146724466,0.08593519954952356,0.08403283479802633,0.1674922262340898,0.18512079023120112,0.1645948495107275,0.7298247830961265,1.1673311993172493,0.746817064644784,1,1,0,0.001085068000065803,37,0.0,0.0,9.780745677777421e-05,0.010000000000000002,0.5910193646292425,0.43717413078131057,0.3653214810514015,0.138805418466884,0.7301570685359386,0.38149558359338254,0.7298247830961265,1.1673311993172493,0.746817064644784,False,False,False
1790678761.155873,APPROACH,0.010000367000000001,0.002290634000019054,0.06857095625359477,0.08691684941884503,0.07736335230768088,0.17592785768901387,0.19056917024686648,0.13555693635680327,0.06677047289788045,0.08779595235041457,0.08568726986637717,0.16920616492016496,0.18701512103751933,0.1662791395010634,0.7297345704131846,1.1847605879484338,0.7574186211633493,1,1,0,0.0010270389993820572,37,0.0,0.0,9.871312801275429e-05,0.010000000000000002,0.59104357572621,0.4471154684241608,0.37025674443625245,0.13869099468697457,0.7376451195242729,0.38716187672709684,0.7297345704131846,1.1847605879484338,0.7574186211633493,False,False,False
1790678761.165873,APPROACH,0.010000007,0.0022586029999729362,0.07034114906547817,0.08883129379720334,0.07872805516107473,0.177873979802387,0.19230157430532085,0.13727018304231728,0.06847108233870872,0.08967555100785181,0.0873584611884057,0.17091455240140024,0.18890331637445015,0.16795797431448894,0.7297510206294766,1.2032066032523046,0.7682937344165499,1,1,0,0.0010294530002283864,37,0.0,0.0,9.975534350051727e-05,0.010000000000000002,0.5910564082731815,0.4571430113723165,0.3752336930204866,0.1386946123562951,0.746063591879988,0.3930600413960634,0.7297510206294766,1.2032066032523046,0.7682937344165499,False,False,False
1790678761.1758747,APPROACH,0.01000175,0.0023305200002141646,0.07213060893664824,0.0907631988108708,0.0801096045375953,0.1797216367747306,0.19415162135019737,0.13879775883879208,0.0701890482004438,0.09157433285024096,0.0890467086900041,0.1726175331028588,0.19078553586780075,0.1696314958777195,0.7302607774626793,1.2230996631532212,0.7798877831764062,1,1,0,0.0010562329998720088,38,0.0,0.0,8.89361580281022e-05,0.010000000000000002,0.5910575717771221,0.467258226515645,0.38025298286878767,0.1392032056855571,0.7558414366375761,0.39963480030761855,0.7302607774626793,1.2230996631532212,0.7798877831764062,False,False,False
1790678761.1858726,APPROACH,0.009997562,0.0023028470004646806,0.07393782199540766,0.09271496959223757,0.08150442009343539,0.18145100450841017,0.19626766403145496,0.13994009473758157,0.07192328740706078,0.09349110080775899,0.09075094803081851,0.17431388745321186,0.1926604315863077,0.17129850571627164,0.7298022225156056,1.2399029810112965,0.7904767231595013,1,1,0,0.0010596209995128447,38,0.0,0.0,9.001405594512234e-05,0.010000000000000002,0.5910467767035639,0.4774544058726938,0.3853112124342429,0.13875544581204163,0.7624485751386028,0.4051655107252585,0.7298022225156056,1.2399029810112965,0.7904767231595013,False,False,False
1790678761.195878,APPROACH,0.010005497,0.0023186070002338965,0.07576283496099645,0.09468733500873494,0.08291144319950394,0.1833427806389255,0.19810947139825932,0.14146856068813973,0.07367585219111558,0.09542812311052642,0.09247319594270752,0.1760054588456494,0.19453004094037332,0.17296081533526125,0.7295582283158952,1.258049914526397,0.80144335670296,1,1,0,0.0010510140000405954,38,0.0,0.0,9.087095015536335e-05,0.010000000000000002,0.591023707375617,0.48774326357878456,0.39041411713173424,0.13853452094027813,0.7703066509476125,0.4110292395712258,0.7295582283158952,1.258049914526397,0.80144335670296,False,False,False
1790678761.205872,APPROACH,0.009993996,0.002332963999833737,0.07760748438721432,0.0966764686095356,0.08433604139048168,0.18530003728058053,0.19975081902539532,0.14327026934443185,0.07544326683205946,0.0973815582182576,0.09421003683013256,0.1776887564556031,0.1963905056959937,0.17461499429640817,0.7293591177762544,1.2767407041677576,0.81246559226682,1,1,0,0.0010936339995168964,38,0.0,0.0,9.176689707425108e-05,0.010000000000000002,0.5909881174587566,0.49810405302871336,0.39555133132619996,0.13837100031749777,0.7786366511390443,0.41691426094062006,0.7293591177762544,1.2767407041677576,0.81246559226682,False,False,False
1790678761.2158725,APPROACH,0.010000838000000001,0.002305813000020862,0.07947090503844478,0.09868275821907257,0.08577748251705763,0.18705352865233252,0.20160784434924298,0.14473906887951649,0.0772286990960396,0.09935490730462264,0.09596458366140274,0.17936666772411744,0.19824501719750717,0.1762638800921435,0.729374599131048,1.2955889227265576,0.8237348933768989,1,1,0,0.0010568050001893425,38,0.0,0.0,9.267570370685043e-05,0.010000000000000002,0.5909396503109852,0.5085549981963141,0.4007318134883467,0.13843494882006283,0.7870339245302435,0.42300307988855224,0.729374599131048,1.2955889227265576,0.8237348933768989,False,False,False
1790678761.2258725,APPROACH,0.009999606000000001,0.0022683820006932365,0.0813511828027842,0.10070850878168613,0.08723216946115464,0.18873982155283733,0.20356775486446693,0.14603050087109065,0.07903065527864021,0.10134651945275187,0.09773536857105908,0.18103762778469132,0.2000918458761462,0.1779059349259255,0.729249173613034,1.314009894028396,0.834964140090789,1,1,0,0.0010511939999560127,38,0.0,0.0,9.350098240612164e-05,0.010000000000000002,0.5908780320273381,0.5190869798023832,0.405950961800986,0.13837114158569583,0.7949229142260128,0.42901317828980295,0.729249173613034,1.314009894028396,0.834964140090789,False,False,False
1790678761.2359545,APPROACH,0.010082503000000001,0.0024667669995324104,0.083152817453926,0.10265110511353637,0.08862635957834719,0.19033089260005265,0.20536798476830775,0.14738986833846435,0.08086443182633829,0.10337330106077029,0.0995374233988624,0.18271540588217228,0.2019462101903693,0.1795546898542964,0.7431775821044929,1.3732631227895062,0.8629653214545299,1,1,0,0.0011084019997724681,39,0.0,0.0,8.83312040904895e-05,0.010000000000000002,0.5908022736275833,0.5297888354350944,0.41125269837512385,0.15237530847690964,0.843474287354412,0.4517126230794061,0.7431775821044929,1.3732631227895062,0.8629653214545299,False,False,False
1790678761.2458732,APPROACH,0.009918393000000001,0.002330999999685446,0.0851631962073558,0.10482757454323544,0.09016884094385258,0.19225268068951545,0.21033802831093262,0.14475635824526867,0.08268483075822101,0.10538529705833484,0.10132633202453176,0.18435878388606047,0.2037625537996731,0.18116963976165015,0.7207464486841177,1.3296307909350618,0.8518279449792241,1,1,0,0.0010640279997460311,38,0.0,0.0,9.166299993472682e-05,0.010000000000000002,0.5907140912855792,0.5403966099261072,0.4165061948503939,0.13003235739853852,0.7892341810089547,0.4353217501288302,0.7207464486841177,1.3296307909350618,0.8518279449792241,False,False,False
1790678761.2558727,APPROACH,0.009999375000000001,0.0023524009993707296,0.08710376796490227,0.10693659716734949,0.09163073790736309,0.19610755771260197,0.20898977772273453,0.1509878339419498,0.08453655645104435,0.10743191695977303,0.10314602550283943,0.18600826160424885,0.2055856391184689,0.18279058386694297,0.7196334178921149,1.3524008976283268,0.8624061929365455,1,1,0,0.001088694999452855,38,0.0,0.0,9.45458506026123e-05,0.010000000000000002,0.5906111707700268,0.5511706212970718,0.4218403088356984,0.12902224712208807,0.801230276331255,0.4405658841008471,0.7196334178921149,1.3524008976283268,0.8624061929365455,False,False,False
1790678761.2658727,APPROACH,0.010000027,0.0022911949999979697,0.08908086481883082,0.10901019187492267,0.09318558136151367,0.1980643432178097,0.2071283690694851,0.1578245360371921,0.08640486067914491,0.10949686028803761,0.10498201073139969,0.18765030108172953,0.20740050332140333,0.18440421840248772,0.7283398703494713,1.3965414840983952,0.8801108001583882,1,1,0,0.001057976999618404,38,0.0,0.0,9.83604678969933e-05,0.010000000000000002,0.590493857947338,0.5620244722832561,0.42721215796606327,0.13784601240213332,0.834517011815139,0.45289864219232484,0.7283398703494713,1.3965414840983952,0.8801108001583882,False,False,False
1790678761.2758727,APPROACH,0.009999876000000001,0.002272368999911123,0.09105331002638195,0.11110460219078266,0.09475170755540585,0.1956793549391271,0.21323398900611573,0.15307211553885314,0.08828951821707012,0.11157987811268755,0.10683406638083928,0.1892845739950424,0.20920678352895813,0.18601022072435217,0.7305325139900916,1.4086702503250903,0.8915009679094155,1,1,0,0.0010534289995121071,38,0.0,0.0,9.76440515239463e-05,0.010000000000000002,0.5903618496081173,0.5729564571044248,0.4326208088149734,0.14017066438197417,0.8357137932206654,0.458880159094442,0.7305325139900916,1.4086702503250903,0.8915009679094155,False,False,False
1790678761.2858846,APPROACH,0.01001193,0.0023981869999261107,0.09301275631458861,0.11325869662580157,0.09627059775783131,0.19742752487985232,0.2159231091799656,0.15291659161942167,0.09019278001570752,0.11368345829728778,0.10870440446380447,0.19091286661210263,0.21100645401382312,0.1876103462005631,0.7284584882472079,1.4229700245264822,0.9023366178874959,1,1,0,0.0010674749992176658,38,0.0,0.0,9.79901433796745e-05,0.010000000000000002,0.5902146445762401,0.5839791990756513,0.43807241246519896,0.13824384367096784,0.8389908254508309,0.46426420542229685,0.7284584882472079,1.4229700245264822,0.9023366178874959,False,False,False
1790678761.2958863,APPROACH,0.01000181,0.0023269530001925887,0.09501282268138134,0.11541217105268231,0.09782617919293202,0.20235446343786306,0.21451051586987327,0.15849920011436636,0.09211035511178303,0.11580285825449559,0.11058880824456829,0.19253137773938195,0.21279531350668812,0.1892008593928211,0.7279905085808456,1.4539187469611745,0.9169618628624724,1,1,0,0.0010823230004461948,39,0.0,0.0,8.867516994295293e-05,0.010000000000000002,0.5900522495199998,0.5950674325529438,0.44355437976249656,0.13793825906084572,0.8588513144082306,0.4734074830999758,0.7279905085808456,1.4539187469611745,0.9169618628624724,False,False,False
1790678761.305873,APPROACH,0.009986692,0.0023053620006976416,0.09704852731815894,0.11756490928596008,0.09941990156282632,0.20338973256397894,0.2173930753156133,0.15822995124858258,0.09404114177413081,0.11793686029589262,0.11248619505034334,0.19413913913536604,0.21457229185857782,0.19078080880880954,0.7271842550265218,1.4709877295622842,0.9286219162710811,1,1,0,0.0010730249996413477,39,0.0,0.0,8.94321914841212e-05,0.010000000000000002,0.5898744882697553,0.6062144374636721,0.44906330168647773,0.1373097667567665,0.8647732920986121,0.47955861458460347,0.7271842550265218,1.4709877295622842,0.9286219162710811,False,False,False
1790678761.315873,APPROACH,0.010000097000000001,0.0023183869998320006,0.09908348832780245,0.11975866493091214,0.10099422586869622,0.2036930065581885,0.2208907962394734,0.15717263179401508,0.09599056632845583,0.12009146186819716,0.11440189733913612,0.19574055624407813,0.21634225818668798,0.1923545236846509,0.7263579890732366,1.4847096671488003,0.939404978288017,1,1,0,0.0010760209997897618,39,0.0,0.0,8.953951850585189e-05,0.010000000000000002,0.5896805402839395,0.617451124737964,0.45461435900965774,0.13667744878929708,0.8672585424108363,0.4847906192783592,0.7263579890732366,1.4847096671488003,0.939404978288017,False,False,False
1790678761.3259053,APPROACH,0.010032307,0.002306072999999742,0.10113350089006978,0.1219713894064105,0.10258051213141517,0.20659102086277453,0.22098922954858852,0.16088739849758904,0.09796231807604999,0.1222707405718203,0.11633954059258594,0.19733839418073365,0.21810826863472904,0.1939247213030095,0.727405200096432,1.51255210808679,0.9535065052500176,1,1,0,0.001069569000719639,39,0.0,0.0,9.1386307228184e-05,0.010000000000000002,0.5894696115168163,0.6287982077095037,0.4602176708962202,0.1379355885796157,0.8837539003772864,0.49328883435379733,0.727405200096432,1.51255210808679,0.9535065052500176,False,False,False
1790678761.3358738,APPROACH,0.009968528,0.0032117430000653258,0.10321343238110448,0.12418492066336206,0.10420400821876541,0.20858761325023267,0.22250265676178616,0.16257161003166537,0.09993736808193424,0.12445366467556007,0.11828042504915968,0.19891722132521777,0.21985326740390704,0.19547623698879793,0.7249411419788165,1.5271448854170966,0.9630414931032196,1,1,0,0.0018851889999496052,70,0.0,1.4218641916530217e-05,4.6009027600169017e-05,0.10000000000000002,0.5892434788504891,0.6401458308068265,0.4658189006126625,0.13569766312832748,0.8869990546102701,0.49722259249055717,0.7249411419788165,1.5271448854170966,0.9630414931032196,False,False,False
1790678761.3458893,APPROACH,0.010016618000000001,0.0027100859997517546,0.10530880885635874,0.12642028442194064,0.10583366891143076,0.2100276385313808,0.22461994636799593,0.16319103727259393,0.1019377535323769,0.126664590780485,0.12024620668322125,0.2004945927601073,0.2215966572499932,0.19702632214669238,0.7226677138618081,1.5411283113215895,0.9730269017235174,1,1,0,0.0016102789995784406,70,0.0,1.381364657970785e-05,6.903504870926295e-05,0.10000000000000002,0.5889993229187461,0.6516202104953279,0.4714802527744664,0.133668390943062,0.8895081008262616,0.5015466489490509,0.7226677138618081,1.5411283113215895,0.9730269017235174,False,False,False
1790678761.3558674,APPROACH,0.009976983,0.0026325090002501383,0.10741810857856215,0.12867315064161922,0.1074746608191024,0.21165850056945554,0.2257276972223713,0.16522240435840319,0.10394588397037968,0.12888407703324306,0.12221959932760004,0.20205650145229034,0.22332295689903958,0.19856121204528424,0.721423052421801,1.5583496780810902,0.9833925306991513,1,1,0,0.0015459989999726531,70,0.0,5.078274989955833e-05,7.508426673713959e-05,0.10000000000000002,0.5887389407931208,0.6631199780385552,0.47715160683888264,0.13268411162868016,0.8952297000425351,0.5062409238602688,0.721423052421801,1.5583496780810902,0.9833925306991513,False,False,False
1790678761.365864,APPROACH,0.00999642,0.002585801999885007,0.10954532520562044,0.13093297589815478,0.10914116630997928,0.2133609430411657,0.22644427765414216,0.16766581263085534,0.10597350846929693,0.13112510909766317,0.12421214881343176,0.2036120436070864,0.22504221993236584,0.20008984553850923,0.7215459254151678,1.5800604161901863,0.9952583050876138,1,1,0,0.0015167829997153603,69,0.0,5.255564101158683e-05,6.773086372088705e-05,0.10000000000000002,0.588460521924492,0.6747120214995626,0.4828658526184756,0.13308540349067577,0.9053483946906239,0.5123924524691382,0.7215459254151678,1.5800604161901863,0.9952583050876138,False,False,False
1790678761.375814,APPROACH,0.009950053,0.0030667190003441647,0.11168668078423138,0.1332039588577718,0.11082552616556818,0.21439028867017945,0.2281745243204895,0.1684999338727287,0.10800712260859702,0.1333727612123734,0.12621058432740703,0.20515084107909884,0.22674297590432713,0.2016020240080902,0.7207155173164462,1.597551750982115,1.0062993520242667,1,1,0,0.0017744499991749763,68,0.0,9.056875482205129e-05,5.009660071366441e-05,0.10000000000000002,0.5881656508240253,0.6863187591429798,0.48858465104522547,0.13254986649242093,0.9112329918391353,0.5177147009790413,0.7207155173164462,1.597551750982115,1.0062993520242667,False,False,False
1790678761.3858714,APPROACH,0.010057505000000001,0.0029509809992305236,0.11383885172770647,0.13549333868065627,0.11251535560619352,0.21581070343928216,0.22966067345263463,0.16944919721447782,0.1100782089014305,0.1356618294263841,0.1282458437800829,0.2066964167962871,0.22845122353205982,0.2031208634688691,0.7217006721111772,1.6219715011947438,1.0202727809623702,1,1,0,0.0017218610000782064,66,0.0,4.692306009357328e-05,7.036416328782825e-05,0.10000000000000002,0.5878492804459371,0.6981192293349491,0.4943960825017533,0.1338513916652401,0.9238522718597947,0.5258766984606168,0.7217006721111772,1.6219715011947438,1.0202727809623702,False,False,False
1790678761.3959043,APPROACH,0.010032899000000001,0.002853185999811103,0.11600809025121972,0.13779524580521763,0.11421737657152242,0.21763193422505317,0.23099205483654384,0.17053250604791337,0.11215966563317731,0.13796235956844868,0.13029129427786387,0.20822817896288115,0.23014420373240554,0.2046261283337853,0.7211246478628062,1.6438803832827502,1.0333025238856957,1,1,0,0.0016031459999794606,59,0.0,1.4572882616636917e-05,7.480458648744528e-05,0.10000000000000002,0.5875150123094492,0.7099582926122775,0.500223598352645,0.13360963555335695,0.9339220906704726,0.5330789255330507,0.7211246478628062,1.6438803832827502,1.0333025238856957,False,False,False
1790678761.4059074,APPROACH,0.010002962,0.0031724689997645328,0.11819540679605645,0.14011227958896288,0.11592758892958788,0.21929758763288607,0.23267965790918532,0.17110971360424132,0.11425016017372022,0.14027287874907293,0.1323456262432338,0.2097452216078621,0.2318209151808569,0.20611692830382697,0.7197357917530482,1.664018586415177,1.04608450541155,1,1,0,0.0018718330002229777,70,0.0,4.7383931248090594e-05,4.8968088015788345e-05,0.10000000000000002,0.5871628511722606,0.7218280567065477,0.5060632243986888,0.13257294058078764,0.9421905297086294,0.5400212810128613,0.7197357917530482,1.664018586415177,1.04608450541155,False,False,False
1790678761.4158764,APPROACH,0.009969019,0.003141691000564606,0.12039820830358927,0.14244649573053358,0.11764336086612914,0.22081532422306702,0.23425171831149885,0.17190685484066903,0.11634860779633419,0.14259218807399737,0.13440777371369345,0.21124686390036032,0.233480605389066,0.20759259432552787,0.7183977069470413,1.6835246720155688,1.0583802144242833,1,1,0,0.0018714829993768944,70,0.0,3.4190910185416534e-05,6.867395886572815e-05,0.10000000000000002,0.586792796849992,0.733722080066849,0.5119117063383911,0.13160491009704933,0.9498025919487199,0.5464685080858921,0.7183977069470413,1.6835246720155688,1.0583802144242833,False,False,False
1790678761.4259048,APPROACH,0.010028440000000001,0.0031319619993155356,0.12261635828333972,0.14479417912322567,0.11937056309491911,0.22238344746517938,0.23539863005468126,0.17334106438312324,0.11847461497779599,0.1449419576025208,0.13649700400192405,0.21274696021119885,0.23513858690097944,0.20906674110884774,0.7189122143368949,1.7084221466309688,1.0724603099191898,1,1,0,0.0018674149996513734,70,0.0,2.0026187247945693e-05,8.806903267963852e-05,0.10000000000000002,0.5864009862612201,0.7457509248347574,0.5178232812396126,0.1325112280756749,0.9626712217962116,0.5546370286795772,0.7189122143368949,1.7084221466309688,1.0724603099191898,False,False,False
1790678761.4359188,APPROACH,0.010014043,0.0033729570004652487,0.12484965234529,0.14715368882356383,0.1211115902365485,0.22372655900767752,0.23691545503139877,0.17424861689170118,0.12061252794569252,0.14730488600201203,0.13859793412345792,0.2142342296150156,0.2367823914733567,0.2105282828723502,0.7193766218200105,1.7323887050281783,1.0863662282746638,1,1,0,0.0021277060004649684,81,0.0,8.791405643959749e-05,3.940674083380836e-05,0.10000000000000002,0.5859898474741045,0.7578253858063593,0.5237539694969435,0.13338677434590598,0.9745633192218189,0.5626122587777203,0.7193766218200105,1.7323887050281783,1.0863662282746638,False,False,False
1790678761.4459481,APPROACH,0.010029272,0.0036733339993588743,0.12709693716253678,0.14953022362723267,0.12285849343104527,0.22528273333830467,0.23865221554397117,0.1747422107201584,0.1227685654691503,0.1496878465673149,0.14071667527158163,0.215712903780933,0.23841669615867692,0.21198137808331494,0.718772444900968,1.7551151285510984,1.1003103015403513,1,1,0,0.0021588250001514098,81,0.0,9.489904587478559e-05,4.3147937173254615e-05,0.10000000000000002,0.5855578365919949,0.7699800816637152,0.5297206541223695,0.1332146083089731,0.9851350468873832,0.5705896474179817,0.718772444900968,1.7551151285510984,1.1003103015403513,False,False,False
1790678761.4559267,APPROACH,0.009978497000000001,0.0034932039998238906,0.12936094043364932,0.15192401210653284,0.1246105230760195,0.22704410904022662,0.24026075453941734,0.1754507737000746,0.12492835068662267,0.1520749492715882,0.1428390992839565,0.2171731451735724,0.24003062802054081,0.2134163593817001,0.7168192828646396,1.7750556048901753,1.1131116737851658,1,1,0,0.0021404709996204474,81,0.0,9.994465016638365e-05,4.5979484903235784e-05,0.10000000000000002,0.5851075823658969,0.7821335775771634,0.5356832559856702,0.13171170049874265,0.9929220273130119,0.5774284177994955,0.7168192828646396,1.7750556048901753,1.1131116737851658,False,False,False
1790678761.4658172,APPROACH,0.00989066,0.003414275000068301,0.13164294318813585,0.1543320345787862,0.12637273120631498,0.22879159793778897,0.24150347150884988,0.1767695156983783,0.12708344919954692,0.15445687199545863,0.1449569176650902,0.21860959856106627,0.24161826818869706,0.21482796417351466,0.7139077431627991,1.7921903692356884,1.1243355670642254,1,1,0,0.002152684000066074,82,0.0,1.8113255656482252e-06,4.619026768524771e-05,0.10000000000000002,0.5846408663067617,0.794238375343418,0.5416184237825826,0.12926687685603738,0.9979519938922705,0.5827171432816428,0.7139077431627991,1.7921903692356884,1.1243355670642254,False,False,False
1790678761.475908,APPROACH,0.010090578000000001,0.002918848999797774,0.1339391303526405,0.15675196232501065,0.1281497366508777,0.2298585576553962,0.24267363467297626,0.178325538947592,0.12929669253615594,0.15690305928820125,0.14713187504735492,0.22006370719801688,0.24322542182207282,0.2162569188041411,0.716510332715184,1.8223156751799854,1.1404575704798914,1,1,0,0.0017915819998961524,82,0.0,7.320077096695243e-07,5.001752444171449e-05,0.10000000000000002,0.5841434379566929,0.8066464938592594,0.5476985719629027,0.13236689475849114,1.015669181320726,0.5927589985169887,0.716510332715184,1.8223156751799854,1.1404575704798914,False,False,False
1790678761.4858766,APPROACH,0.009968888,0.0031530320002275403,0.13624420834196993,0.15918536995552302,0.12993967974967102,0.23070765411975175,0.24451408234697758,0.17890317619213258,0.1314975959708037,0.15933560790377177,0.1492947059903695,0.22148883495249164,0.24480054433384876,0.21765739388024105,0.7138585531753786,1.8365215291183963,1.150615083564261,0,1,1,0.002102258000377333,100,0.0,3.4562030243379116e-05,0.00022887964499613,0.1,0.5836305847794377,0.8189619898300082,0.5537295134097817,0.1302279683959409,1.017559539288388,0.5968855701544792,0.7138585531753786,1.8365215291183963,1.150615083564261,False,False,False
1790678761.4958873,APPROACH,0.010010236,0.0032285950001096353,0.13856042876051777,0.16163711683465198,0.1317350030870692,0.23234106260102794,0.24561234792037054,0.18040821312793626,0.13372186568603472,0.1617939821019594,0.15148049901062613,0.22290827033517369,0.24636937535145662,0.21905227505446478,0.713904383385491,1.8620510357678017,1.1651584452275525,0,1,1,0.002141531999768631,100,0.0,3.13494943653958e-05,0.00021908730320747974,0.1,0.5830938584068972,0.8313844215966536,0.5598088900909239,0.13081052497859386,1.0306666141711482,0.6053495551366286,0.713904383385491,1.8620510357678017,1.1651584452275525,False,False,False
1790678761.50588,APPROACH,0.009992943,0.0033665149994703825,0.14089576884475008,0.1640953716133673,0.13355119421503403,0.23407499438523624,0.2465345936058187,0.18211426184796697,0.13595640636495,0.16426370828319972,0.1536763853215384,0.22431350141726808,0.24792250706523053,0.22043319764225022,0.7136780071690683,1.8875115852455968,1.1795121244885056,0,1,1,0.0022397880002245074,100,0.0,4.3841937797495234e-05,0.00023014389335542786,0.1,0.5825360073909219,0.8438400422535,0.5659004675565805,0.13114199977814636,1.0436715429920969,0.6136116569319251,0.7136780071690683,1.8875115852455968,1.1795121244885056,False,False,False
1790678761.515849,APPROACH,0.009968969000000001,0.0032435129996883916,0.1432445390173953,0.16656857477274567,0.13537652161660318,0.2349829610946705,0.24862258359553696,0.1822050386943152,0.1381995190751109,0.1667429087023421,0.15588069537977675,0.22570350897014033,0.2494588129726785,0.22179916004616515,0.712499219509559,1.9081077395333144,1.1928060996686856,0,1,1,0.002165386999877228,100,0.0,5.1024833141677384e-05,0.00023803069501293907,0.1,0.5819572266217814,0.8563190035140055,0.5719993236655563,0.13054199288777762,1.0517887360193088,0.6208067760031293,0.712499219509559,1.9081077395333144,1.1928060996686856,False,False,False
1790678761.525811,APPROACH,0.009961844000000001,0.0029017280003245105,0.14560155321158152,0.16906385708445182,0.1372011778103115,0.23619580320067463,0.2503250295716688,0.18285620998283286,0.14045481114353903,0.1692355703577318,0.15809697411074816,0.22708054762835184,0.2509807850087463,0.22315237789880746,0.7133124338316186,1.9362793294393934,1.2091169488665585,1,1,0,0.001795028999367787,80,0.0,5.7031355347403334e-05,2.488648231465135e-05,0.010000000000000002,0.5813563301659989,0.8688409584761517,0.5781149510590253,0.13195610366561966,1.0674383709632418,0.6310019978075332,0.7133124338316186,1.9362793294393934,1.2091169488665585,False,False,False
1790678761.5358386,APPROACH,0.0100277,0.0024271709999084123,0.1479728679075656,0.17157341235250545,0.13903707540025678,0.23767755987869088,0.2518310160543557,0.18395331394848274,0.14273880561367225,0.17175995534383748,0.16034145873279562,0.22845444958013247,0.2524992901998968,0.22450251330556822,0.7125436664999902,1.9601404324449079,1.2233987944439075,1,1,0,0.0013051229998382041,57,0.0,8.707920130435198e-05,6.170695779161075e-05,0.010000000000000002,0.5807284026001674,0.881496890620705,0.5842916132435977,0.13181526389982284,1.0786435418242029,0.6391071812003097,0.7125436664999902,1.9601404324449079,1.2233987944439075,False,False,False
1790678761.5458686,APPROACH,0.010030073,0.0028092530001231353,0.1503574429041361,0.17410028616034534,0.14088187579228073,0.23890770729975766,0.25365243853916175,0.18477365066326262,0.14503706031910107,0.17430010145561547,0.16259995690839865,0.22981624289006308,0.2540044123141231,0.2258407495327199,0.7117119413636572,1.9827241075046298,1.2372503114154059,1,1,0,0.001740405000418832,79,0.0,6.333788548595898e-05,3.091698828992435e-05,0.010000000000000002,0.5800768699967119,0.8942059705906414,0.5904896800583065,0.1316350713669453,1.0885181369139885,0.6467606313570993,0.7117119413636572,1.9827241075046298,1.2372503114154059,False,False,False
1790678761.555844,APPROACH,0.009975280000000001,0.0032552149996263324,0.15275745123266748,0.17664242409222375,0.1427385875452858,0.2407654580359184,0.25485053673848657,0.18640530285572238,0.1473362448824425,0.17684127529289126,0.16485936885669808,0.2311581172609891,0.2554875190201599,0.22715941139011372,0.7065095006404161,1.99430881823143,1.2461271469896704,0,1,1,0.002176068000153464,100,0.0,5.1220108378435825e-05,0.00029488257557188925,0.1,0.5794053200391224,0.9068941392197595,0.5966729315273652,0.12710418060129366,1.0874146790116705,0.6494542154623052,0.7065095006404161,1.99430881823143,1.2461271469896704,False,False,False
1790678761.5659142,APPROACH,0.010070129,0.002996125000208849,0.15517850431571922,0.17919167313839957,0.1446177740347938,0.24280377074714227,0.25510294796950655,0.1892311922675166,0.1496708041408898,0.17942154701345048,0.16715354356831102,0.23249998098750185,0.2569706139614586,0.22847806278722743,0.7104344712860686,2.0347642802004944,1.266226045291213,1,1,0,0.0019036129997402895,86,0.0,4.143101205322797e-05,3.573736193363542e-05,0.10000000000000002,0.5787032251361,0.9197507701835311,0.6029334853986413,0.13173124614996873,1.1150135100169631,0.6632925598925719,0.7104344712860686,2.0347642802004944,1.266226045291213,False,False,False
1790678761.5758257,APPROACH,0.009911620000000001,0.0032571380006629624,0.15761338974587247,0.18174956614647808,0.14651656627567622,0.2431668467739084,0.2577145916053569,0.18878995583331337,0.15198174859904837,0.18197571847497743,0.1694245119820131,0.23380805314926537,0.25841636077436836,0.2297635071654861,0.7045599144584692,2.04062921378065,1.273674830208682,0,1,1,0.0021798839998155017,100,0.0,4.965350836783067e-05,0.0003130383932394537,0.1,0.5779881759262875,0.932450708006064,0.6091129127651239,0.12657173853218173,1.1081785057745863,0.664561917443558,0.7045599144584692,2.04062921378065,1.273674830208682,False,False,False
1790678761.585806,APPROACH,0.009980230000000001,0.0032363690006604884,0.16004923394615567,0.184338982668228,0.14840350482206421,0.24408459202940713,0.25938695664320577,0.18961904891333792,0.15432172606009617,0.18456197866419333,0.17172401116904623,0.23511234003702458,0.2598579239130225,0.23104523174958416,0.7034412900627424,2.0625632192375845,1.2872497592017966,0,1,1,0.002164625999284908,100,0.0,4.693531771660098e-05,0.00029266850770207634,0.1,0.5772438136893028,0.9452830914881554,0.6153518247779736,0.12619747637343956,1.1172801277494293,0.671897934423823,0.7034412900627424,2.0625632192375845,1.2872497592017966,False,False,False
1790678761.5958152,APPROACH,0.010009404000000001,0.003218525999727717,0.16250292053118542,0.18692989332626375,0.15031945868671048,0.24626581792519306,0.25897422912931634,0.19328595393892745,0.15668155262932484,0.1871701770810777,0.17404301610298717,0.2364073599888258,0.26128924477031146,0.23231784970250458,0.7041791298520805,2.0936610097643817,1.3027904797799865,0,1,1,0.002148115000636608,100,0.0,4.7188405850107085e-05,0.00030419297288072634,0.1,0.5764724214188341,0.9581966024364121,0.621625055360035,0.12770670843324636,1.1354644073279696,0.6811654244199515,0.7041791298520805,2.0936610097643817,1.3027904797799865,False,False,False
1790678761.6059146,APPROACH,0.010099134000000001,0.003258331000324688,0.16497447280378807,0.18952274794801305,0.15226331845801866,0.24694471809656482,0.2607757636976109,0.1937909389461125,0.15907560380631192,0.18981620224715542,0.17639565360776568,0.2377005739498286,0.26271856955619294,0.23358869290569262,0.7058584639938327,2.1236609248042773,1.3196178096112758,0,1,1,0.0021619720000671805,100,0.0,4.7036237505460043e-05,0.0003145779264780435,0.1,0.5756685847569519,0.9712688422267449,0.6279700634033187,0.13018987923688075,1.1523920825775325,0.691647746207957,0.7058584639938327,2.1236609248042773,1.3196178096112758,False,False,False
1790678761.6159232,APPROACH,0.010008623000000001,0.003256998000324529,0.1674455303248914,0.19214659692710523,0.15419377654438016,0.24703805649303173,0.26416117142089385,0.19204524954364177,0.16146101687592082,0.1924526801446828,0.1787398024321085,0.23896876624784688,0.2641202391479873,0.23483494728499285,0.703439482830704,2.140731471040359,1.3327902933417026,0,1,1,0.002160248000109277,100,0.0,4.5958790394984295e-05,0.0003208891058248231,0.1,0.5748463551378556,0.984265201149051,0.6342728267856627,0.12859312769284834,1.156466269891308,0.69851746655604,0.703439482830704,2.140731471040359,1.3327902933417026,False,False,False
1790678761.6258364,APPROACH,0.009913363000000001,0.0032861340005183592,0.16992646650351784,0.19479598945547583,0.15611860856213688,0.24933621603098233,0.26501336144121335,0.19390189180145434,0.16383617220822042,0.195077820677609,0.18107387096337318,0.24021157507976024,0.2654938536627802,0.23605625729596308,0.698482451053998,2.1576561335601467,1.3441646286817033,0,1,1,0.002180575999773282,100,0.0,4.5475016678175884e-05,0.0003249912473142269,0.1,0.5740065438060004,0.9971770868211937,0.6405291821741157,0.12447590724799758,1.160479046738953,0.7036354465075875,0.698482451053998,2.1576561335601467,1.3441646286817033,False,False,False
1790678761.6359174,APPROACH,0.01008095,0.0032620779993521865,0.17243683356853357,0.19744157716477062,0.15807977171586796,0.2518407674524078,0.26453816509961214,0.1977117363657313,0.16626404585385798,0.1977612281286138,0.18345974585631458,0.24146167338789892,0.26687552487148386,0.2372847306856124,0.6990875997853802,2.1909649215246843,1.360738552699721,0,1,1,0.002162071999919135,100,0.0,4.684904058349648e-05,0.0003375134425122328,0.1,0.5731263137163763,1.010345965865195,0.6469043749107165,0.12596128606900384,1.1806189556594893,0.7138341777890045,0.6990875997853802,2.1909649215246843,1.360738552699721,False,False,False
1790678761.6458256,APPROACH,0.009908184,0.0034516350006015273,0.17496032675405715,0.20009300807013108,0.16006449730755445,0.2517346361526258,0.2669856679132808,0.19746633871583608,0.16866252327423387,0.20041214540038688,0.18581673303678167,0.24267673727560235,0.26821847428549833,0.23847877570035206,0.6968224749774133,2.208050165286425,1.3726269798304451,0,1,1,0.002225700999588298,100,0.0,4.596621502628295e-05,0.00034109477459441374,0.1,0.5722351218993376,1.0233259052796055,0.6531823802923473,0.12458735307807581,1.1847242600068195,0.7194445995380978,0.6968224749774133,2.208050165286425,1.3726269798304451,False,False,False
1790678761.6558814,APPROACH,0.010056002000000001,0.003551884999978938,0.1774769610520277,0.20277774247093738,0.16203414674094496,0.25168122152481076,0.2695195518864723,0.1970215630069525,0.171109023308592,0.2031161396683242,0.1882209121084741,0.24389600300136685,0.2695660677812101,0.23967694986734484,0.700188858323872,2.2420599225129267,1.3918926942794188,1,1,0,0.0021713890000683023,82,0.0,3.106094594862441e-07,6.488197681293607e-05,0.10000000000000002,0.5713039488963149,1.0365354113512033,0.6595654866245502,0.1288849094275571,1.2055245111617237,0.7323272076548686,0.700188858323872,2.2420599225129267,1.3918926942794188,False,False,False
1790678761.6658146,APPROACH,0.00993311,0.0032790100003694533,0.18000474492706964,0.20547651458856908,0.16401433846776658,0.25382620619977914,0.27033797930841896,0.19888115010253804,0.17353759314213693,0.20580031658104345,0.19060747114626458,0.24508647052743882,0.27088183206547617,0.2408468240024427,0.6918120258498841,2.248561456082208,1.398768318138242,0,1,1,0.0021497980005733552,100,0.0,5.0271799037826526e-05,0.000386609100483637,0.1,0.5703574880900375,1.0496177018809867,0.6658811165217937,0.12145453775984663,1.1989437542012216,0.7328872016164484,0.6918120258498841,2.248561456082208,1.398768318138242,False,False,False
1790678761.6758065,APPROACH,0.009991832,0.0033791389996622456,0.1825570870384201,0.2081800281093118,0.16601865036541508,0.2558837802778185,0.27041346991083426,0.20186134494788943,0.17599238016928676,0.20851347004811932,0.193019793857588,0.24626991631828785,0.27218983557658577,0.24200979786832624,0.6902725079915858,2.2755485286652286,1.4132552251039487,0,1,1,0.002224979999482457,100,0.0,4.682817813705942e-05,0.00036270236261771175,0.1,0.5693784204249891,1.0628103119497476,0.6722438480333144,0.12089408756659673,1.212738216715481,0.7410113770706345,0.6902725079915858,2.2755485286652286,1.4132552251039487,False,False,False
1790678761.6858249,APPROACH,0.010018331,0.003201524000360223,0.18512141257834536,0.2108865189011775,0.1680493480993599,0.25611482409891134,0.2717281375361538,0.20306056864203736,0.17846547796026502,0.21124686148770216,0.19545011058263093,0.24744222035117946,0.273485524659235,0.24316182271278045,0.6912185148754263,2.3032200686012203,1.428509810766303,0,1,1,0.0021257019998301985,100,0.0,4.7646181666083365e-05,0.0003732552979765436,0.1,0.568369286944406,1.0760697792691176,0.678632486031837,0.12284922793102024,1.2271502893321025,0.749877324734466,0.6912185148754263,2.3032200686012203,1.428509810766303,False,False,False
1790678761.6958556,APPROACH,0.010030926,0.0031875369995759684,0.18768232557291942,0.21361517190610613,0.1700789725072891,0.25589575696043637,0.2742205859556871,0.20249480423274913,0.18095337927121255,0.21399661451836618,0.19789497474785273,0.24860154968035247,0.2747668734500426,0.24430109729739258,0.6909750571608907,2.326399418142649,1.443152630709487,0,1,1,0.0021305820000634412,100,0.0,4.7902560963763996e-05,0.00038031414826592,0.1,0.5673310595550977,1.0893765340993031,0.6850374076344353,0.123643997605793,1.2370228840433457,0.7581152230750517,0.6909750571608907,2.326399418142649,1.443152630709487,False,False,False
1790678761.7058177,APPROACH,0.009961915,0.0032952699993984425,0.19024783768639963,0.21636507604752087,0.17210737620007155,0.25730443916159496,0.27547397367380344,0.2035538216935074,0.18343560174005194,0.21674009100854652,0.20033425830683865,0.24973847506271318,0.2760234602776746,0.24541835549153138,0.6875269168920256,2.346492812359006,1.4560100125231985,0,1,1,0.0022129070002847584,100,0.0,4.795719243294583e-05,0.0003869481493795401,0.1,0.5662721584446809,1.1026207171981188,0.6914056329338459,0.12125475844734465,1.243872095160887,0.7646043795893525,0.6875269168920256,2.346492812359006,1.4560100125231985,False,False,False
1790678761.715844,APPROACH,0.010026176000000001,0.003318164000120305,0.19283361153873457,0.21912019369135738,0.17415648559254748,0.25934037044460995,0.27574453315132325,0.20598069578794254,0.18594519886374403,0.21951382333717723,0.20280044297817584,0.2508680985676818,0.27727197670500575,0.2465284381203468,0.6856940162569288,2.373715141131918,1.4709583515300948,0,1,1,0.00221171500015771,100,0.0,4.887652884777438e-05,0.00039597059198295814,0.1,0.5651781797437009,1.1159781315454211,0.6978215402477693,0.12051583651322793,1.2577370095864968,0.7731368112823254,0.6856940162569288,2.373715141131918,1.4709583515300948,False,False,False
1790678761.725827,APPROACH,0.009982894,0.0032853310003702063,0.19543447671755843,0.22188177333354808,0.17622476100163453,0.2600817282322153,0.2772570551159315,0.20669570861449027,0.18845514147519896,0.22228793751617268,0.20526696716083015,0.2519781418075342,0.2784988520434772,0.24761927919471738,0.6835987411179106,2.3961812945409644,1.484710882398598,0,1,1,0.002196776999880967,100,0.0,4.945235277736826e-05,0.00040281532782882604,0.1,0.5640605173805552,1.1293042327254181,0.7042155218570277,0.11953822373735547,1.2668770618155465,0.7804953605415702,0.6835987411179106,2.3961812945409644,1.484710882398598,False,False,False
1790678761.735807,APPROACH,0.009980109000000001,0.0033208189997822046,0.19803754367996262,0.22466438864663107,0.1782919188187977,0.2602902650927279,0.2793105643813425,0.20664342608165392,0.190975387012401,0.22507343900429214,0.2077436160433048,0.2530730956400222,0.2797090498138118,0.24869529188695827,0.681388919618448,2.4164444149516306,1.498002563339905,0,1,1,0.0021925380005995976,100,0.0,5.0112547032465926e-05,0.0004092944893642925,0.1,0.5629145874934236,1.1426515390298189,0.7106126653437945,0.11847433212502446,1.2737928759218116,0.7873898979961104,0.681388919618448,2.4164444149516306,1.498002563339905,False,False,False
1790678761.7458076,APPROACH,0.010000648000000001,0.0032406969994553947,0.2006463159548515,0.22746246879471865,0.18036545298127393,0.2614016389454939,0.28012235256383183,0.2082891505365414,0.19351170617505847,0.22787670586763584,0.2102360605004304,0.254155367209574,0.2809052305124919,0.24975884170133084,0.6797749658539193,2.441383107788689,1.5122738898987231,0,1,1,0.00215708099949552,100,0.0,5.09741269356101e-05,0.000417357411398861,0.1,0.5617373938067923,1.156049944845925,0.717027120108787,0.11803757204712699,1.285333162942764,0.795246769789936,0.6797749658539193,2.441383107788689,1.5122738898987231,False,False,False
1790678761.7558186,APPROACH,0.010010988,0.0032706540005165152,0.20326899924093045,0.23026481595848658,0.1824605824199823,0.26270022357127426,0.28072318204110575,0.21017327069525593,0.19606141253964893,0.23069476893649032,0.2127416605799814,0.25522367258243284,0.282085975071678,0.25080866691430187,0.6783631850283635,2.4680477098677773,1.5270739795610466,0,1,1,0.0021972970007482218,100,0.0,5.185676944052808e-05,0.00042579085828839966,0.1,0.5605297653722776,1.1694845216674892,0.7234515448606013,0.11783341965608589,1.298563188200288,0.8036224347004455,0.6783631850283635,2.4680477098677773,1.5270739795610466,False,False,False
1790678761.7658224,APPROACH,0.010003854000000001,0.0032625989997541183,0.20590118254794643,0.2330782074540485,0.18456718842098052,0.2632743198514488,0.2823981772131026,0.21049446098811386,0.19861990941588198,0.23352254771871495,0.21525589910785606,0.2562760305802396,0.2832490937939036,0.2518428206190734,0.6758061416296745,2.489776795952806,1.540829012667999,0,1,1,0.002176758999667072,100,0.0,0.0015931211054720507,0.00018573200137204373,0.1,0.5592935638450148,1.1829304529485158,0.7298739069854931,0.1165125777846596,1.3068463430042898,0.8109551056825058,0.6758061416296745,2.489776795952806,1.540829012667999,False,False,False
1790678761.7758067,APPROACH,0.009984217,0.003272025999649486,0.20853759170163944,0.23591049473951387,0.18667381576266262,0.2638485639201288,0.28399520428042513,0.21090405300153037,0.20118380470924366,0.23635629310170256,0.2177754426679394,0.25731107982244217,0.28439308201325497,0.25285996498503593,0.6701977534246717,2.5015065526766334,1.550246457009771,0,1,1,0.0021833020000485703,100,0.0,0.0003973731326277208,0.00015501504562091264,0.1,0.558030226519242,1.196369474749911,0.7362853510416699,0.11216752690542976,1.3051370779267224,0.8139611059681011,0.6701977534246717,2.5015065526766334,1.550246457009771,False,False,False
1790678761.7858236,APPROACH,0.010016868,0.003306010999949649,0.21118307147981064,0.2387515100886004,0.18879439449116475,0.26507985218455704,0.2839644275471798,0.2135038957867076,0.20376639251366757,0.2392106983833437,0.2203133553852932,0.258334105404608,0.28552378108183496,0.2538652936831384,0.6678269363705068,2.525384998850408,1.5633329168698478,0,1,1,0.0021971879996272037,100,0.0,8.63855395644153e-05,0.00016081709913167986,0.1,0.556732858360844,1.209870623036414,0.7427186345728144,0.11109407800966287,1.315514375813994,0.8206142822970334,0.6678269363705068,2.525384998850408,1.5633329168698478,False,False,False
1790678761.7958653,APPROACH,0.010041836,0.0032985070001814165,0.21370743398623393,0.24144692274831758,0.19083683047473432,0.26582966826287796,0.2840676260239112,0.21563488840425427,0.20636562536838274,0.24208350060753334,0.22286762521729872,0.2593440849146953,0.28664006097869044,0.2548578019876099,0.6746787145833045,2.5709491525181765,1.5849270509204554,0,1,1,0.002206384000601247,100,0.0,2.2184253219426076e-05,0.00029232013668231693,0.1,0.5554019795658828,1.223422304844637,0.7491680016312778,0.11927673501742175,1.3475268476735391,0.8357590492891775,0.6746787145833045,2.5709491525181765,1.5849270509204554,False,False,False
1790678761.8058643,APPROACH,0.009999095000000001,0.003278107999904023,0.21636684682719753,0.24429839728979097,0.19298964578825917,0.2659047063693341,0.2870538218491189,0.21371586918500363,0.20896379440391402,0.2449551270455244,0.22542084963267559,0.260334147391238,0.28773432757336626,0.2558307377948217,0.6687997175632712,2.582366848156604,1.5957523825318507,0,1,1,0.0021771089996036608,100,0.0,0.00024845484337815416,0.00014593974335259664,0.1,0.5540464346476918,1.236931710753372,0.7555891402646356,0.11475328291557943,1.3454351374032323,0.840163242267215,0.6687997175632712,2.582366848156604,1.5957523825318507,False,False,False
1790678761.815866,APPROACH,0.010001540000000001,0.003299548000541108,0.21903246909634255,0.2471822535072672,0.19511867034036356,0.2672944494591871,0.2889385860046155,0.21322368746610054,0.21157242373141946,0.24783831472166867,0.22798435339188852,0.2613087609540283,0.28881151925545434,0.25678849193246367,0.6614215516976022,2.595365993591025,1.6069556747670362,0,1,1,0.0021941220002190676,100,0.0,0.00012056075380773024,0.00017337099369185428,0.1,0.5526600783191415,1.2504584087581525,0.7620102482876454,0.10876147337846066,1.3449075848328726,0.8449454264793909,0.6614215516976022,2.595365993591025,1.6069556747670362,False,False,False
1790678761.8258762,APPROACH,0.010010677,0.00380964100077108,0.2217184966902881,0.25006760103019676,0.19726779303702635,0.2695195280402653,0.28791662521905864,0.21696183957713794,0.21419311815068515,0.25073483734099855,0.2305597135339752,0.26226845184863196,0.289872217657889,0.25773158154280384,0.6576873395330952,2.620582409082507,1.620089559960761,0,1,1,0.0025263190000259783,100,0.0,1.726159057235943e-05,0.00016832758556027119,0.1,0.5512417334990781,1.2640100841175839,0.7684347948627114,0.10644560603401707,1.356572324964923,0.8516547650980496,0.6576873395330952,2.620582409082507,1.620089559960761,False,False,False
1790678761.835865,APPROACH,0.009988275000000001,0.0032435129996883916,0.22442347607402446,0.2529391444975966,0.19945945655506048,0.2705890402251233,0.28738468436010534,0.21995318130853014,0.2168174436780462,0.25363537324270663,0.233138641971164,0.2632101314378126,0.290913009064232,0.25865697141762634,0.6558730877004565,2.647180634946049,1.633639126138914,0,1,1,0.002163854999707837,100,0.0,0.0005859974112376598,2.010186380891455e-05,0.10000000000000002,0.5497957404041474,1.2775426308875366,0.7748417226308547,0.10607734729630912,1.3696380040585123,0.8587974035080593,0.6558730877004565,2.647180634946049,1.633639126138914,False,False,False
1790678761.845878,APPROACH,0.010013382000000001,0.003741022000212979,0.22712578884453727,0.25582191436840596,0.20165728182304665,0.2694122974572466,0.28981979048570894,0.21864581049254384,0.21945772711716097,0.2565535466270652,0.23573325227098402,0.26413817732643885,0.2919387318224525,0.2595689634354768,0.6542754135807148,2.6664257336963466,1.646601261184867,0,1,1,0.002509427000404685,100,0.0,7.350757966084753e-05,0.00020433486940250878,0.1,0.5483150254377909,1.291119030547298,0.7812606813202385,0.10596038814292394,1.3753067031490487,0.8653405798646284,0.6542754135807148,2.6664257336963466,1.646601261184867,False,False,False
1790678761.8560097,APPROACH,0.010131835,0.003929837999748997,0.22981660465839404,0.25873189526883866,0.20383632813552044,0.26903871814612895,0.291686900258497,0.21785435172468282,0.22213861944641108,0.2595166029889881,0.23836776898503545,0.2650607998658599,0.2929584604237312,0.26047562592033124,0.6537841882592759,2.6916441509632616,1.6620674326760614,0,1,1,0.002497985999980301,100,0.0,0.00013532474849803355,0.00016876900400575602,0.1,0.5467849332848257,1.3048646339905128,0.7877505796480416,0.10699925497445023,1.3867795169727486,0.8743168530280198,0.6537841882592759,2.6916441509632616,1.6620674326760614,False,False,False
1790678761.8658743,APPROACH,0.009864391,0.0037900940005783923,0.23251432415273499,0.2616485507674753,0.20602372212263464,0.2705359971033099,0.29155188106378876,0.2197913897588818,0.22475764759374384,0.2624112839611926,0.24094149167931805,0.2659431278223762,0.2939336534355257,0.2613426908611181,0.647972244603222,2.7099890338037724,1.6733369037739276,0,1,1,0.002498025000022608,100,0.0,0.00022387410289820275,0.00017814889789665445,0.1,0.5452642726225099,1.3182543475604709,0.7940635335725442,0.10270797198071215,1.3917346862433015,0.8792733702013834,0.647972244603222,2.7099890338037724,1.6733369037739276,False,False,False
1790678761.875873,APPROACH,0.009998725,0.00377174000004743,0.23523018687958785,0.26456003524180005,0.20823572453850847,0.27203190187545095,0.2911589180566844,0.22204132552497197,0.22742114383200646,0.2653551132928052,0.24355891322995474,0.2668213323094286,0.2949042889825182,0.26220570366258394,0.6447386554531868,2.735993872915252,1.6873814744006834,0,1,1,0.0025144359997284482,100,0.0,0.00030028822425604007,0.00017813181431345916,0.1,0.5436915726355989,1.3318320191307476,0.8004559718338019,0.10104708281758794,1.4041618537845046,0.8869255025668814,0.6447386554531868,2.735993872915252,1.6873814744006834,False,False,False
1790678761.8858747,APPROACH,0.010001900000000001,0.0038984489992799354,0.23795342579270784,0.26747328097817125,0.2104617720183004,0.27209025538872106,0.29210788857130654,0.2223170312244908,0.23009418929503703,0.26830949690550226,0.24618571881738505,0.26768347231980416,0.29585716926597444,0.26305292987991663,0.6416520599343277,2.756864464994857,1.7001777908090308,0,1,1,0.002597353000055591,100,0.0,0.0004223551648160351,0.0003939773422919235,0.1,0.5420866615788139,1.345418279565995,0.8068430934982218,0.0995653983555138,1.4114461854288622,0.8933346973108088,0.6416520599343277,2.756864464994857,1.7001777908090308,False,False,False
1790678761.8958712,APPROACH,0.009996300000000001,0.003440053000304033,0.24067244643186303,0.2704021799843721,0.21268137382506858,0.2716215946325816,0.2936680457249242,0.2216260777329045,0.2327742719296878,0.2712716583524345,0.2488194398433993,0.268528711474482,0.29679136987794574,0.26388354760225996,0.639915640077843,2.779792556199756,1.7144683852290126,0,1,1,0.0022260920004555373,100,0.0,0.00043568402644089677,0.00039415444658640335,0.1,0.540450811984211,1.3589998249129753,0.8132184828585521,0.09946482809363205,1.420792731286781,0.9012499023704604,0.639915640077843,2.779792556199756,1.7144683852290126,False,False,False
1790678761.9058633,APPROACH,0.009991861000000001,0.003159513999889896,0.24338903005315782,0.2733431339682282,0.21489893666788795,0.2717639548173337,0.2943847464338583,0.22211469424549168,0.23546152576299634,0.27424174576699084,0.2514602080165584,0.26935708860096297,0.29770693373252893,0.26469759498545437,0.6394352313426086,2.8086677884003732,1.7305821447582184,0,1,1,0.0021188399996390217,100,0.0,0.00030483931785035834,0.00019292057495682303,0.1,0.5387837425390475,1.3725768490934172,0.8195820809686698,0.10065148880356112,1.436090939306956,0.9110000637895487,0.6394352313426086,2.8086677884003732,1.7305821447582184,False,False,False
1790678761.915864,APPROACH,0.010000728,0.003246848000344471,0.2461098636704353,0.2762887845277797,0.2171251585431504,0.27232570670927403,0.2949681862732611,0.22283304022382233,0.23815936952496947,0.27722353770065816,0.254111382927714,0.270169613487749,0.2986049768985092,0.2654960643501003,0.6369793214557069,2.8336271484421545,1.7450175372938332,0,1,1,0.00217779100057669,100,0.0,0.00025746740109539035,0.00022072791738624866,0.1,0.5370830803328719,1.3861660551596207,0.8259415459782082,0.09989624112283506,1.447461093282534,0.9190759913156249,0.6369793214557069,2.8336271484421545,1.7450175372938332,False,False,False
1790678761.9258654,APPROACH,0.010001249,0.0032528809997529606,0.24883688167382978,0.27924210282427,0.21935579717236298,0.2729169633803701,0.295865874489143,0.22307103811805035,0.24086539698388432,0.2802143746657214,0.2567705999695216,0.27096550402027647,0.29948463494373156,0.2662781871111011,0.6337555436561463,2.8572247225727176,1.75932258371081,0,1,1,0.002116244999342598,100,0.0,0.00023520273422888982,0.00022955449998013355,0.1,0.5353500755667143,1.3997547260878096,0.8322907487605805,0.098405468089432,1.4574699964849083,0.9270318349502293,0.6337555436561463,2.8572247225727176,1.75932258371081,False,False,False
1790678761.9358637,APPROACH,0.009998364000000001,0.0032138970000232803,0.25156952727985615,0.28220467773612157,0.22158834817144157,0.27346737380351804,0.29671140391659734,0.22338558480979315,0.2435785166335952,0.2832130502749662,0.25943678651733565,0.2717444161818183,0.3003455276436936,0.2670436252027285,0.6305253880692098,2.880844157573664,1.7735928905152099,0,1,1,0.0021380560001489357,100,0.0,0.0002143774061443282,0.0002411933583535364,0.1,0.5335852140957796,1.4133368614562183,0.8386267257045463,0.09694017397343009,1.4675072961174458,0.9349661648106636,0.6305253880692098,2.880844157573664,1.7735928905152099,False,False,False
1790678761.9458833,APPROACH,0.010019985,0.0038215750000745174,0.25430765088823737,0.285174502986111,0.22382590124524082,0.2740135776977638,0.29733216827118203,0.22404501503039853,0.24630523197132198,0.2862267525189739,0.2621163335671461,0.27250813457888956,0.30118962743482264,0.26779413236034927,0.6280022188651874,2.9063839171492045,1.7883752153790748,0,1,1,0.00254996400053642,100,0.0,0.00019627921286535788,0.00025488132556959476,0.1,0.5317839712598099,1.4269443689215013,0.8449641692811206,0.09621824760537741,1.4794395482277032,0.9434110460979541,0.6280022188651874,2.9063839171492045,1.7883752153790748,False,False,False
1790678761.9558806,APPROACH,0.009997281,0.003968420999626687,0.25705329458227855,0.28814836391737675,0.22607225581997348,0.2749091073838326,0.29767289236212774,0.2249450313433165,0.24903331082855434,0.2892419617929736,0.2647972205495186,0.2732532080844091,0.3020131199587643,0.26852631715646047,0.6246321648754646,2.931797604353155,1.803035082338269,0,1,1,0.0026314970000385074,100,0.0,0.00018013458882509825,0.00026728442882517633,0.1,0.5299542210605158,1.4405156865392157,0.8512742471870809,0.09467794381494878,1.4912819178139394,0.9517608351511881,0.6246321648754646,2.931797604353155,1.803035082338269,False,False,False
1790678761.9658961,APPROACH,0.010015627000000001,0.0039056430005075526,0.2598065013187494,0.2911274521465712,0.2283250961080503,0.2754691230738113,0.29842449715424585,0.2252811773246023,0.2517737801078926,0.2922708655815375,0.2674902836173593,0.27398263330188377,0.3028193172116729,0.2692431243576005,0.6215366646816253,2.956928715495338,1.817899239325977,0,1,1,0.002592913999251323,100,0.0,0.0001675565452767258,0.0002804057129628002,0.1,0.5280883805704606,1.4541051768126225,0.857582080157443,0.09344828411116467,1.5028235386827156,0.960317159168534,0.6215366646816253,2.956928715495338,1.817899239325977,False,False,False
1790678761.975868,APPROACH,0.009971653,0.003272787999776483,0.2625632294157878,0.29411614107377293,0.23057855051227794,0.2757192235879363,0.299454376884055,0.22526894689810334,0.25450939007962575,0.29529439862016227,0.2701785714366887,0.27469186526427314,0.3036031958685321,0.26994008761817906,0.6178880500418074,2.9793961297292757,1.8318677029849266,0,1,1,0.0021378560004450264,100,0.0,0.0001558810301267033,0.0002917911484339231,0.1,0.5261981032099425,1.4676269560344553,0.8638476841080517,0.09168994683186477,1.5117691736948207,0.968020018876875,0.6178880500418074,2.9793961297292757,1.8318677029849266,False,False,False
1790678761.9858646,APPROACH,0.009996360000000001,0.003260825000324985,0.26532035456621905,0.2971156874635277,0.23283231432282214,0.27565036930248443,0.30041545827857546,0.22556694749133438,0.2572587913856673,0.29833317453162317,0.272880412019905,0.2753857682894937,0.3043701322169279,0.2706219871103477,0.6155834398201026,3.0034241651269644,1.846124169568867,0,1,1,0.0021298000001479522,100,0.0,0.00014942567571518683,0.000303885851562008,0.1,0.5242703907753915,1.4811728314050099,0.8701134712654188,0.091313049044711,1.5222513337219543,0.9760106983034483,0.6155834398201026,3.0034241651269644,1.846124169568867,False,False,False
1790678761.9958646,APPROACH,0.010000317,0.0032176639997487655,0.2680785692811529,0.30012188190394795,0.23509327378863443,0.27595728336249825,0.30086233956696196,0.22657849622563087,0.26001613578586674,0.3013807295482428,0.2755900582930745,0.2760627602982901,0.3051183776636953,0.27128726812256654,0.6133132969704659,3.0290666165219853,1.8605903710444898,0,1,1,0.0021378960000220104,100,0.0,0.00014279491890245577,0.00031627844861451535,0.1,0.5223090392680945,1.4947132989376668,0.8763655877013682,0.09100425770237143,1.5343533175843185,0.9842247833431216,0.6133132969704659,3.0290666165219853,1.8605903710444898,False,False,False
1790678762.0058646,APPROACH,0.009999646000000001,0.0033791490004659863,0.2708411697281745,0.3031319329061981,0.23736493676653314,0.27643469227196654,0.301354443962206,0.22746503686017994,0.2627799784140309,0.30443546673159927,0.2783060903841294,0.27672245304318416,0.3058475030982925,0.2719355491234854,0.6104185141082605,3.054171348597357,1.8749688534010551,0,1,1,0.002191546999711136,100,0.0,0.00013763881056744198,0.0003285049350566394,0.1,0.520314884560746,1.508240745650002,0.8826003542493321,0.09010362954751454,1.545930602947355,0.992368499151723,0.6104185141082605,3.054171348597357,1.8749688534010551,False,False,False
1790678762.0158648,APPROACH,0.010000498,0.003271936000601272,0.27360945282027327,0.3061475691841764,0.23964376124265385,0.277034861283556,0.3019900731293891,0.22802427697890337,0.26555056751737866,0.3074976604569419,0.2810287522459656,0.27736488181338975,0.3065575475241246,0.2725668647918649,0.6067574345666383,3.078398474531887,1.8892954455118036,0,1,1,0.00214260499978991,100,0.0,0.00013590925113776686,0.00034054712159956594,0.1,0.518287575517519,1.521755895840286,0.8888179469457536,0.08846985904911928,1.5566425786916012,1.00047749856605,0.6067574345666383,3.078398474531887,1.8892954455118036,False,False,False
1790678762.025873,APPROACH,0.010008112000000001,0.0038117349995445693,0.27638185070930454,0.3091714586483345,0.24192592646658273,0.27729373150938064,0.3029015445826687,0.228278030276167,0.26832961097350216,0.3105691983560526,0.28375972221232765,0.27799039596332376,0.3072488970651758,0.2731815584387887,0.6034912445784227,3.1021144215581593,1.9035409560438374,0,1,1,0.0025226220004697097,100,0.0,0.00013432151845438334,0.00035252095327428237,0.1,0.5162256620863293,1.5352665396512195,0.8950217783816378,0.08726558249209346,1.56684788190694,1.0085191776621996,0.6034912445784227,3.1021144215581593,1.9035409560438374,False,False,False
1790678762.0358758,APPROACH,0.010002771,0.00404746099957265,0.27915880112249614,0.3122022980513819,0.2442129188964639,0.2779567418671124,0.3033557966035685,0.22904627162447933,0.2711133392731065,0.3136459141786215,0.2864952959810574,0.27859811862843986,0.30792058256686866,0.27377876836821696,0.5997105558382854,3.1267165388623974,1.9178949684500521,0,1,1,0.002635173999806284,100,0.0,0.00013452492246252,0.00036458185812634494,0.1,0.5141317740420878,1.5487538590365988,0.9012030483101534,0.08557878179619761,1.5779626798257989,1.0166919201398987,0.5997105558382854,3.1267165388623974,1.9178949684500521,False,False,False
1790678762.0458748,APPROACH,0.009999246,0.003929787999368273,0.28194226972038905,0.31523676630082154,0.2465090274548416,0.2785341644571316,0.3037593615333499,0.22991315348794278,0.2739020748071034,0.31672816424721756,0.2892357903661634,0.2791881239325528,0.30857268595455273,0.2743585674217282,0.5960824980465277,3.1515530966420284,1.9322050328485298,0,1,1,0.0026235430004817317,100,0.0,0.00013678301475483767,0.0003765006798770288,0.1,0.5120055566615571,1.562219008019539,0.9073621474162886,0.08407694138497059,1.5893340886224891,1.0248428854322413,0.5960824980465277,3.1515530966420284,1.9322050328485298,False,False,False
1790678762.0558746,APPROACH,0.009999916000000001,0.003981435999776295,0.28473010208942817,0.31827649572162287,0.24881219553394285,0.27884725106185626,0.3044178862517497,0.23043771167948313,0.27669680965412485,0.3198170450567914,0.29198218028473183,0.27976060927795154,0.30920542540711615,0.274921149586833,0.5926210426276197,3.1757478742325924,1.946407587844184,0,1,1,0.0026583580001897644,100,0.0,0.00013803563779735128,0.0003881571949497564,0.1,0.5098461230929272,1.5756663349286135,0.9135009172373167,0.08277491953469246,1.6000815393039787,1.0329066706068672,0.5926210426276197,3.1757478742325924,1.946407587844184,False,False,False
1790678762.065869,APPROACH,0.009994236,0.0034161080002377275,0.28752018536609025,0.3213237923676937,0.2511192446220063,0.27904049632976596,0.3051851349176772,0.23081425311132908,0.2794955890823933,0.32291039613996214,0.294732544819058,0.2803151685418514,0.30981835205733393,0.275466115766092,0.5890752140561764,3.1991972025044957,1.9603805931738216,0,1,1,0.002202057000431523,100,0.0,0.00014194821723378936,0.0003992457343287681,0.1,0.507654870075062,1.5890860156619988,0.9196147311894278,0.08142034398111436,1.610111186842497,1.0407658619843938,0.5890752140561764,3.1991972025044957,1.9603805931738216,False,False,False
1790678762.0758772,APPROACH,0.010008402000000001,0.003773743000238028,0.29031156910133227,0.3243787918864669,0.2534304657280817,0.27913129333106873,0.3058986779429686,0.23134755580944022,0.2823038013082595,0.32601417282308237,0.29749217897703156,0.28085282638152964,0.31041259840770563,0.2759944728916724,0.5860806969521127,3.223334531219944,1.9744625116557304,0,1,1,0.0024988370005303295,100,0.0,0.00014664775528006047,0.00041058623000632123,0.1,0.50542741461364,1.6025033789997891,0.9257149631439634,0.08065328233847269,1.6208311522201548,1.048747548511767,0.5860806969521127,3.223334531219944,1.9744625116557304,False,False,False
1790678762.0858753,APPROACH,0.009997742,0.003813337999417854,0.2931056339189686,0.3274389489674405,0.25574936227915135,0.27956103956272205,0.3062768031650072,0.23226554982891073,0.28511430640591817,0.32912048370284963,0.3002540663433845,0.28137218753028964,0.3109866223396549,0.2765048498330021,0.5824478667622403,3.2476816752323634,1.9884247726602364,0,1,1,0.0024849809997249395,100,0.0,0.00015256568609012255,0.0004216381929586566,0.1,0.5031692847490847,1.6158838475828534,0.9317857377499105,0.07927858201315553,1.6317978276495102,1.056639034910326,0.5824478667622403,3.2476816752323634,1.9884247726602364,False,False,False
1790678762.0958734,APPROACH,0.009998234,0.003819660999397456,0.29590430932971756,0.33050264980205135,0.25807762699397774,0.2799956206825266,0.30669438623298284,0.2330990910537925,0.28793005386016257,0.33223258869745814,0.3030211053810281,0.2818738078294771,0.311541038196853,0.27699779281616416,0.578599393835455,3.2717631608730926,2.002315662217262,0,1,1,0.0025422290000278736,100,0.0,0.0001597913076282209,0.0004324699893098694,0.1,0.5008780421401119,1.6292411061111634,0.9378331368093231,0.07772135169534315,1.6425220547619293,1.064482525407939,0.578599393835455,3.2717631608730926,2.002315662217262,False,False,False
1790678762.1058757,APPROACH,0.010002611,0.004016030000457249,0.29870664523218604,0.3335715413871094,0.26041265182092843,0.2802935927829683,0.30729510035301755,0.23365001947548042,0.2907519634889925,0.33535150443579176,0.3057941999964223,0.2823578204466074,0.31207599316270207,0.27747343270506575,0.5747342428634514,3.2953128921512707,2.0161469888146737,0,1,1,0.002598916000351892,100,0.0,0.0001680109086285575,0.0004432576209063677,0.1,0.4985528124645478,1.6425790607200843,0.9438587746859783,0.07618143039890367,1.6527338314311864,1.0722882141286953,0.5747342428634514,3.2953128921512707,2.0161469888146737,False,False,False
1790678762.1158736,APPROACH,0.009997542,0.003904058999978588,0.3015115052861743,0.3366468515297214,0.26275252135661464,0.28052675461577825,0.3079178772695973,0.23415821933328496,0.2935771914978617,0.3384740878138061,0.308570555588612,0.2828237231850949,0.31259093218440415,0.2779312759904061,0.5707872419533921,3.3183951815816455,2.0297881714151846,0,1,1,0.0025896380002450314,100,0.0,0.00017657318561392632,0.00045375567577849997,0.1,0.4961958451140591,1.6558838616758826,0.9498562530856249,0.07459139683933302,1.6625113199057626,1.0799319183295597,0.5707872419533921,3.3183951815816455,2.0297881714151846,False,False,False
1790678762.1258755,APPROACH,0.010002021,0.0038943709996601683,0.3043188022569101,0.33972772665479933,0.26509837880974985,0.2807849407742714,0.3083943240875733,0.23486591702061965,0.2964082566960502,0.3416031227455661,0.3113526473950678,0.2832719173601573,0.3130862988156209,0.27837171704522184,0.5669991142194282,3.342027778176878,2.0434794834830248,0,1,1,0.0025647909997132956,100,0.0,0.0001842324977771037,0.00046441157915789734,0.1,0.4938049523112473,1.6691669702431458,0.955830598658054,0.0731941619081809,1.6728608079337322,1.0876488848249708,0.5669991142194282,3.342027778176878,2.0434794834830248,False,False,False
1790678762.1358714,APPROACH,0.009995528,0.003836412000055134,0.3071288466373563,0.3428126569401275,0.2674522336161598,0.2810630966796376,0.30878011197890826,0.23568110443846801,0.2992418728581704,0.3447349771303209,0.31413724603741605,0.28370187331998753,0.3135615076586698,0.2787942353799271,0.562660957512271,3.3644922404294717,2.05658505311238,0,1,1,0.0025711739999678684,100,0.0,0.0010549764215846968,0.00029608845854233183,0.1,0.4913828371666274,1.6824125870684694,0.9617745705152511,0.07127812034564358,1.6820796533610023,1.0948104825971288,0.562660957512271,3.3644922404294717,2.05658505311238,False,False,False
1790678762.1458745,APPROACH,0.010003513,0.0038712169998689205,0.30994076935550563,0.34590207112255733,0.26981354754405196,0.2811575300815771,0.3092598801131268,0.23638855969324807,0.3020819654663519,0.34787398960736304,0.31692820909254216,0.28411416813774626,0.3140171965236865,0.2791993980851395,0.5577857286709833,3.3804811259869254,2.0665820635106202,0,1,1,0.002575532000264502,100,0.0,0.00019746711300722142,0.00031454494392326175,0.1,0.48892606479914513,1.6956386638068142,0.967696084500687,0.06885966387183821,1.6848424621801112,1.0988859790099335,0.5577857286709833,3.3804811259869254,2.0665820635106202,False,False,False
1790678762.1558728,APPROACH,0.009998314000000001,0.003871318000165047,0.3127550725146566,0.34899428406542565,0.2721837742994353,0.28158188985037336,0.3091956084396076,0.23763262921003792,0.3049246130546088,0.3510158259762429,0.3197216829302309,0.28450821103073204,0.3144527124480647,0.27958662459785605,0.5560013571384117,3.4033907294347365,2.078654404265988,0,1,1,0.0026013400001829723,100,0.0,8.747205710823991e-05,0.000329807328426035,0.1,0.48643795044935684,1.7088265404761653,0.9735866458154745,0.06956340668905488,1.6945641889585714,1.1050677584505135,0.5560013571384117,3.4033907294347365,2.078654404265988,False,False,False
1790678762.1658742,APPROACH,0.010001259,0.0038402079999286798,0.31557525145954735,0.35208341236942253,0.2745683825020846,0.28235459668329493,0.30893606068683527,0.2388456975170079,0.30777194908243705,0.3541628442431603,0.32251976410417066,0.28488429093668055,0.3148683747802494,0.27995619885760165,0.5538481833972245,3.4271559450274305,2.0910420391932725,0,1,1,0.0025724159995661466,100,0.0,0.000355968645307847,0.0003308323544675529,0.1,0.4839165799256364,1.7219857638547682,0.979450390834827,0.06993160347158807,1.7051701811726625,1.1115916483584456,0.5538481833972245,3.4271559450274305,2.0910420391932725,False,False,False
1790678762.1758745,APPROACH,0.010000156000000001,0.0038768290005464223,0.3184047493952953,0.35517228695137426,0.2769600584669112,0.2833825626420627,0.3091861943149949,0.2390137509708734,0.31062264118844257,0.3573135718156271,0.32532114330091993,0.28524221429658514,0.31526396958914,0.28030793065366444,0.5500854823811158,3.4477590810306147,2.102915423664816,0,1,1,0.0025500340007056366,100,0.0,0.00021137360629519542,0.00033618058184270997,0.1,0.48136307660363875,1.7351098042707866,0.9852842758585527,0.06872240577747699,1.712649276759828,1.1176311478062633,0.5500854823811158,3.4477590810306147,2.102915423664816,False,False,False
1790678762.185873,APPROACH,0.009998644000000001,0.003822915999990073,0.3212455650416679,0.3582657079808582,0.2793490805209906,0.28460265224245374,0.3096364100731282,0.23865445693878068,0.3134763900673886,0.3604676778865175,0.3281255263927958,0.28558193901267503,0.31563945034617374,0.2806417786165051,0.5453206282017695,3.467058161004966,2.1147441214647333,0,1,1,0.0025537109995639184,100,0.0,6.564505743200666e-05,0.0003431535275404463,0.1,0.47877767988682546,1.7481969554732457,0.991087420233651,0.06654294831494402,1.7188612055317203,1.1236567012310823,0.5453206282017695,3.467058161004966,2.1147441214647333,False,False,False
1790678762.195913,APPROACH,0.010040063,0.00387943300029292,0.32409967626610126,0.3613620360836052,0.2817359491979019,0.286015326511836,0.309690658132595,0.23872134356809194,0.3163452867553893,0.3636385260740155,0.3309447952582256,0.2859047819451099,0.31599627251109835,0.28095903682647977,0.5408692392232111,3.4889249666630806,2.1273864523780954,0,1,1,0.0025613050001993543,100,0.0,6.055911574265327e-05,0.00035041580274499106,0.1,0.47614922912253377,1.7613020205942793,0.9968839124958555,0.06472001010067725,1.7276229460688013,1.1305025398822397,0.5408692392232111,3.4889249666630806,2.1273864523780954,False,False,False
1790678762.2059035,APPROACH,0.009990428,0.003880916000525758,0.326968404902801,0.36445672324474554,0.2841261551477503,0.2874785515239505,0.30945897945663153,0.23911504997631872,0.3192031267126579,0.3667971538093974,0.3337531986586016,0.286207806568363,0.31633119048894964,0.2812568195557671,0.5355324711212449,3.5100392440348713,2.139492022757522,0,1,1,0.0026062099996124743,100,0.0,0.00017022558480950245,0.0007108008399966282,0.1,0.4735017450781553,1.774305032500143,1.0026205850692878,0.062030726043089617,1.735734211534728,1.1368714376882343,0.5355324711212449,3.5100392440348713,2.139492022757522,False,False,False
1790678762.2159457,APPROACH,0.010042377,0.0038576119995923364,0.329851211799447,0.36754926785706665,0.28651964769610316,0.2887818591590863,0.30930814123500056,0.2393129937758725,0.3220787861372364,0.3699754765117882,0.33657911327490797,0.2864940582512231,0.31664757017371187,0.2815381194926173,0.5312518024185607,3.5336609228962637,2.1527304510197878,0,1,1,0.0025719249997564475,100,0.0,0.00017894627556619414,0.00031830972729585686,0.1,0.47080845176617236,1.7873370381947544,1.008355127077302,0.06044335065238842,1.7463238847015092,1.1443753239424856,0.5312518024185607,3.5336609228962637,2.1527304510197878,False,False,False
1790678762.2258925,APPROACH,0.009946525000000001,0.003878722000081325,0.33274582811498554,0.37064139336780766,0.28891316614252993,0.28987626294596,0.3093946408541019,0.23910731760250004,0.3249297411393986,0.37312649465024333,0.3393807508200852,0.28675941677192407,0.31694085769010144,0.2817988876892268,0.5254267483541057,3.553402899041131,2.1646820522292654,0,1,1,0.002566954999565496,100,0.0,0.00019783460264166663,0.0003810606653198268,0.1,0.4681093612966668,1.800205361994353,1.0140027357211177,0.05731738705743892,1.753197537046778,1.1506793165081475,0.5254267483541057,3.553402899041131,2.1646820522292654,False,False,False
1790678762.2359116,APPROACH,0.010019063,0.003861689000586921,0.33565073599638406,0.37373500465056697,0.2913035280126719,0.290840977764012,0.3094567855472037,0.23889834707460916,0.32780406449791377,0.3763033406655603,0.34220535248236633,0.28700841271983496,0.3172160604722127,0.2820435763622276,0.5205364313492874,3.575623798550591,2.1776836158690607,0,1,1,0.002564149999670917,100,0.0,0.000216168418208873,0.0003729295325734073,0.1,0.4653590652157503,1.813126874898384,1.0196585286217814,0.05517736613353711,1.7624969236522074,1.1580250872472795,0.5205364313492874,3.575623798550591,2.1776836158690607,False,False,False
1790678762.2459085,APPROACH,0.009997091000000001,0.00384798300001421,0.33856531078825824,0.3768273860417368,0.2936939958776206,0.2918354036288487,0.3092222832008164,0.2390360229771602,0.33067447925486837,0.3794758666988347,0.3450261131563214,0.2872385348145525,0.31747040292727224,0.28226971767278725,0.515387244413448,3.5982303246340672,2.19058708527289,0,1,1,0.002559632000156853,100,0.0,0.00023554062045455515,0.00038031466272329674,0.1,0.4625834537410427,1.825978272541997,1.025268308206244,0.05280379067240527,1.77225205209207,1.1653187770666462,0.515387244413448,3.5982303246340672,2.19058708527289,False,False,False
1790678762.255879,APPROACH,0.009970441,0.0038608380000368925,0.3414876779371383,0.3799183715199712,0.29608521840409097,0.2924271810768645,0.3091963973643383,0.23900213477026178,0.3335394424145244,0.38264236735396095,0.34784151653783896,0.28744978687054035,0.31770388927121623,0.2824773153693845,0.5102849680017928,3.619677780002383,2.203097816922519,0,1,1,0.002599686999928963,100,0.0,0.0002494793933335293,0.0003889242331201526,0.1,0.4597842491481672,1.8387527561291166,1.0308291105258416,0.05050071885362558,1.7809250238732666,1.1722687063966775,0.5102849680017928,3.619677780002383,2.203097816922519,False,False,False
1790678762.2658565,APPROACH,0.009977694,0.003856139000163239,0.34441521631298855,0.3830097379421744,0.29847518735584,0.2928987046761634,0.3092015648535783,0.23891459788083336,0.3364085071475721,0.38581340127325436,0.3506609505413761,0.2876429202349642,0.3179173499305317,0.28266710780195037,0.5052815253071713,3.641275068038092,2.215716732207987,0,1,1,0.00257582199992612,100,0.0,0.00026219896251133967,0.0003979668416682458,0.1,0.45695222879966313,1.851492813505847,1.0363593708419139,0.04832929650750814,1.7897822545322446,1.179357361366073,0.5052815253071713,3.641275068038092,2.215716732207987,False,False,False
1790678762.2758784,APPROACH,0.010021698,0.004112513000109175,0.3473471915438484,0.38610045346812694,0.3008651927316075,0.29333094517849956,0.30906095436938746,0.2390196039329165,0.3392920727860773,0.3890004623189268,0.35349463460537994,0.28781848661887427,0.3181113946838807,0.2828396371377205,0.5009457961837036,3.6648843188263425,2.229017608714182,0,1,1,0.002700758000173664,100,0.0,0.0002758464961895579,0.0004077682477186873,0.1,0.45407694127453213,1.8642439639840445,1.0418786251832712,0.04686885490917152,1.800640354842298,1.1871389835309105,0.5009457961837036,3.6648843188263425,2.229017608714182,False,False,False
1790678762.2858393,APPROACH,0.009960873,0.004039555999952427,0.35013701496185856,0.38903443414939254,0.3031375685163704,0.29379637916663587,0.30886880955354423,0.23914590044519773,0.34215978924268103,0.39217000605562263,0.35631274365573334,0.28797467913451036,0.3182840264684887,0.28299312774551677,0.5023832297185771,3.701582843171198,2.247537136983879,0,1,1,0.0025994260004154057,100,0.0,0.00030123816336641296,0.00042278505668937315,0.1,0.45118876627555965,1.8768718940461995,1.047328677910043,0.05119446344301742,1.8247109491249984,1.200208459073836,0.5023832297185771,3.701582843171198,2.247537136983879,False,False,False
1790678762.2959304,APPROACH,0.010091209,0.0038632019995930023,0.3532262006318918,0.3922766671647091,0.3056481638567963,0.2945130570130841,0.3092556082474107,0.2384202832701432,0.3450665220987528,0.3953826726695045,0.35916919417746895,0.28811428773677356,0.31843832888212975,0.28313032131799815,0.49036586303087293,3.709637639068844,2.2553584338327974,0,1,1,0.002584228000159783,100,0.0,0.0003130247546718201,0.00043362417447572745,0.1,0.44823219916036017,1.8896174131479537,1.0528131945485621,0.04213366387051276,1.8200202259208904,1.2025452392842353,0.49036586303087293,3.709637639068844,2.2553584338327974,False,False,False
1790678762.3059113,APPROACH,0.00998093,0.003938093999749981,0.35617500111307,0.3953719028666143,0.30802809857142854,0.29496573182695895,0.3095441498406117,0.23803509568637332,0.347942782902669,0.398561660046434,0.3619956997701078,0.2882339148132221,0.3185705467135069,0.28324787901657417,0.4839105897739621,3.728889002624206,2.267453352512403,0,1,1,0.0026076329995703418,100,0.0,0.0003265591822843583,0.00043745842012790084,0.1,0.445277894556326,1.9021754472471575,1.0582007571662562,0.03863269521763611,1.8267135553770484,1.209252595346147,0.4839105897739621,3.728889002624206,2.267453352512403,False,False,False
1790678762.315863,APPROACH,0.009951495000000001,0.003873332000694063,0.35912624825449857,0.39846330294157983,0.3104141419873212,0.29515225845134196,0.3087493475824835,0.2392611073131069,0.35081165890832416,0.4017324853747687,0.3648149483109672,0.2883349043218418,0.3186821653722416,0.28334712155067354,0.4790648224275996,3.752334148213586,2.2798534620808644,0,1,1,0.0025923230004991638,100,0.0,0.0003429133211494406,0.00044678224972095063,0.1,0.4423028092542652,1.914647720969699,1.0635352604018278,0.03676201317333446,1.837686427243887,1.2163182016790368,0.4790648224275996,3.752334148213586,2.2798534620808644,False,False,False
1790678762.3258867,APPROACH,0.010023772,0.0038383060000342084,0.3620786926831645,0.40154568128176393,0.31281406507123055,0.2951737151875021,0.30805800135373423,0.240314579996311,0.35370229500399564,0.40492736104352745,0.36765558052330854,0.28841816040834567,0.318774184165422,0.28342893742557757,0.47543391971904786,3.7783408722441196,2.2933000460566886,0,1,1,0.002561123999839765,100,0.0,0.00036166759716693697,0.0004564222263270912,0.1,0.4392766140329094,1.9271604003858906,1.0688704751326423,0.03615730568613847,1.8511804718582292,1.2244295709240463,0.47543391971904786,3.7783408722441196,2.2933000460566886,False,False,False
1790678762.3358722,APPROACH,0.009985248,0.003862421000121685,0.36503023912134935,0.40462512738205714,0.3152183693784796,0.29500303470177885,0.30816772032527884,0.24014216938838862,0.3565825592064519,0.40811077317686517,0.3704860202614003,0.2884826615507722,0.31884547405585617,0.28349232279019815,0.4706126580638334,3.8001195922046405,2.305931555720276,0,1,1,0.002596701999209472,100,0.0,0.0003815460497566536,0.00046659282629654133,0.1,0.4362328899322338,1.93957394117883,1.0741467356915109,0.03437976813159962,1.8605456510258103,1.2317848200287655,0.4706126580638334,3.8001195922046405,2.305931555720276,False,False,False
1790678762.3458722,APPROACH,0.010000247,0.0038739530000384548,0.3679798432141954,0.4077083298805073,0.31761692637762273,0.29482688211916064,0.3085317628670209,0.23958511241458347,0.35946770322391725,0.411299578725951,0.3733212554006586,0.28852881242676204,0.3188964823135241,0.28353767532182983,0.46547087849898383,3.8208676477322925,2.318512668061552,0,1,1,0.0025826359997154213,100,0.0,0.00040092764862270647,0.0004761882416511265,0.1,0.4331557147965726,1.951954098301739,1.079391971204949,0.03231516370241122,1.8689135494305535,1.239120696856603,0.46547087849898383,3.8208676477322925,2.318512668061552,False,False,False
1790678762.355861,APPROACH,0.009988596,0.003845408000415773,0.3709281642877551,0.41079336453748994,0.32001267980402925,0.2947679131225725,0.308465602478006,0.2396878933966659,0.3623498544634468,0.41448507650709493,0.3761535495327726,0.2885564763652749,0.3189270578827523,0.2835648607136464,0.46027559903836995,3.842464556974774,2.3309621967674996,0,1,1,0.002587214000413951,100,0.0,0.00042050814653782354,0.00048572568840065116,0.1,0.4300535739348116,1.9642669062751734,1.0845917079501914,0.030222025103558384,1.8781976506996005,1.2463704888173084,0.46027559903836995,3.842464556974774,2.3309621967674996,False,False,False
1790678762.365891,APPROACH,0.010030003000000001,0.003886325999701512,0.3738763179053697,0.4138754812089438,0.3224129718569797,0.2947690983313513,0.30806698169455277,0.24030648952500377,0.365244138648606,0.41768398422691655,0.37899776672785457,0.28856571517724244,0.3189372690800758,0.2835739397073385,0.4557956785386847,3.8665502478812845,2.343997411824912,0,1,1,0.002601490999950329,100,0.0,0.0004414271663427116,0.000495581054224048,0.1,0.4269101731319728,1.9765765941214373,1.0897729223943755,0.028885505406711868,1.889973653759847,1.254224489430536,0.4557956785386847,3.8665502478812845,2.343997411824912,False,False,False
1790678762.3759038,APPROACH,0.010013331,0.0038947820003158995,0.3768242476178001,0.4169538885036461,0.32481913124020245,0.29471504024242307,0.3078414461649174,0.24068487906016756,0.36813361151300406,0.4208775742342605,0.3818372558311651,0.2885564058871023,0.31892697998674896,0.2835647914546457,0.4508763364693697,3.889385431484918,2.356665261825447,0,1,1,0.002580630999545974,100,0.0,0.00046240391660201663,0.0005058435140438023,0.1,0.42374393100956387,1.988810759709914,1.0949050086218355,0.027132405459805848,1.9005746717750036,1.2617602532036118,0.4508763364693697,3.889385431484918,2.356665261825447,False,False,False
1790678762.385869,APPROACH,0.00996463,0.0038187780000953353,0.37977127450905623,0.42003177810593684,0.32722659274999355,0.2945961584836849,0.3078906314048636,0.24067337397173932,0.37100884681854546,0.4240554281790673,0.38466275366508906,0.28852876030252966,0.31889642470321394,0.28353762409927236,0.4449219267814199,3.909324305361319,2.3684504922720526,0,1,1,0.0025533000007271767,100,0.0,0.0004821110871102152,0.0005151741794979237,0.1,0.42056557835022995,2.000929910541087,1.099971507244011,0.024356348431189966,1.9083943948202322,1.2684789850280416,0.4449219267814199,3.909324305361319,2.3684504922720526,False,False,False
1790678762.395867,APPROACH,0.009998324000000001,0.0039009539996186504,0.3827169231469547,0.42311016189781725,0.3296339949839373,0.2944505297962044,0.30782476479920606,0.2408403327068921,0.3738934354324355,0.42724361986832765,0.387497443008462,0.28848259402220816,0.31884539941990797,0.28349225642978204,0.4394569656845505,3.930508243651591,2.3806026778861202,0,1,1,0.0025823539999692002,100,0.0,0.0005017826542076942,0.0005241928406198804,0.1,0.4173492354843011,2.0130334989076166,1.1050139752685602,0.022107730200249424,1.9174747447439744,1.2755887026175603,0.4394569656845505,3.930508243651591,2.3806026778861202,False,False,False
1790678762.4058845,APPROACH,0.010017529,0.0038240680005401373,0.38566095014071955,0.42618651481739356,0.33204514100729643,0.2942858224717635,0.30754013124328433,0.2413392908465788,0.3767830092683041,0.4304373214743938,0.3903370313365807,0.2884178319738142,0.318773821163142,0.28342861467249525,0.43445954550456445,3.9530581277682955,2.3930078359065217,0,1,1,0.0025585100001990213,100,0.0,0.0005221190644621454,0.0005338687294957678,0.1,0.4140996974340353,2.0251026645471275,1.1100243601438005,0.02035984807052916,1.927955463221168,1.2829834757627212,0.43445954550456445,3.9530581277682955,2.3930078359065217,False,False,False
1790678762.4158638,APPROACH,0.009979088,0.003823637000095914,0.3886031382439432,0.42925993427058096,0.33446147234235823,0.2940841619855119,0.3073095128953067,0.2417676524412341,0.37966075771184776,0.4336179530650854,0.3931649988348024,0.2883349062787035,0.3186821675350632,0.2833471234736844,0.4288427752549361,3.974055123860575,2.4047839525159267,0,1,1,0.002559872000347241,100,0.0,0.0005417328420109779,0.0005432462965583974,0.1,0.4108361001261373,2.0370672702316273,1.1149735455280452,0.01800667512879879,1.936987853628948,1.2898104069878817,0.4288427752549361,3.974055123860575,2.4047839525159267,False,False,False
1790678762.425875,APPROACH,0.010011588,0.003910141000233125,0.39154305269341094,0.43233178381761483,0.33688099438708186,0.293831295829837,0.3071792777595116,0.24204106769287015,0.38254695455970983,0.4368079222550124,0.3960012685919925,0.288233251858181,0.3185698139824193,0.28324722752971015,0.42352308297201,3.995485034195175,2.4168326626699983,0,1,1,0.0025723660000949167,100,0.0,0.0005605844465000898,0.0005524352565084767,0.1,0.4075356359271259,2.0490115866782066,1.119896359289591,0.015987447044884168,1.9464734475169687,1.2969363033804073,0.42352308297201,3.995485034195175,2.4168326626699983,False,False,False
1790678762.43586,APPROACH,0.009984487,0.0038377040000341367,0.39448068074384146,0.4354019071001183,0.33930348323708337,0.2935909204952458,0.30698158690167265,0.24235314859177248,0.3854242330166286,0.4399880343929667,0.39882877423368784,0.28811346868288273,0.3184374236227818,0.28312951643257195,0.4177584872351004,4.016145425775015,2.4284997177413974,0,1,1,0.0025836069999058964,100,0.0,0.0005787260800382277,0.0005616969081560175,0.1,0.4042183095336969,2.060863641387719,1.1247630811368712,0.013540177701403497,1.9552817843872958,1.303736636604526,0.4177584872351004,4.016145425775015,2.4284997177413974,False,False,False
1790678762.4459152,APPROACH,0.010055482000000001,0.0038606079997407505,0.3974156966481388,0.43847020056051456,0.3417291567692331,0.2933191145290225,0.30680089961432244,0.24268709689858992,0.3883206685651549,0.4431893199072421,0.4016751055766178,0.28797426994202274,0.31828357420847425,0.28299272563147587,0.41299015266900463,4.03872818694562,2.44089434067003,0,1,1,0.002571525000348629,100,0.0,0.0005980021143262015,0.0005714570776826355,0.1,0.40085174980316085,2.0727386725977825,1.1296208719840375,0.012138402865843785,1.9659895143478372,1.3112734686859924,0.41299015266900463,4.03872818694562,2.44089434067003,False,False,False
1790678762.4558606,APPROACH,0.009945433,0.0038933000005272334,0.4003473620125284,0.44153701713739046,0.3441577723180176,0.29298821974130423,0.3067000572020885,0.2429172675954382,0.39118393678049435,0.4463539472250897,0.40448884333393903,0.28781828294220746,0.31811116957023605,0.2828394369843697,0.4067546738167954,4.057322054028975,2.451673253867116,0,1,1,0.0025884159995257505,100,0.0,0.0006155831170346904,0.0005807208669931785,0.1,0.39749711377516106,2.0844224511269966,1.1343821695018825,0.009257560041634388,1.9728996029019787,1.317291084365234,0.4067546738167954,4.057322054028975,2.451673253867116,False,False,False
1790678762.4658759,APPROACH,0.010014935,0.0038410100005421555,0.4032758437787667,0.4446028156687385,0.3465886759972241,0.2926717659089435,0.3065023240726897,0.24326943592760675,0.3940655549365251,0.4495388558156737,0.40732061360413874,0.2876428186652775,0.3179172376706312,0.2826670079892745,0.40139977601783866,4.0781472726886525,2.463246906989628,0,1,1,0.002554462000261992,100,0.0,0.0006326739683196192,0.0005891860141747473,0.1,0.39409439680473496,2.096125517485361,1.1391328547696,0.00730537921310369,1.9820217552032917,1.324114052220028,0.40139977601783866,4.0781472726886525,2.463246906989628,False,False,False
1790678762.4758592,APPROACH,0.009983345000000001,0.0038388269995266455,0.4062010715790958,0.4476656617545478,0.34902433205853267,0.29235455512533737,0.3061802600603415,0.24377080423817088,0.39693624298355706,0.4527116839028178,0.4101416428406425,0.2874495606345968,0.3177036392239299,0.28247709304700025,0.39566224935833505,4.098322624417822,2.474373265606401,0,1,1,0.0025714539997352404,100,0.0,0.0006494771669068311,0.0005981927113974717,0.1,0.39067822002178276,2.1077286363401906,1.143824395842647,0.004984029336552292,1.9905939880776315,1.330548869763754,0.39566224935833505,4.098322624417822,2.474373265606401,False,False,False
1790678762.4860017,APPROACH,0.010142666,0.004001292999419093,0.4091231017475776,0.45072538914994986,0.3514647076733084,0.2920249027940104,0.3058876732050224,0.2441942604391687,0.39985067307193306,0.45593285788303417,0.4130056574435373,0.28723447848547173,0.3174659196693817,0.2822657315124165,0.3919786638310792,4.123143583516269,2.4874289356004176,0,1,1,0.0026217590002488578,100,0.0,0.0006687047232377674,0.0006082333801426642,0.1,0.38718322422620605,2.1194517249790006,1.1485453321153,0.00479543960487315,2.0036918585372683,1.3388836034851175,0.3919786638310792,4.123143583516269,2.4874289356004176,False,False,False
1790678762.4959517,APPROACH,0.009950143,0.0039039700004650513,0.41160456823889113,0.45332387473392544,0.35354192602600065,0.2917990406294064,0.3058001226650788,0.2442756601040827,0.4027075713062064,0.4590904447790352,0.41581313541138326,0.28700514542729477,0.31721244929699244,0.2820403655891902,0.4066540271510903,4.184609568954017,2.5154287975734686,0,1,1,0.0025592010006221244,100,0.0,0.0007154058283528886,0.0006322186321028433,0.1,0.38373120145766554,2.1308877157463004,1.1531318142464289,0.02292282569342476,2.053721853207717,1.36229698332704,0.4066540271510903,4.184609568954017,2.5154287975734686,False,False,False
1790678762.5059183,APPROACH,0.009966823000000001,0.0038870479993420304,0.4145214602086833,0.4563880414606265,0.3559766894293128,0.2917924280304109,0.30797048592485554,0.24153206259736937,0.40556688051227135,0.4622506964017124,0.41862298264464615,0.2867572464685935,0.3169384589622522,0.28179675492904965,0.39576715788276295,4.190920697745325,2.5238680910976017,0,1,1,0.002593305000118562,100,0.0,0.00209163013206215,0.0006675496902660228,0.1,0.380250628949619,2.142278063392625,1.1576811694680402,0.015516528933143975,2.0486426343527,1.3661869216295612,0.39576715788276295,4.190920697745325,2.5238680910976017,False,False,False
1790678762.5158434,APPROACH,0.009924835,0.003870126000037999,0.4175907200862392,0.45963806186990386,0.3584927513323697,0.29267740745828624,0.31031993434249316,0.23892986134419852,0.4084115991536407,0.46539482180213376,0.42141849170918116,0.28649233350942804,0.31664566390276894,0.2815364245863964,0.3729020563770551,4.174899393645889,2.5238445165259518,0,1,1,0.0025706830001581693,100,0.0,0.0007339049263256903,0.000653079636921905,0.1,0.3767625223543763,2.153555297504748,1.1621665159112655,-0.0038604659773211793,2.021344096141141,1.3616780006146862,0.3729020563770551,4.174899393645889,2.5238445165259518,False,False,False
1790678762.5259423,APPROACH,0.010098994,0.003853082999739854,0.42037530241432197,0.46258141305954226,0.36077293773010943,0.2933114906205884,0.3083409361661378,0.2425980078626671,0.41130344475825953,0.4685910342807085,0.4242603125076895,0.2862043005826996,0.31632731549814475,0.28125337421865726,0.37156164924086355,4.209815893362501,2.538905048163681,0,1,1,0.0025815330000114045,100,0.0,0.0007230254425907301,0.0006644723454273471,0.1,0.37319093309514667,2.164963038878892,1.1666843685257036,-0.0016292838542831343,2.0448528544836093,1.3722206796379774,0.37156164924086355,4.209815893362501,2.538905048163681,False,False,False
1790678762.535878,APPROACH,0.009935825,0.003815671999291226,0.4233096563422931,0.46564499434617,0.3632317270216916,0.29346203035961144,0.30530753386626347,0.24782745733763784,0.41414563750327843,0.47173236793408013,0.4270533393702798,0.28590276584987334,0.3159940442217517,0.28095705560681655,0.36356485682865763,4.229952461088743,2.5459204465565293,0,1,1,0.002537500000471482,100,0.0,0.00011922282035503606,0.0006466084581916221,0.1,0.369655586334423,2.1761194919048883,1.1710834951742901,-0.0060907295057653745,2.0538329691838544,1.3748369513822392,0.36356485682865763,4.229952461088743,2.5459204465565293,False,False,False
1790678762.5459354,APPROACH,0.010057295,0.0038221049999265233,0.4263906490998046,0.468844994471203,0.36584550869456667,0.29315553188396304,0.3049867339245439,0.2488222903155396,0.4170194344639392,0.4749086321481459,0.42987742374063886,0.2855792349735528,0.31563646170681786,0.2806391213534045,0.34919742630786343,4.233966320706249,2.5498210944477746,0,1,1,0.002572806999523891,100,0.0,0.00013616162729390702,0.0006486994621056065,0.1,0.3660558149943973,2.1873440515504603,1.1754899677009405,-0.01685838868653388,2.0466222691557885,1.3743311267468343,0.34919742630786343,4.233966320706249,2.5498210944477746,False,False,False
1790678762.555816,APPROACH,0.009880441,0.00391777499953605,0.42931816813061996,0.47189730489315984,0.3683303890390448,0.2921946048968517,0.3053032614942644,0.24840083046899702,0.41983943917160205,0.47802544247227785,0.4326486463872864,0.2852434857662751,0.3152653748810695,0.2803091801287415,0.33978760608638675,4.242977199286555,2.5566621771714084,0,1,1,0.0026159779999943567,100,0.0,0.00013492164814443708,0.0006379439451978386,0.1,0.36249904331677685,2.19830373210645,1.17977323933274,-0.02271143723039008,2.044673467180105,1.3768889378386682,0.33978760608638675,4.242977199286555,2.5566621771714084,False,False,False
1790678762.5658653,APPROACH,0.0100496,0.0038140890001159278,0.4322343524368719,0.47494680269962686,0.370818199811767,0.2910252499437823,0.30441548599628043,0.24947070551427697,0.4227042301632294,0.481191752838683,0.4354638805790367,0.28488381410352237,0.31486784776038085,0.2799557302729773,0.33465817311075774,4.261684437618685,2.565971014400617,0,1,1,0.002555023000240908,100,0.0,0.00022194979604317489,0.0006332441552038937,0.1,0.35886122585847696,2.209381826363671,1.184083150149619,-0.024203052747719205,2.0523026112550147,1.381887864250998,0.33465817311075774,4.261684437618685,2.565971014400617,False,False,False
1790678762.5759282,APPROACH,0.010062615,0.0038390370000342955,0.43528387940533086,0.4781343952168591,0.3734477812166306,0.2898822032217667,0.30300672202148077,0.2510544481787923,0.4255690174871013,0.48435805915130137,0.4382791111664785,0.2845053475110529,0.31444954754281645,0.2795838106129849,0.3243314262513742,4.272187880627586,2.5713572396990543,0,1,1,0.0025713439999890397,100,0.0,0.00020657302324234017,0.0006399971020260909,0.1,0.3551988363268965,2.2204037393682956,1.1883512591807752,-0.030867410075522333,2.0517841412592897,1.383005980518279,0.3243314262513742,4.272187880627586,2.5713572396990543,False,False,False
1790678762.585968,APPROACH,0.010039832,0.003887648999807425,0.4381764722148347,0.4811581452937208,0.3759635538726904,0.2886098102300925,0.3019197702513665,0.25185857524357863,0.42842343146648587,0.48751290032447997,0.4410841478535035,0.2841094959359769,0.3140120325724804,0.27919480670579966,0.3202505765384942,4.29303958867051,2.581288844525381,0,1,1,0.002605177000077674,100,0.0,0.00010171851143547794,0.0006573281369527174,0.1,0.35152544258175067,2.231329797159349,1.1925622615687346,-0.03127486604325649,2.0617097915111615,1.3887265829566466,0.3202505765384942,4.29303958867051,2.581288844525381,False,False,False
1790678762.595868,APPROACH,0.009900048,0.0038831510000818525,0.4410561246556579,0.484170942276303,0.37848505736914806,0.287302315089483,0.30100453235430347,0.2520065492855778,0.43123412335639516,0.4906194176563903,0.4438462187808675,0.2837013509840538,0.3135609303468566,0.2787937220796603,0.31472363303866985,4.310542461679664,2.5902327726554297,0,1,1,0.00261084799967648,100,0.0,5.5890034606820294e-05,0.0006762110068394666,0.010000000000000002,0.3478848225769898,2.2420338512778404,1.1966680582529445,-0.03316118953831996,2.0685086104018238,1.3935647144024852,0.31472363303866985,4.310542461679664,2.5902327726554297,False,False,False
1790678762.6059508,APPROACH,0.010082813000000001,0.0038700259992765496,0.44392367451095627,0.48717787423965486,0.38100224797040827,0.2861429819640507,0.30061930085295274,0.25120410777835656,0.4340924593605252,0.49377859364758714,0.44665510964720145,0.28326753891124185,0.31308145953476924,0.27836741433723033,0.3103514820119758,4.3301146939066335,2.600856081306932,0,1,1,0.0025781860003917245,100,0.0,0.00011542238402806326,0.0006922099522431502,0.1,0.3441587633749799,2.2528636624918654,1.2008019514906132,-0.03380728136300409,2.0772510314147685,1.400054129816319,0.3103514820119758,4.3301146939066335,2.600856081306932,False,False,False
1790678762.6160936,APPROACH,0.010142896,0.0038734909994673217,0.44677952082757955,0.49018214398553983,0.3835090353347539,0.28506213394354957,0.30032306284919436,0.2501625284680932,0.4369633215668581,0.496951614224306,0.4494763100302985,0.2828127226381831,0.31257877382945787,0.2779204657372726,0.3063652993628661,4.350362374454367,2.612002661342529,0,1,1,0.002597933999822999,100,0.0,0.0001371338127115207,0.0007087768623599834,0.1,0.3403924781595759,2.263684331497637,1.204911757934167,-0.034027178796709814,2.0866780429567298,1.407090903408362,0.3063652993628661,4.350362374454367,2.612002661342529,False,False,False
1790678762.6258583,APPROACH,0.009764522000000001,0.003835659999822383,0.44948365574011806,0.4930327636291505,0.38588163975506706,0.2842133661251312,0.2999144267694626,0.249340552211616,0.4397226437995104,0.5000013552403292,0.45218789992223934,0.28235746222880637,0.3120755972424621,0.27747308068392196,0.30367230115975236,4.372585747841763,2.6237359686196395,0,1,1,0.002566455000305723,100,0.0,0.00012285058344763122,0.0007257516505907558,0.1,0.33675012850694513,2.2740310582128194,1.208821954753139,-0.03307782734719277,2.098554689628943,1.4149140138665004,0.30367230115975236,4.372585747841763,2.6237359686196395,False,False,False
1790678762.6358724,APPROACH,0.010013963,0.0038587140006711707,0.4523226691845075,0.4960291784546049,0.3883712557128103,0.2836239279036638,0.2995272189764894,0.24850512754703086,0.4425477496019382,0.5031238035496689,0.45496413542198477,0.28187287668714456,0.31154000905175006,0.27699687778126647,0.29665217488748513,4.3885302811122315,2.633112937705933,0,1,1,0.0025908699999490636,100,0.0,0.0017834026006972037,0.0007256821667494418,0.1,0.33299838489883066,2.2845700229764936,1.2127847484032395,-0.036346210011345505,2.103960258135738,1.4203281893026933,0.29665217488748513,4.3885302811122315,2.633112937705933,False,False,False
1790678762.6460395,APPROACH,0.010167402,0.0038504080002894625,0.45515663312002363,0.4990210122456311,0.39085332843352116,0.28316866255806883,0.2988512347692719,0.24803281358611362,0.4454110858544565,0.5062885060656114,0.4577779400395387,0.2813625819009888,0.31097600571745804,0.2764954103673936,0.2912654210849771,4.409105630607016,2.6441047329121696,0,1,1,0.0025679870004751137,100,0.0,0.003263249508140942,0.0005689541992261016,0.1,0.3291727727789918,2.2951953388822632,1.2167591560142625,-0.03790735169401474,2.113910291724753,1.427345576897907,0.2912654210849771,4.409105630607016,2.6441047329121696,False,False,False
1790678762.6558328,APPROACH,0.009793116000000001,0.0038955429999987246,0.45798631044536275,0.5020044333304003,0.3933330590567987,0.2827534982607709,0.29799583902839744,0.2478273541443134,0.44816402438544833,0.5093311914951003,0.46048325665875656,0.28085370151005157,0.31041356564354206,0.2759953328817185,0.28146654481137545,4.421392149125419,2.6514466152232377,0,1,1,0.002589739000541158,100,0.0,0.0028565319366840036,0.0004891913102906487,0.1,0.3254729174836018,2.3053575147187018,1.220540381793791,-0.04400637267222633,2.1160346344067165,1.430906233429447,0.28146654481137545,4.421392149125419,2.6514466152232377,False,False,False
1790678762.6667736,APPROACH,0.010941043000000001,0.003315328000098816,0.4608117708887347,0.5049790565076187,0.3958110294769517,0.28226091190976504,0.296964531756351,0.24782997652304717,0.4512336560082816,0.5127239019779342,0.4634997880308303,0.2802650712944857,0.3097629820725336,0.275416885129683,0.2872234430648216,4.461061418347414,2.6693037503793993,0,1,1,0.0022091599994382705,100,0.0,0.00019807497244173078,0.003416831485785088,0.1,0.3213225259592799,2.3166268393604295,1.224710338652856,-0.03409908289445826,2.1444345789869845,1.4445934117265433,0.2872234430648216,4.461061418347414,2.6693037503793993,False,False,False
1790678762.6759028,APPROACH,0.009128873000000001,0.0031517600000370294,0.4637728849319487,0.5080923638890171,0.3984110294412053,0.2819131085549331,0.29667594459524393,0.24667471825580467,0.45378985580009423,0.5155491419075046,0.46601176921057014,0.2797577503474651,0.3092022655740734,0.274918340111768,0.2602148262826132,4.443931005127409,2.6659125460877267,0,1,1,0.00211668500014639,100,0.0,0.000321843223823004,0.00041442445002053406,0.1,0.31784646705061365,2.325961385829503,1.2281455468778137,-0.05763164076800042,2.117969619297906,1.4377669992099131,0.2602148262826132,4.443931005127409,2.6659125460877267,False,False,False
1790678762.6858623,APPROACH,0.009959319000000001,0.00328210499992565,0.4665902977233447,0.5110563633722842,0.4008737685698893,0.2812121912912544,0.29553896527386914,0.24681612477525133,0.45657322748334345,0.5186254635798316,0.46874699253189933,0.27918753584287004,0.30857203596840554,0.27435798950515844,0.25588125161231046,4.462881405596484,2.675101531860924,0,1,1,0.002176547999624745,100,0.0,0.0002132010664223083,0.0033676536216772357,0.1,0.31404113752248525,2.3360739268275608,1.2318474643955863,-0.05815988591017482,2.126807478768923,1.4432540674653376,0.25588125161231046,4.462881405596484,2.675101531860924,False,False,False
1790678762.6958125,APPROACH,0.009950394000000001,0.003353620000780211,0.46939666459635276,0.5139983117086837,0.40335194207780756,0.2801492707159516,0.29321331856384636,0.24842404210080304,0.45934834693101906,0.521692664468437,0.47147410636956527,0.2786004379886869,0.30792314603988125,0.2737810476068384,0.2487150088481207,4.484476092299078,2.684530511817476,0,1,1,0.0021503999996639322,100,0.0,0.000616694855761768,0.00046086197639719776,0.1,0.3102261553950535,2.3461029013503336,1.2354983051213015,-0.061511146546932786,2.1383731909487436,1.4490322066961745,0.2487150088481207,4.484476092299078,2.684530511817476,False,False,False
1790678762.7059343,APPROACH,0.010121485000000001,0.003403605000130483,0.4717733985969872,0.5164834118385615,0.4054664741443963,0.2790103762856374,0.2920312202395967,0.24852288459118554,0.462165099970425,0.5248058808860885,0.4742421335971808,0.27798546639198535,0.3072434486562425,0.27317671414200645,0.26390868940589685,4.538220696416959,2.7074818474831233,0,1,1,0.0022344779999912134,100,0.0,0.00030114582398310663,0.0022193318504481474,0.1,0.30633276215413024,2.356227565486156,1.2391629109510502,-0.04242407274823343,2.1819931309308025,1.4683189365320728,0.26390868940589685,4.538220696416959,2.7074818474831233,False,False,False
1790678762.7159257,APPROACH,0.009991411,0.00338381700021273,0.47455755144678413,0.5194077490092806,0.4079367323529759,0.2781392735758277,0.2936459085077111,0.2445657159945751,0.464939461197904,0.527872243751789,0.4769685023307786,0.27736087143968163,0.3065531150584116,0.27256292379190444,0.2546159334388458,4.544859908892144,2.715526264292274,0,1,1,0.0021956139999019797,100,0.0,0.00048557922300074274,0.0021793140688652793,0.1,0.30247730735531725,2.3661458648669553,1.2427319243619868,-0.04786137391647147,2.1787140440251895,1.4727943399302872,0.2546159334388458,4.544859908892144,2.715526264292274,False,False,False
1790678762.7258372,APPROACH,0.009911559,0.003384749000360898,0.47733726614038563,0.5223538941816992,0.4103602145716163,0.2778515510103806,0.2949625893555387,0.24123230362966147,0.46768539833683775,0.5309071908924053,0.47966693867203924,0.2767241236903332,0.3058493495811257,0.2719371908708206,0.24281569261845237,4.549957990648025,2.7230335804482255,0,1,1,0.0021971369997118018,100,0.0,0.0006798640865334216,0.002201383419992697,0.1,0.2986413628113275,2.3759097403622684,1.2462247993153608,-0.055825670192875154,2.174048250285757,1.4768087811328645,0.24281569261845237,4.549957990648025,2.7230335804482255,False,False,False
1790678762.735865,APPROACH,0.01002811,0.003422339999815449,0.480115473623564,0.5252981060527961,0.41277325310648116,0.27777130417397367,0.29341551457423604,0.24225058987655962,0.4704571157649597,0.5339706316987529,0.48239070934023953,0.2760625729579954,0.30511817060582663,0.27128708402299195,0.23396483195587964,4.563881866617056,2.72996804270426,0,1,1,0.002205693999712821,100,0.0,9.08657027830495e-05,0.003327880247966042,0.1,0.2947494358885839,2.3857119590942384,1.2497104894679658,-0.060784603932704254,2.1781699075228174,1.480257553236294,0.23396483195587964,4.563881866617056,2.72996804270426,False,False,False
1790678762.7458658,APPROACH,0.010000748,0.003327741000248352,0.48303118466392814,0.5283625568850017,0.4153334126346282,0.2775594848288323,0.29062092486873936,0.24501137967428954,0.47321457695872066,0.5370183158014615,0.48510047038660853,0.27538554657330067,0.30436988716509605,0.2706217692295287,0.2213935089063268,4.580243293700006,2.736471974504771,0,1,1,0.0021657380002579885,100,0.0,0.0009251992804276687,0.002094277199621586,0.1,0.2908578205913756,2.395410554341246,1.2531383452911637,-0.06946431168504878,2.1848327393587597,1.4833336292136075,0.2213935089063268,4.580243293700006,2.736471974504771,False,False,False
1790678762.755864,APPROACH,0.009998063000000001,0.0032929159997365787,0.48580402129412104,0.5312565324152665,0.4177932839082503,0.2768836884608032,0.2887761610703698,0.24618881757670819,0.4759644438204285,0.5400576062683425,0.4878027684720418,0.2746915183273583,0.3036028124164921,0.26993974668277826,0.21395994338120716,4.595966897017174,2.743182018233603,0,1,1,0.002199561999987054,100,0.0,0.00011498250830344059,0.003298636805463495,0.1,0.2869575510029307,2.4050295465361495,1.256517073000565,-0.07299760762172354,2.1909373504810246,1.4866649452330383,0.21395994338120716,4.595966897017174,2.743182018233603,False,False,False
1790678762.7658246,APPROACH,0.009960512000000001,0.0032452659997943556,0.48870425967396347,0.5342832431286695,0.42037614776801124,0.2755911201786302,0.2880848805839541,0.24536790092146288,0.4786969978496372,0.5430777617263611,0.4904880532122956,0.2739830798381347,0.3028198107458834,0.2692435631694109,0.20239446576281536,4.603029969459911,2.7482284975348756,0,1,1,0.002150459999938903,100,0.0,7.625858690119003e-05,0.0033203060806862306,0.1,0.28306287547209774,2.414535617647393,1.2598352228390455,-0.08066840970928238,2.1884943518125173,1.4883932746958302,0.20239446576281536,4.603029969459911,2.7482284975348756,False,False,False
1790678762.775864,APPROACH,0.010039361,0.0032287150006595766,0.49145323775749805,0.5371594206973,0.4228260129431449,0.2741888632100306,0.2871434723457596,0.2447638621654067,0.48144395703603404,0.54611383848498,0.4931874939210554,0.27325191644520175,0.3020116923744749,0.2685250478607699,0.1984530643848374,4.6232988427124315,2.7583584648937673,0,1,1,0.002174254000237852,100,0.0,8.339174372645752e-05,0.003294502920180742,0.1,0.27912882183412946,2.4240391547559517,1.2631313275941005,-0.08067575744929205,2.1992596879564803,1.495227137299667,0.1984530643848374,4.6232988427124315,2.7583584648937673,False,False,False
1790678762.7858653,APPROACH,0.010001640000000001,0.0033418180000808206,0.49418778174921574,0.5400236720217739,0.4252729545526659,0.2728147771033623,0.28598845394160954,0.24440162287930955,0.4841732106883506,0.5491303462012969,0.49586953537623196,0.27250648468022315,0.3011878038842508,0.26779251100257756,0.19198108349630794,4.63812280378564,2.7659211357696902,0,1,1,0.0021624920000249404,100,0.0,0.00012581971905284428,0.003180120349933202,0.1,0.2752016166323864,2.4334291251410196,1.2663668851311636,-0.08322053313607848,2.2046936786446203,1.4995542506385264,0.19198108349630794,4.63812280378564,2.7659211357696902,False,False,False
1790678762.7958632,APPROACH,0.009997632000000001,0.0032249480000245967,0.49690949710703247,0.5428768446444536,0.42771514201505045,0.2715951569832569,0.28483945221097373,0.24391082262485486,0.48689383502415895,0.5521373163651729,0.4985430967897733,0.27174445193945934,0.3003455671648279,0.26704366034181337,0.187385765600784,4.657581228744224,2.7754529987936927,0,1,1,0.002163344000109646,100,0.0,0.0001244451141120262,0.0032533263671560286,0.1,0.27126867301422525,2.442737477765903,1.269553181565695,-0.08388290741344126,2.2148437509783205,1.5058998172279974,0.187385765600784,4.657581228744224,2.7754529987936927,False,False,False
1790678762.8058324,APPROACH,0.009969399,0.003273569000157295,0.49961902116751755,0.5457192901044934,0.4301509260361156,0.2704162262180429,0.2839015154374998,0.243055321897031,0.4895991064853722,0.5551273177637439,0.5012015709115617,0.2709678212671478,0.2994871960809355,0.2662804642729052,0.18098466590228304,4.6731568262370065,2.7837234512919977,0,1,1,0.002201616000093054,100,0.0,0.00012689869369386653,0.003192182895221052,0.1,0.26734015526093396,2.4519418628437406,1.272682817968726,-0.08635548935865092,2.2212149633932663,1.511040633323272,0.18098466590228304,4.6731568262370065,2.7837234512919977,False,False,False
1790678762.8158128,APPROACH,0.009980079000000001,0.0032632000002195127,0.5024517797061137,0.54869489047198,0.43269754566374363,0.26921905287345477,0.2830177201810216,0.241990938456061,0.4922994378069927,0.5581118590728181,0.5038551903511292,0.2701736821521915,0.2986094737900588,0.2655000626324486,0.1689664138960163,4.679374758245174,2.7884239114246583,0,1,1,0.0021948929997961386,100,0.0,0.00012568097158099922,0.003208874027348263,0.1,0.2634013476555288,2.4610782579084027,1.2757682374434725,-0.09443493375951252,2.218296500336771,1.512655673981186,0.1689664138960163,4.679374758245174,2.7884239114246583,False,False,False
1790678762.8258746,APPROACH,0.010062073000000001,0.003309548000288487,0.5051390833805485,0.5515169026161022,0.4351161505392174,0.2681797171376269,0.28134781116080076,0.24194519945709642,0.49501384649071056,0.5611119593869545,0.5065226436344997,0.26935620658541143,0.2977059588848028,0.2646967282275144,0.16453581084886387,4.700407825800226,2.798051845491343,0,1,1,0.002184363000196754,100,0.0,0.0001406197537936471,0.0031835411413669856,0.1,0.2594246311972085,2.4702107205615778,1.278830937494684,-0.09488882034834463,2.230197105238648,1.519220907996659,0.16453581084886387,4.700407825800226,2.798051845491343,False,False,False
1790678762.8358417,APPROACH,0.009966915,0.00344673600011447,0.5078141410399324,0.5543214208977947,0.4375357424219022,0.26687937452033683,0.2799340822561456,0.2416028093151783,0.4976943927013391,0.5640746332012561,0.5091568202172884,0.2685299004437018,0.2967926839862269,0.26388471600400737,0.1601326289513577,4.719104482398178,2.8067973402472823,0,1,1,0.002263001999381231,100,0.0,0.00013983494202662872,0.003164392937649696,0.1,0.25548063679883387,2.479178497782599,1.2818172156905288,-0.09534800784747618,2.239925984615579,1.5249801245567538,0.1601326289513577,4.719104482398178,2.8067973402472823,False,False,False
1790678762.84585,APPROACH,0.010008512,0.003705655999510782,0.5103434430881073,0.5569754121202681,0.4398267710142054,0.2656977547577152,0.2790986146497625,0.24047194119848408,0.5003777562972231,0.5670404209307321,0.5117937654485841,0.26768364205014905,0.29585735686044545,0.26305309667416854,0.16148356344524484,4.7457213214554415,2.819436170296366,0,1,1,0.0023269729999810806,100,0.0,0.0001543536790132305,0.0031236417066060618,0.1,0.2515158975606747,2.488105160294882,1.2847685656426417,-0.09003233411542988,2.257616161160559,1.5346676046537244,0.16148356344524484,4.7457213214554415,2.819436170296366,False,False,False
1790678762.8559687,APPROACH,0.010118601000000001,0.003435323999838147,0.5131269865714909,0.5599024166636513,0.4423422141743085,0.2646983627236713,0.27873313546676404,0.23843313287291817,0.5030819412180914,0.5700292214305402,0.5144511718256264,0.26681134934351797,0.29489325530901717,0.262195893387751,0.1501855068708931,4.752267508130206,2.8250354628191863,0,1,1,0.002236661999631906,100,0.0,0.0001547530844389633,0.0031316283266697997,0.1,0.24750380569377253,2.4970499112267794,1.2877042535317091,-0.09731829882287943,2.2552175969034267,1.537331209287477,0.1501855068708931,4.752267508130206,2.8250354628191863,False,False,False
1790678762.8658905,APPROACH,0.009921809,0.0033874749997266917,0.5157700738828801,0.5626866109944899,0.44471824087896206,0.2639088798789937,0.2779450226493453,0.23720091084330386,0.505724881942509,0.5729503317795938,0.5170483934435021,0.26593977716781886,0.2939299501244324,0.26133939816810764,0.14240950337533387,4.765441388586879,2.832673067582968,0,1,1,0.0022336969996104017,100,0.0,0.00015242045694480177,0.0031086209784906282,0.1,0.243566696577228,2.505742421495443,1.2905360186263541,-0.10115719320189412,2.2596989670914365,1.5421370489566137,0.14240950337533387,4.765441388586879,2.832673067582968,False,False,False
1790678762.8758204,APPROACH,0.009929954000000001,0.0034316479996050475,0.5184047133478922,0.5654569494656911,0.4470906305820854,0.2630600775733078,0.27622730840461834,0.2373263721115409,0.5083612545029512,0.5758641826651317,0.519639160517275,0.2650514713360748,0.292948150065786,0.260466458760812,0.14179254109917871,4.799297594466428,2.8475998206506805,0,1,1,0.002202047000537277,100,0.0,0.00045516369782405697,0.0005823130808738531,0.1,0.23962393574316648,2.514364405131886,1.2933238505050777,-0.09783139464398775,2.2849331893345424,1.554275970145603,0.14179254109917871,4.799297594466428,2.8475998206506805,False,False,False
1790678762.8858435,APPROACH,0.01002312,0.0038388060002034763,0.5210300993376027,0.5682128394280666,0.44946135737555704,0.2621044147098437,0.275606301293867,0.23612411044419723,0.5110133361687538,0.5787953960400432,0.5222453649512816,0.2641386693279899,0.2919392756071879,0.25956944692610245,0.13544537850091254,4.813710540180802,2.8555715765855547,0,1,1,0.0025221810001312406,100,0.0,0.0005644954499319788,0.0006599421517445192,0.1,0.23564233541051566,2.5229884494198793,1.2960910885969208,-0.1001969569096031,2.290722090760923,1.5594804879886337,0.13544537850091254,4.813710540180802,2.8555715765855547,False,False,False
1790678762.8958569,APPROACH,0.010013362000000001,0.004001092999715183,0.5235163054620955,0.570829786009134,0.45169627539715673,0.2613198961302545,0.2753842334145176,0.2344889700072581,0.5136536193133184,0.5817135690988501,0.5248399749616468,0.26321063390179933,0.290913564412575,0.25865746518970245,0.13442944686119668,4.836475194643294,2.8674874401447674,0,1,1,0.002627320000101463,100,0.0,0.0005597054801839141,0.0007018411980597273,0.1,0.23166336943171614,2.5315249846650896,1.298808924664118,-0.09723392257051948,2.3049502099782035,1.5686785154806495,0.13442944686119668,4.836475194643294,2.8674874401447674,False,False,False
1790678762.9058392,APPROACH,0.009982484,0.004033713999888278,0.5261260395898661,0.5735812125097839,0.4540341557125789,0.26068700942856937,0.2750042046016986,0.23314177064779357,0.5162764311010265,0.5846124319397418,0.5274174158447205,0.2622695134274484,0.2898733909679214,0.2577326247578202,0.12590402570892678,4.847892082568899,2.8747183008023094,0,1,1,0.002640804999828106,100,0.0,0.0005549063072882721,0.0007189090517439434,0.1,0.22769604652092232,2.539956475129753,1.3014721120111281,-0.10179202081199554,2.307935607439146,1.5732461887911813,0.12590402570892678,4.847892082568899,2.8747183008023094,False,False,False
1790678762.9158416,APPROACH,0.010002401000000001,0.003877359000398428,0.5287310699268257,0.5763277351197642,0.45636123178568067,0.2602659369438678,0.2742239872235002,0.23253970361508658,0.5188949736325543,0.5875065761850571,0.5299906613236592,0.2613106401593096,0.2888135962471722,0.2567903386301728,0.11693615873331824,4.86042760061535,2.881806954226815,0,1,1,0.00260340500062739,100,0.0,0.0005666754729223289,0.0007351061679028437,0.1,0.22372078896817577,2.5483259569713286,1.3040944905287846,-0.10678463023485753,2.3121016436440214,1.5777124636980306,0.11693615873331824,4.86042760061535,2.881806954226815,False,False,False
1790678762.9258652,APPROACH,0.010023631,0.0032960119997369475,0.5313311153519384,0.5790629490352233,0.4586879751937518,0.2597263226127344,0.2728798441811517,0.23286170286183638,0.5215093729680693,0.5903961411628015,0.5325598352779694,0.26033388717271594,0.2877340399668336,0.25583048207770903,0.10915667583916683,4.8758384573086815,2.889071959263253,0,1,1,0.002194192000388284,100,0.0,0.000590291545407351,0.0007543495345712636,0.1,0.21973768535542848,2.5566340606250457,1.306676343085536,-0.11058100951626165,2.3192043966836358,1.5823956161777173,0.10915667583916683,4.8758384573086815,2.889071959263253,False,False,False
1790678762.9359653,APPROACH,0.010099815,0.0037682729998778086,0.5340536837867438,0.5819199789633807,0.46113557576650077,0.25885385171071656,0.2715951858607726,0.23308003526314675,0.5241336599843055,0.5932966345000871,0.5351387258702208,0.25933376824664484,0.28662865848088503,0.25484766378320833,0.09682473257462396,4.882839136243106,2.8928813751032334,0,1,1,0.0025416879998374498,100,0.0,0.0005790901330033904,0.0007637808975865747,0.1,0.21572552663844635,2.564925212035451,1.3092313882238056,-0.1189007940638224,2.3179139242076556,1.5836499868794278,0.09682473257462396,4.882839136243106,2.8928813751032334,False,False,False
1790678762.9459765,APPROACH,0.010011639000000001,0.003959564000069804,0.5365090912974946,0.584492673822611,0.4633520283299921,0.2579897226184945,0.2701570904410836,0.23346802592177907,0.5267249877853166,0.5961606996633313,0.5376852273946814,0.25832668853799706,0.28551558358969503,0.25385800511774576,0.09659910827130912,4.909152953645403,2.9041003110892234,0,1,1,0.0026378789998489083,100,0.0,0.0005931646904923094,0.000790654055317841,0.1,0.21175021529947113,2.573064675922191,1.3117183742730953,-0.11515110702816202,2.3360882777232126,1.5923819368161278,0.09659910827130912,4.909152953645403,2.9041003110892234,False,False,False
1790678762.9558277,APPROACH,0.009851225,0.003993829000137339,0.5390833062009825,0.5871871322243392,0.46568732256712675,0.2569222353888937,0.26918655041176665,0.233083425469571,0.529264878785133,0.598967914299848,0.5401811819012752,0.2573205946539012,0.2844035982811333,0.25286931522347583,0.08813392407438689,4.920072492207181,2.9097132082221693,0,1,1,0.002656003999618406,100,0.0,0.0005637460232077451,0.000807658699425018,0.1,0.20784095783449066,2.5809967178201663,1.3141212958564512,-0.11970703376010378,2.3390757743870148,1.5955919123657183,0.08813392407438689,4.920072492207181,2.9097132082221693,False,False,False
1790678762.965845,APPROACH,0.010017089,0.003901644999132259,0.5416477766450578,0.5898772840808517,0.4680112678719599,0.2559608605762495,0.2688976581291834,0.23174442623874275,0.5318372943506733,0.6018110767140267,0.5427090983449757,0.2562822544066367,0.283255972678296,0.25184893678214704,0.08065545563801056,4.930852605192831,2.9162367367084707,0,1,1,0.0026104580001629074,100,0.0,0.0005786856991891742,0.0008205235654813459,0.1,0.20386887645626842,2.5889840637892987,1.3165199620301764,-0.12321342081825785,2.341868541403532,1.5997167746782945,0.08065545563801056,4.930852605192831,2.9162367367084707,False,False,False
1790678762.9758515,APPROACH,0.010006609000000001,0.00345537199973478,0.5440743058703195,0.5924285200487347,0.4702088477125681,0.25494518069927063,0.2681524237913124,0.2311198395756296,0.5343965571018992,0.6046397019796199,0.5452240894992977,0.25522969528907075,0.28209263166844795,0.25081458543670143,0.08188200976768405,4.953530303433659,2.9266584100400044,0,1,1,0.002260246999867377,100,0.0,0.0007076955131652962,0.0008544529154497216,0.1,0.19990456576995133,2.5968843681571996,1.3188713738773579,-0.11802255600226728,2.3566459352764597,1.6077870361626467,0.08188200976768405,4.953530303433659,2.9266584100400044,False,False,False
1790678762.9858649,APPROACH,0.010013001,0.0032180750004044967,0.5467458520462909,0.595238471725617,0.47263374016722093,0.25407790113682427,0.2673485874710902,0.23052014444877478,0.5369468358176288,0.6074583976395955,0.5477302520291293,0.2541612596124242,0.28091174309099487,0.24976463217401237,0.07313307535863003,4.956469980985444,2.928754018275063,0,1,1,0.0021264540000629495,100,0.0,0.0007424342653344906,0.0008569274931115256,0.1,0.19594193962305054,2.604711105410696,1.3211798052245363,-0.1228088642644205,2.3517588755747476,1.6075742130505264,0.07313307535863003,4.956469980985444,2.928754018275063,False,False,False
1790678762.9958682,APPROACH,0.010003664,0.003339454000524711,0.5492833406832389,0.5979069570407374,0.4749367762166621,0.25341896746312315,0.26631036634540467,0.23022618187390703,0.5394839776060436,0.6102625737100927,0.5502235048817593,0.25307874169425487,0.2797152901154946,0.24870084027250214,0.067951304942052,4.968588940805091,2.934436027496272,0,1,1,0.002232804999948712,100,0.0,0.0006152728218511427,0.0008662120210897295,0.1,0.1919878177404768,2.6124521348832137,1.3234419398891322,-0.1240365127984248,2.356136805921877,1.61099408760714,0.067951304942052,4.968588940805091,2.934436027496272,False,False,False
1790678763.005865,APPROACH,0.009996600000000001,0.0034749899996313616,0.5518151688128068,0.6005610711983032,0.47724109231990397,0.25296185419169886,0.264734678291679,0.23045917830626472,0.54200843532718,0.6130527307146865,0.5527042930833915,0.2519820434575878,0.2785031643423663,0.24762311335178758,0.06085080030641574,4.982243996951301,2.9402565967972674,0,1,1,0.002247552999506297,100,0.0,0.0007688682199747943,0.0008710661138113585,0.1,0.18804188295081797,2.6201095409513107,1.3256586991816524,-0.12719108264440224,2.3621344559999904,1.6145978976156152,0.06085080030641574,4.982243996951301,2.9402565967972674,False,False,False
1790678763.0158324,APPROACH,0.009967235000000001,0.0033870130000650533,0.5543423274871913,0.6032000688430657,0.4795462103226793,0.25247136892891153,0.2633871733133731,0.23024736612357932,0.5445144887296919,0.6158225463453307,0.5551669953348727,0.25087380497043316,0.2772782837068915,0.2465340458104661,0.05317586959092757,4.994722986701778,2.945913360046207,0,1,1,0.0022448370000347495,100,0.0,0.0007882948303501447,0.0008835933975501975,0.1,0.18411349514177058,2.627666812990126,1.3278256824666959,-0.130937625550843,2.3670561737116524,1.618087677579511,0.05317586959092757,4.994722986701778,2.945913360046207,False,False,False
1790678763.02591,APPROACH,0.010077572,0.0034756100003505708,0.5568639688794423,0.6058274028766428,0.4818460378695404,0.25186387099887664,0.2623272798272559,0.22952117154511575,0.5470369791491004,0.6186105289896052,0.5576458502662922,0.24973842822783696,0.27602340851342566,0.24541830946683174,0.04646021435922043,5.008029922311669,2.952347278407074,0,1,1,0.002240449000055378,100,0.0,0.0008088059983279994,0.0008981995293690037,0.1,0.18014826012334165,2.6352290866737196,1.3299730532303848,-0.13368804576412122,2.3728008356379493,1.6223742251766888,0.04646021435922043,5.008029922311669,2.952347278407074,False,False,False
1790678763.0358906,APPROACH,0.00998076,0.0034567849997984013,0.559379121919136,0.6084447504408672,0.4841373755399019,0.2511921045395616,0.26134722289623724,0.22863129781037994,0.5495238860233055,0.621359182919017,0.5600897371971094,0.2485993378562652,0.2747644288313752,0.24429892373470866,0.03860254855815179,5.018741570089441,2.957847851684799,0,1,1,0.0022260810001171194,100,0.0,0.0008273693380674851,0.000911011460437905,0.1,0.17622828328728996,2.642640930598023,1.3320569086952743,-0.13762573472913817,2.3761006394914177,1.6257909429895245,0.03860254855815179,5.018741570089441,2.957847851684799,False,False,False
1790678763.0458646,APPROACH,0.009973958,0.003297173999271763,0.5618874368025129,0.6110518442638986,0.48642033156952014,0.2504820777663105,0.26021788470860424,0.2279256657916644,0.5519976686580882,0.6240933312822441,0.5625207269191353,0.2474466058531765,0.2734903717355054,0.24316613235184525,0.03069760401843541,5.029664294792451,2.963219365818467,0,1,1,0.0021556290002990863,100,0.0,0.0008441036819647474,0.0009226011860066663,0.1,0.17231867963516093,2.6499705807824614,1.3340970397779202,-0.14162107561672552,2.37969371400999,1.629122326040547,0.03069760401843541,5.029664294792451,2.963219365818467,False,False,False
1790678763.0558646,APPROACH,0.010000106,0.0034019419999822276,0.5643881031489286,0.6136467355056379,0.48869744552488825,0.24963478696233943,0.25895523380175267,0.22739528080599924,0.554466322285945,0.6268218108103463,0.5649466763587428,0.24627650141226712,0.2721971137519889,0.24201626904956794,0.0234300743395498,5.041621549865772,2.9687652679712007,0,1,1,0.002271807999932207,100,0.0,0.0008609084013987411,0.000934755433109169,0.1,0.16840713082572467,2.6572422240228093,1.336100402781598,-0.14497705648617487,2.3843793258429624,1.6326648651896027,0.0234300743395498,5.041621549865772,2.9687652679712007,False,False,False
1790678763.0658665,APPROACH,0.010001870000000001,0.003347830000166141,0.5668805568973072,0.6162279882590829,0.4909701464406693,0.2488386834768681,0.2575528376949378,0.22695934450660893,0.5569236357458033,0.6295377566172815,0.5673614817990906,0.2450919389601815,0.2708878760509996,0.24085219783909517,0.015992835231591118,5.054038054895575,2.974321823826112,0,1,1,0.002175286000237975,100,0.0,0.0008773771069120473,0.0009470124675445391,0.1,0.16450378192037585,2.664438015815425,1.3380622846125174,-0.14851094668878473,2.389600039080149,1.6362595392135943,0.015992835231591118,5.054038054895575,2.974321823826112,False,False,False
1790678763.075866,APPROACH,0.009999486,0.0032878659994821646,0.5693643137425752,0.6187958696144786,0.49323730575924873,0.24792985872369921,0.25628925338430353,0.22626878881124174,0.559368449159547,0.6322398867477124,0.5697640034263007,0.24389353431487804,0.2695633392653624,0.23967452388561272,0.008583726584533408,5.065751593626524,2.9797622932746863,0,1,1,0.0022078480005802703,100,0.0,0.0008931325005940849,0.000958962071272107,0.1,0.16061081962769536,2.6715552013055595,1.3399822316214878,-0.15202709304316195,2.394196392320964,1.6397800616531986,0.008583726584533408,5.065751593626524,2.9797622932746863,False,False,False
1790678763.0858672,APPROACH,0.010000958,0.003274761000284343,0.571838290844128,0.6213521821974819,0.49549586510386323,0.24686417880980654,0.2551992008447128,0.22530524274986657,0.5618015662786671,0.6349290895480088,0.572155031088109,0.24268095229778275,0.26822313293894406,0.23848291780865805,0.0013558465443733458,5.076615731744928,2.9850783395374885,0,1,1,0.0021469630000865436,100,0.0,0.0009075084291030322,0.0009703863481482334,0.1,0.15672730600422474,2.6785967697468007,1.34186135343013,-0.1553714594598514,2.398018961998127,1.6432169861073584,0.0013558465443733458,5.076615731744928,2.9850783395374885,False,False,False
1790678763.095864,APPROACH,0.009997221,0.0032969940002658404,0.5743017658122529,0.6238970981049743,0.4977451488980087,0.24579940131549258,0.25398545761721714,0.22446243614325023,0.5642215846106324,0.6376038149132403,0.5745331865531055,0.24145495594781888,0.26686810042054715,0.2372781294476688,-0.005930261097257528,5.087665267299267,2.990313657039872,0,1,1,0.0022199599998202757,100,0.0,0.00092060825622442,0.0009813787434451715,0.1,0.15285582013883584,2.6855593253584074,1.3436990558430577,-0.15878608123609336,2.402105941940859,1.6466146011968141,-0.005930261097257528,5.087665267299267,2.990313657039872,False,False,False
1790678763.1058698,APPROACH,0.010005447,0.0036283889994592755,0.5767544523193306,0.6264291229854981,0.4999868568131385,0.24470381504134628,0.2526490286915629,0.22374992699191848,0.5666312536217399,0.6402671016911496,0.5769011717257402,0.24021419749764147,0.2654967520902559,0.2360588343497537,-0.013026409313633136,5.100063079528898,2.9959553528006664,0,1,1,0.002236380999420362,100,0.0,0.0016775168344826952,0.0007993035871785237,0.1,0.14899229226377636,2.692451405910149,1.345497888578398,-0.1620187015774095,2.4076116736187485,1.6504574642222685,-0.013026409313633136,5.100063079528898,2.9959553528006664,False,False,False
1790678763.1158655,APPROACH,0.009995718,0.0033182140005010297,0.5791961712685012,0.6289472935791007,0.5022217691322011,0.24363093549351642,0.25126164436148346,0.2230408509090751,0.5690261151548769,0.6429140225033967,0.5792546055686625,0.23896103687162662,0.26411169625458825,0.23482735161596158,-0.020565598468547525,5.1127907544128455,3.001715953210537,0,1,1,0.002223927999693842,100,0.0,0.0012797167154177114,0.000650665592070876,0.1,0.14514420345473747,2.6992609291527514,1.347255017164225,-0.165709801923285,2.4135298252600936,1.6544609360463118,-0.020565598468547525,5.1127907544128455,3.001715953210537,False,False,False
1790678763.1258643,APPROACH,0.009998904000000001,0.0033084950000557,0.5816263797950567,0.6314524572805063,0.5044483304120462,0.2424330675188,0.2500405396779195,0.2220882193981435,0.571409140309364,0.6455478611576333,0.5815964077854107,0.237694000316029,0.26271130404715387,0.23358223298638583,-0.02821152977159619,5.123319054036399,3.0066781290477587,0,1,1,0.002175257000089914,100,0.0,0.0013440471530757891,0.000538797200327168,0.1,0.14130711578775218,2.705997047483469,1.348973142274167,-0.16951864555934837,2.4173220065529297,1.6577049867735916,-0.02821152977159619,5.123319054036399,3.0066781290477587,False,False,False
1790678763.1358669,APPROACH,0.010002732,0.0032181950000449433,0.5840441425692084,0.6339458583066451,0.5066646406531667,0.2411507048944235,0.24883920765188558,0.22108247122760832,0.5737803346481867,0.6481686238023492,0.5839265838427384,0.2364131261892488,0.26129561786357636,0.232323516155881,-0.03584718560076822,5.132223300015401,3.010915388156976,0,1,1,0.0021315829999366542,100,0.0,0.0013113127502157873,0.0004501339864555254,0.1,0.13748133648552716,2.7126604045574827,1.3506527304327294,-0.17332852208629537,2.4195628954579176,1.6602626577242467,-0.03584718560076822,5.132223300015401,3.010915388156976,False,False,False
1790678763.1458898,APPROACH,0.010023170000000001,0.003169272000377532,0.5864486284270072,0.6364267716997158,0.5088714144464523,0.23975698437128506,0.24751692583045753,0.2202120837206577,0.5761434558534445,0.6507804636158462,0.5862488264202025,0.23511637515059994,0.2598623837224747,0.23104919706144744,-0.04297272114500847,5.14105694419014,3.0148969338014036,0,1,1,0.002107126999362663,100,0.0,0.0010160504419015615,0.0004561409400950512,0.1,0.13366109688214847,2.719262093403123,1.3522968337303347,-0.17663381802715694,2.4217948507870175,1.6626001000710686,-0.04297272114500847,5.14105694419014,3.0148969338014036,False,False,False
1790678763.1558547,APPROACH,0.00996471,0.003740299999662966,0.5888394452758909,0.6388931629903007,0.511070758436885,0.23838956881242584,0.24597404800665462,0.21954392582017818,0.5784798450071419,0.6533627578282091,0.5885447993724865,0.23381416677798955,0.25842311786277805,0.22976951503714946,-0.050482229195567,5.149781488973432,3.018558770673774,0,1,1,0.002511701000003086,100,0.0,0.0008546004621355907,0.00047462277724442676,0.1,0.12987691988335928,2.7257508863482203,1.3538931398091782,-0.18035914907892628,2.424030602625212,1.6646656308645957,-0.050482229195567,5.149781488973432,3.018558770673774,False,False,False
1790678763.1658578,APPROACH,0.010003242,0.004015679999611166,0.5912174107815282,0.6413420222249231,0.5132653437127388,0.23712285638632685,0.24403204196843398,0.21922485025168875,0.5808121524782316,0.6559405407606946,0.5908367612494528,0.2324940039907007,0.2569640078854877,0.22847218918394968,-0.05765081309414602,5.160750089372817,3.0226462835400634,0,1,1,0.0026806699997905525,100,0.0,0.0006879408003658272,0.00047899952296549537,0.1,0.12609245415474318,2.7321904869058176,1.3554577162767933,-0.1837432672488892,2.4285596024669993,1.6671885672632702,-0.05765081309414602,5.160750089372817,3.0226462835400634,False,False,False
1790678763.1758668,APPROACH,0.010008783,0.003970105000007607,0.5935824982412683,0.6437726323994548,0.5154545102929129,0.23585690969464235,0.2424141795833701,0.21832963319718934,0.5831324707486389,0.6585050726286118,0.5931169413218158,0.23116029632570784,0.2554899274315338,0.22716155276011948,-0.0651039972703346,5.17066930563867,3.026808028407172,0,1,1,0.00265947000025335,100,0.0,0.0006387485875305465,0.0004701636069171289,0.1,0.12232079482571113,2.7385594977248275,1.3569855742423116,-0.18742479209604573,2.432109807913842,1.6698224541648605,-0.0651039972703346,5.17066930563867,3.026808028407172,False,False,False
1790678763.1858566,APPROACH,0.009989908,0.003936991999580641,0.5959332585923818,0.6461891313616883,0.5176313436308941,0.23438648686737826,0.24107060247680479,0.21694930630472142,0.5854350389205353,0.661049986199388,0.5953796783470661,0.229816465475701,0.25400465832690894,0.22584096826794364,-0.07229834694038914,5.179420125986185,3.0309338160460353,0,1,1,0.002636356000039086,100,0.0,0.0007791048985823501,0.00045133026318291416,0.1,0.11857162517042508,2.744842871099945,1.3584734881640264,-0.19086997211081422,2.434577254886241,1.6724603278820092,-0.07229834694038914,5.179420125986185,3.0309338160460353,False,False,False
1790678763.1958666,APPROACH,0.010009705,0.003910871999323717,0.5982690801961503,0.6485920700504799,0.5197940907518968,0.23287764945549166,0.23963212436034936,0.21562610330030796,0.58772864267574,0.6635849918482313,0.5976336060272531,0.2284574522506887,0.25250260890165793,0.22450546403420468,-0.07911506063892655,5.188803455678665,3.0352248977166036,0,1,1,0.0026211779995719553,100,0.0,0.0008457825618090054,0.00042295475120789354,0.1,0.11483094126988054,2.7510652718282764,1.359927645519243,-0.1939460019088071,2.4377381838503887,1.6752972521973606,-0.07911506063892655,5.188803455678665,3.0352248977166036,False,False,False
1790678763.2058718,APPROACH,0.010005406000000001,0.003891164999913599,0.6005898019783125,0.6509794132848148,0.5219450079086991,0.23136701133464146,0.23798775001396838,0.21453671413495656,0.5900076047565506,0.6661038147858221,0.5998731453131386,0.2270866455558023,0.25098752474332253,0.2231583703408067,-0.0856247371581376,5.199273313616038,3.03967306762996,0,1,1,0.0026184919997831457,100,0.0,0.0008443459012176247,0.000395505705321142,0.1,0.11110828628130008,2.7572119111390343,1.3613448983839853,-0.1967330234394377,2.4420614024770035,1.6783281692459748,-0.0856247371581376,5.199273313616038,3.03967306762996,False,False,False
1790678763.215872,APPROACH,0.010000548000000001,0.0038661879998471704,0.6028953636713048,0.653349829379569,0.5240854331660083,0.22984624170383292,0.23630364877517412,0.2134467054292315,0.592271693601712,0.6686061990790737,0.6020980686491472,0.2257042871364344,0.2494596730410084,0.22179992475129173,-0.0919677487008688,5.21020196383502,3.0442557558583814,0,1,1,0.002583387000413495,100,0.0,0.0008124178782706326,0.0003753732001836485,0.1,0.10740434047776481,2.763282915509285,1.3627256598223503,-0.1993720891786336,2.4469190483257353,1.681530096036031,-0.0919677487008688,5.21020196383502,3.0442557558583814,False,False,False
1790678763.2258737,APPROACH,0.010001549,0.003925689999960014,0.6051855901515397,0.6557038968819509,0.5262139724771133,0.22830273665998824,0.23472706388668788,0.21215077046589925,0.5945221221879757,0.6710934853705927,0.604309568029262,0.224309724072614,0.2479183321548895,0.22042948564027331,-0.09558160174475099,5.230128716862485,3.052977468669829,0,1,1,0.0026399529997434,100,0.0,0.0004941964889444428,0.00336891248665272,1.0,0.10371741233612698,2.769282262025468,1.364071206406552,-0.19929901408087797,2.460846454837016,1.688906262263277,-0.09558160174475099,5.230128716862485,3.052977468669829,False,False,False
1790678763.235875,APPROACH,0.010000998,0.003933694999432191,0.6074602002326168,0.6580437866958855,0.5283274241409996,0.226745251276706,0.23360001209935463,0.21030252505282798,0.5967584204512051,0.6735651541219715,0.6065071815207854,0.22290332359151474,0.2463639079628153,0.21904741388241863,-0.10500207224260316,5.22902830722014,3.0531421495013547,0,1,1,0.0026261869998052134,100,0.0,0.0006510579233804381,0.00031231775310026634,0.1,0.10004855685825642,2.7752094016194846,1.3653817782088318,-0.20505062910085958,2.453818905600655,1.6877603712925227,-0.10500207224260316,5.22902830722014,3.0531421495013547,False,False,False
1790678763.2458723,APPROACH,0.009997342000000001,0.003910050999365922,0.6097193857628938,0.6603737780568899,0.5304210168517152,0.22518360697038303,0.23226967101694218,0.20874461719552845,0.5989797846183343,0.676020316962995,0.6086901192547801,0.22148568316134704,0.24479706081655098,0.2176542966105898,-0.10851861492178463,5.247820098429439,3.061814648586025,0,1,1,0.0026300150002498413,100,0.0,0.0004454116388112883,0.00371029507252274,1.0,0.09639937662446135,2.7810629342869895,1.3666574455118659,-0.204917991546246,2.4667571641424493,1.695157203074159,-0.10851861492178463,5.247820098429439,3.061814648586025,False,False,False
1790678763.2558737,APPROACH,0.010001238,0.0038778499992986326,0.611963091703525,0.6626862828746001,0.5325043037050321,0.2236756263570389,0.23055226006233603,0.20773118293142562,0.6011877753891113,0.6784606988571265,0.6108599149331131,0.2200558866128759,0.2432167781200102,0.21624923350397338,-0.1178215076663724,5.2480831357119655,3.061604689760892,0,1,1,0.002603994999844872,100,0.0,0.0005613578178287337,0.0002926110973029084,0.1,0.09276758397876184,2.786847682331164,1.3678996300549409,-0.21058909164513423,2.461235453380802,1.693705059705951,-0.1178215076663724,5.2480831357119655,3.061604689760892,False,False,False
1790678763.2658708,APPROACH,0.009997191,0.003908387999217666,0.6141917852843255,0.6649827728637767,0.5345764783983782,0.22214528847502274,0.22877439383048692,0.20678936067939507,0.6033805243061627,0.6808842346917738,0.6130147324200601,0.21861522658472993,0.24162448856209276,0.21483349484039269,-0.12391011094001546,5.258491414816868,3.065738343126279,0,1,1,0.0026154970000789035,100,0.0,0.0006330936610470239,0.000314968473616839,0.1,0.08915652410307755,2.7925594638825526,1.3691078089511317,-0.213066635043093,2.465931950934315,1.6966305341751473,-0.12391011094001546,5.258491414816868,3.065738343126279,False,False,False
1790678763.2758732,APPROACH,0.010002421000000001,0.003878932000588975,0.6164050161279206,0.6672590821000028,0.5366412733977093,0.2205987601545666,0.2267479642795176,0.20600288407705936,0.6055599499089401,0.6832930449327481,0.6151564570670752,0.2171625228901419,0.24001888774132354,0.21340592084862897,-0.1295883550364174,5.270353303860745,3.070149967728822,0,1,1,0.0026051079994431348,100,0.0,0.000627443859826049,0.00030077736683304935,0.1,0.08556330418035119,2.7982039854589518,1.3702835642271807,-0.2151516592167686,2.4721493184017924,1.6998664035016415,-0.1295883550364174,5.270353303860745,3.070149967728822,False,False,False
1790678763.285875,APPROACH,0.010001850000000001,0.0038910450002731523,0.6186025459815534,0.6695166011384064,0.5386958534192932,0.21901421574959226,0.22505627941214462,0.20468728878929843,0.6077246659837464,0.6856855974673013,0.6172837266399819,0.21569877067517557,0.23840107554293216,0.2119674894601378,-0.13541885628878034,5.2808051436336845,3.0744769063930772,0,1,1,0.0026120309994439594,100,0.0,0.0006072460817851955,0.0002895457585331607,0.1,0.08199046970551532,2.803778350644428,1.371426661210048,-0.21740932599429566,2.4770267929892564,1.7030502451830292,-0.13541885628878034,5.2808051436336845,3.0744769063930772,False,False,False
1790678763.2958634,APPROACH,0.009988395,0.0039055829993230873,0.6207840696101794,0.6717591399255918,0.5407342928937151,0.2174017302099185,0.22365193114545898,0.20292785201452063,0.609871804440243,0.6880587223384634,0.6193937226623156,0.21422604081284782,0.23677334079940943,0.21052023572478532,-0.14153927409758338,5.289622790298958,3.0786131138781947,0,1,1,0.002597102999970957,100,0.0,0.0005755117153330991,0.0002782633671894796,0.1,0.07844302032343554,2.8092759580383944,1.3725361683234383,-0.2199822944210189,2.4803468322605644,1.7060769455547564,-0.14153927409758338,5.289622790298958,3.0786131138781947,False,False,False
1790678763.305897,APPROACH,0.010034341,0.003921372000149859,0.6224097409193501,0.6734318639375898,0.5422514287910092,0.21620291387091073,0.22256886602120662,0.20164576067658624,0.6120139532466258,0.6904263323986234,0.6214988153483689,0.21273568637934875,0.23512612649784342,0.20905566229821576,-0.1258684623763725,5.330541456025356,3.095644651777455,0,1,1,0.002593766000245523,100,0.0,0.0004344744895762309,0.00021362977301057074,0.1,0.0749003955929863,2.8147296061725617,1.3736190060530618,-0.20076885796935878,2.5158118498527946,1.7220256457243936,-0.1258684623763725,5.330541456025356,3.095644651777455,False,False,False
1790678763.3158748,APPROACH,0.009977334000000001,0.004557553000267944,0.6250996778093194,0.676204173604285,0.5447562397787307,0.21457311457110528,0.22175946005269656,0.19839577430697314,0.6141290513687597,0.6927640446888566,0.6235773252884451,0.21124318192375618,0.23347653588426634,0.20758897604186968,-0.15584000959515287,5.302244028467503,3.086214585812696,0,1,1,0.0031457379991479684,100,0.0,0.00047591380822220586,0.00026755172493365676,0.1,0.07139933357976676,2.820083900878884,1.3746645951316974,-0.22723934317491962,2.482160127588619,1.7115499906809988,-0.15584000959515287,5.302244028467503,3.086214585812696,False,False,False
1790678763.3258805,APPROACH,0.010005677000000001,0.004090219999852707,0.6271343981461799,0.6783098472261111,0.5466266055187576,0.21361018035931092,0.2207772143462573,0.1965314305088594,0.6162351507616501,0.6950918111332074,0.6256469921644644,0.20973597333011132,0.23181069352147607,0.20610784000809618,-0.16055166664504228,5.313152232210213,3.091873208899128,0,1,1,0.002650403000188817,100,0.0,0.00045266410805222534,0.0002375970945287409,0.1,0.06791021142291256,2.8253853931727306,1.3756824957085774,-0.22846187806795484,2.4877668390374827,1.7161907131905503,-0.16055166664504228,5.313152232210213,3.091873208899128,False,False,False
1790678763.3358767,APPROACH,0.009996129000000001,0.004102433000298333,0.6292619632215155,0.6805016237613888,0.5485960699482346,0.21204002942064618,0.21769060492903686,0.197412873504911,0.6183241297154308,0.6974006552114977,0.6276998347605625,0.20821990798481566,0.2301350622335438,0.20461800043184855,-0.1655538909543668,5.328231844124768,3.0958913827057333,0,1,1,0.0027283500003250083,100,0.0,0.00041957157450978055,0.00023137289255490415,0.1,0.06444671499397465,2.830614274276488,1.3766692501627444,-0.23000060594834146,2.49761756984828,1.7192221325429888,-0.1655538909543668,5.328231844124768,3.0958913827057333,False,False,False
1790678763.3458748,APPROACH,0.009997902000000001,0.003959794999900623,0.6313740452749181,0.6826626265111679,0.5505742214751859,0.21047606204876193,0.21510972387205157,0.19752880304107656,0.6203982696328907,0.6996930984442576,0.6297380950145121,0.20669345189887803,0.2284479465790712,0.20311794985995818,-0.1709232622269075,5.341703441305064,3.0997900797375064,0,1,1,0.0026107280000360333,100,0.0,0.0003900559839523088,0.00022059292676072096,0.1,0.0610052995816537,2.8357770105670914,1.3776264971480277,-0.23192856180856122,2.5059264307379725,1.7221635825894788,-0.1709232622269075,5.341703441305064,3.0997900797375064,False,False,False
1790678763.3559527,APPROACH,0.010078034000000001,0.003933944999516825,0.6335740170247703,0.6849121467943897,0.5526400694180653,0.20864655043746586,0.2138358123052441,0.19549345605880142,0.6224735374572433,0.7019867882961593,0.6317774636641733,0.20514469198734772,0.2267361796204054,0.20159598128685974,-0.1804879313365584,5.344082574856096,3.1013341890585027,0,1,1,0.0026334809999752906,100,0.0,0.0003780250351549941,0.00021982698705840244,0.1,0.05755967470990044,2.840913717190104,1.3785618684012988,-0.23804760604645886,2.503168857665992,1.722772320657204,-0.1804879313365584,5.344082574856096,3.1013341890585027,False,False,False
1790678763.365851,APPROACH,0.009898164000000001,0.0038922969997656764,0.6356512588359946,0.687044573951515,0.554583402039591,0.20681720461779454,0.21268791874487464,0.1933509589495217,0.6244965251077264,0.7042226954836487,0.6337654565124382,0.20361390581528438,0.22504427813805655,0.20009167553316032,-0.18703881909896447,5.349539090036508,3.104383468651168,0,1,1,0.0026153170001634862,100,0.0,0.0003586020664694267,0.00021114830156645505,0.1,0.054198772556384125,2.845893340454119,1.3794521529171668,-0.2412375916553486,2.5036457495823896,1.7249313157340012,-0.18703881909896447,5.349539090036508,3.104383468651168,False,False,False
1790678763.3758411,APPROACH,0.009990048000000001,0.003856108000036329,0.6377100117782284,0.6891617270969181,0.5565104301583066,0.20498087123715872,0.2108380770461498,0.19217035497690607,0.6265228807601686,0.7064623251554478,0.63575675910103,0.20205936963592308,0.2233261269591227,0.19856403061342925,-0.19207398501453526,5.3592618302715636,3.108095422361915,0,1,1,0.0025872940004774136,100,0.0,0.0003322680214611351,0.0002016136932168733,0.1,0.05083038838335701,2.850853947108381,1.3803226597508693,-0.24290437339789228,2.5084078831631826,1.7277727626110453,-0.19207398501453526,5.3592618302715636,3.108095422361915,False,False,False
1790678763.385812,APPROACH,0.009970881000000001,0.0038488350000989158,0.6397504927346782,0.6912584554637249,0.5584283922588495,0.2031733281477764,0.2088085343701695,0.19123354263037262,0.6285298164611137,0.7086804909250216,0.6377289776755989,0.20049843615592872,0.2216009051633897,0.19703009905724556,-0.19705851220858966,5.369652547194757,3.1117291222650993,0,1,1,0.0025783870005398057,100,0.0,0.00030603281531121906,0.00019282856418743056,0.1,0.047492595148317114,2.855740164610407,1.3811638939160227,-0.24455110735690677,2.513912382584351,1.7305652283490767,-0.19705851220858966,5.369652547194757,3.1117291222650993,False,False,False
1790678763.3969738,APPROACH,0.011163293000000001,0.003901734999999462,0.641571434706699,0.693129120873599,0.5601450407435573,0.20156622797462548,0.20718347646875723,0.19004805178900944,0.6307582345086982,0.7111434500677208,0.6399188472679734,0.19873993298661388,0.21965731946005887,0.19530201548569529,-0.18550198683508085,5.401716294585894,3.1241616788538016,0,1,1,0.0026015200000983896,100,0.0,0.0006391019961892175,0.000599405201568759,1.0,0.0437846866096164,2.8611344269611227,1.3820736155652669,-0.22928667344469725,2.540581867624771,1.7420880632885347,-0.18550198683508085,5.401716294585894,3.1241616788538016,False,False,False
1790678763.4058263,APPROACH,0.008851167,0.003921322000678629,0.6437776267058348,0.6953994385909272,0.5622236578988575,0.19978031326677106,0.20618377788555164,0.18733342308362194,0.6325111139977391,0.7130808201981876,0.6416414044409009,0.19733762609297845,0.21810741970570466,0.1939239665020774,-0.2084537065772705,5.384330640774235,3.1187414906708577,0,1,1,0.002624113999445399,100,0.0,0.0002704836147426892,0.0001794631461687901,0.1,0.040866884705363975,2.865354589839181,1.3827712407079813,-0.24932059128263448,2.518976050935054,1.7359702499628766,-0.2084537065772705,5.384330640774235,3.1187414906708577,False,False,False
1790678763.4159114,APPROACH,0.010085318000000001,0.0038906640002096538,0.6457694549743556,0.6974581327252203,0.5640819863060313,0.1983271265419597,0.20515903720712958,0.1851049593066436,0.6344932341554561,0.715271558587544,0.6435892367457605,0.19573131744026187,0.21633204699837366,0.19234544469896905,-0.21529355661023347,5.386032848025799,3.1201701527139667,0,1,1,0.0026134529998671496,100,0.0,0.0006645494375242533,0.0006119504711874502,1.0,0.03756643591639762,2.87010238207789,1.3835410889005406,-0.2528599925266311,2.5159304659479096,1.7366290638134259,-0.21529355661023347,5.386032848025799,3.1201701527139667,False,False,False
1790678763.4258654,APPROACH,0.009953549,0.0032920249996095663,0.6477441355196403,0.6994954936920843,0.5659327077279057,0.19666689171852997,0.20236930417835924,0.1851856998080963,0.6364335295409242,0.7174160701455778,0.6454959677873023,0.19413732486436683,0.2145702866354781,0.19077902592211207,-0.220290623554536,5.398572204551407,3.123621375831592,0,1,1,0.002163082999686594,100,0.0,0.0006364963706388949,0.0005893504634513214,1.0,0.034334705022136744,2.874725126504481,1.3842751941530431,-0.25462532857667275,2.5238470780469253,1.739346181678549,-0.220290623554536,5.398572204551407,3.123621375831592,False,False,False
1790678763.4358737,APPROACH,0.010008412000000001,0.0031555069999740226,0.6497014443490103,0.7015044266827379,0.5677848759399469,0.19483121929450453,0.199929530291466,0.18474118796108277,0.6383684797409617,0.719554673937185,0.6473974461075009,0.1925260481319796,0.21278942295787798,0.18919562198002848,-0.22438427173259134,5.4109470086317595,3.127321562492774,0,1,1,0.0021188999999139924,100,0.0,0.0006131224304048444,0.0005686769822716986,1.0,0.031111134923877855,2.8793107420712145,1.3849881158140935,-0.2554954066564692,2.531636266560545,1.7423334466786804,-0.22438427173259134,5.4109470086317595,3.127321562492774,False,False,False
1790678763.4458776,APPROACH,0.010004044,0.003255806000197481,0.651544009279875,0.7033946790750205,0.569533558888101,0.19310791951549364,0.1984610083379752,0.1830193130385347,0.6402864278819416,0.7216744862022894,0.6492822164800242,0.19090714741380407,0.21100013286965827,0.18760472593624136,-0.22552951210539596,5.424681423543367,3.1330123543487787,0,1,1,0.002178572000048007,100,0.0,0.0005737597198285371,0.0005361290609580127,1.0,0.027915327163342427,2.8838321310350374,1.3856759406483647,-0.2534448392687384,2.5408492925083297,1.7473364137004141,-0.22552951210539596,5.424681423543367,3.1330123543487787,False,False,False
1790678763.4558296,APPROACH,0.009951675,0.003561071999683918,0.653274099257259,0.7051762287562751,0.5711701969584828,0.19146704845554902,0.19769202028024743,0.1805865641911475,0.6421782269862263,0.7237653972434644,0.6511412901569067,0.18928865018984942,0.20921128874344347,0.18601422640680035,-0.22384639480811167,5.439873960562514,3.14028578248126,0,1,1,0.0021735730006184895,100,0.0,0.0005239753462229491,0.0004947761589251254,1.0,0.024762708888875197,2.888268641625511,1.3863360718424822,-0.24860910369698686,2.5516053189370034,1.7539497106387778,-0.22384639480811167,5.439873960562514,3.14028578248126,False,False,False
1790678763.4658637,APPROACH,0.010034652,0.0032989370001814677,0.6551801717591816,0.7071486690785518,0.5729623719966428,0.18989149828907806,0.19695389681273778,0.17791220522654544,0.6440694511542446,0.7258556728363066,0.6529997988431008,0.1876486999046887,0.20739873362041025,0.18440264492352693,-0.2300891422718464,5.446470129807555,3.1446913484675214,0,1,1,0.0021987210002407664,100,0.0,0.00041460458478281836,0.00011084649062098606,0.1,0.0216108383022403,2.892680852144758,1.3869778742004986,-0.2516999805740867,2.553789277662797,1.7577134742670228,-0.2300891422718464,5.446470129807555,3.1446913484675214,False,False,False
1790678763.4758759,APPROACH,0.010011969,0.0038805849999334896,0.6570719225206689,0.7091122362442883,0.574731155670122,0.1884767450454988,0.19576722573823496,0.17611334398731088,0.645939960612729,0.7279230534955474,0.6548379511547031,0.18600468747846416,0.205581688815792,0.1827870715684388,-0.23723125793341776,5.450467636581816,3.1469841996116736,0,1,1,0.002569219999713823,100,0.0,0.0004321931491446662,0.00010867628730875101,0.1,0.018493451859307404,2.8970222785203634,1.3875948732614056,-0.25572470979272516,2.5534453580614525,1.7593893263502682,-0.23723125793341776,5.450467636581816,3.1469841996116736,False,False,False
1790678763.485872,APPROACH,0.009995989,0.003526236000652716,0.658949744143019,0.7110597583568028,0.5764885475502419,0.18712419190994153,0.1938158464804412,0.1754720959612605,0.6477910262576853,0.7299689438790522,0.6566569960030308,0.18435575339710414,0.2037592043516241,0.18116666169583226,-0.24408580008608863,5.457528214538273,3.1492191984180824,0,1,1,0.0022838710001451545,100,0.0,0.0004492844694412579,0.00010382188585651432,0.1,0.015408600654869624,2.9012967084244385,1.3881881140627184,-0.25949440074095825,2.5562315061138348,1.761031084355364,-0.24408580008608863,5.457528214538273,3.1492191984180824,False,False,False
1790678763.4958642,APPROACH,0.009992081,0.0031877769997663563,0.6608132229192352,0.7129862113881114,0.578241937535366,0.18560713024073988,0.19176087606974002,0.1749980283246908,0.6496248583240537,0.7319957868490834,0.6584591053891107,0.18270012618945705,0.20192932230934021,0.17953967447848118,-0.2508191212899926,5.466780975926559,3.152305933982589,0,1,1,0.0021197910000410047,100,0.0,0.0003490622790096598,0.0009570499720981118,1.0,0.012352764804985907,2.9055100138292302,1.3887588757199314,-0.26317188609497855,2.561270962097329,1.763547058262658,-0.2508191212899926,5.466780975926559,3.152305933982589,False,False,False
1790678763.5058641,APPROACH,0.009999826,0.0034661319996303064,0.6626610093204057,0.7148936604701879,0.5799881279288304,0.18393066177065157,0.19007310202691258,0.17398328599089585,0.6514435135337376,0.7340058555976129,0.6602463004564892,0.18103607008966396,0.20009012423365038,0.17790440417680134,-0.25666426241193235,5.473034435110895,3.154345192529856,0,1,1,0.002208167999924626,100,0.0,0.0003390350786993679,0.0009395204908106969,1.0,0.009322676742875406,2.9096676077915955,1.3893083051928408,-0.26598693915480776,2.5633668273193,1.765036887337015,-0.25666426241193235,5.473034435110895,3.154345192529856,False,False,False
1790678763.515868,APPROACH,0.010004135,0.0033877650002978044,0.6643096586015123,0.7165968174840636,0.5815495927601573,0.18246982274818627,0.18860995618634172,0.17291442911267846,0.6532462664507068,0.7359983483364373,0.6620178683181456,0.17936434528036294,0.19824245031644785,0.17626159782335488,-0.2554068645860965,5.488805871894872,3.160388738725507,0,1,1,0.0022387760000128765,100,0.0,0.0003235357542943351,0.000904912714207784,1.0,0.006319701219917313,2.91376849197145,1.3898366680560996,-0.26172656580601383,2.5750373799234216,1.7705520706694076,-0.2554068645860965,5.488805871894872,3.160388738725507,False,False,False
1790678763.5258543,APPROACH,0.009986150000000001,0.003248711999731313,0.6662155923583901,0.7185700900038459,0.5833556519421705,0.18070217344137454,0.18755138813632072,0.1708903549503124,0.6550290655656537,0.7379687871347202,0.6637698275501066,0.17768889396752854,0.19639065768105524,0.17461512942957338,-0.26577318399497457,5.48593918173431,3.1598111698658506,0,1,1,0.0021632829993905034,100,0.0,0.0003211948733088388,0.000891832905740797,1.0,0.003350736284147352,2.9178041853556467,1.390343321735415,-0.2691239202791219,2.5681349963786637,1.7694678481304353,-0.26577318399497457,5.48593918173431,3.1598111698658506,False,False,False
1790678763.5358653,APPROACH,0.010010977,0.003224416999728419,0.6680148117334888,0.7204385570102039,0.5850565543257646,0.1790873932795564,0.18608907290330595,0.16956592666702522,0.6567994703102451,0.7399255270546361,0.6655096068166491,0.17600273131786137,0.1945270263401686,0.17295813498981538,-0.27227942392419513,5.489919304970256,3.1613427174980187,0,1,1,0.002128287000232376,100,0.0,0.0003185633051026038,0.0008785643459090497,1.0,0.00040334026127131185,2.9217924717922403,1.3908309083754162,-0.27268276418546644,2.5681268331780154,1.7705118091226026,-0.27227942392419513,5.489919304970256,3.1613427174980187,False,False,False
1790678763.5458627,APPROACH,0.009997511,0.003171868000208633,0.669797447996924,0.7222881119094051,0.5867498338012265,0.17741931433545377,0.18398970511009066,0.16906691242544605,0.6585506156991063,0.741860980570805,0.6672304598868577,0.17431250247904392,0.19265890084354917,0.1712971447001823,-0.2779852358535776,5.496879069958467,3.1630268482577684,0,1,1,0.0021451700004035956,100,0.0,0.00031432727948210726,0.0008691424214006815,1.0,-0.0025109142497572365,2.925718541092507,1.3912980176601335,-0.27547432160382035,2.57116052886596,1.7717288305976346,-0.2779852358535776,5.496879069958467,3.1630268482577684,False,False,False
1790678763.5558898,APPROACH,0.010026928000000001,0.003374169999915466,0.6716508691020397,0.7242073033065486,0.5885223399263415,0.175605920527192,0.18187643501825734,0.16831583720622997,0.6602899100069839,0.7437833356792083,0.668939666882888,0.1726111516525119,0.19077848276953105,0.1696252248173657,-0.2868422387737268,5.499129917737475,3.1628479371522493,0,1,1,0.00219983199986018,100,0.0,0.0003136151440953361,0.0008667391038392758,1.0,-0.005404214976027602,2.929599645238868,1.3917470958421734,-0.28143802379769917,2.5695302724986067,1.771100841310076,-0.2868422387737268,5.499129917737475,3.1628479371522493,False,False,False
1790678763.5658622,APPROACH,0.009972504,0.003213947000404005,0.6733979413154554,0.7260154417446261,0.5902009864987168,0.17375879926188273,0.1799794956212592,0.1672848246306844,0.6620028134806343,0.7456765223169495,0.670622939568498,0.170913137287824,0.1889017523201093,0.16795658368036007,-0.29209308242808657,5.505242964879426,3.164487137570253,0,1,1,0.002157923000595474,100,0.0,0.00031038701095620347,0.0008660695741637969,1.0,-0.00825224660224719,2.9334040882881642,1.392174944768834,-0.28384083582583935,2.571838876591262,1.7723121928014187,-0.29209308242808657,5.505242964879426,3.164487137570253,False,False,False
1790678763.5758634,APPROACH,0.010001219,0.0032203590008066385,0.6751258888217953,0.7278047907017369,0.5918682372687298,0.1718331184828389,0.1781582267063148,0.1660104750480136,0.6637036138229779,0.747556331968295,0.672294318489718,0.16920453776922775,0.18701332262887618,0.1662775404975176,-0.29679140603704646,5.511405407884971,3.1663077866033484,0,1,1,0.0021584849991995725,100,0.0,0.00030553685074619086,0.0008605088204174383,1.0,-0.011078641239141184,2.937164349697411,1.392585687153605,-0.28571276479790525,2.57424105818756,1.7737220994497434,-0.29679140603704646,5.511405407884971,3.1663077866033484,False,False,False
1790678763.585863,APPROACH,0.009999405000000001,0.003230438000173308,0.6768344391818104,0.7295766778699635,0.5935212829729624,0.16989458553097417,0.17645818782151837,0.16448988540668377,0.6653869946245127,0.7494168886714138,0.6739485792033503,0.16749075909779537,0.18511916867874872,0.1645934077537993,-0.30147560390160155,5.5168729024330965,3.1680794013248903,0,1,1,0.002139487999556877,100,0.0,0.00030058742830985086,0.0008571987295786787,1.0,-0.013874432665393186,2.940869277547512,1.3929784762344295,-0.2876011712362084,2.5760036248855847,1.7751009250904606,-0.30147560390160155,5.5168729024330965,3.1680794013248903,False,False,False
1790678763.595863,APPROACH,0.010000398,0.003244634999646223,0.6785236494914786,0.7313317673915201,0.5951585173637941,0.16796850351718093,0.17475918152390976,0.16290906580659303,0.6670533767257669,0.7512586575603184,0.6755861352699821,0.16577153629007305,0.18321899759675328,0.16290392504958726,-0.3061181451878568,5.522180420664343,3.1698338370982984,0,1,1,0.002181958999244671,100,0.0,0.00029577740165209754,0.0008535897773314094,1.0,-0.01664019870611762,2.94452046922058,1.3933539036562397,-0.2894779464817392,2.5776599514437626,1.7764799334420587,-0.3061181451878568,5.522180420664343,3.1698338370982984,False,False,False
1790678763.6058655,APPROACH,0.010002471,0.0033814729995356174,0.6801936966698188,0.7330695212819043,0.5967801729909326,0.16606223212030868,0.17298600449139667,0.16138414632073456,0.6687028805164968,0.7530817716957918,0.6772071049967986,0.16404689853922388,0.18131284164863457,0.1612091210730445,-0.31067054426720553,5.5277040976775265,3.1715891875138125,0,1,1,0.002158764999876439,100,0.0,0.00029108340585959347,0.0008508342878945641,1.0,-0.019376020947429656,2.948118845963735,1.393712478821871,-0.2912945233197759,2.579585251713792,1.7778767086919414,-0.31067054426720553,5.5277040976775265,3.1715891875138125,False,False,False
1790678763.615863,APPROACH,0.009997361000000001,0.003272336999543768,0.681844894194886,0.734788958151265,0.5983871148934501,0.16421283841680065,0.1711207664665691,0.1599317897954981,0.6703342798345918,0.7548848758621087,0.6788102834325456,0.16231830555118096,0.1794023141744377,0.15951043027927247,-0.31530839000443084,5.533468971903099,3.1733280937365596,0,1,1,0.002205983999374439,100,0.0,0.00028639403816410614,0.00084809223563731,1.0,-0.022079753192904915,2.9516624003318057,1.3940544257921892,-0.29322863681152594,2.5818065715712937,1.7792736679443701,-0.31530839000443084,5.533468971903099,3.1733280937365596,False,False,False
1790678763.6258633,APPROACH,0.010000227,0.0032237549994533765,0.6833962480812286,0.7364051155862281,0.5999000978002273,0.16246874068107084,0.16934655616621885,0.1585015346925606,0.6719488347699492,0.7566693627736822,0.6803969088693617,0.1605846005754451,0.17748613667562396,0.1578067159279066,-0.31663656908398374,5.543593462853994,3.176858511213414,0,1,1,0.0021559289998549502,100,0.0,0.00027744516775585204,0.0008513134814049916,1.0,-0.02475337491789069,2.9551545302428086,1.3943804940363813,-0.29188319416609304,2.588438932611185,1.7824780171770327,-0.31663656908398374,5.543593462853994,3.176858511213414,False,False,False
1790678763.6358433,APPROACH,0.009980089000000001,0.0033501340003567748,0.685011065508256,0.7380894503295412,0.6014762664194997,0.1606163313685236,0.16779042429169536,0.15658984218119112,0.6735428312161746,0.7584311274142607,0.6819633314495979,0.1588500053664131,0.17556897524642143,0.15610212674301138,-0.3215446617004248,5.547502624338207,3.1783454645072293,0,1,1,0.0021792540001115412,100,0.0,0.00027209988672738383,0.000837347220209006,1.0,-0.027390636060566503,2.958587889861644,1.3946904413264196,-0.29415402563985826,2.5889147344765626,1.7836550231808095,-0.3215446617004248,5.547502624338207,3.1783454645072293,False,False,False
1790678763.645871,APPROACH,0.010027899,0.0032411680003860965,0.6866081323326423,0.7397588293157007,0.6030324349683012,0.15884698861076454,0.16621704064368653,0.15469748608372047,0.6751270066229323,0.760182037350546,0.6835201028803475,0.1571029169907109,0.1736380057442207,0.15438526050541812,-0.3265111383557821,5.551489894978909,3.1798980586988237,0,1,1,0.0021274260006975965,100,0.0,0.0002673981361541733,0.000837257614225928,1.0,-0.030009189466280388,2.961986195115023,1.3949867802264873,-0.2965019488895017,2.5895036998638856,1.7849112784723364,-0.3265111383557821,5.551489894978909,3.1798980586988237,False,False,False
1790678763.6558144,APPROACH,0.009943119,0.0032883370004128665,0.6881876471977408,0.74141089081703,0.6045717830966941,0.15709780422124908,0.16434644542374327,0.15320377804504856,0.6766804709685537,0.7618990038851928,0.6850466945075342,0.15536668280494395,0.17171903283591153,0.1526790606957488,-0.33174519314584433,5.555952554307076,3.1811895384840403,0,1,1,0.0021611800002574455,100,0.0,0.00026323645724257716,0.0008320453393875216,1.0,-0.032574421189733124,2.9653053467630315,1.3952661336554357,-0.2991707719561112,2.5906472075440443,1.7859234048286043,-0.33174519314584433,5.555952554307076,3.1811895384840403,False,False,False
1790678763.6658332,APPROACH,0.010019453000000001,0.0032079350003186846,0.6897496563381731,0.7430431071737962,0.6060976650572627,0.15533920358944217,0.16231564185386727,0.15190224294510735,0.6782283797090655,0.7636098300870539,0.6865678266336592,0.15361340238038498,0.16978121957144618,0.15095610952291608,-0.3358445481497891,5.562392598842576,3.1828723305192197,0,1,1,0.0021389080002336414,100,0.0,0.0006308966113532932,7.70999076554979e-05,0.1,-0.03512777876779648,2.9685997453120376,1.395533505011156,-0.3007167693819926,2.5937928535305383,1.787338825508064,-0.3358445481497891,5.562392598842576,3.1828723305192197,False,False,False
1790678763.6759484,APPROACH,0.010114603,0.00384646100064856,0.6913706357784157,0.7447354188399045,0.6076850766557635,0.15345178985071486,0.16031110139862065,0.15030200904207952,0.679773152169599,0.7653171899153344,0.6880858767329783,0.1518399216847605,0.167821079956519,0.14921330751490813,-0.3428775329514981,5.564437387178171,3.1830843115446976,0,1,1,0.0025993070003096364,100,0.0,0.0006323611954933694,8.550069294481766e-05,0.1,-0.03767308925804441,2.9718748478021637,1.395789496613254,-0.3052044436934537,2.5925625393760074,1.7872948149314438,-0.3428775329514981,5.564437387178171,3.1830843115446976,False,False,False
1790678763.685939,APPROACH,0.009990568,0.0033390030002919957,0.692896160832781,0.7463278964978679,0.6091803630563462,0.15164747577805965,0.15837242708520885,0.14872927586766393,0.6812813551114896,0.766984131281566,0.6895679899141905,0.15008492082226985,0.16588136517795582,0.14748866566526714,-0.3473869418503386,5.5697670854396595,3.1846664277651406,0,1,1,0.002212977000453975,100,0.0,0.0006307654232480253,8.959114647413281e-05,0.1,-0.04015518862825716,2.97506045706086,1.3960290757468272,-0.3072317532220814,2.5947066283787996,1.7886373520183136,-0.3473869418503386,5.5697670854396595,3.1846664277651406,False,False,False
1790678763.695817,APPROACH,0.009877926,0.003154934999656689,0.6943280359075539,0.7478224814306307,0.6105864568466624,0.14984718102457886,0.15651853458330764,0.1472037145301773,0.6827553003879324,0.7686132093615915,0.6910164380387266,0.14834674255623004,0.1639602435748417,0.1457805554051421,-0.3490503872144319,5.578381174216206,3.187576292963619,0,1,1,0.002110865000759077,100,0.0,0.0006387598379500314,0.00010139993450088981,0.1,-0.04257790419641882,2.9781624916945235,1.3962534235347883,-0.30647248301801305,2.6002186825216826,1.7913228694288308,-0.3490503872144319,5.578381174216206,3.187576292963619,False,False,False
1790678763.7059093,APPROACH,0.010092291,0.0033409059997211443,0.6958907717962264,0.749454745965048,0.6121225197810825,0.14788810745092246,0.15466128547422733,0.1452569375197333,0.6842434855530414,0.7702580260791763,0.6924788797221566,0.1465680351902405,0.1619943271822693,0.14403261714071483,-0.3557192901743863,5.579685055495929,3.1877972878676926,0,1,1,0.0021617310003421153,100,0.0,0.0006440855802862799,9.983098910177902e-05,0.1,-0.04502082201980244,2.9812834606981364,1.3964702189364238,-0.31069846815458385,2.5984015947977923,1.7913270689312688,-0.3557192901743863,5.579685055495929,3.1877972878676926,False,False,False
1790678763.7158668,APPROACH,0.009957526000000001,0.003220039000552788,0.6973603676449063,0.7509914359847096,0.6135659606132773,0.14602404422393328,0.15280227051010584,0.14349993129702768,0.6856941923893032,0.7718614198721948,0.6939044913983963,0.14481053336075608,0.16005184820982898,0.1423055175872435,-0.3600221810337707,5.584188618232734,3.189223392618528,0,1,1,0.0021571319994109217,100,0.0,0.0006453456278692205,0.00010605635896441257,0.1,-0.047398928323967776,2.984315376547016,1.3966722532392648,-0.3126232527098029,2.5998732416857173,1.7925511393792635,-0.3600221810337707,5.584188618232734,3.189223392618528,False,False,False
1790678763.7258742,APPROACH,0.010007961000000001,0.003374019999682787,0.6987390388553463,0.7524328661545345,0.6149223995982389,0.14425163008838088,0.15086373978856765,0.14203259322934372,0.6871346017851213,0.7734534324187211,0.695319983765231,0.1430418203196376,0.1580969780452491,0.14056740076011578,-0.36087377774383533,5.5939069225896905,3.1924861738463672,0,1,1,0.002211514999544306,100,0.0,0.0006559998229015429,0.00011991333587357822,0.1,-0.04975674717784449,2.9873157838634246,1.3968638707456529,-0.3111170305659908,2.6065911387262655,1.7956223031007141,-0.36087377774383533,5.5939069225896905,3.1924861738463672,False,False,False
1790678763.735864,APPROACH,0.009989177,0.0032440340000903234,0.7001719454066029,0.7539307792286651,0.6163345426706854,0.1424209841416749,0.14902702724434572,0.14022601348986607,0.6885546457193231,0.7750229360379223,0.6967154629639009,0.14127435780498723,0.15614349002510178,0.13883051282713108,-0.36498997561499946,5.598509287302646,3.1939686330281107,0,1,1,0.0021574929996859282,100,0.0,0.0006662298285979862,0.00012457209520575497,0.1,-0.0520777099839127,2.9902642579217726,1.3970441220214749,-0.31291226563108676,2.6082450293808734,1.7969245110066356,-0.36498997561499946,5.598509287302646,3.1939686330281107,False,False,False
1790678763.7458963,APPROACH,0.010032277000000001,0.0031677799997851253,0.7016571667276841,0.7554854077332465,0.6177958346729842,0.14051920106227778,0.14726500309081167,0.13812309338384937,0.6899630373405552,0.7765795609377136,0.6980994914180028,0.1394974319265614,0.15417954262173558,0.1370843252330725,-0.3719326697720843,5.598583382814196,3.1939079760147386,0,1,1,0.002128898999217199,100,0.0,0.000666409233964993,0.00012321847134644237,0.1,-0.054375975366844055,2.9931794487231325,1.3972145127419646,-0.3175566944052402,2.605403934091063,1.7966934632727738,-0.3719326697720843,5.598583382814196,3.1939079760147386,False,False,False
1790678763.7558634,APPROACH,0.009967224,0.003295079999588779,0.7030532395449844,0.7569475157306726,0.6191686089648281,0.13868181226943677,0.14524811855791891,0.13655150589452614,0.6913446347358192,0.7781065715181044,0.6994571891480459,0.13773044774805412,0.15222658328263092,0.13534790736169763,-0.3758702289127879,5.603580802215427,3.1953184188590456,0,1,1,0.0021433360006994917,100,0.0,0.0006667725568705318,0.00012940034133386292,0.1,-0.05662678044837016,2.996030627028115,1.3973736618350014,-0.3192434484644177,2.607550175187313,1.7979447570240443,-0.3758702289127879,5.603580802215427,3.1953184188590456,False,False,False
1790678763.7659104,APPROACH,0.010046845,0.0032233940000878647,0.7043621140279868,0.7583166821821061,0.6204596357646892,0.1368885192711781,0.1432273911219022,0.135177122140625,0.6927194382428221,0.779626073153203,0.7008082105144089,0.13594800133099214,0.1502565343037003,0.1335962947264508,-0.3762410789013935,5.613557083762304,3.198547369815056,0,1,1,0.0021543369994105888,100,0.0,0.0006769135106419188,0.0001431362104571843,0.1,-0.0588626364016332,2.998859630469198,1.3975242779274375,-0.3173784424997603,2.6146974532931058,1.8010230918876184,-0.3762410789013935,5.613557083762304,3.198547369815056,False,False,False
1790678763.7758634,APPROACH,0.009953158,0.003184801999850606,0.7057215486320167,0.7597384583333335,0.6218027765900116,0.1350584166558783,0.14144297417512447,0.13327540399805754,0.694063757794691,0.7811118823955818,0.7021292752546013,0.13418108858867478,0.14830365391944758,0.13185994705552156,-0.38031652119292847,5.617400242258352,3.1998210712229076,0,1,1,0.002137794999725884,100,0.0,0.0006864143701839076,0.00014698007478446405,0.1,-0.06104496392218144,3.0016182967122633,1.397664194326484,-0.319271557270747,2.6157819455460887,1.8021568768964238,-0.38031652119292847,5.617400242258352,3.1998210712229076,False,False,False
1790678763.7858632,APPROACH,0.009999866000000001,0.00323959500019555,0.7070630246963363,0.7611438097446355,0.623125076393312,0.13325951451501886,0.13978104150795892,0.13122406366225411,0.6953966711875592,0.7825850849802358,0.7034391311460823,0.13240504241621887,0.1463406788111424,0.13011462394977383,-0.384389632439789,5.620739885010805,3.2011228077814753,0,1,1,0.0021485560000655823,100,0.0,0.0006905024504987312,0.00015223314738364025,0.1,-0.06320470398207197,3.0043463938155486,1.397795857975045,-0.32118492845771707,2.6163934911952555,1.8033269498064302,-0.384389632439789,5.620739885010805,3.2011228077814753,False,False,False
1790678763.7958639,APPROACH,0.010000598000000001,0.003181975999723363,0.7083865843465711,0.7625315864497679,0.6244282292132102,0.13147283136472737,0.1379061940794909,0.1294798025867015,0.6967119168009339,0.7840387602508466,0.7047316248854663,0.1306282729856557,0.14437690432178318,0.128368590097253,-0.38826083980427634,5.624950171865429,3.202443652462695,0,1,1,0.0021342680001907866,100,0.0,0.0006948619807567447,0.00015730421138537842,0.1,-0.06533162627425522,3.0070316123745,1.3979190031187256,-0.32292921353002113,2.617918559490928,1.8045246493439697,-0.38826083980427634,5.624950171865429,3.202443652462695,False,False,False
1790678763.8058498,APPROACH,0.0099859,0.003297604999715986,0.7096922834525055,0.7638996694030524,0.6257153242597449,0.12968655721510197,0.13589876105306137,0.12792876128324251,0.6980074978695416,0.7854707012825101,0.7060047942486725,0.1288537749336979,0.14241564027372494,0.12662478833172586,-0.3920116035284915,5.629676956668069,3.2037313743967735,0,1,1,0.002156810999622394,100,0.0,0.0006991026245670717,0.0001622586508383206,0.1,-0.06742245813218624,3.009670440841671,1.3980338552801954,-0.3245891453963053,2.6200065158263977,1.8056975191165778,-0.3920116035284915,5.629676956668069,3.2037313743967735,False,False,False
1790678763.815826,APPROACH,0.009976191,0.003217944000425632,0.7109801673815221,0.7652474470893251,0.6269871708014634,0.1279212452884997,0.1338888474069811,0.12636571305776886,0.6992841245156436,0.7868816929378858,0.7072593370738592,0.12708091597273524,0.14045618783105943,0.12488259730325647,-0.39582370420983704,5.634350508685703,3.204984571968156,0,1,1,0.002157291999537847,100,0.0,0.000703102850132753,0.00016712310964430712,0.1,-0.06947831158849496,3.0122648912340146,1.398140893030925,-0.3263453926213421,2.6220856174516878,1.806843678937231,-0.39582370420983704,5.634350508685703,3.204984571968156,False,False,False
1790678763.8271296,APPROACH,0.011305270000000001,0.003322782999930496,0.7122501139201223,0.7665756142416607,0.6282426595470758,0.126116660426158,0.13197475032854172,0.12465817051637904,0.7007094530145925,0.7884570373225004,0.7086600094218402,0.12507208484008808,0.13823592713551563,0.1229085160852517,-0.39328565124777837,5.6481053457262895,3.2099725658266265,0,1,1,0.0021478039998328313,100,0.0,0.000717500605589505,0.00018900992055503885,0.1,-0.07176819520046213,3.015155149231609,1.3982533719162495,-0.32151745604731624,2.632950196494681,1.811719193910377,-0.39328565124777837,5.6481053457262895,3.2099725658266265,False,False,False
1790678763.8358672,APPROACH,0.008736001,0.003477104000012332,0.7135021564721589,0.7678853035083728,0.6294802456313047,0.12439277872978456,0.13029187272568377,0.1226712478182875,0.7017953037917246,0.7896571739405123,0.7097270765286047,0.12352017060470515,0.13652067386027633,0.12138344775360621,-0.4032656402537866,5.6422283332109044,3.20759518767776,0,1,1,0.002314889000444964,100,0.0,0.0007219744672959383,0.00017536983919048678,0.1,-0.07350863055063221,3.0173527620432443,1.3983342064777813,-0.32975700970315436,2.62487557116766,1.8092609811999785,-0.4032656402537866,5.6422283332109044,3.20759518767776,False,False,False
1790678763.8458748,APPROACH,0.010007781,0.0035464840002532583,0.7146766396763402,0.7691165046764086,0.6306345479328055,0.12280281512802235,0.12885700737847428,0.1206282079269041,0.7030225730846699,0.791013613379194,0.7109331158124764,0.12174298543849373,0.134556439879074,0.11963700535707109,-0.40527187867494496,5.647470168092547,3.209850524430828,0,1,1,0.002293659999850206,100,0.0,0.0007190075713586763,0.00018742468384849167,0.1,-0.07547128854474507,3.0198324520148105,1.3984206474312375,-0.3298005901301999,2.6276377160777367,1.8114298769995907,-0.40527187867494496,5.647470168092547,3.209850524430828,False,False,False
1790678763.8558905,APPROACH,0.010015566,0.003564638999705494,0.715774596330867,0.7702671872250484,0.6317141808782702,0.12120379414827304,0.1270295477007016,0.11931464230982733,0.7042329951730322,0.7923514324442875,0.7121225993243859,0.11996537003183451,0.13259173037459832,0.11789014016263455,-0.4039549960541433,5.658352978186715,3.2136139474382728,0,1,1,0.0022330049996526213,100,0.0,0.0007334819234716683,0.0002027252715334882,0.1,-0.0774021459093594,3.022274119426209,1.3985009264573434,-0.3265528501447839,2.6360788587605053,1.8151130209809294,-0.4039549960541433,5.658352978186715,3.2136139474382728,False,False,False
1790678763.8658562,APPROACH,0.009965501,0.0032879270002013072,0.7169775951977524,0.7715270157919241,0.632899683154255,0.1194992174736138,0.12525442129374992,0.11759885457808567,0.7054197019570686,0.7936630401682574,0.7132887777729238,0.11819784791724024,0.1306381764816104,0.11615319366070002,-0.4082113241987333,5.661112578027283,3.2143993305064607,0,1,1,0.0021616710000671446,100,0.0,0.0007438233815642015,0.00020428130221585852,0.1,-0.07929023928019169,3.0246644434145056,1.39857498466206,-0.3289210849185416,2.6364481346127775,1.8158243458444006,-0.4082113241987333,5.661112578027283,3.2143993305064607,False,False,False
1790678763.875866,APPROACH,0.010010005,0.0033259679994444014,0.7182228594644959,0.7728327147920497,0.6341236584550654,0.11772545765422013,0.12358195663882353,0.11558772305923198,0.7065939830950585,0.7949609144464013,0.7144427455213769,0.11642390985633229,0.12867753136368407,0.11440994219917597,-0.41491625024903894,5.659807622733969,3.2138583282133917,0,1,1,0.0021783320007671136,100,0.0,0.000742181445745671,0.0002016767720665058,0.1,-0.08115349845085862,3.027026669997575,1.3986438911679064,-0.3337627517981803,2.632780952736394,1.8152144370454852,-0.41491625024903894,5.659807622733969,3.2138583282133917,False,False,False
1790678763.885866,APPROACH,0.009999786,0.0033144070002890658,0.7193916314652959,0.7740582287830478,0.6352718534912762,0.11602029905060739,0.12159084165161997,0.11418812650039528,0.7077493439937417,0.7962378771292398,0.715578120323689,0.11465352799614571,0.12672081673675756,0.1126701854211708,-0.4188021335831447,5.663492020545152,3.214692797500388,0,1,1,0.002159767000193824,100,0.0,0.000740603641646409,0.00020568074377862454,0.1,-0.08298155725416712,3.029348213999496,1.3987075970453973,-0.3358205763289776,2.634143806545656,1.8159852004549908,-0.4188021335831447,5.663492020545152,3.214692797500388,False,False,False
1790678763.895872,APPROACH,0.010006529,0.0033442029998695944,0.7204284087407355,0.7751426766866638,0.6362951884068577,0.11443643582303459,0.11962254596349287,0.11313576707503928,0.7088877724735735,0.7974961252554162,0.7166968556138555,0.11288396744903012,0.12476500986613805,0.11093123574869145,-0.417651948799625,5.674234862721602,3.218078223596601,0,1,1,0.0021579739996013814,100,0.0,0.00074969653522583,0.00022038102382035963,0.1,-0.08477753094216851,3.031633560169458,1.3987665639984415,-0.3328744178574565,2.6426013025521438,1.8193116595981595,-0.417651948799625,5.674234862721602,3.218078223596601,False,False,False
1790678763.9058816,APPROACH,0.010009224,0.003456815999925311,0.7215631621723597,0.7763291560883525,0.637418214288938,0.11262831939788018,0.11799595460776223,0.11125940920134098,0.7100088044672997,0.7987351459145782,0.7177984953523243,0.11111621789598959,0.12281120459679766,0.10919406574267153,-0.42129391947380573,5.676409371407239,3.218782349722179,0,1,1,0.0021935610002401518,100,0.0,0.0007589358487358755,0.00022167473116794235,0.1,-0.08654064901327062,3.033882255727421,1.3988211069112026,-0.3347532704605351,2.642527115679817,1.8199612428109762,-0.42129391947380573,5.676409371407239,3.218782349722179,False,False,False
1790678763.9159298,APPROACH,0.010047957000000001,0.003247671000281116,0.7227361740791887,0.7775591512577904,0.6385749347001344,0.11082951001661252,0.11639134921938825,0.10916112958963115,0.7111163906082706,0.7999593055444053,0.7188869218321209,0.10934420363443444,0.12085268575818853,0.10745270480151417,-0.42750723286559555,5.674913509517542,3.218259008134768,0,1,1,0.002164165999602119,100,0.0,0.0007573896664012647,0.000219173435500708,0.1,-0.08827706159315762,3.03610269233437,1.398871736861208,-0.33923017127243793,2.638810817183172,1.8193872712735604,-0.42750723286559555,5.674913509517542,3.218259008134768,False,False,False
1790678763.9258883,APPROACH,0.009958658,0.0031621190000805655,0.7238901880954236,0.7787700782618767,0.6397126230822856,0.10899388474042021,0.11428420584311103,0.10773164423668644,0.7121965787081822,0.8011531834881763,0.7199484242179077,0.10759075746161063,0.11891468930044634,0.10572959074762531,-0.4333188492247203,5.675334590798444,3.2177080344838362,0,1,1,0.002123116999428021,100,0.0,0.0007521412458182386,0.0002168366070434358,0.1,-0.08996491083440647,3.0382673732808794,1.398918171849184,-0.34335393839031386,2.6370672175175653,1.8187898626346524,-0.4333188492247203,5.675334590798444,3.2177080344838362,False,False,False
1790678763.9358668,APPROACH,0.009978516,0.00337823700010631,0.7249707457584753,0.7799007572287922,0.6407847262958484,0.10713700600332451,0.11199438189697121,0.1066995797298396,0.7132614216919564,0.802330101241678,0.720994846936189,0.1058369044655628,0.11697624320131836,0.10400607690797418,-0.43600299981678425,5.680451961956324,3.2185515375438207,0,1,1,0.0021915870001976145,100,0.0,0.000750198418021597,0.00022076429904369644,0.1,-0.09162306457331244,3.0404009165631667,1.398961285411037,-0.3443799352434718,2.6400510453931574,1.8195902521327838,-0.43600299981678425,5.680451961956324,3.2185515375438207,False,False,False
1790678763.9458456,APPROACH,0.009978776,0.0032738800000515766,0.7260324879265108,0.7810085772399908,0.641846068425127,0.10526239029547178,0.10985948517784154,0.10538735649939177,0.71430880746288,0.8034877244099277,0.7220241144265137,0.10408637411005124,0.11504146945078562,0.10228582823191507,-0.4385853340342336,5.685107785662747,3.219440780452171,0,1,1,0.002171768999687629,100,0.0,0.0007520728153485035,0.00022414615805574912,0.1,-0.09324819301693246,3.0424995361593767,1.3990013017004326,-0.3453371410173011,2.64260824950337,1.8204394787517382,-0.4385853340342336,5.685107785662747,3.219440780452171,False,False,False
1790678763.9558113,APPROACH,0.009965462000000001,0.0034461249997548293,0.7271268399908815,0.7821509311586077,0.6429430999738992,0.103242257810452,0.10798114865410359,0.10345553972781443,0.7153373804791114,0.8046245547802466,0.7230348945959814,0.10234181779480118,0.11311329850850824,0.10057145025373801,-0.4431775046931844,5.685447799670185,3.2191900464354495,0,1,1,0.0021977489996061195,100,0.0,0.000750781205897777,0.00022241998234100448,0.1,-0.09483818298892746,3.0445609543672005,1.3990384850876685,-0.3483393217042569,2.6408868453029846,1.8201515613477808,-0.4431775046931844,5.685447799670185,3.2191900464354495,False,False,False
1790678763.965831,APPROACH,0.010019984000000001,0.0032130250001500826,0.7280987878311516,0.7831680354365993,0.6439171697909334,0.10140880310116973,0.10626978859635691,0.1016763512190596,0.7163540721755287,0.8057482533213314,0.7240339989755287,0.10059166376517015,0.11117894069217112,0.09885157139365823,-0.4434731057225148,5.691372760757078,3.2212424124647594,0,1,1,0.0021453299996210262,100,0.0,0.0007527531431548162,0.00023187295608324555,0.1,-0.09640369158928497,3.0465995004485524,1.399073380972012,-0.34706941413322984,2.644773260308526,1.8221690314927474,-0.4434731057225148,5.691372760757078,3.2212424124647594,False,False,False
1790678763.975864,APPROACH,0.010033099,0.0032452460000058636,0.7291525808727695,0.7842727246739152,0.6449748718742949,0.09940168092979108,0.10434838549177929,0.09976396705291184,0.7173545447159891,0.8068540256395988,0.7250171647673939,0.09884346909380992,0.10924674845664685,0.09713361799774456,-0.4474590790644747,5.692307025728358,3.2212377936306513,0,1,1,0.002144338000107382,100,0.0,0.000755459676781367,0.00023034740656662222,0.1,-0.09793795777063403,3.0486069156785685,1.399106125416484,-0.34952112129384066,2.643700110049789,1.8221316682141673,-0.4474590790644747,5.692307025728358,3.2212377936306513,False,False,False
1790678763.9858642,APPROACH,0.010000066,0.0032349359998988803,0.7301369724962932,0.7853062049133923,0.6459634392153166,0.0975107179644192,0.10246972653012384,0.09801361546092391,0.7183342923882401,0.8079368917963885,0.7259799642017225,0.09710554762281304,0.10732591067626494,0.09542576009047428,-0.4495696611085235,5.695803816050409,3.2222055823362292,0,1,1,0.002157011999770475,100,0.0,0.0007549428798772073,0.00023481506238516304,0.1,-0.09943407394567885,3.0505745751352062,1.3991368728482518,-0.35013558716284465,2.6452292409152025,1.8230687094879774,-0.4495696611085235,5.695803816050409,3.2222055823362292,False,False,False
1790678763.9958634,APPROACH,0.009999115000000001,0.0032558960001551895,0.7311024800115149,0.7863201720721698,0.6469353735309467,0.09564942774510032,0.10050538894293026,0.09636306497315966,0.7192965937758389,0.8090004754463181,0.7269256191472507,0.09537258737538735,0.10541055628844795,0.09372277758468053,-0.4515708081561267,5.699748316990365,3.2232241918323705,0,1,1,0.0021551079998971545,100,0.0,0.0007573758398007335,0.00023864756574420998,0.1,-0.10089706444399935,3.0525094644888036,1.3991660232118095,-0.35067374371212734,2.6472388525015615,1.8240581686205612,-0.4515708081561267,5.699748316990365,3.2232241918323705,False,False,False
1790678764.0058656,APPROACH,0.010002721000000001,0.003509834999931627,0.7320493224382592,0.7873147970544556,0.6478904288470098,0.09379135329810688,0.09862071343184975,0.09460722272201211,0.7202419299521338,0.8100453082957261,0.7278546023554435,0.093644088709274,0.10350013306356783,0.09202417948120321,-0.45351060601199206,5.703367295473745,3.2242380580070367,0,1,1,0.0022593949997826712,100,0.0,0.0007599047719422103,0.0002425726679062157,0.1,-0.10232764437845121,3.054412954189562,1.3991938745814143,-0.35118296163354085,2.6489543412841834,1.8250441834256224,-0.45351060601199206,5.703367295473745,3.2242380580070367,False,False,False
1790678764.01585,APPROACH,0.009984177,0.0032303180005328613,0.7327009974594239,0.7880004158148637,0.6485477304023801,0.09249641258673416,0.09741920297836204,0.09321410957710557,0.7211682984789687,0.8110691771497547,0.7287649460274701,0.09192415691293848,0.10159917837187721,0.09033400005287018,-0.44516855943491496,5.720132459679238,3.2307980207987703,0,1,1,0.002123537999977998,100,0.0,0.0007778768002436598,0.00027178020774554223,0.1,-0.10372278650982338,3.0562813987673305,1.3992206466514507,-0.3414457729250916,2.663851060911908,1.8315773741473196,-0.44516855943491496,5.720132459679238,3.2307980207987703,False,False,False
1790678764.025872,APPROACH,0.010021987000000001,0.003920701000424742,0.7337522065724604,0.7891110640838015,0.6496038270108793,0.09054152681131815,0.09607782055622988,0.09026314422599707,0.7220809335675956,0.8120778671206147,0.7296617938301904,0.09020339212586666,0.09969730301713953,0.088643002043353,-0.4537131532455143,5.712278755014161,3.2285176636834043,0,1,1,0.002649541000209865,100,0.0,0.0007877622698440057,0.0002573681075623835,0.1,-0.10509034332465253,3.0581257512241615,1.3992467613796515,-0.3486228099208618,2.6541530037899994,1.829270902303753,-0.4537131532455143,5.712278755014161,3.2285176636834043,False,False,False
1790678764.0358288,APPROACH,0.009956965,0.004122522000216122,0.7346942996461507,0.7901126910208385,0.6505378791174685,0.08889198395086678,0.09452598899894962,0.08812241447045652,0.7229705988551373,0.8130611697178396,0.7305360691766364,0.08849971888851194,0.09781431809845999,0.08696879992410993,-0.45920411066039896,5.710005005829238,3.2279314510619876,0,1,1,0.002712438999878941,100,0.0,0.0007776550920508551,0.00025663129845312496,0.1,-0.10641649410426607,3.05992770533259,1.3992722190626579,-0.3527876165561329,2.6500773004966476,1.82865923199933,-0.45920411066039896,5.710005005829238,3.2279314510619876,False,False,False
1790678764.0459678,APPROACH,0.010138879,0.003982688000178314,0.7356187044782505,0.7910914313057509,0.6514582457488354,0.08721525540148811,0.09193411499688704,0.08736581627252629,0.7238591190806309,0.814043206735187,0.7314092192689755,0.08677129235762085,0.09590397460103736,0.08527027270801835,-0.46281674837540554,5.714010743931452,3.228097317863929,0,1,1,0.0026636379998308257,100,0.0,0.0007741476549456561,0.00025707399686314414,0.1,-0.1077336376061505,3.0617319150067,1.3992979091106241,-0.35508311076925503,2.652278828924752,1.8287994087533046,-0.46281674837540554,5.714010743931452,3.228097317863929,False,False,False
1790678764.0558896,APPROACH,0.009921809,0.003972398000769317,0.736481940631112,0.7919964974648348,0.6523297918405007,0.0855091549969512,0.08940069593094133,0.08669335420234964,0.7247116831851058,0.8149855032482358,0.7322470352299275,0.08508639208688905,0.09404173850452323,0.08361451880983989,-0.4647094656708354,5.720085107324154,3.228913953599862,0,1,1,0.002670321000550757,100,0.0,0.0007739459591057374,0.0002604797059653885,0.1,-0.10899020260872583,3.063468027940397,1.3993230752835868,-0.35571926306210955,2.656617079383757,1.8295908783162753,-0.4647094656708354,5.720085107324154,3.228913953599862,False,False,False
1790678764.0658321,APPROACH,0.009942437,0.003930459999537561,0.7373275006422872,0.7928794190818014,0.6531898568332304,0.08371011903256305,0.08751158183520522,0.08506084921480009,0.7255492837573524,0.815911261316647,0.7330701465064253,0.08340475464757038,0.09218310865256843,0.08196197130074286,-0.46659456319159687,5.723492370177435,3.2297148089822656,0,1,1,0.0026253659998474177,100,0.0,0.0007754524905672078,0.0002635295507253499,0.1,-0.11021734492156057,3.0651789907487106,1.3993485650578934,-0.35637721827003627,2.658313379428724,1.830366243924372,-0.46659456319159687,5.723492370177435,3.2297148089822656,False,False,False
1790678764.0758832,APPROACH,0.010051243000000001,0.0039296769991779,0.7381549253512043,0.7937463915745555,0.6540292774600784,0.08189085098196482,0.08601799846843369,0.08284362866854125,0.7263790913862341,0.8168284062340702,0.7338855996463685,0.0817118996083189,0.09031208054780662,0.08029840024019913,-0.4683499268601349,5.725347990670447,3.23063976984165,0,1,1,0.0026203260003967443,100,0.0,0.0007773480556443335,0.00026715303724742515,0.1,-0.11142541991536055,3.066879900375211,1.3993748525442036,-0.35692450694477434,2.6584680902952362,1.8312649172974464,-0.4683499268601349,5.725347990670447,3.23063976984165,False,False,False
1790678764.0858746,APPROACH,0.00999124,0.003984651000791928,0.7390042798998069,0.7946409687592331,0.6548864487781909,0.07999932724244471,0.08441470748402528,0.08060001480059253,0.7271871191696762,0.8177214789763865,0.7346796497011467,0.08003661303255281,0.08846046998806578,0.07865209373376952,-0.471691332912529,5.724862852434521,3.2306524194874493,0,1,1,0.002612000000226544,100,0.0,0.000777204501176243,0.0002664744290424181,0.1,-0.11259400685490432,3.068542464524951,1.3994017363016291,-0.3590973260576247,2.6563203879095707,1.8312506831858204,-0.471691332912529,5.724862852434521,3.2306524194874493,False,False,False
1790678764.0958714,APPROACH,0.009996660000000001,0.0033015020007951534,0.7397950378612199,0.7954753788349445,0.655683673348892,0.07823242116112132,0.08250637141951266,0.07901343891049957,0.7279788719543274,0.8185965637755911,0.7354577062914105,0.07836816815177963,0.0866164212120094,0.07701251057076354,-0.47316203319093725,5.728261162219207,3.231572951208559,0,1,1,0.0021934709993729484,100,0.0,0.0007768906885647908,0.00027043873686767307,0.1,-0.11373113257843537,3.0701782820041905,1.39942961622976,-0.3594309006125019,2.658082880215016,1.8321433349787992,-0.47316203319093725,5.728261162219207,3.231572951208559,False,False,False
1790678764.1058648,APPROACH,0.009993453000000001,0.003226570000151696,0.7405680365195186,0.7962892895853049,0.6564670670277266,0.07645088546483429,0.08046235176184266,0.07763221360611255,0.7287537398817131,0.8194529865855786,0.7362191701083669,0.07670831268196561,0.08478186588278414,0.07538136823415285,-0.4742679774571077,5.732529554955554,3.2325595132052984,0,1,1,0.0020987919997423887,100,0.0,0.0007791708928892582,0.0002740574011577346,0.1,-0.11483592078163135,3.0717864102745494,1.3994586919941314,-0.35943205667547634,2.6607431446810046,1.833100821211167,-0.4742679774571077,5.732529554955554,3.2325595132052984,False,False,False
1790678764.115876,APPROACH,0.010011017,0.003184530999533308,0.7413607103720548,0.7971228475160466,0.6572734589807414,0.07459974103906071,0.07853299297752514,0.0758845703917623,0.7295133799097442,0.820292578759151,0.7369656694469174,0.07505392207147028,0.08295335058955532,0.07375559622258582,-0.47678831358295826,5.734197016820207,3.2328260952913137,0,1,1,0.0021351099994717515,100,0.0,0.0007796297728206447,0.0002744903863781456,0.1,-0.11591072011824617,3.073370610988556,1.399489244585351,-0.3608775934647121,2.660826405831651,1.8333368507059624,-0.47678831358295826,5.734197016820207,3.2328260952913137,False,False,False
1790678764.1258142,APPROACH,0.009938220000000001,0.0032353569995393627,0.7420612739036292,0.7978604317975266,0.6579859834364461,0.07293463386863341,0.07689327143874843,0.07414694555185378,0.7302511567586749,0.8211080066530848,0.7376906838081961,0.07342016598716633,0.0811476416072848,0.07215010178932528,-0.47684453356492496,5.738601257080634,3.234421280703786,0,1,1,0.002165126999898348,100,0.0,0.0007817410086405907,0.00028145750609906986,0.1,-0.11694621805060353,3.0749172759582106,1.399521195771256,-0.35989831551432144,2.6636839811224235,1.83490008493253,-0.47684453356492496,5.738601257080634,3.234421280703786,False,False,False
1790678764.1358683,APPROACH,0.010054148,0.0032278130001941463,0.7426745991086525,0.798507188796652,0.658609539526128,0.07146240012385197,0.07543356592836577,0.0725963304430512,0.7309810628363612,0.821914735376763,0.7384079635513516,0.0717763886100293,0.07933085659068058,0.07053475941731051,-0.47409237592386627,5.746719665271705,3.237516087984051,0,1,1,0.0021520020000025397,100,0.0,0.0007917416055562843,0.00029431305174867364,0.1,-0.11796200532149058,3.0764560819049627,1.3995553693931078,-0.3561303706023757,2.6702635833667423,1.8379607185909432,-0.47409237592386627,5.746719665271705,3.237516087984051,False,False,False
1790678764.1458683,APPROACH,0.010000618000000001,0.0034314169997742283,0.7434849525389904,0.7993641802471823,0.6594305463987462,0.06958544353952066,0.07381017732830952,0.07015331010541143,0.7316907342133957,0.8226990996966776,0.7391053586253284,0.0701506929056508,0.0775340563436685,0.06893718593089426,-0.4798248775832779,5.742448936587167,3.2362251201938883,0,1,1,0.002143115999388101,100,0.0,0.0007943337515305959,0.00028633419408512494,0.1,-0.1189408025597593,3.0779613243506176,1.399591406586267,-0.3608840750235186,2.6644876122365497,1.8366337136076214,-0.4798248775832779,5.742448936587167,3.2362251201938883,False,False,False
1790678764.155858,APPROACH,0.009989296,0.0034226810003019636,0.7441727664763977,0.8000940550532558,0.6601221994223403,0.06798700372548758,0.07212863553028084,0.06844441004484436,0.732383419511033,0.8234646901516098,0.739786061454865,0.06853644158485671,0.07574990500210409,0.06735085885654243,-0.4815378730617846,5.744559741198527,3.2369948772002854,0,1,1,0.0022133989996291348,100,0.0,0.0007903363747625569,0.0002906613168194294,0.1,-0.11988718970255603,3.0794400721545667,1.3996296328894997,-0.36165068335922856,2.665119669043961,1.8373652443107857,-0.4815378730617846,5.744559741198527,3.2369948772002854,False,False,False
1790678764.1658785,APPROACH,0.010020384,0.003214026999557973,0.7448774257379345,0.8008392205507118,0.6608342713958324,0.06628186096836637,0.069946385539809,0.06722491623177917,0.7330621095360076,0.8242148123308309,0.740453011110003,0.0669271271807031,0.07397121018786836,0.06576938329721169,-0.48367542759613036,5.747503737071901,3.237358707548288,0,1,1,0.002153164999981527,100,0.0,0.0007908745350915236,0.0002912173060830137,0.1,-0.1208052394013356,3.0808989988452846,1.399670405060217,-0.3628701881947948,2.6666047382266167,1.8376883024880708,-0.48367542759613036,5.747503737071901,3.237358707548288,False,False,False
1790678764.1758277,APPROACH,0.009949301,0.0032632800002829754,0.745531818128006,0.8015279282514953,0.6615001591845946,0.06463113144793335,0.06801134726685157,0.0658667958226035,0.7337200808097986,0.8249420351094175,0.7410996004188145,0.06533941496395511,0.0722163911921895,0.06420913623824226,-0.48464964384171383,5.75129769662691,3.2382819983081426,0,1,1,0.00216149000061705,100,0.0,0.0007915447944959464,0.0002950061486001854,0.1,-0.12168592912398798,3.082323837049266,1.399713472752255,-0.36296371471772587,2.668973859577644,1.8385685255558877,-0.48464964384171383,5.75129769662691,3.2382819983081426,False,False,False
1790678764.1858625,APPROACH,0.010034692000000001,0.0031966039996405016,0.7461695902883614,0.8021986848441118,0.6621504498320752,0.06297269459130189,0.06633551261027795,0.06414235032658168,0.7343677513969906,0.8256578730536989,0.7417360672282198,0.06374867769518423,0.0704582287576326,0.06264591645633721,-0.4855108798637876,5.754208223543243,3.2392916692735056,0,1,1,0.0021411309999166406,100,0.0,0.0007940700558122238,0.00029873311059889216,0.1,-0.12254320100972725,3.083737409832392,1.399759694744066,-0.36296767885406034,2.6704708137108506,1.8395319745294396,-0.4855108798637876,5.754208223543243,3.2392916692735056,False,False,False
1790678764.1958625,APPROACH,0.009999976,0.003208316000382183,0.7467908273905293,0.8028536039995426,0.6627823533951966,0.06133256022723053,0.06477765112960478,0.06228429806650762,0.7349973558488139,0.8263537434010886,0.7423547804206416,0.06217435769203834,0.06871821150661203,0.0610988299447676,-0.4865210223456259,5.756372987283083,3.2402235632834024,0,1,1,0.002151921999939077,100,0.0,0.000796713062932497,0.00030208529923465567,0.1,-0.12336672248521469,3.085123083315787,1.399808708550778,-0.3631542998604112,2.6712499039672957,1.8404148547326247,-0.4865210223456259,5.756372987283083,3.2402235632834024,False,False,False
1790678764.2058642,APPROACH,0.010001699000000001,0.003298366000308306,0.7473958174802657,0.8034928412515097,0.6633960650108666,0.05972385435669281,0.06316611946800915,0.0605481683468853,0.735611377395726,0.8270323907421568,0.7429581802701911,0.06061098832716327,0.06699029744901011,0.059562504641038835,-0.4874940996740633,5.758739988423338,3.241147098052899,0,1,1,0.0021274660002745804,100,0.0,0.0007991970618843602,0.00030540745244485025,0.1,-0.12415981483026992,3.0864864826743763,1.3998608419931031,-0.36333428484379343,2.6722535057489623,1.841286256059796,-0.4874940996740633,5.758739988423338,3.241147098052899,False,False,False
1790678764.2158623,APPROACH,0.009998183,0.0032102300001497497,0.7479848785728942,0.8041155309966026,0.6639932763446836,0.05814460355641236,0.061484714409400135,0.058957450009613444,0.7362096124193305,0.8276935900276619,0.7435460666807794,0.059059710766503924,0.0652757478585364,0.058038061970551925,-0.4884114593535766,5.761440422141545,3.242066510007952,0,1,1,0.002137955000762304,100,0.0,0.0008016864814315294,0.000308692427476176,0.1,-0.12492224386971722,3.0878273597436365,1.3999162246393033,-0.3634892154838594,2.673613062397909,1.8421502853686489,-0.4884114593535766,5.761440422141545,3.242066510007952,False,False,False
1790678764.2258646,APPROACH,0.010002160000000001,0.0032478100001753774,0.7485582761012237,0.8047213233417123,0.6645749213975538,0.05658813327684245,0.059807356146908526,0.05740280825569323,0.736792625294892,0.8283379650333895,0.7441189942647842,0.05751969043225174,0.06357364031803218,0.05652468179250455,-0.48930148872239637,5.764171737029439,3.2429806900619083,0,1,1,0.0021493269996426534,100,0.0,0.0008041994933813967,0.000311948732104872,0.1,-0.12565475715143642,3.089147176774405,1.399975050225461,-0.36364673157095995,2.675024560255035,1.8430056398364474,-0.48930148872239637,5.764171737029439,3.2429806900619083,False,False,False
1790678764.2358603,APPROACH,0.009995879000000001,0.0032305980003002333,0.7491162419362922,0.8053104701128913,0.6651410219824827,0.055062392966015006,0.05816223319519702,0.05583737404563931,0.737359943719305,0.8289649937463118,0.74467649888927,0.05599283130635254,0.06188607920362476,0.05502423515266933,-0.4902510805940519,5.76675054988753,3.243875478730475,0,1,1,0.0021363220002967864,100,0.0,0.0008066953257966913,0.00031511055888309156,0.1,-0.1263567970839351,3.0904450448855383,1.4000374033705343,-0.3638942835101168,2.676305505001992,1.8438380753599404,-0.4902510805940519,5.76675054988753,3.243875478730475,False,False,False
1790678764.24583,APPROACH,0.009969579000000001,0.003225829000257363,0.749658951854741,0.8058834150332075,0.6656913408767231,0.05354296137545198,0.05656051401576116,0.05425290188462613,0.7379106293095592,0.8295736390185664,0.7452176584039147,0.05448246043033599,0.060216741728107544,0.053539991539500786,-0.49120013841423205,5.769082912676122,3.2447272020126703,0,1,1,0.002160738000384299,100,0.0,0.0008090841294448037,0.0003180715415415314,0.1,-0.1270272916298869,3.091718921706463,1.400103281513908,-0.36417284678434514,2.6773639909696594,1.8446239204987622,-0.49120013841423205,5.769082912676122,3.2447272020126703,False,False,False
1790678764.2558274,APPROACH,0.009997331,0.00337878800019098,0.7501865954329752,0.8064403397330882,0.6662259990055883,0.05206491423750521,0.05493264530007685,0.05272932103915817,0.7384477909688968,0.8301673369655953,0.7457455279323669,0.05298072313668055,0.05855694651986534,0.05206423216002722,-0.49214250315533015,5.7716140771173645,3.245614860346177,0,1,1,0.002183431999583263,100,0.0,0.0008114643079317752,0.00032119115548767674,0.1,-0.12767006248641638,3.092976163258001,1.4001731771308084,-0.36447244066891377,2.678637913859363,1.8454416832153686,-0.49214250315533015,5.7716140771173645,3.245614860346177,False,False,False
1790678764.265824,APPROACH,0.00999678,0.00319008099995699,0.7506993224916219,0.8069813877643588,0.666745216831024,0.05055563268290175,0.05339327333353169,0.05115249548217847,0.7389699765417708,0.830744482592418,0.7462586804393003,0.05149225693068418,0.05691181918182771,0.05060151429731659,-0.4929185719883499,5.773791362487428,3.246460083189357,0,1,1,0.0021372840001276927,100,0.0,0.0008139023560220782,0.0003241102360039383,0.1,-0.1282833674609071,3.0942135814522373,1.400247037121519,-0.36463520452744275,2.679577781035191,1.846213046067838,-0.4929185719883499,5.773791362487428,3.246460083189357,False,False,False
1790678764.2758286,APPROACH,0.010004384,0.003176475999680406,0.7511971707373997,0.8075070594334175,0.6672487834602938,0.04907057308738375,0.05185148548021129,0.04961443997383781,0.7394777298887607,0.8313056770009628,0.7467576503772816,0.05001619765484234,0.055280404603875656,0.04915098874255711,-0.4936704654751968,5.775998419172877,3.247307220881746,0,1,1,0.002134379000381159,100,0.0,0.0008162370605597769,0.00032701070931391297,0.1,-0.1288678796381569,3.0954326186625734,1.400325049849381,-0.3648025858370399,2.680565800510304,1.846982171032365,-0.4936704654751968,5.775998419172877,3.247307220881746,False,False,False
1790678764.2858732,APPROACH,0.010044921,0.003228104000299936,0.7516803545640887,0.808017293661714,0.6677372266301171,0.047615052497235265,0.05030431886699015,0.04812757167042623,0.739972753446384,0.8318528018092641,0.7472441107331037,0.04854812482099162,0.05365781704127695,0.04770831147572844,-0.4943711815203131,5.778332440121732,3.248177629448628,0,1,1,0.002123789000506804,100,0.0,0.0008186202245860086,0.00033001520821454024,0.1,-0.12942552239993574,3.0966376048909976,1.4004076211451397,-0.3649456591203774,2.6816948352307346,1.8477700083034883,-0.4943711815203131,5.778332440121732,3.248177629448628,False,False,False
1790678764.2958488,APPROACH,0.009975300000000001,0.0031412690004799515,0.7521491210385323,0.8085120062044249,0.6682110712210649,0.04619400719000172,0.04875693768504917,0.04667840655180816,0.7404498229500953,0.8323800828987088,0.7477129276145497,0.04710441684053959,0.052062158733942474,0.04628957758507117,-0.4952121372633811,5.780527495213622,3.2489809798798985,0,1,1,0.002101457000208029,100,0.0,0.0008209277175719176,0.0003326763305772973,0.1,-0.12995052109324698,3.097815859973897,1.400493940039546,-0.3652616161701341,2.6827116352397256,1.8484870398403526,-0.4952121372633811,5.780527495213622,3.2489809798798985,False,False,False
1790678764.3058562,APPROACH,0.01000729,0.0032024550000642193,0.7526037054579442,0.8089913883667821,0.6686704270832209,0.04477478277307676,0.04723313478718156,0.04523351298000397,0.7409140240482794,0.8328931411823927,0.7481690986955379,0.04567062899666245,0.050477464657982994,0.044880592226768996,-0.4959222999667914,5.782735424409599,3.2498066343024483,0,1,1,0.002128287000232376,100,0.0,0.0008231133546929836,0.00033546752368727176,0.1,-0.13044860576761058,3.098979942076815,1.400584969143319,-0.3654736941991808,2.6837554823327836,1.8492216651591293,-0.4959222999667914,5.782735424409599,3.2498066343024483,False,False,False
1790678764.315865,APPROACH,0.010008933000000001,0.0032501549994776724,0.7530449772675336,0.8094555820741212,0.6691153176943914,0.04358353097642368,0.04571867916692819,0.04379345566174847,0.741364023871753,0.8333905035065934,0.7486113141636217,0.044251526182129956,0.048909001211336726,0.04348603786773996,-0.49757054164597925,5.784684578120945,3.2505882838853175,0,1,1,0.0021797139997943304,100,0.0,0.0008252867845470746,0.00033811836089359115,0.1,-0.1309183464834037,3.1001266826451093,1.4006805573765895,-0.3666521951625756,2.6845578954758356,1.8499077265087278,-0.49757054164597925,5.784684578120945,3.2505882838853175,False,False,False
1790678764.325864,APPROACH,0.009999095000000001,0.003368829000464757,0.7534802285622009,0.8099044878958841,0.6695462398991481,0.043348492025993224,0.04416862506367481,0.04245630082932816,0.7417994745639459,0.8338717854028218,0.7490392321796534,0.04284906301643395,0.047358928737280884,0.042107835315345385,-0.5036631740326308,5.785658353790443,3.2510749394440444,0,1,1,0.002120703000400681,100,0.0,0.0008268912059254951,0.0003399249789259429,0.1,-0.13135946909540994,3.101255239327303,1.4007806868811647,-0.3723037049372209,2.68440311446314,1.8502942525628794,-0.5036631740326308,5.785658353790443,3.2510749394440444,False,False,False
1790678764.335864,APPROACH,0.010000066,0.0032011520006562932,0.7539137700745107,0.8103384768742457,0.6699644665751219,0.04090535042053284,0.043012525810380314,0.040749454489842976,0.7422210197764827,0.8343376982670637,0.7494534852610023,0.041462049856753294,0.045825932383036366,0.040744815505888876,-0.5006481576808747,5.787271888330471,3.251930955639452,0,1,1,0.002120011999977578,100,0.0,0.000828816467782989,0.00034239972746867857,0.1,-0.1317727227282142,3.1023673058763688,1.400885551945426,-0.36887543495266045,2.684904582454102,1.851045403694026,-0.5006481576808747,5.787271888330471,3.251930955639452,False,False,False
1790678764.3458676,APPROACH,0.010003623000000001,0.003264701999796671,0.7542506273173064,0.8107027800924591,0.6702993562648887,0.03884131511212939,0.04274129972945111,0.038179969118172126,0.7426289167547323,0.8347885264197742,0.7498543262030591,0.04009048721872372,0.044310012718509574,0.039396978946086396,-0.4962744487221168,5.787612982579835,3.2536793145007334,0,1,1,0.0021521019998544944,100,0.0,0.0008331150025672196,0.0003492979740783664,0.1,-0.13215843539725278,3.1034636098433164,1.4009952701265718,-0.364116013324864,2.684149372736518,1.8526840443741617,-0.4962744487221168,5.787612982579835,3.2536793145007334,False,False,False
1790678764.3558877,APPROACH,0.010020154,0.0033895090000441996,0.7546310410960437,0.8111287809102219,0.6706651379088999,0.03734050515298225,0.042437337639421736,0.03520277206237044,0.7430238146735998,0.835224987361545,0.7502423929509288,0.038732995895944665,0.04280964537576714,0.03806297028784181,-0.4972024144215125,5.783028076882578,3.2541275825446,0,1,1,0.0021844840002813726,100,0.0,0.0008373857266226192,0.0003495570741899323,0.1,-0.13251727003189387,3.1045459772121804,1.4011100807981112,-0.36468514438961863,2.678482099670398,1.853017501746489,-0.4972024144215125,5.783028076882578,3.2541275825446,False,False,False
1790678764.3658638,APPROACH,0.009975931,0.003207114000360889,0.7550153900824101,0.8115727928367518,0.6710173825425221,0.03591881981535176,0.042120533018660644,0.03211170876960915,0.7434035399925079,0.8356446787865597,0.7506155495631869,0.037398089968755405,0.04133424054246931,0.03675115633004288,-0.49940893725952373,5.776437139027948,3.2541467041066423,0,1,1,0.002142884999557282,100,0.0,0.0008372725386169844,0.00034860792532676044,0.1,-0.13284741459193314,3.1056083606821314,1.4012293446820545,-0.36656152266759057,2.670828778345817,1.8529173594245878,-0.49940893725952373,5.776437139027948,3.2541467041066423,False,False,False
1790678764.3758416,APPROACH,0.009977804,0.0032079550001071766,0.7553670789075344,0.8119919482209994,0.6713236658367485,0.0345122741310237,0.04172816801274532,0.029309825088901606,0.7437701000096849,0.8360498192612713,0.7509757686146644,0.036079847406007365,0.03987725289343505,0.03545571748423699,-0.5006259054930039,5.770889374817735,3.254496594629688,0,1,1,0.002152032999219955,100,0.0,0.0008367060983256458,0.0003492403709861369,0.1,-0.13315082128429914,3.1066562151657107,1.401353653515646,-0.3674750842087047,2.6642331596520243,1.853142941114042,-0.5006259054930039,5.770889374817735,3.254496594629688,False,False,False
1790678764.3858814,APPROACH,0.010039752,0.003191433999745641,0.7557210005349466,0.8124278997119392,0.6716151006846545,0.033001259391105583,0.04132141458076035,0.026373052212744386,0.7441257469514918,0.8364428980589618,0.7513252633714171,0.034770850995737665,0.03843048455482417,0.034169364845653624,-0.5020722772384429,5.763856326065989,3.254606655658023,0,1,1,0.0021366430000853143,100,0.0,0.0008363730267595404,0.0003483106518583634,0.1,-0.13342932124768273,3.107696162209358,1.4014838722673382,-0.3686429559907602,2.6561601638566303,1.8531227833906847,-0.5020722772384429,5.763856326065989,3.254606655658023,False,False,False
1790678764.3958638,APPROACH,0.009982292,0.003227312000490201,0.7560431988150338,0.8128388322464293,0.6718644695030838,0.03153954905790479,0.040873935734089074,0.0236729713928834,0.7444664172175375,0.8368194238851245,0.7516600405275473,0.033487037999001684,0.037011550185101875,0.03290775998345335,-0.5027859334562048,5.757609917990214,3.254984826420743,0,1,1,0.002168383000025642,100,0.0,0.0008358346074732736,0.0003488081047343439,0.1,-0.13367985008976047,3.108716275886274,1.4016185188962333,-0.36910608336644435,2.6488936421039395,1.8533663075245095,-0.5027859334562048,5.757609917990214,3.254984826420743,False,False,False
1790678764.4058657,APPROACH,0.010002031,0.003333652999572223,0.7563508104324486,0.813245254474122,0.6720869409348822,0.03007953359011986,0.040418979692104694,0.020995882889581374,0.7447949976140781,0.8371825873824983,0.7519829369516786,0.032218738777835716,0.03560976241649393,0.031661400530623426,-0.5033652907517548,5.750958535390517,3.255375825068275,0,1,1,0.002137225000296894,100,0.0,0.0008360302804630848,0.00034901293598366134,0.1,-0.1339047661780984,3.109724977499403,1.401758664211045,-0.3694605245736564,2.641233557891113,1.85361716085723,-0.5033652907517548,5.750958535390517,3.255375825068275,False,False,False
1790678764.4158282,APPROACH,0.009962615000000001,0.0032232240000666934,0.7566439036856032,0.8136471780701342,0.6722826407980476,0.028633598335031974,0.039953127179658786,0.01835007834372175,0.7451097635492049,0.8375304824458016,0.7522922578848835,0.030973759388931137,0.03423374889349339,0.03043795751020342,-0.5039078450175529,5.743834959174542,3.2557491811019563,0,1,1,0.002158573999622604,100,0.0,0.0008361240410665882,0.00034905785300956007,0.1,-0.13410309089213807,3.1107167918404524,1.4019035179169876,-0.36980475412541486,2.6331181673340893,1.853845663184969,-0.5039078450175529,5.743834959174542,3.2557491811019563,False,False,False
1790678764.425899,APPROACH,0.01007071,0.0032516479996047565,0.7569361108992094,0.8140639207716296,0.6724601472045935,0.027122639932069145,0.0394264065532927,0.015647436176560857,0.7454154336440573,0.8378683243312516,0.7525926403228831,0.029734222288449248,0.032863750460005524,0.02921986263437535,-0.504606570294105,5.7356229673176164,3.2559678430559407,0,1,1,0.0021488459997272003,100,0.0,0.0008356367272963627,0.00034820086190503476,0.1,-0.1342777788822389,3.111706730036467,1.4020553298949843,-0.37032879141186614,2.6239162372811493,1.8539125131609562,-0.504606570294105,5.7356229673176164,3.2559678430559407,False,False,False
1790678764.435913,APPROACH,0.010014113,0.0032345360004910617,0.7571997203841709,0.8144554183188184,0.6726032583622361,0.02569444011305894,0.038875434258417316,0.013157585656124245,0.7457071042056137,0.8381906932319254,0.7528792653995537,0.02852091065562085,0.03152273772576683,0.028027539562999523,-0.5048026389301088,5.728172808714584,3.2564152299591567,0,1,1,0.0021800149997943663,100,0.0,0.0008351140356857023,0.0003485467259416897,0.1,-0.1344260649488002,3.1126789658513037,1.4022117049381273,-0.3703765739813086,2.615493842863281,1.8542035250210294,-0.5048026389301088,5.728172808714584,3.2564152299591567,False,False,False
1790678764.4458115,APPROACH,0.009898454000000001,0.003243712999392301,0.7574491777158157,0.814841408681743,0.6727215410498228,0.02428902743651123,0.03832884618584062,0.010677607449879799,0.7459835608007996,0.8384962468956156,0.753150939689782,0.027340846508730948,0.030218471776788096,0.026867888843455767,-0.505029080399902,5.720200508646449,3.2568301173609524,0,1,1,0.0021417329999167123,100,0.0,0.0008351318691524057,0.000348418023538688,0.1,-0.13454801549786854,3.1136285276633764,1.40237162273491,-0.3704810649020335,2.6065719809830723,1.8544584946260425,-0.505029080399902,5.720200508646449,3.2568301173609524,False,False,False
1790678764.4558623,APPROACH,0.010050802000000001,0.0033875039998747525,0.7576846809486639,0.8152219067959834,0.672815177989933,0.022901132927264006,0.037770611908074424,0.008237314227487087,0.746252419866332,0.8387934033893301,0.7534151478767878,0.026162554498522773,0.02891616448195286,0.02570997960515564,-0.5050650773356989,5.712093374072721,3.257320824803135,0,1,1,0.0021910760005994234,100,0.0,0.0008351305056086833,0.0003486182648902547,0.1,-0.1346470934654541,3.114581521319442,1.4025394806726068,-0.3704179838702449,2.5975118527532786,1.8547813441305283,-0.5050650773356989,5.712093374072721,3.257320824803135,False,False,False
1790678764.465865,APPROACH,0.010002381000000001,0.003227352000067185,0.7579064506224817,0.8155969458162309,0.6728843395951065,0.021543794704375556,0.03722028131280124,0.005810508668737169,0.7465083277706214,0.8390762456115253,0.753666628939176,0.025010251114519422,0.027642581117345515,0.024577609426878484,-0.5051237476068102,5.703534082451224,3.2578080449733373,0,1,1,0.002161579999665264,100,0.0,0.0008352627361550846,0.0003486402255751697,0.1,-0.13472123925700608,3.1155191979843857,1.4027120445016767,-0.37040250834980415,2.5880148844668387,1.8550960004716606,-0.5051237476068102,5.703534082451224,3.2578080449733373,False,False,False
1790678764.4758618,APPROACH,0.009997101000000001,0.00318500200046401,0.7581146063683066,0.8159659636109282,0.6729301330923043,0.02019069857643666,0.036599065264939515,0.003513121061026199,0.7467526867074913,0.8393463233369846,0.753906760814816,0.023879174905946092,0.02639245908929291,0.023466099224159594,-0.5049637499400992,5.695043978500659,3.2583334989724397,0,1,1,0.0021408709999377606,100,0.0,0.0008353715503557346,0.000348734929568928,0.1,-0.13477127860183125,3.1164461511726147,1.4028900440143266,-0.37019247133826794,2.5785978273280445,1.8554434549581131,-0.5049637499400992,5.695043978500659,3.2583334989724397,False,False,False
1790678764.4858627,APPROACH,0.010001098,0.003209909000361222,0.7583094849148715,0.8163290242131698,0.6729527832391398,0.018871227732259726,0.03601387156110104,0.0012007767200172964,0.7469859337586523,0.8396041196502874,0.7541359730245277,0.022768645519659243,0.02516504643745397,0.022374780412994844,-0.5048200660601732,5.686077275893873,3.258864604679162,0,1,1,0.0021609189998343936,100,0.0,0.0008355041102406924,0.0003487894084849064,0.1,-0.13479757677746224,3.1173637072146603,1.4030736694069967,-0.370022489282711,2.568713568679213,1.8557909352721649,-0.5048200660601732,5.686077275893873,3.258864604679162,False,False,False
1790678764.4958649,APPROACH,0.010001930000000001,0.003254021999964607,0.7584911359877111,0.8166850477753185,0.6729543057464893,0.01753142924152283,0.034831184442540596,-0.00013925407723349575,0.7472081989237378,0.839849778233534,0.7543543933191366,0.021679404719263256,0.02396116299608425,0.021304381925535774,-0.5038002490234701,5.679931234016587,3.2594941849964387,0,1,1,0.002152703999854566,100,0.0,0.0008358278293179033,0.0003491121660763374,0.1,-0.13480042800387398,3.1182720349561444,1.4032628890294225,-0.36899982101959605,2.5616591990604434,1.856231295967016,-0.5038002490234701,5.679931234016587,3.2594941849964387,False,False,False
1790678764.5058646,APPROACH,0.009999545,0.003412963000300806,0.758659492153285,0.8170256829119769,0.6729529592871453,0.01629773412137608,0.033408445004307785,-0.000133736304404386,0.7474196289190055,0.8400834612448748,0.7545621658769178,0.02061217466084009,0.02278160692822433,0.02025561342559369,-0.5026976745512965,5.675291360315491,3.2593111740902145,0,1,1,0.0022192799997355905,100,0.0,0.0008360151236892488,0.0003466235197570722,0.1,-0.13478016196942724,3.119171312712001,1.4034576596026087,-0.36791751258186933,2.5561200476034904,1.855853514487606,-0.5026976745512965,5.675291360315491,3.2593111740902145,False,False,False
1790678764.5158694,APPROACH,0.010005006,0.003239304999624437,0.7588018355394803,0.8173222618605562,0.6729516909414661,0.015566151170017735,0.032614326318212976,-0.00016175481083318538,0.7476206042669498,0.8403055892568125,0.7547596646378694,0.01956650687755135,0.021625882565881823,0.019228034204167136,-0.5033616027316493,5.6691122804306735,3.2585898754537044,0,1,1,0.002123768999808817,100,0.0,0.0008352287891180143,0.00034252160136722943,0.1,-0.1347370830109261,3.1200627129588066,1.4036581519751883,-0.3686245197207232,2.549049567471867,1.854931723478516,-0.5033616027316493,5.6691122804306735,3.2585898754537044,False,False,False
1790678764.525881,APPROACH,0.010011278,0.0032482320002600318,0.7589557774662508,0.8176590978183755,0.6729492826527492,0.012233435154274972,0.031395100292348696,-9.863451595090722e-05,0.7478113464023971,0.8405164070101993,0.754947107206311,0.01854273681299872,0.020494360658111895,0.018221973902161723,-0.49310367602933725,5.665240808892143,3.258330198908361,0,1,1,0.0021713490004913183,100,0.0,0.0008340864313192142,0.00033801289142683106,0.1,-0.13467148444756402,3.120946767297286,1.4038644043872783,-0.3584321915817732,2.544294041594857,1.8544657945210823,-0.49310367602933725,5.665240808892143,3.258330198908361,False,False,False
1790678764.5358655,APPROACH,0.009984737,0.0032746409997344017,0.7590853075972586,0.8179684685678827,0.6729474445156596,0.012959369770386446,0.030963477266661547,-0.00014880560343639992,0.7479914882032137,0.8407155087432805,0.7551241328107982,0.01754453296564982,0.019391095813003256,0.01724103755825168,-0.5009645967180713,5.653930200256083,3.256099917076937,0,1,1,0.0021495479995792266,100,0.0,0.0008304312734328523,0.0003287070891746069,0.1,-0.1345839905915996,3.1218210767692587,1.404075732543356,-0.36638060612647166,2.5321091234868236,1.8520241845335808,-0.5009645967180713,5.653930200256083,3.256099917076937,False,False,False
1790678764.5458643,APPROACH,0.009998794,0.003282927000327618,0.7592012432633393,0.8182648026230535,0.6729457950013744,0.015595705290830287,0.031082416559394838,-0.00014193277398518583,0.7481620116347307,0.8409039797732807,0.7552917064300619,0.016568177188998588,0.018311978548970573,0.016281571344564618,-0.5176606840887609,5.6380144081363355,3.252482012885152,0,1,1,0.002179833999434777,100,0.0,0.0008236326664761151,0.0003137806817028688,0.1,-0.13447463387091335,3.122689687784669,1.4042929908395692,-0.3831860502178475,2.515324720351667,1.8481890220455828,-0.5176606840887609,5.6380144081363355,3.252482012885152,False,False,False
1790678764.5562317,APPROACH,0.010370165,0.003995592000137549,0.7592962789419175,0.8185117647180062,0.6729442353169306,0.015349411195724817,0.030895821313800066,-0.00016593473974566703,0.7483286832741668,0.8410881936099182,0.7554554948877563,0.015580552315394819,0.017220406115047618,0.015311030973236162,-0.5200147856451814,5.6296344572203925,3.2508614733986487,0,1,1,0.002223677000074531,100,0.0,0.0008179310981532018,0.0003052647914431495,0.1,-0.13433861045630327,3.1235837490056655,1.4045242757473941,-0.38567617518887815,2.506050708214727,1.8463371976512544,-0.5200147856451814,5.6296344572203925,3.2508614733986487,False,False,False
1790678764.565914,APPROACH,0.009679812000000001,0.00396258000000671,0.7594002613470296,0.818820945923318,0.6729424900708993,0.012755231952479422,0.02985934293217129,-0.00013814340759334132,0.7484751329323865,0.8412500571009487,0.7555994111756794,0.014682016282559022,0.01622729912620567,0.014428038332742659,-0.5123588115102317,5.6239284764434245,3.249901477790091,0,1,1,0.00263542500033509,100,0.0,0.0008144343129856679,0.0002974454774702373,0.1,-0.13419122086580013,3.12441250359777,1.4047456370841434,-0.3781675906444315,2.499515972845655,1.8451558407059476,-0.5123588115102317,5.6239284764434245,3.249901477790091,False,False,False
1790678764.575875,APPROACH,0.009961063000000001,0.004029517000162741,0.759474091114801,0.8190881402533723,0.6729407862868344,0.016456423257723552,0.030208243901858556,-0.0002857417973493419,0.7486168750040981,0.8414067175317892,0.7557387013116295,0.01378128344467665,0.015231764118491744,0.013542886888797942,-0.5329882806015216,5.606281070075567,3.2457902642540444,0,1,1,0.00268256300023495,100,0.0,0.0008068240281243755,0.00028194198416684466,0.1,-0.13401931903454228,3.125259979924361,1.4049789444899716,-0.3989689615669793,2.4810210901512058,1.8408113197640728,-0.5329882806015216,5.606281070075567,3.2457902642540444,False,False,False
1790678764.5858738,APPROACH,0.009998663000000001,0.003989390000242565,0.7595255222875341,0.8193415209659527,0.6729391343375175,-0.003377290629843702,0.02138407938126191,-5.9053563129508185e-05,0.7487502523703748,0.8415541328715889,0.7558697714396231,0.012901926462220268,0.01425985477590449,0.012678741528455498,-0.4379744358313209,5.662119918597702,3.262073343150722,0,1,1,0.002668836999873747,100,0.0,0.0008145363975761155,0.0003305594921587219,0.1,-0.13382649692588788,3.1261056729137433,1.4052187517368706,-0.304147938905433,2.5360142456839587,1.8568545914138515,-0.4379744358313209,5.662119918597702,3.262073343150722,False,False,False
1790678764.5959117,APPROACH,0.010037988000000001,0.003940288000194414,0.759578057199473,0.8196031271571078,0.6729375172359715,-0.0027687896090475552,0.020896650625851942,-7.353581476588975e-05,0.7488754367848132,0.8416924929510177,0.7559927903421647,0.012044474998907161,0.01331215650929016,0.011836122753005435,-0.4432310462947532,5.6520993172286484,3.259869139879795,0,1,1,0.0026365369994891807,100,0.0,0.0008310120574568369,0.0003261776993190191,0.1,-0.13361286417480872,3.126950167181149,1.4054651566054062,-0.30961818211994446,2.5251491500474996,1.854403983274389,-0.4432310462947532,5.6520993172286484,3.259869139879795,False,False,False
1790678764.6058674,APPROACH,0.009955542000000001,0.0034153770002376405,0.759640504022367,0.8198435589830337,0.6729356565901154,-0.0030886302167074846,0.01971598586094757,-6.621477685600854e-05,0.7489912185984311,0.8418204608054863,0.7561065692954749,0.011219560217690903,0.012400419411959305,0.011025477821438874,-0.4443464253300856,5.647127337334185,3.2590831523884116,0,1,1,0.002165918999708083,100,0.0,0.0008258394108308087,0.00032018415796595254,0.1,-0.13338152024682484,3.127783741817727,1.405715122599335,-0.31096490508326075,2.5193435955164576,1.8533680297890767,-0.4443464253300856,5.647127337334185,3.2590831523884116,False,False,False
1790678764.6158636,APPROACH,0.00999625,0.0031458379999094177,0.7597256731563675,0.8200851277999286,0.6729339488490469,0.014339614030509755,0.02615987632339138,-0.0002912782100961825,0.7490993400745816,0.8419399620716403,0.7562128204242348,0.010417212293548134,0.011513624334377115,0.010237009372491569,-0.5340067951291894,5.58307794332673,3.2416865547139118,0,1,1,0.002104473000144935,100,0.0,0.0008077836206051847,0.0002608966894698028,0.1,-0.1331301110594113,3.1286172326500874,1.4059716933302593,-0.4008766840697781,2.454460710676642,1.8357148613836525,-0.5340067951291894,5.58307794332673,3.2416865547139118,False,False,False
1790678764.6258643,APPROACH,0.010000637000000001,0.003195260999746097,0.7598043696623851,0.8203173769039251,0.6729321805319293,0.015021810056395225,0.026796698120667387,-0.00018519205970052646,0.7491996149437524,0.8420507908750935,0.7563113606811289,0.00964091956404607,0.010655626761789421,0.009474145400464084,-0.5426359706538749,5.567504345087649,3.2375644027909196,0,1,1,0.0021338280002964893,100,0.0,0.0007807977628004892,0.00023770974273420455,0.1,-0.13285981217455264,3.1294480911674576,1.4062339585657893,-0.40977615847932225,2.4380562539201915,1.8313304442251304,-0.5426359706538749,5.567504345087649,3.2375644027909196,False,False,False
1790678764.6359143,APPROACH,0.01004988,0.0031648639997001737,0.7598661097628128,0.8205569186052077,0.672930620144677,0.016238387687708546,0.02691222770796925,-0.00031911795506167975,0.7492926978822685,0.842153670796882,0.7564028334175152,0.008887816335915196,0.00982325938658714,0.008734069784494898,-0.5525617322337651,5.5534060470939135,3.234138245965722,0,1,1,0.0021248809998724028,100,0.0,0.0007698474614782347,0.00022220140297324334,0.1,-0.13256966143835006,3.130280532820596,1.406503121392468,-0.4199920707954151,2.423125514273318,1.8276351245732545,-0.5525617322337651,5.5534060470939135,3.234138245965722,False,False,False
1790678764.6458647,APPROACH,0.009950623,0.0032237449995591305,0.7598903033562898,0.8207404858323653,0.6729293932826144,-0.0025416574774042512,0.01946120995050516,-8.617845046702405e-05,0.7493775394890831,0.8422474419864538,0.7564862073854891,0.008169229162405794,0.009029040882236094,0.008027913144611114,-0.4722486273791615,5.603286921199645,3.248380577544143,0,1,1,0.0021539159997701063,100,0.0,0.0007779466320293471,0.0002651110605175644,0.1,-0.13226448578833125,3.131102785707259,1.406775142718265,-0.33998414159083024,2.4721841354923857,1.841605434825878,-0.4722486273791615,5.603286921199645,3.248380577544143,False,False,False
1790678764.6558692,APPROACH,0.010004535,0.0035520649998943554,0.7599025362770488,0.8209587190739045,0.6729282241230807,-0.0028732280920288145,0.018262331924350898,-7.618388970266274e-05,0.749455769466803,0.8423339056726852,0.7565630840961254,0.007474314474334149,0.008260986393430758,0.007345019489916431,-0.46271204954432044,5.598689361799897,3.2475202008166475,0,1,1,0.0023115539997888845,100,0.0,0.0007922297375698717,0.00026452554753988446,0.1,-0.131940118699696,3.131928035745052,1.4070541497938374,-0.3307719308446245,2.4667613260548444,1.8404660510228104,-0.46271204954432044,5.598689361799897,3.2475202008166475,False,False,False
1790678764.665927,APPROACH,0.010057815000000001,0.003932763000193518,0.7599271567613268,0.8211609317790121,0.6729268710025158,-0.0024841717127916125,0.017808463136773735,-8.751126610972992e-05,0.7495275497047845,0.8424132407837938,0.7566336226383256,0.006803969294504196,0.007520087354663666,0.006686270325999138,-0.46697045228295464,5.589994632978236,3.2454428642073943,0,1,1,0.0025909010000759736,100,0.0,0.0007865261886154107,0.00025437928747387153,0.1,-0.13159671705027778,3.1327567328701096,1.4073401893590916,-0.3353737352326769,2.457237900108126,1.838102674848303,-0.46697045228295464,5.589994632978236,3.2454428642073943,False,False,False
1790678764.675937,APPROACH,0.010009825,0.004082916999323061,0.759961420390006,0.8213579844066832,0.672925286669197,0.015685812067969845,0.024335059541284777,-0.0003155030258908849,0.7495924362074079,0.8424849565936021,0.756697386696961,0.006165375132056338,0.0068142811292203585,0.006058722932130053,-0.5587362411476839,5.525919039724915,3.227885839753104,0,1,1,0.0026626460003171815,100,0.0,0.0007635944538548767,0.0001935385634480591,0.1,-0.13123814856782876,3.133581060964547,1.4076303594369564,-0.4274980925798552,2.3923379787603682,1.8202554803161477,-0.5587362411476839,5.525919039724915,3.227885839753104,False,False,False
1790678764.6858366,APPROACH,0.009899977,0.0040297069999724044,0.7599868951791384,0.8215449444734553,0.6729231933587654,-0.0032401596039836503,0.016443217954705835,-7.201432411178474e-05,0.7496504641287742,0.8425490919561819,0.756754410818017,0.00556220831344982,0.006147630977077642,0.0054659900395619436,-0.4858636299998834,5.5768628644709235,3.2423983374947194,0,1,1,0.0026443920005476684,100,0.0,0.0007548160679387017,0.00023101513824428377,0.1,-0.13086744484017296,3.1343964569511464,1.4079227100072598,-0.35499618515971043,2.4424664075197775,1.8344756274874596,-0.4858636299998834,5.5768628644709235,3.2423983374947194,False,False,False
1790678764.6958482,APPROACH,0.010011438000000001,0.004030238000268582,0.7600012723234633,0.8217403325913413,0.6729216735040646,-0.0026191773381699524,0.016543689966297646,-8.836099480672224e-05,0.7497032178445204,0.8426073980027736,0.7568062519696908,0.004981400323985899,0.00550569292180405,0.004895229200268823,-0.4746299695400334,5.565099835698547,3.2393413674434157,0,1,1,0.002645061999828613,100,0.0,0.0007662764007627665,0.0002237325473639862,0.1,-0.13047674488883926,3.1352216795299457,1.4082237483334994,-0.34415322465119413,2.4298781561686016,1.831117619109916,-0.4746299695400334,5.565099835698547,3.2393413674434157,False,False,False
1790678764.7058682,APPROACH,0.010019914000000001,0.0033722750004017144,0.7600085720864866,0.8219182166551589,0.6729205211165494,-0.0030289766971013784,0.015578811401355683,-7.60730900313672e-05,0.749750342835609,0.8426594829011962,0.7568525617656188,0.004429863460632255,0.0048961067799196695,0.004353233138335561,-0.4743345038447804,5.560567570517451,3.238369635996944,0,1,1,0.0021870279997528996,100,0.0,0.0007580403870977026,0.0002163937406639338,0.1,-0.13007022152744244,3.136048790893779,1.4085304436712842,-0.34426428231733797,2.4245187796236722,1.8298391923256598,-0.4743345038447804,5.560567570517451,3.238369635996944,False,False,False
1790678764.715872,APPROACH,0.010003884000000001,0.0037939120002192794,0.7600246738045096,0.8220913103026861,0.6729190978369504,-0.0030949966068869947,0.014909725660060203,-7.533366934071167e-05,0.7497920297258222,0.8427055573383928,0.7568935275320634,0.003909328111978575,0.004320785063487493,0.003841702309096225,-0.47628694586956577,5.55420736231801,3.2368698288035658,0,1,1,0.002527652000026137,100,0.0,0.0007522487133142519,0.00020826642425941788,0.1,-0.12964933168881118,3.1368763117742464,1.4088420070196106,-0.34663761418075456,2.417331050543764,1.8280278217839552,-0.47628694586956577,5.55420736231801,3.2368698288035658,False,False,False
1790678764.7259235,APPROACH,0.010051243000000001,0.0036497399996733293,0.7600494407338134,0.8222539783429417,0.6729175871612378,-0.002427871091892252,0.014821484462499875,-0.000253451592723386,0.7498288233914796,0.8427462235389392,0.7569296847197611,0.003417057697752105,0.00377670316704365,0.003357947471215288,-0.4824323679237349,5.5444853751834415,3.234541187074206,0,1,1,0.0022269839992077323,100,0.0,0.0007448158791014681,0.00019731013655637232,0.1,-0.1292117922320548,3.1377100479000655,1.4091604032650196,-0.3532205756916801,2.406775327283376,1.8253807838091864,-0.4824323679237349,5.5444853751834415,3.234541187074206,False,False,False
1790678764.7358642,APPROACH,0.009940654,0.0033158289998027612,0.7600766150713234,0.8224210076394067,0.6729153135376249,0.013752843009069838,0.02106033823134134,-0.00029411717106567897,0.7498604985236427,0.8427812324801214,0.7569608119172963,0.0029609135915267077,0.0032725498740679305,0.0029096940077115965,-0.564912570151693,5.48498438083285,3.2179793948715583,0,1,1,0.0022113639997769496,100,0.0,0.0007196690769103453,0.00013877421693266891,0.1,-0.12876506927473474,3.1385374257794836,1.409480543317115,-0.43614750087695825,2.346446955053366,1.8084988515544433,-0.564912570151693,5.48498438083285,3.2179793948715583,False,False,False
1790678764.745869,APPROACH,0.010004765,0.003524883999489248,0.7600952966497143,0.8225817007694296,0.6729104177250802,0.015395294262654829,0.0214291411626052,-0.0003439050390030077,0.749887955275866,0.8428115790566942,0.7569877937068508,0.0025330822523384144,0.002799689268074683,0.002489263540740242,-0.5759182070953011,5.471750464932979,3.2145505278749047,0,1,1,0.002173503000449273,100,0.0,0.0006925068652119393,0.00011759836219866759,0.1,-0.12830187042145183,3.1393735232142395,1.4098079798430696,-0.4476163366738492,2.33237694171874,1.8047425480318349,-0.5759182070953011,5.471750464932979,3.2145505278749047,False,False,False
1790678764.7559233,APPROACH,0.010054168,0.0033327809996990254,0.7600755018594043,0.8227377394030393,0.6729085458885242,-0.002735604459208103,0.01459627301149937,-8.93636502472591e-05,0.7499113958079344,0.8428374867057685,0.7570108287511331,0.002135150608234124,0.002359875301355825,0.0020982155467553646,-0.523055789016403,5.517943783900504,3.2275380367215094,0,1,1,0.0022250500005611684,100,0.0,0.0006993769227841007,0.00015581229161656384,0.1,-0.1278231156687046,3.1402177368934527,1.4101422823576109,-0.3952326733476984,2.377726047007051,1.8173957543638988,-0.523055789016403,5.517943783900504,3.2275380367215094,False,False,False
1790678764.7667015,APPROACH,0.010779348000000001,0.004346435000115889,0.760061750104084,0.8228378883151626,0.6729044301977813,-0.00138793465201355,0.016524032791919784,-0.0022177232587983816,0.7499322728620866,0.842860561070766,0.7570313446620125,0.0017446519334567694,0.0019282766243044625,0.0017144719423251103,-0.49796291478393484,5.501045118125324,3.2247324118241325,0,1,1,0.002838238000549609,100,0.0,0.0007089887625659763,0.00014956646602848345,0.1,-0.12729560062327694,3.1411279381196824,1.410506496921086,-0.3706673141606579,2.3599171800056413,1.8142259149030464,-0.49796291478393484,5.501045118125324,3.2247324118241325,False,False,False
1790678764.7759466,APPROACH,0.009244180000000001,0.0043645989999276935,0.7600476970890426,0.8230299319249639,0.6728375707276717,-0.0019051297283987749,0.020576036407356488,-0.010366567333229725,0.7499469707460708,0.8428768059076699,0.7570457882935581,0.0014399448442518723,0.001591499100887803,0.0014150358513483452,-0.501646243370695,5.470202318161855,3.2237363234732865,0,1,1,0.0029093920002196683,100,0.0,0.000699519731681808,0.00014117505535584665,0.1,-0.1268319291635239,3.141913244142409,1.4108235838287824,-0.37481431420717104,2.3282890740194455,1.8129127396445042,-0.501646243370695,5.470202318161855,3.2237363234732865,False,False,False
1790678764.785875,APPROACH,0.009928571,0.00398520299950178,0.7600320622771584,0.8231919675397412,0.6727508178385344,-0.0014181279118611345,0.019876675304427327,-0.010931208763074272,0.7499597716693991,0.8428909541287278,0.757058367779163,0.0011441188476372431,0.0012645374054375653,0.0011243272227216413,-0.5048460403234705,5.4634041918853855,3.223373787817237,0,1,1,0.002560083000389568,100,0.0,0.0006932915480264423,0.0001373025342906731,0.1,-0.1263227861513711,3.142762108309228,1.411168984397364,-0.3785232541720993,2.3206420835761574,1.812204803419873,-0.5048460403234705,5.4634041918853855,3.223373787817237,False,False,False
1790678764.7958763,APPROACH,0.010001218000000001,0.004008255999906396,0.7600265399521291,0.8234065612428951,0.6726249920987071,-0.0002573521155375283,0.01898231217508341,-0.011992554081904652,0.7499698627529651,0.8429021072992721,0.75706828430137,0.0008794638714684873,0.0009720274816724695,0.0008642504003270292,-0.5118056346144453,5.453573882168304,3.2230523364999373,0,1,1,0.002658438000253227,100,0.0,0.0006873445836685921,0.000132563114908546,0.1,-0.12579872454490426,3.143623423342553,1.4115219371458667,-0.386006910069541,2.3099504588257513,1.8115303993540703,-0.5118056346144453,5.453573882168304,3.2230523364999373,False,False,False
1790678764.8059137,APPROACH,0.010037738000000001,0.0043584869999904186,0.7600152262895392,0.8235799522696192,0.6725246069249726,-0.00322566634547084,0.011459868293451355,-0.00444914207382437,0.7499774997326708,0.8429105480714194,0.7570757891722145,0.0006479149953295348,0.0007161080763856757,0.0006367069896304434,-0.49284193858129444,5.484096358376493,3.2266834037065104,0,1,1,0.0026850180001929402,100,0.0,0.0006871544020219389,0.00014188321273616024,0.1,-0.12526195204173077,3.1444947728089705,1.411881206010715,-0.3675799865395637,2.3396015855675225,1.8148021976957953,-0.49284193858129444,5.484096358376493,3.2266834037065104,False,False,False
1790678764.815834,APPROACH,0.009920095,0.003966086000218638,0.7600292179209776,0.8236966571573827,0.6724889580350366,-0.0024381759186429697,0.011511686318057634,-0.0047681354781659736,0.7499829324517953,0.8429165525844649,0.7570811279130435,0.0004530435195714545,0.0005007263694434233,0.00044520651257841414,-0.49855107893156353,5.47599588474713,3.2252855096507553,0,1,1,0.002625876999445609,100,0.0,0.0006860917815667555,0.00013624494523538646,0.1,-0.1247213391075624,3.1453632792666353,1.4122411686934369,-0.37382973982400114,2.330632605480495,1.8130443409573185,-0.49855107893156353,5.47599588474713,3.2252855096507553,False,False,False
1790678764.825882,APPROACH,0.010047927,0.004189799000414496,0.7600391458891851,0.8238396796306917,0.6724294200249963,-0.002418724018037636,0.011862843611005435,-0.005854916260389604,0.7499866385072832,0.8429206487024519,0.7570847698590552,0.0002905147050983999,0.00032109139027405317,0.00028548921488149784,-0.501154413238415,5.465839923409493,3.2241602179854727,0,1,1,0.0026986140001099557,100,0.0,0.0006786632376758472,0.0001287236356626309,0.1,-0.12416400178422259,3.1462510480098542,1.412610694809555,-0.37699041145419243,2.3195888753996385,1.8115495231759178,-0.501154413238415,5.465839923409493,3.2241602179854727,False,False,False
1790678764.8358126,APPROACH,0.009930505000000001,0.003985734000707453,0.7600401617976482,0.8239780710110347,0.6723635767563865,-0.0029888792905349215,0.011049767382555604,-0.006322669915411074,0.749988870275065,0.8429231153638884,0.7570869630204361,0.00016477999778611037,0.0001821230996227082,0.0001619295387481255,-0.4994247758754221,5.462580509906209,3.224617016691909,0,1,1,0.002617601000565628,100,0.0,0.0006732712618040537,0.0001272421347034758,0.1,-0.12360403610942808,3.1471370215475956,1.412980726968948,-0.37582073976599406,2.315443488358613,1.811636289722961,-0.4994247758754221,5.462580509906209,3.224617016691909,False,False,False
1790678764.8459563,APPROACH,0.010143868,0.004232780000165803,0.7600411568354204,0.8241071803799667,0.6722959239793473,-0.002945751269908401,0.011086634077296993,-0.0070748796168510295,0.7499900431126327,0.8429244116426605,0.757088115569586,7.260625889114687e-05,8.024807075448998e-05,7.135027412569506e-05,-0.5010340656305288,5.455099812642805,3.2241020511089182,0,1,1,0.002828438999131322,100,0.0,0.0006688368440519454,0.00012294728203983142,0.1,-0.1230231870748071,3.148051461607122,1.4133636133456622,-0.3780108785557217,2.307048351035683,1.8107384377632563,-0.5010340656305288,5.455099812642805,3.2241020511089182,False,False,False
1790678764.85584,APPROACH,0.009883516,0.003984731999480573,0.7600358512876344,0.8242301555904623,0.6722247417139,-0.00305651098464614,0.010330802816777335,-0.00657599840815256,0.7499904640585072,0.8429248768931064,0.7570885292336971,1.8480968376893575e-05,2.042609109145661e-05,1.816127397193911e-05,-0.5006959888236336,5.452309977760625,3.2239223473348533,0,1,1,0.002631067000038456,100,0.0,0.0006639132448781337,0.00011945685951024744,0.1,-0.12244915991892484,3.1489522085358193,1.4137413923194948,-0.37824682890470884,2.3033577692248057,1.8101809550153585,-0.5006959888236336,5.452309977760625,3.2239223473348533,False,False,False
1790678764.8658185,APPROACH,0.009979047000000001,0.004204066000056628,0.7600340105392434,0.8243459610656929,0.6721535136644468,0.013094690895072343,0.01713489116125745,-0.006956321235979262,0.7499905258688433,0.842924945208983,0.7570885899748024,3.657423500267829e-10,4.042367480586646e-10,3.5941552880324515e-10,-0.5809768456871295,5.39371170056347,3.2086326601319097,0,1,1,0.0026989239995600656,100,0.0,0.0006373449089535077,6.613875418401972e-05,0.1,-0.12186201304503022,3.1498720686409616,1.4141275009503764,-0.4591148326420993,2.2438396319225085,1.794505159181533,-0.5809768456871295,5.39371170056347,3.2086326601319097,False,False,False
