t_wall,phase,dt,compute_time,q_base_joint,q_shoulder_joint,q_elbow_joint,qd_base_joint,qd_shoulder_joint,qd_elbow_joint,qref_base_joint,qref_shoulder_joint,qref_elbow_joint,qdref_base_joint,qdref_shoulder_joint,qdref_elbow_joint,tau_base_joint,tau_shoulder_joint,tau_elbow_joint,solver_success,solver_accepted,solver_status,solve_time,solver_iterations,constraint_violation,primal_residual,dual_residual,solver_rho,tau_ff_base_joint,tau_ff_shoulder_joint,tau_ff_elbow_joint,tau_feedback_base_joint,tau_feedback_shoulder_joint,tau_feedback_elbow_joint,tau_raw_base_joint,tau_raw_shoulder_joint,tau_raw_elbow_joint,saturated_base_joint,saturated_shoulder_joint,saturated_elbow_joint
1790735223.536357,APPROACH,0.009980899000000001,0.005621591999897646,0.00015246537814661565,-0.008657770442593637,-0.0002818536392172888,-1.4737937664894707e-05,0.0014798110676516158,-3.955095723040861e-05,0.00015246537814661565,-0.008657770442593637,-0.0002818536392172888,0.0,0.0,0.0,0.5576305269235289,-0.15089861605283117,0.07745800717918128,1,1,0,0.0008489480001117045,13,0.0,0.0,9.707359064753762e-05,0.1,0.5615734367598764,-0.13639001900712255,0.08326417421627293,-0.003942909836347501,-0.01450859704570861,-0.005806167037091646,0.5576305269235289,-0.15089861605283117,0.07745800717918128,False,False,False
1790735223.5463629,APPROACH,0.010005697000000001,0.0016116510000756534,0.00015701797842204712,-0.008649043406289358,-0.00027847447629536504,-0.00042745255002643134,-0.0020226830478188586,0.0026971089599012402,0.0001525252875465311,-0.008657702404156859,-0.00028179312800669364,1.79445886603204e-05,2.0379469045097537e-05,1.8124848270897536e-05,0.565489072416868,-0.12884092425931498,0.08421063317225858,1,1,0,0.0004143789999488945,13,0.0,0.0,9.72532096973882e-05,0.1,0.5619630743603851,-0.1353175490685816,0.08371420582210003,0.0035259980564829457,0.0064766248092666045,0.0004964273501585501,0.565489072416868,-0.12884092425931498,0.08421063317225858,False,False,False
1790735223.5563965,APPROACH,0.010033690000000001,0.0016669669998918835,0.00015357364202550627,-0.008677134952713494,-0.0002719781128561749,-0.0001816474155251946,-0.003796552536046983,-3.979273998371523e-05,0.00015294521786957116,-0.008657225493976219,-0.0002813689793380602,7.169013436916797e-05,8.141768540206014e-05,7.241028660827637e-05,0.5793967477859623,-0.07705777575032474,0.10728789945807941,1,1,0,0.000583121000090614,23,0.0,0.0,7.822536155282321e-05,0.010000000000000002,0.5623492221810953,-0.13425274196012094,0.08416120600685464,0.01704752560486699,0.0571949662097962,0.023126693451224766,0.5793967477859623,-0.07705777575032474,0.10728789945807941,False,False,False
1790735223.566382,APPROACH,0.009985308,0.001595279999946797,0.0001515453857958704,-0.008718588533034755,-0.00027238918268146506,-0.0003424828815070812,-0.0038561891488695797,-4.112781881896767e-05,0.00015407444159758066,-0.008655943047192647,-0.00028022841216644663,0.00016028924531397222,0.00018203870676408235,0.00016189940632055412,0.5854129079874442,-0.05937377002780252,0.11449993776311293,1,1,0,0.0005815879999317985,23,0.0,0.0,7.805143659456615e-05,0.010000000000000002,0.5627290976578668,-0.13320136939368102,0.08460293140260684,0.022683810329577368,0.0738275993658785,0.029897006360506087,0.5854129079874442,-0.05937377002780252,0.11449993776311293,False,False,False
1790735223.5763855,APPROACH,0.010003643000000001,0.0016001089998098905,0.00014748880403558928,-0.008754765648084195,-0.0002727958547428244,-0.00046133390384420664,-0.003385189685403306,-3.986194221122785e-05,0.00015626666158472517,-0.008653453367422676,-0.00027801417056996563,0.0002837476156519894,0.0003222489999220023,0.00028659795876476965,0.5883347813637313,-0.052159424127846105,0.11744491632703655,1,1,0,0.0005878800000118645,23,0.0,0.0,8.79117316193895e-05,0.010000000000000002,0.5631053990617274,-0.13215409466754002,0.08504348033381937,0.02522938230200393,0.07999467053969392,0.03240143599321719,0.5883347813637313,-0.052159424127846105,0.11744491632703655,False,False,False
1790735223.5863707,APPROACH,0.009985138000000001,0.0016384619998461858,0.00014273091669281257,-0.008788463703308658,-0.00027098848118534136,-0.0004949900879914233,-0.0033808459263766043,0.0006097383546590867,0.00015985767676989694,-0.008649375091559573,-0.0002743870823930352,0.00044118508925137465,0.000501048981381134,0.00044561694633577507,0.5929317327607366,-0.039882807590683675,0.12203405393672065,1,1,0,0.0006049630001143669,24,0.0,0.0,8.008400835093537e-05,0.010000000000000002,0.563476877892355,-0.13111253470097686,0.08548234595745587,0.029454854868381588,0.09122972711029319,0.03655170797926478,0.5929317327607366,-0.039882807590683675,0.12203405393672065,False,False,False
1790735223.5964966,APPROACH,0.010125985,0.002053903999922113,0.00013763588004067628,-0.008823671866967864,-0.0002551731775630728,-0.0005407889230538693,-0.003578942242539743,0.00269557543514797,0.00016527886815958322,-0.008643218305009321,-0.00026891143325749215,0.0006353121381358129,0.0007215169039646494,0.000641694068687864,0.5966627603982635,-0.03296911851352541,0.12331889337921297,1,1,0,0.0007122570000319683,24,0.0,0.0,8.55655404279418e-05,0.010000000000000002,0.5638495244116996,-0.13005786869530386,0.08592764582031005,0.032813235986563945,0.09708875018177845,0.03739124755890291,0.5966627603982635,-0.03296911851352541,0.12331889337921297,False,False,False
1790735223.606422,APPROACH,0.009925474,0.001929476999976032,0.00013290692338419063,-0.008859916603308982,-0.00021478744943426165,-0.0005530972552974814,-0.0036889036240017564,0.0051126497183750915,0.00017266698668825037,-0.008634827701262053,-0.00026144909851835143,0.000858860359732099,0.0009753981239996355,0.0008674879096256101,0.5996526136315498,-0.029404787306981622,0.12284332073493084,1,1,0,0.0007139309998365206,24,0.0,0.0,8.884165937032231e-05,0.010000000000000002,0.5642109441937029,-0.12902345226010306,0.08636545413609252,0.03544166943784689,0.09961866495312144,0.03647786659883833,0.5996526136315498,-0.029404787306981622,0.12284332073493084,False,False,False
1790735223.6164289,APPROACH,0.01000703,0.0016524790000858047,0.00013348169122107123,-0.008894795498851416,-0.0001538115708843435,-0.000560742561997952,-0.0037504050402354175,0.006611885737417239,0.00018252666756423633,-0.008623630171744365,-0.00025149037373176027,0.0011171646553213633,0.0012687514293232218,0.001128386961361962,0.6035434936828182,-0.021746418128081327,0.1245579426136133,1,1,0,0.0006179980000524665,24,0.0,0.0,9.725510033821537e-05,0.010000000000000002,0.5645716073492202,-0.12797773608920926,0.08680926673381072,0.03897188633359801,0.10623131796112793,0.03774867587980259,0.6035434936828182,-0.021746418128081327,0.1245579426136133,False,False,False
1790735223.6265092,APPROACH,0.010080379,0.0022890019999977085,0.000148285266392989,-0.008925267037963813,-8.056421499880173e-05,0.0025866627891710224,-0.002619020641582738,0.007663705530774296,0.0001952382131228894,-0.008609193811338916,-0.00023865113629364368,0.0014103561403523786,0.0016017257262870772,0.0014245236564458042,0.5913723548325488,-0.04174141669799017,0.11645318878141207,1,1,0,0.0007201920000170503,23,0.0,0.0,9.347473835777056e-05,0.010000000000000002,0.5649312604926651,-0.12691934595133714,0.08725985471402463,0.02644109433988376,0.08517792925334697,0.029193334067387448,0.5913723548325488,-0.04174141669799017,0.11645318878141207,False,False,False
1790735223.6363628,APPROACH,0.009853316,0.0016581600000336039,0.00016842377124870467,-0.008950031665716729,-5.801132504146267e-06,0.0031766627693843343,-0.002113450145703935,0.008263426579448419,0.00021067699151637695,-0.008591660163044156,-0.0002230572700219285,0.0017285383970126371,0.0019630817636447618,0.0017459021641187682,0.5916239540853068,-0.03960045674721201,0.11678585973709314,1,1,0,0.0006135789999461849,24,0.0,0.0,8.326979073121203e-05,0.010000000000000002,0.5652793911054456,-0.1258778668579584,0.08770474090879628,0.026344562979861166,0.0862774101107464,0.029081118828296868,0.5916239540853068,-0.03960045674721201,0.11678585973709314,False,False,False
1790735223.6463706,APPROACH,0.010008041,0.0019931179999730375,0.00018154897954758553,-0.00897846294694471,8.551307172943723e-05,0.002829680665807701,-0.0022333049860392084,0.009637741970811478,0.0002297250497320941,-0.008570027495941856,-0.00020381786746161742,0.002083279539789909,0.0023659573198974316,0.0021042068045868017,0.5978218372994375,-0.027271037936170875,0.12023216780027893,1,1,0,0.0007355709999501414,24,0.0,0.0,9.603713230905115e-05,0.010000000000000002,0.565629647767804,-0.1248109514761792,0.08816214485793676,0.03219218953163344,0.09753991354000832,0.03207002294234217,0.5978218372994375,-0.027271037936170875,0.12023216780027893,False,False,False
1790735223.6563697,APPROACH,0.009999085000000001,0.0017504350000763225,0.0001936282018011326,-0.009008447037373024,0.00018895073739688684,0.0018212133663251112,-0.0026342344487923133,0.010895556832525728,0.0002524587076970649,-0.008544209134342774,-0.00018085584202557606,0.002469057006920944,0.0028040804832930697,0.0024938595400402727,0.6093130178031183,-0.00326353363258218,0.128213979794465,1,1,0,0.0006474340000295342,25,0.0,0.0,9.382891802786552e-05,0.010000000000000002,0.5659763487321846,-0.1237337994034324,0.0886257281278785,0.043336669070933656,0.12047026577085022,0.0395882516665865,0.6093130178031183,-0.00326353363258218,0.128213979794465,False,False,False
1790735223.666303,APPROACH,0.009932978,0.0016735090000565833,0.00022128789065867238,-0.009036805579552443,0.0003043656121031191,0.004186189320391878,-0.0026018629988437407,0.012137822068933964,0.0002790140794978025,-0.00851405049499815,-0.000154033712314131,0.0028829065378982513,0.0032740847762602163,0.002911866332947827,0.6065597862254171,0.0007936436705926753,0.12927778655242805,1,1,0,0.0006395289999545639,25,0.0,0.0,9.273312828806837e-05,0.010000000000000002,0.5663176653570511,-0.12265068368709381,0.0890937675302596,0.04024212086836603,0.12344432735768648,0.040184019022168456,0.6065597862254171,0.0007936436705926753,0.12927778655242805,False,False,False
1790735223.676369,APPROACH,0.010066282000000001,0.001854012999956467,0.0002750183858033495,-0.009062666736492808,0.0004385847031320722,0.006361792092930631,-0.002588867972433252,0.014803403136261965,0.00031027401856327963,-0.008478548931123065,-0.00012245975632972232,0.0033330352240614728,0.0037852909008262393,0.0033665167177252273,0.6016908328334909,-0.0038756744853803426,0.12569527122874213,1,1,0,0.0006463519998760603,25,0.0,0.0,9.03021038223137e-05,0.010000000000000002,0.5666605346319048,-0.1215377061237053,0.08957674198967557,0.035030298201586124,0.11766203163832496,0.03611852923906656,0.6016908328334909,-0.0038756744853803426,0.12569527122874213,False,False,False
1790735223.6864123,APPROACH,0.010043208000000001,0.0017063309999230114,0.00034696645448573094,-0.009087824949610912,0.0005993358590572484,0.007696261508339756,-0.00249734720720302,0.017179661176110184,0.0003461310315024656,-0.00843782652176187,-8.62425472717382e-05,0.0038125426263353607,0.00432986210535567,0.003850840937995834,0.5993941670435013,-0.0054523525794309274,0.12315522785739201,1,1,0,0.0006498390000615473,25,0.0,0.0,9.127372164545083e-05,0.010000000000000002,0.5669996947613435,-0.12040990075813116,0.09006828859212722,0.03239447228215781,0.11495754817870023,0.03308693926526479,0.5993941670435013,-0.0054523525794309274,0.12315522785739201,False,False,False
1790735223.6964066,APPROACH,0.009994255,0.0017129039999872475,0.00042882329301008326,-0.00911247054315556,0.0007811175015426386,0.008543280472069193,-0.0024560227360387633,0.018988273518691715,0.00038674313131978463,-0.008391703813309177,-4.5222484840376216e-05,0.004319457889006481,0.004905560111013333,0.004362848340117704,0.5999389155944571,-0.0005193352762945802,0.12338259776525547,1,1,0,0.0006647870000051626,25,0.0,0.0,9.645100791752918e-05,0.010000000000000002,0.5673344144643799,-0.11926839551335716,0.09056801500414782,0.03260450113007723,0.11874906023706258,0.032814582761107644,0.5999389155944571,-0.0005193352762945802,0.12338259776525547,False,False,False
1790735223.7064104,APPROACH,0.010003763,0.0019643230000383483,0.0005188763614896175,-0.009137353696977435,0.000980261854405029,0.009484936382334252,-0.0024959058954295574,0.020698184424774876,0.00043261423019601503,-0.008339608518325912,1.1094051175945872e-06,0.00485616439481715,0.005515091698976503,0.004904946248738602,0.6017689603430109,0.009407288456341145,0.12568481673931958,1,1,0,0.0006995530000040162,26,0.0,0.0,8.381415441084173e-05,0.010000000000000002,0.5676667766639334,-0.11810469417251357,0.09107974391013189,0.03410218367907743,0.12751198262885471,0.03460507282918768,0.6017689603430109,0.009407288456341145,0.12568481673931958,False,False,False
1790735223.7163837,APPROACH,0.009973255,0.0018253680000270833,0.0006195628375822437,-0.009163074038997188,0.0011984008850438599,0.010710344545941216,-0.00259140767042248,0.022829075548392093,0.000483834019152147,-0.008281438775720662,5.284371460054644e-05,0.00542002159058984,0.00615545802247516,0.005474467585409426,0.601933613876704,0.015848608333264555,0.126265110341108,1,1,0,0.0006879709999338957,26,0.0,0.0,8.878964691134695e-05,0.010000000000000002,0.567995565687035,-0.11692162359058923,0.09160233516654272,0.033938048189668966,0.1327702319238538,0.03466277517456527,0.601933613876704,0.015848608333264555,0.126265110341108,False,False,False
1790735223.726427,APPROACH,0.010043339,0.001795981999975993,0.0007332181773991309,-0.00918936907476553,0.0014385357821078415,0.011986744354675768,-0.0026378299879093662,0.02505462194500374,0.0005412404842572077,-0.008216242894068384,0.00011082684753791757,0.0060164842905337974,0.00683285405312043,0.00607692195983815,0.6018210695560157,0.021930032863656496,0.12655199709224668,1,1,0,0.0007013560000359575,26,0.0,0.0,9.301045570265372e-05,0.010000000000000002,0.5683241865537578,-0.11570522568973748,0.09214207397795844,0.03349688300225787,0.13763525855339398,0.034409923114288234,0.6018210695560157,0.021930032863656496,0.12655199709224668,False,False,False
1790735223.7364655,APPROACH,0.010038559,0.0021330849999685597,0.0008594874338623271,-0.009216068439440228,0.0017010142304778597,0.013224549502035082,-0.002676454428607865,0.027288344275858335,0.0006047483305155544,-0.008144117741943572,0.0001749726521162806,0.006640982191361102,0.0075420893484816785,0.006707693158456799,0.6019997129937827,0.028959753303580693,0.127097257174557,1,1,0,0.000747814999840557,26,0.0,0.0,9.789698998493025e-05,0.010000000000000002,0.5686502674832052,-0.11446245319127579,0.09269599952188011,0.033349445510577516,0.14342220649485649,0.03440125765267688,0.6019997129937827,0.028959753303580693,0.127097257174557,False,False,False
1790735223.746371,APPROACH,0.009905877,0.001938453000093432,0.0009908433717757958,-0.009241845620528544,0.0019711984863146625,0.014407947565565606,-0.0027264761115134363,0.02945509008754932,0.000673698539929143,-0.008065811758730685,0.000244615490273463,0.007284586247796427,0.008273023291505187,0.007357762440636497,0.6036545391972906,0.040322154962562334,0.12942190906230036,1,1,0,0.0007162049998896691,27,0.0,0.0,8.762353482562434e-05,0.010000000000000002,0.5689697998850325,-0.11320788803041434,0.09325765644105112,0.03468473931225817,0.15353004299297668,0.036164252621249234,0.6036545391972906,0.040322154962562334,0.12942190906230036,False,False,False
1790735223.7563756,APPROACH,0.010004594,0.0024318539999512723,0.0011418685621462643,-0.009269860815282804,0.0022797804475001016,0.015846175477620555,-0.002826565855674812,0.032155276580335304,0.0007499428526046162,-0.00797922194385962,0.0003216257034870741,0.00796179581458811,0.009042122637537708,0.008041774812167802,0.6033133498376704,0.04709179210886541,0.12937955041719487,1,1,0,0.0006937620000826428,27,0.0,0.0,9.221864677525837e-05,0.010000000000000002,0.5692903549814168,-0.11191057856967293,0.09384097851349742,0.03402299485625356,0.15900237067853834,0.03553857190369745,0.6033133498376704,0.04709179210886541,0.12937955041719487,False,False,False
1790735223.7663758,APPROACH,0.009999876000000001,0.0020517300001756666,0.0013078835423909752,-0.009298405614942773,0.0026154805756597455,0.0172972691677021,-0.002866131230658831,0.03480351464192415,0.0008330565401311273,-0.007884830656645785,0.0004055742968022193,0.008665599527168432,0.009841424658100117,0.008752648476896595,0.6028052967146514,0.05388783390302983,0.12924950758596837,1,1,0,0.0007131590000426513,27,0.0,0.0,9.68452790847612e-05,0.010000000000000002,0.5696086813985193,-0.11058174004752964,0.0944410427327183,0.03319661531613217,0.16446957395055947,0.03480846485325005,0.6028052967146514,0.05388783390302983,0.12924950758596837,False,False,False
1790735223.776369,APPROACH,0.009993123000000001,0.0019432330000199727,0.0014879857677083663,-0.009327345391844766,0.0029769777595518576,0.018661699979358334,-0.0029019354330663484,0.037310875015135934,0.0009232776241229998,-0.007782367578598573,0.0004967016828428082,0.009395415271386019,0.010670268252648224,0.009489795473133162,0.60360844882885,0.06473992458335683,0.13072723812861514,1,1,0,0.0007322860001295339,28,0.0,0.0,9.006157755075098e-05,0.010000000000000002,0.5699248088369929,-0.10921995008097161,0.0950585675201886,0.03368363999185712,0.17395987466432844,0.03566867060842656,0.60360844882885,0.06473992458335683,0.13072723812861514,False,False,False
1790735223.7863705,APPROACH,0.010001579,0.0022107029999460792,0.0016816810882556155,-0.0093570007054522,0.0033643729248371557,0.02008734599293213,-0.0029858390518970592,0.04002302355885318,0.0010210083626038834,-0.007671375869770508,0.0005954141604537136,0.010151969367682569,0.011529478295200516,0.010253949417459692,0.6038248889228002,0.07427184783345121,0.13139184265076187,1,1,0,0.0007361829998444591,28,0.0,0.0,9.598095734381226e-05,0.010000000000000002,0.5702393063460837,-0.10782140323941515,0.09569535512225091,0.03358558257671656,0.18209325107286636,0.03569648752851095,0.6038248889228002,0.07427184783345121,0.13139184265076187,False,False,False
1790735223.7963653,APPROACH,0.009994696,0.001898117000109778,0.0018900392690435197,-0.009387359919911908,0.0037793315988912113,0.021563596039068808,-0.003051237102089295,0.042783598567676016,0.001126359633385092,-0.0075517296074688895,0.0007018237212522808,0.01093371852174919,0.012417302083636547,0.011043551512641239,0.6045503572408013,0.08602300711965424,0.1328176975868981,1,1,0,0.0007416939999984606,29,0.0,0.0,8.90719830229286e-05,0.010000000000000002,0.5705517769265582,-0.1063865384043794,0.0963512778657285,0.03399858031424304,0.19240954552403364,0.036466419721169596,0.6045503572408013,0.08602300711965424,0.1328176975868981,False,False,False
1790735223.8063834,APPROACH,0.010018361,0.0018968639999457082,0.002113477399428909,-0.009418593127976216,0.004222967326398042,0.023124056117407244,-0.0031393188778862176,0.045747698194021164,0.0012399289703462972,-0.007422750179136214,0.0008165339015530383,0.011742727895263448,0.013336084999022316,0.011860687665619962,0.6045066508507375,0.09606948341738962,0.13326704765197028,1,1,0,0.0007439070000145875,29,0.0,0.0,9.477506699145507e-05,0.010000000000000002,0.570863254567637,-0.10490919686211099,0.09702922512838817,0.033643396283100584,0.2009786802795006,0.0362378225235821,0.6045066508507375,0.09606948341738962,0.13326704765197028,False,False,False
1790735223.816365,APPROACH,0.00998131,0.001949185000057696,0.0023527338098174866,-0.009450525132989718,0.004696238136953745,0.02469234345815763,-0.003203956924477244,0.0486801056094464,0.0013612631406981826,-0.007284952316192351,0.0009390869156862634,0.012573658304544506,0.014279763390047143,0.01269996505876501,0.6050663142948148,0.10852318734069817,0.13457692456371304,1,1,0,0.0007770310000978498,30,0.0,0.0,8.794583127801086e-05,0.010000000000000002,0.5711719354963627,-0.1033967645999589,0.09772586572250248,0.03389437879845217,0.21191995194065708,0.036851058841210545,0.6050663142948148,0.10852318734069817,0.13457692456371304,False,False,False
1790735223.826423,APPROACH,0.010058247000000001,0.0024603690001185896,0.002607794997070201,-0.009483256789097005,0.005199259178251481,0.026316755635317372,-0.0032946526244129136,0.051737660909007534,0.0014920470439726383,-0.00713642249704568,0.0010711845885834322,0.013435760572725603,0.015258843313286316,0.013570727442933254,0.6052711563525416,0.12047142628995487,0.13544292997941232,1,1,0,0.0009689459998298844,30,0.0,0.0,9.384613528438232e-05,0.010000000000000002,0.5714814137321004,-0.10183008604490733,0.0984500981911129,0.03378974262044126,0.2223015123348622,0.036992831788299416,0.6052711563525416,0.12047142628995487,0.13544292997941232,False,False,False
1790735223.836347,APPROACH,0.00992382,0.002642143999992186,0.0028795067723983436,-0.009512583368292304,0.005726275541529269,0.027709471622041473,-0.0026494461558977146,0.05361243146921466,0.0016297010899248854,-0.006980090333543963,0.0012102214171219744,0.014310327873130019,0.01625207963448757,0.014454080074892413,0.6044170928363113,0.1290512348610658,0.13556279180451308,1,1,0,0.0008747469998979795,30,0.0,0.0,9.761732911624964e-05,0.010000000000000002,0.5717852739486589,-0.10024086391560712,0.09918730093466789,0.03263181888765238,0.22929209877667292,0.0363754908698452,0.6044170928363113,0.1290512348610658,0.13556279180451308,False,False,False
1790735223.8464139,APPROACH,0.010066854,0.001894791000040641,0.0031639232382802973,-0.009535216244938916,0.006271383087615767,0.028835177963161783,-0.001976463673265651,0.05537059153320624,0.0017783271044228013,-0.006811297427833389,0.0013603404314318206,0.01522145966917743,0.01728684184525985,0.015374364505522256,0.6055774992493771,0.14224266689480072,0.13749718438431124,1,1,0,0.0007702679999965767,31,0.0,0.0,9.045163296115753e-05,0.010000000000000002,0.5720920829691422,-0.09858302191667659,0.09995890370131065,0.03348541628023493,0.2408256888114773,0.03753828068300058,0.6055774992493771,0.14224266689480072,0.13749718438431124,False,False,False
1790735223.856406,APPROACH,0.009992181000000001,0.001879330999827289,0.0034591404841943785,-0.009550561011471892,0.006833820488133746,0.029971252881281166,-0.0013130244434083446,0.05732016892835215,0.001935039015141679,-0.006633321460038959,0.0015186265675917892,0.016149315926560156,0.018340597840093207,0.016311541400496257,0.6059487803221164,0.15289908426776064,0.1381488647967036,1,1,0,0.000770507999959591,31,0.0,0.0,9.519166778589912e-05,0.010000000000000002,0.5723952610102245,-0.0968903955670212,0.10074923313049303,0.03355351931189185,0.24978947983478184,0.037399631666210575,0.6059487803221164,0.15289908426776064,0.1381488647967036,False,False,False
1790735223.8663876,APPROACH,0.009981701,0.0023396779999984574,0.003766904450534625,-0.009559529086131668,0.007416440308833039,0.031304305912597266,-0.0006848962368177355,0.059309406596638484,0.0021009583417939282,-0.006444888732741629,0.0016862126113683876,0.017099180980057502,0.01941934897901307,0.01727094817756751,0.6058153268035787,0.16355284003475556,0.13874169831203528,1,1,0,0.0009296420000737271,31,0.0,0.0,9.931864477003035e-05,0.010000000000000002,0.572696839937928,-0.09515119017586056,0.10156381075436538,0.0331184868656508,0.2587040302106161,0.037177887557669896,0.6058153268035787,0.16355284003475556,0.13874169831203528,False,False,False
1790735223.8763642,APPROACH,0.009976751,0.0023391370000354073,0.004057429054953765,-0.009551086971185896,0.007968604888703545,0.030339331570637843,0.0034898726828022407,0.05498666235829737,0.0022763825677037716,-0.006245661397450567,0.0018633990344089028,0.01807115431222123,0.020523208243243055,0.018252685318624482,0.6090670297604716,0.17235317927101823,0.14240471797783352,1,1,0,0.0009832040000219422,32,0.0,0.0,8.98804126301467e-05,0.010000000000000002,0.5729970535616148,-0.09336306378397906,0.10240377039906194,0.0360699761988568,0.2657162430549973,0.040000947578771574,0.6090670297604716,0.17235317927101823,0.14240471797783352,False,False,False
1790735223.8863626,APPROACH,0.009998183,0.002280546000065442,0.00435337628923449,-0.009481073944407115,0.008475239243013633,0.028890849487740216,0.010290384653094927,0.04668950846658802,0.0024620236220009037,-0.006034830924199689,0.0020509049174178085,0.019067489196314846,0.021654734650077626,0.019259028731841325,0.6048805745918779,0.15723859334618856,0.1393229564782964,1,1,0,0.0009538070000871812,31,0.0,0.0,9.840841178782673e-05,0.010000000000000002,0.5732967538502762,-0.0915196938715672,0.10327212782022586,0.03158382074160168,0.24875828721775575,0.036050828658070536,0.6048805745918779,0.15723859334618856,0.1393229564782964,False,False,False
1790735223.8963315,APPROACH,0.009969608000000001,0.002298469999914232,0.00464084273027332,-0.00935651015047334,0.00892153283040642,0.029130455333746818,0.013106186847371044,0.04486772777629857,0.0026571622240591755,-0.005813214191967547,0.0022480037543458472,0.02008280861141631,0.022807821576873603,0.020284547382257795,0.6024368882011935,0.1534051430086798,0.13730493693075388,1,1,0,0.0009661109997978201,31,0.0,0.0,9.755028998258004e-05,0.010000000000000002,0.573594501082696,-0.08962891440073599,0.10416522710918284,0.028842387118497435,0.24303405740941578,0.03313970982157104,0.6024368882011935,0.1534051430086798,0.13730493693075388,False,False,False
1790735223.9063356,APPROACH,0.010003803,0.0019399169998450816,0.004936002970309161,-0.009219665857512993,0.009372995192008737,0.0296629930002397,0.014395850853430068,0.044947783466565215,0.0028632525525255203,-0.005579159706296273,0.002456164331568309,0.021123153743751275,0.023989329931396106,0.021335343141908346,0.6039927850686597,0.1628864623390152,0.13950249601732914,1,1,0,0.0008187700000235054,32,0.0,0.0,8.848538638915384e-05,0.010000000000000002,0.5738922243567226,-0.08767735312287653,0.1050894211302896,0.030100560711937126,0.2505638154618917,0.03441307488703955,0.6039927850686597,0.1628864623390152,0.13950249601732914,False,False,False
1790735223.9163368,APPROACH,0.010001288,0.0020365709999623505,0.005228482165699155,-0.009056329370067395,0.00980089472911505,0.02851275912383506,0.01884682318067024,0.03959582787042305,0.0030798008983980284,-0.005333228166988587,0.002674887980605298,0.022184440641455187,0.025194621615097387,0.02240729103421693,0.6050662112347321,0.16283810191068132,0.14124188378987784,1,1,0,0.0008136299998113827,32,0.0,0.0,8.852746272109442e-05,0.010000000000000002,0.5741888786644574,-0.08567051280963135,0.10604214714199736,0.030877332570274744,0.2485086147203127,0.035199736647880495,0.6050662112347321,0.16283810191068132,0.14124188378987784,False,False,False
1790735223.9263644,APPROACH,0.010027178000000001,0.001860114999999496,0.005524099401552185,-0.008835969022959134,0.010192099065431393,0.028206345572230593,0.022308515969879556,0.03624705962608652,0.0033076703735954492,-0.005074439347472367,0.0029050464836338405,0.023269388855828212,0.026426785192033574,0.0235031379293188,0.6024143571231741,0.15464154776747813,0.13886094231028823,1,1,0,0.000799784000037107,31,0.0,0.0,9.783999074282722e-05,0.010000000000000002,0.5744853528235179,-0.08360111405383804,0.1070268989998114,0.027929004299656265,0.23824266182131615,0.03183404331047682,0.6024143571231741,0.15464154776747813,0.13886094231028823,False,False,False
1790735223.9364157,APPROACH,0.010051214000000001,0.001906653000105507,0.005810293022225466,-0.00860740279624217,0.010555883790027032,0.02912035523378251,0.02296823367983224,0.03702685235861366,0.0035471081766443005,-0.004802512507140263,0.003146889522375303,0.024377584491165442,0.027685350605472482,0.02462246577378328,0.6048945272458114,0.1671873580424298,0.1426778627750625,1,1,0,0.000810263999937888,32,0.0,0.0,8.874972776762457e-05,0.010000000000000002,0.5747816319381605,-0.08146774224934257,0.1080443947406661,0.030112895307650926,0.24865510029177237,0.03463346803439641,0.6048945272458114,0.1671873580424298,0.1426778627750625,False,False,False
1790735223.9463828,APPROACH,0.009966983,0.00196722900000168,0.006101869810806626,-0.008365450554308929,0.010916376541834083,0.028906916869410455,0.02593732465690496,0.034210552580590664,0.003795639030813931,-0.004520258790146385,0.0033979169550866347,0.02549654220993155,0.02895613839693583,0.02575266381053355,0.6061181211442584,0.17049214571795215,0.14493759940582024,1,1,0,0.0008243710001352156,32,0.0,0.0,8.92963891049556e-05,0.010000000000000002,0.575074576095224,-0.07929257906771406,0.10908406043816067,0.031043545049034373,0.2497847247856662,0.03585353896765957,0.6061181211442584,0.17049214571795215,0.14493759940582024,False,False,False
1790735223.9563968,APPROACH,0.010014143000000001,0.0018627790000209643,0.0063903319410272275,-0.008089720201593487,0.01124425268886231,0.028938845038054772,0.028833791045363932,0.031942289326645015,0.004056676756669339,-0.0042238011585799245,0.0036615768953432394,0.026640538446491936,0.030255362153579702,0.026908151885664755,0.6062371060213883,0.17045508548402433,0.14583245837491945,1,1,0,0.0008003349998944032,32,0.0,0.0,8.862527468650587e-05,0.010000000000000002,0.5753680921606474,-0.07704597734572084,0.11016007802356066,0.030869013860740827,0.24750106282974516,0.03567238035135879,0.6062371060213883,0.17045508548402433,0.14583245837491945,False,False,False
1790735223.9663858,APPROACH,0.009988894,0.0018603450000682642,0.006683800489671654,-0.007792789847741233,0.011563402999488659,0.029860201952556824,0.030204074033031485,0.032352863625121284,0.004328566225356684,-0.0039150193238057405,0.003936197587948465,0.027801006635279762,0.03157329292250933,0.028080277379490762,0.606211000925203,0.1736462083567453,0.1465912087805054,1,1,0,0.000795616000004884,32,0.0,0.0,8.909821153549868e-05,0.010000000000000002,0.575660092200647,-0.07474270384398796,0.11126540357073797,0.030550908724556056,0.24838891220073325,0.035325805209767455,0.606211000925203,0.1736462083567453,0.1465912087805054,False,False,False
1790735223.9763515,APPROACH,0.009965981,0.001891214000124819,0.006986034380039641,-0.00748138371632745,0.011885227702332912,0.030418629252505398,0.03221821584695622,0.031630688835830326,0.0046114785529593775,-0.003593718951197887,0.004221951867906072,0.028977722252278116,0.03290967571430482,0.029268813512573117,0.6064662992931701,0.17607297365135627,0.1477765086440508,1,1,0,0.0008218759999181202,32,0.0,0.0,8.913800533156313e-05,0.010000000000000002,0.5759506838357143,-0.07238142320563877,0.11240068244006875,0.030515615457455757,0.24845439685699502,0.035375826203982066,0.6064662992931701,0.17607297365135627,0.1477765086440508,False,False,False
1790735223.9863598,APPROACH,0.010008232,0.0018490229999770236,0.0072924201748696404,-0.007147212625123522,0.012195426265005693,0.030843771547562182,0.034487529857470715,0.030509734368462292,0.004907485600746775,-0.0032575470510387517,0.004520932409049727,0.03017807836912193,0.03427290675790096,0.030481227622512905,0.6070899131766722,0.17857225572303673,0.14939566685776082,1,1,0,0.0008000240000001213,32,0.0,0.0,8.912219635267742e-05,0.010000000000000002,0.5762417956777717,-0.06994528222985058,0.11357404163176772,0.030848117498900502,0.2485175379528873,0.035821625225993095,0.6070899131766722,0.17857225572303673,0.14939566685776082,False,False,False
1790735223.9963531,APPROACH,0.009993053,0.0018948409999666183,0.007604857603079829,-0.006793157620422541,0.01249981329425065,0.031691763469012854,0.0360979505635581,0.030646358669070575,0.005215121584363158,-0.0029081682982601267,0.004831658702711992,0.031394908289325986,0.03565484691609372,0.031710281020875565,0.6075789149523887,0.1821953488951963,0.15085442540135144,1,1,0,0.0008332979998613155,32,0.0,0.0,8.938717631368762e-05,0.010000000000000002,0.5765317818042268,-0.06744679177056087,0.11477948014062297,0.031047133148161866,0.24964214066575718,0.036074945260728464,0.6075789149523887,0.1821953488951963,0.15085442540135144,False,False,False
1790735224.0064518,APPROACH,0.010099004,0.0023149109999849315,0.007926429553340775,-0.00642358287635858,0.012807269077534045,0.03254633338924801,0.0378046178379242,0.0307423615900259,0.005538465127230603,-0.002540950645766909,0.005158250343500388,0.03264285216843567,0.03707212285012344,0.0329707609286415,0.6086292795211146,0.18723913237431303,0.15301746947204128,1,1,0,0.0009752079999998386,32,0.0,0.0,9.005855484925206e-05,0.010000000000000002,0.5768241725419927,-0.06485355925583744,0.11603266890276612,0.03180510697912184,0.25209269163015047,0.036984800569275174,0.6086292795211146,0.18723913237431303,0.15301746947204128,False,False,False
1790735224.016374,APPROACH,0.009922338000000001,0.0020798529999410675,0.008239586589360748,-0.006055381557900752,0.013098751777485873,0.03332311959114195,0.039682362529335116,0.030586961772485002,0.005868514039079802,-0.002166117780566042,0.005491614711025253,0.03388644686219121,0.03848445946289181,0.034226847961979494,0.611134894125878,0.19586266987537737,0.15689759155315633,1,1,0,0.0008625130001291836,32,0.0,0.0,9.174401135153264e-05,0.010000000000000002,0.5771108131981261,-0.062237717193851294,0.11729874237120701,0.03402408092775186,0.25810038706922867,0.03959884918194933,0.611134894125878,0.19586266987537737,0.15689759155315633,False,False,False
1790735224.0263815,APPROACH,0.010007621000000001,0.002182228000037867,0.008577835156823532,-0.005647449101876312,0.0134047354156408,0.034330541372810705,0.04183038248809937,0.03070276795413953,0.006213984766891766,-0.001773770531113654,0.005840555811997616,0.0351579324845401,0.03992847149194676,0.03551110609795227,0.6097313424166213,0.19342696090912256,0.15625575366420216,1,1,0,0.0008762400000250636,32,0.0,0.0,8.986633007613739e-05,0.010000000000000002,0.5773992973296391,-0.059530013085090455,0.11861120476977036,0.03233204508698221,0.252956973994213,0.0376445488944318,0.6097313424166213,0.19342696090912256,0.15625575366420216,False,False,False
1790735224.0363681,APPROACH,0.00998649,0.002109950999965804,0.008927819147459104,-0.005220078133408634,0.013716039792554646,0.035629336340405146,0.04339267835206298,0.03173522050271868,0.006571494916194549,-0.0013677502450574466,0.006201657274621121,0.03644360790818976,0.04138859871995329,0.03680969657669641,0.6082931205783499,0.1922331463498665,0.1556315952514967,1,1,0,0.0008569330000227637,32,0.0,0.0,8.92148769735396e-05,0.010000000000000002,0.5776865655001032,-0.05675746448673168,0.11995698925504189,0.030606555078246722,0.24899061083659818,0.03567460599645481,0.6082931205783499,0.1922331463498665,0.1556315952514967,False,False,False
1790735224.0463715,APPROACH,0.010003042,0.0020253599998341087,0.00929053221929621,-0.0047791030876593865,0.014039000998468332,0.036766737041957764,0.04477923690238429,0.03266427647848635,0.006942551968822688,-0.0009463448921043583,0.0065764417239076505,0.03774796661236113,0.04286994434110664,0.03812715801598851,0.6087471620551337,0.19619857354915643,0.15715800303126046,1,1,0,0.0008048440001857671,32,0.0,0.0,8.970818326322865e-05,0.010000000000000002,0.5779737128160816,-0.05390857048499187,0.12134168673501602,0.030773449239052064,0.2501071440341483,0.03581631629624443,0.6087471620551337,0.19619857354915643,0.15715800303126046,False,False,False
1790735224.0563638,APPROACH,0.009992472,0.00186798900017493,0.009663133007538072,-0.004322524467258226,0.014367458754763085,0.03764970387572878,0.04656164102043923,0.032857196714508104,0.007326325047124102,-0.0005104980907296528,0.006964069935751221,0.039067142722167554,0.04436811792444875,0.039459585706889254,0.6097728194830535,0.2007222477205482,0.15940651402765496,1,1,0,0.0007942439999624185,32,0.0,0.0,8.993837807120918e-05,0.010000000000000002,0.5782599674270174,-0.05098992866885244,0.12276210056934994,0.03151285205603615,0.25171217638940063,0.03664441345830501,0.6097728194830535,0.2007222477205482,0.15940651402765496,False,False,False
1790735224.0663652,APPROACH,0.010001378,0.0019260599999597616,0.010044929924910129,-0.003847876049910326,0.01469829034863146,0.03871032633596955,0.048227597688869,0.0334484394144026,0.007723719231589447,-5.918195112254547e-05,0.007365456082489613,0.04040336051616123,0.04588564555830405,0.04080922627159956,0.6105204036502805,0.2049106799946866,0.16139296666048625,1,1,0,0.0008101230000647774,32,0.0,0.0,9.008402292109143e-05,0.010000000000000002,0.5785458911822092,-0.04799482837766621,0.12422150354579761,0.03197451246807122,0.2529055083723528,0.03717146311468862,0.6105204036502805,0.2049106799946866,0.16139296666048625,False,False,False
1790735224.0763862,APPROACH,0.010021247,0.0019327029999658407,0.010438676642347211,-0.0033578922208219453,0.015038427152423317,0.03999267810782803,0.04968443570564103,0.03459936896868987,0.00813538504770854,0.00040834232125462264,0.007781257224366584,0.041757810727755855,0.04742387954531959,0.042177282404862806,0.6110565976163129,0.20925429528953515,0.16317841128665253,1,1,0,0.0008231780000187428,32,0.0,0.0,9.035948468576514e-05,0.010000000000000002,0.5788317952184973,-0.04491864684526842,0.12572216196316313,0.032224802397815624,0.25417294213480357,0.03745624932348939,0.6110565976163129,0.20925429528953515,0.16317841128665253,False,False,False
1790735224.0863607,APPROACH,0.009974167,0.0018743220000487781,0.010845290459812418,-0.002852724429446063,0.015389851303110547,0.04122105126989311,0.051355678356962975,0.035531778447084265,0.0085586705590245,0.0008890629517685263,0.008208794785304693,0.04312104281812696,0.04897208701403877,0.043554208633917624,0.6110618058570241,0.21172813295202475,0.16436408648903428,1,1,0,0.0008089919999747508,32,0.0,0.0,9.007956405541989e-05,0.010000000000000002,0.5791157685970678,-0.041781250362727014,0.12725438270558168,0.03194603725995628,0.25350938331475176,0.037109703783452595,0.6110618058570241,0.21172813295202475,0.16436408648903428,False,False,False
1790735224.096322,APPROACH,0.009961442000000001,0.0018873460001032072,0.011263980255544759,-0.0023302955389503666,0.015749934435384638,0.04244500832132716,0.053038502668054203,0.036467098612860786,0.00899506089166263,0.0013846665815827868,0.008649568810035745,0.04449728136790233,0.05053506577352605,0.04494427197676793,0.6111127021502031,0.21425082918502653,0.1656221378900279,1,1,0,0.0008192609998332046,32,0.0,0.0,8.989843924359908e-05,0.010000000000000002,0.5793987878939784,-0.038571550639203436,0.1288235703074309,0.03171391425622468,0.25282237982422995,0.03679856758259698,0.6111127021502031,0.21425082918502653,0.1656221378900279,False,False,False
1790735224.1063635,APPROACH,0.010041916000000001,0.0020057930000803026,0.011695343088838683,-0.0017919702858559816,0.01612084108765721,0.04376202535040876,0.054528249596935335,0.03771161961375076,0.009448925801045201,0.0019001158931555243,0.009107992949689269,0.04589921599820201,0.052127227284846665,0.04636028952617465,0.6121240221070784,0.21994037312233272,0.16804716766246747,1,1,0,0.0008338590000676049,32,0.0,0.0,9.059797835672083e-05,0.010000000000000002,0.5796834844516998,-0.035257787672906146,0.1304452717292359,0.032440537655378576,0.2551981607952389,0.03760189593323156,0.6121240221070784,0.21994037312233272,0.16804716766246747,False,False,False
1790735224.1163492,APPROACH,0.009985729,0.0018810049998592149,0.01214000441774754,-0.0012384506427123299,0.016504288850333282,0.045077507991264545,0.05617724092174241,0.03885419121357127,0.009914282608524833,0.0024286164251252126,0.00957802442753798,0.047307486400683406,0.05372658426191455,0.04778270649278989,0.6124667052304001,0.22360514369008427,0.16973385182218137,1,1,0,0.0008106949999273638,32,0.0,0.0,9.048218819937963e-05,0.010000000000000002,0.579965967489232,-0.03188385278237456,0.13209801545458033,0.03250073774116809,0.2554889964724588,0.03763583636760105,0.6124667052304001,0.22360514369008427,0.16973385182218137,False,False,False
1790735224.1263266,APPROACH,0.009976972,0.0018940590000511293,0.012597875361537447,-0.0006677875509506492,0.016898831800323144,0.04641799072595125,0.057887913084706026,0.040012499392272874,0.01039334452156006,0.00297268169249882,0.01006189868347617,0.04872831214732263,0.055340200203200476,0.04921780492634522,0.6125111233633288,0.22638850700142255,0.17110567842407748,1,1,0,0.0007912880000731093,32,0.0,0.0,9.029569291059124e-05,0.010000000000000002,0.5802475670632158,-0.0284335914888207,0.1337897011674504,0.03226355630011302,0.25482209849024323,0.03731597725662709,0.6125111233633288,0.22638850700142255,0.17110567842407748,False,False,False
1790735224.1363175,APPROACH,0.009990618000000001,0.0018837800000710558,0.013069563218277125,-8.116266837454589e-05,0.017306190010073053,0.04784424133854514,0.05944350055475101,0.04144020730753156,0.010887333901115358,0.0035336999169797816,0.010560850357507727,0.05016456431650499,0.05697133576037984,0.05066848474620313,0.6128861006151136,0.23052630741770552,0.1729071915535775,1,1,0,0.0008214750000661297,32,0.0,0.0,9.051196243133457e-05,0.010000000000000002,0.5805288936283123,-0.02489832536632881,0.13552458571277187,0.03235720698680138,0.2554246327840343,0.037382605840805626,0.6128861006151136,0.23052630741770552,0.1729071915535775,False,False,False
1790735224.1463175,APPROACH,0.010000076,0.001860785999951986,0.013555590714217303,0.0005221663533729881,0.017728062443968184,0.04925543083458138,0.06105845016983501,0.04281183391933825,0.011396226531058299,0.0041116435965767965,0.011074854990240787,0.051615359024500596,0.05861898711656645,0.05213385318971538,0.6133668986866826,0.23487525828354572,0.17485504573646196,1,1,0,0.000814682000054745,32,0.0,0.0,9.066888733248722e-05,0.010000000000000002,0.5808098017992225,-0.021278406012667835,0.1373025015256103,0.03255709688746015,0.25615366429621356,0.03755254421085166,0.6133668986866826,0.23487525828354572,0.17485504573646196,False,False,False
1790735224.1563497,APPROACH,0.010032288,0.002207756999951016,0.014055624343387585,0.0011414977174348806,0.018163081705412587,0.05066123390544401,0.06276612810090806,0.04411265847636746,0.011921401657442142,0.00470807912563749,0.011605305682733096,0.053083750653900426,0.060286623099976046,0.053616995321804396,0.6140839634332178,0.2398392428215763,0.1771440092759644,1,1,0,0.0009417250000751665,32,0.0,0.0,9.100837961510623e-05,0.010000000000000002,0.5810908973422853,-0.01756425344133929,0.1391281619194514,0.03299306609093251,0.2574034962629156,0.038015847356513,0.6140839634332178,0.2398392428215763,0.1771440092759644,False,False,False
1790735224.1663442,APPROACH,0.009994526,0.0022654570000213425,0.014570200799957078,0.0017778060158990527,0.018611750268343386,0.052167375928558045,0.06444088846487907,0.045576081725692955,0.012459311300514236,0.005318977103159114,0.012148618814546076,0.05455916042123746,0.06196222950430489,0.05510722609145785,0.6142175716126007,0.2435562728536109,0.1788667719044941,1,1,0,0.0009712210000998311,32,0.0,0.0,9.092305904669421e-05,0.010000000000000002,0.5813701874536574,-0.013781033928896546,0.14098919367835008,0.032847384158943255,0.25733730678250744,0.03787757822614401,0.6142175716126007,0.2435562728536109,0.1788667719044941,False,False,False
1790735224.1763687,APPROACH,0.010024713000000001,0.0018727990000115824,0.015100124809031001,0.002430761886406785,0.01907579393385106,0.053700568977678144,0.06610158610452853,0.04714170000557938,0.01301372014083346,0.005948613034831249,0.012708596883759214,0.05605127920818816,0.06365681215570389,0.05661433372861637,0.6145702320566979,0.24795967626382365,0.18084090813649856,1,1,0,0.0008025590000215743,32,0.0,0.0,9.115124611516369e-05,0.010000000000000002,0.5816495350426478,-0.009902333773431974,0.14289858605562505,0.03292069701405013,0.2578620100372556,0.03794232208087351,0.6145702320566979,0.24795967626382365,0.18084090813649856,False,False,False
1790735224.1863441,APPROACH,0.009974908000000001,0.001884801999949559,0.015645038008707424,0.0031008010559574473,0.0195551902266331,0.05517532460690263,0.06786187610378873,0.048631663500754846,0.01358028083949949,0.00659204969638953,0.013280848880946656,0.05754784343047491,0.06535644343839438,0.05812593145704917,0.6144844186730749,0.2507345878191436,0.18219069878316085,1,1,0,0.0007915779999621009,32,0.0,0.0,9.079245089024748e-05,0.010000000000000002,0.5819266731106132,-0.005958591181878497,0.14484134780600916,0.032557745562461674,0.25669317900102206,0.03734935097715169,0.6144844186730749,0.2507345878191436,0.18219069878316085,False,False,False
1790735224.1963632,APPROACH,0.010019203,0.001875883999900907,0.01620487723885411,0.003788181961443371,0.020049835799256677,0.05670606482884062,0.06951786863828549,0.05024521357675016,0.014164443331044729,0.007255476517650572,0.013870879487121492,0.05906264015300281,0.06707678116809863,0.05965594483750527,0.6150193543933007,0.25563924835538293,0.18437943831997647,1,1,0,0.0008060159998422023,32,0.0,0.0,9.116524489876351e-05,0.010000000000000002,0.5822041724578884,-0.0019119331559152648,0.1468361308023306,0.032815181935412316,0.2575511815112982,0.037543307517645876,0.6150193543933007,0.25563924835538293,0.18437943831997647,False,False,False
1790735224.2063947,APPROACH,0.010032217000000001,0.0019310899999709363,0.01678024982593307,0.004491949311557164,0.020560862042753314,0.058264075783589254,0.0711981381947776,0.051847451920286836,0.014764628230239303,0.007937099808437802,0.014477093451581982,0.06059071867602411,0.0688122028903726,0.06119937343874264,0.6157014410822239,0.2611799486971751,0.1868644625778813,1,1,0,0.0008294810002098529,32,0.0,0.0,9.153297938194099e-05,0.010000000000000002,0.582481110831736,0.002226458832548188,0.1488774295979355,0.03322033025048785,0.2589534898646269,0.037987032979945795,0.6157014410822239,0.2611799486971751,0.1868644625778813,False,False,False
1790735224.216367,APPROACH,0.009971832,0.0018978269999934128,0.01737120826062899,0.005213162106246116,0.021087465059085098,0.05982193602682593,0.07300566123088834,0.0533710884763174,0.015376447169708969,0.008631935748906992,0.01509505832428312,0.062120502647341855,0.07054956147124072,0.0627445246200955,0.6154712240309961,0.2640432942864035,0.18832011300110843,1,1,0,0.0008062160000008589,32,0.0,0.0,9.108811700243554e-05,0.010000000000000002,0.5827554167029614,0.006426385547528862,0.1509503338102688,0.032715807328034745,0.2576169087388746,0.037369779190839635,0.6154712240309961,0.2640432942864035,0.18832011300110843,False,False,False
1790735224.2263625,APPROACH,0.009995167000000001,0.001876576000086061,0.01797795618766873,0.005952163154925749,0.021629944936595535,0.06142874683072426,0.074689792191628,0.05508385854097121,0.01600505932102299,0.009345843552622985,0.01572998510246014,0.06366446023593261,0.07230301687104072,0.0643039917976178,0.6156370709338798,0.2682984347688889,0.1902591409272748,1,1,0,0.0008120370000597177,32,0.0,0.0,9.123045095597389e-05,0.010000000000000002,0.5830293426738581,0.010723293356447118,0.15307232536103,0.03260772826002167,0.2575751414124418,0.03718681556624483,0.6156370709338798,0.2682984347688889,0.1902591409272748,False,False,False
1790735224.2363675,APPROACH,0.010005467,0.0018763250000120024,0.01860083531172041,0.006707602914690192,0.022189986795814853,0.06302906510662651,0.07635353427369516,0.056803547217245995,0.016649827048979396,0.010078099064404149,0.016381229745644536,0.06522031797838444,0.07406998714275194,0.06587547867016988,0.6161857978083475,0.2737497301072614,0.19269166069261545,1,1,0,0.0008111859999644366,32,0.0,0.0,9.155478291538165e-05,0.010000000000000002,0.5833024665700508,0.015112664043584278,0.15524117227240816,0.03288333123829668,0.2586370660636771,0.037450488420207304,0.6161857978083475,0.2737497301072614,0.19269166069261545,False,False,False
1790735224.2464004,APPROACH,0.010033099,0.0020985380001548037,0.019239513222061078,0.00748030888828044,0.02276644097991465,0.06459011494915243,0.078157922331128,0.05835998345363663,0.01731205765377757,0.010830186970494926,0.017050112686319164,0.06679051588114267,0.07585324337445912,0.06746144975490725,0.6169307432499535,0.2795908374599965,0.19541312976946057,1,1,0,0.000817128000107914,32,0.0,0.0,9.19289078519331e-05,0.010000000000000002,0.5835751911928095,0.01960322891123303,0.15746118799284864,0.03335555205714386,0.2599876085487635,0.03795194177661193,0.6169307432499535,0.2795908374599965,0.19541312976946057,False,False,False
1790735224.2563655,APPROACH,0.009964608,0.001913607000005868,0.019893995525119834,0.008271397520777768,0.02335858561073234,0.0662159751413015,0.07998861710636442,0.06001763728040439,0.01798540896292992,0.011594904536392097,0.01773022804267633,0.06835964027771999,0.07763528043717904,0.06904633654972218,0.6165608176407071,0.28242334255372853,0.19686181239056505,1,1,0,0.0008126489999540354,32,0.0,0.0,9.137670582363867e-05,0.010000000000000002,0.5838448432585032,0.024152020329856142,0.15971111543908798,0.03271597438220398,0.2582713222238724,0.037150696951477075,0.6165608176407071,0.28242334255372853,0.19686181239056505,False,False,False
1790735224.2663882,APPROACH,0.01002301,0.0019491140001264284,0.020565166498391463,0.009080113855426397,0.023968485859974464,0.06790692329333783,0.081654793222196,0.06189807276180519,0.018678527396755743,0.012382071405141467,0.018430309091323274,0.06994734920850364,0.07943842374795766,0.07064999456682876,0.6170492475052884,0.28811029240735303,0.19937421245691395,1,1,0,0.0008160250001765235,32,0.0,0.0,9.188958426346221e-05,0.010000000000000002,0.5841147866177485,0.028817407682693467,0.16201981488373013,0.03293446088753991,0.25929288472465956,0.03735439757318381,0.6170492475052884,0.28811029240735303,0.19937421245691395,False,False,False
1790735224.276371,APPROACH,0.009982844000000001,0.0018991290000940353,0.02125306594893317,0.009905638473119538,0.024596787992245517,0.06953810295278874,0.08344024393272893,0.06359494344264507,0.01938473183718001,0.013184099905519466,0.019143607600039015,0.07153774857148727,0.08124462255255535,0.07225637004245897,0.6171997197674309,0.29269267092152995,0.20153711748701497,1,1,0,0.0008117170000332408,32,0.0,0.0,9.178137464279494e-05,0.010000000000000002,0.5843822876125707,0.03355430918906715,0.16436497085257196,0.03281743215486026,0.2591383617324628,0.03717214663444301,0.6171997197674309,0.29269267092152995,0.20153711748701497,False,False,False
1790735224.286372,APPROACH,0.010000897,0.0021975479999127856,0.021957086150373506,0.010749565314159604,0.025241349207309582,0.07115317845897134,0.08527435585502893,0.06523346788754662,0.02010817718456494,0.014005708711490712,0.01987432020659951,0.07313977857599706,0.08306403014691374,0.07387449299343926,0.617546148009902,0.2977964752362583,0.2039787222658608,1,1,0,0.0009395510001013463,32,0.0,0.0,9.193680828315095e-05,0.010000000000000002,0.5846488311953965,0.038390581804890765,0.16676036128529553,0.03289731681450557,0.25940589343136755,0.03721836098056528,0.617546148009902,0.2977964752362583,0.2039787222658608,False,False,False
1790735224.296378,APPROACH,0.010006258,0.0022326350001549145,0.02267754004129241,0.011611455184771913,0.025903045232662514,0.07283550487470652,0.08702442484510987,0.06704644931015942,0.02084808756021917,0.014846016666285738,0.02062166323834311,0.07475113347475563,0.08489402791958658,0.07550203451046197,0.6179642502345584,0.3034296696620002,0.206554539500999,1,1,0,0.0009561429999394022,32,0.0,0.0,9.216609733330454e-05,0.010000000000000002,0.5849139903235654,0.04332091640909543,0.169203349425085,0.033050259910992946,0.2601087532529048,0.037351190075914,0.6179642502345584,0.3034296696620002,0.206554539500999,False,False,False
1790735224.3063736,APPROACH,0.009995267,0.002314981000154148,0.0234149570847606,0.012490901507901775,0.02658308125116715,0.07452090355991708,0.08882772317333942,0.06883201335641993,0.021603323297394617,0.015703729463099638,0.02138448558017438,0.07636887151234191,0.08673127495177783,0.07713602328715358,0.6181476394196895,0.30844099942022285,0.20890363810758944,1,1,0,0.0009761999999682303,32,0.0,0.0,9.218087038786434e-05,0.010000000000000002,0.5851772453213018,0.048337665219601145,0.17169013354982848,0.03297039409838773,0.2601033342006217,0.037213504557760964,0.6181476394196895,0.30844099942022285,0.20890363810758944,False,False,False
1790735224.3163755,APPROACH,0.01000199,0.0019823279999400256,0.02416943858063636,0.013388415872202408,0.02728078843538384,0.07623557373410182,0.09063277859554945,0.07059323701572881,0.02237529259447164,0.016580446377114765,0.022164209576314316,0.07799555469079747,0.0885786808806092,0.07877904706175383,0.6184027269075112,0.3139720240875363,0.2115107837049664,1,1,0,0.0008362339999621327,32,0.0,0.0,9.237766520750244e-05,0.010000000000000002,0.5854389720529369,0.05345012443165453,0.17422530905933364,0.03296375485457426,0.2605218996558818,0.03728547464563277,0.6184027269075112,0.3139720240875363,0.2115107837049664,False,False,False
1790735224.3263707,APPROACH,0.009994946000000001,0.0022385959998700855,0.02494067698676261,0.014304398715986544,0.027995893276020034,0.0778837218007245,0.09250840846828493,0.07232868544625157,0.023163009115226455,0.017475047237291187,0.02295983898245003,0.07962864588382672,0.09043336432006603,0.08042854322165441,0.6186013030474641,0.31893197736375706,0.21389343546035205,1,1,0,0.0009589879998657125,32,0.0,0.0,9.233499457707823e-05,0.010000000000000002,0.5856987147029424,0.0586516938385508,0.17680559024872244,0.03290258834452169,0.26028028352520627,0.03708784521162961,0.6186013030474641,0.31893197736375706,0.21389343546035205,False,False,False
1790735224.3363733,APPROACH,0.010002952,0.002317616000027556,0.025728555778630202,0.015238909069912765,0.028728845712637785,0.07958513908321155,0.09431135566232039,0.07418861323503842,0.023967735441721826,0.01838896594398472,0.023772649063718558,0.08127030888680445,0.09229778266840331,0.0820866972983044,0.6189294120413965,0.32455037798476816,0.2164908683688204,1,1,0,0.0009913190001498151,32,0.0,0.0,9.251150391337035e-05,0.010000000000000002,0.5859567643241852,0.06395063834527862,0.1794350636879314,0.03297264771721127,0.26059973963948957,0.03705580468088898,0.6189294120413965,0.32455037798476816,0.2164908683688204,False,False,False
1790735224.3463764,APPROACH,0.010003102,0.0024907859999530046,0.026533972384672033,0.016191017118493356,0.02948075417138618,0.08135210792441057,0.09608526251428866,0.07605133306927014,0.02478893079692533,0.019321588342755762,0.02460209361079482,0.0829189685270968,0.09417014701964277,0.08375191829591505,0.6192573021564054,0.3307300151572869,0.21934619789058593,1,1,0,0.0009982919998492434,32,0.0,0.0,9.278141465022166e-05,0.010000000000000002,0.586212812034266,0.06934330731021048,0.18211190477108705,0.03304449012213936,0.2613867078470764,0.03723429311949888,0.6192573021564054,0.3307300151572869,0.21934619789058593,False,False,False
1790735224.3563757,APPROACH,0.009999285,0.0023719099999652826,0.027356822833342065,0.017161453143687666,0.030250534219363523,0.08305271929023929,0.09799206860226763,0.07775366046557339,0.025626328692573076,0.02027261178585754,0.025447903458447985,0.08457367425505112,0.09604937784515384,0.08542324611623307,0.6194676536267854,0.33632553717261693,0.22206824426651314,1,1,0,0.0009948859999440174,32,0.0,0.0,9.283536606083362e-05,0.010000000000000002,0.5864666494926449,0.07482788506741324,0.1848351969407506,0.0330010041341404,0.2614976521052037,0.037233047325762554,0.6194676536267854,0.33632553717261693,0.22206824426651314,False,False,False
1790735224.3663874,APPROACH,0.010011648000000001,0.0027299420000872487,0.028196531795670055,0.018151168345147184,0.031037337503735607,0.08475513400357333,0.09988327204876146,0.07954076223436524,0.026481370749169196,0.02124367350560532,0.026311534708759642,0.08623682040027053,0.09793819435834146,0.0871030991407321,0.6198219524240718,0.3422837038761077,0.22490359261725135,1,1,0,0.0010417050000341987,32,0.0,0.0,9.302037034134863e-05,0.010000000000000002,0.5867185725534005,0.08041371958376353,0.18760956728434558,0.03310337987067127,0.26186998429234415,0.037294025332905774,0.6198219524240718,0.3422837038761077,0.22490359261725135,False,False,False
1790735224.3763778,APPROACH,0.009990798,0.002247972999839476,0.029010566242708258,0.01910826541354016,0.03180230219778846,0.08646190085509124,0.10158340564972415,0.08139188593862112,0.02735126165252683,0.022231598894878205,0.027190163967643396,0.08790259229562608,0.0998299929066502,0.08878560429193715,0.6266019962983869,0.36696606753697697,0.23545228819125447,1,1,0,0.0008758789999774308,32,0.0,0.0,9.897041282027385e-05,0.010000000000000002,0.5869676324101916,0.08608248962072255,0.19042589877940605,0.0396343638881953,0.2808835779162544,0.04502638941184841,0.6266019962983869,0.36696606753697697,0.23545228819125447,False,False,False
1790735224.3863297,APPROACH,0.009951284000000001,0.001915509999889764,0.029884582291400896,0.0201373768274431,0.032624395106817694,0.08822095627842522,0.10450302083892668,0.08274743423199507,0.028234284835191796,0.02323443846717871,0.028082057424130228,0.08956753800761233,0.10172085316772826,0.09046727496047469,0.6223315459244507,0.3585732894815296,0.2327930063005114,1,1,0,0.0008006650000424997,32,0.0,0.0,9.364506384388588e-05,0.010000000000000002,0.5872132660280437,0.091823054257709,0.19327863278673577,0.03511827989640701,0.26675023522382063,0.03951437351377563,0.6223315459244507,0.3585732894815296,0.2327930063005114,False,False,False
1790735224.3964245,APPROACH,0.010094736,0.0019111209999209677,0.03082341812897127,0.02124786011714619,0.03350708582629647,0.09058418805021148,0.10648780702830749,0.08572885298751697,0.02914699380412278,0.024270991855590555,0.02900393487089172,0.09126207051198336,0.10364531481867169,0.09217882963097782,0.6120332935963907,0.33509369616051854,0.2229725396780804,1,1,0,0.0007936520000839664,31,0.0,0.0,9.860148307048915e-05,0.010000000000000002,0.5874598255538668,0.09774273166998615,0.1962210937361053,0.024573468042523892,0.2373509644905324,0.02675144594197509,0.6120332935963907,0.33509369616051854,0.2229725396780804,False,False,False
1790735224.40632,APPROACH,0.009895587,0.0018565779998880316,0.03174032502471569,0.0223145032182126,0.03438201625782611,0.09252886335392116,0.10656320246736728,0.08901331856802962,0.030058325870995335,0.02530598151170354,0.029924421584136534,0.09292835320593194,0.10553769347524104,0.09386185071192475,0.6155243225802419,0.3532475918275588,0.2297051078137878,1,1,0,0.0007904659998985153,32,0.0,0.0,9.074754958979389e-05,0.010000000000000002,0.5876988381690298,0.10364008209520742,0.19915312902994825,0.02782548441121217,0.2496075097323514,0.030551978783839556,0.6155243225802419,0.3532475918275588,0.2297051078137878,False,False,False
1790735224.4164119,APPROACH,0.010091601,0.0018913139999767736,0.032670252657093,0.02338888094388647,0.0352740857223921,0.09314258403147206,0.10881254359485779,0.0885798303636065,0.031004717091817808,0.026380787457629264,0.030880319632680075,0.09463263806464743,0.10747323076615829,0.09558325570255075,0.6228158427739503,0.3773918893220208,0.2411361085640492,1,1,0,0.0008064869998634094,32,0.0,0.0,9.543294102965188e-05,0.010000000000000002,0.5879397160311763,0.10975080465787256,0.2021919034026694,0.03487612674277398,0.2676410846641482,0.03894420516137982,0.6228158427739503,0.3773918893220208,0.2411361085640492,False,False,False
1790735224.4263322,APPROACH,0.009920504,0.001891163999971468,0.03360742729382782,0.024491279389368792,0.03616053453494761,0.0944779836561686,0.1114542032751932,0.0892144844813508,0.031951850236777754,0.027456435998516604,0.03183696705824612,0.0963126674688498,0.1093812214081229,0.09728016158421895,0.6223513345138916,0.37996165495869794,0.2433610656799171,1,1,0,0.0008171869999387127,32,0.0,0.0,9.308797159538697e-05,0.010000000000000002,0.5881735511086648,0.1158531776849321,0.2052271404133622,0.03417778340522679,0.26410847727376585,0.0381339252665549,0.6223513345138916,0.37996165495869794,0.2433610656799171,False,False,False
1790735224.436369,APPROACH,0.010036756,0.0018966949999139615,0.03456438839829179,0.0256132542501879,0.037068778533417834,0.09694171131989696,0.11257645226486768,0.0927659580650467,0.03292706530141888,0.028563976862137144,0.03282197849610642,0.0980167853331342,0.11131656904532874,0.09900139790289696,0.6220135003662838,0.3869120506225257,0.24575321933709357,1,1,0,0.0008091219999641908,32,0.0,0.0,9.404649912655023e-05,0.010000000000000002,0.5884070003398958,0.12212336427743019,0.20834643525808866,0.03360650002638795,0.2647886863450955,0.03740678407900491,0.6220135003662838,0.3869120506225257,0.24575321933709357,False,False,False
1790735224.446389,APPROACH,0.010020014,0.001961066999911054,0.03554439820823507,0.026748256040485252,0.038008728723173846,0.09872647305974132,0.11466274373195247,0.09455213320522493,0.03391773565655854,0.029689070126665836,0.033822600478213304,0.09972219804228573,0.1132533872233972,0.10072394207360741,0.621950592586706,0.39255698072702483,0.24854329970630268,1,1,0,0.0008146620000388793,32,0.0,0.0,9.396136035828147e-05,0.010000000000000002,0.588636778935167,0.12847988996870927,0.21150924289074796,0.0333138136515391,0.26407709075831554,0.03703405681555471,0.621950592586706,0.39255698072702483,0.24854329970630268,False,False,False
1790735224.4564064,APPROACH,0.010017340000000001,0.0020722180001939705,0.03654023649016036,0.027907231451422376,0.03896037565304855,0.1003204657834238,0.1170199600112582,0.09574452758464652,0.0349252425961813,0.03083328451226304,0.034840228174128005,0.10143101072736728,0.11519406671617903,0.10244992037418411,0.6219908831509222,0.39798654150915175,0.2516545762926816,1,1,0,0.0008348199999090866,32,0.0,0.0,9.38053043154727e-05,0.010000000000000002,0.5888630698370768,0.13493155196772721,0.21471991629438172,0.03312781331384542,0.26305498954142453,0.03693465999829992,0.6219908831509222,0.39798654150915175,0.2516545762926816,False,False,False
1790735224.4663808,APPROACH,0.009974668,0.0019532419998995465,0.03755358437901446,0.029086852797377105,0.0399286969168271,0.10229715989478104,0.11868034906019582,0.09809359621697303,0.03594548427057605,0.03199196159399643,0.03587071852963783,0.10313610104196903,0.11713051875435586,0.10417213891177984,0.6215563521590439,0.40353428277990433,0.25413380846323597,1,1,0,0.0007981310000104713,32,0.0,0.0,9.362079289486501e-05,0.010000000000000002,0.5890848408076482,0.14145206382303907,0.2179653471825873,0.032471511351395727,0.26208221895686523,0.03616846128064865,0.6215563521590439,0.40353428277990433,0.25413380846323597,False,False,False
1790735224.476389,APPROACH,0.010008522,0.002156809999860343,0.038586975015201475,0.030281997118844828,0.040921946944491694,0.10415414903271021,0.12039397553038009,0.10024657058788658,0.036986299734123124,0.03317400409842672,0.03692198934514048,0.10485027367667255,0.11907728548209592,0.10590353100452961,0.6221450293790349,0.41186030844864724,0.2578290691018968,1,1,0,0.0008091019999483251,32,0.0,0.0,9.429877376440537e-05,0.010000000000000002,0.5893036416987552,0.1480914325945042,0.22127040052514266,0.032841387680279756,0.26376887585414305,0.03655866857675412,0.6221450293790349,0.41186030844864724,0.2578290691018968,False,False,False
1790735224.4863646,APPROACH,0.009975128,0.0019195789998320834,0.039637274986795035,0.0314967957021457,0.04193236353202945,0.10572078789367105,0.12260171974981698,0.10159845671444398,0.03804072830228309,0.03437150685381721,0.03798701001360856,0.10656174210437945,0.12102098107213416,0.10763219172558652,0.622168706724491,0.41753009399077395,0.26090850347327565,1,1,0,0.0008193319999918458,32,0.0,0.0,9.390406626971633e-05,0.010000000000000002,0.5895178425967216,0.15480514160459663,0.22461289112536842,0.032650864127769366,0.2627249523861773,0.03629561234790726,0.622168706724491,0.41753009399077395,0.26090850347327565,False,False,False
1790735224.496364,APPROACH,0.009999536,0.0019171129999904224,0.04070374401160848,0.032733084301897364,0.04295738994513432,0.10750745101132153,0.12446802346932671,0.10351216830963095,0.03911488574084081,0.035591415467105945,0.03907195773581324,0.1082801514060192,0.12297255933522427,0.10936786304405982,0.6225395627834421,0.42507025901419776,0.2644763528866766,1,1,0,0.0008054140000695043,32,0.0,0.0,9.425833574492006e-05,0.010000000000000002,0.5897285260260619,0.161632029405532,0.22801212862224052,0.03281103675738026,0.26343822960866575,0.0364642242644361,0.6225395627834421,0.42507025901419776,0.2644763528866766,False,False,False
1790735224.5063767,APPROACH,0.010012950000000001,0.0022591649999412766,0.04178904625197344,0.03398654417664293,0.04400403150793508,0.10939327284425067,0.12620170032629116,0.105666101963857,0.0402077147147926,0.03683252913473117,0.040175764555454394,0.1100033605904807,0.12492958877165906,0.1111083824618409,0.6231523543597061,0.4338433304942399,0.2684089992858573,1,1,0,0.0008614620001026196,32,0.0,0.0,9.482752432604618e-05,0.010000000000000002,0.5899352689802498,0.16856518368803464,0.23146464649442097,0.033217085379456196,0.26527814680620526,0.03694435279143637,0.6231523543597061,0.4338433304942399,0.2684089992858573,False,False,False
1790735224.5163634,APPROACH,0.00998617,0.0018760650000331225,0.042892459640281544,0.03525895002910229,0.04506999390167543,0.11109345043668756,0.12832109351009247,0.1072813279871695,0.04131481744793105,0.03808985335134183,0.04129398851913883,0.11172418255818864,0.1268839070726728,0.11284649068244901,0.6229958003426888,0.43972433756524393,0.27147257564008637,1,1,0,0.0008054850000007718,32,0.0,0.0,9.447270969073234e-05,0.010000000000000002,0.5901370781663499,0.17557660145729026,0.23495647144653833,0.0328587221763389,0.26414773610795367,0.03651610419354805,0.6229958003426888,0.43972433756524393,0.27147257564008637,False,False,False
1790735224.5263655,APPROACH,0.010002491,0.0019304380000448873,0.04401239562451753,0.036552989760871846,0.04615192180415573,0.11281228400024712,0.13032957793750033,0.10911769503141719,0.04244096617665501,0.03936880789254869,0.04243144980203354,0.11344977761359192,0.12884364611610524,0.11458941993807213,0.6231356248492512,0.44638888750392147,0.2747376390921933,1,1,0,0.0008099029998902552,32,0.0,0.0,9.45253904077917e-05,0.010000000000000002,0.5903346555440627,0.1826963932099052,0.23850256972273637,0.032800969305188485,0.26369249429401626,0.03623506936945691,0.6231356248492512,0.44638888750392147,0.2747376390921933,False,False,False
1790735224.536364,APPROACH,0.009998443000000001,0.0019123140000374406,0.045150873726413465,0.037865260605216555,0.047254366403124415,0.11475175520607164,0.13205130123285624,0.11128066375858203,0.043583917641034135,0.04066684511308799,0.04358588260988493,0.11517637378388823,0.13080452211454727,0.11633336036513427,0.6233446069950968,0.4545627102206896,0.2784598900951939,1,1,0,0.0008095820001017273,32,0.0,0.0,9.489463209934574e-05,0.010000000000000002,0.5905274105944242,0.1899102179516168,0.2420957693171533,0.03281719640067262,0.26465249226907284,0.036364120778040604,0.6233446069950968,0.4545627102206896,0.2784598900951939,False,False,False
1790735224.5463629,APPROACH,0.009998733000000001,0.001917174000027444,0.04630826503070473,0.03919558652438315,0.048376963342922075,0.11650793528855911,0.1340576833622386,0.1129840768473421,0.04474417369177723,0.041984534959208085,0.04475779383466604,0.11690445929096213,0.13276708953614375,0.11807880508987793,0.6235700715521582,0.46226946254138,0.28225584887021593,1,1,0,0.0008067469998422894,32,0.0,0.0,9.503636460853977e-05,0.010000000000000002,0.5907152459415961,0.1972211087143421,0.24573754996283234,0.03285482561056213,0.2650483538270379,0.03651829890738362,0.6235700715521582,0.46226946254138,0.28225584887021593,False,False,False
1790735224.5563977,APPROACH,0.010034863,0.00205233099995894,0.047482084467595165,0.04054725420271588,0.04951531366133555,0.11815165876820043,0.13616677698014837,0.11464883812148996,0.04592600087669465,0.043326722901634245,0.045951492883138274,0.11863997636068509,0.1347380969004901,0.1198317560298924,0.6243530564278672,0.47088545795826275,0.2864541042219777,1,1,0,0.0008200729998861789,32,0.0,0.0,9.54728672804703e-05,0.010000000000000002,0.5908986191912211,0.20465573685035707,0.2494411666252949,0.03345443723664611,0.2662297211079057,0.03701293759668279,0.6243530564278672,0.47088545795826275,0.2864541042219777,False,False,False
1790735224.5663888,APPROACH,0.009991119000000001,0.001904378000062934,0.048673841606571955,0.041918553449216134,0.05067258270067576,0.12009519458027296,0.13800401040358568,0.1167739428414919,0.04711998304128254,0.04468271511879901,0.04715746901226327,0.1203688526686405,0.13670156242582082,0.12157799949938644,0.6239654143856244,0.47748726059088265,0.28959591988704464,1,1,0,0.0008040119998895534,32,0.0,0.0,9.52067629031217e-05,0.010000000000000002,0.591075884990135,0.21215472952103145,0.25317700903374046,0.032889529395489336,0.2653325310698512,0.03641891085330419,0.6239654143856244,0.47748726059088265,0.28959591988704464,False,False,False
1790735224.576363,APPROACH,0.009974157,0.0018752629998743942,0.04988518290188804,0.04330816056247855,0.05185112772973888,0.12195986248961094,0.139914799452731,0.1187193230630515,0.04832917115548257,0.04605597656321037,0.04837880384003284,0.12209546046759942,0.1386624516308052,0.12332195167192513,0.6233683519192235,0.4834390051651427,0.2925588257248844,1,1,0,0.0008035519999793905,32,0.0,0.0,9.491209407854392e-05,0.010000000000000002,0.591247372516118,0.21973720164444788,0.25695456447715315,0.032120979403105376,0.26370180352069483,0.03560426124773127,0.6233683519192235,0.4834390051651427,0.2925588257248844,False,False,False
1790735224.5864186,APPROACH,0.010055762000000001,0.0023013550000996474,0.05111359932478177,0.044717825159541924,0.053047260805673346,0.1235810593359016,0.14193248295136218,0.12039576623569084,0.049565688113777935,0.04746027507081789,0.049627742039605655,0.12383661394230197,0.14063986019737365,0.1250805956365601,0.6249111860917496,0.49469247591608506,0.2978425671704538,1,1,0,0.0009510630000022502,32,0.0,0.0,9.615795250102714e-05,0.010000000000000002,0.5914145226148153,0.22747889400113475,0.2608115324597818,0.033496663476934196,0.2672135819149503,0.037031034710672026,0.6249111860917496,0.49469247591608506,0.2978425671704538,False,False,False
1790735224.5963628,APPROACH,0.009943959,0.0019076050000421674,0.05235965378808771,0.04614662733159758,0.05426111923506216,0.12548925637448569,0.14382246074987695,0.12229297105280224,0.05080567583766226,0.04886851528816429,0.05088018586981032,0.12555857291140843,0.14259546977818455,0.12681985228013973,0.6238750543585121,0.49994454576002023,0.3005805141608311,1,1,0,0.000809301999879608,32,0.0,0.0,9.514602267117203e-05,0.010000000000000002,0.5915739448859121,0.2352303217931325,0.2646734021051285,0.03230110947259999,0.2647142239668877,0.035907112055702566,0.6238750543585121,0.49994454576002023,0.3005805141608311,False,False,False
1790735224.6063342,APPROACH,0.009971522,0.002335871000013867,0.05362382214954842,0.04759515031039552,0.05549392482947546,0.12718445910843962,0.1457862059504244,0.12416093662286315,0.05206629473704844,0.05030018610124422,0.05215346812282311,0.1272852211513422,0.14455640491153265,0.12856384529989684,0.6235642806904856,0.5062010574287082,0.3036932024278725,1,1,0,0.0009869499999695108,32,0.0,0.0,9.499581643683629e-05,0.010000000000000002,0.59172774352114,0.2430987375154705,0.2685935703217784,0.03183653716934564,0.26310231991323774,0.035099632106094125,0.6235642806904856,0.5062010574287082,0.3036932024278725,False,False,False
1790735224.6163962,APPROACH,0.010062115,0.002104639999970459,0.05490541069832755,0.04906199605200534,0.056745923171575896,0.1289872351152417,0.14751332863657707,0.12612941934396588,0.05335581776132001,0.051764683006330345,0.053455944852670516,0.12902722163050323,0.1465347754116104,0.13032334477744356,0.6256038997816274,0.5202535522325711,0.3100007452427291,1,1,0,0.0008464330001061171,32,0.0,0.0,9.692586807126203e-05,0.010000000000000002,0.5918765710421886,0.2511353884705655,0.27259753066914355,0.03372732873943885,0.2691181637620056,0.03740321457358554,0.6256038997816274,0.5202535522325711,0.3100007452427291,False,False,False
1790735224.6263657,APPROACH,0.009969177000000001,0.001989692000051946,0.05620479703444836,0.050547564221052,0.058016035418713585,0.13069196566224933,0.14969877689199085,0.12765571936319012,0.054650713626796306,0.05323528178720136,0.05476384839577416,0.1307525548856099,0.14849421713136818,0.1320660096028954,0.6249341381166247,0.5259952524017402,0.31316289633121464,1,1,0,0.0008160649999808811,32,0.0,0.0,9.585068551012364e-05,0.010000000000000002,0.5920175018314927,0.2591934423063088,0.27661208968334633,0.032916636285132014,0.2668018100954313,0.036550806647868334,0.6249341381166247,0.5259952524017402,0.31316289633121464,False,False,False
1790735224.6363962,APPROACH,0.010030574,0.002093039000101271,0.057521514126742446,0.05205516345254324,0.05930206726476328,0.13252754048751708,0.15165838770508364,0.12958978698131407,0.05597093979041886,0.0547346479049418,0.05609733668864544,0.13248768821146736,0.15046478868208976,0.13381857294420427,0.6251893328169627,0.5348260193817067,0.3174018644131641,1,1,0,0.0008014170000478771,32,0.0,0.0,9.644180082169567e-05,0.010000000000000002,0.5921525303884314,0.26739695934295055,0.28069901384138146,0.033036802428531194,0.2674290600387561,0.0367028505717826,0.6251893328169627,0.5348260193817067,0.3174018644131641,False,False,False
1790735224.6463835,APPROACH,0.009987212,0.001890261999960785,0.058857125131733135,0.053580987385521084,0.06060931335692121,0.13441059624583906,0.15349173538806685,0.13170344568012238,0.057302745200378626,0.05624716444350056,0.057442520545395385,0.1342142551776734,0.15242563151377247,0.13556248387381092,0.6247971389137315,0.5421071443361328,0.3208629705234745,1,1,0,0.0008032800001274154,32,0.0,0.0,9.614823211785058e-05,0.010000000000000002,0.5922800077320326,0.2756602670993736,0.28481557930168777,0.0325171311816988,0.26644687723675925,0.03604739122178675,0.6247971389137315,0.5421071443361328,0.3208629705234745,False,False,False
1790735224.656387,APPROACH,0.010003803,0.0018575189999410213,0.060210155132666365,0.05512655322826632,0.061935591879453966,0.13603288641628336,0.155576888004122,0.13337280090317782,0.05865404328678534,0.057781818597124016,0.058807392889281065,0.13594238345219237,0.15438824750587896,0.1373079717956135,0.6249672392452993,0.5501116738066224,0.32485254022901755,1,1,0,0.0007923900000150752,32,0.0,0.0,9.622773558751077e-05,0.010000000000000002,0.5924005028000408,0.2840323123538815,0.2889861270871361,0.03256673644525857,0.2660793614527409,0.03586641314188143,0.6249672392452993,0.5501116738066224,0.32485254022901755,False,False,False
1790735224.6663313,APPROACH,0.009943849000000001,0.0022580419999940204,0.06157978508829132,0.05669236726990157,0.06327893134472529,0.13781093759561663,0.15745848621481537,0.13527282670720472,0.06001436819197818,0.059326724408086076,0.060181382729475215,0.1376586217969031,0.15633736023741687,0.13904145034914323,0.6240263277702816,0.5557065641712449,0.3277280418018099,1,1,0,0.0009197320000566833,32,0.0,0.0,9.539434532808105e-05,0.010000000000000002,0.5925129150520058,0.29244812678023,0.29317824995945874,0.03151341271827577,0.26325843739101484,0.0345497918423512,0.6240263277702816,0.5557065641712449,0.3277280418018099,False,False,False
1790735224.6763651,APPROACH,0.010035083,0.0019619990000592225,0.06289854125610983,0.05819567071530862,0.06457390729253554,0.13960620847481148,0.15899459406935884,0.13719502509134734,0.06140446682439249,0.06090544390872098,0.06158544538429684,0.13938881895572602,0.1583023258383346,0.14078902793790937,0.6361378595555549,0.6000968676515978,0.3466943855493519,1,1,0,0.0008276869998553593,33,0.0,0.0,9.361243269101984e-05,0.010000000000000002,0.5926186873680704,0.3010357936171563,0.2974557020097,0.04351917218748444,0.29906107403444143,0.04923868353965186,0.6361378595555549,0.6000968676515978,0.3466943855493519,False,False,False
1790735224.6864042,APPROACH,0.010037988000000001,0.001918965999948341,0.06437434861180247,0.05988427444365563,0.0660196640346058,0.14131286722445535,0.16318597231622473,0.1377321789346072,0.06281232807094514,0.06250433621196756,0.06300744908487026,0.14111748279180653,0.16026555006172855,0.1425350568011749,0.6193412050484055,0.5575008397357677,0.3307794216028223,1,1,0,0.0008040319999054191,32,0.0,0.0,8.987184546644934e-05,0.010000000000000002,0.5927165443536633,0.3097207187986207,0.30178127680258465,0.026624660694742206,0.247780120937147,0.028998144800237678,0.6193412050484055,0.5575008397357677,0.3307794216028223,False,False,False
1790735224.6963859,APPROACH,0.009981742,0.001909467999894332,0.06580165268201466,0.06152057542495992,0.06741786927879367,0.1442632797514814,0.1628553039259038,0.14283798428335548,0.06422949629763525,0.06411379834867229,0.06443885325742131,0.14283420864565247,0.1622152164519498,0.14426902776103803,0.6190487021295769,0.5693458992980514,0.3343757245141302,1,1,0,0.0008161549999385898,32,0.0,0.0,9.413799674853829e-05,0.010000000000000002,0.5928057346625342,0.3184506132825387,0.3061288851271066,0.026242967467042664,0.25089528601551264,0.02824683938702362,0.6190487021295769,0.5693458992980514,0.3343757245141302,False,False,False
1790735224.7064238,APPROACH,0.010037707,0.0019059420001212857,0.06725265205893027,0.06315250296347497,0.06885774145274759,0.14528202830890838,0.16429707967311363,0.14370655312076047,0.06567187819150043,0.06575189536575432,0.06589572437717034,0.1445580614914342,0.16417297688736146,0.1460101973059403,0.6256840572412595,0.5970646996125368,0.3466623633341328,1,1,0,0.0008041030000640603,32,0.0,0.0,9.849847448387532e-05,0.010000000000000002,0.5928870187174611,0.32732323151464354,0.31054715950202144,0.03279703852379843,0.2697414680978933,0.03611520383211136,0.6256840572412595,0.5970646996125368,0.3466623633341328,False,False,False
1790735224.716326,APPROACH,0.009902801000000001,0.0019412090000514581,0.06863497340158009,0.06472857134991283,0.0702175955956239,0.14568574293118053,0.16761424128992766,0.14257176640424563,0.06711181768816261,0.06738721857959477,0.06735012856499019,0.14625606382395678,0.16610137918340662,0.14772525666022102,0.6365301179617866,0.6336897465326548,0.3641261425591235,1,1,0,0.0008481459999529761,33,0.0,0.0,9.270663699068706e-05,0.010000000000000002,0.5929587092388914,0.33616836330924604,0.31495129475791706,0.04357140872289518,0.2975213832234087,0.049174847801206435,0.6365301179617866,0.6336897465326548,0.3641261425591235,False,False,False
1790735224.7263904,APPROACH,0.010064028000000001,0.00186337100012679,0.0701765630217297,0.06650579323717665,0.0717235353532315,0.14832490170753887,0.17056391712980568,0.14517558400816027,0.06859241399842776,0.0690687152828352,0.06884559797819251,0.14797875189174675,0.16805781679345425,0.14946524972653305,0.6193898663769052,0.5933765196434271,0.348129746520177,1,1,0,0.0008034909999423689,32,0.0,0.0,9.025096239308376e-05,0.010000000000000002,0.5930226675357848,0.3452504603878428,0.3194729106094889,0.02636719884112036,0.24812605925558429,0.02865683591068805,0.6193898663769052,0.5933765196434271,0.348129746520177,False,False,False
1790735224.7363966,APPROACH,0.010006298,0.0022383450000234006,0.07167728521750316,0.06821112676335872,0.07320329971265505,0.15158713793064965,0.16977711282537014,0.1508924851383676,0.0700816897181473,0.07076006909451392,0.07034983398852446,0.14968837260581763,0.1699994139557401,0.15119204417303028,0.6199966535760163,0.6096744191495178,0.3531974550409481,1,1,0,0.0009441390000120009,32,0.0,0.0,9.562297693361479e-05,0.010000000000000002,0.5930771134938262,0.3543729248311527,0.32401406629907226,0.02691954008219008,0.2553014943183651,0.029183388741875853,0.6199966535760163,0.6096744191495178,0.3531974550409481,False,False,False
1790735224.7463648,APPROACH,0.009968667,0.0021085490000132268,0.07304822079396533,0.06974270198067156,0.07456886117925432,0.15211093366919856,0.17172602368515028,0.15065202424521473,0.07158235856639646,0.07246436195509431,0.07186557757530963,0.15138818065025839,0.17192986697865542,0.152908927378231,0.6471303072967103,0.6963465016403155,0.390609687270974,1,1,0,0.0008913990000110061,34,0.0,0.0,9.095958126630861e-05,0.010000000000000002,0.5931220342547845,0.3635523050847381,0.3285829516954639,0.054008273041925785,0.3327941965555774,0.06202673557551006,0.6471303072967103,0.6963465016403155,0.390609687270974,False,False,False
1790735224.7564268,APPROACH,0.010061593,0.0022081070001149783,0.07472141682236355,0.07166926161781895,0.07620439203235563,0.15229673313535716,0.17953951253083766,0.14674117412962498,0.07311418073475325,0.07420403529358943,0.073412787428097,0.1531001840285723,0.173874170106127,0.15463812842365915,0.6139482599305905,0.6005935858674478,0.3555896707424556,1,1,0,0.0009341800000584044,31,0.0,0.0,9.483547516655786e-05,0.010000000000000002,0.5931576816699011,0.3729090999584147,0.33323948013205756,0.020790578260689425,0.22768448590903317,0.02235019061039803,0.6139482599305905,0.6005935858674478,0.3555896707424556,False,False,False
1790735224.7664623,APPROACH,0.010035464000000001,0.0023381760001939256,0.07626712568553273,0.07346160859431627,0.07770925766125814,0.15784263264618387,0.17548366773100338,0.15779468420703238,0.07465916406372083,0.07595865561528616,0.0749732906499136,0.1548038645356694,0.17580902104165694,0.15635892299174534,0.613741882221128,0.6214435941867004,0.3597454772020422,1,1,0,0.0009900270001708122,32,0.0,0.0,9.234719878692234e-05,0.010000000000000002,0.5931832752359274,0.3823330064569321,0.3379286917642286,0.0205586069852006,0.23911058772976831,0.021816785437813617,0.613741882221128,0.6214435941867004,0.3597454772020422,False,False,False
1790735224.776382,APPROACH,0.009919623,0.0019803840000349737,0.07786057641583888,0.07520271355995778,0.07931791155503287,0.15882666816807472,0.1754626023545729,0.1594578323626296,0.07620309587501344,0.07771208174009636,0.07653273179119584,0.15648385591954608,0.17771696850436206,0.15805579047116053,0.6233645812545128,0.6609799115312697,0.3759646431483585,1,1,0,0.0008453710001958825,32,0.0,0.0,9.94122173462836e-05,0.010000000000000002,0.5931985369637257,0.3917373359339898,0.342607406505846,0.030166044290787068,0.2692425755972799,0.03335723664251248,0.6233645812545128,0.6609799115312697,0.3759646431483585,False,False,False
1790735224.786418,APPROACH,0.010036094,0.0022460200000296027,0.07943514364654991,0.07699110645163554,0.08087400805846467,0.15592709884617686,0.18268132691357739,0.15135875679776067,0.07778209399722524,0.07950533228280945,0.07812759149664032,0.15817928347860152,0.17964244665892,0.15976824918748248,0.6292955138430628,0.6745976924061161,0.38772292002553393,1,1,0,0.0009527259999231319,32,0.0,0.0,9.827420875940367e-05,0.010000000000000002,0.5932035580111266,0.4013418036055897,0.34738487187944167,0.03609195583193621,0.27325588880052637,0.040338048146092265,0.6292955138430628,0.6745976924061161,0.38772292002553393,False,False,False
1790735224.7964106,APPROACH,0.009992452,0.0022942520001834055,0.0810051450119662,0.07882664094177994,0.08239894548205662,0.15975408003255745,0.18206704443318433,0.15761480012329632,0.07937110813271316,0.08130995790000208,0.07973256782968466,0.15986283555147318,0.18155443795637255,0.16146871312424732,0.6280852233718472,0.68655063862376,0.3912287146322717,1,1,0,0.0009803479999845877,32,0.0,0.0,9.876241850849137e-05,0.010000000000000002,0.5931978773408081,0.4109936038880656,0.3521850067306702,0.03488734603103916,0.2755570347356944,0.039043707901601506,0.6280852233718472,0.68655063862376,0.3912287146322717,False,False,False
1790735224.8063984,APPROACH,0.009987733,0.0019261009999809175,0.08262713915487474,0.08063990693463818,0.08401600343341276,0.16349341856464225,0.18180222797844056,0.16356733621688657,0.08097615942386768,0.08313279673587949,0.08135374241718085,0.16154088791684154,0.183460183297401,0.1631636221070414,0.6261167033225304,0.6972143168934573,0.39396282172998853,1,1,0,0.0008166059999439312,32,0.0,0.0,9.969001550628202e-05,0.010000000000000002,0.5931812803494074,0.4207291120038847,0.3570258427216558,0.03293542297312303,0.2764852048895726,0.036936979008332774,0.6261167033225304,0.6972143168934573,0.39396282172998853,False,False,False
1790735224.816378,APPROACH,0.009979817,0.0017809040000429377,0.08426128055214033,0.0824829633216062,0.08563867007260306,0.16252130496485698,0.18756519724661344,0.1594340739669497,0.08259665428273863,0.08497317465923226,0.08299051570838212,0.16321270007206287,0.18535884170141828,0.16485222819461542,0.6248154278663889,0.6949683771043793,0.39702896773606833,1,1,0,0.000769406000017625,32,0.0,0.0,9.633666706122731e-05,0.010000000000000002,0.5931535214396175,0.43054445242059697,0.3619053880284009,0.03166190642677131,0.2644239246837824,0.03512357970766742,0.6248154278663889,0.6949683771043793,0.39702896773606833,False,False,False
1790735224.826365,APPROACH,0.009986781,0.0019279039997854852,0.08589535158134165,0.08436795120628382,0.08724289556602471,0.16523221089375817,0.18783810877078064,0.16371033415689124,0.08423495637753842,0.08683377606166612,0.08464527511536701,0.1648805547322743,0.18725300562252617,0.166536837032771,0.6248401178629468,0.7078970065329895,0.40179077233888194,1,1,0,0.0008798460000889463,32,0.0,0.0,9.775994993745362e-05,0.010000000000000002,0.5931142865752828,0.44045363629182577,0.3668305400500402,0.03172583128766409,0.26744337024116377,0.034960232288841785,0.6248401178629468,0.7078970065329895,0.40179077233888194,False,False,False
1790735224.8363705,APPROACH,0.010005447,0.0018898609998814209,0.08756297894065668,0.08624650768446873,0.0889033500838865,0.16768128789684011,0.18848666406410114,0.16718333644687816,0.0858929972275407,0.08871679454806063,0.08631997156018954,0.16654617672399114,0.18914463392694564,0.16821919077450334,0.6261325885810071,0.7249741353645772,0.4085115070635373,1,1,0,0.0008439579999048874,32,0.0,0.0,9.974578126371761e-05,0.010000000000000002,0.593063207937798,0.4504679775371447,0.3718068480700456,0.03306938064320903,0.27450615782743254,0.0367046589934917,0.6261325885810071,0.7249741353645772,0.4085115070635373,False,False,False
1790735224.8464062,APPROACH,0.010035834,0.0018510170000354265,0.08924345439220716,0.08814879246348806,0.0905716594467485,0.16795340957018975,0.1923919902538449,0.1656756793823305,0.08757278707048544,0.09062451312297894,0.0880166354741243,0.16821126831605465,0.19103565986239915,0.16990100878853406,0.6269654595977469,0.7338239865789018,0.4147557001094616,1,1,0,0.0007948039999519096,32,0.0,0.0,9.909720617335266e-05,0.010000000000000002,0.5929998568795358,0.46059918962720703,0.37684005236095697,0.033965602718210995,0.2732247969516947,0.03791564774850466,0.6269654595977469,0.7338239865789018,0.4147557001094616,False,False,False
1790735224.8564005,APPROACH,0.009994065,0.001871575999984998,0.09093236400030147,0.09008327703807772,0.09223768141118782,0.17025284707559388,0.1936851753312515,0.16869493359452403,0.08926216335727585,0.09254311891516946,0.08972298213105467,0.16986366039679202,0.19291226310459073,0.17156999972024722,0.6256644024807734,0.7419701597020967,0.4182904930825964,1,1,0,0.0008018590001483972,32,0.0,0.0,9.865043424965319e-05,0.010000000000000002,0.5929244263179777,0.4707736121539709,0.38189348666963907,0.03273997616279571,0.2711965475481258,0.036397006412957324,0.6256644024807734,0.7419701597020967,0.4182904930825964,False,False,False
1790735224.8664126,APPROACH,0.010012319,0.0018987180001204251,0.09264813932972515,0.09202490976583277,0.09394276364004472,0.17251854200800376,0.1948489467604885,0.17171371339572314,0.09097115490752795,0.09448400154312903,0.09144914109356457,0.1715130920466439,0.1947855042184698,0.17323600048252089,0.6254476540083568,0.7538730652716369,0.423230140073654,1,1,0,0.0008026689999951486,32,0.0,0.0,9.954055938773368e-05,0.010000000000000002,0.5928362211625465,0.48105135910729,0.38699693737122925,0.032611432845810244,0.27282170616434687,0.03623320270242473,0.6254476540083568,0.7538730652716369,0.423230140073654,False,False,False
1790735224.8764658,APPROACH,0.010053378,0.00235852400010117,0.09437980853510464,0.09398670960757638,0.09566328335830576,0.17344662841598238,0.19774658474431928,0.1718056755241013,0.09270374005102427,0.09645167915158576,0.09319913065513756,0.17316306180582264,0.19665935645710503,0.17490254475961606,0.6264450522663711,0.7655838622185887,0.4297544182958759,1,1,0,0.0009841050000432006,32,0.0,0.0,9.996804506018269e-05,0.010000000000000002,0.5927346380668957,0.49145587946695135,0.3921619589463765,0.03371041419947546,0.2741279827516373,0.03759245934949938,0.6264450522663711,0.7655838622185887,0.4297544182958759,False,False,False
1790735224.8863785,APPROACH,0.00991295,0.002454838000176096,0.09603577879452985,0.09587511215291755,0.0973018797925711,0.17524955389392566,0.19944530720375206,0.17368845482482312,0.09442833461734769,0.09841028195073757,0.09494104937142138,0.17478367676956325,0.1984998707822177,0.17653943936218203,0.6360912784784069,0.8053014859190916,0.4469986250131725,1,1,0,0.0010518839999349439,33,0.0,0.0,9.565874421615733e-05,0.010000000000000002,0.592621417313116,0.5017973800898812,0.39729427658286676,0.04346986116529085,0.3035041058292104,0.049704348430305766,0.6360912784784069,0.8053014859190916,0.4469986250131725,False,False,False
1790735224.8963697,APPROACH,0.009991309,0.0023797449998710363,0.09780146829631331,0.0978809270442742,0.09905193350999131,0.17750466519871164,0.20234803956979633,0.1757342028605805,0.09618278526371826,0.10040279196674717,0.09671312408242103,0.17641056638324357,0.2003475111572296,0.1781826716457204,0.6286960175198244,0.7950247502434558,0.44368771215819913,1,1,0,0.0010317059998214972,33,0.0,0.0,8.972403613129108e-05,0.010000000000000002,0.5924938938465198,0.5123025947483463,0.40250634801544716,0.03620212367330452,0.2827221554951095,0.041181364142751954,0.6286960175198244,0.7950247502434558,0.44368771215819913,False,False,False
1790735224.9063692,APPROACH,0.009999466,0.002355748999889329,0.09958972844808223,0.09991837992235642,0.10082208967494743,0.17990010898160996,0.20466775868819032,0.17842916149906232,0.09795490926989181,0.102415373420216,0.09850304968824637,0.17803201752484082,0.20218897512020065,0.17982041082583927,0.6203339059669131,0.7822764097888912,0.4389262119802894,1,1,0,0.0010056270000404766,32,0.0,0.0,9.779942683704497e-05,0.010000000000000002,0.5923524975955843,0.5228980182005338,0.4077616031945115,0.027981408371328766,0.25937839158835746,0.03116460878577795,0.6203339059669131,0.7822764097888912,0.4389262119802894,False,False,False
1790735224.9163716,APPROACH,0.01000208,0.0023029789999782224,0.10140204101018391,0.10196889251494046,0.10262447947726105,0.18217678010587268,0.20521238627507757,0.18179506003147242,0.09974368185544584,0.10444686247945681,0.10030979111420052,0.17964692434820193,0.2040230067739982,0.18145153994777782,0.6197133495169685,0.7941861209918417,0.443586041880941,1,1,0,0.0009813199999371136,32,0.0,0.0,9.850333343688624e-05,0.010000000000000002,0.5921969901509864,0.5335771296896227,0.4130567215209268,0.027516359365982155,0.26060899130221904,0.030529320360014173,0.6197133495169685,0.7941861209918417,0.443586041880941,False,False,False
1790735224.9263728,APPROACH,0.010001438000000001,0.0023290679998808628,0.10323123784909516,0.10402673377643268,0.104450161453987,0.18295582873561894,0.2070205466382336,0.1822019812995078,0.10154845483890942,0.10649652301200799,0.10213269366760507,0.18125456465116066,0.2058487859216833,0.18307532955459888,0.6232747664270769,0.8153367331132904,0.45355979739319324,1,1,0,0.0010086719998980698,33,0.0,0.0,8.856895767300132e-05,0.010000000000000002,0.5920271216439604,0.5443356795218872,0.4183895097208114,0.03124764478311651,0.27100105359140314,0.035170287672381825,0.6232747664270769,0.8153367331132904,0.45355979739319324,False,False,False
1790735224.9363697,APPROACH,0.009997101000000001,0.002290975999812872,0.10506393333257069,0.10611009410513539,0.10626976100883034,0.18349909560230276,0.2096729802920423,0.1818624915771988,0.10336847687506436,0.10856350172349173,0.10397099845571879,0.182854157282022,0.207665425417995,0.18469099064766792,0.6244422312656138,0.8279877070493319,0.4606424222460319,1,1,0,0.0010013480000452546,33,0.0,0.0,8.902249590441129e-05,0.010000000000000002,0.5918426678718288,0.5551688191077441,0.42375747838410255,0.032599563393784954,0.2728188879415878,0.03688494386192939,0.6244422312656138,0.8279877070493319,0.4606424222460319,False,False,False
1790735224.946337,APPROACH,0.009966612000000001,0.002332304999981716,0.10690892041241185,0.108214040640628,0.10809936265686027,0.1856248373495316,0.21070702848615885,0.18470830790189843,0.10519882916422221,0.11064221238800523,0.1058197372678061,0.18444136644234152,0.2094680011450359,0.18629414387394289,0.622859175691912,0.836615610072853,0.4643835225344903,1,1,0,0.0010012780001034116,33,0.0,0.0,8.831779469148483e-05,0.010000000000000002,0.5916438904784891,0.5660469693748745,0.4291458913705564,0.031215285213422882,0.27056864069797854,0.03523763116393388,0.622859175691912,0.836615610072853,0.4643835225344903,False,False,False
1790735224.9563992,APPROACH,0.010062275,0.0019465189998300048,0.10877633664646069,0.11032623106664108,0.10996158106361253,0.1873481892193177,0.21206314610925026,0.1869937286125755,0.10706275846913223,0.11275905609452382,0.10770239038840264,0.1860360175649992,0.21127902862563752,0.18790481381964624,0.6242649173622112,0.8531245372255756,0.4715635406498274,1,1,0,0.0008407929999521002,33,0.0,0.0,9.007247523170365e-05,0.010000000000000002,0.5914278237918478,0.5771077317785239,0.43462279868590264,0.0328370935703635,0.27601680544705165,0.036940741963924745,0.6242649173622112,0.8531245372255756,0.4715635406498274,False,False,False
1790735224.9663916,APPROACH,0.009992502,0.0019038179998460691,0.11065568603568998,0.11245933565952981,0.11183465778594215,0.18816657345438237,0.21483582936125284,0.18711761170693447,0.10892960278860477,0.11487921035054383,0.10958798780589299,0.18761167464803027,0.2130684847874455,0.18949629892401382,0.6231838353436375,0.8597938551315382,0.4759446187281659,1,1,0,0.0008256229998551134,33,0.0,0.0,8.857490843215092e-05,0.010000000000000002,0.5911976581062294,0.5881686876439168,0.4400977723966843,0.03198617723740811,0.27162516748762133,0.03584684633148161,0.6231838353436375,0.8597938551315382,0.4759446187281659,False,False,False
1790735224.9763596,APPROACH,0.009967684000000001,0.0015742389998649742,0.11254616762216152,0.1146168937071721,0.11371424835392574,0.19003676501810887,0.21621389998863355,0.18935333385164105,0.11080745657314355,0.11701186793315257,0.11148470528234075,0.1891753539556039,0.21484433792336166,0.19107568593201935,0.6208148406869173,0.8657050573016025,0.4788964756173849,1,1,0,0.000680006000038702,32,0.0,0.0,9.979176317825691e-05,0.010000000000000002,0.5909522771634075,0.5992776308486046,0.44559440403843087,0.029862563523509786,0.26642742645299794,0.033302071578954026,0.6208148406869173,0.8657050573016025,0.4788964756173849,False,False,False
1790735224.9863386,APPROACH,0.009979117000000001,0.0018759450001653022,0.1144565506793862,0.11678395582282075,0.11562128461646815,0.19175249894840307,0.21725937084428537,0.19169003689681602,0.11270303635443946,0.11916465673242188,0.11339932681932482,0.19073257585594453,0.21661285745396056,0.1926485506658989,0.6211789188122596,0.8798276922886337,0.4850079363949831,1,1,0,0.000803351000058683,32,0.0,0.0,9.998608533116518e-05,0.010000000000000002,0.5906905181588396,0.6104739182634945,0.4511320756094586,0.030488400653420084,0.26935377402513916,0.033875860785524466,0.6211789188122596,0.8798276922886337,0.4850079363949831,False,False,False
1790735224.996361,APPROACH,0.010022568,0.001887656999997489,0.1163813602708581,0.11896509132894906,0.11754382294356347,0.19278271546537665,0.21930394845539902,0.19220840966071023,0.11462246885307956,0.12134453479653637,0.11533804068246334,0.1922880860113171,0.21837943297490564,0.1942196864597391,0.6234838316460196,0.8985871169522075,0.49412503320967255,1,1,0,0.0008273359999293461,33,0.0,0.0,8.937674083065659e-05,0.010000000000000002,0.5904111026015183,0.6217931733335902,0.4567282902505063,0.033072729044501335,0.27679394361861737,0.03739674295916625,0.6234838316460196,0.8985871169522075,0.49412503320967255,False,False,False
1790735225.0063627,APPROACH,0.01000166,0.0018907429998762382,0.11831587252884113,0.12116929385875785,0.11946969584340827,0.1940236870015919,0.22148046449291348,0.19311660092791255,0.11655339548380951,0.1235374666181685,0.11728836414023108,0.19383168639792647,0.22013248270440242,0.19577879284706232,0.6229202543190602,0.9087833483698589,0.49960083585990167,1,1,0,0.0008271259998764435,33,0.0,0.0,8.945387166778133e-05,0.010000000000000002,0.5901154624569316,0.6331620283059631,0.4623466673391411,0.032804791862128646,0.27562132006389567,0.037254168520760585,0.6229202543190602,0.9087833483698589,0.49960083585990167,False,False,False
1790735225.0163639,APPROACH,0.010001298,0.001930439000034312,0.12026660356566765,0.12339124095494913,0.12141314245111978,0.19599818847906103,0.2227588880554197,0.1956777968521652,0.11849964592515329,0.1257478015204713,0.11925416534159969,0.19536639659005392,0.22187543593925796,0.19732891973481978,0.6216709816678959,0.9188205185370708,0.504071868583108,1,1,0,0.000850079999963782,33,0.0,0.0,8.928395531983561e-05,0.010000000000000002,0.5898027367981602,0.6446026560988455,0.4679980700710111,0.03186824486973567,0.27421786243822527,0.03607379851209691,0.6216709816678959,0.9188205185370708,0.504071868583108,False,False,False
1790735225.0263643,APPROACH,0.010000207,0.0019251689998327493,0.12223616047102759,0.12562628848471302,0.12338080603016,0.19744765163229605,0.22452991064718855,0.19723259686626238,0.12046098573577511,0.1279752732510365,0.12123520749018894,0.1968919295305664,0.22360796667189026,0.19886977718229,0.6210065303094008,0.9295684294775481,0.5093132118075319,1,1,0,0.0008177479999176285,33,0.0,0.0,8.925633515583843e-05,0.010000000000000002,0.5894726445785066,0.6561132440453831,0.4736814999167979,0.03153388573089423,0.273455185432165,0.03563171189073396,0.6210065303094008,0.9295684294775481,0.5093132118075319,False,False,False
1790735225.0363643,APPROACH,0.010000116,0.001896354000109568,0.12421751472979636,0.12788175894373488,0.12535853226906646,0.19858016271856532,0.2265902406799924,0.19813816567819126,0.12243751735732762,0.13021999815170562,0.12323159405671338,0.19840826399968994,0.22533005080323898,0.20040134375653912,0.6207328981768162,0.9408395797861049,0.5151502891900888,1,1,0,0.0008221460000186198,33,0.0,0.0,8.919324479416057e-05,0.010000000000000002,0.589124847809009,0.6676939521644971,0.4793969308863596,0.03160805036780723,0.2731456276216077,0.035753358303729214,0.6207328981768162,0.9408395797861049,0.5151502891900888,False,False,False
1790735225.0463638,APPROACH,0.009999526,0.001913575999878958,0.12621201513187152,0.13015525036923936,0.12734902610626708,0.2001940891250624,0.22799967667458465,0.2000315520216311,0.12442904790203564,0.13248175716198538,0.1252431302157733,0.19991515165832874,0.2270414062973649,0.20192336862381902,0.620542178674571,0.9538495577058854,0.521167441362743,1,1,0,0.0008309329998610337,33,0.0,0.0,8.953237909398436e-05,0.010000000000000002,0.5887590572155882,0.6793432019108974,0.4851434769423475,0.03178312145898279,0.2745063557949881,0.03602396442039543,0.620542178674571,0.9538495577058854,0.521167441362743,False,False,False
1790735225.0563624,APPROACH,0.009998423000000001,0.0018928780000351253,0.12822301893354826,0.1324424259450767,0.12935918744841057,0.20163839129978672,0.2296403318252374,0.20158295715386715,0.1264353769511748,0.13476032266856752,0.12726961353536875,0.20141234573388275,0.2287417528973806,0.20343560253261334,0.6202456063328027,0.9662894648052642,0.5271101592077994,1,1,0,0.0008244010000453272,33,0.0,0.0,8.96807484166705e-05,0.010000000000000002,0.5883749874786854,0.6910593697931441,0.49092022888018366,0.03187061885411727,0.2752300950121201,0.03618993032761572,0.6202456063328027,0.9662894648052642,0.5271101592077994,False,False,False
1790735225.066366,APPROACH,0.010003783,0.002121573000067656,0.13024675037783418,0.134748246964838,0.1313814415125938,0.2028253958789015,0.23161230668670718,0.20262974216874646,0.1284577147892481,0.13705706917805308,0.12931226645773,0.20290063766687663,0.230431989433456,0.20493884487374114,0.6199152822210422,0.9779855985873893,0.5330420195090937,1,1,0,0.0008578450001550664,33,0.0,0.0,8.965476152777861e-05,0.010000000000000002,0.587972069522753,0.7028490487620918,0.4967303247011614,0.031943212698289106,0.2751365498252975,0.03631169480793229,0.6199152822210422,0.9779855985873893,0.5330420195090937,False,False,False
1790735225.076373,APPROACH,0.010007460000000001,0.0022844929999337182,0.13228335666924185,0.13707245757748332,0.1334162904012679,0.20433044832786604,0.23316939655862365,0.204334869452793,0.1304956434209702,0.139371521977862,0.13137066678866413,0.2043795952026449,0.2321116249987922,0.20643265905038893,0.6195867790044529,0.9906503904582872,0.5390205573800801,1,1,0,0.000979397000037352,33,0.0,0.0,8.989173292548767e-05,0.010000000000000002,0.5875500363618273,0.7147093068105358,0.502572202718882,0.03203674264262555,0.2759410836477514,0.03644835466119815,0.6195867790044529,0.9906503904582872,0.5390205573800801,False,False,False
1790735225.086373,APPROACH,0.009999686,0.002279964999843287,0.13433715276154956,0.13941016520840588,0.13547058534919199,0.20600575764241008,0.23460378552359398,0.20610881517003804,0.13254672224878108,0.14170090930858728,0.1334423494139631,0.20584736528723246,0.23377855510069614,0.2079151733940327,0.6189556657060421,1.0035074123815204,0.5450601757362865,1,1,0,0.000986189000059312,33,0.0,0.0,9.013823359698305e-05,0.010000000000000002,0.5871090734013743,0.7266254791695032,0.5084385269642234,0.031846592304667784,0.2768819332120172,0.03662164877206311,0.6189556657060421,1.0035074123815204,0.5450601757362865,False,False,False
1790735225.096368,APPROACH,0.009994766,0.002034667999851081,0.13640533633701946,0.14176488524702968,0.13753857251206103,0.20714639617425543,0.23661417139294555,0.2070224119529286,0.13461140751798897,0.14404574932293285,0.1355277751620773,0.20730422108030777,0.2354330899635543,0.20938666380832435,0.6181805593928861,1.0144546066488147,0.5507542732916751,1,1,0,0.0008712710000509105,33,0.0,0.0,8.986850897268281e-05,0.010000000000000002,0.5866487829267859,0.7385997772317685,0.5143302758095897,0.03153177646610012,0.2758548294170462,0.03642399748208544,0.6181805593928861,1.0144546066488147,0.5507542732916751,False,False,False
1790735225.1063616,APPROACH,0.009993674000000001,0.0018506470000829722,0.13848292454274436,0.14414070848724858,0.13961509619075763,0.20822689702844685,0.23844583662803664,0.20833700717381265,0.1366903741631428,0.14640680853653235,0.13762762574750706,0.2087505667567702,0.23707568860428851,0.21084753852824017,0.6175817241861277,1.0252027796804475,0.5560730677041191,1,1,0,0.0008085309998477896,33,0.0,0.0,8.958696456109681e-05,0.010000000000000002,0.5861686983455596,0.7506356509325772,0.520249031776429,0.03141302584056803,0.27456712874787037,0.03582403592769011,0.6175817241861277,1.0252027796804475,0.5560730677041191,False,False,False
1790735225.1163805,APPROACH,0.010019363,0.001867428999958065,0.14057402249419848,0.1465312618046246,0.1417096190588678,0.20980973002244394,0.23965695120280017,0.21043617168359824,0.13878914224990846,0.1487903560263479,0.1397474766868905,0.2101900779892392,0.23871052544326504,0.21230151014980464,0.617937113821352,1.040627466136599,0.562898732177042,1,1,0,0.0008153530000072351,33,0.0,0.0,9.05289768025286e-05,0.010000000000000002,0.5856671509453992,0.7627644893693357,0.5262100985434728,0.03226996287595279,0.2778629767672633,0.03668863363356926,0.617937113821352,1.040627466136599,0.562898732177042,False,False,False
1790735225.1263626,APPROACH,0.009981301000000001,0.00190509000003658,0.14268010882631277,0.14893589232018645,0.14382169352371132,0.210979948283809,0.24158943317286916,0.21141174556572728,0.1408942251853684,0.15118107521933957,0.14187370590981133,0.21161345553517874,0.24032703943453332,0.2137391860163684,0.6166802959761011,1.050585450977192,0.5681159094903553,1,1,0,0.0008292099998925551,33,0.0,0.0,8.977445703070618e-05,0.010000000000000002,0.5851470626205793,0.7749078997207326,0.532174832694045,0.0315332333555218,0.2756775512564593,0.03594107679631027,0.6166802959761011,1.050585450977192,0.5681159094903553,False,False,False
1790735225.1363623,APPROACH,0.009999966,0.0018867449998651864,0.14479715616543398,0.15136079914283762,0.14594188209785397,0.2122490173932906,0.24330759465758217,0.21263533357196635,0.1430174376554874,0.1535923839224828,0.14401824678484845,0.21302866207281976,0.24193427370288126,0.2151686087940242,0.6160000765557394,1.0626337713215255,0.5740875914029991,1,1,0,0.000827436999998099,33,0.0,0.0,8.98961034496547e-05,0.010000000000000002,0.5846052307284121,0.7871336010090939,0.5381763841914203,0.031394845827327295,0.2755001703124316,0.035911207211578824,0.6160000765557394,1.0626337713215255,0.5740875914029991,False,False,False
1790735225.1463635,APPROACH,0.010001178000000001,0.0019319419998282683,0.14692843694327617,0.1538001111327052,0.14807814299096034,0.213748153954941,0.24460436570879446,0.2144541246609895,0.14515500716992114,0.15601999776060174,0.14617728892568488,0.2144330390397154,0.24352920894861269,0.2165870932141442,0.6157356934654243,1.0767064234428774,0.5805166631054864,1,1,0,0.000830193000183499,33,0.0,0.0,9.033180005706952e-05,0.010000000000000002,0.584042233258343,0.7994193008304801,0.5442036741516414,0.03169346020708125,0.27728712261239735,0.036312988953845056,0.6157356934654243,1.0767064234428774,0.5805166631054864,False,False,False
1790735225.1563628,APPROACH,0.009999566000000001,0.0019043579998196947,0.14907343538913853,0.15625392033179697,0.15023028673389138,0.21485579707552538,0.24640619845973694,0.21551394251055994,0.14730621853609563,0.15846310449747314,0.14835010995538947,0.21582603592218458,0.24511121995948482,0.2179940832329467,0.6152724021436468,1.0892639183824224,0.5867218131253681,1,1,0,0.0008246009999766102,33,0.0,0.0,9.030686297454892e-05,0.010000000000000002,0.5834579255776379,0.8117603810721172,0.5502543104897537,0.0318144765660089,0.2775035373103052,0.036467502635614414,0.6152724021436468,1.0892639183824224,0.5867218131253681,False,False,False
1790735225.1663635,APPROACH,0.010000627,0.0018824879998646793,0.151228913461825,0.15872665067180414,0.15239175364742863,0.21603471099716812,0.2481392735950566,0.21669783762793982,0.14947153332458898,0.16092222833365055,0.15053717608117673,0.21720787309438808,0.24668055701197222,0.21938980143832726,0.6145750329564976,1.101371482078314,0.592700991094066,1,1,0,0.000826705999998012,33,0.0,0.0,9.023184307589585e-05,0.010000000000000002,0.5828518494823229,0.8241589780132152,0.55632921251539,0.03172318347417466,0.2772125040650988,0.036371778578676066,0.6145750329564976,1.101371482078314,0.592700991094066,False,False,False
1790735225.1763642,APPROACH,0.010000477,0.001899288999993587,0.15339770989580082,0.16121469939744326,0.15456806422767677,0.21748136877457994,0.24950831801260373,0.21841302774778892,0.1516505773896571,0.1633969443559885,0.15273810939887889,0.21857823049609654,0.24823685661724493,0.2207739245549406,0.6138763397895322,1.1143996553671085,0.5987516632866009,1,1,0,0.0008343399999830581,33,0.0,0.0,9.040826439794635e-05,0.010000000000000002,0.5822237728748604,0.8366124280872212,0.5624269445759246,0.03165256691467176,0.2777872272798872,0.03632471871067633,0.6138763397895322,1.1143996553671085,0.5987516632866009,False,False,False
1790735225.1863654,APPROACH,0.010001058,0.001998358000037115,0.15558027841134514,0.16371710932398909,0.15676021087310676,0.21865328665473036,0.25118324118606916,0.21960134875178672,0.1538433955447831,0.16588730345865965,0.15495295517214602,0.21993705807828914,0.24978006193518865,0.22214640203100616,0.6132305232488061,1.1270703696489541,0.6049229520509783,1,1,0,0.0008487969998896006,33,0.0,0.0,9.043815886373557e-05,0.010000000000000002,0.5815733472619307,0.8491204634479059,0.5685472435390502,0.031657175986875424,0.2779499062010482,0.036375708511928145,0.6132305232488061,1.1270703696489541,0.6049229520509783,False,False,False
1790735225.1963637,APPROACH,0.009998454,0.0019041079999624344,0.15777370713739636,0.1662371692259601,0.1589626604040486,0.21978018566122445,0.2528837276802881,0.22072293671381032,0.15604916851853257,0.16839237520424055,0.15718088589967832,0.22128377893803877,0.2513095177835884,0.22350665116840707,0.6124394639581877,1.1392858118288105,0.6109506302982843,1,1,0,0.0008265250000931701,33,0.0,0.0,9.033175622612079e-05,0.010000000000000002,0.5809004870659447,0.8616778917788931,0.5746874367208563,0.03153897689224303,0.27760792004991736,0.036263193577428,0.6124394639581877,1.1392858118288105,0.6109506302982843,False,False,False
1790735225.2063625,APPROACH,0.009998854000000001,0.0018974760000673996,0.159979378214671,0.16877279217886887,0.16117838047742516,0.2211106989440617,0.25428128310092324,0.22227285903402122,0.15826843630975976,0.17091277286340253,0.15942244700480562,0.2226186556398901,0.2528255223540668,0.2248549371692398,0.6117087137861776,1.1523944635604257,0.6170953980980585,1,1,0,0.0008376360001420835,33,0.0,0.0,9.047087386597446e-05,0.010000000000000002,0.5802046998416646,0.8742872649708667,0.580848638446873,0.03150401394451306,0.2781071985895589,0.03624675965118556,0.6117087137861776,1.1523944635604257,0.6170953980980585,False,False,False
1790735225.216363,APPROACH,0.010000356,0.0019105310000213649,0.16219807056320157,0.17132253621669769,0.16340911217728848,0.22227658813407195,0.25585027809608907,0.2235085832643034,0.16050132761245536,0.1734486425924744,0.16167776847429435,0.22394168766511047,0.25432807505750504,0.22619125950956082,0.6110597283669917,1.165518440577757,0.62339956232726,1,1,0,0.0008292009999877337,33,0.0,0.0,9.056157050932881e-05,0.010000000000000002,0.5794856063775142,0.8869487728097272,0.5870308037175695,0.031574121989477476,0.27856966776802994,0.03636875860969047,0.6110597283669917,1.165518440577757,0.62339956232726,False,False,False
1790735225.2263672,APPROACH,0.010004485,0.0019067030000314844,0.16431596149212968,0.17376009538752335,0.1655384060578431,0.22325863194645004,0.25746555943962374,0.22449564324184923,0.16274831894792144,0.17600052557138,0.16394733161626818,0.22525306974257575,0.2558173970453138,0.22751581487436504,0.626362104727736,1.2250706134255296,0.6491260633654965,1,1,0,0.0008562909999909607,34,0.0,0.0,9.06800268536344e-05,0.010000000000000002,0.5787427039002575,0.8996645575913753,0.5932348365841434,0.047619400827478536,0.32540605583415416,0.05589122678135302,0.626362104727736,1.2250706134255296,0.6491260633654965,False,False,False
1790735225.2363627,APPROACH,0.009995257,0.0018738499998107727,0.16666828617333884,0.1764814885830166,0.16789910759312043,0.22449330758740854,0.2617621584176649,0.22461772028425347,0.1650062777589947,0.1785648641899143,0.16622797240594164,0.22655091963408278,0.2572913506805753,0.22882670211771441,0.5986014701732572,1.1564093465846599,0.6226929906925265,1,1,0,0.0008140209999965009,32,0.0,0.0,9.133334259327997e-05,0.010000000000000002,0.5779767104673026,0.9124163701598901,0.5994516973037718,0.020624759705954513,0.24399297642476978,0.02324129338875464,0.5986014701732572,1.1564093465846599,0.6226929906925265,False,False,False
1790735225.246364,APPROACH,0.010001299,0.0019017940001049283,0.1689293801283016,0.1790977913875169,0.17016956582340104,0.22798877921956887,0.2596202707446869,0.2308529754268539,0.16727852336803284,0.18114542816542895,0.1685230435094157,0.2278370869172151,0.2587520365079062,0.23012578939684014,0.5978373626504553,1.1761526430590994,0.6288229695217014,1,1,0,0.0008098630000858975,32,0.0,0.0,9.782596410763846e-05,0.010000000000000002,0.5771861775980256,0.9252224236544146,0.6056901264792451,0.02065118505242968,0.2509302194046847,0.023132843042456257,0.5978373626504553,1.1761526430590994,0.6288229695217014,False,False,False
1790735225.2563808,APPROACH,0.010017219,0.001871357000027274,0.17121587254836612,0.1816880818579003,0.17249013437707017,0.22776777011475688,0.2602725490523788,0.2304479358499245,0.16956721684238138,0.18374467179798654,0.17083472770270608,0.22911266304048464,0.26020069407319874,0.2314141791242326,0.608231246502008,1.2218609117488186,0.6488131641587641,1,1,0,0.0008231689998865477,33,0.0,0.0,9.22499443107315e-05,0.010000000000000002,0.5763699570659401,0.9380942608455302,0.6119555881456875,0.0318612894360679,0.28376665090328834,0.036857576013076626,0.608231246502008,1.2218609117488186,0.6488131641587641,False,False,False
1790735225.2663918,APPROACH,0.010011027,0.0019969949998994707,0.1734842866291464,0.18431200452648522,0.17477187539928707,0.2258225716166729,0.26495467704496956,0.22582736727727354,0.1718671976388557,0.18635673431629393,0.17315781260318383,0.23037467779610268,0.26163395014462076,0.23268887125533674,0.611204213109301,1.23865539862521,0.6598152558441223,1,1,0,0.0008332269999300479,33,0.0,0.0,9.188084287434521e-05,0.010000000000000002,0.5755295294040731,0.9510022660213633,0.6182335148835144,0.03567468370522787,0.2876531326038467,0.041581740960607884,0.611204213109301,1.23865539862521,0.6598152558441223,False,False,False
1790735225.2763674,APPROACH,0.009975229,0.0019847930000196357,0.17575247877002553,0.18696743414007155,0.17704213079778164,0.22883903873589387,0.26473162910918135,0.23053656023198704,0.1741714564339622,0.18897365530989718,0.17548521847627235,0.23161934575627088,0.26304750565407425,0.23394604233642038,0.6070987701477779,1.2462238673873691,0.6621235980940993,1,1,0,0.000831013999913921,33,0.0,0.0,9.051329446700759e-05,0.010000000000000002,0.574667254306185,0.9639067193851739,0.6245044758614499,0.03243151584159291,0.2823171480021953,0.03761912223264945,0.6070987701477779,1.2462238673873691,0.6621235980940993,False,False,False
1790735225.2863677,APPROACH,0.010000287,0.002135239000153888,0.17805829187515876,0.18961133802139774,0.1793743746470824,0.2312213160604733,0.2650190265317332,0.234109307994878,0.17649390145452884,0.1916112301967619,0.17783099326175691,0.23285414907095509,0.26444985799576015,0.2351932496782382,0.6046671285216132,1.2582946423874068,0.6665843454476461,1,1,0,0.000913520999802131,33,0.0,0.0,9.103506140369743e-05,0.010000000000000002,0.5737776329095216,0.9768849988815774,0.6308059350783645,0.030889495612091655,0.2814096435058295,0.03577841036928169,0.6046671285216132,1.2582946423874068,0.6665843454476461,False,False,False
1790735225.2963645,APPROACH,0.00999706,0.001975315000208866,0.18037079282831758,0.1922767912844323,0.18170943378951065,0.23049498395637277,0.26874577189227966,0.231694971953751,0.17882787391715552,0.19426189667090557,0.18018841128645105,0.23407542238709694,0.26583684446912254,0.2364267911079904,0.6035734028922201,1.266319546361125,0.6727175834434039,1,1,0,0.0008292009999877337,33,0.0,0.0,8.972768674049339e-05,0.010000000000000002,0.572862823396745,0.9898992438942372,0.63711934430283,0.030710579495475038,0.27642030246688776,0.03559823914057389,0.6035734028922201,1.266319546361125,0.6727175834434039,False,False,False
1790735225.3063648,APPROACH,0.009999986,0.0019679399999859015,0.18268048107536217,0.19497264925649027,0.18402969101674493,0.23201645878520116,0.26944871982632174,0.23382923557037144,0.18117467779801805,0.19692713564351622,0.18255878962542307,0.23528378929225435,0.26720917327559046,0.23764729647738797,0.6030497626656504,1.2818844232824582,0.6795275920171822,1,1,0,0.0008429160000105185,33,0.0,0.0,9.037600720425976e-05,0.010000000000000002,0.57192199120814,1.002956165010501,0.6434478098640217,0.031127771457510355,0.2789282582719572,0.03607978215316039,0.6030497626656504,1.2818844232824582,0.6795275920171822,False,False,False
1790735225.316372,APPROACH,0.010007281,0.0022399689999019756,0.18501327628438968,0.1976655111273633,0.18638700995284463,0.23398787847254904,0.26961491620503786,0.23683015858566675,0.18353522358810712,0.19960798114904907,0.1849430479158612,0.23647963024545604,0.26856727649823625,0.23885515006730243,0.6029778884616731,1.3006358055778786,0.6870044801752172,1,1,0,0.0009707499998512503,33,0.0,0.0,9.169103727205851e-05,0.010000000000000002,0.5709544160972978,1.016060219247626,0.6497933325632178,0.03202347236437529,0.2845755863302526,0.037211147611999375,0.6029778884616731,1.3006358055778786,0.6870044801752172,False,False,False
1790735225.3264344,APPROACH,0.010062555,0.002287699999897086,0.1873563954438886,0.20037268642081507,0.1887552600532949,0.23391628696519118,0.27253622953534734,0.23568592920074954,0.18592080556526164,0.20231725997277972,0.1873525938905384,0.23766842584236061,0.2699173783883752,0.24005588752787468,0.603778893006917,1.3163753552209774,0.6956307612378014,1,1,0,0.0009975509999549104,33,0.0,0.0,9.218337706869751e-05,0.010000000000000002,0.5699549451995243,1.029273257443087,0.6561856552189582,0.03382394780739272,0.2871020977778903,0.03944510601884318,0.603778893006917,1.3163753552209774,0.6956307612378014,False,False,False
1790735225.3363638,APPROACH,0.009929201,0.0019403680000777968,0.18969997312252485,0.2031090661880679,0.19111390281322826,0.2350574530866711,0.27423056252595523,0.23686803957856906,0.18828643077634596,0.20500387412004067,0.1897419826265156,0.23882792720121185,0.27123421113933754,0.24122703647962238,0.5985279238441562,1.316913473727178,0.6967883444553308,1,1,0,0.0008419939999839698,33,0.0,0.0,8.866054589179011e-05,0.010000000000000002,0.568942361896896,1.0423458596663089,0.6625040284520911,0.029585561947260273,0.2745676140608691,0.03428431600323962,0.5985279238441562,1.316913473727178,0.6967883444553308,False,False,False
1790735225.3463612,APPROACH,0.009997211,0.0018401959998755046,0.19206271699642485,0.20585077498787463,0.19350065140511408,0.23722109254050694,0.2740217454995691,0.24032660539758394,0.19067982252941076,0.20772202241910037,0.19215941682900806,0.2399816613831924,0.27254449417190074,0.24239236032120953,0.5975632256639446,1.333872851532432,0.7032490708961191,1,1,0,0.0008062459999109706,33,0.0,0.0,9.042307924754913e-05,0.010000000000000002,0.5678961340162805,1.0555414751095165,0.6688756906844566,0.029667091647664172,0.27833137642291567,0.03437338021166249,0.5975632256639446,1.333872851532432,0.7032490708961191,False,False,False
1790735225.3563633,APPROACH,0.010002561,0.0018639820000316831,0.1944369738610794,0.20859986105428874,0.19590494019403604,0.23702114297054447,0.27642996253940433,0.23943472687318368,0.19308596914857026,0.21045465627721474,0.19458973402464447,0.24112212616556417,0.2738397072954405,0.2435442814674712,0.5981987998499363,1.3491762346007903,0.7113438225360569,1,1,0,0.0008157239999491139,33,0.0,0.0,9.050144172912807e-05,0.010000000000000002,0.5668222708898512,1.0687764360725696,0.6752600192614486,0.03137652896008509,0.2803997985282206,0.0360838032746082,0.5981987998499363,1.3491762346007903,0.7113438225360569,False,False,False
1790735225.366361,APPROACH,0.009997341,0.0018748939999113645,0.19681021323776537,0.21137326290488812,0.19830067851677669,0.2379015951040037,0.2778146843893541,0.24034744041271472,0.1955021888355428,0.21319873000600945,0.19703022547555027,0.242247997816898,0.2751183471629481,0.24468146288963738,0.59742172479906,1.3630739965646133,0.7180261656597283,1,1,0,0.0008269859999927576,33,0.0,0.0,9.037125090424246e-05,0.010000000000000002,0.5657216566878753,1.0820354193490531,0.681649466183196,0.03170006811118469,0.2810385772155602,0.036376699476532284,0.59742172479906,1.3630739965646133,0.7180261656597283,False,False,False
1790735225.3763676,APPROACH,0.010006559,0.0018774179998217733,0.19919816961714254,0.21415419636174082,0.20071612404824535,0.23955790362458984,0.27837948817559005,0.2426238464363878,0.19793183710115786,0.21595805442167945,0.1994842803998238,0.24336077716624915,0.2763821182492295,0.24580542049311124,0.5963944487511187,1.3787823446916263,0.724664340751533,1,1,0,0.000824120000061157,33,0.0,0.0,9.097110546151548e-05,0.010000000000000002,0.564592439414493,1.0953362463591265,0.6880524582090453,0.03180200933662569,0.28344609833249984,0.0366118825424877,0.5963944487511187,1.3787823446916263,0.724664340751533,False,False,False
1790735225.3863642,APPROACH,0.00999682,0.0018972059999669,0.20159870421449622,0.2169459746182767,0.2031463100195543,0.24015637971338658,0.28030491658415757,0.2427911293455779,0.2003701684635482,0.2187272401334369,0.20194710564558824,0.24445824233229432,0.27762849718846627,0.24691391007700172,0.5947671665744203,1.389922867597349,0.7305876561280417,1,1,0,0.0008344999998826097,33,0.0,0.0,9.028623293848683e-05,0.010000000000000002,0.5634365191304356,1.1086523677863354,0.6944560568718922,0.031330647443984776,0.28127049981101354,0.03613159925614947,0.5947671665744203,1.389922867597349,0.7305876561280417,False,False,False
1790735225.3963623,APPROACH,0.009998323,0.00187938099998064,0.2040068267094881,0.21975534377411066,0.20557940848694312,0.24138283299680188,0.2814151135009449,0.24400836616949267,0.20281976846613464,0.2215092235140852,0.20442131272894395,0.2455415319442764,0.2788587771091802,0.2480080817084769,0.5932377527913495,1.403584522313962,0.737028510421756,1,1,0,0.0008290199998555181,33,0.0,0.0,9.040746869064812e-05,0.010000000000000002,0.5622523936367919,1.1219973697880778,0.7008666449026032,0.030985359154557596,0.28158715252588423,0.03616186551915275,0.5932377527913495,1.403584522313962,0.737028510421756,False,False,False
1790735225.4064038,APPROACH,0.010041134,0.0019327530001191917,0.20642629997126072,0.22257497904343992,0.20802684074694433,0.24229360807874195,0.2825979862189303,0.24524430213106696,0.20529068512113177,0.2243154159789411,0.2069170505978697,0.24661491388434922,0.28007780499749574,0.24909224614204575,0.5936420182604667,1.4215528766955408,0.7450873660563718,1,1,0,0.0008234090000769356,33,0.0,0.0,9.154114448348033e-05,0.010000000000000002,0.5610347504716908,1.1354251974941352,0.7073099291530089,0.032607267788775825,0.28612767920140564,0.037777436903362896,0.5936420182604667,1.4215528766955408,0.7450873660563718,False,False,False
1790735225.416363,APPROACH,0.009959559,0.0019105910000689619,0.2088557110758842,0.22540688946479293,0.2104856769965986,0.24330621404193611,0.28402016251980866,0.24616377076947504,0.2077521024714757,0.22711082018953307,0.20940319373833563,0.24766506628520926,0.2812704513574141,0.25015294768763174,0.5902631237732513,1.42915444403378,0.7491161238456853,1,1,0,0.0008356430000731052,33,0.0,0.0,8.969814568844715e-05,0.010000000000000002,0.5597986117181771,1.1487680060130363,0.7137052507824453,0.030464512055074198,0.28038643802074376,0.035410873063240006,0.5902631237732513,1.42915444403378,0.7491161238456853,False,False,False
1790735225.426362,APPROACH,0.009998805000000001,0.0019168830001490278,0.21129331319520173,0.22825406666581127,0.2129521786108448,0.24409509515530428,0.28531086239372316,0.24709980133595288,0.21023366705906577,0.22992910539258318,0.2119096865020265,0.24870471347270576,0.28245116706377393,0.2512030384913461,0.5889934661290173,1.4421414614837034,0.7552675120635863,1,1,0,0.0008330069999828993,33,0.0,0.0,8.99186178210955e-05,0.010000000000000002,0.5585289411931504,1.1621861420995843,0.7201293498152476,0.0304645249358668,0.27995531938411905,0.035138162248338725,0.5889934661290173,1.4421414614837034,0.7552675120635863,False,False,False
1790735225.4363632,APPROACH,0.010001148000000001,0.0019360689998393354,0.21373964878742058,0.23111185378490973,0.21542996679030946,0.2450757961610985,0.28624020752493573,0.248352332231839,0.21272613819824848,0.2327597770445388,0.21442719537739968,0.2497298208350148,0.28361537005296106,0.25223844341229124,0.5884625864097741,1.458270375046531,0.7625063413882815,1,1,0,0.000844148999931349,33,0.0,0.0,9.04119157694898e-05,0.010000000000000002,0.5572300296801951,1.1756288566386948,0.7265577218223296,0.031232556729578996,0.28264151840783625,0.03594861956595201,0.5884625864097741,1.458270375046531,0.7625063413882815,False,False,False
1790735225.4463637,APPROACH,0.010000647000000001,0.0019469399999252346,0.21619735664084594,0.23397835201212835,0.21792011845500703,0.24613669374965524,0.2873251125738294,0.24926538548074129,0.2152286615963858,0.23560186493478644,0.21695485749015161,0.2507399882421745,0.284762605901844,0.25325875830106104,0.5874237976307927,1.4738881986533696,0.769808825130252,1,1,0,0.0008436169998731202,33,0.0,0.0,9.072329390199613e-05,0.010000000000000002,0.5559020273915879,1.1890909596147603,0.7329877199970968,0.03152177023920481,0.28479723903860926,0.03682110513315512,0.5874237976307927,1.4738881986533696,0.769808825130252,False,False,False
1790735225.456362,APPROACH,0.009998253,0.001984260999961407,0.21866188580065593,0.236859986116281,0.22041476062574983,0.24661169459806823,0.2890487649409233,0.2495313154990046,0.21774060979336202,0.2384546564638764,0.21949203907711232,0.2517349281769072,0.28589254808025966,0.2542636927521673,0.5858316907671699,1.4853242390709052,0.7756943378296224,1,1,0,0.0008615619999545743,33,0.0,0.0,9.003120915607486e-05,0.010000000000000002,0.5545449928886826,1.2025685187118584,0.7394173060757283,0.03128669787848723,0.2827557203590467,0.03627703175389409,0.5858316907671699,1.4853242390709052,0.7756943378296224,False,False,False
1790735225.4664035,APPROACH,0.010041325,0.0023774900000717025,0.22113517864835242,0.23975420394115687,0.2229183038003777,0.2479630135967133,0.2896944919126471,0.2512676900648524,0.22027331534508818,0.24133102188906347,0.22205018653364347,0.2527189716237436,0.28701011523899755,0.25525762125638096,0.585668513696257,1.5041274735619963,0.7838302812621739,1,1,0,0.0008837440000206698,33,0.0,0.0,9.147629251700888e-05,0.010000000000000002,0.5531523745912466,1.2161215475440486,0.7458748973651589,0.03251613910501053,0.28800592601794767,0.037955383897015055,0.585668513696257,1.5041274735619963,0.7838302812621739,False,False,False
1790735225.4763474,APPROACH,0.009943899,0.0019497959999625891,0.2236237978436364,0.24265366362034602,0.2254404931411207,0.24918778404499053,0.29075248008163,0.25240005418845607,0.22279110986178657,0.24419045301820563,0.22459327316863362,0.25367837418139594,0.28809969801492913,0.256226661345141,0.5814901054863704,1.5114655917315778,0.787563276888215,1,1,0,0.0008373260000098526,33,0.0,0.0,8.949170423133342e-05,0.010000000000000002,0.5517437063358471,1.2295589009768029,0.7522693206840502,0.02974639915052325,0.2819066907547748,0.03529395620416485,0.5814901054863704,1.5114655917315778,0.787563276888215,False,False,False
1790735225.486385,APPROACH,0.010037858,0.0019663570001284825,0.22611643421363858,0.24557100419354416,0.22796398888306513,0.24916468733892738,0.292672379105334,0.25217098225277423,0.22534229401024305,0.24708780437944233,0.22717008484580173,0.2546315109089259,0.28918216475752967,0.2571893726613441,0.5818191954223828,1.5270371037930166,0.7953117888445115,1,1,0,0.0008358130000942765,33,0.0,0.0,9.040401275234632e-05,0.010000000000000002,0.5502917032748311,1.2431378058328393,0.7587228212086643,0.0315274921475517,0.28389929796017727,0.036588967635847215,0.5818191954223828,1.5270371037930166,0.7953117888445115,False,False,False
1790735225.4963348,APPROACH,0.00994946,0.002060256000049776,0.2284876812056087,0.2483554769321321,0.23036589122022288,0.250145258039828,0.29334708594738,0.253752695736724,0.22788037645775838,0.2499702762851606,0.22973366321090327,0.25556095840374626,0.2902377279029596,0.2581281567782871,0.596781294360184,1.5877654695872012,0.8208112673482167,1,1,0,0.0008657789999233501,34,0.0,0.0,9.015000578861137e-05,0.010000000000000002,0.5488225388476949,1.2566102155548216,0.7651173418516607,0.04795875551248903,0.3311552540323797,0.055693925496556065,0.596781294360184,1.5877654695872012,0.8208112673482167,False,False,False
1790735225.5063677,APPROACH,0.010032819,0.0019068939998305723,0.2311245760851275,0.2514467507799143,0.23303827660001097,0.2517925143707579,0.2965330092854105,0.2544029754553465,0.23044901008823065,0.25288744482835257,0.23232809965618,0.25648267885958953,0.29128451553647206,0.2590591362354693,0.5669433760602236,1.520076351694533,0.7942424614356074,1,1,0,0.0008130900000651309,32,0.0,0.0,9.10758251344228e-05,0.010000000000000002,0.5473106980567058,1.2702073058625445,0.7715624479152496,0.019632678003517787,0.24986904583198866,0.022680013520357735,0.5669433760602236,1.520076351694533,0.7942424614356074,False,False,False
1790735225.5164177,APPROACH,0.010050092,0.002098919999980353,0.2336524513103564,0.2544111675479792,0.23559774718355087,0.25365123574894627,0.29507221770665404,0.25813828520616067,0.23303125852230572,0.2558200755520286,0.234936287670479,0.25739027367039996,0.29231526083259035,0.25997584815061997,0.5686943113674574,1.5473274732682227,0.8043225784217132,1,1,0,0.0008023789998787834,32,0.0,0.0,9.935781829959053e-05,0.010000000000000002,0.5457655112732679,1.2838382926842091,0.7780148104657031,0.02292880009418957,0.2634891805840136,0.026307767956010083,0.5686943113674574,1.5473274732682227,0.8043225784217132,False,False,False
1790735225.526374,APPROACH,0.009956353000000001,0.001922463000028074,0.23619282691409538,0.25735603577589394,0.23818687900944369,0.25361684615779956,0.2951382320495479,0.2579817946785233,0.23559833824294327,0.25873547933716595,0.2375291545963583,0.2582738060299608,0.2933186786714081,0.260868255898861,0.5747853500253097,1.5837130547581313,0.8201261776571183,1,1,0,0.0008233490000293386,33,0.0,0.0,9.026902608340245e-05,0.010000000000000002,0.5442042348608733,1.2973511102370214,0.7844023825650597,0.030581115164436404,0.2863619445211099,0.03572379509205854,0.5747853500253097,1.5837130547581313,0.8201261776571183,False,False,False
1790735225.5363739,APPROACH,0.009999846000000001,0.0019437139999354258,0.23872250831005282,0.2603224213165527,0.24075074517796935,0.25234356761546084,0.2983690591103295,0.2547620608553281,0.2381854080085072,0.2616735855931985,0.24014221237409147,0.25914548324863185,0.2943086327590436,0.26174868941721435,0.576024915191834,1.5993759700854293,0.8296377386486532,1,1,0,0.0008223269999234617,33,0.0,0.0,9.020664186306747e-05,0.010000000000000002,0.5426054253376098,1.3109305615735272,0.7908124229625607,0.03341948985422418,0.28844540851190215,0.038825315686092515,0.576024915191834,1.5993759700854293,0.8296377386486532,False,False,False
1790735225.5464182,APPROACH,0.01004432,0.001972689000012906,0.24125236857746568,0.2633096860994737,0.2433070875062473,0.25419862463086335,0.29827159771087247,0.2578185714318145,0.24079267868750442,0.26463463380113583,0.24277567399043265,0.2600050952005393,0.29528488445788764,0.2626169364690192,0.5749377386971426,1.6170725128459664,0.8364999495258199,1,1,0,0.0008622729999387957,33,0.0,0.0,9.120037498313792e-05,0.010000000000000002,0.5409683706902004,1.3245766870068731,0.7972446644038617,0.033969368006942155,0.2924958258390934,0.03925528512195817,0.5749377386971426,1.6170725128459664,0.8364999495258199,False,False,False
1790735225.5563545,APPROACH,0.009936305000000001,0.001945887999909246,0.24367823203411376,0.2661417417131302,0.24577226374237338,0.25583197169117583,0.29869761412585777,0.25997096596743235,0.2433803278993224,0.26757339812781133,0.24538931703515826,0.2608396576003957,0.29623268766006877,0.2634598823373433,0.5874420728408524,1.6737641752325128,0.8600109620745312,1,1,0,0.0008531050000328833,34,0.0,0.0,9.02308464094548e-05,0.010000000000000002,0.5393180788866173,1.3380808857429793,0.8036007039933196,0.048123993954235056,0.33568328948953335,0.05641025808121161,0.5874420728408524,1.6737641752325128,0.8600109620745312,False,False,False
1790735225.566379,APPROACH,0.010024603,0.0018916949998128985,0.24636671455072623,0.26930115370502516,0.2484945132627452,0.2559729746710534,0.3039595083141162,0.25776799565369024,0.24599929536897963,0.2705477302503424,0.24803459294047434,0.2616656222735112,0.2971707265199577,0.2642941441117825,0.5548419401352007,1.5933010514225545,0.8298171209281128,1,1,0,0.0008119970000279864,32,0.0,0.0,8.788852206130892e-05,0.010000000000000002,0.5376219031000674,1.3517085660860266,0.8100053237639122,0.01722003703513329,0.24159248533652786,0.01981179716420059,0.5548419401352007,1.5933010514225545,0.8298171209281128,False,False,False
1790735225.5763986,APPROACH,0.010019704,0.0019932689999677677,0.2489386770692672,0.27233360945080154,0.25109462230670854,0.25873758077694153,0.30051700316201374,0.2639537264734465,0.24862517597368713,0.273529913543186,0.25068685142567754,0.2624750279187887,0.29808995947676176,0.26511168051721157,0.5567280706795298,1.6248889425396698,0.8400170743909202,1,1,0,0.000906677000102718,32,0.0,0.0,9.788258175238694e-05,0.010000000000000002,0.5358950956919851,1.3653316934064847,0.8163980658924843,0.02083297498754471,0.25955724913318495,0.023619008498435953,0.5567280706795298,1.6248889425396698,0.8400170743909202,False,False,False
1790735225.5863984,APPROACH,0.009999645000000001,0.0019525800000792515,0.2515283826053949,0.27533057278243867,0.2537421194745182,0.2582689294710789,0.30048413207264907,0.2631813210406001,0.25125380444785866,0.2765152175607084,0.25334188538364566,0.2632666296842021,0.2989889727659301,0.2659112341966347,0.5663198415785422,1.670942341457461,0.8599312081342297,1,1,0,0.0008475550000639487,33,0.0,0.0,9.108100485501371e-05,0.010000000000000002,0.5341402679545553,1.3789282676054684,0.8227684774431354,0.03217957362398691,0.29201407385199246,0.03716273069109429,0.5663198415785422,1.670942341457461,0.8599312081342297,False,False,False
1790735225.5963864,APPROACH,0.009987983,0.002018465999981345,0.2541028674021062,0.2783526416589934,0.25635220551782556,0.25678434835807096,0.30417983731206266,0.2589504500287945,0.2538871882443258,0.2795059221446832,0.2560017224327694,0.2640410907745401,0.29986851958173844,0.2666934750169622,0.5666760584183992,1.6838343107616185,0.8689634791772041,1,1,0,0.0008542579998902511,33,0.0,0.0,8.972110148381829e-05,0.010000000000000002,0.5323559853021554,1.392508330495899,0.8291211456377799,0.034320073116243785,0.29132598026571954,0.039842333539424145,0.5666760584183992,1.6838343107616185,0.8689634791772041,False,False,False
1790735225.6063676,APPROACH,0.009981051000000001,0.0018836589999864373,0.2566780197377643,0.2813974051305621,0.2589512548944075,0.25888349888995066,0.30377265288334365,0.2624775098832993,0.25652639049596127,0.2825032346832475,0.25866743638545975,0.2647987466882978,0.3007289809460829,0.26745874184688806,0.5622017121810395,1.6933114560485198,0.8720854429270629,1,1,0,0.0008212239999920712,33,0.0,0.0,8.885287116952969e-05,0.010000000000000002,0.5305413881475758,1.4060769496390157,0.835458305263606,0.0316603240334637,0.287234506409504,0.03662713766345695,0.5622017121810395,1.6933114560485198,0.8720854429270629,False,False,False
1790735225.6163542,APPROACH,0.00998675,0.0018737610000698623,0.25927687463465876,0.28443278426643914,0.2615931638476008,0.260376425098488,0.3038288706387461,0.2648294109458216,0.2591745867963273,0.28551076166256406,0.26134223473521634,0.2655404844345959,0.3015713642253212,0.2682079306058468,0.5591596828081291,1.706073963979767,0.8769696139039787,1,1,0,0.0008194609999918612,33,0.0,0.0,8.903403768026967e-05,0.010000000000000002,0.5286940913721665,1.419649934217743,0.8417871785516287,0.03046559143596262,0.28642402976202386,0.03518243535234996,0.5591596828081291,1.706073963979767,0.8769696139039787,False,False,False
1790735225.6264057,APPROACH,0.010051595,0.0018914340000719676,0.2618857605042759,0.28747540388768655,0.2642432431549988,0.26081770835791485,0.3052769906805788,0.2642303968958648,0.261847374828658,0.2885462171973814,0.2640418718494058,0.26627044928907423,0.3024003771627281,0.26894522821020833,0.559492277535369,1.7264583795303894,0.8869064581934655,1,1,0,0.0008252530001300329,33,0.0,0.0,9.074607425373099e-05,0.010000000000000002,0.526802730641308,1.4333062583702985,0.84814431556131,0.03268954689406101,0.2931521211600908,0.03876214263215554,0.559492277535369,1.7264583795303894,0.8869064581934655,False,False,False
1790735225.636434,APPROACH,0.0100283,0.00226851299998998,0.26449341925489644,0.29053875656355643,0.26688099971247237,0.26080442254311914,0.3072216021970152,0.2636798574837157,0.26452119685785114,0.29158284703089404,0.2667425533473145,0.26698206513376577,0.3032085513345307,0.2696639924826222,0.5579448217610837,1.7375606183762171,0.892949693286639,1,1,0,0.0009952360001079796,33,0.0,0.0,8.95860846877282e-05,0.010000000000000002,0.5248836125898277,1.4469247703374903,0.8544730890858405,0.03306120917125603,0.29063584803872666,0.038476604200798466,0.5579448217610837,1.7375606183762171,0.892949693286639,False,False,False
1790735225.646448,APPROACH,0.010014153000000001,0.0023474229999465024,0.2671087291310039,0.29361232880412036,0.26952850795011596,0.26234973213726787,0.3072228329947536,0.26619271675418626,0.26719828464389633,0.29462318574801133,0.2694465334077343,0.26767600389870516,0.30399664984416924,0.270364902102893,0.5548291316366077,1.7501178389392966,0.897743878828633,1,1,0,0.0010227089999261807,33,0.0,0.0,8.950078400509182e-05,0.010000000000000002,0.5229350957069063,1.460516562230062,0.8607785509052469,0.03189403592970139,0.28960127670923475,0.03696532792338614,0.5548291316366077,1.7501178389392966,0.897743878828633,False,False,False
1790735225.6564581,APPROACH,0.010010025,0.0023663800000122137,0.2697396612816627,0.2966852296375313,0.272200707144715,0.2633739468632886,0.3078433723519168,0.2673690247107685,0.2698811301655833,0.29767006346122954,0.2721563290422454,0.268352936984244,0.30476543519352894,0.27104863521582145,0.55208229080427,1.7628948040172456,0.9033348287349665,1,1,0,0.001029702000096222,33,0.0,0.0,8.939182843381231e-05,0.010000000000000002,0.5209552564313558,1.4740938959422334,0.867066257399865,0.03112703437291425,0.28880090807501224,0.03626857133510157,0.55208229080427,1.7628948040172456,0.9033348287349665,False,False,False
1790735225.6663604,APPROACH,0.00990212,0.001890141999865591,0.2723759684694711,0.2997700596390276,0.2748739348310387,0.2636357562689997,0.3093098828303235,0.2669402052948667,0.27254164038264544,0.3006915752182907,0.2748435650062579,0.26900606068024174,0.30550718048494585,0.27170831976564136,0.5454397549770366,1.7618814622118544,0.9041758535392997,1,1,0,0.0008083699999588134,32,0.0,0.0,9.76971877956963e-05,0.010000000000000002,0.5189651054991836,1.4875148348919187,0.873270504404782,0.02647464947785299,0.2743666273199357,0.030905349134517677,0.5454397549770366,1.7618814622118544,0.9041758535392997,False,False,False
1790735225.6764014,APPROACH,0.010040874,0.0018424810000396974,0.27501485573194984,0.3028645593002439,0.27754746408472375,0.26420331552179366,0.3092240008532824,0.2681077982416892,0.27524595095121523,0.3037628305456621,0.277575041311485,0.26965150197686333,0.30624020096114174,0.2723602447437216,0.5484545920083017,1.7900654051346008,0.9159082432896225,1,1,0,0.0008017679999738903,33,0.0,0.0,8.893318477214627e-05,0.010000000000000002,0.516914876122754,1.5011123030708626,0.8795449851999079,0.03153971588554777,0.28895310206373803,0.03636325808971461,0.5484545920083017,1.7900654051346008,0.9159082432896225,False,False,False
1790735225.686387,APPROACH,0.009985649000000001,0.0018551050000041869,0.27765970333042933,0.30595873921238326,0.28023250753598994,0.2646839548303787,0.30996617375784336,0.2684941293401998,0.2779417308296324,0.3068243976634463,0.2802979012328212,0.2702765185774393,0.30695002533801785,0.2729915398526076,0.5472285624993398,1.80556843988288,0.9229578467999461,1,1,0,0.0008087609999165579,33,0.0,0.0,8.90521877575472e-05,0.010000000000000002,0.5148437392262514,1.514622135742395,0.8857675021382202,0.03238482327308839,0.2909463041404849,0.03719034466172592,0.5472285624993398,1.80556843988288,0.9229578467999461,False,False,False
1790735225.6963222,APPROACH,0.009935303000000001,0.0019789509999554866,0.280044177577059,0.30875292452594216,0.282649821101284,0.26508723298108705,0.31104522866103834,0.2685764501823051,0.2806300297464709,0.30987746873666755,0.28301320504372757,0.27088162216403916,0.3076372347271892,0.2736027219143926,0.5809693059722936,1.9176511278563746,0.9704790110760696,1,1,0,0.0008687150000241672,35,0.0,0.0,8.879722815045014e-05,0.010000000000000002,0.5127511656205606,1.528049823173506,0.8919406108669257,0.06821814035173299,0.38960130468286863,0.07853840020914389,0.5809693059722936,1.9176511278563746,0.9704790110760696,False,False,False
1790735225.7064717,APPROACH,0.010149671,0.002864439000177299,0.2829685146904719,0.3122008078063274,0.28560243746348046,0.2669700578110707,0.3171378903022127,0.2680393465401836,0.2833824530619772,0.3130033651737032,0.28579327740510435,0.271482456384658,0.30831959544507026,0.274209591722936,0.5187007255992323,1.7594467244486738,0.9076996857737085,1,1,0,0.0009663309999723424,31,0.0,0.0,8.836189224508548e-05,0.010000000000000002,0.5105805889188499,1.54175142842978,0.8982275558742973,0.008120136680382379,0.21769529601889379,0.00947212989941123,0.5187007255992323,1.7594467244486738,0.9076996857737085,False,False,False
1790735225.716423,APPROACH,0.009951314000000001,0.0023232070000176464,0.28565920443846604,0.31537177401621097,0.28830904171262084,0.27069786703038295,0.31364866045705836,0.275167282778337,0.2860869205047453,0.31607479866135074,0.28852491216038556,0.2720544901702219,0.30896924783032814,0.27478737178607554,0.506525255169444,1.7576655933637853,0.9036258294575397,1,1,0,0.0009763400000792899,31,0.0,0.0,9.405304405962477e-05,0.010000000000000002,0.5084201873439168,1.5551684358959377,0.9043718799893558,-0.001894932174472783,0.20249715746784763,-0.0007460505318161382,0.506525255169444,1.7576655933637853,0.9036258294575397,False,False,False
1790735225.7264702,APPROACH,0.010047336,0.0023998429999210202,0.28836946962278276,0.3184730641400355,0.2910870976053799,0.2701392163746188,0.30832856427087124,0.2775706253668569,0.28882317293525767,0.3191823300047971,0.29128865119462566,0.27261485180383443,0.30960564428289883,0.2753533624464532,0.5339584295090433,1.8599244648276057,0.9432969730669215,1,1,0,0.001029683000069781,33,0.0,0.0,9.166772724850449e-05,0.010000000000000002,0.5062065503623392,1.5686966843865273,0.910554888447895,0.027751879146704066,0.2912277804410782,0.03274208461902647,0.5339584295090433,1.8599244648276057,0.9432969730669215,False,False,False
1790735225.7364686,APPROACH,0.009998213,0.002407287000096403,0.2910508335658406,0.3215701516977072,0.2938243025003455,0.2659218296740087,0.31332078265863345,0.26795203340057683,0.29155155022535917,0.3222809176391808,0.29404443597994095,0.27315527135660106,0.31021939273684507,0.27589921070087325,0.5456357802915592,1.8973262752927857,0.965077004584476,1,1,0,0.0010308440000699193,33,0.0,0.0,9.3136174589763e-05,0.010000000000000002,0.5039714400315516,1.582139311613782,0.9166863679663507,0.04166434026000764,0.3151869636790036,0.04839063661812529,0.5456357802915592,1.8973262752927857,0.965077004584476,False,False,False
1790735225.7464108,APPROACH,0.009942085,0.0019635119999747985,0.2937040869437588,0.3247256654034505,0.29647825944855555,0.2661781397530403,0.3159958038811138,0.2665461333014415,0.2942698837944341,0.3253680987317021,0.296790076151572,0.27367558890702753,0.3108103115711109,0.2764247550213746,0.5366300098029425,1.8878733254808253,0.9636784266663845,1,1,0,0.0008229680001932138,32,0.0,0.0,9.893613075854154e-05,0.010000000000000002,0.5017169505321865,1.595485924327309,0.9227616240611614,0.03491305927075602,0.2923874011535163,0.040916802605223145,0.5366300098029425,1.8878733254808253,0.9636784266663845,False,False,False
1790735225.7564735,APPROACH,0.010062666000000001,0.002555338999854939,0.29638503143829187,0.3278712099325176,0.2991848905442138,0.2700571694096297,0.3124970593524832,0.2753585787860206,0.2970263667082596,0.32849860560923577,0.2995742488913397,0.2741848347210321,0.3113886563579045,0.2769391163860256,0.532819777087641,1.9080449689848333,0.9673577113321635,1,1,0,0.0009667120000358409,33,0.0,0.0,8.93799990470684e-05,0.010000000000000002,0.4994027290371193,1.6089722486333042,0.9288876854932516,0.03341704805052179,0.29907272035152915,0.0384700258389119,0.532819777087641,1.9080449689848333,0.9673577113321635,False,False,False
1790735225.7664182,APPROACH,0.009944811000000001,0.0020589230000496173,0.2990971610208186,0.3309898410095178,0.30195953474202586,0.2709598799790126,0.3133552633139003,0.27597211949232275,0.29975551412852336,0.33159806787184865,0.3023308115430416,0.27467088622523095,0.31194065962594525,0.2774300504459924,0.525814487906241,1.9105087360334159,0.968620489275122,1,1,0,0.0008622929999546614,32,0.0,0.0,9.976733057458235e-05,0.010000000000000002,0.4970836368185578,1.6222774472846098,0.9349186626139427,0.028730851087683185,0.2882312887488061,0.03370182666117932,0.525814487906241,1.9105087360334159,0.968620489275122,False,False,False
1790735225.776406,APPROACH,0.009987733,0.0018913239998710196,0.30179961375075415,0.33414260197515766,0.3046945833393755,0.2693830702571947,0.31705974817129384,0.27106969299622485,0.30250121946571457,0.3347163347758975,0.30510409844168346,0.2751417487402469,0.31247541292850955,0.27790564293811726,0.5235232677427945,1.915582937124273,0.9747464465693346,1,1,0,0.0007988429999841173,32,0.0,0.0,9.689639509535915e-05,0.010000000000000002,0.4947225908722166,1.635615623994747,0.9409516041196694,0.02880067687057788,0.27996731312952583,0.033794842449665234,0.5235232677427945,1.915582937124273,0.9747464465693346,False,False,False
1790735225.7863984,APPROACH,0.009992241,0.0019169229999533854,0.3044961543100504,0.33731222400618144,0.30741126231984683,0.27050354567937474,0.3158251713662674,0.27396569261915343,0.3052527833317703,0.3378412551457852,0.3078833027201422,0.27559544245366396,0.3129906678147351,0.27836389416208246,0.5232647494421722,1.9368964506466984,0.9823771633733182,1,1,0,0.0007931810000627593,32,0.0,0.0,9.9024773310092e-05,0.010000000000000002,0.49232850243764686,1.6489340505674361,0.9469624245847895,0.03093624700452533,0.28796240007926227,0.03541473878852866,0.5232647494421722,1.9368964506466984,0.9823771633733182,False,False,False
1790735225.7964034,APPROACH,0.010005146000000001,0.0019225240000650956,0.30720756602423993,0.34046472704110897,0.31016555151419034,0.27150237761929735,0.315294815065322,0.27589406798594296,0.30801235576505204,0.3409752707560804,0.3106705960146596,0.27603225912953006,0.3134867556377946,0.27880509881280696,0.5231245884643051,1.9590646219623924,0.9908632992125291,1,1,0,0.0008289500001410488,33,0.0,0.0,8.827889169847546e-05,0.010000000000000002,0.4898993441879701,1.6622426022528454,0.9529554042096603,0.03322524427633497,0.2968220197095471,0.03790789500286881,0.5231245884643051,1.9590646219623924,0.9908632992125291,False,False,False
1790735225.806376,APPROACH,0.009972614000000001,0.0018944799999189854,0.3099225800211416,0.3436256132510156,0.31291895210129184,0.2713440114681215,0.3172583453143529,0.2742166420835538,0.31076721751899195,0.34410393650042737,0.31345313130942887,0.27645022425037447,0.31396143396023585,0.27922726253810776,0.5183232982119903,1.9625965897513629,0.9942176561889039,1,1,0,0.0008123479999539995,32,0.0,0.0,9.860776589767182e-05,0.010000000000000002,0.48744631951690415,1.675479685778987,0.958902706864691,0.03087697869508613,0.28711690397237577,0.0353149493242129,0.5183232982119903,1.9625965897513629,0.9942176561889039,False,False,False
1790735225.8164046,APPROACH,0.010028641000000001,0.001880934999917372,0.3126387765253096,0.34680135175281546,0.31566243751124734,0.27207013665372237,0.31739339807726386,0.27515808646163675,0.3135416717119843,0.3472548531591166,0.31625545585608944,0.27685294703562546,0.3144188017322777,0.279634030813273,0.5169056749476768,1.979628099599236,1.001440824006165,1,1,0,0.0008087109999905806,32,0.0,0.0,9.92414177718669e-05,0.010000000000000002,0.4849476209163787,1.688761515864502,0.9648563604073035,0.031958054031298054,0.29086658373473384,0.03658446359886144,0.5169056749476768,1.979628099599236,1.001440824006165,False,False,False
1790735225.826392,APPROACH,0.009987332,0.001887866999823018,0.3153642381608792,0.3499738149074467,0.3184223652627356,0.27292937487779667,0.31728646340965194,0.2765410988421787,0.3163086236594192,0.3503972496012657,0.31905020279453644,0.27723644119914587,0.3148543317732488,0.2800213773085399,0.5139745942029831,1.993346297292433,1.0068611946703805,1,1,0,0.0008056850001594285,32,0.0,0.0,9.896723374350132e-05,0.010000000000000002,0.48242752801380406,1.7019578980726722,0.970757838302859,0.03154706618917901,0.2913883992197608,0.036103356367521454,0.5139745942029831,1.993346297292433,1.0068611946703805,False,False,False
1790735225.8364065,APPROACH,0.010014373,0.0019417510000039329,0.31809561890666505,0.35314966322583885,0.3211889743832179,0.2732138258968788,0.31808300432857284,0.27639538429651866,0.319086824637605,0.35355242144207777,0.3218563117641459,0.27760333167515483,0.31527100519164253,0.28039195332650146,0.5119261151871819,2.0070540575661533,1.013286691990191,1,1,0,0.0008183699999335659,32,0.0,0.0,9.912820024141903e-05,0.010000000000000002,0.47986897037841675,1.7151579980815745,0.9766469115606619,0.03205714480876518,0.2918960594845786,0.036639780429529104,0.5119261151871819,2.0070540575661533,1.013286691990191,False,False,False
1790735225.8464022,APPROACH,0.009995708,0.001872316999879331,0.32082974191760893,0.35633368746783844,0.3239536271634469,0.27364807437533967,0.31864836277433006,0.27664662341277435,0.32186342321078365,0.35670577344940907,0.32466080223203464,0.277951886422696,0.3156668549278778,0.2807440094272498,0.5088055884242976,2.0183626066752325,1.0184822052179758,1,1,0,0.0008084599999165221,32,0.0,0.0,9.839321563732533e-05,0.010000000000000002,0.47728370383382407,1.7283003321117625,0.9824960007925048,0.03152188459047354,0.29006227456347017,0.03598620442547107,0.5088055884242976,2.0183626066752325,1.0184822052179758,False,False,False
1790735225.8564055,APPROACH,0.010003584000000001,0.0018674779998946178,0.323569540099534,0.35952071070978064,0.3267247036077743,0.27428840603805915,0.31874168202487535,0.2775375315148392,0.32464560931125197,0.35986547114911566,0.3274709363558607,0.2782830258087336,0.3160429262324426,0.2810784752231541,0.5061469438431577,2.0321913092973847,1.0242277398897006,1,1,0,0.0008092430000488093,32,0.0,0.0,9.86280328736797e-05,0.010000000000000002,0.4746650432178948,1.7414186623738774,0.9883200260446023,0.03148190062526286,0.2907726469235071,0.035907713845098284,0.5061469438431577,2.0321913092973847,1.0242277398897006,False,False,False
1790735225.8664408,APPROACH,0.010035072,0.001968890999933137,0.3263149866101669,0.36270927710120837,0.3295030632026572,0.27471902997284053,0.3191062889084183,0.277885140416008,0.3274397918015025,0.3630387930147949,0.3302931873773609,0.27859739473905976,0.31639995151764677,0.28139600209830873,0.5048656301172341,2.0490770381024594,1.031565372455972,1,1,0,0.0008180990000710153,32,0.0,0.0,9.960679192313514e-05,0.010000000000000002,0.4720067616193058,1.7545425669218409,0.9941319062137008,0.0328588684979282,0.2945344711806184,0.037433466242271056,0.5048656301172341,2.0490770381024594,1.031565372455972,False,False,False
1790735225.8764236,APPROACH,0.009982644,0.0018845909999072319,0.3290655037889172,0.36590180215039325,0.33228415751090346,0.2752855092560122,0.31956446231490004,0.27816465272187474,0.33022241755205606,0.36619899002019585,0.3331037655677096,0.27889238984290277,0.3167349741643635,0.2816939605301804,0.5004595741943607,2.0583452607672204,1.03586546921254,1,1,0,0.0008134800000334508,32,0.0,0.0,9.814966803302142e-05,0.010000000000000002,0.46933133501145247,1.7675612486915493,0.9998824970001752,0.0311282391829082,0.290784012075671,0.035982972212364885,0.5004595741943607,2.0583452607672204,1.03586546921254,False,False,False
1790735225.8863819,APPROACH,0.009958537,0.001878940999858969,0.33182010855224053,0.36909959819316107,0.3350676823670238,0.27558220902313596,0.3199727405503701,0.2784989196123394,0.33300116980798594,0.36935478794098847,0.33591043135283905,0.27916902332948995,0.3170491437273141,0.281973372895989,0.49580465002775626,2.065204284256228,1.038981125729125,1,1,0,0.0008123180000438879,32,0.0,0.0,9.653793757482225e-05,0.010000000000000002,0.46663168700355145,1.7805109207528345,1.0055878431019085,0.029172963024204815,0.2846933635033937,0.03339328262721647,0.49580465002775626,2.065204284256228,1.038981125729125,False,False,False
1790735225.8964255,APPROACH,0.010043709000000001,0.0018716760000643262,0.33457776892592417,0.3722987199768868,0.3378561282925734,0.27592318308784636,0.31981964946268676,0.2791275925168087,0.33580638857707507,0.37254064358535843,0.3387438295164226,0.2794301412017647,0.31734569238027444,0.2822371137877635,0.4962596284221063,2.0871333851092286,1.0480288223707739,1,1,0,0.000815324000086548,32,0.0,0.0,9.9308344782071e-05,0.010000000000000002,0.46387808008354514,1.7935321952886212,1.0113096395689498,0.032381548338561175,0.2936011898206074,0.03671918280182403,0.4962596284221063,2.0871333851092286,1.0480288223707739,False,False,False
1790735225.906369,APPROACH,0.009943048000000001,0.00199307800016868,0.3367861866522386,0.37485761733023004,0.34009027851444706,0.27603426034162454,0.3202425165401744,0.2790665289240594,0.338585987577042,0.37569740314390265,0.3415513505514264,0.2796709285907444,0.31761915193028417,0.2824803199694941,0.5741427920766169,2.313249696187967,1.142608659808574,1,1,0,0.00090387299997019,36,0.0,0.0,9.578145580951647e-05,0.010000000000000002,0.4611217117026476,1.8063831205062328,1.0169414881892236,0.11302108037396924,0.5068665756817343,0.12566717161935054,0.5741427920766169,2.313249696187967,1.142608659808574,False,False,False
1790735225.9164207,APPROACH,0.010052025000000001,0.002193378999891138,0.3401098077340752,0.3787499277738533,0.3434281538464221,0.2791062647055823,0.33194403894623503,0.276723223409005,0.34139839516589826,0.3788914230506409,0.34439200974896245,0.27989641650077474,0.3178752360328231,0.2827080729837083,0.4318055285246695,1.942543325967896,0.9942714514106739,1,1,0,0.0006991820000621374,26,0.0,0.0,9.903495345084226e-05,0.010000000000000002,0.45830461940165756,1.8193334733693647,1.022601484514348,-0.02649909087698806,0.12320985259853119,-0.02833003310367421,0.4318055285246695,1.942543325967896,0.9942714514106739,False,False,False
1790735225.9263709,APPROACH,0.009950211,0.0019003620000148658,0.34292636573954827,0.38205031835373937,0.346242982256193,0.2826626257237643,0.32204179392516175,0.28919311992567565,0.34418446023133126,0.38205552604756104,0.3472060618033002,0.28010183586127574,0.31810852850766536,0.2829155558528597,0.4291577840198689,1.9790829027383012,1.0004159828213723,1,1,0,0.0007857470000089961,30,0.0,0.0,9.161256477954628e-05,0.010000000000000002,0.455486043377749,1.832110547894923,1.0281703156182036,-0.026328259357880097,0.14697235484337842,-0.027754332796831198,0.4291577840198689,1.9790829027383012,1.0004159828213723,False,False,False
1790735225.9363852,APPROACH,0.010014043,0.0019186359998002445,0.34574316489961276,0.38521214552168015,0.34915452835358707,0.2795376150244097,0.3134856440739208,0.28862020244470404,0.3469903726290634,0.38524216943823864,0.35004016056326687,0.2802906883977973,0.3183230062254322,0.2831063054785447,0.48082420482068816,2.1462785179790265,1.0666572706989181,1,1,0,0.0008332380000410922,33,0.0,0.0,9.22789363863562e-05,0.010000000000000002,0.45261944325938,1.8449262044663663,1.033740301558404,0.028204761561308116,0.30135231351266023,0.03291696914051412,0.48082420482068816,2.1462785179790265,1.0666572706989181,False,False,False
1790735225.946406,APPROACH,0.010020976000000001,0.0019525410000369448,0.34850726743351856,0.3883694594746263,0.3519706872194561,0.27385126127854426,0.3203933903533487,0.27343403322628484,0.34980003073325255,0.3884330667859301,0.35287804265660966,0.28046169305040064,0.31851721430065005,0.28327902793213355,0.4994288005413679,2.1924316238705694,1.0959224426833645,1,1,0,0.0008322559999669465,33,0.0,0.0,9.310629472709429e-05,0.010000000000000002,0.44972100983347024,1.8577060882698444,1.0392788549409928,0.04970779070789767,0.33472553560072515,0.0566435877423716,0.4994288005413679,2.1924316238705694,1.0959224426833645,False,False,False
1790735225.9563737,APPROACH,0.009967865000000001,0.0019385040000088338,0.35110611296307415,0.3914328920159349,0.35454950293960774,0.2747072852819742,0.3225178733140317,0.2737506430050379,0.35259640858156444,0.39160888189525517,0.3557025110893036,0.2806139329071086,0.3186901114066211,0.28343279709095065,0.507116127381596,2.2285019010076352,1.1122508427594733,1,1,0,0.0008277680001356202,33,0.0,0.0,9.927853360362646e-05,0.010000000000000002,0.4468085453636682,1.8703728770137147,1.0447524754300233,0.06030758201792778,0.35812902399392077,0.0674983673294501,0.507116127381596,2.2285019010076352,1.1122508427594733,False,False,False
1790735225.966405,APPROACH,0.010031126000000001,0.0019221830000333284,0.35401357943591716,0.39481501505454464,0.3574701315846669,0.27918779247247366,0.32180804547883995,0.28259177719426326,0.35541197555242265,0.3948064898768682,0.3585463614059285,0.28074914328108014,0.3188436683191304,0.28356936569997665,0.46007075775092593,2.1356587145546713,1.0691735042453623,1,1,0,0.0008066870000220661,31,0.0,0.0,9.519394617786171e-05,0.010000000000000002,0.44384824395076206,1.8830733333279763,1.0502244603956377,0.016222513800163874,0.2525853812266949,0.018949043849724716,0.46007075775092593,2.1356587145546713,1.0691735042453623,False,False,False
1790735225.9765098,APPROACH,0.010105026000000001,0.0020466099999794096,0.35667450070512263,0.39786497276741084,0.3601735560827839,0.27974322523678574,0.3203513992497865,0.2844444007806167,0.35824956428452603,0.39802910772692185,0.3614124547000204,0.2808670839646566,0.3189776122370213,0.283688491138584,0.4826972957424689,2.2194896609446095,1.1025914249005224,1,1,0,0.0008465540001907357,33,0.0,0.0,9.664335112538296e-05,0.010000000000000002,0.4408366174694383,1.8958189131636571,1.0556993152343166,0.04186067827303058,0.32367074778095223,0.04689210966620587,0.4826972957424689,2.2194896609446095,1.1025914249005224,False,False,False
1790735225.986371,APPROACH,0.009861342,0.0020159919999969134,0.3594678579780508,0.4010733942074687,0.36300475590641135,0.27901460037630854,0.32288510590059766,0.28077837713926224,0.36101978531572226,0.4011752168310095,0.36421050356130785,0.280964494435895,0.31908824022191695,0.28378688013175707,0.47263635274539845,2.208424559028312,1.1009226867015245,1,1,0,0.0008486780000112049,32,0.0,0.0,9.87405004724605e-05,0.010000000000000002,0.43786931156311903,1.908209256302165,1.0610053925987881,0.034767041182279405,0.300215302726147,0.039917294102736346,0.47263635274539845,2.208424559028312,1.1009226867015245,False,False,False
1790735225.996592,APPROACH,0.010224093,0.0036647329998231726,0.3617000436947553,0.40366531902781677,0.3652435576447326,0.2790755637933314,0.3243203578233148,0.27998603746318385,0.36389283038652354,0.40443810204916075,0.36711240936530487,0.2810470323780782,0.3191819776415708,0.28387024719616744,0.5566728325545144,2.4439698901153246,1.2002731428195834,1,1,0,0.0014199659999576397,36,0.0,0.0,9.831324301592782e-05,0.010000000000000002,0.4347636110710406,1.9210044126715904,1.0664677918304897,0.12190922148347381,0.5229654774437341,0.13380535098909382,0.5566728325545144,2.4439698901153246,1.2002731428195834,False,False,False
1790735226.0063252,APPROACH,0.009730102000000001,0.0021083479998651455,0.3646400732504391,0.4070878904705788,0.36819306339610947,0.28213551446046914,0.3309040650957852,0.28171799850351964,0.3666277577068307,0.407544128479738,0.36987480997814876,0.2811081255951996,0.31925136052633674,0.2839319541158225,0.47791591126870003,2.251775961173933,1.1220032437277152,1,1,0,0.0008213349999550701,32,0.0,0.0,9.964871361728997e-05,0.010000000000000002,0.43178059033563376,1.9331322136427023,1.0716290370950845,0.04613532093306625,0.31864374753123104,0.0503742066326307,0.47791591126870003,2.251775961173933,1.1220032437277152,False,False,False
1790735226.017788,APPROACH,0.011465249,0.0022510300000249117,0.36634612015095147,0.40908925734745427,0.3698919067572337,0.28488585104672154,0.3341207865530167,0.2847731292345382,0.3698510423402408,0.411204776859791,0.3731304736225129,0.28115825655333226,0.3193082936959292,0.28398258865679915,0.6656814401787741,2.7591887636326895,1.3335186869817002,1,1,0,0.000978365000037229,40,0.0,0.0,9.166625080583346e-05,0.010000000000000002,0.42823171946055116,1.947359997505352,1.077663449401715,0.2374497207182229,0.8118287661273373,0.25585523757998524,0.6656814401787741,2.7591887636326895,1.3335186869817002,False,False,False
1790735226.0264008,APPROACH,0.008611139,0.0025027989997852274,0.3697976721887981,0.4131263832427594,0.3733623040296159,0.2927554991855337,0.34788292644585767,0.2916945257881559,0.3722722398906386,0.41395450389251515,0.37557599294120675,0.2811803552044788,0.3193333908873725,0.2840049092965532,0.4087414583303033,2.100168343275083,1.0605312675840557,1,1,0,0.0009104040000238456,30,0.0,0.0,9.682146133193132e-05,0.010000000000000002,0.4255424342564466,1.9580005226199388,1.0821616701366452,-0.016800975926143324,0.14216782065514405,-0.02163040255258945,0.4087414583303033,2.100168343275083,1.0605312675840557,False,False,False
1790735226.0363204,APPROACH,0.009918952,0.0019463299997823924,0.37293718185892644,0.41685402830909624,0.37647424017012554,0.3004020724448462,0.35050435711175126,0.302969175062241,0.37506131319755664,0.4171220233157121,0.3783930834558576,0.28118927256602083,0.3193435182353408,0.2840139162360817,0.27909986434932266,1.801312806686873,0.9324892153719507,1,1,0,0.0006333169999379606,22,0.0,0.0,8.550880583651242e-05,0.010000000000000002,0.42241963852001757,1.9702078828807037,1.0873064656197005,-0.14331977417069489,-0.16889507619383068,-0.15481725024774975,0.27909986434932266,1.801312806686873,0.9324892153719507,False,False,False
1790735226.0463848,APPROACH,0.010064089,0.0019851130000461126,0.37609330603646196,0.42038730866057605,0.37974194542065387,0.2977305000414976,0.32068825873219214,0.3165818939817538,0.3778911968187773,0.42033589055734016,0.3812513942385583,0.28118022446238605,0.31933324240503713,0.2840047772411109,0.34722860927562477,2.050654866735954,1.0173754186417183,1,1,0,0.0007784540000557172,30,0.0,0.0,8.962709508801835e-05,0.010000000000000002,0.41922401738922455,1.9825391553775755,1.092486065167507,-0.0719954081135998,0.06811571135837831,-0.07511064652578878,0.34722860927562477,2.050654866735954,1.0173754186417183,False,False,False
1790735226.0563548,APPROACH,0.009969768,0.0020962250000593485,0.3791472456598637,0.42368301554155874,0.38297633290113886,0.2831512079417403,0.3156920958413233,0.2907661196050464,0.38069437901761727,0.42351943329161024,0.3840827353738389,0.2811532900839889,0.3193026533321314,0.28397757229755044,0.44125598916359837,2.2942125949290983,1.1287760452014837,1,1,0,0.0008477760000005219,33,0.0,0.0,9.422187368378578e-05,0.010000000000000002,0.4160317282638674,1.9946996175059617,1.0975764773118968,0.02522426089973097,0.29951297742313665,0.031199567889586992,0.44125598916359837,2.2942125949290983,1.1287760452014837,False,False,False
1790735226.0664382,APPROACH,0.010083436000000001,0.002212476000067909,0.38150622318709004,0.4263941190938416,0.38533312719460167,0.27465260462871416,0.3226401427964272,0.26908833022764295,0.38352915653788555,0.4267388584797613,0.38694598921649886,0.2811078577331059,0.31925105631834677,0.2839316835629613,0.5473275372999058,2.5516550586944913,1.250401698234839,1,1,0,0.0009257550000256742,36,0.0,0.0,9.702197430089135e-05,0.010000000000000002,0.41277643995071456,2.0069418925621547,1.1026833384198922,0.13455109734919127,0.5447131661323366,0.14771835981494677,0.5473275372999058,2.5516550586944913,1.250401698234839,False,False,False
1790735226.0763464,APPROACH,0.009908181,0.002054455000006783,0.3845108282266221,0.4299980299824151,0.3882166449083977,0.27518180644523627,0.332095806735952,0.26296547690866334,0.3863141292277631,0.4299017208779562,0.38975893792199023,0.2810453994711705,0.31918012316742217,0.2838685978861441,0.46783647882400636,2.3485669005648986,1.1744605171310938,1,1,0,0.0008434769999894343,32,0.0,0.0,9.448638023466281e-05,0.010000000000000002,0.4095520142068395,2.0189148508059875,1.1076602820898511,0.058284464617166826,0.329652049758911,0.0668002350412427,0.46783647882400636,2.3485669005648986,1.1744605171310938,False,False,False
1790735226.08639,APPROACH,0.010044882,0.002014770000187127,0.3876075032052002,0.4336553507295511,0.3912371216391506,0.2869542559115104,0.32699539422555485,0.2901329053510896,0.3891368037593762,0.43310740083698446,0.3926099671972805,0.2809640590446182,0.31908774575290366,0.283786440366824,0.34482645693977626,2.09220986970718,1.052201901683542,1,1,0,0.0006861679999019543,25,0.0,0.0,8.807138222320003e-05,0.010000000000000002,0.40625744011125925,2.0309949238994043,1.1126638348649145,-0.06143098317148298,0.0612149458077756,-0.060461933181372544,0.34482645693977626,2.09220986970718,1.052201901683542,False,False,False
1790735226.0963683,APPROACH,0.009977123000000001,0.0021069550000447634,0.3903511539706308,0.43668414589979765,0.39408657328578744,0.28695877586021007,0.3120275709158186,0.30200331319432405,0.39193953901337975,0.4362904359809925,0.3954408568980089,0.2808653143350792,0.3189756024884628,0.2836867037324644,0.4013842439998003,2.2857819269963997,1.1192524981700043,1,1,0,0.0008166659999915282,32,0.0,0.0,9.581226035359992e-05,0.010000000000000002,0.4029598788688795,2.042934786926538,1.117591321714787,-0.0015756348690792144,0.24284714006986188,0.0016611764552172978,0.4013842439998003,2.2857819269963997,1.1192524981700043,False,False,False
1790735226.106388,APPROACH,0.010019713000000001,0.0021302800000739808,0.3933255144562011,0.4399247533724431,0.39720847517157587,0.27910829479966814,0.312330626072295,0.2853649078763453,0.3947531569366249,0.43948583045098655,0.39828273858816216,0.28074815069521225,0.31884254105043947,0.28356836314323985,0.44010357718027077,2.391110060837243,1.1707040058334008,1,1,0,0.0008884830001534283,33,0.0,0.0,9.276274731345e-05,0.010000000000000002,0.39962333131650507,2.0548658889679454,1.1224970150516245,0.04048024586376568,0.3362441718692979,0.04820699078177642,0.44010357718027077,2.391110060837243,1.1707040058334008,False,False,False
1790735226.1163492,APPROACH,0.009961283000000001,0.0022733030000381405,0.39608066161340183,0.4431057315166651,0.39995023883921377,0.273626836937074,0.32281715415644746,0.2672144919677212,0.39754911436374835,0.4426611680926606,0.4011067823763911,0.2806138031711912,0.3186899640669878,0.28343266605179096,0.44291193130680545,2.381723143299162,1.180887524742241,1,1,0,0.0008898959999896761,32,0.0,0.0,9.654636247302383e-05,0.010000000000000002,0.3962818784401927,2.0666672745418557,1.127331185783146,0.046630052866612745,0.3150558687573062,0.053556338959094923,0.44291193130680545,2.381723143299162,1.180887524742241,False,False,False
1790735226.12637,APPROACH,0.010020645,0.0022189280000475264,0.3988227281684953,0.4463394606115738,0.40262892982399734,0.2763493050333369,0.3201884408618385,0.2750566402906567,0.4003602935764151,0.4458537929462716,0.40394620085827326,0.2804606935707821,0.31851607920280345,0.28327801841239597,0.43054248729736916,2.378794981577006,1.175123014167614,1,1,0,0.0008203530001082981,32,0.0,0.0,9.36016664373042e-05,0.010000000000000002,0.39289639842204843,2.07847769113432,1.1321506309618443,0.037646088875320706,0.3003172904426859,0.04297238320576971,0.43054248729736916,2.378794981577006,1.175123014167614,False,False,False
1790735226.136368,APPROACH,0.009998173,0.0020930790001330024,0.40161003519826544,0.4495041684697192,0.4054554902131793,0.28016027918712344,0.3141803148686987,0.28725604849858294,0.4031635496608279,0.44903741959156196,0.4067776166213329,0.28028998774909736,0.31832221050652426,0.28310559779158584,0.42015986235946584,2.3955540655546037,1.1726256387360647,1,1,0,0.0008463230001325428,32,0.0,0.0,9.712702589843888e-05,0.010000000000000002,0.38949480824867116,2.090199572537734,1.1369154040796896,0.030665054110794673,0.30535449301687,0.0357102346563752,0.42015986235946584,2.3955540655546037,1.1726256387360647,False,False,False
1790735226.1464047,APPROACH,0.010037178,0.0020915160000640753,0.4041278859811266,0.4523389205188941,0.40803081282190945,0.27850076235854615,0.3176622436146979,0.28157194859938406,0.4059759348249931,0.45223141403082895,0.4096182531689141,0.2801006080638482,0.3181071341118315,0.28291431572178155,0.4612358901290952,2.5077906277164943,1.2232151591783365,1,1,0,0.0008631440000499424,34,0.0,0.0,9.723764716088382e-05,0.010000000000000002,0.3860565474152672,2.1019040746259043,1.141654356399328,0.07517934271382803,0.40588655309058996,0.08156080277900854,0.4612358901290952,2.5077906277164943,1.2232151591783365,False,False,False
1790735226.1564064,APPROACH,0.010001479,0.0026738550000118266,0.40690583298990823,0.45555438464033227,0.4108045244265526,0.2782327656335996,0.32556857711119846,0.27519949141032524,0.4087763367560126,0.4554117992459685,0.4124467861076207,0.2798939733299759,0.3178724613510174,0.2827056052704123,0.43282130706549576,2.4383762050904148,1.2010697715034202,1,1,0,0.0009310739999364159,33,0.0,0.0,8.784256955358007e-05,0.010000000000000002,0.3826076153621426,2.1135033072714315,1.1463318718563427,0.050213691703353144,0.3248728978189834,0.05473789964707763,0.43282130706549576,2.4383762050904148,1.2010697715034202,False,False,False
1790735226.1664338,APPROACH,0.010027037,0.002055837999932919,0.40984497215221527,0.4589880624723319,0.413713851998442,0.28176848843099966,0.32543588229470577,0.28223903019663893,0.411581730404229,0.45859785349861126,0.41528036090705295,0.2796688652289343,0.3176168085933076,0.28247823588049975,0.3744604744904477,2.320902280227506,1.1486921554373841,1,1,0,0.0007955860000947723,30,0.0,0.0,9.258104587291831e-05,0.010000000000000002,0.37912735352619853,2.1250676798331383,1.1509763556507535,-0.004666879035750827,0.19583460039436754,-0.002284200213369297,0.3744604744904477,2.320902280227506,1.1486921554373841,False,False,False
1790735226.1763778,APPROACH,0.009944340000000001,0.002417757999864989,0.4125331768170142,0.4620438865615748,0.41644152169995063,0.2828114741863888,0.31759742572011873,0.2900732022715446,0.4143616691291402,0.46175499887898264,0.4180882250796557,0.2794278885659664,0.3173431340869421,0.2822348385234581,0.4004178654585542,2.4252297879522864,1.1842949136335472,1,1,0,0.0008898060000319674,33,0.0,0.0,8.861992373120437e-05,0.010000000000000002,0.37565396052236005,2.136472186978601,1.155537753853849,0.024763904936194153,0.2887576009736855,0.02875715977969833,0.4004178654585542,2.4252297879522864,1.1842949136335472,False,False,False
1790735226.18653,APPROACH,0.010152347,0.002672363000101541,0.41535485788994997,0.4651918177368106,0.41934780388345505,0.28106633757131627,0.3158269805980824,0.28699023456410366,0.41719719241055975,0.4649752710197491,0.4209522321748961,0.2791636858496124,0.3170430820109938,0.2819679817992767,0.4212628713738218,2.5007829221831237,1.2159245334686828,1,1,0,0.0009622540001146263,33,0.0,0.0,9.90223831167618e-05,0.010000000000000002,0.3720859381621485,2.1480482844286626,1.160148268638831,0.04917693321167328,0.35273463775446134,0.05577626482985178,0.4212628713738218,2.5007829221831237,1.2159245334686828,False,False,False
1790735226.196461,APPROACH,0.009930334,0.0020775589998720534,0.41828977066832707,0.46854559932113293,0.42229888310085695,0.27839094402008674,0.32370877822422917,0.27557568877820116,0.4199680243100111,0.46812207388009563,0.4237508980408219,0.2788875103401362,0.3167294325675362,0.2816890320111179,0.3835989113581371,2.4035593000956816,1.1847312015341445,1,1,0,0.0008149230000071839,31,0.0,0.0,9.111455827326047e-05,0.010000000000000002,0.3685749124786548,2.1593051127240352,1.1646124390692498,0.015023998879482317,0.24425418737164659,0.02011876246489467,0.3835989113581371,2.4035593000956816,1.1847312015341445,False,False,False
1790735226.2064114,APPROACH,0.009950772,0.002260167000031288,0.4207953896040504,0.47146075135084864,0.42477635787126733,0.27856417673110934,0.3210513537407369,0.2786296499347653,0.42274172053763504,0.47127212972597626,0.42655245700808925,0.2785931845387207,0.3163951700401157,0.2813917496050485,0.4203398953667771,2.5157561291853683,1.2288864638670964,1,1,0,0.0008638260001134768,33,0.0,0.0,9.996037738049511e-05,0.010000000000000002,0.36503625463393985,2.170518867231033,1.169040385421542,0.05530364073283727,0.3452372619543352,0.05984607844555427,0.4203398953667771,2.5157561291853683,1.2288864638670964,False,False,False
1790735226.2163823,APPROACH,0.009971172,0.003568529999938619,0.42344870014599945,0.47449077297787756,0.42745804152650724,0.2803052572795912,0.31888901341657117,0.2844069671281024,0.4255180774769869,0.47442520731246757,0.4293567034148557,0.27828062941262877,0.3160402046721348,0.2810760547544201,0.42772602751605404,2.561250581308806,1.2431797434016818,1,1,0,0.002001694000000498,34,0.0,0.0,9.044438383400052e-05,0.010000000000000002,0.3614703140671975,2.1816884661274782,1.173431569144799,0.06625571344885657,0.3795621151813273,0.06974817425688276,0.42772602751605404,2.561250581308806,1.2431797434016818,False,False,False
1790735226.2263777,APPROACH,0.009995257,0.002194080999970538,0.42612011795614446,0.4775321655467337,0.430167781301634,0.28170016107050205,0.32292559408351046,0.28382003259008914,0.42829792446056814,0.47758224850323455,0.43216447492455506,0.2779496414574757,0.31566430534593526,0.280741741910576,0.4140932866084205,2.5435280519462906,1.237365614701455,1,1,0,0.0008540669998637895,33,0.0,0.0,9.9076212795578e-05,0.010000000000000002,0.3578761108473577,2.1928169698709414,1.1777870754320643,0.056217175761062776,0.3507110820753493,0.05957853926939067,0.4140932866084205,2.5435280519462906,1.237365614701455,False,False,False
1790735226.236415,APPROACH,0.010036816,0.0025328070000796288,0.4289422616429448,0.4807895787053411,0.4329925409830917,0.2826227358616519,0.3275901968625861,0.2819899665451946,0.43108591160110016,0.4807485343793906,0.43498046836190224,0.2775994997099217,0.3152666532714995,0.2803880828678499,0.3767395047691224,2.4632495018098015,1.206840123603578,1,1,0,0.0008547389998057042,32,0.0,0.0,9.011465639973684e-05,0.010000000000000002,0.3542476517396322,2.2039225556219773,1.182113842144955,0.022491853029490187,0.2593269461878242,0.02472628145862295,0.3767395047691224,2.4632495018098015,1.206840123603578,False,False,False
1790735226.2463727,APPROACH,0.009958027000000001,0.0021296479999364237,0.43192043364950017,0.4842275440135193,0.4359684967513555,0.2842081231946206,0.32518902900550006,0.2862422636530497,0.4338484522593118,0.48388592096960753,0.43777075969819734,0.27723453485552285,0.3148521667600746,0.2800194518150347,0.32909340309701435,2.3775885341596794,1.167914650808543,1,1,0,0.000791257999935624,30,0.0,0.0,8.773427901753481e-05,0.010000000000000002,0.3506290377868988,2.2148718619601993,1.1863600441210649,-0.02153563468988443,0.16271667219948005,-0.018445393312522023,0.32909340309701435,2.3775885341596794,1.167914650808543,False,False,False
1790735226.2563512,APPROACH,0.009978896000000001,0.002114659999961077,0.43447669681857803,0.48711974378567824,0.4385652647714062,0.28281238012476906,0.3176643030860825,0.28916736282256633,0.4366130492054174,0.4870256428630334,0.44056312797851077,0.27685128281192717,0.3144169116919995,0.27963234987187097,0.3902994198632799,2.5591328510255487,1.2382261752769064,1,1,0,0.0008712599999398662,34,0.0,0.0,8.969574498499794e-05,0.010000000000000002,0.34698470938879766,2.225774505977194,1.1905683915451162,0.043314710474482224,0.3333583450483549,0.04765778373179011,0.3902994198632799,2.5591328510255487,1.2382261752769064,False,False,False
1790735226.2663853,APPROACH,0.010034021,0.0023719190000974777,0.4372892166414122,0.49028590918277715,0.441436907764456,0.28028742758075526,0.3192950023740584,0.28281194402817694,0.43938897362652796,0.49017822924338583,0.4433669375222404,0.27644826459684874,0.31395920840360014,0.2792252831991834,0.3959000015457425,2.581534214861873,1.2509269190481083,1,1,0,0.0008728429997972853,33,0.0,0.0,9.676196419383819e-05,0.010000000000000002,0.34330245200759735,2.236666566560825,1.1947526158378416,0.05259754953814516,0.34486764830104827,0.056174303210266535,0.3959000015457425,2.581534214861873,1.2509269190481083,False,False,False
1790735226.2763665,APPROACH,0.009980519,0.0020174750000023778,0.4403669387659894,0.493832806892903,0.44450186646079715,0.27984168204866317,0.3246387902589959,0.27661478445989796,0.4421459974389985,0.49330935041347335,0.44615165659416745,0.2760298777721111,0.3134840511567544,0.27880269353382753,0.32294166280284387,2.4131564514358406,1.1867749931729727,1,1,0,0.0008357930000784108,29,0.0,0.0,9.139737997114346e-05,0.010000000000000002,0.33962263251522373,2.2474295794883314,1.1988672415661297,-0.016680969712379857,0.16572687194750912,-0.012092248393156906,0.32294166280284387,2.4131564514358406,1.1867749931729727,False,False,False
1790735226.2863555,APPROACH,0.009989536,0.0020478530000218598,0.4430314232138617,0.49690450638113504,0.447143412553368,0.2803363410924573,0.31852792070991603,0.28191725885129365,0.44490124354782223,0.4964384526653717,0.44893458010479853,0.27559365907145045,0.3129886424474613,0.2783620928651767,0.3418628065621491,2.494510144765659,1.2153344887426523,1,1,0,0.0008282680000775144,32,0.0,0.0,8.829767768218257e-05,0.010000000000000002,0.3359228282759442,2.258130926864079,1.2029382062479441,0.0059399782862049,0.23637921790158006,0.012396282494708073,0.3418628065621491,2.494510144765659,1.2153344887426523,False,False,False
1790735226.2963264,APPROACH,0.009970590000000001,0.002026931999807857,0.44596984602125556,0.5001829742806061,0.4501503752206366,0.27915254261444733,0.3092110880825463,0.28748363582654607,0.44764683218049706,0.49955658702940386,0.45170774912658673,0.27514089761575133,0.31247444631592014,0.2779047832637812,0.34780884365129605,2.547043650557843,1.2287468972687559,1,1,0,0.0008294609999666136,32,0.0,0.0,9.224681730262658e-05,0.010000000000000002,0.3322139375789701,2.2687402668341092,1.2069540456746224,0.015594906072325962,0.27830338372373375,0.021792851594133376,0.34780884365129605,2.547043650557843,1.2287468972687559,False,False,False
1790735226.3064284,APPROACH,0.010101911,0.0020407279998835293,0.448739911907607,0.5032861564395681,0.45297826571604105,0.2747002138564203,0.313229238759437,0.2757141388799546,0.45042388981588954,0.5027104603885675,0.45451270326812837,0.2746645197324077,0.31193342927110823,0.2774236199995428,0.36457502520097157,2.5836816239408025,1.2513831508896613,1,1,0,0.0008177679999334941,32,0.0,0.0,9.771769980980062e-05,0.010000000000000002,0.3284403249223998,2.27941578982236,1.2109743487826636,0.036134700278571776,0.30426583411844244,0.04040880210699763,0.36457502520097157,2.5836816239408025,1.2513831508896613,False,False,False
1790735226.3163404,APPROACH,0.009911949,0.0025892749999911757,0.45133804497241936,0.5062764751094253,0.4555609860324257,0.27324802102164175,0.31499958196088385,0.2713083397514005,0.45314396271297325,0.505799616816494,0.4572601002399207,0.274179874696374,0.3113830233132638,0.2769341065362012,0.3801670422510051,2.629990628791175,1.2739443427646608,1,1,0,0.0008998050000172952,33,0.0,0.0,9.219393865771365e-05,0.010000000000000002,0.3247226718154224,2.2898181508764885,1.2148715598850726,0.05544437043558269,0.3401724779146862,0.05907278287958831,0.3801670422510051,2.629990628791175,1.2739443427646608,False,False,False
1790735226.3263793,APPROACH,0.010039481000000001,0.002188931000091543,0.45407701229930986,0.5094207502356554,0.45829112059999577,0.2750285394396947,0.31376066429861804,0.27595556040692226,0.4558940497789188,0.5089228600009805,0.4600378128833004,0.2736716492123944,0.31080583730389066,0.2764207757511438,0.3619033047175121,2.6137267772954256,1.2637547542048309,1,1,0,0.000859777999949074,32,0.0,0.0,9.798058750853491e-05,0.010000000000000002,0.32094257728624737,2.300280793386915,1.2187708599201867,0.0409607274312647,0.3134459839085104,0.04498389428464417,0.3619033047175121,2.6137267772954256,1.2637547542048309,False,False,False
1790735226.336412,APPROACH,0.010032368,0.002101174000017636,0.45669619409710105,0.512397839876007,0.4609314272671119,0.2758806680158605,0.31337402044281554,0.2785696635524393,0.45863700421968817,0.5120380027426684,0.46280832125181276,0.2731463962704491,0.31020931340056546,0.2758902464614058,0.3662024048094206,2.645821176783127,1.2747814503252695,1,1,0,0.0008795959997769387,33,0.0,0.0,9.33006516512508e-05,0.010000000000000002,0.31715102065621154,2.310661643624987,1.2226189982293516,0.04905138415320907,0.3351595331581397,0.05216245209591789,0.3662024048094206,2.645821176783127,1.2747814503252695,False,False,False
1790735226.3463702,APPROACH,0.009958207,0.002388952000046629,0.45959576178412753,0.5156924838814776,0.46385819460987854,0.2762804183029968,0.3150278840627606,0.27788885625674753,0.4613543854334547,0.5151241022558961,0.46555299950139634,0.2726078877501556,0.30959773528486806,0.2753463284364422,0.32036843216842115,2.5545819404521684,1.237226724918639,1,1,0,0.0009867799999483395,31,0.0,0.0,8.929353560012733e-05,0.010000000000000002,0.3133740581397902,2.320891820543925,1.226390768605309,0.006994374028630942,0.2336901199082437,0.010835956313330104,0.32036843216842115,2.5545819404521684,1.237226724918639,False,False,False
1790735226.3563383,APPROACH,0.009967975,0.001987197000062224,0.46249567834756533,0.518994356120869,0.46677297678203455,0.27544550462004624,0.312470704257131,0.27763636342584225,0.4640689766714816,0.5182070332248178,0.46829485974896734,0.2720518033776109,0.3089661964699497,0.2747846580037019,0.29535779929722566,2.520037463267932,1.2214937500677934,1,1,0,0.0007884320000357548,30,0.0,0.0,9.124322832737676e-05,0.010000000000000002,0.3095805345674751,2.3310578756906977,1.230118362410162,-0.014222735270249443,0.18897958757723435,-0.008624612342368632,0.29535779929722566,2.520037463267932,1.2214937500677934,False,False,False
1790735226.3663988,APPROACH,0.010060321,0.001981997000029878,0.4653747371505679,0.5222408130903817,0.4696863429010856,0.2726436988097467,0.30592914520503656,0.27682916728203744,0.4668030098154228,0.5213120441492769,0.4710563572031338,0.27147332836000443,0.30830922884935763,0.2742003720041121,0.30786733024118595,2.5777372389469373,1.2424169038502249,1,1,0,0.0007981809999364486,31,0.0,0.0,9.211035672253053e-05,0.010000000000000002,0.305739385219594,2.3412425105412837,1.2338318721490373,0.002127945021591992,0.23649472840565336,0.008585031701187547,0.30786733024118595,2.5777372389469373,1.2424169038502249,False,False,False
1790735226.3763676,APPROACH,0.009968827000000001,0.0019891709998773877,0.4680832511074051,0.5252792452006485,0.4724344003542118,0.2691966969834382,0.303200074609642,0.27178956690078204,0.4695063525128314,0.5243822002761739,0.47378685591459857,0.2708830874816463,0.3076388988720398,0.2736042019516228,0.33721462153464066,2.6630508992418402,1.2788557435293508,1,1,0,0.0008221870000397757,32,0.0,0.0,9.646063099022538e-05,0.010000000000000002,0.301921360430252,2.3512592503963234,1.2374633949296714,0.03529326110438867,0.3117916488455167,0.041392348599679406,0.33721462153464066,2.6630508992418402,1.2788557435293508,False,False,False
1790735226.3863928,APPROACH,0.010026036,0.0026193210001110856,0.47089585299120795,0.5284648590617778,0.4752575168182487,0.2671695113509801,0.30445119518361713,0.26660718930138205,0.4722191890743614,0.5274631384785836,0.47652694385933925,0.2702724222303772,0.3069453731623826,0.2729874023563199,0.3253657026907527,2.6453083797166546,1.274432021081114,1,1,0,0.0008426760000475042,31,0.0,0.0,9.666703045362325e-05,0.010000000000000002,0.2980701354334874,2.361257563546134,1.2410673258948837,0.027295567257265306,0.2840508161705205,0.03336469518623028,0.3253657026907527,2.6453083797166546,1.274432021081114,False,False,False
1790735226.3963914,APPROACH,0.009998664,0.0026692559999901277,0.47356541327575563,0.531508028279629,0.4779191845420385,0.26679300526915223,0.30325854210087383,0.26701601720901696,0.4749184369427407,0.5305286441538583,0.47925330660779836,0.2696464678668155,0.3062344837785509,0.2723551600642941,0.32573571226222886,2.6669246967640237,1.282269970651319,1,1,0,0.0008829630000946054,32,0.0,0.0,8.918067465527037e-05,0.010000000000000002,0.29421871821739687,2.37115244478719,1.2446130339249397,0.03151699404483198,0.29577225197683366,0.03765693672637923,0.32573571226222886,2.6669246967640237,1.282269970651319,False,False,False
1790735226.4063938,APPROACH,0.010001599,0.0020875379998415156,0.47636684780249094,0.534676927019845,0.48073692325223316,0.2667136364780464,0.3009733869597759,0.26907530900662224,0.47761213122993323,0.5335878426889679,0.4819740599874234,0.26900345059803127,0.305504216243713,0.2717056834642507,0.3060710598130647,2.6460047948240195,1.2704967357605659,1,1,0,0.0008472550000533374,31,0.0,0.0,9.173668016613083e-05,0.010000000000000002,0.2903560465434636,2.380973863769374,1.2481114446334518,0.015715013269601133,0.2650309310546457,0.022385291127114102,0.3060710598130647,2.6460047948240195,1.2704967357605659,False,False,False
1790735226.4163911,APPROACH,0.009997532,0.00222339800006921,0.4790285977233344,0.5376789657051431,0.48342367402354114,0.2652263759161943,0.2997173788363176,0.267263177953772,0.48029821880270845,0.5366384023634194,0.4846871302405492,0.26834388649971413,0.3047551566592694,0.27103949381603865,0.31570252630241974,2.6863464295526964,1.2869836497207656,1,1,0,0.0008346709998932056,32,0.0,0.0,8.957516825365762e-05,0.010000000000000002,0.2864854014237865,2.3907146736156935,1.251560130380737,0.029217124878633278,0.29563175593700297,0.03542351934002857,0.31570252630241974,2.6863464295526964,1.2869836497207656,False,False,False
1790735226.426373,APPROACH,0.009981881000000001,0.0023820199999136094,0.48140865997477444,0.5403731747130429,0.4858175278473702,0.2638862600167689,0.2995505817005011,0.26471674688160346,0.482973439353926,0.5396766204827849,0.4873892243091206,0.26766865406283324,0.3039883027176079,0.27035747843537317,0.3648018205669574,2.8151614523838107,1.3415127103555453,1,1,0,0.0009570940001140116,34,0.0,0.0,9.256762501381606e-05,0.010000000000000002,0.282611872303465,2.400363548443302,1.2549552636773145,0.08218994826349241,0.4147979039405089,0.08655744667823079,0.3648018205669574,2.8151614523838107,1.3415127103555453,False,False,False
1790735226.436371,APPROACH,0.009997943,0.002092988000185869,0.48431062535403413,0.5436849750561983,0.4887184855755935,0.26466066639167407,0.3041908518508232,0.2632318116739333,0.4856461249744472,0.5427119597096534,0.49008875798273843,0.2669756733911086,0.3032012923037392,0.2696575365326955,0.2951641653317282,2.6611658698433995,1.2794957444841875,1,1,0,0.0007996340000318014,30,0.0,0.0,9.491544935574694e-05,0.010000000000000002,0.27872373227865055,2.4099508894338886,1.2583076660194241,0.016440433053077633,0.2512149804095108,0.02118807846476326,0.2951641653317282,2.6611658698433995,1.2794957444841875,False,False,False
1790735226.44638,APPROACH,0.010008693,0.0022205010000106995,0.48696511378044693,0.5467257101113638,0.49136613822285913,0.26538581705501013,0.30150509338884995,0.2671127346409478,0.48831466149484165,0.5457425868498199,0.49278410087708124,0.266265313906633,0.3023945449662104,0.2689400412410712,0.28411749576899487,2.663518286240426,1.2765485193217925,1,1,0,0.0008138809998854413,31,0.0,0.0,9.067857429041137e-05,0.010000000000000002,0.27482359772849074,2.4194710599004,1.2616154125108723,0.009293898040504138,0.24404722634002612,0.014933106810920277,0.28411749576899487,2.663518286240426,1.2765485193217925,False,False,False
1790735226.4563565,APPROACH,0.009976812,0.0020166029999018065,0.48961499089612825,0.5497111559332089,0.4940535287214196,0.26422163915357205,0.2966033535367031,0.2686999721634976,0.4909675395849208,0.5487554308854558,0.4954636280467508,0.2655407236632174,0.3015716359145964,0.2682081722376027,0.29956642004113176,2.7277666650736987,1.2991902167576397,1,1,0,0.0008270159999028692,32,0.0,0.0,9.207010328847675e-05,0.010000000000000002,0.2709286896795256,2.4288835401162547,1.2648646289320544,0.028637730361606183,0.29888312495744385,0.03432558782558525,0.29956642004113176,2.7277666650736987,1.2991902167576397,False,False,False
1790735226.4664981,APPROACH,0.010141716,0.0019822670001303777,0.49237716714062607,0.5528234884829466,0.49685154770382045,0.26201201526886797,0.29767656758819316,0.2630582508362027,0.4936567722398523,0.551809562394607,0.4981798749754729,0.26478735262700354,0.30071604083785086,0.2674472333283003,0.2928709671563826,2.7219319960636255,1.2996492905722121,1,1,0,0.0007987619999312301,31,0.0,0.0,9.729416483298283e-05,0.010000000000000002,0.2669626421358299,2.438372225735637,1.268118515134961,0.02590832502055271,0.28355977032798835,0.031530775437251066,0.2928709671563826,2.7219319960636255,1.2996492905722121,False,False,False
1790735226.476386,APPROACH,0.009888093,0.0023237289999542554,0.49499011048759733,0.5558044576188248,0.4994602913944357,0.26074931878857893,0.29768491222638493,0.26017477342165535,0.4962713155483725,0.5547788700467169,0.5008206822774204,0.26403658280235953,0.2998633999280507,0.2666889217606392,0.2911168631626481,2.7320817302155334,1.3052115298947826,1,1,0,0.0008471639998788305,31,0.0,0.0,9.795434235272281e-05,0.010000000000000002,0.2630897982532667,2.44754639458379,1.27124351540341,0.028027064909381415,0.28453533563174305,0.033968014491372635,0.2911168631626481,2.7320817302155334,1.3052115298947826,False,False,False
1790735226.4864142,APPROACH,0.010027709000000001,0.0019368610001038178,0.4975948564009478,0.5587685643879778,0.5020688803469877,0.26030688163980753,0.2950420783043302,0.26202466105606836,0.4989151121270847,0.5577814003112606,0.5034910367087948,0.26325891303066806,0.2989802090486443,0.2659034400266422,0.2965868029260919,2.7671145575426457,1.316725209355819,1,1,0,0.0008102549998056929,32,0.0,0.0,9.175477270722835e-05,0.010000000000000002,0.25915683471173145,2.4567720647730487,1.2743648278699267,0.03742996821436047,0.31034249276959686,0.04236038148589246,0.2965868029260919,2.7671145575426457,1.316725209355819,False,False,False
1790735226.4963136,APPROACH,0.009899395,0.0019611570000961365,0.5001955931122,0.561712194894179,0.5046932063949896,0.25981011275937244,0.2945908403646805,0.26183940434713504,0.5015173499049583,0.5607367327095687,0.5061194148667767,0.2624751697101421,0.2980901205076192,0.2651118237329083,0.2904059331041749,2.769853275498788,1.316764832970703,1,1,0,0.000813830999959464,32,0.0,0.0,8.961440869102126e-05,0.010000000000000002,0.2552694086118495,2.4658024588407326,1.2773990811874747,0.035136524492325405,0.3040508166580554,0.03936575178322826,0.2904059331041749,2.769853275498788,1.316764832970703,False,False,False
1790735226.5063057,APPROACH,0.009991961,0.002011362999837729,0.5027901037257942,0.5646611508470194,0.5073023545443567,0.2590763057315703,0.2951915328368219,0.2599229713371042,0.5041359725199697,0.5637106731845277,0.5087643424532625,0.261668030376552,0.297173461375702,0.2642965764050527,0.2854380793858878,2.7722152180489235,1.3184096755012622,1,1,0,0.0008510110001225257,32,0.0,0.0,8.884027423068945e-05,0.010000000000000002,0.2513413969643587,2.474839355118651,1.2804143526826628,0.03409668242152909,0.2973758629302723,0.03799532281859932,0.2854380793858878,2.7722152180489235,1.3184096755012622,False,False,False
1790735226.5163937,APPROACH,0.010088114,0.0019673189999593887,0.5053787429696257,0.56761011986098,0.5098990039817517,0.258701826386763,0.2943964454705406,0.2598028344093153,0.5067715305437582,0.566703847014203,0.5114263755705746,0.26083682921236884,0.296229475491357,0.2634570255371787,0.28501484208687206,2.790158778203686,1.324918618389218,1,1,0,0.0008256529999925988,32,0.0,0.0,9.1834820564881e-05,0.010000000000000002,0.24737187170681527,2.4838836621252796,1.2834105111175902,0.03764297038005679,0.30627511607840624,0.04150810727162783,0.28501484208687206,2.790158778203686,1.324918618389218,False,False,False
1790735226.5263674,APPROACH,0.009973686,0.001974883000002592,0.5079646686167356,0.5705489215079327,0.5124995520101612,0.25846926685847854,0.2936826860450206,0.2600572698810129,0.5093688704671896,0.5696536169738906,0.5140498066734693,0.2599990432758946,0.2952780113546199,0.26261082375069456,0.27796103828438906,2.793033113949953,1.3248019878477724,1,1,0,0.0008237090000875469,32,0.0,0.0,8.98344887387126e-05,0.010000000000000002,0.2434443008638442,2.4927467034738813,1.2863252889693626,0.03451673742054486,0.30028641047607163,0.03847669887840983,0.27796103828438906,2.793033113949953,1.3248019878477724,False,False,False
1790735226.5364475,APPROACH,0.010080249000000001,0.002166759000147067,0.5105475412061713,0.5734829607941752,0.5150988416341118,0.2579937274576499,0.29327835258748963,0.2594945743737959,0.5119853903472377,0.5726251693962223,0.5166926104022905,0.25913621347189,0.2942981051770666,0.2617393265223533,0.27506395018574,2.8038154844923815,1.3286149062877146,1,1,0,0.0008402509999996255,32,0.0,0.0,9.134227929186682e-05,0.010000000000000002,0.23947226909659527,2.5016248697481918,1.2892234839176917,0.03559168108914471,0.30219061474418957,0.03939142237002284,0.27506395018574,2.8038154844923815,1.3286149062877146,False,False,False
1790735226.5463662,APPROACH,0.009918702000000001,0.0020744529999774386,0.5131252782197073,0.5764124974075768,0.5176912468422046,0.25750901499604634,0.29281601553706127,0.258868658492725,0.5145514096749918,0.5755393689049981,0.5192844062832725,0.25827150490715484,0.29331606531192234,0.2608659316604791,0.2655176698819867,2.799582441692001,1.3262056433821054,1,1,0,0.000837195000030988,32,0.0,0.0,8.760405844911267e-05,0.010000000000000002,0.23556203444339566,2.5102826053443317,1.292028564898452,0.02995563543859105,0.2892998363476694,0.03417707848365348,0.2655176698819867,2.799582441692001,1.3262056433821054,False,False,False
1790735226.5563781,APPROACH,0.010012831,0.0022042709999823273,0.5156973565286807,0.5793356392239231,0.5202777607359668,0.256806250064906,0.29178671496209496,0.258366679459243,0.51713300289382,0.5784712555080318,0.5218919325004605,0.25738287515466163,0.2923068584208481,0.2599683753142275,0.26223154694753725,2.809906969349521,1.3294975761847947,1,1,0,0.0008264049999979761,32,0.0,0.0,8.90182195618479e-05,0.010000000000000002,0.23161341681308306,2.51894382772582,1.2948134918232763,0.03061813013445419,0.2909631416237009,0.03468408436151838,0.26223154694753725,2.809906969349521,1.3294975761847947,False,False,False
1790735226.566363,APPROACH,0.009983805,0.0019311999999445106,0.5182612725620492,0.5822468337688864,0.5228588011246087,0.25596979240132717,0.29067360524210606,0.25766867824131795,0.519698175151351,0.58138449300861,0.5244828728021055,0.25648118931814956,0.2912828238808849,0.25905763173106944,0.2593717803600301,2.820705177427439,1.3330133173387535,1,1,0,0.0008202730000448355,32,0.0,0.0,8.925487917324685e-05,0.010000000000000002,0.22767556440856807,2.5275012026949146,1.2975437414995705,0.031696215951462055,0.29320397473252446,0.03546957583918287,0.2593717803600301,2.820705177427439,1.3330133173387535,False,False,False
1790735226.5763636,APPROACH,0.010000758,0.0019237050000810996,0.5208167832481152,0.5851482744658858,0.5254311865597607,0.2551336993024671,0.2898179156958245,0.25667222005262036,0.5222586001707099,0.5842923391237844,0.5270690181779261,0.25556241379969313,0.2902393807798914,0.25812962679419055,0.2562215554924782,2.830356066371426,1.3363670797995661,1,1,0,0.000815463999970234,32,0.0,0.0,8.947133719604985e-05,0.010000000000000002,0.22373093880589628,2.535994262334192,1.3002321706505355,0.03249061668658193,0.2943618040372342,0.03613490914903067,0.2562215554924782,2.830356066371426,1.3363670797995661,False,False,False
1790735226.5863628,APPROACH,0.009999124,0.001884089999975913,0.5233642023975023,0.5880415948711182,0.5279936273423864,0.25435860739959665,0.28898074106009575,0.25578498016315826,0.5248093431954101,0.5871891895056949,0.5296453843000969,0.2546283128120732,0.289178532714631,0.25718614243850046,0.2520153734445689,2.8377538851645636,1.338732599363222,1,1,0,0.000813729999890711,32,0.0,0.0,8.915354288765638e-05,0.010000000000000002,0.21978746606803432,2.544407035351863,1.3028738848109815,0.03222790737653459,0.2933468498127007,0.035858714552240545,0.2520153734445689,2.8377538851645636,1.338732599363222,False,False,False
1790735226.5963638,APPROACH,0.010001299,0.0018929970001408947,0.5259035650539827,0.5909266069097558,0.5305475565176563,0.25354593346395005,0.28809323210656207,0.25500091330946384,0.5273512208063982,0.5900759715362078,0.5322127959524032,0.25367862344372966,0.28809998109937934,0.2562269131114012,0.24775378859269717,2.8444257287922032,1.34066731798787,1,1,0,0.0008181089999652613,32,0.0,0.0,8.879771143180367e-05,0.010000000000000002,0.21584423853508516,2.55274272995771,1.3054701059489735,0.031909550057612014,0.2916829988344933,0.03519721203889662,0.24775378859269717,2.8444257287922032,1.34066731798787,False,False,False
1790735226.606363,APPROACH,0.009998804,0.0019060929998886422,0.5284348131695102,0.5938018291226541,0.5330942860048884,0.2527434604152054,0.2870325194265844,0.25431404228690424,0.5298828932238459,0.5929511636423266,0.5347698998964641,0.25271388575129056,0.2870043392704208,0.2552524842945769,0.24352657289572271,2.851850484125914,1.3427678898114337,1,1,0,0.000811887999816463,32,0.0,0.0,8.863755489145894e-05,0.010000000000000002,0.21190369054292782,2.5609974825574224,1.3080198535054286,0.03162288235279491,0.2908530015684913,0.03474803630600505,0.24352657289572271,2.851850484125914,1.3427678898114337,False,False,False
1790735226.6163635,APPROACH,0.010000928000000001,0.0019188369999483257,0.530957917675881,0.5966661392298853,0.5356336774321981,0.2519085676461173,0.2859483704986788,0.25349081449005106,0.5324053780992212,0.5958159215594647,0.5373177240064092,0.25173375254298685,0.2858912129259387,0.2542625053085969,0.23950967034380052,2.8599779199873634,1.3452338840041471,1,1,0,0.0008258539999133063,32,0.0,0.0,8.863079893919063e-05,0.010000000000000002,0.20796459354508517,2.569175150566092,1.310524547484702,0.03154507679871534,0.2908027694212714,0.03470933651944511,0.23950967034380052,2.8599779199873634,1.3452338840041471,False,False,False
1790735226.626362,APPROACH,0.009998053,0.0018916349999926751,0.5334729606484068,0.5995189610104434,0.5381650594906677,0.251092916955787,0.28478918500330663,0.2526732746738458,0.5349172643045651,0.5986686426853497,0.5398548429790102,0.250738814760771,0.28476127319211236,0.25325757303163027,0.2352330274331516,2.8682646523316424,1.3477318794213173,1,1,0,0.000812668999969901,32,0.0,0.0,8.863483758787928e-05,0.010000000000000002,0.2040295062960827,2.577271709537124,1.312983190375465,0.0312035211370689,0.2909929427945184,0.03474868904585238,0.2352330274331516,2.8682646523316424,1.3477318794213173,False,False,False
1790735226.6363685,APPROACH,0.010006769,0.0020279739999296,0.5359789159388288,0.6023614219080686,0.5406864931398916,0.2501201653677761,0.28383201154281523,0.25155763151026417,0.5374213047163661,0.6015124534310824,0.5423840373443536,0.24972800690361904,0.2836133099913219,0.2522366112593261,0.23155352625687603,2.8758840158617636,1.350183086931398,1,1,0,0.0007992829998784146,32,0.0,0.0,8.849734540762006e-05,0.010000000000000002,0.20009445832390071,2.5852965458454884,1.3153988522054818,0.03145906793297532,0.29058747001627494,0.034784234725916234,0.23155352625687603,2.8758840158617636,1.350183086931398,False,False,False
1790735226.6463654,APPROACH,0.00999678,0.0019247080001605354,0.5384755649698016,0.6051932226246155,0.5431981236393861,0.2492308800920664,0.282650368919237,0.25074295654826195,0.5399126712466142,0.6043418705910006,0.5449004305146128,0.24870332405674972,0.28244958911958123,0.25120163511822535,0.22720713358519357,2.8831852565435816,1.352211511383026,1,1,0,0.0008169669999915641,32,0.0,0.0,8.826708946928485e-05,0.010000000000000002,0.1961673907968206,2.5932347572673535,1.3177672947525438,0.03103974278837296,0.2899504992762281,0.03444421663048218,0.22720713358519357,2.8831852565435816,1.352211511383026,False,False,False
1790735226.6563644,APPROACH,0.009999074,0.0019006320001153654,0.5409638468575313,0.6080120707386127,0.5457027949396975,0.2483731540835855,0.281343112506913,0.2500046427093766,0.542394288464019,0.6071602155651439,0.5474069764368031,0.24766362888127552,0.2812688189138107,0.25015149584447743,0.22281986518852956,2.8914209985846786,1.3545080240077652,1,1,0,0.0008153229998697498,32,0.0,0.0,8.836917336391903e-05,0.010000000000000002,0.19224405783774487,2.6010962853312876,1.3200917577719318,0.030575807350784693,0.2903247132533911,0.03441626623583349,0.22281986518852956,2.8914209985846786,1.3545080240077652,False,False,False
1790735226.6664686,APPROACH,0.010105317,0.0024985909999486466,0.5434424770388011,0.6108193375138802,0.5481975312132343,0.2473220134269367,0.28032313027622613,0.24877919261894144,0.5448916361550779,0.6099964254626334,0.5499294108507058,0.24659797968301383,0.2800585730140577,0.24907514183079052,0.22299441992066374,2.907510819620818,1.3604824086181575,1,1,0,0.000991690000091694,32,0.0,0.0,9.07048159189558e-05,0.010000000000000002,0.18828434157003318,2.6089616878155706,1.3223959712584588,0.03471007835063055,0.29854913180524745,0.03808643735969881,0.22299441992066374,2.907510819620818,1.3604824086181575,False,False,False
1790735226.6764286,APPROACH,0.009959059000000001,0.0019407390000196756,0.5459110523371926,0.6136172167507725,0.5506804102177769,0.2464310150402266,0.2795152007381849,0.24774719030163744,0.5473422298283727,0.6127795373440139,0.5524046215865364,0.24553320016681657,0.2788493148025179,0.24799966623542571,0.21527557605965547,2.9058128398715524,1.3590106022143826,1,1,0,0.0008304229997975199,32,0.0,0.0,8.755475791225086e-05,0.010000000000000002,0.184387731448785,2.616635028966997,1.3246229226858863,0.03088784461087046,0.2891778109045554,0.03438767952849632,0.21527557605965547,2.9058128398715524,1.3590106022143826,False,False,False
1790735226.6863654,APPROACH,0.009936345000000001,0.002051428999948257,0.5483709763186022,0.616406585958015,0.5531540422580754,0.24550638507864275,0.27836303553312225,0.2469511629443436,0.5497765952500562,0.6155442189811783,0.5548634410523454,0.24445655920555692,0.27762658568021753,0.24691221004267308,0.20643226805617776,2.902175850379579,1.356415982074372,1,1,0,0.0007926200000838435,31,0.0,0.0,9.83325552369377e-05,0.010000000000000002,0.18050631166680475,2.6242136191576217,1.3268016533410862,0.025925956389373013,0.27796223122195696,0.02961432873328567,0.20643226805617776,2.902175850379579,1.356415982074372,False,False,False
1790735226.696363,APPROACH,0.009997772,0.0019244869999965886,0.5508204969824346,0.6191806520054799,0.555620098644031,0.24434772806911836,0.2765100719253514,0.24613446337954475,0.5522151413539808,0.6183136485724992,0.5573264831967972,0.24335896680090233,0.27638006223751227,0.24580359194201726,0.204757880875076,2.9160710669571506,1.3607938299546356,1,1,0,0.0008519329999217007,31,0.0,0.0,9.974114760270383e-05,0.010000000000000002,0.1766078201667642,2.6317613322381295,1.3289506716516102,0.028150060708311785,0.28430973471902127,0.03184315830302536,0.204757880875076,2.9160710669571506,1.3607938299546356,False,False,False
1790735226.706401,APPROACH,0.010038370000000001,0.002007986000080564,0.5532573964919338,0.621936599981507,0.5580754334656488,0.24305927631073856,0.2750205455722677,0.24471357025469737,0.554652477423731,0.6210817039415147,0.5597883031518622,0.2422426039910482,0.27511222145513603,0.24467601488093807,0.20595240951184512,2.934927004386473,1.3677645657741022,1,1,0,0.0008097630000065692,32,0.0,0.0,8.877511750907329e-05,0.010000000000000002,0.17270105753905304,2.6392614164156005,1.3310651615406914,0.03325135197279208,0.2956655879708725,0.03669940423341085,0.20595240951184512,2.934927004386473,1.3677645657741022,False,False,False
1790735226.7163634,APPROACH,0.009962094000000001,0.0020628710001346917,0.5556818641313273,0.6246815696528483,0.560514712863954,0.24191556580932214,0.274252469360515,0.24311749852227693,0.5570601441382158,0.6238160641549229,0.5622201557127081,0.24112065889981082,0.27383804093810193,0.24354279946252497,0.20004996594864705,2.9357624843872774,1.3676813354630457,1,1,0,0.000817087000086758,32,0.0,0.0,8.714444300802095e-05,0.010000000000000002,0.16883203297717125,2.6466271437056297,1.3331210639070719,0.03121793297147578,0.2891353406816478,0.0345602715559739,0.20004996594864705,2.9357624843872774,1.3676813354630457,False,False,False
1790735226.7264168,APPROACH,0.010053457,0.0019602160000431468,0.5580959067891342,0.6274181940130532,0.5629407614901218,0.2409063754549074,0.27304430391780804,0.24220476463848783,0.5594784898729783,0.6265625524124618,0.5646627945682906,0.2399743373242738,0.2725361763199376,0.24238496268958146,0.19682283823823807,2.944265252816249,1.3701710576338861,1,1,0,0.0008161460000337684,32,0.0,0.0,8.797056210092234e-05,0.010000000000000002,0.16493622507930245,2.6539824780068235,1.3351532192801108,0.03188661315893562,0.2902827748094253,0.03501783835377531,0.19682283823823807,2.944265252816249,1.3701710576338861,False,False,False
1790735226.7363815,APPROACH,0.00996485,0.0019132959998842125,0.5604999557402852,0.6301406617753846,0.565359821593546,0.23992164561510188,0.2716423925771563,0.2414948235746438,0.561864079432745,0.6292718398476804,0.5670723482017499,0.238824272095366,0.2712300600764265,0.2412233446569719,0.18995553035918986,2.9452789977594884,1.3692596206645156,1,1,0,0.0007982219999576046,31,0.0,0.0,9.942999032137247e-05,0.010000000000000002,0.16108393433020113,2.6611959193679264,1.3371255772435295,0.028871596028988734,0.2840830783915621,0.032134043420986115,0.18995553035918986,2.9452789977594884,1.3692596206645156,False,False,False
1790735226.746385,APPROACH,0.010003583,0.0022076769998875534,0.5628936420573369,0.6328489576246543,0.5677701696612756,0.23877930775862152,0.2701578446885632,0.24039526774062697,0.5642473457914193,0.6319784888493499,0.569479555296757,0.2376559905759494,0.2699032557951137,0.24004332734490377,0.1865134334528588,2.9540769391940214,1.371811300607289,1,1,0,0.0009439689999908296,31,0.0,0.0,9.934118868318105e-05,0.010000000000000002,0.15722641808369112,2.668360441194506,1.3390640107820826,0.029287015369167706,0.2857164979995152,0.03274728982520628,0.1865134334528588,2.9540769391940214,1.371811300607289,False,False,False
1790735226.7564664,APPROACH,0.010081061,0.0024500179999904503,0.5652754994253808,0.6355418003571405,0.5701685146620132,0.23757473667420267,0.2686710361557868,0.23911653601260197,0.5666371779479541,0.6346925945543624,0.5718933941453389,0.23646485109373483,0.2685504919805905,0.23884022245388148,0.18728881964677896,2.9722171959878922,1.3783741389307376,1,1,0,0.0010093329999563139,32,0.0,0.0,8.87565460063028e-05,0.010000000000000002,0.153349464310624,2.6755026774837547,1.3409756673605133,0.03393935533615498,0.2967145185041373,0.037398471570224204,0.18728881964677896,2.9722171959878922,1.3783741389307376,False,False,False
1790735226.7663355,APPROACH,0.009869317,0.0020848419999310863,0.5676455135689462,0.6382221403425836,0.5725532855335507,0.23645368139184603,0.26775305401563837,0.2377209171184827,0.5689651152253278,0.6373364069359787,0.5742447163592532,0.2352854227414788,0.2672110283656422,0.23764894633517586,0.17638781833936612,2.962256697149114,1.3735246089777515,1,1,0,0.0008551500000066881,31,0.0,0.0,9.734943591940077e-05,0.010000000000000002,0.14956463079906993,2.6824194998437294,1.342806895059535,0.026823187540296185,0.27983719730538464,0.03071771391821635,0.17638781833936612,2.962256697149114,1.3735246089777515,False,False,False
1790735226.7763405,APPROACH,0.010005036,0.0021968760001982446,0.5700040455037909,0.6408924301909469,0.5749246704809625,0.23519213435130282,0.26619646167261546,0.23659816655533517,0.5713131176190723,0.6400030070462918,0.5766163052505844,0.2340764603762409,0.2658380233018074,0.23642783952409496,0.17324963269298052,2.9705878638515517,1.375841562474897,1,1,0,0.0008506710000801831,31,0.0,0.0,9.799119123606067e-05,0.010000000000000002,0.14573908115586484,2.6893555454710496,1.3446230040484046,0.027510551537115683,0.2812323183805021,0.031218558426492328,0.17324963269298052,2.9705878638515517,1.375841562474897,False,False,False
1790735226.7863724,APPROACH,0.010032227000000001,0.0021484850001343148,0.572232083677858,0.643411836219105,0.577167981399155,0.2338861320417571,0.26445456446675686,0.23553773961550678,0.5736552892578005,0.6426629852332153,0.5789820048149449,0.23285087900958698,0.2644461442235646,0.23518994676797064,0.1927939985779815,3.027650716472933,1.3983836547310928,1,1,0,0.000869225999849732,32,0.0,0.0,9.854187191447706e-05,0.010000000000000002,0.14191512785196592,2.6962339797218657,1.3464036907526133,0.05087887072601558,0.3314167367510673,0.051979963978479524,0.1927939985779815,3.027650716472933,1.3983836547310928,False,False,False
1790735226.7963738,APPROACH,0.010001039,0.0021831500000644155,0.574566267888124,0.6460559711340705,0.5795163722469079,0.23324520138324145,0.2651224508370564,0.23404703496152718,0.5759778755777283,0.6453007205921872,0.5813279223191916,0.23161594754297268,0.2630436463411621,0.23394260998689217,0.17817214309402182,3.0058503279491657,1.3893456764847487,1,1,0,0.0008842059999096819,32,0.0,0.0,8.892809547012313e-05,0.010000000000000002,0.1381155493555796,2.7030150956838424,1.348139008192843,0.04005659373844223,0.3028352322653235,0.04120666829190567,0.17817214309402182,3.0058503279491657,1.3893456764847487,False,False,False
1790735226.8064258,APPROACH,0.010051735000000001,0.00224577899984979,0.5767805144151366,0.6485751773034831,0.5817371622868501,0.23282850317180206,0.26481474499578495,0.23374677254867615,0.5782997247136603,0.6479376187395236,0.5836730952341739,0.23036164819665805,0.26161915257396706,0.23267571076905114,0.1818058005392527,3.027036722642984,1.3972279720353171,1,1,0,0.0008365339999727439,32,0.0,0.0,9.636584150475207e-05,0.010000000000000002,0.1343098054403718,2.7097544788822354,1.3498434482772976,0.047495995098880896,0.31728224376074865,0.04738452375801955,0.1818058005392527,3.027036722642984,1.3972279720353171,False,False,False
1790735226.816364,APPROACH,0.009938379,0.0018884689998230897,0.5791076453022539,0.6512182852480715,0.5840776452895096,0.23266464033335155,0.26414849386708017,0.23421057653904148,0.5805829304477276,0.6505306300066976,0.5859792365609305,0.22910870555362578,0.2601961995995464,0.23141018188304702,0.15972828973912695,2.9959162439949685,1.3824152342487648,1,1,0,0.0007719710001765634,31,0.0,0.0,9.836983446459392e-05,0.010000000000000002,0.13056040464414997,2.716343139909416,1.3514899630400163,0.02916788509497698,0.2795731040855527,0.030925271208748353,0.15972828973912695,2.9959162439949685,1.3824152342487648,False,False,False
1790735226.8263688,APPROACH,0.010005266,0.0020124349998695834,0.5814317843653312,0.6538525869083074,0.5864196864913147,0.23187667991149238,0.2625132932638663,0.2338323389847679,0.5828688607820482,0.6531267355719675,0.588288129857494,0.22783461946630107,0.25874923425144464,0.23012329715952673,0.14687330964181555,2.9866123904164295,1.3768373716493212,1,1,0,0.0008594779999384627,31,0.0,0.0,9.55812887680381e-05,0.010000000000000002,0.12679976841913673,2.7229014000719403,1.3531090931561558,0.02007354122267883,0.2637109903444893,0.023728278493165323,0.14687330964181555,2.9866123904164295,1.3768373716493212,False,False,False
1790735226.8363693,APPROACH,0.009999926000000001,0.002091415000222696,0.5836277599612334,0.6563344278708847,0.5886358474352553,0.23030127840885348,0.26013848197757916,0.2324167101534788,0.5851407705411481,0.6557069181264561,0.5905828617373009,0.22654860543863856,0.2572887224746402,0.22882436467537512,0.1640948539125131,3.0395864700273525,1.397598236762034,1,1,0,0.0008435569998255232,32,0.0,0.0,9.581004749351198e-05,0.010000000000000002,0.1230556836245818,2.729381540913251,1.3546892091298555,0.04103917028793132,0.31020492911410125,0.042909027632178624,0.1640948539125131,3.0395864700273525,1.397598236762034,False,False,False
1790735226.8463717,APPROACH,0.010002711000000001,0.0021617699999296747,0.5859228485853247,0.6589305060215569,0.5909492423958662,0.22900010450805164,0.25984532662487353,0.23017956327680955,0.5874003851254689,0.6582731371881859,0.5928651749330379,0.225249760848459,0.2558136391711991,0.2275124727412604,0.15434581168135672,3.028140761554595,1.3928724388775715,1,1,0,0.0008374259998618072,32,0.0,0.0,8.857408802773165e-05,0.010000000000000002,0.11932560805310827,2.7357891822611,1.3562320302242306,0.035020203628248446,0.2923515792934949,0.036640408653340895,0.15434581168135672,3.028140761554595,1.3928724388775715,False,False,False
1790735226.8563702,APPROACH,0.009998514,0.0019288460000552732,0.5882081970013671,0.6615262959692156,0.5932442633879464,0.2280665745334375,0.25899801554994123,0.2291515810768825,0.5896460060630472,0.6608234638215067,0.5951333539110023,0.22393913401341153,0.25432517490377426,0.22618868020554575,0.13932830804771168,3.0088864335548897,1.3839614222021517,1,1,0,0.0007913379999990866,31,0.0,0.0,9.648183155853559e-05,0.010000000000000002,0.11561264147589112,2.742120202940229,1.3577369135402977,0.023715666571820566,0.2667662306146607,0.026224508661853965,0.13932830804771168,3.0088864335548897,1.3839614222021517,False,False,False
1790735226.8663633,APPROACH,0.009992803,0.0018788699999277014,0.5904832269163061,0.6641029367657243,0.595534981072074,0.2268385911114823,0.25618365526023507,0.22894309035245108,0.5918771902875688,0.6633573948409506,0.5973869511541252,0.2226170823237701,0.2528237355565106,0.22485334804861423,0.13298314098567243,3.0144752902819616,1.3838490697868762,1,1,0,0.0007859280001412117,31,0.0,0.0,9.630841656481456e-05,0.010000000000000002,0.11191781580270482,2.7483740990245122,1.3592041173984348,0.021065325182967616,0.2661011912574492,0.024644952388441374,0.13298314098567243,3.0144752902819616,1.3838490697868762,False,False,False
1790735226.876364,APPROACH,0.010000627,0.0019315100000767416,0.5927430193112615,0.6666493505640307,0.5978188080240372,0.2250707055751351,0.25354682306135257,0.2273246318503741,0.5940968346095562,0.6658782201218941,0.5996288925723947,0.22128195368688625,0.2513074448662278,0.2235048075819743,0.13289897362355402,3.0308703554678926,1.3891748596728684,1,1,0,0.0008054050001646829,31,0.0,0.0,9.866700179924208e-05,0.010000000000000002,0.10823661873011861,2.7545596724787127,1.360636053656392,0.024662354893435406,0.27631068298918016,0.02853880601647631,0.13289897362355402,3.0308703554678926,1.3891748596728684,False,False,False
1790735226.8863668,APPROACH,0.010003012,0.002034746999925119,0.5949835998505186,0.669174890587164,0.6000789446888479,0.22312677498740913,0.25194405104839196,0.22457758186589916,0.5963035917162912,0.6683844095363218,0.6018578173188693,0.21993460010174698,0.24977727043866552,0.222143919363238,0.13252406595210595,3.0417040927562375,1.3934771361329192,1,1,0,0.0008560320000015054,31,0.0,0.0,9.88413523770536e-05,0.010000000000000002,0.10457155909161456,2.760673811066913,1.3620323293129308,0.027952506860491395,0.2810302816893245,0.031444806819988326,0.13252406595210595,3.0417040927562375,1.3934771361329192,False,False,False
1790735226.8963857,APPROACH,0.010018632000000001,0.0020014839999475953,0.5973165066096593,0.6718112214905485,0.6024246401231581,0.2213834463604112,0.25028011718018894,0.222519121123678,0.5985002264118674,0.6708791030413822,0.6040765179710579,0.21857335324359672,0.2482313175760205,0.22076899830874952,0.11178884950224417,3.0101098990812445,1.3795282210029989,1,1,0,0.0008138410000810836,30,0.0,0.0,9.944922223729102e-05,0.010000000000000002,0.10091831037186733,2.7667247816647924,1.363395142274264,0.010870539130376842,0.24338511741645227,0.01613307872873486,0.11178884950224417,3.0101098990812445,1.3795282210029989,False,False,False
1790735226.9063904,APPROACH,0.010004655000000001,0.0019323229998917668,0.5995203327296714,0.6742966374455452,0.6046434135124858,0.2192812193927206,0.24655622016641907,0.22129667498891287,0.6006801289682576,0.6733547940427325,0.606278318403925,0.21720237968866185,0.246674318212406,0.21938425284943713,0.11960419389295146,3.044679525441012,1.3916882719493093,1,1,0,0.0008102439999220223,31,0.0,0.0,9.573675994591955e-05,0.010000000000000002,0.09728813910228297,2.772695073145104,1.3647209094950048,0.022316054790668498,0.271984452295908,0.026967362454304505,0.11960419389295146,3.044679525441012,1.3916882719493093,False,False,False
1790735226.916349,APPROACH,0.009958597000000001,0.001887777000092683,0.6017014646565428,0.6767472435224979,0.6068455048607992,0.21713215704396183,0.24425506843417177,0.21882870671250937,0.6028363175334814,0.675803553329009,0.6084561666303678,0.21582632853083095,0.2451115522718584,0.21799437878094832,0.12481089916191075,3.0681965717796986,1.4006530702645001,1,1,0,0.0008004050000636198,31,0.0,0.0,9.88254061450024e-05,0.010000000000000002,0.09369298337285366,2.7785665776571813,1.3660061474497824,0.03111791578905709,0.28962999412251716,0.034646922814717776,0.12481089916191075,3.0681965717796986,1.4006530702645001,False,False,False
1790735226.926388,APPROACH,0.010039101,0.0019331539999711822,0.6038630561806881,0.6791839661298278,0.6090200881845957,0.2153906240424339,0.24335127166146137,0.21623531350103053,0.6049960093500367,0.6782562912187194,0.6106375532995156,0.21442780433808847,0.2435232639564044,0.2165818059281257,0.12479626668534294,3.0771548008728855,1.404395930230897,1,1,0,0.0007918789999621367,31,0.0,0.0,9.882423046582893e-05,0.010000000000000002,0.0900877054818555,2.784413944259166,1.3672674718041316,0.03470856120348743,0.2927408566137194,0.03712845842676553,0.12479626668534294,3.0771548008728855,1.404395930230897,False,False,False
1790735226.9363358,APPROACH,0.009947647,0.001867078000032052,0.6060100371198898,0.6816115769263664,0.6111750345202331,0.21415524344203565,0.24215024767406634,0.2150718665154116,0.6071221227466232,0.6806708944716718,0.6127850242418317,0.2130309324411216,0.24193685213481994,0.21517090196896227,0.11683932682418384,3.0723629564773964,1.4013130161607776,1,1,0,0.0007881209999140992,31,0.0,0.0,9.548489143859545e-05,0.010000000000000002,0.08653447410303097,2.790137534546331,1.3684837928820086,0.030304852721152867,0.28222542193106565,0.032829223278768915,0.11683932682418384,3.0723629564773964,1.4013130161607776,False,False,False
1790735226.94637,APPROACH,0.010035023,0.0019606859998475556,0.6080389451372117,0.6839031742549428,0.6132153806589615,0.2129807055669515,0.24032646354361548,0.21442189744928652,0.609252776534323,0.6830906541961319,0.614937081185063,0.2116107630828826,0.24032398164651356,0.21373646651745606,0.13095682799844405,3.116651707237786,1.4181222835028289,1,1,0,0.0008381269999517826,32,0.0,0.0,9.411781033174613e-05,0.010000000000000002,0.08296984417408723,2.7958407010542956,1.3696774653719752,0.04798698382435682,0.3208110061834904,0.048444818130853634,0.13095682799844405,3.116651707237786,1.4181222835028289,False,False,False
1790735226.9563498,APPROACH,0.009979247,0.0020577509999384347,0.6102697482515387,0.686422708290988,0.6154612939902728,0.21216879916354428,0.24026316925891028,0.2131851489244408,0.6113574007685886,0.6854808524472972,0.617062847098977,0.2101876591891536,0.23870777843900634,0.2122990670520341,0.09781321533515445,3.0577481573947427,1.3928768370215046,1,1,0,0.0008169369998540787,31,0.0,0.0,8.680993787972229e-05,0.010000000000000002,0.07944519365793938,2.8014421734874717,1.370831772643774,0.01836802167721507,0.25630598390727083,0.02204506437773068,0.09781321533515445,3.0577481573947427,1.3928768370215046,False,False,False
1790735226.9663153,APPROACH,0.0099655,0.0020033670000429993,0.6123859193316123,0.6888163249170631,0.6175888054210334,0.21075567575089973,0.23773400096494718,0.21236302639844068,0.613444900520633,0.6878516026151464,0.6191713165093128,0.2087558971444161,0.2370817422660405,0.21085292246147688,0.09218593999256008,3.0630797558635408,1.3932106742444568,1,1,0,0.000808630999927118,31,0.0,0.0,9.083742380745096e-05,0.010000000000000002,0.07594589293832589,2.8069666997005744,1.371952387804374,0.0162400470542342,0.2561130561629662,0.021258286440082833,0.09218593999256008,3.0630797558635408,1.3932106742444568,False,False,False
1790735226.976333,APPROACH,0.01001757,0.0019505680002112058,0.6144824727130498,0.6911752784146596,0.6197051543099681,0.20859108619421807,0.23441080633786465,0.210664603858413,0.6155288744577379,0.6902183485543235,0.621276224686676,0.2073061193002055,0.23543524575070437,0.2093885810964987,0.1008321076048137,3.096663894608208,1.4053677176243653,1,1,0,0.0008168669999122358,31,0.0,0.0,9.778377331182963e-05,0.010000000000000002,0.07244937050826093,2.812450802330161,1.373047002645504,0.028382737096552764,0.28421309227804675,0.03232071497886137,0.1008321076048137,3.096663894608208,1.4053677176243653,False,False,False
1790735226.9864156,APPROACH,0.010082644,0.001877437999837639,0.6165573514175975,0.693509807414916,0.6217982956380022,0.20659486072594943,0.2330558511349251,0.20783504542185088,0.6176116678244531,0.6925837537328867,0.6233799404344113,0.20583642236376978,0.23376612734466384,0.20790412054511231,0.10590883350510705,3.1159750428332145,1.4133113010082583,1,1,0,0.0007830120000562601,31,0.0,0.0,9.994674163210165e-05,0.010000000000000002,0.068951878694638,2.8179008311645255,1.3741169642659976,0.03695695481046906,0.298074211668689,0.03919433674226076,0.10590883350510705,3.1159750428332145,1.4133113010082583,False,False,False
1790735226.9963198,APPROACH,0.009904193,0.0018261200000324607,0.6186152950238979,0.6958364913736652,0.6238654721531978,0.20520717640531766,0.23237540865165315,0.20593130399413762,0.6196431204069716,0.6948908517559004,0.6254317996619836,0.2043826416475439,0.2321150848122598,0.20643573609788252,0.09651299456584403,3.1047545670017835,1.4082847091200938,1,1,0,0.000770358000181659,31,0.0,0.0,9.417047517243122e-05,0.010000000000000002,0.0655379300141527,2.823186767265363,1.375137440143345,0.030975064551691335,0.2815677997364206,0.033147268976749,0.09651299456584403,3.1047545670017835,1.4082847091200938,False,False,False
1790735227.0063167,APPROACH,0.009996871000000001,0.001870163999910801,0.6206611480898969,0.698151293985557,0.6259209113302715,0.20398402829258133,0.23041551538807908,0.20534141883166623,0.621678931073596,0.6972028992063884,0.6274880607521268,0.20290527484460202,0.2304372558244388,0.20494352863352347,0.09080919478428245,3.1071878906164914,1.4074284604664684,1,1,0,0.0007871899999827292,31,0.0,0.0,9.469512790481821e-05,0.010000000000000002,0.06211418339070545,2.8284546461509597,1.3761372443375561,0.028695011393576997,0.2787332444655317,0.03129121612891237,0.09080919478428245,3.1071878906164914,1.4074284604664684,False,False,False
1790735227.016446,APPROACH,0.010129393,0.001990523999893412,0.6226936935771823,0.7004436687676003,0.6279699125800908,0.20253138556844158,0.22829271442076662,0.20422881958627437,0.6237266142680948,0.6995284301542631,0.6295563136338006,0.20139826447489953,0.22872576096872754,0.20342137982250474,0.0924995020411851,3.1251410130964152,1.413278460605065,1,1,0,0.0008184099999652972,31,0.0,0.0,9.864579628216286e-05,0.010000000000000002,0.05866814639046465,2.8337236402129906,1.377119830859696,0.033831355650720436,0.2914173728834246,0.03615862974536906,0.0924995020411851,3.1251410130964152,1.413278460605065,False,False,False
1790735227.0263891,APPROACH,0.009943028000000001,0.0018960139998398517,0.6247113682340242,0.7027183404196329,0.6300040712374022,0.20108560441789394,0.22704437576054345,0.20241958817341826,0.6257217283268905,0.7017942589214934,0.631571469304589,0.1999093016296859,0.22703476248513288,0.2019174598296115,0.08596990194365524,3.1226339792547466,1.4114999703686562,1,1,0,0.000777401000050304,31,0.0,0.0,9.529947537105678e-05,0.010000000000000002,0.0553085067923881,2.838828888474521,1.3780549972180367,0.030661395151267135,0.2838050907802257,0.03344497315061936,0.08596990194365524,3.1226339792547466,1.4114999703686562,False,False,False
1790735227.0363631,APPROACH,0.009974107000000001,0.001968520999980683,0.6267144213856488,0.7049819796379815,0.6320190557356664,0.19956613330623812,0.22565578804857886,0.2007036086615538,0.6277081569508002,0.7040502237372697,0.6335778522922882,0.19840621976433714,0.22532772918796645,0.2003992789861339,0.0804904711200769,3.121669136923465,1.4102731204622216,1,1,0,0.0007970990000103484,31,0.0,0.0,9.414431116971976e-05,0.010000000000000002,0.05196163092566291,2.843884070906988,1.3789643683912365,0.028528840194413988,0.27778506601647707,0.031308752070985074,0.0804904711200769,3.121669136923465,1.4102731204622216,False,False,False
1790735227.046371,APPROACH,0.010007831,0.0018952309999349382,0.628702407973794,0.7072276195240894,0.6340202661511345,0.19806924025103248,0.22352984116632169,0.19957629011027478,0.6296861870677185,0.7062966504623996,0.6355757524070836,0.19688869934134046,0.22360429818204156,0.1988665145446941,0.07802442257202014,3.129901347168269,1.4120914038611077,1,1,0,0.0007945040001686721,31,0.0,0.0,9.525441393371596e-05,0.010000000000000002,0.04862722774903603,2.8488903619024266,1.3798483959588845,0.029397194822984106,0.28101098526584256,0.03224300790222315,0.07802442257202014,3.129901347168269,1.4120914038611077,False,False,False
1790735227.0563138,APPROACH,0.009942788000000001,0.0018578810002054524,0.6306746922488156,0.709452646036989,0.6360084785302709,0.19645195068212049,0.2217226234531946,0.1979456179720417,0.6316362766701022,0.7085113454570431,0.6375454313351951,0.19537193235186087,0.22188172284215227,0.19733451110527211,0.07408663744775157,3.1331451111428343,1.4122968634455857,1,1,0,0.000789383999972415,31,0.0,0.0,9.4261335878683e-05,0.010000000000000002,0.0453384519515125,2.8537991434814227,1.3806989768965472,0.028748185496239063,0.2793459676614115,0.03159788654903849,0.07408663744775157,3.1331451111428343,1.4122968634455857,False,False,False
1790735227.0663679,APPROACH,0.010054801,0.002233966999938275,0.6325331581788163,0.7115505000517501,0.6378807771926693,0.19486514143688793,0.22006531620005265,0.19621851760907644,0.6335929532925689,0.7107335212568707,0.6395217634522885,0.19382902060303508,0.22012945519089971,0.19577610027333758,0.0901274693597651,3.176833815571195,1.429659840551022,1,1,0,0.0008605999998962943,32,0.0,0.0,9.220929022632568e-05,0.010000000000000002,0.042037266310815495,2.8586978597692188,1.3815315585767678,0.04809020304894959,0.318135955801976,0.04812828197425407,0.0901274693597651,3.176833815571195,1.429659840551022,False,False,False
1790735227.0763218,APPROACH,0.009953337000000001,0.001844644999891898,0.6345722787736046,0.7138561225751854,0.639933183965856,0.1938359879251555,0.21972872271057248,0.1947907265945198,0.63551456119659,0.7129158699045945,0.6414626745735087,0.1922928839987931,0.21838488199572725,0.1942245326446617,0.05962091191218738,3.1223666259986,1.406264933649166,1,1,0,0.0007813990000613558,31,0.0,0.0,8.653175688085575e-05,0.010000000000000002,0.03879414399953888,2.8634828936667747,1.3823289136966812,0.0208267679126485,0.25888373233182543,0.0239360199524847,0.05962091191218738,3.1223666259986,1.406264933649166,False,False,False
1790735227.0863888,APPROACH,0.010066754,0.0018577400001049682,0.6365041812042262,0.7160430421182156,0.6418764934265822,0.19230764343918158,0.21705581914109243,0.1939577080154472,0.6374424696880404,0.7151053740591352,0.6434099495737422,0.190730523888706,0.2166105270576717,0.1926464780859385,0.05791414678263339,3.1341472930324046,1.4091650503809823,1,1,0,0.0007813079998868488,31,0.0,0.0,9.248160224991117e-05,0.010000000000000002,0.03553945821694247,2.8682579371967605,1.383108709520478,0.022374688565690918,0.2658893558356441,0.02605634086050425,0.05791414678263339,3.1341472930324046,1.4091650503809823,False,False,False
1790735227.0964062,APPROACH,0.010017389,0.0019616090000909026,0.6384171616654957,0.718197095684153,0.643808961555286,0.19034613591055752,0.21417838719391252,0.19228387068668346,0.6393452688628931,0.7172663618430846,0.6453318630255928,0.18916730263924708,0.21483519413324356,0.1910675537374001,0.0624396739806633,3.1571416893706825,1.4171014781368376,1,1,0,0.0008390590000999509,31,0.0,0.0,9.617875695057705e-05,0.010000000000000002,0.03232641554826345,2.8729456684729366,1.3838585830816779,0.03011325843239985,0.2841960208977458,0.033242895055159656,0.0624396739806633,3.1571416893706825,1.4171014781368376,False,False,False
1790735227.1064274,APPROACH,0.010021618000000001,0.002171178000025975,0.6403106473241884,0.7203288047515226,0.6457203248907826,0.18848922630598736,0.212651363029375,0.18984477467957359,0.6412331601668916,0.7194104189245054,0.6472387188518609,0.18759509809275582,0.21304965897864683,0.18947955585149814,0.062918256642202,3.1668735839169218,1.4207188615082893,1,1,0,0.0009104749999551132,31,0.0,0.0,9.650649808596772e-05,0.010000000000000002,0.029137979982582805,2.8775721110788934,1.384583224140595,0.0337802766596192,0.2893014728380285,0.036135637367694186,0.062918256642202,3.1668735839169218,1.4207188615082893,False,False,False
1790735227.116349,APPROACH,0.009921647,0.0022857259998545487,0.6421870713326561,0.7224490678555684,0.647607921136153,0.186926504199005,0.21149135161827626,0.1878889067133256,0.64308665762349,0.7215154152973363,0.6491108353326153,0.18603055796984874,0.21127282822436477,0.1878992993809708,0.05576625923400837,3.1602806022806664,1.4174248456388665,1,1,0,0.0009591279999767721,31,0.0,0.0,9.287410268866927e-05,0.010000000000000002,0.02600724611703634,2.8820905714142686,1.3852759552741856,0.029759013116972027,0.2781900308663976,0.0321488903646809,0.05576625923400837,3.1602806022806664,1.4174248456388665,False,False,False
1790735227.1263335,APPROACH,0.009984256,0.0019051809999837133,0.6440488464470802,0.7245540959371954,0.6494809455836617,0.1854594285923506,0.2094447666693462,0.18684377648152584,0.6449361418686439,0.7236158539107247,0.6509788982878253,0.1844482745310982,0.20947584658432913,0.18630112135684465,0.05124795416511636,3.1630549091891167,1.4169467303337202,1,1,0,0.0008021290000215231,31,0.0,0.0,9.311461661667175e-05,0.010000000000000002,0.022883073274387097,2.8865759518775884,1.3859487611562284,0.02836488089072927,0.27647895731152833,0.03099796917749179,0.05124795416511636,3.1630549091891167,1.4169467303337202,False,False,False
1790735227.1363623,APPROACH,0.010028822000000001,0.0018263510000906535,0.645894973799293,0.7266367992695875,0.6513428941490034,0.18380741523044078,0.2072993741318213,0.1854129712990223,0.6467779386537433,0.7257075619615363,0.6528391965597813,0.1828511678455816,0.20766203034839753,0.1846879711813027,0.05052216913440055,3.173194629028446,1.4197243558071992,1,1,0,0.0007783739999922545,31,0.0,0.0,9.472918664277576e-05,0.010000000000000002,0.01977183464801561,2.8910196730210576,1.3866005324594073,0.03075033448638494,0.28217495600738807,0.03312382334779197,0.05052216913440055,3.173194629028446,1.4197243558071992,False,False,False
1790735227.1463623,APPROACH,0.009999836,0.001853733000189095,0.6477241979507484,0.7287004045611711,0.653187600589284,0.1821290100260698,0.20566528616115853,0.18347284971416283,0.6485984264566158,0.7277750696390822,0.6546779717934006,0.18125112263596932,0.20584487686345007,0.18307185296317235,0.0480799543561034,3.1776514218942866,1.4207728868777085,1,1,0,0.0007766000001083739,31,0.0,0.0,9.425713765875019e-05,0.010000000000000002,0.016696705898419123,2.895389524866976,1.3872269317575032,0.031383248457684275,0.28226189702731064,0.03354595512020521,0.0480799543561034,3.1776514218942866,1.4207728868777085,False,False,False
1790735227.156372,APPROACH,0.010009895000000001,0.0019268820001343556,0.6495370435139005,0.730748360286003,0.6550132715995556,0.1805305171479164,0.20401510446899984,0.18176508340034303,0.6504046841757738,0.729826416369389,0.656502373997184,0.17964210429877275,0.20401753269766262,0.1814466714792821,0.04484108845123037,3.1806252412527725,1.4210569281462646,1,1,0,0.0007996829999683541,31,0.0,0.0,9.387166675402642e-05,0.010000000000000002,0.013645890612296426,2.8997032709952886,1.3878309702434473,0.03119519783893394,0.28092197025748405,0.03322595790281728,0.04484108845123037,3.1806252412527725,1.4210569281462646,False,False,False
1790735227.166382,APPROACH,0.010009995,0.001934806999997818,0.6513344952532796,0.7327782489941548,0.6568242323334683,0.1790182667200696,0.2020901834160693,0.18043822537857973,0.6521948175246463,0.7318594508323418,0.6583104898557957,0.17802589560326984,0.20218202252220502,0.17981422740744496,0.04131318007067029,3.184654954533946,1.4213600269050077,1,1,0,0.0007985910001480079,31,0.0,0.0,9.384644131711502e-05,0.010000000000000002,0.010622745701149683,2.9039570584549166,1.3884125099472568,0.030690434369520604,0.2806978960790298,0.032947516957750965,0.04131318007067029,3.184654954533946,1.4213600269050077,False,False,False
1790735227.1763668,APPROACH,0.009984587000000001,0.0018999110000095243,0.6531165971844102,0.7347888511058809,0.6586215171007099,0.17744123462694514,0.20023269139758776,0.1789143372235162,0.6539642554450162,0.7338689817281455,0.6600977023931549,0.1764068362802231,0.20034327492086446,0.17817890407252265,0.0374025405548405,3.187297024478884,1.4212385869993855,1,1,0,0.0008467840000321303,31,0.0,0.0,9.333085773306981e-05,0.010000000000000002,0.007635140966743253,2.9081408064221947,1.3889706492749727,0.029767399588097248,0.27915621805668905,0.0322679377244128,0.0374025405548405,3.187297024478884,1.4212385869993855,False,False,False
1790735227.1863792,APPROACH,0.010012471,0.001937281999971674,0.6548821594992074,0.7367817926279603,0.6604014022388514,0.17573327998593294,0.1984849571950113,0.17706247273114195,0.6557223674023334,0.7358656498541297,0.6618734751942381,0.17477647848231948,0.1984916957677418,0.1765321687656488,0.03515994803696988,3.191774421919799,1.4221901725247321,1,1,0,0.000783373000103893,31,0.0,0.0,9.347681577790661e-05,0.010000000000000002,0.004667404838259303,2.9122773591036837,1.3895088546244587,0.030492543198710576,0.2794970628161155,0.03268131790027332,0.03515994803696988,3.191774421919799,1.4221901725247321,False,False,False
1790735227.1963685,APPROACH,0.009989516,0.001864944000089963,0.6566309540226891,0.7387563505575176,0.662163931293617,0.17410468883485783,0.19656841185441415,0.17548152125794098,0.6574601478408889,0.7378392277011956,0.6636287122394092,0.17314329299903222,0.19663690524389144,0.17488257736831192,0.03204479982954032,3.1955525132303357,1.4225810582480058,1,1,0,0.0007842449999770906,31,0.0,0.0,9.319799674109662e-05,0.010000000000000002,0.0017348828555795517,2.9163462062227596,1.3900248703645144,0.030309916973960765,0.27920630700757587,0.03255618788349154,0.03204479982954032,3.1955525132303357,1.4225810582480058,False,False,False
1790735227.206365,APPROACH,0.009996590000000001,0.0022786330000599264,0.6583633176825847,0.740712052908429,0.6639103604046124,0.17243806657963714,0.19471640314859834,0.17380560874919063,0.659182794832823,0.7397956186618523,0.6653686638172442,0.17150258537183694,0.1947735719051664,0.1732253882645251,0.02919720477680209,3.199190465147824,1.4230062705714503,1,1,0,0.0009232599998085789,31,0.0,0.0,9.304561470969241e-05,0.010000000000000002,-0.0011710597312053707,2.9203602570304703,1.390520789452813,0.030368264508007458,0.2788302081173538,0.032485481118637236,0.02919720477680209,3.199190465147824,1.4230062705714503,False,False,False
1790735227.2163465,APPROACH,0.009981121,0.001966217000017423,0.6600792275059595,0.7426486949629041,0.6656405972142698,0.17080745826695024,0.1927722044524113,0.17222562840183547,0.6608863818336003,0.7417303634032985,0.6670893639397072,0.16985826397187315,0.19290613444504492,0.17156454908637025,0.025838537155856277,3.202497825292745,1.4231865191703252,1,1,0,0.0008253130001776299,31,0.0,0.0,9.275228264860548e-05,0.010000000000000002,-0.004043665921582805,2.924311071933195,1.3909960081603858,0.029882203077439082,0.27818675335955023,0.03219051100993939,0.025838537155856277,3.202497825292745,1.4231865191703252,False,False,False
1790735227.2264202,APPROACH,0.010073777,0.0020359499999358377,0.6617784103566686,0.744566415023586,0.6673539503388115,0.16909616616762135,0.19091593088348593,0.17044463873813193,0.6625891115905317,0.7436641345824776,0.6688091982070129,0.16819264978266443,0.1910145150018468,0.1698822032255249,0.025453557786335436,3.210759607904601,1.4256292509562223,1,1,0,0.0008143320001181564,31,0.0,0.0,9.412372329639694e-05,0.010000000000000002,-0.006913482886083622,2.9282413369072438,1.391455937604156,0.03236704067241906,0.2825182709973569,0.034173313352066394,0.025453557786335436,3.210759607904601,1.4256292509562223,False,False,False
1790735227.2363358,APPROACH,0.009915405,0.0018560660000730422,0.6634609253218855,0.7464657390195102,0.6690502647593757,0.16750126238897184,0.189151159091894,0.16883215115674488,0.6642486583137728,0.7455488632723009,0.6704854156520926,0.16654750962184772,0.18914614768416363,0.1682205370617807,0.019513875666265647,3.2079172882773688,1.423359384823055,1,1,0,0.0007890639999459381,31,0.0,0.0,9.161798437442916e-05,0.010000000000000002,-0.009709061377528737,2.932054211926454,1.391889791338781,0.029222937043794382,0.27586307635091484,0.031469593484273924,0.019513875666265647,3.2079172882773688,1.423359384823055,False,False,False
1790735227.2463412,APPROACH,0.010005507,0.0018726480000168522,0.6651272394963863,0.7483471328619711,0.6707301524949907,0.16580314771493362,0.18718659142815125,0.16716841939051913,0.6659067224149585,0.747431908164805,0.6721601355816649,0.164881882001737,0.18725451298764006,0.16653817763511533,0.017087234191570405,3.2123344494228228,1.424070800098256,1,1,0,0.0007942929998989712,31,0.0,0.0,9.228879320307986e-05,0.010000000000000002,-0.012500540255239861,2.935846365015143,1.392309119749343,0.029587774446810267,0.27648808440767964,0.03176168034891314,0.017087234191570405,3.2123344494228228,1.424070800098256,False,False,False
1790735227.2564504,APPROACH,0.010109445,0.0019390150000617723,0.6667762358948259,0.7502080632614181,0.6723932868145699,0.16407505797630217,0.18516136058638286,0.16546797145202746,0.6675650570134302,0.7493152602580573,0.6738351287257619,0.16319351361274248,0.18533705185372623,0.1648328490006634,0.018167747446870268,3.2238190175546397,1.4277305326372538,1,1,0,0.0008605799998804287,31,0.0,0.0,9.446142194241074e-05,0.010000000000000002,-0.015290702649607614,2.9396219797467475,1.3927144545256025,0.03345845009647788,0.2841970378078921,0.03501607811165132,0.018167747446870268,3.2238190175546397,1.4277305326372538,False,False,False
1790735227.2664182,APPROACH,0.009967554,0.0018717479999850184,0.6684083741715279,0.7520505849540902,0.6740391362737084,0.1624665323237885,0.183567492323743,0.1637198300062458,0.6691833793529218,0.7511531708754006,0.675469707673874,0.1615237012586995,0.1834406646015855,0.16314626280296346,0.013230314976120615,3.2217767382129283,1.4259920822357182,1,1,0,0.0007961170001635764,31,0.0,0.0,9.215444741459842e-05,0.010000000000000002,-0.01801166707889636,2.9432901111108194,1.3930965246850708,0.031241982055016975,0.2784866271021089,0.032895557550647395,0.013230314976120615,3.2217767382129283,1.4259920822357182,False,False,False
1790735227.2763176,APPROACH,0.009899675,0.0019068239998887293,0.6698638390466973,0.7536950369858237,0.6755060426600945,0.1610126610080892,0.18193262897502066,0.1622899190129739,0.6707741824040427,0.7529598281441098,0.6770764908928287,0.15986041560160286,0.18155168964631616,0.16146626886514207,0.03308024720349052,3.2699447078284,1.4451771042790513,1,1,0,0.0008103650000066409,32,0.0,0.0,9.22137939808869e-05,0.010000000000000002,-0.020684388886354977,2.9468802496483564,1.3934591895043866,0.0537646360898455,0.32306445818004353,0.051717914774664794,0.03308024720349052,3.2699447078284,1.4451771042790513,False,False,False
1790735227.2863834,APPROACH,0.010065391,0.0018753240001387894,0.6715480389564714,0.7556024637976222,0.6772025325739222,0.16010995466844016,0.1820131059817859,0.16094096622719267,0.6723747091379358,0.7547775284908083,0.6786930954723182,0.15816455114153602,0.17962571530815621,0.15975336885898667,0.0037125643458565706,3.2150343717726484,1.421794708428666,1,1,0,0.0007887639999353269,31,0.0,0.0,8.72183180005698e-05,0.010000000000000002,-0.023371302912777194,2.9504768729794413,1.3938112332077712,0.027083867258633765,0.2645574987932073,0.0279834752208948,0.0037125643458565706,3.2150343717726484,1.421794708428666,False,False,False
1790735227.2963398,APPROACH,0.009956624,0.0018787999999858584,0.67314362117878,0.7574137924333195,0.6788084617899273,0.15879765317426858,0.17961127433421759,0.16035785154799553,0.6739411240780036,0.756556488454013,0.680275245593194,0.15648252774012378,0.1777154601058172,0.15805444894971574,-0.006870929954933991,3.2068590071411918,1.4163576703706646,1,1,0,0.0007977399998253532,31,0.0,0.0,8.740627279901216e-05,0.010000000000000002,-0.025998698028383227,2.9539819960283458,1.3941433841954909,0.019127768073449236,0.252877011112846,0.02221428617517377,-0.006870929954933991,3.2068590071411918,1.4163576703706646,False,False,False
1790735227.3064392,APPROACH,0.010099747000000001,0.0018900110001141002,0.6747217113194361,0.7591911046535511,0.6804060804533574,0.1567674668665835,0.17608350169168135,0.1588893105453255,0.6755129235986705,0.7583415636253019,0.6818628343846469,0.15477198954260177,0.1757728209678168,0.15632672780332824,-0.0011906629102246824,3.232569422080981,1.425043450212329,1,1,0,0.0008086410000487376,31,0.0,0.0,9.364025325501099e-05,0.010000000000000002,-0.028632709089874805,2.9574845833156105,1.3944644399060495,0.027442046179650122,0.27508483876537065,0.030579010306279474,-0.0011906629102246824,3.232569422080981,1.425043450212329,False,False,False
1790735227.3163636,APPROACH,0.009924082,0.0018950710000353865,0.6762780710665783,0.7609386464476335,0.6819826489166312,0.154635739074905,0.1740607607990107,0.1561703424389706,0.6770405365691801,0.7600764566247848,0.6834057927567363,0.15308716579844772,0.17385938544748317,0.15462497942090236,-0.001146871048324425,3.2395229490180664,1.4275311238536903,1,1,0,0.000801566999825809,31,0.0,0.0,9.267911419563155e-05,0.010000000000000002,-0.031190181065870345,2.960874883960519,1.394764806613022,0.03004331001754592,0.2786480650575473,0.03276631724066819,-0.001146871048324425,3.2395229490180664,1.4275311238536903,False,False,False
1790735227.3263679,APPROACH,0.010004324,0.0019842310000512953,0.6778139732206041,0.7626714719420171,0.6835305364920155,0.15268246825996024,0.17259211430583152,0.15363705763172672,0.6785635582253827,0.7618061353198573,0.6849441136931758,0.1513848888565067,0.17192612852523445,0.15290560251727053,-0.0030426333563064595,3.2401833461233966,1.4276179647951137,1,1,0,0.0008044329999847832,31,0.0,0.0,9.176875516658857e-05,0.010000000000000002,-0.03373734633532309,2.9642416152414444,1.3950529101988798,0.03069471297901663,0.27594173088195234,0.03256505459623385,-0.0030426333563064595,3.2401833461233966,1.4276179647951137,False,False,False
1790735227.3363714,APPROACH,0.010003553,0.001915449999842167,0.6793317382360939,0.7643870154573822,0.6850585565064442,0.15098833620018323,0.17051080954948647,0.15220801205273254,0.6800694160344031,0.7635163212252666,0.6864650983656408,0.14967911937856024,0.16998890516882784,0.151182697993899,-0.006124099141338404,3.2420816886545145,1.4270906115841515,1,1,0,0.0007988419999946927,31,0.0,0.0,9.136274474090699e-05,0.010000000000000002,-0.03625305703854004,2.9675574590645093,1.395326702026535,0.030128957897201634,0.27452422959000516,0.03176390955761664,-0.006124099141338404,3.2420816886545145,1.4270906115841515,False,False,False
1790735227.3463645,APPROACH,0.009992923,0.0018771780000861327,0.6808330905333637,0.7660798460519596,0.6865745164148427,0.14933706534867533,0.16824353622115376,0.15088922537250216,0.6815566199662871,0.7652053221306258,0.6879672417763106,0.14797176821569544,0.1680498855105141,0.14945819589703607,-0.009299043478220394,3.2455105684191325,1.4269931013127763,1,1,0,0.0007801270000982186,31,0.0,0.0,9.13790528579689e-05,0.010000000000000002,-0.03873474253899472,2.9708197877048397,1.395586393166777,0.029435699060774326,0.27469078071429276,0.0314067081459995,-0.009299043478220394,3.2455105684191325,1.4269931013127763,False,False,False
1790735227.3563635,APPROACH,0.009999105000000001,0.0019864359999246517,0.6823173559664797,0.7677511530405203,0.6880745728360909,0.14756123780898558,0.16625227796084807,0.14898750809226044,0.6830276506393238,0.7668759552464369,0.6894530494621443,0.146260190516424,0.16610606582197973,0.1477294248067439,-0.011642758647773234,3.2491034478428746,1.4275627997873193,1,1,0,0.0007844750000458589,31,0.0,0.0,9.138079108887755e-05,0.010000000000000002,-0.041186461315921095,2.9740346767516312,1.3958328827145612,0.02954370266814786,0.27506877109124334,0.031729917072758115,-0.011642758647773234,3.2491034478428746,1.4275627997873193,False,False,False
1790735227.3663754,APPROACH,0.010012400000000001,0.001948482999978296,0.6837834500882192,0.7694034935496434,0.6895540801638544,0.1457350895031292,0.16436599155697984,0.14695242451084156,0.6844834738770309,0.7685293174476887,0.6909234969486913,0.14454338708959974,0.16415631133299288,0.14599537549465502,-0.013368771812236887,3.252747998071138,1.4283380778861265,1,1,0,0.0008002550000583142,31,0.0,0.0,9.1370847855254e-05,0.010000000000000002,-0.04360973444426592,2.977204823472212,1.3960667573455445,0.030240962632029033,0.27554317459892574,0.032271320540581905,-0.013368771812236887,3.252747998071138,1.4283380778861265,False,False,False
1790735227.3763654,APPROACH,0.009989436,0.0019451260000096227,0.6852314918804305,0.77103661743479,0.6910144178123048,0.14396528446791443,0.16238513481591482,0.14519556696122463,0.6859188141189442,0.7701594173392474,0.6923732556806547,0.14282780815294951,0.162207947483829,0.14426256297316822,-0.015911515846351226,3.2549994945259457,1.4282712150574726,1,1,0,0.000799062000169215,31,0.0,0.0,9.093500076172324e-05,0.010000000000000002,-0.04599570865359955,2.9803193713566736,1.3962876340658954,0.030084192807248326,0.27468012316927204,0.0319835809915771,-0.015911515846351226,3.2549994945259457,1.4282712150574726,False,False,False
1790735227.3863885,APPROACH,0.010023562000000001,0.0021113729999342468,0.6866620665284309,0.772649431067487,0.6924581346661665,0.14222318374279033,0.1603234542618232,0.14355045736111208,0.6873418195274781,0.7717755086982179,0.6938105556715637,0.1411038760885384,0.16025009708070415,0.14252131341385796,-0.017757547360160164,3.2591542538664533,1.4288703629999362,1,1,0,0.0007939130000522709,31,0.0,0.0,9.125108072522816e-05,0.010000000000000002,-0.04835784953177871,2.9833965941806944,1.3964971976369402,0.03060030217161855,0.27575765968575905,0.032373165362996024,-0.017757547360160164,3.2591542538664533,1.4288703629999362,False,False,False
1790735227.3963642,APPROACH,0.009975129000000001,0.0018635310000263416,0.6880753743361234,0.7742415101490945,0.6938855426945105,0.14049977609974432,0.15830179272015557,0.14187175797779705,0.6887407827776308,0.773364295646272,0.6952235719922804,0.139386027065464,0.15829915511972692,0.14078620800214234,-0.020853854283025903,3.2608804531472924,1.4285016015566505,1,1,0,0.0007914580000942806,31,0.0,0.0,9.066763883370746e-05,0.010000000000000002,-0.05067666031291183,2.9864117997124877,1.3966941840358154,0.029822806029885924,0.27446865343480453,0.03180741752083507,-0.020853854283025903,3.2608804531472924,1.4285016015566505,False,False,False
1790735227.4063647,APPROACH,0.010000637000000001,0.0018620979999468545,0.6894711621297267,0.7758142258100289,0.6952947177330886,0.13871438032708408,0.15638952669975573,0.13995141343064194,0.6901261115824123,0.7749375981069049,0.6966228169048979,0.1376617690342696,0.15634093451976475,0.13904462920159952,-0.023086747496745764,3.2634672106735114,1.4287621236876251,1,1,0,0.0007845650000035675,31,0.0,0.0,9.057996076934599e-05,0.010000000000000002,-0.05296933653736138,2.9893880517739633,1.3968805260867534,0.02988258904061562,0.27407915889954804,0.03188159760087164,-0.023086747496745764,3.2634672106735114,1.4287621236876251,False,False,False
1790735227.4165115,APPROACH,0.010147207,0.0019133959999635408,0.6908489395848267,0.7773674988528709,0.6966848795302285,0.13692296975783527,0.15439413975353955,0.13813555693468996,0.6915141098400414,0.7765139322353404,0.6980247580859419,0.13591041885570462,0.15435194567043473,0.13727568610367882,-0.02181394495034719,3.272970726130842,1.4318015919090863,1,1,0,0.0008147329999701469,31,0.0,0.0,9.256796172193772e-05,0.010000000000000002,-0.05526270147541349,2.9923607336807967,1.397058630538617,0.0334487565250663,0.2806099924500452,0.03474296137046929,-0.02181394495034719,3.272970726130842,1.4318015919090863,False,False,False
1790735227.4263635,APPROACH,0.009851524,0.0019834800000353425,0.6922092799063426,0.7789016237655622,0.6980576331589097,0.13526051425666777,0.15265308511749678,0.1364433097996764,0.6928446528785256,0.7780250151127049,0.6993686668902573,0.13420858074068476,0.1524191871190222,0.13555675243513662,-0.028710988120733243,3.2654979194233915,1.4277737140576814,1,1,0,0.0008157950001077552,31,0.0,0.0,8.882996528149779e-05,0.010000000000000002,-0.057457433941096654,2.9952018590452485,1.397221393074386,0.02874644582036341,0.2702960603781432,0.030552320983295498,-0.028710988120733243,3.2654979194233915,1.4277737140576814,False,False,False
1790735227.4363706,APPROACH,0.010007420000000001,0.0020532829998956004,0.6935530956525353,0.7804174585236865,0.6994138822007772,0.13352745098288035,0.150520172764786,0.1348234565395303,0.6941790787577404,0.7795405076889471,0.700716497539784,0.13247851520346474,0.15045437099928977,0.13380930779015798,-0.031095589972909374,3.268639035949191,1.427960430049046,1,1,0,0.0009391999999479594,31,0.0,0.0,8.966616456073248e-05,0.010000000000000002,-0.059654732202663804,2.9980431628197644,1.397376907965716,0.02855914222975443,0.27059587312942657,0.030583522083330223,-0.031095589972909374,3.268639035949191,1.427960430049046,False,False,False
1790735227.4463737,APPROACH,0.010003022,0.0018589429998883134,0.6948788855833126,0.7819104541320812,0.7007534705345702,0.13169796256045918,0.14827828826222997,0.13305177527877918,0.695495610577359,0.7810356781814383,0.7020462543776858,0.13074814418041703,0.14848920794271261,0.13206155459064062,-0.03167258785763056,3.275204322119393,1.4296260058997559,1,1,0,0.0007937930001844506,31,0.0,0.0,9.045348318342613e-05,0.010000000000000002,-0.06181859314925846,3.0008386605197157,1.397522874309631,0.0301460052916279,0.274365661599677,0.03210313159012482,-0.03167258785763056,3.275204322119393,1.4296260058997559,False,False,False
1790735227.4563665,APPROACH,0.009992853000000001,0.0019358290001036949,0.6961862554605611,0.7833824428866167,0.7020741996285711,0.12986742388961564,0.14634166721454284,0.13108067278919763,0.6967935171578562,0.7825096961977531,0.7033571988794859,0.12901871083087205,0.1465251097914663,0.13031474848388128,-0.033025639372068843,3.2786620186000297,1.4303076043390632,1,1,0,0.0008121369999116723,31,0.0,0.0,9.032308939578129e-05,0.010000000000000002,-0.06394776997895156,3.003587382559295,1.3976596387565092,0.03092213060688272,0.27507463604073495,0.032647965582553895,-0.033025639372068843,3.2786620186000297,1.4303076043390632,False,False,False
1790735227.4663687,APPROACH,0.010002101000000001,0.0018820159998540475,0.6974756036741079,0.7848358781812106,0.7033753619471632,0.1280958952431733,0.14447404709360306,0.1292224310192577,0.6980753158369674,0.7839654206502593,0.7046518736704495,0.12728709926060303,0.14455853785925682,0.12856574227541592,-0.03505683340630007,3.2805214608169497,1.4302955549562388,1,1,0,0.0008018179998998676,31,0.0,0.0,8.999426381549979e-05,0.010000000000000002,-0.06604634153564588,3.0062952209845153,1.3977878738890488,0.030989508129345807,0.2742262398324346,0.03250768106719012,-0.03505683340630007,3.2805214608169497,1.4302955549562388,False,False,False
1790735227.4763625,APPROACH,0.009993644000000001,0.0018176040000525973,0.6987478182967912,0.7862695967422271,0.7046598407831537,0.1264061154114807,0.14241412685469146,0.1276843961251461,0.6993387310712355,0.7854002672296521,0.7059279803484969,0.12555662046179697,0.14259325240295392,0.1268178802174954,-0.03763248909405854,3.282618670634414,1.4300356019819476,1,1,0,0.0007767499998863059,31,0.0,0.0,8.981417501286449e-05,0.010000000000000002,-0.06811053293184371,3.0089579203487498,1.397907751868625,0.030478043837785178,0.2736607502856644,0.032127850113322656,-0.03763248909405854,3.282618670634414,1.4300356019819476,False,False,False
1790735227.4864025,APPROACH,0.010040564,0.0021653559999776917,0.7000029062480584,0.7876831418711294,0.70592788755234,0.12466253530628492,0.14046801116855528,0.12588119684603574,0.70059066161949,0.7868220707793306,0.7071924869728805,0.12381793320245812,0.1406186446896463,0.12506172724221198,-0.039005076697793115,3.2864565700727972,1.4307851988742575,1,1,0,0.0009180100000776292,31,0.0,0.0,9.020323602841886e-05,0.010000000000000002,-0.07015154353665522,3.0115905334027526,1.3980202876630718,0.0311464668388621,0.2748660366700444,0.032764911211185556,-0.039005076697793115,3.2864565700727972,1.4307851988742575,False,False,False
1790735227.496374,APPROACH,0.009971001,0.0021746040001744404,0.7012403290910285,0.7890777457394806,0.7071773130076604,0.1229070682465758,0.13860710502682655,0.12403858856791375,0.7018166427701947,0.7882144038878575,0.708430783529025,0.1220914578041642,0.1386579058506193,0.12331790880034885,-0.041755303956830234,3.2866808352741472,1.430110452186084,1,1,0,0.0009326880001481186,31,0.0,0.0,8.931509548966324e-05,0.010000000000000002,-0.07214576266983448,3.0141632017376296,1.3981245920609038,0.03039045871300425,0.2725176335365175,0.03198586012518012,-0.041755303956830234,3.2866808352741472,1.430110452186084,False,False,False
1790735227.5063639,APPROACH,0.009989967,0.0019876879998719232,0.7024602990412632,0.7904533118123762,0.7084089160500424,0.12116123674947285,0.13660351425116507,0.12233316911802791,0.703027693913631,0.7895897811537773,0.7096540001008049,0.12036211488239953,0.13669391039719372,0.12157119402974816,-0.04393500553223506,3.2885627916193862,1.4299623896533424,1,1,0,0.0008361130001048878,31,0.0,0.0,8.920853105424025e-05,0.010000000000000002,-0.07411110757557426,3.016699621707709,1.398222031980499,0.030176102043339204,0.2718631699116772,0.03174035767284351,-0.04393500553223506,3.2885627916193862,1.4299623896533424,False,False,False
1790735227.516362,APPROACH,0.009997913,0.0018523599999298312,0.7036627689739952,0.7918082219283757,0.7096237484912873,0.11940675766171126,0.1345279420317633,0.12063594482714082,0.7042224147651045,0.790946612289393,0.7108607223371813,0.11863206631851447,0.13472911355388834,0.11982376652860749,-0.04551159863273101,3.2919198766851494,1.4303910489788505,1,1,0,0.0007726020000973222,31,0.0,0.0,8.938545172390763e-05,0.010000000000000002,-0.07604524729130488,3.019197364941658,1.3983128505137015,0.030533648658573873,0.2727225117434914,0.03207819846514896,-0.04551159863273101,3.2919198766851494,1.4303910489788505,False,False,False
1790735227.5263624,APPROACH,0.010000527,0.0018414189999020891,0.7048476251862725,0.7931427431554905,0.7108211081192133,0.11764284508401561,0.13254913570243618,0.1188312443096673,0.705400148735087,0.7922841516133059,0.7120502870529564,0.1169024905500279,0.1327648536590397,0.1180768165722589,-0.04705467666035821,3.2948250171762274,1.430775048955238,1,1,0,0.0007802469999660389,31,0.0,0.0,8.93851656801574e-05,0.010000000000000002,-0.07794707364137651,3.021655569945697,1.3983973630501332,0.030892396981018304,0.2731694472305307,0.032377685905104744,-0.04705467666035821,3.2948250171762274,1.430775048955238,False,False,False
1790735227.5363731,APPROACH,0.010010837,0.0022483539999029745,0.706014879150616,0.794457910940694,0.7120002021959273,0.11589110033765795,0.13062909289880817,0.11702134646195672,0.7065617791664901,0.7936034023282006,0.7132235864645273,0.1151723154170878,0.13079991307267128,0.11632926123063317,-0.048656611717392065,3.2972492880477775,1.431010173555748,1,1,0,0.0009580249998180079,31,0.0,0.0,8.93119229897309e-05,0.010000000000000002,-0.07981796791004982,3.0240765849850737,1.3984759922209185,0.031161356192657755,0.2731727030627036,0.03253418133482967,-0.048656611717392065,3.2972492880477775,1.431010173555748,False,False,False
1790735227.546404,APPROACH,0.010031467,0.0022309710000172345,0.7071648746104335,0.7957535858594067,0.71316197394715,0.11418146611216394,0.12865194402605412,0.11535582056202148,0.7077084364088759,0.7949056481594586,0.7143817622762095,0.11344002281923687,0.12883256770503865,0.11457956715342793,-0.050175187311574256,3.3002307415513887,1.4313427547128823,1,1,0,0.000853567000149269,31,0.0,0.0,8.946134616327693e-05,0.010000000000000002,-0.08165969357175429,3.0264632565876397,1.3985491574371898,0.03148450626018003,0.27376748496374886,0.032793597275692636,-0.050175187311574256,3.3002307415513887,1.4313427547128823,False,False,False
1790735227.556366,APPROACH,0.009961212,0.0019531719999577035,0.7082978902469357,0.7970296367420566,0.7143071612703782,0.1124856329620838,0.1267301317605197,0.11366661387524543,0.7088298760086975,0.796179254595534,0.7155144671253705,0.11172155552644816,0.12688092358204792,0.11284383726126447,-0.05318808069216087,3.30006151480438,1.4304117863114278,1,1,0,0.0008013070000743028,31,0.0,0.0,8.860986936384208e-05,0.010000000000000002,-0.08345580275687522,3.0287947801521033,1.3986165940412116,0.03026772206471436,0.2712667346522765,0.03179519227021624,-0.05318808069216087,3.30006151480438,1.4304117863114278,False,False,False
1790735227.566365,APPROACH,0.009999065000000001,0.0019504370000049676,0.7094136869331464,0.7982866897645522,0.7154346679595127,0.11073306013915453,0.12479140176712797,0.11185380365303182,0.709938370968599,0.7974381599485395,0.7166340973012181,0.1099985160518143,0.12492408688317008,0.11110348925810505,-0.05495469227645068,3.3019980205199673,1.4304737591519612,1,1,0,0.0007927210001525964,31,0.0,0.0,8.862233694537718e-05,0.010000000000000002,-0.08522594766428494,3.0310971732616103,1.398679410921749,0.03027125538783426,0.2709008472583569,0.03179434823021208,-0.05495469227645068,3.3019980205199673,1.4304737591519612,False,False,False
1790735227.57641,APPROACH,0.010045162,0.0021262620000470633,0.7102936049476547,0.7992779894653612,0.7163237695754034,0.10930893809967962,0.12320126429196185,0.11041314183697062,0.7110346391422219,0.798683179476843,0.7177413778684826,0.10826977379292657,0.12296077359586928,0.10935738118424802,-0.02109246577817861,3.373310843287315,1.4597206973842378,1,1,0,0.0008294899998873007,32,0.0,0.0,9.50802695698626e-05,0.010000000000000002,-0.08697117945023784,3.0333723837754776,1.3987379473973354,0.06587871367205923,0.33993845951183743,0.0609827499869024,-0.02109246577817861,3.373310843287315,1.4597206973842378,False,False,False
1790735227.586464,APPROACH,0.010053729,0.00200419999987389,0.7114354559021114,0.8005738348506632,0.7174741705410703,0.10865697577758889,0.12450976780710664,0.10890254320000431,0.712114466974088,0.7999095278925195,0.7188320529450611,0.10654207467581593,0.12099864499304122,0.10761232673088866,-0.05225097812922878,3.307438772333414,1.432770856990921,1,1,0,0.0008216660000925913,31,0.0,0.0,8.712083714669404e-05,0.010000000000000002,-0.08868471902650908,3.0356121328247783,1.3987922929711616,0.036433740897280305,0.2718266395086357,0.03397856401975935,-0.05225097812922878,3.307438772333414,1.432770856990921,False,False,False
1790735227.5964258,APPROACH,0.009962294,0.002358033000064097,0.7124655433639964,0.8017553111635722,0.7185075020802891,0.10799708489245569,0.12319481016110898,0.10892574605965943,0.71316735410885,0.8011052800592053,0.7198955166958988,0.10483283934606047,0.11905748550742075,0.10588592154002584,-0.06434273443888437,3.292306910632522,1.4248943628360693,1,1,0,0.0009487480001553195,31,0.0,0.0,8.723478936116748e-05,0.010000000000000002,-0.09034994854413576,3.037795123940505,1.3988422941161198,0.026007214105251388,0.2545117866920167,0.026052068719949542,-0.06434273443888437,3.292306910632522,1.4248943628360693,False,False,False
1790735227.6063912,APPROACH,0.00996487,0.0019969850000052247,0.713592200755536,0.8030286904029813,0.719652151858643,0.10650623721241793,0.11945192752416872,0.10876232394299032,0.7142034937387806,0.8022820122715887,0.7209420647074162,0.1031261681087109,0.11711923803292541,0.10416210619876555,-0.07893678364432408,3.279106031403485,1.4163670941510134,1,1,0,0.0008052840000800643,30,0.0,0.0,9.577560396922745e-05,0.010000000000000002,-0.09198304236953127,3.03994295842012,1.3988888007548042,0.013046258725207196,0.23916307298336512,0.017478293396209103,-0.07893678364432408,3.279106031403485,1.4163670941510134,False,False,False
1790735227.6163719,APPROACH,0.009980810000000001,0.0021336249999421852,0.7146457744625616,0.804204596463693,0.720729276253615,0.10406972174583502,0.11607400503643449,0.10606474299384519,0.7152242593584207,0.8034412843920891,0.7219730842713828,0.1014200488168736,0.11518161739678755,0.10243884834750142,-0.07238045118654429,3.301497744975385,1.4249286969069355,1,1,0,0.0008368650001102651,31,0.0,0.0,8.760001924678062e-05,0.010000000000000002,-0.09358612845170193,3.0420589299467418,1.398932186284292,0.021205677265157638,0.25943881502864286,0.025996510622643496,-0.07238045118654429,3.301497744975385,1.4249286969069355,False,False,False
1790735227.626908,APPROACH,0.01053713,0.0023602370001754025,0.7155199738707925,0.8051806700625832,0.7216174423482595,0.10180281180690302,0.11410127935242759,0.10295056494391977,0.7162834625045866,0.8046442095824273,0.7230429274801473,0.09962269542708982,0.11314038321396146,0.10062343992016594,-0.03349128276958378,3.379334037990018,1.4579512671849826,1,1,0,0.0008250619998761977,32,0.0,0.0,9.473037522645642e-05,0.010000000000000002,-0.09524318054921563,3.044255073312931,1.398974868159966,0.061751897779631845,0.33507896467708687,0.058976399025016585,-0.03349128276958378,3.379334037990018,1.4579512671849826,False,False,False
1790735227.6363692,APPROACH,0.009460388,0.001894490000040605,0.7164778539898942,0.8062636401226593,0.7225812094908894,0.10046657907317386,0.11488629913340186,0.10043706214922352,0.717218313191977,0.805705909073349,0.7239871690666019,0.09801264485022487,0.11131186674510445,0.0989972158274022,-0.04638442243907541,3.345121756015061,1.4449336229669598,1,1,0,0.0007880519999616808,31,0.0,0.0,9.58789594390075e-05,0.010000000000000002,-0.09669997769730293,3.0461942363551535,1.3990107509964178,0.05031555525822752,0.29892751965990727,0.045922871970542,-0.04638442243907541,3.345121756015061,1.4449336229669598,False,False,False
1790735227.6463637,APPROACH,0.009994296000000001,0.0018716469999162655,0.7175304043486985,0.807473152584973,0.7236334872531573,0.10002757212372251,0.11468451247604577,0.10055260489494908,0.7181893973378967,0.8068087584986866,0.7249680080892308,0.09631573740383662,0.10938470789902101,0.0972832623577664,-0.0819919108453897,3.2784129157701747,1.4158273790846363,1,1,0,0.0007700070000282722,30,0.0,0.0,9.109155143687336e-05,0.010000000000000002,-0.0982072486930322,3.0482098637199777,1.3990464503767068,0.01621533784764249,0.230203052050197,0.01678092870792949,-0.0819919108453897,3.2784129157701747,1.4158273790846363,False,False,False
1790735227.6563792,APPROACH,0.010015566,0.001866036000137683,0.7185745987751471,0.808656223811103,0.7246924948205438,0.09851177478303828,0.11001622101332467,0.10090331785868303,0.7191455563929259,0.807894657664893,0.7259337720932602,0.09461962291017363,0.10745844960049676,0.09557010980634073,-0.09405138930065819,3.27493938101823,1.4106331605670255,1,1,0,0.0007788240000081714,30,0.0,0.0,9.210933224487935e-05,0.010000000000000002,-0.09968506062643606,3.050196292814446,1.399080243848673,0.005633671325777869,0.22474308820378394,0.011552916718352516,-0.09405138930065819,3.27493938101823,1.4106331605670255,False,False,False
1790735227.6663864,APPROACH,0.010007090000000001,0.0018816159999914817,0.7195945324100963,0.8097834673453601,0.7257406894587932,0.09558864860590316,0.10537800861216973,0.0979108375193539,0.720083963483338,0.8089603961230301,0.726881605808037,0.09292962691685051,0.10553914001451419,0.09386313721771081,-0.08678997119419843,3.3018993923071305,1.420632171259004,1,1,0,0.0007751979999284231,30,0.0,0.0,9.882059749595609e-05,0.010000000000000002,-0.10112901888238773,3.0521480665506093,1.3991123211485952,0.0143390476881893,0.2497513257565212,0.021519850110408693,-0.08678997119419843,3.3018993923071305,1.420632171259004,False,False,False
1790735227.676364,APPROACH,0.009977393000000001,0.0019034679999094806,0.7205338521358033,0.8108233876887638,0.7266963324519953,0.09246202943177918,0.10317861340291254,0.09323306234037247,0.7210027734618994,0.81000387835998,0.7278096455511845,0.09124958634812405,0.10363113669312417,0.092166220059367,-0.07215369515133263,3.3280600321089753,1.432984083172062,1,1,0,0.0007986519999576558,31,0.0,0.0,8.928781794336774e-05,0.010000000000000002,-0.102536309968101,3.0540617361766067,1.3991429101103439,0.030382614816768357,0.27399829593236846,0.033841173061718154,-0.07215369515133263,3.3280600321089753,1.432984083172062,False,False,False
1790735227.6863623,APPROACH,0.009998573,0.0018360799999754818,0.7214901793422692,0.8118979077723294,0.7276560315797607,0.09008424119999034,0.10163290545252941,0.09028986712424697,0.7219067439468202,0.81103050754964,0.7287226967328362,0.08957120989811111,0.10172502329278231,0.09047098373638578,-0.07514194740143018,3.318091929063715,1.4292077494548818,1,1,0,0.0007722720001765992,30,0.0,0.0,9.880866818800489e-05,0.010000000000000002,-0.103914219191435,3.055947601318452,1.3991724489114468,0.02877227179000482,0.2621443277452631,0.030035300543434996,-0.07514194740143018,3.318091929063715,1.4292077494548818,False,False,False
1790735227.6963813,APPROACH,0.010019454,0.0018762859999696957,0.7223819142206418,0.8129021191518158,0.7285529159714308,0.08839667500123236,0.0990430430195203,0.08940085825384925,0.7227957957896728,0.8120401938040239,0.729620679409491,0.08789486576036619,0.09982121796679867,0.08877780014095346,-0.07386793921809726,3.327159812365198,1.431312687661237,1,1,0,0.0007944940000470524,31,0.0,0.0,8.668386107056616e-05,0.010000000000000002,-0.10526257436762658,3.057805904326548,1.3992012051634573,0.031394635149529324,0.26935390803865017,0.03211148249777983,-0.07386793921809726,3.327159812365198,1.431312687661237,False,False,False
1790735227.7064087,APPROACH,0.010027068,0.001858972000036374,0.7233007899994304,0.813927829139053,0.7294854319856396,0.08669854695984365,0.09670900095627676,0.08798251494028314,0.7236687370558215,0.8130315834562707,0.730502389673117,0.08622308505796587,0.09792259528339911,0.08708922582215493,-0.08100551225475083,3.3199802728304526,1.427088349902789,1,1,0,0.0007671920000120735,30,0.0,0.0,9.820464212248542e-05,0.010000000000000002,-0.10657953086595132,3.0596345498044544,1.3992294075744378,0.025574018611200483,0.26034572302599823,0.027858942328351326,-0.08100551225475083,3.3199802728304526,1.427088349902789,False,False,False
1790735227.7163641,APPROACH,0.009955422,0.0018880079999235022,0.7241580421188099,0.8148842066076476,0.7303541400085027,0.08475696071971942,0.09466663270724121,0.08568080504852131,0.7245188871229891,0.8139970893982286,0.7313610797922713,0.08456931290543282,0.09604442470907347,0.08541884095534674,-0.07840660718624967,3.329773565976167,1.4309621642704744,1,1,0,0.0007967579999785812,31,0.0,0.0,8.608915830484595e-05,0.010000000000000002,-0.10785507213394471,3.0614198715688468,1.399257099788469,0.029448464947695045,0.2683536944073202,0.03170506448200548,-0.07840660718624967,3.329773565976167,1.4309621642704744,False,False,False
1790735227.7263637,APPROACH,0.009999505,0.001915750000080152,0.7249954835570156,0.8158208669623193,0.7311994795352437,0.08286127480509906,0.09284880909081297,0.08354977310751992,0.7253562597346972,0.8149480841266424,0.732206864101999,0.08291458801774823,0.09416517212407058,0.0837474937828323,-0.07604449049312456,3.3366202007214887,1.4335790806151774,1,1,0,0.000814602999980707,31,0.0,0.0,8.776724454267348e-05,0.010000000000000002,-0.10910424802810612,3.0631832397263805,1.399284860527226,0.033059757534981554,0.27343696099510806,0.03429422008795138,-0.07604449049312456,3.3366202007214887,1.4335790806151774,False,False,False
1790735227.736432,APPROACH,0.010069389,0.0023466520001420577,0.7257339078399951,0.8166490699223576,0.7319442965557332,0.08135550641132054,0.09134147835560671,0.08208980480955484,0.7261827978755531,0.8158867742674429,0.7330417051048606,0.08125504444660167,0.09228044701404578,0.08207127952151091,-0.06343301712714648,3.363494196143903,1.444311962386006,1,1,0,0.0008413230000314798,31,0.0,0.0,9.559699247942145e-05,0.010000000000000002,-0.1103298284366544,3.06492918740581,1.399313013372512,0.046896811309507916,0.29856500873809305,0.044998949013493966,-0.06343301712714648,3.363494196143903,1.444311962386006,False,False,False
1790735227.7463822,APPROACH,0.009949199,0.0020656359999975393,0.726580624790957,0.817602018957043,0.7327990766488091,0.08015529501463213,0.09062375668951794,0.08082181875301037,0.7269830921425111,0.8167956595335903,0.7338500386050181,0.07962224981862623,0.09042610038021033,0.08042208290576286,-0.07976206097696603,3.3320713632054875,1.4307467254713584,1,1,0,0.0008062960000643216,30,0.0,0.0,9.83062921469398e-05,0.010000000000000002,-0.11150901990021746,3.066625465510692,1.3993412684408173,0.03174695892325142,0.2654458976947956,0.03140545703054107,-0.07976206097696603,3.3320713632054875,1.4307467254713584,False,False,False
1790735227.7563906,APPROACH,0.010008493,0.0032138240001131635,0.7273369832167189,0.8184569820470546,0.7335622533094153,0.07898075043132649,0.08900333643937004,0.07988031580428959,0.7277718013831205,0.8176913878146249,0.7346466707032233,0.07798697918565381,0.08856894177513681,0.07877038541268973,-0.08050078521155934,3.337194671332166,1.4319981735674736,1,1,0,0.0010099049998189003,31,0.0,0.0,8.735128944671476e-05,0.010000000000000002,-0.11266349177324711,3.068303424944759,1.3993703690429367,0.032162706561687765,0.2688912463874071,0.03262780452453704,-0.08050078521155934,3.337194671332166,1.4319981735674736,False,False,False
1790735227.7663338,APPROACH,0.009942797000000001,0.00198611499990875,0.7281579778589595,0.819377747138125,0.734395650933398,0.07742952312395472,0.0866708234221116,0.07873210092797447,0.7285391648279542,0.8185628739136576,0.7354217425797382,0.07636994040405783,0.0867324888801687,0.07713710291625712,-0.08995525480209421,3.3255027296660407,1.4257970703040763,1,1,0,0.0007776219999868772,30,0.0,0.0,9.726780546464102e-05,0.010000000000000002,-0.11377896606455024,3.069942615777762,1.399400179987032,0.02382371126245602,0.2555601138882787,0.02639689031704429,-0.08995525480209421,3.3255027296660407,1.4257970703040763,False,False,False
1790735227.7763758,APPROACH,0.010042157000000001,0.0019126849999793194,0.7289230391819217,0.8202330163324056,0.7351733784878789,0.07553377863126452,0.08445400476067019,0.07665135842830607,0.7292979161758416,0.8194245793503161,0.7361881158478093,0.07474462687192662,0.08488663844338,0.07549546254655314,-0.08751898010858748,3.3348004983694954,1.4292726919782972,1,1,0,0.0007889940000040951,30,0.0,0.0,9.98368641504663e-05,0.010000000000000002,-0.11487391624373541,3.07157059110057,1.3994314268317656,0.027354936135147927,0.2632299072689254,0.029841265146531525,-0.08751898010858748,3.3348004983694954,1.4292726919782972,False,False,False
1790735227.7864323,APPROACH,0.010057927000000001,0.0023356799999874056,0.7295942308954029,0.8209839697076733,0.7358536289963356,0.07373695994105087,0.08266209661521336,0.07460403619168157,0.730041540121715,0.8202691047653582,0.7369392097538715,0.07312500686423351,0.08304725407874486,0.07385957289471291,-0.0721587749324836,3.366574415882081,1.442437027166812,1,1,0,0.0008762099998875783,31,0.0,0.0,9.404027402328362e-05,0.010000000000000002,-0.11593880437514087,3.073173809363109,1.399464090980083,0.04378002944265726,0.2934006065189719,0.04297293618672914,-0.0721587749324836,3.366574415882081,1.442437027166812,False,False,False
1790735227.7968423,APPROACH,0.010414005,0.0023982400000477355,0.7297044998865765,0.821107875516069,0.7359652054474832,0.07341909858014063,0.08261279737796057,0.07429711007088044,0.7307943712489976,0.821124086673557,0.7376996033306704,0.07145707055065596,0.08115299742482047,0.07217488158295489,0.02504190328094695,3.5559737126340827,1.5217747911955835,1,1,0,0.000944790000175999,34,0.0,0.0,9.71927278493532e-05,0.010000000000000002,-0.11700801348112368,3.0748054996708225,1.399499585336191,0.14204991676207063,0.48116821296326034,0.12227520585939264,0.02504190328094695,3.5559737126340827,1.5217747911955835,False,False,False
1790735227.806433,APPROACH,0.00958732,0.0023397689999455906,0.7298145860300993,0.8212317936926006,0.7360763612000438,0.0733390828444928,0.08264008678816569,0.07398093483990384,0.7314721259787242,0.8218938051550496,0.7383841663414873,0.06992994520584538,0.07941865821640111,0.07063241573493362,0.11472064296071392,3.7295690375720394,1.5945740078155208,1,1,0,0.0010223389999737265,36,0.0,0.0,9.398806604505214e-05,0.010000000000000002,-0.11796244958072304,3.0762826775646164,1.3995339663076005,0.23268309254143696,0.6532863600074228,0.1950400415079204,0.11472064296071392,3.7295690375720394,1.5945740078155208,False,False,False
1790735227.8164525,APPROACH,0.010019905,0.002400052999973923,0.7300344516473594,0.8214858166273009,0.7362976704188657,0.07389242723578336,0.08715062788745569,0.07376663107944034,0.7321648582729248,0.8226805334893366,0.7390838573716025,0.06834282790115148,0.07761618680876896,0.06902935528700586,0.16519599173086882,3.803514836066067,1.6273584626076512,1,1,0,0.0010222880000583245,37,0.0,0.0,8.953703782727337e-05,0.010000000000000002,-0.11892945385738116,3.0778013736518326,1.3995718419209175,0.28412544558825,0.7257134624142343,0.2277866206867336,0.16519599173086882,3.803514836066067,1.6273584626076512,False,False,False
1790735227.8267658,APPROACH,0.010312532000000001,0.004393142000026273,0.7306618893927848,0.8222692103509726,0.7369007762230231,0.08258998473619715,0.10774042134404951,0.07738029877952138,0.7328612652625848,0.8234714351342403,0.7397872600107666,0.06671919253131621,0.07577224224216819,0.06738940993731951,0.0017509787489560918,3.4512402883260953,1.4879961936087054,1,1,0,0.0009755089999998745,33,0.0,0.0,9.025479541285522e-05,0.010000000000000002,-0.11989229873872738,3.079338092228726,1.3996131012435837,0.12164327748768347,0.3719021960973693,0.0883830923651217,0.0017509787489560918,3.4512402883260953,1.4879961936087054,False,False,False
1790735227.8364282,APPROACH,0.009660639,0.0037190069999724074,0.731262187644691,0.8230436713317788,0.737472050056815,0.08746370591716915,0.10994907247869028,0.08639295072525768,0.7334985061317592,0.824195142476517,0.7404309021852645,0.06520753925564317,0.07405547448997002,0.06586257158073106,-0.08311983170824574,3.3125915959841157,1.4244525098264504,1,1,0,0.001024521999852368,32,0.0,0.0,8.754462248912244e-05,0.010000000000000002,-0.12076460387554291,3.0807538924221283,1.3996540302475577,0.03764477216729717,0.2318377035619876,0.024798479578892647,-0.08311983170824574,3.3125915959841157,1.4244525098264504,False,False,False
1790735227.8464608,APPROACH,0.010032599000000001,0.0022496269998555363,0.7327122894777904,0.824734796336843,0.7390157097698946,0.09172391434477654,0.09943094421156665,0.10328292684909762,0.7341448733592274,0.8249292145220403,0.7410837623954876,0.06364755975070784,0.07228382317861316,0.06428692154116321,-0.27002916951180944,3.034740833114273,1.2866663072328417,1,1,0,0.0008392390000153682,30,0.0,0.0,9.940440876575867e-05,0.010000000000000002,-0.12164025917047386,3.0822003212296942,1.399699047938108,-0.14838891034133558,-0.04745948811542131,-0.1130327407052662,-0.27002916951180944,3.034740833114273,1.2866663072328417,False,False,False
1790735227.8565068,APPROACH,0.010049581,0.0024247310000191646,0.733617510195228,0.8256721502311786,0.7400527654901401,0.08593698327061898,0.08773049178065837,0.09697083267955818,0.7347766962380843,0.8256467687131888,0.741721932154078,0.06209534020426978,0.07052098476550545,0.06271910941156442,-0.24854709523222174,3.115172075449129,1.317468470522445,1,1,0,0.0008565820000967506,28,0.0,0.0,9.065480335182344e-05,0.010000000000000002,-0.12248666791132302,3.0836252689819625,1.399746885306308,-0.1260604273208987,0.031546806467166455,-0.08227841478386297,-0.24854709523222174,3.115172075449129,1.317468470522445,False,False,False
1790735227.8664262,APPROACH,0.009915766000000001,0.003139662999956272,0.7342632304385059,0.8263373933380773,0.7407538899773698,0.07589850685160913,0.08059171045792916,0.07856232545584783,0.7353848692148547,0.8263374639745164,0.7423362144391213,0.060574301905164066,0.06879355854694987,0.061182791755731186,-0.13690400743837866,3.309968629762245,1.4092725339392138,1,1,0,0.0008672820001720538,31,0.0,0.0,9.729183117683741e-05,0.010000000000000002,-0.12329182286775685,3.085008229943714,1.3997969458836188,-0.013612184570621817,0.22496039981853097,0.00947558805559502,-0.13690400743837866,3.309968629762245,1.4092725339392138,False,False,False
1790735227.8763106,APPROACH,0.009884546000000001,0.0020518100000117556,0.7352531526208894,0.8274590040001346,0.7416868160030523,0.06354675931474174,0.07652975725128701,0.05591344898944686,0.7359761689268987,0.8270089964574325,0.7429334539616477,0.05906875260914526,0.06708372301631274,0.059662118695387525,-0.07359312985316999,3.3645749676191876,1.4479580625853796,1,1,0,0.0008127589999276097,31,0.0,0.0,9.520666989622661e-05,0.010000000000000002,-0.12406496284264643,3.08636453737097,1.399849836968662,0.05047183298947643,0.27821043024821773,0.04810822561671765,-0.07359312985316999,3.3645749676191876,1.4479580625853796,False,False,False
1790735227.886318,APPROACH,0.010007501,0.0020186660001400014,0.7360578966624534,0.8284224690787996,0.7424200943412815,0.062233241237021175,0.06991639652449488,0.06259608964741338,0.7365597189246733,0.827671727676355,0.7435228659213399,0.05755567241197572,0.06536533472529822,0.05813383908338176,-0.1033762102841282,3.3127932793600188,1.4163655280654934,1,1,0,0.0007870100000673119,30,0.0,0.0,8.702142142419672e-05,0.010000000000000002,-0.1248179046168919,3.087715492166704,1.3999065825416075,0.0214416943327637,0.22507778719331473,0.016458945523885875,-0.1033762102841282,3.3127932793600188,1.4163655280654934,False,False,False
1790735227.8963509,APPROACH,0.010032859,0.001953351999873121,0.7368354251673956,0.8292430233947465,0.7432506641028906,0.06163799784189233,0.062075921401139975,0.06727857228607242,0.7371296058417371,0.8283189418870206,0.7440984775499414,0.05605038672298569,0.06365579857022131,0.05661343227809082,-0.13233975156539857,3.301195046646635,1.401839694478738,1,1,0,0.0007976399999733985,30,0.0,0.0,8.60250276925595e-05,0.010000000000000002,-0.12554281740722867,3.0890478862765542,1.3999668541194545,-0.00679693415816989,0.21214716037008063,0.0018728403592832973,-0.13233975156539857,3.301195046646635,1.401839694478738,False,False,False
1790735227.9063883,APPROACH,0.010037408000000001,0.0019414900000356283,0.737554030709453,0.8299632414011349,0.7440180037299688,0.05738195895248318,0.05945770191816212,0.05793501604779483,0.7376846983765007,0.8289493542828419,0.7446591461815465,0.05455639329522993,0.06195908691018464,0.05510443116871082,-0.1239314830666361,3.3239458608829797,1.4165648623966534,1,1,0,0.0007903059999989637,30,0.0,0.0,9.220573786478852e-05,0.010000000000000002,-0.12623824699080272,3.090359322376998,1.4000306907535656,0.002306763924166623,0.233586538505982,0.016534171643087736,-0.1239314830666361,3.3239458608829797,1.4165648623966534,False,False,False
1790735227.9164138,APPROACH,0.010025434000000001,0.002085013999931107,0.7381595414338653,0.83060849668896,0.7446057258972498,0.053011124739385324,0.05770814184968885,0.050581742883105865,0.7382242210358546,0.8295620841449503,0.7452040885329486,0.05307646324372939,0.060278346869586434,0.05360963470707323,-0.1016842425840918,3.3527156146653185,1.4330033205036772,1,1,0,0.0007814989999133104,30,0.0,0.0,9.737087188106725e-05,0.010000000000000002,-0.1269032698029758,3.0916481285495028,1.4000981264459564,0.02521902721888401,0.26106748611581565,0.0329051940577208,-0.1016842425840918,3.3527156146653185,1.4330033205036772,False,False,False
1790735227.9263637,APPROACH,0.009949841000000001,0.0019018039999991743,0.738724741782554,0.8312277453787189,0.7451491578641427,0.05037097578825279,0.054733932542256544,0.049737331481360586,0.7387450679371204,0.8301536041570557,0.7457301675218019,0.051620149428492065,0.05862442752490936,0.05213869171497474,-0.09284654480726866,3.3638694733228567,1.435706467183212,1,1,0,0.0007879209999828163,30,0.0,0.0,9.7566417261789e-05,0.010000000000000002,-0.12753424262219096,3.092906856808013,1.4001688205415805,0.0346876978149223,0.27096261651484366,0.0355376466416315,-0.09284654480726866,3.3638694733228567,1.435706467183212,False,False,False
1790735227.9363472,APPROACH,0.009983666,0.0018655349999789905,0.7392695225520125,0.8318148591195484,0.7456987360512617,0.04891608620926928,0.052363317641883386,0.04989213776715444,0.7392531849604361,0.8307306669888636,0.7462433887566704,0.05017168199917051,0.05697941923313592,0.05067567392845717,-0.0970777756375495,3.360101893687462,1.4316092247686296,1,1,0,0.00077715099996567,30,0.0,0.0,9.544401449068056e-05,0.010000000000000002,-0.1281384823257413,3.094149931629314,1.4002436564160816,0.031060706688191792,0.2659519620581483,0.03136556835254792,-0.0970777756375495,3.360101893687462,1.4316092247686296,False,False,False
1790735227.9463599,APPROACH,0.010012660000000001,0.002211083000020153,0.739774996236183,0.8323569243053663,0.7462129247178826,0.04736713040751948,0.05111914367137582,0.0476631855213093,0.7397483193131239,0.831292985546551,0.7467434969054862,0.04873220997794938,0.055344626925935926,0.049221741912031144,-0.09831049679764003,3.361505294448472,1.4326095488211614,1,1,0,0.0008231279998653918,30,0.0,0.0,9.632331499307598e-05,0.010000000000000002,-0.12871562495532407,3.095377018953772,1.400322759612995,0.030405128157684033,0.26612827549470025,0.03228678920816634,-0.09831049679764003,3.361505294448472,1.4326095488211614,False,False,False
1790735227.956324,APPROACH,0.009964279000000001,0.001901042000099551,0.7402634902428913,0.8328868484893137,0.7467003857243268,0.0457369767832367,0.049843238232549394,0.04543650245468844,0.7402268193956145,0.8318364127492461,0.7472268036870974,0.04731314602432731,0.05373301183331455,0.04778842296931426,-0.09836900598902808,3.3635822939404783,1.4340028726016432,1,1,0,0.0007837329999347276,30,0.0,0.0,9.639758672101291e-05,0.010000000000000002,-0.12926149954006297,3.0965791458117624,1.4004056258827313,0.030892493551034888,0.2670031481287156,0.03359724671891192,-0.09836900598902808,3.3635822939404783,1.4340028726016432,False,False,False
1790735227.966313,APPROACH,0.009988684000000001,0.0018949610000618122,0.740712889041264,0.8333775230390987,0.7471475576033599,0.044230795461064565,0.04831871498253287,0.04422849081018626,0.7406923680888002,0.8323651312036705,0.7476970289782107,0.045904405064641815,0.05213312044968231,0.04636553071858477,-0.09494836672280531,3.371448342203205,1.4367698109532188,1,1,0,0.0007790649999606103,30,0.0,0.0,9.88167424573064e-05,0.010000000000000002,-0.12978040693442344,3.0977656148787256,1.400492959157941,0.034832040211618134,0.27368272732447935,0.036276851795277905,-0.09494836672280531,3.371448342203205,1.4367698109532188,False,False,False
1790735227.9763665,APPROACH,0.010053609,0.0018927460000668361,0.7411693121820369,0.8338771408505741,0.7476062479416621,0.04282548904427125,0.047033325138153885,0.04314641322105599,0.7411468051971756,0.8328812303552524,0.7481560310647941,0.044500793123744796,0.050539054035438326,0.044947819009414594,-0.09632392443310515,3.3690136878533194,1.4351571734957438,1,1,0,0.0007948739998937526,30,0.0,0.0,9.7192686078351e-05,0.010000000000000002,-0.13027428977278835,3.098941446938618,1.4005852806704737,0.033950365339683194,0.2700722409147013,0.03457189282527003,-0.09632392443310515,3.3690136878533194,1.4351571734957438,False,False,False
1790735227.9863498,APPROACH,0.009983415,0.0018546249998507847,0.7415908880526532,0.8343414219406329,0.7480316244714693,0.04155245327364577,0.045865814092981017,0.0419184759780471,0.7415841778703235,0.8333779496182188,0.7485977972979857,0.04312149796217286,0.0489726039160514,0.04355466835004316,-0.0962323298802368,3.370425922925013,1.435473641925086,1,1,0,0.0007702279999648454,30,0.0,0.0,9.801173885776457e-05,0.010000000000000002,-0.13073675456068434,3.100091307951958,1.4006814497759041,0.03450442468044753,0.270334614973055,0.03479219214918175,-0.0962323298802368,3.370425922925013,1.435473641925086,False,False,False
1790735227.9963696,APPROACH,0.010019593,0.002286015999970914,0.7418987622683311,0.8346819625821746,0.7483420204525997,0.040613210313699195,0.045012950605431215,0.04091506834309065,0.7420093646671925,0.8338608295175133,0.749027255243549,0.041752086538188904,0.047417378647121464,0.04217150071382833,-0.08177244819873039,3.400396304383445,1.4479418648276468,1,1,0,0.0008047040000747074,31,0.0,0.0,9.324345989352807e-05,0.010000000000000002,-0.13117309941766567,3.1012279959752616,1.4007825668838778,0.049400651218935276,0.2991683084081835,0.04715929794376894,-0.08177244819873039,3.400396304383445,1.4479418648276468,False,False,False
1790735228.0063121,APPROACH,0.009942538,0.001929947999997239,0.7422606112575343,0.8350872171195247,0.7487055438295558,0.03997366447991808,0.04530372155251096,0.03999075081316518,0.7424177933644426,0.8343246774301235,0.7494397867485763,0.04040827845837807,0.04589123081038594,0.040814193616249946,-0.08580231692201085,3.389725268993662,1.4438275751569112,1,1,0,0.0007991330001004826,31,0.0,0.0,8.956929508564487e-05,0.010000000000000002,-0.13157879254439367,3.1023392204564746,1.4008875534729537,0.04577647562238283,0.2873860485371872,0.04294002168395754,-0.08580231692201085,3.389725268993662,1.4438275751569112,False,False,False
1790735228.0163198,APPROACH,0.010007811,0.001864953999984209,0.742697104936652,0.8355857727644205,0.7491427670385571,0.03942246313956038,0.045074926867170406,0.039711931949159354,0.7428154877962974,0.8347763345573394,0.7498414761587932,0.03907114877622652,0.044372667555328184,0.03946363200314927,-0.10651317482406591,3.34958661575647,1.4265624239048322,1,1,0,0.0007873300000937888,30,0.0,0.0,9.214334888643152e-05,0.010000000000000002,-0.13195992628469375,3.103441370868164,1.4009979920815319,0.02544675146062783,0.24614524488830614,0.025564431823300267,-0.10651317482406591,3.34958661575647,1.4265624239048322,False,False,False
1790735228.0264063,APPROACH,0.010086421,0.0021426539999538363,0.7431250722877056,0.8360687071166026,0.749578598655777,0.038215744490590405,0.042292122950597644,0.0394430123408096,0.7432028468407876,0.8352162539004884,0.7502327263590984,0.03773959727421306,0.04286043937718994,0.03811870460493892,-0.11309410538842185,3.3464866477127786,1.4234654818398895,1,1,0,0.0009376969999266294,30,0.0,0.0,9.226851219068939e-05,0.010000000000000002,-0.13231666484829388,3.1045360221422915,1.4011142173866935,0.019222559459872023,0.2419506255704872,0.02235126445319611,-0.11309410538842185,3.3464866477127786,1.4234654818398895,False,False,False
1790735228.0363688,APPROACH,0.009962485,0.001859082999999373,0.7435170836638294,0.8364958390378696,0.7499856851667186,0.03637432275476491,0.039421685701927,0.03766383239753497,0.7435723428808514,0.8356358864288961,0.7506059341149085,0.036440597951034735,0.041385180345209285,0.03680665638347886,-0.10707838035398495,3.3647740972745903,1.4304312052960344,1,1,0,0.0007731430000603723,30,0.0,0.0,9.743680872135051e-05,0.010000000000000002,-0.13264227590347147,3.1056017554497304,1.401233940751035,0.025563895549486515,0.2591723418248598,0.029197264544999314,-0.10707838035398495,3.3647740972745903,1.4304312052960344,False,False,False
1790735228.0463643,APPROACH,0.009995368000000001,0.0019219419998535159,0.7438876359769058,0.8369002645566122,0.7503658104919149,0.03434243467418994,0.03802781980712418,0.034735351878603646,0.743930135265072,0.8360422272459982,0.7509673206475974,0.035153825853114946,0.03992380763647519,0.03550695821399158,-0.1006579800122164,3.373839813957579,1.4352575808125292,1,1,0,0.0007682739999381738,30,0.0,0.0,9.837823676056466e-05,0.010000000000000002,-0.13294250313672837,3.1066560122319276,1.4013590526940596,0.03228452312451196,0.26718380172565154,0.03389852811846968,-0.1006579800122164,3.373839813957579,1.4352575808125292,False,False,False
1790735228.0563633,APPROACH,0.009999105000000001,0.0018320510000648937,0.7442389422770166,0.8372936896717009,0.7507186570488411,0.03278437749533994,0.03690909985813105,0.032915218741736925,0.7442752766218524,0.8364342004324464,0.7513159290688921,0.03388346973237547,0.03848107836979062,0.03422384092586323,-0.09956935236390091,3.372675070429671,1.4351212413275933,1,1,0,0.0007647669999641948,30,0.0,0.0,9.69637057961772e-05,0.010000000000000002,-0.1332165825250526,3.1076960899906605,1.4014892845279117,0.0336472301611517,0.2649789804390106,0.03363195679968175,-0.09956935236390091,3.372675070429671,1.4351212413275933,False,False,False
1790735228.0663748,APPROACH,0.010011589000000001,0.0018601449999096076,0.7445764540631412,0.8376729922645572,0.7510595151270278,0.03161981062492039,0.03529331591924669,0.032219458614025254,0.7446082088447317,0.8368123078418007,0.7516522057113053,0.03262880822424572,0.03705617329946458,0.03295657590816619,-0.10132206869861146,3.3713601803021405,1.4337529736993215,1,1,0,0.0007692060000863421,30,0.0,0.0,9.635860163452729e-05,0.010000000000000002,-0.13346495293704655,3.108723319517297,1.401624826827986,0.03214288423843509,0.2626368607848436,0.032128146871335396,-0.10132206869861146,3.3713601803021405,1.4337529736993215,False,False,False
1790735228.0763888,APPROACH,0.010014103,0.0019655259998216934,0.7448868846285048,0.838017606861694,0.7513773943532396,0.03049585991575086,0.03375341241324541,0.031262246198325405,0.7449287468512711,0.8371763392780016,0.7519759636331812,0.03139148070147878,0.03565095424283417,0.03170681900172083,-0.10062292737359085,3.375980527551283,1.4351664427141406,1,1,0,0.000794574000110515,30,0.0,0.0,9.791116890597356e-05,0.010000000000000002,-0.13368757714099438,3.109737103993088,1.401765616041641,0.03306464976740353,0.2662434235581948,0.033400826672499585,-0.10062292737359085,3.375980527551283,1.4351664427141406,False,False,False
1790735228.0864239,APPROACH,0.010035073,0.002285345000018424,0.7452003222345542,0.8383647761592146,0.7516981874876105,0.02925808119352557,0.03255029554709772,0.029809896983057936,0.7452376166691959,0.8375271192826321,0.7522879361554449,0.03016962329168014,0.0342633044208254,0.030472687610888678,-0.1017081782854167,3.374814108212303,1.4347391943114678,1,1,0,0.000937846999931935,30,0.0,0.0,9.68348054646598e-05,0.010000000000000002,-0.13388504968729412,3.1107397244826975,1.401911985634416,0.03217687140187742,0.26407438372960557,0.03282720867705189,-0.1017081782854167,3.374814108212303,1.4347391943114678,False,False,False
1790735228.096367,APPROACH,0.009942968,0.0019277840001450386,0.7454867357123947,0.8386842655559974,0.7519894160914005,0.028079321083674027,0.031363593438660804,0.02854679867800669,0.7455316488300612,0.8378610483257576,0.7525849219712432,0.028977163150044477,0.032909040748138746,0.029268248793963822,-0.10121178010393378,3.3763268441972056,1.4353438085777712,1,1,0,0.0007877719999669353,30,0.0,0.0,9.731810367830011e-05,0.010000000000000002,-0.13405569328195427,3.111720479409599,1.4020622807590182,0.03284391317802049,0.26460636478760646,0.033281527818753084,-0.10121178010393378,3.3763268441972056,1.4353438085777712,False,False,False
1790735228.106403,APPROACH,0.010035955000000001,0.0019507469999098248,0.7457749734732113,0.839006170262814,0.7522830896066086,0.026896242298758016,0.03001477415027683,0.027479452974124532,0.7458165006518614,0.838184551360277,0.7528726352282896,0.027792260717467872,0.03156336028127178,0.028071443605904144,-0.1020192087757321,3.3756054051582813,1.4347270619084525,1,1,0,0.0008036820001962042,30,0.0,0.0,9.65847242059851e-05,0.010000000000000002,-0.1342029654003398,3.1126980850217927,1.402219346649346,0.03218375662460769,0.2629073201364888,0.03250771525910653,-0.1020192087757321,3.3756054051582813,1.4347270619084525,False,False,False
1790735228.1163652,APPROACH,0.009962265000000001,0.0018476200000350218,0.7460381328052215,0.8392993919146639,0.7525526599474688,0.02578558324600485,0.028699791764129803,0.026444832884075065,0.7460875942487527,0.8384924293323359,0.7531464520542908,0.0266350034360082,0.03024907610395478,0.02690256127408292,-0.10131643096809217,3.3783048734577354,1.4355757481261178,1,1,0,0.0007676929999433924,30,0.0,0.0,9.741313095325987e-05,0.010000000000000002,-0.1343246351368941,3.1136567278266996,1.4023806324072952,0.03300820416880194,0.26464814563103584,0.03319511571882255,-0.10131643096809217,3.3783048734577354,1.4355757481261178,False,False,False
1790735228.1263638,APPROACH,0.009998463,0.0019034179999835033,0.7462901983726367,0.839580123285737,0.7528111283858987,0.024691191312986985,0.027549369210298748,0.025279023953303455,0.7463481773014686,0.8387883705966929,0.7534096527540587,0.02549287701165072,0.028951975872159016,0.02574896179406606,-0.10075226756810698,3.380096840842129,1.4362613131951694,1,1,0,0.0007838039998659951,30,0.0,0.0,9.761829685871583e-05,0.010000000000000002,-0.13442247619924705,3.1146075097549084,1.402547925046972,0.033670208631140064,0.2654893310872204,0.033713388148197534,-0.10075226756810698,3.380096840842129,1.4362613131951694,False,False,False
1790735228.1363628,APPROACH,0.009999025,0.0018417289998069464,0.7465315954096035,0.8398498562882128,0.7530581819573117,0.02365364947333807,0.0264650120081004,0.024203816195014008,0.7465974528779125,0.839071470086461,0.7536614323900375,0.024370418501631262,0.02767721227114486,0.02461522779940134,-0.10086661431374422,3.380413610369177,1.4363117385907305,1,1,0,0.0007725220000338595,30,0.0,0.0,9.74633407221222e-05,0.010000000000000002,-0.13449630462890003,3.115547442544121,1.4027206925892854,0.0336296903151558,0.2648661678250557,0.033591046001445087,-0.10086661431374422,3.380413610369177,1.4363117385907305,False,False,False
1790735228.1463633,APPROACH,0.010000648000000001,0.001845416999913141,0.7467628720554327,0.8401087128174032,0.7532951069992206,0.022657416991436603,0.025355355197459812,0.0232432561849632,0.7468356428880124,0.8393419798222688,0.7539020151013175,0.023267877203777307,0.02642506842567233,0.02350161109219928,-0.1012981300114636,3.380341251014677,1.43610347422469,1,1,0,0.0007724120000602852,30,0.0,0.0,9.72749736594575e-05,0.010000000000000002,-0.1345464248507057,3.1164770878714894,1.4028989857126797,0.0332482948392421,0.2638641631431876,0.03320448851201036,-0.1012981300114636,3.380341251014677,1.43610347422469,False,False,False
1790735228.1563623,APPROACH,0.009998834,0.0018930670000827376,0.7469843224984682,0.840356190170894,0.7535228062324011,0.02167862207232287,0.024201946723226026,0.022324617796331443,0.7470628685520121,0.8396000374725939,0.7541315233258418,0.02218599505776944,0.02519638694835518,0.022408861065181637,-0.10166787218525297,3.3807041790752193,1.4360289121624168,1,1,0,0.0007985919999100588,30,0.0,0.0,9.723323869091501e-05,0.010000000000000002,-0.1345731300592636,3.1173965938420127,1.4030827697682402,0.03290525787401064,0.26330758523320635,0.03294614239417657,-0.10166787218525297,3.3807041790752193,1.4360289121624168,False,False,False
1790735228.1663601,APPROACH,0.009997903,0.0017579909999767551,0.7471959346446129,0.8405922523981317,0.7537409556774053,0.020689571662370104,0.02308308727364983,0.021326077826084196,0.7472793607844366,0.839845905284485,0.7543501902977516,0.021125033323655774,0.023991464549313887,0.02133724160284423,-0.1018073360210878,3.3812820234681062,1.4361436274664785,1,1,0,0.0007403110000723245,30,0.0,0.0,9.721305479490366e-05,0.010000000000000002,-0.13457674725837884,3.11830651495691,1.4032720818249673,0.032769411237291046,0.26297550851119633,0.03287154564151122,-0.1018073360210878,3.3812820234681062,1.4361436274664785,False,False,False
1790735228.176336,APPROACH,0.009976011,0.0018574900000203343,0.7473976352804934,0.8408172957168834,0.7539489347225912,0.019702365831455758,0.021988730090941943,0.020314578250388557,0.7474849114926782,0.8400793469294903,0.7545578058340773,0.020087510542658112,0.02281316150770224,0.020289296546028054,-0.10185169983918646,3.381779061393332,1.436263109189386,1,1,0,0.0008124179998958425,30,0.0,0.0,9.712949318291185e-05,0.010000000000000002,-0.13455766690141382,3.1192054454276237,1.4034665254813028,0.032705967062227365,0.2625736159657082,0.03279658370808334,-0.10185169983918646,3.381779061393332,1.436263109189386,False,False,False
1790735228.186318,APPROACH,0.009981822000000001,0.0018263710001065192,0.7475895496047293,0.8410314724794059,0.7541469018184115,0.01873250300201974,0.020908778752125143,0.01932433312888572,0.7476803294178374,0.8403012808858504,0.7547551868000036,0.019070861362866263,0.021658564381990146,0.019262434772974145,-0.10186751555502538,3.3822639735085382,1.4363829871879163,1,1,0,0.0007718209999438841,30,0.0,0.0,9.704402761508012e-05,0.010000000000000002,-0.1345162150112148,3.1200963746115145,1.4036666433083829,0.03264869945618943,0.26216759889702373,0.03271634387953338,-0.10186751555502538,3.3822639735085382,1.4363829871879163,False,False,False
1790735228.196425,APPROACH,0.01010715,0.0018576209999991988,0.7477807749039531,0.8412446349564879,0.7543444875265299,0.01774284007512425,0.019750424459950188,0.018362401958747318,0.7478679727525347,0.8405143853266024,0.754944715077013,0.01806371507091398,0.02051475957992678,0.018245171347560735,-0.10254485420618195,3.3816262793611815,1.4359587551387045,1,1,0,0.0007900760001575691,30,0.0,0.0,9.649085777929197e-05,0.010000000000000002,-0.13445178983445327,3.1209902859034764,1.4038749544261289,0.031906935628271314,0.26063599345770533,0.0320838007125757,-0.10254485420618195,3.3816262793611815,1.4359587551387045,False,False,False
1790735228.2064183,APPROACH,0.009993144,0.0021556579999923997,0.7479532363556629,0.8414361937897201,0.7545232764818905,0.016791782681553163,0.018616021795213142,0.017425945495301968,0.74804360377659,0.840713847520239,0.7551221103755581,0.017090332853831502,0.01940930026082046,0.017262011168847853,-0.10202867887382658,3.3834328976502928,1.43658314719305,1,1,0,0.0008217550000608753,30,0.0,0.0,9.693734712720033e-05,0.010000000000000002,-0.13436621844100385,3.1218664803012817,1.404086545167181,0.03233753956717728,0.26156641734901087,0.032496602025869084,-0.10202867887382658,3.3834328976502928,1.43658314719305,False,False,False
1790735228.216449,APPROACH,0.010030975000000001,0.001943924999977753,0.748116229757736,0.8416166216783587,0.7546925792705741,0.01586612164689198,0.017553313596416254,0.016466973480070198,0.7482102310295217,0.8409030842315101,0.7552904114569788,0.016136046318770556,0.01832552769464113,0.016298138494898726,-0.10149468558858799,3.385114583866631,1.4372232138102115,1,1,0,0.0007869999999456923,30,0.0,0.0,9.712748289983574e-05,0.010000000000000002,-0.13425879582227265,3.1227388438580332,1.4043045725079413,0.032764110233684675,0.26237574000859804,0.03291864130227023,-0.10149468558858799,3.385114583866631,1.4372232138102115,False,False,False
1790735228.2264318,APPROACH,0.009982804000000001,0.0022137789999305824,0.7482730546091529,0.8417869897592407,0.7548524083742114,0.015053270818445116,0.016712668346919424,0.015370446347933962,0.7483666693673257,0.8410807495055986,0.7554484212720891,0.015209377459172148,0.017273120214217758,0.015362160925531197,-0.1027680091656694,3.3843219020906266,1.437155334010752,1,1,0,0.000918831000035425,30,0.0,0.0,9.656575057834227e-05,0.010000000000000002,-0.13413082370782678,3.12360039239978,1.4045271617038302,0.03136281454215738,0.2607215096908468,0.032628172306921735,-0.1027680091656694,3.3843219020906266,1.437155334010752,False,False,False
1790735228.2364013,APPROACH,0.009969248,0.0020366910000575444,0.7484162891842283,0.8419531222176531,0.7549950279165598,0.013738008813619517,0.01655856421652961,0.013218182579045126,0.7485137792748278,0.8412478205855167,0.7555970089495831,0.014307274926604127,0.01624861243719492,0.014450996460460877,-0.1002529349186421,3.3807270760341424,1.4371435083288226,1,1,0,0.000799793999931353,30,0.0,0.0,9.518662690210845e-05,0.010000000000000002,-0.13398240461360003,3.124454659263619,1.404755032920764,0.03372946969495794,0.2562724167705233,0.03238847540805857,-0.1002529349186421,3.3807270760341424,1.4371435083288226,False,False,False
1790735228.2464314,APPROACH,0.010030324,0.002249516999881962,0.7485481884530438,0.8421170058787091,0.7551171767576941,0.01283105965663097,0.016296804089879543,0.011186151202050468,0.7486528335796481,0.8414057430073854,0.7557374601030753,0.01342353248046657,0.01524495600539697,0.01355837651525066,-0.10076266449272091,3.376787765690977,1.4372225450869414,1,1,0,0.0009231889998773113,30,0.0,0.0,9.356984098058451e-05,0.010000000000000002,-0.1338126393727539,3.1253084877488697,1.4049899295050339,0.03304997488003299,0.2514792779421074,0.03223261558190745,-0.10076266449272091,3.376787765690977,1.4372225450869414,False,False,False
1790735228.2564442,APPROACH,0.010012701,0.002312095999968733,0.7486714348847245,0.8422790654355339,0.75521794335679,0.011941574469051272,0.016183141913177587,0.00898749609721521,0.7487829239944007,0.8415534852393584,0.7558688573211181,0.012565621762494946,0.014270636378944863,0.012691847786866045,-0.10190478900645394,3.371074866476047,1.4370302305997367,1,1,0,0.0009535970000342786,30,0.0,0.0,9.14859789140879e-05,0.010000000000000002,-0.13362309282317722,3.126155637586098,1.405230039723441,0.03171830381672328,0.24491922888994894,0.03180019087629568,-0.10190478900645394,3.371074866476047,1.4370302305997367,False,False,False
1790735228.2664533,APPROACH,0.010009284,0.002433858000131295,0.748788197623707,0.8424402684257553,0.7552979177931363,0.009877316403489208,0.01567436355997187,0.007409645356388789,0.7489045073611511,0.8416915661118706,0.7559916620349141,0.011732633201818797,0.013324620568353592,0.011850491567482024,-0.09131210411960214,3.3701065740859173,1.4375778904704117,1,1,0,0.0009885040001336165,30,0.0,0.0,9.081817087316406e-05,0.010000000000000002,-0.13341393056337683,3.126997826264198,1.4054756785575762,0.0421018264437747,0.24310874782171896,0.03210221191283559,-0.09131210411960214,3.3701065740859173,1.4375778904704117,False,False,False
1790735228.2763817,APPROACH,0.009928751000000001,0.0023507899998094217,0.7488789973373313,0.8425711513162915,0.7553534483014062,0.01104181387485171,0.015222097149219752,0.006202049531011274,0.7490169979032333,0.8418193203649006,0.7561052825834674,0.010931055368555213,0.012414277570280104,0.011040861607150693,-0.10772017650139169,3.364491232702827,1.4376029188028763,1,1,0,0.0009514130001662124,30,0.0,0.0,8.846014335182632e-05,0.010000000000000002,-0.13318738198749847,3.1278291187889584,1.4057248727579805,0.02546720548610677,0.2366621139138683,0.03187804604489583,-0.10772017650139169,3.364491232702827,1.4376029188028763,False,False,False
1790735228.286502,APPROACH,0.010119925,0.0023117749999528314,0.7489817938514935,0.8427268934958345,0.7554015620744758,0.012284187076849636,0.016005939335240704,0.0034859040821556483,0.7491235933780003,0.8419403796557811,0.7562129488467119,0.010139760115629348,0.011515612383922616,0.010241617519239304,-0.13302579272344164,3.340268281161803,1.4323404674617164,1,1,0,0.0009241709999514569,29,0.0,0.0,9.533920750697488e-05,0.010000000000000002,-0.13293731437941483,3.12867270771291,1.4059845214963078,-8.847834402680909e-05,0.21159557344889338,0.026355945965408637,-0.13302579272344164,3.340268281161803,1.4323404674617164,False,False,False
1790735228.2963657,APPROACH,0.009863657000000001,0.002319209999996019,0.7490667658541108,0.8428710693801627,0.7554352132653275,0.010561185908221747,0.015405341826311689,0.00352122368126475,0.749219909144154,0.8420497643963311,0.7563102321381083,0.009393868089299937,0.010668511135222615,0.009488232749066954,-0.12612762263124813,3.3312938246225596,1.4283406759026398,1,1,0,0.0009258550001050025,29,0.0,0.0,9.237677647721565e-05,0.010000000000000002,-0.13267534800368477,3.1294918298270895,1.4062430753999793,0.006547725372436651,0.20180199479546995,0.02209760050266044,-0.12612762263124813,3.3312938246225596,1.4283406759026398,False,False,False
1790735228.3063653,APPROACH,0.009999776,0.0022589349998725083,0.7491176551081802,0.842999350883261,0.7554579385544908,0.012510266253085024,0.015326495857217577,0.001159896214599396,0.749310172680507,0.842152275687051,0.7564014024029588,0.008663630015886378,0.009839187906120657,0.008750659181191313,-0.14852435421511803,3.322181617523621,1.4289390844020338,1,1,0,0.0009080299998913688,29,0.0,0.0,8.845406683053018e-05,0.010000000000000002,-0.1323917840985857,3.130319635984846,1.406510702501416,-0.01613257011653232,0.19186198153877476,0.022428381900617606,-0.14852435421511803,3.322181617523621,1.4289390844020338,False,False,False
1790735228.316381,APPROACH,0.010015526,0.0023482550000153424,0.7491375127316395,0.8431175007351035,0.7554596246684966,-0.0023970483067333385,0.009366693939144787,3.321992389410805e-05,0.7493933916030497,0.842246786488498,0.7564854572884123,0.007958819300005932,0.009038742243150407,0.008038768397465337,0.010357455359162687,3.437656801629271,1.468912590585352,1,1,0,0.0009463439998853573,31,0.0,0.0,9.600209354549666e-05,0.010000000000000002,-0.1320900223650663,3.1311466174028384,1.4067842874849055,0.142447477724229,0.3065101842264325,0.062128303100446466,0.010357455359162687,3.437656801629271,1.468912590585352,False,False,False
1790735228.326339,APPROACH,0.009957847,0.0022112940000624803,0.7491662150716136,0.8432239641216501,0.7554757009578967,0.011851374683611414,0.01340311599409887,0.0012450560835491255,0.7494692662490114,0.8423329564770086,0.7565620941214819,0.007284827162689861,0.008273296895860583,0.00735800577560351,-0.13641033156748253,3.3265483005237275,1.4307630057511451,1,1,0,0.0008902659999421303,28,0.0,0.0,9.03771751458485e-05,0.010000000000000002,-0.13177278738150383,3.131967241618892,1.4070617683019744,-0.004637544185978686,0.19458105890483554,0.02370123744917063,-0.13641033156748253,3.3265483005237275,1.4307630057511451,False,False,False
1790735228.3364086,APPROACH,0.010069899,0.002249316000188628,0.7492413055541514,0.8433438357403134,0.7554831221990037,-0.0023776585213964438,0.008672969566350192,3.48622572256263e-05,0.7495393072456638,0.8424125012551131,0.7566328387042136,0.006630783875232023,0.00753050723468688,0.006697392396708667,-0.0018089342967410604,3.4125101553800308,1.459894909263209,1,1,0,0.0009479060001922335,31,0.0,0.0,8.962907351891576e-05,0.010000000000000002,-0.13143494375033316,3.1327960130766677,1.4073478956551801,0.1296260094535921,0.279714142303363,0.052547013608028846,-0.0018089342967410604,3.4125101553800308,1.459894909263209,False,False,False
1790735228.3463995,APPROACH,0.009990789,0.0022611589999996795,0.7493164608514711,0.8434625292577822,0.7554945413845688,0.012455655074746157,0.01301288264889574,0.00045490998029720266,0.7496024279536544,0.8424841867386286,0.7566965934815862,0.006009638050908105,0.00682507885519485,0.0060700069473633165,-0.1632450991558289,3.290858823162622,1.4191511508234524,1,1,0,0.0008793260001311864,27,0.0,0.0,8.920632558913984e-05,0.010000000000000002,-0.13108323738565797,3.1336177242002705,1.4076372393406915,-0.03216186177017095,0.15724109896235158,0.011513911482760961,-0.1632450991558289,3.290858823162622,1.4191511508234524,False,False,False
1790735228.3563929,APPROACH,0.009993485,0.002165766999951302,0.7494218687774756,0.8435740504502602,0.7554979212371338,0.011562246099403383,0.013145129426615143,-3.714019799823387e-06,0.7496594973067514,0.8425489997659361,0.7567542361161086,0.005416383945575973,0.006151326789636087,0.005470793398991014,-0.1784434467194693,3.26333525878608,1.4094496262658764,1,1,0,0.000838907999877847,27,0.0,0.0,9.546981090471648e-05,0.010000000000000002,-0.13071539844010066,3.134439643594866,1.407932078623975,-0.047728048279368634,0.12889561519121437,0.0015175476419013565,-0.1784434467194693,3.26333525878608,1.4094496262658764,False,False,False
1790735228.366373,APPROACH,0.009979988,0.0022469220000402856,0.7494757518411843,0.8436895900704231,0.7554976963460627,-0.0019906977977885323,0.007469028490857842,2.6016978371547206e-05,0.7497107143823096,0.8426071664269656,0.7568059676849366,0.004852335517670505,0.005510743285938757,0.00490107890919438,-0.04083116663329485,3.35826425498412,1.4407181074648585,1,1,0,0.0009189620000142895,30,0.0,0.0,8.582089568212691e-05,0.010000000000000002,-0.13033247327245037,3.1352609755153895,1.4082318981179376,0.08950130663915552,0.2230032794687306,0.03248620934692103,-0.04083116663329485,3.35826425498412,1.4407181074648585,False,False,False
1790735228.3763666,APPROACH,0.009993795,0.001818184000057954,0.749502333322213,0.8437762692152786,0.7554996473629023,0.011773490864477237,0.011223957516327425,-5.3955950138255895e-05,0.7497565051648517,0.8426591705075847,0.756852218451755,0.00431635138988208,0.0049020320946323095,0.004359710635133252,-0.18416821706598466,3.2559971300354844,1.407522365721729,1,1,0,0.0007052839998777927,26,0.0,0.0,8.555895010015762e-05,0.010000000000000002,-0.1299338441788758,3.136084508602931,1.4085374878337762,-0.054234372887108855,0.11991262143255331,-0.0010151221120470453,-0.18416821706598466,3.2559971300354844,1.407522365721729,False,False,False
1790735228.3863685,APPROACH,0.010001719000000001,0.002050106000069718,0.7495325598745088,0.8438532278878021,0.7554995692318442,-0.0024784318746194213,0.006197300727164627,3.351859585655134e-05,0.749797115526292,0.842705291241782,0.7568932367583467,0.0038092442593577465,0.004326116186795369,0.0038475094377791036,-0.04590960760485094,3.342661304363905,1.4351146082290482,1,1,0,0.0007518130000789824,29,0.0,0.0,9.67133844035761e-05,0.010000000000000002,-0.12952013359085313,3.1369103090956703,1.4088486532599525,0.08361052598600219,0.2057509952682346,0.02626595496909574,-0.04590960760485094,3.342661304363905,1.4351146082290482,False,False,False
1790735228.3964453,APPROACH,0.010077334,0.003269090000003416,0.7495386972525067,0.8439242405458582,0.7555018461004606,-0.001335896063344999,0.005017597766388576,3.5411166090797315e-05,0.7498330540319317,0.8427461062014936,0.7569295362787277,0.0033283610228462502,0.0037799824626792667,0.0033617955625392694,-0.050354839087665526,3.346432739986847,1.4372191811338275,1,1,0,0.0009711110001262568,28,0.0,0.0,9.81770680582344e-05,0.010000000000000002,-0.12908880573966167,3.1377445470331864,1.4091675332914644,0.07873396665199614,0.2086881929536605,0.02805164784236318,-0.050354839087665526,3.346432739986847,1.4372191811338275,False,False,False
1790735228.4064112,APPROACH,0.009965842,0.002137492999963797,0.7495856158322161,0.8439885094734167,0.7555017528715355,0.010600177994445646,0.009718653531954613,-7.209727312050204e-06,0.7498639791307478,0.8427812274910349,0.7569607720308764,0.0028828771276296133,0.0032740513753464,0.0029118366272428507,-0.1881126092471489,3.232748330205544,1.3989129475691549,1,1,0,0.0007335780001085368,25,0.0,0.0,8.562456540019519e-05,0.010000000000000002,-0.1286483955544995,3.1385722794384527,1.4094881437258162,-0.05946421369264939,0.0941760507670916,-0.01057519615666129,-0.1881126092471489,3.232748330205544,1.3989129475691549,False,False,False
1790735228.4164634,APPROACH,0.010052096,0.0025120779998815124,0.7496095282363289,0.8440263558929395,0.7555016895393116,0.0025552547791729673,0.007452454880256523,3.307436550874926e-05,0.7498908280419445,0.842811719499795,0.7569878906486888,0.002464251135277363,0.002798622508510307,0.0024890053917508816,-0.11673926205620719,3.269410573549576,1.4098801696232037,1,1,0,0.0009071290000974841,27,0.0,0.0,9.52793847841667e-05,0.010000000000000002,-0.12819067602877443,3.139410488451552,1.409816789654122,0.011451413972567237,0.1300000850980241,6.337996908161203e-05,-0.11673926205620719,3.269410573549576,1.4098801696232037,False,False,False
1790735228.4263663,APPROACH,0.009903222000000001,0.0028074900001229253,0.7496063732595433,0.8440803083790254,0.7555018379636431,-0.002374156845584787,0.0038482921506025934,3.0454496094903076e-05,0.7499133160520373,0.8428372588818476,0.7570106045586346,0.002082393494137066,0.002364951047739487,0.002103311858298377,-0.05715802749655957,3.323810089876742,1.4289999798624253,1,1,0,0.0010531670000091253,28,0.0,0.0,9.383956048941922e-05,0.010000000000000002,-0.12772693325328308,3.140240096744764,1.4101456978180786,0.0705689057567235,0.18356999313197803,0.018854282044346728,-0.05715802749655957,3.323810089876742,1.4289999798624253,False,False,False
1790735228.4364395,APPROACH,0.010072484000000001,0.002605846000051315,0.7496143157922068,0.8441340643633124,0.7555019035096393,-0.0019453064152122506,0.003383160076138067,2.3474216030945627e-05,0.7499324668897598,0.8428590082744886,0.7570299477731575,0.00172554683416116,0.001959684279105985,0.0017428805499819242,-0.061018377664723414,3.3187226355827013,1.4274349188906958,1,1,0,0.0009672640001099353,28,0.0,0.0,8.579804650624794e-05,0.010000000000000002,-0.12724269962706555,3.1410883443539404,1.410485411204366,0.06622432196234214,0.17763429122876104,0.016949507686329718,-0.061018377664723414,3.3187226355827013,1.4274349188906958,False,False,False
1790735228.44646,APPROACH,0.010020646000000001,0.0031441520000043965,0.7496607063617997,0.8441978318862287,0.7555018199001458,0.011085238910603893,0.008652107802761582,-4.333589843787122e-05,0.7499481126713853,0.8428767770140434,0.7570457507220805,0.0014025128674640304,0.0015928182088139245,0.0014166015951637366,-0.21119673734518934,3.1917993924122956,1.3843951002668806,1,1,0,0.000877210999988165,23,0.0,0.0,8.226867696887694e-05,0.010000000000000002,-0.1267488597198047,3.141937272181756,1.4108285235355593,-0.08444787762538462,0.04986212023053964,-0.026433423268678806,-0.21119673734518934,3.1917993924122956,1.3843951002668806,False,False,False
1790735228.4563909,APPROACH,0.009931667,0.0027230889998008934,0.7497031541155659,0.8442547662051059,0.7555017234251951,0.01143882257685525,0.00949535013768506,-0.00012389248598644684,0.7499605839556364,0.8428909405123636,0.7570583472847029,0.001114229466452462,0.0012654179680872137,0.001125422287503881,-0.23395848440928874,3.1544748395486426,1.370554891983447,1,1,0,0.0009633059999032412,22,0.0,0.0,9.539746387144563e-05,0.010000000000000002,-0.12624797172939473,3.142784207010329,1.4111736145473,-0.10771051267989402,0.011690632538313567,-0.04061872256385307,-0.23395848440928874,3.1544748395486426,1.370554891983447,False,False,False
1790735228.4663632,APPROACH,0.009971632000000001,0.0025873299998693255,0.7496821525287336,0.8442989209218474,0.7554997052063159,-0.005435455592171181,0.004544639517379702,-0.0018726932482817345,0.7499703856919229,0.8429020722348577,0.7570682474828264,0.0008571308227844819,0.000973433908193215,0.0008657409988801001,-0.0596227893978679,3.266456560977972,1.4087506097423697,1,1,0,0.00095433900014541,27,0.0,0.0,8.964491643134666e-05,0.010000000000000002,-0.12573409575070124,3.1436406871954645,1.4115250860403583,0.06611130635283334,0.12281587378250737,-0.0027744762979887636,-0.0596227893978679,3.266456560977972,1.4087506097423697,False,False,False
1790735228.4764962,APPROACH,0.01013289,0.004449499999964246,0.7496065774200256,0.8443442105293588,0.7554802227987514,-0.005154976953137415,0.003925269249741133,-1.672518054523977e-05,0.7499778888292743,0.8429105934641982,0.7570758259917924,0.0006295019000378093,0.0007149182814102779,0.0006358254647350208,-0.04858317095712836,3.261819474347012,1.4046205290281306,1,1,0,0.0009321659999841359,25,0.0,0.0,9.276285398450242e-05,0.010000000000000002,-0.12520114584231684,3.1445179244781087,1.4118873216830958,0.07661797488518848,0.11730154986890326,-0.007266792654965237,-0.04858317095712836,3.261819474347012,1.4046205290281306,False,False,False
1790735228.4864051,APPROACH,0.009909514000000001,0.002626285000133066,0.7495904594021203,0.8443770666226413,0.7554801596025271,-0.0022471471389468533,0.0011656432375622863,2.852992100870269e-05,0.7499831611295611,0.8429165811567847,0.7570811512541622,0.00044009345850792847,0.0004998092285305195,0.00044451434978328016,-0.06719678720457081,3.28254383091111,1.4143142663260155,1,1,0,0.0009017190000122355,26,0.0,0.0,9.589490570671546e-05,0.010000000000000002,-0.12466994242461037,3.1453831532032335,1.412246481540103,0.057473155220039554,0.13716067770787682,0.002067784785912414,-0.06719678720457081,3.28254383091111,1.4143142663260155,False,False,False
1790735228.4964297,APPROACH,0.010024022,0.0023725309999917954,0.7496609659856963,0.8444194870609198,0.7554799867561206,0.009985547994744083,0.005480781480265526,-5.082066946006901e-06,0.7499867532930867,0.8429206607368053,0.7570847795022151,0.0002823230048487403,0.0003206310853341731,0.0002851590372523993,-0.20518763582047328,3.1771761201284114,1.3794578342477266,1,1,0,0.0007872700000461919,21,0.0,0.0,9.820361762946902e-05,0.010000000000000002,-0.12412303917283361,3.1462663609572705,1.412614686388496,-0.08106459664763965,0.030909759171141075,-0.03315685214076948,-0.20518763582047328,3.1771761201284114,1.3794578342477266,False,False,False
1790735228.5063896,APPROACH,0.009960462,0.0027231189999383787,0.7497085552190246,0.8444558781024885,0.7554777776207509,-0.0020984463724106725,0.0016287590129892343,2.0349438847741368e-05,0.7499889261237745,0.8429231283963644,0.75708697415974,0.00015967167855316937,0.0001813373430870819,0.000161275635887663,-0.09644071305240437,3.2435873430662987,1.4005715799567278,1,1,0,0.0010004559999288176,26,0.0,0.0,8.683733801559118e-05,0.010000000000000002,-0.12357058057205118,3.1471525256050863,1.4129853877402165,0.02712986751964681,0.09643481746121232,-0.012413807783488755,-0.09644071305240437,3.2435873430662987,1.4005715799567278,False,False,False
1790735228.5163794,APPROACH,0.009988885000000001,0.0023439569999936793,0.7496918428780015,0.8444821201162762,0.7554779594516443,-0.0012052353871703227,0.0016390206276358607,6.214501960709155e-06,0.7499900504476912,0.842924405278487,0.75708810977788,7.125023980952881e-05,8.091810206075479e-05,7.19659731553699e-05,-0.09989017625339779,3.2374466240769237,1.3986579226441505,1,1,0,0.0008322060000409692,24,0.0,0.0,9.297446465517307e-05,0.010000000000000002,-0.12300802212893605,3.1480503996357068,1.4133619374631976,0.02311784587553827,0.08939622444121718,-0.01470401481904717,-0.09989017625339779,3.2374466240769237,1.3986579226441505,False,False,False
1790735228.5263734,APPROACH,0.009994807000000001,0.0025932510000075126,0.7496866163242908,0.8444949725692288,0.7554779970298826,-0.0018539097947394962,0.00039635544402828315,1.7132960891087616e-05,0.7499904663701747,0.842924877637009,0.757088529878449,1.786256075184031e-05,2.0286310865027325e-05,1.8041996363655537e-05,-0.0898087878733931,3.2523808777435597,1.4045374291542485,1,1,0,0.0009129500001563429,25,0.0,0.0,9.059680363895855e-05,0.010000000000000002,-0.12243710301037992,3.1489586283919686,1.4137434652917684,0.03262831513698683,0.1034222493515909,-0.00920603613751993,-0.0898087878733931,3.2523808777435597,1.4045374291542485,False,False,False
1790735228.5363817,TRACK,0.010007991,0.002407939000022452,0.7496932969782613,0.8445090562593078,0.7554779642343039,-0.0017317191242642773,0.00035033059834201834,1.5188602328827404e-05,0.7499905258688487,0.842924945208989,0.7570885899748078,-0.0,0.0,0.0,-0.09113549277757206,3.2497378147906963,1.4039749462239137,1,1,0,0.0009103649999815389,25,0.0,0.0,8.47067418793337e-05,0.010000000000000002,-0.12185937838975375,3.1498761951449064,1.4141292332744893,0.030723885612181683,0.0998616196457898,-0.010154287050575635,-0.09113549277757206,3.2497378147906963,1.4039749462239137,False,False,False
1790735228.5464323,TRACK,0.010050143000000001,0.0023616400001174043,0.7497104086653597,0.8445269296042177,0.7554778667123685,0.01099422522166488,0.005580224470695162,-7.50504169412902e-05,0.7499905255861092,0.8429249457276441,0.7570885903023444,-8.43829532260328e-08,1.5479139526928594e-07,9.775253502976387e-08,-0.2268574238415756,3.1451111612778004,1.369667237023437,1,1,0,0.0008143620000282681,22,0.0,0.0,7.428845217868159e-05,0.010000000000000002,-0.12185973099155242,3.1498809724934014,1.4141314341900093,-0.10499769285002317,-0.004769811215601072,-0.04446419716657221,-0.2268574238415756,3.1451111612778004,1.369667237023437,False,False,False
1790735228.5563872,TRACK,0.009954900000000001,0.002489644000206681,0.7497118411215133,0.8445445058673968,0.7554723569158028,-4.2801698241349504e-05,0.003568386755578111,-0.0014647787747555014,0.7499905236401669,0.8429249492972639,0.7570885925566005,-3.340941329309175e-07,6.128593490329535e-07,3.870278731201656e-07,-0.1280066238358947,3.190388762464653,1.384324956069865,1,1,0,0.0007986619998519018,24,0.0,0.0,8.799906756698999e-05,0.010000000000000002,-0.12186007986311326,3.1498857008572845,1.414133609304374,-0.006146543972781456,0.04050306160736891,-0.029808653234508983,-0.1280066238358947,3.190388762464653,1.384324956069865,False,False,False
1790735228.5664136,TRACK,0.010026687000000001,0.0021803450001698366,0.7496617340792042,0.8445756076542699,0.7554397570099223,-0.004813451940196287,0.002455076140035477,-0.0033902788352927985,0.7499905183330612,0.8429249590325683,0.7570885987045638,-7.523637750322495e-07,1.3801284076667119e-06,8.715684610524579e-07,-0.06852502609690186,3.228483242615193,1.3997268657185225,1,1,0,0.0007907570000043052,24,0.0,0.0,9.205506318258645e-05,0.010000000000000002,-0.12186043125195006,3.149890466420718,1.4141357950374187,0.053335405155048206,0.07859277619447505,-0.014408929318896263,-0.06852502609690186,3.228483242615193,1.3997268657185225,False,False,False
1790735228.5763829,TRACK,0.009968928,0.00209924000000683,0.7496370718823773,0.8446010939965456,0.7554131780405697,-9.460721394447437e-05,0.0013596559156839605,-1.4398266473079815e-05,0.7499905080717828,0.842924977855738,0.7570886105916478,-1.3337690732554757e-06,2.446648542377877e-06,1.5450933628382275e-06,-0.10688055311703065,3.2120803298798615,1.3919818968933388,1,1,0,0.0007515620000049239,23,0.0,0.0,7.954992684511568e-05,0.010000000000000002,-0.12186078100987752,3.14989521438233,1.4141379630457238,0.014980227892846868,0.06218511549753126,-0.022156066152384964,-0.10688055311703065,3.2120803298798615,1.3919818968933388,False,False,False
1790735228.5863879,TRACK,0.010006549,0.00215321399991808,0.7496552764101407,0.844610849489106,0.7554127712229315,0.009258572971379914,0.004052464339975827,-0.00010178893304626352,0.749990491114965,0.8429250089610629,0.7570886302351453,-2.083001776155222e-06,3.8210214236724694e-06,2.413039745826401e-06,-0.20372779551940556,3.150040998968974,1.3727683304613925,1,1,0,0.0007005850000041391,21,0.0,0.0,8.967018218026439e-05,0.010000000000000002,-0.12186113287792909,3.149899996914979,1.41414013399408,-0.08186666264147649,0.0001410020539947333,-0.041371803532687546,-0.20372779551940556,3.150040998968974,1.3727683304613925,False,False,False
1790735228.596422,TRACK,0.010032699,0.0017556249999870488,0.7496622004097846,0.8446163333601335,0.7554088209633321,-0.001037886517609366,0.000935357145777895,-0.0006697390569511437,0.7499904657537539,0.8429250554831285,0.7570886596147118,-3.0004183526923272e-06,5.503892991660697e-06,3.4758239529003633e-06,-0.10698101239834308,3.2097689095865474,1.3925433016567672,1,1,0,0.0006543469999087392,24,0.0,0.0,9.639347985624827e-05,0.010000000000000002,-0.1218614868607841,3.1499048154931257,1.4141423052489885,0.014880474462441015,0.059864094093421624,-0.021599003592221246,-0.10698101239834308,3.2097689095865474,1.3925433016567672,False,False,False
1790735228.606361,TRACK,0.00993871,0.0016504249999798049,0.7496480673395274,0.8446385182149445,0.7553870708674637,-0.0002997635057803458,0.0026215025288831386,-0.0033312408618019498,0.7499904307383207,0.8429251197144002,0.7570887001782879,-4.072987465587017e-06,7.471347639006919e-06,4.718354672210734e-06,-0.11141314667752537,3.199051111189885,1.3924369559655654,1,1,0,0.0005894229998375522,22,0.0,0.0,8.835366678442273e-05,0.010000000000000002,-0.12186183910466693,3.1499096188631026,1.4141444507707708,0.010448692427141552,0.049141492326782416,-0.021707494805205462,-0.11141314667752537,3.199051111189885,1.3924369559655654,False,False,False
1790735228.6163528,TRACK,0.009991981,0.001688177000005453,0.7496457416387443,0.844651682459741,0.7553747160214836,-0.0018471895491565323,-0.0006985388715005747,1.655362717682316e-05,0.7499903839715795,0.8429252055013934,0.7570887543553755,-5.315230993613717e-06,9.750007404453862e-06,6.157461772190852e-06,-0.08894799135369685,3.2278881945285587,1.399477131188136,1,1,0,0.0006297699999322504,24,0.0,0.0,8.829158194217549e-05,0.010000000000000002,-0.12186219521945338,3.149914484697631,1.4141466022879592,0.032914203865756525,0.07797370983092773,-0.014669471099823084,-0.08894799135369685,3.2278881945285587,1.399477131188136,False,False,False
1790735228.6263864,TRACK,0.01003331,0.0017306380000263744,0.7496673635540478,0.8446582668449523,0.7553745888796595,0.010171134841588044,0.004015436000742749,-3.378719554287201e-05,0.7499903236947958,0.8429253160697605,0.7570888241835979,-6.727632215487764e-06,1.2340736771295265e-05,7.793714498095066e-06,-0.21397148809685052,3.1381698595852945,1.3707401701251425,1,1,0,0.0006053739998606034,22,0.0,0.0,7.384150444185225e-05,0.010000000000000002,-0.12186255521388868,3.14991941443091,1.4141487570551645,-0.09210893288296183,-0.011749554845615852,-0.043408586930022,-0.21397148809685052,3.1381698595852945,1.3707401701251425,False,False,False
1790735228.6363814,TRACK,0.009995077,0.0020540349999009777,0.7496718811796272,0.8446635651275933,0.7553672084653096,-0.000637530886370603,0.0017653826347391285,-0.0017104963177090016,0.7499902487363316,0.842925453567978,0.757088911020554,-8.29870457377315e-06,1.5222438686098579e-05,9.61381754260634e-06,-0.11575625196912225,3.1893901993268035,1.3882313076396209,1,1,0,0.000655869999945935,24,0.0,0.0,8.33257225907211e-05,0.010000000000000002,-0.12186291664188544,3.149924375687761,1.4141508978870738,0.0061066646727631875,0.03946582363904273,-0.025919590247452856,-0.11575625196912225,3.1893901993268035,1.3882313076396209,False,False,False
1790735228.646358,TRACK,0.009976802,0.0017350269999951706,0.7496413021017174,0.8446872262461431,0.7553330572912964,-0.0016772678101282998,0.002577108843150967,-0.004506678688967041,0.7499901574414078,0.8429256210304756,0.7570890167836665,-1.0029836646962458e-05,1.8397626543255175e-05,1.1619393901017549e-05,-0.09919570904880147,3.1960428132762755,1.3943343487640574,1,1,0,0.0006074280001939769,22,0.0,0.0,8.963110971578288e-05,0.010000000000000002,-0.12186328060876542,3.149929384591799,1.4141530290111992,0.022667571559963944,0.04611342868447641,-0.019818680247141812,-0.09919570904880147,3.1960428132762755,1.3943343487640574,False,False,False
1790735228.656364,TRACK,0.010005918,0.0017218010000306094,0.7496319480369964,0.8447014664004637,0.7553106859410219,-0.001180555137784699,-0.0005610088244312151,4.711735193623553e-06,0.7499900477175292,0.8429258222941931,0.757089143897611,-1.1929159502896961e-05,2.188117226204997e-05,1.381988152974964e-05,-0.09546591328511697,3.212349220466524,1.3961000472339176,1,1,0,0.0006259629999476601,23,0.0,0.0,8.846641265183033e-05,0.010000000000000002,-0.12186364925901103,3.1499344716697664,1.4141551604448068,0.026397735973894047,0.06241474879675751,-0.018055113210889196,-0.09546591328511697,3.212349220466524,1.3961000472339176,False,False,False
1790735228.6663754,TRACK,0.010011238,0.0019724589999441378,0.7496543358906145,0.8447040090386135,0.7553105719023234,0.010791794748766459,0.003646807680527811,-7.519731369174385e-05,0.749989918098864,0.8429260600461129,0.7570892940612864,-1.3992642510293748e-05,2.566563264499965e-05,1.6210632265136902e-05,-0.2187290475138644,3.1308227793158583,1.3706676247782394,1,1,0,0.0006450789999234985,22,0.0,0.0,7.852263597838952e-05,0.010000000000000002,-0.12186402214803499,3.149939631793013,1.41415728699138,-0.09686502536582942,-0.01911685247715468,-0.043489662213140594,-0.2187290475138644,3.1308227793158583,1.3706676247782394,False,False,False
1790735228.6763644,TRACK,0.009989507,0.0017363890001433901,0.7496560199217734,0.8447050205581812,0.7553020948699674,-0.0004974352926835931,0.0016460755964581386,-0.001415334794996216,0.7499897673591731,0.8429263365332367,0.7570894686962404,-1.621395611820367e-05,2.9739340828855557e-05,1.8784337575374597e-05,-0.11728987817270468,3.1776741999474774,1.3857819014731856,1,1,0,0.0006307620001280156,23,0.0,0.0,9.430219666822984e-05,0.010000000000000002,-0.12186439867253428,3.1499448574509157,1.4141594028224829,0.004574520499829595,0.02772934249656178,-0.028377501349297264,-0.11728987817270468,3.1776741999474774,1.3857819014731856,False,False,False
1790735228.6863475,TRACK,0.009982753,0.0017025140000441752,0.7496214925194744,0.8447233284625044,0.7552684313949429,-0.0022499898900401054,0.0022483656288361,-0.00512694800666034,0.7499895937468939,0.8429266549655178,0.7570896698328724,-1.8595387582533167e-05,3.410642416007416e-05,2.1543676259111833e-05,-0.09130839615957168,3.196202174303352,1.3973346614200388,1,1,0,0.0006153429999358195,22,0.0,0.0,8.977479845569925e-05,0.010000000000000002,-0.12186477979279253,3.1499501627175617,1.4141615110391348,0.03055638363322085,0.046252011585790655,-0.016826849619096012,-0.09130839615957168,3.196202174303352,1.3973346614200388,False,False,False
1790735228.6963964,TRACK,0.010048950000000001,0.0017322510000212787,0.7496079775583082,0.8447356653456897,0.7552372744898799,-0.0013472365526302859,-0.0011558312276694432,7.396286256466239e-06,0.7499893941565304,0.8429270210353799,0.7570899010705333,-2.1155436115441513e-05,3.880072509117541e-05,2.451011790381882e-05,-0.08962818558230842,3.2137898456674603,1.3991541738878162,1,1,0,0.0006369940001604846,23,0.0,0.0,8.611154502219888e-05,0.010000000000000002,-0.12186516875834419,3.149955593726296,1.414163626893501,0.03223698317603576,0.06383425194116411,-0.015009453005684872,-0.08962818558230842,3.2137898456674603,1.3991541738878162,False,False,False
1790735228.706397,TRACK,0.010000798,0.0017415190000065195,0.7496351112546362,0.8447368094086656,0.7552372073289133,0.010692300599678987,0.003182871450517647,-0.00011179312305444576,0.7499891691704867,0.8429274336703747,0.7570901617362872,-2.3865062903233108e-05,4.376890495199234e-05,2.7650052693981402e-05,-0.21443983732591848,3.130734200872556,1.3732587149737143,1,1,0,0.000620993999973507,22,0.0,0.0,7.757038175327754e-05,0.010000000000000002,-0.12186556157854705,3.1499610954978374,1.4141657261930378,-0.09257427574737143,-0.019226894625281418,-0.0409070112193236,-0.21443983732591848,3.130734200872556,1.3732587149737143,False,False,False
1790735228.7163086,TRACK,0.009911348,0.0017982370000027004,0.7496365934653131,0.8447349713476324,0.7552322741315471,-0.0007546457345212889,0.0007128334254086,-5.208458122714604e-06,0.7499889186704296,0.842927893082771,0.7570904519692631,-2.6709414519204458e-05,4.898363735353871e-05,3.09463076793021e-05,-0.1110068351361129,3.177263755265936,1.3863567802197763,1,1,0,0.0006431659999179828,23,0.0,0.0,9.186150996963809e-05,0.010000000000000002,-0.12186595692875613,3.1499666497624315,1.4141678003033427,0.01085912179264323,0.02729710550350444,-0.027811020083566337,-0.1110068351361129,3.177263755265936,1.3863567802197763,False,False,False
1790735228.7263665,TRACK,0.010058097,0.0016524589998425654,0.7496123743938572,0.8447482148911334,0.755209816257123,-0.0010163288961659096,0.002051316030187855,-0.004507971426039566,0.7499886348326538,0.8429284136149078,0.7570907808367573,-2.9757319257848063e-05,5.457099163797349e-05,3.447869672053341e-05,-0.10187593398823998,3.185586088067781,1.3954976449784555,1,1,0,0.0005657680001149856,21,0.0,0.0,9.163659053906462e-05,0.010000000000000002,-0.12186636470725258,3.1499723963061665,1.4141698984976232,0.0199904307190126,0.03561369176161447,-0.01867225351916766,-0.10187593398823998,3.185586088067781,1.3954976449784555,False,False,False
1790735228.7363987,TRACK,0.010033681000000001,0.001685531999783052,0.7496060459410803,0.8447542985475529,0.7551885069721003,-0.0014492035674179152,-0.0013921762029902585,9.577167118971527e-06,0.7499883203271609,0.8429289903627246,0.7570911452483907,-3.2959521979565054e-05,6.0440536716036676e-05,3.81901939203979e-05,-0.08836017617699662,3.2106328966801416,1.4003112131215443,1,1,0,0.0006083799999032635,23,0.0,0.0,8.51134909436377e-05,0.010000000000000002,-0.12186677852222474,3.149978245895706,1.4141719848481789,0.03350660234522811,0.060654650784435646,-0.013860771726634618,-0.08836017617699662,3.2106328966801416,1.4003112131215443,False,False,False
1790735228.7464015,TRACK,0.01000179,0.0018658760000107577,0.7496273395152429,0.8447493209460557,0.7551884966579783,-0.0022087798094921,-0.0023791528717827435,2.250939648372149e-05,0.7499879740411648,0.8429296253587077,0.757091546497011,-3.6311945591952035e-05,6.658466345873492e-05,4.2076131697451814e-05,-0.07960360363731697,3.2250850176695236,1.4061565890758494,1,1,0,0.0006825400000707305,23,0.0,0.0,9.80392366569051e-05,0.010000000000000002,-0.12186719843384036,3.149984199699133,1.4141740577570276,0.042263594796523384,0.07510081797039034,-0.008017468681178308,-0.07960360363731697,3.2250850176695236,1.4061565890758494,False,False,False
1790735228.7563686,TRACK,0.009966723,0.0020958239999799844,0.7496682150618579,0.8447532773440534,0.7551882474841047,0.010395288064297178,0.0031468885115424157,-0.00011622840549905373,0.7499875948217308,0.8429303207077113,0.7570919859225198,-3.9811592392016214e-05,7.299773099963413e-05,4.613309789067846e-05,-0.21388474027851556,3.1263043054782687,1.374513681448325,1,1,0,0.000637616000176422,22,0.0,0.0,8.535843617975896e-05,0.010000000000000002,-0.12186762465897587,3.1499902610205432,1.414176116534404,-0.0920171156195397,-0.02368595554227454,-0.03966243508607908,-0.21388474027851556,3.1263043054782687,1.374513681448325,False,False,False
1790735228.7664385,TRACK,0.010071823,0.0021936310001819948,0.7496833811541954,0.8447542653655784,0.7551839745958846,-0.001441973946623815,-0.00010865834227106596,7.283275011046235e-06,0.7499871753620402,0.8429310897961552,0.7570924719967347,-4.3509034114096096e-05,7.977223084493508e-05,5.041979482209269e-05,-0.10736674674402355,3.1808842520080027,1.3906210630892668,1,1,0,0.0006868689999919297,23,0.0,0.0,9.824151648325343e-05,0.010000000000000002,-0.12186806370634397,3.1499965229653024,1.4141781899596426,0.014501316962320416,0.030887729042700533,-0.02355712687037588,-0.10736674674402355,3.1808842520080027,1.3906210630892668,False,False,False
1790735228.776353,TRACK,0.00991234,0.0018733700001121179,0.7496668554497905,0.8447636301612995,0.7551741331737727,-0.0018948307880399613,0.0002713744055861932,-0.0009315037353586678,0.7499867253986504,0.8429319147596218,0.7570929934420455,-4.7305526999717054e-05,8.672706770963445e-05,5.4821817010342134e-05,-0.09621029832667924,3.1858806658815957,1.3939063064275508,1,1,0,0.0006088200000249344,21,0.0,0.0,8.099295363943676e-05,0.010000000000000002,-0.12186850439908706,3.150002826277078,1.4141802235217138,0.025658206072407815,0.03587783960451763,-0.020273917094163058,-0.09621029832667924,3.1858806658815957,1.3939063064275508,False,False,False
1790735228.7863624,TRACK,0.010009585000000001,0.001751807999880839,0.7496642050004461,0.844763770511757,0.7551655203224446,-0.0019018026957934582,-0.002104884465788881,1.7329180143594225e-05,0.7499862320430417,0.8429328192140021,0.7570935652004057,-5.1297601367764966e-05,9.403888549397189e-05,5.945117251672147e-05,-0.08804516396165009,3.2130378162104347,1.4039594792628507,1,1,0,0.0006270549999953801,23,0.0,0.0,8.664850263401095e-05,0.010000000000000002,-0.12186895849838904,3.1500093392639177,1.4141822698546878,0.03382379453673895,0.06302847694651714,-0.010222790591837125,-0.08804516396165009,3.2130378162104347,1.4039594792628507,False,False,False
1790735228.7963824,TRACK,0.010019994,0.001795832000198061,0.749690724862969,0.8447601432265914,0.7551654036921454,-0.0020892000233085134,-0.0022935752086190703,2.0842364866268466e-05,0.7499856973562236,0.8429337993635774,0.7570941848906636,-5.545287429699506e-05,0.00010164813251123265,6.427041108851596e-05,-0.08766802022989886,3.216125097303935,1.4057186874306475,1,1,0,0.0006382660001236218,23,0.0,0.0,8.203556380895609e-05,0.010000000000000002,-0.12186942264283224,3.150016014201062,1.414184310988009,0.03420140241293338,0.06610908310287297,-0.008465623557361409,-0.08766802022989886,3.216125097303935,1.4057186874306475,False,False,False
1790735228.8063645,TRACK,0.009981972,0.0016834079999625828,0.7497308202057988,0.8447648948319566,0.7551651243682365,0.009972710722265379,0.0031127348105955714,-0.0001177226011073926,0.7499851225097799,0.8429348530426106,0.7570948511626844,-5.9750300440503024e-05,0.00010951603952310526,6.925522280372951e-05,-0.2172675057852741,3.1192985069675307,1.3745891976749014,1,1,0,0.0005960460000551393,22,0.0,0.0,8.893071167473956e-05,0.010000000000000002,-0.12186989498018133,3.150022824534126,1.414186336984165,-0.09539761080509276,-0.03072431756659559,-0.0395971393092636,-0.2172675057852741,3.1192985069675307,1.3745891976749014,False,False,False
1790735228.8163965,TRACK,0.010032209,0.0019795219998286484,0.7497378389826075,0.8447640743559282,0.7551622561347067,-0.0009095126630522701,0.0003646957657150432,-2.1409462861154147e-06,0.7499845007550686,0.8429359926003387,0.7570955718473277,-6.422786572419183e-05,0.00011771189360381331,7.444978001553834e-05,-0.11989232604742206,3.1661484976703695,1.3880947140972761,1,1,0,0.0007262240001182363,23,0.0,0.0,7.763318523889415e-05,0.010000000000000002,-0.12187038013916544,3.1500298371438156,1.4141883656399739,0.0019780540917433897,0.01611866052655398,-0.02609365154269781,-0.11989232604742206,3.1661484976703695,1.3880947140972761,False,False,False
1790735228.8263812,TRACK,0.009985068000000001,0.0024524630000541947,0.7497130269050452,0.8447725192819346,0.7551493470098052,-0.001966072220860601,0.0006901585070760496,-0.0021794355502298642,0.7499838365304239,0.842937209879138,0.7570963418098651,-6.8841887176933e-05,0.00012615546181510276,7.980352180698803e-05,-0.10196677693792092,3.179144099340483,1.395755144385893,1,1,0,0.0008139419999224629,21,0.0,0.0,7.431668951194873e-05,0.010000000000000002,-0.1218708738475654,3.150036990352451,1.41419037715779,0.01990409690964448,0.02910710898803154,-0.018435232771896754,-0.10196677693792092,3.179144099340483,1.395755144385893,False,False,False
1790735228.8364053,TRACK,0.010024593,0.0018972059999669,0.7497038903169351,0.8447751316342664,0.7551397895421195,-0.0012408372925503414,-0.0010944612854436545,6.911987296277084e-06,0.7499831225412893,0.8429385182217306,0.7570971695169477,-7.363194129395093e-05,0.000134918876019518,8.536249419959821e-05,-0.10351078663499641,3.1885790270618775,1.3976432716434408,1,1,0,0.0006328360000225075,21,0.0,0.0,9.831180689456892e-05,0.010000000000000002,-0.12187138081290204,3.1500443523717068,1.4141923889015517,0.018360594177905632,0.03853467469017083,-0.016549117258110937,-0.10351078663499641,3.1885790270618775,1.3976432716434408,False,False,False
1790735228.8463702,TRACK,0.009963908,0.001772348000031343,0.7497203755175743,0.8447693276058832,0.7551397071860606,0.009301777496444586,0.0026405468187215386,-0.00010668021925946622,0.7499823645103553,0.8429399071139221,0.7570980483462357,-7.854936301121525e-05,0.00014391279849327947,9.107035018582402e-05,-0.2101021620288466,3.122000639816149,1.3775324373565276,1,1,0,0.000607988999945519,22,0.0,0.0,7.807462150028228e-05,0.010000000000000002,-0.12187189636258329,3.1500518552808563,1.4141943806822106,-0.08823026566626331,-0.028051215464707242,-0.03666194332568293,-0.2101021620288466,3.122000639816149,1.3775324373565276,False,False,False
1790735228.8563495,TRACK,0.009979337000000001,0.0017022639999595413,0.7497141205742661,0.8447574308219501,0.7551380382020234,-0.000720458951641905,0.00014477697704269816,-5.53087291829484e-06,0.7499815554169253,0.8429413893893051,0.7570989864500135,-8.363037446826438e-05,0.0001532031635846204,9.696926885383561e-05,-0.11863584520165978,3.1668257743994834,1.3905806811302879,1,1,0,0.0005930899999384565,22,0.0,0.0,9.812094612337129e-05,0.010000000000000002,-0.1218724247863044,3.150059561348832,1.414196367664339,0.003236579584644626,0.01676621305065159,-0.02361568653405119,-0.11863584520165978,3.1668257743994834,1.3905806811302879,False,False,False
1790735228.8663445,TRACK,0.009994957,0.0016730680001728615,0.7496776284667419,0.8447626216489805,0.7551212427924803,-0.003157709931410742,0.000594581318938247,-0.0025510177313967384,0.7499806934524629,0.842942968326267,0.7570999859400622,-8.887552933815644e-05,0.0001627906170178641,0.00010306004928519777,-0.08660415517856535,3.1854223777834036,1.4002491604363172,1,1,0,0.0005772099998466729,21,0.0,0.0,8.975938292081942e-05,0.010000000000000002,-0.12187296658235384,3.150067477827312,1.4141983497449255,0.03526881140378851,0.035354899956091805,-0.013949189308608435,-0.08660415517856535,3.1854223777834036,1.4002491604363172,False,False,False
1790735228.8763509,TRACK,0.010006559,0.0019259900000179186,0.7496621658237679,0.8447649389777387,0.75511245347084,-0.000848311345521567,-0.000866334671981129,1.2629910557296993e-07,0.749979777189012,0.8429446465022132,0.7571010484884967,-9.428309021020507e-05,0.00017267159353926304,0.00010934083998513851,-0.10152533858995644,3.187580699823874,1.3995634717562602,1,1,0,0.0005732720001105918,21,0.0,0.0,8.417029150947367e-05,0.010000000000000002,-0.12187352201764531,3.150075608557556,1.4142003259893685,0.02034818342768888,0.03750509126631811,-0.014636854233108312,-0.10152533858995644,3.187580699823874,1.3995634717562602,False,False,False
1790735228.8863833,TRACK,0.010032027,0.001734114999862868,0.7496795772056473,0.8447578265203823,0.7551124091278787,-0.0019439470689156099,-0.0024011894467542844,1.8116802450359295e-05,0.7499788034899433,0.8429464296195476,0.7571021777508254,-9.986115682978832e-05,0.0001828604729760122,0.00011582122788349891,-0.0882943267393628,3.211242169574067,1.408944311978722,1,1,0,0.0006381560001500475,23,0.0,0.0,8.29999690265465e-05,0.010000000000000002,-0.12187409237014876,3.150083972176497,1.4142022989847542,0.03357976563078597,0.061158197397570085,-0.005257987006032393,-0.0882943267393628,3.211242169574067,1.408944311978722,False,False,False
1790735228.896408,TRACK,0.010024794,0.0017127739999978076,0.7497086422081454,0.8447550521672165,0.755112253278643,0.010636334620674016,0.0030063015023321284,-0.00011445471280270353,0.7499777738091751,0.8429483149700147,0.7571033720603342,-0.0001055917168827787,0.0001933239181745863,0.00012248047275186907,-0.21998579078143415,3.116982018760043,1.379045742916952,1,1,0,0.0006069170001410384,22,0.0,0.0,9.435783205755154e-05,0.010000000000000002,-0.1218746762536845,3.150092548215284,1.4142042621705404,-0.09811111452774965,-0.03311052945524118,-0.03515851925358833,-0.21998579078143415,3.116982018760043,1.379045742916952,False,False,False
1790735228.906376,TRACK,0.009967685,0.0018523300000197196,0.7497130343201741,0.8447531096529834,0.7551106475434981,-3.451553969681829e-05,0.001265972374177222,-2.07048456463538e-05,0.749976692262995,0.8429502949707557,0.7571046266621831,-0.00011144450722462745,0.0002040062632197019,0.00012928358109957777,-0.1280866960610623,3.149587092460813,1.3870806372348865,1,1,0,0.0006628030000683793,22,0.0,0.0,7.466728403833324e-05,0.010000000000000002,-0.12187527106061322,3.1501012980370127,1.414206205753931,-0.006211425000449075,-0.0005142055761995221,-0.027125568519044577,-0.1280866960610623,3.149587092460813,1.3870806372348865,False,False,False
1790735228.9164114,TRACK,0.010035945000000001,0.0016739899999720365,0.7496721469228396,0.8447589230164487,0.7551009084658737,-0.0034566351566796345,9.985656842262933e-05,-0.001066058009267996,0.7499755435907138,0.8429523975061919,0.7571059592817037,-0.00011749315809326603,0.00021504141559934895,0.0001363163432245605,-0.08338085597267249,3.182437416037975,1.399871376459117,1,1,0,0.0005825399998684588,21,0.0,0.0,9.531632719225595e-05,0.010000000000000002,-0.12187588473007446,3.150110338221074,1.4142081540590405,0.038495028757401975,0.032327077816901105,-0.014336777599923424,-0.08338085597267249,3.182437416037975,1.399871376459117,False,False,False
1790735228.9263935,TRACK,0.009981692,0.0016621679999389016,0.7496563163594958,0.8447582689866042,0.7550981287680143,-0.0010250003060727703,-0.0011972784070340293,3.459159810883367e-06,0.7499743401411961,0.8429545999151655,0.7571073556171057,-0.0001236639212771013,0.00022629432443139525,0.00014349322724448957,-0.09783279623717756,3.190986784162382,1.4034904436886129,1,1,0,0.0005735830000048736,21,0.0,0.0,8.86431547487031e-05,0.010000000000000002,-0.12187651023231706,3.1501195649862237,1.4142100831770938,0.02404371399513951,0.04086721917615804,-0.010719639488481064,-0.09783279623717756,3.190986784162382,1.4034904436886129,False,False,False
1790735228.936373,TRACK,0.009979948,0.0017109309999341349,0.7496746386103492,0.8447518240633993,0.7550980870385979,-0.0019136296554792317,-0.0023691740871916184,1.794329920897918e-05,0.7499730745541326,0.842956915609322,0.757108824233246,-0.0001299877283558571,0.00023782091806221338,0.00015085041173919675,-0.08747961371225517,3.21008903512294,1.411219783630706,1,1,0,0.0006200719999469584,23,0.0,0.0,7.837502295200021e-05,0.010000000000000002,-0.12187715115915496,3.1501290309466725,1.4142120032218433,0.03439753744689979,0.059960004176267505,-0.002992219591137047,-0.08747961371225517,3.21008903512294,1.411219783630706,False,False,False
1790735228.9463634,TRACK,0.009990108000000001,0.0017239349999726983,0.7497017470806231,0.8447485235413463,0.7550979963279518,-0.0021893151058272058,-0.002357986366012084,2.3699652755457073e-05,0.7499717437012057,0.8429593502459443,0.7571103687887364,-0.00013647209570746583,0.0002496343451793994,0.00015839687643810345,-0.08780209144464582,3.20936128877969,1.4114407622275384,1,1,0,0.0006235979999473784,22,0.0,0.0,9.467824726704643e-05,0.010000000000000002,-0.12187780872243975,3.150138753730781,1.4142139163648155,0.034075717277793925,0.05922253504890882,-0.0027731541372770377,-0.08780209144464582,3.20936128877969,1.4114407622275384,False,False,False
1790735228.9563668,TRACK,0.010003243,0.001948584000047049,0.7497388666929377,0.8447521233325723,0.7550978227287706,-0.0019511680209651839,-0.002071566476232944,1.9168170269717993e-05,0.7499703454195908,0.8429619077086338,0.7571119918248259,-0.00014311927836501724,0.00026173812102537057,0.0001661354984698244,-0.0948966494989189,3.203263873080988,1.4099128684373072,1,1,0,0.000612416999956622,22,0.0,0.0,8.246674991190842e-05,0.010000000000000002,-0.12187848360189828,3.150148743128191,1.414215823036307,0.026981834102979375,0.05311512995279702,-0.004302954598999891,-0.0948966494989189,3.203263873080988,1.4099128684373072,False,False,False
1790735228.9663737,TRACK,0.010007180000000001,0.0020090380000965524,0.7497803296404744,0.8447581521631884,0.7550973512593417,-0.0019634442975741575,-0.0019223926973401385,1.95037810598697e-05,0.7499688792830165,0.8429645886988874,0.7571136938696162,-0.00014992335061394225,0.00027412083841302546,0.00017405964212944023,-0.10046637934269032,3.198208827467138,1.4087005520308078,1,1,0,0.0007128180000108841,22,0.0,0.0,7.701357021768518e-05,0.010000000000000002,-0.1218791756467509,3.1501589966225656,1.4142177213509863,0.021412796304060587,0.04804983084457267,-0.005517169320178538,-0.10046637934269032,3.198208827467138,1.4087005520308078,False,False,False
1790735228.9763684,TRACK,0.009994666000000001,0.0017277629999625788,0.7498228098393538,0.8447649852945052,0.7550968620048915,-0.0019654901138861213,-0.0019190421524458133,1.9463073302667267e-05,0.7499673462487977,0.8429673913845925,0.7571154738465184,-0.00015687272766276128,0.0002867607946030519,0.00018215607959403551,-0.10660754832392384,3.193099293488889,1.4074432874559566,1,1,0,0.0005992230001083954,21,0.0,0.0,9.682147440236047e-05,0.010000000000000002,-0.12187988412320219,3.150169503009896,1.414219608090454,0.015272335799278348,0.04292979047899313,-0.006776320634497484,-0.10660754832392384,3.193099293488889,1.4074432874559566,False,False,False
1790735228.9863763,TRACK,0.010008102000000001,0.0018511079999825597,0.7498618326679232,0.8447712084811281,0.7550965148762643,-0.0019319540697973713,-0.0019192322297207265,1.8664591149457127e-05,0.7499657407872692,0.8429703257867991,0.757117338213539,-0.00016398527996107668,0.00029968983532803733,0.00019044591144747167,-0.11179440477426322,3.1903107970932356,1.407142700499333,1,1,0,0.0005937110001923429,21,0.0,0.0,8.807158985561497e-05,0.010000000000000002,-0.12188061129782819,3.1501802955773934,1.4142214880420592,0.010086206523564973,0.04013050151584228,-0.007078787542725981,-0.11179440477426322,3.1903107970932356,1.407142700499333,False,False,False
1790735228.9963615,TRACK,0.009985089,0.0017468389999066858,0.749892855364414,0.8447752146074086,0.7550963828515815,0.010464465312215985,0.0037217915133217574,-3.313772605162543e-05,0.749964067313886,0.8429733837421848,0.7571192818827658,-0.00017123469734377968,0.000312859461965698,0.00019889875921815683,-0.24509036607540374,3.0912606231750708,1.3753077502599744,1,1,0,0.0006214749998889602,23,0.0,0.0,9.563819470890608e-05,0.010000000000000002,-0.12188135491835717,3.1501913405557245,1.4142233542623204,-0.12320901115704656,-0.05893071738065356,-0.03891560400234596,-0.24509036607540374,3.0912606231750708,1.3753077502599744,False,False,False
1790735229.0063655,TRACK,0.010004064,0.0017208689998824411,0.74988750900041,0.844771312059776,0.7550964224115937,-0.001325871753657456,0.001132909773356672,-2.2009146719918033e-05,0.7499623173013206,0.8429765807329236,0.7571213148009107,-0.00017865119250127585,0.00032632385126875904,0.00020755015311775096,-0.13912381885880135,3.1382298353601885,1.3884371933683226,1,1,0,0.0006387270000232093,21,0.0,0.0,8.945714573629565e-05,0.010000000000000002,-0.1218821185212908,3.1502026901362394,1.4142252144936498,-0.017241700337510546,-0.011972854776050942,-0.025788021125327267,-0.13912381885880135,3.1382298353601885,1.3884371933683226,False,False,False
1790735229.0163724,TRACK,0.010006870000000001,0.0016496739999638521,0.7498178382928353,0.8447730314004502,0.7550844788127371,-0.006919469178077438,-0.0002865244505448265,-0.0011181181717888331,0.7499604918042932,0.8429799147226005,0.7571234357894644,-0.00018622310833319036,0.00034006106764688956,0.00021638682421084725,-0.06911193435818992,3.18459390576264,1.4054756228833651,1,1,0,0.0005736230000366049,21,0.0,0.0,9.838752583707846e-05,0.010000000000000002,-0.12188290135219974,3.1502143327998664,1.414227065586781,0.05277096699400982,0.034379572962773816,-0.008751442703415978,-0.06911193435818992,3.18459390576264,1.4054756228833651,False,False,False
1790735229.0263786,TRACK,0.010006158000000001,0.0014566459999514336,0.7497706102481017,0.8447717739774756,0.7550816413129695,-0.0011890651742623637,-4.7785403979302705e-05,-1.8107375914820764e-05,0.7499585899075274,0.8429833872686249,0.7571256459605304,-0.00019394766769673208,0.0003540652946036411,0.00022540586299842983,-0.11086729779754713,3.1697553244331935,1.4011915810602869,1,1,0,0.00024212099992837466,5,0.0,0.0,8.342709346979474e-05,0.1,-0.12188370355905141,3.1502262704220625,1.4142289067757994,0.011016405761504287,0.019529054011131145,-0.013037325715512424,-0.11086729779754713,3.1697553244331935,1.4011915810602869,False,False,False
1790735229.0363774,TRACK,0.009998784,0.002017625999997108,0.7497712909820002,0.8447660041878882,0.7550816954024526,0.006858021406130681,0.0022936389472425316,2.6259929278620248e-05,0.7499566114401326,0.8429869985632735,0.7571279455637286,-0.00020181938698113694,0.0003683257975417518,0.00023460120481024594,-0.19479742083556784,3.1221976716755844,1.3872461115016164,1,1,0,0.0006368839999595366,22,0.0,0.0,6.209623605538917e-05,0.010000000000000002,-0.12188452499853115,3.150238500541169,1.414230736734218,-0.07291289583703668,-0.02804082886558434,-0.026984625232601492,-0.19479742083556784,3.1221976716755844,1.3872461115016164,False,False,False
1790735229.0463743,TRACK,0.009996951,0.0019598250000854023,0.7497650787005696,0.8447525301948193,0.75508175347123,-0.0011251842604479017,-0.0005373986652672269,3.054718577565887e-06,0.7499545538864862,0.8429907530715925,0.7571303375770088,-0.00020984227062383228,0.00038284900998956017,0.00024397787716379457,-0.11923061830006876,3.1702569354832533,1.4027392757806751,1,1,0,0.0006696959999317187,22,0.0,0.0,9.029562173873741e-05,0.010000000000000002,-0.12188536650992295,3.1502510353323894,1.414232556376884,0.002654748209854195,0.02000590015086395,-0.011493280596208804,-0.11923061830006876,3.1702569354832533,1.4027392757806751,False,False,False
1790735229.0563974,TRACK,0.010023512,0.00153461500008234,0.7497408569766559,0.8447528548242351,0.7550797703531513,-0.0024727441443781707,0.00017360010764228505,-1.9716771386003764e-05,0.7499524095752538,0.8429946646513488,0.7571328309785523,-0.0002180395334018265,0.00039767604460978594,0.00025356340032067564,-0.10334857076867729,3.1693754519117725,1.402204475454912,1,1,0,0.00034982600004695996,11,0.0,0.0,9.753436820214811e-05,0.1,-0.12188623096906304,3.1502639173516447,1.4142343707210734,0.01853766020038575,0.019111534560127954,-0.012029895266161487,-0.10334857076867729,3.1693754519117725,1.402204475454912,False,False,False
1790735229.0663707,TRACK,0.009973045,0.001771826000094734,0.7497308693855516,0.8447565728909314,0.755079618637704,-0.0008475519098571229,-0.00048723174453630844,8.964839145271693e-07,0.7499501937552272,0.8429987053471582,0.7571354080963467,-0.00022634750496622645,0.0004126908808653896,0.000263283685123309,-0.11367631341481185,3.173169911775469,1.4048072761977177,1,1,0,0.0005796649998046632,18,0.0,0.0,9.534213400558129e-05,0.1,-0.12188711206371941,3.150277052229516,1.414236165746581,0.008210798648907558,0.022892859545953277,-0.009428889548863312,-0.11367631341481185,3.173169911775469,1.4048072761977177,False,False,False
1790735229.0763655,TRACK,0.009994486,0.0017363189999741735,0.7497384572801344,0.8447497524817145,0.7550795986060823,-0.002010215567121857,-0.0021167642178444865,2.0515105951580872e-05,0.749947889289296,0.8430029062636667,0.7571380889239963,-0.00023482530308954587,0.0004279994850116103,0.0002732082722545869,-0.09870147600153419,3.1995024460837023,1.41522552472109,1,1,0,0.0006057549999241019,22,0.0,0.0,8.916824558020579e-05,0.010000000000000002,-0.12188801645735393,3.1502905390092097,1.4142379543261392,0.02318654045581975,0.04921190707449263,0.0009875703949508857,-0.09870147600153419,3.1995024460837023,1.41522552472109,False,False,False
1790735229.0863676,TRACK,0.010002221,0.0016875650001111353,0.7497495012386839,0.8447421863199072,0.755079565472184,-0.0020519822974235605,-0.0019124512413596878,2.197846422952968e-05,0.7499454974492283,0.8430072649161289,0.7571408720529285,-0.0002434618547563689,0.0004435808417115028,0.0002833246336787739,-0.09851097447726709,3.200404707622153,1.4162031715240937,1,1,0,0.0005955139999969106,22,0.0,0.0,7.503756081523603e-05,0.010000000000000002,-0.12188894340314228,3.1503043663204737,1.414239733846811,0.0233779689258752,0.05010034130167956,0.0019634376772827917,-0.09851097447726709,3.200404707622153,1.4162031715240937,False,False,False
1790735229.096365,TRACK,0.009997262,0.0016745410000567063,0.7497622675634084,0.844738567587771,0.755079455104843,-0.002056641151684649,-0.0016685191528738755,2.242135857817931e-05,0.7499430197143743,0.8430117784388914,0.757143755834149,-0.00025224615846962156,0.00045941409957550794,0.0002936203102231383,-0.10064920890962983,3.1976393746105276,1.4157582024403972,1,1,0,0.0005974680000235821,22,0.0,0.0,7.430607870526816e-05,0.010000000000000002,-0.1218898921302653,3.150318522434834,1.414241501930201,0.02124068322063546,0.047320852175693644,0.0015167005101962496,-0.10064920890962983,3.1976393746105276,1.4157582024403972,False,False,False
1790735229.106368,TRACK,0.010003212000000001,0.001708034999865049,0.7497749626662822,0.8447362387044528,0.7550794167253292,-0.0021154991894720603,-0.0016608470420299858,2.3632945907936336e-05,0.7499404518471104,0.8430164543726193,0.75714674527589,-0.0002611877270216634,0.00047551537023823046,0.0003041068920445501,-0.10178347594705676,3.1976527431788613,1.416376727387977,1,1,0,0.0006073880001622456,22,0.0,0.0,7.614706567911545e-05,0.010000000000000002,-0.12189086407063057,3.1503330285101474,1.4142432603877635,0.020107388123573804,0.0473197146687138,0.002133467000213445,-0.10178347594705676,3.1976527431788613,1.416376727387977,False,False,False
1790735229.1163983,TRACK,0.010030345000000001,0.002036370000041643,0.7497876635750202,0.8447344807564745,0.7550793567209055,-0.002027194326016678,-0.0015186190110381248,2.207074616071813e-05,0.7499377864412701,0.8430213060060568,0.7571498490843399,-0.00027030616358503793,0.0004919188055422255,0.0003148078584453672,-0.10530182531361784,3.194136273571294,1.415659365821744,1,1,0,0.0006746450001173798,21,0.0,0.0,9.670159930032842e-05,0.010000000000000002,-0.12189186178663587,3.1503479226240505,1.4142450127727018,0.016590036473018023,0.043788350947243225,0.001414353049042316,-0.10530182531361784,3.194136273571294,1.415659365821744,False,False,False
1790735229.1264148,TRACK,0.010016338000000001,0.0020150299999386334,0.7497987645840434,0.844732887829271,0.7550792232101093,-0.002018021447753928,-0.001508342905409254,2.182032808336682e-05,0.7499350327242165,0.8430263163410138,0.7571530566006374,-0.0002795642905250966,0.0005085563865124954,0.0003256800645297611,-0.1069794192251212,3.1940407687113983,1.4162767408270076,1,1,0,0.0006876499999179941,21,0.0,0.0,9.641372021875845e-05,0.010000000000000002,-0.12189288161931203,3.1503631500067226,1.4142467517581312,0.01491346239419082,0.04367761870467587,0.002029989068876327,-0.1069794192251212,3.1940407687113983,1.4162767408270076,False,False,False
1790735229.1363215,TRACK,0.009906859,0.0019660059999750956,0.7498083729140239,0.844731522134837,0.7550791666543981,-0.001786113766373293,-0.0011802624455679793,1.793740530023089e-05,0.7499322171430731,0.8430314370892846,0.7571563370909496,-0.00028887098824756293,0.0005252635549878456,0.0003366168491813746,-0.1111213621424415,3.190110651621351,1.4155066544631572,1,1,0,0.0006918680001035682,21,0.0,0.0,8.476717483200302e-05,0.010000000000000002,-0.12189391379090353,3.1503785644875566,1.4142484608541306,0.01077255164846202,0.03973208713379433,0.0012581936090265233,-0.1111213621424415,3.190110651621351,1.4155066544631572,False,False,False
1790735229.146436,TRACK,0.010114445000000001,0.002160378000098717,0.7498119234533469,0.8447287867046915,0.7550791714501051,0.010294923535007371,0.004062996523459122,-0.00012042331709528057,0.7499292466751175,0.8430368371809438,0.7571597990453024,-0.00029852629066669603,0.0005425774766734404,0.0003479714145478783,-0.23710364303309378,3.0998095787724167,1.3869236737621224,1,1,0,0.0007704689999172842,23,0.0,0.0,8.399818711115248e-05,0.010000000000000002,-0.12189499206883685,3.1503946703022847,1.4142501944768484,-0.11520865096425695,-0.050585091529868224,-0.027326520714726073,-0.23710364303309378,3.0998095787724167,1.3869236737621224,False,False,False
1790735229.1563675,TRACK,0.009931295000000001,0.001805220000051122,0.7497907924550677,0.8447238944254147,0.7550792527222843,-0.005366567897044702,0.00015723464421926042,-2.2700054821466007e-05,0.749926234220015,0.8430423111372227,0.757163310984259,-0.0003081577056926017,0.0005598289290744362,0.0003593062526703521,-0.08764537687701121,3.177386216156954,1.4100366100856165,1,1,0,0.0006418430000394437,23,0.0,0.0,9.679313026879324e-05,0.010000000000000002,-0.1218960752567342,3.1504108520746064,1.414251885494531,0.034250698379722985,0.026975364082347526,-0.004215275408914485,-0.08764537687701121,3.177386216156954,1.4100366100856165,False,False,False
1790735229.1663623,TRACK,0.009994547000000001,0.0015376009998817608,0.74972073607859,0.8447280084441404,0.7550759551482091,-0.004651401373784033,0.0002889039206694429,-1.78535584067686e-05,0.7499231052577032,0.8430479941733159,0.7571669598671836,-0.0003180014249417881,0.0005774400791583112,0.00037089970756598004,-0.0805718792524542,3.1834014024046295,1.4128692928072293,1,1,0,0.0004666290001296147,17,0.0,0.0,9.284858407053592e-05,0.1,-0.12189719015437354,3.150427510107291,1.4142535759457389,0.04132531090191935,0.032973892297338436,-0.0013842831385096318,-0.0805718792524542,3.1834014024046295,1.4128692928072293,False,False,False
1790735229.176397,TRACK,0.010035274,0.0019448169998668163,0.7497035192057933,0.8447332642082328,0.7550758179407975,-0.0009323866431166944,-0.000353270301886347,4.120449484125519e-06,0.7499198637960582,0.843053878718049,0.7571707411445432,-0.00032803759517248957,0.0005953738049836008,0.0003827290795156025,-0.11031126869279342,3.1814264751951975,1.4142290446839907,1,1,0,0.0006419329999971524,20,0.0,0.0,9.974127491310832e-05,0.1,-0.12189833500207325,3.150444618175387,1.4142552617222919,0.01158706630927983,0.030981857019810564,-2.6217038301095022e-05,-0.11031126869279342,3.1814264751951975,1.4142290446839907,False,False,False
1790735229.1863894,TRACK,0.009992101,0.002064443999870491,0.749721702004023,0.8447329350476451,0.7550757112885913,-0.0018572425854007013,-0.0015512139058228454,1.9174360822818404e-05,0.7499165354541435,0.8430599180005551,0.7571746250424425,-0.00033818223344274573,0.000613478724256591,0.00039469593863547715,-0.10136632992502836,3.1999213902270194,1.421835184855907,1,1,0,0.000728007000134312,22,0.0,0.0,8.69585621643427e-05,0.010000000000000002,-0.12189950057805352,3.15046203854391,1.4142569286130728,0.02053317065302515,0.04945935168310928,0.00757825624283405,-0.10136632992502836,3.1999213902270194,1.421835184855907,False,False,False
1790735229.1963735,TRACK,0.009984066,0.002177129000074274,0.7497431539174606,0.8447352339409901,0.755075494300331,0.010225277010742235,0.003905580019658982,-0.00012005353169899891,0.74991310779002,0.8430661343449183,0.7571786261868575,-0.000348469839760955,0.0006318152267762425,0.00040684148483004196,-0.22917024150829068,3.1064388344917506,1.3921051109251346,1,1,0,0.0007524940001530922,23,0.0,0.0,8.118153446194857e-05,0.010000000000000002,-0.12190069113665036,3.150479834895919,1.4142585824475606,-0.10726955037164032,-0.044041000404168036,-0.02215347152242617,-0.22917024150829068,3.1064388344917506,1.3921051109251346,False,False,False
1790735229.2064142,TRACK,0.010040865000000001,0.002011774000038713,0.749739136574048,0.8447364211790163,0.7550755061999332,-0.0003476117876797797,0.0019578635270084913,-1.9605186764141275e-05,0.7499095562722949,0.8430725719295107,0.7571827733461032,-0.00035896832859242387,0.0006505027896982664,0.0004192465672978299,-0.13604680422252657,3.142748649613567,1.401608859647279,1,1,0,0.0006928899999820715,21,0.0,0.0,8.583801711891489e-05,0.010000000000000002,-0.12190191494931732,3.150498131059414,1.4142602337560402,-0.014144889273209255,-0.007749481445846823,-0.012651374108761042,-0.13604680422252657,3.142748649613567,1.401608859647279,False,False,False
1790735229.216401,TRACK,0.009986802000000001,0.0019712160001290613,0.7496824170424112,0.8447434570137116,0.7550745477647016,-0.005753861634565305,0.0003888676540834738,-1.8729829932577404e-05,0.7499059185547394,0.8430791622007467,0.7571870226796346,-0.0003695618578548224,0.0006693337682931168,0.00043177492036573637,-0.07042643505763131,3.1833250617623117,1.415100475461608,1,1,0,0.0006778120000490162,21,0.0,0.0,9.435685069624068e-05,0.010000000000000002,-0.12190315885721013,3.150516730528356,1.4142618641780669,0.05147672379957882,0.032808331233955663,0.0008386112835411661,-0.07042643505763131,3.1833250617623117,1.415100475461608,False,False,False
1790735229.2263644,TRACK,0.009963206,0.0013924439999755123,0.7496495786519404,0.8447500412028219,0.75507438007293,-4.800116383840987e-05,0.0006113983469094012,-1.3778943193370943e-05,0.7499021832602415,0.8430859254994543,0.7571913875926259,-0.00038028100102991856,0.0006883613438832443,0.0004444631974982785,-0.11354602347524348,3.1713165028733847,1.4132965285243038,1,1,0,0.00028997300000810355,7,0.0,0.0,8.35904731862465e-05,0.1,-0.12190442667887888,3.1505356906383017,1.4142634787041017,0.008358403203635406,0.020780812235083105,-0.000966950179797956,-0.11354602347524348,3.1713165028733847,1.4132965285243038,False,False,False
1790735229.2363887,TRACK,0.010024694,0.0018316510002023279,0.7496558026490527,0.8447479063162575,0.7550743756196496,0.003860123350404605,0.0013455065519538578,2.9829992481731715e-05,0.7498983163658838,0.8430929230817623,0.7571959079908096,-0.00039121818948527164,0.000707747929587899,0.00045742151714193535,-0.15405135952480217,3.1537804013188078,1.4090640561366632,1,1,0,0.0005341779999525897,16,0.0,0.0,9.343618361987507e-05,0.1,-0.12190572972573267,3.1505551808979106,1.4142650909282484,-0.03214562979906951,0.003225220420896903,-0.005201034791585209,-0.15405135952480217,3.1537804013188078,1.4090640561366632,False,False,False
1790735229.2463841,TRACK,0.009995328000000001,0.0020319820000622713,0.7496542352907127,0.8447411715830846,0.7550745260514873,-0.0019317577163180785,-0.0009311838438015109,2.0655291778534993e-05,0.7498943508794017,0.8431000948578318,0.7572005454408771,-0.0004022750707535627,0.0007273175095898222,0.0004705340676067522,-0.09834068316585781,3.1961839353816197,1.4236656372102385,1,1,0,0.0007452199999988807,23,0.0,0.0,7.689479246129611e-05,0.010000000000000002,-0.12190705664441742,3.1505750318957433,1.4142666860544881,0.023566373478559607,0.04560890348587627,0.009398951155750313,-0.09834068316585781,3.1961839353816197,1.4236656372102385,False,False,False
1790735229.2563157,TRACK,0.009931656,0.002071206999971764,0.7496371853002088,0.8447344188953174,0.7550747043694894,-0.0019964677185057736,-0.001105734367387232,2.3225351320546963e-05,0.749890300443394,0.843107415861749,0.7572052841130452,-0.0004134116336848007,0.000746998098838661,0.00048375389620494436,-0.0921055135290311,3.204355140027381,1.427289987179643,1,1,0,0.0007311030001346808,22,0.0,0.0,8.061543431654608e-05,0.010000000000000002,-0.12190840280937358,3.150595174828901,1.4142682586556858,0.029802889280342484,0.05375996519847957,0.013021728523957195,-0.0921055135290311,3.204355140027381,1.427289987179643,False,False,False
1790735229.2663636,TRACK,0.010047477,0.0017508870000710886,0.7496301271688264,0.8447287929670084,0.7550749211037546,-0.002262461194181471,-0.0014175993680830687,2.7841674420525685e-05,0.7498860894629487,0.8431150223249636,0.75721021261883,-0.0004248303957645215,0.0007671457196447033,0.0004973221989302452,-0.08781174819614981,3.2110328734037052,1.430332783634842,1,1,0,0.0006019580000611313,22,0.0,0.0,9.640036724201158e-05,0.010000000000000002,-0.12190979308078763,3.1506159822347577,1.4142698369282132,0.03409804488463781,0.060416891168947766,0.016062946706628955,-0.08781174819614981,3.2110328734037052,1.430332783634842,False,False,False
1790735229.2764227,TRACK,0.01005936,0.002202205999992657,0.7496361454631764,0.8447286995511734,0.7550749034883104,-0.002117101195879752,-0.0011094442303315848,2.5682920499035382e-05,0.7498817577969104,0.8431228417729639,0.7572152845103293,-0.000436416218634282,0.0007875549306490844,0.0005111031362818942,-0.09026012831784089,3.2086630707185475,1.4301490929207077,1,1,0,0.0007241499999963708,22,0.0,0.0,8.661402755271846e-05,0.010000000000000002,-0.12191121392817286,3.1506372522863435,1.4142714041739226,0.03165108561033197,0.058025818432203946,0.015877688746785145,-0.09026012831784089,3.2086630707185475,1.4301490929207077,False,False,False
1790735229.2864132,TRACK,0.009990449,0.0017706849998830876,0.74965020367467,0.8447332401374181,0.755074833556237,0.0018392416723465967,0.0009228969181642532,3.2182490980085863e-05,0.749877339691834,0.8431308120254865,0.7572204598415343,-0.00044807482970102947,0.0008080582238271698,0.0005249851867085201,-0.13227222822121856,3.1723389581420296,1.4183363678971248,1,1,0,0.0004524930000116001,12,0.0,0.0,9.001177599710971e-05,0.1,-0.12191265399330532,3.150658815567637,1.4142729477854215,-0.01035957422791324,0.021680142574392856,0.004063420111703443,-0.13227222822121856,3.1723389581420296,1.4183363678971248,False,False,False
1790735229.2963812,TRACK,0.009968215,0.0020603770001343946,0.7496552194674662,0.8447347366346296,0.7550748804788698,-0.0024877793844988866,-0.0009656246623576046,3.183457057121817e-05,0.7498728145789577,0.8431389698460008,0.7572257628523417,-0.00045985871631087655,0.0008287466227228284,0.0005390313927653974,-0.0920451592405262,3.206525001731214,1.430550802917615,1,1,0,0.0007502900000417867,23,0.0,0.0,8.334337873453919e-05,0.010000000000000002,-0.12191411989810563,3.150680771884688,1.414274475022176,0.02986896065757943,0.05584422984652595,0.01627632789543891,-0.0920451592405262,3.206525001731214,1.430550802917615,False,False,False
1790735229.3064523,TRACK,0.010070953,0.0020774289998826134,0.7496534807072281,0.8447355874420426,0.7550749759707189,-0.0021014484028890365,-0.0008797049439725797,2.5605573561094937e-05,0.7498681227709595,0.8431474223389595,0.7572312637032533,-0.0004719175584580347,0.0008498806804152936,0.0005534211202061018,-0.09364768346159069,3.207869248555378,1.4318557024391378,1,1,0,0.0007318949999444158,22,0.0,0.0,8.316500950732026e-05,0.010000000000000002,-0.12191563065951548,3.1507034069582387,1.4142760047425644,0.028267947197924786,0.05716584159713938,0.017579697696573374,-0.09364768346159069,3.207869248555378,1.4318557024391378,False,False,False
1790735229.316417,TRACK,0.009964549000000001,0.0020308800001203053,0.7496579867188844,0.8447379387072678,0.7550750139853708,-0.0020583100669392266,-0.0007513843792717623,2.504009005852779e-05,0.7498633602480491,0.8431559961494278,0.7572368500518514,-0.0004840009654520129,0.0008710197567616355,0.000567856349566956,-0.0954324135838564,3.206538025353487,1.4320268951001396,1,1,0,0.0007230779999645165,22,0.0,0.0,8.667820163387846e-05,0.010000000000000002,-0.12191715516250959,3.150726255483062,1.4142775050555962,0.02648474157865318,0.0558117698704252,0.01774939004454334,-0.0954324135838564,3.206538025353487,1.4320268951001396,False,False,False
1790735229.3263166,TRACK,0.009899765000000001,0.0020882999999685126,0.7496665276362,0.844743293253333,0.7550750749307555,-0.002128455243645816,-0.0007317854959188429,2.62939332019191e-05,0.7498585087113069,0.8431647239182142,0.7572425434909943,-0.0004961556326290809,0.000892244665654827,0.0005823932365734194,-0.09623783114082013,3.206570373054035,1.4326990542243032,1,1,0,0.0007319250000819011,22,0.0,0.0,8.656422888603863e-05,0.010000000000000002,-0.12191869927471838,3.150749406155592,1.414278982438465,0.02568086813389825,0.05582096689844286,0.0184200717858382,-0.09623783114082013,3.206570373054035,1.4326990542243032,False,False,False
1790735229.3364353,TRACK,0.010118613,0.0020627110000077664,0.749679528406574,0.8447511695661891,0.7550749936811307,-0.0022173287363277307,-0.0006614918073453162,2.8165087536948527e-05,0.7498534248011375,0.8431738629149294,0.7572485125261134,-0.0005087334566173383,0.0009141670592523844,0.000597453855384574,-0.09754278520390189,3.2056683476485106,1.433028948008856,1,1,0,0.0007197620000169991,22,0.0,0.0,8.409663010970099e-05,0.010000000000000002,-0.12192030819160872,3.1507735378366912,1.414280478774977,0.024377522987706825,0.05489480981181929,0.01874846923387911,-0.09754278520390189,3.2056683476485106,1.433028948008856,False,False,False
1790735229.3464062,TRACK,0.009971432,0.0017033459998856415,0.7496930492957867,0.8447603084615549,0.755075032114016,-0.0025049581173367157,-0.0007990640477220253,3.313254726550565e-05,0.7498482895665822,0.8431830871116252,0.7572545448289412,-0.0005212812397667112,0.0009359946441882432,0.0006124965685236288,-0.09670727930921055,3.207310846020003,1.4342667309240211,1,1,0,0.0005984500000977278,22,0.0,0.0,8.76925288394729e-05,0.010000000000000002,-0.12192192428942811,3.150797787478657,1.4142819396577815,0.025214644980217554,0.05651305854134644,0.019984791266239605,-0.09670727930921055,3.207310846020003,1.4342667309240211,False,False,False
1790735229.3564222,TRACK,0.010015687,0.0016628790001504967,0.749712862272526,0.8447725706190496,0.755074956916105,-0.00225241816450914,-0.0005086445515322664,2.8966118826853366e-05,0.7498430048226233,0.8431925724627914,0.7572607559112,-0.0005340376783088887,0.0009581412831752042,0.0006278081119899965,-0.10255376522336278,3.2022428399581693,1.4331941594263111,1,1,0,0.000593280999964918,22,0.0,0.0,7.573073759236411e-05,0.010000000000000002,-0.12192357836541337,3.150822618270667,1.4142833932102847,0.019369813142050597,0.05142022168750237,0.018910766216026324,-0.10255376522336278,3.2022428399581693,1.4331941594263111,False,False,False
1790735229.3664079,TRACK,0.009985148000000001,0.0016876859999683802,0.7497336414339939,0.8447863566152947,0.7550749246410025,0.009015289860440655,0.005044828465416331,-4.574469387006504e-06,0.7498376082483454,0.8432022507928671,0.7572671017220303,-0.0005469079993061529,0.000980440309647441,0.000643275634891103,-0.22514986135622714,3.105731899220796,1.4018034670393524,1,1,0,0.0006189999999151041,23,0.0,0.0,8.052347620106129e-05,0.010000000000000002,-0.12192525836405041,3.1508478505744812,1.4142848284144538,-0.10322460299217673,-0.04511595135368529,-0.012481361375101403,-0.22514986135622714,3.105731899220796,1.4018034670393524,False,False,False
1790735229.3763213,TRACK,0.009913582,0.0016491730000325333,0.7497273116349499,0.8447950733718681,0.755074985045991,-0.0018039413045423736,0.002029405399151301,-1.8181201321486968e-05,0.7498321224683144,0.8432120810991444,0.7572735558391113,-0.0005598371675287088,0.0010027950007837451,0.0006588335771892371,-0.12585709252999255,3.1576351135027503,1.4174984819320746,1,1,0,0.0005902949999381235,22,0.0,0.0,8.45269396285631e-05,0.010000000000000002,-0.12192695713020588,3.1508733781300875,1.4142862394521685,-0.003930135399786669,0.006761735372662825,0.0032122424799062095,-0.12585709252999255,3.1576351135027503,1.4174984819320746,False,False,False
1790735229.386382,TRACK,0.010060863000000001,0.0017176129999825207,0.7496743017869649,0.8448084313798194,0.7550748115932064,-0.0046994353892881825,0.001364517104161462,-1.6396488938824443e-05,0.7498264233726893,0.8432222851187993,0.7572802645619534,-0.0005731125363651671,0.0010256995288322993,0.0006748288498060072,-0.08746591336146942,3.1793548918856276,1.4249016073844212,1,1,0,0.000585536000016873,20,0.0,0.0,9.638640209171692e-05,0.1,-0.1219287127357235,3.1508997747160232,1.4142876571755076,0.03446279937425408,0.028455117169604197,0.010613950208913536,-0.08746591336146942,3.1793548918856276,1.4249016073844212,False,False,False
1790735229.3963506,TRACK,0.009968426,0.0014477089998763404,0.7496502277901493,0.8448255229814192,0.7550746651171378,-0.00011236128316993449,0.0016055018169077065,-9.216396323408378e-06,0.7498206441460865,0.8432326237333577,0.757287071390819,-0.0005864192647645517,0.001048608124681846,0.0006908831939945312,-0.12275100032513861,3.1678345810168373,1.4228945138532243,1,1,0,0.00033197299990206375,10,0.0,0.0,9.05147109474945e-05,0.1,-0.12193048381403378,3.150926420088599,1.4142890475503986,-0.0008205165111048351,0.016908160928238325,0.00860546630282562,-0.12275100032513861,3.1678345810168373,1.4228945138532243,False,False,False
1790735229.4063263,TRACK,0.009975861,0.0016739800000777905,0.749647655428272,0.8448316003625242,0.7550748125795694,-0.002366187810857644,-0.0008019227915987118,3.0492700431534623e-05,0.7498147270505937,0.8432431997355728,0.7572940445410382,-0.000599888932362343,0.0010717457372543277,0.000707156027097468,-0.100090910358701,3.202103977905718,1.4360827965904335,1,1,0,0.0005868579999059875,22,0.0,0.0,9.9786982347213e-05,0.010000000000000002,-0.12193228790132357,3.1509535795820405,1.4142904245513606,0.021841377542622564,0.051150398323677355,0.021792372039072912,-0.100090910358701,3.202103977905718,1.4360827965904335,False,False,False
1790735229.4164488,TRACK,0.010123101,0.0016901409999263706,0.7496563585215634,0.8448378385346071,0.7550748080173539,0.010964465262186165,0.005114631942728912,-0.00012490696010366057,0.749808584470722,0.8432541688722651,0.7573012876286452,-0.000613714122334973,0.0010954396802288634,0.0007238814965523547,-0.2383371309642661,3.1027552578469613,1.4047166164057558,1,1,0,0.0006124970000200847,23,0.0,0.0,9.286016646743821e-05,0.010000000000000002,-0.12193415121185437,3.150981650101531,1.4142918069964783,-0.11640297975241172,-0.04822639225456962,-0.009575190590722382,-0.2383371309642661,3.1027552578469613,1.4047166164057558,False,False,False
1790735229.426314,TRACK,0.009864689000000001,0.001694348999990325,0.749643056095814,0.844847692240525,0.7550747770050785,-0.005420329439727123,0.0014558097731193404,-2.0012633211944925e-05,0.7498024632951311,0.8432650897784939,0.7573085097374935,-0.0006273385090293666,0.0011187351177418764,0.0007403871594860932,-0.0852988587984099,3.17619239261141,1.4259963846703538,1,1,0,0.0006151119998776267,23,0.0,0.0,9.318709809762716e-05,0.010000000000000002,-0.12193599871958173,3.1510095029847838,1.414293139593251,0.03663713992117184,0.025182889626625984,0.011703245077102934,-0.0852988587984099,3.17619239261141,1.4259963846703538,False,False,False
1790735229.4364197,TRACK,0.010105398,0.0015065809998304758,0.7495793082237467,0.8448648688042946,0.7550745774488474,-0.0037213348783000305,0.0015104780885599823,-1.4682213108452346e-05,0.7497960526151947,0.8432765164988061,0.7573160779731024,-0.0006414512918249441,0.0011428082314715571,0.0007575089151334354,-0.08842410456523521,3.1793879593758225,1.4282947426745296,1,1,0,0.00035143900004186435,11,0.0,0.0,9.912965991808881e-05,0.1,-0.12193792398493687,3.1510385507641394,1.414294489662247,0.03351381941970166,0.028349408611683103,0.01400025301228279,-0.08842410456523521,3.1793879593758225,1.4282947426745296,False,False,False
1790735229.4463072,TRACK,0.009887452000000001,0.00168237599996246,0.7495666432170038,0.8448795824367394,0.7550744968456655,-0.0014922321331993468,0.0001962431063856,1.6802175910616158e-05,0.7497896413996682,0.8432879332436475,0.7573236514935495,-0.0006554127228948423,0.0011665652129601528,0.0007744716971543593,-0.10363264399597835,3.1897495127620608,1.4339442270904055,1,1,0,0.0005779709999842453,21,0.0,0.0,9.230783829078341e-05,0.010000000000000002,-0.12193983988896356,3.1510674812257933,1.4142957957362678,0.018307195892985205,0.03868203153626761,0.01964843135413774,-0.10363264399597835,3.1897495127620608,1.4339442270904055,False,False,False
1790735229.456398,TRACK,0.010090829,0.001673158999892621,0.7495858683601941,0.8448892566171677,0.7550744480224019,-0.002330024769415536,-0.000854777084712431,3.0048148850087388e-05,0.7497829551959516,0.8432998280444998,0.7573315548048138,-0.0006698176713203059,0.0011910159607078556,0.0007919992489531801,-0.09567083391561436,3.2060412323267156,1.4407938791845643,1,1,0,0.0006089099999826431,22,0.0,0.0,8.833176694739661e-05,0.010000000000000002,-0.1219418281472145,3.1510975305500533,1.414297113356865,0.02627099423160015,0.05494370177666232,0.026496765827699387,-0.09567083391561436,3.2060412323267156,1.4407938791845643,False,False,False
1790735229.4663274,TRACK,0.009929443000000001,0.002219720000084635,0.7496133381374452,0.8449031265783171,0.7550742255032157,-0.002079309609700867,-0.00035639143765057264,2.6336946330270073e-05,0.749776233266859,0.8433117744500694,0.7573395054311596,-0.0006841466934575414,0.0012152759406334802,0.0008094607299708106,-0.10289944952069754,3.198005876212214,1.4386334444230895,1,1,0,0.0006450890000451182,21,0.0,0.0,8.949862679165805e-05,0.010000000000000002,-0.12194381722615436,3.15112762017541,1.4142983946553953,0.019044367705456814,0.04687825603680423,0.024335049767694242,-0.10289944952069754,3.198005876212214,1.4386334444230895,False,False,False
1790735229.4764683,TRACK,0.010141106,0.0018128540000361681,0.7496406296107097,0.8449196342762484,0.7550741310464462,0.012266448529671096,0.0055928264229405614,-0.00010701288950243837,0.7497692203898503,0.8433242251827883,0.7573478056155484,-0.0006989396230324182,0.0012402560709331948,0.0008275152833902704,-0.256866653774947,3.0886895056422388,1.4039767912490422,1,1,0,0.0006500980000510026,24,0.0,0.0,8.166743202209505e-05,0.010000000000000002,-0.12194588222976592,3.151158889040316,1.4142996875041975,-0.1349207715451811,-0.062469383398077394,-0.010322896255155324,-0.256866653774947,3.0886895056422388,1.4039767912490422,False,False,False
1790735229.486389,TRACK,0.009920264,0.0017457370001920935,0.7496326256630557,0.8449328373562919,0.7550741817727706,-0.004655387178181177,0.001982543654132221,-1.875546720044594e-05,0.7497622143042427,0.8433366508716506,0.7573561032884509,-0.0007135656646510001,0.001264888682196817,0.0008453940821300414,-0.09900211462847394,3.1640437793171006,1.4258571505581012,1,1,0,0.0006280370000695257,23,0.0,0.0,8.000100174981027e-05,0.010000000000000002,-0.12194793515350405,3.151190007172377,1.4143009366396186,0.02294582052503011,0.012853772144723425,0.011556213918482694,-0.09900211462847394,3.1640437793171006,1.4258571505581012,False,False,False
1790735229.496397,TRACK,0.010008152000000001,0.0016809339999781514,0.7495625831482435,0.844949963081687,0.7550741038970257,-0.005038679899891429,0.0014273543947624777,-1.4889321501164584e-05,0.7497549983428573,0.8433494352379838,0.7573646552939143,-0.0007284772109677901,0.0012899343629211603,0.0008636506843289133,-0.08020600022674318,3.181022979251906,1.4325440242697627,1,1,0,0.00047404299994013854,16,0.0,0.0,9.918110540241035e-05,0.1,-0.12195003932530535,3.151221936662406,1.4143021811002694,0.041744039098562176,0.029801042589499938,0.01824184316949333,-0.08020600022674318,3.181022979251906,1.4325440242697627,False,False,False
1790735229.5063896,TRACK,0.009992563000000001,0.0015445029998772952,0.7495418663996372,0.8449670705440955,0.7550739806359301,-0.0005286375449134773,0.0011612907529137656,-1.1581991998192015e-07,0.7497476439502601,0.8433624507339672,0.7573733773721678,-0.0007435221226860076,0.0013151341928642755,0.0008821002575182475,-0.11649483200792628,3.173257788415618,1.4320624412475405,1,1,0,0.0004105030000118859,13,0.0,0.0,9.501749825740514e-05,0.1,-0.1219521734351581,3.1512543574472174,1.414303407699413,0.005457341427231822,0.022003430968400597,0.01775903354812743,-0.11649483200792628,3.173257788415618,1.4320624412475405,False,False,False
1790735229.516447,TRACK,0.010057546,0.002019899000060832,0.7495532343374744,0.8449768979372969,0.7550740447431803,0.009228689413343935,0.004795525393157467,-1.0584835401212297e-05,0.7497400891298026,0.8433758061131216,0.7573823434597642,-0.0007588232347454521,0.0013406906644591453,0.0009008948135784787,-0.21903471802320912,3.1091162822640546,1.4128009845031608,1,1,0,0.0006043920000138314,22,0.0,0.0,9.06731119305103e-05,0.010000000000000002,-0.12195435501338613,3.151287539229652,1.4143046260566836,-0.097080363009823,-0.042171256965597564,-0.00150364155352284,-0.21903471802320912,3.1091162822640546,1.4128009845031608,False,False,False
1790735229.5264099,TRACK,0.009962906,0.001751588000161064,0.7495497331057885,0.8449846687850924,0.7550740644392331,-0.0020666130468023347,0.0019272362920393687,-1.7449979007447703e-05,0.7497324528884721,0.8433892901828717,0.7573914126641176,-0.0007741373745846103,0.0013661951877735584,0.000919736691782339,-0.11569928392329437,3.1621687549369293,1.4288334574113464,1,1,0,0.0006033399999978428,22,0.0,0.0,8.209941261306176e-05,0.010000000000000002,-0.12195654935037593,3.1513209571261713,1.4143058167554796,0.006257265427081561,0.010847797810757813,0.014527640655866774,-0.11569928392329437,3.1621687549369293,1.4288334574113464,False,False,False
1790735229.5364082,TRACK,0.009998354000000001,0.0015205479999167437,0.7495031634358229,0.8450015464924912,0.7550739022953046,-0.003577392631033628,0.0018111537704140067,-1.4851542659941042e-05,0.7497246353027842,0.8434030786187915,0.7574007039865106,-0.000789663486913962,0.0013919769410823692,0.0009388715751430595,-0.0926322324989739,3.1736726159349504,1.4330366065205156,1,1,0,0.00041668399990157923,14,0.0,0.0,9.285283381377588e-05,0.1,-0.12195878485130023,3.1513550467280145,1.4143069953343024,0.029326552352326323,0.022317569206936165,0.018729611186213177,-0.0926322324989739,3.1736726159349504,1.4330366065205156,False,False,False
1790735229.5463855,TRACK,0.009977464,0.0015906119999726798,0.7494885986482558,0.8450213040262051,0.7550737835382648,-0.0004338750715745673,0.0015605878560636284,-1.6733890622388017e-06,0.7497166785145636,0.8434170961343718,0.7574101677478315,-0.0008053148246741283,0.001417888880466299,0.0009581938235656867,-0.11683958768144591,3.1691080673204817,1.433203737389253,1,1,0,0.00037092699994900613,11,0.0,0.0,9.735599832312384e-05,0.1,-0.12196104902917938,3.151389621226344,1.414308154962872,0.005121461347733477,0.017718446094137613,0.018895582426381084,-0.11683958768144591,3.1691080673204817,1.433203737389253,False,False,False
1790735229.5563347,TRACK,0.009949309,0.0017200379998030257,0.7494981410689201,0.845032193530618,0.7550739505831405,0.012262285286028773,0.005378079893518916,-0.00013712250472253194,0.7497085878963884,0.8434313324391908,0.7574197979086799,-0.0008210792354852202,0.0014439085915971628,0.0009776894058344968,-0.24758139712303695,3.095087428439634,1.4116675231938374,1,1,0,0.0006223660000159725,23,0.0,0.0,8.80447127112194e-05,0.010000000000000002,-0.1219633400131568,3.1514246553523932,1.414309294764304,-0.12561805710988017,-0.05633722691275947,-0.0026417715704664117,-0.24758139712303695,3.095087428439634,1.4116675231938374,False,False,False
1790735229.56631,TRACK,0.00997521,0.0017057310001291626,0.7494855886904954,0.8450391037425655,0.7550740114939529,-0.003679786792982631,0.0021423368545913702,-1.7728202591673747e-05,0.749700317970688,0.8434458665897226,0.7574296490109228,-0.00083704273481547,0.0014701751604732636,0.0009974659177484897,-0.0985166782955888,3.1658813441789477,1.43222272606181,1,1,0,0.0006190199999309698,23,0.0,0.0,7.485332755475691e-05,0.010000000000000002,-0.12196567024925616,3.151460343225202,1.4143104207814925,0.023448991953667352,0.014421000953745631,0.01791230528031749,-0.0985166782955888,3.1658813441789477,1.43222272606181,False,False,False
1790735229.5764375,TRACK,0.010127139,0.0016551340002024517,0.7494087239607374,0.8450566433133249,0.7550740351997858,-0.005579222503659627,0.0016023965059298465,-1.4446750600870511e-05,0.7496917583753885,0.8434608910505,0.7574398531521681,-0.0008534117014991638,0.0014970229446603436,0.0010177812469009519,-0.06405650965065178,3.1879124282656517,1.4401358335153482,1,1,0,0.0005776110001534107,21,0.0,0.0,6.686160929241452e-05,0.010000000000000002,-0.12196807006936566,3.1514971548879034,1.4143115466289475,0.057911560418713884,0.03641527337774836,0.025824286886400743,-0.06405650965065178,3.1879124282656517,1.4401358335153482,False,False,False
1790735229.5863688,TRACK,0.009931827,0.0014839379998647928,0.7493854524251926,0.8450749684781869,0.7550739213027455,-0.0005195578081785181,0.0013050135754278567,4.138280907321594e-07,0.7496832020584886,0.8434758907024141,0.7574500614889105,-0.0008696242825524951,0.0015235279340761673,0.0010379391329505042,-0.10638660295283854,3.1786445541308717,1.4394174996412212,1,1,0,0.0004129769999963173,14,0.0,0.0,9.703062129231416e-05,0.1,-0.12197045695233852,3.1515338283196375,1.414312633655222,0.015583853999499978,0.02711072581123424,0.025104865985999186,-0.10638660295283854,3.1786445541308717,1.4394174996412212,False,False,False
1790735229.5963173,TRACK,0.009948138,0.001877418000049147,0.7494038352831849,0.8450872845158326,0.7550751958308473,0.011885231594477212,0.005435493712685705,-7.322705143537021e-05,0.7496744694840706,0.8434911797340853,0.7574604884531287,-0.0008860220906737097,0.001550247870262011,0.0010583646296980383,-0.23654526897693182,3.0999250743881266,1.4158425392775973,1,1,0,0.0006495080001513998,23,0.0,0.0,8.37462539175895e-05,0.010000000000000002,-0.12197288082633236,3.151571133345942,1.4143137053243964,-0.11457238815059946,-0.0516460589578155,0.0015288339532009965,-0.23654526897693182,3.0999250743881266,1.4158425392775973,False,False,False
1790735229.6063135,TRACK,0.009996149000000001,0.0017495239999334444,0.7494013928494283,0.8450974490844203,0.7550753138036637,-8.848735807656166e-05,0.0031359865022174086,-1.2495840160075145e-05,0.7496655296548669,0.843506811146194,0.7574711715957622,-0.0009026593912034094,0.0015772672303938401,0.0010791270026965095,-0.12961153949885104,3.1461149552749132,1.4288162515530405,1,1,0,0.0006092810001518956,21,0.0,0.0,8.767094402855572e-05,0.010000000000000002,-0.12197534969048204,3.1516091981772387,1.4143147647238332,-0.007636189808368997,-0.00549424290232543,0.014501486829207155,-0.12961153949885104,3.1461149552749132,1.4288162515530405,False,False,False
1790735229.6163073,TRACK,0.009993815000000001,0.001664451999886296,0.7493426947191271,0.8451163071149157,0.7550751457733078,-0.005903649437292987,0.0016765876200119548,-1.5019684768584514e-05,0.7496564248573205,0.8435227097472792,0.7574820609164679,-0.0009194539787367973,0.0016044487336656498,0.0011001252632397672,-0.05990789520665835,3.1875933633883506,1.4426248755556206,1,1,0,0.0005729819999942265,21,0.0,0.0,9.283540328615976e-05,0.010000000000000002,-0.12197785127806485,3.151647838831803,1.4143158062353112,0.062069956071406494,0.03594552455654751,0.028309069320309365,-0.05990789520665835,3.1875933633883506,1.4426248755556206,False,False,False
1790735229.6263118,TRACK,0.010004715,0.0016796009999779926,0.7493128472320087,0.8451364029917583,0.755075012597624,-0.00037951583702564674,0.0014636391981256863,-1.9113693591208195e-06,0.7496471412034521,0.8435388986136834,0.7574931735239658,-0.0009364288028309937,0.001631826187105554,0.0011213895162191883,-0.10276962887658746,3.1802210772165584,1.442821752193187,1,1,0,0.0004152920000706217,11,0.0,0.0,9.8953106328303e-05,0.1,-0.12198038886857775,3.1516871109472064,1.4143168310504115,0.019210759991990286,0.028533966269352198,0.02850492114277556,-0.10276962887658746,3.1802210772165584,1.442821752193187,False,False,False
1790735229.6364224,TRACK,0.010110337,0.001741779000212773,0.749334332147459,0.8451489627522708,0.7550782457037446,0.01235378665773354,0.005392848162932012,8.101936748065126e-05,0.7496375861815757,0.8435555374870671,0.7575046208267208,-0.0009537479424449357,0.0016596592287273,0.0011431274160873166,-0.23627653907407725,3.102274618065903,1.4195571382956875,1,1,0,0.000640329999896494,23,0.0,0.0,8.164646518492332e-05,0.010000000000000002,-0.12198298697758181,3.151727400416961,1.4143178483894265,-0.11429355209649543,-0.049452782351058294,0.005239289906260986,-0.23627653907407725,3.102274618065903,1.4195571382956875,False,False,False
1790735229.6464126,TRACK,0.009990479,0.001858431000073324,0.7493311126978881,0.8451607921619315,0.7550811828043482,-0.001039512222122316,0.0032313396547279955,-1.7260215395729743e-05,0.7496279716136726,0.8435722563383733,0.757516149549047,-0.0009710253330686095,0.001687324300261459,0.001164855719981478,-0.11704975920872335,3.150256644225934,1.4327358912599912,1,1,0,0.000604751999844666,21,0.0,0.0,9.902322017188703e-05,0.010000000000000002,-0.12198558748353047,3.1517678110823146,1.4143188354332963,0.0049358282748071195,-0.001511166856380504,0.018417055826694933,-0.11704975920872335,3.150256644225934,1.4327358912599912,False,False,False
1790735229.6564407,TRACK,0.010027900000000001,0.0018733300000803865,0.7492749729136428,0.8451813527479057,0.7550811069914873,-0.004725002228229756,0.0017884536153586427,-1.4707040573139988e-05,0.7496181466312961,0.8435893165555022,0.757527941002265,-0.0009885314953218297,0.0017152524207872547,0.001186915543706468,-0.06591195507655544,3.1876883238679796,1.445999909332166,1,1,0,0.0006317239999589219,21,0.0,0.0,8.351069634138483e-05,0.010000000000000002,-0.12198823079168748,3.1518089753124445,1.4143198077759487,0.056076275715132046,0.03587934855553529,0.03168010155621733,-0.06591195507655544,3.1876883238679796,1.445999909332166,False,False,False
1790735229.6664083,TRACK,0.009967655,0.001768199000025561,0.7492543207706106,0.8452017030360013,0.7550809989494862,-0.001042575626527335,0.0009728199713883478,8.606233142195632e-06,0.7496082058878917,0.8436065526010261,0.7575398820887836,-0.0010060959246801454,0.0017431685394784183,0.001209093315171454,-0.09258895469162046,3.192749282036093,1.450377540338889,1,1,0,0.0005972379999548139,21,0.0,0.0,7.064080449218359e-05,0.010000000000000002,-0.12199089090685857,3.1518504936398646,1.4143207558400823,0.0294019362152381,0.040898788396228805,0.036056784498806706,-0.09258895469162046,3.192749282036093,1.450377540338889,False,False,False
1790735229.6763737,TRACK,0.009965471,0.001925239000001966,0.7492811834289199,0.8452154271469086,0.7550919522065751,0.011459982780408945,0.004626393491286364,0.002121851263844876,0.7495980914898946,0.8436240638000063,0.7575520427995711,-0.0010238199651627852,0.0017712312837423385,0.0012315180273227183,-0.2237340132853056,3.1082296154691815,1.4217453830487785,1,1,0,0.0006425149999813584,23,0.0,0.0,8.129160760874577e-05,0.010000000000000002,-0.1219935828635672,3.151892605698671,1.4143216851504017,-0.1017404304217384,-0.043662990229489454,0.007423697898376759,-0.2237340132853056,3.1082296154691815,1.4217453830487785,False,False,False
1790735229.6863883,TRACK,0.010014314,0.0017701639999359031,0.7492864878760859,0.8452300685838017,0.7551041575915498,-0.0012528738744799523,0.0025956434624064585,9.246824015699288e-06,0.7495877487644069,0.8436419433015357,0.7575644895082392,-0.0010417961040972265,0.0017995828547236938,0.0012543084864279676,-0.11013155565157776,3.162542756724229,1.4401296531382326,1,1,0,0.0006492570000773412,22,0.0,0.0,8.622889907642216e-05,0.010000000000000002,-0.12199632050243925,3.1519355347669804,1.414322600161465,0.011864764850861497,0.010607221957248556,0.025807052976767445,-0.11013155565157776,3.162542756724229,1.4401296531382326,False,False,False
1790735229.696379,TRACK,0.009990739,0.0014867830000184767,0.7492610613932946,0.8452564083930723,0.7551040815340153,-0.0020386603828513035,0.002271020386667609,-1.4651435891986858e-05,0.7495772501759168,0.8436600643768359,0.7575771356282188,-0.0010598955705979898,0.0018280162099190039,0.0012773031020247893,-0.09504197059138174,3.174495107517318,1.445095194777984,1,1,0,0.0003605970000535308,11,0.0,0.0,9.535682414014008e-05,0.1,-0.12199908396133986,3.1519789760711627,1.4143234940101752,0.02695711336995812,0.022516131446155052,0.030771700767808743,-0.09504197059138174,3.174495107517318,1.445095194777984,False,False,False
1790735229.706436,TRACK,0.010057135,0.001894490000040605,0.749251543940149,0.8452766578343827,0.75510491952903,-0.0020914290171516197,-0.00011631197163509749,0.0012272059147250673,0.7495664983417242,0.8436785935293716,0.7575900991342113,-0.0010782830436142966,0.0018567857095936695,0.0013007129258790623,-0.08569517307105824,3.2016628216050114,1.4549109791027632,1,1,0,0.0006300000000010186,22,0.0,0.0,8.338952481175556e-05,0.010000000000000002,-0.12200189812674372,3.1520233281105154,1.4143243744450664,0.03630672505568548,0.04963949349449604,0.040586604657696826,-0.08569517307105824,3.2016628216050114,1.4549109791027632,False,False,False
1790735229.7163754,TRACK,0.009939692,0.001718304999940301,0.7492782538797806,0.845288726985097,0.7551304347437071,-0.0022020337244848635,-0.0008516250855448251,0.0033765857707526163,0.7495556895367138,0.8436971913095455,0.7576031438858566,-0.0010966217586231377,0.001885361710372256,0.001324110361132004,-0.08733433827754335,3.2009560383376363,1.4525965085147128,1,1,0,0.000607988999945519,21,0.0,0.0,9.017626310124245e-05,0.010000000000000002,-0.12200471109040661,3.1520677786636124,1.4143252253420677,0.03467037281286327,0.04888825967402367,0.03827128317264504,-0.08733433827754335,3.2009560383376363,1.4525965085147128,False,False,False
1790735229.7263699,TRACK,0.009994456,0.0018079050000778807,0.749318430097075,0.8453058511983489,0.7551733239855531,0.009733737523425556,0.004496205191324801,0.005352473775971499,0.7495446365563782,0.8437161786461045,0.7576164963127253,-0.0011152285050215697,0.0019142352798552711,0.0013479006626494945,-0.2192766141436549,3.094528090041893,1.4148543721540807,1,1,0,0.0006671710000318853,24,0.0,0.0,7.938838322521906e-05,0.010000000000000002,-0.12200757104866108,3.152113095201413,1.414326061446073,-0.0972690430949938,-0.05758500515952005,0.0005283107080076048,-0.2192766141436549,3.094528090041893,1.4148543721540807,False,False,False
1790735229.736371,TRACK,0.010001019,0.0017875359999379725,0.7493233493927036,0.8453191471455277,0.7552046278624962,-0.002031653766460586,0.001579100138997158,0.0015701129604440674,0.7495333893297332,0.8437354680028112,0.7576300968475635,-0.0011340157380045593,0.001943265755860017,0.0013719739285284348,-0.11048897735933916,3.165609616899936,1.4420501164420927,1,1,0,0.0006350099999963277,22,0.0,0.0,9.457325509528523e-05,0.010000000000000002,-0.12201046424118396,3.152159068034156,1.4143268783640932,0.011521486881844806,0.013450548865779966,0.027723238077999382,-0.11048897735933916,3.165609616899936,1.4420501164420927,False,False,False
1790735229.7463644,TRACK,0.009993193000000001,0.0014032139999926585,0.7493047028828403,0.8453437044599097,0.7552058654070173,-0.0019301230989721442,0.002084365365295784,-1.4725848300888456e-05,0.7495219623902333,0.8437550329363342,0.7576439285595481,-0.0011529570626966565,0.001972408611091773,0.0013962979145412798,-0.10409356230685854,3.174380763699858,1.4481240863881548,1,1,0,0.0002970459997868602,8,0.0,0.0,9.315686341483942e-05,0.1,-0.12201338622351122,3.1522056339865068,1.4143276747415685,0.01791982391665268,0.02217512971335138,0.03379641164658629,-0.10409356230685854,3.174380763699858,1.4481240863881548,False,False,False
1790735229.7563713,TRACK,0.010006840000000001,0.001943083000014667,0.7492969895410155,0.8453671194824768,0.7552059150051438,-0.0014734365070590192,0.0012792090480426373,0.0003024786933956405,0.7495103293251413,0.8437749170805589,0.7576580240936417,-0.0011720940097242423,0.002001723817145086,0.0014209276085095583,-0.10634083225186175,3.1827368665311133,1.452087475250361,1,1,0,0.0005892330000278889,21,0.0,0.0,7.057191891593819e-05,0.010000000000000002,-0.12201634300651368,3.152252896705345,1.4143284520873152,0.01567551075465193,0.030483969825768516,0.03775902316304569,-0.10634083225186175,3.1827368665311133,1.452087475250361,False,False,False
1790735229.7663503,TRACK,0.009978917,0.0017522690000078,0.7493010444299895,0.8453726244702091,0.7552341418161825,-0.0025865036400549465,-0.001523840063754302,0.005934414470702083,0.7494985371735919,0.8437950385141941,0.7576723270969695,-0.0011913474120480733,0.002031086526332228,0.0014457626260003457,-0.09314972522819195,3.195099239962084,1.4499839129073064,1,1,0,0.000595866000139722,21,0.0,0.0,9.19124082436958e-05,0.010000000000000002,-0.12201932192910281,3.152300661469128,1.414329207029209,0.028869596700910858,0.04279857849295588,0.03565470587809746,-0.09314972522819195,3.195099239962084,1.4499839129073064,False,False,False
1790735229.7764575,TRACK,0.010107401,0.001614187000086531,0.7493217932898926,0.8453825199390206,0.7552959365560152,-0.0023457725562204585,-0.0007637473208332655,0.006043736858575583,0.7494863964638497,0.8438157183638927,0.7576870683075496,-0.0012110223434470433,0.002060956050082257,0.0014711989917177617,-0.10084852311641088,3.1826902516830167,1.4451860812596655,1,1,0,0.000442403000079139,15,0.0,0.0,9.927274850619685e-05,0.1,-0.12202236980487892,3.1523496895261975,1.4143299509012262,0.021173846688468046,0.03034056215681909,0.030856130358439465,-0.10084852311641088,3.1826902516830167,1.4451860812596655,False,False,False
1790735229.7863681,TRACK,0.009910556000000001,0.0017245470000943897,0.7493406163970668,0.8453921802993918,0.7553584585485904,-0.002416347507636701,-0.0008608240279078729,0.006164575757733619,0.7494742982583972,0.8438362892234912,0.7577017734451386,-0.0012304844879506595,0.0020903668433109083,0.0014964177156330282,-0.10382800642131088,3.181238775231511,1.4445215832309135,1,1,0,0.0005958560000181023,19,0.0,0.0,9.646476645938911e-05,0.1,-0.1220253878735067,3.1523983990950724,1.4143306597816718,0.01819738145219582,0.028840376136438577,0.030190923449241597,-0.10382800642131088,3.181238775231511,1.4445215832309135,False,False,False
1790735229.7963638,TRACK,0.009995849000000001,0.001587484999845401,0.7493590091232427,0.8454019308552354,0.7554220116316452,-0.0023954523155997045,-0.0007890999022232153,0.0059024461335806435,0.7494618996998744,0.8438573329753949,0.757716859705751,-0.0012502857623818001,0.0021201512428921836,0.0015221346758116684,-0.10734869241928656,3.180144681009995,1.4444860155999582,1,1,0,0.000483131000009962,17,0.0,0.0,9.599594312803447e-05,0.1,-0.12202846118666137,3.152448168917257,1.414331354006341,0.014679768767374816,0.027696512092737696,0.030154661593617273,-0.10734869241928656,3.180144681009995,1.4444860155999582,False,False,False
1790735229.806363,TRACK,0.009999165,0.001609076000022469,0.7493707339319577,0.8454102028989228,0.7554797336854318,-0.002479027022328979,-0.0007876374640384846,0.005895240459816859,0.7494492981340061,0.8438786821699817,0.7577322095853631,-0.001270266810860102,0.0021500636896926557,0.0015481453794839966,-0.10932023775363173,3.179616064268511,1.444362753135208,1,1,0,0.0004887520001375378,17,0.0,0.0,9.657390950150931e-05,0.1,-0.12203156454018388,3.152498602103379,1.4143320274124151,0.01271132678655215,0.027117462165132205,0.03003072572279284,-0.10932023775363173,3.179616064268511,1.444362753135208,False,False,False
1790735229.8164287,TRACK,0.010065702000000001,0.001785521999863704,0.749381618678564,0.8454193376045476,0.7555403551543822,0.009295173785638355,0.004801464744078871,0.006219861865444924,0.7494364100397679,0.8439004761061194,0.7577479257524151,-0.001290556562045543,0.002180291577420034,0.0015746200289190133,-0.23636956518622948,3.081512240359577,1.4114855318200705,1,1,0,0.000650790000008783,24,0.0,0.0,8.77125958040321e-05,0.010000000000000002,-0.12203471744458529,3.1525500270415345,1.41433268383871,-0.11433484774164418,-0.0710377866819574,-0.002847152018639456,-0.23636956518622948,3.081512240359577,1.4114855318200705,False,False,False
1790735229.826365,TRACK,0.009936325000000001,0.0017642119998981798,0.7493677541560482,0.8454378490358936,0.7555630448952861,-0.005090645382059524,0.0023231935338185253,-1.744940338337499e-05,0.7494234864233739,0.8439222889024476,0.757763702725311,-0.001310759242651659,0.002210242530253529,0.0016010433598153823,-0.09999142839619254,3.16829120572489,1.446618966111467,1,1,0,0.000633296999922095,23,0.0,0.0,7.533578223972812e-05,0.010000000000000002,-0.1220378578351214,3.1526014393131137,1.414333310513064,0.022046429438928854,0.015689766411776187,0.03228565559840303,-0.09999142839619254,3.16829120572489,1.446618966111467,False,False,False
1790735229.8363807,TRACK,0.010015977,0.0017530299999179988,0.7493010014889334,0.8454612154593688,0.7555643425478555,-0.004637864526359314,0.0025800661321178676,-1.519688704911806e-05,0.749410255171731,0.8439445782938795,0.7577798733494016,-0.001331299345142514,0.0022405427887585566,0.0016279718624214274,-0.09268743505463835,3.1749992005584504,1.449932933726752,1,1,0,0.0003371830000560294,8,0.0,0.0,9.808910768297277e-05,0.1,-0.12204105111383794,3.152653918174415,1.414333920579617,0.02935361605919959,0.022345282384035547,0.035599013147134824,-0.09268743505463835,3.1749992005584504,1.449932933726752,False,False,False
1790735229.8463757,TRACK,0.009995007,0.0017068329998437548,0.7492797477378135,0.8454916441186064,0.7555641742134993,-0.00012725474707044667,0.003103932501706261,-1.2905827317630757e-05,0.7493968456565671,0.84396712408734,0.7577962804666888,-0.001351972873207754,0.002270885892794799,0.0016551404206681256,-0.13079820640622064,3.1586253051844797,1.4462204260607028,1,1,0,0.00045124999996914994,13,0.0,0.0,9.547061597597528e-05,0.1,-0.12204426497266874,3.152706944679095,1.4143345075185232,-0.008753941433551902,0.005918360505384633,0.03188591854217969,-0.13079820640622064,3.1586253051844797,1.4462204260607028,False,False,False
1790735229.8564532,TRACK,0.010077395000000001,0.001981686999897647,0.7492754711244691,0.8455030185876593,0.7555889995840719,-0.0025017969644929514,-0.0009734356446512316,0.0055901895846853095,0.749383115513843,0.8439901632907433,0.757813099261825,-0.0013729960784310145,0.0023015835034899805,0.0016828356402254223,-0.10751756279836897,3.1848660965023,1.4491123304412004,1,1,0,0.0006915980000030686,21,0.0,0.0,9.371390118052254e-05,0.010000000000000002,-0.12204753239729513,3.1527610757351017,1.4143350769914045,0.01452996959892617,0.032105020767198095,0.0347772534497959,-0.10751756279836897,3.1848660965023,1.4491123304412004,False,False,False
1790735229.866352,TRACK,0.009898683,0.0019539729998996336,0.7492720129224688,0.8455030281844067,0.7556525963967244,-0.0025697709789521965,-0.0013145120986794488,0.007550528106871742,0.7493694217279574,0.8440130955851467,0.757829892994014,-0.0013938225317400403,0.002331835726753599,0.001710338512413459,-0.10606803695065214,3.1830105997948084,1.4458574405063078,1,1,0,0.000575005999962741,16,0.0,0.0,9.492342700127867e-05,0.1,-0.12205076783546903,3.152814901671195,1.4143356143593073,0.01598273088481689,0.03019569812361373,0.03152182614700052,-0.10606803695065214,3.1830105997948084,1.4458574405063078,False,False,False
1790735229.8763905,TRACK,0.010038971,0.001909299000089959,0.7492710089830865,0.8455068374124606,0.7557188324552726,-0.0021537489950651787,-0.00013024880277862918,0.006293118843424894,0.7493553224166891,0.844036659225951,0.757847204313962,-0.0014151232256564544,0.0023626137924076603,0.0017385365755328505,-0.1133821232421777,3.1734652869950466,1.4437514298162113,1,1,0,0.00047377299983963894,12,0.0,0.0,9.407099696931865e-05,0.1,-0.12205407486543074,3.1528701556225807,1.4143361368607574,0.008671951623253047,0.020595131372465797,0.029415292955453795,-0.1133821232421777,3.1734652869950466,1.4437514298162113,False,False,False
1790735229.8864284,TRACK,0.010037318,0.0020759660001203883,0.7492599567074505,0.8455073748199693,0.7557922416154463,-0.0022228594366353626,-0.0005113583650953648,0.007030610721746928,0.7493410107342121,0.8440605283680276,0.7578647973489006,-0.001436601582662449,0.002393481382518718,0.0017670404937389786,-0.1130752502963435,3.1752604975178795,1.443303842546059,1,1,0,0.0006108449999828736,16,0.0,0.0,9.747083599416732e-05,0.1,-0.1220574067011984,3.152926072446415,1.4143366364308536,0.008982156404854905,0.022334425071464444,0.028967206115205393,-0.1130752502963435,3.1752604975178795,1.443303842546059,False,False,False
1790735229.8963885,TRACK,0.009961293000000001,0.002140699000165114,0.7492439580220038,0.8455053039928373,0.7558578502824229,-0.002368347130062786,-0.0005550013437676153,0.006792721118535247,0.7493265934118517,0.8440845234900588,0.7578825415359486,-0.0014580972413679014,0.002424205524443385,0.0017956384977331455,-0.11067181437180935,3.179931519534177,1.4452054392466858,1,1,0,0.0005918080000810733,18,0.0,0.0,9.791362207173753e-05,0.1,-0.12206073778274827,3.1529822322421603,1.4143371094219688,0.011388923410938914,0.02694928729201658,0.030868329824717097,-0.11067181437180935,3.179931519534177,1.4452054392466858,False,False,False
1790735229.9064186,TRACK,0.010029172000000001,0.0016742710001835803,0.7492186753448538,0.8454981154794954,0.7559347071136386,-0.002225542001362272,-0.00039425715397095357,0.007242472894873057,0.7493118606176669,0.8441089917506044,0.7579006960020087,-0.0014799214152188653,0.002455226746724176,0.001824746428232252,-0.11070653903286397,3.1787026099004705,1.4438578971912714,1,1,0,0.00046756100005040935,16,0.0,0.0,9.908779964267461e-05,0.1,-0.12206411559668259,3.153039447641832,1.414337562481146,0.011357576563818625,0.025663162258638128,0.029520334710125475,-0.11070653903286397,3.1787026099004705,1.4438578971912714,False,False,False
1790735229.9163563,TRACK,0.009937147,0.001885634000018399,0.7491993435606661,0.8455011397508789,0.7559922462477608,-0.0017945551546138443,0.0007469534865684531,0.004297606148340038,0.7492970462310138,0.8441335427644988,0.757918973376973,-0.0015017263893914888,0.002486046937852578,0.0018539021388078098,-0.11492219489321015,3.179558709862222,1.4479307769354333,1,1,0,0.000519579999945563,18,0.0,0.0,9.68467227290798e-05,0.1,-0.12206748558147382,3.153096806039627,1.4143379882552336,0.007145290688263665,0.026461903822594942,0.03359278868019968,-0.11492219489321015,3.179558709862222,1.4479307769354333,False,False,False
1790735229.9263957,TRACK,0.010041195000000001,0.0019158210000114195,0.7491824791927302,0.8455048867024546,0.7560273489937925,-0.0022035666056099763,-4.06671641553977e-05,0.004839632018044352,0.7492818557146571,0.8441586623435682,0.7579377380240738,-0.0015239436646399247,0.0025172711027907943,0.0018836846478068902,-0.10848453307866925,3.192269579777578,1.4523681421926868,1,1,0,0.0006238989999474143,21,0.0,0.0,8.769670408962884e-05,0.010000000000000002,-0.12207091362246164,3.15315544242623,1.4143383948850945,0.013586380543792397,0.0391141373513482,0.03802974730759229,-0.10848453307866925,3.192269579777578,1.4523681421926868,False,False,False
1790735229.9363735,TRACK,0.009976452,0.0019233850000546227,0.7491597398494187,0.8455003168520809,0.7560888339017406,-0.0024426045265127927,-0.0006551302327504301,0.007983830513407343,0.7492665412882272,0.8441839308510807,0.7579566794608268,-0.0015462017912238678,0.002548371565849893,0.0019135983879815816,-0.10402866322371496,3.190778226953776,1.4476725293935682,1,1,0,0.0006335170000966173,21,0.0,0.0,7.159930497299913e-05,0.010000000000000002,-0.12207434155824953,3.153214377050338,1.414338775177851,0.018045678334534576,0.037563849903438494,0.03333375421571718,-0.10402866322371496,3.190778226953776,1.4476725293935682,False,False,False
1790735229.9464083,TRACK,0.010035074000000001,0.0031050570000843436,0.7491362674029522,0.8454978761382312,0.7561749765062684,-0.0021017341817859574,0.0001382487030412365,0.0077161667198712485,0.749250911924385,0.8442096612266272,0.757976034908108,-0.0015687767977140053,0.002579729494142675,0.0019440162171801424,-0.10841390039806398,3.181382300797905,1.443900607111358,1,1,0,0.0006639250000262109,18,0.0,0.0,9.513726118289303e-05,0.1,-0.12207781105730757,3.1532743399452534,1.4143391336347895,0.013663910659243595,0.02810796085265163,0.029561473476568567,-0.10841390039806398,3.181382300797905,1.443900607111358,False,False,False
1790735229.956383,TRACK,0.009974989,0.0021631120000620285,0.7491144864503587,0.8454982613485971,0.7562509768032202,-0.0022960836960552867,-0.00022818558831538057,0.0076693053157337555,0.7492351507016755,0.8442355497573728,0.757995578618211,-0.0015914025683925934,0.00261097059194408,0.001974581511598623,-0.10434709179286805,3.1892497828997546,1.4465979283841532,1,1,0,0.0006862879999971483,21,0.0,0.0,8.324426794603426e-05,0.010000000000000002,-0.1220812803556752,3.1533346234598905,1.4143394657974073,0.01773418856280715,0.03591515943986433,0.032258462586745945,-0.10434709179286805,3.1892497828997546,1.4465979283841532,False,False,False
1790735229.9663606,TRACK,0.009976993,0.0018715569999585568,0.7490952704940996,0.8454946136249575,0.7563151497306784,-0.0024625912660990196,-0.0006017584634766474,0.008439787652133898,0.7492191596236378,0.8442617555515802,0.7580154328883676,-0.0016142192957486758,0.002642285339204526,0.002005484945818431,-0.10069322866498577,3.1946628501524117,1.4474948283526596,1,1,0,0.0006013560000610596,21,0.0,0.0,8.711621376458363e-05,0.010000000000000002,-0.12208477012847514,3.153395598637062,1.4143397737188117,0.021391541463489375,0.04126725151534995,0.03315505463384805,-0.10069322866498577,3.1946628501524117,1.4474948283526596,False,False,False
1790735229.9763677,TRACK,0.010007100000000001,0.0019526810001480044,0.7490713650716616,0.8454899885315204,0.7564009806075589,-0.0023117185132142714,-0.00025899228550173184,0.008470467434418783,0.7492028906762033,0.8442883545923037,0.7580356584731155,-0.0016372931502920802,0.0026737588658587736,0.002036818522546711,-0.10117393689026306,3.1930157957961636,1.446343568249374,1,1,0,0.0006316740000329446,21,0.0,0.0,8.107588881383986e-05,0.010000000000000002,-0.12208828953421418,3.1534574421944317,1.4143400579206136,0.020914352643951112,0.03955835360173177,0.03200351032876028,-0.10117393689026306,3.1930157957961636,1.446343568249374,False,False,False
1790735229.9863477,TRACK,0.009980058,0.0020442850000108592,0.7490471914739052,0.8454881628147071,0.7564881135468751,-0.0023531446698187137,-0.00023780028981937968,0.008280090732620864,0.7491864347826218,0.8443151957441607,0.7580561433834001,-0.0016604934595391937,0.0027052080370936534,0.0020684068372199744,-0.09953376573968035,3.1953123180423155,1.446869583215859,1,1,0,0.0006640349999997852,21,0.0,0.0,9.107335209213268e-05,0.010000000000000002,-0.12209181769316424,3.1535198028757994,1.4143403165384365,0.02255805195348388,0.04179251516651629,0.03252926667742234,-0.09953376573968035,3.1953123180423155,1.446869583215859,False,False,False
1790735229.9963796,TRACK,0.010031647000000001,0.0021267719998832035,0.7490239698117973,0.845484027930171,0.75657037726962,-0.002503743814446395,-0.0005836643868315568,0.009075617066026363,0.7491696595304825,0.8443424922372592,0.7580770536110624,-0.001684004747335991,0.002736877377252365,0.002100503472113136,-0.0961237307078121,3.1991148186700835,1.4467959718977381,1,1,0,0.0006511609999506618,21,0.0,0.0,9.798794469938894e-05,0.010000000000000002,-0.1220953816492025,3.153583176090083,1.414340551283929,0.025971650941390395,0.04553164258000012,0.032455420613808975,-0.0961237307078121,3.1991148186700835,1.4467959718977381,False,False,False
1790735230.0063717,TRACK,0.009992443,0.002019648999976198,0.7489991027239435,0.8454786095497671,0.756662925437583,-0.0024648043024783077,-0.0004700434537904986,0.009266358199041575,0.7491527144034417,0.8443699981631527,0.7580982039528875,-0.001707615621173564,0.002768476865995709,0.002132822047445946,-0.09500733472169468,3.199658713960369,1.4461146763767905,1,1,0,0.0006519420001040999,21,0.0,0.0,9.710191889373534e-05,0.010000000000000002,-0.12209894833524293,3.1536469910240306,1.414340759750044,0.02709161361354826,0.04601172293633832,0.03177391662674654,-0.09500733472169468,3.199658713960369,1.4461146763767905,False,False,False
1790735230.0163703,TRACK,0.009998353000000001,0.0020204600000397477,0.7489732563927118,0.8454741341242649,0.7567594656576988,-0.002493318662279683,-0.00045998723442075025,0.009167195648803361,0.7491355221542089,0.8443978366481164,0.7581196917811167,-0.0017314327840413511,0.002800145372943478,0.002165510255865768,-0.09210521175629985,3.204202144952834,1.4472773629886415,1,1,0,0.0007046229998195486,22,0.0,0.0,7.648543092212101e-05,0.010000000000000002,-0.12210253290241069,3.1537115337545534,1.4143409427665767,0.029997321146110846,0.05049061119828073,0.032936420222064805,-0.09210521175629985,3.204202144952834,1.4472773629886415,False,False,False
1790735230.0263486,TRACK,0.009978566000000001,0.00233747500010395,0.7489473963482771,0.845468892690584,0.7568578894293774,-0.002535930737107316,-0.0005601410009728677,0.009563903750576065,0.7491181255408411,0.844425935969471,0.7581414647030876,-0.0017553956936717837,0.0028317978605633216,0.002198486895386448,-0.0897287213850205,3.2063862998988406,1.4468282542788689,1,1,0,0.0007272959999227169,22,0.0,0.0,7.923583122273941e-05,0.010000000000000002,-0.12210612521470608,3.15377663829558,1.4143410996768935,0.03237740382968558,0.05260966160326058,0.032487154601975377,-0.0897287213850205,3.2063862998988406,1.4468282542788689,False,False,False
1790735230.0363286,TRACK,0.009979428,0.0018627499998729036,0.7489236913140127,0.8454652251917567,0.7569580341361286,-0.002474885010944118,-0.00039447152722309263,0.009263078370101228,0.7491004873121334,0.8444543538233185,0.7581635703833909,-0.0017795544731684155,0.002863496129895148,0.002231822776804174,-0.08903337261744136,3.207706875838352,1.44691723349645,1,1,0,0.0006316629999219003,22,0.0,0.0,8.178643621706839e-05,0.010000000000000002,-0.12210973174848026,3.153842438670009,1.414341230637287,0.0330763591310389,0.05386443716834335,0.03257600285916308,-0.08903337261744136,3.207706875838352,1.44691723349645,False,False,False
1790735230.0463302,TRACK,0.010001870000000001,0.0018475510000826034,0.7489077779645514,0.8454678665448325,0.7570443958314481,-0.0024823215120658125,-0.00014859712580391496,0.008046578044810983,0.7490825665370922,0.8444831531832759,0.7581860613737313,-0.0018039631470699834,0.0028953052694530106,0.0022655948645728566,-0.08852755127129955,3.2117902381742,1.4494132166188147,1,1,0,0.0006298299999798473,22,0.0,0.0,8.89191880950912e-05,0.010000000000000002,-0.12211335940679405,3.1539090807817733,1.4143413355949546,0.033585808135494506,0.05788115739242689,0.035071881023860184,-0.08852755127129955,3.2117902381742,1.4494132166188147,False,False,False
1790735230.0563679,TRACK,0.010037639000000001,0.0018362800001341384,0.7489043190960158,0.8454784928208134,0.7571219845166839,-0.002416920161033134,4.624450130494989e-05,0.007643359291836207,0.7490643352382432,0.844512375580408,0.7582089742332841,-0.0018286570761356772,0.002927264340543217,0.002299855016067753,-0.09049728631004933,3.211622889527486,1.449480937962117,1,1,0,0.0006182879999414581,22,0.0,0.0,8.551646374358584e-05,0.010000000000000002,-0.1221170121576518,3.153976660626892,1.4143414142101884,0.03161972584760248,0.0576462289005943,0.035139523751928546,-0.09049728631004933,3.211622889527486,1.449480937962117,False,False,False
1790735230.0663693,TRACK,0.010001359000000001,0.0018012329999237409,0.7489141368539665,0.845493734258862,0.7572005362049179,-0.0020253613297968043,0.0005057605995062301,0.007191553523845254,0.7490459223157129,0.8445418115778178,0.7582321481532838,-0.0018534601342651187,0.002959140253668783,0.0023343610165550855,-0.09803672278917336,3.2060480026339,1.447701879274098,1,1,0,0.0006170359999941866,22,0.0,0.0,7.557155517081451e-05,0.010000000000000002,-0.12212066277748249,3.1540446941286855,1.4143414656692492,0.02408393998830912,0.05200330850521471,0.03336041360484879,-0.09803672278917336,3.2060480026339,1.447701879274098,False,False,False
1790735230.0763662,TRACK,0.009997041,0.0018283450001490564,0.748926253561959,0.845510084235741,0.7572757434564759,-0.002041667443161453,0.0006055270093925495,0.0073172416020296765,0.7490272684450231,0.8445715536084217,0.7582556588107998,-0.0018784515303317847,0.002991030971369553,0.0023692246489626636,-0.10194004111894983,3.202536192007935,1.445876974595661,1,1,0,0.0006260229999952571,22,0.0,0.0,7.32439862085914e-05,0.010000000000000002,-0.12212432183721139,3.154113395441306,1.4143414900466358,0.020184280718261567,0.048422796566629234,0.03153548454902518,-0.10194004111894983,3.202536192007935,1.445876974595661,False,False,False
1790735230.0863738,TRACK,0.010007501,0.0018872069999815722,0.7489355163275278,0.8455239555180398,0.7573410831070104,-0.0023183686113290064,0.0003375892884576043,0.007517587166814246,0.7490083438225106,0.8446016461992577,0.7582795450298503,-0.0019036695575650451,0.003022979922212465,0.002404501593999248,-0.10186965577427154,3.205133909475336,1.4463442321852598,1,1,0,0.0006350999999540363,22,0.0,0.0,7.930927053299468e-05,0.010000000000000002,-0.1221279936989033,3.1541828676726382,1.414341487097248,0.020258337924631754,0.050951041802697654,0.032002745088011895,-0.10186965577427154,3.205133909475336,1.4463442321852598,False,False,False
1790735230.0964262,TRACK,0.010052557,0.001903016999904139,0.748951315790956,0.8455452117860176,0.7574287381386622,-0.0020378359886459637,0.0007803267394300368,0.007229407440710619,0.7489890789023144,0.8446321962750901,0.7583038961330025,-0.0019292042580741236,0.0030550939574297874,0.002440320820615976,-0.10994834468818365,3.1964007923716284,1.4429260545187255,1,1,0,0.0006279169999743317,21,0.0,0.0,8.6814629026225e-05,0.010000000000000002,-0.12213169003728867,3.154253357657117,1.4143414563216916,0.012183345349105017,0.042147434714511454,0.028584598197033757,-0.10994834468818365,3.1964007923716284,1.4429260545187255,False,False,False
1790735230.1063678,TRACK,0.009941506000000001,0.0019063730001107615,0.7489555903679515,0.8455607625202228,0.7575035651013016,-0.0025743757079750886,0.00012081448462909067,0.007857690863536333,0.7489697733473131,0.8446627264502403,0.7583283342604942,-0.0019546582946917733,0.003086870394725914,0.0024761261767446883,-0.10618887161465392,3.202809979453138,1.4440978473575021,1,1,0,0.0006408210001609405,22,0.0,0.0,7.711314881562155e-05,0.010000000000000002,-0.12213535226966873,3.1543237645825566,1.4143413982112574,0.015946480655014816,0.048486214870581544,0.02975644914624482,-0.10618887161465392,3.202809979453138,1.4440978473575021,False,False,False
1790735230.1163692,TRACK,0.010001580000000001,0.0017666670000835438,0.7489601685809681,0.8455772953014398,0.757575335705349,-0.0023821209219239575,0.0007377338769251927,0.006743408423912873,0.7489500947702223,0.8446937599564257,0.7583532811819845,-0.001980469469714357,0.003118852261408747,0.002512534954631761,-0.11187536428235198,3.19820708862323,1.4434165184933263,1,1,0,0.0005982499999390711,21,0.0,0.0,9.204317345007365e-05,0.010000000000000002,-0.12213904224718723,3.154395295707431,1.4143413117152719,0.010263677964835256,0.04381179291579887,0.02907520677805442,-0.11187536428235198,3.19820708862323,1.4434165184933263,False,False,False
1790735230.1263611,TRACK,0.00999159,0.0018430629997965298,0.7489593849704788,0.8455928468905816,0.7576495581920097,0.01108953246850597,0.0060126336859351774,0.007330503420908624,0.7489301770603192,0.8447250819062927,0.7583785687389691,-0.002006459717544888,0.0031508117737561367,0.002549298952461304,-0.25305099501015504,3.0997406088388106,1.410475178168908,1,1,0,0.0006469429999924614,23,0.0,0.0,9.568740318658455e-05,0.010000000000000002,-0.12214273299899885,3.154467455794176,1.4143411969630013,-0.13090826201115618,-0.05472684695536551,-0.0038660187940933676,-0.25305099501015504,3.0997406088388106,1.410475178168908,False,False,False
1790735230.1363158,TRACK,0.009954651,0.0017751830000634072,0.7489329692114319,0.8456236560342232,0.7576772943607804,-0.0076664777622323715,0.0036211543714742005,-1.7703605406613285e-05,0.7489100737209552,0.8447566056478482,0.7584041300600072,-0.002032558725813678,0.003182658813874357,0.0025863202170279312,-0.07632918801707751,3.2001117519226265,1.4498703516293874,1,1,0,0.000643747000140138,24,0.0,0.0,9.267514001683714e-05,0.010000000000000002,-0.12214641335344915,3.1545400458155766,1.4143410541961055,0.04581722533637164,0.04557170610704985,0.03552929743328203,-0.07632918801707751,3.2001117519226265,1.4498703516293874,False,False,False
1790735230.146376,TRACK,0.010060492,0.001831910999953834,0.7488330745586316,0.8456601338581784,0.7576816880077004,-0.007450514712572014,0.0037672646990593657,-2.7933387741757056e-05,0.7488894916252115,0.8447887866724001,0.7584303396049263,-0.002059144230607582,0.00321484628201596,0.002624137904593452,-0.06166045170299805,3.2092636543281943,1.4534855614704965,1,1,0,0.0005768490000264137,21,0.0,0.0,8.78396420370039e-05,0.010000000000000002,-0.12215013489767447,3.1546141146479973,1.4143408807963103,0.06048968319467642,0.05464953968019672,0.03914468067418609,-0.06166045170299805,3.2092636543281943,1.4534855614704965,False,False,False
1790735230.1563687,TRACK,0.009992442,0.001698786999895674,0.7487996165440096,0.8457015751900885,0.757681508588897,-0.00016431334412228175,0.0039923976527463925,-1.2903708078493281e-05,0.7488687829460208,0.8448210705580755,0.7584567505035303,-0.0020857591634281867,0.0032468138895480627,0.0026621047069483304,-0.12658382046066555,3.1870422723629668,1.448600018555151,1,1,0,0.00047059700000318117,17,0.0,0.0,9.690805358799626e-05,0.1,-0.12215383206042237,3.154688386407634,1.414340679320774,-0.004429988400243176,0.032353885955332576,0.03425933923437718,-0.12658382046066555,3.1870422723629668,1.448600018555151,False,False,False
1790735230.1664202,TRACK,0.010052006,0.0017303780000474944,0.7488037738570972,0.8457247126867031,0.7577051191928907,0.004343111529079383,0.003316789151139655,0.005702321122546362,0.7488476814326471,0.844853869153657,0.7584837036747112,-0.0021127444573041266,0.00327896588091738,0.002700709144900552,-0.1753035477341568,3.1592282409995227,1.4335497105400312,1,1,0,0.0005881510001017887,21,0.0,0.0,6.154534944606733e-05,0.010000000000000002,-0.12215755075854229,3.1547638090306926,1.4143404469523222,-0.053145996975614514,0.004464431968829971,0.019209263587708927,-0.1753035477341568,3.1592282409995227,1.4335497105400312,False,False,False
1790735230.1763685,TRACK,0.009947777000000001,0.0017648830000780436,0.7487899559446944,0.845739011489913,0.7577583641010976,-0.0014607669413653805,0.0029375963369628654,0.004045604294701889,0.7488265306196059,0.8448866457970814,0.7585107614508337,-0.0021396602841147333,0.003310774412003535,0.0027393235744590677,-0.12483602641737629,3.182355433197658,1.4417686361149384,1,1,0,0.0006097620000673487,22,0.0,0.0,7.373646343882624e-05,0.010000000000000002,-0.12216122909330172,3.154839149053089,1.4143401873949144,-0.002674797324074569,0.02751628414456917,0.027428448720024107,-0.12483602641737629,3.182355433197658,1.4417686361149384,False,False,False
1790735230.1863658,TRACK,0.009997573000000001,0.0017382130001806217,0.7487686421893649,0.8457831904263902,0.7577654272045677,-0.0027183205213498034,0.004245585877560285,-1.4938461946724293e-05,0.7488050031070684,0.8449199052488241,0.7585383437575381,-0.0021669229759628044,0.0033427280462609388,0.002778546692141365,-0.11219137599185013,3.1896154628667888,1.449422914791283,1,1,0,0.0005975890001082007,21,0.0,0.0,7.948064928540644e-05,0.010000000000000002,-0.12216492269159297,3.15491556739533,1.4143398965891725,0.009973546699742842,0.03469989547145838,0.03508301820211048,-0.11219137599185013,3.1896154628667888,1.449422914791283,False,False,False
1790735230.1963673,TRACK,0.010001279,0.0015768850000767998,0.7487556345181083,0.845829431763252,0.7577652444988363,-0.00013076733600737606,0.004672785371418621,-1.5402339467696438e-05,0.7487831938327487,0.8449534965782406,0.7585663307436956,-0.0021944098808312886,0.003374675302753713,0.0028182052403879624,-0.13632250542099944,3.1763658963387313,1.445962805628179,1,1,0,0.0004289270000299439,14,0.0,0.0,9.748786548876912e-05,0.1,-0.12216861312697601,3.1549927174593075,1.4143395753481993,-0.01415389229402344,0.021373178879423808,0.031623230279979625,-0.13632250542099944,3.1763658963387313,1.445962805628179,False,False,False
1790735230.2063708,TRACK,0.010003714,0.0017844310000327823,0.7487471551020777,0.8458560541924882,0.7577882557899507,-0.002344816597957783,0.0006297745152310571,0.005832164116410701,0.7487611031669026,0.8449874156079692,0.7585947234489204,-0.0022221190487846333,0.0034066080076659705,0.002858298844830561,-0.11276785007959395,3.2057223172360403,1.4498250605668483,1,1,0,0.0006171759998778725,22,0.0,0.0,9.339808720692442e-05,0.010000000000000002,-0.12217229851893795,3.155070590074402,1.4143392233941994,0.009404448439344005,0.050651727161638065,0.03548583717264896,-0.11276785007959395,3.2057223172360403,1.4498250605668483,False,False,False
1790735230.2163663,TRACK,0.009995348000000001,0.0018143069999041472,0.7487424584059967,0.8458685099747152,0.7578602835758437,0.009288368876642115,0.0058949861173030835,0.008411541823076489,0.7487387530461905,0.8450216251879478,0.7586234951337305,-0.0022500217299338695,0.0034384875812299115,0.002898788150510904,-0.23565871069441002,3.105654142635831,1.412935765685309,1,1,0,0.0006387070000073436,23,0.0,0.0,9.391436193600765e-05,0.010000000000000002,-0.12217597345691406,3.155149100441571,1.4143388408409525,-0.11348273723749597,-0.04949495780573976,-0.0014030751556436223,-0.23565871069441002,3.105654142635831,1.412935765685309,False,False,False
1790735230.2263799,TRACK,0.010013823,0.002104079999980968,0.7487210202249104,0.8458978268279695,0.7579039572373318,-0.00592463600763942,0.004440354482602974,-1.7707460735542652e-05,0.7487160808511203,0.8450562173810866,0.7586527279974588,-0.00227819455974226,0.00347039542790322,0.0029397869007279746,-0.09393750457950441,3.1907951141333974,1.4492685135498842,1,1,0,0.0007592360000217013,24,0.0,0.0,7.808295623697051e-05,0.010000000000000002,-0.12217964632601766,3.1552284602796803,1.4143384263168313,0.028242141746513256,0.03556665385371738,0.03493008723305284,-0.09393750457950441,3.1907951141333974,1.4492685135498842,False,False,False
1790735230.236394,TRACK,0.010014104000000001,0.002178711999931693,0.7486315234971057,0.845936263813698,0.7579067444832814,-0.007673705865558211,0.003992547395941386,-7.14366119136489e-05,0.7486931247889609,0.8450911299067765,0.7586823744495585,-0.002306588360599182,0.0035022692899579553,0.002981226236003976,-0.06153552953204961,3.2121517856598536,1.4569574110636225,1,1,0,0.0007522629998675257,22,0.0,0.0,7.532520139584194e-05,0.010000000000000002,-0.1221833089222284,3.1553085271225583,1.4143379801860545,0.060647779390178784,0.0568432585372955,0.04261943087756812,-0.06153552953204961,3.2121517856598536,1.4569574110636225,False,False,False
1790735230.2463727,TRACK,0.009978686,0.0017153789999611035,0.7485936057653992,0.8459797744657713,0.7579066963159642,-1.1057563500302895e-05,0.0045760872421907045,-6.177024979247929e-05,0.7486699659864227,0.8451262362594409,0.7587123310284788,-0.0023351021565610718,0.003533991520756656,0.0030229605431656937,-0.12940726127863647,3.1857098225191023,1.450597769087751,1,1,0,0.0004735219999929541,15,0.0,0.0,9.692852195331576e-05,0.1,-0.12218694671440113,3.1553890114991536,1.414337503902575,-0.0072203145642353314,0.030320811019948837,0.03626026518517607,-0.12940726127863647,3.1857098225191023,1.450597769087751,False,False,False
1790735230.2563834,TRACK,0.010010867000000001,0.0018935289999717497,0.7485970508343529,0.846004720629228,0.7579345974867531,-0.0019913518925985876,0.0008982855915272664,0.005681325686304714,0.7486464454778555,0.8451617736954968,0.7587428049199708,-0.0023639304233865617,0.0035657727904061815,0.0030652768049285045,-0.11318168255630566,3.207657070999931,1.451895457156803,1,1,0,0.0006337479999274365,22,0.0,0.0,9.636373535871325e-05,0.010000000000000002,-0.12219058278614271,3.155470457875134,1.4143369939486048,0.009008900229837047,0.05218661312479716,0.037558463208198216,-0.11318168255630566,3.207657070999931,1.451895457156803,False,False,False
1790735230.2663703,TRACK,0.009987082000000001,0.0017659249999724125,0.7485947356617073,0.8460171558081395,0.7580152377873226,-0.002163907473353515,0.0008351026339885771,0.008421732053845265,0.7486226921680537,0.8451975434890698,0.7587736307719676,-0.0023929137076164437,0.003597431107054039,0.0031079435155462317,-0.11352278222241075,3.198389377481788,1.4444205418864497,1,1,0,0.0005894430000807915,21,0.0,0.0,8.024070417112517e-05,0.010000000000000002,-0.12219419519923642,3.1555524113026556,1.4143364528254672,0.008671412976825678,0.04283696617913266,0.03008408906098262,-0.11352278222241075,3.198389377481788,1.4444205418864497,False,False,False
1790735230.2763965,TRACK,0.010025937,0.0016672570000082487,0.7485797634710876,0.8460259551242242,0.7581144097659474,-0.0011633678762547322,0.0008529779215171343,0.010793155366163053,0.7485985541652682,0.8452337702110289,0.7588050074460354,-0.0024222357574932305,0.0036291606076138193,0.003151233875791531,-0.12509859697020048,3.183503949022159,1.435357298324098,1,1,0,0.0005128469999817753,18,0.0,0.0,9.797302511840232e-05,0.1,-0.12219780494048171,3.1556353867986684,1.4143358767513439,-0.0029007920297187788,0.02786856222349084,0.021021421572754172,-0.12509859697020048,3.183503949022159,1.435357298324098,False,False,False
1790735230.2863941,TRACK,0.009997782,0.0017903520001709694,0.7485590371862072,0.8460343194169706,0.7582140537711908,-0.0018739248057501577,0.0016614787078647157,0.00788309378691818,0.748574190069003,0.845270211702145,0.7588367305113312,-0.0024517024227631383,0.003660744801774263,0.0031948638757324,-0.12025077783512188,3.1900935238650545,1.4404987167147967,1,1,0,0.0005872989997897093,21,0.0,0.0,8.882914666036179e-05,0.010000000000000002,-0.12220138619152975,3.15571883023506,1.4143352692069104,0.001950608356407872,0.03437469362999428,0.026163447507886316,-0.12025077783512188,3.1900935238650545,1.4404987167147967,False,False,False
1790735230.2963667,TRACK,0.009971984000000001,0.0017918649998591718,0.7485463510100248,0.8460639260161766,0.7582575783852867,-0.0009383383408561643,0.0038286801253170195,0.0013619754411973686,0.748549594246431,0.8453068734143305,0.7588688085442284,-0.0024813202887352215,0.0036921872477277354,0.00323884468104356,-0.13164368021100462,3.1929508241539364,1.4501917432651543,1,1,0,0.0005991610000819492,21,0.0,0.0,8.31819798671343e-05,0.010000000000000002,-0.12220493825618395,3.155802754863733,1.4143346299977666,-0.00943874195482067,0.037148069290203534,0.03585711326738778,-0.13164368021100462,3.1929508241539364,1.4501917432651543,False,False,False
1790735230.3063881,TRACK,0.010021958000000001,0.0018316610000965738,0.7485331819861267,0.8460966122373685,0.7582684359417637,-0.0018294836541203438,0.002228977948547172,0.002820474042394328,0.7485245764404926,0.8453440344373416,0.7589014915645825,-0.002511316730934657,0.0037237222428742793,0.0032835168418822083,-0.12167607886602518,3.210471917407758,1.4554859817676618,1,1,0,0.0006039509999027359,22,0.0,0.0,9.023394346507912e-05,0.010000000000000002,-0.12220848631931495,3.1558878000774118,1.4143339538217932,0.0005324074532897816,0.05458411733034598,0.04115202794586854,-0.12167607886602518,3.210471917407758,1.4554859817676618,False,False,False
1790735230.3163743,TRACK,0.00998591,0.0019122040000638663,0.7485098131538477,0.8461067964787645,0.7583313584029963,-0.0025127001228130216,0.0004637444710249663,0.009423187051056416,0.7484993484646557,0.8453813757926099,0.758934504684191,-0.0025414362659354943,0.0037550745625395242,0.0033285026012242038,-0.11290020160379098,3.208006399491149,1.4458588395128027,1,1,0,0.0006336680000913475,22,0.0,0.0,7.44863734989021e-05,0.010000000000000002,-0.12221199812028563,3.1559732364351016,1.4143332460859384,0.009311796516494648,0.05203316305604759,0.03152559342686434,-0.11290020160379098,3.208006399491149,1.4458588395128027,False,False,False
1790735230.326399,TRACK,0.010027099000000001,0.0017520589999548974,0.7484894527581831,0.8461207704807929,0.7584258829569555,-0.0016105369738209836,0.002421076060557594,0.007803610483312103,0.7484737126283437,0.8454191858245037,0.7589681083851976,-0.0025719135662028297,0.003786482180491617,0.003374155039212746,-0.12609800965975018,3.1874165445559517,1.4394232756258725,1,1,0,0.0005550270000185265,20,0.0,0.0,9.681551278316776e-05,0.1,-0.12221549899707448,3.156059724272444,1.4143325009576915,-0.003882510662675687,0.0313568202835075,0.025090774668180986,-0.12609800965975018,3.1874165445559517,1.4394232756258725,False,False,False
1790735230.3363688,TRACK,0.009967414,0.0018394650001027912,0.7484753547775247,0.8461506938247707,0.7584836243108724,-0.0013713829366250167,0.003169558716254377,0.004097688984331272,0.7484479253457111,0.8454570825324972,0.7590019681528982,-0.0026024429135729564,0.003817624875473766,0.0034200183205030654,-0.13099365235465069,3.193970809075057,1.4466175912783363,1,1,0,0.0005935710000812833,21,0.0,0.0,9.625491922243835e-05,0.010000000000000002,-0.12221895197572431,3.1561463904814646,1.414331725695486,-0.008774700378926381,0.03782441859359233,0.03228586558285031,-0.13099365235465069,3.193970809075057,1.4466175912783363,False,False,False
1790735230.3463686,TRACK,0.009999596000000001,0.0018134370000097988,0.7484580728121832,0.8461758490045925,0.7585257419359968,-0.002035565995378534,0.001829445896470204,0.0054257566148228804,0.7484217478545552,0.8454954131066169,0.7590363990337117,-0.0026333062739370924,0.0038487855037439306,0.0034665179706236363,-0.122415198571183,3.2097697442002953,1.4510483128490677,1,1,0,0.0006216049998784001,22,0.0,0.0,8.659298798099278e-05,0.010000000000000002,-0.1222223871297133,3.156234029785908,1.4143309129596824,-0.00019281144146971022,0.05353571441438738,0.03671739988938526,-0.122415198571183,3.2097697442002953,1.4510483128490677,False,False,False
1790735230.3563402,TRACK,0.009971823000000001,0.0017675090000466298,0.7484380177363237,0.8461912661972519,0.758589388128752,-0.002045834936310859,0.0017348779995728044,0.0076131553211519,0.7483953345540529,0.8455339470876995,0.7590711997787967,-0.002664320313511594,0.0038797726698334913,0.0035133803429098884,-0.12331362553286244,3.202755298212195,1.4453512441879024,1,1,0,0.0005913970001074631,21,0.0,0.0,9.675187425744339e-05,0.010000000000000002,-0.12222578195331547,3.156322115912939,1.4143300672605637,-0.0010878435795469705,0.046433182299256026,0.031021176927338696,-0.12331362553286244,3.202755298212195,1.4453512441879024,False,False,False
1790735230.366308,TRACK,0.009967545000000001,0.0017542539999340079,0.748420285418681,0.8462174507907294,0.7586624930718822,-0.0013826376329384603,0.003236097245472316,0.005571093316847653,0.7483686223351109,0.8455727728859255,0.7591064550635716,-0.0026955585374740867,0.003910655273030944,0.0035607183401995266,-0.13346714768344672,3.192134188953324,1.4436931647128302,1,1,0,0.0005914369999118207,21,0.0,0.0,7.750925694507056e-05,0.010000000000000002,-0.12222914267222462,3.1564108517264717,1.4143291864326706,-0.01123800501122211,0.035723337226852184,0.02936397828015953,-0.13346714768344672,3.192134188953324,1.4436931647128302,False,False,False
1790735230.3763692,TRACK,0.010061304,0.0018545840000570024,0.7484089443914579,0.8462496819965342,0.758702392683773,-0.0012006490841196486,0.0037790748305235986,0.003599904054959698,0.7483413418597731,0.8456122755934469,0.7591425230382202,-0.002727333011925298,0.003941731198546912,0.003609009231936415,-0.1382364194877071,3.1936412164116703,1.4469884572764478,1,1,0,0.0005857259998265363,21,0.0,0.0,9.062187212826916e-05,0.010000000000000002,-0.12223249991226813,3.156501117819316,1.4143282609812236,-0.016003919575438955,0.03714009859235421,0.03266019629522424,-0.1382364194877071,3.1936412164116703,1.4469884572764478,False,False,False
1790735230.3863661,TRACK,0.009997151000000001,0.0017270609998831787,0.748395530009506,0.8462851464427414,0.7587378553058546,-0.0014959602451457838,0.003241549749359694,0.004090338568564251,0.7483139174739175,0.8456518355998995,0.7591788448191568,-0.002759147725625036,0.003972507639552347,0.003657502325573113,-0.13641609969017174,3.1988580427666244,1.448547668470941,1,1,0,0.0005893329998798436,21,0.0,0.0,9.967962785509385e-05,0.010000000000000002,-0.12223579881101188,3.1565914989862915,1.4143273049165326,-0.014180300879159866,0.042266543780332684,0.034220363554408495,-0.13641609969017174,3.1988580427666244,1.448547668470941,False,False,False
1790735230.3964195,TRACK,0.010053189,0.0018965839999509626,0.748378500452211,0.8463161960027419,0.7587904138352819,-0.0016431992160709835,0.0028738149650298006,0.005789305687061976,0.748286017396141,0.8456919270936643,0.7592158616685538,-0.002791386523173908,0.004003350021091384,0.003706785080697089,-0.1361002684607834,3.196927922600796,1.4456399063049645,1,1,0,0.0005817379999371042,21,0.0,0.0,8.922747862107247e-05,0.010000000000000002,-0.12223907700589907,3.15668307934305,1.4143263064276423,-0.013861191454884344,0.04024484325774601,0.03131359987732228,-0.1361002684607834,3.196927922600796,1.4456399063049645,False,False,False
1790735230.4063714,TRACK,0.009952105000000001,0.0019558080000479094,0.7483642516399298,0.8463493442421539,0.7588457578875447,-0.0011636682962914827,0.003886889372696002,0.0047055263039356855,0.7482580774017795,0.8457319203292076,0.7592529968925515,-0.0028235455303446343,0.0040337723567045,0.003756088810723543,-0.1442582986769529,3.188547617607548,1.4439014436949462,1,1,0,0.0006574730000465934,21,0.0,0.0,7.00820763852532e-05,0.010000000000000002,-0.12224228145247312,3.1567744212133886,1.4143252810091786,-0.022016017224479763,0.031773196394159285,0.029576162685767463,-0.1442582986769529,3.188547617607548,1.4439014436949462,False,False,False
1790735230.4164584,TRACK,0.010086742000000001,0.0016781879999143712,0.7483566755260584,0.8463968851675814,0.7588774743547555,-0.000283567526055829,0.005756484782225224,0.0014598899302180135,0.7482294315948884,0.8457727629706299,0.7592911378326249,-0.002856389370705965,0.004064489880547459,0.0038065890798912086,-0.1579356588762042,3.1752497331196885,1.4433343400821392,1,1,0,0.0005088789998808352,18,0.0,0.0,9.921314168053528e-05,0.1,-0.12224548569576048,3.1568676896986263,1.414324203816107,-0.03569017318044372,0.018382043421062193,0.02901013626603229,-0.1579356588762042,3.1752497331196885,1.4433343400821392,False,False,False
1790735230.4263105,TRACK,0.009852025,0.0017486520000602468,0.7483475334896079,0.8464580352140141,0.7588795840807618,-0.001637365462866715,0.006065745671604133,-2.412668562046076e-05,0.7482011313461806,0.8458129537377924,0.7593288855557583,-0.0028887133164047633,0.004094374867215378,0.0038564338611572066,-0.15108844884932665,3.1771126939789474,1.446083876976011,1,1,0,0.0005566910001562064,20,0.0,0.0,9.735762186080227e-05,0.1,-0.12224857093925037,3.1569594574228805,1.4143231144927022,-0.028839877910076278,0.02015323655606684,0.03176076248330869,-0.15108844884932665,3.1771126939789474,1.446083876976011,False,False,False
1790735230.4363167,TRACK,0.010006179,0.0015917939999781083,0.7483308935300821,0.8465193447924833,0.7588791113101676,-0.0015204280626505843,0.006170008377238022,-4.8567422732460376e-05,0.748172061078357,0.8458540741288391,0.7593677292104868,-0.002921791903735608,0.004124603627054083,0.003907589326308096,-0.15318338915359753,3.1743059670568674,1.4457825709616716,1,1,0,0.00047004599991851137,16,0.0,0.0,9.92110734558637e-05,0.1,-0.12225165733299663,3.1570533363600086,1.4143219701289484,-0.0309317318206009,0.01725263069685888,0.031460600832723076,-0.15318338915359753,3.1743059670568674,1.4457825709616716,False,False,False
1790735230.4463868,TRACK,0.010070531,0.001657989000023008,0.7483199385865289,0.8465656895553382,0.7588786602461655,-0.0014147400116852648,0.006182818710937548,-7.170585989061708e-05,0.7481424683834204,0.8458957637196365,0.7594073422322701,-0.002955338171016288,0.004154895951338275,0.003959619086897793,-0.1572705882919714,3.174186982140377,1.4466961133702516,1,1,0,0.0004924479999317555,17,0.0,0.0,9.722480942610541e-05,0.1,-0.1222547133782432,3.1571485040948017,1.4143207793642307,-0.0350158749137282,0.017038478045575324,0.03237533400602097,-0.1572705882919714,3.174186982140377,1.4466961133702516,False,False,False
1790735230.4563696,TRACK,0.009982674,0.0016032449998419906,0.7483045525203229,0.8466310328199977,0.7588781520045567,-0.0016311512825211765,0.006246801230452024,6.891834853377504e-05,0.7481127991686416,0.8459373900140633,0.7594471295185888,-0.002988845920763548,0.004184789607811887,0.004011740098182387,-0.15841534672183513,3.1710395900780206,1.446064017437197,1,1,0,0.0004845230000682932,17,0.0,0.0,9.678849038101098e-05,0.1,-0.12225769078665658,3.157243517648202,1.4143195599500888,-0.03615765593517855,0.01379607242981863,0.03174445748710809,-0.15841534672183513,3.1710395900780206,1.446064017437197,False,False,False
1790735230.4664285,TRACK,0.010058959000000001,0.0021196590000727156,0.7482855436030293,0.8466963081027874,0.7588807189716036,-0.0019889678762642486,0.006174743747285822,0.0003873816727129938,0.7480825635972054,0.8459796355542897,0.7594877499119402,-0.0030228674198367585,0.004214771448362142,0.004064813758928209,-0.1578291210756485,3.1686376022370593,1.4453784409441173,1,1,0,0.0005962960001397732,17,0.0,0.0,9.488167921519707e-05,0.1,-0.12226063627289079,3.1573399358153957,1.41431829151389,-0.03556848480275772,0.011297666421663419,0.0310601494302272,-0.1578291210756485,3.1686376022370593,1.4453784409441173,False,False,False
1790735230.4764102,TRACK,0.009981652,0.001995011999952112,0.7482661550356573,0.846751423503723,0.7588851031694528,-0.002281103152460903,0.006062329656773851,0.0005513530652018032,0.7480522208253196,0.846021853822724,0.7595285886234341,-0.0030568848965387024,0.004244378805980093,0.004118034912099178,-0.15725775735808084,3.168793611505615,1.4458919694936336,1,1,0,0.0005526639999970939,17,0.0,0.0,9.494542584864482e-05,0.1,-0.12226350252417653,3.1574362838909753,1.4143169930393822,-0.03499425483390432,0.011357327614639905,0.03157497645425148,-0.15725775735808084,3.168793611505615,1.4458919694936336,False,False,False
1790735230.48637,TRACK,0.00995992,0.0016760440000780363,0.7482420856937138,0.846811845873674,0.7588908493604318,-0.0025215844769187266,0.006016814409390555,0.0006322283466051095,0.7480216043918968,0.8460642740065653,0.759569870692676,-0.0030910856750624004,0.004273773785528898,0.004171696941742601,-0.15686861146522263,3.167996744203769,1.4461414699829336,1,1,0,0.0005008650000490888,17,0.0,0.0,9.397170138748497e-05,0.1,-0.12226630397387454,3.1575330858964628,1.414315657496486,-0.0346023074913481,0.01046365830730596,0.031825812486447745,-0.15686861146522263,3.167996744203769,1.4461414699829336,False,False,False
1790735230.4963856,TRACK,0.010015617000000001,0.0016906220000691974,0.74821419781878,0.8468745639181012,0.7588987032409005,-0.0027559029510288856,0.005941129768585939,0.000853759573371778,0.7479904719450255,0.8461072258755916,0.759611925402678,-0.0031257387259599955,0.0043031792103118815,0.00422622525258176,-0.15607784019945198,3.1665489983853887,1.4459185730169473,1,1,0,0.00048332100004699896,16,0.0,0.0,9.963119524899747e-05,0.1,-0.12226905968221177,3.1576310952148803,1.4143142739000636,-0.033808780517240206,0.008917903170508461,0.03160429911688369,-0.15607784019945198,3.1665489983853887,1.4459185730169473,False,False,False
1790735230.5064273,TRACK,0.010041766,0.0019521200001690886,0.7481841624320138,0.8469363692006615,0.7589089771178976,-0.0029119611172757284,0.005853153336428353,0.001045498987827527,0.7479589084590439,0.8461505847538654,0.759654641067646,-0.0031607468246930485,0.004332501429431377,0.004281471393014287,-0.15603824049849707,3.1652107713761284,1.4458010630532176,1,1,0,0.0005207020001307683,16,0.0,0.0,9.864385966535809e-05,0.1,-0.12227175828632526,3.1577300281975007,1.414312845427492,-0.033766482212171815,0.0074807431786277955,0.03148821762572561,-0.15603824049849707,3.1652107713761284,1.4458010630532176,False,False,False
1790735230.5163481,TRACK,0.009920535000000001,0.001804749000029915,0.7481527068405631,0.8469973745994022,0.7589207031317091,-0.003054401202206928,0.005772695516335806,0.0011700460731542848,0.7479273795231572,0.8461937085066433,0.7596973886435721,-0.003195594208773277,0.004361307406960894,0.004336621789912686,-0.15588874101158653,3.1643106552863847,1.4459304927912258,1,1,0,0.0004947530001118139,16,0.0,0.0,9.829124163299088e-05,0.1,-0.12227435861649717,3.157828420656679,1.4143113932247802,-0.03361438239508936,0.00648223462970552,0.03161909956644567,-0.15588874101158653,3.1643106552863847,1.4459304927912258,False,False,False
1790735230.5263677,TRACK,0.010019244,0.0018714860000272893,0.7481246774371746,0.8470489896570452,0.7589317937775331,-0.0031580378159780866,0.005703660516181765,0.0012891923284017847,0.7478951846670315,0.8462375505511872,0.759741119770959,-0.00323105437327779,0.0043902313108780235,0.004392902675860347,-0.15646642347085396,3.1647544550984397,1.4466760234215408,1,1,0,0.0005593260000296141,17,0.0,0.0,9.343063549648094e-05,0.1,-0.12227691601179627,3.1579284488924046,1.4143098848247029,-0.03418950745905769,0.006826006206035169,0.03236613859683782,-0.15646642347085396,3.1647544550984397,1.4466760234215408,False,False,False
1790735230.536374,TRACK,0.01000694,0.0018083760000990878,0.7480956434876385,0.8471002302846582,0.7589440949540025,-0.0033007775452418998,0.00569366076778498,0.0014740440289871,0.7478626733740328,0.8462816271500617,0.7597853629925575,-0.003266739699729306,0.004418945423482895,0.004449703527562919,-0.15648778675648858,3.1646507624527676,1.4470971951698601,1,1,0,0.0005155020000984223,17,0.0,0.0,9.400765241504078e-05,0.1,-0.12227939866565161,3.1580290101489283,1.4143083359828488,-0.03420838809083697,0.006621752303839256,0.03278885918701145,-0.15648778675648858,3.1646507624527676,1.4470971951698601,False,False,False
1790735230.5464208,TRACK,0.010046345,0.0016387630000735953,0.7480579176229929,0.8471624836865423,0.7589630027141299,-0.003537928280519951,0.0056407561402664575,0.0019525901206077449,0.7478296734832349,0.8463261654518388,0.7598303551924669,-0.0033028375437077788,0.004447592277841712,0.004507325870426927,-0.15503782941809233,3.1621480102761628,1.4460392177291372,1,1,0,0.0004651960000501276,16,0.0,0.0,9.925716171551129e-05,0.1,-0.12228181647093703,3.158130623646455,1.4143067380984737,-0.03275601294715531,0.0040173866297077985,0.03173247963066355,-0.15503782941809233,3.1621480102761628,1.4460392177291372,False,False,False
1790735230.55637,TRACK,0.009949401,0.0018932880000193109,0.7480218642813918,0.8472182762505529,0.7589845238245383,-0.003596186363354605,0.005549813041227066,0.002221476372860476,0.7477966332634643,0.846370556707311,0.7598754867433278,-0.003338857506754488,0.004475779539111014,0.004564988105582153,-0.1554385603542247,3.1611940121217574,1.4459270170904306,1,1,0,0.0004958250001436681,17,0.0,0.0,9.085597168631971e-05,0.1,-0.12228413460693269,3.158231901531936,1.414305112802274,-0.033154425747292014,0.0029621105898212504,0.0316219042881566,-0.1554385603542247,3.1611940121217574,1.4459270170904306,False,False,False
1790735230.5663648,TRACK,0.009994696,0.0016316690000621747,0.7479836241438429,0.847276151582026,0.7590085454816071,-0.0036745700966775087,0.005494726325201777,0.0023196432886390915,0.7477630804389543,0.8464154314829128,0.7599214043882843,-0.0033753143024954405,0.004503906484588051,0.004623515564560612,-0.15535163467480606,3.1604195253653757,1.4460460704526135,1,1,0,0.0004897229998732655,17,0.0,0.0,9.186382633647323e-05,0.1,-0.12228638411827299,3.15833428344205,1.4143034367629448,-0.03306525055653306,0.002085241923325716,0.03174263368966865,-0.15535163467480606,3.1604195253653757,1.4460460704526135,False,False,False
1790735230.576415,TRACK,0.010050353000000001,0.001716801999918971,0.7479445852291429,0.8473334918226039,0.7590335995985704,-0.003746109314803242,0.005436062372274609,0.0024451184058191418,0.7477289719554041,0.8464608386454018,0.7599681706713677,-0.0034122517762424677,0.004531994205556888,0.004682983795926211,-0.15524554742479824,3.1597461631531645,1.446176680852173,1,1,0,0.0005541559999073797,17,0.0,0.0,9.274724562721091e-05,0.1,-0.12228856337370977,3.1584378819180516,1.4143017071457995,-0.03295698405108847,0.0013082812351128121,0.0318749737063734,-0.15524554742479824,3.1597461631531645,1.446176680852173,False,False,False
1790735230.5863676,TRACK,0.009952466,0.001681976000099894,0.7479067402367923,0.8473875142222527,0.7590589127636678,-0.003807570742718218,0.005380451940915399,0.002602328870213874,0.7476948284703755,0.846506080750691,0.7600150734971693,-0.003449105766623851,0.004559609653879704,0.004742486091804901,-0.15527328651316757,3.159347630900852,1.446391846143344,1,1,0,0.0004978879999271157,17,0.0,0.0,9.36182761486066e-05,0.1,-0.12229063683100277,3.1585411067422475,1.4142999502149054,-0.03298264968216479,0.000806524158604323,0.03209189592843874,-0.15527328651316757,3.159347630900852,1.446391846143344,False,False,False
1790735230.5963402,TRACK,0.009972364000000001,0.001659431999996741,0.7478663330228175,0.847443738157863,0.759087316007931,-0.003881285895732375,0.005335589820459892,0.0028058752762903476,0.747660247451433,0.8465516879655031,0.7600626671413463,-0.0034863110923078157,0.004587076801120923,0.004802725148215119,-0.15506319201885008,3.158398462669928,1.4462904490873871,1,1,0,0.000497076999863566,17,0.0,0.0,9.425479888069723e-05,0.1,-0.1222926272190704,3.1586451685736687,1.4142981452539376,-0.032770564799779675,-0.00024670590374068705,0.03199230383344958,-0.15506319201885008,3.158398462669928,1.4462904490873871,False,False,False
1790735230.6063943,TRACK,0.010054691000000001,0.0016642220000449015,0.7478271681226802,0.8474967663844692,0.759116553057182,-0.003931842749370533,0.005282243486071593,0.0030089778593186955,0.7476250038973132,0.8465979479489228,0.7601112650440573,-0.0035241068936659316,0.004614559176285259,0.004864093417351149,-0.155137253820963,3.1579569998675785,1.4464117635380283,1,1,0,0.00048693799999455223,17,0.0,0.0,9.49867900610489e-05,0.1,-0.12229454276982184,3.158750724916806,1.4142962798238103,-0.03284271105114115,-0.0007937250492276071,0.032115483714217935,-0.155137253820963,3.1579569998675785,1.4464117635380283,False,False,False
1790735230.6163676,TRACK,0.009972895,0.0016453959999580547,0.7477875097896769,0.8475493424383727,0.7591477161006228,-0.003991593700246038,0.005242261098130541,0.0032102940507708205,0.7475896702397007,0.8466441034953668,0.7601600802855875,-0.0035618781959958815,0.004641602897109205,0.004925595039482899,-0.1550967340097615,3.1574706234537175,1.4464978516956544,1,1,0,0.0004908050000267394,17,0.0,0.0,9.558401487100231e-05,0.1,-0.12229634930484552,3.158856049078667,1.414294383915697,-0.03280038470491598,-0.0013854256249496363,0.03220346777995731,-0.1550967340097615,3.1574706234537175,1.4464978516956544,False,False,False
1790735230.62634,TRACK,0.009972505000000001,0.0016539620000912691,0.7477472402570742,0.8476015479654277,0.7591810102074001,-0.00405288359761446,0.005202923592322388,0.003439075605560926,0.7475539598834523,0.8466905258352736,0.7602095100967889,-0.0035999317736979623,0.00466842609387278,0.004987730042965362,-0.15500109955874558,3.156921645489532,1.4465042315787509,1,1,0,0.0004900640001324064,17,0.0,0.0,9.612074330718549e-05,0.1,-0.1222980597901746,3.1589619892271625,1.4142924421595233,-0.03270303976857096,-0.0020403437376303904,0.03221178941922758,-0.15500109955874558,3.156921645489532,1.4465042315787509,False,False,False
1790735230.636337,TRACK,0.009996931,0.0017955519999759417,0.7477043324731207,0.8476559430723052,0.7592185020811479,-0.0041082723296730385,0.005164459638042098,0.003683063973590088,0.7475177797451806,0.8467373292348519,0.7602596861095453,-0.003638365315777634,0.004695089409061574,0.005050661208273589,-0.15481428983209494,3.1558828845066453,1.4462462078721092,1,1,0,0.0004910860000109096,17,0.0,0.0,9.659314592577045e-05,0.1,-0.12229967515397354,3.1590688072930178,1.4142904490934116,-0.0325146146781214,-0.003185922786372553,0.031955758778697496,-0.15481428983209494,3.1558828845066453,1.4462462078721092,False,False,False
1790735230.6463125,TRACK,0.009975550000000001,0.0016351360000044224,0.74766300011584,0.8477072882900547,0.7592564716529298,-0.0041378615800219684,0.0051175009369034,0.003868669637902354,0.747481292564998,0.8467842970843004,0.7603103851420462,-0.003677004825038426,0.004721465237342911,0.005114106355649828,-0.1549120906566565,3.155523755884155,1.4463478757420232,1,1,0,0.0004933699999583041,17,0.0,0.0,9.728478516815922e-05,0.1,-0.12230118493132835,3.1591760100732715,1.4142884133604878,-0.03261090572532816,-0.0036522541891168044,0.03205946238153545,-0.1549120906566565,3.155523755884155,1.4463478757420232,False,False,False
1790735230.6563654,TRACK,0.010052707000000001,0.0016409970000950125,0.7476213991361425,0.8477582740738878,0.759295999312041,-0.004177486005137354,0.005084777547165043,0.004032418702139416,0.7474441317684225,0.8468318931954214,0.7603621198848483,-0.0037162364216148614,0.004747806754804742,0.005178703640346936,-0.1549439033477313,3.155334520734425,1.4465398900838962,1,1,0,0.0004922379998788529,17,0.0,0.0,9.774282201655167e-05,0.1,-0.12230260007613473,3.159284657474296,1.4142863139778608,-0.03264130327159657,-0.0039501367398708485,0.032253576106035305,-0.1549439033477313,3.155334520734425,1.4465398900838962,False,False,False
1790735230.666372,TRACK,0.010006890000000001,0.0018006210000294232,0.7475793666709789,0.847808943146898,0.7593374340738164,-0.004225621954101139,0.005054261832340452,0.004250016348035559,0.74740674717373,0.846879534161441,0.7604142671117385,-0.00375558358666639,0.004773785175048821,0.005243671954388668,-0.15488497163870402,3.1549357137315943,1.4465636019402448,1,1,0,0.0005149509997863788,17,0.0,0.0,9.822766872334273e-05,0.1,-0.1223038996436113,3.1593934190130644,1.414284175919538,-0.03258107199509272,-0.004457705281470078,0.032279426020706985,-0.15488497163870402,3.1549357137315943,1.4465636019402448,False,False,False
1790735230.676425,TRACK,0.010052888000000001,0.001642439999841372,0.747536836946936,0.8478593221893576,0.759381182095674,-0.004272546589951624,0.00502426530099648,0.00448669747478352,0.7473687927812349,0.8469276546254618,0.7604673120411065,-0.003795409401549311,0.004799633343461562,0.005309613502380999,-0.15483287939461954,3.154494137203857,1.446528717888692,1,1,0,0.0004930089999106713,17,0.0,0.0,9.863292509754985e-05,0.1,-0.12230509235143482,3.159503288190742,1.4142819790745906,-0.03252778704318471,-0.005009150986884896,0.03224673881410135,-0.15483287939461954,3.154494137203857,1.446528717888692,False,False,False
1790735230.6863706,TRACK,0.009945593,0.0016418189998148591,0.7474938608324484,0.8479093950891725,0.7594272897009446,-0.004313985365444223,0.004996190376650354,0.004713899811620533,0.7473308480261147,0.8469755159491992,0.7605204464927262,-0.0038351058948324942,0.004824953950923595,0.005375522630891645,-0.15478601941103032,3.1539671144481565,1.4464427806426827,1,1,0,0.0004893420000371407,17,0.0,0.0,9.906245668130607e-05,0.1,-0.12230615784987174,3.1596125796573316,1.414279756898987,-0.032479861561158584,-0.0056454652091752445,0.032163023743695555,-0.15478601941103032,3.1539671144481565,1.4464427806426827,False,False,False
1790735230.6964338,TRACK,0.010063267,0.0017526100000395672,0.7474548394449494,0.8479542089575896,0.7594706618921627,-0.004348580980574162,0.004965844094607391,0.004905203826037003,0.7472920509683363,0.8470241985725389,0.7605748802362426,-0.003875573541438151,0.004850313813211599,0.005442897393855314,-0.15507570614106644,3.1546048247976004,1.446939758023252,1,1,0,0.000492759000053411,17,0.0,0.0,9.949270424915446e-05,0.1,-0.12230711677920232,3.1597237618950333,1.4142774585486408,-0.03276858936186412,-0.0051189370974329676,0.03266229947461114,-0.15507570614106644,3.1546048247976004,1.446939758023252,False,False,False
1790735230.7063556,TRACK,0.009921828,0.0017584110000825603,0.7474089113614761,0.8480063513573448,0.7595233552911704,-0.004408278164125855,0.004973190769074509,0.00515262193304906,0.7472533990226492,0.8470724455101089,0.7606292160892155,-0.003915771349983314,0.0048750554154753795,0.005510006627422407,-0.1549813378987208,3.1533090407919047,1.446458071945952,1,1,0,0.0005278259998249268,18,0.0,0.0,9.159587165234948e-05,0.1,-0.12230794160810007,3.1598339653928402,1.4142751428808824,-0.03267339629062072,-0.00652492460093549,0.03218292906506972,-0.1549813378987208,3.1533090407919047,1.446458071945952,False,False,False
1790735230.716387,TRACK,0.010031156000000001,0.0018943899999612768,0.7473711218353829,0.8480483135513426,0.7595683328636547,-0.004461642766514758,0.00492680324155279,0.005373203327586322,0.7472139142049066,0.8471214722880352,0.7606848310205672,-0.003956715927418534,0.004899799804470782,0.005578549314487983,-0.1552036755881688,3.154374209448674,1.447079355236058,1,1,0,0.000522165000120367,18,0.0,0.0,9.150034694221896e-05,0.1,-0.12230865042378838,3.1599459678270416,1.4142727511006323,-0.03289502516438041,-0.005571758378367478,0.032806604135425514,-0.1552036755881688,3.154374209448674,1.447079355236058,False,False,False
1790735230.7263196,TRACK,0.009932619,0.0016952710000168736,0.7473261225551058,0.8480976312506519,0.7596233468082412,-0.004554700910231147,0.004935900146601641,0.005661606304252907,0.7471744110524059,0.8471702606858316,0.760740580556858,-0.0039975613869675675,0.004924028291436231,0.005647112342166067,-0.15442663526116474,3.1536273146080904,1.446720478540868,1,1,0,0.000499582000202281,17,0.0,0.0,9.997079048676348e-05,0.1,-0.12230922499190314,3.1600574443929657,1.4142703321805603,-0.032117410269261584,-0.006430129784875199,0.03245014636030765,-0.15442663526116474,3.1536273146080904,1.446720478540868,False,False,False
1790735230.7364204,TRACK,0.010101039000000001,0.0017586709998340666,0.7472803030573436,0.8481467718247373,0.7596818199284447,-0.004578703537539539,0.004903330054996345,0.0059769893363568975,0.7471338204325316,0.8472201217376357,0.7607979774074294,-0.004039410878973648,0.0049483834944905256,0.005717552116279754,-0.15468090767516635,3.152786563899236,1.4463116825211342,1,1,0,0.0005180470000141213,18,0.0,0.0,9.178893570864662e-05,0.1,-0.12230967592682292,3.160171392232382,1.41426782004385,-0.03237123174834344,-0.007384828333146155,0.03204386247728412,-0.15468090767516635,3.152786563899236,1.4463116825211342,False,False,False
1790735230.7463858,TRACK,0.009965351,0.0017488830001184397,0.7472343488010305,0.848195659369825,0.7597427094692488,-0.004604878411767216,0.00488314034492004,0.006155657671637236,0.7470933592763498,0.8472695526516062,0.7608553040426388,-0.004081008095975291,0.004972125160787076,0.005787757645280621,-0.1546801954504012,3.152280394172435,1.446154904881167,1,1,0,0.0005194999998821004,18,0.0,0.0,9.229857636895642e-05,0.1,-0.12230998552903516,3.1602843784680994,1.4142652895431909,-0.03237020992136604,-0.008003984295664507,0.03188961533797624,-0.1546801954504012,3.152280394172435,1.446154904881167,False,False,False
1790735230.756323,TRACK,0.009937117,0.0016619780001292384,0.7471858204405608,0.8482467929737805,0.7598080789188097,-0.004630293314513001,0.004861236113685949,0.006274041985755172,0.7470525984515131,0.8473190776748571,0.7609131684390551,-0.004122796066820645,0.004995510748049119,0.005858474636797959,-0.1544711886586052,3.1516295458714523,1.44594323720762,1,1,0,0.0005134689999977127,18,0.0,0.0,9.239067567434686e-05,0.1,-0.12231015698046858,3.160397602241847,1.4142627141484134,-0.03216103167813661,-0.008768056370394758,0.031680523059206565,-0.1544711886586052,3.1516295458714523,1.44594323720762,False,False,False
1790735230.766384,TRACK,0.010061434000000001,0.001811002000067674,0.7471417564855534,0.8482927931700042,0.7598681028651262,-0.004630862063020666,0.004829907803462086,0.006336509113982112,0.7470109030347741,0.8473694575428329,0.7609724763527526,-0.004165422963087342,0.005018889357160475,0.005930805394070071,-0.15477911572348552,3.1523505589421745,1.4464689952417908,1,1,0,0.0005209529999774531,18,0.0,0.0,9.278992292850141e-05,0.1,-0.12231018732929358,3.1605128044833553,1.4142600530246536,-0.03246892839419195,-0.008162245541180897,0.0322089422171373,-0.15477911572348552,3.1523505589421745,1.4464689952417908,False,False,False
1790735230.7765296,TRACK,0.010145273,0.001693006999857971,0.7470930391821264,0.8483435060088285,0.7599350004893353,-0.004662083073762578,0.004834944954744204,0.006438412789618519,0.7469684242802096,0.8474204938136177,0.7610330191196969,-0.004208729385023992,0.00504215172278939,0.006004488190805181,-0.15463147183631498,3.151958249278952,1.4464096537232218,1,1,0,0.0005190589999983786,18,0.0,0.0,9.314651946273553e-05,0.1,-0.12231006826383106,3.1606295336445274,1.414257314649076,-0.032321403572483906,-0.008671284365575328,0.03215233907414592,-0.15463147183631498,3.151958249278952,1.4464096537232218,False,False,False
1790735230.7864022,TRACK,0.009873045,0.001873721000038131,0.7470555707659186,0.8483820944006055,0.7599871914524723,-0.004696199247129217,0.004808967603255009,0.006602708808793195,0.7469266619610746,0.8474703857002078,0.7610926586818781,-0.0042511886109395415,0.005064484334790891,0.006076922595095226,-0.15513250298307563,3.1535748375771386,1.4473029055630902,1,1,0,0.0005875100000594102,18,0.0,0.0,9.324378385864897e-05,0.1,-0.12230980447283075,3.160743671727525,1.4142545961075845,-0.03282269851024488,-0.007168834150386245,0.0330483094555057,-0.15513250298307563,3.1535748375771386,1.4473029055630902,False,False,False
1790735230.7963853,TRACK,0.009982474,0.0020091290000436857,0.7470130754324034,0.8484255271203036,0.7600476530653211,-0.004772630474020973,0.004843228774853122,0.00687309361462123,0.7468840089883663,0.8475210531917684,0.7611536900082356,-0.004294436359565074,0.005086752344671414,0.0061508970026738835,-0.15508858683854837,3.1536760114954343,1.4473442321168277,1,1,0,0.0005320249999840598,18,0.0,0.0,9.371276155953242e-05,0.1,-0.12230938574024344,3.1608596119230783,1.4142517930855536,-0.032779201098304914,-0.007183600427644065,0.03309243903127407,-0.15508858683854837,3.1536760114954343,1.4473442321168277,False,False,False
1790735230.806367,TRACK,0.009981701,0.0016552940001020033,0.7469623241249783,0.8484763200160703,0.7601224325136906,-0.00488815693354675,0.004835971488295797,0.007348242039293194,0.7468409260447515,0.8475719374338604,0.7612154586959451,-0.004338002584046561,0.005108699094813139,0.00622561320319518,-0.15420250146918027,3.1517296889264634,1.4460765272592218,1,1,0,0.0005148220000137371,18,0.0,0.0,9.281725842365981e-05,0.1,-0.12230881048195863,3.1609760773669513,1.4142489350809366,-0.03189369098722163,-0.009246388440487776,0.031827592178285034,-0.15420250146918027,3.1517296889264634,1.4460765272592218,False,False,False
1790735230.8163702,TRACK,0.010003664,0.0016412980000950483,0.7469107305421785,0.8485268408544826,0.7602013727285506,-0.004888859295588479,0.004802631956484642,0.007563736488349262,0.7467973103802319,0.8476231518009245,0.7612781153283028,-0.004381989762257146,0.005130367764409808,0.0063012502200609465,-0.15416120671803393,3.1505752965076077,1.4454234041954679,1,1,0,0.0005110740000873193,18,0.0,0.0,9.327490011341658e-05,0.1,-0.12230807309328588,3.1610933291670777,1.4142460148402847,-0.03185313362474805,-0.010518032659469904,0.031177389355183268,-0.15416120671803393,3.1505752965076077,1.4454234041954679,False,False,False
1790735230.826367,TRACK,0.00999613,0.0020066140000380983,0.7468594481982818,0.8485770128877697,0.7602807791224642,-0.004856450105096158,0.0047722604873094284,0.007496236260624609,0.7467532863932499,0.8476745424626809,0.7613414843736479,-0.004426271128890027,0.005151687935162833,0.006377593153205326,-0.1543714572014156,3.1506303814099996,1.445613343032009,1,1,0,0.0005549079999127571,18,0.0,0.0,9.34917646276238e-05,0.1,-0.12230717155614074,3.1612110167497782,1.4142430402789827,-0.032064285645274866,-0.010580635339778419,0.03137030275302639,-0.1543714572014156,3.1506303814099996,1.445613343032009,False,False,False
1790735230.8363652,TRACK,0.009998454,0.0016171109998595057,0.7468134199843446,0.8486222551442033,0.7603514640487621,-0.004834479614034322,0.0047607808331196185,0.007395385332523518,0.7467088077289473,0.8477261565809623,0.7614056353922612,-0.0044708923445718725,0.005172675045114903,0.006454723215542757,-0.15486676600728755,3.1518673553778545,1.4464689186304651,1,1,0,0.0005061149997800385,18,0.0,0.0,9.417470773790787e-05,0.1,-0.12230610121641708,3.1613292496616325,1.414240007926824,-0.03256066479087048,-0.009461894283778303,0.03222891070364105,-0.15486676600728755,3.1518673553778545,1.4464689186304651,False,False,False
1790735230.846407,TRACK,0.010041646000000001,0.0016166610000709625,0.7467624724561341,0.8486722946816858,0.7604293744985728,-0.00488669177587712,0.004766360655118364,0.007500582853547178,0.746663686211751,0.8477782031351349,0.7614708436309146,-0.00451604032711824,0.005193406648038383,0.006532967535005517,-0.1545131206228449,3.1515193045594936,1.4463147839998356,1,1,0,0.0005075470000974747,18,0.0,0.0,9.397444695020962e-05,0.1,-0.12230485257362303,3.1614485084469823,1.4142369044067618,-0.03220826804922187,-0.009929203887488575,0.03207787959307383,-0.1545131206228449,3.1515193045594936,1.4463147839998356,False,False,False
1790735230.856365,TRACK,0.009958037000000001,0.0016418390000580985,0.746713386480109,0.8487198735640815,0.7605053170477287,-0.004914957742538313,0.004750264672765225,0.00766530386413101,0.7466184910129496,0.84783002018964,0.7615362887340338,-0.004561145222042807,0.005213617167189814,0.00661133993008463,-0.15447794291998623,3.151319344188114,1.446186547678739,1,1,0,0.0005160939999768743,18,0.0,0.0,9.424971182276365e-05,0.1,-0.12230343846703301,3.161567277753711,1.414233768666702,-0.032174504452953216,-0.01024793356559679,0.03195277901203716,-0.15447794291998623,3.151319344188114,1.446186547678739,False,False,False
1790735230.8663218,TRACK,0.009956944,0.0016128130000652163,0.7466641085146479,0.8487673033851308,0.7605826082459952,-0.004934204174158131,0.00474025206863627,0.00777367997240614,0.7465728500333194,0.8478820310289412,0.7616025108520232,-0.0046065788093645,0.005233472649897675,0.006690486438339089,-0.1545385761880768,3.151311026798417,1.4461972571580104,1,1,0,0.0005127879999236029,18,0.0,0.0,9.438404701883653e-05,0.1,-0.12230184542006747,3.161686528950534,1.4142305748676227,-0.032236730768009314,-0.010375502152117135,0.031966682290387724,-0.1545385761880768,3.151311026798417,1.4461972571580104,False,False,False
1790735230.8763175,TRACK,0.009995609,0.0018236860000797606,0.7466121624259676,0.848817034715676,0.7606647925224994,-0.004960034492090654,0.0047334800195729144,0.007876023384283257,0.7465265751171519,0.8479344408949394,0.761669786735469,-0.004652526682818898,0.005253044466367123,0.006770734130243662,-0.15439817122202623,3.1509127758709825,1.4459933568408814,1,1,0,0.0005027580000387388,18,0.0,0.0,9.446354253452063e-05,0.1,-0.12230006199232414,3.161806734488123,1.4142273093217264,-0.0320981092297021,-0.010893958617140459,0.03176604751915506,-0.15439817122202623,3.1509127758709825,1.4459933568408814,False,False,False
1790735230.886364,TRACK,0.010046425000000001,0.0015952390001530148,0.7465624701707005,0.8488642839112943,0.7607439915793828,-0.004969017157501194,0.00471823394233783,0.007943570526290857,0.746479600441585,0.8479873124788793,0.7617382169370718,-0.004699051574189661,0.005272345541472705,0.006852197957270134,-0.15457945561479616,3.1512268383535114,1.446188059063678,1,1,0,0.0005082679999759421,18,0.0,0.0,9.47580680372706e-05,0.1,-0.12229807937219034,3.161928040383992,1.4142239666421845,-0.03228137624260582,-0.010701202030480299,0.03196409242149341,-0.15457945561479616,3.1512268383535114,1.446188059063678,False,False,False
1790735230.8963628,TRACK,0.009998965,0.0016158690000338538,0.746512666816435,0.8489114739928194,0.7608237400051721,-0.004997863077726817,0.004717625648785241,0.008018336500510141,0.7464323818540977,0.848040124958177,0.761807140556072,-0.004745700874378808,0.00529118086670927,0.006934088151938259,-0.15461776842196517,3.15147919820229,1.4463444155275063,1,1,0,0.0005134279999765567,18,0.0,0.0,9.48681754112956e-05,0.1,-0.12229591265845871,3.162049253431601,1.4142205788741398,-0.03232185576350646,-0.010570055229311221,0.03212383665336639,-0.15461776842196517,3.15147919820229,1.4463444155275063,False,False,False
1790735230.9064069,TRACK,0.010044191000000001,0.0018768659999750525,0.746462512081183,0.8489586617812144,0.7609045344490877,-0.005036981076841085,0.004716337968139002,0.008149151253542517,0.7463844783361222,0.8480933640133901,0.7618772044163833,-0.004792909247507174,0.005309719086171888,0.007017170319412178,-0.15459897949119888,3.1515937074220632,1.446373192014994,1,1,0,0.0005210630001784011,18,0.0,0.0,9.497329432737908e-05,0.1,-0.12229353755607623,3.1621714900889084,1.4142171140008957,-0.032305441935122664,-0.010577782666845273,0.03215607801409831,-0.15459897949119888,3.1515937074220632,1.446373192014994,False,False,False
1790735230.916328,TRACK,0.009921016000000001,0.0015907609999885608,0.7464119398835978,0.8490058263381224,0.7609867942560156,-0.005077576807323524,0.004715114240643329,0.008299455539883482,0.746336695074971,0.8481461310735908,0.7619472323216085,-0.004839883485153375,0.0053276478461250585,0.007100048652901984,-0.1545397043329596,3.151475614288594,1.4462597824862555,1,1,0,0.0005083290000129637,18,0.0,0.0,9.50280624116874e-05,0.1,-0.12229099195212131,3.162292688473644,1.4142136302032635,-0.03224871238083829,-0.010817074185050464,0.03204615228299199,-0.1545397043329596,3.151475614288594,1.4462597824862555,False,False,False
1790735230.926463,TRACK,0.010134724000000001,0.001899620000131108,0.7463584125761829,0.8490553054750407,0.7610747406985112,-0.00511456094062175,0.0047099704241813254,0.0084384262142557,0.7462873995286267,0.848200216446876,0.7620196219267056,-0.0048882258222409805,0.005345564502162698,0.007185555539183482,-0.15439854560380428,3.151167114184685,1.4460273728895336,1,1,0,0.0005126470000504924,18,0.0,0.0,9.496784373503112e-05,0.1,-0.1222881822411136,3.162416963118607,1.4142100076841022,-0.03211036336269069,-0.011249848933921973,0.031817365205431346,-0.15439854560380428,3.151167114184685,1.4460273728895336,False,False,False
1790735230.9363792,TRACK,0.009916397,0.0016549740000755264,0.7463071346637546,0.8491023466555587,0.7611596348589984,-0.005131761668860243,0.004700485797504718,0.008517043861225905,0.7462386899615995,0.8482533104713295,0.762091295016131,-0.004935877582416259,0.005362699505088473,0.0072700520787409165,-0.15451871527181543,3.1513393905218408,1.4461065976862018,1,1,0,0.0005180979999295232,18,0.0,0.0,9.520973569949812e-05,0.1,-0.12228522398702797,3.1625390087736247,1.4142064002670771,-0.03223349128478746,-0.01119961825178381,0.03190019741912467,-0.15451871527181543,3.1513393905218408,1.4461065976862018,False,False,False
1790735230.9463487,TRACK,0.009969369,0.0016141959999913524,0.746255684531886,0.8491493540370296,0.7612451109660663,-0.005160816417995291,0.004699827856287965,0.008582162312656159,0.7461892421176796,0.8483068574098056,0.7621641997545253,-0.0049841360633550175,0.005379525460719437,0.007355835998549741,-0.15457669620178746,3.151663822923678,1.446264442901743,1,1,0,0.0005044709998855978,18,0.0,0.0,9.524644632999402e-05,0.1,-0.12228203707769135,3.162662145937795,1.414202710178458,-0.03229465912409612,-0.010998323014116585,0.032061732723285156,-0.15457669620178746,3.151663822923678,1.446264442901743,False,False,False
1790735230.9563746,TRACK,0.010026026,0.0017309190000105446,0.746203899047031,0.8491963794166679,0.7613314196530601,-0.0052006628067973685,0.004701729694955563,0.008689363439918819,0.7461390262487823,0.8483608757857618,0.7622383855927541,-0.005033027328394173,0.005396035830911637,0.007442959694734142,-0.15458179649893056,3.151912776051243,1.4463450265106408,1,1,0,0.0004979389998425177,18,0.0,0.0,9.532858008940473e-05,0.1,-0.12227861233275407,3.1627864199112943,1.414198934342375,-0.03230318416617649,-0.010873643860051133,0.03214609216826571,-0.15458179649893056,3.151912776051243,1.4463450265106408,False,False,False
1790735230.9663587,TRACK,0.009984006,0.0016418079999311885,0.746151679135834,0.8492434268257671,0.7614189934301425,-0.005245690408798335,0.00470451428869207,0.008828163914154955,0.7460885319353435,0.8484148301858184,0.762313132806315,-0.005082073379972983,0.005412061072265452,0.007530574431264227,-0.15454656301411582,3.1519759221258625,1.4462995653691997,1,1,0,0.0005070660001820215,18,0.0,0.0,9.535639211724346e-05,0.1,-0.12227497845142689,3.162910600941236,1.4141951091094522,-0.032271584562688936,-0.010934678815373635,0.03210445625974737,-0.15454656301411582,3.1519759221258625,1.4462995653691997,False,False,False
1790735230.9763198,TRACK,0.009961193,0.0015945279999414197,0.7460990009028494,0.8492904833404076,0.7615080055370136,-0.005288492329003943,0.004705418374418375,0.008966592948339378,0.746037663207129,0.8484688186634618,0.7623885852486165,-0.00513136748119227,0.005427629925595849,0.007618847295300364,-0.15452132999270624,3.152012382346038,1.4462298823365967,1,1,0,0.0005015250001179083,18,0.0,0.0,9.53727013394249e-05,0.1,-0.12227112606610936,3.1630349160944746,1.414191227082002,-0.03225020392659687,-0.011022533748436548,0.0320386552545947,-0.15452132999270624,3.152012382346038,1.4462298823365967,False,False,False
1790735230.9863427,TRACK,0.01002275,0.0019348870000612806,0.7460459018026588,0.8493375402707937,0.7615983306715153,-0.005328880122952246,0.004705990935376557,0.009087680744262193,0.7459859827115463,0.8485232951553172,0.7624653957899484,-0.005181331690699852,0.005442865598592225,0.0077085379069344205,-0.15453870690836358,3.1521862325964327,1.4462361787799536,1,1,0,0.0005714189999252994,18,0.0,0.0,9.537570586030768e-05,0.1,-0.12226701658409408,3.1631604128978092,1.414187254310717,-0.03227169032426948,-0.010974180301376622,0.03204892446923668,-0.15453870690836358,3.1521862325964327,1.4462361787799536,False,False,False
1790735230.996358,TRACK,0.010015306,0.0015899789998456981,0.7459923977702951,0.8493846203637805,0.7616897956853643,-0.0053719498065736455,0.004709421189743505,0.009201175806801241,0.745933838534051,0.8485778815391332,0.7625430516353778,-0.005231627454318958,0.005457653475758432,0.007799042857174361,-0.15453761617909306,3.152377854979175,1.4462531830225123,1,1,0,0.0005093909999231983,18,0.0,0.0,9.537700856217281e-05,0.1,-0.12226267170274031,3.163286222735403,1.4141832169091515,-0.032274944476352756,-0.010908367756227907,0.032069966113360854,-0.15453761617909306,3.152377854979175,1.4462531830225123,False,False,False
1790735231.006355,TRACK,0.009997052000000001,0.001631067999824154,0.7459384524563175,0.8494317410910481,0.7617824154091393,-0.005417371923914358,0.004712863669648461,0.009320817751604763,0.7458812851954716,0.8486325139313162,0.7626214743242766,-0.0052822015341164995,0.0054719730180308734,0.0078902680745607,-0.15451364169607895,3.152534443385002,1.4462393407681806,1,1,0,0.0005013150000650057,18,0.0,0.0,9.535615675642026e-05,0.1,-0.12225809228295173,3.1634122001560088,1.414179118792941,-0.03225554941312722,-0.010877756771006756,0.03206022197523973,-0.15451364169607895,3.152534443385002,1.4462393407681806,False,False,False
1790735231.0163066,TRACK,0.009951544000000001,0.0015684390000387793,0.745884055043267,0.8494788951793639,0.7618762411303832,-0.005461499186551062,0.0047162257557669795,0.0094400582572308,0.7458284671027783,0.848687037597924,0.7627004501936289,-0.005332914975278689,0.005485783187305499,0.007981963364204031,-0.15448677001051345,3.1526355235031702,1.4461908949320759,1,1,0,0.0004974480000328185,18,0.0,0.0,9.534973034717488e-05,0.1,-0.12225328837540256,3.1635379897956173,1.4141749710818405,-0.03223348163511089,-0.010902466292447252,0.032015923850235294,-0.15448677001051345,3.1526355235031702,1.4461908949320759,False,False,False
1790735231.0263221,TRACK,0.010015396000000001,0.0015846710000460007,0.7458292235543036,0.8495260772966828,0.761971219355952,-0.005503464377878536,0.004719012817886156,0.009549029235284816,0.745774798698462,0.8487420476001863,0.7627808585918797,-0.005384328587451963,0.005499228234557926,0.008075145872885246,-0.15450489743348386,3.152852567780873,1.4462040505896974,1,1,0,0.0005098320000342937,18,0.0,0.0,9.535012550829225e-05,0.1,-0.12224820167370175,3.1636649667419814,1.4141707272910715,-0.032256695759782114,-0.010812398961108135,0.03203332329862581,-0.15450489743348386,3.152852567780873,1.4462040505896974,False,False,False
1790735231.0363505,TRACK,0.010028802,0.0016401959999257087,0.7457739680698277,0.8495733028424475,0.7620672487625608,-0.005548516918294116,0.004724052345403369,0.00965556997218664,0.7457205405961339,0.8487972638509397,0.7628623143127297,-0.005436190262595078,0.00551222883745307,0.008169363772985699,-0.15451208239458805,3.1530937347742345,1.4462285279104998,1,1,0,0.0005087999998067971,18,0.0,0.0,9.533631258808254e-05,0.1,-0.12224284996040986,3.1637924873501815,1.4141664072629523,-0.032269232434178195,-0.010698752575947195,0.03206212064754757,-0.15451208239458805,3.1530937347742345,1.4462285279104998,False,False,False
1790735231.046339,TRACK,0.009988215,0.0016141759999754868,0.745718248682345,0.8496205865051278,0.76216437553063,-0.005596642540294208,0.0047299158699490255,0.009769725133429816,0.745665983224573,0.8488523839026396,0.7629443841021748,-0.0054882217607543134,0.005524710542759889,0.00826411321287798,-0.15448429311592396,3.153258407664292,1.4462019759441238,1,1,0,0.0005145410000295669,18,0.0,0.0,9.530152614633421e-05,0.1,-0.12223725814643556,3.1639198549844383,1.4141620338092276,-0.03224703496948841,-0.010661447320145963,0.03203994213489627,-0.15448429311592396,3.153258407664292,1.4462019759441238,False,False,False
1790735231.0563679,TRACK,0.010029082,0.0016000089999579359,0.7456620464379347,0.8496679202916395,0.7622626590769759,-0.0056432265535343576,0.0047347217455088585,0.009882736066197571,0.7456106778147664,0.8489078525441017,0.7630277464957328,-0.005540849951337316,0.005536768730414332,0.008360174066211853,-0.15448773785467482,3.153476031478965,1.4461978848266832,1,1,0,0.0005054329999438778,18,0.0,0.0,9.528327750192578e-05,0.1,-0.12223137559390551,3.1640480996090523,1.4141575705169889,-0.03225636226076931,-0.010572068130087067,0.03204031430969432,-0.15448773785467482,3.153476031478965,1.4461978848266832,False,False,False
1790735231.0664465,TRACK,0.010078376,0.0016367200000786397,0.7456053749190596,0.8497153103564719,0.7623620443797199,-0.005691682766407153,0.004740979560913021,0.009992112451848945,0.7455545669028867,0.8489637132080861,0.7631124938625402,-0.005594126819250968,0.005548400636432589,0.00845764679025369,-0.15450326808546522,3.1537605816968366,1.44622835024358,1,1,0,0.0005106840001189994,18,0.0,0.0,9.525155526841008e-05,0.1,-0.12222518860441917,3.1641773248352627,1.4141530119025898,-0.03227807948104605,-0.01041674313842609,0.032075338340990286,-0.15450326808546522,3.1537605816968366,1.44622835024358,False,False,False
1790735231.076403,TRACK,0.009956374,0.0015985669999736274,0.7455482052949227,0.849762774340376,0.7624625423556051,-0.00574388579760188,0.004748687624955975,0.010108173808590687,0.7454986060684418,0.849019010355718,0.7631971845893838,-0.005647145188096951,0.005559407403907695,0.008554871722280569,-0.15444367880425308,3.153872122323752,1.446158799580671,1,1,0,0.0005072270000709977,18,0.0,0.0,9.517849896338964e-05,0.1,-0.12221880020421202,3.164305321592673,1.4141484354811598,-0.032224878600041064,-0.010433199268921372,0.032010364099511246,-0.15444367880425308,3.153872122323752,1.446158799580671,False,False,False
1790735231.0864034,TRACK,0.010000729,0.0016028339998683805,0.745490521132802,0.8498102935872538,0.7625642015775069,-0.005790972748122037,0.004753363041305569,0.010216425264103244,0.7454418625875414,0.8490746617231417,0.7632832317806082,-0.0057007889575495,0.005569972190899901,0.008653469633882018,-0.15444076567717907,3.1540701133540363,1.4461331399430306,1,1,0,0.0005085790000975976,18,0.0,0.0,9.51418330035106e-05,0.1,-0.12221210172921235,3.1644342155506564,1.4141437648760837,-0.03222866394796673,-0.010364102196620274,0.03198937506694698,-0.15444076567717907,3.1540701133540363,1.4461331399430306,False,False,False
1790735231.096383,TRACK,0.009979547,0.001583939000056489,0.7454323741448414,0.849857868044988,0.7626668613315459,-0.005838236494248488,0.004759747877297771,0.010311889420175739,0.7453847025661469,0.8491302980624942,0.7633700843586781,-0.005754710496865031,0.005580017652002081,0.008752804827834625,-0.15443321379273112,3.1542909353173227,1.44612741957875,1,1,0,0.0005020769999646291,18,0.0,0.0,9.509447750502415e-05,0.1,-0.12220513091265311,3.1645631540407866,1.4141390296688572,-0.032228082880078016,-0.01027221872346406,0.031988389909892764,-0.15443321379273112,3.1542909353173227,1.44612741957875,False,False,False
1790735231.106427,TRACK,0.010043971,0.0016251869999450719,0.7453737526137205,0.8499055105659625,0.7627704565236337,-0.005886391190035631,0.004766360165608639,0.010405659945391124,0.7453266282186711,0.8491863922510187,0.763458503375358,-0.005809377498384131,0.0055896202228630995,0.008853742851784589,-0.1544513263299065,3.154600161446869,1.4461666568198552,1,1,0,0.0005093309998756013,18,0.0,0.0,9.506331621290007e-05,0.1,-0.1221978207937851,3.16469323581906,1.4141341879681852,-0.03225350553612137,-0.010093074372191152,0.032032468851670035,-0.1544513263299065,3.154600161446869,1.4461666568198552,False,False,False
1790735231.1163871,TRACK,0.009960241,0.0017204889998083672,0.7453146372907513,0.8499532330889883,0.7628750108708005,-0.0059386407995744624,0.004774861827240486,0.010507361457524162,0.7452684937952271,0.8492421115253813,0.7635471912646896,-0.005863985031405098,0.005598633270807907,0.008954799267753123,-0.15440921318628642,3.15477609313355,1.4461283432114622,1,1,0,0.000506565000023329,18,0.0,0.0,9.499528188608928e-05,0.1,-0.12219027475234567,3.1648225318253163,1.4141293106232133,-0.03221893843394076,-0.01004643869176662,0.03199903258824894,-0.15440921318628642,3.15477609313355,1.4461283432114622,False,False,False
1790735231.1263885,TRACK,0.010001340000000001,0.0017707949998566619,0.7452549988906272,0.8500010259543522,0.7629806084405137,-0.005988274448370369,0.004781241940025188,0.010608183821051087,0.7452095702225112,0.8492981484667655,0.763637262725221,-0.005919217532507907,0.005607166536315363,0.009057241687431336,-0.1544073306033848,3.1550077890280543,1.4461156075222583,1,1,0,0.0005381359999319102,18,0.0,0.0,9.495778525441846e-05,0.1,-0.12218239475797323,3.1649526510354864,1.4141243361976197,-0.03222493584541158,-0.009944862007432234,0.031991271324638734,-0.1544073306033848,3.1550077890280543,1.4461156075222583,False,False,False
1790735231.1363938,TRACK,0.010005177,0.0015850400000090303,0.7451948648470674,0.8500488878622257,0.763087173713914,-0.006038861253098098,0.004788742079166426,0.010702895720904401,0.7451500693117574,0.8493542896800157,0.7637283987828064,-0.005974874531338458,0.005615178223111032,0.009160702269293804,-0.1544063806668577,3.1552666018035813,1.4461208417766762,1,1,0,0.0005014860000756016,18,0.0,0.0,9.490557500614755e-05,0.1,-0.12217420270166404,3.1650831009418483,1.414119281897935,-0.03223217796519366,-0.009816499138266974,0.032001559878741294,-0.1544063806668577,3.1552666018035813,1.4461208417766762,False,False,False
1790735231.1463916,TRACK,0.009997832,0.0018155300001581054,0.7451342179775127,0.8500968299088836,0.7631946853090863,-0.006091414125803129,0.004796755987775033,0.010799200989126186,0.7450900538110365,0.8494104670997925,0.7638205068578922,-0.006030896238265691,0.005622653114416915,0.009265072184629575,-0.15439178094292594,3.155511540755955,1.4461156020894579,1,1,0,0.0005700069998511026,18,0.0,0.0,9.484301123167081e-05,0.1,-0.12216570242039307,3.1652137257980737,1.4141141525972463,-0.03222607852253286,-0.009702185042118778,0.03200144949221154,-0.15439178094292594,3.155511540755955,1.4461156020894579,False,False,False
1790735231.156441,TRACK,0.010049291,0.001654873999996198,0.74507304140245,0.8501448506045923,0.7633031718897252,-0.006144248353535834,0.004804540326562928,0.010896960439295198,0.7450291629218662,0.8494670062659495,0.7639141455671512,-0.006087617503963213,0.0056296250386284625,0.009370979237201298,-0.15440299547629174,3.15581527930135,1.4461389182245667,1,1,0,0.0005130170000029466,18,0.0,0.0,9.480780614220079e-05,0.1,-0.12215683624975134,3.1653452856715463,1.4141089167718706,-0.032246159226540415,-0.009530006370196329,0.032030001452696195,-0.15440299547629174,3.15581527930135,1.4461389182245667,False,False,False
1790735231.166312,TRACK,0.009871542,0.0016718059998765966,0.7450144253447109,0.8501905523249649,0.7634071487398275,-0.006197514521411183,0.004814358590745051,0.010992944943040567,0.744968792075146,0.8495226109474533,0.7640071691179265,-0.006143739492437522,0.005635938683233856,0.009475996318305542,-0.15456219067049837,3.1564427422375,1.4463544415763234,1,1,0,0.0005205319998822233,18,0.0,0.0,9.494278867991647e-05,0.1,-0.12214780697315217,3.1654747651075446,1.414103694526925,-0.0324143836973462,-0.009032022870044575,0.03225074704939851,-0.15456219067049837,3.1564427422375,1.4463544415763234,False,False,False
1790735231.176323,TRACK,0.010010558000000001,0.0016363880001790676,0.744952112689016,0.8502387961890374,0.7635177344617734,-0.006274196558601468,0.004831130576292865,0.01113771802409912,0.7449070032395559,0.8495790596053417,0.7641025663434348,-0.006201063343671774,0.005641793249886883,0.009583494816820573,-0.15438297818204602,3.156507390641428,1.4462063536631606,1,1,0,0.0005125770001086494,18,0.0,0.0,9.460969844703009e-05,0.1,-0.12213832113444043,3.165606307369884,1.4140983179156914,-0.0322446570476056,-0.009098916728456034,0.03210803574746914,-0.15438297818204602,3.156507390641428,1.4462063536631606,False,False,False
1790735231.1863625,TRACK,0.010039542,0.001626899999791931,0.7448890297721755,0.850287144886904,0.7636299187438285,-0.006336951463842748,0.004837347509291561,0.01128428835207479,0.7448444570673122,0.8496357277566222,0.764199325690411,-0.006258972050594153,0.005647103907171525,0.009692325897026205,-0.15431218220166917,3.1565756586225766,1.4460562288587728,1,1,0,0.0005133590000241384,18,0.0,0.0,9.452148842294708e-05,0.1,-0.12212846895682108,3.165738462297481,1.4140928431383812,-0.032183713244848096,-0.009162803674904504,0.03196338572039164,-0.15431218220166917,3.1565756586225766,1.4460562288587728,False,False,False
1790735231.1963708,TRACK,0.010008423,0.001818336000042109,0.7448253694193623,0.8503355495727742,0.763743332409895,-0.006390400378282743,0.004843738767618026,0.011383995761578558,0.7447815239864334,0.8496922704973847,0.764296877788276,-0.006317121496026441,0.005651832373220982,0.009801845155786951,-0.15429975456739306,3.1567696555238913,1.446007665344913,1,1,0,0.0005424830001174996,18,0.0,0.0,9.442604395749551e-05,0.1,-0.12211830374484504,3.1658704281632732,1.4140873021303548,-0.03218145082254802,-0.00910077263938185,0.03192036321455812,-0.15429975456739306,3.1567696555238913,1.446007665344913,False,False,False
1790735231.2063615,TRACK,0.009990599000000001,0.0015752819999761414,0.7447611984275175,0.8503840232616184,0.7638575979396931,-0.0064420769395222045,0.004850933982770771,0.011462017029792385,0.7447181204497909,0.8497487568958688,0.7643953544794736,-0.006375588537286117,0.005655982420729645,0.00991219799861772,-0.15429431251763387,3.157033267686266,1.4460116563925094,1,1,0,0.0004913260002012976,18,0.0,0.0,9.435963256158794e-05,0.1,-0.1221078087005145,3.1660023680845524,1.4140816872691135,-0.032186503817119363,-0.008969100398286755,0.03192996912339587,-0.15429431251763387,3.157033267686266,1.4460116563925094,False,False,False
1790735231.2163923,TRACK,0.010030916,0.0016390639998462575,0.7446965129893988,0.8504325841623785,0.7639725961710795,-0.006495066507904093,0.004858745721574213,0.011537761554920247,0.74465387125555,0.8498055100599421,0.7644953429563637,-0.006434717566879288,0.005659569569721676,0.010024037600485784,-0.1543049888747241,3.157363573532016,1.4460546151249838,1,1,0,0.0004995819999749074,18,0.0,0.0,9.431529710289267e-05,0.1,-0.1220969156744355,3.16613503985386,1.4140759647102494,-0.0322080732002886,-0.008771466321843972,0.03197865041473446,-0.1543049888747241,3.157363573532016,1.4460546151249838,False,False,False
1790735231.226382,TRACK,0.009989887000000001,0.002007206000143924,0.7446312907766677,0.8504812278512732,0.7640883950339967,-0.006551153670859236,0.004868163952027087,0.011623382633547265,0.7445892932390922,0.8498620639358777,0.7645960426536211,-0.006494031744232348,0.0056625581009978575,0.010136464358276583,-0.15428181017125087,3.1576025186646075,1.4460441280559095,1,1,0,0.0006341490000068006,18,0.0,0.0,9.426941257857473e-05,0.1,-0.12208570711733818,3.1662673567188597,1.4140701799794355,-0.03219610305391269,-0.008664838054252064,0.031973948076473975,-0.15428181017125087,3.1576025186646075,1.4460441280559095,False,False,False
1790735231.2363572,TRACK,0.009975019,0.0016362879998723656,0.7445654938170625,0.8505299481424782,0.7642051169005439,-0.006607287646530317,0.004875669987602098,0.01171572601236111,0.7445242179817793,0.8499185605016792,0.7646977183248113,-0.006553685529362378,0.0056649540595934845,0.010249771388457963,-0.1542551974993544,3.157805855375686,1.4460081500174709,1,1,0,0.0005128469999817753,18,0.0,0.0,9.420459108132746e-05,0.1,-0.12207415074372788,3.1663996527082094,1.4140643177494123,-0.03218104675562653,-0.008593797332523447,0.0319438322680586,-0.1542551974993544,3.157805855375686,1.4460081500174709,False,False,False
1790735231.2463713,TRACK,0.010014004,0.0015826759999981732,0.7444991333414164,0.8505787466503181,0.7643227290963575,-0.006663227481152271,0.004882989693089033,0.011801313754556324,0.7444582876906549,0.8499752989269581,0.7648009335422362,-0.006614005267197694,0.0056667615210969306,0.010364581722516813,-0.15425563112751017,3.158079791709356,1.4460166097203122,1,1,0,0.0004979380000804667,18,0.0,0.0,9.413885206493305e-05,0.1,-0.12206217680484317,3.1665326316180873,1.414058345148921,-0.032193454322666994,-0.008452839908731231,0.03195826457139109,-0.15425563112751017,3.158079791709356,1.4460166097203122,False,False,False
1790735231.2563589,TRACK,0.009987523,0.0015755219999391556,0.7444322125248446,0.8506276309595302,0.7644411663421504,-0.006721195828343943,0.004891155814544205,0.011886403051036621,0.7443919279268769,0.8500319023313377,0.7649050262933654,-0.006674600169222667,0.00566796082199782,0.010480154289209063,-0.1542315289358297,3.158329117860551,1.4460137069452872,1,1,0,0.00050049400010721,18,0.0,0.0,9.40726218973606e-05,0.1,-0.12204985680369342,3.166665413230097,1.4140523001421619,-0.03218167213213628,-0.008336295369546127,0.03196140680312542,-0.1542315289358297,3.158329117860551,1.4460137069452872,False,False,False
1790735231.2663589,TRACK,0.010000137000000001,0.001554323000164004,0.744364711964935,0.8506765940833185,0.7645604744732921,-0.0067788857980393335,0.004898685937803427,0.011974632268181927,0.7443248758271664,0.850088586179672,0.7650104123438933,-0.006735709273959492,0.005668551158928791,0.010596946800903052,-0.15422274955394127,3.1585818313738545,1.446012415133658,1,1,0,0.0004963660001067183,18,0.0,0.0,9.403243107980741e-05,0.1,-0.12203713715806165,3.1667985056488095,1.4140461583215873,-0.03218561239587962,-0.008216674274954828,0.03196625681207062,-0.15422274955394127,3.1585818313738545,1.446012415133658,False,False,False
1790735231.2763886,TRACK,0.010030195,0.0017039970000496396,0.7442966304003997,0.8507256331037301,0.7646806714074961,-0.006837661739893648,0.0049063617049570725,0.012064246894650346,0.7442570061119513,0.8501454432333592,0.7651172938118223,-0.006797444761408466,0.005668522839363808,0.010715177466455806,-0.15422876795068421,3.1588670177081206,1.446030176166297,1,1,0,0.0005073460001767671,18,0.0,0.0,9.40033493033274e-05,0.1,-0.1220239869830341,3.1669321304268765,1.4140399074579675,-0.03220478096765012,-0.008065112718755998,0.03199026870832966,-0.15422876795068421,3.1588670177081206,1.446030176166297,False,False,False
1790735231.2863715,TRACK,0.009982504000000001,0.0016079239999271522,0.7442279508706138,0.8507747416166787,0.7648018006153556,-0.006898453378073068,0.004915314777476401,0.012158183692443795,0.7441888420779141,0.8502020265518803,0.7652248499536262,-0.006859329695024504,0.005667870929720356,0.010833934526339083,-0.15420175700318325,3.1590657877497255,1.4460008111808784,1,1,0,0.0005019359998641448,18,0.0,0.0,9.395804297598274e-05,0.1,-0.12201050298909764,3.1670652398326866,1.4140335952947516,-0.0321912540140856,-0.007999452082961258,0.03196721588612679,-0.15420175700318325,3.1590657877497255,1.4460008111808784,False,False,False
1790735231.296402,TRACK,0.010031116000000001,0.0019097500000953005,0.744158644281117,0.8508239298346165,0.7649238887884389,-0.006960655784495742,0.004921625082318789,0.012253698186301223,0.7441197215768677,0.8502588756928275,0.7653341295396471,-0.006921963949592395,0.005666582210000328,0.010954371431274828,-0.15418947979681624,3.159335170131572,1.4460066800711,1,1,0,0.0005895330000385002,18,0.0,0.0,9.38680815536816e-05,0.1,-0.12199654868780294,3.1671991062209313,1.4140271599601837,-0.03219293110901331,-0.007863936089359215,0.03197952011091631,-0.15418947979681624,3.159335170131572,1.4460066800711,False,False,False
1790735231.3064005,TRACK,0.009998003,0.002259325000068202,0.7440887200935764,0.8508731914190317,0.7650469087079363,-0.0070236389650082985,0.004929544817620717,0.012347610819618344,0.7440502018128721,0.8503155211182658,0.7654442560621887,-0.006984841070656365,0.00566465887514595,0.011075517133461376,-0.1541580810777272,3.1595593756559546,1.4459930231938403,1,1,0,0.0006637139999838837,18,0.0,0.0,9.380828945328157e-05,0.1,-0.1219822304437868,3.167332627332806,1.4140206526983161,-0.03217585063394039,-0.007773251676851757,0.03197237049552423,-0.1541580810777272,3.1595593756559546,1.4459930231938403,False,False,False
1790735231.3163712,TRACK,0.009970631,0.0018905630001881946,0.7440181638762349,0.850922519167093,0.7651708947808586,-0.007085633177821337,0.004935943311429606,0.012443602182724181,0.7439802440677178,0.8503719891143945,0.7655552928522559,-0.007047995879848063,0.005662098799268573,0.011197438757156833,-0.15412251759009535,3.159744394433901,1.4459573495275335,1,1,0,0.0005954549999387382,18,0.0,0.0,9.374603920171802e-05,0.1,-0.1219675373469985,3.1674658670232017,1.4140140696410564,-0.03215498024309684,-0.007721472589300455,0.03194327988647725,-0.15412251759009535,3.159744394433901,1.4459573495275335,False,False,False
1790735231.3263838,TRACK,0.010012751,0.0016654940000080387,0.7439469920127495,0.8509719132470366,0.7652958059581634,-0.007146420428006909,0.004941954168260913,0.012532877983498442,0.743909354831818,0.8504286667126363,0.7656680276527794,-0.007111872357000649,0.005658875857624521,0.011320996148963827,-0.1541251965151459,3.160003541819913,1.4459704975065997,1,1,0,0.0005227059998560435,18,0.0,0.0,9.371739727209415e-05,0.1,-0.12195235958294333,3.167599741992175,1.41400736370829,-0.03217283693220256,-0.007596200172261786,0.03196313379830982,-0.1541251965151459,3.160003541819913,1.4459704975065997,False,False,False
1790735231.3363652,TRACK,0.009980891,0.0015846900000724418,0.7438752120677501,0.8510213739040555,0.765421592352495,-0.007209237948496023,0.004949053568309132,0.012622545909926522,0.7438380523534759,0.8504851285720663,0.7657816406041028,-0.0071760020578385385,0.005655006011735557,0.011445285740383504,-0.15410143849790126,3.1602188447817303,1.4459631418763246,1,1,0,0.0004906350000055681,18,0.0,0.0,9.367315955518299e-05,0.1,-0.12193680211901378,3.1677332509894156,1.4140005833034532,-0.032164636378887466,-0.007514406207685164,0.03196255857287133,-0.15410143849790126,3.1602188447817303,1.4459631418763246,False,False,False
1790735231.346367,TRACK,0.01000173,0.00161942599993381,0.7438027976698054,0.8510709044997853,0.765548293337238,-0.007272733708615988,0.00495489780056291,0.012715897367366828,0.743765956629402,0.8505416662542851,0.7658967408397651,-0.0072407256603042,0.0056504630347632215,0.011570969571595638,-0.15408848361349564,3.160450432469799,1.445964491554466,1,1,0,0.0005077870000604889,18,0.0,0.0,9.363853795522556e-05,0.1,-0.12192077692097021,3.1678670864618996,1.4139936917737663,-0.03216770669252544,-0.007416653992100666,0.03197079978069964,-0.15408848361349564,3.160450432469799,1.445964491554466,False,False,False
1790735231.356396,TRACK,0.010031106000000001,0.002084592999835877,0.7437297463006702,0.8511204955628688,0.7656759335992538,-0.007337090911346744,0.004960980364736526,0.012811028677985458,0.7436929966213592,0.8505983209753673,0.7660134474837138,-0.00730610473495426,0.00564523109396498,0.011698171194222926,-0.15409272557620152,3.1607088179402063,1.4459839432881496,1,1,0,0.0005395690000113973,18,0.0,0.0,9.363589609732436e-05,0.1,-0.12190426032977408,3.1680013504164064,1.413986681477716,-0.03218846524642744,-0.007292532476199978,0.031997261810433525,-0.15409272557620152,3.1607088179402063,1.4459839432881496,False,False,False
1790735231.3663676,TRACK,0.009969719,0.0016574890000811138,0.7436560402983003,0.8511701410720809,0.765804564036948,-0.007403748350343696,0.004968169887616943,0.012911490038668996,0.7436198309690024,0.8506545736097267,0.7661307099315334,-0.00737154834060689,0.0056393538587862346,0.011825741846348305,-0.1540504792287654,3.160856178842014,1.4459423691527882,1,1,0,0.0005090599997856771,18,0.0,0.0,9.359239148702751e-05,0.1,-0.12188739721127112,3.168134815222831,1.4139796152858954,-0.0321630820174943,-0.007278636380816939,0.031962753866892755,-0.1540504792287654,3.160856178842014,1.4459423691527882,False,False,False
1790735231.376373,TRACK,0.010005558000000001,0.0019044800001211115,0.7435816543264524,0.8512198490531544,0.7659342051881666,-0.0074704389944028945,0.004972251537674881,0.013011148208955653,0.7435457439861671,0.8507109661284304,0.7662496784014315,-0.007437695764782103,0.00563276968687907,0.011954928901617878,-0.15402759800033744,3.1610644420846326,1.4459347110936454,1,1,0,0.0005892029998904036,18,0.0,0.0,9.352436854257636e-05,0.1,-0.12187001805781426,3.1682687695765357,1.4139724236236861,-0.03215757994252318,-0.007204327491903204,0.031962287469959307,-0.15402759800033744,3.1610644420846326,1.4459347110936454,False,False,False
1790735231.386373,TRACK,0.010000087000000001,0.0020481330000166054,0.7435066115168683,0.8512695997117996,0.7660648161551151,-0.007536491381008183,0.004977272682945864,0.01310672213552942,0.7434710338571678,0.8507672585256668,0.7663698791763618,-0.007504278906595767,0.005625495693832783,0.012085211969551415,-0.1540111553405392,3.161274874782065,1.445936411201347,1,1,0,0.0006615800000417948,18,0.0,0.0,9.351432906387036e-05,0.1,-0.12185218571337779,3.1684026475464897,1.4139651346725475,-0.03215896962716141,-0.007127772764424418,0.0319712765287997,-0.1540111553405392,3.161274874782065,1.445936411201347,False,False,False
1790735231.3963735,TRACK,0.010000518,0.0019332950000716664,0.7434309027516219,0.8513193959069181,0.7661963982337916,-0.007603343847347983,0.004982125582514358,0.013204690717341854,0.7433956522569071,0.8508234771082888,0.7664913939226075,-0.00757133958606312,0.005617521145660268,0.012216674790546039,-0.15399499030735428,3.1614723993142895,1.4459336973050478,1,1,0,0.0006143399998563837,18,0.0,0.0,9.350350745466544e-05,0.1,-0.12183388310369751,3.1685365150868314,1.4139577431400392,-0.032161107203656766,-0.00706411577254174,0.03197595416500871,-0.15399499030735428,3.1614723993142895,1.4459336973050478,False,False,False
1790735231.406374,TRACK,0.010000327,0.0019179040000381065,0.7433545160783046,0.8513692440177278,0.7663289671588727,-0.007672195283449069,0.004986717051302081,0.01330521700070174,0.7433195990885946,0.8508796113394729,0.7666142269098102,-0.007638876537529206,0.005608839535071152,0.012349316970582221,-0.15396797616210176,3.16165594327598,1.445925269462504,1,1,0,0.0005995129999973869,18,0.0,0.0,9.346467377589104e-05,0.1,-0.1218151043931655,3.1686703506762024,1.4139502484040622,-0.03215287176893626,-0.007014407400222458,0.03197502105844173,-0.15396797616210176,3.16165594327598,1.445925269462504,False,False,False
1790735231.416344,TRACK,0.009970000000000001,0.0020102409998798976,0.743277440203653,0.8514191341617652,0.7664625515128938,-0.007740818978856269,0.0049905796362604855,0.01340715927309868,0.7432431018526288,0.8509354853716496,0.7667380137336974,-0.007706686935556714,0.005599473304880004,0.012482741096288306,-0.1539268329583096,3.161793309517372,1.445893693203484,1,1,0,0.0006269450000218058,18,0.0,0.0,9.343435060967312e-05,0.1,-0.12179590137315506,3.168803737879759,1.4139426724391266,-0.03213093158515455,-0.007010428362386965,0.031951020764357484,-0.1539268329583096,3.161793309517372,1.445893693203484,False,False,False
1790735231.4263637,TRACK,0.010019634000000001,0.0016375410000364354,0.7431996813393136,0.8514690561557599,0.7665971455165135,-0.0078079215168336815,0.004993319900753048,0.013505346971715682,0.7431655402428073,0.8509915398774571,0.7668637629888809,-0.007775318930172054,0.005589338256011269,0.01261802846476664,-0.1539329887342682,3.1620067075763147,1.4459122449854431,1,1,0,0.0005224760000146489,18,0.0,0.0,9.346364366194689e-05,0.1,-0.1217761115505762,3.1689377328823527,1.4139349530803507,-0.03215687718369198,-0.006931025306038065,0.031977291905092534,-0.1539329887342682,3.1620067075763147,1.4459122449854431,False,False,False
1790735231.4363637,TRACK,0.009999847000000001,0.0015980150001269067,0.743121245196563,0.8515190189474993,0.7667327048059986,-0.00787848125259625,0.004997339149983526,0.013605758055480229,0.7430874437390274,0.8510473787958996,0.7669906214571821,-0.007844302084139722,0.005578494358674516,0.012754254873522105,-0.15390754241890353,3.1621785819500112,1.445911710559846,1,1,0,0.0005039000000124361,18,0.0,0.0,9.344619429156183e-05,0.1,-0.12175586270596081,3.1690713934414996,1.4139271422258506,-0.03215167971294271,-0.006892811491488353,0.031984568333995336,-0.15390754241890353,3.1621785819500112,1.445911710559846,False,False,False
1790735231.4463632,TRACK,0.009999687,0.0015905810000731435,0.7430420968277458,0.8515690163983605,0.766869305060645,-0.007949650042590626,0.005000327182817028,0.013711891382437053,0.7430086562372464,0.8511031047163461,0.7671188461634958,-0.00791377326186002,0.00556691547319484,0.0128916918775327,-0.1538803859377282,3.1623257198146866,1.4458978543802303,1,1,0,0.0005036489999383775,18,0.0,0.0,9.345211481975521e-05,0.1,-0.12173510938890965,3.1692049683628247,1.4139192237394702,-0.03214527654881857,-0.006879248548138266,0.03197863064076011,-0.1538803859377282,3.1623257198146866,1.4458978543802303,False,False,False
1790735231.4563632,TRACK,0.009999916000000001,0.0015921639999305626,0.7429622336392745,0.851619037932573,0.7670069752682602,-0.00802083681464915,0.005002621380262526,0.013818274724286957,0.7429291697594052,0.8511587124185545,0.767248454276879,-0.007983738102496495,0.005554594096720467,0.013030352627942455,-0.1538577028477916,3.1624663757767686,1.4458851025483723,1,1,0,0.0005058839999492193,18,0.0,0.0,9.345857651162464e-05,0.1,-0.12171384353456464,3.1693384489712453,1.4139111961761275,-0.03214385931322697,-0.006872073194476519,0.03197390637224474,-0.1538577028477916,3.1624663757767686,1.4458851025483723,False,False,False
1790735231.4663622,TRACK,0.009998885,0.0016919150000376248,0.7428816550563164,0.8516690799033251,0.7671457049085992,-0.008092754330355037,0.005004554577897705,0.013923786337889705,0.7428489894702947,0.8512141874541793,0.7673794415431235,-0.008054190670774135,0.0055415248145936815,0.013170227306710709,-0.15383230247237784,3.1626044650415173,1.445876272298024,1,1,0,0.0004969770000116114,18,0.0,0.0,9.346274780858561e-05,0.1,-0.12169206057332826,3.1694718044552674,1.4139030594127713,-0.03214024189904958,-0.006867339413750002,0.031973212885252726,-0.15383230247237784,3.1626044650415173,1.445876272298024,False,False,False
1790735231.4763637,TRACK,0.01000151,0.001578017000156251,0.7428003543362189,0.8517191378641424,0.7672854916327054,-0.008165022146720251,0.005005927968515302,0.014029729131639149,0.7427680809189565,0.8512695425470479,0.767511868515156,-0.00812515979453691,0.00552769559704348,0.013311375163830198,-0.1538095324189743,3.1627409697461464,1.4458714895245055,1,1,0,0.0005013859999962733,18,0.0,0.0,9.348124230245289e-05,0.1,-0.12166974504276497,3.1696050694014395,1.4138948092878398,-0.03213978737620933,-0.00686409965529312,0.03197668023666576,-0.1538095324189743,3.1627409697461464,1.4458714895245055,False,False,False
1790735231.4863622,TRACK,0.009998634000000001,0.001572957000007591,0.7427183266413921,0.8517692080441526,0.7674263433550319,-0.008238277094211828,0.005007023496324966,0.014137000237674894,0.7426864836393715,0.8513247396580573,0.7676456747025422,-0.008196609377262326,0.005513106996911037,0.013453726337398986,-0.1537815912273387,3.162862822177919,1.4458631276784708,1,1,0,0.0005008440000437986,18,0.0,0.0,9.349626249692857e-05,0.1,-0.12164690180568574,3.169738156237223,1.4138864491713905,-0.032134689421652964,-0.0068753340593036595,0.03197667850708034,-0.1537815912273387,3.162862822177919,1.4458631276784708,False,False,False
1790735231.4963624,TRACK,0.009999997,0.0015706430001500848,0.74263556304627,0.8518192849129749,0.7675682775220976,-0.008311781430289723,0.005007439394226976,0.014245650853057427,0.7426041581755248,0.8513797945511505,0.7677809289907626,-0.008268572561829541,0.005497745907695639,0.013597348723350616,-0.15375638051125926,3.1629770357120632,1.4458551506194146,1,1,0,0.0005006139999750303,18,0.0,0.0,9.352751004965549e-05,0.1,-0.12162351380699064,3.1698711069994454,1.413877974360401,-0.03213286670426861,-0.006894071287382292,0.03197717625901355,-0.15375638051125926,3.1629770357120632,1.4458551506194146,False,False,False
1790735231.506364,TRACK,0.01000168,0.00158341700011988,0.7425520605515059,0.8518693635300698,0.7677113025733986,-0.008386083109402021,0.0050074843543783075,0.014355082700135165,0.7425210965112846,0.8514347011988624,0.7679176488895766,-0.008341054505317925,0.005481611557888978,0.013742244653450524,-0.15373075208804488,3.1630836405661724,1.4458483542168017,1,1,0,0.0004921280001326522,18,0.0,0.0,9.355779205283827e-05,0.1,-0.12159952711192733,3.1700040045265236,1.4138693925311472,-0.032131224976117555,-0.006920363960351358,0.03197896168565451,-0.15373075208804488,3.1630836405661724,1.4458483542168017,False,False,False
1790735231.5164049,TRACK,0.010041707,0.0017609970000194153,0.7424720414569164,0.851916935650677,0.7678481969793545,-0.00845703255951324,0.005007212990761015,0.014459959522034153,0.7424369705669783,0.851489661373925,0.768056380123798,-0.008414338792144526,0.005464639771221109,0.013888970964370993,-0.1540967380005137,3.1638655435188316,1.4462550510551857,1,1,0,0.0005242790000465902,18,0.0,0.0,9.42085313797407e-05,0.1,-0.1215748791862139,3.1701372596624946,1.4138606606443178,-0.032521858814299816,-0.006271716143662987,0.03239439041086796,-0.1540967380005137,3.1638655435188316,1.4462550510551857,False,False,False
1790735231.5264244,TRACK,0.010019103000000001,0.0016155989999333542,0.7423826955595088,0.8519696075105543,0.7680008675417014,-0.008578494682754047,0.005022871784595954,0.014649308968898675,0.7423522979976825,0.8515443240857163,0.7681962737733794,-0.008487972654360975,0.00544692784436557,0.01403662272859338,-0.15340573938366808,3.163028921235334,1.445652496560708,1,1,0,0.0005046820001552987,18,0.0,0.0,9.307745947230266e-05,0.1,-0.1215497177851194,3.1702700197867357,1.4138518309981232,-0.03185602159854867,-0.007241098551401768,0.03180066556258486,-0.15340573938366808,3.163028921235334,1.445652496560708,False,False,False
1790735231.536374,TRACK,0.009949521000000001,0.0018865849999656348,0.7422965026104729,0.8520196967575497,0.7681482935273038,-0.008631022581380848,0.005003782607005821,0.014778249664699159,0.7422674808476586,0.8515984276919474,0.7683366660522037,-0.008561606701023588,0.005428563043328708,0.014184497259968686,-0.15347730981722732,3.162953996239537,1.4455384689733872,1,1,0,0.0005962759998965339,18,0.0,0.0,9.357443021133991e-05,0.1,-0.12152416108120967,3.170401650632818,1.4138429453946073,-0.03195314873601764,-0.007447654393280937,0.03169552357878001,-0.15347730981722732,3.162953996239537,1.4455384689733872,False,False,False
1790735231.546397,TRACK,0.010023421000000001,0.001901573999930406,0.7422098883781745,0.8520696648815926,0.7682963479780289,-0.00868491548512205,0.004997290883061431,0.0148144808711059,0.742181290323308,0.8516527444547325,0.7684795951238921,-0.008636306118837374,0.005409273481895557,0.014334734823116547,-0.15362900707051286,3.1633400527435227,1.445758069864943,1,1,0,0.0005152310000084981,18,0.0,0.0,9.369380533836257e-05,0.1,-0.12149783240104567,3.170534035625795,1.4138338743821337,-0.03213117466946719,-0.007193982882272536,0.03192419548280935,-0.15362900707051286,3.1633400527435227,1.445758069864943,False,False,False
1790735231.5563676,TRACK,0.00997017,0.001874692999990657,0.7421226980688322,0.8521196506154487,0.7684447621716837,-0.008758430353271436,0.004999165493622257,0.014883127826082166,0.7420948123217317,0.8517065768946337,0.7686232650950492,-0.008711127884255368,0.005389294917963374,0.014485440403500149,-0.15360793655036115,3.163529043998498,1.4458578110124034,1,1,0,0.0005367829999158857,18,0.0,0.0,9.37910802148719e-05,0.1,-0.12147105617529928,3.1706654799938776,1.4138247314201282,-0.03213688037506185,-0.007136435995379569,0.032033079592275124,-0.15360793655036115,3.163529043998498,1.4458578110124034,False,False,False
1790735231.5663922,TRACK,0.010024274000000001,0.002038986000115983,0.7420347154024745,0.8521696331445332,0.7685941848778626,-0.008837947355849286,0.004996404835873094,0.01500485128844139,0.7420071103464473,0.8517604966381183,0.7687692359153804,-0.008786880713446642,0.005368405574000024,0.014638243849748751,-0.15358684652010895,3.163604331386166,1.4458660074110543,1,1,0,0.0005351400000108697,18,0.0,0.0,9.392413064883629e-05,0.1,-0.12144353613089004,3.170797384079505,1.413815416781529,-0.0321433103892189,-0.00719305269333914,0.03205059062952524,-0.15358684652010895,3.163604331386166,1.4458660074110543,False,False,False
1790735231.576363,TRACK,0.009971051,0.001605569999810541,0.7419459110227811,0.852219583715403,0.7687449396248418,-0.0089202006114604,0.004993496885780739,0.015141005017504504,0.7419191180661043,0.8518139183504039,0.7689159576707719,-0.008862756595004413,0.005346822492954311,0.014791516193635347,-0.15351321502656687,3.1635278727306573,1.4457849473899052,1,1,0,0.0005019870000069204,18,0.0,0.0,9.395231036257967e-05,0.1,-0.12141555895368727,3.1709283205995815,1.4138060289118588,-0.032097656072879586,-0.007400447868924067,0.03197891847804645,-0.15351321502656687,3.1635278727306573,1.4457849473899052,False,False,False
1790735231.5863805,TRACK,0.01001718,0.0016183539999019558,0.7418562864145377,0.8522694857827346,0.7688970336106875,-0.008998403253908882,0.004987954622015616,0.01526568894730505,0.7418299542367217,0.8518673664370242,0.7690649035703931,-0.008939514006015644,0.005324324934971068,0.014946790194092296,-0.153503822001814,3.163547279295471,1.445772489292795,1,1,0,0.0005119249999552267,18,0.0,0.0,9.407465285491724e-05,0.1,-0.12138683853289259,3.1710595792920255,1.413796473113147,-0.032116983468921424,-0.0075122999965545265,0.031976016179648035,-0.153503822001814,3.163547279295471,1.445772489292795,False,False,False
1790735231.5964017,TRACK,0.010021408,0.001617944000145144,0.7417658801713225,0.8523193356846477,0.7690503130336772,-0.009078547650195152,0.004982959920305839,0.01538318579265082,0.7417399807155955,0.8519206074572743,0.7692154752525727,-0.009016838903428899,0.00530099429565332,0.015103433029402565,-0.15348858551796418,3.163589375610205,1.4457852272505105,1,1,0,0.0004983999999694788,18,0.0,0.0,9.414985354155962e-05,0.1,-0.1213574823000176,3.1711905935977374,1.4137867871123064,-0.03213110321794657,-0.007601217987532063,0.03199844013820403,-0.15348858551796418,3.163589375610205,1.4457852272505105,False,False,False
1790735231.606363,TRACK,0.009961072000000001,0.0016110900000967376,0.7416746623935575,0.8523691382732261,0.7692047854825192,-0.009161329149056758,0.004977833500338569,0.015506446693465162,0.7416497783194664,0.8519732921291331,0.7693667024950329,-0.009094231629747936,0.005276981288893137,0.015260431430986194,-0.15340423430057148,3.163533165301604,1.4457409272230364,1,1,0,0.0005056640000020707,18,0.0,0.0,9.418539112344623e-05,0.1,-0.12132767655806241,3.1713205065955563,1.4137770330643686,-0.03207655774250908,-0.007787341293952408,0.03196389415866783,-0.15340423430057148,3.163533165301604,1.4457409272230364,False,False,False
1790735231.6163692,TRACK,0.01000635,0.0015897389998826839,0.741582625833975,0.852418871453926,0.769360501464341,-0.009239354656226833,0.004970195544858935,0.015626562862818147,0.7415583870428287,0.852025971296936,0.7695201982323089,-0.009172514563113144,0.005252026659847804,0.015419453908972229,-0.1533962013281829,3.1635350662584436,1.445742810054986,1,1,0,0.0004951339999479387,18,0.0,0.0,9.434369243980847e-05,0.1,-0.12129709856554609,3.1714506808806426,1.4137671065137751,-0.03209910276263681,-0.0079156146221991,0.03197570354121099,-0.1533962013281829,3.1635350662584436,1.445742810054986,False,False,False
1790735231.6263633,TRACK,0.009994075,0.001726420000068174,0.7414991251534149,0.8524635697355398,0.7695016509800885,-0.009312006050314991,0.004963756754851535,0.01573366403621835,0.7414663232868268,0.8520783324061459,0.7696751005631606,-0.009251243135575645,0.00522626330516198,0.015579599143182354,-0.15417846784980102,3.164815799979498,1.4465449058681334,1,1,0,0.0005187689998820133,18,0.0,0.0,9.583668310144365e-05,0.1,-0.12126591284858182,3.1715803504495033,1.4137570625844016,-0.0329125550012192,-0.006764550470005026,0.03278784328373177,-0.15417846784980102,3.164815799979498,1.4465449058681334,False,False,False
1790735231.636395,TRACK,0.010031787,0.0015974350001215498,0.7413958991334644,0.8525183376625183,0.7696759470216739,-0.009492161443364363,0.004983652982912483,0.01602539802230076,0.7413731181157787,0.8521306279031504,0.7698322036458364,-0.009330816243159007,0.00519955259840667,0.015741680033988018,-0.15267304505065216,3.1629121539834384,1.4452965630145354,1,1,0,0.0005056840000179363,18,0.0,0.0,9.309365252085748e-05,0.1,-0.12123395264441233,3.1717101466462667,1.4137468491855247,-0.03143909240623981,-0.00879799266282838,0.031549713829010693,-0.15267304505065216,3.1629121539834384,1.4452965630145354,False,False,False
1790735231.646398,TRACK,0.010003124,0.0015793899999607675,0.7413005612531487,0.8525679015047176,0.7698374245733559,-0.009515468832464636,0.004943894702143741,0.016157934584133553,0.741279381662797,0.8521825028986304,0.769990483527539,-0.009410711183985242,0.005172063581106159,0.015904632817396975,-0.1530062274177755,3.162747089427601,1.4452142311051739,1,1,0,0.000511034000055588,18,0.0,0.0,9.463621073320453e-05,0.1,-0.12120142017379852,3.1718391942002517,1.413736532346453,-0.031804807243976975,-0.009092104772650968,0.03147769875872088,-0.1530062274177755,3.162747089427601,1.4452142311051739,False,False,False
1790735231.6563687,TRACK,0.00997056,0.0015782380000928242,0.7412051570684968,0.8526171962177225,0.7699989554761579,-0.009558492790325519,0.00492892999874372,0.016129390600282626,0.7411851523209839,0.852233931121034,0.7701498768823055,-0.009490894801443637,0.005143808318529529,0.01606838848135517,-0.1532470943667371,3.1632295343618546,1.4456077496495394,1,1,0,0.0005011250000279688,18,0.0,0.0,9.4638524323196e-05,0.1,-0.12116832585263416,3.1719674302484133,1.4137261159330483,-0.03207876851410296,-0.00873789588655883,0.03188163371649114,-0.1532470943667371,3.1632295343618546,1.4456077496495394,False,False,False
1790735231.6663158,TRACK,0.009947337,0.001565914999900997,0.7411092400344623,0.8526664812721281,0.7701603693119354,-0.009633794024018033,0.004924523283572696,0.01618247927549923,0.741090343039483,0.8522849545573878,0.7703105326513625,-0.009571440633525037,0.005114761078293723,0.016233095969330744,-0.15323382545010178,3.163392439969408,1.4457838288233298,1,1,0,0.0004971480000222073,18,0.0,0.0,9.492584832651655e-05,0.1,-0.12113463592708155,3.172094962211816,1.4137155899268425,-0.03209918952302023,-0.008702522242408028,0.03206823889648728,-0.15323382545010178,3.163392439969408,1.4457838288233298,False,False,False
1790735231.6763892,TRACK,0.010073066,0.0016090870001335134,0.7410124868774277,0.8527157024814436,0.7703228287849306,-0.009717821739170579,0.004916566983433212,0.016318709220628762,0.7409935161331349,0.8523363240521716,0.7704748954524685,-0.009653566380113106,0.005084467036242535,0.016401249129175625,-0.15328041499729786,3.1633941072133065,1.445837663740288,1,1,0,0.0005160130001513608,18,0.0,0.0,9.534397448140269e-05,0.1,-0.12109982691023385,3.1722236770214205,1.413704793216254,-0.032180588087064,-0.008829569808114222,0.032132870524033956,-0.15328041499729786,3.1633941072133065,1.445837663740288,False,False,False
1790735231.6863453,TRACK,0.009956214000000001,0.001574399999981324,0.7409148252657962,0.852764832479064,0.7704868625933168,-0.009813269327398452,0.0049086561177230795,0.01648562961607664,0.7408969967533391,0.8523867933996009,0.7706390227989188,-0.009735298072448384,0.00505364809882006,0.016568806996454383,-0.15315173966362144,3.163094012911011,1.4456988951131038,1,1,0,0.0005050429999755579,18,0.0,0.0,9.533805316751035e-05,0.1,-0.1210647276296345,3.1723504579987014,1.4136939842125642,-0.032087012033986964,-0.009256445087690617,0.03200491090053954,-0.15315173966362144,3.163094012911011,1.4456988951131038,False,False,False
1790735231.696363,TRACK,0.01001749,0.0015876859999934823,0.7408162070969864,0.8528138344028013,0.77065257110403,-0.009899991443583896,0.004894704641766115,0.016636422901508366,0.7407990592598432,0.8524372592624455,0.7708058507752481,-0.009818096382363983,0.005021753708304136,0.016738762766372383,-0.15312710043829691,3.1629356634094634,1.4456574311132002,1,1,0,0.0005055130000073405,18,0.0,0.0,9.55578416538483e-05,0.1,-0.12102870728995285,3.1724775604855155,1.413682969245009,-0.03209839314834405,-0.009541897076052278,0.031974461868191216,-0.15312710043829691,3.1629356634094634,1.4456574311132002,False,False,False
1790735231.7063808,TRACK,0.010017961,0.0016537819999484782,0.7407167307390514,0.8528626971595363,0.7708196587323801,-0.009987637063356421,0.004881469365776204,0.016768198683791372,0.7407002848270735,0.8524874034959411,0.7709743961408085,-0.00990146703647769,0.0049889627487551364,0.01691010420949634,-0.15310073924622924,3.1628342669706195,1.4456692519181282,1,1,0,0.0005039499999384134,18,0.0,0.0,9.567544140544546e-05,0.1,-0.120991969293151,3.17260419198542,1.4136718124293848,-0.032108769953078264,-0.009769925014800757,0.03199743948874338,-0.15310073924622924,3.1628342669706195,1.4456692519181282,False,False,False
1790735231.716401,TRACK,0.010020125000000001,0.0015696709999701852,0.740616374496704,0.8529114317579038,0.7709880597582739,-0.010077068104177925,0.004868035705948413,0.01690356543130005,0.7406006507215387,0.8525372254433685,0.7711447018945837,-0.009985427447943366,0.0049552628023688565,0.01708286755548708,-0.15305515346437507,3.1627385628618927,1.4456876206646174,1,1,0,0.0004983290000382112,18,0.0,0.0,9.589952245150427e-05,0.1,-0.12095449835522569,3.172730356788777,1.4136605103533304,-0.032100655109149376,-0.009991793926883968,0.032027110311286945,-0.15305515346437507,3.1627385628618927,1.4456876206646174,False,False,False
1790735231.7263136,TRACK,0.009912571,0.0016322599999512022,0.7405202024116635,0.8529576041654421,0.7711493351027636,-0.010163033433233718,0.004854441897231887,0.017041262540586816,0.7405012554602332,0.8525861759105289,0.7713148897649604,-0.010069052326453077,0.0049210306637913126,0.017255145894296806,-0.1533701147315092,3.163093027785287,1.4460031607921533,1,1,0,0.0005010049999327748,18,0.0,0.0,9.673859503106334e-05,0.1,-0.12091670749094477,3.1728546644692135,1.4136491875608548,-0.03245340724056442,-0.009761636683926581,0.032353973231298454,-0.1533701147315092,3.163093027785287,1.4460031607921533,False,False,False
1790735231.73632,TRACK,0.010006719,0.0016088160000435892,0.7404128350456398,0.8530085730270258,0.771329318245221,-0.010296893898253603,0.004850720873746701,0.017260552845937523,0.7404000725150636,0.8526352425985088,0.7714884330979179,-0.010154045206021395,0.004885565152072206,0.01743044859530551,-0.15256598689901732,3.161979880393757,1.4453604417439332,1,1,0,0.0005080179998913081,18,0.0,0.0,9.53913388329418e-05,0.1,-0.12087782038199624,3.172979628488384,1.413637612459695,-0.03168816651702109,-0.0109997480946273,0.03172282928423816,-0.15256598689901732,3.161979880393757,1.4453604417439332,False,False,False
1790735231.7463055,TRACK,0.009985019000000001,0.00157117499998094,0.7403094220986572,0.8530568619634318,0.7715028829736994,-0.010349685926883994,0.004817955993791849,0.017387885753126595,0.7402982583706011,0.852683844572339,0.7716633555702451,-0.010239431439953156,0.004849260547746083,0.01760676785712732,-0.15273902818340188,3.1617829391212573,1.4453518369968827,1,1,0,0.0005018459999064362,18,0.0,0.0,9.64063336552981e-05,0.1,-0.12083827033714578,3.1731037793207575,1.41362591598321,-0.0319007578462561,-0.011320840199500413,0.031725921013672644,-0.15273902818340188,3.1617829391212573,1.4453518369968827,False,False,False
1790735231.756369,TRACK,0.010063708000000001,0.0017625590000989177,0.7402055563711256,0.8531048948345941,0.7716771017995905,-0.010415270006147139,0.0047986765563253165,0.017441400039758654,0.740194776227271,0.852732458091547,0.7718414450856459,-0.010326077590382924,0.004811737458716707,0.017785895047945387,-0.15294134340932752,3.161999924638477,1.4456451614103698,1,1,0,0.0005018570000174805,18,0.0,0.0,9.675766845468337e-05,0.1,-0.1207976442351069,3.173228343007074,1.4136139777416843,-0.03214369917422063,-0.01122841836859647,0.03203118366868548,-0.15294134340932752,3.161999924638477,1.4456451614103698,False,False,False
1790735231.766374,TRACK,0.010005127,0.0019083460001638741,0.7401009486220405,0.8531528248964033,0.7718520405052676,-0.01050971954607831,0.004786478013562671,0.017562125173662124,0.7400910291313444,0.8527804096221777,0.7720202920162141,-0.010412806678386458,0.004773498423559679,0.01796539772395378,-0.1528803670076482,3.1618905201393557,1.4457168771447853,1,1,0,0.0005330959997991158,18,0.0,0.0,9.69797545682865e-05,0.1,-0.12075648484050934,3.1733516012356078,1.41360195858155,-0.032123882167138865,-0.011461081096252091,0.03211491856323516,-0.1528803670076482,3.1618905201393557,1.4457168771447853,False,False,False
1790735231.7763662,TRACK,0.009992182,0.0016654130001825251,0.7400059441683586,0.8531958397213195,0.7720107975739197,-0.010598028619920596,0.004770598713242376,0.017717284510232804,0.7399865472807733,0.8528279125927261,0.7722007070925724,-0.010500011124458516,0.004734372580204729,0.018146086024084133,-0.15373803143997083,3.162888027515997,1.4464944811158698,1,1,0,0.000510322000081942,18,0.0,0.0,9.903132636129194e-05,0.1,-0.12071460355018393,3.1734741048321875,1.4135898037387806,-0.03302342788978692,-0.010586077316190415,0.03290467737708908,-0.15373803143997083,3.162888027515997,1.4464944811158698,False,False,False
1790735231.7863657,TRACK,0.009999977,0.0020245379998868884,0.7398991910113919,0.8532436382538116,0.7721893028579272,-0.01078654018440281,0.004783717677372323,0.018037773401094727,0.739881108588681,0.8528750565012393,0.7723830776145663,-0.010587874593090308,0.004694273011520946,0.018328340424966977,-0.15298528692474583,3.1619097243205316,1.4459534250369026,1,1,0,0.0005488760000389448,18,0.0,0.0,9.760843590677638e-05,0.1,-0.12067190488149783,3.1735960908279788,1.4135774865367332,-0.032313382043248004,-0.011686366507446979,0.032375938500169295,-0.15298528692474583,3.1619097243205316,1.4459534250369026,False,False,False
1790735231.7963421,TRACK,0.009975891,0.0016041270000641816,0.7397849303918624,0.8532936905410988,0.7723809902849794,-0.010946160407516213,0.0047400694459883395,0.0184242468172119,0.7397750454423786,0.8529216825916364,0.772566831956654,-0.01067611862961693,0.0046533234678728655,0.01851158287988915,-0.1517990249985398,3.1601736751803564,1.4448264865859088,1,1,0,0.0004997229998480179,18,0.0,0.0,9.586144796024654e-05,0.1,-0.12062851770595596,3.173717154064371,1.4135650450441162,-0.03117050729258385,-0.013543478884014633,0.03126144154179265,-0.1517990249985398,3.1601736751803564,1.4448264865859088,False,False,False
1790735231.8064187,TRACK,0.010076563,0.0016712250001091888,0.7396752188149014,0.8533408335361496,0.7725658281299586,-0.010944777008475,0.004702338029899524,0.018444983195082625,0.739667015244939,0.8529683596512139,0.7727543037254468,-0.010765856812787541,0.004610994410995276,0.018698128055159947,-0.1524407520062675,3.1602258452692507,1.445108089705005,1,1,0,0.0005313330000262795,18,0.0,0.0,9.801397537993022e-05,0.1,-0.12058388089883712,3.1738387831102077,1.4135523202749953,-0.031856871107430386,-0.013612937840957073,0.031555769430009616,-0.1524407520062675,3.1602258452692507,1.445108089705005,False,False,False
1790735231.8163629,TRACK,0.009944290000000001,0.00160313500009579,0.7395655113960684,0.8533877104646814,0.77275008354927,-0.011002033542192579,0.004681928256332189,0.018418709443589282,0.7395595136292137,0.8530140010394165,0.7729411646535027,-0.010855014903431316,0.004568262540194922,0.01888366310189936,-0.15259705653064423,3.1604633695081144,1.4455047339967277,1,1,0,0.0005016360000809073,18,0.0,0.0,9.7991637026262e-05,0.1,-0.12053902086920318,3.1739581512791126,1.4135396055305363,-0.03205803566144105,-0.013494781770998356,0.031965128466191414,-0.15259705653064423,3.1604633695081144,1.4455047339967277,False,False,False
1790735231.8264134,TRACK,0.010050674,0.0016153090000443626,0.7394550950709453,0.8534344646183127,0.7729346193017266,-0.011087863188685631,0.004665278780341479,0.018515570478009218,0.7394499580339634,0.8530596940461438,0.7731319066450532,-0.010945733461316973,0.004524099622338889,0.01907264160345646,-0.15264270959321546,3.1603943256028857,1.4456789268621537,1,1,0,0.000507457000139766,18,0.0,0.0,9.866006707058632e-05,0.1,-0.12049285470606524,3.174078107588394,1.413526594640098,-0.03214985488715021,-0.013683781985508238,0.032152332222055637,-0.15264270959321546,3.1603943256028857,1.4456789268621537,False,False,False
1790735231.8363752,TRACK,0.009961554000000001,0.0020236359998762055,0.7393437017722819,0.8534810223226224,0.7731206498823902,-0.01118998719571376,0.00464568939634392,0.018695066523061483,0.7393404711649463,0.853104539056359,0.7733228387427045,-0.011036252529483665,0.004479355845408961,0.01926139771110056,-0.15249387531144737,3.159883561398857,1.4455482659266363,1,1,0,0.0005506689999492664,18,0.0,0.0,9.882117249679392e-05,0.1,-0.12044626889100607,3.174196298641922,1.413513538642714,-0.032047606420441285,-0.014312737243065074,0.03203472728392225,-0.15249387531144737,3.159883561398857,1.4455482659266363,False,False,False
1790735231.8463643,TRACK,0.009989076000000001,0.0016034860000218032,0.7392312485203929,0.8535273421105387,0.7733085949416267,-0.011289185922955585,0.004616616957889938,0.018878617228584922,0.7392297733217185,0.8531490555215805,0.7735161937314563,-0.011127629539154657,0.004433509957603985,0.01945213449396201,-0.15237724539903225,3.159414293179059,1.4454394371746602,1,1,0,0.0005031190000863717,18,0.0,0.0,9.900816658829047e-05,0.1,-0.1203987161471773,3.1743140964679664,1.4135002844984628,-0.03197852925185494,-0.01489980328890723,0.031939152676197395,-0.15237724539903225,3.159414293179059,1.4454394371746602,False,False,False
1790735231.8563871,TRACK,0.010022910000000001,0.001600270000153614,0.7391178780286074,0.8535733614752754,0.77349818181355,-0.011373808963532368,0.004591481182794534,0.019019669902159357,0.7391177800435678,0.8531932575246628,0.7737121259863261,-0.011219930992609524,0.0043865175838226815,0.01964499230385967,-0.15242428152856718,3.159071866674159,1.4454597419709032,1,1,0,0.0004931400001169095,18,0.0,0.0,9.956333001027405e-05,0.1,-0.12035014910100598,3.1744315502312963,1.4134868206595126,-0.03207413242756119,-0.015359683557137353,0.03197292131139053,-0.15242428152856718,3.159071866674159,1.4454597419709032,False,False,False
1790735231.866367,TRACK,0.009980139,0.0019523009998465568,0.7390036233592214,0.8536191269562181,0.7736891337439333,-0.011469765483831953,0.004565364428856883,0.01916250091704505,0.7390053423895389,0.8532367979574575,0.7739091501381745,-0.011312453752556894,0.004338732872664063,0.01983850146600695,-0.1523431671355705,3.1586999668886997,1.44545907956411,1,1,0,0.0005316940000739123,18,0.0,0.0,9.97469202873965e-05,0.1,-0.12030093048021763,3.174547744549492,1.4134732485640886,-0.032042236655352864,-0.01584777766079228,0.03198583100002136,-0.1523431671355705,3.1586999668886997,1.44545907956411,False,False,False
1790735231.8763652,TRACK,0.009997863000000001,0.0016891689999738446,0.7388883983303769,0.8536646217151125,0.7738815742945331,-0.01156479112655067,0.004536699071090129,0.0193152137494527,0.7388917761149769,0.8532799325563633,0.7741084679823631,-0.01140575948347028,0.0042898635810673935,0.020033835676200828,-0.15252229338673223,3.1581482190138743,1.4454005367134977,1,1,0,0.0005264330000045447,19,0.0,0.0,9.264995659755311e-05,0.1,-0.12025075550012768,3.1746633677748175,1.413459484864808,-0.03227153788660455,-0.016515148760943354,0.031941051848689506,-0.15252229338673223,3.1581482190138743,1.4454005367134977,False,False,False
1790735231.886364,TRACK,0.009998855000000001,0.0016201480000290758,0.7387721643591592,0.853709828764095,0.774075526575773,-0.011676453349222165,0.004509075359300551,0.019461768391966856,0.7387772624663025,0.8533225777445674,0.7743097662580382,-0.011499696924654619,0.004239982365960795,0.020230678445616403,-0.15232837759000883,3.1577764123729763,1.4454138956110159,1,1,0,0.0005235580001681228,19,0.0,0.0,9.29767345997961e-05,0.1,-0.1201996959525814,3.174778205273387,1.4134455504056764,-0.03212868163742743,-0.017001792900410824,0.03196834520533939,-0.15232837759000883,3.1577764123729763,1.4454138956110159,False,False,False
1790735231.8963702,TRACK,0.01000677,0.0016495740001118975,0.7386548014333565,0.853754728699168,0.7742709918798614,-0.011781454364412209,0.00447756310426664,0.019615836774685556,0.7386617146566874,0.8533647522728542,0.7745132019036725,-0.011594335112617496,0.004189047023409605,0.020429174289895057,-0.15216478071076903,3.157434390931561,1.4454458971367359,1,1,0,0.0005319839999629039,19,0.0,0.0,9.322795849777272e-05,0.1,-0.12014770549149864,3.1748923163769622,1.413431433572612,-0.032017075219270386,-0.017457925445401236,0.032014463564124074,-0.15216478071076903,3.157434390931561,1.4454458971367359,False,False,False
1790735231.9063907,TRACK,0.010019874,0.0016182539998226275,0.7385364202544631,0.8537993156959516,0.7744680292970854,-0.011880193581255681,0.004444953696256762,0.019779496930166365,0.7385450634946048,0.8534064662098884,0.7747189016981957,-0.01168972827393607,0.004137021614742228,0.020629437081850135,-0.15207871072517903,3.1570467722330036,1.4454665239979658,1,1,0,0.0005275349999465107,19,0.0,0.0,9.357043693958463e-05,0.1,-0.12009474444241353,3.175005738382199,1.4134171247436405,-0.03198396628276552,-0.017958966149195427,0.032049399254325324,-0.15207871072517903,3.1570467722330036,1.4454665239979658,False,False,False
1790735231.9163668,TRACK,0.009975892,0.0017853619999641523,0.7384170884210937,0.8538435765701804,0.7746667617221039,-0.011974220879125882,0.004413789086907417,0.019951710970947945,0.7384279716800385,0.8534474740759741,0.7749256995026345,-0.011785333173271422,0.004084200996038506,0.020830325060404744,-0.15200723301939637,3.15651289088518,1.4454140064538579,1,1,0,0.0005342179999843211,19,0.0,0.0,9.398003053080194e-05,0.1,-0.12004110880557299,3.1751178096688175,1.413402704475,-0.03196612421382338,-0.018604918783637237,0.032011301978858035,-0.15200723301939637,3.15651289088518,1.4454140064538579,False,False,False
1790735231.9263864,TRACK,0.010020065,0.0019480519999888202,0.7382968157582512,0.8538875224300568,0.7748672091392876,-0.012067565065078978,0.00437998899696997,0.020121303193319538,0.7383093981163651,0.853488127916486,0.7751354379539662,-0.011881997848328014,0.0040301120840729645,0.021033619622520535,-0.15200092515135424,3.156032039639612,1.4454111307389856,1,1,0,0.0006031890000031126,19,0.0,0.0,9.445113044718388e-05,0.1,-0.11998631457967464,3.1752295010495852,1.413388043541189,-0.03201461057167961,-0.0191974614099729,0.032023087197796646,-0.15200092515135424,3.156032039639612,1.4454111307389856,False,False,False
1790735231.9363658,TRACK,0.009979317000000001,0.001749825000160854,0.7381756055317306,0.8539311398535263,0.7750693194262146,-0.012164574712015142,0.004347237066927183,0.020289235470789764,0.7381903408820054,0.8535280725853791,0.7753463556659514,-0.01197890654710535,0.003975206516353778,0.02123760468527079,-0.1519315244262813,3.155484458426329,1.4453776609211881,1,1,0,0.0005615400000351656,19,0.0,0.0,9.482347172330152e-05,0.1,-0.11993081566510704,3.175339845943448,1.4133732643057695,-0.03200070876117427,-0.019855387517118864,0.03200439661541854,-0.1519315244262813,3.155484458426329,1.4453776609211881,False,False,False
1790735231.9463968,TRACK,0.010031086,0.0016463869999370218,0.7380534078085441,0.8539744433814098,0.7752730919724051,-0.012266223715538897,0.004310833858807613,0.020461040631513664,0.7380696881802192,0.8535676670351328,0.7755604267057276,-0.012076961945650637,0.00391896727749026,0.021444179976894493,-0.15187999646578904,3.1550065754923726,1.4453945494461027,1,1,0,0.0005209319999721629,19,0.0,0.0,9.521923312810974e-05,0.1,-0.11987408585118982,3.175449846053461,1.4133582276280863,-0.0320059106145992,-0.020443270561088522,0.03203632181801652,-0.15187999646578904,3.1550065754923726,1.4453945494461027,False,False,False
1790735231.9563923,TRACK,0.009995679,0.0016094170000542363,0.7379302321638166,0.8540173683492212,0.7754786042291668,-0.012361226049737226,0.004276582797727415,0.020632964879099852,0.7379484797223071,0.8536065553101227,0.7757758110194194,-0.01217531664292427,0.003861874317509008,0.02165156002040706,-0.1518574698895825,3.154434863648509,1.4453743388528413,1,1,0,0.0005215839998982119,19,0.0,0.0,9.579449771911775e-05,0.1,-0.11981660567447397,3.1755585233047547,1.4133430619038627,-0.03204086421510854,-0.021123659656246057,0.03203127694897861,-0.1518574698895825,3.154434863648509,1.4453743388528413,False,False,False
1790735231.9663665,TRACK,0.009974068,0.0016983460000119521,0.7378060609403692,0.8540599197878231,0.7756859059160588,-0.01246186686899045,0.004240662683988346,0.020809857269023346,0.7378265501672036,0.8536447854230739,0.7759928034932266,-0.01227410404130845,0.0038038516397123617,0.021860023902692444,-0.1517739985379853,3.1538057828129786,1.4453226067208476,1,1,0,0.0005440869999802089,19,0.0,0.0,9.615697796479182e-05,0.1,-0.11975829374609741,3.175666015792028,1.4133277459106488,-0.03201570479188787,-0.021860232979049175,0.031994860810198734,-0.1517739985379853,3.1538057828129786,1.4453226067208476,False,False,False
1790735231.9764042,TRACK,0.010038009,0.0019513089998781652,0.7376808646726234,0.8541021042069525,0.7758949552859775,-0.012562965782285669,0.004201371827432201,0.02098286699695613,0.737702840874924,0.8536826709740399,0.7762132940800655,-0.012374178798721231,0.0037443886145673622,0.02207137546741512,-0.15175452944654388,3.1532876966591936,1.4453543552921124,1,1,0,0.0006147609999516135,19,0.0,0.0,9.666951624789227e-05,0.1,-0.11969863347557105,3.175773219281485,1.4133121452285087,-0.03205589597097282,-0.022485522622291153,0.03204221006360373,-0.15175452944654388,3.1532876966591936,1.4453543552921124,False,False,False
1790735231.9863756,TRACK,0.009970921,0.002034957999967446,0.7375546537549278,0.854143909622894,0.7761057231350392,-0.01266825227883398,0.004164065418414069,0.02116032965761379,0.7375789606189648,0.8537197070735378,0.7764344190910702,-0.01247423748048809,0.003684255768671008,0.022282861056335486,-0.1516337389159973,3.1526404592698385,1.4453128419740957,1,1,0,0.0006580140000096435,19,0.0,0.0,9.701538196694449e-05,0.1,-0.11963839377748275,3.175878714718059,1.4132964617019825,-0.03199534513851454,-0.023238255448220498,0.03201638027211308,-0.1516337389159973,3.1526404592698385,1.4453128419740957,False,False,False
1790735231.9963996,TRACK,0.010024564000000001,0.0019567489998735255,0.7374273901289223,0.854185321181169,0.77631831347506,-0.01276937138001974,0.004122995879022664,0.02134100891007488,0.7374534048565926,0.8537563326074221,0.7766588672950879,-0.012575493506500834,0.0036227209692157617,0.022497044175214538,-0.15160830464431785,3.1520457159087885,1.445320060690878,1,1,0,0.0005402900001172384,19,0.0,0.0,9.7600396722395e-05,0.1,-0.11957683680028088,3.1759837610697024,1.4132805038961151,-0.03203146784403697,-0.023938045160913777,0.03203955679476296,-0.15160830464431785,3.1520457159087885,1.445320060690878,False,False,False
1790735232.006368,TRACK,0.009967796000000001,0.0016496240000378748,0.737299113824629,0.8542263304574655,0.7765326917299662,-0.012873912920615193,0.004083438170530023,0.0215220990894106,0.7373275503761595,0.8537921337261588,0.776884181129663,-0.012676834506131236,0.0035604563486690776,0.022711570889925998,-0.15150262396434297,3.1513455004922686,1.4452718545381922,1,1,0,0.0005349000000478554,19,0.0,0.0,9.798899211378929e-05,0.1,-0.11951463059553881,3.176087181458292,1.4132644457451546,-0.03198799336880416,-0.02474168096602313,0.032007408793037435,-0.15150262396434297,3.1513455004922686,1.4452718545381922,False,False,False
1790735232.0163934,TRACK,0.010025756,0.0017518490001293685,0.7371697915445266,0.8542669243763221,0.7767489026345649,-0.012975259815849927,0.0040403495145779015,0.021702753898267417,0.7371999417856631,0.8538275115015254,0.7771129700055409,-0.012779430221178643,0.00349673890792988,0.022928916476834513,-0.15149080184215657,3.150721314733885,1.4452887510612864,1,1,0,0.0005164240001249709,19,0.0,0.0,9.861771651294948e-05,0.1,-0.11945104845643437,3.1761901454042687,1.4132481004408597,-0.032039753385722215,-0.025468830670383438,0.03204065062042673,-0.15149080184215657,3.150721314733885,1.4452887510612864,False,False,False
1790735232.0263941,TRACK,0.010000919,0.0019841820001147426,0.7370394477690914,0.8543070969491744,0.7769669041317169,-0.013081657561579071,0.003998895640054653,0.021885626563493046,0.7370716212010224,0.8538621597113142,0.7773433709436054,-0.012882439869340663,0.003432083326554701,0.02314729956568099,-0.15142266379838357,3.1500311677954045,1.4452769393847547,1,1,0,0.0006431159999920055,19,0.0,0.0,9.910149080142873e-05,0.1,-0.11938659986070352,3.1762917766041823,1.4132316000479461,-0.032036063937680055,-0.026260608808777765,0.03204533933680843,-0.15142266379838357,3.1500311677954045,1.4452769393847547,False,False,False
1790735232.036405,TRACK,0.010010637000000001,0.0016747409999879892,0.7369080240234558,0.8543468407874286,0.7771867881841814,-0.01318911725322688,0.003954795059019299,0.02207644746938519,0.7369421408756505,0.853896188520436,0.7775761908918953,-0.012986221058953716,0.0033662625809002976,0.023367476880130165,-0.15135780906332083,3.1493202536620073,1.4452602225949716,1,1,0,0.0005386459999954241,19,0.0,0.0,9.964718792101271e-05,0.1,-0.119321053788594,3.176392407757635,1.4132148860155724,-0.03203675527472683,-0.027072154095628,0.032045336579399064,-0.15135780906332083,3.1493202536620073,1.4452602225949716,False,False,False
1790735232.0463722,TRACK,0.009967285000000001,0.0017224220000571222,0.7367755192772494,0.854386138535383,0.7774085909319277,-0.013297541468162838,0.003909920701798509,0.022268595923394696,0.7368121857558536,0.8539294098373011,0.7778102002815619,-0.01309022341120253,0.0032996251140981598,0.023588278875523613,-0.15148427841572812,3.148258133210052,1.445098411244869,1,1,0,0.0005516209998859267,20,0.0,0.0,9.371037558899218e-05,0.1,-0.11925475229902188,3.176491490057805,1.4131980459609648,-0.032229526116706236,-0.028233356847752713,0.031900365283904206,-0.15148427841572812,3.148258133210052,1.445098411244869,False,False,False
1790735232.056362,TRACK,0.009989076000000001,0.0016757430000780005,0.7366418854972041,0.854424969900716,0.7776322383708303,-0.013416903275529198,0.0038616491569869677,0.022438577423352875,0.7366809031345005,0.8539620318800212,0.778046937202367,-0.013195127662522918,0.003231732949816529,0.023811149142924707,-0.15128797636907781,3.1475925347356504,1.4451289971349748,1,1,0,0.0005464210000809544,20,0.0,0.0,9.604740526032996e-05,0.1,-0.11918725474025696,3.1765896536937923,1.413180968462862,-0.03210072162882086,-0.028997118958142096,0.031948028672112876,-0.15128797636907781,3.1475925347356504,1.4451289971349748,False,False,False
1790735232.0663579,TRACK,0.00999644,0.0016490830000748247,0.7365070496095543,0.8544633095130196,0.7778575260122187,-0.013531974372982326,0.0038121333118194428,0.02260589306658087,0.7365484712840077,0.8539939934627897,0.7782860853410156,-0.013300788449999223,0.0031626732639297873,0.024035778329806735,-0.15110395418961972,3.1469888933588246,1.4452072382368537,1,1,0,0.0005458210000597319,20,0.0,0.0,9.861128441083778e-05,0.1,-0.11911864321810477,3.176686730764814,1.4131636752817267,-0.031985310971514955,-0.029697837405989417,0.032043562955126934,-0.15110395418961972,3.1469888933588246,1.4452072382368537,False,False,False
1790735232.0763502,TRACK,0.009992042000000001,0.0017396450000433106,0.7363711017464647,0.8545011538033016,0.778084582391215,-0.013639841527970792,0.003762698957330782,0.022794205994827683,0.7364150387568903,0.8540252454812525,0.7785273802640975,-0.013407084949540246,0.0030925208116388977,0.024261908391644483,-0.15254647274084698,3.1441983864752197,1.4444213521439744,1,1,0,0.0005830110001170397,21,0.0,0.0,7.554660566570749e-05,0.010000000000000002,-0.1190489871502838,3.176782585246538,1.413146184630125,-0.0334974855905632,-0.03258419877131837,0.031275167513849476,-0.15254647274084698,3.1441983864752197,1.4444213521439744,False,False,False
1790735232.0863714,TRACK,0.010021448,0.001678539000067758,0.7362337673447987,0.8545384546360131,0.7783131500394944,-0.013836947667138642,0.00370182337287234,0.022874779252284337,0.7362801432905594,0.8540558797379594,0.7787716628539191,-0.013514382549648027,0.0030210280246397376,0.024490315892939454,-0.1516091125890341,3.1442355624702834,1.444857534746204,1,1,0,0.0005854460000591644,21,0.0,0.0,7.655797458408819e-05,0.010000000000000002,-0.118978035891944,3.1768775154684636,1.4131284344912611,-0.032631076697090096,-0.03264195299818017,0.03172910025494281,-0.1516091125890341,3.1442355624702834,1.444857534746204,False,False,False
1790735232.0963628,TRACK,0.009991251000000001,0.00168727499999477,0.7360943749113149,0.854575132074542,0.7785423491266172,-0.014007257199451157,0.003640826412671005,0.02297522338767779,0.7361445804294838,0.8540857027824421,0.7790174960598417,-0.013622046216653114,0.002948614267953393,0.024719647652145946,-0.1506678294553322,3.1443115862478783,1.4453088472034783,1,1,0,0.000586488000180907,21,0.0,0.0,7.761775176823715e-05,0.010000000000000002,-0.11890620058185579,3.176970935396848,1.4131105283740286,-0.0317616288734764,-0.03265934914896942,0.0321983188294497,-0.1506678294553322,3.1443115862478783,1.4453088472034783,False,False,False
1790735232.1063662,TRACK,0.010003132000000001,0.0019279440000445902,0.7359535693614179,0.8546111940240921,0.7787731828206237,-0.014115994380075561,0.0035804914532095006,0.02319231501443033,0.7360077752900045,0.8541148307877692,0.7792659250824852,-0.013730530686957869,0.0028749717383475606,0.024950870494512837,-0.1503424289501992,3.1437301285388357,1.4454069607920985,1,1,0,0.000622997000164105,21,0.0,0.0,7.971844856337232e-05,0.010000000000000002,-0.11883317066457084,3.177063220123027,1.4130923893376783,-0.03150925828562836,-0.03333309158419139,0.0323145714544201,-0.1503424289501992,3.1437301285388357,1.4454069607920985,False,False,False
1790735232.1163723,TRACK,0.01000648,0.0019704249998540035,0.7358119052163135,0.854646691253004,0.7790065065862208,-0.014193867447103556,0.0035265796465697614,0.023454523635977303,0.7358698351502361,0.8541432257688616,0.7795167594946498,-0.01383974821304227,0.0028001547047470676,0.025183796265846294,-0.1504235825043528,3.1426894949697526,1.4452917231719828,1,1,0,0.0006818790000124864,21,0.0,0.0,8.233229175237445e-05,0.010000000000000002,-0.118758994798348,3.1771542662312866,1.4130740302467095,-0.0316645877060048,-0.03446477126153408,0.03221769292527328,-0.1504235825043528,3.1426894949697526,1.4452917231719828,False,False,False
1790735232.1263704,TRACK,0.009998013,0.0017387039999903209,0.7356694930486496,0.8546816680764593,0.7792424210278703,-0.01427600425023758,0.003474963039783113,0.02370336562170397,0.735730916738931,0.8541708432502126,0.7797697176141734,-0.013949572512113881,0.0027242464751826906,0.025418154034368694,-0.1505311663658907,3.1415749827470143,1.4451635600706632,1,1,0,0.0006045119998816517,21,0.0,0.0,8.48840914676271e-05,0.010000000000000002,-0.11868375027301618,3.1772439452443595,1.4130554708003453,-0.031847416092874524,-0.03566896249734507,0.03210808927031783,-0.1505311663658907,3.1415749827470143,1.4451635600706632,False,False,False
1790735232.1363757,TRACK,0.010005287,0.0019904939999833005,0.7355261968386158,0.8547160974428554,0.7794807129471177,-0.014370282958609279,0.00342174667833864,0.023925150830279674,0.7355907945222772,0.8541977152620078,0.7800252136170216,-0.014060179579472538,0.0026471218502182982,0.025654317780521872,-0.15055600729412244,3.140585039838463,1.4451232723116796,1,1,0,0.0006761490001281345,21,0.0,0.0,8.716054078797443e-05,0.010000000000000002,-0.11860730760692745,3.1773323764967167,1.413036679654373,-0.031948699687194985,-0.03674733665825378,0.03208659265730654,-0.15055600729412244,3.140585039838463,1.4451232723116796,False,False,False
1790735232.1463723,TRACK,0.00999642,0.0020412100000157807,0.7353818824485137,0.8547500008403972,0.7797211351866826,-0.01447802797446098,0.003365923122291848,0.024140465374648295,0.7354496877774974,0.8542237870061486,0.7802828511279795,-0.014171394018747504,0.0025688996633975738,0.025891911365345403,-0.15045181193609727,3.1396352102329166,1.445106943962327,1,1,0,0.0007012969999777852,21,0.0,0.0,8.939289014416618e-05,0.010000000000000002,-0.11852977913319589,3.1774193954591716,1.4130176849968823,-0.031922032802901394,-0.037784185226255165,0.0320892589654446,-0.15045181193609727,3.1396352102329166,1.445106943962327,False,False,False
1790735232.1563683,TRACK,0.009996040000000001,0.0018305989999589656,0.7352364777299707,0.8547833330392685,0.7799637239438812,-0.01458516941975064,0.003307320423657141,0.024358715133679737,0.7353074711766233,0.8542490700132229,0.7805428620051169,-0.014283312479372066,0.002489509282922152,0.02613113942391038,-0.15034711874183884,3.1386871015317652,1.4450980638682722,1,1,0,0.0005877699998109165,21,0.0,0.0,9.179489599746017e-05,0.010000000000000002,-0.11845108931873959,3.1775050555716176,1.4129984688101842,-0.031896029423099256,-0.03881795403985214,0.03209959505808794,-0.15034711874183884,3.1386871015317652,1.4450980638682722,False,False,False
1790735232.166362,TRACK,0.009993605000000001,0.0016196870001294883,0.7350900056274705,0.854816075676454,0.7802085061574413,-0.014691260013725638,0.003248180192177071,0.024579135847396814,0.7351641673352989,0.8542735476874541,0.7808052082352595,-0.014395914858161118,0.0024089617143357987,0.02637195721987122,-0.15026741989545858,3.137686623527496,1.445075616870969,1,1,0,0.0005605580001883936,21,0.0,0.0,9.422347598438423e-05,0.010000000000000002,-0.11837124347295823,3.17758931740248,1.4129790329246135,-0.03189617642250036,-0.03990269387498427,0.03209658394635554,-0.15026741989545858,3.137686623527496,1.445075616870969,False,False,False
1790735232.1763718,TRACK,0.010010237,0.0017785300001378346,0.7349424792761701,0.8548481951800095,0.7804555401945006,-0.014795416993072347,0.003188641249839059,0.02479987387518548,0.7350194933046275,0.8542972532042256,0.7810704120128633,-0.014509420721247227,0.002327094968131174,0.026614832831879754,-0.15024639400195253,3.136673770686638,1.4450674198632247,1,1,0,0.0006044820001989137,21,0.0,0.0,9.669259354465014e-05,0.010000000000000002,-0.11829007530217452,3.177672316201137,1.4129593375400615,-0.031956318699778004,-0.04099854551449879,0.03210808232316329,-0.15024639400195253,3.136673770686638,1.4450674198632247,False,False,False
1790735232.186386,TRACK,0.010013923000000001,0.0017562169998655008,0.7347938725953886,0.8548797351485486,0.7807047606388373,-0.014908682442060901,0.0031276154964805574,0.02502510356737998,0.7348736255500413,0.8543201415261621,0.7813381543583773,-0.014623688675186134,0.0022440055211058324,0.02685946226568857,-0.15016820739273085,3.1356399980334855,1.4450547761549106,1,1,0,0.0006061050000880641,21,0.0,0.0,9.917998331556872e-05,0.010000000000000002,-0.1182076746282375,3.177753917608282,1.4129394051727369,-0.03196053276449333,-0.04211391957479651,0.03211537098217367,-0.15016820739273085,3.1356399980334855,1.4450547761549106,False,False,False
1790735232.1964047,TRACK,0.010018482,0.0017099889998917206,0.7346441163149366,0.8549107156850564,0.7809561805868768,-0.015030098055995506,0.003063991703955644,0.025258301644900286,0.7347265427105988,0.8543422016465742,0.7816084783356518,-0.014738732796750916,0.0021596788817335438,0.027105873925466258,-0.15119912072437103,3.132586151038295,1.4442295540615595,1,1,0,0.0006153720000838803,22,0.0,0.0,7.703501286748836e-05,0.010000000000000002,-0.11812402117735157,3.177834104069017,1.412919231514239,-0.033075099547019454,-0.04524795303072158,0.031310322547320635,-0.15119912072437103,3.132586151038295,1.4442295540615595,False,False,False
1790735232.2063885,TRACK,0.009984498000000001,0.0019463690000520728,0.7345080946405469,0.8549378228511681,0.7811841568075559,-0.015186088919004581,0.002982766645225884,0.025343547226344694,0.734578808470768,0.8543633404160007,0.7818803497934109,-0.014854110509086083,0.002074439032349998,0.0273531174072696,-0.15194317388318612,3.133950516413134,1.4457863628127239,1,1,0,0.0006166850000681734,22,0.0,0.0,7.607784249482165e-05,0.010000000000000002,-0.1180394305337466,3.177912550586895,1.41289889290496,-0.03390374334943952,-0.04396203417376084,0.032887469907763964,-0.15194317388318612,3.133950516413134,1.4457863628127239,False,False,False
1790735232.2163699,TRACK,0.009980800000000001,0.0017838000001120236,0.7343471747645856,0.8549690094434412,0.781451297868597,-0.015498096709107052,0.0029562965201465293,0.025655476188719155,0.7344299739814368,0.8543836147562055,0.7821545961127384,-0.014970170888320236,0.001988028527214605,0.02760193811446786,-0.14931145865297024,3.131925253971108,1.4449907298915938,1,1,0,0.0006140000000414148,22,0.0,0.0,8.105109805132233e-05,0.010000000000000002,-0.11795364140369054,3.1779894804808415,1.41287832666665,-0.03135781724927969,-0.04606422650973374,0.032112403224943714,-0.14931145865297024,3.131925253971108,1.4449907298915938,False,False,False
1790735232.226363,TRACK,0.009993064000000001,0.0016946490000009362,0.7341990600897264,0.8549964084946184,0.7816973202983863,-0.015583127247238612,0.0028370441804224777,0.026021442778103716,0.7342797924566825,0.8544030439344718,0.782431675792372,-0.01508710367821872,0.0019003019736993786,0.02785274095292163,-0.14977360710213986,3.1314773332313255,1.4452825490487506,1,1,0,0.0005967070001133834,22,0.0,0.0,8.119221964896029e-05,0.010000000000000002,-0.11786650332618016,3.1780649917913104,1.4128574972785164,-0.03190710377595969,-0.04658765855998493,0.032425051770234296,-0.14977360710213986,3.1314773332313255,1.4452825490487506,False,False,False
1790735232.2363718,TRACK,0.010008834000000001,0.00207708800007822,0.7340425616443147,0.8550244676935463,0.7819589773549183,-0.01570448294121423,0.002787454489065849,0.02629680280112502,0.734128198972352,0.8544216189473764,0.782711713384578,-0.015204956186307165,0.0018112178529997246,0.02810562576479271,-0.14953602462327126,3.129959309755173,1.4450455144614245,1,1,0,0.0006189199998516415,22,0.0,0.0,8.416402143727597e-05,0.010000000000000002,-0.1177779687152889,3.178139081356174,1.4128363940752806,-0.03175805590798235,-0.04817977160100115,0.032209120386143986,-0.14953602462327126,3.129959309755173,1.4450455144614245,False,False,False
1790735232.2463608,TRACK,0.009988786000000001,0.0016633600000659499,0.7338769422803688,0.8550533030971179,0.7822368679051275,-0.01581375368082651,0.0027161063277440023,0.026591447343222767,0.7339757294304403,0.8544392617002067,0.7829937219634908,-0.015323309392080004,0.0017210901384392544,0.02835969121317631,-0.1485985438681532,3.127692920629266,1.444239654001687,1,1,0,0.0005923579999489448,22,0.0,0.0,8.795912647772855e-05,0.010000000000000002,-0.11768834340109074,3.178211461666447,1.4128150903610477,-0.030910200467062433,-0.050518541037181015,0.03142456364063945,-0.1485985438681532,3.127692920629266,1.444239654001687,False,False,False
1790735232.2563405,TRACK,0.009980269,0.002016243000070972,0.7337184592820671,0.8550798433231694,0.7825037800653529,-0.015825267096279582,0.002623798584335684,0.026690609292924963,0.7338222055168958,0.8544559841853834,0.7832780330683743,-0.015442299956099267,0.001629814460242965,0.028615228017069404,-0.14914442350239,3.1270199140039687,1.4445949755624685,1,1,0,0.0007087399999363697,22,0.0,0.0,8.869597625879968e-05,0.010000000000000002,-0.11759751752300013,3.17828219955657,1.4127935601990766,-0.031546905979389854,-0.051262285552601615,0.0318014153633918,-0.14914442350239,3.1270199140039687,1.4445949755624685,False,False,False
1790735232.266377,TRACK,0.010036497,0.002388461999998981,0.7335598789457594,0.8551056878277272,0.7827710333664619,-0.01589009053290505,0.002560858324106236,0.02676848038305358,0.7336666153088092,0.8544718760074181,0.7835665264195042,-0.01556270832939817,0.0015367842998995577,0.028873910691857265,-0.1495057886751807,3.1263844587797265,1.4450503237960504,1,1,0,0.0008023390000744257,22,0.0,0.0,9.00677325376346e-05,0.010000000000000002,-0.1175048806979563,3.178351718828113,1.4127716597333266,-0.0320009079772244,-0.05196726004838656,0.0322786640627237,-0.1495057886751807,3.1263844587797265,1.4450503237960504,False,False,False
1790735232.2763352,TRACK,0.009957897,0.0017854319999059953,0.7334004394265792,0.8551309875922177,0.7830396535947326,-0.016002552358638285,0.0025022900763625754,0.026984787148496593,0.733511045562354,0.8544867144577563,0.7838553347677185,-0.015682917665785286,0.0014432480390291766,0.02913226300293857,-0.14941923379464428,3.1250601899902954,1.4450249773538661,1,1,0,0.0006354110000756918,22,0.0,0.0,9.263462767977843e-05,0.010000000000000002,-0.11741166979372507,3.178419067349813,1.4127496815784961,-0.032007564000919204,-0.053358877359517706,0.032275295775370104,-0.14941923379464428,3.1250601899902954,1.4450249773538661,False,False,False
1790735232.2863643,TRACK,0.010029192000000001,0.0017154290001144545,0.7332396936862056,0.8551555217540612,0.7833111875561958,-0.016126210058576385,0.002423421612826179,0.02728490704090426,0.7333531483131475,0.8545007114531566,0.7841488197799973,-0.015804739854997894,0.0013477935258571743,0.029394176554197234,-0.14933044255511307,3.1236303249215944,1.4448860609585832,1,1,0,0.0006067460001304426,22,0.0,0.0,9.496234632615725e-05,0.010000000000000002,-0.11731647106266868,3.1784852367607206,1.4127272927114338,-0.03201397149244438,-0.054854911839126365,0.03215876824714937,-0.14933044255511307,3.1236303249215944,1.4448860609585832,False,False,False
1790735232.2963634,TRACK,0.009999015,0.0016788890000043466,0.7330776747060357,0.855179286263489,0.7835855943230507,-0.016252364063368413,0.002348315605209872,0.027552494042673546,0.7331945061200963,0.8545137070522231,0.7844440452337722,-0.015926950172084446,0.0012513733764931108,0.02965701637823466,-0.1491703063568717,3.122211151591649,1.4447799799370513,1,1,0,0.0006001340000238997,22,0.0,0.0,9.733247090993549e-05,0.010000000000000002,-0.11722022745629361,3.1785495233554117,1.4127047156185388,-0.031950078900578084,-0.05633837176376245,0.03207526431851259,-0.1491703063568717,3.122211151591649,1.4447799799370513,False,False,False
1790735232.3063626,TRACK,0.009999396,0.001644704999989699,0.7329144037642736,0.8552022762641389,0.7838625490590108,-0.016373330475784202,0.002269843641980541,0.027795301183080514,0.7330346320485396,0.8545257327074015,0.7847419188033564,-0.016049921935215636,0.0011536930673508934,0.029921582481390235,-0.1490424308580297,3.1208962820188964,1.4447573157039382,1,1,0,0.0005855760000486043,22,0.0,0.0,9.953250921932196e-05,0.010000000000000002,-0.11712263862303283,3.1786121069990236,1.4126818799451262,-0.031919792234996885,-0.05771582498012736,0.032075435758812006,-0.1490424308580297,3.1208962820188964,1.4447573157039382,False,False,False
1790735232.3163304,TRACK,0.009968728000000001,0.0019625699999323842,0.7327499456584343,0.8552244811095626,0.7841418628289878,-0.016491556379154993,0.0021910615198321402,0.028030236320657657,0.7328740205442859,0.8545367429619586,0.785041520684226,-0.01617327305154675,0.0010550562214183368,0.030187049886316736,-0.14987549415052487,3.1175863443909333,1.4439269839875626,1,1,0,0.0006355309999435121,23,0.0,0.0,7.85989531776181e-05,0.010000000000000002,-0.117024001530254,3.1786727770224674,1.4126588552648545,-0.032851492620270865,-0.061086432631533974,0.03126812872270814,-0.14987549415052487,3.1175863443909333,1.4439269839875626,False,False,False
1790735232.326539,TRACK,0.010208063,0.0017628199998398486,0.7325841134230151,0.8552458174077868,0.7844230697252197,-0.01665813915462231,0.002088990140901738,0.0281465099769719,0.732708274716457,0.8545469919734038,0.7853510670124796,-0.016300371728324797,0.0009527459445633274,0.030460667388726954,-0.1495410671844365,3.1175707488705187,1.444705578673896,1,1,0,0.0006324859998585453,23,0.0,0.0,8.041712120023125e-05,0.010000000000000002,-0.11692158925554172,3.178733096997875,1.412635007130546,-0.03261947792889479,-0.06116234812735625,0.03207057154334995,-0.1495410671844365,3.1175707488705187,1.444705578673896,False,False,False
1790735232.3364253,TRACK,0.00988579,0.0018300669999007368,0.732408092745291,0.8552673086028539,0.7847193874472191,-0.01685162994414806,0.0020151405187832853,0.028326303886965384,0.7325465211194117,0.8545559156715549,0.7856535116092477,-0.016424218589438707,0.0008524096652640846,0.03072735233189309,-0.1476482177757128,3.115891564350635,1.4443273700180252,1,1,0,0.0006379259998539055,23,0.0,0.0,8.312287319365259e-05,0.010000000000000002,-0.11682095746695971,3.178789910142676,1.4126116662346655,-0.0308272603087531,-0.06289834579204086,0.031715703783359785,-0.1476482177757128,3.115891564350635,1.4443273700180252,False,False,False
1790735232.3463774,TRACK,0.009951805000000001,0.0022198700000899407,0.7322390319216519,0.855286736419397,0.7850040130834568,-0.01688169182163752,0.0019057824416384406,0.02850821761708558,0.7323824469973792,0.8545638910205332,0.7859606469473044,-0.016549649595286407,0.0007501803906052,0.030997473041543336,-0.1480231685253249,3.115014511575976,1.4446332419846903,1,1,0,0.000776530000166531,23,0.0,0.0,8.422984604490897e-05,0.010000000000000002,-0.11671823025249653,3.178845422430782,1.4125879157670551,-0.031304938272828375,-0.06383091085480565,0.032045326217635166,-0.1480231685253249,3.115014511575976,1.4446332419846903,False,False,False
1790735232.3563278,TRACK,0.009950453000000001,0.001695661999974618,0.7320698671565227,0.855305333265826,0.7852898861149411,-0.0169401329007417,0.0018324806636185052,0.02866467582789176,0.7322171433644569,0.8545708420198259,0.7862704364510004,-0.01667582593063093,0.000646736753161794,0.031269215714615245,-0.14843739786863558,3.1138485103747007,1.4448882790227704,1,1,0,0.0006205930001215165,23,0.0,0.0,8.584362784953699e-05,0.010000000000000002,-0.11661412425498652,3.178899125425996,1.4125639013380742,-0.031823273613649054,-0.06505061505129564,0.03232437768469626,-0.14843739786863558,3.1138485103747007,1.4448882790227704,False,False,False
1790735232.3663256,TRACK,0.009997943,0.0017422000000806293,0.7318999006929863,0.8553231858556263,0.7855779776335146,-0.017048555652562112,0.0017535739869430065,0.02894296588205392,0.7320497824365556,0.854576783311256,0.7865844361689787,-0.016803375338403276,0.0005415583257497021,0.031543928151730016,-0.1485844569105461,3.112306244569808,1.4448655251243765,1,1,0,0.0006212140001480293,23,0.0,0.0,8.78358296231588e-05,0.010000000000000002,-0.1165081065189267,3.1789512464801275,1.4125395006297572,-0.0320763503916194,-0.06664500191031913,0.03232602449461922,-0.1485844569105461,3.112306244569808,1.4448655251243765,False,False,False
1790735232.3763154,TRACK,0.009989587000000001,0.0016973150000012538,0.7317286553278413,0.8553402499482097,0.7858691202187371,-0.017184881336342658,0.001673563098244523,0.029255051236954772,0.7318812838820988,0.8545816631624513,0.786900924948658,-0.016931592985223783,0.00043522123865280646,0.031820088019512256,-0.1484812242379666,3.1105927348225366,1.4447195634473653,1,1,0,0.0006222059998890472,23,0.0,0.0,8.996953976437975e-05,0.010000000000000002,-0.11640074859682965,3.179001459811731,1.41251484573461,-0.03208047564113695,-0.06840872498919412,0.03220471771275546,-0.1484812242379666,3.1105927348225366,1.4447195634473653,False,False,False
1790735232.3864055,TRACK,0.010090449000000001,0.002134407999847099,0.7315559656887034,0.8553564464381074,0.7861633943983932,-0.017324710173554688,0.0015859066858551164,0.029552540053876503,0.7317097797739248,0.854585507500237,0.787223418436556,-0.01706189464999976,0.0003265414066066097,0.032100740268471935,-0.14848731068762694,3.109113670302736,1.4447466957233739,1,1,0,0.0007580450001114514,23,0.0,0.0,9.17437337287433e-05,0.010000000000000002,-0.11629084420035943,3.179050264028333,1.4124896605901975,-0.0321964664872675,-0.06993659372559681,0.03225703513317632,-0.14848731068762694,3.109113670302736,1.4447466957233739,False,False,False
1790735232.3963516,TRACK,0.009946906,0.00185478499997771,0.7313818218915396,0.8553718026363244,0.7864605461358094,-0.01747996957002949,0.0014977963037165623,0.02985343725404821,0.7315394246467132,0.8545882175557384,0.7875441044023648,-0.01719112234193141,0.0002181552469340269,0.03237907847230235,-0.14809205573742612,3.1074345074373997,1.4446064280226363,1,1,0,0.0006337380000331905,23,0.0,0.0,9.390075074788716e-05,0.010000000000000002,-0.11618105218597172,3.179096465083407,1.41246455434393,-0.031911003551454396,-0.07166195764600708,0.03214187367870635,-0.14809205573742612,3.1074345074373997,1.4446064280226363,False,False,False
1790735232.4063218,TRACK,0.009969329,0.0017796519998682925,0.731206188246742,0.8553862411553714,0.7867607114112678,-0.01761090075820393,0.001401896012391927,0.030141122145882337,0.731367391846379,0.8545898457346964,0.787868299590099,-0.01732142110878901,0.0001082732290006498,0.032659718203731765,-0.1479140906576325,3.1058361073458967,1.4445399947713553,1,1,0,0.0006242199999633158,23,0.0,0.0,9.590084864949015e-05,0.010000000000000002,-0.11606955468744397,3.1791408446177565,1.4124391105272702,-0.03184453597018854,-0.07330473727185989,0.03210088424408501,-0.1479140906576325,3.1058361073458967,1.4445399947713553,False,False,False
1790735232.416364,TRACK,0.010042378000000001,0.0017316199998731463,0.7310293387901767,0.8553997017166157,0.7870636220428295,-0.01772841042063991,0.0013113916494851964,0.03039713064623406,0.7311927812277007,0.8545903719628898,0.788197707388502,-0.017453466968155664,-3.684592568646965e-06,0.03294411070385817,-0.14802201368780518,3.104341088862804,1.444619192671366,1,1,0,0.00062718499998482,23,0.0,0.0,9.779595189366485e-05,0.010000000000000002,-0.11595575189365062,3.179183575873614,1.412413193175196,-0.03206626179415456,-0.07484248701081032,0.03220599949616999,-0.14802201368780518,3.104341088862804,1.444619192671366,False,False,False
1790735232.426418,TRACK,0.01005397,0.0021513299998332513,0.7308512449231275,0.8554122702653721,0.7873691299199761,-0.017868115236060376,0.0012225950059422696,0.030673243133495176,0.7310166366870836,0.8545897660923978,0.7885303649275378,-0.01758646499237296,-0.00011705305419540946,0.033230538955470144,-0.14799474449155064,3.1027512836052273,1.4446498903749156,1,1,0,0.0006674809999367426,23,0.0,0.0,9.981083421703537e-05,0.010000000000000002,-0.11584030863957116,3.179224347661677,1.4123869545056658,-0.032154435851979496,-0.07647306405644946,0.03226293586924992,-0.14799474449155064,3.1027512836052273,1.4446498903749156,False,False,False
1790735232.4364085,TRACK,0.009990158,0.0017468390001340595,0.7306716770203598,0.8554239793020013,0.7876774970113498,-0.018021337599793037,0.0011302733644166845,0.03097784121398385,0.7308402816910303,0.854588028719631,0.7888637719684151,-0.017719414586551546,-0.0002309757568444086,0.03351684330364877,-0.14860612028132714,3.0990278532398694,1.4437322260280132,1,1,0,0.000653264999982639,24,0.0,0.0,8.008876464878871e-05,0.010000000000000002,-0.1157240897685451,3.1792628452368827,1.4123605908197072,-0.032882030512782025,-0.08023499199701312,0.031371635208305985,-0.14860612028132714,3.0990278532398694,1.4437322260280132,False,False,False
1790735232.4463391,TRACK,0.009930665,0.0017879469999115827,0.7304904172475384,0.855434555015905,0.7879885360126107,-0.0182013247490412,0.0010107903716286412,0.031142098542989397,0.7306636566470738,0.8545851674573142,0.7891980365770096,-0.017852361587237436,-0.0003454821512301157,0.033803117952432446,-0.14776035766618442,3.0983131210170356,1.4441666593540678,1,1,0,0.0006529340000724915,24,0.0,0.0,8.255657732942472e-05,0.010000000000000002,-0.11560706032383701,3.1792990981626894,1.412334093370805,-0.03215329734234742,-0.08098597714565403,0.03183256598326271,-0.14776035766618442,3.0983131210170356,1.4441666593540678,False,False,False
1790735232.456364,TRACK,0.010024965,0.001718545000130689,0.7303074291483744,0.8554440347857053,0.7883008469479682,-0.01835216264387373,0.0009121864309426212,0.03129913813718747,0.7304840112826988,0.8545811192591188,0.7895383673000841,-0.01798737213236379,-0.0004623559085271494,0.03409380679471931,-0.14735164466054979,3.097463581570887,1.4446605322982415,1,1,0,0.0006425450001188437,24,0.0,0.0,8.364324296032096e-05,0.010000000000000002,-0.11548738726327559,3.179333632640367,1.4123070474903832,-0.03186425739727419,-0.0818700510694802,0.032353484807858365,-0.14735164466054979,3.097463581570887,1.4446605322982415,False,False,False
1790735232.4663312,TRACK,0.009967144,0.0017242060000626225,0.7301230594906007,0.8554525441466732,0.7886154129354024,-0.01848818172975764,0.0008143042020247238,0.03159687207523636,0.7303040562732601,0.8545759264902251,0.7898796325196844,-0.018122404967433992,-0.0005798341746481787,0.0343845096327758,-0.14708583385949733,3.0957917446884418,1.4446473146726109,1,1,0,0.0006456109999817272,24,0.0,0.0,8.545658155329096e-05,0.010000000000000002,-0.11536686545829787,3.1793658887943557,1.4122798591721544,-0.031718968401199456,-0.08357414410591413,0.03236745550045643,-0.14708583385949733,3.0957917446884418,1.4446473146726109,False,False,False
1790735232.4764252,TRACK,0.010094106,0.0022653370001535222,0.7299374150571607,0.8554600707713949,0.7889333062764639,-0.018606978420407344,0.0007154300560552446,0.03193376406541414,0.7301204331664393,0.8545694676390465,0.7902282065088418,-0.01825997497239467,-0.000700111908057862,0.034680634982666964,-0.14729654724358987,3.093938612358197,1.4446086686384345,1,1,0,0.000801318000185347,24,0.0,0.0,8.722974999560306e-05,0.010000000000000002,-0.11524323142763576,3.179396417712997,1.4122520183817457,-0.0320533158159541,-0.08545780535479999,0.032356650256688754,-0.14729654724358987,3.093938612358197,1.4446086686384345,False,False,False
1790735232.4863966,TRACK,0.009971463,0.0018233339999369491,0.7297505079964965,0.8554666719346287,0.7892544761305729,-0.018753644713043357,0.0006185758630310174,0.03227047554247051,0.7299376735780209,0.8545618887435673,0.7905754887133262,-0.018396683935809236,-0.0008202192938327479,0.034974862771277655,-0.14706572929211564,3.0918747323325415,1.4444034929338534,1,1,0,0.0006727519999003562,24,0.0,0.0,8.915711017866898e-05,0.010000000000000002,-0.11511952845574966,3.1794244381629326,1.4122242105136575,-0.03194620083636598,-0.08754970583039115,0.03217928242019587,-0.14706572929211564,3.0918747323325415,1.4444034929338534,False,False,False
1790735232.496354,TRACK,0.009957256000000001,0.0016955609999058652,0.7295621366864191,0.8554722167083577,0.7895790006008623,-0.01888596864634271,0.0005148161655433203,0.03257681100936803,0.729753810086688,0.854553119166159,0.7909252121412449,-0.018534004912791075,-0.0009414394161332053,0.035270358950596735,-0.14688793926137775,3.089943478490825,1.4442844093092329,1,1,0,0.0006367739999859623,24,0.0,0.0,9.099807206455982e-05,0.010000000000000002,-0.11499443074347922,3.1794502739284676,1.4121961365902433,-0.031893508517898524,-0.08950679543764237,0.032088272718989425,-0.14688793926137775,3.089943478490825,1.4442844093092329,False,False,False
1790735232.5063305,TRACK,0.009976412,0.0017744720000791858,0.7293724503665002,0.8554767027084544,0.7899063902119519,-0.019015118082650703,0.00040998005031086604,0.03284664366954402,0.7295682175428904,0.8545431157843016,0.7912785676383399,-0.018672401642572282,-0.0010641828075351656,0.035568116028698554,-0.14677215576862263,3.088175769460596,1.4443015523996126,1,1,0,0.000652362999971956,24,0.0,0.0,9.268697133459335e-05,0.010000000000000002,-0.11486750510615001,3.179473985114746,1.412167699455059,-0.03190465066247262,-0.09129821565415022,0.03213385294455369,-0.14677215576862263,3.088175769460596,1.4443015523996126,False,False,False
1790735232.5164144,TRACK,0.010083907000000001,0.0017331829999420734,0.7291814802066261,0.8554801501125784,0.7902364323094844,-0.01914627424807728,0.0003056475294271519,0.03311794988638559,0.7293792179962656,0.854531753608504,0.7916387578955648,-0.018813118198823815,-0.0011895644265237546,0.03587080401690754,-0.14688007300942568,3.0864958090273147,1.4444415471476106,1,1,0,0.0006426049999390671,24,0.0,0.0,9.434847623076019e-05,0.010000000000000002,-0.1147375841278379,3.1794957146452036,1.412138638447254,-0.03214248888158778,-0.09299990561788901,0.03230290870035663,-0.14688007300942568,3.0864958090273147,1.4444415471476106,False,False,False
1790735232.526326,TRACK,0.009911668,0.0017502059999969788,0.7289891198065748,0.8554825814617804,0.7905693438323143,-0.019301208873621942,0.0002034416762192767,0.03343226631791122,0.7291920597884342,0.8545193469387139,0.7919957788308568,-0.0189522460788481,-0.001314096787564059,0.03617001059682499,-0.1464692037616545,3.084390063157173,1.4442465932174091,1,1,0,0.0006510999999136402,24,0.0,0.0,9.640450366102479e-05,0.010000000000000002,-0.11460827458436862,3.1795148561934514,1.4121097598810737,-0.03186092917728589,-0.0951247930362785,0.03213683333633545,-0.1464692037616545,3.084390063157173,1.4442465932174091,False,False,False
1790735232.536333,TRACK,0.010007682,0.0018476610000561777,0.7288049613171301,0.8554838768145174,0.7908886036459055,-0.019427377099568606,8.967958363601371e-05,0.03372760447703636,0.7290016853931983,0.8545055612721091,0.7923592755593032,-0.019093544315794027,-0.0014411386368724406,0.036473814992498015,-0.14743126706271198,3.08316332706141,1.4448109889427205,1,1,0,0.0006764090001070144,24,0.0,0.0,9.755825112810383e-05,0.010000000000000002,-0.11447608228534885,3.1795319281445806,1.4120802828559007,-0.032955184777363124,-0.09636860108317089,0.032730706086819765,-0.14743126706271198,3.08316332706141,1.4448109889427205,False,False,False
1790735232.5463395,TRACK,0.01000642,0.0019224939999276103,0.7286096355356912,0.8554843516519348,0.7912275965309163,-0.019645876150217786,1.3305551106690145e-05,0.03409902034726204,0.7288099170567701,0.8544904996261424,0.7927257747979057,-0.019235654202087765,-0.0015694768681585633,0.03677928913649212,-0.14760726532666388,3.0787146397549656,1.4436448353839098,1,1,0,0.0006898350000028586,25,0.0,0.0,8.457053134590072e-05,0.010000000000000002,-0.11434225583915572,3.1795467070990466,1.4120504863883865,-0.033265009487508164,-0.10083206734408105,0.031594348995523186,-0.14760726532666388,3.0787146397549656,1.4436448353839098,False,False,False
1790735232.556708,TRACK,0.010368589000000001,0.0031189439998797752,0.7284117334907299,0.8554835796060196,0.7915707836164536,-0.019883788656715688,-0.00014401686333329836,0.03442455019756865,0.7286097032801588,0.8544735309682423,0.7931087728767152,-0.019383785791415017,-0.0017038479457612435,0.03709762203321717,-0.14710709119414597,3.0778564096763907,1.4442170226663935,1,1,0,0.0008515130000432691,25,0.0,0.0,8.655027836491853e-05,0.010000000000000002,-0.1142018302023299,3.17955957712431,1.412019267378948,-0.03290526099181608,-0.10170316744791917,0.03219775528744545,-0.14710709119414597,3.0778564096763907,1.4442170226663935,False,False,False
1790735232.5663326,TRACK,0.009624061000000001,0.001994129999957295,0.7282215580385527,0.8554818261971064,0.7918985583519449,-0.02012497477022365,-0.0002409336860647454,0.03464080327651248,0.728422487671964,0.854456527746302,0.7934672311214885,-0.019522083400437946,-0.001829837342066264,0.037394738939247364,-0.14602855544680743,3.076581977377316,1.4445890831385717,1,1,0,0.0007017969999196794,25,0.0,0.0,8.787748563924209e-05,0.010000000000000002,-0.1140698763696263,3.179569272619113,1.4119899737861954,-0.031958679077181126,-0.10298729524179709,0.03259910935237628,-0.14602855544680743,3.076581977377316,1.4445890831385717,False,False,False
1790735232.57638,TRACK,0.010047136,0.001852249999956257,0.7280090550896015,0.8554784686385997,0.7922647342879703,-0.020297641264462374,-0.0003806023801746399,0.035086601269659845,0.7282256179080838,0.8544374769462496,0.7938445063838502,-0.019667288161357568,-0.0019626696851816404,0.037706604504505956,-0.14441182819507375,3.073756375879103,1.443725804679546,1,1,0,0.0006826510000337294,25,0.0,0.0,9.042587810711164e-05,0.010000000000000002,-0.11393045328599438,3.1795770574098103,1.4119590645425995,-0.030481374909079366,-0.10582068153070763,0.031766740136946525,-0.14441182819507375,3.073756375879103,1.443725804679546,False,False,False
1790735232.5863276,TRACK,0.009947728000000001,0.001871056000027238,0.7278056184086905,0.8554737819179614,0.7926174428039277,-0.02030652933525315,-0.0005133883961054471,0.03532325879923616,0.7280292545254882,0.8544172932312967,0.7942211443056585,-0.019811892061490845,-0.002095503488293529,0.03801708295097367,-0.14506514463512618,3.071848375945388,1.44382747253293,1,1,0,0.0007236890000967833,25,0.0,0.0,9.182902546045643e-05,0.010000000000000002,-0.11379071738745375,3.179582388045244,1.4119281281175462,-0.03127442724767243,-0.1077340120998559,0.031899344415383855,-0.14506514463512618,3.071848375945388,1.44382747253293,False,False,False
1790735232.5963604,TRACK,0.010032759,0.001933575000066412,0.7276021534974015,0.8554679773756284,0.7929716079983278,-0.020371822568939393,-0.0006223496833711482,0.03548700319346519,0.7278297514689585,0.8543955919597197,0.7946041384784168,-0.019958577373402626,-0.0022308016937400876,0.038331927399028305,-0.14564509288697688,3.0701926214346007,1.444200843358432,1,1,0,0.0006880210000872466,25,0.0,0.0,9.315616932954244e-05,0.010000000000000002,-0.1136480681312265,3.1795853426302814,1.411896588556156,-0.031997024755750385,-0.10939272119568079,0.03230425480227587,-0.14564509288697688,3.0701926214346007,1.444200843358432,False,False,False
1790735232.6063616,TRACK,0.010001560000000001,0.0019866259999616886,0.7274080234652809,0.855461548143932,0.7933099198421587,-0.02049653317587847,-0.0007216349053805618,0.03574972886690403,0.7276293997661902,0.8543726004217406,0.7949890942566525,-0.020105654547170324,-0.0023670104521912438,0.03864750432566641,-0.14678087361180944,3.0686594149685678,1.444809877859527,1,1,0,0.0007029190001048846,25,0.0,0.0,9.442442179794622e-05,0.010000000000000002,-0.1135041308630863,3.1795858415228677,1.4118648054121181,-0.03327674274872313,-0.11092642655429984,0.03294507244740892,-0.14678087361180944,3.0686594149685678,1.444809877859527,False,False,False
1790735232.616368,TRACK,0.010006049000000001,0.001767989999962083,0.7271915165927387,0.8554534034367158,0.7936876606606758,-0.020763740136092546,-0.0008241958936906447,0.03623770485000977,0.7274274818971712,0.8543482286816774,0.7953773897558627,-0.02025364799092659,-0.0025046132896416394,0.038964933009921786,-0.1446556358319184,3.065084291697622,1.443609163010457,1,1,0,0.0006720610001593741,25,0.0,0.0,9.743785076783516e-05,0.010000000000000002,-0.1133583854463964,3.179583870280957,1.4118326635120615,-0.031297250385522,-0.11449957858333476,0.03177649949839547,-0.1446556358319184,3.065084291697622,1.443609163010457,False,False,False
1790735232.6263661,TRACK,0.009998023,0.00175608600011401,0.726982947252945,0.8554441488722553,0.7940524462036906,-0.020851176961005448,-0.0009783753412559242,0.03655777709371777,0.7272242426811726,0.8543224946157583,0.7957685547267196,-0.0204023751358463,-0.0026434401593008862,0.03928381549703289,-0.14477612341170293,3.0630758912731624,1.4436149531389755,1,1,0,0.0006702079999740818,25,0.0,0.0,9.889340069912047e-05,0.010000000000000002,-0.11321100161687608,3.1795794066409875,1.4118002000934322,-0.03156512179482685,-0.11650351536782495,0.03181475304554332,-0.14477612341170293,3.0630758912731624,1.4436149531389755,False,False,False
1790735232.636416,TRACK,0.010050083000000001,0.0021324340000319353,0.7267737171080499,0.8554335206476757,0.7944192312000649,-0.020953618936698615,-0.001103860602474987,0.036737960869454286,0.7270184422606365,0.8542952209427869,0.7961649782774097,-0.020552738444871845,-0.00278433694133576,0.03960607937571207,-0.14579553630518635,3.05971624514,1.44330385918732,1,1,0,0.0008037210000111372,26,0.0,0.0,8.544350314852319e-05,0.010000000000000002,-0.11306106837342673,3.1795723809253604,1.4117672145631368,-0.032734467931759624,-0.11985613578536036,0.031536644624183145,-0.14579553630518635,3.05971624514,1.44330385918732,False,False,False
1790735232.646391,TRACK,0.009974929,0.00217661900001076,0.7265632221319516,0.8554217231049233,0.794787607322494,-0.021133602714862323,-0.001239742330436298,0.03690538833956751,0.7268126822657033,0.8542667443522761,0.7965616484631465,-0.020702834621162968,-0.0029255181719286326,0.03992763927007567,-0.1451385775390227,3.0585455084089226,1.4438515649757069,1,1,0,0.0008328669998718397,26,0.0,0.0,8.769428861192858e-05,0.010000000000000002,-0.11291047615584208,3.1795628646334664,1.4117341224796571,-0.03222810138318063,-0.12101735622454377,0.03211744249604978,-0.1451385775390227,3.0585455084089226,1.4438515649757069,False,False,False
1790735232.6563973,TRACK,0.01000664,0.0022186680000686465,0.7263508411565907,0.8554086318584648,0.7951578574740061,-0.021306970649355488,-0.0013646436889173516,0.03715270481697311,0.7266047594981234,0.8542367555321027,0.7969628110733276,-0.020854269064561278,-0.0030684902230627806,0.04025192868241613,-0.14463319726875612,3.056855034399223,1.4441436371735805,1,1,0,0.0008512120000432333,26,0.0,0.0,8.899628854739759e-05,0.010000000000000002,-0.11275760963848365,3.1795507461489105,1.4117005684093689,-0.031875587630272484,-0.1226957117496872,0.03244306876421176,-0.14463319726875612,3.056855034399223,1.4441436371735805,False,False,False
1790735232.6669652,TRACK,0.0105949,0.006173425000042698,0.7262011619480502,0.8553987302723627,0.7954188290004547,-0.02142462922564896,-0.001473063421017926,0.03742868037783744,0.7263829570875979,0.8542034368319338,0.7973911033084952,-0.02101554917706183,-0.003221334946062229,0.040597145290377445,-0.1527205572864804,3.058726762547787,1.44838625491274,1,1,0,0.0008694470000136789,26,0.0,0.0,8.759035026398869e-05,0.010000000000000002,-0.11259378130086656,3.17953507834319,1.4116646487214484,-0.040126775985613844,-0.12080831579540303,0.03672160619129165,-0.1527205572864804,3.058726762547787,1.44838625491274,False,False,False
1790735232.6790593,TRACK,0.012066956,0.002957726999966326,0.725964597719666,0.8553822563472266,0.7958322057910197,-0.021591108050221096,-0.0015039809967998317,0.03769371095219045,0.726128249216375,0.8541635056692733,0.7978833711039978,-0.021200423750019938,-0.003397258477121282,0.04099265977527478,-0.15589013679189062,3.0561861557411687,1.4494108385711784,1,1,0,0.0013829160000113916,26,0.0,0.0,8.949312855902747e-05,0.010000000000000002,-0.11240469559462166,3.179513640133579,1.4116232410403728,-0.04348544119726895,-0.12332748439241024,0.037787597530805496,-0.15589013679189062,3.0561861557411687,1.4494108385711784,False,False,False
1790735232.6866195,TRACK,0.0075613500000000005,0.0023276060001080623,0.7257200940535133,0.8553659696659253,0.7962573410668883,-0.02286996294692352,-0.0015014185789271077,0.039700373999089406,0.7259675052903404,0.8541373977396626,0.798194272110233,-0.021316915138570838,-0.003508496820463301,0.04124176150593094,-0.13818539129271648,3.042715558164677,1.4397015197378547,1,1,0,0.0008904870001060772,26,0.0,0.0,9.863881725206367e-05,0.010000000000000002,-0.11228484702523014,3.1794982364792173,1.4115970219585987,-0.025900544267486333,-0.13678267831454027,0.028104497779255853,-0.13818539129271648,3.042715558164677,1.4397015197378547,False,False,False
1790735232.696381,TRACK,0.009760471000000001,0.002277039999853514,0.7254630543850178,0.8553458687255837,0.7967058272986405,-0.02312182614785227,-0.002253210419243289,0.04093495642067732,0.7257587053850385,0.8541024478721151,0.7985983860795735,-0.02146802485086284,-0.0036532305454320736,0.0415647527214433,-0.13061907284669003,3.042110943608277,1.4375912455467303,1,1,0,0.0008575940000810078,26,0.0,0.0,9.85568967762607e-05,0.010000000000000002,-0.11212857639695953,3.179476086615314,1.4115628644053768,-0.018490496449730488,-0.13736514300703692,0.02602838114135343,-0.13061907284669003,3.042110943608277,1.4375912455467303,False,False,False
1790735232.7063515,TRACK,0.009970441,0.0021931790001872287,0.7252367807542557,0.8553238474578464,0.7971063799176177,-0.022016421013479143,-0.002317681850456157,0.039207238970372545,0.7255438866181148,0.8540652809795872,0.7990144567655719,-0.02162324697728835,-0.00380240999795397,0.041896368678913484,-0.14014159169576906,3.0457489718395556,1.442881402645672,1,1,0,0.0008263349998287595,26,0.0,0.0,9.674742654574001e-05,0.010000000000000002,-0.11196710993379878,3.1794507994691688,1.4115276048840624,-0.02817448176197027,-0.13370182762961322,0.03135379776160962,-0.14014159169576906,3.0457489718395556,1.442881402645672,False,False,False
1790735232.7163477,TRACK,0.009996059,0.002151729999923191,0.7250208147691728,0.8553018458770758,0.7974903945831056,-0.021578217408770625,-0.002188281703360775,0.038221649902693514,0.7253269579163889,0.8540265187098824,0.7994349241022621,-0.021779745044512477,-0.003953326480956958,0.04223053654517896,-0.14640721428249345,3.0451346634749257,1.4456786811785858,1,1,0,0.0008222170001772611,26,0.0,0.0,9.74171018675626e-05,0.010000000000000002,-0.11180335417165681,3.1794227214975823,1.4114918789639144,-0.034603860110836646,-0.13428805802265686,0.034186802214671304,-0.14640721428249345,3.0451346634749257,1.4456786811785858,False,False,False
1790735232.7263708,TRACK,0.010023282000000001,0.0022790839998378942,0.72480505072767,0.8552800242742453,0.7978736664373063,-0.02184512371647918,-0.002220760799371374,0.038751901517160965,0.7251078632490038,0.8539861293140706,0.7998598991006806,-0.02193755406299766,-0.00410601712636086,0.0425673223633296,-0.14733983570380169,3.039203287138683,1.4441625991953118,1,1,0,0.0008713510001143732,27,0.0,0.0,8.545892887884843e-05,0.010000000000000002,-0.11163725404146316,3.179391799729909,1.4114556745526916,-0.035702581662338535,-0.14018851259122572,0.03270692464262012,-0.14733983570380169,3.039203287138683,1.4441625991953118,False,False,False
1790735232.736387,TRACK,0.010015917000000001,0.0022051319999718544,0.7245843532233716,0.8552569271100179,0.7982655244026438,-0.022297730590328232,-0.0023945556159440614,0.039512356509930846,0.7248873451035235,0.8539442339821642,0.8002879423637956,-0.022096135016111122,-0.00425996117697988,0.04290556781747989,-0.14496080202138173,3.0359269050889934,1.4432290893081248,1,1,0,0.0008534360001704044,27,0.0,0.0,8.834067094537436e-05,0.010000000000000002,-0.11146936311988015,3.1793581057109845,1.4114191120504183,-0.03349143890150158,-0.143431200621991,0.03180997725770652,-0.14496080202138173,3.0359269050889934,1.4432290893081248,False,False,False
1790735232.7463882,TRACK,0.010001149,0.0022316019999379932,0.7243591390654673,0.8552319416322973,0.7986633906717282,-0.02262247559560439,-0.0025752452221383454,0.039926002860316924,0.7246655628364062,0.8539008551176284,0.8007187433596226,-0.0222553706519634,-0.0044150423455942885,0.04324501591362506,-0.14308852776306652,3.0341235947943104,1.4433177099950634,1,1,0,0.0008600189999015129,27,0.0,0.0,8.940528727574707e-05,0.010000000000000002,-0.11129979788113045,3.1793216466697305,1.4113822163422896,-0.03178872988193608,-0.14519805187542004,0.03193549365277378,-0.14308852776306652,3.0341235947943104,1.4433177099950634,False,False,False
1790735232.7564433,TRACK,0.010055213,0.002166057000067667,0.724131511337883,0.8552052435628568,0.7990643585672377,-0.02279886902354422,-0.0027378745575859682,0.04020739107882232,0.7244409716832878,0.8538556712628814,0.8011553042142796,-0.022416365056458526,-0.004572337987110787,0.043588011455078554,-0.1426532729184245,3.0324923048412127,1.443778745438583,1,1,0,0.0008505210000748775,27,0.0,0.0,9.056347374652608e-05,0.010000000000000002,-0.11112736585619666,3.179282127838654,1.4113447277477467,-0.03152590706222784,-0.14678982299744148,0.03243401769083653,-0.1426532729184245,3.0324923048412127,1.443778745438583,False,False,False
1790735232.7663925,TRACK,0.00994922,0.0022426739999446,0.7239026310039209,0.8551770831466108,0.7994681934726291,-0.022931514435737436,-0.002875940951530317,0.040548720273186206,0.7242171502051826,0.8538094001870764,0.8015906662203769,-0.022576551476143,-0.004729335541205963,0.04392907991989791,-0.14259377336480838,3.0299856868687716,1.4437821899553365,1,1,0,0.0008646469998438988,27,0.0,0.0,9.209994040514379e-05,0.010000000000000002,-0.11095481292811668,3.1792401735156717,1.411307242610386,-0.0316389604366917,-0.14925448664690016,0.03247494734495038,-0.14259377336480838,3.0299856868687716,1.4437821899553365,False,False,False
1790735232.7764292,TRACK,0.010036837,0.002163342000130797,0.7236725002326745,0.855147550122048,0.7998758178752796,-0.023062105432292045,-0.003015101992602998,0.0409428577050755,0.7239897383212132,0.853761132065173,0.8020333090369962,-0.022739047524147262,-0.004889088204058932,0.044274852072508794,-0.14290026716843604,3.027167634310931,1.443674969794713,1,1,0,0.0008453909999843745,27,0.0,0.0,9.367171752713935e-05,0.010000000000000002,-0.11077877254032434,3.179194948007838,1.4112690290773064,-0.032121494628111695,-0.15202731369690692,0.03240594071740659,-0.14290026716843604,3.027167634310931,1.443674969794713,False,False,False
1790735232.7864022,TRACK,0.009972975,0.0022192590001850476,0.7234409273954325,0.8551166356734914,0.8002873763730776,-0.02322857730873111,-0.00315303187636151,0.0413333868416674,0.7237621535106422,0.8537115760906911,0.8024765812735802,-0.022901406799222052,-0.005049191552546604,0.0446201136612397,-0.1427578956455161,3.0242828566502458,1.4434852848811919,1,1,0,0.0008580649998748413,27,0.0,0.0,9.527787194115269e-05,0.010000000000000002,-0.11060188055989359,3.1791470965508792,1.4112306589863532,-0.03215601508562252,-0.1548642399006334,0.03225462589483874,-0.1427578956455161,3.0242828566502458,1.4434852848811919,False,False,False
1790735232.79648,TRACK,0.010077555,0.0018914250001671462,0.72320757593788,0.8550842849764688,0.8007027868727583,-0.02340264896129746,-0.003300630474137742,0.041702767905957984,0.7235305328316999,0.8536598715873306,0.802928008030888,-0.0230663799203812,-0.005212359804519892,0.04497070453937634,-0.14275871901025883,3.02167046753881,1.4435182374357127,1,1,0,0.0007240799998271541,27,0.0,0.0,9.67623737698896e-05,0.010000000000000002,-0.11042112292869043,3.179095765509205,1.4111914782589,-0.0323375960815684,-0.15742529797039503,0.03232675917681275,-0.14275871901025883,3.02167046753881,1.4435182374357127,False,False,False
1790735232.806399,TRACK,0.009918993000000001,0.0019686020000335702,0.7229724246959561,0.8550504024296419,0.8011219303014085,-0.02359037000693183,-0.003445016652720613,0.04207367661036126,0.7233009285471496,0.8536073680893169,0.8033757904666566,-0.02322965467943533,-0.005374322862534417,0.04531745449801121,-0.14221675574187037,3.0188883145365817,1.4433524622019405,1,1,0,0.0007076079998569185,27,0.0,0.0,9.837630968361692e-05,0.010000000000000002,-0.11024122164305403,3.1790422920737624,1.411152509736777,-0.03197553409881636,-0.16015397753718094,0.03219995246516353,-0.14221675574187037,3.0188883145365817,1.4433524622019405,False,False,False
1790735232.816363,TRACK,0.009964149,0.0018349669999224716,0.7227472781276605,0.8550168679633892,0.8015235082924406,-0.023761408935219892,-0.0036067452293963046,0.04243444997041907,0.7230686439264061,0.8535530012982121,0.8038290826708034,-0.023394571872010262,-0.0055383853469735565,0.04566745432785359,-0.14312354942468902,3.0168158458963745,1.4439167829368462,1,1,0,0.0007151730001169199,27,0.0,0.0,9.95736608167062e-05,0.010000000000000002,-0.11005850190876153,3.1789856015224354,1.4111129564847538,-0.03306504751592751,-0.16216975562606106,0.032803826452092455,-0.14312354942468902,3.0168158458963745,1.4439167829368462,False,False,False
1790735232.8263636,TRACK,0.010000378,0.002236872999901607,0.7225084695115607,0.8549801503326115,0.8019499697387085,-0.02400841506149502,-0.003731589819976215,0.04288320693947587,0.7228338579644744,0.8534967863020901,0.804287537911795,-0.023560997591856713,-0.0057044184609152185,0.04602040872606117,-0.14305908576293497,3.011886919540022,1.4428365489697825,1,1,0,0.0007293099999969854,28,0.0,0.0,8.662436564926208e-05,0.010000000000000002,-0.10987308877815227,3.1789256809334185,1.4110728453811614,-0.0331859969847827,-0.16703876139339643,0.03176370358862116,-0.14305908576293497,3.011886919540022,1.4428365489697825,False,False,False
1790735232.8363135,TRACK,0.009950142,0.0018667379999897094,0.7222668192248642,0.8549418833503122,0.8023812365312928,-0.024276917148699242,-0.003928633953350256,0.043296907665141195,0.7225985951133567,0.8534391989789338,0.8047472015939113,-0.02372749377094901,-0.005870985161743928,0.04637326009964101,-0.14156691198453178,3.0096633914884254,1.4428246027903249,1,1,0,0.0007398200000352517,28,0.0,0.0,8.885044497690121e-05,0.010000000000000002,-0.10968657555627062,3.1788630276010257,1.4110325205404697,-0.031880336428261165,-0.16919963611260017,0.03179208224985519,-0.14156691198453178,3.0096633914884254,1.4428246027903249,False,False,False
1790735232.846328,TRACK,0.010014745,0.001839235000034023,0.7220229586496236,0.8549017305219948,0.8028155343210788,-0.024428420032484778,-0.004088667048115453,0.04352526808823984,0.7223601273744377,0.8533795573334396,0.8052134033035645,-0.023895986781865993,-0.006040012170462816,0.04673008198497255,-0.14125976389688902,3.007657481175144,1.4432644083895856,1,1,0,0.0007373959999767976,28,0.0,0.0,8.988663497920069e-05,0.010000000000000002,-0.10949679098298383,3.178796884402378,1.4109915120402434,-0.031762972913905195,-0.1711394032272342,0.03227289634934225,-0.14125976389688902,3.007657481175144,1.4432644083895856,False,False,False
1790735232.8563616,TRACK,0.01003323,0.0019615889998476632,0.7217777280227606,0.854859997406999,0.8032523549934405,-0.024576301370602186,-0.004240498261162423,0.04383293893975333,0.7221195227567238,0.8533181011908973,0.8056840573585514,-0.0240657149399935,-0.006210739578024204,0.04708924951160575,-0.14120477911813023,3.0051389354126643,1.4434578582538515,1,1,0,0.0007475649999832967,28,0.0,0.0,9.119884415758904e-05,0.010000000000000002,-0.10930456898012897,3.178727489809745,1.410949999804158,-0.03190021013800125,-0.17358855439708065,0.032507858449693595,-0.14120477911813023,3.0051389354126643,1.4434578582538515,False,False,False
1790735232.8663628,TRACK,0.01000142,0.0018538429999352957,0.7215310128728776,0.8548167432572651,0.8036928046347853,-0.024734510328038577,-0.004393993896388044,0.04423648806465617,0.721877981515575,0.8532551281543775,0.8061568141138399,-0.024235828380129543,-0.006382309990387682,0.04744895611452906,-0.14107743154153593,3.002083253256166,1.4432980964010607,1,1,0,0.0007372350000878214,28,0.0,0.0,9.269793259923708e-05,0.010000000000000002,-0.1091108629293019,3.1786551702370462,1.4109081891028994,-0.031966568612234035,-0.17657191698088032,0.03238990729816135,-0.14107743154153593,3.002083253256166,1.4432980964010607,False,False,False
1790735232.8763666,TRACK,0.010003844000000001,0.001918876999980057,0.7212826553388636,0.8547719168217895,0.8041374524976197,-0.024897257638557664,-0.004553558349920739,0.04464619587353058,0.7216346751142605,0.8531904163639322,0.8066332927032608,-0.02440690809866417,-0.006555305705774693,0.047810422771626816,-0.1409259016132245,2.9989896161616945,1.4431167224041452,1,1,0,0.0007392990000880673,28,0.0,0.0,9.416689524149169e-05,0.010000000000000002,-0.10891500465645608,3.1785796643063864,1.4108659350255641,-0.0320108969567684,-0.17959004814469176,0.03225078737858121,-0.1409259016132245,2.9989896161616945,1.4431167224041452,False,False,False
1790735232.886323,TRACK,0.009956495000000001,0.0018144769999253185,0.7210326399881124,0.8547254819923289,0.8045860176836159,-0.02506301853088931,-0.004714835078873186,0.0450183994030513,0.7213908163867614,0.8531242856491232,0.8071111147758017,-0.02457809943021094,-0.006728857740340948,0.048171836823661905,-0.1405967225178767,2.996023717082254,1.4429962360071122,1,1,0,0.000727947000086715,28,0.0,0.0,9.559774577389625e-05,0.010000000000000002,-0.10871796854367217,3.1785013415246284,1.4108234470395091,-0.03187875397420453,-0.18247762444237423,0.03217278896760321,-0.1405967225178767,2.996023717082254,1.4429962360071122,False,False,False
1790735232.8963244,TRACK,0.010001359000000001,0.0018158699999730743,0.7207809940574181,0.8546774191638384,0.8050381438276659,-0.02521867310389972,-0.0048785561626017125,0.0453613298420959,0.7211441381955213,0.8530561103817917,0.8075947209950085,-0.02475099028005768,-0.006904573922998079,0.04853654181089059,-0.14047695140113525,2.9932003383655896,1.4430268683310417,1,1,0,0.0007357920001140883,28,0.0,0.0,9.698317790712163e-05,0.010000000000000002,-0.10851791617346529,3.178419450038771,1.4107803280868598,-0.03195903522766996,-0.18521911167318136,0.032246540244181734,-0.14047695140113525,2.9932003383655896,1.4430268683310417,False,False,False
1790735232.9063401,TRACK,0.010015647,0.001840817999891442,0.7205277994910562,0.8546277371736597,0.8054936543467068,-0.025380625272844782,-0.005039506526596916,0.04570832703263979,0.720895370070163,0.8529860695981436,0.8080826818066263,-0.024925063082031695,-0.007081930241092997,0.04890343428060518,-0.14038893486555282,2.990300342051216,1.4430541524396727,1,1,0,0.0007364930002040637,28,0.0,0.0,9.84073842299508e-05,0.010000000000000002,-0.1083154258040202,3.17833418381099,1.4107367023334114,-0.032073509061532626,-0.1880338417597737,0.032317450106261345,-0.14038893486555282,2.990300342051216,1.4430541524396727,False,False,False
1790735232.9163244,TRACK,0.009984147,0.0018748729999060743,0.7202729349920061,0.8545764351001086,0.8059527702016132,-0.025553872358521877,-0.005202886101086906,0.046082331037051075,0.7206456444397994,0.8529144742137879,0.8085727735715297,-0.025099522358730864,-0.007260113137704565,0.049270829273546,-0.14013412650342522,2.9872586282812454,1.4429706770235926,1,1,0,0.0007430260000091948,28,0.0,0.0,9.98903637750666e-05,0.010000000000000002,-0.10811141427836327,3.178245913245052,1.4106927666052915,-0.03202271222506196,-0.19098728496380676,0.03227791041830101,-0.14013412650342522,2.9872586282812454,1.4429706770235926,False,False,False
1790735232.9263604,TRACK,0.010036166000000001,0.0018962030001148378,0.7200163157994277,0.8545234729033897,0.8064156929207122,-0.025725079259734277,-0.005370572124909798,0.04645937318915444,0.7203928575163541,0.8528407058929018,0.8090691239703598,-0.025275833112459418,-0.007440618177446126,0.04964180170376814,-0.1406778719545915,2.982706848576931,1.442317662503438,1,1,0,0.00077455599989662,29,0.0,0.0,8.659483061883815e-05,0.010000000000000002,-0.10790415379926739,3.178153861794491,1.4106481481818964,-0.03277371815532411,-0.1954470132175599,0.031669514321541616,-0.1406778719545915,2.982706848576931,1.442317662503438,False,False,False
1790735232.9363692,TRACK,0.010008964,0.00187706699989576,0.7197578282548269,0.8544687325310587,0.8068820680559012,-0.025934492063994417,-0.005557200417795595,0.04674550828692931,0.7201389887241783,0.8527653263208904,0.8095678453818058,-0.025452609640998998,-0.007622024665634859,0.050013423460513746,-0.14002954378999005,2.9804850675165278,1.4427049151288633,1,1,0,0.0007695660001445503,29,0.0,0.0,8.860035806570945e-05,0.010000000000000002,-0.10769520820956799,3.1780588056222,1.4106032064601752,-0.03233433558042205,-0.19757373810567233,0.03210170866868804,-0.14002954378999005,2.9804850675165278,1.4427049151288633,False,False,False
1790735232.9463427,TRACK,0.009973026000000001,0.0019245680000494758,0.7194972242120743,0.8544122165586305,0.8073510394248915,-0.026136435977416606,-0.005726359182543258,0.04703716755281496,0.7198842669621864,0.8526884047190414,0.8100684836382033,-0.025629687392737712,-0.007804127625829553,0.050385304339977434,-0.13933744626226363,2.97799840589977,1.4429740478487858,1,1,0,0.0007688350001444633,29,0.0,0.0,8.965917881422898e-05,0.010000000000000002,-0.10748467684999516,3.1779609941039664,1.4105580040277854,-0.03185276941226847,-0.199962588204196,0.032416043821000454,-0.13933744626226363,2.97799840589977,1.4429740478487858,False,False,False
1790735232.9563997,TRACK,0.010058047,0.0020789120001154515,0.7192347351329405,0.8543539803375886,0.8078234992323736,-0.026306465275384324,-0.005900636804489714,0.04742897637277849,0.7196255802763514,0.8526089811807621,0.8105771541887015,-0.02580922202289129,-0.007989131925775442,0.050761943135218236,-0.13926010919310683,2.9750020296416095,1.4430275647272879,1,1,0,0.0007652279998637823,29,0.0,0.0,9.095841493164004e-05,0.010000000000000002,-0.10727011109686027,3.1778589428357913,1.4105119505667474,-0.03198999809624656,-0.20285691319418184,0.03251561416054039,-0.13926010919310683,2.9750020296416095,1.4430275647272879,False,False,False
1790735232.9663775,TRACK,0.009976994000000001,0.0018924459998288512,0.71897059038817,0.8542941153871251,0.8082999918456988,-0.026489565637546876,-0.006070568236768825,0.047861328024745166,0.719367189512748,0.8525283526377077,0.8110854760440644,-0.025988252245647193,-0.00817398301999112,0.05113711639447605,-0.13891718916946008,2.971625869464994,1.4428099331511621,1,1,0,0.000759005999952933,29,0.0,0.0,9.234014179391697e-05,0.010000000000000002,-0.10705503811062979,3.177754307849262,1.4104658023709067,-0.03186215105883029,-0.20612843838426748,0.032344130780255526,-0.13891718916946008,2.971625869464994,1.4428099331511621,False,False,False
1790735232.9763303,TRACK,0.009952887,0.001856858000110151,0.7187046996149062,0.8542324482440762,0.80878090981557,-0.02664484895025579,-0.006245623226612945,0.04827111919657187,0.7191076387052532,0.8524460747265236,0.8115963069424901,-0.026167787566829637,-0.008359714170090321,0.051512935146573686,-0.13874434346885936,2.968277256047477,1.442618157276902,1,1,0,0.0007442280000304891,29,0.0,0.0,9.36990518004538e-05,0.010000000000000002,-0.10683825136547562,3.1776465188758447,1.4104192995556868,-0.03190609210338374,-0.20936926282836787,0.03219885772121517,-0.13874434346885936,2.968277256047477,1.442618157276902,False,False,False
1790735232.9863532,TRACK,0.010023141000000001,0.001931090999960361,0.7184372170008908,0.8541690297719384,0.8092656626692634,-0.026806039974621786,-0.0064182644137968335,0.04862939041452423,0.718844445216316,0.852361341171888,0.8121145316077629,-0.026349539177779283,-0.008548094685389985,0.051892967467315296,-0.13875011203716034,2.9651318590848845,1.4426518572491491,1,1,0,0.0007620129999850178,29,0.0,0.0,9.498380972684851e-05,0.010000000000000002,-0.10661766563214573,3.177534503238844,1.410371994107043,-0.03213244640501461,-0.2124026441539594,0.0322798631421061,-0.13875011203716034,2.9651318590848845,1.4426518572491491,False,False,False
1790735232.9963322,TRACK,0.009978676,0.0018011829999977635,0.7181680567098576,0.8541038958048617,0.8097539350066176,-0.026987661539113278,-0.006589496719019415,0.04899317018877869,0.7185806049602811,0.852275101233947,0.812634248864661,-0.026531433021728643,-0.008736972741558113,0.05227286383342481,-0.13845992855450065,2.9619375429210897,1.4426280688527588,1,1,0,0.0007384769999134733,29,0.0,0.0,9.63065626671582e-05,0.010000000000000002,-0.1063957825197023,3.1774195026834295,1.4103244217343514,-0.032064146034798346,-0.21548195976233975,0.032303647118407504,-0.13845992855450065,2.9619375429210897,1.4426280688527588,False,False,False
1790735233.006349,TRACK,0.01001694,0.0018474099999821192,0.7178970409289009,0.8540370171171112,0.8102459835796427,-0.0271687592867849,-0.006766475148596502,0.049376813299623956,0.7183139227036667,0.8521866283063043,0.8131597794674517,-0.026714978724758965,-0.008927912014298347,0.052655766260252916,-0.13829059168573102,2.9586870891010717,1.4426054647271818,1,1,0,0.0007494080000469694,29,0.0,0.0,9.765588406747075e-05,0.010000000000000002,-0.10617075018228309,3.1773005399186713,1.4102761845476806,-0.03211984150344793,-0.21861345081759986,0.032329280179501256,-0.13829059168573102,2.9586870891010717,1.4426054647271818,False,False,False
1790735233.0163639,TRACK,0.010015236,0.0018876169999657577,0.7176241997321897,0.8539683702303495,0.8107418999254916,-0.02735471716324398,-0.0069427885251582425,0.04976657959587118,0.7180454429179307,0.8520962515877878,0.8136890629489157,-0.026899451655818026,-0.009120156891109624,0.0530401491803959,-0.13809765470695753,2.955347024728365,1.4425518285553536,1,1,0,0.0007546879999154044,29,0.0,0.0,9.902935134548849e-05,0.010000000000000002,-0.10594343945398065,3.1771780431523955,1.4102274684161358,-0.03215421525297689,-0.2218310184240308,0.0323243601392179,-0.13809765470695753,2.955347024728365,1.4425518285553536,False,False,False
1790735233.0263555,TRACK,0.009991080000000001,0.0018894599998020567,0.7173494713530326,0.8538979495982133,0.8112417460709889,-0.027544923379016047,-0.007121248692967154,0.05016062458776886,0.7177757650398043,0.8520041677732763,0.814220913279682,-0.027084437031712687,-0.009313270054904474,0.05342513852139703,-0.1383872048979807,2.95052004598005,1.441862851922964,1,1,0,0.0007763000000977627,30,0.0,0.0,8.589097887873697e-05,0.010000000000000002,-0.10571435445169189,3.1770522736570754,1.410178380473331,-0.03267285044628882,-0.22653222767702536,0.03168447144963283,-0.1383872048979807,2.95052004598005,1.441862851922964,False,False,False
1790735233.0363643,TRACK,0.010008794000000001,0.0019302690000131406,0.7170727274334707,0.8538256288251507,0.8117452296914873,-0.02775658947409258,-0.007321003806650352,0.0504592239685337,0.7175037511004446,0.851909979486344,0.8147575709198821,-0.027270711615595966,-0.009508058244386922,0.053812339643386685,-0.13779072324063715,2.947973569158126,1.442245527182736,1,1,0,0.0007773520001137513,30,0.0,0.0,8.777611470804978e-05,0.010000000000000002,-0.1054825229266999,3.1769226806802915,1.4101287114917167,-0.032308200313937246,-0.22894911152216524,0.032116815691019165,-0.13779072324063715,2.947973569158126,1.442245527182736,False,False,False
1790735233.0463634,TRACK,0.009998775000000001,0.0019700340001236327,0.7167938748497162,0.8537514130918691,0.8122513791800055,-0.02796233308714865,-0.007501091386209632,0.050757295439728276,0.717230143052535,0.851813932160365,0.8152975685694642,-0.027457762822207066,-0.00970398191562249,0.05420067473859858,-0.13723542531462674,2.9451755323772026,1.4425536820147875,1,1,0,0.0007631539999692905,30,0.0,0.0,8.877205442614509e-05,0.010000000000000002,-0.10524857009783092,3.1767895920385985,1.4100785945273882,-0.03198685521679582,-0.2316140596613956,0.03247508748739945,-0.13723542531462674,2.9451755323772026,1.4425536820147875,False,False,False
1790735233.0563633,TRACK,0.010000067000000001,0.0019048699998620577,0.7165130510548492,0.8536753748696899,0.8127611170725961,-0.02814964733835259,-0.007685725553356035,0.05116769389316986,0.7169546241807547,0.8517159064030363,0.8158415271999452,-0.027645803424409924,-0.009901259522420148,0.05459057427280239,-0.13692702235491291,2.941793241907479,1.4425148892426405,1,1,0,0.0007708590001129778,30,0.0,0.0,9.000183899425177e-05,0.010000000000000002,-0.10501221992189855,3.1766528347982814,1.410027969518981,-0.03191480243301437,-0.2348595928908024,0.03248691972365944,-0.13692702235491291,2.941793241907479,1.4425148892426405,False,False,False
1790735233.0663795,TRACK,0.010016309000000001,0.0023622819999218336,0.7162304226311855,0.8535974801813815,0.8132752367948699,-0.02832604887858686,-0.007872096313635262,0.051610555650131056,0.7166767679582818,0.8516157371745765,0.8163902854171662,-0.02783511950805279,-0.010100187951733302,0.05498261811229579,-0.13683814827217203,2.9381384336769525,1.4423569641803375,1,1,0,0.0007695869999224669,30,0.0,0.0,9.127069011411791e-05,0.010000000000000002,-0.10477309831021682,3.176512167693025,1.4099767554146097,-0.0320650499619552,-0.2383737340160726,0.03238020876572786,-0.13683814827217203,2.9381384336769525,1.4423569641803375,False,False,False
1790735233.076375,TRACK,0.009995418,0.002171628000041892,0.7159459987419643,0.8535178084925619,0.8137935897001167,-0.028520965530953058,-0.008061664298538489,0.052039843871360576,0.7163975960897948,0.8515137839382323,0.8169418211554529,-0.02802501096248535,-0.010300027173058708,0.055375344648131736,-0.13652438425776414,2.934538977800389,1.442217586325268,1,1,0,0.0008981409998796153,30,0.0,0.0,9.250817459996024e-05,0.010000000000000002,-0.10453207891543437,3.176368087631208,1.409925138374257,-0.03199230534232978,-0.24182910983081898,0.03229244795101087,-0.13652438425776414,2.934538977800389,1.442217586325268,False,False,False
1790735233.0863757,TRACK,0.010001079000000001,0.002344917999835161,0.7156597001845357,0.8534362529536708,0.8143160625128365,-0.028704361304822276,-0.008254361241901167,0.0524435036675437,0.7161163615926637,0.8514097671663692,0.8174976055320637,-0.02821598239430913,-0.010501303293815451,0.0557697863922774,-0.13631940443066778,2.931029007276785,1.4421675362492252,1,1,0,0.0009719020001739409,30,0.0,0.0,9.373715468920493e-05,0.010000000000000002,-0.1042885124652646,3.1762201931989225,1.409872978372621,-0.03203089196540319,-0.2451911859221376,0.03229455787660435,-0.13631940443066778,2.931029007276785,1.4421675362492252,False,False,False
1790735233.0963693,TRACK,0.009993355,0.001991374999988693,0.7153716010303404,0.8533527932771232,0.8148424489699675,-0.028886422717595284,-0.008443355977199323,0.05283177114389412,0.7158334317234551,0.851303813478786,0.8180569083647509,-0.028407780289801874,-0.010703744715236711,0.056165407531489825,-0.13613062519841368,2.9274930411506626,1.442135326016798,1,1,0,0.0008228980000239972,30,0.0,0.0,9.497380728205899e-05,0.010000000000000002,-0.10404271119812838,3.1760686563809015,1.4098203412923542,-0.0320879140002853,-0.24857561523023886,0.03231498472444361,-0.13613062519841368,2.9274930411506626,1.442135326016798,False,False,False
1790735233.1063652,TRACK,0.009995789000000001,0.0018837899999653018,0.7150816648335434,0.853267337535625,0.815372887812468,-0.029063291597269104,-0.008631862458184017,0.05322278717269374,0.7155485106614973,0.8511958035843618,0.818620309833947,-0.028600601194052586,-0.010907554261137912,0.056562601422710065,-0.13602340029674664,2.9238836109599973,1.4420883467588812,1,1,0,0.0007791149998865876,30,0.0,0.0,9.623243922704834e-05,0.010000000000000002,-0.10379441269295554,3.1759132990196446,1.4097671699374565,-0.03222898760379109,-0.2520296880596472,0.032321176821424706,-0.13602340029674664,2.9238836109599973,1.4420883467588812,False,False,False
1790735233.1163645,TRACK,0.009999206,0.001887466999960452,0.7148039887083533,0.8531806199393213,0.8159082794219108,-0.02679562508851725,-0.008886023319983661,0.05386202036706152,0.7152615589220984,0.8510857118967416,0.8191878835538491,-0.028794467274204844,-0.011112751132614817,0.0569614006580127,-0.161010598773923,2.9126293440059907,1.4400536043951058,1,1,0,0.0007680239998535399,30,0.0,0.0,9.974779951833757e-05,0.010000000000000002,-0.103543575881687,3.175754075392129,1.409713454498807,-0.057467022892236014,-0.263124731386138,0.030340149896298692,-0.161010598773923,2.9126293440059907,1.4400536043951058,False,False,False
1790735233.1263623,TRACK,0.009997823000000001,0.0018889790001139772,0.7145231248438852,0.8530866863761553,0.8164526136790071,-0.029756099013486057,-0.00973285709025791,0.05506278944686349,0.714972703861548,0.8509735774776716,0.8197593729338652,-0.028989288099236336,-0.0113192351341244,0.05736160632353133,-0.1352386653764056,2.9203572611477,1.4420317688227355,1,1,0,0.0007705979999172996,30,0.0,0.0,9.613871775049204e-05,0.010000000000000002,-0.10329030590894571,3.175591033644316,1.4096592164614348,-0.031948359467459914,-0.2552337724966159,0.03237255236130081,-0.1352386653764056,2.9203572611477,1.4420317688227355,False,False,False
1790735233.136368,TRACK,0.010005818000000001,0.001970584999980929,0.7142120034004309,0.8529848187644031,0.8170124672717174,-0.030648619749549827,-0.010855701437097819,0.057020584698621354,0.7146816627653776,0.8508592799422305,0.8203353325901277,-0.029185249707902927,-0.011527199059740137,0.05776358717051106,-0.12308613988697492,2.925902544941256,1.442812675724586,1,1,0,0.0008454710000478372,30,0.0,0.0,9.643786113454139e-05,0.010000000000000002,-0.10303434821242669,3.1754239898712155,1.4096044002608068,-0.020051791674548236,-0.24952144492995948,0.03320827546377932,-0.12308613988697492,2.925902544941256,1.442812675724586,False,False,False
1790735233.1464024,TRACK,0.010034553,0.002273963999869011,0.7139043571660215,0.8528720946815156,0.8175897797663927,-0.030570599070409838,-0.011606256024991022,0.05829640259593594,0.7143878116679624,0.8507425577303377,0.8209169930879692,-0.02938276603867018,-0.01173707891947371,0.05816817614188764,-0.12203467733631998,2.9275232996812113,1.4433309243676304,1,1,0,0.0009087519999866345,30,0.0,0.0,9.62378302359092e-05,0.010000000000000002,-0.102775143909106,3.1752525491674586,1.4095488851216658,-0.01925953342721399,-0.2477292494862473,0.03378203924596478,-0.12203467733631998,2.9275232996812113,1.4433309243676304,False,False,False
1790735233.1563158,TRACK,0.009913142,0.0019264109998857748,0.7136047760810635,0.8527530010891944,0.8181777022017558,-0.02959576337679922,-0.012120474739197619,0.05921307547064866,0.7140955649351254,0.8506251733487886,0.821495609469029,-0.029578870242585147,-0.011945713744179663,0.05856929104852287,-0.13113736847078977,2.9251841726168544,1.443072441999893,1,1,0,0.0007968889999574458,30,0.0,0.0,9.687419890646727e-05,0.010000000000000002,-0.10251659176031726,3.1750793040775394,1.409493505047297,-0.02862077671047251,-0.24989513146068515,0.033578936952596,-0.13113736847078977,2.9251841726168544,1.443072441999893,False,False,False
1790735233.1663957,TRACK,0.010080160000000001,0.002149336000002222,0.7133122604713771,0.8526294002452683,0.8187748274998468,-0.029391150698721807,-0.01249694793004577,0.060146099921717065,0.7137963959704827,0.8505036838683268,0.822088059046937,-0.029779277158647352,-0.012159180353607524,0.058978603778715714,-0.1353539664343555,2.922489321005588,1.442439227074354,1,1,0,0.0007894849998137943,30,0.0,0.0,9.721460508742107e-05,0.010000000000000002,-0.10225113715658883,3.1748991597136165,1.4094366407580121,-0.03310282927776665,-0.2524098387080287,0.03300258631634187,-0.1353539664343555,2.922489321005588,1.442439227074354,False,False,False
1790735233.176389,TRACK,0.009993344000000001,0.002285806999907436,0.7130190964164234,0.8525017190678295,0.8193820468045949,-0.029421328729985544,-0.01301566877289572,0.06125972326538411,0.7134978045151057,0.8503811101078895,0.8226794860498707,-0.029978954415109026,-0.012372116454479222,0.059385815636455765,-0.13655187050630116,2.9215931319585717,1.4419776123166312,1,1,0,0.0009470649999911984,30,0.0,0.0,9.731469303662576e-05,0.010000000000000002,-0.10198541968228189,3.1747165777100976,1.4093797133707358,-0.034566450824019275,-0.25312344575152573,0.03259789894589545,-0.13655187050630116,2.9215931319585717,1.4419776123166312,False,False,False
1790735233.1863778,TRACK,0.009988666,0.0018885479998971277,0.7127226076991588,0.8523689305165405,0.820000417617055,-0.029846960766897714,-0.01350612279243029,0.06231225926767121,0.7131973538299793,0.850256460786283,0.8232747097923198,-0.03017953179696147,-0.01258625161387921,0.05979424518575531,-0.133620927433242,2.9220407965097603,1.4417873951714788,1,1,0,0.0007794349999130645,30,0.0,0.0,9.712079224854969e-05,0.010000000000000002,-0.10171727573334896,3.174530084972326,1.4093222583222753,-0.03190365169989303,-0.2524892884625655,0.03246513684920339,-0.133620927433242,2.9220407965097603,1.4417873951714788,False,False,False
1790735233.1963618,TRACK,0.009983876000000001,0.0018596640002215281,0.7124222293042264,0.8522317976817497,0.8206279089368884,-0.03012899962681867,-0.013901892527026876,0.0631090762368731,0.712895040199192,0.8501297273865767,0.8238737318185214,-0.030381007863031585,-0.01280157881926274,0.0602038768288919,-0.1317076241003458,2.922479621785886,1.4418990347027727,1,1,0,0.0007480149999992136,30,0.0,0.0,9.708762076773779e-05,0.010000000000000002,-0.10144669744954067,3.174339662296714,1.4092642728048936,-0.030260926650805126,-0.2518600405108282,0.03263476189787915,-0.1317076241003458,2.922479621785886,1.4418990347027727,False,False,False
1790735233.2063742,TRACK,0.010012721,0.0022909869999239163,0.7121206200277408,0.852090879423482,0.8212626304298363,-0.030160918868674752,-0.01427041446408267,0.06380927854649643,0.7125898278930735,0.850000462217979,0.8244785989488382,-0.03058406718639967,-0.013018825299124407,0.06061608642104875,-0.13241744636715674,2.9224362811346087,1.442065891569839,1,1,0,0.0009218459999829065,30,0.0,0.0,9.708687490228659e-05,0.010000000000000002,-0.1011727494379781,3.1741446265339213,1.4092055551752685,-0.031244696929178632,-0.25170834539931264,0.032860336394570595,-0.13241744636715674,2.9224362811346087,1.442065891569839,False,False,False
1790735233.216401,TRACK,0.010026588000000001,0.002053694000096584,0.711818713729726,0.851946381537056,0.8219044567198459,-0.030239744331459668,-0.014612461444861908,0.06454102259782246,0.7122821504410175,0.849868831765292,0.8250884466734445,-0.03078841463337849,-0.01323767139143034,0.06103025683781592,-0.13312792930671688,2.921951643030413,1.4419804179305629,1,1,0,0.0008766909998030314,30,0.0,0.0,9.710982832156185e-05,0.010000000000000002,-0.10089581028956923,3.1739452162124002,1.4091461853415672,-0.03223211901714764,-0.25199357318198734,0.03283423258899559,-0.13312792930671688,2.921951643030413,1.4419804179305629,False,False,False
1790735233.2263308,TRACK,0.009929944000000001,0.00215975600008278,0.7115306359842988,0.8518060000676684,0.8225211946363435,-0.030413519461450805,-0.014928125744373702,0.06526686308087389,0.7119754142869432,0.8497363010445808,0.8256965158722153,-0.030991787656533244,-0.013455685940125086,0.06144179656706189,-0.13452584830595352,2.921282864396074,1.4422104458016798,1,1,0,0.0007691260000228795,30,0.0,0.0,9.721909562050104e-05,0.010000000000000002,-0.10061895021304719,3.173743653103779,1.409086820455054,-0.03390689809290633,-0.252460788707705,0.03312362534662582,-0.13452584830595352,2.921282864396074,1.4422104458016798,False,False,False
1790735233.236366,TRACK,0.010034974,0.001829787000133365,0.7112251505946334,0.851654688834623,0.8231786206311078,-0.03069976061135288,-0.015348269458166672,0.06625375723303055,0.7116633770781706,0.8496001627464947,0.8263151751515528,-0.03119832012986375,-0.013677295192482368,0.06185905585075761,-0.1333014152598929,2.9211239907972875,1.4417069865363694,1,1,0,0.0007577139999739302,30,0.0,0.0,9.712699443154092e-05,0.010000000000000002,-0.10033652840932816,3.173535811294007,1.409026249789548,-0.03296488685056473,-0.25241182049671934,0.03268073674682142,-0.1333014152598929,2.9211239907972875,1.4417069865363694,False,False,False
1790735233.246385,TRACK,0.010019434,0.0022348190000229806,0.7109162804608689,0.8514992392277012,0.8238459327984042,-0.03102695546160955,-0.015701320627082002,0.0670883258530261,0.7113497502710183,0.8494620101251709,0.8269370606786318,-0.031405546234423855,-0.013899850487837593,0.06227702971116048,-0.13143395465745739,2.921086532866627,1.4413121231792192,1,1,0,0.0009262140001737862,30,0.0,0.0,9.707732438689058e-05,0.010000000000000002,-0.10005188829317292,3.173324105347934,1.4089651890103394,-0.031382066364284464,-0.25223757248130696,0.03234693416887988,-0.13143395465745739,2.921086532866627,1.4413121231792192,False,False,False
1790735233.2564464,TRACK,0.010061144000000001,0.002325933000065561,0.7105891711621348,0.8513329945543315,0.8245534710895939,-0.0312383461316178,-0.01593705619115739,0.06759514189614249,0.7110327234641944,0.849321032067642,0.8275657559380567,-0.03161465617776034,-0.014124625114509829,0.06269810155637569,-0.12901640627216912,2.920989458976755,1.4407701604852,1,1,0,0.0009679639999831124,30,0.0,0.0,9.701960768337613e-05,0.010000000000000002,-0.09976337829542457,3.173107281824483,1.4089032825244203,-0.02925302797674454,-0.2521178228477281,0.03186687796077968,-0.12901640627216912,2.920989458976755,1.4407701604852,False,False,False
1790735233.2663517,TRACK,0.009905256000000001,0.001977608000061082,0.7102764759868618,0.8511730238572675,0.825230273067949,-0.031261216817069615,-0.016037092015175877,0.06769134900993307,0.7107185484640403,0.8491800228445673,0.8281888552429031,-0.03182152788823318,-0.014347179213562142,0.06311396854583,-0.1299034065001041,2.9204030209718663,1.441104021849211,1,1,0,0.0008094229999642266,30,0.0,0.0,9.713539314524804e-05,0.010000000000000002,-0.09947669579872814,3.172889644224458,1.4088417518714995,-0.030426710701375946,-0.2524866232525917,0.03226226997771142,-0.1299034065001041,2.9204030209718663,1.441104021849211,False,False,False
1790735233.276413,TRACK,0.010061154000000001,0.0019433639999988372,0.7099640720076552,0.8510117459617135,0.8259083005907781,-0.03126209833017463,-0.016239914257152654,0.06798876834857143,0.71039732584134,0.8490345311161499,0.8288259851470569,-0.03203267514430771,-0.014574514480760836,0.06353771041391854,-0.13189574754436495,2.9198421102355065,1.4414347606760494,1,1,0,0.0007621530000960774,30,0.0,0.0,9.714054152289918e-05,0.010000000000000002,-0.09918280233171425,3.172664314929742,1.4087786558634336,-0.03271294521265071,-0.25282220469423544,0.032656104812615785,-0.13189574754436495,2.9198421102355065,1.4414347606760494,False,False,False
1790735233.2863665,TRACK,0.009953489000000001,0.0018603550001898839,0.7096508143473725,0.8508476915260506,0.8265913376277378,-0.031433334137003194,-0.016570722700651557,0.06865503588319392,0.7100774451749338,0.848888339314253,0.829460498771856,-0.03224257610696121,-0.014800681140722962,0.06395822584352212,-0.13186048625486357,2.9196025511446537,1.441186070237582,1,1,0,0.0008013579999897047,30,0.0,0.0,9.703241047259603e-05,0.010000000000000002,-0.09888936293509733,3.172437139317953,1.4087156387225233,-0.03297112331976626,-0.25283458817329924,0.03247043151505872,-0.13186048625486357,2.9196025511446537,1.441186070237582,False,False,False
1790735233.296412,TRACK,0.010045533,0.0018507170000248152,0.7093349206670974,0.8506803840224659,0.8272813972451383,-0.03172591030116078,-0.01685863670392324,0.06928348564062134,0.7097524829990398,0.848738506779534,0.8301051303986102,-0.03245544196869866,-0.015030210257559413,0.06438393827222422,-0.1309961494151771,2.9193378213036407,1.4409649958289363,1,1,0,0.000770228000192219,30,0.0,0.0,9.701233078472498e-05,0.010000000000000002,-0.09859048170161479,3.1722035422774395,1.4086514330350968,-0.0324056677135623,-0.25286572097379856,0.032313562793839484,-0.1309961494151771,2.9193378213036407,1.4409649958289363,False,False,False
1790735233.306407,TRACK,0.009994938,0.0019390550000935036,0.7090162209620567,0.8505106043307737,0.8279767874933164,-0.03198386015923525,-0.01708625476751924,0.06975511636940104,0.7094270301750187,0.8485871342070193,0.8307507660335305,-0.0326682585843738,-0.015259846657590453,0.06480880009123169,-0.13024764984904472,2.9189727622479924,1.440841841936235,1,1,0,0.0007930419999411242,30,0.0,0.0,9.703389685106647e-05,0.010000000000000002,-0.09829037110241214,3.1719667870985755,1.408586942305356,-0.03195727874663259,-0.2529940248505832,0.03225489963087886,-0.13024764984904472,2.9189727622479924,1.440841841936235,False,False,False
1790735233.316403,TRACK,0.009995859000000001,0.0018638720000581088,0.7086951874863461,0.8503386183054289,0.8286765668529057,-0.03219997354520424,-0.017312193670202227,0.07018995157691024,0.7090994148703736,0.8484334458850825,0.8314007146193537,-0.03288211727102385,-0.015490760525688171,0.06523498042171873,-0.12989517427065442,2.918602731763278,1.440772438189449,1,1,0,0.0007736439999916911,30,0.0,0.0,9.704024480954311e-05,0.010000000000000002,-0.09798749016373882,3.1717256589685623,1.4085218342391057,-0.0319076841069156,-0.25312292720528445,0.032250603950343085,-0.12989517427065442,2.918602731763278,1.440772438189449,False,False,False
1790735233.3264174,TRACK,0.010014756000000001,0.002189332999932958,0.7083722203706584,0.8501641867387093,0.829380862527489,-0.032384823682220044,-0.017568963979271858,0.07065738812548605,0.708769031307766,0.848277145998169,0.8320561704220121,-0.03309740768447237,-0.015723366751769965,0.0656632382262274,-0.12990492545813304,2.9183438913847586,1.4407334171691597,1,1,0,0.0008973799999694165,30,0.0,0.0,9.699520754095056e-05,0.010000000000000002,-0.0976812715105538,3.171479684477381,1.4084559854822836,-0.03222365394757924,-0.2531357930926226,0.03227743168687622,-0.12990492545813304,2.9183438913847586,1.4407334171691597,False,False,False
1790735233.336436,TRACK,0.010018753,0.0023013959998934297,0.7080472714767838,0.8499872139708877,0.8300898593618209,-0.032600914743319186,-0.017813116249850557,0.07112104671379466,0.708436353351078,0.8481184465587168,0.8327161856217935,-0.033313815048254036,-0.015957319344659132,0.06609292923969483,-0.1297221376355992,2.917984902248592,1.440638016789769,1,1,0,0.0009549090000291471,30,0.0,0.0,9.697667629451735e-05,0.010000000000000002,-0.09737214669778296,3.1712291876688288,1.4083894874160463,-0.03234999093781624,-0.2532442854202368,0.032248529373722676,-0.1297221376355992,2.917984902248592,1.440638016789769,False,False,False
1790735233.346323,TRACK,0.009886811,0.0023335569999289874,0.7077200107495605,0.8498078896613617,0.8308034018325854,-0.032839653980973015,-0.01804365884028624,0.07156758287769521,0.7081059260798832,0.8479595332121956,0.8333717351480104,-0.0335283853297021,-0.016189415787659447,0.0665181877730933,-0.12879021354121248,2.917651193373577,1.4403762778974725,1,1,0,0.0009636360000513378,30,0.0,0.0,9.694838526808264e-05,0.010000000000000002,-0.0970643489631013,3.1709776255792885,1.4083232498209568,-0.03172586457811117,-0.2533264322057115,0.03205302807651561,-0.12879021354121248,2.917651193373577,1.4403762778974725,False,False,False
1790735233.3563178,TRACK,0.009994847000000001,0.0023298599999179714,0.7073904545023444,0.8496263558133226,0.8315210498189822,-0.03304640788578084,-0.018250936013344366,0.07192313878913065,0.707769726720623,0.8477965447911003,0.8340387277847031,-0.03374632496132567,-0.016425280825756214,0.0669493198309524,-0.12861084742687118,2.9172772370677658,1.440357903997739,1,1,0,0.0009549700000661687,30,0.0,0.0,9.695605845504332e-05,0.010000000000000002,-0.09675040291706816,3.1707188816121867,1.4082556627480747,-0.031860444509803014,-0.2534416445444209,0.03210224124966441,-0.12861084742687118,2.9172772370677658,1.440357903997739,False,False,False
1790735233.3663232,TRACK,0.010005438,0.0024027889999160834,0.7070590284342861,0.84944276902986,0.8322420466219684,-0.03323512848040692,-0.018465793096342574,0.07227897583388002,0.7074309842037455,0.8476310162887744,0.8347107492759103,-0.033965529358920075,-0.016662632364804413,0.06738213206947503,-0.1287220996811157,2.9168657722198392,1.4403645799405826,1,1,0,0.0009554209998441365,30,0.0,0.0,9.694987181787714e-05,0.010000000000000002,-0.09643330529142734,3.1704553727765297,1.4081873695069194,-0.03228879438968835,-0.25358960055669033,0.032177210433663374,-0.1287220996811157,2.9168657722198392,1.4403645799405826,False,False,False
1790735233.376407,TRACK,0.010083747,0.0023096610000266082,0.7067255639514007,0.8492568960978968,0.8329669655663485,-0.03345408325735939,-0.01870824699640763,0.07270830761392254,0.7070873661469903,0.8474617832194885,0.8353924180644607,-0.03418749790122234,-0.016903088650046867,0.0678195578628273,-0.12890500313575698,2.9164249260016852,1.4403526178581747,1,1,0,0.0009506919998329977,30,0.0,0.0,9.69528340241438e-05,0.010000000000000002,-0.09611085759290011,3.1701852286075773,1.4081178948355646,-0.032794145542856874,-0.2537603026058919,0.03223472302261017,-0.12890500313575698,2.9164249260016852,1.4403526178581747,False,False,False
1790735233.386386,TRACK,0.009978837,0.0021287869999468967,0.706389669479015,0.8490684445185739,0.8336966055892097,-0.03371835994004589,-0.018979327745783155,0.07321635562996488,0.7067451143860923,0.8472919176859264,0.8360713431689683,-0.034408195257241724,-0.017142270975520502,0.06825363213236431,-0.1281578230211541,2.916163136765409,1.4401331192013411,1,1,0,0.0007929810001314763,30,0.0,0.0,9.689188110662912e-05,0.010000000000000002,-0.09578891546528909,3.169913348997328,1.4080484991059037,-0.03236890755586503,-0.25375021223191946,0.03208462009543746,-0.1281578230211541,2.916163136765409,1.4401331192013411,False,False,False
1790735233.3964093,TRACK,0.010023181,0.0018827280000550672,0.7060510279478889,0.848877342352008,0.8344312162301861,-0.03398419354932502,-0.019221984878518006,0.07365708889220057,0.7063991195103378,0.84711888847658,0.8367576517141734,-0.03463091486428202,-0.017383740756255428,0.06869082390310875,-0.1275492179854194,2.9158557868169854,1.4400141196287877,1,1,0,0.000782610999976896,30,0.0,0.0,9.687841518904798e-05,0.010000000000000002,-0.09546267505152621,3.1696356821876597,1.4079781456850047,-0.0320865429338932,-0.25377989537067447,0.03203597394378294,-0.1275492179854194,2.9158557868169854,1.4400141196287877,False,False,False
1790735233.4063187,TRACK,0.009909735000000001,0.0022648670001217397,0.7057099557289588,0.8486839652741853,0.8351697414297012,-0.034213795251713926,-0.019444055641004293,0.0740269087744023,0.7060548410166027,0.8469454323340998,0.8374405060796613,-0.0348521416667365,-0.017623679146666744,0.06912422597690422,-0.1268056903144517,2.9156006200984796,1.4398729999565612,1,1,0,0.0009339799998997478,30,0.0,0.0,9.682703036973261e-05,0.010000000000000002,-0.09513728758740202,3.16935662053579,1.4079079443523652,-0.03166840272704968,-0.25375600043731017,0.03196505560419585,-0.1268056903144517,2.9156006200984796,1.4398729999565612,False,False,False
1790735233.4163299,TRACK,0.010010998,0.0019795330001670663,0.7053667311714991,0.8484884808340052,0.8359116556635042,-0.03441358053640851,-0.01964323255394438,0.07433331837346041,0.7057048132982192,0.846767783396957,0.8381347049557918,-0.03507666881940631,-0.01786727750523582,0.06956321374807518,-0.12685671379727706,2.915149991083947,1.4398919632414655,1,1,0,0.0008153740000125254,30,0.0,0.0,9.68481853077663e-05,0.010000000000000002,-0.09480569401314569,3.169070099889952,1.4078363707719233,-0.03205101978413138,-0.2539201088060051,0.03205559246954229,-0.12685671379727706,2.915149991083947,1.4398919632414655,False,False,False
1790735233.4263642,TRACK,0.010034333000000001,0.001919216999795026,0.7050215576635255,0.848290946084278,0.8366567289624482,-0.034620106890469605,-0.019865725770454194,0.07469237085909786,0.7053517088164473,0.846587267088348,0.8388349378443126,-0.0353027698555259,-0.018112657019503917,0.07000437862954417,-0.1270121724955837,2.914656093604121,1.4398735564392955,1,1,0,0.0007845350000934559,30,0.0,0.0,9.685363466054339e-05,0.010000000000000002,-0.09447040719546004,3.1687782379340765,1.407763965273298,-0.03254176530012365,-0.2541221443299555,0.032109591165997396,-0.1270121724955837,2.914656093604121,1.4398735564392955,False,False,False
1790735233.4363956,TRACK,0.010031497,0.0028294420001202525,0.70467409673173,0.848090965706028,0.8374059277913917,-0.0348680460165731,-0.02012775542026242,0.07514668359170741,0.7049964310542757,0.8464043346009927,0.839539403435497,-0.035529855672151424,-0.01835916165101213,0.07044654590071614,-0.12672330847550195,2.914302035886479,1.4397564748841494,1,1,0,0.0009925919998750032,30,0.0,0.0,9.681665417217768e-05,0.010000000000000002,-0.0941320932923288,3.168482041180735,1.4076909795778427,-0.032591215183173164,-0.254180005294256,0.03206549530630654,-0.12672330847550195,2.914302035886479,1.4397564748841494,False,False,False
1790735233.4463348,TRACK,0.009939171,0.001962007999964044,0.704323968158838,0.847888371773907,0.8381597481373824,-0.03513973929800611,-0.0203799069277643,0.07559138816329894,0.7046421713350945,0.8462206412085036,0.8402417653554816,-0.035755882275207776,-0.01860455354003779,0.07088572538213397,-0.12575950752811754,2.9140391898347184,1.4395313884733654,1,1,0,0.0008024789999581117,30,0.0,0.0,9.676245220843206e-05,0.010000000000000002,-0.09379397352143197,3.168183921747456,1.4076180036877894,-0.03196553400668556,-0.2541447319127377,0.031913384785575934,-0.12575950752811754,2.9140391898347184,1.4395313884733654,False,False,False
1790735233.456317,TRACK,0.009981913,0.001857630000131394,0.7039712261684956,0.8476834125167869,0.838917564416283,-0.03538054827548057,-0.020597286859907984,0.0759328125203973,0.7042841219898005,0.8460336973747297,0.8409515463037732,-0.035983915117648944,-0.01885215271706447,0.07132786315510095,-0.1252772993022365,2.913708143265034,1.4394813446008397,1,1,0,0.0007627830000274116,30,0.0,0.0,9.674863024776952e-05,0.010000000000000002,-0.09345146688155864,3.1678798284890974,1.4075440440571396,-0.03182583242067785,-0.25417168522406375,0.031937300543700066,-0.1252772993022365,2.913708143265034,1.4394813446008397,False,False,False
1790735233.4664226,TRACK,0.010105939000000001,0.0018318110001018795,0.7036163465987899,0.8474763501073443,0.839678498098805,-0.03558412470199213,-0.02081143138063709,0.07624938020754739,0.7039192997323235,0.8458419070907532,0.8416746477431324,-0.03621583875177215,-0.019103998116219083,0.07177657199949194,-0.12579130620060247,2.913158429390488,1.4395917689313793,1,1,0,0.0007498889999624225,30,0.0,0.0,9.679119187345571e-05,0.010000000000000002,-0.09310169614342077,3.1675671411228508,1.4074684769066925,-0.032689610057181684,-0.2544087117323625,0.03212329202468668,-0.12579130620060247,2.913158429390488,1.4395917689313793,False,False,False
1790735233.4763224,TRACK,0.009899696000000001,0.0018949620000512368,0.7032592425008213,0.8472668821594045,0.8404432596237958,-0.03584189183019034,-0.021084513476708647,0.07672063471469676,0.7035596451098429,0.845651557467421,0.8423873939906904,-0.03644406245697339,-0.01935183878945338,0.0722171603644169,-0.12481698948234096,2.91295082936876,1.4393192484252793,1,1,0,0.0007818399999450776,30,0.0,0.0,9.66775255110028e-05,0.010000000000000002,-0.09275611468742907,3.167256111849933,1.407393775651657,-0.032060874794911896,-0.25430528248117334,0.03192547277362226,-0.12481698948234096,2.91295082936876,1.4393192484252793,False,False,False
1790735233.4863753,TRACK,0.010053139,0.001983931000040684,0.7029175222484971,0.8470654221461764,0.8411740333907689,-0.03607542239387332,-0.021305969389663896,0.07707531453330209,0.7031920985384509,0.8454557408610274,0.8431156564530208,-0.0366768715614272,-0.019604663971281883,0.07266561309273464,-0.12704195301687682,2.9118938305775495,1.4397916748746484,1,1,0,0.0007857179998609354,30,0.0,0.0,9.69514470153378e-05,0.010000000000000002,-0.09240217603483908,3.166935452456825,1.4073172269793865,-0.034639776982037754,-0.2550416218792753,0.03247444789526196,-0.12704195301687682,2.9118938305775495,1.4397916748746484,False,False,False
1790735233.4963188,TRACK,0.009943239000000001,0.0018789000000651868,0.7025551171452014,0.8468506053378473,0.8419480561251369,-0.03644033360792127,-0.02169087162476576,0.07782700259645883,0.7028262625393885,0.8452595591169176,0.8438403973758389,-0.0369081759135995,-0.01985585179951621,0.07311017489941884,-0.1251399615404249,2.9119900366216958,1.439256331785214,1,1,0,0.000774666000097568,30,0.0,0.0,9.667174104493764e-05,0.010000000000000002,-0.09204911831165713,3.1666135064500627,1.4072408270655243,-0.03309084322876776,-0.25462346982836676,0.03201550471968965,-0.1251399615404249,2.9119900366216958,1.439256331785214,False,False,False
1790735233.506352,TRACK,0.01003336,0.001989532000152394,0.7021885518784066,0.8466318615305077,0.8427299520865832,-0.03681612231611491,-0.02200329711955386,0.07841765579473595,0.7024547742406272,0.8450590619395165,0.8445761927205759,-0.03714262689297863,-0.020110445175787573,0.07355977057918722,-0.12326512075839607,2.9120816451920857,1.438971858785494,1,1,0,0.0008101639998585597,30,0.0,0.0,9.657805392294663e-05,0.010000000000000002,-0.09168983423304601,3.166283786567696,1.407163036471138,-0.031575286525350056,-0.2542021413756103,0.031808822314355945,-0.12326512075839607,2.9120816451920857,1.438971858785494,False,False,False
1790735233.5163448,TRACK,0.009992804000000001,0.0021019060000071477,0.7018189774499239,0.846410974150265,0.8435154494155119,-0.037061707180737424,-0.022150406597984097,0.07862301686384801,0.702082444200595,0.8448568306240116,0.8453135024916497,-0.03737718021143532,-0.020365129785892746,0.07400853667970037,-0.12265886727558852,2.9115487326872787,1.4389727126976624,1,1,0,0.0008853470001213282,30,0.0,0.0,9.663932331794136e-05,0.010000000000000002,-0.0913289668542062,3.1659505261303695,1.4070848585851672,-0.03132990042138231,-0.25440179344309066,0.03188785411249519,-0.12265886727558852,2.9115487326872787,1.4389727126976624,False,False,False
1790735233.5263214,TRACK,0.009976903,0.0022501979999560717,0.7014473812455657,0.8461887714857514,0.8443025271459996,-0.03724271078773449,-0.02230865034465807,0.07882732338371298,0.7017083631513436,0.8446523766276511,0.846054117600043,-0.037612407140129894,-0.020620517635776107,0.07445755667996663,-0.12270345599875088,2.9108563876205142,1.4389615030057317,1,1,0,0.000930864000110887,30,0.0,0.0,9.669228220313882e-05,0.010000000000000002,-0.09096563766629377,3.165612919264946,1.4070061018709954,-0.0317378183324571,-0.2547565316444318,0.03195540113473626,-0.12270345599875088,2.9108563876205142,1.4389615030057317,False,False,False
1790735233.5364025,TRACK,0.010080731,0.001970334999896295,0.7010552769337055,0.8459531983398865,0.8451321717206968,-0.03744000938958404,-0.022573697797724,0.07922521943394528,0.7013280001611021,0.8444432013985054,0.8468069950400734,-0.03785114588430272,-0.02087968111602507,0.07491221609748606,-0.12066248258777168,2.911087011838963,1.4384793128475388,1,1,0,0.0008035119999476592,30,0.0,0.0,9.63904154788567e-05,0.010000000000000002,-0.09059543219279405,3.1652668246085884,1.406925807203628,-0.030067050394977635,-0.2541798127696253,0.031553505643910906,-0.12066248258777168,2.911087011838963,1.4384793128475388,False,False,False
1790735233.5463889,TRACK,0.009986221,0.0019040689999201277,0.7006801554785769,0.8457266795651606,0.8459251429331358,-0.037542985647384876,-0.02268999411430612,0.07927593335826072,0.7009488249835152,0.8442334058012383,0.847557337796922,-0.03808870216009,-0.021137515565558977,0.07536355497811265,-0.12161552923217064,2.910306685875204,1.4387240369940795,1,1,0,0.0007714000000760279,30,0.0,0.0,9.655112305310605e-05,0.010000000000000002,-0.09022561605134548,3.164919019797589,1.4068455487524811,-0.03138991318082517,-0.25461233392238497,0.031878488241598404,-0.12161552923217064,2.910306685875204,1.4387240369940795,False,False,False
1790735233.5565429,TRACK,0.010154542,0.0024283180000566063,0.7003040440533512,0.8454990879716906,0.8467184954216451,-0.03769765856808883,-0.022853439494574208,0.07946399241557792,0.7005608206333618,0.8440174281343461,0.8483249543746306,-0.03833134148486126,-0.021400811783717815,0.07582344625309909,-0.12321516195165469,2.909140003665706,1.4389318327180556,1,1,0,0.0009736449999309116,30,0.0,0.0,9.671561097070237e-05,0.010000000000000002,-0.08984640740584292,3.1645602702329305,1.4067632014325058,-0.03336875454581177,-0.25542026656722455,0.03216863128554973,-0.12321516195165469,2.909140003665706,1.4389318327180556,False,False,False
1790735233.566438,TRACK,0.009894866,0.00247571899990362,0.6999258084314741,0.8452690128014595,0.8475156705692681,-0.03797136626411442,-0.023196103649860272,0.08005331272542889,0.7001803630709025,0.843804396193796,0.8490774380406592,-0.03856882390169632,-0.0216584499605801,0.07627247748832217,-0.12216914208832744,2.909006178387169,1.4385669176759024,1,1,0,0.001011316999893097,30,0.0,0.0,9.652968293094118e-05,0.010000000000000002,-0.08947381799025361,3.164205740365598,1.4066822413328788,-0.03269532409807382,-0.2551995619784294,0.03188467634302362,-0.12216914208832744,2.909006178387169,1.4385669176759024,False,False,False
1790735233.5764327,TRACK,0.009994788000000001,0.0023763789999975415,0.6995443015490528,0.84503527849626,0.8483193441288144,-0.03829382332422834,-0.02350994199393694,0.0805868736234035,0.6997936727008971,0.8435866196028771,0.849842035622818,-0.03880975595623559,-0.02191975966108161,0.0767269291980506,-0.12096970970916815,2.908956000083511,1.438375629439614,1,1,0,0.0009737560001212842,30,0.0,0.0,9.643878826256712e-05,0.010000000000000002,-0.08909436801883412,3.163842641388727,1.4065997389958762,-0.031875341690334034,-0.2548866413052161,0.031775890443737645,-0.12096970970916815,2.908956000083511,1.438375629439614,False,False,False
1790735233.5864313,TRACK,0.009998284000000001,0.0023303410000607983,0.6991599231329433,0.8447990526545865,0.8491268813848656,-0.0385539627310463,-0.023708581512507248,0.08086708231784943,0.6994044324546043,0.843366148386496,0.8506114495641112,-0.039051830895759004,-0.02218222889719206,0.07718241424039687,-0.12053699518532954,2.908459863184773,1.438394083261577,1,1,0,0.0009555509998335765,30,0.0,0.0,9.64720690502201e-05,0.010000000000000002,-0.08871165649187931,3.1634743744768565,1.4065164745014824,-0.03182533869345022,-0.25501451129208325,0.03187760876009438,-0.12053699518532954,2.908459863184773,1.438394083261577,False,False,False
1790735233.5964382,TRACK,0.010006890000000001,0.0022550569999566505,0.698773194479668,0.8445609196809851,0.849937000050681,-0.03877872867924243,-0.023925421305728025,0.08117552143523635,0.6990124284024206,0.8431428544505278,0.8513860900370636,-0.0392951756710367,-0.022445985989745725,0.07763915017857707,-0.12052950010760433,2.907869195074951,1.438396527263193,1,1,0,0.0008374960000310239,30,0.0,0.0,9.649708882028931e-05,0.010000000000000002,-0.08832546847357788,3.1631007179351416,1.406432399333095,-0.032204031634026443,-0.2552315228601904,0.03196412793009798,-0.12052950010760433,2.907869195074951,1.438396527263193,False,False,False
1790735233.606418,TRACK,0.009979518000000001,0.0018528110001625464,0.6983841776712838,0.8443202887773644,0.8507508918502147,-0.039018907995795916,-0.02420378978726836,0.08161424467260257,0.6986190661754913,0.842917537473594,0.8521631675978928,-0.039538913674564836,-0.022710071809060293,0.07809547554312929,-0.12018162246109532,2.90750421069262,1.4382697093700711,1,1,0,0.0007614409998950578,30,0.0,0.0,9.643476707722076e-05,0.010000000000000002,-0.08793718772382382,3.1627230053215594,1.4063478132348588,-0.0322444347372715,-0.25521879462893926,0.03192189613521233,-0.12018162246109532,2.90750421069262,1.4382697093700711,False,False,False
1790735233.6164067,TRACK,0.009988786000000001,0.001792195999996693,0.697992650800896,0.8440767871467436,0.8515693615318689,-0.03927381334460574,-0.024479886856522148,0.082050037576889,0.6982228975628736,0.8426893669122429,0.8529455312019201,-0.03978393817102214,-0.022975445121882022,0.07855304632702,-0.11972846987495836,2.9071814053257654,1.4381617097034263,1,1,0,0.0007410719999825233,30,0.0,0.0,9.63770169127e-05,0.010000000000000002,-0.08754538371897289,3.162339839671436,1.4062624030540534,-0.03218308615598547,-0.255158434345671,0.03189930664937301,-0.11972846987495836,2.9071814053257654,1.4381617097034263,False,False,False
1790735233.6264112,TRACK,0.010004526000000001,0.0018673189999844908,0.6975985293953242,0.8438307358814789,0.8523918205910288,-0.039535247624801824,-0.024717496067055082,0.08241858375154461,0.6978236460750279,0.8424581745894597,0.8537337130614729,-0.04003041314002937,-0.023242273670613385,0.07901214471377528,-0.1193693191041424,2.906665319722673,1.4380934713008242,1,1,0,0.00077235099979589,30,0.0,0.0,9.63832063181934e-05,0.010000000000000002,-0.08714977720811172,3.1619509295897914,1.4061761060284395,-0.032219541896030685,-0.2552856098671185,0.031917365272384764,-0.1193693191041424,2.906665319722673,1.4380934713008242,False,False,False
1790735233.6364405,TRACK,0.010029393000000001,0.0019281239999600075,0.6972017917162647,0.8435823173139294,0.8532179552654675,-0.03979761371395217,-0.024964871157223414,0.08280583779698047,0.6974209217888454,0.8422237229813501,0.854528468192641,-0.04027857114770429,-0.023510798909701747,0.079473176766482,-0.11912931924944571,2.906107617128689,1.4380321909455414,1,1,0,0.0007703379999384197,30,0.0,0.0,9.639457367738192e-05,0.010000000000000002,-0.08674997432633844,3.1615558649542677,1.4060888341969056,-0.032379344923107276,-0.25544824782557884,0.03194335674863584,-0.11912931924944571,2.906107617128689,1.4380321909455414,False,False,False
1790735233.646425,TRACK,0.009984277000000001,0.002234298000075796,0.6968023858769916,0.8433313134631373,0.854048193956479,-0.04007111297448758,-0.025235761804658457,0.08324199648112879,0.6970175316759879,0.841987645921212,0.8553242448000632,-0.04052667855483822,-0.023779135632777497,0.0799329053221747,-0.11850660068875729,2.9057127708219768,1.4378937579068147,1,1,0,0.0007990730000528856,30,0.0,0.0,9.634454937393027e-05,0.010000000000000002,-0.08634876111067397,3.161157394395287,1.406001194203587,-0.03215783957808332,-0.2554446235733102,0.03189256370322778,-0.11850660068875729,2.9057127708219768,1.4378937579068147,False,False,False
1790735233.6564205,TRACK,0.00999588,0.001971406999928149,0.6964203978874126,0.8430903448094291,0.8548409715958183,-0.04032309885904983,-0.02548527303760213,0.08363545670172673,0.6966111859531396,0.8417486056341623,0.8561255480350344,-0.040776140624026264,-0.024048794600763538,0.08039392017947919,-0.12072626013368606,2.904313779877727,1.4382336552446875,1,1,0,0.000766931000043769,30,0.0,0.0,9.669372553536547e-05,0.010000000000000002,-0.08594386111937384,3.160753256749947,1.405912687394844,-0.034782399014312224,-0.2564394768722196,0.03232096784984353,-0.12072626013368606,2.904313779877727,1.4382336552446875,False,False,False
1790735233.6664104,TRACK,0.009989717,0.0019103610000001936,0.6959950797667256,0.842820797480698,0.8557225712581156,-0.040726533927368753,-0.025913981636643494,0.08442156435418799,0.6962025941469474,0.84150701473163,0.8569309648918904,-0.04102651599393704,-0.024319288771016537,0.08085538444248229,-0.11613676647886845,2.9054676640562564,1.4373752091266347,1,1,0,0.0008258940001724113,30,0.0,0.0,9.597843711855974e-05,0.010000000000000002,-0.08553597806767424,3.16034414261108,1.4058234658484072,-0.030600788411194214,-0.2548764785548237,0.031551743278227545,-0.11613676647886845,2.9054676640562564,1.4373752091266347,False,False,False
1790735233.6764271,TRACK,0.010016639,0.002182158000096024,0.6955861723776691,0.8425604336959971,0.8565687484373354,-0.04095545497160628,-0.026081453228065977,0.08461949353928684,0.6957903845342172,0.8412620546617817,0.8577431844814845,-0.04127863834081372,-0.024591508358723306,0.08131881030523719,-0.11585525463206262,2.9049650404791234,1.4375204238893333,1,1,0,0.0008417340000050899,30,0.0,0.0,9.617021429493196e-05,0.010000000000000002,-0.08512373768750885,3.159928657293841,1.4057332270485738,-0.030731516944553765,-0.25496361681471763,0.03178719684075951,-0.11585525463206262,2.9049650404791234,1.4375204238893333,False,False,False
1790735233.6864257,TRACK,0.009998835000000001,0.0022206819999155414,0.6951757798745577,0.8422993225165936,0.8574148781578375,-0.04111421137717693,-0.02616959455652021,0.08466903444442148,0.6953763835498501,0.8410148055935598,0.8585585935074649,-0.04153138446260527,-0.024864230343026376,0.08178211087395587,-0.11668953176484345,2.9036697104334284,1.437650447436034,1,1,0,0.0009149139998498867,30,0.0,0.0,9.635408216982946e-05,0.010000000000000002,-0.08470896300671224,3.159508625536581,1.4056423682537416,-0.031980568758131205,-0.2558389151031524,0.032008079182292426,-0.11668953176484345,2.9036697104334284,1.437650447436034,False,False,False
1790735233.6964371,TRACK,0.010011199,0.0019191169999430713,0.6947636667196511,0.8420363394229344,0.8582634598116421,-0.041317738648849654,-0.026466355021277407,0.0851293415293809,0.6949593334058685,0.8407645139268985,0.8593796553039789,-0.04178551713979766,-0.025138267747528507,0.0822466645954286,-0.11696369443597637,2.90306169636441,1.4375251314343374,1,1,0,0.0007959059998938756,30,0.0,0.0,9.630912821358085e-05,0.010000000000000002,-0.08429039203445972,3.1590827611612253,1.4055506113504004,-0.03267330240151665,-0.2560210647968155,0.03197452008393706,-0.11696369443597637,2.90306169636441,1.4375251314343374,False,False,False
1790735233.7064748,TRACK,0.010037759,0.001955325999915658,0.6943490846605842,0.8417697386388134,0.8591179285835686,-0.04159696817868565,-0.026833332609385918,0.0857319824435835,0.6945386170945198,0.8405107989696138,0.8602075680120599,-0.042041404070498486,-0.02541400568192491,0.08271311504964195,-0.116504495163725,2.9029235465657477,1.4373712236449663,1,1,0,0.0007698670001445862,30,0.0,0.0,9.616303908902197e-05,0.010000000000000002,-0.08386739882479913,3.158650406082768,1.405457817003761,-0.03263709633892588,-0.2557268595170205,0.03191340664120523,-0.116504495163725,2.9029235465657477,1.4373712236449663,False,False,False
1790735233.7163699,TRACK,0.009894866,0.001803837000124986,0.6939314582837435,0.8414998863465986,0.8599777705437255,-0.04191342101600521,-0.027105471055295025,0.08618016868658596,0.6941213706993052,0.8402579821086277,0.8610282807001086,-0.04229470780674923,-0.02568676331084159,0.08317355744268318,-0.11499537728603543,2.9027729683709724,1.4371448830362903,1,1,0,0.0007537569999840343,30,0.0,0.0,9.60374805593431e-05,0.010000000000000002,-0.08344716860967535,3.1582189294105825,1.405365560949972,-0.03154820867636007,-0.25544596103961026,0.0317793220863182,-0.11499537728603543,2.9027729683709724,1.4371448830362903,False,False,False
1790735233.7264116,TRACK,0.010041917000000001,0.0019707659998857707,0.6935108856960452,0.8412278489881686,0.8608410092454832,-0.042164707147661504,-0.02728809439472401,0.08643093186169262,0.693695355528303,0.8399986439336597,0.8618658514879984,-0.04255285245228588,-0.02596452433123687,0.08364146487992355,-0.11501843095816859,2.9019216493547995,1.4371988584148487,1,1,0,0.0007755179999549,30,0.0,0.0,9.61726142460988e-05,0.010000000000000002,-0.08301737251719847,3.1577756617412236,1.4052711347773934,-0.03200105844097012,-0.255854012386424,0.03192772363745541,-0.11501843095816859,2.9019216493547995,1.4371988584148487,False,False,False
1790735233.7364047,TRACK,0.009993065,0.0019085479998466326,0.6930879511545127,0.840953869502064,0.8617069367743779,-0.04241401735722699,-0.027531523096443713,0.08680191931810874,0.6932688340662161,0.8397377937424386,0.8627040151434335,-0.04281081877317196,-0.026241874494280826,0.08410769874470683,-0.11481262048259704,2.901228558191927,1.437106240535335,1,1,0,0.0008317250001255161,30,0.0,0.0,9.617327801242583e-05,0.010000000000000002,-0.08258633353017003,3.157329149046202,1.4051763642977693,-0.032226286952427005,-0.25610059085427506,0.03192987623756566,-0.11481262048259704,2.901228558191927,1.437106240535335,False,False,False
1790735233.7464528,TRACK,0.010048339,0.001884922000044753,0.69266241578213,0.8406770137270669,0.8625774251090412,-0.04267970476546957,-0.027840907088459224,0.0872960357990947,0.692837348672093,0.8394727014082035,0.8635515156690552,-0.04307129674476518,-0.026521694930271587,0.08457709770649333,-0.11463824142657691,2.9007357032677774,1.4370058103348953,1,1,0,0.0007847760000458948,30,0.0,0.0,9.614180954897676e-05,0.010000000000000002,-0.08214954403820718,3.156874710857144,1.4050802566283447,-0.032488697388369736,-0.25613900758936653,0.031925553706550605,-0.11463824142657691,2.9007357032677774,1.4370058103348953,False,False,False
1790735233.756412,TRACK,0.009959540000000001,0.0023151220000272588,0.6922556127450052,0.8404109913849762,0.8634091945397024,-0.042952407459599384,-0.028148578830300225,0.08778860259932256,0.6924070882499798,0.8392071725880409,0.8643961838336636,-0.04333054715315262,-0.026799959184047442,0.08504290867149877,-0.1166419225681257,2.8994158719061196,1.4372543398251658,1,1,0,0.0009421360000487766,30,0.0,0.0,9.643503717578066e-05,0.010000000000000002,-0.0817132707253888,3.1564188679247205,1.4049841892746817,-0.034928651842736906,-0.25700299601860105,0.0322701505504842,-0.1166419225681257,2.8994158719061196,1.4372543398251658,False,False,False
1790735233.7663555,TRACK,0.00994385,0.002047573000027114,0.6918241077568217,0.8401274153997385,0.8642907988267208,-0.04337390068740878,-0.028597661939364652,0.08861137551847371,0.6919749244206156,0.8389392927481342,0.8652441523208122,-0.043590457082415726,-0.027078685725117204,0.08550852221252145,-0.11419881498574624,2.899865437965327,1.436789304793566,1,1,0,0.0008368849998987571,30,0.0,0.0,9.599523056226828e-05,0.010000000000000002,-0.08127435095298058,3.1559583373271494,1.4048874652522607,-0.032924464032765666,-0.2560928993618227,0.03190183954130533,-0.11419881498574624,2.899865437965327,1.436789304793566,False,False,False
1790735233.7763715,TRACK,0.010015517,0.0019509179999204207,0.6913879782124832,0.8398395274227539,0.8651804884513554,-0.04378684047411764,-0.028918777111417875,0.08918662992201085,0.6915370280084145,0.8386666760997984,0.8661029150467172,-0.04385331977298652,-0.027360320819700412,0.0859780129525648,-0.1120227150201745,2.899953162549769,1.4365670109928816,1,1,0,0.0007939730000998679,30,0.0,0.0,9.58919613460728e-05,0.010000000000000002,-0.08082888788768589,3.155489005604196,1.404789223471872,-0.031193827132488614,-0.2555358430544269,0.03177778752100958,-0.1120227150201745,2.899953162549769,1.4365670109928816,False,False,False
1790735233.7863932,TRACK,0.010021909,0.0019526910000422504,0.6909486005446199,0.8395494826421039,0.866073616734317,-0.04404562263209925,-0.0290715504155577,0.08939264888101531,0.6910962114632063,0.8383910575572577,0.866966935076274,-0.04411743555473305,-0.027643029305492783,0.08644830645831174,-0.1116193757919765,2.899127021648385,1.436598156326825,1,1,0,0.0007656600000700564,30,0.0,0.0,9.600338490114104e-05,0.010000000000000002,-0.08037973249127231,3.1550138454584205,1.4046900900577246,-0.031239643300704195,-0.25588682381003547,0.03190806626910038,-0.1116193757919765,2.899127021648385,1.436598156326825,False,False,False
1790735233.7963784,TRACK,0.009985018,0.0019575900000745605,0.6905071034337107,0.8392578278617382,0.8669688061043468,-0.04424449598006728,-0.029283756156746575,0.08969278455396769,0.6906543798316964,0.8381136315213211,0.8678324642792361,-0.0443816596473537,-0.027925575875205493,0.08691734850257521,-0.1116342372652991,2.898357584011472,1.4365332889980573,1,1,0,0.0008026499999687076,30,0.0,0.0,9.601044243705146e-05,0.010000000000000002,-0.07992882751955581,3.15453491254417,1.4045904924115324,-0.03170540974574329,-0.25617732853269803,0.03194279658652483,-0.1116342372652991,2.898357584011472,1.4365332889980573,False,False,False
1790735233.8063684,TRACK,0.009989658,0.0019868159999987256,0.6900635398471815,0.838963537843842,0.8678679574152115,-0.04446505085892982,-0.029575928874662996,0.09014394569057532,0.6902096973676576,0.8378332490267955,0.8687030846543238,-0.04464708662955275,-0.028209121109530846,0.08738706668772314,-0.11141352126663018,2.8978996228733056,1.4363898393466819,1,1,0,0.0007941540000047098,30,0.0,0.0,9.592292533699534e-05,0.010000000000000002,-0.07947430146382044,3.154050220067407,1.4044900157909725,-0.03193921980280975,-0.25615059719410177,0.03189982355570923,-0.11141352126663018,2.8978996228733056,1.4363898393466819,False,False,False
1790735233.816366,TRACK,0.009997672,0.001994610999872748,0.6896175624459042,0.8386663296626509,0.868771665926749,-0.044722343359927294,-0.029847424971145797,0.09056640392193024,0.6897619980409383,0.8375498013745902,0.8695791036437774,-0.04491380899397534,-0.028493751919841097,0.08785759933592695,-0.11095810086802926,2.897393200548548,1.4362606986657165,1,1,0,0.0008735640001305001,30,0.0,0.0,9.587202001761069e-05,0.010000000000000002,-0.07901598185550784,3.1535595724530574,1.4043886201894435,-0.03194211901252142,-0.25616637190450914,0.03187207847627301,-0.11095810086802926,2.897393200548548,1.4362606986657165,False,False,False
1790735233.8263698,TRACK,0.010003575,0.0019093190001058247,0.6891689018479612,0.8383666135637444,0.8696792491327727,-0.04499517295697585,-0.03008719084466668,0.0909335783720914,0.6893113599876004,0.8372633339456251,0.87046035036799,-0.04518177345222082,-0.02877939934466272,0.08832882656523088,-0.11046306706617649,2.8967325694812986,1.4361584820340099,1,1,0,0.000793653000073391,30,0.0,0.0,9.587566534477123e-05,0.010000000000000002,-0.07855394587989031,3.1530630404517477,1.4042863207824428,-0.03190912118628618,-0.25633047097044886,0.03187216125156709,-0.11046306706617649,2.8967325694812986,1.4361584820340099,False,False,False
1790735233.8363805,TRACK,0.010011208,0.002321594000022742,0.6887175273232602,0.838064467789172,0.8705905292528513,-0.04526330654341135,-0.030344079980054527,0.09132409307944933,0.6888576889750764,0.836973782959859,0.8713469908592746,-0.04545102929356744,-0.029066103698484298,0.0888008090167353,-0.11004047596150252,2.8961019760452675,1.4360643818301262,1,1,0,0.0009232900001734379,30,0.0,0.0,9.586603904145177e-05,0.010000000000000002,-0.07808809425079156,3.1525605057338377,1.4041830936867072,-0.03195238171071095,-0.2564585296885701,0.03188128814341901,-0.11004047596150252,2.8961019760452675,1.4360643818301262,False,False,False
1790735233.8463733,TRACK,0.009992473,0.0020355389999622275,0.6882634710026823,0.8377596500953377,0.8715058914254863,-0.04553170731986087,-0.030619646588612527,0.0917471490078196,0.6884021735257165,0.8366819074969476,0.872236685830505,-0.045720866251056994,-0.029353097540586636,0.08927228105228832,-0.10948473320985683,2.8955810443640315,1.4359411910687956,1,1,0,0.000829241000019465,30,0.0,0.0,9.581663161636626e-05,0.010000000000000002,-0.07761964742232923,3.152053280373753,1.404079207747773,-0.03186508578752761,-0.2564722360097214,0.03186198332102249,-0.10948473320985683,2.8955810443640315,1.4359411910687956,False,False,False
1790735233.8563712,TRACK,0.009998054000000001,0.001907504999962839,0.6878067466646796,0.8374519876653714,0.8724256008707316,-0.04579589497491074,-0.030903425152597416,0.09217681892252895,0.6879436996400465,0.8363869947513717,0.8731315946098105,-0.04599193837697907,-0.02964106716822709,0.08974437043295994,-0.10898780401585967,2.8951117334853285,1.435842855166808,1,1,0,0.0007845349998660822,30,0.0,0.0,9.575717870224698e-05,0.010000000000000002,-0.07714739743875862,3.1515401869942807,1.4039744511592605,-0.03184040657710104,-0.25642845350895227,0.0318684040075477,-0.10898780401585967,2.8951117334853285,1.435842855166808,False,False,False
1790735233.8663652,TRACK,0.009993925,0.0020229549998020957,0.6873473463431976,0.8371416565646044,0.8733493574972933,-0.04606477068235172,-0.031156306458446702,0.0925612612625396,0.6874827012022783,0.836089322396323,0.8740308526610053,-0.04626397326217064,-0.029929727143144697,0.09021662547673194,-0.10851101614160663,2.894455476043002,1.4357316656063501,1,1,0,0.0007923289999780536,30,0.0,0.0,9.575330348894409e-05,0.010000000000000002,-0.07667176076447571,3.151021733195179,1.403868941606758,-0.031839255377130914,-0.2565662571521768,0.03186272399959203,-0.10851101614160663,2.894455476043002,1.4357316656063501,False,False,False
1790735233.8763676,TRACK,0.010002362,0.0018481320000773849,0.6868852385884976,0.8368287757030259,0.8742769912202313,-0.04633522126886051,-0.031421271875092194,0.09296363865850543,0.6870185860746946,0.8357885062321699,0.8749355972849597,-0.046537311729840845,-0.030219430963746692,0.0906896251180109,-0.10806947398474648,2.8938094631432563,1.4356245292121017,1,1,0,0.0007475749998775427,30,0.0,0.0,9.573949666263962e-05,0.010000000000000002,-0.07619221465801616,3.150497147768282,1.4037624789210572,-0.031877259326730314,-0.2566876846250259,0.0318620502910444,-0.10806947398474648,2.8938094631432563,1.4356245292121017,False,False,False
1790735233.8863626,TRACK,0.009994797000000001,0.0018042280000827304,0.6864204855334686,0.8365130743380753,0.8752088811413676,-0.046599939178357676,-0.031715217683336544,0.09340710710954275,0.6865520856719258,0.8354850191959975,0.8758443850151579,-0.04681151701429285,-0.030509703952576604,0.09116259068115452,-0.10759346004234385,2.8933373082033547,1.435522540492807,1,1,0,0.0007495590000416996,30,0.0,0.0,9.566837825304571e-05,0.010000000000000002,-0.0757095139492431,3.1499672487900168,1.4036552288633208,-0.031883946093100746,-0.25662994058666194,0.03186731162948616,-0.10759346004234385,2.8933373082033547,1.435522540492807,False,False,False
1790735233.8963654,TRACK,0.010002963,0.0018183159997988696,0.6859530677123198,0.8361944627639879,0.8761451662410913,-0.046870066088153486,-0.03199513039141981,0.09383060034344007,0.6860824547668786,0.8351783755300226,0.8767586497646093,-0.047087021149522054,-0.03080099159522437,0.09163624436814306,-0.10716356810109073,2.89277331676621,1.435427334901964,1,1,0,0.0007588659998418734,30,0.0,0.0,9.563219658067614e-05,0.010000000000000002,-0.0752228867513708,3.1494311814607716,1.4035470181165803,-0.03194068134971994,-0.25665786469456153,0.03188031678538356,-0.10716356810109073,2.89277331676621,1.435427334901964,False,False,False
1790735233.9063635,TRACK,0.009997893,0.0019004609998773958,0.6854829044937185,0.835873135150635,0.8770855808230111,-0.04714887553484248,-0.03226401922947053,0.09424210518990647,0.6856103027579818,0.8348689719239341,0.8776771868724459,-0.04736346041826042,-0.03109289724116417,0.09210993714505603,-0.10666619510078124,2.8921344952072947,1.4353126603649164,1,1,0,0.0007600680000905413,30,0.0,0.0,9.561152584868146e-05,0.010000000000000002,-0.07473296357891739,3.148889632372572,1.4034379850445988,-0.03193323152186385,-0.2567551371652775,0.03187467532031764,-0.10666619510078124,2.8921344952072947,1.4353126603649164,False,False,False
1790735233.9163773,TRACK,0.010013914,0.002221332999852166,0.6850098763002572,0.8355492026701299,0.8780300267922216,-0.04743422842003053,-0.032524315846387174,0.09464492591401832,0.685134618306579,0.8345561432669488,0.8786019445034593,-0.047641420054752824,-0.03138602619507396,0.09258464604529508,-0.10623878152135488,2.891358535330387,1.4351912178327624,1,1,0,0.0008026199998312222,30,0.0,0.0,9.563605286147762e-05,0.010000000000000002,-0.07423869338516423,3.1483414297025574,1.40332789378502,-0.032000088136190645,-0.2569828943721702,0.03186332404774246,-0.10623878152135488,2.891358535330387,1.4351912178327624,False,False,False
1790735233.926369,TRACK,0.009991641,0.0018403569999918545,0.6845339942722566,0.8352224912510842,0.8789787547717554,-0.047720011284003015,-0.032822371342755965,0.09510281697722689,0.6846572123167745,0.8342410811044597,0.8795293843166275,-0.04791983638933581,-0.03167924496178174,0.09305853266147465,-0.1055924614396654,2.890851414163805,1.4350605333983018,1,1,0,0.0007671920000120735,30,0.0,0.0,9.556367723554464e-05,0.010000000000000002,-0.0737419580374962,3.1477886555398475,1.4032171617838538,-0.0318505034021692,-0.2569372413760426,0.03184337161444791,-0.1055924614396654,2.890851414163805,1.4350605333983018,False,False,False
1790735233.9363701,TRACK,0.010001249,0.0018620789999204135,0.6840552953783172,0.8348927263995414,0.8799321360618073,-0.04799827008791256,-0.03311963072391954,0.09555149427604073,0.6841765560252105,0.8339227783535189,0.8804624587682279,-0.04819959599119952,-0.03197347574658581,0.09353308555149219,-0.105065562959382,2.8903549164929476,1.4349665719218594,1,1,0,0.000764987999900768,30,0.0,0.0,9.550441062596923e-05,0.010000000000000002,-0.07324116782676086,3.1472295376066,1.4031054330439494,-0.03182439513262114,-0.2568746211136524,0.03186113887790992,-0.105065562959382,2.8903549164929476,1.4349665719218594,False,False,False
1790735233.9463656,TRACK,0.009995599,0.0018810250001024542,0.6835738635389186,0.8345600618955906,0.8808898569222858,-0.04827257521231213,-0.033402133689014776,0.0959751547115616,0.6836933703202941,0.8336017116412738,0.8813997491546635,-0.04848027291839039,-0.0322682580035872,0.0940075576129283,-0.10459220851119608,2.8897854905963554,1.434874858340391,1,1,0,0.0007751480000024458,30,0.0,0.0,9.545750519688856e-05,0.010000000000000002,-0.07273707321382179,3.1466649061481626,1.4029928731551633,-0.03185513529737429,-0.25687941555180704,0.0318819851852277,-0.10459220851119608,2.8897854905963554,1.434874858340391,False,False,False
1790735233.9563642,TRACK,0.009998475000000001,0.001896104000024934,0.6830896659189483,0.8342246527750863,0.8818517243716251,-0.048552467243916535,-0.033673394014619495,0.09638851233615867,0.6832072334678723,0.8332776012153522,0.8823420547425916,-0.04876210632975847,-0.0325638306406741,0.09448233001892242,-0.10413676038447403,2.889098445637213,1.4347616102265555,1,1,0,0.000822537000203738,30,0.0,0.0,9.54430587071778e-05,0.010000000000000002,-0.07222923436483222,3.1460942628650916,1.4028793821625467,-0.0319075260196418,-0.2569958172278784,0.03188222806400873,-0.10413676038447403,2.889098445637213,1.4347616102265555,False,False,False
1790735233.9663925,TRACK,0.010028551,0.0021626110001307097,0.6826026443470754,0.8338865026452744,0.882817791536346,-0.04883673680006371,-0.0339542446720406,0.09681966941433218,0.6827167982411202,0.8329495437238136,0.8832919640066623,-0.0490458684218351,-0.03286098879217482,0.0949586713555636,-0.10383972713657282,2.8883348030353697,1.434656781116822,1,1,0,0.0007706589999543212,30,0.0,0.0,9.545170286520273e-05,0.010000000000000002,-0.07171624061098038,3.1455160074104334,1.4027646425578333,-0.03212348652559244,-0.2571812043750638,0.0318921385589888,-0.10383972713657282,2.8883348030353697,1.434656781116822,False,False,False
1790735233.9763713,TRACK,0.009978747000000001,0.0019362699999874167,0.6821127326185659,0.8335454249820113,0.8837883750198188,-0.04913305031681847,-0.03425983383405028,0.09729454788685782,0.6822259686945826,0.8326201541275244,0.8842418978983695,-0.04932929591077928,-0.033157350974148674,0.09543276316958751,-0.10306245591382648,2.887855890553007,1.4345007995771524,1,1,0,0.0007823710000138817,30,0.0,0.0,9.535421763997022e-05,0.010000000000000002,-0.07120217760561111,3.144934744429385,1.4026495666784728,-0.03186027830821537,-0.25707885387637813,0.03185123289867962,-0.10306245591382648,2.887855890553007,1.4345007995771524,False,False,False
1790735233.9863641,TRACK,0.009992372000000001,0.0018607370000154333,0.6816198392941866,0.8332013298611578,0.8847636257186142,-0.049424632811589625,-0.034545574161357354,0.09772860938905822,0.6817316295574031,0.832287348058357,0.8851978698470062,-0.04961418464811756,-0.0334547846751268,0.09590759430148231,-0.10242304750575681,2.887285795203253,1.4343910170766074,1,1,0,0.0007646070000646432,30,0.0,0.0,9.531175381707392e-05,0.010000000000000002,-0.07068378634554816,3.144346792672396,1.4025334237404852,-0.03173926116020866,-0.25706099746914296,0.03185759333612217,-0.10242304750575681,2.887285795203253,1.4343910170766074,False,False,False
1790735233.9963925,TRACK,0.010028953,0.001913736999995308,0.6811241050199071,0.8328545067451483,0.8857429637441756,-0.049704901454808055,-0.03481307897943842,0.09812826296582289,0.6812326129182591,0.8319503319061118,0.8861621126438047,-0.04990119731670875,-0.0337539654102855,0.09638423189016088,-0.10219886456691488,2.8864583810157862,1.4343164870841187,1,1,0,0.0007991029999629973,30,0.0,0.0,9.53412152668358e-05,0.010000000000000002,-0.07015983748257126,3.143750738544967,1.4024159358129564,-0.03203902708434361,-0.2572923575291806,0.03190055127116234,-0.10219886456691488,2.8864583810157862,1.4343164870841187,False,False,False
1790735234.0063221,TRACK,0.009929363,0.0020124249999753374,0.6806254968675836,0.8325050296148913,0.886726334516327,-0.050000517255758666,-0.03509281118248341,0.0985623972555122,0.680735710620795,0.8316137033010398,0.8871214897131969,-0.0501864268156506,-0.03405081200872412,0.096856179351545,-0.10117800968139462,2.885937446279342,1.4341178191351762,1,1,0,0.0007787949998601107,30,0.0,0.0,9.523659939329121e-05,0.010000000000000002,-0.06963746868068216,3.1431547131775863,1.4022987026125757,-0.03154054100071246,-0.25721726689824426,0.031819116522600485,-0.10117800968139462,2.885937446279342,1.4341178191351762,False,False,False
1790735234.016366,TRACK,0.01004372,0.0018756639999537583,0.6801239650870068,0.8321526009302112,0.887714237824702,-0.05027616321327187,-0.03538232503541526,0.0989909265576315,0.6802301988079061,0.8312701959433024,0.8880966834977052,-0.05047602137046566,-0.03435170893207665,0.0973335809767693,-0.10105247547147045,2.8851614188877357,1.434063229751216,1,1,0,0.0007652589999906922,30,0.0,0.0,9.52690241441913e-05,0.010000000000000002,-0.0691054055521714,3.1425458429834334,1.40217919190252,-0.03194706991929904,-0.2573844240956978,0.031884037848695874,-0.10105247547147045,2.8851614188877357,1.434063229751216,False,False,False
1790735234.0263393,TRACK,0.009973216,0.002280205000033675,0.6796197684082328,0.8317972590724754,0.888706407033073,-0.05055707210622987,-0.03568543995110944,0.09944757228972015,0.679725352116959,0.8309261064435718,0.8890697762128792,-0.05076465788138401,-0.034651108984020726,0.09780762515617572,-0.10045086803852589,2.8846286291286045,1.4339311156429517,1,1,0,0.0009971499998755462,30,0.0,0.0,9.516538777511145e-05,0.010000000000000002,-0.06857340628076716,3.141935277873439,1.402059593151509,-0.03187746175775873,-0.25730664874483444,0.031871522491442664,-0.10045086803852589,2.8846286291286045,1.4339311156429517,False,False,False
1790735234.0363688,TRACK,0.010029714,0.0019788310000876663,0.6792397556037892,0.8315286643906763,0.8894536917128528,-0.05076028391835478,-0.03592679901687877,0.09980556572660473,0.679214736935006,0.8305770532439903,0.8900531493300569,-0.05105600964040838,-0.034952810141830055,0.09828432325386399,-0.1178045118711595,2.8751046281392174,1.4354787962416364,1,1,0,0.0008351819999461441,30,0.0,0.0,9.844631977905293e-05,0.010000000000000002,-0.06803469327312381,3.1413152378066,1.4019383811697943,-0.049769818598035705,-0.26621060966738247,0.03354041507184221,-0.1178045118711595,2.8751046281392174,1.4354787962416364,False,False,False
1790735234.0463533,TRACK,0.009985079000000001,0.001960215000053722,0.6787276156289836,0.8311624109631808,0.8904646592242802,-0.05194248910275084,-0.03760260322715023,0.10300064933643152,0.6787034860551895,0.8302265446635276,0.8910368951793265,-0.05134714070782478,-0.035253757887931114,0.09875884316743763,-0.10686932588066422,2.8815413592688204,1.4337251816203906,1,1,0,0.00079303099983008,30,0.0,0.0,9.529682467743206e-05,0.010000000000000002,-0.06749468146131864,3.1406919470183547,1.4018167724362827,-0.039374644419345586,-0.25915058774953426,0.03190840918410802,-0.10686932588066422,2.8815413592688204,1.4337251816203906,False,False,False
1790735234.0563116,TRACK,0.009957717000000001,0.001896744000077888,0.6781737382746948,0.830759915324359,0.8915615356856845,-0.0532724281821588,-0.038602208742946065,0.10500021808848709,0.6781907357942802,0.8298740010693674,0.8920226635554502,-0.0516385430038311,-0.035554452985756324,0.09923198099776441,-0.08902096177587784,2.8898041177390406,1.4325802763134565,1,1,0,0.0007738250001239066,30,0.0,0.0,9.308167511200867e-05,0.010000000000000002,-0.06695246623510465,3.1400643753614017,1.4016945626654864,-0.022068495540773194,-0.25026025762236104,0.030885713647970027,-0.08902096177587784,2.8898041177390406,1.4325802763134565,False,False,False
1790735234.0663927,TRACK,0.010080891,0.00189297799988708,0.6776111501317628,0.8303574241480902,0.8926593467677284,-0.05352728291572226,-0.03771119753772613,0.10338895513906857,0.6776686817432942,0.829514043730152,0.8930254242174058,-0.051934637179031316,-0.03585943561518103,0.0997108621605748,-0.08492756500113183,2.887573953811751,1.433214989064332,1,1,0,0.0007751570001346408,30,0.0,0.0,9.406760984757624e-05,0.010000000000000002,-0.06639978682780648,3.13942293184995,1.4015698867445516,-0.018527778173325352,-0.2518489780381985,0.03164510231978034,-0.08492756500113183,2.887573953811751,1.433214989064332,False,False,False
1790735234.076376,TRACK,0.009984107,0.002406496000048719,0.677079113784802,0.8299855003141712,0.8936827530948035,-0.05283864749912843,-0.03691181491145122,0.10171495946502739,0.6771486923521846,0.8291545091218129,0.8940233152343658,-0.05222896678690725,-0.03616203960426081,0.10018501130770228,-0.09412420346138184,2.8807237461973014,1.4339490558347374,1,1,0,0.0008376460000363295,30,0.0,0.0,9.576469300087156e-05,0.010000000000000002,-0.0658486773056842,3.1387815718477072,1.4014454572671695,-0.02827552615569765,-0.25805782565040575,0.03250359856756794,-0.09412420346138184,2.8807237461973014,1.4339490558347374,False,False,False
1790735234.0863836,TRACK,0.010006831,0.001917142999900534,0.676527826437261,0.8295976823539384,0.8947498107860641,-0.05237788606044906,-0.03728302259591351,0.10216418849349206,0.6766245654158106,0.8287911219689679,0.8950282268179394,-0.052525042742856715,-0.03646586692988528,0.10066007912860934,-0.09745542836554447,2.879880666570994,1.4332387892340908,1,1,0,0.0007780819998970401,30,0.0,0.0,9.506874397233303e-05,0.010000000000000002,-0.06529257234373596,3.138132669637416,1.401319791429716,-0.03216285602180851,-0.25825200306642176,0.03191899780437476,-0.09745542836554447,2.879880666570994,1.4332387892340908,False,False,False
1790735234.0963645,TRACK,0.00998074,0.0018883090001509117,0.6760035142118044,0.8292213683046707,0.8957770777945093,-0.05255008140488628,-0.03786814111360735,0.10309478132473215,0.6760988484799596,0.8284256512097915,0.8960352527146304,-0.05282141999581671,-0.03676942111956312,0.10113372190480249,-0.09763818343525882,2.8800585142173847,1.4327512235456399,1,1,0,0.0007662099999379279,30,0.0,0.0,9.470062605858908e-05,0.010000000000000002,-0.06473417658820732,3.137479377799343,1.4011934988181456,-0.0329040068470515,-0.25742086358195826,0.03155772472749439,-0.09763818343525882,2.8800585142173847,1.4327512235456399,False,False,False
1790735234.1064138,TRACK,0.010049772,0.0019296380000923818,0.6754494525764558,0.8288224516335863,0.896861436372296,-0.052986939585156795,-0.0380237937404459,0.10328953045326247,0.6755665011588672,0.8280545888982735,0.897054019135496,-0.053120929923356715,-0.03707558422078188,0.10161042570584235,-0.09300138267063814,2.8806396077984546,1.4324217915294162,1,1,0,0.0007747970000764326,30,0.0,0.0,9.418607469030243e-05,0.010000000000000002,-0.06416813395155876,3.1368154148420664,1.401065365687228,-0.028833248719079368,-0.25617580704361154,0.03135642584218814,-0.09300138267063814,2.8806396077984546,1.4324217915294162,False,False,False
1790735234.1163714,TRACK,0.009957116,0.001854253000146855,0.674917956336059,0.8284427071669231,0.8978928915846778,-0.053209234373060535,-0.03791953940799203,0.10295865494465022,0.6750360880691016,0.8276839107681339,0.8980681163642599,-0.053418749725013495,-0.037379414325156395,0.10208249499093242,-0.09344690049556874,2.8782017423530717,1.4326608262432179,1,1,0,0.0007705990001340979,30,0.0,0.0,9.488375093008568e-05,0.010000000000000002,-0.06360355485740456,3.13615146930594,1.4009374530987277,-0.02984334563816418,-0.2579497269528681,0.031723373144490204,-0.09344690049556874,2.8782017423530717,1.4326608262432179,False,False,False
1790735234.126363,TRACK,0.009991742000000001,0.0018541540000569512,0.6743855326719652,0.8280626204972101,0.8989229785796384,-0.05328613332090179,-0.038191767313060676,0.10323674412437939,0.6745008442006435,0.8273089001444879,0.8990904638174428,-0.05371867678855913,-0.03768477652656435,0.102555939342955,-0.0952860564535539,2.876752538422085,1.4326963318121684,1,1,0,0.0007758290000765555,30,0.0,0.0,9.495906175855053e-05,0.010000000000000002,-0.06303324539294453,3.135479092116743,1.400808130533116,-0.032252811060609364,-0.2587265536946579,0.03188820127905247,-0.0952860564535539,2.876752538422085,1.4326963318121684,False,False,False
1790735234.1363633,TRACK,0.010000498,0.0018611969999255962,0.6738517245339457,0.8276782646650993,0.8999587984658426,-0.05351380414789427,-0.03867998793006416,0.1039536766019298,0.6739621251793864,0.8269305034546791,0.9001184424818773,-0.05401994122980923,-0.03799086864986303,0.10302950397958482,-0.09556968375602068,2.8764422047872586,1.4324912660765796,1,1,0,0.0007771719999709603,30,0.0,0.0,9.472248471202012e-05,0.010000000000000002,-0.062458648003578685,3.13479996929219,1.400677722759056,-0.033111035752442,-0.25835776450493136,0.03181354331752355,-0.09556968375602068,2.8764422047872586,1.4324912660765796,False,False,False
1790735234.1463661,TRACK,0.010002792,0.0018555860001470137,0.6733146385173425,0.8272892752337935,0.9010017450389922,-0.05390318427061175,-0.03906489569090259,0.10455183739705406,0.6734202633743848,0.8265489555857821,0.9011513928757063,-0.05432234981605687,-0.038297478853474454,0.10350285490078595,-0.09444565583031664,2.8760139136986873,1.4322841736319198,1,1,0,0.0007691550001709402,30,0.0,0.0,9.461270425383654e-05,0.010000000000000002,-0.06188011817212411,3.134114514733222,1.4005463086868681,-0.032565537658192534,-0.25810060103453486,0.031737864945051715,-0.09444565583031664,2.8760139136986873,1.4322841736319198,False,False,False
1790735234.156547,TRACK,0.010182095,0.0024158940000233997,0.6727734123868929,0.826897203333063,0.9020494336539517,-0.05430752089847624,-0.039332611239266915,0.10494927048131833,0.6728655761990942,0.826157416180517,0.9022077203151455,-0.054631283019808886,-0.0386100297052153,0.10398433101489152,-0.09459196196679472,2.8744082074345605,1.432276478266833,1,1,0,0.0009102740000344056,30,0.0,0.0,9.493192327160617e-05,0.010000000000000002,-0.0612873044066487,3.133410414530771,1.4004115322413886,-0.033304657560146014,-0.2590022070962105,0.031864946025444416,-0.09459196196679472,2.8744082074345605,1.432276478266833,False,False,False
1790735234.1663842,TRACK,0.009836305,0.002231723000022612,0.6722281992065371,0.8265022924587342,0.9031013641427519,-0.05471521820615494,-0.03970268656882699,0.10552532973430782,0.672326734107317,0.8257761494862358,0.9032328279459084,-0.054930781839763236,-0.03891237720316518,0.1044490837154426,-0.09190449147843816,2.8746195807284316,1.4319773931514097,1,1,0,0.000924961999999141,30,0.0,0.0,9.452110411765053e-05,0.010000000000000002,-0.06071086426327344,3.132724119964709,1.400280364750564,-0.031193627215164707,-0.25810453923627724,0.03169702840084578,-0.09190449147843816,2.8746195807284316,1.4319773931514097,False,False,False
1790735234.1763985,TRACK,0.010013874,0.0019407689999297872,0.6716515831711911,0.8260832946690151,0.9042125736741555,-0.05504816335747406,-0.040063355789229475,0.10603905328841087,0.6717751330933446,0.8253849430091063,0.904281135235012,-0.0552367541134845,-0.039220582609785754,0.10492182258144313,-0.08732275088868108,2.8763204566459404,1.4316735376068974,1,1,0,0.0007944940000470524,30,0.0,0.0,9.371997118909947e-05,0.010000000000000002,-0.060120214462465925,3.1320192582811277,1.4001458484412237,-0.027202536426215153,-0.2556988016351875,0.03152768916567381,-0.08732275088868108,2.8763204566459404,1.4316735376068974,False,False,False
1790735234.1863635,TRACK,0.009965030000000001,0.0019929780000893516,0.6711005947021134,0.8256826296997435,0.9052722205766868,-0.05507610102821317,-0.040005801294933405,0.10576711185902683,0.6712231756692622,0.8249925789723256,0.9053290264996113,-0.05554230196599189,-0.039527669935534575,0.1053918231625164,-0.0897555902068407,2.8736849292274673,1.431948079794923,1,1,0,0.0008399710000048799,30,0.0,0.0,9.444869529986441e-05,0.010000000000000002,-0.059528627141136034,3.1313116335961633,1.40001100224029,-0.030226963065704663,-0.257626704368696,0.03193707755463287,-0.0897555902068407,2.8736849292274673,1.431948079794923,False,False,False
1790735234.1963212,TRACK,0.009957577,0.0017946600000868784,0.6705495296162498,0.8252823573348742,0.9063295982395321,-0.05518063448321461,-0.040148328984416476,0.10590534999105936,0.6706685843864806,0.8245974498405234,0.9063808100837334,-0.05584868499798552,-0.03983489609519047,0.10586101303730257,-0.0918254146563709,2.871260192053945,1.4318126037917518,1,1,0,0.0007497189999412512,30,0.0,0.0,9.471902486532251e-05,0.010000000000000002,-0.05893366852398468,3.1305983459897915,1.399875270897893,-0.03289174613238621,-0.2593381539358463,0.03193733289385874,-0.0918254146563709,2.871260192053945,1.4318126037917518,False,False,False
1790735234.2063925,TRACK,0.010071313,0.0018386130000180856,0.6699963695462232,0.8248787503991668,0.9073919307318832,-0.055476954640721415,-0.04062187941758316,0.10664536528185437,0.6701045498054872,0.8241946938661366,0.907449357079721,-0.05615964861752779,-0.040145990338079696,0.10633506607950925,-0.0923986711313303,2.8702654351414028,1.4315308922937706,1,1,0,0.0007579339999210788,30,0.0,0.0,9.468254637431382e-05,0.010000000000000002,-0.058328027447884886,3.1298706017050457,1.399736983131337,-0.0340706436834454,-0.2596051665636429,0.03179390916243344,-0.0923986711313303,2.8702654351414028,1.4315308922937706,False,False,False
1790735234.2164636,TRACK,0.010071163000000001,0.0018203790000370645,0.6694392983267781,0.8244696891515577,0.9084628743496532,-0.055933857010131004,-0.04115557815058947,0.10748451114230108,0.6695373864108807,0.8237888090824705,0.908522659755676,-0.05647169421919086,-0.04045742484175353,0.10680858378485597,-0.0911156840859777,2.870312183306762,1.4313600190600158,1,1,0,0.0007656790000964975,30,0.0,0.0,9.440620260615305e-05,0.010000000000000002,-0.05771847772087512,3.129136510114948,1.3995976821396594,-0.03339720636510258,-0.25882432680818585,0.03176233692035634,-0.0911156840859777,2.870312183306762,1.4313600190600158,False,False,False
1790735234.2264395,TRACK,0.009975982000000001,0.0018359789999067289,0.6688774455934317,0.8240560428668235,0.9095409662824165,-0.05640154970789679,-0.04152878654953128,0.10805741221115468,0.668972479580388,0.823383666434418,0.9095905175682755,-0.05678186138908034,-0.040766240056573914,0.10727707619645108,-0.08902393486148805,2.8702746088057087,1.4312650155806794,1,1,0,0.0007611399998950219,30,0.0,0.0,9.420998842662345e-05,0.010000000000000002,-0.05711081783598086,3.1284030755462466,1.3994586933246338,-0.03191311702550718,-0.2581284667405378,0.03180632225604572,-0.08902393486148805,2.8702746088057087,1.4312650155806794,False,False,False
1790735234.2364042,TRACK,0.009964439,0.0020974370002022624,0.6683113090228998,0.8236394075527826,0.910623548955015,-0.05677422827153142,-0.04178419297237852,0.1084290508132864,0.6684051322416872,0.8229759156315767,0.9106618025226708,-0.057092730877882976,-0.04107500940087195,0.10774446374486056,-0.08782498672960729,2.8695281181010253,1.4311991634928072,1,1,0,0.0007768299999497685,30,0.0,0.0,9.422440244883385e-05,0.010000000000000002,-0.05649995850083631,3.1276642453186465,1.399318938999327,-0.031325028228770965,-0.25813612721762114,0.03188022449348006,-0.08782498672960729,2.8695281181010253,1.4311991634928072,False,False,False
1790735234.246325,TRACK,0.009921207000000001,0.0019186760000593495,0.6677418837002298,0.8232203359658286,0.9117096446626425,-0.057077632478671377,-0.042043538440234576,0.10880885344100624,0.6678371637276288,0.8225668755543517,0.911733064053289,-0.05740329154060467,-0.04138277016116906,0.10820932541703661,-0.08698325137105606,2.8686988984450434,1.4310457225843671,1,1,0,0.0007705890000124782,30,0.0,0.0,9.41864289139112e-05,0.010000000000000002,-0.05588785827923581,3.1269224094316512,1.3991788807601186,-0.03109539309182025,-0.2582235109866079,0.03186684182424854,-0.08698325137105606,2.8686988984450434,1.4310457225843671,False,False,False
1790735234.25637,TRACK,0.010045014000000001,0.0019300480000765674,0.6671697488647643,0.8227983528865614,0.9127999619988465,-0.057330638602928884,-0.0423498609043868,0.10924742566947979,0.6672589631975183,0.8221496186505027,0.9128223899986294,-0.05771878140260291,-0.04169469965269985,0.10867947093446706,-0.08755608748617319,2.867459325516032,1.4309670354573418,1,1,0,0.0007775120000133029,30,0.0,0.0,9.429448039152759e-05,0.010000000000000002,-0.0552642110565847,3.1261649800286833,1.3990360602807244,-0.032291876429588494,-0.2587056545126511,0.031930975176617415,-0.08755608748617319,2.867459325516032,1.4309670354573418,False,False,False
1790735234.2663689,TRACK,0.009998885,0.0021775299999262643,0.6666236657941029,0.8223944045985956,0.9138402705467499,-0.057638025129921604,-0.04269273836049488,0.1097738932612816,0.6666802653245782,0.821731164523449,0.9139114009420016,-0.05803387442721544,-0.04200550892646675,0.1091469123918855,-0.09114910139064145,2.8643954626656374,1.4310272613166135,1,1,0,0.0007704780000494793,30,0.0,0.0,9.503126743041687e-05,0.010000000000000002,-0.054639513834227965,3.1254046847447037,1.3988928785832848,-0.03650958755641348,-0.26100922207906607,0.032134382733328755,-0.09114910139064145,2.8643954626656374,1.4310272613166135,False,False,False
1790735234.2763803,TRACK,0.010011349000000001,0.0018693130000428937,0.666044648036153,0.8219643967458019,0.914943187660084,-0.05821297968538369,-0.04336085001383715,0.11091743399640111,0.6660976843527464,0.8213090737220969,0.9150064491714035,-0.05835041071691155,-0.042317001851510876,0.109614363206109,-0.08789844140173284,2.86549828711287,1.4305723172136287,1,1,0,0.0007631139999375591,30,0.0,0.0,9.419862657930143e-05,0.010000000000000002,-0.05401011762349837,3.1246370879689422,1.398748498440932,-0.03388832377823447,-0.2591388008560722,0.03182381877269664,-0.08789844140173284,2.86549828711287,1.4305723172136287,False,False,False
1790735234.286366,TRACK,0.00998575,0.0018790409999382973,0.6654591107888956,0.8215278788454139,0.9160574541223578,-0.05880840719601418,-0.043830175991052454,0.11171752566611454,0.6655134309999726,0.8208849542832101,0.9161033562690263,-0.05866718369528682,-0.04262797761854685,0.11008001868538851,-0.0838595514730041,2.866490909392203,1.430348571720677,1,1,0,0.0007617819999268249,30,0.0,0.0,9.378433071962041e-05,0.010000000000000002,-0.053378415206372674,3.1238651086019944,1.398603467533025,-0.030481136266631428,-0.2573741992097911,0.03174510418765202,-0.0838595514730041,2.866490909392203,1.430348571720677,False,False,False
1790735234.2963634,TRACK,0.009997222,0.0018334240000967839,0.6648689168517707,0.821088793953253,0.917175724512556,-0.0591490708208779,-0.04393575250458318,0.11183457463412402,0.664925332541649,0.8204572355911518,0.9172061783499807,-0.05898536605067251,-0.04293957402182266,0.11054558000257882,-0.08284669042137333,2.8653040755396693,1.430418004646418,1,1,0,0.000757363000047917,30,0.0,0.0,9.396924736818152e-05,0.010000000000000002,-0.05274206200748182,3.123085882525318,1.3984572464030904,-0.0301046284138915,-0.2577818069856485,0.031960758243327635,-0.08284669042137333,2.8653040755396693,1.430418004646418,False,False,False
1790735234.3063745,TRACK,0.010011459,0.0018510679999508284,0.6642762994502034,0.8206488974364632,0.9182946296579981,-0.05935247216384047,-0.04409058371237798,0.11202961258159225,0.664333203596722,0.8200257847772849,0.9183152319444551,-0.05930504870816167,-0.04325186200268806,0.11101114441248357,-0.08344728256484452,2.8635662712588004,1.4303438839888314,1,1,0,0.000757553000084954,30,0.0,0.0,9.415507359376076e-05,0.010000000000000002,-0.052100859225955524,3.122299158249747,1.3983097874913184,-0.03134642333888899,-0.25873288699094654,0.03203409649751306,-0.08344728256484452,2.8635662712588004,1.4303438839888314,False,False,False
1790735234.3163667,TRACK,0.009992042000000001,0.0018798920000335784,0.6636816241966779,0.8202063636829529,0.9194173895001985,-0.059590107455502576,-0.04444562377607632,0.11257611064033643,0.6637390266688011,0.819592052215756,0.9194267785688641,-0.059625155084258065,-0.043563775239172445,0.11147511818110102,-0.08338412127962738,2.862762168728889,1.4300843762088808,1,1,0,0.0007622929999797634,30,0.0,0.0,9.400897901924889e-05,0.010000000000000002,-0.051456957851325785,3.1215075742463574,1.398161584177437,-0.0319271634283016,-0.25874540551746816,0.03192279203144386,-0.08338412127962738,2.862762168728889,1.4300843762088808,False,False,False
1790735234.3263373,TRACK,0.009970521000000001,0.0018309689999114198,0.6630840824695499,0.8197600924267512,0.9205460520929201,-0.059910512828899185,-0.04478553057326923,0.11311103359000646,0.6631429361168664,0.8191561461660618,0.9205405486688883,-0.05994561019816363,-0.04387523022444823,0.11193737854671681,-0.08239284330361349,2.862204397368291,1.4298188486924555,1,1,0,0.0007589569997890067,30,0.0,0.0,9.384723942312226e-05,0.010000000000000002,-0.05081051033616489,3.1207113256666155,1.3980126709533163,-0.031582332967448605,-0.2585069282983244,0.031806177739139276,-0.08239284330361349,2.862204397368291,1.4298188486924555,False,False,False
1790735234.3363326,TRACK,0.009995369,0.0018461679999290936,0.6624831562138285,0.8193108775110574,0.9216791829462823,-0.06024719975266375,-0.04503730536108175,0.11347249472455898,0.6625421477685001,0.8187160357876561,0.9216617169694081,-0.060267903677288674,-0.04418765894071877,0.11240004539031351,-0.08156781492948895,2.8612634629575635,1.4297015857551225,1,1,0,0.0007581849999951373,30,0.0,0.0,9.384034660978273e-05,0.010000000000000002,-0.050158501119462344,3.119906695836325,1.397862351773055,-0.0314093138100266,-0.25864323287876134,0.03183923398206736,-0.08156781492948895,2.8612634629575635,1.4297015857551225,False,False,False
1790735234.3463123,TRACK,0.009979438,0.0021380540001700865,0.6618790098112877,0.8188592752727732,0.9228156179753917,-0.060558848585311416,-0.04529262053451122,0.1138285958356316,0.6619390980551312,0.8182735105799291,0.9227857079434834,-0.060590720788610726,-0.04449977031971451,0.11286120041784656,-0.08086975934187285,2.860315496207089,1.4295849630841566,1,1,0,0.000764307000054032,30,0.0,0.0,9.381003777468563e-05,0.010000000000000002,-0.04950357790431049,3.119096948804908,1.3977112355888883,-0.03136618143756236,-0.2587814525978188,0.031873727495268324,-0.08086975934187285,2.860315496207089,1.4295849630841566,False,False,False
1790735234.35637,TRACK,0.010057777,0.001800982000077056,0.6612413628385321,0.8183821643003544,0.9240130344818187,-0.06087711140796425,-0.045593207554732826,0.11426216197600823,0.6613280495553995,0.8178243592185137,0.9239231746388012,-0.060917119467711354,-0.044814497336928605,0.1133251622771716,-0.0766497860118309,2.8615460719397485,1.4292378118463835,1,1,0,0.0007530150001002767,30,0.0,0.0,9.29796633493689e-05,0.010000000000000002,-0.048839509806336764,3.118274365257569,1.397557882229029,-0.027810276205494134,-0.2567282933178204,0.03167992961735447,-0.0766497860118309,2.8615460719397485,1.4292378118463835,False,False,False
1790735234.3663855,TRACK,0.010016108000000001,0.002035799000168481,0.6606317419653847,0.817925893596696,0.9251556750568346,-0.060973271548034516,-0.04560627439979234,0.11415496909502526,0.6607162648996365,0.8173739221082233,0.9250605621208833,-0.06124320958261915,-0.04512806844997106,0.11378636009628469,-0.0787228856272422,2.858823713139199,1.4293368524436971,1,1,0,0.0007639559999006451,30,0.0,0.0,9.369169287112914e-05,0.010000000000000002,-0.048174191618086004,3.1174487151278334,1.3974041128827288,-0.030548694009156187,-0.25862500198863464,0.03193273956096835,-0.0787228856272422,2.858823713139199,1.4293368524436971,False,False,False
1790735234.3764093,TRACK,0.010023112,0.0018646339999577322,0.6600214120339833,0.8174697372212432,0.9262968571611196,-0.061128789637951375,-0.045736984191073624,0.11428381002725298,0.6601007776401926,0.8169200252933543,0.9262033648597244,-0.061570568993609194,-0.04544198936766631,0.11424700870310771,-0.08077775584239405,2.855994195332668,1.4291708795735782,1,1,0,0.0007684039999276138,30,0.0,0.0,9.406238426514628e-05,0.010000000000000002,-0.04750440426265913,3.1166160105328378,1.3972491829705544,-0.03327335157973492,-0.2606218152001695,0.0319216966030237,-0.08077775584239405,2.855994195332668,1.4291708795735782,False,False,False
1790735234.3863828,TRACK,0.009973436,0.0018356479999965813,0.6594084631451897,0.8170096221873138,0.9274438717064974,-0.061485933383880156,-0.046323863091556505,0.11518702285750208,0.6594850788589368,0.8164652543698852,0.927345082115804,-0.061897338497058134,-0.0457544667778311,0.11470447809689269,-0.07962459366029428,2.85621813818692,1.428821408251203,1,1,0,0.0007579840000744298,30,0.0,0.0,9.356674867679508e-05,0.010000000000000002,-0.04683395433339486,3.1157809928282716,1.3970939726153533,-0.03279063932689942,-0.25956285464135154,0.031727435635849593,-0.07962459366029428,2.85621813818692,1.428821408251203,False,False,False
1790735234.3963852,TRACK,0.010002913,0.0019416910001837095,0.6587913963281169,0.816543868394529,0.9285995125313704,-0.06190361264649907,-0.0467501120818032,0.11581130029897149,0.6588642817079325,0.8160060085545291,0.9284947519495125,-0.06222610691868843,-0.04606796283802781,0.11516237077566605,-0.07815641034193428,2.8561281804845686,1.4287144595803978,1,1,0,0.0007602390001011372,30,0.0,0.0,9.336629964027512e-05,0.010000000000000002,-0.04615752657717142,3.114937046056287,1.3969372505411166,-0.03199888376476286,-0.2588088655717183,0.03177720903928106,-0.07815641034193428,2.8561281804845686,1.4287144595803978,False,False,False
1790735234.406383,TRACK,0.009997372000000001,0.0017994689999341063,0.6581701947827439,0.8160750979020257,0.9297593913687701,-0.06230077758604595,-0.04697862161493621,0.11612358752288196,0.6582405373679738,0.8155438834618433,0.9296483566162957,-0.06255572558441266,-0.04638136283499475,0.11561904934521551,-0.07716650865289304,2.8549715336221166,1.4286446058343245,1,1,0,0.0007501200000206154,30,0.0,0.0,9.344851619711285e-05,0.010000000000000002,-0.04547746840931292,3.114087093328473,1.396779559027013,-0.03168904024358012,-0.25911555970635636,0.03186504680731154,-0.07716650865289304,2.8549715336221166,1.4286446058343245,False,False,False
1790735234.416381,TRACK,0.009997763,0.001802795999992668,0.6575453048143034,0.8156039955189662,0.9309224985766589,-0.06264619387148146,-0.04726314718106687,0.11653092832500446,0.6576134679661146,0.8150786066211204,0.9308065673238093,-0.06288638780622359,-0.04669483494569268,0.11607475421665715,-0.07656949115575103,2.853838532928787,1.4284950999700858,1,1,0,0.0007569130000320001,30,0.0,0.0,9.347087979621696e-05,0.010000000000000002,-0.044793373287319214,3.1132306275009496,1.3966208027941596,-0.03177611786843181,-0.25939209457216283,0.03187429717592629,-0.07656949115575103,2.853838532928787,1.4284950999700858,False,False,False
1790735234.426398,TRACK,0.010017281000000001,0.002111985000055938,0.656917112691672,0.8151295707834549,0.9320904267477568,-0.06297350870867453,-0.04762459698416771,0.1170583304546326,0.6569818536389125,0.8146092780206969,0.9319716034028644,-0.0632187277539088,-0.047008961142480314,0.1165303226279506,-0.07616792148085975,2.852969636196684,1.428327594216546,1,1,0,0.0007779820000450854,30,0.0,0.0,9.340625666951361e-05,0.010000000000000002,-0.04410391446772442,3.112365983180751,1.3964606724860258,-0.03206400701313533,-0.25939634698406716,0.03186692173052041,-0.07616792148085975,2.852969636196684,1.428327594216546,False,False,False
1790735234.436399,TRACK,0.010000779000000001,0.0018100490001415892,0.6562855124657654,0.8146515541663621,0.9332636395486364,-0.06333245255013957,-0.0479670839064911,0.11756531890800712,0.6563479537327751,0.814137583515884,0.933139267283822,-0.06355154932883599,-0.047322593882648575,0.11698408420442835,-0.07536673849751035,2.8521635698686434,1.4281435659770527,1,1,0,0.0007571229998575291,30,0.0,0.0,9.3318140520689e-05,0.010000000000000002,-0.04341156343894291,3.111496259376032,1.3962997410143887,-0.031955175058567445,-0.25933268950738875,0.031843824962664045,-0.07536673849751035,2.8521635698686434,1.4281435659770527,False,False,False
1790735234.4464052,TRACK,0.010006339000000001,0.0019013129999621015,0.6556502752917526,0.8141702066018226,0.9344417408587908,-0.06369302856355306,-0.048289732504284796,0.11803267966416692,0.6557103650131357,0.8136624875370044,0.9343121166721317,-0.06388558348071474,-0.04763640683577324,0.11743700968753226,-0.07458690873644572,2.851299747216242,1.4279988557113075,1,1,0,0.0007620629999109951,30,0.0,0.0,9.326270352130462e-05,0.010000000000000002,-0.04271479377316177,3.1106195413524778,1.3961376527720364,-0.03187211496328395,-0.259319794136236,0.03186120293927103,-0.07458690873644572,2.851299747216242,1.4279988557113075,False,False,False
1790735234.4564953,TRACK,0.010090289,0.0019230039999911241,0.655011448201404,0.8136857266057493,0.9356243641358013,-0.0640498470170757,-0.04860056265641782,0.11848229135351843,0.6550640372576031,0.8131802259559429,0.9354993895302449,-0.0642234592382438,-0.04795283990924332,0.11789259995796435,-0.07459900424850782,2.84989018405292,1.4278828107646226,1,1,0,0.0007704390000071726,30,0.0,0.0,9.338857144222724e-05,0.010000000000000002,-0.04200808704583259,3.1097288667531546,1.3959731212901847,-0.03259091720267523,-0.25983868270023464,0.03190968947443802,-0.07459900424850782,2.84989018405292,1.4278828107646226,False,False,False
1790735234.466376,TRACK,0.009881131000000001,0.0023256620002030104,0.6544011329215023,0.8132224392901346,0.9367523391250971,-0.0644231093795411,-0.04894985824377554,0.1190123800574227,0.6544277979822344,0.8127048668292798,0.9366665012942629,-0.06455534095806882,-0.04826268326698025,0.11833760989344075,-0.07685823186414227,2.847111828559192,1.4277990125315394,1,1,0,0.000953326999933779,30,0.0,0.0,9.398788650830189e-05,0.010000000000000002,-0.041312042470743694,3.1088502246048773,1.3958109438563266,-0.035546189393398576,-0.26173839604568533,0.03198806867521283,-0.07685823186414227,2.847111828559192,1.4277990125315394,False,False,False
1790735234.4763758,TRACK,0.009999607,0.0021992120000504656,0.6537542575541506,0.8127301431644085,0.9379469538698331,-0.06497267057669208,-0.049563246392179586,0.12000556861564024,0.6537805864771525,0.8122206914301445,0.9378520776403989,-0.06489221745479097,-0.04857619254928288,0.11878677823808084,-0.07365882022356524,2.848108241502143,1.4274483011591041,1,1,0,0.0008451109999896289,30,0.0,0.0,9.318593119931649e-05,0.010000000000000002,-0.040603630639839704,3.1079545642355053,1.3956457555082622,-0.03305518958372554,-0.25984632273336244,0.031802545650841986,-0.07365882022356524,2.848108241502143,1.4274483011591041,False,False,False
1790735234.4863636,TRACK,0.009987704,0.001862007999989146,0.6531013908389385,0.8122318380958102,0.9391513922539838,-0.06551850896783319,-0.050001085937650916,0.12070118989990118,0.6531307776707811,0.8117339633170562,0.9390407201883902,-0.06522971095736234,-0.04888926073323595,0.11923419712421354,-0.07011561424431922,2.8488549240852477,1.4272861526707272,1,1,0,0.0007724019999386655,30,0.0,0.0,9.277951708767983e-05,0.010000000000000002,-0.039892018683193246,3.107053454579703,1.3954796909276206,-0.030223595561125978,-0.2581985304944553,0.03180646174310655,-0.07011561424431922,2.8488549240852477,1.4272861526707272,False,False,False
1790735234.4963698,TRACK,0.010005988,0.0019214320000173757,0.652444216705379,0.8117310132075115,0.9403594541931621,-0.06584593559021096,-0.05011939242098612,0.12082884538827003,0.6524763941506563,0.811243209169566,0.9402360134674749,-0.06556884074722033,-0.049202815148698585,0.11968118468451312,-0.0693361391481763,2.847456569320918,1.427295237190262,1,1,0,0.0007714900000337366,30,0.0,0.0,9.295445330336981e-05,0.010000000000000002,-0.039175047017671126,3.1061441609631486,1.395312245192601,-0.030161092130505163,-0.25868759164223043,0.0319829919976611,-0.0693361391481763,2.847456569320918,1.427295237190262,False,False,False
1790735234.5063658,TRACK,0.00999595,0.002279473999806214,0.6517845221802796,0.8112291986624562,0.9415684378440918,-0.06607467477814845,-0.05028721209915045,0.12104362963867557,0.6518192738020405,0.8107498151572159,0.9414345670673782,-0.06590864640176708,-0.049515949219680874,0.12012644099906108,-0.06959016359954015,2.845706931948478,1.4271360510454636,1,1,0,0.0008436069999788742,30,0.0,0.0,9.307698441306982e-05,0.010000000000000002,-0.03845473526131976,3.1052292445583722,1.395143889026905,-0.031135428338220392,-0.2595223126098943,0.03199216201855864,-0.06959016359954015,2.845706931948478,1.4271360510454636,False,False,False
1790735234.5163662,TRACK,0.010000588000000001,0.0020454779998999584,0.651122448700332,0.810724918514552,0.9427809491181467,-0.06633701441450567,-0.05060098219473169,0.12150855031270699,0.6511584444394211,0.810253060573191,0.9426381240857942,-0.0662496241906251,-0.04982910367327488,0.12057058742731414,-0.06945534157020342,2.8445500042374245,1.4268536622237487,1,1,0,0.0008425359999364446,30,0.0,0.0,9.30074623074892e-05,0.010000000000000002,-0.037730024541735546,3.1043073632623104,1.3949743742988163,-0.03172531702846787,-0.25975735902488606,0.03187928792493236,-0.06945534157020342,2.8445500042374245,1.4268536622237487,False,False,False
1790735234.5263681,TRACK,0.010001941,0.001892056000087905,0.6504573911232425,0.8102170659246006,0.9439987660670113,-0.0666653650523524,-0.050956866565121245,0.12202888457036283,0.6504941099337747,0.8097531071230142,0.9438462798365135,-0.06659166117857933,-0.05014215628842546,0.12101344327089547,-0.06863363287758309,2.8438729888305474,1.4266274295607162,1,1,0,0.0007722909999756666,30,0.0,0.0,9.283200827522113e-05,0.010000000000000002,-0.037001144813506956,3.1033788102877713,1.394803753970534,-0.03163248806407614,-0.25950582145722406,0.03182367559018221,-0.06863363287758309,2.8438729888305474,1.4266274295607162,False,False,False
1790735234.536373,TRACK,0.010004596000000001,0.0019778490000135207,0.6497888558445775,0.8097059937719422,0.9452211844159502,-0.06702077908010708,-0.05123730991561112,0.12241882056095868,0.649826171623724,0.8092498893827463,0.9450591805721295,-0.06693480062153093,-0.05045512833422172,0.12145503151049564,-0.0677008106069287,2.8429310852822796,1.4264760170231854,1,1,0,0.0008096529998056212,30,0.0,0.0,9.277223019136278e-05,0.010000000000000002,-0.03626799445931683,3.102443457492357,1.3946320035091075,-0.03143281614761187,-0.2595123722100775,0.03184401351407777,-0.0677008106069287,2.8429310852822796,1.4264760170231854,False,False,False
1790735234.5463815,TRACK,0.010008945,0.0018370909999703144,0.6491167945402081,0.8091923411993971,0.9464471233363714,-0.0673659258845042,-0.051496210856708656,0.12277198152394433,0.6491545026923473,0.8087433205938518,0.9462770222704725,-0.06727909976940434,-0.05076805307760455,0.12189539136071942,-0.0669581509294242,2.8417711965185064,1.4263237979454535,1,1,0,0.0007566619999579416,30,0.0,0.0,9.276896429815816e-05,0.010000000000000002,-0.03553044092780207,3.10150113668582,1.3944590911007384,-0.03142771000162214,-0.2597299401673134,0.03186470684471512,-0.0669581509294242,2.8417711965185064,1.4263237979454535,False,False,False
1790735234.5563705,TRACK,0.009988766000000001,0.002253944999893065,0.6484413722442559,0.8086759242152599,0.9476768631612087,-0.0676965586730294,-0.051796502992931676,0.12318935936348366,0.6484807472254087,0.8082346515108836,0.9474967956787883,-0.06762371054245944,-0.05108014446916658,0.12233341284068962,-0.0661075585659899,2.8408626129516263,1.4261368451685166,1,1,0,0.0007807580000189773,30,0.0,0.0,9.266870281303896e-05,0.010000000000000002,-0.03479029740373847,3.1005541701702204,1.3942854415570816,-0.031317261162251434,-0.25969155721859394,0.03185140361143512,-0.0661075585659899,2.8408626129516263,1.4261368451685166,False,False,False
1790735234.5663667,TRACK,0.00999615,0.0018977659999563912,0.647762631570246,0.8081564899952287,0.948910821045879,-0.06802632492305312,-0.05208754992764572,0.12359322785397264,0.6478030426257507,0.8077224866328145,0.9487218435354071,-0.06796957995204961,-0.05139224432075653,0.12277027301241207,-0.06536864226704654,2.8398347446650667,1.425944315533456,1,1,0,0.0007822810000561731,30,0.0,0.0,9.261824153064675e-05,0.010000000000000002,-0.03404552557927633,3.0995999553612,1.3941105763716621,-0.031323116687770214,-0.2597652106961331,0.03183373916179388,-0.06536864226704654,2.8398347446650667,1.425944315533456,False,False,False
1790735234.5763676,TRACK,0.010001229,0.0019935389998408937,0.6470806377763205,0.8076341150761372,0.950148803828017,-0.06835106072776356,-0.05238532409196208,0.12399740994139709,0.6471215286728719,0.807206940546314,0.9499518765042322,-0.06831662811143106,-0.05170426033296863,0.12320583372264987,-0.06474042162675803,2.838810581794644,1.4257736968993844,1,1,0,0.0008113160001812503,30,0.0,0.0,9.255679664436109e-05,0.010000000000000002,-0.03329628592962504,3.098638698355277,1.3939345324913022,-0.03144413569713298,-0.25982811656063287,0.031839164408082196,-0.06474042162675803,2.838810581794644,1.4257736968993844,False,False,False
1790735234.5878267,TRACK,0.011460881000000001,0.0023385570000300504,0.646498368804564,0.8071877718134104,0.9512042380258068,-0.06862673247607101,-0.052644196901367984,0.12434698137666095,0.6463362751800511,0.8066123165713047,0.951366775512915,-0.06871554597660393,-0.05206153948994187,0.12370315622339324,-0.09244335511716728,2.8194729715956504,1.4265026175626863,1,1,0,0.0008064979999744537,30,0.0,0.0,9.90358660574077e-05,0.010000000000000002,-0.032432595749433184,3.097528988888751,1.3937316989407331,-0.060010759367734104,-0.2780560172931004,0.03277091862195316,-0.09244335511716728,2.8194729715956504,1.4265026175626863,False,False,False
1790735234.5963686,TRACK,0.008539665,0.0020248089999768126,0.645738956933898,0.8066021950493862,0.9525826069576864,-0.0700843123791896,-0.05455342065608679,0.12762464657332065,0.6457481952190568,0.8061665923763951,0.9524247369150111,-0.06901361957103105,-0.05232758808193587,0.12407252832251127,-0.05626365519620413,2.842867057450622,1.4243721286283753,1,1,0,0.000803291000011086,30,0.0,0.0,8.919836962865845e-05,0.010000000000000002,-0.03178554420933327,3.0966965173604453,1.3935796523377568,-0.02447811098687086,-0.25382945990982314,0.030792476290618525,-0.05626365519620413,2.842867057450622,1.4243721286283753,False,False,False
1790735234.6063695,TRACK,0.010000799000000001,0.0020035489999372658,0.6450312247487018,0.8060507543878668,0.9538687711752987,-0.07081762883575458,-0.05477587246738859,0.1278669557988813,0.6450562546668344,0.8056417175135402,0.9536677189565799,-0.06936359678003946,-0.052638960861221544,0.12450377873009082,-0.047970168451365654,2.846595753538097,1.42529717343676,1,1,0,0.0008034919999317935,30,0.0,0.0,8.997413416200516e-05,0.010000000000000002,-0.031023980731890943,3.0957155230940514,1.3934005802342502,-0.01694618771947471,-0.24911976955595436,0.031896593202509906,-0.047970168451365654,2.846595753538097,1.42529717343676,False,False,False
1790735234.6163666,TRACK,0.009997522,0.0018978669997977704,0.644325086965087,0.8055107491564026,0.9551336783015492,-0.07032967512481389,-0.05325682997385164,0.1252212104511998,0.6443610376540043,0.8051139033275123,0.9549145971847391,-0.06971443099523142,-0.052950001317297275,0.124933432210131,-0.05709740761776248,2.8356106371020666,1.4260013061831278,1,1,0,0.0007751880000341771,30,0.0,0.0,9.277484767620943e-05,0.010000000000000002,-0.03025856465556159,3.094728284468119,1.3932204761141065,-0.026838842962200897,-0.2591176473660525,0.032780830069021265,-0.05709740761776248,2.8356106371020666,1.4260013061831278,False,False,False
1790735234.6263955,TRACK,0.010028502,0.0018948210001781263,0.6436591953516411,0.8050062271481089,0.9563206687475763,-0.07001152027282607,-0.05336198870177605,0.12536935731525456,0.6436601376534988,0.804581330704828,0.9561696471940584,-0.07006732590071732,-0.05326175486359631,0.12536292192069615,-0.0684487531300172,2.8272742908667037,1.4253083842717629,1,1,0,0.0007800460000453313,30,0.0,0.0,9.439519181511066e-05,0.010000000000000002,-0.02948665323621452,3.0937313894084606,1.3930387170832035,-0.038962099893802685,-0.26645709854175686,0.03226966718855937,-0.0684487531300172,2.8272742908667037,1.4253083842717629,False,False,False
1790735234.63637,TRACK,0.009974779000000001,0.001970555000070817,0.6429576807494781,0.804466175125155,0.9575847767331762,-0.07048748110940195,-0.054754907116150484,0.1276310855223718,0.6429594769540429,0.8040485110724476,0.9574222388920459,-0.07041929503171325,-0.05357156979953865,0.12578859240974802,-0.06473188431865018,2.8313355535537035,1.4242196200813655,1,1,0,0.0007863079999879119,30,0.0,0.0,9.224913964206412e-05,0.010000000000000002,-0.028714777473622086,3.092733278813965,1.3928568409166835,-0.03601710684502809,-0.2613977252602615,0.03136277916468202,-0.06473188431865018,2.8313355535537035,1.4242196200813655,False,False,False
1790735234.6463642,TRACK,0.009994467,0.0018268419999003527,0.6422483263710967,0.803913940657953,0.9588685645096611,-0.0713084500389712,-0.05537145175180658,0.12857109275311146,0.642253907282102,0.803511541704107,0.9586815537532865,-0.07077292126221346,-0.053881708087394176,0.12621355107561674,-0.0581148682620887,2.8341414071975337,1.4241539938404906,1,1,0,0.0007529639999575011,30,0.0,0.0,9.138060641594464e-05,0.010000000000000002,-0.027937275024034876,3.0917266393674048,1.39267351360361,-0.030177593238053822,-0.2575852321698712,0.03148048023688072,-0.0581148682620887,2.8341414071975337,1.4241539938404906,False,False,False
1790735234.6564238,TRACK,0.01005933,0.002225430999942546,0.6414960404098595,0.8033335828725399,0.9602164060644345,-0.07183958538362507,-0.05509370497695648,0.12801932395501214,0.641540184882946,0.8029679591012088,0.9599533220874111,-0.07112981259560462,-0.05419354797935195,0.12663966524024525,-0.051477971103907394,2.8344163076099593,1.4243645711308346,1,1,0,0.0009234500000729895,30,0.0,0.0,9.09850581431182e-05,0.010000000000000002,-0.027150576947680718,3.0907068369201554,1.3924878916389452,-0.024327394156226676,-0.2562905293101961,0.031876679491889486,-0.051477971103907394,2.8344163076099593,1.4243645711308346,False,False,False
1790735234.6664348,TRACK,0.010010878,0.0024681129998498363,0.6407770533469828,0.8027847323925279,0.9614926727556439,-0.07181428455545487,-0.05476721827107355,0.1273612879848292,0.6408263311912129,0.802423882095053,0.9612232121535981,-0.07148594848309048,-0.05450355595867601,0.12706209710265812,-0.054749182239296916,2.829435151206436,1.4244122896712366,1,1,0,0.0009165160001884942,30,0.0,0.0,9.228549997850876e-05,0.010000000000000002,-0.026363532740286064,3.0896853427148425,1.3923020624082283,-0.028385649499010852,-0.2602501915084066,0.03211022726300818,-0.054749182239296916,2.829435151206436,1.4244122896712366,False,False,False
1790735234.6763852,TRACK,0.009950543000000001,0.001998769000010725,0.6400597527360707,0.8022365302874235,0.9627663799034565,-0.07171276691460717,-0.05506015405270565,0.12769726972887713,0.6401132420513318,0.8018800104668953,0.9624896312508503,-0.071840887864435,-0.054811349549395365,0.12748033812140544,-0.05795164537031551,2.8269867571562903,1.4239895361835733,1,1,0,0.0008138700000017707,30,0.0,0.0,9.230043707309956e-05,0.010000000000000002,-0.025577141806841543,3.0886634767639585,1.3921162636111066,-0.03237450356347397,-0.26167671960766803,0.031873272572466534,-0.05795164537031551,2.8269867571562903,1.4239895361835733,False,False,False
1790735234.686372,TRACK,0.009986752,0.002100863999885405,0.6393416626740498,0.8016827571474963,0.9640478974765987,-0.07196920683013844,-0.05567264585314649,0.12857828969572033,0.6393940021748447,0.8013310821077647,0.963764834821683,-0.07219806834512243,-0.0551198963560751,0.12789841841991256,-0.057711682778828904,2.826998736588668,1.423557278823662,1,1,0,0.0008167460000549909,30,0.0,0.0,9.178366340119262e-05,0.010000000000000002,-0.024783787293567124,3.0876313488525944,1.3919286958251067,-0.03292789548526178,-0.26063261226392653,0.03162858299855514,-0.057711682778828904,2.826998736588668,1.423557278823662,False,False,False
1790735234.6963665,TRACK,0.009994587000000001,0.0019643829998585716,0.6386195505111028,0.8011238902397224,0.9653367152532457,-0.07244804459989027,-0.05600816058819273,0.1290328444713028,0.6386706220080599,0.8007786400071103,0.9650452104454973,-0.07255647866312816,-0.05542829715314001,0.12831510495275422,-0.055815249802192546,2.826381401993553,1.4233567605805462,1,1,0,0.0007855169999402278,30,0.0,0.0,9.163303834770238e-05,0.010000000000000002,-0.023985694400205152,3.086591849107399,1.3917398841189126,-0.03182955540198739,-0.2602104471138457,0.031616876461633664,-0.055815249802192546,2.826381401993553,1.4233567605805462,False,False,False
1790735234.706365,TRACK,0.009998214,0.0018566989999726502,0.6378925341704198,0.8005629825992422,0.9666278886085786,-0.07290400171090919,-0.056172037466040006,0.12919285400704233,0.6379433904763985,0.8002229154368422,0.9663302088328242,-0.07291596676786702,-0.055736401081522585,0.12873018497291952,-0.05435297804565638,2.824850190023509,1.4232867811145777,1,1,0,0.0007588460000533814,30,0.0,0.0,9.176278526227517e-05,0.010000000000000002,-0.023183190548838196,3.085545405341849,1.3915499055843186,-0.031169787496818185,-0.2606952153183402,0.031736875530259154,-0.05435297804565638,2.824850190023509,1.4232867811145777,False,False,False
1790735234.7163823,TRACK,0.010018683,0.0022700659999372874,0.6371615422065764,0.8000000319859577,0.9679211977327205,-0.07325146490744314,-0.05646226951204344,0.12953790386890784,0.6372110600766653,0.7996629653341683,0.967621991792851,-0.07327713881350524,-0.05604470509882674,0.1291443166348848,-0.05384196446521103,2.823520442948252,1.4231657849878094,1,1,0,0.0007709900000918424,30,0.0,0.0,9.178753228016812e-05,0.010000000000000002,-0.022374907671867575,3.084490232959989,1.3913584358040882,-0.031467056793343454,-0.26096979001173676,0.03180734918372113,-0.05384196446521103,2.823520442948252,1.4231657849878094,False,False,False
1790735234.7263644,TRACK,0.009980621,0.0018556370000624156,0.6364272919058047,0.7994335520631175,0.9692189924823964,-0.07357997938297144,-0.05684629796793354,0.13004406429455082,0.6364779092982843,0.7991020735461932,0.9689129834901694,-0.07363787941709503,-0.05635138857994306,0.12955505053404745,-0.05299130032776629,2.8228593790997336,1.4229576071299606,1,1,0,0.0007722820000708452,30,0.0,0.0,9.15700977231257e-05,0.010000000000000002,-0.021565577642098138,3.08343251613927,1.3911665959525366,-0.03142572268566815,-0.26057313703953655,0.0317910111774239,-0.05299130032776629,2.8228593790997336,1.4229576071299606,False,False,False
1790735234.7363455,TRACK,0.009981261,0.0019120540000585606,0.635689688493799,0.7988632063682761,0.9705219066458834,-0.07392215010456522,-0.057192731569587124,0.13049395415733758,0.6357411060715278,0.7985380869293401,0.9702081485119157,-0.07399957925641386,-0.05665762261072363,0.1299639548223039,-0.052083879336593454,2.822120996386512,1.4227791585619416,1,1,0,0.0007855270000618475,30,0.0,0.0,9.140716011602381e-05,0.010000000000000002,-0.0207520842905871,3.082368192966291,1.390973648065883,-0.031331795046006354,-0.26024719657977907,0.03180551049605851,-0.052083879336593454,2.822120996386512,1.4227791585619416,False,False,False
1790735234.7464018,TRACK,0.010056495,0.0020692939999662485,0.6349485733817355,0.7982899415650806,0.9718285247293803,-0.07428037974398376,-0.05744334178755597,0.13080579066631048,0.6349950932948558,0.7979667604697528,0.9715171939506695,-0.07436494920409853,-0.056965669376103804,0.13037402874545062,-0.05203448593621552,2.8203103039903086,1.4226105161591032,1,1,0,0.0008648880000237114,30,0.0,0.0,9.158336397797369e-05,0.010000000000000002,-0.019928300265056063,3.0812892378530403,1.3907781375038037,-0.03210618567115946,-0.26097893386273163,0.03183237865529939,-0.05203448593621552,2.8203103039903086,1.4226105161591032,False,False,False
1790735234.7563632,TRACK,0.009961143,0.0018638019998888922,0.6342036966291191,0.7977140822344602,0.9731384866800878,-0.07468143042573996,-0.057756433580687744,0.13123111999877501,0.6342525270359554,0.7973977997046157,0.9728178833378276,-0.07472778578657649,-0.057270284075118,0.13077828679954873,-0.05053695053928645,2.8194508313112876,1.4223493881125142,1,1,0,0.000767852999842944,30,0.0,0.0,9.137838599615507e-05,0.010000000000000002,-0.01910821108542978,3.080213976357672,1.390583383948746,-0.03142873945385667,-0.26076314504638465,0.03176600416376811,-0.05053695053928645,2.8194508313112876,1.4223493881125142,False,False,False
1790735234.7663708,TRACK,0.010007442,0.0019666480000068987,0.6334548848895887,0.797134777342345,0.9744530872854993,-0.07504543556137233,-0.05809140456211134,0.13166251206765944,0.6335028652051437,0.7968231415818946,0.9741286634690504,-0.07509323878631041,-0.05757578106029973,0.1311824563743065,-0.049680347345525,2.818522411672276,1.4221895406030793,1,1,0,0.0008004649998838431,30,0.0,0.0,9.1298709694099e-05,0.010000000000000002,-0.018280184785447767,3.0791271703346608,1.390386626099144,-0.03140016256007723,-0.2606047586623849,0.03180291450393535,-0.049680347345525,2.818522411672276,1.4221895406030793,False,False,False
1790735234.7763653,TRACK,0.009994547000000001,0.0018624200001795543,0.6327024954163241,0.7965524361514333,0.9757715168822276,-0.0754100766572553,-0.05837137217534303,0.13201672336436976,0.6327505145219914,0.7962461753498489,0.9754417815071329,-0.07545914816902446,-0.05788032939731,0.13158410127931505,-0.04885074770472421,2.8173248620965143,1.422008041942033,1,1,0,0.0007655090000753262,30,0.0,0.0,9.124848202859777e-05,0.010000000000000002,-0.0174490982582232,3.078035220087193,1.3901890224358344,-0.031401649446501013,-0.2607103579906788,0.03181901950619859,-0.04885074770472421,2.8173248620965143,1.422008041942033,False,False,False
1790735234.7863646,TRACK,0.009999466,0.0019332340000346449,0.6319464579824592,0.7959673192708472,0.9770934883531304,-0.07577395603564575,-0.05865717789250152,0.13238505389790342,0.6319941291337619,0.7956658819469208,0.9767595528755934,-0.07582616193221434,-0.05818445116177578,0.13198390387957706,-0.04808549046384751,2.8160631275295804,1.4218014202793468,1,1,0,0.0007741859999441658,30,0.0,0.0,9.121634457051069e-05,0.010000000000000002,-0.016613475109782,3.076936192307101,1.3899902223376706,-0.03147201535406551,-0.26087306477752026,0.03181119794167612,-0.04808549046384751,2.8160631275295804,1.4218014202793468,False,False,False
1790735234.796417,TRACK,0.010052698,0.002165646999856108,0.6311867859967437,0.7953792218505047,0.9784193254838858,-0.07613818929562177,-0.0589664797776074,0.13278721004588104,0.6312300131781299,0.7950794369864504,0.9780883586994715,-0.07619605825544315,-0.05848958895000598,0.13238374155800287,-0.04783887545547928,2.814540512322597,1.4216014463102766,1,1,0,0.0008902059998945333,30,0.0,0.0,9.127548960858283e-05,0.010000000000000002,-0.015769242070406347,3.075824725477407,1.389789256058304,-0.03206963338507294,-0.2612842131548101,0.03181219025197258,-0.04783887545547928,2.814540512322597,1.4216014463102766,False,False,False
1790735234.8063757,TRACK,0.009958809,0.002299352000136423,0.6304233167294937,0.7947879236919277,0.9797493917370632,-0.07653889678417154,-0.05930702892334187,0.13324624054219053,0.6304693627243932,0.7944954476845766,0.9794087067242216,-0.07656341494917157,-0.05879125912231045,0.1327777391775409,-0.04621717603319521,2.813923413267255,1.4213596288866763,1,1,0,0.0009406330000274465,30,0.0,0.0,9.100184669638913e-05,0.010000000000000002,-0.014928780014399932,3.0747171318378252,1.3895890719148682,-0.03128839601879528,-0.26079371857057027,0.031770556971808125,-0.04621717603319521,2.813923413267255,1.4213596288866763,False,False,False
1790735234.8163676,TRACK,0.009991731,0.0018937889999506297,0.6296557627589392,0.7941933101422798,0.9810839033485843,-0.076926526338034,-0.05959815946443574,0.1336192634816466,0.629702516548612,0.7939065118053685,0.9807373521409822,-0.07693289818900133,-0.05909328694655628,0.13317089667154133,-0.04504624116050244,2.812899975260762,1.4211797968505853,1,1,0,0.0007873199999721692,30,0.0,0.0,9.09388215591188e-05,0.010000000000000002,-0.014081425182319333,3.0735993740768937,1.3893871314822341,-0.030964815978183107,-0.2606993988161316,0.03179266536835117,-0.04504624116050244,2.812899975260762,1.4211797968505853,False,False,False
1790735234.8263633,TRACK,0.009995509000000001,0.0017931469999439287,0.6288846522228502,0.7935959985896552,0.9824216982927743,-0.0772662589439645,-0.05986428628474881,0.13393906085839435,0.6289316819925489,0.7933143370437913,0.9820704196047491,-0.07730343207262337,-0.05939476606734645,0.1335620188764529,-0.044452551432071934,2.81159395984779,1.42101976865399,1,1,0,0.0007540869999047572,30,0.0,0.0,9.091435570896465e-05,0.010000000000000002,-0.01322962720675209,3.0724746836874863,1.3891840184372661,-0.031222924225319845,-0.26088072383969635,0.0318357502167239,-0.044452551432071934,2.81159395984779,1.42101976865399,False,False,False
1790735234.8363652,TRACK,0.010001991,0.0018188460001056228,0.6281101897000321,0.7929959521384919,0.9837628341981715,-0.07760953641550669,-0.06015222910648025,0.13430218743655026,0.62815663573246,0.7927187653030529,0.9834082537345287,-0.07767511497714871,-0.059695754963026613,0.1339511713656344,-0.043929293798131444,2.81026450828565,1.4208131318483028,1,1,0,0.000768675000017538,30,0.0,0.0,9.087728894004667e-05,0.010000000000000002,-0.01237315024759067,3.071342753963291,1.3889796769454263,-0.031556143550540774,-0.26107824567764104,0.03183345490287641,-0.043929293798131444,2.81026450828565,1.4208131318483028,False,False,False
1790735234.8463662,TRACK,0.010000739,0.0018795920000229671,0.6273321556196025,0.7923928871991706,0.9851078698421611,-0.07798058639481789,-0.060463204835279956,0.13470884092299526,0.6273779650867046,0.7921202617120222,0.984749800695719,-0.07804765691152005,-0.0599959981605874,0.1343380144077497,-0.043112945507254335,2.8090962155210026,1.4205813801489056,1,1,0,0.000777992999928756,30,0.0,0.0,9.079147097126429e-05,0.010000000000000002,-0.011512654471860652,3.0702044631398264,1.3887742650643813,-0.031600291035393684,-0.2611082476188237,0.03180711508452427,-0.043112945507254335,2.8090962155210026,1.4205813801489056,False,False,False
1790735234.8563623,TRACK,0.00999627,0.001862469999878158,0.6265503003223065,0.7917867140812209,0.9864569695711003,-0.0783672835503665,-0.060768176114092895,0.13510360703849528,0.626595914695894,0.791519028560616,0.9860946028394391,-0.07842093392486858,-0.060295377375853304,0.13472238826340577,-0.04209189149728322,2.808000998095283,1.4203663953634857,1,1,0,0.0007757680000395339,30,0.0,0.0,9.06948205424463e-05,0.010000000000000002,-0.010648421554147313,3.0690601915436027,1.388567850833998,-0.031443469943135904,-0.2610591934483194,0.031798544529487625,-0.04209189149728322,2.808000998095283,1.4203663953634857,False,False,False
1790735234.8663633,TRACK,0.010000949,0.0018394759999864618,0.6257645836669843,0.7911775805265098,0.987809849429695,-0.0787490878559444,-0.06105639733667777,0.13546690571450004,0.6258097597534864,0.7909145229543342,0.9874438678115288,-0.07879528427235992,-0.06059414411015336,0.13510460716916733,-0.04118114611136801,2.8067949489127706,1.4201710344848197,1,1,0,0.0007668910000120377,30,0.0,0.0,9.063685428064018e-05,0.010000000000000002,-0.009779662002714448,3.0679089009058043,1.3883602464594496,-0.03140148410865356,-0.2611139519930335,0.03181078802537025,-0.04118114611136801,2.8067949489127706,1.4201710344848197,False,False,False
1790735234.876366,TRACK,0.010002652,0.0019614479999745527,0.6249750960417648,0.7905655807291456,0.989166323382169,-0.0791236114582978,-0.06134674161514353,0.1358321552333775,0.6250197216445406,0.7903069295561875,0.988797174230521,-0.07917059400487142,-0.06089218614652122,0.13548451749392668,-0.040360306143320965,2.805554495073051,1.4199700952640901,1,1,0,0.0007791550001456926,30,0.0,0.0,9.057878876583799e-05,0.010000000000000002,-0.008906632124274682,3.066750937243271,1.3881515139249694,-0.031453674019046286,-0.2611964421702199,0.031818581339120654,-0.040360306143320965,2.805554495073051,1.4199700952640901,False,False,False
1790735234.8863833,TRACK,0.010017681,0.0019461790000150359,0.6241818662206464,0.7899506234663907,0.9905265384221771,-0.07949956289646481,-0.0616469949044198,0.13621393881558702,0.624224729464502,0.7896954393018719,0.990156310604571,-0.07954736191517098,-0.06118987581259999,0.1358625814490236,-0.03968008550906663,2.804240696213998,1.4197598531862177,1,1,0,0.0007752070000606182,30,0.0,0.0,9.054315627880312e-05,0.010000000000000002,-0.008028160420646595,3.06558475179212,1.3879413737789004,-0.03165192508842004,-0.26134405557812196,0.03181847940731724,-0.03968008550906663,2.804240696213998,1.4197598531862177,False,False,False
1790735234.8963768,TRACK,0.009993676,0.0023111640000479383,0.6233848211353452,0.7893325994062437,0.9918906797514984,-0.07988883820842384,-0.06196021670434974,0.1366176441174704,0.623427877064951,0.7890824469748643,0.9915159516400244,-0.07992411523465844,-0.06148603138245103,0.13623729111466343,-0.038588684823286645,2.8032113395311677,1.4195388018469828,1,1,0,0.0009432869999272953,30,0.0,0.0,9.04044206245479e-05,0.010000000000000002,-0.0071476775526714545,3.064414908003081,1.3877306477932319,-0.03144100727061519,-0.26120356847191306,0.03180815405375101,-0.038588684823286645,2.8032113395311677,1.4195388018469828,False,False,False
1790735234.9063854,TRACK,0.010008784000000001,0.0023107640001853724,0.6225837945359158,0.7887115987143467,0.9932586587618042,-0.0802837243361293,-0.06223783046948106,0.13696985320562383,0.6226260419299104,0.7884655655907532,0.992881389301712,-0.08030231218253805,-0.06178184369330221,0.13661019681131764,-0.03765373018551949,2.801884437873043,1.419320267396266,1,1,0,0.0009616830000140908,30,0.0,0.0,9.03812225437155e-05,0.010000000000000002,-0.0062617043686189955,3.0632367212492766,1.3875188183972376,-0.031392025816900496,-0.2613522833762335,0.03180144899902829,-0.03765373018551949,2.801884437873043,1.419320267396266,False,False,False
1790735234.9163682,TRACK,0.009982283,0.0019711170000391576,0.6217788697496216,0.7880878619890392,0.994630068932068,-0.08066821670386225,-0.0625215564156774,0.13732507090914048,0.6218225553349027,0.7878473723056642,0.9942469178717797,-0.08068036131183269,-0.062076126774731205,0.13697985898477616,-0.036509250027371404,2.800764563790177,1.4191020137266306,1,1,0,0.0007909580001523864,30,0.0,0.0,9.026497829362227e-05,0.010000000000000002,-0.005373971745499142,3.0620552269668835,1.3873064866267457,-0.03113527828187226,-0.2612906631767065,0.03179552709988493,-0.036509250027371404,2.800764563790177,1.4191020137266306,False,False,False
1790735234.926369,TRACK,0.010000458,0.0018426820001877786,0.6209702370639265,0.7874611412879933,0.9960051760943127,-0.08102785370084756,-0.06282109466737987,0.13769130858858428,0.6210138174500107,0.7872251116378708,0.995618621416456,-0.08105994956677055,-0.06237017711879309,0.13734790008318085,-0.03574788865025625,2.7995953194475547,1.4189150110832496,1,1,0,0.0007598480001433927,30,0.0,0.0,9.018546659676276e-05,0.010000000000000002,-0.0044805163618228455,3.0608651609395325,1.3870926894911793,-0.031267372288433404,-0.2612698414919777,0.03182232159207041,-0.03574788865025625,2.7995953194475547,1.4189150110832496,False,False,False
1790735234.9363618,TRACK,0.009992984,0.001808666999977504,0.6201580455112952,0.7868314947846589,0.9973838418970944,-0.0813913494720474,-0.06310611238392137,0.1380408553388742,0.6202018879515395,0.7866003826147996,0.9969929646415221,-0.08144010078862816,-0.0626632175576491,0.13771333721402723,-0.034946890895226373,2.798369134823207,1.4187079479637243,1,1,0,0.0007459210000888561,30,0.0,0.0,9.009929030539961e-05,0.010000000000000002,-0.003583625878921185,3.0596695747882094,1.3868779751179805,-0.03136326501630519,-0.26130043996500274,0.031829972845743765,-0.034946890895226373,2.798369134823207,1.4187079479637243,False,False,False
1790735234.9463875,TRACK,0.010026218,0.001839905999986513,0.6193421289175065,0.7861990578064919,0.9987659599232765,-0.08177017749322434,-0.06338186711560831,0.13838360195868088,0.6193834361325697,0.7859706370034004,0.9983755367459358,-0.0818223628344393,-0.06295641676640326,0.1380776143771734,-0.03441890509415072,2.7968107985066477,1.4184815676379807,1,1,0,0.0007630239999798505,30,0.0,0.0,9.012617900754807e-05,0.010000000000000002,-0.002679633748064271,3.0584635835283307,1.3866614663035388,-0.03173927134608645,-0.261652785021683,0.03182010133444185,-0.03441890509415072,2.7968107985066477,1.4184815676379807,False,False,False
1790735234.9563663,TRACK,0.009978326000000001,0.0018588430000363587,0.6185223305250913,0.785563739936542,1.0001517028624676,-0.08217039294861837,-0.06369232564643289,0.1387803251444566,0.6185650843775866,0.785340984978973,0.9997551189930406,-0.08220363678037701,-0.06324738214762307,0.13843775366821506,-0.03309088752665659,2.795858917591081,1.418239243185745,1,1,0,0.0007656090001546545,30,0.0,0.0,8.993252722216892e-05,0.010000000000000002,-0.0017758666850747565,3.0572569700623244,1.3864449190121297,-0.03131502084158184,-0.2613980524712435,0.031794324173615225,-0.03309088752665659,2.795858917591081,1.418239243185745,False,False,False
1790735234.966394,TRACK,0.01002796,0.001883871000018189,0.6176985147908658,0.7849253458852896,1.00154134131893,-0.08256001628869576,-0.06397722767079389,0.13912919594744683,0.6177388248856847,0.7847052801906075,1.0011451717626845,-0.0825876452314682,-0.06353893506040906,0.1387972383873603,-0.03241083912816432,2.794426829109372,1.4180390007982104,1,1,0,0.0007763989999602927,30,0.0,0.0,8.994782138008656e-05,0.010000000000000002,-0.0008634937644605189,3.0560379508003224,1.3862262183438148,-0.03154734536370381,-0.2616111216909505,0.031812782454395755,-0.03241083912816432,2.794426829109372,1.4180390007982104,False,False,False
1790735234.9764044,TRACK,0.010010457,0.0022344389999489067,0.6168708590697447,0.7842841523976336,1.0029343685747403,-0.08295068585116594,-0.06426984812119434,0.13949005353471527,0.6169101626392901,0.7840677733416954,1.0025363813737258,-0.08297181714718393,-0.06382909706863231,0.13915361388983571,-0.03154516708884959,2.7931392181757158,1.4178221375963824,1,1,0,0.0009145529998022539,30,0.0,0.0,8.986413189186653e-05,0.010000000000000002,5.139287703507372e-05,3.054814668043757,1.3860068253047075,-0.03159655996588467,-0.2616754498680414,0.031815312291674884,-0.03154516708884959,2.7931392181757158,1.4178221375963824,False,False,False
1790735234.9863648,TRACK,0.009960302,0.0019600150001224392,0.6160391704268333,0.7836400386305584,1.004331060069954,-0.08335762168380405,-0.06455986568537647,0.1398552026329353,0.61608183121733,0.7834305821629248,1.0039241489509854,-0.08335488686279245,-0.06411690836843778,0.13950570687640987,-0.02993836334777778,2.7922639379701146,1.4175809701506288,1,1,0,0.0007918490000520251,30,0.0,0.0,8.965532707426644e-05,0.010000000000000002,0.0009657637716359119,3.0535911887433405,1.385787468458922,-0.030904127119413694,-0.2613272507732257,0.031793501691706756,-0.02993836334777778,2.7922639379701146,1.4175809701506288,False,False,False
1790735234.9963639,TRACK,0.009998785000000001,0.001819737999994686,0.615203563882635,0.7829930869599107,1.0057312327418835,-0.08372430114426696,-0.0648220870253725,0.14016107137157546,0.6152464576884089,0.7827880503719455,1.0053207930036518,-0.08374025772873656,-0.06440490935421549,0.13985661881722858,-0.029148849566998106,2.7909096563363436,1.4173882114377587,1,1,0,0.0007549890001428139,30,0.0,0.0,8.963559200939194e-05,0.010000000000000002,0.0018877448980761952,3.052356648872948,1.3855661997969657,-0.031036594465074303,-0.26144699253660436,0.031822011640793124,-0.029148849566998106,2.7909096563363436,1.4173882114377587,False,False,False
1790735235.0063822,TRACK,0.010018633,0.0018494650000775437,0.6143644526370968,0.7823436108016324,1.00713427766327,-0.08407809183294836,-0.06508053230073589,0.14046106427912913,0.6144055570743833,0.7821413596232937,1.0067237156622126,-0.08412721446397704,-0.06469253250003879,0.14020563684020426,-0.028804118419391317,2.789254942822217,1.4171726309957422,1,1,0,0.0007580239998787874,30,0.0,0.0,8.966116427209641e-05,0.010000000000000002,0.0028156494605015496,3.0511133071325145,1.385343424715202,-0.03161976787989287,-0.26185836431029774,0.03182920628054002,-0.028804118419391317,2.789254942822217,1.4171726309957422,False,False,False
1790735235.0163844,TRACK,0.010002192,0.0018813649999174231,0.6135216564693513,0.7816913309872824,1.0085407031827271,-0.08446696783458055,-0.06538755354487095,0.14084397903356305,0.6135621650902818,0.7814928604594437,1.0081278110497505,-0.0845143515832044,-0.06497871269915409,0.14055145866064858,-0.02789161517733167,2.788026479176932,1.4169200523004641,1,1,0,0.0007650580000699847,30,0.0,0.0,8.95390378899519e-05,0.010000000000000002,0.0037461141223381635,3.049865677743774,1.385119952053609,-0.031637729299669834,-0.2618391985668424,0.03180010024685514,-0.02789161517733167,2.788026479176932,1.4169200523004641,False,False,False
1790735235.0263636,TRACK,0.009978847,0.0018178650000209018,0.6126748105025,0.7810359061523382,1.009951084191461,-0.0848768655876447,-0.06569299096570644,0.1412229978815812,0.6127168788634559,0.7808430273915318,1.009532062974764,-0.08490139269994743,-0.06526323538898557,0.1408938244581831,-0.02646331525762622,2.7871014675348937,1.416687713013695,1,1,0,0.0007467840000572323,30,0.0,0.0,8.935092376936683e-05,0.010000000000000002,0.0046784676930102815,3.048614673961426,1.3848959449703317,-0.0311417829506365,-0.26151320642653225,0.03179176804336321,-0.02646331525762622,2.7871014675348937,1.416687713013695,False,False,False
1790735235.0363696,TRACK,0.010006079000000001,0.002089372000000367,0.6118239252118416,0.780377678827973,1.011364836547715,-0.08526616154025562,-0.06594427817172249,0.14151212086610235,0.6118654037950371,0.7801885751623935,1.0109435640451128,-0.08529029561866243,-0.06554751908070865,0.14123443092293375,-0.02561752123637828,2.7856408393543117,1.4164857801941586,1,1,0,0.0007945140000629181,30,0.0,0.0,8.934853585493176e-05,0.010000000000000002,0.005617433278635963,3.047353966444643,1.3846702701861213,-0.031234954515014242,-0.26171312709033134,0.031815510008037284,-0.02561752123637828,2.7856408393543117,1.4164857801941586,False,False,False
1790735235.0463634,TRACK,0.009993705,0.0018518990000302438,0.6109692540547043,0.7797169864719802,1.0127813896213924,-0.08564455784206151,-0.06620644480578552,0.14181767482612107,0.6110110935171346,0.7795320981395759,1.0123567077876436,-0.08567951839026348,-0.06583041316969833,0.14157188671292892,-0.02475501180061689,2.7842470883211448,1.4162586187620276,1,1,0,0.000783313000056296,30,0.0,0.0,8.927940657250404e-05,0.010000000000000002,0.006559298293586623,3.0460885467980665,1.3844438214361432,-0.03131431009420351,-0.26184145847692164,0.03181479732588453,-0.02475501180061689,2.7842470883211448,1.4162586187620276,False,False,False
1790735235.056364,TRACK,0.010000869,0.0018305790001704736,0.6101107769857181,0.7790535155976777,1.0142012454565288,-0.0860269783914589,-0.06649339399883873,0.14216127059042266,0.6101522728779846,0.7788723256081749,1.01377422679773,-0.0860698168967173,-0.0661124482945474,0.1419068163302951,-0.023895480224906472,2.782929897427644,1.4160206957509458,1,1,0,0.0007605390001117485,30,0.0,0.0,8.91996860593071e-05,0.010000000000000002,0.0075058956782906305,3.044815962059182,1.384216159783612,-0.0314013759031971,-0.2618860646315379,0.0318045359673338,-0.023895480224906472,2.782929897427644,1.4160206957509458,False,False,False
1790735235.0663671,TRACK,0.010002993,0.002023626999971384,0.6092484318762876,0.7783871541052534,1.0156245639066945,-0.08641898651449788,-0.06677932761413073,0.14250227927565726,0.6092893613047956,0.7782095968692474,1.015195383507702,-0.08646099107921484,-0.06639345746991411,0.14223900956925736,-0.022978050095520508,2.781622837972338,1.4157870502022591,1,1,0,0.0007921799999621726,30,0.0,0.0,8.911597802503225e-05,0.010000000000000002,0.008456748564145633,3.043536861477016,1.383987401580327,-0.03143479865966614,-0.261914023504678,0.031799648621931964,-0.022978050095520508,2.781622837972338,1.4157870502022591,False,False,False
1790735235.0763645,TRACK,0.009997413,0.00183724099997562,0.6083821184682625,0.7777179773704894,1.0170512219753602,-0.08681875040039067,-0.06705747320229549,0.1428306801842338,0.6084230175111478,0.7775444347637503,1.016619053412908,-0.08685273474498763,-0.06667320135616224,0.14256817433489324,-0.02193322477053427,2.780346536295848,1.4155579430085874,1,1,0,0.0007705180000812106,30,0.0,0.0,8.902080265477011e-05,0.010000000000000002,0.009411116841139327,3.0422522506128775,1.383757726763936,-0.0313443416116736,-0.26190571431702975,0.031800216244651444,-0.02193322477053427,2.780346536295848,1.4155579430085874,False,False,False
1790735235.086365,TRACK,0.010000638000000001,0.0018399769999177806,0.6075118074414911,0.7770460580147791,1.0184810978626038,-0.08721590436697267,-0.06732862916539889,0.14314673292139596,0.6075524720106943,0.776876265661239,1.0180464605832025,-0.0872453880840977,-0.0669519031219445,0.1428945636562721,-0.020953986084010903,2.779002486738722,1.4153313964588594,1,1,0,0.0007604590000482858,30,0.0,0.0,8.894953841655009e-05,0.010000000000000002,0.010369833708655017,3.0409610180522404,1.383526936766054,-0.03132381979266592,-0.26195853131351826,0.03180445969280538,-0.020953986084010903,2.779002486738722,1.4153313964588594,False,False,False
1790735235.0963674,TRACK,0.010002252000000001,0.0019250279999596387,0.6066375515131215,0.7763714286016583,1.0199141230864806,-0.08760903535039047,-0.06760188976085924,0.143464608039717,0.6066778543789424,0.7762052066167694,1.0194773484390307,-0.08763888382109623,-0.06722949332017818,0.14321808480136436,-0.020030312778930488,2.7776384166645167,1.4151003448380768,1,1,0,0.0007759590000659955,30,0.0,0.0,8.887725889940553e-05,0.010000000000000002,0.011332741530097796,3.039663385659228,1.3832950714862957,-0.03136305430902828,-0.26202496899471145,0.03180527335178103,-0.020030312778930488,2.7776384166645167,1.4151003448380768,False,False,False
1790735235.1063688,TRACK,0.010001671,0.0019699550000495947,0.605759360959552,0.7756940398266714,1.0213503644072732,-0.0880041742886737,-0.06787975971112092,0.1437889948852288,0.6057993481738795,0.7755314161499759,1.020911374070909,-0.08803313109283464,-0.06750588700326933,0.1435386280857072,-0.01907502309136326,2.7763066095008626,1.4148650764783244,1,1,0,0.0007886230000622163,30,0.0,0.0,8.879146455310364e-05,0.010000000000000002,0.012299623269957745,3.038359656194117,1.383062185258616,-0.03137464636132101,-0.2620530466932544,0.03180289121970845,-0.01907502309136326,2.7763066095008626,1.4148650764783244,False,False,False
1790735235.1163971,TRACK,0.010028512,0.002378412000098251,0.6048771983823871,0.775013875872494,1.0227898419457286,-0.08840276338567772,-0.06815537054387763,0.14410926591774148,0.6049145214701006,0.7748530479653486,1.0223524519688538,-0.08842920918333017,-0.06778181323046889,0.14385702210022713,-0.01841535144487284,2.7747372196000195,1.4146294555503045,1,1,0,0.0009394100000008621,30,0.0,0.0,8.878691996129272e-05,0.010000000000000002,0.013273139150897003,3.0370462504769655,1.3828276392572547,-0.03168849059576984,-0.26230903087694585,0.031801816293049845,-0.01841535144487284,2.7747372196000195,1.4146294555503045,False,False,False
1790735235.1263871,TRACK,0.009989457,0.0019028659999094089,0.6039909296437065,0.7743309979676862,1.02423250494381,-0.08882520578681487,-0.06843552911520416,0.1444435973971847,0.6040291879034647,0.7741745767498477,1.0237910769843666,-0.08882450939789471,-0.068055437047188,0.14417114164534361,-0.017062896698408873,2.7735531132546623,1.41437058500884,1,1,0,0.000785867999866241,30,0.0,0.0,8.863254836240426e-05,0.010000000000000002,0.014246878167648878,3.0357318301350267,1.3825929804249903,-0.03130977486605775,-0.26217871688036454,0.0317776045838497,-0.017062896698408873,2.7735531132546623,1.41437058500884,False,False,False
1790735235.1363976,TRACK,0.010010618,0.0018681199999264209,0.6031005535746692,0.7736450814962978,1.0256787493916555,-0.08921712389031256,-0.06874048216663459,0.14479274979891804,0.603138013705146,0.7734919325113669,1.025235881990373,-0.0892214077796764,-0.06832838690205104,0.1444828495792174,-0.016116644625836573,2.772404939569369,1.4141758453911328,1,1,0,0.0007681039999170025,30,0.0,0.0,8.85136166954246e-05,0.010000000000000002,0.015226692165975695,3.0344085091438555,1.3823568010345093,-0.03134333679181227,-0.26200356957448684,0.03181904435662361,-0.016116644625836573,2.772404939569369,1.4141758453911328,False,False,False
1790735235.1464205,TRACK,0.010023231,0.001934806999997818,0.6022063041770958,0.7729563133606892,1.0271281987652658,-0.08961182578376457,-0.06900471309261183,0.14508947585591772,0.6022417321483047,0.7728056970043087,1.026685618062054,-0.08961956446652847,-0.06860039894732291,0.14479182508332855,-0.01542153677677656,2.7708824827378904,1.4139587825319364,1,1,0,0.000785126000209857,30,0.0,0.0,8.848437717646063e-05,0.010000000000000002,0.016211757544922475,3.0330774079405423,1.382119301753661,-0.031633294321699035,-0.2621949252026517,0.03183948077827531,-0.01542153677677656,2.7708824827378904,1.4139587825319364,False,False,False
1790735235.1563678,TRACK,0.009946827,0.001845928000193453,0.601307941757999,0.7722650464143808,1.0285805118076725,-0.09003794587854747,-0.06925960231281729,0.14539014211489987,0.6013483336482222,0.7721220035370201,1.0281273492794578,-0.0900154313940212,-0.0688690453850344,0.14509531513235557,-0.01354063216105493,2.7699630629996057,1.4136877964532104,1,1,0,0.000767712999959258,30,0.0,0.0,8.822717804015432e-05,0.010000000000000002,0.017193280217106387,3.0317504281294116,1.3818826058344895,-0.030733912378161317,-0.2617873651298059,0.031805190618720815,-0.01354063216105493,2.7699630629996057,1.4136877964532104,False,False,False
1790735235.166374,TRACK,0.010006159,0.0018190660000527714,0.6004055301247684,0.771571249013606,1.0300357068519617,-0.09040460912104686,-0.06949069119352694,0.14563119734678653,0.6004456294586673,0.7714315423453388,1.0295807102586074,-0.09041440385745571,-0.06913797105158197,0.14539743015018028,-0.012907392923588796,2.7683439142202473,1.4134739344657543,1,1,0,0.0007508010000947252,30,0.0,0.0,8.826110102551182e-05,0.010000000000000002,0.018184636324579322,3.030409499558666,1.3816434903116124,-0.031092029248168118,-0.2620655853384189,0.03183044415414197,-0.012907392923588796,2.7683439142202473,1.4134739344657543,False,False,False
1790735235.1764092,TRACK,0.010035415,0.0019143879999319324,0.5994995629849944,0.7708751513072016,1.031493263979474,-0.09077284961664832,-0.06973745861762375,0.145897573690074,0.5995362724981865,0.770736366443256,1.0310413406048073,-0.0908152876236242,-0.06940632522333345,0.1456971800854223,-0.01270642652975569,2.7664399918929727,1.4132236179940223,1,1,0,0.0007644270001492259,30,0.0,0.0,8.831394772980008e-05,0.010000000000000002,0.019182891101065157,3.0290585957458798,1.3814026651066873,-0.03188931763082085,-0.2626186038529071,0.03182095288733506,-0.01270642652975569,2.7664399918929727,1.4132236179940223,False,False,False
1790735235.186404,TRACK,0.009994727,0.0018451559999448364,0.5985896246708657,0.770176395964441,1.0329538587187805,-0.09120165924111805,-0.07003133842963016,0.1462489273085381,0.5986266001815612,0.7700413392681817,1.0324990224110266,-0.09121528242597408,-0.06967221503014838,0.14599244168177392,-0.011381787063124964,2.7652473303896428,1.4129328148668177,1,1,0,0.0007617420001224673,30,0.0,0.0,8.813243447473482e-05,0.010000000000000002,0.02018107202309984,3.027707166306721,1.3811618151690994,-0.031562859086224804,-0.2624598359170785,0.03177099969771818,-0.011381787063124964,2.7652473303896428,1.4129328148668177,False,False,False
1790735235.196409,TRACK,0.010004887,0.00189624399990862,0.5976753459856647,0.7694745315242209,1.0344181398130816,-0.09162276726845436,-0.07033111200269407,0.1465896475853456,0.5977119955535569,0.7693429510063797,1.033961125039027,-0.09161641477208682,-0.06993697502736362,0.14628469338672348,-0.010125517967838952,2.764161078038689,1.4127165378868585,1,1,0,0.0007571130001906567,30,0.0,0.0,8.798420576437408e-05,0.010000000000000002,0.02118423401422719,3.0263483776559066,1.3809197587653406,-0.03130975198206614,-0.2621872996172176,0.0317967791215178,-0.010125517967838952,2.764161078038689,1.4127165378868585,False,False,False
1790735235.2063942,TRACK,0.009985780000000001,0.0018987480000305368,0.5967568651210362,0.7687700516271541,1.0358852802535088,-0.09204194758206508,-0.07056185923541328,0.14683431706661754,0.5967951322493623,0.7686432619948851,1.0354233349387523,-0.09201748870664296,-0.07019988597357125,0.14657322272906972,-0.008790427097457598,2.7628251598977154,1.4124894782136617,1,1,0,0.0007762790000924724,30,0.0,0.0,8.788337596697103e-05,0.010000000000000002,0.02218946111395217,3.0249861356230445,1.3806775500271136,-0.03097988821140977,-0.2621609757253293,0.03181192818654803,-0.008790427097457598,2.7628251598977154,1.4124894782136617,False,False,False
1790735235.2163978,TRACK,0.010003173,0.002195052999923064,0.595834324629041,0.7680633661142835,1.0373547148895952,-0.09243221354076275,-0.07078499937627136,0.14706551258447392,0.5958726530070472,0.7679397285883152,1.0368909650525788,-0.09241995268443713,-0.0704619423728878,0.1468591774271188,-0.007957304538947295,2.761168389365533,1.4122439876674564,1,1,0,0.0009036619999278628,30,0.0,0.0,8.788004509941578e-05,0.010000000000000002,0.023200382852937143,3.0236155950370067,1.3804339405536896,-0.031157687391884438,-0.2624472056714737,0.03181004711376673,-0.007957304538947295,2.761168389365533,1.4122439876674564,False,False,False
1790735235.2263396,TRACK,0.009941927000000001,0.0023148010000113572,0.5949079692886317,0.7673542811730183,1.0388266870723823,-0.0928155671816972,-0.07104668130526988,0.1473504669648757,0.5949518293773209,0.7672379118861291,1.0383524282574075,-0.0928206328513816,-0.07072106937044885,0.14714029362284023,-0.006371670414241699,2.7602531950975457,1.41198852236438,1,1,0,0.0008241509999606933,30,0.0,0.0,8.760668948621682e-05,0.010000000000000002,0.02420901739516447,3.022247591578759,1.380190856551821,-0.03058068780940617,-0.2619943964812134,0.03179766581255896,-0.006371670414241699,2.7602531950975457,1.41198852236438,False,False,False
1790735235.236397,TRACK,0.010057167,0.0018014029999449122,0.5939778330025041,0.7666426999647165,1.040301306908134,-0.09317730561121533,-0.0712591295891087,0.14755562281274032,0.5940162756954874,0.7665253458501978,1.0398336595169566,-0.09322664200243883,-0.07098183224519693,0.1474214995753667,-0.006538186000322112,2.757957436390298,1.4117476425727813,1,1,0,0.0007507810000788595,30,0.0,0.0,8.783769234634831e-05,0.010000000000000002,0.025233292534413643,3.020857816429369,1.3799439798602373,-0.031771478534735755,-0.2629003800390711,0.03180366271254408,-0.006538186000322112,2.757957436390298,1.4117476425727813,False,False,False
1790735235.2464147,TRACK,0.010017741,0.0018803140001182328,0.5930440308289713,0.7659286528191274,1.041778443539819,-0.09358118671934182,-0.0715698722336371,0.14790785059892123,0.5930803268293288,0.765812973032313,1.0413118795513672,-0.09363173844139772,-0.0712401813753334,0.1476983978913109,-0.0057329935865661034,2.7566090019137435,1.4114783195302578,1,1,0,0.0007726730000285897,30,0.0,0.0,8.766624601631164e-05,0.010000000000000002,0.02625749166596995,3.019467599571966,1.3796971011078156,-0.031990485252536054,-0.26285859765822234,0.03178121842244211,-0.0057329935865661034,2.7566090019137435,1.4114783195302578,False,False,False
1790735235.2564077,TRACK,0.009992974,0.0018228640001325402,0.5921057959959652,0.7652114369836944,1.0432592915660575,-0.0940420563369908,-0.07186782609966269,0.14825315869790706,0.5921426454558739,0.7650997899576909,1.0427891924875572,-0.09403650285844614,-0.07149648418918952,0.1479713875569818,-0.004028307129387877,2.7556360448347923,1.4112190659124617,1,1,0,0.0007620119999955932,30,0.0,0.0,8.74524337561713e-05,0.010000000000000002,0.027283066223872922,3.0180749877269206,1.3794498734844205,-0.0313113733532608,-0.2624389428921284,0.03176919242804113,-0.004028307129387877,2.7556360448347923,1.4112190659124617,False,False,False
1790735235.2663689,TRACK,0.009961163,0.0018329929998799344,0.5911630786608528,0.7644914630483175,1.0447431819611221,-0.09446412840954474,-0.0721149972168171,0.14850645004340898,0.5912039202360789,0.7643863352494904,1.0442645014746317,-0.09444063869810114,-0.07175054809899022,0.14824026671505078,-0.0022747142531250597,2.7547155326072104,1.4110215273199376,1,1,0,0.0007684239999434794,30,0.0,0.0,8.723149145563146e-05,0.010000000000000002,0.028309250539128625,3.016681036877528,1.3792024846251223,-0.030583964792253684,-0.26196550427031745,0.03181904269481521,-0.0022747142531250597,2.7547155326072104,1.4110215273199376,False,False,False
1790735235.2764208,TRACK,0.010051927,0.0018699640002068918,0.5902164166910806,0.7637693967762083,1.0462290265906304,-0.09483221388097951,-0.07229330322817476,0.14865745283532247,0.5902525573769689,0.7636638215448248,1.0457559516355954,-0.09484911916689832,-0.07200546248810197,0.14850827775119463,-0.0023540773534569126,2.7523384724070765,1.4107952291035717,1,1,0,0.0007676519999222364,30,0.0,0.0,8.746768770276451e-05,0.010000000000000002,0.029348696624331462,3.015268568513036,1.3789518873407365,-0.031702773977788375,-0.2629300961059594,0.031843341762835105,-0.0023540773534569126,2.7523384724070765,1.4107952291035717,False,False,False
1790735235.2863238,TRACK,0.009903143000000001,0.0021821880000061356,0.5892659728638376,0.7630453492004374,1.047716764409678,-0.09524740721636572,-0.07255551155468964,0.1489516611337136,0.5893112576365891,0.7629495036430923,1.0472279441732975,-0.09525219843395363,-0.07225514122612207,0.14876902553516166,-4.0806577198789634e-05,2.7517738122530044,1.4104877737116224,1,1,0,0.0008966789998794411,30,0.0,0.0,8.700659641607629e-05,0.010000000000000002,0.030376589654457723,3.0138713193292532,1.3787040673304352,-0.030417396231656513,-0.2620975070762487,0.03178370638118727,-4.0806577198789634e-05,2.7517738122530044,1.4104877737116224,False,False,False
1790735235.2963362,TRACK,0.010012461,0.0022701570001117943,0.5883113732453102,0.7623186681487653,1.0492074288478648,-0.09562209023841688,-0.07275950705367569,0.14914138105868235,0.5883555058411929,0.7622247943531234,1.048718794011971,-0.09566037224983416,-0.07250607609940095,0.14902928825450712,0.0005061651919330244,2.749897365727757,1.4102437428535484,1,1,0,0.0009324269999524404,30,0.0,0.0,8.712918750776478e-05,0.010000000000000002,0.0314196859787245,3.0124529341738326,1.378452576998485,-0.030913520786791476,-0.26255556844607575,0.031791165855063405,0.0005061651919330244,2.749897365727757,1.4102437428535484,False,False,False
1790735235.3063161,TRACK,0.009979779000000001,0.0023018070000944135,0.5873532498360605,0.7615901275023056,1.050699632628553,-0.09598732462305602,-0.07297081081822526,0.1493347225749443,0.5873988037096943,0.7614999580212825,1.050207353678176,-0.09606785344501836,-0.0727546667189264,0.14928529874558222,0.0012537871923812213,2.748234074459603,1.409984625220124,1,1,0,0.0009438390000013896,30,0.0,0.0,8.704754979944047e-05,0.010000000000000002,0.032463225852235975,3.0110334907990106,1.378200978125347,-0.031209438659854753,-0.2627994163394076,0.031783647094776955,0.0012537871923812213,2.748234074459603,1.409984625220124,False,False,False
1790735235.3163254,TRACK,0.010009135,0.0018432530000609404,0.5863912396237128,0.7608593323492201,1.0521940510492653,-0.0963880183690799,-0.07320657331778602,0.1495733713797538,0.586435199676893,0.7607705054607609,1.0517028410096734,-0.09647716895120391,-0.07300243460391938,0.14953861239715296,0.0019715924115591144,2.7464572691747526,1.40969697548545,1,1,0,0.0007490279999728955,30,0.0,0.0,8.70503890527716e-05,0.010000000000000002,0.03351368356366866,3.0096041964492612,1.3779477131272142,-0.03154209115210955,-0.2631469272745085,0.031749262358235886,0.0019715924115591144,2.7464572691747526,1.40969697548545,False,False,False
1790735235.3264265,TRACK,0.010101220000000001,0.002158553999834112,0.5854252124009909,0.7601257124772811,1.0536914295065145,-0.09679649054340993,-0.07352141511854318,0.1499098027480269,0.5854585735645143,0.7600318356461812,1.0532146397157593,-0.09689088968142166,-0.07325087904230329,0.14979071515201298,0.001739244040101437,2.7443683218379307,1.4094485144433853,1,1,0,0.0008888730001217482,30,0.0,0.0,8.717622119321403e-05,0.010000000000000002,0.034577701552189234,3.0081560191798085,1.3776911840767867,-0.0328384575120878,-0.26378769734187785,0.03175733036659849,0.001739244040101437,2.7443683218379307,1.4094485144433853,False,False,False
1790735235.336404,TRACK,0.009977745000000001,0.001899839999850883,0.5844546414420604,0.759389070634672,1.055192149861659,-0.09730621032848069,-0.07383620636217986,0.15027819250182045,0.5844897796012607,0.759299739420947,1.0547104409280605,-0.09730017795670093,-0.07349468078934136,0.15003620538569226,0.00403244056635093,2.7436659394971286,1.4091551253013936,1,1,0,0.0007791650000399386,30,0.0,0.0,8.679726709726271e-05,0.010000000000000002,0.03563254424137416,3.0067199193405667,1.3774368759497742,-0.03160010367502323,-0.263053979843438,0.0317182493516194,0.00403244056635093,2.7436659394971286,1.4091551253013936,False,False,False
1790735235.3463657,TRACK,0.009961454,0.001805270999966524,0.5834790040409112,0.7586491173233068,1.0566966678992022,-0.09776708651997087,-0.0741344514357923,0.15059079511113715,0.5835184905802492,0.758566419912974,1.0562062257360225,-0.09770941149754414,-0.07373646774374218,0.15027775625528497,0.006336180256644182,2.7432636534519053,1.408992903016722,1,1,0,0.0007490180000786495,30,0.0,0.0,8.645373977200598e-05,0.010000000000000002,0.036689451352526874,3.0052806177268097,1.3771820824506995,-0.030353271095882692,-0.26201696427490456,0.03181082056602263,0.006336180256644182,2.7432636534519053,1.408992903016722,False,False,False
1790735235.3563325,TRACK,0.009966894,0.0019325830000980204,0.5824992722455447,0.7579069305754089,1.0582031699123036,-0.09813564615128745,-0.0742838544480852,0.15068592353832772,0.5825425881999506,0.7578302975707022,1.0577052177803945,-0.09811947614898438,-0.07397674526619054,0.15051586254471164,0.007403511557341747,2.741691309293798,1.4088128678914433,1,1,0,0.000761610999916229,30,0.0,0.0,8.64241096493436e-05,0.010000000000000002,0.03775071074020852,3.003835014006023,1.3769262557247313,-0.030347199182866772,-0.26214370471222526,0.03188661216671196,0.007403511557341747,2.741691309293798,1.4088128678914433,False,False,False
1790735235.3663836,TRACK,0.010050855000000001,0.0018883180000557331,0.5815161015391483,0.7571634403900376,1.059710421420089,-0.09847577565839304,-0.07443010884637263,0.15079348013270483,0.5815543229098372,0.7570855574137927,1.0592192222514056,-0.09853360464403745,-0.07421735892826313,0.1507523131681506,0.006919227627452167,2.7389161833982327,1.4085089836859994,1,1,0,0.0007720709998011444,30,0.0,0.0,8.670804796310496e-05,0.010000000000000002,0.03882472211831345,3.002371676603029,1.376667375018131,-0.03190549449086128,-0.2634554932047963,0.03184160866786831,0.006919227627452167,2.7389161833982327,1.4085089836859994,False,False,False
1790735235.3763542,TRACK,0.009970681,0.0019943709999097337,0.5805292562769511,0.7564177470920477,1.0612198711614367,-0.0988944717732977,-0.07474002629136134,0.15114675785912496,0.5805698251755972,0.7563443768883256,1.060723479610755,-0.09894502839732845,-0.0744543533024631,0.15098320619180997,0.008453451807346517,2.7379750342182674,1.4081674467097292,1,1,0,0.0008976099998108111,30,0.0,0.0,8.635740284193312e-05,0.010000000000000002,0.03989393638895894,3.0009145313531302,1.3764096743236,-0.03144048458161242,-0.262939497134863,0.031757772386129104,0.008453451807346517,2.7379750342182674,1.4081674467097292,False,False,False
1790735235.3863277,TRACK,0.009973818,0.0024163349999071215,0.5795876437011005,0.755706433704253,1.0626571224336567,-0.09930677728785268,-0.07498969991415733,0.15139891471960457,0.5795809106354676,0.7556006076114823,1.0622304950876666,-0.09935717212685356,-0.07468970312957345,0.15121047482897199,0.0033379006997717522,2.731984118882514,1.4078417390325186,1,1,0,0.001109413999984099,30,0.0,0.0,8.785829208056249e-05,0.010000000000000002,0.040967231489797744,2.999451498946198,1.3761510176333809,-0.03762933079002599,-0.2674673800636838,0.031690721399137756,0.0033379006997717522,2.731984118882514,1.4078417390325186,False,False,False
1790735235.3963778,TRACK,0.010049612000000001,0.0018523200001254736,0.57869103754149,0.7550285619193193,1.0640235773545017,-0.09999206014989918,-0.07570834978793345,0.15236286957742334,0.5785803204498137,0.7548488208731586,1.0637512365536554,-0.09977303908148549,-0.07492507685741412,0.15143569155964565,-0.006117487462932274,2.723638489987588,1.4073543419859043,1,1,0,0.0007685749999382097,30,0.0,0.0,8.993993104436954e-05,0.010000000000000002,0.04205245797541216,2.997971890537955,1.3758895175069468,-0.048169945438344436,-0.2743334005503671,0.031464824478957584,-0.006117487462932274,2.723638489987588,1.4073543419859043,False,False,False
1790735235.406368,TRACK,0.009990609000000001,0.0018994090000887809,0.5776841054160338,0.7542636728260863,1.0655584187409755,-0.10150890358135314,-0.07733814107386454,0.15473015090863415,0.5775814594151518,0.7540991122742939,1.0652652739501167,-0.10018704648884269,-0.0751572874073061,0.15165578696333248,0.008591573783159376,2.7339838240282646,1.4071241865722528,1,1,0,0.0007831620000615658,30,0.0,0.0,8.592523760445963e-05,0.010000000000000002,0.043135056094595906,2.996495572831997,1.3756286866393554,-0.03454348231143653,-0.26251174880373246,0.03149549993289742,0.008591573783159376,2.7339838240282646,1.4071241865722528,False,False,False
1790735235.4163375,TRACK,0.009969229000000001,0.001928245000044626,0.5766105126680854,0.7534474867218179,1.0671889709889006,-0.10267619602531619,-0.07771964928255343,0.15521637100240204,0.5765806101743362,0.7533487045126049,1.0667782441296494,-0.10060074025444861,-0.07538720520951017,0.15187159667348887,0.027626811484141908,2.745345373598759,1.4082433079575531,1,1,0,0.0007797050000135641,29,0.0,0.0,9.90024270427599e-05,0.010000000000000002,0.04421904459299647,2.9950170858959124,1.37536756068056,-0.016592233108854562,-0.24967171229715332,0.03287574727699319,0.027626811484141908,2.745345373598759,1.4082433079575531,False,False,False
1790735235.426365,TRACK,0.01002739,0.0018902130000242323,0.5755825680050419,0.7526760640819692,1.0687327423955502,-0.10256317806638023,-0.07637611352809151,0.15327326710891262,0.575569758697751,0.7525916157952537,1.068302191976746,-0.10101741802121104,-0.0756166289646763,0.15208478202381037,0.02256225515416092,2.7337609112114576,1.4075096295395326,1,1,0,0.0007767899999180372,30,0.0,0.0,8.508269520493364e-05,0.010000000000000002,0.045313079421352806,2.9935246394153583,1.375104059140325,-0.022750824267191886,-0.2597637282039006,0.0324055703992076,0.02256225515416092,2.7337609112114576,1.4075096295395326,False,False,False
1790735235.4363654,TRACK,0.010000638000000001,0.0019097499998679268,0.5745598331357504,0.7519165861049935,1.0702589717168722,-0.1020710769480784,-0.07595220569887773,0.15257407394656952,0.5745574397536288,0.7518342648694115,1.0698241836613576,-0.10143354771613004,-0.07584358140080125,0.15229347999016532,0.01472218102418598,2.7257335350164302,1.406702918184148,1,1,0,0.0007418029999826103,30,0.0,0.0,8.71895082067055e-05,0.010000000000000002,0.04640790008351111,2.9920308827420814,1.3748404171994406,-0.03168571905932513,-0.2662973477256512,0.03186250098470737,0.01472218102418598,2.7257335350164302,1.406702918184148,False,False,False
1790735235.446405,TRACK,0.010039683,0.0021954040000764508,0.573488598343725,0.7511155844842392,1.0718651984919312,-0.10214080419479757,-0.07675050775805943,0.15356796875351061,0.5735369796849097,0.7510716835493735,1.0713541970341132,-0.10185186184818071,-0.07606952612521943,0.15249901651192643,0.020199501706706518,2.7311039046547547,1.4061993509116575,1,1,0,0.0009145930000613589,30,0.0,0.0,8.442165084630847e-05,0.010000000000000002,0.047510702638483546,2.990526015441762,1.3745749067692032,-0.027311200931777028,-0.25942211078700755,0.03162444414245418,0.020199501706706518,2.7311039046547547,1.4061993509116575,False,False,False
1790735235.4563763,TRACK,0.009971433,0.0023455900000044494,0.5724657913586002,0.7503469722841576,1.0734016018266335,-0.10236379619309195,-0.07668739666900092,0.15329121553200167,0.5725192969664651,0.7503120504338142,1.0728758319966893,-0.10226788107811155,-0.07629203071191785,0.15269917267745015,0.019929874798719865,2.728559754809449,1.4061362042965289,1,1,0,0.0009673029999248683,30,0.0,0.0,8.501341701114767e-05,0.010000000000000002,0.048609671185854735,2.9890261806663343,1.3743103771616727,-0.02867979638713487,-0.2604664258568854,0.03182582713485608,0.019929874798719865,2.728559754809449,1.4061362042965289,False,False,False
1790735235.4664369,TRACK,0.010060613000000001,0.0019393559998661658,0.5714408934267388,0.7495822856145384,1.0749305441612096,-0.1026221648725587,-0.07633330730740129,0.1526373115369687,0.5714883056749923,0.7495433847155324,1.074413078129552,-0.10268816883552435,-0.07651457567922833,0.15289705574745913,0.017345243680260587,2.7223269361332942,1.4058143461956358,1,1,0,0.0007938929998090316,30,0.0,0.0,8.613342319777806e-05,0.010000000000000002,0.049722153506923474,2.987507721148693,1.3740426577418203,-0.032376909826662886,-0.26518078501539866,0.031771688453815415,0.017345243680260587,2.7223269361332942,1.4058143461956358,False,False,False
1790735235.4763641,TRACK,0.009927059,0.0018779980000545038,0.570412786292942,0.7488181259779125,1.0764574642522975,-0.10301547653978001,-0.0766824046361246,0.1530129376328102,0.5704668535364544,0.7487827381104502,1.0759318486661675,-0.10310341029824291,-0.07673222092186145,0.15308827192434368,0.019118750060695182,2.7214732197923253,1.4053295529819616,1,1,0,0.0007796249999501015,30,0.0,0.0,8.560629931585325e-05,0.010000000000000002,0.05082348146445577,2.986004327391465,1.3737776894276756,-0.03170473140376059,-0.26453110759913945,0.03155186355428604,0.019118750060695182,2.7214732197923253,1.4053295529819616,False,False,False
1790735235.4863634,TRACK,0.009999165,0.0018307389998426515,0.5693803109198905,0.748048678572836,1.0779905388401323,-0.10343964632429306,-0.0771616915564117,0.15352446752839655,0.5694338122465574,0.7480143919809958,1.0774635498929008,-0.10352218374934867,-0.07694952783740612,0.15327692197631554,0.02084806579138533,2.721480670274952,1.4051017405794695,1,1,0,0.0007579250000162574,30,0.0,0.0,8.517864295266508e-05,0.010000000000000002,0.05193646082614341,2.98448486076568,1.373510444565689,-0.031088395034758076,-0.26300419049072804,0.031591296013780454,0.02084806579138533,2.721480670274952,1.4051017405794695,False,False,False
1790735235.4963622,TRACK,0.009998735,0.0018247479999899952,0.5683434990562874,0.7472758665533537,1.0795266361616838,-0.1038855670365338,-0.07734270148626525,0.15361504079617727,0.568396625795364,0.7472439154625398,1.0789970524493058,-0.1039414321993686,-0.0771649582038021,0.15346175403872056,0.022147222053727544,2.7199423111319194,1.4049441924423671,1,1,0,0.0007490570001209562,30,0.0,0.0,8.513192155486232e-05,0.010000000000000002,0.05305300886829386,2.9829603960339677,1.373242468849598,-0.030905786814566315,-0.2630180849020484,0.03170172359276892,0.022147222053727544,2.7199423111319194,1.4049441924423671,False,False,False
1790735235.5063648,TRACK,0.010002603,0.001917714999990494,0.567302331455509,0.7465019932421306,1.0810626391227807,-0.10430952039951058,-0.07745647313695708,0.15362681769088465,0.5673548412853464,0.7464709950482468,1.0805329781905906,-0.10436132909858842,-0.0773785793152773,0.15364281034561056,0.022989323712424334,2.717711371496764,1.4047144810949648,1,1,0,0.0007732439999017515,30,0.0,0.0,8.523157580054281e-05,0.010000000000000002,0.054173588896657396,2.9814303198986702,1.3729736123968403,-0.031184265184233062,-0.2637189484019063,0.03174086869812446,0.022989323712424334,2.717711371496764,1.4047144810949648,False,False,False
1790735235.516369,TRACK,0.010004235,0.0019676199999594246,0.5662570760987995,0.7457264322105388,1.0825996059176273,-0.1047129439194013,-0.0776963180066936,0.15382754704576074,0.5663086833060452,0.7456958208108558,1.0820709466026015,-0.10478177403847495,-0.07759031684354689,0.15382001055126143,0.02386854248060928,2.716051755282874,1.404416999928521,1,1,0,0.0007983209998201346,30,0.0,0.0,8.514882314340571e-05,0.010000000000000002,0.055297938223577585,2.9798950080199385,1.372703943033724,-0.031429395742968304,-0.26384325273706466,0.03171305689479697,0.02386854248060928,2.716051755282874,1.404416999928521,False,False,False
1790735235.5263624,TRACK,0.009993575000000001,0.0018467790000613604,0.5652077432501832,0.7449480586420894,1.0841391711335353,-0.10513066351854533,-0.07798207257107495,0.1540919001463842,0.5652594381853013,0.744919367351149,1.0836090266081468,-0.10520224280462703,-0.07779988816079504,0.15399310543505645,0.02515301063137404,2.714916291230534,1.4041421746083105,1,1,0,0.000763364999784244,30,0.0,0.0,8.492903064514961e-05,0.010000000000000002,0.05642465516841552,2.9783563919308844,1.3724338016414424,-0.03127164453704148,-0.2634401007003504,0.031708372966868036,0.02515301063137404,2.714916291230534,1.4041421746083105,False,False,False
1790735235.5363743,TRACK,0.010012231,0.002191605999996682,0.5641541279678934,0.7441671095102222,1.085680976835146,-0.10556351718077064,-0.07819617026094627,0.15425462873326193,0.5642040182378822,0.7441393740095623,1.0851516927913236,-0.10562396237086753,-0.07800788048555679,0.15416256109455312,0.02618982057406151,2.713281382718855,1.4038938398707124,1,1,0,0.0008956470001066918,30,0.0,0.0,8.487796779516494e-05,0.010000000000000002,0.057557033589731764,2.9768099913553954,1.372162403530006,-0.031367213015670255,-0.26352860863654015,0.03173143634070642,0.02618982057406151,2.713281382718855,1.4038938398707124,False,False,False
1790735235.5463758,TRACK,0.01000135,0.0024978599999485596,0.5630960742813107,0.7433843761306083,1.0872239712360834,-0.10601317154718802,-0.07837088029383098,0.154373138084272,0.5631455275174582,0.74335815922279,1.0866943563521922,-0.10604568210267105,-0.0782136526268086,0.15432783594406668,0.027432578403821795,2.711494040457004,1.4036137710125103,1,1,0,0.000998463000087213,30,0.0,0.0,8.48345711092532e-05,0.010000000000000002,0.05869172116715165,2.975260402414416,1.3718905572959172,-0.031259142763329854,-0.26376636195741215,0.03172321371659297,0.027432578403821795,2.711494040457004,1.4036137710125103,False,False,False
1790735235.5564573,TRACK,0.010081423,0.0022985600000993145,0.5620335367291007,0.7425997305001744,1.0887683903326941,-0.10645068064886516,-0.0785862680115987,0.15454563229767487,0.5620742914327438,0.7425686173272541,1.0882510232098062,-0.10647123475322479,-0.07841902940565758,0.15449035372678224,0.027554480157449886,2.7090618523845578,1.403312096733953,1,1,0,0.000952684999901976,30,0.0,0.0,8.502196032870066e-05,0.010000000000000002,0.05983905746598102,2.97369352332461,1.3716157920999608,-0.03228457730853113,-0.264631670940052,0.031696304633992096,0.027554480157449886,2.7090618523845578,1.403312096733953,False,False,False
1790735235.566369,TRACK,0.009911679000000001,0.0019624899998689216,0.5609665559916346,0.7418124581055761,1.0903151770063042,-0.10692523630600319,-0.07890555351919375,0.15486390914544926,0.5610169074476709,0.7417903607686605,1.0897830571967428,-0.10689006201976983,-0.0786189235148301,0.15464610455798544,0.03066052542329509,2.7092446850828127,1.4030609406884822,1,1,0,0.0008057350000854058,30,0.0,0.0,8.432509671358989e-05,0.010000000000000002,0.060970548090666696,2.972148286907119,1.3713449355072287,-0.030310022667371605,-0.26290360182430633,0.031716005181253615,0.03066052542329509,2.7092446850828127,1.4030609406884822,False,False,False
1790735235.5763655,TRACK,0.00999621,0.0018850530000236176,0.5598949588746924,0.7410223161445053,1.0918646182740854,-0.10732995671796919,-0.0790766044393271,0.1549550753028499,0.5599462989340788,0.7410034704434273,1.0913297002479505,-0.1073128957198169,-0.07881846374631808,0.1547990988829693,0.031829663688271434,2.7077520205794268,1.4028857936262447,1,1,0,0.0007922499999040156,30,0.0,0.0,8.431942090792504e-05,0.010000000000000002,0.062115159193551775,2.9705851543048034,1.3710710574257028,-0.030285495505280337,-0.2628331337253767,0.031814736200541927,0.031829663688271434,2.7077520205794268,1.4028857936262447,False,False,False
1790735235.586362,TRACK,0.009996441,0.0018064829998820642,0.5588197413891782,0.740231191928423,1.0934139469726851,-0.10768910515410124,-0.0791651082863434,0.1549426590483377,0.5588714366479968,0.7402145776588435,1.0928778877971055,-0.10773616835924878,-0.07901591557084496,0.15494795709545872,0.03221276268394664,2.705391639708949,1.4026154938971602,1,1,0,0.0007458009999936621,30,0.0,0.0,8.441052588161255e-05,0.010000000000000002,0.06326326558354087,2.9690172900360667,1.3707964678587636,-0.03105050289959423,-0.2636256503271177,0.03181902603839649,0.03221276268394664,2.705391639708949,1.4026154938971602,False,False,False
1790735235.5963655,TRACK,0.010003604000000001,0.001921792000075584,0.5577408142246094,0.7394387924818666,1.0949638010983405,-0.10808027503882678,-0.07935262892847418,0.155084609376643,0.5577915662768352,0.7394231542366102,1.0944286534799885,-0.10816016667319854,-0.07921138784370915,0.15509274020909516,0.03288971757822215,2.703443793275152,1.4022680511788537,1,1,0,0.0007680740000068909,30,0.0,0.0,8.437058148863711e-05,0.010000000000000002,0.06441565029919309,2.9674436449503507,1.3705209852053999,-0.03152593272097094,-0.26399985167519896,0.03174706597345375,0.03288971757822215,2.703443793275152,1.4022680511788537,False,False,False
1790735235.606365,TRACK,0.009999507000000001,0.0018215710001641128,0.5566577381565798,0.7386440864590327,1.0965156690265374,-0.10851398109421616,-0.07960118378569613,0.1553050453879286,0.5567078971821315,0.7386301114286291,1.0959802104439178,-0.10858440630919643,-0.07940463373482481,0.15523324560641488,0.034169201455392886,2.702103752007162,1.4019600707809856,1,1,0,0.0007558699999208329,30,0.0,0.0,8.418378737948272e-05,0.010000000000000002,0.06557100062733144,2.9658660321918764,1.370244928979094,-0.031401799171938555,-0.2637622801847144,0.03171514180189178,0.034169201455392886,2.702103752007162,1.4019600707809856,False,False,False
1790735235.616367,TRACK,0.010002262000000001,0.0018384229999810486,0.555570197175288,0.7378470122349512,1.0980695179265805,-0.1089632039185268,-0.07980923974723474,0.15545814859613316,0.5556196835363301,0.7378349278076267,1.0975335791912086,-0.10900917054819334,-0.07959576016028966,0.15536953255713848,0.035526497418060694,2.700666389235036,1.4017104448733502,1,1,0,0.0007577039998523105,30,0.0,0.0,8.405299639879254e-05,0.010000000000000002,0.06673009014540798,2.9642834163925325,1.3699681200702973,-0.03120359272734729,-0.2636170271574962,0.03174232480305278,0.035526497418060694,2.700666389235036,1.4017104448733502,False,False,False
1790735235.6263657,TRACK,0.009998474,0.0021380450000378914,0.5544781939729235,0.7370480999793685,1.0996245443610793,-0.10940375634161498,-0.07998063226767285,0.1555600798325874,0.5545276338156752,0.7370381456902312,1.09908770062485,-0.10943417409296183,-0.07978461642061728,0.15550147461769218,0.03680283099589593,2.6990384266077228,1.4014609751618083,1,1,0,0.0008058259998051653,30,0.0,0.0,8.396461019248841e-05,0.010000000000000002,0.06789214247368706,2.962696878965578,1.3696907497286426,-0.031089311477791138,-0.26365845235785496,0.03177022543316582,0.03680283099589593,2.6990384266077228,1.4014609751618083,False,False,False
1790735235.6363652,TRACK,0.009999366,0.0018747230001281423,0.5533817826073735,0.7362476207368527,1.1011804502540148,-0.10983901871360441,-0.08013822647333382,0.15565235294910224,0.5534312347440682,0.7362394150579008,1.1006432584813615,-0.10985960828925845,-0.07997126576919537,0.15562909734896507,0.03798630482867715,2.697231104242899,1.4011676519802223,1,1,0,0.0007690649999858579,30,0.0,0.0,8.391787035250468e-05,0.010000000000000002,0.0690576822063384,2.9611057254226134,1.3694126986448003,-0.031071377377661243,-0.2638746211797144,0.03175495333542193,0.03798630482867715,2.697231104242899,1.4011676519802223,False,False,False
1790735235.6463723,TRACK,0.010007141,0.00183900399997583,0.5522811607167801,0.7354452691054245,1.1027376379474134,-0.11025181786113082,-0.08035037474219012,0.15580994968471856,0.5523297221971224,0.7354382060672381,1.1022012816450688,-0.11028575903101735,-0.08015580756670637,0.1557524447378174,0.03898914529906913,2.695653241220871,1.4008871096207034,1,1,0,0.0007613210000272375,30,0.0,0.0,8.38055930702593e-05,0.010000000000000002,0.07022749793656888,2.9595089016424074,1.369133784977771,-0.031238352637499748,-0.2638556604215366,0.03175332464293237,0.03898914529906913,2.695653241220871,1.4008871096207034,False,False,False
1790735235.656373,TRACK,0.010001030000000001,0.0022248299999318988,0.5511764049882251,0.7346407513157693,1.1042964414954302,-0.11067504150526124,-0.08055736436032154,0.1559592942557495,0.5512246197620179,0.734635652671978,1.1037595645767886,-0.11071202758631232,-0.08033795887451071,0.1558713062099247,0.04015905585952973,2.6941857102724605,1.4006191161707218,1,1,0,0.0009219370001574134,30,0.0,0.0,8.365724397089367e-05,0.010000000000000002,0.07139994894414547,2.957908669963062,1.3688544061549417,-0.031240893084615744,-0.2637229596906015,0.031764710015780115,0.04015905585952973,2.6941857102724605,1.4006191161707218,False,False,False
1790735235.6663654,TRACK,0.009991942,0.0018997610000042187,0.5500671703086519,0.7338345646977764,1.1058562947086408,-0.11113140040139699,-0.08069680781789543,0.1560314566660744,0.5501162623702656,0.7338320208177204,1.105317596439302,-0.11113827868459936,-0.0805176443178295,0.15598561806972727,0.041613367702500126,2.6924283088107916,1.4003118940176156,1,1,0,0.0007837140001356602,30,0.0,0.0,8.358860092178277e-05,0.010000000000000002,0.07257466009344533,2.956305565039335,1.368574657495909,-0.030961292390945205,-0.26387725622854324,0.031737236521706666,0.041613367702500126,2.6924283088107916,1.4003118940176156,False,False,False
1790735235.6763659,TRACK,0.010000668,0.001887796999881175,0.5489535483485559,0.7330267689964955,1.1074170583800997,-0.11154988013627924,-0.08088423925362315,0.15614838545853577,0.5490026705696724,0.7330259010087938,1.1068781102485838,-0.1115652646761985,-0.08069515792087822,0.15609554585683635,0.04333963718545293,2.69213757730114,1.4005727248710627,1,1,0,0.0007385080000403832,29,0.0,0.0,9.995198108880981e-05,0.010000000000000002,0.0737537067888534,2.954696778137729,1.3682940511691093,-0.03041406960340047,-0.2625592008365892,0.03227867370195346,0.04333963718545293,2.69213757730114,1.4005727248710627,False,False,False
1790735235.686367,TRACK,0.01000136,0.001837212000054933,0.547835942050356,0.732217279342855,1.10897908746138,-0.11194037945128196,-0.08100259220010579,0.15627216518840026,0.5478847293425799,0.7322179617432497,1.1084398089085261,-0.11199263544728062,-0.08087032723429775,0.15620095629211803,0.04395570218689973,2.689531743961278,1.3999185811908446,1,1,0,0.0007405110000036075,29,0.0,0.0,9.903538517221319e-05,0.010000000000000002,0.07493612755993011,2.953083645506286,1.368012822784475,-0.030980425373030373,-0.26355190154500796,0.0319057584063695,0.04395570218689973,2.689531743961278,1.3999185811908446,False,False,False
1790735235.6963642,TRACK,0.009996872,0.0018176749999838648,0.5467143818751401,0.7314067247245752,1.110542330960433,-0.11234960495229003,-0.08113835546782885,0.15639431475947974,0.546763016624059,0.7314086461635633,1.1100018375436669,-0.11242016180408153,-0.08104303624382274,0.15630175862953277,0.04478089060399109,2.6871258437158305,1.3993071257798901,1,1,0,0.0007411419999243662,29,0.0,0.0,9.920705567935555e-05,0.010000000000000002,0.07612128894755983,2.9514670556620644,1.3677311295553187,-0.03134039834356874,-0.26434121194623367,0.03157599622457144,0.04478089060399109,2.6871258437158305,1.3993071257798901,False,False,False
1790735235.7063725,TRACK,0.010008483,0.0019100600000001577,0.5455886076528857,0.7305944622415783,1.1121067509128153,-0.11277871020119636,-0.08133631570877581,0.1565034015863301,0.545635717994023,0.7305966730781317,1.1115666668708426,-0.11284852491218872,-0.08121353376814475,0.15639807141928486,0.04581225471201045,2.6854420025259134,1.399013423372992,1,1,0,0.0007675030001337291,29,0.0,0.0,9.908548666462133e-05,0.010000000000000002,0.07731108360974635,2.949844452243072,1.3674485286114337,-0.031498828897735906,-0.2644024497171588,0.0315648947615584,0.04581225471201045,2.6854420025259134,1.399013423372992,False,False,False
1790735235.7163749,TRACK,0.010002513000000001,0.0022555380000994774,0.5444584568228175,0.7297800916157495,1.1136721842113442,-0.11322460656614941,-0.0815458838112014,0.15659900929343173,0.5445048066922008,0.7297834916086002,1.113131502670544,-0.11327696486011267,-0.08138149142347786,0.1564896825772499,0.04716794267816638,2.684171137163002,1.3988563652835027,1,1,0,0.0009025399999700312,29,0.0,0.0,9.886176445286279e-05,0.010000000000000002,0.07850340465404283,2.9482187342573107,1.3671655274486207,-0.03133546197587645,-0.26404759709430875,0.031690837834881816,0.04716794267816638,2.684171137163002,1.3988563652835027,False,False,False
1790735235.726322,TRACK,0.009947026000000001,0.00197049500002322,0.5433237166912663,0.7289638849661664,1.11523834505057,-0.1136850059232053,-0.08170463654115612,0.15665413419431612,0.543375917408686,0.7289731672151769,1.1146885434758225,-0.11370334992666652,-0.0815460735113497,0.15657614259085678,0.04940718714578193,2.683213861714624,1.398649357494922,1,1,0,0.0007717710000179068,29,0.0,0.0,9.851456630077292e-05,0.010000000000000002,0.07969230012657456,2.9465980397527676,1.366883543899533,-0.030285112980792627,-0.2633841780381437,0.03176581359538877,0.04940718714578193,2.683213861714624,1.398649357494922,False,False,False
1790735235.7363658,TRACK,0.01004344,0.001849274999813133,0.5421846645279134,0.7281462986791745,1.1168048439158973,-0.11407418895805287,-0.08181418709885463,0.1566499570295589,0.5422317813637282,0.7281533400617167,1.1162615251685808,-0.11413418559840953,-0.08170975115575259,0.15665870374543325,0.04949985539787323,2.6806360174479895,1.3983617061048783,1,1,0,0.000742534999972122,29,0.0,0.0,9.880910000742844e-05,0.010000000000000002,0.08089592524400471,2.94495764830599,1.3665982803151078,-0.03139606984613148,-0.26432163085800015,0.03176342578977044,0.04949985539787323,2.6806360174479895,1.3983617061048783,False,False,False
1790735235.7463639,TRACK,0.009998064000000001,0.0018392259999018279,0.5410418121850578,0.7273274019840663,1.1183716268296857,-0.11448741818150615,-0.08200428926925067,0.15676660845583518,0.5410885151488021,0.7273355967052352,1.1178281999280275,-0.11456338360146903,-0.08187016953725644,0.15673613003251205,0.05051358085567656,2.6789686943318083,1.3980237821203993,1,1,0,0.0007414730000618874,29,0.0,0.0,9.861772713051778e-05,0.010000000000000002,0.08209729765567747,2.9433207317395125,1.3663138633601932,-0.03158371680000091,-0.2643520374077041,0.031709918760206214,0.05051358085567656,2.6789686943318083,1.3980237821203993,False,False,False
1790735235.7563646,TRACK,0.01000121,0.0018851019999601704,0.5398945142393403,0.7265063175390605,1.1199399866322386,-0.11494514404289462,-0.08221615754382308,0.15690994980182402,0.5399405945879407,0.7265160037279841,1.119396119085094,-0.11499299632166421,-0.08202819316794124,0.15680901999033198,0.052006565234618045,2.6776488025287732,1.3977324622889675,1,1,0,0.0007558909999261232,29,0.0,0.0,9.840805821202442e-05,0.010000000000000002,0.0833022311711898,2.941679381036363,1.3660292985407365,-0.03129566593657176,-0.2640305785075897,0.031703163748231095,0.052006565234618045,2.6776488025287732,1.3977324622889675,False,False,False
1790735235.766364,TRACK,0.009999076,0.0018617780001477513,0.5387426017636683,0.7256833833753724,1.1215093649384542,-0.11540196803272998,-0.08236997406021387,0.15696613204353516,0.5387886223839558,0.7256950177775059,1.1209644101211522,-0.11542277755830975,-0.08218376504624426,0.15687742394530285,0.05345948387949148,2.676101652645413,1.3974813430065691,1,1,0,0.0007567629997993208,29,0.0,0.0,9.828029316401923e-05,0.010000000000000002,0.08451004048948009,2.9400345681664084,1.365744293472223,-0.031050556609988605,-0.26393291552099546,0.031737049534346175,0.05345948387949148,2.676101652645413,1.3974813430065691,False,False,False
1790735235.7763662,TRACK,0.010002221,0.0019083769998360367,0.5375860444013023,0.7248593642576129,1.1230787691687256,-0.11585953681845922,-0.08246254274967799,0.15695148158865008,0.5376319871412985,0.7248722294972794,1.1225338562173102,-0.11585294595365808,-0.0823369412040993,0.15694134155631692,0.05473969397118349,2.6740545643195657,1.3971802016462724,1,1,0,0.0007589159999952244,29,0.0,0.0,9.830314461160132e-05,0.010000000000000002,0.0857213430857638,2.9383854766082167,1.3654587092981245,-0.030981649114580314,-0.26433091228865113,0.03172149234814793,0.05473969397118349,2.6740545643195657,1.3971802016462724,False,False,False
1790735235.7863672,TRACK,0.010000929,0.0022556989999884536,0.5364251879580424,0.7240339508916271,1.1246485693548678,-0.11627103903529981,-0.08265231364358336,0.15705152813249407,0.5364711982717097,0.7240480280247684,1.1241037160892946,-0.11628330241615875,-0.08248762719879638,0.15700070734789437,0.05587196188958797,2.672555890958066,1.3969060322759614,1,1,0,0.000827646999823628,29,0.0,0.0,9.812795918029285e-05,0.010000000000000002,0.08693558161811021,2.936732890022698,1.3651726844087062,-0.031063619728522243,-0.2641769990646317,0.03173334786725528,0.05587196188958797,2.672555890958066,1.3969060322759614,False,False,False
1790735235.796364,TRACK,0.009997132,0.0018602049999572046,0.5352602235986046,0.7232066273299118,1.126219399121469,-0.11669120539759446,-0.08282017042756046,0.15712652448676767,0.535306547416735,0.7232226457805192,1.1256735504663968,-0.11671373059439683,-0.08263576129652468,0.1570554739809771,0.057082609602681106,2.671026922912476,1.3966286922413098,1,1,0,0.0007544380000581441,29,0.0,0.0,9.797210629382306e-05,0.010000000000000002,0.08815242852121906,2.9350772790427415,1.3648863027977334,-0.031069818918537953,-0.26405035613026545,0.03174238944357648,0.057082609602681106,2.671026922912476,1.3966286922413098,False,False,False
1790735235.8063922,TRACK,0.010028372,0.0021391459999904328,0.5340910255089222,0.72237772845207,1.1277908300667363,-0.11711823632342291,-0.08296569076841401,0.15717089506762785,0.534133932762848,0.7223932090984684,1.1272488173127584,-0.11714573152611933,-0.08278182628673272,0.15710577831012534,0.05782795031033406,2.6690378309808658,1.3963465225718397,1,1,0,0.0008511609999004577,29,0.0,0.0,9.798684998269811e-05,0.010000000000000002,0.08937613974540407,2.9334128810944238,1.3645985710711999,-0.031548189435070005,-0.2643750501135581,0.03174795150063986,0.05782795031033406,2.6690378309808658,1.3963465225718397,False,False,False
1790735235.8163643,TRACK,0.009971854,0.0020151500000338274,0.5329174503512979,0.7215473575755009,1.1293627549435685,-0.11757441559598199,-0.0831289981730245,0.15724650861033546,0.532963629936746,0.7215670071988219,1.1288156833321568,-0.117575515496368,-0.08292452755088153,0.15715116158832793,0.0597233840443584,2.667869923676836,1.3960642398287477,1,1,0,0.0007782329998917703,29,0.0,0.0,9.765381682619091e-05,0.010000000000000002,0.09059597363796652,2.931754330140904,1.3643120211463038,-0.03087258959360812,-0.2638844064640683,0.03175221868244399,0.0597233840443584,2.667869923676836,1.3960642398287477,False,False,False
1790735235.8263643,TRACK,0.009999847000000001,0.002022705000172209,0.5317393193428552,0.7207154730493635,1.1309352718275552,-0.11800834247648045,-0.0832476938718145,0.15725667097450438,0.5317857369751579,0.7207370698071977,1.130387378974236,-0.11800671549217763,-0.08306505929161521,0.15719199216102747,0.060981041968250556,2.6661294333008203,1.3957925362191521,1,1,0,0.0008576850000281411,29,0.0,0.0,9.760700843562358e-05,0.010000000000000002,0.09182223361199247,2.9300876412523715,1.3640242388529895,-0.030841191643741918,-0.2639582079515512,0.03176829736616254,0.060981041968250556,2.6661294333008203,1.3957925362191521,False,False,False
1790735235.836368,TRACK,0.010003684,0.0019884589999037416,0.5305570235643478,0.7198825560861781,1.132507653991242,-0.11842010677709645,-0.08335509091968256,0.1572495223534785,0.5306030766185613,0.7199054208470838,1.1319600626159665,-0.1184382823657875,-0.0832030435637831,0.1572281127305625,0.061912043198548976,2.6641628216061433,1.3954991290643133,1,1,0,0.0008086809998530953,29,0.0,0.0,9.75766999661191e-05,0.010000000000000002,0.09305194991106364,2.928416880781765,1.3637359299355247,-0.03113990671251466,-0.2642540591756217,0.031763199128788513,0.061912043198548976,2.6641628216061433,1.3954991290643133,False,False,False
1790735235.8463647,TRACK,0.009996862,0.001821402000132366,0.5293705778625819,0.719048403325731,1.1340801954663933,-0.1188438796782048,-0.08349766194688121,0.15729208616362594,0.5294169089618017,0.7190729731940128,1.1335320109789728,-0.11886974762493775,-0.08333830823763153,0.15725945052769985,0.06310742851739397,2.662495387834703,1.3951941886442318,1,1,0,0.0007513109999308654,29,0.0,0.0,9.743455036847713e-05,0.010000000000000002,0.09428378882450769,2.926743888105318,1.3634474145440354,-0.03117636030711372,-0.26424850027061514,0.031746774100196544,0.06310742851739397,2.662495387834703,1.3951941886442318,False,False,False
1790735235.8563638,TRACK,0.009998985,0.0018636620000052062,0.5281799035347836,0.718212617266694,1.1356533843757806,-0.11926638222791637,-0.08366175775094001,0.15735387829251046,0.5282261738023989,0.7182390093384449,1.1351045826127792,-0.1193014885985091,-0.0834709498499596,0.1572860004624878,0.06433816823118924,2.6610278670402834,1.3949251021208575,1,1,0,0.0007624229999692034,29,0.0,0.0,9.725101704825359e-05,0.010000000000000002,0.09551882818556229,2.925067227032311,1.3631584477305332,-0.031180659954373045,-0.2640393599920275,0.031766654390324264,0.06433816823118924,2.6610278670402834,1.3949251021208575,False,False,False
1790735235.8663228,TRACK,0.0099593,0.0021859649998532404,0.5270447070690887,0.7174174095725743,1.137148125300202,-0.11968876052439946,-0.08376123238978178,0.15734524376832493,0.5270358723731811,0.7174070502625318,1.136671152838656,-0.11973169046774987,-0.08360040248957855,0.15730764219867674,0.058375831332614,2.65377415910575,1.3944634607339657,1,1,0,0.0008125080000809248,29,0.0,0.0,9.9324834316012e-05,0.010000000000000002,0.09675186513670612,2.9233939854328104,1.3628702529142753,-0.03837603380409212,-0.2696198263270602,0.0315932078196904,0.058375831332614,2.65377415910575,1.3944634607339657,False,False,False
1790735235.8763824,TRACK,0.01005922,0.0018940299999030685,0.5257840203840667,0.7165358215394733,1.1388024822793428,-0.12053768159853062,-0.08434616145726598,0.1580370805097352,0.5258292787946445,0.7165654491880064,1.1382536344483893,-0.12016637645082341,-0.08372842984042063,0.1573245984643506,0.07081760722383865,2.6608063493756564,1.3942275536211892,1,1,0,0.0007724519998646429,29,0.0,0.0,9.550583745062113e-05,0.010000000000000002,0.098000187326534,2.921700739529319,1.3625788002457333,-0.02718258010269535,-0.2608943901536625,0.03164875337545584,0.07081760722383865,2.6608063493756564,1.3942275536211892,False,False,False
1790735235.8864026,TRACK,0.010020857000000001,0.0020010640000691637,0.5245745176305237,0.7156909422690205,1.140384178019609,-0.12106782247114695,-0.08436656551695637,0.15789416060199676,0.5246229383950435,0.7157257910106454,1.139830225784594,-0.1205995637260557,-0.08385322012848613,0.15733655410896968,0.07358563471638943,2.659708799045439,1.394234755699533,1,1,0,0.0007981000001109351,29,0.0,0.0,9.599825300066279e-05,0.010000000000000002,0.09924663788334524,2.920010797830267,1.362288106435009,-0.02566100316695582,-0.2603019987848284,0.03194664926452397,0.07358563471638943,2.659708799045439,1.394234755699533,False,False,False
1790735235.8963697,TRACK,0.009966775,0.001942491999898266,0.5233632916365574,0.7148496612297528,1.1419587976491608,-0.12112150675321362,-0.08394287432323237,0.15711529661508083,0.5234188019671917,0.714889437717499,1.1413984026345747,-0.12103056185246795,-0.08397458895285517,0.1573435217534373,0.07119062549397233,2.6544532745195526,1.3940262080246144,1,1,0,0.000764177000064592,29,0.0,0.0,9.691714497787559e-05,0.010000000000000002,0.10048919864953967,2.9183269161218672,1.3619986458763336,-0.02929857315556734,-0.26387364160231475,0.0320275621482809,0.07119062549397233,2.6544532745195526,1.3940262080246144,False,False,False
1790735235.9063723,TRACK,0.010002472,0.0022253209999689716,0.5221515398443612,0.7140107782343854,1.1435284017112615,-0.12127013368482727,-0.08397875287168151,0.157020224982512,0.5222060333291366,0.7140488866537813,1.1429722410719403,-0.12146324399593403,-0.08409361049685418,0.15734554091095845,0.06940945235280738,2.6508901097451636,1.393474939215454,1,1,0,0.0009028010001657094,29,0.0,0.0,9.718002993275778e-05,0.010000000000000002,0.10173903127420349,2.916633996955311,1.36170782579412,-0.0323295789213961,-0.2657438872101471,0.03176711342133404,0.06940945235280738,2.6508901097451636,1.393474939215454,False,False,False
1790735235.916404,TRACK,0.010032379000000001,0.0028573449999385048,0.5209977821903644,0.7132116157138313,1.1450213334353867,-0.12165244846990049,-0.08430235547464664,0.15732591029508547,0.5209852905688647,0.713204640662047,1.1445507802770096,-0.12189735220254848,-0.08421016150571255,0.15734252419540423,0.06203171471307334,2.643542698103208,1.3927957380070397,1,1,0,0.0008486980000270705,29,0.0,0.0,9.921730288390808e-05,0.010000000000000002,0.1029954164613974,2.91493305407011,1.361415825311165,-0.04096370174832406,-0.271390355966902,0.03137991269587463,0.06203171471307334,2.643542698103208,1.3927957380070397,False,False,False
1790735235.9263928,TRACK,0.009987904,0.002210393000041222,0.519716095474771,0.7123236395762564,1.146676454333324,-0.12263565463932011,-0.08498862439668678,0.15815246383334758,0.5197656326973602,0.7123629899910492,1.146122266282498,-0.1223296587483563,-0.08432335709856519,0.1573344678149742,0.07689211485514733,2.652445836401108,1.3925791752466092,1,1,0,0.0008047339999848191,29,0.0,0.0,9.472073778726256e-05,0.010000000000000002,0.1042490092881025,2.9132367689493255,1.361124824112065,-0.027356894432955185,-0.26079093254821756,0.03145435113454423,0.07689211485514733,2.652445836401108,1.3925791752466092,False,False,False
1790735235.9363105,TRACK,0.009917891,0.0018649040000582318,0.5185472880839646,0.7115153412188864,1.1481792129317645,-0.12314803467498218,-0.08490215353222977,0.1578059753007105,0.5185502512499497,0.7115261344197188,1.1476826319462952,-0.12275904739388145,-0.08443292994963383,0.1573214423452522,0.07314099540259095,2.646322391339503,1.3926629870893128,1,1,0,0.0007456810001258418,29,0.0,0.0,9.733405445033596e-05,0.010000000000000002,0.10549653330842822,2.9115495919398495,1.3608355853180183,-0.03235553790583728,-0.2652272006003466,0.031827401771294526,0.07314099540259095,2.646322391339503,1.3926629870893128,False,False,False
1790735235.9464135,TRACK,0.010102683000000001,0.0018957529998715472,0.5172522237395212,0.7106246425339453,1.1498339278947922,-0.12359978731470098,-0.08492677712937335,0.15765745153068872,0.5173078456570693,0.7106725837733311,1.1492719118096832,-0.12319654267167537,-0.0845416184386861,0.15730298775450435,0.0807320444185273,2.6490777680019897,1.3925865965243744,1,1,0,0.0007386279999082035,29,0.0,0.0,9.48630066637047e-05,0.010000000000000002,0.10677006229052428,2.909828194713776,1.3605406876686306,-0.026038017871996978,-0.26075042671178605,0.03204590885574386,0.0807320444185273,2.6490777680019897,1.3925865965243744,False,False,False
1790735235.9564154,TRACK,0.010002102,0.001824137000085102,0.5160146252012163,0.7097758298009857,1.1514091757561955,-0.123776553998027,-0.08475747800096697,0.15727817621996276,0.5160734547113481,0.7098264639752455,1.150845159312507,-0.12362977883542521,-0.08464628856815194,0.15727952291069883,0.07976880049080895,2.6453997094256763,1.3922596690140228,1,1,0,0.0007372249999662017,29,0.0,0.0,9.587156028740672e-05,0.010000000000000002,0.1080336326308665,2.9081212339004585,1.3602484724710968,-0.028264832140057556,-0.26272152447478225,0.03201119654292586,0.07976880049080895,2.6453997094256763,1.3922596690140228,False,False,False
1790735235.9673269,TRACK,0.010911885000000001,0.0019186760000593495,0.5148383902677311,0.7089713644430766,1.152901569875267,-0.12387893396210675,-0.0846763094168621,0.15701817483397204,0.5147218416184008,0.7089022055381988,1.1525612089666328,-0.12410252071870398,-0.08475711505896417,0.15724798505256593,0.05448349608935271,2.62281862736697,1.3906601565080023,1,1,0,0.0007650580000699847,30,0.0,0.0,8.555543112470061e-05,0.010000000000000002,0.1094151947838155,2.9062560225514456,1.3599294072691228,-0.054931698694462794,-0.2834373951844755,0.03073074923887943,0.05448349608935271,2.62281862736697,1.3906601565080023,False,False,False
1790735235.9764366,TRACK,0.009109501,0.0018362490000072285,0.5135947827461314,0.7081193530938421,1.1544782149659643,-0.1253283513496582,-0.08630294607980458,0.15910556375299345,0.5135895317449898,0.7081296995821406,1.1539935212646342,-0.12449724766855307,-0.08484692201172679,0.15721687609845772,0.08180943313941119,2.644588574994697,1.3911262313994563,1,1,0,0.0007456010000623792,29,0.0,0.0,9.446210567511253e-05,0.010000000000000002,0.11057097753983082,2.904696574758543,1.3596628415660217,-0.028761544400419628,-0.2601079997638462,0.03146338983343475,0.08180943313941119,2.644588574994697,1.3911262313994563,False,False,False
1790735235.9863124,TRACK,0.0098755,0.0018154589999994641,0.5123340011497062,0.7072519410495328,1.15607418958251,-0.12632288376313955,-0.08649003107642592,0.15913523764356804,0.5123579459542189,0.7072913245508751,1.155545929813062,-0.12492523066174467,-0.08494146557909349,0.15717820200575514,0.09316248527368004,2.64997847465762,1.3919215802593523,1,1,0,0.0007379070000297361,29,0.0,0.0,9.266217883933463e-05,0.010000000000000002,0.11182641403161246,2.9030036704157647,1.3593736668044163,-0.01866392875793243,-0.253025195758145,0.03254791345493612,0.09316248527368004,2.64997847465762,1.3919215802593523,False,False,False
1790735235.9963973,TRACK,0.010084658,0.0018911239999397367,0.5110077463218348,0.7063511623350394,1.1577341517375999,-0.1261072853364314,-0.08504559358320019,0.15703222509694997,0.5110959137344586,0.7064342448774977,1.157130796668638,-0.12536233822036588,-0.08503496247077393,0.15713335838181194,0.09358817702977341,2.643516244118845,1.3918896373628813,1,1,0,0.0007506300000841293,29,0.0,0.0,9.395676915462276e-05,0.010000000000000002,0.11311106359127418,2.901272481996223,1.359078173902403,-0.019522886561500762,-0.2577562378773778,0.03281146346047831,0.09358817702977341,2.643516244118845,1.3918896373628813,False,False,False
1790735236.00638,TRACK,0.009983096,0.0018666480000320007,0.5097494947835335,0.7055061186307956,1.159296765089091,-0.12552472702559037,-0.08427281957015217,0.15591308783942934,0.5098422494057924,0.7055848833616383,1.1586992303283934,-0.12579508792029787,-0.08512448741895227,0.15708367860228709,0.08428111232126541,2.632747337302938,1.390781537054906,1,1,0,0.0007543980000264128,29,0.0,0.0,9.651899734764514e-05,0.010000000000000002,0.11438536555330167,2.8995563184531314,1.3587858495305187,-0.030104253232036263,-0.2668089811501932,0.031995687524387084,0.08428111232126541,2.632747337302938,1.390781537054906,False,False,False
1790735236.0163834,TRACK,0.010003143,0.001853962999803116,0.508495486394783,0.7046617696328781,1.1608573775497701,-0.12545523757266566,-0.08478403570698258,0.15645240866118693,0.5085817343264083,0.7047329344981768,1.1602702908652127,-0.12622871752990392,-0.08521125888562235,0.15702886444996247,0.08087810739708465,2.630486700726264,1.3897827199172939,1,1,0,0.0007570630000373058,29,0.0,0.0,9.600218410461597e-05,0.010000000000000002,0.11566478473643883,2.897834397071605,1.3584930004826752,-0.03478667733935418,-0.2673476963453407,0.0312897194346187,0.08087810739708465,2.630486700726264,1.3897827199172939,False,False,False
1790735236.0264888,TRACK,0.010105679000000001,0.0019832489999771497,0.5072384657469291,0.7038108900847,1.1624248425893713,-0.12603444660121177,-0.0852879925289384,0.15689489853756905,0.507303893906121,0.7038713865271483,1.1618568728098377,-0.1266667911014812,-0.08529592288881684,0.15696836247087187,0.0817401840107165,2.6298927877893097,1.3894720043856714,1,1,0,0.0007809989999714162,29,0.0,0.0,9.558422867971728e-05,0.010000000000000002,0.11695989075501648,2.8960925813554326,1.3581970083444714,-0.03521970674429998,-0.266199793566123,0.03127499604119999,0.0817401840107165,2.6298927877893097,1.3894720043856714,False,False,False
1790735236.0364096,TRACK,0.009920867,0.0018588529999306047,0.5059737564341189,0.7029569896207537,1.1639939799583603,-0.1268797037209931,-0.08543978188325309,0.15687278196505447,0.5060451162630354,0.703024776961777,1.163413819547865,-0.12709684278545053,-0.08537608257693752,0.1569039212871556,0.08760217103950399,2.630673794213042,1.3894843758922057,1,1,0,0.0007502499997826817,29,0.0,0.0,9.465015991072753e-05,0.010000000000000002,0.11823380157652824,2.8943804935943835,1.3579063059255503,-0.03063163053702426,-0.26370669938134195,0.03157806996665552,0.08760217103950399,2.630673794213042,1.3894843758922057,False,False,False
1790735236.0464113,TRACK,0.01000153,0.0019384039999295055,0.5047016169632714,0.7021029110575672,1.1655611066149767,-0.1274224523975418,-0.0853685599336909,0.15655154853194456,0.5047717853834809,0.7021704938333253,1.164982752749775,-0.12753037100333584,-0.08545390342879511,0.15683386172675454,0.0895310779918015,2.628489438515587,1.3894333389705242,1,1,0,0.0007500899998831301,29,0.0,0.0,9.493973312727154e-05,0.010000000000000002,0.11952054135732063,2.8926524217132537,1.3576131311354647,-0.02998946336551912,-0.26416298319766646,0.031820207835059656,0.0895310779918015,2.628489438515587,1.3894333389705242,False,False,False
1790735236.056384,TRACK,0.009972696000000001,0.0018339850000756996,0.5034254849755468,0.7012492902945731,1.1671254796541923,-0.12775941446443284,-0.08541254469864666,0.15641607963965476,0.5034978083915371,0.7013179136332776,1.1665464395447072,-0.12796261972563927,-0.08552848419958262,0.15675887708614397,0.09020066557592452,2.6264251419621076,1.389135108528392,1,1,0,0.000746092000099452,29,0.0,0.0,9.488192398458801e-05,0.010000000000000002,0.12080601644627974,2.890927337735623,1.3573207078354692,-0.030605350870355222,-0.2645021957735155,0.03181440069292284,0.09020066557592452,2.6264251419621076,1.389135108528392,False,False,False
1790735236.066415,TRACK,0.010030977,0.0018409689998861722,0.5021461114864811,0.7003946035399533,1.1686894544207673,-0.1281058259771649,-0.0855372180171815,0.1564046690716653,0.502212037849514,0.7004596159188499,1.1681184842496737,-0.12839735492710228,-0.0856004366461632,0.15667825506098906,0.0900528889401165,2.6240667934323336,1.388740207392997,1,1,0,0.0007461630000307196,29,0.0,0.0,9.497429793331577e-05,0.010000000000000002,0.122101440702342,2.8891902342476024,1.357026496524382,-0.0320485517622255,-0.2651234408152689,0.031713710868615234,0.0900528889401165,2.6240667934323336,1.388740207392997,False,False,False
1790735236.076381,TRACK,0.009966052000000001,0.0020726200000353856,0.5008626908830331,0.699538551929086,1.17025349658544,-0.12858049336631008,-0.0856795649737887,0.15641945897994325,0.5009302710577997,0.6996061740394726,1.1696795271603428,-0.12882922729280563,-0.08566885384120196,0.15659295671925025,0.09207160508753515,2.623023533555325,1.3884137580334743,1,1,0,0.0007481559998723242,29,0.0,0.0,9.454808218532535e-05,0.010000000000000002,0.12339087456955032,2.88746252010142,1.356734126304803,-0.031319269482015175,-0.264438986546095,0.0316796317286714,0.09207160508753515,2.623023533555325,1.3884137580334743,False,False,False
1790735236.08639,TRACK,0.010009155,0.0018056510000405979,0.49957417292539485,0.6986815735975913,1.1718170288155152,-0.12907654157796358,-0.08571114151804876,0.1562804327987023,0.49963862890855043,0.6987483702589234,1.171246439738664,-0.12926290853129138,-0.08573446109728101,0.15650203998643625,0.09348582884908399,2.620980259324772,1.3881362158641808,1,1,0,0.0007401400000617286,29,0.0,0.0,9.460329857610805e-05,0.010000000000000002,0.12468826082284655,2.885725545631273,1.3564404437820508,-0.031202431973762563,-0.26474528630650085,0.03169577208213005,0.09348582884908399,2.620980259324772,1.3881362158641808,False,False,False
1790735236.0963945,TRACK,0.010004526000000001,0.0018407179998121137,0.4982810403838096,0.6978242109791921,1.1733791429328386,-0.1295171227137591,-0.08578706922184764,0.15618422739229287,0.49834324667799046,0.6978903226464765,1.172811691842012,-0.12969632033138803,-0.08579690116113206,0.15640587350595364,0.09461686640189149,2.6191615106545263,1.387878921519784,1,1,0,0.0007493780001368577,29,0.0,0.0,9.450598595776011e-05,0.010000000000000002,0.12598739966369762,2.8839876566717457,1.3561468649333015,-0.031370533261806145,-0.26482614601721954,0.0317320565864824,0.09461686640189149,2.6191615106545263,1.387878921519784,False,False,False
1790735236.1064546,TRACK,0.010059902,0.0021789029999581544,0.49698353547264507,0.6969658739702584,1.1749406059775112,-0.12995999948539916,-0.08589170286922895,0.15613384402096894,0.49703632262724845,0.6970269117685993,1.1743846107311655,-0.13013205171549966,-0.08585649780021491,0.15630380506434033,0.09493155268492061,2.616850669602829,1.38757691501688,1,1,0,0.0007494080000469694,29,0.0,0.0,9.461558652604113e-05,0.010000000000000002,0.12729607403366114,2.8822384910773162,1.355851644746345,-0.03236452134874053,-0.26538782147448714,0.031725270270535094,0.09493155268492061,2.616850669602829,1.38757691501688,False,False,False
1790735236.1163797,TRACK,0.009925015,0.0018650840002010227,0.495681236337874,0.696106457445401,1.176501731063861,-0.13048429844064807,-0.08601840188361987,0.15613350635766093,0.4957426270945464,0.6961745060321952,1.175935406637905,-0.13056185283170343,-0.08591213518831968,0.15619779406479598,0.09824388316985169,2.616579774963314,1.3872960186741963,1,1,0,0.0007488979999834555,29,0.0,0.0,9.391202066526037e-05,0.010000000000000002,0.12858947870181922,2.8805112241406765,1.3555603827956955,-0.030345595531967532,-0.26393144917736233,0.03173563587850077,0.09824388316985169,2.616579774963314,1.3872960186741963,False,False,False
1790735236.1264682,TRACK,0.010088626,0.0018731699999534612,0.49437400568004986,0.6952461291368621,1.1780622749710972,-0.1308996889564082,-0.08602571319020406,0.1559489446905124,0.4944232340134385,0.6953074989545865,1.177510661374032,-0.13099863966487102,-0.08596544591724384,0.15608459382961445,0.09785710687896604,2.6134836536828683,1.3870299454600443,1,1,0,0.0007621429999744578,29,0.0,0.0,9.44273267141635e-05,0.010000000000000002,0.1299064958682522,2.878753977067686,1.3552643356440848,-0.032049388989286165,-0.2652703233848177,0.031765609815959585,0.09785710687896604,2.6134836536828683,1.3870299454600443,False,False,False
1790735236.136473,TRACK,0.010004887,0.002383423000082985,0.4931283300505358,0.6944286291460031,1.1795432676455064,-0.1313441692709261,-0.08612862094650547,0.15591567638596807,0.4931104410118561,0.6944471734877898,1.1790716857835175,-0.13143169200930233,-0.08601505755785559,0.15596688007220033,0.09093406706982524,2.60565880299497,1.3864823320112898,1,1,0,0.0009372459999212879,29,0.0,0.0,9.652862561377175e-05,0.010000000000000002,0.13121483522813937,2.8770098920682816,1.3549707782895362,-0.04028076815831413,-0.2713510890733117,0.031511553721753564,0.09093406706982524,2.60565880299497,1.3864823320112898,False,False,False
1790735236.146408,TRACK,0.009935325,0.002349246999983734,0.4918106185575395,0.6935648896218289,1.1811050035363158,-0.1323029995934774,-0.08678334716803082,0.15665983525002664,0.49180248861779835,0.6935923545894629,1.18062066433862,-0.1318616160945882,-0.08606108845196324,0.1558445762202771,0.09899907757717989,2.6096820563253793,1.3861555079484065,1,1,0,0.0009473850000176753,29,0.0,0.0,9.399968221785975e-05,0.010000000000000002,0.13251627206395286,2.8752766065084563,1.3546793103364805,-0.03351719448677297,-0.2655945501830769,0.03147619761192605,0.09899907757717989,2.6096820563253793,1.3861555079484065,False,False,False
1790735236.1563673,TRACK,0.009958959,0.002348084999994171,0.4904821625690099,0.692694593349545,1.1826741052826595,-0.13319576511120512,-0.08709230375948537,0.15689259144040052,0.49048713882251516,0.6927350595067348,1.1821720810570153,-0.13229243563918122,-0.08610396633375599,0.15571653796518176,0.10680834927443703,2.6127357740911688,1.3862646447456273,1,1,0,0.0007935720000205038,29,0.0,0.0,9.277810746683728e-05,0.010000000000000002,0.13382297192431472,2.8735379475316662,1.3543872138011885,-0.027014622649877695,-0.26080217344049766,0.031877430944438734,0.10680834927443703,2.6127357740911688,1.3862646447456273,False,False,False
1790735236.1663651,TRACK,0.009997583,0.0018551849998402759,0.4891475912890142,0.69182521056082,1.1842399464533067,-0.1335533505771274,-0.08670560953180377,0.15617720135994012,0.4891623728586013,0.6918740265685024,1.1837282045944695,-0.13272478790874456,-0.08614369838258736,0.15558248660689583,0.1079009967266219,2.609571022422613,1.3862774250743997,1,1,0,0.0007542379998994875,29,0.0,0.0,9.332127415875512e-05,0.010000000000000002,0.13513689458107023,2.8717913643613824,1.3540940662915348,-0.02723589785444833,-0.26222034193876925,0.032183358782864796,0.1079009967266219,2.609571022422613,1.3862774250743997,False,False,False
1790735236.1763654,TRACK,0.010000508,0.0018763349999062484,0.4878114340749322,0.6909601358224933,1.1857982432782173,-0.13365086438549645,-0.08642769706221173,0.15565660478555893,0.48783289566635873,0.6910123610296478,1.1852834148373907,-0.13315711813491418,-0.0861800951673499,0.1554428313286078,0.10628064831080986,2.605283606200194,1.385832943058235,1,1,0,0.000753856000073938,29,0.0,0.0,9.385817387831024e-05,0.010000000000000002,0.1364533341001294,2.870043165395221,1.353800931959003,-0.030172685789319528,-0.2647595591950267,0.03203201109923204,0.10628064831080986,2.605283606200194,1.385832943058235,False,False,False
1790735236.1863694,TRACK,0.010004005,0.0019133770001644734,0.48647394832603563,0.6900958297752489,1.187354158658814,-0.13387709775831727,-0.08651884412743444,0.15564005243906895,0.48649862857524306,0.6901500468673588,1.1868377435565634,-0.13358944076708942,-0.08621312853416402,0.15529752357815466,0.10615441606518358,2.603198242343638,1.3852609187709544,1,1,0,0.0007895049998296599,29,0.0,0.0,9.366555693401955e-05,0.010000000000000002,0.13777233995552365,2.8682933297049478,1.353507811198101,-0.03161792389034007,-0.2650950873613099,0.03175310757285343,0.10615441606518358,2.603198242343638,1.3852609187709544,False,False,False
1790735236.1963658,TRACK,0.009996511000000001,0.001808736999919347,0.485133104285441,0.689229996004558,1.1889105888561886,-0.13429826952350538,-0.08663848594691545,0.15562681940114634,0.48516104171967994,0.6892880655455427,1.1883894277660823,-0.13402127076496823,-0.08624273717138209,0.15514669112986137,0.10792006412619672,2.602222485174628,1.3848964358662512,1,1,0,0.0007364729999608244,29,0.0,0.0,9.324621229004143e-05,0.010000000000000002,0.1390924337541183,2.86654386125634,1.3532150431766752,-0.031172369627921595,-0.264321376081712,0.03168139268957596,0.10792006412619672,2.602222485174628,1.3848964358662512,False,False,False
1790735236.2064047,TRACK,0.010039263000000001,0.002187959999901068,0.48378755199634593,0.6883637569971484,1.1904656699717195,-0.13477569445099424,-0.08659670650386703,0.1553734933424778,0.4838133907857482,0.6884221171699759,1.1899462020092522,-0.13445476749581842,-0.08626902459296212,0.15498951045877749,0.10919383043255988,2.600069299743352,1.3846618615084474,1,1,0,0.0008850359999996726,29,0.0,0.0,9.330353756664407e-05,0.010000000000000002,0.14042023341222581,2.864786043912817,1.3529211745180667,-0.031226402979665932,-0.2647167441694653,0.03174068699038058,0.10919383043255988,2.600069299743352,1.3846618615084474,False,False,False
1790735236.2163668,TRACK,0.009961684,0.0019418609999775072,0.48243719957329834,0.6874983181741428,1.1920177396371079,-0.13525047543813198,-0.08654636095288368,0.15511766442386493,0.4824718531651554,0.6875626167741672,1.191489358095282,-0.1348847257946993,-0.08629166656596476,0.15482785994418827,0.11172496764278676,2.5987163950379344,1.384412639859458,1,1,0,0.000787741000067399,29,0.0,0.0,9.297732016320804e-05,0.010000000000000002,0.1417397850008431,2.8630410336923453,1.3526297441891137,-0.03001481735805635,-0.264324638654411,0.03178289567034421,0.11172496764278676,2.5987163950379344,1.384412639859458,False,False,False
1790735236.2263756,TRACK,0.010008925,0.002276498999890464,0.4810825806379233,0.6866329453578341,1.1935677707088388,-0.13561359349654345,-0.08655174014331221,0.15492141755675568,0.48111964097387194,0.6866988306043518,1.1930381818188152,-0.13531652364277028,-0.08631093531118778,0.15465970467803036,0.11271826694070552,2.596884180635447,1.384139765831423,1,1,0,0.0009267760001421266,29,0.0,0.0,9.293853617757365e-05,0.010000000000000002,0.14306758491046834,2.8612870525316687,1.3523371174440006,-0.03034931796976281,-0.26440287189622186,0.03180264838742224,0.11271826694070552,2.596884180635447,1.384139765831423,False,False,False
1790735236.2364852,TRACK,0.010110448000000001,0.0027801080000244838,0.47972454951441623,0.6857676565470587,1.1951156883478609,-0.13596892532911867,-0.08653378883652704,0.1547037186350476,0.4797493262160139,0.6858261049971406,1.194600977323528,-0.1357524878675106,-0.08632682959051981,0.15448396805993078,0.11171241303747431,2.593440997699179,1.3837581320552674,1,1,0,0.0009561029999076709,29,0.0,0.0,9.33952189633259e-05,0.010000000000000002,0.14441084972964552,2.8595146583050965,1.3520417295691818,-0.0326984366921712,-0.26607366060591764,0.031716402486085614,0.11171241303747431,2.593440997699179,1.3837581320552674,False,False,False
1790735236.246438,TRACK,0.009951806,0.001932872999987012,0.47843061882583715,0.6849454086274438,1.196584777667808,-0.1364395285771971,-0.08664195824367307,0.154673063100769,0.4783962094244642,0.6849669339429182,1.1961374869933188,-0.1361813912968326,-0.08633894475997489,0.15430518976266802,0.10614920684620247,2.586665746284239,1.383182312906171,1,1,0,0.000781689999939772,29,0.0,0.0,9.50899272743816e-05,0.010000000000000002,0.14573496056425134,2.857769519361733,1.3517512762579214,-0.03958575371804888,-0.27110377307749406,0.031431036648249734,0.10614920684620247,2.586665746284239,1.383182312906171,False,False,False
1790735236.2563941,TRACK,0.009956244000000001,0.002315412999905675,0.4770616723126091,0.6840758789689456,1.198134646409076,-0.137418134358903,-0.0873441825133158,0.15541642412611706,0.4770382191934416,0.6841072762496497,1.1976728736036966,-0.13661023799738323,-0.08634764182965252,0.15412078152137162,0.11479717244639076,2.5916453012249945,1.3830140630726733,1,1,0,0.0008865400000104273,29,0.0,0.0,9.236514422048683e-05,0.010000000000000002,0.1470614985507422,2.8560229702364266,1.3514614444050344,-0.03226432610435143,-0.26437766901143217,0.03155261866763897,0.11479717244639076,2.5916453012249945,1.3830140630726733,False,False,False
1790735236.266385,TRACK,0.00999113,0.0023654980000173964,0.4756824827577182,0.6832008028991972,1.1996899972597053,-0.13823261961613825,-0.08746137560118329,0.15536851795738535,0.4756711798341914,0.6832445362838775,1.1992117671870683,-0.1370403156912611,-0.08635296709055937,0.15393026217175415,0.12144848569772537,2.5935172839004883,1.3831543823793255,1,1,0,0.0008228379999764002,29,0.0,0.0,9.155626845994811e-05,0.010000000000000002,0.1483945556876515,2.854269941238277,1.3511708609733706,-0.026946069989926134,-0.26075265733778896,0.031983521405954854,0.12144848569772537,2.5935172839004883,1.3831543823793255,False,False,False
1790735236.27637,TRACK,0.009984609,0.0018792620001022442,0.4742975723498448,0.6823285314182321,1.201239628026097,-0.13858670692064706,-0.08696928498720616,0.154534278511886,0.4743007413583725,0.6823823233659345,1.2007477272846396,-0.13746983014596195,-0.08635485826643906,0.15373436620236428,0.12281732495631426,2.5900517574978075,1.383066922619647,1,1,0,0.0007422650000989961,29,0.0,0.0,9.206594332643191e-05,0.010000000000000002,0.14972858666810018,2.852517778026094,1.3508807485966092,-0.026911261711785928,-0.2624660205282867,0.032186174023037785,0.12281732495631426,2.5900517574978075,1.383066922619647,False,False,False
1790735236.286354,TRACK,0.009984047000000001,0.0018730199999481556,0.4729111760503928,0.681460882689624,1.2027814469188298,-0.13864852108457945,-0.08669493954970854,0.15401335549757517,0.4729260933025218,0.681520157324171,1.202281617565888,-0.13789902729399356,-0.08635329436134233,0.15353295067698744,0.12162631506812645,2.5862437423659266,1.382583979061064,1,1,0,0.0007514620001529693,29,0.0,0.0,9.244519094074584e-05,0.010000000000000002,0.15106435698183404,2.850765517980841,1.3505909511887542,-0.02943804191370759,-0.2645217756149143,0.0319930278723098,0.12162631506812645,2.5862437423659266,1.382583979061064,False,False,False
1790735236.296376,TRACK,0.010021679,0.0018957629999931669,0.47145465653361374,0.6805506761058115,1.2043975219102583,-0.13881779400165917,-0.08674083081881005,0.1538940387619297,0.47154195604340077,0.680654774793862,1.2038192391124487,-0.13832953658071503,-0.0863482241313348,0.1533251821089679,0.12955462432445755,2.5904271055574504,1.3822873035143246,1,1,0,0.0007671219998428569,29,0.0,0.0,8.98986473216304e-05,0.010000000000000002,0.15240695770677004,2.8490065408902625,1.3503003793954524,-0.02285233338231249,-0.2585794353328123,0.03198692411887206,0.12955462432445755,2.5904271055574504,1.3822873035143246,False,False,False
1790735236.306327,TRACK,0.009951304000000001,0.0018503459998555627,0.4700666888148346,0.6796855850547718,1.2059322198196023,-0.13867289998135554,-0.08615775506471433,0.15288562240823994,0.4701632710476496,0.6797955369112743,1.2053439749569894,-0.13875670901574977,-0.08633969355591137,0.1531132951972427,0.12612708035069503,2.584695293153351,1.3820129996944852,1,1,0,0.0007489069998882769,29,0.0,0.0,9.146038072061126e-05,0.010000000000000002,0.15374188153418394,2.847259888512116,1.3500121808068453,-0.027614801183488913,-0.26256459535876525,0.03200081888764002,0.12612708035069503,2.584695293153351,1.3820129996944852,False,False,False
1790735236.316397,TRACK,0.010069841000000001,0.0019053610001265042,0.4686802184109711,0.6788265378348193,1.2074566356330116,-0.13869287718577578,-0.08579221141349802,0.15220247643252058,0.4687638380262961,0.6789261683477186,1.2068846981217074,-0.13918864064337186,-0.0863274889607333,0.15289319450121497,0.1213249603568977,2.577824935610496,1.3813569478762409,1,1,0,0.0007430559999193065,29,0.0,0.0,9.265069495279398e-05,0.010000000000000002,0.15509445345198272,2.8454924892015385,1.3497209047732885,-0.03376949309508502,-0.26766755359104266,0.03163604310295225,0.1213249603568977,2.577824935610496,1.3813569478762409,False,False,False
1790735236.3263466,TRACK,0.009949732000000001,0.00213310599997385,0.4672915291957773,0.6779688374959854,1.208977498439853,-0.13913111751018387,-0.08592927706387964,0.15220144918939127,0.4673768265728492,0.6780673077072842,1.2084048390675355,-0.13961508432090114,-0.08631187446602996,0.15267006550709078,0.12300680379076331,2.5764363456927053,1.3807334285160182,1,1,0,0.000814751999996588,29,0.0,0.0,9.211566229759259e-05,0.010000000000000002,0.1564325891732179,2.8437463146219435,1.3494334720416934,-0.03342578538245458,-0.2673099689292382,0.03129995647432488,0.12300680379076331,2.5764363456927053,1.3807334285160182,False,False,False
1790735236.3364244,TRACK,0.010077746,0.0022957749999932275,0.4658969663472581,0.6771077934204968,1.2105004583699817,-0.13973597074735197,-0.08625494797108742,0.15234703918343628,0.4659676462428721,0.6771975734595368,1.2099422462783187,-0.14004666309387084,-0.08629242998108069,0.1524383045159864,0.12494459844016173,2.576102646446053,1.3805586932949365,1,1,0,0.0007597179999265791,29,0.0,0.0,9.173668038675928e-05,0.010000000000000002,0.15778963090829748,2.8419779076984897,1.3491427334508954,-0.03284503246813574,-0.2658752612524369,0.03141595984404103,0.12494459844016173,2.576102646446053,1.3805586932949365,False,False,False
1790735236.346402,TRACK,0.009977634,0.0019223629999487457,0.46449618746623056,0.6762447032196732,1.2120232088867695,-0.14036877733637124,-0.08632976056378062,0.1521728364237251,0.46456818170814895,0.6763366902889307,1.2114620512698713,-0.14047359506055127,-0.08626955441472897,0.15220310161904402,0.12851628533119075,2.5759652821772114,1.3805322329899459,1,1,0,0.000743237000051522,29,0.0,0.0,9.114222634046822e-05,0.010000000000000002,0.15913483729576836,2.8402273881791342,1.3488552901755473,-0.030618551964577592,-0.26426210600192296,0.03167694281439853,0.12851628533119075,2.5759652821772114,1.3805322329899459,False,False,False
1790735236.3563428,TRACK,0.009940735000000001,0.0018428519999815762,0.4630896927608008,0.6753819099125273,1.213543003376068,-0.14084806547924633,-0.0862279772406867,0.15180062605938965,0.46316965827852496,0.6754792357455893,1.212973873577232,-0.14089858154266938,-0.08624315131766658,0.15196305268599075,0.13121841496163772,2.5748096394377358,1.3804180744211436,1,1,0,0.0007481759998881898,29,0.0,0.0,9.090780195376364e-05,0.010000000000000002,0.16047666772759403,2.8384837470141995,1.3485693309055622,-0.029258252765956304,-0.26367410757646376,0.03184874351558148,0.13121841496163772,2.5748096394377358,1.3804180744211436,False,False,False
1790735236.3663368,TRACK,0.009994006000000001,0.0018618379999679746,0.46167954049177684,0.6745203551005865,1.215058889055408,-0.14113462398084903,-0.08610542176997431,0.151420475767686,0.4617593835463394,0.6746174690413985,1.2144913632276917,-0.14132546563771753,-0.0862129461699971,0.15171593402175046,0.13122112454442597,2.5720929740286804,1.3801123951418288,1,1,0,0.0007460720000835863,29,0.0,0.0,9.114115113632707e-05,0.010000000000000002,0.1618272680512762,2.836731258048282,1.348282281141198,-0.030606143506850238,-0.2646382840196017,0.03183011400063076,0.13122112454442597,2.5720929740286804,1.3801123951418288,False,False,False
1790735236.3763177,TRACK,0.009980871,0.001923314999885406,0.4602665222060951,0.6736596385772646,1.2165715757936368,-0.14147115375350833,-0.0860747128625538,0.15117625494076353,0.4603467063891433,0.6737571546195237,1.2160043645932914,-0.14175139760431613,-0.08617909145583075,0.15146332057559433,0.13184074672811402,2.5700195607332477,1.3797215385102872,1,1,0,0.000758224999799495,29,0.0,0.0,9.103131104694394e-05,0.010000000000000002,0.163177643963,2.834981658698146,1.3479960693375723,-0.03133689723488596,-0.264962097964898,0.031725469172714994,0.13184074672811402,2.5700195607332477,1.3797215385102872,False,False,False
1790735236.3863447,TRACK,0.010026739,0.0018305480000435637,0.4588495594482014,0.6727991318085742,1.2180819891769703,-0.14190673213740781,-0.08604732559342265,0.15093559385431835,0.45892325863999944,0.6728932454698837,1.217521750936384,-0.1421788823414746,-0.08614134242813065,0.15120365780085387,0.1325057518330151,2.567677746347285,1.3793491023906668,1,1,0,0.0007458309999037738,29,0.0,0.0,9.110675768450921e-05,0.010000000000000002,0.16453575598392248,2.8332247004130777,1.3477090245522942,-0.03203000415090738,-0.2655469540657925,0.03164007783837253,0.1325057518330151,2.567677746347285,1.3793491023906668,False,False,False
1790735236.3963757,TRACK,0.010031307000000001,0.002041269000073953,0.4574279588297765,0.671938579437013,1.2195902678460193,-0.1423954006836626,-0.08608535344767745,0.15075581182518952,0.45749487526850646,0.6720293404135337,1.2190371934684214,-0.14260614479335418,-0.08609979974474419,0.15093793807068182,0.13376324214947666,2.5660099388551383,1.3790771421862087,1,1,0,0.0007497880001210433,29,0.0,0.0,9.09562029759479e-05,0.010000000000000002,0.16589599139741465,2.8314677179459173,1.3474223517275505,-0.03213274924793798,-0.2654577790907792,0.03165479045865808,0.13376324214947666,2.5660099388551383,1.3790771421862087,False,False,False
1790735236.406304,TRACK,0.009928071,0.0018121440000413713,0.4560011897643177,0.6710777533513337,1.2210966391470501,-0.14292528038224414,-0.08609581458898882,0.15054742838708807,0.4560769739613725,0.6711747550844559,1.2205343862277127,-0.143028588369384,-0.08605493919756221,0.15066907214680378,0.13724699491794773,2.5657840433183585,1.3788837461782844,1,1,0,0.0007447599998613441,29,0.0,0.0,9.031062591322569e-05,0.010000000000000002,0.16724368015547644,2.829729673707854,1.347139143043006,-0.029996685237528714,-0.2639456303894952,0.0317446031352783,0.13724699491794773,2.5657840433183585,1.3788837461782844,False,False,False
1790735236.4163234,TRACK,0.010019605000000001,0.001820779999889055,0.45456973335767525,0.6702173032111691,1.2226002345859444,-0.14330359718390753,-0.08598268865795314,0.1501670142351989,0.4546417499472938,0.6703127612560459,1.2220426465700363,-0.14345449019967985,-0.08600586088763984,0.1503917633045233,0.1377281821482406,2.5633429252532753,1.3786649274391936,1,1,0,0.0007472639999832609,29,0.0,0.0,9.05493540307797e-05,0.010000000000000002,0.16860522865441607,2.82797656259682,1.3468538606209817,-0.030877046506175482,-0.2646336373435446,0.031811066818211886,0.1377281821482406,2.5633429252532753,1.3786649274391936,False,False,False
1790735236.4263914,TRACK,0.010068598,0.0019110920000002807,0.45313472258417686,0.66935804834349,1.2241000310581969,-0.14368845214961162,-0.08590702337675293,0.1498574520054191,0.45319521164813825,0.6694470673439042,1.2235554524632255,-0.14388202144670653,-0.08595266606264385,0.15010703010693727,0.13727900767061427,2.56023526020638,1.3782974452386305,1,1,0,0.0007579850000638544,29,0.0,0.0,9.083201282976415e-05,0.010000000000000002,0.16997485571425852,2.8262159437689416,1.346567746477217,-0.03269584804364425,-0.2659806835625614,0.031729698761413426,0.13727900767061427,2.56023526020638,1.3782974452386305,False,False,False
1790735236.4363275,TRACK,0.009935384,0.0018438239999341022,0.4516951269544114,0.6684993999354152,1.225597151549393,-0.1442224036061843,-0.08589621442802567,0.14966185843579896,0.45176359465802485,0.6685933712487806,1.2250454028566777,-0.1443034397532925,-0.08589633940482022,0.14982006868124664,0.14054677437359184,2.559566164908601,1.377933046942772,1,1,0,0.000751251999872693,29,0.0,0.0,9.022849353126523e-05,0.010000000000000002,0.17132772785355158,2.8244797598804583,1.3462859904726072,-0.03078095347995975,-0.2649135949718576,0.03164705647016482,0.14054677437359184,2.559566164908601,1.377933046942772,False,False,False
1790735236.4464178,TRACK,0.01009031,0.0018320209999274084,0.4502504612382294,0.6676403525409498,1.2270926366088801,-0.14464458199187832,-0.08590515212480422,0.14942559226063412,0.45030537093390616,0.6677269556361516,1.2265556377408362,-0.14473095391689247,-0.08583520778112604,0.14952250395049768,0.1405251030175261,2.5572105753743553,1.3777115862927132,1,1,0,0.0007439370001520729,29,0.0,0.0,9.049666877987169e-05,0.010000000000000002,0.17270305391343732,2.82271776039867,1.3460004428854515,-0.03217795089591121,-0.26550718502431503,0.031711143407261555,0.1405251030175261,2.5572105753743553,1.3777115862927132,False,False,False
1790735236.4563386,TRACK,0.009920706000000001,0.0018586619999041432,0.44880160235470523,0.6667813377870555,1.228585609024167,-0.14512675315842308,-0.08591938060975496,0.1492149215195249,0.44886745469048084,0.666875723985044,1.2280375302745072,-0.14515080383481224,-0.0857712194729418,0.14922388730574246,0.14389100284254416,2.5572317003464446,1.3775304806388102,1,1,0,0.0007488870000997849,29,0.0,0.0,8.966876103178896e-05,0.010000000000000002,0.17405656674712197,2.820986709085892,1.3457203057365996,-0.0301655639045778,-0.26375500873944774,0.031810174902210525,0.14389100284254416,2.5572317003464446,1.3775304806388102,False,False,False
1790735236.4663227,TRACK,0.009983947,0.0018044280000140134,0.44734805214039053,0.6659228168730831,1.2300757451909252,-0.14552560988199265,-0.08576368737485111,0.14879677381062392,0.4474161695505608,0.6660197264036799,1.2295258481534312,-0.1455728400718005,-0.08570290853850977,0.14891727481946024,0.14524009025094525,2.555256699347439,1.3773027803595563,1,1,0,0.0007404109999242792,29,0.0,0.0,8.974418160340422e-05,0.010000000000000002,0.17541998280426221,2.8192460529202936,1.3454390137893208,-0.03017989255331696,-0.26398935357285463,0.03186376657023555,0.14524009025094525,2.555256699347439,1.3773027803595563,False,False,False
1790735236.476424,TRACK,0.010101551,0.0020325829998455447,0.44589091521634305,0.6650662120884689,1.231561292142847,-0.145875906150994,-0.08559338025429354,0.14837083049526903,0.4459435035102475,0.6651543600949195,1.2310285504522658,-0.14599933572465668,-0.08562976900098439,0.14860079739423215,0.1438874497726638,2.551232535525793,1.3769024915311807,1,1,0,0.0007995439998467191,29,0.0,0.0,9.037306070849537e-05,0.010000000000000002,0.17680072967982602,2.8174864531338053,1.3451550727376445,-0.03291327990716222,-0.26625391760801204,0.03174741879353616,0.1438874497726638,2.551232535525793,1.3769024915311807,False,False,False
1790735236.486474,TRACK,0.010050194,0.002232725000112623,0.4444296517501618,0.6642104957557002,1.2330437212815726,-0.1463893316156013,-0.0856307495073626,0.14822331455831783,0.4444740517682582,0.6642941468480899,1.2325204088791837,-0.14642313635122844,-0.08555298669232468,0.148279713402807,0.1451684875104627,2.5494859439427726,1.3764903453183541,1,1,0,0.0009068080000815826,29,0.0,0.0,9.012811135494675e-05,0.010000000000000002,0.1781755991704767,2.8157372044792806,1.3448735580703057,-0.033007111660013994,-0.26625126053650783,0.0316167872480484,0.1451684875104627,2.5494859439427726,1.3764903453183541,False,False,False
1790735236.4964464,TRACK,0.009972525000000001,0.00247761199989327,0.44296262350754123,0.6633537395336031,1.2345254182134573,-0.1469791088590376,-0.0857274435680411,0.14812408631836024,0.4430117488198305,0.6634413633900973,1.2339975190446508,-0.14684310939867962,-0.08547296588212819,0.1479552620000611,0.14894584991631218,2.5498327963687806,1.3762956905477932,1,1,0,0.001012389999914376,29,0.0,0.0,8.935844438611807e-05,0.010000000000000002,0.17954095069944848,2.8140029848176913,1.344595178153454,-0.03059510078313628,-0.26417018844891055,0.03170051239433926,0.14894584991631218,2.5498327963687806,1.3762956905477932,False,False,False
1790735236.506525,TRACK,0.010078497,0.0028462039999794797,0.4414899820159297,0.6624969876318776,1.2360047957556572,-0.14746433132211775,-0.08559243302004521,0.14771675633589898,0.44152965454788407,0.6625803481597291,1.2354870085926704,-0.14726697114664425,-0.08538821368388914,0.147621459697255,0.14969003813042775,2.547326685824028,1.3761106077423138,1,1,0,0.0010371370001394098,29,0.0,0.0,8.96558272714046e-05,0.010000000000000002,0.18092198396786843,2.8122521837040932,1.3443145692520957,-0.03123194583744067,-0.26492549788006514,0.031796038490217976,0.14969003813042775,2.547326685824028,1.3761106077423138,False,False,False
1790735236.51641,TRACK,0.009885038,0.0018624589999944874,0.44001289984573955,0.661642280358862,1.2374793248324023,-0.14791590664359508,-0.08542854015407236,0.1472990814291269,0.4400718625666234,0.6617367090033658,1.2369446102800952,-0.14768212460057684,-0.08530127367386899,0.14728827148013637,0.1533807047863233,2.5468171634377543,1.3758855410645623,1,1,0,0.0007600879998790333,29,0.0,0.0,8.897051025400742e-05,0.010000000000000002,0.18227762345219603,2.810536887919275,1.344040077672369,-0.028896918665872733,-0.2637197244815207,0.03184546339219316,0.1533807047863233,2.5468171634377543,1.3758855410645623,False,False,False
1790735236.526323,TRACK,0.009912992,0.0019839709998450417,0.4386062507277453,0.6608312725968677,1.2388768266919898,-0.14815186608962053,-0.08531909769166263,0.1469288311496302,0.4386058297138814,0.6608915660527439,1.2384029977237634,-0.14809787154410375,-0.08521026953405707,0.14694835093935008,0.14620170510485375,2.539321799165562,1.3754059620027084,1,1,0,0.0007853460001570056,29,0.0,0.0,9.111963895930977e-05,0.010000000000000002,0.18363817609391625,2.8088187239959903,1.343765555670984,-0.03743647098906251,-0.26949692483042825,0.03164040633172432,0.14620170510485375,2.539321799165562,1.3754059620027084,False,False,False
1790735236.536376,TRACK,0.010053279,0.0025216859999090957,0.4371218773327614,0.659977511844529,1.2403458329517534,-0.14885686985633417,-0.08559164894237987,0.1470907302859371,0.4371148436351894,0.6600354037880299,1.2398785527745262,-0.14851889654938574,-0.08511404718610158,0.14659766876047117,0.14964484439923123,2.539747194262105,1.3749945383033417,1,1,0,0.0012524469998425047,29,0.0,0.0,8.984393796934895e-05,0.010000000000000002,0.18501905664971563,2.807078370130219,1.3434879308459549,-0.035374212250484406,-0.2673311758681143,0.03150660745738697,0.14964484439923123,2.539747194262105,1.3749945383033417,False,False,False
1790735236.5478334,TRACK,0.011460261000000001,0.0020797229999516276,0.43592733446738574,0.6592917402567675,1.2415234665678332,-0.1496967334944157,-0.08580537672762846,0.14725530551235583,0.43541003171878057,0.6590606260117094,1.241556275030557,-0.14899808605890402,-0.08499949815241879,0.146190560189708,0.09356045019733754,2.4942692898955143,1.372201389296927,1,1,0,0.0008011859999896842,30,0.0,0.0,8.700787296093458e-05,0.010000000000000002,0.18659447413774688,2.805097186849518,1.3431724376246685,-0.09303402394040934,-0.31082789695400387,0.029028951672258458,0.09356045019733754,2.4942692898955143,1.372201389296927,False,False,False
1790735236.5572448,TRACK,0.009412227,0.0031204870001602103,0.43419434068035745,0.6582984708350494,1.2432241739722336,-0.15295110849907662,-0.08824706987240423,0.15020396600477895,0.4340057782587493,0.6582610497615139,1.242930656735871,-0.14939102403595808,-0.08490152170345792,0.14585032064288084,0.1613835757129876,2.5449753639617723,1.373931155809931,1,1,0,0.0008156249998592102,29,0.0,0.0,8.577917219005106e-05,0.010000000000000002,0.18788934103544774,2.8034723376104975,1.3429141308249863,-0.026505765322460167,-0.25849697364872515,0.031017024984944533,0.1613835757129876,2.5449753639617723,1.373931155809931,False,False,False
1790735236.5663795,TRACK,0.009131302,0.002125791000025856,0.43263476282449087,0.6573913607473045,1.244757119716179,-0.15735374878614894,-0.09187371714234933,0.1545863943014164,0.43263990529388413,0.6574862351977143,1.2442609335690673,-0.14977169238910265,-0.08480308830360989,0.1455151396447682,0.23148035850742651,2.6010768870949077,1.377518672470919,1,1,0,0.0008151329998327128,28,0.0,0.0,8.570498744287088e-05,0.010000000000000002,0.18914638607520456,2.801898036374497,1.3426642445432189,0.04233397243222196,-0.20082114927958963,0.03485442792770013,0.23148035850742651,2.6010768870949077,1.377518672470919,False,False,False
1790735236.5764444,TRACK,0.010065012,0.0022053529999084276,0.43106881751127357,0.6564971577942593,1.2462696527931358,-0.15434923694556363,-0.08570113076918234,0.14634872970187396,0.4311303424154485,0.6566332532255241,1.245723661662111,-0.15019065646309296,-0.08469070824632383,0.14513984270022662,0.1988527806526547,2.5602944528784093,1.3783374890176188,1,1,0,0.0008106650000172522,29,0.0,0.0,8.380940778344922e-05,0.010000000000000002,0.1905328826811219,2.800165190594656,1.3423896358405722,0.008319897971532784,-0.2398707377162465,0.03594785317704655,0.1988527806526547,2.5602944528784093,1.3783374890176188,False,False,False
1790735236.5863767,TRACK,0.009931717000000001,0.0023745349999444443,0.4295485822367384,0.6556715485870637,1.2476937606766931,-0.15033872671984197,-0.0812338979296619,0.14086490945787494,0.42963664107834704,0.6557926963747893,1.2471632855249293,-0.15060341392116477,-0.08457580231129855,0.14476348223934907,0.15357340811690917,2.5152612869198294,1.3747836763991472,1,1,0,0.0008306839999931981,29,0.0,0.0,9.499735536467582e-05,0.010000000000000002,0.19190192718740925,2.7984578931187176,1.3421195355983655,-0.038328519070500076,-0.2831966061988881,0.03266414080078162,0.15357340811690917,2.5152612869198294,1.3747836763991472,False,False,False
1790735236.596409,TRACK,0.010034213,0.0020841919999838865,0.4280547100042389,0.6548563353533368,1.2491072931112175,-0.1492691512760196,-0.08307770018294049,0.14331027547289743,0.42812336494293135,0.6549446442126728,1.2486139398809286,-0.15101975519860555,-0.08445563577606847,0.14437712166926944,0.14255339014319734,2.5141976404113726,1.3712334149745178,1,1,0,0.0008052839998526906,29,0.0,0.0,9.271546892452169e-05,0.010000000000000002,0.19328598726923352,2.796735701170938,1.3418475472865765,-0.05073259712603618,-0.2825380607595654,0.029385867687941204,0.14255339014319734,2.5141976404113726,1.3712334149745178,False,False,False
1790735236.6064513,TRACK,0.010040044000000001,0.002324398999917321,0.4265576059160976,0.6540089934867979,1.2505597832569872,-0.15051116859571587,-0.08581196125615305,0.14631713976039645,0.4266050315886182,0.6540973267464748,1.2500615260201782,-0.15143564640732857,-0.08433127458658078,0.14398435417112684,0.1554157546738065,2.5322338026184403,1.371227752048574,1,1,0,0.0010004870000557275,29,0.0,0.0,8.686028111212997e-05,0.010000000000000002,0.19467171286779214,2.7950153537407605,1.3415763259451061,-0.03925595819398564,-0.2627815511223202,0.029651426103467948,0.1554157546738065,2.5322338026184403,1.371227752048574,False,False,False
1790735236.6163685,TRACK,0.00991727,0.002019969000002675,0.42519496004478885,0.6532356389020197,1.2518750906433018,-0.15213806783006273,-0.08535313915225293,0.1451485418814946,0.42510116921682467,0.6532616167001989,1.251487508734835,-0.1518457604673328,-0.08420435836207617,0.14359028929143147,0.15046397500868938,2.5229972665650315,1.3724173030446818,1,1,0,0.0007830920001197228,29,0.0,0.0,9.064569170396012e-05,0.010000000000000002,0.19604130845107196,2.7933189404362544,1.3413093495649455,-0.04557733344238258,-0.2703216738712229,0.031107953479736255,0.15046397500868938,2.5229972665650315,1.3724173030446818,False,False,False
1790735236.6263819,TRACK,0.010013864,0.002046751000079894,0.42366341126294405,0.6523876404609315,1.2533177429010562,-0.15413059810766228,-0.08468349712041498,0.1440416551522392,0.42357853596063655,0.6524190645851579,1.2529233843374392,-0.15225915975490797,-0.08407207054794792,0.1431862052586551,0.1639877049586902,2.5228766055891083,1.372970718466853,1,1,0,0.0007621330000802118,29,0.0,0.0,8.917474817387792e-05,0.010000000000000002,0.19742503520912352,2.7916090298772858,1.3410407292090516,-0.03343733025043332,-0.26873242428817745,0.031929989257801265,0.1639877049586902,2.5228766055891083,1.372970718466853,False,False,False
1790735236.6364098,TRACK,0.010028582000000001,0.0031713739999759127,0.4220370822619701,0.6514972942969699,1.2548307552001434,-0.1552027753361794,-0.08509946591702602,0.14439267784439175,0.4220495195705464,0.651576622731999,1.254357283647955,-0.15267244024520538,-0.08393539811732073,0.14277527316196414,0.18352154541714816,2.5343397503560325,1.3731995046674228,1,1,0,0.0010017690001404844,29,0.0,0.0,8.513456725097577e-05,0.010000000000000002,0.19881156167277547,2.789899759220399,1.340772697604233,-0.015290016255627328,-0.25556000886436636,0.032426807063189914,0.18352154541714816,2.5343397503560325,1.3731995046674228,False,False,False
1790735236.646384,TRACK,0.009973777000000001,0.0020675599998867256,0.42048363547263623,0.650645219911814,1.256274977265206,-0.1551117946698962,-0.0849541180223364,0.14397892312129235,0.42052475201983125,0.6507401650224357,1.255779228389033,-0.15308272915499294,-0.08379528820063653,0.14236034984032142,0.18474449652188077,2.534299051183262,1.3730936785970225,1,1,0,0.0008004349999737315,29,0.0,0.0,8.528862693980769e-05,0.010000000000000002,0.20019124036682198,2.788203065205483,1.3405071274025575,-0.015446743844941225,-0.25390401402222107,0.03258655119446501,0.18474449652188077,2.534299051183262,1.3730936785970225,False,False,False
1790735236.6563442,TRACK,0.009959851,0.00212005000003046,0.41909270997684533,0.6498853114302143,1.2575635641682705,-0.15408987221856094,-0.08390278057005157,0.14238806754763467,0.41899803356417603,0.6499062905781964,1.25719502698901,-0.15349170366398904,-0.0836511844382404,0.1419397698480204,0.15621578165653627,2.5113991884545444,1.3720197478322416,1,1,0,0.000824110000166911,29,0.0,0.0,9.226961960342062e-05,0.010000000000000002,0.2015696879588706,2.7865120664909124,1.3402429402089555,-0.04535390630233433,-0.2751128780363679,0.03177680762328599,0.15621578165653627,2.5113991884545444,1.3720197478322416,False,False,False
1790735236.66644,TRACK,0.010095931,0.002479805000120905,0.41747350448025156,0.6490052388336416,1.259056914629551,-0.15491673678162127,-0.08430096588070561,0.1428026007286218,0.41744630244240627,0.6490625094088762,1.2586258622005075,-0.15390549735461664,-0.08350081318783899,0.14150705371874991,0.1687876526077871,2.5182565664929646,1.3712022743229606,1,1,0,0.000954228999944462,29,0.0,0.0,8.751113830007507e-05,0.010000000000000002,0.2029676468851316,2.7848014656625346,1.3399761967002324,-0.03417999427734451,-0.26654489916957014,0.031226077622728318,0.1687876526077871,2.5182565664929646,1.3712022743229606,False,False,False
1790735236.6763468,TRACK,0.009906168,0.0019216320001760323,0.41583905752090633,0.6481164351120192,1.2605600269805288,-0.1560878422885735,-0.0846845042296133,0.14304476955832365,0.41591968085313563,0.6482360846173623,1.2600255258865265,-0.15431074922615537,-0.08334903648782678,0.14107618881762904,0.19077744181379153,2.5319799273602883,1.3716809550867304,1,1,0,0.0007714900000337366,29,0.0,0.0,8.309343574824159e-05,0.010000000000000002,0.20433996251013525,2.7831265515910215,1.3397155180850975,-0.013562520696343722,-0.2511466242307332,0.03196543700163283,0.19077744181379153,2.5319799273602883,1.3716809550867304,False,False,False
1790735236.686365,TRACK,0.010018052000000001,0.0019088079998255125,0.41427906298218264,0.6472753365394617,1.2619810213387552,-0.15554650062022818,-0.0832463807531989,0.14081208663511813,0.41437173815472045,0.6474018763459931,1.2614366253964575,-0.15471979620314275,-0.08319125705166293,0.14063409979544422,0.1835236566989957,2.522036051817137,1.3720530589811832,1,1,0,0.0007652589999906922,29,0.0,0.0,8.64309431912959e-05,0.010000000000000002,0.20572838410974034,2.781436390119414,1.339452974980188,-0.022204727410744637,-0.2594003383022766,0.03260008400099528,0.1835236566989957,2.522036051817137,1.3720530589811832,False,False,False
1790735236.6963706,TRACK,0.01000614,0.002797110000074099,0.41272757399191295,0.6464496821967103,1.2633791770696003,-0.15490835987134727,-0.08225660564188446,0.1393451911297431,0.41282154947472505,0.6465702594703928,1.262841593993315,-0.1551275596320905,-0.08302933471797208,0.14018612487673096,0.17392787898541678,2.5111643059297193,1.3711500728752928,1,1,0,0.0014603039999201428,29,0.0,0.0,8.840067683983976e-05,0.010000000000000002,0.2071157327754507,2.7797520323590974,1.3391918487937875,-0.033187853790033923,-0.26858772642937795,0.03195822408150533,0.17392787898541678,2.5111643059297193,1.3711500728752928,False,False,False
1790735236.706466,TRACK,0.010095228000000001,0.002317527000059272,0.4111016426056002,0.6455872412768162,1.2648400152969383,-0.15500775771008965,-0.08234217318844206,0.13929972567289925,0.4112534282738498,0.6457329025350264,1.2642544961459674,-0.15553813367004488,-0.08286155871962161,0.13972763784065922,0.17952328596163253,2.5135256527441125,1.3702218299217126,1,1,0,0.0009366250001221488,29,0.0,0.0,8.630920618366797e-05,0.010000000000000002,0.20851598738401908,2.7780566339671813,1.338929537978495,-0.028992701422386545,-0.2645309812230687,0.03129229194321776,0.17952328596163253,2.5135256527441125,1.3702218299217126,False,False,False
1790735236.716362,TRACK,0.009896391000000001,0.0023992120000002615,0.409549978381329,0.6447627786951191,1.2662326021882029,-0.15524261385548876,-0.08240476069504761,0.1390073890369807,0.4097121738646677,0.644913703704656,1.2656350453661687,-0.15593980313497496,-0.0826928234290107,0.13927190465874895,0.18167106851395567,2.5141755127055956,1.3701562215917165,1,1,0,0.0009989239999868005,29,0.0,0.0,8.586271570280511e-05,0.010000000000000002,0.2098889216935136,2.7763979796762435,1.3386738742816457,-0.02821785317955795,-0.2622224669706478,0.03148234731007081,0.18167106851395567,2.5141755127055956,1.3701562215917165,False,False,False
1790735236.7264123,TRACK,0.010050343,0.0021947029999864753,0.40799647836584096,0.6439409170552821,1.2676178838539638,-0.1554439218444565,-0.08191953902942854,0.13801983097149934,0.408142879082579,0.6440834910203126,1.2670324246022069,-0.15634686234879291,-0.08251729157956732,0.13880300488957226,0.1790272668022353,2.50907820202495,1.3700926698748377,1,1,0,0.0009278479999466072,29,0.0,0.0,8.688989920352567e-05,0.010000000000000002,0.21128360225737744,2.7747174071456735,1.338415543581233,-0.03225633545514213,-0.2656392051207236,0.03167712629360469,0.1790272668022353,2.50907820202495,1.3700926698748377,False,False,False
1790735236.7364452,TRACK,0.010032500000000001,0.0021683829997982684,0.406440020575185,0.6431236136272727,1.2689942047544616,-0.15588066741008913,-0.0816876527697957,0.13745520198234729,0.4065722945604222,0.6432565328204831,1.268422592242873,-0.1567523222161247,-0.08233786429753173,0.1383288207439199,0.17880584067982003,2.5055899474741086,1.3696787255640848,1,1,0,0.0008818310000151541,29,0.0,0.0,8.715590207973586e-05,0.010000000000000002,0.21267626440357557,2.7730440695749072,1.3381588736651913,-0.03387042372375553,-0.26745412210079866,0.03151985189889341,0.17880584067982003,2.5055899474741086,1.3696787255640848,False,False,False
1790735236.7465978,TRACK,0.010152989000000001,0.0025085709999075334,0.4050346077549394,0.6423882662194185,1.270230397283533,-0.1564055551041955,-0.08179956184169104,0.13734910153009938,0.4049787107395239,0.6424214973656632,1.269824580743423,-0.1571617469031382,-0.08215197830975772,0.13784269302821558,0.16006851524508175,2.4899895345007286,1.3686099519976955,1,1,0,0.000955080000039743,29,0.0,0.0,9.218823319444931e-05,0.010000000000000002,0.21408608649905794,2.771355070763537,1.3379003649222876,-0.05401757125397618,-0.28136553626280864,0.030709587075408024,0.16006851524508175,2.4899895345007286,1.3686099519976955,False,False,False
1790735236.7563972,TRACK,0.009800347000000001,0.002519953000046371,0.40346392560671784,0.6415669200677243,1.2716069636717364,-0.15811502180360618,-0.08281161546946031,0.1384021823208943,0.40343653809842667,0.6416172756217028,1.2711731630674026,-0.1575560755855382,-0.08196841896268227,0.1373674623229303,0.177503451884305,2.50123602597027,1.3684855442827457,1,1,0,0.0009460330002184492,29,0.0,0.0,8.689155020160969e-05,0.010000000000000002,0.21544732629917335,2.769729073384261,1.3376520415333966,-0.037943874414868364,-0.26849304741399144,0.030833502749349068,0.177503451884305,2.50123602597027,1.3684855442827457,False,False,False
1790735236.7663803,TRACK,0.009982223,0.002556861999892135,0.40187244381314624,0.6407333733461158,1.272996077981249,-0.15975983407711578,-0.08346777036575734,0.13886607462428086,0.40186177727058336,0.6407999991530938,1.2725419545632093,-0.1579568257033403,-0.08177725938822142,0.13687734021672435,0.1938131352215476,2.5115779763275903,1.3693905446198336,1,1,0,0.0009218269999564654,29,0.0,0.0,8.414581877928569e-05,0.010000000000000002,0.21683418698480547,2.768077388253598,1.3374003483220387,-0.02302105176325785,-0.2564994119260078,0.031990196297794794,0.1938131352215476,2.5115779763275903,1.3693905446198336,False,False,False
1790735236.776315,TRACK,0.009934303,0.0022831620001397823,0.40027121468162097,0.6399020245231899,1.2743787074109347,-0.16012294480069333,-0.0825501198083698,0.13739138311529506,0.40029060903867897,0.6399885615278574,1.2738992874217332,-0.15835474133061447,-0.08158279238440136,0.13638346180055477,0.19722195721533453,2.509211620294009,1.3699888265899007,1,1,0,0.0009352130000479519,29,0.0,0.0,8.46594496929891e-05,0.010000000000000002,0.218214719959394,2.766438235916457,1.3371511244245315,-0.020992762744059475,-0.257226615622448,0.032837702165369284,0.19722195721533453,2.509211620294009,1.3699888265899007,False,False,False
1790735236.7863739,TRACK,0.0100589,0.0022647959999630984,0.3986714547242025,0.6390831127678691,1.2757434821702445,-0.15974443424619403,-0.08143865151576737,0.13586124792694004,0.3986957120564966,0.6391689367733571,1.2752686138438427,-0.1587567092951911,-0.08138156793509058,0.1358771535015176,0.19042159175360138,2.4994291427893445,1.3692993282640196,1,1,0,0.0009079199999177945,29,0.0,0.0,8.688312980143902e-05,0.010000000000000002,0.21961287281437253,2.764783315557095,1.3369000771509498,-0.029191281060771162,-0.26535417276775064,0.03239925111306968,0.19042159175360138,2.4994291427893445,1.3692993282640196,False,False,False
1790735236.7963428,TRACK,0.009969649,0.0026738649999060726,0.3970752604741614,0.6382709719152775,1.2770988499996,-0.15961766899800117,-0.08128941929284648,0.1355660723940099,0.3971109813484833,0.6383586031901087,1.2766207340691738,-0.15915416634593876,-0.08117781754792315,0.13536912056279476,0.18843827468793833,2.4963143696180525,1.368246194581381,1,1,0,0.0009351629998946009,29,0.0,0.0,8.671240981044702e-05,0.010000000000000002,0.22099889299372663,2.763147946089461,1.336652571057834,-0.032560618305788304,-0.2668335764714086,0.03159362352354697,0.18843827468793833,2.4963143696180525,1.368246194581381,False,False,False
1790735236.806329,TRACK,0.00998543,0.002226743999926839,0.3953977989952788,0.6374164140970535,1.2785224544989866,-0.15996118767567405,-0.08147304458815097,0.13554509163257802,0.39551977499782637,0.6375490446395753,1.2779698865630211,-0.15955129753387323,-0.08096941858403024,0.13485405361415875,0.20017335795037558,2.5040575949841113,1.3681255232740714,1,1,0,0.0009067379999123659,29,0.0,0.0,8.330964444839344e-05,0.010000000000000002,0.22238734948328423,2.7615149563255024,1.3364060047098703,-0.022213991532908654,-0.257457361341391,0.03171951856420128,0.20017335795037558,2.5040575949841113,1.3681255232740714,False,False,False
1790735236.8163786,TRACK,0.010049372,0.002301055000089036,0.39379790057682573,0.6366046087527053,1.279872299030349,-0.15984781096494902,-0.08066487214686939,0.13416030744263102,0.3939143805044432,0.6367364250579196,1.2793224540520811,-0.15994999400070822,-0.08075529001572959,0.13432936756348968,0.19593467601036904,2.4978201773608806,1.368221741176912,1,1,0,0.0009273170001051767,29,0.0,0.0,8.525244301603689e-05,0.010000000000000002,0.22378491167183767,2.7598766431263946,1.3361592257331139,-0.027850235661468627,-0.26205646576551395,0.032062515443798054,0.19593467601036904,2.4978201773608806,1.368221741176912,False,False,False
1790735236.826475,TRACK,0.010096621,0.002235160000054748,0.3923597125867788,0.6358825564006292,1.2810736359648907,-0.15982741981688273,-0.08000598182517622,0.13310693272200594,0.3922974080321485,0.635922174334043,1.2806760385816087,-0.16034956418409976,-0.08053569007092895,0.13379580233445437,0.17213291101122496,2.476982967880576,1.3670038938134608,1,1,0,0.0009010270000544551,29,0.0,0.0,9.137135335977467e-05,0.010000000000000002,0.22518923102970298,2.7582359290569958,1.3359126880153365,-0.053056320018478015,-0.2812529611764196,0.031091205798124327,0.17213291101122496,2.476982967880576,1.3670038938134608,False,False,False
1790735236.8363638,TRACK,0.009888896000000001,0.0018382739999651676,0.3905946146093511,0.6349996070784911,1.2825405943417252,-0.16156811562009654,-0.08108846746433294,0.13429573753710788,0.3907097969229238,0.6351268467309277,1.2819965216279763,-0.1607399286642535,-0.08031624661489711,0.13326695859149557,0.20733414695173943,2.501600520229076,1.3675510446666055,1,1,0,0.0007379559999662888,28,0.0,0.0,9.978420471948567e-05,0.010000000000000002,0.2265648097086388,2.756634234919067,1.3356726048802574,-0.019230662756899365,-0.2550337146899908,0.031878439786348065,0.20733414695173943,2.501600520229076,1.3675510446666055,False,False,False
1790735236.8463635,TRACK,0.009999357,0.0018213910000213218,0.3889758871067892,0.6341889931190163,1.2838811709081046,-0.1616147855811975,-0.08046764476649111,0.13314261963692167,0.3891005316671163,0.6343248636639406,1.283326405645143,-0.1611336496701333,-0.08008993948316215,0.13272588679865416,0.20693840814177047,2.498064192524516,1.367545051581923,1,1,0,0.0007446889999300765,29,0.0,0.0,8.268884256479002e-05,0.010000000000000002,0.22795587654034524,2.755020060855069,1.3354312517635285,-0.02101746839857478,-0.2569558683305529,0.032113799818394455,0.20693840814177047,2.498064192524516,1.367545051581923,False,False,False
1790735236.8563628,TRACK,0.009999466,0.001824476999900071,0.3873624493404355,0.6333916130815318,1.2852018052912442,-0.1611075193628687,-0.07918125864458547,0.13122879120949,0.3874873169483413,0.6335251571003717,1.2846508618151138,-0.16152635268890295,-0.07985916909581305,0.13217842735487328,0.1984622352071095,2.487265482084278,1.367220341072048,1,1,0,0.0007461220000095636,29,0.0,0.0,8.592132399902893e-05,0.010000000000000002,0.22934705218969534,2.7534114257474607,1.3351913365537236,-0.03088481698258583,-0.2661459436631828,0.03202900451832449,0.1984622352071095,2.487265482084278,1.367220341072048,False,False,False
1790735236.8664207,TRACK,0.010057878000000001,0.001812414000141871,0.38567157643649974,0.6325641213385449,1.2865735921340402,-0.16112703963007002,-0.07882351849473027,0.13055817718600182,0.38586072255152604,0.6327231295681911,1.2859775000267026,-0.16192030546003708,-0.07962252656555253,0.13162130594844568,0.20335453042734458,2.4878586025316913,1.3666697997816526,1,1,0,0.0007455599998138496,29,0.0,0.0,8.427484204518896e-05,0.010000000000000002,0.23074641883367242,2.7517991166403735,1.334951494305917,-0.027391888406327822,-0.26394051410868224,0.03171830547573551,0.20335453042734458,2.4878586025316913,1.3666697997816526,False,False,False
1790735236.8763137,TRACK,0.009892944,0.0019371210000826977,0.3841405924723196,0.631815037962447,1.2878127063212608,-0.16111524788233914,-0.07883845585281829,0.1302536833494734,0.3842569415814944,0.6319365980852392,1.2872768854342502,-0.16230676368939131,-0.07938531481552033,0.13106697078914212,0.19418248221046977,2.480997268143919,1.3660777840973406,1,1,0,0.0007695570000123553,29,0.0,0.0,8.648642088070176e-05,0.010000000000000002,0.232122871780795,2.750218961364482,1.3347170484165132,-0.037940389570325216,-0.26922169322056294,0.03136073568082742,0.19418248221046977,2.480997268143919,1.3660777840973406,False,False,False
1790735236.8863714,TRACK,0.010057767,0.0019197589999748743,0.3824458983166332,0.6309867324021621,1.2891792641941686,-0.16188139711023392,-0.07900505191021318,0.13014771286495566,0.38262252658520757,0.63113939088796,1.2885922652500528,-0.1626985961103494,-0.07913960307348082,0.1304969186162292,0.2062761946673045,2.487906832379765,1.3661219667654338,1,1,0,0.0007881620001626288,29,0.0,0.0,8.294630553449292e-05,0.010000000000000002,0.23352226200599693,2.748618407396705,1.3344802053833693,-0.027246067338692434,-0.26071157501694003,0.03164176138206448,0.2062761946673045,2.487906832379765,1.3661219667654338,False,False,False
1790735236.8964326,TRACK,0.010061194,0.0017625689999931637,0.3808240809342971,0.6301983435052563,1.2904769294797518,-0.1622659571833578,-0.07848903125087923,0.1291774028883268,0.38098361717419804,0.6303444078096905,1.2899023238772969,-0.16308947518359826,-0.078889195605812,0.1299201077074144,0.2056987403564511,2.4840610867765576,1.3661496442358063,1,1,0,0.0007196809999641118,29,0.0,0.0,8.428894717604185e-05,0.010000000000000002,0.23492210385695023,2.74702340781072,1.3342448252172137,-0.02922336350049912,-0.26296232103416234,0.031904819018592614,0.2056987403564511,2.4840610867765576,1.3661496442358063,False,False,False
1790735236.9064357,TRACK,0.010003284000000001,0.0019529819999206666,0.3792004425935511,0.6294166163064041,1.291763322321156,-0.16246938533848604,-0.07797798848797775,0.12827868976984272,0.3793502475953388,0.6295565211832701,1.291199055972337,-0.16347701375388538,-0.07863563229251608,0.1293400816917133,0.2039019277961205,2.4793595237701718,1.3657498430327621,1,1,0,0.0007609799999954703,29,0.0,0.0,8.488532262671754e-05,0.010000000000000002,0.23631383388195118,2.7454437570415395,1.3340123517672091,-0.03241190608583066,-0.26608423327136765,0.031737491265553065,0.2039019277961205,2.4793595237701718,1.3657498430327621,False,False,False
1790735236.9163675,TRACK,0.009931577,0.0019830390001516207,0.37765524670184814,0.6286768735675032,1.2929795213735442,-0.16284792980524643,-0.07787837130222398,0.1279131868945217,0.37772475690904395,0.6287768143291297,1.2924807205225997,-0.1638606856337711,-0.07837932823387504,0.12875774156909647,0.19651697381053307,2.471991361413175,1.3650079364427148,1,1,0,0.0007881020001150318,29,0.0,0.0,8.675959453894289e-05,0.010000000000000002,0.2376955045387732,2.7438816330805955,1.333783096674974,-0.04117853072824011,-0.2718902716674207,0.031224839767740892,0.19651697381053307,2.471991361413175,1.3650079364427148,False,False,False
1790735236.9263074,TRACK,0.009939933,0.0018896110000241606,0.376104129699784,0.6279359157865567,1.2941949134027873,-0.16381870448081698,-0.07824473573907861,0.12811477899814916,0.3760940887772799,0.6279990228733604,1.2937576403668278,-0.16424358144336335,-0.07811823728372892,0.12816842927425295,0.19493092461913658,2.4694317167888946,1.3644627069451727,1,1,0,0.0007708790001288435,29,0.0,0.0,8.689168152948216e-05,0.010000000000000002,0.23907822611072801,2.742324502352954,1.3335552179559726,-0.04414730149159142,-0.2728927855640593,0.03090748898920006,0.19493092461913658,2.4694317167888946,1.3644627069451727,False,False,False
1790735236.9363642,TRACK,0.010056696,0.0018967640000937536,0.3743753827137324,0.6271110873517038,1.2955423656038132,-0.1654585420024919,-0.07883349711508907,0.12850892971686972,0.37444039779760535,0.6272147592440611,1.2950435656751593,-0.1646298396495711,-0.07784945702942812,0.1275656553427884,0.21698979583383163,2.4834537198542503,1.3651653189354556,1,1,0,0.0007688650000545749,29,0.0,0.0,8.165618925015898e-05,0.010000000000000002,0.24047669599888605,2.7407547812951205,1.333326509244504,-0.023486900165054427,-0.2573010614408702,0.03183880969095176,0.21698979583383163,2.4834537198542503,1.3651653189354556,False,False,False
1790735236.9463656,TRACK,0.01000151,0.0018265410001276905,0.3727171694846474,0.6263248731107858,1.2968227893241897,-0.16578380041279606,-0.0780863967827305,0.12722718166319247,0.37279193465868554,0.6264375022423654,1.2963163912053444,-0.16501281782543267,-0.077577743181834,0.12695999145746295,0.21880437445418532,2.4811669959444447,1.3657237913857654,1,1,0,0.0007451100000253064,29,0.0,0.0,8.282909270682997e-05,0.010000000000000002,0.24186708897049516,2.739199758858797,1.3331008475142212,-0.02306271451630984,-0.25803276291435234,0.03262294387154422,0.21880437445418532,2.4811669959444447,1.3657237913857654,False,False,False
1790735236.9563744,TRACK,0.010008735000000001,0.0019683109999277804,0.37114345200113075,0.6255885294825525,1.2980235935012958,-0.16550284244469382,-0.07709337269801052,0.12581946746267642,0.3711384520325594,0.6256624262404337,1.2975840412331918,-0.16539489936642734,-0.07730143443133779,0.12634771804220543,0.20408574365349968,2.4665968468971267,1.3648481925070248,1,1,0,0.0007429459999457322,29,0.0,0.0,8.672799214283546e-05,0.010000000000000002,0.2432582866636804,2.7376503547980793,1.3328766841648176,-0.03917254301018073,-0.27105350790095245,0.03197150834220725,0.20408574365349968,2.4665968468971267,1.3648481925070248,False,False,False
1790735236.9665952,TRACK,0.01022177,0.0018931879999399825,0.36956975675065973,0.6248574612593334,1.2992169340089488,-0.16605411925684876,-0.07720499781610013,0.12586937612451002,0.36944583427391875,0.6248737303859253,1.2988723155091995,-0.16578388827718768,-0.07701468030534392,0.12571601665383692,0.19359247847578454,2.4571045658773234,1.3633832119040696,1,1,0,0.0007524749998992775,29,0.0,0.0,8.867065961435226e-05,0.010000000000000002,0.24467886032935646,2.736075053080228,1.3326494863710039,-0.05108638185357191,-0.27897048720290446,0.030733725533065696,0.19359247847578454,2.4571045658773234,1.3633832119040696,False,False,False
1790735236.9763613,TRACK,0.00976522,0.0018737310001597507,0.3677331867946547,0.62400213257974,1.3006078539163841,-0.16805718055410368,-0.07843407654341707,0.1271267343151302,0.3678251084558575,0.6241230203485322,1.3000969887252096,-0.16615433392587683,-0.07673640502027991,0.12510647174421857,0.23598767629888226,2.4878097627933338,1.3647600514056646,1,1,0,0.0007271160000072996,28,0.0,0.0,9.550616393853533e-05,0.010000000000000002,0.2460357351046802,2.7345769082131346,1.3324340956347407,-0.010048058805797932,-0.24676714541980105,0.03232595577092393,0.23598767629888226,2.4878097627933338,1.3647600514056646,False,False,False
1790735236.9863634,TRACK,0.010002092,0.0018504060001305334,0.366051122658555,0.623220988212422,1.3018726430532936,-0.1676457763217914,-0.07705136065388521,0.12499864561939325,0.36616132494108733,0.6233569395018345,1.3013451672640137,-0.16653256781664572,-0.0764469732156089,0.12447598258871582,0.23224726763744716,2.481431717085054,1.3656112404885188,1,1,0,0.0007400009999400936,28,0.0,0.0,9.871923403911072e-05,0.010000000000000002,0.247425242576731,2.7330494238432097,1.3322151815564278,-0.01517797493928385,-0.25161770675815553,0.03339605893209102,0.23224726763744716,2.481431717085054,1.3656112404885188,False,False,False
1790735236.9963627,TRACK,0.009999176,0.0018540130001838406,0.36438097635690614,0.6224618362302081,1.3031077950155296,-0.16650618985088994,-0.07511212936013023,0.12251104572546118,0.364494251119763,0.6225939980313601,1.3025866472166416,-0.166909466929125,-0.07615314704274746,0.12383942558320607,0.2168014934453502,2.4630249012316368,1.3639146888116045,1,1,0,0.0007671920000120735,29,0.0,0.0,8.421573037796409e-05,0.010000000000000002,0.24881403345474837,2.7315295826167683,1.3319980727383673,-0.03201254000939814,-0.2685046813851317,0.03191661607323715,0.2168014934453502,2.4630249012316368,1.3639146888116045,False,False,False
1790735237.0063488,TRACK,0.009986281000000001,0.001845236000008299,0.36271765296941094,0.6217134610167303,1.304329129800231,-0.16639707730146175,-0.07506827666668436,0.12229112317643794,0.3628255719328798,0.6218349952094809,1.3038201421552413,-0.16728464479803845,-0.07585520881983664,0.12319742883082614,0.2135131475666288,2.459425263751419,1.3626699815656276,1,1,0,0.0007504899999730696,29,0.0,0.0,8.498212029465388e-05,0.010000000000000002,0.2502006947958873,2.730019002003828,1.3317830023360406,-0.0366875472292585,-0.2705937382524093,0.030886979229586917,0.2135131475666288,2.459425263751419,1.3626699815656276,False,False,False
1790735237.016385,TRACK,0.010036116000000001,0.0018460280000454077,0.3609676038132976,0.6209217007612242,1.3056152421557208,-0.16702239385854298,-0.07569530616905383,0.12259189412611776,0.3611447970214299,0.6210752250475478,1.3050533017584318,-0.1676604379305981,-0.07555124035075905,0.12254590261530958,0.22758419800142865,2.471658778832103,1.3636133716772636,1,1,0,0.0007484860000204208,28,0.0,0.0,9.924250775003837e-05,0.010000000000000002,0.25159390739566995,2.728508353042928,1.331568649933516,-0.024009709394241283,-0.256849574210825,0.032044721743747506,0.22758419800142865,2.471658778832103,1.3636133716772636,False,False,False
1790735237.0264592,TRACK,0.010074340000000001,0.0018787599999541271,0.3592951776204254,0.6201658876056797,1.3068374165606222,-0.16722425861854967,-0.07506152685092218,0.12143042434812107,0.3594538339905916,0.6203156524413066,1.3062845496537294,-0.16803638147038685,-0.07524151143743578,0.12188549490120042,0.22559412059357123,2.4675578979956145,1.3638021478246731,1,1,0,0.0007518429999890941,28,0.0,0.0,9.988913841775812e-05,0.010000000000000002,0.25299202657475817,2.7269996032715773,1.3313553081959464,-0.027397905981186937,-0.2594417052759628,0.03244683962872671,0.22559412059357123,2.4675578979956145,1.3638021478246731,False,False,False
1790735237.0363724,TRACK,0.009913082,0.0023260029997800302,0.35770632737083563,0.6194582263049178,1.3079836489840817,-0.16730439885418555,-0.07406924634246426,0.12008878326128883,0.35778624724080105,0.6195713064816923,1.307489563641191,-0.16840504151105382,-0.07493221753338813,0.1212293773030538,0.21353164094471172,2.4528374365556656,1.3621676169457926,1,1,0,0.0007916080000995862,29,0.0,0.0,8.482112698386268e-05,0.010000000000000002,0.254367348286712,2.725522606918136,1.331147188750822,-0.04083570734200026,-0.27268517036247036,0.031020428194970702,0.21353164094471172,2.4528374365556656,1.3621676169457926,False,False,False
1790735237.046366,TRACK,0.009993766000000001,0.0018478019999292883,0.3560293138417352,0.61871823683685,1.3091827098249746,-0.1682425133749585,-0.07429554333645015,0.12009635941662777,0.356101394855978,0.6188240284932403,1.308697770121653,-0.16877541787248304,-0.0746158435838562,0.12056159112391693,0.2193338881472163,2.4548010038724577,1.361735024393512,1,1,0,0.0007561309998891375,29,0.0,0.0,8.401991942844058e-05,0.010000000000000002,0.2557534170659041,2.724041343189175,1.3309392107655051,-0.03641952891868779,-0.2692403393167175,0.030795813628006888,0.2193338881472163,2.4548010038724577,1.361735024393512,False,False,False
1790735237.0563748,TRACK,0.010008924,0.0018341659999805415,0.3543417086288452,0.6179726291863368,1.3103844136115637,-0.16915102346245373,-0.07470909151442177,0.12010881296595272,0.35441028361861515,0.6180788090950652,1.309901088308013,-0.16914505027850885,-0.07429437664159634,0.11988640170414448,0.22682206512427383,2.4603797492545816,1.3623690503861072,1,1,0,0.0007465630001206591,29,0.0,0.0,8.219726663385844e-05,0.010000000000000002,0.2571411113429913,2.722565757144092,1.3307327850796986,-0.030319046218717456,-0.26218600788951063,0.031636265306408604,0.22682206512427383,2.4603797492545816,1.3623690503861072,False,False,False
1790735237.066397,TRACK,0.010022401,0.002234669000017675,0.3527320259725739,0.6172639292356301,1.3115220257676796,-0.16961978447170586,-0.07432997943126934,0.11926304868206869,0.3527131948189062,0.6173358335616584,1.3110992229952505,-0.16951385761422874,-0.07396782919222346,0.11920387295561516,0.2196666676792166,2.4533506951099766,1.3624214960878331,1,1,0,0.0008292210000035993,29,0.0,0.0,8.444053974391097e-05,0.010000000000000002,0.2585301688553613,2.7210962531997582,1.33052797527795,-0.03886350117614469,-0.2677455580897815,0.031893520809883225,0.2196666676792166,2.4533506951099766,1.3624214960878331,False,False,False
1790735237.0763834,TRACK,0.00998565,0.0018099189999247756,0.3509462944460635,0.6164860113256427,1.3127701043810642,-0.17063992006457415,-0.0740430219701393,0.11874198097199298,0.35101865965754614,0.6165988604559547,1.3122861291816401,-0.16987998280207797,-0.073637832342485,0.11851742588557318,0.23658357369805533,2.4616537808348227,1.362946455311801,1,1,0,0.0007300620000023628,28,0.0,0.0,9.932917473748153e-05,0.010000000000000002,0.25991360311986184,2.7196402903958727,1.3303258219952174,-0.023330029421806522,-0.25798650956104996,0.032620633316583394,0.23658357369805533,2.4616537808348227,1.362946455311801,False,False,False
1790735237.086383,TRACK,0.009999928,0.0018895509999765636,0.3492386528724749,0.615748167067439,1.3139532851763676,-0.17061697417115568,-0.07339673066984857,0.11777879278650656,0.34931804442240977,0.6158641592116801,1.3134678309483288,-0.1702452879241451,-0.07330269383436752,0.11782355237070871,0.23540459746133985,2.4578255569535123,1.3624945414184502,1,1,0,0.0007275660000232165,28,0.0,0.0,9.987233098672584e-05,0.010000000000000002,0.2612984588579294,2.7181905241504514,1.3301253065717977,-0.02589386139658956,-0.2603649671969392,0.032369234846652536,0.23540459746133985,2.4578255569535123,1.3624945414184502,False,False,False
1790735237.0963624,TRACK,0.009979058,0.0018058919999930367,0.3475337018220559,0.6150183998338594,1.3151250864413564,-0.1704127445405494,-0.07267823880771943,0.11672303296243666,0.34761734354763246,0.6151343555261862,1.314640117314612,-0.17060847696938913,-0.07296357473986516,0.11712467583777876,0.2310505182280561,2.450843420628354,1.3612326222574627,1,1,0,0.0007474250000996108,29,0.0,0.0,8.213332378197375e-05,0.010000000000000002,0.2626798426010684,2.7167521653764157,1.3299271526372287,-0.0316293243730123,-0.2659087447480621,0.03130546962023389,0.2310505182280561,2.450843420628354,1.3612326222574627,False,False,False
1790735237.1063616,TRACK,0.009999466,0.001800029999913022,0.3458290104508519,0.6142938188801548,1.3162881799366772,-0.1706040407721601,-0.07240948156572505,0.11605204376450992,0.34590953602157404,0.6144064773289907,1.3158077731774527,-0.17097103894604224,-0.07261905108273936,0.11641788403770482,0.23075032917169475,2.449011396862429,1.3609990763146103,1,1,0,0.0007441979998930037,29,0.0,0.0,8.294452427016695e-05,0.010000000000000002,0.2640634420198747,2.715319388150923,1.329730561223042,-0.03331311284817996,-0.2663079912884937,0.031268515091568354,0.23075032917169475,2.449011396862429,1.3609990763146103,False,False,False
1790735237.1163647,TRACK,0.010003584000000001,0.0018855840000924218,0.3441206447473375,0.6135700965244997,1.317445966229294,-0.17107597909539599,-0.07234748143311652,0.11554224434891627,0.3441974044346666,0.613681770245522,1.3169688054182223,-0.17133236472467264,-0.07226964519822991,0.11570428268411288,0.23340722653130488,2.450043921415034,1.361257094787725,1,1,0,0.0007688150001285976,29,0.0,0.0,8.208592039308865e-05,0.010000000000000002,0.2654469745595436,2.713894683211843,1.3295358807090523,-0.0320397480282387,-0.26385076179680905,0.0317212140786726,0.23340722653130488,2.450043921415034,1.361257094787725,False,False,False
1790735237.1263623,TRACK,0.009996822,0.0017996890001086285,0.3424072046758946,0.6128479871186023,1.318597802400416,-0.171574286615028,-0.07203058820476343,0.11481941396412376,0.3424828262650291,0.6129610685715753,1.3181218888616728,-0.17169204841875516,-0.0719157174075885,0.1149846286700084,0.2360506745973643,2.449707856659388,1.361351383098774,1,1,0,0.000746032000051855,29,0.0,0.0,8.178305098706688e-05,0.010000000000000002,0.2668289095802477,2.712479722518728,1.3293433429213721,-0.030778234982883384,-0.2627718658593401,0.03200804017740184,0.2360506745973643,2.449707856659388,1.361351383098774,False,False,False
1790735237.136363,TRACK,0.01000089,0.0018256900000324094,0.34068914383029547,0.6121302350572488,1.3197415273796347,-0.17198695845076423,-0.07154378074396608,0.11398343869310339,0.3407639595412315,0.6122436378217958,1.3192682101102635,-0.17205046678175026,-0.07155686463024293,0.1142581232085439,0.23754683441939045,2.4476184527340727,1.3611063282446618,1,1,0,0.0007457209999301995,29,0.0,0.0,8.191016361524911e-05,0.010000000000000002,0.2682107184627425,2.7110730961917517,1.3291527593582828,-0.030663884043352067,-0.2634546434576789,0.031953568886378916,0.23754683441939045,2.4476184527340727,1.3611063282446618,False,False,False
1790735237.1463451,TRACK,0.009982634,0.001964324000027773,0.33896739855071,0.6114171843801923,1.320877220198863,-0.1723252217422702,-0.07113620398127121,0.11324563681368878,0.33904466289624147,0.6115311196292493,1.32040516024027,-0.17240680922233437,-0.07119387903956909,0.11352638359950172,0.2389444119917583,2.4459038343988664,1.3607745556266246,1,1,0,0.000749688000041715,29,0.0,0.0,8.185770347768213e-05,0.010000000000000002,0.26958919342861287,2.7096778171374187,1.3289645987445895,-0.030644781436854576,-0.2637739827385523,0.03180995688203512,0.2389444119917583,2.4459038343988664,1.3607745556266246,False,False,False
1790735237.1564054,TRACK,0.010059652,0.0018257790000006935,0.33724253590125475,0.6107076628741659,1.322005963940148,-0.17262163406784364,-0.0708089411811314,0.11255730793946556,0.33730851032344894,0.610816793332863,1.3215434605127216,-0.17276444223819978,-0.07082346241368984,0.1127826570962076,0.23877106162776124,2.4438058519397945,1.3605066434937703,1,1,0,0.0007554900000741327,29,0.0,0.0,8.201508954427653e-05,0.010000000000000002,0.27097678757434673,2.7082791787278606,1.3287772896761982,-0.03220572594658548,-0.26447332678806607,0.03172935381757205,0.23877106162776124,2.4438058519397945,1.3605066434937703,False,False,False
1790735237.1663635,TRACK,0.009958408,0.0018147389998830477,0.3356873339531772,0.6100716405002569,1.3230161452363145,-0.17297863715120684,-0.07056589738216469,0.11198323890480455,0.3355862947768066,0.6101133486930732,1.3226629050444725,-0.1731170148531569,-0.0704523233195185,0.11204032588575846,0.22233046408192836,2.4310187702793744,1.3596230367035638,1,1,0,0.0007453609998719912,29,0.0,0.0,8.593035560720679e-05,0.010000000000000002,0.2723496538471615,2.7069038587035776,1.3285939602749688,-0.05001918976523313,-0.2758850884242034,0.031029076428595082,0.22233046408192836,2.4310187702793744,1.3596230367035638,False,False,False
1790735237.176371,TRACK,0.010007562000000001,0.001909299000089959,0.3338625787789278,0.6093292088514559,1.3241926077459834,-0.17484613969276752,-0.07108411629365852,0.11236829905686067,0.33385204876787355,0.6094101776265978,1.3237803972480104,-0.17346984967235893,-0.07007487275084692,0.11128820869301786,0.2475143449749167,2.4468530265059623,1.360423178975596,1,1,0,0.000746022000157609,28,0.0,0.0,9.821331952961651e-05,0.010000000000000002,0.2737285076710391,2.7055311329093876,1.3284118454735054,-0.026214162696122426,-0.2586781064034252,0.03201133350209053,0.2475143449749167,2.4468530265059623,1.360423178975596,False,False,False
1790735237.186377,TRACK,0.010006179,0.0016580190001604933,0.3321089699546844,0.608618752041119,1.325313831785837,-0.17542388215974164,-0.07061979496919318,0.11147825899075943,0.33211451960831684,0.6087109028535312,1.3248901789465197,-0.17382114068457116,-0.06969296593539114,0.11053004185955795,0.25311881375317646,2.448205010464592,1.3608916039452006,1,1,0,0.0006475850000242644,28,0.0,0.0,9.75053303908661e-05,0.010000000000000002,0.2751063560701686,2.7041681205740695,1.328231900237641,-0.0219875423169921,-0.2559631101094776,0.03265970370755957,0.25311881375317646,2.448205010464592,1.3608916039452006,False,False,False
1790735237.1964025,TRACK,0.010025787000000001,0.0018713659999320953,0.3303560678123718,0.6079187732739832,1.3264198225755255,-0.17508615265180966,-0.06942075237564413,0.10982164060516389,0.3303700677542092,0.6080141131860932,1.32599449570377,-0.174171607013699,-0.06930577054186464,0.10976420012131731,0.2480031871802385,2.440280592483156,1.3604350382467558,1,1,0,0.0007344200000716228,28,0.0,0.0,9.971281814677298e-05,0.010000000000000002,0.2764860630430452,2.7028121094613335,1.3280537731528301,-0.02848287586280667,-0.26253151697817767,0.032381265093925755,0.2480031871802385,2.440280592483156,1.3604350382467558,False,False,False
1790735237.2063763,TRACK,0.009973397,0.0017061609999018401,0.3286935665989281,0.6072632355609375,1.3274576989212532,-0.17499166908750924,-0.06884351506629346,0.10897309035637087,0.3286312529327903,0.6073248387767957,1.3270853929590585,-0.17451872564145987,-0.06891607068477928,0.1089961957320329,0.23610484904784876,2.4286347961578527,1.3587224371405355,1,1,0,0.0006716499999583903,29,0.0,0.0,8.345863247253832e-05,0.010000000000000002,0.2778577007828769,2.701472910739479,1.327878752808299,-0.041752851735028164,-0.27283811458162605,0.030843684332236568,0.23610484904784876,2.4286347961578527,1.3587224371405355,False,False,False
1790735237.2163398,TRACK,0.009963659000000001,0.004153525999981866,0.3269398740400655,0.6065739039792302,1.328547078102532,-0.17592146507948472,-0.06923973864777438,0.10908950149836544,0.32689068658476145,0.6066401408631861,1.3281675459979965,-0.17486398163043337,-0.06852222347061576,0.1082227841370877,0.24486996578167167,2.434613814619531,1.3587489351813355,1,1,0,0.0008955270000114979,29,0.0,0.0,8.1601211955692e-05,0.010000000000000002,0.2792271196680762,2.700144826968585,1.3277060903259648,-0.03435715388640451,-0.2655310123490538,0.03104284485537081,0.24486996578167167,2.434613814619531,1.3587489351813355,False,False,False
1790735237.2263618,TRACK,0.01002247,0.002405113000122583,0.3251744593518344,0.6058793999620935,1.3296379740466255,-0.17695317049393128,-0.0694184378415931,0.10882370507573806,0.3251363836675616,0.6059553833706364,1.329248281002202,-0.17520972533815865,-0.06812146704526545,0.10743858099664094,0.255277330291132,2.4424183495654166,1.3600830560139172,1,1,0,0.0009270670000205428,28,0.0,0.0,9.81163712406151e-05,0.010000000000000002,0.2806037110836017,2.6988189157134794,1.3275346340590144,-0.02532638079246976,-0.25640056614806284,0.0325484219549029,0.255277330291132,2.4424183495654166,1.3600830560139172,False,False,False
1790735237.2363646,TRACK,0.010003054,0.0017739509999046277,0.323491363369226,0.605223542613766,1.3306655664566884,-0.17719018412146417,-0.0684936340544432,0.10742321360174431,0.3233820319410994,0.6052759803507652,1.3303190542908108,-0.17555323531789183,-0.06771688361711159,0.106649652657272,0.24656946860993623,2.431989695338765,1.3594172256245436,1,1,0,0.0006565610001416644,29,0.0,0.0,8.150940549874684e-05,0.010000000000000002,0.28197670172624284,2.697505707710068,1.3273657554495715,-0.03540723311630661,-0.26551601237130273,0.0320514701749722,0.24656946860993623,2.431989695338765,1.3594172256245436,False,False,False
1790735237.2464855,TRACK,0.010119866,0.0025401610000699293,0.3216282266937478,0.604509754173506,1.3317865643581213,-0.17781993894135198,-0.06781148134875187,0.1064838710945144,0.32160370503832925,0.6045927854160068,1.3313942691390999,-0.1758991527557976,-0.06730287671844977,0.10584514534299055,0.2584483438060634,2.4357845403033624,1.3595393811133698,1,1,0,0.0009602600000562234,28,0.0,0.0,9.893377597777712e-05,0.010000000000000002,0.28336475243759374,2.696187593374839,1.3271972080081138,-0.024916408631530322,-0.2604030530714766,0.03234217310525602,0.2584483438060634,2.4357845403033624,1.3595393811133698,False,False,False
1790735237.2563884,TRACK,0.009903113,0.004220933999931731,0.31984814089930946,0.6038334031326826,1.3328480167762633,-0.17791660410499655,-0.0674163949085744,0.1057641240785896,0.3198600862176377,0.6039283024830223,1.3324385416336215,-0.1762360857440292,-0.06689314330841932,0.10505165301263655,0.26197721297218357,2.4363218564248976,1.359295241532662,1,1,0,0.0008791149998614856,28,0.0,0.0,9.742905084274425e-05,0.010000000000000002,0.2847221026255697,2.69490798865402,1.3270345332138156,-0.022744889653386134,-0.2585861322291223,0.032260708318846504,0.26197721297218357,2.4363218564248976,1.359295241532662,False,False,False
1790735237.2663355,TRACK,0.009947117,0.002194792999944184,0.31824851014416833,0.6032293506377044,1.3337954670675716,-0.17752010056941242,-0.06681720064305609,0.104781062120688,0.318105368600562,0.6032649744682126,1.333479512991166,-0.17657293358857387,-0.06647699631302646,0.10424842727262301,0.23994719342816467,2.419558223743052,1.3576658637191366,1,1,0,0.0008710099998552323,29,0.0,0.0,8.391251341751978e-05,0.010000000000000002,0.286084495257952,2.6936330546852947,1.3268734083505822,-0.0461373018297873,-0.2740748309422428,0.030792455368554385,0.23994719342816467,2.419558223743052,1.3576658637191366,False,False,False
1790735237.2763548,TRACK,0.010018783,0.0022247189999689,0.31638080519870204,0.6025289795756592,1.3348927486446724,-0.17866156361776234,-0.06695738153084865,0.10460297141423175,0.3163346298734617,0.6026010750097825,1.3345198764013495,-0.17691059165808032,-0.06605317952751724,0.10343310826769332,0.2589087488890083,2.4314630525718655,1.358469581327341,1,1,0,0.0007283879999704368,28,0.0,0.0,9.82950225984892e-05,0.010000000000000002,0.2874556791936352,2.692359551444445,1.3267134450019722,-0.02854693030462689,-0.2608964988725794,0.031756136325368924,0.2589087488890083,2.4314630525718655,1.358469581327341,False,False,False
1790735237.2863662,TRACK,0.010011780000000001,0.001997546999973565,0.3145890419336945,0.6018589871118856,1.3359367577725925,-0.17931502539166191,-0.06671306308677649,0.10388211606798714,0.3145617576657898,0.6019419048140543,1.335551320939838,-0.17724637916178385,-0.06562495687986253,0.1026120192762412,0.26587342400355357,2.4349636294379966,1.3591330376955373,1,1,0,0.0007932720000098925,28,0.0,0.0,9.648863874746542e-05,0.010000000000000002,0.28882485529856927,2.691097707086631,1.326555941718669,-0.022951431295015708,-0.25613407764863466,0.032577095976868226,0.26587342400355357,2.4349636294379966,1.3591330376955373,False,False,False
1790735237.296372,TRACK,0.010005488,0.0018367499999385473,0.31279677328798083,0.601197136087702,1.3369676518965665,-0.17905783487415644,-0.0656167459119319,0.10231190274244707,0.31278664920060983,0.6012874556862738,1.3365738726866188,-0.17758030939994995,-0.06519228864823705,0.10178509701478196,0.2628892991738889,2.4292285828886744,1.3588898440550805,1,1,0,0.0007346200000029057,28,0.0,0.0,9.812322989320612e-05,0.010000000000000002,0.290192100621265,2.6898475367138888,1.3264009026175247,-0.02730280144737606,-0.2606189538252145,0.032488941437555666,0.2628892991738889,2.4292285828886744,1.3588898440550805,False,False,False
1790735237.3064673,TRACK,0.01009542,0.0019501970000419533,0.31091766405293964,0.6005136263108284,1.3380344747147657,-0.17892412855839251,-0.06478367215933728,0.10114010102534382,0.3109922077229719,0.6006315359131933,1.3375971973056433,-0.1779155590898807,-0.06475093556542434,0.10094429118534747,0.2681759552769895,2.4289863035204418,1.3583662693067564,1,1,0,0.0007483570000204054,28,0.0,0.0,9.68447015003863e-05,0.010000000000000002,0.2915705282518426,2.688597282812291,1.3262468866793529,-0.02339457297485307,-0.25961097929184934,0.03211938262740356,0.2681759552769895,2.4289863035204418,1.3583662693067564,False,False,False
1790735237.3163388,TRACK,0.009871793,0.001854142999945907,0.3092193925783997,0.5999009646779303,1.3389905606817845,-0.17853400617468906,-0.06423203445453221,0.10017330693008142,0.30923425083518075,0.5999944775702378,1.3385896143573524,-0.178241735175994,-0.06431468224348716,0.10011582699305187,0.25740675693686454,2.4207257669646896,1.3576425987888288,1,1,0,0.000739901000088139,28,0.0,0.0,9.99707831898609e-05,0.010000000000000002,0.29291732526772235,2.687385682386274,1.3260986494131286,-0.035510568330857833,-0.26665991542158457,0.03154394937570017,0.25740675693686454,2.4207257669646896,1.3576425987888288,False,False,False
1790735237.3263934,TRACK,0.010054592000000001,0.0021939910000128293,0.30734376831079313,0.5992285032232214,1.3400382596270903,-0.17894501650257574,-0.06401472618553614,0.0995627196519786,0.30744043981661734,0.5993500734155253,1.3395919693196014,-0.1785722628864833,-0.0638655783975124,0.09926561778691403,0.26813933680098245,2.4263188470311414,1.3576795929769816,1,1,0,0.0008635149999918212,28,0.0,0.0,9.622418394081055e-05,0.010000000000000002,0.29428792506545265,2.686162912920022,1.3259500930017196,-0.0261485882644702,-0.259844065888881,0.031729499975261956,0.26813933680098245,2.4263188470311414,1.3576795929769816,False,False,False
1790735237.3364296,TRACK,0.010037118000000001,0.002080815999988772,0.30573220696598025,0.5986538665976635,1.3409306192703738,-0.17901573933449577,-0.06354511417686631,0.09860993828498663,0.3056464402128213,0.5987113171689694,1.3405840236002582,-0.17890050294326926,-0.06341243283535818,0.09841042263003143,0.2480661361258154,2.4113058789918234,1.3565372710910344,1,1,0,0.0007909079999990354,29,0.0,0.0,8.299167524132332e-05,0.010000000000000002,0.2956549776546749,2.684953737652894,1.3258042564091932,-0.047588841528859505,-0.2736478586610705,0.0307330146818412,0.2480661361258154,2.4113058789918234,1.3565372710910344,False,False,False
1790735237.3464034,TRACK,0.009972536,0.001832091000096625,0.30375735467943255,0.597957454597962,1.3420103942782227,-0.18047414079332688,-0.06345204214881109,0.09812528108802082,0.30386072944529446,0.5980811992759287,1.3415611616300025,-0.17922492194159623,-0.0629574127820197,0.09755431696830165,0.2787768195271812,2.429070420960604,1.357938828991123,1,1,0,0.0007174980000854703,28,0.0,0.0,9.466013658003517e-05,0.010000000000000002,0.29701206004643976,2.6837638198689815,1.325661813770157,-0.018235240519258577,-0.2546933989083776,0.03227701522096597,0.2787768195271812,2.429070420960604,1.357938828991123,False,False,False
1790735237.3563452,TRACK,0.009941877,0.0019514489999892248,0.30195214566865847,0.5973248603349823,1.342986381988819,-0.18011911852647886,-0.06272066192985848,0.09679131621166523,0.30207729668452077,0.5974575591023832,1.342526765660113,-0.17954663410990176,-0.06249902824543505,0.09669447234232487,0.2776874534296765,2.427454412680075,1.358497934582412,1,1,0,0.0007137099998999474,28,0.0,0.0,9.551059107274477e-05,0.010000000000000002,0.2983635685398952,2.682588564790572,1.3255222781560345,-0.020676115110218708,-0.255134152110497,0.03297565642637741,0.2776874534296765,2.427454412680075,1.358497934582412,False,False,False
1790735237.3664212,TRACK,0.010075802,0.0020828599999731523,0.3001551895381498,0.5967044470365241,1.343944857366365,-0.17934963031750378,-0.06147797090395892,0.0951010126324007,0.30026658513208204,0.5968301909396854,1.3434966239496815,-0.17987092043317934,-0.062029903055449226,0.09581690259355931,0.26709021827066515,2.416793773393968,1.357600606526191,1,1,0,0.0007317249999232445,28,0.0,0.0,9.846435796553319e-05,0.010000000000000002,0.29973107579180863,2.681407016445765,1.325383447930623,-0.0326408575211435,-0.26461324305179657,0.032217158595568056,0.26709021827066515,2.416793773393968,1.357600606526191,False,False,False
1790735237.3763666,TRACK,0.009945754000000001,0.0018754440000066097,0.29836256000766337,0.5960943397645249,1.3448898881723643,-0.17939883046281696,-0.06087577578549617,0.09426314149342538,0.29847604865249294,0.5962155777025454,1.3444452631169186,-0.1801892681360749,-0.06156246253688583,0.09494476468508056,0.26562978244860813,2.4124400963835457,1.3564125466741974,1,1,0,0.0007370250000349188,28,0.0,0.0,9.878012042760566e-05,0.010000000000000002,0.3010796997642718,2.6802525298803883,1.3252489243269827,-0.03544991731566367,-0.2678124334968424,0.031163622347214703,0.26562978244860813,2.4124400963835457,1.3564125466741974,False,False,False
1790735237.386311,TRACK,0.009944502000000001,0.0021392569999534317,0.29656572789238655,0.5954854843640689,1.3458308556004424,-0.17997364281175635,-0.06096633460907157,0.09397291686085321,0.2966825806763451,0.595605711653661,1.3453850812643913,-0.1805058206957847,-0.061090724706742094,0.0940668678527176,0.27071057747995747,2.415684948931773,1.356343950837461,1,1,0,0.0008116569999856438,28,0.0,0.0,9.709602678955177e-05,0.010000000000000002,0.30242691035835234,2.6791100386623645,1.32511693441496,-0.03171633287839488,-0.2634250897305917,0.031227016422501107,0.27071057747995747,2.415684948931773,1.356343950837461,False,False,False
1790735237.396395,TRACK,0.010084058,0.0018739709998953913,0.29494393111396544,0.5949372344286363,1.3466738121980733,-0.18035652049741216,-0.06074550029079316,0.09324176850362137,0.2948607386176628,0.59499209985815,1.3463291433228515,-0.18082500950183072,-0.06060790339681948,0.09317064519066419,0.2521080076460741,2.4027808963780326,1.3553948204730961,1,1,0,0.0007537470000897883,29,0.0,0.0,8.269247864439293e-05,0.010000000000000002,0.30379173806249554,2.677963734483392,1.3249856812185896,-0.05168373041642145,-0.27518283810535926,0.030409139254506553,0.2521080076460741,2.4027808963780326,1.3553948204730961,False,False,False
1790735237.4063723,TRACK,0.009976994000000001,0.0018223229999421164,0.2930408540193943,0.5943000202717474,1.347650129776203,-0.182424392534328,-0.06088173534669006,0.09299365249446925,0.2930550807162552,0.5943898166142169,1.3472542581359466,-0.1811390057090661,-0.06012576993267964,0.09227797282519476,0.2786438568205399,2.418085724727034,1.3568449603554658,1,1,0,0.0007287589999123156,28,0.0,0.0,9.593400495744409e-05,0.010000000000000002,0.3051407791091049,2.676841830588968,1.3248584061891715,-0.02649692228856506,-0.2587561058619339,0.0319865541662943,0.2786438568205399,2.418085724727034,1.3568449603554658,False,False,False
1790735237.4163644,TRACK,0.009991992,0.0017641819999880681,0.29121229976839214,0.5936923039306841,1.3485759738926726,-0.18287157644002514,-0.06034944210855984,0.09193836516818484,0.2912435776755394,0.5937914712350854,1.3481718076069515,-0.18145166189544518,-0.05963847191322813,0.09137799872971487,0.28369159009780115,2.419843622574734,1.3575684750137107,1,1,0,0.0007069969999520254,28,0.0,0.0,9.522670863650824e-05,0.010000000000000002,0.306490537564843,2.6757305521381176,1.3247335353604426,-0.02279894746704188,-0.2558869295633832,0.03283493965326818,0.28369159009780115,2.419843622574734,1.3575684750137107,False,False,False
1790735237.4263685,TRACK,0.010004266000000001,0.0018354579999595444,0.28938529926194345,0.5930944953171018,1.349487290710341,-0.18248107900330918,-0.05924117415736361,0.09042133813781915,0.28942672873902986,0.5931972912315314,1.3490814451387085,-0.18176287150162887,-0.05914610884810122,0.0904709306536525,0.27919997907414673,2.413394145831913,1.3570443297013095,1,1,0,0.0007215559999167453,28,0.0,0.0,9.696805907925163e-05,0.010000000000000002,0.3078406218368761,2.674630372911203,1.324611132244805,-0.02864064276272936,-0.26123622707929,0.03243319745650443,0.27919997907414673,2.413394145831913,1.3570443297013095,False,False,False
1790735237.436555,TRACK,0.010186724000000001,0.002492800000027273,0.2875613703542603,0.5925067232955605,1.3503852996617711,-0.18238627351301814,-0.05852261133527209,0.08940761785600916,0.28757355455052075,0.5925973591812456,1.3499983171150243,-0.18207786037568588,-0.05864015818808773,0.08954114877710984,0.27345671828680784,2.4068141943151176,1.3560046672641073,1,1,0,0.0009300530000473373,28,0.0,0.0,9.855520879436441e-05,0.010000000000000002,0.3092139406014091,2.6735230688788656,1.3244892110828161,-0.03575722231460128,-0.2667088745637482,0.03151545618129108,0.27345671828680784,2.4068141943151176,1.3560046672641073,False,False,False
1790735237.4463718,TRACK,0.009816628,0.0021119550001458265,0.285735528634496,0.5919232006675976,1.3512761067943257,-0.18288492889593733,-0.05833422194931854,0.08889000882556741,0.2857846815184591,0.5920241218189037,1.350872887171704,-0.1823795809635407,-0.058148175289626694,0.08863924289807473,0.2805407371200275,2.410078485779106,1.3557990077253368,1,1,0,0.000837115000194899,28,0.0,0.0,9.637134591257489e-05,0.010000000000000002,0.3105360220586927,2.6724684679066018,1.3243743292885677,-0.029995284938665216,-0.2623899821274957,0.03142467843676916,0.2805407371200275,2.410078485779106,1.3557990077253368,False,False,False
1790735237.4563699,TRACK,0.009997943,0.0017829879998316756,0.2839046211378138,0.5913410043700722,1.3521611522646912,-0.18318259732393877,-0.057995469655614,0.08801543660834671,0.2839597324174021,0.5914452830839897,1.351754480576933,-0.18268502007456666,-0.057642637281162985,0.08771470929353656,0.28320747027675675,2.4113547152718815,1.356221117406979,1,1,0,0.0007130590001906967,28,0.0,0.0,9.593913803366385e-05,0.010000000000000002,0.3118811503457681,2.671407092644512,1.3242599770560246,-0.028673680069011356,-0.26005237737263037,0.03196114035095421,0.28320747027675675,2.4113547152718815,1.356221117406979,False,False,False
1790735237.4664075,TRACK,0.010038311000000001,0.0021685930000785447,0.2821637556791172,0.5907932995217973,1.3529914607462166,-0.18329359186567104,-0.05729754702798396,0.08682665141393504,0.2821243520581572,0.590869215005777,1.3526303036063667,-0.18298979586596353,-0.05713050669055405,0.08678036921740306,0.2729788155803429,2.402912048484436,1.3558424953800534,1,1,0,0.0008388389999254287,28,0.0,0.0,9.899469658899201e-05,0.010000000000000002,0.3132302992076847,2.6703544525063387,1.3241478736895995,-0.04025148362734176,-0.2674424040219027,0.0316946216904538,0.2729788155803429,2.402912048484436,1.3558424953800534,False,False,False
1790735237.4764073,TRACK,0.009999427,0.0018560369999249815,0.2801431191540713,0.5901670430168302,1.3539404262357566,-0.18431326419985394,-0.056816299245909974,0.08600960810613067,0.28029304899089263,0.5903005122176311,1.353493378968261,-0.183291487750962,-0.056615810659798406,0.08584358486750704,0.29885332481909077,2.415363345107299,1.3563590590315284,1,1,0,0.0007444189998295769,28,0.0,0.0,9.232096773995906e-05,0.010000000000000002,0.3145727997346672,2.669318983769237,1.324038923462182,-0.015719474915576386,-0.25395563866193793,0.03232013556934626,0.29885332481909077,2.415363345107299,1.3563590590315284,False,False,False
1790735237.4864151,TRACK,0.010007682,0.001830980000022464,0.27830202223931355,0.5896017045732194,1.354794547058666,-0.18351938152977343,-0.05601964756697676,0.08461684478809575,0.2784572231865604,0.5897365157828677,1.3543477575648375,-0.18359151272390015,-0.05609612865004305,0.08489995495135833,0.2926821598351653,2.411204085436191,1.356567350052064,1,1,0,0.0007190199999058677,28,0.0,0.0,9.512387144481996e-05,0.010000000000000002,0.3159149703591927,2.6682958681147437,1.3239326188287972,-0.023232810524027352,-0.2570917826785525,0.0326347312232668,0.2926821598351653,2.411204085436191,1.356567350052064,False,False,False
1790735237.4963996,TRACK,0.009984368,0.0018480109999927663,0.27647129119218317,0.5890471463320868,1.355632540653005,-0.18279291308131765,-0.05502454381897773,0.08316866292092892,0.27662269167136194,0.5891790386722502,1.355190704920754,-0.18388891477482525,-0.055573095302385765,0.08395245694919627,0.2844056627544713,2.40360638297267,1.3558358270249435,1,1,0,0.0007353109999712615,28,0.0,0.0,9.67085414359994e-05,0.010000000000000002,0.3172525639339309,2.667288426133315,1.3238293073538006,-0.03284690117945958,-0.2636820431606451,0.03200651967114296,0.2844056627544713,2.40360638297267,1.3558358270249435,False,False,False
1790735237.506387,TRACK,0.009987524000000001,0.0017935680000391585,0.2746430010450345,0.5885001520357598,1.3564593110636798,-0.18301023225652566,-0.05455180446840125,0.08236941860296325,0.27478461915004565,0.5886266328056108,1.3560244237494754,-0.1841844742863431,-0.055045322859291,0.0829985844547876,0.2840003378402903,2.4012604219627613,1.355128161622695,1,1,0,0.0007168970000748232,28,0.0,0.0,9.66872675586178e-05,0.010000000000000002,0.3185891147264269,2.666294069957247,1.3237287251463523,-0.03458877688613665,-0.2650336479944853,0.0313994364763425,0.2840003378402903,2.4012604219627613,1.355128161622695,False,False,False
1790735237.5164185,TRACK,0.010031488,0.0023403099999086407,0.272810061879853,0.5879560002423521,1.3572795014993293,-0.18358052638817884,-0.054303396231590195,0.08168827495026329,0.27293549402825434,0.5880771244287666,1.3568521920115912,-0.18447937115251603,-0.054510607457967014,0.08203438411323975,0.28663682928059653,2.40194228263453,1.3550700381669083,1,1,0,0.0008530659999905765,28,0.0,0.0,9.609922259493997e-05,0.010000000000000002,0.31993005721392836,2.665308956318854,1.3236304992005365,-0.033293227933331865,-0.263366673684324,0.031439538966371666,0.28663682928059653,2.40194228263453,1.3550700381669083,False,False,False
1790735237.5263894,TRACK,0.009970862,0.002202818999876399,0.27097094461437,0.5874149809811993,1.358091782526591,-0.18418310043948172,-0.05387090849626457,0.0807581550854733,0.2710946225328531,0.5875362754884556,1.3576653422805818,-0.18477052170797958,-0.053974520739537526,0.08106991135671857,0.2906981364613242,2.4028833336886906,1.3553267136142464,1,1,0,0.0008882130000529287,28,0.0,0.0,9.543889554610018e-05,0.010000000000000002,0.32126139844267854,2.664343446329648,1.3235356648574879,-0.030563261981354346,-0.2614601126409576,0.031791048756758575,0.2906981364613242,2.4028833336886906,1.3553267136142464,False,False,False
1790735237.5363812,TRACK,0.009992012,0.002255257999877358,0.26912697123625673,0.5868793445513898,1.3588936469842032,-0.18453327037138675,-0.05325855448042907,0.07965894604393312,0.2692469438160282,0.586999664620991,1.358470539634438,-0.18506031157080777,-0.053432678449449655,0.08009727958199643,0.2921971187366228,2.401772339923771,1.3554128578659908,1,1,0,0.0008899160000055417,28,0.0,0.0,9.556700979414393e-05,0.010000000000000002,0.3225940507760641,2.6633896647786814,1.3234434458440572,-0.03039693203944132,-0.2616173248549101,0.03196941202193365,0.2921971187366228,2.401772339923771,1.3554128578659908,False,False,False
1790735237.546435,TRACK,0.010054081000000001,0.0022549770001205616,0.26728032618932485,0.5863500592986739,1.3596845850943549,-0.18476712922390964,-0.05265901614038504,0.07862745178847017,0.26738487504032316,0.5864652085205248,1.3592708984311896,-0.18534988863542096,-0.05288278880498714,0.07911241634674049,0.2915242107957648,2.399385710530846,1.3551869657633007,1,1,0,0.0008930110000164859,28,0.0,0.0,9.603768586588494e-05,0.010000000000000002,0.323933437281437,2.662444004520602,1.3233535180315144,-0.03240922648567216,-0.263058293989756,0.031833447731786306,0.2915242107957648,2.399385710530846,1.3551869657633007,False,False,False
1790735237.5563734,TRACK,0.009937889,0.0022891229998549534,0.2654309427751036,0.5858262871744788,1.3604659068217453,-0.18512084550491617,-0.05217197756717558,0.07773499941210996,0.26554147443522197,0.5859423852159495,1.3600522463265046,-0.1856341209898742,-0.05233462440828479,0.07813282077204894,0.2941580434828332,2.399289963647635,1.3550356725142494,1,1,0,0.0008914990000903344,28,0.0,0.0,9.550442617270312e-05,0.010000000000000002,0.32525580785609337,2.6615232438863665,1.3232674706995071,-0.03109776437326016,-0.26223328023873144,0.03176820181474219,0.2941580434828332,2.399289963647635,1.3550356725142494,False,False,False
1790735237.566398,TRACK,0.010025266000000001,0.002289152000003014,0.26357780929520924,0.5853070171332835,1.3612385199049122,-0.18544850506439461,-0.05169202504844825,0.07681180306121999,0.26367901416636236,0.5854205077127731,1.3608305697912082,-0.18591882599651857,-0.051777120259056016,0.07713861242436167,0.2952508081551966,2.3986213951588384,1.3549786193801492,1,1,0,0.0008929919999900449,28,0.0,0.0,9.54958589986288e-05,0.010000000000000002,0.326587086032988,2.6606058595831903,1.3231834753511083,-0.0313362778777914,-0.2619844644243521,0.0317951440290409,0.2952508081551966,2.3986213951588384,1.3549786193801492,False,False,False
1790735237.5763905,TRACK,0.009992123,0.0022380350001185434,0.26172167801471335,0.5847930347558812,1.362001287496744,-0.18576068648242755,-0.05113244058680693,0.07579501120132269,0.26181988117050214,0.5849059377652607,1.3615963742823503,-0.18620055158456186,-0.05121731002311659,0.07614209741062737,0.29663337774826676,2.397818307226282,1.3549604669409898,1,1,0,0.000880407999829913,28,0.0,0.0,9.536667575518008e-05,0.010000000000000002,0.32791200782100816,2.6597049053707593,1.3231026347305312,-0.03127863007274139,-0.2618865981444772,0.031857832210458556,0.29663337774826676,2.397818307226282,1.3549604669409898,False,False,False
1790735237.5863686,TRACK,0.009977795000000001,0.0018434930000239547,0.2598623043369672,0.5842848276267105,1.362753757914212,-0.18608331008607118,-0.050551834087672276,0.0747699597345135,0.2599606152476857,0.5843977079341102,1.362351117014162,-0.18647982889313247,-0.05065417502860319,0.07514144903873318,0.2983674140484517,2.397062218708593,1.3549159815421417,1,1,0,0.0007446790000358305,28,0.0,0.0,9.524262709287559e-05,0.010000000000000002,0.3292334463121312,2.6588195897911855,1.3230248174861783,-0.030866032263679507,-0.26175737108259234,0.031891164055963456,0.2983674140484517,2.397062218708593,1.3549159815421417,False,False,False
1790735237.5963717,TRACK,0.010002933,0.002311665000206631,0.2579999835057061,0.583782272215954,1.3634961745417051,-0.18634763617569175,-0.04999764654527996,0.07377785414504998,0.2580938782948389,0.5838938585045244,1.363097711296405,-0.1867577453174652,-0.050085470092274896,0.07413269185949144,0.2993023196842058,2.3960885429818446,1.354821099204413,1,1,0,0.0007056350000311795,28,0.0,0.0,9.524713846715363e-05,0.010000000000000002,0.3305566129983431,2.6579465473993755,1.322949737876921,-0.03125429331413731,-0.2618580044175308,0.031871361327492014,0.2993023196842058,2.3960885429818446,1.354821099204413,False,False,False
1790735237.6063867,TRACK,0.010015087,0.0022805060000337107,0.25613499580121957,0.5832852996055831,1.364228639267603,-0.18663249503638,-0.049437258448109075,0.07277865105024747,0.25622209855107886,0.5833951168546188,1.3638350757034816,-0.1870339145791305,-0.04951189909824986,0.07311709554225143,0.30013825602863153,2.395025724479578,1.354716224137561,1,1,0,0.0008852469998146262,28,0.0,0.0,9.524854893127387e-05,0.010000000000000002,0.33187976890225523,2.657087106270577,1.3228775270850368,-0.031741512873623715,-0.26206138179099914,0.03183869705252424,0.30013825602863153,2.395025724479578,1.354716224137561,False,False,False
1790735237.6163948,TRACK,0.010008684,0.0018733800000063638,0.25426687407046966,0.582793943665175,1.3649511140085284,-0.1869712670008464,-0.048879233940255944,0.07178314197200861,0.25434876278533286,0.5829024538602555,1.3645617790313036,-0.18730780917476741,-0.04893451016990338,0.07209652865227656,0.30156351040308915,2.394258650388901,1.3546348912090873,1,1,0,0.0007183489999533776,28,0.0,0.0,9.513994170717773e-05,0.010000000000000002,0.33320044867775905,2.656242985498851,1.3228083386916247,-0.03163693827466992,-0.2619843351099502,0.03182655251746263,0.30156351040308915,2.394258650388901,1.3546348912090873,False,False,False
1790735237.626457,TRACK,0.010062196,0.0021957440001187933,0.25239534080005566,0.5823080530034748,1.3656637083700822,-0.18730712940624708,-0.04833194303385393,0.07079238215760297,0.25246265845186083,0.582413003371546,1.3652820426465342,-0.1875810397545958,-0.0483498061571019,0.0710648335875695,0.3021054649719264,2.393116712547261,1.3545412006048885,1,1,0,0.0008557109999856038,28,0.0,0.0,9.524996786436994e-05,0.010000000000000002,0.33452653465793875,2.6554093517417523,1.3227417968701858,-0.03242106968601234,-0.262292639194491,0.03179940373470278,0.3021054649719264,2.393116712547261,1.3545412006048885,False,False,False
1790735237.6363633,TRACK,0.009905789,0.0017690810000203783,0.25052022833811005,0.5818276917300622,1.3663663322168782,-0.18770274392196798,-0.047783737476474054,0.06980055076158488,0.250603196673609,0.5819369285143869,1.3659809424509448,-0.187847924863622,-0.047770038978641204,0.07004361215622076,0.30610026160497866,2.3939176079905744,1.3546183239198166,1,1,0,0.000707868999825223,28,0.0,0.0,9.44748837715883e-05,0.010000000000000002,0.3358303755448237,2.6546034801074163,1.3226792605556281,-0.029730113939845013,-0.2606858721168417,0.031939063364188454,0.30610026160497866,2.3939176079905744,1.3546183239198166,False,False,False
1790735237.646378,TRACK,0.010014545000000001,0.0018002910001087002,0.24864189795837977,0.5813528974168403,1.3670588781923358,-0.18788411616419776,-0.04718774891592511,0.06874320503818943,0.24872064301186467,0.5814614857289774,1.3666772042639648,-0.18811560986413625,-0.047179708229551295,0.0690055597743637,0.3065299887623733,2.392891580658384,1.3546022977504732,1,1,0,0.0007231679999222251,28,0.0,0.0,9.469194068569592e-05,0.010000000000000002,0.3371468735672483,2.6538038057421645,1.3226190511392655,-0.030616884804875035,-0.2609122250837802,0.03198324661120781,0.3065299887623733,2.392891580658384,1.3546022977504732,False,False,False
1790735237.6563647,TRACK,0.009986803,0.0017905520001022524,0.2467620915174118,0.5808845022337099,1.367740482081655,-0.18807757707339234,-0.04654176767136957,0.06765518202448972,0.24684064544920833,0.5809932684077135,1.3673611566935597,-0.18838040645718238,-0.04658679825342853,0.06796474867267863,0.3072075737511007,2.3916214193431533,1.3544860668652658,1,1,0,0.0007219060000807076,28,0.0,0.0,9.47101912179046e-05,0.010000000000000002,0.33845805362268083,2.65302152505059,1.3225620426136018,-0.03125047987158012,-0.26140010570743666,0.031924024251664185,0.3072075737511007,2.3916214193431533,1.3544860668652658,False,False,False
1790735237.6663487,TRACK,0.009983896,0.0017637509999985923,0.24487999822100104,0.5804223224886389,1.3684114880439902,-0.18833069018672385,-0.045946996520735764,0.06662118778955178,0.24495856256356494,0.5805311271146726,1.3680344920866563,-0.18864296911588227,-0.04598984316262615,0.06691860839048297,0.30851872885717063,2.39089847358785,1.354396986864268,1,1,0,0.0007057949999307311,28,0.0,0.0,9.459810622947895e-05,0.010000000000000002,0.33976717314271254,2.6522547372979814,1.3225080959092108,-0.031248444285541924,-0.26135626371013154,0.031888890955057134,0.30851872885717063,2.39089847358785,1.354396986864268,False,False,False
1790735237.676365,TRACK,0.010016329000000001,0.0018555459998879087,0.24299521008446323,0.5799659900976426,1.3690722224731466,-0.1886010099842517,-0.045365241386847395,0.06559123834403371,0.24306774238634288,0.5800734947969576,1.3686994909824628,-0.18890420369544345,-0.045386700322630875,0.06586340279043863,0.3094520362764982,2.3900813387523523,1.354324803723803,1,1,0,0.0007277770000655437,28,0.0,0.0,9.458928661888356e-05,0.010000000000000002,0.34107884790573034,2.65150091131352,1.3224570502335211,-0.03162681162923216,-0.2614195725611677,0.03186775349028173,0.3094520362764982,2.3900813387523523,1.354324803723803,False,False,False
1790735237.6863673,TRACK,0.010002352,0.0018343060000916012,0.24110749250937058,0.5795156911070141,1.3697224284035068,-0.1889225088265365,-0.044735947468984655,0.06451400008237909,0.24117696052873547,0.5796225509995937,1.3693529863762162,-0.18916287979584395,-0.04478014177863324,0.06480399737831093,0.31094508236620777,2.389263174044185,1.3542619269451457,1,1,0,0.0007399599999189377,28,0.0,0.0,9.452858984608654e-05,0.010000000000000002,0.34238698527568523,2.65076369808761,1.3224091671477092,-0.03144190290947749,-0.2615005240434248,0.03185275979743659,0.31094508236620777,2.389263174044185,1.3542619269451457,False,False,False
1790735237.6963685,TRACK,0.01000117,0.0018274130000008881,0.23921671905623132,0.5790713251797133,1.3703621497561356,-0.18920049235470088,-0.04418703402702291,0.06350277812737258,0.2392838262181874,0.5791777477443663,1.3699957815030543,-0.18941931935021067,-0.04416939049613072,0.06373904185003233,0.3124378960377674,2.3890498445959474,1.3542767585260356,1,1,0,0.0007313030000659637,28,0.0,0.0,9.431174562530878e-05,0.010000000000000002,0.3436932523919115,2.650042234878376,1.3223643948094363,-0.031255356354144136,-0.2609923902824285,0.031912363716599126,0.3124378960377674,2.3890498445959474,1.3542767585260356,False,False,False
1790735237.706365,TRACK,0.009996632,0.002314972000021953,0.2373231398262865,0.57863284349237,1.3709914224666413,-0.1894920202623833,-0.043592075986659894,0.06245658266220882,0.23738899903894164,0.5787392717350737,1.370627613026951,-0.18967342427097145,-0.04355464432130125,0.06266889048597502,0.314049209610893,2.3886467627470136,1.354253665257815,1,1,0,0.0008313139999245323,28,0.0,0.0,9.416285989064565e-05,0.010000000000000002,0.34499720257518407,2.649336866072305,1.322322761889153,-0.03094799296429107,-0.2606901033252914,0.03193090336866193,0.314049209610893,2.3886467627470136,1.354253665257815,False,False,False
1790735237.7163641,TRACK,0.009999166,0.0017702430000099412,0.23542657748052864,0.5782010069834769,1.371609551588631,-0.18980981213475145,-0.04297443747444852,0.06139314439315139,0.23549116153863422,0.578306853711136,1.371248874305757,-0.1899253610627935,-0.04293545891792691,0.061592780031668064,0.315797647876095,2.3881111070088883,1.3542004749805283,1,1,0,0.000711346000116464,28,0.0,0.0,9.405628671895914e-05,0.010000000000000002,0.3462997492660619,2.6486472038744133,1.3222842542029698,-0.03050210138996689,-0.26053609686552515,0.03191622077755845,0.315797647876095,2.3881111070088883,1.3542004749805283,False,False,False
1790735237.726364,TRACK,0.009999767000000001,0.0017875159999221069,0.23352756387316642,0.5777759508878599,1.3722163119509379,-0.1901587348175764,-0.042551305680549774,0.06054446515866051,0.23359070180650965,0.577880623057842,1.3718593832715122,-0.19017506604771045,-0.042311941273032234,0.06051090799342335,0.31827625062850284,2.3889197602680166,1.3541545698971909,1,1,0,0.0007179389999691921,28,0.0,0.0,9.351768000959272e-05,0.010000000000000002,0.3476006305808873,2.6479735052653472,1.322248896773729,-0.02932437995238449,-0.25905374499733086,0.03190567312346188,0.31827625062850284,2.3889197602680166,1.3541545698971909,False,False,False
1790735237.7364278,TRACK,0.010064140000000001,0.0020441760000267095,0.23162534487449182,0.5773584798340412,1.372811213193713,-0.1917567357018291,-0.042816987988568325,0.06078845013361101,0.23167549825627443,0.5774579657542659,1.3724628702838826,-0.19042409564756682,-0.04168006225268519,0.0594163113607657,0.3307293634845825,2.395747331736862,1.3533478690528435,1,1,0,0.0007693370000652067,28,0.0,0.0,9.087543229387827e-05,0.010000000000000002,0.3489081165709862,2.647311747954772,1.322216511095079,-0.018178753086403685,-0.25156441621791004,0.03113135795776447,0.3307293634845825,2.395747331736862,1.3533478690528435,False,False,False
1790735237.7464254,TRACK,0.009997553000000001,0.0020235460001458705,0.2297103902423716,0.5769572313969178,1.373388264531365,-0.1970285116043971,-0.04317966345207991,0.06192386233048397,0.22977049616479686,0.5770444228870245,1.3730514286854834,-0.19066919612056565,-0.041048034950537944,0.058323227724124266,0.37296615117537496,2.4103671600134247,1.3510237474613165,1,1,0,0.0007660200001282647,28,0.0,0.0,8.530307767264241e-05,0.010000000000000002,0.35020518536368067,2.646670654925063,1.322187533501055,0.022760965811694275,-0.23630349491163816,0.028836213960261613,0.37296615117537496,2.4103671600134247,1.3510237474613165,False,False,False
1790735237.7563531,TRACK,0.009927730000000001,0.0019784799999342795,0.22780348697736752,0.5765788378009731,1.3739286017504124,-0.20419432384866243,-0.04026215060154592,0.05850686421720843,0.22787638508345198,0.576640042178773,1.373625034499963,-0.19091032090942006,-0.040416141750397955,0.05723212013281738,0.4220195491938746,2.411315483222056,1.352707827005792,1,1,0,0.0007607800000641873,28,0.0,0.0,8.494440193899918e-05,0.010000000000000002,0.3514914448317793,2.646050217033337,1.3221619238312559,0.07052810436209526,-0.2347347338112812,0.03054590317453606,0.4220195491938746,2.411315483222056,1.352707827005792,False,False,False
1790735237.766331,TRACK,0.009977534000000001,0.0019091290000687877,0.22598925302156925,0.5762118037306863,1.374425745655584,-0.19174563514613183,-0.04114616075897577,0.056348500314437555,0.2259703714049849,0.5762399743420842,1.374190576191715,-0.1911503712771105,-0.03977696107683191,0.056130042086329254,0.32445756137943377,2.391733040281553,1.3582854492231138,1,1,0,0.000748656000041592,28,0.0,0.0,9.639749246558867e-05,0.010000000000000002,0.35278095851907976,2.645439655744621,1.3221391843917978,-0.028323397139645982,-0.2537066154630677,0.0361462648313161,0.32445756137943377,2.391733040281553,1.3582854492231138,False,False,False
1790735237.7764645,TRACK,0.010133553,0.0023466220000045723,0.22440181959987004,0.575850679040844,1.374886393415216,-0.16172537745197493,-0.03304237155261314,0.042189303556982534,0.22403211359412498,0.5758401975997279,1.3747536797336377,-0.19139182370515917,-0.039123999435614405,0.05500553583825395,0.04196401529509319,2.25752784872949,1.3622286260830658,1,1,0,0.0009380980000059935,30,0.0,0.0,9.288632696181814e-05,0.010000000000000002,0.35408837659202397,2.6448353852029514,1.3221193259461235,-0.3121243612969308,-0.38730753647346167,0.04010930013694231,0.04196401529509319,2.25752784872949,1.3622286260830658,False,False,False
1790735237.786444,TRACK,0.009979478,0.002724471999954403,0.22264986444431134,0.5754566731767436,1.3754082322511723,-0.19078151989785908,-0.0422198359155113,0.05909226465685992,0.22212094633008095,0.5754529845594087,1.3752970593400382,-0.1916272752130392,-0.038477247712487776,0.05389302461690834,0.23112539526632492,2.367564085311316,1.3480533150162204,1,1,0,0.0009084219998385379,27,0.0,0.0,9.663778433803306e-05,0.010000000000000002,0.35537411786018647,2.6442570203475717,1.3221030319864897,-0.12424872259386155,-0.27669293503625564,0.025950283029730608,0.23112539526632492,2.367564085311316,1.3480533150162204,False,False,False
1790735237.7963874,TRACK,0.009943510000000001,0.002149206000012782,0.22059586027503553,0.575013610560335,1.3760473945975482,-0.21382006350832414,-0.04203362462277481,0.06223252226115496,0.22021434179618862,0.5750736047967693,1.3758274130861687,-0.1918595649376147,-0.03782915103738429,0.05277948368037452,0.4569086653479485,2.4349688942417473,1.3450284818144207,1,1,0,0.0008360540000467154,27,0.0,0.0,9.350111218645243e-05,0.010000000000000002,0.35665344429679097,2.643697341376925,1.3220900318841282,0.1002552210511575,-0.20872844713517752,0.0229384499302924,0.4569086653479485,2.4349688942417473,1.3450284818144207,False,False,False
1790735237.806409,TRACK,0.010021379,0.002684415999965495,0.21840010699882217,0.5746296081522626,1.376627178299393,-0.18190105752661104,-0.03475042092971743,0.04669575951800728,0.21829048113372831,0.5746977928930278,1.3763506917450572,-0.19209132375938567,-0.037172260090223924,0.051652129517905654,0.23032420051800984,2.33892263145138,1.3575588707622845,1,1,0,0.000938688999895021,29,0.0,0.0,9.432093240494011e-05,0.010000000000000002,0.3579409851229977,2.643150147622053,1.3220802123252202,-0.12761678460498788,-0.3042275161706734,0.03547865843706442,0.23032420051800984,2.33892263145138,1.3575588707622845,False,False,False
1790735237.816391,TRACK,0.009982113,0.0021470720000706933,0.21641732103632538,0.574245714403002,1.377143296885298,-0.20400946670953404,-0.035488439467913524,0.049842472933502024,0.21637186145463813,0.5743300163928269,1.3768606633358047,-0.19231981540928486,-0.03651422511706489,0.05052410648731448,0.3991880648428466,2.3973644716821325,1.3556984553799036,1,1,0,0.000799774000142861,28,0.0,0.0,8.080237456449841e-05,0.010000000000000002,0.3592216750493466,2.642622033900973,1.3220737219255883,0.039966389793499986,-0.24525756221884046,0.03362473345431535,0.3991880648428466,2.3973644716821325,1.3556984553799036,False,False,False
1790735237.8265567,TRACK,0.010165804,0.0019610680001278524,0.21432167866287966,0.5738557784456919,1.3776896291874037,-0.19880100108324142,-0.035606326897879535,0.048960925347056004,0.21441560341835805,0.5739622423629913,1.3773684202879644,-0.1925500776914876,-0.03584026082755574,0.04937010510876143,0.3802842241513075,2.4004669461488337,1.3574701676638532,1,1,0,0.0007303619997856003,28,0.0,0.0,9.043874879183152e-05,0.010000000000000002,0.3605240743755602,2.642101678939813,1.3220705027653807,0.019760149775747318,-0.2416347327909795,0.03539966489847251,0.3802842241513075,2.4004669461488337,1.3574701676638532,False,False,False
1790735237.8365693,TRACK,0.010016229,0.0027549999999791908,0.21260646568711028,0.5735114671452806,1.3781590185257908,-0.20400383816093684,-0.04469753271033547,0.06043922668846495,0.21248585162730207,0.5736065995135262,1.3778572066833281,-0.19277453564590882,-0.03517243622605538,0.04822792756134072,0.4241714393991728,2.463936778463755,1.352490427237503,1,1,0,0.0007830319998447521,27,0.0,0.0,8.311373169485264e-05,0.010000000000000002,0.36180547216215586,2.6416063329706527,1.3220706923234684,0.0623659672370169,-0.1776695545068975,0.03041973491403456,0.4241714393991728,2.463936778463755,1.352490427237503,False,False,False
1790735237.84633,TRACK,0.009756884,0.001964184000144087,0.210524004642477,0.573112457017098,1.3787054760764583,-0.1683732906676114,-0.03247503411535886,0.040852107419342885,0.2106039156407081,0.5732666144344074,1.3783223131384812,-0.19299086244634336,-0.03451829283930997,0.04711040040297171,0.1472978911886748,2.3209388740480597,1.3594466814823007,1,1,0,0.0007775520000450342,29,0.0,0.0,9.8517459818954e-05,0.010000000000000002,0.3630519321800174,2.6411404718598988,1.322074098948389,-0.2157540409913426,-0.3202015978118391,0.03737258253391175,0.1472978911886748,2.3209388740480597,1.3594466814823007,False,False,False
1790735237.8563874,TRACK,0.010057848000000001,0.0023064449999310455,0.2087311350783514,0.572795482895339,1.3791331503183564,-0.2132060833313332,-0.03311225306348807,0.050756956243968504,0.20866173149409667,0.5729228414081304,1.3787903278097275,-0.19321145250984234,-0.03384023573348573,0.04595331258116124,0.4328269373068851,2.404150790855917,1.3405889076199655,1,1,0,0.0009762309998677665,27,0.0,0.0,9.010664762328467e-05,0.010000000000000002,0.3643350192895703,2.6406775509108034,1.322080953286191,0.0684919180173148,-0.23652676005488607,0.018507954333774508,0.4328269373068851,2.404150790855917,1.3405889076199655,False,False,False
1790735237.8664303,TRACK,0.010042579000000001,0.0022596860001158348,0.20655262478306025,0.572454536365365,1.3796216774530832,-0.17329488241753951,-0.03343977606398507,0.04054669395165639,0.20672029451987678,0.5725864135789454,1.379245994745264,-0.19342925319107357,-0.033159417855673376,0.04479282367776133,0.1970579963814003,2.3491007974135076,1.3620405379768679,1,1,0,0.0009530770000765187,29,0.0,0.0,9.23072395386953e-05,0.010000000000000002,0.36561430932475597,2.640232968487248,1.3220911972399567,-0.16855631294335566,-0.29113217107374034,0.03994934073691104,0.1970579963814003,2.3491007974135076,1.3620405379768679,False,False,False
1790735237.8763604,TRACK,0.009929743000000001,0.0018538530000569153,0.2046106023713099,0.5720940477898822,1.3800793419600348,-0.2005864461552101,-0.030883496853254915,0.041638296855921776,0.2047985325838513,0.5722605067226425,1.3796850580312054,-0.1936421815887208,-0.03248251968513325,0.04364030353011915,0.39327146975436267,2.3969109630960443,1.3574315849246872,1,1,0,0.0007177669999691716,27,0.0,0.0,9.799242186782605e-05,0.010000000000000002,0.3668774049955424,2.6398108091538752,1.3221046805301804,0.026394064758820286,-0.2428998460578309,0.0353269043945069,0.39327146975436267,2.3969109630960443,1.3574315849246872,False,False,False
1790735237.8863678,TRACK,0.010007683,0.0021610490000512073,0.20249016044379342,0.5717586403189845,1.3805486506584685,-0.17985200689090988,-0.03285955439486608,0.04204057162326555,0.20285955940971415,0.5719388612976959,1.3801159627952482,-0.19385432767630936,-0.03179654981680465,0.04247363304187928,0.2660443299408406,2.3711793573239874,1.3552774707529553,1,1,0,0.0007605890000377258,29,0.0,0.0,8.09964638456623e-05,0.010000000000000002,0.36814857968731063,2.639402972092425,1.322121658477753,-0.10210424974647003,-0.2682236147684372,0.03315581227520215,0.2660443299408406,2.3711793573239874,1.3552774707529553,False,False,False
1790735237.896383,TRACK,0.010015226,0.001690471999836518,0.20034593345417928,0.5713905326911135,1.3810527681802345,-0.24243388678171504,-0.03383299408656918,0.05148381610971006,0.20091701170228296,0.5716238651116455,1.3805354777754706,-0.19406415389836715,-0.031106279221756263,0.04130095050414537,0.6652103652500929,2.531940663624284,1.347985984676965,1,1,0,0.000626343000021734,23,0.0,0.0,9.246655495212823e-05,0.010000000000000002,0.36941886474303304,2.6390126548115775,1.3221420690296923,0.29579150050705993,-0.10707199118729362,0.025843915647272682,0.6652103652500929,2.531940663624284,1.347985984676965,False,False,False
1790735237.90644,TRACK,0.010057117,0.001843143000087366,0.19841319953751135,0.5710809155450622,1.3814705434213268,-0.16226795164696708,-0.03605316424200327,0.03959197397385582,0.1989642367729507,0.5713145271842632,1.3809449030453957,-0.19427234757071676,-0.030409306362611407,0.040118193155107895,0.17528488060250522,2.388286690398441,1.368540177601506,1,1,0,0.0007245310000598693,29,0.0,0.0,9.110320820525364e-05,0.010000000000000002,0.37069259995683557,2.6386387543845293,1.3221660214428004,-0.19540771935433035,-0.2503520639860885,0.0463741561587056,0.17528488060250522,2.388286690398441,1.368540177601506,False,False,False
1790735237.9163754,TRACK,0.009935795,0.0025370650000695605,0.19650277495936752,0.5707636821458131,1.381871474634706,-0.17349752401740656,-0.024287084470326833,0.03150928574958227,0.19703297503474682,0.571015822853789,1.3813376831561657,-0.1944755459921503,-0.029716981186225153,0.038944613749684616,0.21292909221968245,2.3153731989698643,1.3511279434066918,1,1,0,0.0009216860000833549,29,0.0,0.0,8.503313501966996e-05,0.010000000000000002,0.3719491336617415,2.6382872272189504,1.322193099695005,-0.15902004144205903,-0.3229140282490861,0.028934843711686663,0.21292909221968245,2.3153731989698643,1.3511279434066918,False,False,False
1790735237.9263952,TRACK,0.010019605000000001,0.0022181169999839767,0.19446667314668442,0.570502943943449,1.382264572984913,-0.18774190761005716,-0.027343034535030515,0.03833953672651853,0.1950833907907868,0.5707215839193381,1.3817219424266995,-0.19467794469651367,-0.029015025422289113,0.037756008943015944,0.3367384070499393,2.363461509130491,1.3413965917169195,1,1,0,0.0008783040000253095,28,0.0,0.0,9.253942992178563e-05,0.010000000000000002,0.3732144158926952,2.637950816885592,1.3222238569366407,-0.036476008842755904,-0.27448930775510105,0.019172734780278755,0.3367384070499393,2.363461509130491,1.3413965917169195,False,False,False
1790735237.936374,TRACK,0.009978377,0.0021888119999857736,0.19232037459550444,0.5701920533986335,1.3827143901878287,-0.19005431731128172,-0.03079505227201381,0.03926793141169882,0.19313982570064975,0.5704355645939351,1.3820927590566763,-0.19487698820384688,-0.028312168903321146,0.0365671763592372,0.38985423447500267,2.416906051450569,1.350788679732757,1,1,0,0.0008613009999862697,27,0.0,0.0,9.71345647887443e-05,0.010000000000000002,0.3744726427999255,2.637633938740263,1.3222579445826925,0.015381591675077213,-0.2207278872896937,0.02853073515006445,0.38985423447500267,2.416906051450569,1.350788679732757,False,False,False
1790735237.9464161,TRACK,0.010042799,0.0023405910001201846,0.19018647112196785,0.5698679587707112,1.383142485414952,-0.185855612092004,-0.030987681741583617,0.03586953661248977,0.19118172002907374,0.5701547992702697,1.3824539661366817,-0.19507476136213361,-0.02760095065363588,0.035365508220132666,0.3819668991631625,2.433887747942272,1.361023932425699,1,1,0,0.0008478960000957159,27,0.0,0.0,9.155617150436205e-05,0.010000000000000002,0.37573712798217196,2.637333404151569,1.322295748870353,0.006229771180990552,-0.20344565620929705,0.03872818355534599,0.3819668991631625,2.433887747942272,1.361023932425699,False,False,False
1790735237.9564574,TRACK,0.010040665,0.0020424419999471866,0.1879878468541003,0.5695447897944739,1.3835559896349157,-0.23029848455429958,-0.029684105162244324,0.042475183580451464,0.18922205779812176,0.5698812532211223,1.3828030062142074,-0.19526991619856288,-0.026886057886366277,0.0341589323360048,0.7350745895848292,2.535151844174896,1.3495071593491486,1,1,0,0.0007400199999665347,23,0.0,0.0,9.875226614618443e-05,0.010000000000000002,0.3769990257751797,2.6370504364134506,1.322336985246838,0.3580755638096495,-0.10189859223855438,0.027170174102310398,0.7350745895848292,2.535151844174896,1.3495071593491486,False,False,False
1790735237.9664414,TRACK,0.009984519,0.0026092529999459657,0.18601958295024357,0.5692540648873017,1.3839142593670442,-0.1719810600493645,-0.028693577253191903,0.03056147857828685,0.1872714234372123,0.5696163718293509,1.3831380572944947,-0.19546142256414883,-0.02617184750394952,0.0329544460215485,0.31538378259194266,2.4217524547137677,1.3665164411029735,1,1,0,0.0009130500000082975,28,0.0,0.0,9.125748326976702e-05,0.010000000000000002,0.37825028134978617,2.6367834851044125,1.322381186779455,-0.0628664987578435,-0.21503103039064483,0.044135254323518516,0.31538378259194266,2.4217524547137677,1.3665164411029735,False,False,False
1790735237.9763353,TRACK,0.009893384,0.0023787530001300183,0.18451317152143165,0.5689713251537256,1.3841821214043089,-0.17455700326021503,-0.02614630149361034,0.029907703861762534,0.1853367202564394,0.5693609569447412,1.3834581664500616,-0.19564865756122857,-0.025461121219226928,0.03175659261633063,0.28113709651253027,2.3896546442624658,1.3574409337898556,1,1,0,0.0009167470000193134,28,0.0,0.0,8.337929955227802e-05,0.010000000000000002,0.37948828894326236,2.636537212729692,1.3224284450145614,-0.09835119243073208,-0.24688256846722667,0.03501248877529429,0.28113709651253027,2.3896546442624658,1.3574409337898556,False,False,False
1790735237.986344,TRACK,0.010009235,0.002250399000104153,0.1829443038404941,0.568709561172053,1.3844581723166183,-0.18347920963022699,-0.025334150204822936,0.03196805610024109,0.18337748955148,0.5691097219756096,1.3837699422549088,-0.19583551552370812,-0.02473899658640348,0.03054029633932527,0.31277771964034173,2.3910829264676607,1.349159277787526,1,1,0,0.0008795459998509614,28,0.0,0.0,8.48982623865876e-05,0.010000000000000002,0.38073894338807734,2.6363066193899916,1.3224797741594214,-0.06796122374773562,-0.24522369292233087,0.0266795036281046,0.31277771964034173,2.3910829264676607,1.349159277787526,False,False,False
1790735237.996329,TRACK,0.009984478,0.0024404610001056426,0.18129614121245563,0.5684442045528044,1.3847520399782294,-0.18957982197098208,-0.02604061054755389,0.03267422548999098,0.1814212543880878,0.5688663249417237,1.3840687957405335,-0.19601932291609078,-0.024015574406540802,0.029322584889698553,0.3381212199010472,2.4114889308426073,1.3508618953278462,1,1,0,0.0007955359999414213,27,0.0,0.0,9.895850900591748e-05,0.010000000000000002,0.38198465119112524,2.6360952821778616,1.3225345135849997,-0.043863431290078005,-0.22460635133525422,0.02832738174284652,0.3381212199010472,2.4114889308426073,1.3508618953278462,False,False,False
1790735238.0063944,TRACK,0.010065653,0.0018303080000805494,0.1796086202727336,0.5681757228306044,1.3850385765589506,-0.19166748864721272,-0.024939665328452695,0.03025252563054209,0.17944727032828653,0.568628276031804,1.3843577496147617,-0.19620199420138731,-0.023283151776409848,0.028090502984962826,0.33020173879030823,2.4138062092452275,1.3550692977502719,1,1,0,0.0007190110000010463,27,0.0,0.0,9.859976460657778e-05,0.010000000000000002,0.38323861418724775,2.6359012029718554,1.322593286518079,-0.05303687539693954,-0.2220949937266281,0.03247601123219297,0.33020173879030823,2.4138062092452275,1.3550692977502719,False,False,False
1790735238.0164628,TRACK,0.010068308,0.0018123439999726543,0.1778979755218133,0.5679173424840673,1.385305951810107,-0.19328319913748002,-0.02333837730661649,0.028144486898831516,0.1774709395184234,0.5683975553368987,1.3846343504952532,-0.1963820577340364,-0.022547401734656608,0.026853607780097984,0.3168154720860513,2.406877182123911,1.3556674272615996,1,1,0,0.0007067169999572798,28,0.0,0.0,8.097608444496441e-05,0.010000000000000002,0.38449102834489485,2.635726218918888,1.3226556917038168,-0.06767555625884356,-0.2288490367949767,0.0330117355577827,0.3168154720860513,2.406877182123911,1.3556674272615996,False,False,False
1790735238.0263827,TRACK,0.009920246,0.0022045709999929386,0.17624781076653218,0.5676827697138584,1.3855495072442805,-0.1586014938302727,-0.026128205620830465,0.024286353880759268,0.175521911997217,0.5681774880046346,1.3848946817928476,-0.19655686190372462,-0.021819404271116064,0.025630513548745366,0.04087322260969711,2.3499568754534956,1.365347755153005,1,1,0,0.000855470000033165,29,0.0,0.0,8.772463962301473e-05,0.010000000000000002,0.3857231877435085,2.6355726202778915,1.3227207288740574,-0.3448499651338114,-0.2856157448243959,0.04262702627894767,0.04087322260969711,2.3499568754534956,1.365347755153005,False,False,False
1790735238.0363255,TRACK,0.009942849,0.002106133999859594,0.17455841934597505,0.567497095802338,1.385766751557795,-0.2213553540985468,-0.014864080576561398,0.024850786392244303,0.17356671661595036,0.5679641810512085,1.3851434096472257,-0.19672945015078777,-0.02108669191047218,0.024400263556635347,0.19725639635175252,2.3862600603916664,1.3386789197800988,1,1,0,0.0007940329999200912,26,0.0,0.0,7.952244967353029e-05,0.010000000000000002,0.3869563266193753,2.6354374911188,1.3227894613025257,-0.18969993026762277,-0.2491774307271337,0.01588945847757308,0.19725639635175252,2.3862600603916664,1.3386789197800988,False,False,False
1790735238.0463676,TRACK,0.010041417,0.0019151690000853705,0.17218916908157045,0.5673571611051891,1.3860042930706227,-0.23442288782729198,-0.012471163491149052,0.020829320790180905,0.17159041021854338,0.5677561689731395,1.3853821663617107,-0.1969010796334568,-0.020343609243403865,0.023153380322719096,0.5087999742936802,2.419080652556932,1.3448951570634504,1,1,0,0.0007469229999514937,28,0.0,0.0,8.147276503617506e-05,0.010000000000000002,0.3881998348289258,2.635320228236154,1.3228624908244937,0.12060013946475445,-0.21623957567922192,0.02203266623895661,0.5087999742936802,2.419080652556932,1.3448951570634504,False,False,False
1790735238.056374,TRACK,0.01000678,0.001815829999941343,0.16984340999889458,0.5671772322118454,1.3862488615751962,-0.22425759028674683,-0.023448595101749285,0.02728225086728453,0.16961921984871212,0.5675563130174961,1.3856076215266047,-0.1970694345815675,-0.019599982729113067,0.02190636409839138,0.5727480140640686,2.5037054501493983,1.361218297705433,1,1,0,0.0006910070001140411,26,0.0,0.0,8.608034141378258e-05,0.010000000000000002,0.3894372010785098,2.6352226546902044,1.3229388947028315,0.18331081298555876,-0.13151720454080634,0.03827940300260146,0.5727480140640686,2.5037054501493983,1.361218297705433,False,False,False
1790735238.0663674,TRACK,0.009993296,0.0020117639999170933,0.16773921208648002,0.5669414870842466,1.3864960587919475,-0.19735942718114857,-0.022923949084657155,0.022364701261911223,0.1676490177592682,0.5673641681169095,1.3858202974140954,-0.19723487674698528,-0.018854261599965484,0.02065661289997236,0.3882434836524729,2.456235202430926,1.366991632344665,1,1,0,0.0007957769998938602,27,0.0,0.0,9.040351541492257e-05,0.010000000000000002,0.3906710568513487,2.6351445089383883,1.3230188196164243,-0.002427573198875784,-0.178909306507462,0.04397281272824053,0.3882434836524729,2.456235202430926,1.366991632344665,False,False,False
1790735238.0763652,TRACK,0.009997713,0.00190441900008409,0.16585245375345625,0.5667252415926534,1.3867041893597527,-0.18978672710863945,-0.018859997432052834,0.019181636390622446,0.16567630391928181,0.567179410924664,1.38602054782933,-0.19739769271872698,-0.018105113064256547,0.01940189619413027,0.3096006669751601,2.4034032739642273,1.3577499505331014,1,1,0,0.0007608599999002763,28,0.0,0.0,8.29395810490876e-05,0.010000000000000002,0.3919036176120503,2.6350857081490293,1.3231024149191177,-0.08230295063689018,-0.2316824341848022,0.03464753561398378,0.3096006669751601,2.4034032739642273,1.3577499505331014,False,False,False
1790735238.0863698,TRACK,0.010004436,0.0019074659999205323,0.1639583491857346,0.5665467901545984,1.3868938330300509,-0.19220656105105607,-0.01735826270307344,0.019135369364120712,0.16370064766285952,0.5670020423366027,1.3862083538616752,-0.19755790211518418,-0.01735235798606878,0.018141919389747716,0.3151762123986231,2.3927123184625776,1.3504727744830334,1,1,0,0.0007540770000105113,28,0.0,0.0,8.461199141259626e-05,0.010000000000000002,0.39313516757645167,2.635046354516587,1.3231897169278533,-0.07795895517782857,-0.24233403605400947,0.027283057555180217,0.3151762123986231,2.3927123184625776,1.3504727744830334,False,False,False
1790735238.096313,TRACK,0.00994325,0.0018864449998545751,0.16200311945857937,0.5663716213862422,1.3870883432874557,-0.19821527943293857,-0.017740556917984436,0.01935918986113385,0.16173549963271133,0.5668332357842856,1.3863824995416785,-0.19771442632273128,-0.016601130152075254,0.016885273280556543,0.3629098882763615,2.4164290222585487,1.351526536390606,1,1,0,0.0007325050000872579,27,0.0,0.0,9.533530826618682e-05,0.010000000000000002,0.39435736532457344,2.635026638682879,1.3232801139674375,-0.031447477048211936,-0.21859761642432998,0.02824642242316851,0.3629098882763615,2.4164290222585487,1.351526536390606,False,False,False
1790735238.106321,TRACK,0.010007862000000001,0.002074834000040937,0.15990451075129375,0.566182541624789,1.387287524056422,-0.1999143279459211,-0.018243210497715233,0.018465177597015284,0.15975602401195993,0.5666708903940381,1.3865451376495528,-0.19786923087994185,-0.01584192264378613,0.015616059304446412,0.39219203327963326,2.440480202781429,1.3562801000469584,1,1,0,0.0007589859999370674,27,0.0,0.0,8.600034806621402e-05,0.010000000000000002,0.3955856761474901,2.6350264040005995,1.3233747621572294,-0.0033936428678567982,-0.19454620121917077,0.03290533788972907,0.39219203327963326,2.440480202781429,1.3562801000469584,False,False,False
1790735238.116364,TRACK,0.01004313,0.0018179850001160958,0.15791572060743686,0.5660006265229711,1.3874653490090907,-0.19725211168307044,-0.018096119997751715,0.017285294140704864,0.15776802909945384,0.5665156268252207,1.3866955572993618,-0.19802180736521274,-0.015076913973172323,0.014337935223921024,0.3762489562684105,2.4433210553840055,1.3579355737902612,1,1,0,0.0007126180000796012,27,0.0,0.0,8.735028056876116e-05,0.010000000000000002,0.39681647484116045,2.635046028782253,1.3234734494528548,-0.020567518572749965,-0.19172497339824754,0.03446212433740646,0.3762489562684105,2.4433210553840055,1.3579355737902612,False,False,False
1790735238.1263924,TRACK,0.010028423,0.0018861949999973149,0.15595622910630613,0.5658242860599181,1.3876314318039862,-0.1953735506907561,-0.01719821319541682,0.016143022410637538,0.1557814303583485,0.5663682725132054,1.3868329262521637,-0.19817137456111847,-0.014309900212016,0.013057249817562165,0.3600909441545887,2.438459044742416,1.3565000399302192,1,1,0,0.0007039619999886781,27,0.0,0.0,8.857679508407097e-05,0.010000000000000002,0.3980436352673954,2.6350855598092644,1.3235757065116,-0.03795269111280669,-0.19662651506684867,0.03292433341861901,0.3600909441545887,2.438459044742416,1.3565000399302192,False,False,False
1790735238.1363645,TRACK,0.009971854,0.0018036670001038146,0.15400314669589132,0.5656558405860981,1.387789236436527,-0.19573942224332844,-0.016563534055265186,0.015471713129137248,0.15380456434493855,0.566229391857518,1.3869567636051716,-0.1983173244455272,-0.01354411538477211,0.011779398693299558,0.36161237517448935,2.4407304751374053,1.3550154433347457,1,1,0,0.0007101039998360648,27,0.0,0.0,8.661591861086707e-05,0.010000000000000002,0.3992620585980702,2.6351447023956474,1.3236810770266192,-0.037649683423580826,-0.1944142272582421,0.03133436630812643,0.36161237517448935,2.4407304751374053,1.3550154433347457,False,False,False
1790735238.146364,TRACK,0.009999617,0.001787046000117698,0.1520412263911579,0.5654919832760736,1.387940613047789,-0.19658226963719946,-0.016249400490365953,0.01476630593544205,0.1518207469213398,0.5660978082522564,1.387068127981179,-0.19846089003861903,-0.012773095705322226,0.010493596569208372,0.3685316094865083,2.4485806975958253,1.355059866147075,1,1,0,0.0006952950000140845,27,0.0,0.0,8.341531776239386e-05,0.010000000000000002,0.40048206137031195,2.6352239529928774,1.3237904460079106,-0.03195045188380363,-0.18664325539705195,0.03126942013916438,0.3685316094865083,2.4485806975958253,1.355059866147075,False,False,False
1790735238.1563444,TRACK,0.009980581,0.0022665900000902184,0.15007332694799924,0.5653313267491562,1.3880831917821714,-0.19685003694139908,-0.015901056362222124,0.013776141861589687,0.149839288464765,0.5659741772208156,1.38716643883447,-0.1986013940137375,-0.012000836055321446,0.009206224485561515,0.3722776959547822,2.4566115571388942,1.3559404577175387,1,1,0,0.0007811780001247826,27,0.0,0.0,8.046577453853567e-05,0.010000000000000002,0.40169553579444633,2.6353174693814343,1.3239028429031732,-0.029417839839664096,-0.17870591224254012,0.032037614814365414,0.3722776959547822,2.4566115571388942,1.3559404577175387,False,False,False
1790735238.1664286,TRACK,0.010084328,0.0017418800000541523,0.14810528326094907,0.5651745865142352,1.3882154522026218,-0.1967288092786365,-0.015445543716314618,0.012744881899280525,0.14783582293392758,0.5658571009997774,1.3872527033206177,-0.1987405278564331,-0.011218212095910665,0.00790178178726045,0.371566904520947,2.4635492439708955,1.3568870107247843,1,1,0,0.0006763779999801045,26,0.0,0.0,9.813880967376657e-05,0.010000000000000002,0.4029197820637438,2.6354322441908677,1.3240201789118937,-0.03135287754279682,-0.17188300021997246,0.03286683181289072,0.371566904520947,2.4635492439708955,1.3568870107247843,False,False,False
1790735238.1764023,TRACK,0.009974049,0.0021220549999725336,0.14613854927079029,0.5650233041244253,1.3883377471227725,-0.1967343903969387,-0.01484875345127136,0.011832290225904624,0.1458529005882074,0.5657490798849237,1.3873250667838763,-0.19887532823520032,-0.010441839802903535,0.006607963876629479,0.372306733360602,2.468487176454508,1.3564961886986122,1,1,0,0.0008010970000214002,26,0.0,0.0,9.385116524389942e-05,0.010000000000000002,0.40412884162624696,2.635565921791495,1.32413997273702,-0.031822108265644966,-0.167078745336987,0.03235621596159217,0.372306733360602,2.468487176454508,1.3564961886986122,False,False,False
1790735238.1863809,TRACK,0.009978416,0.0018411179999020533,0.1441708349957418,0.5648772759402192,1.3884521193941373,-0.19683507446691276,-0.014372669223543827,0.011041805929950854,0.14386777867225156,0.5656487715732464,1.3873845308081916,-0.19900737624791712,-0.00966283548680345,0.005309963756329192,0.3741674680346664,2.4748368062603414,1.356138137253492,1,1,0,0.0006849349999811238,26,0.0,0.0,9.07101766383005e-05,0.010000000000000002,0.40533664718063117,2.6357197801848775,1.324263551093264,-0.031169179145964777,-0.16088297392453615,0.031874586160227814,0.3741674680346664,2.4748368062603414,1.356138137253492,False,False,False
1790735238.1963255,TRACK,0.009944452000000001,0.0018531719999828056,0.1422023621694306,0.5647363189984578,1.3885573988618871,-0.1968780496006157,-0.013855220204224972,0.010045591914091864,0.14188811667810805,0.5655565496119288,1.38743088861711,-0.19913616421591943,-0.008884205373563254,0.004012790419944032,0.3762649687114334,2.481920921157044,1.3563409405744828,1,1,0,0.0006938520000403514,26,0.0,0.0,8.708845869533668e-05,0.010000000000000002,0.40653857378409325,2.6358932000026214,1.3243904316445485,-0.030273605072659873,-0.1539722788455772,0.03195050892993444,0.3762649687114334,2.481920921157044,1.3563409405744828,False,False,False
1790735238.2063742,TRACK,0.010049783000000001,0.0022296990000540973,0.14023401951221626,0.5646005943180672,1.388652249084008,-0.19681281519462884,-0.01332647669237396,0.008992952865501627,0.1398861994133401,0.5654712288965862,1.38746461388525,-0.1992634526440369,-0.008095022030669285,0.002698242144307975,0.37570397480309403,2.488401139785317,1.3565671508266792,1,1,0,0.0008249920001617284,26,0.0,0.0,8.402946265497864e-05,0.010000000000000002,0.40775144520716106,2.6360888890462726,1.3245224407619474,-0.03204747040406704,-0.1476877492609555,0.03204471006473197,0.37570397480309403,2.488401139785317,1.3565671508266792,False,False,False
1790735238.2163885,TRACK,0.010013082000000001,0.0022192090000316966,0.13816773320975972,0.5644637040098068,1.3887407500975604,-0.19686770294025013,-0.012731237811099728,0.007887509786458115,0.13789033517331548,0.5653941190353718,1.3874850591569061,-0.19938740012044615,-0.007306418925907392,0.001384866983190307,0.38597062253929454,2.5004600092227016,1.3578951196799285,1,1,0,0.0007879209999828163,25,0.0,0.0,9.749413269643121e-05,0.010000000000000002,0.4089581091364739,2.636304352626719,1.3246577603063583,-0.02298748659717937,-0.13584434340401713,0.03323735937357025,0.38597062253929454,2.5004600092227016,1.3578951196799285,False,False,False
1790735238.2263765,TRACK,0.009988196000000001,0.0018312600000172097,0.136299112672698,0.5643449941391907,1.3888115856817524,-0.1963096692199177,-0.01227494812513729,0.007098903304671146,0.13589820922864695,0.5653250791788932,1.3874923336667575,-0.19950816635344343,-0.0065174904590560865,7.115565565962806e-05,0.3742623568413869,2.502752241977143,1.3568999938342774,1,1,0,0.0006798449999223521,25,0.0,0.0,9.66681526252973e-05,0.010000000000000002,0.410160013246649,2.636539717190189,1.3247965235150019,-0.03589765640526209,-0.133787475213046,0.03210347031927551,0.3742623568413869,2.502752241977143,1.3568999938342774,False,False,False
1790735238.2364166,TRACK,0.010044001,0.0035304190000715607,0.13443494540798984,0.5642329277234683,1.3888728243503419,-0.19656163860360237,-0.01140675341751507,0.005890572983779506,0.13389375128247175,0.5652636112462461,1.3874863988947759,-0.199626700498082,-0.005721856302695823,-0.001253514456182484,0.3652496321443528,2.503289177798135,1.355695343018068,1,1,0,0.000980327999968722,25,0.0,0.0,9.579035654459954e-05,0.010000000000000002,0.4113668668309077,2.636797040257925,1.324939877348537,-0.04611723468655489,-0.13350786245978988,0.030755465669531107,0.3652496321443528,2.503289177798135,1.355695343018068,False,False,False
1790735238.2463696,TRACK,0.009949262,0.0019862149999880785,0.1323654994745178,0.5641159906567026,1.3889295771310728,-0.19788168863908506,-0.010761950885535769,0.004765545467924487,0.13190704080831211,0.5652106130644498,1.3874673849433798,-0.19974122986177656,-0.004931458852841062,-0.0025692605372798953,0.38485996337591605,2.5174034408093475,1.3565821267623193,1,1,0,0.0008443990000159829,25,0.0,0.0,8.406864670696e-05,0.010000000000000002,0.41256059909756904,2.6370724051100174,1.3250856590769928,-0.027700635721652975,-0.11966896430066998,0.03149646768532643,0.38485996337591605,2.5174034408093475,1.3565821267623193,False,False,False
1790735238.256378,TRACK,0.010008183,0.0024095230000966694,0.13038248246699258,0.5640099835447732,1.3889724378557098,-0.19814307884551555,-0.010485156806934154,0.0038547274934412207,0.12990742964661592,0.5651652462433752,1.38743503329171,-0.19985352591762998,-0.004134106966135785,-0.00389637700854328,0.39062173579695364,2.5306812370471965,1.3580863917999126,1,1,0,0.0008045629999742232,24,0.0,0.0,9.929791238419377e-05,0.010000000000000002,0.41375966393002583,2.6373700138792273,1.325236107681482,-0.023137928133072184,-0.10668877683203097,0.032850284118430634,0.39062173579695364,2.5306812370471965,1.3580863917999126,False,False,False
1790735238.266506,TRACK,0.010127671000000001,0.002355048000026727,0.12840526979463807,0.5639084359159501,1.3890045632642334,-0.19730020122899206,-0.00979774614730293,0.0026435453979901866,0.12788281602960808,0.5651274730017987,1.387388756163091,-0.19996417677091885,-0.0033249180803713516,-0.005242984039647251,0.383267596589818,2.535369104807962,1.3579011868151936,1,1,0,0.0008329679999405926,24,0.0,0.0,9.441484813480691e-05,0.010000000000000002,0.41497127954749186,2.637692282505688,1.325392243727293,-0.031703682957673826,-0.10232317769772609,0.032508943087900706,0.383267596589818,2.535369104807962,1.3579011868151936,False,False,False
1790735238.2764003,TRACK,0.009894597,0.0022594560000470665,0.12643504126333038,0.5638145794631182,1.3890249109278994,-0.19708311341975154,-0.008978976684287793,0.0014657561707691197,0.1259037282959633,0.5650984947349412,1.3873303555896956,-0.20006936759705726,-0.0025321040593515856,-0.006562135705192327,0.3831192682434301,2.541241378309902,1.3574128159125634,1,1,0,0.0008291999999983091,24,0.0,0.0,8.85656982818117e-05,0.010000000000000002,0.41615330539729206,2.6380276979882873,1.3255485741958346,-0.03303403715386192,-0.09678631967838525,0.03186424171672878,0.3831192682434301,2.541241378309902,1.3574128159125634,False,False,False
1790735238.2864585,TRACK,0.010058208,0.002255558999877394,0.12446323596896836,0.5637282491191531,1.3890339767341997,-0.1973314701867978,-0.008347223696602707,0.0004003050510736905,0.12389086361708099,0.5650770888899483,1.387257593459742,-0.20017333335393897,-0.0017239077440232846,-0.007906673591225351,0.3844329957120466,2.5491177432349184,1.3571784504474258,1,1,0,0.000818258999970567,24,0.0,0.0,8.23445493471288e-05,0.010000000000000002,0.41735315686847035,2.6383895499096557,1.3257113339361248,-0.032920161156423766,-0.0892718066747374,0.03146711651130105,0.3844329957120466,2.5491177432349184,1.3571784504474258,False,False,False
1790735238.296375,TRACK,0.0099168,0.002196947000129512,0.1224888416013572,0.5636470027726581,1.3890345811911935,-0.19756073827549167,-0.007982002110736484,-3.6233565904673914e-05,0.12190528860326469,0.5650639535311935,1.387172596961966,-0.2002728987402311,-0.0009248343365924601,-0.009235828647501828,0.3896435257614618,2.5602576293053025,1.3564978323202839,1,1,0,0.0007921199999145756,23,0.0,0.0,9.38864340326427e-05,0.010000000000000002,0.4185344510513088,2.6387669917841414,1.3258756068929551,-0.028890925289847026,-0.078509362478839,0.030622225427328665,0.3896435257614618,2.5602576293053025,1.3564978323202839,False,False,False
1790735238.306431,TRACK,0.010055694,0.002710365999973874,0.12051357586535527,0.5635692946918471,1.3890342577118702,-0.19742230970476313,-0.007507747503927117,-3.0462143984964773e-05,0.11989091052119262,0.5650587370547455,1.3870729330040823,-0.20037086620163594,-0.00011230254013208017,-0.01058716117000743,0.3887082422322329,2.5656964945113026,1.352796274334422,1,1,0,0.0006697670000903599,23,0.0,0.0,8.747592217745613e-05,0.010000000000000002,0.41973058739136765,2.639170742811355,1.3260460417724538,-0.03102234515913474,-0.07347424830005239,0.026750232561968165,0.3887082422322329,2.5656964945113026,1.352796274334422,False,False,False
1790735238.3163693,TRACK,0.00993806,0.0021104420000028767,0.11854015459035683,0.5634963992572768,1.3890340051010828,-0.1973227739412385,-0.007057551097622128,-2.0467431636375655e-05,0.11789914404331572,0.5650616205307558,1.3869610663207936,-0.2004647143280588,0.000692962627221187,-0.011926201613740495,0.3898052832971304,2.5719534933484516,1.3488612036764744,1,1,0,0.0006029900000612542,23,0.0,0.0,8.046868070084162e-05,0.010000000000000002,0.4209110553386923,2.639590626918022,1.3262183094947393,-0.03110577204156187,-0.06763713356957059,0.02264289418173525,0.3898052832971304,2.5719534933484516,1.3488612036764744,False,False,False
1790735238.3263667,TRACK,0.009997312000000001,0.0023008050000044022,0.11656695391433392,0.5634277811106809,1.389033833886641,-0.19731286116831873,-0.006663562652218215,-1.560155020324111e-05,0.1158945763010431,0.5650726068695572,1.3868350883984453,-0.20055612694430955,0.0015052702566364193,-0.013276744927854986,0.39169797809126133,2.5804449534430263,1.3454051913132978,1,1,0,0.0005886010001177056,22,0.0,0.0,9.457346292509052e-05,0.010000000000000002,0.42209689000784123,2.6400339910894486,1.3263954489461771,-0.03039891191657988,-0.05958903764642232,0.019009742367120743,0.39169797809126133,2.5804449534430263,1.3454051913132978,False,False,False
1790735238.3363678,TRACK,0.010001261000000001,0.001809438999998747,0.11459421325412311,0.5633631107967698,1.3890336978437947,-0.19722403610789832,-0.006219959519315532,-1.2594122568106159e-05,0.1138883174017434,0.5650917344802738,1.3866955332847988,-0.2006445574202268,0.0023201371849668217,-0.014631339630669241,0.391834286914851,2.586498620587795,1.3406708911270075,1,1,0,0.0006850459999441227,22,0.0,0.0,8.46360347814651e-05,0.010000000000000002,0.4232811928175398,2.640497876794506,1.3265764575405625,-0.03144690590268879,-0.053999256206711116,0.014094433586444953,0.391834286914851,2.586498620587795,1.3406708911270075,False,False,False
1790735238.3463702,TRACK,0.010002653,0.0025905669999701786,0.11262210187258415,0.5633028308945214,1.3890335844426591,-0.19721403156474487,-0.005819668292814495,-1.0778019670601435e-05,0.11188090975336987,0.5651190254340142,1.3865423924724332,-0.20072998580979545,0.0031368392441359725,-0.01598915410167796,0.3926494949251237,2.5933128532616667,1.3357686282467531,1,1,0,0.0007334179999816115,22,0.0,0.0,7.654770137697673e-05,0.010000000000000002,0.42446174808972925,2.6409778121777734,1.3267609191277194,-0.03181225316460557,-0.047664958916106635,0.00900770911903367,0.3926494949251237,2.5933128532616667,1.3357686282467531,False,False,False
1790735238.3563416,TRACK,0.009971394000000001,0.001721821000046475,0.11064980118907197,0.5632461067698671,1.3890334829352202,-0.19723072583460172,-0.005466229501078543,-9.661586081406714e-06,0.10987893985959592,0.5651543689760181,1.386376198553853,-0.2008121452011281,0.003952378407177847,-0.017345435227252383,0.3953766113601308,2.6026825209723983,1.3313744070438978,1,1,0,0.000579465000100754,21,0.0,0.0,9.547155555539243e-05,0.010000000000000002,0.4256369745574744,2.6414773266860476,1.3269486629310636,-0.030260363197343588,-0.03879480571364917,0.004425744112834153,0.3953766113601308,2.6026825209723983,1.3313744070438978,False,False,False
1790735238.3663735,TRACK,0.010031967000000001,0.0017509159999917756,0.10867781069652782,0.5631936512341529,1.3890333907702423,-0.19714942982999212,-0.005003366957682921,-8.976720198852761e-06,0.10786399711507998,0.5651981405023703,1.3861953339480746,-0.20089176637975714,0.004774263024959651,-0.01871267390123653,0.395082292080464,2.608652434587342,1.3254115476521675,1,1,0,0.0005884709999008919,21,0.0,0.0,8.375479680246804e-05,0.010000000000000002,0.4268176995982717,2.642001149544714,1.3271414407505258,-0.031735407517807686,-0.03334871495737229,-0.0017298930983581698,0.395082292080464,2.608652434587342,1.3254115476521675,False,False,False
1790735238.3763664,TRACK,0.009992775,0.001845156999934261,0.10670659547556749,0.5631453018782757,1.3890333032054336,-0.19712506871848373,-0.004634388293297591,-8.567236772415165e-06,0.10585614729250738,0.5652499447966887,1.386001526594425,-0.20096803528685128,0.0055943156172094015,-0.020077270214418737,0.3960076663625586,2.6158987354380536,1.3194160885931236,1,1,0,0.0006286489999638434,21,0.0,0.0,7.082784361506315e-05,0.010000000000000002,0.42799218742169926,2.642544174710559,1.32733735339602,-0.031984521059140694,-0.026645439272505223,-0.007921264802896328,0.3960076663625586,2.6158987354380536,1.3194160885931236,False,False,False
1790735238.3863657,TRACK,0.009999027,0.001622401999838985,0.10473521505613359,0.5631004807214435,1.3890332181848866,-0.1971544735697331,-0.004281345328464359,-8.357239130327154e-06,0.10384629363925228,0.5653099906450478,1.3857939356530187,-0.20104130128468378,0.006416250168196837,-0.021445404740119783,0.398843687199664,2.6256864874245336,1.313893790739612,1,1,0,0.0005067160000180593,18,0.0,0.0,9.539079199681437e-05,0.1,0.4291657988146848,2.643108801410755,1.3275372778646821,-0.03032211161502077,-0.017422313986221155,-0.013643487125070148,0.398843687199664,2.6256864874245336,1.313893790739612,False,False,False
1790735238.3963854,TRACK,0.010020106,0.0020147600000655075,0.10276414222811336,0.5630597075448804,1.3890331345881535,-0.19705105077727503,-0.0038359997170138854,-8.195406285611828e-06,0.10183148347482987,0.5653784144701549,1.3855721703484107,-0.20111164796913195,0.007241282506863919,-0.022819105308122034,0.3992556403861195,2.6326865360352745,1.306998896107654,1,1,0,0.0005133979998390714,15,0.0,0.0,9.620563596189521e-05,0.1,0.4303402791768989,2.6436959884944917,1.3277415316283627,-0.03108463879077941,-0.011009452459217455,-0.020742635520708787,0.3992556403861195,2.6326865360352745,1.306998896107654,False,False,False
1790735238.4063911,TRACK,0.010005619,0.001896614000088448,0.10079422858060116,0.5630230414458399,1.389033051496904,-0.19695581027388007,-0.0034521894561533872,-8.20904182438631e-06,0.09981889837553112,0.565454995149275,1.3853369775234863,-0.20117881012069713,0.008066476954709384,-0.02419348671982926,0.39949589757769866,2.639617702953259,1.2996203926548993,1,1,0,0.0004894230000900279,14,0.0,0.0,9.55448906123254e-05,0.1,0.4315114700033995,2.64430370667867,1.3279493983789472,-0.032015572425700856,-0.0046860037254112166,-0.028329005724047965,0.39949589757769866,2.639617702953259,1.2996203926548993,False,False,False
1790735238.416375,TRACK,0.009983806000000001,0.0020421720000740606,0.09882479009845024,0.562990081606781,1.3890327449225541,-0.19695530866977967,-0.003101600257857287,-8.370221072626083e-06,0.09781004645037192,0.5655396451835875,1.3850885776162238,-0.2012427429130944,0.008891213362946774,-0.02556751624175496,0.40083964150157714,2.647226373076438,1.291971590127849,1,1,0,0.0004253700001299876,13,0.0,0.0,9.24985515988748e-05,0.1,0.4326785343457731,2.6449314279435514,1.3281607092506535,-0.03183889284419596,0.0022949451328866046,-0.03618911912280453,0.40083964150157714,2.647226373076438,1.291971590127849,False,False,False
1790735238.4264083,TRACK,0.010033873,0.0021652969999195193,0.09695393332602631,0.5629653728300283,1.3890231619965299,-0.1969617745926624,-0.0020562980147828674,-0.0021513901138153282,0.0957904929830107,0.5656330224959398,1.3848250973414027,-0.20130388106648747,0.009721426588715892,-0.026951085611038775,0.39184791958770904,2.652298772360423,1.2885298157736342,1,1,0,0.0005841639999744075,15,0.0,0.0,9.864052922769138e-05,0.1,0.43384988012668424,2.6455837952289047,1.3283770065579164,-0.04200196053897522,0.006714977131518376,-0.039847190784282095,0.39184791958770904,2.652298772360423,1.2885298157736342,False,False,False
1790735238.4363832,TRACK,0.009974879,0.002211203999877398,0.09517980372362533,0.5629524722029444,1.3889908326378126,-0.19759926501252548,-0.0005572901527347782,-0.005435878834745396,0.09378222091666015,0.5657341143521505,1.3845493927230852,-0.2013615518540982,0.01054808240291075,-0.0283291408948637,0.37831056720862294,2.655317188883202,1.2872797634766615,1,1,0,0.0005436869998902694,18,0.0,0.0,9.576038456783707e-05,0.1,0.43501278993427656,2.6462537212745634,1.32859593819182,-0.05670222272565361,0.009063467608638635,-0.04131617471515848,0.37831056720862294,2.655317188883202,1.2872797634766615,False,False,False
1790735238.446335,TRACK,0.009951505000000001,0.0019218929999169632,0.09299153156014217,0.5629582821030539,1.3889034406855565,-0.20069119006877018,0.0015625813789584692,-0.010324852174199907,0.09177809699579696,0.565843192666175,1.3842606235873587,-0.2014159874125678,0.011374107826860363,-0.029706558745378128,0.4142902729790977,2.6715088512107363,1.2903824280010758,1,1,0,0.0005315030000474508,15,0.0,0.0,9.782420627956947e-05,0.1,0.43617144785272144,2.646943365255099,1.3288182415176637,-0.021881174873623746,0.024565485955637543,-0.03843581351658796,0.4142902729790977,2.6715088512107363,1.2903824280010758,False,False,False
1790735238.4564893,TRACK,0.010154262,0.002219691000163948,0.09087783282865924,0.562977180956759,1.3887785158904862,-0.20073744129223609,0.0018662296603303014,-0.013123411761001381,0.08973259780580115,0.5659629732705715,1.383951828370287,-0.20146832772385526,0.012218299555708597,-0.031114696782104604,0.42775072140529813,2.69624904815502,1.2952804695199167,1,1,0,0.0007594470000640285,21,0.0,0.0,7.422842768782573e-05,0.010000000000000002,0.43735215361343355,2.647669009379676,1.3290490774635197,-0.00960143220813541,0.04858003877534353,-0.03376860794360295,0.42775072140529813,2.69624904815502,1.2952804695199167,False,False,False
1790735238.466368,TRACK,0.009878556,0.0021187380000355915,0.08898105263314715,0.563000526973858,1.3886388151211158,-0.19854610217090557,0.0031135454164012283,-0.016001404315749042,0.0877421430092158,0.5660877342248097,1.3836376831746136,-0.2015161287116211,0.013040856839437098,-0.03248716389577393,0.40739619720063197,2.6998769706811543,1.295533709257934,1,1,0,0.0007210940000277333,21,0.0,0.0,7.496348489126831e-05,0.010000000000000002,0.43849930218414496,2.648396256924031,1.3292775296789907,-0.031103104983512982,0.051480713757123556,-0.03374382042105665,0.40739619720063197,2.6998769706811543,1.295533709257934,False,False,False
1790735238.4764814,TRACK,0.010113414000000001,0.034697817000051145,0.08690446286458187,0.563041723795207,1.3884563013456805,-0.19782787675802088,0.0046415003917988605,-0.018514925714747672,0.08570389294999697,0.5662238856223696,1.3833020109136005,-0.20156186786494082,0.01388427592552781,-0.033894866470465634,0.40631095102859144,2.704776497469459,1.2940355571966657,1,1,0,0.0007272869997905218,21,0.0,0.0,9.147591040794403e-05,0.010000000000000002,0.4396722051012265,2.64916259309489,1.3295153845880205,-0.033361254072635065,0.05561390437456882,-0.035479827391354725,0.40631095102859144,2.704776497469459,1.2940355571966657,False,False,False
1790735238.51273,TRACK,0.036250406,0.0034263400000327238,0.08690446286458187,0.563041723795207,1.3884563013456805,-0.19782787675802088,0.0046415003917988605,-0.018514925714747672,0.07839458025010405,0.5667821352777296,1.3819815647898324,-0.20169903608800546,0.016918135276591285,-0.038962087209488884,-0.05613607527520842,2.6211208624770377,1.2654721056077833,1,1,0,0.0020835109999097767,75,0.0,3.9018871316853776e-05,9.860685699713546e-05,0.1,0.4438639247247916,2.6520911060823344,1.3304010056109412,-0.5,-0.0309702436052969,-0.06492890000315797,-0.05613607527520842,2.6211208624770377,1.2654721056077833,False,False,False
1790735238.5169141,TRACK,0.004182632,0.002245259000119404,0.07988035867669385,0.5632152912839086,1.3877418948661955,-0.1979487590041766,0.004889328452171347,-0.021526673606288866,0.07755091978365719,0.5668536318334962,1.3818173736718338,-0.2017121509061431,0.01726925292666414,-0.03954889417696899,-0.05565365885612794,2.4814337736617085,1.2823109862511646,1,0,0,0.0009240809999937483,29,0.0,0.0,8.694567173667835e-05,0.010000000000000002,0.44434634114387206,2.6524473230982837,1.3305065197457726,-0.5,-0.17101354943657532,-0.04819553349460808,-0.05565365885612794,2.4814337736617085,1.2823109862511646,False,False,False
1790735238.5264194,TRACK,0.009504813,0.004026763999945615,0.07671427130772113,0.563365513113891,1.3873471111870934,-0.25813091386015485,0.011237082031556628,-0.025970147730888814,0.07563354952874848,0.5670215674721069,1.381435125836414,-0.20173985997402372,0.01806781840496452,-0.040883881871703436,-0.05455985686449216,2.639202024268533,1.325589683497204,0,0,1,0.0026980620000358613,100,0.0,5.91531525201792e-05,0.00014937995592176345,0.1,0.44544014313550784,2.6532674737387607,1.3307485858335217,-0.5,-0.014065449470227535,-0.005158902336317692,-0.05455985686449216,2.639202024268533,1.325589683497204,False,False,False
1790735238.5365305,TRACK,0.010111221,0.0037996410001142067,0.07399033585850656,0.563490076158641,1.3871204636661076,-0.3141660224107711,0.017482854700063437,-0.021906234524953334,0.07359357750319848,0.5672085519129488,1.381014552780479,-0.20176615803521658,0.018917777476871282,-0.04230577476762992,-0.05339873861577071,2.674432397014584,1.3386453662205666,1,0,0,0.0024429059999420133,89,0.0,3.6581010514846746e-05,9.806662531039456e-05,0.1,0.4466012613842293,2.6541590772536745,1.3310098142419384,-0.5,0.020273319760909115,0.007635551978628229,-0.05339873861577071,2.674432397014584,1.3386453662205666,False,False,False
1790735238.5465646,TRACK,0.010034173,0.0033935269998437434,0.0705130919167507,0.5636771480547651,1.3869885043420442,-0.3774874094553112,0.01941538188200473,-0.004032625326069995,0.0715689036230382,0.5674026095671384,1.3805829628486552,-0.2017890066416759,0.019761635715445054,-0.043718520553533674,-0.05224789097971427,2.0004761024787303,0.9069937924817214,1,1,0,0.002066769000066415,75,0.0,4.515212860689566e-05,9.696761743452909e-05,0.1,0.4477521090202857,2.65506581411383,1.3312730348213715,-0.5,-0.6545897116350996,-0.4242792423396501,-0.05224789097971427,2.0004761024787303,0.9069937924817214,False,False,False
1790735238.5563679,TRACK,0.009803492,0.004326955999886195,0.06642301244428506,0.5638092508775854,1.386894005261654,-0.4322646029415081,-0.00024454060791237464,-0.03563693532266622,0.0695905701282221,0.5676003853239149,1.3801475963726468,-0.20180819257539592,0.02058644299506777,-0.045100395765292414,-0.051124855634790634,1.987007457749844,0.9383807428766693,0,1,1,0.002742978000014773,100,0.0,3.9723355894416557e-05,0.0015626492998136454,0.1,0.44887514436520937,2.6559728064844355,1.3315340370137843,-0.5,-0.6689653487345915,-0.393153294137115,-0.051124855634790634,1.987007457749844,0.9383807428766693,False,False,False
1790735238.5664806,TRACK,0.010112473,0.004138717000159886,0.06163316936213814,0.5637722409103967,1.385936273978956,-0.4803387533250286,-0.005973178725342018,-0.1396970703030661,0.06754970385595864,0.5678128685027931,1.3796843056039532,-0.20182472225549983,0.021437594307630918,-0.04652747257790536,-0.049967813530784166,2.114635935654352,1.0455006473758885,0,1,1,0.002759117999858063,100,0.0,0.00020837440203018708,0.0022175439876231384,0.1,0.45003218646921583,2.656930241308438,1.3318072356501185,-0.5,-0.5422943056540859,-0.28630658827422995,-0.049967813530784166,2.114635935654352,1.0455006473758885,False,False,False
1790735238.5763977,TRACK,0.009916929000000001,0.0034298769999168144,0.05656098179173963,0.563712663295898,1.3840437064494964,-0.5327709175607975,-0.004498628000373442,-0.22834919111860563,0.0655481553964639,0.5680296037711137,1.3792159500122283,-0.2018377045447999,0.022272617479151255,-0.0479285635680359,-0.04883449999513212,2.2516756432199094,1.2594658913608527,0,1,1,0.002309662000016033,100,0.0,0.0012144603201486026,0.0011168152256990638,0.1,0.4511655000048679,2.6578907218469987,1.3320790679093126,-0.5,-0.4062150786270894,-0.07261317654845989,-0.04883449999513212,2.2516756432199094,1.2594658913608527,False,False,False
1790735238.5864086,TRACK,0.010010838000000001,0.0037643840000782802,0.050930549368506384,0.5636684643991954,1.3815283633499256,-0.591212020156623,-0.005030341085621268,-0.25709444236257306,0.06352753879028028,0.5682567918909294,1.3787290587947343,-0.20184755622569886,0.023115866804128308,-0.049344522179140565,-0.04769180069543211,2.2170222302469935,1.5223602064606427,0,1,1,0.002390085000115505,100,0.0,0.0008261659616352612,0.0010632167625037132,0.1,0.4523081993045679,2.658881954114539,1.3323574082406697,-0.5,-0.44185972386754535,0.19000279821997298,-0.04769180069543211,2.2170222302469935,1.5223602064606427,False,False,False
1790735238.5963132,TRACK,0.009904425000000001,0.003227941000204737,0.044779708672527896,0.5635221364932148,1.3791585152545114,-0.6423086796908378,-0.032691029157373486,-0.18850472798930445,0.061528319872017734,0.5684898740750226,1.378233385610329,-0.20185407473318703,0.02395045497777857,-0.05074699510342514,-0.046562564716501775,2.0827175168839114,1.358697483248258,0,1,1,0.002199090999965847,100,0.0,0.000631785897559578,0.00150201339259127,0.1,0.4534374352834982,2.6598840649831095,1.3326366797710405,-0.5,-0.5771665480991981,0.02606080347721733,-0.046562564716501775,2.0827175168839114,1.358697483248258,False,False,False
1790735238.6064057,TRACK,0.010092724,0.003396052000198324,0.03808237222974942,0.5629471312868217,1.3778340675865213,-0.6926138384719492,-0.07809994850951055,-0.09542701170690343,0.059491042797386706,0.5687358923595243,1.3777139915955756,-0.2018574019953272,0.02480120618880441,-0.052177716494241966,-0.04541319251746739,1.9143813666793386,1.0932459324859258,0,1,1,0.0023037099999783095,100,0.0,0.00016916427714975944,0.005156777233392362,0.1,0.4545868074825326,2.6609271414780773,1.3329252408123247,-0.5,-0.7465457747987387,-0.23967930832639886,-0.04541319251746739,1.9143813666793386,1.0932459324859258,False,False,False
1790735238.6163309,TRACK,0.009925266,0.003535818000045765,0.03126584808149513,0.5620379552562325,1.3771638409790707,-0.7409083060447671,-0.105663129639775,-0.0711947843609988,0.057487551712792025,0.5689862040027391,1.3771891251372101,-0.20185739892028098,0.02563812033778854,-0.05358624347912177,-0.04428418764387876,1.90489188874899,1.0211869689530078,0,1,1,0.002347935000216239,100,0.0,0.004733271551066553,0.005357114394411111,1.0,0.45571581235612124,2.661974485220406,1.3332129319266819,-0.5,-0.7570825964714157,-0.31202596297367424,-0.04428418764387876,1.90489188874899,1.0211869689530078,False,False,False
1790735238.6263275,TRACK,0.009996621,0.004151892999971096,0.023571177353198358,0.5609459441838309,1.3761621656608103,-0.7966550227278482,-0.10808464347875313,-0.13618475248544554,0.05546967352276168,0.5692467129185177,1.3766463465213479,-0.20185410138591844,0.02648131738726867,-0.055006427787744054,-0.04314835139905565,1.8963891241431705,1.1318593867803057,0,1,1,0.0027540789999420667,100,0.0,0.010654962315822133,0.010180831426584103,1.0,0.45685164860094435,2.6630509837819285,1.333506617857998,-0.5,-0.766661859638758,-0.2016472310776923,-0.04314835139905565,1.8963891241431705,1.1318593867803057,False,False,False
1790735238.6364355,TRACK,0.010108184000000001,0.003592766999872765,0.015306325825641842,0.5598637558770454,1.374433317511203,-0.8519845884716816,-0.11487533718886461,-0.19120294987444436,0.05342932616478156,0.5695187011943814,1.376083067072825,-0.2018473934552916,0.027334182785102166,-0.056444006898290947,-0.04200113562792984,1.9804286701467304,1.2752650627263482,0,1,1,0.002380055999992692,100,0.0,0.06696525804000344,0.010503769285854503,1.0,0.45799886437207016,2.6641615633433453,1.3338075873380535,-0.5,-0.6837328931966148,-0.05854252461170537,-0.04200113562792984,1.9804286701467304,1.2752650627263482,False,False,False
1790735238.6463268,TRACK,0.009891641000000001,0.0036312900001576054,0.006967798103844736,0.558656654464138,1.3725795728891814,-0.9007901304015565,-0.14111522197631926,-0.18570022102083278,0.05143277028477016,0.569793209863688,1.3755177793736502,-0.20183753369264237,0.02816901599333442,-0.05785227733461307,-0.0408797435154018,1.8954213978626704,1.2217139800947132,0,1,1,0.0023753370001031726,100,0.0,0.017493787458296623,0.13938156794798262,10.0,0.4591202564845982,2.6652698323862536,1.3341060079343998,-0.5,-0.7698484345235832,-0.11239202783968652,-0.0408797435154018,1.8954213978626704,1.2217139800947132,False,False,False
