t_wall,phase,dt,compute_time,q_base_joint,q_shoulder_joint,q_elbow_joint,qd_base_joint,qd_shoulder_joint,qd_elbow_joint,qref_base_joint,qref_shoulder_joint,qref_elbow_joint,qdref_base_joint,qdref_shoulder_joint,qdref_elbow_joint,tau_base_joint,tau_shoulder_joint,tau_elbow_joint
1790765344.736423,APPROACH,0.009997229,4.0409000121144345e-05,-0.019575630478445127,-0.007671690417326182,0.0007983744339368215,8.502901103836807e-05,-0.006958026226439223,-9.354056723712319e-05,-0.019575630478445127,-0.007671690417326182,0.0007983744339368215,0.0,0.0,0.0,0.5792020119473903,-0.052480434685782396,0.11845212581500081
1790765344.746417,APPROACH,0.009993964000000001,3.4439000046404544e-05,-0.019616992764802,-0.007733648289225847,0.0008043408139712938,-0.00930086827417004,-0.0061269882532983405,0.0021433661740581636,-0.01957556909770074,-0.00767162257357521,0.0007984347557896208,1.839578327967672e-05,2.0332743635288456e-05,1.807843391614967e-05,0.6002776670560293,-0.030571209172972312,0.12431007174047408
1790765344.756437,APPROACH,0.010020029000000001,3.165499992974219e-05,-0.01973063991666546,-0.007799030842416066,0.000848593915872442,-0.012958707603430684,-0.00657266121830969,0.005885459189666642,-0.019575140906510892,-0.007671149296544397,0.000798855560166987,7.328850625488162e-05,8.100532532039756e-05,7.202419146815928e-05,0.6131694920111347,-0.01617483596314711,0.12708335261796222
1790765344.766624,APPROACH,0.010187456000000001,5.1607999921543524e-05,-0.019866677613491923,-0.007867128643996857,0.0009239062233135087,-0.013998043657229326,-0.006823166464670442,0.008669396360481743,-0.01957398314000862,-0.0076698696245063895,0.0007999933538060759,0.00016423755844019504,0.00018153074105517928,0.00016140426323086224,0.6212236815805339,-0.007144566418962174,0.12837167203853692
1790765344.7764184,APPROACH,0.00979407,2.9752000045846216e-05,-0.020004606771172995,-0.007936740872664494,0.0010234213759501287,-0.0133965461446171,-0.006975296636102724,0.010898941162271162,-0.01957173743056641,-0.007667387455974966,0.0008022003220622547,0.0002908041024306214,0.00032142394661413407,0.00028578738227174846,0.6259397132129494,-0.0018686628484802705,0.1285561503123687
1790765344.7864563,APPROACH,0.010038140000000001,3.5520999972504796e-05,-0.020129714971493406,-0.008007232270181852,0.00114241690685013,-0.01163594379787284,-0.007043968772533951,0.01266897745550437,-0.019568049790065413,-0.007663311530107282,0.0008058243463340284,0.0004525510739015896,0.0005002018575464109,0.00044474402415096455,0.627957633367561,0.0005151370010528181,0.12792520080983916
1790765344.7964296,APPROACH,0.009972938,3.4498999866627855e-05,-0.020234311977106678,-0.008077755946456655,0.00127690684995585,-0.00936470152186621,-0.007026884575779366,0.01408264232640929,-0.0195625705921646,-0.007657255407106133,0.0008112090214879675,0.0006490431816089526,0.0007173833491758071,0.0006378464069213138,0.6284263080666804,0.0013150750782397903,0.12688552301107142
1790765344.806408,APPROACH,0.009978397,3.230599986636662e-05,-0.020315139879065747,-0.008147563008077618,0.0014237943183648127,-0.0069166213152036865,-0.006925789229715,0.015198678522148705,-0.01955495455457,-0.0076488374486222,0.0008186936732836331,0.0008798469073889875,0.0009724892566007689,0.000864668491128256,0.627983521263622,0.0013144002547932042,0.12569475324865542
1790765344.8164682,APPROACH,0.010060468000000001,3.0291999792098068e-05,-0.02037156323909617,-0.008215828316276763,0.0015803412000474637,-0.004496080204634523,-0.006730767515048938,0.01604303960989559,-0.019544860721303865,-0.0076376807981563075,0.0008286133757985046,0.0011445305061583953,0.0012650423746943897,0.001124785979809907,0.6270475022874294,0.0010076015236398297,0.12452394229481124
1790765344.8264227,APPROACH,0.009954215,2.76069999927131e-05,-0.020404722342910908,-0.008281577657300865,0.0017438674595320336,-0.00232190104380633,-0.006437658279352015,0.016597250704739358,-0.019531952444973886,-0.0076234133614616765,0.0008412989688529058,0.0014426640059143024,0.0015945674581044136,0.0014177763184970405,0.6261866526281198,0.0012428021840918888,0.12370072192056532
1790765344.8364217,APPROACH,0.009999173,3.193400016243686e-05,-0.020415529374331776,-0.008341562981004635,0.0019099180907167224,0.00042252425908481623,-0.005430969401962387,0.016585946572579967,-0.019515897369042374,-0.007605667786946177,0.0008570770754349314,0.0017738192077342578,0.001960591221253231,0.0017432186952130852,0.6217645776164513,-0.006188541564900426,0.1201982646110357
1790765344.846459,APPROACH,0.010037108000000001,7.066199987093569e-05,-0.02041604169385902,-0.008396513775697834,0.002076722124090047,0.0004062190948775664,-0.005303857045225789,0.01693049255444412,-0.01949636741009547,-0.007584081446074579,0.0008762701191253739,0.002137569685776237,0.0023626423383378828,0.002100694040474129,0.6261048710854135,0.0030689425481883713,0.12283161752939484
1790765344.856582,APPROACH,0.010123647000000001,5.6797999604896177e-05,-0.020412630336978488,-0.008450927029596933,0.0022514676771940856,0.0002773775355001379,-0.005499121919028714,0.018275384663387337,-0.019473038740112324,-0.007558296413770813,0.0008991963415226496,0.0025334907872786366,0.0028002514433300555,0.002489785027288913,0.6309949378133247,0.012692977208133675,0.12510424087010344
1790765344.8664064,APPROACH,0.009823872,4.753200028062565e-05,-0.020409918069862698,-0.00850704967886795,0.0024452273884199016,0.000262371438554029,-0.00562807884396584,0.020254267466580166,-0.01944559176873431,-0.007527959448820218,0.0009261698196677256,0.00296115963256028,0.0032729511299760873,0.0029100760711588372,0.6351285840265333,0.019169806021406523,0.12570816483088507
1790765344.8764257,APPROACH,0.010019377000000001,3.582099998311605e-05,-0.020407454922702684,-0.008564130775318368,0.002656660687487822,0.0002195340126786978,-0.005735511343719464,0.021963560220653707,-0.0194137111255342,-0.007492721974271794,0.0009575004834690467,0.003420155115020415,0.0037802759517969646,0.003361153330077959,0.64000950189917,0.02764941109065745,0.12715317211999486
1790765344.8864255,APPROACH,0.009999493,3.348700010974426e-05,-0.020405559531415207,-0.008622740858688083,0.002886639868464158,0.00016596305898972474,-0.005886023150579091,0.02393742305027434,-0.019377085642285383,-0.007452240057840463,0.000993494133127461,0.003910057901138712,0.00432176242208832,0.00384260470453299,0.6452665833508439,0.03648870018055369,0.12851578699478663
1790765344.8964064,APPROACH,0.009981072,2.9320000066945795e-05,-0.02040414915245581,-0.008682867261318172,0.0031364689293642556,0.0001137708276537113,-0.006042022240523485,0.02592642779018325,-0.01933540833523104,-0.0074061743923093115,0.0010344524565611471,0.004430450430475264,0.004896949013920434,0.004354019837503297,0.6510340639806929,0.04636952673669556,0.13018608372497575
1790765344.9064069,APPROACH,0.010000225000000001,4.2984000174328685e-05,-0.020403344012747127,-0.00874480712648218,0.003406937096792184,4.7687158759043746e-05,-0.00623295818809658,0.028066571971413774,-0.019288376387353357,-0.007354190275931855,0.001080673046830541,0.004980916915670593,0.0055053761601382405,0.0048949901144609105,0.6573280441923076,0.057133261355894735,0.13202785076042403
1790765344.9164295,APPROACH,0.010022743,4.155199985689251e-05,-0.020403216112790723,-0.008808839041514638,0.003699598333315457,-2.369311270349178e-05,-0.006450496410019849,0.030345838746618666,-0.019235691130642704,-0.007295957592834282,0.0011324494195632617,0.005561043342445644,0.006146586253361317,0.005465108663370511,0.6641342821865983,0.0687428952042318,0.13402340179035507
1790765344.9264123,APPROACH,0.009983045000000001,2.8297999961068854e-05,-0.020403786340004615,-0.008875119988485558,0.004015591215082104,-0.00010611014763652123,-0.006704410909067928,0.032726121745746246,-0.019177058028366847,-0.007231150793417716,0.0011900710303790387,0.0061704174696017786,0.00682012364598389,0.006063970354689435,0.6715606685496953,0.08153536618341184,0.13632012919425937
1790765344.9364057,APPROACH,0.009993173000000001,3.3397000152035616e-05,-0.020405377875203357,-0.008944576375534474,0.00435717916445455,-0.0002106380593181443,-0.007032048513515299,0.03544429670841079,-0.019112186657340137,-0.0071594488747604625,0.001253823292314638,0.006808628829020797,0.007525534650174839,0.006691171801367683,0.6795378994298036,0.0949710430759192,0.13856870772356172
1790765344.9463632,APPROACH,0.009958392,5.5966000218177214e-05,-0.020407257496910525,-0.009013513224403802,0.0047073592144482035,-0.00030569827447115444,-0.007377588295424224,0.03802089076858382,-0.019040790690192693,-0.0070805353610202655,0.0013239875932487888,0.00747526872566491,0.008262367537877686,0.007346311358847903,0.688479856800583,0.11122824090142885,0.14201417925337437
1790765344.956447,APPROACH,0.010082686,4.11010000789247e-05,-0.020400779748226405,-0.009089058742197231,0.005119778320035628,0.0012776854535236362,-0.006960401181979624,0.039976351225627635,-0.01896258787763962,-0.006994098283836561,0.0014008413133271102,0.008169930237576761,0.009030172540810606,0.008028989125065406,0.6916571143008982,0.1157260867480421,0.14091046358357523
1790765344.9663937,APPROACH,0.009947254,4.173199977230979e-05,-0.020382496129014882,-0.009155253072637315,0.005506806200265224,0.0027971818807805966,-0.006957605495446665,0.04145741884562368,-0.018877300030750197,-0.006899830162732729,0.0014846578423870376,0.00889220821587941,0.009828501850466416,0.008738806940448157,0.6975058179398953,0.1299368919314185,0.14423820483288144
1790765344.976407,APPROACH,0.010013548,4.2954000036843354e-05,-0.020339424455040778,-0.009218749834686513,0.005920616692201008,0.005646494043790589,-0.006109890209044135,0.04172042151702106,-0.01878465300321706,-0.00679742798551835,0.0015757065973827497,0.009641699284776352,0.010656909618112591,0.009475368387916776,0.6984611249512873,0.1357041290374217,0.1448825967031011
1790765344.9863565,APPROACH,0.009949788000000001,4.6749999910389306e-05,-0.020265866139861366,-0.0092759559571709,0.0063396058178160075,0.008842187110093325,-0.0055628002266830175,0.042303997653260386,-0.01868437667362542,-0.006686593188691456,0.0016742530398100933,0.010418001841551493,0.011514951954791243,0.010238278792884543,0.6989045353320672,0.14259466630521234,0.1460007040571847
1790765344.9963913,APPROACH,0.010033952,3.711399995154352e-05,-0.020159355814674207,-0.009327485736039698,0.006763871877914163,0.01217728476424777,-0.004990003634401033,0.04280114256260906,-0.01857620492772223,-0.006567031637840781,0.0017805586931315136,0.011220716056569182,0.012402186931319153,0.011027145223257399,0.6986462834095215,0.14947544186657347,0.14728670758220994
1790765345.0064373,APPROACH,0.010046047,3.3166999855893664e-05,-0.020019804958776533,-0.009373144958664703,0.007193000939181182,0.015444671233499433,-0.004428142996202889,0.04333261077742915,-0.01845987564068542,-0.006438453608048023,0.0018948811602009768,0.012049443873274168,0.013318174578287722,0.011841576489433927,0.6981596319243057,0.15687367115675022,0.14886157048486032
1790765345.0164294,APPROACH,0.009992178,3.208499992979341e-05,-0.019848188806670386,-0.009413098394021269,0.007627623925240634,0.018578271135118663,-0.003853357854181575,0.04390287672937552,-0.01833513065939305,-0.00630057376429009,0.002017474140688898,0.01290378900819165,0.014262476886063026,0.012681183144305384,0.6975637506137232,0.16479069123542817,0.1507041342429864
1790765345.0264332,APPROACH,0.010003808000000001,3.103300014117849e-05,-0.019646192429774167,-0.009447129555648637,0.0080681584871094,0.021517781524641705,-0.0032521731780432613,0.04452256770744723,-0.018201715784692533,-0.006153111141841357,0.0021485874485070704,0.013783356950927228,0.015234657804785768,0.013545577483255668,0.6969974407612172,0.17327316820665578,0.1528093566272946
1790765345.036415,APPROACH,0.009981720000000001,3.12540000777517e-05,-0.019425123467422978,-0.009466402983133726,0.008502197874880935,0.023251628672706148,-0.0006476000966989127,0.04217649686542162,-0.01805938075366983,-0.005995789126675918,0.0022884670292335862,0.014687754964166936,0.01623428324437131,0.014434373544161341,0.6956214803368684,0.17661486325102807,0.15411181772266577
1790765345.0464518,APPROACH,0.010036774,4.090999982508947e-05,-0.01918769663155917,-0.009451614010480114,0.00890061505958517,0.024132500466465964,0.0034695037388205625,0.03760888024734806,-0.017907879221918634,-0.005828335435869841,0.002437354977537769,0.015616592083677239,0.017260921074509668,0.015347187107391627,0.6930191330392917,0.17470421160892258,0.1544860019439025
1790765345.0564315,APPROACH,0.009979667000000001,3.8315999972837744e-05,-0.018943269415912845,-0.009397516020012375,0.009256412621835963,0.02466666615937446,0.0071367204673040315,0.033787693174477565,-0.01774696874580957,-0.005650482098003418,0.002595489554605098,0.016569479118305024,0.0183141411246655,0.016283635695808405,0.6914543066143195,0.1746156086966737,0.15555283923560972
1790765345.066486,APPROACH,0.010054445,3.770500006794464e-05,-0.018694652771918285,-0.009309544774912304,0.009578773526089712,0.02501017214351594,0.010299618840220187,0.030823000440872137,-0.017576410764759392,-0.005461965433563426,0.002763105205562131,0.017546028649977577,0.019393515184078097,0.017243338574766186,0.6908850262468421,0.17651481548040604,0.15728823878033488
1790765345.0763552,APPROACH,0.009869868,3.9788999856682494e-05,-0.01845576937351101,-0.009197588592070538,0.009859235949057243,0.025249980854989397,0.013110196345538186,0.02836998601894244,-0.017395970583500186,-0.0052625260353453725,0.0029404325769014387,0.018545855033702652,0.020498617001761435,0.01822591675211218,0.6922090246638798,0.1832241556249547,0.16104738449164901
1790765345.0865343,APPROACH,0.010179219,5.000600003768341e-05,-0.01818922990895011,-0.009041799861563504,0.010141517740120065,0.025518828399191888,0.016421413511370865,0.025512665480219743,-0.017205417354348548,-0.0050519087488557525,0.003127698533906525,0.019568574397568386,0.0216290222865041,0.019230992978186215,0.6901034200152741,0.1802232987744568,0.16115065498598538
1790765345.0964365,APPROACH,0.009901593,3.5660999856190756e-05,-0.01793186617710507,-0.008866650732037407,0.010391062492126402,0.025916240547528904,0.01841275898075368,0.024586353673568876,-0.017004524059474797,-0.004829862652714302,0.0033251261780767546,0.020613804642743375,0.022784308706869354,0.020258191745820806,0.691134465192492,0.18604812132852644,0.1642371008172844
1790765345.1065502,APPROACH,0.010113987000000001,4.26530000368075e-05,-0.017670933472446748,-0.00867098289850432,0.010631053882054431,0.026266346690932967,0.020615259250829264,0.02344835926957771,-0.01679306749317216,-0.004596141039056249,0.0035329348645522837,0.021681165443476612,0.023964055891195095,0.021307139290341105,0.6920616073575431,0.19125646247349,0.16729343489468557
1790765345.1164532,APPROACH,0.009902704,4.515799992077518e-05,-0.01740611294276917,-0.008453139276366706,0.010859873620529648,0.02669162883505839,0.022834780630755943,0.0223797470334067,-0.01657082824412598,-0.004350501393934574,0.003751340219538979,0.022770278247097535,0.025167845427593875,0.02237746358956493,0.6928932501990713,0.19625870760015068,0.17039324868226688
1790765345.126425,APPROACH,0.009971593,4.6970000312285265e-05,-0.017136388835338856,-0.0082138050199827,0.011079681685651543,0.027243049826422328,0.024906648794977122,0.02165165337740056,-0.016337590677682895,-0.0040927053777222566,0.003980554157733351,0.023880766274015985,0.02639526086395288,0.023468794363802743,0.6937485637848805,0.20150428032648238,0.17359170782811892
1790765345.1364446,APPROACH,0.010019856,3.151400005663163e-05,-0.016860502632574104,-0.007954501825038207,0.011293979578032243,0.027918502879324365,0.026835717625612137,0.02126056090985698,-0.016093142918120043,-0.0038225188055145292,0.004220784899747481,0.025012254517722248,0.027645887707933973,0.024580763075857683,0.6946205894053461,0.20698763478936472,0.17686766654847574
1790765345.1464238,APPROACH,0.009979105,2.8028000087942928e-05,-0.01657732423781244,-0.007676410106467024,0.011505905671343797,0.028697683902282854,0.028668803305379607,0.02115099052920913,-0.015837276830914262,-0.003539711627531134,0.004472236989533938,0.026164369744787017,0.028919313426973632,0.025713002931025526,0.6954517720774457,0.21248781470736844,0.18013486203519466
1790765345.1564684,APPROACH,0.010044748000000001,4.3464999635034474e-05,-0.016285865273402145,-0.007380415106802651,0.011718007227544014,0.029570941178883328,0.030418680298234,0.021285167670481407,-0.015569788005011277,-0.0032440579095185757,0.00473511131181072,0.027336740494861424,0.030215127448283016,0.02686514887709472,0.696254218813386,0.21805220286530982,0.18341417266987414
1790765345.1664484,APPROACH,0.009979847,4.0359999729844276e-05,-0.01598522008866876,-0.00706729746196455,0.011932487887306387,0.030527939645776027,0.03210050770529427,0.021622103227243866,-0.015290475735094905,-0.002935335813152375,0.005009605109486164,0.02852899708067701,0.0315329211588479,0.028036837604346356,0.697040132754106,0.22372714573306512,0.18672960622554535
1790765345.176444,APPROACH,0.009995534,4.7571999857609626e-05,-0.015674641499147768,-0.006737581971358431,0.012151259224989275,0.03155403118079321,0.03374105591066183,0.02213253618326532,-0.014999143003856234,-0.0026133275764393168,0.005295912001083891,0.029740771588045754,0.032872287905428725,0.029227707545554187,0.6977742862906615,0.22936477395656613,0.19002104444021492
1790765345.1864743,APPROACH,0.010030604,3.112300009888713e-05,-0.015353488342434218,-0.006391644159773335,0.012375969077452531,0.03263958165369469,0.03534613348786554,0.022801560215660537,-0.014695596464262845,-0.002277819494119715,0.005594221998167714,0.030971697875860064,0.034232822994560604,0.03043739887598464,0.6984642182781001,0.23496961790321558,0.1932863923890127
1790765345.1964333,APPROACH,0.009958670000000001,3.774500009967596e-05,-0.015021262046647443,-0.006029729159459762,0.012608135342536464,0.033771909294984165,0.03692978608475421,0.023614518639146154,-0.014379646421827982,-0.0019286018980696554,0.005904721522766579,0.03222141157609274,0.03561412369255325,0.03166555351339677,0.6990952784261487,0.24045045938470871,0.19648418920821809
1790765345.2064767,APPROACH,0.010043547,4.064899985678494e-05,-0.014677465113504873,-0.005652138390013661,0.012849132455906798,0.034951931799477545,0.0384818205417555,0.024561052677701124,-0.014051106816879759,-0.0015654691377032506,0.0062275934247994855,0.033489550093797046,0.03701578922549104,0.03291181511804229,0.6997052551838141,0.24595281660045465,0.19967139210975907
1790765345.2164803,APPROACH,0.010003558000000001,3.765400015254272e-05,-0.014321585929605973,-0.005259187714335312,0.013100109562338424,0.036179731113329505,0.04001185483083731,0.02560291345797369,-0.013709795206830366,-0.0011882195603749052,0.006563016999500408,0.03477575260710664,0.03843742077923303,0.0341758290926656,0.7003031617201241,0.2515475145898335,0.20288903972924452
1790765345.226447,APPROACH,0.009966754000000001,4.330499996285653e-05,-0.013953365690028363,-0.0048507657557985695,0.013361765352122745,0.037426776816297316,0.04156580589744078,0.02669429519511323,-0.013355532748445238,-0.0007966554917815507,0.006911168004843236,0.03607966006723563,0.039878621499412896,0.03545724258250373,0.7008392698144204,0.2569743108356444,0.20604311031906575
1790765345.2364776,APPROACH,0.010030494000000001,3.3507999887660844e-05,-0.013572488123957172,-0.004426878004828438,0.013634768281848508,0.038710052441631344,0.043104273203231,0.027868996057893523,-0.012988144180112286,-0.0003905832163649172,0.007272218678966684,0.03740091519847851,0.04133899649143895,0.03675570447528636,0.7013652424126724,0.26246199060333414,0.2092114911548608
1790765345.2463746,APPROACH,0.009897966000000001,6.647500003964524e-05,-0.013198648057771933,-0.004009904859761271,0.013905219120467827,0.03995016436109848,0.044575484132374825,0.02902517840978623,-0.012607457804111048,3.0187042286240577e-05,0.007646337757599243,0.03873916249821025,0.0428181528204942,0.03807086540123586,0.7045639190004727,0.2755278239265778,0.21554331586039613
1790765345.2564805,APPROACH,0.010105032,3.945800017390866e-05,-0.012771438673637725,-0.003529096437708823,0.014211980998240392,0.04139512842140533,0.04697481760171635,0.029276792033091012,-0.012213305468881937,0.0004658411410338407,0.008033690491484067,0.04009404823688622,0.044315699511536265,0.03940237773306724,0.7007603527559607,0.2692561081825968,0.21439769016782492
1790765345.2664611,APPROACH,0.009980398000000001,3.3969000014622e-05,-0.012349339198594045,-0.0030549212236525847,0.014517239180820596,0.04293363089788366,0.047664644882256225,0.03186745592391927,-0.0118055225512954,0.0009165610367882736,0.008434438663803941,0.04146522045804219,0.04583124754929741,0.040749895585988155,0.7021198926730684,0.2777650288741032,0.21827585737681499
1790765345.2764318,APPROACH,0.009970721,4.784299972016015e-05,-0.011913273154370074,-0.0025708414364977727,0.014844073449252981,0.04424772974338646,0.04908042508574331,0.03338876958930454,-0.011383947938921118,0.0013825248061061206,0.008848740607606183,0.04285232897829438,0.047364409878284566,0.042113074817698916,0.7030039377834717,0.28441531249121577,0.22180785233239952
1790765345.286414,APPROACH,0.009982241000000001,3.8657000004604924e-05,-0.011464030987949236,-0.002071183866622306,0.015183932154326563,0.0455572627266564,0.05076543150600496,0.03451006836212528,-0.01094842401229721,0.0018639066647879073,0.009276751223227587,0.04425502538733944,0.04891480140277932,0.043491573028392516,0.7035845538249509,0.2903196189817635,0.22523658551547446
1790765345.2964258,APPROACH,0.010011771000000001,3.491000006761169e-05,-0.011001501807644587,-0.0015544245788925437,0.015534892820775248,0.04691257212717047,0.0524692676826801,0.035643687521143406,-0.010498796627199436,0.002360876987475835,0.009718621995719321,0.04567296304795444,0.050482038986837875,0.044885049560754585,0.7040869588205525,0.29616363266522927,0.22867295853362615
1790765345.3064222,APPROACH,0.009996516,3.3848000384750776e-05,-0.01052510740778434,-0.0010208693406363878,0.01589766007086002,0.04832751000139951,0.054128036644266006,0.03686799365456432,-0.010034915096910372,0.0028736023272515603,0.010174501012271889,0.04710579709599684,0.05206574145429109,0.046293165499963394,0.7046077344934549,0.3022919527618142,0.23222103778720948
1790765345.3164318,APPROACH,0.010009568,3.196500028934679e-05,-0.010034368757422918,-0.00047075434930476945,0.016272737119049197,0.049780424689558934,0.05579447582453215,0.038102363508658865,-0.009556632174488622,0.003402245435233906,0.010644532979640037,0.048553184440404566,0.0536655295887445,0.04771558367368991,0.7051117807688554,0.30857026359304424,0.23585797048499574
1790765345.3264167,APPROACH,0.009984945,2.932999996119179e-05,-0.009528954746194529,9.72011081152857e-05,0.016660131089923702,0.051261481569715515,0.05747912033457207,0.03933125202869443,-0.00906380403503801,0.003946965280176632,0.011128859241567682,0.05001478376319597,0.05528102613357829,0.049151968652097734,0.7055323442018802,0.31476252658407816,0.23949391760349456
1790765345.336462,APPROACH,0.010045229000000001,3.232600010960596e-05,-0.009008574393297053,0.0006802498844837856,0.017060010480557608,0.05277254216871163,0.05914974301806202,0.040599122197984075,-0.00855629025797677,0.004507917068066173,0.011627617796212844,0.0514902555194698,0.05691185579194725,0.05060198674784313,0.7060840421022285,0.32156105467348606,0.24339199015854224
1790765345.3464382,APPROACH,0.009976301,3.2836999707797077e-05,-0.008473031708289724,0.0012809711777483912,0.017472222872186194,0.05429517226473215,0.06088235240396436,0.041798055099044815,-0.008033953809306748,0.0050852522617193755,0.012140943313572558,0.05297926193740525,0.05855764522678085,0.052065306016075,0.7065344611065068,0.32820827734701075,0.24729147072894572
1790765345.3564389,APPROACH,0.010000573,4.336399979365524e-05,-0.00792212658869662,0.0018990506639511295,0.017896552183652048,0.05584394234226722,0.06261144680105875,0.043024939189235514,-0.007496661023882601,0.005679118600381268,0.012668967152907827,0.054481467018261905,0.06021802306078319,0.05354159625443492,0.7069916632456704,0.33506288910656695,0.25129904102010786
1790765345.3664799,APPROACH,0.010041062,3.711299996211892e-05,-0.007355497226456009,0.002534337960978128,0.018333234456430425,0.057425758346121715,0.06433563409715773,0.044262966158990016,-0.006944281587680989,0.006289660119322771,0.013211817380168514,0.055996536536379836,0.061892619876433075,0.05503052900305714,0.7074699767332783,0.34223055256919244,0.25546712497341045
1790765345.3764243,APPROACH,0.009944426000000001,3.618199980337522e-05,-0.006773014387187359,0.003187053479059898,0.018782163829132337,0.059014372773752176,0.0660955796591731,0.04547356905034565,-0.006376688520069746,0.006917017169438508,0.01376961878541832,0.057524138039179475,0.06358106821598387,0.05653177754456853,0.7079309298392529,0.3495011312836436,0.2597243563945452
1790765345.3864353,APPROACH,0.01001087,3.6563000321621075e-05,-0.00617475878537288,0.003857640547610508,0.01924313633582475,0.06059619376947085,0.06789038081643015,0.04667987063663981,-0.0057937581560771265,0.007561326436844465,0.014342492900259643,0.0590639408471617,0.06528300258146363,0.058045016904088614,0.7083734823853983,0.35678682479856433,0.26402289745518837
1790765345.3964236,APPROACH,0.009988351000000001,4.536800042842515e-05,-0.005560561294658761,0.00454610705814229,0.019716408221781556,0.06220268868058606,0.06967015519025509,0.047932536997061334,-0.005195370128660974,0.0082227209624758,0.014930558015258551,0.060615616053907834,0.0669980594346751,0.05956992384922962,0.7088406171788366,0.3643330747605799,0.26844471569722417
1790765345.4064353,APPROACH,0.010011652000000001,4.967499990016222e-05,-0.004930061072759173,0.005252273630284243,0.020202283726539427,0.06384081140196679,0.07144576917235668,0.04919389528365224,-0.004581407350977895,0.008901330161684578,0.015533929197369711,0.0621788365260796,0.0687258771971956,0.0611061768900964,0.7093279979764264,0.37219886037928607,0.2730324530762202
1790765345.4164252,APPROACH,0.009990104000000001,3.8827000025776215e-05,-0.0042831657642929954,0.00597639209620926,0.020700626554451595,0.06548174123330391,0.07325942447304921,0.05042562539805376,-0.003951755998652497,0.009597279843837497,0.01615271830736128,0.06375327690341917,0.07046609625037717,0.06265345627928648,0.7097953753731888,0.3801566142711736,0.27770702819952064
1790765345.426431,APPROACH,0.010005381,2.9881000045861583e-05,-0.0036198249821621786,0.006718749160356197,0.021211287160011416,0.06713050650432671,0.07508969554279965,0.05166094191976449,-0.0033063054920465552,0.010310692231913658,0.016787034017239872,0.0653386135987491,0.07221835893534641,0.06421144401188998,0.7102615341858283,0.3882665784073941,0.28248006563506867
1790765345.4364176,APPROACH,0.009986939,3.185500008839881e-05,-0.0029401283692020996,0.007479630908407309,0.021734341192622963,0.0687714506365494,0.07694525023728464,0.052909755886646787,-0.0026449484785282112,0.011041685982102305,0.01743698182767546,0.06693452479797238,0.07398230955300465,0.06577982382548976,0.7107144591278697,0.39640274370702383,0.2872918357354666
1790765345.4463677,APPROACH,0.009950767000000001,5.4072999773779884e-05,-0.0022791320698329898,0.008219601767724072,0.02224302373616105,0.07034205055591224,0.07870124230819285,0.05413844094613143,-0.0019675808147411877,0.011790376203400552,0.018102664085426302,0.06854069046007247,0.07575759436402783,0.06735828120016131,0.7156652188973922,0.4174249578906314,0.29749462069709104
1790765345.4564397,APPROACH,0.010071144,3.889700019499287e-05,-0.0015307876717045588,0.009063003737268538,0.022810331584887322,0.07217248919005892,0.08193324663254418,0.053730936956334366,-0.0012741015488739668,0.012556874477211162,0.018784180000763876,0.07015679231711322,0.0775438615888666,0.06894650335847277,0.7089719200362211,0.40616042939869285,0.2952325325040697
1790765345.466414,APPROACH,0.009974357000000001,3.267600004619453e-05,-0.0007984861564747092,0.009884377527463073,0.02336649004273106,0.07418317214268436,0.08217178008073424,0.0574942477331816,-0.0005644129029289818,0.01334128887694027,0.019481625664897816,0.0717825138742389,0.07934076140774612,0.07054417926548492,0.7111832585503208,0.420384288596686,0.30157099818208527
1790765345.4764085,APPROACH,0.009994522,3.2887000088521745e-05,-4.925146559564553e-05,0.010715499312400567,0.023949209069224153,0.07571813019415548,0.08396872173032001,0.05890426147745843,0.0001615797450081717,0.014143723987595138,0.020195094067400814,0.0734175404096742,0.08114794596066635,0.07215099962875121,0.7121548500935054,0.4302063482720129,0.30706215784385027
1790765345.4864495,APPROACH,0.010041122000000001,3.166399983456358e-05,0.000716116751886986,0.01156634718162497,0.024543402635350375,0.0772524271884966,0.08604895039065484,0.059897434292911306,0.000903967878499539,0.014964280925381893,0.020924675113633565,0.07506155897472423,0.08296506934740179,0.07376665689831777,0.7127151789007524,0.4390842843859473,0.3124076250401558
1790765345.4964528,APPROACH,0.010003307000000001,5.896099992241943e-05,0.0014969329595917458,0.012437442294760181,0.025148447858939882,0.07888756862816983,0.08801136402470827,0.06108424010185316,0.0016628398604856473,0.015803057357303304,0.02167045564216969,0.07671425839377459,0.08479178762750166,0.07539084526672335,0.7133180631972811,0.44844909426521157,0.3179277153343382
1790765345.5064251,APPROACH,0.009972445,3.258600008848589e-05,0.002294607308122032,0.013327829265489477,0.025765716206578304,0.08059983128631515,0.0899301387019983,0.062329145926772744,0.002438280951016246,0.01666014752075647,0.022432519442220657,0.07837532926429121,0.08662775882028978,0.07702326066899935,0.7139115199834459,0.4581932475840782,0.32363239357636786
1790765345.5164366,APPROACH,0.010011481000000001,3.2827000268298434e-05,0.003109285632296732,0.014237788782957672,0.026395260491478112,0.08230870769829786,0.09190397969801,0.0635454504133575,0.0032303733249811686,0.01753564224313063,0.023210947271060715,0.08004446395682048,0.08847264290486462,0.07866360078266989,0.7144182644162012,0.4677892407574742,0.3293309764372899
1790765345.5264075,APPROACH,0.009970721,4.1652000163594494e-05,0.003941238492780386,0.015167345712348457,0.02703730824205053,0.08405421875469545,0.09384723538727827,0.06483085408216058,0.004039196089841112,0.018429628961404876,0.024005816871451813,0.08172135661498928,0.09032610182009938,0.08031156502775169,0.7149240898643651,0.4776268104960155,0.33514424469211596
1790765345.5364168,APPROACH,0.010009327,2.9150000045774505e-05,0.004791010640994742,0.016116091972209645,0.02769242967228447,0.08584832368650376,0.09576376523603401,0.06615048910316655,0.004864825303358435,0.019342191741745892,0.02481720298906854,0.0834057031555048,0.09218779946464183,0.08196685456675415,0.7154331855252516,0.4878184932489992,0.3411349430013332
1790765345.5464315,APPROACH,0.010014717000000001,4.189200035398244e-05,0.0056584311698735235,0.017084450860528122,0.028360511988364756,0.08760983417973899,0.09774467934940824,0.06743191122279871,0.005707333991327987,0.020273411299105735,0.025645177389923036,0.08509720126815472,0.09405740169691434,0.0836291723046793,0.7158815497058617,0.49785523649870833,0.3471132290403748
1790765345.5564184,APPROACH,0.009986859,2.7878000310010975e-05,0.006543857609962345,0.018072240972689002,0.02904181568955977,0.08942479553972399,0.09966953065676826,0.06878979757287795,0.0065667921653078665,0.021223365016819522,0.02648980887778991,0.08679555041580714,0.09593457633511404,0.08529822288902186,0.7163640732969841,0.5083394576053482,0.3532881735035664
1790765345.566411,APPROACH,0.009992799,2.9189999622758478e-05,0.007447106571137674,0.019079695625969784,0.02973651333220051,0.09120203034939528,0.1016540462963839,0.0701160915357353,0.007443266840350286,0.022192126966203252,0.027351163311631208,0.0885004518344106,0.0978189931572127,0.0869737127097692,0.7167996326341508,0.5186892930160008,0.35945285720457665
1790765345.5764172,APPROACH,0.010005882,4.160100024819258e-05,0.008368230075555871,0.020106859573052027,0.03044478911047399,0.09300119900197758,0.10360891595030972,0.07150649112596397,0.008336822052732343,0.023179767926151517,0.02822930362302131,0.09021160853299398,0.09971032390095659,0.08865534989940128,0.7172526637632907,0.5292921239994445,0.3657316382577035
1790765345.5864062,APPROACH,0.009989403,2.9270000140968477e-05,0.009260261909439294,0.021100555688741807,0.031130681788827275,0.0947357365662074,0.10545368229225924,0.07284458390538354,0.009247518877686794,0.024186355402735192,0.02912428983357182,0.09192872529366672,0.10160824226386683,0.09034284433289086,0.723539335649657,0.5567803074456903,0.37908425879817736
1790765345.5964055,APPROACH,0.00999918,3.084299987676786e-05,0.010265147979496625,0.02222888611468221,0.03189073283430677,0.09667661472114003,0.10936698633325011,0.07181178240807362,0.010175415447132928,0.0252119536487993,0.030036179072356586,0.09365150867161857,0.10351242390323907,0.09203590762770322,0.7143799573305858,0.5408666834639465,0.37573439389916846
1790765345.606441,APPROACH,0.010035372,3.836599989881506e-05,0.011244121817313157,0.023321760053212515,0.032633477107856024,0.0990147791593908,0.10899825086758241,0.0767533317579763,0.011120566967407323,0.026256623683560666,0.030965025593336543,0.09537966699511978,0.10542254643614365,0.09373425314379638,0.717273495059236,0.5597902238986849,0.3840133182706266
1790765345.616425,APPROACH,0.009985176,3.648200026873383e-05,0.012091312466072424,0.024255539201886833,0.03329206183565603,0.10030302558657735,0.11064845443778347,0.07802562229759447,0.01208302573699465,0.02732042331220568,0.031910880792784674,0.09711291036552089,0.10733828943942546,0.09543759598362091,0.7366048083475872,0.6241720691204129,0.4127038669502146
1790765345.626432,APPROACH,0.010005681,4.040000021632295e-05,0.013255446535476167,0.025572501865972264,0.03415698296231717,0.10224361357019202,0.11893740400787566,0.07142221259155473,0.013062841164258508,0.028403407145488085,0.03287379322671094,0.0988509506572531,0.10925933444970426,0.09714565299212023,0.707162788199964,0.551282802180445,0.38865780674178935
1790765345.636432,APPROACH,0.010000112,3.776499988816795e-05,0.014296369882641713,0.02673671371876729,0.03493238619889638,0.10567357660413695,0.11360549026742367,0.08379748745098387,0.014060059785172184,0.029505626619326653,0.03385380862828718,0.10059350151782784,0.11118536496337424,0.09885814275673022,0.7155038550108709,0.587882354343431,0.4010620217965018
1790765345.64661,APPROACH,0.010178979000000001,6.59230004202982e-05,0.015357443452007402,0.02788193146809892,0.035779694091864656,0.1065915965170239,0.11554198818482875,0.08517520978868279,0.0150747252810495,0.030627130014403016,0.03485096992527206,0.10234027836783695,0.11311606643660425,0.10057478560737945,0.7181034775019814,0.6033342558412373,0.40913754395529345
1790765345.6564524,APPROACH,0.00984163,4.091099981451407e-05,0.01642818737757601,0.029052478944358917,0.036631115327637964,0.10758831266238915,0.11841824398875261,0.08506335436550375,0.016106878496275595,0.03176796247575933,0.03586531725743602,0.1040909984009529,0.11505112628533802,0.10229530361648934,0.7192188750558436,0.6151790743602222,0.41654016734940424
1790765345.666364,APPROACH,0.009911699000000001,3.2626000120217213e-05,0.01745679320713389,0.03018931919416179,0.03744157545392568,0.10896354036891806,0.12070757113738696,0.08562160400830038,0.017156557456037752,0.032928166032396095,0.036896887993986154,0.10584538058392837,0.11699023388529366,0.10401942059897369,0.7268083817353026,0.6468144849518741,0.43204903466379746
1790765345.6764424,APPROACH,0.010078326,3.307699989818502e-05,0.018610255890203042,0.03148040377072281,0.03833139386307671,0.11079022563993232,0.1250863732715654,0.08379302777133041,0.01822379738405614,0.034107779616869845,0.03794571675099116,0.10760314565659654,0.11893308057196401,0.1057468621122391,0.7168535378387761,0.6296035453890596,0.4286896085428476
1790765345.686436,APPROACH,0.009993360000000001,3.253599970776122e-05,0.01973103426414191,0.03272964524094846,0.03919456420044565,0.11328188295259652,0.12451990157152998,0.088897695331003,0.019308630720314697,0.0353068390848909,0.03901183540880626,0.10936401613187102,0.12087935964061665,0.10747735545618485,0.7203436500489458,0.6518254713880023,0.4384823501556096
1790765345.6966212,APPROACH,0.010193504,0.00011825399997178465,0.02081416361078059,0.03392254955316343,0.040044871577321395,0.11475596100826808,0.12653055596258134,0.08994144513907065,0.020411087138791882,0.03652537723492117,0.040095273129498156,0.11112771629574587,0.1228287663462937,0.1092106296732028,0.728492945680666,0.6858530522566897,0.4548837024694647
1790765345.7063978,APPROACH,0.009768294,3.7834999602637254e-05,0.021970757538031904,0.03520665215532848,0.040938815957270336,0.11650928180036764,0.1305407136214392,0.08833163622223067,0.021531193565191523,0.03776342382777183,0.0411960563742699,0.11289397220729558,0.12478099790381202,0.11094641554817758,0.7259813710580989,0.6907654670991668,0.46068278965584275
1790765345.7163975,APPROACH,0.009999741000000001,3.315699996164767e-05,0.023147462764241844,0.03652646925966874,0.041825152177691116,0.11880617610475422,0.1330327627831649,0.08923863205530674,0.022668974194673563,0.03902100560620111,0.04231420892088589,0.11466251169867495,0.126735753487763,0.11268444560848632,0.7241264903218686,0.6985680961497392,0.466779950770446
1790765345.7264867,APPROACH,0.010089976,5.006599985790672e-05,0.024348020969711115,0.03786445423958895,0.042730790149321685,0.12124018623676072,0.13434551840895792,0.0919242882924563,0.023824450509584892,0.04029814631451199,0.04344975188109669,0.11643306437511931,0.12869273423251276,0.1144244541239989,0.7238461346696046,0.7111003988811775,0.4740111858463055
1790765345.7364445,APPROACH,0.009957017,3.663299958134303e-05,0.02557119947776254,0.03921658721777632,0.04366176561073587,0.12333239297337288,0.13595797505462245,0.09415567445743622,0.024997641297190197,0.04159486671815006,0.04460270371806413,0.11820536161494445,0.13065164323220213,0.1161661771070779,0.7238009878343288,0.7236672877267489,0.4813697546390542
1790765345.7464936,APPROACH,0.010049286000000001,4.789200011146022e-05,0.026813459438264076,0.040586792375150615,0.044612411294899346,0.12513904589667857,0.1378813651485482,0.09593917646195849,0.0261885626674027,0.04291118462330114,0.045773080263786056,0.11997913656954642,0.1326121855407464,0.11790935231257839,0.7238130009650077,0.735794096271064,0.48869990508438604
1790765345.7564685,APPROACH,0.009974809000000001,4.0409000121144345e-05,0.028074180136959725,0.041975631671087754,0.0455811803319639,0.12698541089788584,0.13971311275058673,0.0977748882729007,0.02739722807051498,0.04424711489648907,0.04696089473652133,0.1217541241634019,0.1345740681718357,0.11965371923784832,0.7240304961604185,0.748824089197623,0.49639013845059793
1790765345.7665021,APPROACH,0.010033779000000001,4.207199981465237e-05,0.029353093979446854,0.04338315917883584,0.04656755719551686,0.1287801606676138,0.14162558816658743,0.09945206920813954,0.02862364831492977,0.04560266948417347,0.048166157758214784,0.12353006109406783,0.1365370000989347,0.12139901912272814,0.7243078456289922,0.762083215292779,0.5042489709522764
1790765345.776441,APPROACH,0.009938987,4.9464999847259605e-05,0.030649850065891826,0.04481009065851449,0.047570099096486906,0.1305604156741127,0.14358566271125384,0.10102122595386259,0.02986783158489082,0.04697785743234751,0.0493888773719221,0.12530668583218169,0.1385006922552828,0.12314499494955101,0.7246199624139289,0.7755938593297796,0.5122785777199461
1790765345.786343,APPROACH,0.009901713000000001,3.055300021514995e-05,0.031898267518657875,0.04618394865732256,0.04853673147057247,0.13223941439244405,0.14548125169345932,0.10244656315072348,0.031129783458213614,0.04837268490613559,0.05062905905923476,0.1270837386214613,0.14046485753389396,0.12489139144314275,0.7327296114849358,0.8116986212535344,0.5297928350782
1790765345.7964337,APPROACH,0.010090567,4.4345999867800856e-05,0.03329637759074444,0.047736222032290776,0.04960350344621034,0.13412678309796963,0.15007241681284422,0.1006290373445072,0.03240950692401625,0.04978715520939114,0.051886705757704966,0.12886096147870488,0.14242921078755674,0.12663795507082173,0.720255476683549,0.7894917936542571,0.5248567026240519
1790765345.806404,APPROACH,0.00997046,3.578200039555668e-05,0.03465164435510015,0.049234186986494954,0.05063760518452032,0.13687162734877273,0.14899728860790035,0.10665052144779072,0.03370700240045017,0.05122126880429435,0.05316181787827057,0.13063809819379124,0.1443934688288346,0.12838443404239924,0.7234300333980246,0.8133893302113792,0.5354123127575613
1790765345.8163764,APPROACH,0.009972745,5.918100032431539e-05,0.03595805964432319,0.05065799484037026,0.05165987835717445,0.13820269893387932,0.15066976048948622,0.10835518159948804,0.035022267752431085,0.05267502333094994,0.05445439332268003,0.13241489432967943,0.14635735043006534,0.1301305783101789,0.7329936341754844,0.8532735980127663,0.5542872837077841
1790765345.8264222,APPROACH,0.010045399,3.424900023674127e-05,0.037417082697912996,0.0522651025636689,0.05278693687255487,0.13974697198235644,0.15552600247753023,0.10596131800218497,0.03635529830936956,0.05414841362698478,0.055764427500917195,0.13419109722240902,0.14832057632336168,0.13187613956895725,0.7208353924178678,0.8318281877460572,0.549862746199232
1790765345.836423,APPROACH,0.010000663,3.2685999940440524e-05,0.03882740082144487,0.05381694835743822,0.05387492556453388,0.1423065803074721,0.15452171690468233,0.11177207177836113,0.03770608688290211,0.05564143174714592,0.05709191334862651,0.1359664559810999,0.15028286920061065,0.13362087125602323,0.7246048786059915,0.857440329175732,0.5612037435922252
1790765345.846442,APPROACH,0.010019124,3.1163999665295705e-05,0.04025659390403291,0.055373723882652826,0.05499849928439371,0.1436117645268612,0.15671014427064572,0.11278252219983342,0.03907462378462177,0.057154066982897975,0.05843684134453763,0.13774072148795263,0.15224395371347438,0.13536452855115877,0.725956118499944,0.8741311747643827,0.5708028034472535
1790765345.8564446,APPROACH,0.010002596,4.025899988846504e-05,0.041699588495271556,0.056954303045861465,0.05612905842049365,0.14508719540960396,0.15914161629852908,0.11339052403160055,0.04046089684380899,0.058686305882021186,0.059799199527890576,0.13951364639824793,0.1542035564733893,0.13710686837663816,0.7266630919635353,0.8896816858752576,0.5802358170236906
1790765345.8664367,APPROACH,0.009991938,4.7060999804671155e-05,0.04315898040135746,0.05855766710441479,0.05726786802908901,0.14687880612825308,0.1612633752272247,0.11443903697754579,0.041864891425162414,0.0602381322682089,0.061178973515860505,0.14128498514034704,0.1561614060515666,0.13884764939722852,0.7273143517594323,0.9060053787508827,0.5899133768551122
1790765345.8764384,APPROACH,0.010001644,3.948800031139399e-05,0.044637567109204745,0.06018146748843822,0.05841785164958946,0.14885689807870486,0.16328900465545557,0.11557997531379322,0.04328659044652973,0.061809527260665575,0.06257614652098276,0.14305449391569167,0.15811723297899208,0.14058663202018956,0.7278371293504662,0.9227582906745423,0.5998209147040283
1790765345.8864357,APPROACH,0.009997507000000001,2.9751000056421617e-05,0.04613598390983231,0.06182586649329469,0.059578862996985116,0.1508395205128519,0.16538276586102302,0.11664448479528544,0.044725974396638446,0.06340046929370434,0.06399069936857774,0.14482193069880386,0.16007076974642626,0.1423235783952736,0.7281960455633286,0.939331874605498,0.6097550030412191
1790765345.8964257,APPROACH,0.009989974,2.6234999950247584e-05,0.047653558448759625,0.06349172425183358,0.06075043090554111,0.15276419536878447,0.16751230965472214,0.11774178220971707,0.04618302135282669,0.06501093413634482,0.06542261051417585,0.14658705523728624,0.1620217508044043,0.14405825241472575,0.7284722038193141,0.9556589618764628,0.6196243086223348
1790765345.9064019,APPROACH,0.009976381000000001,5.6277000112459064e-05,0.04911333140411145,0.0650935032232427,0.06187448400073148,0.15462298739176863,0.1694460129336918,0.11895949920238924,0.047657706998774016,0.06664089491191086,0.06687185606094234,0.1483496290518216,0.16396991256323593,0.1457904197132836,0.7376691630581786,0.9980319316430443,0.6403246141666482
1790765345.9163973,APPROACH,0.009995624,3.582199997254065e-05,0.05066920415444187,0.06681213876517589,0.06305293160825709,0.15661173311593646,0.17416417476678409,0.11662730766584156,0.04915000464223218,0.06829032211762825,0.06833840977710237,0.15010941543617337,0.16591499339300556,0.14751984766817755,0.7325316085402063,1.0001820843017406,0.6462811395040373
1790765345.9263964,APPROACH,0.00999857,2.9601000278489664e-05,0.052250703641974816,0.06856311245784497,0.06423052484507519,0.15972275648341286,0.1755143184756457,0.11934351859760947,0.05065988523275601,0.06995918364422256,0.06982224311336582,0.1518661794571854,0.1678567336235723,0.14924630539913064,0.7302736583028174,1.0125128921879472,0.6543917316714484
1790765345.936396,APPROACH,0.00999964,3.084299987676786e-05,0.053861507158033284,0.07032387754925828,0.06544093089414904,0.1623853731649271,0.1764534656098912,0.12268622388759898,0.05218731737943416,0.07164744479551673,0.0713233252203523,0.1536196879547818,0.16979487554456987,0.1509695637683584,0.729486081191006,1.0280452391600035,0.6633511381508137
1790765345.946398,APPROACH,0.010002376,3.860599963445566e-05,0.05549511721460654,0.0720973574726873,0.06667976295078848,0.16432518145869787,0.1780820344794665,0.12498711267001733,0.053732267368619926,0.07335506830802899,0.07284162296601598,0.15536970954196727,0.17172916340540667,0.15268939538056928,0.7289425252674913,1.0428765075554218,0.6723134037906175
1790765345.9563534,APPROACH,0.009955124000000001,3.24160000673146e-05,0.057146661556356726,0.07388812979041592,0.06793978527796352,0.16602716323308217,0.1798522423272773,0.12701342016828115,0.05529469918166208,0.07508201437057051,0.07437710095307068,0.15711601460482688,0.17365934341526568,0.15440557458296417,0.7286926528945992,1.0581340841143698,0.681512139718337
1790765345.9663389,APPROACH,0.009985447000000001,3.029200024684542e-05,0.05881398069181998,0.07569727201945842,0.06921916829623509,0.1675886194812859,0.18167842860359784,0.12892731501956675,0.056874574512635584,0.07682824064384314,0.07592972153641458,0.15885837530252608,0.17558516374310457,0.15611787746523673,0.7286788836494248,1.0737668006956054,0.690875986858011
1790765345.9763587,APPROACH,0.010019895000000001,3.06330002786126e-05,0.06049724924924593,0.07752436638304516,0.0705176219754744,0.16922405826528047,0.18344151673934964,0.13083164628501193,0.05847185278607256,0.07859370228003724,0.07749944484055536,0.1605965655673108,0.1775063745176557,0.1578260818595732,0.7287952140224246,1.090097753174696,0.7005356301831803
1790765345.9864256,APPROACH,0.010066887,3.863699976136559e-05,0.06219698826367903,0.07936938313802777,0.0718341975824357,0.170887295768307,0.1852592243888358,0.1325598842563258,0.060086491174692835,0.08037835194242923,0.07908622877703492,0.16233036110450744,0.179422727827426,0.15952996734065258,0.7289187641925357,1.1067363684810747,0.7104096018218169
1790765345.9963973,APPROACH,0.009971392,2.8948999897693284e-05,0.06391454545279895,0.08123197198686771,0.07316796289251837,0.1726984401715142,0.18702539977325636,0.13422083015213693,0.061718444617135076,0.08218213982497966,0.0806900290618545,0.16405953939252269,0.18133397772069715,0.16122931522564649,0.7290532159865276,1.1240924680221387,0.7206495620318932
1790765346.006416,APPROACH,0.010018908,3.1183000373857794e-05,0.065648932849804,0.08311379537776364,0.07451625661388217,0.17435530642386302,0.18901787822337635,0.13554666452306346,0.06336766583568733,0.08400501367193064,0.08231079923289952,0.16578387968284367,0.18323988020552526,0.162923908574219,0.7291078494935299,1.1410532200276553,0.7308809407894021
1790765346.016359,APPROACH,0.009943231,3.044200002477737e-05,0.0673124474701261,0.08491947159335123,0.07580989759645806,0.1760059326806329,0.19082065702900988,0.13690211037397493,0.06503410535401788,0.08584691879740372,0.08394849066736441,0.16750316300003817,0.18514019324974149,0.16461353218852734,0.7391408673577881,1.1874406489907443,0.7533888030348126
1790765346.026435,APPROACH,0.010075849000000001,2.8308999844739446e-05,0.06916973937220572,0.08695101319653542,0.07723272257756264,0.17791687330515232,0.19597838576354365,0.13404461216352093,0.06671771151490613,0.08770779810499768,0.08560305259917772,0.16921717214175402,0.18703467678095112,0.16629797261322074,0.722844982526982,1.1589406127153339,0.7470894285788447
1790765346.0364478,APPROACH,0.010012741,3.1834000310482224e-05,0.07096589738841885,0.08889937033229955,0.0786124465588216,0.1814380143446515,0.1932554566994654,0.14215904266707802,0.06841843049797344,0.08958759210738623,0.08727443213642697,0.17092569167871977,0.18892309268653448,0.16797701813544155,0.7271261055632118,1.1916213287561994,0.7610849419242927
1790765346.0464141,APPROACH,0.009966250000000001,5.003600017516874e-05,0.07278293785289147,0.09084556147618184,0.08003628805329832,0.18214325854763763,0.19582419467039633,0.1424706299358418,0.07013620633741371,0.0914862389459157,0.08896257427878349,0.17262850795474433,0.1908052048136465,0.16965045878482468,0.728129331615692,1.210351845653893,0.7723432146773752
1790765346.0564015,APPROACH,0.009987938,4.0809999973134836e-05,0.07451854437928684,0.09271754017544076,0.08139183776553516,0.18339018484476777,0.19798068773879487,0.14305787660813635,0.07187098093972448,0.09340367441020293,0.09066742193492748,0.17432540908671698,0.19268077896921662,0.1713180863334977,0.7389444267029193,1.2593389552114513,0.7962802781169145
1790765346.066423,APPROACH,0.010021436,3.886700005750754e-05,0.07635942355034864,0.09472429527741433,0.08280594495993743,0.1849475220772042,0.20320397907284415,0.1397325558016316,0.07362269410143744,0.09533983195773282,0.09238891593997285,0.17601618496460741,0.19454958291994898,0.17297969429608073,0.7330949643914535,1.261660995639243,0.8030639196754187
1790765346.0764065,APPROACH,0.00998313,4.0749999698164174e-05,0.07822529208784434,0.09676421906338462,0.08421506703037185,0.18840078386335593,0.20413126879009255,0.14272398006126047,0.0753912835268495,0.09729464273345628,0.09412699507289223,0.17770062725146582,0.19641138639232242,0.1746350779296866,0.730451228460397,1.276403028888121,0.8124858959037355
1790765346.0864067,APPROACH,0.010000579,3.8145999951666454e-05,0.08012277690065694,0.09881068634113,0.08565828298915701,0.1910856302051029,0.20495585940268335,0.14589480142817454,0.07717668484575343,0.09926803558938786,0.09588159607394177,0.1793785293834228,0.19826596107259034,0.17628403423392092,0.7293105331995804,1.2939565198358434,0.8227338753760288
1790765346.0964077,APPROACH,0.010001221000000001,4.920499986837967e-05,0.0820420412594638,0.10086963867572774,0.08712692291851454,0.19282595766378513,0.20661971517591957,0.14781650641726285,0.0789788316311687,0.10125993710420347,0.09765265366208617,0.18104968656968934,0.20011308060678096,0.17792636195088177,0.7284853097054989,1.3107179351962548,0.8330149271909535
1790765346.1064045,APPROACH,0.009996413000000001,3.3618000088608824e-05,0.08397747929696386,0.1029456399585138,0.08861377986119834,0.1943990057690865,0.20828854135973587,0.14965106133537043,0.0807976554170722,0.10327027160283814,0.09944010055242351,0.18271389579255679,0.20195252060069682,0.17956186156515994,0.7280577456691443,1.3283942267153361,0.843668939270604
1790765346.116399,APPROACH,0.009994469,4.059999992023222e-05,0.08592858168795559,0.10503807900659634,0.09011885190156654,0.19597204917960323,0.2099114437006936,0.15145623774388484,0.08263308571612937,0.10529896117608398,0.1012438674736104,0.18437095580739718,0.2037840586199156,0.18119033530383905,0.7278630434182772,1.3469146957862694,0.8546734163006744
1790765346.126399,APPROACH,0.009999919000000001,4.938499978379696e-05,0.08789532220615559,0.10714708571449183,0.09164099768372402,0.19753164103988854,0.2116042264549824,0.15306651132311355,0.08448505003742456,0.10734592570018756,0.1030638831852866,0.18602066714266255,0.20560747418978906,0.18281158713649504,0.7277243894747878,1.365809347603493,0.8659210721945169
1790765346.1364028,APPROACH,0.010003735000000001,5.2971000059187645e-05,0.08987778456682971,0.1092732448437177,0.09317847186815964,0.19912499475937268,0.21333149333539048,0.15454099893857912,0.08635347390419214,0.10941108285644795,0.10490007449550018,0.18766283209988582,0.2074225487954441,0.18442542277519686,0.7275947999094398,1.3850590923887407,0.8773985402616346
1790765346.1464942,APPROACH,0.010092077000000001,5.59060003979539e-05,0.09187639242876156,0.11141678468228111,0.0947301501494957,0.20076497857259812,0.2150733649265419,0.15592112724073726,0.08823828087154718,0.11149434815081431,0.10675236627813231,0.18929725475367992,0.20922906588178194,0.18603164967450583,0.7274579009743454,1.4046556213359214,0.8890945542509607
1790765346.156399,APPROACH,0.009904133,4.656999999497202e-05,0.0938931059680419,0.11357665083935053,0.09629626154445958,0.20261282371840747,0.21669971249819012,0.15733798293024587,0.09013939254421627,0.11359563493348368,0.10862068149032221,0.19092374095173859,0.21102681085347866,0.1876300770314762,0.7273012727103998,1.42503612482885,0.9011610359800879
1790765346.1663973,APPROACH,0.009998487,3.70640000255662e-05,0.09592611334905143,0.11575498467975187,0.09787384046742353,0.20415796286725105,0.2186590932790957,0.15831742447791441,0.09205672859426839,0.1157148544184988,0.11050494118989222,0.19254209831483562,0.2128155710749848,0.18922051578565452,0.7246468439164382,1.4350330842818666,0.9081699117438232
1790765346.1763968,APPROACH,0.009999417,4.367500014268444e-05,0.09797576008358444,0.11794923663183798,0.0994649660084157,0.2059803366409818,0.2198200845700242,0.1601197809280801,0.09399020677884562,0.11785191570334574,0.11240506455277252,0.19415213623682548,0.2145951358705257,0.19080277861908035,0.7235361537605546,1.4506291839700434,0.9172306311473942
1790765346.1863968,APPROACH,0.009999899000000001,3.060300014112727e-05,0.10004238775254581,0.12015623154406718,0.1010708947001655,0.20751949941574174,0.2213007767977367,0.16116457480385743,0.09593974295789398,0.12000672578855168,0.11432096889042616,0.1957536658846431,0.21636529652410139,0.19237667995628582,0.7227407265780597,1.4670530154164507,0.9268701882561874
1790765346.1963947,APPROACH,0.009997715,2.707599969653529e-05,0.1021238816974055,0.12237914825772833,0.10268423344509259,0.20898869860458766,0.22296640323763525,0.1616719980270881,0.09790525111189431,0.12217918959728274,0.116252569667274,0.19734650019830352,0.21812584627948625,0.1939420359642955,0.7220806505158122,1.4842177400891403,0.9370402378609022
1790765346.2063947,APPROACH,0.010000299,2.8879999717901228e-05,0.10422046942835195,0.12461880997331232,0.10430126519739158,0.21055125120871804,0.22463084138669334,0.1619452496896146,0.09988664335959287,0.12436920999494155,0.11819978051811955,0.19893045389090258,0.21987658034022972,0.19549866455262685,0.721601999905817,1.502630889216999,0.9478849138478889
1790765346.2163968,APPROACH,0.010002122,2.9199999971751822e-05,0.10633302994320637,0.12687536196692228,0.10591967787549628,0.21218212099227837,0.22634275080561111,0.1619640979010416,0.10188382997573238,0.12657668780876516,0.120162513265574,0.20050534344861626,0.22161729586965553,0.19704638537328992,0.7211873865679196,1.5219031696046368,0.9592605247691989
1790765346.2263956,APPROACH,0.009998607000000001,3.2996999834722374e-05,0.10846216107830031,0.1291492910619585,0.1075371668356091,0.21386804588249536,0.22809696742358046,0.16178460700457203,0.10389671940878277,0.12880152184742286,0.1221406779374812,0.20207098713070107,0.22334779199086224,0.19858501982078733,0.7208006286254279,1.5418890925294564,0.9710954309561601
1790765346.2363954,APPROACH,0.009999878,3.20250001095701e-05,0.11060841792623854,0.13144085802162753,0.1091522148087245,0.2156110841780226,0.2298608308329781,0.16149764309493092,0.10592521829867177,0.13104360892061354,0.12413418278434227,0.20362720496949407,0.22506786978672313,0.2001143910321146,0.7204451580996419,1.5625892018170084,0.9833641793390904
1790765346.2463975,APPROACH,0.010002122,4.0190000163420336e-05,0.11277225192754159,0.13375014971018295,0.1107639824894262,0.2173860749072735,0.23163554825036395,0.16114351694568108,0.10796923149451604,0.1333028438586639,0.12614293429674092,0.20517381877041266,0.22677733229988603,0.20163432388675967,0.720107599819951,1.5838887692940824,0.996004337006616
1790765346.2563984,APPROACH,0.01000085,4.247299966664286e-05,0.11495392673824423,0.1360772104569179,0.11237208171988033,0.2191842926248043,0.2334072845763367,0.16077793343320906,0.11002866207235174,0.1355791195321259,0.12816683722276817,0.20671065211195444,0.2284759845327733,0.20314464500670312,0.7197840557331404,1.605733039886431,1.0089730833051611
1790765346.2663984,APPROACH,0.009999869,3.8205999771889765e-05,0.11715358041743773,0.13842199964464097,0.11397658386736165,0.22098677964568955,0.23517523884364921,0.1604341675896721,0.1121034113528655,0.1378723268713747,0.13020579458544732,0.2082375303456977,0.23016363344758203,0.20464518275641833,0.719466979408106,1.6280302812883962,1.0222164083345775
1790765346.2763956,APPROACH,0.009997344,3.815599984591245e-05,0.11937122561690483,0.14078442293733673,0.11557792673582679,0.22278940079531406,0.23692770920497827,0.16015480114365127,0.1141933789191249,0.14018235488620612,0.1322597077001587,0.20975428059630102,0.23184008796628405,0.20613576724287122,0.7191526856818067,1.650732209591189,1.0356956983569159
1790765346.2863963,APPROACH,0.010000670000000001,3.085300022576121e-05,0.12160678721039542,0.14316433501740367,0.1171768595703675,0.22457639408125799,0.2386678274478221,0.1599576365825785,0.11629846263430979,0.14250909068543474,0.1343284761920651,0.21126073176150356,0.23350515897062585,0.20761623031552054,0.7188310909398955,1.6737449238230035,1.0493589723862273
1790765346.2963948,APPROACH,0.009998516,2.93100001726998e-05,0.12386009924788066,0.1455615627504976,0.11877436361342397,0.22634783023062316,0.24038534047583715,0.15987358647203204,0.1184185586594427,0.14485241949649144,0.13641199801353604,0.21275671451212483,0.23515865930212848,0.20908640556631758,0.7184985707747762,1.6970293177282478,1.0631737302749527
1790765346.3063974,APPROACH,0.010002784,3.0451999919023365e-05,0.12613094739967234,0.14797590084947032,0.12037161130960694,0.2280911327927388,0.24208561059727474,0.1599082145380178,0.1205535614711197,0.1472122246850211,0.13851016946157316,0.21424206129206466,0.23680040376208758,0.2105461283297062,0.7181440723664313,1.720497440846855,1.0770934330506603
1790765346.3163986,APPROACH,0.010001251000000001,3.852600002574036e-05,0.12841905878237547,0.15040713704106068,0.12196989008446568,0.2298095992118903,0.2437597956723977,0.16008193247794045,0.12270336387924136,0.14958838777448055,0.14062288519523503,0.21571660631830333,0.23843020911157348,0.21199523568262296,0.7177636432502914,1.744119227123609,1.0910922358784945
1790765346.3263981,APPROACH,0.009999387,4.2563000079098856e-05,0.13072413671289063,0.15285503659768196,0.1235705835479175,0.23149279458217484,0.24541461974296724,0.1603906376316958,0.12486785704474332,0.15198078846573607,0.14275003825306187,0.2171801855809019,0.24004789407143154,0.21343356644449743,0.717347187126653,1.7678181866473526,1.10513118516984
1790765346.3363962,APPROACH,0.009997945000000001,3.891699998348486e-05,0.13304584850066892,0.15531937266898854,0.1251750956312465,0.23314611740077715,0.2470423507629977,0.1608461296565044,0.12704693049732735,0.15438930465666137,0.1448915200705009,0.21863263684300122,0.24165327932228103,0.21486096117725123,0.7168914803843213,1.791575580172083,1.119192037768254
1790765346.346398,APPROACH,0.010001862,4.54379996881471e-05,0.13538385632213945,0.15779990681065748,0.12678484490631892,0.23476068936461167,0.2486507569166116,0.16143660206056004,0.12924047215319204,0.15681381246173517,0.1470472204973309,0.22007379964082308,0.24324618750451646,0.21627726218529908,0.7163873792402042,1.8153263892389144,1.1332434571970722
1790765346.3563962,APPROACH,0.009998056,3.263600001446321e-05,0.1377378000344187,0.1602964154352602,0.12840120208903105,0.2363433992221012,0.25023270889151306,0.16216754624213986,0.13144836833276352,0.1592541862316391,0.14921702781508725,0.22150351528366932,0.2448264432183066,0.217682313515548,0.7158331341526635,1.8390647983700505,1.147275203587754
1790765346.3663952,APPROACH,0.009999247000000001,3.01619998026581e-05,0.14010732649787716,0.1628086695330495,0.13002549346313774,0.23788633735642223,0.25179669096967716,0.1630215100797911,0.13367050377842646,0.16171029857285524,0.15140082875448693,0.22292162685392253,0.2463938730235952,0.2190759609573981,0.7152210380237908,1.862737748381814,1.161263488556196
1790765346.376394,APPROACH,0.009998706000000001,3.3116999929916346e-05,0.14249207102716,0.16533646182139616,0.13165894560734603,0.23939738612994246,0.2533359585345424,0.163999570869706,0.1359067616722546,0.16418202036726404,0.1535985085128533,0.2243279792070457,0.24794830544010063,0.22045805204274196,0.7145507759899785,1.886351283053922,1.1752053754485234
1790765346.386395,APPROACH,0.010000991,3.120400015177438e-05,0.14489168468750968,0.16787958332211694,0.13330270083238283,0.24086931278223445,0.25485934025233387,0.1650807009975655,0.13815702365374175,0.1666692207917419,0.1558099507715411,0.2257224189715819,0.24948957094731555,0.22182843604596458,0.7138160431798262,1.909863422075356,1.189083882574531
1790765346.3963957,APPROACH,0.0100006,2.7767999654315645e-05,0.1473058117738688,0.17043784822426833,0.13495777239870144,0.2423105425831739,0.2563602576573409,0.16626336159722138,0.14042116983753264,0.16917176733775913,0.15803503771336147,0.22710479454915503,0.2510175019845077,0.22318696398394397,0.7130181168364733,1.933291119202059,1.2029025594272718
1790765346.4064004,APPROACH,0.010004997,4.328400018493994e-05,0.14973411649036805,0.1730110702090002,0.13662506732041635,0.24371420379139017,0.25784766702259976,0.16752464615910123,0.14269907883115365,0.1716895258309777,0.16027365004000682,0.2284749561144692,0.2525319329507192,0.22453348861605063,0.7121521538866269,1.9566022979166702,1.21665029788212
1790765346.4164045,APPROACH,0.010004116,6.66040000396606e-05,0.15217626073647672,0.17559908818001801,0.13830534718021248,0.24508900267037953,0.25931507468542186,0.16886182013689444,0.14499062775274343,0.17422236045084857,0.16252566698947551,0.229832755615309,0.254032700204767,0.22586786444414772,0.7112205706876691,1.9798222364676783,1.2303356844323459
1790765346.426408,APPROACH,0.010003354,6.068499988032272e-05,0.15463192919449398,0.17820174048327342,0.1399992597123605,0.2464283320654486,0.26077128684215356,0.17025168296646181,0.14729569224878414,0.17677013375021006,0.16479096635349733,0.2311780467725393,0.25551964206524236,0.22718994771259096,0.7102197036942638,2.0029269117495296,1.2439522411476367
1790765346.436396,APPROACH,0.009987928,3.361799963386147e-05,0.15710080435851292,0.18081888851254035,0.1417073076583879,0.24774084238882688,0.2622097745321369,0.1716915469055187,0.14961414651183172,0.17933270667488502,0.16706942449495776,0.23251068508010572,0.2569925988105117,0.22849959640822903,0.7091531671199218,2.025948427001358,1.257512481477745
1790765346.4464028,APPROACH,0.010008754,5.198900043978938e-05,0.15958259121847806,0.18345039184446765,0.14342988389643807,0.24902003470089912,0.2636391398801756,0.17315893253252884,0.15194586329824708,0.18190993858327895,0.16936091636532338,0.2338305278050341,0.2584514126787158,0.22979667026040304,0.7080182130912147,2.0488686691641065,1.2710132510271341
1790765346.4563866,APPROACH,0.009982078,4.05589998990763e-05,0.1620769940722262,0.18609613274233983,0.14516724355645128,0.25027441463224886,0.26505280465068254,0.17465204800169493,0.15429071394592692,0.18450168726597774,0.17166531552206676,0.2351374339874305,0.2598959278677698,0.2310810307409466,0.7068190427615019,2.071723647937954,1.284469419179707
1790765346.4663975,APPROACH,0.010010687,3.830600007859175e-05,0.1645837388815634,0.18875598933008497,0.1469195450340326,0.25149755378983707,0.266458926355237,0.1761501607128036,0.15664856839203423,0.1871078089653451,0.17398249414609104,0.2364312644404818,0.2613259905353641,0.23235254106418632,0.705553717403489,2.09449979311813,1.297880116843726
1790765346.4764018,APPROACH,0.010004276000000001,3.4950000099343015e-05,0.16710254879892084,0.19142985876180596,0.14868682644747455,0.25269757398536075,0.2678509288061058,0.17765286818589954,0.1590192951907293,0.18972815839512064,0.17631232305915526,0.2377118817504551,0.2627414487989634,0.23361106618694136,0.7042269066069903,2.117235171325582,1.3112614375348073
1790765346.4863963,APPROACH,0.009994549,3.295599981356645e-05,0.16963316711408982,0.19411763279159633,0.15046904600214184,0.25386811451647606,0.26923652112193797,0.179141631403752,0.16140276153090058,0.19236258876001744,0.17865467174129906,0.23897915027669792,0.264142152735807,0.23485647280852334,0.7028370930886229,2.1399186524884963,1.3246136130255202
1790765346.496396,APPROACH,0.009999849,5.480399977386696e-05,0.17217533323341438,0.19681921933254465,0.15226606211873772,0.2550168847929176,0.27060911228526074,0.18061779604827483,0.16379883325389527,0.19501095177531988,0.18100940834826756,0.2402329361516382,0.26552795438290894,0.2360886293707368,0.701389076220529,2.1625884636779493,1.3379528772286708
1790765346.506397,APPROACH,0.01000092,3.408799966564402e-05,0.17472880439436977,0.19953451870238226,0.15407767404487238,0.2561375947296555,0.2719758957682037,0.18206533232566058,0.16620737487125034,0.19767309768648134,0.1833763997289366,0.2414731072807844,0.266898707737058,0.23730740605787876,0.6998816154470644,2.1852346706016834,1.3512797475493787
1790765346.516395,APPROACH,0.009997875,2.8499000109150074e-05,0.17729333259248747,0.20226344449794365,0.15590360347869758,0.25723746957457505,0.27333033657853695,0.18348736518578862,0.16862824958242326,0.200348875288722,0.18575551144273728,0.24269953334272532,0.2682542687548175,0.23851267479673904,0.6983193874877426,2.207894042092795,1.364609713880285
1790765346.5264125,APPROACH,0.01001802,3.748400013137143e-05,0.1798686850857507,0.2050059008712264,0.15774353401155672,0.25831032704422197,0.2746790894744523,0.18487044195082114,0.17106131929252272,0.20303813194662643,0.1881466077770811,0.24391208578913023,0.2695944953525254,0.2397043092566,0.6967012629452063,2.2305567539743536,1.3779429183779577
1790765346.5363977,APPROACH,0.009984702,3.389799985598074e-05,0.18245462269564516,0.20776180245056608,0.15959709377337283,0.25936289515098215,0.2760157258102114,0.18621935883196405,0.17350644463003956,0.2057407136137416,0.19054955176478489,0.2451106378447488,0.2709192474062943,0.24088218484923668,0.695031611286482,2.2532569768602277,1.391293480886766
1790765346.546397,APPROACH,0.009999468000000001,3.224600004614331e-05,0.18505091895397996,0.21053105282963447,0.16146389272535622,0.2603891553700211,0.2773463895868386,0.18752309526341593,0.17596348496457748,0.20845646485217437,0.19296420520149565,0.24629506450741098,0.2722283867520115,0.24204617872891673,0.693309222078916,2.2759840409097585,1.4046606508819675
1790765346.5565464,APPROACH,0.010149826,5.298099995343364e-05,0.18765734012253166,0.2133135634993515,0.1633435057801016,0.26139532345624955,0.27866473929947977,0.18878797776616896,0.17843229842458397,0.2111852288521895,0.19539042866311568,0.24746524254802738,0.2735217771853388,0.24319616979240052,0.6915382431250996,2.2987693138993945,1.4180569567298973
1790765346.5664146,APPROACH,0.009867592000000001,3.228599962312728e-05,0.19027366304660287,0.21610923422981454,0.16523550652082797,0.26237557315399784,0.27997647947976734,0.19000510108227203,0.18091274191508083,0.2139268474518069,0.19782808152322692,0.24862105051058891,0.274799284461713,0.24433203867894113,0.6897172167938391,2.321600520528521,1.4314803995557617
1790765346.5763938,APPROACH,0.009979243,2.9400000130408444e-05,0.19289965667425868,0.218917970638155,0.16713945079508807,0.2633357209677852,0.2812754917646125,0.19118189659704998,0.18340467113539546,0.21668116115640018,0.2002770219705169,0.24976236871216714,0.27606077629634534,0.24545366777028435,0.6878496212869395,2.3445049239617224,1.4449414152132984
1790765346.5864692,APPROACH,0.010075378000000001,3.054200033147936e-05,0.19553234650718299,0.22174182654157537,0.16905266956592424,0.26398675494344553,0.2827838477070942,0.19209055974287703,0.1859079405968911,0.2194480091582936,0.20273710702620254,0.25088907924291365,0.2773061223642216,0.24656094119066838,0.6858763572343343,2.3664795951585877,1.4580558490839657
1790765346.59635,APPROACH,0.009880593,3.083300043726922e-05,0.1981756072465517,0.22457688725546632,0.1709791885232539,0.2651879777710075,0.2837240697555283,0.1936272552328221,0.18842240364069804,0.22222722935636016,0.20520819256145584,0.2520010659660607,0.2785351943001022,0.24765374480682417,0.6841619264254677,2.3908361307308374,1.472013465179853
1790765346.6063583,APPROACH,0.010008624,4.162200002610916e-05,0.20082664877694523,0.22742543568874485,0.17291587673458775,0.2658004280468956,0.28528826646702365,0.19432416055863777,0.19094791245544435,0.22501865837561966,0.20769013331482872,0.25309821451792086,0.27974786569852245,0.24873196622797544,0.68196161160204,2.412609610447063,1.485110519751113
1790765346.616363,APPROACH,0.010004636,5.7979999837698415e-05,0.20348780787988208,0.23028560334726045,0.17486398753660914,0.2669610283467889,0.2862323016488996,0.19572997872063785,0.19348431809498653,0.22782213158683576,0.2101827829096775,0.2541804123078873,0.2809440121137921,0.24979549480583846,0.6801009954653995,2.4369985811504926,1.4991196193448098
1790765346.6263921,APPROACH,0.010029179000000001,4.9295000280835666e-05,0.206159285719564,0.23315670207570172,0.17682382844799882,0.2678446378080036,0.2875198889462062,0.19661040847131084,0.19603147049614042,0.23063748312611426,0.21268599387158832,0.25524754851843356,0.28212351105999584,0.2508442216346224,0.6778958006799001,2.460107712817716,1.512748876267808
1790765346.6363792,APPROACH,0.009986866,3.231499977118801e-05,0.20883917406054486,0.23604084394723568,0.17879200997554978,0.2686666143087399,0.28880412004126194,0.19745152004583583,0.19858921849641192,0.23346454591450053,0.2151996176458017,0.25629951410511337,0.28328624201099245,0.25187803955102855,0.6756600946028612,2.483248004729677,1.5263986784852206
1790765346.6463807,APPROACH,0.010001622,3.10939999508264e-05,0.21152462805515526,0.23893949442695295,0.18076682017681023,0.26921034907589275,0.2902230317007667,0.19814145864174876,0.20115740985172817,0.2363031516775777,0.21772350461463794,0.2573362017965611,0.2844320864004158,0.2528968431342512,0.6734148141434608,2.5057895811685933,1.539804279870505
1790765346.656394,APPROACH,0.010014333,5.806899980598246e-05,0.214081727270667,0.24170499779382837,0.1826509018817566,0.26982545278192743,0.2913613218324358,0.1990591296613194,0.20373589125416774,0.23915313096506385,0.22025750411492145,0.2583575060944917,0.28556092762167457,0.25390052870597773,0.6852028422935073,2.568228503909186,1.569417915718079
1790765346.666378,APPROACH,0.009983761,4.2452999878150877e-05,0.2167833514391564,0.24464234729210066,0.1846226257719472,0.2709535256529112,0.2960684507951389,0.1951503207200989,0.20632450834969188,0.24201431317041014,0.22280146445540613,0.25936332327369993,0.2866726510279512,0.254888994330387,0.6737480853725513,2.5663689753936216,1.574929513575801
1790765346.6764262,APPROACH,0.01004727,3.375799997229478e-05,0.21963864449218207,0.24775850694115498,0.18667875649224985,0.2734854610359822,0.2965456768470133,0.19750978052781665,0.2089231057558753,0.24488652655039844,0.22535523293420018,0.26035355138206207,0.2877671439322043,0.25586213981415207,0.6535755398934476,2.5436365441445092,1.569899352188045
1790765346.6864004,APPROACH,0.009974204,3.064299971811124e-05,0.22237776740313464,0.2507043157465336,0.1886966928060536,0.27486539469969967,0.2921483198640028,0.20636631022016794,0.2115315270796365,0.24776959824473882,0.22791865585619064,0.2613280902405334,0.28884429560716535,0.25681986670643714,0.6610583084948037,2.5972252798453312,1.5929617088245778
1790765346.6964598,APPROACH,0.010059652,2.7656999918690417e-05,0.22511461401050337,0.25364117807265885,0.19075278155644426,0.27340179614534194,0.2947162882825962,0.20519903141590468,0.21414961493496945,0.25066335429566805,0.23049157855046926,0.26228684144315084,0.2899039972853419,0.2577620782989002,0.6598184689936171,2.619626785237845,1.60646859603269
1790765346.7064064,APPROACH,0.009946316,2.848899976015673e-05,0.22784326769094498,0.25660017471018737,0.19280118672363677,0.2731622897340728,0.296351395952838,0.20517164003743504,0.21677721096067334,0.2535676196675462,0.2330738453877561,0.26322970835703124,0.2909461421590155,0.2586886796256913,0.6582869938755392,2.6438840274802127,1.6205797681268055
1790765346.716399,APPROACH,0.009992536,2.6274999981978908e-05,0.23057292281303798,0.25957295257367274,0.19485237048612003,0.27354285374283344,0.2975346171433473,0.2056739323787617,0.21941415583808463,0.25648221826645584,0.23566529979782605,0.2641565961223719,0.29197062538024254,0.25959957746345347,0.656570869908588,2.669198467390559,1.6350583275780683
1790765346.7264144,APPROACH,0.010015685,3.785500030062394e-05,0.23330730142435208,0.2625577407698261,0.19690798370003826,0.2740859377822603,0.2987695998147225,0.2060390158546323,0.22206028930880628,0.259406972959798,0.23826578428693196,0.2650674116524503,0.2929773440608536,0.2604946803313219,0.6543549184389529,2.693709090661636,1.6493105192702116
1790765346.7364085,APPROACH,0.009993859,3.731399965545279e-05,0.23604770826506893,0.26555459231192646,0.19896743084659008,0.2747329795124482,0.2999507314478662,0.2064395243638505,0.22471545019244013,0.26234170559589165,0.2408751404552312,0.26596206363362496,0.2939661972724547,0.2613738984909252,0.6519058492733333,2.7180635833664293,1.6635249570390305
1790765346.7464275,APPROACH,0.010018921,4.7461999656661646e-05,0.23879482264770413,0.2685629569849306,0.20103116106758812,0.27541719670651615,0.30108007328971,0.20688689277098304,0.22737947640431688,0.26528623702357057,0.2434932090142097,0.26684046252533405,0.2949370860464258,0.2622371439463838,0.6493214282577404,2.742395891453806,1.677736322772031
1790765346.756429,APPROACH,0.010001431,2.8499000109150074e-05,0.24155103046851423,0.2715805982285575,0.20310132196280772,0.2763270937137607,0.30199114377820635,0.2075410927835743,0.2300522049732266,0.2682403871117808,0.24611982980410677,0.26770252056009686,0.29588991337392195,0.26308433044431145,0.6466865664859215,2.767605572890328,1.6922896284445141
1790765346.7664335,APPROACH,0.010004587,2.8208000003360212e-05,0.2443130731425116,0.274610215371478,0.205174807859696,0.2768071319990589,0.30329616161659767,0.20773027150627438,0.23273347205915051,0.2712039747691793,0.24875484181134078,0.2685481517435128,0.2968245842058727,0.2639153734738143,0.6437102716005121,2.790905064384965,1.706167394029639
1790765346.776425,APPROACH,0.009991514,2.5803999960771762e-05,0.24708054223489828,0.2776513502598368,0.20725226104875016,0.2773979797161389,0.304302594395487,0.20832526109804045,0.2354231129709909,0.2741768179637309,0.2513980831859333,0.2693772718542615,0.29774100545298215,0.264730190266491,0.6409688900031026,2.815355945508405,1.7203898370379398
1790765346.7864094,APPROACH,0.009984502000000001,2.6595000235829502e-05,0.2498538461837514,0.28070235915041675,0.20933584677688444,0.2779703533330561,0.30528684364239744,0.2089350143028037,0.23812096218430212,0.2771587337423063,0.2540493912589343,0.2701897984441038,0.2986390859857295,0.2655286997964334,0.6381510148085207,2.839781943387966,1.7345956769635835
1790765346.7964187,APPROACH,0.010009194,3.307699989818502e-05,0.252632763709121,0.28376312209158083,0.2114255674621548,0.2785154979207246,0.3062596014870965,0.2095450410968569,0.24082685335902226,0.28014953825028055,0.25670860255984773,0.27098565083787957,0.2995187366343677,0.26631082278022505,0.6352451363348687,2.8641206926171225,1.74876217411333
1790765346.806418,APPROACH,0.009999278,2.5473999812675174e-05,0.2554170300829801,0.2868334454043797,0.21352153885964587,0.27903452648992544,0.30720584716627525,0.21017694591980718,0.24354061935720228,0.28314904675112906,0.25937555283405495,0.2717647501335104,0.30037987018892504,0.26707648167694303,0.6322810973960388,2.8884492849912338,1.7629105566084082
1790765346.8164186,APPROACH,0.01000079,2.6355000045441557e-05,0.2582063899727087,0.28991305580863,0.21562398570566543,0.2795286810023694,0.308124664111021,0.21083091887909544,0.24626209226073814,0.2861570736460269,0.26205007706024114,0.2725270192019981,0.30122240139920486,0.26782560068815714,0.6292622622860099,2.9127724623190363,1.7770407460044024
1790765346.8264098,APPROACH,0.009991163,2.5103000098170014e-05,0.2610005787682397,0.29300170288078053,0.21773308949841486,0.2799947885627787,0.3090208556348286,0.21149916140594194,0.24899110338910146,0.2891734324934462,0.2647320094678195,0.273272382687424,0.3020462469747837,0.2685581057579287,0.6261877166944189,2.937070575527051,1.7911450545358865
1790765346.836447,APPROACH,0.010037293000000001,2.973100026792963e-05,0.26379933803179423,0.2960991463606515,0.21984900259742535,0.2804368549051068,0.3098917715105903,0.2121835385230465,0.25172748331706984,0.29219793602875355,0.26742118355435635,0.27400076700695103,0.3028513255850144,0.2692739245728132,0.6230589987094701,2.961350626469059,1.8052245921428196
1790765346.8464417,APPROACH,0.00999478,2.6014000013674377e-05,0.2666024217258922,0.29920514746130866,0.2219718583989616,0.2808535942823334,0.3107403658049864,0.21287835168094127,0.2544710618924579,0.29523039618380786,0.27011743210299594,0.2747121003508219,0.3036375578590235,0.2699729865618577,0.6198754628264846,2.9855995174808196,1.8192742074166843
1790765346.8564363,APPROACH,0.009995962,6.398999994416954e-05,0.2692689754061508,0.3021636876616176,0.2239949758458044,0.2811443062012453,0.3115945071823119,0.21348233022414365,0.25722166825384807,0.29827062410655836,0.27282058719988544,0.2754063126823594,0.3044048663857119,0.270655222896602,0.6316237610624406,3.0505653268069013,1.8499405183427935
1790765346.866434,APPROACH,0.009996332,3.8346000110323075e-05,0.27222314422904237,0.30545991584736054,0.226214190679781,0.28211150036289767,0.31618229931376757,0.20915257315875513,0.25997913084832147,0.301318430180642,0.2755304802516,0.27608333573796767,0.30515317571375616,0.2713205664910792,0.6029970984644384,3.006022846103379,1.838212154356796
1790765346.8764288,APPROACH,0.009994630000000001,3.047299969693995e-05,0.2750486236160885,0.308604058105983,0.22834211674660754,0.2833005377991588,0.31214127837495764,0.21684865582118817,0.26274327744918874,0.30437362404498153,0.27824694200256744,0.27674310302713095,0.3058824123516071,0.27196895200181487,0.6073294714593206,3.0543126380866923,1.859470556917688
1790765346.8864198,APPROACH,0.009990963,3.0904000141163124e-05,0.277876308544009,0.31173077222824386,0.23051377599723466,0.28300567908636354,0.31281855346548637,0.21769577280649866,0.2655139351737207,0.30743601461338305,0.2809698025524935,0.2773855498324131,0.30659250476748934,0.27260031582782634,0.605483324260302,3.0814350046171963,1.8743587383918896
1790765346.8964095,APPROACH,0.009989631,3.990899995187647e-05,0.2807016352189198,0.31486816915421656,0.2326878288653793,0.2827488026457463,0.31411332088032334,0.21758678631359918,0.2682909305008792,0.3105054100941337,0.2836988913737863,0.27801061320945974,0.30728338338940364,0.27321459611062504,0.6021707405248148,3.104488144063533,1.8879757022662897
1790765346.9064052,APPROACH,0.009995881,2.8668999675574014e-05,0.2835260750488491,0.31801640169203793,0.2348634826218925,0.2827827054487263,0.31499491169299554,0.21801090794575928,0.27107408928904775,0.31358161800959927,0.28643403732898154,0.2786182319869959,0.30795498060512433,0.273811732734214,0.5990194637146062,3.128804645919944,1.901955450099148
1790765346.9164078,APPROACH,0.010002483000000001,2.7477000003273133e-05,0.286351554047509,0.3211727827782367,0.23704407668080574,0.282943740666474,0.31576657243498385,0.21854416998327864,0.2738632367937629,0.3166644452158227,0.2891750686881677,0.27920834676682754,0.3086072307622006,0.27439166732508924,0.5957391525590472,3.153202767169316,1.9159421268689163
1790765346.9264352,APPROACH,0.010027406,4.325400004745461e-05,0.28917900341192215,0.32433666167538355,0.23923009258344852,0.2831640062863867,0.31650563630448025,0.21908300119675395,0.27665819768544436,0.31975369792212094,0.29192181314641047,0.27978089992384053,0.30924007016795624,0.27495434325223916,0.5922806332893992,3.1773936422419546,1.9298450372441598
1790765346.936451,APPROACH,0.010015836,3.2855999961611815e-05,0.29201051530643873,0.3275062704723757,0.24142293889224753,0.28358926607686963,0.31705806428568284,0.21977508763648634,0.2794587960671264,0.3228491817106833,0.294674097841178,0.28033583560600184,0.3098534370894901,0.2754997056271455,0.5887333669610184,3.2022595316107396,1.9439983899131914
1790765346.9464455,APPROACH,0.009994389000000001,5.154900009074481e-05,0.2948442355108618,0.3306834155883074,0.2436204715840784,0.28375956106375594,0.31788011062062943,0.2201432321541119,0.28226485549218805,0.32595070155616845,0.2974317493697655,0.28087309973435837,0.31044727175367526,0.276027701303782,0.5848873045388707,3.2255554950360783,1.9575770105083903
1790765346.9566503,APPROACH,0.010205923,4.828300006920472e-05,0.2976816322826368,0.3338664706473633,0.24582407202145706,0.2841559391630537,0.3183764666395771,0.2208662458695851,0.28507619898208425,0.3290580618453033,0.3001945938067206,0.2813926400030377,0.3110215163471597,0.2765382788786154,0.581173730055807,3.2502046828110593,1.9716057626444037
1790765346.9664502,APPROACH,0.009799053,3.007099985552486e-05,0.30052260691836885,0.33705482501371087,0.24803432286705362,0.2844742115042194,0.318960832992516,0.22144558508402823,0.2878926490440767,0.3321710663964795,0.30296245672126787,0.2818944058792478,0.31157611501636595,0.277031388690605,0.5772765045663922,3.2743031334518857,1.9854384213269833
1790765346.976424,APPROACH,0.009973714,2.8748999739036663e-05,0.30336499188761135,0.3402504232746031,0.2502489785405144,0.28457954363265214,0.3196917873588592,0.2218723751483665,0.2907140276889648,0.3352895184793524,0.3057351631947343,0.2823783486032766,0.31211101386749085,0.2775069828212024,0.5732622481581598,3.29740686142709,1.9988678008570944
1790765346.9864192,APPROACH,0.00999524,2.8860000384156592e-05,0.30620886469787933,0.34345226032750276,0.2524692121635015,0.2847509827390212,0.3202233579114364,0.2225440619201713,0.2935401564488157,0.3384132208344377,0.3085125378379734,0.28284442118849334,0.31262616096650664,0.2779650150943527,0.5693873148418667,3.321207972067825,2.0124801587850016
1790765346.9964375,APPROACH,0.010018260000000001,4.563799984680372e-05,0.3090545711645696,0.3466591243593875,0.2546963499573378,0.28493840506978435,0.32071146189303856,0.22323586433287423,0.29637085639469646,0.3415419756927103,0.31129440480879106,0.283292578421347,0.31312150633915947,0.2784054410764928,0.5654496045937075,3.3450115685281316,2.0260681047748386
1790765347.0064557,APPROACH,0.010018114,6.168600020828308e-05,0.31190364736262666,0.34986945833911154,0.2569315025916641,0.28527811019742183,0.3210520473296748,0.224024326205862,0.2992059481544029,0.3446755847952003,0.3140805878293693,0.2837227768613672,0.3135970019709708,0.2788282180765529,0.5614434689076812,3.3694207053647314,2.039878222991855
1790765347.0164227,APPROACH,0.009967019,3.68340001841716e-05,0.314755703117763,0.3530837315100728,0.2591736355815808,0.2855334915399604,0.3215074029015627,0.224623798160827,0.3020452519301923,0.347813849412593,0.3168709102036927,0.28413497484116396,0.314052601807236,0.2792333051459553,0.5572228459626842,3.3931499717680746,2.0534518369950976
1790765347.026386,APPROACH,0.009964315000000001,5.6076000419125194e-05,0.31746588717772983,0.356142790615003,0.2613079458123453,0.28552839945304037,0.3221197686499016,0.22501332660343448,0.3048885875165138,0.35095657036482547,0.3196651948349722,0.28452913246642775,0.31448826175302563,0.27962066307861533,0.5687481762140695,3.45770293705166,2.0837034720605976
1790765347.0364187,APPROACH,0.01003153,2.7646999569697073e-05,0.3204649837228004,0.3595469151328423,0.26364872403322615,0.28622625337707985,0.32629449074887507,0.22069937402825296,0.3077357743177379,0.35410354804068356,0.3224632642430701,0.2849052116159296,0.314903939673185,0.27999025441094105,0.5381933942179554,3.411338919705384,2.070942041074251
1790765347.0464168,APPROACH,0.009998083000000001,3.22549999509647e-05,0.3233292884745733,0.362791222669002,0.26589003130342626,0.2868180760130828,0.3221890567242088,0.22785870465152058,0.3105866313658889,0.3572545824174012,0.3252649405819258,0.2852631759415204,0.3152995953923333,0.28034204342183255,0.5414501560362214,3.4576465485866135,2.091104976315635
1790765347.0565553,APPROACH,0.010139355000000001,5.326200016497751e-05,0.3261930415991934,0.36601372240214936,0.26817484003583036,0.28655533434079905,0.3220680008147379,0.2291734078740159,0.31344097733837467,0.360409473080257,0.3280700456569796,0.2856029908681323,0.3156751906948653,0.2806759961326835,0.5391225206766805,3.4856271621372388,2.105838979933563
1790765347.0664523,APPROACH,0.009896288000000001,3.965800033256528e-05,0.32905589223671505,0.36923870804334236,0.2704662951832555,0.28641343671849484,0.3226989718399327,0.22926030253954788,0.3162986305757178,0.36356801924217236,0.33087840094259846,0.2859246235937773,0.31603068932495,0.2809920803073796,0.5349912207724601,3.5091148072749214,2.119254454343769
1790765347.0764136,APPROACH,0.009961329000000001,3.524100020513288e-05,0.3319178041628117,0.37247009330205216,0.2727582371303505,0.2863450289639173,0.32329156134028764,0.22936099322697906,0.3191594090992867,0.3667300197633096,0.3336898275995008,0.286228043089548,0.31636605698653086,0.2812902654522993,0.5305972610985118,3.5321261687250383,2.1324840852884357
1790765347.086423,APPROACH,0.010009402,3.1924999802868115e-05,0.3347782343984198,0.3757075913337644,0.27505139158710623,0.2862232695172262,0.32382118053012776,0.22958600058923473,0.32202313062902604,0.3698952731706693,0.33650414649218113,0.286513220099617,0.31668126134332586,0.2815705228163134,0.5262314478389235,3.5548993680159633,2.1455420980530113
1790765347.096489,APPROACH,0.010066029,4.837400001633796e-05,0.3376380044676628,0.37894938824654467,0.2773479642275687,0.28619891985587514,0.32416432738719136,0.23002900521086567,0.3248896126011873,0.37306357767768755,0.33932117820633506,0.2867801271412385,0.3169762720188289,0.28183282539078663,0.5219127983587353,3.57817482683377,2.1587191661996767
1790765347.106454,APPROACH,0.009964726,3.8937000226724194e-05,0.3404990205370204,0.3821931298785488,0.27965018859710344,0.28634595369912075,0.3243358582445187,0.23060259451619913,0.32775867218606,0.3762347312038346,0.3421407430662842,0.28702873850474586,0.3172510605963068,0.2820771479095748,0.5175113015612116,3.602077296675443,2.1721168009783565
1790765347.1164014,APPROACH,0.009947606000000001,2.9159999940020498e-05,0.3433614232653337,0.38543888083614064,0.2819575421997289,0.28646871915398303,0.3245796116451285,0.23104048018627088,0.33063012630570254,0.3794085313942123,0.34496266115240154,0.2872590302535535,0.31750560061880206,0.2823034668490272,0.5128671899421966,3.625368877171695,2.185298593783702
1790765347.1264539,APPROACH,0.010052536,2.8579000172612723e-05,0.3462238068238426,0.3886881675399856,0.28426819380706103,0.28645361205644054,0.3249268331159376,0.23136915424911647,0.33350379165167315,0.38258477563915205,0.34778675231853595,0.287470980224156,0.31773986758913153,0.2825117604279856,0.5080899766366949,3.6477479222630733,2.198106103027904
1790765347.1364458,APPROACH,0.009991872,2.9240999992907746e-05,0.34908628404221265,0.39194011346895863,0.28658307545061934,0.2864780675072539,0.32511617214668453,0.23188231969557366,0.33637948470275997,0.38576326109381204,0.3506128362094372,0.28766456802612833,0.3179538389698866,0.28270200860778427,0.503405080089066,3.6706115105948927,2.211022380268521
1790765347.1464574,APPROACH,0.010011766,3.5601000035967445e-05,0.3519491094128071,0.39519362259509183,0.28890332482411996,0.2865185592484607,0.32525039594011756,0.23243034767447968,0.339257021742712,0.3889437846977746,0.3534407322781802,0.28783977504212654,0.3181474941834339,0.2828741930922508,0.4986707867508377,3.693502915966059,2.2239143245972843
1790765347.156439,APPROACH,0.009981604,3.365800012034015e-05,0.3548123947094819,0.3984483138956856,0.2912290482924851,0.28656384864895385,0.3253591356900658,0.23297153042214686,0.3421362188779712,0.39212614319464584,0.35627025980359167,0.2879965844278862,0.31832081461191386,0.2830282973277046,0.4938467277306289,3.7162797685677633,2.2367384627326947
1790765347.16642,APPROACH,0.009980813,3.063199983444065e-05,0.35767724875079665,0.40170288115279806,0.29356106832240947,0.28671298619662927,0.3253393796428333,0.23359088955577523,0.34501689205540126,0.39531013315165114,0.35910123790767323,0.28813498111222385,0.3184737835972421,0.28316430650295815,0.48896706632522957,3.7395943101855664,2.2497479899576143
1790765347.1764405,APPROACH,0.010020401,4.374599984657834e-05,0.3605422901538988,0.4049586499729969,0.29589772836172124,0.28670802069266,0.3254992103704232,0.23398727230741462,0.34789885708002,0.3984955509792345,0.36193348557302735,0.288254951797036,0.3186063864411085,0.28328220754931627,0.4838621537328043,3.7616880804814015,2.2622951632124537
1790765347.1864266,APPROACH,0.009986283,2.800900028887554e-05,0.363408359452956,0.40821449748614214,0.2982397103683416,0.2868043799551511,0.325455246921466,0.2345738343873165,0.35078192963272975,0.40168219295065555,0.36476682166028224,0.2883564849573004,0.31871861040497845,0.2833819891405773,0.4788423926206101,3.784684032754352,2.275129241857707
1790765347.196428,APPROACH,0.010001538,2.803799998218892e-05,0.3662741713573414,0.41147106601448336,0.3005863303207663,0.28676073640403527,0.3255535813623606,0.23498831937882286,0.3536659252880473,0.404869855221587,0.36760106492551586,0.28843957084107436,0.31881044471009085,0.28346364169303107,0.47365622463573,3.8066484209681253,2.287557502626442
1790765347.206413,APPROACH,0.009984670000000001,3.677299991977634e-05,0.3691395478204491,0.41472813457530755,0.3029375715491218,0.2867156192595737,0.3255543440642934,0.23550176057158634,0.3565506595318363,0.4080583338497137,0.3704360340376824,0.2885042014694961,0.31888188053745997,0.2835271573654609,0.46853393469539917,3.8288672244076514,2.300019840225543
1790765347.21641,APPROACH,0.009997161000000001,2.7827999929286307e-05,0.3720044900435333,0.41798493598424447,0.3052940994045583,0.2866706085096548,0.325508588425192,0.23603707084584163,0.35943594777903626,0.41124742481432847,0.3732715475960355,0.2885503706367841,0.3189329110278746,0.2835725300591424,0.4633819588342329,3.851099051160186,2.3124479277967107
1790765347.226415,APPROACH,0.010004814,3.807600023719715e-05,0.374868970355716,0.4212411423729234,0.30765593433816285,0.28661911036369436,0.32544109351051814,0.2365587529124995,0.3623216053913952,0.4144369240359318,0.37610742414755477,0.2885780739102374,0.3189635312818979,0.28359975541784394,0.4581639023310033,3.8732201954765415,2.3248044444603666
1790765347.236423,APPROACH,0.01000815,2.9119999908289174e-05,0.37773291804818143,0.4244965352036836,0.310022941567329,0.286559668385814,0.32535090866663485,0.2370682575969172,0.3652074476951991,0.4176266273958284,0.37894348220436963,0.2885873086302352,0.3189737383598682,0.2836088308278266,0.4528826201045677,3.8952348321695753,2.337090071730852
1790765347.2464142,APPROACH,0.009991151,3.018200004589744e-05,0.3805962390987956,0.42775088611235645,0.31239500270160026,0.2864896346223127,0.32523782274317437,0.23756615676077497,0.3680932899990029,0.42081633075572494,0.3817795402611845,0.28857807391023743,0.31896353128189797,0.283599755417844,0.44754368954147683,3.9171476115965436,2.349305592677487
1790765347.2564363,APPROACH,0.010022174,3.470999990895507e-05,0.38345882409801746,0.4310039634946756,0.3147720050414895,0.2864084309295282,0.3251013229958768,0.23805312685097285,0.3709789476113618,0.4240058299773282,0.3846154168127036,0.2885503706367843,0.3189329110278747,0.28357253005914257,0.44214897417216814,3.938961157835944,2.361451354179457
1790765347.2663832,APPROACH,0.009947345,4.384600015328033e-05,0.386177393731594,0.4340930673470682,0.3170345683086495,0.2862678379833748,0.324997329250274,0.23846428757890437,0.37386423585856204,0.4271949209419433,0.38745093037105705,0.2885042014694961,0.31888188053745997,0.2835271573654609,0.45348545204865043,4.0023145047162805,2.3905569575812744
1790765347.2764287,APPROACH,0.010044883000000001,4.821299989998806e-05,0.3891829300182925,0.4375254907364674,0.319514369119017,0.2866752634912536,0.32866684078206193,0.23393690769678144,0.3767489701023511,0.43038339957007,0.39028589948322356,0.2884395708410743,0.3188104447100908,0.28346364169303107,0.4201685697867221,3.9530786137089984,2.376115057868628
1790765347.286417,APPROACH,0.009988466000000001,3.108300006715581e-05,0.39205101247687324,0.44079439945100596,0.32188057813671467,0.2869060726736184,0.3245341511977159,0.2400098938748213,0.3796329657576683,0.43357106184100114,0.3931201427484569,0.28835648495730043,0.31871861040497845,0.28338198914057733,0.42079510217537947,3.9940056697269917,2.393729434682135
1790765347.2964277,APPROACH,0.010010765000000001,3.250600002502324e-05,0.39491581264411213,0.4440329175432849,0.32429164002342503,0.2865344725604489,0.32308606966993314,0.24214306105224653,0.38251603831037806,0.4367577038124222,0.39595347883571175,0.2882549517970362,0.3186063864411088,0.28328220754931654,0.4184564399898578,4.0239202777267105,2.408195087215634
1790765347.3064518,APPROACH,0.010024107,2.979100008815294e-05,0.39777681246988816,0.44726526892941987,0.3267116896330542,0.2860822275978843,0.32315663599077366,0.24203121952680118,0.38539800333499685,0.43994312164000554,0.398785726501066,0.2881349811122237,0.318473783597242,0.28316430650295804,0.41323937027538915,4.045374853547045,2.4201171388478326
1790765347.3164492,APPROACH,0.009997351,3.1784999919182155e-05,0.40063384868457863,0.450498385776287,0.3291302427912539,0.2856952674203936,0.3232005595341812,0.24191160979907822,0.388278676512427,0.4431271115970109,0.40161670460514753,0.2879965844278864,0.318320814611914,0.2830282973277048,0.4077421259858885,4.066266209170644,2.4318154348034517
1790765347.326435,APPROACH,0.009986273,4.477700031202403e-05,0.40348736545762964,0.45373108678162577,0.3315485864550052,0.2853685120371088,0.32308539301472416,0.24197716167635547,0.3911578736476862,0.4463094700938823,0.40444623213055914,0.2878397750421266,0.3181474941834339,0.28287419309225087,0.4022720674244764,4.087473738835017,2.443556642752831
1790765347.3364317,APPROACH,0.009996289,4.47470001745387e-05,0.4063386486213467,0.45696132139649137,0.3339686997555438,0.28515903685987093,0.3228023306183774,0.24218427477129784,0.39403541068763825,0.44948999369784487,0.40727412819930214,0.2876645680261286,0.3179538389698869,0.28270200860778455,0.3967505938785944,4.109259800964689,2.455475327682439
1790765347.346427,APPROACH,0.009995037,3.8174999644979835e-05,0.4091878718718647,0.46018887823753385,0.33639050483363775,0.2849473083334474,0.3225592111579357,0.2423057133259897,0.396911103738725,0.4526684791525047,0.41010021209020325,0.2874709802241562,0.3177398675891318,0.2825117604279858,0.39099335658695183,4.130462069495549,2.467169975958102
1790765347.356429,APPROACH,0.010002461,3.841599982479238e-05,0.41203412893529734,0.46341480303782223,0.3388127721178593,0.28464453138369955,0.3223901308901147,0.24235228473224807,0.3997847690846955,0.45584472339744436,0.4129243032563376,0.28725903025355365,0.3175056006188023,0.28230346684902735,0.3851059744068934,4.150772899493972,2.478490836189393
1790765347.3666322,APPROACH,0.010204057,5.668799985869555e-05,0.4148774478650674,0.46663827650423784,0.3412363779908212,0.28435720902806,0.32207772921268774,0.24256498453342,0.40265622320433825,0.45901852358782225,0.4157462213424551,0.2870287385047464,0.3172510605963074,0.28207714790957533,0.3793237872627204,4.1714839975094185,2.4898781983601586
1790765347.3764467,APPROACH,0.009813625000000001,4.129100034333533e-05,0.41771873964227524,0.4698574398596813,0.3436630674815886,0.28415767418400806,0.3216186141199279,0.2428915988830881,0.405525282789211,0.46218967711396935,0.4185657862024043,0.28678012714123924,0.3169762720188296,0.2818328253907873,0.3735146567392802,4.192775835654662,2.50144091731663
1790765347.3864353,APPROACH,0.009988166000000001,2.897000013035722e-05,0.4205579331078706,0.4730722863819876,0.3460924773738441,0.28393223568851383,0.3212204497070509,0.24310324467109967,0.4083917647613723,0.4653579816209877,0.42138281791655824,0.2865132200996177,0.3166812613433267,0.2815705228163141,0.36749376108611836,4.2134646253302215,2.5127721609983005
1790765347.396402,APPROACH,0.009966698000000001,4.007799998362316e-05,0.4233939759648315,0.47628401129092524,0.34852313902454135,0.2836004667749454,0.3209114011333459,0.2432159267136964,0.41125548629111147,0.46852323502834714,0.42419713680923843,0.28622804308954836,0.31636605698653125,0.2812902654522996,0.3613687932619418,4.23325602309784,2.523727902665457
1790765347.4064074,APPROACH,0.010005486000000001,3.52800002474396e-05,0.4262267469958374,0.4794919349709028,0.35095571261405034,0.28327308520084443,0.3204704497199252,0.24347588345703286,0.41411626481468033,0.4716852355494843,0.42700856346614074,0.28592462359377785,0.31603068932495054,0.2809920803073801,0.35536089322771847,4.253440989930171,2.5347464872680234
1790765347.416413,APPROACH,0.010005786000000001,2.57439996858011e-05,0.4290562530199855,0.4826951815361644,0.35339103709683517,0.2829444940090954,0.3199857789162417,0.24375596448164843,0.41697391805202355,0.4748437817113998,0.42981691875175965,0.28560299086813296,0.3156751906948661,0.2806759961326842,0.34931844500696746,4.273581427798293,2.5457005709597444
1790765347.4264328,APPROACH,0.010019799000000001,4.316400008974597e-05,0.43188245955063476,0.4858934445886085,0.35582912498531805,0.28260857217683877,0.3194796741994395,0.2440243045554133,0.41982826402450923,0.47799867237425553,0.4326220238268134,0.28526317594152106,0.31529959539233404,0.2803420434218333,0.34321037388453884,4.2935661854860925,2.5565570041327463
1790765347.4364347,APPROACH,0.01000204,2.8569999813043978e-05,0.4347060108683003,0.48908566753095695,0.3582705719375143,0.2823401592874079,0.3188583373615504,0.24436150366472914,0.42267912107266037,0.48114970675097335,0.4354237001656692,0.2849052116159299,0.3149039396731853,0.27999025441094133,0.3370541221265839,4.314013399227902,2.567548647103854
1790765347.446671,APPROACH,0.010236773000000001,4.773199998453492e-05,0.437525945187514,0.4922728910642489,0.36071398428346857,0.2819524819917024,0.31840287687226765,0.24448507723574553,0.42552630787388457,0.48429668442683155,0.4382217695737673,0.2845291324664284,0.31448826175302635,0.279620663078616,0.3307041798612377,4.333227329011833,2.578069273200664
1790765347.45642,APPROACH,0.009748283,3.495999999358901e-05,0.44034273675669144,0.49545420627911163,0.36315983467347124,0.28163742713351736,0.3177549194232214,0.244786661857346,0.42836964346020584,0.4874394053790638,0.4410160542050466,0.28413497484116473,0.3140526018072368,0.27923330514595607,0.3244364573197527,4.353287722291864,2.5888348861662975
1790765347.4664357,APPROACH,0.010015803,4.328500017436454e-05,0.44315546289464525,0.4986300878734058,0.3656075168331201,0.28120585609143633,0.31724754223556184,0.24490804076087724,0.43120894723599573,0.4905776699964569,0.4438063765793703,0.28372277686136776,0.3135970019709714,0.27882821807655345,0.3180352742856565,4.372267681508377,2.599175526970696
1790765347.4764683,APPROACH,0.010032712000000001,4.1601999782869825e-05,0.4459646019157937,0.501799580202456,0.3680575577369902,0.2808481563499144,0.31655511405825737,0.24519525991153235,0.4340440389957021,0.49371127909894696,0.44659255959994854,0.2832925784213478,0.3131215063391604,0.2784054410764937,0.3117014883707552,4.392056984495106,2.609749298139588
1790765347.486473,APPROACH,0.010004925000000001,4.231200000504032e-05,0.4487699550773705,0.5049623593067496,0.3705099909950915,0.28045160539106834,0.315911204595282,0.2453793371363071,0.43687473894158246,0.4968400339572191,0.4493744265707659,0.2828444211884942,0.3126261609665075,0.2779650150943535,0.3052450414508846,4.411375338755461,2.6201280034169434
1790765347.4964623,APPROACH,0.009989137,3.598200009946595e-05,0.45157119348490404,0.5081187356069341,0.3729640186494976,0.2800227929849275,0.31527229613545554,0.2455206842495657,0.4397008677014335,0.4999637363123045,0.45215180121400506,0.28237834860327776,0.3121110138674921,0.27750698282120356,0.2987268731362829,4.430411513919467,2.6303649241329876
1790765347.5064316,APPROACH,0.009969083,3.812500017374987e-05,0.45436801853599373,0.5112685991623378,0.37541943346040085,0.2795665141358537,0.3146110273377112,0.24565678594449797,0.44252224634632153,0.5030821883951774,0.4549245076874714,0.2818944058792487,0.311576115016367,0.2770313886906059,0.2921947181900964,4.44931096806287,2.64050274022509
1790765347.5164132,APPROACH,0.009981654000000001,3.177400003551156e-05,0.4571595102799302,0.5144125073489674,0.3778755116515127,0.2790107030933973,0.31401585499640766,0.24570962982817368,0.445338696408314,0.5061951929463536,0.4576923706020188,0.28139264000303865,0.31102151634716074,0.2765382788786163,0.28565875344266645,4.467503222603255,2.6503266316368967
1790765347.5264058,APPROACH,0.009992543000000001,3.2405000183644006e-05,0.4599455593171715,0.5175498309495712,0.380332719769398,0.27846514477307777,0.3133074068115093,0.24587040669762694,0.4481500398982104,0.5093025532354886,0.460455215038974,0.28087309973435926,0.31044727175367626,0.27602770130378285,0.2792139282773682,4.486015321956135,2.6601909908225103
1790765347.5363803,APPROACH,0.009975724,5.044699992140522e-05,0.46258720198156844,0.5205235759176583,0.3826685405531238,0.2779240521589536,0.3126304962748747,0.24599712181018685,0.45095609932327185,0.5124040730809737,0.4632128665675614,0.2803358356060028,0.30985343708949115,0.27549970562714643,0.2899918276944961,4.544137995815294,2.686233296196504
1790765347.5464182,APPROACH,0.010038392,7.695199974477873e-05,0.46536450311472777,0.523660290819234,0.38511104725372736,0.2778522720978905,0.31493894303590697,0.24222752929134622,0.45375669770495397,0.5154995568695361,0.46596515126232896,0.2797808999238416,0.30924007016795735,0.2749543432522402,0.2742658132814534,4.539264255602323,2.688558509727377
1790765347.5565507,APPROACH,0.010131352000000001,4.7000999984447844e-05,0.46828191250646345,0.5269687792943305,0.3876495957039152,0.2778922368004754,0.3147816025003129,0.241956110200659,0.4565516585966353,0.5185888095758341,0.46871189572057154,0.27920834676682876,0.3086072307622019,0.2743916673250904,0.24434983072727515,4.504877314124258,2.677324700888309
1790765347.5664117,APPROACH,0.009860286000000001,3.9248000121006044e-05,0.4710579551158567,0.5300907706519853,0.39010046244636154,0.2772966762183667,0.30942571678932856,0.24844863206440604,0.4593408061013509,0.5216716367820581,0.47145292707975817,0.2786182319869968,0.3079549806051253,0.27381173273421483,0.24620801906530093,4.547646616591761,2.6940180927915818
1790765347.5764172,APPROACH,0.010005505000000001,3.210600016245735e-05,0.47382429746332466,0.5331752928962015,0.39259277929039094,0.2763421199459929,0.30757001416054963,0.2498343737629773,0.4621239648895193,0.5247478446975234,0.47418807303495325,0.27801061320946097,0.30728338338940503,0.27321459611062626,0.24319954412060257,4.574207169504267,2.7061258638041843
1790765347.586478,APPROACH,0.010061051000000001,3.674300023703836e-05,0.47658139495023377,0.5362493120222656,0.3950871183912499,0.2753788024848065,0.3071442184462025,0.24912641770405552,0.46490096021667765,0.5278172401782739,0.47691716185624594,0.2773855498324146,0.30659250476749106,0.27260031582782784,0.23736287933443548,4.592502174298691,2.715781469153823
1790765347.5964575,APPROACH,0.009979581000000001,4.033899995192769e-05,0.4793300216547953,0.5393185660875908,0.39757442984140035,0.2745573737867341,0.30663638350587596,0.2484479212231926,0.46767161794120976,0.5308796307466755,0.47964002240617215,0.27674310302713206,0.30588241235160835,0.271968952001816,0.2311316073319662,4.610495451060762,2.7253228073789435
1790765347.6064568,APPROACH,0.009998924000000001,3.728499996213941e-05,0.4820700756790828,0.5423831169828057,0.40005468839413805,0.27370611116630805,0.3061389276312291,0.24777330519155438,0.47043576454207703,0.5339348246110152,0.4823564841571396,0.27608333573796895,0.30515317571375755,0.27132056649108044,0.2247998399969243,4.627701982296192,2.7345200374311522
1790765347.616448,APPROACH,0.009991161,4.0720000015426194e-05,0.48480258211554883,0.5454410812223349,0.40252985752738635,0.27298633477824746,0.30539409049264177,0.24736524159156825,0.47319322713655043,0.5369826306850988,0.4850663772088541,0.27540631268236054,0.30440486638571324,0.27065522289660315,0.21844282032456797,4.645719948701964,2.743934331327073
1790765347.6264303,APPROACH,0.009982606,4.0358999740419677e-05,0.4875279028973223,0.5484914835078945,0.4050009711246858,0.27227452553489206,0.30463674093595017,0.24694919919767133,0.4759438334979407,0.5400228586078494,0.4877695323057437,0.2747121003508231,0.30363755785902485,0.26997298656185886,0.21194820171964215,4.663362309284069,2.7531755791206782
1790765347.6364703,APPROACH,0.010039914,5.896099992241943e-05,0.49024617198970244,0.5515341463749079,0.4074680127605461,0.2715712530114827,0.30384768675659823,0.24655174031424942,0.4786874120733286,0.5430553187629036,0.4904657808543832,0.27400076700695236,0.3028513255850159,0.26927392457281446,0.20533716138267458,4.680723514746558,2.762270080084423
1790765347.6464262,APPROACH,0.00995582,3.644199978225515e-05,0.4929574495061626,0.5545686600737323,0.40993130020925417,0.27087128908438585,0.30301104440799276,0.2461955236303831,0.48142379200129715,0.5460798222982112,0.4931549549409202,0.27327238268742543,0.3020462469747853,0.26855810575793015,0.1986571402988416,4.6979219764471525,2.771251994675587
1790765347.656563,APPROACH,0.010137462,4.441600003701751e-05,0.49566119488775406,0.5575952873328998,0.41239058201035483,0.2701025179731497,0.30221109548673075,0.24580318116161715,0.48415280312966025,0.5490961811456302,0.49583688734849835,0.2725270192019995,0.3012224013992064,0.2678256006881585,0.1919540863988581,4.714451960920017,2.7799324606605964
1790765347.6664093,APPROACH,0.009847534,4.41960000898689e-05,0.49822327930715815,0.56046196552865,0.4147244428493284,0.26944375762585493,0.3012865986924123,0.24559971432214478,0.4868742760331962,0.5521042080405281,0.49851141157468454,0.2717647501335117,0.30037987018892653,0.26707648167694437,0.20242003506332384,4.76974884793562,2.804391332439349
1790765347.676441,APPROACH,0.010029677,4.1882000004989095e-05,0.5010493877996414,0.5636351144340939,0.417282931276616,0.2691643094666959,0.3033549996458609,0.24148535781627978,0.4895880420313765,0.5551037165413768,0.5011783618488921,0.270985650837881,0.29951873663436923,0.26631082278022644,0.16900850701950632,4.724972586097184,2.790000129913129
1790765347.6864324,APPROACH,0.009991481,5.733899979531998e-05,0.5037371036266558,0.5666497221837181,0.4197164323064957,0.2683739465948946,0.2994017134990683,0.24545285114321358,0.49229393320609627,0.5580945210493508,0.5038375731498052,0.27018979844410534,0.29863908598573125,0.2655286997964349,0.1676111604985258,4.7569016974311715,2.802857077135741
1790765347.6963494,APPROACH,0.009917014,3.103399967585574e-05,0.5062818748073159,0.5694833574763525,0.4220551840226481,0.26757744641898884,0.29740901681373294,0.24659652436519303,0.49499178241940756,0.5610764368279261,0.5064888812228062,0.26937727185426336,0.29774100545298415,0.26473019026649275,0.18041333159409448,4.817973525193938,2.8288151074715673
1790765347.7064428,APPROACH,0.010093516,4.831300020669005e-05,0.509086885609288,0.5726179818692092,0.42462067102145884,0.2670477781251604,0.29977785748665237,0.24194320485246934,0.4976814233312481,0.564049280022478,0.5091321225973989,0.2685481517435145,0.2968245842058746,0.26391537347381594,0.14697847138963363,4.772025273613906,2.813965353411916
1790765347.7164142,APPROACH,0.009971347,4.285399973014137e-05,0.511753555543339,0.575599292426813,0.42705410590864723,0.2662008968866811,0.296086800735505,0.24533382357707562,0.5003626904171721,0.5670128676798766,0.511767134604633,0.2677025205600983,0.29588991337392356,0.26308433044431284,0.14484795266789124,4.801913942094303,2.82608652105258
1790765347.7264075,APPROACH,0.009993214,5.061699994257651e-05,0.5144091139380196,0.5785488891179069,0.42951365303917566,0.2651582289781991,0.29391711190943204,0.24647828718108755,0.5030354189860817,0.5699670177680868,0.51439375539453,0.26684046252533583,0.29493708604642777,0.26223714394638553,0.14120235666206796,4.825786057666842,2.8365777925126188
1790765347.7364233,APPROACH,0.010015954,3.4639000205061166e-05,0.5170547870021283,0.5814821892816662,0.43197641742100323,0.2641676324080852,0.29283378159401524,0.24600551548023586,0.5056994451979586,0.5729115491957658,0.5170118239535086,0.26596206363362646,0.2939661972724564,0.2613738984909266,0.13531050310264764,4.843655982440114,2.8453426786107636
1790765347.7464879,APPROACH,0.010064747,3.6051999813935254e-05,0.5196901488106853,0.5844075374229263,0.43443060417494994,0.26311675886146935,0.29215426602828515,0.24498065601246088,0.5083546060815923,0.5758462818318594,0.5196211801218078,0.2650674116524519,0.29297734406085535,0.2604946803313235,0.12863889849695184,4.858561132673043,2.853135474301911
1790765347.756413,APPROACH,0.009924927,3.4870000035880366e-05,0.5223158841235618,0.5873244747005577,0.4368763130987334,0.26218002223390496,0.29120724115882707,0.2442673349147111,0.5110007395523141,0.5787710365252015,0.5222216646109137,0.2641565961223738,0.2919706253802446,0.2595995774634553,0.1219661028638686,4.8743060133853655,2.8611316647431324
1790765347.7666771,APPROACH,0.010265272,5.926200037720264e-05,0.5249317624857426,0.5902322564685427,0.4393146707195408,0.26118771499528276,0.2902754815779719,0.24354888235538424,0.5136376844297251,0.581685635124111,0.5248131190209835,0.2632297083570331,0.29094614215901754,0.2586886796256931,0.11531073497563894,4.889446519653826,2.868845722575084
1790765347.776461,APPROACH,0.009782722,4.519799995250651e-05,0.5275384194888488,0.5931294961282987,0.4417470728588917,0.2602857132177237,0.2891673225507773,0.24301295564955433,0.5162652804554287,0.5845899004959888,0.5273953858582701,0.262286841443153,0.2899039972853443,0.25776207829890224,0.10857564112188377,4.90511702889671,2.8766800685110585
1790765347.7863524,APPROACH,0.00989183,4.412599992065225e-05,0.5300062645107824,0.59587159319309,0.4440528149896332,0.2594085626858656,0.2881356581495899,0.24246311961633887,0.518883368310762,0.5874836565469183,0.5299683085525488,0.26132809024053527,0.28884429560716746,0.25681986670643897,0.11866345809575245,4.956607768379392,2.899180226684256
1790765347.7964125,APPROACH,0.010059668,3.7324000004446134e-05,0.5327255941628808,0.5989068656317373,0.44657568442436624,0.25883594021268297,0.29006904528196314,0.23807616070102927,0.5214917896345229,0.5903667282412584,0.5325317314745391,0.26035355138206395,0.2877671439322064,0.25586213981415395,0.08544113286113506,4.911601703124284,2.884285868724692
1790765347.8064191,APPROACH,0.010006437,3.17940002787509e-05,0.5353092169043094,0.6017876737620238,0.448973347822867,0.25785705369069734,0.28596186746827346,0.24169295114774048,0.5240903870407062,0.5932389416212466,0.5350854999533331,0.259363323273702,0.2866726510279535,0.25488899433038903,0.0838793534611018,4.941673049841688,2.8959241927381143
1790765347.816417,APPROACH,0.009997792,5.3312000090954825e-05,0.5378812458163189,0.6046362825731642,0.4513942441561367,0.2567681427394709,0.2838565600858433,0.2424005699257305,0.5266790041362307,0.5961001238265932,0.537629460293818,0.25835750609449354,0.28556092762167656,0.2539005287059795,0.07940644664327337,4.962443785795668,2.904979109017175
1790765347.8264024,APPROACH,0.009985552,2.9720999918936286e-05,0.5404429118702909,0.6074680769049587,0.4538156858508984,0.2557214249370501,0.28259570604936846,0.2418448474335192,0.52925748553867,0.5989501031140791,0.5401634597941013,0.25733620179656325,0.28443208640041817,0.25289684313425337,0.0731380583785687,4.978498477276957,2.912679024920742
1790765347.836445,APPROACH,0.010042619000000001,3.3987999813689385e-05,0.5429936448480683,0.6102896050727802,0.45622845273522206,0.25460567583316257,0.28165633277467883,0.24084928035261616,0.5318256768939863,0.6017887088771563,0.5426873467629375,0.25629951410511537,0.2832862420109946,0.2518780395510305,0.0663176502311555,4.99218332322417,2.9195913273541225
1790765347.8464017,APPROACH,0.009956741,3.092299994023051e-05,0.5455334926128375,0.6131009848442126,0.4586321616842097,0.2535232269347106,0.2805626238878194,0.24004174152228086,0.5343834248942579,0.6046157716655428,0.5452009705371511,0.25524754851843545,0.28212351105999794,0.2508442216346243,0.05954013293726042,5.0061402697538115,2.9265079949777797
1790765347.8564003,APPROACH,0.009998514,3.198500007783878e-05,0.5480625839319506,0.6159009294669948,0.461028336752511,0.2524522659744715,0.2793782987225264,0.23933233507624657,0.5369305772954119,0.6074311232048213,0.547704181499062,0.25418041230788946,0.2809440121137945,0.24979549480584062,0.05278796072927645,5.020167428976713,2.93337692064886
1790765347.8664522,APPROACH,0.010052666,4.8132999836525414e-05,0.5505810019648987,0.6186887713025193,0.46341761555024963,0.2513859412641818,0.27814769048342275,0.2386574169774509,0.5394669829349538,0.6102345964160371,0.5501968310939105,0.25309821451792314,0.27974786569852494,0.2487319662279777,0.046002543613876574,5.034071599671376,2.940145666953186
1790765347.8764176,APPROACH,0.009964886000000001,3.9087999994080747e-05,0.5530891824053237,0.6214634676596607,0.4658008816567234,0.2503694849799041,0.2768160364645893,0.2380645883389939,0.5419924917497001,0.6130260254352966,0.5526787718472834,0.2520010659660631,0.2785351943001048,0.24765374480682653,0.03913253977064256,5.048242975381525,2.9469573048459776
1790765347.886433,APPROACH,0.010015182000000001,3.5742000363825355e-05,0.5555866133111476,0.6242256436105871,0.46817723469005834,0.24927499357478577,0.2755832320652123,0.23733677653748259,0.5445069547935071,0.6158052456333633,0.5551498573825367,0.2508890792429162,0.27730612236422436,0.24656094119067085,0.032234756259326536,5.061538487336802,2.9534244150713107
1790765347.8964334,APPROACH,0.010000497,4.961500007993891e-05,0.5580731891921973,0.6269751585709855,0.4705465988966191,0.24818642337009167,0.2742832962245808,0.23667013877287524,0.5470102242550023,0.6185720936352562,0.557609942438222,0.24976236871216986,0.27606077629634834,0.24545366777028702,0.025330925676305356,5.074832555595637,2.9598262551743706
1790765347.9064026,APPROACH,0.009969383,3.07029999930819e-05,0.5605492436866424,0.629710807048304,0.47291007577341304,0.2471371900162811,0.2728770308095402,0.23609251992118918,0.5495021534753168,0.6213264073398493,0.5600588828855118,0.24862105051059152,0.27479928446171586,0.24433203867894368,0.01839487048213449,5.088472457886225,2.966293171568651
1790765347.9164112,APPROACH,0.010008550000000001,3.199499997208477e-05,0.5630142083576599,0.6324331795272693,0.47526677222913527,0.24600714498086163,0.27156925996891007,0.23537522043945658,0.5519825969658138,0.6240680259394669,0.5624965357456232,0.2474652425480299,0.27352177718534165,0.24319616979240302,0.011461081696812994,5.101290641823655,2.9724361611430843
1790765347.9264314,APPROACH,0.010019971,3.391800009922008e-05,0.565467923751398,0.6351422013387023,0.47761648924055056,0.24487668571163013,0.2702051738338027,0.23470136413071652,0.5544514104258205,0.6267967899394821,0.5649227592072433,0.2462950645074136,0.2722283867520144,0.2420461787289193,0.004535735681880719,5.114092291866412,2.9785118557535304
1790765347.9365566,APPROACH,0.010125882000000001,5.000600003768341e-05,0.567910278642449,0.6378373886779007,0.4799595438951707,0.24373404686484873,0.26880597123611516,0.23404044457328144,0.556908450760358,0.6295125411779146,0.5673374126439538,0.24511063784475154,0.27091924740629736,0.24088218484923937,-0.002361704449295507,5.126825335214219,2.984508439992244
1790765347.9463756,APPROACH,0.009818253,3.197500018359278e-05,0.5702202188866812,0.6403841774288583,0.48217987802195417,0.24267748960974267,0.26741671716995263,0.2334452987821521,0.5593535760978755,0.6322151228450303,0.5697403566316581,0.24391208578913295,0.2695944953525284,0.23970430925660266,0.0069212871619123715,5.173042912960912,3.0041954018875208
1790765347.956402,APPROACH,0.010027263,3.6452999665925745e-05,0.5726418412583039,0.6430637577849678,0.4844952407318708,0.24188012821134836,0.26861533595263176,0.22959226094744523,0.5617866458079747,0.6349043795029345,0.5721314529660018,0.24269953334272862,0.2682542687548211,0.23851267479674226,-0.008217543470707314,5.165296803372323,3.0036345203662718
1790765347.966395,APPROACH,0.009992433,2.9069999982311856e-05,0.5750564236597899,0.6457459464949951,0.48678511545482195,0.24106500341141313,0.2676142907527554,0.22877678425111647,0.5642075205191476,0.6375801571051751,0.5745105646798024,0.24147310728078764,0.2668987077370616,0.23730740605788195,-0.019814785367423343,5.168011206960174,3.0058521009774375
1790765347.9764073,APPROACH,0.010012247,5.580600009125192e-05,0.5774621727807956,0.6484110161856229,0.48907614506267105,0.24013990994925682,0.26540059978626945,0.22953129058949773,0.5666160621365025,0.6402423030163364,0.5768775560604712,0.24023293615164146,0.26552795438291255,0.23608862937074,-0.028567200272231533,5.178215021168237,3.0101945991738903
1790765347.9865556,APPROACH,0.010148922000000001,3.82260000151291e-05,0.5798578399691232,0.6510533065152533,0.49137494683228944,0.2390801515337972,0.2631558883878703,0.23019895798325363,0.5690121338594976,0.6428906660316392,0.5792322926674401,0.2389791502767007,0.2641421527358101,0.2348564728085261,-0.03653245489222699,5.189691138997769,3.014933366371043
1790765347.99645,APPROACH,0.009893663,5.832999977428699e-05,0.5822422769212938,0.653674258953516,0.49367822336602174,0.23790529092132545,0.2611347184129345,0.23043055625603048,0.5713956001996685,0.6455250963965358,0.5815746413495836,0.23771188175045832,0.26274144879896694,0.2336110661869445,-0.044315721962811756,5.200752857300244,3.01958283084841
1790765348.0064375,APPROACH,0.009987509,3.199499997208477e-05,0.5846144990650348,0.6562758782414786,0.49598197734509775,0.2366411364205883,0.2592726740970638,0.23032442091862226,0.5737663269983637,0.6481454458263114,0.5839044702626479,0.23643126444048512,0.2613259905353678,0.2323525410641896,-0.05191645949767324,5.211511696970288,3.0241645789702605
1790765348.0164437,APPROACH,0.010006354,2.9440999696817016e-05,0.5869733531972772,0.6588600427034965,0.49828264443083725,0.23526685085939242,0.2575661093106757,0.22991018686897668,0.5761241814444705,0.6507515675256782,0.5862216488866717,0.2351374339874336,0.2598959278677732,0.23108103074094963,-0.05924770431556336,5.221800607777517,3.028606268586749
1790765348.0264337,APPROACH,0.009989906,2.9229999654489802e-05,0.5893183335153429,0.6614272100406469,0.5005785263573657,0.233862159492882,0.25586500278653124,0.22938346220187816,0.5784690320921506,0.6533433162083774,0.5885260480434155,0.23383052780503719,0.2584514126787192,0.22979667026040607,-0.0663315252596924,5.232321613211397,3.033122155050185
1790765348.0364103,APPROACH,0.009976482,3.0002000130480155e-05,0.5916491281825875,0.6639774826500755,0.5028684579619815,0.2324313154317423,0.25418675477452574,0.2287264182293265,0.5808007488785664,0.6559205481167716,0.5908175399137814,0.23251068508010875,0.256992598810515,0.228499596408232,-0.07321414097372902,5.242951130146619,3.0376780814488504
1790765348.0464303,APPROACH,0.010020128000000001,4.0549999994254904e-05,0.5939655294093678,0.6665111287755732,0.5051511199350269,0.2309835041840334,0.2525385385721248,0.22793679129643635,0.5831192031416136,0.6584831210414461,0.5930959980552414,0.23117804677254256,0.25551964206524597,0.22718994771259415,-0.07995882636252688,5.2535823715507215,3.0422416137197557
1790765348.0564682,APPROACH,0.010037898,5.0166000164608704e-05,0.5962674063397504,0.6690284168929272,0.5074252725527426,0.22952578343333843,0.250913755453204,0.227031783332641,0.5854242676376544,0.661030894340808,0.5953612974192635,0.22983275561531252,0.25403270020477087,0.2258678644441512,-0.08659701937832079,5.264189116866612,3.046802204582994
1790765348.066461,APPROACH,0.009992691000000001,4.176199990979512e-05,0.5985550133676067,0.6715289315238335,0.5096905401283083,0.2280994618651458,0.24924542235539648,0.22609641309971135,0.5877158165592439,0.6635637289606784,0.5976133143687319,0.22847495611447272,0.25253193295072307,0.22453348861605407,-0.0931814980516454,5.275133984138166,3.0514776140304845
1790765348.0764496,APPROACH,0.009988613,3.796500004682457e-05,0.600828261163957,0.674013004019324,0.5119457647060273,0.22665665804993942,0.24763113368961576,0.22502157141963136,0.5899937255528651,0.6660814874538972,0.5998519266953773,0.22710479454915874,0.2510175019845118,0.2231869639839476,-0.09972757312754038,5.285841797371357,3.056084865940946
1790765348.0864663,APPROACH,0.010016923,3.6623000141844386e-05,0.6030870476090726,0.6764810923859947,0.5141897214221958,0.22520543274973412,0.24604437202001336,0.2238529272874742,0.592257871736656,0.6685840339999144,0.6020770136371977,0.22572241897158582,0.24948957094731988,0.22182843604596844,-0.10624319118862487,5.296365422373729,3.0606310896208466
1790765348.0964155,APPROACH,0.009949175000000001,3.4358999982941896e-05,0.605331301747162,0.6789333306403398,0.5164217036781755,0.2237487708019275,0.24445910378455268,0.22263311725218282,0.5945081337181434,0.6710712344243925,0.6042884558958858,0.22432797920704925,0.24794830544010454,0.22045805204274546,-0.1127019356965854,5.306809928765483,3.0651415380272184
1790765348.1064165,APPROACH,0.010000805,3.162499979225686e-05,0.6075606660367265,0.6813702625326536,0.5186406607178107,0.22225428934731153,0.24292253095047422,0.22131791158652897,0.5967443916119711,0.6735429562188009,0.6064861356542518,0.22292162685392622,0.2463938730235993,0.21907596095740173,-0.11907064219560091,5.316844902961272,3.0695014947710093
1790765348.1164107,APPROACH,0.009994103,3.1523999950877624e-05,0.6097751633314585,0.6837915799559049,0.5208465997093423,0.22077072730854524,0.24133222517952987,0.22003619369715344,0.5989665270576339,0.6759990685600169,0.6086699365936513,0.22150351528367299,0.24482644321831065,0.21768231351555162,-0.12535638699072477,5.327016209490876,3.0738782719968953
1790765348.1264143,APPROACH,0.010003459000000001,3.1523999950877624e-05,0.6119748539011143,0.6861968254823729,0.5230397517725436,0.21929207847378054,0.23971169878204684,0.21875849392845048,0.6011744232372054,0.6784394423299208,0.6108397439114076,0.22007379964082718,0.24324618750452098,0.2162772621853031,-0.1315784974981799,5.337228687147958,3.0782458942571957
1790765348.13637,APPROACH,0.009956448000000001,3.588199979276396e-05,0.6140508775708922,0.6884667486948439,0.5251113211339051,0.21787933171821805,0.2381901942185848,0.21749750992132832,0.6033679648930701,0.6808639501349946,0.6129954443382376,0.21863263684300516,0.24165327932228536,0.2148609611772551,-0.12284879656464469,5.376488573182578,3.0945521432419993
1790765348.1464548,APPROACH,0.010084418000000001,4.1370999952050624e-05,0.6163315163153991,0.6909700207029852,0.5273736975712913,0.21671369318658645,0.23873138209310005,0.21346275456538683,0.6055470383456545,0.6832724663259203,0.6151369261556769,0.21718018558090565,0.2400478940714357,0.21343356644450112,-0.15151808538458625,5.339638509871843,3.0812858479492093
1790765348.1564367,APPROACH,0.009981792000000001,3.2265999834635295e-05,0.6184916911251914,0.6933405885091428,0.5295125662833131,0.21525026302085162,0.23516275433660555,0.21477150202978046,0.6077115315111561,0.6856648670171754,0.6172640792135036,0.21571660631830739,0.23843020911157797,0.21199523568262696,-0.1546993124424667,5.358958027168039,3.0880137003732586
1790765348.166438,APPROACH,0.010001275,3.230599986636662e-05,0.6206355740409215,0.6956785395177967,0.5316598181424155,0.21366763429451266,0.2325473883511825,0.2146813836902226,0.6098613339192777,0.6880410301066349,0.6193767949471654,0.21424206129206919,0.2368004037620926,0.21054612832971065,-0.1585028935355108,5.374866575660418,3.093904592919155
1790765348.1764503,APPROACH,0.010012074000000001,5.358199996408075e-05,0.622763653867989,0.6979950899363532,0.5337994705122684,0.21208422238195823,0.23080819290108112,0.21335751134471875,0.6119963367309549,0.6904008352951647,0.6214749663952026,0.21275671451212916,0.23515865930213325,0.20908640556632183,-0.16387918512668279,5.385997894043665,3.0984563926126274
1790765348.186553,APPROACH,0.010103481000000001,4.826299982596538e-05,0.6248762962990906,0.7002947628903993,0.5359249517511655,0.21054237360202635,0.2291956255944893,0.21183319966529918,0.6141164327560877,0.6927441641062214,0.6235584882166736,0.21126073176150803,0.23350515897063076,0.20761623031552492,-0.1696879608338328,5.396161916892153,3.102716098514269
1790765348.1965227,APPROACH,0.009969591,5.075700028100982e-05,0.6269735415901234,0.7025785340394801,0.5380348295324486,0.2090025474606929,0.2276200460616623,0.21025098680564785,0.6162215164712725,0.6950708999054498,0.6256272567085798,0.2097542805963053,0.23184008796628877,0.20613576724287544,-0.17561471909408705,5.405799837400507,3.106784264713454
1790765348.2064838,APPROACH,0.009960856,4.1511000290483935e-05,0.6290554251236218,0.7048464575642841,0.5401289856968985,0.20746686967267355,0.22602271031965537,0.20869453728616016,0.6183114840375324,0.6973809279202817,0.6276811698232917,0.20823753034570205,0.23016363344758686,0.2046451827564226,-0.18156668458933628,5.415216050499665,3.1107409566631166
1790765348.2164278,APPROACH,0.009943917,3.6623000141844386e-05,0.6311219690119749,0.7070982255037386,0.5422078035371074,0.20593290699716973,0.22439027540610323,0.2071821721670472,0.620386233318046,0.6996741352595304,0.6297201271859706,0.20671065211195866,0.22847598453277795,0.2031446450067073,-0.18750569950472246,5.424508366528514,3.114612875597804
1790765348.226434,APPROACH,0.010005913,5.262099966785172e-05,0.6331729136421744,0.7093340279339273,0.5442711104790074,0.20437158617786783,0.22277563266176537,0.20565231298289016,0.6224456638958815,0.7019504109329923,0.6317440301119978,0.20517381877041727,0.22677733229989114,0.2016343238867642,-0.19340485154357565,5.433361738837878,3.1182972575147367
1790765348.2364264,APPROACH,0.009992490000000001,3.035300005649333e-05,0.6352085420993809,0.7115528914815608,0.5463200535896604,0.2028423815423946,0.22105274060057956,0.20425328153653172,0.624489677091726,0.7042096458710428,0.6337527816243965,0.20362720496949865,0.2250678697867282,0.20011439103211906,-0.19927649704874836,5.442538144529437,3.1220334081558576
1790765348.2464268,APPROACH,0.010000354000000001,3.8035999750718474e-05,0.6372285945764178,0.7137549409331676,0.548354498804489,0.20128164950001026,0.2193689430041944,0.20280211392772773,0.6265181759816153,0.7064517329442338,0.6357462864712579,0.2020709871307054,0.22334779199086702,0.19858501982079158,-0.20511744278587138,5.451234470638988,3.125576393572615
1790765348.2564366,APPROACH,0.01000995,3.0733000130567234e-05,0.6392333095711082,0.7159394901617437,0.5503751865049367,0.1997477825732347,0.21760168237367006,0.20144691471337584,0.628531065414665,0.7086765669828907,0.6377244511431645,0.20050534344862095,0.22161729586966072,0.19704638537329452,-0.21095549274308345,5.460149496491511,3.129141912835718
1790765348.26647,APPROACH,0.010033621000000001,3.815599984591245e-05,0.6412223894251294,0.7181068394774979,0.5523817190147726,0.1981795425828774,0.2158835082191083,0.20002329832396776,0.6305282520308048,0.7108840447967146,0.6396871838906192,0.1989304538909075,0.21987658034023513,0.19549866455263168,-0.21676765281952065,5.468551548253071,3.1325064416358015
1790765348.2764168,APPROACH,0.009946792000000001,4.573799969875836e-05,0.643196032444969,0.7202563766440155,0.5543747233325425,0.19663415385221708,0.21408697864128862,0.19868748626271732,0.6325096442785031,0.7130740651943731,0.6416343947414644,0.19734650019830882,0.2181258462794921,0.19394203596430068,-0.22256863969380772,5.47716121779677,3.135889989991141
1790765348.2864165,APPROACH,0.009999462,3.218499978174805e-05,0.6451539226054379,0.7223884238713048,0.5563537426566825,0.19505355508341785,0.21234051303688864,0.19727861341276884,0.6344751524325036,0.7152465290031045,0.6435659955183125,0.19575366588464818,0.216365296524107,0.19237667995629082,-0.22833717055273886,5.485271146626448,3.139078496239351
1790765348.2963572,APPROACH,0.009941021000000001,4.3294000079185935e-05,0.6469992557513216,0.7243976136934673,0.5582208213456816,0.19353600767510284,0.2106832730914201,0.19593334078983726,0.6364246886115519,0.7174013390883103,0.645481899855966,0.19415213623683045,0.21459513587053117,0.1908027786190852,-0.22059354303424902,5.518657161443976,3.1526434294942596
1790765348.3063943,APPROACH,0.010036757,2.9411000014079036e-05,0.6489274308651289,0.726504026010172,0.5601625723807473,0.1922593335122069,0.21072990778113437,0.19244318278746123,0.6383581667961291,0.7195384003731572,0.6473820232188463,0.19254209831484123,0.212815571074991,0.18922051578566004,-0.23259731049013935,5.512044895775085,3.1511467978655636
1790765348.3163977,APPROACH,0.010003519,2.9491000077541685e-05,0.6508433113434027,0.728604684010131,0.5620779454226215,0.19094556034727383,0.20929956533101612,0.1909557702201541,0.6402755028461812,0.7216576198581722,0.6492662829184163,0.19092374095174372,0.21102681085348435,0.1876300770314812,-0.24218390294977868,5.512387699857827,3.1514264094940754
1790765348.3263955,APPROACH,0.009997879000000001,2.842799995050882e-05,0.6527455297254052,0.7306859486136563,0.5639849806118846,0.18954248074154653,0.20698922091223892,0.19058628764042404,0.6421766145188506,0.723758906640842,0.6511345981306065,0.18929725475368556,0.20922906588178816,0.18603164967451136,-0.2496308264523146,5.518112862784145,3.1531900293155384
1790765348.3363783,APPROACH,0.009983515,6.000399980621296e-05,0.6546331645332621,0.7327432971957313,0.5658889493233064,0.18804745577765603,0.20458998085595045,0.19024499550410315,0.6440614214862055,0.7258421719352082,0.6529868899132385,0.187662832099891,0.20742254879544986,0.18442542277520196,-0.2563109370016198,5.5251123649818235,3.15533534858768
1790765348.3463948,APPROACH,0.01001578,2.8949999887117883e-05,0.656505417189555,0.7347772873191873,0.5677881702426264,0.1864743546130763,0.20232520858144531,0.18963090002943778,0.6459298453529733,0.7279073290914688,0.6548230812234523,0.18602066714266788,0.20560747418979497,0.18281158713650028,-0.2627211222300727,5.531993740225761,3.1574763178519585
1790765348.3564563,APPROACH,0.010062100000000001,4.9124999804917024e-05,0.6583616046242637,0.7367892900968069,0.5696799151191607,0.1848389387088303,0.20018226068574513,0.18876819144121398,0.6477818096742681,0.7299542936155721,0.6566430969351282,0.18437095580740265,0.20378405861992166,0.18119033530384443,-0.26892119173833073,5.538658244203417,3.1595791202696852
1790765348.3663394,APPROACH,0.009882351000000001,3.0762999813305214e-05,0.6602011791105893,0.7387803111364528,0.5715620221452138,0.18315520245917113,0.19811972325160165,0.18771981989985076,0.6496172399733254,0.731982983188818,0.6584468638563152,0.1827138957925625,0.20195252060070315,0.17956186156516554,-0.27489851270365667,5.545219386142073,3.161670797635033
1790765348.3764355,APPROACH,0.010096299000000001,3.1754999781696824e-05,0.6620234922634936,0.7407515061911631,0.5734322417927311,0.18141441860139987,0.1961563551906345,0.18646905822920146,0.6514360637592292,0.733993317687453,0.6602343107466528,0.18104968656969453,0.20011308060678668,0.17792636195088685,-0.2806448667235181,5.551465520118482,3.1636844209657924
1790765348.386374,APPROACH,0.009938216000000001,4.587900002661627e-05,0.6638284966691215,0.7427026917392414,0.5752900914919818,0.17967280918305645,0.19415923689101616,0.18519793693244158,0.6532382105446443,0.7359852192022684,0.6620053683347971,0.1793785293834284,0.19826596107259656,0.1762840342339264,-0.2861732010825388,5.558079544714922,3.1658150432345384
1790765348.3963838,APPROACH,0.010010111,3.278699978181976e-05,0.6656160062471574,0.7446340469565751,0.5771346937954274,0.1779154166378585,0.19219926748299035,0.1838136726074503,0.6550236118635483,0.7379586120582001,0.6637599693358467,0.1777006272514715,0.1964113863923287,0.1746350779296922,-0.2915462394286261,5.564665355910922,3.167954587693394
1790765348.40638,APPROACH,0.009995816000000001,3.8174999644979835e-05,0.6673856678914509,0.7465465003555014,0.5789642773865076,0.176127038408648,0.19032264554890427,0.18226583945582908,0.6567922012889598,0.7399134228339229,0.6654980484687655,0.17601618496461363,0.19454958291995586,0.17297969429608684,-0.2967959492210051,5.570861728141196,3.1699910650358283
1790765348.4164023,APPROACH,0.010022451,3.174400035277358e-05,0.6691374264456682,0.7484401796550131,0.5807781611236216,0.17433634444828158,0.18843561793267066,0.18068578985108139,0.6585439144506737,0.7418495803814539,0.6672195424738119,0.17432540908672273,0.19268077896922298,0.17131808633350337,-0.3018865682513169,5.577137295045279,3.172053766926581
1790765348.426416,APPROACH,0.010013567000000001,3.2996999834722374e-05,0.6708712906004095,0.7503149388488515,0.5825760768472845,0.17254847600440978,0.18653994405976798,0.17907304900566834,0.6602786890529838,0.7437670158457405,0.6689243901299552,0.17262850795474996,0.19080520481365273,0.16965045878483026,-0.3068477047193574,5.5834862069393365,3.1741441003394475
1790765348.436422,APPROACH,0.010006234000000001,3.1694999961473513e-05,0.6725873040508263,0.7521707500815031,0.5843576452991108,0.17076558185414564,0.18464690102060757,0.17741767812106157,0.6619964648924243,0.74566566268427,0.6706125322723119,0.1709256916787253,0.1889230926865406,0.16797701813544696,-0.311722860090521,5.589825753140724,3.1762378510731932
1790765348.4464502,APPROACH,0.010028352,4.002900004707044e-05,0.6742855220385193,0.7540076471877297,0.5861224575003714,0.1689886354792357,0.182757427444401,0.17572363151017406,0.6636971838754918,0.7475454566866588,0.6722839118095613,0.1692171721417605,0.18703467678095825,0.16629797261322707,-0.31653137496497785,5.596129228514078,3.178325564661226
1790765348.4564297,APPROACH,0.009979097000000001,2.8590000056283316e-05,0.6759661923363929,0.7558252179611591,0.5878707070673608,0.16723357410621228,0.18083118662096717,0.1740479711913658,0.6653807900363798,0.7494063359942525,0.6739384737413744,0.16750316300004442,0.18514019324974837,0.16461353218853345,-0.3212851989966931,5.6026313999842685,3.1804749144475064
1790765348.466434,APPROACH,0.01000438,3.2486000236531254e-05,0.6776291585563294,0.7576240629926474,0.5896013757274288,0.16546591489818654,0.1789707686464691,0.17226044764622872,0.6670472295547107,0.751248241119726,0.6755761651758396,0.1657838796828489,0.18323988020553106,0.16292390857422417,-0.3260285964207466,5.608716248839643,3.182506346880189
1790765348.476348,APPROACH,0.009914196,6.1034999816911295e-05,0.6791926060213784,0.7593157452367549,0.5912288712355771,0.16377755084726492,0.17721996018837824,0.17053006255806702,0.6686964507732636,0.7530711149666777,0.6771969353468852,0.1640595393925281,0.18133397772070312,0.16122931522565181,-0.3192325601839234,5.635687127485329,3.1931533684297566
1790765348.4864128,APPROACH,0.010064454,3.258600008848589e-05,0.6809033030471605,0.7611725074334235,0.5930014062726885,0.16221591346102604,0.17666343278497582,0.16705559519941748,0.6703284042157047,0.7548749028492269,0.6788007356317037,0.16233036110451357,0.1794227278274328,0.15952996734065863,-0.3404423757194989,5.6094627849644025,3.183017169108234
1790765348.4966216,APPROACH,0.010210175,4.119100003663334e-05,0.6825163921417277,0.7629234301414334,0.5946702454092856,0.16042582997463098,0.1735052237328303,0.16695597628260012,0.6719430426043259,0.7566595525116199,0.6803875195681841,0.16059656556731625,0.17750637451766169,0.15782608185957853,-0.3427888097716477,5.621966848564497,3.1867267047128385
1790765348.5064204,APPROACH,0.009797464,3.56710002051841e-05,0.6841110150492149,0.7646451747806422,0.5963346490418564,0.15860677579726756,0.17102472452314693,0.16590473094295738,0.6735403208777625,0.7584250141478136,0.6819572428723246,0.1588583753025324,0.17558516374311156,0.15611787746524294,-0.34582550652255895,5.631715611891319,3.189755127701084
1790765348.5164504,APPROACH,0.010030376,3.106399981334107e-05,0.6856874399936288,0.7663456848722969,0.5979836197774793,0.1567905810516215,0.1691385073359672,0.16403350862747929,0.6751201962087362,0.7601712404210864,0.6835098634556688,0.15711601460483327,0.17365934341527273,0.15440557458297044,-0.34990557454974974,5.638149715131249,3.1918876102348155
1790765348.5264156,APPROACH,0.009964982,3.6533000184135744e-05,0.6872457912830505,0.7680278979181088,0.5996131305354577,0.15498649772456397,0.16733217173969514,0.16205602809133557,0.6766826280217784,0.761898186483628,0.6850453414427234,0.15536970954197352,0.17172916340541355,0.1526893953805754,-0.35415744291400103,5.643912767070041,3.19381733762382
1790765348.536454,APPROACH,0.010038359,3.366800001458614e-05,0.6887861630082934,0.7696919302875953,0.6012230306941362,0.15319392346233882,0.16550010302952456,0.16011448615417678,0.678227578010964,0.76360580999614,0.6865636391883869,0.15361968795478825,0.16979487554457703,0.15096956376836476,-0.3583750274327998,5.649615798093254,3.195711500431715
1790765348.5464401,APPROACH,0.009986090000000001,3.3737999729055446e-05,0.6903086644340082,0.7713375108801044,0.6028137025644531,0.15141143829346168,0.1636440289570876,0.1582075713123337,0.679755010157642,0.765294071147434,0.6880647212953732,0.151866179457192,0.1678567336235796,0.1492463053991371,-0.3625566210472371,5.65526980243008,3.197573001816186
1790765348.5564575,APPROACH,0.010017563,3.584100022635539e-05,0.6918133910948576,0.7729644344677453,0.6043854486502953,0.14963790040773803,0.16177067745469698,0.15632683288615284,0.6812648907481658,0.7669629326740283,0.6895485546316367,0.15010941543617928,0.16591499339301205,0.14751984766818335,-0.366713377501017,5.660849710670047,3.1993948026966055
1790765348.5664692,APPROACH,0.010011743,3.4558999686851166e-05,0.6933004211702896,0.7745725509930663,0.6059385040900445,0.14787106768052963,0.15988431497797675,0.15446730169936118,0.6827571883916242,0.768612359879746,0.691015108347797,0.14834962905182847,0.16396991256324353,0.14579041971329038,-0.3708456672595051,5.666342166308587,3.201172647243115
1790765348.5764618,APPROACH,0.00999242,3.612199998315191e-05,0.6947699666070557,0.7761613654086617,0.6074735325525591,0.14612130115144562,0.15795455376749704,0.15266869138251934,0.684231874037571,0.7702423206553115,0.692464353894563,0.14658705523729343,0.16202175080441225,0.14405825241473283,-0.37494948379019233,5.671951735956461,3.202966120310478
1790765348.5864296,APPROACH,0.009969862000000001,6.022299976393697e-05,0.6961498624950311,0.7776528780864451,0.6089151269506639,0.14446292655817633,0.15614925953796285,0.15092582743814104,0.6856889209937603,0.7718527854979532,0.6938962650401621,0.14482193069881005,0.16007076974643308,0.14232357839527968,-0.36898723567268676,5.695555336218409,3.2121964081746044
1790765348.596464,APPROACH,0.010032529,4.837299957216601e-05,0.6976575283148216,0.7792874861295855,0.6104825456998375,0.14285120793996478,0.15540702656258706,0.14761034284243912,0.6871283049438687,0.7734437275309916,0.6953108178877567,0.14305449391569824,0.15811723297899935,0.14058663202019603,-0.3876228974017434,5.672630379777595,3.203269943106504
1790765348.6064515,APPROACH,0.009987491000000001,4.153100007897592e-05,0.6990772080671039,0.7808275964209077,0.6119544468524314,0.14107576817871756,0.1525360197147717,0.14709546816495375,0.688550003965236,0.7750151225234482,0.6967079908928789,0.14128498514035373,0.15616140605157397,0.1388476493972351,-0.390163928956649,5.682290421100527,3.2060174917267776
1790765348.6164544,APPROACH,0.010002638000000001,4.060000037497957e-05,0.7004784686116228,0.7823394905664856,0.6134202520365664,0.13926288724464744,0.15001425346744446,0.14606834609633235,0.6899539985465893,0.7765669489096357,0.6980877648808488,0.13951364639825478,0.15420355647339687,0.1371068683766449,-0.392720814985628,5.691057986569057,3.208600796214147
1790765348.6264286,APPROACH,0.009974269000000001,3.665300027932972e-05,0.7018615815993394,0.7838289108841812,0.6148720755197727,0.13744870546103,0.1480047212299237,0.14435071296247126,0.6913402716057768,0.7780991878087593,0.6994501230642021,0.13774072148795938,0.15224395371348184,0.1353645285511654,-0.39611059778685337,5.697075123448643,3.210441269216295
1790765348.6364508,APPROACH,0.010022201000000001,3.369799969732412e-05,0.7032264761151845,0.7852996910112591,0.6163048338356738,0.13563098718453326,0.1461968533647821,0.14236994078945628,0.6927088085074964,0.7796118230445113,0.7007950510601131,0.13596645598110718,0.1502828692006187,0.13362087125603037,-0.3998304423923541,5.701734127066952,3.2118880253279904
1790765348.646442,APPROACH,0.009991148,3.0592000257456675e-05,0.7045732240887306,0.7867523170747095,0.6177179539502191,0.13382034420948277,0.14436059933824275,0.1404378335392322,0.6940595970810289,0.7811048411646724,0.7021225369078223,0.13419109722241543,0.14832057632336876,0.13187613956896352,-0.40349381027423586,5.70631365066796,3.213284256084227
1790765348.6564488,APPROACH,0.010006995000000001,3.273599986641784e-05,0.705901914716903,0.7881863764376291,0.619112058787759,0.1320194997892857,0.14248638510163017,0.1385625822250954,0.6953926276379668,0.7825782314607066,0.7034325710860589,0.13241489432968628,0.14635735043007292,0.13013057831018562,-0.4070849105628149,5.7109222401226525,3.214666007987765
1790765348.6664486,APPROACH,0.009999643,3.485999968688702e-05,0.7072126454507339,0.7896015850917557,0.6204875819235562,0.13022758286906339,0.14059322030813348,0.13671764184981477,0.6967078929899484,0.7840319859873629,0.704725146530469,0.1306380981937981,0.1443934688288422,0.128384434042406,-0.4106338408788256,5.715481402772322,3.2160144040988268
1790765348.676441,APPROACH,0.009992490000000001,5.1249000080133555e-05,0.7085054995417535,0.7909978016323791,0.6218447590445049,0.12844333561386867,0.13868965837201047,0.13489099158183715,0.6980053884663824,0.7854660995822662,0.7060002586510348,0.12886096147871204,0.14242921078756465,0.12663795507082878,-0.41415113009901866,5.719959792031972,3.2173223555443564
1790765348.6864302,APPROACH,0.009989415000000001,3.3767999866540777e-05,0.7097806716248867,0.7923746143170973,0.6231841580743671,0.12667408044149264,0.13675127219536828,0.13311497919119195,0.6992851119321852,0.7868805698855219,0.7072579053495052,0.12708373862146813,0.14046485753390148,0.12489139144314945,-0.41762781012124733,5.7245296056882005,3.218639906368256
1790765348.696425,APPROACH,0.009994643000000001,4.832400009036064e-05,0.7110380754192631,0.7937323988662559,0.6245053407681791,0.12490191100751796,0.1348538839124625,0.1312855960087655,0.7005470638055078,0.7882753973593097,0.7084980870368176,0.12530668583218835,0.13850069225529016,0.12314499494955757,-0.42111982364550654,5.728753659368161,3.219848611800072
1790765348.7064152,APPROACH,0.009990137000000001,3.345699997225893e-05,0.7122778655980522,0.7950708953290695,0.6258086756171233,0.12313782355917725,0.13292310403407392,0.1295080706335237,0.7017912470754688,0.7896505853074837,0.7097208066505248,0.12353006109407476,0.13653700009894237,0.12139901912273494,-0.4245423099060284,5.733059489603393,3.2210614487619886
1790765348.7164166,APPROACH,0.010001245,2.8750000183208613e-05,0.7134999334815557,0.7963903764904074,0.6270938587322235,0.12136990790571513,0.13102245719825895,0.12769084339907916,0.7030176673198838,0.7910061398951684,0.7109260696722186,0.12175412416340856,0.13457406817184306,0.11965371923785487,-0.42795080021277776,5.737095609440935,3.2221881073291163
1790765348.7264366,APPROACH,0.010020188000000001,5.199999986871262e-05,0.7147043003227216,0.7976908475101725,0.6283609194722608,0.11960042828396543,0.12911492834574248,0.12588909833504563,0.704226332722996,0.7923420701683562,0.7121138841449537,0.11997913656955374,0.13261218554075446,0.11790935231258558,-0.4312845327562545,5.741063649939107,3.223278638857289
1790765348.7364323,APPROACH,0.009995625000000001,3.170399986629491e-05,0.7158911032736928,0.7989718777236643,0.6296104459952021,0.117841735528186,0.12717060519778353,0.12413960126540335,0.7054172540932089,0.7936583880735077,0.713284260690676,0.11820536161495182,0.1306516432322103,0.11616617710708514,-0.4345436062324323,5.745173286257987,3.224396502533134
1790765348.746434,APPROACH,0.010001776,3.252600026826258e-05,0.7170602416676921,0.8002337989827755,0.6308420373423571,0.11607903745665701,0.1252657041379363,0.1223368748695603,0.7065904448808141,0.7949551084771457,0.7144372125276434,0.11643306437512631,0.1286927342325205,0.11442445412400576,-0.4377956899643834,5.748990755854768,3.225426565496244
1790765348.7563958,APPROACH,0.009961918,3.204500035280944e-05,0.7181545694145424,0.8014150197449252,0.6319953353732775,0.11439324823891396,0.12347403708864158,0.12060889654113255,0.7077459211957253,0.7962322491854565,0.715572755487854,0.11466251169868287,0.12673575348777177,0.11268444560849411,-0.4330220132989826,5.76671065933554,3.2321986683980293
1790765348.766397,APPROACH,0.010001095,3.7152999993850244e-05,0.7192899772802139,0.8026444446086209,0.6331867993187137,0.11280725895403228,0.12252551528682659,0.11776373281168387,0.7088837018252073,0.7974898309638857,0.71669090803447,0.11289397220730316,0.1247809979038204,0.11094641554818503,-0.4396883197986727,5.762628457123463,3.2307608825867433
1790765348.776395,APPROACH,0.00999802,3.4668999887799146e-05,0.7204097633755655,0.8038613092378313,0.6343539802350975,0.11120126211484105,0.1208418542829316,0.11590093753657454,0.7100038082516066,0.7987278775567359,0.7177916912792414,0.11112771629575344,0.12282876634630205,0.10921062967321024,-0.44510534811218805,5.762024593580405,3.2301942137019495
1790765348.786402,APPROACH,0.010007315000000001,4.076000004715752e-05,0.7215132281211023,0.8050586955906613,0.6355058822199986,0.10954909879158554,0.118697281303624,0.11461707604321852,0.7111062646700848,0.7999464157067673,0.7188751289999342,0.10936401613187838,0.12087935964062477,0.10747735545619207,-0.44931750875670473,5.7642823114217006,3.230412242490454
1790765348.7963965,APPROACH,0.009994063000000001,4.189199989923509e-05,0.7225999139108588,0.8062340988149996,0.636645452800674,0.10785387912032719,0.11648470536847458,0.11338310841923704,0.7121910980063438,0.801145475174789,0.7199412476577498,0.10760314565660294,0.11893308057197109,0.1057468621122454,-0.45299893494123833,5.76739174048111,3.230895406299149
1790765348.806405,APPROACH,0.010008708,8.652899987282581e-05,0.7236694527999683,0.8073876688624768,0.637772095503073,0.10612412830733045,0.11433707268115151,0.11202473855416098,0.7132583379343617,0.8023250887592621,0.7209900764147543,0.10584538058393597,0.11699023388530205,0.10401942059898116,-0.45643734750771287,5.770553789076854,3.231430102982308
1790765348.8163996,APPROACH,0.009994474000000001,4.03999997615756e-05,0.7247215480722033,0.808520151060276,0.6388844655565933,0.1043683054142882,0.1122624294046361,0.1105363508392225,0.7143080168941242,0.8034852923158992,0.7220216471513048,0.10409099840095974,0.11505112628534557,0.10229530361649605,-0.45969422469125987,5.773638095288141,3.231978231272858
1790765348.8263953,APPROACH,0.009995636,3.3337999866489554e-05,0.7257559792906401,0.8096321933624191,0.639981398824987,0.10259346491177271,0.1102439717269375,0.10894555481886511,0.7153401701093494,0.8046261247772545,0.7230359944834679,0.10234027836784447,0.11311606643661257,0.10057478560738685,-0.46277475946831376,5.776672997427245,3.23254465822206
1790765348.8363984,APPROACH,0.010003288,5.208899983699666e-05,0.7267725914663155,0.8107242819623961,0.641061997169782,0.1008065677995371,0.10826755588475409,0.1072758526510684,0.7163548356052273,0.8057476281723315,0.7240331557804534,0.10059350151783525,0.11118536496338242,0.0988581427567375,-0.46568836625485466,5.779687570810346,3.233135379209226
1790765348.8463962,APPROACH,0.00999788,3.1132999993133126e-05,0.7277712953384858,0.8117967858175676,0.6421255629343943,0.09901328808088128,0.10632406110735598,0.10554383559098804,0.7173520542261406,0.8068498476461696,0.7250131711820291,0.09885095065726018,0.10925933444971207,0.09714565299212717,-0.4684483161016786,5.78269457868129,3.233752414071971
1790765348.8563879,APPROACH,0.009992220000000001,4.749200024889433e-05,0.7287520539774901,0.8128499995383693,0.6431715414240049,0.09721863987195989,0.10440723403169701,0.10376212202823365,0.718331869653405,0.8079328314794527,0.725976083615956,0.09711291036552845,0.10733828943943381,0.09543759598362833,-0.47107157354318546,5.785697202846775,3.234395317346102
1790765348.8663964,APPROACH,0.010008137,3.115400022579706e-05,0.7297148746940918,0.8138841645663035,0.6441994913098545,0.09542635752325535,0.10251256134727559,0.10194099227206557,0.7192943284229923,0.8089966311080978,0.7269219388154042,0.09537966699512766,0.10542254643615237,0.09373425314380414,-0.4735729128408682,5.78869486133894,3.2350625335172882
1790765348.876397,APPROACH,0.010000213,4.003899994131643e-05,0.7306597988901515,0.8148994814630299,0.6452090676676869,0.09363973796878007,0.10063616577535692,0.10008967359675955,0.7202394799432662,0.8100413011428585,0.7278507853363837,0.09365150867162575,0.103512423903247,0.09203590762771027,-0.4759671464973111,5.791687293872916,3.2357526046815686
1790765348.8863957,APPROACH,0.009998861000000001,3.17139997605409e-05,0.7315868957755933,0.815896116899518,0.6462000107415165,0.09186094207889586,0.09877521180430901,0.09821594522759514,0.7211673765127136,0.811066899388924,0.7287626745751695,0.09192872529367414,0.10160824226387503,0.09034284433289816,-0.47826551174501175,5.794672941681398,3.2364635895722746
1790765348.8963945,APPROACH,0.009998932,2.6064999929076293e-05,0.7324962542012221,0.8168742125278072,0.6471721331402565,0.09009194762134892,0.09692733825282751,0.09632669510204084,0.7220780733376673,0.8120734868655068,0.7296576607857194,0.09021160853300189,0.09971032390096532,0.08865534989940906,-0.48047971354127506,5.797649927521939,3.237193467361472
1790765348.9063945,APPROACH,0.009999652000000001,2.6996000087819993e-05,0.7333879785542416,0.8178338899150059,0.6481253108039455,0.08833377992609343,0.09509097590512822,0.09442764923649193,0.7229716285500497,0.8130611278254556,0.7305358010971098,0.0885004518344178,0.09781899315722065,0.08697371270977627,-0.4826178052804067,5.800615293885485,3.2379398021761765
1790765348.9163933,APPROACH,0.009998801,2.4401999780820915e-05,0.7342621825180347,0.8187752567872542,0.6490594731898272,0.08658746478871225,0.09326474044901317,0.09252397382052377,0.7238481032250913,0.8140298897748384,0.7313971555309503,0.08679555041581531,0.09593457633512308,0.08529822288902988,-0.4846882289248502,5.803566496511013,3.2387003141290855
1790765348.9263966,APPROACH,0.010003339,3.5802000184048666e-05,0.735118986653827,0.8196984096776214,0.6499745968440536,0.0848532429771248,0.09144785799683179,0.0906198734631134,0.7247075613990718,0.8149798434925528,0.7322417870188178,0.08509720126816245,0.09405740169692288,0.0836291723046869,-0.4866958735903101,5.806500215071495,3.239472435502254
1790765348.9364722,APPROACH,0.010076144,4.5899000269855605e-05,0.7359585140357332,0.82060343877645,0.6508706970486431,0.08313157298486172,0.08963973236190524,0.08871897853448399,0.7255500700870412,0.8159110630499125,0.7330697614196721,0.08340570315551274,0.0921877994646506,0.08196685456676195,-0.48864691683652606,5.809412734979326,3.2402535774089287
1790765348.9464154,APPROACH,0.009942835,2.7037000108975917e-05,0.7367808898041437,0.821490429665948,0.6517478223804831,0.08142226229714318,0.08784005696296844,0.08682435154894436,0.7263756993005582,0.8168236258302533,0.7338811475372886,0.08172135661499749,0.09032610182010847,0.08031156502775977,-0.49054385955910496,5.812300909397419,3.2410412841456275
1790765348.9564095,APPROACH,0.009993912,2.9832000109308865e-05,0.7375862375838471,0.8223594656501412,0.6526060495495445,0.07972538355220969,0.0860485626908449,0.08493866744165306,0.7271845220654196,0.817717612548529,0.734676017137681,0.080044463956827,0.08847264290487183,0.0786636007826763,-0.4923902209507817,5.815161838657631,3.241833296203912
1790765348.9664257,APPROACH,0.010016312000000001,2.76069999927131e-05,0.7383746131290483,0.823210832180294,0.6534452207675754,0.07803687130617673,0.08428243086811073,0.08304065404809227,0.7279766144393837,0.8185931072709022,0.7354544449665202,0.07837532926429898,0.08662775882029836,0.07702326066900698,-0.49420109982712557,5.81787994074122,3.2425964014426487
1790765348.9763508,APPROACH,0.009925164,2.9159999940020498e-05,0.7391461445762939,0.8240445441922439,0.6542655458669682,0.07635853163249191,0.0825137972573255,0.08117156195263787,0.7287520555299147,0.8194501974343559,0.7362165087665717,0.0767142583937826,0.08479178762751051,0.07539084526673122,-0.49593237809329827,5.8206141719944755,3.2433700186834593
1790765348.9863412,APPROACH,0.009990126,2.6996999622497242e-05,0.7399009633241169,0.824860559088946,0.6550673238327427,0.07469363162376837,0.08074437467139328,0.0793281747792838,0.7295109275119,0.8202889738662764,0.7369622892951071,0.07506155897473235,0.08296506934741076,0.07376665689832573,-0.4976039696355001,5.823366448060017,3.244156697530549
1790765348.9963508,APPROACH,0.01000983,3.581200007829466e-05,0.7406392028813604,0.8256589090442397,0.65585076598376,0.07304186794936468,0.07898169696915713,0.07750191608970092,0.7302533156453914,0.8211095308040632,0.7376918703413399,0.07341754040968215,0.08114794596067514,0.07215099962875904,-0.4992301342148826,5.826096952662038,3.244945025647764
1790765349.0063584,APPROACH,0.010007410000000001,2.9460999940056354e-05,0.7413609917870998,0.826439677623978,0.656616029204689,0.07140256139306532,0.07722854425375414,0.07569044495434059,0.7309793082933296,0.8219119659147192,0.7384053387438437,0.07178251387424595,0.07934076140775392,0.07054417926549185,-0.5008142180957754,5.82879005093374,3.2457298217569797
1790765349.01654,APPROACH,0.010182324000000001,5.1469000027282164e-05,0.7420664492294256,0.8272029658325666,0.6573632609432911,0.06977498234121858,0.07548570859633574,0.07389396289286046,0.7316889969392749,0.8226963803144487,0.7391027844079782,0.07015679231712046,0.0775438615888746,0.06894650335847989,-0.5023545713289393,5.831441043699567,3.246508782553068
1790765349.026381,APPROACH,0.009840185000000001,3.471999980320106e-05,0.7427557533231006,0.8279486952677333,0.6580928409713325,0.06816234431880062,0.0737380773604627,0.07213342940262556,0.7323824762051417,0.823462878588259,0.7397843003233153,0.06854069046008023,0.07575759436403642,0.06735828120016894,-0.5038388281914388,5.834150949008419,3.2473094684664523
1790765349.0365665,APPROACH,0.010186141000000001,5.261100022835308e-05,0.7434289571167376,0.8286772044475192,0.6588046326248529,0.06656018605831526,0.07202483684123054,0.07035566670055725,0.7330598438689286,0.8242115688095569,0.740449982581066,0.06693452479797928,0.07398230955301227,0.06577982382549653,-0.505321966135101,5.8366785537295005,3.2480670735409816
1790765349.0463517,APPROACH,0.00978493,5.01670001540333e-05,0.7440537385698169,0.8293533337286005,0.6594646310563901,0.0650483752435994,0.07040194661324128,0.06869189859893167,0.7337212008824466,0.8249425625597453,0.7410999303915012,0.06533861359875766,0.07221835893535587,0.06421144401189839,-0.5024627801145181,5.846644507409414,3.251892209711386
1790765349.056465,APPROACH,0.010113305000000001,3.0081999739195453e-05,0.744728002556764,0.8300850845177656,0.6601733164765227,0.0634817379822311,0.06910804502774735,0.06634339180089875,0.7343666513890532,0.8256559749478222,0.7417342461013805,0.06375327690342672,0.07046609625038551,0.0626534562792939,-0.5099084260772773,5.837827926805896,3.248398054973848
1790765349.0663981,APPROACH,0.009932815000000001,2.996199964400148e-05,0.745354625515434,0.8307655039066333,0.6608300410716312,0.06189788427143039,0.06701876055578923,0.06515057714009537,0.7349963027413788,0.8263519246299753,0.7423530352113723,0.062178836526087126,0.06872587719720392,0.061106176890103794,-0.5105384226158401,5.842299345204063,3.249661938655523
1790765349.076418,APPROACH,0.010020014,4.175200001554913e-05,0.745965196928573,0.8314260598958159,0.6614736241682575,0.06030520104046618,0.06517006730485131,0.06366510043899795,0.735610265519062,0.827030533829184,0.7429564063934835,0.06061561605391518,0.06699805943468322,0.059569923849236844,-0.5113037234010753,5.845797151253769,3.250693642819844
1790765349.0864716,APPROACH,0.010053513,5.957300027148449e-05,0.7465599796157036,0.8320689731941231,0.6621013715496114,0.058734163070379514,0.0634790556976515,0.06199884266630684,0.736208653546479,0.8276919283548164,0.7435444715084832,0.059063940847168296,0.06528300258147093,0.058045016904095095,-0.5123158823725898,5.8484986270921695,3.2515273415975035
1790765349.09644,APPROACH,0.009969047,0.00012047800009895582,0.7471391765483109,0.8326951332634938,0.6627124125599622,0.057179749224373855,0.06183157475528102,0.06030889663514978,0.7367915839104708,0.8283362376222215,0.7441173456233239,0.05752413803918776,0.06358106821599303,0.05653177754457667,-0.5133488740702379,5.85099512538176,3.2523120650630895
1790765349.106423,APPROACH,0.009982260000000001,3.4129000141547294e-05,0.7477029294710258,0.8333049695875534,0.6633065216279617,0.05564224982122469,0.0602141823425191,0.058612246488431524,0.7373591769780822,0.8289635946723374,0.7446751470285737,0.055996536536387226,0.06189261987644124,0.055030529003064405,-0.5143876772375233,5.8533382565532515,3.253061054606072
1790765349.116488,APPROACH,0.010065282,3.091300004598452e-05,0.7482513424815993,0.8338988782894017,0.6638835396063705,0.05411747712135372,0.05862663689046065,0.05691153345192784,0.7379115564142836,0.8295741361912787,0.7452179972558343,0.05448146701826909,0.06021802306079114,0.053541596254441985,-0.515413403692125,5.855506871030257,3.253765041129203
1790765349.1264079,APPROACH,0.009919462,3.0402999982470647e-05,0.7487845624356249,0.834476949421024,0.6644437029446895,0.05260486579697524,0.05704314134718948,0.05524262751719282,0.738448849199708,0.8301680025299407,0.7457460210951696,0.05297926193741253,0.058557645226788906,0.05206530601608216,-0.5163683411318765,5.857660092174587,3.254465587023659
1790765349.1364229,APPROACH,0.010015266,3.0422999770962633e-05,0.7493027383682431,0.8350391973694409,0.6649873464630387,0.05110777566509493,0.05546293433416899,0.053604452214356085,0.7389711856483789,0.830745337723595,0.7462593466125303,0.05149025551947619,0.056911855791954305,0.0506019867478494,-0.517264693238815,5.859819387906622,3.2551716889850852
1790765349.1464112,APPROACH,0.0099881,3.7104000057297526e-05,0.7498060255829673,0.835585691485635,0.6655147304604458,0.0496258692949099,0.053892983588135684,0.05198808636451362,0.7394786994254384,0.8313062895114826,0.7467581051671738,0.050014783763204194,0.055281026133587374,0.04915196865210582,-0.5181111927887491,5.861956079885517,3.2558764361922234
1790765349.156424,APPROACH,0.010012892,2.9009999707341194e-05,0.7502946129687178,0.836116425667381,0.6660262031879034,0.048160189579109294,0.05232677375967444,0.05040258126372052,0.7399715275648893,0.8318510093564256,0.7472424314291016,0.04855318444041194,0.05366552958875266,0.04771558367369716,-0.518897178947702,5.8641270586431435,3.256596382590894
1790765349.1664329,APPROACH,0.010009157000000001,2.667600028871675e-05,0.7507686171372887,0.8366316942721177,0.6665217463929309,0.046712007609817,0.05078802392479616,0.0488143304150011,0.7404498104873116,0.8323796524644087,0.7477124633964705,0.04710579709600417,0.052065741454299194,0.046293165499970604,-0.51967834386138,5.866184493642193,3.2572939501504714
1790765349.1764278,APPROACH,0.009994751000000001,4.031899970868835e-05,0.7512282205239611,0.8371316827038005,0.6670014681037406,0.04528171806113735,0.04926574011829921,0.04724074434737178,0.7409136920176015,0.8328923778041852,0.7481683424130238,0.045672963047960695,0.05048203898684479,0.04488504956076074,-0.5204382542752181,5.868185648868904,3.2579823492911593
1790765349.1864226,APPROACH,0.009994921,2.7487999886943726e-05,0.7516736602040401,0.8376164592381796,0.6674655881095894,0.04388012971183266,0.047743952822249754,0.04569167341446009,0.7413633194026977,0.8333893481268715,0.748610213185514,0.04425502538734686,0.04891480140278751,0.04349157302839981,-0.5212059826477543,5.87025115824766,3.2587070740866944
1790765349.1963658,APPROACH,0.009943533000000001,3.383800003575743e-05,0.7520843998596627,0.8380628943650921,0.6678922323357597,0.04271906408547135,0.04630668857955128,0.044227309008047805,0.7417988433293224,0.8338707299855541,0.7490382238011362,0.04285232897830198,0.04736440987829297,0.04211307481770639,-0.5202847782162839,5.876567806434865,3.2612489637283932
1790765349.206417,APPROACH,0.010050828000000001,2.769799993984634e-05,0.7525289029856363,0.8385418876651487,0.6683465114027412,0.04213521542504323,0.0450040886355024,0.04238920270683513,0.7422204179416967,0.834336693754872,0.7494525257449384,0.0414652204580498,0.045831247549305815,0.04074989558599563,-0.5301212554604929,5.869689396234887,3.2588162896455977
1790765349.2164118,APPROACH,0.009994711,2.515400001357193e-05,0.7529538347432565,0.8389820692529284,0.6687660263617001,0.04023299559771239,0.043476548401223565,0.04114459905463615,0.7426282008592835,0.8347874136506267,0.7498532739172585,0.04009404823689295,0.0443156995115437,0.03940237773307386,-0.5293105009623428,5.871939180758417,3.259419527615857
1790765349.2264268,APPROACH,0.010014826000000001,6.25080001555034e-05,0.7533397263865336,0.8394156894912319,0.6691590476082094,0.03760482597103855,0.04327309635571191,0.037671633327519646,0.7430223531945139,0.8352230677493758,0.7502406266511447,0.03873916249821633,0.042818152820500915,0.038070865401241834,-0.52412303295018,5.869895841931077,3.2593908441672657
1790765349.2364457,APPROACH,0.010018963,3.2685999940440524e-05,0.7537075271536864,0.8398464120004423,0.6695192115339488,0.036121131960054204,0.042982498890580347,0.0343748929118491,0.7434030395705151,0.8356438380080269,0.7506147457297772,0.03740091519848427,0.04133899649144532,0.03675570447529202,-0.5257199379890144,5.864612249488595,3.258436292546878
1790765349.2464495,APPROACH,0.010004057,0.00011187299969606102,0.7540607089612363,0.8402740692269539,0.6698458211903766,0.034650582570335334,0.042681315907512,0.030963768490796822,0.7437704281388461,0.8360499102834413,0.7509757964038987,0.03607966006724225,0.039878621499420217,0.035457242582510234,-0.527350647930201,5.859004191797138,3.2575665230248827
1790765349.2564275,APPROACH,0.009978053,3.0060999961278867e-05,0.754399059505813,0.840698861079078,0.670137882836304,0.03315076898448025,0.0423699887554786,0.02750507132265744,0.7441246905972314,0.8364414743520349,0.7513239474092417,0.03477575260711357,0.038437420779240686,0.0341758290926724,-0.5287437103009512,5.853028545146683,3.256719252516694
1790765349.2663512,APPROACH,0.009923558,2.718699988690787e-05,0.7547065788730105,0.841099256475184,0.6703833123672629,0.031725168067940665,0.042040413513138385,0.024193409659328265,0.7444660022072811,0.8368187239293635,0.7516593709839429,0.03348955009380374,0.03701578922549845,0.03291181511804887,-0.5279298974873746,5.850776946126408,3.2574723446696696
1790765349.2764418,APPROACH,0.010090616,4.00890003220411e-05,0.7550311307895194,0.8415386022953708,0.6706174589737266,0.030213593753101065,0.041731845254099946,0.020481683710616462,0.7447945418122303,0.8371818566897309,0.7519822428859767,0.032221411576098855,0.03561412369256,0.03166555351340277,-0.5316139018592033,5.839811355315653,3.255061142515998
1790765349.2863538,APPROACH,0.009912069,3.118399990853504e-05,0.7553106024283034,0.8419322556520727,0.6707964904964241,0.028767631528771265,0.04127444786181732,0.017217283362896005,0.7451104918546655,0.8375310742857814,0.7522927424105759,0.030971697875866098,0.03423282299456727,0.030437398875990573,-0.5303092167789657,5.83763950295448,3.2561024107306076
1790765349.296412,APPROACH,0.010058101,2.517300026738667e-05,0.7556041320131639,0.8423632956377087,0.6709570442380803,0.02725823524822514,0.040923673345692496,0.013431790015763827,0.7454140383942588,0.837866582368101,0.7525910524076597,0.029740771588052172,0.032872287905435824,0.029227707545560495,-0.5333293306534361,5.827022189297429,3.2542068904744177
1790765349.3064148,APPROACH,0.010003035,2.5764999918465037e-05,0.7558684073374478,0.8427691294056077,0.6710740575016114,0.02575819926596586,0.04043702410270664,0.009907068685804349,0.745705371125496,0.8381885906048123,0.7528773592992559,0.028528997080683773,0.03153292115885537,0.028036837604352997,-0.5334733842693397,5.8212924004917195,3.254275066794822
1790765349.3164093,APPROACH,0.009994251000000001,2.5624000045354478e-05,0.7561178162385485,0.843170468101162,0.6711552166750261,0.024273142018514108,0.039995149274867525,0.006303807165836728,0.7459846833954135,0.8384973127011798,0.7531518530969324,0.027336740494867624,0.03021512744828987,0.026865148877100814,-0.5335023585569955,5.815302213429879,3.254454902021887
1790765349.3263533,APPROACH,0.009944194,2.7648000013869023e-05,0.7563411354314837,0.8435474923578248,0.6711991640350634,0.02289890713448331,0.039549704792906176,0.0029200996644177385,0.7462521722213176,0.8387929664191937,0.7534147274192103,0.026164369744792672,0.028919313426979884,0.02571300293103108,-0.5319721530404701,5.81230271279259,3.2558673000625884
1790765349.3364403,APPROACH,0.01008703,2.9029999950580532e-05,0.7565731275631071,0.8439593274457922,0.6712107553748359,0.021346756861068343,0.03866439208126322,-0.00016233539223332177,0.7465080383085226,0.8390757735971762,0.7536661795089962,0.025012254517728424,0.0276458877079408,0.024580763075863755,-0.5321026920635196,5.805577921199741,3.2557815997171557
1790765349.3464415,APPROACH,0.010001142000000001,2.6104999960807618e-05,0.7567787364223975,0.8443344879973669,0.6712091848857726,0.019916659183879318,0.03660307923581102,-0.00015971054621781444,0.7467524860680844,0.8393459601693828,0.7539064102510092,0.023880766274022237,0.026395260863959793,0.023468794363808887,-0.528660238133131,5.805826528781988,3.256654583718727
1790765349.35644,APPROACH,0.009998408,2.6216000151180197e-05,0.7569711394479395,0.8446925874116049,0.6712075845223877,0.018633893141537735,0.03516929867105656,-0.00015979051308030734,0.7469857236345298,0.8396037561855976,0.7541356241892058,0.02277027824710311,0.025167845427600036,0.022377463589570407,-0.5273515825312932,5.800074991577496,3.2551088283582676
1790765349.3664148,APPROACH,0.009974496000000001,2.752699992925045e-05,0.7571504569360199,0.8450381280493655,0.6712060107548057,0.017322485658803642,0.03404901948153454,-0.00015519218291100423,0.7472079628835754,0.8398493958307186,0.754354029544192,0.021681165443481185,0.023964055891200146,0.021307139290345598,-0.5263817094520871,5.791209750009971,3.2522317127738583
1790765349.3764105,APPROACH,0.009995783000000001,2.7957999918726273e-05,0.757316689361855,0.8453733293624559,0.6712045003362102,0.016039198911237805,0.03308418764141506,-0.00014825008170178677,0.7474194194498771,0.8400831174443757,0.7545618382306666,0.020613804642748795,0.022784308706875346,0.020258191745826135,-0.5257303139597579,5.78038904079808,3.248500995405979
1790765349.3864598,APPROACH,0.010049535,2.8780000320693944e-05,0.7574707287119438,0.8456996039357163,0.67120301899726,0.014944132417329533,0.03227554096090442,-0.00015497394060166175,0.7476203127447497,0.8403051635405159,0.7547592658748357,0.019568574397574486,0.02162902228651084,0.01923099297819221,-0.5265137708385323,5.767055643470255,3.2437568733257267
1790765349.3964257,APPROACH,0.009966132,3.120400015177438e-05,0.757615248881887,0.8460178482373708,0.6712006637564167,0.012670695569396326,0.031201254165263436,-0.0001988149391714336,0.7478108659739034,0.8405157808270077,0.7549465318318428,0.018545855033708997,0.02049861700176845,0.018225916752118418,-0.5191546877411842,5.758783350055115,3.24063136236317
1790765349.4064338,APPROACH,0.010007954000000001,3.8095999570941785e-05,0.7577433072829054,0.8463234010764049,0.6711985344272167,0.015905509015743797,0.031116055499728512,-0.0003228107266454103,0.7479913061551622,0.8407152202252253,0.7551238592031816,0.01754602864998366,0.019393515184084824,0.017243338574772164,-0.5484161837265333,5.727625042404528,3.2300189834295012
1790765349.4164417,APPROACH,0.010007654000000001,3.6482999803411076e-05,0.7578496571102988,0.8466134555139702,0.6711968565739772,-0.00041396079850718887,0.02420501301274448,-7.082134940154805e-05,0.7481618641362111,0.840903736889664,0.7552914748541375,0.016569479118310908,0.018314141124672004,0.01628363569581419,-0.4336864665685937,5.813822108000102,3.259836177784887
1790765349.426439,APPROACH,0.009997566000000001,5.6476999816368334e-05,0.7579771624696328,0.8469062063445847,0.6711936402361021,0.01327573306328241,0.02875995532972779,-0.0002763038149147107,0.7483227746123202,0.8410815902275304,0.7554496094312048,0.015616592083683198,0.017260921074516253,0.015347187107397483,-0.5438655972523064,5.707865682996444,3.2226399696188395
1790765349.436424,APPROACH,0.009984714,3.891699998348486e-05,0.7580961539379238,0.8471842291833598,0.6711900963889805,0.014859682754995612,0.02887224241210485,-0.0002199861513589238,0.7484742761440729,0.8412490439183381,0.7555984973795105,0.014687754964171384,0.016234283244376226,0.014434373544165713,-0.5648955227496298,5.676679529944799,3.2113209786164583
1790765349.4464238,APPROACH,0.009999790000000001,3.952799988837796e-05,0.7581900519165616,0.8474452422956968,0.6711875515501147,-0.0029815484211206545,0.02038084454469334,-8.518871230281388e-05,0.7486166111750946,0.8414063659335024,0.7557383769602359,0.013783356950932349,0.015234657804791428,0.0135455774832607,-0.4368597078087222,5.782135223947307,3.24830240758796
1790765349.4564471,APPROACH,0.01002343,3.097399985563243e-05,0.7582921841614843,0.8477087752264927,0.6711728268935806,0.014465706513193658,0.028130222422461482,-0.0027415332357509786,0.7487500260497945,0.8415538285559505,0.7558694902680536,0.012903789008196434,0.014262476886068314,0.012681183144310085,-0.5779760152091001,5.642537944756225,3.2002249317559737
1790765349.466418,APPROACH,0.009970940000000001,2.964100031022099e-05,0.7583843991542549,0.8479594643108248,0.6711487205764195,-0.0029220666627074927,0.01973266125977651,-0.002518609572732415,0.7488747710310883,0.8416917083997101,0.755992083248543,0.012049443873279487,0.0133181745782936,0.011841576489439154,-0.45438555813538317,5.744528502083762,3.2360250657920564
1790765349.476376,APPROACH,0.00995885,6.42899999547808e-05,0.758470164965126,0.8481960622480571,0.6711153774571033,-0.0031502966990583727,0.01950341975614215,-0.0041331182048817035,0.7489911003181262,0.8418202864295039,0.7561064057156134,0.011220716056573541,0.012402186931323972,0.011027145223261684,-0.4608951694096424,5.728423993982643,3.231149444547374
1790765349.4864314,APPROACH,0.010054474,3.891699998348486e-05,0.7585901726273168,0.8484653206672839,0.6710538992763597,0.014899830642072717,0.027589311933003107,-0.007627891905488682,0.7490992720640298,0.841939847980355,0.7562127113689352,0.010418001841555577,0.011514951954795757,0.010238278792888555,-0.6109772050077512,5.581518266115794,3.1811921922229462
1790765349.496346,APPROACH,0.009914844,0.0001973399998860259,0.7586759672004426,0.8486939684332295,0.6709818888112595,-0.0030148128414807193,0.01877293995291472,-0.00759738716589629,0.7491995483936201,0.8420506827771805,0.7563112578113613,0.009641699284780411,0.010656909618117077,0.009475368387920766,-0.4834867575884752,5.690531851519882,3.2200172195993164
1790765349.5064325,APPROACH,0.010086429000000001,2.9940999866084894e-05,0.7587656527355957,0.8489472359373975,0.6708798066990953,0.015198027750022484,0.026775048070495702,-0.011259791449140386,0.7492921954211531,0.8421530849543947,0.7564023065663568,0.00889220821588453,0.009828501850472075,0.008738806940453188,-0.6321613137603319,5.54697807778851,3.1716715940696547
1790765349.5164487,APPROACH,0.010015897000000001,3.527099988787086e-05,0.7588163843312348,0.8491695387714877,0.6707562891471399,-0.002856340108420364,0.019266309183636483,-0.013377221195475887,0.7493774832680437,0.8422473530754999,0.756486123095418,0.00816993023758061,0.009030172540814861,0.00802898912506919,-0.5038487266178554,5.651366745253921,3.210073057185003
1790765349.5264478,APPROACH,0.009998949,3.134400003546034e-05,0.7588570592039137,0.8493897353302691,0.6706098715914495,0.01696171454517605,0.02742377739339679,-0.01721902905138662,0.7494556860805959,0.8423337901526825,0.7565629768154953,0.0074752687256684665,0.008262367537881617,0.007346311358851399,-0.6580778183164564,5.5093393721997055,3.163013916088257
1790765349.5364404,APPROACH,0.009992958000000001,3.0763000268052565e-05,0.7588558608442488,0.8495901529453151,0.6704315110314623,-0.003455767681142787,0.018288834701817993,-0.018275134018161856,0.7495270820477432,0.8424127036664227,0.7566331411164294,0.006808628829024651,0.0075255346501790985,0.00669117180137147,-0.5059224075123603,5.637970677785705,3.2098698888867174
1790765349.5464494,APPROACH,0.010009126,0.00010832600037247175,0.7588502628666429,0.8497946869036026,0.6702235504000944,-0.002719420293315535,0.019784302840882572,-0.023357048306000428,0.7495919534187697,0.8424844055850798,0.7566968933783649,0.006170417469605196,0.006820123645987667,0.0060639703546927935,-0.5155791203370584,5.618884082370113,3.206907486798781
1790765349.556435,APPROACH,0.009985485,2.797799970721826e-05,0.7588384057499447,0.8499944150923833,0.6699793078769618,-0.003302855359841489,0.01858585999156979,-0.025368560515775643,0.7496505865210463,0.8425492123844971,0.7567545149891813,0.0055610433424488955,0.006146586253364912,0.005465108663373707,-0.5105992912965945,5.622156268506773,3.2108520229059163
1790765349.5664136,APPROACH,0.009978864,3.134400003546034e-05,0.7588381503388026,0.8501871192849766,0.6697196130216527,-0.0028877493247619723,0.019395436361752377,-0.02940462763361236,0.7497032717777568,0.8426074450675944,0.7568062913619138,0.004980916915674016,0.005505376160142023,0.004894990114464274,-0.5176196903246506,5.609345010302958,3.2100519404422734
1790765349.5764358,APPROACH,0.010021838,4.266399992047809e-05,0.7588344844493244,0.8503951000986767,0.6694047818026112,-0.0028454744001790632,0.01912077249010481,-0.03196206861214867,0.7497503037256343,0.8426594291839719,0.7568525119521832,0.0044304504304783,0.00489694901392379,0.004354019837506282,-0.520614871331681,5.6026945653114915,3.211078466332836
1790765349.5864491,APPROACH,0.010013523,3.136400027869968e-05,0.7588310252640031,0.8505905267104747,0.6690796218881241,-0.0025710341661903478,0.01883790836894362,-0.03414218166460094,0.7497919810326888,0.8427054948495031,0.756893470275617,0.003910057901140616,0.004321762422090424,0.003842604704534861,-0.5250950506416506,5.59603814234345,3.2120227568845228
1790765349.5964575,APPROACH,0.010008285,9.985099995901692e-05,0.7588171571846587,0.8507797352291426,0.6687299719112696,-0.003441786788914668,0.01735023994328492,-0.03534473236947727,0.7498286065159374,0.8427459767659341,0.7569294639252752,0.003420155115023127,0.0037802759517999622,0.0033611533300806243,-0.5184481055677121,5.6030347365680395,3.217601523695582
1790765349.6063523,APPROACH,0.009894799000000001,2.834899987647077e-05,0.7588141379059641,0.8509629927239715,0.6683764093560312,-0.0028920293439783345,0.01855040738340641,-0.038757429467184946,0.7498604871591386,0.8427812142404838,0.7569607945890775,0.0029611596325625593,0.0032729511299786065,0.002910076071161077,-0.5281901852915352,5.58626055977736,3.215526855626282
1790765349.6164463,APPROACH,0.010094052000000001,4.511799988904386e-05,0.7588035067711303,0.8511558869835643,0.6679727548726495,0.014070838094436312,0.02464336197386452,-0.038950911859608514,0.7498879341305155,0.842811551205433,0.7569877680672215,0.002533490787280582,0.0028002514433322057,0.002489785027290825,-0.6574621713911474,5.469380021149625,3.1769791571138803
1790765349.626432,APPROACH,0.009985285,3.5030000162805663e-05,0.7587852445121257,0.8513513661649226,0.6675448848922114,-0.0018739002718014517,0.021996064213327362,-0.04690337246642021,0.7499112628005009,0.8428373362377394,0.757010694289621,0.002137569685777795,0.0023626423383396045,0.0021006940404756603,-0.5481981609379293,5.547137789558963,3.2106670300525284
1790765349.6363487,APPROACH,0.009917659,3.9368000216200016e-05,0.7587432658246218,0.8515703360357891,0.6670506548570669,-0.004744263367265684,0.02399192100898472,-0.055283357204384556,0.7499307927594461,0.8428589225786092,0.7570298873333098,0.0017738192077364633,0.001960591221255668,0.0017432186952152525,-0.5333029781487076,5.546218417651232,3.2175875601407005
1790765349.646443,APPROACH,0.010093681,5.041700023866724e-05,0.7586970749388122,0.8518142163623619,0.666462241757956,-0.0035900518332604874,0.023199602409146165,-0.05731487047127868,0.7499468478353778,0.8428766681531248,0.7570456654398919,0.0014426640059166872,0.0015945674581070495,0.0014177763184993841,-0.5400453687889064,5.543304195209994,3.221816219284143
1790765349.6564229,APPROACH,0.009979796,3.619299968704581e-05,0.7586667828738118,0.8520427862621647,0.6658810629458651,-0.0024303561369724974,0.022732426404837924,-0.059005822441095354,0.7499597561117078,0.8428909355898195,0.7570583510329465,0.0011445305061607803,0.0012650423746970259,0.0011247859798122508,-0.5488817875401225,5.537435007387875,3.2246929397140294
1790765349.6665099,APPROACH,0.0100871,3.438900012042723e-05,0.7586461080032247,0.8522675771470496,0.6652847125456551,-0.001661959394723229,0.022368156903929515,-0.06035238636090115,0.7499698499449732,0.8429020922402846,0.7570682707354606,0.0008798469073910792,0.0009724892566030807,0.0008646684911303115,-0.556402483399601,5.531164947570266,3.2272387651833117
1790765349.676458,APPROACH,0.009947830000000001,5.867099980605417e-05,0.7586312058306532,0.8524884141421003,0.6646767897166237,-0.001285056421414082,0.021915009456094085,-0.061290232315291474,0.7499774659825681,0.8429105101987687,0.7570757553872565,0.000649043181609398,0.0007173833491762995,0.0006378464069217515,-0.5617066086945464,5.5263534533415335,3.230113873876411
1790765349.6863973,APPROACH,0.009939597000000001,3.990899995187647e-05,0.7586195764906982,0.8526944213082883,0.6640916759537641,-0.0011832451347459718,0.0215111159315231,-0.06188877009725082,0.7499829451804693,0.8429165663217704,0.7570811400624108,0.0004525510739024963,0.000500201857547413,0.0004447440241518556,-0.5653584742106791,5.522068286157465,3.232774421324762
1790765349.6964025,APPROACH,0.01000552,6.098499989093398e-05,0.7586076558668591,0.8529072164041667,0.6634709564619206,-0.0011977092340692617,0.021138342078558737,-0.06230887983729469,0.7499866328209698,0.8429206422476375,0.7570847640866821,0.0002908041024316897,0.0003214239466153148,0.0002857873822727983,-0.568378505295645,5.51771344713897,3.2355145941534458
1790765349.7063963,APPROACH,0.009993538000000001,3.5942000067734625e-05,0.7585942500797902,0.853115911135137,0.6628480610803225,-0.001422987937260707,0.020721314664589947,-0.06238219489220119,0.7499888785304133,0.8429231244161703,0.7570869710549396,0.00016423755843995833,0.00018153074105491766,0.0001614042632306296,-0.56964280372546,5.514291974792321,3.238370235858821
1790765349.7164133,APPROACH,0.010017330000000001,4.775300021719886e-05,0.7585780645624975,0.8533205053896724,0.6622258527518001,-0.001742805285723032,0.020318063101583614,-0.06218965562372364,0.7499900362969146,0.8429244040882073,0.7570881088485778,7.328850625577452e-05,8.100532532138447e-05,7.202419146903678e-05,-0.5698500599929951,5.511208595731089,3.2411621957965706
1790765349.7263756,APPROACH,0.009962626,4.1771999804041116e-05,0.7585583981260449,0.8535210273671598,0.6616069906691946,-0.0021081225648073424,0.019917352149608946,-0.06173920760932915,0.7499904644881021,0.8429248773652356,0.7570885296529528,1.8395783281073038e-05,2.0332743636831798e-05,1.80784339175219e-05,-0.5691744984069828,5.508490351358041,3.2439001187006786
1790765349.7363982,APPROACH,0.010021939,4.122100017411867e-05,0.758534995114438,0.8537175333267992,0.6609939422790339,-0.0024818430591250756,0.019521636805710226,-0.06104868593551232,0.7499905258688487,0.842924945208989,0.7570885899748078,0.0,0.0,0.0,-0.5677882894561506,5.506074100142914,3.2465634009654623
